Time_s,Raw_EMG,Envelope_EMG
0.0004,6.0,110.0
0.0006,-82.0,110.0
0.0008,-34.0,110.0
0.0009,73.0,112.0
0.001,73.0,112.0
0.0012,-56.0,112.0
0.0014,-110.0,112.0
0.0015,28.0,112.0
0.0016,137.0,114.0
0.0018,16.0,114.0
0.0019,-141.0,116.0
0.0021,-60.0,116.0
0.0023,118.0,118.0
0.0024,70.0,118.0
0.0026,-94.0,118.0
0.0027,-37.0,118.0
0.0029,101.0,118.0
0.003,-2.0,118.0
0.0032,-124.0,120.0
0.0033,10.0,120.0
0.0034,119.0,120.0
0.0036,9.0,120.0
0.0038,-75.0,120.0
0.004,-18.0,120.0
0.0042,26.0,120.0
0.0044,-4.0,120.0
0.0046,-11.0,118.0
0.0048,46.0,118.0
0.005,33.0,118.0
0.0052,-65.0,120.0
0.0054,-52.0,120.0
0.0055,46.0,120.0
0.0056,40.0,120.0
0.0058,-20.0,120.0
0.0059,-21.0,118.0
0.006,-8.0,116.0
0.0062,38.0,118.0
0.0063,80.0,116.0
0.0064,-57.0,116.0
0.0066,-180.0,118.0
0.0067,11.0,116.0
0.0069,215.0,120.0
0.007,78.0,118.0
0.0072,-147.0,120.0
0.0073,-121.0,122.0
0.0074,48.0,120.0
0.0076,84.0,122.0
0.0077,4.0,120.0
0.0078,-19.0,120.0
0.008,-18.0,120.0
0.0081,-39.0,120.0
0.0082,29.0,120.0
0.0084,99.0,120.0
0.0085,-33.0,120.0
0.0087,-132.0,120.0
0.0088,18.0,120.0
0.0089,81.0,120.0
0.0091,-13.0,120.0
0.0092,50.0,118.0
0.0093,52.0,120.0
0.0095,-177.0,120.0
0.0096,-98.0,122.0
0.0098,219.0,122.0
0.0099,88.0,124.0
0.0101,-177.0,126.0
0.0103,-7.0,126.0
0.0105,103.0,128.0
0.0107,-97.0,128.0
0.0109,-49.0,128.0
0.011,169.0,130.0
0.0112,31.0,130.0
0.0115,-178.0,132.0
0.0116,-34.0,130.0
0.0117,126.0,130.0
0.0119,34.0,130.0
0.012,-51.0,128.0
0.0122,-9.0,128.0
0.0123,17.0,126.0
0.0124,-36.0,126.0
0.0126,-43.0,126.0
0.0127,70.0,126.0
0.0128,82.0,126.0
0.013,-74.0,124.0
0.0131,-91.0,124.0
0.0132,63.0,124.0
0.0134,76.0,126.0
0.0135,-50.0,124.0
0.0136,-57.0,124.0
0.0138,20.0,124.0
0.0139,33.0,124.0
0.014,27.0,124.0
0.0141,-3.0,122.0
0.0143,-58.0,124.0
0.0144,-12.0,122.0
0.0145,49.0,122.0
0.0147,2.0,122.0
0.0148,-23.0,122.0
0.0149,14.0,122.0
0.015,7.0,122.0
0.0152,-19.0,122.0
0.0153,9.0,122.0
0.0154,19.0,122.0
0.0155,-26.0,120.0
0.0157,-22.0,122.0
0.0158,25.0,120.0
0.0159,22.0,120.0
0.0162,-6.0,118.0
0.0164,-19.0,118.0
0.0165,-13.0,116.0
0.0166,30.0,116.0
0.0168,25.0,114.0
0.0171,-53.0,114.0
0.0172,-24.0,114.0
0.0174,73.0,112.0
0.0176,0.0,112.0
0.0178,-87.0,112.0
0.018,42.0,112.0
0.0182,115.0,114.0
0.0184,-76.0,114.0
0.0187,-162.0,116.0
0.0188,81.0,116.0
0.019,216.0,118.0
0.0192,-58.0,118.0
0.0194,-248.0,122.0
0.0195,24.0,122.0
0.0197,229.0,124.0
0.0198,-9.0,124.0
0.0199,-162.0,124.0
0.0201,23.0,126.0
0.0203,91.0,126.0
0.0204,-39.0,126.0
0.0205,-46.0,124.0
0.0207,30.0,124.0
0.0208,20.0,124.0
0.0209,-10.0,122.0
0.021,4.0,122.0
0.0211,9.0,120.0
0.0213,-30.0,120.0
0.0214,-26.0,118.0
0.0216,63.0,118.0
0.0217,48.0,118.0
0.0218,-113.0,118.0
0.022,-80.0,118.0
0.0222,154.0,120.0
0.0224,123.0,120.0
0.0226,-132.0,122.0
0.0228,-143.0,122.0
0.0229,47.0,122.0
0.0231,108.0,122.0
0.0232,37.0,122.0
0.0234,-30.0,122.0
0.0235,-61.0,122.0
0.0237,-43.0,124.0
0.0238,15.0,124.0
0.0239,67.0,124.0
0.024,56.0,124.0
0.0242,-32.0,124.0
0.0243,-102.0,124.0
0.0245,-17.0,124.0
0.0246,107.0,126.0
0.0247,28.0,126.0
0.0249,-78.0,126.0
0.025,13.0,126.0
0.0252,37.0,126.0
0.0253,-85.0,128.0
0.0255,-18.0,126.0
0.0256,140.0,128.0
0.0258,42.0,126.0
0.0259,-130.0,128.0
0.0261,-72.0,124.0
0.0262,63.0,124.0
0.0263,56.0,124.0
0.0264,-1.0,122.0
0.0266,11.0,120.0
0.0267,-6.0,120.0
0.0268,-79.0,120.0
0.027,-15.0,120.0
0.0271,100.0,122.0
0.0273,12.0,122.0
0.0274,-90.0,122.0
0.0275,20.0,122.0
0.0276,80.0,122.0
0.0278,-38.0,120.0
0.0279,-73.0,122.0
0.0281,20.0,120.0
0.0283,56.0,122.0
0.0284,10.0,120.0
0.0286,-35.0,120.0
0.0288,-28.0,118.0
0.0289,30.0,116.0
0.0291,43.0,114.0
0.0292,-39.0,114.0
0.0294,-60.0,112.0
0.0295,36.0,112.0
0.0296,64.0,112.0
0.0298,-17.0,110.0
0.03,-55.0,110.0
0.0301,-2.0,108.0
0.0302,58.0,108.0
0.0303,15.0,106.0
0.0305,-79.0,106.0
0.0306,-28.0,104.0
0.0307,81.0,106.0
0.0309,28.0,106.0
0.031,-41.0,106.0
0.0311,1.0,106.0
0.0312,-7.0,104.0
0.0314,-31.0,104.0
0.0315,15.0,104.0
0.0316,-6.0,102.0
0.0318,4.0,102.0
0.0319,104.0,102.0
0.032,-12.0,100.0
0.0322,-140.0,102.0
0.0323,27.0,102.0
0.0325,49.0,102.0
0.0326,-91.0,102.0
0.0327,70.0,104.0
0.0329,156.0,106.0
0.033,-111.0,106.0
0.0332,-136.0,108.0
0.0333,91.0,110.0
0.0334,46.0,110.0
0.0336,-62.0,110.0
0.0337,30.0,110.0
0.0338,31.0,110.0
0.0339,-66.0,112.0
0.0341,-9.0,112.0
0.0342,81.0,112.0
0.0344,14.0,112.0
0.0346,-74.0,114.0
0.0347,-38.0,114.0
0.0349,25.0,114.0
0.035,48.0,114.0
0.0351,52.0,114.0
0.0353,-19.0,114.0
0.0355,-101.0,116.0
0.0356,-42.0,116.0
0.0358,80.0,116.0
0.0359,84.0,118.0
0.0361,-23.0,118.0
0.0362,-60.0,118.0
0.0363,0.0,118.0
0.0365,-14.0,116.0
0.0366,-21.0,116.0
0.0367,81.0,116.0
0.0369,53.0,114.0
0.037,-109.0,114.0
0.0372,-58.0,114.0
0.0373,107.0,112.0
0.0374,33.0,112.0
0.0376,-89.0,110.0
0.0377,0.0,108.0
0.0378,70.0,106.0
0.0379,-4.0,106.0
0.0381,-56.0,104.0
0.0382,-40.0,104.0
0.0383,29.0,104.0
0.0385,93.0,104.0
0.0386,16.0,104.0
0.0387,-93.0,106.0
0.0389,-53.0,106.0
0.039,28.0,106.0
0.0391,49.0,106.0
0.0393,45.0,108.0
0.0394,-10.0,106.0
0.0395,-77.0,108.0
0.0397,-20.0,106.0
0.0398,76.0,108.0
0.0399,10.0,106.0
0.0401,-76.0,106.0
0.0402,33.0,104.0
0.0404,90.0,104.0
0.0405,-65.0,102.0
0.0407,-97.0,102.0
0.0408,53.0,102.0
0.0409,76.0,102.0
0.0411,-28.0,102.0
0.0412,-51.0,102.0
0.0414,46.0,102.0
0.0415,76.0,102.0
0.0417,-85.0,102.0
0.0418,-147.0,104.0
0.0419,64.0,104.0
0.0421,176.0,106.0
0.0422,29.0,106.0
0.0423,-98.0,106.0
0.0425,-107.0,106.0
0.0427,-34.0,106.0
0.0428,102.0,106.0
0.0429,125.0,108.0
0.0431,-31.0,108.0
0.0432,-138.0,110.0
0.0434,-47.0,110.0
0.0435,99.0,110.0
0.0436,88.0,110.0
0.0438,-39.0,108.0
0.0439,-75.0,108.0
0.044,-12.0,108.0
0.0442,24.0,108.0
0.0443,26.0,108.0
0.0444,19.0,108.0
0.0445,-6.0,108.0
0.0447,-14.0,106.0
0.0448,-1.0,106.0
0.0449,-19.0,106.0
0.0451,-33.0,106.0
0.0452,14.0,104.0
0.0453,91.0,106.0
0.0455,45.0,106.0
0.0456,-123.0,106.0
0.0457,-82.0,106.0
0.0459,121.0,108.0
0.046,30.0,108.0
0.0462,-106.0,110.0
0.0463,73.0,110.0
0.0465,83.0,110.0
0.0467,-152.0,112.0
0.0469,-49.0,112.0
0.0471,160.0,114.0
0.0473,6.0,114.0
0.0475,-105.0,114.0
0.0476,39.0,114.0
0.0477,36.0,114.0
0.0479,-79.0,116.0
0.048,-9.0,116.0
0.0482,95.0,116.0
0.0483,47.0,116.0
0.0484,-72.0,116.0
0.0486,-121.0,118.0
0.0488,19.0,116.0
0.0489,168.0,118.0
0.049,17.0,118.0
0.0492,-152.0,120.0
0.0493,-1.0,120.0
0.0495,106.0,122.0
0.0496,-60.0,122.0
0.0497,-89.0,124.0
0.0499,102.0,126.0
0.05,102.0,126.0
0.0502,-57.0,126.0
0.0503,-80.0,126.0
0.0504,-54.0,126.0
0.0505,-7.0,124.0
0.0507,122.0,126.0
0.0508,91.0,126.0
0.0509,-87.0,124.0
0.0511,-88.0,124.0
0.0512,11.0,122.0
0.0513,9.0,122.0
0.0514,20.0,120.0
0.0516,60.0,120.0
0.0517,-10.0,120.0
0.0519,-71.0,120.0
0.052,7.0,120.0
0.0521,52.0,120.0
0.0522,-18.0,120.0
0.0524,-40.0,120.0
0.0526,10.0,120.0
0.0527,30.0,118.0
0.0529,21.0,118.0
0.053,-1.0,118.0
0.0531,-39.0,118.0
0.0533,-29.0,118.0
0.0535,21.0,116.0
0.0536,27.0,116.0
0.0537,7.0,116.0
0.0539,2.0,114.0
0.0541,-11.0,114.0
0.0542,-12.0,114.0
0.0543,9.0,114.0
0.0545,-27.0,114.0
0.0546,-39.0,114.0
0.0548,84.0,114.0
0.0549,90.0,114.0
0.055,-117.0,114.0
0.0552,-114.0,116.0
0.0553,114.0,116.0
0.0554,91.0,116.0
0.0556,-70.0,116.0
0.0557,-37.0,116.0
0.0559,-16.0,116.0
0.056,-39.0,116.0
0.0561,104.0,118.0
0.0563,125.0,118.0
0.0564,-122.0,120.0
0.0566,-169.0,122.0
0.0567,66.0,122.0
0.0569,122.0,122.0
0.057,-21.0,122.0
0.0571,-11.0,122.0
0.0573,49.0,122.0
0.0574,-69.0,122.0
0.0576,-108.0,124.0
0.0577,48.0,124.0
0.0578,102.0,124.0
0.0579,43.0,124.0
0.0581,9.0,124.0
0.0582,-85.0,124.0
0.0584,-148.0,126.0
0.0585,-2.0,124.0
0.0587,182.0,126.0
0.0589,143.0,126.0
0.059,-85.0,128.0
0.0592,-185.0,130.0
0.0593,-21.0,130.0
0.0595,86.0,130.0
0.0596,12.0,130.0
0.0598,47.0,128.0
0.0599,112.0,130.0
0.0601,-90.0,128.0
0.0602,-244.0,130.0
0.0625,19.0,128.0
0.0675,276.0,132.0
0.0724,86.0,132.0
0.0776,-191.0,134.0
0.0829,-133.0,136.0
0.0875,66.0,134.0
0.0925,101.0,134.0
0.0974,5.0,134.0
0.1025,-48.0,132.0
0.1075,-4.0,132.0
0.1126,34.0,130.0
0.1177,-17.0,130.0
0.1225,-67.0,130.0
0.1274,9.0,128.0
0.1325,98.0,130.0
0.1379,15.0,130.0
0.1427,-89.0,132.0
0.1476,-24.0,132.0
0.1525,52.0,132.0
0.1574,9.0,132.0
0.1625,-29.0,132.0
0.1676,-2.0,132.0
0.1727,43.0,132.0
0.1777,32.0,132.0
0.1824,-64.0,132.0
0.1874,-67.0,132.0
0.1924,73.0,132.0
0.1977,55.0,132.0
0.2028,-98.0,130.0
0.2075,-21.0,130.0
0.2125,136.0,132.0
0.2175,24.0,130.0
0.2226,-132.0,132.0
0.2276,-59.0,130.0
0.2325,55.0,130.0
0.2376,92.0,128.0
0.2425,63.0,130.0
0.2477,-106.0,130.0
0.2527,-172.0,132.0
0.2575,83.0,132.0
0.2626,212.0,134.0
0.2675,-25.0,134.0
0.2727,-170.0,136.0
0.2776,-27.0,136.0
0.2828,94.0,136.0
0.2875,51.0,134.0
0.293,-42.0,136.0
0.2975,-64.0,134.0
0.3025,30.0,134.0
0.3076,95.0,132.0
0.3125,-32.0,134.0
0.3177,-149.0,134.0
0.3226,9.0,134.0
0.3276,205.0,136.0
0.3325,52.0,134.0
0.3376,-220.0,136.0
0.3426,-113.0,138.0
0.3476,172.0,138.0
0.3525,118.0,140.0
0.3576,-98.0,140.0
0.3627,-61.0,140.0
0.3675,54.0,140.0
0.3725,-14.0,138.0
0.3776,-37.0,138.0
0.383,79.0,138.0
0.3875,15.0,138.0
0.3926,-123.0,140.0
0.3975,-5.0,140.0
0.4026,124.0,142.0
0.4076,38.0,140.0
0.4125,-64.0,142.0
0.4177,-78.0,142.0
0.4225,-21.0,142.0
0.4275,54.0,142.0
0.4325,54.0,142.0
0.4375,16.0,142.0
0.4424,-4.0,142.0
0.4475,-43.0,144.0
0.4527,-63.0,144.0
0.4575,-9.0,144.0
0.4625,66.0,144.0
0.4675,84.0,144.0
0.4724,-4.0,144.0
0.4775,-119.0,146.0
0.4826,-60.0,148.0
0.4875,108.0,148.0
0.4925,75.0,150.0
0.4975,-74.0,150.0
0.5025,-25.0,150.0
0.5076,44.0,150.0
0.5125,-63.0,150.0
0.5175,-36.0,148.0
0.5226,125.0,148.0
0.5274,39.0,146.0
0.5326,-107.0,148.0
0.5376,-14.0,146.0
0.5431,38.0,146.0
0.5475,-46.0,146.0
0.5524,17.0,146.0
0.5575,101.0,146.0
0.5625,-48.0,146.0
0.5679,-119.0,146.0
0.5726,83.0,144.0
0.5775,125.0,144.0
0.5825,-113.0,144.0
0.5874,-152.0,146.0
0.5925,89.0,148.0
0.5975,169.0,150.0
0.6025,8.0,148.0
0.6075,-106.0,148.0
0.6125,-102.0,150.0
0.6175,-34.0,148.0
0.6231,81.0,150.0
0.6276,138.0,152.0
0.6325,46.0,150.0
0.6376,-106.0,150.0
0.6424,-139.0,152.0
0.6475,-9.0,150.0
0.6526,97.0,148.0
0.6575,75.0,148.0
0.6625,12.0,146.0
0.6675,-44.0,146.0
0.6724,-58.0,146.0
0.6775,-12.0,146.0
0.6828,9.0,146.0
0.6875,15.0,144.0
0.6924,67.0,144.0
0.6975,44.0,140.0
0.7025,-100.0,142.0
0.7078,-114.0,138.0
0.7125,69.0,138.0
0.7175,124.0,138.0
0.7224,-16.0,136.0
0.7274,-67.0,136.0
0.7325,-14.0,134.0
0.7377,-4.0,134.0
0.7424,18.0,134.0
0.7475,45.0,134.0
0.7524,-8.0,134.0
0.7575,-49.0,134.0
0.7625,0.0,134.0
0.7676,34.0,134.0
0.7726,-25.0,132.0
0.7775,-29.0,132.0
0.7825,79.0,132.0
0.7875,44.0,134.0
0.7927,-116.0,134.0
0.7976,-56.0,134.0
0.8025,106.0,136.0
0.8075,40.0,136.0
0.8126,-61.0,136.0
0.8175,-8.0,136.0
0.8225,13.0,136.0
0.8277,-8.0,134.0
0.8326,13.0,134.0
0.8374,7.0,134.0
0.8425,-14.0,132.0
0.8474,-7.0,132.0
0.8526,2.0,130.0
0.8587,1.0,130.0
0.8625,-8.0,128.0
0.8674,15.0,126.0
0.8725,55.0,126.0
0.8776,-12.0,126.0
0.8828,-129.0,126.0
0.8876,-60.0,126.0
0.8926,187.0,126.0
0.8975,206.0,128.0
0.9025,-172.0,128.0
0.9077,-323.0,132.0
0.9126,68.0,130.0
0.9177,288.0,134.0
0.9225,46.0,134.0
0.9275,-104.0,134.0
0.9326,-72.0,134.0
0.9376,-72.0,134.0
0.9425,15.0,134.0
0.9484,126.0,136.0
0.9527,36.0,136.0
0.9574,-95.0,134.0
0.9625,-44.0,134.0
0.9676,68.0,132.0
0.9726,46.0,132.0
0.9777,-53.0,130.0
0.9827,-66.0,130.0
0.9874,13.0,126.0
0.9927,73.0,126.0
0.9975,38.0,126.0
1.0027,-44.0,126.0
1.0075,-52.0,124.0
1.0124,2.0,124.0
1.0174,15.0,124.0
1.0225,16.0,124.0
1.0276,36.0,124.0
1.0327,-16.0,122.0
1.0375,-66.0,124.0
1.0424,28.0,122.0
1.0475,78.0,122.0
1.053,-55.0,122.0
1.0587,-88.0,122.0
1.0626,63.0,122.0
1.0674,82.0,124.0
1.0724,-35.0,124.0
1.0775,-33.0,124.0
1.0826,11.0,124.0
1.0876,-43.0,124.0
1.0925,-33.0,122.0
1.0975,98.0,124.0
1.1024,80.0,124.0
1.1075,-108.0,124.0
1.1125,-91.0,126.0
1.1174,89.0,126.0
1.1225,56.0,126.0
1.1274,-56.0,124.0
1.1324,-13.0,124.0
1.1375,17.0,124.0
1.1426,-7.0,122.0
1.1475,1.0,122.0
1.1535,7.0,122.0
1.1574,27.0,122.0
1.1625,14.0,120.0
1.1677,-70.0,120.0
1.1726,-41.0,118.0
1.1775,57.0,120.0
1.1825,37.0,120.0
1.1874,15.0,118.0
1.1925,9.0,118.0
1.1974,-78.0,118.0
1.2026,-58.0,118.0
1.2075,77.0,118.0
1.2124,54.0,118.0
1.2174,-51.0,116.0
1.2227,-7.0,114.0
1.2276,87.0,114.0
1.2325,-3.0,112.0
1.2376,-186.0,112.0
1.2425,-70.0,114.0
1.2475,247.0,116.0
1.2525,176.0,116.0
1.2581,-207.0,120.0
1.2626,-213.0,122.0
1.2676,107.0,122.0
1.2726,136.0,122.0
1.2776,-33.0,122.0
1.2825,15.0,120.0
1.2875,31.0,120.0
1.2925,-149.0,120.0
1.2976,-78.0,120.0
1.3025,191.0,124.0
1.3075,106.0,124.0
1.3126,-149.0,126.0
1.3176,-87.0,128.0
1.3225,98.0,128.0
1.3276,59.0,130.0
1.3326,-85.0,130.0
1.3377,-73.0,130.0
1.3425,76.0,130.0
1.3475,112.0,130.0
1.3526,-35.0,130.0
1.3576,-114.0,128.0
1.3625,-2.0,128.0
1.3676,55.0,128.0
1.3725,-16.0,128.0
1.3775,15.0,128.0
1.3826,87.0,130.0
1.3876,-40.0,130.0
1.3925,-150.0,132.0
1.3979,24.0,132.0
1.4025,153.0,134.0
1.4076,-26.0,134.0
1.4126,-103.0,134.0
1.4177,79.0,136.0
1.4226,60.0,136.0
1.4276,-130.0,136.0
1.4326,-49.0,136.0
1.4375,121.0,136.0
1.4426,32.0,136.0
1.4476,-83.0,136.0
1.453,20.0,136.0
1.4575,87.0,136.0
1.4625,-63.0,138.0
1.4676,-130.0,140.0
1.4725,33.0,140.0
1.4776,139.0,142.0
1.4826,53.0,142.0
1.4878,-70.0,144.0
1.4926,-112.0,146.0
1.4976,-41.0,146.0
1.5026,75.0,146.0
1.5076,122.0,148.0
1.5126,34.0,148.0
1.5176,-118.0,150.0
1.5226,-126.0,150.0
1.5275,45.0,150.0
1.5325,132.0,148.0
1.5374,11.0,146.0
1.5425,-84.0,144.0
1.5474,16.0,140.0
1.5524,79.0,140.0
1.5575,-89.0,136.0
1.5626,-146.0,138.0
1.5683,111.0,138.0
1.5725,213.0,140.0
1.5775,-59.0,140.0
1.5825,-196.0,144.0
1.5875,-8.0,142.0
1.5925,103.0,142.0
1.5974,28.0,142.0
1.6025,-5.0,140.0
1.6074,8.0,140.0
1.6125,-32.0,140.0
1.6175,-53.0,140.0
1.6225,7.0,138.0
1.6275,64.0,140.0
1.6328,27.0,138.0
1.6375,-59.0,140.0
1.6425,-26.0,138.0
1.6475,72.0,140.0
1.6526,-18.0,140.0
1.6576,-106.0,140.0
1.6625,78.0,142.0
1.6675,137.0,144.0
1.6725,-95.0,144.0
1.6776,-125.0,146.0
1.6824,46.0,146.0
1.6875,46.0,146.0
1.6925,28.0,144.0
1.6975,59.0,144.0
1.7024,-89.0,144.0
1.7074,-104.0,146.0
1.7124,161.0,148.0
1.7174,76.0,148.0
1.7225,-260.0,152.0
1.7274,-62.0,152.0
1.7324,321.0,156.0
1.7374,103.0,156.0
1.7425,-273.0,160.0
1.7484,-129.0,160.0
1.7526,149.0,160.0
1.7575,69.0,160.0
1.7625,-42.0,160.0
1.7676,47.0,160.0
1.7724,4.0,160.0
1.7775,-133.0,162.0
1.7825,-3.0,162.0
1.7875,141.0,164.0
1.7926,-11.0,164.0
1.7975,-97.0,166.0
1.8025,59.0,166.0
1.8074,62.0,166.0
1.8125,-119.0,166.0
1.8174,-68.0,166.0
1.8227,141.0,168.0
1.8275,83.0,170.0
1.8325,-106.0,172.0
1.8374,-72.0,172.0
1.8424,52.0,170.0
1.8474,60.0,170.0
1.8525,-12.0,170.0
1.8574,-74.0,170.0
1.8656,-25.0,170.0
1.8675,79.0,170.0
1.8727,52.0,172.0
1.878,-50.0,170.0
1.8825,-37.0,168.0
1.8875,38.0,166.0
1.8925,-9.0,162.0
1.8974,-84.0,160.0
1.9025,43.0,158.0
1.9077,160.0,160.0
1.9127,-44.0,158.0
1.9175,-203.0,160.0
1.9224,23.0,160.0
1.9274,182.0,162.0
1.9324,-8.0,160.0
1.9378,-111.0,162.0
1.9425,23.0,158.0
1.9475,26.0,158.0
1.9525,-70.0,156.0
1.9575,49.0,156.0
1.9625,129.0,156.0
1.9676,-99.0,156.0
1.9729,-169.0,158.0
1.9774,113.0,158.0
1.9825,168.0,160.0
1.9874,-103.0,160.0
1.9925,-126.0,162.0
1.9985,83.0,160.0
2.0024,60.0,162.0
2.0074,-60.0,162.0
2.0124,2.0,162.0
2.0174,41.0,162.0
2.0225,-36.0,162.0
2.0277,-25.0,160.0
2.0324,33.0,158.0
2.0374,-9.0,158.0
2.0425,-25.0,156.0
2.0475,62.0,158.0
2.0525,51.0,156.0
2.0577,-88.0,156.0
2.0625,-106.0,158.0
2.0674,45.0,156.0
2.0725,131.0,158.0
2.0776,39.0,156.0
2.0827,-75.0,156.0
2.0875,-84.0,156.0
2.0924,-36.0,156.0
2.0974,32.0,156.0
2.1025,102.0,156.0
2.1078,77.0,156.0
2.1124,-44.0,156.0
2.1174,-143.0,156.0
2.1224,-88.0,156.0
2.1275,105.0,158.0
2.1325,167.0,158.0
2.1376,-14.0,158.0
2.1425,-123.0,158.0
2.1475,-45.0,158.0
2.1524,4.0,156.0
2.1574,45.0,156.0
2.1625,102.0,156.0
2.1677,-14.0,154.0
2.1725,-143.0,154.0
2.1775,-19.0,156.0
2.1824,118.0,156.0
2.1875,27.0,156.0
2.1925,-68.0,156.0
2.1974,8.0,154.0
2.2026,49.0,152.0
2.2075,-48.0,152.0
2.2125,-71.0,150.0
2.2175,31.0,150.0
2.2225,60.0,148.0
2.2274,31.0,148.0
2.2325,48.0,146.0
2.2374,-50.0,146.0
2.2426,-186.0,150.0
2.2475,-15.0,150.0
2.2526,227.0,152.0
2.2574,81.0,154.0
2.2625,-155.0,156.0
2.2675,-53.0,156.0
2.2725,78.0,156.0
2.2775,-26.0,156.0
2.2827,-64.0,156.0
2.2875,47.0,156.0
2.2925,69.0,156.0
2.2976,7.0,156.0
2.3032,-36.0,154.0
2.3077,-71.0,154.0
2.3125,-7.0,152.0
2.3178,114.0,152.0
2.3225,34.0,152.0
2.3276,-128.0,154.0
2.3326,-68.0,154.0
2.3375,87.0,154.0
2.3425,109.0,154.0
2.3474,3.0,152.0
2.3525,-109.0,152.0
2.3574,-70.0,152.0
2.3624,60.0,148.0
2.3678,55.0,148.0
2.3728,-22.0,144.0
2.3774,17.0,142.0
2.3827,38.0,138.0
2.3875,-73.0,138.0
2.3924,-70.0,136.0
2.3978,74.0,136.0
2.4024,38.0,136.0
2.4074,-45.0,136.0
2.4124,68.0,138.0
2.4175,30.0,136.0
2.4226,-171.0,138.0
2.4274,-30.0,138.0
2.4325,187.0,140.0
2.4374,5.0,138.0
2.4424,-122.0,140.0
2.4474,63.0,140.0
2.4525,60.0,138.0
2.4575,-129.0,140.0
2.4625,-69.0,138.0
2.4674,124.0,140.0
2.4727,120.0,140.0
2.4774,-46.0,138.0
2.4828,-132.0,140.0
2.4874,-25.0,140.0
2.4925,77.0,140.0
2.4974,7.0,140.0
2.5025,-8.0,140.0
2.5074,84.0,140.0
2.5125,-26.0,138.0
2.5174,-134.0,140.0
2.5224,48.0,140.0
2.5274,60.0,140.0
2.5325,-93.0,142.0
2.5374,74.0,142.0
2.5425,139.0,144.0
2.5475,-133.0,142.0
2.5524,-124.0,144.0
2.5574,64.0,142.0
2.5625,41.0,142.0
2.5677,61.0,140.0
2.5727,44.0,140.0
2.5775,-153.0,142.0
2.5824,-88.0,142.0
2.5874,172.0,144.0
2.5925,91.0,146.0
2.5976,-127.0,146.0
2.6026,-74.0,146.0
2.6074,50.0,144.0
2.6124,65.0,144.0
2.6174,35.0,142.0
2.6224,-69.0,140.0
2.6276,-112.0,140.0
2.6327,62.0,140.0
2.6374,148.0,140.0
2.6424,-35.0,140.0
2.6475,-117.0,142.0
2.6525,20.0,142.0
2.6574,50.0,142.0
2.6625,-51.0,142.0
2.6674,-29.0,142.0
2.6724,94.0,142.0
2.6774,78.0,144.0
2.6825,-76.0,144.0
2.6874,-120.0,146.0
2.6924,-13.0,144.0
2.6974,61.0,144.0
2.7024,96.0,144.0
2.7075,86.0,146.0
2.7128,-91.0,144.0
2.7174,-203.0,146.0
2.7225,19.0,146.0
2.7274,185.0,148.0
2.7325,18.0,148.0
2.7375,-55.0,148.0
2.7425,25.0,146.0
2.7474,-58.0,146.0
2.7524,-86.0,146.0
2.7576,66.0,146.0
2.7625,83.0,146.0
2.7675,7.0,144.0
2.7724,-15.0,142.0
2.7775,-89.0,142.0
2.7824,-70.0,142.0
2.7876,122.0,144.0
2.7932,122.0,146.0
2.7976,-84.0,146.0
2.8025,-98.0,146.0
2.8075,1.0,146.0
2.8125,2.0,144.0
2.8175,64.0,144.0
2.8224,93.0,144.0
2.8274,-89.0,144.0
2.8327,-118.0,146.0
2.8375,106.0,146.0
2.8424,94.0,148.0
2.8475,-119.0,148.0
2.8525,-79.0,148.0
2.8575,67.0,150.0
2.8624,66.0,150.0
2.8674,59.0,150.0
2.8724,-8.0,150.0
2.8776,-167.0,152.0
2.8827,-75.0,150.0
2.8874,171.0,152.0
2.8925,108.0,150.0
2.8975,-100.0,150.0
2.9025,-63.0,148.0
2.9075,46.0,148.0
2.9124,2.0,148.0
2.9174,-41.0,148.0
2.9225,4.0,146.0
2.9274,44.0,146.0
2.9325,44.0,146.0
2.9375,-9.0,146.0
2.9425,-90.0,148.0
2.9474,-50.0,146.0
2.9524,83.0,148.0
2.9575,76.0,148.0
2.9625,-47.0,148.0
2.9676,-45.0,146.0
2.9724,40.0,146.0
2.9774,0.0,144.0
2.9824,-66.0,144.0
2.9875,6.0,144.0
2.9926,77.0,144.0
2.9974,15.0,142.0
3.0024,-60.0,142.0
3.0075,-31.0,142.0
3.0125,58.0,142.0
3.0175,54.0,144.0
3.0225,-85.0,144.0
3.0275,-115.0,144.0
3.0325,95.0,146.0
3.0374,186.0,146.0
3.0425,-62.0,148.0
3.0474,-202.0,150.0
3.0525,20.0,150.0
3.0582,148.0,150.0
3.0624,-9.0,148.0
3.0675,-70.0,148.0
3.0724,26.0,146.0
3.0776,5.0,146.0
3.0827,-34.0,146.0
3.0874,60.0,146.0
3.0924,18.0,144.0
3.0974,-125.0,144.0
3.1025,6.0,144.0
3.1075,145.0,144.0
3.1125,-23.0,142.0
3.1175,-110.0,144.0
3.1224,30.0,142.0
3.1274,53.0,142.0
3.1326,-36.0,142.0
3.1377,-5.0,142.0
3.1424,63.0,142.0
3.1475,-15.0,142.0
3.1525,-126.0,142.0
3.1575,-8.0,140.0
3.1625,201.0,144.0
3.1675,74.0,144.0
3.1725,-241.0,146.0
3.1774,-146.0,146.0
3.1827,216.0,148.0
3.1874,184.0,148.0
3.1925,-147.0,150.0
3.1976,-169.0,150.0
3.2025,96.0,152.0
3.2074,115.0,152.0
3.2124,-115.0,154.0
3.2176,-65.0,152.0
3.2225,180.0,154.0
3.2274,54.0,152.0
3.2325,-199.0,154.0
3.2375,-69.0,152.0
3.2424,120.0,154.0
3.2475,56.0,154.0
3.2526,-22.0,152.0
3.2574,-2.0,152.0
3.2624,7.0,152.0
3.2674,-41.0,150.0
3.2725,-68.0,150.0
3.2775,41.0,148.0
3.2825,124.0,150.0
3.2875,-18.0,148.0
3.2924,-128.0,150.0
3.2974,-4.0,150.0
3.3024,87.0,150.0
3.3075,14.0,150.0
3.3125,-28.0,148.0
3.3174,5.0,148.0
3.3225,-7.0,146.0
3.3274,-46.0,146.0
3.3325,-5.0,146.0
3.338,50.0,144.0
3.3424,36.0,144.0
3.3474,11.0,142.0
3.3524,-23.0,142.0
3.3575,-85.0,140.0
3.3625,-29.0,140.0
3.3677,93.0,138.0
3.3725,45.0,140.0
3.3775,-51.0,138.0
3.3824,5.0,138.0
3.3874,42.0,138.0
3.3924,-40.0,138.0
3.3979,-87.0,138.0
3.4024,-31.0,138.0
3.408,108.0,138.0
3.4124,162.0,142.0
3.4175,-63.0,140.0
3.4225,-222.0,144.0
3.4276,11.0,142.0
3.4325,167.0,142.0
3.4374,-22.0,142.0
3.4426,-74.0,140.0
3.4475,83.0,142.0
3.4524,22.0,142.0
3.4577,-125.0,144.0
3.4624,-3.0,142.0
3.4675,110.0,142.0
3.4725,-39.0,140.0
3.4775,-73.0,140.0
3.4829,125.0,140.0
3.4876,61.0,140.0
3.4925,-211.0,142.0
3.4974,-67.0,142.0
3.5024,247.0,144.0
3.5077,45.0,144.0
3.5126,-239.0,148.0
3.5176,10.0,146.0
3.5225,228.0,148.0
3.5274,-67.0,146.0
3.5325,-241.0,148.0
3.5376,93.0,148.0
3.5425,272.0,152.0
3.5475,-75.0,152.0
3.5525,-274.0,156.0
3.5574,6.0,156.0
3.5625,193.0,158.0
3.5677,77.0,160.0
3.5726,-31.0,160.0
3.5774,-99.0,160.0
3.5824,-124.0,162.0
3.5874,19.0,160.0
3.5924,169.0,162.0
3.5974,96.0,162.0
3.6027,-83.0,162.0
3.6074,-122.0,164.0
3.6124,-26.0,164.0
3.6175,34.0,164.0
3.6231,29.0,164.0
3.6276,43.0,164.0
3.6325,64.0,164.0
3.6375,-12.0,164.0
3.6424,-129.0,166.0
3.6475,-81.0,166.0
3.6527,102.0,166.0
3.6576,126.0,168.0
3.6625,-47.0,168.0
3.6674,-95.0,166.0
3.6724,55.0,166.0
3.6774,68.0,164.0
3.6827,-115.0,166.0
3.6877,-111.0,164.0
3.6925,132.0,166.0
3.6975,168.0,166.0
3.7025,-60.0,166.0
3.7075,-130.0,168.0
3.7135,-19.0,168.0
3.7176,-13.0,168.0
3.7224,-3.0,168.0
3.7274,148.0,168.0
3.7325,118.0,170.0
3.7375,-147.0,170.0
3.7427,-191.0,174.0
3.7475,22.0,172.0
3.7524,108.0,172.0
3.7574,80.0,172.0
3.7625,82.0,174.0
3.7677,-51.0,174.0
3.7725,-206.0,176.0
3.7775,-43.0,176.0
3.7824,168.0,178.0
3.7873,68.0,178.0
3.7925,-52.0,178.0
3.7979,-1.0,178.0
3.8026,-8.0,174.0
3.8076,-55.0,174.0
3.8126,-1.0,170.0
3.8174,44.0,168.0
3.8226,12.0,166.0
3.8276,-21.0,164.0
3.8326,11.0,162.0
3.8375,56.0,160.0
3.8424,-36.0,158.0
3.8481,-138.0,158.0
3.8526,23.0,158.0
3.8574,198.0,160.0
3.8636,11.0,156.0
3.8675,-194.0,158.0
3.8724,-29.0,156.0
3.878,135.0,158.0
3.8827,26.0,156.0
3.8875,-42.0,156.0
3.8924,-26.0,156.0
3.8974,-74.0,156.0
3.9025,24.0,158.0
3.9077,184.0,160.0
3.9127,8.0,158.0
3.9182,-218.0,162.0
3.9232,-63.0,160.0
3.9274,146.0,162.0
3.9325,85.0,162.0
3.9373,-42.0,162.0
3.9425,-41.0,162.0
3.9475,8.0,162.0
3.9524,-31.0,162.0
3.9574,-50.0,162.0
3.9625,78.0,164.0
3.9676,91.0,164.0
3.9725,-108.0,166.0
3.9776,-90.0,166.0
3.9824,155.0,168.0
3.9874,80.0,168.0
3.9925,-188.0,172.0
3.9979,-75.0,172.0
4.0026,162.0,174.0
4.0074,47.0,172.0
4.0124,-97.0,174.0
4.0175,3.0,172.0
4.0233,47.0,174.0
4.0275,-48.0,174.0
4.0325,-21.0,174.0
4.0375,74.0,174.0
4.0424,9.0,172.0
4.0474,-80.0,172.0
4.0526,-9.0,170.0
4.0574,63.0,170.0
4.0625,14.0,166.0
4.0674,-35.0,168.0
4.0724,-12.0,164.0
4.0775,7.0,164.0
4.0825,0.0,164.0
4.0875,17.0,162.0
4.0925,15.0,162.0
4.0973,-33.0,160.0
4.1024,-9.0,160.0
4.1076,39.0,160.0
4.1135,-31.0,160.0
4.1179,-63.0,160.0
4.1239,75.0,158.0
4.1273,127.0,160.0
4.1326,-63.0,158.0
4.1379,-200.0,160.0
4.1426,-19.0,156.0
4.1479,213.0,158.0
4.1527,105.0,156.0
4.1574,-148.0,158.0
4.1626,-111.0,156.0
4.1682,56.0,156.0
4.1725,42.0,154.0
4.1775,25.0,152.0
4.1826,41.0,148.0
4.1876,-93.0,148.0
4.1927,-109.0,146.0
4.1983,120.0,148.0
4.2025,143.0,148.0
4.2079,-60.0,148.0
4.2126,-106.0,148.0
4.2176,-54.0,148.0
4.2226,-12.0,146.0
4.2274,101.0,148.0
4.2331,135.0,146.0
4.2375,-14.0,146.0
4.2428,-145.0,146.0
4.2475,-112.0,146.0
4.2526,29.0,146.0
4.2576,130.0,148.0
4.2629,88.0,148.0
4.2675,-20.0,148.0
4.2726,-101.0,148.0
4.2775,-90.0,150.0
4.283,40.0,148.0
4.2879,98.0,148.0
4.2925,0.0,148.0
4.2976,-35.0,146.0
4.3026,4.0,146.0
4.3081,-12.0,144.0
4.3132,5.0,144.0
4.3182,33.0,142.0
4.3226,-63.0,142.0
4.3282,-76.0,142.0
4.3326,124.0,142.0
4.3378,149.0,140.0
4.3431,-126.0,142.0
4.3474,-185.0,142.0
4.3524,78.0,144.0
4.3577,149.0,146.0
4.3627,-31.0,146.0
4.3682,-91.0,146.0
4.3729,-1.0,144.0
4.3775,71.0,142.0
4.3829,39.0,140.0
4.3878,-76.0,140.0
4.3927,-90.0,140.0
4.3973,62.0,140.0
4.4029,138.0,142.0
4.4076,-13.0,140.0
4.4126,-151.0,140.0
4.4176,-60.0,140.0
4.4227,107.0,138.0
4.4276,130.0,140.0
4.4329,-18.0,140.0
4.4376,-152.0,142.0
4.4426,-67.0,142.0
4.4478,105.0,144.0
4.4524,109.0,146.0
4.4574,-13.0,144.0
4.4632,-100.0,146.0
4.4676,-76.0,146.0
4.4727,58.0,148.0
4.4776,138.0,148.0
4.4826,-5.0,148.0
4.4874,-171.0,148.0
4.4929,-46.0,150.0
4.4976,169.0,148.0
4.5027,83.0,150.0
4.5075,-123.0,148.0
4.5125,-86.0,150.0
4.5176,40.0,148.0
4.5226,43.0,148.0
4.528,36.0,148.0
4.5324,34.0,148.0
4.5376,-55.0,148.0
4.5426,-105.0,150.0
4.5475,5.0,146.0
4.5526,113.0,148.0
4.5575,71.0,146.0
4.5626,-46.0,146.0
4.5676,-124.0,146.0
4.5725,-50.0,144.0
4.5776,114.0,146.0
4.5825,118.0,148.0
4.5876,-37.0,148.0
4.5926,-115.0,148.0
4.5975,-46.0,148.0
4.6026,50.0,148.0
4.6075,53.0,148.0
4.6125,8.0,146.0
4.6175,21.0,146.0
4.6225,0.0,142.0
4.6275,-85.0,142.0
4.6325,-54.0,140.0
4.6376,51.0,140.0
4.6437,68.0,138.0
4.6475,64.0,140.0
4.6526,20.0,138.0
4.6575,-159.0,140.0
4.6626,-157.0,142.0
4.6675,166.0,144.0
4.6726,225.0,148.0
4.6776,-122.0,148.0
4.6828,-182.0,150.0
4.6875,103.0,152.0
4.6925,89.0,152.0
4.6975,-122.0,154.0
4.7025,-12.0,154.0
4.7075,135.0,154.0
4.7126,-32.0,156.0
4.7176,-121.0,156.0
4.7226,50.0,158.0
4.7275,90.0,158.0
4.7325,-55.0,160.0
4.7376,-50.0,160.0
4.7425,58.0,160.0
4.7483,0.0,160.0
4.7525,-55.0,160.0
4.7575,53.0,160.0
4.7625,48.0,160.0
4.7677,-92.0,160.0
4.7725,-49.0,158.0
4.7775,93.0,158.0
4.7825,44.0,158.0
4.7875,-59.0,156.0
4.7927,-2.0,154.0
4.7977,30.0,152.0
4.8025,-53.0,150.0
4.8075,-25.0,150.0
4.8129,75.0,150.0
4.8175,16.0,150.0
4.8226,-75.0,152.0
4.8275,0.0,150.0
4.8325,99.0,150.0
4.8375,26.0,148.0
4.8432,-133.0,148.0
4.8486,-109.0,148.0
4.8525,114.0,148.0
4.8576,171.0,150.0
4.8629,-42.0,152.0
4.8675,-136.0,152.0
4.8725,-6.0,150.0
4.8775,26.0,150.0
4.8825,-17.0,148.0
4.8875,58.0,148.0
4.8925,55.0,148.0
4.8975,-66.0,146.0
4.9025,-4.0,146.0
4.9075,48.0,146.0
4.9125,-115.0,146.0
4.9176,-53.0,146.0
4.9226,197.0,148.0
4.9275,53.0,146.0
4.9325,-208.0,150.0
4.9375,-31.0,150.0
4.9424,185.0,152.0
4.9475,31.0,154.0
4.9524,-139.0,156.0
4.9574,-58.0,156.0
4.9624,72.0,156.0
4.9675,52.0,156.0
4.9726,-16.0,154.0
4.9774,21.0,152.0
4.9825,11.0,150.0
4.9875,-124.0,150.0
4.9925,-51.0,148.0
4.9978,170.0,148.0
5.0024,74.0,150.0
5.0074,-123.0,150.0
5.0124,-15.0,150.0
5.0174,45.0,150.0
5.0225,-96.0,150.0
5.0274,-22.0,150.0
5.0324,158.0,152.0
5.0374,49.0,150.0
5.0426,-108.0,150.0
5.0476,-57.0,152.0
5.0525,-10.0,148.0
5.0574,14.0,148.0
5.0625,110.0,148.0
5.0675,42.0,146.0
5.0724,-142.0,148.0
5.0776,-59.0,148.0
5.0826,121.0,148.0
5.0875,23.0,146.0
5.0925,-102.0,146.0
5.0974,23.0,146.0
5.1028,123.0,148.0
5.1074,-13.0,146.0
5.1125,-145.0,148.0
5.1174,-60.0,146.0
5.1224,101.0,148.0
5.1275,105.0,146.0
5.1324,-3.0,146.0
5.1375,-55.0,144.0
5.1425,-51.0,144.0
5.1475,-16.0,142.0
5.1525,37.0,142.0
5.1574,7.0,142.0
5.1626,-31.0,140.0
5.1677,56.0,142.0
5.1726,59.0,142.0
5.1776,-107.0,142.0
5.1824,-62.0,142.0
5.1874,156.0,144.0
5.1924,36.0,142.0
5.1977,-204.0,144.0
5.2026,-50.0,144.0
5.2076,179.0,146.0
5.2125,107.0,146.0
5.2175,-48.0,146.0
5.2226,-124.0,146.0
5.2276,-102.0,146.0
5.2325,65.0,146.0
5.2375,162.0,148.0
5.2424,16.0,148.0
5.2474,-109.0,148.0
5.253,-47.0,148.0
5.2574,3.0,148.0
5.2624,16.0,148.0
5.2675,78.0,148.0
5.2727,16.0,148.0
5.2775,-106.0,148.0
5.2826,10.0,148.0
5.2875,110.0,148.0
5.2924,-76.0,150.0
5.2974,-129.0,150.0
5.3024,92.0,148.0
5.3075,143.0,148.0
5.3128,-25.0,144.0
5.3175,-102.0,144.0
5.3224,-49.0,142.0
5.3274,14.0,140.0
5.3324,59.0,140.0
5.3375,54.0,140.0
5.3426,-21.0,140.0
5.3476,-70.0,138.0
5.3524,-2.0,138.0
5.3573,71.0,138.0
5.3624,-2.0,136.0
5.3678,-105.0,136.0
5.3725,3.0,136.0
5.3775,154.0,138.0
5.3824,32.0,138.0
5.3874,-162.0,140.0
5.3926,-87.0,140.0
5.3975,100.0,140.0
5.4025,98.0,142.0
5.4075,-16.0,140.0
5.4124,-36.0,140.0
5.4174,-19.0,140.0
5.4225,-43.0,140.0
5.4276,-1.0,138.0
5.4326,66.0,140.0
5.4374,38.0,140.0
5.4424,-15.0,138.0
5.4474,-70.0,140.0
5.4526,-64.0,140.0
5.4575,91.0,140.0
5.4625,120.0,142.0
5.4675,-93.0,142.0
5.4724,-124.0,142.0
5.4773,81.0,144.0
5.4826,93.0,144.0
5.4875,-69.0,142.0
5.4924,-69.0,142.0
5.4974,51.0,140.0
5.5024,61.0,140.0
5.5076,-22.0,138.0
5.5124,-29.0,138.0
5.5175,9.0,138.0
5.5225,-33.0,138.0
5.5275,-46.0,138.0
5.5324,70.0,138.0
5.5375,114.0,140.0
5.5426,-39.0,140.0
5.5476,-150.0,142.0
5.5524,-39.0,140.0
5.5577,120.0,142.0
5.5635,104.0,140.0
5.5675,-55.0,140.0
5.5725,-98.0,138.0
5.5775,22.0,138.0
5.5824,22.0,136.0
5.5877,-59.0,136.0
5.5924,55.0,134.0
5.5974,134.0,136.0
5.6024,-78.0,136.0
5.6076,-180.0,138.0
5.6123,67.0,140.0
5.6174,166.0,142.0
5.6226,-67.0,142.0
5.6275,-117.0,142.0
5.6324,84.0,142.0
5.6374,73.0,142.0
5.6425,-89.0,142.0
5.6474,-54.0,140.0
5.6525,57.0,140.0
5.6575,52.0,140.0
5.6624,5.0,140.0
5.6674,-44.0,140.0
5.6724,-67.0,138.0
5.6774,8.0,138.0
5.6825,94.0,138.0
5.6874,59.0,138.0
5.6924,-69.0,138.0
5.6974,-139.0,140.0
5.7024,-3.0,138.0
5.7074,187.0,142.0
5.7125,91.0,140.0
5.7177,-162.0,142.0
5.7225,-145.0,142.0
5.7274,65.0,142.0
5.7324,122.0,144.0
5.7376,30.0,144.0
5.7424,-35.0,142.0
5.7475,-49.0,142.0
5.7524,-25.0,140.0
5.7573,6.0,140.0
5.7632,0.0,138.0
5.7675,-4.0,136.0
5.7725,69.0,138.0
5.7776,103.0,138.0
5.7825,-90.0,140.0
5.7874,-230.0,142.0
5.7924,44.0,142.0
5.7976,273.0,146.0
5.8025,0.0,146.0
5.8076,-231.0,148.0
5.8124,3.0,148.0
5.8175,184.0,150.0
5.8224,-24.0,148.0
5.8276,-161.0,148.0
5.8325,22.0,148.0
5.8375,133.0,148.0
5.8424,-16.0,146.0
5.8474,-99.0,146.0
5.8524,33.0,144.0
5.8576,88.0,146.0
5.8624,-55.0,144.0
5.8688,-104.0,144.0
5.8729,32.0,144.0
5.878,113.0,142.0
5.8826,51.0,144.0
5.8874,-86.0,142.0
5.8925,-145.0,144.0
5.8974,19.0,144.0
5.9025,184.0,148.0
5.9077,66.0,148.0
5.9127,-142.0,150.0
5.9175,-123.0,150.0
5.9224,47.0,150.0
5.9274,108.0,150.0
5.9324,39.0,150.0
5.9377,-43.0,148.0
5.9424,-60.0,148.0
5.9474,0.0,146.0
5.9523,5.0,144.0
5.9574,-24.0,144.0
5.9624,65.0,144.0
5.9676,82.0,146.0
5.9728,-81.0,146.0
5.9774,-106.0,146.0
5.9824,44.0,146.0
5.9874,65.0,146.0
5.9925,-23.0,146.0
5.9978,11.0,146.0
6.0026,47.0,146.0
6.0074,-74.0,146.0
6.0124,-76.0,148.0
6.0174,112.0,146.0
6.0223,59.0,148.0
6.0274,-138.0,146.0
6.0325,2.0,146.0
6.0375,156.0,146.0
6.0425,-58.0,146.0
6.0475,-140.0,148.0
6.0525,72.0,148.0
6.0575,62.0,148.0
6.0625,-55.0,148.0
6.0674,61.0,150.0
6.0733,39.0,150.0
6.0775,-167.0,152.0
6.0824,-35.0,152.0
6.0876,202.0,154.0
6.0925,33.0,154.0
6.0975,-168.0,154.0
6.1024,-24.0,154.0
6.1075,105.0,154.0
6.1125,0.0,152.0
6.1175,-45.0,150.0
6.1224,57.0,150.0
6.1274,-2.0,150.0
6.1324,-143.0,150.0
6.1374,48.0,150.0
6.1425,224.0,152.0
6.1475,-91.0,154.0
6.1524,-276.0,158.0
6.1574,94.0,160.0
6.1625,267.0,162.0
6.1677,-45.0,162.0
6.1735,-175.0,164.0
6.1775,5.0,162.0
6.1824,51.0,162.0
6.1874,-30.0,160.0
6.1927,13.0,160.0
6.1973,98.0,160.0
6.2025,19.0,158.0
6.2076,-150.0,160.0
6.2124,-102.0,160.0
6.2174,144.0,162.0
6.2226,148.0,164.0
6.2274,-93.0,164.0
6.2326,-107.0,166.0
6.2377,49.0,164.0
6.2424,10.0,164.0
6.2476,-57.0,162.0
6.2525,61.0,162.0
6.2574,102.0,160.0
6.2625,-54.0,160.0
6.2674,-124.0,160.0
6.2724,-3.0,158.0
6.2775,94.0,160.0
6.2826,27.0,158.0
6.2875,-50.0,158.0
6.2924,15.0,158.0
6.2974,31.0,158.0
6.3024,-76.0,158.0
6.3076,-25.0,158.0
6.3125,101.0,158.0
6.3175,1.0,158.0
6.3225,-99.0,158.0
6.3274,35.0,158.0
6.3324,92.0,158.0
6.3375,-54.0,158.0
6.3424,-78.0,158.0
6.3475,36.0,156.0
6.3524,31.0,156.0
6.3574,-9.0,152.0
6.3625,50.0,152.0
6.3677,23.0,150.0
6.3725,-113.0,150.0
6.3774,-77.0,152.0
6.3825,103.0,152.0
6.3874,103.0,154.0
6.3924,-54.0,154.0
6.3977,-66.0,154.0
6.4024,50.0,156.0
6.4074,28.0,156.0
6.4124,-87.0,156.0
6.4174,-45.0,154.0
6.4226,73.0,154.0
6.4275,75.0,152.0
6.4325,27.0,152.0
6.4374,-27.0,148.0
6.4424,-118.0,150.0
6.4476,-87.0,148.0
6.4524,83.0,148.0
6.4575,139.0,148.0
6.4624,41.0,148.0
6.4674,-53.0,146.0
6.4724,-101.0,148.0
6.4775,-83.0,148.0
6.4835,30.0,148.0
6.4874,126.0,148.0
6.4925,63.0,148.0
6.4974,-49.0,148.0
6.5024,-62.0,148.0
6.5074,-38.0,146.0
6.5124,5.0,146.0
6.5176,57.0,146.0
6.5224,-7.0,144.0
6.5274,-45.0,144.0
6.5324,87.0,144.0
6.5373,49.0,144.0
6.5426,-163.0,144.0
6.5475,-53.0,144.0
6.5524,185.0,144.0
6.5574,26.0,142.0
6.5624,-170.0,144.0
6.5675,21.0,144.0
6.5726,154.0,144.0
6.5775,-48.0,144.0
6.5824,-148.0,146.0
6.5874,28.0,146.0
6.5925,128.0,148.0
6.5976,11.0,148.0
6.6025,-67.0,148.0
6.6074,-19.0,148.0
6.6124,-10.0,146.0
6.6176,-20.0,146.0
6.6226,42.0,144.0
6.6274,64.0,144.0
6.6324,-16.0,144.0
6.6374,-62.0,146.0
6.6424,-5.0,144.0
6.6476,30.0,144.0
6.6524,-14.0,144.0
6.6575,-21.0,142.0
6.6624,34.0,142.0
6.6675,40.0,140.0
6.6723,2.0,140.0
6.6777,-48.0,138.0
6.6839,-66.0,138.0
6.6874,31.0,136.0
6.6925,80.0,136.0
6.6974,-21.0,136.0
6.7024,-29.0,136.0
6.7074,51.0,136.0
6.7128,-18.0,136.0
6.7177,-96.0,134.0
6.7225,6.0,134.0
6.7274,92.0,132.0
6.7325,37.0,132.0
6.7376,-29.0,130.0
6.7425,-49.0,130.0
6.7475,-36.0,130.0
6.7524,7.0,130.0
6.7574,50.0,130.0
6.7625,45.0,130.0
6.7677,-5.0,130.0
6.7725,-51.0,128.0
6.7776,-50.0,128.0
6.7824,8.0,124.0
6.7875,64.0,124.0
6.7924,20.0,120.0
6.7975,-45.0,120.0
6.8025,-12.0,116.0
6.8076,29.0,116.0
6.8124,-3.0,112.0
6.8176,-20.0,112.0
6.8224,18.0,112.0
6.8275,17.0,112.0
6.8325,-42.0,112.0
6.8374,-29.0,112.0
6.8424,35.0,112.0
6.8474,26.0,110.0
6.8524,39.0,108.0
6.8575,43.0,108.0
6.8627,-117.0,106.0
6.8674,-156.0,108.0
6.8723,90.0,108.0
6.8776,194.0,110.0
6.8827,22.0,110.0
6.8875,-95.0,110.0
6.8926,-92.0,110.0
6.8974,-39.0,110.0
6.9024,73.0,110.0
6.9074,63.0,110.0
6.9125,-71.0,110.0
6.9175,22.0,110.0
6.9225,161.0,112.0
6.9274,-92.0,112.0
6.9325,-261.0,116.0
6.9375,83.0,116.0
6.9426,259.0,120.0
6.9476,-48.0,120.0
6.9524,-178.0,120.0
6.9574,33.0,122.0
6.9625,102.0,122.0
6.9676,-22.0,122.0
6.9725,-62.0,120.0
6.9773,3.0,120.0
6.9823,43.0,120.0
6.9876,15.0,120.0
6.9926,-12.0,118.0
6.9978,-32.0,120.0
7.0027,-46.0,120.0
7.0074,35.0,120.0
7.0123,99.0,120.0
7.0174,-22.0,118.0
7.0224,-92.0,118.0
7.0276,30.0,116.0
7.0324,39.0,116.0
7.0374,-92.0,118.0
7.0424,-34.0,116.0
7.048,152.0,118.0
7.0524,119.0,120.0
7.0575,-98.0,120.0
7.0625,-197.0,122.0
7.0674,-86.0,122.0
7.0724,140.0,124.0
7.0776,270.0,128.0
7.0826,44.0,126.0
7.0876,-308.0,130.0
7.0924,-223.0,132.0
7.0974,186.0,134.0
7.1024,284.0,136.0
7.1074,-15.0,136.0
7.1125,-239.0,138.0
7.1176,-105.0,138.0
7.1224,157.0,140.0
7.1273,160.0,142.0
7.1323,-53.0,142.0
7.1374,-144.0,142.0
7.1426,-55.0,142.0
7.1475,21.0,142.0
7.1524,82.0,144.0
7.1574,170.0,146.0
7.1624,14.0,146.0
7.1677,-292.0,150.0
7.1725,-132.0,150.0
7.1775,244.0,152.0
7.1824,132.0,152.0
7.1874,-89.0,152.0
7.1926,-4.0,150.0
7.1974,-26.0,150.0
7.2025,-134.0,150.0
7.2074,39.0,150.0
7.2124,182.0,150.0
7.2173,-5.0,150.0
7.2224,-156.0,150.0
7.2274,0.0,150.0
7.2326,137.0,150.0
7.2374,-10.0,150.0
7.2424,-139.0,150.0
7.2475,-17.0,150.0
7.2524,112.0,152.0
7.2575,68.0,152.0
7.2625,-37.0,152.0
7.2674,-88.0,154.0
7.2725,-42.0,154.0
7.2774,60.0,154.0
7.2826,89.0,154.0
7.2875,-1.0,154.0
7.2926,-88.0,156.0
7.2974,-54.0,156.0
7.3024,51.0,156.0
7.3075,57.0,156.0
7.3124,-19.0,156.0
7.3175,3.0,156.0
7.3224,33.0,156.0
7.3274,-73.0,156.0
7.3324,-72.0,156.0
7.3374,96.0,158.0
7.3426,77.0,158.0
7.3475,-84.0,158.0
7.3525,-43.0,158.0
7.3573,76.0,158.0
7.3626,28.0,160.0
7.3675,-56.0,158.0
7.3726,-53.0,158.0
7.3775,-14.0,158.0
7.3824,61.0,158.0
7.3874,108.0,160.0
7.3924,-14.0,160.0
7.3975,-149.0,162.0
7.4026,-31.0,162.0
7.4074,106.0,162.0
7.4123,1.0,162.0
7.4173,-19.0,162.0
7.4223,95.0,162.0
7.4275,-57.0,162.0
7.4326,-179.0,166.0
7.4374,107.0,166.0
7.4424,205.0,170.0
7.4474,-132.0,170.0
7.4525,-200.0,174.0
7.4574,129.0,176.0
7.4624,190.0,178.0
7.4674,-93.0,180.0
7.4724,-145.0,182.0
7.4776,58.0,182.0
7.4828,57.0,182.0
7.4875,-75.0,182.0
7.4924,10.0,182.0
7.4974,133.0,184.0
7.5024,2.0,182.0
7.5074,-164.0,182.0
7.5129,-68.0,182.0
7.5175,131.0,180.0
7.5225,123.0,182.0
7.5274,-55.0,182.0
7.5325,-127.0,182.0
7.5377,-29.0,182.0
7.5425,66.0,182.0
7.5475,97.0,182.0
7.5525,43.0,182.0
7.5574,-112.0,184.0
7.5624,-148.0,184.0
7.5677,65.0,182.0
7.5725,182.0,182.0
7.5774,-13.0,180.0
7.5825,-129.0,178.0
7.5873,20.0,178.0
7.5923,59.0,176.0
7.5976,-56.0,176.0
7.6025,-51.0,176.0
7.6075,32.0,176.0
7.6124,82.0,176.0
7.6174,72.0,178.0
7.6224,-79.0,178.0
7.6276,-169.0,180.0
7.6326,33.0,180.0
7.6375,171.0,182.0
7.6423,1.0,182.0
7.6474,-98.0,182.0
7.6524,-19.0,182.0
7.6575,37.0,182.0
7.6625,65.0,182.0
7.6675,-23.0,182.0
7.6725,-145.0,184.0
7.6773,31.0,182.0
7.6826,194.0,184.0
7.6875,-39.0,182.0
7.6924,-169.0,184.0
7.6974,56.0,182.0
7.7024,107.0,182.0
7.7076,-84.0,182.0
7.7124,-59.0,180.0
7.7174,106.0,178.0
7.7224,39.0,178.0
7.7274,-106.0,174.0
7.7325,-36.0,172.0
7.7376,84.0,170.0
7.7425,34.0,166.0
7.7474,-51.0,166.0
7.7524,-15.0,164.0
7.7573,32.0,162.0
7.7624,-15.0,160.0
7.7678,-38.0,158.0
7.7725,42.0,158.0
7.7774,65.0,156.0
7.7824,-48.0,156.0
7.7874,-98.0,158.0
7.7924,20.0,156.0
7.7975,98.0,156.0
7.8026,27.0,156.0
7.8074,-52.0,152.0
7.8124,-53.0,150.0
7.8173,22.0,148.0
7.8225,60.0,146.0
7.8275,-77.0,146.0
7.8325,-97.0,148.0
7.8374,182.0,150.0
7.8424,175.0,150.0
7.8474,-227.0,154.0
7.8525,-227.0,154.0
7.8574,158.0,156.0
7.8625,186.0,156.0
7.8687,-46.0,158.0
7.8723,-67.0,156.0
7.8774,-7.0,156.0
7.8824,-40.0,154.0
7.8876,-21.0,156.0
7.8924,63.0,154.0
7.8973,71.0,154.0
7.9024,-8.0,154.0
7.9075,-77.0,154.0
7.9123,-69.0,154.0
7.9174,53.0,154.0
7.9225,141.0,154.0
7.9274,-28.0,156.0
7.9324,-184.0,156.0
7.9376,-17.0,156.0
7.9426,155.0,158.0
7.9476,80.0,158.0
7.9524,-68.0,158.0
7.9574,-105.0,160.0
7.9623,9.0,160.0
7.9676,95.0,160.0
7.9726,-8.0,160.0
7.9775,-94.0,160.0
7.9825,-3.0,158.0
7.9874,86.0,158.0
7.9925,65.0,158.0
7.9975,-10.0,158.0
8.0024,-106.0,158.0
8.0074,-111.0,160.0
8.0124,46.0,160.0
8.0174,167.0,162.0
8.0226,63.0,162.0
8.0275,-92.0,162.0
8.0324,-97.0,164.0
8.0374,-52.0,162.0
8.0424,25.0,162.0
8.0476,155.0,162.0
8.0529,56.0,164.0
8.0576,-184.0,166.0
8.0624,-73.0,166.0
8.0674,170.0,168.0
8.0724,44.0,164.0
8.0777,-138.0,166.0
8.0827,-16.0,162.0
8.0876,94.0,162.0
8.0926,25.0,160.0
8.0974,-49.0,158.0
8.1024,-94.0,156.0
8.1075,-9.0,156.0
8.1125,196.0,156.0
8.1174,101.0,156.0
8.1226,-238.0,160.0
8.1274,-170.0,160.0
8.1325,165.0,164.0
8.1376,114.0,162.0
8.1425,-35.0,164.0
8.1475,84.0,162.0
8.1524,-26.0,162.0
8.1574,-287.0,164.0
8.1624,-26.0,162.0
8.1676,322.0,166.0
8.1725,105.0,166.0
8.1775,-181.0,168.0
8.1824,-93.0,170.0
8.1874,18.0,168.0
8.1926,-11.0,168.0
8.1975,30.0,166.0
8.2023,118.0,166.0
8.2074,34.0,166.0
8.2124,-162.0,164.0
8.2174,-124.0,166.0
8.2223,155.0,168.0
8.2274,178.0,170.0
8.2325,-138.0,170.0
8.2375,-208.0,174.0
8.2424,109.0,174.0
8.2474,219.0,176.0
8.2524,-63.0,176.0
8.2576,-166.0,178.0
8.2626,49.0,178.0
8.2674,71.0,176.0
8.2723,-99.0,178.0
8.2775,-50.0,176.0
8.2827,134.0,178.0
8.2876,136.0,178.0
8.2924,-61.0,178.0
8.2974,-198.0,182.0
8.3023,-58.0,180.0
8.3074,129.0,182.0
8.3124,78.0,182.0
8.3175,4.0,182.0
8.3224,20.0,178.0
8.3274,-78.0,180.0
8.3324,-111.0,178.0
8.3374,76.0,178.0
8.3426,92.0,178.0
8.3474,-83.0,178.0
8.3524,-12.0,178.0
8.3574,147.0,178.0
8.3624,-20.0,178.0
8.3678,-206.0,180.0
8.3724,-16.0,180.0
8.3774,172.0,180.0
8.3824,32.0,180.0
8.3874,-42.0,180.0
8.3925,46.0,180.0
8.3975,-90.0,182.0
8.4025,-182.0,184.0
8.4075,142.0,186.0
8.4126,278.0,190.0
8.4175,-108.0,190.0
8.4228,-259.0,194.0
8.4274,47.0,192.0
8.4324,131.0,194.0
8.4376,-19.0,194.0
8.444,10.0,192.0
8.4486,15.0,192.0
8.4525,-70.0,192.0
8.4575,11.0,192.0
8.4625,63.0,192.0
8.4675,-40.0,192.0
8.4725,-51.0,192.0
8.4776,-11.0,188.0
8.4825,22.0,186.0
8.4874,131.0,184.0
8.4924,43.0,182.0
8.4975,-205.0,182.0
8.5026,-85.0,180.0
8.5079,183.0,184.0
8.5125,36.0,182.0
8.5176,-134.0,184.0
8.5225,59.0,184.0
8.5276,123.0,186.0
8.5336,-96.0,188.0
8.5381,-120.0,188.0
8.5425,38.0,188.0
8.5475,70.0,188.0
8.5525,39.0,188.0
8.5575,16.0,188.0
8.5626,-46.0,186.0
8.5676,-74.0,186.0
8.5725,-26.0,184.0
8.5774,64.0,184.0
8.5825,120.0,184.0
8.5875,3.0,182.0
8.5925,-163.0,184.0
8.5979,-78.0,184.0
8.6026,125.0,186.0
8.6076,110.0,186.0
8.6126,-42.0,186.0
8.6179,-87.0,186.0
8.623,-23.0,186.0
8.6275,40.0,186.0
8.6326,37.0,186.0
8.6383,-13.0,186.0
8.6425,-1.0,184.0
8.6479,26.0,182.0
8.6526,-37.0,182.0
8.6575,-49.0,180.0
8.6625,36.0,180.0
8.6674,30.0,180.0
8.6725,-2.0,178.0
8.6775,14.0,178.0
8.6826,-31.0,178.0
8.6875,-34.0,176.0
8.6925,48.0,176.0
8.6977,25.0,172.0
8.703,-36.0,172.0
8.7078,-9.0,170.0
8.7125,-14.0,170.0
8.7175,-40.0,168.0
8.7224,64.0,168.0
8.7275,152.0,170.0
8.7333,-27.0,170.0
8.7375,-258.0,172.0
8.7426,-117.0,172.0
8.7475,240.0,176.0
8.7525,268.0,178.0
8.7574,-83.0,178.0
8.7625,-287.0,178.0
8.7675,-84.0,176.0
8.7725,152.0,176.0
8.7775,113.0,176.0
8.7824,5.0,176.0
8.7873,4.0,174.0
8.7925,-49.0,176.0
8.7976,-128.0,172.0
8.8026,-6.0,172.0
8.8075,137.0,170.0
8.8125,51.0,168.0
8.8174,-48.0,166.0
8.8227,-29.0,166.0
8.8274,-58.0,166.0
8.8324,-22.0,166.0
8.8382,132.0,168.0
8.8433,38.0,166.0
8.8474,-159.0,168.0
8.8526,12.0,166.0
8.8577,157.0,166.0
8.8625,-105.0,166.0
8.8674,-153.0,166.0
8.8725,181.0,166.0
8.8776,158.0,166.0
8.8826,-189.0,166.0
8.8876,-162.0,166.0
8.8925,109.0,166.0
8.8974,141.0,166.0
8.9024,23.0,166.0
8.9074,-73.0,166.0
8.9126,-127.0,166.0
8.9174,-11.0,166.0
8.9225,142.0,166.0
8.9274,50.0,164.0
8.9325,-94.0,166.0
8.9374,-23.0,162.0
8.9426,48.0,162.0
8.9476,-8.0,160.0
8.9524,-18.0,160.0
8.9574,1.0,160.0
8.9624,-21.0,160.0
8.9675,14.0,158.0
8.9726,56.0,158.0
8.9775,-24.0,156.0
8.9824,-51.0,156.0
8.9874,64.0,156.0
8.9925,47.0,156.0
8.9977,-129.0,156.0
9.0025,-108.0,158.0
9.0077,146.0,156.0
9.0125,206.0,160.0
9.0175,-76.0,158.0
9.0226,-223.0,160.0
9.0274,7.0,160.0
9.0324,122.0,162.0
9.0382,-42.0,160.0
9.0424,-14.0,158.0
9.0474,129.0,158.0
9.0525,1.0,154.0
9.0575,-131.0,154.0
9.0625,-35.0,150.0
9.0675,29.0,150.0
9.0724,21.0,148.0
9.0775,56.0,150.0
9.0827,47.0,150.0
9.0875,-31.0,150.0
9.0924,-92.0,150.0
9.0974,-78.0,152.0
9.1024,57.0,152.0
9.1076,177.0,154.0
9.113,35.0,154.0
9.1174,-193.0,156.0
9.1225,-114.0,158.0
9.1275,126.0,158.0
9.1324,116.0,158.0
9.1375,-52.0,156.0
9.1424,-42.0,156.0
9.1475,56.0,154.0
9.1525,-29.0,154.0
9.1575,-145.0,154.0
9.1625,28.0,152.0
9.1675,243.0,154.0
9.1725,37.0,154.0
9.1776,-262.0,156.0
9.1825,-98.0,158.0
9.1875,176.0,158.0
9.1926,108.0,160.0
9.1977,-38.0,160.0
9.2026,-82.0,160.0
9.2075,-83.0,160.0
9.2125,50.0,162.0
9.2174,157.0,162.0
9.2225,-8.0,160.0
9.2275,-153.0,164.0
9.2325,-42.0,162.0
9.2375,51.0,160.0
9.2438,59.0,160.0
9.2481,105.0,160.0
9.2525,-12.0,160.0
9.2576,-207.0,162.0
9.2624,-56.0,162.0
9.2675,178.0,164.0
9.2724,56.0,164.0
9.2776,-56.0,164.0
9.2825,57.0,166.0
9.2874,-46.0,166.0
9.2925,-207.0,168.0
9.2974,69.0,170.0
9.3024,270.0,172.0
9.3074,-42.0,172.0
9.3125,-189.0,176.0
9.3174,23.0,176.0
9.3224,33.0,176.0
9.3274,-45.0,176.0
9.3325,69.0,176.0
9.3375,90.0,178.0
9.3427,-61.0,178.0
9.3475,-103.0,180.0
9.3524,-15.0,180.0
9.3574,26.0,180.0
9.3624,75.0,180.0
9.3677,141.0,180.0
9.3725,-55.0,180.0
9.3775,-280.0,180.0
9.3824,-36.0,178.0
9.3875,258.0,178.0
9.3928,114.0,176.0
9.3975,-77.0,176.0
9.4025,-101.0,174.0
9.4075,-124.0,174.0
9.4124,7.0,172.0
9.4174,213.0,174.0
9.4224,81.0,174.0
9.4277,-168.0,178.0
9.4325,-83.0,178.0
9.4374,83.0,178.0
9.4424,6.0,178.0
9.4474,-66.0,176.0
9.4525,52.0,176.0
9.4574,103.0,176.0
9.4625,-30.0,176.0
9.4675,-96.0,178.0
9.4724,-12.0,178.0
9.4774,19.0,176.0
9.4827,12.0,176.0
9.4874,40.0,174.0
9.4924,-1.0,174.0
9.4974,-24.0,170.0
9.5024,19.0,170.0
9.5077,-23.0,168.0
9.5127,-35.0,166.0
9.5175,45.0,164.0
9.5224,6.0,160.0
9.5274,-41.0,158.0
9.5324,49.0,158.0
9.5376,35.0,156.0
9.5424,-85.0,158.0
9.5474,-18.0,156.0
9.5526,107.0,156.0
9.5573,-7.0,156.0
9.5624,-148.0,156.0
9.5676,-5.0,156.0
9.5725,175.0,156.0
9.5773,73.0,158.0
9.5824,-130.0,158.0
9.5874,-141.0,160.0
9.5923,24.0,160.0
9.5975,158.0,164.0
9.6024,69.0,164.0
9.6074,-130.0,166.0
9.6124,-90.0,166.0
9.6174,101.0,168.0
9.6228,52.0,168.0
9.6274,-111.0,168.0
9.6325,-34.0,168.0
9.6374,150.0,168.0
9.6424,116.0,168.0
9.6475,-141.0,168.0
9.6524,-264.0,170.0
9.6576,47.0,168.0
9.6624,348.0,170.0
9.6673,60.0,172.0
9.6724,-291.0,174.0
9.6773,-95.0,176.0
9.6827,151.0,178.0
9.6873,51.0,176.0
9.6924,-41.0,176.0
9.6974,7.0,174.0
9.7024,20.0,174.0
9.7076,-4.0,174.0
9.7123,-35.0,174.0
9.7174,-65.0,174.0
9.7224,7.0,174.0
9.7273,116.0,176.0
9.7323,53.0,174.0
9.7375,-77.0,174.0
9.7426,-75.0,174.0
9.7475,-26.0,172.0
9.7524,19.0,172.0
9.7574,113.0,172.0
9.7626,70.0,170.0
9.7675,-127.0,170.0
9.7724,-125.0,170.0
9.7774,65.0,170.0
9.7824,109.0,172.0
9.7874,36.0,172.0
9.7924,-40.0,172.0
9.7976,-116.0,172.0
9.8026,-20.0,172.0
9.8074,131.0,170.0
9.8124,27.0,170.0
9.8174,-96.0,166.0
9.8223,6.0,166.0
9.8274,50.0,164.0
9.8326,-43.0,162.0
9.8374,-9.0,162.0
9.8424,76.0,162.0
9.8473,7.0,160.0
9.8525,-92.0,162.0
9.8574,-58.0,160.0
9.8624,61.0,160.0
9.8696,101.0,160.0
9.8723,-5.0,158.0
9.8776,-75.0,160.0
9.8825,-21.0,158.0
9.8874,-1.0,158.0
9.8925,7.0,158.0
9.8973,66.0,154.0
9.9024,26.0,154.0
9.9074,-66.0,152.0
9.9123,-46.0,152.0
9.9174,5.0,152.0
9.9224,25.0,152.0
9.9274,54.0,152.0
9.9324,12.0,148.0
9.9374,-59.0,148.0
9.9424,-16.0,144.0
9.9474,29.0,144.0
9.9524,-27.0,142.0
9.9574,-22.0,142.0
9.9623,68.0,142.0
9.9675,45.0,142.0
9.9724,-48.0,142.0
9.9774,-33.0,140.0
9.9824,-11.0,140.0
9.9875,-51.0,140.0
9.9924,27.0,140.0
9.9974,133.0,140.0
10.0026,25.0,140.0
10.0075,-110.0,140.0
10.0125,-71.0,140.0
10.0174,5.0,136.0
10.0223,48.0,136.0
10.0276,69.0,132.0
10.0323,-2.0,132.0
10.0373,-69.0,130.0
10.0423,-2.0,130.0
10.0473,36.0,128.0
10.0524,-32.0,128.0
10.0576,-16.0,126.0
10.0623,64.0,126.0
10.0675,12.0,122.0
10.0724,-49.0,122.0
10.0773,13.0,122.0
10.0823,0.0,120.0
10.0873,-63.0,120.0
10.0923,26.0,120.0
10.0973,88.0,120.0
10.1024,-17.0,120.0
10.1079,-83.0,120.0
10.1123,13.0,120.0
10.1174,121.0,122.0
10.1224,-6.0,122.0
10.1275,-224.0,124.0
10.1325,-53.0,126.0
10.1374,298.0,130.0
10.1423,148.0,132.0
10.1475,-259.0,136.0
10.1524,-190.0,138.0
10.1574,122.0,138.0
10.1625,125.0,140.0
10.1674,20.0,140.0
10.1724,5.0,140.0
10.1774,-86.0,140.0
10.1823,-103.0,140.0
10.1873,55.0,142.0
10.1924,104.0,142.0
10.1976,13.0,142.0
10.2023,-29.0,140.0
10.2074,-38.0,140.0
10.2124,-50.0,138.0
10.2175,-16.0,138.0
10.2224,72.0,136.0
10.2274,112.0,136.0
10.2324,-14.0,136.0
10.2374,-165.0,136.0
10.2424,-84.0,136.0
10.2474,111.0,136.0
10.2525,140.0,136.0
10.2573,15.0,134.0
10.2624,-95.0,136.0
10.2673,-95.0,136.0
10.2723,-8.0,136.0
10.2775,57.0,134.0
10.2826,63.0,132.0
10.2877,32.0,132.0
10.2923,-8.0,128.0
10.2974,-68.0,128.0
10.3024,-118.0,124.0
10.3073,41.0,124.0
10.3124,235.0,122.0
10.3173,-4.0,122.0
10.3224,-270.0,124.0
10.3274,-25.0,122.0
10.3324,196.0,126.0
10.3378,53.0,126.0
10.3423,-56.0,126.0
10.3474,-66.0,128.0
10.3524,-73.0,128.0
10.3573,59.0,128.0
10.3624,136.0,130.0
10.3677,-42.0,128.0
10.3724,-126.0,130.0
10.3774,26.0,128.0
10.3823,76.0,130.0
10.3874,-14.0,128.0
10.3925,-28.0,128.0
10.3976,4.0,128.0
10.4024,0.0,126.0
10.4079,0.0,124.0
10.4123,9.0,122.0
10.4174,2.0,122.0
10.4223,5.0,120.0
10.4274,-3.0,120.0
10.4324,-21.0,118.0
10.4374,-5.0,118.0
10.4423,3.0,116.0
10.4474,5.0,114.0
10.4524,24.0,114.0
10.4574,12.0,114.0
10.4623,8.0,114.0
10.4673,7.0,112.0
10.4725,-98.0,114.0
10.4775,-113.0,116.0
10.4826,147.0,116.0
10.4876,245.0,120.0
10.4924,-96.0,120.0
10.4974,-295.0,124.0
10.5023,-7.0,124.0
10.5074,231.0,126.0
10.5124,81.0,126.0
10.5175,-111.0,126.0
10.5224,-91.0,128.0
10.5274,6.0,128.0
10.5324,50.0,128.0
10.5374,51.0,128.0
10.5424,8.0,128.0
10.5474,-62.0,128.0
10.5524,-57.0,128.0
10.5574,44.0,130.0
10.5623,96.0,130.0
10.5675,-12.0,130.0
10.5725,-122.0,132.0
10.5774,-28.0,130.0
10.5824,106.0,132.0
10.5873,50.0,132.0
10.5924,-50.0,132.0
10.5974,-15.0,132.0
10.6024,17.0,132.0
10.6074,-64.0,132.0
10.6124,-54.0,132.0
10.6174,114.0,134.0
10.6226,125.0,136.0
10.6274,-75.0,136.0
10.6324,-146.0,138.0
10.6373,-27.0,136.0
10.6424,81.0,136.0
10.6474,106.0,136.0
10.6525,25.0,136.0
10.6575,-104.0,138.0
10.6624,-93.0,138.0
10.6674,51.0,138.0
10.6723,86.0,140.0
10.6774,-39.0,138.0
10.6828,-45.0,140.0
10.6874,110.0,140.0
10.6924,33.0,140.0
10.6975,-200.0,144.0
10.7024,-53.0,144.0
10.7074,228.0,146.0
10.7126,65.0,148.0
10.7175,-175.0,150.0
10.7224,-44.0,150.0
10.7274,65.0,150.0
10.7325,-13.0,150.0
10.7374,54.0,150.0
10.7426,107.0,150.0
10.7474,-104.0,152.0
10.7524,-182.0,154.0
10.7574,62.0,152.0
10.7624,164.0,156.0
10.7675,-10.0,152.0
10.7724,-70.0,152.0
10.7774,23.0,148.0
10.7823,4.0,146.0
10.7874,-67.0,142.0
10.7924,-25.0,140.0
10.7974,77.0,140.0
10.8024,90.0,138.0
10.8074,-31.0,140.0
10.8124,-153.0,142.0
10.8173,-51.0,140.0
10.8226,196.0,142.0
10.8278,137.0,144.0
10.8324,-202.0,146.0
10.8374,-180.0,148.0
10.8424,161.0,150.0
10.8474,139.0,152.0
10.8526,-119.0,152.0
10.8574,-26.0,152.0
10.8624,127.0,154.0
10.8674,-81.0,154.0
10.8724,-174.0,156.0
10.8775,114.0,154.0
10.8826,204.0,156.0
10.8874,-57.0,156.0
10.8924,-182.0,156.0
10.8974,-49.0,156.0
10.9024,108.0,158.0
10.9075,143.0,158.0
10.9125,1.0,158.0
10.9174,-159.0,160.0
10.9224,-109.0,160.0
10.9274,83.0,160.0
10.9324,163.0,164.0
10.9376,22.0,162.0
10.9426,-133.0,162.0
10.9474,-82.0,164.0
10.9524,51.0,160.0
10.9573,74.0,162.0
10.9625,22.0,158.0
10.9675,-30.0,158.0
10.9725,-52.0,156.0
10.9775,-6.0,154.0
10.9823,34.0,154.0
10.9874,-1.0,154.0
10.9923,17.0,152.0
10.9976,61.0,152.0
11.0025,-68.0,152.0
11.0075,-115.0,152.0
11.0124,105.0,152.0
11.0174,101.0,154.0
11.0226,-142.0,154.0
11.0275,-43.0,156.0
11.0325,162.0,158.0
11.0373,7.0,158.0
11.0423,-117.0,160.0
11.0476,-7.0,160.0
11.0525,9.0,160.0
11.0574,5.0,160.0
11.0625,94.0,160.0
11.0674,21.0,160.0
11.0724,-131.0,162.0
11.0775,-50.0,164.0
11.0831,94.0,164.0
11.0874,47.0,166.0
11.0923,-32.0,166.0
11.0974,-11.0,166.0
11.1023,-31.0,166.0
11.1075,-29.0,166.0
11.1125,113.0,166.0
11.1175,63.0,166.0
11.1224,-190.0,166.0
11.1274,-96.0,164.0
11.1324,187.0,166.0
11.1374,95.0,162.0
11.1426,-90.0,164.0
11.1475,-29.0,160.0
11.1524,-28.0,160.0
11.1574,-64.0,158.0
11.1624,109.0,160.0
11.1674,130.0,162.0
11.1724,-149.0,162.0
11.1774,-164.0,164.0
11.1823,156.0,166.0
11.1874,182.0,168.0
11.1924,-130.0,170.0
11.1977,-166.0,172.0
11.2023,86.0,172.0
11.2074,84.0,172.0
11.2123,-70.0,172.0
11.2174,52.0,172.0
11.2223,121.0,172.0
11.2274,-170.0,174.0
11.2324,-199.0,176.0
11.2374,204.0,180.0
11.2425,209.0,182.0
11.2476,-171.0,184.0
11.2525,-114.0,186.0
11.2574,125.0,186.0
11.2624,-10.0,184.0
11.2674,-97.0,184.0
11.2724,67.0,182.0
11.2775,86.0,184.0
11.2827,-18.0,182.0
11.2875,-50.0,182.0
11.2936,-87.0,182.0
11.2973,-66.0,182.0
11.3024,145.0,182.0
11.3074,242.0,186.0
11.3124,-82.0,186.0
11.3174,-338.0,190.0
11.3224,-55.0,190.0
11.3273,239.0,192.0
11.3324,119.0,194.0
11.3378,-15.0,192.0
11.3424,-25.0,190.0
11.3474,-141.0,190.0
11.3524,-151.0,190.0
11.3574,126.0,190.0
11.3624,264.0,194.0
11.3674,-7.0,192.0
11.3726,-239.0,196.0
11.3773,-84.0,196.0
11.3823,132.0,196.0
11.3873,79.0,196.0
11.3923,-52.0,194.0
11.3975,9.0,194.0
11.4025,53.0,192.0
11.4074,-123.0,194.0
11.4124,-116.0,194.0
11.4173,186.0,196.0
11.4224,191.0,200.0
11.4274,-154.0,202.0
11.4324,-220.0,204.0
11.4374,55.0,204.0
11.4424,179.0,206.0
11.4473,51.0,206.0
11.4524,-95.0,204.0
11.4575,-119.0,206.0
11.4626,13.0,202.0
11.4674,138.0,202.0
11.4723,34.0,200.0
11.4774,-138.0,200.0
11.4826,-42.0,198.0
11.4875,167.0,198.0
11.4924,44.0,198.0
11.4973,-213.0,200.0
11.5023,-81.0,200.0
11.5073,197.0,202.0
11.5128,125.0,200.0
11.5175,-86.0,200.0
11.5224,-88.0,198.0
11.5274,-32.0,198.0
11.5323,-48.0,196.0
11.5374,24.0,196.0
11.5426,173.0,196.0
11.5474,117.0,196.0
11.5524,-169.0,198.0
11.5574,-260.0,200.0
11.5623,63.0,200.0
11.5674,287.0,202.0
11.5725,31.0,200.0
11.5776,-198.0,204.0
11.5824,-51.0,202.0
11.5873,54.0,202.0
11.5923,8.0,200.0
11.5983,71.0,200.0
11.6024,48.0,202.0
11.6075,-124.0,202.0
11.6124,-60.0,202.0
11.6173,110.0,204.0
11.6224,4.0,204.0
11.6274,-99.0,206.0
11.6325,60.0,206.0
11.6376,120.0,206.0
11.6424,-58.0,206.0
11.6475,-121.0,206.0
11.6524,15.0,206.0
11.6575,73.0,206.0
11.6625,-26.0,204.0
11.6674,-36.0,204.0
11.6724,102.0,202.0
11.6774,55.0,202.0
11.6825,-166.0,204.0
11.6874,-95.0,206.0
11.6925,174.0,208.0
11.6973,119.0,210.0
11.7029,-141.0,210.0
11.7074,-132.0,212.0
11.7125,82.0,212.0
11.7174,124.0,212.0
11.7224,-12.0,212.0
11.7273,-94.0,212.0
11.7323,-34.0,212.0
11.7376,70.0,212.0
11.7425,42.0,212.0
11.7475,-72.0,214.0
11.7525,-21.0,212.0
11.7573,76.0,212.0
11.7624,-23.0,210.0
11.7676,-71.0,210.0
11.7725,81.0,208.0
11.7774,77.0,208.0
11.7824,-107.0,208.0
11.7874,-105.0,208.0
11.7923,62.0,210.0
11.7976,114.0,210.0
11.8029,20.0,208.0
11.8074,-67.0,208.0
11.8123,-61.0,206.0
11.8174,4.0,204.0
11.8229,31.0,202.0
11.8274,0.0,200.0
11.8324,1.0,198.0
11.8373,50.0,196.0
11.8424,32.0,194.0
11.8474,-85.0,194.0
11.8527,-89.0,194.0
11.8574,89.0,196.0
11.8626,87.0,194.0
11.8708,-96.0,194.0
11.8723,-21.0,190.0
11.8773,109.0,190.0
11.8825,-62.0,188.0
11.8875,-106.0,186.0
11.8924,130.0,186.0
11.8973,99.0,186.0
11.9023,-161.0,188.0
11.9076,-106.0,188.0
11.9124,131.0,190.0
11.9175,109.0,190.0
11.9224,-33.0,190.0
11.9273,-73.0,190.0
11.9323,-86.0,190.0
11.9375,0.0,190.0
11.9426,152.0,190.0
11.9474,51.0,186.0
11.9524,-162.0,188.0
11.9574,-37.0,184.0
11.9624,184.0,186.0
11.9673,-2.0,182.0
11.9727,-234.0,184.0
11.9775,9.0,184.0
11.9824,249.0,186.0
11.9873,6.0,184.0
11.9924,-196.0,186.0
11.9973,-5.0,184.0
12.0023,122.0,182.0
12.0073,-8.0,182.0
12.0123,-83.0,178.0
12.0173,-2.0,178.0
12.0223,77.0,176.0
12.0284,40.0,176.0
12.0323,-78.0,176.0
12.0374,-63.0,178.0
12.0423,94.0,178.0
12.0474,55.0,176.0
12.0531,-134.0,176.0
12.0574,-48.0,174.0
12.0624,162.0,174.0
12.0674,58.0,172.0
12.0723,-139.0,172.0
12.0776,-63.0,172.0
12.0826,93.0,170.0
12.0875,66.0,170.0
12.0924,-65.0,170.0
12.0974,-79.0,170.0
12.1023,33.0,170.0
12.1073,64.0,168.0
12.1127,26.0,168.0
12.1175,33.0,166.0
12.1224,-52.0,168.0
12.1274,-163.0,166.0
12.1323,-9.0,166.0
12.1374,198.0,166.0
12.1425,79.0,166.0
12.1475,-115.0,164.0
12.1524,-39.0,164.0
12.1574,34.0,162.0
12.1626,-83.0,162.0
12.1674,-48.0,162.0
12.1724,142.0,164.0
12.1776,103.0,166.0
12.1824,-84.0,164.0
12.1874,-113.0,164.0
12.1923,9.0,162.0
12.1974,104.0,160.0
12.2025,9.0,158.0
12.2076,-138.0,156.0
12.2124,-20.0,156.0
12.2173,188.0,156.0
12.2224,60.0,156.0
12.2275,-191.0,158.0
12.2326,-100.0,160.0
12.2375,147.0,160.0
12.2424,110.0,162.0
12.2473,-86.0,160.0
12.2526,-97.0,162.0
12.2575,9.0,160.0
12.2624,60.0,160.0
12.2673,87.0,160.0
12.2723,21.0,160.0
12.2776,-150.0,160.0
12.2826,-128.0,162.0
12.2874,107.0,162.0
12.2925,175.0,164.0
12.2973,32.0,164.0
12.3023,-96.0,164.0
12.3076,-150.0,166.0
12.3128,-55.0,166.0
12.3173,144.0,166.0
12.3225,135.0,166.0
12.3273,-49.0,166.0
12.3323,-81.0,164.0
12.3376,-24.0,162.0
12.3424,-24.0,160.0
12.3473,34.0,160.0
12.3524,82.0,160.0
12.3575,-8.0,158.0
12.3624,-86.0,158.0
12.3674,-43.0,158.0
12.3726,70.0,158.0
12.3773,126.0,160.0
12.3824,-33.0,160.0
12.3873,-212.0,162.0
12.3923,-42.0,162.0
12.3974,223.0,164.0
12.4026,131.0,166.0
12.4073,-121.0,166.0
12.4123,-178.0,168.0
12.4173,-35.0,168.0
12.4224,167.0,168.0
12.4276,151.0,168.0
12.4325,-119.0,170.0
12.4374,-185.0,170.0
12.4423,54.0,172.0
12.4473,139.0,172.0
12.4523,-3.0,172.0
12.4575,-26.0,172.0
12.4624,11.0,172.0
12.4674,-95.0,174.0
12.4723,-82.0,174.0
12.4774,136.0,176.0
12.4823,135.0,178.0
12.4873,-79.0,178.0
12.4925,-95.0,178.0
12.4973,13.0,176.0
12.5025,-6.0,174.0
12.5076,-14.0,174.0
12.5125,82.0,174.0
12.5174,54.0,174.0
12.5224,-106.0,174.0
12.5273,-74.0,174.0
12.5324,102.0,174.0
12.5373,56.0,172.0
12.5424,-67.0,172.0
12.5473,-5.0,170.0
12.5523,18.0,168.0
12.5574,-61.0,168.0
12.5624,0.0,166.0
12.5676,106.0,168.0
12.5725,32.0,166.0
12.5774,-98.0,168.0
12.5823,-85.0,166.0
12.5873,54.0,166.0
12.5924,123.0,166.0
12.5974,-16.0,166.0
12.6026,-146.0,166.0
12.6073,1.0,166.0
12.6124,153.0,164.0
12.6173,22.0,164.0
12.6224,-115.0,162.0
12.6275,-65.0,164.0
12.6326,22.0,160.0
12.6373,92.0,162.0
12.6424,70.0,162.0
12.6473,-69.0,162.0
12.6524,-102.0,162.0
12.6575,18.0,162.0
12.6624,68.0,162.0
12.6674,18.0,162.0
12.6723,-5.0,160.0
12.6775,-17.0,160.0
12.6825,-52.0,160.0
12.6876,-12.0,158.0
12.6924,82.0,158.0
12.6973,46.0,158.0
12.7023,-77.0,156.0
12.7074,-54.0,156.0
12.7124,50.0,156.0
12.7173,29.0,154.0
12.7224,-33.0,154.0
12.7274,2.0,152.0
12.7325,63.0,152.0
12.7375,4.0,152.0
12.7424,-126.0,154.0
12.7473,-75.0,154.0
12.7524,157.0,156.0
12.7573,161.0,158.0
12.7623,-137.0,158.0
12.7675,-179.0,158.0
12.7723,124.0,160.0
12.7775,116.0,160.0
12.7824,-152.0,160.0
12.7873,-41.0,160.0
12.7923,183.0,162.0
12.7973,16.0,162.0
12.8024,-169.0,162.0
12.8074,-20.0,162.0
12.8123,119.0,162.0
12.8174,-6.0,160.0
12.8227,-77.0,160.0
12.8273,73.0,160.0
12.8325,70.0,160.0
12.8374,-125.0,160.0
12.8423,-83.0,162.0
12.8474,129.0,162.0
12.8525,88.0,162.0
12.8574,-103.0,162.0
12.8624,-81.0,162.0
12.8674,75.0,160.0
12.8723,74.0,160.0
12.8774,-47.0,158.0
12.8825,-48.0,158.0
12.8874,19.0,156.0
12.8925,-48.0,156.0
12.8973,-23.0,156.0
12.9023,209.0,158.0
12.9073,88.0,158.0
12.9125,-316.0,162.0
12.9175,-167.0,162.0
12.9225,255.0,164.0
12.9273,137.0,166.0
12.9323,-69.0,164.0
12.9382,51.0,164.0
12.9425,-72.0,164.0
12.9475,-276.0,166.0
12.9525,62.0,166.0
12.9573,354.0,168.0
12.9623,41.0,168.0
12.9676,-251.0,170.0
12.9724,-121.0,172.0
12.9774,86.0,172.0
12.9824,142.0,174.0
12.9873,29.0,174.0
12.9923,-125.0,174.0
12.9976,-76.0,176.0
13.0025,73.0,176.0
13.0074,65.0,176.0
13.0123,3.0,174.0
13.0173,2.0,172.0
13.0223,-51.0,174.0
13.0275,-96.0,172.0
13.0326,7.0,170.0
13.0373,130.0,170.0
13.0424,112.0,170.0
13.0473,-42.0,168.0
13.0524,-199.0,168.0
13.0574,-117.0,170.0
13.0623,172.0,170.0
13.0674,222.0,170.0
13.0725,-63.0,170.0
13.0776,-199.0,170.0
13.0827,-29.0,170.0
13.0873,91.0,168.0
13.0924,51.0,170.0
13.0973,16.0,170.0
13.1023,-19.0,170.0
13.1075,-63.0,168.0
13.1124,-20.0,168.0
13.1173,49.0,166.0
13.1224,31.0,166.0
13.1274,-20.0,164.0
13.1324,-9.0,162.0
13.1372,29.0,164.0
13.1423,-15.0,164.0
13.1474,-73.0,164.0
13.1523,11.0,162.0
13.1573,115.0,164.0
13.1624,25.0,162.0
13.1675,-141.0,164.0
13.1725,-81.0,164.0
13.1776,151.0,164.0
13.1824,134.0,166.0
13.1874,-127.0,168.0
13.1924,-151.0,170.0
13.1979,64.0,170.0
13.2025,113.0,172.0
13.2074,0.0,170.0
13.2124,-34.0,170.0
13.2173,-25.0,168.0
13.2223,-60.0,168.0
13.2274,-2.0,168.0
13.2325,150.0,168.0
13.2374,56.0,168.0
13.2424,-215.0,170.0
13.2474,-101.0,172.0
13.2526,237.0,172.0
13.2575,120.0,174.0
13.2626,-204.0,176.0
13.2673,-103.0,176.0
13.2723,133.0,178.0
13.2774,47.0,178.0
13.2826,-53.0,178.0
13.2874,23.0,176.0
13.2924,-5.0,174.0
13.2973,-82.0,176.0
13.3023,31.0,176.0
13.3074,112.0,176.0
13.3124,-30.0,178.0
13.3174,-111.0,178.0
13.3223,33.0,178.0
13.3281,97.0,180.0
13.3323,-37.0,178.0
13.3373,-84.0,180.0
13.3424,2.0,178.0
13.3474,47.0,178.0
13.3525,75.0,178.0
13.3573,41.0,178.0
13.3624,-122.0,180.0
13.3676,-131.0,182.0
13.3724,84.0,182.0
13.3774,123.0,184.0
13.3823,-26.0,182.0
13.3874,-3.0,182.0
13.3924,55.0,180.0
13.3976,-94.0,180.0
13.4024,-143.0,180.0
13.4074,57.0,178.0
13.4123,149.0,178.0
13.4173,48.0,176.0
13.4237,-14.0,174.0
13.4273,-66.0,174.0
13.4326,-155.0,174.0
13.4375,-27.0,174.0
13.4423,228.0,176.0
13.4474,126.0,178.0
13.4526,-191.0,178.0
13.4575,-149.0,180.0
13.4625,134.0,182.0
13.4675,102.0,182.0
13.4723,-139.0,182.0
13.4773,-28.0,182.0
13.4825,216.0,184.0
13.4876,-10.0,182.0
13.4924,-286.0,184.0
13.4974,-36.0,184.0
13.5023,252.0,186.0
13.5075,114.0,186.0
13.5125,-110.0,188.0
13.5173,-108.0,188.0
13.5224,-24.0,188.0
13.5274,19.0,188.0
13.5323,74.0,188.0
13.5374,28.0,188.0
13.5425,-96.0,186.0
13.5474,24.0,186.0
13.5525,177.0,184.0
13.5573,-89.0,182.0
13.5623,-268.0,182.0
13.5677,68.0,182.0
13.5726,236.0,184.0
13.5773,-7.0,184.0
13.5824,-64.0,184.0
13.5873,13.0,180.0
13.5924,-111.0,180.0
13.5978,-85.0,176.0
13.6024,179.0,178.0
13.6074,138.0,176.0
13.6124,-149.0,176.0
13.6173,-131.0,178.0
13.6223,96.0,176.0
13.6275,101.0,178.0
13.6325,-59.0,176.0
13.6374,-81.0,176.0
13.6423,49.0,176.0
13.6473,76.0,176.0
13.6523,-63.0,178.0
13.6576,-111.0,180.0
13.6624,64.0,180.0
13.6673,193.0,180.0
13.6723,-7.0,180.0
13.6773,-245.0,182.0
13.6828,-74.0,182.0
13.6875,190.0,184.0
13.6923,90.0,182.0
13.6974,-78.0,182.0
13.7023,-13.0,180.0
13.7073,14.0,176.0
13.7124,-73.0,176.0
13.7174,-17.0,174.0
13.7224,91.0,174.0
13.7273,16.0,174.0
13.7324,-67.0,174.0
13.7373,44.0,174.0
13.7425,72.0,174.0
13.7481,-131.0,176.0
13.7523,-124.0,178.0
13.7573,172.0,180.0
13.7623,164.0,182.0
13.7674,-157.0,184.0
13.7725,-151.0,186.0
13.7774,127.0,188.0
13.7823,114.0,190.0
13.7873,-92.0,190.0
13.7923,-82.0,190.0
13.7973,35.0,190.0
13.8025,42.0,190.0
13.8075,24.0,188.0
13.8123,9.0,186.0
13.8174,-66.0,186.0
13.8224,-41.0,184.0
13.8277,114.0,184.0
13.8324,44.0,182.0
13.8374,-177.0,184.0
13.8423,-51.0,182.0
13.8474,196.0,186.0
13.8524,50.0,186.0
13.8578,-127.0,188.0
13.8628,18.0,186.0
13.8673,45.0,188.0
13.8724,-133.0,188.0
13.8775,-50.0,188.0
13.8826,173.0,186.0
13.8875,110.0,186.0
13.8924,-97.0,184.0
13.8976,-116.0,184.0
13.9024,9.0,182.0
13.9074,67.0,180.0
13.9124,3.0,178.0
13.9175,-43.0,178.0
13.9225,27.0,178.0
13.9273,78.0,180.0
13.9323,-42.0,180.0
13.9376,-138.0,180.0
13.9423,28.0,180.0
13.9475,187.0,182.0
13.9534,6.0,182.0
13.9574,-206.0,182.0
13.9626,-46.0,184.0
13.9674,181.0,184.0
13.9724,72.0,186.0
13.9776,-105.0,186.0
13.9824,-74.0,186.0
13.9873,-12.0,186.0
13.9923,44.0,186.0
13.9977,128.0,186.0
14.0024,19.0,186.0
14.0074,-170.0,186.0
14.0124,-80.0,186.0
14.0173,100.0,186.0
14.0224,67.0,186.0
14.0274,14.0,186.0
14.0325,31.0,186.0
14.0374,-50.0,186.0
14.0423,-131.0,184.0
14.0473,-29.0,184.0
14.0526,147.0,184.0
14.0576,146.0,186.0
14.0625,-84.0,188.0
14.0675,-232.0,190.0
14.0723,8.0,188.0
14.0774,287.0,192.0
14.0827,46.0,188.0
14.0874,-300.0,192.0
14.0923,-81.0,190.0
14.0973,234.0,190.0
14.1023,96.0,190.0
14.1075,-116.0,190.0
14.1123,-94.0,190.0
14.1173,28.0,190.0
14.1225,109.0,188.0
14.1272,3.0,188.0
14.1323,-147.0,186.0
14.1374,-5.0,186.0
14.1425,167.0,184.0
14.1473,-9.0,182.0
14.1524,-141.0,182.0
14.1574,49.0,182.0
14.1623,93.0,184.0
14.1674,-81.0,184.0
14.1723,-41.0,184.0
14.1774,66.0,184.0
14.1823,-22.0,182.0
14.1873,-24.0,182.0
14.1923,84.0,182.0
14.1976,-3.0,180.0
14.2025,-106.0,178.0
14.2074,14.0,176.0
14.2124,90.0,174.0
14.2173,-9.0,174.0
14.2226,-48.0,174.0
14.2276,-24.0,174.0
14.2324,-50.0,174.0
14.2373,26.0,172.0
14.2423,161.0,172.0
14.2473,70.0,172.0
14.2524,-140.0,172.0
14.2574,-181.0,172.0
14.2625,-20.0,170.0
14.2674,193.0,172.0
14.2723,186.0,174.0
14.2777,-127.0,174.0
14.2828,-271.0,178.0
14.2874,52.0,178.0
14.2923,282.0,182.0
14.2973,2.0,180.0
14.3023,-268.0,182.0
14.3075,-61.0,180.0
14.3124,250.0,184.0
14.3174,131.0,182.0
14.3223,-202.0,184.0
14.3273,-165.0,184.0
14.3324,132.0,186.0
14.3375,147.0,186.0
14.3428,-77.0,188.0
14.3475,-130.0,188.0
14.3531,41.0,188.0
14.3573,159.0,190.0
14.3623,5.0,190.0
14.3675,-199.0,192.0
14.3725,-54.0,192.0
14.3773,191.0,194.0
14.3823,48.0,194.0
14.3873,-152.0,194.0
14.3923,23.0,192.0
14.3979,142.0,192.0
14.4026,-80.0,190.0
14.4074,-153.0,190.0
14.4123,59.0,190.0
14.4174,117.0,190.0
14.4224,-16.0,188.0
14.4275,-37.0,186.0
14.4324,32.0,186.0
14.4373,-4.0,186.0
14.4423,-70.0,186.0
14.4473,-4.0,186.0
14.4524,56.0,186.0
14.4574,-2.0,186.0
14.4625,-11.0,184.0
14.4673,46.0,184.0
14.4723,4.0,184.0
14.4775,-71.0,182.0
14.4824,-34.0,182.0
14.4874,48.0,180.0
14.4925,56.0,180.0
14.4973,-10.0,178.0
14.5023,-59.0,178.0
14.5073,9.0,178.0
14.5125,68.0,176.0
14.5175,-68.0,176.0
14.5224,-105.0,176.0
14.5274,149.0,176.0
14.5323,157.0,178.0
14.5375,-184.0,178.0
14.5425,-177.0,180.0
14.5475,138.0,182.0
14.5523,96.0,184.0
14.5573,-68.0,184.0
14.5624,87.0,184.0
14.5679,74.0,184.0
14.5725,-248.0,188.0
14.5776,-154.0,188.0
14.5823,239.0,192.0
14.5873,180.0,192.0
14.5924,-80.0,192.0
14.5976,-62.0,190.0
14.6025,-56.0,190.0
14.6075,-124.0,190.0
14.6123,67.0,190.0
14.6174,235.0,192.0
14.6223,-22.0,190.0
14.6275,-231.0,194.0
14.6325,24.0,194.0
14.6374,187.0,194.0
14.6423,-78.0,196.0
14.6474,-161.0,196.0
14.6524,125.0,196.0
14.6574,150.0,196.0
14.6625,-118.0,198.0
14.6674,-126.0,200.0
14.6723,71.0,200.0
14.6773,69.0,200.0
14.6825,-41.0,198.0
14.6875,-2.0,198.0
14.6923,60.0,198.0
14.6974,-14.0,196.0
14.7023,-99.0,196.0
14.7073,-49.0,192.0
14.7125,108.0,194.0
14.7175,169.0,192.0
14.7225,-61.0,192.0
14.7274,-277.0,192.0
14.7324,-13.0,192.0
14.7375,300.0,192.0
14.7424,39.0,192.0
14.748,-249.0,194.0
14.7527,18.0,192.0
14.7574,221.0,196.0
14.7628,-89.0,194.0
14.7679,-260.0,198.0
14.7725,92.0,198.0
14.7775,306.0,202.0
14.7833,-30.0,200.0
14.7876,-284.0,204.0
14.793,-24.0,202.0
14.7985,203.0,206.0
14.8032,22.0,204.0
14.8077,-131.0,206.0
14.8124,-3.0,204.0
14.8175,92.0,204.0
14.8228,31.0,204.0
14.8281,-65.0,206.0
14.8323,-124.0,206.0
14.8373,43.0,206.0
14.8426,278.0,210.0
14.8474,-5.0,210.0
14.8527,-432.0,214.0
14.8574,-96.0,216.0
14.8632,443.0,222.0
14.8675,205.0,226.0
14.8725,-258.0,228.0
14.8782,-168.0,230.0
14.8832,46.0,228.0
14.8878,-16.0,228.0
14.8926,15.0,226.0
14.8975,152.0,226.0
14.9025,20.0,226.0
14.9076,-127.0,224.0
14.9127,-3.0,222.0
14.9174,38.0,220.0
14.9223,-70.0,218.0
14.9274,-6.0,216.0
14.9324,107.0,214.0
14.9377,38.0,214.0
14.9428,-67.0,212.0
14.9478,-66.0,212.0
14.9528,-31.0,208.0
14.9575,-3.0,206.0
14.9626,99.0,204.0
14.9682,181.0,204.0
14.9728,-23.0,202.0
14.9783,-301.0,206.0
14.9825,-152.0,206.0
14.9875,210.0,208.0
14.9927,215.0,210.0
14.9982,-4.0,208.0
15.0028,-62.0,208.0
15.0077,-75.0,206.0
15.0125,-138.0,208.0
15.0173,-43.0,206.0
15.0225,145.0,208.0
15.0274,186.0,208.0
15.0323,55.0,208.0
15.0375,-163.0,208.0
15.0424,-239.0,212.0
15.0474,0.0,208.0
15.0529,235.0,212.0
15.0578,122.0,212.0
15.063,-100.0,212.0
15.0678,-118.0,214.0
15.0725,-23.0,214.0
15.0775,49.0,214.0
15.0834,97.0,216.0
15.0875,29.0,216.0
15.0927,-130.0,216.0
15.0975,-104.0,218.0
15.1023,94.0,220.0
15.1077,128.0,220.0
15.1129,-2.0,220.0
15.1178,-64.0,220.0
15.1227,-54.0,222.0
15.1274,-33.0,220.0
15.1326,34.0,220.0
15.1375,74.0,222.0
15.1428,-1.0,220.0
15.1478,-35.0,220.0
15.1525,11.0,220.0
15.1575,-16.0,220.0
15.1627,-16.0,218.0
15.1677,34.0,216.0
15.173,-45.0,214.0
15.1773,-47.0,212.0
15.1826,125.0,212.0
15.1874,77.0,210.0
15.1933,-130.0,210.0
15.1984,-85.0,212.0
15.2028,45.0,210.0
15.2076,43.0,210.0
15.2124,54.0,208.0
15.2176,-4.0,204.0
15.2228,-126.0,202.0
15.2274,29.0,200.0
15.2328,185.0,202.0
15.2375,-83.0,202.0
15.2424,-209.0,204.0
15.2475,102.0,204.0
15.2528,133.0,206.0
15.2579,-102.0,204.0
15.2634,32.0,204.0
15.2675,123.0,202.0
15.2726,-172.0,204.0
15.2776,-142.0,204.0
15.2831,201.0,206.0
15.2877,113.0,204.0
15.2923,-146.0,206.0
15.2975,-39.0,204.0
15.3025,92.0,202.0
15.3076,-27.0,202.0
15.3131,-88.0,202.0
15.3178,36.0,202.0
15.3228,116.0,202.0
15.3274,24.0,202.0
15.3325,-120.0,204.0
15.3378,-108.0,206.0
15.3431,63.0,204.0
15.3474,117.0,206.0
15.3523,4.0,204.0
15.3575,-3.0,202.0
15.3626,0.0,200.0
15.3685,-163.0,198.0
15.3745,-85.0,200.0
15.3775,272.0,200.0
15.3825,184.0,202.0
15.3879,-256.0,202.0
15.3927,-217.0,204.0
15.3983,109.0,204.0
15.4032,125.0,204.0
15.4079,73.0,200.0
15.4127,67.0,200.0
15.4175,-141.0,198.0
15.4227,-215.0,200.0
15.4278,62.0,198.0
15.4328,173.0,200.0
15.4375,13.0,196.0
15.4423,20.0,196.0
15.4474,52.0,196.0
15.4527,-167.0,198.0
15.4579,-193.0,200.0
15.4628,149.0,202.0
15.4675,233.0,204.0
15.4725,-49.0,202.0
15.4778,-134.0,204.0
15.4828,8.0,200.0
15.488,33.0,200.0
15.4923,-22.0,194.0
15.4975,-27.0,192.0
15.5025,-27.0,186.0
15.5076,43.0,184.0
15.5129,156.0,182.0
15.5179,30.0,180.0
15.5228,-230.0,182.0
15.5275,-159.0,186.0
15.5325,162.0,188.0
15.5378,215.0,188.0
15.5428,-27.0,188.0
15.5482,-148.0,188.0
15.5525,-54.0,190.0
15.5579,37.0,190.0
15.5623,46.0,190.0
15.5679,14.0,190.0
15.5728,-3.0,188.0
15.5778,19.0,188.0
15.5824,-7.0,186.0
15.5876,-68.0,186.0
15.5927,-6.0,186.0
15.5981,64.0,188.0
15.6028,-16.0,186.0
15.6075,-41.0,184.0
15.6124,65.0,184.0
15.6176,41.0,180.0
15.6227,-67.0,178.0
15.6283,-22.0,176.0
15.6324,20.0,172.0
15.6374,-54.0,174.0
15.6424,0.0,172.0
15.6476,137.0,174.0
15.6528,46.0,172.0
15.6573,-147.0,174.0
15.663,-89.0,174.0
15.6675,111.0,172.0
15.6722,64.0,172.0
15.6775,-123.0,172.0
15.6829,-19.0,168.0
15.6878,170.0,170.0
15.6926,24.0,168.0
15.6983,-141.0,168.0
15.7026,-47.0,166.0
15.7075,7.0,166.0
15.7129,19.0,164.0
15.7176,116.0,166.0
15.7226,25.0,164.0
15.7275,-137.0,166.0
15.7325,9.0,164.0
15.7378,117.0,164.0
15.7429,-131.0,166.0
15.7484,-167.0,166.0
15.7523,214.0,170.0
15.7573,272.0,172.0
15.7627,-158.0,174.0
15.7676,-304.0,178.0
15.7725,31.0,178.0
15.7774,199.0,180.0
15.7823,34.0,180.0
15.7873,-48.0,182.0
15.7926,-32.0,182.0
15.7973,-21.0,182.0
15.8025,71.0,182.0
15.8074,50.0,182.0
15.8123,-150.0,184.0
15.8173,-158.0,186.0
15.8223,98.0,186.0
15.8273,253.0,188.0
15.8325,103.0,188.0
15.8375,-148.0,188.0
15.8423,-234.0,192.0
15.8473,-94.0,192.0
15.8523,140.0,194.0
15.8574,220.0,198.0
15.8625,62.0,196.0
15.8674,-122.0,198.0
15.8725,-164.0,198.0
15.8773,-61.0,198.0
15.8824,103.0,196.0
15.8873,163.0,196.0
15.8923,26.0,194.0
15.8974,-133.0,196.0
15.9023,-110.0,196.0
15.908,37.0,196.0
15.9128,111.0,194.0
15.9174,22.0,192.0
15.9223,-72.0,190.0
15.9273,0.0,188.0
15.9322,61.0,188.0
15.9374,-55.0,188.0
15.9425,-94.0,188.0
15.9474,64.0,188.0
15.9523,122.0,188.0
15.9573,-25.0,188.0
15.9624,-93.0,188.0
15.9674,6.0,188.0
15.9724,28.0,186.0
15.9773,-32.0,186.0
15.9823,8.0,184.0
15.9873,44.0,184.0
15.9925,-9.0,184.0
15.9975,4.0,184.0
16.0024,31.0,184.0
16.0073,-49.0,182.0
16.0123,-82.0,182.0
16.0172,4.0,178.0
16.0223,82.0,176.0
16.0273,104.0,174.0
16.0324,5.0,170.0
16.0374,-183.0,172.0
16.0423,-105.0,172.0
16.0473,189.0,174.0
16.0523,121.0,174.0
16.0575,-163.0,174.0
16.0624,-59.0,172.0
16.0674,154.0,174.0
16.0723,11.0,170.0
16.0774,-147.0,172.0
16.0826,-33.0,174.0
16.0874,85.0,174.0
16.0924,88.0,172.0
16.0973,51.0,170.0
16.1023,-95.0,170.0
16.1086,-188.0,168.0
16.1128,9.0,168.0
16.1176,202.0,170.0
16.1224,121.0,170.0
16.1273,-56.0,172.0
16.1324,-200.0,174.0
16.1376,-133.0,176.0
16.1424,187.0,178.0
16.1474,222.0,180.0
16.1524,-138.0,180.0
16.1573,-184.0,182.0
16.1623,129.0,182.0
16.1674,89.0,180.0
16.1726,-173.0,180.0
16.1773,-9.0,178.0
16.1823,226.0,180.0
16.1873,-11.0,178.0
16.1924,-230.0,180.0
16.1975,-35.0,180.0
16.2025,159.0,182.0
16.2079,124.0,184.0
16.2123,-31.0,184.0
16.2173,-203.0,188.0
16.2223,-106.0,190.0
16.2273,209.0,192.0
16.2324,192.0,194.0
16.2374,-116.0,196.0
16.2423,-164.0,198.0
16.2473,-8.0,198.0
16.2525,26.0,196.0
16.2574,50.0,196.0
16.2625,115.0,198.0
16.2673,4.0,198.0
16.2725,-153.0,200.0
16.2777,-48.0,200.0
16.2827,111.0,200.0
16.2875,19.0,198.0
16.2923,-88.0,200.0
16.2973,25.0,198.0
16.3023,119.0,198.0
16.3073,-17.0,196.0
16.3136,-160.0,198.0
16.3173,-43.0,196.0
16.3224,161.0,200.0
16.3273,98.0,198.0
16.3323,-129.0,200.0
16.3376,-102.0,200.0
16.3425,116.0,200.0
16.3475,76.0,202.0
16.3524,-151.0,204.0
16.3573,-80.0,202.0
16.3626,180.0,206.0
16.3675,119.0,204.0
16.3725,-114.0,206.0
16.3775,-112.0,206.0
16.3824,-24.0,204.0
16.3875,13.0,202.0
16.3926,100.0,200.0
16.3975,90.0,198.0
16.4025,-60.0,196.0
16.4074,-90.0,192.0
16.4122,4.0,192.0
16.4173,19.0,190.0
16.4224,-7.0,190.0
16.4274,-4.0,188.0
16.4323,12.0,188.0
16.4373,93.0,190.0
16.4423,62.0,190.0
16.4474,-185.0,192.0
16.4524,-187.0,192.0
16.4574,156.0,192.0
16.4625,239.0,194.0
16.4675,-42.0,190.0
16.4723,-190.0,192.0
16.4774,-20.0,190.0
16.4826,160.0,188.0
16.4874,18.0,188.0
16.4924,-187.0,188.0
16.4973,-42.0,186.0
16.5023,134.0,186.0
16.5073,85.0,186.0
16.5123,70.0,184.0
16.5173,-29.0,184.0
16.5224,-264.0,186.0
16.5273,-140.0,186.0
16.5323,248.0,190.0
16.5373,260.0,192.0
16.5424,-47.0,190.0
16.5474,-199.0,194.0
16.5524,-131.0,194.0
16.5573,31.0,194.0
16.5623,142.0,194.0
16.5675,61.0,196.0
16.5724,-31.0,196.0
16.5774,-12.0,194.0
16.5823,-47.0,194.0
16.5873,-72.0,194.0
16.5923,-12.0,192.0
16.5974,54.0,192.0
16.6024,179.0,194.0
16.6073,98.0,196.0
16.6123,-312.0,200.0
16.6176,-296.0,204.0
16.6225,296.0,208.0
16.6275,395.0,214.0
16.6324,-171.0,216.0
16.6373,-323.0,222.0
16.6423,76.0,222.0
16.6473,139.0,224.0
16.6524,-94.0,224.0
16.6574,39.0,224.0
16.6624,195.0,226.0
16.6673,-139.0,226.0
16.6723,-299.0,232.0
16.6773,139.0,230.0
16.6825,329.0,234.0
16.6874,-73.0,232.0
16.6924,-259.0,234.0
16.6973,8.0,232.0
16.7024,152.0,234.0
16.7074,22.0,232.0
16.7124,-99.0,232.0
16.7181,-25.0,232.0
16.7224,129.0,232.0
16.7273,15.0,232.0
16.7324,-184.0,232.0
16.7373,7.0,232.0
16.7424,184.0,234.0
16.7474,-60.0,232.0
16.7524,-115.0,234.0
16.7573,149.0,232.0
16.7623,57.0,232.0
16.7674,-208.0,234.0
16.7724,-65.0,232.0
16.7773,137.0,232.0
16.7823,86.0,230.0
16.7873,58.0,228.0
16.7923,-37.0,226.0
16.7979,-234.0,226.0
16.8025,-80.0,226.0
16.8074,254.0,228.0
16.8124,185.0,228.0
16.8174,-116.0,230.0
16.8224,-198.0,230.0
16.8277,-65.0,230.0
16.8324,113.0,230.0
16.8374,163.0,232.0
16.8423,-5.0,228.0
16.8475,-127.0,228.0
16.8526,-36.0,228.0
16.8574,17.0,226.0
16.8623,0.0,224.0
16.8673,52.0,222.0
16.8724,40.0,220.0
16.8773,-37.0,218.0
16.8825,-16.0,216.0
16.8874,-2.0,216.0
16.8927,-41.0,216.0
16.8973,-7.0,216.0
16.9022,63.0,214.0
16.9073,71.0,216.0
16.9124,-30.0,214.0
16.9175,-139.0,216.0
16.9233,-28.0,214.0
16.9279,162.0,216.0
16.9324,63.0,216.0
16.9375,-134.0,218.0
16.9425,-48.0,216.0
16.9474,97.0,218.0
16.9523,12.0,216.0
16.9573,-78.0,216.0
16.9622,3.0,214.0
16.9675,60.0,212.0
16.9723,-6.0,210.0
16.9774,-32.0,210.0
16.9823,6.0,208.0
16.9873,-8.0,206.0
16.9923,15.0,204.0
16.9978,73.0,204.0
17.0025,-49.0,202.0
17.0073,-138.0,202.0
17.0123,43.0,202.0
17.0173,140.0,202.0
17.0223,1.0,202.0
17.0273,-66.0,202.0
17.0323,-9.0,202.0
17.0373,4.0,200.0
17.0423,-35.0,200.0
17.0473,-40.0,198.0
17.0525,50.0,200.0
17.0575,126.0,202.0
17.0623,18.0,202.0
17.0673,-147.0,204.0
17.0723,-106.0,206.0
17.0773,69.0,204.0
17.0825,136.0,206.0
17.0874,43.0,204.0
17.0924,-100.0,202.0
17.0973,-133.0,202.0
17.1022,29.0,198.0
17.1073,188.0,200.0
17.1124,54.0,198.0
17.1174,-182.0,202.0
17.1223,-116.0,200.0
17.1282,87.0,202.0
17.1323,93.0,200.0
17.1374,43.0,200.0
17.1424,23.0,198.0
17.1474,-94.0,198.0
17.1524,-143.0,200.0
17.1573,24.0,200.0
17.1623,172.0,198.0
17.1674,93.0,198.0
17.1723,-91.0,196.0
17.1774,-168.0,194.0
17.1823,-51.0,194.0
17.1873,157.0,194.0
17.1925,173.0,194.0
17.1975,-81.0,194.0
17.2025,-188.0,196.0
17.2074,1.0,194.0
17.2122,87.0,196.0
17.2173,31.0,196.0
17.2226,45.0,196.0
17.2273,-1.0,194.0
17.2324,-122.0,196.0
17.2377,-89.0,196.0
17.2424,113.0,196.0
17.2474,208.0,198.0
17.2527,-32.0,192.0
17.2575,-272.0,192.0
17.2624,-54.0,188.0
17.2673,230.0,186.0
17.2723,81.0,184.0
17.2776,-133.0,182.0
17.2827,-63.0,182.0
17.2875,70.0,180.0
17.2923,68.0,180.0
17.2973,-74.0,180.0
17.3023,-119.0,180.0
17.3073,113.0,180.0
17.3125,183.0,178.0
17.3174,-142.0,178.0
17.3224,-208.0,176.0
17.3273,140.0,176.0
17.3324,155.0,174.0
17.3377,-127.0,176.0
17.3425,-38.0,174.0
17.3474,129.0,176.0
17.3523,-58.0,176.0
17.3573,-132.0,178.0
17.3622,65.0,176.0
17.3674,89.0,178.0
17.3725,-3.0,174.0
17.3775,23.0,176.0
17.3823,-38.0,172.0
17.3873,-179.0,174.0
17.3922,14.0,174.0
17.3976,309.0,176.0
17.4024,28.0,176.0
17.4075,-364.0,178.0
17.4123,-46.0,178.0
17.4173,328.0,180.0
17.4225,40.0,180.0
17.4275,-228.0,182.0
17.4324,-17.0,182.0
17.4373,120.0,180.0
17.4432,-15.0,180.0
17.4475,-65.0,176.0
17.4524,28.0,174.0
17.4574,67.0,172.0
17.4623,18.0,170.0
17.4673,-57.0,170.0
17.4723,-124.0,170.0
17.4775,-16.0,168.0
17.4827,230.0,172.0
17.4875,111.0,172.0
17.4924,-278.0,174.0
17.4973,-159.0,178.0
17.5023,249.0,182.0
17.5074,128.0,182.0
17.5132,-167.0,184.0
17.5173,-37.0,184.0
17.5223,81.0,186.0
17.5273,-57.0,186.0
17.5322,-35.0,186.0
17.5376,98.0,188.0
17.5424,46.0,188.0
17.5475,-72.0,188.0
17.5523,-91.0,188.0
17.5573,-14.0,186.0
17.5625,98.0,188.0
17.5676,137.0,186.0
17.5725,-21.0,186.0
17.5774,-229.0,188.0
17.5823,-90.0,188.0
17.5873,231.0,190.0
17.5926,142.0,192.0
17.598,-137.0,194.0
17.6024,-92.0,194.0
17.6073,8.0,194.0
17.6123,-18.0,194.0
17.6172,68.0,194.0
17.6225,94.0,196.0
17.6273,-56.0,196.0
17.6324,-56.0,198.0
17.6373,23.0,196.0
17.6423,-60.0,196.0
17.6473,-42.0,196.0
17.6522,133.0,196.0
17.6574,78.0,196.0
17.6624,-91.0,198.0
17.6673,-46.0,196.0
17.6723,-4.0,196.0
17.6773,-45.0,198.0
17.6825,46.0,198.0
17.6874,112.0,198.0
17.6924,-15.0,198.0
17.6974,-113.0,198.0
17.7023,-27.0,198.0
17.7073,98.0,198.0
17.7124,51.0,196.0
17.7175,-104.0,198.0
17.7223,-82.0,196.0
17.7273,112.0,198.0
17.7323,119.0,198.0
17.7376,-84.0,196.0
17.7425,-124.0,198.0
17.7473,25.0,196.0
17.7523,82.0,196.0
17.7573,17.0,194.0
17.7623,-29.0,192.0
17.7674,0.0,190.0
17.7723,8.0,190.0
17.7774,-66.0,190.0
17.7823,-30.0,190.0
17.7873,135.0,190.0
17.7922,78.0,190.0
17.7974,-175.0,192.0
17.8024,-127.0,192.0
17.8073,166.0,192.0
17.8123,163.0,194.0
17.8173,-94.0,192.0
17.8223,-166.0,194.0
17.8274,-21.0,192.0
17.8325,115.0,192.0
17.8374,125.0,192.0
17.8423,-24.0,190.0
17.8473,-176.0,192.0
17.8524,-71.0,192.0
17.8573,160.0,194.0
17.8624,151.0,196.0
17.8673,-71.0,196.0
17.8735,-184.0,198.0
17.8773,-87.0,198.0
17.8823,112.0,198.0
17.8875,246.0,198.0
17.8923,62.0,198.0
17.8973,-291.0,198.0
17.9023,-216.0,202.0
17.9074,197.0,200.0
17.9125,222.0,204.0
17.9175,-59.0,202.0
17.9224,-98.0,202.0
17.9273,-36.0,202.0
17.9323,-46.0,202.0
17.9373,80.0,202.0
17.9424,148.0,202.0
17.9473,-73.0,202.0
17.9523,-197.0,202.0
17.9572,12.0,200.0
17.9623,191.0,200.0
17.9673,76.0,198.0
17.9726,-146.0,198.0
17.9774,-145.0,198.0
17.9823,100.0,200.0
17.9873,164.0,200.0
17.9924,-60.0,200.0
17.9978,-122.0,200.0
18.0024,9.0,200.0
18.0074,22.0,198.0
18.0123,33.0,198.0
18.0172,87.0,200.0
18.0224,-42.0,200.0
18.028,-134.0,198.0
18.0325,28.0,200.0
18.0373,99.0,196.0
18.0423,-11.0,196.0
18.0474,-26.0,190.0
18.0523,-16.0,190.0
18.0573,-56.0,186.0
18.0624,57.0,186.0
18.0673,138.0,184.0
18.0723,-67.0,186.0
18.0774,-177.0,186.0
18.0825,15.0,186.0
18.0875,119.0,186.0
18.0924,42.0,188.0
18.0974,24.0,186.0
18.1023,-28.0,186.0
18.1075,-159.0,188.0
18.1124,-61.0,188.0
18.1175,198.0,190.0
18.1223,156.0,188.0
18.1273,-136.0,190.0
18.1324,-195.0,188.0
18.1375,26.0,186.0
18.1424,173.0,184.0
18.1476,62.0,184.0
18.1523,-125.0,184.0
18.1573,-77.0,184.0
18.1626,88.0,184.0
18.1675,13.0,184.0
18.1725,-84.0,184.0
18.1774,77.0,184.0
18.1823,98.0,184.0
18.1872,-119.0,186.0
18.1923,-96.0,186.0
18.1975,81.0,186.0
18.2023,55.0,186.0
18.2074,2.0,184.0
18.2123,4.0,184.0
18.2173,-78.0,180.0
18.2223,-50.0,180.0
18.2274,107.0,178.0
18.2323,82.0,178.0
18.2375,-102.0,176.0
18.2423,-116.0,178.0
18.2473,104.0,178.0
18.2527,149.0,180.0
18.2573,-128.0,182.0
18.2623,-156.0,182.0
18.2673,145.0,184.0
18.2723,118.0,186.0
18.2776,-131.0,186.0
18.2826,-40.0,186.0
18.2873,102.0,188.0
18.2923,-33.0,186.0
18.2973,-89.0,186.0
18.3022,51.0,186.0
18.3073,85.0,186.0
18.3125,-2.0,186.0
18.3174,-51.0,186.0
18.3224,-45.0,186.0
18.3273,-19.0,184.0
18.3323,5.0,184.0
18.3373,71.0,184.0
18.3424,113.0,186.0
18.3473,-63.0,184.0
18.3523,-196.0,186.0
18.3572,28.0,186.0
18.3623,164.0,186.0
18.3675,-37.0,186.0
18.3725,-58.0,184.0
18.3775,102.0,186.0
18.3823,-17.0,184.0
18.3873,-144.0,186.0
18.3922,23.0,184.0
18.3978,98.0,186.0
18.4025,-10.0,186.0
18.4074,-3.0,186.0
18.4123,16.0,186.0
18.4173,-50.0,186.0
18.4223,-11.0,184.0
18.4275,40.0,184.0
18.4324,-42.0,182.0
18.4373,-15.0,180.0
18.4423,119.0,180.0
18.4473,3.0,178.0
18.4526,-152.0,178.0
18.4575,22.0,176.0
18.4623,120.0,176.0
18.4673,-79.0,176.0
18.4722,-66.0,176.0
18.478,134.0,176.0
18.4824,33.0,176.0
18.4875,-142.0,176.0
18.4923,-14.0,174.0
18.4973,90.0,174.0
18.5022,-9.0,172.0
18.5073,-6.0,170.0
18.5127,30.0,168.0
18.5176,-48.0,168.0
18.5223,-14.0,166.0
18.5274,58.0,162.0
18.5324,-26.0,162.0
18.5374,-62.0,158.0
18.5425,20.0,156.0
18.5474,67.0,154.0
18.5523,79.0,152.0
18.5572,-23.0,150.0
18.5624,-208.0,152.0
18.5673,-85.0,154.0
18.5725,254.0,156.0
18.5775,181.0,158.0
18.5823,-174.0,158.0
18.5873,-159.0,160.0
18.5922,45.0,158.0
18.5974,24.0,158.0
18.6025,11.0,154.0
18.6075,89.0,156.0
18.6123,30.0,154.0
18.6173,-73.0,152.0
18.6223,-76.0,152.0
18.6273,-29.0,150.0
18.6324,52.0,150.0
18.6374,101.0,150.0
18.6422,4.0,150.0
18.6473,-101.0,150.0
18.6523,-27.0,150.0
18.6574,68.0,150.0
18.6635,8.0,150.0
18.6673,-38.0,148.0
18.6722,18.0,148.0
18.6772,27.0,146.0
18.6825,-17.0,146.0
18.6874,-28.0,146.0
18.6925,-21.0,146.0
18.6972,12.0,146.0
18.7022,67.0,146.0
18.7073,39.0,144.0
18.7124,-83.0,146.0
18.7175,-95.0,144.0
18.7225,71.0,144.0
18.7273,124.0,144.0
18.7323,-60.0,144.0
18.7377,-151.0,146.0
18.7423,45.0,148.0
18.7474,197.0,148.0
18.7523,24.0,148.0
18.7574,-207.0,148.0
18.7624,-148.0,148.0
18.7682,112.0,146.0
18.7723,205.0,148.0
18.7773,9.0,146.0
18.7824,-112.0,146.0
18.7873,-13.0,146.0
18.7924,-29.0,144.0
18.7978,-94.0,144.0
18.8024,73.0,144.0
18.8081,157.0,146.0
18.8123,-44.0,146.0
18.8172,-80.0,146.0
18.8225,65.0,144.0
18.8274,-59.0,144.0
18.8325,-156.0,144.0
18.8374,146.0,146.0
18.8423,209.0,148.0
18.8473,-150.0,150.0
18.8526,-143.0,152.0
18.8574,117.0,154.0
18.8625,-1.0,152.0
18.8673,-89.0,152.0
18.8723,128.0,152.0
18.878,68.0,152.0
18.8824,-191.0,154.0
18.8873,-54.0,152.0
18.8923,212.0,154.0
18.8973,70.0,152.0
18.9024,-207.0,154.0
18.9073,-95.0,152.0
18.9127,184.0,154.0
18.9174,64.0,152.0
18.9223,-194.0,156.0
18.9273,-3.0,154.0
18.9323,264.0,158.0
18.9373,20.0,156.0
18.9424,-302.0,160.0
18.9473,-116.0,160.0
18.9523,205.0,164.0
18.9573,159.0,166.0
18.9623,-30.0,166.0
18.9674,-70.0,166.0
18.9728,-65.0,168.0
18.9773,-59.0,166.0
18.9823,29.0,166.0
18.9872,96.0,166.0
18.9923,45.0,164.0
18.9975,-41.0,164.0
19.0024,-75.0,162.0
19.0075,-16.0,162.0
19.0122,86.0,162.0
19.0172,44.0,162.0
19.0223,-110.0,164.0
19.0277,-70.0,162.0
19.0325,99.0,164.0
19.0373,88.0,164.0
19.0423,-35.0,164.0
19.0473,-77.0,164.0
19.0524,-16.0,164.0
19.0575,56.0,164.0
19.0625,18.0,164.0
19.0673,-64.0,166.0
19.0734,-19.0,164.0
19.0773,90.0,166.0
19.0825,61.0,166.0
19.0875,-88.0,166.0
19.0923,-105.0,166.0
19.0973,42.0,166.0
19.1022,76.0,166.0
19.1072,3.0,164.0
19.1127,30.0,164.0
19.1172,9.0,162.0
19.1223,-127.0,164.0
19.1272,-69.0,162.0
19.1324,122.0,164.0
19.1377,87.0,164.0
19.1425,-46.0,164.0
19.1473,-22.0,164.0
19.1523,5.0,164.0
19.1574,-33.0,164.0
19.1624,-15.0,164.0
19.1673,-6.0,162.0
19.1723,-5.0,162.0
19.1776,66.0,162.0
19.1823,75.0,164.0
19.1873,-26.0,162.0
19.1923,-92.0,164.0
19.1977,-77.0,164.0
19.2024,6.0,160.0
19.2073,109.0,162.0
19.2123,77.0,158.0
19.2173,-31.0,156.0
19.2223,-71.0,154.0
19.2275,-54.0,152.0
19.2324,26.0,152.0
19.2375,58.0,154.0
19.2423,-28.0,154.0
19.2475,17.0,152.0
19.2523,85.0,154.0
19.2575,-108.0,154.0
19.2624,-156.0,154.0
19.2673,125.0,156.0
19.2724,179.0,158.0
19.2775,-35.0,158.0
19.2829,-95.0,158.0
19.2875,-77.0,158.0
19.2923,-69.0,158.0
19.2973,94.0,160.0
19.3023,182.0,162.0
19.3073,-7.0,162.0
19.3125,-133.0,164.0
19.3174,-88.0,164.0
19.3224,-24.0,164.0
19.3273,110.0,166.0
19.3323,141.0,168.0
19.3376,-77.0,168.0
19.3423,-149.0,170.0
19.3474,54.0,170.0
19.3524,94.0,170.0
19.3573,-62.0,170.0
19.3623,-27.0,170.0
19.3673,83.0,168.0
19.3724,-20.0,168.0
19.3775,-96.0,168.0
19.3831,23.0,166.0
19.3872,83.0,164.0
19.3922,9.0,164.0
19.3976,-59.0,162.0
19.4024,-52.0,160.0
19.4073,69.0,160.0
19.4123,111.0,158.0
19.4173,-106.0,160.0
19.4223,-188.0,162.0
19.4274,107.0,162.0
19.4323,223.0,166.0
19.4373,-77.0,166.0
19.4423,-170.0,168.0
19.4472,74.0,166.0
19.4524,80.0,166.0
19.4575,-95.0,166.0
19.4624,-30.0,166.0
19.4675,63.0,166.0
19.4723,21.0,164.0
19.4772,49.0,162.0
19.4824,4.0,160.0
19.4873,-167.0,160.0
19.4923,-62.0,158.0
19.4973,199.0,160.0
19.5023,92.0,162.0
19.5075,-148.0,162.0
19.5124,-58.0,160.0
19.5174,91.0,162.0
19.5223,7.0,158.0
19.5273,-94.0,158.0
19.5322,8.0,156.0
19.5376,152.0,158.0
19.5423,7.0,154.0
19.5474,-202.0,156.0
19.5523,-49.0,154.0
19.5573,184.0,156.0
19.5623,114.0,154.0
19.5675,-88.0,156.0
19.5725,-162.0,154.0
19.5775,-25.0,154.0
19.5823,141.0,152.0
19.5873,77.0,150.0
19.5922,-78.0,148.0
19.5976,-42.0,148.0
19.6024,45.0,148.0
19.6073,-22.0,146.0
19.6123,-56.0,146.0
19.6173,52.0,146.0
19.6223,59.0,146.0
19.6273,-42.0,146.0
19.6323,-22.0,146.0
19.6373,30.0,146.0
19.6422,-11.0,144.0
19.6473,-20.0,144.0
19.6527,-3.0,144.0
19.6573,-14.0,142.0
19.6624,27.0,142.0
19.6673,42.0,140.0
19.6723,-14.0,140.0
19.6774,0.0,138.0
19.6824,2.0,138.0
19.6879,-89.0,138.0
19.6923,-42.0,138.0
19.6973,142.0,140.0
19.7022,106.0,140.0
19.7073,-113.0,142.0
19.7125,-140.0,144.0
19.7175,33.0,142.0
19.7223,141.0,144.0
19.7272,45.0,144.0
19.7323,-141.0,144.0
19.7372,-82.0,144.0
19.7423,145.0,146.0
19.7474,61.0,146.0
19.7524,-145.0,148.0
19.7572,12.0,148.0
19.7623,133.0,148.0
19.7673,-121.0,150.0
19.7723,-114.0,150.0
19.7775,239.0,152.0
19.7823,110.0,152.0
19.7873,-323.0,158.0
19.7923,-138.0,160.0
19.7977,323.0,164.0
19.8025,167.0,166.0
19.8073,-222.0,170.0
19.8123,-132.0,172.0
19.8173,53.0,172.0
19.8222,3.0,170.0
19.8275,106.0,172.0
19.8325,165.0,172.0
19.8374,-176.0,174.0
19.8423,-281.0,178.0
19.8474,138.0,178.0
19.8524,273.0,182.0
19.8573,-57.0,182.0
19.8624,-153.0,184.0
19.8672,19.0,184.0
19.8744,1.0,182.0
19.8773,-47.0,182.0
19.8825,106.0,184.0
19.8874,114.0,186.0
19.8924,-133.0,186.0
19.8976,-197.0,188.0
19.9022,87.0,186.0
19.9074,275.0,188.0
19.9129,-6.0,186.0
19.9175,-309.0,190.0
19.9223,-56.0,190.0
19.9273,270.0,192.0
19.9323,59.0,192.0
19.9373,-173.0,194.0
19.9424,-9.0,192.0
19.9474,66.0,192.0
19.9525,-43.0,190.0
19.9572,10.0,190.0
19.9623,74.0,190.0
19.9673,-40.0,190.0
19.9724,-88.0,188.0
19.9774,28.0,188.0
19.9824,78.0,186.0
19.9873,0.0,186.0
19.9923,-41.0,184.0
19.9975,-16.0,184.0
20.0024,19.0,184.0
20.0074,18.0,182.0
20.0123,-60.0,184.0
20.0173,-38.0,182.0
20.0224,135.0,184.0
20.0274,74.0,184.0
20.0325,-176.0,186.0
20.0373,-93.0,188.0
20.0423,180.0,190.0
20.0473,86.0,190.0
20.0523,-190.0,190.0
20.0574,-82.0,190.0
20.0623,210.0,190.0
20.0673,99.0,190.0
20.0723,-179.0,190.0
20.0773,-110.0,190.0
20.0824,65.0,188.0
20.0874,71.0,188.0
20.0924,79.0,188.0
20.0973,9.0,188.0
20.1024,-176.0,190.0
20.1073,-78.0,190.0
20.1128,199.0,192.0
20.1173,103.0,194.0
20.1223,-174.0,196.0
20.1273,-100.0,196.0
20.1323,134.0,196.0
20.1373,83.0,194.0
20.1424,-99.0,194.0
20.1473,-64.0,194.0
20.1523,72.0,194.0
20.1573,59.0,192.0
20.1623,-31.0,194.0
20.1673,-62.0,192.0
20.1724,-28.0,194.0
20.1773,55.0,192.0
20.1822,75.0,192.0
20.1873,-45.0,190.0
20.1923,-87.0,190.0
20.1981,50.0,188.0
20.2023,65.0,188.0
20.2073,-56.0,188.0
20.2122,-26.0,186.0
20.2173,51.0,186.0
20.2222,3.0,184.0
20.2272,-41.0,184.0
20.2323,-17.0,182.0
20.2373,26.0,182.0
20.2422,46.0,182.0
20.2472,-6.0,182.0
20.2523,-48.0,182.0
20.2573,2.0,180.0
20.2624,20.0,180.0
20.2673,-41.0,180.0
20.2725,2.0,180.0
20.2773,103.0,180.0
20.2828,1.0,180.0
20.2877,-134.0,182.0
20.2927,-21.0,182.0
20.2974,109.0,184.0
20.3026,43.0,184.0
20.3073,-41.0,184.0
20.313,-51.0,186.0
20.318,-38.0,186.0
20.3226,21.0,186.0
20.3274,78.0,186.0
20.3324,46.0,186.0
20.3378,-38.0,184.0
20.3427,-94.0,184.0
20.348,-25.0,182.0
20.3527,82.0,182.0
20.3574,28.0,182.0
20.3624,-56.0,180.0
20.3678,8.0,180.0
20.3729,71.0,178.0
20.3777,10.0,178.0
20.3828,-94.0,176.0
20.3874,-93.0,178.0
20.3925,48.0,176.0
20.398,138.0,178.0
20.4024,56.0,176.0
20.4077,-67.0,176.0
20.4124,-114.0,176.0
20.4174,-65.0,172.0
20.4228,48.0,172.0
20.4281,139.0,170.0
20.4332,85.0,168.0
20.4376,-117.0,166.0
20.4425,-159.0,164.0
20.4477,91.0,162.0
20.4528,142.0,164.0
20.458,-122.0,164.0
20.4633,-109.0,166.0
20.4678,137.0,166.0
20.4724,101.0,166.0
20.4776,-56.0,164.0
20.483,-64.0,160.0
20.4878,-61.0,158.0
20.4934,-28.0,156.0
20.4974,101.0,156.0
20.5025,104.0,154.0
20.5079,-49.0,156.0
20.5127,-93.0,156.0
20.5179,3.0,156.0
20.5222,23.0,154.0
20.5274,-33.0,154.0
20.5326,44.0,152.0
20.5377,113.0,150.0
20.5424,-70.0,150.0
20.548,-157.0,148.0
20.5532,50.0,150.0
20.5574,114.0,146.0
20.5626,-10.0,146.0
20.5679,-24.0,142.0
20.5731,-19.0,142.0
20.5785,-33.0,140.0
20.5824,43.0,140.0
20.5874,29.0,138.0
20.5924,-89.0,140.0
20.5981,-2.0,140.0
20.6029,152.0,140.0
20.6073,4.0,140.0
20.6124,-179.0,142.0
20.6172,-46.0,142.0
20.6228,118.0,142.0
20.6278,85.0,144.0
20.633,4.0,144.0
20.6372,-84.0,144.0
20.6422,-114.0,146.0
20.6476,65.0,146.0
20.6528,171.0,148.0
20.658,-57.0,148.0
20.6622,-180.0,150.0
20.6674,38.0,148.0
20.6724,146.0,148.0
20.6774,16.0,148.0
20.6831,-78.0,146.0
20.6878,-75.0,146.0
20.6937,13.0,142.0
20.6974,89.0,142.0
20.7024,0.0,140.0
20.7077,-54.0,138.0
20.7124,51.0,136.0
20.7172,23.0,136.0
20.7229,-126.0,136.0
20.7274,-40.0,136.0
20.7325,146.0,136.0
20.7377,76.0,138.0
20.7427,-59.0,136.0
20.7478,-47.0,136.0
20.7526,-63.0,134.0
20.7574,-50.0,132.0
20.7624,105.0,132.0
20.7679,97.0,132.0
20.773,-97.0,130.0
20.7778,-17.0,130.0
20.7824,152.0,130.0
20.7875,-79.0,130.0
20.793,-245.0,134.0
20.7983,64.0,134.0
20.8029,226.0,136.0
20.8072,25.0,136.0
20.8125,-57.0,136.0
20.8174,-65.0,136.0
20.8225,-135.0,138.0
20.8277,15.0,138.0
20.8329,212.0,140.0
20.8378,56.0,140.0
20.8424,-156.0,140.0
20.8475,-68.0,140.0
20.8526,69.0,142.0
20.8574,15.0,142.0
20.863,-46.0,142.0
20.8675,34.0,142.0
20.8724,66.0,142.0
20.8776,-18.0,142.0
20.8828,-37.0,142.0
20.8879,-42.0,142.0
20.8928,-55.0,142.0
20.8974,81.0,144.0
20.9025,129.0,146.0
20.9077,-76.0,146.0
20.9131,-132.0,148.0
20.9177,62.0,148.0
20.9223,89.0,150.0
20.9273,-56.0,148.0
20.9323,-34.0,148.0
20.9378,52.0,148.0
20.9428,-31.0,146.0
20.9475,-56.0,148.0
20.9523,78.0,148.0
20.9574,68.0,148.0
20.9624,-34.0,148.0
20.9679,-40.0,148.0
20.9728,-95.0,148.0
20.9781,-60.0,148.0
20.9828,198.0,150.0
20.9874,148.0,152.0
20.9924,-198.0,154.0
20.9976,-117.0,156.0
21.0024,149.0,156.0
21.0074,-3.0,156.0
21.0125,-122.0,158.0
21.0172,94.0,160.0
21.0227,104.0,160.0
21.0273,-95.0,160.0
21.0323,-38.0,160.0
21.0374,56.0,158.0
21.0424,-72.0,158.0
21.0477,-37.0,158.0
21.0528,149.0,158.0
21.0578,37.0,158.0
21.0633,-158.0,160.0
21.0676,-60.0,158.0
21.0725,131.0,158.0
21.0777,133.0,160.0
21.0831,-79.0,158.0
21.0879,-216.0,160.0
21.0926,12.0,158.0
21.0975,207.0,160.0
21.1024,7.0,158.0
21.1074,-85.0,156.0
21.1129,56.0,156.0
21.1179,-57.0,156.0
21.123,-153.0,158.0
21.1274,120.0,158.0
21.1323,203.0,162.0
21.1376,-89.0,160.0
21.143,-190.0,162.0
21.1478,0.0,162.0
21.1525,147.0,162.0
21.1575,103.0,164.0
21.1627,-115.0,166.0
21.1679,-169.0,168.0
21.1731,128.0,168.0
21.1785,179.0,170.0
21.1825,-179.0,172.0
21.1874,-168.0,172.0
21.1924,207.0,174.0
21.1982,147.0,174.0
21.2029,-157.0,176.0
21.2077,-85.0,178.0
21.2124,39.0,178.0
21.2172,-20.0,178.0
21.2223,84.0,178.0
21.2281,127.0,180.0
21.233,-158.0,182.0
21.2374,-192.0,184.0
21.2423,170.0,184.0
21.2473,213.0,188.0
21.2526,-124.0,186.0
21.258,-199.0,190.0
21.2625,28.0,188.0
21.2686,139.0,188.0
21.2722,66.0,190.0
21.2773,-41.0,190.0
21.2825,-89.0,188.0
21.2875,-43.0,188.0
21.2923,36.0,186.0
21.2973,66.0,186.0
21.3022,15.0,184.0
21.3072,-23.0,184.0
21.3124,22.0,182.0
21.3174,-17.0,182.0
21.3223,-138.0,182.0
21.3282,-36.0,182.0
21.3322,187.0,184.0
21.3374,158.0,186.0
21.3424,-69.0,186.0
21.3473,-199.0,190.0
21.3523,-103.0,190.0
21.3572,106.0,192.0
21.3623,146.0,192.0
21.3673,4.0,190.0
21.3725,-32.0,190.0
21.3773,-21.0,188.0
21.3824,-117.0,190.0
21.3873,-22.0,188.0
21.3922,207.0,192.0
21.3972,55.0,192.0
21.4025,-222.0,192.0
21.4073,-68.0,192.0
21.4122,168.0,194.0
21.4172,61.0,194.0
21.4225,-79.0,194.0
21.4276,-32.0,192.0
21.4322,20.0,188.0
21.4372,22.0,188.0
21.4422,-15.0,184.0
21.4472,-61.0,186.0
21.4523,13.0,184.0
21.4573,99.0,186.0
21.4623,21.0,184.0
21.4673,-65.0,184.0
21.4725,-47.0,182.0
21.4772,-24.0,182.0
21.4823,14.0,180.0
21.4872,94.0,180.0
21.4922,58.0,180.0
21.4973,-104.0,180.0
21.5023,-127.0,182.0
21.5073,71.0,182.0
21.5125,157.0,184.0
21.5173,-35.0,184.0
21.5222,-136.0,186.0
21.5272,34.0,186.0
21.5324,83.0,186.0
21.5378,-83.0,186.0
21.5425,-29.0,184.0
21.5476,167.0,186.0
21.5523,-6.0,184.0
21.5574,-238.0,186.0
21.5623,20.0,186.0
21.5673,253.0,188.0
21.5723,-8.0,188.0
21.5772,-201.0,190.0
21.5822,-16.0,190.0
21.5874,93.0,190.0
21.5922,20.0,190.0
21.5974,41.0,190.0
21.6023,14.0,190.0
21.6073,-152.0,192.0
21.6123,-65.0,190.0
21.6172,212.0,194.0
21.6223,102.0,192.0
21.6274,-236.0,192.0
21.6333,-123.0,192.0
21.6372,235.0,194.0
21.6424,135.0,194.0
21.6473,-185.0,196.0
21.6524,-114.0,196.0
21.6574,81.0,196.0
21.6623,31.0,194.0
21.6673,17.0,194.0
21.6722,83.0,194.0
21.6773,-51.0,194.0
21.6824,-155.0,196.0
21.6874,31.0,196.0
21.6923,152.0,196.0
21.6973,-17.0,196.0
21.7022,-117.0,194.0
21.7072,32.0,194.0
21.7124,95.0,194.0
21.7174,-56.0,192.0
21.7223,-109.0,192.0
21.7272,64.0,190.0
21.7322,162.0,192.0
21.7372,-43.0,190.0
21.7423,-223.0,194.0
21.7474,-12.0,192.0
21.7522,242.0,196.0
21.7573,105.0,196.0
21.7622,-180.0,196.0
21.7672,-207.0,198.0
21.7723,27.0,196.0
21.7773,246.0,198.0
21.7824,151.0,196.0
21.7872,-171.0,200.0
21.7922,-227.0,200.0
21.7972,36.0,200.0
21.8024,124.0,200.0
21.8073,18.0,198.0
21.8123,52.0,196.0
21.8172,80.0,194.0
21.8222,-102.0,194.0
21.8277,-205.0,194.0
21.8323,-14.0,192.0
21.8379,179.0,192.0
21.8424,130.0,192.0
21.8472,-16.0,190.0
21.8522,-99.0,192.0
21.8572,-108.0,192.0
21.8623,-44.0,192.0
21.8673,95.0,192.0
21.8753,177.0,192.0
21.8772,-3.0,188.0
21.8823,-227.0,190.0
21.8874,-72.0,188.0
21.8922,201.0,188.0
21.8972,75.0,186.0
21.9022,-155.0,188.0
21.9072,2.0,186.0
21.9122,163.0,188.0
21.9175,-70.0,188.0
21.9222,-240.0,190.0
21.9272,9.0,190.0
21.9322,285.0,194.0
21.9375,150.0,196.0
21.9429,-196.0,198.0
21.9473,-246.0,202.0
21.9522,19.0,202.0
21.9573,197.0,204.0
21.9623,110.0,204.0
21.9673,-83.0,204.0
21.9724,-123.0,204.0
21.9772,3.0,202.0
21.9823,55.0,202.0
21.9872,14.0,198.0
21.9922,29.0,198.0
21.9974,24.0,196.0
22.0023,-76.0,194.0
22.0072,-87.0,196.0
22.0123,46.0,196.0
22.0172,96.0,198.0
22.0222,35.0,196.0
22.0274,-15.0,196.0
22.0325,-87.0,194.0
22.0373,-85.0,194.0
22.0425,77.0,192.0
22.0472,116.0,194.0
22.0523,-45.0,192.0
22.0573,-74.0,192.0
22.0623,11.0,190.0
22.0672,25.0,190.0
22.0723,46.0,190.0
22.0772,5.0,190.0
22.0825,-107.0,192.0
22.0875,-45.0,192.0
22.0923,101.0,192.0
22.0972,88.0,192.0
22.1022,0.0,192.0
22.1073,-83.0,192.0
22.1125,-122.0,194.0
22.1173,9.0,194.0
22.1223,135.0,196.0
22.1272,90.0,196.0
22.1323,1.0,194.0
22.1373,-139.0,196.0
22.1422,-178.0,196.0
22.1474,101.0,196.0
22.1523,247.0,198.0
22.1574,-37.0,198.0
22.1623,-197.0,198.0
22.1674,26.0,198.0
22.1723,143.0,200.0
22.1772,-55.0,200.0
22.1823,-162.0,202.0
22.1873,47.0,200.0
22.1925,216.0,202.0
22.1976,29.0,200.0
22.2024,-224.0,202.0
22.2072,-124.0,200.0
22.2123,154.0,202.0
22.2172,158.0,202.0
22.2222,-61.0,202.0
22.2276,-103.0,204.0
22.2324,20.0,204.0
22.2373,12.0,202.0
22.2423,-39.0,202.0
22.2485,34.0,202.0
22.2525,60.0,202.0
22.2574,-12.0,198.0
22.2624,-20.0,196.0
22.2673,-25.0,194.0
22.2723,-99.0,192.0
22.2773,-7.0,190.0
22.2825,247.0,192.0
22.2874,138.0,190.0
22.2923,-302.0,194.0
22.2974,-272.0,196.0
22.3022,197.0,198.0
22.3072,257.0,202.0
22.3124,-37.0,202.0
22.3172,-93.0,202.0
22.3222,-29.0,200.0
22.3273,-61.0,202.0
22.3323,-5.0,198.0
22.3372,91.0,200.0
22.3422,32.0,198.0
22.3472,-28.0,198.0
22.3522,15.0,198.0
22.3573,-43.0,198.0
22.3622,-100.0,198.0
22.3672,85.0,198.0
22.3724,140.0,198.0
22.3772,-92.0,198.0
22.3823,-102.0,196.0
22.3873,52.0,196.0
22.3922,16.0,192.0
22.3972,24.0,192.0
22.4022,67.0,190.0
22.4072,-87.0,188.0
22.4122,-114.0,190.0
22.4172,93.0,188.0
22.4224,106.0,186.0
22.4272,-55.0,184.0
22.4322,-51.0,182.0
22.4372,9.0,182.0
22.4422,-17.0,180.0
22.4472,28.0,180.0
22.4549,90.0,180.0
22.4572,-44.0,180.0
22.4623,-175.0,182.0
22.4672,4.0,178.0
22.4731,239.0,182.0
22.4773,86.0,180.0
22.4825,-240.0,182.0
22.4874,-163.0,184.0
22.4922,196.0,186.0
22.4974,168.0,186.0
22.5023,-155.0,188.0
22.5073,-119.0,188.0
22.5122,112.0,188.0
22.5172,59.0,188.0
22.5222,-36.0,186.0
22.5273,10.0,184.0
22.5322,-48.0,182.0
22.5372,-84.0,182.0
22.5423,74.0,180.0
22.5472,124.0,182.0
22.5523,-22.0,180.0
22.5572,-103.0,182.0
22.5622,-61.0,178.0
22.5672,29.0,178.0
22.5722,106.0,176.0
22.5772,53.0,174.0
22.5822,-86.0,172.0
22.5873,-93.0,170.0
22.5922,45.0,170.0
22.5975,85.0,168.0
22.6023,-34.0,168.0
22.6072,-71.0,168.0
22.6122,37.0,166.0
22.6172,76.0,168.0
22.6224,-12.0,166.0
22.6276,-85.0,168.0
22.6323,-29.0,168.0
22.6372,78.0,168.0
22.6422,47.0,168.0
22.6473,-53.0,168.0
22.6524,-38.0,168.0
22.6573,10.0,166.0
22.6622,16.0,166.0
22.6672,57.0,166.0
22.6723,20.0,166.0
22.6773,-131.0,166.0
22.6826,-60.0,166.0
22.6873,177.0,166.0
22.6923,62.0,168.0
22.6972,-176.0,168.0
22.7023,-11.0,168.0
22.7073,137.0,170.0
22.7124,-60.0,170.0
22.7174,-91.0,172.0
22.7223,116.0,172.0
22.7272,70.0,172.0
22.7323,-123.0,172.0
22.7373,-70.0,172.0
22.7424,65.0,174.0
22.7473,49.0,174.0
22.7522,14.0,172.0
22.7572,-10.0,172.0
22.7622,-85.0,170.0
22.7673,-14.0,170.0
22.7723,175.0,172.0
22.7772,37.0,170.0
22.7823,-263.0,172.0
22.7873,-83.0,172.0
22.7923,250.0,172.0
22.7973,96.0,172.0
22.8023,-142.0,172.0
22.8073,-19.0,172.0
22.8122,80.0,170.0
22.8172,-68.0,170.0
22.8224,-123.0,170.0
22.8273,57.0,170.0
22.8323,181.0,170.0
22.8372,17.0,170.0
22.8422,-166.0,168.0
22.8473,-42.0,168.0
22.8523,110.0,166.0
22.8572,4.0,164.0
22.8624,-77.0,164.0
22.8673,20.0,164.0
22.8725,57.0,164.0
22.8774,-12.0,164.0
22.8823,-28.0,164.0
22.8873,5.0,164.0
22.8924,8.0,162.0
22.9002,4.0,162.0
22.9037,0.0,162.0
22.9215,-52.0,162.0
22.9217,-42.0,162.0
22.9221,112.0,164.0
22.9223,140.0,162.0
22.9274,-110.0,162.0
22.933,-238.0,160.0
22.9374,32.0,156.0
22.9424,258.0,158.0
22.9491,45.0,154.0
22.9524,-187.0,156.0
22.9578,-65.0,156.0
22.9623,84.0,156.0
22.9685,61.0,156.0
22.9723,3.0,156.0
22.9775,-72.0,156.0
22.9826,-80.0,158.0
22.9875,73.0,158.0
22.9925,141.0,160.0
22.9977,-26.0,160.0
23.0023,-138.0,160.0
23.0075,-36.0,160.0
23.0122,54.0,158.0
23.0172,50.0,158.0
23.0224,58.0,156.0
23.0272,-1.0,156.0
23.0323,-124.0,158.0
23.0372,-52.0,158.0
23.0423,113.0,158.0
23.0472,52.0,158.0
23.0524,-66.0,158.0
23.0572,-20.0,156.0
23.0621,33.0,156.0
23.0673,23.0,154.0
23.0722,-1.0,154.0
23.0774,-61.0,154.0
23.0825,-46.0,156.0
23.0874,84.0,156.0
23.0923,75.0,156.0
23.0973,-75.0,156.0
23.1024,-77.0,154.0
23.1074,42.0,156.0
23.1123,75.0,152.0
23.1174,23.0,152.0
23.1222,-53.0,148.0
23.1273,-88.0,148.0
23.1322,4.0,144.0
23.1373,79.0,144.0
23.1425,-2.0,140.0
23.1475,5.0,140.0
23.1523,112.0,140.0
23.1574,-53.0,140.0
23.1623,-257.0,142.0
23.1673,-15.0,142.0
23.1723,280.0,146.0
23.1773,105.0,146.0
23.1825,-142.0,148.0
23.1873,-63.0,146.0
23.1922,-8.0,146.0
23.1975,-106.0,146.0
23.2023,32.0,146.0
23.2073,242.0,150.0
23.2123,41.0,148.0
23.2173,-235.0,152.0
23.2225,-92.0,152.0
23.2275,144.0,152.0
23.2325,66.0,152.0
23.2373,-101.0,152.0
23.2422,-20.0,152.0
23.2473,150.0,154.0
23.2523,42.0,154.0
23.2574,-199.0,156.0
23.2623,-123.0,158.0
23.2673,147.0,158.0
23.2723,161.0,160.0
23.2772,-17.0,160.0
23.2826,-108.0,160.0
23.2874,-91.0,162.0
23.2923,30.0,160.0
23.2973,134.0,162.0
23.3022,8.0,162.0
23.3073,-140.0,164.0
23.3123,-15.0,164.0
23.3173,130.0,164.0
23.3222,19.0,164.0
23.3273,-99.0,162.0
23.3323,-33.0,162.0
23.3372,56.0,160.0
23.3423,73.0,160.0
23.3474,-5.0,158.0
23.3522,-133.0,160.0
23.3573,-71.0,160.0
23.3624,162.0,160.0
23.3674,157.0,162.0
23.3725,-116.0,162.0
23.3772,-172.0,164.0
23.3824,38.0,162.0
23.3872,74.0,162.0
23.3924,-10.0,162.0
23.3973,73.0,164.0
23.4024,50.0,164.0
23.4073,-178.0,166.0
23.4122,-98.0,164.0
23.4172,210.0,168.0
23.4223,111.0,166.0
23.4275,-181.0,166.0
23.4323,-99.0,164.0
23.4372,104.0,164.0
23.4422,71.0,164.0
23.4472,-7.0,164.0
23.4523,-18.0,162.0
23.4574,-61.0,162.0
23.4623,-54.0,160.0
23.4674,66.0,162.0
23.4723,107.0,160.0
23.4777,-14.0,160.0
23.4824,-98.0,158.0
23.4872,-27.0,158.0
23.4923,43.0,158.0
23.4972,-9.0,158.0
23.5022,-11.0,156.0
23.5073,109.0,158.0
23.5122,43.0,158.0
23.5172,-169.0,160.0
23.5222,-83.0,162.0
23.5274,143.0,164.0
23.5322,65.0,164.0
23.5373,-87.0,166.0
23.5425,-18.0,166.0
23.5472,50.0,166.0
23.5522,22.0,166.0
23.5572,-4.0,164.0
23.5622,-69.0,162.0
23.5672,-71.0,162.0
23.5723,87.0,160.0
23.5773,135.0,162.0
23.5823,-51.0,158.0
23.5874,-148.0,160.0
23.5922,0.0,156.0
23.5972,132.0,158.0
23.6024,43.0,158.0
23.6073,-115.0,158.0
23.6126,-79.0,160.0
23.6172,97.0,160.0
23.6222,85.0,160.0
23.6273,-70.0,160.0
23.6323,-46.0,158.0
23.6372,34.0,158.0
23.6422,5.0,156.0
23.6472,22.0,156.0
23.6522,-6.0,156.0
23.6573,-112.0,156.0
23.6622,31.0,156.0
23.6672,199.0,158.0
23.6723,-37.0,158.0
23.6772,-210.0,160.0
23.6823,31.0,158.0
23.6872,123.0,160.0
23.6922,-41.0,160.0
23.6972,-12.0,160.0
23.7025,61.0,160.0
23.7074,-39.0,160.0
23.7122,-59.0,160.0
23.7172,41.0,160.0
23.7222,29.0,160.0
23.7273,-39.0,160.0
23.7324,14.0,158.0
23.7373,56.0,158.0
23.7423,-56.0,158.0
23.7475,-89.0,158.0
23.7522,85.0,158.0
23.7572,112.0,160.0
23.7622,-97.0,160.0
23.7674,-102.0,162.0
23.7723,94.0,162.0
23.7772,75.0,162.0
23.7824,-77.0,164.0
23.7874,-81.0,164.0
23.7922,46.0,164.0
23.7977,138.0,166.0
23.8024,-8.0,162.0
23.8072,-209.0,164.0
23.8122,-24.0,160.0
23.8173,225.0,162.0
23.8222,48.0,160.0
23.8272,-146.0,162.0
23.8323,-53.0,162.0
23.8372,7.0,162.0
23.8422,18.0,160.0
23.8472,85.0,158.0
23.8527,45.0,158.0
23.8573,-51.0,156.0
23.8624,-87.0,156.0
23.8672,-62.0,154.0
23.8722,86.0,154.0
23.8773,130.0,154.0
23.8824,-79.0,156.0
23.8872,-95.0,156.0
23.8922,98.0,156.0
23.8972,22.0,154.0
23.9022,-122.0,154.0
23.9072,5.0,150.0
23.9124,99.0,150.0
23.9174,15.0,150.0
23.9223,-20.0,148.0
23.9274,-25.0,148.0
23.9323,-61.0,148.0
23.9373,-17.0,146.0
23.9424,81.0,148.0
23.9474,98.0,146.0
23.9522,-30.0,146.0
23.9572,-160.0,148.0
23.9622,-34.0,148.0
23.9674,170.0,148.0
23.9723,62.0,150.0
23.9774,-152.0,150.0
23.9823,-54.0,150.0
23.9872,127.0,152.0
23.9921,48.0,150.0
23.9973,-74.0,150.0
24.0022,-33.0,148.0
24.0072,-7.0,146.0
24.0122,-25.0,146.0
24.0172,58.0,144.0
24.0222,83.0,144.0
24.0273,-47.0,144.0
24.0323,-47.0,144.0
24.0372,46.0,144.0
24.0422,-77.0,144.0
24.0473,-118.0,144.0
24.0525,182.0,144.0
24.0574,221.0,144.0
24.0625,-175.0,146.0
24.0674,-268.0,148.0
24.0722,88.0,146.0
24.0772,239.0,150.0
24.0823,-16.0,148.0
24.0872,-196.0,152.0
24.0925,-18.0,152.0
24.0973,174.0,152.0
24.1022,60.0,154.0
24.1083,-135.0,154.0
24.1124,-102.0,154.0
24.1173,64.0,154.0
24.1222,98.0,154.0
24.1274,-29.0,154.0
24.1322,-59.0,156.0
24.1374,89.0,156.0
24.1423,52.0,158.0
24.1473,-181.0,158.0
24.1522,-95.0,158.0
24.1572,181.0,160.0
24.1622,117.0,160.0
24.1672,-70.0,158.0
24.1724,-52.0,158.0
24.1773,-42.0,158.0
24.1824,-48.0,158.0
24.1872,69.0,158.0
24.1932,70.0,160.0
24.1973,-30.0,160.0
24.2022,21.0,158.0
24.2072,-27.0,158.0
24.2122,-171.0,160.0
24.2172,80.0,158.0
24.2222,304.0,162.0
24.2273,-92.0,162.0
24.2323,-354.0,168.0
24.2373,37.0,166.0
24.2423,287.0,170.0
24.2473,35.0,168.0
24.2526,-141.0,170.0
24.2573,-57.0,168.0
24.2622,3.0,168.0
24.2673,13.0,166.0
24.2725,62.0,166.0
24.2773,67.0,168.0
24.2825,-67.0,168.0
24.2872,-164.0,170.0
24.2922,62.0,172.0
24.2983,259.0,174.0
24.3022,-66.0,174.0
24.3075,-295.0,176.0
24.3126,60.0,176.0
24.3173,223.0,176.0
24.3222,-51.0,176.0
24.3273,-80.0,176.0
24.3322,68.0,176.0
24.3375,-34.0,176.0
24.3427,-105.0,178.0
24.3473,66.0,178.0
24.3522,118.0,178.0
24.3574,-41.0,178.0
24.3622,-99.0,180.0
24.3672,7.0,180.0
24.3724,79.0,180.0
24.3772,21.0,180.0
24.3824,-60.0,180.0
24.3872,-39.0,178.0
24.3922,14.0,178.0
24.3973,17.0,176.0
24.4025,20.0,176.0
24.4072,41.0,174.0
24.4123,29.0,174.0
24.4172,-65.0,174.0
24.4223,-148.0,174.0
24.4272,0.0,172.0
24.4323,198.0,176.0
24.4374,115.0,174.0
24.4423,-74.0,176.0
24.4474,-152.0,176.0
24.4522,-161.0,178.0
24.4572,29.0,174.0
24.4625,307.0,178.0
24.4674,158.0,178.0
24.4724,-240.0,182.0
24.4773,-227.0,184.0
24.4824,46.0,186.0
24.4872,118.0,186.0
24.4922,94.0,186.0
24.4972,47.0,186.0
24.5022,-107.0,186.0
24.5074,-126.0,188.0
24.5124,61.0,188.0
24.5172,94.0,186.0
24.5222,-50.0,186.0
24.5272,-37.0,186.0
24.5322,94.0,186.0
24.5372,38.0,186.0
24.5428,-142.0,186.0
24.5472,-89.0,188.0
24.5522,138.0,188.0
24.5572,119.0,190.0
24.5623,-98.0,190.0
24.5672,-85.0,192.0
24.5723,73.0,192.0
24.5773,23.0,192.0
24.5823,-80.0,192.0
24.5873,1.0,190.0
24.5922,76.0,192.0
24.5975,17.0,188.0
24.6033,-30.0,188.0
24.6072,-46.0,186.0
24.6122,-34.0,186.0
24.6171,84.0,186.0
24.6222,93.0,186.0
24.6272,-164.0,186.0
24.6324,-159.0,188.0
24.6372,258.0,192.0
24.6423,223.0,194.0
24.6474,-289.0,198.0
24.6526,-223.0,202.0
24.6572,236.0,204.0
24.6623,126.0,204.0
24.6674,-162.0,206.0
24.6724,10.0,206.0
24.6772,121.0,208.0
24.6822,-96.0,208.0
24.6873,-109.0,208.0
24.6923,99.0,206.0
24.6972,116.0,204.0
24.7022,-51.0,202.0
24.7075,-113.0,200.0
24.7122,1.0,198.0
24.7172,51.0,196.0
24.7222,-8.0,196.0
24.7272,66.0,194.0
24.7322,93.0,194.0
24.7373,-148.0,194.0
24.7423,-181.0,196.0
24.7473,134.0,196.0
24.7522,155.0,198.0
24.7575,-88.0,198.0
24.7623,-19.0,196.0
24.7674,89.0,198.0
24.7722,-80.0,198.0
24.7772,-86.0,198.0
24.7822,42.0,198.0
24.7871,-9.0,194.0
24.7923,52.0,194.0
24.7974,161.0,194.0
24.8022,-74.0,194.0
24.808,-232.0,196.0
24.8122,15.0,196.0
24.8172,160.0,196.0
24.8224,34.0,196.0
24.8273,-14.0,196.0
24.8322,-14.0,194.0
24.8372,-90.0,196.0
24.8423,-26.0,196.0
24.8472,105.0,198.0
24.8523,-10.0,194.0
24.8573,-76.0,194.0
24.8622,135.0,192.0
24.8673,67.0,192.0
24.8723,-228.0,190.0
24.8772,-72.0,190.0
24.8824,183.0,188.0
24.8872,39.0,188.0
24.8922,-25.0,186.0
24.8971,59.0,186.0
24.9023,-104.0,188.0
24.9073,-174.0,190.0
24.9127,77.0,192.0
24.9172,187.0,194.0
24.9222,82.0,194.0
24.9272,-32.0,192.0
24.9322,-209.0,194.0
24.9373,-191.0,192.0
24.9422,188.0,194.0
24.9474,313.0,194.0
24.9523,-82.0,194.0
24.9573,-270.0,196.0
24.9623,19.0,196.0
24.9675,155.0,196.0
24.9724,-45.0,196.0
24.9772,-90.0,196.0
24.9822,100.0,196.0
24.9872,95.0,198.0
24.9923,-108.0,198.0
24.9976,-98.0,198.0
25.0022,68.0,198.0
25.0072,51.0,198.0
25.0129,-30.0,198.0
25.0172,0.0,198.0
25.0222,15.0,196.0
25.0276,0.0,196.0
25.0322,18.0,196.0
25.0372,-32.0,196.0
25.0422,-114.0,198.0
25.0474,22.0,198.0
25.0524,221.0,200.0
25.0573,49.0,200.0
25.0623,-230.0,202.0
25.0673,-126.0,204.0
25.0723,114.0,202.0
25.0773,144.0,202.0
25.0824,33.0,202.0
25.0874,-104.0,202.0
25.0924,-103.0,200.0
25.0972,56.0,200.0
25.1022,80.0,196.0
25.1071,-30.0,194.0
25.1124,-30.0,192.0
25.1174,20.0,188.0
25.1222,31.0,188.0
25.1272,2.0,186.0
25.1323,-90.0,186.0
25.1372,-91.0,188.0
25.1423,138.0,188.0
25.1472,246.0,190.0
25.1522,-97.0,190.0
25.1573,-361.0,194.0
25.1624,-31.0,194.0
25.1672,326.0,198.0
25.1723,161.0,200.0
25.1774,-146.0,202.0
25.1822,-189.0,202.0
25.1873,-50.0,202.0
25.1922,100.0,200.0
25.1974,125.0,200.0
25.2022,8.0,200.0
25.2072,-51.0,198.0
25.2122,-36.0,198.0
25.2172,-67.0,198.0
25.2222,-21.0,198.0
25.2274,110.0,200.0
25.2323,93.0,200.0
25.2372,-53.0,200.0
25.2422,-111.0,202.0
25.2472,-33.0,202.0
25.2524,79.0,202.0
25.2573,80.0,202.0
25.2623,-55.0,202.0
25.2672,-68.0,200.0
25.2723,73.0,198.0
25.2774,16.0,194.0
25.2827,-113.0,194.0
25.2872,45.0,190.0
25.2923,143.0,188.0
25.2974,-79.0,186.0
25.3022,-139.0,186.0
25.3073,65.0,184.0
25.3123,79.0,186.0
25.3173,-38.0,184.0
25.3221,11.0,182.0
25.3272,50.0,182.0
25.3322,-62.0,182.0
25.3374,-81.0,180.0
25.3423,60.0,180.0
25.3472,84.0,180.0
25.3522,-74.0,182.0
25.3572,-89.0,182.0
25.3622,125.0,184.0
25.3673,138.0,186.0
25.3723,-139.0,186.0
25.3773,-179.0,186.0
25.3822,68.0,184.0
25.3872,139.0,184.0
25.3923,22.0,182.0
25.3975,-26.0,182.0
25.4024,-42.0,182.0
25.4072,-77.0,182.0
25.4122,-12.0,180.0
25.4172,114.0,182.0
25.4227,82.0,182.0
25.4275,-90.0,184.0
25.4323,-116.0,184.0
25.4372,36.0,182.0
25.4422,110.0,182.0
25.4472,12.0,180.0
25.4522,-91.0,180.0
25.4574,-34.0,178.0
25.4624,104.0,180.0
25.4673,42.0,180.0
25.4722,-147.0,182.0
25.4772,-59.0,182.0
25.4823,161.0,184.0
25.4872,70.0,184.0
25.4922,-109.0,184.0
25.4972,-41.0,184.0
25.5022,25.0,182.0
25.5074,-29.0,182.0
25.5126,33.0,178.0
25.5172,122.0,180.0
25.5222,-42.0,178.0
25.5272,-208.0,180.0
25.5322,-7.0,180.0
25.5374,228.0,182.0
25.5422,96.0,182.0
25.5472,-149.0,182.0
25.5522,-151.0,184.0
25.5574,29.0,180.0
25.5622,123.0,182.0
25.5672,35.0,182.0
25.5722,-70.0,180.0
25.5773,-38.0,176.0
25.5823,76.0,174.0
25.5874,48.0,170.0
25.5922,-134.0,172.0
25.5973,-109.0,170.0
25.6024,154.0,172.0
25.6072,187.0,172.0
25.6122,-90.0,172.0
25.6172,-208.0,174.0
25.6222,3.0,172.0
25.6273,138.0,174.0
25.6322,9.0,172.0
25.6373,-31.0,170.0
25.6422,63.0,170.0
25.6472,-25.0,170.0
25.6522,-130.0,172.0
25.6575,26.0,172.0
25.6623,114.0,174.0
25.6674,-25.0,174.0
25.6723,-51.0,174.0
25.6772,51.0,176.0
25.6822,23.0,174.0
25.6872,-67.0,174.0
25.6922,-59.0,172.0
25.6972,39.0,172.0
25.7022,112.0,170.0
25.7074,22.0,168.0
25.7131,-94.0,168.0
25.7177,-57.0,166.0
25.7225,-32.0,166.0
25.7277,-3.0,164.0
25.7324,185.0,166.0
25.7376,145.0,168.0
25.7437,-225.0,170.0
25.748,-252.0,174.0
25.7526,108.0,174.0
25.7576,226.0,178.0
25.7625,58.0,178.0
25.7681,-100.0,180.0
25.7727,-138.0,180.0
25.7772,-4.0,180.0
25.7822,98.0,178.0
25.7873,16.0,174.0
25.7924,-20.0,174.0
25.7975,34.0,168.0
25.8027,-21.0,168.0
25.8072,-102.0,164.0
25.8123,13.0,162.0
25.8178,166.0,162.0
25.8226,29.0,160.0
25.8278,-177.0,162.0
25.8322,-77.0,162.0
25.8371,76.0,162.0
25.843,70.0,162.0
25.8475,95.0,162.0
25.8525,34.0,162.0
25.8573,-202.0,166.0
25.8626,-178.0,168.0
25.8677,165.0,168.0
25.8724,241.0,170.0
25.8775,-46.0,170.0
25.8822,-176.0,172.0
25.8876,-38.0,172.0
25.8924,54.0,172.0
25.8982,66.0,172.0
25.9025,29.0,170.0
25.9074,-96.0,172.0
25.9128,-59.0,170.0
25.918,145.0,172.0
25.9221,66.0,172.0
25.9279,-155.0,174.0
25.9325,-67.0,172.0
25.9374,98.0,172.0
25.9428,56.0,172.0
25.9479,-29.0,172.0
25.9521,-27.0,170.0
25.9574,14.0,170.0
25.9625,-10.0,170.0
25.9675,-64.0,170.0
25.9727,32.0,170.0
25.9773,124.0,170.0
25.9822,-25.0,170.0
25.9872,-126.0,170.0
25.9925,10.0,170.0
25.9978,74.0,170.0
26.003,-11.0,168.0
26.0072,-33.0,166.0
26.0125,1.0,164.0
26.0178,39.0,162.0
26.0224,54.0,162.0
26.028,-59.0,160.0
26.0322,-115.0,162.0
26.0373,67.0,162.0
26.0428,106.0,164.0
26.0474,-82.0,164.0
26.0526,-42.0,164.0
26.058,113.0,164.0
26.0629,12.0,162.0
26.0678,-110.0,162.0
26.0724,-45.0,162.0
26.0775,43.0,162.0
26.0826,66.0,162.0
26.0872,22.0,162.0
26.0922,-20.0,160.0
26.0978,6.0,160.0
26.1023,-38.0,158.0
26.1076,-116.0,160.0
26.113,25.0,158.0
26.1177,184.0,160.0
26.1223,35.0,158.0
26.1275,-131.0,158.0
26.1325,-44.0,158.0
26.1374,24.0,158.0
26.1422,-29.0,158.0
26.1479,25.0,158.0
26.1524,92.0,158.0
26.1574,-7.0,156.0
26.1628,-52.0,156.0
26.1676,-5.0,154.0
26.173,-57.0,154.0
26.1779,-25.0,152.0
26.1826,130.0,152.0
26.1874,69.0,150.0
26.1923,-106.0,150.0
26.1978,-75.0,150.0
26.2028,31.0,150.0
26.2071,40.0,150.0
26.2121,18.0,148.0
26.2173,0.0,148.0
26.2224,-26.0,148.0
26.228,-18.0,146.0
26.2321,26.0,144.0
26.2373,25.0,144.0
26.2432,-49.0,142.0
26.2474,-27.0,140.0
26.2525,96.0,140.0
26.2573,35.0,136.0
26.2627,-137.0,138.0
26.2677,-72.0,138.0
26.2724,140.0,140.0
26.2773,129.0,142.0
26.2825,-107.0,142.0
26.2874,-162.0,144.0
26.2923,68.0,144.0
26.2978,143.0,146.0
26.3026,-46.0,144.0
26.3075,-108.0,146.0
26.3125,38.0,146.0
26.3173,108.0,146.0
26.3222,3.0,146.0
26.3274,-141.0,146.0
26.3322,-132.0,148.0
26.3373,140.0,150.0
26.3422,305.0,152.0
26.3472,-59.0,154.0
26.3522,-377.0,158.0
26.3572,-54.0,158.0
26.3624,261.0,162.0
26.3675,93.0,162.0
26.3722,-39.0,160.0
26.3773,-17.0,158.0
26.3822,-130.0,156.0
26.3874,-102.0,154.0
26.3923,168.0,156.0
26.3978,168.0,154.0
26.4022,-89.0,156.0
26.4073,-150.0,156.0
26.4122,-53.0,154.0
26.4172,77.0,156.0
26.4224,203.0,158.0
26.4273,14.0,158.0
26.4323,-297.0,162.0
26.4373,-94.0,162.0
26.4422,282.0,166.0
26.4474,133.0,168.0
26.4528,-158.0,170.0
26.4572,-100.0,168.0
26.4628,3.0,168.0
26.4674,-1.0,166.0
26.4724,87.0,166.0
26.4776,85.0,166.0
26.4828,-101.0,166.0
26.4881,-50.0,166.0
26.4922,114.0,166.0
26.4975,-70.0,164.0
26.5023,-168.0,164.0
26.5075,144.0,164.0
26.5129,205.0,164.0
26.5178,-121.0,164.0
26.5224,-139.0,164.0
26.528,89.0,164.0
26.5324,-5.0,164.0
26.5374,-121.0,164.0
26.5432,100.0,166.0
26.5481,143.0,166.0
26.5525,-80.0,166.0
26.5571,-57.0,166.0
26.5623,21.0,164.0
26.5675,-76.0,164.0
26.5726,-8.0,162.0
26.5772,119.0,164.0
26.5833,16.0,162.0
26.5875,-45.0,162.0
26.5925,11.0,162.0
26.5978,-46.0,162.0
26.6022,-44.0,164.0
26.6071,91.0,164.0
26.6124,35.0,164.0
26.6176,-113.0,164.0
26.6225,-38.0,164.0
26.628,106.0,164.0
26.6321,120.0,166.0
26.6373,-16.0,164.0
26.6434,-212.0,168.0
26.6475,-135.0,170.0
26.6521,187.0,172.0
26.6581,223.0,176.0
26.6625,-62.0,176.0
26.6675,-176.0,176.0
26.6724,-41.0,176.0
26.6776,71.0,176.0
26.6826,59.0,176.0
26.6878,-24.0,174.0
26.6921,-21.0,174.0
26.6976,58.0,174.0
26.7034,-37.0,174.0
26.7073,-110.0,174.0
26.7128,94.0,174.0
26.7177,132.0,176.0
26.7224,-115.0,176.0
26.7272,-117.0,178.0
26.7322,74.0,178.0
26.7371,57.0,180.0
26.7422,13.0,180.0
26.7471,51.0,178.0
26.7531,-88.0,180.0
26.7572,-159.0,178.0
26.7622,108.0,180.0
26.7673,194.0,180.0
26.7722,-80.0,182.0
26.7773,-144.0,184.0
26.7821,45.0,184.0
26.7872,55.0,184.0
26.7923,-26.0,182.0
26.7974,42.0,184.0
26.8023,31.0,184.0
26.8073,-121.0,184.0
26.8123,-62.0,186.0
26.8172,135.0,186.0
26.8222,91.0,186.0
26.8274,-77.0,186.0
26.8323,-87.0,186.0
26.8372,8.0,184.0
26.8422,49.0,186.0
26.8471,8.0,184.0
26.8522,-1.0,184.0
26.8572,46.0,186.0
26.8623,-31.0,186.0
26.8672,-133.0,188.0
26.8722,15.0,186.0
26.8771,175.0,190.0
26.8822,44.0,190.0
26.8875,-113.0,190.0
26.8922,-83.0,190.0
26.8972,-22.0,190.0
26.9024,42.0,188.0
26.9073,111.0,190.0
26.9122,40.0,188.0
26.9174,-67.0,186.0
26.9224,-62.0,186.0
26.9272,-37.0,184.0
26.9322,-29.0,184.0
26.9373,72.0,182.0
26.9423,168.0,184.0
26.9474,-10.0,182.0
26.9522,-243.0,186.0
26.9572,-80.0,186.0
26.9622,205.0,188.0
26.9672,139.0,188.0
26.9724,-93.0,188.0
26.9772,-152.0,188.0
26.9821,-15.0,184.0
26.9873,148.0,184.0
26.9924,64.0,180.0
26.9976,-136.0,182.0
27.0022,-37.0,178.0
27.0073,109.0,178.0
27.0122,-44.0,178.0
27.0172,-98.0,180.0
27.0224,114.0,180.0
27.0272,124.0,180.0
27.0322,-112.0,178.0
27.0373,-143.0,178.0
27.0423,46.0,178.0
27.0473,118.0,178.0
27.0523,20.0,176.0
27.0573,-68.0,176.0
27.0622,-36.0,174.0
27.0671,37.0,174.0
27.0722,-3.0,170.0
27.0772,-52.0,168.0
27.0822,55.0,166.0
27.0872,98.0,164.0
27.0922,-59.0,164.0
27.0972,-111.0,164.0
27.1027,-5.0,164.0
27.1072,38.0,164.0
27.1124,79.0,164.0
27.1172,85.0,164.0
27.1222,-98.0,164.0
27.1273,-153.0,166.0
27.1322,61.0,164.0
27.1373,113.0,166.0
27.1421,-8.0,162.0
27.1472,-21.0,160.0
27.1522,-47.0,158.0
27.1572,-45.0,158.0
27.1628,115.0,156.0
27.1672,75.0,156.0
27.1722,-172.0,160.0
27.1772,-86.0,158.0
27.1821,165.0,160.0
27.1874,73.0,158.0
27.1927,-73.0,158.0
27.1976,-22.0,158.0
27.2022,-49.0,158.0
27.2072,-48.0,158.0
27.2122,132.0,160.0
27.2172,99.0,160.0
27.2223,-163.0,162.0
27.2272,-121.0,164.0
27.2322,139.0,166.0
27.2372,121.0,166.0
27.2422,-34.0,166.0
27.2471,-70.0,166.0
27.2525,-115.0,168.0
27.2572,-38.0,166.0
27.2622,201.0,168.0
27.2671,120.0,168.0
27.2724,-185.0,170.0
27.2773,-77.0,170.0
27.2823,157.0,170.0
27.2875,-56.0,168.0
27.2922,-187.0,168.0
27.2973,140.0,168.0
27.3022,233.0,170.0
27.3072,-95.0,168.0
27.3127,-247.0,172.0
27.3173,-31.0,172.0
27.3224,247.0,174.0
27.3273,149.0,176.0
27.3323,-236.0,180.0
27.3375,-190.0,182.0
27.3422,198.0,184.0
27.3472,139.0,184.0
27.3522,-164.0,186.0
27.3574,-61.0,184.0
27.3622,164.0,186.0
27.3675,58.0,184.0
27.3725,-149.0,186.0
27.3772,-138.0,186.0
27.3822,68.0,188.0
27.3872,205.0,190.0
27.3922,26.0,190.0
27.3974,-201.0,190.0
27.4021,-50.0,188.0
27.4072,183.0,188.0
27.4122,10.0,188.0
27.4173,-196.0,188.0
27.4221,24.0,188.0
27.4272,186.0,190.0
27.4322,-48.0,190.0
27.4372,-99.0,192.0
27.4422,119.0,192.0
27.4472,1.0,190.0
27.4523,-232.0,194.0
27.4574,3.0,192.0
27.4623,280.0,194.0
27.4673,71.0,194.0
27.4724,-186.0,196.0
27.4772,-124.0,198.0
27.4821,9.0,198.0
27.4872,112.0,198.0
27.4922,135.0,200.0
27.4972,-71.0,202.0
27.5022,-187.0,204.0
27.5073,36.0,202.0
27.5122,167.0,204.0
27.5172,-12.0,202.0
27.5222,-128.0,204.0
27.5274,-8.0,202.0
27.5322,112.0,202.0
27.5373,40.0,202.0
27.5423,-104.0,204.0
27.5472,-93.0,202.0
27.5522,56.0,204.0
27.5572,156.0,204.0
27.5623,41.0,204.0
27.5675,-198.0,206.0
27.5735,-152.0,208.0
27.5772,185.0,210.0
27.5823,214.0,212.0
27.5874,-113.0,212.0
27.5922,-176.0,212.0
27.5974,42.0,212.0
27.6023,55.0,208.0
27.6073,-42.0,208.0
27.6122,63.0,206.0
27.6172,111.0,206.0
27.6222,-111.0,208.0
27.6272,-168.0,208.0
27.6323,100.0,208.0
27.6373,149.0,208.0
27.6423,-76.0,210.0
27.6472,-79.0,208.0
27.6522,51.0,210.0
27.6572,2.0,208.0
27.6624,-20.0,206.0
27.6673,60.0,206.0
27.6722,-2.0,204.0
27.6775,-104.0,202.0
27.6821,2.0,202.0
27.6874,113.0,202.0
27.6923,17.0,202.0
27.6974,-83.0,202.0
27.7022,-34.0,202.0
27.7073,34.0,202.0
27.7125,35.0,202.0
27.7173,-14.0,202.0
27.7222,-19.0,202.0
27.7272,57.0,200.0
27.7321,5.0,200.0
27.7373,-143.0,200.0
27.7423,-32.0,200.0
27.7474,204.0,204.0
27.7523,104.0,204.0
27.7572,-185.0,206.0
27.7623,-152.0,206.0
27.7672,105.0,206.0
27.7723,111.0,206.0
27.7772,-46.0,206.0
27.7823,-14.0,206.0
27.7874,60.0,206.0
27.7921,-44.0,206.0
27.7975,-121.0,208.0
27.8021,19.0,206.0
27.8072,166.0,208.0
27.8121,45.0,206.0
27.8172,-151.0,206.0
27.8222,-78.0,204.0
27.8271,89.0,204.0
27.8322,42.0,204.0
27.8372,-33.0,204.0
27.8422,43.0,204.0
27.8471,23.0,204.0
27.8522,-122.0,204.0
27.8574,-52.0,204.0
27.8622,145.0,202.0
27.8672,84.0,202.0
27.8723,-106.0,202.0
27.8783,-74.0,202.0
27.8822,49.0,202.0
27.8873,15.0,200.0
27.8922,-41.0,200.0
27.8972,36.0,200.0
27.9022,102.0,198.0
27.9074,-5.0,196.0
27.9126,-179.0,196.0
27.9173,-113.0,196.0
27.9222,199.0,198.0
27.9272,227.0,200.0
27.9322,-136.0,198.0
27.9372,-236.0,200.0
27.9423,36.0,198.0
27.9473,127.0,198.0
27.9523,25.0,194.0
27.9572,7.0,194.0
27.9622,-29.0,190.0
27.9673,-85.0,190.0
27.9723,22.0,186.0
27.9773,112.0,186.0
27.9824,-22.0,182.0
27.9872,-122.0,182.0
27.9923,-22.0,180.0
27.9975,90.0,180.0
28.0023,115.0,180.0
28.0072,21.0,178.0
28.0122,-172.0,180.0
28.0172,-178.0,180.0
28.0222,137.0,182.0
28.0274,281.0,182.0
28.0324,-39.0,182.0
28.0372,-244.0,184.0
28.0423,-41.0,182.0
28.0472,82.0,182.0
28.0534,25.0,182.0
28.0573,71.0,180.0
28.0624,71.0,180.0
28.0672,-108.0,180.0
28.0724,-126.0,180.0
28.0773,71.0,180.0
28.0824,83.0,180.0
28.0874,-67.0,180.0
28.0922,-31.0,178.0
28.0972,79.0,178.0
28.1022,24.0,174.0
28.1073,-37.0,174.0
28.1123,0.0,172.0
28.1174,-18.0,170.0
28.1221,-80.0,170.0
28.1272,5.0,168.0
28.1323,157.0,170.0
28.1373,60.0,168.0
28.1422,-167.0,168.0
28.1472,-86.0,170.0
28.1522,112.0,168.0
28.1572,30.0,168.0
28.1623,-35.0,168.0
28.1672,57.0,168.0
28.1722,-36.0,168.0
28.1773,-120.0,168.0
28.1823,91.0,168.0
28.1872,145.0,168.0
28.1922,-114.0,170.0
28.1972,-139.0,170.0
28.2023,90.0,170.0
28.2072,118.0,170.0
28.2122,-14.0,166.0
28.2171,-92.0,166.0
28.2222,-79.0,164.0
28.2272,43.0,162.0
28.2323,117.0,162.0
28.2372,11.0,160.0
28.2422,-77.0,162.0
28.2472,-22.0,160.0
28.2522,39.0,160.0
28.2572,17.0,158.0
28.2622,-56.0,158.0
28.2672,-65.0,156.0
28.2723,60.0,156.0
28.2773,135.0,156.0
28.2822,0.0,154.0
28.2871,-136.0,156.0
28.2933,-50.0,156.0
28.2972,76.0,156.0
28.3022,17.0,156.0
28.3084,-41.0,156.0
28.3123,51.0,156.0
28.3172,70.0,156.0
28.3223,-60.0,158.0
28.3273,-130.0,158.0
28.3325,-34.0,158.0
28.3374,155.0,158.0
28.3427,194.0,162.0
28.3474,-81.0,162.0
28.3522,-308.0,166.0
28.3573,-71.0,168.0
28.3622,275.0,172.0
28.3671,166.0,174.0
28.3723,-131.0,176.0
28.3773,-99.0,174.0
28.3823,29.0,174.0
28.3872,-57.0,172.0
28.3924,-49.0,172.0
28.3974,138.0,170.0
28.4022,96.0,170.0
28.4072,-100.0,170.0
28.4122,-47.0,168.0
28.4171,69.0,168.0
28.4225,-66.0,170.0
28.4274,-138.0,170.0
28.4322,114.0,172.0
28.4372,223.0,174.0
28.4422,-58.0,174.0
28.4472,-210.0,174.0
28.4522,-19.0,174.0
28.4572,111.0,174.0
28.4622,48.0,174.0
28.4672,-29.0,172.0
28.4721,-39.0,172.0
28.4773,17.0,172.0
28.4823,32.0,172.0
28.4873,-33.0,172.0
28.4922,-23.0,170.0
28.4972,34.0,170.0
28.5022,-27.0,168.0
28.5074,-47.0,168.0
28.5124,100.0,168.0
28.5174,110.0,168.0
28.5222,-113.0,170.0
28.5272,-177.0,172.0
28.5322,35.0,172.0
28.5372,174.0,174.0
28.5423,63.0,174.0
28.5474,-93.0,174.0
28.5523,-100.0,174.0
28.5572,-13.0,172.0
28.5622,65.0,170.0
28.5675,83.0,168.0
28.5722,-9.0,166.0
28.5772,-77.0,164.0
28.5822,0.0,162.0
28.5872,23.0,160.0
28.5922,-76.0,162.0
28.5973,3.0,162.0
28.6023,185.0,164.0
28.6072,22.0,164.0
28.6122,-225.0,166.0
28.6172,-41.0,166.0
28.6221,161.0,168.0
28.6273,-13.0,166.0
28.6323,-68.0,166.0
28.6372,100.0,166.0
28.6421,14.0,164.0
28.6473,-117.0,166.0
28.6522,21.0,164.0
28.6573,52.0,162.0
28.6622,-69.0,160.0
28.6672,12.0,156.0
28.6723,104.0,158.0
28.6773,-27.0,154.0
28.6823,-93.0,156.0
28.6873,14.0,154.0
28.6922,42.0,154.0
28.6972,-15.0,154.0
28.703,24.0,152.0
28.7074,38.0,152.0
28.7122,-80.0,152.0
28.7172,-67.0,150.0
28.7222,111.0,152.0
28.7272,73.0,152.0
28.7322,-110.0,152.0
28.7372,-44.0,152.0
28.7423,83.0,154.0
28.7472,1.0,152.0
28.7522,-35.0,154.0
28.7572,30.0,154.0
28.7622,-23.0,152.0
28.7672,-52.0,154.0
28.7723,68.0,152.0
28.7772,61.0,152.0
28.7822,-67.0,150.0
28.7871,-25.0,150.0
28.7921,38.0,148.0
28.7974,-61.0,148.0
28.8023,-36.0,148.0
28.8072,140.0,150.0
28.8121,69.0,150.0
28.8172,-154.0,150.0
28.8222,-83.0,150.0
28.8273,107.0,150.0
28.8322,41.0,150.0
28.8372,-47.0,148.0
28.8422,17.0,146.0
28.8472,0.0,144.0
28.8521,-34.0,144.0
28.8573,39.0,144.0
28.8623,12.0,144.0
28.8673,-60.0,144.0
28.8722,1.0,142.0
28.8772,29.0,142.0
28.8821,-5.0,140.0
28.8873,46.0,142.0
28.8923,30.0,140.0
28.8972,-119.0,142.0
28.9023,-74.0,142.0
28.9073,164.0,144.0
28.9124,113.0,146.0
28.9173,-178.0,146.0
28.9222,-122.0,148.0
28.9273,163.0,148.0
28.9322,78.0,148.0
28.9372,-143.0,150.0
28.9422,16.0,150.0
28.9471,146.0,152.0
28.9522,-131.0,152.0
28.9572,-173.0,154.0
28.9622,227.0,156.0
28.9672,217.0,158.0
28.9723,-249.0,162.0
28.9772,-277.0,164.0
28.9823,143.0,162.0
28.9872,295.0,166.0
28.9921,57.0,162.0
28.9974,-190.0,164.0
29.0023,-194.0,162.0
29.0072,2.0,160.0
29.0122,139.0,160.0
29.0172,93.0,160.0
29.0223,22.0,160.0
29.0273,-11.0,160.0
29.0322,-94.0,160.0
29.0372,-110.0,160.0
29.0421,27.0,158.0
29.0472,105.0,158.0
29.0524,56.0,158.0
29.0572,18.0,158.0
29.0623,-56.0,158.0
29.0673,-139.0,158.0
29.0722,-1.0,156.0
29.0772,194.0,156.0
29.0824,39.0,156.0
29.0874,-208.0,156.0
29.0922,-36.0,156.0
29.0973,203.0,156.0
29.1021,24.0,156.0
29.1072,-169.0,158.0
29.1123,-25.0,158.0
29.1172,99.0,160.0
29.1222,32.0,160.0
29.1272,-11.0,160.0
29.1322,-34.0,160.0
29.1372,-50.0,160.0
29.1424,47.0,160.0
29.1473,67.0,160.0
29.1522,-89.0,160.0
29.1571,-68.0,160.0
29.1621,133.0,160.0
29.1672,70.0,158.0
29.1723,-122.0,160.0
29.1772,-32.0,158.0
29.1822,54.0,158.0
29.1873,-68.0,156.0
29.1921,0.0,156.0
29.1974,172.0,158.0
29.2022,17.0,158.0
29.2072,-183.0,158.0
29.2122,-56.0,160.0
29.2171,86.0,160.0
29.2222,39.0,160.0
29.2272,9.0,160.0
29.2322,15.0,158.0
29.2371,-5.0,158.0
29.2421,-6.0,156.0
29.2473,-63.0,156.0
29.2525,-81.0,154.0
29.2572,79.0,156.0
29.2622,151.0,154.0
29.2671,-12.0,154.0
29.2724,-132.0,156.0
29.2773,-67.0,156.0
29.2823,52.0,156.0
29.2872,98.0,156.0
29.2921,5.0,156.0
29.2971,-87.0,156.0
29.3021,1.0,154.0
29.3071,80.0,156.0
29.3123,-40.0,156.0
29.3178,-109.0,156.0
29.3221,55.0,156.0
29.3272,169.0,158.0
29.3323,-12.0,158.0
29.3372,-206.0,160.0
29.3423,-85.0,162.0
29.3473,158.0,164.0
29.3522,178.0,164.0
29.3572,-31.0,164.0
29.3625,-169.0,166.0
29.3672,-86.0,166.0
29.3722,38.0,164.0
29.3772,105.0,166.0
29.3822,114.0,166.0
29.3873,-30.0,166.0
29.3925,-179.0,168.0
29.3973,-59.0,170.0
29.4023,147.0,170.0
29.4072,107.0,172.0
29.4121,-89.0,172.0
29.4172,-109.0,172.0
29.4223,71.0,172.0
29.4273,99.0,174.0
29.4323,-79.0,174.0
29.4372,-107.0,176.0
29.4422,55.0,176.0
29.4471,119.0,176.0
29.4521,3.0,174.0
29.4572,-96.0,174.0
29.4621,-35.0,172.0
29.4671,32.0,172.0
29.4722,6.0,172.0
29.4773,33.0,170.0
29.4822,53.0,172.0
29.4873,-65.0,172.0
29.4923,-92.0,174.0
29.4971,58.0,174.0
29.5022,77.0,174.0
29.5072,-48.0,174.0
29.5125,-31.0,174.0
29.5174,74.0,176.0
29.5221,18.0,176.0
29.5272,-129.0,178.0
29.5322,-73.0,178.0
29.5372,162.0,178.0
29.5423,155.0,180.0
29.5473,-148.0,180.0
29.5522,-196.0,180.0
29.5572,122.0,180.0
29.5622,192.0,180.0
29.5674,-115.0,180.0
29.5722,-178.0,182.0
29.5772,110.0,182.0
29.5822,158.0,184.0
29.5873,-97.0,182.0
29.5923,-133.0,182.0
29.5975,84.0,182.0
29.6024,129.0,180.0
29.6071,-53.0,178.0
29.6122,-136.0,176.0
29.6171,-4.0,172.0
29.6222,108.0,170.0
29.6272,46.0,166.0
29.6322,-57.0,166.0
29.6372,-47.0,164.0
29.6422,36.0,162.0
29.6471,36.0,162.0
29.6521,-45.0,162.0
29.6572,-25.0,160.0
29.6623,64.0,160.0
29.6671,4.0,160.0
29.6724,-115.0,160.0
29.6771,15.0,160.0
29.6822,210.0,162.0
29.6871,-5.0,160.0
29.6923,-285.0,164.0
29.6972,-22.0,164.0
29.7021,271.0,168.0
29.7072,13.0,166.0
29.7125,-194.0,168.0
29.7172,42.0,166.0
29.7222,128.0,168.0
29.7272,-86.0,166.0
29.7322,-103.0,166.0
29.7372,84.0,166.0
29.7422,111.0,166.0
29.7474,-63.0,164.0
29.7522,-124.0,166.0
29.7571,65.0,166.0
29.7622,111.0,168.0
29.7672,-112.0,168.0
29.7722,-72.0,170.0
29.7772,212.0,172.0
29.7822,45.0,172.0
29.7872,-341.0,176.0
29.7922,-65.0,176.0
29.7975,424.0,182.0
29.8022,106.0,180.0
29.8073,-385.0,186.0
29.8123,-100.0,186.0
29.8171,238.0,188.0
29.8222,22.0,188.0
29.8272,-87.0,188.0
29.8322,68.0,190.0
29.8372,22.0,188.0
29.8421,-85.0,188.0
29.8472,-27.0,186.0
29.8522,19.0,186.0
29.8571,9.0,184.0
29.8622,51.0,184.0
29.8672,80.0,186.0
29.8722,-42.0,186.0
29.8793,-201.0,188.0
29.8821,-60.0,190.0
29.8872,261.0,192.0
29.8922,175.0,194.0
29.8973,-218.0,196.0
29.9023,-193.0,196.0
29.9073,142.0,198.0
29.9123,97.0,198.0
29.9173,-161.0,200.0
29.9221,-5.0,200.0
29.9271,284.0,202.0
29.9325,21.0,202.0
29.9375,-367.0,206.0
29.9422,-73.0,208.0
29.9475,307.0,212.0
29.9522,8.0,210.0
29.9573,-186.0,212.0
29.9623,161.0,214.0
29.9672,134.0,214.0
29.9722,-250.0,216.0
29.9771,-127.0,216.0
29.9821,166.0,216.0
29.9871,48.0,216.0
29.9927,-55.0,214.0
29.9973,84.0,214.0
30.0023,71.0,212.0
30.0073,-123.0,214.0
30.0123,-138.0,214.0
30.0171,29.0,214.0
30.0224,93.0,214.0
30.0272,60.0,214.0
30.0321,30.0,212.0
30.0372,-41.0,212.0
30.0422,-77.0,210.0
30.0472,-20.0,208.0
30.0528,16.0,208.0
30.0572,32.0,206.0
30.0622,46.0,206.0
30.0672,-6.0,204.0
30.0722,-35.0,204.0
30.0771,6.0,202.0
30.0823,-19.0,202.0
30.0872,-50.0,200.0
30.0921,53.0,202.0
30.0972,83.0,202.0
30.1022,-72.0,202.0
30.1074,-75.0,202.0
30.1122,133.0,204.0
30.1172,88.0,206.0
30.1223,-199.0,208.0
30.1272,-168.0,210.0
30.1336,163.0,210.0
30.1373,219.0,212.0
30.1422,-50.0,212.0
30.1474,-125.0,214.0
30.1521,29.0,214.0
30.1572,-35.0,212.0
30.1622,-157.0,216.0
30.1671,77.0,214.0
30.1723,267.0,218.0
30.1771,7.0,214.0
30.1822,-214.0,216.0
30.1872,-59.0,214.0
30.1922,71.0,212.0
30.1973,17.0,210.0
30.2023,24.0,208.0
30.2072,17.0,206.0
30.2122,-59.0,204.0
30.2171,21.0,204.0
30.2223,85.0,202.0
30.2272,-85.0,202.0
30.2322,-122.0,202.0
30.2372,115.0,202.0
30.2422,150.0,202.0
30.2472,-100.0,204.0
30.2522,-148.0,204.0
30.2573,60.0,204.0
30.2621,103.0,204.0
30.2674,-30.0,204.0
30.2722,-37.0,204.0
30.2773,26.0,204.0
30.2821,-8.0,204.0
30.2873,-17.0,202.0
30.2921,29.0,202.0
30.2972,-13.0,202.0
30.3024,-38.0,202.0
30.3071,22.0,202.0
30.3122,16.0,200.0
30.3171,36.0,200.0
30.3221,66.0,198.0
30.3272,-117.0,200.0
30.3322,-170.0,198.0
30.3371,118.0,200.0
30.3421,195.0,200.0
30.3473,-17.0,200.0
30.3521,-86.0,198.0
30.3572,-87.0,198.0
30.3622,-82.0,198.0
30.3672,102.0,198.0
30.3724,172.0,198.0
30.3772,-49.0,198.0
30.3823,-116.0,198.0
30.3873,18.0,198.0
30.3922,-13.0,196.0
30.3974,-47.0,196.0
30.4023,103.0,196.0
30.4078,89.0,196.0
30.4122,-134.0,196.0
30.4173,-105.0,194.0
30.4222,151.0,196.0
30.4273,104.0,192.0
30.4323,-155.0,194.0
30.4374,-100.0,188.0
30.4421,129.0,188.0
30.4471,84.0,184.0
30.4524,-103.0,184.0
30.4572,-60.0,182.0
30.4623,105.0,182.0
30.4672,51.0,182.0
30.4722,-112.0,182.0
30.4772,-48.0,184.0
30.4822,102.0,184.0
30.4871,32.0,184.0
30.4922,-80.0,184.0
30.4971,-11.0,184.0
30.5021,45.0,184.0
30.5074,-5.0,184.0
30.5123,-3.0,182.0
30.5173,9.0,180.0
30.5223,-24.0,180.0
30.5271,32.0,176.0
30.5321,55.0,174.0
30.5374,-104.0,172.0
30.5423,-123.0,170.0
30.5472,106.0,170.0
30.5521,182.0,172.0
30.5571,7.0,170.0
30.5621,-147.0,172.0
30.5672,-133.0,170.0
30.5721,22.0,170.0
30.5773,140.0,166.0
30.5823,70.0,166.0
30.5874,-38.0,162.0
30.5921,-42.0,162.0
30.5972,-44.0,160.0
30.6023,-57.0,158.0
30.6072,24.0,156.0
30.6121,109.0,154.0
30.6172,71.0,154.0
30.6223,-50.0,152.0
30.6272,-159.0,154.0
30.6322,-81.0,154.0
30.6372,190.0,156.0
30.6422,208.0,158.0
30.6472,-165.0,158.0
30.6522,-284.0,160.0
30.6571,90.0,162.0
30.6622,277.0,164.0
30.6671,25.0,164.0
30.6724,-153.0,166.0
30.6772,-118.0,166.0
30.6823,-53.0,166.0
30.6871,96.0,168.0
30.6921,194.0,170.0
30.6971,20.0,170.0
30.7022,-154.0,172.0
30.7073,-92.0,174.0
30.7123,3.0,172.0
30.7172,38.0,174.0
30.7221,92.0,174.0
30.7272,57.0,174.0
30.7322,-66.0,174.0
30.7374,-69.0,174.0
30.7425,-3.0,174.0
30.7472,-4.0,172.0
30.7523,39.0,170.0
30.7572,70.0,170.0
30.7622,-55.0,168.0
30.7673,-90.0,166.0
30.7724,69.0,166.0
30.7772,85.0,164.0
30.7822,-54.0,164.0
30.7873,-59.0,162.0
30.7921,9.0,162.0
30.7973,-1.0,162.0
30.8022,9.0,160.0
30.8072,57.0,158.0
30.8121,22.0,156.0
30.8171,-52.0,156.0
30.8222,-60.0,154.0
30.8273,11.0,152.0
30.8322,66.0,152.0
30.8372,-21.0,152.0
30.8422,-61.0,154.0
30.8472,104.0,154.0
30.8526,86.0,156.0
30.8572,-170.0,158.0
30.8625,-140.0,158.0
30.8672,107.0,158.0
30.8722,163.0,160.0
30.8771,67.0,158.0
30.8821,-108.0,158.0
30.8872,-207.0,160.0
30.8922,20.0,158.0
30.8972,213.0,160.0
30.9021,11.0,158.0
30.9072,-132.0,160.0
30.9122,31.0,160.0
30.9172,59.0,160.0
30.9222,-82.0,162.0
30.9272,-32.0,162.0
30.9321,85.0,162.0
30.9372,36.0,164.0
30.9423,-78.0,164.0
30.9474,-54.0,164.0
30.9522,115.0,166.0
30.9571,93.0,166.0
30.9622,-157.0,168.0
30.9672,-139.0,168.0
30.9723,135.0,168.0
30.9774,134.0,168.0
30.9823,-71.0,166.0
30.9874,-46.0,166.0
30.9922,47.0,166.0
30.9976,-57.0,166.0
31.0024,-85.0,166.0
31.0071,80.0,166.0
31.0121,119.0,164.0
31.0171,-12.0,164.0
31.0222,-91.0,164.0
31.0274,-56.0,164.0
31.0323,13.0,164.0
31.0371,46.0,164.0
31.0422,47.0,164.0
31.0472,17.0,162.0
31.0522,-48.0,160.0
31.0572,-30.0,160.0
31.0623,35.0,158.0
31.0671,-43.0,156.0
31.0721,-81.0,156.0
31.0772,98.0,156.0
31.0822,158.0,156.0
31.0873,-19.0,156.0
31.0922,-156.0,156.0
31.0972,-153.0,158.0
31.1024,34.0,156.0
31.1071,263.0,160.0
31.1123,110.0,160.0
31.1173,-227.0,162.0
31.1222,-151.0,164.0
31.1272,116.0,164.0
31.1321,70.0,164.0
31.1372,-49.0,164.0
31.1422,31.0,164.0
31.1472,54.0,166.0
31.1522,-68.0,166.0
31.1572,-81.0,168.0
31.1622,37.0,168.0
31.1679,78.0,168.0
31.1721,23.0,168.0
31.1778,-31.0,166.0
31.1827,-78.0,166.0
31.1873,-46.0,166.0
31.1924,80.0,164.0
31.1981,101.0,164.0
31.2029,-20.0,162.0
31.2071,-92.0,162.0
31.2123,-36.0,162.0
31.2174,45.0,162.0
31.2225,38.0,160.0
31.2283,-25.0,160.0
31.2321,-14.0,160.0
31.2371,49.0,160.0
31.2423,22.0,160.0
31.2471,-83.0,160.0
31.2525,-84.0,160.0
31.2571,92.0,160.0
31.2628,170.0,162.0
31.2678,-52.0,160.0
31.2724,-208.0,162.0
31.2773,-30.0,160.0
31.2827,151.0,160.0
31.2879,84.0,158.0
31.2927,-47.0,154.0
31.2977,-49.0,154.0
31.3024,-1.0,150.0
31.3073,-35.0,150.0
31.3128,-31.0,148.0
31.3176,82.0,146.0
31.3224,84.0,148.0
31.3282,-71.0,146.0
31.3325,-99.0,146.0
31.3376,37.0,146.0
31.343,89.0,144.0
31.3471,-1.0,144.0
31.3521,-80.0,144.0
31.3573,-47.0,144.0
31.3622,60.0,144.0
31.3677,92.0,144.0
31.3721,-5.0,144.0
31.3779,-84.0,144.0
31.3829,-61.0,144.0
31.3871,9.0,144.0
31.3922,88.0,146.0
31.3977,73.0,146.0
31.4029,-65.0,146.0
31.4071,-104.0,146.0
31.4126,35.0,146.0
31.4182,87.0,146.0
31.4224,-21.0,146.0
31.4281,-50.0,146.0
31.4321,15.0,146.0
31.4371,9.0,146.0
31.4426,0.0,146.0
31.4473,25.0,144.0
31.4522,-48.0,146.0
31.4571,-58.0,146.0
31.4637,120.0,146.0
31.4685,91.0,148.0
31.4729,-168.0,148.0
31.4777,-101.0,150.0
31.4826,155.0,152.0
31.4876,63.0,150.0
31.4925,-108.0,152.0
31.4973,7.0,148.0
31.5024,69.0,148.0
31.5074,-64.0,146.0
31.5123,-48.0,146.0
31.5173,73.0,146.0
31.5222,40.0,144.0
31.5276,-50.0,142.0
31.5324,-43.0,142.0
31.5376,33.0,140.0
31.5422,65.0,140.0
31.5476,-32.0,138.0
31.5523,-91.0,140.0
31.5571,37.0,140.0
31.5623,102.0,140.0
31.5674,-32.0,140.0
31.5721,-107.0,140.0
31.5777,9.0,140.0
31.5829,121.0,140.0
31.5873,39.0,140.0
31.5926,-124.0,140.0
31.598,-102.0,140.0
31.6032,90.0,140.0
31.6071,143.0,140.0
31.6126,-24.0,138.0
31.6179,-120.0,138.0
31.6224,-40.0,136.0
31.6278,13.0,136.0
31.6321,66.0,136.0
31.6371,124.0,138.0
31.6423,-33.0,136.0
31.6472,-190.0,138.0
31.6535,-20.0,136.0
31.6572,142.0,138.0
31.6629,31.0,138.0
31.6673,-50.0,138.0
31.6721,22.0,138.0
31.6773,2.0,138.0
31.6825,-76.0,138.0
31.6879,-5.0,138.0
31.6922,69.0,138.0
31.6973,0.0,138.0
31.7023,-11.0,138.0
31.7075,45.0,138.0
31.7135,-47.0,136.0
31.718,-108.0,136.0
31.7221,83.0,136.0
31.7276,144.0,138.0
31.7325,-90.0,136.0
31.7374,-128.0,136.0
31.7421,78.0,136.0
31.7477,74.0,134.0
31.7523,-63.0,134.0
31.7573,-28.0,130.0
31.7622,47.0,128.0
31.7675,16.0,126.0
31.7721,-29.0,126.0
31.7778,-36.0,126.0
31.7823,22.0,126.0
31.7873,82.0,126.0
31.7923,-27.0,126.0
31.7978,-125.0,126.0
31.8031,21.0,126.0
31.8071,104.0,126.0
31.8126,0.0,126.0
31.8176,3.0,126.0
31.8224,10.0,124.0
31.8279,-135.0,126.0
31.8322,-87.0,126.0
31.8373,187.0,128.0
31.8422,180.0,130.0
31.8471,-130.0,130.0
31.8524,-201.0,134.0
31.8572,36.0,132.0
31.8621,133.0,134.0
31.8671,13.0,134.0
31.8732,-57.0,134.0
31.8807,-16.0,134.0
31.8824,50.0,134.0
31.8882,12.0,134.0
31.8922,-108.0,134.0
31.8976,-22.0,134.0
31.9024,177.0,134.0
31.9075,49.0,134.0
31.9129,-203.0,134.0
31.9176,-83.0,134.0
31.9223,173.0,134.0
31.9274,93.0,134.0
31.9324,-119.0,136.0
31.9376,-72.0,136.0
31.9421,90.0,138.0
31.9472,53.0,138.0
31.9521,-86.0,138.0
31.9573,-57.0,138.0
31.9624,58.0,138.0
31.9671,52.0,138.0
31.9721,18.0,136.0
31.9786,3.0,136.0
31.9827,-88.0,136.0
31.9873,-91.0,136.0
31.9924,88.0,136.0
31.9977,142.0,138.0
32.0027,-36.0,138.0
32.0071,-118.0,138.0
32.0123,-9.0,138.0
32.0183,47.0,138.0
32.0224,32.0,138.0
32.0274,9.0,138.0
32.0322,-56.0,138.0
32.0372,-24.0,136.0
32.0427,98.0,136.0
32.0473,13.0,136.0
32.0524,-133.0,136.0
32.0571,8.0,136.0
32.0628,121.0,138.0
32.0675,-48.0,138.0
32.0721,-76.0,138.0
32.0783,96.0,140.0
32.0827,38.0,140.0
32.0877,-109.0,142.0
32.0921,-7.0,140.0
32.0971,85.0,142.0
32.1024,-36.0,140.0
32.1077,-66.0,140.0
32.1124,67.0,138.0
32.1179,70.0,138.0
32.1221,-58.0,136.0
32.1277,-71.0,136.0
32.1323,36.0,134.0
32.1374,61.0,136.0
32.143,-37.0,136.0
32.1479,-52.0,136.0
32.1521,56.0,136.0
32.1573,50.0,134.0
32.1623,-65.0,136.0
32.1676,-38.0,136.0
32.1723,59.0,136.0
32.1772,4.0,134.0
32.1828,-60.0,134.0
32.1871,36.0,134.0
32.1923,68.0,134.0
32.1972,-48.0,134.0
32.2021,-57.0,134.0
32.2072,2.0,134.0
32.2121,11.0,132.0
32.2171,92.0,134.0
32.2221,66.0,132.0
32.2272,-173.0,134.0
32.2321,-146.0,134.0
32.2372,160.0,136.0
32.2421,169.0,136.0
32.2473,-54.0,136.0
32.2525,-104.0,136.0
32.2573,-51.0,136.0
32.2622,8.0,136.0
32.2672,93.0,136.0
32.2724,41.0,136.0
32.2772,-101.0,136.0
32.2834,-50.0,136.0
32.2872,106.0,134.0
32.2921,58.0,136.0
32.2971,-91.0,134.0
32.3022,-70.0,136.0
32.3072,46.0,136.0
32.3125,72.0,136.0
32.3172,0.0,136.0
32.3222,-68.0,136.0
32.3271,-25.0,136.0
32.3322,63.0,136.0
32.3373,30.0,136.0
32.3421,-48.0,136.0
32.3474,-26.0,136.0
32.3521,25.0,136.0
32.3571,25.0,136.0
32.3621,-16.0,134.0
32.3671,-47.0,132.0
32.3723,18.0,132.0
32.3772,77.0,130.0
32.3823,-7.0,130.0
32.3871,-69.0,130.0
32.3925,-5.0,128.0
32.3973,15.0,128.0
32.4022,-7.0,128.0
32.4071,20.0,128.0
32.4121,33.0,128.0
32.4171,10.0,128.0
32.4222,-27.0,128.0
32.4274,-74.0,128.0
32.4322,-16.0,128.0
32.4372,97.0,126.0
32.4421,45.0,128.0
32.4471,-63.0,126.0
32.4522,-17.0,126.0
32.4571,23.0,126.0
32.4623,-43.0,128.0
32.4673,-15.0,126.0
32.4723,76.0,126.0
32.4778,13.0,122.0
32.4822,-60.0,120.0
32.4872,27.0,120.0
32.4921,38.0,116.0
32.4971,-80.0,118.0
32.5021,-57.0,116.0
32.5072,68.0,118.0
32.5124,97.0,118.0
32.5171,27.0,118.0
32.5221,-90.0,118.0
32.5273,-121.0,120.0
32.5321,16.0,118.0
32.5383,118.0,120.0
32.5421,52.0,118.0
32.5471,-28.0,118.0
32.5522,-49.0,116.0
32.5571,-44.0,114.0
32.5621,5.0,112.0
32.5672,38.0,112.0
32.5723,-7.0,110.0
32.5772,-2.0,108.0
32.5822,70.0,108.0
32.5871,17.0,108.0
32.5922,-116.0,108.0
32.5973,-87.0,108.0
32.6023,85.0,110.0
32.6072,150.0,110.0
32.6121,-12.0,110.0
32.6172,-152.0,112.0
32.6222,-37.0,112.0
32.6272,103.0,112.0
32.6321,56.0,112.0
32.6371,-28.0,110.0
32.6421,-58.0,110.0
32.6471,-60.0,110.0
32.6522,37.0,110.0
32.6571,129.0,112.0
32.6621,12.0,110.0
32.6671,-132.0,112.0
32.6721,-54.0,112.0
32.6771,72.0,114.0
32.6822,48.0,112.0
32.6872,-24.0,112.0
32.6932,-9.0,110.0
32.6971,51.0,112.0
32.7022,6.0,110.0
32.7072,-103.0,110.0
32.7126,-64.0,110.0
32.7174,86.0,110.0
32.7222,117.0,112.0
32.7271,6.0,110.0
32.7321,-94.0,112.0
32.7372,-83.0,112.0
32.7422,17.0,110.0
32.7473,79.0,112.0
32.7521,14.0,110.0
32.7571,-26.0,110.0
32.7621,52.0,110.0
32.7671,19.0,108.0
32.7724,-158.0,110.0
32.7773,-95.0,112.0
32.7822,196.0,114.0
32.7873,192.0,116.0
32.7922,-141.0,118.0
32.7974,-226.0,120.0
32.8023,67.0,120.0
32.8072,196.0,122.0
32.8121,-32.0,122.0
32.8171,-158.0,124.0
32.8221,8.0,124.0
32.8274,116.0,124.0
32.8321,25.0,124.0
32.8371,-36.0,124.0
32.8421,-27.0,124.0
32.8473,-55.0,124.0
32.8523,-24.0,124.0
32.8572,83.0,124.0
32.8621,79.0,124.0
32.8671,-28.0,122.0
32.8722,-80.0,122.0
32.8772,-42.0,120.0
32.8823,42.0,118.0
32.8873,57.0,118.0
32.8922,-22.0,116.0
32.8971,-8.0,116.0
32.903,48.0,116.0
32.9076,-56.0,116.0
32.9128,-91.0,116.0
32.9173,89.0,116.0
32.9222,102.0,118.0
32.9272,-82.0,116.0
32.9324,-66.0,116.0
32.9373,51.0,116.0
32.9423,14.0,116.0
32.9473,-14.0,114.0
32.9521,14.0,114.0
32.9572,-17.0,114.0
32.9621,-15.0,114.0
32.9671,41.0,114.0
32.9723,13.0,112.0
32.9773,-52.0,114.0
32.9823,-23.0,112.0
32.9872,40.0,112.0
32.9922,23.0,112.0
32.9974,-33.0,114.0
33.0021,-4.0,112.0
33.0071,63.0,114.0
33.0121,-5.0,112.0
33.0171,-106.0,114.0
33.0222,-2.0,114.0
33.0273,122.0,114.0
33.0321,10.0,114.0
33.0371,-111.0,116.0
33.0421,-8.0,116.0
33.0471,74.0,116.0
33.0521,-9.0,116.0
33.0575,-21.0,116.0
33.0623,37.0,116.0
33.0673,-17.0,116.0
33.0722,-48.0,116.0
33.0771,36.0,116.0
33.0823,31.0,114.0
33.0873,-46.0,114.0
33.0922,-3.0,114.0
33.0972,31.0,114.0
33.1026,-36.0,114.0
33.1071,6.0,114.0
33.1125,88.0,114.0
33.1172,-2.0,114.0
33.1221,-101.0,114.0
33.1272,-64.0,116.0
33.1322,22.0,116.0
33.1371,122.0,116.0
33.1421,100.0,116.0
33.1473,-105.0,118.0
33.1522,-170.0,118.0
33.1575,37.0,118.0
33.1621,147.0,120.0
33.1671,18.0,118.0
33.1722,-75.0,118.0
33.1772,-27.0,118.0
33.1821,18.0,116.0
33.1871,10.0,116.0
33.1921,4.0,116.0
33.1973,3.0,116.0
33.2023,-5.0,116.0
33.2071,-9.0,114.0
33.2121,-8.0,114.0
33.2171,-3.0,114.0
33.2222,29.0,114.0
33.2273,46.0,114.0
33.2322,-37.0,114.0
33.2372,-87.0,114.0
33.2421,27.0,112.0
33.2472,82.0,112.0
33.2523,-25.0,112.0
33.2573,-52.0,110.0
33.2623,39.0,110.0
33.2672,55.0,110.0
33.2721,-39.0,108.0
33.2771,-89.0,110.0
33.2821,4.0,110.0
33.2871,91.0,110.0
33.2922,28.0,110.0
33.2972,-42.0,108.0
33.3021,-17.0,108.0
33.3075,-10.0,106.0
33.3124,-27.0,106.0
33.3171,23.0,106.0
33.3221,57.0,106.0
33.3271,-14.0,106.0
33.3323,-46.0,106.0
33.3373,32.0,106.0
33.3424,12.0,106.0
33.3472,-79.0,106.0
33.3521,9.0,104.0
33.3573,99.0,104.0
33.3622,-23.0,102.0
33.3671,-63.0,104.0
33.3723,53.0,104.0
33.3772,7.0,102.0
33.3822,-84.0,104.0
33.3871,28.0,102.0
33.3922,72.0,104.0
33.3973,-69.0,104.0
33.4022,-14.0,104.0
33.4074,139.0,106.0
33.4123,-31.0,104.0
33.4171,-191.0,104.0
33.4222,16.0,102.0
33.4276,164.0,102.0
33.4323,31.0,100.0
33.4371,-71.0,98.0
33.4421,-43.0,96.0
33.4471,-13.0,94.0
33.4523,-10.0,94.0
33.4572,40.0,92.0
33.4622,102.0,94.0
33.4673,-4.0,92.0
33.4721,-165.0,94.0
33.4773,-60.0,94.0
33.4823,130.0,96.0
33.4871,75.0,96.0
33.4921,-2.0,96.0
33.4971,33.0,94.0
33.5022,-97.0,96.0
33.5075,-202.0,98.0
33.5122,61.0,98.0
33.5172,256.0,100.0
33.5222,42.0,100.0
33.5271,-140.0,102.0
33.5322,-73.0,104.0
33.5371,-7.0,104.0
33.5423,15.0,102.0
33.5473,57.0,102.0
33.5521,39.0,102.0
33.5571,-19.0,100.0
33.5621,-35.0,100.0
33.5673,-22.0,98.0
33.5723,-9.0,98.0
33.5772,18.0,98.0
33.5823,53.0,98.0
33.5882,13.0,98.0
33.5921,-75.0,98.0
33.5975,-23.0,98.0
33.6023,84.0,100.0
33.6071,-8.0,100.0
33.6122,-91.0,100.0
33.6176,56.0,100.0
33.6222,106.0,102.0
33.6273,-78.0,102.0
33.6322,-113.0,104.0
33.6373,52.0,104.0
33.6421,71.0,106.0
33.6472,-12.0,104.0
33.6521,26.0,104.0
33.6574,14.0,104.0
33.6623,-120.0,106.0
33.6672,-54.0,104.0
33.6723,148.0,106.0
33.6771,77.0,106.0
33.6821,-112.0,108.0
33.6871,-52.0,108.0
33.6921,50.0,108.0
33.6972,-7.0,108.0
33.7022,-4.0,108.0
33.7074,45.0,108.0
33.7125,-12.0,106.0
33.7171,-6.0,106.0
33.7222,42.0,106.0
33.7271,-75.0,108.0
33.7322,-103.0,108.0
33.7373,107.0,110.0
33.7423,144.0,112.0
33.7473,-71.0,112.0
33.7521,-119.0,112.0
33.7571,28.0,114.0
33.7622,64.0,112.0
33.7671,-11.0,112.0
33.7722,-34.0,112.0
33.7771,4.0,110.0
33.7821,36.0,110.0
33.7871,5.0,108.0
33.7922,-49.0,106.0
33.7974,-10.0,106.0
33.8021,57.0,104.0
33.8071,4.0,104.0
33.8121,-42.0,104.0
33.8171,5.0,102.0
33.8221,0.0,102.0
33.8276,-14.0,102.0
33.8321,38.0,104.0
33.8371,17.0,104.0
33.8421,-34.0,104.0
33.8471,-6.0,104.0
33.8524,-5.0,104.0
33.8572,-13.0,104.0
33.8623,41.0,104.0
33.8673,9.0,104.0
33.8721,-59.0,104.0
33.8812,32.0,104.0
33.8821,74.0,104.0
33.8871,-75.0,104.0
33.8921,-96.0,104.0
33.8978,63.0,106.0
33.9021,108.0,106.0
33.9072,13.0,106.0
33.9122,-81.0,106.0
33.9171,-94.0,106.0
33.9221,17.0,106.0
33.928,108.0,106.0
33.9326,38.0,106.0
33.9374,-50.0,106.0
33.9422,-45.0,108.0
33.9472,-29.0,108.0
33.9521,12.0,108.0
33.9573,83.0,108.0
33.9622,16.0,108.0
33.9672,-104.0,110.0
33.9723,-24.0,108.0
33.9772,105.0,110.0
33.9821,26.0,110.0
33.9871,-94.0,110.0
33.9923,-30.0,110.0
33.9973,83.0,110.0
34.0023,46.0,110.0
34.0071,-85.0,112.0
34.0121,-88.0,112.0
34.0172,75.0,112.0
34.0221,128.0,114.0
34.0272,-30.0,114.0
34.0322,-114.0,114.0
34.0372,-10.0,114.0
34.0421,50.0,114.0
34.0471,-5.0,112.0
34.0523,-11.0,112.0
34.0572,52.0,110.0
34.0624,36.0,110.0
34.0673,-53.0,108.0
34.0722,-60.0,108.0
34.0771,-21.0,108.0
34.0821,3.0,106.0
34.0874,98.0,108.0
34.0922,107.0,110.0
34.0971,-87.0,110.0
34.1021,-161.0,112.0
34.1072,12.0,112.0
34.1123,99.0,110.0
34.1171,16.0,110.0
34.1221,5.0,108.0
34.1272,34.0,108.0
34.1323,-49.0,108.0
34.1373,-82.0,108.0
34.1421,24.0,108.0
34.1472,49.0,106.0
34.1521,0.0,104.0
34.1571,32.0,100.0
34.162,6.0,100.0
34.1672,-75.0,100.0
34.1732,-18.0,98.0
34.1772,42.0,98.0
34.1822,-1.0,98.0
34.1871,23.0,98.0
34.1921,54.0,98.0
34.1972,-59.0,98.0
34.2021,-93.0,100.0
34.2071,42.0,100.0
34.2121,79.0,102.0
34.217,0.0,100.0
34.2222,-25.0,100.0
34.2272,-33.0,100.0
34.2322,-16.0,100.0
34.2371,56.0,100.0
34.2421,36.0,100.0
34.2471,-85.0,100.0
34.2522,-80.0,100.0
34.2571,86.0,102.0
34.2622,162.0,102.0
34.2671,-5.0,100.0
34.2721,-199.0,102.0
34.2771,-120.0,104.0
34.2821,102.0,104.0
34.2871,167.0,106.0
34.2921,80.0,108.0
34.2971,-78.0,108.0
34.3021,-200.0,110.0
34.3074,-73.0,110.0
34.3124,170.0,110.0
34.3172,169.0,112.0
34.3221,-34.0,110.0
34.3271,-153.0,112.0
34.3332,-88.0,112.0
34.3371,61.0,114.0
34.3421,113.0,114.0
34.3473,21.0,114.0
34.3521,-41.0,114.0
34.3571,-27.0,116.0
34.3621,-52.0,116.0
34.3671,-44.0,114.0
34.3722,89.0,114.0
34.3771,130.0,116.0
34.3821,-44.0,114.0
34.3872,-158.0,114.0
34.3921,-28.0,114.0
34.3972,118.0,114.0
34.4021,56.0,114.0
34.4071,-69.0,116.0
34.4121,-22.0,116.0
34.4171,56.0,116.0
34.4224,-19.0,116.0
34.4271,-63.0,116.0
34.4332,23.0,116.0
34.4372,56.0,118.0
34.4422,9.0,116.0
34.4472,-19.0,116.0
34.4522,-46.0,116.0
34.4573,-38.0,118.0
34.4622,47.0,118.0
34.4671,74.0,118.0
34.4723,-9.0,118.0
34.4771,-55.0,120.0
34.4821,-24.0,118.0
34.4872,4.0,118.0
34.4921,34.0,120.0
34.4971,31.0,120.0
34.5022,-46.0,120.0
34.5071,-36.0,120.0
34.5122,74.0,120.0
34.5171,24.0,120.0
34.5222,-82.0,120.0
34.5271,0.0,120.0
34.5321,26.0,118.0
34.5372,-44.0,118.0
34.5421,77.0,118.0
34.5472,100.0,118.0
34.5521,-163.0,120.0
34.5571,-127.0,120.0
34.5622,173.0,122.0
34.5671,71.0,122.0
34.5723,-120.0,124.0
34.5771,70.0,124.0
34.5821,79.0,124.0
34.5873,-192.0,128.0
34.5921,-82.0,128.0
34.5972,186.0,130.0
34.6021,67.0,130.0
34.6072,-83.0,130.0
34.6121,12.0,130.0
34.6171,5.0,128.0
34.6222,-111.0,130.0
34.6271,-11.0,128.0
34.6326,147.0,130.0
34.6384,53.0,130.0
34.6421,-103.0,130.0
34.6472,-65.0,130.0
34.6529,31.0,130.0
34.6571,31.0,128.0
34.6621,15.0,128.0
34.6672,24.0,126.0
34.6724,-21.0,126.0
34.6771,-66.0,126.0
34.6821,-2.0,126.0
34.6871,72.0,126.0
34.6921,27.0,126.0
34.6971,-40.0,126.0
34.7022,-19.0,126.0
34.7072,-7.0,126.0
34.7122,-21.0,126.0
34.7172,49.0,126.0
34.7221,77.0,126.0
34.7271,-68.0,126.0
34.7321,-127.0,126.0
34.7371,37.0,126.0
34.7421,134.0,126.0
34.7482,32.0,126.0
34.7523,-66.0,126.0
34.7571,-82.0,126.0
34.7621,-43.0,126.0
34.7671,72.0,128.0
34.7722,120.0,128.0
34.7773,-35.0,128.0
34.7822,-133.0,130.0
34.7872,20.0,130.0
34.7922,110.0,130.0
34.7975,-30.0,130.0
34.8023,-86.0,132.0
34.8071,34.0,132.0
34.8121,57.0,132.0
34.8171,-11.0,132.0
34.8221,-12.0,132.0
34.8272,-21.0,132.0
34.8321,-30.0,132.0
34.8372,38.0,130.0
34.8429,32.0,130.0
34.8471,-36.0,130.0
34.8523,0.0,128.0
34.8571,20.0,128.0
34.8621,-22.0,128.0
34.8672,16.0,128.0
34.8722,12.0,128.0
34.8771,-72.0,128.0
34.882,5.0,128.0
34.8871,98.0,128.0
34.8921,-13.0,128.0
34.8971,-42.0,126.0
34.9021,40.0,124.0
34.9071,-69.0,126.0
34.9124,-102.0,124.0
34.9172,149.0,124.0
34.9221,146.0,126.0
34.9276,-153.0,126.0
34.9321,-125.0,126.0
34.9372,117.0,126.0
34.9422,64.0,124.0
34.9471,-94.0,124.0
34.9522,-19.0,122.0
34.9572,92.0,122.0
34.9621,5.0,120.0
34.9672,-90.0,120.0
34.9721,-4.0,118.0
34.9772,80.0,118.0
34.9821,5.0,118.0
34.9871,-74.0,118.0
34.9921,-4.0,118.0
34.9972,83.0,118.0
35.0021,7.0,118.0
35.0071,-103.0,118.0
35.0121,-12.0,118.0
35.0172,111.0,116.0
35.0221,11.0,116.0
35.0276,-89.0,116.0
35.0322,4.0,114.0
35.0371,43.0,114.0
35.0421,-44.0,114.0
35.0476,-11.0,112.0
35.0522,96.0,114.0
35.0572,30.0,114.0
35.0622,-107.0,114.0
35.0671,-72.0,114.0
35.0721,43.0,116.0
35.077,57.0,116.0
35.0822,54.0,116.0
35.0871,40.0,116.0
35.0922,-117.0,118.0
35.0972,-160.0,120.0
35.1022,119.0,120.0
35.1071,208.0,122.0
35.1123,-82.0,124.0
35.1171,-152.0,126.0
35.1222,48.0,126.0
35.1272,36.0,126.0
35.1322,-46.0,126.0
35.1372,58.0,126.0
35.1422,64.0,126.0
35.1472,-75.0,128.0
35.1532,-52.0,128.0
35.1572,27.0,128.0
35.1621,-8.0,126.0
35.1672,25.0,126.0
35.1721,79.0,128.0
35.1773,-47.0,128.0
35.1822,-109.0,128.0
35.1873,57.0,128.0
35.1921,96.0,126.0
35.1974,-68.0,126.0
35.2023,-66.0,124.0
35.2071,72.0,124.0
35.2121,30.0,122.0
35.2171,-68.0,122.0
35.2221,-14.0,122.0
35.2271,54.0,118.0
35.2321,38.0,118.0
35.2371,-21.0,116.0
35.2421,-70.0,116.0
35.2472,-21.0,114.0
35.2528,61.0,116.0
35.2572,36.0,116.0
35.2622,-16.0,114.0
35.2671,-8.0,114.0
35.2721,-21.0,112.0
35.2773,-44.0,112.0
35.2821,18.0,112.0
35.287,84.0,112.0
35.2921,14.0,112.0
35.2971,-80.0,112.0
35.3021,-36.0,112.0
35.3071,34.0,112.0
35.3122,23.0,112.0
35.3173,31.0,112.0
35.3222,8.0,112.0
35.3273,-96.0,112.0
35.3321,-39.0,112.0
35.3371,141.0,114.0
35.3422,63.0,114.0
35.3473,-133.0,116.0
35.3521,-63.0,118.0
35.3586,54.0,118.0
35.3621,16.0,116.0
35.3671,57.0,116.0
35.3722,70.0,116.0
35.3772,-107.0,116.0
35.3821,-124.0,116.0
35.3871,47.0,116.0
35.3923,63.0,116.0
35.3973,43.0,116.0
35.4023,91.0,116.0
35.4072,-65.0,116.0
35.4121,-234.0,118.0
35.4171,18.0,118.0
35.4225,290.0,120.0
35.4273,39.0,120.0
35.4322,-251.0,124.0
35.4372,-61.0,124.0
35.4422,149.0,124.0
35.4472,44.0,124.0
35.4524,-51.0,124.0
35.4578,-28.0,124.0
35.4621,7.0,124.0
35.4671,50.0,126.0
35.4722,-1.0,124.0
35.4772,-101.0,126.0
35.4823,-12.0,126.0
35.4873,125.0,126.0
35.4921,37.0,128.0
35.4971,-94.0,128.0
35.5021,-42.0,128.0
35.5071,46.0,130.0
35.5122,21.0,130.0
35.5171,-28.0,128.0
35.5221,-10.0,128.0
35.5271,31.0,128.0
35.5321,37.0,128.0
35.5371,-15.0,128.0
35.5425,-90.0,128.0
35.5474,-31.0,128.0
35.5521,124.0,128.0
35.5571,81.0,128.0
35.5621,-99.0,126.0
35.5671,-92.0,126.0
35.5721,13.0,124.0
35.5771,37.0,122.0
35.5821,76.0,122.0
35.5872,53.0,122.0
35.5922,-107.0,124.0
35.5973,-122.0,124.0
35.6021,65.0,124.0
35.6071,129.0,126.0
35.612,2.0,126.0
35.6172,-81.0,126.0
35.6221,-37.0,126.0
35.627,19.0,126.0
35.6321,6.0,126.0
35.6371,-8.0,124.0
35.6422,39.0,124.0
35.6472,79.0,124.0
35.6526,-6.0,124.0
35.6577,-166.0,124.0
35.6621,-118.0,126.0
35.6671,162.0,128.0
35.6722,233.0,132.0
35.6772,-39.0,132.0
35.6822,-228.0,134.0
35.6872,-92.0,136.0
35.6921,108.0,136.0
35.6971,115.0,136.0
35.7021,19.0,136.0
35.7084,-43.0,136.0
35.7123,-66.0,136.0
35.7172,-20.0,134.0
35.7221,51.0,134.0
35.7271,22.0,134.0
35.7322,-57.0,134.0
35.7371,-3.0,132.0
35.7421,106.0,130.0
35.747,7.0,128.0
35.7521,-135.0,128.0
35.7571,-10.0,126.0
35.7621,99.0,128.0
35.7673,-42.0,128.0
35.7721,-48.0,128.0
35.7771,137.0,128.0
35.7821,49.0,128.0
35.7871,-182.0,130.0
35.7923,-81.0,130.0
35.7972,134.0,132.0
35.8021,71.0,134.0
35.8071,-71.0,134.0
35.8121,-26.0,132.0
35.8171,65.0,134.0
35.8221,20.0,132.0
35.8272,-75.0,132.0
35.8323,-55.0,132.0
35.8371,33.0,130.0
35.8422,56.0,130.0
35.8471,37.0,130.0
35.8522,-1.0,130.0
35.8572,-79.0,130.0
35.8621,-48.0,130.0
35.867,84.0,130.0
35.8721,57.0,132.0
35.8771,-72.0,132.0
35.8826,-45.0,132.0
35.8871,50.0,132.0
35.8922,33.0,132.0
35.8973,-22.0,132.0
35.9021,-31.0,132.0
35.9071,3.0,132.0
35.9122,50.0,132.0
35.9171,13.0,132.0
35.9221,-88.0,132.0
35.9271,-49.0,132.0
35.9322,110.0,134.0
35.9374,95.0,134.0
35.9421,-87.0,134.0
35.9472,-108.0,136.0
35.952,23.0,136.0
35.9572,59.0,136.0
35.9621,38.0,136.0
35.9673,27.0,136.0
35.9721,-62.0,136.0
35.9771,-92.0,136.0
35.9821,48.0,136.0
35.9872,99.0,134.0
35.9924,-33.0,134.0
35.9973,-77.0,134.0
36.0021,34.0,134.0
36.0071,76.0,134.0
36.0121,-30.0,134.0
36.0171,-98.0,134.0
36.0222,8.0,132.0
36.0271,117.0,134.0
36.0322,12.0,132.0
36.0372,-114.0,134.0
36.0423,-30.0,132.0
36.0471,83.0,134.0
36.0526,58.0,130.0
36.0573,-17.0,130.0
36.0621,-89.0,128.0
36.0671,-68.0,128.0
36.0721,95.0,126.0
36.0772,123.0,126.0
36.0824,-80.0,126.0
36.0873,-105.0,126.0
36.0922,84.0,126.0
36.0971,31.0,126.0
36.1021,-122.0,128.0
36.1071,42.0,128.0
36.1122,151.0,130.0
36.1173,-80.0,130.0
36.1221,-138.0,132.0
36.1271,88.0,132.0
36.1321,96.0,132.0
36.1374,-82.0,132.0
36.1422,-55.0,132.0
36.1471,60.0,132.0
36.1522,22.0,132.0
36.1572,-10.0,132.0
36.1621,19.0,132.0
36.1673,-60.0,134.0
36.1723,-89.0,134.0
36.1772,125.0,136.0
36.1821,175.0,138.0
36.1872,-142.0,138.0
36.1922,-219.0,140.0
36.1975,106.0,140.0
36.2022,172.0,142.0
36.2071,-69.0,142.0
36.2121,-65.0,142.0
36.2171,68.0,142.0
36.2222,-7.0,142.0
36.2273,-73.0,142.0
36.2323,18.0,140.0
36.2371,44.0,140.0
36.2421,-24.0,138.0
36.247,-8.0,136.0
36.2521,59.0,138.0
36.2573,13.0,136.0
36.2621,-89.0,138.0
36.2673,-55.0,138.0
36.2723,82.0,140.0
36.2772,86.0,140.0
36.2822,-48.0,140.0
36.2871,-83.0,140.0
36.2921,18.0,140.0
36.2971,70.0,140.0
36.302,1.0,138.0
36.3071,-70.0,136.0
36.3122,-39.0,134.0
36.3173,62.0,134.0
36.3221,96.0,132.0
36.3271,-20.0,130.0
36.3322,-124.0,130.0
36.3372,-29.0,130.0
36.3421,93.0,130.0
36.3471,36.0,130.0
36.3521,-37.0,130.0
36.3571,4.0,130.0
36.3622,-3.0,128.0
36.3671,-54.0,130.0
36.3721,30.0,128.0
36.3771,88.0,130.0
36.3821,-46.0,130.0
36.3874,-97.0,130.0
36.3922,44.0,130.0
36.3973,88.0,130.0
36.4023,-14.0,130.0
36.4072,-59.0,130.0
36.4121,-24.0,128.0
36.4171,21.0,128.0
36.4222,49.0,128.0
36.4274,3.0,124.0
36.4324,-67.0,124.0
36.4372,-14.0,122.0
36.4421,82.0,122.0
36.4473,29.0,122.0
36.4522,-64.0,122.0
36.4573,-38.0,122.0
36.4621,9.0,122.0
36.467,13.0,120.0
36.4721,34.0,120.0
36.4771,26.0,120.0
36.4821,-18.0,120.0
36.4873,-32.0,120.0
36.4922,-36.0,120.0
36.4972,-10.0,120.0
36.5021,70.0,120.0
36.5073,64.0,120.0
36.5132,-59.0,120.0
36.5171,-86.0,120.0
36.523,29.0,120.0
36.528,61.0,120.0
36.5323,-25.0,120.0
36.5373,-20.0,120.0
36.5429,47.0,120.0
36.5473,18.0,120.0
36.5524,-42.0,120.0
36.5573,-52.0,120.0
36.5627,-11.0,118.0
36.5677,71.0,120.0
36.5738,74.0,118.0
36.577,-50.0,118.0
36.5825,-106.0,118.0
36.5873,8.0,116.0
36.5925,112.0,118.0
36.5978,30.0,118.0
36.6021,-97.0,118.0
36.6071,-47.0,118.0
36.6124,59.0,118.0
36.6173,42.0,118.0
36.6225,-8.0,118.0
36.6279,-38.0,116.0
36.6321,-29.0,116.0
36.6373,52.0,116.0
36.6424,39.0,116.0
36.6473,-76.0,116.0
36.6524,-37.0,116.0
36.6572,73.0,116.0
36.6627,41.0,116.0
36.6677,-24.0,114.0
36.6723,-32.0,116.0
36.6771,-35.0,114.0
36.6822,-9.0,114.0
36.6883,53.0,114.0
36.692,57.0,114.0
36.6978,-34.0,114.0
36.7023,-90.0,114.0
36.7073,26.0,112.0
36.7123,137.0,114.0
36.7174,-39.0,112.0
36.7221,-221.0,114.0
36.7283,39.0,114.0
36.7323,298.0,116.0
36.7375,-16.0,116.0
36.7421,-318.0,120.0
36.7476,-5.0,118.0
36.7523,276.0,120.0
36.7576,5.0,120.0
36.7621,-192.0,120.0
36.7675,14.0,120.0
36.7732,106.0,120.0
36.777,-35.0,118.0
36.7823,-48.0,118.0
36.7884,43.0,118.0
36.792,16.0,118.0
36.7976,-41.0,118.0
36.8027,7.0,118.0
36.8071,32.0,118.0
36.8121,-15.0,118.0
36.8173,-4.0,116.0
36.8222,-4.0,112.0
36.828,-38.0,110.0
36.832,26.0,108.0
36.837,57.0,108.0
36.8428,-29.0,104.0
36.8473,-17.0,104.0
36.8524,25.0,104.0
36.8571,-42.0,104.0
36.8627,-28.0,104.0
36.8677,44.0,102.0
36.8723,17.0,102.0
36.8773,26.0,102.0
36.8824,35.0,102.0
36.8875,-100.0,104.0
36.8921,-107.0,104.0
36.8977,109.0,106.0
36.9023,140.0,108.0
36.9072,-58.0,108.0
36.9124,-104.0,108.0
36.9171,7.0,106.0
36.9227,31.0,106.0
36.927,0.0,104.0
36.9323,16.0,104.0
36.9371,21.0,104.0
36.943,-11.0,104.0
36.9478,-23.0,104.0
36.9523,-25.0,104.0
36.9572,-20.0,102.0
36.962,60.0,102.0
36.9674,91.0,104.0
36.9723,-59.0,102.0
36.9778,-142.0,104.0
36.983,16.0,102.0
36.9872,123.0,104.0
36.9932,25.0,104.0
36.9979,-47.0,104.0
37.0023,-26.0,104.0
37.0073,-16.0,104.0
37.0122,0.0,104.0
37.0173,27.0,102.0
37.0221,24.0,102.0
37.0277,-2.0,102.0
37.032,-27.0,100.0
37.0371,-24.0,100.0
37.0426,7.0,100.0
37.0473,33.0,100.0
37.0524,21.0,100.0
37.0578,-19.0,100.0
37.0627,-48.0,100.0
37.068,-22.0,100.0
37.0723,54.0,100.0
37.0774,75.0,100.0
37.0825,-19.0,100.0
37.0874,-75.0,100.0
37.092,-23.0,100.0
37.0974,-1.0,98.0
37.1022,4.0,98.0
37.1073,77.0,100.0
37.1127,84.0,100.0
37.1178,-55.0,100.0
37.1221,-149.0,102.0
37.1272,-44.0,104.0
37.1322,109.0,104.0
37.1372,102.0,106.0
37.1429,-7.0,104.0
37.1478,-65.0,104.0
37.152,-44.0,104.0
37.1573,7.0,104.0
37.1626,19.0,104.0
37.1675,-18.0,102.0
37.172,9.0,102.0
37.1777,85.0,104.0
37.1827,14.0,102.0
37.1873,-125.0,104.0
37.1923,-51.0,104.0
37.1983,107.0,106.0
37.2023,37.0,106.0
37.2075,-77.0,106.0
37.212,21.0,106.0
37.2172,75.0,106.0
37.2223,-65.0,104.0
37.2272,-80.0,106.0
37.2321,70.0,106.0
37.2374,60.0,106.0
37.2426,-60.0,106.0
37.2473,-27.0,104.0
37.2523,65.0,104.0
37.2571,17.0,104.0
37.2628,-78.0,106.0
37.2678,-35.0,106.0
37.2723,77.0,106.0
37.2774,69.0,106.0
37.2824,-54.0,106.0
37.2879,-106.0,108.0
37.292,-3.0,106.0
37.2973,113.0,108.0
37.3029,83.0,108.0
37.3074,-55.0,108.0
37.3127,-134.0,110.0
37.3179,-42.0,110.0
37.3222,116.0,112.0
37.3272,112.0,112.0
37.3323,-51.0,112.0
37.3374,-119.0,114.0
37.343,7.0,112.0
37.3477,96.0,114.0
37.3523,-21.0,112.0
37.3573,-95.0,112.0
37.3625,58.0,110.0
37.3677,116.0,112.0
37.373,-62.0,108.0
37.3771,-117.0,110.0
37.3835,33.0,106.0
37.3873,69.0,106.0
37.3925,-5.0,102.0
37.3975,5.0,102.0
37.4024,-14.0,100.0
37.407,-59.0,100.0
37.4124,42.0,98.0
37.4176,66.0,100.0
37.4225,-69.0,100.0
37.4279,-46.0,100.0
37.4321,70.0,100.0
37.4371,21.0,100.0
37.4423,-45.0,100.0
37.4471,7.0,100.0
37.4524,27.0,100.0
37.4572,-41.0,102.0
37.4627,-37.0,102.0
37.4673,57.0,102.0
37.4723,60.0,102.0
37.4772,-41.0,102.0
37.4825,-59.0,102.0
37.4879,8.0,102.0
37.4921,22.0,102.0
37.4978,16.0,102.0
37.5023,27.0,102.0
37.5073,-15.0,102.0
37.5124,-67.0,102.0
37.5177,-31.0,102.0
37.522,89.0,104.0
37.5272,120.0,104.0
37.5321,-63.0,102.0
37.5373,-178.0,104.0
37.5423,-10.0,102.0
37.5473,124.0,102.0
37.552,67.0,102.0
37.5571,3.0,102.0
37.5621,-49.0,102.0
37.5672,-82.0,104.0
37.5721,-6.0,104.0
37.5771,53.0,104.0
37.5821,30.0,104.0
37.5871,29.0,104.0
37.5921,6.0,104.0
37.5971,-77.0,106.0
37.602,-66.0,106.0
37.6076,41.0,104.0
37.612,71.0,104.0
37.617,42.0,104.0
37.6221,15.0,104.0
37.6272,-82.0,102.0
37.6321,-154.0,104.0
37.6371,31.0,104.0
37.6422,252.0,108.0
37.6471,73.0,108.0
37.6524,-238.0,112.0
37.6571,-143.0,114.0
37.6621,125.0,116.0
37.6671,116.0,118.0
37.672,-9.0,118.0
37.6771,-6.0,118.0
37.6821,-23.0,118.0
37.6871,-108.0,118.0
37.6921,-19.0,118.0
37.6973,168.0,120.0
37.7021,65.0,122.0
37.7072,-176.0,124.0
37.7123,-64.0,124.0
37.7171,159.0,124.0
37.7222,26.0,126.0
37.7271,-138.0,126.0
37.7321,6.0,126.0
37.7371,111.0,128.0
37.7421,-2.0,128.0
37.7472,-60.0,128.0
37.7521,-21.0,126.0
37.7571,-17.0,126.0
37.7621,8.0,124.0
37.7672,73.0,124.0
37.7722,52.0,122.0
37.7771,-59.0,122.0
37.7822,-101.0,124.0
37.7872,8.0,122.0
37.7921,100.0,124.0
37.7973,15.0,124.0
37.8023,-85.0,124.0
37.8072,-2.0,124.0
37.8122,91.0,126.0
37.8171,-22.0,124.0
37.8221,-109.0,126.0
37.8272,47.0,126.0
37.8323,115.0,126.0
37.8371,-62.0,126.0
37.8423,-99.0,126.0
37.8471,48.0,126.0
37.8524,57.0,126.0
37.8571,-19.0,126.0
37.8621,-6.0,124.0
37.8671,-1.0,124.0
37.8722,-12.0,122.0
37.8771,37.0,122.0
37.8831,16.0,122.0
37.8873,-100.0,122.0
37.8922,-79.0,122.0
37.8971,100.0,124.0
37.9021,190.0,126.0
37.9071,24.0,126.0
37.9124,-213.0,128.0
37.9175,-167.0,130.0
37.9221,85.0,130.0
37.9271,166.0,130.0
37.9321,71.0,132.0
37.9371,-24.0,130.0
37.9424,-104.0,130.0
37.9473,-100.0,132.0
37.9521,15.0,130.0
37.9571,100.0,130.0
37.9621,75.0,130.0
37.9671,-23.0,128.0
37.9721,-95.0,130.0
37.9772,-21.0,128.0
37.9822,68.0,128.0
37.9871,2.0,128.0
37.9921,-38.0,128.0
37.9972,40.0,126.0
38.0023,20.0,126.0
38.0071,-82.0,126.0
38.0122,-17.0,124.0
38.0171,109.0,124.0
38.0221,27.0,124.0
38.0275,-94.0,124.0
38.0323,-28.0,126.0
38.0371,33.0,126.0
38.0421,-5.0,126.0
38.0471,23.0,126.0
38.0521,65.0,126.0
38.0572,-28.0,124.0
38.0624,-102.0,126.0
38.0672,-10.0,124.0
38.0721,70.0,124.0
38.0772,28.0,124.0
38.0824,2.0,124.0
38.0872,14.0,124.0
38.0921,-28.0,124.0
38.0971,-74.0,124.0
38.1022,-24.0,124.0
38.107,79.0,126.0
38.1122,79.0,126.0
38.117,-25.0,126.0
38.1225,-63.0,126.0
38.127,-22.0,126.0
38.1321,4.0,126.0
38.1372,27.0,126.0
38.1421,22.0,126.0
38.1471,-25.0,126.0
38.1522,-8.0,124.0
38.1572,50.0,124.0
38.162,5.0,124.0
38.1671,-74.0,122.0
38.1722,-19.0,122.0
38.1771,48.0,120.0
38.1821,-5.0,120.0
38.1875,0.0,118.0
38.1921,90.0,118.0
38.1972,-3.0,118.0
38.2023,-184.0,120.0
38.2071,-44.0,120.0
38.2121,216.0,124.0
38.217,93.0,124.0
38.2233,-158.0,126.0
38.2274,-103.0,126.0
38.2322,45.0,128.0
38.2371,69.0,128.0
38.242,45.0,128.0
38.2471,-15.0,126.0
38.2525,-65.0,126.0
38.2572,-11.0,126.0
38.2621,33.0,126.0
38.2671,-12.0,126.0
38.2721,-8.0,122.0
38.2771,54.0,124.0
38.2822,6.0,120.0
38.2871,-71.0,120.0
38.2921,0.0,116.0
38.2971,65.0,114.0
38.3021,-23.0,112.0
38.3071,-55.0,112.0
38.3123,31.0,112.0
38.3171,38.0,112.0
38.3221,-12.0,112.0
38.3271,-7.0,112.0
38.3321,-3.0,110.0
38.3372,-19.0,108.0
38.342,-5.0,108.0
38.347,23.0,106.0
38.352,21.0,104.0
38.3571,-11.0,102.0
38.3623,-12.0,102.0
38.3672,5.0,100.0
38.3723,-21.0,100.0
38.3773,-21.0,98.0
38.3821,47.0,100.0
38.3871,43.0,100.0
38.3921,-32.0,100.0
38.3974,-43.0,100.0
38.4022,-15.0,100.0
38.4071,20.0,98.0
38.4121,63.0,100.0
38.417,-2.0,98.0
38.4221,-88.0,98.0
38.4272,19.0,98.0
38.4321,104.0,98.0
38.4371,-62.0,100.0
38.4423,-129.0,100.0
38.4471,84.0,100.0
38.4521,120.0,102.0
38.4573,-69.0,102.0
38.4622,-34.0,102.0
38.4671,54.0,102.0
38.4722,-62.0,100.0
38.4771,-54.0,100.0
38.4821,73.0,100.0
38.4873,31.0,100.0
38.4924,-18.0,98.0
38.4971,23.0,98.0
38.5021,-11.0,100.0
38.5071,-61.0,100.0
38.5124,-31.0,100.0
38.5172,31.0,100.0
38.5221,95.0,102.0
38.5271,55.0,100.0
38.5321,-92.0,100.0
38.5372,-123.0,102.0
38.5421,9.0,98.0
38.547,104.0,100.0
38.5521,63.0,98.0
38.5571,-24.0,96.0
38.5621,-62.0,94.0
38.5671,-27.0,92.0
38.5721,15.0,92.0
38.5771,20.0,92.0
38.5821,18.0,90.0
38.5872,3.0,88.0
38.5921,-24.0,88.0
38.5971,-10.0,88.0
38.6021,20.0,86.0
38.6071,4.0,86.0
38.612,-13.0,86.0
38.617,-11.0,84.0
38.6221,-11.0,84.0
38.6275,39.0,84.0
38.6321,57.0,84.0
38.6371,-68.0,86.0
38.6421,-105.0,86.0
38.647,71.0,86.0
38.6521,117.0,88.0
38.6571,-62.0,88.0
38.6622,-81.0,88.0
38.6671,62.0,88.0
38.6721,22.0,88.0
38.6772,-63.0,88.0
38.682,26.0,88.0
38.6872,50.0,88.0
38.6921,-44.0,88.0
38.6972,-21.0,88.0
38.7023,45.0,88.0
38.7072,1.0,88.0
38.7122,-81.0,88.0
38.7171,-33.0,88.0
38.7221,166.0,90.0
38.7271,120.0,92.0
38.7321,-225.0,94.0
38.7372,-178.0,96.0
38.7422,198.0,100.0
38.7472,123.0,100.0
38.7521,-140.0,100.0
38.7571,8.0,100.0
38.7621,125.0,102.0
38.7672,-96.0,102.0
38.7724,-135.0,104.0
38.7771,80.0,106.0
38.7821,106.0,106.0
38.7871,-12.0,106.0
38.7921,-29.0,108.0
38.7973,-31.0,106.0
38.8022,-39.0,108.0
38.8071,41.0,106.0
38.8121,47.0,108.0
38.817,-60.0,108.0
38.8221,-1.0,108.0
38.8273,116.0,110.0
38.8323,-40.0,108.0
38.8371,-175.0,112.0
38.8422,33.0,108.0
38.8471,177.0,110.0
38.8521,-8.0,108.0
38.8571,-117.0,108.0
38.8621,30.0,106.0
38.8673,65.0,106.0
38.8721,-81.0,106.0
38.8773,-72.0,106.0
38.8821,75.0,106.0
38.8871,108.0,108.0
38.8921,11.0,106.0
38.8971,-101.0,108.0
38.9021,-107.0,110.0
38.9071,37.0,110.0
38.9122,131.0,112.0
38.9172,33.0,112.0
38.9221,-70.0,112.0
38.9271,-65.0,112.0
38.9321,-29.0,112.0
38.9374,62.0,112.0
38.942,112.0,114.0
38.9471,-40.0,114.0
38.9523,-129.0,116.0
38.9572,2.0,114.0
38.962,58.0,116.0
38.9679,23.0,116.0
38.9721,67.0,116.0
38.9771,-2.0,116.0
38.9822,-165.0,120.0
38.9873,-51.0,120.0
38.9921,171.0,122.0
38.9971,88.0,124.0
39.0022,-92.0,124.0
39.0071,-68.0,126.0
39.0121,0.0,126.0
39.017,4.0,124.0
39.0221,42.0,124.0
39.0273,41.0,124.0
39.0322,-25.0,124.0
39.0371,-39.0,124.0
39.0423,-31.0,124.0
39.0471,2.0,124.0
39.0529,110.0,126.0
39.0571,55.0,126.0
39.0621,-172.0,128.0
39.0672,-111.0,128.0
39.0721,179.0,130.0
39.0771,124.0,130.0
39.0822,-139.0,132.0
39.0872,-85.0,132.0
39.0921,95.0,130.0
39.0971,35.0,130.0
39.1023,-71.0,130.0
39.1071,-13.0,130.0
39.1122,44.0,130.0
39.1172,12.0,130.0
39.1221,23.0,128.0
39.1271,15.0,128.0
39.1321,-119.0,130.0
39.1371,-81.0,130.0
39.1424,170.0,134.0
39.148,122.0,134.0
39.1521,-145.0,136.0
39.1571,-83.0,136.0
39.1621,93.0,136.0
39.1673,12.0,136.0
39.1722,-62.0,136.0
39.1771,14.0,134.0
39.1822,49.0,134.0
39.1872,13.0,132.0
39.1921,-32.0,132.0
39.1971,-64.0,134.0
39.2022,0.0,132.0
39.2072,92.0,134.0
39.2121,41.0,134.0
39.2171,-67.0,134.0
39.222,-54.0,134.0
39.2272,23.0,136.0
39.2322,1.0,134.0
39.2371,-26.0,136.0
39.2421,102.0,136.0
39.2472,100.0,138.0
39.2532,-163.0,140.0
39.2571,-192.0,144.0
39.2623,115.0,144.0
39.2672,207.0,148.0
39.2721,-20.0,146.0
39.2771,-120.0,148.0
39.2821,-8.0,146.0
39.2871,15.0,146.0
39.2921,-40.0,144.0
39.2971,28.0,144.0
39.302,65.0,144.0
39.3072,-37.0,142.0
39.3122,-3.0,142.0
39.3171,83.0,142.0
39.3221,-77.0,144.0
39.3271,-154.0,146.0
39.332,87.0,146.0
39.3372,159.0,148.0
39.3425,-41.0,148.0
39.347,-59.0,148.0
39.3521,16.0,148.0
39.3573,-71.0,148.0
39.3622,-33.0,146.0
39.3673,134.0,146.0
39.3722,52.0,144.0
39.3773,-117.0,142.0
39.3821,-38.0,140.0
39.3871,78.0,140.0
39.3921,7.0,138.0
39.3972,-66.0,138.0
39.4022,-1.0,136.0
39.4071,70.0,136.0
39.4121,27.0,134.0
39.417,-66.0,134.0
39.422,-54.0,134.0
39.4272,65.0,134.0
39.4322,69.0,134.0
39.4371,-83.0,136.0
39.4421,-83.0,136.0
39.4472,100.0,138.0
39.452,96.0,138.0
39.4572,-82.0,138.0
39.4621,-81.0,140.0
39.4673,38.0,138.0
39.4721,27.0,138.0
39.4771,-15.0,136.0
39.4823,20.0,136.0
39.4871,19.0,134.0
39.4923,-23.0,134.0
39.4971,-20.0,132.0
39.5021,-6.0,132.0
39.5072,-1.0,130.0
39.5124,38.0,130.0
39.5172,38.0,130.0
39.5221,-52.0,128.0
39.5271,-80.0,128.0
39.5321,49.0,130.0
39.5373,133.0,130.0
39.5421,-21.0,128.0
39.5472,-187.0,130.0
39.5521,-39.0,130.0
39.5584,198.0,132.0
39.562,109.0,132.0
39.5673,-157.0,134.0
39.5722,-147.0,136.0
39.5772,116.0,136.0
39.5822,151.0,138.0
39.5872,-98.0,138.0
39.5922,-139.0,138.0
39.5974,69.0,140.0
39.6022,109.0,140.0
39.6072,-10.0,140.0
39.6121,-54.0,140.0
39.6171,-43.0,140.0
39.6221,-11.0,138.0
39.6271,56.0,138.0
39.6322,68.0,136.0
39.6371,-25.0,136.0
39.6421,-95.0,136.0
39.647,-22.0,134.0
39.6521,80.0,136.0
39.6572,53.0,136.0
39.6621,-25.0,136.0
39.6673,-43.0,136.0
39.6721,-41.0,136.0
39.677,-4.0,136.0
39.6821,67.0,136.0
39.6871,34.0,138.0
39.6921,-43.0,136.0
39.6971,1.0,136.0
39.702,24.0,132.0
39.7071,-66.0,132.0
39.7122,-48.0,130.0
39.7172,81.0,130.0
39.7221,83.0,128.0
39.7271,-33.0,128.0
39.7321,-77.0,128.0
39.7374,-19.0,128.0
39.7422,21.0,126.0
39.7471,19.0,126.0
39.752,36.0,126.0
39.7585,37.0,126.0
39.762,-37.0,128.0
39.7671,-102.0,128.0
39.7723,-19.0,126.0
39.7771,113.0,128.0
39.7823,57.0,126.0
39.7871,-78.0,124.0
39.7921,-18.0,122.0
39.7972,68.0,122.0
39.8021,-40.0,122.0
39.8071,-98.0,124.0
39.8121,32.0,122.0
39.8171,91.0,124.0
39.8221,20.0,124.0
39.8275,-7.0,124.0
39.8323,-32.0,124.0
39.8372,-79.0,124.0
39.8421,-10.0,124.0
39.8473,88.0,124.0
39.8522,46.0,124.0
39.8571,-33.0,124.0
39.863,-36.0,124.0
39.8682,-13.0,122.0
39.872,8.0,122.0
39.8771,22.0,122.0
39.8842,10.0,122.0
39.8871,-25.0,120.0
39.8921,-36.0,118.0
39.8971,44.0,116.0
39.9021,86.0,116.0
39.9071,-50.0,114.0
39.9124,-116.0,114.0
39.917,27.0,114.0
39.922,81.0,114.0
39.9271,-18.0,114.0
39.9321,-26.0,114.0
39.937,38.0,114.0
39.942,22.0,114.0
39.947,-30.0,114.0
39.9521,-57.0,114.0
39.9571,-47.0,114.0
39.963,66.0,114.0
39.9677,157.0,114.0
39.972,-20.0,112.0
39.9772,-215.0,114.0
39.9824,-53.0,114.0
39.9871,181.0,116.0
39.9921,99.0,116.0
39.9971,-100.0,118.0
40.0021,-78.0,118.0
40.0073,54.0,116.0
40.0121,21.0,116.0
40.0171,-78.0,116.0
40.022,0.0,116.0
40.0272,134.0,116.0
40.0322,36.0,116.0
40.0372,-152.0,118.0
40.0421,-82.0,120.0
40.0471,114.0,120.0
40.0523,65.0,120.0
40.0572,-81.0,120.0
40.0624,16.0,120.0
40.0671,103.0,120.0
40.0725,-87.0,120.0
40.077,-140.0,122.0
40.0821,98.0,122.0
40.0873,120.0,122.0
40.0921,-76.0,122.0
40.0971,-36.0,122.0
40.1021,64.0,120.0
40.1073,-39.0,120.0
40.113,-52.0,122.0
40.1171,59.0,122.0
40.1224,10.0,122.0
40.1272,-56.0,122.0
40.1321,35.0,122.0
40.1372,63.0,124.0
40.1422,-54.0,124.0
40.1471,-79.0,126.0
40.1521,53.0,126.0
40.1571,92.0,126.0
40.162,-46.0,126.0
40.1674,-84.0,126.0
40.172,34.0,126.0
40.1771,34.0,124.0
40.1821,-29.0,124.0
40.1871,36.0,122.0
40.192,30.0,122.0
40.1973,-83.0,120.0
40.2023,-21.0,120.0
40.2071,87.0,118.0
40.2121,-5.0,116.0
40.2174,-74.0,116.0
40.2221,23.0,114.0
40.2274,66.0,112.0
40.2321,-1.0,110.0
40.2371,-54.0,110.0
40.242,-46.0,110.0
40.247,33.0,110.0
40.2523,73.0,110.0
40.2573,-18.0,110.0
40.2622,-51.0,110.0
40.267,22.0,110.0
40.2728,-4.0,108.0
40.2771,-38.0,108.0
40.2821,43.0,108.0
40.287,49.0,108.0
40.2921,-32.0,108.0
40.2971,-45.0,108.0
40.3022,-4.0,108.0
40.3071,42.0,108.0
40.3122,23.0,106.0
40.3174,-63.0,108.0
40.3221,-29.0,108.0
40.327,90.0,108.0
40.3321,40.0,108.0
40.3371,-88.0,110.0
40.3421,-56.0,110.0
40.3472,57.0,110.0
40.352,70.0,110.0
40.357,-25.0,110.0
40.362,-82.0,110.0
40.3671,0.0,108.0
40.3728,82.0,108.0
40.377,23.0,108.0
40.3821,-53.0,110.0
40.3871,-33.0,110.0
40.392,9.0,110.0
40.3971,18.0,108.0
40.4021,24.0,108.0
40.4071,-7.0,108.0
40.412,-42.0,108.0
40.4171,45.0,106.0
40.4222,67.0,106.0
40.4275,-117.0,108.0
40.4321,-109.0,108.0
40.4371,157.0,110.0
40.442,129.0,112.0
40.4471,-131.0,112.0
40.4521,-81.0,112.0
40.4572,80.0,112.0
40.4622,-19.0,112.0
40.4671,-72.0,114.0
40.4722,90.0,114.0
40.477,101.0,114.0
40.4821,-83.0,116.0
40.4871,-108.0,116.0
40.492,42.0,116.0
40.4971,86.0,116.0
40.5021,-21.0,116.0
40.507,-70.0,118.0
40.5122,10.0,118.0
40.517,68.0,118.0
40.5222,14.0,118.0
40.5274,-81.0,120.0
40.5322,-57.0,120.0
40.5373,107.0,120.0
40.5424,107.0,120.0
40.5471,-107.0,122.0
40.5522,-123.0,122.0
40.5572,46.0,122.0
40.5621,67.0,122.0
40.5672,30.0,122.0
40.5722,33.0,122.0
40.5771,-46.0,122.0
40.582,-95.0,124.0
40.587,-1.0,124.0
40.5923,62.0,124.0
40.5972,40.0,124.0
40.6022,16.0,122.0
40.6071,-20.0,120.0
40.6121,-60.0,120.0
40.6171,-25.0,118.0
40.622,52.0,118.0
40.6271,49.0,116.0
40.6322,-32.0,114.0
40.6372,-40.0,114.0
40.6421,33.0,114.0
40.647,14.0,112.0
40.6521,-47.0,112.0
40.6572,11.0,112.0
40.6621,52.0,112.0
40.6673,-34.0,112.0
40.6721,-37.0,112.0
40.677,72.0,110.0
40.683,18.0,108.0
40.6871,-126.0,108.0
40.6921,-24.0,108.0
40.6972,161.0,110.0
40.702,61.0,110.0
40.7073,-146.0,110.0
40.7126,-88.0,110.0
40.7172,94.0,110.0
40.7221,65.0,110.0
40.7271,-54.0,108.0
40.7321,-8.0,108.0
40.7376,53.0,108.0
40.7425,-26.0,108.0
40.7473,-59.0,108.0
40.752,13.0,108.0
40.7571,30.0,106.0
40.7621,10.0,106.0
40.767,17.0,106.0
40.7723,-12.0,106.0
40.7771,-38.0,106.0
40.7829,22.0,104.0
40.7871,33.0,104.0
40.792,-60.0,104.0
40.7972,-35.0,104.0
40.8022,91.0,104.0
40.8071,37.0,104.0
40.8121,-78.0,104.0
40.8171,-2.0,104.0
40.822,40.0,104.0
40.8272,-52.0,104.0
40.8321,-15.0,104.0
40.8371,65.0,104.0
40.8422,15.0,104.0
40.8471,-17.0,102.0
40.852,-28.0,102.0
40.8572,-52.0,102.0
40.8622,44.0,102.0
40.8671,92.0,102.0
40.8721,-55.0,104.0
40.8771,-58.0,104.0
40.8821,67.0,104.0
40.887,-58.0,104.0
40.8922,-109.0,106.0
40.8971,191.0,108.0
40.9021,183.0,110.0
40.9071,-239.0,114.0
40.9125,-226.0,116.0
40.9172,180.0,118.0
40.9221,181.0,122.0
40.9271,-87.0,122.0
40.9321,-75.0,122.0
40.9371,39.0,122.0
40.9421,-7.0,122.0
40.9471,-31.0,122.0
40.9521,25.0,122.0
40.957,5.0,122.0
40.9621,-9.0,120.0
40.967,50.0,120.0
40.9721,5.0,120.0
40.9771,-81.0,120.0
40.9825,-15.0,118.0
40.9871,57.0,118.0
40.992,9.0,118.0
40.9971,-31.0,118.0
41.002,0.0,116.0
41.007,48.0,118.0
41.012,24.0,116.0
41.0171,-71.0,118.0
41.0221,-73.0,118.0
41.0273,53.0,118.0
41.0322,101.0,120.0
41.0371,-4.0,120.0
41.0421,-100.0,120.0
41.0471,-44.0,122.0
41.0521,69.0,122.0
41.0571,77.0,122.0
41.0623,-3.0,120.0
41.0671,-78.0,120.0
41.0723,-59.0,120.0
41.0771,42.0,118.0
41.0823,36.0,116.0
41.0871,-14.0,114.0
41.0921,72.0,114.0
41.0972,51.0,114.0
41.1021,-149.0,116.0
41.1071,-124.0,116.0
41.1122,108.0,118.0
41.1171,146.0,118.0
41.1221,-10.0,116.0
41.1272,-98.0,116.0
41.1321,-43.0,116.0
41.1372,40.0,116.0
41.1421,23.0,116.0
41.1471,-17.0,114.0
41.1523,33.0,116.0
41.1571,29.0,114.0
41.1623,-78.0,116.0
41.1671,-48.0,116.0
41.1721,82.0,116.0
41.1772,50.0,114.0
41.1823,-53.0,114.0
41.187,-31.0,112.0
41.192,17.0,110.0
41.1972,0.0,110.0
41.2021,13.0,110.0
41.2072,29.0,110.0
41.2121,-33.0,110.0
41.217,-55.0,110.0
41.222,38.0,108.0
41.2272,78.0,110.0
41.2322,-33.0,110.0
41.2372,-102.0,110.0
41.2421,37.0,110.0
41.2472,128.0,112.0
41.2521,-50.0,112.0
41.2571,-138.0,114.0
41.2622,47.0,114.0
41.2672,92.0,114.0
41.2723,-32.0,114.0
41.277,12.0,114.0
41.282,48.0,114.0
41.2871,-96.0,116.0
41.2921,-96.0,116.0
41.297,80.0,118.0
41.3021,110.0,118.0
41.3073,-7.0,118.0
41.3123,-50.0,118.0
41.3173,-17.0,118.0
41.3221,-25.0,118.0
41.3271,-27.0,116.0
41.3321,38.0,116.0
41.337,59.0,114.0
41.3423,8.0,114.0
41.3473,-17.0,112.0
41.3521,-54.0,112.0
41.3571,-61.0,110.0
41.362,71.0,110.0
41.3673,105.0,112.0
41.3722,-92.0,112.0
41.3771,-111.0,114.0
41.3821,135.0,116.0
41.3871,122.0,116.0
41.3921,-167.0,118.0
41.3972,-144.0,120.0
41.4021,150.0,122.0
41.4071,149.0,124.0
41.4121,-93.0,126.0
41.4171,-125.0,128.0
41.422,33.0,128.0
41.4275,96.0,128.0
41.4321,2.0,128.0
41.4371,-75.0,128.0
41.4421,-13.0,128.0
41.447,44.0,128.0
41.4521,7.0,126.0
41.4575,0.0,126.0
41.4621,5.0,126.0
41.4671,-28.0,126.0
41.4721,0.0,124.0
41.4771,26.0,124.0
41.4824,-48.0,124.0
41.4871,-30.0,126.0
41.4921,112.0,126.0
41.4971,79.0,126.0
41.5022,-123.0,128.0
41.5071,-131.0,128.0
41.5125,62.0,128.0
41.5173,113.0,130.0
41.522,0.0,128.0
41.5271,-34.0,128.0
41.532,0.0,126.0
41.5372,-27.0,124.0
41.5421,-37.0,122.0
41.5474,35.0,118.0
41.5522,54.0,116.0
41.5571,-32.0,114.0
41.5622,-47.0,112.0
41.5672,56.0,110.0
41.5723,46.0,110.0
41.5771,-83.0,112.0
41.5821,-61.0,112.0
41.587,68.0,112.0
41.5921,71.0,114.0
41.5972,-18.0,114.0
41.6021,-58.0,114.0
41.6071,-15.0,114.0
41.612,31.0,114.0
41.6171,11.0,112.0
41.622,0.0,112.0
41.6274,19.0,112.0
41.6323,-30.0,112.0
41.6371,-66.0,114.0
41.642,22.0,114.0
41.6473,107.0,114.0
41.6523,57.0,114.0
41.6572,-98.0,116.0
41.6622,-186.0,118.0
41.6671,20.0,116.0
41.6721,279.0,120.0
41.6772,70.0,120.0
41.6821,-277.0,124.0
41.6871,-101.0,124.0
41.6921,207.0,126.0
41.6971,59.0,126.0
41.7021,-142.0,128.0
41.7071,-2.0,126.0
41.7123,108.0,128.0
41.717,-26.0,128.0
41.7221,-85.0,128.0
41.7271,41.0,128.0
41.7321,66.0,128.0
41.7371,-60.0,128.0
41.7426,-72.0,128.0
41.7473,39.0,126.0
41.7521,95.0,126.0
41.7571,56.0,124.0
41.7623,-94.0,126.0
41.7672,-166.0,126.0
41.7721,57.0,128.0
41.7772,205.0,130.0
41.7821,-23.0,130.0
41.7872,-173.0,132.0
41.7922,8.0,132.0
41.7973,117.0,134.0
41.8022,-1.0,132.0
41.807,-59.0,132.0
41.8121,0.0,130.0
41.817,10.0,130.0
41.8222,-20.0,130.0
41.8271,13.0,130.0
41.8322,56.0,130.0
41.8371,-13.0,130.0
41.8421,-65.0,130.0
41.847,9.0,130.0
41.8522,20.0,130.0
41.8571,-18.0,130.0
41.8623,50.0,130.0
41.8671,38.0,130.0
41.8721,-101.0,130.0
41.8772,-57.0,130.0
41.8852,105.0,130.0
41.887,71.0,130.0
41.8921,-63.0,130.0
41.8972,-77.0,130.0
41.9023,11.0,128.0
41.9073,69.0,128.0
41.9129,17.0,128.0
41.9171,-49.0,128.0
41.9222,-9.0,128.0
41.9272,33.0,126.0
41.932,-31.0,126.0
41.9374,-49.0,126.0
41.9422,71.0,124.0
41.9471,93.0,126.0
41.952,-45.0,126.0
41.957,-97.0,128.0
41.9621,-54.0,128.0
41.9676,-3.0,128.0
41.9725,132.0,128.0
41.977,157.0,130.0
41.9823,-97.0,132.0
41.9872,-231.0,136.0
41.9922,-12.0,134.0
41.9978,167.0,136.0
42.0028,72.0,136.0
42.0073,-67.0,136.0
42.0123,-37.0,134.0
42.0178,57.0,134.0
42.0223,-13.0,132.0
42.0281,-110.0,132.0
42.0321,11.0,130.0
42.0376,114.0,128.0
42.0422,8.0,126.0
42.0472,-57.0,126.0
42.0523,-9.0,124.0
42.0575,16.0,122.0
42.0627,16.0,122.0
42.0674,-23.0,120.0
42.072,-39.0,122.0
42.077,38.0,120.0
42.0823,41.0,122.0
42.0877,-31.0,122.0
42.0921,-5.0,122.0
42.0971,9.0,122.0
42.1021,-37.0,122.0
42.1072,10.0,122.0
42.1126,56.0,122.0
42.1176,-13.0,122.0
42.122,-33.0,122.0
42.1276,12.0,122.0
42.1324,-16.0,120.0
42.1372,-32.0,120.0
42.1427,48.0,118.0
42.1476,51.0,116.0
42.1522,-43.0,116.0
42.1572,-29.0,116.0
42.1622,18.0,116.0
42.1676,-16.0,116.0
42.1722,17.0,116.0
42.1771,37.0,116.0
42.1826,-77.0,116.0
42.1872,-24.0,116.0
42.1922,157.0,118.0
42.1975,13.0,118.0
42.2026,-212.0,120.0
42.207,-23.0,120.0
42.212,204.0,122.0
42.2172,37.0,122.0
42.2224,-142.0,122.0
42.2277,-29.0,122.0
42.232,71.0,122.0
42.237,0.0,122.0
42.2424,-30.0,122.0
42.2473,24.0,122.0
42.2523,18.0,122.0
42.2572,-10.0,122.0
42.2625,-1.0,122.0
42.2672,-55.0,122.0
42.2722,-48.0,122.0
42.2771,133.0,124.0
42.2827,125.0,124.0
42.2872,-142.0,126.0
42.2921,-174.0,128.0
42.2971,52.0,126.0
42.3021,134.0,126.0
42.3074,39.0,126.0
42.3129,-21.0,122.0
42.3177,-29.0,122.0
42.322,-56.0,118.0
42.3272,-60.0,118.0
42.3321,25.0,114.0
42.3376,112.0,116.0
42.342,68.0,114.0
42.3477,-61.0,114.0
42.3522,-122.0,116.0
42.3573,-34.0,116.0
42.3621,96.0,116.0
42.3672,77.0,116.0
42.3729,-33.0,116.0
42.3771,-29.0,114.0
42.382,2.0,114.0
42.3872,-73.0,114.0
42.3923,-20.0,114.0
42.3976,168.0,114.0
42.4026,50.0,114.0
42.4081,-224.0,116.0
42.4122,-61.0,116.0
42.4177,232.0,116.0
42.4223,53.0,116.0
42.4276,-190.0,116.0
42.432,-31.0,116.0
42.437,115.0,116.0
42.4423,5.0,116.0
42.4472,-36.0,116.0
42.4523,12.0,116.0
42.4579,-33.0,116.0
42.4626,-16.0,116.0
42.4675,83.0,118.0
42.4722,17.0,118.0
42.4774,-97.0,118.0
42.482,-16.0,118.0
42.4871,61.0,118.0
42.4925,7.0,118.0
42.4982,5.0,118.0
42.5023,11.0,118.0
42.5074,-60.0,118.0
42.5127,-31.0,116.0
42.5177,82.0,118.0
42.523,35.0,116.0
42.528,-87.0,116.0
42.5323,-18.0,116.0
42.5373,109.0,116.0
42.5427,-1.0,116.0
42.5478,-137.0,118.0
42.552,-4.0,116.0
42.5574,130.0,118.0
42.5621,38.0,118.0
42.5681,-73.0,120.0
42.5721,-71.0,120.0
42.5776,-1.0,120.0
42.5822,69.0,120.0
42.587,53.0,118.0
42.5922,-44.0,118.0
42.5976,-68.0,118.0
42.6026,37.0,118.0
42.607,68.0,118.0
42.6123,-56.0,118.0
42.6171,-72.0,116.0
42.6223,56.0,116.0
42.6276,69.0,114.0
42.6324,-5.0,114.0
42.637,-25.0,110.0
42.6425,-58.0,110.0
42.6473,-46.0,110.0
42.6523,80.0,110.0
42.6579,92.0,112.0
42.6628,-83.0,112.0
42.6676,-95.0,112.0
42.6723,117.0,114.0
42.6774,95.0,114.0
42.6824,-157.0,116.0
42.6878,-108.0,116.0
42.692,134.0,118.0
42.697,97.0,120.0
42.7023,-48.0,120.0
42.7071,-35.0,120.0
42.7129,-30.0,120.0
42.7176,-42.0,120.0
42.7222,45.0,120.0
42.7295,76.0,122.0
42.7322,-6.0,122.0
42.7374,-49.0,122.0
42.7431,-28.0,122.0
42.7477,-4.0,122.0
42.7522,10.0,122.0
42.7572,33.0,122.0
42.763,46.0,122.0
42.7676,-20.0,122.0
42.772,-88.0,122.0
42.7775,-3.0,122.0
42.7827,79.0,122.0
42.7872,-3.0,122.0
42.7922,-39.0,122.0
42.7973,40.0,122.0
42.8021,11.0,122.0
42.8076,-65.0,122.0
42.8124,-7.0,122.0
42.8172,63.0,124.0
42.8223,16.0,122.0
42.8282,-63.0,122.0
42.8323,-28.0,120.0
42.8374,84.0,122.0
42.8425,45.0,120.0
42.8473,-98.0,120.0
42.8525,-54.0,118.0
42.8571,74.0,118.0
42.8626,34.0,118.0
42.8675,-29.0,118.0
42.8722,10.0,116.0
42.877,7.0,116.0
42.8822,-44.0,116.0
42.8876,-16.0,116.0
42.892,44.0,116.0
42.8971,28.0,116.0
42.9026,-20.0,118.0
42.9074,-31.0,116.0
42.9127,-15.0,116.0
42.9175,37.0,114.0
42.9221,59.0,114.0
42.9277,-37.0,112.0
42.9327,-89.0,110.0
42.937,12.0,110.0
42.9427,76.0,110.0
42.9475,22.0,110.0
42.9522,-37.0,110.0
42.9573,-49.0,110.0
42.9622,12.0,108.0
42.9676,73.0,110.0
42.9733,1.0,108.0
42.977,-83.0,108.0
42.9822,-19.0,108.0
42.987,58.0,108.0
42.9921,20.0,106.0
42.9971,-27.0,106.0
43.0021,-6.0,104.0
43.007,34.0,104.0
43.012,15.0,104.0
43.017,-61.0,104.0
43.0221,-50.0,104.0
43.0273,58.0,104.0
43.032,65.0,106.0
43.037,-26.0,102.0
43.042,-48.0,102.0
43.0471,10.0,100.0
43.0521,45.0,100.0
43.0572,-35.0,96.0
43.0622,-86.0,96.0
43.0672,79.0,96.0
43.0728,143.0,96.0
43.077,-102.0,96.0
43.0821,-163.0,100.0
43.087,90.0,100.0
43.0921,125.0,102.0
43.0971,-63.0,102.0
43.1021,-51.0,102.0
43.1072,44.0,102.0
43.1122,-31.0,102.0
43.1171,-47.0,102.0
43.1221,103.0,102.0
43.1271,84.0,104.0
43.1324,-134.0,106.0
43.1371,-138.0,108.0
43.1422,105.0,108.0
43.147,161.0,110.0
43.152,-44.0,110.0
43.157,-120.0,112.0
43.162,-7.0,110.0
43.167,49.0,110.0
43.1721,50.0,110.0
43.1771,-1.0,108.0
43.182,-116.0,110.0
43.187,-20.0,108.0
43.1921,196.0,112.0
43.1971,52.0,110.0
43.2023,-235.0,114.0
43.2072,-97.0,114.0
43.212,202.0,116.0
43.2171,109.0,118.0
43.2222,-138.0,118.0
43.2273,-73.0,120.0
43.2321,97.0,120.0
43.237,33.0,120.0
43.242,-76.0,120.0
43.2475,-23.0,120.0
43.2521,51.0,120.0
43.2572,29.0,118.0
43.2623,-28.0,118.0
43.2672,-24.0,118.0
43.2723,22.0,118.0
43.2771,10.0,118.0
43.2821,-23.0,118.0
43.2869,0.0,116.0
43.292,12.0,116.0
43.2971,-7.0,114.0
43.3023,23.0,112.0
43.3071,28.0,112.0
43.3122,-63.0,112.0
43.3172,-78.0,110.0
43.322,65.0,110.0
43.327,130.0,110.0
43.3321,-19.0,108.0
43.3371,-135.0,108.0
43.342,-21.0,108.0
43.348,87.0,108.0
43.352,10.0,108.0
43.357,-33.0,108.0
43.362,32.0,108.0
43.367,3.0,108.0
43.3721,-52.0,108.0
43.3771,15.0,108.0
43.382,32.0,108.0
43.3873,-31.0,108.0
43.3922,4.0,108.0
43.3973,27.0,108.0
43.4023,-30.0,108.0
43.4071,2.0,108.0
43.4121,38.0,106.0
43.4173,-44.0,106.0
43.4222,-46.0,106.0
43.4271,76.0,108.0
43.4321,73.0,108.0
43.4371,-70.0,108.0
43.442,-104.0,110.0
43.448,15.0,110.0
43.4529,102.0,110.0
43.457,59.0,110.0
43.462,-57.0,112.0
43.467,-114.0,112.0
43.472,-1.0,112.0
43.4771,123.0,112.0
43.4821,41.0,112.0
43.487,-94.0,112.0
43.4921,-50.0,112.0
43.4971,53.0,112.0
43.5021,40.0,112.0
43.507,-22.0,112.0
43.5122,-20.0,112.0
43.517,9.0,112.0
43.522,-4.0,112.0
43.5271,-14.0,112.0
43.532,16.0,110.0
43.5371,21.0,110.0
43.5422,-3.0,110.0
43.5472,-12.0,110.0
43.5531,-29.0,110.0
43.557,-8.0,110.0
43.562,74.0,110.0
43.567,40.0,110.0
43.5721,-117.0,110.0
43.5772,-82.0,112.0
43.5821,115.0,112.0
43.5871,109.0,114.0
43.5921,-48.0,114.0
43.5972,-79.0,114.0
43.602,-29.0,114.0
43.6071,-4.0,114.0
43.6121,48.0,114.0
43.6171,74.0,114.0
43.622,-10.0,114.0
43.6273,-71.0,114.0
43.6322,-17.0,114.0
43.6371,0.0,114.0
43.642,-5.0,114.0
43.647,73.0,114.0
43.6521,46.0,114.0
43.6583,-92.0,116.0
43.6621,-44.0,116.0
43.667,74.0,116.0
43.672,-19.0,114.0
43.677,-70.0,116.0
43.6821,101.0,116.0
43.6872,95.0,118.0
43.6921,-141.0,120.0
43.6972,-116.0,120.0
43.7021,125.0,120.0
43.7071,95.0,122.0
43.7123,-90.0,120.0
43.717,-41.0,120.0
43.722,81.0,118.0
43.7271,-2.0,116.0
43.732,-107.0,116.0
43.7371,6.0,116.0
43.742,141.0,116.0
43.747,20.0,116.0
43.752,-140.0,118.0
43.757,-47.0,118.0
43.762,89.0,118.0
43.767,52.0,118.0
43.7722,-13.0,116.0
43.7771,-27.0,114.0
43.7821,-41.0,112.0
43.787,-20.0,110.0
43.792,39.0,110.0
43.7971,54.0,110.0
43.802,-1.0,110.0
43.8071,-40.0,110.0
43.812,-17.0,108.0
43.817,0.0,108.0
43.822,5.0,108.0
43.8272,25.0,108.0
43.832,2.0,104.0
43.8371,-27.0,104.0
43.842,13.0,100.0
43.847,17.0,100.0
43.852,-33.0,96.0
43.857,1.0,94.0
43.862,46.0,94.0
43.8677,-29.0,92.0
43.8721,-55.0,92.0
43.877,60.0,92.0
43.882,65.0,92.0
43.8871,-91.0,94.0
43.892,-82.0,94.0
43.897,102.0,94.0
43.9022,99.0,96.0
43.9071,-68.0,96.0
43.9123,-82.0,98.0
43.9172,14.0,98.0
43.922,25.0,98.0
43.927,3.0,98.0
43.9321,21.0,98.0
43.9371,19.0,98.0
43.9423,-13.0,98.0
43.9473,-33.0,98.0
43.952,-26.0,98.0
43.9575,2.0,96.0
43.9619,56.0,96.0
43.967,67.0,96.0
43.9723,-78.0,96.0
43.977,-139.0,96.0
43.982,116.0,98.0
43.9871,177.0,100.0
43.9922,-158.0,102.0
43.9971,-172.0,104.0
44.0022,176.0,106.0
44.0071,139.0,108.0
44.012,-148.0,110.0
44.017,-100.0,110.0
44.0221,73.0,112.0
44.0272,53.0,112.0
44.032,6.0,112.0
44.0371,3.0,112.0
44.042,-36.0,112.0
44.047,-38.0,112.0
44.0521,10.0,112.0
44.0571,25.0,112.0
44.0628,27.0,110.0
44.0679,21.0,110.0
44.072,-41.0,110.0
44.0772,-66.0,110.0
44.082,36.0,108.0
44.0871,90.0,110.0
44.0921,-39.0,108.0
44.097,-91.0,110.0
44.102,54.0,110.0
44.107,83.0,108.0
44.1123,-47.0,110.0
44.1172,-73.0,108.0
44.1228,-6.0,108.0
44.127,48.0,108.0
44.1321,71.0,108.0
44.1372,-16.0,108.0
44.1421,-98.0,108.0
44.1471,6.0,108.0
44.152,87.0,108.0
44.157,-18.0,108.0
44.1622,-66.0,110.0
44.1672,25.0,110.0
44.1721,38.0,110.0
44.1771,-29.0,110.0
44.182,-11.0,110.0
44.187,46.0,112.0
44.192,10.0,110.0
44.1974,-40.0,112.0
44.2021,-24.0,110.0
44.2071,-22.0,110.0
44.212,-1.0,108.0
44.217,94.0,108.0
44.222,78.0,108.0
44.2273,-95.0,108.0
44.2322,-137.0,110.0
44.2372,34.0,108.0
44.2421,118.0,110.0
44.247,6.0,110.0
44.2521,-41.0,110.0
44.2571,22.0,110.0
44.2622,-28.0,110.0
44.2672,-82.0,110.0
44.272,50.0,110.0
44.277,96.0,112.0
44.2822,-41.0,112.0
44.2872,-39.0,112.0
44.292,37.0,112.0
44.2972,-34.0,110.0
44.302,-35.0,110.0
44.307,68.0,110.0
44.3123,6.0,110.0
44.3172,-56.0,110.0
44.322,57.0,110.0
44.3271,37.0,108.0
44.332,-115.0,108.0
44.3371,-33.0,106.0
44.3421,116.0,106.0
44.3471,22.0,106.0
44.3521,-68.0,104.0
44.3571,25.0,104.0
44.362,38.0,104.0
44.3675,-74.0,106.0
44.372,-51.0,104.0
44.377,59.0,106.0
44.382,60.0,104.0
44.3871,10.0,104.0
44.3921,-27.0,102.0
44.3971,-53.0,102.0
44.402,-12.0,100.0
44.407,5.0,100.0
44.412,0.0,100.0
44.417,100.0,102.0
44.422,56.0,102.0
44.4271,-169.0,104.0
44.4322,-92.0,104.0
44.4372,166.0,106.0
44.442,83.0,108.0
44.4471,-117.0,108.0
44.4522,-52.0,110.0
44.4575,45.0,110.0
44.4622,-1.0,110.0
44.467,13.0,110.0
44.472,79.0,110.0
44.4771,-14.0,110.0
44.4822,-118.0,112.0
44.487,-37.0,112.0
44.492,62.0,114.0
44.497,77.0,114.0
44.5024,55.0,114.0
44.5072,-58.0,114.0
44.5123,-140.0,116.0
44.5171,-6.0,116.0
44.522,126.0,116.0
44.527,45.0,116.0
44.5321,-63.0,116.0
44.537,-14.0,114.0
44.542,55.0,114.0
44.5473,-28.0,112.0
44.5521,-108.0,112.0
44.557,8.0,112.0
44.562,131.0,114.0
44.5671,46.0,116.0
44.5732,-82.0,116.0
44.5771,-57.0,116.0
44.582,23.0,116.0
44.5873,23.0,116.0
44.5921,-22.0,116.0
44.5971,-18.0,116.0
44.6022,56.0,116.0
44.607,71.0,118.0
44.612,-54.0,116.0
44.6172,-123.0,116.0
44.622,8.0,114.0
44.6273,115.0,114.0
44.632,29.0,112.0
44.6371,-68.0,110.0
44.6421,-40.0,108.0
44.647,30.0,106.0
44.6521,52.0,104.0
44.6572,-15.0,104.0
44.6621,-82.0,104.0
44.667,3.0,102.0
44.6734,110.0,104.0
44.6778,20.0,104.0
44.682,-106.0,106.0
44.6871,-46.0,106.0
44.692,66.0,106.0
44.6971,54.0,108.0
44.702,-16.0,108.0
44.707,-44.0,108.0
44.7121,-18.0,108.0
44.7171,28.0,106.0
44.7221,25.0,106.0
44.7271,-9.0,106.0
44.732,-3.0,104.0
44.7371,-8.0,104.0
44.742,-29.0,102.0
44.7471,12.0,102.0
44.752,45.0,102.0
44.7571,6.0,100.0
44.762,-34.0,102.0
44.7672,-38.0,100.0
44.7721,17.0,100.0
44.7782,70.0,100.0
44.782,-11.0,100.0
44.7873,-86.0,100.0
44.7919,9.0,100.0
44.7972,68.0,100.0
44.8021,-8.0,100.0
44.8071,-23.0,100.0
44.812,19.0,100.0
44.817,-18.0,98.0
44.822,-34.0,100.0
44.8273,33.0,100.0
44.8321,30.0,100.0
44.8371,-25.0,100.0
44.842,-3.0,98.0
44.847,13.0,98.0
44.8522,-18.0,98.0
44.8571,-14.0,98.0
44.862,12.0,96.0
44.8673,27.0,96.0
44.872,11.0,94.0
44.877,-23.0,94.0
44.8825,-29.0,92.0
44.8871,-10.0,92.0
44.8921,25.0,92.0
44.8971,51.0,92.0
44.9021,13.0,92.0
44.907,-59.0,92.0
44.9122,-67.0,92.0
44.917,19.0,90.0
44.922,77.0,92.0
44.9271,26.0,92.0
44.932,-21.0,90.0
44.937,-27.0,90.0
44.942,-61.0,92.0
44.9471,-21.0,90.0
44.9521,111.0,92.0
44.9572,75.0,92.0
44.9621,-110.0,94.0
44.9671,-91.0,94.0
44.9722,89.0,94.0
44.977,76.0,94.0
44.9821,-69.0,94.0
44.987,-61.0,94.0
44.992,38.0,94.0
44.9973,51.0,94.0
45.0021,7.0,94.0
45.0071,-30.0,92.0
45.012,-44.0,92.0
45.017,-9.0,92.0
45.0221,44.0,92.0
45.0272,49.0,92.0
45.0321,-14.0,92.0
45.0371,-70.0,92.0
45.042,-21.0,92.0
45.047,63.0,94.0
45.0522,52.0,94.0
45.0571,-18.0,94.0
45.062,-76.0,94.0
45.067,-55.0,92.0
45.072,75.0,92.0
45.0771,111.0,90.0
45.0832,-44.0,90.0
45.0873,-111.0,90.0
45.092,-6.0,90.0
45.0971,56.0,90.0
45.1022,57.0,90.0
45.1069,28.0,90.0
45.1122,-79.0,90.0
45.117,-101.0,92.0
45.122,57.0,90.0
45.127,125.0,92.0
45.132,-29.0,92.0
45.1372,-102.0,92.0
45.1421,37.0,92.0
45.1469,84.0,92.0
45.152,-68.0,92.0
45.157,-102.0,92.0
45.1621,74.0,92.0
45.167,141.0,94.0
45.1721,-29.0,92.0
45.177,-154.0,94.0
45.1823,-38.0,94.0
45.1872,114.0,96.0
45.192,76.0,96.0
45.1972,-46.0,96.0
45.2021,-59.0,94.0
45.207,-4.0,94.0
45.212,4.0,94.0
45.217,20.0,92.0
45.2221,56.0,92.0
45.2272,-4.0,92.0
45.2322,-92.0,94.0
45.2372,-27.0,94.0
45.242,75.0,94.0
45.247,33.0,94.0
45.252,-22.0,94.0
45.257,6.0,92.0
45.262,-1.0,92.0
45.2671,-51.0,90.0
45.2721,-26.0,90.0
45.277,53.0,90.0
45.282,64.0,90.0
45.287,-8.0,90.0
45.292,-64.0,90.0
45.2971,-46.0,90.0
45.302,13.0,90.0
45.307,58.0,90.0
45.3121,57.0,90.0
45.317,1.0,90.0
45.3221,-92.0,90.0
45.327,-100.0,90.0
45.332,54.0,90.0
45.3371,157.0,92.0
45.342,45.0,92.0
45.3471,-105.0,92.0
45.352,-134.0,94.0
45.357,-37.0,94.0
45.362,130.0,96.0
45.367,156.0,98.0
45.3721,-50.0,100.0
45.3771,-164.0,102.0
45.3822,0.0,102.0
45.3871,98.0,102.0
45.392,-19.0,102.0
45.397,-48.0,102.0
45.402,50.0,104.0
45.407,38.0,104.0
45.412,-53.0,104.0
45.417,-33.0,104.0
45.422,55.0,104.0
45.4271,28.0,102.0
45.432,-76.0,104.0
45.437,-51.0,104.0
45.442,79.0,104.0
45.4472,98.0,106.0
45.452,-33.0,106.0
45.457,-113.0,108.0
45.462,-32.0,108.0
45.467,69.0,108.0
45.4721,65.0,108.0
45.4772,-6.0,108.0
45.4825,-53.0,110.0
45.487,-13.0,110.0
45.492,33.0,110.0
45.4971,-10.0,110.0
45.5022,-38.0,110.0
45.507,27.0,110.0
45.5121,56.0,110.0
45.5172,-13.0,110.0
45.522,-59.0,110.0
45.5271,-7.0,110.0
45.532,45.0,112.0
45.5371,11.0,110.0
45.5423,-33.0,110.0
45.5472,-11.0,110.0
45.552,20.0,110.0
45.557,21.0,110.0
45.562,11.0,108.0
45.5672,-33.0,108.0
45.572,-56.0,108.0
45.5771,20.0,108.0
45.582,73.0,110.0
45.587,27.0,110.0
45.5922,-41.0,108.0
45.5971,-78.0,108.0
45.6021,-16.0,106.0
45.6072,86.0,106.0
45.6121,43.0,106.0
45.617,-56.0,106.0
45.622,-13.0,104.0
45.6273,32.0,104.0
45.6322,-47.0,104.0
45.637,-42.0,104.0
45.642,90.0,106.0
45.647,75.0,106.0
45.6521,-84.0,106.0
45.657,-97.0,108.0
45.6621,29.0,108.0
45.6671,84.0,108.0
45.6721,43.0,108.0
45.677,-30.0,108.0
45.682,-85.0,110.0
45.6871,-26.0,108.0
45.692,70.0,110.0
45.6971,39.0,110.0
45.7022,-21.0,108.0
45.707,11.0,108.0
45.7122,-10.0,106.0
45.717,-81.0,106.0
45.722,-9.0,106.0
45.727,89.0,106.0
45.732,62.0,106.0
45.737,5.0,106.0
45.7422,-82.0,106.0
45.7472,-149.0,108.0
45.752,35.0,108.0
45.757,240.0,110.0
45.7619,34.0,108.0
45.7671,-230.0,110.0
45.772,-57.0,112.0
45.7771,160.0,112.0
45.782,21.0,112.0
45.787,-97.0,112.0
45.7925,32.0,112.0
45.7972,72.0,110.0
45.802,-71.0,110.0
45.807,-82.0,110.0
45.812,88.0,110.0
45.817,109.0,110.0
45.822,-62.0,110.0
45.8273,-115.0,110.0
45.8322,-2.0,110.0
45.837,65.0,110.0
45.842,52.0,110.0
45.8471,-2.0,110.0
45.8521,-61.0,110.0
45.857,0.0,110.0
45.8622,83.0,110.0
45.8671,-39.0,112.0
45.8721,-150.0,112.0
45.877,35.0,112.0
45.882,192.0,114.0
45.8871,30.0,114.0
45.8921,-137.0,116.0
45.8971,-79.0,116.0
45.903,19.0,118.0
45.907,56.0,118.0
45.9121,65.0,118.0
45.917,-1.0,116.0
45.922,-74.0,118.0
45.9271,-11.0,118.0
45.9321,40.0,116.0
45.9371,-19.0,116.0
45.942,-6.0,116.0
45.9469,45.0,116.0
45.952,-25.0,116.0
45.957,-48.0,116.0
45.9621,57.0,116.0
45.9672,55.0,116.0
45.972,-64.0,116.0
45.977,-75.0,114.0
45.9819,28.0,114.0
45.9871,73.0,114.0
45.9922,14.0,112.0
45.9971,-36.0,112.0
46.0021,-14.0,110.0
46.007,8.0,108.0
46.012,-14.0,106.0
46.017,-13.0,104.0
46.022,18.0,104.0
46.0274,19.0,104.0
46.032,7.0,104.0
46.0369,4.0,102.0
46.042,-9.0,102.0
46.047,-29.0,102.0
46.0523,-18.0,102.0
46.0572,22.0,100.0
46.0622,9.0,100.0
46.0671,-6.0,100.0
46.0721,64.0,100.0
46.077,28.0,100.0
46.082,-133.0,100.0
46.087,-74.0,100.0
46.092,127.0,102.0
46.0971,87.0,100.0
46.1022,-70.0,102.0
46.1071,-61.0,102.0
46.1121,22.0,100.0
46.1171,32.0,100.0
46.1221,-2.0,100.0
46.1272,-9.0,100.0
46.132,-1.0,100.0
46.1371,-35.0,100.0
46.1422,-17.0,100.0
46.1472,102.0,100.0
46.152,70.0,102.0
46.157,-139.0,104.0
46.162,-124.0,104.0
46.167,102.0,106.0
46.1722,122.0,106.0
46.177,-24.0,106.0
46.182,-59.0,108.0
46.187,-29.0,108.0
46.192,-14.0,108.0
46.197,28.0,108.0
46.202,58.0,108.0
46.207,1.0,108.0
46.2121,-74.0,108.0
46.217,-16.0,108.0
46.222,88.0,108.0
46.2271,7.0,108.0
46.2321,-99.0,108.0
46.2371,4.0,108.0
46.242,94.0,108.0
46.247,-4.0,108.0
46.252,-92.0,108.0
46.2572,-13.0,108.0
46.2623,116.0,110.0
46.2672,48.0,110.0
46.272,-132.0,110.0
46.277,-75.0,112.0
46.2822,106.0,112.0
46.287,69.0,112.0
46.292,-60.0,112.0
46.297,-42.0,110.0
46.302,39.0,110.0
46.3071,33.0,110.0
46.3122,-43.0,110.0
46.3172,-55.0,110.0
46.322,42.0,110.0
46.327,79.0,110.0
46.3322,-20.0,110.0
46.337,-78.0,110.0
46.3419,-5.0,110.0
46.3471,49.0,110.0
46.352,18.0,110.0
46.357,-13.0,110.0
46.362,-16.0,110.0
46.3671,-1.0,108.0
46.372,18.0,108.0
46.377,-11.0,108.0
46.382,-28.0,106.0
46.387,27.0,104.0
46.3921,32.0,104.0
46.3973,-19.0,102.0
46.402,-12.0,102.0
46.407,0.0,98.0
46.4121,-30.0,98.0
46.417,-1.0,94.0
46.422,73.0,96.0
46.4271,15.0,94.0
46.4322,-100.0,96.0
46.437,-3.0,94.0
46.442,106.0,94.0
46.447,-36.0,94.0
46.4521,-86.0,94.0
46.4571,77.0,94.0
46.4621,44.0,94.0
46.4672,-109.0,94.0
46.4722,-9.0,94.0
46.477,114.0,94.0
46.4819,1.0,94.0
46.487,-70.0,94.0
46.4921,-5.0,94.0
46.4972,-10.0,94.0
46.502,12.0,92.0
46.507,84.0,94.0
46.5125,-28.0,92.0
46.5172,-114.0,92.0
46.5228,55.0,90.0
46.527,97.0,92.0
46.5323,-81.0,90.0
46.537,-46.0,90.0
46.5419,102.0,92.0
46.5471,-12.0,90.0
46.552,-115.0,92.0
46.557,59.0,92.0
46.562,118.0,92.0
46.5671,-78.0,94.0
46.572,-101.0,94.0
46.577,56.0,96.0
46.5821,57.0,96.0
46.5871,-1.0,96.0
46.592,-13.0,96.0
46.597,-43.0,96.0
46.602,6.0,94.0
46.607,54.0,94.0
46.612,-36.0,94.0
46.617,-44.0,94.0
46.6221,65.0,94.0
46.6271,23.0,94.0
46.6322,-71.0,94.0
46.6371,11.0,94.0
46.6422,63.0,94.0
46.647,-48.0,96.0
46.6521,-51.0,96.0
46.657,58.0,96.0
46.6619,32.0,96.0
46.667,-31.0,96.0
46.6723,1.0,96.0
46.677,-23.0,98.0
46.6821,-46.0,98.0
46.6872,80.0,98.0
46.692,80.0,100.0
46.6972,-105.0,100.0
46.7021,-74.0,102.0
46.707,105.0,104.0
46.7122,37.0,102.0
46.7171,-116.0,104.0
46.722,-17.0,102.0
46.727,138.0,104.0
46.732,40.0,102.0
46.7373,-127.0,102.0
46.7422,-70.0,102.0
46.747,69.0,102.0
46.752,61.0,104.0
46.757,-7.0,104.0
46.762,-14.0,104.0
46.7671,-12.0,104.0
46.7721,-27.0,104.0
46.777,-8.0,104.0
46.782,28.0,104.0
46.7871,27.0,102.0
46.792,9.0,102.0
46.7971,-12.0,100.0
46.8022,-49.0,98.0
46.807,-22.0,96.0
46.812,63.0,96.0
46.817,49.0,96.0
46.822,-58.0,96.0
46.827,-61.0,96.0
46.8322,36.0,98.0
46.8371,66.0,98.0
46.8419,5.0,98.0
46.8471,-62.0,98.0
46.852,-52.0,98.0
46.857,45.0,98.0
46.8622,83.0,98.0
46.8671,-19.0,98.0
46.872,-86.0,98.0
46.877,-4.0,98.0
46.882,59.0,98.0
46.8869,10.0,98.0
46.892,-24.0,96.0
46.897,7.0,96.0
46.902,14.0,94.0
46.907,-22.0,94.0
46.9122,-26.0,92.0
46.9169,11.0,92.0
46.922,25.0,90.0
46.927,0.0,90.0
46.932,-2.0,88.0
46.937,22.0,88.0
46.942,-11.0,88.0
46.9472,-53.0,88.0
46.9519,1.0,88.0
46.9569,50.0,88.0
46.9619,7.0,86.0
46.9669,-7.0,86.0
46.972,-5.0,86.0
46.977,-40.0,84.0
46.9822,11.0,84.0
46.987,71.0,86.0
46.9929,-32.0,86.0
46.9972,-89.0,86.0
47.0019,39.0,88.0
47.0071,91.0,88.0
47.0119,-20.0,88.0
47.0169,-64.0,90.0
47.022,5.0,88.0
47.0273,25.0,88.0
47.032,-26.0,88.0
47.037,-12.0,88.0
47.0422,72.0,90.0
47.047,36.0,90.0
47.052,-93.0,92.0
47.0571,-72.0,92.0
47.062,47.0,92.0
47.0671,66.0,92.0
47.0719,32.0,92.0
47.077,0.0,92.0
47.0821,-62.0,90.0
47.087,-73.0,92.0
47.0921,11.0,90.0
47.0971,91.0,90.0
47.1019,55.0,90.0
47.107,-58.0,90.0
47.1121,-67.0,90.0
47.1169,36.0,90.0
47.122,41.0,90.0
47.127,-56.0,90.0
47.1322,-35.0,90.0
47.137,88.0,92.0
47.1421,55.0,92.0
47.147,-82.0,92.0
47.152,-61.0,92.0
47.1569,20.0,92.0
47.1619,19.0,90.0
47.167,61.0,90.0
47.172,59.0,90.0
47.177,-89.0,90.0
47.182,-106.0,90.0
47.1869,37.0,92.0
47.1921,62.0,90.0
47.197,25.0,90.0
47.2019,34.0,88.0
47.207,-36.0,88.0
47.212,-93.0,88.0
47.217,10.0,86.0
47.2221,92.0,88.0
47.2273,11.0,88.0
47.232,-71.0,88.0
47.237,-18.0,88.0
47.2419,55.0,88.0
47.247,10.0,88.0
47.2525,-36.0,88.0
47.2571,3.0,88.0
47.262,6.0,86.0
47.267,-19.0,86.0
47.2719,20.0,86.0
47.2775,45.0,86.0
47.2819,-17.0,86.0
47.287,-80.0,86.0
47.292,-23.0,86.0
47.2971,98.0,86.0
47.302,67.0,86.0
47.3071,-62.0,88.0
47.3121,-60.0,88.0
47.317,-16.0,88.0
47.322,-12.0,88.0
47.327,58.0,88.0
47.332,94.0,88.0
47.3383,-11.0,86.0
47.3422,-105.0,86.0
47.347,-67.0,86.0
47.3527,47.0,86.0
47.3569,86.0,86.0
47.3625,-15.0,86.0
47.367,-44.0,84.0
47.3721,69.0,84.0
47.377,20.0,82.0
47.382,-138.0,84.0
47.3869,-42.0,84.0
47.3921,123.0,84.0
47.397,55.0,86.0
47.402,-36.0,86.0
47.407,-24.0,86.0
47.412,-40.0,86.0
47.417,-21.0,86.0
47.422,63.0,86.0
47.427,50.0,86.0
47.432,-48.0,88.0
47.4371,-63.0,88.0
47.442,16.0,88.0
47.4469,60.0,88.0
47.4525,10.0,88.0
47.457,-36.0,88.0
47.4625,-7.0,86.0
47.4675,-3.0,86.0
47.4722,-32.0,86.0
47.4772,38.0,86.0
47.4824,85.0,86.0
47.4875,-45.0,86.0
47.492,-122.0,88.0
47.4973,7.0,86.0
47.5021,117.0,88.0
47.5072,58.0,88.0
47.5128,-65.0,88.0
47.5175,-92.0,88.0
47.522,-4.0,88.0
47.5275,67.0,88.0
47.5323,54.0,90.0
47.5374,-10.0,90.0
47.5422,-71.0,90.0
47.5475,-29.0,90.0
47.5521,74.0,92.0
47.5571,31.0,92.0
47.5621,-89.0,92.0
47.5673,-22.0,92.0
47.5721,108.0,94.0
47.5775,29.0,94.0
47.5825,-96.0,96.0
47.5872,-36.0,96.0
47.5922,43.0,96.0
47.5977,23.0,96.0
47.603,18.0,96.0
47.6069,0.0,96.0
47.6122,-59.0,96.0
47.617,-15.0,96.0
47.6222,74.0,98.0
47.6277,3.0,96.0
47.6319,-83.0,98.0
47.6376,23.0,96.0
47.6429,95.0,98.0
47.6478,-32.0,96.0
47.652,-99.0,98.0
47.6578,14.0,96.0
47.6625,91.0,98.0
47.6673,7.0,98.0
47.6721,-76.0,98.0
47.6774,-14.0,98.0
47.6824,60.0,98.0
47.688,8.0,98.0
47.692,-49.0,98.0
47.6975,2.0,96.0
47.7028,46.0,96.0
47.7074,-14.0,96.0
47.7126,-43.0,96.0
47.7176,26.0,96.0
47.7219,41.0,96.0
47.7272,-34.0,94.0
47.7322,-41.0,96.0
47.7372,18.0,94.0
47.7427,33.0,94.0
47.7474,24.0,94.0
47.7519,-6.0,92.0
47.7572,-53.0,92.0
47.7619,-23.0,92.0
47.7674,37.0,92.0
47.7735,30.0,92.0
47.7769,-10.0,90.0
47.7828,-10.0,90.0
47.7872,11.0,88.0
47.7921,-16.0,88.0
47.7976,-38.0,88.0
47.8032,30.0,88.0
47.8069,64.0,88.0
47.812,-20.0,88.0
47.8178,-65.0,88.0
47.8223,-1.0,86.0
47.8276,32.0,86.0
47.8319,3.0,86.0
47.8376,7.0,84.0
47.8422,34.0,84.0
47.848,-14.0,84.0
47.852,-83.0,84.0
47.8583,-18.0,84.0
47.8635,101.0,84.0
47.8677,55.0,86.0
47.8723,-86.0,86.0
47.8773,-63.0,86.0
47.8822,73.0,86.0
47.8885,55.0,88.0
47.8919,-75.0,88.0
47.8971,-54.0,88.0
47.9021,72.0,90.0
47.9071,44.0,90.0
47.9128,-58.0,90.0
47.9176,-12.0,90.0
47.9219,48.0,90.0
47.928,-8.0,90.0
47.9321,-27.0,90.0
47.9372,-4.0,88.0
47.9426,-19.0,88.0
47.9475,27.0,86.0
47.9522,71.0,86.0
47.9571,-32.0,88.0
47.9624,-90.0,88.0
47.9673,25.0,88.0
47.9729,69.0,88.0
47.9769,-25.0,88.0
47.9825,-38.0,86.0
47.9871,30.0,86.0
47.9922,27.0,86.0
47.9975,-15.0,84.0
48.0025,-30.0,84.0
48.0069,-15.0,84.0
48.0119,20.0,84.0
48.0172,9.0,84.0
48.0222,-1.0,82.0
48.0276,62.0,82.0
48.0319,19.0,80.0
48.0376,-138.0,82.0
48.0422,-93.0,82.0
48.0471,131.0,84.0
48.053,157.0,86.0
48.057,-47.0,86.0
48.0623,-143.0,88.0
48.0669,-23.0,86.0
48.0722,72.0,88.0
48.077,18.0,86.0
48.0824,-21.0,86.0
48.0876,34.0,86.0
48.0919,18.0,86.0
48.0975,-83.0,88.0
48.1021,-25.0,88.0
48.1074,118.0,90.0
48.1124,27.0,90.0
48.1175,-134.0,90.0
48.1219,-36.0,90.0
48.1275,103.0,90.0
48.1322,33.0,90.0
48.1373,-40.0,90.0
48.1419,1.0,88.0
48.1471,0.0,88.0
48.1521,-35.0,86.0
48.1572,0.0,86.0
48.162,30.0,86.0
48.1672,0.0,84.0
48.1723,-2.0,84.0
48.1775,10.0,84.0
48.1822,-20.0,84.0
48.1872,-15.0,82.0
48.1923,41.0,82.0
48.1975,26.0,82.0
48.2025,-59.0,82.0
48.207,-62.0,82.0
48.2119,52.0,82.0
48.2173,98.0,82.0
48.2222,-23.0,82.0
48.2277,-99.0,82.0
48.2324,6.0,82.0
48.2372,69.0,82.0
48.2421,-17.0,82.0
48.2473,-34.0,84.0
48.2523,43.0,82.0
48.2575,10.0,82.0
48.2624,-70.0,82.0
48.2669,-3.0,82.0
48.2721,84.0,82.0
48.2771,16.0,82.0
48.2826,-70.0,82.0
48.2876,-29.0,82.0
48.2919,21.0,80.0
48.2977,24.0,82.0
48.3022,44.0,80.0
48.3073,10.0,80.0
48.3126,-95.0,80.0
48.3175,-68.0,82.0
48.3219,91.0,82.0
48.3272,108.0,84.0
48.332,-35.0,84.0
48.337,-94.0,84.0
48.3426,-18.0,84.0
48.3476,45.0,84.0
48.3519,26.0,84.0
48.3572,-10.0,84.0
48.3619,0.0,84.0
48.3669,2.0,84.0
48.3729,-27.0,82.0
48.3769,2.0,82.0
48.3821,47.0,82.0
48.3869,-16.0,82.0
48.392,-71.0,84.0
48.3974,23.0,84.0
48.4033,90.0,84.0
48.4069,-14.0,84.0
48.4123,-72.0,84.0
48.4175,10.0,84.0
48.4221,22.0,84.0
48.4278,-42.0,86.0
48.4319,6.0,86.0
48.4382,88.0,86.0
48.4422,12.0,86.0
48.4469,-85.0,86.0
48.4522,-31.0,86.0
48.4571,24.0,86.0
48.462,2.0,86.0
48.4677,34.0,86.0
48.4724,58.0,86.0
48.4769,-45.0,88.0
48.482,-108.0,88.0
48.4869,15.0,88.0
48.492,124.0,88.0
48.497,21.0,88.0
48.502,-106.0,90.0
48.507,-43.0,88.0
48.512,64.0,88.0
48.5169,44.0,88.0
48.5219,-9.0,88.0
48.5269,-24.0,86.0
48.532,-29.0,86.0
48.537,3.0,86.0
48.5423,37.0,84.0
48.5471,-12.0,84.0
48.5519,-29.0,84.0
48.557,46.0,84.0
48.5619,26.0,84.0
48.567,-64.0,84.0
48.572,-17.0,84.0
48.577,55.0,86.0
48.582,-17.0,86.0
48.5869,-50.0,86.0
48.592,57.0,86.0
48.5971,66.0,86.0
48.602,-61.0,86.0
48.607,-84.0,86.0
48.612,28.0,86.0
48.6169,81.0,86.0
48.6219,4.0,86.0
48.6271,-67.0,86.0
48.632,-8.0,86.0
48.6372,63.0,88.0
48.6419,-7.0,86.0
48.6472,-71.0,88.0
48.652,27.0,88.0
48.657,74.0,88.0
48.6622,-34.0,90.0
48.667,-47.0,90.0
48.672,16.0,90.0
48.677,-18.0,88.0
48.6821,23.0,86.0
48.6871,105.0,86.0
48.692,-52.0,84.0
48.697,-167.0,86.0
48.7023,41.0,84.0
48.707,172.0,86.0
48.712,3.0,86.0
48.717,-123.0,88.0
48.722,-46.0,88.0
48.727,52.0,88.0
48.7321,64.0,88.0
48.737,13.0,88.0
48.7419,-49.0,88.0
48.7472,-53.0,86.0
48.752,11.0,86.0
48.7569,53.0,86.0
48.7619,19.0,86.0
48.7674,-16.0,84.0
48.7719,-12.0,84.0
48.7771,-29.0,84.0
48.782,-21.0,84.0
48.7869,79.0,84.0
48.7921,68.0,86.0
48.797,-134.0,88.0
48.802,-142.0,90.0
48.807,151.0,92.0
48.812,223.0,96.0
48.817,-84.0,96.0
48.822,-233.0,100.0
48.8272,-18.0,100.0
48.832,142.0,102.0
48.837,58.0,102.0
48.842,-17.0,100.0
48.8471,-10.0,100.0
48.8522,-58.0,100.0
48.8572,-65.0,100.0
48.8621,64.0,100.0
48.8669,108.0,100.0
48.872,-31.0,100.0
48.8775,-101.0,102.0
48.8826,-3.0,102.0
48.887,60.0,102.0
48.892,18.0,102.0
48.897,-10.0,102.0
48.9022,-10.0,100.0
48.907,-39.0,100.0
48.9122,-23.0,100.0
48.9169,78.0,100.0
48.922,72.0,100.0
48.927,-80.0,102.0
48.9323,-101.0,102.0
48.937,37.0,104.0
48.9419,83.0,104.0
48.9469,12.0,104.0
48.9521,-44.0,102.0
48.9569,-40.0,102.0
48.9619,29.0,102.0
48.9672,59.0,100.0
48.972,-34.0,100.0
48.977,-78.0,100.0
48.9819,33.0,100.0
48.987,80.0,102.0
48.992,-24.0,102.0
48.9972,-59.0,102.0
49.002,26.0,102.0
49.007,38.0,104.0
49.012,-25.0,102.0
49.0169,-30.0,104.0
49.0224,-16.0,102.0
49.0271,3.0,102.0
49.032,89.0,104.0
49.0369,63.0,104.0
49.042,-140.0,104.0
49.0471,-132.0,106.0
49.0522,138.0,108.0
49.057,150.0,110.0
49.0622,-107.0,110.0
49.0671,-113.0,112.0
49.072,85.0,114.0
49.077,69.0,112.0
49.082,-74.0,114.0
49.0869,-48.0,114.0
49.0921,54.0,114.0
49.0971,27.0,114.0
49.102,-13.0,114.0
49.107,25.0,114.0
49.1121,-18.0,114.0
49.1171,-97.0,114.0
49.122,-5.0,112.0
49.1271,129.0,114.0
49.132,67.0,114.0
49.1371,-74.0,114.0
49.142,-84.0,114.0
49.1472,-29.0,114.0
49.152,15.0,112.0
49.1574,87.0,114.0
49.1619,69.0,114.0
49.1672,-62.0,114.0
49.1722,-86.0,116.0
49.177,12.0,116.0
49.182,40.0,116.0
49.1873,-4.0,116.0
49.192,-3.0,116.0
49.1971,34.0,116.0
49.2022,10.0,114.0
49.2071,-63.0,114.0
49.2121,-35.0,116.0
49.217,81.0,116.0
49.222,51.0,116.0
49.2273,-109.0,118.0
49.232,-55.0,118.0
49.2372,143.0,118.0
49.242,47.0,118.0
49.247,-148.0,120.0
49.2519,-17.0,118.0
49.2572,107.0,120.0
49.2622,-41.0,120.0
49.2672,-63.0,120.0
49.272,100.0,122.0
49.277,56.0,122.0
49.282,-110.0,122.0
49.287,-64.0,122.0
49.2922,62.0,124.0
49.297,46.0,122.0
49.302,-1.0,122.0
49.3069,-5.0,122.0
49.3121,-27.0,122.0
49.317,-16.0,122.0
49.322,17.0,122.0
49.3269,6.0,120.0
49.3319,10.0,120.0
49.3372,13.0,118.0
49.3421,-41.0,118.0
49.347,-25.0,114.0
49.352,56.0,116.0
49.357,31.0,114.0
49.362,-40.0,114.0
49.3671,-23.0,114.0
49.3722,15.0,112.0
49.3771,-9.0,112.0
49.3822,-18.0,112.0
49.3871,49.0,112.0
49.392,46.0,112.0
49.397,-63.0,112.0
49.4026,-55.0,114.0
49.407,45.0,114.0
49.412,27.0,114.0
49.417,-14.0,114.0
49.422,10.0,114.0
49.4273,-9.0,112.0
49.432,-26.0,112.0
49.437,14.0,110.0
49.4419,18.0,108.0
49.4469,0.0,106.0
49.4521,3.0,102.0
49.4571,0.0,102.0
49.4621,-12.0,98.0
49.4672,-20.0,98.0
49.4722,-20.0,96.0
49.4769,9.0,94.0
49.4821,77.0,96.0
49.487,63.0,96.0
49.492,-90.0,98.0
49.4972,-142.0,98.0
49.502,39.0,98.0
49.5071,159.0,98.0
49.5122,26.0,98.0
49.5171,-128.0,100.0
49.5221,-71.0,100.0
49.527,95.0,100.0
49.532,104.0,102.0
49.5373,-52.0,102.0
49.5422,-119.0,104.0
49.5472,-21.0,104.0
49.552,79.0,106.0
49.5569,86.0,106.0
49.562,13.0,104.0
49.567,-85.0,104.0
49.572,-81.0,104.0
49.577,29.0,104.0
49.582,60.0,104.0
49.587,12.0,104.0
49.592,10.0,104.0
49.5971,-4.0,102.0
49.6022,-54.0,102.0
49.607,-12.0,102.0
49.612,54.0,102.0
49.6171,5.0,102.0
49.622,-49.0,102.0
49.6272,-3.0,100.0
49.6321,45.0,100.0
49.6371,35.0,100.0
49.642,-1.0,100.0
49.647,-54.0,100.0
49.6523,-77.0,100.0
49.6575,13.0,100.0
49.6621,115.0,102.0
49.6671,51.0,104.0
49.6724,-71.0,102.0
49.677,-67.0,102.0
49.6822,0.0,100.0
49.6871,31.0,100.0
49.692,37.0,98.0
49.697,6.0,96.0
49.702,-38.0,94.0
49.707,-34.0,92.0
49.7122,21.0,92.0
49.717,72.0,92.0
49.722,19.0,92.0
49.727,-105.0,92.0
49.7322,-81.0,92.0
49.7369,87.0,94.0
49.7423,115.0,94.0
49.7471,-16.0,94.0
49.752,-70.0,96.0
49.757,-57.0,94.0
49.7619,-36.0,96.0
49.767,84.0,94.0
49.7721,131.0,96.0
49.777,-50.0,96.0
49.782,-150.0,96.0
49.7869,-5.0,96.0
49.792,97.0,98.0
49.797,34.0,96.0
49.8021,-28.0,96.0
49.8071,-28.0,96.0
49.8121,-9.0,94.0
49.817,17.0,94.0
49.8221,8.0,94.0
49.8273,-21.0,94.0
49.832,17.0,94.0
49.837,39.0,94.0
49.842,-45.0,94.0
49.867,-68.0,94.0
49.8672,50.0,96.0
49.8674,92.0,96.0
49.8676,-18.0,94.0
49.8678,-82.0,94.0
49.8729,-20.0,94.0
49.882,40.0,92.0
49.8822,4.0,92.0
49.8892,-14.0,90.0
49.892,76.0,90.0
49.8971,46.0,90.0
49.9036,-139.0,90.0
49.9086,-105.0,92.0
49.913,110.0,92.0
49.9171,108.0,92.0
49.9221,-19.0,92.0
49.927,-30.0,90.0
49.932,-50.0,90.0
49.9371,-64.0,90.0
49.9423,60.0,92.0
49.9469,111.0,94.0
49.9519,-37.0,94.0
49.957,-122.0,96.0
49.962,14.0,96.0
49.9672,144.0,98.0
49.9721,15.0,98.0
49.977,-177.0,100.0
49.9821,-72.0,100.0
49.987,169.0,102.0
49.992,128.0,104.0
49.9981,-94.0,104.0
50.002,-121.0,106.0
