Time_s,Raw_EMG,Envelope_EMG
0.0003,-26.0,240.0
0.0004,10.0,238.0
0.0006,-14.0,234.0
0.0007,6.0,232.0
0.0008,97.0,230.0
0.001,2.0,226.0
0.0012,-156.0,226.0
0.0014,-41.0,224.0
0.0016,117.0,226.0
0.0018,30.0,224.0
0.0019,-12.0,224.0
0.002,55.0,224.0
0.0022,-51.0,224.0
0.0023,-126.0,224.0
0.0025,31.0,222.0
0.0026,89.0,224.0
0.0027,-6.0,220.0
0.0028,30.0,220.0
0.003,48.0,216.0
0.0033,-110.0,216.0
0.0035,-106.0,214.0
0.0037,105.0,214.0
0.0038,101.0,214.0
0.004,-88.0,214.0
0.0042,-69.0,216.0
0.0044,74.0,216.0
0.0046,66.0,216.0
0.0047,4.0,216.0
0.005,-42.0,214.0
0.0052,-144.0,216.0
0.0054,-55.0,212.0
0.0055,249.0,216.0
0.0057,161.0,216.0
0.0058,-241.0,218.0
0.006,-142.0,220.0
0.0061,139.0,222.0
0.0063,-34.0,222.0
0.0064,-50.0,220.0
0.0066,237.0,222.0
0.0067,56.0,220.0
0.0069,-306.0,224.0
0.007,-117.0,224.0
0.0072,224.0,226.0
0.0073,130.0,226.0
0.0075,-105.0,226.0
0.0076,-58.0,226.0
0.0077,51.0,224.0
0.0079,-32.0,222.0
0.008,-67.0,224.0
0.0081,67.0,224.0
0.0083,85.0,224.0
0.0084,-47.0,224.0
0.0087,-53.0,224.0
0.009,45.0,220.0
0.0092,-15.0,218.0
0.0094,-87.0,216.0
0.0096,70.0,212.0
0.0098,105.0,210.0
0.0104,-94.0,206.0
0.0106,-38.0,206.0
0.0108,112.0,202.0
0.0111,-62.0,204.0
0.0114,-103.0,202.0
0.0116,120.0,204.0
0.0119,16.0,204.0
0.0122,-145.0,204.0
0.0124,115.0,204.0
0.0126,179.0,206.0
0.0127,-173.0,206.0
0.0129,-188.0,208.0
0.013,107.0,206.0
0.0132,108.0,206.0
0.0133,-10.0,204.0
0.0134,27.0,204.0
0.0136,-5.0,202.0
0.0137,-96.0,202.0
0.0139,-30.0,202.0
0.014,50.0,200.0
0.0141,7.0,198.0
0.0142,21.0,196.0
0.0144,72.0,196.0
0.0145,-36.0,196.0
0.0147,-122.0,196.0
0.0149,18.0,196.0
0.0151,124.0,194.0
0.0154,9.0,192.0
0.0156,-110.0,190.0
0.0158,-90.0,188.0
0.016,48.0,188.0
0.0162,231.0,188.0
0.0163,103.0,188.0
0.0165,-329.0,190.0
0.0167,-274.0,194.0
0.0168,306.0,196.0
0.0169,340.0,200.0
0.0171,-198.0,200.0
0.0173,-275.0,204.0
0.0174,79.0,202.0
0.0176,166.0,204.0
0.0177,14.0,202.0
0.0178,-101.0,200.0
0.018,-82.0,198.0
0.0181,77.0,196.0
0.0183,130.0,194.0
0.0184,-39.0,194.0
0.0186,-141.0,192.0
0.0187,-37.0,192.0
0.0188,93.0,194.0
0.019,98.0,194.0
0.0191,-8.0,192.0
0.0192,-59.0,190.0
0.0194,-46.0,190.0
0.0195,-93.0,186.0
0.0196,23.0,186.0
0.0198,260.0,186.0
0.02,50.0,184.0
0.0201,-313.0,188.0
0.0204,-97.0,186.0
0.0205,207.0,190.0
0.0206,58.0,190.0
0.0208,-19.0,190.0
0.021,29.0,188.0
0.0213,-134.0,190.0
0.0215,-67.0,188.0
0.0217,193.0,190.0
0.0219,-6.0,188.0
0.0221,-179.0,192.0
0.0223,168.0,194.0
0.0226,169.0,196.0
0.0228,-312.0,200.0
0.023,-197.0,204.0
0.0232,331.0,208.0
0.0233,189.0,210.0
0.0235,-240.0,214.0
0.0236,-80.0,212.0
0.0238,161.0,214.0
0.0239,-76.0,214.0
0.0241,-167.0,216.0
0.0242,161.0,218.0
0.0244,201.0,220.0
0.0245,-131.0,222.0
0.0247,-168.0,222.0
0.0248,58.0,222.0
0.0249,52.0,222.0
0.0251,-24.0,222.0
0.0252,68.0,222.0
0.0254,25.0,222.0
0.0256,-124.0,222.0
0.0257,-13.0,222.0
0.0259,125.0,222.0
0.0261,-33.0,220.0
0.0264,-124.0,222.0
0.0265,85.0,222.0
0.0267,131.0,222.0
0.0268,-99.0,222.0
0.0273,-102.0,224.0
0.0276,64.0,224.0
0.0278,14.0,222.0
0.0279,-34.0,222.0
0.0281,86.0,220.0
0.0282,62.0,218.0
0.0284,-134.0,216.0
0.0286,-123.0,216.0
0.0287,117.0,216.0
0.0289,145.0,218.0
0.029,-72.0,218.0
0.0292,-100.0,216.0
0.0294,39.0,216.0
0.0295,31.0,212.0
0.0297,-30.0,210.0
0.0299,14.0,206.0
0.0301,18.0,204.0
0.0306,-37.0,204.0
0.0308,15.0,204.0
0.0309,58.0,204.0
0.0311,-41.0,204.0
0.0312,-77.0,204.0
0.0314,18.0,202.0
0.0315,79.0,202.0
0.0316,46.0,202.0
0.0318,-51.0,202.0
0.0319,-91.0,204.0
0.032,0.0,204.0
0.0322,72.0,202.0
0.0324,37.0,202.0
0.0326,-12.0,200.0
0.0327,-31.0,200.0
0.0329,-21.0,200.0
0.0332,-6.0,198.0
0.0335,-15.0,198.0
0.0344,41.0,196.0
0.0346,94.0,196.0
0.0348,-59.0,196.0
0.035,-144.0,196.0
0.0351,80.0,196.0
0.0353,137.0,196.0
0.0356,-134.0,194.0
0.0357,-129.0,194.0
0.0359,194.0,196.0
0.0361,192.0,196.0
0.0362,-159.0,198.0
0.0364,-286.0,202.0
0.0365,-10.0,202.0
0.0367,267.0,206.0
0.0368,191.0,208.0
0.037,-93.0,208.0
0.0371,-212.0,212.0
0.0373,-67.0,212.0
0.0374,73.0,212.0
0.0375,60.0,214.0
0.0377,51.0,212.0
0.0378,29.0,212.0
0.0379,-58.0,212.0
0.0381,-18.0,212.0
0.0382,38.0,210.0
0.0384,-107.0,210.0
0.0385,-88.0,212.0
0.0386,210.0,210.0
0.0388,153.0,212.0
0.0389,-230.0,210.0
0.0392,-148.0,208.0
0.0394,211.0,206.0
0.0396,96.0,202.0
0.0398,-173.0,202.0
0.04,-47.0,198.0
0.0402,85.0,198.0
0.0404,-25.0,196.0
0.0407,18.0,196.0
0.0409,116.0,196.0
0.041,-58.0,196.0
0.0412,-115.0,198.0
0.0413,32.0,196.0
0.0414,-32.0,196.0
0.0416,-18.0,194.0
0.0418,199.0,196.0
0.0419,32.0,196.0
0.042,-226.0,198.0
0.0422,-9.0,198.0
0.0423,115.0,198.0
0.0425,-76.0,198.0
0.0426,5.0,198.0
0.0427,159.0,200.0
0.0429,-34.0,196.0
0.043,-149.0,198.0
0.0432,-6.0,192.0
0.0433,35.0,192.0
0.0434,36.0,188.0
0.0435,87.0,190.0
0.0437,-34.0,190.0
0.0438,-126.0,192.0
0.0439,46.0,190.0
0.0441,85.0,190.0
0.0442,-92.0,188.0
0.0443,-21.0,188.0
0.0445,124.0,188.0
0.0446,-34.0,186.0
0.0448,-100.0,184.0
0.0449,90.0,182.0
0.0451,66.0,180.0
0.0452,-138.0,176.0
0.0454,-91.0,174.0
0.0456,126.0,172.0
0.046,170.0,174.0
0.0463,-45.0,172.0
0.0466,-236.0,174.0
0.047,-47.0,172.0
0.0472,245.0,174.0
0.0474,101.0,172.0
0.0475,-182.0,174.0
0.0477,-100.0,172.0
0.0478,67.0,172.0
0.048,38.0,172.0
0.0481,27.0,172.0
0.0482,65.0,172.0
0.0484,-27.0,172.0
0.0485,-150.0,172.0
0.0487,-75.0,174.0
0.0488,142.0,174.0
0.049,182.0,176.0
0.0491,-45.0,176.0
0.0493,-176.0,176.0
0.0494,-30.0,174.0
0.0495,69.0,174.0
0.0497,-2.0,172.0
0.0498,6.0,172.0
0.0499,103.0,174.0
0.05,27.0,174.0
0.0502,-177.0,174.0
0.0504,-122.0,176.0
0.0506,186.0,176.0
0.0507,171.0,178.0
0.0509,-158.0,178.0
0.051,-129.0,178.0
0.0513,126.0,178.0
0.0516,36.0,178.0
0.0517,-85.0,178.0
0.0519,58.0,178.0
0.0521,33.0,178.0
0.0523,-126.0,180.0
0.0524,10.0,180.0
0.0526,135.0,182.0
0.0527,-49.0,182.0
0.0529,-87.0,182.0
0.053,98.0,184.0
0.0531,29.0,182.0
0.0533,-144.0,184.0
0.0534,2.0,184.0
0.0536,176.0,186.0
0.0537,3.0,184.0
0.0538,-182.0,186.0
0.054,-50.0,188.0
0.0541,139.0,188.0
0.0543,107.0,190.0
0.0544,-39.0,190.0
0.0546,-101.0,190.0
0.0547,-57.0,192.0
0.0548,6.0,192.0
0.055,34.0,192.0
0.0551,75.0,192.0
0.0552,123.0,192.0
0.0554,-19.0,192.0
0.0555,-253.0,194.0
0.0557,-129.0,194.0
0.0558,201.0,196.0
0.056,198.0,196.0
0.0561,-24.0,194.0
0.0563,-106.0,194.0
0.0564,-94.0,192.0
0.0566,-55.0,190.0
0.0568,55.0,186.0
0.057,136.0,188.0
0.0571,73.0,186.0
0.0574,-66.0,184.0
0.0579,-152.0,184.0
0.0581,-96.0,182.0
0.0583,133.0,184.0
0.0584,221.0,186.0
0.0587,-98.0,186.0
0.0589,-235.0,190.0
0.059,135.0,192.0
0.0592,172.0,194.0
0.0593,-223.0,196.0
0.0594,-95.0,198.0
0.0596,288.0,200.0
0.0597,18.0,198.0
0.0599,-305.0,200.0
0.06,53.0,198.0
0.0602,294.0,200.0
0.0604,-78.0,198.0
0.0606,-257.0,200.0
0.0607,44.0,198.0
0.0608,175.0,198.0
0.061,-21.0,198.0
0.0611,-81.0,198.0
0.0613,68.0,198.0
0.0614,44.0,200.0
0.0617,-114.0,200.0
0.062,-51.0,200.0
0.0621,68.0,198.0
0.0623,27.0,198.0
0.0625,47.0,198.0
0.0626,42.0,198.0
0.0627,-138.0,198.0
0.0629,-113.0,200.0
0.0631,147.0,198.0
0.0636,132.0,200.0
0.0638,-90.0,200.0
0.064,-80.0,200.0
0.0642,29.0,200.0
0.0644,5.0,198.0
0.0646,11.0,198.0
0.0649,32.0,196.0
0.065,-54.0,196.0
0.0652,-36.0,196.0
0.0653,114.0,198.0
0.0655,49.0,196.0
0.0657,-157.0,198.0
0.0658,-85.0,198.0
0.066,119.0,200.0
0.0661,108.0,200.0
0.0662,2.0,198.0
0.0663,-95.0,200.0
0.0666,-120.0,200.0
0.0667,80.0,200.0
0.0669,167.0,202.0
0.067,-87.0,200.0
0.0672,-150.0,202.0
0.0673,95.0,202.0
0.0674,91.0,202.0
0.0676,-104.0,202.0
0.0677,1.0,198.0
0.0678,130.0,200.0
0.068,-102.0,198.0
0.0681,-157.0,200.0
0.0683,173.0,198.0
0.0684,146.0,200.0
0.0686,-190.0,200.0
0.0687,-100.0,200.0
0.0689,154.0,200.0
0.069,67.0,202.0
0.0691,-78.0,202.0
0.0694,-85.0,202.0
0.0697,-25.0,202.0
0.0699,105.0,202.0
0.0701,104.0,202.0
0.0703,-55.0,200.0
0.0705,-56.0,198.0
0.0707,-21.0,198.0
0.071,-114.0,198.0
0.0712,22.0,198.0
0.0714,250.0,200.0
0.0715,22.0,200.0
0.0717,-215.0,204.0
0.0718,30.0,202.0
0.0721,48.0,202.0
0.0758,-201.0,204.0
0.0806,120.0,204.0
0.0857,321.0,206.0
0.0906,-230.0,206.0
0.0956,-270.0,208.0
0.1006,293.0,210.0
0.1062,139.0,210.0
0.1106,-285.0,214.0
0.1156,-68.0,214.0
0.1206,160.0,216.0
0.1256,57.0,216.0
0.1306,57.0,216.0
0.1356,-18.0,216.0
0.1406,-272.0,218.0
0.1455,-38.0,218.0
0.1506,390.0,222.0
0.1556,-9.0,220.0
0.1606,-399.0,226.0
0.1657,171.0,226.0
0.1708,358.0,232.0
0.1756,-281.0,234.0
0.1806,-294.0,238.0
0.1856,233.0,240.0
0.1909,171.0,242.0
0.1959,-112.0,240.0
0.2006,21.0,240.0
0.2055,50.0,240.0
0.2106,-205.0,242.0
0.2158,-72.0,242.0
0.2207,260.0,246.0
0.2258,87.0,246.0
0.2306,-131.0,248.0
0.2357,2.0,246.0
0.2407,-97.0,246.0
0.2463,-178.0,246.0
0.2506,268.0,248.0
0.2556,299.0,248.0
0.2606,-293.0,250.0
0.2656,-246.0,254.0
0.2708,227.0,256.0
0.2759,68.0,256.0
0.2808,-167.0,258.0
0.2857,72.0,258.0
0.2906,130.0,258.0
0.2956,-81.0,258.0
0.3009,-69.0,258.0
0.3058,8.0,256.0
0.3107,-19.0,254.0
0.3156,30.0,252.0
0.3205,94.0,250.0
0.3255,17.0,250.0
0.3306,-116.0,248.0
0.3356,-114.0,248.0
0.3406,74.0,246.0
0.3456,162.0,244.0
0.3506,-2.0,244.0
0.3556,-119.0,240.0
0.3608,-24.0,240.0
0.3657,73.0,236.0
0.3707,-6.0,236.0
0.3756,-124.0,234.0
0.3805,2.0,232.0
0.3859,221.0,232.0
0.3905,93.0,232.0
0.3956,-235.0,234.0
0.4008,-191.0,236.0
0.4055,151.0,238.0
0.4106,177.0,238.0
0.4155,-81.0,240.0
0.4206,-80.0,238.0
0.4261,89.0,240.0
0.4307,16.0,238.0
0.4356,-124.0,240.0
0.4405,-31.0,240.0
0.4457,117.0,242.0
0.4507,76.0,240.0
0.4557,-75.0,240.0
0.4607,-109.0,240.0
0.4656,47.0,238.0
0.4706,156.0,238.0
0.4758,-42.0,238.0
0.4808,-249.0,242.0
0.4857,20.0,242.0
0.4906,351.0,248.0
0.4956,28.0,248.0
0.5015,-409.0,252.0
0.5061,-82.0,254.0
0.5108,390.0,258.0
0.5156,121.0,258.0
0.5206,-299.0,260.0
0.5256,-101.0,262.0
0.5306,196.0,262.0
0.5356,1.0,260.0
0.5407,-132.0,262.0
0.5456,100.0,262.0
0.5506,78.0,262.0
0.5557,-140.0,264.0
0.5608,11.0,260.0
0.5656,161.0,262.0
0.5706,-91.0,260.0
0.5756,-207.0,262.0
0.5806,76.0,262.0
0.586,219.0,264.0
0.5906,18.0,264.0
0.5957,-111.0,264.0
0.6007,-60.0,264.0
0.6056,-93.0,262.0
0.6107,-37.0,260.0
0.6164,277.0,262.0
0.6207,207.0,262.0
0.6258,-335.0,266.0
0.6307,-304.0,268.0
0.6357,254.0,272.0
0.6407,240.0,274.0
0.6458,-122.0,274.0
0.6506,-41.0,276.0
0.6556,30.0,274.0
0.6607,-165.0,274.0
0.6656,28.0,274.0
0.6707,276.0,278.0
0.6758,-95.0,280.0
0.6807,-289.0,282.0
0.6856,129.0,284.0
0.6906,234.0,284.0
0.6956,-83.0,284.0
0.7007,-105.0,282.0
0.7057,27.0,282.0
0.7105,-77.0,282.0
0.7155,-71.0,280.0
0.7206,196.0,282.0
0.7256,186.0,280.0
0.7308,-149.0,278.0
0.7357,-219.0,278.0
0.7406,18.0,274.0
0.7456,124.0,274.0
0.7506,23.0,270.0
0.7556,-16.0,268.0
0.7608,43.0,266.0
0.7656,-8.0,266.0
0.7706,-97.0,266.0
0.7756,-15.0,266.0
0.7806,65.0,264.0
0.7856,24.0,262.0
0.7908,20.0,258.0
0.7957,8.0,258.0
0.8007,-83.0,252.0
0.8055,-75.0,250.0
0.8105,70.0,246.0
0.8157,132.0,244.0
0.8206,15.0,240.0
0.8257,-101.0,238.0
0.8306,-104.0,236.0
0.8355,-30.0,236.0
0.8405,126.0,236.0
0.8456,168.0,238.0
0.8506,-88.0,236.0
0.8558,-225.0,240.0
0.8606,44.0,236.0
0.8656,206.0,238.0
0.8705,-42.0,236.0
0.8758,-152.0,238.0
0.8806,113.0,238.0
0.8856,83.0,238.0
0.8907,-246.0,236.0
0.8956,-27.0,232.0
0.9006,378.0,234.0
0.9058,24.0,230.0
0.9107,-436.0,234.0
0.9158,-68.0,234.0
0.9205,379.0,238.0
0.9256,100.0,238.0
0.9307,-224.0,240.0
0.9356,-71.0,238.0
0.9406,41.0,238.0
0.9456,1.0,238.0
0.9505,111.0,240.0
0.9557,48.0,240.0
0.9608,-211.0,242.0
0.9656,-58.0,242.0
0.9709,228.0,244.0
0.9756,33.0,244.0
0.9806,-150.0,244.0
0.9856,32.0,242.0
0.9909,49.0,242.0
0.9957,-109.0,242.0
1.0006,-8.0,242.0
1.0055,125.0,244.0
1.0105,-5.0,244.0
1.0155,-84.0,242.0
1.0206,72.0,244.0
1.0257,75.0,242.0
1.0307,-187.0,242.0
1.0356,-131.0,242.0
1.0405,275.0,242.0
1.0455,183.0,244.0
1.0507,-295.0,246.0
1.0557,-143.0,246.0
1.0606,280.0,250.0
1.0655,1.0,248.0
1.0705,-270.0,252.0
1.0757,152.0,252.0
1.0806,230.0,256.0
1.0856,-218.0,256.0
1.0907,-104.0,258.0
1.0956,202.0,260.0
1.1006,-91.0,258.0
1.1055,-182.0,262.0
1.1108,266.0,262.0
1.1156,190.0,266.0
1.1206,-318.0,266.0
1.1255,-176.0,268.0
1.1309,235.0,266.0
1.1358,107.0,268.0
1.1407,-105.0,264.0
1.1456,-30.0,262.0
1.1505,7.0,256.0
1.1557,10.0,254.0
1.1606,25.0,250.0
1.1656,-46.0,250.0
1.1706,12.0,246.0
1.1756,110.0,248.0
1.1806,-78.0,248.0
1.1856,-172.0,248.0
1.1905,95.0,250.0
1.1956,184.0,250.0
1.2006,-30.0,250.0
1.2057,-125.0,250.0
1.2105,-56.0,248.0
1.2155,43.0,246.0
1.2207,92.0,246.0
1.2263,8.0,244.0
1.2306,-40.0,244.0
1.2356,-17.0,242.0
1.2406,-90.0,242.0
1.2457,-25.0,242.0
1.2508,229.0,244.0
1.2557,105.0,242.0
1.2606,-274.0,242.0
1.2656,-144.0,240.0
1.2706,225.0,238.0
1.2758,103.0,236.0
1.2806,-179.0,236.0
1.2856,-57.0,234.0
1.2905,181.0,236.0
1.2956,79.0,238.0
1.3007,-178.0,238.0
1.3061,-120.0,238.0
1.3107,121.0,236.0
1.3156,84.0,236.0
1.3206,-25.0,232.0
1.3255,37.0,230.0
1.332,-63.0,228.0
1.3358,-168.0,230.0
1.3408,120.0,230.0
1.3456,235.0,232.0
1.3506,-148.0,234.0
1.3557,-216.0,236.0
1.3609,157.0,236.0
1.3658,151.0,236.0
1.3707,-152.0,236.0
1.3756,-95.0,234.0
1.3805,125.0,234.0
1.3856,68.0,234.0
1.3907,-73.0,234.0
1.3957,-63.0,236.0
1.4007,23.0,236.0
1.4056,77.0,236.0
1.4105,-8.0,234.0
1.4158,-106.0,236.0
1.4206,24.0,236.0
1.4257,119.0,238.0
1.4306,-57.0,238.0
1.4356,-88.0,240.0
1.4405,87.0,240.0
1.4455,44.0,238.0
1.4513,-88.0,238.0
1.4556,-33.0,238.0
1.4605,57.0,238.0
1.4655,55.0,238.0
1.4707,-21.0,236.0
1.4757,-71.0,236.0
1.4805,0.0,234.0
1.4858,55.0,232.0
1.4905,0.0,232.0
1.4956,-24.0,228.0
1.5008,12.0,228.0
1.5058,5.0,224.0
1.5106,-9.0,224.0
1.5156,28.0,222.0
1.5205,-33.0,222.0
1.5255,-101.0,222.0
1.5305,96.0,218.0
1.5364,141.0,220.0
1.5408,-151.0,218.0
1.5456,-79.0,218.0
1.5505,190.0,214.0
1.5558,-24.0,214.0
1.5607,-187.0,210.0
1.5656,76.0,210.0
1.5706,129.0,208.0
1.5756,-68.0,208.0
1.5805,-59.0,208.0
1.5855,48.0,210.0
1.5906,19.0,208.0
1.5957,-30.0,208.0
1.6006,7.0,204.0
1.6056,0.0,204.0
1.6107,-49.0,202.0
1.6157,22.0,200.0
1.6206,94.0,200.0
1.6256,12.0,200.0
1.6308,-115.0,200.0
1.636,-108.0,200.0
1.6405,92.0,202.0
1.6461,182.0,202.0
1.6507,-35.0,204.0
1.6557,-156.0,204.0
1.6605,-5.0,204.0
1.6656,46.0,204.0
1.6706,-20.0,200.0
1.6757,59.0,200.0
1.6806,90.0,196.0
1.6855,-93.0,194.0
1.6905,-95.0,192.0
1.6955,84.0,190.0
1.7009,-11.0,186.0
1.706,-111.0,188.0
1.7106,125.0,186.0
1.7156,190.0,186.0
1.7205,-127.0,186.0
1.7255,-248.0,186.0
1.7311,41.0,184.0
1.7356,205.0,184.0
1.7406,13.0,184.0
1.7455,-61.0,182.0
1.7505,18.0,178.0
1.7557,-89.0,176.0
1.7612,-66.0,172.0
1.7657,156.0,172.0
1.7706,51.0,170.0
1.7755,-139.0,170.0
1.7806,13.0,168.0
1.7855,77.0,168.0
1.7908,-74.0,170.0
1.7957,5.0,170.0
1.8005,130.0,172.0
1.8056,-65.0,172.0
1.8106,-191.0,174.0
1.8159,38.0,174.0
1.8209,196.0,176.0
1.8257,61.0,174.0
1.8305,-87.0,174.0
1.8356,-117.0,172.0
1.8413,-58.0,172.0
1.8455,69.0,172.0
1.8508,129.0,174.0
1.8556,8.0,172.0
1.8606,-149.0,174.0
1.8655,-52.0,174.0
1.8706,193.0,176.0
1.8756,91.0,178.0
1.8805,-228.0,180.0
1.8857,-120.0,182.0
1.8905,180.0,180.0
1.8955,66.0,180.0
1.9006,-75.0,176.0
1.9055,65.0,176.0
1.9105,4.0,172.0
1.9156,-151.0,172.0
1.9206,-5.0,170.0
1.9256,115.0,172.0
1.9306,23.0,168.0
1.9356,11.0,168.0
1.9407,21.0,166.0
1.9456,-144.0,166.0
1.9506,-155.0,166.0
1.9555,178.0,168.0
1.9607,283.0,172.0
1.9656,-67.0,172.0
1.9708,-278.0,176.0
1.9756,-108.0,174.0
1.9806,132.0,174.0
1.9855,225.0,174.0
1.9908,11.0,172.0
1.9958,-248.0,172.0
2.0008,-19.0,170.0
2.0056,254.0,172.0
2.0105,-73.0,170.0
2.0155,-305.0,174.0
2.0206,140.0,174.0
2.0257,355.0,178.0
2.0306,-147.0,180.0
2.0356,-345.0,184.0
2.0406,128.0,186.0
2.0458,304.0,190.0
2.0512,-43.0,190.0
2.0558,-272.0,192.0
2.0605,-154.0,194.0
2.0655,211.0,196.0
2.0707,355.0,200.0
2.0758,-96.0,202.0
2.0806,-384.0,206.0
2.0857,14.0,206.0
2.0905,229.0,208.0
2.0955,-54.0,208.0
2.1007,-71.0,208.0
2.1056,170.0,210.0
2.1106,58.0,210.0
2.1157,-214.0,212.0
2.1206,-134.0,214.0
2.1257,126.0,216.0
2.1306,121.0,218.0
2.1357,-5.0,218.0
2.1407,22.0,218.0
2.1456,-42.0,218.0
2.1505,-165.0,220.0
2.1555,51.0,220.0
2.1608,199.0,224.0
2.1657,-83.0,224.0
2.1708,-119.0,224.0
2.1756,140.0,224.0
2.1806,-22.0,222.0
2.1859,-191.0,224.0
2.1907,140.0,222.0
2.1957,188.0,226.0
2.2007,-172.0,224.0
2.2055,-95.0,226.0
2.2105,133.0,226.0
2.2156,-48.0,224.0
2.2206,-75.0,226.0
2.2256,157.0,226.0
2.2306,26.0,226.0
2.2355,-195.0,230.0
2.2405,-9.0,230.0
2.2456,174.0,232.0
2.2505,34.0,232.0
2.2557,-112.0,234.0
2.2607,-64.0,234.0
2.2655,15.0,234.0
2.2705,37.0,232.0
2.2757,74.0,232.0
2.2806,57.0,230.0
2.2856,-86.0,230.0
2.2906,-140.0,230.0
2.2955,7.0,228.0
2.3007,126.0,230.0
2.3055,59.0,230.0
2.3107,-45.0,232.0
2.3156,-20.0,230.0
2.3205,23.0,230.0
2.3255,-72.0,230.0
2.3306,-120.0,230.0
2.3357,80.0,230.0
2.3406,240.0,232.0
2.3455,29.0,232.0
2.3506,-231.0,234.0
2.3556,-142.0,232.0
2.3607,65.0,232.0
2.3657,142.0,230.0
2.3706,122.0,232.0
2.3757,-43.0,228.0
2.3808,-182.0,232.0
2.3857,-35.0,230.0
2.3909,89.0,232.0
2.3963,-9.0,230.0
2.4007,21.0,230.0
2.4057,128.0,230.0
2.4112,-11.0,230.0
2.4157,-169.0,230.0
2.4207,-73.0,230.0
2.4257,96.0,230.0
2.4308,75.0,230.0
2.4358,-47.0,232.0
2.4407,23.0,230.0
2.4459,108.0,230.0
2.4506,-101.0,230.0
2.4556,-182.0,232.0
2.4607,106.0,230.0
2.4656,121.0,230.0
2.4707,-118.0,232.0
2.4758,51.0,230.0
2.4807,180.0,232.0
2.4856,-168.0,234.0
2.4906,-198.0,234.0
2.4957,142.0,236.0
2.5007,72.0,236.0
2.5056,-71.0,236.0
2.5107,138.0,236.0
2.5157,77.0,234.0
2.5207,-263.0,236.0
2.5257,-152.0,236.0
2.5308,220.0,236.0
2.5357,209.0,238.0
2.5407,-86.0,238.0
2.5457,-195.0,240.0
2.5506,-23.0,242.0
2.5557,119.0,240.0
2.5612,61.0,242.0
2.5658,-22.0,240.0
2.5706,-47.0,240.0
2.5756,-46.0,242.0
2.5805,37.0,242.0
2.5857,78.0,240.0
2.5905,-62.0,238.0
2.5956,-114.0,238.0
2.6007,86.0,234.0
2.6055,170.0,236.0
2.6105,-41.0,232.0
2.6156,-212.0,234.0
2.6207,-74.0,234.0
2.6258,178.0,232.0
2.6306,182.0,236.0
2.6356,-36.0,232.0
2.6408,-192.0,234.0
2.6459,-150.0,234.0
2.6508,98.0,234.0
2.6558,238.0,232.0
2.6606,10.0,230.0
2.6657,-149.0,228.0
2.6706,-29.0,226.0
2.6756,-6.0,220.0
2.6807,-43.0,218.0
2.6856,48.0,214.0
2.6905,98.0,216.0
2.6956,46.0,212.0
2.7007,-45.0,210.0
2.7057,-126.0,210.0
2.7107,-85.0,204.0
2.7157,67.0,204.0
2.7206,165.0,200.0
2.7257,90.0,202.0
2.7309,-87.0,200.0
2.7356,-198.0,202.0
2.7406,-91.0,202.0
2.7456,166.0,202.0
2.7506,199.0,204.0
2.7556,-59.0,202.0
2.7609,-135.0,202.0
2.7657,10.0,200.0
2.7708,-41.0,200.0
2.7757,-65.0,200.0
2.7806,196.0,202.0
2.7857,164.0,204.0
2.7908,-239.0,206.0
2.7958,-215.0,208.0
2.8007,174.0,208.0
2.8056,184.0,210.0
2.8106,-63.0,208.0
2.8157,-96.0,208.0
2.8206,-7.0,208.0
2.8257,-6.0,204.0
2.8306,0.0,202.0
2.8356,78.0,202.0
2.8407,28.0,198.0
2.8458,-88.0,198.0
2.8506,-5.0,196.0
2.8555,46.0,196.0
2.8606,-49.0,196.0
2.8655,4.0,194.0
2.8705,67.0,194.0
2.8757,-33.0,192.0
2.8807,-2.0,192.0
2.8855,38.0,190.0
2.8906,-102.0,190.0
2.8955,-33.0,190.0
2.9005,147.0,190.0
2.9058,16.0,190.0
2.9107,-92.0,192.0
2.9155,28.0,192.0
2.9205,-16.0,190.0
2.9255,-106.0,190.0
2.9305,111.0,190.0
2.9355,177.0,192.0
2.9407,-166.0,194.0
2.9456,-185.0,196.0
2.9506,175.0,198.0
2.9556,94.0,198.0
2.9608,-147.0,200.0
2.9656,79.0,200.0
2.9714,119.0,200.0
2.9764,-250.0,204.0
2.9805,-124.0,202.0
2.9855,317.0,206.0
2.9905,119.0,204.0
2.9958,-280.0,206.0
3.0005,-50.0,206.0
3.0056,239.0,208.0
3.0108,-42.0,206.0
3.0158,-268.0,210.0
3.0208,62.0,208.0
3.026,324.0,212.0
3.031,14.0,212.0
3.0357,-313.0,216.0
3.0406,-109.0,218.0
3.046,215.0,218.0
3.0507,128.0,220.0
3.056,-98.0,220.0
3.0607,-58.0,220.0
3.0657,27.0,218.0
3.0709,-29.0,218.0
3.0763,0.0,216.0
3.0804,70.0,218.0
3.0856,-47.0,216.0
3.0907,-57.0,216.0
3.0957,148.0,216.0
3.1009,7.0,214.0
3.1064,-260.0,216.0
3.1112,55.0,216.0
3.1159,294.0,218.0
3.1208,-110.0,218.0
3.1257,-220.0,218.0
3.1315,152.0,218.0
3.1368,95.0,218.0
3.1411,-179.0,218.0
3.1457,18.0,218.0
3.1507,176.0,218.0
3.1557,-121.0,220.0
3.1609,-162.0,218.0
3.1659,203.0,218.0
3.171,166.0,218.0
3.176,-191.0,218.0
3.1807,-152.0,218.0
3.1857,70.0,216.0
3.1912,55.0,216.0
3.196,27.0,216.0
3.2009,79.0,216.0
3.2071,24.0,216.0
3.2109,-119.0,216.0
3.2157,-146.0,218.0
3.2209,45.0,218.0
3.2257,143.0,220.0
3.2313,-17.0,218.0
3.2357,6.0,218.0
3.2407,121.0,218.0
3.246,-125.0,218.0
3.2507,-237.0,220.0
3.2556,98.0,218.0
3.2606,231.0,220.0
3.2657,7.0,218.0
3.2709,-144.0,218.0
3.2762,-87.0,218.0
3.2808,97.0,216.0
3.2857,118.0,216.0
3.2909,-128.0,216.0
3.2958,-127.0,216.0
3.301,182.0,218.0
3.3062,132.0,218.0
3.3112,-197.0,220.0
3.3159,-129.0,222.0
3.3207,185.0,224.0
3.3259,96.0,226.0
3.3309,-181.0,226.0
3.3361,-34.0,226.0
3.341,171.0,228.0
3.3464,-29.0,226.0
3.3507,-131.0,228.0
3.3558,64.0,228.0
3.3607,81.0,226.0
3.3662,-59.0,226.0
3.3717,-43.0,224.0
3.3757,30.0,222.0
3.3807,14.0,222.0
3.3856,-7.0,218.0
3.3911,21.0,216.0
3.3963,18.0,216.0
3.4011,-61.0,214.0
3.4058,-55.0,214.0
3.4107,84.0,216.0
3.416,37.0,214.0
3.4208,-96.0,214.0
3.4255,75.0,212.0
3.4306,128.0,210.0
3.4357,-178.0,210.0
3.441,-142.0,210.0
3.4459,164.0,208.0
3.451,32.0,208.0
3.4559,-111.0,208.0
3.4607,188.0,212.0
3.4655,145.0,214.0
3.471,-327.0,218.0
3.4762,-217.0,220.0
3.4807,274.0,224.0
3.4861,190.0,226.0
3.4907,-163.0,228.0
3.4959,-74.0,230.0
3.5007,135.0,230.0
3.5064,-3.0,230.0
3.5111,-148.0,232.0
3.5172,6.0,232.0
3.5209,122.0,234.0
3.5257,-14.0,232.0
3.5308,-82.0,232.0
3.536,62.0,232.0
3.5412,74.0,232.0
3.5459,-102.0,234.0
3.5507,-100.0,234.0
3.556,82.0,234.0
3.5607,128.0,236.0
3.5656,-29.0,234.0
3.5706,-129.0,234.0
3.5754,31.0,232.0
3.5805,97.0,232.0
3.5866,-103.0,230.0
3.5908,-31.0,228.0
3.5956,161.0,230.0
3.6006,-54.0,228.0
3.6055,-116.0,228.0
3.6105,119.0,228.0
3.6155,-29.0,224.0
3.6207,-141.0,226.0
3.6256,189.0,224.0
3.6307,163.0,224.0
3.6355,-255.0,224.0
3.6405,-210.0,226.0
3.6456,193.0,226.0
3.6505,235.0,228.0
3.6556,-47.0,224.0
3.6605,-177.0,226.0
3.6656,-133.0,224.0
3.6705,16.0,224.0
3.6759,275.0,222.0
3.6807,199.0,224.0
3.6863,-272.0,226.0
3.6905,-336.0,228.0
3.6955,124.0,228.0
3.7006,324.0,234.0
3.7056,33.0,234.0
3.7105,-266.0,236.0
3.7155,-138.0,240.0
3.7205,266.0,242.0
3.7255,249.0,246.0
3.7308,-248.0,248.0
3.7357,-383.0,252.0
3.7407,108.0,254.0
3.7456,456.0,256.0
3.7505,93.0,258.0
3.7557,-403.0,258.0
3.7607,-206.0,260.0
3.7656,255.0,260.0
3.7705,196.0,262.0
3.7755,-107.0,262.0
3.7805,-176.0,262.0
3.7855,24.0,262.0
3.7908,224.0,262.0
3.7956,-15.0,260.0
3.8007,-278.0,262.0
3.8055,57.0,260.0
3.8105,268.0,262.0
3.8157,-108.0,260.0
3.8205,-223.0,262.0
3.8256,122.0,262.0
3.8306,192.0,264.0
3.8355,-104.0,266.0
3.8407,-179.0,268.0
3.8456,103.0,268.0
3.8506,166.0,270.0
3.8556,-149.0,270.0
3.8605,-152.0,272.0
3.8655,232.0,272.0
3.8706,152.0,274.0
3.8758,-323.0,280.0
3.8807,-186.0,280.0
3.8857,357.0,284.0
3.8906,232.0,284.0
3.8956,-252.0,286.0
3.9006,-233.0,286.0
3.9055,30.0,288.0
3.9106,182.0,288.0
3.9157,164.0,288.0
3.9207,-137.0,290.0
3.9257,-220.0,292.0
3.9307,119.0,290.0
3.9357,149.0,292.0
3.9407,-91.0,290.0
3.9455,-31.0,288.0
3.9507,36.0,286.0
3.9557,-65.0,284.0
3.9606,6.0,282.0
3.9657,98.0,282.0
3.9707,-27.0,280.0
3.9758,-50.0,280.0
3.9807,87.0,278.0
3.9857,-32.0,278.0
3.9909,-218.0,280.0
3.9964,45.0,280.0
4.0007,324.0,284.0
4.0057,63.0,284.0
4.0105,-261.0,286.0
4.0155,-184.0,290.0
4.0205,33.0,290.0
4.0255,136.0,292.0
4.0305,165.0,294.0
4.0355,99.0,296.0
4.0406,-183.0,298.0
4.0456,-316.0,302.0
4.0505,93.0,302.0
4.0556,325.0,306.0
4.0606,-69.0,306.0
4.0656,-148.0,306.0
4.0705,175.0,308.0
4.0756,-30.0,304.0
4.0806,-310.0,308.0
4.0855,86.0,306.0
4.0905,319.0,310.0
4.0955,-96.0,310.0
4.1006,-177.0,310.0
4.1057,191.0,312.0
4.1105,-1.0,306.0
4.1156,-329.0,308.0
4.1206,139.0,306.0
4.1255,348.0,308.0
4.1305,-244.0,310.0
4.1355,-199.0,312.0
4.1405,318.0,314.0
4.1458,-26.0,314.0
4.1505,-341.0,318.0
4.1556,210.0,320.0
4.1606,299.0,324.0
4.1655,-286.0,328.0
4.1705,-157.0,328.0
4.1755,309.0,332.0
4.1805,-64.0,332.0
4.1855,-394.0,338.0
4.1905,199.0,338.0
4.1955,491.0,346.0
4.2006,-143.0,346.0
4.2057,-410.0,352.0
4.2106,47.0,350.0
4.2155,134.0,352.0
4.2205,-73.0,352.0
4.2255,128.0,352.0
4.2305,154.0,354.0
4.2355,-214.0,354.0
4.2405,-146.0,356.0
4.2457,144.0,356.0
4.2507,40.0,356.0
4.2556,-28.0,356.0
4.2606,89.0,354.0
4.2655,-13.0,352.0
4.2706,-176.0,352.0
4.2757,-57.0,348.0
4.2806,192.0,348.0
4.2857,144.0,348.0
4.2908,-166.0,346.0
4.2956,-129.0,348.0
4.3009,150.0,348.0
4.3055,34.0,346.0
4.3105,-150.0,348.0
4.3155,37.0,344.0
4.3208,122.0,342.0
4.3255,-49.0,340.0
4.3307,-31.0,334.0
4.3357,63.0,334.0
4.3406,-93.0,330.0
4.3456,-111.0,332.0
4.3507,161.0,330.0
4.3556,125.0,330.0
4.3605,-139.0,328.0
4.3657,-69.0,324.0
4.3705,70.0,322.0
4.3755,32.0,316.0
4.3805,13.0,314.0
4.3855,-86.0,310.0
4.3905,-112.0,310.0
4.3955,173.0,306.0
4.4009,213.0,306.0
4.4056,-191.0,306.0
4.4106,-276.0,306.0
4.4156,121.0,306.0
4.4205,234.0,308.0
4.4258,-54.0,308.0
4.4306,-71.0,306.0
4.4357,63.0,306.0
4.4405,-122.0,304.0
4.4455,-120.0,304.0
4.4505,236.0,304.0
4.4554,135.0,304.0
4.4605,-227.0,304.0
4.4654,-54.0,304.0
4.4706,112.0,302.0
4.4756,-99.0,302.0
4.4807,24.0,300.0
4.4858,228.0,302.0
4.4906,-89.0,300.0
4.4957,-241.0,302.0
4.5007,93.0,302.0
4.5057,155.0,300.0
4.5108,-125.0,300.0
4.5156,-92.0,296.0
4.5206,189.0,296.0
4.5258,110.0,292.0
4.5306,-196.0,292.0
4.536,-156.0,290.0
4.5405,111.0,288.0
4.5455,176.0,290.0
4.5504,33.0,288.0
4.5556,-151.0,288.0
4.5606,-174.0,288.0
4.5655,57.0,286.0
4.5705,232.0,288.0
4.5755,63.0,286.0
4.5805,-167.0,288.0
4.5856,-102.0,288.0
4.5905,52.0,288.0
4.5955,44.0,288.0
4.6005,-13.0,288.0
4.606,3.0,288.0
4.6105,74.0,288.0
4.6156,26.0,288.0
4.6207,-171.0,288.0
4.6256,-104.0,290.0
4.6306,264.0,290.0
4.6356,182.0,292.0
4.6406,-340.0,294.0
4.6455,-228.0,296.0
4.6505,375.0,298.0
4.6556,205.0,298.0
4.6605,-373.0,304.0
4.6656,-89.0,302.0
4.6705,364.0,306.0
4.6756,-96.0,306.0
4.6806,-351.0,308.0
4.6855,284.0,308.0
4.6905,308.0,310.0
4.6955,-385.0,312.0
4.7006,-210.0,314.0
4.7055,356.0,318.0
4.7105,45.0,316.0
4.7155,-248.0,318.0
4.7205,147.0,316.0
4.7256,145.0,318.0
4.7305,-284.0,316.0
4.7355,-84.0,316.0
4.7406,316.0,318.0
4.7455,54.0,316.0
4.7506,-263.0,320.0
4.7555,-12.0,316.0
4.7605,193.0,316.0
4.7657,-60.0,312.0
4.7706,-194.0,312.0
4.7755,92.0,310.0
4.7805,252.0,308.0
4.7856,-1.0,308.0
4.7907,-235.0,306.0
4.7957,-150.0,306.0
4.8005,73.0,302.0
4.8055,208.0,300.0
4.8115,160.0,300.0
4.8156,-100.0,298.0
4.8207,-355.0,302.0
4.8256,-112.0,298.0
4.8305,427.0,302.0
4.8356,287.0,298.0
4.8406,-352.0,302.0
4.8456,-299.0,300.0
4.8508,207.0,302.0
4.8557,160.0,302.0
4.8606,-98.0,302.0
4.8655,17.0,302.0
4.8716,74.0,300.0
4.8757,-148.0,298.0
4.8808,-125.0,298.0
4.8856,161.0,298.0
4.8906,173.0,300.0
4.8955,-32.0,300.0
4.9006,-100.0,302.0
4.9055,-128.0,302.0
4.9107,-96.0,302.0
4.9155,161.0,304.0
4.9205,250.0,304.0
4.9255,-34.0,302.0
4.9305,-189.0,302.0
4.9357,-101.0,302.0
4.9408,-52.0,300.0
4.9455,66.0,302.0
4.9506,255.0,302.0
4.9557,132.0,304.0
4.9606,-256.0,306.0
4.9658,-292.0,310.0
4.9706,106.0,312.0
4.9755,249.0,314.0
4.9805,22.0,314.0
4.9857,-72.0,312.0
4.9907,-15.0,310.0
4.9957,-30.0,308.0
5.0007,-59.0,308.0
5.0055,-7.0,306.0
5.0106,34.0,306.0
5.0165,39.0,306.0
5.0207,125.0,308.0
5.0257,73.0,308.0
5.0306,-259.0,310.0
5.0355,-260.0,312.0
5.0405,244.0,312.0
5.0455,350.0,314.0
5.0506,-166.0,312.0
5.0556,-294.0,316.0
5.0606,181.0,314.0
5.0655,195.0,316.0
5.0706,-305.0,320.0
5.0757,-134.0,322.0
5.0807,426.0,326.0
5.0856,107.0,326.0
5.0905,-441.0,330.0
5.0955,-87.0,328.0
5.1005,317.0,330.0
5.1055,49.0,330.0
5.1106,-72.0,330.0
5.1156,37.0,328.0
5.1205,-210.0,332.0
5.1255,-169.0,330.0
5.1306,395.0,336.0
5.1355,269.0,336.0
5.1406,-402.0,340.0
5.1455,-246.0,342.0
5.1506,295.0,344.0
5.1556,123.0,344.0
5.1608,-190.0,344.0
5.1656,-24.0,344.0
5.1706,137.0,342.0
5.1755,38.0,340.0
5.1806,-123.0,340.0
5.1858,-128.0,340.0
5.1909,86.0,342.0
5.1956,157.0,342.0
5.2005,-3.0,338.0
5.2078,-28.0,338.0
5.2105,-52.0,336.0
5.2156,-159.0,336.0
5.2205,46.0,334.0
5.2257,212.0,336.0
5.2306,-69.0,336.0
5.2355,-100.0,338.0
5.2405,186.0,340.0
5.2456,-12.0,340.0
5.2506,-316.0,344.0
5.2556,7.0,344.0
5.2605,324.0,346.0
5.2655,49.0,346.0
5.2708,-186.0,344.0
5.2757,-31.0,342.0
5.2806,6.0,336.0
5.2856,-60.0,334.0
5.2907,107.0,330.0
5.2956,126.0,328.0
5.3006,-133.0,324.0
5.3057,-110.0,326.0
5.3107,117.0,322.0
5.3156,33.0,320.0
5.3207,-129.0,316.0
5.3256,28.0,312.0
5.3306,196.0,312.0
5.3356,9.0,306.0
5.3406,-265.0,306.0
5.3456,-138.0,302.0
5.3506,262.0,306.0
5.3556,239.0,306.0
5.3606,-185.0,306.0
5.3657,-227.0,308.0
5.3706,92.0,304.0
5.3756,137.0,306.0
5.3806,-24.0,302.0
5.3857,-42.0,300.0
5.3906,-9.0,296.0
5.3958,-22.0,298.0
5.4006,16.0,294.0
5.4056,47.0,294.0
5.4105,-6.0,292.0
5.4158,-25.0,290.0
5.4206,-8.0,286.0
5.4256,-10.0,286.0
5.4306,39.0,284.0
5.4356,-13.0,282.0
5.4406,-118.0,282.0
5.4458,91.0,280.0
5.4506,251.0,282.0
5.4558,-107.0,282.0
5.4606,-363.0,282.0
5.4655,-2.0,280.0
5.4706,347.0,278.0
5.4756,143.0,276.0
5.4807,-185.0,274.0
5.4857,-180.0,272.0
5.4906,-27.0,270.0
5.4955,90.0,268.0
5.5005,154.0,270.0
5.5056,17.0,270.0
5.5108,-139.0,270.0
5.5156,-23.0,268.0
5.5206,60.0,268.0
5.5255,-52.0,266.0
5.5305,-14.0,262.0
5.5357,100.0,264.0
5.5407,2.0,262.0
5.5456,-78.0,262.0
5.5505,6.0,260.0
5.5556,21.0,258.0
5.5606,-1.0,254.0
5.5657,44.0,254.0
5.5706,-3.0,252.0
5.5757,-101.0,252.0
5.5805,-43.0,252.0
5.5856,104.0,252.0
5.5907,127.0,250.0
5.5957,-39.0,248.0
5.6008,-155.0,246.0
5.6056,-27.0,242.0
5.6105,110.0,242.0
5.6156,42.0,240.0
5.6207,-68.0,240.0
5.6256,-26.0,240.0
5.6305,74.0,240.0
5.6355,19.0,240.0
5.6406,-90.0,240.0
5.6457,-30.0,242.0
5.6507,43.0,242.0
5.6555,19.0,242.0
5.6605,68.0,240.0
5.6655,40.0,240.0
5.6706,-157.0,238.0
5.6756,-87.0,236.0
5.6807,172.0,234.0
5.6857,51.0,230.0
5.6906,-155.0,230.0
5.6955,13.0,224.0
5.7005,140.0,224.0
5.7059,-9.0,222.0
5.7108,-106.0,218.0
5.7157,-57.0,218.0
5.7206,39.0,212.0
5.7255,87.0,210.0
5.7307,35.0,204.0
5.7368,-15.0,204.0
5.7405,-65.0,200.0
5.7462,-97.0,200.0
5.7505,41.0,200.0
5.7555,138.0,202.0
5.7605,-28.0,198.0
5.7657,-100.0,198.0
5.7706,51.0,192.0
5.7755,46.0,188.0
5.7805,-69.0,184.0
5.7862,2.0,180.0
5.7905,90.0,176.0
5.7964,-36.0,174.0
5.8006,-174.0,174.0
5.8055,0.0,174.0
5.8105,273.0,176.0
5.8164,103.0,178.0
5.8205,-262.0,180.0
5.8258,-169.0,180.0
5.8306,130.0,180.0
5.8357,121.0,180.0
5.8408,-6.0,180.0
5.8457,4.0,180.0
5.8507,-7.0,180.0
5.8557,-113.0,178.0
5.8606,-65.0,178.0
5.8655,151.0,178.0
5.8705,135.0,178.0
5.8758,-136.0,180.0
5.8808,-150.0,178.0
5.8856,103.0,180.0
5.8907,128.0,178.0
5.8955,-43.0,178.0
5.9007,-102.0,174.0
5.9056,-60.0,174.0
5.9106,63.0,172.0
5.9155,173.0,174.0
5.9205,6.0,174.0
5.9256,-221.0,178.0
5.9306,-81.0,178.0
5.9356,188.0,178.0
5.9405,111.0,178.0
5.9455,-137.0,178.0
5.9505,-92.0,178.0
5.9555,117.0,180.0
5.9607,48.0,178.0
5.9657,-131.0,180.0
5.9706,-4.0,176.0
5.9756,167.0,178.0
5.9805,-7.0,174.0
5.9857,-190.0,176.0
5.9905,-41.0,172.0
5.9958,138.0,170.0
6.0007,125.0,170.0
6.0055,23.0,166.0
6.0106,-141.0,168.0
6.0156,-213.0,168.0
6.0207,30.0,168.0
6.0257,273.0,172.0
6.0307,116.0,174.0
6.0356,-158.0,176.0
6.0406,-172.0,178.0
6.0456,13.0,178.0
6.0506,123.0,180.0
6.0555,6.0,180.0
6.0606,-59.0,180.0
6.0655,74.0,182.0
6.0706,23.0,180.0
6.0757,-124.0,182.0
6.0807,52.0,182.0
6.0858,99.0,182.0
6.0905,-226.0,182.0
6.0957,-93.0,182.0
6.1007,399.0,182.0
6.1055,161.0,184.0
6.1107,-402.0,186.0
6.1155,-207.0,186.0
6.1205,205.0,186.0
6.1255,105.0,186.0
6.1305,20.0,186.0
6.1357,126.0,186.0
6.1417,-75.0,184.0
6.1456,-332.0,190.0
6.1505,-78.0,188.0
6.1555,366.0,194.0
6.1607,304.0,198.0
6.1658,-216.0,200.0
6.1708,-410.0,206.0
6.1755,23.0,206.0
6.1805,321.0,210.0
6.1856,58.0,210.0
6.1907,-130.0,212.0
6.1957,5.0,212.0
6.2006,-15.0,212.0
6.2055,-133.0,214.0
6.2105,50.0,214.0
6.2155,223.0,216.0
6.2207,-18.0,216.0
6.2257,-214.0,218.0
6.2305,-6.0,216.0
6.2355,134.0,216.0
6.2405,-15.0,214.0
6.2457,-94.0,216.0
6.2506,39.0,214.0
6.2557,177.0,216.0
6.2606,-4.0,216.0
6.2655,-340.0,220.0
6.2706,-97.0,220.0
6.2757,447.0,228.0
6.2807,205.0,230.0
6.2856,-390.0,234.0
6.2906,-227.0,238.0
6.2955,214.0,240.0
6.3006,103.0,242.0
6.3055,-96.0,242.0
6.3106,87.0,242.0
6.3157,129.0,242.0
6.3206,-174.0,242.0
6.3255,-206.0,244.0
6.3307,86.0,244.0
6.3355,170.0,246.0
6.3406,41.0,244.0
6.3457,-26.0,244.0
6.3505,-35.0,244.0
6.3555,-64.0,244.0
6.3608,-74.0,244.0
6.3655,20.0,242.0
6.3705,127.0,244.0
6.3755,63.0,244.0
6.3805,-59.0,244.0
6.3855,-76.0,244.0
6.3906,-58.0,244.0
6.3955,12.0,242.0
6.4005,138.0,244.0
6.4055,53.0,244.0
6.4106,-138.0,246.0
6.4159,-26.0,244.0
6.4205,96.0,246.0
6.4255,-101.0,246.0
6.4306,-76.0,246.0
6.4355,213.0,250.0
6.4405,69.0,248.0
6.4457,-210.0,252.0
6.4507,-21.0,248.0
6.4556,133.0,248.0
6.4606,-73.0,244.0
6.4655,-85.0,244.0
6.4705,186.0,244.0
6.4758,119.0,244.0
6.4807,-271.0,248.0
6.4856,-192.0,252.0
6.4906,281.0,256.0
6.4955,202.0,256.0
6.5006,-228.0,260.0
6.5057,-104.0,258.0
6.5106,192.0,260.0
6.5155,-8.0,258.0
6.5206,-184.0,258.0
6.5255,12.0,256.0
6.5306,120.0,256.0
6.5357,84.0,258.0
6.5407,30.0,256.0
6.5455,-138.0,258.0
6.5505,-156.0,258.0
6.5555,77.0,258.0
6.5609,128.0,260.0
6.5655,0.0,256.0
6.5705,31.0,254.0
6.5755,14.0,252.0
6.5805,-175.0,254.0
6.5855,-61.0,252.0
6.5905,202.0,254.0
6.5956,2.0,252.0
6.6006,-151.0,254.0
6.6055,156.0,254.0
6.6105,120.0,256.0
6.6157,-255.0,258.0
6.6209,-124.0,258.0
6.6257,177.0,258.0
6.6306,111.0,260.0
6.6355,30.0,258.0
6.6405,-71.0,258.0
6.6455,-230.0,260.0
6.6507,71.0,260.0
6.6556,321.0,262.0
6.6606,-156.0,264.0
6.6655,-309.0,264.0
6.6709,259.0,266.0
6.6756,253.0,268.0
6.6807,-271.0,268.0
6.6857,-153.0,272.0
6.6905,194.0,272.0
6.6955,6.0,272.0
6.7006,-137.0,274.0
6.7056,92.0,274.0
6.7106,126.0,276.0
6.7156,-42.0,274.0
6.7205,-67.0,274.0
6.7255,-98.0,274.0
6.7307,-63.0,272.0
6.7355,178.0,274.0
6.7407,145.0,270.0
6.7456,-144.0,268.0
6.7505,-86.0,264.0
6.7556,91.0,262.0
6.7605,-52.0,260.0
6.7657,-89.0,260.0
6.7706,156.0,262.0
6.7755,96.0,262.0
6.7804,-201.0,264.0
6.7855,-72.0,260.0
6.7909,207.0,262.0
6.7957,42.0,256.0
6.8006,-160.0,254.0
6.8056,-15.0,250.0
6.8104,50.0,244.0
6.8157,-25.0,244.0
6.8206,69.0,242.0
6.8257,54.0,240.0
6.8307,-116.0,240.0
6.8355,-12.0,240.0
6.8405,59.0,242.0
6.8455,-97.0,242.0
6.8505,40.0,240.0
6.8557,184.0,240.0
6.8611,-89.0,242.0
6.8656,-164.0,240.0
6.8708,76.0,242.0
6.8758,64.0,240.0
6.8805,-59.0,242.0
6.8854,1.0,240.0
6.8905,67.0,240.0
6.8956,55.0,238.0
6.9006,-69.0,240.0
6.9056,-208.0,238.0
6.9105,22.0,236.0
6.9155,315.0,234.0
6.9205,58.0,232.0
6.9255,-272.0,230.0
6.9308,-117.0,228.0
6.9356,120.0,226.0
6.9407,130.0,228.0
6.9456,47.0,226.0
6.9505,-97.0,226.0
6.9555,-191.0,228.0
6.9615,7.0,224.0
6.9656,278.0,226.0
6.9705,111.0,226.0
6.9755,-252.0,228.0
6.9805,-153.0,230.0
6.9855,145.0,232.0
6.9908,43.0,232.0
6.9957,-80.0,232.0
7.0006,133.0,232.0
7.0056,89.0,234.0
7.0106,-215.0,236.0
7.0156,-94.0,236.0
7.0206,152.0,236.0
7.0256,70.0,236.0
7.0306,-17.0,236.0
7.0355,-69.0,238.0
7.0405,-87.0,236.0
7.0456,100.0,238.0
7.0507,113.0,236.0
7.0556,-107.0,238.0
7.0605,-54.0,238.0
7.0654,46.0,236.0
7.0705,-78.0,236.0
7.0758,39.0,234.0
7.0805,233.0,236.0
7.0855,-60.0,234.0
7.0905,-293.0,238.0
7.0956,19.0,236.0
7.1008,199.0,238.0
7.1058,-9.0,238.0
7.1106,-40.0,234.0
7.1155,79.0,234.0
7.1205,-47.0,230.0
7.1255,-160.0,230.0
7.1309,35.0,226.0
7.1358,163.0,226.0
7.1407,4.0,222.0
7.1455,-78.0,222.0
7.1505,-3.0,220.0
7.1555,-10.0,220.0
7.1608,-42.0,216.0
7.1655,14.0,216.0
7.1705,79.0,216.0
7.1755,78.0,216.0
7.1805,-26.0,216.0
7.1856,-188.0,216.0
7.1906,-126.0,216.0
7.1955,209.0,218.0
7.2006,265.0,220.0
7.2089,-102.0,222.0
7.2105,-279.0,226.0
7.2157,-44.0,226.0
7.2207,191.0,226.0
7.2258,98.0,228.0
7.2306,-151.0,226.0
7.2355,-43.0,228.0
7.2405,270.0,230.0
7.2455,11.0,226.0
7.2505,-453.0,232.0
7.2557,-97.0,230.0
7.2606,493.0,236.0
7.2656,211.0,236.0
7.2706,-332.0,240.0
7.2758,-189.0,242.0
7.2807,126.0,242.0
7.2856,2.0,240.0
7.2905,-42.0,238.0
7.2955,205.0,236.0
7.3006,86.0,236.0
7.3056,-285.0,236.0
7.3107,-140.0,234.0
7.3155,225.0,234.0
7.3205,116.0,230.0
7.3255,-119.0,230.0
7.3305,-26.0,228.0
7.3356,47.0,228.0
7.3407,-55.0,226.0
7.3455,-9.0,226.0
7.3505,91.0,224.0
7.3556,-8.0,224.0
7.3605,-100.0,224.0
7.3656,-5.0,224.0
7.3706,91.0,224.0
7.3756,41.0,222.0
7.3805,-72.0,220.0
7.3855,-53.0,220.0
7.3908,92.0,220.0
7.3957,26.0,218.0
7.4006,-179.0,220.0
7.4055,-11.0,220.0
7.4105,258.0,220.0
7.4158,64.0,220.0
7.4207,-209.0,220.0
7.4256,-137.0,222.0
7.4305,28.0,218.0
7.4355,112.0,220.0
7.4406,132.0,220.0
7.4456,30.0,220.0
7.4507,-134.0,220.0
7.4558,-158.0,222.0
7.4605,16.0,222.0
7.4655,147.0,224.0
7.4705,74.0,222.0
7.4757,-7.0,222.0
7.4806,-63.0,222.0
7.4857,-172.0,224.0
7.4906,-22.0,224.0
7.4955,300.0,226.0
7.5005,133.0,226.0
7.5056,-292.0,228.0
7.5105,-217.0,230.0
7.5157,157.0,232.0
7.5205,211.0,234.0
7.5255,-30.0,234.0
7.5306,-118.0,236.0
7.5356,21.0,234.0
7.5406,41.0,234.0
7.5456,-83.0,232.0
7.5505,-35.0,232.0
7.5554,95.0,230.0
7.5604,21.0,228.0
7.5655,-42.0,226.0
7.5706,71.0,224.0
7.5755,-10.0,222.0
7.5805,-171.0,224.0
7.5855,66.0,224.0
7.5908,185.0,224.0
7.5958,-173.0,224.0
7.6006,-143.0,226.0
7.6055,287.0,226.0
7.6105,119.0,228.0
7.6156,-318.0,228.0
7.6205,-120.0,228.0
7.6256,260.0,230.0
7.6306,122.0,230.0
7.6356,-181.0,232.0
7.6405,-140.0,232.0
7.6455,130.0,232.0
7.6505,186.0,232.0
7.6556,-83.0,232.0
7.6606,-204.0,234.0
7.6655,18.0,232.0
7.6705,131.0,234.0
7.6757,34.0,234.0
7.6806,-7.0,232.0
7.6855,-47.0,232.0
7.6905,-52.0,230.0
7.6955,53.0,230.0
7.7005,13.0,230.0
7.7057,-90.0,230.0
7.7107,40.0,230.0
7.7156,118.0,230.0
7.7205,-5.0,226.0
7.7255,-51.0,226.0
7.7306,-108.0,224.0
7.7357,-108.0,226.0
7.7405,196.0,226.0
7.7455,251.0,228.0
7.7505,-211.0,232.0
7.7555,-290.0,234.0
7.7605,199.0,238.0
7.7658,244.0,238.0
7.7706,-196.0,242.0
7.7755,-169.0,242.0
7.7811,169.0,244.0
7.7855,96.0,244.0
7.7908,-83.0,246.0
7.7957,-51.0,246.0
7.8006,-55.0,246.0
7.8055,47.0,246.0
7.8105,212.0,248.0
7.8155,-59.0,248.0
7.8206,-342.0,254.0
7.8257,36.0,250.0
7.8306,398.0,256.0
7.8355,60.0,252.0
7.8406,-359.0,254.0
7.8455,-207.0,256.0
7.8506,242.0,256.0
7.8556,309.0,260.0
7.8605,-93.0,258.0
7.8655,-279.0,260.0
7.8705,-14.0,258.0
7.8756,152.0,260.0
7.8806,21.0,256.0
7.8855,-58.0,258.0
7.8904,36.0,250.0
7.8963,51.0,250.0
7.9005,-53.0,244.0
7.9056,-54.0,240.0
7.9106,6.0,236.0
7.9156,13.0,232.0
7.9205,22.0,232.0
7.9255,10.0,232.0
7.9306,-14.0,230.0
7.9355,31.0,228.0
7.9406,39.0,228.0
7.9455,-65.0,224.0
7.9505,-110.0,224.0
7.9555,13.0,220.0
7.9606,149.0,220.0
7.9657,81.0,220.0
7.9708,-133.0,222.0
7.9755,-127.0,224.0
7.9805,124.0,224.0
7.9857,117.0,226.0
7.9915,-143.0,226.0
7.9955,-89.0,228.0
8.0005,145.0,228.0
8.0055,43.0,230.0
8.0105,-116.0,230.0
8.0155,26.0,230.0
8.0205,71.0,230.0
8.0257,-72.0,230.0
8.0306,-17.0,228.0
8.0355,73.0,230.0
8.0405,-17.0,226.0
8.0458,-54.0,228.0
8.0507,-34.0,224.0
8.0557,26.0,224.0
8.0606,179.0,222.0
8.0656,16.0,220.0
8.0706,-295.0,226.0
8.0758,-26.0,224.0
8.0806,270.0,226.0
8.0856,-58.0,226.0
8.0905,-153.0,226.0
8.0955,203.0,228.0
8.1005,82.0,228.0
8.1056,-276.0,230.0
8.1105,-105.0,230.0
8.1156,180.0,234.0
8.1205,132.0,234.0
8.1255,22.0,232.0
8.1306,-61.0,232.0
8.1355,-162.0,230.0
8.1405,-91.0,230.0
8.1455,147.0,228.0
8.1505,220.0,228.0
8.1554,-44.0,226.0
8.1607,-245.0,226.0
8.1656,-14.0,226.0
8.1705,208.0,228.0
8.1756,-16.0,228.0
8.1805,-198.0,230.0
8.1854,61.0,230.0
8.1905,219.0,232.0
8.1956,-59.0,232.0
8.2007,-193.0,234.0
8.2054,28.0,234.0
8.2104,97.0,236.0
8.2155,1.0,234.0
8.2206,1.0,232.0
8.2255,-33.0,232.0
8.2305,-54.0,230.0
8.2355,76.0,228.0
8.2405,62.0,226.0
8.2456,-112.0,224.0
8.2505,-36.0,222.0
8.2555,120.0,220.0
8.2604,-6.0,218.0
8.2655,-108.0,216.0
8.2705,52.0,214.0
8.2756,109.0,214.0
8.2805,-88.0,212.0
8.2855,-129.0,212.0
8.2905,103.0,212.0
8.2955,151.0,212.0
8.3005,-94.0,210.0
8.3058,-152.0,212.0
8.3105,75.0,212.0
8.3155,118.0,214.0
8.3204,-81.0,214.0
8.3255,-72.0,214.0
8.3307,122.0,216.0
8.3355,59.0,216.0
8.3405,-156.0,218.0
8.3455,-81.0,218.0
8.3505,136.0,220.0
8.3555,103.0,220.0
8.3608,-50.0,220.0
8.3657,-82.0,220.0
8.3705,-46.0,220.0
8.3755,9.0,218.0
8.3805,64.0,216.0
8.3854,69.0,212.0
8.3906,7.0,210.0
8.3955,-107.0,206.0
8.4005,-71.0,204.0
8.4054,125.0,204.0
8.4105,60.0,200.0
8.4156,-157.0,200.0
8.4206,-9.0,198.0
8.4255,168.0,200.0
8.4305,-40.0,198.0
8.4355,-130.0,200.0
8.4405,75.0,200.0
8.4454,67.0,200.0
8.4506,-72.0,198.0
8.4555,4.0,198.0
8.4605,41.0,192.0
8.4655,-97.0,194.0
8.4705,-39.0,188.0
8.4757,174.0,190.0
8.4806,97.0,186.0
8.4856,-164.0,186.0
8.4905,-154.0,184.0
8.4954,57.0,180.0
8.5008,112.0,180.0
8.5064,74.0,176.0
8.5104,32.0,178.0
8.5162,-144.0,178.0
8.521,-162.0,180.0
8.5257,141.0,180.0
8.5312,173.0,182.0
8.536,-119.0,184.0
8.5412,-59.0,184.0
8.5455,139.0,186.0
8.5505,-121.0,188.0
8.5557,-221.0,190.0
8.5611,282.0,194.0
8.566,323.0,200.0
8.5704,-329.0,204.0
8.5763,-352.0,210.0
8.5807,242.0,212.0
8.5856,239.0,216.0
8.5914,-107.0,216.0
8.596,-26.0,216.0
8.6007,13.0,214.0
8.6056,-166.0,214.0
8.6108,23.0,212.0
8.6157,241.0,214.0
8.6212,-41.0,214.0
8.6257,-186.0,214.0
8.6308,79.0,214.0
8.6357,74.0,214.0
8.6406,-130.0,212.0
8.6462,14.0,212.0
8.6504,137.0,212.0
8.6555,-76.0,214.0
8.6604,-81.0,214.0
8.6657,142.0,214.0
8.6704,20.0,214.0
8.6764,-214.0,216.0
8.6805,-10.0,216.0
8.6855,246.0,220.0
8.6904,38.0,220.0
8.6954,-201.0,222.0
8.7016,-50.0,220.0
8.7073,101.0,222.0
8.7105,20.0,218.0
8.716,-16.0,218.0
8.7209,31.0,214.0
8.7258,-6.0,212.0
8.7307,-59.0,212.0
8.7362,5.0,208.0
8.741,52.0,208.0
8.746,-60.0,204.0
8.7506,-78.0,204.0
8.7556,159.0,204.0
8.7605,174.0,204.0
8.766,-183.0,206.0
8.7705,-259.0,210.0
8.7754,92.0,208.0
8.7807,248.0,212.0
8.7857,27.0,210.0
8.7916,-149.0,208.0
8.796,-117.0,210.0
8.8007,-6.0,206.0
8.8058,179.0,208.0
8.8104,175.0,208.0
8.8157,-208.0,210.0
8.8213,-263.0,212.0
8.8259,216.0,214.0
8.8309,224.0,214.0
8.8364,-220.0,216.0
8.8407,-147.0,216.0
8.8461,201.0,218.0
8.8505,137.0,220.0
8.856,-147.0,222.0
8.8608,-205.0,226.0
8.8657,88.0,226.0
8.8705,313.0,230.0
8.8761,-32.0,230.0
8.8805,-394.0,234.0
8.8857,-32.0,234.0
8.8906,367.0,238.0
8.8966,64.0,238.0
8.9007,-237.0,242.0
8.907,-5.0,240.0
8.9105,123.0,240.0
8.9162,-90.0,240.0
8.9206,-94.0,240.0
8.9255,102.0,240.0
8.9309,90.0,240.0
8.9361,-18.0,238.0
8.9412,-44.0,236.0
8.9462,-54.0,236.0
8.9507,-9.0,234.0
8.9555,45.0,234.0
8.9605,4.0,232.0
8.966,12.0,232.0
8.9705,50.0,230.0
8.9755,-60.0,230.0
8.9806,-80.0,228.0
8.9854,87.0,228.0
8.9911,38.0,228.0
8.996,-112.0,228.0
9.001,60.0,228.0
9.006,135.0,228.0
9.0105,-173.0,230.0
9.0158,-128.0,232.0
9.0213,249.0,236.0
9.0262,61.0,236.0
9.0306,-254.0,238.0
9.0358,55.0,238.0
9.0407,221.0,240.0
9.0461,-154.0,240.0
9.0512,-213.0,244.0
9.0559,171.0,244.0
9.0609,240.0,248.0
9.0657,-103.0,246.0
9.0706,-259.0,250.0
9.0755,-8.0,248.0
9.0815,227.0,250.0
9.0859,107.0,250.0
9.0907,-125.0,252.0
9.0957,-137.0,254.0
9.1008,-3.0,252.0
9.1061,87.0,252.0
9.1104,87.0,254.0
9.116,-33.0,252.0
9.1207,-114.0,252.0
9.1258,30.0,250.0
9.1308,130.0,250.0
9.1358,-42.0,248.0
9.1411,-146.0,250.0
9.1462,31.0,248.0
9.1507,128.0,250.0
9.1557,-31.0,248.0
9.161,-82.0,248.0
9.1662,65.0,246.0
9.1704,48.0,244.0
9.1756,-66.0,244.0
9.1804,-11.0,242.0
9.1858,-15.0,240.0
9.1906,-80.0,240.0
9.1959,99.0,238.0
9.2012,188.0,236.0
9.2061,-49.0,232.0
9.2108,-164.0,230.0
9.2154,-125.0,226.0
9.2214,-71.0,224.0
9.2259,264.0,224.0
9.2306,387.0,228.0
9.2359,-267.0,232.0
9.2407,-558.0,240.0
9.2458,209.0,242.0
9.2511,506.0,248.0
9.256,-182.0,248.0
9.2607,-351.0,252.0
9.2657,143.0,252.0
9.2707,209.0,254.0
9.2763,-14.0,254.0
9.2804,-60.0,252.0
9.2855,-138.0,254.0
9.2906,-133.0,254.0
9.2958,170.0,256.0
9.3007,295.0,258.0
9.3061,-63.0,258.0
9.3104,-336.0,262.0
9.3166,-53.0,260.0
9.3207,273.0,264.0
9.3256,94.0,262.0
9.3312,-176.0,264.0
9.3363,-67.0,262.0
9.341,115.0,262.0
9.3467,10.0,262.0
9.3508,-124.0,262.0
9.3558,30.0,264.0
9.3609,161.0,266.0
9.3665,-47.0,266.0
9.3704,-159.0,268.0
9.3758,64.0,268.0
9.3807,116.0,270.0
9.3855,-83.0,270.0
9.391,-52.0,270.0
9.396,104.0,268.0
9.4013,-32.0,266.0
9.4057,-134.0,266.0
9.4106,109.0,264.0
9.4157,145.0,264.0
9.4211,-133.0,262.0
9.4259,-104.0,264.0
9.4304,84.0,262.0
9.4356,38.0,262.0
9.4407,36.0,262.0
9.4461,34.0,260.0
9.4505,-177.0,260.0
9.456,-100.0,258.0
9.4607,218.0,256.0
9.4654,72.0,254.0
9.4705,-108.0,252.0
9.4766,114.0,252.0
9.4805,-52.0,250.0
9.4855,-372.0,252.0
9.4905,118.0,252.0
9.4957,540.0,258.0
9.5011,-42.0,256.0
9.5065,-513.0,262.0
9.5104,-68.0,258.0
9.5155,316.0,262.0
9.5208,59.0,258.0
9.5255,-79.0,258.0
9.5304,91.0,254.0
9.5356,-75.0,254.0
9.5405,-262.0,254.0
9.5455,107.0,256.0
9.5505,330.0,260.0
9.5555,-37.0,258.0
9.5606,-269.0,262.0
9.5655,-70.0,260.0
9.5705,143.0,262.0
9.5755,123.0,264.0
9.5805,-64.0,264.0
9.5855,-83.0,264.0
9.5905,80.0,266.0
9.5956,-13.0,264.0
9.6006,-115.0,266.0
9.6055,133.0,268.0
9.6105,94.0,270.0
9.6154,-252.0,272.0
9.6204,-9.0,270.0
9.6254,342.0,274.0
9.6305,-110.0,276.0
9.6355,-395.0,280.0
9.6405,208.0,282.0
9.6456,390.0,286.0
9.6506,-223.0,288.0
9.6555,-293.0,290.0
9.6604,180.0,290.0
9.6655,138.0,290.0
9.6705,-137.0,288.0
9.6755,-11.0,288.0
9.6806,78.0,286.0
9.6855,-48.0,284.0
9.6905,25.0,280.0
9.6959,47.0,278.0
9.7005,-135.0,278.0
9.7057,-10.0,276.0
9.7105,192.0,274.0
9.7154,-17.0,274.0
9.7204,-164.0,274.0
9.7255,34.0,272.0
9.7306,82.0,272.0
9.7356,-75.0,272.0
9.7407,-58.0,272.0
9.7455,90.0,272.0
9.7506,118.0,272.0
9.7557,3.0,272.0
9.7606,-129.0,272.0
9.7657,-163.0,274.0
9.7705,12.0,272.0
9.7755,265.0,276.0
9.7807,134.0,276.0
9.7855,-252.0,280.0
9.7907,-182.0,280.0
9.7955,166.0,282.0
9.8005,120.0,282.0
9.8055,-94.0,284.0
9.8106,-23.0,282.0
9.8154,70.0,282.0
9.8205,-68.0,284.0
9.8255,-78.0,284.0
9.8304,166.0,286.0
9.8355,117.0,286.0
9.8406,-252.0,288.0
9.8454,-162.0,290.0
9.8506,275.0,290.0
9.8555,139.0,292.0
9.8605,-231.0,294.0
9.8654,-26.0,290.0
9.8704,159.0,286.0
9.8758,-106.0,284.0
9.8805,-84.0,276.0
9.8857,183.0,276.0
9.8904,8.0,268.0
9.8955,-177.0,268.0
9.9005,49.0,264.0
9.9056,94.0,262.0
9.9105,-79.0,260.0
9.9156,47.0,262.0
9.9204,107.0,262.0
9.9255,-181.0,262.0
9.9309,-159.0,264.0
9.9355,217.0,264.0
9.9405,210.0,262.0
9.9456,-152.0,264.0
9.9506,-219.0,262.0
9.9554,84.0,262.0
9.9607,175.0,260.0
9.9657,-115.0,262.0
9.9705,-118.0,260.0
9.9756,259.0,264.0
9.9805,108.0,264.0
9.9856,-416.0,270.0
9.9908,-124.0,270.0
9.9956,470.0,276.0
10.0006,85.0,276.0
10.0056,-415.0,282.0
10.0105,-8.0,278.0
10.0156,304.0,282.0
10.0205,0.0,280.0
10.0257,-122.0,282.0
10.0305,-64.0,282.0
10.0355,-136.0,282.0
10.0404,85.0,282.0
10.0454,335.0,286.0
10.0504,-41.0,284.0
10.0558,-333.0,288.0
10.0604,50.0,286.0
10.0654,191.0,288.0
10.0705,-188.0,290.0
10.0756,-93.0,290.0
10.0807,321.0,294.0
10.0854,110.0,296.0
10.0905,-255.0,298.0
10.0954,-114.0,298.0
10.1005,25.0,294.0
10.1055,-27.0,294.0
10.1105,133.0,294.0
10.1155,238.0,296.0
10.1205,-102.0,296.0
10.1255,-328.0,296.0
10.1308,-34.0,294.0
10.1354,244.0,290.0
10.1404,176.0,292.0
10.1454,-63.0,286.0
10.1507,-283.0,288.0
10.1557,-140.0,286.0
10.1607,289.0,290.0
10.1656,295.0,292.0
10.1705,-161.0,294.0
10.1755,-331.0,298.0
10.1805,10.0,294.0
10.1855,278.0,296.0
10.1905,13.0,292.0
10.1955,-255.0,296.0
10.2004,78.0,292.0
10.2062,299.0,296.0
10.2107,-136.0,296.0
10.2155,-306.0,298.0
10.2205,70.0,298.0
10.2257,173.0,300.0
10.2305,33.0,300.0
10.2354,52.0,300.0
10.2404,-53.0,298.0
10.2455,-226.0,300.0
10.2505,1.0,298.0
10.2557,264.0,300.0
10.2604,21.0,300.0
10.2655,-185.0,296.0
10.2705,23.0,296.0
10.2757,45.0,290.0
10.2805,-105.0,288.0
10.2854,70.0,284.0
10.2905,195.0,282.0
10.2955,-71.0,280.0
10.3005,-261.0,280.0
10.3057,-41.0,280.0
10.3108,278.0,282.0
10.3155,165.0,284.0
10.3204,-259.0,286.0
10.3256,-205.0,290.0
10.3305,275.0,292.0
10.3356,178.0,296.0
10.3411,-386.0,298.0
10.3457,-185.0,302.0
10.3507,500.0,306.0
10.3555,251.0,310.0
10.3606,-458.0,314.0
10.3656,-246.0,318.0
10.3705,286.0,322.0
10.3756,91.0,322.0
10.3807,-183.0,324.0
10.3856,102.0,324.0
10.3908,222.0,326.0
10.3955,-205.0,328.0
10.4006,-276.0,330.0
10.4055,207.0,332.0
10.4105,230.0,334.0
10.4155,-154.0,334.0
10.4206,-112.0,332.0
10.4256,77.0,330.0
10.4305,15.0,328.0
10.4354,0.0,324.0
10.4404,35.0,324.0
10.4454,-40.0,322.0
10.4504,-67.0,324.0
10.4555,11.0,322.0
10.4605,76.0,322.0
10.4654,53.0,322.0
10.4704,-27.0,320.0
10.4756,-69.0,320.0
10.4805,-73.0,316.0
10.4854,-3.0,314.0
10.4905,163.0,312.0
10.4954,94.0,312.0
10.5007,-196.0,310.0
10.5058,-107.0,312.0
10.5107,176.0,312.0
10.5156,38.0,312.0
10.5207,-153.0,312.0
10.5254,42.0,310.0
10.5305,191.0,314.0
10.5355,-89.0,312.0
10.5405,-300.0,316.0
10.5454,81.0,316.0
10.5507,402.0,320.0
10.5556,-30.0,320.0
10.5605,-412.0,326.0
10.5656,7.0,322.0
10.5705,351.0,326.0
10.5755,-64.0,322.0
10.5804,-308.0,324.0
10.5855,136.0,324.0
10.5906,277.0,326.0
10.5956,-130.0,326.0
10.6007,-170.0,326.0
10.6054,57.0,324.0
10.6105,-27.0,324.0
10.6156,-16.0,320.0
10.6205,185.0,320.0
10.6254,51.0,316.0
10.6305,-167.0,316.0
10.6356,-89.0,310.0
10.6404,23.0,308.0
10.6457,52.0,304.0
10.6505,61.0,304.0
10.6555,11.0,300.0
10.6604,-4.0,300.0
10.6654,1.0,298.0
10.6705,-97.0,298.0
10.6756,-83.0,298.0
10.6806,148.0,298.0
10.6855,127.0,296.0
10.6905,-184.0,298.0
10.6954,-94.0,294.0
10.7004,273.0,298.0
10.7054,69.0,296.0
10.7106,-352.0,298.0
10.7156,-105.0,298.0
10.7205,315.0,298.0
10.7255,144.0,298.0
10.7305,-193.0,298.0
10.7356,-113.0,298.0
10.7408,103.0,298.0
10.7456,4.0,298.0
10.7507,-105.0,298.0
10.7555,112.0,296.0
10.7607,171.0,296.0
10.7657,-136.0,294.0
10.7704,-224.0,296.0
10.7755,39.0,294.0
10.7807,189.0,294.0
10.7854,90.0,294.0
10.7907,-75.0,290.0
10.7954,-152.0,292.0
10.8006,-13.0,286.0
10.8054,139.0,284.0
10.8104,-6.0,282.0
10.8154,-126.0,278.0
10.8204,99.0,280.0
10.8256,160.0,278.0
10.8305,-148.0,280.0
10.8355,-205.0,280.0
10.8406,81.0,280.0
10.8456,209.0,278.0
10.8505,72.0,278.0
10.8555,-169.0,276.0
10.8604,-208.0,278.0
10.8654,134.0,276.0
10.8706,216.0,280.0
10.8759,-165.0,282.0
10.8807,-93.0,282.0
10.8856,251.0,282.0
10.8904,-57.0,284.0
10.8954,-274.0,284.0
10.9005,151.0,286.0
10.9054,139.0,284.0
10.9105,-179.0,288.0
10.9156,108.0,288.0
10.9204,179.0,290.0
10.9254,-334.0,294.0
10.9305,-194.0,294.0
10.9356,425.0,298.0
10.9405,222.0,298.0
10.9456,-340.0,302.0
10.9506,-198.0,302.0
10.9565,152.0,302.0
10.9605,81.0,298.0
10.9655,-19.0,296.0
10.9705,58.0,292.0
10.9754,5.0,290.0
10.9805,-106.0,286.0
10.9856,0.0,282.0
10.9906,56.0,276.0
10.9956,-122.0,274.0
11.0007,-16.0,266.0
11.0058,316.0,268.0
11.0105,30.0,264.0
11.0157,-427.0,268.0
11.0204,-16.0,266.0
11.0256,414.0,272.0
11.0305,-51.0,268.0
11.0355,-343.0,270.0
11.0404,91.0,268.0
11.0454,224.0,268.0
11.0504,-73.0,266.0
11.0556,-45.0,264.0
11.0604,61.0,264.0
11.0655,-121.0,264.0
11.0708,-100.0,266.0
11.0759,180.0,268.0
11.0805,180.0,270.0
11.0855,-104.0,272.0
11.0904,-240.0,274.0
11.0954,-47.0,274.0
11.1006,210.0,276.0
11.1056,167.0,278.0
11.1105,-108.0,280.0
11.1156,-182.0,282.0
11.1206,56.0,282.0
11.1254,101.0,282.0
11.1305,-141.0,282.0
11.1356,-11.0,282.0
11.1405,298.0,282.0
11.1455,0.0,280.0
11.1504,-368.0,284.0
11.1554,-53.0,284.0
11.1604,307.0,286.0
11.1655,76.0,288.0
11.1705,-217.0,288.0
11.1755,-30.0,286.0
11.1805,160.0,284.0
11.1855,-50.0,284.0
11.1906,-93.0,280.0
11.1955,134.0,280.0
11.2006,9.0,274.0
11.2054,-200.0,278.0
11.2105,43.0,272.0
11.2154,210.0,274.0
11.2204,-55.0,270.0
11.2257,-144.0,272.0
11.2304,58.0,268.0
11.2355,47.0,266.0
11.2405,-56.0,264.0
11.2454,30.0,264.0
11.2506,23.0,264.0
11.2556,-122.0,266.0
11.2607,5.0,262.0
11.2655,267.0,266.0
11.2704,52.0,264.0
11.2759,-375.0,268.0
11.2805,-188.0,272.0
11.2857,352.0,276.0
11.2905,278.0,280.0
11.2954,-231.0,284.0
11.3004,-237.0,286.0
11.3054,110.0,288.0
11.3104,92.0,288.0
11.3156,-47.0,288.0
11.3205,74.0,286.0
11.3254,58.0,286.0
11.3308,-189.0,286.0
11.3355,-107.0,286.0
11.3405,209.0,284.0
11.3455,108.0,286.0
11.3507,-169.0,282.0
11.3555,-12.0,282.0
11.3607,166.0,278.0
11.3658,-119.0,278.0
11.3705,-255.0,280.0
11.3754,171.0,280.0
11.3804,358.0,284.0
11.3856,-126.0,286.0
11.3908,-342.0,290.0
11.3956,101.0,290.0
11.4006,187.0,290.0
11.4054,-180.0,290.0
11.4106,0.0,288.0
11.4154,280.0,290.0
11.4207,-115.0,290.0
11.4255,-288.0,292.0
11.4305,126.0,294.0
11.4354,199.0,294.0
11.4406,-68.0,296.0
11.4455,-80.0,294.0
11.4506,17.0,294.0
11.4554,19.0,292.0
11.4604,9.0,292.0
11.4655,-75.0,290.0
11.4704,-72.0,288.0
11.4758,174.0,288.0
11.4804,170.0,290.0
11.4857,-196.0,290.0
11.4904,-216.0,292.0
11.4954,142.0,292.0
11.5005,188.0,292.0
11.5054,-95.0,290.0
11.5105,-171.0,290.0
11.5156,74.0,288.0
11.5206,243.0,290.0
11.5256,-19.0,288.0
11.5304,-390.0,292.0
11.5355,-127.0,290.0
11.5404,499.0,296.0
11.5454,309.0,298.0
11.5508,-478.0,302.0
11.5555,-382.0,308.0
11.5605,363.0,310.0
11.5657,288.0,310.0
11.5705,-267.0,310.0
11.5756,-126.0,306.0
11.5805,264.0,306.0
11.5856,68.0,302.0
11.5908,-317.0,304.0
11.5957,-178.0,304.0
11.6006,298.0,308.0
11.6054,303.0,312.0
11.6106,-153.0,314.0
11.6156,-234.0,318.0
11.6206,18.0,316.0
11.6256,-13.0,316.0
11.6304,-54.0,316.0
11.6355,203.0,318.0
11.6405,209.0,320.0
11.6461,-184.0,318.0
11.6505,-275.0,322.0
11.6555,52.0,316.0
11.6604,143.0,318.0
11.6654,6.0,312.0
11.6706,74.0,312.0
11.6758,59.0,308.0
11.6805,-200.0,310.0
11.6856,-158.0,308.0
11.6905,186.0,310.0
11.6955,192.0,312.0
11.7006,-107.0,314.0
11.7059,-133.0,314.0
11.7105,50.0,312.0
11.7155,0.0,310.0
11.7204,-58.0,308.0
11.7255,149.0,308.0
11.7306,113.0,306.0
11.7355,-212.0,310.0
11.7405,-134.0,308.0
11.7456,149.0,308.0
11.7508,59.0,306.0
11.7554,-39.0,304.0
11.7604,58.0,304.0
11.7654,-6.0,304.0
11.7704,-92.0,302.0
11.7755,-37.0,302.0
11.7805,-10.0,298.0
11.7854,86.0,300.0
11.7908,168.0,296.0
11.7954,-47.0,296.0
11.8004,-240.0,296.0
11.8054,-64.0,296.0
11.8105,176.0,294.0
11.8156,146.0,296.0
11.8206,-96.0,296.0
11.8257,-155.0,298.0
11.8305,142.0,298.0
11.8354,164.0,298.0
11.8404,-260.0,302.0
11.8456,-202.0,302.0
11.8507,279.0,306.0
11.8555,169.0,306.0
11.8605,-168.0,308.0
11.8655,-32.0,306.0
11.8704,63.0,306.0
11.8757,-86.0,306.0
11.8807,-41.0,306.0
11.8857,110.0,308.0
11.8904,74.0,308.0
11.8954,-91.0,308.0
11.9006,-149.0,310.0
11.9054,42.0,306.0
11.9106,229.0,308.0
11.9157,70.0,304.0
11.9204,-215.0,304.0
11.9255,-176.0,302.0
11.9306,90.0,298.0
11.9355,172.0,298.0
11.9404,12.0,294.0
11.9456,-84.0,294.0
11.9504,0.0,292.0
11.9554,7.0,292.0
11.9605,-66.0,292.0
11.9655,32.0,292.0
11.9704,87.0,290.0
11.9755,-50.0,288.0
11.9815,-69.0,286.0
11.9855,26.0,286.0
11.9906,58.0,284.0
11.9954,31.0,284.0
12.0004,-54.0,282.0
12.0054,-58.0,282.0
12.0105,43.0,278.0
12.0155,22.0,276.0
12.0206,-36.0,270.0
12.0256,23.0,270.0
12.0304,26.0,264.0
12.0355,-37.0,264.0
12.0404,28.0,260.0
12.0454,49.0,258.0
12.0507,-129.0,260.0
12.0556,-92.0,258.0
12.0605,192.0,258.0
12.0655,120.0,256.0
12.0705,-152.0,256.0
12.0756,-66.0,254.0
12.0805,69.0,254.0
12.0855,-40.0,254.0
12.0905,-10.0,254.0
12.0954,106.0,256.0
12.1006,-55.0,256.0
12.1056,-112.0,256.0
12.1105,140.0,258.0
12.1157,128.0,256.0
12.1205,-136.0,256.0
12.1255,-167.0,256.0
12.1306,-25.0,252.0
12.1356,135.0,252.0
12.1406,261.0,254.0
12.1456,36.0,252.0
12.1507,-404.0,256.0
12.1555,-251.0,260.0
12.1605,353.0,262.0
12.1655,311.0,266.0
12.1705,-181.0,262.0
12.1755,-133.0,262.0
12.1804,72.0,256.0
12.1864,-159.0,254.0
12.1907,-108.0,248.0
12.1956,368.0,248.0
12.2006,204.0,244.0
12.2055,-389.0,246.0
12.2106,-221.0,246.0
12.2154,275.0,248.0
12.2205,94.0,246.0
12.2257,-175.0,248.0
12.2305,109.0,244.0
12.2355,177.0,244.0
12.2404,-245.0,244.0
12.2454,-239.0,242.0
12.2504,229.0,244.0
12.2555,257.0,244.0
12.2605,-102.0,244.0
12.2655,-189.0,248.0
12.2705,-14.0,248.0
12.2757,109.0,246.0
12.2804,37.0,242.0
12.2855,-101.0,242.0
12.2904,4.0,238.0
12.2955,143.0,238.0
12.3006,-25.0,236.0
12.3054,-148.0,240.0
12.3104,14.0,238.0
12.3165,71.0,238.0
12.3205,-26.0,236.0
12.3254,24.0,234.0
12.3306,72.0,232.0
12.3355,-52.0,230.0
12.3404,-82.0,230.0
12.3454,20.0,228.0
12.3504,5.0,226.0
12.3554,-10.0,226.0
12.3606,109.0,228.0
12.3655,35.0,226.0
12.3705,-173.0,226.0
12.3755,-33.0,224.0
12.3804,147.0,224.0
12.3854,-26.0,222.0
12.3909,-45.0,222.0
12.3956,132.0,224.0
12.4004,-72.0,224.0
12.4055,-268.0,228.0
12.4105,128.0,228.0
12.4158,389.0,234.0
12.4204,-88.0,236.0
12.4255,-407.0,240.0
12.4304,12.0,238.0
12.4354,265.0,242.0
12.4404,6.0,238.0
12.4457,-35.0,238.0
12.4505,54.0,236.0
12.4554,-145.0,236.0
12.4604,-117.0,236.0
12.4655,239.0,236.0
12.4705,112.0,236.0
12.4756,-275.0,238.0
12.4805,-44.0,234.0
12.4855,254.0,236.0
12.4904,-65.0,232.0
12.4954,-177.0,232.0
12.5004,210.0,232.0
12.5054,88.0,234.0
12.5107,-349.0,238.0
12.5157,-44.0,238.0
12.5204,408.0,244.0
12.5254,58.0,242.0
12.5306,-325.0,246.0
12.5354,-60.0,246.0
12.5404,127.0,246.0
12.5454,-48.0,246.0
12.5506,45.0,242.0
12.5554,255.0,246.0
12.5606,-44.0,244.0
12.5655,-412.0,246.0
12.5705,-106.0,248.0
12.5756,390.0,250.0
12.5807,225.0,254.0
12.5856,-209.0,256.0
12.5906,-160.0,258.0
12.5954,15.0,258.0
12.6007,-58.0,258.0
12.6055,39.0,258.0
12.6105,250.0,260.0
12.6155,46.0,260.0
12.6205,-251.0,264.0
12.6255,-109.0,264.0
12.6304,99.0,266.0
12.6354,34.0,266.0
12.6404,27.0,266.0
12.6454,87.0,266.0
12.6504,-53.0,266.0
12.6554,-135.0,268.0
12.6604,47.0,268.0
12.6654,123.0,270.0
12.6707,-60.0,270.0
12.6755,-89.0,270.0
12.6805,91.0,272.0
12.6855,24.0,272.0
12.6904,-156.0,272.0
12.6959,53.0,272.0
12.7005,279.0,272.0
12.7057,-87.0,272.0
12.7104,-422.0,276.0
12.7155,40.0,276.0
12.7204,474.0,282.0
12.7254,57.0,282.0
12.7307,-354.0,288.0
12.7357,-116.0,288.0
12.7405,131.0,290.0
12.7454,108.0,288.0
12.7504,56.0,288.0
12.7561,-93.0,288.0
12.7605,-168.0,288.0
12.7654,91.0,286.0
12.7705,222.0,290.0
12.7764,-59.0,288.0
12.7805,-211.0,288.0
12.7856,16.0,288.0
12.7909,143.0,284.0
12.7956,-37.0,280.0
12.8005,-76.0,276.0
12.8056,140.0,272.0
12.8105,69.0,272.0
12.8156,-270.0,274.0
12.8207,-127.0,274.0
12.8254,356.0,278.0
12.8304,218.0,278.0
12.8355,-353.0,278.0
12.8407,-296.0,280.0
12.8456,253.0,278.0
12.8505,306.0,280.0
12.8555,-80.0,276.0
12.8604,-216.0,278.0
12.8654,-71.0,276.0
12.8704,64.0,276.0
12.8756,102.0,274.0
12.8805,71.0,272.0
12.8855,2.0,268.0
12.8905,-137.0,266.0
12.8954,-169.0,266.0
12.9004,97.0,266.0
12.9056,283.0,266.0
12.9117,40.0,268.0
12.9156,-250.0,270.0
12.9207,-161.0,272.0
12.9254,83.0,272.0
12.9306,134.0,274.0
12.9354,84.0,272.0
12.9404,0.0,272.0
12.9454,-130.0,272.0
12.9505,-73.0,272.0
12.9555,77.0,272.0
12.9604,3.0,272.0
12.9656,-38.0,272.0
12.9704,134.0,274.0
12.9755,71.0,274.0
12.9805,-238.0,276.0
12.9854,-134.0,278.0
12.9906,294.0,282.0
12.9955,156.0,284.0
13.0007,-333.0,288.0
13.0054,-127.0,290.0
13.0105,351.0,292.0
13.0155,91.0,294.0
13.0204,-316.0,296.0
13.0255,-46.0,296.0
13.0305,242.0,300.0
13.0354,-67.0,298.0
13.0404,-188.0,300.0
13.0454,255.0,300.0
13.0506,205.0,302.0
13.0557,-400.0,302.0
13.0604,-275.0,304.0
13.0654,371.0,304.0
13.0704,309.0,308.0
13.0755,-197.0,308.0
13.0804,-262.0,312.0
13.0854,29.0,312.0
13.0906,196.0,314.0
13.0954,43.0,312.0
13.1006,-187.0,312.0
13.1054,-55.0,310.0
13.1104,214.0,312.0
13.1154,74.0,308.0
13.1204,-195.0,310.0
13.1256,-101.0,308.0
13.1306,111.0,310.0
13.1354,87.0,308.0
13.1407,-26.0,304.0
13.1456,-36.0,304.0
13.1504,-13.0,298.0
13.1554,8.0,298.0
13.1605,32.0,292.0
13.1656,-35.0,292.0
13.1705,-70.0,288.0
13.1755,89.0,288.0
13.1804,113.0,288.0
13.1854,-118.0,290.0
13.1909,-103.0,290.0
13.1955,110.0,288.0
13.2004,16.0,288.0
13.2054,-106.0,282.0
13.2117,87.0,282.0
13.2154,133.0,278.0
13.2205,-126.0,276.0
13.2255,-171.0,276.0
13.2304,80.0,276.0
13.2354,161.0,278.0
13.2405,-4.0,276.0
13.2454,-65.0,276.0
13.2504,-9.0,274.0
13.2554,-37.0,272.0
13.2604,-64.0,270.0
13.2654,-4.0,268.0
13.2705,130.0,268.0
13.2757,207.0,272.0
13.2805,-74.0,272.0
13.2854,-403.0,278.0
13.2906,-75.0,278.0
13.2955,441.0,282.0
13.3005,200.0,284.0
13.3057,-323.0,288.0
13.3106,-243.0,290.0
13.3155,143.0,292.0
13.3204,242.0,294.0
13.3254,36.0,294.0
13.3304,-243.0,296.0
13.3356,-187.0,298.0
13.3405,244.0,298.0
13.3456,234.0,300.0
13.3504,-250.0,296.0
13.3554,-94.0,298.0
13.3607,316.0,296.0
13.3657,-162.0,296.0
13.3707,-460.0,298.0
13.3755,312.0,302.0
13.3806,576.0,308.0
13.3855,-211.0,310.0
13.3904,-521.0,318.0
13.3956,-38.0,316.0
13.4008,268.0,318.0
13.4055,212.0,320.0
13.4106,41.0,316.0
13.4155,-206.0,320.0
13.4204,-200.0,320.0
13.4255,97.0,320.0
13.4305,104.0,320.0
13.4355,-25.0,320.0
13.4404,146.0,320.0
13.4456,72.0,320.0
13.4504,-323.0,324.0
13.4555,-186.0,322.0
13.4604,312.0,326.0
13.4654,239.0,324.0
13.4704,-217.0,324.0
13.4755,-213.0,322.0
13.4805,173.0,320.0
13.4855,194.0,318.0
13.4905,-162.0,316.0
13.4954,-191.0,318.0
13.5004,131.0,316.0
13.5055,148.0,318.0
13.5106,-134.0,318.0
13.5155,-83.0,318.0
13.5204,213.0,320.0
13.5254,54.0,322.0
13.531,-296.0,324.0
13.5354,-53.0,322.0
13.5404,280.0,326.0
13.5454,31.0,322.0
13.5505,-153.0,322.0
13.5554,25.0,320.0
13.5605,15.0,318.0
13.5658,-64.0,316.0
13.5704,54.0,316.0
13.5754,33.0,314.0
13.5806,-84.0,316.0
13.5855,34.0,314.0
13.5906,110.0,316.0
13.5956,-50.0,314.0
13.6005,-86.0,316.0
13.6055,-9.0,316.0
13.6108,-28.0,314.0
13.6155,57.0,314.0
13.6204,165.0,312.0
13.6254,7.0,310.0
13.6304,-174.0,308.0
13.6355,-153.0,308.0
13.6404,-7.0,304.0
13.6455,211.0,304.0
13.6506,252.0,304.0
13.6556,-72.0,302.0
13.6604,-340.0,304.0
13.6656,-170.0,306.0
13.6704,195.0,304.0
13.6755,321.0,308.0
13.6804,40.0,306.0
13.6857,-274.0,306.0
13.6904,-179.0,306.0
13.6954,92.0,302.0
13.7004,175.0,300.0
13.7056,99.0,296.0
13.7104,-96.0,292.0
13.7155,-212.0,292.0
13.7204,21.0,288.0
13.7257,220.0,292.0
13.7305,-1.0,288.0
13.7357,-158.0,290.0
13.7406,55.0,288.0
13.7454,90.0,288.0
13.7505,-145.0,288.0
13.7556,-15.0,286.0
13.7607,205.0,286.0
13.7656,-108.0,288.0
13.7706,-213.0,288.0
13.7755,239.0,292.0
13.7804,204.0,294.0
13.7856,-260.0,298.0
13.7906,-201.0,300.0
13.7955,132.0,302.0
13.8005,193.0,304.0
13.8061,30.0,304.0
13.8105,-190.0,306.0
13.8154,-120.0,308.0
13.8205,199.0,308.0
13.8254,119.0,308.0
13.8304,-176.0,310.0
13.8354,-22.0,308.0
13.8407,100.0,310.0
13.8458,-137.0,310.0
13.852,-26.0,308.0
13.8559,233.0,310.0
13.8605,-12.0,308.0
13.8656,-201.0,310.0
13.8706,30.0,308.0
13.8763,129.0,308.0
13.8803,-8.0,308.0
13.886,-101.0,308.0
13.8906,-82.0,310.0
13.8959,102.0,310.0
13.9008,212.0,314.0
13.9062,-88.0,314.0
13.9104,-301.0,318.0
13.9159,36.0,314.0
13.9206,266.0,318.0
13.9265,26.0,312.0
13.9309,-116.0,312.0
13.9355,-24.0,306.0
13.9409,-22.0,302.0
13.9458,-59.0,298.0
13.9506,43.0,296.0
13.9558,133.0,296.0
13.961,32.0,292.0
13.9663,-115.0,294.0
13.9704,-107.0,292.0
13.9759,49.0,290.0
13.9806,128.0,288.0
13.9857,-41.0,284.0
13.9911,-115.0,282.0
13.9963,99.0,282.0
14.0009,87.0,278.0
14.0057,-133.0,278.0
14.0106,-39.0,272.0
14.0158,95.0,268.0
14.0209,0.0,260.0
14.0265,-19.0,256.0
14.0304,-45.0,248.0
14.0357,-67.0,250.0
14.0409,159.0,248.0
14.0459,163.0,246.0
14.051,-196.0,250.0
14.0559,-217.0,250.0
14.0606,70.0,248.0
14.0657,151.0,248.0
14.0706,93.0,248.0
14.076,9.0,248.0
14.0804,-103.0,248.0
14.0863,-131.0,248.0
14.091,-84.0,244.0
14.0956,97.0,242.0
14.1006,309.0,242.0
14.1063,76.0,240.0
14.1104,-363.0,242.0
14.116,-254.0,244.0
14.121,211.0,244.0
14.1258,311.0,246.0
14.1305,-34.0,244.0
14.136,-268.0,244.0
14.1409,-8.0,242.0
14.1461,241.0,244.0
14.1506,-18.0,242.0
14.1558,-254.0,246.0
14.1605,-29.0,242.0
14.1657,219.0,244.0
14.1704,170.0,242.0
14.1759,-99.0,244.0
14.1806,-292.0,244.0
14.1856,-13.0,244.0
14.1912,294.0,246.0
14.1959,6.0,246.0
14.2009,-203.0,248.0
14.2055,119.0,250.0
14.2107,130.0,250.0
14.2157,-241.0,254.0
14.221,-129.0,254.0
14.2259,244.0,258.0
14.2306,156.0,258.0
14.2355,-150.0,260.0
14.2407,-160.0,262.0
14.2458,66.0,262.0
14.251,148.0,264.0
14.256,-50.0,264.0
14.2604,-142.0,264.0
14.2656,73.0,264.0
14.2706,116.0,264.0
14.2764,-85.0,262.0
14.2804,-46.0,264.0
14.2859,96.0,262.0
14.2906,-29.0,258.0
14.2956,-128.0,258.0
14.3009,50.0,254.0
14.3061,153.0,254.0
14.3104,-37.0,252.0
14.3159,-120.0,248.0
14.3208,72.0,248.0
14.3257,36.0,246.0
14.331,-174.0,244.0
14.3362,46.0,244.0
14.3404,257.0,246.0
14.3454,-105.0,246.0
14.3507,-225.0,248.0
14.3558,151.0,246.0
14.3608,89.0,248.0
14.3664,-193.0,248.0
14.3704,54.0,248.0
14.3759,223.0,250.0
14.3808,-122.0,250.0
14.3857,-224.0,252.0
14.391,101.0,252.0
14.3962,166.0,254.0
14.4009,-54.0,252.0
14.4057,-49.0,250.0
14.4109,59.0,248.0
14.4154,-62.0,246.0
14.4216,-112.0,244.0
14.4259,89.0,242.0
14.4306,107.0,240.0
14.4364,-38.0,238.0
14.4406,10.0,236.0
14.4455,14.0,236.0
14.4504,-138.0,234.0
14.4559,-89.0,234.0
14.4606,118.0,232.0
14.4656,181.0,234.0
14.4709,42.0,232.0
14.4764,-162.0,234.0
14.4804,-178.0,236.0
14.4859,43.0,234.0
14.4905,157.0,236.0
14.4956,57.0,232.0
14.5007,-17.0,234.0
14.506,-41.0,230.0
14.5109,-78.0,232.0
14.5159,-75.0,230.0
14.5209,6.0,230.0
14.5259,186.0,232.0
14.5309,180.0,234.0
14.5368,-204.0,234.0
14.5409,-304.0,236.0
14.5456,140.0,238.0
14.5504,256.0,236.0
14.5556,-58.0,236.0
14.5609,-90.0,234.0
14.5664,18.0,234.0
14.5704,-61.0,234.0
14.5759,-50.0,234.0
14.5806,109.0,234.0
14.5856,121.0,236.0
14.591,-62.0,236.0
14.596,-151.0,236.0
14.6009,9.0,236.0
14.6056,109.0,236.0
14.6106,-9.0,234.0
14.6157,-43.0,234.0
14.6209,47.0,232.0
14.6259,-6.0,232.0
14.6306,-82.0,232.0
14.6356,37.0,230.0
14.6421,104.0,232.0
14.6467,-25.0,230.0
14.6506,-94.0,230.0
14.6554,-66.0,230.0
14.6606,5.0,230.0
14.6656,181.0,232.0
14.6708,143.0,234.0
14.6761,-190.0,236.0
14.6805,-197.0,236.0
14.6856,81.0,236.0
14.6904,35.0,232.0
14.6956,-2.0,230.0
14.7008,241.0,232.0
14.706,50.0,230.0
14.7104,-393.0,236.0
14.7159,-128.0,238.0
14.7207,329.0,240.0
14.7256,90.0,240.0
14.7307,-185.0,242.0
14.736,65.0,242.0
14.7409,89.0,238.0
14.747,-212.0,240.0
14.7506,-18.0,234.0
14.7554,273.0,234.0
14.7607,-73.0,232.0
14.7663,-280.0,232.0
14.7705,142.0,234.0
14.7755,271.0,234.0
14.7804,-121.0,236.0
14.7855,-236.0,236.0
14.791,30.0,236.0
14.796,163.0,234.0
14.8008,15.0,234.0
14.8057,-72.0,232.0
14.8109,54.0,230.0
14.8157,-8.0,228.0
14.8212,-178.0,226.0
14.8261,81.0,228.0
14.8306,270.0,228.0
14.8355,-147.0,230.0
14.8408,-318.0,232.0
14.8462,184.0,232.0
14.8504,344.0,236.0
14.8556,-177.0,234.0
14.8604,-354.0,238.0
14.8655,140.0,236.0
14.8705,330.0,240.0
14.8755,-84.0,238.0
14.8805,-259.0,240.0
14.8857,41.0,240.0
14.8904,154.0,240.0
14.8954,-61.0,240.0
14.9004,-70.0,238.0
14.9054,124.0,240.0
14.9104,48.0,238.0
14.9155,-150.0,240.0
14.9204,-53.0,240.0
14.9255,115.0,240.0
14.9305,2.0,240.0
14.9355,-95.0,238.0
14.9405,99.0,240.0
14.9454,145.0,240.0
14.9512,-127.0,240.0
14.9555,-187.0,242.0
14.9605,26.0,242.0
14.9654,110.0,242.0
14.9704,88.0,240.0
14.9754,54.0,242.0
14.9804,-88.0,238.0
14.9855,-177.0,240.0
14.9908,-9.0,236.0
14.9954,186.0,236.0
15.0007,110.0,238.0
15.0054,-108.0,236.0
15.0106,-138.0,238.0
15.0154,-4.0,234.0
15.0204,80.0,232.0
15.0255,103.0,232.0
15.0304,22.0,230.0
15.0354,-141.0,230.0
15.0403,-98.0,230.0
15.0455,114.0,232.0
15.0508,106.0,232.0
15.0554,-54.0,232.0
15.0604,-48.0,230.0
15.0654,-8.0,230.0
15.0706,-43.0,228.0
15.0755,57.0,228.0
15.0804,124.0,230.0
15.0854,-69.0,232.0
15.0905,-153.0,232.0
15.0954,30.0,230.0
15.1004,119.0,230.0
15.1057,19.0,228.0
15.1105,-69.0,228.0
15.1155,-20.0,226.0
15.1204,75.0,224.0
15.1258,-49.0,224.0
15.1305,-155.0,224.0
15.1356,130.0,226.0
15.1406,249.0,230.0
15.1456,-133.0,232.0
15.1504,-258.0,234.0
15.1553,66.0,234.0
15.1605,142.0,236.0
15.1655,-10.0,234.0
15.1704,27.0,230.0
15.1759,-10.0,228.0
15.1806,-150.0,226.0
15.1854,29.0,224.0
15.1905,177.0,222.0
15.1956,-70.0,222.0
15.2005,-136.0,224.0
15.2054,131.0,226.0
15.2126,95.0,226.0
15.2154,-188.0,228.0
15.2206,-89.0,228.0
15.2255,224.0,230.0
15.2304,86.0,230.0
15.2355,-223.0,230.0
15.2404,-66.0,232.0
15.2454,162.0,232.0
15.2506,37.0,232.0
15.2554,-55.0,232.0
15.2604,1.0,232.0
15.2654,-44.0,232.0
15.2704,-41.0,232.0
15.2758,112.0,234.0
15.2804,83.0,232.0
15.2855,-138.0,234.0
15.2904,-116.0,236.0
15.2954,116.0,236.0
15.3005,99.0,238.0
15.3056,-93.0,236.0
15.3104,-38.0,234.0
15.3156,120.0,234.0
15.3205,22.0,230.0
15.3255,-164.0,232.0
15.3306,-79.0,232.0
15.3355,152.0,234.0
15.3404,123.0,232.0
15.3456,-79.0,234.0
15.3504,-78.0,228.0
15.3555,2.0,226.0
15.3606,-43.0,222.0
15.3654,11.0,220.0
15.3704,157.0,220.0
15.3754,52.0,220.0
15.3804,-184.0,222.0
15.3855,-142.0,220.0
15.3908,131.0,222.0
15.3956,195.0,222.0
15.4006,-48.0,220.0
15.4055,-198.0,220.0
15.4104,-40.0,218.0
15.4155,163.0,216.0
15.4206,128.0,216.0
15.4256,-95.0,214.0
15.4304,-197.0,216.0
15.4354,-8.0,214.0
15.4404,223.0,218.0
15.4455,111.0,218.0
15.4507,-200.0,220.0
15.4557,-149.0,222.0
15.4604,156.0,222.0
15.4654,123.0,222.0
15.4705,-104.0,220.0
15.4755,-113.0,220.0
15.4807,0.0,214.0
15.4855,141.0,214.0
15.4904,184.0,212.0
15.4954,-115.0,210.0
15.5004,-342.0,210.0
15.5054,-21.0,208.0
15.5106,310.0,208.0
15.5156,150.0,210.0
15.5204,-73.0,206.0
15.5255,-110.0,208.0
15.5306,-175.0,208.0
15.5355,-63.0,208.0
15.5404,256.0,210.0
15.5453,157.0,212.0
15.5504,-204.0,214.0
15.5555,-55.0,212.0
15.5607,175.0,214.0
15.5659,-124.0,214.0
15.5705,-212.0,218.0
15.5754,210.0,220.0
15.5805,215.0,222.0
15.5855,-176.0,222.0
15.5907,-112.0,222.0
15.5956,105.0,220.0
15.6006,-38.0,220.0
15.6054,-86.0,220.0
15.6104,138.0,220.0
15.6154,153.0,222.0
15.6204,-153.0,224.0
15.6256,-247.0,224.0
15.6304,127.0,226.0
15.6354,264.0,228.0
15.6406,-121.0,228.0
15.6454,-173.0,228.0
15.6506,152.0,228.0
15.6554,78.0,230.0
15.6604,-164.0,232.0
15.6653,-95.0,232.0
15.6707,82.0,232.0
15.6757,207.0,234.0
15.6805,89.0,234.0
15.6856,-287.0,236.0
15.6904,-246.0,238.0
15.6955,257.0,242.0
15.7004,281.0,244.0
15.7057,-148.0,246.0
15.7106,-171.0,248.0
15.7156,39.0,248.0
15.7204,-18.0,246.0
15.7254,4.0,246.0
15.7307,155.0,246.0
15.7356,19.0,246.0
15.7406,-153.0,246.0
15.7454,-48.0,246.0
15.7503,61.0,246.0
15.7554,41.0,248.0
15.7606,-6.0,246.0
15.7656,-24.0,246.0
15.7704,31.0,244.0
15.7754,16.0,242.0
15.7806,-75.0,240.0
15.7855,27.0,238.0
15.791,103.0,236.0
15.7956,-134.0,236.0
15.8005,-175.0,236.0
15.8054,242.0,240.0
15.8104,321.0,244.0
15.8156,-249.0,248.0
15.8205,-428.0,252.0
15.8256,135.0,254.0
15.8305,365.0,258.0
15.8354,22.0,256.0
15.8405,-146.0,256.0
15.8456,-131.0,256.0
15.8504,-100.0,256.0
15.8556,133.0,256.0
15.8604,249.0,258.0
15.8655,-62.0,256.0
15.8711,-246.0,258.0
15.8756,20.0,256.0
15.8804,154.0,256.0
15.8855,-32.0,254.0
15.8904,-87.0,256.0
15.8954,14.0,254.0
15.9004,79.0,256.0
15.9055,76.0,256.0
15.9104,-58.0,256.0
15.9154,-167.0,258.0
15.9204,-29.0,256.0
15.9254,181.0,258.0
15.9304,146.0,258.0
15.9355,-156.0,258.0
15.9404,-221.0,260.0
15.9454,161.0,262.0
15.9506,223.0,264.0
15.9554,-192.0,266.0
15.9604,-168.0,268.0
15.9656,190.0,268.0
15.9709,71.0,268.0
15.9754,-132.0,268.0
15.9805,78.0,268.0
15.9854,52.0,266.0
15.9907,-257.0,270.0
15.9961,-10.0,270.0
16.0004,374.0,274.0
16.0054,8.0,274.0
16.0104,-342.0,278.0
16.0156,17.0,278.0
16.0204,186.0,278.0
16.0254,-116.0,276.0
16.0304,-47.0,276.0
16.0354,231.0,276.0
16.0404,16.0,276.0
16.0455,-221.0,276.0
16.0506,-22.0,276.0
16.0556,36.0,274.0
16.0604,-42.0,272.0
16.0653,178.0,274.0
16.0704,138.0,272.0
16.0758,-244.0,276.0
16.0807,-134.0,274.0
16.0854,161.0,276.0
16.0904,4.0,272.0
16.0954,-63.0,272.0
16.1005,136.0,272.0
16.1055,36.0,270.0
16.1105,-184.0,270.0
16.1156,-69.0,270.0
16.1204,144.0,272.0
16.1255,120.0,272.0
16.1306,-53.0,270.0
16.1355,-130.0,270.0
16.1404,-78.0,266.0
16.1453,38.0,266.0
16.1504,204.0,264.0
16.1556,104.0,264.0
16.1607,-243.0,266.0
16.1655,-155.0,268.0
16.1705,178.0,268.0
16.1754,60.0,268.0
16.1805,-88.0,264.0
16.1854,95.0,264.0
16.1905,61.0,262.0
16.1956,-207.0,264.0
16.2004,-105.0,262.0
16.2054,233.0,264.0
16.2104,135.0,264.0
16.2155,-181.0,262.0
16.2206,-29.0,260.0
16.2256,124.0,260.0
16.2304,-218.0,260.0
16.2355,-155.0,262.0
16.2404,419.0,268.0
16.2456,240.0,270.0
16.2505,-377.0,274.0
16.2556,-204.0,274.0
16.2604,159.0,274.0
16.2654,-34.0,272.0
16.2706,-29.0,270.0
16.2755,295.0,270.0
16.2806,110.0,270.0
16.2856,-335.0,272.0
16.2904,-247.0,274.0
16.2954,147.0,276.0
16.3004,263.0,276.0
16.3054,54.0,276.0
16.3105,-173.0,278.0
16.3155,-111.0,276.0
16.3204,110.0,276.0
16.3254,56.0,272.0
16.3306,-134.0,272.0
16.3355,-12.0,268.0
16.3406,187.0,266.0
16.3454,42.0,264.0
16.3504,-182.0,264.0
16.3554,-96.0,266.0
16.3606,112.0,266.0
16.3654,105.0,268.0
16.3704,-44.0,266.0
16.3754,-70.0,268.0
16.3804,29.0,266.0
16.3866,19.0,264.0
16.3912,-39.0,264.0
16.3953,35.0,264.0
16.4004,17.0,264.0
16.4054,-80.0,266.0
16.4104,49.0,266.0
16.4156,91.0,266.0
16.4204,-113.0,268.0
16.4256,-62.0,268.0
16.4304,132.0,268.0
16.4356,25.0,266.0
16.4404,-96.0,266.0
16.4454,-8.0,262.0
16.4505,21.0,258.0
16.4554,5.0,254.0
16.4604,58.0,248.0
16.4653,11.0,246.0
16.4704,-98.0,242.0
16.4756,-45.0,242.0
16.4805,87.0,240.0
16.4864,67.0,240.0
16.4904,-59.0,240.0
16.4953,-63.0,238.0
16.5005,57.0,236.0
16.5055,47.0,234.0
16.5104,-69.0,232.0
16.5155,-20.0,232.0
16.5204,45.0,230.0
16.5254,-56.0,230.0
16.5306,19.0,230.0
16.5356,177.0,232.0
16.5407,-78.0,232.0
16.5454,-267.0,236.0
16.5504,85.0,236.0
16.5554,257.0,238.0
16.5605,-40.0,238.0
16.5656,-150.0,236.0
16.5704,-4.0,234.0
16.5755,31.0,232.0
16.5805,11.0,230.0
16.5869,22.0,228.0
16.5905,-19.0,224.0
16.5954,-41.0,222.0
16.6004,59.0,220.0
16.6054,113.0,218.0
16.6106,-60.0,218.0
16.6154,-233.0,220.0
16.6204,-51.0,220.0
16.6256,289.0,224.0
16.6304,194.0,222.0
16.6355,-215.0,226.0
16.6405,-206.0,224.0
16.6453,89.0,224.0
16.6504,66.0,220.0
16.6554,-27.0,220.0
16.6604,94.0,218.0
16.6653,34.0,218.0
16.6704,-173.0,220.0
16.6755,-22.0,216.0
16.6805,167.0,218.0
16.6853,-60.0,216.0
16.6904,-125.0,218.0
16.6954,171.0,220.0
16.7004,116.0,220.0
16.7056,-204.0,222.0
16.7104,-144.0,222.0
16.7154,123.0,220.0
16.7203,109.0,220.0
16.7254,-48.0,218.0
16.7304,20.0,218.0
16.7356,121.0,218.0
16.7405,-101.0,218.0
16.7455,-288.0,222.0
16.7505,17.0,220.0
16.7555,335.0,224.0
16.7607,121.0,224.0
16.7656,-142.0,224.0
16.7704,-103.0,224.0
16.7755,-162.0,224.0
16.7806,-105.0,226.0
16.7855,332.0,230.0
16.7906,306.0,232.0
16.7965,-274.0,234.0
16.8005,-309.0,234.0
16.8054,122.0,234.0
16.8104,149.0,234.0
16.8155,-22.0,234.0
16.8205,5.0,232.0
16.8256,-21.0,230.0
16.8306,-66.0,232.0
16.8355,66.0,228.0
16.8404,62.0,228.0
16.8455,-98.0,226.0
16.8504,-36.0,224.0
16.8557,79.0,222.0
16.8604,-2.0,222.0
16.8654,-39.0,222.0
16.8703,49.0,218.0
16.8756,40.0,216.0
16.8805,-82.0,212.0
16.8856,-88.0,210.0
16.8904,94.0,204.0
16.8962,146.0,204.0
16.9004,-106.0,202.0
16.9056,-180.0,206.0
16.9105,140.0,206.0
16.9156,179.0,206.0
16.9205,-185.0,206.0
16.9254,-155.0,204.0
16.9304,198.0,202.0
16.9355,121.0,202.0
16.9404,-172.0,200.0
16.9456,-87.0,202.0
16.9505,143.0,200.0
16.9553,64.0,200.0
16.9604,-115.0,200.0
16.9654,-41.0,200.0
16.9704,66.0,200.0
16.9756,13.0,200.0
16.9805,-17.0,196.0
16.9854,-31.0,196.0
16.9907,-14.0,194.0
16.9968,129.0,194.0
17.0013,55.0,194.0
17.0064,-222.0,196.0
17.0104,-93.0,196.0
17.0154,218.0,198.0
17.0205,70.0,198.0
17.0256,-168.0,202.0
17.0304,0.0,200.0
17.0355,181.0,202.0
17.0404,-12.0,202.0
17.0456,-247.0,206.0
17.0504,-71.0,206.0
17.0556,252.0,208.0
17.0604,164.0,208.0
17.0654,-149.0,210.0
17.0705,-175.0,210.0
17.0754,24.0,210.0
17.0804,123.0,212.0
17.0856,45.0,212.0
17.0904,-57.0,212.0
17.0956,-86.0,214.0
17.1008,-29.0,214.0
17.1054,128.0,216.0
17.1104,134.0,216.0
17.1155,-133.0,218.0
17.1204,-192.0,218.0
17.1253,71.0,218.0
17.1304,153.0,220.0
17.1355,34.0,220.0
17.1404,-29.0,220.0
17.1454,-133.0,220.0
17.1504,-118.0,222.0
17.1554,178.0,224.0
17.1605,207.0,226.0
17.1656,-167.0,228.0
17.1704,-186.0,230.0
17.1755,149.0,230.0
17.1805,91.0,230.0
17.1854,-166.0,230.0
17.1905,3.0,228.0
17.1957,217.0,228.0
17.2009,-57.0,228.0
17.2054,-272.0,230.0
17.2136,70.0,230.0
17.2153,278.0,234.0
17.2203,-58.0,234.0
17.2254,-180.0,238.0
17.2304,54.0,238.0
17.2354,5.0,238.0
17.2404,-83.0,238.0
17.2455,135.0,238.0
17.2505,123.0,240.0
17.2554,-180.0,238.0
17.2604,-136.0,240.0
17.2655,153.0,238.0
17.2705,124.0,236.0
17.2755,-104.0,234.0
17.2806,-116.0,234.0
17.2855,55.0,232.0
17.2904,117.0,234.0
17.2954,-16.0,234.0
17.3004,-118.0,234.0
17.3056,4.0,234.0
17.3104,155.0,232.0
17.3155,0.0,232.0
17.3206,-274.0,234.0
17.3254,-59.0,234.0
17.3305,415.0,238.0
17.3354,174.0,238.0
17.3407,-446.0,244.0
17.3455,-243.0,244.0
17.3507,335.0,248.0
17.3554,189.0,248.0
17.3607,-190.0,250.0
17.3655,-58.0,250.0
17.3705,106.0,252.0
17.3754,-42.0,250.0
17.3804,-59.0,250.0
17.3854,74.0,246.0
17.3907,-4.0,246.0
17.3954,-79.0,242.0
17.4005,64.0,242.0
17.4061,88.0,240.0
17.4105,-80.0,240.0
17.4154,-96.0,238.0
17.4204,72.0,238.0
17.4255,94.0,234.0
17.4304,-95.0,232.0
17.4354,-95.0,228.0
17.4403,159.0,226.0
17.4456,117.0,226.0
17.4505,-207.0,226.0
17.4554,-146.0,228.0
17.4604,196.0,232.0
17.4654,160.0,234.0
17.4704,-151.0,236.0
17.4755,-161.0,236.0
17.4804,97.0,238.0
17.4853,182.0,238.0
17.4903,7.0,238.0
17.4954,-224.0,240.0
17.5004,-181.0,244.0
17.5055,204.0,246.0
17.5104,327.0,250.0
17.5156,-59.0,250.0
17.5205,-343.0,254.0
17.5254,-133.0,256.0
17.5304,249.0,258.0
17.5354,236.0,260.0
17.5404,-136.0,260.0
17.5454,-201.0,260.0
17.5504,78.0,258.0
17.5554,103.0,258.0
17.5607,-83.0,256.0
17.5656,-52.0,254.0
17.5704,120.0,254.0
17.5755,84.0,252.0
17.5804,-148.0,252.0
17.5854,-150.0,254.0
17.5906,127.0,254.0
17.5954,139.0,254.0
17.6005,-73.0,254.0
17.6053,-3.0,254.0
17.6111,56.0,252.0
17.6154,-146.0,254.0
17.6204,-91.0,256.0
17.6255,181.0,258.0
17.6304,98.0,260.0
17.6355,-117.0,260.0
17.6403,-14.0,258.0
17.6458,63.0,256.0
17.6505,-110.0,256.0
17.6555,-57.0,254.0
17.6604,177.0,256.0
17.6654,42.0,254.0
17.6704,-165.0,256.0
17.6756,14.0,254.0
17.6805,128.0,256.0
17.6854,-56.0,252.0
17.6904,-90.0,254.0
17.6953,51.0,250.0
17.7003,43.0,248.0
17.7055,-38.0,246.0
17.7104,-3.0,244.0
17.7157,47.0,244.0
17.7206,-24.0,242.0
17.7255,-74.0,242.0
17.7304,60.0,242.0
17.7354,119.0,244.0
17.7404,-99.0,244.0
17.7454,-163.0,246.0
17.7506,105.0,244.0
17.7554,150.0,244.0
17.7607,-79.0,244.0
17.7657,-60.0,242.0
17.7705,57.0,242.0
17.7754,-31.0,242.0
17.7805,-38.0,242.0
17.7854,52.0,240.0
17.7906,-10.0,238.0
17.7956,-24.0,236.0
17.8006,81.0,234.0
17.8054,-2.0,232.0
17.8106,-151.0,232.0
17.8163,14.0,228.0
17.8204,235.0,232.0
17.8254,14.0,228.0
17.8304,-312.0,234.0
17.8354,-85.0,232.0
17.8405,299.0,236.0
17.8456,121.0,234.0
17.8505,-184.0,234.0
17.8554,-51.0,232.0
17.8604,73.0,232.0
17.8654,-57.0,230.0
17.8705,-34.0,230.0
17.8756,76.0,230.0
17.8805,21.0,230.0
17.8854,4.0,228.0
17.8904,17.0,226.0
17.8953,-84.0,224.0
17.9004,-43.0,222.0
17.9054,119.0,222.0
17.9105,-1.0,220.0
17.9155,-146.0,220.0
17.9206,76.0,220.0
17.9259,150.0,222.0
17.9304,-89.0,222.0
17.9354,-50.0,222.0
17.9403,39.0,220.0
17.9454,-145.0,222.0
17.9506,-14.0,220.0
17.9555,291.0,226.0
17.9605,65.0,222.0
17.9655,-283.0,226.0
17.9705,-148.0,222.0
17.9754,178.0,222.0
17.9804,179.0,218.0
17.9855,-104.0,214.0
17.9908,-141.0,212.0
17.9955,92.0,210.0
18.0005,96.0,208.0
18.0054,-70.0,210.0
18.0104,-79.0,208.0
18.0154,-4.0,208.0
18.0205,60.0,208.0
18.0255,76.0,208.0
18.0304,-11.0,208.0
18.0355,-79.0,208.0
18.0405,-40.0,208.0
18.0453,7.0,206.0
18.0503,56.0,206.0
18.0554,80.0,206.0
18.0604,-44.0,206.0
18.0654,-103.0,206.0
18.0705,36.0,204.0
18.0756,50.0,204.0
18.0805,-35.0,202.0
18.0854,3.0,200.0
18.0904,2.0,198.0
18.0953,0.0,194.0
18.1005,93.0,194.0
18.1057,-11.0,190.0
18.1106,-225.0,192.0
18.1155,-50.0,190.0
18.1205,311.0,194.0
18.1254,171.0,194.0
18.1305,-298.0,198.0
18.1356,-258.0,198.0
18.1404,223.0,200.0
18.1455,264.0,200.0
18.1504,-153.0,198.0
18.1554,-221.0,200.0
18.1606,99.0,196.0
18.1654,170.0,196.0
18.1705,-26.0,194.0
18.1754,-112.0,192.0
18.1804,-57.0,190.0
18.1854,34.0,188.0
18.1905,97.0,188.0
18.1953,41.0,186.0
18.2004,-89.0,186.0
18.2053,-67.0,188.0
18.2106,82.0,186.0
18.2154,31.0,186.0
18.2204,-88.0,184.0
18.2254,20.0,182.0
18.2304,61.0,182.0
18.2354,-26.0,180.0
18.2403,35.0,180.0
18.2454,-16.0,180.0
18.2505,-166.0,182.0
18.2553,27.0,180.0
18.2605,228.0,182.0
18.2654,59.0,180.0
18.2704,-136.0,180.0
18.2757,-175.0,182.0
18.2805,-63.0,182.0
18.2854,200.0,184.0
18.2904,234.0,186.0
18.2954,-119.0,188.0
18.3004,-274.0,188.0
18.3057,8.0,188.0
18.3104,181.0,188.0
18.3154,96.0,190.0
18.3204,-12.0,188.0
18.3254,-213.0,190.0
18.3305,-174.0,192.0
18.3357,316.0,196.0
18.3404,322.0,200.0
18.3456,-317.0,204.0
18.3507,-356.0,210.0
18.3554,188.0,212.0
18.3605,229.0,216.0
18.3656,-12.0,214.0
18.3704,-17.0,214.0
18.3755,-121.0,214.0
18.3805,-119.0,214.0
18.3855,227.0,214.0
18.3906,106.0,216.0
18.3956,-357.0,218.0
18.4006,-36.0,218.0
18.4054,457.0,224.0
18.4105,26.0,224.0
18.4157,-417.0,230.0
18.4204,-39.0,230.0
18.4253,253.0,232.0
18.4303,-29.0,232.0
18.4354,-116.0,234.0
18.4405,161.0,236.0
18.4455,91.0,236.0
18.4506,-250.0,238.0
18.4554,-124.0,240.0
18.4604,274.0,240.0
18.4653,135.0,242.0
18.4705,-282.0,242.0
18.4756,-114.0,242.0
18.4805,277.0,242.0
18.4854,84.0,242.0
18.4904,-223.0,242.0
18.4954,-26.0,242.0
18.5004,146.0,244.0
18.5056,-56.0,244.0
18.5105,-106.0,244.0
18.5155,77.0,244.0
18.5205,76.0,246.0
18.5253,21.0,246.0
18.5304,25.0,246.0
18.5354,-156.0,246.0
18.5404,-159.0,248.0
18.5456,215.0,250.0
18.5505,162.0,252.0
18.5555,-198.0,254.0
18.5606,22.0,252.0
18.5656,198.0,254.0
18.5704,-262.0,256.0
18.5755,-254.0,258.0
18.5804,387.0,264.0
18.5854,316.0,268.0
18.5908,-334.0,272.0
18.5954,-297.0,272.0
18.6005,158.0,274.0
18.6054,166.0,272.0
18.6105,27.0,270.0
18.6153,16.0,268.0
18.6205,-147.0,266.0
18.6255,-137.0,268.0
18.6304,213.0,268.0
18.6353,140.0,270.0
18.6403,-258.0,272.0
18.6457,-69.0,272.0
18.6504,242.0,274.0
18.6556,-14.0,274.0
18.6604,-128.0,276.0
18.6653,97.0,276.0
18.6704,-30.0,276.0
18.6754,-160.0,278.0
18.6805,138.0,278.0
18.6854,157.0,282.0
18.6904,-146.0,282.0
18.6953,-82.0,282.0
18.7003,71.0,284.0
18.7055,-15.0,282.0
18.7104,31.0,282.0
18.7156,94.0,282.0
18.7204,-97.0,284.0
18.7254,-142.0,286.0
18.7305,109.0,288.0
18.7353,166.0,290.0
18.7411,-105.0,290.0
18.7454,-195.0,292.0
18.7503,113.0,292.0
18.7554,238.0,294.0
18.7605,-119.0,292.0
18.7654,-266.0,292.0
18.7704,125.0,290.0
18.7753,255.0,290.0
18.7806,-154.0,288.0
18.7854,-218.0,288.0
18.7906,175.0,288.0
18.7954,155.0,288.0
18.8004,-125.0,288.0
18.8054,-50.0,286.0
18.8104,14.0,286.0
18.8156,-68.0,284.0
18.8208,76.0,286.0
18.8256,146.0,288.0
18.8306,-94.0,286.0
18.8354,-170.0,288.0
18.8404,54.0,288.0
18.8453,158.0,290.0
18.8503,-7.0,288.0
18.8554,-126.0,290.0
18.8604,0.0,288.0
18.8654,101.0,290.0
18.8704,-35.0,290.0
18.8755,-120.0,292.0
18.8804,78.0,292.0
18.8854,177.0,294.0
18.8905,-86.0,294.0
18.8955,-211.0,296.0
18.9005,54.0,294.0
18.9055,173.0,296.0
18.9104,-10.0,294.0
18.9153,-89.0,292.0
18.9215,-31.0,292.0
18.9254,21.0,288.0
18.9304,63.0,286.0
18.9359,-7.0,284.0
18.9404,-36.0,280.0
18.9453,61.0,282.0
18.9503,-82.0,280.0
18.9554,-163.0,280.0
18.9604,225.0,284.0
18.9655,255.0,284.0
18.9706,-273.0,286.0
18.9755,-268.0,286.0
18.9804,183.0,284.0
18.9853,162.0,280.0
18.9905,-55.0,276.0
18.9955,13.0,274.0
19.0004,42.0,270.0
19.0054,-112.0,272.0
19.0105,-144.0,274.0
19.0153,42.0,272.0
19.0203,197.0,274.0
19.0254,102.0,272.0
19.0304,-108.0,272.0
19.0354,-171.0,270.0
19.0404,-22.0,268.0
19.0454,139.0,264.0
19.0504,63.0,264.0
19.0554,-96.0,260.0
19.0603,-4.0,258.0
19.0653,86.0,256.0
19.0705,-74.0,258.0
19.0756,-61.0,256.0
19.0804,120.0,256.0
19.0855,0.0,254.0
19.0904,-117.0,252.0
19.0954,50.0,250.0
19.1004,49.0,248.0
19.1056,-51.0,246.0
19.1104,67.0,242.0
19.1153,13.0,242.0
19.1211,-170.0,240.0
19.1256,44.0,238.0
19.1308,198.0,238.0
19.1359,-128.0,240.0
19.1411,-150.0,240.0
19.147,247.0,244.0
19.1513,76.0,242.0
19.1555,-369.0,248.0
19.1609,-28.0,246.0
19.1659,435.0,252.0
19.1703,8.0,252.0
19.1759,-399.0,256.0
19.1808,17.0,254.0
19.1858,279.0,256.0
19.1911,-37.0,254.0
19.1959,-148.0,252.0
19.2004,9.0,252.0
19.2054,47.0,250.0
19.2158,36.0,246.0
19.2162,41.0,244.0
19.2214,-30.0,238.0
19.2261,-126.0,234.0
19.2303,-1.0,230.0
19.2358,206.0,228.0
19.2409,-29.0,226.0
19.2457,-293.0,228.0
19.252,97.0,228.0
19.2558,349.0,234.0
19.2605,-106.0,234.0
19.2655,-287.0,236.0
19.2706,72.0,234.0
19.2759,121.0,234.0
19.2804,-101.0,230.0
19.2862,11.0,230.0
19.2903,184.0,230.0
19.2954,-33.0,230.0
19.3006,-196.0,230.0
19.3054,0.0,228.0
19.3104,87.0,230.0
19.3159,21.0,228.0
19.321,56.0,226.0
19.3257,-31.0,224.0
19.3311,-142.0,224.0
19.3359,53.0,224.0
19.3406,143.0,224.0
19.3454,-98.0,226.0
19.3503,-84.0,228.0
19.3559,168.0,228.0
19.3604,25.0,228.0
19.3659,-227.0,228.0
19.3703,-33.0,228.0
19.3764,205.0,228.0
19.3805,106.0,228.0
19.3858,-95.0,226.0
19.3912,-186.0,228.0
19.3961,-31.0,224.0
19.4011,249.0,226.0
19.4055,125.0,224.0
19.4104,-291.0,226.0
19.4156,-174.0,226.0
19.4204,285.0,228.0
19.4259,143.0,226.0
19.4309,-230.0,228.0
19.4357,-41.0,226.0
19.4407,170.0,226.0
19.4459,-30.0,226.0
19.4509,-118.0,228.0
19.4558,15.0,226.0
19.4606,42.0,226.0
19.4653,12.0,224.0
19.4708,31.0,222.0
19.4758,23.0,220.0
19.4804,-37.0,220.0
19.486,-105.0,220.0
19.4905,-20.0,220.0
19.4955,173.0,220.0
19.5008,69.0,222.0
19.5059,-199.0,224.0
19.5105,-66.0,224.0
19.5154,178.0,224.0
19.5205,18.0,224.0
19.5257,-115.0,222.0
19.5305,51.0,222.0
19.5359,39.0,220.0
19.5409,-117.0,220.0
19.546,2.0,218.0
19.5506,133.0,220.0
19.5563,-4.0,218.0
19.5614,-66.0,218.0
19.5658,2.0,218.0
19.5704,-53.0,218.0
19.5767,-13.0,218.0
19.5805,144.0,220.0
19.5853,1.0,220.0
19.591,-165.0,220.0
19.5959,52.0,218.0
19.601,172.0,218.0
19.6056,-106.0,216.0
19.6106,-212.0,214.0
19.6154,100.0,212.0
19.6209,243.0,212.0
19.626,-54.0,212.0
19.6304,-207.0,214.0
19.6359,55.0,214.0
19.6406,126.0,216.0
19.6457,-120.0,216.0
19.6506,-47.0,214.0
19.6561,168.0,216.0
19.6612,-11.0,214.0
19.6657,-139.0,214.0
19.6703,47.0,212.0
19.6759,67.0,212.0
19.6804,-47.0,212.0
19.6859,-28.0,210.0
19.6906,-15.0,210.0
19.6956,57.0,208.0
19.7007,138.0,210.0
19.706,-102.0,210.0
19.7103,-231.0,214.0
19.7154,118.0,214.0
19.7203,202.0,216.0
19.7257,-113.0,218.0
19.7306,-83.0,216.0
19.7361,73.0,218.0
19.7413,-30.0,216.0
19.7461,24.0,216.0
19.7505,95.0,216.0
19.7557,-121.0,218.0
19.7617,-127.0,218.0
19.7659,115.0,218.0
19.7704,129.0,218.0
19.7759,-5.0,216.0
19.7806,-86.0,214.0
19.7855,-87.0,212.0
19.791,10.0,212.0
19.7964,75.0,206.0
19.8008,78.0,208.0
19.8055,-5.0,200.0
19.8106,-182.0,204.0
19.8157,-59.0,198.0
19.8212,282.0,202.0
19.8254,136.0,200.0
19.8304,-301.0,204.0
19.8358,-232.0,206.0
19.8409,178.0,208.0
19.8457,254.0,212.0
19.8505,3.0,212.0
19.8554,-104.0,212.0
19.8604,-54.0,212.0
19.8655,-137.0,212.0
19.8708,-92.0,214.0
19.8758,237.0,214.0
19.8808,233.0,218.0
19.8858,-105.0,214.0
19.8907,-150.0,216.0
19.8959,-54.0,210.0
19.9006,-90.0,210.0
19.9059,29.0,206.0
19.9113,253.0,210.0
19.9161,146.0,210.0
19.9207,-201.0,212.0
19.9256,-279.0,216.0
19.9304,-16.0,214.0
19.9359,221.0,216.0
19.941,204.0,216.0
19.9458,-4.0,216.0
19.9506,-184.0,218.0
19.9557,-186.0,220.0
19.9606,3.0,220.0
19.9668,221.0,222.0
19.9704,112.0,222.0
19.9757,-157.0,224.0
19.9805,-41.0,222.0
19.9856,116.0,222.0
19.991,-106.0,222.0
19.9959,-100.0,222.0
20.0008,160.0,224.0
20.0056,17.0,220.0
20.0106,-101.0,222.0
20.0156,143.0,220.0
20.021,63.0,220.0
20.0259,-279.0,222.0
20.0305,-132.0,222.0
20.0354,272.0,226.0
20.0405,227.0,226.0
20.046,-106.0,224.0
20.0503,-218.0,224.0
20.0559,-82.0,222.0
20.0605,113.0,220.0
20.0655,120.0,220.0
20.0703,-47.0,216.0
20.0757,5.0,216.0
20.0803,85.0,214.0
20.0856,-148.0,216.0
20.0905,-136.0,216.0
20.0958,206.0,220.0
20.1014,91.0,220.0
20.1059,-195.0,224.0
20.1103,9.0,222.0
20.1165,146.0,224.0
20.1217,-49.0,226.0
20.1255,-35.0,224.0
20.1303,7.0,224.0
20.1355,-147.0,224.0
20.1404,40.0,222.0
20.1454,317.0,224.0
20.1504,-67.0,224.0
20.1556,-353.0,228.0
20.1604,112.0,228.0
20.1654,261.0,232.0
20.1711,-153.0,232.0
20.1754,-147.0,234.0
20.1804,125.0,234.0
20.1854,78.0,236.0
20.1905,-48.0,234.0
20.1954,-62.0,236.0
20.2005,20.0,234.0
20.2053,99.0,236.0
20.2104,-80.0,236.0
20.2153,-183.0,240.0
20.2203,142.0,240.0
20.2254,272.0,244.0
20.2304,-89.0,242.0
20.2354,-269.0,246.0
20.2404,-78.0,244.0
20.2453,83.0,244.0
20.2504,210.0,244.0
20.2554,226.0,246.0
20.2604,-176.0,244.0
20.2655,-435.0,250.0
20.2704,42.0,248.0
20.2754,403.0,254.0
20.2804,29.0,252.0
20.2854,-232.0,254.0
20.2904,-20.0,254.0
20.2953,65.0,252.0
20.3003,11.0,252.0
20.3053,75.0,250.0
20.3104,-8.0,250.0
20.3153,-170.0,252.0
20.3204,-10.0,252.0
20.3253,165.0,254.0
20.3304,-7.0,254.0
20.3356,-101.0,254.0
20.3405,98.0,254.0
20.3454,82.0,252.0
20.3505,-183.0,252.0
20.3554,-117.0,252.0
20.3604,147.0,252.0
20.3655,109.0,252.0
20.3704,13.0,250.0
20.3761,-4.0,250.0
20.3805,-165.0,252.0
20.3856,-127.0,252.0
20.3907,164.0,254.0
20.3953,148.0,254.0
20.4005,-27.0,252.0
20.4053,-19.0,252.0
20.4103,-91.0,250.0
20.4154,-141.0,252.0
20.4205,97.0,252.0
20.4256,198.0,254.0
20.4303,-32.0,256.0
20.4354,-129.0,256.0
20.4403,-18.0,254.0
20.4455,-28.0,256.0
20.4504,-10.0,252.0
20.4555,217.0,256.0
20.4604,142.0,252.0
20.4654,-320.0,256.0
20.4704,-299.0,256.0
20.4756,225.0,256.0
20.4805,338.0,258.0
20.4853,32.0,254.0
20.4904,-223.0,258.0
20.4953,-271.0,260.0
20.5005,52.0,260.0
20.5056,350.0,264.0
20.5104,67.0,264.0
20.5153,-269.0,264.0
20.5204,-86.0,262.0
20.5254,136.0,262.0
20.5305,1.0,260.0
20.5355,-69.0,260.0
20.5405,97.0,260.0
20.5453,85.0,262.0
20.5506,-86.0,258.0
20.5554,-85.0,258.0
20.5604,-32.0,254.0
20.5653,0.0,250.0
20.5703,116.0,252.0
20.5753,95.0,250.0
20.5804,-83.0,248.0
20.5854,-97.0,250.0
20.5906,9.0,248.0
20.5953,25.0,244.0
20.6005,22.0,244.0
20.6053,40.0,242.0
20.6105,-42.0,240.0
20.6155,-70.0,240.0
20.6204,94.0,240.0
20.6253,56.0,240.0
20.6304,-168.0,240.0
20.6353,-2.0,238.0
20.6406,226.0,240.0
20.6455,-46.0,240.0
20.6505,-212.0,242.0
20.6555,71.0,240.0
20.6604,109.0,242.0
20.6653,-98.0,238.0
20.6703,48.0,238.0
20.6756,144.0,236.0
20.6806,-204.0,236.0
20.6856,-199.0,236.0
20.6903,288.0,238.0
20.6953,216.0,240.0
20.7004,-257.0,242.0
20.7053,-151.0,242.0
20.7104,141.0,244.0
20.7163,39.0,244.0
20.7204,-19.0,244.0
20.7253,28.0,242.0
20.7306,-68.0,240.0
20.7354,-19.0,238.0
20.7404,124.0,238.0
20.7455,-23.0,236.0
20.7504,-146.0,238.0
20.7553,75.0,236.0
20.7604,116.0,238.0
20.7655,-145.0,240.0
20.7704,-35.0,240.0
20.7754,219.0,240.0
20.7804,-78.0,242.0
20.7853,-253.0,240.0
20.7907,180.0,242.0
20.7955,237.0,240.0
20.8005,-203.0,242.0
20.8055,-184.0,240.0
20.8104,113.0,240.0
20.8155,117.0,240.0
20.8204,41.0,238.0
20.8255,-46.0,238.0
20.8304,-159.0,240.0
20.8353,-33.0,238.0
20.8403,158.0,242.0
20.8455,105.0,242.0
20.8506,-57.0,240.0
20.8554,-112.0,240.0
20.8605,-11.0,238.0
20.8655,46.0,234.0
20.8705,-58.0,234.0
20.8754,-10.0,230.0
20.8804,193.0,232.0
20.8855,106.0,232.0
20.8906,-227.0,232.0
20.8954,-290.0,234.0
20.9003,110.0,232.0
20.9054,422.0,232.0
20.9104,55.0,232.0
20.9157,-417.0,232.0
20.9204,-121.0,234.0
20.9253,307.0,234.0
20.9306,25.0,234.0
20.9356,-225.0,238.0
20.9404,129.0,240.0
20.9453,270.0,242.0
20.9505,-166.0,244.0
20.9554,-372.0,248.0
20.9605,47.0,248.0
20.9654,380.0,252.0
20.9704,75.0,252.0
20.9754,-250.0,256.0
20.9804,-50.0,254.0
20.9855,94.0,254.0
20.9908,-96.0,254.0
20.9955,-31.0,252.0
21.0005,202.0,252.0
21.0054,40.0,252.0
21.0104,-174.0,254.0
21.0153,-3.0,254.0
21.0203,78.0,252.0
21.0254,-114.0,252.0
21.0303,-32.0,250.0
21.0354,200.0,252.0
21.0403,40.0,252.0
21.0454,-144.0,254.0
21.0503,5.0,252.0
21.0554,-11.0,250.0
21.0604,-159.0,252.0
21.0654,126.0,250.0
21.0704,317.0,254.0
21.0756,-124.0,254.0
21.0804,-350.0,260.0
21.0855,66.0,260.0
21.0904,279.0,264.0
21.0953,-51.0,262.0
21.1006,-226.0,264.0
21.1055,74.0,260.0
21.1104,218.0,258.0
21.1155,-38.0,256.0
21.1205,-148.0,252.0
21.1253,-73.0,252.0
21.1304,-48.0,250.0
21.1354,139.0,248.0
21.1406,273.0,252.0
21.1455,-66.0,248.0
21.1504,-372.0,252.0
21.1553,-74.0,248.0
21.1605,298.0,252.0
21.1654,127.0,252.0
21.1705,-140.0,254.0
21.1754,-36.0,254.0
21.1803,14.0,252.0
21.1854,-108.0,252.0
21.1907,23.0,252.0
21.1954,204.0,254.0
21.2003,-1.0,254.0
21.2054,-248.0,256.0
21.2103,-36.0,256.0
21.2154,299.0,258.0
21.2204,86.0,258.0
21.2255,-365.0,264.0
21.2304,-147.0,266.0
21.2354,384.0,270.0
21.2403,159.0,274.0
21.2455,-323.0,278.0
21.2504,-49.0,278.0
21.2555,255.0,280.0
21.2603,-146.0,282.0
21.2654,-256.0,284.0
21.2703,299.0,286.0
21.2753,295.0,290.0
21.2804,-314.0,292.0
21.2854,-275.0,296.0
21.2904,218.0,296.0
21.2953,163.0,298.0
21.3005,-99.0,298.0
21.3057,-22.0,296.0
21.3114,-8.0,296.0
21.3154,-76.0,294.0
21.3204,116.0,294.0
21.3254,112.0,292.0
21.3304,-193.0,290.0
21.3353,-86.0,288.0
21.3404,193.0,288.0
21.3454,30.0,286.0
21.3506,-101.0,284.0
21.3554,8.0,284.0
21.3606,-78.0,286.0
21.3654,-48.0,286.0
21.3704,269.0,288.0
21.3754,133.0,290.0
21.3804,-320.0,294.0
21.3854,-206.0,296.0
21.3905,180.0,296.0
21.3956,149.0,298.0
21.4005,7.0,296.0
21.4054,56.0,294.0
21.4104,-77.0,296.0
21.4154,-311.0,296.0
21.4204,-1.0,296.0
21.4255,462.0,300.0
21.4304,125.0,298.0
21.4354,-426.0,302.0
21.4404,-150.0,300.0
21.4455,283.0,302.0
21.4504,29.0,300.0
21.4554,-207.0,302.0
21.4604,115.0,304.0
21.4653,257.0,306.0
21.4704,-133.0,306.0
21.4756,-305.0,310.0
21.4804,43.0,308.0
21.4854,237.0,310.0
21.4904,25.0,310.0
21.4954,-110.0,310.0
21.5004,-34.0,310.0
21.5055,22.0,310.0
21.5104,23.0,310.0
21.5155,2.0,310.0
21.5205,-5.0,306.0
21.5253,30.0,306.0
21.5305,-10.0,302.0
21.5356,-95.0,298.0
21.5404,2.0,298.0
21.5456,145.0,292.0
21.5503,8.0,292.0
21.5553,-178.0,288.0
21.5604,7.0,286.0
21.5656,217.0,286.0
21.5704,-56.0,286.0
21.5757,-238.0,286.0
21.5804,123.0,286.0
21.5855,216.0,284.0
21.5908,-170.0,284.0
21.5955,-181.0,282.0
21.6004,152.0,284.0
21.6053,174.0,280.0
21.6103,-56.0,280.0
21.6155,-190.0,280.0
21.6203,-55.0,280.0
21.6255,229.0,282.0
21.6304,97.0,282.0
21.6354,-318.0,286.0
21.6403,-70.0,284.0
21.6456,408.0,290.0
21.6504,47.0,288.0
21.6554,-372.0,294.0
21.6603,-35.0,292.0
21.6653,188.0,294.0
21.6705,-23.0,294.0
21.6753,-5.0,290.0
21.6804,132.0,292.0
21.6854,-43.0,290.0
21.6904,-207.0,294.0
21.6953,-6.0,294.0
21.7006,175.0,294.0
21.7066,40.0,292.0
21.7103,-45.0,288.0
21.7154,-13.0,286.0
21.7203,-105.0,282.0
21.7254,-27.0,282.0
21.7304,195.0,280.0
21.7354,31.0,280.0
21.7404,-205.0,280.0
21.7455,-14.0,280.0
21.7503,144.0,278.0
21.7554,22.0,278.0
21.7604,-15.0,276.0
21.7656,-69.0,276.0
21.7704,-132.0,276.0
21.7754,136.0,276.0
21.7805,193.0,276.0
21.7854,-203.0,278.0
21.7906,-125.0,274.0
21.7954,241.0,276.0
21.8004,-15.0,272.0
21.8054,-204.0,274.0
21.8104,155.0,274.0
21.8153,72.0,274.0
21.8207,-244.0,278.0
21.8254,111.0,278.0
21.8303,243.0,282.0
21.8354,-278.0,282.0
21.8403,-155.0,284.0
21.8463,395.0,286.0
21.8503,54.0,288.0
21.8553,-467.0,290.0
21.8603,-34.0,290.0
21.8653,481.0,290.0
21.8703,102.0,290.0
21.8756,-390.0,290.0
21.8805,-162.0,290.0
21.8854,207.0,288.0
21.8905,111.0,290.0
21.8955,-38.0,286.0
21.9004,23.0,284.0
21.9054,-26.0,280.0
21.9105,-104.0,278.0
21.9157,21.0,274.0
21.9203,73.0,270.0
21.9254,-30.0,266.0
21.9305,-17.0,262.0
21.9353,49.0,260.0
21.9405,-1.0,260.0
21.9453,-7.0,258.0
21.9504,28.0,260.0
21.9554,-97.0,260.0
21.9604,-132.0,260.0
21.9655,143.0,260.0
21.9704,251.0,262.0
21.9753,-35.0,260.0
21.9804,-219.0,260.0
21.9854,-114.0,262.0
21.9905,3.0,260.0
21.9956,140.0,262.0
22.0004,202.0,264.0
22.0053,-64.0,264.0
22.0103,-221.0,264.0
22.0153,32.0,262.0
22.0203,97.0,260.0
22.0253,-63.0,256.0
22.0304,25.0,254.0
22.0353,47.0,252.0
22.0405,-91.0,254.0
22.0455,52.0,254.0
22.0504,113.0,254.0
22.0554,-153.0,252.0
22.0603,-92.0,254.0
22.0653,176.0,250.0
22.0705,26.0,248.0
22.0754,-137.0,242.0
22.0805,75.0,242.0
22.0855,126.0,240.0
22.0904,-177.0,242.0
22.0955,-199.0,242.0
22.1004,220.0,244.0
22.1056,298.0,244.0
22.1107,-186.0,244.0
22.1155,-345.0,246.0
22.1203,103.0,246.0
22.1254,320.0,248.0
22.1304,-4.0,248.0
22.1354,-231.0,250.0
22.1407,-45.0,250.0
22.1456,134.0,252.0
22.1503,8.0,250.0
22.1554,-98.0,252.0
22.1604,58.0,254.0
22.1654,105.0,254.0
22.1703,-97.0,256.0
22.1756,-96.0,256.0
22.1804,139.0,258.0
22.1853,79.0,256.0
22.1905,-209.0,260.0
22.1953,-97.0,258.0
22.2004,248.0,262.0
22.2054,117.0,260.0
22.2104,-200.0,264.0
22.2154,-69.0,260.0
22.2216,112.0,260.0
22.2253,-38.0,258.0
22.2304,-78.0,256.0
22.2353,103.0,254.0
22.2403,117.0,254.0
22.2455,-66.0,252.0
22.2504,-145.0,254.0
22.2555,-5.0,252.0
22.2604,88.0,252.0
22.2654,-10.0,248.0
22.2704,4.0,246.0
22.2754,125.0,244.0
22.2804,-14.0,242.0
22.2855,-195.0,240.0
22.2903,-69.0,240.0
22.2953,108.0,236.0
22.3003,124.0,238.0
22.3054,39.0,234.0
22.3104,-83.0,236.0
22.3155,-78.0,236.0
22.3209,32.0,236.0
22.3264,1.0,234.0
22.3305,-57.0,232.0
22.3354,48.0,232.0
22.3403,134.0,232.0
22.3455,29.0,232.0
22.3503,-170.0,234.0
22.3554,-198.0,238.0
22.3604,102.0,236.0
22.3654,327.0,242.0
22.3704,37.0,240.0
22.3755,-323.0,244.0
22.3803,-134.0,242.0
22.3854,221.0,246.0
22.3905,116.0,246.0
22.3954,-133.0,248.0
22.4003,-41.0,248.0
22.4055,113.0,248.0
22.4107,19.0,246.0
22.4154,-93.0,246.0
22.4204,-41.0,244.0
22.4253,-2.0,240.0
22.4303,1.0,238.0
22.4353,109.0,236.0
22.4404,139.0,238.0
22.4453,-98.0,236.0
22.4504,-265.0,238.0
22.4555,-30.0,238.0
22.4603,242.0,238.0
22.4653,134.0,238.0
22.4703,-101.0,236.0
22.4755,-129.0,234.0
22.4805,-6.0,232.0
22.4853,83.0,226.0
22.4903,5.0,226.0
22.4953,-94.0,220.0
22.5004,31.0,220.0
22.5054,144.0,214.0
22.5107,-13.0,212.0
22.5154,-135.0,208.0
22.5204,-46.0,208.0
22.5258,61.0,204.0
22.5303,89.0,204.0
22.5355,-10.0,204.0
22.5406,-105.0,206.0
22.5453,8.0,206.0
22.5503,105.0,206.0
22.5553,-6.0,204.0
22.5603,-83.0,206.0
22.5653,0.0,204.0
22.5704,58.0,206.0
22.5754,-11.0,204.0
22.5805,-50.0,206.0
22.5853,41.0,206.0
22.5906,56.0,206.0
22.5955,-69.0,206.0
22.6003,-84.0,206.0
22.6053,76.0,204.0
22.6104,148.0,202.0
22.6154,-66.0,202.0
22.6206,-205.0,202.0
22.6255,71.0,202.0
22.6304,187.0,204.0
22.6354,-117.0,204.0
22.6403,-94.0,202.0
22.6454,201.0,206.0
22.6504,-23.0,202.0
22.6553,-305.0,206.0
22.6603,114.0,206.0
22.6653,396.0,212.0
22.6705,-138.0,214.0
22.6754,-412.0,220.0
22.6804,116.0,220.0
22.6855,339.0,224.0
22.6903,-122.0,224.0
22.6954,-249.0,226.0
22.7004,164.0,226.0
22.7055,206.0,228.0
22.7106,-162.0,230.0
22.7154,-183.0,230.0
22.7203,87.0,230.0
22.7253,127.0,230.0
22.7309,-18.0,228.0
22.7355,-35.0,226.0
22.7406,35.0,222.0
22.7455,-50.0,218.0
22.7503,-105.0,218.0
22.7553,91.0,214.0
22.7605,126.0,214.0
22.7655,-93.0,210.0
22.7704,-48.0,210.0
22.7755,102.0,208.0
22.7805,-68.0,210.0
22.7853,-143.0,210.0
22.7905,121.0,212.0
22.7955,182.0,212.0
22.8005,-94.0,212.0
22.8053,-168.0,214.0
22.8103,75.0,214.0
22.8153,107.0,214.0
22.8204,-122.0,214.0
22.8254,-41.0,212.0
22.8304,176.0,212.0
22.8354,-20.0,212.0
22.8403,-171.0,210.0
22.8456,91.0,210.0
22.8504,144.0,208.0
22.8555,-151.0,210.0
22.8603,-143.0,210.0
22.8653,165.0,212.0
22.8703,136.0,214.0
22.8756,-127.0,214.0
22.8804,-85.0,214.0
22.8854,63.0,214.0
22.8903,11.0,212.0
22.8958,-17.0,212.0
22.9003,36.0,210.0
22.9056,14.0,210.0
22.9105,-18.0,210.0
22.9155,-18.0,210.0
22.9204,-67.0,210.0
22.9254,-11.0,206.0
22.9304,187.0,208.0
22.9355,65.0,208.0
22.9404,-306.0,210.0
22.9454,-132.0,212.0
22.9513,379.0,218.0
22.956,208.0,220.0
22.9605,-366.0,224.0
22.9654,-243.0,228.0
22.9704,301.0,232.0
22.9753,196.0,234.0
22.9803,-288.0,236.0
22.9855,-138.0,238.0
22.9907,337.0,240.0
22.9955,163.0,240.0
23.0006,-294.0,244.0
23.0053,-211.0,242.0
23.0105,51.0,242.0
23.0153,121.0,238.0
23.0203,240.0,240.0
23.0254,113.0,238.0
23.0304,-314.0,242.0
23.0354,-286.0,244.0
23.0403,112.0,246.0
23.0454,235.0,248.0
23.0515,175.0,250.0
23.0553,-36.0,248.0
23.0603,-358.0,254.0
23.0653,-140.0,256.0
23.0704,371.0,262.0
23.0756,210.0,264.0
23.0804,-238.0,264.0
23.0853,-187.0,266.0
23.0903,49.0,262.0
23.0953,132.0,264.0
23.1003,98.0,262.0
23.1054,-81.0,262.0
23.1104,-153.0,262.0
23.1154,37.0,260.0
23.1203,114.0,262.0
23.1254,-27.0,262.0
23.1305,-58.0,262.0
23.1353,81.0,262.0
23.1404,91.0,262.0
23.1458,-158.0,264.0
23.1504,-215.0,266.0
23.1554,164.0,266.0
23.1604,297.0,270.0
23.1653,-80.0,270.0
23.1704,-243.0,274.0
23.1753,4.0,274.0
23.1805,144.0,274.0
23.1853,12.0,274.0
23.1905,-148.0,274.0
23.1953,-42.0,276.0
23.2003,238.0,278.0
23.2054,112.0,280.0
23.2106,-267.0,282.0
23.2165,-121.0,284.0
23.2207,189.0,286.0
23.2253,0.0,286.0
23.2304,-92.0,286.0
23.2353,184.0,288.0
23.2403,48.0,288.0
23.2454,-322.0,292.0
23.2503,-29.0,290.0
23.2554,348.0,294.0
23.2603,-36.0,292.0
23.2654,-278.0,294.0
23.2705,140.0,294.0
23.2756,179.0,294.0
23.2806,-169.0,296.0
23.2854,-83.0,294.0
23.2903,88.0,296.0
23.2953,-7.0,290.0
23.3003,10.0,288.0
23.3055,70.0,284.0
23.3106,-55.0,282.0
23.3155,-85.0,278.0
23.3204,84.0,276.0
23.3254,80.0,272.0
23.3305,-151.0,274.0
23.3353,-98.0,272.0
23.3405,227.0,272.0
23.3454,130.0,270.0
23.3504,-234.0,272.0
23.3554,-92.0,270.0
23.3605,167.0,272.0
23.3653,-61.0,270.0
23.3703,-103.0,272.0
23.3754,239.0,276.0
23.3803,63.0,276.0
23.3856,-327.0,280.0
23.3904,8.0,278.0
23.3955,356.0,282.0
23.4005,-104.0,282.0
23.4054,-414.0,288.0
23.4105,134.0,288.0
23.4153,467.0,294.0
23.4206,-62.0,294.0
23.4255,-411.0,298.0
23.4303,-28.0,298.0
23.4354,252.0,298.0
23.4403,51.0,298.0
23.4453,-87.0,296.0
23.4503,-6.0,296.0
23.4555,-3.0,294.0
23.4604,-63.0,292.0
23.4653,-16.0,292.0
23.4703,83.0,290.0
23.4754,103.0,292.0
23.4804,3.0,290.0
23.4856,-123.0,290.0
23.4904,-129.0,290.0
23.4953,12.0,288.0
23.5003,141.0,288.0
23.5054,128.0,286.0
23.5105,-13.0,284.0
23.5155,-170.0,286.0
23.5205,-110.0,286.0
23.5253,117.0,286.0
23.5306,102.0,288.0
23.5353,-53.0,288.0
23.5403,19.0,288.0
23.5454,12.0,288.0
23.5503,-171.0,290.0
23.5554,2.0,290.0
23.5606,292.0,294.0
23.5653,29.0,294.0
23.5703,-354.0,298.0
23.5753,-102.0,298.0
23.5803,355.0,298.0
23.5854,156.0,298.0
23.5905,-326.0,298.0
23.5953,-142.0,296.0
23.6003,318.0,296.0
23.6054,91.0,294.0
23.6104,-347.0,294.0
23.6153,-73.0,292.0
23.6205,365.0,294.0
23.6255,90.0,294.0
23.6304,-320.0,292.0
23.6354,-51.0,292.0
23.6403,226.0,290.0
23.6453,-71.0,288.0
23.6506,-146.0,290.0
23.6554,178.0,290.0
23.6604,99.0,288.0
23.6654,-158.0,288.0
23.6703,-27.0,284.0
23.6753,35.0,280.0
23.6804,-107.0,280.0
23.6853,58.0,278.0
23.6903,217.0,278.0
23.6953,-49.0,278.0
23.7005,-183.0,276.0
23.7055,9.0,274.0
23.7104,47.0,268.0
23.7154,-32.0,266.0
23.7203,41.0,262.0
23.7253,116.0,262.0
23.7305,-23.0,262.0
23.7355,-212.0,262.0
23.7405,-41.0,262.0
23.7455,289.0,264.0
23.7503,97.0,264.0
23.7558,-322.0,268.0
23.7604,-121.0,268.0
23.7653,274.0,272.0
23.7704,90.0,272.0
23.7755,-150.0,274.0
23.7804,-1.0,272.0
23.7855,12.0,270.0
23.7904,-90.0,268.0
23.7953,63.0,266.0
23.8003,110.0,264.0
23.8053,-80.0,264.0
23.8103,-40.0,260.0
23.8155,100.0,262.0
23.8206,-51.0,260.0
23.8255,-135.0,262.0
23.8303,86.0,262.0
23.8353,118.0,262.0
23.8403,-74.0,260.0
23.8455,-37.0,258.0
23.8504,57.0,256.0
23.8556,-36.0,254.0
23.8605,-18.0,252.0
23.8653,63.0,252.0
23.8704,-80.0,252.0
23.8756,-84.0,250.0
23.8805,224.0,254.0
23.8855,150.0,250.0
23.8904,-350.0,256.0
23.8954,-280.0,254.0
23.9003,371.0,260.0
23.9053,432.0,262.0
23.9103,-235.0,264.0
23.9154,-526.0,270.0
23.9205,7.0,266.0
23.9254,495.0,274.0
23.9304,150.0,274.0
23.9354,-344.0,280.0
23.9405,-111.0,282.0
23.9455,167.0,282.0
23.9503,-95.0,284.0
23.9556,-71.0,284.0
23.9605,294.0,286.0
23.9655,55.0,286.0
23.9704,-324.0,288.0
23.9754,-22.0,288.0
23.9803,185.0,286.0
23.9855,-95.0,286.0
23.9904,-5.0,282.0
23.9953,268.0,286.0
24.0005,-81.0,284.0
24.0056,-404.0,290.0
24.0104,34.0,288.0
24.0154,396.0,290.0
24.0203,76.0,292.0
24.0254,-214.0,290.0
24.0304,-144.0,292.0
24.0353,-46.0,286.0
24.0403,115.0,286.0
24.0455,238.0,284.0
24.0505,-23.0,282.0
24.0553,-266.0,280.0
24.0603,-34.0,278.0
24.0653,144.0,274.0
24.0704,-19.0,274.0
24.0756,14.0,270.0
24.0804,141.0,272.0
24.0853,-98.0,272.0
24.0906,-201.0,276.0
24.0953,113.0,276.0
24.1005,166.0,278.0
24.1058,-127.0,280.0
24.1103,-146.0,282.0
24.1155,142.0,282.0
24.1203,225.0,286.0
24.1254,-104.0,286.0
24.1304,-334.0,288.0
24.1355,32.0,288.0
24.1404,322.0,292.0
24.1454,-31.0,290.0
24.1503,-158.0,292.0
24.1553,144.0,292.0
24.1605,-23.0,290.0
24.1671,-251.0,292.0
24.1704,108.0,292.0
24.1754,225.0,296.0
24.1805,-120.0,296.0
24.1853,-100.0,298.0
24.1905,116.0,298.0
24.1955,1.0,298.0
24.2004,-82.0,294.0
24.2053,15.0,294.0
24.2103,0.0,288.0
24.2153,10.0,286.0
24.2203,85.0,282.0
24.2253,-23.0,280.0
24.2303,-95.0,278.0
24.2353,12.0,274.0
24.2403,10.0,270.0
24.2454,7.0,268.0
24.2506,125.0,266.0
24.2554,-32.0,264.0
24.2603,-260.0,264.0
24.2653,53.0,262.0
24.2709,333.0,262.0
24.2757,-54.0,262.0
24.2804,-297.0,264.0
24.2854,52.0,264.0
24.2903,198.0,264.0
24.2953,-66.0,262.0
24.3003,-146.0,264.0
24.3053,64.0,262.0
24.3105,154.0,264.0
24.3155,-32.0,264.0
24.3203,-142.0,264.0
24.3253,4.0,264.0
24.3304,70.0,262.0
24.3354,1.0,260.0
24.3403,37.0,258.0
24.3453,0.0,258.0
24.3503,-126.0,260.0
24.3553,0.0,258.0
24.3604,112.0,260.0
24.3656,-15.0,258.0
24.3706,31.0,258.0
24.3754,89.0,256.0
24.3804,-204.0,260.0
24.3854,-223.0,258.0
24.3911,239.0,260.0
24.3954,322.0,260.0
24.4005,-102.0,260.0
24.4053,-258.0,260.0
24.4103,-53.0,260.0
24.4153,56.0,258.0
24.4203,73.0,258.0
24.4253,76.0,260.0
24.4303,8.0,258.0
24.4353,-5.0,258.0
24.4403,-46.0,256.0
24.4455,-180.0,258.0
24.4505,-14.0,258.0
24.4558,289.0,260.0
24.4607,97.0,262.0
24.4659,-214.0,262.0
24.4717,-91.0,262.0
24.4762,14.0,262.0
24.4804,-25.0,260.0
24.4857,140.0,262.0
24.4903,164.0,264.0
24.4955,-116.0,264.0
24.5007,-216.0,268.0
24.5061,-66.0,268.0
24.5103,132.0,268.0
24.5155,244.0,272.0
24.5204,24.0,268.0
24.5255,-288.0,270.0
24.5307,-117.0,266.0
24.536,227.0,266.0
24.5408,79.0,262.0
24.5458,-163.0,258.0
24.5505,16.0,254.0
24.5557,108.0,248.0
24.5607,-75.0,248.0
24.566,-11.0,240.0
24.5703,98.0,240.0
24.5758,-98.0,236.0
24.5806,-120.0,236.0
24.5856,146.0,236.0
24.5904,126.0,236.0
24.5966,-138.0,238.0
24.6003,-83.0,234.0
24.6053,146.0,236.0
24.6105,23.0,230.0
24.6156,-164.0,234.0
24.6212,-2.0,230.0
24.6258,115.0,230.0
24.6307,4.0,230.0
24.6355,5.0,226.0
24.6406,23.0,226.0
24.6457,-92.0,220.0
24.6512,-47.0,220.0
24.6558,74.0,216.0
24.6609,0.0,214.0
24.6657,2.0,212.0
24.6707,96.0,210.0
24.6759,-59.0,210.0
24.6803,-153.0,212.0
24.6865,77.0,208.0
24.6907,139.0,210.0
24.6955,-89.0,208.0
24.7008,-120.0,210.0
24.7059,107.0,208.0
24.7103,148.0,210.0
24.7158,-124.0,212.0
24.7211,-181.0,212.0
24.7255,151.0,214.0
24.7305,162.0,214.0
24.736,-189.0,214.0
24.741,-99.0,214.0
24.746,181.0,214.0
24.7506,30.0,212.0
24.7555,-69.0,212.0
24.7606,12.0,208.0
24.7659,-111.0,208.0
24.7708,-18.0,204.0
24.7764,268.0,206.0
24.7804,1.0,202.0
24.7855,-346.0,206.0
24.7908,8.0,204.0
24.7953,340.0,208.0
24.8004,25.0,208.0
24.8053,-255.0,208.0
24.8106,-122.0,208.0
24.8155,97.0,206.0
24.8209,228.0,208.0
24.8262,96.0,208.0
24.8303,-228.0,210.0
24.8363,-240.0,212.0
24.8406,86.0,212.0
24.8456,245.0,216.0
24.8509,81.0,218.0
24.8556,-119.0,220.0
24.8605,-140.0,220.0
24.8663,-13.0,220.0
24.8705,88.0,220.0
24.8758,27.0,220.0
24.8815,-37.0,220.0
24.886,75.0,222.0
24.8908,53.0,220.0
24.8955,-177.0,222.0
24.9003,-78.0,220.0
24.9062,198.0,222.0
24.9103,39.0,218.0
24.9159,-150.0,220.0
24.9216,45.0,216.0
24.9255,70.0,216.0
24.9306,-93.0,214.0
24.9363,36.0,214.0
24.9405,38.0,212.0
24.9456,-154.0,214.0
24.9504,93.0,212.0
24.9557,232.0,216.0
24.9605,-199.0,216.0
24.9661,-235.0,220.0
24.9703,225.0,222.0
24.9761,184.0,226.0
24.9805,-199.0,228.0
24.9862,-124.0,230.0
24.9912,159.0,230.0
24.9957,73.0,232.0
25.0003,-104.0,232.0
25.0054,-9.0,232.0
25.0103,16.0,230.0
25.0155,-102.0,230.0
25.021,81.0,230.0
25.0258,266.0,230.0
25.0305,-120.0,228.0
25.0354,-423.0,230.0
25.0408,55.0,228.0
25.0456,485.0,232.0
25.0514,69.0,232.0
25.056,-397.0,238.0
25.0605,-156.0,240.0
25.0659,172.0,240.0
25.0706,119.0,242.0
25.0757,83.0,244.0
25.0803,32.0,244.0
25.0861,-220.0,244.0
25.0905,-187.0,246.0
25.0956,173.0,244.0
25.1005,226.0,246.0
25.1054,-16.0,244.0
25.1104,-126.0,244.0
25.1156,-113.0,246.0
25.1211,-24.0,246.0
25.1256,144.0,246.0
25.1308,110.0,246.0
25.136,-127.0,246.0
25.1409,-102.0,244.0
25.1457,127.0,244.0
25.1505,62.0,244.0
25.1556,-115.0,242.0
25.1609,-22.0,242.0
25.1662,39.0,238.0
25.1703,-57.0,236.0
25.1758,58.0,234.0
25.1805,202.0,236.0
25.1855,-79.0,234.0
25.1913,-322.0,240.0
25.1959,-4.0,238.0
25.2005,278.0,240.0
25.2053,87.0,242.0
25.2106,-58.0,242.0
25.2181,-38.0,240.0
25.221,-156.0,240.0
25.2271,-110.0,240.0
25.2303,195.0,242.0
25.2358,177.0,242.0
25.2405,-81.0,242.0
25.2456,-74.0,240.0
25.2508,-46.0,242.0
25.256,-80.0,240.0
25.2607,136.0,242.0
25.2655,143.0,242.0
25.2707,-237.0,246.0
25.2761,-134.0,248.0
25.2803,333.0,254.0
25.2859,156.0,254.0
25.2915,-324.0,258.0
25.2953,-215.0,260.0
25.3006,181.0,264.0
25.3063,226.0,266.0
25.3104,10.0,266.0
25.3153,-153.0,266.0
25.3206,-144.0,266.0
25.3255,44.0,266.0
25.3305,192.0,268.0
25.3361,43.0,266.0
25.3409,-201.0,268.0
25.3464,-105.0,268.0
25.3505,192.0,268.0
25.3555,147.0,268.0
25.3606,-152.0,268.0
25.3659,-166.0,268.0
25.3703,86.0,268.0
25.3758,172.0,268.0
25.3805,-12.0,266.0
25.3858,-174.0,266.0
25.3909,-56.0,266.0
25.3962,169.0,268.0
25.4008,87.0,268.0
25.4056,-160.0,270.0
25.4105,-54.0,270.0
25.4153,166.0,268.0
25.4204,2.0,268.0
25.4254,-173.0,266.0
25.4303,-1.0,266.0
25.4353,151.0,262.0
25.4407,67.0,264.0
25.4456,-107.0,262.0
25.4507,-173.0,262.0
25.4559,47.0,262.0
25.4605,275.0,262.0
25.4667,42.0,260.0
25.4704,-307.0,262.0
25.4754,-133.0,260.0
25.4806,207.0,262.0
25.4854,142.0,260.0
25.4903,-22.0,260.0
25.4953,-38.0,258.0
25.5008,-86.0,258.0
25.5054,-75.0,258.0
25.5103,51.0,258.0
25.5154,61.0,258.0
25.5203,5.0,258.0
25.5253,62.0,258.0
25.5304,34.0,258.0
25.5355,-139.0,258.0
25.5404,-122.0,258.0
25.5453,101.0,256.0
25.5504,152.0,258.0
25.5554,-24.0,256.0
25.5603,-90.0,256.0
25.5653,-19.0,256.0
25.5704,-43.0,256.0
25.5753,15.0,254.0
25.5804,216.0,258.0
25.5854,49.0,256.0
25.5904,-358.0,260.0
25.5954,-189.0,260.0
25.6003,360.0,262.0
25.6053,327.0,264.0
25.6103,-162.0,262.0
25.6154,-320.0,264.0
25.6204,-130.0,264.0
25.6254,130.0,264.0
25.6303,337.0,266.0
25.6353,93.0,266.0
25.6403,-379.0,270.0
25.6454,-185.0,274.0
25.6503,308.0,278.0
25.6553,117.0,278.0
25.6603,-191.0,280.0
25.6653,20.0,276.0
25.6703,58.0,276.0
25.6755,-125.0,270.0
25.6803,77.0,272.0
25.6853,154.0,266.0
25.6903,-186.0,268.0
25.6953,-137.0,264.0
25.7008,208.0,264.0
25.7055,114.0,264.0
25.7103,-128.0,264.0
25.7153,-100.0,264.0
25.7203,17.0,264.0
25.7253,92.0,262.0
25.7304,37.0,260.0
25.7355,-90.0,258.0
25.7403,-13.0,254.0
25.7453,93.0,256.0
25.7502,-43.0,254.0
25.7553,-85.0,254.0
25.7603,53.0,254.0
25.7655,41.0,254.0
25.7704,-11.0,252.0
25.7753,31.0,250.0
25.7803,-18.0,248.0
25.7853,-79.0,248.0
25.7905,45.0,248.0
25.7954,97.0,248.0
25.8006,-133.0,250.0
25.8053,-153.0,250.0
25.8104,231.0,254.0
25.8153,265.0,256.0
25.8204,-211.0,258.0
25.8254,-344.0,262.0
25.8303,87.0,258.0
25.8354,316.0,262.0
25.8404,0.0,258.0
25.8455,-212.0,260.0
25.8503,24.0,260.0
25.8554,106.0,260.0
25.8603,-83.0,260.0
25.8653,-23.0,258.0
25.8703,87.0,256.0
25.8753,-52.0,254.0
25.8803,-49.0,254.0
25.8852,99.0,254.0
25.8903,18.0,254.0
25.8953,-61.0,254.0
25.9004,22.0,252.0
25.9063,-44.0,250.0
25.9103,-88.0,248.0
25.9153,134.0,248.0
25.9203,110.0,244.0
25.9253,-164.0,244.0
25.9304,-19.0,240.0
25.9354,146.0,238.0
25.9404,-154.0,238.0
25.9454,-87.0,236.0
25.9503,318.0,240.0
25.9553,20.0,238.0
25.9605,-392.0,242.0
25.9653,7.0,242.0
25.9703,372.0,244.0
25.9753,18.0,244.0
25.9805,-336.0,246.0
25.9853,-84.0,246.0
25.9905,327.0,248.0
25.9956,162.0,248.0
26.0005,-285.0,250.0
26.0053,-186.0,252.0
26.0104,190.0,252.0
26.0153,110.0,252.0
26.0204,-130.0,254.0
26.0253,1.0,250.0
26.0303,150.0,252.0
26.0353,-40.0,250.0
26.0404,-177.0,252.0
26.0454,4.0,250.0
26.0503,158.0,250.0
26.0557,41.0,248.0
26.0603,-121.0,250.0
26.0654,-75.0,250.0
26.0703,83.0,250.0
26.0754,105.0,250.0
26.0806,-4.0,248.0
26.0853,-102.0,248.0
26.0903,-106.0,248.0
26.0952,28.0,248.0
26.1003,145.0,246.0
26.1054,87.0,246.0
26.1109,-48.0,242.0
26.1157,-152.0,242.0
26.1202,-90.0,240.0
26.1253,103.0,240.0
26.1304,109.0,242.0
26.1359,1.0,240.0
26.1404,34.0,240.0
26.1454,-26.0,240.0
26.1505,-204.0,242.0
26.1556,-77.0,242.0
26.1612,236.0,246.0
26.1653,184.0,248.0
26.1704,-123.0,248.0
26.1753,-125.0,248.0
26.1803,29.0,248.0
26.1853,-77.0,246.0
26.1904,-80.0,246.0
26.1953,206.0,248.0
26.2006,199.0,250.0
26.2054,-124.0,252.0
26.2105,-221.0,254.0
26.2153,-65.0,256.0
26.2202,104.0,254.0
26.2253,172.0,256.0
26.2303,41.0,250.0
26.2354,-149.0,250.0
26.2406,-105.0,246.0
26.2454,86.0,242.0
26.2503,92.0,242.0
26.2555,-50.0,236.0
26.2604,-65.0,236.0
26.2654,32.0,234.0
26.2705,48.0,230.0
26.2755,-22.0,228.0
26.2806,-42.0,224.0
26.2855,9.0,220.0
26.2903,39.0,216.0
26.2953,31.0,216.0
26.3003,-9.0,212.0
26.3057,-89.0,214.0
26.3105,-39.0,214.0
26.3153,128.0,214.0
26.3203,46.0,212.0
26.3253,-171.0,212.0
26.3305,-6.0,210.0
26.3353,250.0,212.0
26.3403,0.0,208.0
26.3453,-309.0,212.0
26.3503,-53.0,210.0
26.3554,252.0,212.0
26.3603,90.0,214.0
26.3655,-82.0,214.0
26.3705,-47.0,214.0
26.3754,-87.0,214.0
26.3803,-32.0,214.0
26.3853,158.0,216.0
26.3907,37.0,216.0
26.3955,-155.0,216.0
26.4004,67.0,216.0
26.4053,163.0,218.0
26.4105,-180.0,220.0
26.4155,-181.0,224.0
26.4203,198.0,226.0
26.4253,121.0,226.0
26.4304,-141.0,228.0
26.4353,56.0,228.0
26.4403,99.0,228.0
26.4455,-267.0,228.0
26.4505,-104.0,226.0
26.4553,385.0,228.0
26.4603,110.0,228.0
26.4654,-369.0,228.0
26.4703,-95.0,228.0
26.4756,264.0,226.0
26.4805,83.0,228.0
26.4853,-110.0,226.0
26.4903,-76.0,228.0
26.4953,-52.0,226.0
26.5003,41.0,226.0
26.5055,162.0,228.0
26.5103,19.0,228.0
26.5155,-180.0,230.0
26.5203,-52.0,230.0
26.5253,129.0,230.0
26.5303,22.0,230.0
26.5354,-72.0,230.0
26.5404,36.0,230.0
26.5454,43.0,230.0
26.5503,-74.0,230.0
26.5553,-40.0,228.0
26.5603,89.0,228.0
26.5654,58.0,226.0
26.5704,-99.0,228.0
26.5754,-95.0,226.0
26.5805,93.0,226.0
26.5853,115.0,226.0
26.5905,-60.0,222.0
26.5955,-78.0,224.0
26.6003,18.0,218.0
26.6053,-10.0,218.0
26.6103,24.0,212.0
26.6154,96.0,214.0
26.6204,-70.0,208.0
26.6254,-119.0,210.0
26.6303,98.0,206.0
26.6354,50.0,204.0
26.6403,-92.0,202.0
26.6453,93.0,200.0
26.6505,67.0,198.0
26.6555,-222.0,200.0
26.6603,-51.0,198.0
26.6653,258.0,202.0
26.6703,43.0,200.0
26.6753,-223.0,204.0
26.6805,-35.0,202.0
26.6855,189.0,204.0
26.6903,44.0,202.0
26.6953,-146.0,204.0
26.7003,-53.0,202.0
26.7053,22.0,202.0
26.7103,-20.0,202.0
26.7153,147.0,202.0
26.7203,203.0,204.0
26.7253,-205.0,206.0
26.7314,-354.0,210.0
26.7354,128.0,212.0
26.7405,323.0,214.0
26.7455,-87.0,214.0
26.7503,-163.0,216.0
26.7554,177.0,216.0
26.7604,54.0,216.0
26.7654,-267.0,218.0
26.7703,-51.0,218.0
26.7753,210.0,222.0
26.7803,46.0,222.0
26.7853,-38.0,222.0
26.7904,33.0,220.0
26.7955,-119.0,220.0
26.8004,-129.0,218.0
26.8053,191.0,218.0
26.8104,144.0,218.0
26.8154,-177.0,220.0
26.8203,-54.0,220.0
26.8253,118.0,220.0
26.8315,-69.0,220.0
26.8356,-56.0,218.0
26.8403,175.0,218.0
26.8464,4.0,216.0
26.8503,-279.0,216.0
26.8553,28.0,216.0
26.8603,386.0,220.0
26.8653,-32.0,218.0
26.8705,-432.0,224.0
26.8753,29.0,222.0
26.8803,381.0,226.0
26.8853,-63.0,226.0
26.8903,-302.0,230.0
26.8953,116.0,230.0
26.9004,274.0,234.0
26.9056,-102.0,234.0
26.9105,-270.0,238.0
26.9154,6.0,238.0
26.9204,231.0,242.0
26.9253,69.0,242.0
26.9303,-184.0,244.0
26.9354,-60.0,244.0
26.9403,187.0,248.0
26.9453,18.0,246.0
26.9503,-243.0,250.0
26.9553,3.0,248.0
26.9604,307.0,252.0
26.9653,-13.0,250.0
26.9705,-316.0,254.0
26.9754,26.0,250.0
26.9804,212.0,254.0
26.9854,-33.0,250.0
26.9905,-11.0,248.0
26.9952,38.0,246.0
27.0003,-171.0,246.0
27.0053,-50.0,246.0
27.0103,228.0,250.0
27.0153,53.0,248.0
27.0204,-156.0,250.0
27.0252,-15.0,248.0
27.0302,35.0,248.0
27.0353,-66.0,246.0
27.0402,63.0,246.0
27.0454,147.0,246.0
27.0503,-112.0,246.0
27.0553,-172.0,246.0
27.0603,107.0,244.0
27.0653,120.0,244.0
27.0705,-60.0,242.0
27.0753,-5.0,242.0
27.0804,37.0,240.0
27.0853,-108.0,238.0
27.0903,-90.0,238.0
27.0953,147.0,234.0
27.1013,151.0,236.0
27.1056,-123.0,232.0
27.1103,-117.0,232.0
27.1153,142.0,230.0
27.1204,29.0,228.0
27.1253,-251.0,232.0
27.1324,-16.0,230.0
27.1356,358.0,234.0
27.1404,83.0,236.0
27.1454,-366.0,238.0
27.1503,-101.0,240.0
27.1554,309.0,242.0
27.1603,-5.0,242.0
27.1654,-278.0,244.0
27.1703,161.0,246.0
27.1754,275.0,250.0
27.1806,-247.0,252.0
27.1853,-226.0,256.0
27.1904,252.0,258.0
27.1955,103.0,258.0
27.2005,-225.0,262.0
27.2053,35.0,260.0
27.2103,176.0,262.0
27.2186,-121.0,262.0
27.2203,-81.0,262.0
27.2253,142.0,262.0
27.2303,-70.0,262.0
27.2353,-150.0,264.0
27.2403,250.0,268.0
27.2456,191.0,270.0
27.2503,-388.0,276.0
27.2553,-232.0,278.0
27.2603,432.0,284.0
27.2653,213.0,286.0
27.2705,-404.0,290.0
27.2759,-154.0,292.0
27.2805,347.0,296.0
27.2854,107.0,296.0
27.2903,-281.0,300.0
27.2953,-72.0,296.0
27.3003,222.0,300.0
27.3053,17.0,296.0
27.3105,-186.0,298.0
27.3154,51.0,296.0
27.3203,164.0,298.0
27.3253,-93.0,296.0
27.3303,-143.0,298.0
27.3354,96.0,296.0
27.3409,129.0,298.0
27.3455,-97.0,298.0
27.3503,-134.0,300.0
27.3553,125.0,300.0
27.3605,142.0,300.0
27.3655,-157.0,298.0
27.3703,-114.0,294.0
27.3753,146.0,296.0
27.3802,28.0,290.0
27.3853,-75.0,290.0
27.3905,103.0,290.0
27.3954,-8.0,286.0
27.4004,-230.0,290.0
27.4053,60.0,286.0
27.4103,288.0,290.0
27.4154,-98.0,288.0
27.4204,-270.0,292.0
27.4253,148.0,294.0
27.4303,237.0,296.0
27.4354,-169.0,298.0
27.4408,-242.0,300.0
27.4455,103.0,298.0
27.4505,238.0,300.0
27.4553,21.0,296.0
27.4603,-136.0,298.0
27.4653,-92.0,298.0
27.4704,-36.0,298.0
27.4753,39.0,298.0
27.4806,157.0,296.0
27.4855,93.0,298.0
27.4904,-166.0,296.0
27.4955,-228.0,300.0
27.5003,108.0,296.0
27.5055,331.0,300.0
27.5105,-34.0,294.0
27.5155,-372.0,298.0
27.5204,-38.0,294.0
27.5252,322.0,298.0
27.5303,83.0,294.0
27.5356,-207.0,296.0
27.5403,-63.0,292.0
27.5452,103.0,292.0
27.5503,-2.0,288.0
27.5555,-48.0,288.0
27.5603,40.0,286.0
27.5653,20.0,286.0
27.5703,-6.0,282.0
27.5752,14.0,282.0
27.5804,-66.0,280.0
27.5854,-62.0,280.0
27.5904,85.0,278.0
27.5953,75.0,280.0
27.6003,-7.0,274.0
27.6053,11.0,274.0
27.6103,-73.0,270.0
27.6154,-183.0,272.0
27.6208,32.0,270.0
27.6253,301.0,274.0
27.6303,106.0,276.0
27.6354,-255.0,280.0
27.6403,-181.0,280.0
27.6461,126.0,280.0
27.6503,90.0,278.0
27.6553,-91.0,280.0
27.6602,66.0,278.0
27.6652,168.0,280.0
27.6706,-130.0,282.0
27.6755,-205.0,284.0
27.6804,99.0,284.0
27.6853,123.0,284.0
27.6903,-73.0,284.0
27.6953,-24.0,280.0
27.7003,89.0,280.0
27.7057,17.0,280.0
27.7104,-101.0,280.0
27.7156,-90.0,280.0
27.7204,93.0,282.0
27.7253,163.0,282.0
27.7303,-114.0,284.0
27.7357,-211.0,284.0
27.7403,186.0,284.0
27.7455,272.0,286.0
27.7503,-224.0,288.0
27.7554,-333.0,292.0
27.7603,134.0,294.0
27.7653,308.0,294.0
27.7703,28.0,294.0
27.7753,-169.0,292.0
27.7803,-116.0,292.0
27.7853,3.0,286.0
27.7909,70.0,286.0
27.7953,105.0,282.0
27.8003,37.0,284.0
27.8056,-172.0,282.0
27.8106,-130.0,280.0
27.8153,226.0,280.0
27.8206,184.0,280.0
27.8256,-233.0,280.0
27.8303,-163.0,278.0
27.8353,173.0,278.0
27.8402,36.0,276.0
27.8453,-89.0,276.0
27.8503,140.0,276.0
27.8552,18.0,274.0
27.8603,-269.0,278.0
27.8653,40.0,276.0
27.8703,300.0,280.0
27.8754,-97.0,278.0
27.8803,-234.0,278.0
27.8853,161.0,278.0
27.8903,107.0,274.0
27.8953,-250.0,274.0
27.9002,9.0,268.0
27.9055,323.0,270.0
27.9103,-62.0,264.0
27.9156,-276.0,266.0
27.9202,77.0,262.0
27.9254,68.0,260.0
27.9303,-135.0,258.0
27.9354,189.0,260.0
27.9403,260.0,260.0
27.9452,-334.0,266.0
27.9503,-351.0,268.0
27.9556,322.0,272.0
27.9603,312.0,276.0
27.9656,-235.0,278.0
27.9704,-184.0,278.0
27.9754,166.0,280.0
27.9804,66.0,278.0
27.9854,-132.0,278.0
27.9905,-5.0,276.0
27.9953,91.0,276.0
28.0003,-25.0,274.0
28.0053,-21.0,272.0
28.0103,55.0,272.0
28.0153,-35.0,270.0
28.0207,-43.0,270.0
28.0255,55.0,270.0
28.0303,-72.0,268.0
28.0353,-93.0,270.0
28.0403,240.0,270.0
28.0453,202.0,272.0
28.0503,-313.0,272.0
28.056,-337.0,276.0
28.0604,225.0,276.0
28.0653,388.0,280.0
28.0703,-83.0,278.0
28.0756,-310.0,280.0
28.0803,27.0,276.0
28.0853,183.0,278.0
28.0902,-87.0,276.0
28.0953,-135.0,276.0
28.1003,165.0,278.0
28.1055,192.0,278.0
28.1105,-123.0,280.0
28.1154,-230.0,284.0
28.1203,-62.0,282.0
28.1253,135.0,282.0
28.1305,220.0,284.0
28.1353,25.0,280.0
28.1403,-147.0,280.0
28.1454,-83.0,276.0
28.1504,-152.0,278.0
28.1556,-31.0,274.0
28.161,470.0,280.0
28.1654,236.0,278.0
28.1704,-591.0,286.0
28.1755,-363.0,290.0
28.1803,496.0,296.0
28.1853,291.0,298.0
28.1905,-341.0,304.0
28.1953,-79.0,304.0
28.2003,249.0,308.0
28.2065,-102.0,310.0
28.2104,-210.0,312.0
28.2155,163.0,314.0
28.2204,175.0,316.0
28.2253,-131.0,318.0
28.2304,-148.0,318.0
28.2353,64.0,318.0
28.2403,148.0,320.0
28.2455,0.0,320.0
28.2504,-147.0,322.0
28.2553,-49.0,320.0
28.2603,101.0,320.0
28.2653,82.0,316.0
28.2703,-18.0,316.0
28.2753,-121.0,314.0
28.2804,-39.0,312.0
28.2853,191.0,312.0
28.2903,37.0,312.0
28.2953,-270.0,314.0
28.3004,-8.0,314.0
28.3054,291.0,316.0
28.3105,-16.0,314.0
28.3154,-217.0,314.0
28.3203,32.0,312.0
28.3253,96.0,312.0
28.3303,-23.0,312.0
28.3353,-7.0,312.0
28.3404,-32.0,310.0
28.3454,-4.0,310.0
28.3504,130.0,310.0
28.3553,-43.0,310.0
28.3603,-218.0,312.0
28.3654,103.0,310.0
28.3703,221.0,312.0
28.3753,-153.0,312.0
28.3803,-116.0,310.0
28.3852,197.0,310.0
28.3903,-24.0,306.0
28.3953,-219.0,304.0
28.4004,101.0,304.0
28.4053,151.0,302.0
28.4104,-120.0,302.0
28.4155,27.0,300.0
28.4203,206.0,302.0
28.4253,-207.0,306.0
28.4304,-400.0,310.0
28.4353,247.0,312.0
28.4403,549.0,320.0
28.4454,-149.0,320.0
28.4506,-484.0,326.0
28.4554,34.0,322.0
28.4603,248.0,324.0
28.4653,10.0,320.0
28.4703,-51.0,318.0
28.4752,6.0,316.0
28.4804,38.0,316.0
28.4855,-30.0,316.0
28.4903,-145.0,316.0
28.4953,28.0,316.0
28.5003,215.0,314.0
28.5054,-23.0,314.0
28.5103,-196.0,312.0
28.5153,28.0,312.0
28.5203,158.0,310.0
28.5255,-27.0,308.0
28.5305,-123.0,308.0
28.5354,25.0,304.0
28.5403,56.0,306.0
28.5452,-73.0,302.0
28.5504,-2.0,300.0
28.5554,181.0,300.0
28.5603,64.0,300.0
28.5655,-274.0,302.0
28.5703,-247.0,304.0
28.5754,259.0,306.0
28.5803,403.0,308.0
28.5853,-122.0,304.0
28.5904,-357.0,304.0
28.5953,-37.0,300.0
28.6004,109.0,296.0
28.6052,94.0,294.0
28.6102,147.0,294.0
28.6152,-45.0,292.0
28.6203,-235.0,294.0
28.6252,14.0,292.0
28.6303,177.0,296.0
28.6353,-60.0,294.0
28.6403,-108.0,296.0
28.6453,88.0,298.0
28.6503,65.0,298.0
28.6553,-8.0,296.0
28.6603,17.0,296.0
28.6653,-133.0,298.0
28.6704,-145.0,298.0
28.6755,233.0,302.0
28.6804,231.0,300.0
28.6855,-274.0,302.0
28.6902,-248.0,302.0
28.6953,301.0,300.0
28.7005,254.0,300.0
28.7055,-326.0,300.0
28.7104,-257.0,302.0
28.7154,336.0,304.0
28.7203,223.0,306.0
28.7253,-328.0,308.0
28.7303,-186.0,310.0
28.7354,290.0,312.0
28.7405,210.0,314.0
28.7454,-195.0,314.0
28.7503,-268.0,316.0
28.7553,63.0,312.0
28.7604,263.0,316.0
28.7653,38.0,314.0
28.7703,-185.0,314.0
28.7755,-79.0,314.0
28.7802,98.0,314.0
28.7853,76.0,314.0
28.7903,-11.0,312.0
28.7953,-40.0,312.0
28.8004,-94.0,306.0
28.8053,-50.0,304.0
28.8103,169.0,296.0
28.8154,179.0,294.0
28.8205,-150.0,288.0
28.8253,-267.0,288.0
28.8303,65.0,284.0
28.8353,256.0,286.0
28.8403,-1.0,282.0
28.8455,-176.0,284.0
28.8504,-1.0,280.0
28.8554,111.0,280.0
28.8603,-11.0,276.0
28.8653,-111.0,276.0
28.8702,-20.0,274.0
28.8756,150.0,276.0
28.8804,80.0,274.0
28.8854,-176.0,278.0
28.8903,-92.0,276.0
28.8953,172.0,278.0
28.9004,13.0,278.0
28.9054,-162.0,278.0
28.9103,101.0,280.0
28.9154,160.0,280.0
28.9205,-156.0,282.0
28.9253,-135.0,282.0
28.9305,118.0,282.0
28.9355,59.0,280.0
28.9404,-27.0,280.0
28.9453,39.0,276.0
28.9505,-81.0,276.0
28.9553,-114.0,276.0
28.9604,183.0,278.0
28.9654,148.0,278.0
28.9704,-245.0,282.0
28.9756,-140.0,284.0
28.9803,248.0,288.0
28.9853,103.0,288.0
28.9905,-194.0,290.0
28.9953,-69.0,290.0
29.0003,98.0,288.0
29.0052,47.0,288.0
29.0104,5.0,284.0
29.0154,-18.0,282.0
29.0202,-73.0,282.0
29.0255,-35.0,278.0
29.0303,84.0,280.0
29.0353,94.0,278.0
29.0403,-43.0,276.0
29.0453,-106.0,276.0
29.0503,-23.0,274.0
29.0554,30.0,274.0
29.0603,58.0,272.0
29.0653,81.0,270.0
29.0702,-25.0,264.0
29.0753,-109.0,262.0
29.0803,-35.0,254.0
29.0854,4.0,252.0
29.0903,39.0,246.0
29.0953,146.0,246.0
29.1003,39.0,244.0
29.1057,-224.0,246.0
29.1105,-133.0,248.0
29.1154,208.0,252.0
29.1202,153.0,254.0
29.1253,-165.0,256.0
29.1303,-89.0,254.0
29.1353,133.0,256.0
29.1403,0.0,252.0
29.1454,-80.0,254.0
29.1503,86.0,252.0
29.1553,-6.0,252.0
29.1604,-157.0,252.0
29.1653,77.0,252.0
29.1703,182.0,254.0
29.1754,-80.0,254.0
29.1804,-156.0,256.0
29.1853,3.0,254.0
29.1903,97.0,256.0
29.1954,108.0,254.0
29.2004,-8.0,254.0
29.2053,-158.0,252.0
29.2104,-75.0,250.0
29.2196,94.0,246.0
29.2204,85.0,242.0
29.2253,35.0,240.0
29.2303,13.0,236.0
29.2353,-125.0,236.0
29.2403,-168.0,238.0
29.2456,106.0,238.0
29.2503,258.0,240.0
29.2553,-15.0,238.0
29.2604,-217.0,238.0
29.2653,-61.0,240.0
29.2706,106.0,238.0
29.2754,81.0,238.0
29.2804,-29.0,238.0
29.2853,-69.0,238.0
29.2903,28.0,236.0
29.2952,76.0,238.0
29.3004,-66.0,238.0
29.3055,-133.0,238.0
29.3104,78.0,238.0
29.3155,196.0,236.0
29.3205,-34.0,234.0
29.3253,-167.0,232.0
29.3304,0.0,228.0
29.3354,22.0,224.0
29.3404,-53.0,220.0
29.3453,140.0,218.0
29.3505,157.0,216.0
29.3553,-222.0,214.0
29.3604,-206.0,214.0
29.3655,211.0,212.0
29.3705,179.0,212.0
29.3754,-134.0,210.0
29.3803,-92.0,208.0
29.3864,43.0,206.0
29.3904,-73.0,202.0
29.3954,-28.0,202.0
29.4004,265.0,202.0
29.4053,108.0,204.0
29.4103,-359.0,206.0
29.4153,-175.0,208.0
29.4202,319.0,210.0
29.4253,152.0,212.0
29.4303,-203.0,214.0
29.4354,-81.0,216.0
29.4403,54.0,214.0
29.4454,15.0,214.0
29.4503,89.0,214.0
29.4553,57.0,212.0
29.4605,-156.0,212.0
29.4653,-137.0,210.0
29.4703,121.0,210.0
29.4755,158.0,208.0
29.4805,-70.0,210.0
29.4853,-94.0,208.0
29.4909,99.0,210.0
29.4952,30.0,208.0
29.5003,-186.0,212.0
29.5053,-44.0,210.0
29.5103,240.0,214.0
29.5155,108.0,214.0
29.5204,-201.0,216.0
29.5253,-127.0,214.0
29.5304,82.0,214.0
29.5353,38.0,212.0
29.5402,44.0,212.0
29.5453,128.0,212.0
29.5502,-96.0,212.0
29.5553,-280.0,214.0
29.5604,71.0,212.0
29.5653,329.0,216.0
29.5703,-49.0,214.0
29.5753,-271.0,218.0
29.5804,80.0,218.0
29.5853,188.0,220.0
29.5906,-113.0,222.0
29.5954,-111.0,222.0
29.6004,96.0,220.0
29.6053,-31.0,218.0
29.6106,-85.0,216.0
29.6152,244.0,218.0
29.6203,154.0,216.0
29.6253,-380.0,220.0
29.6303,-259.0,222.0
29.6353,327.0,226.0
29.6403,287.0,228.0
29.6453,-170.0,230.0
29.6503,-218.0,234.0
29.6554,65.0,234.0
29.6603,146.0,236.0
29.6653,-57.0,236.0
29.6703,-146.0,236.0
29.6754,87.0,236.0
29.6804,194.0,238.0
29.6854,-84.0,238.0
29.6903,-213.0,242.0
29.6953,47.0,242.0
29.7003,157.0,244.0
29.7057,-51.0,242.0
29.7104,-69.0,244.0
29.7152,133.0,244.0
29.7202,37.0,244.0
29.7253,-204.0,246.0
29.7304,-73.0,248.0
29.7354,179.0,248.0
29.7403,116.0,250.0
29.7454,-98.0,248.0
29.7503,-126.0,248.0
29.7552,51.0,244.0
29.7604,141.0,244.0
29.7654,-47.0,242.0
29.7704,-228.0,244.0
29.7753,-6.0,242.0
29.7803,360.0,248.0
29.7853,180.0,250.0
29.7918,-420.0,256.0
29.797,-393.0,262.0
29.8011,359.0,264.0
29.8055,480.0,270.0
29.8104,-252.0,272.0
29.8155,-385.0,276.0
29.8212,182.0,278.0
29.8259,206.0,280.0
29.8304,-142.0,280.0
29.8358,-66.0,280.0
29.8406,78.0,282.0
29.8457,-27.0,280.0
29.8508,15.0,278.0
29.8558,143.0,280.0
29.8604,-50.0,278.0
29.8656,-272.0,282.0
29.8704,-63.0,284.0
29.8754,296.0,286.0
29.8803,268.0,288.0
29.8858,-132.0,288.0
29.8906,-358.0,290.0
29.8956,-141.0,292.0
29.9015,208.0,292.0
29.9064,326.0,296.0
29.9102,61.0,294.0
29.9156,-293.0,298.0
29.9208,-183.0,300.0
29.9257,135.0,302.0
29.9311,32.0,302.0
29.9363,-71.0,302.0
29.9408,223.0,304.0
29.9458,159.0,304.0
29.9505,-336.0,308.0
29.9557,-219.0,308.0
29.961,259.0,312.0
29.9664,109.0,312.0
29.9703,-158.0,314.0
29.9755,47.0,314.0
29.9803,172.0,316.0
29.9855,-36.0,314.0
29.9905,-232.0,316.0
29.9955,-156.0,314.0
30.001,167.0,314.0
30.0054,297.0,316.0
30.0105,16.0,312.0
30.0156,-210.0,314.0
30.021,-120.0,314.0
30.0259,22.0,314.0
30.0306,59.0,314.0
30.0357,29.0,314.0
30.0408,21.0,310.0
30.0456,54.0,308.0
30.0508,0.0,304.0
30.056,-64.0,302.0
30.0602,-53.0,298.0
30.066,-113.0,296.0
30.0707,2.0,294.0
30.0757,337.0,298.0
30.0803,157.0,300.0
30.0853,-384.0,306.0
30.0904,-256.0,308.0
30.0952,222.0,310.0
30.1005,134.0,310.0
30.106,-61.0,308.0
30.1102,151.0,310.0
30.1158,92.0,308.0
30.1205,-363.0,312.0
30.1256,-256.0,316.0
30.1304,355.0,320.0
30.1359,359.0,324.0
30.141,-190.0,324.0
30.1461,-296.0,328.0
30.1505,38.0,326.0
30.1556,117.0,326.0
30.1606,-14.0,322.0
30.1658,37.0,322.0
30.1707,93.0,322.0
30.1761,-67.0,322.0
30.1805,-150.0,324.0
30.1852,12.0,322.0
30.1908,123.0,322.0
30.196,4.0,318.0
30.2005,-76.0,318.0
30.2064,48.0,314.0
30.2103,94.0,314.0
30.2153,-62.0,310.0
30.2209,-157.0,312.0
30.2258,-41.0,310.0
30.2304,191.0,310.0
30.2359,190.0,312.0
30.2415,-183.0,314.0
30.2458,-284.0,318.0
30.2512,179.0,318.0
30.2558,318.0,320.0
30.2605,-176.0,320.0
30.2655,-313.0,320.0
30.2703,144.0,318.0
30.2756,269.0,316.0
30.2803,-95.0,314.0
30.2855,-205.0,314.0
30.2904,32.0,312.0
30.2956,122.0,312.0
30.3005,51.0,310.0
30.3058,16.0,310.0
30.3109,-92.0,310.0
30.3158,-173.0,310.0
30.3208,22.0,308.0
30.3255,216.0,310.0
30.3305,82.0,308.0
30.3352,-95.0,308.0
30.3408,-81.0,308.0
30.3454,-64.0,308.0
30.3503,-20.0,306.0
30.3556,132.0,306.0
30.3605,92.0,308.0
30.3661,-114.0,306.0
30.3702,-71.0,306.0
30.3758,108.0,306.0
30.3805,46.0,304.0
30.3855,-132.0,304.0
30.3903,-115.0,304.0
30.3964,100.0,306.0
30.4002,232.0,306.0
30.4052,25.0,306.0
30.4108,-253.0,306.0
30.4152,-151.0,310.0
30.4213,148.0,306.0
30.4254,189.0,306.0
30.4305,-35.0,300.0
30.4355,-187.0,296.0
30.4408,-16.0,292.0
30.4457,226.0,288.0
30.4508,87.0,284.0
30.456,-262.0,282.0
30.4605,-238.0,284.0
30.4657,186.0,284.0
30.4706,376.0,286.0
30.4759,-7.0,286.0
30.4803,-372.0,290.0
30.4861,-97.0,292.0
30.4907,232.0,296.0
30.4953,-12.0,294.0
30.5005,-87.0,294.0
30.506,237.0,294.0
30.5102,38.0,292.0
30.5163,-340.0,294.0
30.5208,-55.0,290.0
30.5255,236.0,292.0
30.5305,46.0,286.0
30.5368,-40.0,286.0
30.5412,9.0,282.0
30.5458,-119.0,278.0
30.5505,-71.0,280.0
30.5555,210.0,278.0
30.5609,114.0,276.0
30.5663,-239.0,278.0
30.5702,-115.0,280.0
30.5758,198.0,282.0
30.5805,43.0,278.0
30.5857,-104.0,278.0
30.5909,95.0,274.0
30.5952,31.0,272.0
30.6003,-208.0,270.0
30.6057,-13.0,268.0
30.6105,193.0,270.0
30.6156,-15.0,268.0
30.621,-81.0,268.0
30.6256,97.0,268.0
30.6304,9.0,266.0
30.6361,-150.0,264.0
30.6405,-34.0,262.0
30.6455,71.0,260.0
30.6508,49.0,260.0
30.6555,117.0,258.0
30.6603,52.0,258.0
30.6656,-284.0,262.0
30.6708,-226.0,264.0
30.6757,299.0,268.0
30.6808,336.0,274.0
30.6861,-120.0,274.0
30.6904,-284.0,278.0
30.6956,-136.0,280.0
30.7003,94.0,280.0
30.7059,291.0,284.0
30.7103,93.0,284.0
30.7159,-282.0,284.0
30.7221,-150.0,284.0
30.7255,206.0,280.0
30.7306,90.0,278.0
30.7354,-179.0,278.0
30.7408,-30.0,276.0
30.7461,191.0,278.0
30.7505,37.0,276.0
30.7556,-139.0,276.0
30.7606,-56.0,272.0
30.766,-21.0,268.0
30.7702,7.0,264.0
30.7764,202.0,260.0
30.7804,64.0,258.0
30.7855,-302.0,258.0
30.7908,-56.0,260.0
30.7958,312.0,262.0
30.8003,-30.0,262.0
30.8054,-256.0,266.0
30.8104,120.0,266.0
30.8152,160.0,268.0
30.8203,-186.0,268.0
30.8255,-84.0,270.0
30.8302,231.0,270.0
30.8352,84.0,272.0
30.8402,-232.0,274.0
30.8453,-123.0,276.0
30.8503,172.0,278.0
30.8553,121.0,278.0
30.8603,-109.0,278.0
30.8653,-65.0,278.0
30.8703,96.0,276.0
30.8755,16.0,274.0
30.8805,-97.0,272.0
30.8853,-27.0,268.0
30.8902,32.0,266.0
30.8953,72.0,262.0
30.9003,90.0,260.0
30.9054,-75.0,256.0
30.9104,-158.0,258.0
30.9155,21.0,254.0
30.9205,82.0,252.0
30.9252,17.0,250.0
30.9303,97.0,252.0
30.9356,16.0,250.0
30.9403,-270.0,252.0
30.9454,-99.0,254.0
30.9503,361.0,258.0
30.9553,152.0,258.0
30.9603,-370.0,264.0
30.9653,-123.0,262.0
30.9706,331.0,266.0
30.9755,50.0,266.0
30.9802,-258.0,268.0
30.9853,3.0,266.0
30.9903,168.0,270.0
30.9953,-25.0,268.0
31.0003,-133.0,268.0
31.0053,4.0,266.0
31.0107,198.0,268.0
31.0153,87.0,268.0
31.0207,-285.0,272.0
31.0253,-211.0,274.0
31.0303,277.0,276.0
31.0352,269.0,278.0
31.0403,-173.0,278.0
31.0454,-232.0,280.0
31.0504,54.0,278.0
31.0555,143.0,278.0
31.0603,17.0,276.0
31.0653,-55.0,274.0
31.0702,-29.0,274.0
31.0753,5.0,270.0
31.0803,8.0,270.0
31.0854,-2.0,266.0
31.0902,-6.0,266.0
31.0953,28.0,262.0
31.1004,17.0,258.0
31.1055,-80.0,256.0
31.1103,26.0,252.0
31.1153,184.0,254.0
31.1203,-150.0,250.0
31.1253,-338.0,254.0
31.1305,240.0,254.0
31.1353,447.0,262.0
31.1403,-186.0,262.0
31.1452,-381.0,264.0
31.1504,74.0,266.0
31.1553,159.0,262.0
31.1605,-52.0,262.0
31.1654,62.0,260.0
31.1704,104.0,260.0
31.1755,-190.0,264.0
31.1805,-107.0,264.0
31.1853,239.0,266.0
31.1905,16.0,266.0
31.1955,-205.0,266.0
31.2005,116.0,266.0
31.2053,75.0,264.0
31.2103,-211.0,264.0
31.2153,105.0,264.0
31.2207,225.0,266.0
31.2255,-258.0,268.0
31.2303,-192.0,270.0
31.2353,315.0,274.0
31.2403,166.0,274.0
31.2456,-259.0,278.0
31.2505,-145.0,276.0
31.2553,135.0,278.0
31.2603,84.0,278.0
31.2654,-10.0,278.0
31.2703,30.0,278.0
31.2754,-63.0,276.0
31.2806,-150.0,278.0
31.2854,77.0,278.0
31.2903,188.0,280.0
31.2953,-74.0,280.0
31.3005,-116.0,280.0
31.3054,108.0,278.0
31.3103,29.0,274.0
31.3153,-139.0,272.0
31.3204,-33.0,268.0
31.3252,67.0,266.0
31.3308,106.0,264.0
31.3353,128.0,264.0
31.3405,-168.0,266.0
31.3454,-348.0,266.0
31.3504,171.0,268.0
31.3553,469.0,270.0
31.3603,-124.0,270.0
31.3655,-433.0,274.0
31.3703,88.0,274.0
31.3753,255.0,274.0
31.3803,-114.0,276.0
31.3853,1.0,272.0
31.3904,180.0,276.0
31.3955,-230.0,276.0
31.4003,-215.0,278.0
31.4053,349.0,284.0
31.4103,169.0,286.0
31.4153,-366.0,290.0
31.4205,-59.0,290.0
31.4253,347.0,290.0
31.4303,-38.0,290.0
31.4353,-321.0,290.0
31.4403,50.0,290.0
31.4455,244.0,290.0
31.4503,3.0,288.0
31.4553,-55.0,286.0
31.4602,-12.0,284.0
31.4653,-188.0,286.0
31.4703,-91.0,284.0
31.4753,298.0,286.0
31.4805,215.0,286.0
31.4853,-191.0,288.0
31.4903,-201.0,288.0
31.4953,31.0,286.0
31.5004,46.0,286.0
31.5057,-27.0,284.0
31.5102,81.0,284.0
31.5154,178.0,286.0
31.5205,-54.0,286.0
31.5254,-311.0,290.0
31.5304,-73.0,292.0
31.5355,301.0,294.0
31.5405,177.0,296.0
31.5453,-169.0,298.0
31.5505,-218.0,298.0
31.5554,-9.0,298.0
31.5603,224.0,300.0
31.5653,169.0,304.0
31.5705,-208.0,304.0
31.5754,-235.0,308.0
31.5805,152.0,306.0
31.5855,155.0,308.0
31.5906,-72.0,302.0
31.5954,-1.0,300.0
31.6003,26.0,296.0
31.6054,-58.0,294.0
31.6102,-9.0,288.0
31.6153,-28.0,288.0
31.6205,-55.0,286.0
31.6255,122.0,288.0
31.6303,153.0,288.0
31.6353,-103.0,288.0
31.6405,-170.0,288.0
31.6453,36.0,290.0
31.6504,63.0,288.0
31.6555,-30.0,286.0
31.6603,76.0,284.0
31.6653,72.0,280.0
31.6706,-128.0,278.0
31.6754,-71.0,276.0
31.6804,57.0,274.0
31.6853,9.0,270.0
31.6903,71.0,270.0
31.6952,42.0,268.0
31.7006,-172.0,272.0
31.7056,-10.0,270.0
31.7104,237.0,274.0
31.7156,-104.0,276.0
31.7204,-316.0,280.0
31.7254,196.0,284.0
31.7303,395.0,290.0
31.7353,-149.0,292.0
31.7403,-366.0,296.0
31.7462,-1.0,296.0
31.7502,178.0,298.0
31.7553,103.0,296.0
31.7604,53.0,296.0
31.7655,-65.0,290.0
31.7706,-152.0,290.0
31.7753,-44.0,284.0
31.7803,54.0,282.0
31.7854,85.0,276.0
31.7905,132.0,278.0
31.7953,-5.0,274.0
31.8004,-228.0,278.0
31.8052,-93.0,278.0
31.8102,161.0,280.0
31.8153,92.0,278.0
31.8203,-29.0,276.0
31.8253,2.0,272.0
31.8303,-51.0,274.0
31.8353,-89.0,272.0
31.8403,75.0,270.0
31.8453,101.0,272.0
31.8505,-126.0,270.0
31.8552,-90.0,270.0
31.8604,203.0,270.0
31.8653,131.0,268.0
31.8703,-169.0,266.0
31.8752,-158.0,264.0
31.8803,-12.0,262.0
31.8854,52.0,258.0
31.8903,152.0,258.0
31.8953,136.0,258.0
31.9005,-93.0,260.0
31.9054,-221.0,262.0
31.9103,-70.0,262.0
31.9153,132.0,264.0
31.9204,125.0,264.0
31.9253,-8.0,262.0
31.9302,2.0,260.0
31.9354,-17.0,258.0
31.9405,-184.0,260.0
31.9454,-23.0,258.0
31.9513,274.0,262.0
31.9553,37.0,260.0
31.9603,-236.0,264.0
31.9652,11.0,264.0
31.9704,120.0,264.0
31.9753,-100.0,262.0
31.9803,2.0,260.0
31.9852,176.0,258.0
31.9905,-96.0,256.0
31.9953,-190.0,252.0
32.0003,167.0,252.0
32.0053,157.0,248.0
32.0103,-208.0,250.0
32.0153,-125.0,248.0
32.0203,198.0,250.0
32.0254,98.0,252.0
32.0303,-154.0,250.0
32.0354,-56.0,248.0
32.0403,113.0,246.0
32.0456,33.0,242.0
32.0509,-50.0,240.0
32.0553,-63.0,234.0
32.0603,-84.0,236.0
32.0653,107.0,232.0
32.0702,257.0,234.0
32.0753,-108.0,232.0
32.0805,-346.0,236.0
32.0852,72.0,234.0
32.0903,261.0,238.0
32.0952,-31.0,238.0
32.1002,-51.0,238.0
32.1054,-9.0,234.0
32.1103,-142.0,236.0
32.1154,60.0,232.0
32.1205,236.0,232.0
32.1252,-110.0,232.0
32.1305,-251.0,232.0
32.1355,136.0,234.0
32.1404,229.0,236.0
32.1453,-128.0,238.0
32.1514,-179.0,240.0
32.1553,78.0,238.0
32.1604,96.0,238.0
32.1654,-5.0,234.0
32.1704,-6.0,232.0
32.1754,-41.0,228.0
32.1804,-24.0,226.0
32.1853,52.0,224.0
32.1904,-20.0,222.0
32.1952,-66.0,222.0
32.2004,77.0,220.0
32.2052,96.0,218.0
32.2105,-82.0,216.0
32.2152,-106.0,214.0
32.2203,43.0,214.0
32.2252,77.0,212.0
32.2302,4.0,210.0
32.2353,-17.0,212.0
32.2402,-34.0,212.0
32.2452,-64.0,212.0
32.2503,17.0,212.0
32.2556,119.0,212.0
32.2603,32.0,212.0
32.2653,-83.0,212.0
32.2705,-53.0,210.0
32.2755,-34.0,210.0
32.2803,16.0,206.0
32.2853,157.0,208.0
32.2903,50.0,208.0
32.2953,-242.0,212.0
32.3003,-116.0,212.0
32.3063,283.0,216.0
32.3103,158.0,216.0
32.3155,-260.0,220.0
32.3204,-135.0,220.0
32.3253,169.0,222.0
32.3304,33.0,222.0
32.3353,-55.0,222.0
32.3404,79.0,222.0
32.3454,-36.0,222.0
32.3503,-113.0,220.0
32.3566,118.0,220.0
32.3605,67.0,216.0
32.3653,-190.0,216.0
32.3703,-22.0,210.0
32.3752,181.0,210.0
32.3802,43.0,206.0
32.3854,-47.0,206.0
32.3904,-92.0,204.0
32.3953,-129.0,206.0
32.4002,76.0,206.0
32.4055,191.0,208.0
32.4102,0.0,206.0
32.4154,-84.0,206.0
32.4203,-21.0,206.0
32.4253,-76.0,206.0
32.4303,-48.0,204.0
32.4353,173.0,206.0
32.4402,107.0,204.0
32.4455,-237.0,206.0
32.4502,-99.0,206.0
32.4554,327.0,210.0
32.4603,95.0,210.0
32.4653,-373.0,216.0
32.4703,-123.0,218.0
32.4755,280.0,220.0
32.4803,83.0,220.0
32.4853,-133.0,222.0
32.4902,53.0,220.0
32.4952,90.0,220.0
32.5005,-150.0,220.0
32.5057,-142.0,220.0
32.5105,105.0,218.0
32.5153,173.0,218.0
32.5202,-2.0,218.0
32.5253,-144.0,220.0
32.5302,-33.0,218.0
32.5355,104.0,218.0
32.5404,-8.0,216.0
32.5454,-81.0,214.0
32.5502,43.0,214.0
32.5553,53.0,212.0
32.5602,-11.0,210.0
32.5653,-15.0,210.0
32.5703,-65.0,212.0
32.5753,-19.0,212.0
32.5802,118.0,210.0
32.5853,62.0,212.0
32.5905,-87.0,208.0
32.5953,-113.0,210.0
32.6003,-26.0,206.0
32.6053,142.0,208.0
32.6105,146.0,208.0
32.6152,-145.0,210.0
32.6207,-213.0,212.0
32.6254,155.0,212.0
32.6303,236.0,214.0
32.6353,-182.0,214.0
32.6403,-231.0,216.0
32.6454,183.0,216.0
32.6505,175.0,216.0
32.6554,-133.0,216.0
32.6603,-57.0,214.0
32.6653,84.0,212.0
32.6703,-59.0,212.0
32.6753,-67.0,212.0
32.6803,72.0,210.0
32.6854,4.0,210.0
32.6902,7.0,210.0
32.6952,173.0,212.0
32.7003,-35.0,210.0
32.7056,-370.0,214.0
32.7103,-58.0,212.0
32.7153,416.0,216.0
32.7203,140.0,214.0
32.7252,-307.0,218.0
32.7303,-88.0,214.0
32.7357,196.0,216.0
32.7403,-9.0,216.0
32.7455,-143.0,218.0
32.7503,26.0,216.0
32.7552,74.0,216.0
32.7602,3.0,214.0
32.7659,26.0,212.0
32.7704,32.0,208.0
32.7753,-72.0,208.0
32.7803,-153.0,206.0
32.7854,-11.0,204.0
32.7904,270.0,206.0
32.7954,179.0,208.0
32.8005,-296.0,210.0
32.8053,-288.0,214.0
32.8104,253.0,218.0
32.8154,269.0,222.0
32.8207,-209.0,226.0
32.8253,-177.0,228.0
32.8303,173.0,230.0
32.8352,68.0,230.0
32.8403,-132.0,230.0
32.8452,50.0,230.0
32.8503,100.0,230.0
32.8555,-147.0,230.0
32.8603,-70.0,232.0
32.8653,176.0,232.0
32.8705,17.0,232.0
32.8755,-156.0,234.0
32.8803,36.0,236.0
32.8853,128.0,236.0
32.8903,-47.0,236.0
32.8952,-56.0,236.0
32.9002,63.0,236.0
32.9056,-93.0,236.0
32.9104,-189.0,238.0
32.9153,231.0,242.0
32.9202,399.0,248.0
32.9252,-217.0,248.0
32.9302,-491.0,256.0
32.9353,52.0,252.0
32.9402,295.0,254.0
32.9452,100.0,252.0
32.9502,93.0,252.0
32.9552,-94.0,248.0
32.9603,-398.0,252.0
32.9652,-28.0,250.0
32.9704,439.0,256.0
32.9754,118.0,258.0
32.9804,-266.0,260.0
32.9852,-97.0,262.0
32.9904,26.0,260.0
32.9953,-9.0,258.0
33.0003,164.0,260.0
33.0052,154.0,260.0
33.0102,-236.0,262.0
33.0152,-276.0,264.0
33.0206,172.0,266.0
33.0255,304.0,270.0
33.0303,-32.0,270.0
33.0353,-204.0,270.0
33.0402,-99.0,270.0
33.0455,33.0,268.0
33.0504,169.0,272.0
33.0554,100.0,272.0
33.0603,-147.0,274.0
33.0652,-121.0,274.0
33.0703,26.0,274.0
33.076,29.0,272.0
33.0803,152.0,272.0
33.0853,132.0,270.0
33.0903,-297.0,274.0
33.0953,-283.0,272.0
33.1002,333.0,276.0
33.1053,326.0,276.0
33.1104,-262.0,278.0
33.1155,-211.0,278.0
33.1203,136.0,278.0
33.1252,-25.0,276.0
33.1302,-18.0,276.0
33.1353,265.0,278.0
33.1402,-35.0,276.0
33.1454,-352.0,280.0
33.1502,40.0,278.0
33.1552,224.0,280.0
33.1603,-81.0,280.0
33.1653,-21.0,278.0
33.1704,182.0,282.0
33.1752,-42.0,280.0
33.1803,-235.0,284.0
33.1853,-60.0,284.0
33.1906,165.0,286.0
33.1955,141.0,286.0
33.2003,-75.0,288.0
33.2053,-67.0,288.0
33.2103,120.0,290.0
33.2152,-72.0,290.0
33.2216,-283.0,292.0
33.2254,152.0,294.0
33.2302,391.0,300.0
33.2353,-184.0,300.0
33.2403,-333.0,304.0
33.2452,217.0,306.0
33.2503,176.0,306.0
33.2555,-207.0,308.0
33.2602,-20.0,304.0
33.2652,86.0,304.0
33.2703,-119.0,302.0
33.2753,87.0,300.0
33.2804,253.0,300.0
33.2853,-165.0,300.0
33.2903,-336.0,302.0
33.2953,115.0,302.0
33.3003,316.0,306.0
33.3055,-64.0,306.0
33.3103,-215.0,308.0
33.3153,106.0,310.0
33.3204,113.0,310.0
33.3253,-164.0,312.0
33.3303,-41.0,312.0
33.3354,133.0,312.0
33.3405,-51.0,312.0
33.3453,-46.0,308.0
33.3505,165.0,310.0
33.3552,20.0,302.0
33.3603,-208.0,304.0
33.3654,-65.0,300.0
33.3703,148.0,302.0
33.3754,102.0,300.0
33.3802,-73.0,300.0
33.3853,-102.0,300.0
33.3903,39.0,300.0
33.3954,72.0,300.0
33.4005,-18.0,300.0
33.4052,4.0,300.0
33.4104,11.0,300.0
33.4154,-117.0,300.0
33.4202,-60.0,300.0
33.4252,194.0,302.0
33.4303,156.0,300.0
33.4353,-191.0,300.0
33.4402,-214.0,300.0
33.4454,126.0,296.0
33.4504,153.0,294.0
33.4552,-66.0,292.0
33.4602,16.0,288.0
33.4652,96.0,288.0
33.4703,-185.0,288.0
33.4753,-225.0,290.0
33.4804,220.0,292.0
33.4853,339.0,296.0
33.4903,-87.0,296.0
33.4956,-319.0,298.0
33.5006,-81.0,298.0
33.5055,183.0,298.0
33.5105,140.0,300.0
33.5154,-43.0,298.0
33.5203,-92.0,300.0
33.5252,-37.0,298.0
33.5303,27.0,298.0
33.5352,67.0,298.0
33.5404,-3.0,298.0
33.5454,-76.0,298.0
33.5502,30.0,294.0
33.5552,89.0,292.0
33.5604,-66.0,288.0
33.5654,-83.0,286.0
33.5702,62.0,278.0
33.5752,17.0,278.0
33.5804,-37.0,274.0
33.5856,57.0,274.0
33.5904,34.0,272.0
33.5953,-40.0,272.0
33.6003,-46.0,266.0
33.6052,-50.0,266.0
33.6102,37.0,260.0
33.6153,104.0,260.0
33.6206,-22.0,256.0
33.6254,-88.0,256.0
33.6303,29.0,256.0
33.6353,65.0,256.0
33.6402,-24.0,254.0
33.6454,-76.0,254.0
33.6502,-21.0,250.0
33.6554,96.0,248.0
33.6603,50.0,246.0
33.6654,-102.0,242.0
33.6703,-19.0,242.0
33.6756,99.0,240.0
33.6803,-6.0,238.0
33.6853,-64.0,240.0
33.6903,-31.0,238.0
33.6953,-37.0,236.0
33.7003,65.0,234.0
33.7055,159.0,236.0
33.7104,-18.0,236.0
33.7155,-198.0,238.0
33.7203,-62.0,236.0
33.7252,117.0,236.0
33.7302,82.0,232.0
33.7352,3.0,228.0
33.7405,-47.0,224.0
33.7453,-51.0,220.0
33.7502,55.0,216.0
33.7552,-1.0,214.0
33.7604,-149.0,214.0
33.7653,74.0,214.0
33.7704,222.0,218.0
33.7753,-104.0,214.0
33.7804,-148.0,216.0
33.7853,126.0,214.0
33.7903,-28.0,212.0
33.7955,-176.0,212.0
33.8003,151.0,214.0
33.8052,206.0,216.0
33.8105,-146.0,216.0
33.8153,-169.0,218.0
33.8202,54.0,214.0
33.8253,92.0,216.0
33.8302,65.0,214.0
33.8352,-24.0,212.0
33.8402,-177.0,214.0
33.8454,-24.0,212.0
33.8502,243.0,214.0
33.8554,67.0,214.0
33.8602,-223.0,214.0
33.8652,-118.0,214.0
33.8702,113.0,208.0
33.8753,158.0,208.0
33.8804,31.0,204.0
33.8855,-138.0,202.0
33.8902,-106.0,202.0
33.8952,60.0,200.0
33.9002,62.0,200.0
33.9054,8.0,198.0
33.9103,26.0,198.0
33.9155,-25.0,196.0
33.9203,-56.0,192.0
33.9252,25.0,190.0
33.9302,38.0,186.0
33.9353,-56.0,186.0
33.9402,-80.0,182.0
33.9452,77.0,182.0
33.9502,213.0,182.0
33.9554,-27.0,180.0
33.9605,-310.0,184.0
33.9654,-39.0,182.0
33.9703,264.0,186.0
33.9752,17.0,184.0
33.9802,-136.0,184.0
33.9853,69.0,184.0
33.9903,35.0,182.0
33.9958,-109.0,184.0
34.0003,48.0,182.0
34.0053,89.0,182.0
34.0104,-181.0,182.0
34.0154,-98.0,182.0
34.0205,338.0,186.0
34.0254,185.0,188.0
34.0302,-382.0,194.0
34.0354,-252.0,196.0
34.0402,244.0,200.0
34.0452,168.0,202.0
34.0502,-5.0,202.0
34.0553,50.0,202.0
34.0603,-193.0,204.0
34.0654,-254.0,204.0
34.0703,276.0,206.0
34.0753,310.0,208.0
34.0804,-230.0,208.0
34.0855,-194.0,210.0
34.0902,87.0,208.0
34.0953,-25.0,208.0
34.1002,47.0,208.0
34.1054,213.0,210.0
34.1103,-81.0,208.0
34.1153,-262.0,208.0
34.1202,65.0,206.0
34.1252,186.0,204.0
34.1304,-109.0,204.0
34.1352,-106.0,202.0
34.1402,183.0,202.0
34.1452,118.0,202.0
34.1502,-160.0,202.0
34.1553,-195.0,204.0
34.1604,24.0,204.0
34.1654,242.0,206.0
34.1703,94.0,208.0
34.1754,-220.0,210.0
34.1802,-89.0,212.0
34.1853,149.0,212.0
34.1902,0.0,212.0
34.1954,-42.0,212.0
34.2002,79.0,212.0
34.2053,-76.0,212.0
34.2104,-110.0,212.0
34.2154,148.0,214.0
34.2203,99.0,216.0
34.2253,-140.0,216.0
34.2303,-63.0,216.0
34.2352,86.0,218.0
34.2402,29.0,218.0
34.2452,-18.0,216.0
34.2502,1.0,216.0
34.2552,-49.0,216.0
34.2602,-56.0,216.0
34.2653,80.0,216.0
34.2703,105.0,216.0
34.2753,-35.0,216.0
34.2802,-65.0,218.0
34.2852,-44.0,216.0
34.2902,-70.0,218.0
34.2952,57.0,216.0
34.3002,187.0,218.0
34.3053,45.0,218.0
34.3102,-176.0,220.0
34.3153,-222.0,222.0
34.3203,30.0,222.0
34.3253,369.0,228.0
34.3303,177.0,230.0
34.3354,-385.0,236.0
34.3405,-332.0,240.0
34.3452,267.0,242.0
34.3502,345.0,246.0
34.3556,-134.0,246.0
34.3602,-242.0,248.0
34.3652,85.0,248.0
34.3704,141.0,248.0
34.3753,-77.0,250.0
34.3803,-95.0,250.0
34.3853,10.0,250.0
34.3903,36.0,250.0
34.3954,125.0,252.0
34.4006,81.0,250.0
34.4066,-254.0,254.0
34.4102,-197.0,252.0
34.4152,309.0,256.0
34.4203,223.0,258.0
34.4253,-271.0,260.0
34.4303,-152.0,262.0
34.4352,144.0,260.0
34.4403,50.0,260.0
34.4452,11.0,256.0
34.4503,-4.0,254.0
34.4553,-115.0,254.0
34.4602,56.0,254.0
34.4652,150.0,254.0
34.4703,-170.0,256.0
34.4756,-136.0,258.0
34.4804,278.0,258.0
34.4854,92.0,260.0
34.4902,-313.0,262.0
34.4952,-32.0,260.0
34.5002,237.0,260.0
34.506,-15.0,260.0
34.5103,-79.0,258.0
34.5152,11.0,256.0
34.5202,-91.0,258.0
34.5252,40.0,256.0
34.5311,208.0,258.0
34.5352,-65.0,258.0
34.5403,-224.0,260.0
34.5455,11.0,260.0
34.5502,150.0,262.0
34.5553,74.0,262.0
34.5602,-60.0,262.0
34.5653,-92.0,264.0
34.5702,34.0,264.0
34.5753,16.0,264.0
34.5802,-87.0,264.0
34.5852,75.0,264.0
34.5903,152.0,262.0
34.5953,-104.0,264.0
34.6002,-148.0,260.0
34.6052,64.0,262.0
34.6103,60.0,258.0
34.6153,-15.0,258.0
34.6203,54.0,256.0
34.6252,14.0,256.0
34.6303,-125.0,258.0
34.6352,-54.0,256.0
34.6402,116.0,258.0
34.646,60.0,258.0
34.6503,-48.0,256.0
34.6552,15.0,254.0
34.6602,8.0,248.0
34.6652,-99.0,248.0
34.6705,-50.0,242.0
34.6754,69.0,240.0
34.6803,115.0,238.0
34.6852,85.0,236.0
34.6902,-97.0,238.0
34.6952,-226.0,240.0
34.7002,-17.0,238.0
34.7053,209.0,236.0
34.7102,105.0,234.0
34.7153,-45.0,230.0
34.7203,-30.0,226.0
34.7252,-98.0,226.0
34.7303,-161.0,226.0
34.7357,102.0,228.0
34.7404,283.0,232.0
34.7453,-13.0,228.0
34.7504,-230.0,230.0
34.7553,-58.0,228.0
34.7602,47.0,226.0
34.7652,63.0,226.0
34.7702,141.0,226.0
34.7752,-1.0,224.0
34.7802,-209.0,224.0
34.7853,-83.0,224.0
34.7904,134.0,224.0
34.7954,106.0,222.0
34.8002,-29.0,222.0
34.8053,-38.0,218.0
34.8103,-18.0,218.0
34.8159,-42.0,214.0
34.8206,71.0,214.0
34.8252,90.0,214.0
34.8303,-217.0,218.0
34.8353,-171.0,220.0
34.8403,392.0,224.0
34.8452,321.0,228.0
34.8504,-437.0,232.0
34.8553,-412.0,238.0
34.8603,331.0,240.0
34.8653,290.0,244.0
34.8703,-255.0,246.0
34.8753,-32.0,246.0
34.8803,335.0,250.0
34.8853,-99.0,252.0
34.8902,-446.0,258.0
34.8961,-6.0,258.0
34.9003,385.0,262.0
34.9053,176.0,264.0
34.9102,-151.0,264.0
34.9159,-204.0,268.0
34.9202,-58.0,268.0
34.9251,84.0,268.0
34.9302,97.0,268.0
34.9352,18.0,268.0
34.9402,-13.0,266.0
34.9464,19.0,264.0
34.9503,-32.0,262.0
34.9562,-176.0,262.0
34.9606,-32.0,262.0
34.9652,326.0,262.0
34.9702,125.0,260.0
34.9752,-378.0,260.0
34.9804,-134.0,258.0
34.9852,343.0,258.0
34.9902,39.0,254.0
34.9953,-273.0,256.0
35.0005,104.0,254.0
35.0052,213.0,256.0
35.0102,-227.0,256.0
35.0152,-196.0,258.0
35.0203,249.0,262.0
35.0253,196.0,264.0
35.0302,-145.0,266.0
35.0353,-144.0,266.0
35.0401,1.0,264.0
35.0452,37.0,262.0
35.0502,71.0,260.0
35.0552,54.0,256.0
35.0603,-26.0,252.0
35.0654,-95.0,250.0
35.0705,-86.0,248.0
35.0753,97.0,248.0
35.0803,150.0,250.0
35.0854,-95.0,250.0
35.0902,-121.0,252.0
35.0952,121.0,252.0
35.1002,85.0,254.0
35.1054,-165.0,254.0
35.1102,-113.0,252.0
35.1153,168.0,252.0
35.1212,147.0,250.0
35.1252,-100.0,252.0
35.1304,-95.0,248.0
35.1352,39.0,248.0
35.1402,-1.0,244.0
35.1453,-62.0,244.0
35.1502,-22.0,244.0
35.1554,99.0,246.0
35.1604,199.0,246.0
35.1652,-65.0,248.0
35.1703,-362.0,250.0
35.1754,30.0,250.0
35.1802,394.0,252.0
35.1854,-83.0,252.0
35.1904,-348.0,256.0
35.1954,157.0,258.0
35.2004,271.0,260.0
35.2052,-160.0,262.0
35.2102,-146.0,264.0
35.2154,123.0,266.0
35.2223,7.0,264.0
35.2252,-133.0,264.0
35.2303,56.0,264.0
35.2353,192.0,264.0
35.2402,-19.0,262.0
35.246,-225.0,266.0
35.2503,-54.0,266.0
35.2554,170.0,268.0
35.2602,88.0,268.0
35.2652,-35.0,268.0
35.2702,-40.0,268.0
35.2757,-99.0,268.0
35.2803,-70.0,268.0
35.2853,154.0,268.0
35.2902,168.0,270.0
35.2952,-138.0,272.0
35.3004,-188.0,276.0
35.3056,130.0,276.0
35.3102,137.0,276.0
35.3153,-165.0,278.0
35.3203,-70.0,278.0
35.3255,207.0,280.0
35.3304,18.0,278.0
35.3369,-216.0,278.0
35.3406,3.0,278.0
35.3453,189.0,278.0
35.3502,13.0,276.0
35.3553,-153.0,278.0
35.3609,-41.0,278.0
35.3652,141.0,278.0
35.3702,32.0,276.0
35.3753,-165.0,278.0
35.3802,17.0,274.0
35.3852,209.0,276.0
35.3903,-50.0,274.0
35.3955,-245.0,276.0
35.4004,3.0,276.0
35.4053,243.0,278.0
35.4102,101.0,278.0
35.4154,-174.0,280.0
35.4203,-187.0,280.0
35.4254,70.0,280.0
35.4302,220.0,282.0
35.4353,-8.0,280.0
35.4402,-226.0,284.0
35.4453,-2.0,282.0
35.4505,219.0,286.0
35.4553,23.0,286.0
35.4603,-181.0,288.0
35.4652,-67.0,286.0
35.4702,105.0,286.0
35.4753,68.0,284.0
35.4803,-56.0,278.0
35.4854,-16.0,274.0
35.4902,74.0,268.0
35.4952,-18.0,262.0
35.5002,-82.0,258.0
35.5055,20.0,254.0
35.5104,-5.0,250.0
35.5152,-61.0,250.0
35.5204,138.0,248.0
35.5253,166.0,248.0
35.5307,-184.0,244.0
35.5356,-256.0,248.0
35.5404,136.0,244.0
35.5454,250.0,246.0
35.5502,-124.0,244.0
35.5554,-192.0,244.0
35.5603,212.0,248.0
35.5654,171.0,248.0
35.5703,-297.0,252.0
35.5753,-171.0,254.0
35.5803,262.0,258.0
35.5853,127.0,260.0
35.5904,-119.0,260.0
35.5952,-49.0,258.0
35.6004,-49.0,260.0
35.6051,-7.0,254.0
35.6102,178.0,254.0
35.6152,53.0,250.0
35.6204,-210.0,252.0
35.6254,-104.0,248.0
35.6302,120.0,248.0
35.6352,107.0,246.0
35.6402,15.0,244.0
35.6457,-21.0,242.0
35.6505,-72.0,240.0
35.6554,-93.0,238.0
35.6603,-1.0,234.0
35.6652,141.0,232.0
35.6703,144.0,232.0
35.6753,-89.0,232.0
35.6803,-228.0,236.0
35.6854,-12.0,236.0
35.6902,194.0,238.0
35.6952,94.0,238.0
35.7003,-113.0,240.0
35.7054,-152.0,240.0
35.7104,82.0,240.0
35.7154,204.0,242.0
35.7204,-103.0,240.0
35.7252,-194.0,242.0
35.7304,107.0,242.0
35.7352,50.0,242.0
35.7408,-54.0,240.0
35.7452,202.0,242.0
35.7502,-23.0,240.0
35.7555,-430.0,244.0
35.7603,52.0,242.0
35.7654,488.0,248.0
35.7702,7.0,248.0
35.7752,-309.0,252.0
35.7803,-102.0,252.0
35.7853,-35.0,252.0
35.7906,107.0,254.0
35.7954,325.0,258.0
35.8002,24.0,254.0
35.8052,-347.0,258.0
35.8103,-154.0,256.0
35.8154,131.0,258.0
35.8204,112.0,252.0
35.8253,68.0,252.0
35.8302,61.0,248.0
35.8354,-81.0,246.0
35.8403,-166.0,246.0
35.8452,-3.0,242.0
35.8503,118.0,242.0
35.8554,17.0,240.0
35.8602,-21.0,240.0
35.8652,79.0,240.0
35.8702,-5.0,240.0
35.8756,-190.0,240.0
35.8803,-29.0,240.0
35.8853,212.0,240.0
35.8903,29.0,238.0
35.8952,-150.0,238.0
35.9003,57.0,238.0
35.9054,124.0,240.0
35.9103,-167.0,242.0
35.9153,-172.0,242.0
35.9203,221.0,244.0
35.9252,172.0,246.0
35.9302,-227.0,246.0
35.9352,-60.0,244.0
35.9403,234.0,246.0
35.9454,-34.0,244.0
35.9503,-220.0,246.0
35.9552,0.0,242.0
35.9605,128.0,244.0
35.9653,94.0,242.0
35.9702,23.0,242.0
35.9754,-109.0,240.0
35.9802,-141.0,242.0
35.9852,-4.0,240.0
35.9903,145.0,242.0
35.9952,158.0,242.0
36.0002,-45.0,242.0
36.0052,-230.0,244.0
36.0102,-70.0,244.0
36.0153,204.0,244.0
36.0208,129.0,246.0
36.0254,-139.0,246.0
36.0302,-125.0,246.0
36.0353,52.0,244.0
36.0404,93.0,244.0
36.0453,67.0,242.0
36.0502,-65.0,242.0
36.056,-179.0,242.0
36.0607,68.0,240.0
36.0654,209.0,242.0
36.0704,-117.0,240.0
36.0754,-149.0,242.0
36.0803,197.0,242.0
36.0854,59.0,242.0
36.0905,-258.0,244.0
36.0954,3.0,244.0
36.1002,251.0,244.0
36.106,-11.0,244.0
36.1107,-155.0,244.0
36.1157,-26.0,244.0
36.1205,-11.0,242.0
36.1254,53.0,244.0
36.1304,197.0,246.0
36.1358,-4.0,246.0
36.1414,-341.0,250.0
36.1466,-117.0,250.0
36.1503,384.0,256.0
36.1555,209.0,258.0
36.1602,-309.0,262.0
36.1652,-143.0,262.0
36.1712,172.0,260.0
36.1754,-84.0,258.0
36.1811,-66.0,258.0
36.1853,315.0,258.0
36.1902,21.0,256.0
36.1953,-370.0,260.0
36.2002,21.0,256.0
36.2052,216.0,258.0
36.2102,-115.0,254.0
36.2153,-3.0,252.0
36.2213,209.0,250.0
36.2255,-108.0,250.0
36.2302,-186.0,252.0
36.2352,128.0,252.0
36.2401,35.0,252.0
36.2452,-167.0,256.0
36.2502,110.0,254.0
36.2552,237.0,256.0
36.2603,-146.0,256.0
36.2653,-243.0,258.0
36.2704,115.0,258.0
36.2753,151.0,258.0
36.2803,-109.0,260.0
36.2855,-29.0,260.0
36.2902,145.0,262.0
36.2953,-53.0,260.0
36.3003,-179.0,264.0
36.3053,84.0,262.0
36.3104,170.0,264.0
36.3153,-82.0,262.0
36.3203,-103.0,260.0
36.3252,89.0,262.0
36.3302,23.0,260.0
36.3358,-134.0,260.0
36.3403,5.0,258.0
36.3454,197.0,260.0
36.3513,28.0,258.0
36.3553,-237.0,258.0
36.3602,-70.0,258.0
36.3653,227.0,258.0
36.3703,53.0,258.0
36.3753,-185.0,260.0
36.3802,28.0,260.0
36.3852,167.0,260.0
36.3904,-78.0,260.0
36.3954,-196.0,256.0
36.4003,-24.0,256.0
36.4052,189.0,252.0
36.4102,252.0,256.0
36.4152,-60.0,252.0
36.4204,-395.0,256.0
36.4254,-116.0,258.0
36.4302,307.0,260.0
36.4353,193.0,258.0
36.4402,-72.0,258.0
36.4455,-161.0,256.0
36.4504,-129.0,256.0
36.4552,117.0,256.0
36.4602,225.0,258.0
36.4652,-83.0,258.0
36.4703,-236.0,260.0
36.4752,22.0,260.0
36.4804,181.0,260.0
36.4853,41.0,260.0
36.4902,-90.0,260.0
36.4952,-33.0,260.0
36.5002,28.0,260.0
36.5055,-62.0,260.0
36.5102,-38.0,260.0
36.5152,207.0,260.0
36.5205,107.0,262.0
36.5252,-356.0,264.0
36.5303,-197.0,266.0
36.5353,463.0,272.0
36.5402,250.0,274.0
36.5452,-485.0,280.0
36.5502,-192.0,280.0
36.5553,438.0,284.0
36.5601,35.0,282.0
36.5655,-377.0,284.0
36.5703,113.0,284.0
36.5753,312.0,288.0
36.5805,-171.0,286.0
36.5852,-221.0,288.0
36.5903,143.0,288.0
36.5952,114.0,290.0
36.6002,-65.0,288.0
36.6053,-27.0,288.0
36.6103,-19.0,288.0
36.6152,-10.0,286.0
36.6204,58.0,284.0
36.6252,15.0,284.0
36.6302,-28.0,282.0
36.6353,-61.0,282.0
36.6402,-72.0,282.0
36.6457,186.0,282.0
36.6503,239.0,284.0
36.6553,-320.0,286.0
36.6602,-410.0,290.0
36.6652,371.0,294.0
36.6702,476.0,300.0
36.6753,-332.0,304.0
36.6805,-387.0,308.0
36.6852,264.0,312.0
36.6902,214.0,314.0
36.6952,-227.0,314.0
36.7002,-67.0,314.0
36.7054,228.0,314.0
36.7103,-10.0,312.0
36.7152,-246.0,314.0
36.7202,52.0,312.0
36.7252,262.0,316.0
36.7302,-87.0,312.0
36.7352,-259.0,316.0
36.7403,114.0,314.0
36.7452,209.0,318.0
36.7502,-149.0,318.0
36.7552,-106.0,318.0
36.7613,217.0,322.0
36.7652,7.0,322.0
36.7702,-289.0,322.0
36.7754,27.0,324.0
36.7802,276.0,322.0
36.7853,-23.0,320.0
36.7905,-135.0,316.0
36.7952,50.0,314.0
36.8003,-53.0,310.0
36.8053,-126.0,310.0
36.8104,172.0,310.0
36.8153,192.0,312.0
36.8208,-172.0,314.0
36.8254,-167.0,310.0
36.8302,86.0,312.0
36.8352,27.0,306.0
36.8401,12.0,306.0
36.8452,146.0,306.0
36.8502,-48.0,304.0
36.8553,-215.0,308.0
36.8602,4.0,304.0
36.8652,120.0,304.0
36.8702,42.0,302.0
36.8752,59.0,302.0
36.8802,-10.0,300.0
36.8854,-182.0,302.0
36.8902,-73.0,300.0
36.8952,196.0,300.0
36.9002,104.0,300.0
36.9053,-167.0,298.0
36.9103,-35.0,296.0
36.9152,163.0,296.0
36.9203,-95.0,296.0
36.9253,-201.0,300.0
36.9304,204.0,300.0
36.9355,255.0,304.0
36.9404,-205.0,304.0
36.9454,-265.0,306.0
36.9502,81.0,306.0
36.9554,182.0,306.0
36.9602,70.0,306.0
36.9653,-36.0,306.0
36.9712,-128.0,308.0
36.9752,-68.0,306.0
36.9805,88.0,308.0
36.9854,52.0,306.0
36.9903,-62.0,306.0
36.9952,40.0,302.0
37.0002,118.0,304.0
37.0052,-93.0,302.0
37.0104,-167.0,304.0
37.0154,88.0,302.0
37.0206,103.0,302.0
37.0253,-122.0,302.0
37.0302,0.0,300.0
37.0352,217.0,302.0
37.0402,29.0,302.0
37.0454,-238.0,302.0
37.0503,-189.0,302.0
37.0552,74.0,302.0
37.0602,261.0,300.0
37.066,159.0,300.0
37.0702,-100.0,296.0
37.077,-226.0,298.0
37.0802,-157.0,298.0
37.0852,72.0,298.0
37.0903,274.0,300.0
37.0953,110.0,300.0
37.1004,-195.0,298.0
37.1054,-143.0,300.0
37.1102,60.0,296.0
37.1153,49.0,298.0
37.1202,-9.0,294.0
37.1252,9.0,294.0
37.1303,44.0,294.0
37.1353,64.0,294.0
37.1402,-81.0,294.0
37.1453,-200.0,296.0
37.1503,82.0,298.0
37.1552,251.0,298.0
37.1604,-77.0,298.0
37.1654,-151.0,294.0
37.1707,108.0,294.0
37.1752,-45.0,286.0
37.1802,-178.0,286.0
37.1852,225.0,282.0
37.1905,224.0,282.0
37.1952,-313.0,280.0
37.2005,-163.0,282.0
37.2053,313.0,282.0
37.2102,14.0,280.0
37.2152,-280.0,280.0
37.2233,92.0,278.0
37.2251,255.0,278.0
37.2303,-42.0,276.0
37.2353,-213.0,278.0
37.2402,-113.0,280.0
37.2453,106.0,280.0
37.2503,210.0,284.0
37.2552,17.0,284.0
37.2603,-153.0,284.0
37.2653,-23.0,284.0
37.2715,26.0,284.0
37.2753,-128.0,286.0
37.2802,28.0,286.0
37.2852,287.0,286.0
37.2902,14.0,284.0
37.2952,-272.0,282.0
37.3002,-40.0,276.0
37.3056,96.0,272.0
37.3102,-28.0,266.0
37.3151,58.0,262.0
37.3202,114.0,256.0
37.3253,-73.0,254.0
37.3303,-85.0,252.0
37.3355,13.0,248.0
37.3404,-55.0,248.0
37.3453,15.0,246.0
37.3502,187.0,248.0
37.3552,-1.0,244.0
37.3605,-228.0,246.0
37.3653,1.0,242.0
37.3703,192.0,244.0
37.3752,-46.0,242.0
37.3804,-124.0,242.0
37.3852,131.0,240.0
37.3904,58.0,238.0
37.3955,-232.0,240.0
37.4004,-45.0,238.0
37.4052,287.0,242.0
37.4102,83.0,240.0
37.4154,-249.0,242.0
37.4203,-76.0,240.0
37.4252,159.0,242.0
37.4303,-38.0,240.0
37.4353,-100.0,240.0
37.4412,151.0,242.0
37.4453,74.0,242.0
37.4502,-109.0,240.0
37.4551,-1.0,238.0
37.4602,-52.0,236.0
37.4652,-137.0,236.0
37.4703,131.0,236.0
37.4763,223.0,238.0
37.4802,-50.0,240.0
37.4854,-160.0,240.0
37.4902,-57.0,240.0
37.4952,36.0,238.0
37.5002,94.0,238.0
37.5053,9.0,236.0
37.5102,-84.0,238.0
37.5153,34.0,238.0
37.5204,58.0,238.0
37.5252,-107.0,236.0
37.5304,-49.0,236.0
37.5352,144.0,236.0
37.5402,99.0,236.0
37.5453,-106.0,234.0
37.5505,-168.0,236.0
37.5552,19.0,234.0
37.5602,168.0,236.0
37.5652,47.0,232.0
37.5704,-93.0,232.0
37.5754,-78.0,228.0
37.5811,10.0,226.0
37.5854,120.0,224.0
37.5902,63.0,222.0
37.5952,-184.0,222.0
37.6004,-154.0,224.0
37.6052,208.0,226.0
37.6102,233.0,228.0
37.6152,-138.0,230.0
37.6203,-200.0,232.0
37.6253,35.0,232.0
37.6302,17.0,230.0
37.6352,-13.0,230.0
37.6402,202.0,232.0
37.6454,99.0,232.0
37.6503,-296.0,234.0
37.6553,-203.0,236.0
37.6602,227.0,238.0
37.6652,230.0,238.0
37.6706,-97.0,240.0
37.6753,-162.0,240.0
37.6811,34.0,240.0
37.6852,62.0,236.0
37.6902,-110.0,236.0
37.6953,-15.0,234.0
37.7003,274.0,234.0
37.7052,16.0,232.0
37.7102,-375.0,236.0
37.7152,46.0,234.0
37.7202,328.0,236.0
37.7252,-220.0,240.0
37.7302,-212.0,238.0
37.7354,387.0,242.0
37.7404,149.0,242.0
37.7453,-399.0,246.0
37.7503,-152.0,248.0
37.7553,244.0,250.0
37.7602,141.0,252.0
37.7654,-63.0,254.0
37.7703,-88.0,254.0
37.7753,0.0,252.0
37.7801,73.0,252.0
37.7858,-54.0,250.0
37.7903,-148.0,252.0
37.7954,101.0,250.0
37.8004,221.0,252.0
37.8052,-80.0,250.0
37.8102,-172.0,252.0
37.8152,38.0,252.0
37.8203,16.0,248.0
37.8252,-11.0,246.0
37.8302,139.0,244.0
37.8352,-4.0,240.0
37.8402,-227.0,240.0
37.8452,10.0,236.0
37.8504,244.0,238.0
37.8554,11.0,234.0
37.8603,-203.0,236.0
37.8652,-68.0,234.0
37.8703,110.0,234.0
37.8753,119.0,234.0
37.8804,-5.0,232.0
37.8854,-107.0,232.0
37.8902,-32.0,228.0
37.8952,37.0,228.0
37.9002,-12.0,226.0
37.9053,24.0,226.0
37.9103,51.0,228.0
37.9152,-53.0,226.0
37.9202,3.0,226.0
37.9252,71.0,222.0
37.9303,-150.0,224.0
37.9354,-88.0,222.0
37.9402,328.0,226.0
37.9451,84.0,226.0
37.9502,-475.0,232.0
37.9553,-38.0,232.0
37.9603,546.0,240.0
37.9653,-37.0,238.0
37.9703,-508.0,246.0
37.9752,122.0,246.0
37.9802,395.0,252.0
37.9853,-203.0,256.0
37.9903,-317.0,258.0
37.9957,242.0,262.0
38.0003,320.0,262.0
38.0052,-214.0,266.0
38.0104,-299.0,268.0
38.0151,173.0,270.0
38.0206,152.0,270.0
38.0253,-177.0,270.0
38.0302,75.0,270.0
38.0352,185.0,270.0
38.0402,-276.0,274.0
38.0452,-127.0,272.0
38.0502,405.0,276.0
38.0553,31.0,272.0
38.0603,-458.0,278.0
38.0652,45.0,278.0
38.0703,411.0,282.0
38.0754,-122.0,284.0
38.0802,-254.0,284.0
38.0851,248.0,288.0
38.0911,65.0,286.0
38.0952,-403.0,294.0
38.1001,32.0,292.0
38.1054,473.0,298.0
38.1102,0.0,296.0
38.1152,-352.0,298.0
38.1201,-65.0,298.0
38.1252,78.0,298.0
38.1305,39.0,296.0
38.1354,174.0,298.0
38.1402,64.0,298.0
38.1452,-259.0,302.0
38.1502,-123.0,302.0
38.1553,170.0,306.0
38.1604,67.0,306.0
38.1654,-8.0,304.0
38.1703,47.0,304.0
38.1753,-96.0,302.0
38.1802,-101.0,302.0
38.1853,58.0,302.0
38.1904,13.0,300.0
38.1952,72.0,300.0
38.2002,167.0,300.0
38.2053,-152.0,302.0
38.2102,-274.0,306.0
38.2152,105.0,306.0
38.2204,187.0,308.0
38.2252,-7.0,306.0
38.2303,15.0,306.0
38.2352,-38.0,304.0
38.2402,-140.0,304.0
38.2453,26.0,300.0
38.2502,92.0,298.0
38.2553,-29.0,296.0
38.2602,46.0,294.0
38.2653,93.0,294.0
38.2702,-135.0,296.0
38.2753,-185.0,300.0
38.2802,108.0,298.0
38.2852,240.0,300.0
38.2902,3.0,296.0
38.2953,-221.0,296.0
38.3004,-108.0,294.0
38.3053,160.0,292.0
38.3103,118.0,294.0
38.3152,-140.0,292.0
38.3203,-47.0,294.0
38.3252,207.0,296.0
38.3302,30.0,294.0
38.3355,-286.0,298.0
38.3404,-148.0,296.0
38.3452,257.0,300.0
38.3502,288.0,298.0
38.3553,-137.0,300.0
38.3603,-302.0,300.0
38.3652,72.0,298.0
38.3703,190.0,298.0
38.3753,-130.0,294.0
38.3805,-57.0,292.0
38.3852,229.0,290.0
38.3904,-16.0,286.0
38.3952,-243.0,286.0
38.4004,28.0,286.0
38.4052,132.0,286.0
38.4103,-34.0,286.0
38.4153,0.0,286.0
38.4203,69.0,286.0
38.4252,-10.0,284.0
38.4302,-92.0,284.0
38.4352,-90.0,284.0
38.4402,62.0,282.0
38.4455,164.0,282.0
38.4503,-12.0,280.0
38.4554,-148.0,282.0
38.4602,-3.0,282.0
38.4653,121.0,284.0
38.4702,-2.0,282.0
38.4754,-165.0,284.0
38.4804,-39.0,280.0
38.4853,224.0,284.0
38.4902,110.0,282.0
38.4952,-214.0,286.0
38.5002,-67.0,282.0
38.5062,213.0,286.0
38.5103,-123.0,286.0
38.5153,-344.0,288.0
38.5202,253.0,292.0
38.5262,502.0,298.0
38.5305,-162.0,300.0
38.5355,-475.0,308.0
38.5403,-17.0,308.0
38.5453,307.0,312.0
38.5502,106.0,314.0
38.5552,-238.0,316.0
38.5602,-147.0,318.0
38.5652,331.0,322.0
38.5704,238.0,324.0
38.5755,-418.0,328.0
38.5802,-315.0,328.0
38.5853,381.0,334.0
38.5903,267.0,330.0
38.5952,-289.0,334.0
38.6002,-124.0,328.0
38.6052,239.0,330.0
38.6101,6.0,322.0
38.6152,-215.0,324.0
38.6204,22.0,318.0
38.6254,179.0,318.0
38.6302,7.0,314.0
38.6353,-178.0,312.0
38.6402,-62.0,308.0
38.6451,242.0,308.0
38.6502,123.0,306.0
38.6552,-285.0,308.0
38.6602,-154.0,308.0
38.6652,221.0,308.0
38.6703,143.0,310.0
38.6753,-59.0,308.0
38.6802,-125.0,306.0
38.6854,-142.0,306.0
38.6902,138.0,302.0
38.6952,315.0,306.0
38.7002,-187.0,302.0
38.7053,-389.0,306.0
38.7102,232.0,304.0
38.716,327.0,308.0
38.7203,-219.0,306.0
38.7252,-142.0,304.0
38.7304,138.0,306.0
38.7353,-86.0,302.0
38.7402,-32.0,302.0
38.7452,242.0,298.0
38.7502,-58.0,298.0
38.7566,-283.0,298.0
38.7603,128.0,298.0
38.7653,280.0,302.0
38.7704,-174.0,304.0
38.7753,-298.0,306.0
38.7802,172.0,308.0
38.7852,297.0,308.0
38.7903,-128.0,308.0
38.7954,-214.0,308.0
38.8004,112.0,310.0
38.8052,83.0,310.0
38.8102,-165.0,312.0
38.8153,0.0,310.0
38.8205,213.0,312.0
38.8254,-10.0,312.0
38.8302,-165.0,314.0
38.8352,12.0,314.0
38.8401,52.0,312.0
38.8454,-42.0,310.0
38.8502,21.0,306.0
38.8552,42.0,304.0
38.8602,-13.0,302.0
38.8651,52.0,302.0
38.8702,-27.0,302.0
38.8754,-210.0,306.0
38.8802,25.0,304.0
38.8854,317.0,308.0
38.8902,40.0,308.0
38.8953,-300.0,312.0
38.9002,-103.0,312.0
38.9053,197.0,314.0
38.9102,89.0,314.0
38.9152,-111.0,312.0
38.9202,-35.0,312.0
38.9251,115.0,310.0
38.9303,40.0,310.0
38.9355,-186.0,310.0
38.9405,-111.0,310.0
38.9455,251.0,310.0
38.9502,155.0,312.0
38.9552,-276.0,314.0
38.9602,-121.0,314.0
38.9652,291.0,316.0
38.9702,70.0,316.0
38.9752,-311.0,316.0
38.9802,-90.0,316.0
38.9852,282.0,316.0
38.9903,146.0,314.0
38.9953,-177.0,314.0
39.0002,-93.0,312.0
39.0052,104.0,312.0
39.0102,-105.0,310.0
39.0152,-172.0,312.0
39.0206,300.0,316.0
39.0255,301.0,316.0
39.0302,-360.0,322.0
39.0353,-339.0,324.0
39.0402,290.0,328.0
39.0452,283.0,330.0
39.0504,-142.0,332.0
39.0554,-198.0,334.0
39.0602,-16.0,334.0
39.0652,81.0,334.0
39.0702,90.0,334.0
39.0752,38.0,334.0
39.0804,-15.0,334.0
39.0854,-38.0,332.0
39.0902,-133.0,334.0
39.0953,-130.0,332.0
39.1002,178.0,336.0
39.1053,308.0,338.0
39.1104,-37.0,338.0
39.1152,-275.0,340.0
39.1202,-145.0,342.0
39.1254,22.0,340.0
39.1302,164.0,340.0
39.1354,221.0,340.0
39.1402,-33.0,340.0
39.1453,-259.0,340.0
39.1502,-55.0,340.0
39.1553,120.0,336.0
39.1602,34.0,332.0
39.1654,47.0,326.0
39.1702,-7.0,322.0
39.1752,-157.0,318.0
39.1802,30.0,318.0
39.1853,213.0,316.0
39.1904,-62.0,316.0
39.1955,-247.0,316.0
39.2002,92.0,316.0
39.2052,271.0,314.0
39.2103,-117.0,312.0
39.2152,-272.0,310.0
39.2243,94.0,306.0
39.2252,227.0,304.0
39.2302,6.0,300.0
39.2353,-122.0,298.0
39.2402,-158.0,298.0
39.2452,-22.0,294.0
39.2502,286.0,300.0
39.2551,143.0,298.0
39.2603,-313.0,302.0
39.2653,-185.0,302.0
39.2703,223.0,306.0
39.2752,156.0,306.0
39.2802,-105.0,306.0
39.2852,-115.0,304.0
39.2902,61.0,304.0
39.2952,128.0,300.0
39.3002,-57.0,300.0
39.3055,-188.0,298.0
39.3102,-4.0,296.0
39.3152,202.0,298.0
39.3202,95.0,298.0
39.3251,-118.0,298.0
39.3304,-92.0,298.0
39.3355,-1.0,292.0
39.3404,-5.0,290.0
39.3453,44.0,284.0
39.3501,27.0,280.0
39.3553,-1.0,276.0
39.3603,108.0,274.0
39.3653,-19.0,272.0
39.3704,-266.0,274.0
39.3752,-53.0,274.0
39.3801,317.0,278.0
39.3853,184.0,278.0
39.3903,-286.0,280.0
39.3951,-293.0,280.0
39.4002,259.0,284.0
39.4053,327.0,284.0
39.4105,-283.0,286.0
39.4156,-304.0,286.0
39.4203,337.0,288.0
39.4263,267.0,288.0
39.4302,-359.0,292.0
39.4352,-218.0,292.0
39.4402,328.0,294.0
39.4455,157.0,296.0
39.4503,-258.0,298.0
39.4553,-91.0,298.0
39.4602,152.0,298.0
39.4652,9.0,298.0
39.4702,-36.0,296.0
39.4753,90.0,296.0
39.4802,-37.0,296.0
39.4854,-175.0,298.0
39.4902,64.0,300.0
39.4952,219.0,302.0
39.5002,-86.0,304.0
39.5053,-249.0,306.0
39.5102,106.0,308.0
39.5152,284.0,308.0
39.5202,-80.0,310.0
39.5253,-267.0,308.0
39.5302,10.0,308.0
39.5352,143.0,306.0
39.5402,44.0,306.0
39.5454,29.0,302.0
39.5502,-65.0,302.0
39.5553,-150.0,302.0
39.5602,88.0,304.0
39.5652,185.0,304.0
39.5703,-138.0,306.0
39.5754,-163.0,306.0
39.5802,194.0,308.0
39.5852,115.0,304.0
39.5902,-207.0,306.0
39.5951,-56.0,302.0
39.6003,149.0,302.0
39.6053,-31.0,298.0
39.6104,-61.0,298.0
39.6154,159.0,296.0
39.6204,19.0,296.0
39.6267,-267.0,294.0
39.6301,-31.0,294.0
39.6352,261.0,294.0
39.6402,-7.0,294.0
39.6454,-151.0,294.0
39.6503,153.0,294.0
39.6551,73.0,292.0
39.6602,-276.0,292.0
39.6652,-84.0,290.0
39.6702,221.0,288.0
39.6753,73.0,282.0
39.6804,-53.0,280.0
39.6854,40.0,276.0
39.6902,-45.0,274.0
39.6952,-164.0,274.0
39.7002,46.0,274.0
39.7053,168.0,276.0
39.7102,-83.0,276.0
39.7152,-94.0,276.0
39.7204,230.0,280.0
39.7252,129.0,280.0
39.731,-360.0,284.0
39.7355,-351.0,288.0
39.7403,292.0,290.0
39.7452,591.0,294.0
39.7502,-38.0,294.0
39.7552,-609.0,300.0
39.7601,-211.0,300.0
39.7651,360.0,306.0
39.7702,324.0,308.0
39.7752,7.0,304.0
39.7803,-314.0,310.0
39.7853,-323.0,310.0
39.7904,229.0,312.0
39.7952,465.0,318.0
39.8003,-114.0,320.0
39.8052,-391.0,324.0
39.8103,35.0,326.0
39.8153,194.0,326.0
39.8209,-29.0,326.0
39.8253,-53.0,324.0
39.8303,53.0,324.0
39.8353,70.0,320.0
39.8403,-25.0,320.0
39.8454,-183.0,318.0
39.8505,-71.0,318.0
39.8553,241.0,316.0
39.8603,137.0,318.0
39.8657,-175.0,316.0
39.8716,-77.0,318.0
39.8759,71.0,316.0
39.8803,-47.0,316.0
39.8854,-22.0,316.0
39.8903,96.0,312.0
39.8952,16.0,310.0
39.9004,-33.0,306.0
39.9056,8.0,304.0
39.9105,-19.0,300.0
39.9154,-53.0,298.0
39.9203,-55.0,298.0
39.9252,40.0,296.0
39.9305,192.0,298.0
39.9353,62.0,298.0
39.9402,-192.0,300.0
39.9452,-153.0,298.0
39.9502,-2.0,298.0
39.9552,111.0,298.0
39.9603,191.0,298.0
39.9653,25.0,298.0
39.9703,-134.0,298.0
39.9753,-95.0,300.0
39.9803,-137.0,302.0
39.9852,10.0,302.0
39.9904,359.0,306.0
39.9952,135.0,308.0
40.0004,-337.0,312.0
40.0052,-177.0,314.0
40.0102,118.0,312.0
40.0152,49.0,312.0
40.0204,85.0,308.0
40.0253,126.0,308.0
40.0303,-140.0,306.0
40.0365,-167.0,304.0
40.0402,116.0,302.0
40.0453,32.0,296.0
40.0502,-126.0,294.0
40.0552,159.0,292.0
40.0603,138.0,288.0
40.0654,-279.0,288.0
40.0703,-30.0,284.0
40.0754,312.0,286.0
40.0803,-198.0,284.0
40.0853,-333.0,286.0
40.0903,372.0,288.0
40.0952,351.0,292.0
40.1004,-345.0,294.0
40.1052,-270.0,298.0
40.1103,202.0,302.0
40.1154,49.0,300.0
40.1204,-146.0,302.0
40.1252,177.0,302.0
40.1303,238.0,306.0
40.1355,-248.0,306.0
40.1404,-349.0,310.0
40.1453,156.0,308.0
40.1502,373.0,312.0
40.1552,0.0,308.0
40.1603,-348.0,312.0
40.1655,-157.0,310.0
40.1703,333.0,316.0
40.1753,287.0,318.0
40.1803,-298.0,322.0
40.1852,-357.0,326.0
40.1904,185.0,328.0
40.1952,327.0,332.0
40.2004,-16.0,330.0
40.2052,-208.0,330.0
40.2103,-118.0,330.0
40.2154,87.0,330.0
40.2211,166.0,328.0
40.2254,-20.0,328.0
40.2303,-157.0,326.0
40.2352,-18.0,326.0
40.2402,142.0,326.0
40.2455,61.0,326.0
40.2503,-134.0,328.0
40.2553,-118.0,326.0
40.2602,125.0,328.0
40.2652,182.0,328.0
40.2702,-101.0,328.0
40.2756,-203.0,328.0
40.2802,34.0,328.0
40.2851,121.0,328.0
40.2902,94.0,326.0
40.2953,32.0,326.0
40.3002,-239.0,326.0
40.3054,-149.0,326.0
40.3102,307.0,328.0
40.3152,139.0,328.0
40.3201,-287.0,332.0
40.3251,-32.0,332.0
40.3301,268.0,336.0
40.3352,-22.0,334.0
40.3403,-256.0,336.0
40.3455,-50.0,334.0
40.3502,131.0,336.0
40.3552,94.0,336.0
40.3602,83.0,334.0
40.3652,34.0,332.0
40.3703,-162.0,328.0
40.3752,-198.0,326.0
40.3804,27.0,322.0
40.3852,186.0,316.0
40.3904,116.0,318.0
40.3954,-38.0,308.0
40.4003,-97.0,306.0
40.4052,-41.0,302.0
40.4102,-18.0,296.0
40.4152,-27.0,296.0
40.4203,76.0,294.0
40.4253,126.0,290.0
40.4302,-67.0,288.0
40.4352,-121.0,282.0
40.4401,87.0,282.0
40.4453,43.0,276.0
40.4504,-162.0,278.0
40.4552,-4.0,276.0
40.4602,217.0,278.0
40.4652,5.0,278.0
40.4702,-212.0,280.0
40.4754,15.0,280.0
40.4805,196.0,282.0
40.4854,-34.0,280.0
40.4902,-201.0,282.0
40.4951,-30.0,278.0
40.5003,204.0,280.0
40.5052,181.0,280.0
40.5102,-196.0,282.0
40.5152,-342.0,286.0
40.5203,164.0,288.0
40.5251,410.0,294.0
40.5303,-76.0,294.0
40.5353,-290.0,298.0
40.5402,-19.0,298.0
40.5451,21.0,298.0
40.5502,45.0,298.0
40.5555,178.0,300.0
40.5605,-52.0,300.0
40.5654,-186.0,302.0
40.5712,115.0,300.0
40.5759,136.0,302.0
40.5806,-154.0,302.0
40.5855,-153.0,302.0
40.5907,58.0,302.0
40.5955,160.0,302.0
40.6004,101.0,302.0
40.6054,-65.0,302.0
40.6104,-130.0,302.0
40.6155,-27.0,302.0
40.621,-3.0,298.0
40.6255,-44.0,300.0
40.6305,73.0,294.0
40.6353,215.0,296.0
40.6402,77.0,292.0
40.6454,-255.0,294.0
40.6517,-284.0,296.0
40.6557,112.0,296.0
40.6604,293.0,300.0
40.6652,38.0,298.0
40.6702,-102.0,298.0
40.6756,-61.0,296.0
40.6809,-87.0,296.0
40.686,11.0,296.0
40.6906,126.0,296.0
40.6957,-22.0,294.0
40.7005,-69.0,292.0
40.706,132.0,290.0
40.7107,71.0,290.0
40.7157,-241.0,290.0
40.7205,-192.0,290.0
40.7253,244.0,288.0
40.7305,322.0,288.0
40.736,-143.0,284.0
40.7404,-324.0,284.0
40.7456,9.0,280.0
40.7504,176.0,280.0
40.7552,77.0,280.0
40.7607,36.0,278.0
40.7662,-59.0,276.0
40.7702,-198.0,276.0
40.7752,-53.0,272.0
40.7804,215.0,270.0
40.7855,151.0,270.0
40.7912,-76.0,266.0
40.7959,-100.0,268.0
40.8008,-105.0,264.0
40.8053,-96.0,262.0
40.8104,197.0,260.0
40.8155,250.0,260.0
40.8209,-209.0,258.0
40.826,-204.0,256.0
40.8301,247.0,258.0
40.8363,37.0,252.0
40.8408,-284.0,256.0
40.8454,102.0,256.0
40.8508,181.0,256.0
40.8561,-215.0,258.0
40.8602,59.0,256.0
40.8654,346.0,262.0
40.8704,-257.0,264.0
40.8754,-424.0,270.0
40.8802,288.0,272.0
40.8857,340.0,276.0
40.8904,-215.0,278.0
40.8956,-101.0,278.0
40.9003,179.0,278.0
40.9059,-152.0,278.0
40.9107,-215.0,280.0
40.916,282.0,280.0
40.9206,223.0,284.0
40.9253,-268.0,286.0
40.9304,-109.0,286.0
40.9357,185.0,288.0
40.941,-102.0,286.0
40.9457,-110.0,286.0
40.9504,304.0,286.0
40.9554,86.0,284.0
40.9602,-396.0,286.0
40.9662,-105.0,288.0
40.9703,345.0,288.0
40.9752,100.0,290.0
40.9804,-211.0,290.0
40.9854,-35.0,290.0
40.9907,114.0,288.0
40.9957,-21.0,288.0
41.0007,-103.0,288.0
41.0053,-7.0,288.0
41.0104,108.0,286.0
41.0153,99.0,286.0
41.0207,-60.0,286.0
41.0257,-174.0,286.0
41.0301,0.0,284.0
41.036,162.0,286.0
41.0405,13.0,284.0
41.0456,-54.0,284.0
41.0503,-9.0,284.0
41.0557,-65.0,284.0
41.0609,65.0,284.0
41.0656,111.0,284.0
41.0704,-212.0,286.0
41.0758,-113.0,286.0
41.0804,369.0,292.0
41.0852,141.0,292.0
41.0903,-424.0,296.0
41.0951,-178.0,300.0
41.1003,375.0,302.0
41.1061,181.0,304.0
41.1104,-307.0,306.0
41.1154,-170.0,308.0
41.1203,253.0,310.0
41.1254,163.0,312.0
41.1304,-169.0,312.0
41.1358,-141.0,312.0
41.141,24.0,310.0
41.1458,85.0,308.0
41.1504,129.0,308.0
41.1556,-1.0,302.0
41.1606,-211.0,302.0
41.1653,-71.0,298.0
41.1713,195.0,300.0
41.1754,95.0,296.0
41.1803,-118.0,298.0
41.1852,-62.0,298.0
41.1906,26.0,298.0
41.1956,-22.0,296.0
41.2006,45.0,296.0
41.2054,117.0,294.0
41.2104,-93.0,294.0
41.2154,-147.0,294.0
41.221,136.0,294.0
41.2258,105.0,294.0
41.2304,-147.0,294.0
41.236,-47.0,292.0
41.2407,53.0,292.0
41.2455,-25.0,292.0
41.2509,122.0,292.0
41.256,147.0,294.0
41.2602,-219.0,296.0
41.2654,-267.0,300.0
41.2702,116.0,300.0
41.2757,270.0,302.0
41.2807,107.0,302.0
41.2853,-122.0,300.0
41.2902,-257.0,300.0
41.2954,-47.0,298.0
41.3004,248.0,298.0
41.3054,69.0,298.0
41.3105,-172.0,300.0
41.3156,68.0,300.0
41.3212,137.0,300.0
41.3254,-207.0,304.0
41.3304,-119.0,304.0
41.336,237.0,306.0
41.3407,51.0,306.0
41.3458,-217.0,308.0
41.3507,1.0,306.0
41.3554,191.0,306.0
41.3605,71.0,304.0
41.3657,-90.0,302.0
41.3707,-217.0,300.0
41.3755,-103.0,300.0
41.3804,304.0,300.0
41.3855,256.0,302.0
41.3904,-312.0,306.0
41.3957,-256.0,308.0
41.4007,287.0,312.0
41.4053,154.0,314.0
41.4104,-218.0,314.0
41.4155,-65.0,314.0
41.421,123.0,312.0
41.4255,45.0,310.0
41.4305,-92.0,310.0
41.4358,-80.0,310.0
41.4409,160.0,312.0
41.4454,120.0,312.0
41.4511,-276.0,314.0
41.4557,-139.0,312.0
41.4603,396.0,314.0
41.4657,146.0,314.0
41.4704,-469.0,316.0
41.4755,-148.0,318.0
41.4803,425.0,320.0
41.4857,131.0,322.0
41.4904,-245.0,322.0
41.4952,-61.0,320.0
41.5003,2.0,318.0
41.5059,-101.0,316.0
41.5109,154.0,314.0
41.5157,311.0,312.0
41.5207,-107.0,308.0
41.5264,-423.0,310.0
41.5305,-83.0,308.0
41.5358,363.0,312.0
41.5407,250.0,314.0
41.5454,-212.0,314.0
41.5504,-286.0,316.0
41.5554,74.0,312.0
41.5604,191.0,312.0
41.5659,5.0,308.0
41.5702,-31.0,306.0
41.576,-18.0,304.0
41.5802,-98.0,304.0
41.5856,-31.0,302.0
41.5902,126.0,300.0
41.5953,121.0,300.0
41.6002,-57.0,294.0
41.6052,-204.0,296.0
41.6102,-21.0,292.0
41.6152,232.0,294.0
41.6204,-4.0,290.0
41.6252,-204.0,292.0
41.6303,141.0,294.0
41.6352,160.0,296.0
41.6401,-236.0,298.0
41.6452,-96.0,298.0
41.6502,162.0,300.0
41.6552,-41.0,298.0
41.6601,-9.0,298.0
41.6651,225.0,298.0
41.6701,-28.0,300.0
41.6764,-275.0,302.0
41.6802,-52.0,302.0
41.6851,74.0,302.0
41.6902,66.0,302.0
41.6952,217.0,306.0
41.7002,56.0,306.0
41.7055,-352.0,308.0
41.7102,-184.0,308.0
41.7151,263.0,310.0
41.7201,202.0,308.0
41.7251,-21.0,306.0
41.7302,-127.0,302.0
41.7354,-275.0,304.0
41.7404,28.0,298.0
41.7452,503.0,302.0
41.7501,50.0,298.0
41.7552,-552.0,304.0
41.7601,-89.0,302.0
41.7653,415.0,306.0
41.7703,67.0,304.0
41.7753,-190.0,306.0
41.7801,-8.0,304.0
41.7852,-4.0,304.0
41.7902,2.0,302.0
41.7952,152.0,304.0
41.8003,-90.0,302.0
41.8052,-316.0,306.0
41.8104,184.0,306.0
41.8151,468.0,312.0
41.8204,-200.0,312.0
41.8252,-468.0,320.0
41.8304,183.0,322.0
41.8352,261.0,326.0
41.8402,-206.0,328.0
41.8451,23.0,326.0
41.8502,268.0,330.0
41.8552,-206.0,330.0
41.8602,-321.0,334.0
41.8651,218.0,334.0
41.8702,321.0,338.0
41.8753,-141.0,340.0
41.8802,-274.0,342.0
41.8861,74.0,344.0
41.8903,237.0,346.0
41.8951,-27.0,344.0
41.9002,-192.0,342.0
41.9053,-28.0,340.0
41.9102,45.0,338.0
41.9152,42.0,334.0
41.9203,179.0,336.0
41.9251,62.0,334.0
41.9302,-300.0,336.0
41.9353,-225.0,338.0
41.9402,218.0,338.0
41.9451,298.0,342.0
41.9502,-85.0,340.0
41.9562,-254.0,342.0
41.9601,83.0,342.0
41.9651,191.0,342.0
41.9701,-170.0,342.0
41.9751,-167.0,342.0
41.9803,181.0,344.0
41.9852,169.0,342.0
41.9905,-47.0,344.0
41.9954,-144.0,342.0
42.0002,-154.0,344.0
42.0052,38.0,344.0
42.0102,265.0,344.0
42.0152,118.0,344.0
42.0205,-183.0,342.0
42.0252,-191.0,342.0
42.0302,-31.0,336.0
42.0351,98.0,334.0
42.0401,224.0,334.0
42.0451,67.0,332.0
42.0502,-292.0,334.0
42.0554,-148.0,334.0
42.0602,249.0,336.0
42.0652,118.0,338.0
42.0702,-163.0,338.0
42.0753,-79.0,338.0
42.0801,79.0,338.0
42.0852,101.0,336.0
42.0908,-4.0,332.0
42.0952,-139.0,332.0
42.1002,-56.0,328.0
42.1053,154.0,328.0
42.1104,82.0,322.0
42.1153,-186.0,322.0
42.1202,-82.0,316.0
42.1251,242.0,318.0
42.1302,84.0,316.0
42.1358,-244.0,318.0
42.1402,-63.0,320.0
42.1452,172.0,320.0
42.1504,-12.0,318.0
42.1556,-125.0,316.0
42.1602,55.0,314.0
42.1651,142.0,310.0
42.1701,50.0,310.0
42.1752,-135.0,306.0
42.1802,-247.0,306.0
42.1852,87.0,304.0
42.1914,378.0,306.0
42.1951,-120.0,306.0
42.2002,-411.0,310.0
42.2052,250.0,314.0
42.2102,394.0,320.0
42.2152,-318.0,324.0
42.2205,-324.0,328.0
42.2253,231.0,330.0
42.2303,149.0,332.0
42.2352,-71.0,330.0
42.2403,102.0,332.0
42.2453,-71.0,330.0
42.2507,-302.0,334.0
42.2554,186.0,332.0
42.2602,319.0,338.0
42.2652,-275.0,338.0
42.2702,-140.0,338.0
42.2754,341.0,342.0
42.2803,-106.0,340.0
42.2854,-372.0,344.0
42.2913,259.0,346.0
42.2951,347.0,350.0
42.3001,-256.0,354.0
42.3052,-248.0,354.0
42.3103,152.0,356.0
42.3154,75.0,354.0
42.3203,-48.0,354.0
42.3252,110.0,354.0
42.3302,-1.0,352.0
42.3352,-205.0,352.0
42.3404,42.0,352.0
42.3453,194.0,350.0
42.3503,-138.0,350.0
42.3551,-182.0,348.0
42.3602,267.0,348.0
42.3653,263.0,352.0
42.3704,-328.0,356.0
42.3754,-416.0,358.0
42.3802,233.0,362.0
42.3852,515.0,362.0
42.3915,-17.0,360.0
42.3952,-443.0,360.0
42.4002,-157.0,360.0
42.4052,217.0,358.0
42.4101,150.0,358.0
42.4153,11.0,356.0
42.4203,13.0,356.0
42.4252,-84.0,356.0
42.4302,-180.0,360.0
42.4352,-41.0,358.0
42.4401,193.0,360.0
42.4453,240.0,358.0
42.4503,-47.0,356.0
42.4551,-310.0,354.0
42.4602,-88.0,352.0
42.4651,192.0,348.0
42.4701,66.0,346.0
42.4753,-22.0,342.0
42.4802,73.0,340.0
42.4855,-58.0,340.0
42.4902,-196.0,340.0
42.4951,52.0,338.0
42.5001,245.0,336.0
42.5052,-18.0,332.0
42.5103,-244.0,332.0
42.5153,-58.0,330.0
42.5202,201.0,330.0
42.5252,225.0,332.0
42.5302,-81.0,330.0
42.5355,-422.0,336.0
42.5401,-102.0,334.0
42.5453,483.0,340.0
42.5501,226.0,344.0
42.5552,-339.0,348.0
42.5601,-178.0,348.0
42.5651,95.0,348.0
42.5701,3.0,344.0
42.5752,114.0,342.0
42.5801,183.0,342.0
42.5852,-212.0,340.0
42.5902,-321.0,344.0
42.5952,163.0,342.0
42.6001,362.0,348.0
42.6051,-28.0,344.0
42.6101,-270.0,346.0
42.6152,-48.0,344.0
42.6204,117.0,344.0
42.6252,16.0,342.0
42.6302,-55.0,342.0
42.6351,0.0,338.0
42.6401,119.0,338.0
42.6451,91.0,340.0
42.6502,-199.0,338.0
42.6552,-182.0,340.0
42.6601,260.0,340.0
42.6653,154.0,340.0
42.6703,-360.0,344.0
42.6753,-52.0,344.0
42.6803,447.0,348.0
42.6852,-48.0,348.0
42.6902,-404.0,350.0
42.6951,148.0,350.0
42.7001,226.0,348.0
42.7053,-239.0,350.0
42.7102,-26.0,348.0
42.7152,270.0,352.0
42.7201,-66.0,352.0
42.7252,-205.0,352.0
42.7304,-3.0,352.0
42.7352,54.0,352.0
42.7402,143.0,354.0
42.7454,85.0,352.0
42.7501,-195.0,354.0
42.7552,-74.0,352.0
42.7601,140.0,352.0
42.7652,-87.0,350.0
42.7702,-83.0,350.0
42.7752,239.0,350.0
42.7801,55.0,350.0
42.7853,-285.0,352.0
42.7903,0.0,352.0
42.7954,302.0,354.0
42.8006,-67.0,354.0
42.8052,-359.0,358.0
42.8101,84.0,358.0
42.8151,406.0,362.0
42.8203,-64.0,360.0
42.8252,-361.0,364.0
42.8301,78.0,360.0
42.8352,224.0,362.0
42.8401,-138.0,356.0
42.8451,-103.0,354.0
42.8502,179.0,352.0
42.8551,103.0,348.0
42.8601,-135.0,346.0
42.8652,-191.0,344.0
42.8702,7.0,342.0
42.8753,248.0,344.0
42.8802,135.0,346.0
42.8852,-247.0,348.0
42.8902,-229.0,348.0
42.8951,255.0,348.0
42.9002,264.0,348.0
42.9052,-309.0,348.0
42.9102,-270.0,350.0
42.9159,373.0,350.0
42.9202,272.0,352.0
42.9262,-405.0,354.0
42.9302,-255.0,354.0
42.9353,366.0,354.0
42.9402,176.0,352.0
42.9451,-221.0,352.0
42.9502,-16.0,350.0
42.9551,3.0,348.0
42.9603,-195.0,352.0
42.9651,168.0,352.0
42.9703,370.0,358.0
42.9753,-155.0,356.0
42.9801,-364.0,362.0
42.9852,-42.0,360.0
42.9902,109.0,360.0
42.9952,232.0,360.0
43.0002,229.0,360.0
43.0051,-227.0,358.0
43.0114,-377.0,360.0
43.0151,43.0,354.0
43.0203,259.0,354.0
43.0252,141.0,348.0
43.0302,-49.0,348.0
43.0352,-195.0,344.0
43.0401,-54.0,344.0
43.0452,159.0,342.0
43.0503,20.0,340.0
43.0553,-153.0,342.0
43.0602,61.0,344.0
43.0652,177.0,344.0
43.0702,-130.0,344.0
43.0753,-131.0,346.0
43.0802,191.0,346.0
43.0851,1.0,342.0
43.0902,-241.0,344.0
43.0952,102.0,342.0
43.1001,224.0,344.0
43.1053,-98.0,342.0
43.1112,-108.0,342.0
43.1151,5.0,342.0
43.1202,-48.0,342.0
43.1252,95.0,342.0
43.1302,170.0,342.0
43.1353,-120.0,344.0
43.1402,-215.0,342.0
43.1452,45.0,344.0
43.1501,151.0,342.0
43.1552,30.0,342.0
43.1602,-14.0,338.0
43.1652,23.0,336.0
43.1702,-95.0,336.0
43.1751,-170.0,332.0
43.1801,156.0,332.0
43.1856,267.0,330.0
43.1902,-227.0,330.0
43.1952,-272.0,328.0
43.2002,306.0,330.0
43.2051,241.0,332.0
43.2111,-327.0,338.0
43.2153,-211.0,338.0
43.2206,254.0,340.0
43.2266,183.0,340.0
43.2301,-95.0,336.0
43.2352,-141.0,336.0
43.2402,-109.0,332.0
43.2452,39.0,332.0
43.2504,250.0,332.0
43.2554,110.0,332.0
43.2602,-206.0,334.0
43.2652,-186.0,336.0
43.2702,15.0,336.0
43.2753,97.0,338.0
43.2804,124.0,338.0
43.2853,93.0,338.0
43.2902,-77.0,336.0
43.2952,-253.0,336.0
43.3002,-112.0,334.0
43.3053,285.0,336.0
43.3104,277.0,336.0
43.3153,-161.0,336.0
43.3203,-288.0,334.0
43.3251,-48.0,334.0
43.3302,172.0,330.0
43.3352,201.0,332.0
43.3402,-81.0,330.0
43.3452,-219.0,330.0
43.3502,104.0,330.0
43.3552,149.0,328.0
43.3603,-179.0,330.0
43.3651,-59.0,328.0
43.3702,201.0,330.0
43.3754,-32.0,330.0
43.3802,-141.0,330.0
43.3852,103.0,330.0
43.3901,21.0,328.0
43.3952,-126.0,328.0
43.4002,107.0,328.0
43.4051,97.0,328.0
43.4103,-185.0,330.0
43.4155,-1.0,326.0
43.4203,210.0,328.0
43.4255,-178.0,328.0
43.4302,-256.0,332.0
43.4351,332.0,332.0
43.4401,335.0,336.0
43.4451,-298.0,334.0
43.4503,-308.0,338.0
43.4552,148.0,334.0
43.4602,99.0,334.0
43.4652,-129.0,332.0
43.4703,119.0,332.0
43.4752,296.0,334.0
43.4802,-134.0,334.0
43.4853,-420.0,338.0
43.4901,-1.0,336.0
43.4952,314.0,338.0
43.5002,57.0,338.0
43.5053,-68.0,336.0
43.5102,65.0,336.0
43.5151,-117.0,334.0
43.5205,-262.0,336.0
43.5251,165.0,334.0
43.5302,380.0,338.0
43.5354,-124.0,336.0
43.5402,-348.0,336.0
43.5452,81.0,332.0
43.5503,239.0,332.0
43.5552,-70.0,328.0
43.5602,-183.0,326.0
43.5653,48.0,320.0
43.5703,192.0,320.0
43.5751,-5.0,314.0
43.5801,-164.0,314.0
43.5851,16.0,310.0
43.5902,47.0,312.0
43.5951,-121.0,314.0
43.6003,97.0,312.0
43.6051,243.0,312.0
43.6101,-177.0,310.0
43.6151,-266.0,312.0
43.6204,190.0,308.0
43.6251,182.0,310.0
43.6302,-205.0,312.0
43.6352,-89.0,310.0
43.6401,229.0,310.0
43.6452,62.0,308.0
43.6505,-192.0,304.0
43.6551,-59.0,304.0
43.6602,58.0,302.0
43.6652,20.0,300.0
43.6702,113.0,300.0
43.6753,6.0,298.0
43.6802,-256.0,302.0
43.6851,52.0,300.0
43.6902,350.0,304.0
43.6952,-162.0,304.0
43.7001,-358.0,310.0
43.7053,260.0,310.0
43.7102,236.0,312.0
43.7152,-359.0,316.0
43.7201,-58.0,314.0
43.7251,477.0,322.0
43.7301,-23.0,318.0
43.7355,-542.0,324.0
43.7401,-35.0,322.0
43.7451,491.0,328.0
43.7502,138.0,328.0
43.7552,-354.0,334.0
43.7605,-181.0,336.0
43.7654,208.0,338.0
43.7702,125.0,338.0
43.7751,-138.0,338.0
43.7801,-4.0,334.0
43.7851,169.0,336.0
43.7901,-93.0,336.0
43.7952,-200.0,338.0
43.8002,119.0,340.0
43.8051,105.0,340.0
43.8102,-127.0,342.0
43.8151,90.0,340.0
43.8204,203.0,340.0
43.8252,-209.0,340.0
43.8302,-339.0,342.0
43.8351,118.0,340.0
43.8403,406.0,340.0
43.8453,120.0,338.0
43.8503,-301.0,338.0
43.8552,-323.0,340.0
43.8601,90.0,338.0
43.8652,356.0,340.0
43.8701,68.0,340.0
43.8754,-203.0,340.0
43.8801,-93.0,340.0
43.8852,-49.0,340.0
43.8901,23.0,338.0
43.8952,266.0,340.0
43.9001,59.0,338.0
43.9053,-322.0,340.0
43.9104,-86.0,340.0
43.9152,191.0,342.0
43.9202,36.0,340.0
43.9251,22.0,340.0
43.9301,47.0,338.0
43.9352,-196.0,338.0
43.9401,-96.0,338.0
43.9452,283.0,338.0
43.9501,88.0,334.0
43.9552,-286.0,336.0
43.9602,-47.0,334.0
43.9652,230.0,336.0
43.9701,-4.0,334.0
43.9754,-144.0,332.0
43.9802,64.0,332.0
43.9852,71.0,330.0
43.9904,-125.0,330.0
43.9953,-63.0,328.0
44.0004,164.0,328.0
44.0051,133.0,330.0
44.0102,-169.0,330.0
44.0151,-224.0,332.0
44.0204,147.0,332.0
44.0251,263.0,334.0
44.0313,-110.0,336.0
44.0352,-215.0,338.0
44.0401,68.0,336.0
44.0452,111.0,338.0
44.0503,-34.0,334.0
44.0551,-13.0,336.0
44.0601,-5.0,332.0
44.0652,-51.0,330.0
44.0702,89.0,328.0
44.0752,89.0,324.0
44.0802,-256.0,322.0
44.0853,-113.0,320.0
44.0902,472.0,322.0
44.0952,134.0,322.0
44.1002,-595.0,330.0
44.1052,-117.0,330.0
44.1102,511.0,336.0
44.1151,1.0,330.0
44.1201,-303.0,334.0
44.1251,183.0,330.0
44.1302,149.0,332.0
44.1354,-310.0,332.0
44.1402,-115.0,332.0
44.1454,278.0,336.0
44.1502,109.0,336.0
44.1552,-101.0,336.0
44.1602,7.0,332.0
44.1651,-77.0,332.0
44.1703,-216.0,328.0
44.1751,88.0,328.0
44.1803,326.0,328.0
44.1852,41.0,328.0
44.1904,-217.0,326.0
44.1952,-95.0,328.0
44.2001,6.0,324.0
44.2051,-38.0,324.0
44.2101,94.0,322.0
44.2151,233.0,326.0
44.2205,-19.0,324.0
44.2252,-308.0,328.0
44.2303,-128.0,330.0
44.2352,221.0,332.0
44.2402,217.0,334.0
44.2452,-69.0,330.0
44.2506,-177.0,330.0
44.2552,11.0,326.0
44.2601,48.0,324.0
44.2652,-148.0,324.0
44.2701,13.0,320.0
44.2752,388.0,326.0
44.2804,101.0,324.0
44.2852,-500.0,330.0
44.2902,-275.0,332.0
44.2951,392.0,336.0
44.3001,279.0,340.0
44.3052,-222.0,344.0
44.3102,-68.0,342.0
44.3154,176.0,346.0
44.3203,-174.0,344.0
44.3251,-227.0,346.0
44.3302,247.0,346.0
44.3353,203.0,346.0
44.3401,-119.0,342.0
44.3451,-21.0,338.0
44.3501,-66.0,336.0
44.3552,-245.0,334.0
44.3602,145.0,336.0
44.3652,453.0,334.0
44.3701,-98.0,336.0
44.3752,-493.0,336.0
44.3804,42.0,336.0
44.3852,369.0,334.0
44.3903,-57.0,332.0
44.3952,-172.0,330.0
44.4002,109.0,328.0
44.4051,17.0,326.0
44.4101,-122.0,326.0
44.4151,20.0,324.0
44.4203,32.0,324.0
44.4253,16.0,322.0
44.4301,141.0,322.0
44.4351,-6.0,320.0
44.4401,-250.0,322.0
44.4452,-55.0,320.0
44.4501,164.0,322.0
44.4552,46.0,320.0
44.4602,30.0,318.0
44.4651,57.0,316.0
44.4702,-151.0,312.0
44.4752,-137.0,312.0
44.4802,136.0,308.0
44.4852,127.0,308.0
44.4902,-64.0,304.0
44.4952,-116.0,302.0
44.5001,6.0,300.0
44.5053,196.0,298.0
44.5101,70.0,298.0
44.5153,-289.0,300.0
44.5202,-187.0,300.0
44.5251,238.0,304.0
44.5302,254.0,308.0
44.5355,-35.0,304.0
44.5404,-190.0,306.0
44.5451,-181.0,304.0
44.5501,31.0,302.0
44.5552,309.0,304.0
44.5601,109.0,306.0
44.5654,-360.0,310.0
44.5702,-160.0,312.0
44.5754,383.0,316.0
44.5802,144.0,316.0
44.5852,-374.0,318.0
44.5902,-126.0,318.0
44.5952,288.0,318.0
44.6002,112.0,320.0
44.6051,-102.0,318.0
44.6101,-53.0,318.0
44.6151,-145.0,318.0
44.6203,-76.0,318.0
44.6251,345.0,322.0
44.6301,221.0,324.0
44.6351,-383.0,330.0
44.6401,-285.0,330.0
44.6452,288.0,334.0
44.6504,259.0,334.0
44.6554,-221.0,334.0
44.6601,-228.0,336.0
44.6651,245.0,336.0
44.6703,246.0,338.0
44.6754,-264.0,338.0
44.6802,-254.0,342.0
44.6852,235.0,344.0
44.6905,176.0,346.0
44.6951,-248.0,350.0
44.7001,-40.0,350.0
44.7051,351.0,354.0
44.7102,-67.0,354.0
44.7152,-426.0,360.0
44.7203,139.0,358.0
44.7251,344.0,362.0
44.7302,-228.0,358.0
44.7353,-141.0,358.0
44.7402,325.0,354.0
44.7454,-41.0,352.0
44.7508,-358.0,350.0
44.7552,138.0,352.0
44.7601,297.0,352.0
44.7652,-186.0,352.0
44.7704,-178.0,352.0
44.7753,245.0,352.0
44.7801,66.0,350.0
44.7852,-325.0,352.0
44.7901,-13.0,350.0
44.7952,361.0,354.0
44.8003,22.0,354.0
44.8051,-279.0,358.0
44.8101,-50.0,354.0
44.8151,98.0,354.0
44.8203,58.0,350.0
44.8252,74.0,352.0
44.8301,-56.0,348.0
44.8354,-140.0,350.0
44.8401,63.0,350.0
44.8451,79.0,350.0
44.8513,-66.0,350.0
44.8552,55.0,348.0
44.8601,31.0,348.0
44.8652,-178.0,346.0
44.8702,55.0,344.0
44.8752,235.0,344.0
44.8802,-170.0,344.0
44.8851,-221.0,346.0
44.8902,249.0,348.0
44.8954,136.0,350.0
44.9002,-226.0,352.0
44.9055,23.0,350.0
44.9102,108.0,352.0
44.9151,-213.0,350.0
44.9201,38.0,348.0
44.9251,315.0,346.0
44.9302,-170.0,344.0
44.9354,-267.0,342.0
44.9403,254.0,342.0
44.9451,144.0,340.0
44.9502,-256.0,344.0
44.9561,-57.0,342.0
44.9607,194.0,342.0
44.9651,41.0,338.0
44.9702,-136.0,336.0
44.9752,-52.0,334.0
44.9801,127.0,334.0
44.9852,56.0,336.0
44.9902,-157.0,336.0
44.9952,-99.0,334.0
45.0002,151.0,334.0
45.0051,205.0,330.0
45.0101,-35.0,330.0
45.0151,-281.0,326.0
45.0204,-152.0,328.0
45.0251,245.0,326.0
45.0301,279.0,330.0
45.0352,-164.0,330.0
45.0401,-283.0,332.0
45.0451,150.0,334.0
45.0506,234.0,336.0
45.0551,-192.0,338.0
45.0601,-222.0,342.0
45.0651,187.0,344.0
45.0702,215.0,346.0
45.0754,-114.0,348.0
45.0804,-138.0,346.0
45.0851,70.0,346.0
45.0901,47.0,344.0
45.0952,-105.0,344.0
45.1002,-69.0,346.0
45.1052,116.0,346.0
45.1102,166.0,346.0
45.1151,4.0,344.0
45.1201,-137.0,344.0
45.1251,-164.0,344.0
45.1301,-56.0,344.0
45.1353,190.0,346.0
45.1401,224.0,350.0
45.1451,-92.0,348.0
45.1501,-245.0,350.0
45.1561,2.0,346.0
45.1601,215.0,346.0
45.1651,40.0,344.0
45.1703,-252.0,344.0
45.1751,-90.0,344.0
45.1801,331.0,346.0
45.1851,157.0,346.0
45.1903,-380.0,352.0
45.1954,-202.0,350.0
45.2002,377.0,354.0
45.2052,211.0,352.0
45.2102,-302.0,354.0
45.2152,-178.0,350.0
45.2203,140.0,350.0
45.2272,96.0,346.0
45.2301,49.0,346.0
45.2352,-5.0,340.0
45.2401,-190.0,342.0
45.2453,-55.0,342.0
45.2502,260.0,344.0
45.2553,106.0,344.0
45.2613,-253.0,346.0
45.2652,-170.0,344.0
45.2701,172.0,342.0
45.2753,221.0,340.0
45.2803,-89.0,338.0
45.2854,-241.0,336.0
45.2902,98.0,334.0
45.2951,259.0,334.0
45.3001,-192.0,334.0
45.3051,-273.0,334.0
45.3102,284.0,336.0
45.3151,244.0,334.0
45.3203,-314.0,336.0
45.3251,-182.0,334.0
45.3301,273.0,336.0
45.3353,139.0,334.0
45.3403,-190.0,338.0
45.3454,-136.0,334.0
45.3502,107.0,334.0
45.3551,130.0,330.0
45.3601,-25.0,328.0
45.3652,-79.0,324.0
45.3703,-58.0,322.0
45.3753,44.0,320.0
45.3801,121.0,316.0
45.3851,-124.0,318.0
45.3903,-193.0,316.0
45.3951,263.0,318.0
45.4003,297.0,318.0
45.4052,-294.0,318.0
45.4102,-321.0,322.0
45.4152,223.0,320.0
45.4203,170.0,322.0
45.4253,-216.0,320.0
45.4301,46.0,322.0
45.4353,295.0,320.0
45.4401,-150.0,322.0
45.4453,-287.0,322.0
45.4505,116.0,324.0
45.4552,110.0,324.0
45.4601,-60.0,324.0
45.4651,77.0,324.0
45.4701,38.0,324.0
45.4754,-107.0,322.0
45.4803,36.0,322.0
45.4853,34.0,322.0
45.4901,-224.0,324.0
45.4953,-66.0,324.0
45.5002,373.0,330.0
45.5053,265.0,332.0
45.5102,-274.0,334.0
45.5152,-466.0,338.0
45.5202,-21.0,336.0
45.5251,515.0,340.0
45.5302,227.0,340.0
45.5354,-461.0,346.0
45.5402,-179.0,344.0
45.5453,409.0,350.0
45.5501,-23.0,350.0
45.5551,-336.0,350.0
45.5602,206.0,354.0
45.5657,169.0,352.0
45.5702,-286.0,354.0
45.5751,69.0,350.0
45.5801,255.0,350.0
45.5852,-264.0,352.0
45.5902,-125.0,350.0
45.5953,325.0,354.0
45.6003,-70.0,352.0
45.6051,-266.0,356.0
45.6102,259.0,358.0
45.6153,162.0,360.0
45.6205,-358.0,362.0
45.6254,-62.0,362.0
45.6302,350.0,366.0
45.6351,0.0,364.0
45.6401,-266.0,366.0
45.6452,-12.0,364.0
45.6501,113.0,364.0
45.6551,103.0,362.0
45.6601,101.0,360.0
45.6652,-231.0,360.0
45.6702,-306.0,362.0
45.6753,348.0,364.0
45.6802,409.0,366.0
45.6851,-446.0,370.0
45.6901,-416.0,374.0
45.6952,497.0,378.0
45.7002,374.0,380.0
45.7052,-444.0,384.0
45.7104,-269.0,386.0
45.7153,319.0,388.0
45.7201,103.0,388.0
45.7251,-226.0,390.0
45.7301,15.0,390.0
45.7355,191.0,392.0
45.7403,1.0,390.0
45.7453,-154.0,390.0
45.7501,-127.0,390.0
45.7552,69.0,392.0
45.7602,254.0,394.0
45.7651,55.0,392.0
45.7708,-272.0,394.0
45.7752,-153.0,394.0
45.7803,178.0,394.0
45.7852,146.0,394.0
45.7902,-87.0,392.0
45.7954,-48.0,392.0
45.8002,73.0,390.0
45.8051,-40.0,390.0
45.8102,-83.0,388.0
45.8151,63.0,388.0
45.8205,14.0,382.0
45.8252,-48.0,380.0
45.8301,143.0,376.0
45.8351,32.0,374.0
45.8401,-292.0,372.0
45.8451,-27.0,370.0
45.8503,338.0,370.0
45.8551,27.0,368.0
45.8602,-273.0,370.0
45.8653,-13.0,370.0
45.8705,177.0,372.0
45.876,-21.0,372.0
45.8813,-140.0,370.0
45.8857,45.0,370.0
45.8903,165.0,368.0
45.8952,-16.0,368.0
45.9003,-171.0,366.0
45.9057,-67.0,364.0
45.9105,84.0,364.0
45.9158,149.0,362.0
45.9204,57.0,362.0
45.9252,-150.0,360.0
45.9305,-123.0,360.0
45.9358,87.0,358.0
45.9408,58.0,356.0
45.9459,-70.0,352.0
45.9504,20.0,348.0
45.9553,100.0,346.0
45.9605,4.0,342.0
45.9661,-54.0,340.0
45.9701,-70.0,336.0
45.9759,-86.0,336.0
45.9806,50.0,334.0
45.9866,206.0,334.0
45.9904,72.0,334.0
45.9954,-238.0,336.0
46.0003,-228.0,338.0
46.0053,203.0,340.0
46.0104,356.0,346.0
46.0153,-125.0,346.0
46.021,-409.0,350.0
46.0252,31.0,350.0
46.0301,347.0,352.0
46.0356,17.0,348.0
46.0405,-186.0,346.0
46.0454,32.0,342.0
46.0509,27.0,338.0
46.0561,-165.0,336.0
46.0601,24.0,334.0
46.0654,286.0,336.0
46.0703,28.0,336.0
46.0762,-324.0,336.0
46.0801,-79.0,334.0
46.0861,304.0,334.0
46.0901,26.0,334.0
46.0962,-299.0,336.0
46.1005,117.0,338.0
46.1056,336.0,342.0
46.1102,-230.0,344.0
46.1157,-371.0,348.0
46.1206,215.0,352.0
46.1253,338.0,356.0
46.1301,-126.0,354.0
46.1358,-224.0,356.0
46.1407,102.0,352.0
46.146,101.0,350.0
46.1503,-174.0,348.0
46.1554,-52.0,342.0
46.1604,230.0,346.0
46.166,84.0,338.0
46.1701,-178.0,338.0
46.1756,-119.0,332.0
46.1824,60.0,330.0
46.1851,104.0,326.0
46.1905,31.0,326.0
46.1959,-73.0,322.0
46.2006,-76.0,320.0
46.2053,67.0,318.0
46.2104,92.0,316.0
46.2151,-60.0,316.0
46.2208,-45.0,312.0
46.2257,12.0,308.0
46.2301,-81.0,308.0
46.2351,44.0,302.0
46.2403,210.0,306.0
46.2451,-64.0,302.0
46.2507,-233.0,302.0
46.2557,72.0,300.0
46.2601,145.0,296.0
46.2652,-121.0,298.0
46.2703,-51.0,292.0
46.2757,197.0,296.0
46.2801,52.0,292.0
46.287,-215.0,296.0
46.2901,-129.0,296.0
46.2952,106.0,296.0
46.3003,148.0,296.0
46.3056,70.0,294.0
46.3106,-42.0,290.0
46.3158,-136.0,286.0
46.3208,-50.0,282.0
46.3254,17.0,274.0
46.3303,-54.0,268.0
46.3358,111.0,262.0
46.3402,288.0,262.0
46.3451,-54.0,256.0
46.3502,-372.0,258.0
46.3553,-112.0,254.0
46.3605,182.0,256.0
46.366,158.0,254.0
46.3705,95.0,256.0
46.3753,-48.0,254.0
46.3804,-220.0,256.0
46.3854,-26.0,254.0
46.3901,157.0,254.0
46.3963,-55.0,254.0
46.4007,-29.0,252.0
46.4053,194.0,254.0
46.4104,-71.0,250.0
46.4157,-244.0,252.0
46.4209,133.0,250.0
46.4259,196.0,252.0
46.4301,-143.0,252.0
46.4352,-119.0,254.0
46.4404,65.0,254.0
46.4451,53.0,254.0
46.4507,79.0,254.0
46.4559,-16.0,254.0
46.4601,-201.0,256.0
46.4655,27.0,256.0
46.4704,239.0,258.0
46.4754,-83.0,258.0
46.4807,-213.0,256.0
46.4856,129.0,258.0
46.4901,147.0,256.0
46.4953,-105.0,256.0
46.5003,-22.0,252.0
46.5059,51.0,254.0
46.5112,-119.0,252.0
46.5158,-76.0,254.0
46.5208,136.0,254.0
46.5255,168.0,254.0
46.5304,32.0,252.0
46.5356,-178.0,256.0
46.5404,-219.0,256.0
46.5462,47.0,256.0
46.5506,223.0,258.0
46.5551,90.0,258.0
46.5604,-43.0,256.0
46.5659,-72.0,256.0
46.5701,-155.0,256.0
46.5756,-106.0,256.0
46.5803,209.0,258.0
46.5853,285.0,262.0
46.5901,-88.0,264.0
46.5954,-283.0,266.0
46.6008,-54.0,266.0
46.6053,69.0,268.0
46.6103,11.0,266.0
46.6154,186.0,268.0
46.6207,218.0,270.0
46.6262,-275.0,272.0
46.6301,-414.0,276.0
46.6362,182.0,276.0
46.6403,390.0,278.0
46.6459,-64.0,276.0
46.6502,-185.0,274.0
46.6559,32.0,272.0
46.6604,-45.0,266.0
46.6652,-42.0,266.0
46.6704,203.0,264.0
46.6754,7.0,264.0
46.681,-293.0,266.0
46.6857,62.0,266.0
46.6903,349.0,272.0
46.6953,-79.0,270.0
46.7005,-365.0,276.0
46.7059,14.0,272.0
46.7101,322.0,276.0
46.7156,73.0,272.0
46.7213,-248.0,274.0
46.7254,-105.0,272.0
46.7305,211.0,274.0
46.7354,64.0,270.0
46.7403,-249.0,272.0
46.7453,-3.0,268.0
46.7503,326.0,268.0
46.7554,-25.0,264.0
46.7605,-354.0,266.0
46.7652,38.0,262.0
46.7701,265.0,264.0
46.7758,-93.0,262.0
46.7804,-105.0,262.0
46.7853,175.0,262.0
46.7905,-8.0,260.0
46.7967,-170.0,262.0
46.8004,61.0,258.0
46.8052,58.0,258.0
46.8104,-132.0,258.0
46.8151,5.0,256.0
46.8208,223.0,258.0
46.8258,73.0,258.0
46.8301,-243.0,262.0
46.8356,-203.0,264.0
46.8403,159.0,264.0
46.8453,251.0,268.0
46.8511,-40.0,266.0
46.8559,-192.0,268.0
46.8603,-36.0,268.0
46.8654,81.0,270.0
46.8701,52.0,270.0
46.8754,3.0,268.0
46.8801,-32.0,266.0
46.8851,5.0,266.0
46.8901,34.0,262.0
46.8951,-107.0,262.0
46.9001,-118.0,262.0
46.9053,195.0,264.0
46.9104,262.0,266.0
46.9152,-182.0,266.0
46.9201,-339.0,270.0
46.9251,128.0,270.0
46.9301,244.0,272.0
46.9352,-157.0,272.0
46.9401,-33.0,270.0
46.9451,268.0,274.0
46.9501,-147.0,274.0
46.9553,-341.0,278.0
46.9603,229.0,280.0
46.9651,314.0,286.0
46.9702,-232.0,288.0
46.9752,-221.0,290.0
46.9801,183.0,288.0
46.9851,77.0,288.0
46.9904,-107.0,284.0
46.9951,104.0,284.0
47.0001,59.0,282.0
47.0051,-229.0,284.0
47.0101,-38.0,282.0
47.0151,184.0,284.0
47.0202,-46.0,282.0
47.0251,-23.0,282.0
47.0302,222.0,284.0
47.0352,-47.0,284.0
47.0401,-352.0,288.0
47.0452,-55.0,286.0
47.0502,289.0,290.0
47.0552,190.0,288.0
47.0601,-75.0,288.0
47.0651,-203.0,288.0
47.0701,-135.0,288.0
47.0752,85.0,288.0
47.0802,245.0,290.0
47.0852,87.0,290.0
47.0902,-261.0,294.0
47.0951,-211.0,296.0
47.1001,252.0,298.0
47.1052,214.0,300.0
47.1102,-287.0,300.0
47.1152,-147.0,302.0
47.1201,350.0,304.0
47.1252,113.0,304.0
47.1304,-348.0,306.0
47.1354,-110.0,306.0
47.1402,235.0,310.0
47.1452,76.0,310.0
47.1502,-84.0,310.0
47.1551,-15.0,310.0
47.1601,-10.0,308.0
47.1651,-26.0,304.0
47.1702,18.0,304.0
47.1752,48.0,302.0
47.1804,48.0,300.0
47.1851,-71.0,300.0
47.1904,-158.0,300.0
47.1953,79.0,300.0
47.2002,245.0,302.0
47.2051,-36.0,302.0
47.2101,-218.0,302.0
47.2151,-34.0,302.0
47.2202,66.0,300.0
47.2282,55.0,296.0
47.2311,84.0,296.0
47.2351,-2.0,292.0
47.2401,-116.0,292.0
47.2452,-63.0,292.0
47.2501,57.0,292.0
47.2551,82.0,292.0
47.2601,-42.0,288.0
47.2652,-65.0,286.0
47.2704,161.0,282.0
47.2752,74.0,280.0
47.2803,-348.0,278.0
47.2852,-127.0,280.0
47.2901,430.0,284.0
47.2951,158.0,286.0
47.3001,-340.0,290.0
47.3053,-92.0,292.0
47.3101,217.0,292.0
47.3152,-57.0,292.0
47.3202,-229.0,292.0
47.3251,181.0,294.0
47.3301,341.0,292.0
47.3354,-195.0,294.0
47.3402,-388.0,296.0
47.3451,140.0,298.0
47.3501,318.0,296.0
47.3551,-95.0,298.0
47.3603,-218.0,296.0
47.3651,65.0,296.0
47.3701,139.0,296.0
47.3752,-16.0,294.0
47.3803,-35.0,290.0
47.3852,-20.0,292.0
47.3904,-122.0,288.0
47.3953,-34.0,288.0
47.4003,257.0,286.0
47.4051,172.0,288.0
47.4102,-243.0,288.0
47.4152,-249.0,290.0
47.4202,85.0,290.0
47.4253,137.0,290.0
47.4301,58.0,290.0
47.4352,100.0,290.0
47.4401,-68.0,290.0
47.4451,-276.0,294.0
47.4501,-8.0,292.0
47.4553,284.0,296.0
47.4601,46.0,292.0
47.4651,-191.0,294.0
47.4702,13.0,292.0
47.4753,135.0,290.0
47.4802,-129.0,290.0
47.4852,-171.0,288.0
47.4902,224.0,292.0
47.4951,241.0,292.0
47.5002,-250.0,296.0
47.5054,-234.0,298.0
47.5108,218.0,300.0
47.5151,71.0,302.0
47.5202,-194.0,304.0
47.5251,182.0,306.0
47.5302,223.0,310.0
47.5355,-343.0,314.0
47.5403,-245.0,316.0
47.5453,336.0,318.0
47.5501,186.0,316.0
47.5551,-281.0,318.0
47.5602,-104.0,314.0
47.5652,282.0,316.0
47.5702,97.0,314.0
47.5753,-289.0,316.0
47.5801,-149.0,318.0
47.5852,245.0,318.0
47.5901,180.0,318.0
47.5952,-181.0,316.0
47.6003,-166.0,314.0
47.6051,118.0,312.0
47.6101,103.0,310.0
47.6151,-49.0,308.0
47.6202,24.0,304.0
47.6251,34.0,304.0
47.6301,-174.0,304.0
47.6351,-136.0,306.0
47.6401,232.0,308.0
47.6452,267.0,308.0
47.6504,-147.0,310.0
47.6554,-292.0,312.0
47.6601,-2.0,312.0
47.6651,214.0,314.0
47.6701,136.0,314.0
47.6751,-116.0,314.0
47.6802,-253.0,312.0
47.6851,31.0,312.0
47.6902,358.0,314.0
47.6952,33.0,310.0
47.7001,-411.0,316.0
47.7051,-64.0,314.0
47.7101,375.0,318.0
47.7153,57.0,318.0
47.7203,-264.0,318.0
47.7251,-15.0,316.0
47.7301,141.0,314.0
47.7354,-37.0,312.0
47.7401,-48.0,308.0
47.745,60.0,306.0
47.7501,-44.0,302.0
47.7551,-71.0,302.0
47.7603,148.0,298.0
47.7653,167.0,298.0
47.7702,-176.0,296.0
47.7753,-359.0,300.0
47.7801,59.0,298.0
47.7852,481.0,304.0
47.7902,116.0,304.0
47.7952,-376.0,310.0
47.8001,-191.0,312.0
47.8051,106.0,314.0
47.8101,113.0,316.0
47.8151,114.0,316.0
47.8202,26.0,316.0
47.8253,-138.0,318.0
47.8301,-62.0,316.0
47.8351,0.0,314.0
47.8401,-94.0,312.0
47.8453,106.0,314.0
47.8501,319.0,314.0
47.8552,-27.0,314.0
47.8601,-378.0,320.0
47.8652,-150.0,320.0
47.8701,208.0,322.0
47.8753,205.0,326.0
47.8801,21.0,324.0
47.8852,-65.0,324.0
47.8901,-120.0,326.0
47.8952,-122.0,326.0
47.9002,68.0,326.0
47.9055,156.0,328.0
47.9102,-6.0,326.0
47.9152,-12.0,324.0
47.9201,61.0,320.0
47.9251,-134.0,320.0
47.9301,-201.0,316.0
47.9352,117.0,316.0
47.9401,298.0,316.0
47.9451,40.0,314.0
47.9501,-290.0,316.0
47.9551,-182.0,318.0
47.9602,211.0,318.0
47.9651,194.0,318.0
47.9701,-124.0,314.0
47.9751,-77.0,312.0
47.9802,88.0,308.0
47.9852,-85.0,306.0
47.9906,-132.0,304.0
47.9952,199.0,306.0
48.0002,205.0,306.0
48.0052,-208.0,308.0
48.0102,-199.0,308.0
48.0151,129.0,310.0
48.0201,57.0,310.0
48.0263,-8.0,310.0
48.0301,162.0,312.0
48.0352,-114.0,312.0
48.0401,-330.0,314.0
48.0451,182.0,314.0
48.0501,343.0,316.0
48.0551,-167.0,314.0
48.0601,-185.0,316.0
48.0651,146.0,316.0
48.0703,-35.0,316.0
48.0754,-227.0,318.0
48.0801,157.0,318.0
48.0851,376.0,320.0
48.0902,-119.0,322.0
48.0951,-464.0,324.0
48.1003,-11.0,324.0
48.1052,436.0,328.0
48.1103,140.0,330.0
48.1151,-324.0,332.0
48.1201,-216.0,334.0
48.1262,167.0,334.0
48.1301,232.0,334.0
48.1353,26.0,332.0
48.1403,-188.0,330.0
48.1453,-237.0,330.0
48.1502,83.0,328.0
48.1551,359.0,332.0
48.1601,10.0,330.0
48.1651,-250.0,330.0
48.1701,33.0,328.0
48.1754,-68.0,324.0
48.1802,-242.0,324.0
48.1852,366.0,324.0
48.1902,464.0,328.0
48.1951,-445.0,330.0
48.2002,-522.0,338.0
48.2052,333.0,338.0
48.2103,410.0,342.0
48.2152,-167.0,342.0
48.2203,-265.0,342.0
48.225,-3.0,340.0
48.2301,169.0,338.0
48.2351,207.0,340.0
48.24,-59.0,338.0
48.2453,-408.0,342.0
48.2501,-117.0,342.0
48.2551,497.0,350.0
48.2601,280.0,354.0
48.2652,-429.0,360.0
48.2702,-335.0,362.0
48.2754,267.0,364.0
48.2803,307.0,366.0
48.2854,-106.0,362.0
48.2902,-265.0,364.0
48.2952,-13.0,360.0
48.3002,218.0,364.0
48.3051,116.0,362.0
48.3102,-122.0,362.0
48.3151,-205.0,364.0
48.3201,-28.0,360.0
48.3251,227.0,362.0
48.3306,145.0,360.0
48.3352,-166.0,362.0
48.3402,-147.0,358.0
48.3452,75.0,358.0
48.3501,89.0,354.0
48.3551,5.0,352.0
48.3601,-96.0,350.0
48.3653,-94.0,350.0
48.3703,160.0,352.0
48.3753,215.0,354.0
48.3804,-153.0,356.0
48.3852,-327.0,360.0
48.3901,40.0,360.0
48.3951,348.0,364.0
48.4003,52.0,362.0
48.4051,-266.0,364.0
48.4102,-9.0,362.0
48.4152,164.0,358.0
48.4204,-123.0,360.0
48.4251,-119.0,354.0
48.4301,198.0,356.0
48.4351,108.0,350.0
48.4401,-130.0,350.0
48.4453,-42.0,348.0
48.4502,-25.0,348.0
48.4553,-126.0,348.0
48.4601,119.0,350.0
48.4651,323.0,352.0
48.4701,-46.0,352.0
48.4753,-397.0,358.0
48.4803,-129.0,358.0
48.4852,276.0,362.0
48.4901,229.0,360.0
48.4952,-48.0,360.0
48.5001,-163.0,356.0
48.5052,-116.0,356.0
48.5103,25.0,354.0
48.5153,129.0,352.0
48.5201,38.0,352.0
48.5251,-38.0,352.0
48.53,6.0,350.0
48.5352,-54.0,350.0
48.5402,-81.0,350.0
48.5453,103.0,348.0
48.5501,107.0,350.0
48.5552,-148.0,352.0
48.5604,-100.0,352.0
48.5651,191.0,354.0
48.5701,95.0,352.0
48.5751,-139.0,352.0
48.5801,-44.0,348.0
48.5851,-39.0,348.0
48.5903,-125.0,346.0
48.5952,195.0,346.0
48.6003,331.0,348.0
48.6051,-215.0,348.0
48.6101,-361.0,352.0
48.6151,189.0,354.0
48.6205,140.0,354.0
48.6252,-266.0,358.0
48.6301,141.0,358.0
48.6351,443.0,362.0
48.6401,-227.0,362.0
48.6451,-561.0,368.0
48.65,68.0,366.0
48.655,467.0,370.0
48.6602,153.0,372.0
48.6651,-180.0,374.0
48.6702,-241.0,376.0
48.6752,-107.0,376.0
48.6802,176.0,374.0
48.6851,231.0,374.0
48.6901,-65.0,370.0
48.6951,-188.0,370.0
48.7002,-16.0,368.0
48.7051,68.0,366.0
48.7103,56.0,366.0
48.7152,42.0,364.0
48.7201,-61.0,362.0
48.7251,-65.0,358.0
48.7301,76.0,356.0
48.7352,-32.0,350.0
48.7405,-153.0,352.0
48.7451,180.0,348.0
48.7501,255.0,350.0
48.7554,-267.0,350.0
48.7602,-285.0,350.0
48.7652,257.0,352.0
48.7703,207.0,352.0
48.7753,-176.0,354.0
48.7801,-70.0,352.0
48.7851,35.0,348.0
48.7901,-68.0,348.0
48.795,136.0,344.0
48.8002,183.0,348.0
48.8051,-231.0,348.0
48.8102,-212.0,350.0
48.8152,195.0,352.0
48.8202,109.0,350.0
48.8252,-116.0,346.0
48.8301,19.0,340.0
48.8353,78.0,334.0
48.8401,1.0,326.0
48.8453,-32.0,320.0
48.8502,-171.0,316.0
48.8551,-76.0,316.0
48.8607,284.0,316.0
48.865,164.0,318.0
48.8702,-209.0,318.0
48.8752,-114.0,318.0
48.8802,52.0,318.0
48.8851,-51.0,312.0
48.8901,2.0,310.0
48.8951,175.0,304.0
48.9002,70.0,302.0
48.9051,-126.0,296.0
48.9101,-138.0,294.0
48.9152,-51.0,290.0
48.92,76.0,286.0
48.9251,160.0,288.0
48.9301,62.0,284.0
48.9352,-85.0,286.0
48.9401,-132.0,284.0
48.9452,-36.0,282.0
48.9501,89.0,282.0
48.9553,-1.0,280.0
48.9601,-27.0,280.0
48.9655,205.0,278.0
48.9701,39.0,278.0
48.9752,-386.0,280.0
48.9801,-150.0,280.0
48.9852,381.0,286.0
48.9901,321.0,290.0
48.9951,-198.0,292.0
49.0001,-450.0,298.0
49.0051,-35.0,296.0
49.0101,450.0,302.0
49.0151,205.0,302.0
49.0202,-351.0,304.0
49.0251,-281.0,304.0
49.0301,267.0,308.0
49.0352,293.0,306.0
49.0402,-242.0,310.0
49.0452,-243.0,308.0
49.0501,228.0,312.0
49.0551,93.0,312.0
49.0601,-183.0,312.0
49.0651,134.0,312.0
49.0701,117.0,312.0
49.0751,-305.0,314.0
49.08,-22.0,312.0
49.0853,302.0,316.0
49.0901,-132.0,318.0
49.0951,-166.0,318.0
49.1001,316.0,322.0
49.1053,43.0,318.0
49.1102,-402.0,324.0
49.1151,-7.0,316.0
49.1201,295.0,320.0
49.1251,13.0,316.0
49.1301,-55.0,312.0
49.1352,0.0,312.0
49.1401,-128.0,312.0
49.1451,-30.0,310.0
49.1503,99.0,312.0
49.1552,17.0,310.0
49.1603,138.0,312.0
49.1651,60.0,312.0
49.1701,-434.0,318.0
49.1751,-150.0,320.0
49.1801,623.0,328.0
49.1856,212.0,330.0
49.1902,-617.0,338.0
49.1954,-268.0,340.0
49.2003,415.0,344.0
49.2052,308.0,346.0
49.2102,-120.0,346.0
49.2151,-242.0,348.0
49.2202,-81.0,348.0
49.2292,37.0,348.0
49.23,54.0,348.0
49.2352,159.0,348.0
49.2401,148.0,344.0
49.2451,-136.0,344.0
49.2502,-290.0,342.0
49.2551,-99.0,340.0
49.2602,194.0,342.0
49.2652,272.0,342.0
49.2701,29.0,340.0
49.2752,-195.0,336.0
49.2802,-162.0,334.0
49.2851,-8.0,326.0
49.2901,171.0,328.0
49.2951,160.0,324.0
49.3002,-161.0,324.0
49.3053,-279.0,324.0
49.3102,141.0,324.0
49.3154,420.0,328.0
49.3203,-56.0,326.0
49.3251,-536.0,330.0
49.3301,-51.0,330.0
49.3362,580.0,336.0
49.34,87.0,338.0
49.3452,-543.0,346.0
49.3501,-40.0,346.0
49.3551,425.0,352.0
49.3602,-26.0,350.0
49.3652,-263.0,354.0
49.3703,69.0,354.0
49.3752,127.0,356.0
49.3801,-126.0,354.0
49.3853,-96.0,354.0
49.3902,244.0,354.0
49.3951,227.0,352.0
49.4002,-355.0,354.0
49.4052,-435.0,356.0
49.4104,359.0,358.0
49.4151,512.0,364.0
49.4202,-295.0,368.0
49.4251,-379.0,372.0
49.4301,264.0,376.0
49.4352,167.0,376.0
49.4401,-239.0,378.0
49.4451,8.0,374.0
49.4501,125.0,372.0
49.4553,-163.0,372.0
49.4611,33.0,370.0
49.4651,291.0,374.0
49.4702,-116.0,376.0
49.4751,-287.0,378.0
49.4802,121.0,380.0
49.4854,109.0,382.0
49.4901,-150.0,382.0
49.4951,106.0,382.0
49.5001,233.0,380.0
49.5054,-164.0,380.0
49.5103,-267.0,382.0
49.5152,6.0,380.0
49.5203,145.0,382.0
49.5251,210.0,384.0
49.5303,87.0,386.0
49.5354,-292.0,388.0
49.5401,-258.0,390.0
49.5451,200.0,392.0
49.5501,248.0,392.0
49.5554,-59.0,392.0
49.5601,-115.0,394.0
49.5651,-6.0,392.0
49.5701,25.0,390.0
49.5751,5.0,390.0
49.5801,-90.0,388.0
49.5851,-37.0,388.0
49.5901,255.0,392.0
49.5953,117.0,394.0
49.6001,-378.0,398.0
49.6051,-148.0,398.0
49.6101,401.0,404.0
49.6151,69.0,398.0
49.6203,-352.0,402.0
49.6251,57.0,396.0
49.6301,234.0,396.0
49.6351,-138.0,394.0
49.6401,-46.0,388.0
49.6454,135.0,390.0
49.6504,-130.0,384.0
49.6553,-81.0,382.0
49.6602,180.0,380.0
49.6651,13.0,376.0
49.6701,-73.0,372.0
49.6752,58.0,368.0
49.6802,-115.0,366.0
49.6859,-122.0,366.0
49.6901,268.0,366.0
49.6951,126.0,366.0
49.7001,-317.0,368.0
49.705,-37.0,366.0
49.7103,263.0,370.0
49.7153,-94.0,366.0
49.7201,-121.0,368.0
49.7251,188.0,366.0
49.7313,-72.0,364.0
49.7358,-223.0,366.0
49.7401,220.0,364.0
49.7451,209.0,366.0
49.7511,-266.0,364.0
49.7551,-159.0,366.0
49.7602,258.0,366.0
49.7653,127.0,368.0
49.7702,-229.0,370.0
49.7751,-154.0,374.0
49.7802,135.0,374.0
49.7851,199.0,376.0
49.7901,-3.0,374.0
49.7953,-221.0,378.0
49.8002,-67.0,376.0
49.8051,215.0,378.0
49.8101,41.0,372.0
49.8152,-155.0,372.0
49.8202,47.0,364.0
49.8252,29.0,362.0
49.8301,-152.0,354.0
49.8352,83.0,350.0
49.8401,215.0,348.0
49.8451,-110.0,344.0
49.8502,-189.0,346.0
49.8553,91.0,344.0
49.8601,80.0,344.0
49.8651,-116.0,344.0
49.8702,56.0,344.0
49.8751,226.0,346.0
49.8801,-105.0,344.0
49.8852,-369.0,348.0
49.8901,-20.0,344.0
49.8951,417.0,350.0
49.9002,230.0,350.0
49.9054,-316.0,350.0
49.9101,-330.0,356.0
49.9151,188.0,356.0
49.9201,249.0,356.0
49.9251,-167.0,360.0
49.9301,-101.0,358.0
49.9351,227.0,360.0
49.9402,28.0,356.0
49.9454,-222.0,356.0
49.9501,-38.0,354.0
49.9551,59.0,348.0
49.96,6.0,348.0
49.9651,158.0,342.0
49.9712,138.0,344.0
49.9761,-226.0,338.0
49.9803,-288.0,342.0
49.9851,101.0,334.0
49.9901,278.0,338.0
49.995,19.0,332.0
50.0002,-118.0,332.0
