Time_s,Raw_EMG,Envelope_EMG
0.0004,112.0,332.0
0.0006,-259.0,336.0
0.0008,-58.0,336.0
0.0009,182.0,338.0
0.001,1.0,336.0
0.0012,-161.0,338.0
0.0013,6.0,334.0
0.0015,156.0,336.0
0.0016,-1.0,336.0
0.0018,-143.0,336.0
0.0019,37.0,334.0
0.002,166.0,338.0
0.0022,-61.0,334.0
0.0024,-225.0,334.0
0.0025,-12.0,330.0
0.0027,228.0,330.0
0.0028,146.0,328.0
0.003,-126.0,326.0
0.0031,-209.0,326.0
0.0033,6.0,326.0
0.0034,150.0,324.0
0.0035,-3.0,322.0
0.0037,-74.0,318.0
0.0038,119.0,318.0
0.004,98.0,314.0
0.0041,-198.0,314.0
0.0043,-176.0,310.0
0.0044,130.0,310.0
0.0046,177.0,308.0
0.0047,5.0,306.0
0.0048,-99.0,306.0
0.005,-78.0,304.0
0.0051,59.0,302.0
0.0052,90.0,302.0
0.0057,-103.0,302.0
0.0062,-98.0,304.0
0.0064,156.0,304.0
0.0065,73.0,302.0
0.0068,-139.0,302.0
0.0069,69.0,298.0
0.0071,82.0,296.0
0.0073,-310.0,294.0
0.0075,-69.0,292.0
0.0077,497.0,294.0
0.0078,107.0,294.0
0.008,-517.0,300.0
0.0081,-123.0,300.0
0.0083,402.0,306.0
0.0084,82.0,306.0
0.0086,-252.0,310.0
0.0087,-27.0,310.0
0.0089,143.0,310.0
0.009,23.0,308.0
0.0091,-69.0,306.0
0.0093,-62.0,304.0
0.0094,-16.0,300.0
0.0095,85.0,300.0
0.0097,87.0,296.0
0.0099,-71.0,298.0
0.01,-74.0,296.0
0.0101,45.0,296.0
0.0103,-23.0,296.0
0.0104,-14.0,296.0
0.0105,150.0,298.0
0.0107,-14.0,294.0
0.0109,-246.0,298.0
0.011,7.0,292.0
0.0111,282.0,294.0
0.0112,49.0,290.0
0.0115,-261.0,292.0
0.0121,-116.0,292.0
0.0123,203.0,292.0
0.0125,137.0,294.0
0.0126,-125.0,292.0
0.0128,-91.0,292.0
0.0129,48.0,286.0
0.013,-2.0,284.0
0.0132,-3.0,276.0
0.0133,87.0,278.0
0.0134,7.0,276.0
0.0135,-105.0,276.0
0.0137,-31.0,274.0
0.0138,56.0,274.0
0.014,14.0,266.0
0.0141,-4.0,266.0
0.0142,60.0,258.0
0.0143,-4.0,258.0
0.0146,-111.0,254.0
0.0147,1.0,254.0
0.0149,54.0,252.0
0.015,-54.0,250.0
0.0151,64.0,250.0
0.0153,139.0,248.0
0.0154,-149.0,248.0
0.0156,-157.0,246.0
0.0157,185.0,244.0
0.0158,99.0,244.0
0.016,-197.0,242.0
0.0161,-55.0,242.0
0.0163,160.0,242.0
0.0164,40.0,242.0
0.0165,-65.0,244.0
0.0167,24.0,242.0
0.0169,-12.0,240.0
0.0171,-149.0,238.0
0.0174,-7.0,238.0
0.0177,217.0,236.0
0.0178,84.0,236.0
0.0181,-143.0,234.0
0.0182,-91.0,236.0
0.0184,-8.0,232.0
0.0186,-3.0,230.0
0.0188,113.0,228.0
0.019,92.0,226.0
0.0193,-136.0,226.0
0.0195,-105.0,226.0
0.0197,121.0,226.0
0.0199,71.0,228.0
0.0201,-105.0,226.0
0.0203,-30.0,224.0
0.0206,97.0,224.0
0.0207,-5.0,220.0
0.0209,-111.0,222.0
0.021,25.0,216.0
0.0212,141.0,216.0
0.0213,-34.0,212.0
0.0215,-154.0,212.0
0.0216,70.0,208.0
0.0218,148.0,208.0
0.0219,-150.0,206.0
0.0221,-154.0,208.0
0.0222,226.0,208.0
0.0224,156.0,212.0
0.0225,-240.0,212.0
0.0227,-100.0,214.0
0.0228,204.0,214.0
0.0229,2.0,214.0
0.0231,-174.0,216.0
0.0232,50.0,216.0
0.0234,148.0,214.0
0.0237,-29.0,214.0
0.0239,-96.0,212.0
0.024,37.0,212.0
0.0243,91.0,210.0
0.0247,-148.0,210.0
0.0249,-210.0,212.0
0.025,259.0,212.0
0.0252,354.0,218.0
0.0255,-240.0,220.0
0.0257,-354.0,226.0
0.0258,127.0,226.0
0.026,186.0,226.0
0.0261,-28.0,226.0
0.0263,22.0,224.0
0.0264,-23.0,220.0
0.0266,-169.0,222.0
0.0267,39.0,220.0
0.0268,235.0,222.0
0.027,-6.0,222.0
0.0271,-208.0,224.0
0.0273,-45.0,224.0
0.0274,86.0,224.0
0.0275,31.0,222.0
0.0276,44.0,222.0
0.0278,51.0,220.0
0.0279,-85.0,220.0
0.0281,-108.0,220.0
0.0282,50.0,218.0
0.0283,97.0,220.0
0.0284,-21.0,214.0
0.0286,-79.0,214.0
0.0287,28.0,208.0
0.0288,95.0,208.0
0.029,-39.0,200.0
0.0291,-115.0,200.0
0.0293,42.0,194.0
0.0295,111.0,194.0
0.0297,-53.0,192.0
0.0299,-137.0,194.0
0.0301,66.0,192.0
0.0303,239.0,196.0
0.0305,-51.0,194.0
0.0307,-338.0,200.0
0.031,20.0,200.0
0.0312,327.0,204.0
0.0314,-20.0,202.0
0.0315,-228.0,204.0
0.0316,68.0,204.0
0.0318,147.0,206.0
0.0319,-129.0,208.0
0.0321,-133.0,210.0
0.0322,159.0,210.0
0.0324,152.0,212.0
0.0325,-151.0,210.0
0.0329,-155.0,212.0
0.0332,141.0,210.0
0.0334,137.0,212.0
0.0337,-161.0,210.0
0.034,-133.0,210.0
0.0341,194.0,210.0
0.0343,141.0,210.0
0.0344,-193.0,212.0
0.0346,-109.0,212.0
0.0347,149.0,214.0
0.0348,17.0,214.0
0.035,-102.0,216.0
0.0351,85.0,216.0
0.0352,74.0,216.0
0.0354,-140.0,216.0
0.0356,-50.0,218.0
0.0358,137.0,218.0
0.036,25.0,218.0
0.0362,-103.0,220.0
0.0364,-23.0,220.0
0.0365,53.0,220.0
0.0367,71.0,220.0
0.0369,16.0,220.0
0.037,-160.0,222.0
0.0372,-88.0,222.0
0.0373,242.0,224.0
0.0375,123.0,224.0
0.0376,-277.0,226.0
0.0378,-114.0,226.0
0.0379,236.0,226.0
0.0381,82.0,226.0
0.0382,-127.0,226.0
0.0384,-28.0,224.0
0.0385,17.0,222.0
0.0387,-34.0,222.0
0.0388,11.0,222.0
0.0389,50.0,222.0
0.039,42.0,222.0
0.0392,23.0,220.0
0.0393,-95.0,222.0
0.0395,-139.0,220.0
0.0396,65.0,220.0
0.0397,182.0,222.0
0.0399,9.0,220.0
0.04,-103.0,222.0
0.0402,-15.0,222.0
0.0403,-9.0,220.0
0.0404,-70.0,220.0
0.0406,27.0,218.0
0.0407,155.0,218.0
0.0408,57.0,218.0
0.041,-160.0,218.0
0.0411,-131.0,220.0
0.0413,95.0,220.0
0.0414,108.0,220.0
0.0416,-23.0,220.0
0.0417,-15.0,220.0
0.0419,-13.0,220.0
0.0421,-64.0,218.0
0.0423,20.0,218.0
0.0425,96.0,216.0
0.0426,-18.0,216.0
0.0429,-96.0,216.0
0.043,6.0,212.0
0.0431,83.0,212.0
0.0433,24.0,208.0
0.0434,-51.0,208.0
0.0436,-60.0,204.0
0.0437,6.0,202.0
0.0438,76.0,200.0
0.0439,19.0,202.0
0.0441,-77.0,200.0
0.0442,-7.0,198.0
0.0444,85.0,198.0
0.0445,-13.0,198.0
0.0447,-89.0,198.0
0.0448,7.0,198.0
0.0449,51.0,196.0
0.045,15.0,194.0
0.0451,30.0,192.0
0.0453,-14.0,188.0
0.0454,-98.0,184.0
0.0456,-17.0,180.0
0.0457,86.0,176.0
0.0458,29.0,174.0
0.046,-9.0,172.0
0.0461,24.0,172.0
0.0462,-47.0,172.0
0.0464,-112.0,174.0
0.0465,56.0,172.0
0.0467,172.0,174.0
0.0468,-53.0,170.0
0.047,-183.0,174.0
0.0472,50.0,172.0
0.0474,150.0,172.0
0.0476,-28.0,172.0
0.0478,-72.0,172.0
0.048,7.0,172.0
0.0482,-29.0,172.0
0.0484,-15.0,170.0
0.0485,97.0,170.0
0.0487,19.0,170.0
0.0489,-120.0,170.0
0.049,17.0,170.0
0.0492,132.0,172.0
0.0493,-67.0,172.0
0.0495,-141.0,172.0
0.0496,73.0,172.0
0.0497,125.0,174.0
0.0499,-26.0,172.0
0.05,-88.0,172.0
0.0502,-34.0,172.0
0.0503,48.0,170.0
0.0504,64.0,170.0
0.0506,-17.0,168.0
0.0507,-45.0,168.0
0.0509,12.0,162.0
0.051,-12.0,162.0
0.0511,-46.0,158.0
0.0513,74.0,158.0
0.0514,90.0,156.0
0.0516,-103.0,156.0
0.0517,-86.0,156.0
0.0518,101.0,156.0
0.052,35.0,154.0
0.0521,-91.0,152.0
0.0522,-9.0,150.0
0.0524,71.0,150.0
0.0525,31.0,148.0
0.0526,-25.0,146.0
0.0528,-45.0,144.0
0.0529,-18.0,142.0
0.0531,17.0,140.0
0.0532,18.0,138.0
0.0534,18.0,136.0
0.0535,15.0,132.0
0.0537,-29.0,132.0
0.0541,-54.0,130.0
0.0544,14.0,130.0
0.0545,80.0,130.0
0.0546,9.0,128.0
0.0548,-83.0,128.0
0.0549,-24.0,126.0
0.0551,65.0,126.0
0.0552,22.0,126.0
0.0554,-56.0,126.0
0.0555,-18.0,124.0
0.0557,78.0,126.0
0.0558,25.0,124.0
0.056,-104.0,126.0
0.0561,-31.0,126.0
0.0562,98.0,124.0
0.0563,10.0,124.0
0.0565,-78.0,120.0
0.0566,25.0,120.0
0.0567,75.0,116.0
0.0569,-41.0,114.0
0.057,-72.0,112.0
0.0571,45.0,112.0
0.0573,45.0,110.0
0.0574,-80.0,112.0
0.0576,-13.0,112.0
0.0577,145.0,112.0
0.0578,1.0,112.0
0.058,-185.0,114.0
0.0581,-7.0,114.0
0.0582,147.0,116.0
0.0583,6.0,114.0
0.0585,-42.0,114.0
0.0586,27.0,112.0
0.0587,-62.0,110.0
0.0589,-83.0,112.0
0.059,114.0,112.0
0.0591,111.0,114.0
0.0593,-130.0,116.0
0.0594,-91.0,116.0
0.0596,150.0,118.0
0.0597,64.0,116.0
0.0599,-170.0,118.0
0.06,-62.0,116.0
0.0601,169.0,118.0
0.0603,71.0,116.0
0.0604,-157.0,118.0
0.0607,-81.0,118.0
0.0609,149.0,120.0
0.0611,107.0,122.0
0.0614,-133.0,124.0
0.0616,-126.0,124.0
0.0617,98.0,124.0
0.0618,98.0,126.0
0.062,-73.0,126.0
0.0621,-40.0,126.0
0.0622,89.0,126.0
0.0624,19.0,126.0
0.0625,-135.0,128.0
0.0626,-61.0,128.0
0.0628,173.0,130.0
0.0629,122.0,130.0
0.0631,-182.0,134.0
0.0633,-140.0,134.0
0.0635,171.0,138.0
0.0636,103.0,138.0
0.0638,-158.0,140.0
0.064,-56.0,140.0
0.0642,153.0,142.0
0.0644,37.0,142.0
0.0647,-145.0,144.0
0.0648,-41.0,144.0
0.065,131.0,146.0
0.0651,42.0,144.0
0.0653,-116.0,146.0
0.0654,-32.0,146.0
0.0656,96.0,146.0
0.0657,14.0,146.0
0.0659,-71.0,146.0
0.0661,7.0,146.0
0.0664,73.0,146.0
0.0667,-15.0,146.0
0.067,-117.0,144.0
0.0671,-3.0,144.0
0.0702,158.0,142.0
0.0751,29.0,142.0
0.0803,-153.0,142.0
0.0854,-24.0,142.0
0.0906,125.0,144.0
0.0952,-16.0,144.0
0.1001,-122.0,146.0
0.1051,42.0,146.0
0.1102,138.0,146.0
0.1154,-10.0,146.0
0.1205,-122.0,146.0
0.1252,-47.0,146.0
0.1302,59.0,146.0
0.135,69.0,146.0
0.1401,-1.0,144.0
0.1452,-53.0,142.0
0.1501,-12.0,142.0
0.1552,35.0,142.0
0.1602,0.0,140.0
0.1651,-14.0,140.0
0.1701,35.0,140.0
0.1754,-11.0,138.0
0.1801,-92.0,140.0
0.1851,7.0,140.0
0.1902,121.0,140.0
0.1951,30.0,142.0
0.2,-76.0,142.0
0.2052,-46.0,142.0
0.2101,7.0,140.0
0.2151,10.0,138.0
0.2201,8.0,138.0
0.2252,35.0,136.0
0.2303,25.0,136.0
0.2352,-46.0,136.0
0.2403,-56.0,136.0
0.2451,37.0,136.0
0.2502,72.0,136.0
0.2552,-33.0,136.0
0.2602,-93.0,136.0
0.2653,15.0,136.0
0.2704,107.0,138.0
0.2751,34.0,138.0
0.2801,-82.0,140.0
0.2852,-92.0,140.0
0.2905,19.0,140.0
0.2953,125.0,142.0
0.3001,33.0,142.0
0.3051,-140.0,142.0
0.3101,-26.0,144.0
0.315,158.0,144.0
0.3203,-29.0,144.0
0.3252,-165.0,146.0
0.33,76.0,146.0
0.335,143.0,148.0
0.3401,-81.0,150.0
0.3451,-121.0,150.0
0.3502,46.0,150.0
0.3552,140.0,150.0
0.36,10.0,150.0
0.3651,-169.0,152.0
0.3702,-56.0,152.0
0.3759,148.0,154.0
0.3801,40.0,154.0
0.3855,-82.0,154.0
0.39,28.0,154.0
0.3951,19.0,152.0
0.4001,-58.0,152.0
0.4054,37.0,152.0
0.4101,-16.0,152.0
0.4151,-118.0,154.0
0.42,134.0,154.0
0.4251,200.0,156.0
0.4302,-175.0,156.0
0.4351,-201.0,160.0
0.4401,120.0,158.0
0.4451,89.0,160.0
0.4501,-50.0,160.0
0.4551,58.0,160.0
0.4601,21.0,160.0
0.4654,-144.0,162.0
0.4702,-28.0,160.0
0.4751,148.0,160.0
0.4801,63.0,160.0
0.4852,-101.0,160.0
0.4902,-129.0,160.0
0.4951,29.0,158.0
0.5003,183.0,158.0
0.5051,44.0,158.0
0.5101,-165.0,158.0
0.5153,-65.0,158.0
0.5202,86.0,158.0
0.5251,7.0,156.0
0.5301,-24.0,154.0
0.535,85.0,154.0
0.5401,18.0,152.0
0.5453,-124.0,152.0
0.5502,-23.0,150.0
0.5552,76.0,150.0
0.5601,-17.0,150.0
0.5651,10.0,150.0
0.5701,103.0,150.0
0.5752,-63.0,150.0
0.5803,-180.0,150.0
0.5852,66.0,150.0
0.59,196.0,152.0
0.5954,-53.0,150.0
0.6002,-153.0,150.0
0.6051,43.0,148.0
0.6101,101.0,146.0
0.6151,-21.0,146.0
0.62,-60.0,144.0
0.625,-9.0,144.0
0.6302,26.0,142.0
0.6351,18.0,142.0
0.6401,-25.0,140.0
0.6451,-19.0,138.0
0.6501,65.0,138.0
0.655,52.0,138.0
0.6602,-78.0,138.0
0.6651,-91.0,138.0
0.6702,18.0,138.0
0.6751,68.0,138.0
0.6801,44.0,138.0
0.6852,0.0,138.0
0.6905,-24.0,136.0
0.6951,-11.0,136.0
0.7001,-42.0,136.0
0.705,-69.0,136.0
0.7101,57.0,134.0
0.7152,151.0,136.0
0.7201,7.0,134.0
0.7251,-138.0,136.0
0.7301,-77.0,136.0
0.735,34.0,136.0
0.7402,63.0,134.0
0.7454,67.0,136.0
0.75,39.0,134.0
0.7551,-84.0,134.0
0.7603,-137.0,136.0
0.7651,32.0,134.0
0.7701,152.0,136.0
0.7753,14.0,136.0
0.7801,-107.0,138.0
0.7851,-19.0,136.0
0.7901,58.0,138.0
0.7951,3.0,136.0
0.8001,-20.0,138.0
0.8052,21.0,138.0
0.8102,-16.0,136.0
0.8151,-54.0,138.0
0.8201,46.0,136.0
0.8251,77.0,138.0
0.8306,-57.0,138.0
0.8352,-57.0,138.0
0.8401,69.0,138.0
0.845,-1.0,136.0
0.85,-98.0,138.0
0.855,50.0,138.0
0.8603,115.0,140.0
0.8651,-57.0,140.0
0.8701,-77.0,142.0
0.8751,49.0,142.0
0.88,0.0,140.0
0.8853,-68.0,142.0
0.8902,36.0,140.0
0.8951,93.0,142.0
0.9001,6.0,140.0
0.9051,-58.0,140.0
0.91,-64.0,140.0
0.9151,-42.0,140.0
0.9203,46.0,140.0
0.9252,126.0,140.0
0.9301,62.0,140.0
0.9351,-103.0,140.0
0.9401,-175.0,142.0
0.9452,-21.0,140.0
0.9501,182.0,144.0
0.9552,136.0,144.0
0.9601,-79.0,144.0
0.9651,-136.0,144.0
0.9701,-23.0,142.0
0.9753,32.0,140.0
0.9802,34.0,140.0
0.9851,68.0,140.0
0.99,36.0,140.0
0.995,-77.0,138.0
1.0001,-120.0,140.0
1.0054,-16.0,138.0
1.0101,145.0,138.0
1.0152,133.0,138.0
1.02,-81.0,140.0
1.0251,-157.0,140.0
1.0301,-8.0,140.0
1.035,62.0,140.0
1.0402,42.0,140.0
1.0451,52.0,140.0
1.0501,-31.0,140.0
1.055,-96.0,140.0
1.0603,35.0,140.0
1.0652,88.0,138.0
1.0701,-48.0,136.0
1.0751,-79.0,134.0
1.08,20.0,132.0
1.0853,58.0,132.0
1.0905,44.0,132.0
1.0951,2.0,130.0
1.1,-89.0,132.0
1.1051,-78.0,130.0
1.1101,71.0,132.0
1.1154,110.0,130.0
1.1202,-4.0,130.0
1.1253,-78.0,130.0
1.1301,-66.0,128.0
1.135,10.0,128.0
1.1401,96.0,126.0
1.1451,32.0,126.0
1.1502,-66.0,124.0
1.1558,-8.0,124.0
1.1602,-3.0,122.0
1.1652,-71.0,124.0
1.1703,68.0,124.0
1.1754,140.0,126.0
1.1806,-100.0,126.0
1.185,-143.0,126.0
1.1901,102.0,128.0
1.1952,78.0,128.0
1.2004,-88.0,130.0
1.2061,0.0,130.0
1.2106,68.0,128.0
1.2153,-37.0,128.0
1.2202,-46.0,126.0
1.2252,22.0,126.0
1.2315,10.0,122.0
1.2352,-4.0,122.0
1.2402,33.0,120.0
1.2451,33.0,120.0
1.2501,-37.0,118.0
1.2551,-93.0,120.0
1.2608,-25.0,120.0
1.2652,118.0,120.0
1.2709,101.0,122.0
1.2752,-88.0,124.0
1.2801,-118.0,124.0
1.2852,57.0,126.0
1.2907,79.0,126.0
1.2951,-74.0,126.0
1.3001,-47.0,126.0
1.305,114.0,126.0
1.31,55.0,126.0
1.3156,-125.0,128.0
1.3206,-79.0,128.0
1.3256,102.0,130.0
1.3306,73.0,130.0
1.3352,-76.0,132.0
1.3402,-17.0,130.0
1.3455,72.0,130.0
1.3506,-58.0,130.0
1.355,-71.0,130.0
1.3601,94.0,130.0
1.3652,35.0,130.0
1.3702,-70.0,130.0
1.3751,41.0,130.0
1.3807,19.0,128.0
1.385,-114.0,130.0
1.3902,20.0,128.0
1.3952,144.0,130.0
1.4003,-32.0,128.0
1.4058,-111.0,130.0
1.4107,31.0,128.0
1.4153,39.0,128.0
1.42,-33.0,126.0
1.4252,7.0,126.0
1.4304,23.0,126.0
1.4352,-5.0,126.0
1.4404,4.0,126.0
1.4456,-19.0,126.0
1.4502,-11.0,126.0
1.4551,48.0,126.0
1.4605,-24.0,126.0
1.4652,-82.0,126.0
1.47,74.0,126.0
1.475,113.0,126.0
1.4802,-99.0,128.0
1.4851,-123.0,128.0
1.4908,76.0,128.0
1.496,89.0,130.0
1.5006,-22.0,128.0
1.5052,-16.0,128.0
1.5101,-29.0,126.0
1.5153,-56.0,126.0
1.5207,67.0,128.0
1.5256,100.0,128.0
1.53,-79.0,128.0
1.5355,-115.0,130.0
1.5404,51.0,130.0
1.5457,87.0,130.0
1.5505,-1.0,130.0
1.5556,-2.0,128.0
1.5602,-22.0,128.0
1.5651,-89.0,128.0
1.5702,4.0,126.0
1.5755,112.0,126.0
1.5801,21.0,124.0
1.5851,-58.0,126.0
1.5902,-28.0,122.0
1.5953,-21.0,120.0
1.6003,10.0,120.0
1.6073,80.0,118.0
1.61,33.0,120.0
1.6156,-89.0,120.0
1.6202,-88.0,120.0
1.6252,43.0,120.0
1.6306,105.0,122.0
1.6357,22.0,120.0
1.6401,-53.0,120.0
1.6452,-55.0,120.0
1.6502,-31.0,118.0
1.6553,31.0,116.0
1.6607,80.0,116.0
1.6655,18.0,114.0
1.6701,-46.0,116.0
1.6751,-46.0,114.0
1.6802,-44.0,114.0
1.6853,39.0,114.0
1.6904,138.0,116.0
1.695,-31.0,116.0
1.7001,-206.0,118.0
1.7052,46.0,118.0
1.7102,247.0,120.0
1.7155,-70.0,120.0
1.7208,-246.0,124.0
1.7255,85.0,124.0
1.7302,207.0,126.0
1.7354,-89.0,128.0
1.7402,-174.0,130.0
1.7456,76.0,130.0
1.7505,184.0,132.0
1.756,-44.0,130.0
1.7602,-232.0,134.0
1.768,6.0,132.0
1.7702,270.0,136.0
1.7756,12.0,136.0
1.7801,-261.0,138.0
1.7853,12.0,138.0
1.7901,221.0,140.0
1.795,-78.0,142.0
1.8004,-197.0,144.0
1.8052,139.0,146.0
1.8106,187.0,148.0
1.8152,-157.0,148.0
1.8203,-162.0,148.0
1.825,140.0,148.0
1.8307,121.0,150.0
1.8352,-117.0,150.0
1.8401,-99.0,150.0
1.8455,97.0,152.0
1.8502,103.0,152.0
1.855,-71.0,152.0
1.8608,-108.0,154.0
1.8654,46.0,154.0
1.87,97.0,156.0
1.875,-48.0,156.0
1.8802,-93.0,156.0
1.8851,84.0,158.0
1.8905,110.0,158.0
1.8957,-123.0,160.0
1.9,-123.0,160.0
1.9052,138.0,162.0
1.9102,119.0,162.0
1.9157,-132.0,162.0
1.9204,-123.0,162.0
1.9251,111.0,162.0
1.9313,145.0,164.0
1.9353,-68.0,164.0
1.9402,-154.0,166.0
1.9453,20.0,164.0
1.9506,133.0,166.0
1.9562,7.0,164.0
1.9603,-95.0,164.0
1.9651,0.0,162.0
1.9702,67.0,162.0
1.9755,-33.0,162.0
1.9803,-69.0,162.0
1.9852,69.0,162.0
1.9902,95.0,162.0
1.9952,-89.0,164.0
2.0001,-109.0,164.0
2.006,109.0,164.0
2.01,88.0,164.0
2.0156,-143.0,166.0
2.0202,-57.0,166.0
2.0252,166.0,168.0
2.0305,41.0,168.0
2.0359,-142.0,168.0
2.04,-39.0,168.0
2.0452,89.0,168.0
2.0502,40.0,168.0
2.0558,-47.0,168.0
2.0604,-55.0,168.0
2.0651,29.0,168.0
2.0705,94.0,170.0
2.0754,-21.0,170.0
2.0803,-145.0,172.0
2.0852,15.0,172.0
2.0907,172.0,174.0
2.0955,-9.0,174.0
2.1002,-155.0,176.0
2.105,0.0,174.0
2.1102,120.0,176.0
2.1151,9.0,174.0
2.121,-112.0,174.0
2.1256,-29.0,172.0
2.1302,136.0,174.0
2.1351,68.0,174.0
2.1404,-146.0,176.0
2.1459,-108.0,176.0
2.1502,120.0,178.0
2.1552,143.0,180.0
2.1601,-76.0,180.0
2.1651,-181.0,180.0
2.1701,22.0,180.0
2.1751,197.0,182.0
2.1802,30.0,180.0
2.1853,-156.0,182.0
2.1903,-58.0,182.0
2.1951,63.0,184.0
2.2001,32.0,184.0
2.2053,46.0,184.0
2.2101,61.0,184.0
2.2151,-122.0,184.0
2.2201,-178.0,186.0
2.225,130.0,188.0
2.2301,232.0,192.0
2.2352,-97.0,192.0
2.2403,-184.0,196.0
2.2451,88.0,196.0
2.2502,89.0,196.0
2.2552,-125.0,196.0
2.2604,-32.0,196.0
2.265,161.0,198.0
2.27,44.0,196.0
2.275,-138.0,198.0
2.28,-89.0,200.0
2.2854,59.0,200.0
2.2903,114.0,200.0
2.2952,19.0,200.0
2.3002,-106.0,200.0
2.3052,-53.0,202.0
2.3101,78.0,202.0
2.3152,25.0,202.0
2.3202,-55.0,202.0
2.3251,57.0,202.0
2.3301,62.0,200.0
2.335,-156.0,202.0
2.3401,-101.0,200.0
2.3451,206.0,204.0
2.3501,136.0,202.0
2.3553,-176.0,204.0
2.3602,-130.0,202.0
2.365,106.0,202.0
2.37,84.0,200.0
2.3752,-55.0,200.0
2.3802,-45.0,198.0
2.3851,42.0,196.0
2.39,49.0,194.0
2.395,-44.0,194.0
2.4001,-77.0,192.0
2.405,36.0,192.0
2.4102,77.0,190.0
2.4151,-22.0,190.0
2.42,-45.0,186.0
2.4253,23.0,186.0
2.4304,35.0,184.0
2.4353,-25.0,182.0
2.4401,-61.0,180.0
2.4452,1.0,178.0
2.4501,75.0,176.0
2.455,32.0,174.0
2.4601,-48.0,174.0
2.4652,-42.0,172.0
2.4701,3.0,170.0
2.4752,33.0,168.0
2.4801,26.0,168.0
2.4852,-36.0,166.0
2.4907,-41.0,166.0
2.4951,53.0,166.0
2.5,58.0,164.0
2.5051,-56.0,164.0
2.5101,-79.0,164.0
2.5152,19.0,164.0
2.5201,78.0,164.0
2.5251,39.0,162.0
2.53,-30.0,162.0
2.535,-75.0,160.0
2.54,-44.0,160.0
2.5456,69.0,158.0
2.5503,111.0,158.0
2.5551,-34.0,156.0
2.5601,-153.0,158.0
2.5651,-7.0,156.0
2.5701,171.0,156.0
2.5753,32.0,156.0
2.5801,-161.0,156.0
2.5859,-24.0,156.0
2.5901,134.0,156.0
2.5951,1.0,156.0
2.6002,-105.0,156.0
2.6054,10.0,156.0
2.61,85.0,156.0
2.6151,-16.0,156.0
2.6201,-99.0,156.0
2.6251,26.0,156.0
2.63,163.0,156.0
2.6352,-17.0,156.0
2.6403,-226.0,158.0
2.6451,-9.0,156.0
2.6502,215.0,158.0
2.6551,13.0,156.0
2.6608,-149.0,158.0
2.6651,4.0,154.0
2.67,101.0,156.0
2.6751,7.0,154.0
2.68,-89.0,154.0
2.685,-74.0,154.0
2.6905,77.0,154.0
2.6953,157.0,156.0
2.7,-42.0,156.0
2.7051,-197.0,158.0
2.71,-7.0,158.0
2.715,169.0,160.0
2.7201,39.0,158.0
2.7251,-103.0,160.0
2.73,-35.0,158.0
2.735,50.0,158.0
2.74,6.0,156.0
2.7453,-38.0,156.0
2.7501,3.0,154.0
2.755,49.0,156.0
2.76,24.0,154.0
2.765,-36.0,154.0
2.7701,-58.0,152.0
2.7752,-5.0,152.0
2.7801,59.0,150.0
2.7851,35.0,150.0
2.79,-18.0,148.0
2.795,-13.0,146.0
2.8001,-36.0,144.0
2.8055,-56.0,144.0
2.8101,49.0,144.0
2.8151,127.0,142.0
2.8201,5.0,142.0
2.8252,-150.0,142.0
2.8305,-88.0,142.0
2.8352,125.0,144.0
2.8402,124.0,144.0
2.845,-93.0,146.0
2.85,-98.0,146.0
2.8551,84.0,146.0
2.8601,54.0,144.0
2.8652,-81.0,142.0
2.8701,-29.0,140.0
2.875,61.0,140.0
2.88,20.0,136.0
2.8853,-25.0,136.0
2.8904,-10.0,134.0
2.8952,-12.0,132.0
2.9002,-4.0,132.0
2.905,43.0,130.0
2.91,18.0,130.0
2.9152,-56.0,128.0
2.9204,-19.0,128.0
2.9252,42.0,128.0
2.9301,0.0,126.0
2.9351,-19.0,126.0
2.9401,34.0,124.0
2.9452,22.0,124.0
2.9501,-45.0,124.0
2.9551,-55.0,124.0
2.96,6.0,122.0
2.965,68.0,124.0
2.9703,47.0,122.0
2.9753,-34.0,120.0
2.9803,-48.0,120.0
2.9851,1.0,116.0
2.99,-4.0,114.0
2.995,-27.0,112.0
3.0,39.0,112.0
3.005,86.0,110.0
3.0101,-6.0,110.0
3.0152,-89.0,110.0
3.0201,-46.0,110.0
3.025,10.0,110.0
3.0301,30.0,110.0
3.0353,51.0,110.0
3.0402,48.0,110.0
3.0451,-28.0,108.0
3.05,-92.0,110.0
3.055,-12.0,108.0
3.0601,80.0,110.0
3.0652,-4.0,110.0
3.0701,-74.0,110.0
3.0751,31.0,110.0
3.0801,92.0,110.0
3.0851,1.0,110.0
3.0903,-73.0,110.0
3.0952,-60.0,110.0
3.1002,-3.0,110.0
3.105,64.0,110.0
3.11,71.0,112.0
3.115,0.0,112.0
3.1202,-58.0,112.0
3.1252,-55.0,112.0
3.1301,-32.0,112.0
3.1351,36.0,112.0
3.1401,120.0,112.0
3.1454,22.0,112.0
3.1502,-137.0,112.0
3.1552,-34.0,112.0
3.1601,101.0,114.0
3.1651,-23.0,114.0
3.17,-68.0,114.0
3.1753,102.0,114.0
3.1802,71.0,114.0
3.1853,-158.0,116.0
3.1901,-97.0,116.0
3.195,176.0,118.0
3.2001,109.0,118.0
3.2053,-141.0,120.0
3.2102,-73.0,118.0
3.2151,55.0,118.0
3.22,-2.0,116.0
3.225,38.0,116.0
3.2301,74.0,114.0
3.2351,-94.0,116.0
3.2401,-101.0,116.0
3.2451,106.0,118.0
3.25,91.0,118.0
3.2551,-93.0,120.0
3.2602,-75.0,118.0
3.2651,69.0,120.0
3.2701,66.0,118.0
3.275,-35.0,118.0
3.28,-51.0,116.0
3.285,-1.0,116.0
3.2907,27.0,112.0
3.2951,13.0,112.0
3.3001,-18.0,110.0
3.305,7.0,110.0
3.31,44.0,110.0
3.3151,-33.0,110.0
3.3202,-80.0,110.0
3.3252,30.0,110.0
3.3301,73.0,110.0
3.3351,0.0,106.0
3.3401,3.0,106.0
3.3453,-18.0,104.0
3.3501,-105.0,104.0
3.3551,-6.0,102.0
3.3601,149.0,104.0
3.365,45.0,102.0
3.3701,-106.0,104.0
3.3752,-45.0,104.0
3.3801,31.0,104.0
3.3856,0.0,104.0
3.39,11.0,104.0
3.395,45.0,104.0
3.4001,-9.0,104.0
3.4054,-54.0,104.0
3.4102,-9.0,104.0
3.4152,30.0,104.0
3.42,21.0,102.0
3.425,-9.0,102.0
3.4301,-21.0,102.0
3.4352,9.0,102.0
3.4403,8.0,102.0
3.4452,-22.0,102.0
3.4503,12.0,100.0
3.4552,35.0,100.0
3.4602,-26.0,100.0
3.465,-35.0,98.0
3.4701,26.0,98.0
3.475,24.0,96.0
3.4805,-10.0,94.0
3.4849,-8.0,92.0
3.4901,-25.0,92.0
3.4951,-19.0,90.0
3.5,64.0,90.0
3.505,59.0,90.0
3.51,-84.0,90.0
3.5151,-87.0,92.0
3.5201,87.0,92.0
3.5251,94.0,94.0
3.53,-84.0,94.0
3.535,-102.0,96.0
3.54,68.0,98.0
3.5451,108.0,98.0
3.5504,-28.0,98.0
3.5552,-71.0,98.0
3.5601,-4.0,98.0
3.565,-18.0,98.0
3.5701,-14.0,98.0
3.5753,93.0,100.0
3.5802,73.0,100.0
3.5852,-92.0,100.0
3.59,-102.0,102.0
3.595,41.0,102.0
3.6,62.0,102.0
3.6054,-20.0,102.0
3.6101,0.0,100.0
3.6151,56.0,102.0
3.6201,-12.0,100.0
3.625,-98.0,102.0
3.6301,-25.0,102.0
3.6352,83.0,104.0
3.6401,62.0,104.0
3.6451,-22.0,102.0
3.6501,-71.0,104.0
3.655,-30.0,102.0
3.6603,82.0,104.0
3.6652,68.0,104.0
3.6702,-121.0,106.0
3.675,-117.0,106.0
3.68,163.0,108.0
3.6851,172.0,110.0
3.6903,-164.0,112.0
3.6951,-187.0,114.0
3.7,117.0,116.0
3.705,140.0,118.0
3.71,-60.0,118.0
3.7155,-85.0,118.0
3.7202,31.0,118.0
3.725,80.0,118.0
3.73,-37.0,118.0
3.7351,-121.0,118.0
3.7401,55.0,120.0
3.7451,162.0,122.0
3.7501,-60.0,120.0
3.7552,-164.0,124.0
3.7601,57.0,124.0
3.7684,115.0,124.0
3.77,-84.0,126.0
3.7752,-44.0,126.0
3.7801,163.0,126.0
3.7851,-1.0,126.0
3.7901,-252.0,128.0
3.795,0.0,126.0
3.8001,269.0,130.0
3.8052,29.0,130.0
3.8101,-192.0,132.0
3.8151,-47.0,130.0
3.82,85.0,130.0
3.8251,48.0,130.0
3.83,-27.0,128.0
3.8351,-57.0,126.0
3.8401,32.0,126.0
3.8451,85.0,124.0
3.8501,-50.0,124.0
3.8553,-111.0,124.0
3.8601,54.0,126.0
3.8651,112.0,126.0
3.8701,-59.0,126.0
3.8751,-100.0,126.0
3.88,75.0,126.0
3.8851,99.0,126.0
3.8902,-80.0,126.0
3.8952,-117.0,126.0
3.9001,48.0,126.0
3.9051,134.0,126.0
3.9102,18.0,126.0
3.9153,-130.0,128.0
3.9203,-76.0,128.0
3.9252,108.0,130.0
3.9301,79.0,130.0
3.935,-97.0,132.0
3.9402,-25.0,132.0
3.9455,107.0,134.0
3.9501,-50.0,134.0
3.9552,-114.0,134.0
3.96,105.0,136.0
3.965,86.0,136.0
3.9701,-114.0,136.0
3.9757,-25.0,138.0
3.9801,97.0,138.0
3.9852,-21.0,138.0
3.9901,-74.0,138.0
3.995,1.0,138.0
4.0001,26.0,136.0
4.0051,66.0,136.0
4.0102,51.0,136.0
4.0151,-101.0,136.0
4.0202,-97.0,138.0
4.0252,87.0,138.0
4.0307,55.0,140.0
4.0353,-103.0,140.0
4.0404,34.0,140.0
4.0453,201.0,144.0
4.0502,-63.0,144.0
4.0552,-310.0,148.0
4.0602,-4.0,148.0
4.0651,312.0,152.0
4.0701,87.0,154.0
4.0752,-187.0,156.0
4.0801,-91.0,158.0
4.0852,51.0,158.0
4.0903,33.0,158.0
4.0951,-17.0,158.0
4.1002,-14.0,158.0
4.1052,53.0,158.0
4.1102,67.0,160.0
4.1153,-49.0,160.0
4.1205,-107.0,162.0
4.1252,-24.0,162.0
4.1307,55.0,162.0
4.1352,95.0,162.0
4.1401,53.0,162.0
4.1452,-103.0,164.0
4.1503,-138.0,164.0
4.1551,60.0,164.0
4.1602,169.0,166.0
4.1652,2.0,164.0
4.1703,-152.0,164.0
4.1752,-61.0,164.0
4.1801,95.0,164.0
4.1851,87.0,164.0
4.1902,-22.0,164.0
4.195,-71.0,164.0
4.2,-30.0,164.0
4.205,34.0,164.0
4.21,39.0,166.0
4.215,-18.0,164.0
4.22,4.0,162.0
4.225,56.0,162.0
4.2301,-63.0,162.0
4.2351,-128.0,164.0
4.2401,75.0,164.0
4.245,151.0,166.0
4.25,-41.0,166.0
4.255,-75.0,166.0
4.2601,21.0,166.0
4.2651,-49.0,166.0
4.2701,-29.0,166.0
4.275,127.0,166.0
4.28,24.0,166.0
4.2851,-99.0,168.0
4.29,13.0,166.0
4.2952,-24.0,166.0
4.3002,-69.0,166.0
4.305,166.0,168.0
4.31,121.0,168.0
4.315,-236.0,170.0
4.32,-142.0,168.0
4.3252,206.0,170.0
4.33,118.0,168.0
4.335,-120.0,168.0
4.34,-66.0,166.0
4.3449,35.0,166.0
4.3502,8.0,164.0
4.3552,12.0,164.0
4.36,31.0,164.0
4.365,-28.0,162.0
4.3702,-39.0,162.0
4.3751,49.0,162.0
4.3802,36.0,162.0
4.3851,-83.0,160.0
4.3901,-54.0,160.0
4.3951,94.0,158.0
4.4002,77.0,158.0
4.4051,-57.0,158.0
4.4101,-52.0,158.0
4.415,-6.0,156.0
4.42,-25.0,154.0
4.4251,54.0,156.0
4.4301,92.0,154.0
4.4352,-61.0,154.0
4.44,-93.0,152.0
4.445,42.0,152.0
4.45,43.0,150.0
4.455,-23.0,148.0
4.4601,6.0,148.0
4.465,28.0,148.0
4.4701,-20.0,148.0
4.4751,-62.0,148.0
4.48,-3.0,146.0
4.485,112.0,148.0
4.4901,60.0,148.0
4.4953,-143.0,148.0
4.5003,-126.0,150.0
4.5051,132.0,150.0
4.51,151.0,150.0
4.5151,-97.0,150.0
4.52,-103.0,152.0
4.5252,73.0,150.0
4.53,14.0,150.0
4.5351,-76.0,150.0
4.5401,61.0,150.0
4.545,103.0,148.0
4.55,-89.0,150.0
4.5551,-141.0,150.0
4.5601,54.0,150.0
4.5651,150.0,150.0
4.5704,19.0,150.0
4.5753,-95.0,150.0
4.5802,-54.0,150.0
4.5852,20.0,148.0
4.5901,18.0,148.0
4.595,-6.0,146.0
4.6001,27.0,146.0
4.6052,52.0,144.0
4.61,-27.0,144.0
4.6151,-89.0,144.0
4.62,2.0,142.0
4.625,88.0,144.0
4.63,8.0,142.0
4.6351,-75.0,144.0
4.6401,5.0,144.0
4.6451,70.0,144.0
4.6501,-36.0,144.0
4.6552,-64.0,142.0
4.66,75.0,142.0
4.6653,54.0,142.0
4.6701,-117.0,142.0
4.6751,-55.0,142.0
4.6801,137.0,144.0
4.685,66.0,142.0
4.6903,-103.0,142.0
4.6951,-63.0,138.0
4.7002,35.0,138.0
4.7051,44.0,134.0
4.7101,7.0,134.0
4.7151,-33.0,132.0
4.7202,4.0,130.0
4.7252,45.0,130.0
4.7301,-46.0,130.0
4.735,-79.0,130.0
4.74,77.0,132.0
4.7451,116.0,132.0
4.7502,-79.0,132.0
4.7554,-133.0,134.0
4.7601,67.0,134.0
4.7651,122.0,136.0
4.7702,-55.0,136.0
4.7752,-86.0,136.0
4.7802,47.0,134.0
4.7852,24.0,134.0
4.79,-50.0,132.0
4.795,42.0,132.0
4.8,63.0,130.0
4.8053,-84.0,132.0
4.8102,-76.0,130.0
4.8152,93.0,132.0
4.82,84.0,130.0
4.825,-79.0,130.0
4.8303,-94.0,132.0
4.8356,42.0,132.0
4.84,96.0,132.0
4.8451,12.0,132.0
4.85,-75.0,132.0
4.8551,-54.0,134.0
4.8601,44.0,134.0
4.8652,64.0,134.0
4.8704,-30.0,134.0
4.8752,-50.0,132.0
4.88,31.0,132.0
4.8852,32.0,130.0
4.8903,-27.0,130.0
4.8952,-18.0,128.0
4.9,20.0,128.0
4.9051,18.0,128.0
4.9101,-20.0,128.0
4.9151,-45.0,126.0
4.92,27.0,126.0
4.9251,81.0,126.0
4.9301,-32.0,126.0
4.9351,-82.0,128.0
4.94,57.0,128.0
4.9456,47.0,126.0
4.9502,-116.0,126.0
4.9552,-26.0,122.0
4.9601,170.0,122.0
4.965,51.0,120.0
4.9701,-157.0,120.0
4.9753,-97.0,120.0
4.9802,72.0,120.0
4.9851,123.0,122.0
4.99,24.0,122.0
4.9951,-116.0,124.0
4.9999,-74.0,124.0
5.0053,99.0,126.0
5.0103,75.0,126.0
5.0151,-92.0,126.0
5.02,-58.0,128.0
5.0251,86.0,128.0
5.0303,38.0,126.0
5.0352,-68.0,126.0
5.0403,-13.0,126.0
5.045,39.0,126.0
5.0501,-17.0,124.0
5.055,-16.0,124.0
5.0605,46.0,126.0
5.065,6.0,124.0
5.07,-59.0,124.0
5.0751,0.0,124.0
5.08,48.0,122.0
5.0852,-13.0,122.0
5.0903,-19.0,122.0
5.0951,37.0,122.0
5.1001,-10.0,122.0
5.1051,-60.0,122.0
5.11,24.0,122.0
5.1151,79.0,122.0
5.1203,-15.0,122.0
5.1252,-110.0,122.0
5.1301,-18.0,122.0
5.135,147.0,122.0
5.14,82.0,122.0
5.1453,-157.0,122.0
5.15,-156.0,122.0
5.1552,112.0,122.0
5.16,190.0,124.0
5.165,-44.0,124.0
5.17,-157.0,126.0
5.1752,7.0,124.0
5.1803,89.0,124.0
5.185,-2.0,124.0
5.19,-26.0,122.0
5.195,-10.0,120.0
5.2005,-33.0,120.0
5.2052,24.0,118.0
5.2101,87.0,118.0
5.2161,-3.0,118.0
5.2201,-90.0,118.0
5.2257,-29.0,118.0
5.2305,25.0,118.0
5.235,1.0,118.0
5.2401,38.0,118.0
5.2451,88.0,118.0
5.2501,-23.0,118.0
5.2552,-147.0,120.0
5.2601,-52.0,120.0
5.2652,110.0,120.0
5.2702,97.0,122.0
5.2751,-14.0,122.0
5.2801,-60.0,122.0
5.2851,-62.0,122.0
5.2902,-24.0,122.0
5.2954,78.0,122.0
5.3003,72.0,122.0
5.305,-66.0,122.0
5.3101,-39.0,120.0
5.3151,90.0,122.0
5.3202,-17.0,120.0
5.3253,-148.0,120.0
5.3302,21.0,120.0
5.335,179.0,122.0
5.34,15.0,122.0
5.3456,-162.0,122.0
5.35,-41.0,124.0
5.3552,117.0,124.0
5.3601,42.0,126.0
5.3651,-64.0,126.0
5.37,-17.0,126.0
5.3751,19.0,124.0
5.3802,-37.0,124.0
5.3851,-7.0,122.0
5.3901,96.0,122.0
5.3951,18.0,120.0
5.4003,-115.0,122.0
5.4051,-8.0,120.0
5.4102,86.0,120.0
5.4153,-39.0,120.0
5.42,-42.0,120.0
5.4251,87.0,120.0
5.4303,18.0,120.0
5.4351,-86.0,120.0
5.4401,-1.0,120.0
5.4451,33.0,118.0
5.45,-57.0,118.0
5.4551,9.0,116.0
5.4607,157.0,118.0
5.4652,25.0,118.0
5.4703,-210.0,118.0
5.4751,-98.0,120.0
5.48,151.0,120.0
5.4852,105.0,122.0
5.4904,-41.0,122.0
5.4951,-31.0,122.0
5.5002,-10.0,120.0
5.505,-27.0,120.0
5.51,-14.0,120.0
5.515,27.0,120.0
5.5201,55.0,120.0
5.5251,-23.0,120.0
5.5301,-92.0,120.0
5.535,45.0,122.0
5.54,165.0,124.0
5.5452,-37.0,124.0
5.5502,-249.0,128.0
5.5551,-25.0,128.0
5.5601,259.0,130.0
5.565,76.0,130.0
5.57,-178.0,132.0
5.5751,-63.0,132.0
5.5803,76.0,132.0
5.5852,17.0,132.0
5.59,0.0,130.0
5.595,8.0,130.0
5.6,-63.0,128.0
5.6052,0.0,128.0
5.6102,126.0,128.0
5.6152,-13.0,126.0
5.62,-155.0,128.0
5.6255,8.0,126.0
5.6304,119.0,128.0
5.6352,0.0,126.0
5.6402,-45.0,124.0
5.645,18.0,124.0
5.65,-13.0,122.0
5.6551,-39.0,122.0
5.66,34.0,122.0
5.6652,26.0,120.0
5.6702,-49.0,120.0
5.675,17.0,120.0
5.6801,81.0,120.0
5.685,-52.0,122.0
5.6903,-119.0,122.0
5.6958,62.0,124.0
5.7001,129.0,124.0
5.705,-63.0,126.0
5.71,-91.0,126.0
5.7152,66.0,128.0
5.7202,26.0,126.0
5.7252,-66.0,128.0
5.7301,29.0,128.0
5.735,58.0,128.0
5.7401,-57.0,128.0
5.745,-42.0,128.0
5.7502,59.0,130.0
5.7552,14.0,128.0
5.76,-56.0,128.0
5.7692,12.0,128.0
5.7701,62.0,128.0
5.7751,-8.0,126.0
5.7803,-39.0,124.0
5.785,-10.0,122.0
5.7901,-49.0,122.0
5.795,-22.0,120.0
5.8002,145.0,118.0
5.805,108.0,120.0
5.8103,-168.0,120.0
5.8153,-168.0,122.0
5.82,140.0,124.0
5.825,157.0,126.0
5.8306,-133.0,128.0
5.8352,-111.0,130.0
5.8403,154.0,130.0
5.845,78.0,132.0
5.85,-145.0,132.0
5.8552,-58.0,134.0
5.86,72.0,134.0
5.865,21.0,134.0
5.8702,33.0,134.0
5.8752,37.0,134.0
5.8803,-118.0,136.0
5.8851,-104.0,136.0
5.8901,132.0,138.0
5.8953,153.0,138.0
5.9,-40.0,136.0
5.9051,-127.0,138.0
5.9101,-109.0,138.0
5.9151,3.0,138.0
5.9201,210.0,140.0
5.925,133.0,140.0
5.9301,-208.0,144.0
5.9351,-163.0,144.0
5.9402,142.0,146.0
5.945,70.0,146.0
5.9501,-88.0,146.0
5.9551,61.0,146.0
5.9601,81.0,148.0
5.965,-156.0,148.0
5.97,-91.0,148.0
5.9751,201.0,148.0
5.9802,77.0,150.0
5.9852,-233.0,152.0
5.99,-44.0,152.0
5.995,276.0,154.0
6.0,41.0,154.0
6.0056,-278.0,156.0
6.0102,-74.0,158.0
6.0152,188.0,160.0
6.02,74.0,160.0
6.025,-58.0,162.0
6.0301,-20.0,160.0
6.0351,-1.0,160.0
6.0401,-7.0,158.0
6.0452,-20.0,158.0
6.05,-37.0,158.0
6.055,48.0,158.0
6.0601,96.0,160.0
6.0652,-48.0,158.0
6.0701,-104.0,160.0
6.075,42.0,160.0
6.08,72.0,160.0
6.0851,-46.0,160.0
6.0903,-48.0,160.0
6.0952,69.0,162.0
6.1,56.0,160.0
6.1051,-110.0,160.0
6.11,-79.0,158.0
6.1151,135.0,160.0
6.1202,80.0,158.0
6.1255,-119.0,158.0
6.13,-38.0,158.0
6.135,86.0,160.0
6.14,-33.0,160.0
6.145,-79.0,160.0
6.1502,87.0,162.0
6.1553,103.0,162.0
6.1601,-71.0,164.0
6.165,-115.0,164.0
6.17,-11.0,164.0
6.175,61.0,164.0
6.1803,69.0,162.0
6.1852,34.0,162.0
6.19,-26.0,158.0
6.1951,-80.0,160.0
6.2001,-57.0,156.0
6.2049,44.0,156.0
6.2101,63.0,154.0
6.215,4.0,154.0
6.2201,19.0,152.0
6.225,2.0,152.0
6.23,-101.0,154.0
6.2352,-46.0,154.0
6.2402,97.0,154.0
6.2451,62.0,156.0
6.25,-10.0,154.0
6.255,2.0,154.0
6.2601,-70.0,152.0
6.2649,-125.0,154.0
6.2702,54.0,154.0
6.2751,198.0,156.0
6.28,42.0,156.0
6.2852,-153.0,158.0
6.2903,-119.0,160.0
6.2952,39.0,160.0
6.3002,111.0,162.0
6.305,43.0,162.0
6.3101,-31.0,162.0
6.3151,-54.0,162.0
6.3203,-49.0,162.0
6.3253,31.0,160.0
6.33,71.0,160.0
6.335,-26.0,160.0
6.3401,-38.0,158.0
6.345,40.0,158.0
6.3502,-11.0,156.0
6.3553,-42.0,156.0
6.36,54.0,156.0
6.365,21.0,156.0
6.3701,-76.0,156.0
6.3752,2.0,156.0
6.3801,59.0,156.0
6.3853,-20.0,156.0
6.3901,-10.0,154.0
6.395,37.0,154.0
6.4002,-41.0,154.0
6.4053,-44.0,156.0
6.4102,72.0,156.0
6.4154,24.0,156.0
6.4201,-85.0,156.0
6.425,-3.0,156.0
6.4303,60.0,156.0
6.4352,2.0,156.0
6.4402,28.0,154.0
6.4452,12.0,152.0
6.4501,-140.0,152.0
6.4553,-62.0,150.0
6.46,182.0,152.0
6.465,94.0,150.0
6.47,-130.0,150.0
6.475,-55.0,150.0
6.48,44.0,148.0
6.485,-22.0,146.0
6.4902,8.0,144.0
6.4953,69.0,144.0
6.5002,-10.0,144.0
6.505,-53.0,144.0
6.51,-15.0,144.0
6.5153,-5.0,144.0
6.5201,36.0,142.0
6.5253,68.0,142.0
6.5301,-16.0,140.0
6.535,-95.0,140.0
6.54,-37.0,140.0
6.545,36.0,138.0
6.55,28.0,136.0
6.5552,107.0,138.0
6.56,166.0,138.0
6.5651,-180.0,138.0
6.5701,-444.0,142.0
6.5751,54.0,140.0
6.5803,517.0,146.0
6.5851,106.0,146.0
6.5902,-327.0,150.0
6.595,-71.0,150.0
6.6003,110.0,150.0
6.6053,-108.0,150.0
6.6101,-28.0,150.0
6.6151,231.0,150.0
6.62,27.0,148.0
6.625,-218.0,148.0
6.6301,0.0,148.0
6.6352,136.0,146.0
6.6401,-70.0,146.0
6.6452,-53.0,142.0
6.65,122.0,144.0
6.655,-22.0,140.0
6.66,-120.0,142.0
6.6652,75.0,142.0
6.6701,74.0,142.0
6.6751,-74.0,144.0
6.68,-2.0,144.0
6.685,31.0,144.0
6.6901,-74.0,144.0
6.6951,-9.0,144.0
6.7,114.0,144.0
6.7052,47.0,144.0
6.71,-84.0,144.0
6.7153,-117.0,144.0
6.7202,-4.0,144.0
6.7252,153.0,146.0
6.7301,94.0,146.0
6.7351,-113.0,146.0
6.7401,-113.0,148.0
6.7458,29.0,146.0
6.7501,43.0,146.0
6.7551,22.0,144.0
6.7601,48.0,144.0
6.765,-6.0,142.0
6.77,-71.0,142.0
6.775,-26.0,142.0
6.7802,0.0,140.0
6.785,20.0,140.0
6.7901,106.0,140.0
6.795,19.0,140.0
6.8001,-177.0,140.0
6.8053,-49.0,140.0
6.8101,193.0,142.0
6.815,44.0,142.0
6.82,-175.0,144.0
6.8251,-15.0,144.0
6.83,134.0,146.0
6.8351,-27.0,144.0
6.8401,-77.0,144.0
6.845,83.0,146.0
6.8503,45.0,146.0
6.8552,-127.0,148.0
6.8601,-70.0,148.0
6.8651,114.0,150.0
6.8702,105.0,150.0
6.875,-36.0,150.0
6.88,-61.0,148.0
6.885,-31.0,148.0
6.8906,-51.0,150.0
6.8957,19.0,150.0
6.9,112.0,150.0
6.9051,24.0,148.0
6.9103,-64.0,148.0
6.9154,0.0,146.0
6.92,0.0,144.0
6.9252,-82.0,144.0
6.9304,0.0,142.0
6.9352,126.0,144.0
6.9402,31.0,142.0
6.9452,-87.0,142.0
6.9506,-8.0,142.0
6.9555,16.0,142.0
6.9602,-72.0,142.0
6.9651,2.0,142.0
6.9702,115.0,142.0
6.9762,34.0,142.0
6.9802,-63.0,142.0
6.9852,-57.0,144.0
6.99,-27.0,144.0
6.9954,46.0,144.0
7.0003,72.0,144.0
7.0051,-58.0,144.0
7.0102,-70.0,144.0
7.015,108.0,146.0
7.02,66.0,146.0
7.0252,-143.0,148.0
7.0302,-86.0,150.0
7.0355,130.0,150.0
7.0401,122.0,152.0
7.045,-89.0,152.0
7.0502,-155.0,154.0
7.0553,34.0,154.0
7.0603,161.0,156.0
7.0657,23.0,156.0
7.07,-133.0,156.0
7.075,-61.0,158.0
7.0802,84.0,158.0
7.0852,47.0,158.0
7.0909,-55.0,158.0
7.095,0.0,156.0
7.1,73.0,154.0
7.1051,-22.0,154.0
7.1102,-111.0,154.0
7.1153,14.0,152.0
7.1203,126.0,154.0
7.1256,-36.0,154.0
7.13,-127.0,156.0
7.135,96.0,156.0
7.1404,130.0,158.0
7.1453,-114.0,160.0
7.15,-88.0,160.0
7.155,66.0,162.0
7.1601,-40.0,162.0
7.1651,-14.0,160.0
7.1702,191.0,164.0
7.1751,-13.0,162.0
7.1811,-260.0,166.0
7.185,53.0,166.0
7.1905,239.0,170.0
7.1952,-109.0,170.0
7.2002,-196.0,170.0
7.2056,129.0,168.0
7.21,159.0,164.0
7.2151,-100.0,166.0
7.2202,-108.0,158.0
7.2251,62.0,158.0
7.2304,45.0,154.0
7.2349,-43.0,154.0
7.2405,5.0,152.0
7.245,34.0,150.0
7.25,-41.0,150.0
7.255,-19.0,148.0
7.2604,79.0,148.0
7.2656,-2.0,144.0
7.2699,-118.0,146.0
7.2751,22.0,144.0
7.2802,126.0,146.0
7.2852,-38.0,146.0
7.2907,-98.0,146.0
7.295,50.0,146.0
7.3,54.0,144.0
7.3052,-48.0,144.0
7.3101,11.0,144.0
7.3151,38.0,142.0
7.3199,-101.0,144.0
7.3255,-43.0,144.0
7.3305,161.0,146.0
7.3353,46.0,146.0
7.3401,-154.0,146.0
7.3453,-11.0,146.0
7.35,117.0,146.0
7.355,-39.0,146.0
7.36,-106.0,148.0
7.3651,44.0,146.0
7.3704,124.0,146.0
7.3756,27.0,144.0
7.3805,-138.0,146.0
7.3855,-134.0,146.0
7.3907,144.0,148.0
7.3952,205.0,152.0
7.4003,-175.0,154.0
7.4052,-219.0,156.0
7.41,245.0,160.0
7.4149,209.0,162.0
7.4199,-303.0,166.0
7.4252,-187.0,170.0
7.4302,304.0,172.0
7.4352,143.0,174.0
7.4405,-259.0,176.0
7.4453,-90.0,176.0
7.45,194.0,176.0
7.4556,56.0,176.0
7.4603,-112.0,176.0
7.465,-55.0,176.0
7.47,14.0,174.0
7.4751,77.0,176.0
7.4801,70.0,174.0
7.4853,-100.0,176.0
7.4905,-95.0,176.0
7.4951,116.0,176.0
7.5,47.0,176.0
7.505,-138.0,176.0
7.51,34.0,174.0
7.5154,151.0,176.0
7.52,-107.0,178.0
7.5257,-129.0,178.0
7.5307,165.0,180.0
7.5351,80.0,182.0
7.54,-207.0,182.0
7.5455,-27.0,184.0
7.55,235.0,186.0
7.5555,-3.0,186.0
7.5602,-249.0,190.0
7.5651,-23.0,188.0
7.57,212.0,192.0
7.5765,96.0,192.0
7.58,-106.0,192.0
7.5859,-141.0,194.0
7.5899,-13.0,194.0
7.5951,114.0,196.0
7.6001,78.0,196.0
7.6058,-30.0,196.0
7.6112,-76.0,196.0
7.6149,-62.0,196.0
7.6201,14.0,194.0
7.6251,83.0,196.0
7.6302,72.0,196.0
7.6354,5.0,196.0
7.6405,-111.0,196.0
7.6462,-118.0,196.0
7.6501,82.0,196.0
7.6553,155.0,198.0
7.6603,-45.0,198.0
7.6655,-126.0,198.0
7.67,36.0,196.0
7.6756,88.0,196.0
7.68,-43.0,194.0
7.6852,-60.0,194.0
7.6907,66.0,192.0
7.6957,48.0,192.0
7.7,-118.0,192.0
7.7053,-81.0,194.0
7.7102,149.0,194.0
7.715,146.0,194.0
7.7207,-98.0,194.0
7.7249,-173.0,196.0
7.7305,7.0,196.0
7.7354,129.0,198.0
7.7399,27.0,198.0
7.7453,-69.0,198.0
7.7499,-3.0,196.0
7.7554,35.0,196.0
7.7602,-19.0,196.0
7.7651,-11.0,194.0
7.7704,14.0,192.0
7.7751,-18.0,192.0
7.7799,-7.0,190.0
7.7857,31.0,188.0
7.7905,16.0,188.0
7.7951,-2.0,186.0
7.8002,-23.0,186.0
7.8053,-63.0,186.0
7.8105,-9.0,184.0
7.8158,111.0,186.0
7.8203,85.0,182.0
7.8252,-91.0,184.0
7.8301,-147.0,182.0
7.8356,35.0,180.0
7.8405,129.0,180.0
7.8456,-30.0,178.0
7.8502,-34.0,176.0
7.8552,99.0,176.0
7.8604,-55.0,176.0
7.8655,-159.0,176.0
7.8699,79.0,178.0
7.8751,127.0,178.0
7.8801,-51.0,180.0
7.8852,-29.0,180.0
7.8901,14.0,178.0
7.8956,-43.0,180.0
7.9,12.0,178.0
7.9049,38.0,178.0
7.91,-30.0,178.0
7.9149,18.0,178.0
7.92,59.0,176.0
7.9251,-60.0,176.0
7.93,-99.0,176.0
7.9351,46.0,176.0
7.94,110.0,178.0
7.9453,-1.0,176.0
7.95,-55.0,178.0
7.9551,17.0,178.0
7.96,-22.0,176.0
7.965,-135.0,178.0
7.97,47.0,176.0
7.975,269.0,180.0
7.9801,-27.0,178.0
7.9851,-319.0,182.0
7.99,33.0,180.0
7.995,287.0,184.0
8.0001,-81.0,184.0
8.0051,-224.0,186.0
8.0101,117.0,186.0
8.015,165.0,188.0
8.02,-93.0,188.0
8.0251,-123.0,188.0
8.0302,11.0,186.0
8.0349,92.0,184.0
8.0401,78.0,182.0
8.045,-65.0,180.0
8.05,-134.0,178.0
8.055,62.0,176.0
8.0601,167.0,174.0
8.065,-73.0,172.0
8.07,-195.0,170.0
8.075,53.0,170.0
8.08,191.0,168.0
8.085,9.0,166.0
8.0902,-117.0,166.0
8.0952,-58.0,166.0
8.1,-29.0,164.0
8.1049,0.0,164.0
8.11,187.0,166.0
8.1151,183.0,168.0
8.1202,-255.0,170.0
8.1251,-377.0,176.0
8.13,208.0,176.0
8.1353,420.0,182.0
8.1402,-127.0,182.0
8.1455,-295.0,186.0
8.15,96.0,186.0
8.1551,127.0,186.0
8.1606,-103.0,186.0
8.1651,-27.0,184.0
8.1701,73.0,182.0
8.1751,-8.0,182.0
8.1802,18.0,178.0
8.185,37.0,178.0
8.1901,-125.0,178.0
8.195,-69.0,178.0
8.2002,192.0,178.0
8.2051,74.0,178.0
8.2101,-212.0,178.0
8.215,-50.0,178.0
8.22,195.0,178.0
8.2249,24.0,178.0
8.2301,-151.0,180.0
8.2351,1.0,178.0
8.2402,106.0,178.0
8.2452,-27.0,178.0
8.2502,-77.0,178.0
8.2552,22.0,178.0
8.2602,42.0,178.0
8.2651,30.0,176.0
8.2702,17.0,176.0
8.275,-85.0,178.0
8.28,-78.0,176.0
8.2851,90.0,176.0
8.2902,121.0,176.0
8.2951,-38.0,176.0
8.3001,-152.0,176.0
8.3051,-34.0,176.0
8.31,166.0,178.0
8.3149,76.0,178.0
8.3201,-156.0,178.0
8.3251,-80.0,180.0
8.3302,127.0,180.0
8.335,77.0,180.0
8.34,-83.0,180.0
8.345,-70.0,180.0
8.35,15.0,178.0
8.355,30.0,176.0
8.36,61.0,176.0
8.365,43.0,174.0
8.37,-95.0,174.0
8.3753,-101.0,174.0
8.3802,54.0,174.0
8.3851,86.0,174.0
8.3902,24.0,176.0
8.395,-2.0,174.0
8.4,-71.0,176.0
8.4051,-92.0,176.0
8.4102,61.0,178.0
8.415,146.0,180.0
8.42,-11.0,180.0
8.4251,-149.0,182.0
8.4303,-39.0,182.0
8.4351,133.0,184.0
8.4401,71.0,184.0
8.445,-136.0,186.0
8.4501,-83.0,186.0
8.455,155.0,188.0
8.4602,67.0,188.0
8.465,-161.0,188.0
8.47,-14.0,186.0
8.475,145.0,188.0
8.48,-52.0,186.0
8.485,-124.0,188.0
8.4905,79.0,190.0
8.4952,125.0,190.0
8.5,-34.0,190.0
8.505,-138.0,188.0
8.5099,-45.0,188.0
8.5151,127.0,188.0
8.5202,89.0,188.0
8.525,-84.0,190.0
8.53,-69.0,190.0
8.5354,39.0,190.0
8.54,12.0,190.0
8.545,-42.0,190.0
8.55,28.0,190.0
8.5551,90.0,192.0
8.56,-13.0,190.0
8.565,-110.0,192.0
8.57,-30.0,190.0
8.575,65.0,190.0
8.58,30.0,190.0
8.585,-23.0,190.0
8.59,27.0,190.0
8.595,37.0,190.0
8.6,-92.0,192.0
8.6053,-68.0,190.0
8.6102,122.0,192.0
8.615,70.0,188.0
8.62,-124.0,190.0
8.625,-52.0,186.0
8.6301,111.0,186.0
8.6352,38.0,182.0
8.6402,-71.0,182.0
8.6449,-26.0,180.0
8.6503,2.0,178.0
8.655,1.0,176.0
8.6602,76.0,174.0
8.6649,51.0,174.0
8.6701,-122.0,176.0
8.675,-129.0,176.0
8.6799,93.0,176.0
8.685,188.0,178.0
8.6902,2.0,176.0
8.6951,-170.0,178.0
8.7,-94.0,176.0
8.705,90.0,176.0
8.71,122.0,176.0
8.7151,-34.0,176.0
8.7201,-116.0,174.0
8.7252,42.0,174.0
8.7302,124.0,174.0
8.7349,-74.0,176.0
8.7402,-134.0,176.0
8.7452,88.0,178.0
8.7501,108.0,178.0
8.755,-93.0,176.0
8.76,-48.0,172.0
8.7649,102.0,168.0
8.7702,-21.0,166.0
8.7753,-108.0,160.0
8.78,69.0,160.0
8.7852,99.0,156.0
8.7901,-69.0,156.0
8.795,-59.0,154.0
8.8001,36.0,154.0
8.8049,-6.0,154.0
8.8101,-1.0,152.0
8.815,61.0,154.0
8.82,-33.0,154.0
8.825,-85.0,154.0
8.8301,70.0,154.0
8.8351,97.0,154.0
8.84,-87.0,152.0
8.845,-112.0,152.0
8.8502,60.0,150.0
8.855,113.0,152.0
8.8601,1.0,148.0
8.8652,-88.0,150.0
8.8702,-59.0,148.0
8.8749,60.0,148.0
8.8799,79.0,148.0
8.8853,-55.0,148.0
8.8902,-77.0,148.0
8.895,52.0,150.0
8.8999,76.0,150.0
8.905,-7.0,150.0
8.91,-50.0,150.0
8.9152,-62.0,150.0
8.9201,-20.0,148.0
8.9251,86.0,148.0
8.93,85.0,148.0
8.935,-48.0,148.0
8.94,-86.0,148.0
8.945,14.0,146.0
8.9501,41.0,144.0
8.955,-34.0,144.0
8.96,-5.0,142.0
8.965,76.0,142.0
8.97,2.0,140.0
8.9751,-84.0,140.0
8.9801,-14.0,138.0
8.9851,47.0,138.0
8.9901,25.0,138.0
8.9949,8.0,138.0
9.0002,-20.0,138.0
9.0053,-51.0,138.0
9.0101,-14.0,136.0
9.015,60.0,136.0
9.02,65.0,136.0
9.025,-42.0,136.0
9.0304,-103.0,136.0
9.035,19.0,136.0
9.04,123.0,138.0
9.0449,15.0,136.0
9.0501,-113.0,138.0
9.0551,-74.0,136.0
9.06,46.0,136.0
9.0652,117.0,136.0
9.07,37.0,136.0
9.075,-106.0,136.0
9.0799,-45.0,136.0
9.0849,102.0,134.0
9.0903,-10.0,134.0
9.095,-168.0,134.0
9.1,15.0,134.0
9.105,231.0,134.0
9.11,66.0,134.0
9.115,-176.0,136.0
9.1201,-141.0,136.0
9.1251,20.0,136.0
9.1307,123.0,136.0
9.135,93.0,136.0
9.1401,-47.0,136.0
9.145,-80.0,134.0
9.1501,21.0,134.0
9.155,0.0,132.0
9.1599,-78.0,132.0
9.165,32.0,132.0
9.17,129.0,132.0
9.1751,-10.0,132.0
9.18,-87.0,134.0
9.185,21.0,132.0
9.19,-9.0,132.0
9.195,-97.0,132.0
9.2,66.0,134.0
9.2052,141.0,134.0
9.2101,-69.0,134.0
9.215,-63.0,134.0
9.22,82.0,136.0
9.2253,-91.0,136.0
9.2302,-139.0,138.0
9.2351,186.0,140.0
9.2402,180.0,142.0
9.2452,-161.0,144.0
9.2503,-132.0,144.0
9.255,81.0,144.0
9.2601,0.0,142.0
9.2652,-28.0,142.0
9.27,141.0,142.0
9.2749,14.0,142.0
9.28,-219.0,144.0
9.2851,-6.0,144.0
9.2904,202.0,146.0
9.295,-28.0,146.0
9.3001,-130.0,148.0
9.305,88.0,148.0
9.31,77.0,148.0
9.315,-138.0,148.0
9.32,-72.0,148.0
9.325,138.0,146.0
9.33,84.0,148.0
9.3352,-70.0,146.0
9.3401,-70.0,146.0
9.3451,-39.0,146.0
9.3501,27.0,144.0
9.355,117.0,144.0
9.3599,6.0,144.0
9.365,-107.0,144.0
9.37,4.0,142.0
9.3751,32.0,142.0
9.38,-59.0,140.0
9.385,39.0,140.0
9.39,116.0,140.0
9.395,-63.0,140.0
9.4,-131.0,140.0
9.4051,62.0,140.0
9.4102,123.0,142.0
9.4151,-69.0,142.0
9.4201,-149.0,142.0
9.4253,56.0,142.0
9.4303,198.0,144.0
9.4351,11.0,142.0
9.4401,-187.0,146.0
9.445,-72.0,146.0
9.45,93.0,148.0
9.4551,33.0,148.0
9.46,-16.0,148.0
9.465,90.0,148.0
9.47,43.0,146.0
9.475,-184.0,148.0
9.48,-133.0,148.0
9.485,176.0,150.0
9.4902,184.0,152.0
9.495,-106.0,152.0
9.5,-167.0,154.0
9.5049,52.0,154.0
9.5099,122.0,154.0
9.5151,-49.0,154.0
9.5202,-94.0,154.0
9.525,76.0,156.0
9.53,91.0,156.0
9.5349,-95.0,156.0
9.5399,-93.0,156.0
9.5451,93.0,158.0
9.55,78.0,158.0
9.555,-86.0,158.0
9.5599,-51.0,158.0
9.565,82.0,158.0
9.57,37.0,158.0
9.5751,-66.0,158.0
9.58,-49.0,158.0
9.585,33.0,158.0
9.5901,62.0,158.0
9.595,-11.0,158.0
9.6003,-46.0,158.0
9.6053,24.0,158.0
9.61,-1.0,158.0
9.615,-48.0,158.0
9.6201,49.0,158.0
9.6252,33.0,158.0
9.6302,-55.0,158.0
9.6351,26.0,158.0
9.6399,21.0,158.0
9.645,-85.0,158.0
9.6499,5.0,158.0
9.655,75.0,158.0
9.6602,-17.0,158.0
9.665,17.0,158.0
9.6699,68.0,158.0
9.675,-121.0,158.0
9.68,-168.0,160.0
9.6849,140.0,162.0
9.6904,241.0,164.0
9.695,-37.0,162.0
9.7001,-212.0,166.0
9.705,-116.0,166.0
9.71,98.0,166.0
9.7151,200.0,168.0
9.72,-3.0,168.0
9.7252,-171.0,168.0
9.73,3.0,168.0
9.7352,102.0,168.0
9.74,-59.0,168.0
9.7451,-79.0,166.0
9.75,76.0,166.0
9.755,82.0,164.0
9.76,-33.0,162.0
9.765,-29.0,162.0
9.7711,17.0,162.0
9.775,-73.0,160.0
9.78,-89.0,162.0
9.785,107.0,162.0
9.7901,171.0,164.0
9.795,-15.0,164.0
9.8001,-135.0,166.0
9.8054,-95.0,166.0
9.81,-6.0,164.0
9.8149,96.0,166.0
9.8199,117.0,166.0
9.8249,9.0,166.0
9.83,-103.0,168.0
9.8351,-117.0,168.0
9.8401,-2.0,166.0
9.845,140.0,166.0
9.85,113.0,168.0
9.855,-64.0,168.0
9.8606,-163.0,168.0
9.8649,-56.0,168.0
9.8699,124.0,168.0
9.8749,128.0,166.0
9.88,-30.0,164.0
9.885,-92.0,164.0
9.8901,-36.0,162.0
9.8952,-1.0,160.0
9.9001,42.0,162.0
9.905,48.0,162.0
9.9101,-23.0,160.0
9.9151,-31.0,160.0
9.9201,5.0,156.0
9.925,18.0,158.0
9.93,24.0,154.0
9.935,-37.0,154.0
9.9405,-79.0,154.0
9.9454,37.0,152.0
9.95,138.0,154.0
9.9551,20.0,152.0
9.96,-159.0,154.0
9.965,-98.0,152.0
9.97,138.0,154.0
9.9752,138.0,154.0
9.9801,-110.0,156.0
9.9849,-135.0,156.0
9.99,111.0,158.0
9.995,126.0,158.0
10.0,-131.0,160.0
10.0055,-108.0,160.0
10.0099,143.0,162.0
10.015,39.0,162.0
10.02,-156.0,164.0
10.0249,38.0,164.0
10.0302,182.0,164.0
10.0352,-16.0,164.0
10.0401,-177.0,164.0
10.045,-98.0,166.0
10.05,102.0,166.0
10.0549,179.0,166.0
10.06,-8.0,164.0
10.0651,-157.0,166.0
10.07,-22.0,164.0
10.075,75.0,164.0
10.0799,-7.0,162.0
10.085,5.0,160.0
10.0901,38.0,160.0
10.0951,-55.0,160.0
10.1,-24.0,160.0
10.105,62.0,160.0
10.1101,-25.0,160.0
10.115,-22.0,156.0
10.12,71.0,156.0
10.125,-61.0,154.0
10.13,-98.0,152.0
10.135,156.0,154.0
10.14,114.0,152.0
10.145,-193.0,156.0
10.15,-111.0,154.0
10.155,147.0,156.0
10.1599,61.0,156.0
10.165,-78.0,156.0
10.1699,9.0,154.0
10.1753,56.0,154.0
10.1801,-41.0,154.0
10.185,-74.0,152.0
10.1901,19.0,152.0
10.1949,84.0,152.0
10.2002,23.0,152.0
10.2054,-72.0,152.0
10.21,-71.0,152.0
10.215,48.0,152.0
10.22,108.0,152.0
10.225,-19.0,152.0
10.23,-100.0,152.0
10.2349,2.0,152.0
10.2402,38.0,152.0
10.2452,-11.0,152.0
10.2503,27.0,152.0
10.255,29.0,152.0
10.26,-50.0,152.0
10.2652,-24.0,152.0
10.27,26.0,152.0
10.275,-10.0,152.0
10.2799,14.0,152.0
10.2849,50.0,152.0
10.2901,-47.0,152.0
10.2952,-64.0,152.0
10.3,70.0,152.0
10.305,41.0,152.0
10.31,-102.0,154.0
10.3151,-13.0,152.0
10.3202,135.0,152.0
10.3249,18.0,150.0
10.3301,-124.0,148.0
10.3352,-32.0,148.0
10.3399,61.0,144.0
10.3449,2.0,144.0
10.35,-3.0,142.0
10.355,69.0,140.0
10.3599,6.0,140.0
10.3651,-117.0,138.0
10.37,-49.0,140.0
10.3751,94.0,140.0
10.3802,67.0,140.0
10.3852,-40.0,138.0
10.39,-49.0,138.0
10.395,28.0,138.0
10.4,38.0,138.0
10.4051,-67.0,138.0
10.4101,-51.0,138.0
10.415,111.0,140.0
10.4199,57.0,138.0
10.4251,-132.0,140.0
10.4301,-18.0,136.0
10.4352,156.0,140.0
10.4402,-44.0,138.0
10.4452,-206.0,140.0
10.45,58.0,140.0
10.4551,239.0,142.0
10.46,0.0,140.0
10.4651,-198.0,144.0
10.47,-64.0,144.0
10.475,110.0,142.0
10.4799,73.0,144.0
10.4849,-39.0,142.0
10.4901,-38.0,142.0
10.4951,-10.0,140.0
10.5001,0.0,138.0
10.5049,69.0,138.0
10.5099,22.0,136.0
10.5149,-120.0,136.0
10.5201,-27.0,136.0
10.5252,130.0,136.0
10.5301,38.0,136.0
10.535,-96.0,138.0
10.5399,-63.0,138.0
10.545,53.0,138.0
10.5501,80.0,140.0
10.5552,-39.0,140.0
10.5601,-75.0,140.0
10.5649,44.0,142.0
10.5701,52.0,142.0
10.575,-21.0,142.0
10.5801,0.0,140.0
10.5852,-21.0,140.0
10.5901,-77.0,140.0
10.595,42.0,140.0
10.6002,137.0,140.0
10.6055,-35.0,138.0
10.6101,-138.0,138.0
10.615,30.0,136.0
10.6203,87.0,136.0
10.6249,-52.0,134.0
10.6302,-17.0,134.0
10.6351,102.0,132.0
10.6401,-33.0,132.0
10.6452,-151.0,132.0
10.6499,33.0,130.0
10.655,155.0,132.0
10.66,19.0,130.0
10.6652,-119.0,132.0
10.6702,-93.0,130.0
10.675,112.0,132.0
10.6799,160.0,132.0
10.685,-176.0,132.0
10.6901,-212.0,134.0
10.695,236.0,134.0
10.7,218.0,138.0
10.705,-190.0,138.0
10.71,-126.0,140.0
10.7149,70.0,140.0
10.7202,-47.0,140.0
10.7249,6.0,140.0
10.7299,192.0,144.0
10.735,-10.0,142.0
10.74,-231.0,146.0
10.7451,-6.0,146.0
10.7501,206.0,148.0
10.755,35.0,148.0
10.7601,-166.0,150.0
10.765,-95.0,150.0
10.7699,74.0,150.0
10.7752,141.0,150.0
10.78,82.0,148.0
10.7851,-102.0,148.0
10.7901,-220.0,150.0
10.795,-7.0,148.0
10.8,233.0,150.0
10.8054,70.0,150.0
10.81,-133.0,152.0
10.8149,3.0,150.0
10.8199,65.0,152.0
10.8249,-138.0,152.0
10.83,-118.0,154.0
10.835,182.0,156.0
10.8401,206.0,158.0
10.845,-101.0,158.0
10.8499,-196.0,160.0
10.8549,2.0,160.0
10.8601,84.0,160.0
10.8649,20.0,160.0
10.87,15.0,158.0
10.8749,20.0,158.0
10.88,-35.0,158.0
10.8849,-82.0,160.0
10.8902,0.0,158.0
10.895,144.0,160.0
10.8999,66.0,160.0
10.905,-178.0,164.0
10.91,-156.0,166.0
10.9159,136.0,168.0
10.9205,231.0,170.0
10.9249,-29.0,170.0
10.93,-234.0,174.0
10.935,-61.0,174.0
10.94,175.0,174.0
10.9449,81.0,176.0
10.95,-139.0,176.0
10.955,-82.0,178.0
10.96,159.0,178.0
10.9652,142.0,180.0
10.97,-152.0,180.0
10.975,-236.0,184.0
10.98,56.0,184.0
10.985,249.0,186.0
10.9899,72.0,188.0
10.995,-140.0,190.0
11.0014,-120.0,190.0
11.0051,5.0,190.0
11.0099,50.0,190.0
11.0149,33.0,188.0
11.0199,47.0,188.0
11.0251,41.0,188.0
11.03,-68.0,188.0
11.035,-133.0,190.0
11.0399,16.0,190.0
11.0449,153.0,190.0
11.0499,27.0,190.0
11.055,-118.0,190.0
11.0599,-37.0,190.0
11.0649,97.0,190.0
11.07,52.0,190.0
11.075,-108.0,190.0
11.0799,-91.0,190.0
11.0849,97.0,188.0
11.0901,124.0,190.0
11.0952,-42.0,186.0
11.1,-120.0,188.0
11.1049,-26.0,186.0
11.1099,83.0,186.0
11.1149,78.0,186.0
11.1203,-21.0,184.0
11.125,-98.0,186.0
11.13,-50.0,186.0
11.1352,72.0,186.0
11.1399,92.0,188.0
11.1451,-14.0,188.0
11.1499,-85.0,188.0
11.155,-45.0,188.0
11.1599,57.0,188.0
11.165,102.0,188.0
11.1699,-38.0,188.0
11.1752,-164.0,188.0
11.18,23.0,188.0
11.1851,217.0,190.0
11.19,0.0,188.0
11.195,-223.0,192.0
11.2002,-10.0,190.0
11.205,177.0,192.0
11.2101,-20.0,192.0
11.215,-122.0,194.0
11.2199,74.0,196.0
11.2249,96.0,196.0
11.2301,-103.0,196.0
11.235,-105.0,198.0
11.24,89.0,196.0
11.245,129.0,198.0
11.25,-62.0,198.0
11.255,-133.0,198.0
11.2601,59.0,198.0
11.2652,111.0,200.0
11.27,-77.0,200.0
11.275,-89.0,200.0
11.28,74.0,200.0
11.2849,73.0,200.0
11.2903,-26.0,200.0
11.295,-40.0,198.0
11.3,-26.0,198.0
11.3049,-14.0,196.0
11.3099,26.0,194.0
11.315,42.0,194.0
11.3199,22.0,192.0
11.325,-2.0,190.0
11.33,-52.0,186.0
11.3349,-62.0,184.0
11.3399,27.0,180.0
11.3451,80.0,180.0
11.3499,29.0,178.0
11.355,-37.0,178.0
11.3599,-70.0,178.0
11.365,-21.0,178.0
11.3699,53.0,176.0
11.375,28.0,176.0
11.3799,9.0,172.0
11.385,43.0,172.0
11.39,-55.0,170.0
11.3949,-134.0,172.0
11.4,51.0,170.0
11.4051,167.0,172.0
11.41,-23.0,170.0
11.415,-124.0,170.0
11.4199,2.0,170.0
11.4249,35.0,168.0
11.4301,-8.0,164.0
11.4352,39.0,166.0
11.4402,48.0,162.0
11.4451,-39.0,162.0
11.4503,-81.0,162.0
11.4549,-28.0,162.0
11.4602,62.0,162.0
11.4651,73.0,160.0
11.4699,-27.0,158.0
11.475,-38.0,156.0
11.4799,57.0,154.0
11.4851,-31.0,154.0
11.4903,-153.0,152.0
11.4951,58.0,154.0
11.4999,226.0,156.0
11.5049,-29.0,156.0
11.51,-218.0,160.0
11.515,2.0,158.0
11.52,146.0,160.0
11.525,-30.0,160.0
11.53,-64.0,160.0
11.535,92.0,160.0
11.54,13.0,160.0
11.5451,-99.0,158.0
11.5501,11.0,156.0
11.555,10.0,154.0
11.5599,-59.0,150.0
11.565,89.0,152.0
11.57,142.0,150.0
11.5751,-85.0,150.0
11.5801,-192.0,150.0
11.5849,-5.0,150.0
11.59,155.0,150.0
11.595,63.0,150.0
11.6,-74.0,148.0
11.6053,-57.0,148.0
11.6102,24.0,146.0
11.615,66.0,142.0
11.6199,6.0,142.0
11.625,-115.0,140.0
11.6301,-62.0,140.0
11.6352,120.0,140.0
11.6401,97.0,138.0
11.6451,-27.0,140.0
11.65,-32.0,138.0
11.6552,-88.0,140.0
11.6604,-102.0,140.0
11.6651,129.0,142.0
11.67,184.0,144.0
11.675,-91.0,144.0
11.68,-137.0,144.0
11.6851,42.0,144.0
11.69,5.0,142.0
11.695,-24.0,142.0
11.7,100.0,142.0
11.7049,33.0,142.0
11.7099,-104.0,142.0
11.7151,-48.0,142.0
11.72,10.0,140.0
11.7249,60.0,140.0
11.73,108.0,140.0
11.735,-74.0,140.0
11.74,-184.0,140.0
11.7449,92.0,142.0
11.75,190.0,144.0
11.755,-99.0,144.0
11.7601,-132.0,146.0
11.7649,79.0,146.0
11.772,26.0,144.0
11.7749,-50.0,144.0
11.78,90.0,144.0
11.7851,37.0,144.0
11.79,-161.0,146.0
11.795,-48.0,146.0
11.8002,152.0,148.0
11.8052,73.0,148.0
11.8101,-71.0,148.0
11.8151,-98.0,146.0
11.8199,-29.0,146.0
11.8249,135.0,146.0
11.8302,105.0,146.0
11.835,-191.0,146.0
11.8401,-164.0,148.0
11.845,221.0,150.0
11.85,209.0,152.0
11.855,-170.0,154.0
11.86,-172.0,154.0
11.8649,87.0,154.0
11.8699,17.0,154.0
11.8749,-88.0,154.0
11.8799,143.0,154.0
11.8849,185.0,154.0
11.8901,-176.0,156.0
11.895,-263.0,158.0
11.9,100.0,160.0
11.905,220.0,160.0
11.91,-50.0,160.0
11.915,-83.0,160.0
11.9201,108.0,160.0
11.9249,-35.0,160.0
11.93,-214.0,164.0
11.9353,69.0,164.0
11.9399,272.0,168.0
11.9451,-43.0,168.0
11.95,-260.0,172.0
11.9549,1.0,172.0
11.96,196.0,174.0
11.965,47.0,174.0
11.97,-87.0,174.0
11.9749,-99.0,176.0
11.9801,-45.0,176.0
11.9849,127.0,176.0
11.9901,142.0,178.0
11.995,-124.0,180.0
12.0003,-145.0,180.0
12.0051,120.0,182.0
12.0099,70.0,182.0
12.0149,-130.0,184.0
12.0199,5.0,184.0
12.0249,123.0,186.0
12.0301,-25.0,186.0
12.035,-78.0,184.0
12.0401,-5.0,184.0
12.0449,16.0,182.0
12.0499,37.0,182.0
12.055,34.0,180.0
12.06,-39.0,180.0
12.0651,-58.0,180.0
12.0699,20.0,180.0
12.0749,56.0,182.0
12.0799,12.0,180.0
12.0849,-41.0,180.0
12.0903,-60.0,180.0
12.0952,11.0,180.0
12.1,107.0,180.0
12.105,46.0,180.0
12.11,-116.0,182.0
12.115,-107.0,182.0
12.1201,71.0,184.0
12.125,112.0,184.0
12.1301,-19.0,182.0
12.1352,-51.0,182.0
12.1399,26.0,180.0
12.1449,-25.0,178.0
12.1501,-81.0,176.0
12.155,99.0,178.0
12.1599,139.0,178.0
12.1649,-164.0,180.0
12.17,-194.0,182.0
12.1753,179.0,184.0
12.1801,225.0,188.0
12.1849,-122.0,188.0
12.19,-187.0,190.0
12.195,49.0,190.0
12.2001,105.0,192.0
12.205,-15.0,190.0
12.2101,-51.0,188.0
12.215,16.0,188.0
12.2199,40.0,186.0
12.2249,-31.0,186.0
12.2301,-27.0,184.0
12.235,57.0,184.0
12.2402,13.0,182.0
12.2449,-69.0,182.0
12.2502,-27.0,184.0
12.255,29.0,182.0
12.2604,39.0,182.0
12.265,45.0,182.0
12.2699,8.0,182.0
12.2749,-92.0,180.0
12.2799,-108.0,180.0
12.2852,70.0,182.0
12.2901,188.0,184.0
12.2949,5.0,182.0
12.3,-193.0,184.0
12.3049,-82.0,184.0
12.31,129.0,182.0
12.315,122.0,182.0
12.32,-48.0,182.0
12.3251,-117.0,182.0
12.3301,-12.0,182.0
12.3349,77.0,184.0
12.3399,70.0,184.0
12.3448,1.0,182.0
12.35,-136.0,184.0
12.3552,-113.0,184.0
12.3599,148.0,186.0
12.3649,190.0,188.0
12.3699,-53.0,188.0
12.3751,-153.0,188.0
12.3801,-91.0,188.0
12.385,28.0,186.0
12.3901,180.0,186.0
12.3949,81.0,186.0
12.4002,-176.0,186.0
12.4054,-118.0,188.0
12.41,123.0,188.0
12.4149,101.0,190.0
12.4199,-60.0,188.0
12.425,-58.0,190.0
12.4301,-8.0,186.0
12.4349,-2.0,186.0
12.4406,59.0,184.0
12.4454,66.0,184.0
12.45,-62.0,184.0
12.4553,-104.0,184.0
12.4605,29.0,184.0
12.4662,102.0,184.0
12.4699,-3.0,182.0
12.4753,-74.0,180.0
12.4801,1.0,178.0
12.4852,43.0,176.0
12.49,-1.0,172.0
12.4955,-17.0,170.0
12.5,-23.0,168.0
12.5051,-23.0,166.0
12.5101,50.0,166.0
12.5152,83.0,166.0
12.5199,-27.0,164.0
12.5256,-116.0,164.0
12.5304,-34.0,162.0
12.5351,99.0,160.0
12.5399,52.0,158.0
12.5453,-85.0,156.0
12.5499,25.0,156.0
12.5555,123.0,156.0
12.5601,-157.0,158.0
12.5651,-186.0,160.0
12.5703,238.0,160.0
12.5753,200.0,162.0
12.5805,-206.0,162.0
12.5856,-102.0,162.0
12.5905,122.0,160.0
12.5951,-94.0,162.0
12.6001,-104.0,160.0
12.6052,271.0,164.0
12.6101,181.0,164.0
12.615,-303.0,168.0
12.6201,-247.0,172.0
12.6251,197.0,172.0
12.6302,201.0,174.0
12.6355,-71.0,172.0
12.6407,-82.0,172.0
12.6454,3.0,170.0
12.6501,16.0,168.0
12.6551,48.0,168.0
12.6605,-39.0,168.0
12.6654,-131.0,168.0
12.6704,72.0,168.0
12.6751,203.0,170.0
12.6799,-61.0,172.0
12.6851,-192.0,174.0
12.6901,47.0,174.0
12.6956,117.0,176.0
12.6999,-60.0,176.0
12.705,-71.0,176.0
12.7099,51.0,176.0
12.7149,59.0,176.0
12.7205,12.0,176.0
12.7254,27.0,176.0
12.7307,-65.0,176.0
12.7352,-224.0,180.0
12.7401,42.0,180.0
12.7451,400.0,184.0
12.7499,21.0,184.0
12.7551,-410.0,188.0
12.7603,-42.0,188.0
12.7651,275.0,190.0
12.7707,2.0,190.0
12.7761,-115.0,190.0
12.7804,60.0,192.0
12.7854,11.0,190.0
12.7905,-128.0,192.0
12.7952,17.0,190.0
12.8002,186.0,192.0
12.8054,8.0,188.0
12.8099,-187.0,188.0
12.8153,-33.0,186.0
12.82,126.0,184.0
12.825,4.0,182.0
12.8301,-64.0,180.0
12.8356,52.0,182.0
12.8404,47.0,180.0
12.8456,-64.0,180.0
12.8501,-57.0,180.0
12.8549,7.0,180.0
12.8604,71.0,182.0
12.8649,57.0,182.0
12.8705,-106.0,182.0
12.8751,-82.0,184.0
12.8804,155.0,186.0
12.8852,78.0,186.0
12.8906,-156.0,188.0
12.8959,-43.0,188.0
12.9002,86.0,188.0
12.9051,-58.0,188.0
12.9101,-16.0,190.0
12.9151,194.0,190.0
12.9201,7.0,190.0
12.925,-261.0,192.0
12.9304,-31.0,190.0
12.9354,212.0,192.0
12.9399,37.0,190.0
12.9453,-111.0,190.0
12.9499,-22.0,190.0
12.9551,56.0,188.0
12.9603,20.0,188.0
12.9651,-76.0,188.0
12.9703,-51.0,188.0
12.9755,119.0,188.0
12.9804,89.0,188.0
12.9854,-138.0,190.0
12.9903,-84.0,190.0
12.9951,141.0,190.0
13.0002,31.0,188.0
13.0056,-151.0,188.0
13.0104,11.0,188.0
13.0151,139.0,188.0
13.02,-13.0,186.0
13.025,-57.0,186.0
13.0301,25.0,184.0
13.035,-55.0,184.0
13.0404,-82.0,182.0
13.0454,91.0,182.0
13.0501,117.0,182.0
13.0552,-22.0,180.0
13.0602,-66.0,180.0
13.0654,-73.0,180.0
13.0699,-35.0,180.0
13.0751,127.0,182.0
13.0801,118.0,184.0
13.0851,-127.0,184.0
13.0904,-155.0,186.0
13.0949,78.0,186.0
13.1006,134.0,188.0
13.105,1.0,186.0
13.1106,-46.0,186.0
13.1151,-32.0,186.0
13.1207,-58.0,186.0
13.1249,-70.0,188.0
13.1299,52.0,188.0
13.1349,241.0,192.0
13.1401,116.0,192.0
13.1453,-301.0,198.0
13.15,-312.0,202.0
13.1555,202.0,204.0
13.1602,354.0,208.0
13.1657,-79.0,208.0
13.1705,-225.0,210.0
13.1754,69.0,210.0
13.1807,66.0,210.0
13.1855,-166.0,212.0
13.1901,10.0,212.0
13.195,251.0,214.0
13.2003,-25.0,212.0
13.2051,-247.0,212.0
13.21,39.0,210.0
13.215,198.0,210.0
13.2201,-54.0,206.0
13.2251,-162.0,208.0
13.23,53.0,206.0
13.2355,135.0,208.0
13.2407,-56.0,206.0
13.2456,-98.0,204.0
13.2501,87.0,202.0
13.2551,79.0,200.0
13.2602,-117.0,198.0
13.2654,-112.0,196.0
13.2702,85.0,194.0
13.2749,165.0,196.0
13.2801,19.0,194.0
13.2853,-159.0,196.0
13.2905,-119.0,198.0
13.2954,89.0,200.0
13.2999,146.0,200.0
13.3051,-24.0,200.0
13.3102,-118.0,200.0
13.3152,2.0,196.0
13.3204,81.0,196.0
13.3254,-7.0,194.0
13.3306,-53.0,194.0
13.335,25.0,192.0
13.3401,39.0,192.0
13.3453,-35.0,192.0
13.3508,-26.0,192.0
13.355,23.0,190.0
13.36,-10.0,190.0
13.3651,-4.0,190.0
13.3701,64.0,190.0
13.3754,6.0,188.0
13.3804,-86.0,188.0
13.3854,-28.0,182.0
13.3905,53.0,182.0
13.3952,58.0,176.0
13.3999,13.0,176.0
13.4055,-91.0,174.0
13.4104,-90.0,174.0
13.4151,109.0,174.0
13.4201,141.0,176.0
13.4251,-99.0,178.0
13.4301,-130.0,178.0
13.435,81.0,178.0
13.44,62.0,176.0
13.4451,-74.0,178.0
13.4499,18.0,174.0
13.455,77.0,176.0
13.4602,-78.0,174.0
13.4649,-79.0,176.0
13.4699,102.0,176.0
13.4749,72.0,178.0
13.48,-84.0,178.0
13.485,-44.0,178.0
13.4901,52.0,178.0
13.4949,4.0,178.0
13.5,-35.0,176.0
13.5049,37.0,176.0
13.5099,37.0,176.0
13.515,-75.0,176.0
13.52,-48.0,174.0
13.525,94.0,174.0
13.53,49.0,172.0
13.535,-92.0,172.0
13.54,-32.0,172.0
13.5451,105.0,172.0
13.5501,36.0,172.0
13.555,-141.0,172.0
13.5601,-89.0,174.0
13.5649,132.0,172.0
13.5699,136.0,174.0
13.575,-46.0,170.0
13.58,-93.0,172.0
13.5851,-25.0,170.0
13.5901,-18.0,170.0
13.595,-6.0,170.0
13.5999,75.0,170.0
13.6051,82.0,170.0
13.61,-18.0,170.0
13.615,-63.0,168.0
13.6199,-56.0,168.0
13.6249,-67.0,168.0
13.6299,32.0,166.0
13.6351,192.0,168.0
13.6401,72.0,168.0
13.645,-217.0,168.0
13.65,-155.0,170.0
13.6549,162.0,172.0
13.6601,172.0,174.0
13.6651,-86.0,174.0
13.67,-145.0,176.0
13.6749,17.0,176.0
13.6799,110.0,176.0
13.6849,45.0,176.0
13.6902,-84.0,174.0
13.695,-93.0,176.0
13.7,52.0,176.0
13.705,91.0,176.0
13.7099,-11.0,176.0
13.715,-20.0,174.0
13.7202,2.0,172.0
13.725,-57.0,170.0
13.7299,-45.0,170.0
13.7349,62.0,170.0
13.74,98.0,168.0
13.745,1.0,168.0
13.7499,-132.0,170.0
13.755,-78.0,170.0
13.76,145.0,172.0
13.7649,135.0,172.0
13.7731,-124.0,174.0
13.7749,-134.0,172.0
13.7801,46.0,172.0
13.7851,11.0,166.0
13.79,17.0,162.0
13.7949,211.0,162.0
13.7999,56.0,158.0
13.8052,-345.0,162.0
13.8101,-226.0,162.0
13.815,241.0,164.0
13.8199,282.0,168.0
13.825,-10.0,166.0
13.83,-131.0,168.0
13.8351,-100.0,164.0
13.8401,-67.0,166.0
13.8452,10.0,162.0
13.8501,114.0,164.0
13.855,108.0,162.0
13.8599,-19.0,162.0
13.865,-97.0,160.0
13.8701,-45.0,160.0
13.8749,3.0,158.0
13.8799,0.0,158.0
13.8849,36.0,156.0
13.8901,80.0,156.0
13.8949,19.0,154.0
13.8999,-102.0,154.0
13.905,-99.0,154.0
13.9099,52.0,154.0
13.9149,97.0,152.0
13.9201,-17.0,152.0
13.925,-18.0,150.0
13.93,61.0,150.0
13.9349,-23.0,148.0
13.9399,-61.0,148.0
13.9449,11.0,148.0
13.95,-149.0,148.0
13.955,-104.0,150.0
13.96,468.0,156.0
13.9649,401.0,162.0
13.9699,-596.0,170.0
13.975,-757.0,182.0
13.9801,380.0,186.0
13.9851,886.0,200.0
13.99,7.0,200.0
13.995,-649.0,210.0
13.9999,-236.0,214.0
14.005,245.0,216.0
14.01,195.0,218.0
14.0149,-2.0,218.0
14.02,-95.0,220.0
14.025,-8.0,218.0
14.0299,137.0,220.0
14.0351,-15.0,220.0
14.0402,-250.0,224.0
14.0451,-47.0,222.0
14.05,242.0,224.0
14.055,102.0,224.0
14.0601,-65.0,224.0
14.0651,-43.0,222.0
14.0701,-171.0,224.0
14.075,-93.0,224.0
14.08,333.0,228.0
14.0849,200.0,230.0
14.0902,-369.0,236.0
14.0952,-220.0,238.0
14.0999,317.0,242.0
14.105,165.0,242.0
14.11,-236.0,244.0
14.1151,-88.0,244.0
14.1199,154.0,246.0
14.1251,22.0,246.0
14.13,-73.0,246.0
14.1349,39.0,246.0
14.1399,19.0,246.0
14.1451,-93.0,246.0
14.1501,-15.0,246.0
14.1551,121.0,248.0
14.16,15.0,246.0
14.1649,-144.0,248.0
14.1699,61.0,248.0
14.1751,180.0,250.0
14.18,-226.0,252.0
14.1849,-205.0,254.0
14.1899,396.0,260.0
14.1949,199.0,260.0
14.2,-462.0,266.0
14.2052,-181.0,266.0
14.21,374.0,270.0
14.215,153.0,272.0
14.2199,-189.0,274.0
14.2249,-109.0,276.0
14.2299,24.0,276.0
14.235,93.0,276.0
14.2401,60.0,276.0
14.2451,-159.0,278.0
14.2501,-110.0,278.0
14.255,246.0,282.0
14.26,165.0,284.0
14.265,-240.0,286.0
14.27,-170.0,288.0
14.2749,144.0,288.0
14.2799,87.0,288.0
14.2852,-47.0,286.0
14.2901,8.0,282.0
14.2949,-28.0,280.0
14.2999,-18.0,278.0
14.3049,102.0,278.0
14.3099,-94.0,278.0
14.3149,-153.0,280.0
14.3201,300.0,282.0
14.325,173.0,284.0
14.33,-491.0,292.0
14.3349,-186.0,292.0
14.3401,526.0,300.0
14.3451,170.0,302.0
14.3501,-377.0,308.0
14.355,-77.0,308.0
14.36,163.0,310.0
14.365,-57.0,310.0
14.3699,4.0,310.0
14.3751,147.0,312.0
14.38,-102.0,312.0
14.3852,-154.0,314.0
14.39,147.0,314.0
14.3949,103.0,314.0
14.3999,-157.0,314.0
14.405,-49.0,314.0
14.4101,115.0,314.0
14.4149,9.0,312.0
14.4199,-17.0,310.0
14.4249,66.0,312.0
14.43,-66.0,312.0
14.4349,-194.0,312.0
14.4401,47.0,312.0
14.4451,276.0,310.0
14.45,67.0,308.0
14.455,-214.0,308.0
14.4601,-169.0,306.0
14.4652,54.0,306.0
14.47,161.0,308.0
14.475,69.0,306.0
14.4799,-63.0,306.0
14.4849,-80.0,308.0
14.4902,-27.0,306.0
14.4951,10.0,304.0
14.5,59.0,306.0
14.5049,62.0,304.0
14.5099,-53.0,306.0
14.5149,-80.0,306.0
14.5201,68.0,308.0
14.525,56.0,308.0
14.5301,-126.0,308.0
14.5349,-65.0,310.0
14.5406,177.0,310.0
14.5449,128.0,310.0
14.55,-162.0,312.0
14.5551,-178.0,314.0
14.56,88.0,314.0
14.565,155.0,316.0
14.57,-18.0,316.0
14.5752,-85.0,318.0
14.58,7.0,316.0
14.5849,34.0,316.0
14.59,-41.0,316.0
14.5949,-28.0,314.0
14.5999,63.0,308.0
14.605,30.0,302.0
14.61,-55.0,294.0
14.615,-12.0,282.0
14.6199,48.0,276.0
14.6249,10.0,262.0
14.6301,-59.0,264.0
14.6351,-54.0,254.0
14.6402,88.0,252.0
14.6451,114.0,250.0
14.6499,-140.0,250.0
14.6552,-147.0,252.0
14.6603,197.0,252.0
14.665,142.0,256.0
14.6702,-203.0,256.0
14.6749,-91.0,258.0
14.6799,136.0,256.0
14.6849,-3.0,254.0
14.69,-37.0,252.0
14.695,89.0,252.0
14.6999,-61.0,252.0
14.7049,-139.0,252.0
14.7099,153.0,252.0
14.7151,181.0,254.0
14.72,-189.0,252.0
14.7251,-201.0,252.0
14.7301,146.0,248.0
14.7349,139.0,246.0
14.74,-82.0,244.0
14.7451,-16.0,240.0
14.7501,49.0,238.0
14.7551,-94.0,238.0
14.76,-41.0,236.0
14.765,163.0,238.0
14.77,49.0,238.0
14.775,-171.0,240.0
14.78,-47.0,240.0
14.7851,108.0,240.0
14.79,-13.0,240.0
14.7949,-38.0,240.0
14.7999,118.0,242.0
14.8053,42.0,240.0
14.8101,-167.0,242.0
14.8152,-107.0,240.0
14.82,100.0,238.0
14.8249,127.0,236.0
14.8301,26.0,232.0
14.835,-44.0,228.0
14.8401,-109.0,224.0
14.845,-71.0,222.0
14.8499,111.0,218.0
14.8549,110.0,216.0
14.8599,-96.0,216.0
14.8651,-62.0,214.0
14.8701,126.0,216.0
14.875,2.0,214.0
14.88,-175.0,216.0
14.8851,28.0,214.0
14.8902,180.0,216.0
14.895,-44.0,212.0
14.9,-121.0,212.0
14.9049,71.0,210.0
14.9099,16.0,206.0
14.9148,-115.0,206.0
14.9201,85.0,206.0
14.925,149.0,208.0
14.9301,-132.0,210.0
14.9349,-153.0,212.0
14.9399,94.0,212.0
14.9449,141.0,214.0
14.9499,28.0,212.0
14.955,-116.0,212.0
14.9599,-195.0,210.0
14.9649,56.0,208.0
14.9699,331.0,206.0
14.9749,37.0,204.0
14.9802,-378.0,202.0
14.985,-125.0,200.0
14.99,332.0,200.0
14.9949,162.0,202.0
15.0,-230.0,202.0
15.0052,-136.0,204.0
15.0099,127.0,206.0
15.0149,66.0,204.0
15.0199,-73.0,204.0
15.0249,11.0,202.0
15.0299,112.0,200.0
15.0352,-47.0,200.0
15.0399,-234.0,202.0
15.045,-4.0,200.0
15.0499,334.0,204.0
15.0549,115.0,206.0
15.06,-304.0,210.0
15.0649,-190.0,212.0
15.0699,168.0,214.0
15.075,211.0,214.0
15.08,-34.0,214.0
15.085,-251.0,214.0
15.09,-44.0,212.0
15.0951,326.0,214.0
15.0999,91.0,214.0
15.105,-344.0,218.0
15.1099,-107.0,218.0
15.1149,253.0,220.0
15.1199,68.0,220.0
15.1251,-110.0,220.0
15.13,14.0,220.0
15.1348,0.0,220.0
15.14,-88.0,220.0
15.1451,50.0,220.0
15.1499,124.0,222.0
15.155,-69.0,222.0
15.1599,-138.0,222.0
15.1649,70.0,222.0
15.1699,143.0,222.0
15.175,-23.0,222.0
15.1802,-131.0,222.0
15.1849,-91.0,220.0
15.1899,76.0,220.0
15.1952,233.0,220.0
15.1999,32.0,220.0
15.2052,-301.0,222.0
15.21,-145.0,224.0
15.2149,228.0,226.0
15.2199,159.0,228.0
15.2249,-69.0,230.0
15.23,-27.0,228.0
15.2351,-48.0,230.0
15.2402,-167.0,230.0
15.245,40.0,230.0
15.2501,271.0,234.0
15.255,57.0,236.0
15.26,-191.0,238.0
15.2649,-125.0,240.0
15.2699,-5.0,238.0
15.2749,89.0,238.0
15.28,152.0,240.0
15.2848,3.0,238.0
15.2902,-158.0,238.0
15.2951,-66.0,238.0
15.2999,55.0,234.0
15.3049,52.0,234.0
15.3099,73.0,232.0
15.3149,54.0,230.0
15.3199,-143.0,230.0
15.325,-226.0,234.0
15.3299,103.0,236.0
15.335,375.0,240.0
15.3399,6.0,240.0
15.3451,-415.0,244.0
15.3499,-78.0,242.0
15.355,337.0,244.0
15.3599,44.0,242.0
15.3649,-213.0,242.0
15.3699,59.0,242.0
15.3756,118.0,240.0
15.38,-145.0,242.0
15.385,-69.0,242.0
15.3899,162.0,244.0
15.395,57.0,244.0
15.4002,-118.0,246.0
15.4053,-85.0,244.0
15.4099,53.0,244.0
15.4149,120.0,244.0
15.4199,-12.0,242.0
15.4249,-118.0,242.0
15.4299,14.0,242.0
15.4349,82.0,244.0
15.4401,-20.0,242.0
15.4451,-36.0,242.0
15.4499,-18.0,240.0
15.4551,-22.0,238.0
15.4601,77.0,238.0
15.465,95.0,238.0
15.4699,-73.0,238.0
15.4749,-132.0,240.0
15.4803,-21.0,238.0
15.4849,82.0,238.0
15.4902,122.0,238.0
15.495,7.0,236.0
15.5,-144.0,238.0
15.5049,-26.0,236.0
15.5099,109.0,236.0
15.5149,-47.0,238.0
15.5199,-86.0,236.0
15.525,113.0,238.0
15.5299,82.0,236.0
15.5349,-95.0,236.0
15.54,-47.0,236.0
15.5451,45.0,234.0
15.5499,-22.0,236.0
15.555,-35.0,234.0
15.5599,59.0,234.0
15.5649,37.0,232.0
15.5699,-39.0,230.0
15.5749,2.0,228.0
15.58,40.0,228.0
15.5851,-50.0,226.0
15.59,-105.0,226.0
15.5948,32.0,226.0
15.6001,143.0,224.0
15.6053,29.0,224.0
15.61,-65.0,220.0
15.6149,-26.0,220.0
15.6199,-54.0,214.0
15.625,-65.0,214.0
15.6299,89.0,210.0
15.6351,162.0,210.0
15.6401,-25.0,206.0
15.6451,-215.0,208.0
15.6499,-64.0,208.0
15.655,239.0,210.0
15.6599,131.0,210.0
15.665,-238.0,214.0
15.67,-146.0,214.0
15.6749,208.0,218.0
15.6799,106.0,216.0
15.685,-171.0,218.0
15.6899,-50.0,214.0
15.6949,159.0,214.0
15.6999,29.0,210.0
15.7051,-180.0,210.0
15.7099,-66.0,208.0
15.7149,194.0,208.0
15.7204,130.0,210.0
15.7252,-165.0,208.0
15.73,-147.0,210.0
15.7349,107.0,206.0
15.7399,71.0,206.0
15.7449,-50.0,202.0
15.7499,53.0,200.0
15.7549,-13.0,196.0
15.7599,-149.0,198.0
15.7649,89.0,198.0
15.7742,187.0,200.0
15.7749,-143.0,202.0
15.78,-163.0,204.0
15.7852,158.0,206.0
15.7899,107.0,206.0
15.7951,-141.0,206.0
15.8,-87.0,206.0
15.8051,74.0,206.0
15.8099,105.0,206.0
15.8149,38.0,206.0
15.8199,-91.0,204.0
15.8249,-135.0,206.0
15.8298,28.0,204.0
15.835,173.0,204.0
15.8401,34.0,204.0
15.845,-157.0,202.0
15.8499,-54.0,200.0
15.8549,114.0,198.0
15.86,32.0,196.0
15.865,-70.0,196.0
15.87,9.0,196.0
15.8749,48.0,196.0
15.8799,-55.0,194.0
15.8849,-45.0,194.0
15.8901,89.0,192.0
15.8951,42.0,192.0
15.9,-104.0,190.0
15.9049,-31.0,188.0
15.9099,90.0,190.0
15.9149,18.0,188.0
15.9199,-43.0,186.0
15.925,-8.0,186.0
15.9301,3.0,184.0
15.9349,3.0,184.0
15.94,-24.0,184.0
15.9451,-5.0,182.0
15.95,107.0,182.0
15.955,26.0,182.0
15.9599,-197.0,184.0
15.9649,-76.0,180.0
15.9699,235.0,184.0
15.9751,132.0,180.0
15.98,-207.0,182.0
15.985,-148.0,178.0
15.9902,134.0,180.0
15.9949,97.0,176.0
15.9999,-46.0,176.0
16.0052,-5.0,172.0
16.0101,-20.0,172.0
16.0149,-68.0,170.0
16.0203,44.0,170.0
16.025,77.0,170.0
16.0299,-36.0,168.0
16.0349,-25.0,166.0
16.0401,27.0,166.0
16.0451,-51.0,164.0
16.0502,-31.0,164.0
16.0549,113.0,164.0
16.0601,64.0,166.0
16.0651,-122.0,166.0
16.0699,-134.0,168.0
16.0749,55.0,166.0
16.0799,204.0,170.0
16.0849,66.0,170.0
16.0902,-219.0,174.0
16.095,-179.0,176.0
16.1,161.0,176.0
16.1049,202.0,178.0
16.11,-74.0,178.0
16.115,-111.0,178.0
16.1203,26.0,178.0
16.1249,-27.0,178.0
16.13,-41.0,176.0
16.1349,114.0,178.0
16.1399,66.0,176.0
16.1449,-120.0,178.0
16.1501,-55.0,178.0
16.1549,95.0,178.0
16.1599,30.0,178.0
16.1649,-90.0,176.0
16.1699,-38.0,176.0
16.1751,123.0,176.0
16.18,76.0,178.0
16.185,-179.0,180.0
16.1899,-121.0,180.0
16.1951,231.0,184.0
16.2,172.0,186.0
16.2054,-244.0,188.0
16.21,-221.0,192.0
16.215,199.0,194.0
16.22,230.0,198.0
16.225,-119.0,198.0
16.23,-182.0,200.0
16.2349,44.0,200.0
16.2399,110.0,200.0
16.2449,6.0,200.0
16.2499,-53.0,200.0
16.2549,-20.0,198.0
16.2601,24.0,198.0
16.2649,1.0,198.0
16.2699,-24.0,196.0
16.2749,22.0,194.0
16.28,21.0,194.0
16.2849,-40.0,192.0
16.29,28.0,190.0
16.2951,78.0,188.0
16.3,-106.0,188.0
16.3049,-141.0,186.0
16.3099,139.0,186.0
16.315,179.0,186.0
16.3202,-102.0,186.0
16.325,-153.0,186.0
16.33,57.0,186.0
16.3349,91.0,184.0
16.3399,-63.0,186.0
16.3449,-48.0,184.0
16.35,114.0,184.0
16.355,50.0,182.0
16.3599,-165.0,182.0
16.3649,-82.0,180.0
16.37,179.0,182.0
16.3751,127.0,182.0
16.3801,-137.0,182.0
16.385,-161.0,184.0
16.39,53.0,184.0
16.395,162.0,186.0
16.4006,16.0,184.0
16.4052,-128.0,186.0
16.4102,-17.0,182.0
16.4149,94.0,182.0
16.42,-42.0,180.0
16.425,-91.0,178.0
16.4299,97.0,178.0
16.4349,97.0,178.0
16.4399,-85.0,178.0
16.4449,-61.0,178.0
16.4502,16.0,176.0
16.455,-41.0,176.0
16.4599,41.0,176.0
16.4649,166.0,176.0
16.47,-57.0,176.0
16.4749,-243.0,178.0
16.4798,77.0,178.0
16.4848,270.0,180.0
16.4899,-136.0,182.0
16.495,-294.0,184.0
16.4999,204.0,188.0
16.5049,335.0,192.0
16.5099,-219.0,194.0
16.5149,-345.0,200.0
16.5202,170.0,200.0
16.525,262.0,204.0
16.53,-109.0,204.0
16.5351,-107.0,206.0
16.5399,91.0,206.0
16.5451,-27.0,206.0
16.5499,-106.0,206.0
16.5549,81.0,206.0
16.5599,102.0,208.0
16.5649,-82.0,208.0
16.5701,-60.0,210.0
16.575,94.0,210.0
16.58,7.0,210.0
16.5852,-128.0,212.0
16.5899,19.0,212.0
16.5948,128.0,212.0
16.6,-14.0,210.0
16.605,-57.0,210.0
16.6099,13.0,206.0
16.6149,-30.0,204.0
16.6199,-39.0,202.0
16.6249,46.0,200.0
16.63,65.0,200.0
16.6351,2.0,198.0
16.6399,-51.0,198.0
16.645,-30.0,198.0
16.6499,11.0,198.0
16.6549,1.0,198.0
16.6599,8.0,196.0
16.665,44.0,196.0
16.6699,6.0,196.0
16.6749,-54.0,196.0
16.6799,-19.0,196.0
16.6848,13.0,196.0
16.6901,-9.0,194.0
16.6948,52.0,194.0
16.6999,81.0,194.0
16.7049,-85.0,194.0
16.7099,-137.0,194.0
16.7149,52.0,194.0
16.7201,107.0,192.0
16.7249,5.0,192.0
16.7299,10.0,188.0
16.7349,1.0,186.0
16.74,-131.0,184.0
16.7451,-107.0,184.0
16.7499,147.0,184.0
16.7549,228.0,186.0
16.7599,-29.0,186.0
16.7649,-238.0,190.0
16.7701,-115.0,190.0
16.7751,117.0,190.0
16.7801,152.0,192.0
16.7849,25.0,190.0
16.7899,-66.0,190.0
16.795,-90.0,190.0
16.7999,-41.0,190.0
16.8051,91.0,190.0
16.81,95.0,192.0
16.8149,-98.0,192.0
16.8199,-108.0,192.0
16.8249,139.0,192.0
16.83,121.0,192.0
16.835,-170.0,190.0
16.8401,-131.0,190.0
16.8449,148.0,188.0
16.8499,103.0,186.0
16.8549,-96.0,184.0
16.8601,-42.0,182.0
16.865,68.0,180.0
16.87,9.0,178.0
16.8749,-57.0,178.0
16.8799,-30.0,178.0
16.8849,13.0,178.0
16.8899,48.0,178.0
16.895,66.0,178.0
16.9,-12.0,178.0
16.9049,-127.0,180.0
16.9099,-51.0,180.0
16.915,136.0,182.0
16.9201,97.0,184.0
16.925,-116.0,184.0
16.9301,-117.0,186.0
16.9349,96.0,186.0
16.9399,134.0,186.0
16.945,-78.0,186.0
16.9501,-160.0,186.0
16.9551,42.0,184.0
16.9599,164.0,184.0
16.9649,16.0,182.0
16.9699,-101.0,184.0
16.975,-49.0,182.0
16.9801,-18.0,182.0
16.985,15.0,182.0
16.9901,124.0,182.0
16.9949,56.0,182.0
17.0,-164.0,182.0
17.0052,-99.0,182.0
17.0101,146.0,182.0
17.015,74.0,180.0
17.0199,-109.0,180.0
17.025,3.0,178.0
17.03,114.0,178.0
17.0352,-76.0,178.0
17.0401,-190.0,180.0
17.0452,79.0,180.0
17.05,262.0,182.0
17.055,-22.0,182.0
17.0599,-240.0,184.0
17.065,-6.0,184.0
17.07,153.0,184.0
17.0749,-46.0,184.0
17.0799,-96.0,184.0
17.0848,130.0,184.0
17.0901,84.0,186.0
17.0951,-170.0,188.0
17.0999,-40.0,188.0
17.1049,168.0,188.0
17.1099,-72.0,188.0
17.1149,-174.0,188.0
17.1201,179.0,188.0
17.1251,186.0,188.0
17.1301,-199.0,188.0
17.1349,-162.0,186.0
17.1399,137.0,186.0
17.1449,94.0,182.0
17.1499,-51.0,178.0
17.1549,-23.0,174.0
17.16,-17.0,172.0
17.1649,-10.0,168.0
17.1699,42.0,166.0
17.175,-7.0,164.0
17.18,-9.0,164.0
17.185,75.0,164.0
17.1899,-44.0,164.0
17.1949,-158.0,164.0
17.2001,57.0,164.0
17.205,194.0,166.0
17.21,-6.0,164.0
17.215,-151.0,166.0
17.22,-67.0,166.0
17.2249,63.0,166.0
17.2302,104.0,166.0
17.2349,-6.0,166.0
17.2399,-90.0,166.0
17.245,16.0,166.0
17.2499,73.0,166.0
17.2551,-63.0,168.0
17.2603,-93.0,168.0
17.2649,91.0,168.0
17.2699,128.0,170.0
17.2749,-85.0,170.0
17.2799,-121.0,172.0
17.2849,74.0,172.0
17.2903,43.0,174.0
17.295,-96.0,174.0
17.2999,52.0,176.0
17.3049,146.0,176.0
17.3107,-77.0,178.0
17.3155,-157.0,180.0
17.3201,17.0,180.0
17.3249,93.0,180.0
17.33,46.0,182.0
17.3353,-19.0,180.0
17.3398,-47.0,180.0
17.3451,38.0,180.0
17.35,24.0,178.0
17.355,-142.0,180.0
17.3599,-51.0,178.0
17.3649,203.0,182.0
17.3699,111.0,184.0
17.3752,-141.0,186.0
17.3799,-109.0,184.0
17.385,24.0,184.0
17.3898,10.0,182.0
17.3948,30.0,178.0
17.3999,108.0,180.0
17.405,10.0,176.0
17.41,-149.0,176.0
17.4149,-75.0,176.0
17.4199,88.0,174.0
17.4249,78.0,176.0
17.43,3.0,174.0
17.4351,-13.0,174.0
17.4401,-41.0,174.0
17.4449,-46.0,172.0
17.4499,18.0,172.0
17.4549,41.0,170.0
17.4599,-1.0,170.0
17.4649,19.0,168.0
17.4699,33.0,166.0
17.4749,-76.0,164.0
17.4799,-86.0,164.0
17.4849,85.0,162.0
17.4899,107.0,162.0
17.4949,-58.0,162.0
17.4999,-74.0,162.0
17.5049,41.0,162.0
17.51,19.0,162.0
17.5149,-52.0,162.0
17.5202,24.0,162.0
17.5251,68.0,164.0
17.53,-64.0,164.0
17.5349,-75.0,164.0
17.5399,111.0,166.0
17.5449,79.0,164.0
17.55,-149.0,166.0
17.555,-79.0,164.0
17.5599,156.0,166.0
17.565,58.0,164.0
17.57,-138.0,166.0
17.575,-11.0,164.0
17.5799,94.0,164.0
17.585,-46.0,162.0
17.5899,-19.0,160.0
17.595,101.0,162.0
17.5999,-68.0,160.0
17.6051,-142.0,162.0
17.6101,126.0,162.0
17.615,160.0,164.0
17.6199,-132.0,166.0
17.6249,-142.0,168.0
17.63,117.0,168.0
17.6351,98.0,168.0
17.64,-122.0,168.0
17.6451,-48.0,168.0
17.65,149.0,168.0
17.6549,0.0,166.0
17.66,-179.0,168.0
17.665,45.0,168.0
17.6701,204.0,170.0
17.6749,-64.0,168.0
17.6799,-211.0,170.0
17.6849,43.0,168.0
17.6898,179.0,168.0
17.695,-9.0,168.0
17.6999,-86.0,164.0
17.7049,16.0,164.0
17.7099,-50.0,164.0
17.7149,-84.0,164.0
17.7199,159.0,164.0
17.725,150.0,166.0
17.73,-182.0,166.0
17.7352,-116.0,166.0
17.7398,144.0,168.0
17.7449,-30.0,166.0
17.7499,-121.0,166.0
17.755,194.0,166.0
17.7599,144.0,166.0
17.7649,-267.0,168.0
17.7698,-149.0,166.0
17.775,231.0,168.0
17.7798,66.0,166.0
17.785,-164.0,168.0
17.7899,57.0,168.0
17.795,113.0,168.0
17.8003,-119.0,170.0
17.8056,-36.0,170.0
17.8099,117.0,172.0
17.815,-81.0,174.0
17.8199,-118.0,174.0
17.8249,158.0,176.0
17.83,129.0,178.0
17.8349,-134.0,178.0
17.8401,-106.0,178.0
17.8449,53.0,176.0
17.8499,54.0,176.0
17.855,8.0,174.0
17.8602,-36.0,174.0
17.8649,-36.0,174.0
17.8699,84.0,174.0
17.8749,50.0,174.0
17.88,-160.0,174.0
17.885,-57.0,176.0
17.8901,218.0,178.0
17.895,51.0,178.0
17.8999,-243.0,180.0
17.9049,-49.0,180.0
17.9099,237.0,180.0
17.915,64.0,180.0
17.9204,-196.0,182.0
17.9251,-81.0,182.0
17.9299,126.0,184.0
17.9348,72.0,182.0
17.9399,-65.0,184.0
17.9452,-47.0,182.0
17.9498,45.0,180.0
17.9553,31.0,180.0
17.9603,-61.0,180.0
17.9651,-20.0,178.0
17.9701,91.0,180.0
17.9754,-8.0,180.0
17.98,-129.0,180.0
17.9849,45.0,180.0
17.9902,171.0,182.0
17.9951,-45.0,182.0
18.0001,-188.0,184.0
18.0059,-8.0,180.0
18.0099,148.0,180.0
18.015,61.0,180.0
18.0199,-66.0,180.0
18.0251,-56.0,180.0
18.0302,13.0,180.0
18.0356,9.0,180.0
18.0406,-31.0,178.0
18.0452,20.0,178.0
18.05,83.0,178.0
18.0549,-9.0,176.0
18.0598,-112.0,176.0
18.0648,-19.0,176.0
18.0699,89.0,176.0
18.075,30.0,178.0
18.08,-26.0,176.0
18.085,-17.0,176.0
18.0912,-41.0,176.0
18.0949,3.0,176.0
18.1003,77.0,178.0
18.105,-4.0,178.0
18.1101,-85.0,178.0
18.115,26.0,178.0
18.1202,97.0,178.0
18.1253,-50.0,176.0
18.1304,-115.0,176.0
18.135,43.0,176.0
18.1401,106.0,178.0
18.1453,-7.0,176.0
18.1504,-45.0,178.0
18.155,-18.0,176.0
18.1598,-32.0,176.0
18.1654,14.0,176.0
18.1701,61.0,176.0
18.1753,-14.0,174.0
18.1801,-35.0,174.0
18.1849,44.0,174.0
18.1898,2.0,170.0
18.1952,-78.0,170.0
18.2001,16.0,168.0
18.2062,78.0,168.0
18.2099,-39.0,168.0
18.215,-54.0,168.0
18.2198,67.0,168.0
18.225,42.0,168.0
18.2299,-56.0,168.0
18.2349,-43.0,168.0
18.2404,-1.0,166.0
18.245,21.0,164.0
18.2501,54.0,164.0
18.2552,26.0,162.0
18.2602,-50.0,160.0
18.2654,-64.0,158.0
18.2698,0.0,156.0
18.275,85.0,156.0
18.28,63.0,156.0
18.2853,-110.0,156.0
18.2907,-113.0,156.0
18.295,117.0,158.0
18.2999,126.0,158.0
18.3049,-75.0,158.0
18.3098,-80.0,156.0
18.315,21.0,154.0
18.3201,5.0,152.0
18.3254,-14.0,152.0
18.3304,28.0,148.0
18.3354,39.0,150.0
18.3406,6.0,148.0
18.345,-36.0,148.0
18.351,-62.0,148.0
18.3553,-13.0,148.0
18.3598,85.0,146.0
18.3651,81.0,146.0
18.3704,-70.0,144.0
18.3758,-128.0,144.0
18.3801,47.0,142.0
18.3849,137.0,144.0
18.3904,-26.0,142.0
18.395,-91.0,140.0
18.3999,0.0,138.0
18.4059,-14.0,134.0
18.4098,11.0,132.0
18.4153,130.0,130.0
18.42,16.0,130.0
18.4255,-176.0,130.0
18.4303,-67.0,130.0
18.4358,130.0,130.0
18.4405,84.0,130.0
18.4455,-49.0,130.0
18.451,-41.0,130.0
18.455,29.0,128.0
18.4599,-11.0,126.0
18.4655,-90.0,126.0
18.4698,5.0,124.0
18.4754,125.0,124.0
18.48,34.0,122.0
18.4851,-52.0,122.0
18.4903,-22.0,122.0
18.4949,-43.0,122.0
18.5,-37.0,122.0
18.5053,40.0,122.0
18.5099,45.0,122.0
18.5151,41.0,122.0
18.5205,36.0,120.0
18.5253,-96.0,120.0
18.5304,-121.0,118.0
18.5351,96.0,120.0
18.54,132.0,118.0
18.5454,-103.0,118.0
18.5499,-108.0,116.0
18.5556,127.0,118.0
18.56,116.0,116.0
18.565,-101.0,116.0
18.5702,-134.0,116.0
18.5753,9.0,116.0
18.5798,105.0,116.0
18.5855,71.0,116.0
18.5905,-36.0,116.0
18.595,-66.0,118.0
18.6001,-2.0,116.0
18.6056,-7.0,116.0
18.6098,-22.0,116.0
18.6149,70.0,116.0
18.6198,74.0,116.0
18.6251,-84.0,116.0
18.6302,-95.0,114.0
18.6358,85.0,116.0
18.6404,70.0,114.0
18.6451,-108.0,114.0
18.6501,-28.0,114.0
18.6551,130.0,114.0
18.6611,-2.0,114.0
18.6652,-120.0,114.0
18.6701,16.0,114.0
18.6748,83.0,116.0
18.68,-8.0,116.0
18.6851,-18.0,114.0
18.6912,-14.0,114.0
18.6949,-70.0,114.0
18.7004,14.0,114.0
18.705,132.0,116.0
18.7101,14.0,114.0
18.7151,-112.0,116.0
18.7202,-18.0,116.0
18.7249,42.0,116.0
18.7304,-42.0,116.0
18.7351,5.0,116.0
18.7401,140.0,116.0
18.745,8.0,116.0
18.7509,-217.0,118.0
18.7548,-53.0,120.0
18.76,234.0,122.0
18.7653,75.0,122.0
18.7702,-186.0,122.0
18.7753,-56.0,122.0
18.7799,95.0,122.0
18.7853,6.0,122.0
18.7903,-14.0,122.0
18.795,57.0,122.0
18.8001,-7.0,122.0
18.8056,-99.0,124.0
18.8099,-11.0,122.0
18.8153,93.0,124.0
18.82,16.0,124.0
18.825,-52.0,124.0
18.8301,2.0,124.0
18.8349,15.0,124.0
18.8402,-9.0,122.0
18.845,-1.0,122.0
18.8501,-13.0,122.0
18.8552,-6.0,120.0
18.8602,40.0,120.0
18.8658,19.0,120.0
18.8698,-46.0,120.0
18.875,-26.0,120.0
18.8801,49.0,120.0
18.8851,21.0,120.0
18.8903,-74.0,120.0
18.8948,-7.0,120.0
18.8999,110.0,122.0
18.9048,-9.0,120.0
18.91,-126.0,122.0
18.915,24.0,122.0
18.9209,115.0,122.0
18.925,-29.0,120.0
18.9298,-89.0,120.0
18.9349,6.0,118.0
18.9405,46.0,118.0
18.9456,34.0,116.0
18.9504,24.0,116.0
18.9549,-42.0,116.0
18.9599,-77.0,118.0
18.9649,-4.0,118.0
18.9699,47.0,118.0
18.9749,45.0,118.0
18.9798,45.0,118.0
18.9849,-20.0,118.0
18.99,-106.0,118.0
18.9949,-41.0,120.0
19.0,98.0,120.0
19.0052,73.0,120.0
19.0099,-74.0,120.0
19.0149,-60.0,118.0
19.0199,82.0,118.0
19.0249,35.0,118.0
19.0305,-109.0,118.0
19.0349,-19.0,118.0
19.0401,123.0,120.0
19.045,19.0,120.0
19.0499,-115.0,120.0
19.0549,-45.0,120.0
19.0599,90.0,120.0
19.0649,97.0,120.0
19.0699,-47.0,120.0
19.0749,-137.0,120.0
19.0799,-10.0,118.0
19.0849,122.0,120.0
19.0899,59.0,120.0
19.0949,-57.0,120.0
19.0999,-55.0,120.0
19.1048,-1.0,120.0
19.1099,-18.0,120.0
19.1148,0.0,118.0
19.1202,135.0,120.0
19.1249,62.0,120.0
19.1299,-234.0,122.0
19.1352,-153.0,124.0
19.14,249.0,128.0
19.145,235.0,130.0
19.1499,-168.0,132.0
19.1551,-270.0,136.0
19.1598,48.0,136.0
19.1649,237.0,138.0
19.1699,29.0,138.0
19.1754,-170.0,138.0
19.1799,-26.0,136.0
19.1853,133.0,138.0
19.1899,-27.0,136.0
19.1949,-149.0,136.0
19.1999,71.0,136.0
19.2051,178.0,136.0
19.21,-69.0,136.0
19.2149,-173.0,138.0
19.2198,32.0,138.0
19.2248,129.0,138.0
19.2298,4.0,138.0
19.2352,-75.0,138.0
19.24,-22.0,138.0
19.2449,38.0,138.0
19.2499,20.0,138.0
19.2549,-22.0,138.0
19.2599,-8.0,136.0
19.2648,34.0,136.0
19.2699,-5.0,134.0
19.2749,-80.0,134.0
19.2799,23.0,134.0
19.2848,128.0,134.0
19.2899,-57.0,134.0
19.295,-145.0,134.0
19.2999,108.0,136.0
19.3049,147.0,136.0
19.3099,-137.0,138.0
19.315,-147.0,140.0
19.32,98.0,140.0
19.3249,103.0,142.0
19.3299,-16.0,142.0
19.3349,5.0,142.0
19.34,-27.0,142.0
19.3452,-102.0,142.0
19.3498,6.0,140.0
19.3549,96.0,140.0
19.3599,23.0,140.0
19.3649,-4.0,140.0
19.3699,-22.0,140.0
19.3749,-93.0,142.0
19.3801,13.0,140.0
19.3851,166.0,142.0
19.39,-21.0,138.0
19.3954,-228.0,142.0
19.4,17.0,138.0
19.4049,254.0,140.0
19.4099,15.0,138.0
19.4155,-195.0,140.0
19.4199,-28.0,140.0
19.4249,83.0,140.0
19.4299,-14.0,140.0
19.4349,-16.0,140.0
19.4399,60.0,140.0
19.4449,36.0,140.0
19.4499,-42.0,140.0
19.4549,-92.0,140.0
19.4601,-28.0,140.0
19.4651,124.0,142.0
19.47,85.0,142.0
19.4749,-140.0,144.0
19.4799,-91.0,146.0
19.4849,164.0,148.0
19.4899,81.0,150.0
19.4949,-166.0,152.0
19.4999,-80.0,152.0
19.5049,118.0,154.0
19.5098,69.0,154.0
19.5151,-67.0,156.0
19.5199,-68.0,156.0
19.525,54.0,156.0
19.5299,106.0,156.0
19.535,-32.0,156.0
19.5399,-129.0,158.0
19.5449,-14.0,158.0
19.5499,60.0,156.0
19.555,17.0,156.0
19.5599,53.0,156.0
19.5649,40.0,156.0
19.5698,-114.0,156.0
19.5749,-90.0,158.0
19.5799,107.0,158.0
19.5849,81.0,158.0
19.5898,-79.0,160.0
19.5949,-36.0,160.0
19.6,59.0,160.0
19.605,-11.0,160.0
19.6098,-54.0,160.0
19.6148,35.0,160.0
19.6198,58.0,160.0
19.6248,-17.0,160.0
19.63,-52.0,158.0
19.635,-31.0,158.0
19.64,23.0,158.0
19.6449,75.0,158.0
19.6501,3.0,156.0
19.6549,-100.0,156.0
19.6599,1.0,156.0
19.665,135.0,158.0
19.6699,-2.0,156.0
19.6749,-191.0,158.0
19.6799,-52.0,158.0
19.6849,203.0,160.0
19.6898,125.0,160.0
19.695,-111.0,162.0
19.7,-103.0,162.0
19.7048,-31.0,160.0
19.7098,-49.0,160.0
19.7148,99.0,160.0
19.7201,217.0,162.0
19.7249,-40.0,162.0
19.7299,-243.0,164.0
19.7349,-64.0,164.0
19.7399,102.0,166.0
19.745,115.0,168.0
19.7499,75.0,168.0
19.7549,-110.0,170.0
19.7599,-138.0,170.0
19.7648,117.0,170.0
19.7699,52.0,168.0
19.776,-162.0,168.0
19.78,82.0,166.0
19.7849,193.0,164.0
19.7898,-165.0,164.0
19.7951,-157.0,162.0
19.7999,190.0,166.0
19.8053,85.0,162.0
19.81,-194.0,166.0
19.815,-42.0,164.0
19.8199,178.0,166.0
19.8249,44.0,164.0
19.83,-106.0,166.0
19.8349,-52.0,164.0
19.84,-20.0,164.0
19.845,28.0,160.0
19.85,142.0,162.0
19.8553,2.0,160.0
19.8601,-222.0,162.0
19.8651,-6.0,160.0
19.8698,263.0,164.0
19.8748,-4.0,164.0
19.8798,-256.0,168.0
19.8848,13.0,166.0
19.89,187.0,170.0
19.895,-26.0,170.0
19.8999,-86.0,170.0
19.9048,42.0,170.0
19.9098,-3.0,170.0
19.9149,-52.0,170.0
19.9201,76.0,172.0
19.9251,59.0,170.0
19.9302,-130.0,172.0
19.9352,-68.0,170.0
19.9399,144.0,170.0
19.945,63.0,170.0
19.9502,-121.0,168.0
19.9549,-42.0,168.0
19.9599,93.0,168.0
19.9649,44.0,166.0
19.97,-71.0,168.0
19.975,-86.0,168.0
19.9798,53.0,168.0
19.985,129.0,170.0
19.99,-42.0,170.0
19.9949,-131.0,170.0
19.9999,46.0,170.0
20.005,88.0,172.0
20.0101,-56.0,172.0
20.0151,-31.0,172.0
20.0198,58.0,172.0
20.0248,-6.0,170.0
20.0298,-53.0,170.0
20.0348,16.0,166.0
20.0401,57.0,168.0
20.045,0.0,164.0
20.0499,-69.0,164.0
20.0549,-36.0,162.0
20.06,71.0,162.0
20.0651,73.0,162.0
20.0701,-57.0,164.0
20.0749,-93.0,164.0
20.0798,37.0,164.0
20.0849,86.0,164.0
20.0899,-15.0,164.0
20.095,-54.0,164.0
20.0999,-3.0,164.0
20.1048,25.0,162.0
20.1098,19.0,160.0
20.1151,-27.0,158.0
20.1203,-28.0,158.0
20.1249,54.0,156.0
20.13,23.0,156.0
20.1349,-77.0,154.0
20.14,-4.0,152.0
20.145,91.0,152.0
20.1498,-13.0,152.0
20.1549,-101.0,152.0
20.1599,25.0,152.0
20.165,111.0,152.0
20.1699,-32.0,152.0
20.1749,-131.0,152.0
20.1798,30.0,152.0
20.1851,164.0,154.0
20.1901,-11.0,152.0
20.1949,-194.0,156.0
20.2001,-32.0,156.0
20.2051,179.0,158.0
20.21,69.0,156.0
20.2149,-110.0,156.0
20.2199,-38.0,156.0
20.2248,60.0,156.0
20.2298,-51.0,156.0
20.2349,-100.0,156.0
20.2401,92.0,156.0
20.245,179.0,160.0
20.2499,-22.0,158.0
20.2551,-188.0,162.0
20.2601,-81.0,162.0
20.2649,124.0,164.0
20.2699,122.0,164.0
20.2749,-85.0,166.0
20.2799,-115.0,166.0
20.2849,108.0,168.0
20.2899,114.0,168.0
20.2949,-132.0,170.0
20.2999,-100.0,170.0
20.3049,119.0,170.0
20.3098,31.0,170.0
20.3148,-110.0,170.0
20.3202,70.0,170.0
20.3249,141.0,170.0
20.33,-136.0,170.0
20.3349,-180.0,170.0
20.3399,132.0,170.0
20.3451,198.0,174.0
20.3501,-72.0,174.0
20.3549,-194.0,176.0
20.3599,-14.0,172.0
20.3649,150.0,174.0
20.3699,84.0,172.0
20.375,-57.0,172.0
20.38,-88.0,170.0
20.3848,-34.0,170.0
20.3898,38.0,170.0
20.3948,73.0,168.0
20.4,10.0,166.0
20.4053,-58.0,166.0
20.41,-25.0,166.0
20.4149,23.0,162.0
20.4199,17.0,162.0
20.4249,1.0,158.0
20.4298,-7.0,156.0
20.435,-17.0,154.0
20.44,-6.0,152.0
20.4449,33.0,150.0
20.45,32.0,148.0
20.455,-40.0,148.0
20.46,-47.0,146.0
20.4649,18.0,146.0
20.4699,16.0,144.0
20.4749,27.0,144.0
20.4804,57.0,144.0
20.4852,-64.0,144.0
20.4898,-121.0,144.0
20.4949,52.0,146.0
20.4999,117.0,144.0
20.505,6.0,144.0
20.51,-45.0,140.0
20.5149,-80.0,142.0
20.52,-46.0,138.0
20.5248,157.0,140.0
20.5299,122.0,140.0
20.5349,-242.0,142.0
20.54,-182.0,144.0
20.545,292.0,148.0
20.55,198.0,152.0
20.5548,-251.0,154.0
20.5598,-118.0,156.0
20.5649,149.0,156.0
20.57,-32.0,154.0
20.5749,-66.0,154.0
20.5802,163.0,156.0
20.585,35.0,154.0
20.5902,-211.0,156.0
20.5948,-45.0,156.0
20.6001,169.0,158.0
20.605,81.0,158.0
20.6101,-68.0,158.0
20.6148,-110.0,158.0
20.6199,-26.0,158.0
20.6251,107.0,158.0
20.6299,61.0,158.0
20.635,-76.0,158.0
20.6399,-36.0,156.0
20.6449,42.0,156.0
20.6498,-11.0,156.0
20.655,-14.0,156.0
20.6598,57.0,156.0
20.6649,7.0,156.0
20.67,-89.0,156.0
20.6748,-43.0,156.0
20.6798,86.0,156.0
20.685,116.0,158.0
20.6899,-23.0,158.0
20.6948,-177.0,160.0
20.6998,-89.0,160.0
20.7048,167.0,162.0
20.7098,197.0,164.0
20.7149,-86.0,164.0
20.7201,-245.0,166.0
20.7248,-3.0,166.0
20.7299,204.0,168.0
20.735,38.0,168.0
20.7398,-73.0,170.0
20.745,10.0,170.0
20.75,-112.0,170.0
20.7549,-112.0,172.0
20.7598,299.0,176.0
20.7648,195.0,178.0
20.7699,-439.0,184.0
20.7751,-216.0,188.0
20.7799,474.0,194.0
20.785,172.0,196.0
20.7899,-388.0,202.0
20.7948,-73.0,202.0
20.8,250.0,204.0
20.8051,-35.0,204.0
20.8099,-152.0,206.0
20.8148,81.0,204.0
20.8198,105.0,206.0
20.8248,-39.0,204.0
20.83,-66.0,204.0
20.835,-26.0,202.0
20.8399,36.0,202.0
20.8449,54.0,200.0
20.8498,-53.0,200.0
20.8548,-35.0,198.0
20.8599,112.0,200.0
20.8649,-27.0,200.0
20.8698,-182.0,202.0
20.8748,89.0,202.0
20.88,228.0,204.0
20.8848,-62.0,202.0
20.89,-199.0,204.0
20.8949,-50.0,202.0
20.8998,75.0,202.0
20.9048,123.0,202.0
20.9098,65.0,202.0
20.915,-80.0,202.0
20.9201,-126.0,202.0
20.9249,-5.0,200.0
20.93,112.0,200.0
20.9348,58.0,198.0
20.9401,-113.0,198.0
20.9449,-97.0,198.0
20.9501,147.0,200.0
20.9549,152.0,200.0
20.9599,-140.0,202.0
20.9649,-177.0,202.0
20.9699,58.0,202.0
20.975,115.0,200.0
20.98,45.0,198.0
20.9849,9.0,196.0
20.9899,-109.0,196.0
20.9948,-122.0,196.0
20.9998,122.0,198.0
21.0051,173.0,198.0
21.01,-102.0,198.0
21.0148,-160.0,200.0
21.0198,60.0,198.0
21.0248,95.0,200.0
21.0301,-20.0,200.0
21.035,-6.0,198.0
21.0399,18.0,198.0
21.0449,-55.0,198.0
21.0498,-56.0,200.0
21.0549,50.0,200.0
21.0599,82.0,200.0
21.0649,-3.0,200.0
21.0698,-39.0,202.0
21.0748,-21.0,202.0
21.0798,-74.0,202.0
21.0849,-14.0,202.0
21.0898,179.0,204.0
21.0949,79.0,204.0
21.0998,-200.0,208.0
21.1048,-107.0,208.0
21.1098,142.0,210.0
21.1149,85.0,212.0
21.1199,-56.0,212.0
21.1249,-49.0,212.0
21.1299,-23.0,210.0
21.1351,24.0,210.0
21.1398,76.0,208.0
21.145,-9.0,208.0
21.15,-89.0,210.0
21.1548,11.0,208.0
21.1598,91.0,208.0
21.1648,-20.0,206.0
21.1701,-124.0,206.0
21.1753,-2.0,204.0
21.18,171.0,202.0
21.1848,62.0,200.0
21.1899,-178.0,198.0
21.1949,-110.0,196.0
21.2003,129.0,196.0
21.2051,102.0,196.0
21.21,-67.0,196.0
21.2148,-45.0,196.0
21.2198,47.0,194.0
21.2248,-16.0,194.0
21.2299,-76.0,192.0
21.2348,44.0,192.0
21.2399,99.0,192.0
21.2449,-46.0,190.0
21.2498,-77.0,190.0
21.255,61.0,190.0
21.2601,35.0,190.0
21.265,-102.0,190.0
21.2699,-4.0,190.0
21.2748,156.0,190.0
21.2798,-2.0,190.0
21.2849,-219.0,192.0
21.2907,-41.0,194.0
21.2949,259.0,196.0
21.3001,128.0,198.0
21.3049,-231.0,202.0
21.3099,-176.0,202.0
21.3149,172.0,204.0
21.3199,141.0,206.0
21.3249,-185.0,206.0
21.3299,-106.0,208.0
21.3349,267.0,210.0
21.3399,153.0,210.0
21.3449,-291.0,212.0
21.3498,-207.0,212.0
21.355,212.0,214.0
21.3599,149.0,214.0
21.3651,-140.0,216.0
21.3699,-24.0,212.0
21.3749,162.0,214.0
21.3798,-17.0,214.0
21.3849,-197.0,216.0
21.3898,-51.0,216.0
21.3948,145.0,216.0
21.4002,109.0,212.0
21.4057,-46.0,210.0
21.4099,-70.0,204.0
21.4149,24.0,202.0
21.4199,3.0,194.0
21.4249,-95.0,194.0
21.4311,0.0,188.0
21.4349,148.0,188.0
21.4398,21.0,184.0
21.4448,-120.0,186.0
21.4498,31.0,184.0
21.4548,80.0,184.0
21.4601,-121.0,184.0
21.4648,-84.0,186.0
21.4698,139.0,186.0
21.4749,72.0,188.0
21.4799,-113.0,188.0
21.4848,-11.0,188.0
21.49,141.0,188.0
21.4948,-12.0,188.0
21.5013,-199.0,190.0
21.5048,-71.0,190.0
21.5098,172.0,190.0
21.5148,214.0,192.0
21.52,-24.0,190.0
21.5249,-297.0,192.0
21.5298,-150.0,192.0
21.5349,241.0,196.0
21.5399,215.0,198.0
21.5451,-101.0,198.0
21.5498,-131.0,198.0
21.5548,3.0,196.0
21.5599,2.0,194.0
21.5648,23.0,196.0
21.5699,52.0,194.0
21.5748,-62.0,194.0
21.58,-27.0,192.0
21.5849,139.0,194.0
21.5898,-6.0,192.0
21.5949,-173.0,192.0
21.5998,21.0,190.0
21.6056,122.0,190.0
21.6099,-41.0,188.0
21.6149,-44.0,188.0
21.6199,64.0,188.0
21.6248,6.0,188.0
21.6299,-63.0,188.0
21.6348,0.0,186.0
21.6399,26.0,184.0
21.6449,-30.0,182.0
21.6498,9.0,180.0
21.6549,108.0,180.0
21.6598,2.0,178.0
21.665,-193.0,180.0
21.6699,-67.0,180.0
21.6748,236.0,184.0
21.6798,143.0,186.0
21.6848,-214.0,188.0
21.6898,-172.0,190.0
21.695,146.0,192.0
21.6999,130.0,192.0
21.7049,-92.0,194.0
21.7099,-57.0,194.0
21.7153,108.0,196.0
21.7208,37.0,196.0
21.725,-183.0,198.0
21.7298,-111.0,196.0
21.7348,222.0,198.0
21.7399,211.0,200.0
21.7449,-155.0,200.0
21.7499,-214.0,202.0
21.755,48.0,200.0
21.7598,95.0,202.0
21.7648,-14.0,200.0
21.7698,43.0,200.0
21.777,80.0,202.0
21.7801,-100.0,202.0
21.7851,-173.0,204.0
21.79,76.0,204.0
21.795,220.0,208.0
21.7998,-34.0,206.0
21.8056,-204.0,210.0
21.8098,23.0,208.0
21.8149,166.0,210.0
21.8199,-31.0,208.0
21.8249,-144.0,210.0
21.8298,11.0,208.0
21.8351,126.0,208.0
21.84,45.0,206.0
21.845,-80.0,206.0
21.8502,-87.0,206.0
21.8549,11.0,206.0
21.8599,65.0,206.0
21.8648,26.0,206.0
21.8699,-10.0,204.0
21.8748,-5.0,204.0
21.8799,-5.0,202.0
21.8849,-29.0,202.0
21.8898,-31.0,202.0
21.8949,17.0,202.0
21.9,77.0,202.0
21.905,36.0,200.0
21.91,-94.0,202.0
21.915,-76.0,200.0
21.9201,85.0,202.0
21.9249,68.0,200.0
21.93,-78.0,200.0
21.9349,-29.0,196.0
21.9398,93.0,196.0
21.9448,6.0,192.0
21.9498,-123.0,192.0
21.955,-21.0,190.0
21.9599,160.0,190.0
21.9649,62.0,188.0
21.9699,-208.0,190.0
21.9749,-111.0,188.0
21.9799,255.0,188.0
21.9849,156.0,186.0
21.99,-262.0,188.0
21.9952,-165.0,186.0
22.0002,205.0,188.0
22.0053,102.0,188.0
22.0101,-118.0,188.0
22.0149,9.0,186.0
22.0199,63.0,186.0
22.0249,-86.0,186.0
22.0303,-61.0,186.0
22.0349,58.0,184.0
22.0398,78.0,184.0
22.0449,45.0,184.0
22.0498,-82.0,184.0
22.0549,-145.0,186.0
22.0598,90.0,186.0
22.0649,210.0,188.0
22.0699,-105.0,190.0
22.0749,-244.0,192.0
22.0798,100.0,194.0
22.0848,210.0,194.0
22.0902,-95.0,196.0
22.095,-83.0,196.0
22.0999,143.0,196.0
22.1048,-64.0,196.0
22.1098,-231.0,196.0
22.115,124.0,198.0
22.1203,279.0,200.0
22.125,-76.0,202.0
22.13,-238.0,202.0
22.1348,10.0,202.0
22.1399,126.0,202.0
22.145,-14.0,200.0
22.1501,-11.0,198.0
22.155,90.0,196.0
22.1599,-41.0,196.0
22.1649,-177.0,194.0
22.1699,28.0,192.0
22.1748,212.0,192.0
22.18,5.0,190.0
22.185,-177.0,190.0
22.1899,-26.0,188.0
22.1949,105.0,190.0
22.1999,47.0,190.0
22.2052,-38.0,192.0
22.2099,-89.0,192.0
22.2149,2.0,190.0
22.2199,134.0,192.0
22.2249,5.0,190.0
22.23,-156.0,192.0
22.235,-6.0,190.0
22.2401,143.0,192.0
22.2449,13.0,190.0
22.2499,-95.0,192.0
22.255,-13.0,190.0
22.2599,35.0,190.0
22.2651,-15.0,190.0
22.2699,9.0,190.0
22.2749,58.0,190.0
22.2798,-25.0,190.0
22.2849,-79.0,192.0
22.29,10.0,192.0
22.295,71.0,190.0
22.2999,33.0,192.0
22.305,-43.0,188.0
22.3099,-88.0,190.0
22.3148,3.0,186.0
22.3201,110.0,184.0
22.325,29.0,182.0
22.3299,-64.0,180.0
22.3349,-23.0,178.0
22.3398,-16.0,176.0
22.3448,-22.0,176.0
22.3499,48.0,176.0
22.3549,59.0,174.0
22.3598,-5.0,174.0
22.3649,-47.0,172.0
22.37,-58.0,172.0
22.3749,13.0,168.0
22.38,95.0,166.0
22.3848,-6.0,164.0
22.3899,-102.0,162.0
22.3948,35.0,162.0
22.4,99.0,162.0
22.4053,-68.0,162.0
22.4099,-71.0,164.0
22.4149,86.0,164.0
22.4198,-2.0,162.0
22.4249,-97.0,160.0
22.4299,96.0,160.0
22.435,102.0,160.0
22.4399,-161.0,162.0
22.4452,-84.0,160.0
22.4498,188.0,162.0
22.4548,47.0,160.0
22.4599,-196.0,162.0
22.465,-25.0,160.0
22.47,168.0,164.0
22.4748,29.0,162.0
22.4798,-79.0,162.0
22.4848,-26.0,162.0
22.4899,-33.0,160.0
22.4949,-20.0,160.0
22.5,82.0,160.0
22.5048,82.0,162.0
22.5098,-40.0,162.0
22.5149,-102.0,164.0
22.5204,-17.0,164.0
22.5248,70.0,164.0
22.5298,4.0,164.0
22.5349,-37.0,164.0
22.5399,69.0,164.0
22.5456,52.0,164.0
22.55,-120.0,164.0
22.555,-92.0,166.0
22.5599,107.0,166.0
22.5648,104.0,166.0
22.5698,-66.0,166.0
22.5748,-92.0,166.0
22.5799,30.0,166.0
22.5849,86.0,168.0
22.5898,-1.0,166.0
22.5948,-74.0,166.0
22.6002,-19.0,164.0
22.605,23.0,164.0
22.6098,14.0,160.0
22.6148,60.0,160.0
22.6199,22.0,156.0
22.6249,-131.0,156.0
22.6299,-75.0,152.0
22.6349,148.0,152.0
22.6399,109.0,150.0
22.645,-125.0,152.0
22.6501,-98.0,150.0
22.6549,107.0,152.0
22.66,60.0,152.0
22.6651,-110.0,152.0
22.6698,-28.0,152.0
22.6748,105.0,152.0
22.6798,16.0,152.0
22.6848,-63.0,152.0
22.6901,-9.0,150.0
22.6949,2.0,148.0
22.6998,-1.0,148.0
22.705,39.0,144.0
22.7098,0.0,144.0
22.7148,-58.0,140.0
22.7201,12.0,138.0
22.7248,76.0,136.0
22.7298,-4.0,136.0
22.7348,-86.0,136.0
22.7399,-35.0,134.0
22.7449,67.0,134.0
22.75,67.0,132.0
22.7549,-21.0,130.0
22.7599,-58.0,126.0
22.7648,-36.0,126.0
22.7698,16.0,122.0
22.7751,82.0,124.0
22.7799,21.0,122.0
22.7848,-95.0,122.0
22.7899,-30.0,122.0
22.7948,95.0,124.0
22.8,17.0,122.0
22.8054,-132.0,122.0
22.8099,-28.0,122.0
22.8148,180.0,122.0
22.8198,76.0,122.0
22.8249,-95.0,122.0
22.8298,-45.0,122.0
22.8352,-142.0,122.0
22.8401,-168.0,124.0
22.8449,274.0,128.0
22.8501,403.0,132.0
22.8556,-94.0,134.0
22.86,-365.0,138.0
22.8649,-184.0,140.0
22.8699,47.0,138.0
22.875,231.0,142.0
22.8802,235.0,144.0
22.885,-47.0,144.0
22.89,-253.0,146.0
22.896,-97.0,148.0
22.902,100.0,150.0
22.9049,58.0,150.0
22.9099,-11.0,150.0
22.9151,47.0,150.0
22.9203,72.0,150.0
22.925,-49.0,150.0
22.93,-165.0,152.0
22.9352,-54.0,152.0
22.9399,150.0,154.0
22.9448,125.0,156.0
22.9499,-40.0,154.0
22.955,-84.0,156.0
22.9599,-51.0,154.0
22.9649,-16.0,154.0
22.9699,70.0,154.0
22.9749,96.0,156.0
22.98,-27.0,156.0
22.9851,-103.0,158.0
22.99,-30.0,156.0
22.9948,29.0,156.0
22.9998,28.0,156.0
23.005,66.0,158.0
23.0099,63.0,158.0
23.0151,-104.0,158.0
23.0198,-173.0,160.0
23.0248,73.0,160.0
23.0299,212.0,162.0
23.0351,-34.0,162.0
23.04,-166.0,164.0
23.0449,38.0,164.0
23.05,85.0,164.0
23.0548,-55.0,162.0
23.06,-18.0,164.0
23.0649,23.0,162.0
23.07,-22.0,160.0
23.0749,63.0,160.0
23.0798,60.0,158.0
23.0849,-144.0,160.0
23.09,-98.0,158.0
23.095,163.0,160.0
23.1,101.0,158.0
23.1049,-102.0,160.0
23.1098,-42.0,158.0
23.1149,3.0,158.0
23.12,-57.0,158.0
23.1249,41.0,158.0
23.13,142.0,158.0
23.1349,36.0,160.0
23.1399,-153.0,160.0
23.1449,-205.0,162.0
23.1498,69.0,162.0
23.155,339.0,166.0
23.1599,46.0,166.0
23.1649,-332.0,170.0
23.1698,-79.0,172.0
23.1749,211.0,174.0
23.1799,-6.0,174.0
23.185,-44.0,174.0
23.1899,126.0,174.0
23.195,-161.0,174.0
23.1999,-210.0,176.0
23.2049,354.0,180.0
23.21,248.0,184.0
23.2149,-407.0,188.0
23.2199,-208.0,190.0
23.2248,290.0,194.0
23.2298,61.0,196.0
23.2351,-137.0,196.0
23.2399,116.0,198.0
23.245,89.0,198.0
23.2501,-187.0,202.0
23.2549,-126.0,202.0
23.2599,107.0,204.0
23.265,101.0,204.0
23.27,-18.0,202.0
23.2748,25.0,200.0
23.28,87.0,200.0
23.2848,-92.0,200.0
23.2901,-262.0,202.0
23.2949,-27.0,200.0
23.2999,321.0,204.0
23.3048,207.0,206.0
23.3098,-184.0,208.0
23.3149,-239.0,210.0
23.32,9.0,210.0
23.3249,103.0,212.0
23.33,31.0,212.0
23.3348,55.0,212.0
23.3398,59.0,214.0
23.3449,-135.0,216.0
23.3499,-166.0,218.0
23.3549,150.0,220.0
23.36,219.0,222.0
23.3649,-151.0,224.0
23.3699,-240.0,228.0
23.3748,137.0,228.0
23.3801,253.0,232.0
23.385,-74.0,232.0
23.3898,-212.0,234.0
23.3949,-13.0,234.0
23.4,110.0,234.0
23.4052,44.0,234.0
23.4098,-51.0,236.0
23.4149,-2.0,234.0
23.4198,88.0,234.0
23.4249,-64.0,234.0
23.43,-156.0,236.0
23.4351,142.0,238.0
23.44,195.0,240.0
23.445,-223.0,242.0
23.4501,-196.0,244.0
23.4551,263.0,246.0
23.46,160.0,246.0
23.4648,-238.0,248.0
23.4699,-105.0,250.0
23.4748,156.0,250.0
23.4798,54.0,248.0
23.4849,-35.0,244.0
23.4899,-8.0,238.0
23.495,-83.0,238.0
23.4999,-19.0,232.0
23.5048,149.0,232.0
23.5098,3.0,232.0
23.5149,-160.0,230.0
23.5202,37.0,228.0
23.5248,151.0,228.0
23.53,-44.0,226.0
23.5348,-124.0,226.0
23.5398,4.0,224.0
23.5449,48.0,224.0
23.55,15.0,224.0
23.5549,60.0,224.0
23.5598,45.0,224.0
23.5649,-104.0,226.0
23.5699,-140.0,224.0
23.575,23.0,224.0
23.58,151.0,224.0
23.585,111.0,224.0
23.59,-33.0,224.0
23.5948,-183.0,226.0
23.5999,-121.0,226.0
23.6051,166.0,228.0
23.61,190.0,230.0
23.6148,-122.0,232.0
23.6199,-141.0,232.0
23.6249,106.0,232.0
23.6299,38.0,234.0
23.6349,-123.0,234.0
23.6399,37.0,234.0
23.6451,158.0,236.0
23.6511,-36.0,236.0
23.6549,-174.0,236.0
23.6598,-47.0,234.0
23.6648,113.0,236.0
23.6704,166.0,234.0
23.6749,52.0,236.0
23.6798,-233.0,236.0
23.6848,-257.0,240.0
23.69,196.0,242.0
23.6949,373.0,246.0
23.6999,-106.0,248.0
23.7049,-332.0,252.0
23.7098,65.0,254.0
23.7148,201.0,256.0
23.7201,-98.0,256.0
23.7249,-109.0,256.0
23.73,131.0,256.0
23.7348,108.0,254.0
23.7399,-82.0,254.0
23.7449,-138.0,256.0
23.7499,-40.0,256.0
23.7549,125.0,258.0
23.7598,148.0,258.0
23.7648,-69.0,258.0
23.7698,-173.0,260.0
23.778,27.0,260.0
23.7798,123.0,258.0
23.785,-40.0,256.0
23.79,-68.0,256.0
23.795,86.0,252.0
23.8,76.0,252.0
23.8049,-90.0,248.0
23.8099,-115.0,250.0
23.8148,21.0,246.0
23.8198,92.0,248.0
23.8248,49.0,248.0
23.8298,6.0,246.0
23.8349,-42.0,244.0
23.8399,-81.0,242.0
23.8448,-19.0,238.0
23.8501,56.0,234.0
23.8548,45.0,228.0
23.8598,10.0,226.0
23.865,-11.0,220.0
23.8699,-24.0,220.0
23.875,-20.0,218.0
23.8799,-9.0,216.0
23.8848,0.0,216.0
23.8898,22.0,212.0
23.8949,51.0,212.0
23.8998,0.0,210.0
23.9048,-85.0,210.0
23.9098,-28.0,210.0
23.9148,81.0,210.0
23.9202,43.0,210.0
23.9249,-51.0,210.0
23.93,-53.0,206.0
23.9348,8.0,206.0
23.9398,51.0,202.0
23.9448,26.0,198.0
23.9499,-18.0,196.0
23.955,-17.0,192.0
23.9598,-20.0,192.0
23.9648,-42.0,192.0
23.9698,4.0,192.0
23.9748,90.0,192.0
23.9799,72.0,192.0
23.9849,-78.0,192.0
23.9899,-150.0,192.0
23.9961,26.0,190.0
23.9998,182.0,188.0
24.0052,30.0,186.0
24.0099,-158.0,186.0
24.0149,-83.0,184.0
24.0198,86.0,182.0
24.0249,115.0,182.0
24.0299,-1.0,180.0
24.0349,-110.0,180.0
24.0399,-53.0,180.0
24.0449,94.0,180.0
24.0498,65.0,182.0
24.0549,-114.0,182.0
24.0599,-78.0,182.0
24.065,146.0,184.0
24.0699,132.0,184.0
24.0749,-108.0,182.0
24.0799,-189.0,182.0
24.0848,-26.0,180.0
24.09,170.0,180.0
24.095,169.0,178.0
24.0999,-63.0,176.0
24.1048,-195.0,176.0
24.1098,-39.0,174.0
24.1147,84.0,174.0
24.12,41.0,174.0
24.1249,60.0,174.0
24.1299,36.0,174.0
24.1348,-136.0,176.0
24.1398,-87.0,176.0
24.1449,134.0,176.0
24.1504,50.0,176.0
24.1549,-105.0,176.0
24.1599,42.0,176.0
24.1649,86.0,174.0
24.1699,-121.0,176.0
24.1749,-75.0,176.0
24.1801,151.0,178.0
24.185,54.0,178.0
24.1899,-140.0,180.0
24.1949,-21.0,178.0
24.1998,109.0,180.0
24.2053,-7.0,178.0
24.21,-64.0,178.0
24.2149,18.0,178.0
24.2198,2.0,174.0
24.2248,-33.0,174.0
24.23,58.0,174.0
24.235,98.0,172.0
24.2401,-59.0,172.0
24.2451,-200.0,172.0
24.2498,-24.0,170.0
24.2548,255.0,172.0
24.2598,129.0,172.0
24.2649,-213.0,174.0
24.2699,-157.0,176.0
24.2748,134.0,176.0
24.2799,97.0,176.0
24.285,-104.0,176.0
24.2898,-25.0,176.0
24.2954,132.0,174.0
24.2998,8.0,174.0
24.3048,-163.0,174.0
24.31,-46.0,172.0
24.315,154.0,174.0
24.3206,88.0,172.0
24.325,-118.0,170.0
24.3305,-95.0,168.0
24.3348,92.0,164.0
24.34,81.0,164.0
24.3451,-81.0,160.0
24.3506,-76.0,160.0
24.3561,72.0,158.0
24.3598,66.0,158.0
24.365,-78.0,156.0
24.3702,-23.0,156.0
24.3754,124.0,156.0
24.3804,-25.0,154.0
24.3855,-181.0,156.0
24.3898,46.0,156.0
24.3949,190.0,156.0
24.4001,-64.0,156.0
24.4059,-152.0,156.0
24.41,106.0,156.0
24.4149,125.0,156.0
24.4203,-125.0,156.0
24.425,-121.0,158.0
24.4301,77.0,158.0
24.4356,97.0,158.0
24.4404,-3.0,158.0
24.4455,-58.0,156.0
24.45,-36.0,156.0
24.4551,64.0,156.0
24.46,57.0,156.0
24.4654,-116.0,156.0
24.4698,-98.0,158.0
24.475,133.0,160.0
24.48,136.0,160.0
24.485,-78.0,162.0
24.4899,-122.0,162.0
24.4948,6.0,162.0
24.4998,75.0,162.0
24.5049,29.0,164.0
24.51,-58.0,164.0
24.5151,-45.0,164.0
24.5204,90.0,166.0
24.5249,63.0,166.0
24.5304,-128.0,168.0
24.5353,-66.0,168.0
24.54,132.0,170.0
24.5452,37.0,170.0
24.5504,-101.0,170.0
24.5548,5.0,170.0
24.5598,47.0,170.0
24.565,-31.0,170.0
24.57,21.0,168.0
24.5751,44.0,170.0
24.5798,-92.0,170.0
24.5849,-72.0,170.0
24.5899,126.0,172.0
24.595,108.0,174.0
24.6,-83.0,174.0
24.6057,-103.0,176.0
24.6097,1.0,176.0
24.6148,48.0,174.0
24.62,34.0,174.0
24.6249,-12.0,174.0
24.6301,-1.0,170.0
24.6351,36.0,172.0
24.6406,-45.0,168.0
24.6453,-75.0,170.0
24.65,73.0,168.0
24.655,67.0,168.0
24.6603,-103.0,168.0
24.6654,-26.0,166.0
24.6698,128.0,168.0
24.675,10.0,168.0
24.68,-106.0,168.0
24.6849,-24.0,168.0
24.6902,43.0,166.0
24.6953,30.0,166.0
24.6999,-7.0,164.0
24.7049,-28.0,162.0
24.7101,32.0,160.0
24.7151,41.0,160.0
24.7205,-81.0,158.0
24.7248,-59.0,158.0
24.7302,114.0,158.0
24.735,61.0,156.0
24.7401,-127.0,158.0
24.745,-41.0,154.0
24.7504,129.0,156.0
24.755,25.0,156.0
24.76,-127.0,156.0
24.7651,-53.0,156.0
24.7702,124.0,158.0
24.7752,124.0,158.0
24.7798,-115.0,158.0
24.7855,-171.0,158.0
24.7904,100.0,160.0
24.7954,136.0,160.0
24.7998,-91.0,160.0
24.8065,-28.0,160.0
24.8098,106.0,160.0
24.8154,-84.0,160.0
24.82,-140.0,160.0
24.8248,129.0,160.0
24.8303,149.0,160.0
24.8352,-99.0,162.0
24.8404,-94.0,162.0
24.8453,43.0,162.0
24.85,-3.0,162.0
24.8547,-3.0,162.0
24.8601,85.0,162.0
24.8653,-18.0,162.0
24.8698,-120.0,164.0
24.8749,28.0,162.0
24.8801,114.0,164.0
24.8851,-25.0,160.0
24.8903,-68.0,160.0
24.8948,15.0,158.0
24.9003,-15.0,156.0
24.905,-10.0,152.0
24.91,99.0,152.0
24.9148,14.0,150.0
24.9205,-127.0,150.0
24.9248,-14.0,148.0
24.9309,92.0,150.0
24.9349,0.0,148.0
24.94,-39.0,148.0
24.9451,20.0,146.0
24.9502,4.0,146.0
24.9547,-39.0,144.0
24.9601,5.0,142.0
24.965,61.0,142.0
24.9701,13.0,140.0
24.9752,-78.0,140.0
24.98,-65.0,140.0
24.9855,49.0,138.0
24.9899,118.0,140.0
24.995,43.0,140.0
25.0001,-111.0,140.0
25.0055,-135.0,140.0
25.0099,42.0,142.0
25.0148,154.0,142.0
25.0198,31.0,142.0
25.025,-106.0,140.0
25.03,-59.0,140.0
25.0356,57.0,138.0
25.0403,39.0,138.0
25.0456,-53.0,136.0
25.0501,-18.0,136.0
25.055,93.0,134.0
25.0601,39.0,134.0
25.0656,-140.0,134.0
25.0698,-102.0,134.0
25.0749,152.0,134.0
25.08,169.0,138.0
25.0852,-130.0,138.0
25.0901,-197.0,142.0
25.0955,109.0,142.0
25.0998,185.0,144.0
25.1049,-103.0,144.0
25.1098,-157.0,144.0
25.115,91.0,144.0
25.12,126.0,144.0
25.1249,-57.0,144.0
25.1303,-90.0,142.0
25.1353,8.0,142.0
25.14,41.0,142.0
25.1448,38.0,142.0
25.1506,17.0,142.0
25.1548,-72.0,142.0
25.1598,-75.0,142.0
25.165,88.0,142.0
25.1699,126.0,142.0
25.1749,-68.0,142.0
25.1803,-165.0,144.0
25.1855,0.0,142.0
25.1898,150.0,144.0
25.195,80.0,144.0
25.1998,-47.0,144.0
25.2055,-109.0,146.0
25.2098,-96.0,146.0
25.2149,82.0,148.0
25.2198,191.0,148.0
25.225,-63.0,148.0
25.2301,-215.0,150.0
25.2361,86.0,150.0
25.2403,206.0,152.0
25.2453,-114.0,152.0
25.25,-183.0,154.0
25.255,103.0,156.0
25.2601,139.0,158.0
25.2653,-66.0,158.0
25.2699,-75.0,160.0
25.2747,41.0,160.0
25.2801,12.0,158.0
25.285,-50.0,158.0
25.29,18.0,158.0
25.2947,91.0,158.0
25.3002,5.0,156.0
25.3053,-132.0,158.0
25.3099,-70.0,158.0
25.3149,132.0,160.0
25.32,111.0,160.0
25.3249,-90.0,160.0
25.3299,-62.0,160.0
25.3348,63.0,160.0
25.3399,-61.0,162.0
25.345,-109.0,164.0
25.3499,149.0,164.0
25.3551,192.0,168.0
25.3598,-104.0,168.0
25.3649,-203.0,170.0
25.3698,-29.0,168.0
25.375,96.0,170.0
25.38,114.0,168.0
25.385,42.0,168.0
25.39,-91.0,168.0
25.3948,-98.0,170.0
25.3998,43.0,168.0
25.4049,66.0,168.0
25.4099,-71.0,168.0
25.4149,-40.0,166.0
25.4198,145.0,166.0
25.4249,75.0,166.0
25.4299,-165.0,166.0
25.4349,-111.0,166.0
25.44,109.0,166.0
25.4449,74.0,166.0
25.4499,-42.0,166.0
25.4559,18.0,164.0
25.4598,0.0,162.0
25.4648,-103.0,162.0
25.4698,33.0,160.0
25.4749,156.0,162.0
25.48,-50.0,160.0
25.485,-166.0,162.0
25.4897,21.0,162.0
25.495,94.0,164.0
25.4998,29.0,164.0
25.5048,45.0,164.0
25.5098,-34.0,162.0
25.515,-130.0,164.0
25.52,6.0,162.0
25.5249,76.0,164.0
25.5299,-33.0,162.0
25.5348,31.0,162.0
25.5398,124.0,164.0
25.545,-60.0,166.0
25.55,-177.0,166.0
25.5548,9.0,166.0
25.5598,133.0,166.0
25.5648,23.0,166.0
25.5698,-47.0,166.0
25.5748,10.0,166.0
25.5798,-4.0,166.0
25.5849,-76.0,166.0
25.5899,18.0,166.0
25.5948,128.0,168.0
25.5998,-9.0,168.0
25.6053,-143.0,170.0
25.6107,-21.0,170.0
25.6151,90.0,170.0
25.6198,45.0,170.0
25.625,43.0,170.0
25.6299,1.0,168.0
25.6352,-183.0,170.0
25.6398,-103.0,170.0
25.6448,223.0,170.0
25.6501,163.0,172.0
25.6549,-156.0,172.0
25.66,-120.0,174.0
25.6647,67.0,174.0
25.6698,19.0,174.0
25.6749,-27.0,172.0
25.6798,66.0,172.0
25.6847,32.0,172.0
25.6898,-107.0,174.0
25.6949,-40.0,174.0
25.6998,115.0,174.0
25.7048,23.0,172.0
25.7098,-98.0,172.0
25.7148,6.0,170.0
25.72,59.0,168.0
25.7249,-24.0,166.0
25.7299,-12.0,164.0
25.7348,18.0,162.0
25.74,-29.0,160.0
25.7448,11.0,158.0
25.7499,74.0,158.0
25.755,-41.0,156.0
25.7599,-137.0,156.0
25.765,26.0,156.0
25.7698,184.0,158.0
25.7791,35.0,158.0
25.7802,-159.0,160.0
25.785,-83.0,160.0
25.7897,78.0,162.0
25.7948,66.0,162.0
25.7999,-21.0,160.0
25.805,1.0,160.0
25.8099,24.0,158.0
25.8148,-64.0,158.0
25.8198,-51.0,156.0
25.8248,89.0,158.0
25.8299,52.0,156.0
25.835,-82.0,156.0
25.84,-18.0,156.0
25.8448,65.0,154.0
25.8498,-34.0,154.0
25.8549,-67.0,154.0
25.86,92.0,152.0
25.8648,111.0,152.0
25.8699,-135.0,152.0
25.8748,-189.0,154.0
25.8798,125.0,152.0
25.8848,239.0,154.0
25.8899,-61.0,152.0
25.8949,-211.0,154.0
25.8998,-3.0,152.0
25.9048,132.0,152.0
25.9098,23.0,152.0
25.9148,-65.0,152.0
25.9199,-15.0,152.0
25.925,28.0,152.0
25.9299,12.0,152.0
25.9351,-6.0,150.0
25.9399,-22.0,150.0
25.9448,2.0,148.0
25.9498,44.0,148.0
25.955,-23.0,146.0
25.9599,-74.0,146.0
25.9649,66.0,146.0
25.9699,99.0,146.0
25.9751,-118.0,146.0
25.9799,-120.0,148.0
25.985,151.0,148.0
25.9898,135.0,148.0
25.9948,-136.0,148.0
25.9999,-119.0,148.0
26.005,81.0,146.0
26.0099,54.0,146.0
26.015,-32.0,146.0
26.0198,21.0,144.0
26.0249,27.0,144.0
26.0298,-46.0,142.0
26.0349,-45.0,142.0
26.0399,0.0,142.0
26.0449,45.0,140.0
26.0501,65.0,140.0
26.0549,-36.0,140.0
26.06,-105.0,140.0
26.0649,57.0,140.0
26.0699,121.0,140.0
26.0749,-119.0,140.0
26.0798,-151.0,140.0
26.0848,169.0,142.0
26.0901,203.0,144.0
26.0949,-156.0,146.0
26.0999,-251.0,150.0
26.1048,84.0,150.0
26.1098,252.0,154.0
26.1148,0.0,150.0
26.1201,-186.0,152.0
26.1249,-44.0,150.0
26.13,81.0,152.0
26.1348,31.0,150.0
26.1398,-8.0,150.0
26.145,7.0,150.0
26.1498,6.0,150.0
26.1548,-11.0,148.0
26.1599,-33.0,148.0
26.1648,-43.0,148.0
26.1697,11.0,148.0
26.1749,108.0,148.0
26.1798,68.0,148.0
26.1851,-111.0,148.0
26.19,-132.0,148.0
26.1949,44.0,148.0
26.1999,116.0,148.0
26.205,26.0,148.0
26.2099,-34.0,148.0
26.2149,-40.0,148.0
26.22,-52.0,148.0
26.2247,0.0,148.0
26.2298,111.0,150.0
26.235,48.0,148.0
26.24,-140.0,150.0
26.245,-71.0,148.0
26.2498,131.0,150.0
26.2549,52.0,150.0
26.26,-84.0,150.0
26.2649,7.0,150.0
26.2698,32.0,150.0
26.2749,-75.0,148.0
26.2798,-4.0,148.0
26.2848,114.0,146.0
26.2898,3.0,144.0
26.2949,-130.0,142.0
26.2998,-23.0,142.0
26.3048,146.0,142.0
26.3098,61.0,144.0
26.3148,-159.0,146.0
26.3203,-98.0,146.0
26.3249,143.0,148.0
26.3298,111.0,148.0
26.3349,-113.0,148.0
26.3401,-101.0,148.0
26.345,103.0,150.0
26.3498,89.0,150.0
26.3549,-106.0,150.0
26.3598,-79.0,152.0
26.3649,93.0,152.0
26.3698,51.0,152.0
26.3748,-65.0,154.0
26.3799,-7.0,154.0
26.3848,49.0,154.0
26.3898,-11.0,152.0
26.3948,-45.0,154.0
26.3998,-23.0,152.0
26.4049,18.0,152.0
26.4098,89.0,150.0
26.4148,59.0,150.0
26.4198,-128.0,150.0
26.4248,-162.0,150.0
26.43,102.0,152.0
26.4351,211.0,154.0
26.4399,-39.0,154.0
26.4448,-140.0,156.0
26.45,19.0,156.0
26.455,-18.0,156.0
26.4601,-87.0,156.0
26.465,141.0,156.0
26.47,192.0,158.0
26.4748,-136.0,160.0
26.4798,-236.0,162.0
26.4847,38.0,162.0
26.4899,182.0,164.0
26.495,47.0,164.0
26.4999,-81.0,164.0
26.5048,-41.0,164.0
26.5098,16.0,162.0
26.5148,-54.0,160.0
26.5202,-48.0,158.0
26.525,141.0,156.0
26.5301,163.0,158.0
26.5348,-108.0,156.0
26.5398,-237.0,160.0
26.5448,-19.0,158.0
26.5502,172.0,160.0
26.555,105.0,162.0
26.5599,-24.0,162.0
26.5648,-84.0,162.0
26.5698,-66.0,164.0
26.5748,18.0,164.0
26.58,49.0,164.0
26.585,0.0,164.0
26.5898,7.0,164.0
26.5948,41.0,164.0
26.5998,-17.0,162.0
26.6051,-79.0,162.0
26.61,-18.0,162.0
26.615,45.0,160.0
26.6199,26.0,158.0
26.6248,38.0,158.0
26.6299,36.0,156.0
26.635,-93.0,154.0
26.64,-122.0,154.0
26.645,87.0,156.0
26.6499,164.0,156.0
26.6552,-61.0,158.0
26.6601,-154.0,160.0
26.6648,52.0,160.0
26.6698,132.0,162.0
26.6749,-52.0,162.0
26.6799,-124.0,164.0
26.6848,42.0,164.0
26.6898,116.0,164.0
26.6949,-24.0,164.0
26.6998,-96.0,164.0
26.7048,19.0,162.0
26.7098,73.0,162.0
26.715,-37.0,160.0
26.72,-61.0,160.0
26.7249,64.0,158.0
26.7298,68.0,156.0
26.7348,-66.0,154.0
26.7398,-94.0,152.0
26.7448,16.0,150.0
26.7499,110.0,148.0
26.7548,62.0,150.0
26.7598,-87.0,148.0
26.7648,-96.0,148.0
26.7698,48.0,148.0
26.7749,46.0,148.0
26.7799,-48.0,150.0
26.7848,42.0,150.0
26.7899,108.0,152.0
26.7948,-80.0,152.0
26.7999,-176.0,154.0
26.805,30.0,154.0
26.81,172.0,156.0
26.8148,57.0,156.0
26.8198,-85.0,156.0
26.8253,-112.0,156.0
26.83,-8.0,154.0
26.835,120.0,156.0
26.8399,39.0,154.0
26.8449,-110.0,156.0
26.8499,-5.0,156.0
26.8549,110.0,156.0
26.8598,-44.0,156.0
26.8649,-126.0,158.0
26.8698,63.0,158.0
26.8749,136.0,158.0
26.8799,-34.0,158.0
26.8848,-111.0,158.0
26.89,-17.0,156.0
26.8948,48.0,156.0
26.8998,39.0,156.0
26.9048,16.0,156.0
26.9098,-5.0,156.0
26.9148,-42.0,154.0
26.9201,-63.0,156.0
26.9248,21.0,154.0
26.9298,129.0,156.0
26.9348,12.0,154.0
26.9399,-165.0,156.0
26.9448,-29.0,154.0
26.9499,167.0,156.0
26.9548,19.0,154.0
26.9598,-143.0,154.0
26.9647,9.0,152.0
26.9698,113.0,152.0
26.975,-36.0,152.0
26.9799,-92.0,152.0
26.9849,46.0,150.0
26.9898,79.0,150.0
26.9948,-54.0,150.0
26.9999,-81.0,150.0
27.005,78.0,150.0
27.0098,112.0,150.0
27.0149,-102.0,150.0
27.0198,-151.0,152.0
27.0249,94.0,154.0
27.0298,158.0,156.0
27.0348,-58.0,156.0
27.0398,-123.0,158.0
27.0449,24.0,158.0
27.0498,78.0,158.0
27.0548,-1.0,156.0
27.0597,-54.0,156.0
27.0648,-19.0,154.0
27.0698,50.0,152.0
27.0748,44.0,150.0
27.0798,-51.0,150.0
27.0849,-59.0,148.0
27.0899,50.0,150.0
27.0948,54.0,150.0
27.0999,-43.0,150.0
27.1049,-32.0,148.0
27.1098,19.0,144.0
27.115,9.0,142.0
27.12,30.0,140.0
27.1248,2.0,140.0
27.13,-92.0,138.0
27.1348,-13.0,138.0
27.1398,116.0,138.0
27.1448,17.0,138.0
27.1498,-65.0,138.0
27.1548,19.0,138.0
27.1598,-15.0,138.0
27.1648,-101.0,136.0
27.1698,46.0,134.0
27.1751,153.0,136.0
27.1799,-25.0,132.0
27.1849,-117.0,134.0
27.1899,13.0,130.0
27.195,29.0,130.0
27.1998,-13.0,130.0
27.205,58.0,130.0
27.2099,-14.0,128.0
27.2149,-137.0,130.0
27.2198,58.0,130.0
27.2248,192.0,134.0
27.2298,-64.0,134.0
27.2348,-181.0,136.0
27.2398,16.0,136.0
27.2449,90.0,136.0
27.2498,45.0,138.0
27.2548,38.0,136.0
27.26,-74.0,138.0
27.265,-133.0,140.0
27.2699,65.0,140.0
27.2749,150.0,140.0
27.2798,-54.0,140.0
27.2848,-107.0,140.0
27.2898,67.0,138.0
27.295,56.0,138.0
27.2999,-90.0,138.0
27.3048,-39.0,136.0
27.3098,78.0,136.0
27.3147,49.0,136.0
27.3202,-17.0,134.0
27.3249,-36.0,134.0
27.3299,-38.0,134.0
27.3349,-17.0,134.0
27.3398,32.0,132.0
27.3449,74.0,132.0
27.3499,18.0,132.0
27.3549,-96.0,132.0
27.3598,-58.0,132.0
27.3648,87.0,134.0
27.3697,74.0,134.0
27.3748,-63.0,134.0
27.38,-96.0,134.0
27.3851,27.0,134.0
27.39,125.0,134.0
27.3952,17.0,134.0
27.3999,-124.0,134.0
27.4051,-47.0,132.0
27.4099,81.0,134.0
27.4148,42.0,134.0
27.4199,-27.0,132.0
27.4249,-14.0,132.0
27.4299,1.0,130.0
27.4351,-20.0,130.0
27.4399,-19.0,128.0
27.4448,59.0,128.0
27.4498,74.0,126.0
27.4549,-97.0,128.0
27.4598,-143.0,128.0
27.4651,107.0,128.0
27.4699,189.0,130.0
27.4749,-75.0,130.0
27.4798,-187.0,132.0
27.4848,26.0,130.0
27.4898,132.0,132.0
27.4949,-8.0,132.0
27.4999,-56.0,132.0
27.5048,40.0,130.0
27.5098,14.0,130.0
27.5148,-79.0,128.0
27.5202,-23.0,128.0
27.5251,70.0,128.0
27.5299,45.0,128.0
27.5348,-26.0,128.0
27.5398,-41.0,128.0
27.5449,4.0,128.0
27.55,14.0,128.0
27.555,-12.0,128.0
27.5598,9.0,126.0
27.5648,21.0,126.0
27.5697,-24.0,124.0
27.5751,-17.0,124.0
27.5799,34.0,122.0
27.5853,12.0,122.0
27.5898,-28.0,120.0
27.5949,-5.0,120.0
27.5998,3.0,118.0
27.6051,-11.0,118.0
27.61,3.0,116.0
27.6149,6.0,116.0
27.6198,31.0,114.0
27.6248,60.0,116.0
27.6298,-62.0,114.0
27.6351,-153.0,116.0
27.6398,40.0,116.0
27.6448,183.0,118.0
27.6498,8.0,116.0
27.6548,-137.0,116.0
27.6598,-34.0,114.0
27.6648,90.0,114.0
27.6705,45.0,112.0
27.6748,-91.0,114.0
27.6798,-91.0,112.0
27.6848,100.0,114.0
27.6898,156.0,116.0
27.6949,-63.0,116.0
27.6999,-166.0,118.0
27.7048,9.0,118.0
27.7098,111.0,118.0
27.7149,2.0,118.0
27.7203,-58.0,118.0
27.7251,11.0,118.0
27.7298,40.0,118.0
27.7347,4.0,116.0
27.7398,-21.0,116.0
27.745,-54.0,116.0
27.7498,-21.0,116.0
27.7549,96.0,118.0
27.7598,61.0,118.0
27.7649,-105.0,120.0
27.7698,-79.0,120.0
27.7748,84.0,120.0
27.7801,77.0,120.0
27.785,-48.0,120.0
27.79,-55.0,120.0
27.7948,15.0,120.0
27.7999,18.0,120.0
27.8049,1.0,118.0
27.8099,19.0,118.0
27.8148,-2.0,116.0
27.8199,-43.0,116.0
27.8248,-4.0,114.0
27.8298,38.0,116.0
27.835,11.0,114.0
27.8399,17.0,114.0
27.8449,3.0,114.0
27.8498,-116.0,116.0
27.8548,-61.0,114.0
27.8598,198.0,116.0
27.865,130.0,116.0
27.8699,-204.0,118.0
27.8749,-139.0,118.0
27.8798,155.0,120.0
27.8848,67.0,118.0
27.8898,-110.0,120.0
27.8949,20.0,120.0
27.8998,91.0,120.0
27.905,-54.0,118.0
27.9099,-73.0,118.0
27.9149,34.0,118.0
27.9201,30.0,116.0
27.925,-6.0,116.0
27.93,14.0,114.0
27.9348,-1.0,114.0
27.9398,-8.0,112.0
27.9447,12.0,112.0
27.9499,-49.0,112.0
27.9549,-51.0,112.0
27.9599,107.0,112.0
27.9648,100.0,114.0
27.9698,-129.0,116.0
27.9748,-116.0,116.0
27.9798,109.0,118.0
27.985,69.0,118.0
27.9899,-71.0,118.0
27.995,37.0,118.0
27.9998,67.0,118.0
28.0051,-138.0,118.0
28.0099,-113.0,120.0
28.0149,153.0,120.0
28.0199,148.0,122.0
28.0248,-78.0,122.0
28.0298,-115.0,122.0
28.0349,-4.0,122.0
28.0399,22.0,120.0
28.0449,10.0,120.0
28.0497,48.0,120.0
28.0548,53.0,120.0
28.0598,-26.0,120.0
28.065,-93.0,120.0
28.0699,-71.0,122.0
28.0748,41.0,122.0
28.0798,158.0,124.0
28.0847,72.0,124.0
28.0901,-161.0,126.0
28.095,-159.0,126.0
28.0998,96.0,126.0
28.1048,168.0,126.0
28.1099,-35.0,124.0
28.1149,-120.0,126.0
28.1199,11.0,122.0
28.1249,52.0,122.0
28.1298,-5.0,120.0
28.1349,13.0,120.0
28.1398,4.0,120.0
28.1447,-63.0,120.0
28.1498,-22.0,120.0
28.1549,73.0,120.0
28.1597,58.0,122.0
28.1648,-35.0,120.0
28.1698,-65.0,120.0
28.1747,-8.0,120.0
28.1798,14.0,120.0
28.1848,7.0,120.0
28.1898,41.0,120.0
28.1948,26.0,120.0
28.1999,-30.0,122.0
28.2049,-16.0,122.0
28.2099,-19.0,122.0
28.2149,-68.0,122.0
28.2199,15.0,122.0
28.2249,147.0,124.0
28.2299,40.0,124.0
28.235,-135.0,126.0
28.2398,-52.0,126.0
28.245,78.0,128.0
28.25,-22.0,128.0
28.2548,-72.0,128.0
28.2598,108.0,130.0
28.2648,121.0,132.0
28.2699,-123.0,132.0
28.2748,-147.0,132.0
28.2798,79.0,132.0
28.2848,110.0,132.0
28.2898,-29.0,132.0
28.295,-38.0,130.0
28.2999,8.0,130.0
28.3048,-22.0,128.0
28.3098,-30.0,128.0
28.3148,33.0,128.0
28.32,72.0,128.0
28.3248,8.0,126.0
28.33,-86.0,124.0
28.3348,-52.0,124.0
28.3398,66.0,124.0
28.3448,58.0,124.0
28.3498,-57.0,122.0
28.355,-58.0,124.0
28.3598,68.0,124.0
28.3648,96.0,126.0
28.3698,-46.0,126.0
28.375,-144.0,128.0
28.3799,-16.0,128.0
28.3849,148.0,130.0
28.3899,49.0,130.0
28.3949,-120.0,130.0
28.3999,-1.0,128.0
28.4052,103.0,128.0
28.41,-104.0,130.0
28.4149,-107.0,130.0
28.4198,199.0,132.0
28.4248,107.0,132.0
28.4298,-211.0,134.0
28.4351,-83.0,136.0
28.4399,145.0,138.0
28.4448,47.0,138.0
28.4498,-83.0,140.0
28.4548,-32.0,140.0
28.4599,79.0,140.0
28.465,55.0,142.0
28.4699,-114.0,142.0
28.4748,-100.0,144.0
28.4798,136.0,146.0
28.4848,139.0,148.0
28.4902,-117.0,148.0
28.4948,-151.0,150.0
28.4998,55.0,148.0
28.5048,127.0,148.0
28.5097,41.0,144.0
28.5148,-60.0,144.0
28.5203,-146.0,144.0
28.5248,-47.0,142.0
28.5299,191.0,144.0
28.5348,139.0,146.0
28.5398,-134.0,146.0
28.5449,-126.0,148.0
28.5499,38.0,148.0
28.5549,0.0,146.0
28.5598,9.0,146.0
28.5648,126.0,148.0
28.5698,-14.0,148.0
28.5748,-168.0,150.0
28.58,30.0,152.0
28.585,146.0,154.0
28.5898,-56.0,154.0
28.5952,-100.0,154.0
28.5997,50.0,154.0
28.605,18.0,152.0
28.6098,-19.0,150.0
28.6148,100.0,150.0
28.6198,4.0,148.0
28.6249,-186.0,150.0
28.6298,10.0,150.0
28.6348,198.0,152.0
28.64,-75.0,152.0
28.6449,-174.0,152.0
28.6498,167.0,154.0
28.6548,168.0,154.0
28.6599,-203.0,154.0
28.6649,-174.0,156.0
28.6698,149.0,156.0
28.6748,150.0,158.0
28.6798,-57.0,160.0
28.6847,-79.0,160.0
28.6897,6.0,160.0
28.6949,3.0,158.0
28.6998,-29.0,160.0
28.7048,16.0,158.0
28.7098,74.0,158.0
28.7148,19.0,158.0
28.72,-69.0,156.0
28.7248,-43.0,156.0
28.7298,14.0,154.0
28.7353,13.0,152.0
28.7398,29.0,150.0
28.7448,44.0,148.0
28.7498,-13.0,148.0
28.7549,-77.0,148.0
28.7598,-48.0,148.0
28.7649,44.0,148.0
28.7697,85.0,148.0
28.7748,41.0,150.0
28.7799,-30.0,150.0
28.785,-111.0,150.0
28.7898,-57.0,150.0
28.7948,142.0,152.0
28.7997,52.0,152.0
28.8049,-186.0,154.0
28.81,30.0,154.0
28.8149,241.0,158.0
28.8198,-62.0,158.0
28.8248,-208.0,162.0
28.8297,18.0,160.0
28.8348,53.0,162.0
28.8398,1.0,160.0
28.845,127.0,162.0
28.8499,29.0,162.0
28.8548,-232.0,166.0
28.8598,-46.0,166.0
28.8649,249.0,168.0
28.8699,7.0,166.0
28.8748,-227.0,168.0
28.8798,70.0,168.0
28.8848,221.0,170.0
28.89,-143.0,172.0
28.8951,-264.0,176.0
28.8999,154.0,176.0
28.9048,325.0,180.0
28.9098,-75.0,178.0
28.9148,-316.0,182.0
28.9199,-27.0,180.0
28.925,199.0,182.0
28.93,67.0,182.0
28.9349,-46.0,182.0
28.9409,-34.0,184.0
28.9448,-47.0,184.0
28.9498,-15.0,184.0
28.9548,48.0,184.0
28.9598,48.0,184.0
28.9648,31.0,184.0
28.9697,-41.0,182.0
28.9749,-143.0,184.0
28.9799,0.0,184.0
28.985,214.0,186.0
28.9898,22.0,186.0
28.995,-208.0,188.0
29.0001,16.0,186.0
29.0049,143.0,188.0
29.0099,-93.0,188.0
29.0149,-49.0,186.0
29.0199,154.0,188.0
29.025,-46.0,188.0
29.03,-174.0,190.0
29.035,125.0,190.0
29.0398,156.0,192.0
29.0449,-167.0,192.0
29.0498,-118.0,192.0
29.0548,147.0,194.0
29.0598,79.0,192.0
29.065,-70.0,192.0
29.0699,-59.0,188.0
29.0748,-19.0,188.0
29.0798,72.0,186.0
29.0848,97.0,188.0
29.0898,-100.0,188.0
29.0948,-173.0,190.0
29.0998,92.0,190.0
29.1048,227.0,192.0
29.1098,-28.0,192.0
29.1148,-206.0,194.0
29.1199,-37.0,192.0
29.1248,115.0,192.0
29.13,36.0,190.0
29.1348,-15.0,188.0
29.1398,28.0,188.0
29.1448,-41.0,186.0
29.1501,-112.0,188.0
29.1549,26.0,186.0
29.1599,148.0,186.0
29.1648,48.0,186.0
29.1698,-84.0,184.0
29.1749,-96.0,184.0
29.1798,-53.0,184.0
29.1849,48.0,182.0
29.1898,178.0,184.0
29.1948,63.0,184.0
29.1998,-225.0,188.0
29.2048,-148.0,188.0
29.21,185.0,192.0
29.2148,150.0,192.0
29.2198,-112.0,192.0
29.2248,-80.0,192.0
29.2297,78.0,192.0
29.2349,7.0,190.0
29.24,-70.0,190.0
29.2448,22.0,190.0
29.2498,30.0,190.0
29.2548,-48.0,190.0
29.26,20.0,190.0
29.2648,102.0,188.0
29.2698,-19.0,190.0
29.2751,-123.0,188.0
29.2798,-8.0,186.0
29.2847,67.0,186.0
29.29,-12.0,182.0
29.2948,6.0,180.0
29.2998,85.0,178.0
29.3048,-30.0,176.0
29.3098,-146.0,176.0
29.3148,12.0,174.0
29.3203,136.0,176.0
29.3248,-1.0,174.0
29.3299,-32.0,174.0
29.3349,50.0,176.0
29.3399,-110.0,176.0
29.3448,-169.0,178.0
29.3499,154.0,180.0
29.3548,251.0,184.0
29.3598,-54.0,184.0
29.3648,-168.0,186.0
29.3698,-37.0,186.0
29.3748,-9.0,186.0
29.3799,-9.0,186.0
29.385,84.0,186.0
29.3898,100.0,188.0
29.395,-23.0,186.0
29.3998,-98.0,188.0
29.405,-25.0,186.0
29.4099,42.0,186.0
29.4149,-5.0,186.0
29.4198,-42.0,186.0
29.4248,51.0,184.0
29.4297,89.0,186.0
29.4347,-61.0,184.0
29.4398,-97.0,184.0
29.445,57.0,182.0
29.4498,20.0,182.0
29.455,-103.0,180.0
29.46,84.0,180.0
29.4649,221.0,182.0
29.47,-103.0,182.0
29.4748,-291.0,186.0
29.4798,46.0,186.0
29.4848,191.0,188.0
29.4898,-55.0,188.0
29.495,-10.0,184.0
29.5002,194.0,188.0
29.5048,-65.0,184.0
29.5099,-351.0,190.0
29.5149,-15.0,186.0
29.5202,373.0,190.0
29.525,138.0,190.0
29.5298,-233.0,192.0
29.5348,-183.0,190.0
29.5397,42.0,188.0
29.545,139.0,186.0
29.5499,97.0,186.0
29.5548,-51.0,182.0
29.5598,-155.0,184.0
29.5648,-48.0,182.0
29.5697,126.0,182.0
29.5749,116.0,184.0
29.5799,-30.0,182.0
29.5849,-104.0,184.0
29.5899,-51.0,184.0
29.595,41.0,184.0
29.5997,56.0,184.0
29.6051,-13.0,184.0
29.6099,-18.0,184.0
29.6148,54.0,182.0
29.6197,7.0,182.0
29.6248,-124.0,182.0
29.6299,-22.0,182.0
29.635,169.0,180.0
29.6398,18.0,180.0
29.645,-177.0,182.0
29.6497,12.0,180.0
29.6548,166.0,182.0
29.6598,-19.0,180.0
29.665,-133.0,180.0
29.6699,-19.0,178.0
29.6748,64.0,178.0
29.6799,42.0,176.0
29.6848,8.0,174.0
29.6898,-10.0,172.0
29.6949,-27.0,170.0
29.6998,-19.0,168.0
29.7047,0.0,168.0
29.7098,10.0,166.0
29.7148,24.0,166.0
29.72,-4.0,166.0
29.7248,-30.0,164.0
29.73,16.0,164.0
29.7347,12.0,162.0
29.7403,-16.0,160.0
29.7447,50.0,158.0
29.7498,11.0,156.0
29.7549,-134.0,156.0
29.7599,-36.0,156.0
29.7648,166.0,156.0
29.7698,59.0,156.0
29.7754,-114.0,158.0
29.7813,1.0,158.0
29.7852,43.0,158.0
29.7903,-149.0,158.0
29.795,-35.0,158.0
29.8002,257.0,160.0
29.8056,80.0,160.0
29.8097,-225.0,164.0
29.8148,-93.0,164.0
29.82,113.0,164.0
29.825,34.0,164.0
29.8301,-41.0,162.0
29.8356,63.0,162.0
29.8399,47.0,158.0
29.8448,-142.0,158.0
29.8501,-90.0,158.0
29.8548,166.0,158.0
29.8601,114.0,158.0
29.8648,-142.0,158.0
29.8698,-81.0,158.0
29.8749,118.0,160.0
29.8801,11.0,160.0
29.8851,-118.0,160.0
29.89,37.0,160.0
29.8947,115.0,162.0
29.9003,-25.0,162.0
29.9051,-75.0,162.0
29.91,-46.0,162.0
29.9151,-20.0,160.0
29.921,136.0,162.0
29.9248,165.0,164.0
29.9304,-164.0,166.0
29.935,-276.0,170.0
29.9399,96.0,170.0
29.9449,246.0,174.0
29.9505,-19.0,172.0
29.9548,-84.0,174.0
29.9597,38.0,172.0
29.965,-89.0,174.0
29.9699,-120.0,174.0
29.9752,201.0,176.0
29.9798,170.0,178.0
29.9853,-262.0,180.0
29.9903,-163.0,180.0
29.9949,269.0,180.0
30.0,133.0,180.0
30.0048,-196.0,182.0
30.0104,-90.0,182.0
30.0147,65.0,184.0
30.0197,26.0,184.0
30.025,47.0,182.0
30.03,33.0,182.0
30.0355,-92.0,182.0
30.0403,-61.0,182.0
30.0452,93.0,184.0
30.05,70.0,184.0
30.0551,-86.0,184.0
30.0601,-87.0,186.0
30.0655,65.0,186.0
30.0699,87.0,186.0
30.0749,-28.0,186.0
30.0797,-31.0,184.0
30.0847,17.0,184.0
30.0903,-56.0,184.0
30.0952,-63.0,184.0
30.1005,98.0,184.0
30.1049,129.0,182.0
30.1099,-50.0,182.0
30.115,-118.0,178.0
30.1199,-38.0,178.0
30.1252,-13.0,176.0
30.1299,71.0,176.0
30.1348,164.0,178.0
30.1399,-24.0,176.0
30.145,-176.0,178.0
30.1506,-12.0,172.0
30.1547,39.0,172.0
30.1599,-38.0,168.0
30.1649,117.0,168.0
30.1698,129.0,166.0
30.1748,-197.0,166.0
30.1803,-175.0,168.0
30.1854,201.0,168.0
30.19,163.0,170.0
30.195,-152.0,172.0
30.2,-143.0,172.0
30.2054,58.0,172.0
30.2098,137.0,172.0
30.2149,63.0,170.0
30.22,-128.0,172.0
30.225,-152.0,174.0
30.2298,112.0,174.0
30.2352,142.0,176.0
30.2398,-100.0,176.0
30.2451,-53.0,176.0
30.2497,89.0,178.0
30.255,-28.0,178.0
30.2597,-55.0,178.0
30.2659,44.0,178.0
30.2699,-8.0,176.0
30.2748,-8.0,174.0
30.2797,76.0,176.0
30.2849,-40.0,174.0
30.2901,-120.0,174.0
30.2948,78.0,174.0
30.2998,131.0,176.0
30.3047,-94.0,174.0
30.3103,-110.0,176.0
30.3148,81.0,176.0
30.3204,73.0,176.0
30.3249,-38.0,178.0
30.3301,-38.0,178.0
30.3351,-8.0,178.0
30.3397,12.0,178.0
30.3451,18.0,178.0
30.3505,-8.0,178.0
30.3547,24.0,178.0
30.3598,40.0,178.0
30.3649,-82.0,178.0
30.3698,-93.0,180.0
30.3752,102.0,182.0
30.3798,149.0,184.0
30.3848,-56.0,184.0
30.3902,-204.0,186.0
30.3947,-57.0,186.0
30.3999,219.0,188.0
30.4055,194.0,188.0
30.4103,-136.0,190.0
30.4147,-248.0,192.0
30.42,-9.0,192.0
30.4249,157.0,194.0
30.4299,99.0,194.0
30.4355,11.0,192.0
30.4403,-54.0,190.0
30.4453,-130.0,190.0
30.45,-85.0,188.0
30.455,124.0,188.0
30.4597,200.0,190.0
30.4656,-32.0,190.0
30.4697,-208.0,192.0
30.4749,-44.0,192.0
30.4801,140.0,194.0
30.4848,53.0,192.0
30.4905,-74.0,192.0
30.4948,-38.0,190.0
30.4998,40.0,190.0
30.5048,53.0,188.0
30.5099,0.0,186.0
30.5149,-77.0,186.0
30.5209,-52.0,186.0
30.5247,67.0,186.0
30.5299,74.0,186.0
30.5348,-43.0,186.0
30.5399,-53.0,186.0
30.5451,41.0,184.0
30.5506,38.0,184.0
30.5548,-26.0,184.0
30.5603,-37.0,184.0
30.5653,-50.0,182.0
30.5701,-3.0,180.0
30.5751,149.0,178.0
30.5797,99.0,178.0
30.5851,-189.0,176.0
30.5897,-188.0,178.0
30.595,157.0,180.0
30.5999,204.0,182.0
30.6052,-107.0,182.0
30.6108,-153.0,184.0
30.6147,75.0,182.0
30.62,89.0,180.0
30.6247,-50.0,176.0
30.6302,-46.0,176.0
30.636,39.0,172.0
30.6403,24.0,170.0
30.6453,-67.0,168.0
30.6499,-29.0,166.0
30.655,101.0,168.0
30.6598,52.0,168.0
30.6661,-64.0,168.0
30.6697,-37.0,168.0
30.6749,-33.0,168.0
30.68,-46.0,166.0
30.685,71.0,166.0
30.69,136.0,168.0
30.6962,7.0,166.0
30.6997,-137.0,168.0
30.7049,-119.0,168.0
30.7099,61.0,168.0
30.7149,146.0,170.0
30.7206,-16.0,170.0
30.7248,-63.0,170.0
30.7307,48.0,170.0
30.7347,-53.0,170.0
30.7398,-84.0,170.0
30.7449,121.0,170.0
30.7504,50.0,170.0
30.7547,-134.0,170.0
30.7597,61.0,170.0
30.765,144.0,172.0
30.7702,-187.0,174.0
30.7752,-139.0,174.0
30.7798,257.0,178.0
30.7849,52.0,176.0
30.7898,-264.0,180.0
30.7948,107.0,180.0
30.7999,234.0,184.0
30.8049,-251.0,186.0
30.8098,-136.0,186.0
30.8148,345.0,188.0
30.8199,-41.0,186.0
30.8251,-413.0,188.0
30.8298,184.0,190.0
30.835,430.0,194.0
30.8399,-182.0,194.0
30.845,-343.0,198.0
30.8497,81.0,198.0
30.8548,183.0,200.0
30.8597,7.0,198.0
30.865,-54.0,196.0
30.8698,-42.0,196.0
30.8748,28.0,194.0
30.8799,46.0,192.0
30.8848,-113.0,194.0
30.8898,-62.0,192.0
30.8949,261.0,196.0
30.8998,115.0,198.0
30.9049,-383.0,202.0
30.9098,-186.0,206.0
30.915,393.0,212.0
30.9198,216.0,214.0
30.9248,-287.0,218.0
30.9299,-158.0,218.0
30.9347,154.0,220.0
30.9397,33.0,218.0
30.9449,-82.0,218.0
30.9497,71.0,218.0
30.9548,73.0,218.0
30.9598,-99.0,218.0
30.9648,-59.0,218.0
30.9697,85.0,218.0
30.9749,3.0,218.0
30.98,-98.0,220.0
30.9848,41.0,220.0
30.9898,119.0,222.0
30.9947,-17.0,222.0
30.9997,-64.0,222.0
31.0049,-25.0,222.0
31.0099,-83.0,222.0
31.0148,2.0,220.0
31.0198,226.0,220.0
31.0247,78.0,222.0
31.0299,-276.0,222.0
31.035,-142.0,224.0
31.0398,239.0,224.0
31.045,156.0,224.0
31.0498,-172.0,224.0
31.0547,-134.0,222.0
31.0597,116.0,224.0
31.065,97.0,222.0
31.0698,-84.0,222.0
31.0748,-50.0,224.0
31.0797,48.0,224.0
31.0847,-16.0,222.0
31.0898,35.0,220.0
31.095,124.0,220.0
31.0998,-138.0,220.0
31.1049,-252.0,222.0
31.11,159.0,222.0
31.1149,309.0,226.0
31.1201,-87.0,226.0
31.125,-231.0,228.0
31.1299,26.0,228.0
31.135,72.0,228.0
31.1398,-47.0,228.0
31.1448,52.0,228.0
31.15,106.0,230.0
31.155,-83.0,230.0
31.1598,-122.0,230.0
31.1648,52.0,230.0
31.1697,68.0,230.0
31.1748,-29.0,230.0
31.1799,2.0,230.0
31.185,30.0,230.0
31.1898,-27.0,230.0
31.195,-21.0,230.0
31.1998,7.0,228.0
31.2049,-22.0,228.0
31.2098,1.0,228.0
31.2148,64.0,226.0
31.2197,33.0,226.0
31.2247,-61.0,224.0
31.2297,-81.0,222.0
31.2349,32.0,220.0
31.2399,114.0,218.0
31.2451,-18.0,218.0
31.2499,-124.0,218.0
31.2547,14.0,216.0
31.2598,95.0,216.0
31.2649,-7.0,216.0
31.2699,-37.0,216.0
31.2748,12.0,214.0
31.2797,0.0,214.0
31.2849,-17.0,214.0
31.29,-7.0,214.0
31.2949,-6.0,212.0
31.2998,32.0,212.0
31.3048,52.0,212.0
31.3099,-45.0,212.0
31.3151,-92.0,212.0
31.3199,56.0,212.0
31.3249,116.0,214.0
31.3299,-92.0,212.0
31.335,-99.0,214.0
31.3398,181.0,214.0
31.3447,49.0,214.0
31.3501,-286.0,218.0
31.3549,-31.0,216.0
31.3598,291.0,220.0
31.3648,74.0,220.0
31.3697,-125.0,222.0
31.3748,-120.0,222.0
31.3798,-135.0,222.0
31.3855,87.0,222.0
31.3898,344.0,228.0
31.3947,52.0,226.0
31.3998,-389.0,230.0
31.4052,-221.0,232.0
31.4098,247.0,232.0
31.415,269.0,236.0
31.4198,-20.0,232.0
31.4249,-138.0,232.0
31.4297,-119.0,230.0
31.435,-46.0,230.0
31.4398,103.0,228.0
31.4449,121.0,226.0
31.45,-17.0,224.0
31.4548,-56.0,218.0
31.46,-25.0,218.0
31.4649,-48.0,214.0
31.4698,-3.0,210.0
31.4748,88.0,204.0
31.4798,41.0,202.0
31.4848,-53.0,198.0
31.49,-25.0,198.0
31.4949,28.0,194.0
31.4998,0.0,194.0
31.5047,-66.0,194.0
31.5097,-62.0,196.0
31.5147,87.0,196.0
31.5199,192.0,198.0
31.5248,-15.0,196.0
31.5298,-248.0,200.0
31.5348,-85.0,198.0
31.5398,180.0,198.0
31.5449,103.0,194.0
31.5499,-84.0,192.0
31.5548,-45.0,186.0
31.5597,52.0,184.0
31.5648,-2.0,180.0
31.5698,-74.0,178.0
31.5748,-14.0,176.0
31.5798,92.0,178.0
31.5848,83.0,178.0
31.5898,-75.0,178.0
31.5951,-154.0,178.0
31.5997,25.0,178.0
31.605,174.0,180.0
31.6098,36.0,178.0
31.6148,-119.0,180.0
31.6198,-62.0,180.0
31.6248,33.0,180.0
31.6299,17.0,178.0
31.635,2.0,178.0
31.6398,52.0,178.0
31.6449,31.0,178.0
31.6497,-66.0,178.0
31.6548,-77.0,178.0
31.6597,12.0,176.0
31.6647,88.0,176.0
31.6697,48.0,172.0
31.6749,-64.0,170.0
31.6797,-47.0,168.0
31.6848,47.0,166.0
31.6898,-32.0,164.0
31.6949,-90.0,162.0
31.6999,111.0,162.0
31.7048,178.0,164.0
31.7098,-83.0,164.0
31.7148,-210.0,166.0
31.7201,-41.0,166.0
31.7249,119.0,168.0
31.7298,128.0,170.0
31.7348,31.0,168.0
31.7398,-87.0,168.0
31.7449,-108.0,164.0
31.75,-15.0,162.0
31.7548,59.0,158.0
31.7598,56.0,158.0
31.7647,35.0,156.0
31.7697,-5.0,154.0
31.7748,-70.0,154.0
31.7819,-58.0,156.0
31.7849,24.0,154.0
31.7899,59.0,154.0
31.7947,46.0,154.0
31.7998,5.0,152.0
31.8048,-81.0,152.0
31.8098,-83.0,152.0
31.815,57.0,152.0
31.8197,105.0,154.0
31.8247,-8.0,154.0
31.8298,-58.0,154.0
31.8358,-8.0,154.0
31.8397,-4.0,154.0
31.845,-17.0,154.0
31.8498,23.0,154.0
31.8548,37.0,154.0
31.8598,0.0,154.0
31.8648,1.0,152.0
31.8699,0.0,152.0
31.8747,-75.0,152.0
31.8797,-73.0,152.0
31.8849,102.0,152.0
31.8897,172.0,154.0
31.895,-49.0,154.0
31.9,-189.0,156.0
31.9048,-13.0,156.0
31.9098,94.0,156.0
31.9147,14.0,156.0
31.9201,44.0,158.0
31.9248,39.0,158.0
31.9298,-149.0,160.0
31.935,-98.0,162.0
31.9398,166.0,164.0
31.9449,122.0,164.0
31.9501,-82.0,164.0
31.9551,-80.0,164.0
31.9598,-23.0,164.0
31.9648,-13.0,162.0
31.9697,40.0,162.0
31.9749,66.0,162.0
31.98,16.0,158.0
31.9852,-20.0,158.0
31.9897,-27.0,154.0
31.9948,-52.0,154.0
32.0,-53.0,150.0
32.005,44.0,150.0
32.0098,140.0,150.0
32.0148,53.0,150.0
32.0198,-137.0,150.0
32.0247,-145.0,150.0
32.0298,51.0,146.0
32.0349,140.0,148.0
32.0397,12.0,142.0
32.0448,-43.0,138.0
32.0498,46.0,136.0
32.0547,-41.0,132.0
32.0598,-212.0,134.0
32.065,26.0,134.0
32.0698,339.0,136.0
32.0747,59.0,136.0
32.0798,-303.0,140.0
32.0847,-102.0,140.0
32.0897,139.0,142.0
32.0949,43.0,142.0
32.0997,11.0,142.0
32.1048,44.0,140.0
32.1098,-81.0,142.0
32.1148,-51.0,142.0
32.1215,124.0,142.0
32.1247,-8.0,142.0
32.1298,-182.0,144.0
32.1348,36.0,144.0
32.1398,200.0,148.0
32.1449,-5.0,146.0
32.1498,-128.0,148.0
32.1548,-18.0,146.0
32.1597,13.0,144.0
32.1648,-5.0,144.0
32.1697,67.0,142.0
32.175,59.0,140.0
32.18,-80.0,140.0
32.1849,-107.0,140.0
32.1897,26.0,138.0
32.1947,117.0,140.0
32.1997,60.0,140.0
32.2051,-72.0,140.0
32.21,-123.0,142.0
32.2148,6.0,142.0
32.2198,161.0,142.0
32.2247,45.0,142.0
32.2298,-227.0,144.0
32.235,-123.0,144.0
32.2399,292.0,148.0
32.2448,250.0,150.0
32.2498,-243.0,152.0
32.2548,-289.0,154.0
32.2597,88.0,156.0
32.2648,89.0,156.0
32.2697,-16.0,156.0
32.2748,229.0,160.0
32.2798,129.0,160.0
32.2848,-354.0,166.0
32.2898,-271.0,170.0
32.2948,175.0,170.0
32.2998,230.0,174.0
32.3047,74.0,174.0
32.3098,-20.0,174.0
32.3148,-138.0,174.0
32.32,-143.0,176.0
32.3249,9.0,176.0
32.3299,116.0,176.0
32.3348,141.0,178.0
32.3397,35.0,176.0
32.3448,-210.0,176.0
32.3498,-162.0,178.0
32.3548,216.0,178.0
32.3598,183.0,180.0
32.3648,-208.0,182.0
32.3701,-117.0,182.0
32.3749,209.0,184.0
32.3798,29.0,184.0
32.3849,-212.0,186.0
32.39,24.0,186.0
32.3949,197.0,188.0
32.3997,-37.0,188.0
32.405,-154.0,190.0
32.4098,40.0,190.0
32.4148,74.0,190.0
32.4198,-50.0,190.0
32.4247,46.0,190.0
32.4298,64.0,190.0
32.4348,-184.0,192.0
32.4399,-91.0,194.0
32.4449,282.0,196.0
32.4499,145.0,198.0
32.4548,-274.0,200.0
32.46,-184.0,202.0
32.4649,149.0,204.0
32.4698,116.0,206.0
32.4757,0.0,206.0
32.4797,65.0,206.0
32.4849,-54.0,206.0
32.4899,-228.0,210.0
32.4948,6.0,210.0
32.4998,248.0,214.0
32.5047,29.0,214.0
32.5097,-148.0,216.0
32.5149,30.0,216.0
32.52,50.0,214.0
32.5249,-128.0,216.0
32.5299,-19.0,214.0
32.5347,154.0,214.0
32.5397,17.0,212.0
32.5448,-80.0,214.0
32.5501,5.0,212.0
32.5549,-20.0,212.0
32.5598,-43.0,212.0
32.5648,79.0,212.0
32.5699,63.0,210.0
32.5748,-100.0,212.0
32.5799,-54.0,210.0
32.5848,105.0,208.0
32.5897,29.0,208.0
32.5947,-99.0,208.0
32.5998,6.0,208.0
32.6048,86.0,210.0
32.6099,-34.0,210.0
32.6149,-76.0,210.0
32.6197,24.0,210.0
32.6247,70.0,210.0
32.6298,26.0,210.0
32.6348,-59.0,210.0
32.6397,-70.0,210.0
32.6447,43.0,210.0
32.6497,57.0,210.0
32.6547,-37.0,210.0
32.6599,-6.0,208.0
32.6649,42.0,206.0
32.6698,-6.0,204.0
32.6749,-22.0,202.0
32.6797,-49.0,204.0
32.6847,-60.0,204.0
32.69,122.0,204.0
32.6949,186.0,208.0
32.6998,-139.0,206.0
32.7048,-276.0,210.0
32.7097,94.0,206.0
32.7147,274.0,210.0
32.7199,-46.0,206.0
32.7249,-201.0,208.0
32.7306,33.0,206.0
32.7347,115.0,206.0
32.7397,-36.0,206.0
32.7447,-51.0,206.0
32.7498,36.0,206.0
32.7548,34.0,206.0
32.7599,-24.0,204.0
32.7649,-72.0,206.0
32.7698,-17.0,202.0
32.7748,105.0,204.0
32.7799,84.0,202.0
32.7848,-69.0,204.0
32.79,-119.0,204.0
32.7951,-3.0,202.0
32.7997,79.0,204.0
32.8049,31.0,204.0
32.8099,1.0,204.0
32.8148,5.0,202.0
32.8197,-57.0,202.0
32.8247,-58.0,202.0
32.8297,69.0,202.0
32.8349,74.0,202.0
32.8399,-69.0,202.0
32.8449,-54.0,202.0
32.8497,82.0,200.0
32.8548,25.0,200.0
32.86,-106.0,200.0
32.865,-7.0,200.0
32.8697,137.0,198.0
32.8747,22.0,196.0
32.8798,-161.0,194.0
32.8847,-84.0,192.0
32.8897,121.0,190.0
32.8949,140.0,188.0
32.8998,-14.0,186.0
32.9047,-115.0,186.0
32.9098,-50.0,188.0
32.9149,37.0,184.0
32.9201,-11.0,182.0
32.9248,-10.0,176.0
32.9298,125.0,174.0
32.9347,55.0,172.0
32.9398,-167.0,172.0
32.9448,-101.0,172.0
32.9497,124.0,174.0
32.9548,118.0,174.0
32.9597,-68.0,172.0
32.9648,-143.0,174.0
32.9697,30.0,174.0
32.975,189.0,174.0
32.9799,3.0,174.0
32.9847,-225.0,174.0
32.9898,-33.0,172.0
32.9948,229.0,172.0
32.9999,41.0,170.0
33.0049,-211.0,170.0
33.0099,-33.0,168.0
33.0148,177.0,168.0
33.0197,24.0,168.0
33.0247,-117.0,166.0
33.0298,0.0,166.0
33.035,49.0,164.0
33.0398,-54.0,164.0
33.0451,-17.0,162.0
33.0497,103.0,162.0
33.0547,28.0,162.0
33.0599,-105.0,162.0
33.0647,-47.0,162.0
33.0701,70.0,162.0
33.0748,38.0,160.0
33.0797,-46.0,160.0
33.0848,0.0,156.0
33.0897,73.0,154.0
33.0947,-27.0,150.0
33.1,-142.0,150.0
33.1047,-1.0,148.0
33.1098,184.0,148.0
33.1149,75.0,150.0
33.12,-130.0,150.0
33.1249,-102.0,152.0
33.1299,1.0,148.0
33.1348,18.0,148.0
33.1397,82.0,146.0
33.1447,103.0,146.0
33.1498,-47.0,146.0
33.1548,-135.0,146.0
33.1598,-39.0,146.0
33.1648,59.0,146.0
33.1697,82.0,146.0
33.1749,27.0,144.0
33.18,-80.0,146.0
33.1848,-72.0,146.0
33.1898,78.0,146.0
33.1947,108.0,148.0
33.1998,-64.0,148.0
33.205,-142.0,150.0
33.2097,23.0,148.0
33.2148,136.0,150.0
33.2197,-3.0,148.0
33.2248,-112.0,148.0
33.2299,36.0,148.0
33.235,133.0,150.0
33.2398,-72.0,150.0
33.2449,-197.0,152.0
33.2497,55.0,152.0
33.2549,236.0,154.0
33.2603,-2.0,154.0
33.2649,-217.0,156.0
33.2698,-34.0,156.0
33.2749,168.0,158.0
33.2798,31.0,158.0
33.2848,-120.0,160.0
33.2897,-5.0,158.0
33.2947,82.0,160.0
33.2998,-21.0,160.0
33.3047,-70.0,160.0
33.3097,28.0,160.0
33.3149,103.0,162.0
33.3202,6.0,160.0
33.3248,-161.0,162.0
33.3299,-83.0,162.0
33.3347,182.0,162.0
33.3399,149.0,162.0
33.3449,-136.0,160.0
33.3499,-137.0,160.0
33.3547,63.0,156.0
33.3597,49.0,156.0
33.3647,-29.0,154.0
33.3698,34.0,154.0
33.375,45.0,154.0
33.3797,-66.0,154.0
33.3848,-95.0,154.0
33.3898,53.0,154.0
33.3948,159.0,156.0
33.4,-9.0,156.0
33.4048,-208.0,158.0
33.4098,-35.0,158.0
33.4149,226.0,160.0
33.4198,45.0,160.0
33.4248,-220.0,162.0
33.4297,-32.0,162.0
33.4349,191.0,164.0
33.4398,24.0,164.0
33.4448,-135.0,164.0
33.45,-30.0,166.0
33.4548,81.0,166.0
33.4598,45.0,166.0
33.4649,-69.0,166.0
33.4698,-70.0,166.0
33.4747,118.0,168.0
33.4797,102.0,168.0
33.4848,-207.0,170.0
33.4899,-122.0,170.0
33.4949,281.0,174.0
33.4998,92.0,174.0
33.5049,-300.0,178.0
33.5097,5.0,176.0
33.5148,282.0,180.0
33.52,-120.0,180.0
33.525,-264.0,184.0
33.5302,164.0,184.0
33.5347,242.0,186.0
33.5397,-104.0,186.0
33.5448,-178.0,188.0
33.5498,6.0,188.0
33.5549,76.0,188.0
33.5597,33.0,188.0
33.5647,-8.0,188.0
33.5698,-5.0,186.0
33.5749,26.0,186.0
33.5798,-12.0,184.0
33.5849,-84.0,182.0
33.5899,-19.0,182.0
33.5948,92.0,180.0
33.5999,43.0,180.0
33.6049,-53.0,180.0
33.6099,1.0,178.0
33.6148,54.0,176.0
33.6198,-66.0,178.0
33.6248,-119.0,176.0
33.6298,68.0,176.0
33.6351,159.0,176.0
33.6398,-28.0,176.0
33.6449,-120.0,174.0
33.6498,20.0,174.0
33.6547,52.0,172.0
33.6597,-41.0,172.0
33.6649,-10.0,170.0
33.6699,38.0,170.0
33.6747,-12.0,170.0
33.6797,-10.0,170.0
33.6848,35.0,170.0
33.6897,5.0,168.0
33.6949,-31.0,168.0
33.7,-31.0,168.0
33.7047,-14.0,166.0
33.7097,56.0,166.0
33.7147,59.0,166.0
33.72,-71.0,168.0
33.7248,-62.0,168.0
33.7298,86.0,168.0
33.7349,24.0,168.0
33.7399,-99.0,168.0
33.745,23.0,168.0
33.75,90.0,166.0
33.7548,-46.0,166.0
33.7598,-45.0,164.0
33.7648,19.0,164.0
33.7697,-30.0,164.0
33.7749,28.0,164.0
33.783,101.0,164.0
33.7847,-44.0,164.0
33.79,-116.0,164.0
33.7949,31.0,162.0
33.7999,74.0,164.0
33.805,-34.0,162.0
33.8099,-28.0,162.0
33.8147,71.0,162.0
33.8197,28.0,162.0
33.8247,-111.0,162.0
33.8299,-67.0,162.0
33.8351,109.0,162.0
33.8399,99.0,164.0
33.8449,-66.0,162.0
33.8497,-97.0,162.0
33.8547,24.0,162.0
33.8599,77.0,162.0
33.8649,-2.0,160.0
33.8697,-54.0,160.0
33.8748,-3.0,158.0
33.8797,28.0,158.0
33.8848,-11.0,156.0
33.8907,-5.0,154.0
33.8947,56.0,152.0
33.8998,1.0,152.0
33.9048,-108.0,150.0
33.9099,-13.0,150.0
33.9148,122.0,148.0
33.92,19.0,148.0
33.9249,-88.0,148.0
33.9298,1.0,148.0
33.9348,45.0,148.0
33.9398,-36.0,148.0
33.9449,-33.0,148.0
33.9498,36.0,148.0
33.9547,38.0,146.0
33.9597,12.0,146.0
33.9648,-23.0,144.0
33.9697,-50.0,144.0
33.9748,-12.0,142.0
33.9799,5.0,138.0
33.9849,19.0,138.0
33.9899,100.0,136.0
33.9948,44.0,136.0
33.9998,-151.0,138.0
34.0049,-124.0,140.0
34.0098,97.0,140.0
34.0147,134.0,142.0
34.0197,-29.0,142.0
34.0247,-87.0,140.0
34.0297,36.0,140.0
34.0352,75.0,140.0
34.0399,-88.0,140.0
34.0448,-127.0,140.0
34.0498,110.0,140.0
34.0548,191.0,140.0
34.0599,-63.0,140.0
34.0649,-192.0,140.0
34.0698,-23.0,140.0
34.0747,98.0,138.0
34.0798,67.0,138.0
34.0847,29.0,138.0
34.09,-22.0,138.0
34.095,-73.0,136.0
34.0998,-47.0,138.0
34.1047,-9.0,136.0
34.1098,45.0,136.0
34.1148,119.0,136.0
34.12,21.0,134.0
34.125,-139.0,134.0
34.13,-43.0,132.0
34.1347,87.0,130.0
34.1397,-32.0,128.0
34.1447,-71.0,124.0
34.15,126.0,126.0
34.1549,128.0,124.0
34.1598,-141.0,124.0
34.1648,-191.0,124.0
34.1697,76.0,122.0
34.1747,180.0,120.0
34.1797,5.0,120.0
34.185,-87.0,118.0
34.1898,-50.0,118.0
34.1948,-28.0,118.0
34.1998,55.0,118.0
34.2048,118.0,120.0
34.21,-46.0,120.0
34.2149,-186.0,124.0
34.2198,24.0,124.0
34.2248,219.0,126.0
34.2299,15.0,126.0
34.2348,-134.0,126.0
34.2397,5.0,126.0
34.2451,-53.0,126.0
34.2507,-179.0,128.0
34.2548,104.0,128.0
34.2599,352.0,134.0
34.265,104.0,134.0
34.2699,-220.0,136.0
34.2749,-296.0,138.0
34.2797,-190.0,140.0
34.2849,170.0,142.0
34.2897,478.0,148.0
34.2949,146.0,150.0
34.2998,-377.0,154.0
34.3048,-296.0,160.0
34.3097,46.0,160.0
34.3148,144.0,162.0
34.3201,181.0,164.0
34.3248,105.0,166.0
34.3298,-180.0,168.0
34.3348,-185.0,170.0
34.3397,100.0,172.0
34.3447,62.0,172.0
34.3498,-130.0,174.0
34.3548,75.0,174.0
34.3597,265.0,176.0
34.3647,-72.0,176.0
34.3698,-330.0,180.0
34.3748,-20.0,180.0
34.3799,218.0,182.0
34.3847,46.0,182.0
34.39,-11.0,182.0
34.3947,56.0,182.0
34.3998,-132.0,184.0
34.4048,-214.0,186.0
34.4098,138.0,188.0
34.4148,315.0,192.0
34.4198,-56.0,192.0
34.4248,-287.0,196.0
34.4308,-8.0,194.0
34.4354,161.0,196.0
34.4398,3.0,194.0
34.4448,-48.0,194.0
34.4498,34.0,194.0
34.4548,32.0,194.0
34.4597,-42.0,194.0
34.4648,-94.0,194.0
34.4698,-2.0,194.0
34.4747,157.0,194.0
34.4798,86.0,194.0
34.4847,-161.0,196.0
34.4897,-166.0,196.0
34.4948,100.0,198.0
34.4997,180.0,200.0
34.5047,-28.0,200.0
34.5097,-115.0,200.0
34.5147,18.0,200.0
34.5201,50.0,202.0
34.5248,-59.0,202.0
34.5298,-52.0,202.0
34.5347,62.0,202.0
34.5397,73.0,204.0
34.5447,9.0,202.0
34.5499,-37.0,202.0
34.5548,-85.0,202.0
34.5598,-27.0,202.0
34.5648,106.0,202.0
34.5697,33.0,204.0
34.5748,-101.0,204.0
34.5799,29.0,204.0
34.5848,112.0,206.0
34.5898,-97.0,206.0
34.5948,-117.0,208.0
34.5998,126.0,208.0
34.6048,73.0,210.0
34.6098,-123.0,210.0
34.6147,7.0,210.0
34.6197,101.0,212.0
34.6247,-67.0,214.0
34.6297,-59.0,212.0
34.6352,82.0,214.0
34.64,20.0,210.0
34.6449,-74.0,210.0
34.6497,-29.0,210.0
34.6548,57.0,208.0
34.6597,98.0,210.0
34.6647,-20.0,208.0
34.6698,-177.0,210.0
34.6748,-17.0,210.0
34.6797,206.0,212.0
34.6847,10.0,210.0
34.6897,-161.0,210.0
34.695,58.0,208.0
34.6998,68.0,208.0
34.7047,-156.0,208.0
34.7098,8.0,208.0
34.7148,230.0,210.0
34.7199,-18.0,208.0
34.7249,-232.0,212.0
34.7298,-13.0,212.0
34.7349,152.0,212.0
34.7397,14.0,212.0
34.7449,-50.0,212.0
34.7497,34.0,212.0
34.7548,-11.0,212.0
34.7598,-82.0,212.0
34.7647,68.0,210.0
34.7699,108.0,212.0
34.7749,-173.0,214.0
34.7797,-137.0,214.0
34.7848,277.0,218.0
34.7898,175.0,218.0
34.7947,-301.0,222.0
34.8,-180.0,222.0
34.8051,247.0,224.0
34.8097,115.0,224.0
34.8147,-199.0,224.0
34.8197,-24.0,224.0
34.8247,204.0,226.0
34.8298,5.0,226.0
34.8348,-182.0,228.0
34.8398,-87.0,228.0
34.8447,32.0,228.0
34.8498,167.0,228.0
34.8548,192.0,230.0
34.8597,-131.0,230.0
34.865,-305.0,232.0
34.8697,3.0,232.0
34.8747,211.0,234.0
34.8797,78.0,234.0
34.8847,-21.0,234.0
34.8897,-54.0,232.0
34.8948,-101.0,232.0
34.8998,5.0,226.0
34.9048,106.0,226.0
34.9097,4.0,222.0
34.9147,-49.0,220.0
34.92,-3.0,216.0
34.9249,-6.0,214.0
34.9299,27.0,206.0
34.9347,28.0,204.0
34.94,-43.0,200.0
34.9448,0.0,194.0
34.9499,10.0,194.0
34.9548,-63.0,194.0
34.9598,46.0,190.0
34.9649,119.0,192.0
34.9697,-64.0,190.0
34.9748,-107.0,188.0
34.9798,35.0,188.0
34.9849,16.0,186.0
34.9899,-20.0,184.0
34.9947,79.0,184.0
34.9998,49.0,182.0
35.0051,-78.0,182.0
35.0099,-75.0,178.0
35.0149,-18.0,178.0
35.0197,40.0,174.0
35.0247,128.0,176.0
35.0297,38.0,176.0
35.0348,-192.0,178.0
35.0398,-79.0,178.0
35.0448,218.0,178.0
35.0498,18.0,176.0
35.0548,-259.0,174.0
35.0603,101.0,176.0
35.0649,335.0,176.0
35.0698,-161.0,178.0
35.0748,-377.0,182.0
35.0798,116.0,184.0
35.0847,303.0,188.0
35.0901,-44.0,188.0
35.0948,-130.0,190.0
35.0997,30.0,190.0
35.1047,-38.0,188.0
35.1097,-64.0,190.0
35.1147,122.0,188.0
35.1201,86.0,188.0
35.1249,-126.0,188.0
35.1298,-87.0,188.0
35.1347,94.0,188.0
35.1398,83.0,186.0
35.1447,-49.0,186.0
35.1497,-42.0,184.0
35.1547,13.0,184.0
35.1599,-46.0,184.0
35.1647,-25.0,184.0
35.1697,102.0,184.0
35.1748,72.0,186.0
35.1799,-63.0,184.0
35.185,-100.0,186.0
35.1897,-4.0,186.0
35.1947,88.0,186.0
35.1998,-3.0,186.0
35.2048,-79.0,186.0
35.2098,64.0,186.0
35.2148,104.0,186.0
35.2197,-68.0,186.0
35.2247,-121.0,186.0
35.2298,-10.0,184.0
35.2349,70.0,184.0
35.2399,87.0,184.0
35.2449,31.0,182.0
35.2497,-100.0,182.0
35.2549,-114.0,184.0
35.2599,55.0,184.0
35.2654,121.0,184.0
35.27,-5.0,184.0
35.2748,-64.0,184.0
35.281,10.0,184.0
35.2846,13.0,182.0
35.2904,-70.0,182.0
35.2953,-4.0,182.0
35.2997,122.0,182.0
35.3049,-2.0,182.0
35.3099,-138.0,182.0
35.3149,29.0,182.0
35.3202,139.0,180.0
35.3249,-40.0,182.0
35.3299,-117.0,180.0
35.3349,22.0,180.0
35.3399,73.0,180.0
35.3451,-4.0,178.0
35.3501,-50.0,178.0
35.3548,-6.0,174.0
35.3597,60.0,176.0
35.3651,22.0,172.0
35.3699,-44.0,172.0
35.375,16.0,170.0
35.3802,-11.0,170.0
35.3852,-162.0,172.0
35.3904,32.0,172.0
35.3951,326.0,176.0
35.3999,15.0,176.0
35.4052,-358.0,180.0
35.4101,-64.0,180.0
35.4149,238.0,180.0
35.42,49.0,180.0
35.4247,-88.0,176.0
35.4299,-10.0,174.0
35.4356,13.0,170.0
35.4408,47.0,168.0
35.4447,17.0,164.0
35.4499,-168.0,164.0
35.4548,-78.0,162.0
35.4604,236.0,166.0
35.4649,138.0,164.0
35.4698,-155.0,168.0
35.4747,-84.0,166.0
35.4797,25.0,164.0
35.4847,-76.0,166.0
35.4899,2.0,162.0
35.4948,195.0,162.0
35.4998,53.0,162.0
35.5047,-184.0,160.0
35.5097,-65.0,160.0
35.5148,124.0,160.0
35.5198,-3.0,158.0
35.5248,-125.0,160.0
35.5303,70.0,160.0
35.5352,184.0,162.0
35.5397,-77.0,162.0
35.5451,-227.0,164.0
35.55,46.0,166.0
35.5549,211.0,168.0
35.5597,-16.0,168.0
35.5649,-129.0,170.0
35.5699,5.0,170.0
35.5747,5.0,170.0
35.5802,-38.0,168.0
35.5854,115.0,170.0
35.5902,135.0,172.0
35.5949,-187.0,174.0
35.5998,-272.0,178.0
35.6053,175.0,180.0
35.6102,371.0,184.0
35.6147,-98.0,184.0
35.62,-357.0,188.0
35.625,25.0,188.0
35.6299,252.0,192.0
35.6354,5.0,192.0
35.6402,-149.0,192.0
35.6452,-33.0,192.0
35.65,93.0,192.0
35.6549,86.0,194.0
35.6599,-59.0,194.0
35.6647,-109.0,194.0
35.6697,41.0,194.0
35.6747,52.0,192.0
35.6799,-82.0,192.0
35.6847,40.0,188.0
35.69,187.0,192.0
35.6947,-72.0,188.0
35.7002,-274.0,192.0
35.7049,21.0,186.0
35.7099,262.0,188.0
35.7149,27.0,182.0
35.7206,-170.0,184.0
35.7246,2.0,178.0
35.7303,102.0,180.0
35.7349,-69.0,178.0
35.7399,-106.0,180.0
35.7449,85.0,180.0
35.7504,120.0,182.0
35.7552,-44.0,180.0
35.7598,-78.0,180.0
35.7649,13.0,178.0
35.7697,13.0,176.0
35.7751,-10.0,176.0
35.7847,0.0,174.0
35.7851,8.0,174.0
35.7897,32.0,174.0
35.7948,-28.0,174.0
35.7997,-66.0,174.0
35.8054,103.0,176.0
35.8097,96.0,176.0
35.8148,-178.0,176.0
35.8197,-117.0,178.0
35.8249,172.0,178.0
35.8299,98.0,180.0
35.8354,-89.0,180.0
35.8399,-33.0,180.0
35.8446,8.0,180.0
35.8498,-42.0,180.0
35.8549,1.0,178.0
35.8599,69.0,178.0
35.8654,44.0,176.0
35.8697,-20.0,176.0
35.8747,-68.0,176.0
35.8807,-54.0,176.0
35.8849,51.0,176.0
35.8901,94.0,176.0
35.8948,-50.0,176.0
35.9,-107.0,176.0
35.905,73.0,176.0
35.9098,130.0,178.0
35.9151,-68.0,178.0
35.921,-143.0,180.0
35.9247,13.0,180.0
35.9302,97.0,180.0
35.9347,51.0,180.0
35.9399,2.0,178.0
35.9449,-90.0,180.0
35.9504,-84.0,180.0
35.9547,98.0,180.0
35.9597,83.0,180.0
35.9649,-93.0,180.0
35.97,-7.0,178.0
35.9748,91.0,180.0
35.9799,-81.0,180.0
35.9848,-79.0,182.0
35.9904,132.0,182.0
35.9949,27.0,182.0
36.0002,-148.0,184.0
36.0048,59.0,184.0
36.0103,141.0,186.0
36.0147,-155.0,188.0
36.0197,-116.0,190.0
36.0249,238.0,192.0
36.0299,84.0,192.0
36.0354,-272.0,192.0
36.0402,-60.0,192.0
36.0452,216.0,190.0
36.0499,35.0,190.0
36.0549,-85.0,186.0
36.0599,10.0,186.0
36.0658,-15.0,184.0
36.0697,-48.0,186.0
36.0747,-1.0,186.0
36.0799,12.0,184.0
36.085,79.0,186.0
36.0899,102.0,184.0
36.0947,-75.0,184.0
36.1003,-182.0,184.0
36.105,-35.0,182.0
36.1099,125.0,182.0
36.115,133.0,182.0
36.1204,12.0,182.0
36.1247,-117.0,182.0
36.1299,-84.0,184.0
36.1349,20.0,182.0
36.1399,27.0,182.0
36.1449,35.0,178.0
36.1503,76.0,178.0
36.1547,13.0,178.0
36.1606,-107.0,178.0
36.165,-88.0,178.0
36.1697,59.0,178.0
36.1747,67.0,176.0
36.1802,-49.0,176.0
36.1852,20.0,172.0
36.1901,138.0,174.0
36.195,-32.0,172.0
36.2,-224.0,174.0
36.2054,-57.0,174.0
36.2097,202.0,176.0
36.2152,125.0,178.0
36.2199,-116.0,180.0
36.225,-84.0,180.0
36.2301,71.0,178.0
36.2354,-29.0,176.0
36.2397,-80.0,172.0
36.2447,115.0,172.0
36.2497,71.0,166.0
36.2549,-118.0,168.0
36.2597,5.0,162.0
36.2647,78.0,162.0
36.2697,-134.0,160.0
36.2747,-66.0,162.0
36.2798,260.0,164.0
36.2848,97.0,164.0
36.2902,-316.0,168.0
36.2947,-125.0,168.0
36.2997,277.0,172.0
36.305,106.0,172.0
36.3097,-175.0,174.0
36.3147,-37.0,174.0
36.3198,70.0,174.0
36.325,-41.0,174.0
36.3299,-3.0,170.0
36.3347,67.0,170.0
36.3398,-35.0,166.0
36.3448,-19.0,166.0
36.3497,81.0,164.0
36.3547,-37.0,164.0
36.3598,-114.0,164.0
36.3647,36.0,164.0
36.3697,80.0,164.0
36.3749,-7.0,162.0
36.3797,11.0,162.0
36.3849,33.0,160.0
36.3897,-67.0,160.0
36.3949,-124.0,160.0
36.3997,18.0,160.0
36.4048,196.0,162.0
36.4099,95.0,164.0
36.4148,-170.0,166.0
36.4197,-160.0,168.0
36.4248,74.0,170.0
36.4297,127.0,172.0
36.435,-7.0,172.0
36.4397,-54.0,170.0
36.4447,12.0,170.0
36.4497,16.0,168.0
36.4548,-52.0,166.0
36.4597,-24.0,164.0
36.4647,87.0,164.0
36.4697,77.0,164.0
36.4747,-96.0,164.0
36.4797,-185.0,166.0
36.4847,46.0,166.0
36.4898,291.0,170.0
36.4949,62.0,172.0
36.5002,-275.0,174.0
36.5049,-130.0,176.0
36.5098,113.0,178.0
36.5147,61.0,176.0
36.5199,63.0,178.0
36.5247,94.0,178.0
36.5299,-134.0,178.0
36.5347,-212.0,180.0
36.5397,103.0,180.0
36.5449,227.0,184.0
36.5497,-44.0,182.0
36.5548,-165.0,184.0
36.5597,12.0,182.0
36.5647,98.0,182.0
36.5698,-4.0,182.0
36.5748,-74.0,182.0
36.58,-17.0,182.0
36.5849,75.0,182.0
36.5897,68.0,182.0
36.5947,-54.0,180.0
36.5998,-114.0,182.0
36.6047,-1.0,180.0
36.6099,119.0,182.0
36.6148,70.0,182.0
36.6198,-68.0,180.0
36.6247,-123.0,182.0
36.6299,-10.0,180.0
36.6349,134.0,182.0
36.6397,66.0,180.0
36.6447,-87.0,180.0
36.6498,-54.0,180.0
36.6547,2.0,176.0
36.6598,-19.0,176.0
36.6649,65.0,172.0
36.6698,104.0,172.0
36.6747,-80.0,170.0
36.6798,-150.0,172.0
36.6847,50.0,168.0
36.6898,148.0,170.0
36.6948,-6.0,170.0
36.7,-116.0,170.0
36.7047,-30.0,172.0
36.7096,68.0,172.0
36.7147,50.0,172.0
36.7201,-14.0,172.0
36.7248,-37.0,172.0
36.7298,-36.0,170.0
36.7347,-16.0,170.0
36.7397,54.0,168.0
36.7449,76.0,168.0
36.75,-3.0,166.0
36.7548,-63.0,166.0
36.7597,-77.0,166.0
36.7647,-30.0,164.0
36.7697,104.0,166.0
36.7748,102.0,166.0
36.7799,-84.0,168.0
36.7849,-82.0,168.0
36.7898,82.0,168.0
36.795,18.0,168.0
36.7998,-108.0,168.0
36.8048,23.0,168.0
36.8099,117.0,168.0
36.8149,-26.0,168.0
36.8199,-68.0,168.0
36.8247,13.0,168.0
36.8297,-43.0,166.0
36.835,-8.0,166.0
36.8397,174.0,166.0
36.8448,18.0,164.0
36.8497,-253.0,166.0
36.8547,-38.0,164.0
36.8596,239.0,166.0
36.8648,63.0,166.0
36.87,-151.0,166.0
36.8748,-84.0,168.0
36.8797,36.0,166.0
36.8847,92.0,166.0
36.8897,56.0,166.0
36.895,-78.0,166.0
36.8997,-88.0,168.0
36.9047,61.0,166.0
36.9098,62.0,166.0
36.9147,-74.0,166.0
36.9202,-38.0,162.0
36.9248,116.0,162.0
36.9297,60.0,158.0
36.9347,-145.0,158.0
36.9397,-106.0,156.0
36.9447,125.0,156.0
36.95,128.0,156.0
36.9548,-59.0,156.0
36.9598,-111.0,156.0
36.9648,-23.0,156.0
36.9697,65.0,158.0
36.9748,105.0,158.0
36.9799,14.0,158.0
36.9849,-170.0,160.0
36.9899,-131.0,160.0
36.995,184.0,164.0
36.9998,245.0,166.0
37.0048,-126.0,166.0
37.0098,-287.0,170.0
37.0148,37.0,170.0
37.0198,216.0,174.0
37.0247,10.0,174.0
37.0299,-77.0,174.0
37.0351,6.0,172.0
37.0398,-20.0,172.0
37.0447,-34.0,170.0
37.0499,38.0,168.0
37.0549,33.0,166.0
37.06,-19.0,164.0
37.0648,-39.0,164.0
37.0698,-12.0,162.0
37.0747,86.0,162.0
37.0797,66.0,162.0
37.0848,-141.0,164.0
37.0897,-124.0,166.0
37.0949,149.0,168.0
37.1,144.0,170.0
37.1047,-84.0,170.0
37.1098,-113.0,170.0
37.1147,-25.0,170.0
37.1198,56.0,168.0
37.125,128.0,168.0
37.1301,-16.0,164.0
37.1347,-187.0,166.0
37.1396,19.0,162.0
37.1448,186.0,164.0
37.1497,-62.0,162.0
37.1549,-142.0,164.0
37.1598,118.0,164.0
37.1647,106.0,164.0
37.1698,-133.0,164.0
37.1747,-100.0,162.0
37.1797,83.0,162.0
37.1851,89.0,160.0
37.1899,-13.0,160.0
37.1947,-48.0,158.0
37.1998,-9.0,158.0
37.2046,8.0,156.0
37.2098,-20.0,156.0
37.2149,-17.0,156.0
37.2198,37.0,156.0
37.2247,68.0,156.0
37.2296,16.0,156.0
37.2348,-96.0,156.0
37.2399,-103.0,156.0
37.2449,64.0,156.0
37.2497,136.0,158.0
37.2547,-18.0,156.0
37.2597,-69.0,156.0
37.2648,16.0,154.0
37.2699,-63.0,156.0
37.2748,-71.0,154.0
37.2798,178.0,156.0
37.2847,134.0,158.0
37.2897,-209.0,160.0
37.2948,-139.0,162.0
37.2997,172.0,164.0
37.3047,75.0,164.0
37.3097,-132.0,164.0
37.3148,-8.0,164.0
37.3201,100.0,162.0
37.3247,-28.0,162.0
37.3299,-37.0,160.0
37.3347,116.0,162.0
37.3397,-7.0,160.0
37.3448,-290.0,164.0
37.3498,-63.0,164.0
37.3548,424.0,170.0
37.3598,204.0,174.0
37.3649,-410.0,180.0
37.3697,-266.0,182.0
37.3748,299.0,188.0
37.3797,210.0,190.0
37.3849,-185.0,192.0
37.3899,-117.0,194.0
37.3947,90.0,194.0
37.3998,51.0,194.0
37.4048,-7.0,192.0
37.41,-13.0,192.0
37.4148,-58.0,190.0
37.4198,-23.0,190.0
37.4247,91.0,190.0
37.4297,78.0,190.0
37.4348,-72.0,190.0
37.4398,-134.0,192.0
37.4447,11.0,190.0
37.4498,143.0,192.0
37.4548,35.0,192.0
37.4599,-95.0,192.0
37.4649,-23.0,192.0
37.4699,35.0,192.0
37.4748,-24.0,192.0
37.4797,7.0,190.0
37.4846,52.0,190.0
37.4897,-50.0,186.0
37.4949,-46.0,188.0
37.4997,88.0,184.0
37.5047,41.0,184.0
37.5097,-69.0,184.0
37.5147,-54.0,182.0
37.5199,-34.0,182.0
37.5248,38.0,182.0
37.5299,142.0,184.0
37.5348,33.0,182.0
37.5397,-128.0,182.0
37.5449,-85.0,184.0
37.5497,-12.0,182.0
37.5548,22.0,182.0
37.5598,138.0,184.0
37.5647,118.0,184.0
37.5698,-139.0,184.0
37.5747,-207.0,186.0
37.5799,58.0,184.0
37.5849,184.0,186.0
37.5898,0.0,184.0
37.5948,-107.0,184.0
37.5997,0.0,182.0
37.6047,46.0,184.0
37.6099,-27.0,182.0
37.6148,-24.0,182.0
37.6197,68.0,182.0
37.6247,49.0,180.0
37.6297,-100.0,180.0
37.6349,-117.0,178.0
37.6398,77.0,176.0
37.6447,184.0,176.0
37.65,10.0,172.0
37.6548,-193.0,176.0
37.6598,-112.0,174.0
37.6647,123.0,176.0
37.6698,157.0,176.0
37.6747,-14.0,176.0
37.6797,-108.0,178.0
37.6848,-49.0,178.0
37.6896,-9.0,178.0
37.6947,7.0,178.0
37.6997,112.0,178.0
37.7047,104.0,180.0
37.7097,-122.0,182.0
37.7148,-160.0,182.0
37.7199,67.0,182.0
37.7248,103.0,182.0
37.7297,-53.0,180.0
37.7347,-21.0,178.0
37.7398,102.0,178.0
37.7447,10.0,178.0
37.75,-127.0,178.0
37.7547,-40.0,178.0
37.7598,84.0,178.0
37.7647,34.0,176.0
37.7699,-29.0,176.0
37.7749,12.0,174.0
37.7798,25.0,174.0
37.785,-25.0,172.0
37.79,-58.0,172.0
37.7947,-40.0,170.0
37.7997,80.0,170.0
37.8049,139.0,170.0
37.81,-77.0,170.0
37.8148,-193.0,170.0
37.8197,71.0,170.0
37.8247,189.0,172.0
37.8298,-83.0,172.0
37.8352,-167.0,174.0
37.8397,103.0,176.0
37.8448,168.0,178.0
37.8497,-92.0,180.0
37.8547,-196.0,182.0
37.8598,23.0,182.0
37.8648,196.0,184.0
37.8697,73.0,186.0
37.8748,-130.0,186.0
37.8798,-133.0,186.0
37.8846,36.0,186.0
37.8898,124.0,186.0
37.8948,17.0,186.0
37.8998,-74.0,186.0
37.9047,-4.0,186.0
37.9097,31.0,186.0
37.9147,-35.0,184.0
37.92,-22.0,182.0
37.9247,52.0,180.0
37.9298,46.0,178.0
37.9347,-29.0,176.0
37.9398,-84.0,176.0
37.9449,4.0,174.0
37.9501,121.0,174.0
37.9547,-28.0,174.0
37.96,-170.0,176.0
37.9647,88.0,176.0
37.9697,231.0,180.0
37.9749,-103.0,180.0
37.9799,-244.0,182.0
37.9848,60.0,180.0
37.9899,163.0,180.0
37.9949,-26.0,174.0
37.9996,-36.0,172.0
38.0047,34.0,166.0
38.0099,-52.0,162.0
38.0147,-48.0,158.0
38.0197,77.0,156.0
38.0247,44.0,154.0
38.03,-61.0,154.0
38.0349,-39.0,152.0
38.0398,14.0,152.0
38.0448,43.0,152.0
38.0498,53.0,154.0
38.0548,-37.0,154.0
38.0599,-100.0,154.0
38.0647,16.0,154.0
38.0697,93.0,154.0
38.0747,-8.0,152.0
38.0797,-72.0,152.0
38.0846,23.0,152.0
38.0898,93.0,150.0
38.0949,-21.0,150.0
38.0998,-139.0,152.0
38.1047,-26.0,152.0
38.1097,141.0,152.0
38.1147,107.0,154.0
38.12,-49.0,154.0
38.125,-160.0,156.0
38.1299,-115.0,158.0
38.1347,103.0,158.0
38.1397,272.0,162.0
38.1446,67.0,162.0
38.1498,-335.0,166.0
38.1548,-251.0,170.0
38.1598,273.0,172.0
38.1647,331.0,178.0
38.1697,-132.0,178.0
38.175,-275.0,180.0
38.1799,6.0,180.0
38.1848,154.0,180.0
38.1899,52.0,180.0
38.1948,-59.0,182.0
38.1997,-63.0,180.0
38.205,12.0,178.0
38.2101,46.0,178.0
38.2148,22.0,174.0
38.2196,2.0,174.0
38.2247,-54.0,172.0
38.2297,-77.0,172.0
38.2347,68.0,172.0
38.2399,141.0,174.0
38.2449,-67.0,174.0
38.2497,-157.0,176.0
38.2548,63.0,178.0
38.2597,115.0,178.0
38.2647,-49.0,178.0
38.2698,-27.0,176.0
38.2747,30.0,176.0
38.2797,-72.0,176.0
38.2848,-35.0,172.0
38.2898,123.0,174.0
38.2947,59.0,172.0
38.2997,-105.0,172.0
38.3047,-48.0,172.0
38.3096,70.0,170.0
38.3148,1.0,170.0
38.32,-64.0,168.0
38.3247,30.0,168.0
38.3297,57.0,170.0
38.3347,-28.0,170.0
38.3396,-1.0,168.0
38.3448,40.0,168.0
38.3499,-77.0,166.0
38.3548,-99.0,166.0
38.3598,107.0,166.0
38.3647,159.0,166.0
38.3697,-64.0,168.0
38.3748,-156.0,170.0
38.3798,0.0,168.0
38.3848,88.0,168.0
38.3899,23.0,168.0
38.3947,-9.0,166.0
38.3999,13.0,166.0
38.4047,-30.0,166.0
38.4098,-88.0,166.0
38.4148,4.0,166.0
38.4197,130.0,168.0
38.4247,69.0,168.0
38.4297,-84.0,170.0
38.435,-122.0,170.0
38.4397,-22.0,170.0
38.4448,86.0,168.0
38.4497,97.0,168.0
38.4549,34.0,166.0
38.4598,-72.0,166.0
38.4649,-152.0,166.0
38.4699,-14.0,164.0
38.4748,202.0,166.0
38.4797,61.0,164.0
38.4847,-208.0,166.0
38.4899,-69.0,164.0
38.4947,188.0,164.0
38.4997,101.0,166.0
38.5048,-97.0,164.0
38.5097,-112.0,166.0
38.5147,-39.0,164.0
38.52,33.0,162.0
38.5248,106.0,164.0
38.5298,78.0,162.0
38.5348,-62.0,164.0
38.5397,-119.0,164.0
38.5448,-10.0,164.0
38.55,77.0,164.0
38.5548,32.0,164.0
38.5598,-21.0,164.0
38.5647,3.0,164.0
38.5697,13.0,164.0
38.5752,-51.0,164.0
38.5797,-63.0,164.0
38.5848,42.0,164.0
38.5897,109.0,164.0
38.5947,41.0,164.0
38.5998,-79.0,162.0
38.6048,-123.0,164.0
38.6098,-4.0,160.0
38.6147,110.0,160.0
38.6197,43.0,156.0
38.6247,-27.0,156.0
38.6298,-4.0,154.0
38.6348,-36.0,154.0
38.6399,-53.0,154.0
38.6448,43.0,154.0
38.6498,72.0,154.0
38.6548,-24.0,154.0
38.6598,-61.0,154.0
38.6648,-1.0,154.0
38.6697,44.0,152.0
38.6747,35.0,152.0
38.6797,-30.0,154.0
38.6847,-49.0,154.0
38.6898,26.0,152.0
38.6947,12.0,152.0
38.6997,-54.0,152.0
38.7047,26.0,152.0
38.7097,92.0,152.0
38.7148,-9.0,152.0
38.7199,-88.0,152.0
38.7247,-30.0,152.0
38.7297,42.0,152.0
38.7347,39.0,152.0
38.7397,-16.0,150.0
38.7449,-50.0,150.0
38.7502,31.0,148.0
38.7548,110.0,148.0
38.76,-38.0,148.0
38.7667,-190.0,148.0
38.7701,-20.0,148.0
38.7768,207.0,148.0
38.7798,106.0,146.0
38.7849,-124.0,148.0
38.7898,-115.0,144.0
38.7951,8.0,140.0
38.7999,11.0,136.0
38.8049,32.0,132.0
38.8099,105.0,130.0
38.8148,29.0,126.0
38.8197,-120.0,128.0
38.8247,-100.0,128.0
38.8297,40.0,128.0
38.8352,83.0,128.0
38.8398,30.0,128.0
38.8448,-5.0,128.0
38.8502,-19.0,126.0
38.8552,-34.0,128.0
38.8599,-50.0,128.0
38.8648,0.0,128.0
38.8698,77.0,128.0
38.8747,41.0,126.0
38.8797,13.0,124.0
38.8848,-1.0,124.0
38.8899,-175.0,124.0
38.8949,-113.0,124.0
38.8997,266.0,126.0
38.9047,200.0,130.0
38.9097,-176.0,132.0
38.9148,-147.0,134.0
38.9199,-28.0,132.0
38.9248,-50.0,134.0
38.93,144.0,134.0
38.9347,248.0,136.0
38.9397,-42.0,136.0
38.9448,-257.0,138.0
38.9499,-162.0,140.0
38.9547,51.0,140.0
38.9598,239.0,144.0
38.9647,176.0,146.0
38.9697,-118.0,146.0
38.9748,-217.0,150.0
38.9798,-34.0,150.0
38.9849,71.0,150.0
38.9898,49.0,150.0
38.9947,76.0,150.0
38.9997,45.0,148.0
39.0047,-91.0,148.0
39.0097,-94.0,148.0
39.0147,14.0,146.0
39.0197,16.0,146.0
39.0247,24.0,146.0
39.0299,114.0,146.0
39.0349,32.0,148.0
39.0399,-175.0,150.0
39.0449,-129.0,152.0
39.0497,144.0,152.0
39.0547,205.0,156.0
39.0598,-74.0,154.0
39.0649,-247.0,158.0
39.0702,-13.0,156.0
39.0747,237.0,158.0
39.0798,103.0,160.0
39.0848,-155.0,160.0
39.09,-144.0,160.0
39.0947,45.0,162.0
39.0998,111.0,162.0
39.1047,11.0,160.0
39.1097,-55.0,160.0
39.1146,16.0,158.0
39.1197,31.0,156.0
39.1247,-80.0,154.0
39.1297,-40.0,154.0
39.1348,116.0,154.0
39.1396,59.0,152.0
39.1447,-104.0,152.0
39.1497,-64.0,152.0
39.1547,68.0,152.0
39.1597,33.0,152.0
39.1647,-46.0,152.0
39.1697,18.0,150.0
39.1748,54.0,150.0
39.1797,-52.0,150.0
39.1847,-62.0,150.0
39.1898,62.0,150.0
39.1947,46.0,150.0
39.1997,-75.0,150.0
39.2046,-20.0,152.0
39.2098,98.0,152.0
39.2147,28.0,152.0
39.2198,-96.0,152.0
39.2247,-91.0,154.0
39.2296,23.0,152.0
39.2347,164.0,154.0
39.2398,110.0,154.0
39.2448,-164.0,156.0
39.2497,-218.0,158.0
39.2547,85.0,158.0
39.2596,233.0,162.0
39.2648,-7.0,160.0
39.2698,-186.0,164.0
39.2747,-3.0,164.0
39.2797,156.0,164.0
39.2848,-25.0,164.0
39.2897,-163.0,166.0
39.2949,23.0,166.0
39.2998,155.0,168.0
39.3047,30.0,168.0
39.3097,-90.0,168.0
39.3147,-88.0,170.0
39.3198,3.0,168.0
39.3249,76.0,170.0
39.3297,16.0,170.0
39.3347,-4.0,170.0
39.3397,76.0,170.0
39.3447,-31.0,170.0
39.3503,-205.0,172.0
39.3547,-3.0,172.0
39.3597,240.0,174.0
39.3647,25.0,174.0
39.3698,-154.0,176.0
39.375,26.0,174.0
39.3797,31.0,176.0
39.3849,-102.0,176.0
39.3897,69.0,176.0
39.3947,139.0,178.0
39.3999,-143.0,178.0
39.405,-159.0,178.0
39.4097,162.0,180.0
39.4148,191.0,180.0
39.4197,-80.0,180.0
39.4247,-179.0,180.0
39.4296,-52.0,180.0
39.4348,79.0,180.0
39.4397,121.0,182.0
39.4448,39.0,182.0
39.4497,-96.0,182.0
39.4547,-81.0,184.0
39.4596,62.0,182.0
39.4646,66.0,182.0
39.4698,-81.0,182.0
39.4747,-88.0,182.0
39.4797,99.0,184.0
39.4846,152.0,186.0
39.4899,-45.0,186.0
39.4949,-148.0,188.0
39.4997,-40.0,188.0
39.5047,20.0,188.0
39.5097,48.0,188.0
39.5147,127.0,190.0
39.5203,38.0,190.0
39.5249,-157.0,192.0
39.53,-104.0,190.0
39.5347,65.0,190.0
39.5397,51.0,186.0
39.5448,17.0,184.0
39.5498,64.0,182.0
39.5549,-3.0,180.0
39.5598,-109.0,182.0
39.5647,-58.0,182.0
39.5697,51.0,180.0
39.5749,87.0,178.0
39.5798,36.0,178.0
39.5847,-82.0,174.0
39.5898,-90.0,174.0
39.595,77.0,174.0
39.5997,102.0,172.0
39.605,-75.0,170.0
39.6099,-77.0,170.0
39.6148,65.0,168.0
39.6197,34.0,168.0
39.6247,-50.0,166.0
39.6299,-8.0,166.0
39.6347,28.0,166.0
39.6398,14.0,164.0
39.6448,10.0,164.0
39.6497,-35.0,162.0
39.6548,-63.0,164.0
39.6599,61.0,164.0
39.6647,109.0,166.0
39.6698,-92.0,166.0
39.6748,-130.0,166.0
39.6797,107.0,166.0
39.6847,113.0,166.0
39.6898,-88.0,164.0
39.6949,-49.0,162.0
39.6998,50.0,162.0
39.7047,-44.0,158.0
39.7097,-22.0,158.0
39.7147,126.0,156.0
39.7199,12.0,156.0
39.7249,-150.0,156.0
39.7298,-12.0,154.0
39.7347,95.0,154.0
39.7397,7.0,152.0
39.7447,14.0,152.0
39.7498,24.0,152.0
39.7548,-107.0,154.0
39.7598,-73.0,154.0
39.7647,130.0,154.0
39.7697,85.0,156.0
39.7747,-111.0,156.0
39.7797,-20.0,154.0
39.786,109.0,156.0
39.7899,-75.0,156.0
39.7947,-128.0,156.0
39.8,134.0,158.0
39.8049,121.0,158.0
39.8099,-144.0,160.0
39.8147,-73.0,162.0
39.8198,123.0,162.0
39.8246,5.0,162.0
39.8297,-85.0,162.0
39.8348,62.0,162.0
39.8398,60.0,162.0
39.8447,-114.0,164.0
39.8497,-71.0,162.0
39.8547,123.0,164.0
39.8597,99.0,164.0
39.8648,-85.0,164.0
39.8697,-101.0,166.0
39.8746,35.0,164.0
39.8797,56.0,162.0
39.8847,-21.0,160.0
39.8897,0.0,156.0
39.8947,43.0,156.0
39.8998,-12.0,152.0
39.9047,-52.0,154.0
39.9097,-22.0,150.0
39.9147,8.0,152.0
39.9197,51.0,150.0
39.925,56.0,150.0
39.9298,-32.0,148.0
39.9346,-75.0,148.0
39.9396,-3.0,146.0
39.9446,27.0,146.0
39.9502,-3.0,144.0
39.9553,31.0,144.0
39.9597,53.0,144.0
39.9647,-42.0,144.0
39.9696,-86.0,146.0
39.9747,15.0,146.0
39.9798,77.0,146.0
39.985,16.0,146.0
39.99,-62.0,144.0
39.9947,-45.0,144.0
39.9997,65.0,140.0
40.0047,72.0,142.0
40.0099,-80.0,140.0
40.0147,-59.0,142.0
40.0197,111.0,142.0
40.0247,-14.0,140.0
40.0297,-167.0,142.0
40.0352,91.0,142.0
40.0399,219.0,142.0
40.0449,-101.0,142.0
40.0497,-196.0,142.0
40.0548,67.0,140.0
40.0599,78.0,140.0
40.0647,-72.0,138.0
40.0698,51.0,138.0
40.0747,116.0,140.0
40.0797,-106.0,140.0
40.0848,-124.0,140.0
40.0898,97.0,140.0
40.0948,71.0,140.0
40.0997,-78.0,140.0
40.1047,-3.0,140.0
40.1097,55.0,140.0
40.1147,-55.0,138.0
40.1199,-16.0,138.0
40.1248,116.0,136.0
40.13,-11.0,136.0
40.1347,-164.0,136.0
40.1396,-5.0,136.0
40.1447,160.0,138.0
40.1499,55.0,138.0
40.1549,-101.0,138.0
40.1599,-95.0,138.0
40.1647,28.0,136.0
40.1697,106.0,136.0
40.1747,25.0,136.0
40.1797,-94.0,136.0
40.1849,-49.0,138.0
40.1897,59.0,138.0
40.1946,35.0,138.0
40.1997,-6.0,136.0
40.2048,8.0,136.0
40.2098,-28.0,136.0
40.2148,-28.0,134.0
40.2197,28.0,134.0
40.2247,-14.0,132.0
40.2297,-16.0,132.0
40.2349,83.0,132.0
40.2398,17.0,130.0
40.2449,-122.0,132.0
40.2499,-34.0,130.0
40.2547,111.0,132.0
40.2598,42.0,132.0
40.2649,-65.0,132.0
40.2698,-11.0,132.0
40.2747,22.0,132.0
40.2798,-55.0,132.0
40.2849,-16.0,132.0
40.2896,116.0,134.0
40.2948,40.0,134.0
40.2998,-132.0,134.0
40.3047,-54.0,134.0
40.3097,120.0,134.0
40.3147,49.0,132.0
40.3199,-112.0,132.0
40.3247,-62.0,132.0
40.3296,95.0,132.0
40.3347,98.0,132.0
40.3396,-46.0,132.0
40.3449,-102.0,134.0
40.3497,-2.0,134.0
40.3547,50.0,132.0
40.3597,-7.0,132.0
40.3648,-1.0,130.0
40.3696,65.0,130.0
40.3747,16.0,130.0
40.3798,-104.0,130.0
40.3848,-64.0,132.0
40.3898,98.0,132.0
40.3947,60.0,132.0
40.3997,-94.0,132.0
40.4048,-6.0,130.0
40.4099,135.0,132.0
40.4147,-6.0,130.0
40.4197,-165.0,132.0
40.4247,-46.0,130.0
40.4297,113.0,132.0
40.435,80.0,130.0
40.4397,-19.0,128.0
40.4449,-39.0,128.0
40.4497,-17.0,126.0
40.4547,-8.0,124.0
40.4596,-7.0,122.0
40.4646,-17.0,124.0
40.4698,-6.0,122.0
40.4747,75.0,122.0
40.4798,112.0,122.0
40.4846,-58.0,122.0
40.4896,-226.0,124.0
40.4949,-56.0,124.0
40.4998,234.0,126.0
40.5047,175.0,126.0
40.5097,-144.0,128.0
40.5147,-209.0,130.0
40.5199,61.0,130.0
40.5247,157.0,132.0
40.5297,-49.0,134.0
40.5347,-77.0,134.0
40.5397,82.0,134.0
40.5449,17.0,134.0
40.55,-105.0,136.0
40.5547,18.0,136.0
40.5597,88.0,136.0
40.5647,-44.0,136.0
40.5697,-44.0,136.0
40.5748,66.0,136.0
40.5797,13.0,136.0
40.5848,-74.0,138.0
40.5897,-25.0,138.0
40.5947,47.0,138.0
40.5997,61.0,138.0
40.6048,9.0,138.0
40.6097,-74.0,138.0
40.6148,-59.0,138.0
40.6197,45.0,138.0
40.6247,53.0,138.0
40.6298,-15.0,138.0
40.6349,7.0,136.0
40.6397,46.0,136.0
40.6448,-47.0,136.0
40.65,-126.0,136.0
40.6552,-4.0,136.0
40.6599,149.0,136.0
40.6649,93.0,138.0
40.6699,-53.0,136.0
40.6749,-101.0,136.0
40.6801,-80.0,134.0
40.6848,7.0,132.0
40.6898,123.0,132.0
40.6948,80.0,132.0
40.6998,-64.0,132.0
40.7048,-66.0,132.0
40.7098,20.0,130.0
40.7148,-25.0,130.0
40.72,-81.0,128.0
40.7248,75.0,128.0
40.7298,189.0,130.0
40.735,-19.0,128.0
40.7398,-213.0,130.0
40.7448,-72.0,132.0
40.7498,137.0,134.0
40.7547,116.0,134.0
40.7597,-43.0,134.0
40.7647,-119.0,134.0
40.7696,-32.0,134.0
40.7748,102.0,134.0
40.7796,93.0,136.0
40.7848,-65.0,134.0
40.7899,-130.0,134.0
40.7947,20.0,134.0
40.7998,134.0,134.0
40.8047,0.0,134.0
40.8102,-115.0,134.0
40.8148,12.0,134.0
40.8201,73.0,134.0
40.825,-35.0,134.0
40.8298,-7.0,132.0
40.8354,44.0,132.0
40.8402,-71.0,134.0
40.8451,-61.0,134.0
40.8498,133.0,136.0
40.8551,122.0,138.0
40.8599,-129.0,140.0
40.8663,-174.0,142.0
40.8697,53.0,142.0
40.8749,118.0,142.0
40.88,13.0,142.0
40.8849,39.0,142.0
40.89,7.0,140.0
40.8948,-159.0,142.0
40.8998,-89.0,142.0
40.9047,149.0,144.0
40.9097,130.0,146.0
40.9151,-61.0,146.0
40.9203,-87.0,146.0
40.9253,-7.0,146.0
40.9297,1.0,144.0
40.935,37.0,144.0
40.9397,81.0,144.0
40.945,-43.0,144.0
40.9505,-145.0,144.0
40.9552,27.0,144.0
40.9598,158.0,144.0
40.9654,0.0,144.0
40.9701,-101.0,144.0
40.9749,-4.0,142.0
40.9803,11.0,142.0
40.9853,-19.0,140.0
40.9909,58.0,142.0
40.9948,32.0,140.0
41.0001,-92.0,142.0
41.005,4.0,142.0
41.0098,116.0,144.0
41.0153,-90.0,144.0
41.0198,-167.0,146.0
41.025,158.0,146.0
41.0299,234.0,148.0
41.0349,-144.0,150.0
41.0397,-246.0,152.0
41.0451,66.0,154.0
41.0498,151.0,154.0
41.0551,-5.0,154.0
41.0601,11.0,152.0
41.0652,27.0,150.0
41.0696,-125.0,152.0
41.0748,-105.0,152.0
41.0802,101.0,152.0
41.085,154.0,154.0
41.0903,10.0,154.0
41.0947,-141.0,156.0
41.1001,-90.0,158.0
41.1049,119.0,160.0
41.11,97.0,160.0
41.1147,-135.0,162.0
41.1203,-101.0,162.0
41.1248,153.0,164.0
41.1302,147.0,162.0
41.1351,-124.0,162.0
41.1397,-197.0,162.0
41.1449,70.0,160.0
41.1501,217.0,162.0
41.1547,-37.0,160.0
41.1597,-229.0,162.0
41.1648,9.0,160.0
41.1696,228.0,162.0
41.175,33.0,162.0
41.1797,-172.0,164.0
41.1853,-62.0,164.0
41.1899,62.0,164.0
41.195,35.0,164.0
41.1999,31.0,162.0
41.2051,32.0,162.0
41.2096,-40.0,162.0
41.2155,-62.0,162.0
41.2198,-14.0,162.0
41.2246,4.0,162.0
41.23,30.0,162.0
41.2353,84.0,162.0
41.2396,32.0,162.0
41.2447,-101.0,162.0
41.2499,-88.0,162.0
41.2549,46.0,162.0
41.2603,55.0,162.0
41.2654,-11.0,162.0
41.2697,43.0,162.0
41.2746,50.0,164.0
41.28,-118.0,164.0
41.2849,-131.0,166.0
41.2901,134.0,166.0
41.2946,199.0,168.0
41.3004,-128.0,168.0
41.3048,-244.0,170.0
41.31,114.0,172.0
41.315,260.0,174.0
41.3203,-61.0,174.0
41.3246,-199.0,178.0
41.3299,-17.0,176.0
41.3347,44.0,174.0
41.3397,51.0,174.0
41.3449,121.0,176.0
41.3504,-10.0,176.0
41.3546,-166.0,178.0
41.3598,-40.0,176.0
41.3652,43.0,176.0
41.3701,3.0,174.0
41.3749,139.0,176.0
41.3801,136.0,174.0
41.3852,-201.0,176.0
41.3896,-260.0,178.0
41.3948,83.0,178.0
41.4,218.0,180.0
41.4051,82.0,180.0
41.4096,-25.0,180.0
41.4149,-123.0,180.0
41.4202,-129.0,180.0
41.4247,46.0,180.0
41.4299,112.0,180.0
41.4353,6.0,180.0
41.4402,-10.0,178.0
41.4449,13.0,178.0
41.4497,-18.0,176.0
41.4549,-1.0,176.0
41.4601,-13.0,176.0
41.4652,-103.0,176.0
41.4697,-22.0,176.0
41.4749,176.0,178.0
41.4799,109.0,180.0
41.485,-97.0,180.0
41.4914,-90.0,180.0
41.4948,-40.0,178.0
41.5001,-58.0,176.0
41.5052,53.0,174.0
41.5097,165.0,176.0
41.5149,65.0,176.0
41.5203,-88.0,178.0
41.5252,-137.0,178.0
41.5302,-72.0,180.0
41.5347,66.0,178.0
41.5398,107.0,178.0
41.5448,22.0,176.0
41.5496,8.0,174.0
41.5546,23.0,174.0
41.56,-98.0,174.0
41.565,-154.0,176.0
41.5699,51.0,178.0
41.5751,215.0,180.0
41.5804,39.0,180.0
41.5851,-176.0,182.0
41.5902,-56.0,180.0
41.5951,142.0,182.0
41.5999,17.0,180.0
41.6055,-154.0,182.0
41.6096,15.0,180.0
41.6147,139.0,182.0
41.6198,-55.0,184.0
41.6249,-62.0,184.0
41.6299,123.0,186.0
41.6356,-18.0,184.0
41.6396,-165.0,186.0
41.6447,56.0,186.0
41.6496,125.0,188.0
41.6551,-85.0,186.0
41.6599,-30.0,184.0
41.6651,131.0,184.0
41.6699,-55.0,182.0
41.6747,-159.0,182.0
41.6796,104.0,180.0
41.685,153.0,180.0
41.6897,-116.0,180.0
41.6948,-128.0,182.0
41.6998,97.0,184.0
41.7049,100.0,184.0
41.7098,-53.0,184.0
41.7149,-68.0,184.0
41.7203,-2.0,182.0
41.7246,8.0,180.0
41.7302,29.0,180.0
41.7348,93.0,178.0
41.7399,33.0,178.0
41.7448,-178.0,178.0
41.7505,-180.0,180.0
41.7546,164.0,180.0
41.7598,293.0,184.0
41.7646,-81.0,182.0
41.7701,-247.0,184.0
41.7747,55.0,182.0
41.7798,51.0,180.0
41.7868,-162.0,182.0
41.7897,147.0,182.0
41.7947,323.0,186.0
41.7997,-226.0,186.0
41.8047,-379.0,192.0
41.8097,199.0,190.0
41.8146,268.0,194.0
41.8197,-150.0,194.0
41.8247,-64.0,194.0
41.8297,132.0,196.0
41.8348,-124.0,196.0
41.8399,-164.0,198.0
41.8449,212.0,202.0
41.8497,219.0,204.0
41.8548,-168.0,206.0
41.8602,-231.0,210.0
41.8647,52.0,210.0
41.8698,171.0,212.0
41.8746,32.0,212.0
41.8796,-76.0,212.0
41.8848,-38.0,212.0
41.8904,11.0,210.0
41.8947,5.0,210.0
41.8998,15.0,208.0
41.9046,25.0,208.0
41.9096,-45.0,210.0
41.9147,-61.0,210.0
41.9199,86.0,208.0
41.9248,118.0,208.0
41.9299,-80.0,208.0
41.9347,-160.0,208.0
41.9396,8.0,206.0
41.9449,154.0,204.0
41.9501,69.0,204.0
41.9547,-126.0,200.0
41.9598,-104.0,202.0
41.9646,105.0,200.0
41.9697,85.0,202.0
41.9748,-72.0,202.0
41.9798,-2.0,200.0
41.9848,39.0,200.0
41.9899,-111.0,202.0
41.9947,-60.0,200.0
41.9997,163.0,202.0
42.0047,128.0,202.0
42.0097,-108.0,204.0
42.0147,-156.0,204.0
42.0196,10.0,202.0
42.0246,84.0,200.0
42.0296,12.0,198.0
42.0348,46.0,196.0
42.0397,79.0,194.0
42.0448,-130.0,196.0
42.0497,-191.0,198.0
42.0553,103.0,198.0
42.0598,190.0,198.0
42.0647,-23.0,198.0
42.0697,-53.0,196.0
42.0746,3.0,196.0
42.0798,-103.0,198.0
42.0846,-59.0,200.0
42.0897,159.0,202.0
42.0948,104.0,202.0
42.1001,-106.0,204.0
42.1046,-67.0,204.0
42.1096,20.0,204.0
42.1146,-22.0,202.0
42.1197,34.0,200.0
42.1247,103.0,200.0
42.1297,-45.0,200.0
42.1348,-145.0,202.0
42.1396,18.0,200.0
42.1448,142.0,202.0
42.1499,35.0,200.0
42.1548,-95.0,200.0
42.1597,-97.0,200.0
42.1648,35.0,198.0
42.1697,139.0,200.0
42.1748,-16.0,200.0
42.1799,-157.0,200.0
42.1846,40.0,200.0
42.1897,159.0,202.0
42.1947,-51.0,204.0
42.1998,-126.0,204.0
42.2048,34.0,202.0
42.2097,29.0,202.0
42.2147,-32.0,198.0
42.2197,99.0,200.0
42.2246,46.0,198.0
42.23,-207.0,200.0
42.2349,-30.0,198.0
42.2398,272.0,202.0
42.2449,-18.0,200.0
42.2496,-264.0,204.0
42.2546,58.0,202.0
42.2598,149.0,204.0
42.2651,-76.0,204.0
42.2696,8.0,202.0
42.2747,75.0,204.0
42.2798,-105.0,202.0
42.2848,-52.0,202.0
42.2898,129.0,202.0
42.295,40.0,202.0
42.2998,-122.0,204.0
42.3047,-79.0,202.0
42.3097,87.0,202.0
42.3148,140.0,202.0
42.3198,-23.0,202.0
42.325,-161.0,202.0
42.3298,-29.0,200.0
42.3346,133.0,200.0
42.3396,24.0,198.0
42.3447,-117.0,200.0
42.3497,22.0,198.0
42.3547,149.0,200.0
42.3597,-39.0,200.0
42.3647,-181.0,204.0
42.3697,-17.0,202.0
42.3747,152.0,204.0
42.3801,100.0,204.0
42.3847,-95.0,204.0
42.3897,-150.0,204.0
42.3946,82.0,202.0
42.3997,165.0,200.0
42.4048,-106.0,200.0
42.4098,-148.0,198.0
42.415,107.0,200.0
42.4196,80.0,200.0
42.4246,-68.0,198.0
42.4298,26.0,196.0
42.4347,22.0,192.0
42.4398,-107.0,190.0
42.4447,-8.0,184.0
42.4499,108.0,182.0
42.4547,30.0,180.0
42.4598,-27.0,178.0
42.4648,-42.0,176.0
42.4697,-77.0,176.0
42.4747,1.0,174.0
42.4798,113.0,174.0
42.4846,69.0,172.0
42.4898,-32.0,168.0
42.4949,-112.0,168.0
42.4997,-98.0,166.0
42.5047,114.0,166.0
42.5097,175.0,166.0
42.5147,-107.0,168.0
42.5198,-174.0,168.0
42.5248,118.0,170.0
42.5297,147.0,172.0
42.5347,-149.0,174.0
42.5397,-146.0,176.0
42.5448,172.0,178.0
42.55,167.0,180.0
42.5549,-153.0,182.0
42.5599,-161.0,184.0
42.5646,98.0,184.0
42.5696,102.0,184.0
42.5748,-69.0,182.0
42.5798,-29.0,182.0
42.5848,95.0,182.0
42.5897,8.0,180.0
42.5948,-108.0,180.0
42.5998,-34.0,180.0
42.6048,42.0,178.0
42.6098,34.0,178.0
42.6146,50.0,176.0
42.6196,8.0,178.0
42.6246,-78.0,178.0
42.6296,-35.0,176.0
42.6347,37.0,176.0
42.6397,16.0,174.0
42.6447,12.0,172.0
42.6498,7.0,170.0
42.6546,-31.0,168.0
42.6597,13.0,168.0
42.6647,24.0,168.0
42.6697,-77.0,168.0
42.6747,-25.0,168.0
42.6797,124.0,170.0
42.6848,49.0,168.0
42.6897,-109.0,166.0
42.6947,-75.0,166.0
42.6998,39.0,164.0
42.7047,57.0,164.0
42.7097,21.0,164.0
42.7148,33.0,164.0
42.7199,-8.0,162.0
42.7248,-143.0,164.0
42.7297,-73.0,162.0
42.7346,175.0,164.0
42.7396,144.0,164.0
42.7448,-107.0,164.0
42.75,-150.0,168.0
42.7546,-5.0,166.0
42.7596,103.0,168.0
42.7646,122.0,168.0
42.7696,-29.0,168.0
42.7749,-219.0,170.0
42.7799,-59.0,170.0
42.7847,249.0,172.0
42.7897,129.0,172.0
42.7948,-193.0,174.0
42.7997,-127.0,174.0
42.8047,109.0,176.0
42.8098,42.0,174.0
42.8148,-54.0,176.0
42.8196,60.0,174.0
42.8246,18.0,174.0
42.8296,-112.0,172.0
42.8348,34.0,172.0
42.8398,101.0,172.0
42.8448,-97.0,172.0
42.8498,-41.0,172.0
42.8547,130.0,174.0
42.86,-53.0,174.0
42.8647,-114.0,174.0
42.8697,151.0,174.0
42.8746,53.0,174.0
42.8797,-214.0,174.0
42.8846,18.0,174.0
42.8896,222.0,172.0
42.8949,-69.0,172.0
42.8997,-173.0,174.0
42.9046,106.0,174.0
42.9098,93.0,176.0
42.9147,-156.0,176.0
42.9201,-39.0,176.0
42.9247,194.0,178.0
42.9296,33.0,176.0
42.9347,-173.0,178.0
42.9396,-29.0,176.0
42.9447,101.0,178.0
42.9501,-4.0,176.0
42.9547,-32.0,174.0
42.9597,32.0,174.0
42.9647,-14.0,172.0
42.9698,-23.0,172.0
42.9748,55.0,170.0
42.9799,23.0,170.0
42.9847,-68.0,170.0
42.9897,-69.0,170.0
42.9947,14.0,168.0
42.9999,93.0,170.0
43.0047,79.0,168.0
43.0099,-28.0,168.0
43.0148,-118.0,168.0
43.0196,-78.0,166.0
43.0246,42.0,166.0
43.0298,127.0,166.0
43.035,124.0,166.0
43.0396,-68.0,164.0
43.0447,-308.0,168.0
43.0497,-96.0,168.0
43.0549,386.0,172.0
43.0597,299.0,176.0
43.0648,-272.0,178.0
43.07,-395.0,184.0
43.0749,53.0,184.0
43.0797,283.0,188.0
43.0848,64.0,188.0
43.0899,-51.0,188.0
43.0949,9.0,186.0
43.0997,-119.0,188.0
43.1047,-165.0,190.0
43.1103,149.0,192.0
43.1147,244.0,196.0
43.1201,-93.0,194.0
43.1246,-202.0,196.0
43.1297,43.0,198.0
43.1346,119.0,198.0
43.1397,-39.0,196.0
43.1446,-78.0,196.0
43.15,60.0,194.0
43.1548,75.0,194.0
43.1596,-87.0,192.0
43.1646,-84.0,192.0
43.1696,111.0,190.0
43.1748,99.0,190.0
43.1797,-114.0,190.0
43.1848,-91.0,188.0
43.1901,104.0,188.0
43.1947,28.0,186.0
43.1999,-130.0,186.0
43.2048,48.0,184.0
43.2098,205.0,186.0
43.2148,-43.0,186.0
43.2197,-258.0,190.0
43.2247,-71.0,188.0
43.2298,191.0,192.0
43.2351,185.0,192.0
43.2397,-2.0,192.0
43.2447,-163.0,194.0
43.2499,-160.0,196.0
43.2546,24.0,196.0
43.2596,140.0,198.0
43.2648,76.0,198.0
43.2697,46.0,198.0
43.2747,-47.0,198.0
43.2797,-237.0,202.0
43.2846,-64.0,202.0
43.2899,306.0,206.0
43.2949,171.0,210.0
43.2997,-231.0,212.0
43.3047,-206.0,216.0
43.3097,79.0,216.0
43.3148,124.0,216.0
43.3197,16.0,216.0
43.3247,25.0,214.0
43.3297,27.0,214.0
43.3347,-119.0,214.0
43.3397,-141.0,216.0
43.3447,102.0,216.0
43.35,186.0,220.0
43.3547,-37.0,220.0
43.3597,-119.0,220.0
43.3648,17.0,220.0
43.3696,10.0,218.0
43.3749,-60.0,216.0
43.3797,49.0,214.0
43.3848,99.0,214.0
43.39,-48.0,214.0
43.395,-75.0,214.0
43.3996,41.0,214.0
43.4048,14.0,212.0
43.4097,-64.0,212.0
43.4147,22.0,208.0
43.4197,76.0,210.0
43.4248,-32.0,206.0
43.4296,-4.0,204.0
43.435,57.0,202.0
43.4397,-148.0,202.0
43.4449,-131.0,202.0
43.4497,280.0,206.0
43.4547,226.0,208.0
43.46,-283.0,212.0
43.4647,-239.0,216.0
43.4697,173.0,216.0
43.4747,91.0,218.0
43.4797,-75.0,218.0
43.4848,131.0,218.0
43.49,65.0,218.0
43.495,-235.0,220.0
43.4997,-67.0,220.0
43.5047,160.0,220.0
43.5097,-17.0,218.0
43.5149,-34.0,218.0
43.5201,143.0,218.0
43.5249,-22.0,218.0
43.5299,-192.0,216.0
43.5348,25.0,216.0
43.5397,135.0,216.0
43.5448,-42.0,214.0
43.5498,-49.0,214.0
43.5547,81.0,212.0
43.5596,-5.0,212.0
43.5646,-114.0,210.0
43.5697,41.0,210.0
43.5748,156.0,210.0
43.58,-72.0,212.0
43.5849,-236.0,214.0
43.5899,59.0,214.0
43.5947,304.0,218.0
43.5996,8.0,218.0
43.6048,-276.0,222.0
43.6099,-55.0,222.0
43.6148,176.0,224.0
43.6197,22.0,224.0
43.6247,-115.0,226.0
43.6298,28.0,224.0
43.6351,91.0,226.0
43.6399,-36.0,226.0
43.6448,10.0,224.0
43.6499,47.0,224.0
43.6546,-207.0,226.0
43.6598,-143.0,226.0
43.6647,341.0,232.0
43.6697,296.0,234.0
43.6747,-264.0,236.0
43.6797,-373.0,240.0
43.6848,35.0,236.0
43.6898,277.0,240.0
43.6948,150.0,236.0
43.6999,-68.0,232.0
43.7047,-170.0,230.0
43.7097,-96.0,226.0
43.7147,66.0,226.0
43.7199,119.0,224.0
43.7248,48.0,224.0
43.7298,-35.0,224.0
43.7347,-114.0,224.0
43.7397,-50.0,224.0
43.7449,144.0,224.0
43.7499,62.0,222.0
43.7548,-177.0,220.0
43.7597,0.0,220.0
43.7646,228.0,220.0
43.7696,-80.0,220.0
43.7747,-267.0,222.0
43.7798,105.0,224.0
43.7878,239.0,226.0
43.7896,-50.0,226.0
43.7947,-127.0,226.0
43.7996,-50.0,226.0
43.8048,-9.0,226.0
43.8097,135.0,226.0
43.8147,100.0,226.0
43.8197,-137.0,226.0
43.8247,-138.0,226.0
43.8299,36.0,226.0
43.8349,155.0,228.0
43.8397,111.0,228.0
43.8449,-158.0,230.0
43.8496,-223.0,230.0
43.8547,140.0,230.0
43.8597,246.0,230.0
43.8651,-119.0,232.0
43.8697,-195.0,232.0
43.8747,125.0,230.0
43.8798,128.0,232.0
43.8847,-153.0,232.0
43.8897,-92.0,232.0
43.8947,162.0,234.0
43.8997,85.0,232.0
43.9047,-125.0,234.0
43.9097,-71.0,234.0
43.9146,75.0,234.0
43.9199,42.0,232.0
43.9247,-55.0,232.0
43.9297,-14.0,226.0
43.9348,64.0,224.0
43.9397,-23.0,222.0
43.9448,-95.0,220.0
43.9498,76.0,220.0
43.9547,157.0,220.0
43.9596,-91.0,222.0
43.9647,-223.0,224.0
43.9696,20.0,224.0
43.9747,239.0,226.0
43.98,74.0,226.0
43.9849,-198.0,226.0
43.9897,-94.0,226.0
43.9946,159.0,228.0
43.9997,37.0,226.0
44.0047,-152.0,228.0
44.0097,4.0,228.0
44.0147,128.0,230.0
44.0196,29.0,228.0
44.0247,-38.0,228.0
44.0297,-100.0,228.0
44.0351,-71.0,228.0
44.0399,142.0,230.0
44.0448,109.0,232.0
44.0496,-147.0,232.0
44.0546,-46.0,234.0
44.06,157.0,234.0
44.0649,-53.0,234.0
44.0697,-185.0,238.0
44.0747,108.0,238.0
44.0796,178.0,238.0
44.0846,-105.0,238.0
44.0897,-91.0,236.0
44.0948,98.0,234.0
44.0998,-40.0,230.0
44.1047,-133.0,228.0
44.1097,125.0,228.0
44.1147,181.0,228.0
44.1201,-107.0,230.0
44.1247,-170.0,230.0
44.1297,24.0,230.0
44.1347,100.0,228.0
44.1404,41.0,226.0
44.1447,-53.0,226.0
44.1501,-71.0,226.0
44.1546,77.0,226.0
44.1596,96.0,226.0
44.1646,-119.0,228.0
44.1698,-118.0,226.0
44.1748,111.0,228.0
44.18,99.0,226.0
44.1848,-43.0,226.0
44.1896,2.0,226.0
44.1949,-25.0,226.0
44.1997,-166.0,228.0
44.2047,22.0,226.0
44.2097,287.0,230.0
44.2149,62.0,228.0
44.2197,-257.0,232.0
44.2247,-147.0,230.0
44.2298,90.0,230.0
44.235,144.0,228.0
44.2399,73.0,230.0
44.2446,-52.0,226.0
44.2499,-112.0,226.0
44.2547,-38.0,224.0
44.2598,40.0,224.0
44.2647,64.0,224.0
44.2697,51.0,224.0
44.2746,-41.0,224.0
44.2797,-106.0,224.0
44.2849,-7.0,224.0
44.2897,108.0,226.0
44.2947,81.0,224.0
44.2997,-29.0,222.0
44.3046,-147.0,218.0
44.3098,-117.0,216.0
44.3149,134.0,214.0
44.3199,233.0,212.0
44.3248,-56.0,212.0
44.3298,-231.0,212.0
44.3347,51.0,210.0
44.3398,161.0,212.0
44.3447,-189.0,212.0
44.3501,-132.0,212.0
44.3547,334.0,216.0
44.3597,145.0,216.0
44.3646,-323.0,222.0
44.3697,-96.0,222.0
44.3748,205.0,224.0
44.38,-25.0,224.0
44.3849,-125.0,222.0
44.3896,102.0,224.0
44.3946,96.0,222.0
44.3999,-53.0,222.0
44.4048,-38.0,220.0
44.4097,-69.0,220.0
44.4148,-57.0,216.0
44.4196,178.0,218.0
44.4247,136.0,216.0
44.4297,-214.0,218.0
44.4348,-172.0,220.0
44.4397,169.0,222.0
44.4448,168.0,224.0
44.4497,-80.0,222.0
44.4547,-131.0,224.0
44.46,11.0,222.0
44.4647,81.0,220.0
44.4697,0.0,220.0
44.4747,-38.0,218.0
44.4797,27.0,216.0
44.4847,-24.0,214.0
44.4899,-77.0,212.0
44.4947,111.0,212.0
44.4997,149.0,210.0
44.5047,-153.0,210.0
44.5097,-205.0,212.0
44.5146,109.0,210.0
44.5197,199.0,212.0
44.5247,-42.0,210.0
44.5298,-163.0,212.0
44.5348,23.0,210.0
44.5397,174.0,210.0
44.5447,-32.0,210.0
44.5499,-233.0,212.0
44.5546,-3.0,210.0
44.5597,259.0,214.0
44.5647,90.0,214.0
44.5697,-189.0,218.0
44.5747,-146.0,218.0
44.5798,72.0,220.0
44.5848,124.0,220.0
44.5897,1.0,218.0
44.5946,-64.0,218.0
44.5996,-13.0,216.0
44.6048,12.0,212.0
44.61,-3.0,212.0
44.6146,24.0,208.0
44.6196,27.0,208.0
44.6246,-33.0,206.0
44.6296,-51.0,204.0
44.635,-7.0,202.0
44.6397,53.0,202.0
44.6448,66.0,202.0
44.6497,-34.0,202.0
44.6546,-100.0,202.0
44.6598,11.0,202.0
44.6652,112.0,202.0
44.6696,24.0,202.0
44.6747,-105.0,202.0
44.6797,-91.0,200.0
44.6846,68.0,200.0
44.6897,176.0,200.0
44.6947,-12.0,200.0
44.6997,-241.0,202.0
44.7046,-26.0,202.0
44.7097,241.0,202.0
44.7148,13.0,200.0
44.7197,-182.0,200.0
44.7247,45.0,200.0
44.7296,139.0,200.0
44.7347,-80.0,200.0
44.7398,-150.0,202.0
44.7447,40.0,200.0
44.7499,154.0,200.0
44.7547,14.0,198.0
44.7597,-92.0,198.0
44.7647,0.0,196.0
44.7696,-19.0,196.0
44.7751,-92.0,196.0
44.7797,110.0,196.0
44.7847,200.0,198.0
44.7898,-122.0,200.0
44.7947,-237.0,202.0
44.7997,83.0,202.0
44.8048,167.0,202.0
44.8098,-76.0,202.0
44.8147,-52.0,200.0
44.8199,122.0,202.0
44.8246,-8.0,200.0
44.8299,-151.0,202.0
44.8348,-2.0,202.0
44.8398,108.0,202.0
44.8446,18.0,202.0
44.8496,-37.0,198.0
44.8547,-11.0,196.0
44.8596,-7.0,192.0
44.8647,14.0,190.0
44.8698,38.0,190.0
44.8747,-27.0,188.0
44.8796,-79.0,188.0
44.8848,5.0,188.0
44.8896,89.0,188.0
44.8947,44.0,188.0
44.8998,-21.0,186.0
44.9046,-52.0,186.0
44.9096,-87.0,188.0
44.9148,-20.0,188.0
44.9198,156.0,188.0
44.9248,142.0,190.0
44.9298,-160.0,190.0
44.9346,-256.0,194.0
44.9397,126.0,194.0
44.9449,293.0,198.0
44.95,-84.0,196.0
44.9551,-216.0,198.0
44.9596,58.0,196.0
44.9646,75.0,196.0
44.9696,-59.0,192.0
44.9746,35.0,192.0
44.9797,95.0,192.0
44.985,-61.0,190.0
44.9898,-158.0,190.0
44.9948,-5.0,184.0
44.9997,177.0,186.0
45.0047,102.0,182.0
45.0098,-107.0,182.0
45.0147,-143.0,182.0
45.0196,25.0,182.0
45.0246,110.0,180.0
45.0298,-39.0,180.0
45.0348,-87.0,180.0
45.0396,122.0,180.0
45.045,131.0,182.0
45.0498,-154.0,184.0
45.0547,-180.0,186.0
45.0597,95.0,184.0
45.0647,166.0,184.0
45.0697,-29.0,182.0
45.0747,-130.0,182.0
45.0796,10.0,178.0
45.0846,132.0,178.0
45.0896,-14.0,178.0
45.0948,-154.0,178.0
45.0997,6.0,178.0
45.1047,157.0,178.0
45.1096,31.0,180.0
45.1147,-120.0,180.0
45.1199,-116.0,182.0
45.1246,19.0,182.0
45.13,198.0,184.0
45.1346,127.0,184.0
45.1396,-189.0,184.0
45.1447,-213.0,186.0
45.15,93.0,184.0
45.1547,164.0,184.0
45.1596,-16.0,182.0
45.1647,-47.0,182.0
45.1696,3.0,180.0
45.1751,-34.0,180.0
45.1811,-2.0,176.0
45.1848,61.0,178.0
45.1897,-10.0,174.0
45.1947,-54.0,174.0
45.1997,9.0,170.0
45.2051,0.0,170.0
45.2097,14.0,166.0
45.2147,90.0,166.0
45.2196,-53.0,166.0
45.2247,-151.0,166.0
45.2297,125.0,168.0
45.2349,135.0,168.0
45.2398,-242.0,172.0
45.2447,-73.0,174.0
45.2497,346.0,178.0
45.2547,13.0,178.0
45.2597,-350.0,184.0
45.2646,48.0,184.0
45.2697,247.0,186.0
45.2746,-129.0,188.0
45.2796,-118.0,190.0
45.2847,215.0,192.0
45.2897,54.0,192.0
45.2951,-262.0,194.0
45.2998,-91.0,196.0
45.3047,218.0,198.0
45.3096,176.0,200.0
45.3147,-90.0,200.0
45.3198,-207.0,202.0
45.3247,-33.0,202.0
45.3298,148.0,200.0
45.3346,60.0,202.0
45.3396,-62.0,198.0
45.3447,13.0,198.0
45.35,12.0,194.0
45.3547,-127.0,196.0
45.3596,1.0,194.0
45.3647,225.0,196.0
45.3697,7.0,194.0
45.3748,-255.0,198.0
45.3797,-31.0,196.0
45.3848,182.0,198.0
45.3897,30.0,196.0
45.3946,-51.0,196.0
45.3996,22.0,196.0
45.4049,-30.0,196.0
45.4099,-83.0,196.0
45.4146,18.0,196.0
45.4197,98.0,196.0
45.4247,30.0,192.0
45.4298,-65.0,192.0
45.4348,-42.0,188.0
45.4397,28.0,188.0
45.4447,3.0,186.0
45.4498,-30.0,184.0
45.4546,43.0,184.0
45.4597,58.0,184.0
45.4646,-49.0,184.0
45.4696,-60.0,182.0
45.4746,5.0,182.0
45.4796,13.0,182.0
45.4846,48.0,182.0
45.4898,45.0,182.0
45.4948,-73.0,182.0
45.4998,-57.0,184.0
45.5046,78.0,184.0
45.5096,10.0,184.0
45.5147,-99.0,186.0
45.5197,34.0,184.0
45.5247,124.0,186.0
45.5296,-15.0,186.0
45.5346,-94.0,186.0
45.5396,-49.0,186.0
45.545,-1.0,186.0
45.5498,101.0,186.0
45.5547,92.0,188.0
45.5597,-112.0,186.0
45.5647,-110.0,186.0
45.5697,92.0,184.0
45.5747,63.0,182.0
45.5798,-63.0,180.0
45.5846,-10.0,176.0
45.5898,34.0,176.0
45.5946,-2.0,172.0
45.5996,-4.0,172.0
45.6047,-41.0,170.0
45.6097,-21.0,170.0
45.6146,153.0,172.0
45.6196,63.0,172.0
45.6246,-297.0,176.0
45.6298,-169.0,176.0
45.6348,350.0,180.0
45.6396,298.0,182.0
45.6449,-223.0,184.0
45.6496,-302.0,188.0
45.6546,17.0,186.0
45.6598,116.0,188.0
45.6648,61.0,186.0
45.6697,88.0,188.0
45.6747,20.0,186.0
45.6797,-102.0,186.0
45.6846,-86.0,186.0
45.6898,-58.0,184.0
45.6947,13.0,182.0
45.6997,200.0,182.0
45.7047,116.0,182.0
45.7097,-206.0,184.0
45.7146,-158.0,186.0
45.7197,128.0,186.0
45.7247,82.0,186.0
45.7296,-71.0,188.0
45.7346,52.0,186.0
45.7396,64.0,186.0
45.745,-192.0,186.0
45.7498,-89.0,188.0
45.7548,285.0,190.0
45.7597,107.0,190.0
45.7647,-277.0,194.0
45.7696,-80.0,192.0
45.7753,179.0,194.0
45.7797,16.0,190.0
45.7847,-61.0,188.0
45.7898,17.0,186.0
45.7947,-20.0,184.0
45.7996,11.0,184.0
45.8049,62.0,184.0
45.8098,-55.0,186.0
45.8147,-70.0,186.0
45.8196,56.0,188.0
45.8246,50.0,186.0
45.8298,-10.0,186.0
45.8349,-21.0,186.0
45.8397,-66.0,188.0
45.8447,-12.0,188.0
45.8496,158.0,190.0
45.8547,60.0,190.0
45.8598,-225.0,192.0
45.8648,-101.0,192.0
45.8699,221.0,192.0
45.8747,104.0,192.0
45.8797,-156.0,190.0
45.8847,-61.0,190.0
45.8898,78.0,186.0
45.8948,-13.0,186.0
45.8997,-40.0,182.0
45.9046,83.0,182.0
45.9096,67.0,180.0
45.9146,-94.0,178.0
45.92,-133.0,180.0
45.9247,53.0,176.0
45.9297,194.0,178.0
45.9346,-34.0,176.0
45.9397,-254.0,178.0
45.9447,79.0,176.0
45.9497,322.0,178.0
45.9549,-162.0,178.0
45.9597,-367.0,182.0
45.9647,233.0,184.0
45.9696,359.0,188.0
45.9746,-235.0,190.0
45.9798,-301.0,194.0
45.9847,167.0,196.0
45.9896,198.0,200.0
45.9947,-127.0,200.0
45.9998,-79.0,200.0
46.0046,209.0,200.0
46.0098,16.0,200.0
46.0149,-368.0,202.0
46.0196,-68.0,204.0
46.0246,407.0,206.0
46.0296,173.0,208.0
46.0348,-190.0,210.0
46.0399,-169.0,214.0
46.045,-165.0,216.0
46.0498,-38.0,214.0
46.0546,371.0,220.0
46.0596,330.0,224.0
46.0651,-265.0,228.0
46.07,-433.0,234.0
46.0746,17.0,232.0
46.0796,245.0,236.0
46.0846,83.0,238.0
46.0896,18.0,238.0
46.0948,17.0,236.0
46.0997,-116.0,238.0
46.1047,-142.0,240.0
46.1096,23.0,238.0
46.1147,148.0,240.0
46.1198,123.0,242.0
46.1248,-40.0,242.0
46.13,-180.0,244.0
46.1346,-86.0,244.0
46.1396,77.0,246.0
46.1446,130.0,246.0
46.1507,120.0,248.0
46.1559,-41.0,246.0
46.1597,-241.0,250.0
46.1649,-124.0,250.0
46.1696,176.0,252.0
46.1751,253.0,256.0
46.1804,3.0,254.0
46.1852,-281.0,258.0
46.1898,-147.0,260.0
46.1949,258.0,262.0
46.2,201.0,264.0
46.2049,-253.0,266.0
46.2098,-204.0,268.0
46.2149,243.0,270.0
46.2197,180.0,272.0
46.2248,-183.0,274.0
46.2297,-121.0,276.0
46.2348,106.0,278.0
46.24,53.0,278.0
46.2446,-64.0,278.0
46.2496,-13.0,278.0
46.2547,69.0,278.0
46.2597,-10.0,276.0
46.2646,-126.0,274.0
46.2699,28.0,272.0
46.2746,216.0,270.0
46.2796,-9.0,266.0
46.2847,-276.0,266.0
46.2897,-51.0,262.0
46.2947,271.0,266.0
46.2997,113.0,266.0
46.3047,-225.0,268.0
46.3098,-157.0,270.0
46.3146,147.0,272.0
46.3197,187.0,272.0
46.3248,-23.0,272.0
46.3297,-176.0,274.0
46.3348,-122.0,276.0
46.3396,97.0,274.0
46.3447,192.0,274.0
46.3499,0.0,272.0
46.3547,-130.0,272.0
46.36,-13.0,270.0
46.3646,12.0,268.0
46.3699,-61.0,268.0
46.3754,39.0,268.0
46.3796,107.0,268.0
46.3846,-29.0,266.0
46.3896,-49.0,266.0
46.3947,57.0,262.0
46.3999,-32.0,260.0
46.4051,-108.0,258.0
46.4097,42.0,258.0
46.4147,50.0,256.0
46.4197,-26.0,256.0
46.4246,112.0,256.0
46.4299,80.0,258.0
46.4348,-206.0,260.0
46.4397,-170.0,262.0
46.4447,133.0,264.0
46.4496,171.0,266.0
46.4546,3.0,264.0
46.4597,-57.0,264.0
46.4648,-51.0,264.0
46.4697,-53.0,266.0
46.4748,-12.0,266.0
46.4796,47.0,266.0
46.4846,66.0,266.0
46.4897,44.0,264.0
46.4946,-1.0,264.0
46.4997,-73.0,260.0
46.5048,-133.0,262.0
46.5096,-50.0,258.0
46.5146,186.0,260.0
46.5198,221.0,260.0
46.5248,-102.0,262.0
46.5297,-255.0,264.0
46.5345,9.0,264.0
46.5396,134.0,266.0
46.5448,-37.0,266.0
46.5499,-7.0,264.0
46.555,139.0,264.0
46.5599,-36.0,264.0
46.5646,-197.0,266.0
46.5698,14.0,262.0
46.5748,214.0,266.0
46.58,66.0,262.0
46.585,-238.0,266.0
46.5896,-208.0,264.0
46.5946,220.0,264.0
46.5999,309.0,264.0
46.6047,-125.0,262.0
46.61,-253.0,260.0
46.6148,33.0,256.0
46.6198,77.0,254.0
46.6246,-17.0,250.0
46.6297,71.0,248.0
46.6349,39.0,248.0
46.6399,-111.0,248.0
46.6453,-36.0,246.0
46.6498,86.0,246.0
46.6548,3.0,240.0
46.6596,-75.0,240.0
46.6654,8.0,234.0
46.6695,79.0,234.0
46.6747,22.0,230.0
46.6798,-33.0,228.0
46.6852,-40.0,226.0
46.6899,-59.0,226.0
46.695,-6.0,222.0
46.6996,119.0,218.0
46.705,83.0,214.0
46.71,-106.0,210.0
46.7154,-113.0,212.0
46.7204,58.0,208.0
46.7251,67.0,208.0
46.73,0.0,208.0
46.7348,35.0,208.0
46.7399,-85.0,208.0
46.7449,-179.0,208.0
46.7505,178.0,210.0
46.7559,339.0,214.0
46.7597,-203.0,214.0
46.7649,-437.0,222.0
46.7699,142.0,220.0
46.7751,403.0,226.0
46.7799,-75.0,226.0
46.7848,-292.0,228.0
46.7898,42.0,226.0
46.7948,203.0,230.0
46.7998,7.0,226.0
46.8051,-122.0,226.0
46.8097,-86.0,224.0
46.8149,-29.0,220.0
46.8196,94.0,222.0
46.8249,204.0,220.0
46.8297,43.0,220.0
46.8355,-243.0,220.0
46.8397,-227.0,220.0
46.8448,93.0,216.0
46.8498,266.0,218.0
46.8548,111.0,216.0
46.8599,-80.0,214.0
46.8652,-176.0,214.0
46.8711,-192.0,216.0
46.8746,52.0,214.0
46.8799,338.0,218.0
46.8849,109.0,220.0
46.8899,-306.0,224.0
46.8952,-147.0,226.0
46.9002,220.0,228.0
46.9049,66.0,228.0
46.9099,-178.0,230.0
46.915,23.0,228.0
46.9197,172.0,230.0
46.9246,-58.0,226.0
46.9302,-178.0,228.0
46.9349,59.0,224.0
46.9396,187.0,226.0
46.9448,-90.0,224.0
46.9504,-198.0,224.0
46.9552,177.0,226.0
46.9599,220.0,226.0
46.9649,-242.0,230.0
46.9699,-248.0,230.0
46.9752,191.0,232.0
46.9798,227.0,234.0
46.9847,-64.0,232.0
46.9898,-134.0,234.0
46.9946,-16.0,232.0
46.9999,42.0,232.0
47.005,28.0,232.0
47.0101,-25.0,232.0
47.0149,-40.0,232.0
47.0198,47.0,230.0
47.0246,61.0,232.0
47.03,-58.0,232.0
47.0348,-43.0,232.0
47.0401,69.0,232.0
47.0451,-4.0,230.0
47.0499,-69.0,230.0
47.0549,50.0,230.0
47.0599,15.0,230.0
47.0653,-111.0,230.0
47.0696,48.0,230.0
47.0751,185.0,230.0
47.08,-29.0,228.0
47.0851,-206.0,228.0
47.09,-63.0,226.0
47.0946,148.0,230.0
47.0996,150.0,230.0
47.1049,-65.0,230.0
47.1096,-160.0,232.0
47.1147,4.0,232.0
47.1198,54.0,232.0
47.125,11.0,232.0
47.1296,122.0,232.0
47.135,19.0,234.0
47.1397,-241.0,236.0
47.1447,-46.0,234.0
47.1501,250.0,238.0
47.155,21.0,234.0
47.1599,-212.0,234.0
47.1646,19.0,234.0
47.1696,174.0,232.0
47.1753,-20.0,232.0
47.1797,-118.0,232.0
47.1847,-18.0,232.0
47.1896,30.0,232.0
47.1946,53.0,230.0
47.1996,58.0,232.0
47.2067,-40.0,228.0
47.2096,-98.0,230.0
47.2148,-22.0,228.0
47.2196,64.0,226.0
47.2246,66.0,224.0
47.2296,10.0,222.0
47.2349,-7.0,218.0
47.2406,-43.0,214.0
47.2451,-121.0,214.0
47.2496,-33.0,210.0
47.2548,181.0,212.0
47.2596,162.0,214.0
47.2646,-83.0,214.0
47.2697,-219.0,218.0
47.2746,-81.0,218.0
47.2796,186.0,220.0
47.2846,160.0,220.0
47.2896,-179.0,222.0
47.295,-137.0,224.0
47.2998,249.0,228.0
47.3046,123.0,230.0
47.3096,-298.0,232.0
47.3149,-145.0,234.0
47.3196,245.0,238.0
47.325,130.0,240.0
47.33,-157.0,240.0
47.3347,-62.0,242.0
47.3396,132.0,242.0
47.3448,19.0,240.0
47.3498,-150.0,242.0
47.3547,-38.0,240.0
47.3598,124.0,242.0
47.3646,63.0,242.0
47.3696,-29.0,242.0
47.3747,-20.0,242.0
47.3797,-43.0,240.0
47.3846,-74.0,240.0
47.39,4.0,236.0
47.3946,106.0,232.0
47.3996,97.0,232.0
47.4046,-6.0,224.0
47.41,-102.0,224.0
47.4149,-129.0,220.0
47.4196,-37.0,218.0
47.4246,136.0,216.0
47.4297,165.0,218.0
47.4349,-6.0,216.0
47.4399,-134.0,218.0
47.4447,-111.0,218.0
47.4497,9.0,216.0
47.4546,120.0,218.0
47.4597,43.0,216.0
47.4648,-51.0,214.0
47.4696,21.0,214.0
47.4748,-44.0,210.0
47.4796,-135.0,210.0
47.4846,126.0,210.0
47.4899,220.0,210.0
47.4948,-133.0,210.0
47.4997,-211.0,212.0
47.5046,61.0,210.0
47.5097,103.0,208.0
47.5147,16.0,208.0
47.5198,18.0,202.0
47.5247,-66.0,202.0
47.5296,-88.0,198.0
47.5346,105.0,198.0
47.5396,120.0,196.0
47.5448,-120.0,198.0
47.5498,-118.0,196.0
47.5546,98.0,198.0
47.5596,68.0,196.0
47.5649,-74.0,196.0
47.5697,1.0,194.0
47.5747,82.0,194.0
47.5796,-38.0,192.0
47.5846,-101.0,192.0
47.5896,42.0,190.0
47.5946,91.0,188.0
47.5996,-55.0,186.0
47.6047,-25.0,182.0
47.6096,95.0,180.0
47.6146,-110.0,178.0
47.6197,-135.0,176.0
47.6246,279.0,180.0
47.6296,148.0,180.0
47.6347,-395.0,186.0
47.6396,-134.0,188.0
47.6446,384.0,194.0
47.6497,91.0,194.0
47.6546,-258.0,198.0
47.6596,2.0,196.0
47.6649,114.0,198.0
47.6698,-130.0,198.0
47.6748,-40.0,198.0
47.6797,238.0,202.0
47.6847,60.0,202.0
47.6897,-274.0,206.0
47.6949,-141.0,206.0
47.6996,201.0,210.0
47.7047,190.0,212.0
47.7097,-43.0,210.0
47.7146,-118.0,210.0
47.7196,-73.0,210.0
47.7247,-23.0,208.0
47.7296,54.0,208.0
47.7346,85.0,206.0
47.7395,33.0,204.0
47.7446,-12.0,204.0
47.7498,-51.0,202.0
47.7547,-90.0,204.0
47.7597,-17.0,204.0
47.7646,114.0,204.0
47.7695,68.0,204.0
47.7746,-95.0,206.0
47.7797,-58.0,202.0
47.7846,117.0,204.0
47.7897,63.0,200.0
47.7947,-146.0,202.0
47.7998,-127.0,200.0
47.805,82.0,202.0
47.8096,157.0,202.0
47.8146,45.0,202.0
47.8196,-62.0,202.0
47.8247,-84.0,202.0
47.8296,-85.0,204.0
47.8349,-5.0,202.0
47.8397,144.0,204.0
47.8446,96.0,204.0
47.8496,-94.0,204.0
47.8547,-83.0,206.0
47.8597,25.0,204.0
47.8647,-1.0,204.0
47.8697,-2.0,204.0
47.8746,71.0,204.0
47.8797,40.0,204.0
47.8846,-49.0,204.0
47.8897,-109.0,204.0
47.8948,-103.0,204.0
47.8996,121.0,202.0
47.9046,320.0,206.0
47.9096,-2.0,204.0
47.9148,-424.0,208.0
47.9197,-174.0,208.0
47.9246,300.0,210.0
47.9295,237.0,212.0
47.9349,-60.0,210.0
47.9398,-116.0,208.0
47.9446,-73.0,208.0
47.9498,-46.0,204.0
47.9546,29.0,202.0
47.9601,78.0,200.0
47.9652,51.0,198.0
47.9697,5.0,196.0
47.9749,-51.0,196.0
47.9796,-51.0,194.0
47.9847,7.0,194.0
47.9897,-4.0,192.0
47.9948,5.0,190.0
47.9996,77.0,190.0
48.0047,-5.0,190.0
48.0096,-90.0,190.0
48.0147,40.0,190.0
48.0196,60.0,190.0
48.0246,-93.0,192.0
48.0296,-21.0,192.0
48.0348,110.0,192.0
48.0396,-18.0,190.0
48.0446,-84.0,192.0
48.0496,47.0,190.0
48.0546,60.0,190.0
48.0597,-53.0,190.0
48.0646,-65.0,188.0
48.0696,37.0,186.0
48.0746,81.0,188.0
48.0796,-16.0,186.0
48.0845,-94.0,186.0
48.0897,2.0,186.0
48.0946,106.0,186.0
48.0996,6.0,184.0
48.1047,-97.0,186.0
48.1096,18.0,186.0
48.1146,36.0,186.0
48.1197,-102.0,184.0
48.1246,40.0,184.0
48.1297,208.0,184.0
48.1346,-57.0,182.0
48.1397,-246.0,182.0
48.1447,-4.0,182.0
48.1497,173.0,182.0
48.1546,67.0,184.0
48.1596,-58.0,184.0
48.1647,-55.0,184.0
48.1696,24.0,184.0
48.1747,13.0,182.0
48.1796,-79.0,182.0
48.1846,-44.0,180.0
48.1897,98.0,180.0
48.1947,128.0,180.0
48.2,-22.0,180.0
48.2047,-155.0,180.0
48.2096,-62.0,182.0
48.2146,107.0,182.0
48.2197,70.0,182.0
48.2246,-66.0,182.0
48.2296,-46.0,182.0
48.2346,62.0,182.0
48.2396,69.0,182.0
48.2446,-50.0,182.0
48.2496,-121.0,182.0
48.2546,0.0,180.0
48.2599,119.0,180.0
48.2646,36.0,176.0
48.2696,-44.0,176.0
48.2747,25.0,170.0
48.2796,-22.0,168.0
48.2846,-177.0,164.0
48.2896,-1.0,162.0
48.2947,284.0,164.0
48.2997,76.0,164.0
48.3046,-234.0,166.0
48.3096,-74.0,166.0
48.3145,95.0,166.0
48.3196,-43.0,164.0
48.3246,-23.0,162.0
48.3296,153.0,160.0
48.3346,75.0,160.0
48.3396,-142.0,158.0
48.3447,-167.0,158.0
48.3495,39.0,158.0
48.3548,194.0,160.0
48.3597,42.0,160.0
48.3646,-140.0,162.0
48.3696,-47.0,160.0
48.3751,59.0,160.0
48.3796,5.0,160.0
48.3846,-2.0,160.0
48.3896,30.0,160.0
48.3946,-5.0,158.0
48.3997,-23.0,158.0
48.4047,-27.0,156.0
48.4096,-4.0,156.0
48.4146,57.0,156.0
48.4196,-22.0,154.0
48.4246,-73.0,154.0
48.4296,135.0,156.0
48.4347,116.0,154.0
48.4397,-242.0,156.0
48.4448,-187.0,158.0
48.4496,235.0,160.0
48.4548,203.0,162.0
48.4597,-142.0,164.0
48.4646,-108.0,164.0
48.4696,83.0,164.0
48.4747,-35.0,164.0
48.4797,-94.0,164.0
48.4846,113.0,164.0
48.4896,78.0,164.0
48.4946,-92.0,164.0
48.4997,27.0,164.0
48.5048,28.0,164.0
48.5096,-147.0,166.0
48.5146,17.0,166.0
48.5198,173.0,168.0
48.5248,-38.0,168.0
48.5298,-113.0,168.0
48.5348,44.0,166.0
48.5396,38.0,164.0
48.5448,-24.0,160.0
48.5498,23.0,160.0
48.5547,-22.0,154.0
48.5598,-90.0,154.0
48.5648,49.0,150.0
48.5697,158.0,148.0
48.5747,-13.0,148.0
48.5799,-184.0,148.0
48.5847,-57.0,148.0
48.5898,140.0,150.0
48.5947,81.0,150.0
48.5997,-74.0,150.0
48.6047,-31.0,150.0
48.6098,68.0,150.0
48.6149,-23.0,150.0
48.6196,-109.0,152.0
48.6246,18.0,152.0
48.6296,113.0,154.0
48.6347,22.0,154.0
48.6396,-53.0,154.0
48.6446,-41.0,154.0
48.6496,-21.0,152.0
48.6546,23.0,152.0
48.6596,62.0,152.0
48.6647,16.0,152.0
48.6699,-51.0,152.0
48.6747,-40.0,150.0
48.6797,14.0,150.0
48.6849,21.0,150.0
48.6896,7.0,148.0
48.6946,43.0,148.0
48.6996,5.0,148.0
48.7047,-130.0,148.0
48.7097,-46.0,150.0
48.7146,182.0,150.0
48.7196,75.0,152.0
48.7247,-155.0,152.0
48.7295,-46.0,154.0
48.7346,100.0,154.0
48.7396,-1.0,152.0
48.7446,-63.0,152.0
48.7495,-37.0,152.0
48.7547,-21.0,152.0
48.7596,158.0,154.0
48.7645,191.0,156.0
48.7697,-243.0,156.0
48.7747,-312.0,160.0
48.7796,257.0,160.0
48.7846,264.0,164.0
48.7897,-271.0,166.0
48.7946,-107.0,166.0
48.7996,308.0,170.0
48.8046,-37.0,170.0
48.8098,-313.0,174.0
48.8147,116.0,176.0
48.8196,257.0,180.0
48.8247,-143.0,180.0
48.8297,-168.0,182.0
48.8346,178.0,182.0
48.8396,100.0,184.0
48.8446,-269.0,186.0
48.8496,-109.0,186.0
48.8547,364.0,190.0
48.8596,199.0,192.0
48.8646,-365.0,198.0
48.8697,-290.0,200.0
48.8746,265.0,204.0
48.8796,293.0,208.0
48.8847,-155.0,210.0
48.8897,-196.0,210.0
48.8946,108.0,212.0
48.8996,79.0,212.0
48.9046,-118.0,212.0
48.9096,-28.0,212.0
48.9146,132.0,214.0
48.9197,26.0,214.0
48.9247,-123.0,214.0
48.9296,1.0,214.0
48.9348,131.0,210.0
48.9397,-45.0,210.0
48.9447,-188.0,210.0
48.9496,31.0,210.0
48.9555,250.0,212.0
48.9596,49.0,212.0
48.9648,-255.0,216.0
48.9697,-134.0,214.0
48.9747,210.0,218.0
48.9798,182.0,218.0
48.9847,-164.0,218.0
48.9897,-203.0,220.0
48.9949,117.0,218.0
48.9998,188.0,222.0
49.0047,-52.0,220.0
49.0099,-112.0,220.0
49.0147,9.0,220.0
49.0196,2.0,220.0
49.0246,-33.0,220.0
49.0297,56.0,220.0
49.0346,100.0,222.0
49.0396,-24.0,222.0
49.0447,-139.0,224.0
49.0497,-31.0,224.0
49.0546,128.0,226.0
49.0596,34.0,226.0
49.0645,-111.0,226.0
49.0696,0.0,224.0
49.0746,114.0,224.0
49.0795,-2.0,220.0
49.0847,-109.0,220.0
49.0895,-31.0,216.0
49.0947,75.0,214.0
49.0996,57.0,212.0
49.1047,-37.0,212.0
49.1096,-47.0,212.0
49.1146,26.0,212.0
49.1195,20.0,210.0
49.1246,-40.0,208.0
49.1295,12.0,208.0
49.1346,63.0,208.0
49.1395,-66.0,208.0
49.1446,-103.0,210.0
49.1498,133.0,208.0
49.1549,174.0,212.0
49.1597,-159.0,212.0
49.1646,-241.0,214.0
49.1696,109.0,214.0
49.1748,241.0,218.0
49.1797,-30.0,218.0
49.185,-152.0,220.0
49.1899,5.0,218.0
49.1947,49.0,220.0
49.1996,-49.0,218.0
49.2049,-35.0,218.0
49.2098,83.0,218.0
49.2147,118.0,218.0
49.2196,-42.0,216.0
49.2246,-189.0,218.0
49.2298,-34.0,218.0
49.2348,152.0,218.0
49.2397,58.0,218.0
49.2447,-44.0,218.0
49.2497,3.0,218.0
49.2547,-23.0,218.0
49.2597,-92.0,216.0
49.265,2.0,216.0
49.2696,128.0,216.0
49.2746,70.0,218.0
49.2796,-92.0,218.0
49.2851,-128.0,220.0
49.2898,19.0,220.0
49.2946,138.0,222.0
49.2997,43.0,222.0
49.3047,-114.0,222.0
49.3096,-67.0,222.0
49.3146,88.0,224.0
49.3196,54.0,224.0
49.3247,-68.0,224.0
49.3296,-16.0,226.0
49.3349,42.0,226.0
49.3396,-43.0,226.0
49.3447,-18.0,224.0
49.3496,120.0,226.0
49.3546,31.0,222.0
49.3596,-176.0,224.0
49.3645,-80.0,224.0
49.3696,149.0,224.0
49.3748,87.0,224.0
49.3798,-41.0,226.0
49.3846,18.0,224.0
49.3898,-46.0,224.0
49.3947,-170.0,226.0
49.3999,29.0,224.0
49.4052,217.0,226.0
49.4099,38.0,222.0
49.4146,-125.0,220.0
49.4196,-52.0,216.0
49.4246,7.0,212.0
49.4296,11.0,208.0
49.4346,34.0,206.0
49.4397,11.0,202.0
49.4448,-4.0,202.0
49.4499,9.0,196.0
49.4549,-51.0,196.0
49.4597,-32.0,192.0
49.4647,107.0,192.0
49.47,29.0,190.0
49.4746,-143.0,190.0
49.4796,-14.0,188.0
49.4846,135.0,186.0
49.49,-3.0,184.0
49.4947,-85.0,180.0
49.4998,36.0,178.0
49.5047,23.0,172.0
49.5098,-102.0,168.0
49.5147,15.0,164.0
49.5198,190.0,164.0
49.5248,-19.0,162.0
49.5297,-262.0,162.0
49.5346,-9.0,160.0
49.5396,264.0,164.0
49.5447,51.0,162.0
49.5499,-158.0,164.0
49.5547,-58.0,164.0
49.5596,-8.0,164.0
49.5646,0.0,162.0
49.5696,107.0,162.0
49.5747,70.0,162.0
49.5797,-78.0,162.0
49.5846,-70.0,160.0
49.5896,7.0,160.0
49.5947,13.0,156.0
49.5996,0.0,156.0
49.605,3.0,152.0
49.6096,35.0,150.0
49.6147,52.0,148.0
49.6196,-33.0,146.0
49.6246,-78.0,144.0
49.6296,7.0,140.0
49.6348,-30.0,140.0
49.6396,-51.0,138.0
49.6447,217.0,140.0
49.6496,179.0,142.0
49.6548,-323.0,146.0
49.6595,-277.0,150.0
49.6646,285.0,154.0
49.6696,254.0,158.0
49.6746,-162.0,158.0
49.6796,-140.0,160.0
49.6846,31.0,158.0
49.6895,21.0,158.0
49.6946,67.0,158.0
49.6998,40.0,158.0
49.7048,-103.0,158.0
49.7096,-25.0,158.0
49.7146,76.0,158.0
49.7197,-48.0,158.0
49.7248,-39.0,156.0
49.7299,111.0,158.0
49.7348,31.0,158.0
49.7396,-91.0,158.0
49.7446,-22.0,158.0
49.7498,25.0,158.0
49.7549,-13.0,158.0
49.7596,0.0,156.0
49.7646,34.0,156.0
49.7696,30.0,156.0
49.7746,-19.0,156.0
49.7799,-71.0,156.0
49.7847,-3.0,154.0
49.7909,85.0,154.0
49.7947,13.0,152.0
49.7996,-46.0,150.0
49.8046,8.0,146.0
49.8096,-36.0,144.0
49.8147,-77.0,142.0
49.8197,95.0,144.0
49.8246,145.0,144.0
49.8296,-92.0,144.0
49.8347,-154.0,146.0
49.8397,62.0,146.0
49.8446,131.0,148.0
49.8497,-15.0,146.0
49.8547,-121.0,146.0
49.8596,-69.0,148.0
49.8647,87.0,146.0
49.8698,144.0,148.0
49.8747,7.0,146.0
49.8796,-135.0,146.0
49.8846,-115.0,148.0
49.8896,56.0,148.0
49.8948,181.0,150.0
49.8997,14.0,150.0
49.9048,-202.0,152.0
49.9096,-26.0,152.0
49.9146,195.0,154.0
49.9196,-34.0,152.0
49.9248,-186.0,154.0
49.9298,122.0,154.0
49.9346,190.0,156.0
49.9396,-147.0,158.0
49.9448,-153.0,158.0
49.9499,82.0,158.0
49.9547,19.0,156.0
49.9597,10.0,156.0
49.9646,150.0,158.0
49.9697,-64.0,158.0
49.9754,-232.0,162.0
49.9796,78.0,162.0
49.9851,184.0,164.0
49.9898,-85.0,164.0
49.9947,-81.0,164.0
49.9996,92.0,164.0
50.0046,26.0,162.0
