Time(s),Raw_EMG,RMS,Normalized_RMS
0.004,0,0,0.0
0.009,1134,0,0.0
0.014,1515,0,0.0
0.019,0,0,0.0
0.024,471,0,0.0
0.029,1325,0,0.0
0.034,266,0,0.0
0.039,0,0,0.0
0.044,874,0,0.0
0.049,126,0,0.0
0.054,251,0,0.0
0.059,2011,0,0.0
0.064,346,0,0.0
0.069,0,0,0.0
0.074,0,0,0.0
0.079,303,0,0.0
0.084,381,0,0.0
0.089,0,0,0.0
0.094,0,0,0.0
0.099,734,0,0.0
0.104,0,0,0.0
0.109,0,0,0.0
0.114,0,0,0.0
0.119,972,0,0.0
0.124,1867,0,0.0
0.129,0,0,0.0
0.134,0,0,0.0
0.139,702,0,0.0
0.144,410,0,0.0
0.149,0,0,0.0
0.154,0,0,0.0
0.159,0,0,0.0
0.164,0,0,0.0
0.169,0,0,0.0
0.174,23,0,0.0
0.179,0,0,0.0
0.184,16,0,0.0
0.189,748,0,0.0
0.194,331,0,0.0
0.199,203,0,0.0
0.204,415,0,0.0
0.209,447,0,0.0
0.214,249,0,0.0
0.219,0,0,0.0
0.224,0,0,0.0
0.229,0,0,0.0
0.234,141,0,0.0
0.239,535,0,0.0
0.244,512,0,0.0
0.249,1229,0,0.0
0.254,2237,0,0.0
0.259,1134,0,0.0
0.264,0,0,0.0
0.269,647,0,0.0
0.274,298,0,0.0
0.279,0,0,0.0
0.284,58,0,0.0
0.289,3580,0,0.0
0.294,283,0,0.0
0.299,2062,0,0.0
0.304,585,0,0.0
0.309,1307,0,0.0
0.314,0,0,0.0
0.319,861,0,0.0
0.324,0,0,0.0
0.329,216,0,0.0
0.334,0,0,0.0
0.339,3,0,0.0
0.344,332,0,0.0
0.349,0,0,0.0
0.355,200,0,0.0
0.359,456,0,0.0
0.364,590,0,0.0
0.369,683,0,0.0
0.374,0,0,0.0
0.379,183,0,0.0
0.384,847,0,0.0
0.389,18,0,0.0
0.394,155,0,0.0
0.399,190,0,0.0
0.404,0,0,0.0
0.409,91,0,0.0
0.414,220,0,0.0
0.419,0,0,0.0
0.424,1704,0,0.0
0.429,0,0,0.0
0.434,3535,0,0.0
0.439,1561,0,0.0
0.444,635,0,0.0
0.449,1036,0,0.0
0.454,1436,0,0.0
0.459,0,0,0.0
0.464,429,0,0.0
0.47,712,0,0.0
0.474,0,0,0.0
0.479,1711,0,0.0
0.484,1063,0,0.0
0.489,93,0,0.0
0.494,0,0,0.0
0.499,0,0,0.0
0.504,0,0,0.0
0.509,1816,0,0.0
0.514,1898,0,0.0
0.519,1574,0,0.0
0.524,40,0,0.0
0.529,1579,0,0.0
0.534,1275,0,0.0
0.539,253,0,0.0
0.544,424,0,0.0
0.549,1182,0,0.0
0.554,0,0,0.0
0.559,284,0,0.0
0.564,0,0,0.0
0.569,952,0,0.0
0.574,0,0,0.0
0.579,1898,0,0.0
0.584,990,0,0.0
0.589,2045,0,0.0
0.594,1818,0,0.0
0.599,1261,0,0.0
0.604,2685,0,0.0
0.609,2955,0,0.0
0.614,0,0,0.0
0.619,170,0,0.0
0.624,986,0,0.0
0.63,968,0,0.0
0.634,812,0,0.0
0.639,364,0,0.0
0.644,0,0,0.0
0.649,8,0,0.0
0.654,875,0,0.0
0.659,1210,0,0.0
0.664,459,0,0.0
0.669,28,0,0.0
0.675,990,0,0.0
0.679,3104,0,0.0
0.685,1851,0,0.0
0.689,0,0,0.0
0.694,0,0,0.0
0.699,24,0,0.0
0.704,0,0,0.0
0.709,559,0,0.0
0.714,0,0,0.0
0.72,0,0,0.0
0.724,232,0,0.0
0.729,283,0,0.0
0.734,1001,0,0.0
0.739,169,0,0.0
0.744,1304,0,0.0
0.749,828,0,0.0
0.754,0,0,0.0
0.759,1839,0,0.0
0.764,0,0,0.0
0.769,1416,0,0.0
0.774,0,0,0.0
0.779,0,0,0.0
0.784,137,0,0.0
0.789,185,0,0.0
0.794,617,0,0.0
0.799,1419,0,0.0
0.804,951,0,0.0
0.809,0,0,0.0
0.814,45,0,0.0
0.819,106,0,0.0
0.824,0,0,0.0
0.829,330,0,0.0
0.834,0,0,0.0
0.839,0,0,0.0
0.844,0,0,0.0
0.849,0,0,0.0
0.854,61,0,0.0
0.859,0,0,0.0
0.864,0,0,0.0
0.869,0,0,0.0
0.874,234,0,0.0
0.879,0,0,0.0
0.884,603,0,0.0
0.889,775,0,0.0
0.895,1768,0,0.0
0.899,617,0,0.0
0.904,474,0,0.0
0.909,1275,0,0.0
0.914,683,0,0.0
0.919,2272,0,0.0
0.924,0,0,0.0
0.929,313,0,0.0
0.934,0,0,0.0
0.939,73,0,0.0
0.944,0,0,0.0
0.949,0,0,0.0
0.954,45,0,0.0
0.959,0,0,0.0
0.964,602,0,0.0
0.969,284,0,0.0
0.974,302,0,0.0
0.979,1560,0,0.0
0.984,512,0,0.0
0.989,1262,0,0.0
0.994,0,0,0.0
0.999,7,0,0.0
1.004,62,0,0.0
1.009,615,0,0.0
1.014,234,0,0.0
1.019,75,0,0.0
1.024,0,0,0.0
1.029,985,0,0.0
1.034,1111,0,0.0
1.039,0,0,0.0
1.044,0,0,0.0
1.049,713,0,0.0
1.054,440,0,0.0
1.059,0,0,0.0
1.064,751,0,0.0
1.069,455,0,0.0
1.074,461,0,0.0
1.079,28,0,0.0
1.084,1000,0,0.0
1.089,0,0,0.0
1.094,619,0,0.0
1.099,0,0,0.0
1.104,58,0,0.0
1.109,287,0,0.0
1.114,0,0,0.0
1.119,21,0,0.0
1.124,0,0,0.0
1.129,0,0,0.0
1.134,313,0,0.0
1.139,0,0,0.0
1.144,0,0,0.0
1.149,0,0,0.0
1.154,350,0,0.0
1.159,874,0,0.0
1.164,0,0,0.0
1.169,30,0,0.0
1.174,0,0,0.0
1.179,376,0,0.0
1.184,1262,0,0.0
1.189,1879,0,0.0
1.194,0,0,0.0
1.199,0,0,0.0
1.204,1,0,0.0
1.209,0,0,0.0
1.214,311,0,0.0
1.219,102,0,0.0
1.224,0,0,0.0
1.229,447,0,0.0
1.234,446,0,0.0
1.239,1514,0,0.0
1.244,4095,0,0.0
1.249,303,0,0.0
1.254,975,0,0.0
1.259,0,0,0.0
1.264,344,0,0.0
1.269,0,0,0.0
1.274,0,0,0.0
1.279,78,0,0.0
1.284,0,0,0.0
1.289,0,0,0.0
1.294,0,0,0.0
1.299,361,0,0.0
1.304,0,0,0.0
1.309,271,0,0.0
1.314,584,0,0.0
1.319,73,0,0.0
1.324,0,0,0.0
1.329,734,0,0.0
1.334,968,0,0.0
1.339,935,0,0.0
1.344,378,0,0.0
1.349,635,0,0.0
1.354,0,0,0.0
1.359,156,0,0.0
1.364,30,0,0.0
1.369,183,0,0.0
1.374,201,0,0.0
1.379,286,0,0.0
1.384,0,0,0.0
1.389,27,0,0.0
1.394,0,0,0.0
1.399,1244,0,0.0
1.404,1659,0,0.0
1.409,860,0,0.0
1.414,119,0,0.0
1.419,0,0,0.0
1.457,1945,0,0.0
1.458,2156,0,0.0
1.473,1693,0,0.0
1.482,479,0,0.0
1.482,0,0,0.0
1.482,0,0,0.0
1.483,0,0,0.0
1.483,0,0,0.0
1.483,207,0,0.0
1.484,0,0,0.0
1.484,0,0,0.0
1.484,7,0,0.0
1.485,0,0,0.0
1.489,761,0,0.0
1.494,0,0,0.0
1.499,936,0,0.0
1.504,206,0,0.0
1.509,574,0,0.0
1.514,1160,0,0.0
1.519,334,0,0.0
1.524,103,0,0.0
1.529,606,0,0.0
1.534,0,0,0.0
1.539,0,0,0.0
1.544,0,0,0.0
1.549,250,0,0.0
1.554,0,0,0.0
1.559,1052,0,0.0
1.564,858,0,0.0
1.569,656,0,0.0
1.574,0,0,0.0
1.579,0,0,0.0
1.584,0,0,0.0
1.589,240,0,0.0
1.594,603,0,0.0
1.599,0,0,0.0
1.604,863,0,0.0
1.609,0,0,0.0
1.614,71,0,0.0
1.619,1,0,0.0
1.624,0,0,0.0
1.629,2826,0,0.0
1.634,511,0,0.0
1.639,1290,0,0.0
1.644,1419,0,0.0
1.649,71,0,0.0
1.654,0,0,0.0
1.659,0,0,0.0
1.664,1069,0,0.0
1.669,1383,0,0.0
1.674,88,0,0.0
1.68,1015,0,0.0
1.685,0,0,0.0
1.69,728,0,0.0
1.695,239,0,0.0
1.7,60,0,0.0
1.705,207,0,0.0
1.71,25,0,0.0
1.715,0,0,0.0
1.72,1788,0,0.0
1.725,617,0,0.0
1.73,0,0,0.0
1.735,0,0,0.0
1.74,441,0,0.0
1.745,1263,0,0.0
1.75,2715,0,0.0
1.755,0,0,0.0
1.76,0,0,0.0
1.765,75,0,0.0
1.77,2124,0,0.0
1.775,1002,0,0.0
1.78,1980,0,0.0
1.785,507,0,0.0
1.79,414,0,0.0
1.795,0,0,0.0
1.8,316,0,0.0
1.805,1288,0,0.0
1.81,19,0,0.0
1.815,0,0,0.0
1.82,31,0,0.0
1.825,2072,0,0.0
1.83,537,0,0.0
1.835,1098,0,0.0
1.84,1911,0,0.0
1.845,0,0,0.0
1.85,0,0,0.0
1.855,0,0,0.0
1.86,0,0,0.0
1.865,0,0,0.0
1.87,0,0,0.0
1.875,0,0,0.0
1.88,0,0,0.0
1.885,0,0,0.0
1.89,0,0,0.0
1.895,0,0,0.0
1.9,0,0,0.0
1.905,0,0,0.0
1.91,0,0,0.0
1.915,0,0,0.0
1.92,0,0,0.0
1.925,0,0,0.0
1.93,0,0,0.0
1.935,0,0,0.0
1.94,0,0,0.0
1.945,0,0,0.0
1.95,75,0,0.0
1.955,0,0,0.0
1.96,0,0,0.0
1.965,0,0,0.0
1.97,0,0,0.0
1.975,2,0,0.0
1.98,0,0,0.0
1.985,493,0,0.0
1.99,1167,0,0.0
1.995,171,0,0.0
2.0,0,839.05,0.2
2.005,71,839.05,0.2
2.01,0,837.14,0.2
2.015,0,833.7,0.2
2.02,0,833.7,0.2
2.025,0,833.37,0.2
2.03,0,830.73,0.2
2.035,0,830.62,0.2
2.04,0,830.62,0.2
2.045,23,829.48,0.2
2.05,445,829.75,0.2
2.055,0,829.65,0.2
2.06,0,823.54,0.2
2.066,203,823.42,0.2
2.07,94,823.43,0.2
2.075,45,823.44,0.2
2.08,0,823.3,0.2
2.085,0,823.08,0.2
2.09,0,823.08,0.2
2.095,7,823.08,0.2
2.1,0,822.26,0.2
2.105,0,822.26,0.2
2.11,0,822.26,0.2
2.115,0,822.26,0.2
2.12,0,820.82,0.2
2.126,0,815.49,0.2
2.13,0,815.49,0.2
2.135,0,815.49,0.2
2.14,300,814.88,0.2
2.145,0,814.62,0.2
2.15,0,814.62,0.2
2.155,139,814.65,0.2
2.16,18,814.65,0.2
2.165,575,815.16,0.2
2.17,125,815.18,0.2
2.175,0,815.18,0.2
2.18,0,815.18,0.2
2.185,0,815.18,0.2
2.19,0,814.32,0.2
2.195,0,814.15,0.2
2.2,0,814.09,0.2
2.205,0,813.83,0.2
2.21,0,813.52,0.2
2.215,0,813.42,0.2
2.22,0,813.42,0.2
2.225,0,813.42,0.2
2.23,0,813.42,0.2
2.235,0,813.39,0.2
2.241,0,812.95,0.2
2.245,298,812.69,0.2
2.25,0,810.36,0.2
2.255,0,802.6,0.2
2.26,365,800.81,0.2
2.265,103,800.82,0.2
2.27,0,800.17,0.2
2.275,0,800.03,0.2
2.28,27,800.03,0.2
2.285,0,800.03,0.2
2.29,0,779.74,0.19
2.295,0,779.62,0.19
2.3,0,772.77,0.19
2.305,205,772.28,0.19
2.31,0,769.51,0.19
2.315,0,769.51,0.19
2.32,0,768.31,0.19
2.325,0,768.31,0.19
2.33,221,768.31,0.19
2.335,269,768.43,0.19
2.34,0,768.43,0.19
2.345,0,768.25,0.19
2.35,0,768.25,0.19
2.356,73,768.19,0.19
2.36,25,767.86,0.19
2.365,0,767.29,0.19
2.37,0,766.53,0.19
2.375,0,766.53,0.19
2.38,0,766.47,0.19
2.385,0,765.3,0.19
2.39,0,765.3,0.19
2.395,0,765.26,0.19
2.4,0,765.2,0.19
2.405,686,765.97,0.19
2.41,0,765.96,0.19
2.415,0,765.88,0.19
2.42,21,765.88,0.19
2.425,142,761.16,0.19
2.43,0,761.16,0.19
2.435,0,740.35,0.18
2.44,0,736.23,0.18
2.445,0,735.54,0.18
2.45,0,733.72,0.18
2.455,0,730.2,0.18
2.46,0,730.2,0.18
2.465,0,729.88,0.18
2.47,0,729.01,0.18
2.475,0,729.01,0.18
2.48,0,723.97,0.18
2.485,0,722.02,0.18
2.49,0,722.01,0.18
2.495,262,722.12,0.18
2.5,0,722.12,0.18
2.505,809,723.26,0.18
2.51,347,717.74,0.18
2.515,201,711.51,0.17
2.52,0,707.15,0.17
2.525,1,707.14,0.17
2.53,0,702.72,0.17
2.535,0,699.83,0.17
2.54,0,699.71,0.17
2.545,0,699.39,0.17
2.551,0,696.89,0.17
2.555,0,696.89,0.17
2.56,1161,699.16,0.17
2.565,1144,701.49,0.17
2.57,0,699.88,0.17
2.575,396,700.16,0.17
2.58,56,693.7,0.17
2.585,331,692.13,0.17
2.59,0,684.54,0.17
2.595,31,678.48,0.17
2.6,302,675.71,0.17
2.605,58,662.25,0.16
2.61,0,645.55,0.16
2.615,0,645.55,0.16
2.62,0,645.5,0.16
2.625,0,643.61,0.16
2.63,0,641.79,0.16
2.635,0,640.5,0.16
2.64,0,640.25,0.16
2.646,0,640.25,0.16
2.65,426,640.6,0.16
2.655,0,639.1,0.16
2.66,0,636.23,0.16
2.665,0,635.82,0.16
2.67,140,635.86,0.16
2.675,0,633.93,0.15
2.68,0,614.63,0.15
2.685,1758,613.95,0.15
2.69,0,613.95,0.15
2.696,0,613.95,0.15
2.7,208,614.04,0.15
2.705,0,614.04,0.15
2.71,0,613.4,0.15
2.715,0,613.4,0.15
2.72,0,613.4,0.15
2.725,0,613.29,0.15
2.73,0,613.13,0.15
2.735,0,611.08,0.15
2.74,0,611.02,0.15
2.745,0,607.54,0.15
2.75,0,606.12,0.15
2.755,0,606.12,0.15
2.76,0,599.11,0.15
2.765,0,599.11,0.15
2.77,334,595.15,0.15
2.775,0,595.15,0.15
2.78,0,595.15,0.15
2.785,0,595.11,0.15
2.79,0,595.03,0.15
2.795,0,594.23,0.15
2.8,0,589.98,0.14
2.805,0,588.06,0.14
2.81,0,588.06,0.14
2.815,0,588.06,0.14
2.82,0,588.04,0.14
2.825,0,588.04,0.14
2.83,0,587.8,0.14
2.835,0,587.8,0.14
2.84,3,587.8,0.14
2.845,0,587.8,0.14
2.85,0,587.8,0.14
2.855,0,587.8,0.14
2.86,237,587.92,0.14
2.866,175,587.98,0.14
2.87,0,587.98,0.14
2.875,18,587.86,0.14
2.88,327,588.09,0.14
2.885,478,587.8,0.14
2.89,0,586.53,0.14
2.896,0,579.83,0.14
2.901,0,579.0,0.14
2.905,0,578.52,0.14
2.91,0,575.0,0.14
2.915,185,574.06,0.14
2.92,0,562.7,0.14
2.925,0,562.7,0.14
2.93,0,562.49,0.14
2.935,0,562.49,0.14
2.94,0,562.47,0.14
2.945,0,562.47,0.14
2.95,0,562.47,0.14
2.955,0,562.47,0.14
2.96,0,562.47,0.14
2.965,0,561.66,0.14
2.97,107,561.51,0.14
2.975,0,561.31,0.14
2.98,0,555.86,0.14
2.985,0,555.27,0.14
2.99,0,551.67,0.13
2.995,0,551.67,0.13
3.0,780,553.05,0.14
3.005,0,553.04,0.14
3.01,0,552.19,0.13
3.015,0,552.06,0.13
3.02,0,552.05,0.13
3.025,0,552.05,0.13
3.03,0,549.85,0.13
3.035,0,547.03,0.13
3.04,0,547.03,0.13
3.045,0,547.03,0.13
3.05,0,545.87,0.13
3.055,0,545.43,0.13
3.06,0,545.43,0.13
3.065,0,544.13,0.13
3.07,0,543.66,0.13
3.075,0,543.17,0.13
3.08,0,543.17,0.13
3.085,0,540.86,0.13
3.09,0,540.86,0.13
3.095,0,539.98,0.13
3.1,0,539.98,0.13
3.105,0,539.97,0.13
3.11,0,539.78,0.13
3.115,0,539.78,0.13
3.12,0,539.78,0.13
3.125,0,539.78,0.13
3.13,0,539.78,0.13
3.135,0,539.55,0.13
3.14,0,539.55,0.13
3.145,0,539.55,0.13
3.15,0,539.55,0.13
3.155,0,539.27,0.13
3.16,636,538.43,0.13
3.165,0,538.43,0.13
3.17,0,538.43,0.13
3.175,0,538.43,0.13
3.18,0,538.1,0.13
3.185,0,534.39,0.13
3.19,0,526.07,0.13
3.195,0,526.07,0.13
3.2,0,526.07,0.13
3.205,0,526.07,0.13
3.21,0,526.07,0.13
3.247,0,525.84,0.13
3.268,0,525.81,0.13
3.269,1111,528.74,0.13
3.269,541,528.96,0.13
3.269,0,528.49,0.13
3.27,0,523.04,0.13
3.27,127,481.34,0.12
3.27,0,481.1,0.12
3.271,280,478.83,0.12
3.271,76,478.84,0.12
3.271,0,478.53,0.12
3.272,0,478.53,0.12
3.275,0,478.53,0.12
3.28,0,478.52,0.12
3.285,0,478.52,0.12
3.29,0,478.52,0.12
3.295,0,478.52,0.12
3.3,0,478.18,0.12
3.305,0,478.18,0.12
3.31,0,477.98,0.12
3.315,0,477.09,0.12
3.32,0,477.08,0.12
3.326,79,477.09,0.12
3.33,0,475.68,0.12
3.335,0,473.21,0.12
3.34,0,470.9,0.11
3.345,0,470.52,0.11
3.35,1674,476.85,0.12
3.355,56,476.86,0.12
3.36,0,476.79,0.12
3.365,0,476.79,0.12
3.37,0,476.7,0.12
3.375,0,476.6,0.12
3.38,0,476.38,0.12
3.385,0,476.38,0.12
3.39,0,476.38,0.12
3.395,0,476.38,0.12
3.4,0,472.3,0.12
3.405,0,464.96,0.11
3.41,0,462.97,0.11
3.415,2297,476.96,0.12
3.42,0,476.96,0.12
3.425,0,466.94,0.11
3.43,648,455.48,0.11
3.435,88,447.57,0.11
3.44,379,447.33,0.11
3.445,0,447.33,0.11
3.45,122,447.37,0.11
3.455,47,447.38,0.11
3.46,0,447.38,0.11
3.465,0,447.26,0.11
3.47,168,447.34,0.11
3.475,760,448.95,0.11
3.48,750,450.51,0.11
3.485,4,450.51,0.11
3.49,0,448.9,0.11
3.495,0,448.9,0.11
3.5,0,446.46,0.11
3.505,0,446.34,0.11
3.51,0,445.41,0.11
3.515,0,441.62,0.11
3.52,0,441.31,0.11
3.525,0,441.28,0.11
3.53,0,440.23,0.11
3.535,249,440.41,0.11
3.54,0,440.41,0.11
3.545,0,440.41,0.11
3.551,0,440.23,0.11
3.555,0,440.23,0.11
3.56,0,437.08,0.11
3.565,0,434.97,0.11
3.57,186,433.83,0.11
3.575,0,433.83,0.11
3.58,318,434.12,0.11
3.585,379,434.53,0.11
3.59,0,434.37,0.11
3.595,0,433.32,0.11
3.6,0,433.32,0.11
3.605,0,431.17,0.11
3.61,0,431.17,0.11
3.615,0,431.15,0.11
3.62,0,431.15,0.11
3.625,0,431.15,0.11
3.63,0,407.34,0.1
3.636,0,406.54,0.1
3.64,0,401.39,0.1
3.645,0,395.07,0.1
3.65,9,395.05,0.1
3.655,0,395.05,0.1
3.66,278,395.3,0.1
3.665,0,391.67,0.1
3.67,0,385.51,0.09
3.675,621,386.74,0.09
3.681,0,383.39,0.09
3.686,0,383.39,0.09
3.691,0,381.66,0.09
3.696,0,381.47,0.09
3.702,0,381.46,0.09
3.706,93,381.35,0.09
3.711,251,381.56,0.09
3.716,0,381.56,0.09
3.721,0,370.93,0.09
3.726,0,369.65,0.09
3.731,0,369.65,0.09
3.737,0,369.65,0.09
3.741,0,368.99,0.09
3.746,0,363.55,0.09
3.751,0,337.25,0.08
3.756,0,337.25,0.08
3.761,0,337.25,0.08
3.766,0,337.23,0.08
3.771,0,320.07,0.08
3.776,0,316.13,0.08
3.781,0,300.22,0.07
3.786,0,299.15,0.07
3.791,0,298.44,0.07
3.796,398,299.1,0.07
3.801,0,298.68,0.07
3.806,0,291.66,0.07
3.811,0,291.65,0.07
3.816,287,292.01,0.07
3.822,0,292.0,0.07
3.826,0,273.01,0.07
3.831,205,271.88,0.07
3.836,0,266.28,0.07
3.841,73,248.57,0.06
3.846,17,248.57,0.06
3.851,366,249.24,0.06
3.856,0,249.24,0.06
3.861,0,249.24,0.06
3.866,0,249.24,0.06
3.872,0,249.24,0.06
3.876,0,249.24,0.06
3.881,46,249.25,0.06
3.886,0,249.25,0.06
3.891,0,249.25,0.06
3.897,0,249.25,0.06
3.901,766,252.18,0.06
3.906,317,252.68,0.06
3.911,1496,263.51,0.06
3.916,218,263.74,0.06
3.921,10,263.74,0.06
3.926,346,264.31,0.06
3.931,0,264.31,0.06
3.936,0,264.31,0.06
3.941,121,264.38,0.06
3.946,0,264.38,0.06
3.951,0,264.35,0.06
3.956,0,264.35,0.06
3.961,0,264.35,0.06
3.966,0,264.35,0.06
3.971,0,264.35,0.06
3.976,0,264.35,0.06
3.981,0,264.35,0.06
3.986,0,263.2,0.06
3.991,0,256.65,0.06
3.996,0,256.51,0.06
4.001,0,256.51,0.06
4.006,139,256.58,0.06
4.011,0,256.58,0.06
4.016,29,256.58,0.06
4.021,0,256.58,0.06
4.026,0,256.58,0.06
4.031,0,256.58,0.06
4.036,0,256.58,0.06
4.042,30,256.58,0.06
4.046,940,260.85,0.06
4.051,621,261.75,0.06
4.056,0,261.75,0.06
4.061,9,261.75,0.06
4.066,989,266.19,0.07
4.071,0,266.14,0.06
4.076,7,266.13,0.06
4.081,0,266.13,0.06
4.086,0,266.13,0.06
4.091,0,266.13,0.06
4.096,0,266.13,0.06
4.101,459,267.12,0.07
4.106,0,267.12,0.07
4.111,0,267.12,0.07
4.116,0,267.12,0.07
4.121,0,267.12,0.07
4.126,0,267.12,0.07
4.131,0,267.12,0.07
4.136,0,267.12,0.07
4.141,0,266.7,0.07
4.146,285,267.08,0.07
4.151,0,267.08,0.07
4.156,0,266.99,0.07
4.162,0,266.99,0.07
4.166,0,265.44,0.06
4.171,0,265.36,0.06
4.176,0,265.36,0.06
4.181,0,265.36,0.06
4.186,0,265.36,0.06
4.191,0,265.36,0.06
4.196,0,265.36,0.06
4.201,0,265.36,0.06
4.206,0,265.36,0.06
4.212,0,265.36,0.06
4.216,334,265.89,0.06
4.221,0,265.89,0.06
4.226,9,265.89,0.06
4.231,506,267.09,0.07
4.236,40,267.1,0.07
4.241,0,267.1,0.07
4.246,0,266.68,0.07
4.251,0,266.68,0.07
4.256,0,266.68,0.07
4.261,0,266.06,0.06
4.266,0,266.01,0.06
4.271,0,266.01,0.06
4.276,88,266.04,0.06
4.281,0,266.04,0.06
4.287,1084,271.5,0.07
4.291,139,271.59,0.07
4.296,0,271.59,0.07
4.301,457,272.55,0.07
4.306,188,272.52,0.07
4.311,57,272.54,0.07
4.316,0,272.54,0.07
4.321,0,272.54,0.07
4.326,0,272.54,0.07
4.331,0,272.31,0.07
4.336,0,271.98,0.07
4.341,0,271.98,0.07
4.346,0,271.98,0.07
4.351,0,271.98,0.07
4.356,0,271.96,0.07
4.361,0,271.95,0.07
4.366,141,272.04,0.07
4.371,0,272.04,0.07
4.376,0,272.04,0.07
4.381,0,272.04,0.07
4.386,295,272.44,0.07
4.391,266,272.77,0.07
4.396,592,274.37,0.07
4.401,461,275.34,0.07
4.406,0,273.19,0.07
4.411,0,273.19,0.07
4.416,0,273.19,0.07
4.421,428,274.03,0.07
4.426,1592,285.26,0.07
4.431,0,285.26,0.07
4.436,0,285.26,0.07
4.441,0,285.26,0.07
4.446,617,286.93,0.07
4.451,219,287.14,0.07
4.456,1758,300.29,0.07
4.461,0,300.29,0.07
4.466,0,300.29,0.07
4.471,0,300.29,0.07
4.476,0,300.29,0.07
4.481,0,300.29,0.07
4.486,0,300.29,0.07
4.491,2744,330.15,0.08
4.496,4095,388.26,0.09
4.501,0,388.26,0.09
4.506,714,387.8,0.09
4.511,0,387.41,0.09
4.516,684,388.79,0.09
4.521,315,389.11,0.1
4.526,1128,393.17,0.1
4.531,0,393.17,0.1
4.536,160,393.25,0.1
4.541,106,393.29,0.1
4.546,0,393.29,0.1
4.551,0,393.29,0.1
4.556,0,393.29,0.1
4.562,0,388.98,0.09
4.566,0,384.75,0.09
4.571,0,384.75,0.09
4.576,0,384.24,0.09
4.581,0,384.23,0.09
4.586,0,383.88,0.09
4.591,78,383.9,0.09
4.596,0,383.89,0.09
4.601,1067,387.29,0.09
4.606,854,389.62,0.1
4.611,236,389.8,0.1
4.616,925,392.54,0.1
4.621,48,392.54,0.1
4.626,4008,440.74,0.11
4.631,0,440.74,0.11
4.636,2712,461.13,0.11
4.641,4095,504.54,0.12
4.646,0,504.54,0.12
4.651,0,504.09,0.12
4.656,0,504.09,0.12
4.661,0,504.09,0.12
4.666,527,504.78,0.12
4.671,0,504.73,0.12
4.676,0,504.73,0.12
4.681,0,504.73,0.12
4.686,120,497.05,0.12
4.691,0,497.05,0.12
4.696,0,497.05,0.12
4.701,0,496.94,0.12
4.706,0,496.94,0.12
4.711,0,496.94,0.12
4.716,1611,503.43,0.12
4.721,1368,508.06,0.12
4.727,1292,512.15,0.13
4.731,1403,516.93,0.13
4.736,1005,519.36,0.13
4.741,0,519.36,0.13
4.746,814,520.96,0.13
4.751,1501,526.34,0.13
4.756,0,526.34,0.13
4.762,0,526.34,0.13
4.766,376,526.67,0.13
4.771,631,527.35,0.13
4.776,1371,531.79,0.13
4.781,20,531.79,0.13
4.786,526,532.44,0.13
4.791,0,532.44,0.13
4.796,0,532.44,0.13
4.801,172,532.51,0.13
4.806,0,532.51,0.13
4.811,0,532.51,0.13
4.816,20,532.51,0.13
4.821,0,532.51,0.13
4.826,3112,554.78,0.14
4.831,76,554.79,0.14
4.836,110,554.82,0.14
4.841,235,554.94,0.14
4.846,0,554.94,0.14
4.851,40,554.94,0.14
4.856,0,554.94,0.14
4.861,187,554.9,0.14
4.866,0,554.83,0.14
4.871,0,554.83,0.14
4.876,88,554.84,0.14
4.881,0,554.6,0.14
4.886,0,554.09,0.14
4.891,379,554.41,0.14
4.896,191,554.49,0.14
4.901,302,554.7,0.14
4.906,59,554.71,0.14
4.911,0,554.71,0.14
4.916,0,554.63,0.14
4.921,508,555.21,0.14
4.926,0,555.21,0.14
4.931,0,555.21,0.14
4.936,0,555.21,0.14
4.941,0,555.21,0.14
4.946,136,555.25,0.14
4.951,0,555.25,0.14
4.956,319,555.48,0.14
4.961,2089,565.22,0.14
4.966,0,565.22,0.14
4.971,1487,570.06,0.14
4.976,728,571.22,0.14
4.981,0,571.22,0.14
4.986,616,572.05,0.14
5.062,400,572.4,0.14
5.062,839,573.94,0.14
5.063,55,572.62,0.14
5.063,842,574.16,0.14
5.063,430,574.57,0.14
5.064,0,574.57,0.14
5.064,0,574.57,0.14
5.064,0,574.57,0.14
5.065,0,574.57,0.14
5.065,0,574.57,0.14
5.065,439,574.98,0.14
5.065,0,574.98,0.14
5.066,0,574.98,0.14
5.066,121,575.02,0.14
5.066,0,575.02,0.14
5.067,427,575.41,0.14
5.071,246,575.54,0.14
5.077,0,575.54,0.14
5.085,0,575.54,0.14
5.087,0,575.54,0.14
5.091,0,575.54,0.14
5.096,0,575.54,0.14
5.101,0,575.54,0.14
5.106,0,575.54,0.14
5.111,104,575.57,0.14
5.116,62,575.58,0.14
5.121,1211,578.75,0.14
5.126,0,578.75,0.14
5.131,1340,582.62,0.14
5.137,0,582.62,0.14
5.141,1711,588.86,0.14
5.146,1240,592.12,0.14
5.151,376,592.42,0.14
5.156,73,592.43,0.14
5.161,0,591.57,0.14
5.166,28,591.58,0.14
5.171,591,592.31,0.14
5.176,0,592.31,0.14
5.181,0,592.31,0.14
5.186,1194,595.32,0.15
5.191,1002,597.42,0.15
5.196,73,597.43,0.15
5.201,0,597.43,0.15
5.206,0,597.43,0.15
5.211,443,597.84,0.15
5.216,26,597.84,0.15
5.221,1117,600.45,0.15
5.226,40,597.87,0.15
5.231,682,598.23,0.15
5.236,0,598.23,0.15
5.241,0,598.23,0.15
5.246,0,598.2,0.15
5.251,0,598.2,0.15
5.256,0,598.04,0.15
5.261,0,598.02,0.15
5.267,0,598.02,0.15
5.271,0,598.02,0.15
5.277,363,598.3,0.15
5.281,460,598.74,0.15
5.286,0,598.74,0.15
5.291,0,598.74,0.15
5.296,0,598.74,0.15
5.301,0,598.74,0.15
5.306,0,598.74,0.15
5.311,0,598.74,0.15
5.316,0,598.74,0.15
5.321,0,598.74,0.15
5.326,0,598.73,0.15
5.331,0,598.73,0.15
5.336,0,598.73,0.15
5.341,0,598.73,0.15
5.346,200,598.81,0.15
5.351,425,593.31,0.14
5.357,191,593.38,0.14
5.361,0,593.38,0.14
5.366,0,593.38,0.14
5.371,0,593.38,0.14
5.376,0,593.38,0.14
5.381,0,593.38,0.14
5.386,236,593.5,0.14
5.391,2310,604.64,0.15
5.396,186,604.71,0.15
5.401,1866,611.86,0.15
5.406,919,613.59,0.15
5.411,189,613.66,0.15
5.416,2765,618.47,0.15
5.421,19,618.47,0.15
5.426,957,620.31,0.15
5.431,458,619.89,0.15
5.436,0,619.88,0.15
5.441,0,619.59,0.15
5.447,250,619.71,0.15
5.451,0,619.68,0.15
5.456,0,619.68,0.15
5.461,859,621.16,0.15
5.466,124,621.19,0.15
5.471,0,621.14,0.15
5.476,760,621.14,0.15
5.481,0,620.0,0.15
5.486,0,620.0,0.15
5.491,302,620.19,0.15
5.496,0,620.19,0.15
5.501,0,620.19,0.15
5.506,366,620.46,0.15
5.511,301,620.64,0.15
5.516,559,621.27,0.15
5.521,142,621.31,0.15
5.526,0,621.31,0.15
5.531,0,621.31,0.15
5.536,0,621.19,0.15
5.541,0,621.19,0.15
5.546,0,621.19,0.15
5.551,0,621.19,0.15
5.556,955,623.02,0.15
5.561,0,623.02,0.15
5.566,0,623.02,0.15
5.571,0,622.95,0.15
5.576,48,622.95,0.15
5.581,93,622.77,0.15
5.586,317,622.68,0.15
5.591,120,622.71,0.15
5.596,0,622.71,0.15
5.601,411,623.05,0.15
5.606,377,623.33,0.15
5.611,39,623.34,0.15
5.616,476,623.79,0.15
5.622,4095,656.54,0.16
5.626,1002,658.44,0.16
5.631,4095,689.54,0.17
5.636,4095,719.3,0.18
5.641,2559,730.59,0.18
5.646,2102,738.11,0.18
5.652,3724,761.24,0.19
5.656,4095,788.29,0.19
5.661,1611,792.27,0.19
5.666,1527,795.94,0.19
5.671,0,795.94,0.19
5.676,493,795.72,0.19
5.682,732,796.56,0.19
5.687,413,796.83,0.19
5.692,350,797.02,0.19
5.697,0,797.02,0.19
5.702,124,797.05,0.19
5.707,0,797.03,0.19
5.712,399,797.18,0.19
5.717,0,797.18,0.19
5.722,0,797.18,0.19
5.727,0,797.18,0.19
5.732,0,797.18,0.19
5.737,423,797.46,0.19
5.742,683,798.19,0.19
5.747,540,798.65,0.2
5.752,569,799.16,0.2
5.757,973,800.64,0.2
5.762,0,800.64,0.2
5.767,220,800.71,0.2
5.772,0,800.71,0.2
5.777,2665,811.72,0.2
5.782,0,811.72,0.2
5.787,150,811.76,0.2
5.793,442,812.06,0.2
5.797,1688,816.19,0.2
5.802,1821,821.25,0.2
5.807,745,822.1,0.2
5.812,0,822.1,0.2
5.818,106,821.99,0.2
5.822,44,821.99,0.2
5.827,318,822.15,0.2
5.832,0,822.08,0.2
5.837,184,822.13,0.2
5.842,0,822.13,0.2
5.847,505,822.51,0.2
5.852,0,822.31,0.2
5.857,331,822.48,0.2
5.862,0,822.48,0.2
5.867,0,822.48,0.2
5.872,0,822.48,0.2
5.877,189,822.53,0.2
5.882,0,822.53,0.2
5.887,0,822.53,0.2
5.892,0,822.53,0.2
5.897,0,822.53,0.2
5.902,0,821.64,0.2
5.907,0,821.48,0.2
5.912,0,818.07,0.2
5.917,94,818.01,0.2
5.922,478,818.36,0.2
5.927,58,818.18,0.2
5.932,0,818.18,0.2
5.937,1612,822.14,0.2
5.942,0,822.12,0.2
5.947,335,822.29,0.2
5.952,762,823.17,0.2
5.957,989,824.66,0.2
5.962,841,825.73,0.2
5.967,8,825.73,0.2
5.972,1900,831.18,0.2
5.977,0,831.18,0.2
5.982,349,831.36,0.2
5.987,0,831.36,0.2
5.992,95,831.37,0.2
5.998,0,831.37,0.2
6.002,286,831.5,0.2
6.007,232,831.55,0.2
6.012,29,831.55,0.2
6.018,48,831.55,0.2
6.022,1224,833.8,0.2
6.027,0,833.8,0.2
6.032,1133,835.72,0.2
6.037,2078,842.16,0.21
6.042,0,842.15,0.21
6.047,523,841.25,0.21
6.052,570,841.16,0.21
6.057,29,841.16,0.21
6.062,348,841.34,0.21
6.067,247,839.98,0.21
6.072,135,840.0,0.21
6.078,0,840.0,0.21
6.082,0,840.0,0.21
6.087,23,840.0,0.21
6.092,807,840.97,0.21
6.097,857,842.06,0.21
6.102,0,841.75,0.21
6.107,0,841.75,0.21
6.112,0,841.75,0.21
6.117,0,841.75,0.21
6.122,0,841.75,0.21
6.127,0,841.75,0.21
6.132,0,841.75,0.21
6.137,0,841.75,0.21
6.142,0,841.75,0.21
6.147,0,841.63,0.21
6.152,235,841.71,0.21
6.157,0,841.71,0.21
6.162,0,841.71,0.21
6.167,0,841.71,0.21
6.172,0,841.71,0.21
6.177,0,841.71,0.21
6.182,0,841.71,0.21
6.187,125,841.73,0.21
6.192,1436,844.79,0.21
6.197,4095,869.25,0.21
6.202,1196,871.3,0.21
6.207,42,871.31,0.21
6.212,1567,874.82,0.21
6.217,0,874.66,0.21
6.222,4095,898.31,0.22
6.227,4095,921.35,0.22
6.232,4095,943.48,0.23
6.237,3659,961.06,0.23
6.242,1471,963.87,0.24
6.247,909,964.94,0.24
6.252,0,964.94,0.24
6.257,0,964.94,0.24
6.262,0,964.94,0.24
6.267,0,964.94,0.24
6.272,0,964.94,0.24
6.277,0,964.93,0.24
6.282,95,964.94,0.24
6.287,91,963.43,0.24
6.292,137,963.43,0.24
6.297,478,963.72,0.24
6.302,1319,965.71,0.24
6.307,1246,967.67,0.24
6.312,0,967.66,0.24
6.317,168,967.7,0.24
6.322,233,967.77,0.24
6.327,330,967.91,0.24
6.332,1309,970.12,0.24
6.337,0,970.12,0.24
6.342,1662,973.67,0.24
6.347,854,974.61,0.24
6.352,2366,981.76,0.24
6.357,841,982.66,0.24
6.362,1276,984.73,0.24
6.367,621,985.2,0.24
6.372,0,985.2,0.24
6.377,0,985.2,0.24
6.382,0,985.2,0.24
6.387,0,985.09,0.24
6.392,0,985.0,0.24
6.397,0,984.55,0.24
6.402,191,984.33,0.24
6.407,394,984.53,0.24
6.412,1102,986.07,0.24
6.417,0,986.07,0.24
6.423,0,985.83,0.24
6.427,139,982.64,0.24
6.432,2832,992.79,0.24
6.437,0,992.79,0.24
6.442,1578,995.92,0.24
6.447,461,995.71,0.24
6.452,4095,1016.48,0.25
6.457,3583,1028.4,0.25
6.462,4095,1048.58,0.26
6.467,3340,1061.8,0.26
6.472,0,1061.8,0.26
6.477,2136,1067.16,0.26
6.482,0,1067.16,0.26
6.487,0,1067.16,0.26
6.492,57,1058.3,0.26
6.497,590,1038.73,0.25
6.502,170,1038.76,0.25
6.507,176,1038.19,0.25
6.512,0,1038.19,0.25
6.517,1469,1040.22,0.25
6.522,2511,1047.65,0.26
6.527,0,1046.13,0.26
6.532,1052,1047.45,0.26
6.538,1496,1050.09,0.26
6.542,0,1050.08,0.26
6.547,0,1050.08,0.26
6.552,0,1050.08,0.26
6.557,222,1050.13,0.26
6.562,0,1050.13,0.26
6.567,56,1050.14,0.26
6.572,411,1050.34,0.26
6.577,0,1050.34,0.26
6.582,0,1050.34,0.26
6.587,251,1050.41,0.26
6.592,728,1051.04,0.26
6.597,570,1051.42,0.26
6.602,0,1050.07,0.26
6.607,991,1050.37,0.26
6.612,943,1051.36,0.26
6.618,1548,1053.19,0.26
6.622,0,1053.19,0.26
6.627,487,1034.23,0.25
6.632,56,1034.24,0.25
6.637,744,1025.99,0.25
6.642,456,1005.61,0.25
6.647,0,1005.61,0.25
6.652,296,1005.71,0.25
6.657,0,1005.71,0.25
6.662,0,1005.71,0.25
6.667,107,1005.38,0.25
6.672,0,1005.38,0.25
6.677,0,1005.38,0.25
6.682,0,1005.38,0.25
6.687,0,1005.37,0.25
6.692,0,1005.37,0.25
6.697,0,1005.37,0.25
6.702,0,1005.37,0.25
6.707,0,1005.37,0.25
6.712,0,1005.37,0.25
6.717,0,1002.13,0.24
6.75,0,999.8,0.24
6.753,0,997.71,0.24
6.754,0,995.24,0.24
6.758,0,993.97,0.24
6.761,88,993.98,0.24
6.771,0,993.14,0.24
6.778,0,990.31,0.24
6.779,1211,992.15,0.24
6.78,844,993.05,0.24
6.78,279,992.97,0.24
6.78,331,992.61,0.24
6.781,3609,1006.55,0.25
6.782,335,1006.68,0.25
6.787,1755,1010.16,0.25
6.792,0,1010.16,0.25
6.797,137,1010.18,0.25
6.802,0,1010.15,0.25
6.807,224,1010.21,0.25
6.812,0,1010.21,0.25
6.817,119,1010.23,0.25
6.822,550,1010.6,0.25
6.827,409,998.76,0.24
6.832,46,998.75,0.24
6.837,426,998.97,0.24
6.842,0,998.9,0.24
6.847,380,999.08,0.24
6.852,734,999.75,0.24
6.857,1134,1001.36,0.24
6.862,488,1001.61,0.24
6.867,667,1002.16,0.24
6.872,0,1002.16,0.24
6.877,0,1002.15,0.24
6.882,80,1002.16,0.24
6.887,342,1002.31,0.24
6.892,186,1002.17,0.24
6.897,793,1002.91,0.24
6.902,0,1002.8,0.24
6.907,108,1002.81,0.24
6.912,349,1002.96,0.24
6.917,0,1002.96,0.24
6.922,0,1002.64,0.24
6.927,0,1002.64,0.24
6.932,0,1002.64,0.24
6.937,0,1002.64,0.24
6.942,0,1002.64,0.24
6.947,0,1002.61,0.24
6.952,0,1002.61,0.24
6.957,0,1002.49,0.24
6.962,187,997.08,0.24
6.968,555,997.46,0.24
6.972,476,994.97,0.24
6.977,0,994.31,0.24
6.982,552,994.69,0.24
6.987,426,994.44,0.24
6.993,4095,1015.1,0.25
6.997,3098,1026.0,0.25
7.002,4095,1046.22,0.26
7.007,4095,1065.24,0.26
7.012,0,1065.02,0.26
7.017,2446,1072.02,0.26
7.023,4061,1091.08,0.27
7.027,1832,1094.92,0.27
7.032,654,1095.41,0.27
7.037,990,1096.52,0.27
7.042,473,1096.56,0.27
7.047,495,1096.84,0.27
7.052,0,1096.84,0.27
7.057,0,1096.82,0.27
7.062,0,1096.82,0.27
7.067,0,1096.61,0.27
7.072,0,1096.55,0.27
7.077,0,1096.55,0.27
7.082,25,1096.55,0.27
7.087,1148,1098.05,0.27
7.092,0,1098.05,0.27
7.097,0,1098.05,0.27
7.102,0,1098.05,0.27
7.107,876,1098.92,0.27
7.112,347,1099.05,0.27
7.117,0,1099.04,0.27
7.122,922,1098.34,0.27
7.127,827,1099.12,0.27
7.132,1303,1099.01,0.27
7.137,47,1099.01,0.27
7.142,1016,1096.85,0.27
7.147,248,1095.17,0.27
7.152,0,1095.01,0.27
7.157,0,1095.0,0.27
7.162,127,1095.02,0.27
7.167,25,1095.02,0.27
7.172,253,1094.69,0.27
7.177,0,1094.69,0.27
7.182,0,1094.69,0.27
7.187,0,1093.06,0.27
7.192,336,1092.04,0.27
7.197,839,1092.84,0.27
7.202,0,1092.84,0.27
7.207,203,1092.89,0.27
7.212,394,1092.84,0.27
7.217,0,1092.84,0.27
7.222,1168,1092.98,0.27
7.227,1534,1095.66,0.27
7.232,1181,1096.72,0.27
7.237,573,1097.1,0.27
7.242,604,1097.51,0.27
7.248,815,1098.27,0.27
7.252,2364,1104.61,0.27
7.258,925,1105.58,0.27
7.262,0,1105.58,0.27
7.267,80,1105.59,0.27
7.272,4095,1124.39,0.27
7.277,1422,1126.49,0.28
7.282,2810,1134.98,0.28
7.287,509,1135.27,0.28
7.292,4095,1153.58,0.28
7.297,0,1153.58,0.28
7.302,79,1153.59,0.28
7.307,0,1153.59,0.28
7.312,512,1153.87,0.28
7.317,238,1153.93,0.28
7.322,0,1153.93,0.28
7.327,183,1153.97,0.28
7.332,413,1154.15,0.28
7.337,298,1154.25,0.28
7.342,76,1154.26,0.28
7.347,1211,1155.8,0.28
7.352,536,1155.92,0.28
7.357,24,1155.88,0.28
7.362,1024,1157.01,0.28
7.367,2214,1162.29,0.28
7.372,0,1162.29,0.28
7.377,0,1162.29,0.28
7.382,0,1162.29,0.28
7.387,2862,1171.01,0.29
7.392,280,1165.39,0.28
7.397,0,1165.35,0.28
7.402,1147,1163.02,0.28
7.407,121,1162.13,0.28
7.412,0,1162.09,0.28
7.417,0,1153.84,0.28
7.422,0,1153.84,0.28
7.428,92,1152.85,0.28
7.432,379,1152.78,0.28
7.437,634,1153.22,0.28
7.442,345,1153.35,0.28
7.447,0,1153.28,0.28
7.452,2559,1160.36,0.28
7.457,2488,1167.01,0.28
7.462,2520,1173.0,0.29
7.467,2955,1182.25,0.29
7.472,1405,1184.34,0.29
7.477,4095,1201.31,0.29
7.482,4095,1218.63,0.3
7.487,618,1219.02,0.3
7.492,712,1219.45,0.3
7.497,1720,1222.48,0.3
7.502,0,1222.48,0.3
7.507,4095,1239.37,0.3
7.512,1082,1240.46,0.3
7.517,1687,1243.01,0.3
7.522,0,1242.99,0.3
7.527,0,1242.99,0.3
7.532,938,1243.87,0.3
7.537,412,1244.04,0.3
7.542,254,1244.11,0.3
7.547,0,1244.11,0.3
7.552,415,1244.28,0.3
7.557,366,1243.5,0.3
7.562,141,1243.52,0.3
7.567,0,1243.52,0.3
7.572,141,1243.54,0.3
7.577,553,1243.85,0.3
7.582,700,1244.33,0.3
7.587,363,1244.36,0.3
7.592,649,1244.77,0.3
7.597,0,1244.77,0.3
7.602,0,1244.6,0.3
7.607,0,1244.46,0.3
7.612,0,1244.45,0.3
7.617,0,1244.23,0.3
7.622,0,1227.26,0.3
7.627,3,1226.24,0.3
7.632,590,1209.39,0.3
7.637,535,1192.23,0.29
7.642,201,1185.39,0.29
7.647,0,1180.72,0.29
7.652,297,1166.04,0.28
7.657,1319,1149.81,0.28
7.662,3208,1158.15,0.28
7.667,0,1155.63,0.28
7.672,960,1156.63,0.28
7.677,0,1156.36,0.28
7.684,889,1156.64,0.28
7.688,0,1156.45,0.28
7.693,2653,1163.91,0.28
7.698,0,1163.91,0.28
7.703,587,1164.26,0.28
7.708,349,1164.39,0.28
7.713,314,1164.33,0.28
7.718,0,1164.33,0.28
7.723,0,1164.33,0.28
7.728,0,1164.33,0.28
7.733,922,1165.24,0.28
7.739,158,1165.07,0.28
7.743,1132,1165.95,0.28
7.748,0,1165.63,0.28
7.753,3,1165.29,0.28
7.758,445,1164.48,0.28
7.763,3086,1174.66,0.29
7.768,0,1174.61,0.29
7.773,1069,1175.83,0.29
7.778,443,1168.46,0.29
7.783,0,1168.46,0.29
7.788,471,1168.67,0.29
7.793,191,1168.5,0.29
7.798,0,1165.45,0.28
7.803,0,1161.89,0.28
7.808,0,1161.29,0.28
7.813,797,1161.98,0.28
7.818,2880,1170.85,0.29
7.823,2350,1176.73,0.29
7.828,1430,1178.79,0.29
7.833,1247,1180.44,0.29
7.838,250,1180.47,0.29
7.843,4095,1198.1,0.29
7.848,778,1198.46,0.29
7.853,109,1198.48,0.29
7.858,1040,1199.49,0.29
7.863,237,1199.55,0.29
7.868,6,1199.55,0.29
7.873,168,1199.58,0.29
7.878,0,1199.54,0.29
7.884,0,1199.54,0.29
7.888,0,1199.54,0.29
7.893,0,1199.54,0.29
7.898,124,1199.56,0.29
7.903,0,1199.56,0.29
7.908,1024,1200.65,0.29
7.913,763,1201.25,0.29
7.918,953,1202.19,0.29
7.923,877,1202.75,0.29
7.928,0,1202.75,0.29
7.933,777,1203.38,0.29
7.938,920,1201.55,0.29
7.943,0,1201.55,0.29
7.948,664,1201.9,0.29
7.953,0,1201.29,0.29
7.958,0,1200.27,0.29
7.963,0,1199.54,0.29
7.968,0,1199.54,0.29
7.973,0,1195.77,0.29
7.978,0,1195.77,0.29
7.983,0,1195.64,0.29
7.988,0,1195.64,0.29
7.993,540,1195.94,0.29
7.998,2522,1202.57,0.29
8.003,0,1202.48,0.29
8.008,4095,1219.73,0.3
8.013,601,1220.1,0.3
8.018,426,1220.29,0.3
8.023,1661,1221.58,0.3
8.028,3098,1231.36,0.3
8.033,4095,1246.98,0.3
8.038,0,1242.64,0.3
8.043,1629,1245.31,0.3
8.048,798,1245.67,0.3
8.053,0,1245.35,0.3
8.058,0,1245.35,0.3
8.064,0,1245.23,0.3
8.068,414,1245.34,0.3
8.073,0,1245.32,0.3
8.078,696,1245.8,0.3
8.083,668,1246.25,0.3
8.088,1054,1247.37,0.3
8.093,0,1246.71,0.3
8.098,47,1245.98,0.3
8.103,587,1246.32,0.3
8.108,0,1246.32,0.3
8.113,827,1247.01,0.3
8.118,1247,1248.57,0.3
8.123,157,1248.59,0.3
8.128,0,1248.59,0.3
8.133,248,1248.65,0.3
8.138,4,1248.65,0.3
8.143,0,1248.65,0.3
8.148,0,1248.65,0.3
8.153,0,1248.6,0.3
8.158,0,1248.6,0.3
8.163,926,1249.46,0.31
8.169,1752,1252.52,0.31
8.173,988,1253.5,0.31
8.178,3580,1266.21,0.31
8.183,2639,1273.07,0.31
8.188,1533,1275.36,0.31
8.193,1915,1276.93,0.31
8.198,784,1261.02,0.31
8.203,3086,1269.02,0.31
8.208,602,1269.37,0.31
8.213,905,1267.76,0.31
8.218,270,1267.83,0.31
8.223,0,1251.19,0.31
8.228,494,1234.57,0.3
8.233,218,1217.52,0.3
8.238,0,1203.7,0.29
8.243,0,1201.45,0.29
8.248,109,1200.6,0.29
8.253,1288,1202.33,0.29
8.258,0,1202.33,0.29
8.263,1659,1205.18,0.29
8.268,0,1205.18,0.29
8.273,0,1205.18,0.29
8.278,362,1205.32,0.29
8.283,1226,1206.87,0.29
8.289,1735,1209.97,0.3
8.293,1261,1211.6,0.3
8.298,763,1211.96,0.3
8.303,2041,1214.46,0.3
8.308,328,1212.97,0.3
8.314,0,1212.97,0.3
8.318,0,1212.94,0.3
8.323,0,1212.89,0.3
8.328,5,1212.77,0.3
8.333,0,1211.01,0.3
8.338,0,1211.01,0.3
8.343,0,1208.15,0.3
8.348,503,1207.66,0.29
8.353,934,1202.76,0.29
8.358,1245,1203.63,0.29
8.363,1400,1203.98,0.29
8.368,0,1203.58,0.29
8.373,2476,1209.93,0.3
8.378,3180,1220.33,0.3
8.383,3647,1233.88,0.3
8.388,2310,1239.27,0.3
8.393,0,1239.27,0.3
8.398,0,1239.27,0.3
8.403,1404,1241.22,0.3
8.408,155,1241.09,0.3
8.413,48,1239.87,0.3
8.42,0,1239.87,0.3
8.474,155,1239.89,0.3
8.493,0,1239.88,0.3
8.494,537,1232.06,0.3
8.494,617,1232.44,0.3
8.495,733,1230.46,0.3
8.495,125,1230.26,0.3
8.496,411,1213.28,0.3
8.496,0,1199.98,0.29
8.497,0,1182.38,0.29
8.497,183,1170.56,0.29
8.497,0,1170.56,0.29
8.498,0,1165.68,0.28
8.498,0,1165.68,0.28
8.498,0,1165.68,0.28
8.499,0,1165.68,0.28
8.499,168,1165.33,0.28
8.503,200,1165.35,0.28
8.508,0,1165.31,0.28
8.514,166,1165.34,0.28
8.518,0,1163.02,0.28
8.523,59,1156.23,0.28
8.528,7,1156.23,0.28
8.533,0,1155.03,0.28
8.538,0,1152.61,0.28
8.543,0,1152.61,0.28
8.548,0,1152.61,0.28
8.553,0,1152.61,0.28
8.558,0,1152.56,0.28
8.563,45,1152.56,0.28
8.568,588,1152.93,0.28
8.573,122,1152.76,0.28
8.578,43,1152.77,0.28
8.583,171,1152.8,0.28
8.588,470,1152.97,0.28
8.593,350,1152.53,0.28
8.598,541,1152.49,0.28
8.603,507,1152.77,0.28
8.608,0,1151.7,0.28
8.613,0,1150.74,0.28
8.618,0,1148.13,0.28
8.623,1225,1149.77,0.28
8.629,295,1149.6,0.28
8.633,808,1150.31,0.28
8.638,664,1150.19,0.28
8.643,54,1149.96,0.28
8.648,413,1150.15,0.28
8.653,0,1150.05,0.28
8.658,61,1150.06,0.28
8.663,957,1151.05,0.28
8.668,8,1151.04,0.28
8.673,988,1152.1,0.28
8.678,2058,1156.69,0.28
8.684,2664,1164.33,0.28
8.688,0,1164.33,0.28
8.694,120,1164.35,0.28
8.698,3471,1177.21,0.29
8.703,1111,1178.52,0.29
8.708,1182,1180.0,0.29
8.713,334,1180.12,0.29
8.719,0,1180.12,0.29
8.723,0,1180.12,0.29
8.728,0,1180.12,0.29
8.733,0,1180.12,0.29
8.738,174,1180.15,0.29
8.743,315,1180.25,0.29
8.748,0,1180.25,0.29
8.753,0,1180.25,0.29
8.758,695,1179.2,0.29
8.763,1370,1180.44,0.29
8.768,381,1180.51,0.29
8.773,414,1180.58,0.29
8.778,0,1166.7,0.28
8.783,828,1167.32,0.29
8.788,18,1164.01,0.28
8.793,93,1164.02,0.28
8.798,154,1164.03,0.28
8.803,0,1164.03,0.28
8.808,43,1163.98,0.28
8.813,266,1164.05,0.28
8.818,295,1164.13,0.28
8.823,0,1163.81,0.28
8.828,0,1163.63,0.28
8.833,264,1163.7,0.28
8.838,270,1163.58,0.28
8.843,0,1163.58,0.28
8.848,0,1163.43,0.28
8.853,0,1162.85,0.28
8.858,702,1162.0,0.28
8.863,218,1161.79,0.28
8.868,512,1161.59,0.28
8.873,1001,1162.67,0.28
8.878,1469,1164.99,0.28
8.884,1975,1169.16,0.29
8.888,1659,1171.97,0.29
8.893,107,1171.95,0.29
8.898,462,1171.51,0.29
8.903,454,1171.73,0.29
8.908,168,1171.74,0.29
8.913,0,1171.61,0.29
8.918,0,1171.61,0.29
8.923,9,1171.61,0.29
8.928,0,1171.61,0.29
8.933,0,1171.61,0.29
8.938,0,1171.61,0.29
8.943,0,1171.61,0.29
8.948,0,1171.61,0.29
8.953,0,1171.61,0.29
8.958,159,1171.64,0.29
8.963,7,1171.6,0.29
8.968,0,1171.28,0.29
8.973,72,1171.04,0.29
8.978,871,1171.85,0.29
8.983,569,1171.87,0.29
8.988,121,1171.69,0.29
8.993,263,1153.74,0.28
8.998,540,1143.61,0.28
9.003,107,1125.15,0.27
9.008,335,1106.49,0.27
9.013,0,1106.49,0.27
9.018,43,1099.71,0.27
9.023,1560,1083.61,0.26
9.029,0,1079.73,0.26
9.033,1101,1080.64,0.26
9.038,46,1079.51,0.26
9.043,0,1079.25,0.26
9.048,217,1079.02,0.26
9.053,528,1079.34,0.26
9.058,221,1079.4,0.26
9.063,715,1079.99,0.26
9.068,5,1079.99,0.26
9.073,681,1080.53,0.26
9.078,0,1080.53,0.26
9.083,0,1080.53,0.26
9.088,151,1079.03,0.26
9.093,1053,1080.31,0.26
9.098,605,1080.73,0.26
9.103,0,1080.73,0.26
9.108,508,1080.15,0.26
9.113,0,1080.01,0.26
9.118,0,1080.01,0.26
9.123,0,1079.02,0.26
9.128,0,1078.23,0.26
9.133,0,1076.26,0.26
9.138,0,1076.26,0.26
9.143,0,1075.06,0.26
9.148,0,1074.99,0.26
9.153,0,1074.99,0.26
9.158,1053,1076.27,0.26
9.163,0,1076.26,0.26
9.168,23,1076.26,0.26
9.173,7,1076.18,0.26
9.178,0,1076.18,0.26
9.183,604,1076.6,0.26
9.188,1374,1078.79,0.26
9.193,216,1078.72,0.26
9.199,758,1078.57,0.26
9.203,893,1079.49,0.26
9.208,0,1079.44,0.26
9.213,269,1079.35,0.26
9.218,0,1079.35,0.26
9.223,378,1077.93,0.26
9.228,0,1075.2,0.26
9.234,0,1073.58,0.26
9.238,136,1073.22,0.26
9.243,1805,1076.58,0.26
9.248,777,1076.51,0.26
9.253,0,1070.0,0.26
9.258,1273,1070.9,0.26
9.263,0,1070.9,0.26
9.268,112,1070.9,0.26
9.273,31,1051.15,0.26
9.278,0,1048.74,0.26
9.283,634,1039.77,0.25
9.288,699,1040.05,0.25
9.293,0,1019.69,0.25
9.298,0,1019.69,0.25
9.303,0,1019.68,0.25
9.308,0,1019.68,0.25
9.313,0,1019.36,0.25
9.318,0,1019.29,0.25
9.323,0,1019.29,0.25
9.328,264,1019.34,0.25
9.333,0,1019.13,0.25
9.338,0,1019.02,0.25
9.343,0,1019.01,0.25
9.348,93,1017.22,0.25
9.353,0,1016.87,0.25
9.358,263,1016.95,0.25
9.363,201,1015.71,0.25
9.368,0,1009.66,0.25
9.373,1,1009.66,0.25
9.378,5,1009.66,0.25
9.383,0,1009.66,0.25
9.388,391,999.66,0.24
9.393,0,999.57,0.24
9.398,798,1000.36,0.24
9.403,0,998.72,0.24
9.408,0,998.7,0.24
9.413,0,998.7,0.24
9.418,138,998.72,0.24
9.423,406,998.93,0.24
9.428,126,998.94,0.24
9.433,5,998.76,0.24
9.438,429,998.48,0.24
9.443,0,998.34,0.24
9.448,0,998.34,0.24
9.453,54,990.11,0.24
9.458,0,982.26,0.24
9.463,0,974.14,0.24
9.468,0,962.87,0.24
9.473,0,960.31,0.23
9.478,0,938.23,0.23
9.484,0,915.61,0.22
9.488,767,915.9,0.22
9.494,41,915.21,0.22
9.498,942,912.37,0.22
9.503,250,912.46,0.22
9.508,955,890.47,0.22
9.513,470,889.14,0.22
9.518,137,885.15,0.22
9.523,0,885.15,0.22
9.528,1623,888.86,0.22
9.533,125,887.65,0.22
9.538,283,887.52,0.22
9.543,0,887.43,0.22
9.548,0,887.43,0.22
9.553,0,887.19,0.22
9.558,220,887.07,0.22
9.563,0,887.04,0.22
9.568,1002,888.45,0.22
9.573,2751,899.01,0.22
9.578,378,898.78,0.22
9.583,154,898.14,0.22
9.588,0,897.95,0.22
9.593,0,897.37,0.22
9.598,1069,898.96,0.22
9.603,1274,901.21,0.22
9.608,1277,903.47,0.22
9.613,188,903.52,0.22
9.618,456,903.81,0.22
9.623,0,903.81,0.22
9.628,382,904.01,0.22
9.633,0,903.53,0.22
9.638,0,903.13,0.22
9.643,797,903.95,0.22
9.648,0,903.95,0.22
9.653,0,903.83,0.22
9.658,0,901.42,0.22
9.663,814,887.97,0.22
9.668,974,889.3,0.22
9.673,444,888.28,0.22
9.678,203,888.34,0.22
9.684,1197,889.25,0.22
9.689,380,889.45,0.22
9.694,0,879.5,0.21
9.699,0,879.5,0.21
9.704,0,879.01,0.21
9.709,0,878.84,0.21
9.714,0,878.7,0.21
9.719,456,878.99,0.21
9.724,0,878.99,0.21
9.729,0,878.99,0.21
9.734,381,877.99,0.21
9.739,0,877.96,0.21
9.744,0,876.13,0.21
9.75,0,876.13,0.21
9.754,46,876.13,0.21
9.759,110,875.87,0.21
9.764,0,862.17,0.21
9.769,142,862.2,0.21
9.774,303,860.67,0.21
9.779,0,860.39,0.21
9.784,62,860.39,0.21
9.789,0,860.07,0.21
9.794,0,860.02,0.21
9.799,332,860.18,0.21
9.805,0,860.18,0.21
9.809,718,860.93,0.21
9.814,0,860.0,0.21
9.819,763,848.72,0.21
9.824,1278,842.97,0.21
9.829,0,839.94,0.21
9.834,712,838.37,0.2
9.839,953,839.63,0.21
9.844,0,814.29,0.2
9.849,989,814.86,0.2
9.854,0,814.84,0.2
9.859,0,813.18,0.2
9.865,0,813.09,0.2
9.87,233,813.18,0.2
9.874,0,813.13,0.2
9.879,0,813.13,0.2
9.884,1274,815.62,0.2
9.89,364,815.83,0.2
9.894,430,816.11,0.2
9.899,0,816.09,0.2
9.904,0,816.09,0.2
9.909,216,814.55,0.2
9.914,345,813.84,0.2
9.919,168,812.49,0.2
9.924,0,811.3,0.2
9.929,0,811.3,0.2
9.934,0,810.37,0.2
9.939,0,809.07,0.2
9.944,0,809.07,0.2
9.949,0,808.38,0.2
9.954,62,808.39,0.2
9.959,0,808.39,0.2
9.964,0,808.39,0.2
9.969,0,808.39,0.2
9.975,27,808.39,0.2
9.979,0,808.39,0.2
9.984,297,808.53,0.2
9.989,507,808.93,0.2
9.994,0,808.47,0.2
9.999,617,799.18,0.2
10.004,23,799.18,0.2
10.009,732,773.37,0.19
10.014,0,772.79,0.19
10.019,0,772.49,0.19
10.024,0,768.01,0.19
10.029,17,752.23,0.18
10.034,0,723.83,0.18
10.039,0,723.83,0.18
10.044,0,719.23,0.18
10.049,62,718.13,0.18
10.054,0,718.13,0.18
10.059,395,718.4,0.18
10.064,0,718.4,0.18
10.069,0,718.11,0.18
10.074,28,718.11,0.18
10.079,90,717.28,0.18
10.084,0,716.5,0.17
10.089,0,714.56,0.17
10.094,876,715.9,0.17
10.099,554,716.43,0.17
10.104,0,715.83,0.17
10.109,377,716.08,0.17
10.114,43,714.89,0.17
10.119,362,712.39,0.17
10.145,0,712.35,0.17
10.149,0,712.35,0.17
10.161,879,713.6,0.17
10.162,0,713.6,0.17
10.162,45,713.6,0.17
10.163,1023,715.43,0.17
10.163,199,715.5,0.17
10.164,1255,718.25,0.18
10.164,0,716.75,0.18
10.169,0,711.38,0.17
10.174,0,709.66,0.17
10.179,0,686.72,0.17
10.184,170,673.97,0.16
10.189,0,669.6,0.16
10.194,0,662.72,0.16
10.199,47,661.56,0.16
10.204,346,643.55,0.16
10.209,43,642.85,0.16
10.214,0,641.25,0.16
10.219,253,641.24,0.16
10.224,0,641.24,0.16
10.229,298,640.93,0.16
10.234,447,641.23,0.16
10.239,1486,645.52,0.16
10.244,0,645.52,0.16
10.249,140,645.54,0.16
10.254,0,642.32,0.16
10.259,0,642.32,0.16
10.264,0,636.94,0.16
10.269,0,636.94,0.16
10.274,0,636.94,0.16
10.279,0,636.68,0.16
10.284,0,633.72,0.15
10.29,0,627.76,0.15
10.294,0,624.58,0.15
10.299,0,623.42,0.15
10.304,1006,617.06,0.15
10.309,395,617.16,0.15
10.314,672,618.07,0.15
10.319,0,618.07,0.15
10.324,1276,621.36,0.15
10.329,314,621.55,0.15
10.334,0,621.55,0.15
10.339,0,621.55,0.15
10.344,430,621.93,0.15
10.35,535,621.99,0.15
10.354,536,620.82,0.15
10.359,0,617.69,0.15
10.365,0,613.71,0.15
10.369,528,614.28,0.15
10.375,234,601.78,0.15
10.379,45,580.4,0.14
10.384,0,551.01,0.13
10.389,0,538.77,0.13
10.394,157,538.83,0.13
10.399,0,538.83,0.13
10.404,592,535.06,0.13
10.409,684,536.09,0.13
10.414,776,537.49,0.13
10.419,0,537.49,0.13
10.424,279,537.62,0.13
10.429,0,537.62,0.13
10.434,236,537.07,0.13
10.439,0,536.19,0.13
10.444,0,534.93,0.13
10.449,0,534.9,0.13
10.454,0,534.5,0.13
10.459,0,534.5,0.13
10.464,0,534.5,0.13
10.469,0,534.42,0.13
10.474,167,534.49,0.13
10.479,0,534.49,0.13
10.484,125,534.53,0.13
10.49,779,535.94,0.13
10.494,0,535.94,0.13
10.499,0,535.88,0.13
10.504,317,536.02,0.13
10.509,1021,538.44,0.13
10.514,91,538.4,0.13
10.519,542,539.08,0.13
10.525,0,539.07,0.13
10.529,0,539.07,0.13
10.534,0,539.07,0.13
10.539,0,539.07,0.13
10.544,0,539.07,0.13
10.549,0,539.07,0.13
10.554,0,539.07,0.13
10.559,182,539.15,0.13
10.564,0,539.14,0.13
10.569,381,538.68,0.13
10.574,0,538.64,0.13
10.579,632,539.57,0.13
10.584,0,539.5,0.13
10.589,72,539.0,0.13
10.594,0,538.71,0.13
10.6,0,538.03,0.13
10.604,280,537.62,0.13
10.609,0,537.62,0.13
10.614,0,537.62,0.13
10.619,0,537.62,0.13
10.624,0,534.12,0.13
10.63,0,533.92,0.13
10.634,0,532.38,0.13
10.639,0,531.35,0.13
10.644,0,531.34,0.13
10.649,0,530.94,0.13
10.654,0,530.94,0.13
10.659,0,530.93,0.13
10.664,0,528.77,0.13
10.669,0,528.77,0.13
10.674,0,526.46,0.13
10.679,0,516.3,0.13
10.684,74,498.84,0.12
10.689,0,498.84,0.12
10.694,0,498.8,0.12
10.699,0,467.64,0.11
10.704,0,464.33,0.11
10.709,169,460.63,0.11
10.714,0,460.33,0.11
10.72,0,460.33,0.11
10.724,0,460.33,0.11
10.729,89,460.35,0.11
10.734,410,460.8,0.11
10.739,2407,476.18,0.12
10.745,0,475.92,0.12
10.749,525,476.64,0.12
10.754,716,477.99,0.12
10.759,601,477.67,0.12
10.764,1292,477.12,0.12
10.769,332,477.03,0.12
10.774,0,476.58,0.12
10.779,0,476.58,0.12
10.784,0,474.78,0.12
10.789,0,474.78,0.12
10.794,235,474.9,0.12
10.799,0,474.84,0.12
10.805,0,474.84,0.12
10.809,0,474.84,0.12
10.814,0,474.65,0.12
10.819,0,474.42,0.12
10.824,0,474.42,0.12
10.829,0,474.42,0.12
10.834,280,474.44,0.12
10.839,57,474.26,0.12
10.844,777,475.85,0.12
10.849,224,475.98,0.12
10.854,237,476.13,0.12
10.86,875,476.84,0.12
10.864,398,477.13,0.12
10.869,251,476.61,0.12
10.874,0,473.98,0.12
10.879,376,468.63,0.11
10.884,0,458.11,0.11
10.889,0,450.53,0.11
10.894,57,450.51,0.11
10.899,40,449.92,0.11
10.904,0,449.35,0.11
10.909,2,449.27,0.11
10.914,238,449.43,0.11
10.919,0,449.43,0.11
10.924,0,449.43,0.11
10.929,0,449.43,0.11
10.934,0,449.43,0.11
10.939,0,449.43,0.11
10.944,0,449.43,0.11
10.949,92,449.45,0.11
10.954,363,449.82,0.11
10.959,1661,457.35,0.11
10.964,475,457.97,0.11
10.969,55,457.98,0.11
10.975,329,458.26,0.11
10.979,88,456.2,0.11
10.984,0,455.32,0.11
10.989,0,455.28,0.11
10.994,0,455.09,0.11
10.999,0,454.28,0.11
11.004,0,454.25,0.11
11.009,0,453.94,0.11
11.014,0,453.94,0.11
11.019,0,453.94,0.11
11.024,0,447.19,0.11
11.029,0,447.19,0.11
11.034,0,443.79,0.11
11.039,0,443.78,0.11
11.044,606,444.81,0.11
11.049,555,445.55,0.11
11.055,9,444.76,0.11
11.059,238,444.79,0.11
11.064,0,443.35,0.11
11.069,139,443.4,0.11
11.074,109,442.12,0.11
11.079,0,442.12,0.11
11.084,159,442.2,0.11
11.09,0,442.13,0.11
11.094,72,439.0,0.11
11.099,0,437.96,0.11
11.104,0,437.96,0.11
11.109,0,437.22,0.11
11.114,109,437.25,0.11
11.119,0,437.25,0.11
11.124,0,437.25,0.11
11.129,0,437.25,0.11
11.134,0,437.25,0.11
11.139,393,437.7,0.11
11.144,443,438.26,0.11
11.149,0,438.26,0.11
11.154,0,438.26,0.11
11.159,0,435.08,0.11
11.164,0,435.08,0.11
11.169,0,435.08,0.11
11.174,0,435.08,0.11
11.179,0,435.08,0.11
11.184,0,434.03,0.11
11.189,0,428.56,0.1
11.194,0,428.42,0.1
11.199,0,426.74,0.1
11.204,0,424.4,0.1
11.209,0,424.4,0.1
11.214,4,424.19,0.1
11.219,21,424.19,0.1
11.224,426,424.3,0.1
11.229,0,424.3,0.1
11.234,731,425.87,0.1
11.239,0,425.82,0.1
11.244,0,416.15,0.1
11.249,123,414.37,0.1
11.254,73,414.39,0.1
11.259,0,409.47,0.1
11.264,0,409.47,0.1
11.269,0,409.43,0.1
11.274,0,409.43,0.1
11.279,0,409.43,0.1
11.284,136,408.26,0.1
11.289,0,406.76,0.1
11.294,512,407.56,0.1
11.299,441,408.16,0.1
11.304,25,408.16,0.1
11.309,0,408.16,0.1
11.314,0,408.16,0.1
11.32,0,408.16,0.1
11.324,93,408.19,0.1
11.329,0,407.98,0.1
11.334,0,407.98,0.1
11.339,0,407.98,0.1
11.344,0,407.98,0.1
11.349,0,407.95,0.1
11.354,0,407.95,0.1
11.359,0,407.74,0.1
11.364,0,407.61,0.1
11.369,0,407.61,0.1
11.374,0,407.61,0.1
11.379,0,407.61,0.1
11.384,0,407.61,0.1
11.389,0,407.14,0.1
11.394,1050,410.52,0.1
11.399,0,408.57,0.1
11.404,779,410.42,0.1
11.409,1099,414.09,0.1
11.414,0,414.09,0.1
11.419,285,414.27,0.1
11.424,0,413.78,0.1
11.429,0,413.73,0.1
11.434,151,413.8,0.1
11.439,0,413.24,0.1
11.444,0,413.24,0.1
11.449,364,413.64,0.1
11.454,0,413.63,0.1
11.459,652,414.91,0.1
11.464,508,415.69,0.1
11.469,574,416.68,0.1
11.474,0,416.68,0.1
11.479,20,416.68,0.1
11.484,0,416.68,0.1
11.489,653,416.2,0.1
11.494,16,416.19,0.1
11.499,0,413.52,0.1
11.504,444,413.93,0.1
11.509,412,411.68,0.1
11.514,759,412.75,0.1
11.52,86,412.72,0.1
11.524,41,412.73,0.1
11.529,0,404.67,0.1
11.534,45,404.63,0.1
11.539,749,406.11,0.1
11.544,0,406.11,0.1
11.549,0,406.11,0.1
11.554,0,406.11,0.1
11.559,0,405.96,0.1
11.564,0,405.96,0.1
11.569,0,402.86,0.1
11.574,0,378.65,0.09
11.579,0,378.18,0.09
11.584,0,378.1,0.09
11.589,0,378.1,0.09
11.594,88,378.12,0.09
11.599,0,374.33,0.09
11.604,0,368.87,0.09
11.609,254,363.52,0.09
11.614,71,363.42,0.09
11.619,662,364.21,0.09
11.624,952,367.3,0.09
11.629,439,367.46,0.09
11.634,759,369.42,0.09
11.639,0,369.42,0.09
11.644,0,367.26,0.09
11.649,1183,372.0,0.09
11.654,1054,375.71,0.09
11.659,237,375.9,0.09
11.664,0,373.69,0.09
11.669,0,370.5,0.09
11.674,59,369.85,0.09
11.679,88,369.73,0.09
11.685,0,364.86,0.09
11.69,0,364.36,0.09
11.695,95,364.39,0.09
11.7,141,364.46,0.09
11.705,568,365.57,0.09
11.71,0,365.57,0.09
11.715,0,365.57,0.09
11.72,0,364.85,0.09
11.725,399,365.4,0.09
11.73,0,365.4,0.09
11.735,0,364.9,0.09
11.74,396,365.44,0.09
11.745,238,365.63,0.09
11.75,0,365.63,0.09
11.755,0,365.63,0.09
11.76,0,365.58,0.09
11.765,0,365.58,0.09
11.77,0,365.51,0.09
11.775,0,365.2,0.09
11.78,0,365.2,0.09
11.787,0,365.19,0.09
11.799,0,365.19,0.09
11.827,329,365.56,0.09
11.849,0,365.18,0.09
11.852,0,365.18,0.09
11.853,254,363.63,0.09
11.853,0,363.63,0.09
11.853,0,361.63,0.09
11.853,64,355.95,0.09
11.854,0,355.95,0.09
11.854,523,355.13,0.09
11.854,0,351.92,0.09
11.855,0,351.92,0.09
11.855,697,350.17,0.09
11.855,78,350.19,0.09
11.86,0,350.19,0.09
11.865,286,350.48,0.09
11.87,295,350.6,0.09
11.875,0,350.6,0.09
11.88,0,350.6,0.09
11.885,0,344.76,0.08
11.89,0,344.28,0.08
11.895,0,343.61,0.08
11.9,0,343.61,0.08
11.905,0,343.61,0.08
11.91,0,343.44,0.08
11.915,0,343.0,0.08
11.92,0,342.9,0.08
11.925,0,342.9,0.08
11.93,56,342.91,0.08
11.935,0,342.91,0.08
11.94,0,342.91,0.08
11.945,0,342.91,0.08
11.95,92,342.94,0.08
11.955,0,342.93,0.08
11.96,0,342.93,0.08
11.965,0,342.93,0.08
11.97,0,342.93,0.08
11.975,0,342.93,0.08
11.98,0,342.93,0.08
11.985,0,342.61,0.08
11.99,0,341.67,0.08
11.995,0,341.67,0.08
12.0,0,340.27,0.08
12.005,0,340.27,0.08
12.01,238,338.5,0.08
12.015,0,338.5,0.08
12.02,0,338.5,0.08
12.025,0,338.5,0.08
12.03,0,338.5,0.08
12.035,0,338.5,0.08
12.04,0,338.5,0.08
12.045,0,338.5,0.08
12.05,2283,357.22,0.09
12.055,0,357.22,0.09
12.06,3402,395.16,0.1
12.066,188,395.27,0.1
12.07,4045,444.01,0.11
12.075,699,445.38,0.11
12.08,4095,490.17,0.12
12.085,749,491.6,0.12
12.09,1519,497.43,0.12
12.096,0,495.5,0.12
12.1,684,495.9,0.12
12.105,302,496.13,0.12
12.11,8,495.77,0.12
12.115,0,495.77,0.12
12.12,0,495.44,0.12
12.125,0,495.44,0.12
12.13,0,495.44,0.12
12.135,0,493.49,0.12
12.14,0,493.49,0.12
12.145,0,493.48,0.12
12.15,0,490.82,0.12
12.155,0,490.72,0.12
12.16,368,487.04,0.12
12.165,0,487.04,0.12
12.17,0,487.04,0.12
12.175,0,487.04,0.12
12.18,367,487.39,0.12
12.185,0,487.31,0.12
12.19,1,487.31,0.12
12.195,425,487.78,0.12
12.2,361,488.1,0.12
12.205,0,487.8,0.12
12.211,0,487.79,0.12
12.215,0,487.79,0.12
12.22,0,487.63,0.12
12.225,0,487.63,0.12
12.23,0,487.4,0.12
12.235,0,486.89,0.12
12.24,0,481.19,0.12
12.245,0,481.19,0.12
12.25,0,481.13,0.12
12.255,0,481.13,0.12
12.26,0,481.13,0.12
12.265,0,481.13,0.12
12.27,0,481.13,0.12
12.275,671,482.3,0.12
12.28,0,482.3,0.12
12.285,1133,485.62,0.12
12.29,189,485.71,0.12
12.295,958,488.07,0.12
12.3,3291,515.06,0.13
12.305,988,514.97,0.13
12.31,4095,553.83,0.14
12.315,494,553.36,0.14
12.32,495,553.92,0.14
12.325,299,550.43,0.13
12.33,61,550.22,0.13
12.335,0,550.22,0.13
12.34,0,550.22,0.13
12.345,0,549.8,0.13
12.35,104,549.17,0.13
12.355,0,548.51,0.13
12.36,633,549.43,0.13
12.365,569,550.16,0.13
12.37,0,549.53,0.13
12.375,0,549.41,0.13
12.38,0,549.4,0.13
12.385,399,549.76,0.13
12.39,0,549.76,0.13
12.395,0,549.71,0.13
12.4,0,549.71,0.13
12.405,207,549.01,0.13
12.41,0,547.94,0.13
12.415,0,546.56,0.13
12.42,0,546.56,0.13
12.425,0,546.39,0.13
12.43,42,546.39,0.13
12.435,107,546.29,0.13
12.44,0,546.29,0.13
12.445,0,546.29,0.13
12.45,0,546.29,0.13
12.455,0,546.29,0.13
12.46,0,546.29,0.13
12.465,0,546.29,0.13
12.47,0,546.29,0.13
12.475,0,546.23,0.13
12.48,0,546.23,0.13
12.485,0,546.19,0.13
12.49,2427,558.15,0.14
12.495,1035,560.54,0.14
12.501,3453,586.53,0.14
12.505,1261,589.7,0.14
12.51,920,589.28,0.14
12.515,3064,608.85,0.15
12.521,4095,641.79,0.16
12.525,2040,649.84,0.16
12.53,4095,681.33,0.17
12.535,1167,683.83,0.17
12.54,366,684.07,0.17
12.545,1144,686.46,0.17
12.55,0,686.46,0.17
12.555,0,686.46,0.17
12.56,0,686.4,0.17
12.565,0,686.4,0.17
12.57,0,686.14,0.17
12.575,0,686.14,0.17
12.58,0,685.41,0.17
12.585,0,685.41,0.17
12.59,0,685.4,0.17
12.595,779,686.5,0.17
12.6,685,687.36,0.17
12.605,75,687.23,0.17
12.61,461,687.61,0.17
12.615,0,687.61,0.17
12.62,108,687.63,0.17
12.625,925,689.19,0.17
12.63,538,689.71,0.17
12.635,345,689.93,0.17
12.64,0,689.93,0.17
12.645,0,689.93,0.17
12.65,26,689.93,0.17
12.655,668,690.74,0.17
12.66,780,691.84,0.17
12.665,104,691.86,0.17
12.67,0,691.86,0.17
12.675,155,691.9,0.17
12.68,0,691.9,0.17
12.685,220,691.98,0.17
12.69,0,691.98,0.17
12.695,0,691.98,0.17
12.7,0,691.98,0.17
12.705,0,691.98,0.17
12.71,0,691.93,0.17
12.715,239,692.03,0.17
12.72,0,692.03,0.17
12.725,0,692.03,0.17
12.731,0,692.01,0.17
12.735,58,691.72,0.17
12.74,509,681.64,0.17
12.745,1547,686.02,0.17
12.75,3211,704.06,0.17
12.755,4095,732.36,0.18
12.76,2284,740.6,0.18
12.765,2538,748.61,0.18
12.77,3276,766.14,0.19
12.775,1390,769.29,0.19
12.78,4095,796.07,0.19
12.786,1294,798.69,0.2
12.79,0,798.69,0.2
12.795,651,799.27,0.2
12.8,1511,802.83,0.2
12.805,984,804.34,0.2
12.81,1434,807.53,0.2
12.815,0,807.53,0.2
12.82,91,807.54,0.2
12.825,0,807.54,0.2
12.83,0,807.54,0.2
12.835,0,807.42,0.2
12.84,0,807.41,0.2
12.846,0,806.48,0.2
12.85,27,806.4,0.2
12.855,0,806.31,0.2
12.86,267,805.24,0.2
12.866,348,805.18,0.2
12.87,2159,812.29,0.2
12.875,0,812.29,0.2
12.88,781,813.01,0.2
12.885,0,813.01,0.2
12.89,906,814.27,0.2
12.895,0,814.26,0.2
12.9,0,814.26,0.2
12.905,0,814.26,0.2
12.91,0,814.26,0.2
12.915,0,814.17,0.2
12.92,0,814.17,0.2
12.925,0,814.17,0.2
12.93,0,814.17,0.2
12.935,0,814.17,0.2
12.94,0,814.17,0.2
12.945,0,814.17,0.2
12.95,0,814.16,0.2
12.955,0,813.96,0.2
12.96,0,809.71,0.2
12.965,0,809.36,0.2
12.97,0,809.36,0.2
12.975,0,809.19,0.2
12.98,0,809.18,0.2
12.985,1706,813.66,0.2
12.99,3088,828.18,0.2
12.995,4095,853.12,0.21
13.0,380,853.33,0.21
13.005,2272,860.86,0.21
13.01,4057,884.43,0.22
13.015,839,885.43,0.22
13.02,4095,908.79,0.22
13.025,1150,910.61,0.22
13.03,0,910.61,0.22
13.035,78,910.62,0.22
13.04,172,910.66,0.22
13.045,0,910.16,0.22
13.05,763,910.53,0.22
13.055,0,910.53,0.22
13.06,21,910.45,0.22
13.065,0,910.45,0.22
13.07,0,910.43,0.22
13.075,0,910.41,0.22
13.08,0,910.41,0.22
13.085,0,910.38,0.22
13.09,0,910.38,0.22
13.095,0,910.37,0.22
13.1,1118,912.08,0.22
13.105,2344,919.58,0.22
13.11,1024,921.01,0.22
13.115,2140,927.19,0.23
13.12,0,927.19,0.23
13.125,150,927.22,0.23
13.13,733,927.94,0.23
13.135,312,928.07,0.23
13.14,0,927.86,0.23
13.145,0,927.6,0.23
13.15,235,927.67,0.23
13.155,0,927.67,0.23
13.16,0,927.67,0.23
13.165,0,927.67,0.23
13.17,0,927.67,0.23
13.175,0,927.67,0.23
13.18,0,927.67,0.23
13.185,0,927.67,0.23
13.19,0,927.67,0.23
13.195,0,927.67,0.23
13.2,0,927.67,0.23
13.205,0,927.67,0.23
13.21,40,927.68,0.23
13.215,110,927.69,0.23
13.22,0,927.69,0.23
13.225,0,927.45,0.23
13.23,0,927.45,0.23
13.235,1582,930.1,0.23
13.24,169,930.13,0.23
13.245,1019,931.53,0.23
13.25,0,931.51,0.23
13.255,3350,946.44,0.23
13.26,1388,948.98,0.23
13.265,1415,951.62,0.23
13.27,477,951.91,0.23
13.275,794,952.74,0.23
13.28,478,953.04,0.23
13.285,359,953.19,0.23
13.29,1240,955.2,0.23
13.296,1181,956.68,0.23
13.3,0,956.43,0.23
13.305,40,956.43,0.23
13.31,479,956.73,0.23
13.315,8,956.73,0.23
13.32,0,956.73,0.23
13.325,0,956.72,0.23
13.33,0,956.72,0.23
13.335,0,956.72,0.23
13.34,25,956.72,0.23
13.345,0,956.72,0.23
13.35,0,956.72,0.23
13.355,832,957.62,0.23
13.361,304,957.74,0.23
13.365,0,957.74,0.23
13.37,302,957.86,0.23
13.375,440,958.12,0.23
13.38,474,958.41,0.23
13.418,4,958.41,0.23
13.438,315,958.54,0.23
13.449,0,957.1,0.23
13.45,635,957.63,0.23
13.452,231,956.9,0.23
13.452,572,955.75,0.23
13.453,0,955.75,0.23
13.453,0,955.65,0.23
13.453,0,955.65,0.23
13.454,0,955.65,0.23
13.454,442,955.87,0.23
13.454,0,955.87,0.23
13.454,0,955.87,0.23
13.455,0,955.7,0.23
13.455,0,955.7,0.23
13.46,0,955.14,0.23
13.466,0,954.8,0.23
13.471,0,954.37,0.23
13.476,0,954.37,0.23
13.48,0,954.37,0.23
13.485,312,954.5,0.23
13.49,0,953.94,0.23
13.495,127,953.96,0.23
13.5,894,955.01,0.23
13.505,664,955.33,0.23
13.51,279,955.21,0.23
13.515,727,955.14,0.23
13.52,4095,976.83,0.24
13.525,919,977.91,0.24
13.53,876,978.89,0.24
13.535,0,978.89,0.24
13.54,108,978.19,0.24
13.545,0,978.19,0.24
13.55,204,978.24,0.24
13.555,456,978.51,0.24
13.56,0,978.51,0.24
13.565,0,978.51,0.24
13.57,0,978.51,0.24
13.575,218,978.57,0.24
13.58,0,978.57,0.24
13.585,0,978.57,0.24
13.59,0,978.57,0.24
13.595,0,978.56,0.24
13.6,170,978.59,0.24
13.605,0,978.59,0.24
13.611,222,978.58,0.24
13.615,458,978.84,0.24
13.62,0,978.28,0.24
13.625,1751,981.03,0.24
13.63,541,981.16,0.24
13.636,603,980.89,0.24
13.64,1836,985.18,0.24
13.645,2488,993.0,0.24
13.65,751,991.95,0.24
13.655,0,990.55,0.24
13.66,2941,1001.33,0.24
13.666,925,1002.4,0.24
13.67,0,1002.4,0.24
13.675,0,1002.39,0.24
13.68,360,1002.55,0.24
13.686,0,1002.55,0.24
13.691,0,1002.55,0.24
13.696,0,1002.53,0.24
13.702,0,1002.51,0.24
13.706,77,1002.12,0.24
13.711,0,1002.12,0.24
13.716,0,1002.12,0.24
13.721,0,1002.12,0.24
13.726,0,1001.92,0.24
13.731,0,1001.92,0.24
13.736,0,1001.92,0.24
13.741,0,1001.72,0.24
13.746,0,1001.65,0.24
13.751,0,1001.65,0.24
13.756,0,1001.65,0.24
13.761,0,1001.65,0.24
13.766,21,1001.65,0.24
13.771,0,1001.65,0.24
13.776,4095,1022.36,0.25
13.781,155,1022.39,0.25
13.786,4095,1042.69,0.25
13.791,555,1043.06,0.25
13.796,4095,1062.84,0.26
13.801,4095,1082.38,0.26
13.806,3687,1097.97,0.27
13.811,2074,1102.78,0.27
13.816,686,1103.32,0.27
13.821,200,1103.36,0.27
13.826,247,1103.43,0.27
13.831,1758,1106.92,0.27
13.836,0,1106.61,0.27
13.841,0,1106.61,0.27
13.846,601,1107.02,0.27
13.851,296,1106.57,0.27
13.856,30,1106.57,0.27
13.861,0,1106.57,0.27
13.866,1280,1108.32,0.27
13.871,616,1108.65,0.27
13.876,0,1108.65,0.27
13.881,0,1108.65,0.27
13.886,0,1108.65,0.27
13.891,0,1108.65,0.27
13.896,0,1108.65,0.27
13.902,0,1108.65,0.27
13.906,0,1108.65,0.27
13.911,0,1108.65,0.27
13.916,0,1108.65,0.27
13.921,0,1108.65,0.27
13.926,0,1108.65,0.27
13.931,0,1108.65,0.27
13.936,0,1108.65,0.27
13.941,0,1108.65,0.27
13.946,0,1108.65,0.27
13.951,0,1108.64,0.27
13.956,0,1108.64,0.27
13.962,0,1108.64,0.27
13.966,0,1108.64,0.27
13.971,0,1108.64,0.27
13.976,0,1108.64,0.27
13.981,0,1108.64,0.27
13.986,0,1108.64,0.27
13.991,0,1108.64,0.27
13.996,0,1108.64,0.27
14.001,0,1108.64,0.27
14.006,0,1108.64,0.27
14.011,0,1108.58,0.27
14.016,0,1108.58,0.27
14.021,0,1108.58,0.27
14.026,0,1108.58,0.27
14.031,0,1108.58,0.27
14.036,0,1108.58,0.27
14.041,0,1108.58,0.27
14.046,0,1108.58,0.27
14.051,0,1102.68,0.27
14.056,0,1102.68,0.27
14.061,0,1089.48,0.27
14.066,0,1089.44,0.27
14.071,0,1070.51,0.26
14.076,0,1069.93,0.26
14.081,539,1050.51,0.26
14.086,0,1049.84,0.26
14.091,0,1047.09,0.26
14.096,0,1047.09,0.26
14.101,0,1046.53,0.26
14.106,0,1046.42,0.26
14.111,0,1046.42,0.26
14.116,0,1046.42,0.26
14.121,0,1046.42,0.26
14.126,0,1046.42,0.26
14.131,0,1046.42,0.26
14.136,0,1046.42,0.26
14.141,0,1046.42,0.26
14.146,0,1046.42,0.26
14.151,156,1046.45,0.26
14.156,0,1046.45,0.26
14.161,254,1046.36,0.26
14.166,0,1046.36,0.26
14.171,0,1046.36,0.26
14.176,0,1046.36,0.26
14.181,0,1046.2,0.26
14.186,412,1046.41,0.26
14.191,0,1046.41,0.26
14.196,0,1046.19,0.26
14.201,0,1046.03,0.26
14.206,0,1046.03,0.26
14.211,0,1046.03,0.26
14.216,0,1046.03,0.26
14.221,0,1046.03,0.26
14.226,0,1046.03,0.26
14.231,0,1046.03,0.26
14.236,0,1046.03,0.26
14.242,0,1046.03,0.26
14.246,0,1046.03,0.26
14.251,0,1046.03,0.26
14.256,0,1046.03,0.26
14.261,0,1046.03,0.26
14.266,0,1046.03,0.26
14.271,0,1046.03,0.26
14.276,0,1045.5,0.26
14.281,0,1045.5,0.26
14.286,0,1043.96,0.25
14.291,0,1043.92,0.25
14.296,0,1042.82,0.25
14.301,0,1029.75,0.25
14.306,0,1028.57,0.25
14.311,0,1007.98,0.25
14.316,54,1007.68,0.25
14.321,0,1007.38,0.25
14.326,0,1007.27,0.25
14.332,0,1007.27,0.25
14.336,0,1007.27,0.25
14.341,0,1007.27,0.25
14.346,0,1007.27,0.25
14.351,0,1007.25,0.25
14.357,0,1007.25,0.25
14.361,0,1006.75,0.25
14.366,0,1006.35,0.25
14.371,0,1006.35,0.25
14.376,0,1006.35,0.25
14.381,0,1006.35,0.25
14.386,0,1006.15,0.25
14.391,0,1006.15,0.25
14.396,0,1006.15,0.25
14.401,0,1006.15,0.25
14.406,0,1006.1,0.25
14.411,0,1006.1,0.25
14.416,0,1006.1,0.25
14.421,0,1006.1,0.25
14.426,0,1006.1,0.25
14.431,0,1006.1,0.25
14.436,0,1006.08,0.25
14.441,0,1006.08,0.25
14.446,0,1006.08,0.25
14.451,0,1006.08,0.25
14.456,0,1006.08,0.25
14.461,0,1006.08,0.25
14.466,0,1006.08,0.25
14.471,0,1006.08,0.25
14.476,0,1006.08,0.25
14.481,0,1006.08,0.25
14.486,0,1006.08,0.25
14.491,0,998.74,0.24
14.496,0,997.4,0.24
14.501,29,982.34,0.24
14.506,0,980.32,0.24
14.511,0,979.24,0.24
14.516,0,967.18,0.24
14.521,0,945.26,0.23
14.526,0,939.74,0.23
14.531,0,917.16,0.22
14.536,0,915.3,0.22
14.541,0,915.12,0.22
14.546,0,913.33,0.22
14.551,0,913.33,0.22
14.556,0,913.33,0.22
14.561,0,913.33,0.22
14.566,0,913.33,0.22
14.571,0,913.33,0.22
14.576,0,913.33,0.22
14.581,0,913.33,0.22
14.586,0,913.33,0.22
14.591,0,913.33,0.22
14.596,0,912.5,0.22
14.601,0,911.86,0.22
14.606,0,911.85,0.22
14.611,0,911.56,0.22
14.616,0,911.56,0.22
14.621,0,911.54,0.22
14.626,0,910.37,0.22
14.631,0,909.97,0.22
14.636,0,909.81,0.22
14.641,0,909.81,0.22
14.646,0,909.81,0.22
14.651,0,909.81,0.22
14.656,0,909.19,0.22
14.661,0,908.36,0.22
14.666,0,908.34,0.22
14.671,0,908.34,0.22
14.676,0,908.31,0.22
14.681,0,908.31,0.22
14.686,0,908.24,0.22
14.691,0,908.24,0.22
14.696,0,908.24,0.22
14.701,0,908.24,0.22
14.706,0,908.24,0.22
14.711,0,908.24,0.22
14.716,0,908.16,0.22
14.721,0,908.16,0.22
14.726,0,908.16,0.22
14.731,0,908.16,0.22
14.736,0,908.16,0.22
14.741,0,907.8,0.22
14.746,0,904.5,0.22
14.751,0,890.14,0.22
14.756,0,866.27,0.21
14.761,0,858.71,0.21
14.766,0,849.28,0.21
14.771,0,833.33,0.2
14.776,0,830.43,0.2
14.781,28,804.8,0.2
14.786,0,802.19,0.2
14.791,0,802.19,0.2
14.796,0,801.53,0.2
14.801,0,797.96,0.19
14.806,0,796.44,0.19
14.811,0,793.21,0.19
14.816,0,793.21,0.19
14.821,0,793.2,0.19
14.826,0,793.2,0.19
14.831,0,793.2,0.19
14.836,0,793.2,0.19
14.841,0,793.2,0.19
14.846,0,793.2,0.19
14.851,0,793.2,0.19
14.856,0,793.2,0.19
14.861,0,793.08,0.19
14.866,0,792.89,0.19
14.871,0,785.51,0.19
14.876,0,785.51,0.19
14.881,0,784.54,0.19
14.886,0,784.54,0.19
14.891,63,783.24,0.19
14.896,265,783.35,0.19
14.901,0,783.35,0.19
14.906,0,783.35,0.19
14.911,0,783.35,0.19
14.916,0,783.35,0.19
14.921,0,783.35,0.19
14.926,0,783.35,0.19
14.931,0,783.35,0.19
14.936,0,783.35,0.19
14.941,0,783.35,0.19
14.946,0,783.35,0.19
14.951,0,783.35,0.19
14.956,0,783.35,0.19
14.961,0,783.35,0.19
14.966,0,783.35,0.19
14.971,0,783.35,0.19
14.976,0,783.35,0.19
14.981,45,783.35,0.19
14.986,758,779.61,0.19
14.991,0,764.17,0.19
14.996,0,736.23,0.18
15.001,0,735.99,0.18
15.006,0,727.17,0.18
15.011,0,698.3,0.17
15.016,0,697.04,0.17
15.021,0,666.29,0.16
15.026,0,663.8,0.16
15.031,0,663.8,0.16
15.036,0,663.79,0.16
15.041,0,663.74,0.16
15.047,0,663.74,0.16
15.051,0,662.64,0.16
15.056,0,662.64,0.16
15.061,0,662.64,0.16
15.066,0,662.64,0.16
15.071,0,662.64,0.16
15.076,0,662.64,0.16
15.082,0,662.64,0.16
15.086,0,662.64,0.16
15.091,0,662.64,0.16
15.096,0,662.64,0.16
15.101,0,660.27,0.16
15.106,0,649.79,0.16
15.111,0,647.77,0.16
15.116,0,638.87,0.16
15.121,0,638.87,0.16
15.126,0,638.83,0.16
15.131,0,637.78,0.16
15.136,0,637.58,0.16
15.141,0,637.58,0.16
15.156,0,637.58,0.16
15.165,0,637.48,0.16
15.166,0,637.48,0.16
15.166,0,637.48,0.16
15.167,0,637.48,0.16
15.171,0,637.48,0.16
15.177,0,637.48,0.16
15.181,0,637.48,0.16
15.186,0,637.48,0.16
15.191,0,637.48,0.16
15.196,0,637.48,0.16
15.201,0,637.48,0.16
15.206,0,637.48,0.16
15.211,0,637.47,0.16
15.216,0,637.45,0.16
15.221,0,637.45,0.16
15.226,0,637.45,0.16
15.231,0,637.45,0.16
15.236,0,632.52,0.15
15.241,0,632.47,0.15
15.246,0,630.41,0.15
15.251,0,630.41,0.15
15.256,0,607.75,0.15
15.261,0,603.78,0.15
15.266,0,599.62,0.15
15.271,0,599.14,0.15
15.276,0,597.82,0.15
15.281,0,597.35,0.15
15.286,0,597.08,0.15
15.291,0,593.85,0.15
15.296,0,590.91,0.14
15.301,0,590.91,0.14
15.306,0,590.9,0.14
15.311,0,590.42,0.14
15.316,0,590.42,0.14
15.321,0,590.42,0.14
15.326,0,590.42,0.14
15.331,0,590.42,0.14
15.336,0,590.42,0.14
15.341,0,590.42,0.14
15.346,0,590.42,0.14
15.351,0,590.42,0.14
15.356,0,588.95,0.14
15.361,0,588.75,0.14
15.367,0,588.75,0.14
15.371,0,588.56,0.14
15.376,0,588.15,0.14
15.381,0,587.67,0.14
15.386,0,587.67,0.14
15.391,0,587.46,0.14
15.396,0,587.46,0.14
15.401,0,586.6,0.14
15.406,0,586.49,0.14
15.411,0,585.79,0.14
15.417,0,585.79,0.14
15.421,0,585.79,0.14
15.426,0,585.79,0.14
15.431,0,585.79,0.14
15.436,0,585.37,0.14
15.441,0,585.37,0.14
15.446,0,585.37,0.14
15.451,0,585.37,0.14
15.456,0,585.37,0.14
15.461,0,585.37,0.14
15.466,0,585.37,0.14
15.471,0,585.37,0.14
15.476,0,585.37,0.14
15.481,0,585.37,0.14
15.486,0,585.16,0.14
15.491,0,585.16,0.14
15.496,0,585.13,0.14
15.501,0,583.42,0.14
15.506,0,582.47,0.14
15.511,0,582.31,0.14
15.516,0,581.17,0.14
15.521,0,543.91,0.13
15.526,0,541.96,0.13
15.531,0,540.19,0.13
15.536,0,540.19,0.13
15.541,0,540.16,0.13
15.546,0,540.16,0.13
15.551,0,540.07,0.13
15.556,0,539.59,0.13
15.562,0,539.59,0.13
15.566,0,539.59,0.13
15.571,0,539.59,0.13
15.576,0,539.48,0.13
15.581,0,539.48,0.13
15.586,0,539.48,0.13
15.591,0,539.48,0.13
15.596,0,539.48,0.13
15.601,0,539.41,0.13
15.606,0,539.41,0.13
15.611,0,539.3,0.13
15.616,0,538.81,0.13
15.621,0,538.81,0.13
15.626,0,531.65,0.13
15.631,0,530.96,0.13
15.636,0,530.1,0.13
15.641,0,522.09,0.13
15.646,0,507.06,0.12
15.651,0,505.67,0.12
15.656,0,505.67,0.12
15.661,0,483.81,0.12
15.666,0,481.6,0.12
15.671,0,481.6,0.12
15.676,0,481.6,0.12
15.681,0,481.26,0.12
15.687,0,481.26,0.12
15.692,0,481.26,0.12
15.697,0,481.26,0.12
15.702,0,481.26,0.12
15.707,0,481.24,0.12
15.713,0,481.24,0.12
15.717,0,481.24,0.12
15.722,0,481.24,0.12
15.727,0,481.24,0.12
15.732,0,481.24,0.12
15.737,0,481.24,0.12
15.742,0,481.24,0.12
15.747,0,481.24,0.12
15.752,0,481.24,0.12
15.757,0,481.24,0.12
15.762,0,481.24,0.12
15.767,0,481.24,0.12
15.772,0,481.24,0.12
15.777,0,435.51,0.11
15.782,0,435.44,0.11
15.787,0,384.3,0.09
15.793,0,383.3,0.09
15.797,0,324.03,0.08
15.802,0,251.15,0.06
15.807,0,170.56,0.04
15.812,0,135.41,0.03
15.817,0,130.99,0.03
15.822,0,130.61,0.03
15.827,0,130.02,0.03
15.832,0,95.81,0.02
15.837,0,95.81,0.02
15.842,0,95.81,0.02
15.847,0,90.98,0.02
15.852,0,89.77,0.02
15.857,0,89.75,0.02
15.862,0,89.75,0.02
15.867,0,62.93,0.02
15.872,0,54.87,0.01
15.877,0,54.87,0.01
15.882,0,54.87,0.01
15.887,0,54.87,0.01
15.892,0,54.87,0.01
15.897,0,54.87,0.01
15.902,0,54.87,0.01
15.907,0,54.87,0.01
15.912,0,54.87,0.01
15.917,0,54.87,0.01
15.922,0,54.87,0.01
15.927,0,54.87,0.01
15.932,0,54.87,0.01
15.937,0,54.87,0.01
15.942,0,54.87,0.01
15.947,0,54.87,0.01
15.952,0,54.87,0.01
15.957,0,54.87,0.01
15.962,0,54.87,0.01
15.967,0,54.87,0.01
15.972,0,54.87,0.01
15.977,0,54.87,0.01
15.982,0,54.87,0.01
15.987,0,54.87,0.01
15.992,0,54.87,0.01
15.997,0,54.87,0.01
16.002,0,54.87,0.01
16.007,0,54.87,0.01
16.012,0,54.87,0.01
16.018,0,54.87,0.01
16.022,0,54.87,0.01
16.027,0,54.87,0.01
16.032,0,54.87,0.01
16.037,0,54.87,0.01
16.042,0,54.87,0.01
16.047,0,54.87,0.01
16.052,0,54.87,0.01
16.057,0,54.87,0.01
16.062,0,54.87,0.01
16.067,0,54.87,0.01
16.072,0,54.87,0.01
16.077,0,54.87,0.01
16.082,0,47.8,0.01
16.087,0,47.8,0.01
16.092,0,47.8,0.01
16.097,0,47.8,0.01
16.102,0,47.8,0.01
16.107,0,47.8,0.01
16.112,0,47.8,0.01
16.117,0,47.8,0.01
16.122,0,47.8,0.01
16.127,0,47.8,0.01
16.132,0,47.8,0.01
16.137,0,47.8,0.01
16.142,0,47.8,0.01
16.147,0,47.8,0.01
16.152,0,47.16,0.01
16.157,0,47.16,0.01
16.162,0,45.42,0.01
16.167,0,45.42,0.01
16.172,0,45.42,0.01
16.177,0,45.42,0.01
16.182,0,45.42,0.01
16.187,0,40.48,0.01
16.192,0,40.48,0.01
16.197,0,40.48,0.01
16.202,0,40.48,0.01
16.207,0,40.48,0.01
16.212,0,40.48,0.01
16.217,0,40.48,0.01
16.223,0,40.48,0.01
16.227,0,40.48,0.01
16.232,0,40.48,0.01
16.237,0,40.48,0.01
16.242,0,40.48,0.01
16.247,0,40.48,0.01
16.252,0,40.48,0.01
16.257,0,40.48,0.01
16.262,0,40.48,0.01
16.267,0,40.48,0.01
16.272,0,40.48,0.01
16.277,0,40.48,0.01
16.282,0,40.48,0.01
16.287,0,40.48,0.01
16.292,0,40.48,0.01
16.297,0,40.48,0.01
16.302,0,40.48,0.01
16.307,0,40.48,0.01
16.312,0,40.48,0.01
16.317,0,40.39,0.01
16.322,0,40.39,0.01
16.327,0,40.39,0.01
16.332,0,40.39,0.01
16.337,0,40.39,0.01
16.342,0,40.39,0.01
16.347,0,40.39,0.01
16.352,0,40.39,0.01
16.357,0,40.39,0.01
16.362,0,40.39,0.01
16.367,0,40.39,0.01
16.372,0,40.39,0.01
16.377,0,40.39,0.01
16.382,0,40.39,0.01
16.387,0,40.39,0.01
16.392,0,40.39,0.01
16.397,0,40.39,0.01
16.402,0,40.39,0.01
16.407,0,40.39,0.01
16.412,0,40.39,0.01
16.417,0,40.39,0.01
16.422,0,40.39,0.01
16.427,0,40.39,0.01
16.432,0,40.39,0.01
16.437,0,40.39,0.01
16.442,0,40.39,0.01
16.447,0,40.39,0.01
16.452,0,40.39,0.01
16.457,0,40.39,0.01
16.462,0,40.39,0.01
16.467,0,40.39,0.01
16.472,0,40.39,0.01
16.477,0,40.39,0.01
16.482,0,40.39,0.01
16.487,0,40.39,0.01
16.492,0,40.39,0.01
16.497,0,40.39,0.01
16.502,0,40.36,0.01
16.507,0,40.36,0.01
16.512,0,40.36,0.01
16.517,0,40.36,0.01
16.522,0,40.36,0.01
16.527,0,40.36,0.01
16.532,0,40.36,0.01
16.537,0,40.36,0.01
16.542,0,40.36,0.01
16.547,0,40.36,0.01
16.552,0,40.36,0.01
16.557,0,40.36,0.01
16.562,0,40.36,0.01
16.567,0,40.36,0.01
16.572,0,40.36,0.01
16.577,0,40.36,0.01
16.582,0,40.36,0.01
16.587,0,40.36,0.01
16.592,0,40.36,0.01
16.597,0,40.36,0.01
16.602,0,40.36,0.01
16.607,0,40.36,0.01
16.612,0,40.36,0.01
16.618,0,40.36,0.01
16.622,0,40.36,0.01
16.627,0,40.36,0.01
16.632,0,40.36,0.01
16.637,0,40.36,0.01
16.642,0,40.36,0.01
16.647,0,40.36,0.01
16.652,0,40.36,0.01
16.657,0,40.36,0.01
16.662,0,40.36,0.01
16.667,0,40.36,0.01
16.672,0,40.36,0.01
16.677,0,40.36,0.01
16.682,0,40.36,0.01
16.687,0,40.36,0.01
16.692,0,40.36,0.01
16.697,0,40.36,0.01
16.702,0,40.36,0.01
16.707,0,40.36,0.01
16.712,0,40.36,0.01
16.717,0,40.36,0.01
16.722,0,40.36,0.01
16.727,0,40.36,0.01
16.733,0,40.36,0.01
16.737,0,40.36,0.01
16.742,0,40.36,0.01
16.747,0,40.36,0.01
16.752,0,40.36,0.01
16.757,0,40.36,0.01
16.763,0,40.36,0.01
16.767,0,40.36,0.01
16.772,0,40.36,0.01
16.777,0,40.36,0.01
16.782,0,40.34,0.01
16.787,0,40.34,0.01
16.792,0,40.34,0.01
16.797,0,40.34,0.01
16.802,0,40.34,0.01
16.807,0,40.34,0.01
16.812,0,40.34,0.01
16.817,0,40.34,0.01
16.822,0,40.34,0.01
16.827,0,40.34,0.01
16.832,0,40.34,0.01
16.837,0,40.34,0.01
16.842,0,40.34,0.01
16.847,0,40.34,0.01
16.852,0,40.34,0.01
16.857,0,40.34,0.01
16.862,0,40.34,0.01
16.867,0,40.34,0.01
16.872,0,40.34,0.01
16.878,0,40.34,0.01
16.882,0,40.34,0.01
16.887,0,40.34,0.01
16.892,0,40.21,0.01
16.897,0,37.97,0.01
16.902,0,37.97,0.01
16.907,0,37.97,0.01
16.912,0,37.97,0.01
16.917,0,37.97,0.01
16.922,0,37.97,0.01
16.927,0,37.97,0.01
16.932,0,37.97,0.01
16.943,0,37.97,0.01
16.958,0,37.97,0.01
16.981,0,37.97,0.01
16.981,0,37.97,0.01
16.982,0,37.97,0.01
16.982,0,37.97,0.01
16.983,0,37.97,0.01
16.983,0,37.97,0.01
16.983,0,37.97,0.01
16.984,0,37.9,0.01
16.987,0,0.0,0.0
16.992,0,0.0,0.0
16.997,0,0.0,0.0
17.002,0,0.0,0.0
17.007,0,0.0,0.0
17.012,0,0.0,0.0
17.017,0,0.0,0.0
17.022,0,0.0,0.0
17.027,0,0.0,0.0
17.032,0,0.0,0.0
17.037,0,0.0,0.0
17.042,0,0.0,0.0
17.047,0,0.0,0.0
17.052,0,0.0,0.0
17.057,0,0.0,0.0
17.062,0,0.0,0.0
17.067,0,0.0,0.0
17.072,0,0.0,0.0
17.077,0,0.0,0.0
17.082,0,0.0,0.0
17.087,0,0.0,0.0
17.092,0,0.0,0.0
17.097,0,0.0,0.0
17.102,0,0.0,0.0
17.107,107,5.35,0.0
17.112,0,5.35,0.0
17.117,0,5.35,0.0
17.122,0,5.35,0.0
17.127,8,5.36,0.0
17.132,0,5.36,0.0
17.137,0,5.36,0.0
17.142,0,5.36,0.0
17.147,0,5.36,0.0
17.152,0,5.36,0.0
17.157,0,5.36,0.0
17.162,9,5.38,0.0
17.167,0,5.38,0.0
17.172,0,5.38,0.0
17.177,0,5.38,0.0
17.182,0,5.38,0.0
17.187,0,5.38,0.0
17.192,0,5.38,0.0
17.197,0,5.38,0.0
17.202,0,5.38,0.0
17.207,0,5.38,0.0
17.212,0,5.38,0.0
17.217,0,5.38,0.0
17.222,0,5.38,0.0
17.227,0,5.38,0.0
17.232,141,8.87,0.0
17.237,0,8.87,0.0
17.242,0,8.87,0.0
17.247,0,8.87,0.0
17.252,1308,66.0,0.02
17.257,0,66.0,0.02
17.262,0,66.0,0.02
17.267,0,66.0,0.02
17.272,0,66.0,0.02
17.277,0,66.0,0.02
17.282,0,66.0,0.02
17.287,0,66.0,0.02
17.292,0,66.0,0.02
17.297,0,66.0,0.02
17.302,0,66.0,0.02
17.307,96,66.17,0.02
17.312,0,66.17,0.02
17.317,0,66.17,0.02
17.322,60,66.24,0.02
17.327,0,66.24,0.02
17.332,0,66.24,0.02
17.337,654,73.87,0.02
17.342,493,77.88,0.02
17.347,7,77.88,0.02
17.352,0,77.88,0.02
17.357,0,77.88,0.02
17.362,0,77.88,0.02
17.367,0,77.88,0.02
17.372,0,77.88,0.02
17.377,0,77.88,0.02
17.382,0,77.88,0.02
17.387,0,77.88,0.02
17.392,0,77.88,0.02
17.397,0,77.88,0.02
17.402,0,77.88,0.02
17.407,0,77.88,0.02
17.412,0,77.88,0.02
17.417,0,77.88,0.02
17.422,589,83.26,0.02
17.427,56,83.31,0.02
17.432,0,83.31,0.02
17.437,0,83.31,0.02
17.442,281,84.48,0.02
17.447,94,84.61,0.02
17.452,0,84.61,0.02
17.458,730,92.15,0.02
17.462,0,92.15,0.02
17.467,890,102.33,0.02
17.472,0,102.33,0.02
17.478,860,111.0,0.03
17.482,1597,136.74,0.03
17.487,1261,150.57,0.04
17.492,2317,189.98,0.05
17.497,238,190.36,0.05
17.502,942,196.1,0.05
17.507,127,196.2,0.05
17.512,873,201.0,0.05
17.517,0,201.0,0.05
17.522,923,206.23,0.05
17.527,489,207.67,0.05
17.532,3759,280.09,0.07
17.537,0,280.09,0.07
17.542,1148,285.91,0.07
17.547,0,285.91,0.07
17.552,1004,290.29,0.07
17.557,2843,323.22,0.08
17.562,3019,356.73,0.09
17.567,590,357.95,0.09
17.573,1993,371.56,0.09
17.577,2793,396.94,0.1
17.582,3386,431.54,0.11
17.587,1821,441.04,0.11
17.592,2254,455.21,0.11
17.597,1176,458.99,0.11
17.602,750,460.52,0.11
17.607,360,460.87,0.11
17.612,0,460.87,0.11
17.617,1192,464.71,0.11
17.622,972,467.24,0.11
17.627,631,468.31,0.11
17.632,25,468.31,0.11
17.637,395,468.73,0.11
17.642,143,468.78,0.11
17.647,1352,473.63,0.12
17.652,588,474.54,0.12
17.657,0,474.54,0.12
17.662,507,475.22,0.12
17.667,0,475.22,0.12
17.672,0,475.22,0.12
17.677,348,475.54,0.12
17.682,3901,513.98,0.13
17.688,4095,553.27,0.14
17.693,0,553.27,0.14
17.698,2265,564.74,0.14
17.703,2560,579.06,0.14
17.709,25,579.06,0.14
17.713,1118,581.75,0.14
17.718,281,581.92,0.14
17.723,0,581.92,0.14
17.728,796,583.28,0.14
17.733,1353,587.19,0.14
17.738,968,589.18,0.14
17.743,731,590.32,0.14
17.748,0,590.32,0.14
17.753,3499,615.7,0.15
17.758,2030,624.01,0.15
17.763,941,625.78,0.15
17.768,1839,632.5,0.15
17.773,1470,636.75,0.16
17.778,1371,640.43,0.16
17.783,4095,672.37,0.16
17.788,4095,702.85,0.17
17.793,0,702.85,0.17
17.799,1800,708.59,0.17
17.803,187,708.65,0.17
17.808,1053,710.6,0.17
17.813,3147,727.82,0.18
17.818,284,727.96,0.18
17.823,0,727.96,0.18
17.828,2078,735.33,0.18
17.833,2251,743.9,0.18
17.838,207,743.97,0.18
17.843,4095,771.63,0.19
17.848,3914,796.06,0.19
17.853,3213,812.11,0.2
17.858,160,812.15,0.2
17.863,1800,817.12,0.2
17.868,4095,842.38,0.21
17.873,440,842.67,0.21
17.878,1466,845.85,0.21
17.883,9,845.85,0.21
17.888,119,845.87,0.21
17.893,218,845.94,0.21
17.898,54,845.95,0.21
17.903,39,845.95,0.21
17.908,2152,852.76,0.21
17.913,3161,867.29,0.21
17.918,443,867.57,0.21
17.923,1053,869.17,0.21
17.928,857,870.22,0.21
17.933,703,870.93,0.21
17.938,0,870.93,0.21
17.943,1439,873.9,0.21
17.948,0,873.9,0.21
17.953,1753,878.28,0.21
17.958,1641,882.11,0.22
17.964,411,882.35,0.22
17.968,816,883.29,0.22
17.973,1022,884.77,0.22
17.978,1178,886.72,0.22
17.983,0,886.72,0.22
17.988,744,887.5,0.22
17.993,2250,894.61,0.22
17.998,0,894.61,0.22
18.003,1976,900.04,0.22
18.008,4095,923.04,0.23
18.013,1064,924.57,0.23
18.018,635,925.12,0.23
18.023,794,925.97,0.23
18.028,553,926.38,0.23
18.033,0,926.38,0.23
18.038,557,926.8,0.23
18.043,990,928.12,0.23
18.048,316,928.25,0.23
18.053,165,928.29,0.23
18.058,0,928.29,0.23
18.064,614,928.8,0.23
18.068,1241,930.87,0.23
18.073,0,930.87,0.23
18.078,2573,939.72,0.23
18.083,0,939.72,0.23
18.088,0,939.72,0.23
18.093,1274,941.87,0.23
18.098,411,942.1,0.23
18.103,2760,952.15,0.23
18.108,3036,964.18,0.24
18.114,2425,971.77,0.24
18.118,969,972.98,0.24
18.123,0,972.98,0.24
18.128,0,972.98,0.24
18.133,0,972.98,0.24
18.138,315,973.1,0.24
18.143,1024,974.45,0.24
18.148,1677,978.05,0.24
18.153,1280,980.14,0.24
18.158,4095,1001.3,0.24
18.163,967,1002.47,0.24
18.168,95,1002.48,0.24
18.173,1463,1005.14,0.25
18.178,749,1005.84,0.25
18.183,1039,1007.18,0.25
18.188,142,1007.21,0.25
18.193,0,1007.21,0.25
18.198,0,1007.21,0.25
18.203,104,1007.22,0.25
18.208,215,1007.28,0.25
18.213,651,1007.8,0.25
18.218,0,1007.8,0.25
18.223,536,1008.16,0.25
18.228,1659,1011.57,0.25
18.233,425,1011.79,0.25
18.238,575,1012.2,0.25
18.243,0,1012.2,0.25
18.248,588,1012.63,0.25
18.253,2102,1018.06,0.25
18.258,783,1018.82,0.25
18.263,760,1019.53,0.25
18.268,0,1019.53,0.25
18.273,0,1019.53,0.25
18.278,440,1019.76,0.25
18.283,1006,1021.0,0.25
18.288,874,1021.94,0.25
18.293,416,1022.15,0.25
18.298,0,1022.15,0.25
18.303,24,1022.15,0.25
18.308,0,1022.15,0.25
18.313,0,1022.15,0.25
18.318,1501,1024.9,0.25
18.323,0,1024.9,0.25
18.328,1210,1026.69,0.25
18.333,3480,1041.33,0.25
18.338,778,1042.05,0.25
18.343,1036,1043.34,0.25
18.348,1295,1045.35,0.26
18.353,1358,1047.55,0.26
18.358,143,1047.57,0.26
18.363,0,1047.57,0.26
18.368,265,1047.66,0.26
18.373,0,1047.66,0.26
18.378,0,1047.66,0.26
18.383,920,1048.67,0.26
18.388,0,1048.67,0.26
18.393,1470,1051.24,0.26
18.398,56,1051.24,0.26
18.403,0,1051.24,0.26
18.408,1432,1053.68,0.26
18.413,940,1054.73,0.26
18.418,2167,1060.28,0.26
18.423,1136,1061.8,0.26
18.428,0,1061.8,0.26
18.433,1897,1066.03,0.26
18.438,1053,1067.32,0.26
18.443,0,1067.32,0.26
18.448,2271,1073.35,0.26
18.453,0,1073.35,0.26
18.458,2122,1078.58,0.26
18.463,1773,1082.22,0.26
18.468,2237,1087.98,0.27
18.473,106,1087.99,0.27
18.478,2751,1096.65,0.27
18.483,2811,1105.62,0.27
18.488,0,1105.62,0.27
18.493,185,1105.66,0.27
18.498,490,1105.93,0.27
18.503,43,1105.94,0.27
18.508,0,1105.94,0.27
18.513,311,1106.05,0.27
18.518,0,1106.05,0.27
18.523,1024,1107.23,0.27
18.528,0,1107.23,0.27
18.533,123,1107.25,0.27
18.538,809,1107.99,0.27
18.543,91,1107.99,0.27
18.548,1023,1109.17,0.27
18.553,381,1109.34,0.27
18.558,159,1109.37,0.27
18.563,445,1109.59,0.27
18.568,543,1109.92,0.27
18.573,312,1110.03,0.27
18.578,1420,1112.3,0.27
18.583,924,1113.26,0.27
18.588,280,1113.35,0.27
18.593,0,1113.35,0.27
18.598,0,1113.35,0.27
18.603,512,1113.64,0.27
18.608,0,1113.64,0.27
18.613,717,1114.22,0.27
18.618,0,1114.22,0.27
18.623,23,1114.22,0.27
18.628,473,1114.47,0.27
18.633,4095,1133.12,0.28
18.638,696,1133.66,0.28
18.643,2459,1140.3,0.28
18.648,0,1140.3,0.28
18.653,61,1140.31,0.28
18.658,864,1141.13,0.28
18.663,332,1141.25,0.28
18.668,1018,1142.38,0.28
18.673,0,1142.38,0.28
18.678,507,1142.66,0.28
18.683,443,1142.88,0.28
18.688,127,1142.9,0.28
18.694,3257,1154.44,0.28
18.698,1292,1156.24,0.28
18.703,40,1156.25,0.28
18.708,871,1157.07,0.28
18.713,537,1157.38,0.28
18.718,1834,1161.01,0.28
18.723,215,1161.05,0.28
18.766,0,1161.05,0.28
18.771,859,1161.85,0.28
18.778,0,1161.85,0.28
18.79,0,1161.85,0.28
18.794,0,1161.85,0.28
18.795,360,1161.99,0.28
18.796,170,1162.02,0.28
18.796,905,1162.9,0.28
18.796,744,1163.5,0.28
18.797,223,1163.55,0.28
18.797,206,1163.59,0.28
18.797,3040,1173.48,0.29
18.798,4095,1191.21,0.29
18.798,0,1191.21,0.29
18.798,508,1191.48,0.29
18.803,1768,1194.75,0.29
18.808,0,1194.75,0.29
18.822,301,1194.85,0.29
18.823,0,1194.85,0.29
18.823,0,1194.85,0.29
18.828,700,1195.36,0.29
18.833,0,1195.36,0.29
18.839,3023,1204.88,0.29
18.843,1115,1206.17,0.29
18.848,126,1206.19,0.29
18.853,604,1206.56,0.29
18.858,392,1206.72,0.29
18.863,264,1206.79,0.29
18.868,103,1206.81,0.29
18.873,634,1207.22,0.29
18.878,0,1207.22,0.29
18.883,329,1207.33,0.29
18.889,0,1207.33,0.29
18.893,281,1207.42,0.29
18.898,0,1207.42,0.29
18.903,0,1207.42,0.29
18.908,41,1207.42,0.29
18.914,535,1207.71,0.29
18.918,171,1207.74,0.29
18.923,362,1207.88,0.29
18.928,1,1207.88,0.29
18.933,0,1207.88,0.29
18.938,0,1207.88,0.29
18.943,0,1207.88,0.29
18.948,0,1207.88,0.29
18.953,1039,1209.0,0.3
18.958,0,1209.0,0.3
18.963,0,1209.0,0.3
18.969,392,1209.16,0.3
18.973,0,1209.16,0.3
18.978,170,1209.19,0.3
18.983,5,1209.19,0.3
18.988,2,1209.19,0.3
18.993,104,1209.2,0.3
18.998,0,1209.2,0.3
19.003,122,1209.21,0.3
19.008,0,1209.21,0.3
19.013,0,1209.21,0.3
19.018,0,1209.21,0.3
19.023,0,1209.21,0.3
19.028,0,1209.21,0.3
19.033,0,1209.21,0.3
19.038,88,1209.22,0.3
19.043,1070,1210.4,0.3
19.048,0,1210.4,0.3
19.053,1080,1211.61,0.3
19.058,1656,1214.43,0.3
19.063,938,1215.34,0.3
19.068,1368,1217.26,0.3
19.073,1292,1218.97,0.3
19.078,763,1219.57,0.3
19.083,2423,1225.57,0.3
19.088,1434,1227.67,0.3
19.093,4095,1244.63,0.3
19.098,3675,1258.12,0.31
19.103,0,1258.12,0.31
19.108,826,1258.78,0.31
19.113,1114,1260.01,0.31
19.119,4095,1276.54,0.31
19.123,33,1276.54,0.31
19.128,4095,1292.86,0.32
19.133,2952,1301.26,0.32
19.138,4095,1317.27,0.32
19.143,4095,1333.09,0.33
19.148,4095,1348.72,0.33
19.153,4095,1364.17,0.33
19.158,4095,1379.45,0.34
19.163,695,1379.89,0.34
19.168,2636,1386.17,0.34
19.173,4014,1400.62,0.34
19.178,446,1400.8,0.34
19.183,746,1401.3,0.34
19.188,1453,1403.18,0.34
19.193,334,1403.28,0.34
19.198,1992,1406.81,0.34
19.203,0,1406.81,0.34
19.208,2700,1413.27,0.35
19.213,72,1413.28,0.35
19.218,2232,1417.67,0.35
19.223,4095,1432.38,0.35
19.229,1822,1435.28,0.35
19.233,669,1435.65,0.35
19.238,2502,1441.09,0.35
19.243,237,1441.14,0.35
19.248,4095,1455.61,0.36
19.253,1227,1455.44,0.36
19.258,2475,1460.69,0.36
19.263,1917,1463.83,0.36
19.268,1978,1467.17,0.36
19.273,301,1467.24,0.36
19.278,3423,1477.19,0.36
19.283,3050,1485.04,0.36
19.288,3389,1494.68,0.37
19.293,1647,1496.94,0.37
19.298,923,1497.66,0.37
19.303,1256,1498.97,0.37
19.308,1784,1501.62,0.37
19.313,1050,1502.53,0.37
19.318,713,1502.96,0.37
19.323,670,1503.33,0.37
19.328,937,1504.06,0.37
19.333,0,1504.06,0.37
19.338,157,1503.72,0.37
19.343,1178,1504.67,0.37
19.348,0,1504.67,0.37
19.353,2763,1511.0,0.37
19.358,4095,1524.81,0.37
19.363,3675,1535.84,0.38
19.368,1160,1536.94,0.38
19.373,1018,1537.78,0.38
19.378,0,1537.78,0.38
19.383,2504,1542.87,0.38
19.388,2207,1546.81,0.38
19.393,0,1546.81,0.38
19.398,503,1547.01,0.38
19.403,62,1547.02,0.38
19.408,1964,1550.13,0.38
19.413,336,1550.22,0.38
19.418,1482,1551.99,0.38
19.423,863,1552.31,0.38
19.428,0,1552.31,0.38
19.433,0,1552.31,0.38
19.438,139,1552.33,0.38
19.443,1178,1553.38,0.38
19.448,0,1553.37,0.38
19.453,2360,1557.85,0.38
19.458,1209,1558.59,0.38
19.463,1432,1560.24,0.38
19.468,668,1559.96,0.38
19.473,392,1560.08,0.38
19.478,985,1560.27,0.38
19.483,62,1558.22,0.38
19.488,1079,1557.88,0.38
19.493,2222,1557.54,0.38
19.498,4095,1570.89,0.38
19.503,971,1570.94,0.38
19.508,506,1571.13,0.38
19.513,1197,1571.66,0.38
19.518,4095,1584.94,0.39
19.523,4095,1597.45,0.39
19.528,1421,1598.84,0.39
19.533,3551,1597.65,0.39
19.539,1724,1599.97,0.39
19.543,667,1599.29,0.39
19.548,507,1599.49,0.39
19.553,222,1598.74,0.39
19.558,1787,1594.91,0.39
19.563,122,1587.77,0.39
19.568,0,1587.49,0.39
19.573,0,1584.36,0.39
19.578,1339,1579.62,0.39
19.583,1482,1572.26,0.38
19.588,256,1569.68,0.38
19.593,3863,1577.5,0.39
19.598,4095,1589.64,0.39
19.603,2944,1596.0,0.39
19.608,0,1595.9,0.39
19.613,698,1596.28,0.39
19.618,2253,1599.14,0.39
19.623,0,1598.4,0.39
19.628,605,1598.38,0.39
19.634,911,1599.03,0.39
19.638,4095,1611.96,0.39
19.643,263,1612.0,0.39
19.648,249,1610.63,0.39
19.653,1694,1612.59,0.39
19.658,2921,1619.19,0.4
19.663,4095,1631.88,0.4
19.668,0,1631.88,0.4
19.673,1483,1633.57,0.4
19.678,746,1633.9,0.4
19.683,0,1622.22,0.4
19.689,0,1609.24,0.39
19.694,0,1609.24,0.39
19.699,56,1605.25,0.39
19.704,0,1600.14,0.39
19.709,0,1600.14,0.39
19.714,102,1599.17,0.39
19.719,271,1599.17,0.39
19.724,0,1599.17,0.39
19.729,0,1598.67,0.39
19.734,0,1597.24,0.39
19.739,0,1596.51,0.39
19.744,220,1596.13,0.39
19.749,0,1596.13,0.39
19.754,103,1586.52,0.39
19.759,0,1583.27,0.39
19.764,0,1582.57,0.39
19.769,0,1579.9,0.39
19.774,187,1578.21,0.39
19.779,0,1576.72,0.39
19.784,523,1563.59,0.38
19.789,0,1550.13,0.38
19.794,0,1550.13,0.38
19.799,0,1547.51,0.38
19.804,90,1547.49,0.38
19.809,0,1546.6,0.38
19.814,0,1538.57,0.38
19.819,41,1538.51,0.38
19.824,0,1538.51,0.38
19.829,0,1534.99,0.37
19.834,0,1530.86,0.37
19.839,31,1530.83,0.37
19.844,0,1517.07,0.37
19.849,0,1504.4,0.37
19.854,350,1495.9,0.37
19.859,201,1495.91,0.37
19.864,0,1493.2,0.36
19.869,110,1479.11,0.36
19.874,0,1478.94,0.36
19.879,0,1477.13,0.36
19.884,201,1477.16,0.36
19.889,0,1477.15,0.36
19.894,0,1477.11,0.36
19.899,0,1477.11,0.36
19.904,0,1477.1,0.36
19.909,0,1473.18,0.36
19.914,0,1464.68,0.36
19.919,0,1464.51,0.36
19.924,0,1463.56,0.36
19.929,0,1462.94,0.36
19.934,26,1462.51,0.36
19.939,0,1462.51,0.36
19.944,0,1460.74,0.36
19.949,314,1460.83,0.36
19.954,125,1458.21,0.36
19.959,844,1456.51,0.36
19.964,74,1456.37,0.36
19.969,0,1455.8,0.36
19.974,0,1454.9,0.36
19.979,0,1453.71,0.35
19.984,0,1453.71,0.35
19.989,0,1453.23,0.35
19.994,0,1448.87,0.35
19.999,0,1448.87,0.35
20.004,0,1445.5,0.35
20.009,286,1431.0,0.35
20.014,0,1430.01,0.35
20.019,0,1429.65,0.35
20.024,0,1429.1,0.35
20.029,0,1428.84,0.35
20.034,0,1428.84,0.35
20.039,0,1428.56,0.35
20.044,0,1427.71,0.35
20.049,0,1427.62,0.35
20.054,2,1427.59,0.35
20.059,0,1427.59,0.35
20.064,0,1427.26,0.35
20.069,0,1425.91,0.35
20.074,0,1425.91,0.35
20.079,155,1420.12,0.35
20.084,347,1420.23,0.35
20.089,0,1420.23,0.35
20.094,0,1418.8,0.35
20.099,0,1418.65,0.35
20.104,0,1411.92,0.34
20.109,0,1403.74,0.34
20.115,28,1398.49,0.34
20.119,0,1397.65,0.34
20.124,0,1397.65,0.34
20.129,0,1397.65,0.34
20.134,0,1397.65,0.34
20.139,0,1397.56,0.34
20.144,0,1396.62,0.34
20.15,0,1394.11,0.34
20.154,0,1392.64,0.34
20.159,0,1377.5,0.34
20.164,0,1376.65,0.34
20.169,0,1376.64,0.34
20.174,618,1375.05,0.34
20.179,0,1374.54,0.34
20.184,0,1373.55,0.34
20.189,0,1373.54,0.34
20.194,0,1373.54,0.34
20.199,0,1373.54,0.34
20.204,0,1373.53,0.34
20.209,0,1373.48,0.34
20.214,0,1373.1,0.34
20.219,0,1373.1,0.34
20.224,0,1372.84,0.34
20.229,0,1370.33,0.33
20.234,0,1370.16,0.33
20.238,0,1369.86,0.33
20.244,188,1369.89,0.33
20.249,0,1369.58,0.33
20.254,0,1365.54,0.33
20.259,0,1364.98,0.33
20.264,0,1364.45,0.33
20.269,0,1364.45,0.33
20.274,0,1364.45,0.33
20.279,0,1364.27,0.33
20.284,0,1363.35,0.33
20.289,0,1362.64,0.33
20.294,0,1362.49,0.33
20.299,0,1362.49,0.33
20.304,0,1362.49,0.33
20.309,0,1362.49,0.33
20.314,0,1362.49,0.33
20.319,0,1360.42,0.33
20.324,17,1360.42,0.33
20.329,0,1359.07,0.33
20.334,0,1347.89,0.33
20.339,0,1347.33,0.33
20.344,0,1346.33,0.33
20.349,0,1344.77,0.33
20.354,0,1343.06,0.33
20.359,0,1343.04,0.33
20.364,0,1343.04,0.33
20.369,0,1342.97,0.33
20.374,0,1342.97,0.33
20.379,0,1342.97,0.33
20.384,0,1342.18,0.33
20.389,0,1342.18,0.33
20.394,0,1340.17,0.33
20.399,27,1340.17,0.33
20.404,319,1340.26,0.33
20.409,473,1338.56,0.33
20.414,1270,1339.24,0.33
20.419,0,1334.85,0.33
20.424,283,1333.71,0.33
20.429,0,1333.71,0.33
20.434,638,1330.72,0.32
20.439,0,1329.68,0.32
20.444,0,1329.68,0.32
20.449,0,1324.82,0.32
20.454,0,1324.82,0.32
20.459,0,1320.56,0.32
20.464,0,1317.59,0.32
20.469,0,1312.83,0.32
20.502,0,1312.82,0.32
20.515,0,1305.59,0.32
20.542,0,1298.01,0.32
20.543,0,1298.01,0.32
20.543,0,1297.97,0.32
20.543,0,1297.74,0.32
20.544,0,1297.74,0.32
20.544,0,1297.74,0.32
20.544,0,1297.65,0.32
20.545,0,1297.65,0.32
20.545,0,1296.64,0.32
20.545,0,1296.64,0.32
20.546,0,1296.62,0.32
20.546,0,1295.99,0.32
20.546,0,1295.98,0.32
20.549,0,1294.97,0.32
20.554,0,1294.83,0.32
20.559,0,1294.81,0.32
20.565,0,1294.62,0.32
20.569,0,1294.33,0.32
20.574,0,1294.24,0.32
20.579,0,1292.29,0.32
20.584,0,1291.46,0.32
20.589,0,1291.39,0.32
20.594,0,1291.39,0.32
20.599,0,1291.39,0.32
20.604,0,1291.13,0.32
20.609,0,1291.13,0.32
20.614,0,1290.64,0.32
20.619,0,1290.64,0.32
20.624,0,1290.64,0.32
20.629,0,1290.42,0.32
20.634,0,1274.07,0.31
20.639,0,1273.6,0.31
20.644,0,1267.65,0.31
20.649,0,1267.65,0.31
20.654,0,1267.64,0.31
20.659,0,1266.91,0.31
20.664,0,1266.8,0.31
20.669,0,1265.78,0.31
20.674,0,1265.78,0.31
20.679,0,1265.52,0.31
20.684,0,1265.33,0.31
20.689,0,1265.31,0.31
20.694,0,1254.79,0.31
20.699,0,1253.12,0.31
20.704,0,1253.12,0.31
20.709,0,1252.37,0.31
20.714,0,1252.08,0.31
20.719,0,1248.72,0.3
20.724,0,1248.67,0.3
20.729,0,1248.67,0.3
20.734,0,1247.93,0.3
20.739,0,1247.93,0.3
20.744,0,1247.93,0.3
20.749,0,1247.93,0.3
20.754,0,1247.8,0.3
20.759,0,1247.77,0.3
20.764,0,1246.95,0.3
20.769,0,1246.4,0.3
20.774,0,1246.35,0.3
20.779,0,1246.3,0.3
20.784,0,1237.0,0.3
20.789,0,1219.94,0.3
20.794,0,1219.94,0.3
20.799,0,1219.67,0.3
20.804,0,1216.46,0.3
20.809,0,1216.46,0.3
20.814,0,1216.37,0.3
20.819,0,1216.37,0.3
20.824,0,1216.37,0.3
20.829,0,1215.87,0.3
20.834,0,1215.87,0.3
20.839,0,1206.44,0.29
20.844,0,1205.15,0.29
20.849,0,1205.13,0.29
20.854,0,1204.75,0.29
20.859,0,1204.59,0.29
20.864,0,1204.52,0.29
20.869,0,1204.51,0.29
20.874,0,1204.09,0.29
20.879,0,1204.09,0.29
20.884,0,1203.98,0.29
20.89,0,1203.98,0.29
20.894,0,1203.9,0.29
20.899,0,1203.9,0.29
20.904,0,1203.9,0.29
20.909,0,1203.9,0.29
20.914,0,1203.6,0.29
20.919,0,1203.57,0.29
20.924,0,1203.43,0.29
20.929,0,1203.43,0.29
20.934,0,1203.43,0.29
20.939,0,1203.43,0.29
20.944,0,1203.43,0.29
20.949,0,1203.43,0.29
20.954,0,1202.31,0.29
20.959,0,1202.31,0.29
20.964,0,1202.31,0.29
20.969,0,1202.15,0.29
20.974,0,1202.15,0.29
20.979,0,1202.12,0.29
20.984,0,1202.12,0.29
20.989,0,1202.12,0.29
20.994,0,1202.11,0.29
20.999,0,1202.11,0.29
21.004,0,1202.09,0.29
21.009,0,1202.09,0.29
21.014,0,1202.09,0.29
21.019,0,1202.09,0.29
21.024,0,1202.09,0.29
21.029,0,1202.09,0.29
21.034,0,1202.09,0.29
21.039,0,1202.09,0.29
21.044,0,1200.9,0.29
21.049,0,1200.9,0.29
21.054,0,1199.68,0.29
21.059,0,1196.82,0.29
21.064,0,1195.9,0.29
21.069,0,1193.94,0.29
21.074,0,1192.19,0.29
21.079,0,1191.58,0.29
21.084,0,1185.41,0.29
21.089,0,1183.24,0.29
21.094,0,1165.39,0.28
21.099,0,1150.81,0.28
21.104,0,1150.81,0.28
21.109,0,1150.07,0.28
21.114,0,1148.72,0.28
21.119,0,1130.33,0.28
21.124,0,1130.32,0.28
21.129,0,1111.62,0.27
21.134,0,1101.78,0.27
21.139,0,1082.59,0.26
21.144,0,1063.05,0.26
21.149,0,1043.15,0.25
21.154,0,1022.86,0.25
21.159,0,1002.15,0.24
21.164,0,1001.55,0.24
21.169,0,992.84,0.24
21.174,0,972.34,0.24
21.179,0,972.09,0.24
21.184,0,971.37,0.24
21.189,0,968.65,0.24
21.194,0,968.51,0.24
21.199,0,963.37,0.24
21.204,0,963.37,0.24
21.209,0,953.87,0.23
21.213,0,953.86,0.23
21.219,0,947.31,0.23
21.224,0,924.92,0.23
21.229,0,920.42,0.22
21.234,0,919.81,0.22
21.239,0,911.26,0.22
21.244,0,911.19,0.22
21.249,0,887.89,0.22
21.254,0,885.76,0.22
21.259,0,877.08,0.21
21.264,0,871.82,0.21
21.268,0,866.19,0.21
21.274,0,866.06,0.21
21.279,0,848.98,0.21
21.284,0,835.18,0.2
21.289,0,817.81,0.2
21.294,0,813.65,0.2
21.299,0,812.34,0.2
21.304,0,809.91,0.2
21.309,0,804.98,0.2
21.314,0,803.27,0.2
21.319,0,802.48,0.2
21.324,0,801.78,0.2
21.329,0,800.41,0.2
21.334,0,800.41,0.2
21.339,0,800.37,0.2
21.345,0,798.2,0.19
21.348,0,798.2,0.19
21.354,0,786.15,0.19
21.359,0,759.02,0.19
21.364,0,736.44,0.18
21.369,0,734.15,0.18
21.374,0,732.39,0.18
21.379,0,732.39,0.18
21.384,0,721.61,0.18
21.389,0,713.12,0.17
21.394,0,713.12,0.17
21.399,0,712.68,0.17
21.404,0,712.67,0.17
21.409,0,705.87,0.17
21.414,0,705.67,0.17
21.419,0,701.77,0.17
21.424,0,700.44,0.17
21.429,0,700.44,0.17
21.435,0,700.44,0.17
21.439,0,700.41,0.17
21.444,0,697.93,0.17
21.449,0,697.93,0.17
21.454,0,687.88,0.17
21.459,0,685.22,0.17
21.464,0,681.47,0.17
21.469,0,680.65,0.17
21.474,0,680.37,0.17
21.479,0,678.58,0.17
21.484,0,678.57,0.17
21.49,0,676.43,0.17
21.494,0,667.24,0.16
21.499,0,635.05,0.16
21.504,0,633.19,0.15
21.509,0,632.68,0.15
21.514,0,629.85,0.15
21.52,0,595.64,0.15
21.524,0,559.34,0.14
21.529,0,554.81,0.14
21.534,0,525.63,0.13
21.539,0,518.52,0.13
21.544,0,517.44,0.13
21.549,0,516.82,0.13
21.555,0,516.7,0.13
21.559,0,508.92,0.12
21.564,0,508.88,0.12
21.569,0,508.88,0.12
21.574,0,508.88,0.12
21.579,0,504.46,0.12
21.584,0,498.99,0.12
21.589,0,498.82,0.12
21.595,0,459.91,0.11
21.599,0,411.82,0.1
21.604,0,384.61,0.09
21.609,0,384.61,0.09
21.614,0,383.02,0.09
21.619,0,366.08,0.09
21.624,0,366.08,0.09
21.629,0,364.83,0.09
21.634,0,361.98,0.09
21.639,0,298.5,0.07
21.644,0,298.22,0.07
21.649,0,297.96,0.07
21.654,0,285.66,0.07
21.659,0,245.5,0.06
21.664,0,135.46,0.03
21.669,0,135.46,0.03
21.674,0,113.37,0.03
21.679,0,107.05,0.03
21.684,0,107.05,0.03
21.69,0,107.05,0.03
21.696,0,107.05,0.03
21.7,0,107.02,0.03
21.705,0,107.02,0.03
21.71,0,107.02,0.03
21.715,0,106.9,0.03
21.72,0,106.03,0.03
21.725,0,106.03,0.03
21.73,0,106.03,0.03
21.735,0,106.03,0.03
21.74,0,106.03,0.03
21.745,0,105.46,0.03
21.75,0,105.46,0.03
21.755,0,105.33,0.03
21.76,0,105.33,0.03
21.765,0,105.33,0.03
21.77,0,105.33,0.03
21.775,0,104.92,0.03
21.78,0,104.92,0.03
21.785,0,101.61,0.02
21.79,0,101.61,0.02
21.795,8,101.61,0.02
21.8,0,101.61,0.02
21.806,0,101.51,0.02
21.809,0,101.51,0.02
21.815,0,101.51,0.02
21.82,0,101.49,0.02
21.825,0,101.49,0.02
21.83,0,101.49,0.02
21.835,0,101.49,0.02
21.84,0,101.48,0.02
21.844,0,101.48,0.02
21.85,0,101.48,0.02
21.855,0,99.96,0.02
21.86,0,99.45,0.02
21.865,0,99.45,0.02
21.87,0,99.3,0.02
21.875,0,99.3,0.02
21.88,0,99.3,0.02
21.886,0,98.79,0.02
21.89,0,98.79,0.02
21.895,0,98.79,0.02
21.9,106,98.93,0.02
21.905,0,98.93,0.02
21.91,0,98.93,0.02
21.915,0,98.93,0.02
21.92,0,98.93,0.02
21.925,0,98.93,0.02
21.93,0,98.93,0.02
21.935,0,98.92,0.02
21.94,0,98.92,0.02
21.945,0,98.92,0.02
21.949,0,97.67,0.02
21.955,0,97.47,0.02
21.96,0,87.86,0.02
21.965,0,87.78,0.02
21.97,0,87.78,0.02
21.975,0,87.78,0.02
21.98,0,87.78,0.02
21.985,0,87.78,0.02
21.99,0,87.78,0.02
21.995,0,87.78,0.02
22.0,0,87.78,0.02
22.005,0,87.78,0.02
22.009,0,86.61,0.02
22.015,0,86.61,0.02
22.019,0,86.61,0.02
22.025,0,86.61,0.02
22.03,0,86.61,0.02
22.035,0,86.61,0.02
22.04,0,86.61,0.02
22.045,0,86.61,0.02
22.05,0,86.61,0.02
22.055,0,86.61,0.02
22.06,0,86.61,0.02
22.065,0,86.61,0.02
22.07,0,86.61,0.02
22.075,0,86.61,0.02
22.08,0,86.26,0.02
22.085,0,84.5,0.02
22.09,0,84.5,0.02
22.095,0,84.5,0.02
22.1,0,84.5,0.02
22.105,0,84.5,0.02
22.11,0,84.5,0.02
22.115,0,84.49,0.02
22.12,0,84.49,0.02
22.125,0,84.49,0.02
22.131,0,84.49,0.02
22.134,0,84.49,0.02
22.139,0,84.49,0.02
22.145,0,84.49,0.02
22.15,0,84.49,0.02
22.155,0,84.49,0.02
22.16,0,84.49,0.02
22.165,0,84.49,0.02
22.17,0,84.49,0.02
22.175,0,78.63,0.02
22.18,0,78.63,0.02
22.185,0,78.63,0.02
22.189,0,78.63,0.02
22.195,0,78.63,0.02
22.2,0,78.63,0.02
22.205,0,78.63,0.02
22.21,0,78.63,0.02
22.215,0,78.63,0.02
22.22,0,78.63,0.02
22.225,0,78.63,0.02
22.23,0,78.63,0.02
22.235,0,78.63,0.02
22.24,0,78.63,0.02
22.245,0,78.07,0.02
22.25,0,78.07,0.02
22.255,0,78.07,0.02
22.26,0,78.07,0.02
22.265,0,78.07,0.02
22.27,0,78.07,0.02
22.275,0,78.07,0.02
22.28,0,78.07,0.02
22.285,0,78.07,0.02
22.29,0,78.07,0.02
22.295,0,78.07,0.02
22.3,0,78.07,0.02
22.305,0,78.07,0.02
22.31,0,78.07,0.02
22.325,0,78.07,0.02
22.336,0,78.07,0.02
22.336,0,78.06,0.02
22.337,0,78.06,0.02
22.337,0,78.06,0.02
22.34,0,78.06,0.02
22.345,0,78.06,0.02
22.37,0,78.06,0.02
22.37,0,78.06,0.02
22.37,0,78.06,0.02
22.371,0,78.06,0.02
22.371,0,78.06,0.02
22.375,0,78.06,0.02
22.38,0,78.06,0.02
22.385,0,78.06,0.02
22.39,0,78.06,0.02
22.395,0,78.06,0.02
22.4,0,78.05,0.02
22.405,0,76.4,0.02
22.41,0,72.65,0.02
22.415,0,35.3,0.01
22.42,0,35.3,0.01
22.425,0,32.34,0.01
22.43,0,32.34,0.01
22.435,0,5.32,0.0
22.44,0,5.32,0.0
22.445,0,5.32,0.0
22.45,0,5.32,0.0
22.455,0,5.32,0.0
22.46,0,5.32,0.0
22.465,0,5.32,0.0
22.47,0,5.32,0.0
22.475,0,5.32,0.0
22.48,0,5.32,0.0
22.485,0,5.32,0.0
22.49,0,5.32,0.0
22.495,0,5.32,0.0
22.5,0,5.32,0.0
22.505,0,5.32,0.0
22.51,0,5.32,0.0
22.515,0,5.32,0.0
22.52,0,5.32,0.0
22.525,0,5.32,0.0
22.53,0,5.32,0.0
22.535,0,5.32,0.0
22.54,0,5.32,0.0
22.545,0,5.32,0.0
22.55,0,5.32,0.0
22.555,0,5.32,0.0
22.56,0,5.32,0.0
22.565,0,5.32,0.0
22.57,0,5.32,0.0
22.575,0,5.32,0.0
22.58,0,5.32,0.0
22.585,0,5.32,0.0
22.59,0,5.32,0.0
22.595,0,5.32,0.0
22.6,0,5.32,0.0
22.605,0,5.32,0.0
22.61,0,5.32,0.0
22.615,0,5.32,0.0
22.62,0,5.32,0.0
22.625,0,5.32,0.0
22.63,0,5.32,0.0
22.635,0,5.32,0.0
22.64,0,5.32,0.0
22.645,0,5.32,0.0
22.65,0,5.32,0.0
22.655,0,5.32,0.0
22.66,0,5.32,0.0
22.665,0,5.32,0.0
22.67,0,5.32,0.0
22.675,0,5.32,0.0
22.68,0,5.32,0.0
22.685,0,5.32,0.0
22.69,0,5.32,0.0
22.695,0,5.32,0.0
22.7,0,5.32,0.0
22.705,0,5.32,0.0
22.71,0,5.32,0.0
22.715,0,5.32,0.0
22.72,0,5.32,0.0
22.725,0,5.32,0.0
22.73,0,5.32,0.0
22.735,0,5.32,0.0
22.74,0,5.32,0.0
22.745,0,5.32,0.0
22.75,0,5.32,0.0
22.755,0,5.32,0.0
22.76,0,5.32,0.0
22.765,0,5.32,0.0
22.769,0,5.32,0.0
22.775,0,5.32,0.0
22.78,0,5.32,0.0
22.785,0,5.32,0.0
22.789,0,5.32,0.0
22.795,0,5.32,0.0
22.8,0,5.32,0.0
22.805,0,5.32,0.0
22.81,0,5.32,0.0
22.814,0,5.32,0.0
22.82,0,5.32,0.0
22.825,0,5.32,0.0
22.83,0,5.32,0.0
22.835,0,5.32,0.0
22.84,0,5.32,0.0
22.845,0,5.32,0.0
22.85,0,5.32,0.0
22.855,0,5.32,0.0
22.86,0,5.32,0.0
22.865,0,5.32,0.0
22.87,0,5.32,0.0
22.875,0,5.32,0.0
22.88,0,5.32,0.0
22.885,0,5.32,0.0
22.89,0,5.32,0.0
22.895,0,5.32,0.0
22.9,0,5.32,0.0
22.905,0,5.32,0.0
22.91,0,5.32,0.0
22.915,0,5.32,0.0
22.92,0,5.32,0.0
22.925,0,5.32,0.0
22.93,0,5.32,0.0
22.935,0,5.32,0.0
22.94,0,5.32,0.0
22.945,0,5.32,0.0
22.95,0,5.32,0.0
22.955,0,5.32,0.0
22.96,0,5.32,0.0
22.965,0,5.32,0.0
22.97,0,5.32,0.0
22.975,0,5.32,0.0
22.98,0,5.32,0.0
22.985,0,5.32,0.0
22.99,0,5.32,0.0
22.995,0,5.32,0.0
23.0,0,5.32,0.0
23.005,0,5.32,0.0
23.01,0,5.32,0.0
23.015,0,5.32,0.0
23.019,0,5.32,0.0
23.025,0,5.32,0.0
23.03,0,5.32,0.0
23.035,0,5.32,0.0
23.04,0,5.32,0.0
23.045,0,5.32,0.0
23.05,0,5.32,0.0
23.055,0,5.32,0.0
23.06,0,5.32,0.0
23.065,0,5.32,0.0
23.069,0,5.32,0.0
23.075,0,5.32,0.0
23.08,0,5.32,0.0
23.085,0,5.32,0.0
23.09,0,5.32,0.0
23.095,0,5.32,0.0
23.1,0,5.32,0.0
23.105,0,5.32,0.0
23.11,0,5.32,0.0
23.115,0,5.32,0.0
23.12,0,5.32,0.0
23.125,0,5.32,0.0
23.13,0,5.32,0.0
23.135,0,5.32,0.0
23.14,0,5.32,0.0
23.145,0,5.32,0.0
23.15,0,5.32,0.0
23.155,0,5.32,0.0
23.16,0,5.32,0.0
23.165,0,5.32,0.0
23.17,0,5.32,0.0
23.175,0,5.32,0.0
23.18,0,5.32,0.0
23.185,0,5.32,0.0
23.19,0,5.32,0.0
23.195,0,5.32,0.0
23.2,0,5.32,0.0
23.205,0,5.32,0.0
23.21,0,5.32,0.0
23.215,0,5.32,0.0
23.219,0,5.32,0.0
23.225,0,5.32,0.0
23.23,0,5.32,0.0
23.235,0,5.32,0.0
23.24,0,5.32,0.0
23.245,0,5.32,0.0
23.249,0,5.32,0.0
23.255,0,5.32,0.0
23.26,0,5.32,0.0
23.265,0,5.32,0.0
23.27,0,5.32,0.0
23.275,0,5.32,0.0
23.28,0,5.32,0.0
23.285,0,5.32,0.0
23.29,0,5.32,0.0
23.295,0,5.32,0.0
23.3,0,5.32,0.0
23.305,0,5.32,0.0
23.31,0,5.32,0.0
23.315,0,5.32,0.0
23.32,0,5.32,0.0
23.325,0,5.32,0.0
23.33,0,5.32,0.0
23.335,0,5.32,0.0
23.34,0,5.32,0.0
23.345,0,5.32,0.0
23.35,0,5.32,0.0
23.355,0,5.32,0.0
23.36,0,5.32,0.0
23.365,0,5.32,0.0
23.369,0,5.32,0.0
23.375,0,5.32,0.0
23.38,0,5.32,0.0
23.385,0,5.32,0.0
23.39,0,5.32,0.0
23.395,0,5.32,0.0
23.4,0,5.32,0.0
23.405,0,5.32,0.0
23.411,0,5.32,0.0
23.414,0,5.32,0.0
23.42,0,5.32,0.0
23.425,0,5.32,0.0
23.43,0,5.32,0.0
23.435,0,5.32,0.0
23.44,0,5.32,0.0
23.445,0,5.32,0.0
23.45,0,5.32,0.0
23.455,0,5.32,0.0
23.46,0,5.32,0.0
23.465,0,5.32,0.0
23.47,0,5.32,0.0
23.475,0,5.32,0.0
23.48,0,5.32,0.0
23.485,0,5.32,0.0
23.49,0,5.32,0.0
23.495,0,5.32,0.0
23.5,0,5.32,0.0
23.505,0,5.32,0.0
23.51,0,5.32,0.0
23.515,0,5.32,0.0
23.52,0,5.32,0.0
23.525,0,5.32,0.0
23.53,0,5.32,0.0
23.535,0,5.32,0.0
23.54,0,5.32,0.0
23.545,0,5.32,0.0
23.55,0,5.32,0.0
23.555,0,5.32,0.0
23.56,0,5.32,0.0
23.565,0,5.32,0.0
23.57,0,5.32,0.0
23.575,0,5.32,0.0
23.58,0,5.32,0.0
23.585,0,5.32,0.0
23.589,0,5.32,0.0
23.595,0,5.32,0.0
23.6,0,5.32,0.0
23.605,0,5.32,0.0
23.61,0,5.32,0.0
23.614,0,5.32,0.0
23.62,0,5.32,0.0
23.625,0,5.32,0.0
23.63,0,5.32,0.0
23.635,0,5.32,0.0
23.64,0,5.32,0.0
23.645,0,5.32,0.0
23.65,0,5.32,0.0
23.655,0,5.32,0.0
23.66,0,5.32,0.0
23.665,0,5.32,0.0
23.67,0,5.32,0.0
23.675,0,5.32,0.0
23.68,0,5.32,0.0
23.685,0,5.32,0.0
23.691,0,5.32,0.0
23.696,0,5.32,0.0
23.701,0,5.32,0.0
23.706,0,5.32,0.0
23.711,0,5.32,0.0
23.716,0,5.32,0.0
23.721,0,5.32,0.0
23.726,0,5.32,0.0
23.732,0,5.32,0.0
23.736,0,5.32,0.0
23.741,0,5.32,0.0
23.746,0,5.32,0.0
23.751,0,5.32,0.0
23.756,0,5.32,0.0
23.761,0,5.32,0.0
23.765,0,5.32,0.0
23.771,0,5.32,0.0
23.776,0,5.32,0.0
23.781,0,5.32,0.0
23.786,0,5.32,0.0
23.791,0,5.32,0.0
23.796,0,5.3,0.0
23.801,0,5.3,0.0
23.806,0,5.3,0.0
23.811,0,5.3,0.0
23.816,0,5.3,0.0
23.82,0,5.3,0.0
23.826,0,5.3,0.0
23.831,0,5.3,0.0
23.836,0,5.3,0.0
23.841,0,5.3,0.0
23.847,0,5.3,0.0
23.851,0,5.3,0.0
23.856,0,5.3,0.0
23.86,0,5.3,0.0
23.866,0,5.3,0.0
23.871,0,5.3,0.0
23.877,0,5.3,0.0
23.881,0,5.3,0.0
23.886,0,5.3,0.0
23.891,0,5.3,0.0
23.896,0,5.3,0.0
23.901,0,0.0,0.0
23.906,0,0.0,0.0
23.911,0,0.0,0.0
23.916,0,0.0,0.0
23.921,0,0.0,0.0
23.926,0,0.0,0.0
23.931,0,0.0,0.0
23.936,0,0.0,0.0
23.941,0,0.0,0.0
23.979,0,0.0,0.0
23.98,0,0.0,0.0
23.981,0,0.0,0.0
23.986,0,0.0,0.0
23.987,0,0.0,0.0
23.988,0,0.0,0.0
23.988,0,0.0,0.0
23.989,0,0.0,0.0
23.989,0,0.0,0.0
23.99,0,0.0,0.0
23.996,0,0.0,0.0
24.001,0,0.0,0.0
24.006,0,0.0,0.0
24.011,0,0.0,0.0
24.016,0,0.0,0.0
24.02,0,0.0,0.0
24.025,0,0.0,0.0
24.03,0,0.0,0.0
24.035,0,0.0,0.0
24.041,0,0.0,0.0
24.046,0,0.0,0.0
24.05,0,0.0,0.0
24.055,0,0.0,0.0
24.061,0,0.0,0.0
24.066,0,0.0,0.0
24.071,0,0.0,0.0
24.075,0,0.0,0.0
24.081,0,0.0,0.0
24.085,0,0.0,0.0
24.091,0,0.0,0.0
24.096,0,0.0,0.0
24.101,0,0.0,0.0
24.105,0,0.0,0.0
24.111,0,0.0,0.0
24.116,0,0.0,0.0
24.121,0,0.0,0.0
24.126,0,0.0,0.0
24.131,0,0.0,0.0
24.136,0,0.0,0.0
24.141,0,0.0,0.0
24.146,0,0.0,0.0
24.151,0,0.0,0.0
24.156,0,0.0,0.0
24.161,0,0.0,0.0
24.166,0,0.0,0.0
24.171,0,0.0,0.0
24.176,0,0.0,0.0
24.181,0,0.0,0.0
24.186,0,0.0,0.0
24.191,0,0.0,0.0
24.196,0,0.0,0.0
24.201,0,0.0,0.0
24.206,0,0.0,0.0
24.211,0,0.0,0.0
24.216,0,0.0,0.0
24.22,0,0.0,0.0
24.226,0,0.0,0.0
24.23,0,0.0,0.0
24.236,0,0.0,0.0
24.241,0,0.0,0.0
24.246,0,0.0,0.0
24.251,0,0.0,0.0
24.256,0,0.0,0.0
24.261,0,0.0,0.0
24.266,0,0.0,0.0
24.271,0,0.0,0.0
24.275,0,0.0,0.0
24.281,0,0.0,0.0
24.286,0,0.0,0.0
24.291,0,0.0,0.0
24.296,19,0.95,0.0
24.3,0,0.95,0.0
24.306,0,0.95,0.0
24.311,0,0.95,0.0
24.315,0,0.95,0.0
24.321,0,0.95,0.0
24.326,0,0.95,0.0
24.331,0,0.95,0.0
24.336,0,0.95,0.0
24.34,0,0.95,0.0
24.346,0,0.95,0.0
24.351,0,0.95,0.0
24.356,0,0.95,0.0
24.361,0,0.95,0.0
24.366,0,0.95,0.0
24.371,0,0.95,0.0
24.376,0,0.95,0.0
24.381,0,0.95,0.0
24.387,0,0.95,0.0
24.39,0,0.95,0.0
24.396,0,0.95,0.0
24.401,0,0.95,0.0
24.406,0,0.95,0.0
24.411,0,0.95,0.0
24.416,0,0.95,0.0
24.421,0,0.95,0.0
24.425,0,0.95,0.0
24.431,0,0.95,0.0
24.436,0,0.95,0.0
24.441,0,0.95,0.0
24.446,0,0.95,0.0
24.451,0,0.95,0.0
24.456,0,0.95,0.0
24.46,0,0.95,0.0
24.466,0,0.95,0.0
24.471,0,0.95,0.0
24.477,0,0.95,0.0
24.48,0,0.95,0.0
24.486,0,0.95,0.0
24.491,0,0.95,0.0
24.496,0,0.95,0.0
24.501,0,0.95,0.0
24.506,158,7.96,0.0
24.511,0,7.96,0.0
24.516,0,7.96,0.0
24.521,0,7.96,0.0
24.526,0,7.96,0.0
24.53,0,7.96,0.0
24.536,0,7.96,0.0
24.541,0,7.96,0.0
24.545,0,7.96,0.0
24.551,0,7.96,0.0
24.556,0,7.96,0.0
24.56,0,7.96,0.0
24.566,0,7.96,0.0
24.571,0,7.96,0.0
24.576,111,9.7,0.0
24.581,0,9.7,0.0
24.586,377,21.2,0.01
24.591,0,21.2,0.01
24.595,0,21.2,0.01
24.601,0,21.2,0.01
24.606,0,21.2,0.01
24.611,0,21.2,0.01
24.616,0,21.2,0.01
24.62,0,21.2,0.01
24.626,0,21.2,0.01
24.631,0,21.2,0.01
24.636,0,21.2,0.01
24.641,0,21.2,0.01
24.645,0,21.2,0.01
24.651,0,21.2,0.01
24.656,0,21.2,0.01
24.661,0,21.2,0.01
24.666,0,21.2,0.01
24.671,0,21.2,0.01
24.676,0,21.2,0.01
24.68,0,21.2,0.01
24.686,0,21.2,0.01
24.691,0,21.2,0.01
24.696,0,21.2,0.01
24.701,0,21.2,0.01
24.706,0,21.2,0.01
24.71,0,21.2,0.01
24.716,0,21.2,0.01
24.721,0,21.2,0.01
24.726,0,21.2,0.01
24.731,0,21.2,0.01
24.736,0,21.2,0.01
24.741,0,21.2,0.01
24.745,0,21.2,0.01
24.751,0,21.2,0.01
24.756,0,21.2,0.01
24.761,0,21.2,0.01
24.765,0,21.2,0.01
24.77,0,21.2,0.01
24.776,0,21.2,0.01
24.781,0,21.2,0.01
24.786,4,21.2,0.01
24.79,0,21.2,0.01
24.796,0,21.2,0.01
24.801,142,22.36,0.01
24.806,0,22.36,0.01
24.811,0,22.36,0.01
24.816,0,22.36,0.01
24.821,200,24.49,0.01
24.825,0,24.49,0.01
24.831,0,24.49,0.01
24.836,172,25.96,0.01
24.84,0,25.96,0.01
24.846,0,25.96,0.01
24.85,1,25.96,0.01
24.856,1243,67.35,0.02
24.861,494,71.74,0.02
24.866,330,73.61,0.02
24.871,0,73.61,0.02
24.875,26,73.62,0.02
24.881,89,73.76,0.02
24.886,0,73.76,0.02
24.891,380,76.17,0.02
24.896,0,76.17,0.02
24.901,20,76.17,0.02
24.906,1342,101.51,0.02
24.911,588,105.68,0.03
24.916,780,112.65,0.03
24.921,1832,145.19,0.04
24.926,510,147.41,0.04
24.931,2956,208.75,0.05
24.936,959,214.18,0.05
24.94,0,214.18,0.05
24.946,4095,296.31,0.07
24.951,4014,357.88,0.09
24.956,1245,363.25,0.09
24.961,3562,404.56,0.1
24.966,122,404.61,0.1
24.971,4095,453.47,0.11
24.976,864,455.52,0.11
24.981,0,455.52,0.11
24.986,3198,482.77,0.12
24.991,2016,493.18,0.12
24.996,474,493.75,0.12
25.0,0,493.75,0.12
25.006,4095,534.52,0.13
25.011,4095,572.39,0.14
25.016,3913,604.91,0.15
25.021,2124,614.16,0.15
25.026,3693,641.32,0.16
25.031,1596,646.26,0.16
25.036,1322,649.63,0.16
25.041,4095,681.14,0.17
25.046,91,681.15,0.17
25.051,0,681.15,0.17
25.056,955,682.82,0.17
25.061,0,682.82,0.17
25.066,424,683.15,0.17
25.071,189,683.22,0.17
25.077,0,683.22,0.17
25.08,910,684.73,0.17
25.086,0,684.73,0.17
25.091,894,686.19,0.17
25.096,2794,700.26,0.17
25.101,2111,708.17,0.17
25.106,0,708.17,0.17
25.111,24,708.18,0.17
25.116,1192,710.68,0.17
25.12,0,710.68,0.17
25.126,104,710.7,0.17
25.131,58,710.7,0.17
25.136,937,712.25,0.17
25.14,0,712.25,0.17
25.146,1480,716.08,0.17
25.151,1240,718.76,0.18
25.156,1981,725.55,0.18
25.161,844,726.78,0.18
25.165,39,726.78,0.18
25.171,0,726.78,0.18
25.176,1945,733.26,0.18
25.181,4095,761.31,0.19
25.186,0,761.31,0.19
25.191,344,761.5,0.19
25.196,381,761.74,0.19
25.201,93,761.76,0.19
25.206,92,761.77,0.19
25.211,1179,764.05,0.19
25.216,509,764.47,0.19
25.221,319,764.64,0.19
25.226,1118,766.68,0.19
25.231,364,766.89,0.19
25.236,808,767.96,0.19
25.241,2062,774.85,0.19
25.246,637,775.5,0.19
25.251,46,775.5,0.19
25.256,253,775.61,0.19
25.261,922,776.98,0.19
25.266,1005,778.6,0.19
25.271,1,778.6,0.19
25.276,0,778.6,0.19
25.282,154,778.64,0.19
25.286,255,778.74,0.19
25.291,1437,782.05,0.19
25.296,0,782.05,0.19
25.301,1641,786.34,0.19
25.306,584,786.88,0.19
25.311,1040,788.6,0.19
25.316,4095,814.75,0.2
25.321,1567,818.51,0.2
25.326,0,818.51,0.2
25.331,2267,826.32,0.2
25.336,2063,832.73,0.2
25.341,1915,838.22,0.2
25.346,511,838.61,0.2
25.351,0,838.61,0.2
25.356,1336,841.26,0.21
25.361,3580,860.1,0.21
25.366,632,860.68,0.21
25.371,845,861.71,0.21
25.376,953,863.03,0.21
25.381,987,864.44,0.21
25.386,2414,872.82,0.21
25.391,394,873.05,0.21
25.396,0,873.05,0.21
25.401,636,873.63,0.21
25.406,812,874.57,0.21
25.411,1706,878.72,0.21
25.416,525,879.11,0.21
25.421,393,879.33,0.21
25.426,1291,881.7,0.22
25.431,0,881.7,0.22
25.436,2654,891.63,0.22
25.442,3212,905.97,0.22
25.445,784,906.82,0.22
25.451,1177,908.73,0.22
25.456,3324,923.8,0.23
25.461,1115,925.48,0.23
25.466,0,925.48,0.23
25.471,329,925.63,0.23
25.476,0,925.63,0.23
25.481,1404,928.29,0.23
25.486,2107,934.25,0.23
25.491,1709,938.15,0.23
25.496,957,939.37,0.23
25.501,1470,942.24,0.23
25.506,41,942.24,0.23
25.511,476,942.54,0.23
25.516,890,943.59,0.23
25.521,185,943.64,0.23
25.526,1340,946.01,0.23
25.531,3406,961.22,0.23
25.536,1085,962.75,0.24
25.541,2573,971.3,0.24
25.545,140,971.33,0.24
25.551,0,971.33,0.24
25.556,222,971.39,0.24
25.561,0,971.39,0.24
25.565,270,971.49,0.24
25.57,985,972.73,0.24
25.576,1567,975.88,0.24
25.581,0,975.88,0.24
25.586,345,976.04,0.24
25.591,0,976.04,0.24
25.596,685,976.64,0.24
25.601,1693,980.3,0.24
25.606,471,980.58,0.24
25.611,2335,987.51,0.24
25.616,0,987.51,0.24
25.621,702,988.13,0.24
25.626,1673,991.67,0.24
25.631,922,992.74,0.24
25.636,0,992.74,0.24
25.641,1134,994.36,0.24
25.646,3720,1011.6,0.25
25.651,1992,1016.49,0.25
25.656,1193,1018.24,0.25
25.661,0,1018.24,0.25
25.666,1388,1020.6,0.25
25.671,0,1020.6,0.25
25.676,1690,1024.1,0.25
25.682,1212,1025.89,0.25
25.686,1401,1028.28,0.25
25.692,44,1028.28,0.25
25.697,0,1028.28,0.25
25.702,446,1028.52,0.25
25.707,0,1028.52,0.25
25.713,874,1029.45,0.25
25.716,143,1029.47,0.25
25.722,0,1029.47,0.25
25.727,469,1029.74,0.25
25.732,876,1030.67,0.25
25.737,285,1030.77,0.25
25.741,0,1030.77,0.25
25.746,0,1030.77,0.25
25.752,492,1031.06,0.25
25.757,2124,1036.52,0.25
25.762,1176,1038.18,0.25
25.767,1327,1040.3,0.25
25.772,207,1040.35,0.25
25.777,106,1040.37,0.25
25.782,1789,1044.21,0.25
25.788,1806,1048.1,0.26
25.819,683,1048.66,0.26
25.819,556,1049.03,0.26
25.82,1401,1051.36,0.26
25.82,29,1051.37,0.26
25.821,0,1051.37,0.26
25.821,1386,1053.65,0.26
25.828,648,1054.14,0.26
25.829,1614,1057.23,0.26
25.837,0,1057.23,0.26
25.838,1481,1059.82,0.26
25.842,444,1060.05,0.26
25.847,622,1060.51,0.26
25.852,3551,1075.27,0.26
25.857,1083,1076.63,0.26
25.862,1435,1079.02,0.26
25.867,0,1079.02,0.26
25.872,1040,1080.27,0.26
25.877,0,1080.27,0.26
25.882,0,1080.27,0.26
25.887,383,1080.44,0.26
25.891,0,1080.44,0.26
25.897,1391,1082.68,0.26
25.902,526,1083.0,0.26
25.907,718,1083.59,0.26
25.912,407,1083.78,0.26
25.917,395,1083.96,0.26
25.922,1084,1085.32,0.27
25.927,775,1086.01,0.27
25.932,264,1086.09,0.27
25.937,0,1086.09,0.27
25.942,96,1086.1,0.27
25.947,906,1087.04,0.27
25.951,328,1087.17,0.27
25.957,0,1087.17,0.27
25.962,668,1087.68,0.27
25.966,0,1087.68,0.27
25.972,0,1087.68,0.27
25.977,456,1087.92,0.27
25.982,566,1088.29,0.27
25.987,1784,1091.94,0.27
25.992,1197,1093.58,0.27
25.997,170,1093.61,0.27
26.002,759,1094.27,0.27
26.007,444,1094.49,0.27
26.011,939,1095.5,0.27
26.018,0,1095.5,0.27
26.022,24,1095.5,0.27
26.027,0,1095.5,0.27
26.032,64,1095.5,0.27
26.037,0,1095.5,0.27
26.042,0,1095.5,0.27
26.047,0,1095.5,0.27
26.052,1784,1099.13,0.27
26.057,683,1099.66,0.27
26.062,715,1100.24,0.27
26.067,761,1100.9,0.27
26.072,0,1100.9,0.27
26.077,62,1100.9,0.27
26.082,845,1101.71,0.27
26.087,716,1102.29,0.27
26.092,25,1102.3,0.27
26.097,0,1102.3,0.27
26.102,1388,1104.48,0.27
26.107,60,1104.48,0.27
26.112,0,1104.48,0.27
26.117,58,1104.49,0.27
26.121,345,1104.62,0.27
26.127,409,1104.81,0.27
26.132,0,1104.81,0.27
26.137,441,1105.03,0.27
26.142,137,1105.05,0.27
26.147,0,1105.05,0.27
26.152,46,1105.05,0.27
26.157,1070,1106.35,0.27
26.162,1354,1108.42,0.27
26.168,0,1108.42,0.27
26.171,0,1108.42,0.27
26.176,22,1108.42,0.27
26.182,29,1108.42,0.27
26.187,344,1108.55,0.27
26.192,1325,1110.53,0.27
26.197,0,1110.53,0.27
26.202,508,1110.82,0.27
26.207,0,1110.82,0.27
26.212,0,1110.82,0.27
26.217,527,1111.13,0.27
26.222,1150,1112.62,0.27
26.227,0,1112.62,0.27
26.232,0,1112.62,0.27
26.237,1168,1114.15,0.27
26.242,554,1114.5,0.27
26.246,0,1114.5,0.27
26.252,1320,1116.45,0.27
26.256,559,1116.8,0.27
26.262,314,1116.91,0.27
26.267,0,1116.91,0.27
26.272,238,1116.97,0.27
26.277,0,1116.97,0.27
26.282,574,1117.34,0.27
26.287,270,1117.42,0.27
26.292,1067,1118.69,0.27
26.297,0,1118.69,0.27
26.302,2139,1123.79,0.27
26.307,0,1123.79,0.27
26.312,634,1124.24,0.27
26.317,0,1124.24,0.27
26.322,0,1124.24,0.27
26.327,43,1124.24,0.27
26.332,0,1124.24,0.27
26.336,0,1124.24,0.27
26.343,0,1124.24,0.27
26.346,70,1124.25,0.27
26.352,615,1124.67,0.27
26.357,0,1124.67,0.27
26.362,0,1124.67,0.27
26.367,536,1124.99,0.27
26.371,0,1124.99,0.27
26.377,454,1125.22,0.27
26.382,2349,1131.33,0.28
26.387,74,1131.34,0.28
26.391,0,1131.34,0.28
26.397,0,1131.34,0.28
26.401,41,1131.34,0.28
26.407,426,1131.54,0.28
26.412,0,1131.54,0.28
26.417,408,1131.72,0.28
26.422,0,1131.72,0.28
26.427,459,1131.96,0.28
26.431,0,1131.96,0.28
26.437,0,1131.96,0.28
26.442,79,1131.96,0.28
26.447,349,1132.1,0.28
26.451,1439,1134.38,0.28
26.457,159,1134.41,0.28
26.462,267,1134.49,0.28
26.467,893,1135.37,0.28
26.472,1640,1138.32,0.28
26.477,0,1138.32,0.28
26.482,55,1138.33,0.28
26.487,523,1138.63,0.28
26.491,0,1138.63,0.28
26.497,189,1138.67,0.28
26.502,0,1138.67,0.28
26.507,104,1138.65,0.28
26.512,476,1138.9,0.28
26.517,0,1138.9,0.28
26.522,203,1138.94,0.28
26.527,742,1139.55,0.28
26.532,906,1140.45,0.28
26.536,190,1140.49,0.28
26.542,825,1141.23,0.28
26.547,333,1141.36,0.28
26.552,0,1141.36,0.28
26.557,0,1141.36,0.28
26.562,0,1141.36,0.28
26.567,156,1141.38,0.28
26.571,0,1141.38,0.28
26.577,827,1142.12,0.28
26.582,0,1142.12,0.28
26.587,233,1142.02,0.28
26.592,1177,1143.54,0.28
26.597,218,1143.59,0.28
26.601,0,1143.59,0.28
26.607,0,1143.59,0.28
26.612,190,1143.63,0.28
26.617,600,1144.02,0.28
26.622,315,1144.13,0.28
26.626,0,1144.13,0.28
26.632,777,1144.79,0.28
26.637,0,1144.79,0.28
26.642,1051,1145.99,0.28
26.647,620,1146.41,0.28
26.652,0,1146.41,0.28
26.657,0,1146.41,0.28
26.662,0,1146.41,0.28
26.667,107,1146.43,0.28
26.672,0,1146.43,0.28
26.677,0,1146.43,0.28
26.682,0,1146.43,0.28
26.687,555,1146.76,0.28
26.692,496,1147.03,0.28
26.697,0,1147.03,0.28
26.701,0,1147.03,0.28
26.707,0,1147.03,0.28
26.711,0,1147.03,0.28
26.717,792,1147.71,0.28
26.722,1422,1149.91,0.28
26.727,1803,1153.44,0.28
26.732,0,1153.44,0.28
26.736,0,1153.44,0.28
26.742,0,1153.44,0.28
26.747,0,1153.44,0.28
26.752,698,1153.97,0.28
26.757,890,1154.83,0.28
26.761,0,1154.83,0.28
26.767,1578,1157.52,0.28
26.771,0,1157.52,0.28
26.777,716,1158.07,0.28
26.782,1197,1159.62,0.28
26.787,21,1159.62,0.28
26.792,0,1159.62,0.28
26.797,616,1160.03,0.28
26.802,0,1160.01,0.28
26.806,0,1160.01,0.28
26.812,91,1160.02,0.28
26.817,1342,1161.95,0.28
26.821,0,1161.91,0.28
26.827,208,1161.96,0.28
26.832,56,1161.96,0.28
26.837,0,1161.93,0.28
26.841,0,1161.93,0.28
26.847,0,1161.93,0.28
26.852,1144,1163.34,0.28
26.857,0,1161.68,0.28
26.861,300,1161.51,0.28
26.867,1528,1163.9,0.28
26.872,0,1163.9,0.28
26.877,246,1163.97,0.28
26.882,0,1163.96,0.28
26.886,0,1163.96,0.28
26.891,0,1163.8,0.28
26.897,0,1163.8,0.28
26.902,4,1163.8,0.28
26.907,240,1161.93,0.28
26.912,0,1161.56,0.28
26.917,713,1161.45,0.28
26.922,907,1158.72,0.28
26.927,108,1158.45,0.28
26.932,456,1149.21,0.28
26.937,144,1148.23,0.28
26.942,477,1148.48,0.28
26.946,0,1130.08,0.28
26.951,0,1112.12,0.27
26.957,0,1110.37,0.27
26.961,0,1096.0,0.27
26.967,0,1095.98,0.27
26.972,361,1076.84,0.26
26.976,0,1075.97,0.26
26.982,183,1076.01,0.26
26.987,0,1064.06,0.26
26.991,0,1059.27,0.26
26.997,71,1059.02,0.26
27.002,60,1059.02,0.26
27.007,919,1040.05,0.25
27.012,1760,1023.49,0.25
27.016,0,1004.62,0.25
27.022,0,998.99,0.24
27.026,0,981.77,0.24
27.032,0,978.53,0.24
27.037,95,976.3,0.24
27.042,0,954.59,0.23
27.047,0,954.58,0.23
27.051,0,954.58,0.23
27.057,0,953.38,0.23
27.061,28,953.39,0.23
27.067,1,953.15,0.23
27.072,0,953.1,0.23
27.077,2,953.1,0.23
27.082,0,952.02,0.23
27.087,527,952.38,0.23
27.091,0,951.33,0.23
27.097,1512,944.05,0.23
27.102,0,938.13,0.23
27.107,1882,942.84,0.23
27.111,61,942.84,0.23
27.117,973,942.21,0.23
27.122,0,942.21,0.23
27.127,152,942.23,0.23
27.132,0,942.23,0.23
27.136,1,941.06,0.23
27.142,128,941.08,0.23
27.147,77,938.18,0.23
27.151,0,936.13,0.23
27.157,0,930.87,0.23
27.162,31,929.91,0.23
27.167,0,929.91,0.23
27.172,157,929.95,0.23
27.177,414,925.08,0.23
27.182,969,903.44,0.22
27.187,0,903.44,0.22
27.192,315,903.41,0.22
27.197,173,903.25,0.22
27.202,344,903.4,0.22
27.206,0,903.39,0.22
27.212,0,901.46,0.22
27.216,0,901.1,0.22
27.222,0,900.96,0.22
27.226,0,899.23,0.22
27.232,20,899.04,0.22
27.237,0,898.14,0.22
27.242,0,892.2,0.22
27.247,0,891.63,0.22
27.252,0,891.63,0.22
27.256,0,891.54,0.22
27.261,0,890.34,0.22
27.267,152,888.96,0.22
27.272,42,888.96,0.22
27.277,0,888.96,0.22
27.282,0,888.93,0.22
27.286,0,888.84,0.22
27.292,1161,887.83,0.22
27.297,0,887.83,0.22
27.301,0,884.03,0.22
27.307,0,883.54,0.22
27.312,0,882.01,0.22
27.316,0,857.92,0.21
27.321,0,854.33,0.21
27.327,44,854.34,0.21
27.332,0,846.78,0.21
27.336,8,840.48,0.21
27.342,0,835.01,0.2
27.347,733,835.42,0.2
27.352,554,835.88,0.2
27.357,0,833.2,0.2
27.362,1000,815.28,0.2
27.366,0,814.67,0.2
27.372,0,813.58,0.2
27.376,41,812.18,0.2
27.382,0,810.68,0.2
27.386,0,801.65,0.2
27.392,0,801.4,0.2
27.396,0,801.4,0.2
27.402,0,800.77,0.2
27.406,0,799.74,0.2
27.412,0,795.18,0.19
27.416,63,794.75,0.19
27.422,0,794.51,0.19
27.426,170,791.93,0.19
27.431,0,791.93,0.19
27.437,0,780.73,0.19
27.442,43,764.04,0.19
27.447,299,763.18,0.19
27.451,0,760.91,0.19
27.457,0,742.53,0.18
27.462,30,740.44,0.18
27.466,0,740.44,0.18
27.472,0,740.26,0.18
27.477,0,740.26,0.18
27.482,153,736.96,0.18
27.486,92,729.41,0.18
27.491,125,724.41,0.18
27.497,0,722.83,0.18
27.502,167,719.13,0.18
27.507,138,719.16,0.18
27.512,619,719.43,0.18
27.517,775,719.1,0.18
27.521,767,720.06,0.18
27.527,1198,719.44,0.18
27.531,280,699.13,0.17
27.536,28,697.02,0.17
27.542,288,685.2,0.17
27.546,0,685.16,0.17
27.552,0,685.16,0.17
27.557,136,685.11,0.17
27.562,0,685.11,0.17
27.567,0,684.97,0.17
27.572,0,683.2,0.17
27.576,0,678.69,0.17
27.582,0,678.69,0.17
27.587,0,678.47,0.17
27.591,0,678.47,0.17
27.597,0,677.61,0.17
27.601,0,672.3,0.16
27.606,0,671.89,0.16
27.612,47,661.67,0.16
27.617,0,661.67,0.16
27.622,0,660.74,0.16
27.626,0,655.42,0.16
27.631,0,653.8,0.16
27.637,1,653.8,0.16
27.642,0,651.34,0.16
27.647,206,624.3,0.15
27.652,0,616.3,0.15
27.657,0,613.41,0.15
27.662,154,613.46,0.15
27.667,299,609.7,0.15
27.672,235,609.82,0.15
27.677,302,604.12,0.15
27.682,219,601.17,0.15
27.687,249,597.21,0.15
27.693,409,597.56,0.15
27.765,266,597.7,0.15
27.766,472,597.75,0.15
27.766,335,597.99,0.15
27.766,0,596.39,0.15
27.767,0,596.35,0.15
27.767,0,596.35,0.15
27.767,0,595.88,0.15
27.768,0,594.27,0.15
27.768,0,594.1,0.15
27.768,0,594.1,0.15
27.769,0,594.1,0.15
27.769,0,593.59,0.14
27.769,0,584.02,0.14
27.769,278,581.21,0.14
27.77,0,577.41,0.14
27.773,330,577.56,0.14
27.778,0,577.53,0.14
27.791,0,570.56,0.14
27.791,0,563.37,0.14
27.793,75,562.35,0.14
27.798,0,561.66,0.14
27.803,0,557.28,0.14
27.807,0,557.27,0.14
27.813,0,557.27,0.14
27.817,0,552.95,0.14
27.823,0,552.0,0.13
27.827,0,546.07,0.13
27.833,0,546.07,0.13
27.838,347,541.3,0.13
27.843,92,540.87,0.13
27.848,0,539.97,0.13
27.853,234,510.08,0.12
27.857,44,507.2,0.12
27.863,0,502.1,0.12
27.868,598,502.99,0.12
27.873,713,501.56,0.12
27.878,0,501.56,0.12
27.883,6,501.56,0.12
27.888,0,501.2,0.12
27.892,0,501.2,0.12
27.897,0,496.35,0.12
27.903,0,495.65,0.12
27.908,0,494.35,0.12
27.913,48,493.94,0.12
27.917,0,493.54,0.12
27.923,21,490.56,0.12
27.928,0,489.03,0.12
27.933,0,488.85,0.12
27.938,263,489.02,0.12
27.943,0,489.0,0.12
27.948,0,486.9,0.12
27.953,0,486.62,0.12
27.958,0,486.62,0.12
27.963,0,485.47,0.12
27.968,0,485.47,0.12
27.973,0,485.47,0.12
27.978,0,484.94,0.12
27.983,0,484.11,0.12
27.987,0,475.82,0.12
27.993,0,472.04,0.12
27.998,0,471.97,0.12
28.003,0,470.44,0.11
28.008,183,470.0,0.11
28.013,0,467.65,0.11
28.018,0,467.65,0.11
28.023,4,467.65,0.11
28.028,0,467.65,0.11
28.033,0,467.64,0.11
28.038,0,467.64,0.11
28.043,0,467.64,0.11
28.048,0,467.64,0.11
28.052,0,459.06,0.11
28.058,0,457.78,0.11
28.062,0,456.38,0.11
28.067,0,454.8,0.11
28.072,0,454.8,0.11
28.078,0,454.79,0.11
28.083,0,452.82,0.11
28.088,0,451.4,0.11
28.093,0,451.4,0.11
28.098,152,451.46,0.11
28.104,0,446.1,0.11
28.107,0,446.09,0.11
28.113,0,446.09,0.11
28.117,0,446.08,0.11
28.122,0,445.74,0.11
28.127,0,445.27,0.11
28.133,0,445.27,0.11
28.138,0,444.73,0.11
28.142,0,444.68,0.11
28.149,0,444.68,0.11
28.153,0,444.67,0.11
28.158,0,441.44,0.11
28.163,22,436.22,0.11
28.168,232,436.37,0.11
28.173,0,436.37,0.11
28.178,0,436.37,0.11
28.183,0,436.37,0.11
28.188,0,436.03,0.11
28.193,0,430.97,0.11
28.197,0,430.97,0.11
28.203,366,430.61,0.11
28.207,0,430.61,0.11
28.212,0,430.61,0.11
28.218,0,429.8,0.1
28.223,0,425.94,0.1
28.228,0,425.94,0.1
28.232,0,425.94,0.1
28.237,0,421.91,0.1
28.243,0,421.0,0.1
28.248,0,421.0,0.1
28.253,0,415.8,0.1
28.257,0,414.86,0.1
28.263,0,414.56,0.1
28.267,0,414.56,0.1
28.273,0,414.39,0.1
28.278,0,414.39,0.1
28.283,0,413.4,0.1
28.288,0,413.17,0.1
28.292,0,409.72,0.1
28.297,0,409.72,0.1
28.303,0,395.51,0.1
28.308,110,395.55,0.1
28.313,0,394.28,0.1
28.318,0,394.28,0.1
28.322,0,394.28,0.1
28.328,0,394.27,0.1
28.333,0,394.27,0.1
28.338,0,394.27,0.1
28.343,0,394.27,0.1
28.347,0,394.26,0.1
28.353,0,393.05,0.1
28.358,0,393.05,0.1
28.363,0,393.05,0.1
28.368,106,392.18,0.1
28.373,0,392.18,0.1
28.378,0,391.52,0.1
28.383,95,373.52,0.09
28.388,0,373.5,0.09
28.393,0,373.5,0.09
28.398,0,373.5,0.09
28.403,0,373.49,0.09
28.408,0,372.88,0.09
28.412,0,372.88,0.09
28.418,0,372.33,0.09
28.423,0,372.33,0.09
28.428,0,371.62,0.09
28.433,0,371.62,0.09
28.437,0,371.62,0.09
28.443,0,371.6,0.09
28.448,28,371.19,0.09
28.453,0,364.15,0.09
28.458,384,364.57,0.09
28.463,0,364.32,0.09
28.468,0,361.58,0.09
28.473,0,352.16,0.09
28.478,0,352.16,0.09
28.483,635,353.57,0.09
28.488,152,352.69,0.09
28.493,267,352.94,0.09
28.498,0,352.81,0.09
28.503,27,352.82,0.09
28.508,0,352.78,0.09
28.513,0,351.97,0.09
28.518,0,351.97,0.09
28.523,0,351.83,0.09
28.528,0,349.87,0.09
28.533,189,347.05,0.08
28.538,0,346.92,0.08
28.543,0,344.46,0.08
28.548,0,344.06,0.08
28.552,0,344.06,0.08
28.558,0,344.06,0.08
28.563,0,344.06,0.08
28.568,0,343.97,0.08
28.573,0,343.97,0.08
28.578,0,341.47,0.08
28.583,0,341.47,0.08
28.588,0,341.28,0.08
28.593,0,336.16,0.08
28.597,4,335.99,0.08
28.603,0,335.99,0.08
28.608,0,335.99,0.08
28.612,0,335.85,0.08
28.617,0,334.51,0.08
28.623,0,334.14,0.08
28.628,44,334.15,0.08
28.633,0,331.88,0.08
28.638,0,331.88,0.08
28.642,0,327.69,0.08
28.648,77,326.25,0.08
28.653,252,326.49,0.08
28.657,0,326.49,0.08
28.663,0,326.49,0.08
28.667,0,326.44,0.08
28.673,0,326.44,0.08
28.678,0,326.44,0.08
28.683,0,326.44,0.08
28.688,0,325.26,0.08
28.692,0,324.32,0.08
28.697,0,324.32,0.08
28.703,0,324.32,0.08
28.707,0,324.32,0.08
28.713,0,324.32,0.08
28.717,57,321.9,0.08
28.722,0,313.95,0.08
28.727,0,300.73,0.07
28.733,265,301.02,0.07
28.737,61,301.04,0.07
28.743,71,301.06,0.07
28.747,0,301.06,0.07
28.752,0,299.03,0.07
28.758,29,295.7,0.07
28.763,0,295.7,0.07
28.768,0,284.98,0.07
28.772,0,284.98,0.07
28.778,0,282.72,0.07
28.782,0,276.32,0.07
28.788,0,276.32,0.07
28.793,0,276.32,0.07
28.798,573,276.08,0.07
28.803,21,276.09,0.07
28.808,0,276.09,0.07
28.812,0,276.05,0.07
28.818,0,267.77,0.07
28.822,0,267.77,0.07
28.828,0,267.57,0.07
28.833,0,267.55,0.07
28.838,0,267.55,0.07
28.842,0,267.55,0.07
28.848,0,267.55,0.07
28.853,0,261.37,0.06
28.857,0,261.37,0.06
28.863,0,260.94,0.06
28.867,0,249.5,0.06
28.873,0,249.5,0.06
28.878,0,249.2,0.06
28.882,0,249.2,0.06
28.888,0,249.2,0.06
28.893,110,249.26,0.06
28.897,0,249.26,0.06
28.903,126,249.34,0.06
28.908,0,249.05,0.06
28.913,0,249.05,0.06
28.918,0,246.48,0.06
28.922,0,242.28,0.06
28.928,0,242.22,0.06
28.933,0,241.14,0.06
28.938,0,241.03,0.06
28.943,0,239.85,0.06
28.948,0,239.85,0.06
28.952,0,239.85,0.06
28.958,0,239.85,0.06
28.963,0,239.85,0.06
28.968,0,239.85,0.06
28.973,0,239.17,0.06
28.978,0,239.17,0.06
28.982,0,238.99,0.06
28.987,0,238.99,0.06
28.993,0,238.99,0.06
28.997,0,238.97,0.06
29.003,18,238.95,0.06
29.007,0,234.49,0.06
29.012,0,217.35,0.05
29.018,0,217.35,0.05
29.023,0,217.35,0.05
29.028,0,217.35,0.05
29.032,0,217.35,0.05
29.037,0,217.3,0.05
29.042,0,217.3,0.05
29.048,0,217.3,0.05
29.053,0,217.3,0.05
29.057,0,217.3,0.05
29.063,0,217.3,0.05
29.068,0,217.3,0.05
29.073,0,217.3,0.05
29.078,0,217.3,0.05
29.083,0,217.3,0.05
29.088,0,215.69,0.05
29.092,0,215.69,0.05
29.097,0,202.01,0.05
29.103,0,202.01,0.05
29.108,0,178.75,0.04
29.112,0,178.73,0.04
29.118,0,171.98,0.04
29.122,0,171.98,0.04
29.127,0,171.81,0.04
29.133,0,171.81,0.04
29.137,0,171.81,0.04
29.143,0,171.69,0.04
29.147,46,171.67,0.04
29.152,0,171.67,0.04
29.158,0,171.67,0.04
29.163,0,171.66,0.04
29.169,0,171.66,0.04
29.173,0,171.48,0.04
29.178,0,170.22,0.04
29.183,0,163.18,0.04
29.187,0,163.18,0.04
29.193,0,162.42,0.04
29.197,0,162.19,0.04
29.203,0,161.28,0.04
29.207,0,161.28,0.04
29.212,0,161.28,0.04
29.218,44,161.29,0.04
29.222,0,161.29,0.04
29.228,0,161.29,0.04
29.232,199,161.6,0.04
29.238,0,161.6,0.04
29.243,750,165.89,0.04
29.248,0,165.89,0.04
29.253,650,169.04,0.04
29.257,0,169.04,0.04
29.264,799,173.7,0.04
29.267,317,174.26,0.04
29.272,0,174.24,0.04
29.278,367,175.21,0.04
29.283,6,175.21,0.04
29.287,0,175.21,0.04
29.292,0,165.31,0.04
29.297,0,165.31,0.04
29.303,0,165.31,0.04
29.308,0,165.31,0.04
29.313,8,165.31,0.04
29.318,0,165.31,0.04
29.322,0,165.31,0.04
29.327,59,165.32,0.04
29.333,88,165.38,0.04
29.337,3,165.38,0.04
29.343,0,165.38,0.04
29.348,143,161.43,0.04
29.353,89,159.1,0.04
29.358,358,160.1,0.04
29.363,0,152.09,0.04
29.368,0,152.09,0.04
29.372,0,152.09,0.04
29.378,0,152.08,0.04
29.382,0,152.08,0.04
29.388,0,152.08,0.04
29.393,398,153.37,0.04
29.398,312,154.17,0.04
29.403,120,154.28,0.04
29.407,0,154.28,0.04
29.413,0,154.28,0.04
29.418,0,154.25,0.04
29.423,0,154.25,0.04
29.427,0,154.02,0.04
29.433,0,154.02,0.04
29.437,0,154.02,0.04
29.443,0,154.0,0.04
29.447,0,153.27,0.04
29.453,0,153.27,0.04
29.457,0,153.27,0.04
29.463,0,153.27,0.04
29.467,0,153.27,0.04
29.473,0,153.27,0.04
29.478,0,153.27,0.04
29.483,0,153.07,0.04
29.487,0,153.01,0.04
29.493,0,152.88,0.04
29.497,0,152.88,0.04
29.503,0,152.65,0.04
29.508,0,152.49,0.04
29.512,0,149.32,0.04
29.518,0,144.2,0.04
29.522,0,139.01,0.03
29.528,0,125.44,0.03
29.533,0,124.66,0.03
29.537,0,124.65,0.03
29.543,0,123.82,0.03
29.547,0,123.82,0.03
29.552,0,123.82,0.03
29.557,0,123.63,0.03
29.563,0,123.63,0.03
29.568,0,123.63,0.03
29.596,0,123.63,0.03
29.598,0,123.63,0.03
29.6,0,123.63,0.03
29.614,0,123.63,0.03
29.615,0,123.63,0.03
29.615,0,123.63,0.03
29.616,0,123.63,0.03
29.616,0,123.63,0.03
29.616,0,123.61,0.03
29.617,0,123.61,0.03
29.625,0,123.61,0.03
29.628,0,123.61,0.03
29.633,0,123.61,0.03
29.638,0,123.61,0.03
29.642,45,123.63,0.03
29.648,108,123.32,0.03
29.655,0,123.32,0.03
29.658,0,123.32,0.03
29.663,0,123.08,0.03
29.668,0,122.17,0.03
29.672,0,121.6,0.03
29.678,0,120.66,0.03
29.683,0,120.16,0.03
29.688,0,119.51,0.03
29.694,0,117.75,0.03
29.699,0,117.0,0.03
29.703,0,114.59,0.03
29.709,0,113.36,0.03
29.714,0,113.36,0.03
29.718,0,113.36,0.03
29.724,0,113.36,0.03
29.729,0,113.36,0.03
29.733,0,113.36,0.03
29.738,0,113.36,0.03
29.744,0,113.36,0.03
29.749,0,113.36,0.03
29.754,0,113.36,0.03
29.758,0,113.36,0.03
29.764,0,112.51,0.03
29.768,0,112.51,0.03
29.774,0,111.29,0.03
29.778,0,111.29,0.03
29.784,0,111.29,0.03
29.788,0,111.29,0.03
29.794,0,111.23,0.03
29.799,0,111.23,0.03
29.804,0,111.23,0.03
29.809,0,111.23,0.03
29.814,0,111.23,0.03
29.818,0,111.23,0.03
29.824,0,111.23,0.03
29.829,0,111.23,0.03
29.834,0,111.23,0.03
29.838,0,109.86,0.03
29.843,0,109.77,0.03
29.848,0,109.77,0.03
29.853,0,109.14,0.03
29.859,0,109.12,0.03
29.864,0,109.12,0.03
29.869,0,104.94,0.03
29.873,0,98.7,0.02
29.879,0,98.7,0.02
29.884,0,98.7,0.02
29.889,0,98.7,0.02
29.894,0,98.7,0.02
29.898,0,98.7,0.02
29.903,0,98.7,0.02
29.909,0,98.7,0.02
29.913,0,98.67,0.02
29.919,0,98.67,0.02
29.923,123,98.86,0.02
29.929,121,99.04,0.02
29.933,0,99.04,0.02
29.939,0,98.17,0.02
29.944,22,98.17,0.02
29.948,21,98.18,0.02
29.954,0,98.18,0.02
29.958,0,98.18,0.02
29.964,0,98.18,0.02
29.969,0,98.18,0.02
29.973,0,98.18,0.02
29.979,0,98.18,0.02
29.983,0,98.18,0.02
29.988,0,98.18,0.02
29.994,0,98.18,0.02
29.999,0,98.18,0.02
30.003,0,98.18,0.02
30.008,0,97.75,0.02
30.014,0,97.75,0.02
30.018,0,97.75,0.02
30.024,0,97.75,0.02
30.028,0,97.75,0.02
30.034,0,97.75,0.02
30.038,0,97.75,0.02
30.043,0,97.75,0.02
30.048,0,97.75,0.02
30.054,0,97.75,0.02
30.059,0,97.75,0.02
30.063,0,97.75,0.02
30.069,0,97.75,0.02
30.073,0,97.75,0.02
30.078,0,97.75,0.02
30.084,0,97.75,0.02
30.089,0,97.75,0.02
30.093,0,97.75,0.02
30.099,0,97.46,0.02
30.104,0,97.46,0.02
30.109,0,97.46,0.02
30.113,0,97.46,0.02
30.119,0,97.46,0.02
30.123,0,97.46,0.02
30.129,0,97.46,0.02
30.133,0,97.46,0.02
30.139,0,97.46,0.02
30.144,0,97.46,0.02
30.148,0,97.46,0.02
30.154,0,97.46,0.02
30.158,143,97.72,0.02
30.163,170,98.08,0.02
30.169,0,97.39,0.02
30.174,0,97.39,0.02
30.179,0,97.39,0.02
30.183,523,100.84,0.02
30.189,298,101.94,0.02
30.194,0,101.94,0.02
30.199,0,101.94,0.02
30.204,0,100.28,0.02
30.209,0,100.28,0.02
30.213,0,100.28,0.02
30.219,0,100.28,0.02
30.223,0,100.28,0.02
30.229,0,100.28,0.02
30.234,0,100.28,0.02
30.238,0,100.28,0.02
30.243,0,100.28,0.02
30.248,0,100.28,0.02
30.254,0,100.28,0.02
30.259,0,100.28,0.02
30.263,0,100.28,0.02
30.269,0,100.28,0.02
30.273,0,100.28,0.02
30.279,0,100.28,0.02
30.284,0,100.28,0.02
30.289,0,100.28,0.02
30.293,0,100.28,0.02
30.299,0,100.28,0.02
30.303,0,100.28,0.02
30.308,0,100.13,0.02
30.314,0,100.13,0.02
30.319,0,100.13,0.02
30.324,0,100.13,0.02
30.328,0,100.13,0.02
30.334,0,100.13,0.02
30.339,0,100.13,0.02
30.344,0,100.13,0.02
30.349,23,100.14,0.02
30.354,0,100.14,0.02
30.358,0,100.14,0.02
30.364,0,100.14,0.02
30.369,0,100.0,0.02
30.374,0,100.0,0.02
30.378,0,100.0,0.02
30.384,0,99.88,0.02
30.388,0,99.88,0.02
30.394,0,99.88,0.02
30.398,0,99.88,0.02
30.404,0,99.88,0.02
30.409,22,99.89,0.02
30.414,0,99.89,0.02
30.419,0,99.89,0.02
30.424,134,100.11,0.02
30.429,221,100.72,0.02
30.433,0,100.72,0.02
30.439,0,100.72,0.02
30.443,0,100.72,0.02
30.449,0,100.71,0.02
30.454,0,100.71,0.02
30.459,0,98.87,0.02
30.463,0,98.87,0.02
30.468,0,98.87,0.02
30.473,0,98.87,0.02
30.479,0,98.87,0.02
30.483,0,93.63,0.02
30.489,0,93.32,0.02
30.493,0,92.36,0.02
30.499,0,92.36,0.02
30.504,280,93.4,0.02
30.509,0,93.4,0.02
30.514,0,93.4,0.02
30.518,0,93.4,0.02
30.524,0,93.4,0.02
30.528,0,93.4,0.02
30.534,0,92.93,0.02
30.539,0,92.93,0.02
30.544,0,92.93,0.02
30.548,0,92.93,0.02
30.555,0,92.93,0.02
30.558,0,92.93,0.02
30.564,0,92.93,0.02
30.569,0,92.93,0.02
30.574,0,92.93,0.02
30.578,0,92.93,0.02
30.584,0,92.93,0.02
30.588,0,92.93,0.02
30.594,0,92.93,0.02
30.599,0,92.93,0.02
30.603,0,92.93,0.02
30.609,0,92.93,0.02
30.614,0,92.93,0.02
30.618,0,92.93,0.02
30.624,0,92.93,0.02
30.628,0,92.9,0.02
30.635,0,92.9,0.02
30.638,221,93.55,0.02
30.643,0,93.55,0.02
30.648,0,93.47,0.02
30.654,0,92.62,0.02
30.659,0,92.62,0.02
30.663,0,92.62,0.02
30.668,0,92.62,0.02
30.674,105,92.77,0.02
30.679,0,92.77,0.02
30.684,0,92.77,0.02
30.689,0,92.77,0.02
30.693,0,92.77,0.02
30.699,0,92.77,0.02
30.703,0,92.77,0.02
30.708,3,92.77,0.02
30.714,0,92.77,0.02
30.719,0,92.73,0.02
30.723,0,92.73,0.02
30.728,0,92.73,0.02
30.733,0,91.78,0.02
30.739,0,91.72,0.02
30.744,203,92.22,0.02
30.748,1,92.22,0.02
30.754,284,93.3,0.02
30.759,0,93.29,0.02
30.764,363,95.04,0.02
30.769,0,95.04,0.02
30.774,0,95.04,0.02
30.779,0,95.04,0.02
30.783,0,95.04,0.02
30.788,0,95.04,0.02
30.794,0,95.04,0.02
30.799,0,90.62,0.02
30.804,0,90.61,0.02
30.808,0,90.61,0.02
30.813,0,90.61,0.02
30.818,0,90.61,0.02
30.824,0,90.61,0.02
30.829,0,90.61,0.02
30.833,0,90.61,0.02
30.839,0,90.61,0.02
30.843,26,90.62,0.02
30.849,0,90.62,0.02
30.854,123,90.83,0.02
30.859,0,90.83,0.02
30.864,0,90.83,0.02
30.869,0,90.83,0.02
30.873,0,90.83,0.02
30.878,0,90.83,0.02
30.884,0,90.83,0.02
30.889,0,90.83,0.02
30.894,0,90.66,0.02
30.898,0,90.66,0.02
30.903,0,90.45,0.02
30.909,0,90.45,0.02
30.913,0,90.45,0.02
30.919,0,90.45,0.02
30.923,0,90.45,0.02
30.928,0,90.45,0.02
30.933,0,90.45,0.02
30.939,0,90.45,0.02
30.944,73,90.52,0.02
30.948,0,90.52,0.02
30.954,0,90.52,0.02
30.958,0,90.52,0.02
30.964,0,90.52,0.02
30.969,494,93.83,0.02
30.975,174,94.23,0.02
30.978,237,94.97,0.02
30.984,0,94.97,0.02
30.988,0,94.97,0.02
30.994,0,94.97,0.02
30.999,0,94.97,0.02
31.004,0,94.97,0.02
31.009,45,95.0,0.02
31.014,110,95.15,0.02
31.018,0,95.15,0.02
31.023,0,95.15,0.02
31.029,0,95.15,0.02
31.034,0,95.15,0.02
31.039,0,95.15,0.02
31.043,0,95.15,0.02
31.049,125,95.36,0.02
31.054,139,95.61,0.02
31.059,0,95.61,0.02
31.063,0,95.61,0.02
31.068,0,95.61,0.02
31.073,205,96.16,0.02
31.078,0,96.16,0.02
31.084,0,96.16,0.02
31.089,0,96.16,0.02
31.093,0,96.16,0.02
31.099,0,96.16,0.02
31.103,0,96.16,0.02
31.109,0,96.16,0.02
31.113,0,96.16,0.02
31.119,0,96.16,0.02
31.123,0,96.16,0.02
31.128,215,96.76,0.02
31.134,0,96.76,0.02
31.139,0,96.76,0.02
31.144,0,96.76,0.02
31.149,0,96.73,0.02
31.154,0,96.73,0.02
31.158,0,96.73,0.02
31.163,0,96.73,0.02
31.169,0,96.73,0.02
31.174,0,96.73,0.02
31.179,0,96.73,0.02
31.183,0,96.73,0.02
31.188,0,96.73,0.02
31.193,0,96.73,0.02
31.199,0,96.73,0.02
31.204,125,96.93,0.02
31.209,190,97.4,0.02
31.214,0,97.4,0.02
31.218,0,97.37,0.02
31.224,0,97.37,0.02
31.229,0,97.37,0.02
31.233,0,96.86,0.02
31.239,0,96.86,0.02
31.243,0,89.31,0.02
31.249,0,89.31,0.02
31.254,699,90.23,0.02
31.258,0,90.23,0.02
31.264,0,80.9,0.02
31.268,0,79.34,0.02
31.274,0,79.34,0.02
31.278,0,77.19,0.02
31.283,0,77.19,0.02
31.289,0,77.19,0.02
31.293,717,85.1,0.02
31.299,0,85.1,0.02
31.304,0,85.1,0.02
31.308,0,85.1,0.02
31.315,0,85.1,0.02
31.334,0,85.1,0.02
31.339,0,85.1,0.02
31.347,0,85.05,0.02
31.348,0,84.94,0.02
31.355,0,84.94,0.02
31.356,156,85.3,0.02
31.356,0,85.0,0.02
31.363,0,84.88,0.02
31.37,0,82.97,0.02
31.371,0,82.97,0.02
31.371,0,82.97,0.02
31.373,0,82.97,0.02
31.379,360,84.9,0.02
31.384,1823,124.56,0.03
31.389,0,124.56,0.03
31.396,0,122.96,0.03
31.398,0,121.97,0.03
31.403,0,121.82,0.03
31.408,0,121.82,0.03
31.413,31,121.83,0.03
31.418,0,121.83,0.03
31.424,0,121.83,0.03
31.429,0,121.83,0.03
31.434,0,121.83,0.03
31.439,0,121.83,0.03
31.443,0,121.83,0.03
31.448,0,121.83,0.03
31.454,0,121.83,0.03
31.459,0,121.83,0.03
31.464,1,121.83,0.03
31.468,0,121.83,0.03
31.473,30,121.84,0.03
31.479,0,121.84,0.03
31.484,57,121.88,0.03
31.489,0,121.88,0.03
31.494,103,121.98,0.03
31.498,0,121.98,0.03
31.503,0,121.98,0.03
31.509,46,122.01,0.03
31.514,0,122.01,0.03
31.519,0,122.01,0.03
31.524,0,122.01,0.03
31.528,0,122.01,0.03
31.533,0,122.01,0.03
31.539,0,122.01,0.03
31.544,21,122.01,0.03
31.549,0,122.01,0.03
31.553,0,122.01,0.03
31.559,363,123.35,0.03
31.564,0,123.35,0.03
31.569,0,123.35,0.03
31.574,0,123.35,0.03
31.578,512,125.98,0.03
31.583,202,126.39,0.03
31.588,0,126.39,0.03
31.594,0,126.39,0.03
31.599,0,126.39,0.03
31.604,0,126.39,0.03
31.608,0,126.39,0.03
31.614,0,126.39,0.03
31.618,0,126.39,0.03
31.624,43,126.4,0.03
31.628,0,126.4,0.03
31.634,137,126.59,0.03
31.639,0,126.59,0.03
31.643,0,126.57,0.03
31.649,94,126.54,0.03
31.654,0,126.54,0.03
31.659,0,126.54,0.03
31.664,0,126.54,0.03
31.668,0,126.54,0.03
31.673,0,126.54,0.03
31.679,0,126.54,0.03
31.684,0,126.54,0.03
31.689,0,126.54,0.03
31.695,0,126.54,0.03
31.699,0,126.54,0.03
31.704,0,126.54,0.03
31.709,0,126.54,0.03
31.715,0,126.54,0.03
31.72,0,126.54,0.03
31.724,0,126.54,0.03
31.73,0,126.54,0.03
31.734,0,126.54,0.03
31.74,0,126.54,0.03
31.745,0,126.54,0.03
31.749,0,126.54,0.03
31.755,0,126.54,0.03
31.759,0,126.54,0.03
31.764,0,126.54,0.03
31.77,20,126.55,0.03
31.775,9,126.55,0.03
31.78,0,126.55,0.03
31.784,0,126.55,0.03
31.79,29,126.56,0.03
31.795,237,127.11,0.03
31.8,0,127.11,0.03
31.805,336,128.21,0.03
31.809,0,128.21,0.03
31.815,1146,140.44,0.03
31.82,107,140.54,0.03
31.824,0,140.54,0.03
31.83,0,140.54,0.03
31.834,0,140.54,0.03
31.84,0,140.54,0.03
31.844,0,140.54,0.03
31.85,0,140.54,0.03
31.854,0,140.54,0.03
31.86,0,140.54,0.03
31.865,0,140.54,0.03
31.869,0,140.54,0.03
31.875,0,140.54,0.03
31.879,0,140.54,0.03
31.885,0,140.54,0.03
31.889,0,140.54,0.03
31.895,184,140.84,0.03
31.9,22,140.84,0.03
31.905,0,140.84,0.03
31.91,233,141.32,0.03
31.915,190,141.64,0.03
31.92,44,141.66,0.03
31.924,38,141.54,0.03
31.93,0,141.41,0.03
31.934,0,141.41,0.03
31.939,0,141.41,0.03
31.945,0,141.41,0.03
31.949,218,141.82,0.03
31.955,0,141.82,0.03
31.96,0,141.82,0.03
31.965,0,141.82,0.03
31.969,0,141.82,0.03
31.975,0,141.82,0.03
31.98,0,141.82,0.03
31.984,0,141.82,0.03
31.99,0,141.82,0.03
31.994,0,141.82,0.03
32.0,301,142.62,0.03
32.005,158,142.84,0.03
32.01,0,142.84,0.03
32.015,493,144.95,0.04
32.02,143,145.12,0.04
32.024,0,145.12,0.04
32.03,0,145.12,0.04
32.035,0,145.12,0.04
32.04,0,145.12,0.04
32.045,0,145.12,0.04
32.049,0,145.12,0.04
32.054,0,145.12,0.04
32.06,0,145.12,0.04
32.064,0,145.12,0.04
32.07,0,145.12,0.04
32.074,0,145.12,0.04
32.079,0,145.12,0.04
32.084,0,145.12,0.04
32.09,314,145.97,0.04
32.095,0,145.97,0.04
32.099,0,145.97,0.04
32.105,0,145.97,0.04
32.109,57,146.0,0.04
32.115,0,146.0,0.04
32.12,79,146.05,0.04
32.125,0,146.05,0.04
32.13,0,146.05,0.04
32.134,0,146.05,0.04
32.139,0,146.05,0.04
32.145,0,146.05,0.04
32.15,0,146.05,0.04
32.155,0,146.05,0.04
32.16,0,145.88,0.04
32.164,0,145.63,0.04
32.169,0,145.63,0.04
32.175,0,145.63,0.04
32.18,25,145.63,0.04
32.185,0,143.27,0.03
32.189,0,142.49,0.03
32.194,215,142.89,0.03
32.2,121,143.02,0.03
32.205,0,143.02,0.03
32.211,0,143.02,0.03
32.214,0,143.02,0.03
32.22,0,143.02,0.03
32.225,0,143.02,0.03
32.229,0,143.02,0.03
32.235,0,143.02,0.03
32.239,0,143.02,0.03
32.245,0,143.02,0.03
32.249,0,143.02,0.03
32.254,0,143.02,0.03
32.26,265,143.64,0.04
32.265,732,148.22,0.04
32.269,398,149.55,0.04
32.275,541,151.98,0.04
32.279,0,151.98,0.04
32.285,0,151.98,0.04
32.289,0,151.98,0.04
32.295,0,151.98,0.04
32.299,57,152.01,0.04
32.305,168,152.24,0.04
32.31,412,153.63,0.04
32.315,0,153.63,0.04
32.32,0,153.63,0.04
32.324,0,153.63,0.04
32.33,0,153.63,0.04
32.334,0,153.63,0.04
32.339,0,153.63,0.04
32.345,0,153.63,0.04
32.349,0,153.62,0.04
32.355,0,153.62,0.04
32.359,509,155.72,0.04
32.365,0,155.72,0.04
32.37,0,155.72,0.04
32.375,0,155.72,0.04
32.38,0,155.72,0.04
32.384,344,156.66,0.04
32.39,477,158.47,0.04
32.394,140,158.62,0.04
32.4,0,158.62,0.04
32.405,61,158.65,0.04
32.409,283,159.28,0.04
32.415,184,159.54,0.04
32.42,110,159.64,0.04
32.425,0,159.5,0.04
32.43,0,159.12,0.04
32.435,75,159.16,0.04
32.44,0,159.16,0.04
32.444,0,159.16,0.04
32.449,8,159.16,0.04
32.454,0,159.16,0.04
32.46,173,159.39,0.04
32.464,0,159.39,0.04
32.47,0,159.39,0.04
32.474,57,159.42,0.04
32.479,0,159.42,0.04
32.485,0,159.42,0.04
32.49,0,159.42,0.04
32.495,0,159.42,0.04
32.499,0,159.42,0.04
32.505,0,158.8,0.04
32.509,0,158.8,0.04
32.515,0,158.8,0.04
32.52,86,158.86,0.04
32.524,0,158.86,0.04
32.53,0,158.86,0.04
32.534,28,158.87,0.04
32.539,0,158.87,0.04
32.545,0,158.87,0.04
32.55,298,159.57,0.04
32.555,0,159.57,0.04
32.559,0,159.57,0.04
32.564,0,159.57,0.04
32.569,0,159.57,0.04
32.575,0,159.57,0.04
32.58,0,159.57,0.04
32.585,0,159.57,0.04
32.589,0,159.57,0.04
32.594,0,159.57,0.04
32.6,0,159.57,0.04
32.604,0,159.57,0.04
32.61,0,159.57,0.04
32.614,0,159.57,0.04
32.619,0,159.57,0.04
32.624,0,159.57,0.04
32.63,0,159.57,0.04
32.635,0,159.57,0.04
32.639,0,159.18,0.04
32.644,0,159.18,0.04
32.649,0,159.18,0.04
32.654,0,159.18,0.04
32.66,0,159.18,0.04
32.665,0,159.18,0.04
32.669,0,159.18,0.04
32.674,0,159.1,0.04
32.679,0,159.1,0.04
32.685,0,159.1,0.04
32.69,0,159.1,0.04
32.696,0,159.1,0.04
32.699,252,159.59,0.04
32.704,0,159.59,0.04
32.71,0,159.59,0.04
32.715,0,159.59,0.04
32.72,0,159.59,0.04
32.724,542,161.88,0.04
32.73,682,165.43,0.04
32.735,0,165.43,0.04
32.739,0,165.43,0.04
32.745,0,165.12,0.04
32.749,0,165.12,0.04
32.755,0,164.51,0.04
32.759,0,164.51,0.04
32.764,25,163.51,0.04
32.769,0,163.51,0.04
32.775,29,163.51,0.04
32.78,0,163.51,0.04
32.784,0,163.51,0.04
32.791,106,163.6,0.04
32.794,202,163.91,0.04
32.8,315,164.67,0.04
32.804,0,164.67,0.04
32.809,267,165.21,0.04
32.815,122,165.32,0.04
32.819,0,165.32,0.04
32.825,0,165.32,0.04
32.83,183,165.57,0.04
32.834,166,165.78,0.04
32.841,0,165.78,0.04
32.844,685,169.28,0.04
32.849,236,169.69,0.04
32.855,810,174.35,0.04
32.86,695,177.78,0.04
32.865,157,177.95,0.04
32.869,0,177.95,0.04
32.875,0,177.95,0.04
32.879,0,177.95,0.04
32.885,0,177.95,0.04
32.89,0,177.95,0.04
32.895,0,177.95,0.04
32.901,0,177.95,0.04
32.905,152,178.11,0.04
32.909,0,178.11,0.04
32.914,0,178.11,0.04
32.92,0,178.11,0.04
32.924,0,178.11,0.04
32.929,0,178.11,0.04
32.934,201,178.39,0.04
32.939,0,178.39,0.04
32.944,0,178.36,0.04
32.949,0,178.36,0.04
32.955,0,178.36,0.04
32.959,0,178.36,0.04
32.964,0,178.36,0.04
32.97,0,176.64,0.04
32.975,0,176.42,0.04
32.98,0,176.03,0.04
32.984,202,176.31,0.04
32.99,0,176.31,0.04
32.994,0,176.31,0.04
33.0,0,176.31,0.04
33.005,0,176.31,0.04
33.009,0,176.3,0.04
33.015,77,176.26,0.04
33.019,0,176.26,0.04
33.024,345,177.1,0.04
33.03,1,177.1,0.04
33.034,233,177.48,0.04
33.041,153,177.65,0.04
33.044,0,177.65,0.04
33.049,0,177.54,0.04
33.055,0,177.4,0.04
33.06,0,177.4,0.04
33.065,0,177.4,0.04
33.069,0,177.4,0.04
33.074,0,177.1,0.04
33.079,0,177.1,0.04
33.084,0,177.1,0.04
33.09,0,177.1,0.04
33.095,0,177.1,0.04
33.099,20,177.11,0.04
33.105,0,177.11,0.04
33.109,0,177.11,0.04
33.115,0,177.11,0.04
33.119,0,177.11,0.04
33.125,137,177.24,0.04
33.13,157,177.09,0.04
33.134,0,177.09,0.04
33.139,0,177.09,0.04
33.145,0,177.09,0.04
33.188,0,177.09,0.04
33.216,0,177.09,0.04
33.216,0,177.09,0.04
33.217,0,177.09,0.04
33.217,0,177.09,0.04
33.218,250,177.53,0.04
33.218,686,180.81,0.04
33.218,459,182.26,0.04
33.219,376,183.23,0.04
33.219,0,183.23,0.04
33.219,156,183.39,0.04
33.22,0,183.29,0.04
33.22,29,183.05,0.04
33.221,0,183.05,0.04
33.221,0,183.05,0.04
33.224,0,183.05,0.04
33.23,0,183.05,0.04
33.235,0,183.05,0.04
33.241,0,183.05,0.04
33.244,0,183.05,0.04
33.249,0,183.05,0.04
33.254,0,179.68,0.04
33.259,0,179.68,0.04
33.265,348,180.52,0.04
33.269,200,180.8,0.04
33.274,200,181.07,0.04
33.279,0,181.07,0.04
33.285,0,181.07,0.04
33.289,46,181.09,0.04
33.295,204,177.8,0.04
33.299,47,177.81,0.04
33.305,0,177.81,0.04
33.309,0,177.81,0.04
33.315,0,177.81,0.04
33.32,0,177.81,0.04
33.326,0,177.81,0.04
33.329,0,177.81,0.04
33.334,0,177.81,0.04
33.339,0,177.81,0.04
33.345,235,178.03,0.04
33.349,0,178.03,0.04
33.355,0,178.03,0.04
33.359,254,178.48,0.04
33.365,202,178.77,0.04
33.369,0,178.77,0.04
33.375,495,180.47,0.04
33.38,0,179.57,0.04
33.384,0,154.72,0.04
33.39,0,154.72,0.04
33.394,0,154.72,0.04
33.399,142,154.88,0.04
33.405,0,154.88,0.04
33.411,281,155.52,0.04
33.414,192,155.81,0.04
33.42,315,156.6,0.04
33.424,0,156.6,0.04
33.43,0,156.6,0.04
33.435,0,156.6,0.04
33.439,0,156.6,0.04
33.445,0,156.6,0.04
33.449,0,156.6,0.04
33.455,0,156.6,0.04
33.46,0,156.6,0.04
33.465,0,156.6,0.04
33.47,266,157.16,0.04
33.474,0,157.16,0.04
33.479,139,157.31,0.04
33.485,0,157.28,0.04
33.49,0,157.28,0.04
33.495,0,157.2,0.04
33.499,0,157.2,0.04
33.505,0,157.2,0.04
33.509,0,157.18,0.04
33.515,474,158.96,0.04
33.519,168,159.18,0.04
33.525,0,159.18,0.04
33.529,0,159.18,0.04
33.534,0,159.18,0.04
33.539,0,159.18,0.04
33.545,0,159.18,0.04
33.55,352,160.15,0.04
33.554,221,160.53,0.04
33.56,0,159.5,0.04
33.564,216,159.86,0.04
33.57,0,159.86,0.04
33.574,0,159.86,0.04
33.58,0,157.8,0.04
33.584,0,157.48,0.04
33.589,0,157.48,0.04
33.594,495,159.41,0.04
33.6,109,159.5,0.04
33.604,0,159.5,0.04
33.61,0,159.5,0.04
33.614,0,159.5,0.04
33.62,0,159.5,0.04
33.624,60,159.52,0.04
33.63,361,160.54,0.04
33.634,0,160.39,0.04
33.64,31,160.4,0.04
33.644,0,160.4,0.04
33.649,0,160.33,0.04
33.654,0,160.33,0.04
33.66,0,160.33,0.04
33.665,119,160.44,0.04
33.669,0,160.44,0.04
33.675,637,163.57,0.04
33.679,151,163.74,0.04
33.685,0,163.74,0.04
33.69,0,163.74,0.04
33.696,0,163.74,0.04
33.701,23,163.75,0.04
33.705,0,163.75,0.04
33.711,0,163.75,0.04
33.715,0,163.75,0.04
33.721,0,163.75,0.04
33.725,0,163.75,0.04
33.73,0,163.75,0.04
33.736,0,163.75,0.04
33.74,0,163.75,0.04
33.745,0,163.75,0.04
33.75,138,163.89,0.04
33.756,0,163.89,0.04
33.761,0,163.89,0.04
33.766,0,163.89,0.04
33.77,0,163.89,0.04
33.775,0,163.89,0.04
33.781,0,163.89,0.04
33.785,0,163.89,0.04
33.791,0,163.88,0.04
33.795,0,163.45,0.04
33.801,296,164.12,0.04
33.805,302,163.96,0.04
33.811,0,163.96,0.04
33.816,0,153.62,0.04
33.821,553,156.0,0.04
33.825,0,156.0,0.04
33.831,107,156.09,0.04
33.836,314,156.87,0.04
33.841,0,156.87,0.04
33.845,0,156.87,0.04
33.851,0,156.87,0.04
33.855,40,156.89,0.04
33.861,0,156.89,0.04
33.865,0,156.89,0.04
33.87,0,156.89,0.04
33.876,0,156.89,0.04
33.88,20,156.89,0.04
33.885,138,157.04,0.04
33.89,0,157.04,0.04
33.896,0,156.77,0.04
33.901,0,156.77,0.04
33.905,0,156.77,0.04
33.91,0,156.34,0.04
33.916,151,156.23,0.04
33.921,0,156.21,0.04
33.926,0,156.2,0.04
33.93,0,156.2,0.04
33.936,0,156.2,0.04
33.94,0,156.2,0.04
33.945,0,156.2,0.04
33.95,0,155.82,0.04
33.956,0,155.82,0.04
33.96,0,155.82,0.04
33.966,0,155.82,0.04
33.97,0,155.82,0.04
33.975,0,155.82,0.04
33.981,280,156.45,0.04
33.986,0,156.45,0.04
33.99,384,157.62,0.04
33.995,0,157.62,0.04
34.0,0,156.9,0.04
34.006,7,156.7,0.04
34.01,0,156.7,0.04
34.016,137,154.9,0.04
34.021,42,154.75,0.04
34.025,0,154.75,0.04
34.031,0,154.75,0.04
34.036,0,154.75,0.04
34.041,300,155.48,0.04
34.045,0,155.48,0.04
34.051,0,155.48,0.04
34.055,0,155.48,0.04
34.061,19,155.48,0.04
34.066,111,155.58,0.04
34.07,39,155.59,0.04
34.076,0,155.59,0.04
34.08,0,155.59,0.04
34.085,0,155.59,0.04
34.09,0,154.8,0.04
34.095,2,154.8,0.04
34.101,0,154.8,0.04
34.105,0,154.8,0.04
34.111,0,154.77,0.04
34.115,366,155.85,0.04
34.121,0,155.8,0.04
34.125,0,155.8,0.04
34.131,0,155.8,0.04
34.135,0,155.8,0.04
34.14,0,155.8,0.04
34.145,0,155.8,0.04
34.151,0,155.8,0.04
34.156,0,155.8,0.04
34.161,0,155.8,0.04
34.166,0,155.8,0.04
34.17,288,156.46,0.04
34.176,0,156.46,0.04
34.181,0,156.46,0.04
34.186,748,160.87,0.04
34.191,0,160.87,0.04
34.195,0,160.51,0.04
34.201,0,160.39,0.04
34.205,0,160.39,0.04
34.21,0,160.39,0.04
34.216,8,160.39,0.04
34.22,0,160.39,0.04
34.226,0,160.39,0.04
34.231,0,160.39,0.04
34.235,0,160.39,0.04
34.241,0,160.39,0.04
34.245,55,160.42,0.04
34.251,0,160.42,0.04
34.255,0,160.42,0.04
34.26,333,160.73,0.04
34.266,280,157.14,0.04
34.271,267,156.44,0.04
34.276,27,154.09,0.04
34.28,0,154.09,0.04
34.285,160,154.3,0.04
34.291,0,154.3,0.04
34.296,0,154.3,0.04
34.3,0,154.27,0.04
34.305,0,154.04,0.04
34.31,0,152.66,0.04
34.315,0,152.66,0.04
34.32,0,152.66,0.04
34.326,0,152.66,0.04
34.331,0,152.66,0.04
34.335,0,152.66,0.04
34.34,42,152.68,0.04
34.345,0,152.68,0.04
34.351,395,153.95,0.04
34.356,0,153.95,0.04
34.36,157,152.03,0.04
34.366,0,152.03,0.04
34.37,0,152.03,0.04
34.376,0,152.03,0.04
34.38,0,152.03,0.04
34.386,0,151.06,0.04
34.39,0,149.16,0.04
34.395,0,149.0,0.04
34.4,0,149.0,0.04
34.406,0,148.97,0.04
34.41,0,148.29,0.04
34.416,0,148.01,0.04
34.42,0,147.9,0.04
34.425,0,147.9,0.04
34.431,0,147.9,0.04
34.436,0,147.86,0.04
34.441,0,147.86,0.04
34.445,0,147.86,0.04
34.451,0,147.86,0.04
34.455,269,148.47,0.04
34.461,0,148.21,0.04
34.466,4,148.21,0.04
34.471,126,148.35,0.04
34.476,0,148.32,0.04
34.48,0,148.32,0.04
34.485,0,148.32,0.04
34.491,0,148.32,0.04
34.495,0,148.32,0.04
34.502,4,148.32,0.04
34.505,0,148.32,0.04
34.51,0,148.32,0.04
34.515,0,148.32,0.04
34.521,0,148.26,0.04
34.526,270,148.87,0.04
34.53,379,150.07,0.04
34.536,0,150.07,0.04
34.54,3,150.07,0.04
34.546,0,150.07,0.04
34.55,0,149.33,0.04
34.556,0,149.33,0.04
34.56,271,149.94,0.04
34.566,0,149.94,0.04
34.57,0,149.94,0.04
34.575,0,149.94,0.04
34.581,73,149.98,0.04
34.585,110,150.08,0.04
34.591,0,150.08,0.04
34.595,0,150.08,0.04
34.6,57,150.11,0.04
34.605,0,150.11,0.04
34.611,0,150.11,0.04
34.615,0,150.11,0.04
34.62,106,150.21,0.04
34.626,0,150.21,0.04
34.63,0,150.21,0.04
34.636,0,150.21,0.04
34.64,0,150.21,0.04
34.646,0,150.21,0.04
34.65,73,150.25,0.04
34.655,0,150.25,0.04
34.661,0,150.25,0.04
34.666,0,150.25,0.04
34.671,236,150.71,0.04
34.675,0,150.71,0.04
34.682,0,150.71,0.04
34.685,0,150.71,0.04
34.691,78,150.76,0.04
34.696,0,150.76,0.04
34.701,0,150.24,0.04
34.706,0,150.24,0.04
34.71,63,150.27,0.04
34.715,0,150.27,0.04
34.721,0,150.27,0.04
34.725,1133,158.29,0.04
34.731,0,154.57,0.04
34.735,0,154.57,0.04
34.74,0,154.57,0.04
34.745,0,154.57,0.04
34.751,0,154.57,0.04
34.756,0,154.57,0.04
34.76,0,154.57,0.04
34.766,29,154.57,0.04
34.77,0,154.57,0.04
34.776,0,154.57,0.04
34.781,0,154.57,0.04
34.786,0,154.57,0.04
34.79,0,154.48,0.04
34.796,6,154.15,0.04
34.8,0,153.34,0.04
34.806,0,153.34,0.04
34.811,332,153.66,0.04
34.815,237,153.99,0.04
34.821,0,153.99,0.04
34.825,0,153.99,0.04
34.831,0,153.72,0.04
34.835,0,153.5,0.04
34.841,21,153.5,0.04
34.845,0,149.63,0.04
34.851,0,149.16,0.04
34.855,0,143.56,0.04
34.861,0,139.29,0.03
34.865,0,139.07,0.03
34.871,0,139.07,0.03
34.876,319,139.98,0.03
34.88,216,140.4,0.03
34.885,0,140.4,0.03
34.891,378,141.66,0.03
34.896,0,141.66,0.03
34.901,156,141.88,0.03
34.905,3,141.67,0.03
34.91,0,141.67,0.03
34.915,0,141.67,0.03
34.921,1,141.67,0.03
34.926,345,142.72,0.03
34.931,0,142.72,0.03
34.935,0,142.37,0.03
34.94,0,142.37,0.03
34.945,0,142.37,0.03
34.951,0,142.37,0.03
34.956,0,142.37,0.03
34.96,0,142.37,0.03
34.966,318,143.25,0.03
34.971,0,143.25,0.03
34.975,0,143.25,0.03
34.981,0,143.25,0.03
35.012,44,142.91,0.03
35.013,0,142.91,0.03
35.013,0,142.91,0.03
35.014,0,142.91,0.03
35.014,0,142.91,0.03
35.015,0,142.91,0.03
35.016,0,142.86,0.03
35.021,428,144.45,0.04
35.026,0,143.42,0.04
35.033,0,143.42,0.04
35.042,0,142.95,0.03
35.042,0,142.74,0.03
35.045,0,142.74,0.03
35.051,0,142.74,0.03
35.056,0,142.74,0.03
35.061,0,142.74,0.03
35.066,0,142.74,0.03
35.071,93,142.82,0.03
35.075,125,142.95,0.03
35.081,143,143.13,0.03
35.085,0,143.13,0.03
35.091,0,143.13,0.03
35.096,0,143.13,0.03
35.101,0,143.13,0.03
35.106,0,143.13,0.03
35.11,60,143.16,0.03
35.115,0,143.16,0.03
35.121,0,143.16,0.03
35.126,219,143.41,0.04
35.13,123,143.33,0.04
35.136,0,143.33,0.04
35.14,0,143.33,0.04
35.145,0,143.33,0.04
35.151,0,143.33,0.04
35.156,0,143.33,0.04
35.161,0,143.33,0.04
35.165,0,143.33,0.04
35.17,0,143.33,0.04
35.176,0,142.79,0.03
35.181,171,138.87,0.03
35.186,0,136.96,0.03
35.191,588,138.81,0.03
35.195,331,139.79,0.03
35.201,136,139.74,0.03
35.205,0,139.74,0.03
35.211,0,139.73,0.03
35.215,3,139.73,0.03
35.221,0,139.73,0.03
35.225,0,139.73,0.03
35.231,0,139.73,0.03
35.236,0,139.73,0.03
35.241,0,139.73,0.03
35.246,0,139.73,0.03
35.251,0,139.73,0.03
35.255,0,139.73,0.03
35.261,0,139.73,0.03
35.266,0,138.65,0.03
35.27,0,138.29,0.03
35.276,233,138.42,0.03
35.28,0,138.42,0.03
35.285,0,138.42,0.03
35.291,0,138.4,0.03
35.296,58,138.05,0.03
35.3,0,138.03,0.03
35.306,0,138.03,0.03
35.31,0,138.03,0.03
35.316,0,138.03,0.03
35.32,0,138.03,0.03
35.326,0,138.03,0.03
35.331,0,138.03,0.03
35.335,0,138.03,0.03
35.34,0,138.03,0.03
35.345,0,137.53,0.03
35.351,0,137.53,0.03
35.356,232,138.02,0.03
35.36,0,137.43,0.03
35.366,0,137.06,0.03
35.37,0,137.06,0.03
35.375,0,134.81,0.03
35.381,0,134.81,0.03
35.385,31,134.82,0.03
35.39,0,134.82,0.03
35.395,0,134.82,0.03
35.4,493,136.87,0.03
35.406,0,136.87,0.03
35.41,120,136.28,0.03
35.416,0,135.94,0.03
35.42,20,135.03,0.03
35.425,28,135.03,0.03
35.43,0,135.03,0.03
35.436,151,135.24,0.03
35.441,20,135.25,0.03
35.445,0,135.25,0.03
35.451,0,135.25,0.03
35.455,0,135.25,0.03
35.46,0,135.25,0.03
35.466,0,135.25,0.03
35.47,22,134.6,0.03
35.476,0,134.6,0.03
35.48,637,138.14,0.03
35.485,0,138.14,0.03
35.491,0,138.14,0.03
35.496,172,138.41,0.03
35.501,0,138.41,0.03
35.505,0,138.41,0.03
35.51,0,138.41,0.03
35.515,0,136.36,0.03
35.521,0,136.1,0.03
35.525,0,136.1,0.03
35.53,0,136.1,0.03
35.536,0,136.1,0.03
35.54,188,136.43,0.03
35.545,0,136.43,0.03
35.551,345,136.38,0.03
35.556,0,135.93,0.03
35.56,0,135.93,0.03
35.566,46,135.52,0.03
35.57,878,142.46,0.03
35.576,0,142.46,0.03
35.58,0,142.46,0.03
35.586,0,142.46,0.03
35.59,0,142.46,0.03
35.595,0,140.29,0.03
35.6,0,140.18,0.03
35.606,474,142.17,0.03
35.611,0,142.17,0.03
35.615,0,142.17,0.03
35.621,0,142.17,0.03
35.625,360,143.28,0.03
35.63,0,142.14,0.03
35.636,0,142.14,0.03
35.641,0,142.13,0.03
35.645,0,142.13,0.03
35.65,0,142.13,0.03
35.655,0,142.13,0.03
35.66,112,142.24,0.03
35.666,0,142.11,0.03
35.67,0,142.11,0.03
35.677,0,138.5,0.03
35.68,105,138.39,0.03
35.685,0,138.39,0.03
35.691,328,139.36,0.03
35.696,0,139.36,0.03
35.702,0,139.36,0.03
35.706,0,139.36,0.03
35.711,0,139.36,0.03
35.716,0,139.36,0.03
35.721,60,139.39,0.03
35.727,287,140.12,0.03
35.732,0,140.12,0.03
35.736,0,140.12,0.03
35.741,0,140.12,0.03
35.746,0,140.12,0.03
35.751,0,139.95,0.03
35.756,0,139.95,0.03
35.762,0,139.95,0.03
35.768,0,139.95,0.03
35.771,222,140.39,0.03
35.776,0,140.39,0.03
35.781,0,140.39,0.03
35.787,0,140.39,0.03
35.791,0,140.39,0.03
35.797,0,140.39,0.03
35.801,0,139.61,0.03
35.806,0,138.79,0.03
35.812,0,138.79,0.03
35.816,0,138.79,0.03
35.821,28,136.02,0.03
35.827,0,136.02,0.03
35.831,393,137.33,0.03
35.836,0,136.43,0.03
35.842,0,136.43,0.03
35.846,0,136.43,0.03
35.851,316,137.34,0.03
35.857,47,137.34,0.03
35.861,111,137.45,0.03
35.867,0,137.45,0.03
35.872,0,137.45,0.03
35.877,0,137.45,0.03
35.881,0,137.45,0.03
35.888,70,137.32,0.03
35.891,0,137.32,0.03
35.897,0,137.32,0.03
35.902,0,137.32,0.03
35.906,0,137.32,0.03
35.912,0,137.32,0.03
35.916,23,137.12,0.03
35.922,198,137.48,0.03
35.926,0,137.48,0.03
35.932,0,137.48,0.03
35.936,33,137.49,0.03
35.941,0,137.49,0.03
35.946,168,137.74,0.03
35.951,251,138.31,0.03
35.957,124,138.45,0.03
35.962,0,138.45,0.03
35.966,70,138.5,0.03
35.972,0,138.5,0.03
35.976,0,138.5,0.03
35.982,0,137.79,0.03
35.986,0,137.79,0.03
35.992,446,138.25,0.03
35.996,0,138.25,0.03
36.001,156,138.47,0.03
36.006,0,138.47,0.03
36.012,0,138.47,0.03
36.017,0,138.3,0.03
36.021,0,138.29,0.03
36.027,0,138.29,0.03
36.031,0,138.29,0.03
36.036,74,138.34,0.03
36.042,0,137.52,0.03
36.047,0,137.52,0.03
36.051,0,137.52,0.03
36.056,0,137.52,0.03
36.061,0,137.52,0.03
36.066,0,137.41,0.03
36.071,0,137.39,0.03
36.077,0,137.39,0.03
36.081,0,137.39,0.03
36.086,0,137.39,0.03
36.091,0,137.39,0.03
36.096,0,137.39,0.03
36.102,0,137.39,0.03
36.107,0,137.39,0.03
36.111,0,137.39,0.03
36.116,0,136.17,0.03
36.121,136,136.34,0.03
36.127,0,136.34,0.03
36.132,0,136.34,0.03
36.136,0,136.34,0.03
36.141,0,136.34,0.03
36.146,0,136.34,0.03
36.151,137,136.51,0.03
36.157,0,136.51,0.03
36.162,0,136.51,0.03
36.167,0,136.51,0.03
36.171,0,135.75,0.03
36.176,0,135.75,0.03
36.181,0,135.75,0.03
36.187,0,130.49,0.03
36.192,0,130.49,0.03
36.197,0,130.49,0.03
36.201,0,130.49,0.03
36.206,0,130.49,0.03
36.211,0,130.49,0.03
36.217,605,133.95,0.03
36.222,457,135.89,0.03
36.226,0,135.89,0.03
36.231,205,136.27,0.03
36.236,0,136.27,0.03
36.242,312,137.16,0.03
36.247,0,137.14,0.03
36.251,5,137.14,0.03
36.257,0,137.14,0.03
36.261,0,136.12,0.03
36.266,0,135.4,0.03
36.272,25,134.75,0.03
36.277,0,134.74,0.03
36.281,0,134.74,0.03
36.286,0,134.5,0.03
36.291,0,134.5,0.03
36.297,0,134.5,0.03
36.301,542,137.21,0.03
36.307,302,138.03,0.03
36.312,20,138.04,0.03
36.317,0,138.04,0.03
36.321,0,138.04,0.03
36.327,0,138.04,0.03
36.332,363,139.23,0.03
36.336,393,140.61,0.03
36.342,0,140.59,0.03
36.346,2,140.59,0.03
36.351,0,139.2,0.03
36.357,59,139.23,0.03
36.362,0,139.01,0.03
36.366,160,139.24,0.03
36.372,270,139.89,0.03
36.376,0,139.89,0.03
36.381,0,139.89,0.03
36.387,0,139.89,0.03
36.391,0,139.89,0.03
36.397,0,139.89,0.03
36.401,0,139.89,0.03
36.406,0,139.89,0.03
36.411,0,139.89,0.03
36.417,0,139.89,0.03
36.423,0,139.89,0.03
36.426,138,140.06,0.03
36.432,0,140.06,0.03
36.436,0,140.06,0.03
36.442,0,140.06,0.03
36.447,0,140.06,0.03
36.451,0,140.06,0.03
36.457,0,139.41,0.03
36.461,363,140.59,0.03
36.467,215,141.0,0.03
36.472,159,141.08,0.03
36.477,0,141.08,0.03
36.481,0,141.08,0.03
36.487,0,141.08,0.03
36.491,9,141.08,0.03
36.497,0,141.08,0.03
36.502,0,141.08,0.03
36.507,927,148.5,0.04
36.512,0,148.5,0.04
36.516,0,148.5,0.04
36.521,0,148.5,0.04
36.527,0,147.89,0.04
36.531,56,146.69,0.04
36.537,0,146.69,0.04
36.541,0,146.69,0.04
36.546,0,146.69,0.04
36.551,0,146.69,0.04
36.557,201,147.04,0.04
36.562,0,146.41,0.04
36.566,0,146.41,0.04
36.572,0,146.41,0.04
36.576,0,146.41,0.04
36.581,0,146.37,0.04
36.587,0,146.26,0.04
36.591,0,146.26,0.04
36.597,45,146.28,0.04
36.601,0,146.25,0.04
36.606,0,146.25,0.04
36.612,541,148.73,0.04
36.617,0,148.73,0.04
36.621,0,148.64,0.04
36.627,0,148.64,0.04
36.631,0,148.64,0.04
36.637,0,148.64,0.04
36.642,0,148.64,0.04
36.646,0,148.64,0.04
36.652,0,148.59,0.04
36.656,0,148.59,0.04
36.661,0,148.59,0.04
36.666,0,148.59,0.04
36.672,0,148.12,0.04
36.676,0,148.12,0.04
36.682,0,148.12,0.04
36.686,0,148.12,0.04
36.691,0,148.07,0.04
36.696,155,148.28,0.04
36.702,0,148.28,0.04
36.707,0,148.28,0.04
36.712,0,148.24,0.04
36.716,0,148.24,0.04
36.722,0,148.24,0.04
36.726,0,136.99,0.03
36.732,0,136.99,0.03
36.736,45,137.01,0.03
36.742,460,138.93,0.03
36.746,0,138.93,0.03
36.751,0,138.93,0.03
36.757,0,138.93,0.03
36.761,0,138.93,0.03
36.767,0,138.92,0.03
36.771,0,138.92,0.03
36.776,0,138.92,0.03
36.782,0,138.92,0.03
36.786,0,138.92,0.03
36.792,0,138.92,0.03
36.796,701,143.27,0.03
36.801,0,143.27,0.03
36.806,0,143.27,0.03
36.812,0,142.31,0.03
36.816,167,142.06,0.03
36.822,0,142.06,0.03
36.826,0,142.06,0.03
36.831,0,142.06,0.03
36.836,0,142.06,0.03
36.867,0,142.05,0.03
36.868,0,142.05,0.03
36.871,0,142.05,0.03
36.873,0,142.05,0.03
36.873,0,142.05,0.03
36.875,0,142.05,0.03
36.875,0,142.05,0.03
36.876,0,141.16,0.03
36.882,0,140.74,0.03
36.887,58,140.77,0.03
36.892,157,139.72,0.03
36.897,151,139.92,0.03
36.901,3,139.7,0.03
36.907,1,139.7,0.03
36.911,0,139.7,0.03
36.917,0,139.7,0.03
36.922,0,139.7,0.03
36.927,0,138.64,0.03
36.936,0,138.64,0.03
36.936,0,138.64,0.03
36.941,0,138.64,0.03
36.946,0,138.64,0.03
36.951,0,138.64,0.03
36.957,169,138.89,0.03
36.962,303,139.72,0.03
36.967,94,138.89,0.03
36.971,1000,147.61,0.04
36.976,24,147.62,0.04
36.981,17,147.62,0.04
36.987,311,148.42,0.04
36.991,0,148.42,0.04
36.996,0,148.42,0.04
37.001,0,148.42,0.04
37.006,0,148.42,0.04
37.011,0,148.42,0.04
37.017,0,148.42,0.04
37.022,105,146.96,0.04
37.028,0,146.96,0.04
37.031,29,146.97,0.04
37.036,414,148.42,0.04
37.042,92,148.49,0.04
37.046,0,148.49,0.04
37.052,0,148.49,0.04
37.056,265,149.08,0.04
37.061,220,149.49,0.04
37.067,0,149.49,0.04
37.072,0,149.42,0.04
37.076,0,149.29,0.04
37.082,47,149.13,0.04
37.087,0,149.13,0.04
37.091,0,149.13,0.04
37.097,0,149.13,0.04
37.102,0,149.13,0.04
37.106,0,149.13,0.04
37.112,0,149.1,0.04
37.116,0,149.1,0.04
37.122,0,149.1,0.04
37.126,0,148.7,0.04
37.132,0,148.57,0.04
37.136,120,148.69,0.04
37.142,296,149.43,0.04
37.146,0,149.43,0.04
37.151,190,149.73,0.04
37.157,0,149.73,0.04
37.162,0,149.73,0.04
37.166,78,149.78,0.04
37.171,0,149.78,0.04
37.176,0,149.78,0.04
37.181,0,149.54,0.04
37.187,0,149.54,0.04
37.191,0,146.62,0.04
37.197,0,145.68,0.04
37.201,0,145.52,0.04
37.206,0,145.52,0.04
37.211,7,145.52,0.04
37.217,0,145.52,0.04
37.222,122,145.65,0.04
37.226,0,145.65,0.04
37.231,0,145.65,0.04
37.237,0,145.65,0.04
37.242,0,145.65,0.04
37.247,0,145.65,0.04
37.252,0,145.65,0.04
37.256,0,145.65,0.04
37.261,0,145.65,0.04
37.267,0,145.65,0.04
37.271,0,145.65,0.04
37.277,144,145.36,0.04
37.281,0,145.36,0.04
37.287,0,145.36,0.04
37.291,0,145.36,0.04
37.297,0,145.33,0.04
37.302,0,145.33,0.04
37.306,0,145.33,0.04
37.312,0,145.33,0.04
37.316,0,145.33,0.04
37.322,0,145.33,0.04
37.326,0,145.33,0.04
37.332,0,145.33,0.04
37.337,123,145.46,0.04
37.342,254,146.02,0.04
37.346,0,146.02,0.04
37.352,366,147.16,0.04
37.357,0,146.7,0.04
37.362,0,146.7,0.04
37.366,0,146.7,0.04
37.372,0,146.7,0.04
37.376,155,146.91,0.04
37.382,0,146.91,0.04
37.387,0,146.9,0.04
37.392,0,146.9,0.04
37.397,0,146.9,0.04
37.401,0,144.82,0.04
37.407,0,144.82,0.04
37.412,0,144.69,0.04
37.417,238,145.18,0.04
37.421,412,146.63,0.04
37.427,318,147.48,0.04
37.431,0,147.48,0.04
37.437,0,147.29,0.04
37.442,0,147.29,0.04
37.447,94,147.36,0.04
37.451,0,147.36,0.04
37.457,0,147.36,0.04
37.461,168,147.6,0.04
37.467,0,147.6,0.04
37.472,78,147.65,0.04
37.477,44,147.66,0.04
37.481,0,144.19,0.04
37.487,0,144.19,0.04
37.491,0,144.19,0.04
37.497,0,143.93,0.04
37.502,22,143.94,0.04
37.506,583,146.86,0.04
37.512,0,146.86,0.04
37.516,0,146.86,0.04
37.522,0,146.86,0.04
37.526,0,146.86,0.04
37.532,0,146.86,0.04
37.536,0,146.86,0.04
37.542,0,146.56,0.04
37.546,26,146.56,0.04
37.551,56,145.57,0.04
37.557,0,145.57,0.04
37.562,0,145.57,0.04
37.567,59,145.58,0.04
37.571,149,139.01,0.03
37.576,0,139.01,0.03
37.581,19,139.01,0.03
37.587,0,139.01,0.03
37.591,0,139.01,0.03
37.597,0,139.01,0.03
37.601,0,139.01,0.03
37.606,0,136.97,0.03
37.611,0,136.97,0.03
37.617,0,136.97,0.03
37.622,33,136.98,0.03
37.626,0,135.8,0.03
37.632,0,135.8,0.03
37.636,0,135.8,0.03
37.642,0,135.8,0.03
37.647,0,135.8,0.03
37.652,0,135.8,0.03
37.656,0,135.8,0.03
37.661,0,135.68,0.03
37.666,0,135.68,0.03
37.672,0,135.68,0.03
37.677,0,135.68,0.03
37.681,0,135.58,0.03
37.687,0,135.58,0.03
37.691,0,134.58,0.03
37.698,0,134.58,0.03
37.703,0,134.58,0.03
37.707,0,134.58,0.03
37.713,0,134.58,0.03
37.717,0,134.58,0.03
37.723,0,134.55,0.03
37.727,0,133.78,0.03
37.733,254,134.38,0.03
37.737,95,134.47,0.03
37.743,216,134.9,0.03
37.747,0,134.9,0.03
37.752,0,134.9,0.03
37.757,25,134.91,0.03
37.763,0,134.91,0.03
37.768,0,134.91,0.03
37.772,0,134.45,0.03
37.777,0,134.45,0.03
37.782,60,134.48,0.03
37.787,0,134.48,0.03
37.793,0,134.48,0.03
37.797,0,134.48,0.03
37.803,0,134.48,0.03
37.807,0,134.48,0.03
37.812,0,134.48,0.03
37.818,0,134.48,0.03
37.822,0,134.48,0.03
37.828,0,134.48,0.03
37.832,0,133.03,0.03
37.837,0,133.03,0.03
37.842,0,133.03,0.03
37.848,47,133.05,0.03
37.853,0,132.11,0.03
37.857,0,132.09,0.03
37.863,0,131.97,0.03
37.867,0,131.97,0.03
37.873,0,131.97,0.03
37.877,0,131.97,0.03
37.882,0,131.97,0.03
37.888,0,131.93,0.03
37.892,54,131.95,0.03
37.898,0,131.95,0.03
37.903,0,131.95,0.03
37.907,0,131.95,0.03
37.913,0,131.95,0.03
37.917,0,131.95,0.03
37.922,0,131.58,0.03
37.927,0,131.58,0.03
37.933,0,131.58,0.03
37.937,0,131.57,0.03
37.942,0,131.57,0.03
37.948,654,135.31,0.03
37.952,0,134.73,0.03
37.957,0,134.58,0.03
37.963,0,134.58,0.03
37.968,0,134.54,0.03
37.972,0,134.54,0.03
37.978,0,134.54,0.03
37.982,0,134.54,0.03
37.988,0,134.54,0.03
37.992,0,132.68,0.03
37.998,0,132.68,0.03
38.002,0,132.45,0.03
38.007,0,132.45,0.03
38.012,0,132.45,0.03
38.018,0,132.45,0.03
38.023,0,132.45,0.03
38.027,0,132.45,0.03
38.033,696,136.94,0.03
38.038,668,140.91,0.03
38.042,105,141.01,0.03
38.048,0,141.01,0.03
38.053,0,141.01,0.03
38.058,0,141.01,0.03
38.062,0,141.01,0.03
38.067,0,141.01,0.03
38.073,0,141.01,0.03
38.078,17,141.01,0.03
38.083,0,141.01,0.03
38.087,0,141.01,0.03
38.093,0,141.01,0.03
38.097,0,141.01,0.03
38.103,0,141.01,0.03
38.107,0,141.01,0.03
38.112,0,141.01,0.03
38.118,0,141.01,0.03
38.122,0,140.85,0.03
38.127,0,140.85,0.03
38.132,0,140.85,0.03
38.137,0,140.85,0.03
38.144,0,140.85,0.03
38.147,0,140.85,0.03
38.152,0,140.68,0.03
38.157,1246,153.86,0.04
38.163,72,153.9,0.04
38.167,0,153.9,0.04
38.172,0,153.9,0.04
38.178,0,153.9,0.04
38.182,0,153.9,0.04
38.188,0,153.9,0.04
38.192,0,153.9,0.04
38.199,0,153.9,0.04
38.202,0,153.9,0.04
38.207,0,153.9,0.04
38.212,0,153.9,0.04
38.218,0,150.9,0.04
38.222,0,149.16,0.04
38.228,0,149.16,0.04
38.233,28,148.81,0.04
38.237,0,148.81,0.04
38.242,0,147.99,0.04
38.248,0,147.99,0.04
38.253,552,150.54,0.04
38.257,0,150.54,0.04
38.263,0,150.54,0.04
38.267,28,150.55,0.04
38.272,235,151.0,0.04
38.277,58,151.03,0.04
38.282,0,151.03,0.04
38.288,0,151.03,0.04
38.292,0,151.03,0.04
38.298,0,151.03,0.04
38.303,0,148.58,0.04
38.307,0,147.81,0.04
38.313,0,147.8,0.04
38.317,0,147.8,0.04
38.322,0,147.8,0.04
38.327,0,147.8,0.04
38.333,0,146.69,0.04
38.338,456,147.14,0.04
38.342,0,147.14,0.04
38.348,0,147.14,0.04
38.352,0,147.14,0.04
38.357,0,147.11,0.04
38.362,0,147.11,0.04
38.368,0,146.89,0.04
38.372,0,146.27,0.04
38.377,0,146.27,0.04
38.382,0,146.27,0.04
38.387,0,146.27,0.04
38.393,0,146.27,0.04
38.397,0,146.27,0.04
38.403,0,146.27,0.04
38.408,0,146.27,0.04
38.412,0,146.27,0.04
38.418,0,146.27,0.04
38.423,0,146.27,0.04
38.427,0,146.11,0.04
38.433,0,146.11,0.04
38.437,0,146.11,0.04
38.443,0,146.11,0.04
38.448,0,146.11,0.04
38.453,0,146.11,0.04
38.457,0,146.11,0.04
38.462,0,144.98,0.04
38.467,0,144.58,0.04
38.472,0,144.36,0.04
38.478,0,144.36,0.04
38.482,0,144.36,0.04
38.488,0,144.36,0.04
38.492,0,144.36,0.04
38.497,0,144.36,0.04
38.503,0,144.36,0.04
38.507,0,136.72,0.03
38.513,0,136.72,0.03
38.517,0,136.72,0.03
38.522,0,136.72,0.03
38.527,0,136.72,0.03
38.533,0,136.69,0.03
38.538,0,136.69,0.03
38.542,0,136.69,0.03
38.548,0,136.69,0.03
38.552,0,136.69,0.03
38.558,0,136.32,0.03
38.563,0,136.32,0.03
38.568,0,136.32,0.03
38.572,0,136.32,0.03
38.577,0,136.32,0.03
38.582,0,136.32,0.03
38.587,0,136.32,0.03
38.593,0,136.32,0.03
38.597,0,136.3,0.03
38.603,0,136.3,0.03
38.607,0,136.3,0.03
38.659,0,133.59,0.03
38.683,0,133.59,0.03
38.684,3,133.59,0.03
38.684,0,133.59,0.03
38.684,0,133.59,0.03
38.685,0,133.59,0.03
38.685,0,133.59,0.03
38.686,0,133.59,0.03
38.686,0,133.59,0.03
38.686,0,133.59,0.03
38.687,0,133.59,0.03
38.687,0,133.59,0.03
38.687,0,133.59,0.03
38.688,0,133.59,0.03
38.688,0,133.59,0.03
38.688,0,133.59,0.03
38.692,0,133.59,0.03
38.698,0,133.36,0.03
38.711,0,133.36,0.03
38.711,0,133.36,0.03
38.712,0,133.36,0.03
38.717,0,133.36,0.03
38.722,0,133.36,0.03
38.727,0,133.36,0.03
38.732,0,133.36,0.03
38.737,0,133.34,0.03
38.742,0,131.34,0.03
38.747,0,131.34,0.03
38.752,0,131.34,0.03
38.758,0,131.34,0.03
38.763,0,131.34,0.03
38.768,0,131.34,0.03
38.772,0,131.34,0.03
38.777,0,131.34,0.03
38.782,0,131.34,0.03
38.787,0,131.34,0.03
38.793,0,131.34,0.03
38.797,0,126.58,0.03
38.803,121,126.73,0.03
38.807,0,126.73,0.03
38.813,0,126.73,0.03
38.818,0,126.45,0.03
38.823,0,126.45,0.03
38.828,0,126.45,0.03
38.833,0,126.45,0.03
38.837,0,126.45,0.03
38.842,0,126.45,0.03
38.848,0,126.45,0.03
38.853,0,126.45,0.03
38.857,0,126.45,0.03
38.864,0,126.45,0.03
38.867,0,126.45,0.03
38.872,0,126.45,0.03
38.877,0,126.45,0.03
38.883,0,126.45,0.03
38.887,0,126.42,0.03
38.892,0,126.17,0.03
38.897,0,125.95,0.03
38.903,0,125.95,0.03
38.908,0,125.95,0.03
38.912,0,125.95,0.03
38.918,0,125.95,0.03
38.922,0,125.95,0.03
38.927,0,125.95,0.03
38.933,155,126.19,0.03
38.938,0,126.19,0.03
38.942,0,126.19,0.03
38.949,0,126.19,0.03
38.952,0,126.19,0.03
38.958,0,125.9,0.03
38.962,0,124.99,0.03
38.968,0,124.9,0.03
38.972,0,114.45,0.03
38.977,0,114.45,0.03
38.982,0,114.45,0.03
38.987,0,113.38,0.03
38.993,0,113.38,0.03
38.998,0,113.38,0.03
39.002,0,113.38,0.03
39.007,0,113.38,0.03
39.012,0,113.38,0.03
39.018,0,113.38,0.03
39.023,0,113.26,0.03
39.027,0,113.26,0.03
39.033,0,113.25,0.03
39.037,747,117.44,0.03
39.042,0,117.35,0.03
39.048,0,117.35,0.03
39.052,0,117.35,0.03
39.058,0,116.6,0.03
39.062,0,116.08,0.03
39.067,0,116.08,0.03
39.072,0,116.08,0.03
39.078,0,116.08,0.03
39.082,0,116.06,0.03
39.088,0,116.06,0.03
39.092,2,116.06,0.03
39.098,0,116.06,0.03
39.102,0,116.06,0.03
39.108,0,116.06,0.03
39.112,0,116.06,0.03
39.118,0,116.06,0.03
39.122,0,116.06,0.03
39.127,0,116.06,0.03
39.133,0,116.06,0.03
39.138,0,115.9,0.03
39.143,0,114.95,0.03
39.148,0,114.95,0.03
39.152,0,114.56,0.03
39.158,0,114.56,0.03
39.163,0,114.56,0.03
39.168,0,114.49,0.03
39.172,0,114.49,0.03
39.177,120,114.65,0.03
39.182,59,114.69,0.03
39.187,0,114.69,0.03
39.193,0,114.69,0.03
39.197,0,114.69,0.03
39.203,0,114.69,0.03
39.207,3,114.69,0.03
39.212,0,114.69,0.03
39.218,0,114.69,0.03
39.222,0,114.53,0.03
39.229,0,114.53,0.03
39.232,8,114.53,0.03
39.237,0,114.53,0.03
39.242,0,114.53,0.03
39.248,0,114.53,0.03
39.253,0,114.53,0.03
39.257,0,114.53,0.03
39.263,0,114.53,0.03
39.267,0,114.53,0.03
39.272,0,114.53,0.03
39.278,0,114.3,0.03
39.283,0,114.3,0.03
39.287,0,114.3,0.03
39.292,0,114.3,0.03
39.297,16,114.3,0.03
39.303,0,114.3,0.03
39.307,0,114.3,0.03
39.312,0,114.3,0.03
39.318,0,114.3,0.03
39.322,0,114.3,0.03
39.327,0,114.3,0.03
39.333,0,114.3,0.03
39.338,0,114.14,0.03
39.344,0,113.43,0.03
39.347,0,113.43,0.03
39.352,0,111.94,0.03
39.358,0,111.94,0.03
39.362,0,111.94,0.03
39.368,0,111.94,0.03
39.372,0,111.94,0.03
39.377,0,111.67,0.03
39.382,0,111.67,0.03
39.388,0,111.67,0.03
39.393,0,111.67,0.03
39.397,0,111.67,0.03
39.403,0,111.67,0.03
39.407,0,111.67,0.03
39.412,0,111.67,0.03
39.418,0,111.04,0.03
39.422,0,109.11,0.03
39.428,0,107.95,0.03
39.432,0,107.95,0.03
39.437,0,107.95,0.03
39.443,0,107.95,0.03
39.448,0,107.84,0.03
39.453,0,107.84,0.03
39.457,0,107.84,0.03
39.462,0,107.52,0.03
39.467,0,107.52,0.03
39.473,0,107.45,0.03
39.478,0,107.42,0.03
39.483,0,107.42,0.03
39.487,0,107.42,0.03
39.493,0,107.42,0.03
39.497,0,107.42,0.03
39.503,0,107.42,0.03
39.507,0,103.39,0.03
39.513,0,103.39,0.03
39.517,0,103.39,0.03
39.522,0,103.39,0.03
39.527,0,103.39,0.03
39.533,0,103.39,0.03
39.538,0,103.39,0.03
39.542,0,103.39,0.03
39.548,0,103.38,0.03
39.552,0,103.34,0.03
39.557,0,103.34,0.03
39.563,0,103.34,0.03
39.567,0,103.3,0.03
39.572,0,103.03,0.03
39.578,0,103.03,0.03
39.582,0,103.03,0.03
39.587,0,103.03,0.03
39.592,0,103.03,0.03
39.598,0,103.03,0.03
39.603,0,103.03,0.03
39.607,0,103.03,0.03
39.612,0,103.03,0.03
39.618,0,103.03,0.03
39.623,0,103.01,0.03
39.627,0,103.01,0.03
39.633,154,103.3,0.03
39.637,0,103.3,0.03
39.642,0,103.3,0.03
39.648,0,103.3,0.03
39.653,0,103.3,0.03
39.657,0,103.3,0.03
39.662,0,103.3,0.03
39.667,0,103.3,0.03
39.672,0,103.3,0.03
39.677,0,103.3,0.03
39.683,0,103.3,0.03
39.687,0,103.3,0.03
39.692,0,103.3,0.03
39.698,0,103.3,0.03
39.703,0,103.3,0.03
39.709,0,103.3,0.03
39.713,0,103.3,0.03
39.719,0,103.3,0.03
39.723,0,103.3,0.03
39.728,0,103.3,0.03
39.733,0,102.52,0.03
39.739,0,102.41,0.03
39.744,0,101.83,0.02
39.748,0,101.83,0.02
39.754,0,101.83,0.02
39.758,0,101.83,0.02
39.763,0,101.83,0.02
39.769,0,101.83,0.02
39.773,0,101.83,0.02
39.778,0,101.83,0.02
39.784,0,101.78,0.02
39.788,0,101.78,0.02
39.794,0,101.78,0.02
39.798,0,101.78,0.02
39.804,0,101.78,0.02
39.808,0,101.78,0.02
39.813,0,101.78,0.02
39.818,0,101.78,0.02
39.824,0,101.78,0.02
39.829,0,101.78,0.02
39.833,0,101.78,0.02
39.838,0,101.78,0.02
39.843,0,101.78,0.02
39.848,0,101.76,0.02
39.854,0,101.76,0.02
39.858,0,101.76,0.02
39.863,0,101.76,0.02
39.868,0,101.76,0.02
39.873,0,101.76,0.02
39.879,0,101.76,0.02
39.884,0,101.76,0.02
39.889,0,101.76,0.02
39.893,0,101.72,0.02
39.898,0,101.72,0.02
39.903,0,101.72,0.02
39.909,0,101.72,0.02
39.913,0,101.72,0.02
39.919,0,101.72,0.02
39.923,0,101.72,0.02
39.928,0,101.72,0.02
39.933,0,101.72,0.02
39.939,0,101.72,0.02
39.943,0,101.72,0.02
39.949,0,96.32,0.02
39.954,0,96.32,0.02
39.958,0,96.32,0.02
39.964,0,96.32,0.02
39.969,0,96.32,0.02
39.974,0,96.32,0.02
39.978,0,96.32,0.02
39.984,0,96.32,0.02
39.988,0,96.32,0.02
39.994,0,96.32,0.02
39.998,0,96.32,0.02
40.004,0,96.32,0.02
40.008,0,96.32,0.02
40.013,0,96.32,0.02
40.018,0,96.32,0.02
40.024,0,96.32,0.02
40.028,0,96.32,0.02
40.033,0,89.81,0.02
40.039,0,83.37,0.02
40.043,0,83.21,0.02
40.048,0,83.21,0.02
40.054,0,83.21,0.02
40.059,0,83.21,0.02
40.063,0,83.21,0.02
40.069,0,83.21,0.02
40.073,0,83.21,0.02
40.079,0,83.2,0.02
40.083,0,83.2,0.02
40.089,0,83.2,0.02
40.093,0,83.2,0.02
40.098,0,83.2,0.02
40.103,0,83.2,0.02
40.109,0,83.2,0.02
40.114,0,83.2,0.02
40.119,0,83.2,0.02
40.123,0,83.2,0.02
40.128,0,83.2,0.02
40.133,0,83.2,0.02
40.138,0,83.2,0.02
40.144,0,83.2,0.02
40.148,0,83.2,0.02
40.154,0,83.2,0.02
40.158,0,55.15,0.01
40.163,0,55.03,0.01
40.169,0,55.03,0.01
40.173,0,55.03,0.01
40.179,0,55.03,0.01
40.183,0,55.03,0.01
40.188,0,55.03,0.01
40.194,0,55.03,0.01
40.199,0,55.03,0.01
40.204,0,55.03,0.01
40.208,0,55.03,0.01
40.213,0,55.03,0.01
40.218,0,55.03,0.01
40.224,0,55.03,0.01
40.229,0,55.03,0.01
40.233,0,55.01,0.01
40.239,0,55.01,0.01
40.243,0,55.01,0.01
40.248,0,55.01,0.01
40.254,0,47.59,0.01
40.258,0,47.59,0.01
40.264,0,47.59,0.01
40.268,0,47.57,0.01
40.273,0,46.1,0.01
40.278,0,46.0,0.01
40.284,0,46.0,0.01
40.289,0,46.0,0.01
40.293,0,46.0,0.01
40.298,0,46.0,0.01
40.303,0,46.0,0.01
40.309,0,46.0,0.01
40.314,0,46.0,0.01
40.318,0,46.0,0.01
40.324,0,46.0,0.01
40.328,0,46.0,0.01
40.333,0,46.0,0.01
40.338,0,39.96,0.01
40.344,0,39.96,0.01
40.348,0,39.96,0.01
40.354,0,39.96,0.01
40.358,0,39.96,0.01
40.364,0,39.96,0.01
40.369,0,39.96,0.01
40.373,0,39.96,0.01
40.379,0,39.96,0.01
40.383,0,39.96,0.01
40.388,0,39.96,0.01
40.393,0,39.96,0.01
40.399,0,39.96,0.01
40.404,0,39.96,0.01
40.408,0,39.96,0.01
40.413,0,39.96,0.01
40.418,0,39.96,0.01
40.424,0,39.96,0.01
40.429,0,39.96,0.01
40.433,0,39.96,0.01
40.439,0,39.96,0.01
40.443,0,39.96,0.01
40.448,0,39.96,0.01
40.454,0,39.96,0.01
40.458,0,39.96,0.01
40.464,0,39.96,0.01
40.468,0,39.96,0.01
40.473,0,39.96,0.01
40.478,0,39.96,0.01
40.484,0,39.96,0.01
40.489,0,39.96,0.01
40.493,0,39.96,0.01
40.499,0,39.96,0.01
40.503,0,39.96,0.01
40.509,0,39.96,0.01
40.513,0,39.96,0.01
40.519,0,39.96,0.01
40.524,0,39.96,0.01
40.544,0,39.96,0.01
40.545,0,39.96,0.01
40.545,0,39.96,0.01
40.545,0,39.96,0.01
40.548,0,39.96,0.01
40.554,0,39.96,0.01
40.558,0,39.96,0.01
40.564,0,39.96,0.01
40.569,0,39.96,0.01
40.573,0,39.96,0.01
40.582,0,39.96,0.01
40.587,0,39.96,0.01
40.588,0,39.96,0.01
40.593,0,39.96,0.01
40.598,0,39.96,0.01
40.604,0,39.96,0.01
40.609,0,39.96,0.01
40.614,0,39.96,0.01
40.618,0,39.96,0.01
40.623,0,39.96,0.01
40.628,0,39.96,0.01
40.633,0,39.96,0.01
40.638,0,39.96,0.01
40.643,0,39.96,0.01
40.648,0,39.96,0.01
40.653,0,39.96,0.01
40.659,0,39.96,0.01
40.663,0,39.96,0.01
40.668,0,39.96,0.01
40.673,0,39.96,0.01
40.679,0,39.96,0.01
40.684,0,39.96,0.01
40.688,0,39.96,0.01
40.694,0,39.96,0.01
40.698,0,39.96,0.01
40.703,0,39.96,0.01
40.708,0,39.96,0.01
40.714,0,39.96,0.01
40.719,0,39.96,0.01
40.723,0,39.96,0.01
40.729,0,39.96,0.01
40.733,0,39.96,0.01
40.738,0,39.96,0.01
40.744,0,39.96,0.01
40.748,0,39.96,0.01
40.754,0,39.96,0.01
40.758,0,39.96,0.01
40.763,0,39.96,0.01
40.768,0,39.96,0.01
40.774,0,39.96,0.01
40.778,0,39.96,0.01
40.783,0,39.96,0.01
40.788,0,39.96,0.01
40.794,0,39.96,0.01
40.799,0,39.96,0.01
40.803,0,39.5,0.01
40.809,0,39.5,0.01
40.813,0,39.5,0.01
40.818,0,39.5,0.01
40.823,0,39.5,0.01
40.829,0,39.5,0.01
40.834,0,39.5,0.01
40.838,0,39.5,0.01
40.843,0,39.5,0.01
40.848,0,39.5,0.01
40.854,0,39.5,0.01
40.859,0,39.5,0.01
40.864,0,39.5,0.01
40.868,0,39.5,0.01
40.873,0,39.5,0.01
40.879,0,39.5,0.01
40.884,0,39.5,0.01
40.889,0,39.5,0.01
40.893,0,39.5,0.01
40.898,0,39.5,0.01
40.903,0,39.5,0.01
40.909,0,39.5,0.01
40.914,0,39.5,0.01
40.918,0,39.5,0.01
40.924,0,39.5,0.01
40.929,0,39.5,0.01
40.933,0,38.73,0.01
40.939,0,38.73,0.01
40.943,0,38.73,0.01
40.949,0,38.73,0.01
40.953,0,38.73,0.01
40.958,0,38.73,0.01
40.963,0,38.73,0.01
40.969,0,38.73,0.01
40.974,0,38.73,0.01
40.978,0,38.73,0.01
40.984,0,38.73,0.01
40.988,0,38.73,0.01
40.994,0,38.73,0.01
40.998,0,38.73,0.01
41.004,0,38.73,0.01
41.008,0,38.73,0.01
41.013,0,38.73,0.01
41.018,0,38.73,0.01
41.024,0,38.73,0.01
41.028,0,38.73,0.01
41.033,0,38.73,0.01
41.039,0,10.24,0.0
41.043,0,10.24,0.0
41.048,0,10.24,0.0
41.053,0,10.24,0.0
41.058,0,10.24,0.0
41.064,0,10.24,0.0
41.068,0,10.24,0.0
41.073,0,10.24,0.0
41.079,0,10.24,0.0
41.083,0,10.24,0.0
41.089,0,10.24,0.0
41.093,0,10.24,0.0
41.098,0,10.24,0.0
41.103,0,10.24,0.0
41.109,0,10.24,0.0
41.114,0,10.24,0.0
41.118,0,10.24,0.0
41.123,0,10.24,0.0
41.128,0,10.24,0.0
41.133,0,10.24,0.0
41.138,0,10.24,0.0
41.144,0,10.24,0.0
41.149,0,10.24,0.0
41.153,0,10.24,0.0
41.158,0,10.24,0.0
41.164,0,10.24,0.0
41.168,0,10.24,0.0
41.174,0,10.24,0.0
41.178,0,8.3,0.0
41.184,0,7.75,0.0
41.188,0,7.75,0.0
41.194,0,7.75,0.0
41.199,0,7.75,0.0
41.203,0,7.75,0.0
41.209,0,7.75,0.0
41.213,0,7.75,0.0
41.218,0,7.75,0.0
41.224,0,7.75,0.0
41.228,0,7.75,0.0
41.234,0,7.74,0.0
41.238,0,7.74,0.0
41.244,0,7.74,0.0
41.248,0,7.74,0.0
41.254,0,7.74,0.0
41.259,0,7.74,0.0
41.263,0,7.74,0.0
41.269,0,7.74,0.0
41.273,0,7.74,0.0
41.278,0,7.74,0.0
41.283,0,7.74,0.0
41.289,0,7.74,0.0
41.294,0,7.74,0.0
41.299,0,7.7,0.0
41.303,0,7.7,0.0
41.309,0,7.7,0.0
41.314,0,7.7,0.0
41.318,0,7.7,0.0
41.323,0,7.7,0.0
41.328,0,7.7,0.0
41.334,0,7.7,0.0
41.338,0,7.7,0.0
41.343,0,7.7,0.0
41.349,0,7.7,0.0
41.353,0,7.7,0.0
41.358,0,7.7,0.0
41.363,0,7.7,0.0
41.368,0,7.7,0.0
41.374,0,7.7,0.0
41.379,0,7.7,0.0
41.383,0,7.7,0.0
41.388,0,7.7,0.0
41.393,0,7.7,0.0
41.399,0,7.7,0.0
41.404,0,7.7,0.0
41.408,0,7.7,0.0
41.414,0,7.7,0.0
41.419,0,7.7,0.0
41.423,0,7.7,0.0
41.428,0,7.7,0.0
41.434,0,7.7,0.0
41.438,0,7.7,0.0
41.443,0,7.7,0.0
41.449,0,7.7,0.0
41.454,0,7.7,0.0
41.459,0,7.7,0.0
41.464,0,7.7,0.0
41.468,0,7.7,0.0
41.473,0,7.7,0.0
41.478,0,7.7,0.0
41.484,0,7.7,0.0
41.488,0,7.7,0.0
41.494,0,7.7,0.0
41.498,0,7.7,0.0
41.503,0,7.7,0.0
41.508,0,7.7,0.0
41.514,0,7.7,0.0
41.518,0,7.7,0.0
41.524,0,7.7,0.0
41.528,0,7.7,0.0
41.534,0,7.7,0.0
41.538,0,7.7,0.0
41.544,0,7.7,0.0
41.548,0,7.7,0.0
41.553,0,7.7,0.0
41.558,0,7.7,0.0
41.563,0,7.7,0.0
41.569,0,7.7,0.0
41.574,0,7.7,0.0
41.579,0,7.7,0.0
41.584,0,7.7,0.0
41.588,0,7.7,0.0
41.594,0,7.7,0.0
41.598,0,7.7,0.0
41.604,0,7.7,0.0
41.608,0,7.7,0.0
41.613,0,7.7,0.0
41.618,0,7.7,0.0
41.624,0,7.7,0.0
41.628,0,7.7,0.0
41.634,0,0.0,0.0
41.638,0,0.0,0.0
41.643,0,0.0,0.0
41.648,0,0.0,0.0
41.654,0,0.0,0.0
41.659,0,0.0,0.0
41.663,0,0.0,0.0
41.669,0,0.0,0.0
41.673,0,0.0,0.0
41.678,0,0.0,0.0
41.684,0,0.0,0.0
41.688,0,0.0,0.0
41.694,0,0.0,0.0
41.701,0,0.0,0.0
41.705,0,0.0,0.0
41.709,0,0.0,0.0
41.715,0,0.0,0.0
41.719,0,0.0,0.0
41.725,0,0.0,0.0
41.729,0,0.0,0.0
41.734,0,0.0,0.0
41.739,0,0.0,0.0
41.744,0,0.0,0.0
41.75,0,0.0,0.0
41.754,0,0.0,0.0
41.76,0,0.0,0.0
41.764,0,0.0,0.0
41.769,0,0.0,0.0
41.775,0,0.0,0.0
41.779,0,0.0,0.0
41.785,0,0.0,0.0
41.789,0,0.0,0.0
41.794,0,0.0,0.0
41.799,0,0.0,0.0
41.805,0,0.0,0.0
41.809,0,0.0,0.0
41.814,0,0.0,0.0
41.819,0,0.0,0.0
41.824,0,0.0,0.0
41.83,0,0.0,0.0
41.834,0,0.0,0.0
41.84,0,0.0,0.0
41.844,0,0.0,0.0
41.849,0,0.0,0.0
41.854,0,0.0,0.0
41.86,0,0.0,0.0
41.864,0,0.0,0.0
41.87,0,0.0,0.0
41.874,0,0.0,0.0
41.879,0,0.0,0.0
41.885,0,0.0,0.0
41.889,0,0.0,0.0
41.895,0,0.0,0.0
41.899,0,0.0,0.0
41.905,0,0.0,0.0
41.909,0,0.0,0.0
41.915,0,0.0,0.0
41.92,0,0.0,0.0
41.924,0,0.0,0.0
41.93,0,0.0,0.0
41.934,0,0.0,0.0
41.94,0,0.0,0.0
41.945,0,0.0,0.0
41.949,0,0.0,0.0
41.955,0,0.0,0.0
41.959,0,0.0,0.0
41.964,0,0.0,0.0
41.97,0,0.0,0.0
41.974,0,0.0,0.0
41.98,0,0.0,0.0
41.984,0,0.0,0.0
41.99,0,0.0,0.0
41.994,0,0.0,0.0
42.0,0,0.0,0.0
42.005,0,0.0,0.0
42.009,0,0.0,0.0
42.015,0,0.0,0.0
42.019,0,0.0,0.0
42.024,0,0.0,0.0
42.03,0,0.0,0.0
42.035,0,0.0,0.0
42.04,0,0.0,0.0
42.044,0,0.0,0.0
42.049,0,0.0,0.0
42.054,0,0.0,0.0
42.06,0,0.0,0.0
42.064,0,0.0,0.0
42.069,0,0.0,0.0
42.074,0,0.0,0.0
42.079,0,0.0,0.0
42.084,0,0.0,0.0
42.089,0,0.0,0.0
42.095,0,0.0,0.0
42.099,0,0.0,0.0
42.104,0,0.0,0.0
42.109,0,0.0,0.0
42.114,0,0.0,0.0
42.119,0,0.0,0.0
42.124,0,0.0,0.0
42.129,0,0.0,0.0
42.134,0,0.0,0.0
42.139,0,0.0,0.0
42.144,0,0.0,0.0
42.149,0,0.0,0.0
42.155,0,0.0,0.0
42.159,0,0.0,0.0
42.164,0,0.0,0.0
42.169,0,0.0,0.0
42.174,0,0.0,0.0
42.18,0,0.0,0.0
42.185,0,0.0,0.0
42.189,0,0.0,0.0
42.194,0,0.0,0.0
42.199,0,0.0,0.0
42.204,0,0.0,0.0
42.209,0,0.0,0.0
42.214,0,0.0,0.0
42.219,0,0.0,0.0
42.224,0,0.0,0.0
42.229,0,0.0,0.0
42.234,0,0.0,0.0
42.239,0,0.0,0.0
42.244,0,0.0,0.0
42.249,0,0.0,0.0
42.254,0,0.0,0.0
42.26,0,0.0,0.0
42.264,0,0.0,0.0
42.269,0,0.0,0.0
42.274,0,0.0,0.0
42.279,0,0.0,0.0
42.284,0,0.0,0.0
42.289,0,0.0,0.0
42.294,0,0.0,0.0
42.299,0,0.0,0.0
42.304,0,0.0,0.0
42.31,0,0.0,0.0
42.314,0,0.0,0.0
42.319,0,0.0,0.0
42.324,0,0.0,0.0
42.329,0,0.0,0.0
42.334,0,0.0,0.0
42.339,0,0.0,0.0
42.344,0,0.0,0.0
42.349,0,0.0,0.0
42.354,0,0.0,0.0
42.359,0,0.0,0.0
42.364,0,0.0,0.0
42.37,0,0.0,0.0
42.404,0,0.0,0.0
42.412,0,0.0,0.0
42.431,0,0.0,0.0
42.431,0,0.0,0.0
42.432,0,0.0,0.0
42.432,0,0.0,0.0
42.432,0,0.0,0.0
42.433,0,0.0,0.0
42.433,0,0.0,0.0
42.433,0,0.0,0.0
42.434,0,0.0,0.0
42.434,0,0.0,0.0
42.434,0,0.0,0.0
42.439,0,0.0,0.0
42.444,0,0.0,0.0
42.45,0,0.0,0.0
42.455,0,0.0,0.0
42.459,0,0.0,0.0
42.464,0,0.0,0.0
42.469,0,0.0,0.0
42.474,0,0.0,0.0
42.479,0,0.0,0.0
42.484,0,0.0,0.0
42.489,0,0.0,0.0
42.494,0,0.0,0.0
42.499,0,0.0,0.0
42.504,0,0.0,0.0
42.509,0,0.0,0.0
42.514,0,0.0,0.0
42.519,0,0.0,0.0
42.524,0,0.0,0.0
42.529,0,0.0,0.0
42.534,0,0.0,0.0
42.539,0,0.0,0.0
42.544,0,0.0,0.0
42.549,0,0.0,0.0
42.554,0,0.0,0.0
42.559,0,0.0,0.0
42.564,0,0.0,0.0
42.569,0,0.0,0.0
42.574,0,0.0,0.0
42.58,0,0.0,0.0
42.584,0,0.0,0.0
42.589,0,0.0,0.0
42.594,0,0.0,0.0
42.599,0,0.0,0.0
42.604,0,0.0,0.0
42.61,0,0.0,0.0
42.614,0,0.0,0.0
42.619,0,0.0,0.0
42.624,0,0.0,0.0
42.63,0,0.0,0.0
42.635,0,0.0,0.0
42.639,0,0.0,0.0
42.645,0,0.0,0.0
42.649,0,0.0,0.0
42.654,0,0.0,0.0
42.66,0,0.0,0.0
42.665,0,0.0,0.0
42.67,0,0.0,0.0
42.674,0,0.0,0.0
42.679,0,0.0,0.0
42.685,0,0.0,0.0
42.689,0,0.0,0.0
42.695,0,0.0,0.0
42.699,0,0.0,0.0
42.704,0,0.0,0.0
42.709,0,0.0,0.0
42.715,0,0.0,0.0
42.72,0,0.0,0.0
42.724,0,0.0,0.0
42.73,0,0.0,0.0
42.734,0,0.0,0.0
42.739,0,0.0,0.0
42.745,0,0.0,0.0
42.75,0,0.0,0.0
42.754,0,0.0,0.0
42.76,0,0.0,0.0
42.765,0,0.0,0.0
42.77,0,0.0,0.0
42.775,0,0.0,0.0
42.78,0,0.0,0.0
42.784,0,0.0,0.0
42.789,0,0.0,0.0
42.794,0,0.0,0.0
42.799,0,0.0,0.0
42.805,0,0.0,0.0
42.809,0,0.0,0.0
42.815,0,0.0,0.0
42.819,0,0.0,0.0
42.824,0,0.0,0.0
42.83,0,0.0,0.0
42.834,0,0.0,0.0
42.84,0,0.0,0.0
42.844,0,0.0,0.0
42.849,0,0.0,0.0
42.854,0,0.0,0.0
42.86,0,0.0,0.0
42.865,0,0.0,0.0
42.869,0,0.0,0.0
42.875,0,0.0,0.0
42.879,0,0.0,0.0
42.884,0,0.0,0.0
42.889,0,0.0,0.0
42.895,0,0.0,0.0
42.899,0,0.0,0.0
42.904,0,0.0,0.0
42.909,0,0.0,0.0
42.915,0,0.0,0.0
42.92,0,0.0,0.0
42.924,0,0.0,0.0
42.93,0,0.0,0.0
42.934,0,0.0,0.0
42.94,0,0.0,0.0
42.944,0,0.0,0.0
42.95,0,0.0,0.0
42.954,0,0.0,0.0
42.96,0,0.0,0.0
42.964,0,0.0,0.0
42.97,0,0.0,0.0
42.974,0,0.0,0.0
42.98,0,0.0,0.0
42.984,0,0.0,0.0
42.99,0,0.0,0.0
42.994,0,0.0,0.0
43.0,0,0.0,0.0
43.005,0,0.0,0.0
43.009,0,0.0,0.0
43.015,0,0.0,0.0
43.019,0,0.0,0.0
43.024,0,0.0,0.0
43.03,0,0.0,0.0
43.034,0,0.0,0.0
43.04,0,0.0,0.0
43.044,0,0.0,0.0
43.049,0,0.0,0.0
43.054,0,0.0,0.0
43.06,0,0.0,0.0
43.064,0,0.0,0.0
43.069,0,0.0,0.0
43.074,0,0.0,0.0
43.079,0,0.0,0.0
43.085,0,0.0,0.0
43.089,0,0.0,0.0
43.095,0,0.0,0.0
43.099,0,0.0,0.0
43.104,0,0.0,0.0
43.109,0,0.0,0.0
43.115,0,0.0,0.0
43.119,0,0.0,0.0
43.125,0,0.0,0.0
43.129,0,0.0,0.0
43.135,0,0.0,0.0
43.139,0,0.0,0.0
43.145,0,0.0,0.0
43.15,0,0.0,0.0
43.154,5,0.25,0.0
43.16,0,0.25,0.0
43.164,0,0.25,0.0
43.17,0,0.25,0.0
43.174,0,0.25,0.0
43.18,0,0.25,0.0
43.185,0,0.25,0.0
43.189,0,0.25,0.0
43.194,0,0.25,0.0
43.199,0,0.25,0.0
43.205,0,0.25,0.0
43.21,0,0.25,0.0
43.214,0,0.25,0.0
43.22,0,0.25,0.0
43.225,0,0.25,0.0
43.229,0,0.25,0.0
43.235,0,0.25,0.0
43.239,0,0.25,0.0
43.245,0,0.25,0.0
43.249,0,0.25,0.0
43.255,0,0.25,0.0
43.26,0,0.25,0.0
43.264,0,0.25,0.0
43.27,0,0.25,0.0
43.275,0,0.25,0.0
43.279,0,0.25,0.0
43.284,0,0.25,0.0
43.29,0,0.25,0.0
43.294,0,0.25,0.0
43.3,0,0.25,0.0
43.304,0,0.25,0.0
43.31,0,0.25,0.0
43.314,0,0.25,0.0
43.32,0,0.25,0.0
43.324,0,0.25,0.0
43.33,0,0.25,0.0
43.334,0,0.25,0.0
43.34,0,0.25,0.0
43.344,0,0.25,0.0
43.35,0,0.25,0.0
43.354,0,0.25,0.0
43.359,0,0.25,0.0
43.364,187,9.35,0.0
43.369,191,13.37,0.0
43.375,0,13.37,0.0
43.38,41,13.52,0.0
43.384,0,13.52,0.0
43.39,9,13.53,0.0
43.394,0,13.53,0.0
43.4,0,13.53,0.0
43.404,33,13.63,0.0
43.409,0,13.63,0.0
43.415,0,13.63,0.0
43.419,0,13.63,0.0
43.424,475,27.38,0.01
43.43,1213,66.55,0.02
43.434,632,73.67,0.02
43.44,0,73.67,0.02
43.444,0,73.67,0.02
43.449,0,73.67,0.02
43.454,456,77.11,0.02
43.46,1180,97.1,0.02
43.465,0,97.1,0.02
43.469,0,97.1,0.02
43.475,0,97.1,0.02
43.479,0,97.1,0.02
43.485,0,97.1,0.02
43.49,158,97.42,0.02
43.494,0,97.42,0.02
43.5,0,97.42,0.02
43.504,0,97.42,0.02
43.509,0,97.42,0.02
43.515,0,97.42,0.02
43.519,0,97.42,0.02
43.525,0,97.42,0.02
43.529,537,101.05,0.02
43.534,0,101.05,0.02
43.539,1550,127.35,0.03
43.545,0,127.35,0.03
43.55,122,127.49,0.03
43.554,281,128.26,0.03
43.559,0,128.26,0.03
43.564,792,134.24,0.03
43.569,509,136.63,0.03
43.575,0,136.63,0.03
43.58,0,136.63,0.03
43.584,46,136.65,0.03
43.59,0,136.65,0.03
43.594,76,136.7,0.03
43.6,0,136.7,0.03
43.605,0,136.7,0.03
43.61,0,136.7,0.03
43.614,0,136.7,0.03
43.619,0,136.7,0.03
43.624,0,136.7,0.03
43.629,0,136.7,0.03
43.635,0,136.7,0.03
43.639,0,136.7,0.03
43.645,0,136.7,0.03
43.649,0,136.7,0.03
43.654,121,136.84,0.03
43.66,0,136.84,0.03
43.664,0,136.84,0.03
43.67,0,136.84,0.03
43.674,0,136.84,0.03
43.679,0,136.84,0.03
43.685,0,136.84,0.03
43.689,0,136.84,0.03
43.695,0,136.84,0.03
43.701,0,136.84,0.03
43.705,0,136.84,0.03
43.71,0,136.84,0.03
43.716,0,136.84,0.03
43.72,143,137.02,0.03
43.726,0,137.02,0.03
43.731,0,137.02,0.03
43.735,0,137.02,0.03
43.74,0,137.02,0.03
43.745,0,137.02,0.03
43.75,0,137.02,0.03
43.756,0,137.02,0.03
43.76,0,137.02,0.03
43.766,0,137.02,0.03
43.77,143,137.21,0.03
43.776,0,137.21,0.03
43.78,0,137.21,0.03
43.786,0,137.21,0.03
43.791,74,137.26,0.03
43.795,0,137.26,0.03
43.8,0,137.26,0.03
43.805,0,137.26,0.03
43.811,0,137.26,0.03
43.815,0,137.26,0.03
43.821,0,137.26,0.03
43.825,0,137.26,0.03
43.83,0,137.26,0.03
43.836,459,139.16,0.03
43.841,0,139.16,0.03
43.845,265,139.79,0.03
43.85,669,143.74,0.04
43.855,363,144.88,0.04
43.86,221,145.3,0.04
43.866,942,152.75,0.04
43.87,0,152.75,0.04
43.876,1335,166.69,0.04
43.88,0,166.69,0.04
43.885,717,170.5,0.04
43.891,830,175.48,0.04
43.895,984,182.25,0.04
43.901,3019,236.64,0.06
43.905,303,237.13,0.06
43.911,1051,242.88,0.06
43.915,1595,255.64,0.06
43.921,0,255.64,0.06
43.926,444,256.6,0.06
43.93,668,258.77,0.06
43.936,0,258.77,0.06
43.94,2319,283.56,0.07
43.946,1960,300.01,0.07
43.951,0,300.01,0.07
43.955,1160,305.57,0.07
43.961,0,305.57,0.07
43.965,542,306.77,0.07
43.97,2041,323.3,0.08
43.975,249,323.54,0.08
43.981,141,323.61,0.08
43.986,222,323.8,0.08
43.99,21,323.81,0.08
43.996,270,324.09,0.08
44.0,2256,343.16,0.08
44.006,2378,363.17,0.09
44.01,4095,416.91,0.1
44.015,412,417.42,0.1
44.021,0,417.42,0.1
44.025,2125,430.73,0.11
44.031,3133,458.33,0.11
44.036,26,458.33,0.11
44.04,0,458.33,0.11
44.046,777,459.98,0.11
44.05,1806,468.76,0.11
44.055,1486,474.61,0.12
44.06,0,474.61,0.12
44.066,1930,484.32,0.12
44.071,1182,487.91,0.12
44.075,0,487.91,0.12
44.081,1144,491.25,0.12
44.085,906,493.34,0.12
44.09,0,493.34,0.12
44.096,313,493.59,0.12
44.1,695,494.81,0.12
44.106,2333,508.37,0.12
44.11,0,508.37,0.12
44.115,0,508.37,0.12
44.121,3579,538.95,0.13
44.125,2156,549.62,0.13
44.131,0,549.62,0.13
44.135,937,551.62,0.13
44.14,0,551.62,0.13
44.145,1386,555.95,0.14
44.151,75,555.97,0.14
44.156,204,556.06,0.14
44.16,0,556.06,0.14
44.166,1120,558.87,0.14
44.17,1113,561.64,0.14
44.175,1790,568.72,0.14
44.181,1660,574.75,0.14
44.185,238,574.87,0.14
44.19,267,575.03,0.14
44.195,1367,579.07,0.14
44.2,424,579.46,0.14
44.206,409,579.82,0.14
44.211,348,580.08,0.14
44.215,816,581.52,0.14
44.221,776,582.81,0.14
44.225,0,582.81,0.14
44.23,0,582.81,0.14
44.236,571,583.51,0.14
44.24,458,583.96,0.14
44.246,439,584.37,0.14
44.25,893,586.07,0.14
44.255,123,586.11,0.14
44.261,829,587.57,0.14
44.266,479,588.06,0.14
44.271,0,588.06,0.14
44.295,0,588.06,0.14
44.326,398,588.39,0.14
44.342,1406,592.58,0.14
44.342,398,592.91,0.14
44.343,73,592.92,0.14
44.343,0,592.92,0.14
44.344,0,592.92,0.14
44.344,0,592.92,0.14
44.344,780,594.21,0.15
44.345,2748,609.88,0.15
44.345,0,609.88,0.15
44.345,1402,613.9,0.15
44.346,0,613.9,0.15
44.346,1165,616.66,0.15
44.346,2202,626.41,0.15
44.35,3401,649.08,0.16
44.355,272,649.22,0.16
44.362,629,649.98,0.16
44.369,153,650.03,0.16
44.372,1448,654.05,0.16
44.375,601,654.74,0.16
44.381,110,654.76,0.16
44.386,1068,656.93,0.16
44.39,221,657.03,0.16
44.395,298,657.2,0.16
44.4,0,657.2,0.16
44.405,0,657.2,0.16
44.41,0,657.2,0.16
44.415,951,658.91,0.16
44.42,397,659.21,0.16
44.425,1532,663.65,0.16
44.43,1865,670.17,0.16
44.435,236,670.27,0.16
44.44,0,670.27,0.16
44.445,0,670.27,0.16
44.451,0,670.27,0.16
44.455,235,670.38,0.16
44.46,0,670.38,0.16
44.466,218,670.46,0.16
44.471,796,671.64,0.16
44.475,461,672.04,0.16
44.481,57,672.05,0.16
44.485,0,672.05,0.16
44.49,490,672.49,0.16
44.496,394,672.78,0.16
44.5,268,672.91,0.16
44.505,0,672.91,0.16
44.51,0,672.91,0.16
44.515,574,673.53,0.16
44.521,1819,679.64,0.17
44.525,1438,683.43,0.17
44.531,381,683.7,0.17
44.535,1133,686.04,0.17
44.54,1066,688.11,0.17
44.545,0,688.11,0.17
44.551,494,688.55,0.17
44.556,1036,690.5,0.17
44.56,95,690.51,0.17
44.565,0,690.51,0.17
44.57,439,690.86,0.17
44.575,200,690.93,0.17
44.58,0,690.93,0.17
44.586,170,690.99,0.17
44.59,683,691.83,0.17
44.595,233,691.93,0.17
44.6,0,691.93,0.17
44.606,953,693.57,0.17
44.611,0,693.57,0.17
44.615,0,693.57,0.17
44.621,542,694.1,0.17
44.625,474,694.5,0.17
44.63,0,694.5,0.17
44.636,20,694.5,0.17
44.64,0,694.5,0.17
44.646,0,694.5,0.17
44.65,0,694.5,0.17
44.655,605,695.16,0.17
44.66,0,695.16,0.17
44.666,1277,698.09,0.17
44.671,0,698.09,0.17
44.675,207,698.16,0.17
44.681,446,698.52,0.17
44.685,0,698.52,0.17
44.691,283,698.66,0.17
44.695,30,698.66,0.17
44.701,74,698.67,0.17
44.705,27,698.67,0.17
44.711,262,698.8,0.17
44.715,447,699.15,0.17
44.721,0,699.15,0.17
44.725,0,699.15,0.17
44.731,1194,701.7,0.17
44.735,1465,705.51,0.17
44.74,77,705.52,0.17
44.745,955,707.14,0.17
44.751,621,707.82,0.17
44.756,792,708.92,0.17
44.76,0,708.92,0.17
44.765,0,708.92,0.17
44.77,8,708.92,0.17
44.776,0,708.92,0.17
44.781,0,708.92,0.17
44.786,266,709.05,0.17
44.79,1321,712.12,0.17
44.795,600,712.75,0.17
44.8,492,713.17,0.17
44.806,0,713.17,0.17
44.811,0,713.17,0.17
44.815,1128,715.4,0.17
44.821,958,717.0,0.18
44.825,1228,719.63,0.18
44.83,10,719.63,0.18
44.836,408,719.92,0.18
44.84,0,719.92,0.18
44.846,445,720.26,0.18
44.85,0,720.26,0.18
44.855,78,720.27,0.18
44.86,96,720.29,0.18
44.866,61,720.29,0.18
44.871,0,720.29,0.18
44.875,0,720.29,0.18
44.881,78,720.3,0.18
44.885,0,720.3,0.18
44.891,414,720.6,0.18
44.896,348,720.81,0.18
44.9,0,720.81,0.18
44.905,0,720.81,0.18
44.91,0,720.81,0.18
44.915,344,721.02,0.18
44.92,0,721.02,0.18
44.926,0,721.02,0.18
44.93,0,721.02,0.18
44.936,0,721.02,0.18
44.94,0,721.02,0.18
44.946,0,721.02,0.18
44.951,558,721.56,0.18
44.956,0,721.56,0.18
44.96,17,721.56,0.18
44.966,0,721.56,0.18
44.97,0,721.56,0.18
44.975,749,722.53,0.18
44.981,0,722.53,0.18
44.985,234,722.62,0.18
44.991,137,722.65,0.18
44.995,0,722.65,0.18
45.0,0,722.65,0.18
45.005,0,722.65,0.18
45.011,58,722.66,0.18
45.015,0,722.66,0.18
45.021,0,722.66,0.18
45.025,533,723.15,0.18
45.03,733,724.08,0.18
45.036,0,724.08,0.18
45.04,699,724.92,0.18
45.047,0,724.92,0.18
45.05,170,724.97,0.18
45.055,0,724.97,0.18
45.06,855,726.23,0.18
45.066,363,726.46,0.18
45.071,0,726.46,0.18
45.075,21,726.46,0.18
45.081,106,726.48,0.18
45.085,0,726.48,0.18
45.09,0,726.48,0.18
45.096,0,726.48,0.18
45.101,0,726.48,0.18
45.134,923,727.94,0.18
45.135,45,727.95,0.18
45.136,382,728.2,0.18
45.138,0,728.2,0.18
45.141,191,728.26,0.18
45.142,0,728.26,0.18
45.152,0,728.26,0.18
45.152,57,728.27,0.18
45.153,0,728.27,0.18
45.153,263,728.38,0.18
45.155,406,728.67,0.18
45.16,0,728.67,0.18
45.166,249,728.77,0.18
45.171,0,728.77,0.18
45.176,0,728.77,0.18
45.181,94,728.79,0.18
45.186,0,728.79,0.18
45.191,1034,730.62,0.18
45.195,0,730.62,0.18
45.2,0,730.62,0.18
45.206,0,730.62,0.18
45.21,512,731.07,0.18
45.216,0,731.07,0.18
45.221,543,731.57,0.18
45.225,0,731.57,0.18
45.23,953,733.12,0.18
45.236,860,734.38,0.18
45.24,601,735.0,0.18
45.246,1995,741.74,0.18
45.25,649,742.44,0.18
45.255,0,742.44,0.18
45.26,287,742.58,0.18
45.266,507,743.02,0.18
45.271,43,743.02,0.18
45.275,1081,744.98,0.18
45.281,0,744.98,0.18
45.285,840,746.17,0.18
45.291,2,746.17,0.18
45.296,1626,750.58,0.18
45.3,54,750.59,0.18
45.306,1450,754.08,0.18
45.31,1213,756.51,0.18
45.316,0,756.51,0.18
45.32,856,757.72,0.19
45.326,90,757.74,0.19
45.33,0,757.74,0.19
45.336,199,757.8,0.19
45.34,1840,763.37,0.19
45.346,1200,765.72,0.19
45.35,4095,792.62,0.19
45.356,3548,812.23,0.2
45.36,2027,818.53,0.2
45.365,4095,843.7,0.21
45.37,0,843.65,0.21
45.376,0,843.65,0.21
45.381,583,844.15,0.21
45.386,512,844.53,0.21
45.39,1528,847.98,0.21
45.395,298,848.11,0.21
45.4,615,848.67,0.21
45.406,827,849.68,0.21
45.411,669,850.34,0.21
45.416,1961,855.97,0.21
45.421,2265,863.43,0.21
45.425,970,864.46,0.21
45.43,74,862.34,0.21
45.436,1389,864.56,0.21
45.441,0,864.56,0.21
45.445,3532,882.41,0.22
45.451,1721,886.59,0.22
45.455,0,886.3,0.22
45.46,0,884.34,0.22
45.466,153,884.37,0.22
45.471,0,884.37,0.22
45.475,0,884.37,0.22
45.481,0,884.37,0.22
45.485,0,884.37,0.22
45.491,0,884.33,0.22
45.495,0,884.33,0.22
45.501,423,884.59,0.22
45.505,320,884.73,0.22
45.51,8,884.73,0.22
45.515,105,884.75,0.22
45.521,0,884.75,0.22
45.526,0,884.75,0.22
45.53,20,884.34,0.22
45.536,0,884.34,0.22
45.54,317,881.08,0.22
45.546,0,881.08,0.22
45.55,89,881.07,0.22
45.556,40,880.96,0.22
45.56,0,880.96,0.22
45.566,0,880.07,0.21
45.57,0,879.7,0.21
45.575,156,879.74,0.21
45.581,0,879.74,0.21
45.585,0,879.73,0.21
45.591,30,879.73,0.21
45.595,0,879.73,0.21
45.6,0,879.73,0.21
45.605,0,879.73,0.21
45.611,223,879.8,0.21
45.616,0,879.8,0.21
45.62,512,880.17,0.21
45.626,0,880.17,0.21
45.63,0,880.17,0.21
45.636,0,880.17,0.21
45.641,0,880.17,0.21
45.645,0,880.17,0.21
45.651,0,880.17,0.21
45.655,0,880.15,0.21
45.661,0,880.15,0.21
45.666,0,880.15,0.21
45.67,70,880.15,0.21
45.676,0,880.15,0.21
45.68,0,880.15,0.21
45.685,74,880.16,0.21
45.69,302,880.29,0.21
45.696,0,880.29,0.21
45.701,413,880.53,0.22
45.707,0,880.53,0.22
45.711,0,880.53,0.22
45.717,0,880.53,0.22
45.721,348,880.68,0.22
45.727,0,880.68,0.22
45.732,0,880.68,0.22
45.736,0,880.68,0.22
45.741,0,880.68,0.22
45.746,10,880.68,0.22
45.751,232,880.75,0.22
45.757,0,880.75,0.22
45.762,59,880.76,0.22
45.767,106,880.77,0.22
45.771,21,880.75,0.22
45.776,0,880.75,0.22
45.781,0,880.75,0.22
45.787,0,880.75,0.22
45.792,0,880.74,0.22
45.796,0,880.74,0.22
45.802,0,880.74,0.22
45.806,0,880.74,0.22
45.812,0,880.74,0.22
45.817,0,880.74,0.22
45.821,0,880.74,0.22
45.827,30,880.74,0.22
45.831,0,880.74,0.22
45.836,221,880.51,0.22
45.842,0,880.51,0.22
45.847,0,880.41,0.21
45.852,0,879.77,0.21
45.857,0,879.59,0.21
45.861,0,879.52,0.21
45.867,0,878.26,0.21
45.871,0,878.26,0.21
45.877,0,875.72,0.21
45.883,0,875.72,0.21
45.886,0,874.98,0.21
45.891,0,874.0,0.21
45.897,0,872.61,0.21
45.901,0,859.46,0.21
45.907,0,859.32,0.21
45.911,0,857.71,0.21
45.917,0,854.0,0.21
45.921,0,854.0,0.21
45.926,0,853.71,0.21
45.931,0,853.06,0.21
45.936,0,853.06,0.21
45.941,0,845.14,0.21
45.946,0,839.44,0.2
45.951,0,839.44,0.2
45.957,0,837.43,0.2
45.962,0,837.43,0.2
45.966,0,836.99,0.2
45.971,0,830.75,0.2
45.976,0,830.66,0.2
45.981,0,830.63,0.2
45.986,0,830.55,0.2
45.992,0,830.55,0.2
45.996,0,830.44,0.2
46.002,0,822.74,0.2
46.006,0,814.11,0.2
46.012,0,787.94,0.19
46.017,0,787.67,0.19
46.022,0,787.67,0.19
46.026,0,780.47,0.19
46.032,0,764.59,0.19
46.036,0,764.59,0.19
46.041,0,764.59,0.19
46.047,2409,773.04,0.19
46.051,0,767.75,0.19
46.056,0,764.15,0.19
46.061,0,764.15,0.19
46.066,0,758.03,0.19
46.072,0,755.72,0.18
46.077,0,755.72,0.18
46.081,0,753.55,0.18
46.087,0,752.19,0.18
46.091,0,752.19,0.18
46.096,0,752.03,0.18
46.102,0,751.22,0.18
46.106,0,742.11,0.18
46.112,0,742.11,0.18
46.116,0,742.11,0.18
46.121,0,720.21,0.18
46.127,0,712.1,0.17
46.131,0,712.1,0.17
46.136,0,710.56,0.17
46.142,0,710.56,0.17
46.146,0,707.17,0.17
46.152,0,707.16,0.17
46.156,0,707.09,0.17
46.162,0,707.09,0.17
46.167,0,704.86,0.17
46.171,0,702.66,0.17
46.176,0,696.94,0.17
46.181,0,691.98,0.17
46.187,0,691.88,0.17
46.192,0,691.75,0.17
46.196,0,688.37,0.17
46.202,0,688.04,0.17
46.206,0,687.73,0.17
46.212,0,687.51,0.17
46.217,0,686.3,0.17
46.221,0,685.21,0.17
46.227,0,685.21,0.17
46.231,0,685.21,0.17
46.237,0,684.61,0.17
46.242,0,684.23,0.17
46.247,0,683.87,0.17
46.251,0,682.42,0.17
46.256,0,682.39,0.17
46.261,0,681.13,0.17
46.267,0,680.71,0.17
46.272,0,680.71,0.17
46.276,0,680.71,0.17
46.281,0,680.42,0.17
46.286,0,676.77,0.17
46.291,0,676.48,0.17
46.296,0,676.47,0.17
46.302,0,676.47,0.17
46.307,0,676.47,0.17
46.312,0,676.47,0.17
46.316,0,675.35,0.16
46.321,0,661.22,0.16
46.327,0,661.22,0.16
46.331,0,657.5,0.16
46.337,0,657.5,0.16
46.341,0,654.91,0.16
46.346,0,645.59,0.16
46.351,0,622.79,0.15
46.357,0,622.64,0.15
46.361,0,621.85,0.15
46.366,0,621.8,0.15
46.371,0,617.57,0.15
46.376,0,616.84,0.15
46.381,0,616.82,0.15
46.387,0,614.5,0.15
46.392,0,614.4,0.15
46.396,0,614.22,0.15
46.401,0,614.22,0.15
46.406,0,614.22,0.15
46.412,0,614.22,0.15
46.417,0,612.38,0.15
46.422,0,612.05,0.15
46.427,0,607.24,0.15
46.431,0,600.04,0.15
46.436,0,599.92,0.15
46.442,0,599.92,0.15
46.446,0,599.92,0.15
46.451,0,599.92,0.15
46.456,0,599.81,0.15
46.461,0,599.81,0.15
46.466,0,599.71,0.15
46.472,0,598.39,0.15
46.476,0,597.94,0.15
46.482,0,597.94,0.15
46.486,0,597.94,0.15
46.491,336,597.67,0.15
46.496,0,597.35,0.15
46.502,0,597.2,0.15
46.506,0,597.2,0.15
46.511,0,597.2,0.15
46.517,0,596.5,0.15
46.521,0,589.53,0.14
46.526,0,585.13,0.14
46.532,0,584.82,0.14
46.537,0,582.07,0.14
46.541,0,579.62,0.14
46.547,0,579.62,0.14
46.551,0,579.1,0.14
46.557,0,576.78,0.14
46.562,0,576.76,0.14
46.566,0,576.76,0.14
46.572,0,576.34,0.14
46.576,0,576.25,0.14
46.581,0,576.25,0.14
46.587,0,576.19,0.14
46.592,0,575.18,0.14
46.596,0,575.06,0.14
46.603,0,575.06,0.14
46.606,0,573.08,0.14
46.612,0,573.08,0.14
46.616,0,573.08,0.14
46.622,0,572.44,0.14
46.626,0,571.95,0.14
46.631,0,571.95,0.14
46.636,0,571.95,0.14
46.642,0,571.95,0.14
46.647,0,571.95,0.14
46.651,0,571.95,0.14
46.657,0,571.15,0.14
46.661,0,571.15,0.14
46.666,0,567.57,0.14
46.672,0,567.57,0.14
46.676,0,567.47,0.14
46.682,0,567.03,0.14
46.686,0,567.03,0.14
46.691,0,566.86,0.14
46.696,0,566.86,0.14
46.702,0,566.84,0.14
46.707,0,566.84,0.14
46.711,0,566.69,0.14
46.716,0,566.25,0.14
46.722,0,566.25,0.14
46.727,0,566.25,0.14
46.732,0,563.09,0.14
46.736,0,558.31,0.14
46.742,0,558.3,0.14
46.746,0,556.25,0.14
46.752,0,555.38,0.14
46.757,0,553.97,0.14
46.762,0,553.97,0.14
46.766,0,553.97,0.14
46.772,0,553.97,0.14
46.776,0,553.97,0.14
46.782,0,553.97,0.14
46.786,0,553.81,0.14
46.792,0,549.86,0.13
46.796,0,549.04,0.13
46.801,0,548.49,0.13
46.806,0,548.49,0.13
46.812,0,548.49,0.13
46.816,0,545.58,0.13
46.822,0,543.47,0.13
46.826,0,539.99,0.13
46.831,0,539.99,0.13
46.836,0,539.61,0.13
46.842,0,539.61,0.13
46.847,0,539.15,0.13
46.851,0,539.15,0.13
46.857,0,539.13,0.13
46.861,0,539.11,0.13
46.866,0,539.1,0.13
46.871,0,539.1,0.13
46.877,0,539.1,0.13
46.881,0,539.09,0.13
46.886,0,539.09,0.13
46.891,0,538.69,0.13
46.897,0,538.41,0.13
46.901,0,538.41,0.13
46.907,0,538.41,0.13
46.912,0,538.41,0.13
46.916,0,538.14,0.13
46.922,0,538.14,0.13
46.927,0,538.14,0.13
46.931,0,538.14,0.13
46.937,0,538.14,0.13
46.941,0,538.14,0.13
46.946,0,538.14,0.13
46.987,0,537.41,0.13
47.001,0,537.41,0.13
47.015,0,537.41,0.13
47.016,0,537.41,0.13
47.016,0,537.41,0.13
47.017,0,536.11,0.13
47.017,0,536.11,0.13
47.018,0,535.98,0.13
47.018,0,535.93,0.13
47.018,0,535.93,0.13
47.019,0,535.93,0.13
47.019,0,535.93,0.13
47.019,0,535.93,0.13
47.02,0,535.93,0.13
47.021,0,535.93,0.13
47.026,0,535.26,0.13
47.032,0,534.01,0.13
47.037,0,534.01,0.13
47.042,0,532.86,0.13
47.046,0,532.86,0.13
47.051,0,532.79,0.13
47.056,0,532.79,0.13
47.061,0,531.08,0.13
47.066,0,530.77,0.13
47.071,0,530.77,0.13
47.077,0,530.76,0.13
47.081,0,530.74,0.13
47.087,0,530.74,0.13
47.091,0,530.74,0.13
47.096,0,530.74,0.13
47.102,0,530.74,0.13
47.106,0,528.73,0.13
47.112,0,528.72,0.13
47.116,0,528.38,0.13
47.122,0,528.38,0.13
47.126,0,528.29,0.13
47.132,0,528.29,0.13
47.136,0,528.29,0.13
47.141,0,528.28,0.13
47.146,0,528.28,0.13
47.151,0,528.12,0.13
47.157,0,527.73,0.13
47.162,0,527.73,0.13
47.166,0,527.58,0.13
47.171,0,527.58,0.13
47.176,0,527.58,0.13
47.182,0,527.56,0.13
47.187,0,527.56,0.13
47.192,0,525.02,0.13
47.196,0,525.02,0.13
47.201,0,525.02,0.13
47.206,0,525.02,0.13
47.212,0,524.4,0.13
47.217,0,524.4,0.13
47.221,0,523.7,0.13
47.226,0,523.7,0.13
47.231,0,521.52,0.13
47.236,0,519.75,0.13
47.242,0,518.88,0.13
47.246,0,509.2,0.12
47.252,0,508.16,0.12
47.256,0,508.16,0.12
47.261,0,507.96,0.12
47.266,0,507.33,0.12
47.272,0,507.32,0.12
47.276,0,504.44,0.12
47.282,0,504.44,0.12
47.286,0,502.69,0.12
47.291,0,502.69,0.12
47.296,0,496.07,0.12
47.302,0,496.06,0.12
47.307,0,490.73,0.12
47.311,0,486.97,0.12
47.316,0,486.97,0.12
47.321,0,485.09,0.12
47.327,0,485.07,0.12
47.331,0,485.07,0.12
47.337,0,484.96,0.12
47.341,0,476.16,0.12
47.346,0,472.36,0.12
47.351,0,425.68,0.1
47.357,0,386.95,0.09
47.362,0,373.44,0.09
47.366,0,312.31,0.08
47.372,0,312.31,0.08
47.376,0,312.31,0.08
47.381,0,310.95,0.08
47.386,0,309.89,0.08
47.392,0,300.33,0.07
47.396,0,299.96,0.07
47.401,0,298.38,0.07
47.406,0,295.5,0.07
47.411,0,293.6,0.07
47.417,0,276.74,0.07
47.422,0,252.51,0.06
47.426,0,247.81,0.06
47.432,0,247.78,0.06
47.436,0,237.85,0.06
47.442,0,237.85,0.06
47.446,0,159.32,0.04
47.451,0,134.09,0.03
47.456,0,134.09,0.03
47.461,0,134.09,0.03
47.466,0,133.87,0.03
47.472,0,133.87,0.03
47.477,0,133.87,0.03
47.481,0,133.87,0.03
47.486,0,133.87,0.03
47.491,0,133.87,0.03
47.496,0,133.87,0.03
47.502,0,132.19,0.03
47.506,0,131.21,0.03
47.512,0,131.21,0.03
47.516,0,131.11,0.03
47.521,0,131.11,0.03
47.527,0,131.11,0.03
47.531,0,131.1,0.03
47.536,0,131.1,0.03
47.541,0,130.14,0.03
47.546,0,130.14,0.03
47.551,0,130.07,0.03
47.557,0,130.05,0.03
47.562,0,130.05,0.03
47.566,0,130.05,0.03
47.571,0,130.05,0.03
47.576,0,129.82,0.03
47.581,0,129.82,0.03
47.586,0,129.82,0.03
47.591,0,129.81,0.03
47.597,0,129.81,0.03
47.601,0,129.81,0.03
47.606,0,129.81,0.03
47.612,0,129.33,0.03
47.617,0,129.33,0.03
47.621,0,126.77,0.03
47.626,0,126.77,0.03
47.631,0,126.77,0.03
47.636,0,126.77,0.03
47.642,0,126.77,0.03
47.646,0,126.77,0.03
47.652,0,126.77,0.03
47.656,0,126.77,0.03
47.661,0,126.77,0.03
47.666,0,126.77,0.03
47.672,0,126.72,0.03
47.677,0,126.72,0.03
47.681,0,126.72,0.03
47.687,0,126.67,0.03
47.691,0,125.76,0.03
47.697,0,125.76,0.03
47.703,0,124.06,0.03
47.707,0,124.06,0.03
47.713,0,124.06,0.03
47.717,0,124.06,0.03
47.722,0,122.83,0.03
47.727,0,122.83,0.03
47.733,0,122.83,0.03
47.738,0,122.83,0.03
47.742,0,122.83,0.03
47.748,0,122.83,0.03
47.752,0,122.28,0.03
47.757,0,122.28,0.03
47.762,0,122.25,0.03
47.768,0,122.13,0.03
47.772,0,122.13,0.03
47.778,0,122.13,0.03
47.782,0,122.13,0.03
47.788,0,122.13,0.03
47.793,0,122.13,0.03
47.798,0,122.13,0.03
47.803,0,122.13,0.03
47.807,0,122.13,0.03
47.812,0,122.13,0.03
47.817,0,122.13,0.03
47.823,0,122.13,0.03
47.827,0,122.12,0.03
47.833,0,122.12,0.03
47.837,0,121.62,0.03
47.843,0,121.62,0.03
47.847,0,121.62,0.03
47.853,0,121.62,0.03
47.857,0,121.62,0.03
47.863,0,121.62,0.03
47.867,0,121.62,0.03
47.872,0,121.62,0.03
47.878,0,121.62,0.03
47.883,0,121.62,0.03
47.887,0,121.62,0.03
47.892,0,121.62,0.03
47.897,0,121.62,0.03
47.903,0,121.62,0.03
47.908,0,121.62,0.03
47.912,0,121.62,0.03
47.918,0,121.62,0.03
47.922,0,121.62,0.03
47.927,0,121.62,0.03
47.933,0,121.62,0.03
47.937,0,121.62,0.03
47.943,0,121.62,0.03
47.947,0,121.62,0.03
47.952,0,121.62,0.03
47.957,0,121.62,0.03
47.963,0,121.62,0.03
47.967,0,121.62,0.03
47.973,0,121.62,0.03
47.977,0,121.62,0.03
47.982,0,121.62,0.03
47.987,0,121.62,0.03
47.992,0,121.62,0.03
47.997,0,121.62,0.03
48.003,0,121.62,0.03
48.007,0,121.62,0.03
48.012,0,121.62,0.03
48.017,0,121.62,0.03
48.023,0,121.62,0.03
48.027,0,121.62,0.03
48.033,0,121.62,0.03
48.037,0,121.62,0.03
48.042,0,121.62,0.03
48.047,0,16.8,0.0
48.052,0,16.8,0.0
48.057,0,16.8,0.0
48.062,0,16.8,0.0
48.067,0,16.8,0.0
48.072,0,16.8,0.0
48.078,0,16.8,0.0
48.082,0,16.8,0.0
48.088,0,16.8,0.0
48.092,0,16.8,0.0
48.097,0,16.8,0.0
48.102,0,16.8,0.0
48.108,0,16.8,0.0
48.113,0,16.8,0.0
48.117,0,16.8,0.0
48.122,0,16.8,0.0
48.127,0,16.8,0.0
48.133,0,16.8,0.0
48.138,0,16.8,0.0
48.142,0,16.8,0.0
48.148,0,16.8,0.0
48.152,0,16.8,0.0
48.157,0,16.8,0.0
48.163,0,16.8,0.0
48.167,0,16.8,0.0
48.173,0,16.8,0.0
48.177,0,16.8,0.0
48.182,0,16.8,0.0
48.187,0,16.8,0.0
48.193,0,16.8,0.0
48.198,0,16.8,0.0
48.202,0,16.8,0.0
48.207,0,16.8,0.0
48.212,0,16.8,0.0
48.218,0,16.8,0.0
48.222,0,16.8,0.0
48.228,0,16.8,0.0
48.232,0,16.8,0.0
48.237,0,16.8,0.0
48.242,0,16.8,0.0
48.248,0,16.8,0.0
48.253,0,16.8,0.0
48.257,0,16.8,0.0
48.263,0,16.8,0.0
48.267,0,16.8,0.0
48.272,0,16.8,0.0
48.278,0,16.8,0.0
48.282,0,16.8,0.0
48.287,0,16.8,0.0
48.292,0,16.8,0.0
48.297,0,16.8,0.0
48.303,0,16.8,0.0
48.307,0,16.8,0.0
48.313,0,16.8,0.0
48.317,0,16.8,0.0
48.323,0,16.8,0.0
48.327,0,16.8,0.0
48.333,0,16.8,0.0
48.338,0,16.8,0.0
48.342,0,16.8,0.0
48.348,0,16.8,0.0
48.352,0,16.8,0.0
48.358,0,16.8,0.0
48.363,0,16.8,0.0
48.367,0,16.8,0.0
48.373,0,16.8,0.0
48.377,0,16.8,0.0
48.382,0,16.8,0.0
48.387,0,16.8,0.0
48.393,0,16.8,0.0
48.397,0,16.8,0.0
48.402,0,16.8,0.0
48.408,0,16.8,0.0
48.412,0,16.8,0.0
48.418,0,16.8,0.0
48.422,0,16.8,0.0
48.428,0,16.8,0.0
48.433,0,16.8,0.0
48.437,0,16.8,0.0
48.442,0,16.8,0.0
48.448,0,16.8,0.0
48.453,0,16.8,0.0
48.457,0,16.8,0.0
48.463,0,16.8,0.0
48.467,0,16.8,0.0
48.473,0,16.8,0.0
48.477,0,16.8,0.0
48.483,0,16.8,0.0
48.487,0,16.8,0.0
48.493,0,0.0,0.0
48.497,0,0.0,0.0
48.503,0,0.0,0.0
48.507,0,0.0,0.0
48.512,0,0.0,0.0
48.518,0,0.0,0.0
48.522,0,0.0,0.0
48.527,0,0.0,0.0
48.533,0,0.0,0.0
48.538,0,0.0,0.0
48.542,0,0.0,0.0
48.548,0,0.0,0.0
48.552,0,0.0,0.0
48.558,0,0.0,0.0
48.563,0,0.0,0.0
48.567,0,0.0,0.0
48.572,0,0.0,0.0
48.577,0,0.0,0.0
48.582,0,0.0,0.0
48.587,0,0.0,0.0
48.593,0,0.0,0.0
48.598,0,0.0,0.0
48.602,0,0.0,0.0
48.608,0,0.0,0.0
48.612,0,0.0,0.0
48.617,0,0.0,0.0
48.623,0,0.0,0.0
48.627,0,0.0,0.0
48.633,0,0.0,0.0
48.637,0,0.0,0.0
48.642,0,0.0,0.0
48.648,0,0.0,0.0
48.653,0,0.0,0.0
48.657,0,0.0,0.0
48.663,0,0.0,0.0
48.667,0,0.0,0.0
48.673,0,0.0,0.0
48.677,0,0.0,0.0
48.683,0,0.0,0.0
48.687,0,0.0,0.0
48.693,0,0.0,0.0
48.697,0,0.0,0.0
48.703,0,0.0,0.0
48.707,0,0.0,0.0
48.713,0,0.0,0.0
48.718,0,0.0,0.0
48.722,0,0.0,0.0
48.727,0,0.0,0.0
48.732,0,0.0,0.0
48.738,0,0.0,0.0
48.742,0,0.0,0.0
48.748,0,0.0,0.0
48.752,0,0.0,0.0
48.758,0,0.0,0.0
48.762,0,0.0,0.0
48.768,0,0.0,0.0
48.772,0,0.0,0.0
48.777,0,0.0,0.0
48.782,0,0.0,0.0
48.787,0,0.0,0.0
48.793,0,0.0,0.0
48.799,0,0.0,0.0
48.802,0,0.0,0.0
48.807,0,0.0,0.0
48.812,0,0.0,0.0
48.818,0,0.0,0.0
48.822,0,0.0,0.0
48.828,0,0.0,0.0
48.832,0,0.0,0.0
48.839,0,0.0,0.0
48.881,0,0.0,0.0
48.899,0,0.0,0.0
48.899,0,0.0,0.0
48.899,0,0.0,0.0
48.9,0,0.0,0.0
48.9,0,0.0,0.0
48.9,0,0.0,0.0
48.9,0,0.0,0.0
48.901,0,0.0,0.0
48.901,0,0.0,0.0
48.901,0,0.0,0.0
48.902,0,0.0,0.0
48.902,0,0.0,0.0
48.907,0,0.0,0.0
48.913,0,0.0,0.0
48.918,0,0.0,0.0
48.927,0,0.0,0.0
48.927,0,0.0,0.0
48.932,0,0.0,0.0
48.938,0,0.0,0.0
48.942,0,0.0,0.0
48.948,0,0.0,0.0
48.952,0,0.0,0.0
48.957,0,0.0,0.0
48.962,0,0.0,0.0
48.967,0,0.0,0.0
48.972,0,0.0,0.0
48.977,0,0.0,0.0
48.982,0,0.0,0.0
48.987,0,0.0,0.0
48.993,0,0.0,0.0
48.997,0,0.0,0.0
49.003,0,0.0,0.0
49.008,0,0.0,0.0
49.013,0,0.0,0.0
49.017,0,0.0,0.0
49.023,0,0.0,0.0
49.027,0,0.0,0.0
49.032,0,0.0,0.0
49.037,0,0.0,0.0
49.042,0,0.0,0.0
49.047,0,0.0,0.0
49.053,0,0.0,0.0
49.057,0,0.0,0.0
49.062,0,0.0,0.0
49.067,0,0.0,0.0
49.072,0,0.0,0.0
49.078,0,0.0,0.0
49.082,0,0.0,0.0
49.088,0,0.0,0.0
49.092,0,0.0,0.0
49.097,0,0.0,0.0
49.103,0,0.0,0.0
49.107,0,0.0,0.0
49.112,0,0.0,0.0
49.118,0,0.0,0.0
49.122,0,0.0,0.0
49.127,0,0.0,0.0
49.133,0,0.0,0.0
49.137,0,0.0,0.0
49.143,0,0.0,0.0
49.148,0,0.0,0.0
49.153,0,0.0,0.0
49.157,0,0.0,0.0
49.163,0,0.0,0.0
49.168,0,0.0,0.0
49.172,0,0.0,0.0
49.178,0,0.0,0.0
49.182,0,0.0,0.0
49.187,0,0.0,0.0
49.193,0,0.0,0.0
49.197,0,0.0,0.0
49.203,0,0.0,0.0
49.207,0,0.0,0.0
49.212,0,0.0,0.0
49.217,0,0.0,0.0
49.223,0,0.0,0.0
49.228,0,0.0,0.0
49.232,0,0.0,0.0
49.237,0,0.0,0.0
49.242,0,0.0,0.0
49.248,0,0.0,0.0
49.252,0,0.0,0.0
49.259,0,0.0,0.0
49.262,0,0.0,0.0
49.267,0,0.0,0.0
49.272,0,0.0,0.0
49.278,0,0.0,0.0
49.282,0,0.0,0.0
49.288,0,0.0,0.0
49.292,0,0.0,0.0
49.297,0,0.0,0.0
49.302,0,0.0,0.0
49.307,0,0.0,0.0
49.313,0,0.0,0.0
49.317,0,0.0,0.0
49.323,0,0.0,0.0
49.327,0,0.0,0.0
49.333,0,0.0,0.0
49.337,0,0.0,0.0
49.342,0,0.0,0.0
49.347,0,0.0,0.0
49.352,0,0.0,0.0
49.357,0,0.0,0.0
49.362,0,0.0,0.0
49.368,0,0.0,0.0
49.372,0,0.0,0.0
49.377,0,0.0,0.0
49.382,0,0.0,0.0
49.387,0,0.0,0.0
49.392,0,0.0,0.0
49.398,0,0.0,0.0
49.402,0,0.0,0.0
49.407,0,0.0,0.0
49.412,0,0.0,0.0
49.417,0,0.0,0.0
49.423,0,0.0,0.0
49.428,0,0.0,0.0
49.432,0,0.0,0.0
49.437,0,0.0,0.0
49.442,0,0.0,0.0
49.448,0,0.0,0.0
49.452,0,0.0,0.0
49.458,0,0.0,0.0
49.462,0,0.0,0.0
49.467,0,0.0,0.0
49.472,0,0.0,0.0
49.478,0,0.0,0.0
49.483,0,0.0,0.0
49.487,0,0.0,0.0
49.492,0,0.0,0.0
49.497,0,0.0,0.0
49.502,0,0.0,0.0
49.507,0,0.0,0.0
49.513,0,0.0,0.0
49.517,0,0.0,0.0
49.523,0,0.0,0.0
49.527,0,0.0,0.0
49.533,0,0.0,0.0
49.538,0,0.0,0.0
49.542,0,0.0,0.0
49.548,0,0.0,0.0
49.552,0,0.0,0.0
49.557,0,0.0,0.0
49.563,0,0.0,0.0
49.567,0,0.0,0.0
49.572,0,0.0,0.0
49.577,0,0.0,0.0
49.582,0,0.0,0.0
49.587,0,0.0,0.0
49.593,0,0.0,0.0
49.597,0,0.0,0.0
49.602,0,0.0,0.0
49.607,0,0.0,0.0
49.612,0,0.0,0.0
49.618,0,0.0,0.0
49.623,0,0.0,0.0
49.627,0,0.0,0.0
49.633,0,0.0,0.0
49.637,0,0.0,0.0
49.642,0,0.0,0.0
49.648,0,0.0,0.0
49.652,0,0.0,0.0
49.658,0,0.0,0.0
49.662,0,0.0,0.0
49.667,0,0.0,0.0
49.673,0,0.0,0.0
49.677,0,0.0,0.0
49.683,0,0.0,0.0
49.687,0,0.0,0.0
49.692,0,0.0,0.0
49.697,0,0.0,0.0
49.704,0,0.0,0.0
49.708,0,0.0,0.0
49.713,0,0.0,0.0
49.719,0,0.0,0.0
49.723,0,0.0,0.0
49.728,0,0.0,0.0
49.733,0,0.0,0.0
49.739,0,0.0,0.0
49.744,0,0.0,0.0
49.748,0,0.0,0.0
49.754,0,0.0,0.0
49.758,0,0.0,0.0
49.763,0,0.0,0.0
49.769,0,0.0,0.0
49.773,0,0.0,0.0
49.779,0,0.0,0.0
49.783,0,0.0,0.0
49.788,0,0.0,0.0
49.793,0,0.0,0.0
49.799,0,0.0,0.0
49.804,0,0.0,0.0
49.808,0,0.0,0.0
49.813,0,0.0,0.0
49.818,0,0.0,0.0
49.824,0,0.0,0.0
49.829,0,0.0,0.0
49.833,0,0.0,0.0
49.839,0,0.0,0.0
49.843,0,0.0,0.0
49.848,0,0.0,0.0
49.854,0,0.0,0.0
49.859,0,0.0,0.0
49.863,0,0.0,0.0
49.869,0,0.0,0.0
49.873,0,0.0,0.0
49.879,0,0.0,0.0
49.883,0,0.0,0.0
49.889,0,0.0,0.0
49.893,0,0.0,0.0
49.899,0,0.0,0.0
49.903,0,0.0,0.0
49.909,0,0.0,0.0
49.913,0,0.0,0.0
49.918,0,0.0,0.0
49.924,0,0.0,0.0
49.928,0,0.0,0.0
49.933,0,0.0,0.0
49.938,0,0.0,0.0
49.944,0,0.0,0.0
49.95,0,0.0,0.0
49.953,0,0.0,0.0
49.959,0,0.0,0.0
49.963,0,0.0,0.0
49.969,0,0.0,0.0
49.974,0,0.0,0.0
49.978,0,0.0,0.0
49.983,0,0.0,0.0
49.988,0,0.0,0.0
49.994,0,0.0,0.0
49.999,0,0.0,0.0
50.003,0,0.0,0.0
50.009,0,0.0,0.0
50.013,0,0.0,0.0
50.018,0,0.0,0.0
50.023,0,0.0,0.0
50.029,0,0.0,0.0
50.035,0,0.0,0.0
50.038,0,0.0,0.0
50.043,0,0.0,0.0
50.048,0,0.0,0.0
50.054,0,0.0,0.0
50.058,0,0.0,0.0
50.064,0,0.0,0.0
50.068,0,0.0,0.0
50.073,0,0.0,0.0
50.079,0,0.0,0.0
50.084,0,0.0,0.0
50.089,0,0.0,0.0
50.093,0,0.0,0.0
50.1,0,0.0,0.0
50.103,0,0.0,0.0
50.108,0,0.0,0.0
50.113,0,0.0,0.0
50.118,0,0.0,0.0
50.124,0,0.0,0.0
50.128,0,0.0,0.0
50.134,0,0.0,0.0
50.138,0,0.0,0.0
50.144,0,0.0,0.0
50.149,0,0.0,0.0
50.153,0,0.0,0.0
50.158,0,0.0,0.0
50.163,0,0.0,0.0
50.169,0,0.0,0.0
50.173,0,0.0,0.0
50.179,0,0.0,0.0
50.183,0,0.0,0.0
50.188,0,0.0,0.0
50.194,0,0.0,0.0
50.198,0,0.0,0.0
50.204,0,0.0,0.0
50.208,0,0.0,0.0
50.214,0,0.0,0.0
50.218,0,0.0,0.0
50.224,0,0.0,0.0
50.229,0,0.0,0.0
50.233,0,0.0,0.0
50.239,0,0.0,0.0
50.243,0,0.0,0.0
50.248,0,0.0,0.0
50.254,0,0.0,0.0
50.259,0,0.0,0.0
50.264,0,0.0,0.0
50.268,0,0.0,0.0
50.273,0,0.0,0.0
50.278,0,0.0,0.0
50.284,0,0.0,0.0
50.288,0,0.0,0.0
50.293,0,0.0,0.0
50.298,0,0.0,0.0
50.303,0,0.0,0.0
50.309,0,0.0,0.0
50.313,0,0.0,0.0
50.319,0,0.0,0.0
50.323,0,0.0,0.0
50.328,0,0.0,0.0
50.333,0,0.0,0.0
50.338,0,0.0,0.0
50.344,0,0.0,0.0
50.348,0,0.0,0.0
50.354,0,0.0,0.0
50.358,0,0.0,0.0
50.363,0,0.0,0.0
50.369,0,0.0,0.0
50.373,0,0.0,0.0
50.379,0,0.0,0.0
50.383,0,0.0,0.0
50.388,0,0.0,0.0
50.393,0,0.0,0.0
50.399,0,0.0,0.0
50.404,0,0.0,0.0
50.408,0,0.0,0.0
50.413,0,0.0,0.0
50.418,0,0.0,0.0
50.423,0,0.0,0.0
50.428,0,0.0,0.0
50.434,0,0.0,0.0
50.438,0,0.0,0.0
50.443,0,0.0,0.0
50.448,0,0.0,0.0
50.454,0,0.0,0.0
50.458,0,0.0,0.0
50.463,0,0.0,0.0
50.469,0,0.0,0.0
50.473,0,0.0,0.0
50.479,0,0.0,0.0
50.483,0,0.0,0.0
50.488,0,0.0,0.0
50.493,0,0.0,0.0
50.499,0,0.0,0.0
50.503,0,0.0,0.0
50.508,0,0.0,0.0
50.514,0,0.0,0.0
50.519,0,0.0,0.0
50.523,0,0.0,0.0
50.528,0,0.0,0.0
50.533,0,0.0,0.0
50.538,0,0.0,0.0
50.544,0,0.0,0.0
50.548,0,0.0,0.0
50.554,0,0.0,0.0
50.558,0,0.0,0.0
50.563,0,0.0,0.0
50.568,0,0.0,0.0
50.574,0,0.0,0.0
50.578,0,0.0,0.0
50.583,0,0.0,0.0
50.588,0,0.0,0.0
50.593,0,0.0,0.0
50.598,0,0.0,0.0
50.603,0,0.0,0.0
50.609,0,0.0,0.0
50.613,0,0.0,0.0
50.619,0,0.0,0.0
50.623,0,0.0,0.0
50.628,0,0.0,0.0
50.633,0,0.0,0.0
50.639,0,0.0,0.0
50.643,0,0.0,0.0
50.648,0,0.0,0.0
50.653,0,0.0,0.0
50.659,0,0.0,0.0
50.663,0,0.0,0.0
50.67,0,0.0,0.0
50.673,0,0.0,0.0
50.678,0,0.0,0.0
50.684,0,0.0,0.0
50.688,0,0.0,0.0
50.694,0,0.0,0.0
50.698,0,0.0,0.0
50.703,0,0.0,0.0
50.708,0,0.0,0.0
50.714,0,0.0,0.0
50.719,0,0.0,0.0
50.723,0,0.0,0.0
50.728,0,0.0,0.0
50.733,0,0.0,0.0
50.738,0,0.0,0.0
50.743,0,0.0,0.0
50.749,0,0.0,0.0
50.753,0,0.0,0.0
50.758,0,0.0,0.0
50.765,0,0.0,0.0
50.78,0,0.0,0.0
50.782,0,0.0,0.0
50.783,0,0.0,0.0
50.783,0,0.0,0.0
50.788,0,0.0,0.0
50.803,0,0.0,0.0
50.804,0,0.0,0.0
50.806,0,0.0,0.0
50.808,0,0.0,0.0
50.813,0,0.0,0.0
50.818,0,0.0,0.0
50.824,0,0.0,0.0
50.828,0,0.0,0.0
50.833,0,0.0,0.0
50.838,0,0.0,0.0
50.844,0,0.0,0.0
50.849,0,0.0,0.0
50.854,0,0.0,0.0
50.858,0,0.0,0.0
50.863,0,0.0,0.0
50.868,0,0.0,0.0
50.873,0,0.0,0.0
50.878,0,0.0,0.0
50.883,0,0.0,0.0
50.889,0,0.0,0.0
50.894,0,0.0,0.0
50.898,0,0.0,0.0
50.903,0,0.0,0.0
50.908,0,0.0,0.0
50.914,0,0.0,0.0
50.919,0,0.0,0.0
50.923,0,0.0,0.0
50.928,0,0.0,0.0
50.934,0,0.0,0.0
50.938,0,0.0,0.0
50.944,0,0.0,0.0
50.949,0,0.0,0.0
50.953,0,0.0,0.0
50.958,0,0.0,0.0
50.963,0,0.0,0.0
50.968,0,0.0,0.0
50.974,0,0.0,0.0
50.979,0,0.0,0.0
50.983,0,0.0,0.0
50.988,0,0.0,0.0
50.993,0,0.0,0.0
50.999,0,0.0,0.0
51.004,0,0.0,0.0
51.008,0,0.0,0.0
51.013,0,0.0,0.0
51.018,0,0.0,0.0
51.024,0,0.0,0.0
51.029,0,0.0,0.0
51.034,0,0.0,0.0
51.038,0,0.0,0.0
51.043,0,0.0,0.0
51.048,0,0.0,0.0
51.053,0,0.0,0.0
51.058,0,0.0,0.0
51.064,0,0.0,0.0
51.068,0,0.0,0.0
51.073,0,0.0,0.0
51.078,0,0.0,0.0
51.084,0,0.0,0.0
51.089,0,0.0,0.0
51.093,0,0.0,0.0
51.098,0,0.0,0.0
51.103,0,0.0,0.0
51.108,0,0.0,0.0
51.114,0,0.0,0.0
51.119,0,0.0,0.0
51.123,0,0.0,0.0
51.128,0,0.0,0.0
51.133,0,0.0,0.0
51.139,0,0.0,0.0
51.143,0,0.0,0.0
51.149,0,0.0,0.0
51.154,0,0.0,0.0
51.158,0,0.0,0.0
51.163,0,0.0,0.0
51.168,0,0.0,0.0
51.174,0,0.0,0.0
51.178,0,0.0,0.0
51.183,0,0.0,0.0
51.188,0,0.0,0.0
51.193,0,0.0,0.0
51.198,0,0.0,0.0
51.204,0,0.0,0.0
51.208,0,0.0,0.0
51.213,0,0.0,0.0
51.218,0,0.0,0.0
51.223,0,0.0,0.0
51.228,0,0.0,0.0
51.234,0,0.0,0.0
51.238,0,0.0,0.0
51.243,0,0.0,0.0
51.248,0,0.0,0.0
51.254,0,0.0,0.0
51.259,0,0.0,0.0
51.263,0,0.0,0.0
51.269,0,0.0,0.0
51.273,0,0.0,0.0
51.279,0,0.0,0.0
51.284,0,0.0,0.0
51.289,0,0.0,0.0
51.293,0,0.0,0.0
51.299,0,0.0,0.0
51.303,0,0.0,0.0
51.308,0,0.0,0.0
51.313,0,0.0,0.0
51.319,0,0.0,0.0
51.323,0,0.0,0.0
51.328,0,0.0,0.0
51.333,0,0.0,0.0
51.339,0,0.0,0.0
51.343,0,0.0,0.0
51.349,0,0.0,0.0
51.353,0,0.0,0.0
51.358,0,0.0,0.0
51.363,0,0.0,0.0
51.368,0,0.0,0.0
51.373,0,0.0,0.0
51.378,0,0.0,0.0
51.383,0,0.0,0.0
51.388,0,0.0,0.0
51.393,0,0.0,0.0
51.398,0,0.0,0.0
51.403,0,0.0,0.0
51.408,0,0.0,0.0
51.413,0,0.0,0.0
51.418,0,0.0,0.0
51.423,0,0.0,0.0
51.428,0,0.0,0.0
51.433,0,0.0,0.0
51.438,0,0.0,0.0
51.443,0,0.0,0.0
51.448,0,0.0,0.0
51.453,0,0.0,0.0
51.458,0,0.0,0.0
51.463,0,0.0,0.0
51.468,0,0.0,0.0
51.473,0,0.0,0.0
51.478,0,0.0,0.0
51.483,0,0.0,0.0
51.489,0,0.0,0.0
51.493,0,0.0,0.0
51.498,0,0.0,0.0
51.503,0,0.0,0.0
51.509,0,0.0,0.0
51.513,0,0.0,0.0
51.519,0,0.0,0.0
51.523,0,0.0,0.0
51.528,0,0.0,0.0
51.533,0,0.0,0.0
51.539,0,0.0,0.0
51.544,0,0.0,0.0
51.548,0,0.0,0.0
51.554,0,0.0,0.0
51.558,0,0.0,0.0
51.563,0,0.0,0.0
51.568,0,0.0,0.0
51.573,0,0.0,0.0
51.579,0,0.0,0.0
51.583,0,0.0,0.0
51.588,0,0.0,0.0
51.593,0,0.0,0.0
51.599,0,0.0,0.0
51.604,0,0.0,0.0
51.608,0,0.0,0.0
51.613,0,0.0,0.0
51.618,0,0.0,0.0
51.623,0,0.0,0.0
51.629,0,0.0,0.0
51.634,0,0.0,0.0
51.639,0,0.0,0.0
51.643,0,0.0,0.0
51.648,0,0.0,0.0
51.654,0,0.0,0.0
51.658,0,0.0,0.0
51.664,0,0.0,0.0
51.668,0,0.0,0.0
51.673,0,0.0,0.0
51.679,0,0.0,0.0
51.683,0,0.0,0.0
51.688,0,0.0,0.0
51.694,0,0.0,0.0
51.698,0,0.0,0.0
51.704,0,0.0,0.0
51.709,0,0.0,0.0
51.714,0,0.0,0.0
51.719,0,0.0,0.0
51.726,0,0.0,0.0
51.729,0,0.0,0.0
51.734,0,0.0,0.0
51.739,0,0.0,0.0
51.745,0,0.0,0.0
51.749,0,0.0,0.0
51.755,0,0.0,0.0
51.759,0,0.0,0.0
51.764,0,0.0,0.0
51.769,0,0.0,0.0
51.775,0,0.0,0.0
51.78,0,0.0,0.0
51.784,0,0.0,0.0
51.79,0,0.0,0.0
51.794,0,0.0,0.0
51.799,0,0.0,0.0
51.805,0,0.0,0.0
51.809,0,0.0,0.0
51.815,0,0.0,0.0
51.819,0,0.0,0.0
51.824,0,0.0,0.0
51.83,0,0.0,0.0
51.834,0,0.0,0.0
51.84,0,0.0,0.0
51.844,0,0.0,0.0
51.849,0,0.0,0.0
51.854,0,0.0,0.0
51.86,0,0.0,0.0
51.864,0,0.0,0.0
51.87,0,0.0,0.0
51.874,0,0.0,0.0
51.879,0,0.0,0.0
51.884,0,0.0,0.0
51.89,0,0.0,0.0
51.895,0,0.0,0.0
51.899,0,0.0,0.0
51.905,0,0.0,0.0
51.909,0,0.0,0.0
51.915,0,0.0,0.0
51.919,0,0.0,0.0
51.924,0,0.0,0.0
51.93,0,0.0,0.0
51.934,0,0.0,0.0
51.939,0,0.0,0.0
51.944,0,0.0,0.0
51.949,0,0.0,0.0
51.955,0,0.0,0.0
51.959,0,0.0,0.0
51.965,0,0.0,0.0
51.969,0,0.0,0.0
51.975,0,0.0,0.0
51.98,0,0.0,0.0
51.984,0,0.0,0.0
51.99,0,0.0,0.0
51.994,0,0.0,0.0
51.999,0,0.0,0.0
52.004,0,0.0,0.0
52.009,0,0.0,0.0
52.014,0,0.0,0.0
52.019,0,0.0,0.0
52.024,0,0.0,0.0
52.029,0,0.0,0.0
52.034,0,0.0,0.0
52.04,0,0.0,0.0
52.044,0,0.0,0.0
52.049,0,0.0,0.0
52.054,0,0.0,0.0
52.059,0,0.0,0.0
52.064,0,0.0,0.0
52.069,0,0.0,0.0
52.075,0,0.0,0.0
52.079,0,0.0,0.0
52.084,0,0.0,0.0
52.09,0,0.0,0.0
52.094,0,0.0,0.0
52.1,0,0.0,0.0
52.104,0,0.0,0.0
52.109,0,0.0,0.0
52.114,0,0.0,0.0
52.12,0,0.0,0.0
52.125,0,0.0,0.0
52.13,0,0.0,0.0
52.134,0,0.0,0.0
52.139,0,0.0,0.0
52.145,0,0.0,0.0
52.149,0,0.0,0.0
52.154,0,0.0,0.0
52.159,0,0.0,0.0
52.164,0,0.0,0.0
52.169,0,0.0,0.0
52.174,0,0.0,0.0
52.18,0,0.0,0.0
52.184,0,0.0,0.0
52.189,0,0.0,0.0
52.194,0,0.0,0.0
52.2,0,0.0,0.0
52.204,0,0.0,0.0
52.209,0,0.0,0.0
52.215,0,0.0,0.0
52.219,0,0.0,0.0
52.224,0,0.0,0.0
52.23,0,0.0,0.0
52.235,0,0.0,0.0
52.239,0,0.0,0.0
52.245,0,0.0,0.0
52.249,0,0.0,0.0
52.254,0,0.0,0.0
52.259,0,0.0,0.0
52.264,0,0.0,0.0
52.27,0,0.0,0.0
52.274,0,0.0,0.0
52.279,0,0.0,0.0
52.284,0,0.0,0.0
52.289,0,0.0,0.0
52.295,0,0.0,0.0
52.299,0,0.0,0.0
52.304,0,0.0,0.0
52.31,0,0.0,0.0
52.314,0,0.0,0.0
52.319,0,0.0,0.0
52.324,0,0.0,0.0
52.329,0,0.0,0.0
52.334,0,0.0,0.0
52.339,0,0.0,0.0
52.344,0,0.0,0.0
52.35,0,0.0,0.0
52.355,0,0.0,0.0
52.359,0,0.0,0.0
52.364,0,0.0,0.0
52.369,0,0.0,0.0
52.375,0,0.0,0.0
52.38,0,0.0,0.0
52.384,0,0.0,0.0
52.39,0,0.0,0.0
52.394,0,0.0,0.0
52.399,0,0.0,0.0
52.404,0,0.0,0.0
52.41,0,0.0,0.0
52.414,0,0.0,0.0
52.42,0,0.0,0.0
52.424,0,0.0,0.0
52.429,0,0.0,0.0
52.435,0,0.0,0.0
52.439,0,0.0,0.0
52.444,0,0.0,0.0
52.449,0,0.0,0.0
52.454,0,0.0,0.0
52.46,0,0.0,0.0
52.464,0,0.0,0.0
52.47,0,0.0,0.0
52.474,0,0.0,0.0
52.479,0,0.0,0.0
52.484,0,0.0,0.0
52.489,0,0.0,0.0
52.494,0,0.0,0.0
52.5,0,0.0,0.0
52.504,0,0.0,0.0
52.509,0,0.0,0.0
52.514,0,0.0,0.0
52.519,0,0.0,0.0
52.525,0,0.0,0.0
52.529,0,0.0,0.0
52.553,0,0.0,0.0
52.561,0,0.0,0.0
52.563,0,0.0,0.0
52.567,0,0.0,0.0
52.567,0,0.0,0.0
52.568,0,0.0,0.0
52.57,0,0.0,0.0
52.571,0,0.0,0.0
52.575,0,0.0,0.0
52.582,0,0.0,0.0
52.588,0,0.0,0.0
52.589,0,0.0,0.0
52.594,0,0.0,0.0
52.599,0,0.0,0.0
52.604,0,0.0,0.0
52.609,0,0.0,0.0
52.614,0,0.0,0.0
52.619,0,0.0,0.0
52.624,0,0.0,0.0
52.629,0,0.0,0.0
52.634,0,0.0,0.0
52.639,0,0.0,0.0
52.644,0,0.0,0.0
52.649,0,0.0,0.0
52.654,0,0.0,0.0
52.659,0,0.0,0.0
52.665,0,0.0,0.0
52.669,0,0.0,0.0
52.675,0,0.0,0.0
52.679,0,0.0,0.0
52.685,0,0.0,0.0
52.69,0,0.0,0.0
52.694,0,0.0,0.0
52.699,0,0.0,0.0
52.704,0,0.0,0.0
52.709,0,0.0,0.0
52.714,0,0.0,0.0
52.72,0,0.0,0.0
52.725,0,0.0,0.0
52.729,0,0.0,0.0
52.735,0,0.0,0.0
52.739,0,0.0,0.0
52.745,0,0.0,0.0
52.749,0,0.0,0.0
52.756,0,0.0,0.0
52.759,0,0.0,0.0
52.764,0,0.0,0.0
52.769,0,0.0,0.0
52.775,0,0.0,0.0
52.779,0,0.0,0.0
52.785,0,0.0,0.0
52.789,0,0.0,0.0
52.794,0,0.0,0.0
52.799,0,0.0,0.0
52.805,0,0.0,0.0
52.81,0,0.0,0.0
52.815,0,0.0,0.0
52.819,0,0.0,0.0
52.824,0,0.0,0.0
52.829,0,0.0,0.0
52.835,0,0.0,0.0
52.84,0,0.0,0.0
52.844,0,0.0,0.0
52.849,0,0.0,0.0
52.855,0,0.0,0.0
52.859,0,0.0,0.0
52.865,0,0.0,0.0
52.87,0,0.0,0.0
52.874,0,0.0,0.0
52.879,0,0.0,0.0
52.884,0,0.0,0.0
52.889,0,0.0,0.0
52.895,0,0.0,0.0
52.9,0,0.0,0.0
52.904,0,0.0,0.0
52.909,0,0.0,0.0
52.914,0,0.0,0.0
52.92,0,0.0,0.0
52.924,0,0.0,0.0
52.93,0,0.0,0.0
52.934,0,0.0,0.0
52.939,0,0.0,0.0
52.945,0,0.0,0.0
52.949,0,0.0,0.0
52.955,0,0.0,0.0
52.959,0,0.0,0.0
52.964,0,0.0,0.0
52.969,0,0.0,0.0
52.975,0,0.0,0.0
52.98,0,0.0,0.0
52.984,0,0.0,0.0
52.99,0,0.0,0.0
52.994,0,0.0,0.0
52.999,0,0.0,0.0
53.004,0,0.0,0.0
53.01,0,0.0,0.0
53.014,0,0.0,0.0
53.02,0,0.0,0.0
53.024,0,0.0,0.0
53.03,0,0.0,0.0
53.034,0,0.0,0.0
53.039,0,0.0,0.0
53.045,0,0.0,0.0
53.049,0,0.0,0.0
53.054,0,0.0,0.0
53.06,0,0.0,0.0
53.064,0,0.0,0.0
53.07,0,0.0,0.0
53.074,0,0.0,0.0
53.079,0,0.0,0.0
53.084,0,0.0,0.0
53.09,0,0.0,0.0
53.094,0,0.0,0.0
53.099,0,0.0,0.0
53.105,0,0.0,0.0
53.109,0,0.0,0.0
53.115,0,0.0,0.0
53.12,0,0.0,0.0
53.124,0,0.0,0.0
53.13,0,0.0,0.0
53.134,0,0.0,0.0
53.139,0,0.0,0.0
53.144,0,0.0,0.0
53.15,0,0.0,0.0
53.154,0,0.0,0.0
53.159,0,0.0,0.0
53.164,0,0.0,0.0
53.169,0,0.0,0.0
53.175,0,0.0,0.0
53.179,0,0.0,0.0
53.185,0,0.0,0.0
53.189,0,0.0,0.0
53.194,0,0.0,0.0
53.199,0,0.0,0.0
53.205,0,0.0,0.0
53.21,0,0.0,0.0
53.214,0,0.0,0.0
53.219,0,0.0,0.0
53.224,0,0.0,0.0
53.23,0,0.0,0.0
53.235,0,0.0,0.0
53.24,0,0.0,0.0
53.244,0,0.0,0.0
53.249,0,0.0,0.0
53.254,0,0.0,0.0
53.26,0,0.0,0.0
53.265,0,0.0,0.0
53.269,0,0.0,0.0
53.275,0,0.0,0.0
53.279,0,0.0,0.0
53.284,0,0.0,0.0
53.289,0,0.0,0.0
53.295,0,0.0,0.0
53.299,0,0.0,0.0
53.304,0,0.0,0.0
53.309,0,0.0,0.0
53.314,0,0.0,0.0
53.32,0,0.0,0.0
53.324,0,0.0,0.0
53.33,0,0.0,0.0
53.334,0,0.0,0.0
53.339,0,0.0,0.0
53.345,0,0.0,0.0
53.349,0,0.0,0.0
53.355,0,0.0,0.0
53.359,0,0.0,0.0
53.364,0,0.0,0.0
53.369,0,0.0,0.0
53.374,0,0.0,0.0
53.38,0,0.0,0.0
53.384,0,0.0,0.0
53.39,0,0.0,0.0
53.394,0,0.0,0.0
53.399,0,0.0,0.0
53.404,0,0.0,0.0
53.409,0,0.0,0.0
53.415,0,0.0,0.0
53.419,0,0.0,0.0
53.424,0,0.0,0.0
53.429,0,0.0,0.0
53.435,0,0.0,0.0
53.439,0,0.0,0.0
53.444,0,0.0,0.0
53.449,0,0.0,0.0
53.454,0,0.0,0.0
53.459,0,0.0,0.0
53.465,0,0.0,0.0
53.47,0,0.0,0.0
53.474,0,0.0,0.0
53.479,0,0.0,0.0
53.484,0,0.0,0.0
53.489,0,0.0,0.0
53.494,0,0.0,0.0
53.5,0,0.0,0.0
53.504,0,0.0,0.0
53.509,0,0.0,0.0
53.515,0,0.0,0.0
53.519,0,0.0,0.0
53.524,0,0.0,0.0
53.529,0,0.0,0.0
53.534,0,0.0,0.0
53.539,0,0.0,0.0
53.545,0,0.0,0.0
53.549,0,0.0,0.0
53.555,0,0.0,0.0
53.559,0,0.0,0.0
53.564,0,0.0,0.0
53.569,0,0.0,0.0
53.575,0,0.0,0.0
53.58,0,0.0,0.0
53.584,0,0.0,0.0
53.59,0,0.0,0.0
53.594,0,0.0,0.0
53.599,0,0.0,0.0
53.605,0,0.0,0.0
53.609,0,0.0,0.0
53.615,0,0.0,0.0
53.619,0,0.0,0.0
53.624,0,0.0,0.0
53.629,0,0.0,0.0
53.635,0,0.0,0.0
53.64,0,0.0,0.0
53.644,0,0.0,0.0
53.65,0,0.0,0.0
53.654,0,0.0,0.0
53.659,0,0.0,0.0
53.665,0,0.0,0.0
53.669,0,0.0,0.0
53.675,0,0.0,0.0
53.679,0,0.0,0.0
53.684,0,0.0,0.0
53.689,0,0.0,0.0
53.695,0,0.0,0.0
53.699,0,0.0,0.0
53.706,0,0.0,0.0
53.71,0,0.0,0.0
53.715,0,0.0,0.0
53.72,0,0.0,0.0
53.725,0,0.0,0.0
53.73,0,0.0,0.0
53.735,0,0.0,0.0
53.74,0,0.0,0.0
53.745,0,0.0,0.0
53.751,0,0.0,0.0
53.755,0,0.0,0.0
53.76,0,0.0,0.0
53.766,0,0.0,0.0
53.77,0,0.0,0.0
53.775,0,0.0,0.0
53.78,0,0.0,0.0
53.785,0,0.0,0.0
53.79,0,0.0,0.0
53.796,0,0.0,0.0
53.8,0,0.0,0.0
53.805,0,0.0,0.0
53.81,0,0.0,0.0
53.816,0,0.0,0.0
53.82,0,0.0,0.0
53.825,0,0.0,0.0
53.83,0,0.0,0.0
53.835,0,0.0,0.0
53.841,0,0.0,0.0
53.846,0,0.0,0.0
53.85,0,0.0,0.0
53.855,0,0.0,0.0
53.86,0,0.0,0.0
53.865,0,0.0,0.0
53.871,0,0.0,0.0
53.875,0,0.0,0.0
53.881,0,0.0,0.0
53.885,0,0.0,0.0
53.89,0,0.0,0.0
53.896,0,0.0,0.0
53.9,0,0.0,0.0
53.906,0,0.0,0.0
53.91,0,0.0,0.0
53.915,0,0.0,0.0
53.92,0,0.0,0.0
53.926,0,0.0,0.0
53.931,0,0.0,0.0
53.935,0,0.0,0.0
53.94,0,0.0,0.0
53.945,0,0.0,0.0
53.95,0,0.0,0.0
53.956,0,0.0,0.0
53.96,0,0.0,0.0
53.966,0,0.0,0.0
53.97,0,0.0,0.0
53.975,0,0.0,0.0
53.98,0,0.0,0.0
53.986,0,0.0,0.0
53.99,0,0.0,0.0
53.995,0,0.0,0.0
54.0,0,0.0,0.0
54.006,0,0.0,0.0
54.01,0,0.0,0.0
54.016,0,0.0,0.0
54.02,0,0.0,0.0
54.025,0,0.0,0.0
54.03,0,0.0,0.0
54.035,0,0.0,0.0
54.041,0,0.0,0.0
54.045,0,0.0,0.0
54.05,0,0.0,0.0
54.055,0,0.0,0.0
54.06,0,0.0,0.0
54.065,0,0.0,0.0
54.071,0,0.0,0.0
54.075,0,0.0,0.0
54.08,0,0.0,0.0
54.085,0,0.0,0.0
54.09,0,0.0,0.0
54.096,0,0.0,0.0
54.1,0,0.0,0.0
54.105,0,0.0,0.0
54.11,0,0.0,0.0
54.115,0,0.0,0.0
54.12,0,0.0,0.0
54.126,0,0.0,0.0
54.13,0,0.0,0.0
54.136,0,0.0,0.0
54.14,0,0.0,0.0
54.145,0,0.0,0.0
54.151,0,0.0,0.0
54.155,0,0.0,0.0
54.16,0,0.0,0.0
54.166,0,0.0,0.0
54.17,0,0.0,0.0
54.175,0,0.0,0.0
54.181,0,0.0,0.0
54.186,0,0.0,0.0
54.19,0,0.0,0.0
54.196,0,0.0,0.0
54.2,0,0.0,0.0
54.205,0,0.0,0.0
54.21,0,0.0,0.0
54.215,0,0.0,0.0
54.221,0,0.0,0.0
54.225,0,0.0,0.0
54.23,0,0.0,0.0
54.235,0,0.0,0.0
54.24,0,0.0,0.0
54.245,0,0.0,0.0
54.25,0,0.0,0.0
54.255,0,0.0,0.0
54.26,0,0.0,0.0
54.265,0,0.0,0.0
54.271,0,0.0,0.0
54.275,0,0.0,0.0
54.28,0,0.0,0.0
54.285,0,0.0,0.0
54.29,0,0.0,0.0
54.296,0,0.0,0.0
54.3,0,0.0,0.0
54.306,0,0.0,0.0
54.31,0,0.0,0.0
54.315,0,0.0,0.0
54.321,0,0.0,0.0
54.325,0,0.0,0.0
54.331,0,0.0,0.0
54.336,0,0.0,0.0
54.34,0,0.0,0.0
54.345,0,0.0,0.0
54.35,0,0.0,0.0
54.356,0,0.0,0.0
54.361,0,0.0,0.0
54.365,0,0.0,0.0
54.37,0,0.0,0.0
54.375,0,0.0,0.0
54.38,0,0.0,0.0
54.385,0,0.0,0.0
54.391,0,0.0,0.0
54.395,0,0.0,0.0
54.4,0,0.0,0.0
54.405,0,0.0,0.0
54.411,0,0.0,0.0
54.416,0,0.0,0.0
54.454,0,0.0,0.0
54.471,0,0.0,0.0
54.472,0,0.0,0.0
54.472,0,0.0,0.0
54.472,0,0.0,0.0
54.473,0,0.0,0.0
54.473,0,0.0,0.0
54.473,0,0.0,0.0
54.474,0,0.0,0.0
54.474,0,0.0,0.0
54.474,0,0.0,0.0
54.475,0,0.0,0.0
54.48,0,0.0,0.0
54.485,0,0.0,0.0
54.49,0,0.0,0.0
54.495,0,0.0,0.0
54.5,0,0.0,0.0
54.505,0,0.0,0.0
54.51,0,0.0,0.0
54.515,0,0.0,0.0
54.52,0,0.0,0.0
54.525,0,0.0,0.0
54.531,0,0.0,0.0
54.535,0,0.0,0.0
54.54,0,0.0,0.0
54.545,0,0.0,0.0
54.55,0,0.0,0.0
54.556,0,0.0,0.0
54.56,0,0.0,0.0
54.565,0,0.0,0.0
54.57,0,0.0,0.0
54.575,0,0.0,0.0
54.58,0,0.0,0.0
54.585,0,0.0,0.0
54.591,0,0.0,0.0
54.595,0,0.0,0.0
54.6,0,0.0,0.0
54.605,0,0.0,0.0
54.611,0,0.0,0.0
54.616,0,0.0,0.0
54.62,0,0.0,0.0
54.625,0,0.0,0.0
54.63,0,0.0,0.0
54.635,0,0.0,0.0
54.64,0,0.0,0.0
54.645,0,0.0,0.0
54.651,0,0.0,0.0
54.655,0,0.0,0.0
54.66,0,0.0,0.0
54.665,0,0.0,0.0
54.671,0,0.0,0.0
54.675,0,0.0,0.0
54.681,0,0.0,0.0
54.685,0,0.0,0.0
54.69,0,0.0,0.0
54.695,0,0.0,0.0
54.7,0,0.0,0.0
54.705,0,0.0,0.0
54.71,0,0.0,0.0
54.715,0,0.0,0.0
54.72,0,0.0,0.0
54.725,0,0.0,0.0
54.731,0,0.0,0.0
54.735,0,0.0,0.0
54.74,0,0.0,0.0
54.745,0,0.0,0.0
54.75,0,0.0,0.0
54.755,0,0.0,0.0
54.76,0,0.0,0.0
54.766,0,0.0,0.0
54.77,0,0.0,0.0
54.775,0,0.0,0.0
54.78,0,0.0,0.0
54.786,0,0.0,0.0
54.79,0,0.0,0.0
54.796,0,0.0,0.0
54.8,0,0.0,0.0
54.805,0,0.0,0.0
54.81,0,0.0,0.0
54.816,0,0.0,0.0
54.82,0,0.0,0.0
54.826,0,0.0,0.0
54.83,0,0.0,0.0
54.835,0,0.0,0.0
54.84,0,0.0,0.0
54.846,0,0.0,0.0
54.851,0,0.0,0.0
54.855,0,0.0,0.0
54.86,0,0.0,0.0
54.865,0,0.0,0.0
54.871,0,0.0,0.0
54.875,0,0.0,0.0
54.88,0,0.0,0.0
54.885,0,0.0,0.0
54.89,0,0.0,0.0
54.895,0,0.0,0.0
54.9,0,0.0,0.0
54.906,0,0.0,0.0
54.91,0,0.0,0.0
54.915,0,0.0,0.0
54.92,0,0.0,0.0
54.925,0,0.0,0.0
54.931,0,0.0,0.0
54.935,0,0.0,0.0
54.94,0,0.0,0.0
54.945,0,0.0,0.0
54.951,0,0.0,0.0
54.956,0,0.0,0.0
54.96,0,0.0,0.0
54.966,0,0.0,0.0
54.97,0,0.0,0.0
54.976,0,0.0,0.0
54.98,0,0.0,0.0
54.986,0,0.0,0.0
54.99,0,0.0,0.0
54.996,0,0.0,0.0
55.0,0,0.0,0.0
55.006,0,0.0,0.0
55.011,0,0.0,0.0
55.015,0,0.0,0.0
55.021,0,0.0,0.0
55.025,0,0.0,0.0
55.03,0,0.0,0.0
55.035,0,0.0,0.0
55.04,0,0.0,0.0
55.045,0,0.0,0.0
55.05,0,0.0,0.0
55.055,0,0.0,0.0
55.06,0,0.0,0.0
55.065,0,0.0,0.0
55.07,0,0.0,0.0
55.076,0,0.0,0.0
55.08,0,0.0,0.0
55.085,0,0.0,0.0
55.09,0,0.0,0.0
55.096,0,0.0,0.0
55.1,0,0.0,0.0
55.105,0,0.0,0.0
55.11,0,0.0,0.0
55.115,0,0.0,0.0
55.12,0,0.0,0.0
55.125,0,0.0,0.0
55.131,0,0.0,0.0
55.135,0,0.0,0.0
55.141,0,0.0,0.0
55.145,0,0.0,0.0
55.15,0,0.0,0.0
55.155,0,0.0,0.0
55.161,0,0.0,0.0
55.165,0,0.0,0.0
55.17,0,0.0,0.0
55.175,0,0.0,0.0
55.18,0,0.0,0.0
55.186,0,0.0,0.0
55.19,0,0.0,0.0
55.195,0,0.0,0.0
55.2,0,0.0,0.0
55.205,0,0.0,0.0
55.211,0,0.0,0.0
55.215,0,0.0,0.0
55.221,0,0.0,0.0
55.225,0,0.0,0.0
55.23,0,0.0,0.0
55.235,0,0.0,0.0
55.241,0,0.0,0.0
55.246,0,0.0,0.0
55.251,0,0.0,0.0
55.255,0,0.0,0.0
55.26,0,0.0,0.0
55.265,0,0.0,0.0
55.27,0,0.0,0.0
55.275,0,0.0,0.0
55.281,0,0.0,0.0
55.285,0,0.0,0.0
55.291,0,0.0,0.0
55.296,0,0.0,0.0
55.302,0,0.0,0.0
55.305,0,0.0,0.0
55.31,0,0.0,0.0
55.315,0,0.0,0.0
55.321,0,0.0,0.0
55.325,0,0.0,0.0
55.33,0,0.0,0.0
55.336,0,0.0,0.0
55.34,0,0.0,0.0
55.345,0,0.0,0.0
55.35,0,0.0,0.0
55.355,0,0.0,0.0
55.361,0,0.0,0.0
55.365,0,0.0,0.0
55.37,0,0.0,0.0
55.375,0,0.0,0.0
55.381,0,0.0,0.0
55.385,0,0.0,0.0
55.39,0,0.0,0.0
55.396,0,0.0,0.0
55.4,0,0.0,0.0
55.405,0,0.0,0.0
55.41,0,0.0,0.0
55.416,0,0.0,0.0
55.42,0,0.0,0.0
55.426,0,0.0,0.0
55.43,0,0.0,0.0
55.436,0,0.0,0.0
55.44,0,0.0,0.0
55.445,0,0.0,0.0
55.451,0,0.0,0.0
55.455,0,0.0,0.0
55.46,0,0.0,0.0
55.465,0,0.0,0.0
55.471,0,0.0,0.0
55.475,0,0.0,0.0
55.481,0,0.0,0.0
55.485,0,0.0,0.0
55.49,0,0.0,0.0
55.496,0,0.0,0.0
55.5,0,0.0,0.0
55.506,0,0.0,0.0
55.511,0,0.0,0.0
55.515,0,0.0,0.0
55.52,0,0.0,0.0
55.525,0,0.0,0.0
55.53,0,0.0,0.0
55.536,0,0.0,0.0
55.54,0,0.0,0.0
55.545,0,0.0,0.0
55.55,0,0.0,0.0
55.555,0,0.0,0.0
55.56,0,0.0,0.0
55.566,0,0.0,0.0
55.57,0,0.0,0.0
55.576,0,0.0,0.0
55.58,0,0.0,0.0
55.586,0,0.0,0.0
55.59,0,0.0,0.0
55.596,0,0.0,0.0
55.6,0,0.0,0.0
55.605,0,0.0,0.0
55.611,0,0.0,0.0
55.615,0,0.0,0.0
55.62,0,0.0,0.0
55.626,0,0.0,0.0
55.63,0,0.0,0.0
55.635,0,0.0,0.0
55.64,0,0.0,0.0
55.645,0,0.0,0.0
55.651,0,0.0,0.0
55.655,0,0.0,0.0
55.66,0,0.0,0.0
55.665,0,0.0,0.0
55.67,0,0.0,0.0
55.676,0,0.0,0.0
55.68,0,0.0,0.0
55.685,0,0.0,0.0
55.69,0,0.0,0.0
55.695,0,0.0,0.0
55.7,0,0.0,0.0
55.707,0,0.0,0.0
55.711,0,0.0,0.0
55.716,0,0.0,0.0
55.721,0,0.0,0.0
55.727,0,0.0,0.0
55.732,0,0.0,0.0
55.736,0,0.0,0.0
55.742,0,0.0,0.0
55.746,0,0.0,0.0
55.751,0,0.0,0.0
55.756,0,0.0,0.0
55.762,0,0.0,0.0
55.766,0,0.0,0.0
55.771,0,0.0,0.0
55.776,0,0.0,0.0
55.781,0,0.0,0.0
55.786,0,0.0,0.0
55.791,0,0.0,0.0
55.797,0,0.0,0.0
55.801,0,0.0,0.0
55.806,0,0.0,0.0
55.812,0,0.0,0.0
55.816,0,0.0,0.0
55.821,0,0.0,0.0
55.827,0,0.0,0.0
55.831,0,0.0,0.0
55.836,0,0.0,0.0
55.842,0,0.0,0.0
55.846,0,0.0,0.0
55.852,0,0.0,0.0
55.856,0,0.0,0.0
55.861,0,0.0,0.0
55.866,0,0.0,0.0
55.872,0,0.0,0.0
55.876,0,0.0,0.0
55.881,0,0.0,0.0
55.886,0,0.0,0.0
55.891,0,0.0,0.0
55.896,0,0.0,0.0
55.902,0,0.0,0.0
55.907,0,0.0,0.0
55.911,0,0.0,0.0
55.917,0,0.0,0.0
55.921,0,0.0,0.0
55.926,0,0.0,0.0
55.932,0,0.0,0.0
55.936,0,0.0,0.0
55.942,0,0.0,0.0
55.946,0,0.0,0.0
55.951,0,0.0,0.0
55.957,0,0.0,0.0
55.961,0,0.0,0.0
55.967,0,0.0,0.0
55.971,0,0.0,0.0
55.976,0,0.0,0.0
55.981,0,0.0,0.0
55.987,0,0.0,0.0
55.991,0,0.0,0.0
55.997,0,0.0,0.0
56.001,0,0.0,0.0
56.006,0,0.0,0.0
56.011,0,0.0,0.0
56.016,0,0.0,0.0
56.022,0,0.0,0.0
56.026,0,0.0,0.0
56.032,0,0.0,0.0
56.036,0,0.0,0.0
56.041,0,0.0,0.0
56.046,0,0.0,0.0
56.051,0,0.0,0.0
56.056,0,0.0,0.0
56.061,0,0.0,0.0
56.066,0,0.0,0.0
56.072,0,0.0,0.0
56.076,0,0.0,0.0
56.081,0,0.0,0.0
56.086,0,0.0,0.0
56.091,0,0.0,0.0
56.096,0,0.0,0.0
56.102,0,0.0,0.0
56.107,0,0.0,0.0
56.111,0,0.0,0.0
56.117,0,0.0,0.0
56.121,0,0.0,0.0
56.127,271,13.55,0.0
56.131,0,13.55,0.0
56.136,122,14.86,0.0
56.142,0,14.86,0.0
56.146,0,14.86,0.0
56.151,0,14.86,0.0
56.156,0,14.86,0.0
56.162,794,42.39,0.01
56.166,775,57.43,0.01
56.171,0,57.43,0.01
56.176,0,57.43,0.01
56.181,144,57.88,0.01
56.187,0,57.88,0.01
56.192,0,57.88,0.01
56.196,0,57.88,0.01
56.201,0,57.88,0.01
56.206,0,57.88,0.01
56.236,921,73.97,0.02
56.241,365,76.18,0.02
56.244,0,76.18,0.02
56.244,0,76.18,0.02
56.245,0,76.18,0.02
56.246,0,76.18,0.02
56.246,0,76.18,0.02
56.247,139,76.5,0.02
56.258,0,76.5,0.02
56.268,233,77.38,0.02
56.268,57,77.43,0.02
56.269,190,78.02,0.02
56.272,92,78.15,0.02
56.276,0,78.15,0.02
56.281,0,78.15,0.02
56.286,0,78.15,0.02
56.291,0,78.15,0.02
56.296,0,78.15,0.02
56.301,0,78.15,0.02
56.306,0,78.15,0.02
56.311,0,78.15,0.02
56.316,42,78.18,0.02
56.321,0,78.18,0.02
56.326,0,78.18,0.02
56.331,0,78.18,0.02
56.336,0,78.18,0.02
56.342,0,78.18,0.02
56.346,27,78.19,0.02
56.352,106,78.37,0.02
56.356,0,78.37,0.02
56.362,0,78.37,0.02
56.366,0,78.37,0.02
56.372,0,78.37,0.02
56.376,0,78.37,0.02
56.382,0,78.37,0.02
56.386,0,78.37,0.02
56.392,782,87.58,0.02
56.396,0,87.58,0.02
56.401,0,87.58,0.02
56.406,4,87.58,0.02
56.411,303,88.88,0.02
56.416,400,91.11,0.02
56.421,925,102.17,0.02
56.427,0,102.17,0.02
56.431,0,102.17,0.02
56.437,0,102.17,0.02
56.442,200,102.66,0.03
56.447,198,103.14,0.03
56.451,111,103.29,0.03
56.457,265,104.13,0.03
56.461,0,104.13,0.03
56.466,1595,131.16,0.03
56.471,48,131.18,0.03
56.477,0,131.18,0.03
56.481,0,131.18,0.03
56.486,1372,148.04,0.04
56.491,252,148.57,0.04
56.496,664,152.24,0.04
56.501,2062,183.86,0.04
56.506,23,183.87,0.04
56.512,766,187.81,0.05
56.516,2476,224.95,0.05
56.521,1550,237.92,0.06
56.526,872,241.88,0.06
56.531,1335,250.93,0.06
56.537,0,250.93,0.06
56.541,0,250.93,0.06
56.546,1177,257.73,0.06
56.551,776,260.64,0.06
56.556,1103,266.41,0.07
56.561,4095,336.0,0.08
56.566,0,336.0,0.08
56.572,2492,358.36,0.09
56.576,526,359.32,0.09
56.582,1240,364.63,0.09
56.586,1944,377.37,0.09
56.592,1001,380.67,0.09
56.596,0,380.67,0.09
56.602,94,380.7,0.09
56.606,0,380.7,0.09
56.612,2121,395.19,0.1
56.616,796,397.19,0.1
56.621,992,400.28,0.1
56.627,1290,405.44,0.1
56.631,2766,428.38,0.1
56.636,0,428.38,0.1
56.641,359,428.76,0.1
56.647,957,431.42,0.11
56.651,0,431.42,0.11
56.658,1224,435.74,0.11
56.661,1946,446.47,0.11
56.666,649,447.65,0.11
56.671,1144,451.29,0.11
56.676,2055,462.84,0.11
56.682,2523,479.72,0.12
56.686,713,481.04,0.12
56.691,940,483.33,0.12
56.696,18,483.33,0.12
56.702,634,484.37,0.12
56.707,1659,491.42,0.12
56.711,222,491.55,0.12
56.717,102,491.58,0.12
56.722,286,491.78,0.12
56.726,1080,494.74,0.12
56.731,921,496.88,0.12
56.737,76,496.89,0.12
56.741,1101,499.93,0.12
56.746,0,499.93,0.12
56.751,0,499.93,0.12
56.757,1068,502.78,0.12
56.761,0,502.78,0.12
56.766,2815,522.11,0.13
56.772,266,522.28,0.13
56.776,0,522.28,0.13
56.781,1561,528.08,0.13
56.787,0,528.08,0.13
56.791,507,528.68,0.13
56.797,1471,533.77,0.13
56.801,1135,536.78,0.13
56.806,1113,539.66,0.13
56.811,0,539.66,0.13
56.816,1069,542.3,0.13
56.822,973,544.48,0.13
56.826,10,544.48,0.13
56.831,2768,561.79,0.14
56.836,0,561.79,0.14
56.841,617,562.64,0.14
56.847,0,562.64,0.14
56.852,713,563.77,0.14
56.856,505,564.33,0.14
56.861,0,564.33,0.14
56.866,0,564.33,0.14
56.871,637,565.23,0.14
56.876,0,565.23,0.14
56.881,0,565.23,0.14
56.886,828,566.75,0.14
56.891,77,566.76,0.14
56.896,891,568.51,0.14
56.901,237,568.63,0.14
56.907,856,570.24,0.14
56.911,1118,572.97,0.14
56.916,1288,576.58,0.14
56.921,0,576.58,0.14
56.927,576,577.3,0.14
56.931,152,577.35,0.14
56.936,587,578.09,0.14
56.942,441,578.51,0.14
56.946,0,578.51,0.14
56.951,430,578.91,0.14
56.956,351,579.18,0.14
56.961,79,579.19,0.14
56.967,0,579.19,0.14
56.971,778,580.5,0.14
56.976,0,580.5,0.14
56.981,423,580.88,0.14
56.986,1368,584.9,0.14
56.991,295,585.08,0.14
56.996,0,585.08,0.14
57.001,0,585.08,0.14
57.006,3,585.08,0.14
57.011,252,585.22,0.14
57.016,216,585.32,0.14
57.022,0,585.32,0.14
57.026,886,586.99,0.14
57.031,344,587.24,0.14
57.036,0,587.24,0.14
57.042,682,588.23,0.14
57.047,237,588.35,0.14
57.051,1209,591.45,0.14
57.057,0,591.45,0.14
57.061,0,591.45,0.14
57.066,168,591.51,0.14
57.072,1450,595.94,0.15
57.076,0,595.94,0.15
57.083,1126,598.59,0.15
57.086,347,598.84,0.15
57.091,1416,603.01,0.15
57.096,1498,607.65,0.15
57.101,559,608.29,0.15
57.107,197,608.37,0.15
57.111,0,608.37,0.15
57.117,0,608.37,0.15
57.121,0,608.37,0.15
57.127,910,610.07,0.15
57.131,1370,613.9,0.15
57.137,0,613.9,0.15
57.141,1212,616.88,0.15
57.146,551,617.5,0.15
57.151,1100,619.94,0.15
57.157,0,619.94,0.15
57.161,0,619.94,0.15
57.166,0,619.94,0.15
57.172,285,620.11,0.15
57.176,56,620.11,0.15
57.181,0,620.11,0.15
57.186,0,620.11,0.15
57.191,232,620.22,0.15
57.197,454,620.64,0.15
57.201,682,621.57,0.15
57.206,0,621.57,0.15
57.211,650,622.42,0.15
57.216,1790,628.82,0.15
57.221,585,629.5,0.15
57.227,0,629.5,0.15
57.231,1742,635.5,0.16
57.236,7,635.5,0.16
57.241,893,637.07,0.16
57.247,1758,643.1,0.16
57.251,0,643.1,0.16
57.256,0,643.1,0.16
57.261,77,643.11,0.16
57.266,0,643.11,0.16
57.272,0,643.11,0.16
57.276,366,643.38,0.16
57.282,599,644.07,0.16
57.286,652,644.9,0.16
57.291,0,644.9,0.16
57.296,0,644.9,0.16
57.301,171,644.95,0.16
57.307,1258,648.01,0.16
57.311,1289,651.21,0.16
57.317,2284,661.15,0.16
57.322,0,661.15,0.16
57.326,298,661.32,0.16
57.331,751,662.38,0.16
57.336,33,662.38,0.16
57.341,0,662.38,0.16
57.346,0,662.38,0.16
57.351,0,662.38,0.16
57.356,0,662.38,0.16
57.361,267,662.52,0.16
57.367,1927,669.49,0.16
57.371,3385,690.55,0.17
57.376,733,691.52,0.17
57.381,1322,694.67,0.17
57.387,1017,696.53,0.17
57.392,106,696.55,0.17
57.396,314,696.73,0.17
57.402,0,696.73,0.17
57.406,0,696.73,0.17
57.411,89,696.74,0.17
57.417,0,696.74,0.17
57.421,1014,698.59,0.17
57.427,151,698.63,0.17
57.431,0,698.63,0.17
57.436,0,698.63,0.17
57.441,311,698.8,0.17
57.446,536,699.31,0.17
57.452,3390,719.56,0.18
57.456,955,721.14,0.18
57.462,0,721.14,0.18
57.466,1069,723.12,0.18
57.471,0,723.12,0.18
57.477,0,723.12,0.18
57.481,0,723.12,0.18
57.487,0,723.12,0.18
57.491,41,723.12,0.18
57.497,0,723.12,0.18
57.501,0,723.12,0.18
57.506,248,723.23,0.18
57.511,8,723.23,0.18
57.516,0,723.23,0.18
57.521,1727,728.37,0.18
57.526,1036,730.21,0.18
57.532,0,730.21,0.18
57.536,378,730.45,0.18
57.542,0,730.45,0.18
57.546,0,730.45,0.18
57.551,0,730.45,0.18
57.556,0,730.45,0.18
57.562,0,730.45,0.18
57.566,0,730.45,0.18
57.572,88,730.47,0.18
57.576,0,730.47,0.18
57.581,855,731.72,0.18
57.587,696,732.54,0.18
57.591,0,732.54,0.18
57.597,0,732.54,0.18
57.601,0,732.54,0.18
57.606,685,733.34,0.18
57.611,0,733.34,0.18
57.616,58,733.35,0.18
57.623,0,733.35,0.18
57.626,0,733.35,0.18
57.632,0,733.35,0.18
57.636,0,733.35,0.18
57.642,0,733.35,0.18
57.646,0,733.35,0.18
57.651,270,733.47,0.18
57.657,0,733.47,0.18
57.661,0,733.47,0.18
57.666,495,733.89,0.18
57.671,0,733.89,0.18
57.676,0,733.89,0.18
57.682,637,734.58,0.18
57.686,1143,736.8,0.18
57.691,268,736.92,0.18
57.696,102,736.94,0.18
57.701,166,736.99,0.18
57.708,0,736.99,0.18
57.713,28,736.99,0.18
57.718,0,736.99,0.18
57.722,0,736.99,0.18
57.727,0,736.99,0.18
57.732,24,736.99,0.18
57.738,0,736.99,0.18
57.744,138,737.02,0.18
57.747,6,737.02,0.18
57.752,0,737.02,0.18
57.757,650,737.74,0.18
57.763,586,738.32,0.18
57.768,634,739.0,0.18
57.772,733,739.91,0.18
57.778,153,739.95,0.18
57.782,105,739.97,0.18
57.787,0,739.97,0.18
57.793,0,739.97,0.18
57.797,0,739.97,0.18
57.803,0,739.97,0.18
57.807,0,739.97,0.18
57.812,89,739.98,0.18
57.817,0,739.98,0.18
57.823,24,739.98,0.18
57.828,0,739.98,0.18
57.832,0,739.98,0.18
57.838,0,739.98,0.18
57.842,0,739.98,0.18
57.847,0,739.98,0.18
57.853,0,739.98,0.18
57.857,249,740.09,0.18
57.862,0,740.09,0.18
57.867,0,740.09,0.18
57.872,0,740.09,0.18
57.878,159,740.13,0.18
57.883,0,740.13,0.18
57.887,0,740.13,0.18
57.893,0,740.13,0.18
57.897,202,740.2,0.18
57.903,46,740.2,0.18
57.907,0,740.2,0.18
57.912,509,740.64,0.18
57.918,44,740.64,0.18
57.922,152,740.68,0.18
57.927,0,740.68,0.18
57.932,537,741.17,0.18
57.938,731,742.07,0.18
57.943,0,742.07,0.18
57.947,2,742.07,0.18
57.953,251,742.17,0.18
57.957,0,742.17,0.18
57.963,0,742.17,0.18
57.968,0,742.17,0.18
57.972,0,742.17,0.18
57.978,0,742.17,0.18
57.982,154,742.21,0.18
57.987,0,742.21,0.18
57.993,0,742.21,0.18
57.997,0,742.21,0.18
58.003,158,742.26,0.18
58.007,0,742.26,0.18
58.012,1116,744.35,0.18
58.017,0,744.35,0.18
58.023,59,744.36,0.18
58.027,138,744.39,0.18
58.033,439,744.71,0.18
58.037,0,744.71,0.18
58.042,0,744.71,0.18
58.047,0,744.71,0.18
58.052,0,744.71,0.18
58.058,0,744.71,0.18
58.062,0,744.71,0.18
58.067,223,744.79,0.18
58.072,0,744.79,0.18
58.077,0,744.79,0.18
58.082,0,744.79,0.18
58.087,0,744.79,0.18
58.093,664,745.53,0.18
58.097,87,745.55,0.18
58.102,20,745.55,0.18
58.154,0,745.55,0.18
58.162,21,745.55,0.18
58.163,0,745.55,0.18
58.163,0,745.55,0.18
58.164,19,745.43,0.18
58.164,827,746.57,0.18
58.164,0,746.55,0.18
58.165,0,746.55,0.18
58.166,0,746.55,0.18
58.166,0,746.55,0.18
58.167,0,746.55,0.18
58.167,0,745.49,0.18
58.167,0,744.48,0.18
58.172,143,744.52,0.18
58.178,0,744.52,0.18
58.182,0,744.48,0.18
58.187,0,744.48,0.18
58.192,0,744.48,0.18
58.197,0,744.48,0.18
58.202,0,744.48,0.18
58.207,0,744.48,0.18
58.212,0,743.06,0.18
58.217,0,742.83,0.18
58.223,0,742.83,0.18
58.228,0,742.83,0.18
58.232,0,742.83,0.18
58.237,0,742.83,0.18
58.242,234,742.92,0.18
58.248,0,742.89,0.18
58.253,0,742.89,0.18
58.259,0,742.8,0.18
58.262,459,743.15,0.18
58.267,0,743.09,0.18
58.272,445,743.41,0.18
58.277,0,743.41,0.18
58.283,0,743.41,0.18
58.287,0,743.41,0.18
58.293,0,743.41,0.18
58.297,0,743.41,0.18
58.302,0,743.41,0.18
58.307,0,743.41,0.18
58.313,0,743.41,0.18
58.318,0,743.4,0.18
58.322,124,743.43,0.18
58.327,0,743.43,0.18
58.333,438,743.75,0.18
58.337,138,743.79,0.18
58.342,0,743.79,0.18
58.348,0,743.78,0.18
58.352,0,743.77,0.18
58.357,46,743.77,0.18
58.363,0,743.77,0.18
58.367,0,743.77,0.18
58.373,56,743.77,0.18
58.377,0,743.77,0.18
58.382,331,743.96,0.18
58.387,0,743.96,0.18
58.392,0,742.93,0.18
58.398,0,742.93,0.18
58.402,0,742.93,0.18
58.407,0,742.93,0.18
58.412,0,742.78,0.18
58.417,0,742.51,0.18
58.422,0,741.06,0.18
58.427,0,741.06,0.18
58.433,135,741.09,0.18
58.437,29,741.1,0.18
58.442,395,741.29,0.18
58.447,0,741.23,0.18
58.453,120,741.23,0.18
58.458,47,741.11,0.18
58.462,0,741.11,0.18
58.468,0,736.81,0.18
58.472,0,736.81,0.18
58.477,0,736.81,0.18
58.482,0,736.81,0.18
58.488,0,733.61,0.18
58.492,0,733.5,0.18
58.497,0,732.75,0.18
58.502,45,725.46,0.18
58.507,0,725.46,0.18
58.513,0,724.45,0.18
58.517,0,713.79,0.17
58.522,0,709.57,0.17
58.527,0,708.23,0.17
58.532,90,705.09,0.17
58.537,0,705.09,0.17
58.543,0,705.09,0.17
58.547,0,702.63,0.17
58.552,0,701.56,0.17
58.557,0,699.39,0.17
58.562,0,668.75,0.16
58.567,0,668.75,0.16
58.573,0,657.04,0.16
58.577,0,656.51,0.16
58.582,0,653.58,0.16
58.587,0,646.31,0.16
58.592,0,644.37,0.16
58.597,366,644.63,0.16
58.603,201,644.69,0.16
58.607,0,644.69,0.16
58.612,682,636.82,0.16
58.617,0,635.58,0.16
58.623,0,633.64,0.15
58.628,0,630.35,0.15
58.632,0,614.99,0.15
58.637,0,614.99,0.15
58.642,0,614.72,0.15
58.648,0,612.86,0.15
58.653,18,612.86,0.15
58.657,240,609.91,0.15
58.662,0,602.1,0.15
58.667,0,601.23,0.15
58.673,0,598.5,0.15
58.677,0,589.62,0.14
58.683,0,575.96,0.14
58.688,56,574.86,0.14
58.693,0,572.94,0.14
58.697,92,572.96,0.14
58.702,0,572.08,0.14
58.708,106,566.06,0.14
58.713,0,565.95,0.14
58.717,0,565.93,0.14
58.722,0,565.75,0.14
58.727,0,563.16,0.14
58.732,0,561.28,0.14
58.737,0,561.27,0.14
58.743,0,558.56,0.14
58.747,0,558.56,0.14
58.752,0,558.56,0.14
58.757,0,556.0,0.14
58.763,0,556.0,0.14
58.768,0,537.89,0.13
58.772,0,537.73,0.13
58.778,0,537.73,0.13
58.782,0,532.03,0.13
58.787,139,532.08,0.13
58.792,0,531.47,0.13
58.798,0,526.36,0.13
58.802,0,523.29,0.13
58.808,0,520.32,0.13
58.812,0,520.32,0.13
58.817,0,517.57,0.13
58.822,0,515.28,0.13
58.828,0,515.28,0.13
58.832,0,496.34,0.12
58.837,0,496.34,0.12
58.842,0,495.38,0.12
58.847,0,495.38,0.12
58.852,0,494.1,0.12
58.858,0,493.45,0.12
58.862,0,493.45,0.12
58.867,0,493.45,0.12
58.872,0,492.43,0.12
58.877,0,492.43,0.12
58.882,0,492.43,0.12
58.887,0,490.68,0.12
58.892,0,490.67,0.12
58.897,0,488.64,0.12
58.902,0,488.5,0.12
58.908,0,486.62,0.12
58.913,0,483.4,0.12
58.917,0,479.09,0.12
58.923,0,479.09,0.12
58.927,0,478.22,0.12
58.933,0,478.16,0.12
58.937,0,477.26,0.12
58.943,0,476.75,0.12
58.947,0,476.75,0.12
58.952,0,476.26,0.12
58.957,0,475.94,0.12
58.963,0,475.92,0.12
58.968,0,475.92,0.12
58.972,44,474.34,0.12
58.978,0,474.34,0.12
58.982,0,473.87,0.12
58.987,0,468.9,0.11
58.992,0,468.67,0.11
58.997,0,468.67,0.11
59.003,0,468.67,0.11
59.007,0,468.67,0.11
59.012,0,468.5,0.11
59.017,0,468.38,0.11
59.022,0,468.38,0.11
59.027,0,466.28,0.11
59.034,0,465.96,0.11
59.037,0,465.96,0.11
59.043,0,464.71,0.11
59.047,0,464.56,0.11
59.053,0,460.61,0.11
59.057,0,460.61,0.11
59.062,0,460.61,0.11
59.067,0,460.53,0.11
59.072,0,454.79,0.11
59.077,0,454.79,0.11
59.082,0,451.29,0.11
59.087,427,451.46,0.11
59.093,0,445.88,0.11
59.097,0,439.54,0.11
59.103,0,438.65,0.11
59.108,0,438.54,0.11
59.112,0,438.54,0.11
59.118,0,438.54,0.11
59.122,0,438.54,0.11
59.127,0,436.17,0.11
59.132,0,430.76,0.11
59.138,0,430.76,0.11
59.143,22,426.48,0.1
59.147,0,425.59,0.1
59.152,0,422.02,0.1
59.157,0,422.02,0.1
59.162,0,422.02,0.1
59.167,0,422.02,0.1
59.173,0,421.78,0.1
59.177,0,421.77,0.1
59.182,0,421.77,0.1
59.187,0,421.77,0.1
59.192,0,421.61,0.1
59.198,0,421.0,0.1
59.202,0,419.62,0.1
59.208,0,419.62,0.1
59.212,0,418.36,0.1
59.217,0,408.67,0.1
59.222,0,407.62,0.1
59.228,0,407.62,0.1
59.232,0,398.21,0.1
59.237,0,398.21,0.1
59.242,0,395.7,0.1
59.247,0,385.81,0.09
59.253,0,385.81,0.09
59.257,0,385.81,0.09
59.263,0,385.79,0.09
59.267,0,385.79,0.09
59.272,0,385.79,0.09
59.277,0,385.36,0.09
59.283,0,384.19,0.09
59.287,0,382.8,0.09
59.293,25,382.81,0.09
59.297,0,382.81,0.09
59.302,0,382.71,0.09
59.307,0,377.51,0.09
59.313,0,371.96,0.09
59.318,0,354.0,0.09
59.322,0,354.0,0.09
59.327,0,353.69,0.09
59.332,0,351.69,0.09
59.337,0,351.68,0.09
59.343,0,351.68,0.09
59.347,0,351.68,0.09
59.352,0,351.68,0.09
59.357,0,351.68,0.09
59.362,0,351.43,0.09
59.367,0,337.96,0.08
59.372,0,292.53,0.07
59.378,0,290.23,0.07
59.382,0,282.6,0.07
59.387,0,277.99,0.07
59.392,0,277.93,0.07
59.398,30,277.5,0.07
59.402,59,277.51,0.07
59.407,0,277.51,0.07
59.412,0,277.48,0.07
59.417,0,277.48,0.07
59.422,0,272.8,0.07
59.427,0,272.7,0.07
59.433,0,272.7,0.07
59.437,0,272.7,0.07
59.442,0,272.26,0.07
59.447,0,270.93,0.07
59.453,0,211.36,0.05
59.458,0,205.9,0.05
59.462,0,205.9,0.05
59.467,0,198.84,0.05
59.472,188,199.06,0.05
59.478,0,199.06,0.05
59.483,0,199.06,0.05
59.487,0,199.06,0.05
59.492,0,199.05,0.05
59.497,78,199.09,0.05
59.502,0,199.09,0.05
59.507,0,198.7,0.05
59.512,0,198.7,0.05
59.518,0,198.7,0.05
59.522,0,178.96,0.04
59.527,0,171.3,0.04
59.532,0,171.3,0.04
59.537,0,170.25,0.04
59.543,0,170.25,0.04
59.547,0,170.25,0.04
59.552,0,170.25,0.04
59.557,0,170.25,0.04
59.563,0,170.25,0.04
59.567,0,170.25,0.04
59.572,0,170.2,0.04
59.578,28,170.2,0.04
59.582,0,164.75,0.04
59.587,0,161.03,0.04
59.593,0,161.03,0.04
59.597,0,161.03,0.04
59.602,0,161.03,0.04
59.607,0,157.34,0.04
59.612,0,157.34,0.04
59.617,0,157.32,0.04
59.622,0,157.32,0.04
59.628,0,157.32,0.04
59.632,0,157.32,0.04
59.637,0,157.32,0.04
59.642,0,157.32,0.04
59.647,0,157.32,0.04
59.652,0,156.74,0.04
59.658,0,156.74,0.04
59.662,0,156.74,0.04
59.667,0,154.77,0.04
59.672,0,154.77,0.04
59.677,0,154.77,0.04
59.683,0,151.46,0.04
59.687,0,140.26,0.03
59.693,0,139.62,0.03
59.697,554,142.25,0.03
59.702,0,142.01,0.03
59.709,0,142.01,0.03
59.713,0,142.0,0.03
59.718,0,142.0,0.03
59.723,0,142.0,0.03
59.728,0,142.0,0.03
59.733,0,142.0,0.03
59.738,0,142.0,0.03
59.743,0,141.83,0.03
59.749,0,141.83,0.03
59.753,0,141.83,0.03
59.758,0,138.05,0.03
59.763,0,134.91,0.03
59.768,0,131.13,0.03
59.774,0,125.91,0.03
59.778,0,125.67,0.03
59.784,0,125.56,0.03
59.788,0,125.56,0.03
59.793,0,125.56,0.03
59.799,0,125.56,0.03
59.803,0,125.56,0.03
59.809,0,125.56,0.03
59.813,0,125.49,0.03
59.818,0,125.49,0.03
59.823,0,125.48,0.03
59.829,0,125.48,0.03
59.833,0,125.48,0.03
59.839,0,125.48,0.03
59.843,2,125.48,0.03
59.848,0,125.48,0.03
59.853,0,125.48,0.03
59.859,0,124.86,0.03
59.863,0,124.86,0.03
59.869,0,124.86,0.03
59.873,0,124.86,0.03
59.906,0,124.61,0.03
59.907,0,124.61,0.03
59.907,0,124.61,0.03
59.908,0,124.61,0.03
59.908,0,124.2,0.03
59.908,0,124.18,0.03
59.909,0,124.18,0.03
59.913,0,121.54,0.03
59.918,0,121.52,0.03
59.923,0,121.28,0.03
59.929,0,121.28,0.03
59.934,0,118.27,0.03
59.938,0,112.48,0.03
59.943,0,112.48,0.03
59.949,0,112.48,0.03
59.953,0,111.78,0.03
59.958,0,111.78,0.03
59.963,0,111.78,0.03
59.968,0,111.78,0.03
59.973,0,111.78,0.03
59.978,0,111.78,0.03
59.983,26,111.52,0.03
59.988,0,111.52,0.03
59.993,0,111.52,0.03
59.999,0,111.52,0.03
60.003,0,111.24,0.03
