Time_s,Raw_EMG,Envelope_EMG
0.0004,62.0,374.0
0.0006,114.0,376.0
0.0008,152.0,374.0
0.0009,26.0,374.0
0.0011,-189.0,376.0
0.0013,-224.0,378.0
0.0015,80.0,378.0
0.0018,352.0,384.0
0.002,5.0,384.0
0.0022,-420.0,386.0
0.0025,-22.0,388.0
0.0027,431.0,390.0
0.003,-8.0,388.0
0.0032,-339.0,390.0
0.0034,100.0,388.0
0.0036,141.0,388.0
0.0037,-231.0,388.0
0.0039,70.0,384.0
0.0042,310.0,388.0
0.0043,-168.0,386.0
0.0045,-250.0,388.0
0.0046,97.0,386.0
0.0048,66.0,384.0
0.0049,97.0,384.0
0.0051,136.0,380.0
0.0053,-325.0,382.0
0.0054,-257.0,380.0
0.0056,479.0,384.0
0.0062,258.0,384.0
0.0063,-474.0,386.0
0.0065,-149.0,386.0
0.0067,321.0,388.0
0.0068,-20.0,384.0
0.007,-125.0,384.0
0.0072,169.0,380.0
0.0074,-24.0,378.0
0.0077,-204.0,374.0
0.0079,156.0,374.0
0.0082,108.0,366.0
0.0084,-336.0,370.0
0.0086,15.0,358.0
0.0087,500.0,364.0
0.0089,-58.0,352.0
0.0092,-490.0,356.0
0.0093,26.0,346.0
0.0095,303.0,346.0
0.0097,-28.0,344.0
0.0098,-172.0,344.0
0.01,123.0,346.0
0.0102,296.0,350.0
0.0104,-191.0,352.0
0.0105,-546.0,360.0
0.0107,65.0,358.0
0.0108,560.0,366.0
0.011,184.0,364.0
0.0112,-197.0,368.0
0.0113,-312.0,368.0
0.0115,-267.0,372.0
0.0117,202.0,372.0
0.0119,487.0,376.0
0.012,57.0,376.0
0.0122,-379.0,378.0
0.0124,-268.0,382.0
0.0125,134.0,382.0
0.0127,302.0,384.0
0.0128,16.0,382.0
0.013,-228.0,384.0
0.0135,-44.0,386.0
0.0138,155.0,384.0
0.014,58.0,382.0
0.0142,-60.0,380.0
0.0144,-60.0,374.0
0.0146,-50.0,372.0
0.0149,-27.0,364.0
0.015,32.0,358.0
0.0153,151.0,354.0
0.0155,161.0,348.0
0.0157,-169.0,346.0
0.0158,-341.0,344.0
0.016,119.0,344.0
0.0162,367.0,346.0
0.0164,-149.0,346.0
0.0165,-335.0,352.0
0.0167,209.0,352.0
0.0169,331.0,358.0
0.0171,-154.0,356.0
0.0172,-302.0,360.0
0.0174,41.0,358.0
0.0175,269.0,360.0
0.0177,6.0,360.0
0.0178,-316.0,362.0
0.018,-40.0,362.0
0.0182,370.0,366.0
0.0183,117.0,364.0
0.0185,-304.0,368.0
0.0187,-127.0,366.0
0.0189,180.0,368.0
0.019,8.0,366.0
0.0192,-122.0,368.0
0.0193,109.0,368.0
0.0195,104.0,368.0
0.0198,-112.0,370.0
0.02,-46.0,366.0
0.0201,19.0,364.0
0.0203,-73.0,360.0
0.0206,106.0,360.0
0.0209,247.0,360.0
0.0212,-201.0,362.0
0.0214,-427.0,364.0
0.0216,191.0,366.0
0.0217,478.0,366.0
0.0219,-105.0,368.0
0.0221,-350.0,366.0
0.0223,61.0,364.0
0.0225,161.0,366.0
0.0226,-71.0,366.0
0.0228,-17.0,364.0
0.0229,43.0,362.0
0.0231,-99.0,362.0
0.0232,48.0,358.0
0.0234,210.0,362.0
0.0236,-123.0,362.0
0.0238,-245.0,366.0
0.0239,128.0,364.0
0.0241,128.0,364.0
0.0243,-115.0,364.0
0.0244,115.0,362.0
0.0246,166.0,364.0
0.0248,-330.0,368.0
0.025,-280.0,370.0
0.0251,334.0,374.0
0.0253,360.0,380.0
0.0255,-107.0,378.0
0.0257,-319.0,380.0
0.026,-158.0,380.0
0.0261,199.0,378.0
0.0263,248.0,382.0
0.0266,-165.0,378.0
0.0268,-140.0,380.0
0.0269,305.0,378.0
0.0272,-8.0,378.0
0.0274,-483.0,380.0
0.0276,56.0,380.0
0.0277,479.0,384.0
0.0279,-16.0,382.0
0.0281,-250.0,384.0
0.0282,0.0,380.0
0.0284,-26.0,378.0
0.0285,-39.0,374.0
0.0287,171.0,374.0
0.0288,33.0,374.0
0.029,-216.0,376.0
0.0292,103.0,376.0
0.0293,327.0,376.0
0.0295,-284.0,376.0
0.0297,-547.0,378.0
0.0299,344.0,378.0
0.03,719.0,382.0
0.0302,-254.0,384.0
0.0304,-665.0,390.0
0.0305,139.0,392.0
0.0307,402.0,396.0
0.0309,-107.0,394.0
0.0311,-114.0,396.0
0.0312,117.0,394.0
0.0314,-66.0,394.0
0.0315,-71.0,392.0
0.0318,154.0,390.0
0.032,1.0,390.0
0.0322,-171.0,384.0
0.0324,-3.0,384.0
0.0326,73.0,378.0
0.0328,36.0,378.0
0.033,133.0,374.0
0.0332,36.0,374.0
0.0334,-303.0,376.0
0.0336,-216.0,378.0
0.0338,292.0,378.0
0.0339,338.0,380.0
0.0342,-162.0,374.0
0.0343,-304.0,378.0
0.0345,82.0,370.0
0.0347,196.0,370.0
0.0348,-74.0,368.0
0.035,-138.0,366.0
0.0352,3.0,362.0
0.0354,146.0,362.0
0.0356,216.0,358.0
0.0358,-101.0,358.0
0.036,-453.0,358.0
0.0361,-59.0,356.0
0.0363,477.0,360.0
0.0366,196.0,360.0
0.0369,-263.0,364.0
0.0372,-150.0,362.0
0.0374,18.0,362.0
0.0382,33.0,360.0
0.0384,127.0,360.0
0.0389,-52.0,360.0
0.0396,-210.0,362.0
0.0399,159.0,364.0
0.0401,246.0,368.0
0.0404,-186.0,370.0
0.0407,-192.0,372.0
0.041,114.0,370.0
0.0413,83.0,370.0
0.0415,15.0,364.0
0.0417,5.0,362.0
0.042,-201.0,360.0
0.0422,-87.0,358.0
0.0424,363.0,360.0
0.0427,205.0,358.0
0.0429,-343.0,360.0
0.043,-300.0,362.0
0.0432,121.0,358.0
0.0434,229.0,362.0
0.0435,97.0,358.0
0.0436,11.0,358.0
0.044,-115.0,356.0
0.0442,-213.0,358.0
0.0446,11.0,352.0
0.0449,215.0,354.0
0.0452,-17.0,350.0
0.0455,-129.0,350.0
0.0457,152.0,350.0
0.046,123.0,352.0
0.0462,-239.0,354.0
0.0465,-164.0,354.0
0.0467,218.0,356.0
0.0469,149.0,356.0
0.0472,-153.0,358.0
0.0474,-76.0,358.0
0.0476,61.0,358.0
0.0479,-25.0,358.0
0.0481,50.0,354.0
0.0483,145.0,354.0
0.0485,-158.0,350.0
0.0487,-235.0,350.0
0.0489,255.0,346.0
0.049,258.0,348.0
0.0492,-349.0,348.0
0.0494,-278.0,352.0
0.0495,414.0,356.0
0.0497,366.0,360.0
0.0499,-399.0,366.0
0.0502,-442.0,374.0
0.0504,303.0,376.0
0.0506,373.0,382.0
0.0509,-197.0,382.0
0.0511,-177.0,382.0
0.0513,104.0,380.0
0.0516,-17.0,378.0
0.0518,46.0,376.0
0.052,179.0,378.0
0.0522,-245.0,380.0
0.0524,-318.0,382.0
0.0526,360.0,382.0
0.0529,355.0,384.0
0.0531,-346.0,384.0
0.0533,-240.0,382.0
0.0535,257.0,384.0
0.0537,22.0,380.0
0.0539,-89.0,378.0
0.054,282.0,380.0
0.0542,-126.0,378.0
0.0544,-610.0,386.0
0.0545,219.0,386.0
0.0547,735.0,394.0
0.0548,-125.0,394.0
0.055,-503.0,396.0
0.0552,-12.0,394.0
0.0553,34.0,388.0
0.0555,69.0,388.0
0.0557,398.0,390.0
0.0558,-51.0,392.0
0.056,-558.0,400.0
0.0562,22.0,400.0
0.0564,387.0,402.0
0.0568,-51.0,404.0
0.0571,-73.0,400.0
0.0573,172.0,402.0
0.0576,-103.0,398.0
0.0578,-323.0,400.0
0.0579,31.0,392.0
0.0581,378.0,392.0
0.0583,134.0,382.0
0.0585,-282.0,382.0
0.0587,-152.0,374.0
0.0588,118.0,374.0
0.059,-45.0,368.0
0.0591,21.0,368.0
0.0593,328.0,370.0
0.0595,-107.0,370.0
0.0597,-524.0,378.0
0.0598,120.0,378.0
0.06,527.0,384.0
0.0601,-70.0,386.0
0.0603,-346.0,388.0
0.0605,37.0,388.0
0.0606,106.0,390.0
0.0608,-96.0,390.0
0.0609,30.0,388.0
0.0611,205.0,392.0
0.0612,29.0,388.0
0.0614,-250.0,388.0
0.0616,-238.0,386.0
0.0617,199.0,384.0
0.062,435.0,388.0
0.0623,-121.0,386.0
0.0626,-461.0,392.0
0.0627,104.0,390.0
0.0629,316.0,394.0
0.0631,-181.0,394.0
0.0633,-181.0,398.0
0.0634,234.0,400.0
0.0636,200.0,398.0
0.0638,-82.0,398.0
0.0639,-257.0,396.0
0.0641,-223.0,398.0
0.0643,159.0,394.0
0.0644,373.0,396.0
0.0645,33.0,392.0
0.0647,-206.0,394.0
0.0649,-86.0,394.0
0.065,-90.0,396.0
0.0652,-52.0,394.0
0.0653,227.0,396.0
0.0655,181.0,396.0
0.0657,-121.0,396.0
0.0658,-138.0,394.0
0.066,-96.0,392.0
0.0662,25.0,390.0
0.0664,295.0,392.0
0.0666,-28.0,392.0
0.0668,-470.0,400.0
0.067,145.0,402.0
0.0672,624.0,408.0
0.0673,-195.0,410.0
0.0675,-645.0,414.0
0.0676,88.0,412.0
0.0678,400.0,412.0
0.0679,13.0,408.0
0.0681,51.0,408.0
0.0684,90.0,406.0
0.0686,-433.0,410.0
0.0688,-298.0,414.0
0.069,530.0,422.0
0.0692,335.0,424.0
0.0693,-424.0,430.0
0.0695,-150.0,428.0
0.0697,297.0,434.0
0.0698,-33.0,432.0
0.07,-161.0,432.0
0.0701,62.0,430.0
0.0703,-59.0,428.0
0.0704,6.0,426.0
0.0706,310.0,426.0
0.0707,-92.0,426.0
0.0709,-448.0,430.0
0.0711,188.0,432.0
0.0712,409.0,438.0
0.0714,-248.0,442.0
0.0716,-247.0,444.0
0.0717,188.0,446.0
0.0719,42.0,444.0
0.072,-35.0,440.0
0.0722,122.0,438.0
0.0723,-99.0,436.0
0.0725,-154.0,432.0
0.0727,178.0,432.0
0.0728,49.0,426.0
0.073,-228.0,424.0
0.0731,59.0,418.0
0.0733,210.0,414.0
0.0734,-52.0,410.0
0.0736,-68.0,406.0
0.0737,-57.0,404.0
0.0739,-152.0,402.0
0.0741,193.0,404.0
0.0744,331.0,410.0
0.0746,-279.0,412.0
0.0749,-363.0,416.0
0.0751,267.0,416.0
0.0755,219.0,414.0
0.0757,-199.0,412.0
0.0758,19.0,406.0
0.076,128.0,404.0
0.0762,-232.0,404.0
0.0763,-10.0,400.0
0.0765,369.0,404.0
0.0768,-170.0,406.0
0.077,-414.0,408.0
0.0772,309.0,412.0
0.0773,325.0,406.0
0.0775,-330.0,408.0
0.0777,-135.0,398.0
0.0778,269.0,402.0
0.078,-18.0,394.0
0.0782,-198.0,396.0
0.0783,35.0,396.0
0.0785,143.0,398.0
0.0786,41.0,392.0
0.0788,-100.0,392.0
0.079,-87.0,386.0
0.0792,68.0,386.0
0.0793,66.0,382.0
0.0795,-47.0,382.0
0.0797,-29.0,380.0
0.0801,17.0,378.0
0.0804,-1.0,376.0
0.0806,8.0,372.0
0.081,37.0,372.0
0.0814,29.0,366.0
0.0817,-70.0,366.0
0.0819,-159.0,364.0
0.0822,111.0,362.0
0.0824,325.0,366.0
0.0826,-183.0,368.0
0.0844,-417.0,374.0
0.0894,273.0,374.0
0.0944,362.0,378.0
0.0997,-347.0,374.0
0.105,-209.0,376.0
0.1095,368.0,374.0
0.1143,80.0,374.0
0.1194,-289.0,372.0
0.1251,-33.0,372.0
0.1305,118.0,372.0
0.1347,35.0,372.0
0.1395,24.0,372.0
0.1444,-45.0,370.0
0.1493,-37.0,370.0
0.1544,54.0,366.0
0.1593,-29.0,364.0
0.1645,-61.0,360.0
0.1695,63.0,356.0
0.1744,56.0,354.0
0.1793,-53.0,348.0
0.1844,-45.0,346.0
0.1894,50.0,342.0
0.1945,37.0,340.0
0.1995,-43.0,338.0
0.2044,-23.0,334.0
0.2093,-14.0,332.0
0.2145,13.0,330.0
0.2194,118.0,328.0
0.2245,-43.0,326.0
0.2295,-188.0,326.0
0.2347,126.0,322.0
0.2396,164.0,324.0
0.2446,-258.0,326.0
0.2498,-93.0,326.0
0.2546,381.0,330.0
0.2594,45.0,330.0
0.2644,-362.0,332.0
0.2694,0.0,330.0
0.2749,165.0,330.0
0.2796,-114.0,330.0
0.2844,26.0,328.0
0.2894,281.0,332.0
0.2943,-15.0,328.0
0.2995,-352.0,334.0
0.3051,-144.0,328.0
0.3095,242.0,330.0
0.3144,241.0,324.0
0.3194,-63.0,322.0
0.3243,-185.0,314.0
0.3304,-33.0,314.0
0.3347,74.0,308.0
0.3395,43.0,308.0
0.3444,-31.0,308.0
0.3495,-69.0,308.0
0.3544,84.0,302.0
0.3595,162.0,300.0
0.3646,-197.0,296.0
0.3695,-245.0,294.0
0.3744,318.0,292.0
0.3793,221.0,294.0
0.3843,-396.0,296.0
0.3894,-100.0,296.0
0.3946,398.0,300.0
0.3995,-22.0,300.0
0.4044,-335.0,304.0
0.4093,56.0,304.0
0.4144,200.0,302.0
0.4199,-13.0,302.0
0.4244,64.0,296.0
0.4294,23.0,292.0
0.4343,-400.0,292.0
0.4395,-169.0,292.0
0.4445,587.0,296.0
0.4498,339.0,300.0
0.4544,-513.0,306.0
0.4594,-377.0,312.0
0.4644,314.0,314.0
0.4693,273.0,318.0
0.4745,-162.0,318.0
0.4796,-128.0,316.0
0.4845,72.0,318.0
0.4894,37.0,314.0
0.4943,29.0,314.0
0.4995,-28.0,310.0
0.5046,-152.0,312.0
0.5095,65.0,312.0
0.5144,238.0,316.0
0.5194,-94.0,314.0
0.5244,-249.0,316.0
0.5297,98.0,312.0
0.5343,197.0,310.0
0.5395,-96.0,306.0
0.5445,-107.0,304.0
0.5494,128.0,302.0
0.5544,5.0,300.0
0.5598,-200.0,302.0
0.5645,54.0,300.0
0.5694,241.0,300.0
0.5744,-27.0,302.0
0.5793,-166.0,298.0
0.5845,-47.0,296.0
0.5894,-16.0,290.0
0.5945,53.0,286.0
0.5995,189.0,284.0
0.6044,63.0,280.0
0.6095,-218.0,280.0
0.6146,-193.0,280.0
0.6194,88.0,280.0
0.6245,163.0,280.0
0.6295,63.0,280.0
0.6344,67.0,280.0
0.6395,-67.0,280.0
0.6445,-314.0,284.0
0.6495,-103.0,284.0
0.6545,325.0,288.0
0.6594,265.0,290.0
0.6645,-88.0,292.0
0.6695,-230.0,294.0
0.6746,-130.0,296.0
0.6794,24.0,296.0
0.6844,117.0,298.0
0.6894,147.0,300.0
0.6943,36.0,300.0
0.6997,-162.0,302.0
0.7043,-116.0,300.0
0.7095,86.0,300.0
0.7143,103.0,296.0
0.7193,-4.0,294.0
0.7244,-95.0,290.0
0.7293,-62.0,286.0
0.7343,102.0,282.0
0.7394,102.0,278.0
0.7444,-84.0,276.0
0.7494,-108.0,272.0
0.7544,52.0,272.0
0.7594,91.0,268.0
0.7645,-33.0,268.0
0.7695,-24.0,266.0
0.7744,50.0,268.0
0.7794,-91.0,268.0
0.7844,-99.0,270.0
0.7897,176.0,272.0
0.7945,138.0,272.0
0.7995,-175.0,274.0
0.8043,-138.0,276.0
0.8093,127.0,278.0
0.8144,107.0,278.0
0.8195,-86.0,278.0
0.8244,-59.0,278.0
0.8294,82.0,280.0
0.8343,0.0,278.0
0.8395,-145.0,280.0
0.8444,46.0,280.0
0.8494,266.0,284.0
0.8543,-40.0,284.0
0.8594,-348.0,288.0
0.8643,-41.0,288.0
0.8695,265.0,290.0
0.8744,152.0,290.0
0.8795,-19.0,288.0
0.8845,-208.0,286.0
0.8893,-230.0,290.0
0.8943,179.0,286.0
0.8993,353.0,290.0
0.9046,-77.0,286.0
0.9095,-327.0,292.0
0.9146,-69.0,290.0
0.9193,169.0,290.0
0.9243,161.0,292.0
0.9293,62.0,290.0
0.9345,-91.0,290.0
0.9395,-220.0,288.0
0.9446,-89.0,288.0
0.9493,165.0,286.0
0.9545,195.0,286.0
0.9595,47.0,286.0
0.9645,-126.0,284.0
0.9694,-182.0,286.0
0.9743,-13.0,286.0
0.9793,128.0,288.0
0.9845,56.0,288.0
0.9897,-33.0,288.0
0.9944,37.0,286.0
0.9994,54.0,284.0
1.0043,-147.0,284.0
1.0093,-151.0,282.0
1.0143,152.0,280.0
1.0194,189.0,280.0
1.0244,-62.0,274.0
1.0293,-135.0,274.0
1.0343,-70.0,270.0
1.0392,66.0,270.0
1.0448,247.0,268.0
1.0493,-2.0,268.0
1.0544,-384.0,270.0
1.0594,-72.0,272.0
1.0644,360.0,276.0
1.0693,107.0,278.0
1.0746,-235.0,276.0
1.0793,-85.0,274.0
1.0844,177.0,268.0
1.0893,105.0,264.0
1.0943,-228.0,260.0
1.0993,-243.0,258.0
1.1049,289.0,256.0
1.1094,403.0,258.0
1.1143,-281.0,260.0
1.1193,-421.0,266.0
1.1243,250.0,268.0
1.1293,279.0,272.0
1.1347,-274.0,276.0
1.1393,-109.0,276.0
1.1444,291.0,280.0
1.1493,-5.0,278.0
1.1543,-189.0,278.0
1.1597,91.0,278.0
1.1645,11.0,274.0
1.1695,-163.0,274.0
1.1744,79.0,272.0
1.1794,172.0,274.0
1.1845,23.0,272.0
1.1894,-46.0,272.0
1.1943,-231.0,274.0
1.1993,-216.0,276.0
1.2044,332.0,280.0
1.2094,498.0,284.0
1.2144,-214.0,286.0
1.2196,-634.0,294.0
1.2244,-38.0,294.0
1.2295,513.0,302.0
1.2345,228.0,304.0
1.2395,-181.0,304.0
1.2445,-200.0,306.0
1.2495,-131.0,304.0
1.2544,10.0,302.0
1.2594,224.0,304.0
1.2644,99.0,304.0
1.2695,-176.0,304.0
1.2744,-12.0,304.0
1.2797,199.0,306.0
1.2845,-106.0,302.0
1.2894,-289.0,306.0
1.2943,92.0,302.0
1.2993,243.0,302.0
1.3045,-17.0,300.0
1.3094,4.0,298.0
1.3144,23.0,296.0
1.3193,-271.0,300.0
1.3243,-75.0,298.0
1.3294,349.0,302.0
1.3342,27.0,302.0
1.3394,-222.0,302.0
1.3443,138.0,302.0
1.3493,32.0,302.0
1.3551,-273.0,304.0
1.3594,94.0,306.0
1.3645,245.0,308.0
1.3693,-131.0,310.0
1.3743,-79.0,310.0
1.3793,108.0,310.0
1.3843,-112.0,310.0
1.3899,-75.0,310.0
1.3948,230.0,312.0
1.3998,62.0,312.0
1.4045,-255.0,316.0
1.4094,-86.0,316.0
1.4146,246.0,320.0
1.4198,179.0,320.0
1.4248,-215.0,322.0
1.4294,-311.0,324.0
1.4345,119.0,324.0
1.4396,366.0,328.0
1.4446,-2.0,324.0
1.45,-277.0,328.0
1.4551,-40.0,326.0
1.4601,102.0,326.0
1.4645,-12.0,326.0
1.4695,53.0,326.0
1.4747,124.0,328.0
1.4807,-112.0,326.0
1.4845,-232.0,330.0
1.4897,56.0,326.0
1.4944,277.0,330.0
1.4995,96.0,326.0
1.5052,-221.0,328.0
1.5097,-279.0,330.0
1.5145,70.0,328.0
1.5195,365.0,334.0
1.5246,107.0,332.0
1.5295,-312.0,332.0
1.5349,-217.0,334.0
1.5398,241.0,332.0
1.5445,260.0,334.0
1.5494,-261.0,334.0
1.5546,-332.0,338.0
1.56,310.0,340.0
1.5648,461.0,344.0
1.5704,-267.0,348.0
1.5746,-509.0,354.0
1.5793,147.0,354.0
1.5845,339.0,358.0
1.5899,-75.0,356.0
1.5949,-30.0,354.0
1.6001,109.0,354.0
1.6043,-192.0,356.0
1.6098,-144.0,354.0
1.6145,215.0,358.0
1.62,59.0,356.0
1.6248,-140.0,358.0
1.6305,96.0,358.0
1.6344,126.0,360.0
1.6395,-167.0,362.0
1.6446,-177.0,362.0
1.6498,120.0,362.0
1.6548,169.0,362.0
1.6594,-99.0,360.0
1.6647,-77.0,362.0
1.6698,201.0,362.0
1.6749,3.0,362.0
1.6796,-347.0,366.0
1.6843,5.0,362.0
1.6893,414.0,368.0
1.6944,-2.0,362.0
1.6995,-344.0,366.0
1.7051,32.0,362.0
1.7093,166.0,362.0
1.7145,-87.0,360.0
1.7194,4.0,358.0
1.7244,121.0,358.0
1.7296,-79.0,358.0
1.7352,-111.0,356.0
1.7398,90.0,354.0
1.7446,89.0,350.0
1.7496,-119.0,346.0
1.7545,-116.0,344.0
1.7602,172.0,340.0
1.765,186.0,338.0
1.7708,-231.0,338.0
1.7752,-209.0,336.0
1.7795,327.0,340.0
1.785,171.0,338.0
1.7897,-435.0,344.0
1.7945,-165.0,344.0
1.8,407.0,350.0
1.8044,196.0,352.0
1.8096,-183.0,352.0
1.8144,-152.0,354.0
1.8196,-74.0,352.0
1.8247,-3.0,352.0
1.8292,176.0,354.0
1.8344,167.0,352.0
1.8396,-109.0,352.0
1.8455,-206.0,350.0
1.85,-4.0,342.0
1.8545,93.0,340.0
1.8594,42.0,330.0
1.8647,74.0,330.0
1.8694,54.0,324.0
1.8743,-163.0,322.0
1.8801,-220.0,324.0
1.8849,106.0,322.0
1.8895,293.0,324.0
1.8943,-2.0,324.0
1.8997,-197.0,324.0
1.905,22.0,322.0
1.9094,69.0,320.0
1.9148,-172.0,324.0
1.9195,-75.0,322.0
1.9255,256.0,324.0
1.9296,172.0,322.0
1.9343,-125.0,322.0
1.9394,-168.0,322.0
1.9444,-103.0,322.0
1.9493,16.0,322.0
1.9543,203.0,326.0
1.9599,115.0,324.0
1.9646,-139.0,324.0
1.9694,-90.0,320.0
1.9744,69.0,320.0
1.9794,-12.0,318.0
1.9845,-123.0,318.0
1.9898,6.0,316.0
1.9944,279.0,316.0
1.9994,171.0,318.0
2.0044,-369.0,320.0
2.0095,-361.0,324.0
2.0148,253.0,326.0
2.0201,342.0,330.0
2.0252,-23.0,328.0
2.0298,-96.0,330.0
2.0348,-83.0,326.0
2.0395,-154.0,328.0
2.0445,-13.0,324.0
2.0498,190.0,326.0
2.055,165.0,324.0
2.0599,-14.0,322.0
2.0645,-195.0,322.0
2.0696,-185.0,320.0
2.0746,82.0,320.0
2.0798,226.0,318.0
2.0848,23.0,318.0
2.0894,-87.0,314.0
2.0943,45.0,314.0
2.0994,-78.0,314.0
2.1049,-266.0,318.0
2.1098,122.0,320.0
2.1146,416.0,324.0
2.1197,-83.0,324.0
2.1245,-342.0,326.0
2.1316,77.0,326.0
2.1349,157.0,324.0
2.14,-70.0,324.0
2.1444,-28.0,320.0
2.1494,-2.0,316.0
2.1545,-52.0,316.0
2.1596,54.0,310.0
2.1647,130.0,310.0
2.1698,-16.0,306.0
2.1745,-165.0,306.0
2.1793,-38.0,302.0
2.1844,137.0,300.0
2.1902,10.0,296.0
2.1943,-106.0,292.0
2.1993,122.0,290.0
2.2045,123.0,284.0
2.2096,-289.0,286.0
2.2146,-181.0,280.0
2.22,392.0,284.0
2.2248,269.0,282.0
2.2295,-367.0,288.0
2.2345,-362.0,292.0
2.2395,222.0,294.0
2.2447,368.0,296.0
2.2493,-34.0,296.0
2.2551,-244.0,296.0
2.2605,-88.0,296.0
2.2642,87.0,296.0
2.2697,105.0,296.0
2.2749,-21.0,294.0
2.2798,-98.0,292.0
2.2851,33.0,290.0
2.2904,153.0,292.0
2.2944,-29.0,288.0
2.2997,-220.0,290.0
2.3045,-2.0,290.0
2.3098,225.0,290.0
2.3145,10.0,290.0
2.3197,-196.0,288.0
2.3244,3.0,288.0
2.3298,193.0,284.0
2.3346,4.0,284.0
2.3395,-214.0,282.0
2.3444,-35.0,282.0
2.3493,215.0,284.0
2.3544,40.0,282.0
2.3594,-179.0,286.0
2.3644,17.0,284.0
2.3694,142.0,284.0
2.3745,-105.0,284.0
2.3805,-147.0,286.0
2.3844,172.0,286.0
2.3894,208.0,288.0
2.3944,-211.0,290.0
2.3995,-336.0,292.0
2.4044,193.0,292.0
2.4095,475.0,296.0
2.4144,-68.0,294.0
2.4194,-453.0,296.0
2.4243,-79.0,294.0
2.4294,197.0,290.0
2.4344,65.0,288.0
2.4393,79.0,284.0
2.4447,125.0,282.0
2.4495,-102.0,282.0
2.4545,-249.0,282.0
2.4595,-124.0,284.0
2.4643,91.0,286.0
2.4695,326.0,288.0
2.4744,242.0,288.0
2.4793,-283.0,292.0
2.485,-444.0,296.0
2.4893,54.0,296.0
2.4945,359.0,300.0
2.5005,153.0,302.0
2.5044,-119.0,302.0
2.5095,-226.0,306.0
2.5143,-38.0,304.0
2.5193,207.0,302.0
2.5244,45.0,302.0
2.5294,-167.0,300.0
2.5345,-12.0,300.0
2.5394,108.0,298.0
2.5443,29.0,298.0
2.5493,-20.0,298.0
2.5544,-64.0,296.0
2.5595,-27.0,296.0
2.5644,71.0,292.0
2.5696,-37.0,290.0
2.5743,-47.0,290.0
2.5793,158.0,290.0
2.5843,-6.0,288.0
2.5896,-219.0,290.0
2.5944,101.0,290.0
2.5994,209.0,290.0
2.6044,-185.0,292.0
2.6093,-170.0,292.0
2.6145,160.0,294.0
2.6195,82.0,296.0
2.6245,-19.0,294.0
2.6295,66.0,294.0
2.6343,-100.0,292.0
2.6393,-174.0,292.0
2.6445,89.0,288.0
2.6495,93.0,284.0
2.6546,-11.0,280.0
2.6594,191.0,278.0
2.6643,12.0,276.0
2.6696,-493.0,284.0
2.6745,-112.0,284.0
2.6795,580.0,290.0
2.6845,163.0,292.0
2.6893,-436.0,296.0
2.6943,-44.0,294.0
2.6994,232.0,298.0
2.7044,-181.0,298.0
2.7095,-91.0,296.0
2.7145,352.0,300.0
2.7193,-4.0,298.0
2.7245,-337.0,302.0
2.7295,113.0,302.0
2.7344,134.0,304.0
2.7396,-270.0,306.0
2.7443,92.0,304.0
2.7493,439.0,310.0
2.755,-151.0,304.0
2.7594,-482.0,312.0
2.7644,59.0,306.0
2.7695,332.0,310.0
2.7742,7.0,308.0
2.7793,-119.0,310.0
2.7844,29.0,310.0
2.7897,-6.0,310.0
2.7945,-62.0,310.0
2.7993,39.0,310.0
2.8043,4.0,308.0
2.8093,-66.0,308.0
2.8144,76.0,306.0
2.8193,111.0,308.0
2.8244,-105.0,308.0
2.8293,-127.0,308.0
2.8343,133.0,310.0
2.8392,112.0,310.0
2.8446,-226.0,310.0
2.8493,-115.0,308.0
2.8544,333.0,310.0
2.8594,143.0,306.0
2.8643,-348.0,308.0
2.8692,-154.0,304.0
2.8743,244.0,302.0
2.8793,118.0,302.0
2.8844,-99.0,296.0
2.8907,-54.0,298.0
2.8942,-1.0,294.0
2.8993,-26.0,292.0
2.9045,24.0,292.0
2.9094,159.0,292.0
2.9143,52.0,292.0
2.9193,-310.0,296.0
2.9243,-190.0,298.0
2.9293,352.0,302.0
2.9344,242.0,304.0
2.9393,-254.0,306.0
2.9443,-99.0,306.0
2.9493,131.0,306.0
2.9543,-160.0,308.0
2.9594,-65.0,306.0
2.9644,355.0,312.0
2.9694,9.0,308.0
2.9743,-407.0,314.0
2.9793,93.0,312.0
2.9843,391.0,318.0
2.9905,-196.0,318.0
2.9943,-371.0,324.0
2.9993,234.0,324.0
3.0043,315.0,328.0
3.0094,-241.0,330.0
3.0144,-209.0,332.0
3.0195,234.0,334.0
3.0244,111.0,332.0
3.0293,-123.0,332.0
3.0343,-16.0,328.0
3.0393,-106.0,324.0
3.0446,-161.0,324.0
3.0494,235.0,320.0
3.0543,357.0,324.0
3.0593,-89.0,318.0
3.0643,-340.0,324.0
3.0694,-123.0,322.0
3.0745,79.0,322.0
3.0794,91.0,322.0
3.0843,139.0,322.0
3.0893,124.0,322.0
3.0952,-127.0,320.0
3.0993,-235.0,322.0
3.1049,8.0,322.0
3.1095,147.0,318.0
3.1143,14.0,316.0
3.1193,-15.0,310.0
3.1247,146.0,306.0
3.1293,26.0,306.0
3.1348,-387.0,306.0
3.1395,-202.0,306.0
3.1444,473.0,312.0
3.1493,353.0,314.0
3.1544,-319.0,318.0
3.1593,-298.0,320.0
3.1643,124.0,322.0
3.1694,103.0,320.0
3.1743,-84.0,322.0
3.1793,14.0,320.0
3.1844,123.0,322.0
3.1894,71.0,322.0
3.1951,-40.0,322.0
3.1994,-301.0,326.0
3.2043,-172.0,328.0
3.2093,495.0,336.0
3.2144,327.0,340.0
3.2194,-536.0,346.0
3.2245,-289.0,350.0
3.2294,458.0,354.0
3.2343,107.0,354.0
3.2394,-353.0,356.0
3.2442,41.0,354.0
3.2493,267.0,356.0
3.2543,-10.0,352.0
3.2593,-165.0,354.0
3.2643,-144.0,356.0
3.2694,26.0,356.0
3.2743,215.0,358.0
3.2795,58.0,356.0
3.2845,-115.0,356.0
3.2895,23.0,354.0
3.2943,-36.0,356.0
3.3,-191.0,356.0
3.3047,120.0,356.0
3.3095,256.0,354.0
3.3145,-147.0,354.0
3.3193,-182.0,348.0
3.3243,138.0,348.0
3.3295,106.0,342.0
3.3344,-55.0,342.0
3.3394,-106.0,340.0
3.3444,-117.0,340.0
3.3493,95.0,340.0
3.3543,298.0,338.0
3.3593,25.0,338.0
3.3645,-358.0,338.0
3.3695,-185.0,340.0
3.3744,253.0,342.0
3.3793,194.0,340.0
3.3845,-92.0,340.0
3.3896,27.0,334.0
3.3945,46.0,332.0
3.3999,-305.0,330.0
3.4043,-138.0,332.0
3.4092,374.0,332.0
3.4145,185.0,334.0
3.4195,-206.0,336.0
3.4244,-53.0,336.0
3.4294,-3.0,336.0
3.4343,-171.0,338.0
3.4394,111.0,340.0
3.4444,328.0,344.0
3.4493,-135.0,346.0
3.4543,-346.0,350.0
3.4593,166.0,350.0
3.4643,264.0,352.0
3.4693,-261.0,354.0
3.4745,-150.0,356.0
3.4795,385.0,360.0
3.4843,22.0,356.0
3.4893,-434.0,362.0
3.4943,127.0,358.0
3.4993,347.0,362.0
3.5044,-253.0,360.0
3.5095,-176.0,360.0
3.5143,262.0,360.0
3.5193,12.0,358.0
3.5243,-115.0,358.0
3.5293,107.0,360.0
3.5345,-67.0,360.0
3.5394,-175.0,364.0
3.5444,122.0,364.0
3.5493,151.0,364.0
3.5542,-57.0,364.0
3.5594,-24.0,360.0
3.5644,0.0,358.0
3.5695,-118.0,354.0
3.5743,-8.0,350.0
3.5793,166.0,348.0
3.5843,29.0,348.0
3.5894,-98.0,346.0
3.5944,6.0,344.0
3.5993,-15.0,344.0
3.6047,-105.0,340.0
3.6092,62.0,340.0
3.6145,156.0,336.0
3.6192,8.0,336.0
3.6244,-35.0,330.0
3.6293,-86.0,328.0
3.6343,-161.0,324.0
3.6392,38.0,322.0
3.6443,185.0,320.0
3.6495,57.0,316.0
3.6543,17.0,314.0
3.6593,-27.0,310.0
3.6643,-226.0,312.0
3.6693,-115.0,312.0
3.6745,228.0,316.0
3.6795,186.0,316.0
3.6844,-23.0,314.0
3.6893,-55.0,312.0
3.6943,-192.0,310.0
3.6994,-214.0,312.0
3.7046,195.0,308.0
3.7096,391.0,314.0
3.7143,23.0,312.0
3.7193,-300.0,316.0
3.7244,-233.0,318.0
3.7295,24.0,316.0
3.7347,270.0,318.0
3.7395,168.0,316.0
3.7444,-249.0,320.0
3.7493,-84.0,320.0
3.7544,405.0,326.0
3.7594,-177.0,328.0
3.7644,-738.0,338.0
3.7695,316.0,342.0
3.7743,958.0,350.0
3.7793,-232.0,352.0
3.7843,-839.0,356.0
3.7896,136.0,354.0
3.7945,491.0,356.0
3.7995,-188.0,354.0
3.8043,-170.0,356.0
3.8092,273.0,358.0
3.8144,0.0,356.0
3.8202,-207.0,360.0
3.825,57.0,358.0
3.8298,-9.0,358.0
3.8347,-84.0,358.0
3.8393,230.0,358.0
3.8443,114.0,356.0
3.8494,-329.0,354.0
3.8543,-121.0,350.0
3.8593,275.0,346.0
3.8642,89.0,344.0
3.8694,-144.0,338.0
3.8743,-62.0,338.0
3.8794,64.0,334.0
3.8845,95.0,334.0
3.8893,-91.0,332.0
3.8943,-198.0,334.0
3.8995,133.0,334.0
3.9047,310.0,336.0
3.9094,-65.0,336.0
3.9142,-331.0,338.0
3.9193,-73.0,338.0
3.9243,245.0,340.0
3.9296,121.0,342.0
3.9347,-167.0,344.0
3.9394,-31.0,342.0
3.9445,174.0,342.0
3.9494,-75.0,340.0
3.9543,-191.0,340.0
3.9596,112.0,340.0
3.9643,138.0,340.0
3.9694,-128.0,340.0
3.9743,-82.0,340.0
3.9792,174.0,342.0
3.9845,104.0,342.0
3.9895,-196.0,342.0
3.9944,-139.0,340.0
3.9995,142.0,342.0
4.0042,69.0,338.0
4.0092,-66.0,336.0
4.0143,70.0,332.0
4.0209,53.0,330.0
4.0243,-151.0,332.0
4.0293,-105.0,332.0
4.0342,178.0,334.0
4.0392,172.0,332.0
4.0443,-252.0,334.0
4.0495,-220.0,332.0
4.0543,359.0,334.0
4.0593,224.0,336.0
4.0643,-406.0,340.0
4.0692,-157.0,344.0
4.0743,342.0,346.0
4.0793,-11.0,344.0
4.0844,-176.0,342.0
4.0893,271.0,344.0
4.0943,-11.0,338.0
4.0993,-506.0,344.0
4.1047,91.0,342.0
4.1093,555.0,346.0
4.1143,-33.0,344.0
4.1193,-374.0,344.0
4.1242,-38.0,344.0
4.1326,100.0,340.0
4.1342,18.0,338.0
4.1394,83.0,334.0
4.1443,37.0,330.0
4.1493,-119.0,328.0
4.1543,-23.0,326.0
4.1595,78.0,326.0
4.1644,-56.0,326.0
4.1694,-42.0,324.0
4.1743,123.0,326.0
4.1792,11.0,322.0
4.1845,-155.0,324.0
4.1894,58.0,322.0
4.1944,193.0,324.0
4.1994,-149.0,326.0
4.2043,-245.0,330.0
4.2092,151.0,330.0
4.2143,229.0,334.0
4.2193,-13.0,332.0
4.2245,-54.0,332.0
4.2294,-128.0,332.0
4.2344,-219.0,336.0
4.2393,116.0,336.0
4.2442,379.0,342.0
4.2495,-38.0,340.0
4.2544,-332.0,344.0
4.2594,95.0,344.0
4.2643,229.0,348.0
4.2694,-258.0,350.0
4.2748,-207.0,352.0
4.2795,296.0,356.0
4.2844,200.0,356.0
4.2893,-120.0,356.0
4.2942,-70.0,358.0
4.2993,-115.0,358.0
4.3045,-194.0,358.0
4.3095,230.0,360.0
4.3143,449.0,364.0
4.3193,-194.0,364.0
4.3244,-546.0,372.0
4.3293,90.0,372.0
4.3343,472.0,376.0
4.3394,-7.0,374.0
4.3443,-312.0,376.0
4.3492,-10.0,370.0
4.3544,129.0,372.0
4.3594,-36.0,366.0
4.3643,28.0,364.0
4.3693,111.0,366.0
4.3742,-102.0,362.0
4.3793,-127.0,362.0
4.3844,93.0,360.0
4.3898,19.0,358.0
4.3945,-84.0,354.0
4.3993,146.0,352.0
4.4043,132.0,344.0
4.4093,-231.0,342.0
4.4144,-177.0,330.0
4.4198,185.0,330.0
4.4244,86.0,318.0
4.4302,-146.0,318.0
4.4343,155.0,312.0
4.4392,273.0,314.0
4.4444,-331.0,316.0
4.4494,-453.0,318.0
4.4545,274.0,324.0
4.4595,413.0,326.0
4.4644,-112.0,328.0
4.4697,-125.0,330.0
4.4744,35.0,328.0
4.4794,-183.0,328.0
4.4844,-12.0,326.0
4.4893,375.0,326.0
4.4942,-31.0,326.0
4.4994,-449.0,328.0
4.505,55.0,328.0
4.5094,384.0,332.0
4.5143,-50.0,332.0
4.5193,-217.0,334.0
4.5243,71.0,334.0
4.5293,67.0,332.0
4.5347,-111.0,332.0
4.5394,11.0,330.0
4.5445,149.0,326.0
4.5492,-51.0,326.0
4.5543,-208.0,324.0
4.5597,84.0,324.0
4.5644,308.0,326.0
4.5693,-96.0,326.0
4.5743,-378.0,328.0
4.5793,35.0,328.0
4.5843,312.0,332.0
4.5895,95.0,332.0
4.5944,-104.0,330.0
4.5993,-186.0,332.0
4.6044,-115.0,330.0
4.6093,158.0,332.0
4.6143,203.0,334.0
4.6194,-60.0,332.0
4.6245,-135.0,332.0
4.6294,-25.0,330.0
4.6343,-17.0,328.0
4.6393,65.0,326.0
4.6444,203.0,328.0
4.6494,-42.0,328.0
4.6544,-372.0,332.0
4.6593,-41.0,332.0
4.6643,443.0,336.0
4.6693,126.0,338.0
4.6743,-374.0,340.0
4.6793,-140.0,340.0
4.6844,221.0,340.0
4.6893,83.0,338.0
4.6942,-93.0,334.0
4.6993,-27.0,330.0
4.7045,57.0,324.0
4.7093,51.0,322.0
4.7143,-47.0,318.0
4.7193,-118.0,320.0
4.7243,-26.0,318.0
4.7295,107.0,316.0
4.7353,107.0,316.0
4.7393,-16.0,308.0
4.7443,-101.0,310.0
4.7492,-3.0,300.0
4.7542,88.0,302.0
4.7593,-95.0,296.0
4.7642,-215.0,300.0
4.7693,137.0,300.0
4.7743,416.0,306.0
4.7793,-3.0,306.0
4.7843,-448.0,312.0
4.7893,-130.0,312.0
4.7943,258.0,316.0
4.7993,17.0,314.0
4.8042,-96.0,316.0
4.8093,270.0,318.0
4.8143,150.0,320.0
4.8195,-416.0,326.0
4.8246,-282.0,328.0
4.8294,278.0,330.0
4.8342,266.0,332.0
4.8392,-57.0,330.0
4.8446,-140.0,328.0
4.8492,1.0,326.0
4.8545,121.0,324.0
4.8593,-98.0,326.0
4.8643,-232.0,330.0
4.8693,168.0,330.0
4.8745,258.0,330.0
4.8793,-163.0,330.0
4.8844,-104.0,326.0
4.8893,161.0,328.0
4.8942,-50.0,324.0
4.8992,-148.0,326.0
4.9046,66.0,322.0
4.9099,25.0,318.0
4.9144,-54.0,316.0
4.9193,181.0,314.0
4.9244,160.0,314.0
4.9294,-295.0,316.0
4.9348,-297.0,320.0
4.9394,207.0,322.0
4.9443,259.0,322.0
4.9492,-19.0,320.0
4.9543,-31.0,312.0
4.9596,-92.0,312.0
4.9645,-191.0,306.0
4.9694,81.0,306.0
4.9744,247.0,302.0
4.9793,-45.0,302.0
4.9844,-183.0,300.0
4.9895,20.0,300.0
4.9943,157.0,302.0
4.9994,85.0,302.0
5.0043,-201.0,304.0
5.0093,-266.0,308.0
5.0143,212.0,308.0
5.0195,362.0,312.0
5.0243,-152.0,314.0
5.0293,-306.0,318.0
5.0342,79.0,318.0
5.0393,170.0,318.0
5.0443,-64.0,318.0
5.0494,-48.0,314.0
5.0545,130.0,314.0
5.0593,-11.0,310.0
5.0643,-198.0,312.0
5.0693,14.0,310.0
5.0743,150.0,310.0
5.0793,-2.0,306.0
5.0844,-6.0,302.0
5.0893,16.0,294.0
5.0942,-94.0,292.0
5.0993,-41.0,286.0
5.1048,77.0,286.0
5.1093,12.0,284.0
5.1143,-35.0,284.0
5.1193,51.0,282.0
5.1242,78.0,282.0
5.1293,-13.0,276.0
5.1343,-150.0,278.0
5.1394,-182.0,274.0
5.1444,96.0,276.0
5.1494,376.0,274.0
5.1545,108.0,276.0
5.1596,-352.0,278.0
5.1645,-306.0,282.0
5.1694,77.0,282.0
5.1744,325.0,286.0
5.1794,263.0,290.0
5.1845,-155.0,290.0
5.1897,-453.0,296.0
5.1944,-38.0,292.0
5.1994,436.0,298.0
5.2043,142.0,296.0
5.2093,-302.0,298.0
5.2145,-182.0,296.0
5.2197,126.0,298.0
5.2244,173.0,296.0
5.2294,34.0,294.0
5.2342,-86.0,294.0
5.2393,-100.0,292.0
5.2443,-17.0,292.0
5.2494,44.0,290.0
5.2544,22.0,286.0
5.2593,36.0,286.0
5.2642,103.0,286.0
5.2694,-20.0,286.0
5.2744,-264.0,290.0
5.2795,-110.0,290.0
5.2843,306.0,292.0
5.2893,248.0,294.0
5.2943,-159.0,292.0
5.2993,-259.0,294.0
5.3045,-69.0,290.0
5.3096,127.0,290.0
5.3143,186.0,286.0
5.3193,26.0,284.0
5.3242,-103.0,282.0
5.3293,-69.0,282.0
5.3343,-40.0,282.0
5.3395,-23.0,282.0
5.3443,14.0,280.0
5.35,131.0,282.0
5.3543,216.0,284.0
5.3594,-107.0,284.0
5.3643,-443.0,290.0
5.3695,-36.0,290.0
5.3743,456.0,296.0
5.3792,126.0,298.0
5.3843,-254.0,300.0
5.3895,-40.0,300.0
5.3943,12.0,298.0
5.3993,-133.0,300.0
5.4044,101.0,298.0
5.4093,180.0,298.0
5.4142,-79.0,294.0
5.4193,-15.0,294.0
5.4244,20.0,286.0
5.4294,-211.0,288.0
5.4343,18.0,284.0
5.4393,309.0,288.0
5.4444,-45.0,288.0
5.4494,-253.0,288.0
5.4545,66.0,286.0
5.4593,143.0,282.0
5.4643,-74.0,278.0
5.4693,-45.0,276.0
5.4743,88.0,272.0
5.4794,-18.0,272.0
5.4843,-108.0,272.0
5.4893,51.0,272.0
5.4943,83.0,272.0
5.4995,-109.0,272.0
5.505,-7.0,268.0
5.5094,214.0,268.0
5.5145,-31.0,266.0
5.5193,-276.0,266.0
5.5242,-10.0,266.0
5.5293,195.0,266.0
5.5342,70.0,266.0
5.5393,-25.0,264.0
5.5443,-97.0,264.0
5.5501,-104.0,266.0
5.5542,96.0,266.0
5.5594,157.0,266.0
5.5643,-46.0,264.0
5.5693,-164.0,262.0
5.5743,-65.0,258.0
5.5793,113.0,258.0
5.5844,149.0,256.0
5.5894,13.0,256.0
5.5944,-118.0,258.0
5.5995,-127.0,258.0
5.6043,32.0,256.0
5.6092,103.0,256.0
5.6143,-26.0,252.0
5.6197,27.0,252.0
5.6242,130.0,250.0
5.6293,-100.0,252.0
5.6343,-222.0,254.0
5.6393,20.0,252.0
5.6443,170.0,252.0
5.6495,167.0,250.0
5.6544,38.0,248.0
5.6593,-340.0,248.0
5.6642,-311.0,250.0
5.6693,349.0,250.0
5.6745,500.0,256.0
5.6795,-149.0,256.0
5.6845,-462.0,262.0
5.6904,-107.0,264.0
5.6943,218.0,264.0
5.6994,199.0,268.0
5.7044,5.0,264.0
5.7094,-106.0,266.0
5.7144,5.0,264.0
5.7193,58.0,264.0
5.7243,-160.0,268.0
5.7296,-188.0,270.0
5.7347,196.0,272.0
5.7393,327.0,276.0
5.7445,-73.0,276.0
5.7492,-306.0,280.0
5.7542,-42.0,280.0
5.7593,168.0,282.0
5.7642,82.0,282.0
5.7699,-14.0,282.0
5.7742,-102.0,282.0
5.7792,-106.0,280.0
5.7843,132.0,282.0
5.7893,164.0,278.0
5.7943,-158.0,278.0
5.7993,-167.0,276.0
5.8043,144.0,274.0
5.8092,164.0,274.0
5.8143,-72.0,270.0
5.8195,-178.0,270.0
5.8245,-16.0,268.0
5.8293,205.0,264.0
5.8342,51.0,264.0
5.8393,-263.0,260.0
5.8446,-17.0,258.0
5.8494,354.0,260.0
5.8543,-37.0,258.0
5.86,-417.0,262.0
5.8643,56.0,260.0
5.8692,373.0,266.0
5.8748,-3.0,264.0
5.8795,-213.0,266.0
5.8843,-109.0,268.0
5.8894,19.0,266.0
5.8942,228.0,270.0
5.8995,101.0,272.0
5.9046,-286.0,274.0
5.9093,-102.0,276.0
5.9143,240.0,274.0
5.9192,2.0,274.0
5.9243,-115.0,270.0
5.9294,122.0,268.0
5.9349,-24.0,266.0
5.9395,-158.0,264.0
5.9443,157.0,266.0
5.9492,38.0,264.0
5.9543,-286.0,266.0
5.9602,154.0,268.0
5.9642,371.0,272.0
5.9694,-275.0,276.0
5.9744,-359.0,280.0
5.9793,258.0,284.0
5.9843,250.0,288.0
5.9896,-163.0,288.0
5.9944,-91.0,286.0
5.9993,122.0,286.0
6.0043,-37.0,280.0
6.0096,-171.0,282.0
6.0143,81.0,276.0
6.0197,176.0,278.0
6.0245,-112.0,276.0
6.0293,-27.0,276.0
6.0342,277.0,280.0
6.0393,-154.0,280.0
6.0445,-534.0,286.0
6.0497,167.0,286.0
6.0545,622.0,294.0
6.0592,-43.0,294.0
6.0643,-392.0,300.0
6.0692,18.0,298.0
6.0743,40.0,298.0
6.0795,-167.0,296.0
6.0843,130.0,298.0
6.0893,272.0,298.0
6.0942,-85.0,298.0
6.0994,-154.0,298.0
6.1046,23.0,298.0
6.1095,-69.0,298.0
6.1143,-60.0,298.0
6.1193,160.0,300.0
6.1242,130.0,300.0
6.1334,-68.0,300.0
6.1342,-128.0,300.0
6.1395,-60.0,300.0
6.1443,32.0,300.0
6.1492,105.0,298.0
6.1544,90.0,300.0
6.1593,-80.0,296.0
6.1644,-155.0,298.0
6.1692,35.0,296.0
6.1743,114.0,296.0
6.1792,36.0,298.0
6.1842,0.0,296.0
6.1893,-134.0,296.0
6.1944,-80.0,296.0
6.1995,219.0,296.0
6.2043,39.0,296.0
6.2093,-252.0,298.0
6.2145,78.0,298.0
6.2197,205.0,300.0
6.2248,-159.0,300.0
6.2294,-64.0,300.0
6.2344,176.0,302.0
6.2394,-110.0,302.0
6.2447,-199.0,304.0
6.2498,205.0,306.0
6.2548,241.0,308.0
6.2601,-180.0,312.0
6.2644,-225.0,312.0
6.2699,132.0,314.0
6.2748,149.0,312.0
6.28,-170.0,314.0
6.2845,-114.0,314.0
6.2897,271.0,316.0
6.2944,144.0,316.0
6.2996,-329.0,316.0
6.3051,-163.0,314.0
6.3099,284.0,314.0
6.3144,126.0,308.0
6.3192,-171.0,308.0
6.3242,-54.0,302.0
6.3294,81.0,300.0
6.3349,-3.0,298.0
6.3397,-72.0,296.0
6.3443,5.0,296.0
6.3497,120.0,296.0
6.3545,35.0,296.0
6.3595,-184.0,298.0
6.3649,-75.0,296.0
6.3702,236.0,298.0
6.3744,107.0,296.0
6.3795,-215.0,294.0
6.3847,-123.0,296.0
6.3894,76.0,292.0
6.3949,84.0,292.0
6.3997,113.0,292.0
6.4044,-4.0,290.0
6.4094,-232.0,294.0
6.4147,-36.0,292.0
6.4193,246.0,294.0
6.4243,9.0,292.0
6.4293,-175.0,294.0
6.4344,45.0,292.0
6.4394,33.0,290.0
6.4445,-81.0,288.0
6.4499,120.0,288.0
6.4548,59.0,288.0
6.4597,-212.0,288.0
6.4644,46.0,288.0
6.4697,260.0,290.0
6.4757,-172.0,292.0
6.4798,-312.0,292.0
6.4847,173.0,294.0
6.4894,316.0,294.0
6.4943,8.0,294.0
6.4993,-175.0,290.0
6.5048,-222.0,292.0
6.5099,-70.0,288.0
6.5147,266.0,292.0
6.5194,242.0,292.0
6.5245,-113.0,292.0
6.5297,-215.0,296.0
6.535,-97.0,294.0
6.5397,9.0,292.0
6.5444,208.0,290.0
6.5498,245.0,292.0
6.5544,-131.0,290.0
6.5601,-386.0,296.0
6.5649,-88.0,296.0
6.5698,326.0,300.0
6.5744,281.0,304.0
6.5793,-125.0,304.0
6.5847,-309.0,306.0
6.5898,-74.0,306.0
6.5948,206.0,304.0
6.5999,179.0,306.0
6.6048,-102.0,302.0
6.6094,-170.0,300.0
6.6145,79.0,296.0
6.6201,58.0,292.0
6.6246,-137.0,290.0
6.6294,100.0,290.0
6.6342,215.0,292.0
6.6394,-200.0,292.0
6.645,-239.0,296.0
6.6503,165.0,296.0
6.6548,187.0,298.0
6.6597,-13.0,294.0
6.6644,-90.0,294.0
6.6694,-156.0,296.0
6.6746,-11.0,292.0
6.6795,216.0,292.0
6.6848,85.0,286.0
6.6896,-92.0,284.0
6.6945,-64.0,276.0
6.6994,-98.0,276.0
6.7047,-86.0,272.0
6.7099,88.0,274.0
6.715,266.0,276.0
6.7196,207.0,278.0
6.7244,-315.0,280.0
6.7294,-557.0,284.0
6.7348,202.0,286.0
6.7394,696.0,296.0
6.7444,-29.0,296.0
6.7494,-567.0,302.0
6.7546,-85.0,304.0
6.7595,280.0,306.0
6.7647,75.0,304.0
6.77,33.0,304.0
6.775,78.0,304.0
6.7798,-286.0,306.0
6.7857,-330.0,312.0
6.7904,382.0,316.0
6.7951,521.0,322.0
6.7999,-251.0,324.0
6.8046,-446.0,330.0
6.8094,11.0,330.0
6.8145,93.0,328.0
6.8203,92.0,330.0
6.8242,262.0,334.0
6.8292,-12.0,332.0
6.8342,-353.0,336.0
6.8394,-24.0,334.0
6.8446,223.0,336.0
6.8498,-86.0,334.0
6.8548,-95.0,334.0
6.8597,163.0,332.0
6.8644,48.0,332.0
6.8697,-91.0,332.0
6.8746,-4.0,328.0
6.8794,-8.0,328.0
6.8844,-57.0,326.0
6.8893,34.0,322.0
6.8944,90.0,320.0
6.8997,-45.0,318.0
6.9047,-136.0,316.0
6.9099,100.0,316.0
6.9147,280.0,318.0
6.9197,-124.0,318.0
6.9246,-450.0,322.0
6.9294,46.0,320.0
6.9343,476.0,324.0
6.9404,52.0,320.0
6.9442,-355.0,324.0
6.9495,-67.0,320.0
6.9544,250.0,322.0
6.9594,6.0,318.0
6.9649,-262.0,322.0
6.9697,59.0,322.0
6.9744,342.0,328.0
6.9794,-77.0,328.0
6.9846,-379.0,334.0
6.9896,50.0,332.0
6.9949,333.0,336.0
6.9998,-14.0,334.0
7.0046,-256.0,336.0
7.0092,-36.0,334.0
7.0143,181.0,334.0
7.0193,118.0,334.0
7.0248,-94.0,332.0
7.0295,-180.0,334.0
7.0343,0.0,334.0
7.0393,164.0,334.0
7.0445,77.0,336.0
7.0498,-102.0,334.0
7.0544,-116.0,334.0
7.0594,55.0,332.0
7.0644,95.0,332.0
7.0698,-29.0,330.0
7.0746,16.0,330.0
7.08,22.0,330.0
7.0848,-175.0,332.0
7.0894,-87.0,330.0
7.0944,235.0,334.0
7.0996,183.0,334.0
7.1049,-136.0,334.0
7.1099,-149.0,332.0
7.1147,37.0,330.0
7.1194,-28.0,326.0
7.1244,-79.0,324.0
7.1295,176.0,322.0
7.1348,172.0,326.0
7.1393,-196.0,326.0
7.1443,-187.0,324.0
7.1494,118.0,326.0
7.1545,145.0,324.0
7.1594,47.0,320.0
7.1647,-92.0,320.0
7.1698,-267.0,322.0
7.1751,-15.0,320.0
7.1794,387.0,326.0
7.1847,173.0,326.0
7.1897,-274.0,326.0
7.1942,-248.0,328.0
7.1997,13.0,322.0
7.2046,158.0,322.0
7.2094,191.0,320.0
7.2142,-17.0,316.0
7.2195,-215.0,318.0
7.2244,0.0,314.0
7.2293,89.0,314.0
7.2343,-146.0,312.0
7.2393,44.0,310.0
7.2444,329.0,314.0
7.2493,-78.0,312.0
7.2544,-371.0,318.0
7.2593,45.0,316.0
7.2642,193.0,318.0
7.2693,-38.0,316.0
7.2745,99.0,314.0
7.2794,88.0,314.0
7.2845,-262.0,314.0
7.2893,-120.0,312.0
7.2942,176.0,312.0
7.2993,30.0,312.0
7.3045,0.0,312.0
7.3094,146.0,312.0
7.3143,-48.0,312.0
7.3192,-249.0,312.0
7.3242,-61.0,312.0
7.3293,186.0,314.0
7.3342,185.0,316.0
7.3392,-14.0,314.0
7.3443,-160.0,316.0
7.3493,-128.0,316.0
7.3542,-35.0,312.0
7.3592,126.0,312.0
7.3644,240.0,310.0
7.3694,-12.0,302.0
7.3744,-280.0,302.0
7.3792,-44.0,292.0
7.3844,165.0,294.0
7.3893,-30.0,286.0
7.3943,-42.0,286.0
7.3995,114.0,282.0
7.4042,1.0,282.0
7.4093,-38.0,282.0
7.4144,-1.0,280.0
7.4196,-216.0,280.0
7.4243,-32.0,274.0
7.4293,483.0,276.0
7.4342,71.0,270.0
7.4393,-560.0,274.0
7.4443,-9.0,268.0
7.4493,425.0,274.0
7.4545,-178.0,276.0
7.4592,-233.0,278.0
7.4642,365.0,278.0
7.4694,118.0,280.0
7.4746,-403.0,282.0
7.4794,-54.0,282.0
7.4844,271.0,282.0
7.4893,-39.0,282.0
7.4942,-78.0,282.0
7.4992,158.0,282.0
7.5045,-56.0,282.0
7.5093,-227.0,284.0
7.5144,70.0,284.0
7.5193,197.0,288.0
7.5242,29.0,288.0
7.5292,-47.0,288.0
7.5346,-167.0,288.0
7.5393,-195.0,292.0
7.5444,247.0,292.0
7.5493,396.0,298.0
7.5543,-206.0,296.0
7.5594,-393.0,300.0
7.5643,55.0,294.0
7.5694,159.0,296.0
7.5744,88.0,290.0
7.5792,133.0,292.0
7.5845,-119.0,288.0
7.5893,-275.0,290.0
7.5944,93.0,288.0
7.5992,245.0,292.0
7.6043,-126.0,290.0
7.6092,-176.0,292.0
7.6143,198.0,290.0
7.6196,184.0,292.0
7.6245,-179.0,288.0
7.6293,-270.0,292.0
7.6343,36.0,286.0
7.6392,336.0,292.0
7.6442,99.0,290.0
7.6496,-315.0,294.0
7.6544,-96.0,292.0
7.6594,238.0,294.0
7.6642,-68.0,294.0
7.6692,-183.0,294.0
7.6743,333.0,300.0
7.6795,228.0,300.0
7.6843,-527.0,308.0
7.6892,-377.0,312.0
7.6942,447.0,316.0
7.6992,451.0,322.0
7.705,-150.0,324.0
7.7093,-262.0,328.0
7.7143,-43.0,328.0
7.7192,-73.0,328.0
7.7251,-28.0,326.0
7.7293,257.0,330.0
7.7343,174.0,328.0
7.7395,-194.0,328.0
7.7443,-174.0,328.0
7.7492,43.0,328.0
7.7542,48.0,328.0
7.7592,48.0,328.0
7.7644,62.0,328.0
7.7694,-56.0,326.0
7.7742,-104.0,324.0
7.7792,24.0,322.0
7.7845,118.0,320.0
7.7897,1.0,318.0
7.7944,-141.0,318.0
7.7994,-19.0,318.0
7.8054,145.0,320.0
7.8096,27.0,316.0
7.8142,-71.0,316.0
7.8203,-10.0,310.0
7.8254,-90.0,310.0
7.8293,-53.0,306.0
7.8342,277.0,306.0
7.8393,154.0,308.0
7.8443,-384.0,312.0
7.8494,-197.0,312.0
7.8544,382.0,318.0
7.8593,82.0,316.0
7.8642,-358.0,322.0
7.8693,130.0,322.0
7.8745,374.0,326.0
7.8795,-244.0,328.0
7.8846,-366.0,330.0
7.8893,147.0,330.0
7.8942,243.0,328.0
7.8993,52.0,328.0
7.9047,-30.0,326.0
7.9101,-171.0,328.0
7.9143,-155.0,328.0
7.9193,168.0,330.0
7.9242,253.0,330.0
7.9294,-128.0,330.0
7.9347,-290.0,332.0
7.9394,92.0,332.0
7.9443,278.0,338.0
7.9493,-29.0,336.0
7.9543,-201.0,338.0
7.9594,-58.0,334.0
7.9642,98.0,336.0
7.9694,131.0,334.0
7.9743,-26.0,332.0
7.9792,-146.0,334.0
7.9844,-10.0,332.0
7.9893,95.0,332.0
7.9944,26.0,330.0
7.9993,-20.0,330.0
8.0042,-31.0,326.0
8.0092,-35.0,326.0
8.0144,37.0,322.0
8.0192,84.0,324.0
8.0243,-36.0,322.0
8.0295,-141.0,322.0
8.0342,16.0,322.0
8.0393,179.0,324.0
8.0444,-6.0,324.0
8.0495,-172.0,326.0
8.0545,31.0,326.0
8.0593,136.0,324.0
8.0643,-77.0,326.0
8.0694,-130.0,320.0
8.0745,120.0,320.0
8.0793,197.0,316.0
8.0843,-160.0,318.0
8.0893,-303.0,316.0
8.0942,197.0,316.0
8.0994,357.0,318.0
8.1045,-229.0,316.0
8.1105,-336.0,320.0
8.1143,224.0,316.0
8.1192,294.0,320.0
8.1242,-120.0,318.0
8.1303,-238.0,320.0
8.1344,-94.0,322.0
8.1394,136.0,320.0
8.1444,306.0,324.0
8.1493,-14.0,322.0
8.1543,-358.0,326.0
8.1593,-30.0,324.0
8.1644,251.0,326.0
8.1693,-45.0,326.0
8.1743,-139.0,326.0
8.1792,131.0,326.0
8.1843,97.0,322.0
8.1894,-100.0,318.0
8.1942,-83.0,316.0
8.1994,-35.0,310.0
8.2042,75.0,312.0
8.2093,156.0,310.0
8.2149,-117.0,312.0
8.2198,-180.0,312.0
8.2243,227.0,314.0
8.2292,131.0,312.0
8.2342,-316.0,316.0
8.2394,-83.0,312.0
8.2442,266.0,314.0
8.2492,44.0,312.0
8.2542,-107.0,312.0
8.2592,38.0,308.0
8.2642,-4.0,306.0
8.2692,-144.0,304.0
8.2744,-8.0,304.0
8.2792,142.0,300.0
8.2844,40.0,300.0
8.2892,21.0,296.0
8.2942,61.0,294.0
8.2994,-198.0,294.0
8.3044,-277.0,298.0
8.3093,225.0,298.0
8.3149,426.0,300.0
8.3193,-144.0,298.0
8.3243,-391.0,296.0
8.3294,121.0,292.0
8.3346,219.0,288.0
8.3394,-216.0,284.0
8.3444,-23.0,282.0
8.3492,341.0,284.0
8.3542,-99.0,284.0
8.3595,-393.0,290.0
8.3644,91.0,290.0
8.3693,330.0,292.0
8.3742,14.0,290.0
8.3793,-212.0,290.0
8.3843,-96.0,288.0
8.3893,177.0,290.0
8.3944,96.0,292.0
8.3995,-277.0,296.0
8.4042,-71.0,296.0
8.4093,381.0,300.0
8.4142,37.0,300.0
8.4198,-369.0,304.0
8.4243,52.0,304.0
8.4293,329.0,308.0
8.4342,-157.0,308.0
8.4393,-359.0,314.0
8.4444,187.0,314.0
8.4493,359.0,320.0
8.4545,-138.0,322.0
8.4592,-214.0,324.0
8.4642,56.0,324.0
8.4692,-1.0,324.0
8.4743,47.0,320.0
8.4796,162.0,320.0
8.4843,-141.0,316.0
8.4892,-223.0,316.0
8.4942,153.0,312.0
8.4992,171.0,314.0
8.5045,-82.0,310.0
8.5093,-17.0,308.0
8.5144,3.0,302.0
8.52,-165.0,300.0
8.5247,11.0,296.0
8.5293,288.0,298.0
8.5343,60.0,294.0
8.5394,-291.0,298.0
8.5445,-192.0,300.0
8.5492,174.0,300.0
8.5545,296.0,304.0
8.5593,-20.0,300.0
8.5644,-293.0,302.0
8.5693,-79.0,300.0
8.5743,144.0,298.0
8.5793,118.0,298.0
8.5843,143.0,296.0
8.5896,-117.0,298.0
8.5944,-416.0,302.0
8.5993,62.0,302.0
8.6042,420.0,306.0
8.6092,-9.0,304.0
8.6142,-106.0,306.0
8.6194,68.0,304.0
8.6244,-263.0,308.0
8.6292,-231.0,310.0
8.6342,396.0,316.0
8.6392,326.0,322.0
8.6444,-265.0,324.0
8.6494,-209.0,328.0
8.6544,97.0,328.0
8.6592,-52.0,328.0
8.6642,-112.0,330.0
8.6694,215.0,330.0
8.6743,284.0,334.0
8.6793,-147.0,334.0
8.6845,-371.0,340.0
8.6892,22.0,338.0
8.6942,228.0,340.0
8.6994,-89.0,340.0
8.7046,-11.0,338.0
8.7093,296.0,342.0
8.7145,-53.0,340.0
8.7193,-350.0,342.0
8.7252,-22.0,340.0
8.73,135.0,338.0
8.7343,70.0,336.0
8.7393,127.0,332.0
8.7444,-40.0,330.0
8.7494,-193.0,328.0
8.7542,22.0,324.0
8.7594,82.0,320.0
8.7644,-68.0,320.0
8.7692,12.0,316.0
8.7742,119.0,316.0
8.7792,-7.0,314.0
8.7842,-117.0,312.0
8.7894,-49.0,312.0
8.7944,90.0,308.0
8.7993,89.0,310.0
8.8042,-76.0,306.0
8.8092,-56.0,306.0
8.8144,91.0,306.0
8.8195,-25.0,304.0
8.8242,-138.0,304.0
8.8296,57.0,304.0
8.8342,168.0,306.0
8.8395,-42.0,306.0
8.8442,-157.0,306.0
8.8492,75.0,306.0
8.8542,145.0,306.0
8.8592,-145.0,306.0
8.8644,-121.0,304.0
8.8694,165.0,304.0
8.8744,44.0,300.0
8.8795,-148.0,302.0
8.8844,25.0,298.0
8.8893,140.0,298.0
8.8945,-10.0,298.0
8.8992,-134.0,298.0
8.9047,-66.0,300.0
8.9093,136.0,300.0
8.9143,164.0,302.0
8.9192,-140.0,302.0
8.9243,-274.0,306.0
8.9299,82.0,306.0
8.9342,318.0,310.0
8.9394,45.0,308.0
8.9444,-203.0,308.0
8.9495,-131.0,306.0
8.9542,-14.0,300.0
8.9592,95.0,298.0
8.9643,177.0,296.0
8.9692,6.0,294.0
8.9742,-202.0,294.0
8.9792,-58.0,290.0
8.9851,163.0,292.0
8.9893,4.0,288.0
8.9944,-186.0,288.0
8.9993,108.0,284.0
9.0042,284.0,288.0
9.0092,-208.0,286.0
9.0142,-340.0,290.0
9.0197,287.0,292.0
9.0243,308.0,296.0
9.0293,-381.0,298.0
9.0342,-306.0,302.0
9.0392,460.0,304.0
9.0448,472.0,310.0
9.0496,-388.0,310.0
9.0545,-723.0,322.0
9.0592,97.0,318.0
9.0642,747.0,328.0
9.0693,198.0,326.0
9.0744,-380.0,330.0
9.0794,-157.0,326.0
9.0842,-98.0,326.0
9.0893,-225.0,322.0
9.0946,280.0,326.0
9.0993,554.0,330.0
9.1046,-152.0,332.0
9.1094,-514.0,340.0
9.1144,26.0,340.0
9.1194,231.0,340.0
9.1242,-97.0,340.0
9.1293,-63.0,338.0
9.1342,254.0,340.0
9.1394,130.0,338.0
9.1442,-285.0,342.0
9.1494,-189.0,344.0
9.1544,220.0,348.0
9.1592,49.0,346.0
9.1644,-283.0,350.0
9.1694,110.0,348.0
9.1743,460.0,354.0
9.1792,-79.0,350.0
9.1845,-474.0,354.0
9.1894,-29.0,352.0
9.1943,217.0,352.0
9.1993,15.0,352.0
9.2042,75.0,348.0
9.2093,77.0,348.0
9.2144,-136.0,348.0
9.2196,-64.0,346.0
9.2244,-32.0,346.0
9.2293,-108.0,344.0
9.2343,232.0,342.0
9.2392,305.0,346.0
9.2444,-309.0,344.0
9.2494,-344.0,350.0
9.2544,283.0,352.0
9.2592,180.0,354.0
9.2642,-307.0,354.0
9.2694,31.0,352.0
9.2744,451.0,352.0
9.2793,-70.0,348.0
9.2843,-571.0,354.0
9.2892,-104.0,352.0
9.2943,477.0,358.0
9.2992,298.0,362.0
9.3045,-197.0,362.0
9.3093,-318.0,364.0
9.3142,-65.0,360.0
9.3192,188.0,362.0
9.3242,162.0,358.0
9.3293,-61.0,358.0
9.3346,-102.0,356.0
9.3392,48.0,356.0
9.3444,-38.0,356.0
9.3493,-190.0,354.0
9.3543,156.0,356.0
9.3593,463.0,358.0
9.3644,-125.0,360.0
9.3693,-721.0,368.0
9.3743,-68.0,368.0
9.3794,728.0,378.0
9.3844,261.0,382.0
9.3893,-400.0,386.0
9.3944,-281.0,390.0
9.3992,-36.0,388.0
9.4042,145.0,390.0
9.4092,271.0,394.0
9.4144,-26.0,392.0
9.4196,-237.0,396.0
9.4243,28.0,394.0
9.4292,101.0,396.0
9.4342,-89.0,396.0
9.4392,-41.0,394.0
9.4442,109.0,394.0
9.4493,111.0,396.0
9.4545,-58.0,396.0
9.4592,-225.0,398.0
9.4643,-26.0,396.0
9.4692,235.0,400.0
9.4744,50.0,398.0
9.4794,-90.0,398.0
9.4843,50.0,396.0
9.4892,-91.0,396.0
9.4942,-210.0,398.0
9.4992,147.0,398.0
9.5045,267.0,400.0
9.5093,-49.0,398.0
9.5142,-124.0,400.0
9.5192,-55.0,398.0
9.5242,-89.0,400.0
9.5293,54.0,398.0
9.5343,129.0,400.0
9.5394,-33.0,398.0
9.5442,63.0,398.0
9.5493,117.0,398.0
9.5542,-310.0,400.0
9.5594,-288.0,402.0
9.5644,438.0,404.0
9.5693,450.0,410.0
9.5743,-400.0,412.0
9.5792,-528.0,420.0
9.5844,252.0,420.0
9.5894,467.0,426.0
9.5944,-131.0,428.0
9.5994,-297.0,430.0
9.6042,120.0,430.0
9.6094,151.0,432.0
9.6143,-132.0,430.0
9.6197,-72.0,432.0
9.6244,59.0,430.0
9.6292,-11.0,430.0
9.6342,70.0,428.0
9.6393,89.0,428.0
9.6444,-160.0,426.0
9.6492,-68.0,424.0
9.6545,210.0,422.0
9.6592,-47.0,418.0
9.6642,-299.0,418.0
9.6693,111.0,414.0
9.6746,421.0,414.0
9.6794,-37.0,408.0
9.6845,-470.0,408.0
9.6892,-77.0,404.0
9.6942,407.0,398.0
9.6993,94.0,398.0
9.7045,-281.0,392.0
9.7094,21.0,388.0
9.7143,157.0,384.0
9.7192,-216.0,386.0
9.7242,-91.0,386.0
9.7292,382.0,388.0
9.7343,108.0,386.0
9.7392,-395.0,384.0
9.7444,-144.0,382.0
9.7493,228.0,378.0
9.7542,114.0,380.0
9.7597,-1.0,376.0
9.7642,-40.0,376.0
9.7692,-154.0,376.0
9.7742,33.0,374.0
9.7792,199.0,374.0
9.7842,-164.0,372.0
9.7894,-157.0,372.0
9.7943,388.0,374.0
9.7994,96.0,376.0
9.8042,-554.0,380.0
9.8092,-101.0,380.0
9.8143,521.0,380.0
9.8196,163.0,382.0
9.8245,-302.0,378.0
9.8295,-179.0,382.0
9.8342,44.0,378.0
9.8392,128.0,380.0
9.8444,143.0,382.0
9.8494,-100.0,382.0
9.8553,-245.0,384.0
9.8594,136.0,384.0
9.8642,243.0,388.0
9.8694,-203.0,390.0
9.8744,-128.0,388.0
9.8794,277.0,388.0
9.8843,4.0,382.0
9.8892,-301.0,382.0
9.8942,-15.0,378.0
9.8994,139.0,378.0
9.9043,109.0,374.0
9.9093,202.0,376.0
9.9144,-87.0,370.0
9.9193,-482.0,378.0
9.9242,-77.0,370.0
9.9292,510.0,376.0
9.9346,196.0,372.0
9.9394,-383.0,372.0
9.9444,-155.0,372.0
9.9492,290.0,372.0
9.9545,41.0,372.0
9.9592,-264.0,372.0
9.9642,39.0,370.0
9.9692,219.0,374.0
9.9743,-80.0,372.0
9.9792,-114.0,374.0
9.9843,106.0,376.0
9.9895,-7.0,372.0
9.9944,-123.0,372.0
9.9994,75.0,366.0
10.0042,103.0,366.0
10.0092,-65.0,354.0
10.0143,-10.0,354.0
10.0192,32.0,344.0
10.0243,-119.0,340.0
10.0292,-36.0,336.0
10.0343,186.0,334.0
10.0392,75.0,334.0
10.0444,-135.0,334.0
10.0497,-119.0,332.0
10.0543,-33.0,332.0
10.0601,156.0,330.0
10.0644,258.0,334.0
10.0692,-144.0,334.0
10.0743,-383.0,340.0
10.0793,40.0,340.0
10.0842,286.0,342.0
10.0892,76.0,342.0
10.0942,-48.0,342.0
10.0992,-85.0,340.0
10.1048,-105.0,340.0
10.1093,10.0,338.0
10.1142,67.0,338.0
10.1192,24.0,336.0
10.1243,47.0,336.0
10.1293,14.0,336.0
10.1354,-92.0,334.0
10.1392,-53.0,332.0
10.1442,56.0,328.0
10.1493,39.0,328.0
10.1542,-21.0,326.0
10.1592,-1.0,326.0
10.1642,20.0,324.0
10.1692,4.0,324.0
10.1742,14.0,322.0
10.1792,-53.0,322.0
10.1842,-122.0,324.0
10.1892,65.0,322.0
10.1944,202.0,322.0
10.1993,8.0,316.0
10.2042,-118.0,312.0
10.2095,-96.0,306.0
10.2142,-89.0,302.0
10.2194,99.0,294.0
10.2243,235.0,294.0
10.2292,-12.0,288.0
10.2343,-205.0,288.0
10.2392,-98.0,286.0
10.2443,41.0,284.0
10.2492,188.0,284.0
10.2543,124.0,284.0
10.2592,-262.0,288.0
10.2642,-189.0,290.0
10.2693,320.0,294.0
10.2743,180.0,296.0
10.2795,-325.0,300.0
10.2844,-171.0,300.0
10.2892,243.0,302.0
10.2942,152.0,302.0
10.2993,-139.0,304.0
10.3046,-98.0,300.0
10.3094,108.0,300.0
10.3143,17.0,294.0
10.3194,-186.0,296.0
10.3242,121.0,290.0
10.3294,372.0,296.0
10.3343,-305.0,294.0
10.3394,-601.0,302.0
10.3444,378.0,302.0
10.3494,693.0,314.0
10.3544,-262.0,316.0
10.3594,-516.0,320.0
10.3642,97.0,320.0
10.3692,174.0,316.0
10.3742,-27.0,316.0
10.3792,99.0,310.0
10.3842,34.0,308.0
10.3893,-192.0,308.0
10.3943,-79.0,308.0
10.3994,160.0,310.0
10.4042,200.0,312.0
10.4092,-85.0,312.0
10.4145,-375.0,318.0
10.4197,19.0,314.0
10.4243,459.0,318.0
10.4293,-19.0,316.0
10.4342,-364.0,316.0
10.4393,103.0,316.0
10.4444,185.0,310.0
10.4493,-196.0,312.0
10.4544,-59.0,306.0
10.4592,216.0,306.0
10.4654,33.0,302.0
10.4692,-169.0,302.0
10.4744,-82.0,302.0
10.4794,128.0,302.0
10.4843,159.0,302.0
10.4892,-155.0,304.0
10.4942,-205.0,302.0
10.4993,240.0,304.0
10.5042,194.0,304.0
10.5094,-286.0,304.0
10.5144,-141.0,304.0
10.5193,205.0,304.0
10.5243,47.0,304.0
10.5293,-39.0,300.0
10.5343,82.0,302.0
10.5393,-87.0,300.0
10.5444,-160.0,302.0
10.5492,115.0,300.0
10.5542,83.0,300.0
10.5593,-115.0,294.0
10.5643,113.0,294.0
10.5703,159.0,290.0
10.5743,-245.0,290.0
10.5793,-212.0,288.0
10.5842,177.0,288.0
10.5895,202.0,286.0
10.5943,36.0,286.0
10.5994,-176.0,284.0
10.6042,-251.0,288.0
10.6093,255.0,288.0
10.6142,403.0,294.0
10.6194,-429.0,298.0
10.6243,-469.0,304.0
10.6292,542.0,312.0
10.6344,392.0,318.0
10.6393,-524.0,324.0
10.6444,-189.0,326.0
10.6492,426.0,332.0
10.6543,-7.0,330.0
10.6593,-265.0,334.0
10.6644,116.0,334.0
10.6692,57.0,334.0
10.6742,-155.0,334.0
10.6792,68.0,334.0
10.6843,100.0,334.0
10.6892,-32.0,332.0
10.6941,87.0,334.0
10.6992,-19.0,332.0
10.7043,-276.0,332.0
10.7093,-44.0,330.0
10.7142,271.0,328.0
10.7192,106.0,330.0
10.7243,-114.0,326.0
10.7294,-48.0,326.0
10.7345,6.0,326.0
10.7392,-35.0,324.0
10.7442,9.0,324.0
10.7495,57.0,324.0
10.7542,-6.0,322.0
10.7594,-65.0,324.0
10.7644,-30.0,324.0
10.7692,81.0,324.0
10.7752,145.0,326.0
10.7792,-29.0,324.0
10.7842,-257.0,328.0
10.7898,-94.0,328.0
10.7942,235.0,332.0
10.7992,122.0,334.0
10.8042,-77.0,334.0
10.8093,73.0,336.0
10.8142,-65.0,336.0
10.8196,-338.0,342.0
10.8244,74.0,340.0
10.8292,366.0,346.0
10.8342,-26.0,342.0
10.8394,-95.0,344.0
10.8442,52.0,342.0
10.8498,-215.0,344.0
10.855,-123.0,346.0
10.8596,318.0,348.0
10.8644,129.0,346.0
10.8695,-206.0,350.0
10.8759,-35.0,348.0
10.8803,19.0,346.0
10.8848,-108.0,348.0
10.8894,106.0,346.0
10.8944,246.0,348.0
10.8995,-114.0,346.0
10.905,-357.0,348.0
10.9092,3.0,342.0
10.9147,435.0,346.0
10.9194,192.0,344.0
10.9245,-422.0,348.0
10.9295,-368.0,350.0
10.9351,293.0,352.0
10.9394,372.0,356.0
10.9442,-181.0,358.0
10.9494,-207.0,360.0
10.9542,207.0,362.0
10.9595,66.0,360.0
10.9649,-269.0,362.0
10.9694,-49.0,358.0
10.9746,225.0,356.0
10.9798,44.0,348.0
10.9845,-142.0,344.0
10.9898,79.0,334.0
10.9947,193.0,334.0
11.0,-258.0,330.0
11.0044,-358.0,334.0
11.0097,310.0,336.0
11.0147,419.0,342.0
11.0201,-225.0,344.0
11.0247,-277.0,348.0
11.0296,159.0,348.0
11.0347,56.0,346.0
11.0394,-189.0,348.0
11.0444,105.0,346.0
11.0493,243.0,348.0
11.0552,-186.0,346.0
11.0592,-256.0,348.0
11.0642,242.0,346.0
11.0694,275.0,350.0
11.0746,-276.0,348.0
11.0807,-345.0,352.0
11.0847,208.0,352.0
11.0894,369.0,354.0
11.0943,-52.0,354.0
11.0994,-242.0,356.0
11.1051,-60.0,356.0
11.1092,38.0,354.0
11.1147,56.0,354.0
11.1194,58.0,352.0
11.1243,4.0,350.0
11.1294,53.0,348.0
11.135,2.0,344.0
11.1398,-259.0,346.0
11.1447,-135.0,344.0
11.1497,325.0,344.0
11.1544,261.0,346.0
11.1593,-202.0,346.0
11.1643,-203.0,350.0
11.1693,94.0,350.0
11.1742,0.0,348.0
11.1792,-142.0,350.0
11.1852,171.0,350.0
11.1898,242.0,352.0
11.1947,-276.0,354.0
11.1998,-269.0,358.0
11.2044,381.0,362.0
11.2093,269.0,364.0
11.2147,-434.0,366.0
11.2198,-291.0,368.0
11.2242,334.0,370.0
11.2293,251.0,370.0
11.2351,-159.0,372.0
11.2394,-119.0,372.0
11.2447,70.0,368.0
11.2492,23.0,366.0
11.2547,-77.0,360.0
11.2595,-58.0,354.0
11.2644,45.0,348.0
11.2692,139.0,342.0
11.2748,70.0,336.0
11.2792,-151.0,330.0
11.2852,-160.0,330.0
11.2892,151.0,326.0
11.2944,163.0,328.0
11.2996,-263.0,328.0
11.3048,-168.0,328.0
11.3092,440.0,334.0
11.3147,238.0,336.0
11.3197,-493.0,342.0
11.3244,-278.0,346.0
11.3296,338.0,350.0
11.3349,135.0,352.0
11.34,-112.0,352.0
11.3447,184.0,352.0
11.3494,29.0,350.0
11.3545,-443.0,354.0
11.3595,-107.0,354.0
11.365,431.0,358.0
11.3692,155.0,360.0
11.3743,-246.0,364.0
11.3795,-54.0,364.0
11.3844,131.0,366.0
11.3899,-110.0,368.0
11.3947,-153.0,370.0
11.3994,188.0,372.0
11.4043,157.0,374.0
11.4094,-149.0,374.0
11.4146,-47.0,372.0
11.4198,119.0,374.0
11.4247,-59.0,372.0
11.4292,-155.0,372.0
11.4345,48.0,370.0
11.4395,155.0,370.0
11.4447,-1.0,368.0
11.4493,-76.0,368.0
11.4548,0.0,368.0
11.4592,9.0,362.0
11.4643,6.0,362.0
11.4694,-1.0,356.0
11.4743,-47.0,356.0
11.4794,0.0,354.0
11.4847,55.0,354.0
11.4894,32.0,352.0
11.4941,19.0,350.0
11.4995,-78.0,346.0
11.5048,-129.0,346.0
11.5093,82.0,344.0
11.5147,147.0,346.0
11.5194,-45.0,346.0
11.5245,-2.0,344.0
11.5296,60.0,344.0
11.5349,-187.0,344.0
11.5397,-175.0,344.0
11.5447,219.0,342.0
11.5494,267.0,346.0
11.5546,-68.0,340.0
11.5595,-216.0,340.0
11.5649,-103.0,336.0
11.5692,103.0,332.0
11.5747,176.0,330.0
11.5792,-70.0,326.0
11.5844,-154.0,324.0
11.5895,91.0,322.0
11.5945,68.0,320.0
11.5997,-51.0,320.0
11.6046,55.0,318.0
11.6094,-63.0,318.0
11.6144,-166.0,316.0
11.6199,165.0,318.0
11.6243,224.0,320.0
11.6294,-172.0,320.0
11.6347,-215.0,322.0
11.6393,68.0,318.0
11.6447,122.0,314.0
11.6492,69.0,310.0
11.6547,31.0,304.0
11.6596,-145.0,304.0
11.6645,-134.0,302.0
11.6696,142.0,302.0
11.6748,104.0,302.0
11.6793,-103.0,300.0
11.6842,-4.0,298.0
11.6892,43.0,296.0
11.6951,-48.0,294.0
11.6998,41.0,290.0
11.7044,33.0,286.0
11.7092,-108.0,284.0
11.7149,-7.0,280.0
11.7194,81.0,276.0
11.7243,11.0,272.0
11.7294,66.0,268.0
11.7349,-33.0,268.0
11.7398,-258.0,268.0
11.7451,35.0,268.0
11.7494,363.0,272.0
11.7545,-23.0,272.0
11.7592,-359.0,278.0
11.765,19.0,278.0
11.7692,314.0,282.0
11.7741,25.0,282.0
11.7792,-241.0,282.0
11.7844,-145.0,282.0
11.7892,102.0,278.0
11.7942,258.0,278.0
11.7992,88.0,276.0
11.8052,-252.0,278.0
11.8097,-259.0,280.0
11.8153,142.0,282.0
11.8195,335.0,284.0
11.8242,-63.0,284.0
11.8294,-282.0,284.0
11.8353,105.0,282.0
11.8394,149.0,280.0
11.8445,-188.0,276.0
11.8502,-34.0,272.0
11.8548,162.0,268.0
11.8592,-26.0,264.0
11.8642,-10.0,260.0
11.8691,93.0,256.0
11.8746,-101.0,256.0
11.8794,-180.0,256.0
11.8844,29.0,256.0
11.8893,185.0,258.0
11.8943,145.0,260.0
11.9001,-86.0,260.0
11.9043,-220.0,262.0
11.9094,45.0,262.0
11.9144,150.0,262.0
11.9192,-175.0,262.0
11.9241,-76.0,262.0
11.9293,371.0,266.0
11.9346,84.0,264.0
11.9396,-482.0,268.0
11.9444,-119.0,266.0
11.9492,480.0,268.0
11.9543,108.0,266.0
11.9592,-402.0,264.0
11.9643,-58.0,260.0
11.9693,266.0,260.0
11.9742,13.0,258.0
11.9792,-104.0,258.0
11.9841,5.0,254.0
11.9892,-3.0,254.0
11.9942,9.0,248.0
11.9992,38.0,246.0
12.0042,-66.0,240.0
12.0092,-81.0,240.0
12.0143,119.0,238.0
12.0196,166.0,238.0
12.0243,-100.0,238.0
12.0292,-215.0,240.0
12.0343,36.0,238.0
12.0398,188.0,238.0
12.0444,-19.0,236.0
12.0495,-140.0,236.0
12.0544,46.0,236.0
12.0595,123.0,236.0
12.0642,-17.0,236.0
12.0693,-112.0,234.0
12.0742,-97.0,236.0
12.0792,32.0,234.0
12.0842,203.0,236.0
12.0892,124.0,238.0
12.0942,-189.0,240.0
12.0993,-235.0,244.0
12.1044,81.0,246.0
12.1092,191.0,248.0
12.1142,-19.0,248.0
12.1192,-58.0,248.0
12.1242,42.0,248.0
12.1293,-15.0,248.0
12.1362,-32.0,248.0
12.1394,-12.0,248.0
12.1444,-85.0,246.0
12.1493,51.0,246.0
12.1542,237.0,248.0
12.1593,-29.0,248.0
12.1644,-317.0,252.0
12.1693,-22.0,252.0
12.1742,307.0,254.0
12.1792,15.0,250.0
12.1844,-259.0,252.0
12.1895,73.0,248.0
12.1944,213.0,250.0
12.1994,-149.0,250.0
12.2045,-132.0,250.0
12.2093,142.0,250.0
12.2142,-36.0,248.0
12.2195,-107.0,250.0
12.2242,226.0,250.0
12.2292,79.0,250.0
12.2344,-307.0,254.0
12.2391,6.0,254.0
12.2444,262.0,256.0
12.2496,-162.0,258.0
12.2542,-191.0,258.0
12.2592,267.0,260.0
12.2642,165.0,260.0
12.2692,-208.0,260.0
12.2745,-151.0,258.0
12.2794,47.0,258.0
12.2844,88.0,258.0
12.2892,36.0,258.0
12.2943,37.0,258.0
12.2994,32.0,256.0
12.3044,-196.0,256.0
12.3092,-155.0,256.0
12.3143,350.0,260.0
12.3194,190.0,262.0
12.3242,-474.0,270.0
12.3293,-92.0,270.0
12.3345,587.0,278.0
12.3392,-31.0,278.0
12.3444,-717.0,288.0
12.3492,-12.0,288.0
12.3542,786.0,300.0
12.3594,275.0,302.0
12.3644,-641.0,312.0
12.3692,-534.0,320.0
12.3742,274.0,324.0
12.3792,534.0,328.0
12.3842,105.0,330.0
12.3892,-273.0,328.0
12.3942,-266.0,332.0
12.3994,-48.0,326.0
12.4042,135.0,328.0
12.4092,221.0,326.0
12.4145,151.0,328.0
12.4193,-184.0,328.0
12.4242,-342.0,332.0
12.4292,54.0,330.0
12.4342,328.0,332.0
12.4391,-3.0,330.0
12.4442,-251.0,330.0
12.4492,56.0,326.0
12.4542,255.0,328.0
12.4592,-97.0,324.0
12.4643,-270.0,328.0
12.4693,75.0,324.0
12.4742,184.0,326.0
12.4794,-67.0,324.0
12.4845,-61.0,322.0
12.4892,106.0,324.0
12.4942,51.0,322.0
12.4993,-118.0,324.0
12.5046,-193.0,326.0
12.5092,44.0,326.0
12.5142,369.0,330.0
12.5192,91.0,328.0
12.5242,-414.0,334.0
12.5294,-197.0,334.0
12.5344,291.0,338.0
12.5394,197.0,338.0
12.5445,-110.0,338.0
12.5492,-109.0,338.0
12.5542,-4.0,336.0
12.5593,22.0,334.0
12.5643,45.0,332.0
12.5692,-25.0,328.0
12.5743,-132.0,328.0
12.5791,83.0,322.0
12.5843,361.0,326.0
12.5893,-41.0,318.0
12.5942,-612.0,326.0
12.5992,-154.0,322.0
12.6042,639.0,332.0
12.6093,323.0,332.0
12.6142,-389.0,338.0
12.6195,-279.0,342.0
12.6243,89.0,342.0
12.6292,56.0,344.0
12.6341,20.0,344.0
12.6392,155.0,346.0
12.6442,66.0,346.0
12.6494,-216.0,348.0
12.6544,-177.0,348.0
12.6591,117.0,348.0
12.6642,173.0,350.0
12.6693,57.0,346.0
12.6742,-67.0,348.0
12.6792,-174.0,346.0
12.6842,-66.0,348.0
12.6892,118.0,348.0
12.6942,170.0,350.0
12.6993,94.0,348.0
12.7043,-171.0,352.0
12.7094,-302.0,354.0
12.7142,32.0,354.0
12.7193,354.0,358.0
12.7242,134.0,358.0
12.73,-263.0,360.0
12.7347,-173.0,360.0
12.7394,169.0,358.0
12.7443,50.0,358.0
12.7492,-180.0,358.0
12.7542,158.0,360.0
12.7595,307.0,364.0
12.7644,-287.0,368.0
12.7693,-452.0,374.0
12.7742,191.0,376.0
12.7792,435.0,384.0
12.7841,22.0,382.0
12.7892,-196.0,384.0
12.7942,-99.0,382.0
12.7993,-83.0,384.0
12.8042,-14.0,378.0
12.8092,201.0,382.0
12.8142,138.0,378.0
12.8195,-169.0,380.0
12.8242,-140.0,380.0
12.8292,97.0,380.0
12.8347,56.0,376.0
12.8391,14.0,374.0
12.8442,54.0,374.0
12.8496,-170.0,374.0
12.8543,-153.0,376.0
12.8592,253.0,378.0
12.8641,174.0,378.0
12.8692,-227.0,380.0
12.8743,-125.0,376.0
12.8793,199.0,380.0
12.8844,98.0,378.0
12.8892,-238.0,378.0
12.8942,-154.0,378.0
12.8994,292.0,378.0
12.9043,272.0,380.0
12.9093,-243.0,380.0
12.9142,-332.0,384.0
12.9192,64.0,384.0
12.9242,199.0,386.0
12.9293,79.0,386.0
12.9342,67.0,386.0
12.9393,-12.0,386.0
12.9442,-216.0,386.0
12.9492,-208.0,388.0
12.9542,112.0,384.0
12.9593,371.0,386.0
12.9642,98.0,380.0
12.9693,-378.0,386.0
12.9743,-210.0,380.0
12.9792,294.0,384.0
12.9842,149.0,374.0
12.9893,-210.0,378.0
12.9942,48.0,366.0
12.9992,180.0,364.0
13.0042,-271.0,358.0
13.0092,-212.0,354.0
13.0143,388.0,356.0
13.0194,250.0,350.0
13.0242,-342.0,354.0
13.0292,-214.0,354.0
13.0342,177.0,352.0
13.0393,89.0,354.0
13.0443,31.0,352.0
13.0494,62.0,348.0
13.0544,-223.0,350.0
13.0592,-180.0,350.0
13.0642,292.0,350.0
13.0692,218.0,352.0
13.0743,-152.0,350.0
13.0792,-123.0,350.0
13.0842,-72.0,348.0
13.0891,-78.0,348.0
13.0942,147.0,346.0
13.0991,219.0,348.0
13.1044,-39.0,346.0
13.1092,-171.0,346.0
13.1143,-79.0,344.0
13.1192,19.0,344.0
13.1243,89.0,344.0
13.1302,84.0,344.0
13.1343,0.0,344.0
13.1394,-94.0,344.0
13.1444,-110.0,342.0
13.1491,40.0,342.0
13.1542,170.0,338.0
13.1592,28.0,338.0
13.1642,-173.0,334.0
13.1692,-82.0,332.0
13.1742,143.0,330.0
13.1792,128.0,328.0
13.1842,-66.0,328.0
13.1893,-155.0,328.0
13.1942,-50.0,330.0
13.1993,138.0,332.0
13.2042,121.0,332.0
13.2091,-86.0,334.0
13.2142,-93.0,332.0
13.2193,21.0,332.0
13.2244,32.0,326.0
13.2292,57.0,326.0
13.2345,-8.0,318.0
13.2394,-110.0,316.0
13.2442,31.0,308.0
13.2493,66.0,304.0
13.2543,-108.0,298.0
13.2591,22.0,294.0
13.2642,205.0,296.0
13.2692,-2.0,296.0
13.2743,-202.0,298.0
13.2792,-162.0,298.0
13.2841,0.0,298.0
13.2892,308.0,300.0
13.2943,318.0,302.0
13.2992,-246.0,304.0
13.3043,-516.0,308.0
13.3093,-12.0,308.0
13.3143,435.0,314.0
13.3193,245.0,314.0
13.3243,-168.0,316.0
13.3293,-265.0,318.0
13.3344,-53.0,316.0
13.3392,121.0,318.0
13.3442,97.0,316.0
13.3491,24.0,312.0
13.3543,-14.0,312.0
13.3592,-96.0,308.0
13.3643,-93.0,306.0
13.3693,94.0,304.0
13.3742,164.0,304.0
13.3792,-32.0,302.0
13.3844,-162.0,304.0
13.3892,-42.0,302.0
13.3942,99.0,300.0
13.3991,83.0,298.0
13.4042,-17.0,292.0
13.4093,-97.0,288.0
13.4141,-57.0,286.0
13.4195,101.0,280.0
13.4242,70.0,280.0
13.4292,-104.0,280.0
13.4352,49.0,278.0
13.4397,124.0,280.0
13.4442,-267.0,284.0
13.4492,-152.0,282.0
13.4542,485.0,288.0
13.4592,174.0,288.0
13.4642,-617.0,296.0
13.4692,-200.0,298.0
13.4744,599.0,306.0
13.4792,185.0,308.0
13.4843,-465.0,314.0
13.4891,-66.0,312.0
13.4941,349.0,316.0
13.4993,-111.0,314.0
13.5044,-309.0,316.0
13.5092,223.0,316.0
13.5142,260.0,318.0
13.5192,-226.0,318.0
13.5243,-128.0,318.0
13.5292,180.0,318.0
13.5341,-2.0,316.0
13.5401,-114.0,312.0
13.5442,17.0,308.0
13.5492,5.0,306.0
13.5542,51.0,300.0
13.5591,116.0,302.0
13.5642,-114.0,300.0
13.5692,-172.0,302.0
13.5742,156.0,304.0
13.5792,149.0,306.0
13.5842,-181.0,304.0
13.5892,-105.0,304.0
13.5943,132.0,304.0
13.5993,80.0,298.0
13.6042,20.0,298.0
13.6093,-61.0,292.0
13.6143,-184.0,292.0
13.6193,22.0,288.0
13.6243,224.0,290.0
13.6291,19.0,286.0
13.6342,-109.0,288.0
13.6403,-26.0,284.0
13.6441,-86.0,282.0
13.6492,15.0,278.0
13.6542,271.0,276.0
13.6593,-33.0,274.0
13.6642,-388.0,274.0
13.6691,41.0,272.0
13.6742,407.0,276.0
13.6793,19.0,274.0
13.6842,-330.0,278.0
13.6892,-111.0,280.0
13.6941,207.0,280.0
13.6991,140.0,278.0
13.7044,-108.0,276.0
13.7093,-59.0,274.0
13.7143,57.0,272.0
13.7192,-78.0,272.0
13.7242,-14.0,270.0
13.7291,165.0,272.0
13.7343,-66.0,270.0
13.7393,-143.0,270.0
13.7447,165.0,272.0
13.7498,38.0,268.0
13.7543,-225.0,272.0
13.7606,105.0,272.0
13.7642,211.0,274.0
13.7693,-232.0,276.0
13.7743,-132.0,278.0
13.7792,264.0,282.0
13.7842,23.0,280.0
13.7893,-157.0,282.0
13.7942,97.0,280.0
13.7993,-34.0,280.0
13.8046,-233.0,282.0
13.8094,161.0,284.0
13.8143,341.0,286.0
13.8193,-95.0,286.0
13.8243,-305.0,290.0
13.8293,-88.0,288.0
13.8343,110.0,290.0
13.8393,183.0,290.0
13.8442,71.0,290.0
13.8496,-132.0,290.0
13.8543,-88.0,290.0
13.8593,56.0,290.0
13.8643,-15.0,290.0
13.8692,-26.0,290.0
13.8743,100.0,292.0
13.8793,10.0,290.0
13.8844,-81.0,290.0
13.8893,0.0,290.0
13.8942,-47.0,288.0
13.8993,15.0,288.0
13.9045,228.0,288.0
13.9093,-23.0,288.0
13.9143,-322.0,290.0
13.9192,12.0,288.0
13.9243,228.0,292.0
13.9292,-51.0,288.0
13.9342,-35.0,284.0
13.9393,152.0,282.0
13.9442,-38.0,274.0
13.9501,-192.0,278.0
13.9543,-76.0,272.0
13.9594,68.0,270.0
13.9643,217.0,270.0
13.9694,150.0,268.0
13.9743,-205.0,270.0
13.9792,-296.0,274.0
13.9843,57.0,272.0
13.9894,272.0,276.0
13.9943,68.0,278.0
13.9993,-135.0,278.0
14.0042,-67.0,278.0
14.0092,23.0,276.0
14.0143,-15.0,274.0
14.0194,-10.0,274.0
14.0243,78.0,272.0
14.0292,39.0,272.0
14.0343,-116.0,272.0
14.0392,-16.0,272.0
14.0444,196.0,274.0
14.0493,-36.0,274.0
14.0544,-299.0,278.0
14.0592,12.0,276.0
14.0643,313.0,280.0
14.0693,109.0,280.0
14.0744,-188.0,282.0
14.0794,-221.0,284.0
14.0843,1.0,280.0
14.0892,237.0,280.0
14.0942,134.0,276.0
14.0994,-195.0,276.0
14.1044,-177.0,268.0
14.1092,152.0,268.0
14.1144,141.0,260.0
14.1194,-114.0,260.0
14.1242,-47.0,252.0
14.1294,85.0,254.0
14.1374,-66.0,248.0
14.1391,-68.0,248.0
14.1444,120.0,246.0
14.1494,30.0,242.0
14.1542,-80.0,240.0
14.1593,60.0,236.0
14.1643,7.0,234.0
14.1692,-196.0,236.0
14.1742,4.0,236.0
14.1792,334.0,238.0
14.1842,73.0,240.0
14.1894,-386.0,246.0
14.1944,-165.0,248.0
14.1994,302.0,250.0
14.2042,163.0,250.0
14.2092,-155.0,250.0
14.2143,-55.0,250.0
14.2195,66.0,248.0
14.2243,-58.0,246.0
14.2292,-61.0,246.0
14.2342,80.0,244.0
14.2391,52.0,244.0
14.2444,-22.0,244.0
14.2495,21.0,244.0
14.2544,-31.0,240.0
14.2592,-94.0,242.0
14.2642,32.0,238.0
14.2692,61.0,240.0
14.2742,-7.0,238.0
14.2793,74.0,238.0
14.2843,-21.0,238.0
14.2892,-182.0,240.0
14.2942,97.0,238.0
14.2992,164.0,240.0
14.3048,-245.0,238.0
14.3094,-74.0,238.0
14.3142,370.0,238.0
14.3193,13.0,238.0
14.3243,-358.0,238.0
14.3291,15.0,236.0
14.3345,238.0,236.0
14.3394,-42.0,236.0
14.3443,-140.0,236.0
14.3492,23.0,236.0
14.3543,118.0,236.0
14.3591,75.0,236.0
14.3646,-112.0,238.0
14.3693,-208.0,238.0
14.3743,74.0,238.0
14.3792,301.0,240.0
14.3841,0.0,238.0
14.3892,-279.0,242.0
14.3945,-57.0,240.0
14.3995,129.0,240.0
14.4041,25.0,236.0
14.4091,26.0,234.0
14.4142,56.0,232.0
14.4195,-69.0,230.0
14.4245,-63.0,230.0
14.4292,10.0,228.0
14.4342,-52.0,228.0
14.4391,68.0,228.0
14.4444,212.0,228.0
14.4495,-104.0,226.0
14.4544,-277.0,226.0
14.4601,95.0,226.0
14.4648,161.0,224.0
14.4693,-107.0,224.0
14.4743,29.0,222.0
14.4794,176.0,222.0
14.4842,-93.0,222.0
14.4893,-229.0,224.0
14.4942,11.0,222.0
14.4992,197.0,224.0
14.5045,62.0,226.0
14.5094,-148.0,228.0
14.5144,-47.0,226.0
14.5194,164.0,230.0
14.5242,-12.0,228.0
14.5293,-213.0,232.0
14.5344,75.0,232.0
14.5393,240.0,236.0
14.5443,-104.0,234.0
14.5492,-235.0,236.0
14.5541,71.0,232.0
14.5594,177.0,236.0
14.5643,-15.0,232.0
14.5692,-61.0,232.0
14.5742,-1.0,232.0
14.5792,-49.0,230.0
14.5842,-2.0,230.0
14.5895,82.0,228.0
14.5944,-24.0,226.0
14.5992,-26.0,226.0
14.6041,67.0,224.0
14.6091,-76.0,222.0
14.6143,-52.0,220.0
14.6194,172.0,218.0
14.6243,-51.0,218.0
14.6292,-228.0,218.0
14.6342,189.0,220.0
14.6392,236.0,222.0
14.6443,-283.0,224.0
14.6493,-208.0,228.0
14.6543,303.0,232.0
14.6593,157.0,234.0
14.6642,-280.0,238.0
14.6692,-90.0,238.0
14.6742,259.0,240.0
14.6793,33.0,240.0
14.6843,-209.0,240.0
14.6892,-4.0,240.0
14.6942,72.0,236.0
14.6994,-43.0,238.0
14.7045,104.0,234.0
14.7092,138.0,234.0
14.7143,-218.0,234.0
14.7193,-218.0,234.0
14.7241,247.0,238.0
14.7293,230.0,238.0
14.7343,-209.0,240.0
14.7395,-189.0,240.0
14.7442,100.0,238.0
14.7494,111.0,238.0
14.7541,42.0,236.0
14.7591,-11.0,234.0
14.7642,-146.0,236.0
14.7692,-88.0,236.0
14.7743,173.0,238.0
14.7795,156.0,240.0
14.7843,-150.0,240.0
14.7893,-153.0,242.0
14.7942,171.0,244.0
14.7992,87.0,244.0
14.8043,-278.0,248.0
14.8093,-42.0,246.0
14.8142,361.0,252.0
14.8194,64.0,246.0
14.8243,-317.0,250.0
14.8292,-89.0,246.0
14.8342,182.0,246.0
14.8392,58.0,242.0
14.8442,-39.0,240.0
14.8492,21.0,238.0
14.8543,-55.0,238.0
14.8593,-104.0,238.0
14.8643,37.0,238.0
14.8703,96.0,240.0
14.8755,62.0,238.0
14.8791,70.0,240.0
14.8841,-84.0,240.0
14.8892,-307.0,244.0
14.8943,-40.0,244.0
14.8992,449.0,250.0
14.9046,197.0,252.0
14.9093,-424.0,258.0
14.9144,-259.0,262.0
14.9191,279.0,266.0
14.9242,237.0,270.0
14.9292,-104.0,268.0
14.9344,-211.0,270.0
14.9393,-36.0,268.0
14.9444,179.0,266.0
14.9493,104.0,268.0
14.9543,-119.0,264.0
14.9593,-51.0,264.0
14.9643,94.0,260.0
14.9693,-104.0,262.0
14.9741,-164.0,260.0
14.9792,212.0,262.0
14.9842,265.0,264.0
14.9894,-134.0,266.0
14.9942,-276.0,268.0
14.9992,-81.0,268.0
15.0043,163.0,270.0
15.0094,271.0,270.0
15.0142,-6.0,270.0
15.0193,-346.0,270.0
15.0244,-99.0,272.0
15.0292,325.0,272.0
15.0342,151.0,274.0
15.0392,-254.0,276.0
15.0442,-201.0,278.0
15.0496,135.0,280.0
15.0544,232.0,284.0
15.0591,38.0,282.0
15.0642,-152.0,284.0
15.0692,-183.0,286.0
15.0749,-35.0,286.0
15.0794,187.0,288.0
15.0844,178.0,288.0
15.0892,-78.0,288.0
15.0942,-160.0,286.0
15.0992,1.0,284.0
15.1046,48.0,282.0
15.1093,-33.0,282.0
15.1143,22.0,282.0
15.1194,111.0,280.0
15.1242,7.0,278.0
15.1293,-130.0,278.0
15.1343,-90.0,278.0
15.1392,62.0,276.0
15.1443,159.0,278.0
15.1494,43.0,276.0
15.1542,-181.0,278.0
15.1593,-107.0,278.0
15.1643,161.0,280.0
15.1691,70.0,278.0
15.1742,-131.0,278.0
15.1792,39.0,276.0
15.1842,131.0,276.0
15.1893,-138.0,274.0
15.1942,-168.0,276.0
15.1992,178.0,276.0
15.2042,216.0,278.0
15.2095,-165.0,280.0
15.2142,-234.0,284.0
15.2194,124.0,286.0
15.2242,202.0,288.0
15.2291,-68.0,288.0
15.2341,-146.0,290.0
15.2391,-5.0,290.0
15.2442,93.0,290.0
15.2491,79.0,290.0
15.2541,-34.0,290.0
15.2592,-100.0,288.0
15.2641,-44.0,288.0
15.2691,31.0,286.0
15.2742,120.0,284.0
15.2791,111.0,282.0
15.2842,-153.0,280.0
15.2892,-253.0,282.0
15.2942,119.0,278.0
15.2992,299.0,280.0
15.3045,-41.0,276.0
15.3092,-214.0,278.0
15.3143,-31.0,276.0
15.3193,33.0,276.0
15.3242,33.0,272.0
15.3294,166.0,274.0
15.3342,91.0,276.0
15.3393,-253.0,278.0
15.3443,-280.0,282.0
15.3492,146.0,282.0
15.3542,349.0,284.0
15.3593,26.0,280.0
15.3644,-202.0,280.0
15.3692,-64.0,278.0
15.3741,-59.0,274.0
15.3806,-24.0,272.0
15.3841,302.0,276.0
15.3893,68.0,274.0
15.3944,-473.0,282.0
15.3993,45.0,282.0
15.4042,595.0,288.0
15.4094,-264.0,292.0
15.4141,-698.0,300.0
15.4196,397.0,304.0
15.4242,728.0,312.0
15.4292,-325.0,316.0
15.4342,-582.0,322.0
15.4391,141.0,322.0
15.4443,312.0,324.0
15.4493,1.0,322.0
15.4543,-106.0,318.0
15.4591,-89.0,318.0
15.4641,51.0,314.0
15.4692,184.0,316.0
15.4743,-54.0,314.0
15.4792,-254.0,318.0
15.4848,13.0,316.0
15.4892,206.0,320.0
15.4943,40.0,320.0
15.4991,-78.0,320.0
15.5044,-28.0,320.0
15.5092,15.0,318.0
15.5142,-15.0,318.0
15.5193,-69.0,318.0
15.5241,6.0,316.0
15.5292,137.0,314.0
15.5345,51.0,314.0
15.5392,-130.0,308.0
15.5442,-127.0,308.0
15.5491,62.0,302.0
15.5542,279.0,302.0
15.5596,46.0,298.0
15.5651,-507.0,302.0
15.5695,-191.0,304.0
15.5744,642.0,310.0
15.5794,297.0,314.0
15.5844,-562.0,320.0
15.5897,-273.0,324.0
15.5946,357.0,328.0
15.5999,140.0,328.0
15.6044,-216.0,330.0
15.6094,-26.0,330.0
15.6142,252.0,330.0
15.6201,74.0,328.0
15.6244,-355.0,330.0
15.6298,-260.0,332.0
15.6343,279.0,332.0
15.6394,349.0,336.0
15.6445,-14.0,334.0
15.6506,-182.0,332.0
15.6543,-177.0,334.0
15.6597,-77.0,330.0
15.6646,164.0,332.0
15.6695,175.0,330.0
15.6747,-78.0,328.0
15.6798,-75.0,326.0
15.6846,48.0,324.0
15.6905,-75.0,322.0
15.6942,-61.0,320.0
15.6994,158.0,322.0
15.7049,83.0,320.0
15.7094,-151.0,320.0
15.7142,-118.0,322.0
15.7191,64.0,320.0
15.7243,114.0,318.0
15.7296,41.0,318.0
15.735,-1.0,316.0
15.7399,-54.0,316.0
15.7447,-152.0,318.0
15.7494,-64.0,318.0
15.7544,156.0,320.0
15.7595,213.0,322.0
15.7649,72.0,322.0
15.7691,-253.0,324.0
15.7744,-353.0,328.0
15.7793,152.0,330.0
15.7844,426.0,334.0
15.7906,-29.0,334.0
15.7952,-255.0,336.0
15.7995,15.0,334.0
15.8041,26.0,332.0
15.8099,-101.0,332.0
15.8144,105.0,332.0
15.8193,172.0,334.0
15.8242,-143.0,334.0
15.8297,-154.0,334.0
15.8347,143.0,334.0
15.8395,72.0,332.0
15.8444,-112.0,330.0
15.8497,32.0,328.0
15.8555,70.0,326.0
15.8591,-127.0,326.0
15.8644,-94.0,324.0
15.8695,131.0,326.0
15.8745,203.0,326.0
15.8799,24.0,326.0
15.8848,-276.0,330.0
15.8894,-260.0,332.0
15.8952,210.0,334.0
15.8995,417.0,340.0
15.9047,-69.0,340.0
15.9097,-415.0,346.0
15.9146,4.0,344.0
15.9196,301.0,348.0
15.9242,-73.0,346.0
15.9291,-187.0,346.0
15.9349,185.0,346.0
15.9399,150.0,344.0
15.945,-222.0,346.0
15.9494,-171.0,346.0
15.9543,178.0,348.0
15.9594,199.0,350.0
15.9647,-107.0,352.0
15.9691,-198.0,352.0
15.9744,45.0,352.0
15.9795,137.0,350.0
15.9845,-26.0,346.0
15.9895,-6.0,344.0
15.996,75.0,340.0
16.0004,-143.0,342.0
16.0043,-152.0,340.0
16.0094,219.0,344.0
16.0144,171.0,344.0
16.0193,-208.0,348.0
16.0243,-100.0,344.0
16.0292,206.0,346.0
16.0345,23.0,340.0
16.0394,-237.0,342.0
16.0445,-23.0,334.0
16.0497,218.0,332.0
16.0546,44.0,322.0
16.0594,-176.0,320.0
16.0643,-1.0,308.0
16.0695,257.0,306.0
16.0745,-21.0,298.0
16.0797,-448.0,302.0
16.0847,-82.0,300.0
16.0893,565.0,308.0
16.0944,223.0,310.0
16.0998,-518.0,316.0
16.1052,-242.0,320.0
16.1097,395.0,322.0
16.1147,131.0,324.0
16.1194,-298.0,324.0
16.1243,-9.0,324.0
16.1292,273.0,326.0
16.1384,-39.0,326.0
16.1395,-323.0,330.0
16.1448,0.0,330.0
16.1494,388.0,336.0
16.1543,117.0,336.0
16.1594,-361.0,342.0
16.165,-223.0,344.0
16.1691,201.0,346.0
16.1741,173.0,348.0
16.1794,-14.0,346.0
16.1844,19.0,344.0
16.1896,-65.0,344.0
16.1947,-156.0,342.0
16.1997,35.0,342.0
16.2046,119.0,336.0
16.2091,8.0,334.0
16.2144,-15.0,324.0
16.2197,-29.0,320.0
16.2241,19.0,310.0
16.2292,79.0,308.0
16.2342,-138.0,304.0
16.2394,-177.0,304.0
16.2443,206.0,304.0
16.25,224.0,308.0
16.2547,-117.0,306.0
16.2594,-119.0,306.0
16.2644,-26.0,302.0
16.2694,-74.0,298.0
16.2745,70.0,294.0
16.2798,165.0,292.0
16.2847,-25.0,292.0
16.2894,-64.0,290.0
16.2943,16.0,288.0
16.2994,-120.0,288.0
16.3044,-84.0,288.0
16.3091,232.0,288.0
16.3149,137.0,290.0
16.3196,-209.0,292.0
16.3243,-96.0,292.0
16.3291,92.0,292.0
16.3342,11.0,292.0
16.3391,38.0,290.0
16.3441,12.0,288.0
16.3491,-109.0,288.0
16.3542,71.0,288.0
16.3592,95.0,288.0
16.3651,-218.0,290.0
16.3691,-36.0,290.0
16.3745,310.0,294.0
16.3795,-16.0,294.0
16.3845,-278.0,296.0
16.3897,37.0,294.0
16.3947,141.0,294.0
16.3996,-4.0,292.0
16.4051,55.0,292.0
16.4093,-55.0,288.0
16.4144,-242.0,286.0
16.4197,49.0,284.0
16.4241,293.0,282.0
16.4294,58.0,282.0
16.4345,-142.0,282.0
16.4393,-163.0,284.0
16.4444,-104.0,284.0
16.45,138.0,286.0
16.4551,238.0,288.0
16.4591,-10.0,284.0
16.4644,-157.0,286.0
16.4694,-74.0,284.0
16.4745,-20.0,282.0
16.4798,45.0,282.0
16.4848,123.0,282.0
16.4894,42.0,282.0
16.4944,-126.0,282.0
16.4993,-115.0,282.0
16.5047,126.0,284.0
16.5092,157.0,284.0
16.5147,-208.0,284.0
16.5198,-207.0,286.0
16.5243,382.0,288.0
16.5294,334.0,290.0
16.5348,-557.0,294.0
16.5393,-517.0,296.0
16.5442,575.0,304.0
16.5494,607.0,308.0
16.5544,-386.0,314.0
16.5595,-481.0,316.0
16.5652,158.0,318.0
16.5691,200.0,318.0
16.5742,-77.0,316.0
16.5791,21.0,314.0
16.5842,136.0,312.0
16.5893,-36.0,310.0
16.5944,-186.0,310.0
16.5994,-104.0,308.0
16.6041,127.0,310.0
16.6095,252.0,310.0
16.6141,-16.0,310.0
16.6196,-346.0,312.0
16.6242,1.0,312.0
16.6292,435.0,320.0
16.6341,-112.0,320.0
16.6393,-531.0,326.0
16.6442,203.0,326.0
16.6492,535.0,332.0
16.6543,-196.0,332.0
16.6591,-374.0,334.0
16.6641,203.0,336.0
16.6692,149.0,336.0
16.6742,-318.0,340.0
16.6791,-26.0,336.0
16.6844,451.0,344.0
16.6891,32.0,340.0
16.6941,-431.0,346.0
16.6992,-64.0,344.0
16.7048,200.0,348.0
16.7092,39.0,344.0
16.7141,141.0,346.0
16.7191,60.0,340.0
16.7242,-382.0,344.0
16.7292,-167.0,338.0
16.7344,362.0,340.0
16.7393,138.0,334.0
16.7442,-176.0,334.0
16.7492,51.0,328.0
16.7542,57.0,328.0
16.7594,-208.0,326.0
16.7642,-98.0,328.0
16.7692,150.0,326.0
16.7741,200.0,328.0
16.7791,88.0,324.0
16.7843,-221.0,328.0
16.7896,-312.0,326.0
16.7944,122.0,326.0
16.7995,365.0,326.0
16.8041,-14.0,324.0
16.8092,-271.0,324.0
16.8146,23.0,322.0
16.8194,171.0,324.0
16.8243,-140.0,326.0
16.8292,-141.0,328.0
16.8341,256.0,330.0
16.8391,148.0,330.0
16.8442,-287.0,334.0
16.8496,-125.0,336.0
16.8542,236.0,338.0
16.8592,41.0,340.0
16.8641,-167.0,342.0
16.8694,61.0,342.0
16.8742,150.0,342.0
16.8793,-94.0,340.0
16.8845,-180.0,340.0
16.8891,24.0,336.0
16.8941,178.0,338.0
16.8993,54.0,336.0
16.9045,-97.0,338.0
16.9092,-41.0,336.0
16.9143,-15.0,336.0
16.9192,-33.0,334.0
16.9241,95.0,336.0
16.9293,91.0,336.0
16.9341,-118.0,338.0
16.9392,-128.0,338.0
16.9442,74.0,338.0
16.9494,173.0,336.0
16.9542,48.0,334.0
16.9592,-216.0,334.0
16.9642,-223.0,336.0
16.9692,242.0,340.0
16.9742,354.0,344.0
16.9793,-264.0,348.0
16.9841,-350.0,354.0
16.9894,283.0,356.0
16.9943,221.0,358.0
16.9993,-247.0,360.0
17.0042,-51.0,358.0
17.0092,130.0,360.0
17.0144,-111.0,356.0
17.0195,-4.0,356.0
17.0242,228.0,356.0
17.0292,-51.0,356.0
17.0343,-233.0,358.0
17.0392,66.0,358.0
17.0445,119.0,360.0
17.0495,-119.0,360.0
17.0542,-35.0,358.0
17.0592,201.0,360.0
17.0643,121.0,356.0
17.0691,-212.0,360.0
17.0745,-298.0,362.0
17.0793,103.0,360.0
17.0842,348.0,364.0
17.0892,46.0,362.0
17.0942,-195.0,362.0
17.0992,-125.0,364.0
17.1044,-41.0,362.0
17.1092,91.0,362.0
17.1143,207.0,366.0
17.1192,30.0,366.0
17.1242,-230.0,366.0
17.1294,-187.0,370.0
17.1344,138.0,370.0
17.1393,313.0,372.0
17.1442,2.0,370.0
17.1493,-360.0,374.0
17.1542,-139.0,372.0
17.1593,301.0,374.0
17.1643,204.0,372.0
17.1694,-189.0,370.0
17.1743,-116.0,362.0
17.1792,145.0,356.0
17.1843,-107.0,350.0
17.1893,-181.0,342.0
17.1944,336.0,342.0
17.1994,188.0,338.0
17.2042,-451.0,342.0
17.2092,-112.0,340.0
17.2141,427.0,346.0
17.2192,-2.0,346.0
17.2245,-323.0,348.0
17.2292,85.0,350.0
17.2341,229.0,350.0
17.2391,-86.0,350.0
17.2443,-174.0,350.0
17.2496,25.0,346.0
17.2544,147.0,348.0
17.2592,39.0,344.0
17.2642,-158.0,346.0
17.2692,-62.0,340.0
17.2743,208.0,342.0
17.2793,-7.0,334.0
17.2842,-252.0,334.0
17.2892,196.0,330.0
17.2942,264.0,330.0
17.2991,-411.0,330.0
17.3045,-255.0,332.0
17.3092,478.0,336.0
17.3144,206.0,336.0
17.3193,-342.0,340.0
17.3241,-89.0,334.0
17.3291,124.0,336.0
17.3346,-66.0,330.0
17.3393,47.0,330.0
17.3442,191.0,330.0
17.3495,-141.0,332.0
17.3542,-247.0,334.0
17.3591,138.0,334.0
17.3643,248.0,332.0
17.3692,-14.0,330.0
17.3742,-216.0,328.0
17.3793,-164.0,328.0
17.3842,147.0,328.0
17.3896,270.0,330.0
17.3943,-80.0,332.0
17.3994,-241.0,332.0
17.4041,91.0,332.0
17.4093,132.0,332.0
17.4142,-192.0,332.0
17.4192,-19.0,330.0
17.4242,294.0,332.0
17.4292,-97.0,328.0
17.4343,-297.0,330.0
17.4391,279.0,330.0
17.4443,212.0,332.0
17.4494,-519.0,336.0
17.4544,-156.0,338.0
17.4591,665.0,346.0
17.4641,192.0,346.0
17.4691,-566.0,354.0
17.4742,-231.0,354.0
17.4793,285.0,356.0
17.4842,164.0,354.0
17.4891,-38.0,352.0
17.4941,-32.0,348.0
17.4994,-57.0,350.0
17.5043,-34.0,346.0
17.5093,62.0,346.0
17.5142,-3.0,344.0
17.5192,-54.0,344.0
17.5241,56.0,342.0
17.5292,30.0,342.0
17.5345,-54.0,340.0
17.5392,32.0,340.0
17.5441,55.0,340.0
17.5491,-74.0,340.0
17.5542,-110.0,342.0
17.5593,11.0,340.0
17.5641,157.0,342.0
17.5692,113.0,342.0
17.5742,-114.0,342.0
17.5794,-147.0,342.0
17.5841,0.0,342.0
17.5891,4.0,338.0
17.5943,97.0,340.0
17.5993,243.0,340.0
17.6041,-131.0,338.0
17.6091,-435.0,342.0
17.6141,124.0,338.0
17.6203,452.0,340.0
17.6243,-126.0,338.0
17.6292,-316.0,338.0
17.6341,144.0,336.0
17.6391,153.0,336.0
17.6443,-129.0,336.0
17.6495,-45.0,336.0
17.6543,58.0,334.0
17.6591,-5.0,334.0
17.6641,24.0,332.0
17.6691,30.0,330.0
17.6741,-60.0,328.0
17.6792,-60.0,328.0
17.6841,0.0,326.0
17.6891,88.0,326.0
17.6941,148.0,328.0
17.6991,-88.0,326.0
17.7042,-283.0,328.0
17.7091,72.0,326.0
17.7142,307.0,326.0
17.7191,-71.0,326.0
17.7242,-261.0,324.0
17.7292,64.0,324.0
17.7345,235.0,326.0
17.7393,-1.0,324.0
17.7443,-210.0,326.0
17.7501,-101.0,326.0
17.755,127.0,324.0
17.7593,158.0,326.0
17.7643,-42.0,324.0
17.7692,-123.0,322.0
17.7741,57.0,322.0
17.7792,52.0,318.0
17.7843,-128.0,320.0
17.7893,-16.0,314.0
17.7943,107.0,314.0
17.7991,-3.0,308.0
17.8041,31.0,306.0
17.8091,66.0,304.0
17.8141,-158.0,304.0
17.8197,-143.0,304.0
17.8244,163.0,306.0
17.8291,133.0,304.0
17.8341,-71.0,300.0
17.8391,-27.0,298.0
17.8441,1.0,292.0
17.8496,-56.0,290.0
17.8544,-30.0,284.0
17.8592,22.0,284.0
17.8641,102.0,282.0
17.8691,93.0,282.0
17.8743,-108.0,280.0
17.8794,-179.0,280.0
17.8842,23.0,278.0
17.8892,161.0,280.0
17.8941,54.0,280.0
17.8992,-79.0,280.0
17.9046,-12.0,278.0
17.9093,53.0,278.0
17.9144,-134.0,276.0
17.9192,-161.0,278.0
17.9242,241.0,278.0
17.9291,317.0,280.0
17.9343,-196.0,280.0
17.9393,-378.0,278.0
17.9453,27.0,276.0
17.9491,318.0,272.0
17.9543,143.0,272.0
17.9594,-221.0,270.0
17.9644,-179.0,272.0
17.9692,176.0,272.0
17.9741,51.0,272.0
17.9792,-203.0,274.0
17.9844,126.0,274.0
17.9893,234.0,274.0
17.9943,-244.0,274.0
17.9992,-211.0,276.0
18.0041,289.0,276.0
18.0091,152.0,278.0
18.0143,-263.0,280.0
18.0195,-98.0,278.0
18.0243,151.0,278.0
18.0292,32.0,274.0
18.0341,-5.0,274.0
18.0391,96.0,272.0
18.0442,-29.0,270.0
18.0494,-259.0,272.0
18.0544,-122.0,272.0
18.0591,319.0,276.0
18.0641,343.0,276.0
18.0694,-190.0,278.0
18.0743,-416.0,280.0
18.0792,-7.0,276.0
18.0843,251.0,276.0
18.0893,62.0,268.0
18.0953,24.0,266.0
18.0993,89.0,258.0
18.1044,-227.0,258.0
18.1093,-319.0,254.0
18.1143,295.0,256.0
18.1193,465.0,258.0
18.1242,-275.0,260.0
18.1293,-420.0,266.0
18.1345,225.0,270.0
18.1394,181.0,272.0
18.1444,-180.0,274.0
18.1491,121.0,274.0
18.1541,147.0,276.0
18.1592,-323.0,280.0
18.1644,-134.0,282.0
18.1693,348.0,286.0
18.1742,132.0,288.0
18.1791,-215.0,292.0
18.1842,-85.0,292.0
18.1894,38.0,290.0
18.1942,-29.0,290.0
18.1992,25.0,290.0
18.2041,119.0,290.0
18.2093,54.0,288.0
18.2147,-99.0,288.0
18.2194,-133.0,288.0
18.2241,14.0,288.0
18.2292,95.0,290.0
18.2342,23.0,288.0
18.2391,21.0,284.0
18.2443,9.0,284.0
18.2493,-120.0,278.0
18.2543,-59.0,278.0
18.2591,154.0,272.0
18.2644,124.0,272.0
18.2691,-112.0,270.0
18.2745,-232.0,270.0
18.2791,-6.0,268.0
18.2844,339.0,272.0
18.2891,159.0,274.0
18.2943,-356.0,278.0
18.2992,-244.0,282.0
18.3044,254.0,286.0
18.3092,179.0,288.0
18.3143,-99.0,288.0
18.3192,0.0,288.0
18.3241,-9.0,288.0
18.3293,-149.0,288.0
18.3345,44.0,286.0
18.3391,163.0,288.0
18.3441,-78.0,284.0
18.3492,-98.0,286.0
18.3542,179.0,284.0
18.3593,105.0,284.0
18.3644,-277.0,284.0
18.3692,-217.0,286.0
18.3741,226.0,286.0
18.3792,293.0,290.0
18.3842,-12.0,288.0
18.3894,-207.0,290.0
18.3943,-212.0,290.0
18.3992,18.0,288.0
18.4042,308.0,292.0
18.4092,133.0,292.0
18.4142,-266.0,296.0
18.4193,-186.0,298.0
18.4242,145.0,298.0
18.4292,167.0,300.0
18.4343,-13.0,300.0
18.4392,-107.0,300.0
18.4441,-49.0,302.0
18.4496,12.0,300.0
18.4544,-34.0,298.0
18.4591,56.0,298.0
18.4641,232.0,298.0
18.4692,-16.0,296.0
18.4742,-361.0,300.0
18.4791,-71.0,302.0
18.4842,274.0,306.0
18.4891,46.0,306.0
18.4941,-74.0,306.0
18.4992,80.0,308.0
18.5043,-30.0,306.0
18.5092,-128.0,306.0
18.5144,30.0,306.0
18.5192,42.0,304.0
18.5243,-82.0,304.0
18.5292,30.0,302.0
18.5345,223.0,304.0
18.5393,31.0,304.0
18.5444,-285.0,308.0
18.5494,-158.0,310.0
18.5554,150.0,310.0
18.5591,206.0,310.0
18.5641,89.0,308.0
18.5692,-142.0,306.0
18.5741,-257.0,306.0
18.5791,46.0,302.0
18.5841,243.0,304.0
18.5894,-24.0,300.0
18.5943,-41.0,298.0
18.5992,132.0,298.0
18.6043,-221.0,298.0
18.6092,-311.0,300.0
18.6143,355.0,304.0
18.6196,403.0,308.0
18.6244,-306.0,310.0
18.6292,-346.0,312.0
18.6342,175.0,312.0
18.6391,228.0,312.0
18.6442,-54.0,308.0
18.6493,-121.0,308.0
18.6543,-36.0,304.0
18.6602,1.0,302.0
18.6641,69.0,302.0
18.6691,146.0,304.0
18.6742,17.0,304.0
18.6793,-224.0,306.0
18.6844,-217.0,308.0
18.6892,109.0,306.0
18.6941,390.0,310.0
18.6994,158.0,308.0
18.7042,-399.0,308.0
18.7098,-371.0,312.0
18.7142,274.0,308.0
18.7192,373.0,314.0
18.7241,-164.0,314.0
18.7293,-214.0,316.0
18.7343,147.0,318.0
18.7392,88.0,318.0
18.7443,-116.0,316.0
18.7491,-101.0,312.0
18.7541,-51.0,308.0
18.7601,139.0,304.0
18.7641,268.0,304.0
18.7691,-79.0,298.0
18.7748,-315.0,300.0
18.7792,9.0,296.0
18.7841,122.0,296.0
18.7895,-97.0,296.0
18.7943,151.0,296.0
18.7992,348.0,296.0
18.8041,-275.0,298.0
18.8093,-562.0,302.0
18.8143,185.0,302.0
18.8195,537.0,308.0
18.8242,-48.0,306.0
18.8291,-286.0,310.0
18.8343,36.0,310.0
18.8391,17.0,310.0
18.8441,-121.0,310.0
18.8493,107.0,312.0
18.8543,167.0,312.0
18.8591,-93.0,312.0
18.8642,-83.0,314.0
18.8694,40.0,312.0
18.8742,-102.0,314.0
18.8791,-51.0,314.0
18.8843,254.0,318.0
18.8891,141.0,318.0
18.8942,-263.0,322.0
18.8991,-203.0,322.0
18.9042,172.0,322.0
18.9093,149.0,324.0
18.9141,-74.0,320.0
18.9191,-31.0,322.0
18.9244,-32.0,316.0
18.9292,-74.0,316.0
18.9341,178.0,312.0
18.9391,164.0,312.0
18.9442,-291.0,312.0
18.9491,-206.0,312.0
18.9541,283.0,316.0
18.9593,109.0,316.0
18.9645,-210.0,320.0
18.9691,93.0,318.0
18.9741,192.0,322.0
18.9792,-218.0,322.0
18.9842,-202.0,324.0
18.9894,158.0,326.0
18.9942,90.0,324.0
18.9993,10.0,322.0
19.0041,177.0,320.0
19.0091,-120.0,320.0
19.0142,-448.0,322.0
19.0193,57.0,318.0
19.0243,554.0,328.0
19.0292,112.0,326.0
19.0342,-487.0,330.0
19.0392,-219.0,334.0
19.0445,364.0,334.0
19.0496,186.0,334.0
19.0543,-300.0,336.0
19.0591,-76.0,334.0
19.0641,292.0,336.0
19.0694,-26.0,334.0
19.0744,-266.0,338.0
19.0793,73.0,338.0
19.0843,215.0,340.0
19.0891,-35.0,340.0
19.0941,-172.0,342.0
19.0992,-83.0,342.0
19.1043,134.0,342.0
19.1092,193.0,344.0
19.1144,-116.0,340.0
19.1194,-216.0,342.0
19.1241,155.0,340.0
19.1292,200.0,344.0
19.1344,-209.0,346.0
19.1393,-224.0,348.0
19.1443,174.0,350.0
19.1492,263.0,352.0
19.1543,-39.0,352.0
19.1592,-243.0,356.0
19.1643,-91.0,356.0
19.1694,153.0,358.0
19.1741,109.0,356.0
19.1791,-55.0,356.0
19.1843,11.0,352.0
19.1893,37.0,350.0
19.1944,-198.0,350.0
19.1992,-127.0,350.0
19.2041,316.0,352.0
19.2094,240.0,354.0
19.2143,-279.0,354.0
19.2193,-242.0,358.0
19.2242,139.0,356.0
19.2291,108.0,358.0
19.2342,-33.0,358.0
19.2391,62.0,356.0
19.2442,24.0,352.0
19.2494,-167.0,350.0
19.2543,-63.0,346.0
19.2592,177.0,342.0
19.2641,87.0,340.0
19.2691,-121.0,336.0
19.2742,-51.0,334.0
19.2793,61.0,332.0
19.2843,-47.0,330.0
19.2891,-65.0,330.0
19.2941,149.0,332.0
19.2993,130.0,334.0
19.3043,-167.0,336.0
19.3093,-152.0,336.0
19.3143,92.0,336.0
19.3193,31.0,334.0
19.3242,-20.0,330.0
19.3293,177.0,332.0
19.3341,-1.0,326.0
19.3392,-334.0,328.0
19.3443,59.0,324.0
19.3492,410.0,324.0
19.3542,-170.0,322.0
19.3593,-494.0,324.0
19.3642,182.0,324.0
19.3692,601.0,330.0
19.3745,-9.0,328.0
19.3793,-619.0,336.0
19.3841,-232.0,338.0
19.3894,440.0,344.0
19.3942,343.0,348.0
19.3991,-122.0,348.0
19.4041,-199.0,346.0
19.4091,-114.0,348.0
19.4143,-115.0,344.0
19.4194,125.0,346.0
19.4241,337.0,350.0
19.4292,-31.0,348.0
19.4342,-315.0,350.0
19.4392,33.0,346.0
19.4444,181.0,344.0
19.4497,-123.0,338.0
19.4543,-122.0,336.0
19.4591,142.0,330.0
19.4643,138.0,332.0
19.4691,-66.0,328.0
19.4744,-119.0,330.0
19.4793,0.0,330.0
19.4843,60.0,328.0
19.4891,10.0,326.0
19.4941,-28.0,324.0
19.4991,0.0,324.0
19.5045,45.0,322.0
19.5091,-13.0,322.0
19.5144,-103.0,322.0
19.5193,35.0,322.0
19.5242,188.0,322.0
19.5292,-61.0,320.0
19.5345,-275.0,320.0
19.5392,90.0,318.0
19.5441,327.0,320.0
19.5492,-143.0,320.0
19.5542,-307.0,324.0
19.5593,237.0,328.0
19.5644,204.0,330.0
19.5693,-366.0,334.0
19.5742,-35.0,332.0
19.5797,493.0,338.0
19.5846,-158.0,336.0
19.5894,-534.0,340.0
19.5943,296.0,340.0
19.5992,409.0,346.0
19.6042,-325.0,348.0
19.6093,-148.0,348.0
19.6142,283.0,350.0
19.6197,-108.0,348.0
19.6243,-235.0,348.0
19.6291,233.0,350.0
19.6341,197.0,352.0
19.6392,-205.0,354.0
19.6442,-138.0,354.0
19.6492,91.0,354.0
19.6541,37.0,346.0
19.6591,16.0,346.0
19.6641,71.0,338.0
19.6691,-14.0,338.0
19.6741,-115.0,332.0
19.6791,-118.0,330.0
19.6841,56.0,324.0
19.6891,269.0,326.0
19.6941,69.0,322.0
19.6991,-300.0,326.0
19.7049,-179.0,324.0
19.7092,175.0,326.0
19.7141,192.0,326.0
19.7191,10.0,324.0
19.7252,-87.0,322.0
19.7291,-106.0,324.0
19.7342,-38.0,322.0
19.7391,53.0,322.0
19.7442,34.0,320.0
19.7491,37.0,318.0
19.7542,133.0,318.0
19.7591,3.0,314.0
19.7641,-301.0,316.0
19.7694,-173.0,316.0
19.7741,268.0,316.0
19.7791,265.0,318.0
19.7847,-70.0,316.0
19.7892,-149.0,314.0
19.7946,-51.0,314.0
19.7995,-38.0,310.0
19.8041,-20.0,310.0
19.8093,107.0,310.0
19.8142,140.0,310.0
19.8194,-59.0,310.0
19.8244,-143.0,312.0
19.8292,25.0,312.0
19.8342,88.0,310.0
19.8392,-47.0,308.0
19.8442,-129.0,306.0
19.8492,48.0,302.0
19.8543,243.0,302.0
19.8591,13.0,298.0
19.8642,-263.0,300.0
19.8692,-61.0,300.0
19.8744,117.0,302.0
19.8792,13.0,300.0
19.8842,125.0,302.0
19.8891,120.0,302.0
19.8941,-354.0,306.0
19.8991,-275.0,308.0
19.9043,501.0,314.0
19.9092,406.0,318.0
19.9143,-537.0,326.0
19.9191,-480.0,332.0
19.9244,456.0,338.0
19.9291,441.0,344.0
19.9341,-302.0,346.0
19.9391,-270.0,350.0
19.9443,177.0,350.0
19.9491,71.0,348.0
19.9543,-130.0,348.0
19.9592,28.0,348.0
19.9642,114.0,350.0
19.9692,-29.0,348.0
19.9741,-122.0,350.0
19.9791,1.0,344.0
19.9841,216.0,346.0
19.9892,56.0,342.0
19.9941,-385.0,344.0
19.9993,-173.0,340.0
20.0041,536.0,346.0
20.0092,312.0,340.0
20.0144,-607.0,350.0
20.0194,-410.0,346.0
20.0243,557.0,352.0
20.0292,427.0,352.0
20.0343,-364.0,352.0
20.0391,-327.0,356.0
20.0442,98.0,354.0
20.0495,118.0,354.0
20.0543,100.0,354.0
20.0591,83.0,352.0
20.0643,-167.0,350.0
20.0691,-129.0,352.0
20.0742,173.0,350.0
20.0793,16.0,350.0
20.0843,-196.0,350.0
20.0891,122.0,350.0
20.0941,227.0,350.0
20.0993,-180.0,352.0
20.1044,-230.0,354.0
20.1092,143.0,354.0
20.1143,198.0,356.0
20.1192,-49.0,356.0
20.1241,-158.0,358.0
20.1293,-36.0,358.0
20.1342,189.0,360.0
20.1405,84.0,362.0
20.1443,-319.0,366.0
20.1491,-112.0,368.0
20.1541,435.0,372.0
20.1599,146.0,374.0
20.1643,-399.0,378.0
20.1692,-194.0,380.0
20.1742,226.0,380.0
20.1791,220.0,382.0
20.1841,-73.0,378.0
20.1894,-188.0,378.0
20.1943,54.0,374.0
20.1993,145.0,372.0
20.2042,-117.0,372.0
20.2091,-128.0,368.0
20.2141,135.0,370.0
20.2192,73.0,362.0
20.2244,-70.0,362.0
20.2291,78.0,354.0
20.2343,-12.0,350.0
20.2392,-280.0,348.0
20.2443,39.0,344.0
20.2495,404.0,348.0
20.2542,-21.0,344.0
20.2591,-357.0,348.0
20.2646,74.0,344.0
20.2695,204.0,344.0
20.2741,-260.0,346.0
20.2796,-125.0,344.0
20.2847,420.0,348.0
20.2896,176.0,350.0
20.2943,-356.0,354.0
20.2993,-184.0,358.0
20.3048,134.0,358.0
20.3095,32.0,358.0
20.3146,21.0,356.0
20.3196,130.0,358.0
20.3243,-71.0,358.0
20.3296,-109.0,354.0
20.3348,156.0,356.0
20.3399,-59.0,352.0
20.3446,-322.0,354.0
20.3493,206.0,356.0
20.3542,441.0,360.0
20.3596,-241.0,362.0
20.3652,-379.0,368.0
20.3691,214.0,368.0
20.3746,161.0,370.0
20.3794,-213.0,374.0
20.3843,57.0,374.0
20.3894,245.0,376.0
20.3948,-153.0,378.0
20.3991,-250.0,382.0
20.4044,119.0,378.0
20.4093,197.0,378.0
20.4143,-36.0,376.0
20.4199,-78.0,372.0
20.4246,21.0,372.0
20.4291,-58.0,370.0
20.4349,-106.0,370.0
20.4396,95.0,372.0
20.4448,164.0,374.0
20.4494,3.0,372.0
20.4547,-75.0,372.0
20.4593,-101.0,372.0
20.4643,-82.0,370.0
20.4693,88.0,372.0
20.4746,156.0,374.0
20.4792,-3.0,372.0
20.4842,-113.0,372.0
20.4891,-67.0,372.0
20.4945,0.0,368.0
20.4993,42.0,370.0
20.5046,155.0,368.0
20.5096,134.0,368.0
20.5149,-260.0,370.0
20.5193,-356.0,376.0
20.5243,171.0,376.0
20.5293,379.0,380.0
20.5351,68.0,376.0
20.5396,-107.0,374.0
20.5448,-226.0,370.0
20.5494,-260.0,368.0
20.5545,190.0,362.0
20.5593,454.0,362.0
20.5651,-77.0,356.0
20.5696,-392.0,354.0
20.5744,21.0,350.0
20.5793,189.0,348.0
20.5843,-20.0,346.0
20.5894,-11.0,346.0
20.5941,0.0,344.0
20.5996,-71.0,344.0
20.6043,75.0,344.0
20.6091,97.0,344.0
20.6143,-149.0,346.0
20.6199,-117.0,346.0
20.6241,148.0,346.0
20.6295,112.0,346.0
20.6343,-86.0,342.0
20.6395,-44.0,340.0
20.6446,47.0,332.0
20.6499,-52.0,328.0
20.6546,-61.0,320.0
20.6596,126.0,316.0
20.6649,82.0,308.0
20.6694,-200.0,304.0
20.6745,-68.0,300.0
20.6801,293.0,300.0
20.6846,14.0,298.0
20.6894,-341.0,302.0
20.6942,57.0,300.0
20.6993,306.0,304.0
20.7043,-97.0,304.0
20.7108,-236.0,304.0
20.7146,65.0,304.0
20.7197,163.0,306.0
20.7243,-6.0,302.0
20.7295,-80.0,302.0
20.7346,35.0,298.0
20.7396,27.0,296.0
20.7448,-184.0,296.0
20.7494,-55.0,294.0
20.7544,322.0,296.0
20.7593,125.0,298.0
20.765,-327.0,300.0
20.7691,-138.0,302.0
20.7743,278.0,304.0
20.7801,77.0,302.0
20.7851,-301.0,302.0
20.7891,-22.0,302.0
20.7941,380.0,300.0
20.7996,12.0,298.0
20.8045,-421.0,298.0
20.8094,-32.0,296.0
20.8141,367.0,298.0
20.8205,70.0,296.0
20.8252,-196.0,298.0
20.8294,-95.0,296.0
20.8344,-29.0,296.0
20.84,38.0,294.0
20.8443,149.0,294.0
20.8491,90.0,294.0
20.8546,-101.0,294.0
20.8593,-182.0,296.0
20.8646,19.0,294.0
20.8693,169.0,296.0
20.8744,-29.0,296.0
20.8798,-103.0,294.0
20.8847,82.0,294.0
20.8895,37.0,288.0
20.8944,-103.0,290.0
20.8992,26.0,284.0
20.9043,115.0,286.0
20.9094,-71.0,284.0
20.9154,-142.0,282.0
20.9196,65.0,280.0
20.9244,159.0,276.0
20.9293,-14.0,274.0
20.9348,-137.0,270.0
20.9396,-52.0,268.0
20.9446,64.0,268.0
20.9494,103.0,268.0
20.9544,37.0,268.0
20.9596,-109.0,268.0
20.9652,-115.0,268.0
20.969,69.0,268.0
20.9741,127.0,268.0
20.9794,-18.0,268.0
20.9843,-89.0,264.0
20.9895,-4.0,260.0
20.9943,49.0,254.0
20.9994,-1.0,250.0
21.0044,-26.0,246.0
21.0093,21.0,242.0
21.0151,-3.0,240.0
21.0196,-85.0,238.0
21.0252,26.0,238.0
21.0291,180.0,236.0
21.0347,-1.0,234.0
21.0393,-217.0,234.0
21.0446,-53.0,232.0
21.0498,154.0,232.0
21.0546,90.0,232.0
21.0593,-63.0,232.0
21.0649,-97.0,234.0
21.0693,22.0,232.0
21.0744,113.0,232.0
21.0798,-51.0,232.0
21.0848,-187.0,232.0
21.0893,112.0,234.0
21.0946,316.0,238.0
21.0993,-140.0,238.0
21.1042,-414.0,244.0
21.1095,76.0,244.0
21.1156,361.0,246.0
21.1205,45.0,248.0
21.1243,-161.0,248.0
21.1306,-79.0,248.0
21.1348,16.0,248.0
21.1396,-26.0,248.0
21.1446,-95.0,248.0
21.1493,105.0,246.0
21.1543,288.0,248.0
21.1596,-22.0,242.0
21.1651,-331.0,244.0
21.169,-70.0,240.0
21.1741,139.0,240.0
21.1791,-62.0,240.0
21.1851,90.0,238.0
21.1891,385.0,240.0
21.1951,-165.0,240.0
21.1997,-621.0,242.0
21.2045,160.0,244.0
21.2092,642.0,248.0
21.2143,-233.0,250.0
21.2198,-602.0,258.0
21.2241,317.0,262.0
21.2295,599.0,272.0
21.2343,-281.0,276.0
21.2391,-515.0,282.0
21.2443,188.0,284.0
21.2498,295.0,288.0
21.2546,-116.0,286.0
21.2594,-51.0,286.0
21.2643,4.0,284.0
21.2694,-149.0,284.0
21.275,176.0,286.0
21.2791,330.0,290.0
21.2841,-299.0,294.0
21.2891,-473.0,300.0
21.2941,222.0,302.0
21.2991,476.0,308.0
21.3042,28.0,308.0
21.3092,-268.0,308.0
21.3142,-250.0,312.0
21.3203,-27.0,308.0
21.3253,266.0,312.0
21.3296,160.0,308.0
21.3344,-133.0,310.0
21.3392,-33.0,306.0
21.3442,43.0,304.0
21.3498,-185.0,304.0
21.3541,-77.0,304.0
21.3593,279.0,306.0
21.3643,142.0,308.0
21.3692,-240.0,310.0
21.3741,-128.0,312.0
21.3792,220.0,314.0
21.3841,94.0,314.0
21.3892,-254.0,316.0
21.3941,-158.0,314.0
21.3991,202.0,316.0
21.4041,216.0,314.0
21.4092,-23.0,312.0
21.4143,-61.0,308.0
21.4196,-114.0,308.0
21.4244,-219.0,308.0
21.4291,87.0,308.0
21.4341,317.0,308.0
21.439,0.0,308.0
21.4441,-172.0,304.0
21.4495,-15.0,304.0
21.4542,-8.0,298.0
21.4591,-31.0,298.0
21.4641,114.0,296.0
21.4691,98.0,296.0
21.4741,-181.0,298.0
21.4793,-167.0,300.0
21.4844,210.0,302.0
21.4891,181.0,302.0
21.4941,-187.0,304.0
21.4992,-113.0,302.0
21.5045,110.0,304.0
21.5093,49.0,302.0
21.5142,46.0,302.0
21.5192,-56.0,302.0
21.5242,-253.0,304.0
21.5299,112.0,306.0
21.5345,412.0,310.0
21.5392,-175.0,312.0
21.5444,-460.0,318.0
21.5493,189.0,320.0
21.5541,379.0,324.0
21.5592,-117.0,324.0
21.5644,-212.0,326.0
21.5691,8.0,326.0
21.5741,108.0,324.0
21.5791,69.0,326.0
21.5841,-171.0,326.0
21.5894,-121.0,328.0
21.5943,294.0,332.0
21.5993,150.0,332.0
21.6041,-315.0,334.0
21.6093,-102.0,336.0
21.6142,257.0,338.0
21.6193,-9.0,338.0
21.6242,-215.0,340.0
21.6291,80.0,340.0
21.6341,168.0,342.0
21.6391,-59.0,344.0
21.6443,-48.0,344.0
21.6492,0.0,344.0
21.6542,-99.0,344.0
21.6591,41.0,344.0
21.6641,164.0,346.0
21.6691,-50.0,344.0
21.6742,-129.0,346.0
21.6791,1.0,342.0
21.6841,51.0,342.0
21.6891,100.0,342.0
21.6941,19.0,340.0
21.6991,-190.0,342.0
21.7041,-46.0,342.0
21.7092,192.0,344.0
21.7143,26.0,344.0
21.7191,-92.0,344.0
21.7241,15.0,342.0
21.7297,-65.0,340.0
21.7346,-71.0,336.0
21.7391,217.0,338.0
21.7441,155.0,334.0
21.7492,-266.0,336.0
21.7541,-228.0,334.0
21.7591,123.0,336.0
21.7641,192.0,336.0
21.7692,117.0,338.0
21.7741,-36.0,338.0
21.7791,-236.0,340.0
21.7842,-85.0,340.0
21.7891,177.0,342.0
21.7941,28.0,338.0
21.7993,-103.0,338.0
21.8041,144.0,336.0
21.8092,103.0,336.0
21.8146,-274.0,338.0
21.8195,-70.0,338.0
21.8241,332.0,342.0
21.8291,-50.0,338.0
21.8348,-362.0,340.0
21.8391,173.0,334.0
21.8441,362.0,336.0
21.8491,-248.0,330.0
21.8541,-348.0,332.0
21.8592,248.0,326.0
21.8641,295.0,326.0
21.8691,-133.0,318.0
21.8745,-126.0,316.0
21.8794,-21.0,308.0
21.8843,-109.0,308.0
21.8891,51.0,304.0
21.8941,235.0,306.0
21.8991,86.0,306.0
21.9046,-168.0,308.0
21.9092,-283.0,310.0
21.9143,-14.0,308.0
21.9192,365.0,308.0
21.9242,158.0,306.0
21.9292,-242.0,304.0
21.9348,-126.0,302.0
21.9391,37.0,294.0
21.9441,-58.0,296.0
21.9491,71.0,292.0
21.9542,226.0,292.0
21.9593,-90.0,292.0
21.9644,-293.0,294.0
21.9691,126.0,292.0
21.9741,347.0,296.0
21.9791,-156.0,298.0
21.9841,-460.0,304.0
21.9892,97.0,302.0
21.9942,545.0,310.0
21.9992,11.0,306.0
22.0041,-463.0,312.0
22.0092,-33.0,308.0
22.0141,229.0,310.0
22.0192,-56.0,306.0
22.0243,-10.0,306.0
22.0293,118.0,304.0
22.0342,-89.0,302.0
22.0392,-60.0,300.0
22.0443,110.0,298.0
22.0495,-29.0,298.0
22.0543,-104.0,300.0
22.0591,27.0,298.0
22.064,83.0,296.0
22.0691,90.0,296.0
22.0743,-65.0,292.0
22.0795,-218.0,296.0
22.0843,81.0,294.0
22.0891,243.0,298.0
22.0941,-142.0,300.0
22.0992,-177.0,302.0
22.1043,194.0,304.0
22.1093,103.0,304.0
22.1143,-171.0,302.0
22.1192,-78.0,302.0
22.1242,69.0,300.0
22.1292,83.0,298.0
22.1343,48.0,296.0
22.1416,-54.0,294.0
22.1441,-100.0,294.0
22.1492,-16.0,294.0
22.1541,77.0,294.0
22.1592,54.0,294.0
22.1641,-80.0,292.0
22.1692,-45.0,290.0
22.1741,215.0,288.0
22.1791,81.0,286.0
22.1844,-422.0,286.0
22.1893,-194.0,286.0
22.1943,519.0,288.0
22.1993,263.0,290.0
22.2041,-447.0,294.0
22.2091,-177.0,296.0
22.2142,328.0,300.0
22.2195,-13.0,300.0
22.2243,-285.0,300.0
22.2292,174.0,302.0
22.2341,304.0,302.0
22.2392,-224.0,302.0
22.2446,-289.0,302.0
22.2493,188.0,304.0
22.2543,174.0,302.0
22.2592,-169.0,306.0
22.2641,25.0,302.0
22.2693,249.0,304.0
22.2743,-221.0,306.0
22.2792,-403.0,312.0
22.2843,305.0,316.0
22.2891,505.0,322.0
22.2941,-269.0,326.0
22.2993,-445.0,332.0
22.3043,212.0,332.0
22.3091,252.0,336.0
22.3141,-195.0,336.0
22.3191,-54.0,338.0
22.3241,174.0,340.0
22.3291,-59.0,338.0
22.3345,-104.0,340.0
22.3392,78.0,338.0
22.3444,48.0,338.0
22.3493,-37.0,336.0
22.3541,-101.0,338.0
22.3594,-15.0,336.0
22.3642,235.0,340.0
22.3691,42.0,340.0
22.3741,-299.0,342.0
22.3791,-32.0,340.0
22.3841,205.0,340.0
22.3891,-8.0,336.0
22.3942,-30.0,334.0
22.3991,53.0,332.0
22.4041,-113.0,332.0
22.4092,-66.0,330.0
22.4141,170.0,332.0
22.4192,23.0,330.0
22.4241,-130.0,330.0
22.4291,71.0,328.0
22.4341,36.0,328.0
22.4392,-137.0,328.0
22.4441,47.0,328.0
22.4491,78.0,326.0
22.4554,-118.0,324.0
22.4591,28.0,324.0
22.464,179.0,322.0
22.4691,-25.0,322.0
22.4741,-142.0,318.0
22.4791,-73.0,316.0
22.4843,-61.0,312.0
22.4891,111.0,310.0
22.4941,318.0,308.0
22.4992,-35.0,306.0
22.5046,-422.0,308.0
22.5093,-43.0,306.0
22.5143,300.0,308.0
22.5192,8.0,308.0
22.524,-63.0,308.0
22.5295,128.0,308.0
22.5345,-147.0,308.0
22.5391,-263.0,310.0
22.5442,258.0,312.0
22.5493,304.0,312.0
22.5541,-276.0,316.0
22.5593,-241.0,314.0
22.5644,227.0,316.0
22.5691,128.0,314.0
22.5741,-132.0,314.0
22.5791,4.0,314.0
22.584,42.0,312.0
22.5894,-128.0,314.0
22.5943,-22.0,310.0
22.5993,172.0,312.0
22.6041,48.0,308.0
22.6093,-91.0,308.0
22.6141,-27.0,302.0
22.6192,-59.0,300.0
22.6242,-101.0,296.0
22.6291,128.0,296.0
22.6342,297.0,292.0
22.6391,11.0,292.0
22.6442,-416.0,292.0
22.6491,-275.0,296.0
22.6541,358.0,298.0
22.6591,416.0,302.0
22.6641,-217.0,306.0
22.6692,-322.0,310.0
22.6742,175.0,310.0
22.6793,132.0,312.0
22.6844,-248.0,314.0
22.6891,-23.0,314.0
22.6941,257.0,316.0
22.6992,-8.0,316.0
22.7043,-95.0,316.0
22.7092,85.0,316.0
22.7141,-101.0,316.0
22.7191,-217.0,316.0
22.7241,115.0,316.0
22.7292,252.0,318.0
22.7341,68.0,316.0
22.7391,-84.0,314.0
22.7443,-223.0,314.0
22.7491,-156.0,316.0
22.7541,143.0,316.0
22.7591,204.0,318.0
22.7654,112.0,318.0
22.7691,67.0,318.0
22.7742,-267.0,322.0
22.7791,-455.0,328.0
22.7842,139.0,328.0
22.7893,577.0,336.0
22.7942,104.0,338.0
22.7991,-324.0,342.0
22.8042,-132.0,342.0
22.8092,17.0,342.0
22.8143,-98.0,340.0
22.8192,32.0,340.0
22.8243,279.0,336.0
22.8291,101.0,336.0
22.8343,-187.0,330.0
22.8391,-131.0,328.0
22.8443,-25.0,322.0
22.8496,-40.0,320.0
22.8543,79.0,316.0
22.8591,224.0,318.0
22.865,37.0,316.0
22.8691,-228.0,316.0
22.8744,-129.0,314.0
22.8792,89.0,312.0
22.8841,101.0,308.0
22.8891,40.0,306.0
22.8941,-10.0,304.0
22.8993,-84.0,302.0
22.9043,-70.0,302.0
22.9091,34.0,300.0
22.9141,102.0,298.0
22.9191,103.0,292.0
22.9241,-71.0,290.0
22.9293,-275.0,286.0
22.9341,-7.0,282.0
22.9391,378.0,280.0
22.9441,81.0,278.0
22.9491,-345.0,280.0
22.9541,-93.0,278.0
22.9592,217.0,280.0
22.9641,35.0,278.0
22.9691,-106.0,280.0
22.9741,13.0,278.0
22.9791,47.0,278.0
22.9841,18.0,276.0
22.9893,50.0,278.0
22.9941,-56.0,276.0
22.9993,-224.0,280.0
23.0041,-46.0,276.0
23.0092,341.0,282.0
23.0144,268.0,280.0
23.0193,-285.0,284.0
23.0243,-401.0,288.0
23.0291,127.0,290.0
23.0342,344.0,294.0
23.039,-3.0,294.0
23.0444,-189.0,296.0
23.0492,-52.0,294.0
23.0542,50.0,292.0
23.0591,84.0,294.0
23.0641,15.0,292.0
23.0691,-88.0,292.0
23.0741,14.0,292.0
23.0793,59.0,290.0
23.0842,-103.0,292.0
23.0891,-54.0,292.0
23.0941,152.0,292.0
23.099,93.0,292.0
23.1042,-80.0,292.0
23.1091,-93.0,292.0
23.1143,-67.0,292.0
23.1191,-22.0,290.0
23.1241,110.0,292.0
23.1291,187.0,292.0
23.1342,60.0,288.0
23.1393,-217.0,292.0
23.1443,-301.0,290.0
23.149,49.0,290.0
23.1541,361.0,290.0
23.159,145.0,292.0
23.1641,-204.0,294.0
23.1692,-179.0,296.0
23.1741,16.0,294.0
23.1791,62.0,290.0
23.1841,66.0,288.0
23.1891,46.0,284.0
23.1943,-97.0,280.0
23.1994,-47.0,278.0
23.2041,212.0,278.0
23.2091,51.0,276.0
23.2141,-373.0,280.0
23.2192,-199.0,282.0
23.2242,367.0,288.0
23.2292,345.0,292.0
23.2341,-172.0,294.0
23.2391,-221.0,294.0
23.244,97.0,296.0
23.2493,-65.0,294.0
23.2543,-294.0,298.0
23.2591,160.0,300.0
23.2641,478.0,306.0
23.2691,-34.0,304.0
23.2741,-371.0,306.0
23.2793,-23.0,306.0
23.2842,82.0,302.0
23.2891,-117.0,298.0
23.2941,105.0,294.0
23.2991,295.0,292.0
23.3044,-64.0,290.0
23.3092,-322.0,290.0
23.3143,-108.0,290.0
23.3193,205.0,290.0
23.3241,220.0,290.0
23.3292,-115.0,292.0
23.3344,-202.0,290.0
23.3393,128.0,292.0
23.3443,150.0,294.0
23.3491,-136.0,294.0
23.3541,-130.0,294.0
23.3592,78.0,292.0
23.3643,99.0,292.0
23.3691,-51.0,288.0
23.3741,-23.0,288.0
23.3791,146.0,290.0
23.3841,-37.0,286.0
23.3892,-287.0,288.0
23.3942,22.0,286.0
23.3992,319.0,288.0
23.4041,-5.0,286.0
23.4091,-222.0,290.0
23.4143,102.0,286.0
23.4196,131.0,282.0
23.4243,-247.0,284.0
23.4292,-113.0,276.0
23.4341,267.0,278.0
23.4391,85.0,274.0
23.4443,-154.0,274.0
23.4492,8.0,274.0
23.4541,57.0,274.0
23.4591,-75.0,274.0
23.4641,-41.0,272.0
23.4707,13.0,270.0
23.4744,13.0,268.0
23.4792,95.0,266.0
23.4841,114.0,268.0
23.4891,-83.0,268.0
23.4941,-289.0,272.0
23.4992,-96.0,270.0
23.5042,359.0,274.0
23.5092,310.0,276.0
23.5142,-231.0,278.0
23.5191,-359.0,282.0
23.5241,-6.0,280.0
23.5291,201.0,282.0
23.5343,159.0,286.0
23.539,-23.0,284.0
23.5442,-149.0,286.0
23.5491,41.0,286.0
23.5541,99.0,286.0
23.5593,-263.0,288.0
23.5644,-178.0,290.0
23.5691,490.0,294.0
23.575,355.0,298.0
23.5791,-534.0,302.0
23.5842,-432.0,306.0
23.5892,405.0,308.0
23.5942,316.0,310.0
23.5993,-270.0,312.0
23.6041,-105.0,312.0
23.6092,244.0,316.0
23.6143,-54.0,316.0
23.6192,-262.0,320.0
23.6242,113.0,320.0
23.6291,169.0,322.0
23.6341,-141.0,324.0
23.639,57.0,322.0
23.6442,231.0,324.0
23.6493,-258.0,322.0
23.6541,-372.0,324.0
23.6591,279.0,324.0
23.6641,418.0,324.0
23.6692,-151.0,324.0
23.6741,-216.0,322.0
23.6794,59.0,324.0
23.6845,-194.0,324.0
23.6892,-149.0,326.0
23.6941,497.0,332.0
23.6992,391.0,338.0
23.7042,-338.0,342.0
23.7092,-560.0,350.0
23.7141,-228.0,352.0
23.7191,380.0,358.0
23.7244,685.0,368.0
23.7291,87.0,368.0
23.7341,-605.0,374.0
23.7391,-403.0,380.0
23.7441,146.0,380.0
23.749,288.0,384.0
23.7541,182.0,386.0
23.759,55.0,386.0
23.7641,-112.0,386.0
23.7691,-256.0,386.0
23.7741,-188.0,388.0
23.7793,229.0,390.0
23.7841,415.0,390.0
23.7904,-147.0,392.0
23.7944,-451.0,394.0
23.8004,82.0,392.0
23.8042,362.0,396.0
23.8093,45.0,394.0
23.8143,-173.0,396.0
23.8194,-202.0,398.0
23.8242,-110.0,398.0
23.8292,230.0,402.0
23.8342,365.0,406.0
23.8392,-99.0,406.0
23.8444,-432.0,410.0
23.8495,-54.0,410.0
23.8543,314.0,410.0
23.8592,91.0,408.0
23.8642,-177.0,404.0
23.8692,-24.0,400.0
23.8743,165.0,400.0
23.8808,1.0,396.0
23.8843,-250.0,398.0
23.8894,-108.0,398.0
23.896,258.0,398.0
23.9005,217.0,400.0
23.9042,-74.0,392.0
23.9093,-122.0,394.0
23.9142,-160.0,390.0
23.9192,-172.0,394.0
23.9241,194.0,396.0
23.9293,375.0,400.0
23.9342,-51.0,398.0
23.9392,-282.0,398.0
23.9442,22.0,398.0
23.9493,79.0,394.0
23.9543,-196.0,394.0
23.9592,-66.0,392.0
23.9642,325.0,394.0
23.9692,248.0,396.0
23.9741,-212.0,396.0
23.9791,-364.0,400.0
23.9842,-15.0,398.0
23.9893,251.0,400.0
23.9943,103.0,400.0
23.9992,-24.0,398.0
24.0041,13.0,398.0
24.0093,-95.0,398.0
24.0143,-136.0,400.0
24.0193,95.0,400.0
24.0243,100.0,400.0
24.0293,-146.0,398.0
24.0343,-35.0,398.0
24.0391,315.0,398.0
24.0442,150.0,400.0
24.0494,-433.0,404.0
24.0543,-366.0,408.0
24.0591,334.0,410.0
24.0642,384.0,412.0
24.0691,-122.0,414.0
24.0743,-138.0,412.0
24.0793,11.0,410.0
24.085,-95.0,410.0
24.0891,-16.0,410.0
24.0943,119.0,410.0
24.0992,23.0,410.0
24.1043,-27.0,410.0
24.1091,-42.0,410.0
24.1142,-22.0,410.0
24.1192,122.0,410.0
24.124,-7.0,408.0
24.1293,-192.0,410.0
24.1342,115.0,408.0
24.1421,167.0,408.0
24.1442,-231.0,406.0
24.1491,-73.0,402.0
24.1541,187.0,402.0
24.1593,-56.0,398.0
24.1644,43.0,398.0
24.1691,234.0,398.0
24.1742,-261.0,400.0
24.1792,-381.0,406.0
24.1841,321.0,408.0
24.1895,352.0,414.0
24.1943,-284.0,416.0
24.1991,-155.0,414.0
24.2041,238.0,416.0
24.2091,-44.0,408.0
24.2143,-133.0,404.0
24.2196,142.0,398.0
24.2241,-98.0,394.0
24.2291,-175.0,390.0
24.2342,402.0,392.0
24.2391,223.0,390.0
24.2444,-613.0,398.0
24.2493,-300.0,400.0
24.2542,582.0,408.0
24.2591,298.0,408.0
24.2642,-348.0,412.0
24.2691,-138.0,412.0
24.2742,116.0,412.0
24.2792,-41.0,410.0
24.2841,2.0,408.0
24.2894,38.0,404.0
24.2942,-97.0,400.0
24.2991,101.0,396.0
24.3045,231.0,394.0
24.3092,-141.0,394.0
24.3144,-271.0,394.0
24.319,5.0,394.0
24.324,63.0,392.0
24.3292,81.0,390.0
24.3344,266.0,386.0
24.3392,90.0,382.0
24.3442,-410.0,384.0
24.3491,-420.0,382.0
24.3544,276.0,382.0
24.3592,664.0,386.0
24.3644,-46.0,376.0
24.3692,-707.0,386.0
24.375,-122.0,378.0
24.3792,558.0,380.0
24.3841,200.0,382.0
24.3893,-310.0,382.0
24.3941,-215.0,382.0
24.3991,101.0,384.0
24.4041,216.0,384.0
24.4094,-5.0,382.0
24.4142,-222.0,382.0
24.4194,1.0,378.0
24.4243,183.0,374.0
24.4291,-33.0,372.0
24.4341,-70.0,366.0
24.4391,57.0,366.0
24.4443,-62.0,362.0
24.4492,-65.0,362.0
24.4542,148.0,362.0
24.4591,75.0,360.0
24.464,-146.0,360.0
24.4692,-76.0,358.0
24.4743,64.0,352.0
24.4792,11.0,352.0
24.4841,24.0,346.0
24.4891,130.0,346.0
24.4943,-35.0,342.0
24.4991,-259.0,344.0
24.5041,0.0,342.0
24.5091,307.0,346.0
24.5141,-9.0,344.0
24.5192,-289.0,348.0
24.5241,74.0,346.0
24.5292,238.0,348.0
24.5345,-121.0,346.0
24.5391,-166.0,344.0
24.5442,71.0,344.0
24.5491,64.0,344.0
24.5542,98.0,342.0
24.5591,76.0,342.0
24.5644,-305.0,344.0
24.5693,-238.0,340.0
24.5741,418.0,346.0
24.5791,371.0,348.0
24.5844,-399.0,354.0
24.5895,-440.0,360.0
24.5943,315.0,362.0
24.5991,454.0,368.0
24.6041,-225.0,366.0
24.6092,-449.0,370.0
24.6143,124.0,368.0
24.6194,436.0,368.0
24.6241,3.0,368.0
24.6292,-407.0,372.0
24.6344,-103.0,372.0
24.6391,401.0,376.0
24.6442,110.0,378.0
24.6493,-439.0,384.0
24.6543,-54.0,382.0
24.6591,468.0,388.0
24.6642,-3.0,386.0
24.6691,-433.0,392.0
24.6741,53.0,392.0
24.6792,357.0,392.0
24.6841,-100.0,392.0
24.6891,-295.0,390.0
24.694,140.0,386.0
24.6993,268.0,384.0
24.7041,-170.0,382.0
24.7091,-260.0,384.0
24.7142,157.0,384.0
24.7191,253.0,388.0
24.7241,-38.0,386.0
24.7292,-188.0,390.0
24.7344,-133.0,390.0
24.7392,15.0,390.0
24.7442,180.0,392.0
24.7491,136.0,394.0
24.7542,-41.0,394.0
24.7591,-102.0,394.0
24.7641,-154.0,396.0
24.7691,-48.0,394.0
24.774,314.0,396.0
24.7791,137.0,396.0
24.784,-445.0,400.0
24.7892,-131.0,400.0
24.7941,522.0,406.0
24.799,83.0,406.0
24.8043,-474.0,412.0
24.81,19.0,410.0
24.8142,292.0,410.0
24.8192,-179.0,406.0
24.8244,-56.0,402.0
24.8291,327.0,402.0
24.8342,-145.0,400.0
24.8391,-436.0,404.0
24.8444,256.0,404.0
24.8496,521.0,412.0
24.8543,-250.0,414.0
24.8591,-517.0,420.0
24.8642,162.0,420.0
24.869,350.0,424.0
24.8741,-101.0,418.0
24.8792,-57.0,416.0
24.8843,156.0,410.0
24.8891,-214.0,408.0
24.8942,-322.0,404.0
24.8991,302.0,404.0
24.9042,488.0,406.0
24.9091,-154.0,406.0
24.9143,-494.0,412.0
24.9191,-107.0,414.0
24.9243,285.0,418.0
24.9291,279.0,422.0
24.9343,-2.0,420.0
24.9394,-260.0,422.0
24.9441,-135.0,420.0
24.9492,160.0,422.0
24.9541,82.0,418.0
24.9592,-130.0,420.0
24.9648,13.0,420.0
24.969,144.0,420.0
24.9745,-62.0,418.0
24.9793,-124.0,418.0
24.9843,100.0,412.0
24.9896,117.0,408.0
24.9944,-131.0,406.0
24.9998,-164.0,398.0
25.0044,97.0,398.0
25.0093,170.0,390.0
25.0144,-12.0,388.0
25.0198,-51.0,380.0
25.0246,-2.0,378.0
25.0291,-115.0,374.0
25.0341,-74.0,372.0
25.0393,184.0,374.0
25.0443,61.0,372.0
25.0498,-207.0,374.0
25.0546,142.0,374.0
25.0595,396.0,380.0
25.0646,-324.0,382.0
25.0692,-698.0,392.0
25.0744,265.0,396.0
25.0796,774.0,406.0
25.085,-64.0,406.0
25.0893,-499.0,414.0
25.0944,-52.0,412.0
25.0993,100.0,412.0
25.1047,6.0,410.0
25.1093,190.0,412.0
25.1145,107.0,412.0
25.1196,-344.0,418.0
25.1244,-144.0,420.0
25.1295,426.0,424.0
25.1341,64.0,424.0
25.1392,-408.0,426.0
25.1442,50.0,428.0
25.149,246.0,426.0
25.1544,-136.0,428.0
25.1595,-45.0,424.0
25.165,162.0,426.0
25.169,-66.0,424.0
25.1741,-87.0,422.0
25.1797,103.0,422.0
25.1844,-84.0,422.0
25.1895,-158.0,424.0
25.1948,226.0,426.0
25.1993,270.0,428.0
25.2044,-190.0,426.0
25.2093,-343.0,428.0
25.2143,20.0,422.0
25.22,257.0,420.0
25.224,95.0,416.0
25.2292,-82.0,410.0
25.2348,-99.0,406.0
25.2392,-42.0,400.0
25.244,94.0,398.0
25.249,111.0,392.0
25.2546,-141.0,394.0
25.2595,-205.0,390.0
25.2643,200.0,392.0
25.2694,353.0,392.0
25.2745,-184.0,394.0
25.2802,-462.0,394.0
25.2846,66.0,394.0
25.2893,384.0,392.0
25.2943,32.0,392.0
25.2994,-165.0,388.0
25.3045,18.0,388.0
25.3091,23.0,382.0
25.315,-137.0,382.0
25.3195,-20.0,378.0
25.3242,165.0,378.0
25.3293,10.0,374.0
25.3346,-107.0,374.0
25.34,102.0,370.0
25.3441,79.0,370.0
25.3491,-239.0,368.0
25.3549,-141.0,368.0
25.3595,238.0,368.0
25.3648,229.0,372.0
25.3691,-56.0,370.0
25.3742,-290.0,372.0
25.3792,-162.0,374.0
25.3841,400.0,378.0
25.3893,325.0,380.0
25.3946,-554.0,388.0
25.3999,-442.0,394.0
25.4045,549.0,400.0
25.4092,424.0,406.0
25.4144,-331.0,406.0
25.42,-206.0,408.0
25.4246,155.0,402.0
25.4291,-19.0,400.0
25.4353,-194.0,396.0
25.4393,26.0,394.0
25.4447,324.0,392.0
25.4491,119.0,394.0
25.4541,-356.0,396.0
25.459,-157.0,394.0
25.4641,274.0,398.0
25.4693,-27.0,394.0
25.4744,-225.0,394.0
25.4797,261.0,392.0
25.4849,325.0,394.0
25.4891,-286.0,390.0
25.4943,-477.0,394.0
25.4994,112.0,386.0
25.5046,474.0,392.0
25.5096,-37.0,386.0
25.5148,-289.0,390.0
25.5206,240.0,392.0
25.524,135.0,392.0
25.5293,-522.0,396.0
25.5347,-164.0,394.0
25.5396,508.0,398.0
25.5449,220.0,394.0
25.5493,-80.0,392.0
25.5541,-49.0,386.0
25.5604,-470.0,392.0
25.5644,-319.0,392.0
25.5698,719.0,398.0
25.5745,555.0,408.0
25.579,-540.0,412.0
25.5843,-379.0,416.0
25.5895,225.0,416.0
25.5949,-128.0,418.0
25.5999,-134.0,418.0
25.6043,567.0,426.0
25.6094,281.0,428.0
25.6141,-622.0,436.0
25.6198,-380.0,440.0
25.6245,375.0,444.0
25.6297,232.0,446.0
25.6343,-121.0,446.0
25.6404,75.0,446.0
25.6444,12.0,444.0
25.6496,-315.0,446.0
25.6542,7.0,446.0
25.6591,361.0,450.0
25.6642,-6.0,450.0
25.6691,-267.0,454.0
25.6744,-18.0,452.0
25.6797,165.0,452.0
25.6848,83.0,452.0
25.6895,-117.0,452.0
25.6943,-178.0,452.0
25.6994,84.0,446.0
25.7043,234.0,446.0
25.7091,-35.0,436.0
25.7146,-183.0,434.0
25.7197,-10.0,422.0
25.7243,41.0,422.0
25.7293,33.0,414.0
25.7346,141.0,416.0
25.7403,12.0,414.0
25.7446,-301.0,418.0
25.7493,-172.0,418.0
25.7543,302.0,422.0
25.7594,318.0,422.0
25.7648,-85.0,420.0
25.7693,-223.0,418.0
25.7742,-158.0,418.0
25.7793,-78.0,414.0
25.7845,188.0,416.0
25.7896,276.0,416.0
25.7948,-35.0,414.0
25.7993,-177.0,416.0
25.8043,-80.0,416.0
25.8094,-105.0,416.0
25.8145,63.0,416.0
25.82,352.0,420.0
25.8241,-2.0,418.0
25.829,-437.0,422.0
25.8344,-7.0,420.0
25.8392,356.0,420.0
25.8443,-50.0,418.0
25.8498,-189.0,416.0
25.8545,134.0,418.0
25.8594,42.0,414.0
25.8644,-191.0,416.0
25.8692,16.0,414.0
25.8742,182.0,416.0
25.879,-4.0,416.0
25.8847,-114.0,416.0
25.8895,-28.0,414.0
25.8944,37.0,412.0
25.8994,38.0,410.0
25.9046,23.0,408.0
25.9091,33.0,402.0
25.9146,-66.0,400.0
25.92,-189.0,396.0
25.9243,58.0,396.0
25.9297,307.0,394.0
25.9344,6.0,394.0
25.9397,-263.0,396.0
25.9445,-38.0,396.0
25.9493,69.0,398.0
25.9543,-52.0,396.0
25.9593,121.0,398.0
25.965,198.0,398.0
25.9691,-173.0,400.0
25.9741,-192.0,402.0
25.9791,108.0,402.0
25.9841,-58.0,402.0
25.9896,-20.0,398.0
25.9942,387.0,402.0
25.9991,-71.0,400.0
26.0041,-551.0,404.0
26.0091,171.0,406.0
26.014,478.0,410.0
26.0192,-224.0,410.0
26.0241,-269.0,408.0
26.0302,152.0,406.0
26.0341,57.0,398.0
26.039,67.0,392.0
26.0444,118.0,384.0
26.0494,-332.0,384.0
26.0543,-268.0,382.0
26.0591,440.0,386.0
26.0641,350.0,390.0
26.0691,-284.0,394.0
26.0743,-308.0,396.0
26.0792,21.0,396.0
26.0841,185.0,392.0
26.0891,104.0,392.0
26.094,-125.0,390.0
26.099,-83.0,388.0
26.1041,164.0,386.0
26.109,87.0,388.0
26.1143,-166.0,386.0
26.1191,-138.0,384.0
26.1241,69.0,380.0
26.129,109.0,378.0
26.1348,9.0,370.0
26.139,-4.0,368.0
26.1441,18.0,362.0
26.149,-10.0,360.0
26.1542,-86.0,358.0
26.1593,-135.0,356.0
26.1642,99.0,356.0
26.1692,333.0,352.0
26.1742,-71.0,352.0
26.1791,-459.0,350.0
26.1841,41.0,348.0
26.1893,436.0,354.0
26.194,0.0,352.0
26.1991,-232.0,348.0
26.204,-8.0,344.0
26.2091,-35.0,334.0
26.214,-63.0,326.0
26.2196,172.0,320.0
26.2243,110.0,316.0
26.2291,-130.0,314.0
26.2347,28.0,312.0
26.239,47.0,312.0
26.2442,-324.0,308.0
26.2498,-57.0,304.0
26.2543,515.0,302.0
26.2591,102.0,298.0
26.2641,-404.0,298.0
26.2691,-38.0,296.0
26.2741,122.0,296.0
26.2792,-106.0,296.0
26.2841,47.0,296.0
26.2891,144.0,294.0
26.2941,-31.0,294.0
26.2992,11.0,288.0
26.3043,-7.0,288.0
26.3093,-232.0,288.0
26.3143,-58.0,288.0
26.3191,358.0,292.0
26.3241,154.0,292.0
26.3295,-377.0,296.0
26.3345,-135.0,296.0
26.3392,387.0,300.0
26.344,-4.0,298.0
26.349,-437.0,304.0
26.3541,133.0,302.0
26.3591,489.0,310.0
26.364,-165.0,312.0
26.3693,-488.0,320.0
26.3741,143.0,320.0
26.379,440.0,326.0
26.3841,-149.0,324.0
26.3891,-412.0,328.0
26.3942,182.0,326.0
26.3991,426.0,328.0
26.4041,-157.0,328.0
26.4091,-404.0,332.0
26.414,60.0,330.0
26.4192,298.0,334.0
26.4241,21.0,330.0
26.4291,-160.0,328.0
26.4341,-21.0,328.0
26.4395,80.0,326.0
26.4453,-46.0,326.0
26.4491,-97.0,326.0
26.4543,119.0,328.0
26.4591,142.0,324.0
26.464,-167.0,326.0
26.469,-82.0,320.0
26.4743,238.0,324.0
26.4793,-99.0,320.0
26.4842,-343.0,326.0
26.4891,286.0,326.0
26.4941,397.0,330.0
26.4991,-383.0,336.0
26.5041,-367.0,338.0
26.5091,397.0,344.0
26.5142,341.0,348.0
26.5193,-335.0,352.0
26.5241,-365.0,356.0
26.5294,186.0,358.0
26.5343,363.0,364.0
26.5392,-33.0,364.0
26.5442,-274.0,368.0
26.549,4.0,368.0
26.5541,146.0,368.0
26.5591,-100.0,368.0
26.5645,-61.0,368.0
26.5691,212.0,366.0
26.5741,80.0,366.0
26.5792,-273.0,366.0
26.5844,-223.0,370.0
26.589,277.0,374.0
26.5943,427.0,378.0
26.5991,-201.0,380.0
26.6041,-535.0,386.0
26.6091,33.0,384.0
26.6142,435.0,388.0
26.6192,127.0,388.0
26.6241,-211.0,390.0
26.6291,-187.0,392.0
26.634,54.0,388.0
26.6391,220.0,390.0
26.6441,-47.0,382.0
26.6495,-326.0,384.0
26.6542,167.0,380.0
26.659,466.0,382.0
26.6641,-345.0,384.0
26.669,-529.0,390.0
26.6741,422.0,396.0
26.6792,398.0,400.0
26.6841,-281.0,404.0
26.6891,-16.0,398.0
26.6941,57.0,396.0
26.6991,-464.0,396.0
26.7043,2.0,390.0
26.7091,714.0,396.0
26.7142,95.0,394.0
26.7192,-576.0,402.0
26.724,-78.0,400.0
26.7291,280.0,404.0
26.7342,-159.0,404.0
26.7391,-151.0,404.0
26.7442,406.0,408.0
26.7496,223.0,410.0
26.7541,-467.0,416.0
26.759,-298.0,418.0
26.7653,373.0,422.0
26.7691,260.0,426.0
26.7741,-221.0,428.0
26.7791,-151.0,430.0
26.7841,60.0,432.0
26.7893,57.0,432.0
26.7942,59.0,432.0
26.7993,-35.0,430.0
26.8042,-90.0,430.0
26.8091,111.0,426.0
26.8142,60.0,426.0
26.8192,-264.0,424.0
26.8242,-45.0,424.0
26.8291,445.0,424.0
26.834,79.0,424.0
26.8391,-595.0,430.0
26.8443,-155.0,432.0
26.8493,638.0,442.0
26.8543,208.0,444.0
26.8591,-530.0,450.0
26.8641,-130.0,450.0
26.869,326.0,454.0
26.8742,-95.0,454.0
26.8791,-150.0,456.0
26.8842,314.0,456.0
26.8891,40.0,456.0
26.894,-374.0,454.0
26.899,90.0,454.0
26.9042,303.0,452.0
26.9091,-255.0,456.0
26.9141,-212.0,456.0
26.919,362.0,460.0
26.9241,128.0,462.0
26.9294,-391.0,466.0
26.9346,-30.0,466.0
26.9393,368.0,472.0
26.9443,-73.0,472.0
26.949,-308.0,474.0
26.9542,148.0,474.0
26.9591,238.0,472.0
26.9642,-166.0,474.0
26.9691,-164.0,470.0
26.9741,148.0,470.0
26.979,112.0,466.0
26.9843,-145.0,468.0
26.9894,-169.0,464.0
26.9941,112.0,464.0
26.9992,302.0,460.0
27.0041,7.0,458.0
27.0091,-343.0,456.0
27.0142,-132.0,456.0
27.0196,210.0,452.0
27.0243,110.0,452.0
27.0291,17.0,446.0
27.0341,88.0,444.0
27.0391,-182.0,440.0
27.0442,-298.0,442.0
27.0492,172.0,438.0
27.0541,288.0,442.0
27.0593,-50.0,438.0
27.0641,-12.0,438.0
27.069,-54.0,436.0
27.0743,-403.0,442.0
27.0792,71.0,442.0
27.0843,805.0,454.0
27.089,83.0,454.0
27.0941,-928.0,466.0
27.0993,-327.0,470.0
27.1044,609.0,476.0
27.109,348.0,480.0
27.1142,-135.0,478.0
27.1193,-81.0,478.0
27.1242,-90.0,474.0
27.1293,-177.0,472.0
27.1343,39.0,468.0
27.1391,201.0,464.0
27.1442,49.0,460.0
27.1491,-64.0,454.0
27.1541,-32.0,450.0
27.159,-40.0,444.0
27.1642,-38.0,440.0
27.1691,41.0,438.0
27.174,61.0,432.0
27.179,0.0,432.0
27.184,-25.0,428.0
27.1891,-13.0,428.0
27.194,-14.0,426.0
27.199,-2.0,424.0
27.204,21.0,424.0
27.2093,36.0,422.0
27.2141,49.0,420.0
27.2193,-37.0,418.0
27.2241,-211.0,418.0
27.2291,-106.0,414.0
27.234,276.0,412.0
27.2391,306.0,414.0
27.2444,-106.0,406.0
27.2494,-297.0,412.0
27.2542,-93.0,406.0
27.259,82.0,406.0
27.2645,97.0,404.0
27.269,87.0,402.0
27.2741,24.0,402.0
27.2793,-82.0,400.0
27.2842,-91.0,400.0
27.289,-3.0,394.0
27.294,53.0,392.0
27.299,42.0,386.0
27.3043,8.0,382.0
27.3092,-18.0,374.0
27.3143,-25.0,366.0
27.3191,-11.0,360.0
27.3241,4.0,356.0
27.3292,15.0,356.0
27.3341,13.0,356.0
27.339,-6.0,348.0
27.3441,-14.0,348.0
27.3492,2.0,338.0
27.354,10.0,336.0
27.359,-3.0,328.0
27.364,-9.0,326.0
27.3691,1.0,322.0
27.374,7.0,320.0
27.3794,3.0,318.0
27.384,-2.0,310.0
27.389,-4.0,308.0
27.394,-3.0,300.0
27.3992,-1.0,296.0
27.404,4.0,290.0
27.4092,6.0,286.0
27.414,-1.0,282.0
27.4192,-6.0,280.0
27.4241,-2.0,280.0
27.4291,2.0,278.0
27.434,4.0,278.0
27.439,2.0,278.0
27.444,-4.0,276.0
27.4492,-3.0,274.0
27.454,4.0,274.0
27.459,0.0,270.0
27.4641,-4.0,268.0
27.4692,3.0,262.0
27.4741,7.0,260.0
27.4792,-5.0,252.0
27.4844,-12.0,248.0
27.489,1.0,238.0
27.494,13.0,236.0
27.4992,4.0,228.0
27.5044,-10.0,226.0
27.5093,-6.0,220.0
27.5142,5.0,220.0
27.519,3.0,218.0
27.524,-1.0,212.0
27.5291,0.0,212.0
27.5343,-1.0,206.0
27.5392,1.0,204.0
27.5443,5.0,200.0
27.549,-3.0,196.0
27.5541,-9.0,192.0
27.559,4.0,188.0
27.5641,11.0,186.0
27.5691,-3.0,180.0
27.574,-10.0,178.0
27.579,2.0,174.0
27.584,7.0,172.0
27.589,-2.0,168.0
27.5941,-3.0,166.0
27.599,3.0,162.0
27.604,0.0,158.0
27.6091,-7.0,156.0
27.614,1.0,154.0
27.6193,11.0,152.0
27.624,0.0,150.0
27.6292,-10.0,148.0
27.6344,-3.0,146.0
27.639,3.0,142.0
27.6441,4.0,142.0
27.6492,4.0,136.0
27.6542,-1.0,134.0
27.659,-7.0,130.0
27.6641,-2.0,130.0
27.6707,4.0,128.0
27.6741,5.0,128.0
27.6792,0.0,124.0
27.6841,-3.0,120.0
27.689,0.0,118.0
27.694,1.0,112.0
27.6992,-1.0,112.0
27.7041,14.0,112.0
27.7091,31.0,112.0
27.7143,-41.0,106.0
27.7193,-121.0,106.0
27.7241,17.0,94.0
27.7293,201.0,96.0
27.7344,69.0,84.0
27.7391,-162.0,80.0
27.7443,-115.0,72.0
27.749,42.0,68.0
27.754,57.0,66.0
27.7591,29.0,66.0
27.7643,29.0,66.0
27.7691,-17.0,62.0
27.7745,-56.0,62.0
27.7793,-16.0,60.0
27.784,25.0,60.0
27.7901,18.0,58.0
27.794,7.0,58.0
27.7992,5.0,58.0
27.804,-10.0,58.0
27.809,-19.0,58.0
27.8142,-2.0,56.0
27.8192,10.0,56.0
27.8241,9.0,56.0
27.829,5.0,56.0
27.8341,-2.0,56.0
27.8392,-10.0,56.0
27.8443,-4.0,56.0
27.8492,5.0,56.0
27.854,5.0,54.0
27.859,0.0,54.0
27.864,-2.0,50.0
27.869,-2.0,48.0
27.874,-1.0,44.0
27.879,0.0,40.0
27.884,3.0,38.0
27.889,1.0,34.0
27.894,-3.0,32.0
27.899,-2.0,32.0
27.9041,4.0,30.0
27.9091,1.0,28.0
27.9141,-5.0,28.0
27.9191,-1.0,26.0
27.924,5.0,26.0
27.9291,1.0,26.0
27.9343,-3.0,24.0
27.9391,0.0,24.0
27.944,1.0,24.0
27.949,0.0,24.0
27.9541,0.0,24.0
27.9592,1.0,22.0
27.9641,0.0,22.0
27.9691,-1.0,22.0
27.974,0.0,22.0
27.979,2.0,22.0
27.9841,-1.0,22.0
27.9892,-3.0,22.0
27.9942,1.0,22.0
27.999,4.0,22.0
28.004,-1.0,22.0
28.0092,-4.0,22.0
28.014,1.0,22.0
28.0192,2.0,22.0
28.0241,0.0,22.0
28.029,0.0,22.0
28.034,0.0,22.0
28.039,-3.0,22.0
28.0441,-1.0,22.0
28.0491,3.0,22.0
28.0542,1.0,22.0
28.059,-1.0,22.0
28.064,-3.0,22.0
28.069,-3.0,22.0
28.0743,-22.0,22.0
28.0791,-35.0,22.0
28.0842,142.0,24.0
28.0891,229.0,28.0
28.094,-279.0,32.0
28.0992,-523.0,40.0
28.1041,218.0,44.0
28.1092,605.0,54.0
28.1143,41.0,54.0
28.1193,-322.0,58.0
28.1241,-253.0,62.0
28.1293,-84.0,64.0
28.1344,283.0,68.0
28.1391,317.0,72.0
28.1451,-222.0,76.0
28.1491,-327.0,82.0
28.154,144.0,84.0
28.1592,201.0,86.0
28.1644,-39.0,88.0
28.1691,-11.0,88.0
28.174,-46.0,88.0
28.179,-161.0,90.0
28.184,41.0,92.0
28.189,214.0,94.0
28.1942,22.0,94.0
28.199,-126.0,96.0
28.204,-57.0,98.0
28.2091,-48.0,98.0
28.2141,57.0,98.0
28.2192,268.0,102.0
28.2241,-29.0,104.0
28.2291,-462.0,110.0
28.2342,-77.0,112.0
28.239,489.0,120.0
28.2441,241.0,122.0
28.2492,-293.0,128.0
28.2542,-292.0,132.0
28.2591,33.0,132.0
28.264,136.0,134.0
28.2692,61.0,136.0
28.2742,65.0,136.0
28.2792,59.0,136.0
28.2847,-61.0,138.0
28.2891,-208.0,142.0
28.294,-170.0,144.0
28.2992,153.0,146.0
28.3043,369.0,152.0
28.3091,87.0,154.0
28.3143,-317.0,158.0
28.3193,-265.0,162.0
28.324,98.0,164.0
28.3292,236.0,168.0
28.3343,72.0,168.0
28.3392,-117.0,170.0
28.3441,-127.0,172.0
28.349,61.0,172.0
28.3541,128.0,174.0
28.3592,-22.0,172.0
28.3641,-88.0,174.0
28.3691,-84.0,172.0
28.3741,-68.0,172.0
28.3806,159.0,172.0
28.3856,331.0,174.0
28.39,-56.0,174.0
28.3942,-516.0,182.0
28.3992,-125.0,184.0
28.4041,484.0,190.0
28.4091,122.0,192.0
28.4142,-315.0,196.0
28.4195,147.0,198.0
28.4243,179.0,200.0
28.4291,-497.0,208.0
28.434,-136.0,210.0
28.4391,721.0,222.0
28.4444,141.0,224.0
28.4493,-746.0,234.0
28.4541,-120.0,236.0
28.4591,597.0,246.0
28.4641,10.0,246.0
28.469,-375.0,252.0
28.474,159.0,254.0
28.4792,217.0,258.0
28.484,-276.0,262.0
28.4897,-171.0,264.0
28.4941,268.0,268.0
28.499,145.0,270.0
28.5041,-196.0,274.0
28.509,-20.0,274.0
28.514,194.0,278.0
28.5193,-187.0,280.0
28.5241,-304.0,284.0
28.5291,321.0,290.0
28.5346,421.0,296.0
28.5393,-278.0,300.0
28.5443,-406.0,306.0
28.549,138.0,308.0
28.5543,265.0,312.0
28.5591,-41.0,314.0
28.5642,-149.0,316.0
28.5691,23.0,316.0
28.574,169.0,318.0
28.579,-29.0,320.0
28.5841,-248.0,324.0
28.589,35.0,324.0
28.5952,242.0,328.0
28.5991,-84.0,328.0
28.604,-129.0,330.0
28.609,196.0,334.0
28.614,-26.0,334.0
28.6193,-298.0,338.0
28.6241,169.0,342.0
28.6291,315.0,346.0
28.6341,-243.0,350.0
28.6391,-247.0,354.0
28.6441,206.0,358.0
28.6494,111.0,358.0
28.6541,-128.0,360.0
28.659,55.0,362.0
28.664,148.0,364.0
28.6691,-130.0,366.0
28.6742,-239.0,370.0
28.6791,23.0,370.0
28.6842,228.0,374.0
28.689,166.0,376.0
28.694,-78.0,378.0
28.699,-268.0,382.0
28.7041,-88.0,382.0
28.7093,227.0,386.0
28.7142,156.0,388.0
28.7193,-142.0,390.0
28.7242,-122.0,390.0
28.7291,104.0,388.0
28.7342,74.0,384.0
28.739,-71.0,378.0
28.7442,-37.0,374.0
28.749,2.0,366.0
28.754,-30.0,366.0
28.759,31.0,360.0
28.7641,101.0,358.0
28.7691,-2.0,356.0
28.7741,-101.0,354.0
28.779,2.0,350.0
28.784,19.0,346.0
28.7892,-96.0,342.0
28.7941,91.0,342.0
28.7992,250.0,342.0
28.8041,-158.0,344.0
28.81,-386.0,350.0
28.8142,142.0,352.0
28.8205,427.0,356.0
28.824,-63.0,356.0
28.8291,-332.0,358.0
28.834,-16.0,358.0
28.839,154.0,358.0
28.844,42.0,358.0
28.8492,-16.0,358.0
28.8541,-26.0,356.0
28.8592,-12.0,352.0
28.864,32.0,354.0
28.869,-13.0,346.0
28.874,-61.0,346.0
28.8792,-4.0,338.0
28.8841,47.0,336.0
28.889,73.0,332.0
28.894,-9.0,328.0
28.8992,-106.0,328.0
28.904,66.0,328.0
28.9091,90.0,328.0
28.9142,-213.0,330.0
28.9192,-75.0,330.0
28.924,304.0,334.0
28.9292,63.0,332.0
28.9344,-254.0,334.0
28.9392,-23.0,332.0
28.9441,116.0,328.0
28.949,-94.0,328.0
28.954,-40.0,322.0
28.9591,265.0,322.0
28.964,145.0,324.0
28.9691,-322.0,326.0
28.9741,-329.0,330.0
28.9791,157.0,330.0
28.984,361.0,334.0
28.9891,86.0,334.0
28.9941,-174.0,334.0
28.9994,-210.0,338.0
29.0042,-84.0,338.0
29.0092,213.0,340.0
29.014,270.0,342.0
29.0195,-197.0,344.0
29.0241,-372.0,344.0
29.0291,140.0,346.0
29.0341,353.0,342.0
29.039,31.0,342.0
29.0442,-87.0,334.0
29.0491,-171.0,336.0
29.0542,-339.0,336.0
29.059,34.0,334.0
29.064,516.0,340.0
29.0691,280.0,336.0
29.0743,-221.0,338.0
29.0791,-380.0,332.0
29.0841,-233.0,334.0
29.0891,142.0,324.0
29.0941,394.0,328.0
29.099,135.0,322.0
29.1044,-184.0,324.0
29.1092,-163.0,320.0
29.1141,-117.0,320.0
29.119,-5.0,316.0
29.124,289.0,316.0
29.1291,163.0,316.0
29.1343,-346.0,318.0
29.1393,-230.0,320.0
29.1442,389.0,322.0
29.149,231.0,326.0
29.1542,-422.0,330.0
29.159,-166.0,328.0
29.164,387.0,330.0
29.1691,35.0,326.0
29.1741,-270.0,324.0
29.1791,85.0,320.0
29.1841,96.0,316.0
29.1896,-103.0,314.0
29.1941,114.0,312.0
29.199,19.0,312.0
29.204,-292.0,314.0
29.2097,87.0,316.0
29.214,334.0,318.0
29.2191,-106.0,320.0
29.2243,-208.0,318.0
29.2291,-16.0,318.0
29.234,-37.0,316.0
29.239,180.0,316.0
29.2441,296.0,320.0
29.249,-247.0,320.0
29.254,-433.0,326.0
29.259,210.0,324.0
29.264,383.0,328.0
29.2691,-171.0,326.0
29.2742,-211.0,326.0
29.2792,209.0,324.0
29.2841,37.0,322.0
29.2894,-289.0,326.0
29.294,115.0,324.0
29.299,331.0,330.0
29.3041,-291.0,332.0
29.3091,-345.0,334.0
29.3142,414.0,338.0
29.319,347.0,342.0
29.324,-360.0,344.0
29.3292,-260.0,346.0
29.3342,199.0,348.0
29.3392,70.0,344.0
29.3443,-100.0,346.0
29.349,73.0,342.0
29.3541,63.0,342.0
29.3592,-35.0,340.0
29.3641,30.0,338.0
29.3691,-139.0,338.0
29.3741,-193.0,340.0
29.379,276.0,344.0
29.3841,315.0,348.0
29.3892,-256.0,352.0
29.3942,-300.0,356.0
29.3992,127.0,358.0
29.4041,146.0,358.0
29.409,-46.0,360.0
29.4141,19.0,358.0
29.4191,111.0,360.0
29.4241,-47.0,360.0
29.4291,-263.0,362.0
29.4342,-47.0,362.0
29.439,356.0,364.0
29.4441,109.0,362.0
29.4495,-323.0,362.0
29.4542,-62.0,360.0
29.4591,199.0,358.0
29.4642,-14.0,356.0
29.4691,-30.0,352.0
29.4742,32.0,352.0
29.4792,-137.0,352.0
29.4841,-24.0,352.0
29.4891,233.0,354.0
29.494,67.0,356.0
29.4991,-186.0,358.0
29.5042,-136.0,360.0
29.5091,38.0,360.0
29.5142,106.0,360.0
29.5192,43.0,362.0
29.524,74.0,362.0
29.5292,40.0,362.0
29.5343,-290.0,366.0
29.5392,-207.0,368.0
29.5442,391.0,372.0
29.549,302.0,376.0
29.554,-364.0,378.0
29.5591,-270.0,380.0
29.5643,306.0,382.0
29.569,194.0,384.0
29.574,-285.0,384.0
29.5792,-157.0,386.0
29.5841,319.0,388.0
29.5892,180.0,390.0
29.5943,-373.0,396.0
29.5991,-269.0,396.0
29.604,320.0,398.0
29.609,340.0,398.0
29.6141,-107.0,394.0
29.6191,-233.0,396.0
29.624,-83.0,392.0
29.6291,-45.0,392.0
29.634,54.0,390.0
29.639,278.0,390.0
29.6442,115.0,390.0
29.6495,-330.0,392.0
29.6543,-211.0,392.0
29.659,258.0,392.0
29.6641,194.0,390.0
29.6692,-119.0,390.0
29.6743,-155.0,386.0
29.6793,-60.0,386.0
29.6848,144.0,388.0
29.6893,172.0,388.0
29.6941,-179.0,386.0
29.6992,-159.0,388.0
29.7041,241.0,384.0
29.7095,81.0,380.0
29.7149,-260.0,380.0
29.719,17.0,374.0
29.724,194.0,374.0
29.7294,-174.0,374.0
29.7347,-93.0,370.0
29.7395,390.0,374.0
29.7447,68.0,372.0
29.7492,-541.0,378.0
29.7542,-98.0,378.0
29.7593,517.0,386.0
29.765,20.0,382.0
29.7694,-376.0,384.0
29.7742,175.0,382.0
29.7795,218.0,382.0
29.7845,-321.0,382.0
29.7895,-60.0,378.0
29.7942,340.0,378.0
29.7991,-113.0,376.0
29.8042,-285.0,374.0
29.8092,276.0,378.0
29.8142,197.0,378.0
29.8202,-346.0,382.0
29.8249,-43.0,380.0
29.8293,298.0,384.0
29.8345,-182.0,384.0
29.8393,-232.0,388.0
29.8442,364.0,390.0
29.8496,217.0,392.0
29.8546,-379.0,392.0
29.8593,-172.0,392.0
29.8642,261.0,394.0
29.8692,-6.0,394.0
29.8745,-155.0,396.0
29.8795,296.0,398.0
29.8849,153.0,394.0
29.8892,-524.0,400.0
29.8944,-198.0,396.0
29.8992,523.0,400.0
29.904,163.0,398.0
29.9095,-344.0,400.0
29.9145,-47.0,398.0
29.9192,145.0,396.0
29.9242,-34.0,396.0
29.9291,-1.0,392.0
29.9349,64.0,390.0
29.9395,-55.0,386.0
29.9447,-101.0,384.0
29.9492,15.0,378.0
29.9542,121.0,374.0
29.9593,39.0,370.0
29.9647,-62.0,364.0
29.969,-29.0,360.0
29.9741,-62.0,358.0
29.9797,-15.0,358.0
29.9845,190.0,360.0
29.9893,15.0,358.0
29.9951,-265.0,362.0
30.0001,37.0,362.0
30.0042,274.0,366.0
30.0092,-74.0,364.0
30.0143,-260.0,366.0
30.0191,40.0,362.0
30.0241,268.0,360.0
30.029,67.0,358.0
30.0348,-296.0,358.0
30.0393,-192.0,358.0
30.0445,292.0,362.0
30.0497,251.0,364.0
30.0546,-212.0,368.0
30.0593,-220.0,370.0
30.0647,93.0,370.0
30.0693,148.0,368.0
30.075,-46.0,368.0
30.0798,-89.0,364.0
30.0849,152.0,364.0
30.089,86.0,360.0
30.0942,-370.0,366.0
30.0992,-193.0,366.0
30.1048,507.0,374.0
30.1091,369.0,378.0
30.114,-353.0,384.0
30.1192,-399.0,388.0
30.1242,-13.0,388.0
30.129,150.0,386.0
30.1348,232.0,388.0
30.1395,134.0,388.0
30.1462,-127.0,388.0
30.149,-136.0,390.0
30.1542,-75.0,388.0
30.1593,-55.0,388.0
30.1648,164.0,390.0
30.1691,130.0,392.0
30.1743,-205.0,390.0
30.1795,-71.0,388.0
30.1842,238.0,386.0
30.1891,70.0,382.0
30.1948,-125.0,378.0
30.1998,-106.0,376.0
30.2043,-147.0,374.0
30.2092,9.0,370.0
30.2142,334.0,372.0
30.2192,173.0,372.0
30.224,-274.0,370.0
30.2303,-275.0,372.0
30.2344,119.0,368.0
30.2392,339.0,370.0
30.2443,-51.0,366.0
30.2491,-486.0,368.0
30.2545,57.0,366.0
30.2592,647.0,374.0
30.2646,-64.0,374.0
30.2692,-679.0,382.0
30.2743,65.0,384.0
30.2798,566.0,388.0
30.2845,-61.0,386.0
30.2892,-403.0,388.0
30.2941,56.0,386.0
30.2992,296.0,386.0
30.3044,-62.0,384.0
30.3091,-279.0,386.0
30.3142,35.0,384.0
30.3191,275.0,388.0
30.324,65.0,386.0
30.3292,-191.0,388.0
30.3353,-166.0,386.0
30.3396,71.0,386.0
30.3445,158.0,384.0
30.3493,-39.0,384.0
30.3543,-50.0,380.0
30.3594,124.0,382.0
30.3648,-43.0,380.0
30.369,-209.0,380.0
30.3745,60.0,380.0
30.3794,188.0,376.0
30.3843,-40.0,376.0
30.3894,-81.0,368.0
30.3942,26.0,368.0
30.3991,-41.0,360.0
30.4044,-13.0,360.0
30.4092,153.0,356.0
30.4142,13.0,354.0
30.4197,-253.0,354.0
30.4241,-71.0,350.0
30.429,291.0,354.0
30.4357,172.0,352.0
30.439,-201.0,354.0
30.4443,-213.0,352.0
30.4496,15.0,348.0
30.4545,120.0,346.0
30.4592,145.0,344.0
30.4645,38.0,344.0
30.4693,-211.0,342.0
30.4745,-121.0,342.0
30.4793,208.0,340.0
30.4845,75.0,336.0
30.4893,-185.0,336.0
30.4942,20.0,330.0
30.4992,147.0,330.0
30.5046,-94.0,328.0
30.509,-65.0,328.0
30.5145,134.0,328.0
30.5194,-71.0,324.0
30.5243,-130.0,324.0
30.5291,249.0,320.0
30.5356,70.0,318.0
30.5392,-416.0,316.0
30.5447,-22.0,314.0
30.5492,437.0,316.0
30.5542,51.0,316.0
30.5593,-205.0,316.0
30.5647,-74.0,316.0
30.569,-143.0,320.0
30.5742,-26.0,318.0
30.5794,323.0,322.0
30.5843,168.0,324.0
30.5895,-250.0,328.0
30.5948,-185.0,328.0
30.5999,93.0,330.0
30.6043,69.0,330.0
30.6091,1.0,328.0
30.6144,73.0,330.0
30.6198,-10.0,328.0
30.624,-165.0,328.0
30.6292,-70.0,330.0
30.634,179.0,328.0
30.6393,217.0,330.0
30.6447,-111.0,328.0
30.6498,-305.0,332.0
30.6546,-1.0,328.0
30.6592,226.0,330.0
30.6641,62.0,328.0
30.6692,-59.0,328.0
30.6743,4.0,322.0
30.6791,-2.0,320.0
30.6841,-158.0,318.0
30.6891,-102.0,316.0
30.6941,269.0,316.0
30.699,255.0,316.0
30.7043,-246.0,320.0
30.7091,-293.0,322.0
30.714,130.0,322.0
30.719,150.0,324.0
30.724,-56.0,322.0
30.729,95.0,322.0
30.7341,88.0,318.0
30.7391,-282.0,320.0
30.7441,-167.0,314.0
30.7497,263.0,312.0
30.754,175.0,310.0
30.7593,-23.0,304.0
30.764,1.0,304.0
30.7691,-212.0,304.0
30.7741,-301.0,306.0
30.7791,179.0,306.0
30.784,457.0,312.0
30.789,71.0,310.0
30.7941,-315.0,314.0
30.7991,-252.0,318.0
30.8041,36.0,316.0
30.809,220.0,316.0
30.814,134.0,316.0
30.8193,-75.0,316.0
30.8241,-126.0,314.0
30.8291,-28.0,314.0
30.834,14.0,312.0
30.8391,46.0,310.0
30.8441,112.0,310.0
30.8491,-42.0,310.0
30.8542,-206.0,308.0
30.859,87.0,308.0
30.8641,251.0,306.0
30.8691,-174.0,306.0
30.8742,-222.0,306.0
30.8792,258.0,306.0
30.8842,114.0,306.0
30.8891,-308.0,304.0
30.894,12.0,304.0
30.8992,305.0,298.0
30.9044,-70.0,298.0
30.9091,-236.0,292.0
30.9142,53.0,290.0
30.9193,120.0,284.0
30.924,-36.0,284.0
30.9291,-36.0,278.0
30.9344,57.0,278.0
30.939,63.0,274.0
30.9453,-54.0,274.0
30.9491,-141.0,272.0
30.954,-6.0,272.0
30.9592,141.0,270.0
30.9644,63.0,270.0
30.9691,-60.0,268.0
30.974,-65.0,266.0
30.979,5.0,264.0
30.9841,80.0,264.0
30.989,-2.0,262.0
30.9943,-194.0,266.0
30.9992,-29.0,264.0
31.004,344.0,268.0
31.0092,131.0,268.0
31.014,-351.0,272.0
31.0195,-219.0,272.0
31.0241,145.0,274.0
31.0291,181.0,276.0
31.0341,115.0,276.0
31.0391,-58.0,276.0
31.0441,-253.0,280.0
31.0505,31.0,278.0
31.054,299.0,284.0
31.0593,-139.0,282.0
31.0641,-356.0,286.0
31.069,224.0,284.0
31.0741,388.0,288.0
31.0793,-186.0,288.0
31.0841,-302.0,290.0
31.089,76.0,290.0
31.094,100.0,290.0
31.0992,11.0,288.0
31.1042,147.0,290.0
31.1091,-4.0,286.0
31.1143,-340.0,290.0
31.1193,-103.0,288.0
31.1241,347.0,292.0
31.1291,206.0,292.0
31.1345,-115.0,294.0
31.1393,-151.0,294.0
31.1443,-178.0,296.0
31.149,-61.0,296.0
31.1541,270.0,298.0
31.1591,231.0,300.0
31.1642,-118.0,300.0
31.1691,-183.0,300.0
31.174,-68.0,298.0
31.179,-1.0,292.0
31.184,127.0,294.0
31.1891,90.0,288.0
31.1943,-140.0,290.0
31.1991,7.0,288.0
31.2041,245.0,290.0
31.2091,-171.0,290.0
31.2142,-382.0,296.0
31.2192,285.0,296.0
31.224,381.0,298.0
31.2291,-361.0,300.0
31.2341,-263.0,302.0
31.239,411.0,306.0
31.2443,217.0,308.0
31.2491,-346.0,314.0
31.2548,-272.0,318.0
31.2591,142.0,320.0
31.2644,264.0,320.0
31.2692,51.0,320.0
31.2743,-145.0,320.0
31.2795,-94.0,318.0
31.2842,66.0,318.0
31.289,13.0,312.0
31.294,-87.0,314.0
31.299,75.0,312.0
31.3043,75.0,312.0
31.309,-112.0,312.0
31.3141,61.0,314.0
31.3192,119.0,316.0
31.324,-208.0,316.0
31.3292,-130.0,316.0
31.3344,230.0,316.0
31.3392,110.0,314.0
31.3442,-162.0,312.0
31.349,-43.0,308.0
31.354,115.0,308.0
31.3601,7.0,306.0
31.3646,-107.0,306.0
31.3691,-33.0,306.0
31.3741,106.0,306.0
31.379,50.0,302.0
31.384,-83.0,302.0
31.389,-3.0,298.0
31.394,40.0,296.0
31.3992,-66.0,296.0
31.404,-33.0,296.0
31.4091,65.0,294.0
31.414,48.0,290.0
31.4193,27.0,288.0
31.4241,17.0,280.0
31.429,-95.0,282.0
31.434,-134.0,278.0
31.439,35.0,274.0
31.4442,112.0,276.0
31.4495,88.0,274.0
31.4541,97.0,274.0
31.4593,-149.0,274.0
31.464,-292.0,278.0
31.4691,107.0,278.0
31.4741,290.0,282.0
31.4792,-35.0,282.0
31.4841,-137.0,284.0
31.489,18.0,282.0
31.494,-8.0,280.0
31.499,-65.0,280.0
31.504,91.0,276.0
31.5092,143.0,276.0
31.5142,-121.0,274.0
31.5191,-210.0,274.0
31.5243,78.0,274.0
31.5291,207.0,272.0
31.5342,-3.0,272.0
31.5391,-143.0,270.0
31.5441,-18.0,268.0
31.549,119.0,266.0
31.5544,4.0,266.0
31.559,-171.0,266.0
31.5653,-21.0,266.0
31.569,218.0,270.0
31.574,67.0,270.0
31.5791,-215.0,272.0
31.5842,-103.0,272.0
31.589,195.0,274.0
31.5941,105.0,274.0
31.5992,-185.0,276.0
31.604,-71.0,276.0
31.609,166.0,278.0
31.6141,8.0,276.0
31.6191,-96.0,278.0
31.6242,79.0,278.0
31.629,-31.0,278.0
31.6341,-183.0,278.0
31.639,168.0,280.0
31.644,283.0,280.0
31.649,-249.0,282.0
31.654,-374.0,282.0
31.659,246.0,282.0
31.6642,461.0,286.0
31.6691,-180.0,286.0
31.6742,-534.0,294.0
31.679,96.0,294.0
31.6841,556.0,298.0
31.6891,-56.0,300.0
31.694,-483.0,302.0
31.699,85.0,302.0
31.704,318.0,300.0
31.7092,-134.0,300.0
31.7142,-102.0,294.0
31.7192,125.0,294.0
31.724,-141.0,292.0
31.7292,-31.0,290.0
31.7344,382.0,294.0
31.7392,-73.0,296.0
31.7441,-529.0,302.0
31.7491,67.0,302.0
31.754,441.0,304.0
31.759,42.0,304.0
31.7646,-131.0,300.0
31.7691,-106.0,298.0
31.774,-124.0,298.0
31.779,71.0,298.0
31.7847,93.0,296.0
31.7901,-60.0,296.0
31.7942,97.0,294.0
31.7992,106.0,292.0
31.804,-183.0,292.0
31.809,-52.0,290.0
31.8142,155.0,292.0
31.8191,-161.0,294.0
31.8241,-187.0,296.0
31.8291,334.0,298.0
31.8341,286.0,302.0
31.839,-302.0,306.0
31.8443,-277.0,306.0
31.8495,162.0,306.0
31.854,85.0,302.0
31.859,-109.0,298.0
31.8641,173.0,296.0
31.8694,213.0,294.0
31.8741,-298.0,294.0
31.8793,-380.0,294.0
31.884,174.0,292.0
31.889,420.0,294.0
31.894,64.0,290.0
31.8992,-266.0,292.0
31.9042,-160.0,290.0
31.9092,102.0,292.0
31.914,59.0,290.0
31.9191,-127.0,290.0
31.924,-3.0,290.0
31.9292,246.0,294.0
31.9344,214.0,296.0
31.9392,-192.0,298.0
31.9442,-582.0,306.0
31.949,-65.0,304.0
31.954,777.0,316.0
31.9591,243.0,318.0
31.964,-648.0,324.0
31.9691,-128.0,324.0
31.974,376.0,326.0
31.9792,-139.0,328.0
31.984,-191.0,328.0
31.9892,271.0,332.0
31.9943,105.0,332.0
31.9992,-170.0,334.0
32.004,12.0,332.0
32.009,-44.0,332.0
32.014,-240.0,334.0
32.0191,216.0,336.0
32.0242,520.0,344.0
32.0291,-214.0,348.0
32.0341,-642.0,356.0
32.0389,37.0,356.0
32.0442,425.0,362.0
32.0495,102.0,362.0
32.0542,-30.0,362.0
32.059,-40.0,362.0
32.064,-187.0,366.0
32.0691,-92.0,366.0
32.0743,125.0,366.0
32.079,76.0,366.0
32.0842,14.0,364.0
32.089,92.0,364.0
32.0941,-74.0,364.0
32.0991,-256.0,366.0
32.104,63.0,362.0
32.1092,303.0,366.0
32.114,-7.0,360.0
32.119,-206.0,364.0
32.124,-120.0,364.0
32.1291,-37.0,364.0
32.1344,271.0,368.0
32.1392,337.0,372.0
32.1465,-341.0,376.0
32.1491,-483.0,380.0
32.1542,359.0,384.0
32.1592,367.0,388.0
32.164,-402.0,392.0
32.1691,-119.0,390.0
32.174,427.0,398.0
32.179,-86.0,396.0
32.1841,-348.0,402.0
32.1892,190.0,402.0
32.1942,146.0,406.0
32.1991,-243.0,406.0
32.204,136.0,408.0
32.209,315.0,410.0
32.2142,-403.0,414.0
32.2194,-369.0,418.0
32.2242,556.0,424.0
32.229,299.0,426.0
32.2342,-558.0,432.0
32.239,-95.0,432.0
32.2442,450.0,438.0
32.2493,-128.0,436.0
32.2542,-293.0,442.0
32.259,253.0,444.0
32.264,93.0,444.0
32.269,-266.0,448.0
32.2741,145.0,448.0
32.2791,270.0,448.0
32.2842,-305.0,448.0
32.289,-317.0,450.0
32.294,272.0,448.0
32.2993,295.0,450.0
32.3041,-115.0,444.0
32.3091,-134.0,444.0
32.3141,5.0,434.0
32.3191,-43.0,434.0
32.324,1.0,426.0
32.3291,104.0,426.0
32.3344,4.0,418.0
32.3391,-58.0,418.0
32.3452,66.0,414.0
32.349,0.0,412.0
32.3541,-203.0,414.0
32.3589,7.0,412.0
32.3642,328.0,414.0
32.369,40.0,414.0
32.374,-368.0,414.0
32.3794,-89.0,414.0
32.3841,285.0,412.0
32.389,63.0,412.0
32.3942,-109.0,406.0
32.3991,33.0,406.0
32.404,-59.0,404.0
32.4091,-101.0,404.0
32.4144,169.0,406.0
32.4191,63.0,406.0
32.424,-280.0,408.0
32.4291,45.0,408.0
32.4341,434.0,414.0
32.439,-128.0,414.0
32.4444,-551.0,420.0
32.4492,106.0,420.0
32.4542,505.0,426.0
32.459,-3.0,424.0
32.4642,-252.0,424.0
32.469,-45.0,420.0
32.4741,-100.0,416.0
32.479,-49.0,412.0
32.4841,349.0,414.0
32.4895,235.0,414.0
32.4941,-361.0,420.0
32.499,-382.0,424.0
32.5042,155.0,424.0
32.5092,350.0,426.0
32.5141,116.0,422.0
32.519,-86.0,418.0
32.524,-239.0,418.0
32.5292,-243.0,416.0
32.5342,152.0,418.0
32.5391,373.0,420.0
32.5442,-54.0,418.0
32.549,-271.0,420.0
32.554,140.0,422.0
32.5592,196.0,422.0
32.5647,-283.0,426.0
32.569,-280.0,428.0
32.574,209.0,428.0
32.5791,300.0,430.0
32.584,60.0,420.0
32.5891,-70.0,422.0
32.5942,-232.0,412.0
32.5992,-231.0,412.0
32.604,165.0,404.0
32.609,333.0,408.0
32.614,9.0,402.0
32.6191,-185.0,402.0
32.624,-128.0,402.0
32.629,-78.0,398.0
32.634,119.0,400.0
32.639,257.0,400.0
32.6442,-21.0,400.0
32.6491,-229.0,404.0
32.6542,-43.0,400.0
32.6591,94.0,398.0
32.664,10.0,390.0
32.6691,-40.0,388.0
32.6742,56.0,378.0
32.6793,87.0,380.0
32.684,-91.0,374.0
32.689,-88.0,374.0
32.694,72.0,374.0
32.6991,-106.0,376.0
32.7041,-14.0,374.0
32.7091,517.0,380.0
32.714,11.0,378.0
32.719,-918.0,392.0
32.724,-98.0,392.0
32.7292,967.0,406.0
32.7342,94.0,406.0
32.739,-620.0,412.0
32.7442,136.0,414.0
32.749,207.0,412.0
32.7541,-432.0,418.0
32.7592,-52.0,416.0
32.7643,543.0,422.0
32.7691,175.0,424.0
32.774,-390.0,426.0
32.779,-341.0,426.0
32.7841,96.0,422.0
32.7893,318.0,420.0
32.7942,121.0,416.0
32.7992,-96.0,412.0
32.804,-137.0,408.0
32.8093,-130.0,408.0
32.814,-23.0,402.0
32.8191,172.0,404.0
32.824,238.0,402.0
32.8291,-22.0,398.0
32.8342,-360.0,402.0
32.839,-159.0,402.0
32.8442,318.0,404.0
32.849,200.0,402.0
32.854,-153.0,398.0
32.859,-52.0,394.0
32.864,-38.0,386.0
32.869,-154.0,382.0
32.874,218.0,378.0
32.879,256.0,380.0
32.8841,-390.0,380.0
32.889,-242.0,380.0
32.894,479.0,384.0
32.8992,172.0,382.0
32.9041,-397.0,388.0
32.9092,-57.0,384.0
32.9143,203.0,384.0
32.9191,-64.0,382.0
32.9241,-27.0,378.0
32.9292,108.0,374.0
32.9344,-116.0,372.0
32.9392,-75.0,368.0
32.9442,291.0,370.0
32.9491,87.0,370.0
32.9542,-423.0,376.0
32.9591,-191.0,380.0
32.964,333.0,384.0
32.9691,221.0,386.0
32.974,-38.0,386.0
32.9791,-14.0,386.0
32.984,-183.0,388.0
32.9891,-291.0,392.0
32.994,158.0,392.0
32.9992,386.0,398.0
33.004,-65.0,394.0
33.009,-210.0,396.0
33.014,152.0,392.0
33.019,42.0,392.0
33.024,-338.0,392.0
33.0291,-80.0,394.0
33.034,332.0,396.0
33.039,166.0,398.0
33.0443,-105.0,400.0
33.0494,-91.0,400.0
33.054,-58.0,398.0
33.059,-39.0,398.0
33.0641,-17.0,392.0
33.069,-4.0,392.0
33.0742,208.0,388.0
33.079,224.0,390.0
33.0841,-335.0,386.0
33.0891,-425.0,392.0
33.094,342.0,390.0
33.099,454.0,396.0
33.1041,-258.0,396.0
33.1092,-268.0,400.0
33.1141,166.0,402.0
33.1191,-34.0,400.0
33.124,-160.0,398.0
33.129,233.0,398.0
33.1343,194.0,396.0
33.1392,-199.0,392.0
33.1441,-112.0,392.0
33.149,51.0,386.0
33.154,-110.0,386.0
33.159,28.0,386.0
33.1641,291.0,386.0
33.169,-18.0,384.0
33.174,-291.0,386.0
33.179,0.0,380.0
33.184,177.0,382.0
33.189,32.0,378.0
33.194,-87.0,376.0
33.199,-182.0,376.0
33.204,21.0,372.0
33.209,416.0,374.0
33.214,106.0,374.0
33.2193,-518.0,376.0
33.2241,-274.0,380.0
33.229,356.0,384.0
33.234,342.0,386.0
33.239,-90.0,384.0
33.244,-249.0,386.0
33.2491,-10.0,380.0
33.254,93.0,382.0
33.259,-91.0,380.0
33.264,14.0,378.0
33.2691,195.0,380.0
33.2741,-112.0,380.0
33.2794,-179.0,378.0
33.2842,296.0,384.0
33.289,157.0,382.0
33.294,-490.0,388.0
33.2994,-224.0,390.0
33.304,505.0,398.0
33.3091,278.0,402.0
33.3142,-294.0,406.0
33.319,-181.0,408.0
33.3239,7.0,406.0
33.329,-50.0,406.0
33.3342,152.0,406.0
33.3391,269.0,410.0
33.3442,-87.0,410.0
33.349,-332.0,408.0
33.3542,-116.0,410.0
33.3592,213.0,398.0
33.3643,266.0,400.0
33.369,-13.0,386.0
33.374,-265.0,388.0
33.379,-133.0,382.0
33.3842,165.0,382.0
33.3893,147.0,380.0
33.3942,-54.0,374.0
33.3992,-57.0,374.0
33.404,-30.0,366.0
33.4091,-16.0,364.0
33.4141,78.0,360.0
33.419,-33.0,354.0
33.4242,-83.0,354.0
33.4291,214.0,352.0
33.4341,95.0,352.0
33.4391,-395.0,358.0
33.4442,-163.0,358.0
33.4492,429.0,362.0
33.4542,241.0,366.0
33.459,-292.0,368.0
33.464,-242.0,368.0
33.469,105.0,368.0
33.4741,145.0,366.0
33.4792,-13.0,364.0
33.4842,-41.0,358.0
33.489,60.0,356.0
33.494,36.0,354.0
33.4991,-148.0,356.0
33.504,-113.0,358.0
33.5098,146.0,358.0
33.5142,130.0,356.0
33.5192,-55.0,352.0
33.524,-7.0,346.0
33.529,0.0,344.0
33.5343,-143.0,338.0
33.5391,-30.0,336.0
33.544,176.0,332.0
33.549,54.0,332.0
33.5543,-141.0,332.0
33.559,-34.0,330.0
33.5642,179.0,334.0
33.5691,70.0,332.0
33.5741,-249.0,334.0
33.579,-203.0,336.0
33.584,163.0,334.0
33.5891,276.0,338.0
33.594,76.0,332.0
33.5991,-142.0,332.0
33.604,-244.0,330.0
33.609,-87.0,328.0
33.614,213.0,330.0
33.6194,191.0,334.0
33.624,-78.0,332.0
33.6291,-136.0,330.0
33.634,-48.0,328.0
33.639,59.0,322.0
33.6441,145.0,324.0
33.6493,-38.0,320.0
33.654,-194.0,322.0
33.659,55.0,322.0
33.664,167.0,320.0
33.6691,-80.0,320.0
33.674,-81.0,316.0
33.679,101.0,314.0
33.684,-10.0,312.0
33.689,-106.0,312.0
33.694,32.0,312.0
33.699,46.0,312.0
33.7044,45.0,314.0
33.7102,134.0,316.0
33.7141,-89.0,314.0
33.719,-346.0,316.0
33.724,-62.0,310.0
33.7291,379.0,310.0
33.7341,317.0,310.0
33.7391,-175.0,306.0
33.7441,-407.0,308.0
33.7491,-51.0,304.0
33.7541,276.0,306.0
33.759,98.0,308.0
33.7642,-107.0,306.0
33.769,-6.0,302.0
33.7739,5.0,300.0
33.7791,-143.0,298.0
33.784,60.0,298.0
33.789,367.0,304.0
33.7942,-68.0,302.0
33.7992,-577.0,310.0
33.804,-9.0,306.0
33.809,606.0,316.0
33.8151,95.0,312.0
33.8194,-446.0,320.0
33.824,-114.0,318.0
33.829,229.0,322.0
33.8339,86.0,322.0
33.839,-54.0,320.0
33.8439,-76.0,320.0
33.849,-74.0,316.0
33.8541,106.0,316.0
33.859,199.0,310.0
33.864,-118.0,308.0
33.8691,-306.0,308.0
33.874,45.0,302.0
33.879,341.0,306.0
33.884,87.0,304.0
33.889,-287.0,308.0
33.894,-192.0,310.0
33.899,169.0,310.0
33.904,197.0,314.0
33.909,-30.0,312.0
33.9152,-147.0,312.0
33.9193,-122.0,310.0
33.924,154.0,308.0
33.9291,328.0,312.0
33.9343,-201.0,306.0
33.939,-526.0,312.0
33.944,169.0,306.0
33.9491,545.0,310.0
33.9544,-67.0,306.0
33.959,-359.0,310.0
33.9643,21.0,310.0
33.969,154.0,312.0
33.9739,-53.0,310.0
33.979,-61.0,306.0
33.9841,116.0,308.0
33.9891,43.0,302.0
33.994,-205.0,304.0
33.9993,-45.0,302.0
34.004,286.0,302.0
34.0091,59.0,302.0
34.0142,-251.0,302.0
34.0203,-44.0,300.0
34.0241,81.0,300.0
34.0291,-37.0,298.0
34.0342,88.0,298.0
34.039,139.0,300.0
34.0442,-142.0,302.0
34.0493,-185.0,304.0
34.0542,103.0,304.0
34.059,155.0,306.0
34.064,-68.0,306.0
34.069,-105.0,304.0
34.0741,92.0,304.0
34.0791,105.0,300.0
34.0842,-161.0,300.0
34.089,-156.0,296.0
34.0941,273.0,296.0
34.099,234.0,296.0
34.1042,-425.0,298.0
34.1091,-362.0,302.0
34.1142,524.0,308.0
34.1191,512.0,316.0
34.124,-465.0,322.0
34.1292,-517.0,330.0
34.1342,333.0,334.0
34.1391,298.0,336.0
34.1473,-326.0,340.0
34.1489,-43.0,338.0
34.154,440.0,342.0
34.159,-49.0,342.0
34.164,-440.0,350.0
34.1691,45.0,350.0
34.1742,208.0,352.0
34.1791,-112.0,352.0
34.184,86.0,352.0
34.1893,263.0,354.0
34.1942,-222.0,356.0
34.1992,-354.0,360.0
34.204,178.0,360.0
34.209,282.0,364.0
34.2142,-107.0,362.0
34.2192,-127.0,360.0
34.2251,83.0,360.0
34.229,4.0,356.0
34.2341,-30.0,354.0
34.239,104.0,354.0
34.2443,-54.0,350.0
34.2492,-237.0,354.0
34.254,26.0,350.0
34.2591,255.0,352.0
34.264,113.0,352.0
34.2691,-44.0,350.0
34.2744,-151.0,352.0
34.2792,-194.0,354.0
34.2841,37.0,352.0
34.289,183.0,354.0
34.2941,29.0,352.0
34.2991,19.0,352.0
34.3042,42.0,350.0
34.3092,-163.0,350.0
34.3141,-116.0,352.0
34.3191,173.0,352.0
34.3239,70.0,354.0
34.3291,-138.0,354.0
34.3343,22.0,354.0
34.3391,108.0,354.0
34.3442,-17.0,354.0
34.349,-43.0,352.0
34.354,-70.0,352.0
34.359,-63.0,348.0
34.364,94.0,348.0
34.3692,128.0,344.0
34.374,-32.0,340.0
34.379,-113.0,340.0
34.3841,-7.0,334.0
34.3894,98.0,334.0
34.3946,-7.0,330.0
34.3995,-151.0,330.0
34.4043,21.0,330.0
34.4091,233.0,332.0
34.4142,-28.0,334.0
34.42,-269.0,336.0
34.4243,44.0,334.0
34.4291,189.0,332.0
34.4346,-77.0,332.0
34.4391,16.0,324.0
34.4454,156.0,326.0
34.4498,-242.0,320.0
34.4542,-279.0,322.0
34.459,334.0,322.0
34.464,347.0,324.0
34.4691,-262.0,326.0
34.474,-276.0,328.0
34.4796,116.0,330.0
34.4847,109.0,330.0
34.4893,22.0,328.0
34.4941,57.0,328.0
34.4993,-114.0,326.0
34.5045,-165.0,328.0
34.5099,107.0,324.0
34.5147,185.0,326.0
34.5192,1.0,322.0
34.5242,-101.0,322.0
34.5297,-111.0,318.0
34.5348,-33.0,316.0
34.5395,123.0,316.0
34.5446,134.0,314.0
34.5493,-39.0,314.0
34.5543,-171.0,316.0
34.5593,-69.0,314.0
34.5647,160.0,314.0
34.569,103.0,310.0
34.5742,-133.0,310.0
34.579,-32.0,302.0
34.5842,117.0,302.0
34.589,-66.0,294.0
34.5941,-112.0,294.0
34.5991,93.0,290.0
34.6039,112.0,292.0
34.6092,-6.0,290.0
34.6144,-90.0,290.0
34.6197,-161.0,292.0
34.624,-19.0,290.0
34.6294,280.0,294.0
34.6349,206.0,294.0
34.6393,-240.0,296.0
34.6442,-332.0,298.0
34.6497,140.0,298.0
34.6543,334.0,300.0
34.6593,-124.0,302.0
34.6647,-294.0,304.0
34.6692,135.0,306.0
34.6744,249.0,308.0
34.6791,-66.0,308.0
34.684,-136.0,308.0
34.6892,-59.0,306.0
34.6947,-85.0,306.0
34.6994,162.0,306.0
34.7043,383.0,310.0
34.709,-159.0,312.0
34.7145,-604.0,320.0
34.7192,23.0,318.0
34.7239,563.0,324.0
34.7294,107.0,324.0
34.7342,-288.0,324.0
34.739,-81.0,322.0
34.746,25.0,314.0
34.7499,-87.0,310.0
34.7539,44.0,304.0
34.7593,271.0,300.0
34.7648,61.0,294.0
34.7689,-343.0,290.0
34.774,-225.0,288.0
34.7794,278.0,288.0
34.784,320.0,288.0
34.7893,-195.0,290.0
34.795,-291.0,288.0
34.7995,229.0,292.0
34.8041,197.0,288.0
34.809,-358.0,292.0
34.8139,-113.0,290.0
34.8195,437.0,296.0
34.824,23.0,294.0
34.8295,-378.0,296.0
34.8342,123.0,296.0
34.8391,258.0,294.0
34.8443,-295.0,296.0
34.8491,-217.0,294.0
34.8539,374.0,298.0
34.86,267.0,300.0
34.8643,-282.0,304.0
34.8692,-293.0,308.0
34.8746,75.0,310.0
34.8798,217.0,310.0
34.884,103.0,312.0
34.889,-74.0,310.0
34.8951,-168.0,312.0
34.8993,-54.0,308.0
34.9043,139.0,308.0
34.9094,102.0,310.0
34.9145,-98.0,308.0
34.9202,-28.0,306.0
34.9242,114.0,308.0
34.9294,-129.0,306.0
34.9345,-160.0,308.0
34.9403,293.0,312.0
34.9442,140.0,314.0
34.9492,-435.0,318.0
34.9542,-61.0,318.0
34.9592,534.0,324.0
34.9648,9.0,322.0
34.9689,-509.0,328.0
34.9739,45.0,328.0
34.9792,342.0,332.0
34.9841,-206.0,336.0
34.989,-148.0,336.0
34.9953,440.0,342.0
34.9995,28.0,342.0
35.0043,-593.0,350.0
35.0092,27.0,348.0
35.0141,594.0,356.0
35.0194,-66.0,356.0
35.024,-501.0,364.0
35.0295,95.0,364.0
35.0345,388.0,370.0
35.0397,-94.0,368.0
35.0443,-311.0,374.0
35.0492,31.0,370.0
35.0544,270.0,374.0
35.0592,73.0,372.0
35.0641,-208.0,374.0
35.0692,-114.0,372.0
35.0744,141.0,374.0
35.0799,21.0,374.0
35.0848,-148.0,374.0
35.0893,111.0,372.0
35.0942,195.0,370.0
35.0993,-171.0,368.0
35.1043,-152.0,364.0
35.1094,193.0,364.0
35.1144,0.0,360.0
35.1196,-217.0,360.0
35.124,143.0,362.0
35.1291,166.0,364.0
35.1345,-198.0,366.0
35.1395,-16.0,364.0
35.1443,205.0,364.0
35.1503,-118.0,364.0
35.154,-192.0,364.0
35.1594,142.0,368.0
35.1648,128.0,368.0
35.169,-101.0,368.0
35.1741,-50.0,368.0
35.1794,96.0,368.0
35.1845,66.0,366.0
35.189,-134.0,368.0
35.194,-180.0,368.0
35.1995,148.0,370.0
35.2042,265.0,370.0
35.2092,-103.0,370.0
35.2141,-227.0,372.0
35.2198,29.0,372.0
35.2239,83.0,372.0
35.229,-13.0,370.0
35.2342,95.0,370.0
35.2395,137.0,372.0
35.2443,-186.0,372.0
35.2491,-317.0,378.0
35.2544,85.0,378.0
35.259,323.0,380.0
35.2647,109.0,382.0
35.2692,-94.0,378.0
35.2745,-174.0,378.0
35.2799,-147.0,376.0
35.2844,47.0,372.0
35.2891,159.0,372.0
35.2942,83.0,368.0
35.2991,0.0,366.0
35.3044,-25.0,362.0
35.3094,-23.0,360.0
35.3148,-161.0,358.0
35.3198,-214.0,362.0
35.3242,246.0,362.0
35.3292,453.0,370.0
35.3346,-171.0,370.0
35.3395,-424.0,374.0
35.3447,104.0,370.0
35.3493,175.0,370.0
35.3542,-172.0,364.0
35.3592,63.0,364.0
35.3646,296.0,360.0
35.3689,-149.0,360.0
35.374,-307.0,362.0
35.3797,121.0,362.0
35.3841,140.0,364.0
35.3894,-101.0,364.0
35.3941,108.0,364.0
35.399,137.0,362.0
35.4041,-273.0,366.0
35.409,-183.0,364.0
35.414,246.0,364.0
35.4191,161.0,362.0
35.4241,-99.0,358.0
35.4291,-39.0,356.0
35.434,18.0,352.0
35.439,-86.0,350.0
35.444,-28.0,346.0
35.4493,91.0,342.0
35.4541,-29.0,342.0
35.459,-22.0,334.0
35.464,179.0,338.0
35.4691,11.0,332.0
35.4743,-250.0,334.0
35.4793,-39.0,330.0
35.4842,171.0,328.0
35.4889,-7.0,324.0
35.494,-67.0,320.0
35.499,128.0,318.0
35.5041,19.0,314.0
35.5091,-195.0,312.0
35.5153,39.0,312.0
35.519,164.0,310.0
35.524,-187.0,312.0
35.5292,-137.0,314.0
35.5344,353.0,316.0
35.5392,212.0,318.0
35.5442,-372.0,322.0
35.549,-340.0,326.0
35.554,196.0,328.0
35.559,391.0,334.0
35.5642,4.0,332.0
35.5691,-309.0,334.0
35.574,-53.0,332.0
35.579,105.0,330.0
35.584,-53.0,328.0
35.5892,203.0,324.0
35.5942,227.0,328.0
35.5992,-493.0,326.0
35.6042,-328.0,332.0
35.609,560.0,332.0
35.6141,165.0,334.0
35.6193,-444.0,336.0
35.6241,229.0,336.0
35.6291,405.0,340.0
35.634,-504.0,342.0
35.639,-479.0,348.0
35.6442,412.0,346.0
35.6492,439.0,352.0
35.6542,-136.0,344.0
35.659,-219.0,348.0
35.664,-29.0,340.0
35.669,2.0,338.0
35.674,20.0,332.0
35.679,71.0,332.0
35.6842,132.0,330.0
35.6889,20.0,330.0
35.694,-382.0,332.0
35.6991,-260.0,334.0
35.7045,531.0,338.0
35.709,508.0,346.0
35.7141,-398.0,350.0
35.7191,-553.0,358.0
35.7241,100.0,356.0
35.7291,361.0,360.0
35.7342,75.0,358.0
35.7391,-119.0,358.0
35.7442,-16.0,356.0
35.749,57.0,354.0
35.7539,-92.0,356.0
35.759,-182.0,354.0
35.7639,30.0,352.0
35.7691,215.0,354.0
35.7746,99.0,352.0
35.779,-14.0,352.0
35.784,-42.0,350.0
35.789,-198.0,350.0
35.7942,-179.0,350.0
35.7992,201.0,352.0
35.804,322.0,354.0
35.8091,-54.0,354.0
35.8141,-292.0,358.0
35.8191,-63.0,356.0
35.824,207.0,360.0
35.829,56.0,358.0
35.834,-181.0,358.0
35.839,23.0,356.0
35.844,207.0,356.0
35.8492,-52.0,354.0
35.854,-216.0,354.0
35.859,-18.0,354.0
35.8639,139.0,354.0
35.8697,92.0,356.0
35.8739,-1.0,354.0
35.8791,-75.0,354.0
35.884,-72.0,352.0
35.8889,18.0,348.0
35.894,20.0,346.0
35.8991,-32.0,342.0
35.9042,80.0,342.0
35.909,108.0,342.0
35.9142,-128.0,340.0
35.919,-155.0,340.0
35.924,90.0,342.0
35.929,167.0,342.0
35.934,8.0,340.0
35.939,-188.0,344.0
35.9441,-123.0,344.0
35.9489,184.0,348.0
35.9541,178.0,348.0
35.959,-151.0,346.0
35.9655,-138.0,346.0
35.9704,175.0,340.0
35.974,83.0,340.0
35.9791,-227.0,336.0
35.984,-96.0,336.0
35.9892,144.0,336.0
35.9942,135.0,336.0
35.999,91.0,336.0
36.004,-121.0,332.0
36.009,-304.0,336.0
36.014,37.0,330.0
36.0194,351.0,334.0
36.024,54.0,334.0
36.029,-248.0,336.0
36.0339,-70.0,334.0
36.0389,107.0,334.0
36.0442,-7.0,330.0
36.0493,-29.0,328.0
36.0541,98.0,326.0
36.059,51.0,324.0
36.064,-104.0,324.0
36.0701,-133.0,326.0
36.074,27.0,326.0
36.079,198.0,328.0
36.084,42.0,328.0
36.089,-196.0,330.0
36.0942,-49.0,330.0
36.099,148.0,332.0
36.1042,46.0,330.0
36.109,-116.0,330.0
36.114,-114.0,328.0
36.119,102.0,330.0
36.1241,242.0,330.0
36.129,-72.0,332.0
36.1344,-318.0,336.0
36.1392,73.0,336.0
36.1484,281.0,340.0
36.149,-155.0,338.0
36.1541,-190.0,340.0
36.159,225.0,342.0
36.1639,84.0,340.0
36.169,-210.0,342.0
36.174,73.0,336.0
36.1789,239.0,338.0
36.184,-216.0,334.0
36.189,-402.0,336.0
36.194,146.0,336.0
36.199,520.0,338.0
36.204,156.0,340.0
36.209,-387.0,340.0
36.214,-397.0,346.0
36.2193,131.0,346.0
36.2243,357.0,352.0
36.2291,-45.0,348.0
36.2341,-189.0,348.0
36.2389,143.0,342.0
36.2441,122.0,340.0
36.2492,-220.0,334.0
36.254,-171.0,334.0
36.259,142.0,330.0
36.264,200.0,330.0
36.2691,83.0,324.0
36.274,-86.0,318.0
36.279,-291.0,314.0
36.2843,-147.0,310.0
36.289,248.0,308.0
36.294,317.0,310.0
36.2991,24.0,308.0
36.3043,-288.0,312.0
36.3093,-241.0,316.0
36.3142,137.0,316.0
36.319,211.0,320.0
36.3241,-41.0,318.0
36.329,7.0,318.0
36.3343,73.0,312.0
36.3391,-233.0,312.0
36.3442,-165.0,306.0
36.3489,329.0,304.0
36.3541,196.0,300.0
36.3591,-310.0,296.0
36.3645,-123.0,298.0
36.3691,280.0,296.0
36.3749,22.0,294.0
36.3791,-251.0,298.0
36.384,4.0,296.0
36.3892,161.0,298.0
36.3941,31.0,298.0
36.3992,-1.0,294.0
36.4039,-13.0,294.0
36.409,-152.0,294.0
36.414,-110.0,294.0
36.4192,219.0,296.0
36.4242,219.0,300.0
36.4292,-236.0,300.0
36.4341,-215.0,300.0
36.439,351.0,304.0
36.444,242.0,302.0
36.4493,-547.0,310.0
36.454,-457.0,312.0
36.459,558.0,320.0
36.464,671.0,328.0
36.4691,-286.0,330.0
36.4752,-571.0,336.0
36.479,1.0,336.0
36.4841,212.0,336.0
36.489,47.0,336.0
36.4939,55.0,334.0
36.4992,43.0,334.0
36.5041,-41.0,332.0
36.509,1.0,332.0
36.5142,-111.0,334.0
36.5192,-251.0,336.0
36.524,160.0,338.0
36.5291,449.0,344.0
36.5344,-90.0,346.0
36.5391,-344.0,350.0
36.5441,91.0,350.0
36.549,35.0,348.0
36.554,-218.0,350.0
36.5591,176.0,350.0
36.5644,305.0,354.0
36.569,-145.0,354.0
36.5741,-235.0,358.0
36.579,-23.0,354.0
36.5844,61.0,354.0
36.589,160.0,354.0
36.594,98.0,352.0
36.599,-169.0,352.0
36.604,-146.0,352.0
36.6089,54.0,350.0
36.6139,63.0,350.0
36.6191,86.0,348.0
36.624,57.0,348.0
36.6291,-159.0,348.0
36.634,-105.0,348.0
36.639,145.0,348.0
36.644,40.0,346.0
36.6495,-66.0,344.0
36.6542,115.0,344.0
36.659,-27.0,340.0
36.664,-280.0,342.0
36.6689,70.0,340.0
36.6742,313.0,344.0
36.6796,-80.0,344.0
36.6842,-145.0,346.0
36.689,133.0,348.0
36.6939,-106.0,348.0
36.699,-191.0,350.0
36.704,281.0,352.0
36.709,170.0,352.0
36.7142,-330.0,358.0
36.7191,-83.0,356.0
36.7239,290.0,360.0
36.729,-2.0,356.0
36.7345,-194.0,358.0
36.7392,60.0,358.0
36.744,28.0,358.0
36.7493,-120.0,358.0
36.754,197.0,358.0
36.7591,211.0,360.0
36.7646,-365.0,362.0
36.7691,-271.0,366.0
36.774,367.0,366.0
36.779,226.0,368.0
36.7839,-256.0,368.0
36.789,-114.0,368.0
36.7947,142.0,366.0
36.799,-15.0,364.0
36.8039,-99.0,364.0
36.809,145.0,362.0
36.814,174.0,364.0
36.8192,-176.0,364.0
36.8242,-285.0,364.0
36.8292,74.0,360.0
36.8342,243.0,360.0
36.839,4.0,352.0
36.8448,-52.0,350.0
36.8491,60.0,346.0
36.854,-82.0,340.0
36.859,-185.0,342.0
36.864,36.0,336.0
36.869,239.0,340.0
36.8741,100.0,338.0
36.8792,-211.0,340.0
36.8848,-152.0,340.0
36.889,136.0,338.0
36.8939,67.0,338.0
36.899,-4.0,334.0
36.9042,77.0,332.0
36.909,-177.0,334.0
36.914,-213.0,336.0
36.919,303.0,336.0
36.9242,289.0,338.0
36.929,-280.0,340.0
36.9342,-258.0,338.0
36.9391,133.0,340.0
36.9443,139.0,338.0
36.9491,-7.0,334.0
36.9542,-72.0,334.0
36.9589,58.0,330.0
36.9645,236.0,334.0
36.9693,-237.0,338.0
36.974,-574.0,346.0
36.979,310.0,346.0
36.984,758.0,356.0
36.9902,-213.0,354.0
36.9942,-588.0,360.0
36.9992,114.0,356.0
37.004,221.0,358.0
37.009,-120.0,356.0
37.0139,64.0,356.0
37.0191,178.0,356.0
37.0242,-157.0,358.0
37.029,-200.0,358.0
37.034,146.0,360.0
37.0389,188.0,364.0
37.0442,-147.0,366.0
37.0493,-206.0,366.0
37.0541,149.0,366.0
37.059,238.0,366.0
37.064,-111.0,366.0
37.069,-229.0,366.0
37.0739,45.0,362.0
37.079,195.0,360.0
37.0841,54.0,358.0
37.0895,-163.0,352.0
37.0945,-179.0,346.0
37.0989,119.0,340.0
37.104,242.0,334.0
37.1089,-71.0,330.0
37.1142,-181.0,324.0
37.1191,59.0,324.0
37.1239,52.0,322.0
37.129,-90.0,322.0
37.1343,18.0,322.0
37.139,95.0,324.0
37.1441,19.0,322.0
37.149,21.0,324.0
37.154,-67.0,322.0
37.1591,-247.0,322.0
37.164,-34.0,320.0
37.1695,382.0,320.0
37.174,274.0,322.0
37.179,-255.0,320.0
37.1841,-415.0,326.0
37.1889,7.0,326.0
37.194,340.0,328.0
37.1989,93.0,326.0
37.2039,-220.0,324.0
37.209,-42.0,324.0
37.214,204.0,322.0
37.219,9.0,322.0
37.224,-206.0,324.0
37.2289,-39.0,322.0
37.2341,98.0,322.0
37.2389,64.0,322.0
37.2439,90.0,320.0
37.2494,-59.0,320.0
37.2541,-240.0,324.0
37.259,56.0,322.0
37.2639,284.0,326.0
37.2691,-79.0,324.0
37.274,-230.0,326.0
37.279,129.0,326.0
37.2839,132.0,328.0
37.289,-208.0,330.0
37.2943,-82.0,330.0
37.299,255.0,334.0
37.3042,108.0,330.0
37.3091,-209.0,332.0
37.314,-107.0,330.0
37.319,169.0,330.0
37.3242,49.0,330.0
37.329,-260.0,332.0
37.3342,-44.0,330.0
37.3392,374.0,334.0
37.344,122.0,330.0
37.349,-332.0,334.0
37.354,-152.0,330.0
37.359,169.0,332.0
37.3644,48.0,328.0
37.369,-44.0,328.0
37.374,95.0,328.0
37.379,-12.0,326.0
37.384,-166.0,328.0
37.3889,44.0,328.0
37.3942,163.0,326.0
37.3989,-43.0,324.0
37.404,-102.0,320.0
37.4092,40.0,316.0
37.4139,-3.0,310.0
37.419,-103.0,310.0
37.4241,80.0,306.0
37.429,180.0,308.0
37.434,-63.0,306.0
37.439,-195.0,308.0
37.444,-32.0,308.0
37.4493,176.0,308.0
37.4542,144.0,308.0
37.459,-172.0,308.0
37.464,-183.0,306.0
37.4691,170.0,308.0
37.4739,102.0,306.0
37.4792,-154.0,308.0
37.4841,59.0,308.0
37.4889,144.0,310.0
37.494,-196.0,312.0
37.4992,-162.0,310.0
37.504,191.0,314.0
37.509,184.0,312.0
37.5143,-19.0,310.0
37.5192,-164.0,310.0
37.524,-191.0,310.0
37.5292,138.0,310.0
37.5346,316.0,314.0
37.5392,-166.0,318.0
37.5443,-360.0,322.0
37.549,180.0,322.0
37.554,358.0,324.0
37.559,-87.0,320.0
37.5644,-276.0,320.0
37.5691,-36.0,316.0
37.5741,136.0,314.0
37.579,67.0,314.0
37.5841,-32.0,312.0
37.5889,-59.0,312.0
37.5941,-8.0,312.0
37.599,167.0,314.0
37.6039,56.0,310.0
37.6091,-383.0,314.0
37.6142,-156.0,306.0
37.619,509.0,310.0
37.6241,210.0,302.0
37.6292,-434.0,304.0
37.634,-101.0,296.0
37.6389,288.0,300.0
37.6444,-105.0,298.0
37.6492,-245.0,300.0
37.6542,244.0,302.0
37.6589,282.0,304.0
37.6641,-244.0,306.0
37.669,-248.0,306.0
37.6742,158.0,306.0
37.679,87.0,304.0
37.684,-68.0,304.0
37.689,108.0,302.0
37.6941,29.0,300.0
37.6991,-221.0,300.0
37.7042,-45.0,298.0
37.709,203.0,298.0
37.7139,65.0,298.0
37.7192,-90.0,298.0
37.7241,-28.0,296.0
37.7289,-47.0,296.0
37.7342,-79.0,294.0
37.7391,184.0,294.0
37.7442,227.0,294.0
37.749,-293.0,298.0
37.754,-368.0,300.0
37.7593,276.0,304.0
37.7643,416.0,310.0
37.7691,-111.0,310.0
37.774,-316.0,314.0
37.7789,-61.0,314.0
37.784,153.0,316.0
37.7894,122.0,318.0
37.7939,-66.0,318.0
37.7992,-109.0,316.0
37.8039,89.0,316.0
37.8089,120.0,312.0
37.8139,-150.0,310.0
37.8197,-201.0,310.0
37.8248,181.0,306.0
37.829,326.0,310.0
37.8341,-171.0,308.0
37.8389,-418.0,314.0
37.8442,106.0,312.0
37.8495,410.0,318.0
37.8541,30.0,314.0
37.8589,-287.0,320.0
37.8642,-172.0,318.0
37.8689,123.0,320.0
37.8742,200.0,322.0
37.8793,-55.0,322.0
37.884,-133.0,322.0
37.889,121.0,322.0
37.894,120.0,322.0
37.8989,-168.0,322.0
37.9041,-200.0,322.0
37.9091,55.0,322.0
37.9144,257.0,322.0
37.9193,164.0,322.0
37.924,-193.0,322.0
37.929,-322.0,324.0
37.9341,28.0,324.0
37.9392,294.0,324.0
37.9439,124.0,324.0
37.949,-106.0,324.0
37.9539,-154.0,324.0
37.9589,-88.0,322.0
37.9642,81.0,324.0
37.9691,170.0,322.0
37.9739,-54.0,322.0
37.9789,-189.0,320.0
37.984,150.0,320.0
37.989,273.0,318.0
37.9944,-261.0,320.0
37.9992,-408.0,324.0
38.0039,252.0,328.0
38.0089,427.0,334.0
38.0141,-142.0,334.0
38.019,-271.0,338.0
38.0241,50.0,336.0
38.029,59.0,336.0
38.0341,-81.0,336.0
38.0391,72.0,336.0
38.044,239.0,338.0
38.0491,-72.0,338.0
38.054,-370.0,344.0
38.059,-5.0,342.0
38.064,285.0,346.0
38.069,19.0,344.0
38.074,-4.0,342.0
38.0792,136.0,342.0
38.0842,-250.0,344.0
38.089,-358.0,348.0
38.0941,328.0,350.0
38.0991,421.0,354.0
38.1042,-292.0,356.0
38.109,-269.0,358.0
38.1141,262.0,360.0
38.1191,76.0,358.0
38.1239,-214.0,362.0
38.1289,-4.0,358.0
38.1341,26.0,356.0
38.1391,23.0,354.0
38.1442,277.0,356.0
38.149,-4.0,352.0
38.1541,-470.0,360.0
38.1589,-71.0,358.0
38.1642,393.0,362.0
38.169,87.0,360.0
38.174,-178.0,358.0
38.1789,10.0,356.0
38.1839,47.0,352.0
38.189,-91.0,350.0
38.194,23.0,344.0
38.199,74.0,344.0
38.2039,-185.0,342.0
38.209,-63.0,344.0
38.2141,380.0,348.0
38.2191,118.0,348.0
38.2241,-425.0,354.0
38.229,-132.0,356.0
38.2342,296.0,360.0
38.2389,27.0,358.0
38.244,-120.0,358.0
38.2492,114.0,354.0
38.2541,-28.0,352.0
38.259,-132.0,346.0
38.264,167.0,346.0
38.2689,-15.0,340.0
38.2739,-286.0,342.0
38.279,210.0,340.0
38.2841,342.0,344.0
38.289,-321.0,346.0
38.294,-350.0,348.0
38.299,320.0,348.0
38.304,350.0,350.0
38.3092,-253.0,350.0
38.3142,-334.0,352.0
38.3189,155.0,354.0
38.324,274.0,356.0
38.3289,-15.0,356.0
38.3342,-162.0,358.0
38.3392,-150.0,356.0
38.3442,16.0,356.0
38.3489,227.0,356.0
38.354,75.0,356.0
38.359,-89.0,356.0
38.3641,51.0,356.0
38.369,-172.0,358.0
38.3741,-421.0,364.0
38.3791,255.0,366.0
38.3839,752.0,374.0
38.389,-61.0,370.0
38.394,-719.0,376.0
38.3991,-102.0,372.0
38.404,366.0,372.0
38.409,-37.0,370.0
38.4139,-29.0,366.0
38.4194,322.0,370.0
38.4245,-112.0,370.0
38.429,-455.0,374.0
38.4341,172.0,376.0
38.439,458.0,382.0
38.444,-236.0,384.0
38.4494,-487.0,390.0
38.4541,211.0,390.0
38.4589,495.0,396.0
38.464,-64.0,394.0
38.469,-382.0,394.0
38.4741,-96.0,394.0
38.4793,225.0,390.0
38.4841,202.0,392.0
38.4889,-133.0,388.0
38.494,-251.0,390.0
38.499,132.0,388.0
38.504,232.0,390.0
38.5091,-207.0,390.0
38.5141,-172.0,390.0
38.519,285.0,394.0
38.524,133.0,394.0
38.529,-271.0,396.0
38.5342,-129.0,396.0
38.5392,168.0,396.0
38.544,148.0,396.0
38.5489,-53.0,396.0
38.5541,-164.0,394.0
38.5592,-18.0,392.0
38.5644,154.0,392.0
38.569,32.0,386.0
38.574,-132.0,388.0
38.579,-19.0,384.0
38.584,154.0,384.0
38.5892,32.0,384.0
38.5944,-242.0,384.0
38.5993,-107.0,384.0
38.6042,301.0,388.0
38.6091,206.0,388.0
38.614,-209.0,392.0
38.619,-230.0,392.0
38.6239,0.0,390.0
38.629,165.0,388.0
38.634,167.0,386.0
38.639,-132.0,382.0
38.644,-216.0,382.0
38.6493,246.0,378.0
38.6541,229.0,380.0
38.659,-415.0,382.0
38.664,-297.0,386.0
38.6691,423.0,392.0
38.6742,332.0,396.0
38.6793,-259.0,398.0
38.684,-189.0,398.0
38.6889,145.0,400.0
38.6939,-53.0,394.0
38.6991,-168.0,396.0
38.7042,163.0,394.0
38.7091,176.0,398.0
38.7141,-101.0,398.0
38.719,-49.0,398.0
38.724,49.0,394.0
38.7291,-145.0,390.0
38.7354,-105.0,388.0
38.7391,262.0,386.0
38.7439,173.0,384.0
38.749,-244.0,382.0
38.754,-152.0,382.0
38.7591,154.0,382.0
38.7643,87.0,380.0
38.7692,-84.0,382.0
38.774,-84.0,382.0
38.7789,23.0,382.0
38.7841,142.0,380.0
38.7891,85.0,382.0
38.7942,-161.0,376.0
38.799,-203.0,378.0
38.8039,93.0,374.0
38.8089,236.0,376.0
38.8142,-7.0,374.0
38.8189,-164.0,376.0
38.8241,-30.0,376.0
38.829,36.0,376.0
38.8345,27.0,376.0
38.8391,110.0,376.0
38.8439,2.0,372.0
38.8494,-238.0,376.0
38.8541,-82.0,370.0
38.8589,241.0,372.0
38.8639,178.0,368.0
38.8689,-53.0,368.0
38.8741,-177.0,366.0
38.8792,-192.0,368.0
38.884,59.0,368.0
38.889,300.0,370.0
38.894,41.0,370.0
38.8989,-267.0,372.0
38.904,-38.0,370.0
38.909,223.0,374.0
38.9139,3.0,370.0
38.919,-209.0,370.0
38.924,-28.0,364.0
38.9291,168.0,362.0
38.9347,102.0,358.0
38.9389,-67.0,354.0
38.944,-109.0,350.0
38.9489,-25.0,348.0
38.954,-24.0,342.0
38.9591,37.0,340.0
38.964,207.0,340.0
38.9689,-7.0,340.0
38.9739,-306.0,342.0
38.9791,11.0,340.0
38.9839,326.0,344.0
38.9891,0.0,340.0
38.9942,-316.0,344.0
38.9992,-142.0,346.0
39.0039,249.0,348.0
39.009,380.0,352.0
39.0141,-101.0,346.0
39.0192,-505.0,350.0
39.024,-78.0,340.0
39.029,366.0,344.0
39.0349,210.0,336.0
39.0408,-63.0,336.0
39.0441,-277.0,334.0
39.05,-159.0,336.0
39.0545,343.0,342.0
39.0592,195.0,340.0
39.0653,-449.0,344.0
39.0692,-131.0,340.0
39.0743,518.0,346.0
39.0798,29.0,338.0
39.0845,-491.0,342.0
39.0892,158.0,338.0
39.0946,425.0,340.0
39.0993,-433.0,340.0
39.1044,-365.0,344.0
39.1095,661.0,348.0
39.1146,273.0,352.0
39.1192,-686.0,358.0
39.1239,-119.0,358.0
39.1293,478.0,362.0
39.1349,-89.0,360.0
39.1408,-200.0,362.0
39.1447,269.0,362.0
39.1491,35.0,360.0
39.1541,-271.0,360.0
39.1591,41.0,356.0
39.1646,72.0,356.0
39.169,-143.0,354.0
39.1741,147.0,354.0
39.1794,209.0,354.0
39.1842,-229.0,356.0
39.1893,-102.0,356.0
39.1945,228.0,358.0
39.1997,-130.0,360.0
39.2042,-262.0,362.0
39.2094,281.0,366.0
39.2142,269.0,368.0
39.2196,-284.0,372.0
39.2247,-148.0,372.0
39.2289,290.0,376.0
39.2339,4.0,372.0
39.2404,-342.0,376.0
39.2451,14.0,370.0
39.2497,278.0,372.0
39.2544,37.0,370.0
39.2591,-41.0,366.0
39.2642,-27.0,366.0
39.2692,-202.0,368.0
39.2744,-55.0,366.0
39.2797,269.0,368.0
39.2844,129.0,366.0
39.2891,-144.0,364.0
39.2941,-110.0,364.0
39.2997,0.0,356.0
39.3043,-8.0,352.0
39.3091,-40.0,346.0
39.3143,105.0,342.0
39.3194,234.0,342.0
39.3241,-80.0,340.0
39.3292,-331.0,344.0
39.334,37.0,344.0
39.3391,229.0,344.0
39.3454,-124.0,344.0
39.3489,-84.0,342.0
39.3541,299.0,346.0
39.3592,42.0,344.0
39.3646,-384.0,350.0
39.3689,-77.0,350.0
39.3741,262.0,352.0
39.3794,84.0,348.0
39.3842,-19.0,346.0
39.3892,-25.0,342.0
39.3947,-132.0,342.0
39.3998,-2.0,340.0
39.4041,160.0,342.0
39.4092,-73.0,342.0
39.4141,-225.0,344.0
39.4194,149.0,346.0
39.4243,368.0,348.0
39.4297,-115.0,350.0
39.4343,-430.0,354.0
39.4391,23.0,350.0
39.4449,313.0,354.0
39.4489,16.0,350.0
39.4547,-98.0,352.0
39.4589,17.0,350.0
39.4642,-63.0,350.0
39.4689,-50.0,350.0
39.4743,113.0,352.0
39.4799,5.0,350.0
39.4844,-133.0,352.0
39.4892,78.0,350.0
39.4941,175.0,352.0
39.4991,-104.0,350.0
39.5043,-164.0,350.0
39.5089,75.0,350.0
39.5146,86.0,348.0
39.5192,-61.0,346.0
39.5241,-34.0,346.0
39.5291,82.0,342.0
39.5346,69.0,342.0
39.5401,-113.0,340.0
39.544,-178.0,342.0
39.549,127.0,340.0
39.5541,323.0,346.0
39.5593,-73.0,344.0
39.5648,-407.0,350.0
39.5689,-74.0,348.0
39.574,302.0,352.0
39.58,203.0,354.0
39.5844,-23.0,352.0
39.5898,-176.0,354.0
39.5948,-220.0,358.0
39.5998,55.0,358.0
39.6039,281.0,358.0
39.6091,-20.0,360.0
39.6141,-254.0,358.0
39.6194,106.0,360.0
39.6239,280.0,360.0
39.6296,-187.0,362.0
39.6346,-327.0,362.0
39.6391,178.0,362.0
39.6442,305.0,364.0
39.6491,-105.0,360.0
39.654,-227.0,362.0
39.6592,10.0,354.0
39.6641,158.0,354.0
39.6691,74.0,350.0
39.6743,-121.0,348.0
39.6794,-92.0,350.0
39.6845,98.0,346.0
39.6889,-3.0,344.0
39.6941,-91.0,340.0
39.6991,163.0,340.0
39.7044,130.0,334.0
39.7089,-242.0,336.0
39.7145,-128.0,330.0
39.7192,207.0,334.0
39.7242,-38.0,326.0
39.7294,-237.0,328.0
39.7343,274.0,324.0
39.7394,422.0,324.0
39.7446,-359.0,324.0
39.7495,-574.0,324.0
39.7553,246.0,322.0
39.7592,465.0,320.0
39.764,-54.0,318.0
39.7696,-82.0,312.0
39.7739,-79.0,312.0
39.7792,-347.0,314.0
39.7841,96.0,312.0
39.7893,558.0,320.0
39.7947,-59.0,316.0
39.7995,-453.0,322.0
39.804,105.0,324.0
39.8091,176.0,324.0
39.8142,-263.0,326.0
39.8194,28.0,322.0
39.8244,393.0,326.0
39.8289,-56.0,324.0
39.8345,-395.0,328.0
39.8391,-17.0,326.0
39.8443,359.0,328.0
39.8495,133.0,324.0
39.8547,-382.0,326.0
39.8595,-312.0,326.0
39.8639,372.0,330.0
39.869,519.0,334.0
39.8741,-171.0,336.0
39.8797,-581.0,340.0
39.8847,-165.0,342.0
39.8889,405.0,344.0
39.8944,379.0,350.0
39.8994,-166.0,352.0
39.9044,-349.0,358.0
39.9091,102.0,356.0
39.9144,253.0,358.0
39.9195,-178.0,358.0
39.9241,-276.0,360.0
39.9291,133.0,360.0
39.9345,330.0,362.0
39.9395,112.0,364.0
39.9447,-208.0,368.0
39.9492,-278.0,372.0
39.9541,-51.0,370.0
39.9589,125.0,368.0
39.9646,168.0,370.0
39.9689,150.0,368.0
39.9739,-26.0,368.0
39.9796,-202.0,366.0
39.9843,-145.0,368.0
39.9893,23.0,366.0
39.9946,109.0,364.0
39.9994,115.0,364.0
40.0042,87.0,360.0
40.0092,-77.0,360.0
40.0143,-231.0,360.0
40.0194,-33.0,358.0
40.0244,222.0,362.0
40.0297,75.0,362.0
40.0341,-146.0,362.0
40.0389,-2.0,362.0
40.0441,114.0,362.0
40.0492,-134.0,362.0
40.054,-132.0,362.0
40.0589,248.0,362.0
40.064,173.0,360.0
40.069,-273.0,362.0
40.0741,-259.0,360.0
40.079,191.0,362.0
40.0839,410.0,364.0
40.089,-28.0,364.0
40.0939,-545.0,370.0
40.0989,-130.0,372.0
40.104,541.0,380.0
40.109,191.0,382.0
40.114,-415.0,388.0
40.1191,-167.0,390.0
40.1242,272.0,392.0
40.129,156.0,394.0
40.134,-106.0,392.0
40.1391,-151.0,392.0
40.144,-128.0,392.0
40.15,75.0,392.0
40.154,336.0,396.0
40.159,56.0,396.0
40.1642,-363.0,402.0
40.169,-154.0,402.0
40.174,167.0,404.0
40.179,186.0,404.0
40.1839,168.0,404.0
40.189,-157.0,406.0
40.1942,-457.0,408.0
40.1992,71.0,408.0
40.2039,521.0,410.0
40.209,15.0,408.0
40.214,-368.0,410.0
40.2192,-50.0,406.0
40.2241,169.0,410.0
40.2289,56.0,408.0
40.234,-54.0,404.0
40.2389,-88.0,406.0
40.2442,35.0,402.0
40.2494,125.0,402.0
40.2539,-65.0,400.0
40.259,-64.0,400.0
40.264,125.0,396.0
40.2689,-147.0,396.0
40.2741,-218.0,394.0
40.279,404.0,398.0
40.284,315.0,398.0
40.289,-536.0,404.0
40.2941,-349.0,406.0
40.2989,478.0,414.0
40.3042,274.0,416.0
40.3092,-321.0,420.0
40.3142,-119.0,420.0
40.3191,204.0,422.0
40.3239,-9.0,420.0
40.329,-166.0,422.0
40.3341,34.0,422.0
40.3389,147.0,422.0
40.3441,-4.0,420.0
40.3489,-92.0,418.0
40.3539,13.0,416.0
40.359,12.0,412.0
40.3644,-45.0,412.0
40.369,49.0,410.0
40.3739,5.0,406.0
40.3789,-75.0,400.0
40.3839,101.0,396.0
40.3891,97.0,388.0
40.3942,-151.0,386.0
40.3992,-139.0,382.0
40.4039,44.0,382.0
40.4089,139.0,382.0
40.4139,148.0,384.0
40.4192,-29.0,378.0
40.4242,-233.0,380.0
40.429,-141.0,374.0
40.4341,116.0,376.0
40.4389,251.0,372.0
40.444,93.0,372.0
40.4494,-228.0,372.0
40.4539,-236.0,372.0
40.459,103.0,374.0
40.4639,261.0,372.0
40.469,57.0,372.0
40.4746,-189.0,368.0
40.4794,-180.0,370.0
40.4841,39.0,366.0
40.489,191.0,366.0
40.4939,109.0,362.0
40.4991,-123.0,360.0
40.5041,-195.0,356.0
40.5091,93.0,350.0
40.5141,285.0,352.0
40.5191,-67.0,344.0
40.5239,-388.0,348.0
40.5291,-66.0,342.0
40.5344,359.0,342.0
40.539,229.0,342.0
40.5441,-172.0,340.0
40.549,-269.0,342.0
40.5541,-20.0,338.0
40.5591,164.0,338.0
40.5642,80.0,336.0
40.5691,16.0,334.0
40.5739,59.0,330.0
40.579,-138.0,330.0
40.584,-320.0,332.0
40.589,77.0,328.0
40.5941,435.0,334.0
40.5989,71.0,334.0
40.6039,-240.0,334.0
40.6091,-59.0,334.0
40.6142,-68.0,334.0
40.619,-156.0,334.0
40.624,157.0,334.0
40.629,338.0,338.0
40.634,-5.0,336.0
40.6389,-289.0,340.0
40.6442,-88.0,340.0
40.6493,119.0,340.0
40.6541,-52.0,338.0
40.659,-86.0,338.0
40.6641,243.0,338.0
40.6689,246.0,342.0
40.6739,-218.0,342.0
40.6789,-377.0,348.0
40.684,-3.0,346.0
40.689,288.0,348.0
40.694,183.0,350.0
40.699,-62.0,346.0
40.7041,-181.0,346.0
40.709,-89.0,344.0
40.7141,99.0,342.0
40.7191,74.0,340.0
40.724,-132.0,336.0
40.7292,14.0,336.0
40.7343,326.0,332.0
40.7391,-10.0,330.0
40.7441,-519.0,330.0
40.7489,-153.0,328.0
40.754,518.0,330.0
40.7591,368.0,334.0
40.7645,-298.0,334.0
40.769,-424.0,338.0
40.774,29.0,338.0
40.7792,214.0,338.0
40.7839,56.0,336.0
40.7898,86.0,338.0
40.794,119.0,334.0
40.799,-178.0,336.0
40.804,-360.0,336.0
40.8089,-1.0,334.0
40.8139,381.0,336.0
40.8193,208.0,336.0
40.824,-120.0,336.0
40.829,-210.0,336.0
40.834,-210.0,334.0
40.8389,51.0,332.0
40.8441,383.0,330.0
40.8493,86.0,332.0
40.8539,-367.0,332.0
40.859,-115.0,332.0
40.8639,268.0,334.0
40.869,64.0,334.0
40.8741,-171.0,336.0
40.8789,2.0,334.0
40.884,91.0,336.0
40.889,-37.0,334.0
40.894,-49.0,334.0
40.8991,14.0,334.0
40.904,71.0,332.0
40.909,73.0,332.0
40.9139,-130.0,330.0
40.919,-194.0,326.0
40.924,132.0,324.0
40.9291,263.0,320.0
40.9341,-38.0,314.0
40.9389,-186.0,310.0
40.9439,-57.0,306.0
40.9489,4.0,302.0
40.9541,73.0,302.0
40.9589,113.0,300.0
40.9645,-84.0,300.0
40.9689,-98.0,300.0
40.974,171.0,302.0
40.9789,92.0,300.0
40.984,-224.0,304.0
40.9889,-208.0,306.0
40.9939,56.0,306.0
40.999,315.0,312.0
41.0039,281.0,316.0
41.0089,-233.0,318.0
41.014,-471.0,326.0
41.019,12.0,324.0
41.0241,302.0,328.0
41.0289,113.0,328.0
41.0339,69.0,326.0
41.0389,-23.0,324.0
41.044,-314.0,330.0
41.0493,-156.0,330.0
41.0541,279.0,332.0
41.059,226.0,334.0
41.0639,-73.0,332.0
41.0689,-134.0,332.0
41.0739,-81.0,332.0
41.0791,-22.0,328.0
41.0853,40.0,326.0
41.0889,98.0,324.0
41.094,140.0,324.0
41.0991,-15.0,322.0
41.104,-283.0,322.0
41.1091,-129.0,324.0
41.1141,294.0,326.0
41.119,189.0,326.0
41.1239,-228.0,328.0
41.1291,-144.0,328.0
41.1344,162.0,328.0
41.1389,74.0,328.0
41.144,-124.0,326.0
41.1489,-51.0,326.0
41.1539,130.0,324.0
41.1589,119.0,324.0
41.1643,-157.0,320.0
41.1691,-259.0,324.0
41.174,132.0,320.0
41.1791,339.0,322.0
41.1839,-73.0,320.0
41.1891,-249.0,320.0
41.194,76.0,320.0
41.1991,69.0,320.0
41.204,-102.0,320.0
41.2091,69.0,320.0
41.214,35.0,320.0
41.2189,-131.0,320.0
41.2241,88.0,316.0
41.229,117.0,316.0
41.2339,-162.0,312.0
41.2389,-53.0,312.0
41.2441,172.0,312.0
41.2492,13.0,310.0
41.2541,-151.0,312.0
41.259,-41.0,310.0
41.2639,106.0,310.0
41.2689,85.0,306.0
41.2741,-100.0,306.0
41.2794,-90.0,304.0
41.2839,228.0,306.0
41.2889,112.0,306.0
41.2939,-414.0,312.0
41.2989,-188.0,314.0
41.304,419.0,316.0
41.309,170.0,314.0
41.314,-194.0,314.0
41.319,62.0,310.0
41.3239,-41.0,310.0
41.329,-359.0,310.0
41.3341,90.0,310.0
41.3389,433.0,316.0
41.3439,25.0,312.0
41.3489,-149.0,314.0
41.354,-102.0,314.0
41.359,-316.0,318.0
41.3641,-37.0,316.0
41.369,581.0,326.0
41.3739,284.0,324.0
41.379,-430.0,330.0
41.3839,-316.0,328.0
41.3889,82.0,326.0
41.3939,12.0,318.0
41.3989,69.0,314.0
41.4039,388.0,316.0
41.409,85.0,310.0
41.414,-574.0,318.0
41.419,-311.0,320.0
41.4239,478.0,326.0
41.4289,343.0,330.0
41.4341,-285.0,334.0
41.439,-176.0,334.0
41.444,172.0,330.0
41.4491,15.0,330.0
41.454,-115.0,326.0
41.4589,3.0,324.0
41.464,29.0,322.0
41.4689,94.0,320.0
41.4741,55.0,318.0
41.4791,-251.0,320.0
41.4841,-85.0,316.0
41.4889,362.0,320.0
41.4948,90.0,316.0
41.499,-290.0,318.0
41.5042,-77.0,316.0
41.5091,58.0,316.0
41.5141,-16.0,314.0
41.519,111.0,316.0
41.524,173.0,316.0
41.529,-47.0,316.0
41.5341,-232.0,320.0
41.5389,-148.0,322.0
41.5439,91.0,322.0
41.5491,208.0,324.0
41.5544,95.0,324.0
41.5591,-39.0,320.0
41.5642,-88.0,320.0
41.569,-167.0,318.0
41.574,-132.0,320.0
41.5789,191.0,320.0
41.584,328.0,324.0
41.5893,-63.0,326.0
41.5941,-289.0,328.0
41.5989,19.0,328.0
41.6039,107.0,328.0
41.6089,-178.0,328.0
41.6139,-36.0,326.0
41.6191,386.0,332.0
41.6242,137.0,330.0
41.629,-448.0,334.0
41.6339,-236.0,336.0
41.6389,370.0,338.0
41.6443,210.0,336.0
41.6494,-263.0,336.0
41.6541,-130.0,332.0
41.659,158.0,334.0
41.664,120.0,330.0
41.6691,-11.0,330.0
41.6741,-196.0,332.0
41.679,-195.0,334.0
41.6839,255.0,334.0
41.6889,402.0,336.0
41.6939,-198.0,336.0
41.6996,-494.0,340.0
41.7045,51.0,340.0
41.7091,403.0,344.0
41.714,25.0,342.0
41.719,-169.0,346.0
41.724,85.0,346.0
41.729,-69.0,346.0
41.7342,-300.0,348.0
41.7391,176.0,350.0
41.7441,405.0,352.0
41.7489,-149.0,352.0
41.754,-338.0,354.0
41.759,79.0,352.0
41.7641,264.0,352.0
41.7691,33.0,350.0
41.774,-257.0,352.0
41.7789,-203.0,354.0
41.7839,189.0,354.0
41.7891,287.0,358.0
41.794,-43.0,358.0
41.8001,-199.0,358.0
41.8044,-16.0,356.0
41.8089,90.0,354.0
41.8143,-45.0,352.0
41.8202,-92.0,348.0
41.8239,66.0,348.0
41.8289,85.0,346.0
41.8342,18.0,344.0
41.8389,71.0,344.0
41.844,-66.0,344.0
41.8492,-257.0,348.0
41.854,-15.0,346.0
41.859,236.0,348.0
41.864,105.0,348.0
41.869,-30.0,348.0
41.874,-77.0,346.0
41.8793,-98.0,346.0
41.8841,-3.0,344.0
41.889,-15.0,344.0
41.894,-26.0,342.0
41.8989,271.0,346.0
41.9048,213.0,348.0
41.9089,-410.0,352.0
41.9142,-397.0,358.0
41.9191,275.0,360.0
41.924,384.0,362.0
41.9291,9.0,362.0
41.9342,-184.0,358.0
41.939,-213.0,358.0
41.944,-46.0,352.0
41.9489,251.0,354.0
41.9539,199.0,354.0
41.9591,-156.0,354.0
41.9644,-241.0,358.0
41.9689,6.0,352.0
41.974,210.0,354.0
41.979,110.0,350.0
41.9839,-196.0,352.0
41.9891,-160.0,352.0
41.9941,210.0,354.0
41.999,141.0,352.0
42.0049,-152.0,352.0
42.01,-31.0,344.0
42.0139,-24.0,340.0
42.019,-165.0,336.0
42.0239,236.0,334.0
42.0289,379.0,340.0
42.034,-330.0,344.0
42.039,-495.0,352.0
42.0442,229.0,348.0
42.0494,428.0,354.0
42.0541,-38.0,346.0
42.059,-243.0,344.0
42.0639,-55.0,338.0
42.0689,98.0,334.0
42.0741,-15.0,330.0
42.0793,-85.0,328.0
42.0841,147.0,328.0
42.0889,180.0,330.0
42.0939,-180.0,332.0
42.099,-264.0,336.0
42.1039,55.0,336.0
42.1099,188.0,338.0
42.1139,116.0,338.0
42.1191,44.0,336.0
42.1241,-174.0,336.0
42.1292,-223.0,334.0
42.1342,86.0,334.0
42.1389,152.0,332.0
42.1439,40.0,332.0
42.1511,123.0,332.0
42.154,-101.0,334.0
42.1589,-379.0,338.0
42.1643,78.0,336.0
42.1689,430.0,342.0
42.1739,-34.0,340.0
42.1789,-285.0,342.0
42.1839,78.0,342.0
42.1891,117.0,340.0
42.1943,-255.0,342.0
42.1992,-93.0,344.0
42.2039,442.0,350.0
42.2098,204.0,350.0
42.2139,-481.0,356.0
42.2189,-280.0,356.0
42.2241,380.0,358.0
42.229,180.0,360.0
42.2339,-279.0,358.0
42.2389,53.0,360.0
42.2439,251.0,362.0
42.2492,-215.0,362.0
42.2539,-219.0,366.0
42.2589,139.0,362.0
42.2639,47.0,360.0
42.2688,87.0,354.0
42.2739,288.0,356.0
42.2793,-189.0,352.0
42.2842,-584.0,358.0
42.2889,51.0,354.0
42.2939,567.0,362.0
42.2991,110.0,360.0
42.3041,-229.0,362.0
42.3091,-32.0,362.0
42.3139,-130.0,362.0
42.3192,-209.0,362.0
42.3242,263.0,362.0
42.3291,307.0,360.0
42.3341,-233.0,362.0
42.3391,-167.0,356.0
42.3439,202.0,358.0
42.3489,14.0,352.0
42.354,-143.0,354.0
42.3591,-4.0,352.0
42.3641,-47.0,352.0
42.3691,19.0,350.0
42.3739,303.0,350.0
42.3789,104.0,350.0
42.3839,-426.0,350.0
42.389,-336.0,352.0
42.394,311.0,352.0
42.3991,474.0,358.0
42.4039,-106.0,356.0
42.4089,-425.0,362.0
42.4141,56.0,358.0
42.4189,347.0,362.0
42.4241,-153.0,360.0
42.429,-358.0,362.0
42.4341,148.0,364.0
42.4389,291.0,364.0
42.4442,22.0,364.0
42.449,72.0,364.0
42.454,-92.0,366.0
42.459,-625.0,374.0
42.4639,-157.0,374.0
42.4691,932.0,388.0
42.474,514.0,396.0
42.4792,-743.0,406.0
42.484,-560.0,414.0
42.4889,327.0,416.0
42.4939,215.0,418.0
42.4989,-105.0,416.0
42.504,197.0,418.0
42.509,144.0,420.0
42.5141,-399.0,424.0
42.5191,-221.0,426.0
42.5242,386.0,432.0
42.5289,173.0,434.0
42.5343,-275.0,438.0
42.5391,-17.0,434.0
42.5442,159.0,434.0
42.549,-116.0,430.0
42.5542,-63.0,424.0
42.5589,130.0,422.0
42.5642,-31.0,416.0
42.569,-65.0,418.0
42.5739,111.0,416.0
42.5789,28.0,414.0
42.5839,-140.0,414.0
42.5889,-11.0,410.0
42.5939,151.0,410.0
42.5989,-68.0,408.0
42.604,-219.0,408.0
42.6089,175.0,412.0
42.6139,290.0,412.0
42.619,-224.0,414.0
42.6239,-238.0,414.0
42.6289,275.0,416.0
42.6339,101.0,414.0
42.6391,-401.0,420.0
42.6442,-104.0,418.0
42.6493,491.0,426.0
42.654,343.0,430.0
42.6589,-362.0,434.0
42.6639,-565.0,438.0
42.669,55.0,434.0
42.6741,455.0,436.0
42.6789,114.0,430.0
42.6839,-89.0,428.0
42.6889,44.0,422.0
42.6939,-115.0,422.0
42.6989,-295.0,424.0
42.7039,-75.0,424.0
42.7091,274.0,426.0
42.714,410.0,432.0
42.7189,2.0,432.0
42.7239,-462.0,436.0
42.729,-183.0,436.0
42.734,149.0,436.0
42.7389,78.0,432.0
42.7439,219.0,436.0
42.749,112.0,434.0
42.754,-382.0,438.0
42.7591,-99.0,440.0
42.7646,392.0,442.0
42.7691,-110.0,440.0
42.7742,-392.0,446.0
42.7789,268.0,448.0
42.784,353.0,452.0
42.7891,-249.0,454.0
42.794,-181.0,456.0
42.7991,191.0,452.0
42.8039,-59.0,452.0
42.8089,-232.0,450.0
42.814,220.0,452.0
42.8189,308.0,452.0
42.8239,-305.0,456.0
42.8304,-286.0,458.0
42.8348,425.0,462.0
42.8392,171.0,462.0
42.8442,-574.0,464.0
42.8491,-85.0,462.0
42.8541,598.0,464.0
42.8589,67.0,462.0
42.8642,-406.0,462.0
42.8689,-30.0,460.0
42.874,147.0,458.0
42.8792,-67.0,458.0
42.8839,-60.0,454.0
42.8889,143.0,454.0
42.8939,154.0,452.0
42.8989,-149.0,452.0
42.9052,-201.0,456.0
42.9091,173.0,456.0
42.9141,106.0,454.0
42.9191,-281.0,454.0
42.9241,-23.0,446.0
42.9299,338.0,450.0
42.934,44.0,442.0
42.9391,-193.0,444.0
42.9441,-53.0,442.0
42.9489,-43.0,442.0
42.9541,-27.0,440.0
42.9592,136.0,438.0
42.9644,126.0,436.0
42.9692,-28.0,432.0
42.974,-173.0,432.0
42.9789,-136.0,430.0
42.9839,149.0,430.0
42.9891,156.0,432.0
42.9941,-87.0,432.0
42.9991,68.0,432.0
43.0039,97.0,432.0
43.0089,-376.0,438.0
43.0141,-212.0,438.0
43.0191,459.0,442.0
43.024,262.0,440.0
43.029,-254.0,438.0
43.0339,-105.0,436.0
43.0389,31.0,428.0
43.0442,-132.0,428.0
43.0492,-37.0,422.0
43.0539,185.0,424.0
43.059,203.0,422.0
43.0641,-25.0,420.0
43.0691,-339.0,420.0
43.074,-83.0,420.0
43.0789,421.0,422.0
43.0839,22.0,422.0
43.0889,-498.0,428.0
43.094,26.0,428.0
43.0989,483.0,424.0
43.1041,59.0,424.0
43.1091,-261.0,412.0
43.114,-156.0,408.0
43.1191,-77.0,396.0
43.1239,133.0,390.0
43.1289,287.0,390.0
43.134,-58.0,388.0
43.1389,-247.0,390.0
43.1441,91.0,388.0
43.1489,75.0,386.0
43.1541,-266.0,384.0
43.1588,35.0,382.0
43.1644,422.0,382.0
43.1689,-26.0,380.0
43.174,-374.0,382.0
43.1789,14.0,382.0
43.1839,129.0,380.0
43.1892,-108.0,380.0
43.194,124.0,382.0
43.1991,237.0,384.0
43.2039,-223.0,386.0
43.209,-273.0,390.0
43.2139,171.0,390.0
43.219,205.0,394.0
43.224,-83.0,392.0
43.2289,-91.0,394.0
43.2354,54.0,392.0
43.2389,-45.0,392.0
43.2439,-107.0,390.0
43.2491,170.0,390.0
43.2539,224.0,388.0
43.2589,-180.0,388.0
43.264,-327.0,390.0
43.2689,43.0,386.0
43.2741,308.0,390.0
43.279,116.0,384.0
43.284,-157.0,386.0
43.2889,-168.0,380.0
43.2939,8.0,376.0
43.2989,102.0,372.0
43.3039,-6.0,362.0
43.309,6.0,362.0
43.3139,158.0,358.0
43.3189,-77.0,356.0
43.3239,-280.0,360.0
43.3291,148.0,362.0
43.3339,240.0,364.0
43.3389,-300.0,364.0
43.3439,-155.0,364.0
43.3497,405.0,366.0
43.3539,154.0,362.0
43.359,-267.0,366.0
43.364,-150.0,362.0
43.3689,-23.0,360.0
43.3739,48.0,358.0
43.3789,214.0,360.0
43.384,50.0,358.0
43.389,-220.0,358.0
43.3941,12.0,354.0
43.3991,161.0,354.0
43.4039,-211.0,352.0
43.409,-148.0,352.0
43.414,368.0,352.0
43.419,176.0,350.0
43.4241,-394.0,350.0
43.429,-203.0,350.0
43.434,340.0,352.0
43.4388,204.0,352.0
43.4441,-233.0,356.0
43.4491,-146.0,354.0
43.454,42.0,352.0
43.4589,27.0,346.0
43.4639,182.0,344.0
43.4689,91.0,342.0
43.4739,-305.0,340.0
43.4789,-118.0,340.0
43.484,263.0,334.0
43.4889,9.0,334.0
43.4939,-142.0,326.0
43.4991,167.0,328.0
43.5041,93.0,322.0
43.5091,-301.0,326.0
43.5141,-173.0,328.0
43.5189,341.0,332.0
43.524,304.0,336.0
43.5291,-289.0,338.0
43.5341,-346.0,340.0
43.5389,120.0,340.0
43.5451,167.0,340.0
43.5489,134.0,340.0
43.5541,242.0,342.0
43.5589,-305.0,342.0
43.5639,-663.0,352.0
43.569,262.0,350.0
43.5739,796.0,362.0
43.5789,-128.0,362.0
43.5841,-579.0,370.0
43.5899,130.0,370.0
43.594,260.0,374.0
43.5989,-280.0,376.0
43.6039,-131.0,376.0
43.609,366.0,382.0
43.614,223.0,382.0
43.6192,-242.0,384.0
43.624,-318.0,386.0
43.629,15.0,384.0
43.6341,245.0,388.0
43.6389,101.0,388.0
43.6445,-76.0,388.0
43.649,-30.0,382.0
43.6541,10.0,378.0
43.659,-87.0,374.0
43.6642,-68.0,370.0
43.6691,109.0,368.0
43.6741,73.0,368.0
43.6797,-78.0,368.0
43.6844,55.0,366.0
43.6889,108.0,368.0
43.6943,-176.0,368.0
43.6991,-176.0,368.0
43.7045,150.0,370.0
43.7089,191.0,366.0
43.7146,-19.0,366.0
43.7194,-154.0,362.0
43.7241,-99.0,364.0
43.7292,109.0,356.0
43.734,134.0,358.0
43.7391,-52.0,352.0
43.7441,-44.0,352.0
43.7491,-1.0,348.0
43.7545,-160.0,348.0
43.7588,-17.0,346.0
43.764,364.0,350.0
43.7694,120.0,348.0
43.7741,-453.0,354.0
43.7794,-201.0,354.0
43.7841,433.0,358.0
43.789,181.0,360.0
43.794,-371.0,362.0
43.7989,-95.0,362.0
43.8041,295.0,360.0
43.8088,-7.0,360.0
43.8143,-212.0,358.0
43.8195,79.0,358.0
43.8244,103.0,358.0
43.8289,-72.0,358.0
43.8341,88.0,358.0
43.8398,60.0,354.0
43.8441,-281.0,356.0
43.8516,-140.0,354.0
43.8545,276.0,356.0
43.8589,195.0,354.0
43.8643,-70.0,354.0
43.8692,-56.0,354.0
43.8744,-80.0,354.0
43.8795,-181.0,356.0
43.8846,26.0,356.0
43.8891,296.0,358.0
43.8939,90.0,356.0
43.8991,-292.0,358.0
43.9042,-88.0,354.0
43.9089,364.0,358.0
43.9146,17.0,354.0
43.9191,-552.0,360.0
43.9241,-59.0,360.0
43.9291,656.0,366.0
43.9344,236.0,370.0
43.9408,-537.0,378.0
43.9445,-371.0,382.0
43.9492,322.0,388.0
43.9551,346.0,390.0
43.9589,-213.0,392.0
43.9646,-236.0,392.0
43.969,223.0,394.0
43.974,147.0,392.0
43.979,-206.0,390.0
43.9839,-76.0,390.0
43.9891,99.0,384.0
43.9944,-21.0,382.0
43.9989,11.0,378.0
44.0039,150.0,378.0
44.0091,-41.0,378.0
44.0141,-278.0,382.0
44.0193,20.0,380.0
44.0239,355.0,384.0
44.0297,-34.0,380.0
44.0346,-344.0,386.0
44.0392,105.0,386.0
44.0443,253.0,386.0
44.0502,-156.0,386.0
44.0541,-93.0,382.0
44.059,123.0,380.0
44.064,-152.0,378.0
44.0689,-33.0,374.0
44.074,447.0,376.0
44.0794,-10.0,374.0
44.0841,-623.0,380.0
44.0889,-35.0,378.0
44.0939,513.0,384.0
44.0991,50.0,386.0
44.105,-187.0,386.0
44.1089,89.0,386.0
44.1141,-70.0,382.0
44.1189,-281.0,384.0
44.1239,87.0,382.0
44.1291,315.0,386.0
44.1341,40.0,384.0
44.139,-128.0,384.0
44.144,-105.0,384.0
44.1523,-107.0,382.0
44.1549,16.0,378.0
44.1588,156.0,376.0
44.1641,121.0,372.0
44.169,25.0,368.0
44.1739,-113.0,366.0
44.179,-228.0,366.0
44.184,-86.0,366.0
44.1891,214.0,366.0
44.194,252.0,368.0
44.199,-31.0,362.0
44.204,-171.0,356.0
44.2089,-54.0,352.0
44.214,-73.0,340.0
44.219,-46.0,340.0
44.2239,242.0,334.0
44.2289,169.0,334.0
44.234,-244.0,334.0
44.2389,-157.0,332.0
44.2439,173.0,334.0
44.2492,-8.0,328.0
44.2541,-152.0,326.0
44.2591,203.0,326.0
44.2639,213.0,324.0
44.269,-270.0,328.0
44.274,-272.0,328.0
44.2792,195.0,330.0
44.284,237.0,332.0
44.2889,-95.0,334.0
44.2939,-133.0,336.0
44.2988,26.0,334.0
44.304,83.0,334.0
44.309,83.0,334.0
44.3139,-123.0,336.0
44.3189,-277.0,338.0
44.3239,126.0,340.0
44.3289,414.0,344.0
44.3341,16.0,342.0
44.3391,-315.0,344.0
44.344,-237.0,346.0
44.3488,19.0,342.0
44.3539,387.0,348.0
44.3592,262.0,350.0
44.3643,-387.0,354.0
44.3689,-381.0,358.0
44.3739,247.0,360.0
44.3789,343.0,364.0
44.3839,-38.0,364.0
44.3891,-246.0,368.0
44.3941,-88.0,368.0
44.3991,219.0,370.0
44.4039,30.0,366.0
44.4092,-344.0,368.0
44.4141,79.0,364.0
44.4194,514.0,368.0
44.4241,-57.0,362.0
44.4289,-504.0,368.0
44.4339,-30.0,362.0
44.4389,290.0,364.0
44.444,21.0,360.0
44.4493,-67.0,362.0
44.4541,68.0,360.0
44.4589,-36.0,358.0
44.4642,-124.0,358.0
44.4689,60.0,358.0
44.474,136.0,360.0
44.4793,-64.0,360.0
44.4841,-177.0,358.0
44.4889,45.0,356.0
44.4939,253.0,356.0
44.4989,-6.0,354.0
44.5045,-301.0,356.0
44.5091,-14.0,356.0
44.5139,298.0,360.0
44.5189,39.0,358.0
44.5239,-263.0,362.0
44.5289,-123.0,358.0
44.5341,175.0,360.0
44.5391,195.0,358.0
44.5441,-31.0,358.0
44.5489,-124.0,354.0
44.5539,-72.0,354.0
44.5589,-55.0,346.0
44.5643,55.0,346.0
44.5689,189.0,340.0
44.5739,4.0,336.0
44.5789,-214.0,330.0
44.5841,25.0,326.0
44.5892,191.0,324.0
44.5943,-170.0,320.0
44.5991,-206.0,320.0
44.604,299.0,322.0
44.6091,256.0,322.0
44.614,-296.0,324.0
44.6192,-242.0,324.0
44.6239,192.0,326.0
44.6291,134.0,326.0
44.6339,-87.0,328.0
44.6388,-29.0,328.0
44.6441,29.0,326.0
44.6491,-7.0,326.0
44.6541,-13.0,322.0
44.6589,-23.0,322.0
44.6639,3.0,316.0
44.6691,156.0,318.0
44.6739,66.0,314.0
44.6791,-394.0,318.0
44.6839,-261.0,318.0
44.689,580.0,326.0
44.6939,539.0,332.0
44.6991,-541.0,338.0
44.7041,-699.0,348.0
44.709,328.0,352.0
44.7142,581.0,354.0
44.7189,-174.0,356.0
44.724,-287.0,352.0
44.7292,187.0,354.0
44.7343,62.0,346.0
44.739,-193.0,348.0
44.7439,0.0,346.0
44.7488,-9.0,344.0
44.7539,-41.0,344.0
44.7588,314.0,344.0
44.7643,194.0,346.0
44.7692,-409.0,348.0
44.774,-367.0,352.0
44.779,185.0,354.0
44.7839,353.0,358.0
44.789,163.0,358.0
44.7939,-58.0,360.0
44.799,-369.0,362.0
44.804,-368.0,366.0
44.8089,321.0,370.0
44.8139,617.0,378.0
44.819,-151.0,378.0
44.824,-545.0,384.0
44.829,56.0,382.0
44.834,301.0,384.0
44.8389,-60.0,384.0
44.8441,-107.0,382.0
44.849,60.0,382.0
44.854,41.0,382.0
44.859,-3.0,382.0
44.864,-15.0,378.0
44.8689,-36.0,376.0
44.8742,-37.0,372.0
44.8789,-22.0,370.0
44.884,49.0,368.0
44.8889,117.0,370.0
44.8939,61.0,368.0
44.8989,-114.0,368.0
44.9042,-216.0,368.0
44.9089,9.0,364.0
44.9139,236.0,362.0
44.9189,46.0,360.0
44.924,-93.0,358.0
44.929,26.0,358.0
44.9341,-39.0,356.0
44.9392,-124.0,358.0
44.9439,11.0,356.0
44.9489,129.0,356.0
44.9539,157.0,358.0
44.9588,-39.0,354.0
44.9643,-341.0,358.0
44.9689,-63.0,352.0
44.9744,408.0,358.0
44.979,62.0,354.0
44.9839,-304.0,354.0
44.99,123.0,356.0
44.9939,124.0,352.0
44.999,-421.0,354.0
45.0039,-73.0,350.0
45.0089,566.0,352.0
45.0139,224.0,352.0
45.0191,-315.0,352.0
45.0242,-367.0,358.0
45.0289,-220.0,356.0
45.0339,282.0,360.0
45.0389,608.0,366.0
45.0439,-71.0,366.0
45.049,-566.0,370.0
45.0541,16.0,368.0
45.0589,230.0,364.0
45.0639,-195.0,366.0
45.0689,48.0,360.0
45.0738,385.0,366.0
45.0788,-86.0,362.0
45.084,-371.0,368.0
45.0889,-11.0,366.0
45.094,206.0,368.0
45.0989,56.0,368.0
45.1042,-77.0,368.0
45.1089,-4.0,368.0
45.114,47.0,366.0
45.1191,-65.0,366.0
45.1241,-64.0,364.0
45.129,83.0,364.0
45.1339,86.0,362.0
45.139,-58.0,364.0
45.1439,-88.0,360.0
45.1489,32.0,360.0
45.1538,37.0,356.0
45.1589,-20.0,356.0
45.164,65.0,352.0
45.1689,22.0,350.0
45.1739,-161.0,350.0
45.1792,-40.0,348.0
45.1839,201.0,350.0
45.1889,94.0,350.0
45.1939,-185.0,352.0
45.1989,-200.0,354.0
45.2038,117.0,356.0
45.2088,333.0,358.0
45.2139,3.0,358.0
45.2191,-400.0,360.0
45.224,-119.0,362.0
45.2289,317.0,364.0
45.2343,103.0,362.0
45.239,-144.0,362.0
45.244,57.0,358.0
45.2492,29.0,354.0
45.2539,-188.0,354.0
45.2589,-10.0,350.0
45.2641,113.0,348.0
45.2689,-16.0,346.0
45.2738,168.0,348.0
45.2791,142.0,350.0
45.2839,-459.0,356.0
45.2889,-306.0,360.0
45.2938,520.0,368.0
45.2989,324.0,374.0
45.3039,-344.0,378.0
45.309,-136.0,378.0
45.314,143.0,380.0
45.3189,-102.0,376.0
45.3239,-33.0,372.0
45.3291,229.0,366.0
45.3342,-38.0,358.0
45.3389,-223.0,354.0
45.3439,85.0,344.0
45.3489,151.0,340.0
45.3539,-80.0,332.0
45.359,-79.0,332.0
45.3643,101.0,328.0
45.3689,55.0,326.0
45.3739,-212.0,328.0
45.3789,-74.0,328.0
45.3844,313.0,332.0
45.3888,73.0,332.0
45.3942,-294.0,336.0
45.3991,-23.0,332.0
45.4039,182.0,332.0
45.409,2.0,326.0
45.414,-9.0,320.0
45.4191,-47.0,318.0
45.4239,-210.0,316.0
45.4289,29.0,314.0
45.4339,339.0,318.0
45.439,136.0,314.0
45.4439,-224.0,312.0
45.4494,-310.0,312.0
45.4541,-61.0,304.0
45.4589,305.0,306.0
45.4639,279.0,302.0
45.4688,-127.0,302.0
45.4741,-261.0,302.0
45.4789,-44.0,302.0
45.4841,63.0,302.0
45.4891,75.0,302.0
45.4939,119.0,302.0
45.4989,-18.0,302.0
45.5042,-177.0,306.0
45.5089,18.0,306.0
45.5141,130.0,306.0
45.5189,-142.0,308.0
45.5239,-36.0,308.0
45.5289,341.0,312.0
45.5342,-14.0,310.0
45.5391,-473.0,316.0
45.5439,-42.0,314.0
45.5489,395.0,320.0
45.5539,150.0,318.0
45.5592,-108.0,320.0
45.5643,-179.0,320.0
45.5689,-203.0,324.0
45.5739,94.0,324.0
45.5789,347.0,328.0
45.5839,-2.0,328.0
45.5889,-289.0,330.0
45.5939,28.0,328.0
45.5989,151.0,330.0
45.6039,-174.0,328.0
45.6089,-88.0,328.0
45.6139,312.0,326.0
45.6192,143.0,328.0
45.624,-307.0,328.0
45.629,-208.0,328.0
45.6339,157.0,330.0
45.6389,170.0,326.0
45.6438,8.0,324.0
45.6491,-60.0,316.0
45.654,-65.0,314.0
45.6589,-3.0,310.0
45.6639,-11.0,304.0
45.6688,-43.0,300.0
45.674,140.0,298.0
45.6792,170.0,292.0
45.6842,-193.0,294.0
45.6889,-255.0,288.0
45.6939,96.0,290.0
45.6989,162.0,290.0
45.7046,61.0,288.0
45.7089,106.0,288.0
45.7141,-113.0,284.0
45.7189,-354.0,288.0
45.724,47.0,282.0
45.7289,386.0,288.0
45.734,-34.0,286.0
45.7394,-229.0,288.0
45.7442,170.0,290.0
45.7489,77.0,292.0
45.7542,-340.0,296.0
45.7588,-47.0,296.0
45.7644,364.0,300.0
45.769,55.0,300.0
45.7739,-231.0,302.0
45.7792,66.0,302.0
45.7839,116.0,302.0
45.7892,-339.0,308.0
45.795,-107.0,308.0
45.7988,608.0,318.0
45.8044,102.0,318.0
45.809,-756.0,330.0
45.8139,-47.0,328.0
45.8189,776.0,340.0
45.8239,31.0,336.0
45.8289,-639.0,346.0
45.8344,-88.0,344.0
45.8389,347.0,346.0
45.844,132.0,346.0
45.8494,-42.0,342.0
45.8539,-101.0,344.0
45.8589,-113.0,338.0
45.8639,39.0,338.0
45.8692,134.0,334.0
45.8739,-1.0,334.0
45.8789,-158.0,334.0
45.8841,-42.0,334.0
45.8889,256.0,336.0
45.8939,161.0,336.0
45.8991,-358.0,342.0
45.9041,-271.0,344.0
45.909,400.0,350.0
45.914,196.0,350.0
45.9192,-455.0,356.0
45.9238,12.0,348.0
45.9289,539.0,352.0
45.9341,-130.0,346.0
45.9391,-481.0,348.0
45.9441,125.0,346.0
45.9489,175.0,346.0
45.9539,-124.0,346.0
45.959,188.0,346.0
45.9641,162.0,348.0
45.9689,-372.0,352.0
45.9739,-167.0,354.0
45.9789,357.0,356.0
45.9838,76.0,354.0
45.9891,-287.0,358.0
45.9939,89.0,358.0
45.9988,285.0,360.0
46.0039,-243.0,362.0
46.009,-398.0,368.0
46.0139,274.0,370.0
46.0191,582.0,376.0
46.0239,-96.0,374.0
46.0289,-665.0,382.0
46.0339,-204.0,382.0
46.0389,487.0,388.0
46.0451,350.0,392.0
46.0491,-147.0,394.0
46.0541,-195.0,396.0
46.059,-65.0,396.0
46.0639,-82.0,394.0
46.0689,37.0,394.0
46.074,229.0,394.0
46.0792,74.0,392.0
46.0841,-208.0,392.0
46.0889,-96.0,388.0
46.0941,139.0,390.0
46.0988,15.0,386.0
46.1044,-110.0,382.0
46.1089,64.0,382.0
46.1141,145.0,380.0
46.1191,-51.0,380.0
46.1239,-186.0,382.0
46.1288,-26.0,382.0
46.1343,141.0,382.0
46.139,55.0,382.0
46.1441,-27.0,380.0
46.1488,-11.0,380.0
46.1541,-39.0,378.0
46.1591,-15.0,376.0
46.164,38.0,376.0
46.1692,-26.0,372.0
46.1739,-83.0,372.0
46.1789,74.0,366.0
46.1839,203.0,368.0
46.1891,-61.0,364.0
46.194,-263.0,366.0
46.199,46.0,364.0
46.2039,195.0,364.0
46.2091,-122.0,364.0
46.2139,-114.0,364.0
46.219,250.0,362.0
46.224,104.0,364.0
46.2289,-301.0,364.0
46.2339,-112.0,366.0
46.2389,233.0,366.0
46.2438,82.0,364.0
46.2494,-103.0,366.0
46.2541,-34.0,360.0
46.2588,-18.0,358.0
46.2638,4.0,354.0
46.2689,86.0,352.0
46.2739,-27.0,350.0
46.2792,-110.0,350.0
46.284,130.0,352.0
46.2889,172.0,352.0
46.2939,-230.0,356.0
46.2989,-300.0,360.0
46.3041,177.0,362.0
46.3089,405.0,368.0
46.3139,27.0,366.0
46.319,-367.0,370.0
46.3242,-190.0,370.0
46.3289,148.0,368.0
46.3342,136.0,368.0
46.3389,129.0,368.0
46.344,80.0,368.0
46.3489,-257.0,370.0
46.3539,-247.0,372.0
46.3589,159.0,370.0
46.3642,244.0,372.0
46.3691,41.0,368.0
46.3739,-114.0,368.0
46.3789,-165.0,368.0
46.384,-36.0,366.0
46.3892,128.0,366.0
46.394,112.0,362.0
46.3991,-12.0,362.0
46.4039,-94.0,358.0
46.4088,-34.0,358.0
46.4139,68.0,356.0
46.419,-23.0,354.0
46.4242,-103.0,354.0
46.429,116.0,350.0
46.434,144.0,352.0
46.4389,-181.0,344.0
46.444,-98.0,344.0
46.449,199.0,336.0
46.454,-25.0,336.0
46.4589,-155.0,326.0
46.4642,131.0,328.0
46.4688,52.0,318.0
46.4739,-182.0,320.0
46.479,42.0,316.0
46.484,191.0,316.0
46.4889,-81.0,316.0
46.4939,-178.0,318.0
46.4989,89.0,318.0
46.504,189.0,320.0
46.5089,-82.0,318.0
46.5139,-255.0,322.0
46.5191,56.0,322.0
46.5238,315.0,326.0
46.5289,-78.0,322.0
46.534,-285.0,324.0
46.5391,192.0,322.0
46.5441,185.0,320.0
46.5489,-291.0,320.0
46.5539,-73.0,318.0
46.5591,219.0,314.0
46.5644,-108.0,314.0
46.569,3.0,306.0
46.574,423.0,312.0
46.579,-151.0,306.0
46.5839,-701.0,316.0
46.5889,67.0,314.0
46.5942,674.0,322.0
46.5991,104.0,320.0
46.6039,-333.0,324.0
46.6089,-115.0,320.0
46.6139,-35.0,318.0
46.6189,-40.0,312.0
46.6239,197.0,314.0
46.6289,166.0,312.0
46.634,-208.0,314.0
46.6389,-179.0,312.0
46.6442,252.0,312.0
46.6492,191.0,310.0
46.6539,-324.0,310.0
46.6589,-284.0,306.0
46.6639,271.0,308.0
46.6688,363.0,304.0
46.6739,-97.0,302.0
46.6792,-323.0,300.0
46.6839,-18.0,294.0
46.689,217.0,296.0
46.6938,19.0,292.0
46.6989,-118.0,294.0
46.7042,0.0,292.0
46.7089,-17.0,292.0
46.7141,-22.0,288.0
46.7199,201.0,290.0
46.7239,100.0,288.0
46.729,-307.0,292.0
46.7341,-144.0,292.0
46.7391,273.0,296.0
46.7441,-4.0,294.0
46.7489,-237.0,298.0
46.7539,255.0,298.0
46.759,310.0,302.0
46.7642,-324.0,306.0
46.769,-373.0,310.0
46.7739,135.0,310.0
46.7789,300.0,314.0
46.7839,83.0,316.0
46.7892,-166.0,318.0
46.7945,-139.0,320.0
46.799,63.0,320.0
46.8038,48.0,320.0
46.8088,59.0,320.0
46.8139,115.0,322.0
46.8199,-210.0,324.0
46.824,-317.0,324.0
46.8289,238.0,328.0
46.8347,459.0,330.0
46.8397,-87.0,332.0
46.8446,-415.0,334.0
46.849,-69.0,334.0
46.8539,229.0,336.0
46.8589,79.0,334.0
46.8639,-81.0,332.0
46.869,0.0,328.0
46.8739,54.0,328.0
46.879,-40.0,324.0
46.8841,-59.0,324.0
46.8889,35.0,322.0
46.894,21.0,322.0
46.899,-46.0,322.0
46.9039,6.0,324.0
46.909,15.0,322.0
46.914,35.0,322.0
46.9196,153.0,322.0
46.9244,-89.0,322.0
46.9291,-380.0,326.0
46.934,62.0,322.0
46.9391,469.0,326.0
46.9438,23.0,322.0
46.9489,-394.0,322.0
46.9538,-54.0,324.0
46.9594,330.0,322.0
46.9642,33.0,320.0
46.9692,-374.0,324.0
46.9739,-70.0,322.0
46.9789,379.0,326.0
46.9839,133.0,328.0
46.989,-191.0,326.0
46.9941,-69.0,324.0
46.9991,-104.0,322.0
47.0039,-124.0,320.0
47.0091,286.0,324.0
47.014,267.0,328.0
47.0191,-270.0,328.0
47.0239,-232.0,332.0
47.0291,154.0,332.0
47.0339,47.0,332.0
47.0389,-88.0,332.0
47.044,189.0,334.0
47.0492,170.0,336.0
47.0541,-368.0,340.0
47.0589,-338.0,346.0
47.0639,393.0,350.0
47.0689,408.0,354.0
47.074,-282.0,356.0
47.0791,-299.0,358.0
47.0839,139.0,360.0
47.0889,109.0,358.0
47.0939,-23.0,358.0
47.1003,64.0,356.0
47.1038,-63.0,356.0
47.1089,-197.0,358.0
47.1138,77.0,356.0
47.1189,242.0,360.0
47.1251,19.0,356.0
47.1289,-166.0,358.0
47.134,-161.0,358.0
47.139,38.0,356.0
47.1441,223.0,358.0
47.1488,29.0,356.0
47.1539,-174.0,356.0
47.1588,-4.0,354.0
47.1639,119.0,352.0
47.169,-34.0,350.0
47.1739,-162.0,348.0
47.1789,-10.0,346.0
47.1839,241.0,346.0
47.1889,140.0,344.0
47.194,-189.0,346.0
47.199,-222.0,346.0
47.2039,-30.0,344.0
47.2089,120.0,346.0
47.2139,237.0,344.0
47.219,107.0,344.0
47.2239,-229.0,336.0
47.2292,-264.0,338.0
47.2341,0.0,328.0
47.239,267.0,330.0
47.2438,279.0,330.0
47.2494,-204.0,332.0
47.2539,-435.0,338.0
47.2589,138.0,340.0
47.2639,399.0,342.0
47.2689,-53.0,340.0
47.2739,-232.0,340.0
47.2791,-23.0,338.0
47.284,86.0,336.0
47.2889,38.0,334.0
47.2939,-66.0,330.0
47.2988,-5.0,326.0
47.3038,133.0,324.0
47.3089,-42.0,318.0
47.3142,-212.0,320.0
47.3191,83.0,316.0
47.3241,279.0,320.0
47.3298,-72.0,318.0
47.3339,-317.0,322.0
47.339,12.0,320.0
47.3441,309.0,326.0
47.3489,27.0,326.0
47.3542,-283.0,330.0
47.359,-15.0,328.0
47.3641,252.0,330.0
47.3689,8.0,324.0
47.3739,-177.0,326.0
47.3789,-5.0,322.0
47.3839,66.0,322.0
47.3893,-57.0,320.0
47.3944,-5.0,316.0
47.399,157.0,312.0
47.4039,22.0,308.0
47.4089,-223.0,306.0
47.4142,-76.0,304.0
47.419,244.0,304.0
47.4239,172.0,306.0
47.429,-200.0,306.0
47.4342,-296.0,308.0
47.4389,26.0,308.0
47.4441,305.0,312.0
47.4492,227.0,314.0
47.4541,-80.0,314.0
47.4589,-342.0,316.0
47.4638,-238.0,314.0
47.4689,191.0,314.0
47.4739,358.0,312.0
47.4792,51.0,312.0
47.484,-190.0,308.0
47.4889,-114.0,310.0
47.4938,-46.0,306.0
47.4989,-45.0,306.0
47.5039,96.0,306.0
47.5089,231.0,310.0
47.5139,55.0,310.0
47.5189,-275.0,314.0
47.5238,-224.0,316.0
47.5289,214.0,318.0
47.5344,271.0,322.0
47.5391,-191.0,324.0
47.5441,-182.0,328.0
47.5489,284.0,332.0
47.5539,24.0,332.0
47.559,-448.0,336.0
47.5642,91.0,336.0
47.569,562.0,340.0
47.5739,-80.0,340.0
47.5791,-512.0,340.0
47.5839,-35.0,340.0
47.5889,289.0,338.0
47.5942,149.0,340.0
47.599,2.0,334.0
47.6039,-164.0,336.0
47.6089,-217.0,334.0
47.614,49.0,334.0
47.6193,257.0,332.0
47.6241,131.0,332.0
47.629,-128.0,332.0
47.6339,-226.0,334.0
47.6389,-32.0,332.0
47.6439,182.0,334.0
47.6492,75.0,330.0
47.654,-120.0,328.0
47.6588,-21.0,324.0
47.6639,135.0,322.0
47.6689,2.0,320.0
47.6739,-177.0,322.0
47.679,-57.0,322.0
47.6839,181.0,322.0
47.6889,112.0,320.0
47.6938,-148.0,318.0
47.6989,-99.0,314.0
47.7039,110.0,310.0
47.7089,22.0,302.0
47.7139,-89.0,300.0
47.7189,58.0,296.0
47.724,89.0,296.0
47.7291,-98.0,296.0
47.734,-106.0,296.0
47.7389,84.0,296.0
47.7438,118.0,298.0
47.75,-35.0,296.0
47.755,-72.0,296.0
47.7589,1.0,292.0
47.764,-24.0,292.0
47.769,-21.0,290.0
47.7739,74.0,288.0
47.779,66.0,288.0
47.7839,-13.0,284.0
47.7888,-72.0,286.0
47.7942,-118.0,284.0
47.799,6.0,284.0
47.8039,246.0,286.0
47.8088,103.0,288.0
47.8139,-306.0,290.0
47.8189,-184.0,292.0
47.8239,264.0,294.0
47.8289,154.0,294.0
47.8339,-185.0,294.0
47.8389,-21.0,290.0
47.8439,161.0,292.0
47.8491,-88.0,292.0
47.8546,-134.0,290.0
47.8595,86.0,290.0
47.8639,-4.0,286.0
47.8689,-22.0,282.0
47.8739,189.0,286.0
47.8789,-41.0,282.0
47.8842,-262.0,282.0
47.8889,131.0,280.0
47.8939,213.0,278.0
47.8989,-257.0,278.0
47.9041,-156.0,276.0
47.9089,346.0,280.0
47.914,149.0,278.0
47.9189,-348.0,284.0
47.9241,-153.0,284.0
47.929,301.0,288.0
47.9342,121.0,290.0
47.9391,-264.0,294.0
47.9439,-54.0,292.0
47.9489,234.0,296.0
47.9538,-2.0,292.0
47.959,-160.0,294.0
47.9639,-3.0,288.0
47.9694,26.0,288.0
47.9739,110.0,284.0
47.9789,141.0,286.0
47.9839,-286.0,286.0
47.9891,-317.0,292.0
47.9942,430.0,294.0
47.9991,477.0,300.0
48.0045,-456.0,304.0
48.0089,-558.0,312.0
48.0139,347.0,316.0
48.0189,473.0,322.0
48.0241,-190.0,324.0
48.0289,-231.0,328.0
48.0341,125.0,328.0
48.0466,14.0,326.0
48.047,-176.0,330.0
48.0492,-11.0,326.0
48.054,189.0,328.0
48.059,155.0,326.0
48.064,-51.0,324.0
48.0691,-196.0,324.0
48.074,-133.0,322.0
48.079,39.0,322.0
48.084,159.0,320.0
48.089,129.0,318.0
48.0939,44.0,318.0
48.099,-75.0,314.0
48.104,-298.0,314.0
48.1091,-195.0,314.0
48.114,328.0,314.0
48.1188,405.0,320.0
48.1239,-132.0,318.0
48.1289,-344.0,322.0
48.1339,-31.0,322.0
48.139,125.0,324.0
48.1439,30.0,322.0
48.1489,10.0,318.0
48.1552,19.0,318.0
48.1589,-7.0,314.0
48.1639,-8.0,310.0
48.169,-52.0,308.0
48.174,-26.0,304.0
48.1789,136.0,304.0
48.1838,3.0,300.0
48.1889,-260.0,300.0
48.1941,85.0,302.0
48.1991,367.0,300.0
48.2039,-194.0,302.0
48.2088,-370.0,298.0
48.214,291.0,302.0
48.2191,272.0,298.0
48.2241,-361.0,304.0
48.2289,-158.0,300.0
48.2339,415.0,306.0
48.2388,91.0,306.0
48.244,-461.0,312.0
48.2493,-91.0,310.0
48.2541,446.0,316.0
48.2589,129.0,314.0
48.2641,-300.0,316.0
48.2688,-144.0,316.0
48.274,66.0,314.0
48.279,106.0,314.0
48.2841,109.0,314.0
48.2889,-40.0,314.0
48.2938,-147.0,314.0
48.2988,5.0,314.0
48.3039,107.0,314.0
48.3091,-42.0,314.0
48.3141,-88.0,312.0
48.3191,165.0,314.0
48.324,134.0,314.0
48.3291,-342.0,316.0
48.3345,-256.0,318.0
48.339,453.0,324.0
48.3441,383.0,328.0
48.3491,-390.0,334.0
48.3541,-356.0,338.0
48.3588,235.0,340.0
48.3645,157.0,342.0
48.3695,-164.0,344.0
48.3738,17.0,342.0
48.3793,229.0,344.0
48.384,8.0,342.0
48.3893,-317.0,346.0
48.3949,-248.0,350.0
48.3995,241.0,354.0
48.4039,558.0,362.0
48.409,91.0,362.0
48.4141,-701.0,372.0
48.4193,-544.0,380.0
48.4238,497.0,388.0
48.4299,874.0,400.0
48.4345,49.0,398.0
48.4391,-877.0,412.0
48.4438,-669.0,420.0
48.4496,470.0,424.0
48.4541,923.0,434.0
48.4592,107.0,434.0
48.4641,-624.0,438.0
48.4691,-422.0,444.0
48.4742,106.0,442.0
48.4796,354.0,448.0
48.4844,146.0,446.0
48.4891,-220.0,448.0
48.4939,-25.0,448.0
48.4991,320.0,450.0
48.5041,-182.0,454.0
48.5097,-556.0,462.0
48.5143,216.0,462.0
48.52,612.0,472.0
48.5241,-132.0,470.0
48.5293,-408.0,474.0
48.5343,113.0,472.0
48.5394,164.0,470.0
48.544,-179.0,470.0
48.5489,-77.0,466.0
48.554,249.0,468.0
48.5588,172.0,466.0
48.5644,-263.0,468.0
48.5689,-354.0,468.0
48.5744,152.0,468.0
48.579,445.0,472.0
48.5841,75.0,472.0
48.5892,-298.0,472.0
48.5946,-264.0,476.0
48.5995,30.0,474.0
48.6041,272.0,478.0
48.609,53.0,480.0
48.6141,-166.0,480.0
48.6193,120.0,480.0
48.6249,110.0,478.0
48.6288,-301.0,476.0
48.6343,-136.0,472.0
48.6395,259.0,468.0
48.6441,109.0,464.0
48.6489,-79.0,456.0
48.6538,51.0,452.0
48.6604,27.0,444.0
48.6657,-184.0,444.0
48.6691,-159.0,444.0
48.6738,74.0,442.0
48.679,242.0,446.0
48.6841,196.0,446.0
48.6888,-112.0,448.0
48.6944,-350.0,450.0
48.6991,-81.0,450.0
48.7042,301.0,454.0
48.7089,102.0,452.0
48.7144,-191.0,452.0
48.7195,61.0,452.0
48.7241,131.0,452.0
48.7292,-223.0,454.0
48.7344,-112.0,456.0
48.7391,233.0,458.0
48.7443,65.0,454.0
48.749,-140.0,452.0
48.7538,84.0,450.0
48.7592,119.0,444.0
48.7643,-317.0,448.0
48.7694,-252.0,446.0
48.774,481.0,454.0
48.7791,449.0,458.0
48.7841,-457.0,464.0
48.7893,-538.0,474.0
48.7948,306.0,478.0
48.7994,436.0,484.0
48.8041,-181.0,488.0
48.809,-226.0,490.0
48.8148,152.0,492.0
48.8192,51.0,490.0
48.8241,-167.0,492.0
48.8293,31.0,490.0
48.8344,162.0,490.0
48.8394,-39.0,486.0
48.8441,-132.0,484.0
48.8495,-21.0,480.0
48.8539,104.0,476.0
48.8589,118.0,474.0
48.8644,-93.0,470.0
48.869,-158.0,470.0
48.8742,116.0,464.0
48.8795,116.0,466.0
48.8846,-168.0,460.0
48.8888,-76.0,460.0
48.894,191.0,456.0
48.8991,103.0,456.0
48.9042,-143.0,454.0
48.9088,-156.0,454.0
48.9144,81.0,454.0
48.9197,160.0,454.0
48.924,-78.0,454.0
48.929,-107.0,456.0
48.9343,114.0,454.0
48.9401,35.0,456.0
48.9447,-112.0,456.0
48.949,22.0,456.0
48.9541,31.0,454.0
48.9592,-49.0,452.0
48.9639,91.0,452.0
48.9689,53.0,448.0
48.9739,-171.0,446.0
48.9796,-53.0,440.0
48.984,164.0,436.0
48.9895,13.0,430.0
48.9946,-128.0,426.0
48.9996,98.0,424.0
49.0038,153.0,424.0
49.009,-195.0,426.0
49.0141,-251.0,428.0
49.0195,170.0,428.0
49.0242,310.0,432.0
49.0288,-83.0,428.0
49.034,-222.0,428.0
49.0395,89.0,426.0
49.0441,63.0,418.0
49.0499,-220.0,420.0
49.0543,-14.0,410.0
49.059,343.0,406.0
49.064,107.0,400.0
49.0689,-307.0,392.0
49.0743,-208.0,394.0
49.0803,87.0,382.0
49.0845,176.0,374.0
49.0888,159.0,370.0
49.094,1.0,354.0
49.0991,-222.0,356.0
49.1042,-179.0,350.0
49.1097,91.0,344.0
49.1147,186.0,346.0
49.1196,19.0,340.0
49.1241,-11.0,338.0
49.1291,54.0,336.0
49.1349,-175.0,338.0
49.1402,-214.0,336.0
49.1443,212.0,336.0
49.149,243.0,332.0
49.154,-117.0,330.0
49.1591,-85.0,322.0
49.1644,5.0,320.0
49.169,-116.0,316.0
49.1739,75.0,316.0
49.1796,215.0,316.0
49.1841,-140.0,316.0
49.1891,-190.0,318.0
49.1947,195.0,316.0
49.199,117.0,316.0
49.204,-234.0,314.0
49.2091,-54.0,310.0
49.2144,266.0,312.0
49.2194,40.0,306.0
49.2242,-279.0,308.0
49.2288,-92.0,306.0
49.2344,223.0,304.0
49.2394,153.0,306.0
49.2449,-117.0,304.0
49.249,-169.0,306.0
49.2544,81.0,304.0
49.2588,147.0,306.0
49.2644,-167.0,306.0
49.269,-89.0,302.0
49.2738,282.0,306.0
49.2797,-6.0,302.0
49.2846,-304.0,304.0
49.289,77.0,304.0
49.2943,186.0,306.0
49.2994,-82.0,308.0
49.3041,11.0,304.0
49.3089,56.0,302.0
49.3144,-153.0,304.0
49.3193,-30.0,300.0
49.3241,172.0,300.0
49.3291,-4.0,298.0
49.3342,-139.0,296.0
49.339,32.0,294.0
49.344,149.0,292.0
49.3488,5.0,290.0
49.3539,-183.0,290.0
49.359,-103.0,292.0
49.3643,156.0,292.0
49.369,166.0,290.0
49.374,-50.0,290.0
49.379,-138.0,288.0
49.3838,-59.0,288.0
49.3889,65.0,288.0
49.394,106.0,288.0
49.3991,-25.0,286.0
49.4038,-93.0,282.0
49.4089,13.0,278.0
49.4138,24.0,272.0
49.4188,-1.0,264.0
49.424,126.0,260.0
49.4288,54.0,252.0
49.4338,-266.0,252.0
49.4388,-190.0,248.0
49.4438,217.0,248.0
49.449,236.0,248.0
49.4538,-13.0,246.0
49.4588,-68.0,246.0
49.4638,-93.0,246.0
49.4689,-146.0,246.0
49.4739,14.0,244.0
49.4791,185.0,246.0
49.4838,94.0,246.0
49.4889,-47.0,246.0
49.4939,-102.0,246.0
49.4989,-112.0,246.0
49.504,19.0,246.0
49.5089,168.0,246.0
49.514,62.0,244.0
49.5191,-105.0,244.0
49.5239,-39.0,242.0
49.5289,23.0,242.0
49.534,-85.0,240.0
49.539,-13.0,238.0
49.544,190.0,240.0
49.5488,56.0,238.0
49.554,-191.0,240.0
49.5589,-53.0,238.0
49.5643,153.0,240.0
49.569,-52.0,238.0
49.5739,-197.0,240.0
49.5789,172.0,242.0
49.5844,337.0,246.0
49.5889,-136.0,246.0
49.5939,-412.0,252.0
49.5989,-68.0,254.0
49.6038,255.0,256.0
49.6088,250.0,258.0
49.6138,59.0,258.0
49.6192,-248.0,260.0
49.6239,-278.0,262.0
49.6289,106.0,264.0
49.6338,276.0,266.0
49.6388,23.0,264.0
49.6441,-136.0,264.0
49.6492,-44.0,262.0
49.654,-38.0,258.0
49.6589,-49.0,256.0
49.6639,176.0,254.0
49.6689,219.0,256.0
49.6741,-166.0,256.0
49.679,-362.0,260.0
49.6839,-10.0,260.0
49.6889,373.0,262.0
49.6939,198.0,264.0
49.699,-265.0,264.0
49.7039,-242.0,266.0
49.7089,115.0,262.0
49.714,110.0,260.0
49.7189,40.0,260.0
49.7239,135.0,260.0
49.729,-145.0,260.0
49.734,-350.0,264.0
49.739,117.0,264.0
49.744,369.0,266.0
49.7488,11.0,264.0
49.754,-177.0,264.0
49.7588,-108.0,266.0
49.7638,-30.0,266.0
49.7689,123.0,268.0
49.7738,37.0,266.0
49.7789,-152.0,264.0
49.7839,148.0,264.0
49.7889,281.0,264.0
49.7939,-330.0,268.0
49.7994,-431.0,272.0
49.8045,359.0,278.0
49.8089,418.0,282.0
49.8144,-280.0,286.0
49.8189,-173.0,286.0
49.8239,247.0,288.0
49.8289,-136.0,286.0
49.834,-313.0,288.0
49.8388,299.0,290.0
49.8439,360.0,292.0
49.8494,-291.0,296.0
49.8541,-288.0,296.0
49.8588,245.0,300.0
49.864,148.0,298.0
49.869,-221.0,300.0
49.874,-44.0,298.0
49.8792,146.0,298.0
49.884,-7.0,296.0
49.8889,8.0,292.0
49.8948,60.0,292.0
49.8988,-151.0,292.0
49.9041,-140.0,292.0
49.9091,194.0,294.0
49.9139,205.0,292.0
49.919,-179.0,296.0
49.9239,-199.0,294.0
49.9289,210.0,296.0
49.934,117.0,294.0
49.939,-292.0,298.0
49.944,0.0,298.0
49.9488,330.0,302.0
49.9539,-102.0,302.0
49.959,-264.0,306.0
49.9643,158.0,304.0
49.9689,130.0,306.0
49.974,-170.0,308.0
49.9788,1.0,306.0
49.9838,151.0,306.0
49.9889,-76.0,308.0
49.9939,-107.0,306.0
49.999,106.0,306.0
50.0039,71.0,306.0
0.0005,-67.0,160.0
0.0008,-100.0,162.0
0.0011,-12.0,160.0
0.0014,198.0,162.0
0.0017,94.0,162.0
0.0019,-229.0,164.0
0.0021,-143.0,166.0
0.0023,229.0,168.0
0.0025,166.0,170.0
0.0028,-236.0,174.0
0.0029,-193.0,176.0
0.0032,239.0,178.0
0.0034,232.0,182.0
0.0036,-205.0,182.0
0.0037,-244.0,186.0
0.0039,132.0,184.0
0.0041,176.0,186.0
0.0042,-65.0,184.0
0.0044,-42.0,182.0
0.0045,56.0,182.0
0.0047,-62.0,180.0
0.0048,-72.0,180.0
0.005,59.0,180.0
0.0051,-10.0,180.0
0.0053,-10.0,176.0
0.0055,225.0,180.0
0.0057,29.0,176.0
0.0059,-415.0,180.0
0.006,-99.0,178.0
0.0062,426.0,182.0
0.0063,102.0,182.0
0.0065,-293.0,186.0
0.0067,-5.0,184.0
0.0068,156.0,186.0
0.007,-97.0,188.0
0.0071,-81.0,188.0
0.0074,124.0,188.0
0.0077,33.0,188.0
0.0079,-82.0,190.0
0.0081,34.0,190.0
0.0084,23.0,190.0
0.0086,-131.0,192.0
0.0088,1.0,190.0
0.009,214.0,194.0
0.0091,41.0,192.0
0.0093,-215.0,196.0
0.0095,-123.0,196.0
0.0097,109.0,196.0
0.0098,150.0,198.0
0.01,34.0,196.0
0.0101,-87.0,196.0
0.0103,-117.0,198.0
0.0104,2.0,196.0
0.0106,117.0,196.0
0.0107,45.0,194.0
0.0109,-94.0,196.0
0.0111,-70.0,196.0
0.0112,82.0,196.0
0.0114,109.0,198.0
0.0116,-67.0,198.0
0.0117,-161.0,200.0
0.0119,40.0,198.0
0.012,198.0,200.0
0.0122,-23.0,198.0
0.0124,-216.0,200.0
0.0125,23.0,200.0
0.0127,225.0,204.0
0.0128,-16.0,204.0
0.013,-210.0,206.0
0.0134,-7.0,206.0
0.0137,146.0,206.0
0.014,28.0,204.0
0.0142,-38.0,204.0
0.0144,-25.0,202.0
0.0146,-58.0,202.0
0.0147,11.0,200.0
0.0149,71.0,202.0
0.0151,-27.0,202.0
0.0152,5.0,202.0
0.0154,105.0,202.0
0.0156,-62.0,200.0
0.0157,-205.0,202.0
0.0159,3.0,198.0
0.016,238.0,202.0
0.0162,122.0,202.0
0.0164,-168.0,202.0
0.0165,-175.0,204.0
0.0167,73.0,204.0
0.0169,111.0,204.0
0.017,-65.0,204.0
0.0172,-16.0,204.0
0.0173,150.0,206.0
0.0175,-10.0,206.0
0.0177,-205.0,208.0
0.0178,-15.0,208.0
0.018,131.0,210.0
0.0182,7.0,208.0
0.0184,20.0,208.0
0.0185,62.0,208.0
0.0187,-126.0,208.0
0.0189,-127.0,208.0
0.019,138.0,210.0
0.0192,117.0,212.0
0.0195,-118.0,214.0
0.0198,-57.0,214.0
0.02,120.0,214.0
0.0202,32.0,214.0
0.0204,-95.0,214.0
0.0206,-59.0,212.0
0.0208,-3.0,212.0
0.0209,61.0,212.0
0.0211,105.0,210.0
0.0212,2.0,210.0
0.0213,-97.0,206.0
0.0215,-62.0,206.0
0.0216,6.0,202.0
0.0218,40.0,202.0
0.0219,37.0,200.0
0.022,34.0,200.0
0.0222,17.0,198.0
0.0223,-80.0,198.0
0.0225,-85.0,198.0
0.0226,89.0,200.0
0.0228,94.0,200.0
0.0229,-106.0,200.0
0.0231,-69.0,200.0
0.0232,130.0,200.0
0.0234,56.0,202.0
0.0235,-118.0,202.0
0.0237,-41.0,202.0
0.0238,85.0,202.0
0.024,18.0,200.0
0.0241,-82.0,200.0
0.0243,-30.0,196.0
0.0244,92.0,196.0
0.0246,96.0,194.0
0.0247,-38.0,192.0
0.0249,-141.0,190.0
0.025,-84.0,188.0
0.0252,86.0,186.0
0.0253,175.0,184.0
0.0255,38.0,182.0
0.0258,-153.0,180.0
0.0259,-112.0,180.0
0.0262,66.0,178.0
0.0265,72.0,178.0
0.0269,-25.0,178.0
0.027,4.0,178.0
0.0271,59.0,178.0
0.0273,-20.0,176.0
0.0274,-99.0,178.0
0.0276,-28.0,178.0
0.0277,102.0,180.0
0.0279,104.0,178.0
0.028,-96.0,178.0
0.0283,-202.0,174.0
0.0285,84.0,174.0
0.0286,300.0,172.0
0.0287,-20.0,172.0
0.0289,-321.0,172.0
0.0291,-83.0,174.0
0.0292,223.0,174.0
0.0294,140.0,174.0
0.0295,-73.0,174.0
0.0297,-108.0,174.0
0.0298,-25.0,174.0
0.0299,63.0,174.0
0.0301,37.0,174.0
0.0302,-104.0,176.0
0.0304,-10.0,174.0
0.0305,210.0,176.0
0.0306,17.0,174.0
0.0308,-235.0,176.0
0.0309,-58.0,174.0
0.0311,84.0,174.0
0.0313,68.0,174.0
0.0317,156.0,174.0
0.0319,-25.0,172.0
0.0321,-327.0,176.0
0.0323,-20.0,176.0
0.0325,365.0,180.0
0.0327,37.0,180.0
0.0328,-303.0,184.0
0.033,-22.0,182.0
0.0331,186.0,184.0
0.0333,-44.0,184.0
0.0335,-46.0,182.0
0.0336,171.0,184.0
0.0338,-74.0,184.0
0.0339,-291.0,186.0
0.034,167.0,186.0
0.0342,325.0,192.0
0.0343,-253.0,192.0
0.0345,-277.0,196.0
0.0346,300.0,196.0
0.0348,208.0,200.0
0.0349,-233.0,200.0
0.0351,-135.0,202.0
0.0352,69.0,202.0
0.0353,41.0,202.0
0.0355,70.0,202.0
0.0356,59.0,202.0
0.0358,-110.0,204.0
0.036,-123.0,204.0
0.0361,100.0,206.0
0.0362,141.0,208.0
0.0364,-96.0,208.0
0.0365,-136.0,208.0
0.0367,93.0,210.0
0.0368,130.0,208.0
0.0369,-71.0,210.0
0.0371,-137.0,208.0
0.0372,41.0,206.0
0.0374,148.0,206.0
0.0376,-13.0,204.0
0.0379,-130.0,204.0
0.0381,-9.0,202.0
0.0383,67.0,204.0
0.0384,17.0,204.0
0.0385,8.0,200.0
0.0386,-1.0,200.0
0.0388,-39.0,198.0
0.0389,-18.0,198.0
0.039,4.0,196.0
0.0392,17.0,196.0
0.0394,68.0,198.0
0.0395,20.0,196.0
0.0397,-133.0,196.0
0.0399,-95.0,196.0
0.04,151.0,196.0
0.0401,164.0,196.0
0.0403,-113.0,196.0
0.0405,-168.0,198.0
0.0406,45.0,198.0
0.0407,87.0,198.0
0.0408,22.0,198.0
0.041,50.0,196.0
0.0411,-80.0,198.0
0.0413,-202.0,200.0
0.0414,98.0,200.0
0.0415,317.0,206.0
0.0417,-40.0,204.0
0.0418,-339.0,208.0
0.042,-59.0,210.0
0.0422,258.0,212.0
0.0423,115.0,214.0
0.0425,-132.0,216.0
0.0426,-87.0,216.0
0.0427,45.0,216.0
0.0429,17.0,216.0
0.043,-31.0,214.0
0.0432,23.0,214.0
0.0433,42.0,212.0
0.0435,-15.0,212.0
0.0437,0.0,210.0
0.0439,13.0,208.0
0.0442,-83.0,208.0
0.0444,-60.0,208.0
0.0446,99.0,208.0
0.0447,99.0,210.0
0.0448,1.0,208.0
0.045,-57.0,208.0
0.0451,-119.0,210.0
0.0453,-34.0,208.0
0.0454,148.0,210.0
0.0456,73.0,210.0
0.0457,-109.0,210.0
0.0459,-27.0,208.0
0.046,72.0,206.0
0.0461,-42.0,206.0
0.0463,-53.0,206.0
0.0464,81.0,204.0
0.0465,39.0,204.0
0.0467,-84.0,204.0
0.0468,-14.0,204.0
0.047,60.0,206.0
0.0471,-46.0,206.0
0.0473,-29.0,206.0
0.0475,122.0,206.0
0.0476,23.0,206.0
0.0478,-136.0,206.0
0.0479,-38.0,206.0
0.0481,53.0,204.0
0.0483,19.0,202.0
0.0484,53.0,202.0
0.0485,63.0,198.0
0.0487,-76.0,198.0
0.0488,-165.0,196.0
0.049,-7.0,194.0
0.0491,218.0,194.0
0.0493,113.0,194.0
0.0494,-197.0,196.0
0.0497,-146.0,196.0
0.0499,140.0,198.0
0.0501,73.0,198.0
0.0503,-113.0,200.0
0.0504,42.0,198.0
0.0506,151.0,202.0
0.0508,-113.0,200.0
0.051,-195.0,202.0
0.0511,124.0,200.0
0.0513,167.0,202.0
0.0515,-146.0,204.0
0.0516,-85.0,204.0
0.0517,201.0,204.0
0.0519,37.0,204.0
0.0521,-221.0,202.0
0.0522,-36.0,204.0
0.0523,164.0,200.0
0.0525,29.0,200.0
0.0526,-79.0,196.0
0.0528,-23.0,196.0
0.0529,11.0,194.0
0.053,45.0,194.0
0.0532,59.0,194.0
0.0534,-51.0,192.0
0.0536,-141.0,192.0
0.0537,-18.0,188.0
0.0538,202.0,190.0
0.054,128.0,186.0
0.0541,-208.0,186.0
0.0543,-180.0,184.0
0.0544,162.0,182.0
0.0546,138.0,180.0
0.0547,-109.0,178.0
0.0549,-62.0,178.0
0.055,87.0,178.0
0.0551,13.0,178.0
0.0553,-86.0,178.0
0.0554,21.0,178.0
0.0556,104.0,176.0
0.0558,-65.0,176.0
0.0561,-148.0,176.0
0.0563,93.0,176.0
0.0565,174.0,178.0
0.0567,-102.0,176.0
0.0569,-132.0,178.0
0.057,141.0,178.0
0.0571,73.0,178.0
0.0573,-198.0,178.0
0.0574,-72.0,180.0
0.0576,180.0,180.0
0.0577,110.0,182.0
0.0579,-60.0,180.0
0.058,-121.0,182.0
0.0582,-50.0,182.0
0.0584,127.0,184.0
0.0585,63.0,184.0
0.0587,-187.0,186.0
0.0588,-14.0,186.0
0.059,264.0,190.0
0.0591,-31.0,190.0
0.0593,-268.0,194.0
0.0594,69.0,194.0
0.0595,180.0,198.0
0.0597,-116.0,196.0
0.0598,-76.0,196.0
0.06,151.0,196.0
0.0601,45.0,194.0
0.0603,-131.0,196.0
0.0604,-89.0,194.0
0.0605,58.0,194.0
0.0607,141.0,194.0
0.0608,11.0,194.0
0.061,-159.0,196.0
0.0611,-19.0,196.0
0.0612,155.0,194.0
0.0614,-46.0,194.0
0.0616,-165.0,192.0
0.0619,145.0,194.0
0.0621,204.0,192.0
0.0624,-206.0,194.0
0.0627,-248.0,194.0
0.0631,182.0,194.0
0.0633,239.0,196.0
0.0635,-97.0,196.0
0.0636,-153.0,198.0
0.0638,12.0,198.0
0.0639,24.0,198.0
0.064,39.0,198.0
0.0642,78.0,198.0
0.0643,-48.0,198.0
0.0644,-69.0,200.0
0.0646,51.0,200.0
0.0647,-75.0,200.0
0.0649,-118.0,202.0
0.065,247.0,204.0
0.0652,242.0,206.0
0.0653,-299.0,210.0
0.0655,-330.0,214.0
0.0656,175.0,216.0
0.0658,325.0,220.0
0.0659,59.0,218.0
0.066,-236.0,222.0
0.0662,-255.0,224.0
0.0663,95.0,224.0
0.0665,261.0,228.0
0.0666,19.0,228.0
0.0667,-78.0,228.0
0.0669,-16.0,226.0
0.067,-105.0,228.0
0.0672,-81.0,228.0
0.0673,112.0,230.0
0.0675,120.0,230.0
0.0676,45.0,230.0
0.0678,17.0,230.0
0.0681,-181.0,230.0
0.0684,-248.0,234.0
0.0687,140.0,234.0
0.0689,350.0,240.0
0.069,20.0,238.0
0.0692,-212.0,242.0
0.0694,-109.0,242.0
0.0697,-35.0,242.0
0.0699,58.0,242.0
0.0737,190.0,242.0
0.0786,19.0,242.0
0.0836,-203.0,242.0
0.0884,1.0,240.0
0.0935,178.0,240.0
0.099,-106.0,240.0
0.1036,-198.0,240.0
0.1085,169.0,242.0
0.1135,233.0,244.0
0.1184,-106.0,244.0
0.1236,-223.0,246.0
0.1286,-47.0,246.0
0.1336,156.0,244.0
0.1387,193.0,246.0
0.1435,-64.0,244.0
0.1484,-253.0,246.0
0.1535,-18.0,244.0
0.1587,196.0,244.0
0.1635,70.0,244.0
0.1685,-50.0,242.0
0.1735,-86.0,244.0
0.1788,-101.0,242.0
0.1837,80.0,242.0
0.1886,160.0,244.0
0.1935,-89.0,246.0
0.1986,-98.0,246.0
0.2035,142.0,248.0
0.2085,-6.0,248.0
0.2149,-217.0,250.0
0.2185,41.0,248.0
0.2235,237.0,252.0
0.2285,21.0,248.0
0.2335,-149.0,250.0
0.2386,-97.0,248.0
0.2436,-2.0,244.0
0.2485,108.0,244.0
0.2535,114.0,244.0
0.2584,-66.0,242.0
0.2634,-126.0,244.0
0.2684,17.0,242.0
0.2736,48.0,244.0
0.2785,10.0,242.0
0.2835,61.0,242.0
0.2884,2.0,242.0
0.2938,-138.0,242.0
0.2987,-46.0,240.0
0.3043,145.0,242.0
0.3085,79.0,240.0
0.3134,-102.0,240.0
0.3184,-69.0,238.0
0.3235,60.0,238.0
0.3287,42.0,238.0
0.3335,-33.0,234.0
0.3386,-55.0,234.0
0.3435,-7.0,232.0
0.3485,108.0,232.0
0.3538,77.0,232.0
0.3586,-140.0,232.0
0.3636,-145.0,234.0
0.3686,117.0,234.0
0.3735,180.0,236.0
0.3784,-68.0,234.0
0.3835,-181.0,236.0
0.3886,22.0,232.0
0.3938,159.0,234.0
0.3984,17.0,230.0
0.4034,-129.0,232.0
0.4084,-57.0,230.0
0.4135,100.0,230.0
0.4186,91.0,230.0
0.4236,-72.0,228.0
0.4285,-110.0,230.0
0.4334,42.0,228.0
0.4388,118.0,228.0
0.4439,-13.0,228.0
0.4485,-119.0,228.0
0.4536,-9.0,228.0
0.4585,115.0,226.0
0.4634,14.0,226.0
0.4685,-121.0,226.0
0.4736,-9.0,226.0
0.4786,140.0,224.0
0.4836,12.0,222.0
0.4885,-143.0,222.0
0.4934,-11.0,218.0
0.499,105.0,216.0
0.5036,-11.0,214.0
0.5088,-41.0,210.0
0.5135,55.0,210.0
0.5184,-3.0,208.0
0.5235,-83.0,208.0
0.5288,11.0,208.0
0.5336,55.0,208.0
0.5385,-17.0,208.0
0.5435,7.0,208.0
0.5485,52.0,208.0
0.5535,-31.0,206.0
0.5585,-109.0,208.0
0.5635,-10.0,206.0
0.5685,159.0,204.0
0.5735,74.0,202.0
0.5785,-190.0,200.0
0.5835,-120.0,196.0
0.5886,192.0,196.0
0.5935,135.0,194.0
0.5986,-158.0,196.0
0.6036,-103.0,194.0
0.6086,130.0,192.0
0.6136,22.0,190.0
0.6186,-168.0,188.0
0.6236,32.0,190.0
0.6286,239.0,192.0
0.6336,13.0,192.0
0.6387,-238.0,194.0
0.6438,-102.0,194.0
0.6485,130.0,194.0
0.6537,121.0,194.0
0.6585,-14.0,194.0
0.6642,-75.0,194.0
0.6689,-22.0,192.0
0.6735,57.0,190.0
0.6803,14.0,188.0
0.6837,-84.0,184.0
0.6886,-40.0,184.0
0.6941,90.0,182.0
0.6986,89.0,182.0
0.7036,-47.0,182.0
0.7086,-99.0,182.0
0.7136,20.0,180.0
0.7196,75.0,180.0
0.7236,-56.0,178.0
0.7286,-86.0,180.0
0.7335,94.0,178.0
0.7385,143.0,178.0
0.7435,-53.0,176.0
0.7486,-167.0,176.0
0.7536,-44.0,174.0
0.7587,103.0,174.0
0.7636,111.0,172.0
0.7686,9.0,170.0
0.7735,-119.0,170.0
0.7787,-104.0,168.0
0.7836,97.0,170.0
0.7886,151.0,168.0
0.7936,-74.0,168.0
0.7985,-149.0,168.0
0.8035,58.0,168.0
0.8086,115.0,168.0
0.8136,-66.0,168.0
0.8186,-86.0,168.0
0.8237,100.0,168.0
0.8286,94.0,168.0
0.8335,-118.0,168.0
0.8387,-114.0,168.0
0.8436,69.0,168.0
0.8486,80.0,168.0
0.8537,21.0,166.0
0.8585,24.0,164.0
0.8635,-79.0,162.0
0.8686,-153.0,164.0
0.8736,64.0,164.0
0.8787,247.0,166.0
0.8836,14.0,166.0
0.8885,-268.0,168.0
0.8937,-108.0,168.0
0.8986,216.0,170.0
0.9037,163.0,172.0
0.9087,-149.0,174.0
0.9135,-166.0,174.0
0.9185,119.0,176.0
0.9236,148.0,178.0
0.9287,-125.0,180.0
0.9337,-142.0,180.0
0.9386,144.0,182.0
0.9435,145.0,182.0
0.9485,-143.0,182.0
0.9536,-129.0,182.0
0.9587,102.0,184.0
0.9636,71.0,184.0
0.9687,-36.0,184.0
0.9735,-1.0,184.0
0.9784,-5.0,182.0
0.9836,-18.0,182.0
0.9886,7.0,180.0
0.9936,-41.0,180.0
0.9986,-3.0,178.0
1.0034,125.0,178.0
1.0087,18.0,176.0
1.0137,-132.0,176.0
1.0186,-14.0,174.0
1.0235,13.0,172.0
1.0286,-66.0,172.0
1.0335,162.0,172.0
1.0387,217.0,176.0
1.0437,-255.0,178.0
1.0487,-333.0,182.0
1.0537,202.0,184.0
1.0585,323.0,188.0
1.0635,-77.0,188.0
1.0685,-204.0,190.0
1.0736,-12.0,188.0
1.0785,51.0,188.0
1.0834,23.0,188.0
1.0884,81.0,188.0
1.0935,40.0,188.0
1.0988,-171.0,188.0
1.1036,-131.0,190.0
1.1086,196.0,192.0
1.1135,175.0,194.0
1.1185,-149.0,194.0
1.1238,-112.0,196.0
1.1288,68.0,194.0
1.1335,-52.0,196.0
1.1386,-8.0,194.0
1.1435,252.0,198.0
1.1484,6.0,196.0
1.1535,-406.0,202.0
1.1584,-55.0,204.0
1.1635,422.0,208.0
1.1686,105.0,210.0
1.1736,-264.0,214.0
1.1785,-97.0,214.0
1.1835,36.0,214.0
1.1886,34.0,214.0
1.1935,83.0,216.0
1.1984,3.0,214.0
1.2034,-50.0,214.0
1.2085,22.0,212.0
1.2134,-25.0,212.0
1.2184,-32.0,210.0
1.2235,62.0,208.0
1.2285,-51.0,206.0
1.2335,-85.0,206.0
1.2385,172.0,206.0
1.2437,132.0,206.0
1.2485,-206.0,208.0
1.2535,-175.0,210.0
1.2585,118.0,208.0
1.2635,143.0,210.0
1.2686,-10.0,206.0
1.2736,-27.0,206.0
1.2785,0.0,204.0
1.2835,-86.0,204.0
1.2885,-79.0,202.0
1.2936,115.0,202.0
1.2984,150.0,204.0
1.3036,-71.0,204.0
1.3085,-150.0,206.0
1.3135,27.0,206.0
1.3185,90.0,206.0
1.3237,-50.0,206.0
1.3286,-12.0,206.0
1.3336,157.0,206.0
1.3387,-25.0,206.0
1.3434,-282.0,210.0
1.3485,-20.0,208.0
1.3535,319.0,214.0
1.3586,114.0,214.0
1.3637,-236.0,216.0
1.3687,-139.0,218.0
1.3734,117.0,218.0
1.3827,38.0,216.0
1.3834,-55.0,216.0
1.3886,93.0,214.0
1.3935,30.0,214.0
1.3985,-147.0,216.0
1.4035,50.0,214.0
1.4085,164.0,216.0
1.4137,-186.0,218.0
1.4184,-230.0,220.0
1.4234,275.0,222.0
1.4284,301.0,226.0
1.4343,-259.0,228.0
1.4387,-268.0,230.0
1.4434,193.0,232.0
1.4486,122.0,232.0
1.4535,-164.0,234.0
1.4584,33.0,232.0
1.4634,197.0,234.0
1.4686,-112.0,234.0
1.4737,-271.0,236.0
1.4786,100.0,236.0
1.4835,336.0,240.0
1.4885,-30.0,240.0
1.4935,-332.0,244.0
1.4986,-36.0,246.0
1.5036,238.0,248.0
1.5086,44.0,246.0
1.5135,-126.0,246.0
1.5184,-24.0,244.0
1.5237,70.0,244.0
1.5288,46.0,240.0
1.5348,-56.0,240.0
1.5387,-103.0,238.0
1.5434,34.0,236.0
1.5484,115.0,236.0
1.5536,-2.0,234.0
1.5586,-46.0,232.0
1.5635,-7.0,230.0
1.5685,-46.0,228.0
1.5734,6.0,226.0
1.5784,88.0,226.0
1.5838,-42.0,224.0
1.5886,-82.0,222.0
1.5936,102.0,222.0
1.5985,67.0,222.0
1.6034,-116.0,222.0
1.6085,-42.0,222.0
1.6135,60.0,224.0
1.6186,0.0,224.0
1.6234,26.0,224.0
1.6284,19.0,224.0
1.6334,-110.0,226.0
1.6386,32.0,226.0
1.6435,200.0,226.0
1.6486,-120.0,228.0
1.6536,-276.0,230.0
1.6585,161.0,232.0
1.6634,278.0,236.0
1.6687,-130.0,238.0
1.6737,-198.0,238.0
1.6786,72.0,236.0
1.6834,120.0,234.0
1.6884,-31.0,230.0
1.6934,-125.0,228.0
1.6988,6.0,224.0
1.7036,188.0,224.0
1.7085,14.0,222.0
1.7135,-223.0,226.0
1.7184,5.0,224.0
1.7235,229.0,228.0
1.7285,-103.0,228.0
1.7334,-303.0,232.0
1.7384,190.0,232.0
1.7434,447.0,238.0
1.7484,-133.0,236.0
1.7536,-491.0,242.0
1.7588,-18.0,240.0
1.7634,318.0,242.0
1.7684,67.0,242.0
1.7734,-60.0,242.0
1.7784,58.0,244.0
1.7836,-46.0,240.0
1.7886,-200.0,244.0
1.7934,-56.0,238.0
1.7984,187.0,240.0
1.8034,209.0,236.0
1.8085,-34.0,236.0
1.8137,-253.0,236.0
1.8186,-117.0,236.0
1.8236,186.0,238.0
1.8284,163.0,240.0
1.8334,-107.0,240.0
1.8385,-82.0,242.0
1.8435,116.0,242.0
1.8484,-74.0,244.0
1.8535,-233.0,246.0
1.8584,201.0,250.0
1.8634,358.0,254.0
1.8688,-234.0,256.0
1.8734,-358.0,262.0
1.8787,205.0,262.0
1.8835,218.0,262.0
1.8885,-164.0,262.0
1.8935,-35.0,260.0
1.8985,129.0,260.0
1.9037,-99.0,260.0
1.9087,-106.0,262.0
1.9135,167.0,264.0
1.9184,100.0,264.0
1.9235,-183.0,266.0
1.9288,-114.0,266.0
1.9336,189.0,268.0
1.9394,150.0,268.0
1.9435,-228.0,270.0
1.9484,-204.0,272.0
1.9535,275.0,276.0
1.9586,247.0,278.0
1.9637,-257.0,280.0
1.9687,-239.0,284.0
1.9734,156.0,284.0
1.9786,156.0,286.0
1.9834,-28.0,282.0
1.9886,-24.0,282.0
1.9936,-59.0,278.0
1.9984,-96.0,278.0
2.0035,96.0,276.0
2.0085,167.0,276.0
2.0137,-103.0,276.0
2.0184,-189.0,278.0
2.0234,85.0,280.0
2.0284,155.0,280.0
2.0334,-62.0,280.0
2.0384,-76.0,280.0
2.0447,68.0,280.0
2.0485,19.0,278.0
2.0536,-93.0,276.0
2.0584,-30.0,272.0
2.0634,90.0,270.0
2.0686,84.0,266.0
2.0734,-57.0,264.0
2.0785,-133.0,262.0
2.0837,31.0,258.0
2.0884,139.0,260.0
2.0934,-27.0,256.0
2.0987,-82.0,258.0
2.1034,32.0,256.0
2.1087,-24.0,254.0
2.1135,-41.0,250.0
2.1184,127.0,250.0
2.1236,46.0,246.0
2.1285,-178.0,248.0
2.1336,-36.0,244.0
2.1384,182.0,246.0
2.1435,28.0,242.0
2.1485,-185.0,244.0
2.1536,-70.0,244.0
2.1584,201.0,246.0
2.1635,178.0,248.0
2.1685,-189.0,250.0
2.1735,-288.0,254.0
2.1784,118.0,254.0
2.1837,302.0,258.0
2.1886,-27.0,258.0
2.1937,-184.0,260.0
2.1986,-16.0,260.0
2.2034,-9.0,260.0
2.2086,-22.0,260.0
2.2135,169.0,262.0
2.2185,117.0,262.0
2.2236,-220.0,266.0
2.2285,-193.0,266.0
2.2334,177.0,268.0
2.2385,191.0,270.0
2.2436,-127.0,270.0
2.2497,-117.0,272.0
2.2539,147.0,272.0
2.2584,45.0,274.0
2.2639,-214.0,276.0
2.2684,-28.0,276.0
2.2736,223.0,278.0
2.2786,29.0,278.0
2.2836,-121.0,278.0
2.2884,23.0,276.0
2.2934,-26.0,272.0
2.299,-140.0,272.0
2.3036,117.0,268.0
2.3085,235.0,270.0
2.3135,-121.0,270.0
2.3185,-197.0,272.0
2.3235,110.0,270.0
2.3291,23.0,270.0
2.3337,-143.0,272.0
2.3384,168.0,274.0
2.3434,199.0,274.0
2.3485,-268.0,278.0
2.354,-229.0,278.0
2.3585,245.0,282.0
2.3635,210.0,282.0
2.3686,-132.0,282.0
2.3736,-141.0,280.0
2.3786,19.0,276.0
2.3835,65.0,270.0
2.3886,19.0,268.0
2.3936,-61.0,262.0
2.3986,-15.0,262.0
2.4036,143.0,260.0
2.4088,53.0,260.0
2.4136,-216.0,262.0
2.4186,-127.0,262.0
2.4236,193.0,264.0
2.4286,153.0,264.0
2.4336,-107.0,266.0
2.4386,-101.0,264.0
2.4435,42.0,262.0
2.4485,22.0,260.0
2.4543,-13.0,258.0
2.4586,40.0,256.0
2.4635,-15.0,254.0
2.4685,-91.0,252.0
2.4735,48.0,252.0
2.4785,124.0,252.0
2.4836,-64.0,252.0
2.4886,-119.0,252.0
2.4935,69.0,250.0
2.4985,72.0,248.0
2.5035,-81.0,242.0
2.5085,1.0,240.0
2.5135,114.0,236.0
2.5186,-61.0,234.0
2.5236,-152.0,232.0
2.5285,63.0,230.0
2.5335,155.0,232.0
2.5385,-22.0,230.0
2.5434,-113.0,230.0
2.5484,-6.0,230.0
2.5535,64.0,228.0
2.5592,4.0,226.0
2.5635,-41.0,224.0
2.5684,8.0,222.0
2.5736,33.0,220.0
2.5787,-15.0,218.0
2.5839,-38.0,214.0
2.589,9.0,212.0
2.5938,56.0,208.0
2.5992,10.0,204.0
2.6036,-46.0,202.0
2.6087,-9.0,198.0
2.614,-18.0,196.0
2.6192,-42.0,194.0
2.6235,97.0,194.0
2.6285,113.0,196.0
2.6337,-142.0,198.0
2.6386,-128.0,198.0
2.6443,151.0,200.0
2.6489,74.0,198.0
2.6535,-141.0,198.0
2.6592,-13.0,196.0
2.6642,111.0,196.0
2.6686,-1.0,194.0
2.6735,-65.0,194.0
2.6787,-14.0,192.0
2.6836,23.0,192.0
2.6886,29.0,192.0
2.6936,3.0,190.0
2.6985,-26.0,190.0
2.7038,-18.0,190.0
2.7093,0.0,188.0
2.7137,10.0,188.0
2.7186,41.0,186.0
2.7237,26.0,186.0
2.7288,-70.0,184.0
2.7339,-62.0,186.0
2.7387,58.0,184.0
2.7437,60.0,186.0
2.7486,-9.0,186.0
2.7538,-21.0,184.0
2.759,-52.0,184.0
2.7648,-19.0,184.0
2.769,106.0,182.0
2.7736,30.0,182.0
2.7788,-143.0,182.0
2.7837,-18.0,182.0
2.7891,154.0,180.0
2.7941,17.0,180.0
2.7997,-115.0,178.0
2.8036,-29.0,176.0
2.8087,28.0,174.0
2.8139,27.0,170.0
2.8186,54.0,168.0
2.824,-4.0,164.0
2.8286,-79.0,164.0
2.8334,-3.0,162.0
2.8386,66.0,162.0
2.8441,-20.0,162.0
2.8491,-91.0,164.0
2.8549,45.0,162.0
2.8588,159.0,162.0
2.8645,-24.0,160.0
2.869,-182.0,160.0
2.8741,-38.0,158.0
2.879,109.0,156.0
2.884,88.0,156.0
2.8887,-6.0,154.0
2.8937,-97.0,152.0
2.8989,-36.0,152.0
2.9035,93.0,150.0
2.9092,-8.0,150.0
2.9136,-115.0,148.0
2.9199,117.0,150.0
2.9236,163.0,150.0
2.9292,-243.0,154.0
2.9335,-189.0,156.0
2.9385,340.0,160.0
2.9436,154.0,160.0
2.9487,-381.0,162.0
2.9538,-75.0,162.0
2.959,354.0,164.0
2.964,0.0,162.0
2.9686,-266.0,166.0
2.9735,47.0,166.0
2.9786,158.0,166.0
2.9837,-52.0,162.0
2.9896,-82.0,160.0
2.9939,6.0,156.0
2.9986,62.0,154.0
3.0036,76.0,152.0
3.0088,-78.0,150.0
3.0144,-163.0,150.0
3.0189,99.0,152.0
3.0237,225.0,154.0
3.0284,-98.0,156.0
3.0336,-237.0,158.0
3.0384,67.0,160.0
3.0437,180.0,160.0
3.0486,-25.0,160.0
3.0535,-67.0,158.0
3.0584,11.0,156.0
3.0636,-46.0,154.0
3.0693,-46.0,152.0
3.0736,94.0,152.0
3.0786,109.0,152.0
3.0837,-57.0,152.0
3.0885,-151.0,154.0
3.0936,-4.0,154.0
3.0986,144.0,156.0
3.1036,13.0,156.0
3.1087,-112.0,156.0
3.1134,30.0,156.0
3.1185,90.0,154.0
3.1235,-61.0,154.0
3.1286,-65.0,154.0
3.1337,51.0,154.0
3.1386,2.0,152.0
3.1434,-55.0,152.0
3.1486,93.0,154.0
3.1538,132.0,154.0
3.1587,-162.0,156.0
3.1638,-237.0,156.0
3.1686,153.0,158.0
3.1736,256.0,160.0
3.1784,-88.0,160.0
3.1845,-147.0,162.0
3.1886,43.0,162.0
3.1936,4.0,160.0
3.1985,-54.0,162.0
3.2034,51.0,162.0
3.2086,57.0,162.0
3.2136,-22.0,162.0
3.2187,-3.0,162.0
3.2236,4.0,162.0
3.2286,-44.0,162.0
3.2334,-18.0,162.0
3.2386,8.0,162.0
3.2436,15.0,160.0
3.2486,77.0,162.0
3.2535,7.0,162.0
3.2584,-133.0,164.0
3.2634,-18.0,162.0
3.2685,127.0,162.0
3.274,2.0,160.0
3.2784,-70.0,160.0
3.2834,27.0,158.0
3.2895,-12.0,156.0
3.2934,-55.0,154.0
3.2986,95.0,156.0
3.3036,74.0,156.0
3.3086,-148.0,158.0
3.3137,-77.0,158.0
3.3184,163.0,160.0
3.3236,54.0,160.0
3.3287,-175.0,164.0
3.3341,-11.0,164.0
3.3397,213.0,166.0
3.3436,-19.0,166.0
3.3486,-243.0,170.0
3.3536,26.0,170.0
3.359,188.0,172.0
3.3636,-43.0,172.0
3.3686,-36.0,172.0
3.3734,102.0,172.0
3.3789,-127.0,174.0
3.3839,-182.0,176.0
3.3892,202.0,178.0
3.394,228.0,182.0
3.3994,-160.0,184.0
3.4036,-204.0,186.0
3.4087,58.0,186.0
3.4135,118.0,188.0
3.4189,20.0,186.0
3.424,-1.0,186.0
3.4286,-27.0,184.0
3.4336,-100.0,184.0
3.4388,-17.0,184.0
3.4439,142.0,184.0
3.4485,49.0,186.0
3.4536,-130.0,186.0
3.4586,-39.0,186.0
3.4636,120.0,188.0
3.4688,28.0,188.0
3.4743,-123.0,190.0
3.4785,-47.0,190.0
3.4834,99.0,190.0
3.4886,69.0,190.0
3.4937,-39.0,190.0
3.4987,-55.0,188.0
3.5039,-20.0,188.0
3.5084,7.0,186.0
3.5136,39.0,186.0
3.5186,28.0,184.0
3.5233,3.0,182.0
3.5286,6.0,182.0
3.5336,-76.0,182.0
3.5385,-113.0,184.0
3.5434,95.0,184.0
3.5484,205.0,186.0
3.5535,-37.0,186.0
3.5586,-187.0,186.0
3.5636,-2.0,184.0
3.5684,91.0,182.0
3.5734,-62.0,180.0
3.5785,-51.0,176.0
3.5834,167.0,176.0
3.5886,110.0,172.0
3.5936,-164.0,172.0
3.5984,-147.0,170.0
3.6034,27.0,170.0
3.6084,52.0,166.0
3.6136,106.0,168.0
3.6186,103.0,166.0
3.6235,-125.0,168.0
3.6284,-169.0,170.0
3.6334,66.0,170.0
3.6385,99.0,170.0
3.6434,-39.0,170.0
3.6485,10.0,168.0
3.6535,60.0,168.0
3.6584,-63.0,166.0
3.6637,-68.0,164.0
3.6684,78.0,164.0
3.6735,55.0,162.0
3.6789,-107.0,162.0
3.6835,-78.0,160.0
3.6895,115.0,162.0
3.6935,124.0,162.0
3.6987,-61.0,164.0
3.7034,-107.0,164.0
3.7086,-2.0,164.0
3.7134,3.0,162.0
3.7183,13.0,160.0
3.7235,92.0,162.0
3.7288,-16.0,160.0
3.7336,-91.0,160.0
3.7384,90.0,160.0
3.7434,34.0,160.0
3.7484,-203.0,162.0
3.7536,-15.0,162.0
3.7585,238.0,164.0
3.7636,40.0,164.0
3.7685,-146.0,164.0
3.7734,-35.0,164.0
3.7784,8.0,164.0
3.7836,-31.0,164.0
3.7884,47.0,164.0
3.7936,104.0,162.0
3.7985,17.0,160.0
3.8034,-98.0,158.0
3.8085,-106.0,158.0
3.8135,15.0,154.0
3.8184,97.0,154.0
3.8236,40.0,152.0
3.8284,-11.0,152.0
3.8334,6.0,152.0
3.8386,-21.0,152.0
3.8436,-82.0,152.0
3.8486,-37.0,152.0
3.8536,62.0,152.0
3.8585,77.0,154.0
3.8635,46.0,154.0
3.8685,-12.0,154.0
3.8737,-123.0,154.0
3.8785,-87.0,156.0
3.8835,108.0,158.0
3.8892,110.0,158.0
3.894,-56.0,158.0
3.8984,-51.0,158.0
3.9036,23.0,158.0
3.9086,-26.0,156.0
3.9135,-3.0,156.0
3.9184,85.0,156.0
3.9236,-13.0,156.0
3.9287,-124.0,158.0
3.9335,4.0,158.0
3.9385,133.0,158.0
3.9434,42.0,158.0
3.9484,-91.0,156.0
3.9537,-83.0,156.0
3.9585,12.0,154.0
3.9635,68.0,154.0
3.9685,44.0,152.0
3.9734,-31.0,152.0
3.9784,-50.0,150.0
3.9835,37.0,150.0
3.9886,43.0,148.0
3.9934,-81.0,148.0
3.9985,-46.0,146.0
4.0034,106.0,146.0
4.0084,34.0,146.0
4.0138,-87.0,146.0
4.0185,11.0,144.0
4.0234,47.0,142.0
4.0284,-81.0,140.0
4.0334,-18.0,138.0
4.0386,145.0,138.0
4.0437,6.0,134.0
4.0487,-166.0,136.0
4.0534,14.0,134.0
4.0584,139.0,136.0
4.0634,-49.0,136.0
4.0688,-90.0,138.0
4.0735,82.0,138.0
4.0784,44.0,138.0
4.0834,-99.0,138.0
4.0884,-11.0,136.0
4.0936,89.0,136.0
4.0985,-26.0,136.0
4.1035,-67.0,134.0
4.1084,78.0,136.0
4.1134,57.0,134.0
4.1184,-112.0,136.0
4.1234,-41.0,134.0
4.1288,97.0,136.0
4.1336,-15.0,134.0
4.1384,-61.0,134.0
4.1434,89.0,136.0
4.1484,53.0,136.0
4.1535,-118.0,138.0
4.1588,-83.0,138.0
4.1636,92.0,140.0
4.1685,119.0,142.0
4.1735,-64.0,142.0
4.1785,-137.0,142.0
4.1834,61.0,142.0
4.1886,126.0,140.0
4.1936,-66.0,140.0
4.1984,-63.0,138.0
4.2033,79.0,140.0
4.2084,-46.0,140.0
4.2135,-130.0,140.0
4.2184,133.0,142.0
4.2235,217.0,142.0
4.2284,-130.0,142.0
4.2335,-271.0,144.0
4.2384,66.0,144.0
4.2434,230.0,146.0
4.2486,-43.0,146.0
4.2535,-124.0,146.0
4.2584,115.0,146.0
4.2635,53.0,146.0
4.2689,-226.0,146.0
4.2735,-84.0,146.0
4.2786,247.0,150.0
4.2834,168.0,152.0
4.2884,-105.0,152.0
4.2936,-199.0,154.0
4.2984,-108.0,156.0
4.304,121.0,156.0
4.3094,202.0,158.0
4.3135,9.0,158.0
4.3184,-97.0,158.0
4.3235,-75.0,158.0
4.3287,-78.0,156.0
4.3336,28.0,156.0
4.3386,161.0,156.0
4.3434,66.0,156.0
4.3484,-112.0,158.0
4.3535,-124.0,160.0
4.3586,-10.0,160.0
4.3636,125.0,160.0
4.3685,132.0,162.0
4.3735,-108.0,162.0
4.3785,-193.0,164.0
4.3836,121.0,166.0
4.3886,168.0,164.0
4.3937,-166.0,168.0
4.3986,-77.0,164.0
4.4034,205.0,168.0
4.4086,-26.0,166.0
4.4135,-208.0,168.0
4.4184,89.0,170.0
4.4235,160.0,172.0
4.4286,-100.0,172.0
4.4333,-63.0,172.0
4.4384,89.0,172.0
4.4436,-55.0,172.0
4.4485,-83.0,172.0
4.4535,151.0,174.0
4.4584,80.0,174.0
4.4634,-196.0,176.0
4.4684,-68.0,176.0
4.4734,192.0,180.0
4.4785,55.0,180.0
4.4835,-154.0,182.0
4.4884,-52.0,182.0
4.4933,86.0,182.0
4.4984,45.0,182.0
4.5034,-1.0,180.0
4.5095,-5.0,180.0
4.5135,-77.0,180.0
4.5184,-76.0,180.0
4.5237,115.0,180.0
4.5288,172.0,180.0
4.5334,-95.0,182.0
4.5385,-230.0,184.0
4.5435,38.0,184.0
4.5484,220.0,188.0
4.5536,18.0,188.0
4.5587,-153.0,188.0
4.5637,-63.0,190.0
4.5684,50.0,188.0
4.5734,86.0,190.0
4.5784,58.0,188.0
4.5835,-74.0,190.0
4.5886,-130.0,190.0
4.5934,33.0,188.0
4.5985,155.0,192.0
4.6034,14.0,190.0
4.6084,-167.0,192.0
4.6134,-67.0,192.0
4.6186,172.0,194.0
4.6235,119.0,196.0
4.6284,-121.0,198.0
4.6334,-117.0,198.0
4.6386,22.0,198.0
4.6435,30.0,196.0
4.6485,38.0,196.0
4.6534,63.0,196.0
4.6584,-16.0,196.0
4.6634,-72.0,196.0
4.6686,-39.0,196.0
4.6735,5.0,196.0
4.6784,56.0,194.0
4.6834,39.0,194.0
4.6884,-36.0,192.0
4.6934,-16.0,192.0
4.6987,31.0,190.0
4.7035,-13.0,190.0
4.7087,-34.0,190.0
4.7144,7.0,188.0
4.7183,8.0,188.0
4.7234,-10.0,186.0
4.7286,13.0,186.0
4.7335,55.0,186.0
4.7384,26.0,186.0
4.7434,-98.0,186.0
4.7484,-103.0,186.0
4.7537,88.0,188.0
4.7587,123.0,188.0
4.7636,-33.0,188.0
4.7685,-14.0,186.0
4.7735,-16.0,186.0
4.7796,-196.0,188.0
4.7834,18.0,186.0
4.7887,380.0,192.0
4.7935,40.0,190.0
4.7985,-395.0,196.0
4.8034,-91.0,196.0
4.8085,241.0,198.0
4.8136,42.0,198.0
4.8184,-93.0,196.0
4.8234,72.0,196.0
4.8284,73.0,196.0
4.8334,-111.0,196.0
4.8384,-95.0,198.0
4.8437,20.0,196.0
4.8484,25.0,196.0
4.8535,80.0,196.0
4.8584,118.0,194.0
4.8635,-57.0,192.0
4.8687,-201.0,194.0
4.8734,-71.0,190.0
4.8787,142.0,192.0
4.8836,158.0,190.0
4.8884,-5.0,190.0
4.8934,-95.0,190.0
4.8987,-63.0,188.0
4.9034,-63.0,188.0
4.9086,8.0,186.0
4.9134,176.0,186.0
4.9184,77.0,184.0
4.9234,-190.0,184.0
4.9286,-79.0,184.0
4.9335,171.0,184.0
4.9385,-21.0,182.0
4.9434,-176.0,184.0
4.9485,148.0,182.0
4.9536,190.0,186.0
4.9587,-214.0,186.0
4.9636,-186.0,188.0
4.9685,204.0,190.0
4.9735,168.0,192.0
4.9784,-158.0,192.0
4.9835,-145.0,194.0
4.9885,107.0,194.0
4.9934,112.0,194.0
4.9985,-49.0,194.0
5.0034,-58.0,194.0
5.0084,-12.0,192.0
5.0141,-24.0,190.0
5.0186,45.0,188.0
5.0234,102.0,188.0
5.0285,-9.0,186.0
5.0334,-110.0,184.0
5.0385,-90.0,184.0
5.0436,4.0,182.0
5.0485,180.0,184.0
5.0534,180.0,184.0
5.0584,-170.0,184.0
5.0634,-318.0,186.0
5.0684,67.0,186.0
5.0735,313.0,190.0
5.0784,20.0,190.0
5.0835,-200.0,192.0
5.0884,-26.0,190.0
5.0936,89.0,190.0
5.0989,-11.0,188.0
5.1035,-26.0,186.0
5.1085,42.0,186.0
5.1135,-11.0,182.0
5.1187,-57.0,182.0
5.1234,41.0,180.0
5.1286,68.0,182.0
5.1334,-51.0,180.0
5.1385,-73.0,182.0
5.1434,35.0,182.0
5.1484,66.0,182.0
5.1536,-4.0,182.0
5.1587,-47.0,180.0
5.1634,-25.0,180.0
5.1685,25.0,178.0
5.1734,42.0,176.0
5.1784,-12.0,174.0
5.1836,-51.0,174.0
5.1884,19.0,170.0
5.1935,79.0,172.0
5.1984,-24.0,170.0
5.2034,-135.0,170.0
5.2084,-26.0,170.0
5.2135,174.0,172.0
5.2184,123.0,172.0
5.2234,-138.0,174.0
5.2284,-174.0,174.0
5.2345,66.0,174.0
5.2386,118.0,174.0
5.2451,-58.0,174.0
5.2484,-22.0,172.0
5.2534,134.0,174.0
5.2584,-15.0,170.0
5.2634,-189.0,172.0
5.2686,-13.0,170.0
5.2734,130.0,170.0
5.2785,23.0,170.0
5.2834,6.0,170.0
5.2884,42.0,170.0
5.2935,-98.0,170.0
5.2988,-132.0,172.0
5.3035,73.0,172.0
5.3085,136.0,174.0
5.3134,5.0,174.0
5.3184,-16.0,174.0
5.3241,-23.0,174.0
5.3287,-132.0,174.0
5.3336,-45.0,176.0
5.3384,190.0,178.0
5.3434,104.0,178.0
5.3484,-168.0,182.0
5.3534,-79.0,182.0
5.3584,164.0,184.0
5.3634,14.0,184.0
5.3685,-196.0,188.0
5.3734,9.0,186.0
5.3785,201.0,190.0
5.3845,20.0,188.0
5.3886,-145.0,190.0
5.3935,-59.0,188.0
5.3984,55.0,188.0
5.4034,70.0,188.0
5.4085,23.0,188.0
5.4137,-59.0,188.0
5.4184,-66.0,186.0
5.4239,32.0,188.0
5.4283,51.0,182.0
5.4334,12.0,182.0
5.4384,28.0,176.0
5.4437,-36.0,174.0
5.4487,-120.0,174.0
5.4535,-3.0,172.0
5.4584,140.0,174.0
5.4634,74.0,174.0
5.4685,-75.0,174.0
5.4736,-87.0,172.0
5.4786,-10.0,172.0
5.4834,-1.0,172.0
5.4884,48.0,172.0
5.4935,143.0,172.0
5.4985,-32.0,172.0
5.5037,-248.0,174.0
5.5084,0.0,172.0
5.5135,269.0,174.0
5.5184,13.0,172.0
5.5237,-213.0,172.0
5.5287,12.0,174.0
5.5336,135.0,174.0
5.5385,-57.0,174.0
5.5434,-90.0,174.0
5.5484,75.0,176.0
5.5535,67.0,174.0
5.5587,-66.0,174.0
5.5635,-43.0,170.0
5.5684,67.0,170.0
5.5734,37.0,168.0
5.5784,-68.0,170.0
5.5835,-55.0,168.0
5.5886,32.0,166.0
5.5935,73.0,164.0
5.5985,36.0,162.0
5.6034,-84.0,160.0
5.6084,-83.0,158.0
5.6135,102.0,156.0
5.6185,76.0,156.0
5.6236,-135.0,156.0
5.6284,-38.0,154.0
5.6334,158.0,154.0
5.6384,0.0,154.0
5.6434,-148.0,156.0
5.6485,30.0,156.0
5.6535,114.0,158.0
5.6584,-50.0,158.0
5.6634,-78.0,156.0
5.6685,38.0,158.0
5.6736,40.0,156.0
5.6783,7.0,154.0
5.6834,14.0,154.0
5.6884,-48.0,152.0
5.6934,-80.0,152.0
5.6986,53.0,150.0
5.7035,111.0,146.0
5.7085,-51.0,146.0
5.7135,-67.0,142.0
5.7184,83.0,144.0
5.7235,-23.0,140.0
5.7288,-122.0,142.0
5.7335,105.0,142.0
5.7384,116.0,144.0
5.7434,-148.0,146.0
5.7484,-62.0,146.0
5.7535,144.0,148.0
5.7584,0.0,148.0
5.7634,-79.0,148.0
5.7684,50.0,148.0
5.7734,-38.0,148.0
5.7784,-103.0,148.0
5.7836,116.0,150.0
5.7886,163.0,150.0
5.7934,-58.0,152.0
5.7986,-183.0,154.0
5.8035,-100.0,154.0
5.8086,117.0,156.0
5.8138,208.0,158.0
5.8186,-8.0,158.0
5.8235,-174.0,160.0
5.8284,-52.0,162.0
5.8335,49.0,160.0
5.8386,25.0,160.0
5.8436,62.0,160.0
5.8486,37.0,160.0
5.8536,-113.0,158.0
5.8584,-68.0,158.0
5.8634,131.0,158.0
5.8684,50.0,156.0
5.8736,-168.0,158.0
5.8786,-17.0,156.0
5.8834,215.0,158.0
5.8892,8.0,158.0
5.8934,-224.0,160.0
5.8989,-28.0,160.0
5.9036,177.0,160.0
5.9086,58.0,160.0
5.9135,-93.0,160.0
5.9184,-79.0,160.0
5.9234,-2.0,160.0
5.929,70.0,160.0
5.9334,71.0,160.0
5.9384,-16.0,158.0
5.9434,-54.0,158.0
5.9484,-67.0,158.0
5.9534,-76.0,158.0
5.9585,113.0,160.0
5.9635,241.0,164.0
5.9684,-79.0,162.0
5.9734,-294.0,166.0
5.9785,28.0,164.0
5.9834,195.0,166.0
5.9886,-48.0,164.0
5.9936,-61.0,164.0
5.9984,129.0,162.0
6.0034,7.0,162.0
6.0084,-165.0,162.0
6.0134,5.0,162.0
6.0184,119.0,160.0
6.0236,-69.0,162.0
6.0284,-68.0,160.0
6.0334,154.0,162.0
6.0386,54.0,162.0
6.0445,-152.0,162.0
6.0486,-2.0,162.0
6.0534,78.0,162.0
6.0584,-121.0,164.0
6.0634,-40.0,164.0
6.0686,226.0,166.0
6.0735,61.0,168.0
6.0787,-230.0,170.0
6.0835,-69.0,172.0
6.0883,168.0,172.0
6.0935,31.0,172.0
6.0984,-119.0,172.0
6.1035,13.0,170.0
6.1086,97.0,172.0
6.1134,-26.0,170.0
6.1184,-56.0,172.0
6.1236,20.0,172.0
6.1285,-41.0,172.0
6.1336,-40.0,170.0
6.1385,153.0,172.0
6.1444,104.0,170.0
6.1484,-185.0,172.0
6.1534,-146.0,170.0
6.1585,119.0,172.0
6.1636,84.0,170.0
6.1685,-57.0,170.0
6.1734,53.0,170.0
6.1791,94.0,170.0
6.1834,-147.0,170.0
6.1886,-182.0,172.0
6.1936,131.0,174.0
6.1985,186.0,176.0
6.2034,-62.0,176.0
6.2084,-73.0,176.0
6.2134,25.0,176.0
6.2185,-51.0,176.0
6.2236,-10.0,174.0
6.2284,111.0,176.0
6.2335,-35.0,176.0
6.2385,-140.0,176.0
6.2436,83.0,176.0
6.2485,177.0,178.0
6.2542,-57.0,178.0
6.2588,-201.0,180.0
6.2634,-51.0,178.0
6.2684,182.0,180.0
6.2736,151.0,180.0
6.2786,-138.0,182.0
6.2834,-169.0,182.0
6.2884,110.0,184.0
6.2934,127.0,184.0
6.2987,-96.0,186.0
6.3035,-75.0,184.0
6.3085,54.0,186.0
6.3135,24.0,184.0
6.3184,16.0,186.0
6.3236,52.0,186.0
6.3288,-66.0,186.0
6.3335,-151.0,188.0
6.3384,64.0,188.0
6.3434,202.0,188.0
6.3485,-39.0,188.0
6.3537,-146.0,190.0
6.3585,33.0,188.0
6.3635,4.0,188.0
6.3685,-45.0,188.0
6.3734,146.0,188.0
6.3784,46.0,188.0
6.3838,-226.0,188.0
6.3886,-19.0,188.0
6.3934,202.0,188.0
6.3984,-37.0,190.0
6.4034,-92.0,190.0
6.4084,119.0,190.0
6.4134,-39.0,190.0
6.4186,-192.0,192.0
6.4235,121.0,192.0
6.4284,200.0,192.0
6.4335,-131.0,194.0
6.4385,-128.0,192.0
6.4435,111.0,192.0
6.4484,34.0,192.0
6.4534,-98.0,190.0
6.4584,13.0,190.0
6.4634,76.0,188.0
6.4686,-12.0,188.0
6.4734,-17.0,188.0
6.4786,-1.0,186.0
6.4834,-54.0,186.0
6.4883,6.0,186.0
6.4934,85.0,186.0
6.4984,-18.0,186.0
6.5035,-80.0,184.0
6.5084,45.0,184.0
6.5134,94.0,184.0
6.5184,-42.0,184.0
6.5234,-126.0,182.0
6.5287,-14.0,182.0
6.5336,121.0,180.0
6.5385,76.0,182.0
6.5434,-83.0,180.0
6.5483,-94.0,180.0
6.5534,57.0,180.0
6.5584,73.0,180.0
6.5634,-62.0,180.0
6.5686,-42.0,180.0
6.5734,77.0,180.0
6.5784,35.0,180.0
6.5834,-63.0,180.0
6.5884,-60.0,180.0
6.5934,-7.0,180.0
6.5984,70.0,178.0
6.6034,80.0,176.0
6.6083,-28.0,176.0
6.6134,-60.0,172.0
6.6185,-27.0,172.0
6.6235,-60.0,170.0
6.6284,31.0,170.0
6.6334,183.0,172.0
6.6384,20.0,170.0
6.6435,-214.0,172.0
6.6486,-73.0,172.0
6.6544,166.0,174.0
6.6583,81.0,174.0
6.6635,-112.0,174.0
6.6685,-44.0,174.0
6.6736,93.0,172.0
6.6786,-15.0,172.0
6.6836,-106.0,172.0
6.6884,72.0,172.0
6.6935,136.0,174.0
6.6984,-85.0,172.0
6.7036,-156.0,174.0
6.7086,26.0,172.0
6.7134,125.0,172.0
6.7184,63.0,170.0
6.7236,-44.0,170.0
6.7288,-110.0,168.0
6.7336,-27.0,168.0
6.7385,85.0,168.0
6.7434,44.0,168.0
6.7484,-27.0,168.0
6.7536,-4.0,168.0
6.7589,-5.0,166.0
6.7636,-44.0,166.0
6.7684,4.0,166.0
6.7734,39.0,166.0
6.7783,-20.0,164.0
6.7835,14.0,162.0
6.7884,84.0,162.0
6.7934,-41.0,160.0
6.7985,-146.0,160.0
6.8033,-4.0,158.0
6.8084,124.0,160.0
6.8134,87.0,160.0
6.8184,13.0,158.0
6.8234,-133.0,158.0
6.8284,-195.0,158.0
6.8334,97.0,158.0
6.8386,288.0,160.0
6.844,15.0,160.0
6.8486,-209.0,162.0
6.8535,-129.0,162.0
6.8584,14.0,162.0
6.8634,157.0,164.0
6.8685,157.0,166.0
6.8736,-72.0,166.0
6.8786,-206.0,166.0
6.8836,-73.0,166.0
6.8884,122.0,166.0
6.8933,185.0,168.0
6.8985,5.0,164.0
6.9036,-208.0,168.0
6.9084,-63.0,166.0
6.9135,145.0,166.0
6.9184,22.0,164.0
6.9233,-27.0,162.0
6.9286,69.0,160.0
6.9335,-77.0,160.0
6.9385,-146.0,160.0
6.9435,88.0,160.0
6.9484,150.0,162.0
6.9535,-8.0,162.0
6.9588,-59.0,162.0
6.9635,-61.0,164.0
6.9684,-86.0,164.0
6.9734,41.0,162.0
6.9784,187.0,164.0
6.9836,37.0,160.0
6.9886,-162.0,162.0
6.9934,-75.0,162.0
6.9984,44.0,162.0
7.0034,11.0,162.0
7.0084,27.0,162.0
7.0136,80.0,160.0
7.0184,21.0,160.0
7.0235,-73.0,158.0
7.0284,-100.0,160.0
7.0333,-23.0,156.0
7.0384,85.0,158.0
7.0435,86.0,158.0
7.0486,29.0,156.0
7.0534,-65.0,156.0
7.0584,-159.0,156.0
7.0644,12.0,154.0
7.0686,219.0,154.0
7.0734,23.0,152.0
7.0784,-170.0,154.0
7.0834,-36.0,152.0
7.0884,45.0,152.0
7.0934,39.0,152.0
7.0985,74.0,152.0
7.1036,-52.0,152.0
7.1085,-126.0,154.0
7.1134,99.0,154.0
7.1183,98.0,156.0
7.1234,-192.0,158.0
7.1285,-32.0,158.0
7.1334,280.0,162.0
7.1384,3.0,162.0
7.1434,-255.0,164.0
7.1484,-22.0,164.0
7.1535,87.0,164.0
7.1586,13.0,164.0
7.1636,93.0,164.0
7.1684,53.0,164.0
7.1742,-147.0,164.0
7.1791,-106.0,164.0
7.1836,83.0,164.0
7.1885,74.0,164.0
7.1936,-17.0,164.0
7.1984,14.0,162.0
7.2033,40.0,162.0
7.2084,-81.0,162.0
7.2138,-138.0,164.0
7.2185,78.0,164.0
7.2236,212.0,166.0
7.2284,-36.0,166.0
7.2334,-178.0,170.0
7.2386,24.0,168.0
7.2436,60.0,168.0
7.2485,-64.0,168.0
7.2537,41.0,168.0
7.2583,103.0,170.0
7.2634,-65.0,170.0
7.2689,-85.0,170.0
7.2748,36.0,168.0
7.2796,9.0,168.0
7.2835,-11.0,164.0
7.2885,75.0,164.0
7.2937,21.0,162.0
7.2989,-111.0,164.0
7.3039,-40.0,162.0
7.309,72.0,162.0
7.3137,32.0,162.0
7.3187,20.0,162.0
7.3236,18.0,160.0
7.3289,-112.0,160.0
7.334,-85.0,160.0
7.3393,154.0,162.0
7.3434,121.0,160.0
7.3486,-156.0,162.0
7.3537,-100.0,162.0
7.3586,151.0,164.0
7.3636,50.0,164.0
7.369,-139.0,164.0
7.3733,-6.0,164.0
7.3788,104.0,164.0
7.3857,-43.0,164.0
7.3886,-66.0,164.0
7.3936,131.0,166.0
7.3987,73.0,168.0
7.4036,-227.0,170.0
7.4086,-141.0,172.0
7.4137,243.0,176.0
7.4191,223.0,180.0
7.4239,-139.0,182.0
7.429,-235.0,184.0
7.4336,-8.0,182.0
7.4386,160.0,184.0
7.444,79.0,184.0
7.4489,-92.0,184.0
7.4536,-69.0,184.0
7.459,102.0,184.0
7.4638,90.0,184.0
7.4687,-140.0,184.0
7.4745,-197.0,184.0
7.4791,107.0,182.0
7.4835,299.0,186.0
7.4885,0.0,184.0
7.494,-296.0,186.0
7.4988,-88.0,186.0
7.504,216.0,188.0
7.5096,84.0,186.0
7.5134,-150.0,188.0
7.5185,-22.0,186.0
7.5237,126.0,186.0
7.5285,-26.0,184.0
7.5335,-114.0,184.0
7.539,49.0,184.0
7.5439,91.0,182.0
7.5486,-66.0,182.0
7.5537,-65.0,180.0
7.559,80.0,182.0
7.5639,62.0,182.0
7.5685,-65.0,182.0
7.5745,-75.0,182.0
7.5788,4.0,180.0
7.5834,55.0,180.0
7.5889,72.0,178.0
7.5941,16.0,178.0
7.5986,-108.0,180.0
7.6035,-87.0,180.0
7.6086,79.0,180.0
7.6136,102.0,180.0
7.619,-2.0,178.0
7.6241,-55.0,178.0
7.6298,-85.0,176.0
7.6335,-24.0,176.0
7.6388,123.0,178.0
7.6441,90.0,178.0
7.649,-72.0,180.0
7.654,-82.0,180.0
7.6587,-34.0,180.0
7.6636,-28.0,178.0
7.6688,109.0,178.0
7.6736,180.0,182.0
7.6785,-101.0,182.0
7.6839,-242.0,184.0
7.6888,49.0,184.0
7.6935,148.0,186.0
7.6987,-41.0,184.0
7.7039,20.0,184.0
7.7089,99.0,182.0
7.7136,-124.0,184.0
7.7186,-134.0,182.0
7.7238,129.0,184.0
7.7292,67.0,184.0
7.7336,-129.0,186.0
7.7389,62.0,186.0
7.7436,203.0,188.0
7.7487,-138.0,188.0
7.7538,-312.0,192.0
7.7589,99.0,192.0
7.7643,347.0,194.0
7.7684,-4.0,194.0
7.7734,-258.0,194.0
7.7797,-36.0,194.0
7.7836,98.0,192.0
7.7887,-19.0,192.0
7.7939,33.0,190.0
7.7987,126.0,192.0
7.8037,-76.0,192.0
7.8084,-199.0,194.0
7.814,49.0,192.0
7.8189,184.0,194.0
7.824,-21.0,194.0
7.8285,-96.0,194.0
7.8335,30.0,194.0
7.8385,7.0,194.0
7.8441,-53.0,194.0
7.8489,31.0,194.0
7.8538,47.0,192.0
7.8586,-27.0,190.0
7.8636,-10.0,188.0
7.8693,15.0,188.0
7.8736,-39.0,186.0
7.8786,-9.0,184.0
7.8835,99.0,186.0
7.8886,3.0,184.0
7.8936,-170.0,186.0
7.8986,11.0,186.0
7.904,224.0,188.0
7.9086,-45.0,188.0
7.9137,-233.0,190.0
7.9186,104.0,192.0
7.924,212.0,194.0
7.9296,-160.0,196.0
7.9339,-183.0,198.0
7.9385,162.0,200.0
7.9439,143.0,200.0
7.9485,-94.0,202.0
7.9539,-79.0,202.0
7.959,4.0,202.0
7.9641,5.0,202.0
7.9683,49.0,200.0
7.9735,23.0,200.0
7.9784,-70.0,198.0
7.9846,18.0,196.0
7.9888,97.0,196.0
7.9933,-78.0,196.0
7.9986,-130.0,196.0
8.0035,80.0,196.0
8.0089,110.0,196.0
8.0139,-31.0,196.0
8.019,-11.0,194.0
8.0235,13.0,194.0
8.0284,-83.0,194.0
8.0336,-65.0,192.0
8.0389,77.0,192.0
8.0436,127.0,192.0
8.0491,19.0,190.0
8.0537,-118.0,188.0
8.0586,-106.0,186.0
8.0636,38.0,184.0
8.0684,99.0,182.0
8.0737,18.0,182.0
8.0784,-18.0,180.0
8.0834,34.0,180.0
8.0883,-26.0,178.0
8.0933,-161.0,180.0
8.0986,-28.0,178.0
8.1033,229.0,180.0
8.1089,125.0,180.0
8.1136,-156.0,180.0
8.1186,-161.0,180.0
8.1233,3.0,176.0
8.1284,96.0,178.0
8.1335,99.0,174.0
8.1389,15.0,174.0
8.1442,-82.0,172.0
8.1485,-82.0,172.0
8.1539,-18.0,170.0
8.1591,49.0,170.0
8.1641,110.0,170.0
8.1683,45.0,170.0
8.1745,-143.0,170.0
8.1786,-111.0,170.0
8.1838,135.0,172.0
8.1884,92.0,172.0
8.1934,-104.0,172.0
8.1991,2.0,172.0
8.2033,78.0,172.0
8.2086,-115.0,172.0
8.2138,-100.0,172.0
8.2189,158.0,176.0
8.2239,156.0,176.0
8.2286,-101.0,178.0
8.2333,-177.0,180.0
8.2386,19.0,178.0
8.2435,142.0,180.0
8.2488,-2.0,178.0
8.2535,-98.0,178.0
8.2585,58.0,178.0
8.2634,71.0,180.0
8.2687,-109.0,180.0
8.2735,-38.0,180.0
8.2785,96.0,180.0
8.2834,-22.0,178.0
8.2884,-45.0,178.0
8.294,81.0,178.0
8.2984,19.0,178.0
8.3033,-78.0,178.0
8.3084,-16.0,176.0
8.3134,17.0,174.0
8.3184,-1.0,172.0
8.3234,27.0,170.0
8.3285,34.0,170.0
8.3334,-8.0,168.0
8.3383,-39.0,166.0
8.3434,-33.0,168.0
8.3484,-7.0,166.0
8.3534,17.0,164.0
8.3583,79.0,164.0
8.3634,91.0,162.0
8.3683,-107.0,164.0
8.3734,-225.0,164.0
8.3785,49.0,164.0
8.3837,272.0,166.0
8.3886,50.0,164.0
8.3939,-194.0,162.0
8.3985,-87.0,162.0
8.4034,66.0,158.0
8.4084,25.0,158.0
8.4135,-3.0,154.0
8.4185,64.0,154.0
8.4234,32.0,154.0
8.4284,-97.0,154.0
8.4334,-79.0,156.0
8.4384,63.0,154.0
8.4438,78.0,154.0
8.4484,-4.0,152.0
8.4534,-37.0,152.0
8.4584,-45.0,150.0
8.4633,4.0,148.0
8.4685,77.0,148.0
8.4734,1.0,148.0
8.4784,-96.0,150.0
8.4835,0.0,148.0
8.4884,107.0,150.0
8.4935,22.0,150.0
8.4985,-110.0,150.0
8.5036,-84.0,152.0
8.5084,97.0,154.0
8.5135,157.0,156.0
8.5184,-70.0,156.0
8.5235,-183.0,158.0
8.5286,62.0,158.0
8.5335,160.0,158.0
8.5385,-108.0,160.0
8.5435,-139.0,158.0
8.5483,178.0,160.0
8.5535,137.0,158.0
8.5585,-208.0,160.0
8.5635,-132.0,160.0
8.5685,177.0,160.0
8.5736,118.0,158.0
8.5784,-117.0,158.0
8.5836,-116.0,158.0
8.5884,68.0,156.0
8.5936,125.0,158.0
8.5984,-44.0,158.0
8.6035,-109.0,160.0
8.6084,25.0,160.0
8.6134,45.0,160.0
8.6184,-4.0,158.0
8.6235,32.0,160.0
8.6283,-1.0,158.0
8.6334,-67.0,158.0
8.6385,-10.0,156.0
8.6436,50.0,156.0
8.6483,2.0,154.0
8.6535,-25.0,154.0
8.6585,39.0,154.0
8.6633,39.0,154.0
8.6683,-49.0,154.0
8.6736,-78.0,154.0
8.6785,-55.0,154.0
8.6834,66.0,152.0
8.6884,235.0,156.0
8.6933,54.0,154.0
8.6985,-330.0,158.0
8.7038,-220.0,162.0
8.7084,257.0,164.0
8.7135,304.0,168.0
8.7185,-115.0,170.0
8.7235,-256.0,174.0
8.7286,40.0,174.0
8.7336,132.0,172.0
8.7385,-69.0,174.0
8.7435,-25.0,170.0
8.7484,147.0,170.0
8.7535,-12.0,168.0
8.7586,-200.0,170.0
8.7635,13.0,170.0
8.7683,194.0,170.0
8.7734,-39.0,170.0
8.7784,-149.0,172.0
8.7837,107.0,172.0
8.7885,99.0,172.0
8.7936,-171.0,174.0
8.7983,-77.0,176.0
8.8034,175.0,176.0
8.8084,93.0,178.0
8.8138,-112.0,176.0
8.8184,-108.0,176.0
8.8234,15.0,174.0
8.8284,79.0,174.0
8.8333,57.0,174.0
8.8385,-44.0,174.0
8.8436,-70.0,174.0
8.8485,83.0,174.0
8.8534,52.0,174.0
8.8584,-179.0,174.0
8.8634,-44.0,172.0
8.8685,241.0,174.0
8.8736,33.0,172.0
8.8786,-228.0,174.0
8.8833,14.0,172.0
8.8884,174.0,176.0
8.8934,-73.0,176.0
8.8986,-105.0,176.0
8.9035,79.0,176.0
8.9084,14.0,174.0
8.9134,-8.0,174.0
8.9184,104.0,174.0
8.9234,-74.0,176.0
8.9286,-214.0,178.0
8.9335,86.0,178.0
8.9386,256.0,182.0
8.9433,-8.0,180.0
8.9484,-190.0,184.0
8.9534,-94.0,184.0
8.9583,30.0,184.0
8.9634,117.0,186.0
8.9683,122.0,188.0
8.9734,-33.0,188.0
8.9785,-136.0,190.0
8.9835,-75.0,190.0
8.9885,-15.0,190.0
8.9935,94.0,192.0
8.9983,214.0,194.0
9.0033,12.0,192.0
9.0083,-307.0,196.0
9.0134,-136.0,194.0
9.0184,247.0,198.0
9.0234,140.0,196.0
9.0284,-122.0,196.0
9.0333,-24.0,194.0
9.0384,41.0,192.0
9.0438,-90.0,194.0
9.0486,-45.0,194.0
9.0534,101.0,196.0
9.0584,108.0,196.0
9.0633,6.0,196.0
9.0684,-169.0,196.0
9.0736,-140.0,198.0
9.0783,171.0,200.0
9.0835,183.0,200.0
9.0885,-106.0,202.0
9.0934,-104.0,204.0
9.0983,3.0,202.0
9.1035,-34.0,204.0
9.1084,101.0,204.0
9.1134,166.0,206.0
9.1185,-162.0,208.0
9.1234,-265.0,212.0
9.1284,104.0,212.0
9.1334,302.0,216.0
9.1385,83.0,216.0
9.1436,-235.0,218.0
9.1483,-262.0,220.0
9.1534,99.0,220.0
9.1585,280.0,222.0
9.1635,-19.0,220.0
9.1683,-167.0,222.0
9.1733,47.0,220.0
9.1784,86.0,220.0
9.1835,-88.0,218.0
9.1885,-99.0,218.0
9.1934,56.0,216.0
9.1984,118.0,214.0
9.2033,2.0,212.0
9.2085,-78.0,212.0
9.2133,5.0,210.0
9.2184,43.0,208.0
9.2235,-84.0,208.0
9.2283,-80.0,208.0
9.2347,154.0,208.0
9.2391,143.0,210.0
9.2437,-153.0,210.0
9.2485,-146.0,212.0
9.2533,90.0,214.0
9.2585,82.0,214.0
9.2633,-26.0,214.0
9.2686,-6.0,214.0
9.2736,19.0,214.0
9.2785,-46.0,214.0
9.2835,-63.0,214.0
9.2883,85.0,216.0
9.2933,94.0,216.0
9.2986,-132.0,218.0
9.3036,-62.0,218.0
9.3084,184.0,220.0
9.3135,-7.0,220.0
9.3192,-206.0,222.0
9.3241,49.0,222.0
9.3286,172.0,220.0
9.3336,-28.0,220.0
9.3387,-87.0,216.0
9.3434,-17.0,214.0
9.3483,-12.0,210.0
9.3535,18.0,206.0
9.3583,66.0,204.0
9.3635,54.0,202.0
9.3684,-34.0,202.0
9.3735,-172.0,202.0
9.3784,-60.0,202.0
9.3865,268.0,206.0
9.3884,133.0,206.0
9.3936,-294.0,210.0
9.3983,-122.0,208.0
9.4035,263.0,212.0
9.4083,57.0,210.0
9.4137,-210.0,212.0
9.4184,-25.0,210.0
9.4235,133.0,212.0
9.4284,41.0,210.0
9.4335,-37.0,208.0
9.4384,-57.0,208.0
9.4439,-41.0,206.0
9.4484,61.0,206.0
9.4534,62.0,204.0
9.4583,-87.0,204.0
9.4633,-7.0,204.0
9.4686,141.0,206.0
9.4736,-92.0,206.0
9.4785,-176.0,208.0
9.4836,179.0,210.0
9.4885,155.0,210.0
9.4934,-220.0,214.0
9.4985,-100.0,212.0
9.5036,218.0,214.0
9.5085,58.0,212.0
9.5135,-184.0,214.0
9.5201,-10.0,210.0
9.5233,127.0,212.0
9.5288,-95.0,212.0
9.5335,-74.0,212.0
9.5385,218.0,212.0
9.5435,59.0,212.0
9.5483,-254.0,216.0
9.5536,-71.0,218.0
9.5584,169.0,218.0
9.5635,53.0,218.0
9.5683,-44.0,216.0
9.5734,21.0,214.0
9.5785,-15.0,210.0
9.5837,-107.0,212.0
9.5885,-23.0,210.0
9.5935,141.0,210.0
9.5983,110.0,212.0
9.6034,-117.0,212.0
9.6085,-179.0,212.0
9.6136,58.0,212.0
9.6186,176.0,214.0
9.6233,4.0,212.0
9.6284,-78.0,214.0
9.6334,-18.0,212.0
9.6384,-54.0,210.0
9.6436,-49.0,210.0
9.6483,104.0,208.0
9.6533,141.0,208.0
9.6585,-34.0,204.0
9.6633,-156.0,204.0
9.6684,-74.0,204.0
9.6736,60.0,204.0
9.6785,135.0,206.0
9.6833,80.0,206.0
9.6883,-148.0,206.0
9.6934,-180.0,208.0
9.6985,135.0,208.0
9.7035,195.0,212.0
9.7085,-75.0,210.0
9.7135,-109.0,210.0
9.7185,-28.0,208.0
9.7235,-57.0,206.0
9.7285,100.0,206.0
9.7334,220.0,206.0
9.7384,-86.0,208.0
9.7434,-286.0,212.0
9.7484,29.0,212.0
9.7533,248.0,212.0
9.7583,9.0,210.0
9.7635,-183.0,208.0
9.7683,-34.0,208.0
9.7734,134.0,204.0
9.7783,65.0,204.0
9.7835,-65.0,202.0
9.7886,-64.0,198.0
9.7935,-37.0,198.0
9.7984,-8.0,194.0
9.8033,105.0,196.0
9.8084,115.0,194.0
9.8135,-87.0,194.0
9.8185,-165.0,196.0
9.8233,39.0,196.0
9.8284,116.0,196.0
9.8334,-47.0,196.0
9.8384,-16.0,194.0
9.8437,124.0,196.0
9.8485,-31.0,196.0
9.8535,-211.0,198.0
9.8584,-42.0,198.0
9.8633,222.0,200.0
9.8684,184.0,202.0
9.8735,-126.0,202.0
9.8783,-257.0,204.0
9.8835,-8.0,202.0
9.8883,192.0,202.0
9.8934,86.0,202.0
9.8985,-40.0,202.0
9.9035,-82.0,202.0
9.9084,-102.0,204.0
9.9134,43.0,204.0
9.9186,170.0,206.0
9.9236,-33.0,206.0
9.9297,-166.0,206.0
9.9333,78.0,206.0
9.9384,150.0,206.0
9.9437,-120.0,208.0
9.9485,-149.0,208.0
9.9534,99.0,208.0
9.9588,121.0,208.0
9.9635,-52.0,208.0
9.9683,-55.0,206.0
9.9734,55.0,206.0
9.9783,10.0,204.0
9.9837,-106.0,206.0
9.9886,-21.0,206.0
9.9937,148.0,208.0
9.9983,60.0,208.0
10.0033,-160.0,210.0
10.0083,-100.0,210.0
10.0135,164.0,210.0
10.0186,149.0,212.0
10.0234,-161.0,210.0
10.0284,-235.0,212.0
10.0339,89.0,208.0
10.0383,335.0,212.0
10.0435,88.0,210.0
10.0483,-345.0,214.0
10.0534,-268.0,214.0
10.0584,210.0,218.0
10.0634,293.0,220.0
10.0684,-35.0,220.0
10.0738,-159.0,222.0
10.0785,-42.0,222.0
10.0834,22.0,222.0
10.0883,22.0,220.0
10.0933,10.0,220.0
10.0983,-9.0,218.0
10.1034,5.0,218.0
10.1084,50.0,218.0
10.1134,32.0,216.0
10.1185,-75.0,214.0
10.1234,-105.0,214.0
10.1286,7.0,212.0
10.1337,91.0,210.0
10.1385,92.0,210.0
10.1434,41.0,206.0
10.1484,-106.0,208.0
10.1533,-170.0,206.0
10.1587,28.0,208.0
10.1637,192.0,208.0
10.1684,34.0,208.0
10.1734,-145.0,208.0
10.1785,-41.0,206.0
10.1836,105.0,206.0
10.1885,38.0,202.0
10.1936,-61.0,202.0
10.1983,-17.0,200.0
10.2033,3.0,200.0
10.2085,-72.0,200.0
10.2135,7.0,200.0
10.2184,172.0,202.0
10.2236,51.0,202.0
10.2283,-182.0,204.0
10.2333,-103.0,204.0
10.2383,122.0,204.0
10.2433,99.0,204.0
10.2484,-96.0,202.0
10.2534,-80.0,202.0
10.2594,123.0,202.0
10.2633,76.0,202.0
10.2685,-133.0,204.0
10.2734,-44.0,204.0
10.2783,123.0,204.0
10.2833,-33.0,204.0
10.2884,-155.0,206.0
10.2933,69.0,204.0
10.2984,217.0,208.0
10.3034,3.0,204.0
10.3084,-222.0,208.0
10.3135,-132.0,208.0
10.3185,143.0,208.0
10.3237,211.0,210.0
10.3285,-48.0,208.0
10.3334,-198.0,210.0
10.3392,16.0,208.0
10.3442,138.0,206.0
10.3484,-54.0,206.0
10.3534,-105.0,206.0
10.3586,105.0,208.0
10.3634,99.0,208.0
10.3684,-126.0,208.0
10.3734,-62.0,206.0
10.3783,151.0,206.0
10.3834,-3.0,202.0
10.3885,-208.0,206.0
10.3945,26.0,202.0
10.3983,237.0,206.0
10.4033,31.0,202.0
10.4084,-161.0,204.0
10.4134,-127.0,204.0
10.4184,31.0,204.0
10.4235,199.0,206.0
10.4284,19.0,206.0
10.4333,-228.0,208.0
10.4383,52.0,210.0
10.4435,229.0,212.0
10.4485,-155.0,212.0
10.4536,-196.0,214.0
10.4588,188.0,214.0
10.4634,97.0,214.0
10.4686,-155.0,216.0
10.4734,63.0,216.0
10.4785,136.0,218.0
10.4834,-214.0,218.0
10.4884,-184.0,222.0
10.4933,253.0,222.0
10.4984,249.0,226.0
10.5036,-160.0,224.0
10.5084,-238.0,226.0
10.5135,36.0,224.0
10.5187,128.0,222.0
10.5234,-13.0,222.0
10.5285,2.0,218.0
10.5335,103.0,220.0
10.5385,-64.0,220.0
10.5434,-187.0,222.0
10.5483,45.0,220.0
10.5536,164.0,222.0
10.5584,-13.0,220.0
10.5635,-71.0,220.0
10.5684,10.0,218.0
10.5733,3.0,216.0
10.5783,-2.0,214.0
10.5833,17.0,212.0
10.5885,-37.0,210.0
10.5933,-36.0,210.0
10.5983,82.0,210.0
10.6033,67.0,210.0
10.6084,-109.0,210.0
10.6135,-95.0,212.0
10.6185,128.0,212.0
10.6235,121.0,214.0
10.6284,-134.0,214.0
10.6333,-141.0,214.0
10.6383,100.0,216.0
10.6436,132.0,214.0
10.6485,-16.0,214.0
10.6534,-77.0,212.0
10.6584,-83.0,212.0
10.6634,0.0,208.0
10.6685,145.0,208.0
10.6735,52.0,206.0
10.6786,-148.0,204.0
10.6836,-52.0,204.0
10.6885,116.0,200.0
10.6934,18.0,196.0
10.6983,-65.0,194.0
10.7035,13.0,190.0
10.7084,-6.0,188.0
10.7135,-30.0,186.0
10.7183,67.0,188.0
10.7234,24.0,188.0
10.7286,-62.0,188.0
10.7336,29.0,188.0
10.7386,1.0,188.0
10.7436,-129.0,190.0
10.7484,39.0,190.0
10.7534,212.0,192.0
10.7586,-23.0,192.0
10.7634,-206.0,194.0
10.7684,-15.0,194.0
10.7734,107.0,194.0
10.7784,20.0,192.0
10.7834,7.0,192.0
10.7885,14.0,190.0
10.7935,-58.0,188.0
10.7983,-45.0,190.0
10.8033,36.0,186.0
10.8085,34.0,186.0
10.8136,16.0,184.0
10.8185,3.0,184.0
10.8235,-70.0,184.0
10.8283,-30.0,184.0
10.8333,120.0,184.0
10.8385,29.0,184.0
10.8436,-157.0,186.0
10.8484,-22.0,186.0
10.8534,156.0,188.0
10.8584,15.0,186.0
10.8634,-109.0,186.0
10.8683,5.0,184.0
10.8736,44.0,184.0
10.8784,-23.0,182.0
10.8834,10.0,180.0
10.8883,-11.0,178.0
10.8936,-59.0,178.0
10.8985,99.0,178.0
10.9037,109.0,178.0
10.9084,-166.0,180.0
10.9136,-135.0,180.0
10.9185,164.0,182.0
10.9236,105.0,182.0
10.9285,-130.0,182.0
10.9334,-45.0,182.0
10.9385,102.0,180.0
10.9434,15.0,180.0
10.9484,-52.0,178.0
10.9535,-8.0,176.0
10.9584,-28.0,174.0
10.9633,-22.0,170.0
10.9683,85.0,172.0
10.9733,69.0,170.0
10.9783,-99.0,170.0
10.9835,-80.0,170.0
10.9884,111.0,170.0
10.9934,37.0,170.0
10.9985,-145.0,170.0
11.0033,40.0,170.0
11.0084,181.0,170.0
11.0135,-113.0,170.0
11.0184,-201.0,172.0
11.0233,135.0,174.0
11.0283,194.0,174.0
11.0333,-93.0,174.0
11.0386,-143.0,174.0
11.0434,47.0,174.0
11.0484,38.0,172.0
11.0533,-77.0,170.0
11.0583,63.0,172.0
11.0634,173.0,170.0
11.0684,-72.0,172.0
11.0734,-226.0,172.0
11.0783,-13.0,170.0
11.0834,161.0,170.0
11.0884,84.0,168.0
11.0933,-30.0,166.0
11.0984,-72.0,164.0
11.1034,-49.0,164.0
11.1084,23.0,162.0
11.1134,48.0,162.0
11.1186,-4.0,160.0
11.1236,-26.0,156.0
11.1285,-2.0,154.0
11.1333,7.0,150.0
11.1383,45.0,146.0
11.1433,37.0,144.0
11.1484,-109.0,142.0
11.1533,-102.0,144.0
11.1583,132.0,144.0
11.1634,128.0,146.0
11.1684,-113.0,148.0
11.1733,-89.0,146.0
11.1783,98.0,148.0
11.1837,25.0,144.0
11.1884,-101.0,146.0
11.1934,26.0,144.0
11.1985,104.0,144.0
11.2034,-64.0,144.0
11.2085,-100.0,146.0
11.2137,69.0,148.0
11.2185,75.0,148.0
11.2235,-20.0,148.0
11.2283,-9.0,148.0
11.2333,-20.0,148.0
11.2383,-49.0,148.0
11.2436,-16.0,146.0
11.2484,-1.0,144.0
11.2534,77.0,144.0
11.2583,155.0,144.0
11.2633,-63.0,144.0
11.2683,-260.0,146.0
11.2746,-13.0,144.0
11.2784,207.0,146.0
11.2833,55.0,144.0
11.2884,-53.0,146.0
11.2934,-31.0,144.0
11.2988,-89.0,144.0
11.3035,-8.0,144.0
11.3084,187.0,146.0
11.3133,42.0,146.0
11.3184,-260.0,146.0
11.3234,-106.0,148.0
11.3285,312.0,150.0
11.3334,214.0,154.0
11.3386,-287.0,158.0
11.3433,-288.0,162.0
11.3484,154.0,164.0
11.3534,228.0,166.0
11.3584,6.0,166.0
11.3633,-44.0,166.0
11.3683,-72.0,166.0
11.3734,-137.0,168.0
11.3783,21.0,168.0
11.3877,206.0,170.0
11.3884,21.0,170.0
11.3934,-182.0,168.0
11.3983,68.0,170.0
11.4033,202.0,170.0
11.4084,-231.0,172.0
11.4136,-338.0,176.0
11.4185,268.0,180.0
11.4235,444.0,188.0
11.4284,-139.0,190.0
11.4334,-358.0,194.0
11.4383,21.0,194.0
11.4437,150.0,196.0
11.4485,-41.0,196.0
11.4534,-6.0,196.0
11.4584,126.0,198.0
11.4641,-20.0,196.0
11.4686,-138.0,198.0
11.4734,23.0,196.0
11.4785,23.0,196.0
11.4834,-103.0,196.0
11.4884,165.0,198.0
11.4934,280.0,200.0
11.4985,-299.0,204.0
11.5035,-473.0,210.0
11.5084,255.0,214.0
11.5135,533.0,222.0
11.5183,-67.0,222.0
11.5233,-366.0,228.0
11.5284,-81.0,228.0
11.5334,65.0,228.0
11.5384,68.0,228.0
11.5433,166.0,230.0
11.5483,41.0,228.0
11.5534,-217.0,228.0
11.5586,-121.0,228.0
11.5635,131.0,228.0
11.5683,121.0,228.0
11.5733,-33.0,228.0
11.5784,-65.0,228.0
11.5834,17.0,228.0
11.5884,18.0,226.0
11.5936,-52.0,228.0
11.5984,-18.0,228.0
11.6034,37.0,228.0
11.6083,24.0,226.0
11.6135,33.0,226.0
11.6185,13.0,224.0
11.6235,-77.0,224.0
11.6283,-65.0,224.0
11.6333,67.0,224.0
11.6384,102.0,224.0
11.6437,-59.0,224.0
11.6486,-158.0,224.0
11.6534,78.0,224.0
11.6585,251.0,224.0
11.6634,-65.0,222.0
11.6686,-282.0,224.0
11.6734,-7.0,224.0
11.6784,165.0,224.0
11.6835,52.0,224.0
11.6885,4.0,222.0
11.6933,-12.0,222.0
11.6986,-60.0,222.0
11.7034,-41.0,220.0
11.7084,-4.0,218.0
11.7134,32.0,216.0
11.7183,65.0,216.0
11.7233,1.0,214.0
11.7288,-52.0,214.0
11.7335,-3.0,214.0
11.7384,10.0,212.0
11.7434,-25.0,212.0
11.7483,12.0,212.0
11.7534,64.0,212.0
11.7584,-8.0,212.0
11.7635,-103.0,214.0
11.7684,-28.0,214.0
11.7734,116.0,216.0
11.7791,94.0,216.0
11.7835,-81.0,216.0
11.7886,-153.0,218.0
11.7933,12.0,216.0
11.7983,178.0,216.0
11.8034,60.0,216.0
11.8084,-173.0,216.0
11.8134,-114.0,216.0
11.8186,154.0,218.0
11.8234,128.0,220.0
11.8283,-132.0,220.0
11.8335,-97.0,220.0
11.8384,107.0,222.0
11.8439,46.0,220.0
11.8486,-56.0,220.0
11.8533,9.0,220.0
11.8584,-11.0,218.0
11.8634,-69.0,218.0
11.8683,41.0,220.0
11.8746,104.0,220.0
11.8785,-5.0,220.0
11.8841,-84.0,222.0
11.8885,-56.0,222.0
11.8935,15.0,220.0
11.8988,84.0,220.0
11.904,65.0,220.0
11.9083,-53.0,216.0
11.9135,-88.0,218.0
11.9184,-12.0,214.0
11.9235,0.0,214.0
11.9305,49.0,214.0
11.9337,170.0,216.0
11.9391,6.0,214.0
11.9437,-307.0,220.0
11.9486,-138.0,218.0
11.9537,296.0,222.0
11.9591,234.0,222.0
11.9638,-141.0,222.0
11.9687,-200.0,222.0
11.9739,-37.0,218.0
11.9785,59.0,214.0
11.9838,143.0,212.0
11.9895,70.0,212.0
11.9938,-169.0,210.0
11.9987,-79.0,212.0
12.0039,143.0,212.0
12.0085,-56.0,212.0
12.0141,-89.0,212.0
12.0186,244.0,216.0
12.0234,50.0,212.0
12.0285,-349.0,218.0
12.0333,-42.0,216.0
12.0385,316.0,220.0
12.0441,33.0,218.0
12.0491,-203.0,216.0
12.0539,-2.0,212.0
12.0588,96.0,208.0
12.0636,-20.0,202.0
12.0686,-26.0,200.0
12.074,-2.0,194.0
12.0799,-15.0,194.0
12.0842,68.0,194.0
12.0885,24.0,194.0
12.0935,-147.0,196.0
12.0986,32.0,194.0
12.1046,230.0,198.0
12.1083,-143.0,198.0
12.1137,-308.0,202.0
12.1185,217.0,204.0
12.1234,323.0,208.0
12.1289,-199.0,208.0
12.1339,-239.0,208.0
12.1393,139.0,206.0
12.1437,121.0,200.0
12.1485,-89.0,198.0
12.1537,-67.0,190.0
12.1589,26.0,190.0
12.1639,83.0,186.0
12.1683,55.0,184.0
12.1735,-100.0,186.0
12.1785,-77.0,186.0
12.1837,95.0,184.0
12.1902,-2.0,184.0
12.1937,-108.0,182.0
12.1994,94.0,182.0
12.2038,155.0,182.0
12.2088,-85.0,182.0
12.2138,-175.0,184.0
12.2188,-17.0,182.0
12.2235,107.0,184.0
12.2283,97.0,186.0
12.2335,12.0,184.0
12.2389,-58.0,186.0
12.2441,-75.0,186.0
12.2488,-75.0,186.0
12.2538,15.0,186.0
12.2587,196.0,190.0
12.2635,121.0,190.0
12.2686,-205.0,192.0
12.274,-218.0,194.0
12.2786,100.0,194.0
12.2847,204.0,196.0
12.2891,33.0,194.0
12.2934,-113.0,196.0
12.2983,-125.0,194.0
12.304,17.0,192.0
12.3083,151.0,190.0
12.3134,33.0,192.0
12.3185,-107.0,190.0
12.3238,-16.0,190.0
12.3283,12.0,190.0
12.334,-66.0,190.0
12.3382,90.0,192.0
12.3438,182.0,194.0
12.3486,-135.0,196.0
12.3536,-270.0,200.0
12.359,105.0,200.0
12.3638,271.0,204.0
12.3685,-79.0,204.0
12.3746,-198.0,208.0
12.3785,148.0,210.0
12.3837,132.0,212.0
12.3884,-282.0,216.0
12.3942,-129.0,216.0
12.3986,361.0,222.0
12.4035,169.0,222.0
12.4087,-320.0,228.0
12.4141,-199.0,228.0
12.4188,199.0,230.0
12.4238,181.0,232.0
12.4286,-81.0,230.0
12.4334,-110.0,232.0
12.4387,55.0,230.0
12.4439,47.0,230.0
12.4483,-133.0,230.0
12.4535,-55.0,228.0
12.4588,205.0,230.0
12.4636,99.0,230.0
12.4689,-183.0,230.0
12.4739,-86.0,230.0
12.4788,108.0,230.0
12.4834,12.0,230.0
12.4896,-49.0,230.0
12.4933,61.0,230.0
12.4988,7.0,230.0
12.5037,-128.0,230.0
12.5083,4.0,230.0
12.5135,218.0,232.0
12.5185,64.0,232.0
12.5235,-272.0,236.0
12.5284,-159.0,238.0
12.5337,207.0,240.0
12.5384,133.0,242.0
12.5438,-79.0,242.0
12.5485,33.0,242.0
12.5535,21.0,240.0
12.5589,-195.0,242.0
12.5635,-64.0,244.0
12.5685,229.0,246.0
12.5738,115.0,246.0
12.5786,-158.0,248.0
12.5836,-85.0,244.0
12.5893,81.0,244.0
12.5938,-13.0,240.0
12.5985,-53.0,236.0
12.6038,104.0,236.0
12.6087,65.0,234.0
12.6139,-127.0,236.0
12.6186,-79.0,236.0
12.6238,87.0,234.0
12.6285,66.0,234.0
12.6335,-39.0,232.0
12.6383,-39.0,232.0
12.6439,21.0,230.0
12.6483,32.0,230.0
12.6538,-10.0,228.0
12.6585,-47.0,226.0
12.6636,-51.0,226.0
12.6688,42.0,220.0
12.674,168.0,222.0
12.6785,19.0,218.0
12.6834,-253.0,222.0
12.6883,-97.0,220.0
12.6933,230.0,224.0
12.6987,104.0,224.0
12.7035,-136.0,226.0
12.7088,-33.0,226.0
12.7135,70.0,226.0
12.7185,-36.0,226.0
12.7236,-44.0,226.0
12.729,54.0,226.0
12.7338,-17.0,224.0
12.7384,-60.0,226.0
12.7433,128.0,224.0
12.7485,92.0,222.0
12.7537,-195.0,222.0
12.7589,-111.0,220.0
12.764,162.0,218.0
12.7683,71.0,216.0
12.7737,-82.0,212.0
12.7786,8.0,210.0
12.7836,33.0,210.0
12.7884,-83.0,210.0
12.7938,-33.0,208.0
12.7985,147.0,210.0
12.8034,63.0,210.0
12.8088,-211.0,212.0
12.8137,-109.0,212.0
12.8189,249.0,216.0
12.8239,150.0,216.0
12.8286,-235.0,220.0
12.8335,-154.0,220.0
12.8387,168.0,222.0
12.8437,94.0,220.0
12.8483,-64.0,220.0
12.8537,36.0,218.0
12.8588,-28.0,218.0
12.8635,-186.0,220.0
12.8686,34.0,218.0
12.8738,243.0,222.0
12.879,34.0,222.0
12.8837,-149.0,224.0
12.889,-71.0,224.0
12.8935,-15.0,224.0
12.8994,26.0,220.0
12.9033,123.0,220.0
12.9083,32.0,218.0
12.9135,-143.0,216.0
12.9183,-46.0,216.0
12.9234,114.0,214.0
12.9284,33.0,214.0
12.9333,-54.0,214.0
12.9384,-18.0,212.0
12.9434,-33.0,212.0
12.9484,-2.0,210.0
12.9533,133.0,212.0
12.9584,27.0,210.0
12.9633,-227.0,214.0
12.9683,-44.0,214.0
12.9733,272.0,216.0
12.9783,48.0,216.0
12.9837,-227.0,216.0
12.9885,-23.0,216.0
12.9935,121.0,212.0
12.9983,-28.0,212.0
13.0033,-44.0,208.0
13.0083,64.0,208.0
13.0135,40.0,206.0
13.0185,-23.0,204.0
13.0234,-48.0,202.0
13.0283,-95.0,200.0
13.0333,-21.0,198.0
13.0383,228.0,196.0
13.0436,176.0,196.0
13.0484,-286.0,196.0
13.0534,-319.0,196.0
13.0583,230.0,198.0
13.0634,336.0,200.0
13.0686,-104.0,200.0
13.0734,-197.0,202.0
13.0783,2.0,200.0
13.0833,0.0,200.0
13.0885,27.0,198.0
13.0933,114.0,200.0
13.0983,-30.0,196.0
13.1044,-99.0,196.0
13.1083,68.0,194.0
13.1133,45.0,194.0
13.1185,-122.0,194.0
13.1233,-52.0,194.0
13.1283,117.0,196.0
13.1333,116.0,196.0
13.1385,-37.0,198.0
13.1435,-166.0,198.0
13.1485,-61.0,198.0
13.1534,159.0,198.0
13.1588,131.0,198.0
13.1635,-88.0,196.0
13.1684,-151.0,196.0
13.1733,-31.0,194.0
13.1783,108.0,192.0
13.1836,139.0,194.0
13.1884,-15.0,194.0
13.1935,-159.0,196.0
13.1984,-95.0,194.0
13.2033,80.0,194.0
13.209,189.0,194.0
13.2134,45.0,192.0
13.2195,-215.0,194.0
13.2246,-162.0,194.0
13.2293,142.0,196.0
13.2333,218.0,198.0
13.2385,-8.0,198.0
13.2438,-176.0,200.0
13.2485,-93.0,200.0
13.2535,53.0,198.0
13.2584,99.0,198.0
13.2633,66.0,198.0
13.2684,-24.0,198.0
13.2735,-107.0,198.0
13.2784,-58.0,200.0
13.2836,60.0,200.0
13.2883,72.0,200.0
13.2933,19.0,200.0
13.2984,10.0,200.0
13.3035,-56.0,200.0
13.3089,-136.0,202.0
13.3133,18.0,200.0
13.3183,193.0,202.0
13.3233,32.0,198.0
13.3286,-126.0,198.0
13.3333,-6.0,196.0
13.3385,11.0,194.0
13.3434,-98.0,194.0
13.3483,25.0,194.0
13.3534,161.0,194.0
13.3585,24.0,194.0
13.3635,-72.0,194.0
13.3684,-45.0,194.0
13.3735,-103.0,196.0
13.3783,-19.0,196.0
13.3834,215.0,196.0
13.3888,90.0,196.0
13.3934,-216.0,198.0
13.3983,-91.0,196.0
13.4033,167.0,196.0
13.4083,36.0,196.0
13.4133,-113.0,196.0
13.4183,19.0,198.0
13.4233,71.0,198.0
13.4283,-23.0,196.0
13.4333,-36.0,196.0
13.4385,-57.0,196.0
13.4436,-20.0,194.0
13.4485,190.0,194.0
13.4533,115.0,194.0
13.4584,-262.0,194.0
13.4633,-186.0,196.0
13.4683,184.0,194.0
13.4737,142.0,194.0
13.4783,-2.0,192.0
13.4833,15.0,190.0
13.4884,-140.0,192.0
13.4934,-177.0,194.0
13.4984,157.0,196.0
13.5034,230.0,196.0
13.5084,-92.0,198.0
13.5133,-173.0,196.0
13.5183,49.0,196.0
13.5233,108.0,196.0
13.5286,-48.0,196.0
13.5335,-103.0,196.0
13.5384,35.0,198.0
13.5435,131.0,198.0
13.5482,12.0,196.0
13.5535,-137.0,196.0
13.5585,-65.0,198.0
13.5634,104.0,196.0
13.5683,102.0,198.0
13.5734,-42.0,198.0
13.5783,-138.0,200.0
13.5834,-34.0,200.0
13.5885,180.0,202.0
13.5935,101.0,202.0
13.5984,-194.0,204.0
13.6033,-123.0,202.0
13.6083,148.0,204.0
13.6134,63.0,202.0
13.6185,-74.0,202.0
13.6235,67.0,200.0
13.6283,36.0,200.0
13.6333,-181.0,200.0
13.6383,-44.0,200.0
13.6436,197.0,202.0
13.6485,44.0,202.0
13.6534,-135.0,204.0
13.6584,-6.0,204.0
13.6634,71.0,204.0
13.6686,-37.0,204.0
13.6735,-31.0,204.0
13.6785,39.0,200.0
13.6834,-8.0,198.0
13.6883,0.0,194.0
13.6934,45.0,190.0
13.6983,-44.0,186.0
13.7036,-52.0,182.0
13.7085,81.0,182.0
13.7135,15.0,178.0
13.7186,-118.0,180.0
13.7235,61.0,182.0
13.7286,172.0,184.0
13.7336,-160.0,184.0
13.7385,-244.0,188.0
13.7435,209.0,190.0
13.7484,292.0,192.0
13.7534,-144.0,194.0
13.7585,-258.0,196.0
13.7635,24.0,196.0
13.7683,146.0,196.0
13.7733,23.0,196.0
13.7783,-47.0,196.0
13.7833,26.0,194.0
13.7884,25.0,192.0
13.7935,-72.0,192.0
13.7983,-38.0,190.0
13.8033,49.0,190.0
13.8084,11.0,186.0
13.8133,-8.0,186.0
13.8184,47.0,186.0
13.8235,1.0,184.0
13.8283,-77.0,184.0
13.8332,6.0,182.0
13.8385,69.0,182.0
13.8437,-50.0,182.0
13.8485,-65.0,180.0
13.8533,88.0,180.0
13.8585,74.0,178.0
13.8633,-64.0,176.0
13.8683,-59.0,174.0
13.8734,0.0,172.0
13.8784,-2.0,172.0
13.8835,33.0,170.0
13.8883,92.0,170.0
13.8937,-9.0,168.0
13.8987,-165.0,170.0
13.9035,-41.0,170.0
13.9085,170.0,172.0
13.9135,69.0,170.0
13.9185,-108.0,172.0
13.9234,-58.0,172.0
13.9284,27.0,170.0
13.9334,34.0,172.0
13.9385,34.0,172.0
13.9435,-17.0,170.0
13.9483,-53.0,170.0
13.9533,10.0,170.0
13.9585,21.0,166.0
13.9633,-5.0,166.0
13.9683,27.0,164.0
13.9734,-11.0,164.0
13.9784,-59.0,166.0
13.9834,35.0,164.0
13.9885,70.0,166.0
13.9933,-34.0,164.0
13.9983,-70.0,164.0
14.0034,5.0,164.0
14.0083,87.0,164.0
14.0135,55.0,162.0
14.0185,-134.0,164.0
14.0234,-175.0,164.0
14.0283,162.0,166.0
14.0334,319.0,166.0
14.0383,-126.0,168.0
14.0436,-362.0,170.0
14.0484,67.0,170.0
14.0534,244.0,172.0
14.0585,-55.0,174.0
14.0633,-51.0,174.0
14.0689,94.0,174.0
14.0735,-83.0,176.0
14.0783,-126.0,176.0
14.0835,117.0,178.0
14.0883,89.0,176.0
14.0934,-128.0,176.0
14.0983,-10.0,172.0
14.1035,185.0,172.0
14.1083,-18.0,170.0
14.1135,-236.0,172.0
14.1184,-21.0,172.0
14.1233,197.0,174.0
14.1284,51.0,172.0
14.1333,-76.0,172.0
14.1385,-16.0,170.0
14.1434,-62.0,166.0
14.1484,-77.0,166.0
14.1534,163.0,166.0
14.1587,192.0,168.0
14.1636,-177.0,170.0
14.1683,-260.0,172.0
14.1733,75.0,172.0
14.1783,198.0,174.0
14.1835,77.0,174.0
14.1885,-6.0,174.0
14.1933,-140.0,174.0
14.1983,-182.0,176.0
14.2035,53.0,176.0
14.2084,205.0,176.0
14.2135,82.0,178.0
14.2184,-43.0,176.0
14.2235,-130.0,178.0
14.2283,-168.0,178.0
14.2333,61.0,176.0
14.2383,280.0,178.0
14.2436,38.0,176.0
14.2485,-233.0,178.0
14.254,-67.0,178.0
14.2583,76.0,178.0
14.2634,0.0,176.0
14.2684,75.0,178.0
14.2735,101.0,176.0
14.2785,-140.0,178.0
14.2836,-168.0,178.0
14.2883,119.0,178.0
14.2934,170.0,178.0
14.2984,-63.0,180.0
14.3033,-102.0,180.0
14.3084,7.0,180.0
14.3135,-29.0,180.0
14.3184,12.0,180.0
14.3234,167.0,182.0
14.3285,37.0,182.0
14.3335,-214.0,186.0
14.3386,-122.0,186.0
14.3435,115.0,188.0
14.3483,165.0,188.0
14.3534,67.0,190.0
14.3586,-133.0,190.0
14.3635,-214.0,192.0
14.3683,65.0,190.0
14.3733,256.0,192.0
14.3785,-22.0,188.0
14.3833,-215.0,188.0
14.3885,25.0,184.0
14.3935,168.0,184.0
14.3983,-21.0,182.0
14.4033,-161.0,184.0
14.4083,-60.0,182.0
14.4133,163.0,184.0
14.4186,216.0,186.0
14.4234,-138.0,188.0
14.4283,-357.0,194.0
14.4333,98.0,194.0
14.4383,398.0,200.0
14.4434,-66.0,200.0
14.4483,-333.0,204.0
14.4533,47.0,206.0
14.4584,203.0,208.0
14.4633,-44.0,208.0
14.4686,-66.0,208.0
14.4734,57.0,210.0
14.4783,-24.0,208.0
14.4833,-69.0,208.0
14.4883,51.0,208.0
14.4933,57.0,208.0
14.4984,-38.0,208.0
14.5033,-22.0,206.0
14.5084,24.0,206.0
14.5133,-8.0,206.0
14.5184,-35.0,208.0
14.5235,8.0,206.0
14.5287,40.0,206.0
14.5333,19.0,206.0
14.5384,12.0,204.0
14.5435,-48.0,204.0
14.5484,-117.0,202.0
14.5534,62.0,202.0
14.5585,208.0,204.0
14.5634,-61.0,204.0
14.5683,-244.0,208.0
14.5733,48.0,208.0
14.5783,214.0,210.0
14.5834,-25.0,210.0
14.5885,-112.0,212.0
14.5935,15.0,212.0
14.5983,-35.0,212.0
14.6033,-24.0,212.0
14.6084,160.0,214.0
14.6133,11.0,214.0
14.6184,-215.0,216.0
14.6235,61.0,218.0
14.6283,212.0,220.0
14.6333,-170.0,222.0
14.6399,-189.0,224.0
14.6434,234.0,228.0
14.6483,170.0,228.0
14.6534,-177.0,230.0
14.6584,-116.0,230.0
14.6633,43.0,228.0
14.6685,-19.0,226.0
14.6734,11.0,220.0
14.6785,173.0,222.0
14.6834,79.0,218.0
14.6884,-227.0,220.0
14.6933,-205.0,220.0
14.6983,178.0,222.0
14.7035,252.0,224.0
14.7083,-105.0,224.0
14.7135,-222.0,226.0
14.7184,25.0,224.0
14.7233,156.0,226.0
14.7287,89.0,226.0
14.7334,-48.0,224.0
14.7386,-185.0,228.0
14.7434,-99.0,226.0
14.7483,178.0,228.0
14.7534,213.0,228.0
14.7585,-86.0,228.0
14.7635,-225.0,230.0
14.7683,24.0,228.0
14.7733,172.0,230.0
14.7783,-42.0,230.0
14.7835,-123.0,232.0
14.7885,87.0,232.0
14.7934,89.0,230.0
14.7983,-111.0,230.0
14.8033,-68.0,228.0
14.8084,117.0,226.0
14.8133,87.0,226.0
14.8183,-90.0,224.0
14.8233,-123.0,224.0
14.8283,9.0,224.0
14.8333,94.0,224.0
14.8383,82.0,222.0
14.8434,14.0,222.0
14.8485,-114.0,220.0
14.8534,-107.0,220.0
14.8584,96.0,222.0
14.8633,92.0,222.0
14.8686,-104.0,220.0
14.8734,3.0,220.0
14.8786,155.0,218.0
14.8835,-77.0,218.0
14.8884,-168.0,216.0
14.8934,92.0,218.0
14.8984,85.0,218.0
14.9035,-99.0,218.0
14.9084,20.0,218.0
14.9135,112.0,218.0
14.9183,-62.0,218.0
14.9233,-78.0,216.0
14.9288,60.0,214.0
14.9334,-5.0,212.0
14.9385,-58.0,212.0
14.9435,62.0,212.0
14.9483,29.0,212.0
14.9534,-56.0,212.0
14.9586,72.0,214.0
14.9634,39.0,212.0
14.9684,-216.0,214.0
14.9733,-72.0,212.0
14.9783,303.0,214.0
14.9833,140.0,214.0
14.9885,-265.0,216.0
14.9934,-166.0,218.0
14.9983,140.0,218.0
15.0033,112.0,216.0
15.0082,-49.0,216.0
15.0133,-21.0,212.0
15.0185,79.0,214.0
15.0234,-19.0,210.0
15.0284,-178.0,212.0
15.0333,-30.0,210.0
15.0383,219.0,214.0
15.0435,126.0,214.0
15.0485,-142.0,214.0
15.0534,-193.0,214.0
15.0584,-1.0,212.0
15.0635,190.0,212.0
15.0685,112.0,208.0
15.0735,-126.0,210.0
15.0785,-122.0,204.0
15.0835,57.0,204.0
15.0883,46.0,200.0
15.0933,-42.0,200.0
15.0984,35.0,198.0
15.1035,76.0,198.0
15.1086,-48.0,198.0
15.1135,-86.0,198.0
15.1183,2.0,198.0
15.1233,23.0,198.0
15.1288,18.0,196.0
15.1335,52.0,196.0
15.1384,19.0,196.0
15.1435,-37.0,196.0
15.1483,-46.0,196.0
15.154,-89.0,198.0
15.1588,-21.0,198.0
15.1633,205.0,200.0
15.1683,146.0,202.0
15.1733,-183.0,206.0
15.1783,-190.0,208.0
15.1834,47.0,208.0
15.1884,85.0,208.0
15.1934,63.0,208.0
15.1983,84.0,206.0
15.2033,-66.0,206.0
15.2083,-191.0,204.0
15.2133,0.0,204.0
15.2185,194.0,204.0
15.2235,71.0,204.0
15.2284,-111.0,204.0
15.2336,-108.0,206.0
15.2383,-26.0,206.0
15.2434,97.0,206.0
15.2484,171.0,206.0
15.2537,-30.0,208.0
15.2583,-256.0,208.0
15.2633,-73.0,208.0
15.2693,229.0,208.0
15.2737,151.0,208.0
15.2783,-105.0,206.0
15.2836,-129.0,206.0
15.2885,-19.0,202.0
15.2933,10.0,200.0
15.2983,21.0,198.0
15.3035,93.0,200.0
15.3083,108.0,200.0
15.3133,-65.0,202.0
15.3185,-222.0,202.0
15.3233,-75.0,202.0
15.3283,174.0,202.0
15.3334,181.0,202.0
15.3384,-16.0,198.0
15.3434,-156.0,198.0
15.3483,-84.0,196.0
15.3534,48.0,194.0
15.3586,53.0,194.0
15.3633,33.0,192.0
15.3683,47.0,192.0
15.3733,-36.0,192.0
15.3783,-79.0,190.0
15.3833,25.0,188.0
15.3896,-33.0,186.0
15.3936,-136.0,186.0
15.3983,170.0,186.0
15.4034,353.0,188.0
15.4083,-163.0,190.0
15.4134,-459.0,196.0
15.4185,49.0,196.0
15.4235,322.0,198.0
15.4283,-7.0,198.0
15.4334,-96.0,198.0
15.4384,64.0,196.0
15.4437,8.0,196.0
15.4486,-60.0,194.0
15.4533,-76.0,194.0
15.4593,-117.0,196.0
15.4639,122.0,196.0
15.4685,351.0,200.0
15.4735,-32.0,200.0
15.4786,-424.0,204.0
15.4834,-121.0,206.0
15.4883,281.0,210.0
15.4933,228.0,212.0
15.4982,-59.0,210.0
15.5036,-271.0,214.0
15.5083,-86.0,212.0
15.5133,289.0,218.0
15.5185,110.0,216.0
15.5234,-300.0,220.0
15.5286,-78.0,218.0
15.5334,290.0,222.0
15.5384,86.0,222.0
15.5434,-232.0,224.0
15.5485,-163.0,226.0
15.5534,107.0,226.0
15.5585,243.0,228.0
15.5634,29.0,228.0
15.5683,-266.0,232.0
15.5733,-75.0,232.0
15.5783,262.0,236.0
15.5832,1.0,234.0
15.5885,-273.0,238.0
15.5933,101.0,240.0
15.5983,274.0,242.0
15.6033,-155.0,244.0
15.6086,-230.0,244.0
15.6134,168.0,246.0
15.6185,161.0,244.0
15.6236,-168.0,244.0
15.6283,-111.0,242.0
15.6333,146.0,242.0
15.6385,95.0,240.0
15.6435,-99.0,240.0
15.6485,-106.0,242.0
15.6533,35.0,242.0
15.6585,133.0,242.0
15.6633,51.0,244.0
15.6686,-152.0,242.0
15.6739,-163.0,244.0
15.6785,145.0,244.0
15.6834,262.0,246.0
15.6883,-125.0,246.0
15.6933,-292.0,246.0
15.6996,109.0,248.0
15.7033,236.0,250.0
15.7085,-96.0,250.0
15.7135,-121.0,250.0
15.7183,83.0,248.0
15.7233,-24.0,248.0
15.7283,-62.0,248.0
15.7333,162.0,250.0
15.7384,13.0,250.0
15.7434,-227.0,252.0
15.7483,79.0,252.0
15.7535,189.0,254.0
15.7586,-187.0,258.0
15.7635,-104.0,258.0
15.7689,245.0,262.0
15.7734,38.0,262.0
15.7783,-214.0,264.0
15.7835,6.0,264.0
15.7884,127.0,266.0
15.7934,-45.0,264.0
15.7983,-47.0,266.0
15.8034,59.0,262.0
15.8083,-13.0,260.0
15.8136,-30.0,258.0
15.8185,83.0,256.0
15.8234,-10.0,256.0
15.8283,-139.0,258.0
15.8333,37.0,256.0
15.8383,120.0,258.0
15.8435,-70.0,258.0
15.8484,-33.0,254.0
15.8534,118.0,256.0
15.8583,-25.0,254.0
15.8634,-131.0,254.0
15.8688,14.0,254.0
15.8733,78.0,252.0
15.8784,14.0,252.0
15.8834,-12.0,252.0
15.8883,-18.0,250.0
15.8932,14.0,248.0
15.8983,6.0,244.0
15.9033,-81.0,244.0
15.9083,-4.0,242.0
15.9134,131.0,242.0
15.9184,14.0,240.0
15.9233,-112.0,240.0
15.9288,-17.0,240.0
15.9335,54.0,240.0
15.9384,0.0,240.0
15.9433,4.0,238.0
15.9483,38.0,238.0
15.9533,-55.0,238.0
15.9586,-84.0,234.0
15.9633,84.0,236.0
15.9683,103.0,234.0
15.9733,-82.0,232.0
15.9783,-72.0,234.0
15.9834,43.0,232.0
15.9884,16.0,230.0
15.9935,14.0,230.0
15.9983,10.0,230.0
16.0033,-35.0,230.0
16.0083,37.0,230.0
16.0136,-23.0,228.0
16.0185,-144.0,230.0
16.0233,123.0,232.0
16.0283,236.0,234.0
16.0333,-194.0,236.0
16.0383,-257.0,236.0
16.0436,198.0,234.0
16.0485,194.0,236.0
16.0534,-145.0,230.0
16.0583,-76.0,230.0
16.0632,93.0,226.0
16.0685,-34.0,228.0
16.0734,-88.0,228.0
16.0784,70.0,228.0
16.0833,108.0,228.0
16.0885,-29.0,228.0
16.0933,-91.0,228.0
16.0983,-4.0,226.0
16.1035,19.0,226.0
16.1085,-34.0,220.0
16.1135,67.0,220.0
16.1183,121.0,216.0
16.1235,-119.0,216.0
16.1286,-178.0,214.0
16.1335,114.0,212.0
16.1385,149.0,214.0
16.1435,-90.0,212.0
16.1483,-62.0,210.0
16.1534,98.0,208.0
16.1585,9.0,206.0
16.1634,-119.0,204.0
16.1683,-21.0,202.0
16.1733,93.0,200.0
16.1784,33.0,198.0
16.1833,-37.0,196.0
16.1895,5.0,194.0
16.1934,22.0,192.0
16.1983,-48.0,188.0
16.2033,-62.0,190.0
16.2085,23.0,186.0
16.2134,73.0,186.0
16.2184,36.0,182.0
16.2234,-1.0,182.0
16.2283,-27.0,178.0
16.2333,-87.0,178.0
16.2385,-80.0,174.0
16.2436,82.0,174.0
16.2485,198.0,174.0
16.2534,42.0,172.0
16.2583,-206.0,172.0
16.2633,-188.0,172.0
16.2684,80.0,172.0
16.2734,218.0,172.0
16.2783,86.0,172.0
16.2833,-114.0,174.0
16.2883,-163.0,174.0
16.2937,-15.0,174.0
16.2985,115.0,174.0
16.3034,58.0,174.0
16.3084,-37.0,172.0
16.3134,-26.0,170.0
16.3184,25.0,168.0
16.3234,17.0,164.0
16.3285,-52.0,162.0
16.3335,-57.0,160.0
16.3385,40.0,158.0
16.3434,66.0,156.0
16.3483,1.0,154.0
16.3533,-1.0,152.0
16.3586,-3.0,150.0
16.3633,-77.0,152.0
16.3684,-52.0,152.0
16.3735,90.0,150.0
16.3784,121.0,152.0
16.3834,-33.0,148.0
16.3883,-153.0,150.0
16.3932,-30.0,148.0
16.3983,138.0,146.0
16.4032,57.0,146.0
16.4083,-97.0,144.0
16.4133,-51.0,144.0
16.4185,55.0,142.0
16.4234,30.0,142.0
16.4283,-40.0,140.0
16.4332,5.0,140.0
16.4382,88.0,140.0
16.4434,-26.0,140.0
16.4483,-174.0,142.0
16.4533,-5.0,142.0
16.4584,211.0,144.0
16.4633,55.0,144.0
16.4683,-168.0,146.0
16.4734,-52.0,146.0
16.4783,112.0,146.0
16.4833,8.0,144.0
16.4882,-81.0,146.0
16.4933,12.0,144.0
16.4983,27.0,144.0
16.5035,-15.0,142.0
16.5083,65.0,142.0
16.5133,58.0,142.0
16.5185,-129.0,144.0
16.5236,-137.0,146.0
16.529,128.0,148.0
16.5344,193.0,150.0
16.5385,-100.0,152.0
16.5433,-199.0,154.0
16.5485,69.0,154.0
16.5538,163.0,156.0
16.5586,-27.0,156.0
16.5637,-101.0,156.0
16.5684,-8.0,156.0
16.5737,56.0,156.0
16.5785,16.0,156.0
16.5834,-78.0,156.0
16.5883,-41.0,156.0
16.5938,136.0,158.0
16.5986,128.0,158.0
16.6038,-111.0,160.0
16.6085,-206.0,160.0
16.6141,-46.0,160.0
16.6187,144.0,162.0
16.6238,216.0,164.0
16.6287,54.0,164.0
16.6337,-235.0,168.0
16.6388,-213.0,172.0
16.6441,109.0,172.0
16.6483,215.0,176.0
16.6538,20.0,176.0
16.6585,-128.0,174.0
16.6634,-67.0,174.0
16.6685,72.0,172.0
16.6735,57.0,170.0
16.6789,-76.0,166.0
16.6833,-46.0,164.0
16.6886,87.0,162.0
16.6934,42.0,160.0
16.6986,-60.0,160.0
16.7035,-24.0,160.0
16.7085,-2.0,158.0
16.7133,-16.0,158.0
16.7185,72.0,158.0
16.7235,73.0,158.0
16.729,-117.0,158.0
16.7338,-134.0,160.0
16.7388,115.0,162.0
16.7436,173.0,164.0
16.7485,-67.0,164.0
16.7537,-180.0,166.0
16.7588,-2.0,164.0
16.7637,163.0,164.0
16.7683,58.0,162.0
16.7734,-126.0,162.0
16.7786,-64.0,162.0
16.7837,59.0,162.0
16.7883,8.0,160.0
16.7933,23.0,160.0
16.7986,70.0,160.0
16.8032,-84.0,160.0
16.8085,-104.0,160.0
16.8137,109.0,160.0
16.8182,49.0,162.0
16.8238,-125.0,162.0
16.8284,49.0,164.0
16.8338,136.0,166.0
16.8386,-90.0,166.0
16.8443,-99.0,166.0
16.8483,36.0,166.0
16.8539,-15.0,166.0
16.8584,33.0,166.0
16.8636,136.0,168.0
16.8688,-43.0,168.0
16.874,-157.0,170.0
16.8788,27.0,168.0
16.8833,74.0,168.0
16.8886,-33.0,166.0
16.8934,29.0,166.0
16.8986,48.0,162.0
16.9039,-93.0,162.0
16.9083,-31.0,160.0
16.9136,106.0,158.0
16.9185,-26.0,158.0
16.9237,-83.0,158.0
16.929,88.0,156.0
16.934,20.0,156.0
16.9391,-108.0,156.0
16.944,91.0,156.0
16.9484,77.0,158.0
16.9536,-207.0,160.0
16.9591,-26.0,160.0
16.9641,258.0,164.0
16.9682,-13.0,164.0
16.9743,-230.0,166.0
16.9785,32.0,166.0
16.9837,155.0,168.0
16.9888,-42.0,168.0
16.9934,-65.0,168.0
16.9983,69.0,170.0
17.0035,-17.0,170.0
17.0086,-119.0,170.0
17.0138,70.0,170.0
17.0188,156.0,170.0
17.0237,-82.0,172.0
17.0285,-148.0,170.0
17.0336,80.0,172.0
17.0385,110.0,172.0
17.0442,-87.0,172.0
17.0483,-84.0,172.0
17.0538,79.0,172.0
17.0586,77.0,172.0
17.0635,-31.0,172.0
17.0683,-59.0,172.0
17.0739,-36.0,174.0
17.0788,26.0,172.0
17.084,75.0,172.0
17.0885,-31.0,170.0
17.0935,-71.0,172.0
17.0985,107.0,170.0
17.1034,64.0,170.0
17.1083,-188.0,170.0
17.1134,-76.0,170.0
17.1184,194.0,172.0
17.1235,89.0,174.0
17.1288,-126.0,174.0
17.134,-87.0,176.0
17.139,29.0,176.0
17.1446,65.0,176.0
17.1485,56.0,176.0
17.1535,-20.0,176.0
17.1588,-89.0,174.0
17.164,-28.0,174.0
17.1682,36.0,172.0
17.1739,42.0,170.0
17.1792,63.0,168.0
17.1838,-23.0,166.0
17.1889,-125.0,166.0
17.1938,20.0,164.0
17.199,137.0,166.0
17.2037,-45.0,166.0
17.2083,-142.0,168.0
17.2138,53.0,168.0
17.2188,122.0,170.0
17.2239,-30.0,168.0
17.2283,-32.0,168.0
17.2333,26.0,166.0
17.2386,-91.0,166.0
17.2441,-72.0,166.0
17.2483,165.0,164.0
17.2534,114.0,166.0
17.2584,-151.0,166.0
17.2635,-80.0,164.0
17.2686,97.0,164.0
17.2737,-13.0,162.0
17.2788,-82.0,158.0
17.2838,62.0,158.0
17.2887,116.0,156.0
17.2935,-14.0,156.0
17.2986,-142.0,156.0
17.3033,-64.0,156.0
17.3084,130.0,158.0
17.3133,90.0,158.0
17.3185,-118.0,158.0
17.3238,-74.0,160.0
17.329,124.0,160.0
17.3338,59.0,160.0
17.3389,-101.0,160.0
17.3439,-49.0,162.0
17.3485,41.0,162.0
17.3537,30.0,162.0
17.3588,-1.0,160.0
17.3635,-16.0,160.0
17.3682,15.0,158.0
17.3737,36.0,156.0
17.3785,-40.0,156.0
17.3837,-86.0,154.0
17.3907,24.0,154.0
17.3938,112.0,152.0
17.3985,17.0,152.0
17.4044,-74.0,152.0
17.4085,-40.0,152.0
17.4133,-5.0,150.0
17.4186,37.0,148.0
17.4238,69.0,150.0
17.4285,-43.0,150.0
17.4338,-90.0,150.0
17.4385,71.0,150.0
17.4443,86.0,150.0
17.4482,-84.0,150.0
17.4539,-77.0,150.0
17.4592,45.0,150.0
17.4634,55.0,148.0
17.4686,18.0,148.0
17.474,-16.0,146.0
17.4788,-45.0,146.0
17.4841,-13.0,144.0
17.4884,28.0,144.0
17.4934,21.0,144.0
17.4985,-20.0,144.0
17.5037,-30.0,142.0
17.5082,48.0,142.0
17.5133,56.0,140.0
17.5183,-79.0,142.0
17.5235,-57.0,142.0
17.5284,82.0,142.0
17.5334,0.0,142.0
17.5384,-65.0,142.0
17.5434,77.0,142.0
17.5483,54.0,142.0
17.5535,-94.0,142.0
17.5583,-48.0,142.0
17.5633,34.0,142.0
17.5683,28.0,140.0
17.5734,38.0,140.0
17.5783,0.0,140.0
17.5834,-63.0,138.0
17.5883,-2.0,138.0
17.5935,44.0,136.0
17.5983,-36.0,136.0
17.6033,-36.0,132.0
17.6093,91.0,132.0
17.6133,78.0,130.0
17.6184,-117.0,132.0
17.6233,-150.0,132.0
17.6283,97.0,132.0
17.6332,206.0,134.0
17.6384,-50.0,134.0
17.6436,-235.0,138.0
17.6484,-9.0,136.0
17.6533,230.0,138.0
17.6584,75.0,138.0
17.6633,-176.0,138.0
17.6687,-118.0,138.0
17.6734,86.0,138.0
17.6784,115.0,138.0
17.6833,0.0,138.0
17.6883,-90.0,138.0
17.6933,-54.0,136.0
17.6984,78.0,138.0
17.7034,62.0,138.0
17.7083,-93.0,138.0
17.7133,-34.0,138.0
17.7183,132.0,140.0
17.7233,8.0,138.0
17.7283,-170.0,140.0
17.7333,-4.0,140.0
17.7384,176.0,140.0
17.7433,-2.0,140.0
17.7483,-155.0,140.0
17.7533,24.0,138.0
17.7585,130.0,138.0
17.7633,-33.0,136.0
17.7683,-102.0,136.0
17.7733,24.0,136.0
17.7783,52.0,136.0
17.7835,-30.0,136.0
17.7886,0.0,134.0
17.7935,55.0,134.0
17.7983,-6.0,134.0
17.8033,-45.0,134.0
17.8083,-30.0,134.0
17.8148,-22.0,134.0
17.8184,47.0,134.0
17.8233,84.0,134.0
17.8283,-16.0,132.0
17.8333,-82.0,134.0
17.8383,-28.0,132.0
17.8436,32.0,132.0
17.8485,45.0,130.0
17.8534,12.0,130.0
17.8585,-35.0,128.0
17.8635,-26.0,128.0
17.8683,18.0,128.0
17.8736,20.0,128.0
17.8784,-5.0,126.0
17.8835,-25.0,126.0
17.8883,-9.0,122.0
17.8934,63.0,122.0
17.8985,34.0,120.0
17.9033,-109.0,120.0
17.9083,-62.0,120.0
17.9133,114.0,122.0
17.9183,81.0,122.0
17.9234,-62.0,122.0
17.9283,-97.0,122.0
17.9333,-30.0,122.0
17.9385,100.0,122.0
17.9433,130.0,122.0
17.9483,-74.0,122.0
17.9533,-195.0,122.0
17.9585,42.0,122.0
17.9634,211.0,124.0
17.9683,-35.0,122.0
17.9734,-188.0,124.0
17.9784,40.0,124.0
17.9833,149.0,126.0
17.9884,-36.0,126.0
17.9934,-112.0,126.0
17.9983,42.0,126.0
18.0032,100.0,128.0
18.0083,-74.0,130.0
18.0135,-117.0,130.0
18.0187,103.0,132.0
18.0237,130.0,132.0
18.0283,-91.0,134.0
18.0333,-102.0,134.0
18.0384,56.0,134.0
18.0436,46.0,134.0
18.0484,-44.0,134.0
18.0534,-12.0,134.0
18.0583,53.0,134.0
18.0633,-4.0,132.0
18.0683,-46.0,132.0
18.0735,56.0,132.0
18.0784,28.0,132.0
18.0836,-137.0,132.0
18.0883,-44.0,132.0
18.0934,168.0,134.0
18.0985,104.0,134.0
18.1035,-104.0,134.0
18.1084,-157.0,136.0
18.1134,-4.0,136.0
18.1183,158.0,138.0
18.1232,74.0,140.0
18.1285,-107.0,140.0
18.1335,-78.0,142.0
18.1384,34.0,142.0
18.1433,50.0,142.0
18.1482,41.0,142.0
18.1534,-3.0,142.0
18.1587,-94.0,142.0
18.1634,-74.0,142.0
18.1683,74.0,142.0
18.1733,141.0,144.0
18.1782,19.0,142.0
18.1833,-127.0,144.0
18.1883,-103.0,144.0
18.1934,36.0,144.0
18.1983,115.0,144.0
18.2032,57.0,146.0
18.2083,-85.0,146.0
18.2133,-107.0,148.0
18.2183,58.0,148.0
18.224,115.0,148.0
18.2282,-31.0,150.0
18.2335,-107.0,150.0
18.2387,-11.0,150.0
18.2434,98.0,150.0
18.2483,53.0,150.0
18.2533,-80.0,150.0
18.2583,-68.0,150.0
18.2633,46.0,148.0
18.2683,61.0,148.0
18.2735,-11.0,144.0
18.2784,-49.0,144.0
18.2835,-14.0,140.0
18.2884,39.0,142.0
18.2933,37.0,138.0
18.2985,-23.0,138.0
18.3034,-71.0,136.0
18.3083,-7.0,134.0
18.3134,112.0,134.0
18.3182,40.0,134.0
18.3234,-131.0,136.0
18.3283,-27.0,134.0
18.3334,119.0,136.0
18.3384,-45.0,134.0
18.3433,-111.0,136.0
18.3484,105.0,136.0
18.3532,110.0,136.0
18.3585,-88.0,136.0
18.3634,-70.0,138.0
18.3683,26.0,134.0
18.3733,-10.0,136.0
18.3782,2.0,132.0
18.3835,75.0,134.0
18.3885,16.0,132.0
18.3935,-78.0,132.0
18.3983,-45.0,130.0
18.4033,43.0,130.0
18.4083,56.0,130.0
18.4135,-33.0,130.0
18.4186,-63.0,130.0
18.4235,67.0,132.0
18.4291,72.0,132.0
18.4333,-109.0,134.0
18.4384,-48.0,134.0
18.4435,127.0,136.0
18.4485,-20.0,134.0
18.4533,-127.0,136.0
18.4582,95.0,138.0
18.4634,108.0,138.0
18.4684,-135.0,140.0
18.4734,-62.0,140.0
18.4782,138.0,140.0
18.4834,-4.0,140.0
18.4883,-109.0,142.0
18.4935,60.0,142.0
18.4982,48.0,142.0
18.5035,-100.0,144.0
18.5083,8.0,144.0
18.5134,135.0,146.0
18.5183,-4.0,146.0
18.5234,-144.0,148.0
18.5283,-56.0,148.0
18.5333,100.0,148.0
18.5385,90.0,150.0
18.5434,-36.0,148.0
18.5484,-56.0,148.0
18.5532,8.0,146.0
18.5585,13.0,146.0
18.5633,1.0,144.0
18.5683,-26.0,144.0
18.5733,-63.0,144.0
18.5782,68.0,144.0
18.5834,175.0,144.0
18.5885,-59.0,144.0
18.5933,-244.0,144.0
18.5983,-7.0,144.0
18.6033,207.0,144.0
18.6084,61.0,144.0
18.6134,-107.0,144.0
18.6184,-52.0,144.0
18.6234,15.0,142.0
18.6282,0.0,140.0
18.6332,31.0,140.0
18.6382,50.0,140.0
18.6435,-25.0,138.0
18.6484,-52.0,138.0
18.6533,-4.0,136.0
18.6583,4.0,134.0
18.6632,1.0,132.0
18.6683,29.0,132.0
18.6734,32.0,130.0
18.6784,-5.0,130.0
18.6835,-32.0,130.0
18.6882,-21.0,130.0
18.6933,-23.0,130.0
18.6984,-20.0,128.0
18.7034,74.0,130.0
18.7084,109.0,130.0
18.7135,-60.0,130.0
18.7184,-168.0,134.0
18.7233,-5.0,132.0
18.7286,162.0,132.0
18.7334,51.0,132.0
18.7385,-109.0,132.0
18.7435,-21.0,130.0
18.7482,52.0,128.0
18.7535,-69.0,130.0
18.7587,-34.0,128.0
18.7634,156.0,128.0
18.7683,65.0,128.0
18.7733,-183.0,130.0
18.7783,-99.0,130.0
18.7835,151.0,132.0
18.7884,84.0,132.0
18.7935,-108.0,134.0
18.7984,-36.0,134.0
18.8033,81.0,134.0
18.8082,11.0,132.0
18.8134,-30.0,130.0
18.8185,-15.0,130.0
18.8233,-91.0,130.0
18.8282,-6.0,128.0
18.8333,239.0,132.0
18.8386,90.0,132.0
18.8436,-294.0,136.0
18.8485,-163.0,136.0
18.8533,221.0,138.0
18.8583,134.0,140.0
18.8633,-104.0,140.0
18.8687,-31.0,140.0
18.8735,22.0,138.0
18.8784,-47.0,138.0
18.8834,29.0,138.0
18.8882,71.0,138.0
18.8933,-62.0,138.0
18.8984,-80.0,138.0
18.9035,47.0,138.0
18.9083,69.0,138.0
18.9134,13.0,138.0
18.9185,-3.0,138.0
18.9233,-43.0,138.0
18.9285,-63.0,138.0
18.9335,-8.0,138.0
18.9384,24.0,138.0
18.9433,86.0,138.0
18.9483,121.0,140.0
18.9533,-98.0,140.0
18.9587,-247.0,142.0
18.9633,36.0,142.0
18.9683,242.0,144.0
18.9732,12.0,142.0
18.9784,-123.0,144.0
18.9835,18.0,142.0
18.9886,11.0,142.0
18.9935,-92.0,140.0
18.9983,8.0,140.0
19.0033,122.0,140.0
19.0093,42.0,140.0
19.0135,-84.0,142.0
19.0184,-84.0,142.0
19.0234,32.0,142.0
19.0282,78.0,144.0
19.0333,-34.0,142.0
19.0383,-43.0,142.0
19.0436,87.0,144.0
19.0489,16.0,142.0
19.0533,-124.0,144.0
19.0582,-5.0,144.0
19.0634,93.0,144.0
19.0683,-4.0,142.0
19.0733,-14.0,142.0
19.0783,22.0,140.0
19.0833,-53.0,140.0
19.0882,-43.0,140.0
19.0933,60.0,138.0
19.0984,76.0,138.0
19.1034,9.0,136.0
19.1084,-120.0,136.0
19.1135,-126.0,138.0
19.1184,139.0,138.0
19.1233,206.0,140.0
19.1284,-105.0,140.0
19.1334,-183.0,142.0
19.1384,44.0,142.0
19.1433,80.0,142.0
19.1486,-4.0,142.0
19.1532,20.0,140.0
19.1595,-5.0,140.0
19.1633,-76.0,140.0
19.1683,0.0,138.0
19.1734,107.0,138.0
19.1782,15.0,138.0
19.1835,-135.0,140.0
19.1884,-31.0,138.0
19.1934,147.0,140.0
19.1982,44.0,142.0
19.2033,-125.0,144.0
19.2083,-65.0,144.0
19.2135,68.0,144.0
19.2184,82.0,144.0
19.2234,1.0,142.0
19.2283,-74.0,142.0
19.2333,-48.0,138.0
19.2384,51.0,140.0
19.2435,63.0,138.0
19.2484,-38.0,136.0
19.2536,-72.0,136.0
19.2584,24.0,136.0
19.2643,90.0,136.0
19.2684,-11.0,138.0
19.2733,-98.0,138.0
19.2783,33.0,138.0
19.2833,93.0,138.0
19.2883,-89.0,140.0
19.2933,-85.0,140.0
19.2983,139.0,142.0
19.3034,73.0,144.0
19.3084,-146.0,146.0
19.3135,-46.0,146.0
19.3184,103.0,148.0
19.3234,2.0,148.0
19.3284,-31.0,148.0
19.3334,33.0,148.0
19.3385,-23.0,148.0
19.3433,-35.0,146.0
19.3482,42.0,146.0
19.3533,7.0,144.0
19.3585,-35.0,142.0
19.3632,26.0,144.0
19.3683,27.0,142.0
19.3733,-57.0,142.0
19.3783,-28.0,140.0
19.3833,79.0,140.0
19.3914,35.0,140.0
19.3932,-74.0,140.0
19.3982,-38.0,140.0
19.4034,29.0,138.0
19.4083,19.0,138.0
19.4133,25.0,136.0
19.4185,28.0,134.0
19.4234,-40.0,132.0
19.4282,-76.0,132.0
19.4333,20.0,132.0
19.4384,92.0,132.0
19.4437,-20.0,132.0
19.4485,-74.0,132.0
19.4532,62.0,132.0
19.4583,50.0,134.0
19.4633,-101.0,134.0
19.4683,-40.0,134.0
19.4733,91.0,132.0
19.4784,31.0,130.0
19.4833,-49.0,126.0
19.4883,-1.0,124.0
19.4933,36.0,122.0
19.4985,-32.0,120.0
19.5036,-60.0,120.0
19.5083,30.0,120.0
19.5134,79.0,120.0
19.5183,18.0,120.0
19.5233,-79.0,120.0
19.5285,-95.0,120.0
19.5334,64.0,120.0
19.5385,161.0,122.0
19.5433,-13.0,122.0
19.5483,-174.0,124.0
19.5534,-75.0,124.0
19.5586,133.0,126.0
19.5633,147.0,128.0
19.5683,-69.0,128.0
19.5733,-156.0,130.0
19.5783,7.0,130.0
19.5835,103.0,130.0
19.5883,45.0,128.0
19.5934,-12.0,128.0
19.5983,-61.0,124.0
19.6033,-78.0,126.0
19.6083,5.0,122.0
19.6135,108.0,124.0
19.6184,76.0,122.0
19.6235,-49.0,122.0
19.6283,-81.0,124.0
19.6332,-45.0,124.0
19.6383,-14.0,124.0
19.6438,80.0,122.0
19.6485,114.0,124.0
19.6533,-25.0,122.0
19.6584,-128.0,124.0
19.6643,-51.0,124.0
19.6683,68.0,124.0
19.6734,69.0,124.0
19.6784,-14.0,124.0
19.6835,-18.0,122.0
19.6883,10.0,122.0
19.6933,-48.0,122.0
19.6985,-26.0,122.0
19.7035,65.0,122.0
19.7084,-2.0,122.0
19.7133,-13.0,122.0
19.7184,96.0,122.0
19.7232,-55.0,122.0
19.7283,-191.0,124.0
19.7333,82.0,126.0
19.7384,200.0,128.0
19.7436,-62.0,128.0
19.7483,-122.0,128.0
19.7534,33.0,126.0
19.7585,38.0,124.0
19.7634,-21.0,122.0
19.7683,-21.0,120.0
19.7732,16.0,118.0
19.7782,60.0,118.0
19.7834,3.0,118.0
19.7887,-80.0,118.0
19.7933,-25.0,118.0
19.7983,48.0,120.0
19.8032,16.0,118.0
19.8085,-1.0,118.0
19.8136,22.0,116.0
19.8184,-22.0,116.0
19.8234,-43.0,116.0
19.8282,37.0,116.0
19.8332,8.0,114.0
19.8384,-74.0,114.0
19.8433,63.0,112.0
19.8483,141.0,114.0
19.8533,-131.0,116.0
19.8583,-205.0,116.0
19.8633,167.0,120.0
19.8683,203.0,122.0
19.8736,-186.0,124.0
19.8785,-111.0,124.0
19.8835,226.0,128.0
19.8882,-2.0,126.0
19.8932,-271.0,130.0
19.8983,49.0,130.0
19.9033,252.0,132.0
19.9087,-22.0,132.0
19.9135,-149.0,134.0
19.9184,-19.0,134.0
19.9234,19.0,132.0
19.9283,36.0,132.0
19.9334,73.0,132.0
19.9385,-38.0,130.0
19.9433,-113.0,130.0
19.9483,37.0,128.0
19.9534,118.0,130.0
19.9585,-28.0,128.0
19.9646,-110.0,130.0
19.9682,3.0,130.0
19.9735,105.0,130.0
19.9782,33.0,132.0
19.9836,-110.0,132.0
19.9885,-74.0,132.0
19.9935,114.0,134.0
19.9982,98.0,136.0
20.0032,-117.0,136.0
20.0083,-95.0,138.0
20.0133,148.0,140.0
20.0184,98.0,140.0
20.0233,-212.0,142.0
20.0283,-137.0,144.0
20.0332,253.0,146.0
20.0384,167.0,148.0
20.0437,-220.0,152.0
20.0485,-128.0,154.0
20.0533,142.0,156.0
20.0583,31.0,156.0
20.0632,-80.0,156.0
20.0685,53.0,156.0
20.0735,56.0,156.0
20.0785,-78.0,156.0
20.0835,-54.0,156.0
20.0883,45.0,156.0
20.0932,46.0,156.0
20.0984,10.0,156.0
20.1034,-12.0,154.0
20.1084,-43.0,154.0
20.1133,-53.0,154.0
20.1182,20.0,154.0
20.1233,122.0,154.0
20.1283,50.0,156.0
20.1335,-140.0,156.0
20.1382,-119.0,158.0
20.1433,82.0,158.0
20.1483,126.0,160.0
20.1536,13.0,158.0
20.1585,-61.0,160.0
20.1632,-79.0,160.0
20.1682,-23.0,158.0
20.1732,92.0,158.0
20.1788,75.0,158.0
20.1833,-69.0,158.0
20.1883,-99.0,158.0
20.1934,32.0,156.0
20.1982,104.0,156.0
20.2033,-14.0,154.0
20.2083,-60.0,154.0
20.2133,79.0,152.0
20.2185,-6.0,152.0
20.2233,-226.0,154.0
20.2282,2.0,154.0
20.2333,320.0,158.0
20.2382,71.0,158.0
20.2436,-253.0,162.0
20.2483,-91.0,162.0
20.2533,105.0,162.0
20.2583,17.0,162.0
20.2633,-22.0,162.0
20.2684,51.0,162.0
20.2738,34.0,160.0
20.2783,-32.0,162.0
20.2833,-66.0,160.0
20.2895,-49.0,160.0
20.2932,52.0,160.0
20.2985,110.0,160.0
20.3034,8.0,160.0
20.3084,-92.0,160.0
20.3134,-59.0,160.0
20.3183,20.0,160.0
20.3233,47.0,160.0
20.3285,13.0,160.0
20.3335,3.0,160.0
20.3382,31.0,160.0
20.3432,-24.0,158.0
20.3482,-99.0,160.0
20.3534,-5.0,160.0
20.3586,124.0,160.0
20.3634,49.0,160.0
20.3682,-107.0,160.0
20.3738,-65.0,160.0
20.3782,88.0,158.0
20.3833,51.0,158.0
20.3884,-84.0,156.0
20.3933,-28.0,156.0
20.3982,85.0,158.0
20.4032,16.0,158.0
20.4083,-76.0,158.0
20.4133,-26.0,158.0
20.4183,39.0,158.0
20.4233,47.0,158.0
20.4283,25.0,158.0
20.4332,-53.0,158.0
20.4382,-68.0,158.0
20.4433,52.0,160.0
20.4483,30.0,160.0
20.4533,-87.0,160.0
20.4584,64.0,162.0
20.4634,160.0,162.0
20.4686,-116.0,164.0
20.4738,-203.0,168.0
20.4782,84.0,168.0
20.4832,167.0,170.0
20.4882,-28.0,168.0
20.4933,-86.0,166.0
20.4984,1.0,164.0
20.5033,18.0,162.0
20.5083,4.0,158.0
20.5134,10.0,156.0
20.5183,-18.0,154.0
20.5238,-16.0,150.0
20.5283,48.0,152.0
20.5335,19.0,148.0
20.5383,-73.0,148.0
20.5433,-21.0,144.0
20.5482,55.0,144.0
20.5534,4.0,142.0
20.5586,9.0,142.0
20.5634,36.0,142.0
20.5683,-70.0,142.0
20.5733,-72.0,142.0
20.5792,79.0,144.0
20.5833,82.0,144.0
20.5883,-38.0,144.0
20.5932,-68.0,142.0
20.5982,-9.0,142.0
20.6033,43.0,140.0
20.6083,36.0,142.0
20.6135,-23.0,140.0
20.6185,-42.0,140.0
20.6234,13.0,138.0
20.6285,44.0,138.0
20.6333,-1.0,136.0
20.6382,-48.0,136.0
20.6433,-22.0,134.0
20.6483,45.0,134.0
20.6533,49.0,132.0
20.6583,-23.0,130.0
20.6634,-57.0,128.0
20.6685,-2.0,126.0
20.6736,37.0,122.0
20.6784,5.0,120.0
20.6832,-14.0,118.0
20.6882,19.0,116.0
20.6932,14.0,114.0
20.6985,-48.0,114.0
20.7035,-22.0,112.0
20.7083,59.0,112.0
20.7132,0.0,112.0
20.7183,-33.0,112.0
20.7233,51.0,112.0
20.7285,-25.0,110.0
20.7335,-99.0,112.0
20.7384,77.0,112.0
20.7433,113.0,114.0
20.7483,-82.0,116.0
20.7533,-78.0,116.0
20.7584,53.0,116.0
20.7632,4.0,114.0
20.7682,-34.0,114.0
20.7732,64.0,112.0
20.7782,26.0,112.0
20.7844,-103.0,112.0
20.7882,-2.0,110.0
20.7933,130.0,112.0
20.7983,-27.0,110.0
20.8033,-155.0,112.0
20.8082,29.0,112.0
20.8133,162.0,114.0
20.8184,15.0,112.0
20.8234,-143.0,114.0
20.8283,-84.0,114.0
20.8333,108.0,114.0
20.8385,124.0,114.0
20.8434,-66.0,116.0
20.8484,-97.0,116.0
20.8532,31.0,116.0
20.8582,16.0,116.0
20.8635,-27.0,112.0
20.8683,55.0,114.0
20.8733,49.0,110.0
20.8783,-65.0,108.0
20.8834,-48.0,106.0
20.8882,26.0,104.0
20.8933,-23.0,104.0
20.8982,-3.0,104.0
20.9034,137.0,104.0
20.9084,39.0,104.0
20.9134,-205.0,108.0
20.9185,-114.0,108.0
20.9235,170.0,110.0
20.9283,167.0,112.0
20.9333,-61.0,112.0
20.9383,-161.0,114.0
20.9433,-50.0,114.0
20.9485,105.0,114.0
20.9533,102.0,114.0
20.9584,-42.0,116.0
20.9632,-66.0,116.0
20.9682,30.0,116.0
20.9732,-13.0,116.0
20.9782,-77.0,116.0
20.9834,48.0,116.0
20.9883,100.0,116.0
20.9934,-8.0,116.0
20.9983,-30.0,116.0
21.0034,-45.0,116.0
21.0084,-90.0,116.0
21.0134,57.0,114.0
21.0184,170.0,116.0
21.0233,-31.0,116.0
21.0283,-173.0,118.0
21.0332,2.0,116.0
21.0383,124.0,118.0
21.0433,9.0,118.0
21.0482,-60.0,118.0
21.0533,3.0,116.0
21.0582,1.0,116.0
21.0634,-57.0,116.0
21.0684,30.0,116.0
21.0734,157.0,118.0
21.0784,13.0,118.0
21.0835,-237.0,120.0
21.0882,-141.0,122.0
21.0932,184.0,124.0
21.0986,239.0,126.0
21.1034,-3.0,124.0
21.1085,-186.0,124.0
21.1135,-130.0,124.0
21.1183,45.0,124.0
21.1234,105.0,122.0
21.1283,22.0,122.0
21.1334,5.0,120.0
21.1383,27.0,122.0
21.1432,-106.0,122.0
21.1485,-112.0,124.0
21.1535,179.0,126.0
21.1587,167.0,130.0
21.1635,-210.0,132.0
21.1683,-170.0,134.0
21.1733,185.0,136.0
21.1783,119.0,138.0
21.1834,-132.0,140.0
21.1884,-41.0,138.0
21.1933,85.0,140.0
21.1989,-17.0,140.0
21.2032,-55.0,140.0
21.2083,20.0,140.0
21.2146,28.0,140.0
21.2183,36.0,138.0
21.2233,19.0,138.0
21.2282,-104.0,138.0
21.2332,-93.0,138.0
21.2384,132.0,140.0
21.2434,163.0,142.0
21.2483,-117.0,144.0
21.2533,-207.0,146.0
21.2583,75.0,148.0
21.2633,216.0,150.0
21.2683,-12.0,150.0
21.2737,-172.0,152.0
21.2785,-57.0,152.0
21.2834,68.0,154.0
21.2883,110.0,154.0
21.2933,63.0,154.0
21.2992,-123.0,156.0
21.3033,-169.0,158.0
21.3082,85.0,160.0
21.3135,220.0,162.0
21.3182,-11.0,162.0
21.3235,-217.0,166.0
21.329,-41.0,166.0
21.3338,184.0,168.0
21.3383,27.0,168.0
21.3433,-167.0,170.0
21.3484,19.0,170.0
21.3536,183.0,172.0
21.359,-27.0,172.0
21.3635,-176.0,174.0
21.3683,0.0,174.0
21.374,96.0,174.0
21.3787,8.0,174.0
21.3835,9.0,172.0
21.3929,10.0,170.0
21.3932,-70.0,170.0
21.399,2.0,170.0
21.4034,111.0,172.0
21.4085,-56.0,172.0
21.4138,-209.0,174.0
21.4195,54.0,174.0
21.424,323.0,178.0
21.4282,62.0,178.0
21.4334,-325.0,182.0
21.4385,-211.0,184.0
21.4442,188.0,184.0
21.4485,268.0,188.0
21.4536,-22.0,186.0
21.4584,-198.0,190.0
21.4635,-57.0,188.0
21.4686,78.0,188.0
21.4746,31.0,186.0
21.4787,-4.0,184.0
21.4835,15.0,184.0
21.4884,3.0,182.0
21.4934,21.0,182.0
21.4985,-23.0,182.0
21.5033,-154.0,184.0
21.5087,0.0,184.0
21.5139,270.0,188.0
21.5184,59.0,186.0
21.5235,-245.0,190.0
21.5291,-76.0,190.0
21.5334,97.0,192.0
21.539,13.0,192.0
21.5437,36.0,190.0
21.5485,42.0,190.0
21.5535,-83.0,188.0
21.559,1.0,186.0
21.5638,92.0,186.0
21.5682,-89.0,184.0
21.5735,-116.0,186.0
21.5787,91.0,184.0
21.5835,112.0,186.0
21.5898,4.0,184.0
21.594,-33.0,182.0
21.5983,-83.0,184.0
21.6034,-64.0,184.0
21.6086,80.0,184.0
21.6137,98.0,186.0
21.6187,-41.0,184.0
21.6234,-69.0,186.0
21.6284,25.0,184.0
21.6334,29.0,184.0
21.6383,-45.0,184.0
21.6438,-4.0,184.0
21.6482,96.0,184.0
21.6533,5.0,184.0
21.6585,-173.0,184.0
21.6634,-58.0,184.0
21.6686,232.0,184.0
21.6738,165.0,186.0
21.6788,-198.0,188.0
21.6837,-243.0,192.0
21.6887,72.0,192.0
21.6934,197.0,196.0
21.6985,34.0,196.0
21.7037,-58.0,196.0
21.7082,-35.0,196.0
21.7136,-46.0,194.0
21.7185,-32.0,194.0
21.7234,56.0,192.0
21.7289,81.0,190.0
21.7338,-27.0,188.0
21.7388,-80.0,186.0
21.7442,22.0,186.0
21.7484,52.0,184.0
21.7537,-35.0,182.0
21.7587,-7.0,182.0
21.7632,42.0,180.0
21.7682,-58.0,182.0
21.7741,-53.0,182.0
21.7785,115.0,184.0
21.7836,88.0,184.0
21.789,-120.0,184.0
21.7938,-126.0,182.0
21.7985,66.0,180.0
21.8033,127.0,180.0
21.8082,0.0,176.0
21.8133,-76.0,176.0
21.8183,-34.0,174.0
21.8239,-2.0,172.0
21.8282,25.0,172.0
21.8334,74.0,172.0
21.8384,-1.0,172.0
21.8438,-107.0,172.0
21.8482,-11.0,172.0
21.8537,86.0,172.0
21.8588,8.0,172.0
21.8634,-33.0,172.0
21.8683,0.0,170.0
21.8736,3.0,170.0
21.8784,13.0,168.0
21.8834,-29.0,166.0
21.8885,-70.0,164.0
21.8934,72.0,162.0
21.8985,123.0,164.0
21.9042,-81.0,162.0
21.9082,-98.0,162.0
21.9139,68.0,160.0
21.9185,9.0,160.0
21.924,-52.0,160.0
21.9284,74.0,160.0
21.9335,27.0,158.0
21.9389,-138.0,160.0
21.9437,-8.0,156.0
21.9484,210.0,158.0
21.9536,38.0,156.0
21.959,-261.0,160.0
21.9634,-117.0,158.0
21.9684,220.0,160.0
21.9734,156.0,160.0
21.9785,-100.0,162.0
21.9837,-89.0,160.0
21.9889,9.0,160.0
21.9939,-34.0,158.0
21.9984,-8.0,158.0
22.0038,118.0,156.0
22.0085,47.0,158.0
22.0135,-132.0,158.0
22.0182,-51.0,158.0
22.0235,94.0,160.0
22.0283,7.0,160.0
22.0338,-28.0,160.0
22.0385,53.0,160.0
22.044,-26.0,158.0
22.0484,-88.0,160.0
22.0535,37.0,156.0
22.0587,62.0,156.0
22.0635,-25.0,152.0
22.0686,6.0,152.0
22.0733,37.0,146.0
22.0783,-51.0,144.0
22.0836,-61.0,142.0
22.0884,34.0,138.0
22.0934,49.0,138.0
22.0985,4.0,136.0
22.1045,-27.0,136.0
22.1082,-24.0,134.0
22.1136,65.0,136.0
22.1194,57.0,136.0
22.1232,-132.0,138.0
22.1283,-116.0,140.0
22.1334,119.0,140.0
22.1385,155.0,144.0
22.1433,3.0,140.0
22.1483,-122.0,142.0
22.1533,-139.0,140.0
22.1588,26.0,140.0
22.1633,166.0,138.0
22.1682,54.0,138.0
22.1732,-72.0,138.0
22.1782,-45.0,138.0
22.1833,-30.0,138.0
22.1885,-30.0,138.0
22.1934,27.0,138.0
22.1982,63.0,138.0
22.2033,98.0,138.0
22.2082,28.0,138.0
22.2135,-238.0,140.0
22.2182,-212.0,142.0
22.2235,249.0,144.0
22.2283,346.0,148.0
22.2342,-106.0,150.0
22.2388,-309.0,154.0
22.2433,-52.0,154.0
22.2482,130.0,154.0
22.2533,96.0,154.0
22.2584,54.0,154.0
22.2633,-45.0,154.0
22.2683,-161.0,156.0
22.2739,-7.0,156.0
22.2785,193.0,158.0
22.2833,38.0,158.0
22.2884,-155.0,160.0
22.2932,-52.0,160.0
22.2982,51.0,158.0
22.3034,7.0,158.0
22.3082,62.0,154.0
22.3134,104.0,154.0
22.3182,-106.0,152.0
22.3233,-187.0,152.0
22.3282,66.0,152.0
22.3332,143.0,150.0
22.3384,-14.0,150.0
22.3434,-8.0,150.0
22.3482,23.0,150.0
22.3534,-82.0,150.0
22.3584,-75.0,150.0
22.3634,35.0,150.0
22.3682,95.0,150.0
22.3734,106.0,152.0
22.3782,-51.0,152.0
22.3835,-216.0,154.0
22.3883,-9.0,154.0
22.3934,202.0,156.0
22.3983,3.0,156.0
22.4033,-91.0,156.0
22.4082,86.0,158.0
22.4132,-8.0,156.0
22.4183,-196.0,158.0
22.4232,19.0,156.0
22.4282,235.0,158.0
22.4332,34.0,158.0
22.4382,-170.0,158.0
22.4437,-71.0,158.0
22.4482,52.0,158.0
22.4533,53.0,158.0
22.4582,57.0,158.0
22.4633,-3.0,158.0
22.4683,-144.0,160.0
22.4734,-54.0,160.0
22.4782,186.0,164.0
22.4832,97.0,164.0
22.4883,-162.0,166.0
22.4936,-86.0,166.0
22.4984,108.0,166.0
22.5032,26.0,166.0
22.5083,-76.0,168.0
22.5132,21.0,168.0
22.5183,52.0,168.0
22.5233,-24.0,168.0
22.5283,-3.0,168.0
22.5332,-2.0,166.0
22.5384,-52.0,166.0
22.5433,30.0,164.0
22.5482,70.0,164.0
22.5532,-38.0,164.0
22.5584,-37.0,164.0
22.5632,18.0,164.0
22.5682,-25.0,164.0
22.5732,8.0,162.0
22.5782,65.0,162.0
22.5834,-32.0,162.0
22.5882,-47.0,160.0
22.5932,74.0,160.0
22.5982,6.0,156.0
22.6033,-112.0,156.0
22.6083,-3.0,152.0
22.6134,76.0,152.0
22.6183,41.0,150.0
22.6234,53.0,150.0
22.629,-65.0,150.0
22.6332,-188.0,154.0
22.6383,57.0,154.0
22.6435,216.0,156.0
22.6483,-73.0,156.0
22.6533,-133.0,156.0
22.6582,155.0,158.0
22.6633,52.0,156.0
22.6685,-247.0,160.0
22.6736,-59.0,160.0
22.6784,268.0,164.0
22.6834,129.0,166.0
22.6883,-198.0,168.0
22.6932,-175.0,170.0
22.6984,80.0,170.0
22.7035,143.0,172.0
22.7083,14.0,172.0
22.7133,-66.0,172.0
22.7182,-42.0,172.0
22.7236,30.0,172.0
22.7296,35.0,172.0
22.7334,-67.0,172.0
22.7384,-61.0,174.0
22.7433,103.0,174.0
22.7482,116.0,176.0
22.7534,-45.0,176.0
22.7587,-112.0,176.0
22.7634,-74.0,176.0
22.7684,15.0,174.0
22.7734,123.0,174.0
22.7782,74.0,172.0
22.7834,-58.0,174.0
22.7885,-54.0,172.0
22.7934,-26.0,170.0
22.7982,-49.0,170.0
22.8033,51.0,170.0
22.8082,128.0,170.0
22.8135,-61.0,170.0
22.8183,-142.0,172.0
22.8235,121.0,174.0
22.8282,136.0,174.0
22.8338,-196.0,178.0
22.8385,-150.0,178.0
22.8434,203.0,180.0
22.8483,151.0,182.0
22.8533,-148.0,180.0
22.8584,-94.0,180.0
22.8632,111.0,176.0
22.8684,-2.0,172.0
22.8736,-127.0,172.0
22.8784,77.0,168.0
22.8834,159.0,170.0
22.8882,-95.0,170.0
22.8932,-163.0,170.0
22.8984,61.0,170.0
22.9035,129.0,172.0
22.9083,1.0,170.0
22.9133,-62.0,170.0
22.9184,-45.0,168.0
22.9232,2.0,168.0
22.9284,43.0,166.0
22.9342,-2.0,164.0
22.9383,-25.0,164.0
22.9432,44.0,164.0
22.9482,17.0,164.0
22.9532,-82.0,164.0
22.9586,5.0,162.0
22.9635,113.0,162.0
22.9682,-50.0,160.0
22.9734,-140.0,160.0
22.9782,75.0,162.0
22.9834,134.0,164.0
22.9884,-67.0,164.0
22.9935,-77.0,164.0
22.9982,58.0,164.0
23.0033,0.0,164.0
23.0082,-66.0,164.0
23.0133,50.0,162.0
23.0183,64.0,162.0
23.0233,-62.0,160.0
23.0283,-36.0,160.0
23.0332,63.0,158.0
23.0385,6.0,158.0
23.0435,-99.0,158.0
23.0483,-5.0,158.0
23.0533,184.0,160.0
23.0582,15.0,158.0
23.0633,-288.0,162.0
23.0683,-12.0,158.0
23.0736,352.0,162.0
23.0784,21.0,160.0
23.0835,-295.0,164.0
23.0884,-51.0,164.0
23.0932,105.0,164.0
23.0982,53.0,164.0
23.1034,103.0,166.0
23.1084,4.0,164.0
23.1135,-194.0,166.0
23.1183,-68.0,164.0
23.1235,136.0,166.0
23.1285,61.0,164.0
23.1332,-1.0,162.0
23.1393,26.0,160.0
23.1436,-111.0,162.0
23.1483,-144.0,164.0
23.1532,143.0,166.0
23.1585,220.0,168.0
23.1632,-94.0,168.0
23.1683,-206.0,172.0
23.1732,20.0,172.0
23.1782,112.0,174.0
23.1834,18.0,174.0
23.1885,-14.0,172.0
23.1935,-6.0,172.0
23.1983,-12.0,172.0
23.2032,-17.0,172.0
23.2083,-23.0,172.0
23.2134,17.0,172.0
23.2185,51.0,172.0
23.2233,-2.0,170.0
23.2283,-30.0,170.0
23.2332,-13.0,170.0
23.2383,-24.0,170.0
23.2432,50.0,168.0
23.2484,82.0,170.0
23.2538,-116.0,170.0
23.2595,-128.0,172.0
23.264,160.0,174.0
23.2685,129.0,174.0
23.2735,-152.0,174.0
23.2783,-74.0,174.0
23.2835,130.0,174.0
23.2882,15.0,172.0
23.2934,-117.0,172.0
23.2984,-15.0,170.0
23.3034,73.0,170.0
23.3084,59.0,168.0
23.3133,37.0,166.0
23.3182,-54.0,164.0
23.3235,-176.0,164.0
23.3282,-57.0,162.0
23.3334,254.0,164.0
23.3382,226.0,166.0
23.3438,-225.0,166.0
23.3485,-343.0,172.0
23.3532,138.0,174.0
23.3585,351.0,178.0
23.3634,-77.0,178.0
23.3683,-282.0,182.0
23.3734,57.0,182.0
23.3782,202.0,184.0
23.3835,-24.0,184.0
23.3885,-130.0,184.0
23.3935,-51.0,184.0
23.3982,52.0,182.0
23.4032,137.0,184.0
23.4084,20.0,184.0
23.4133,-187.0,184.0
23.4184,-55.0,184.0
23.4234,165.0,186.0
23.4283,56.0,186.0
23.4335,-69.0,186.0
23.4383,-44.0,186.0
23.4433,-43.0,186.0
23.4482,14.0,184.0
23.4533,83.0,186.0
23.4582,22.0,184.0
23.4632,-17.0,182.0
23.4684,-30.0,180.0
23.4735,-76.0,178.0
23.4784,6.0,176.0
23.4834,95.0,174.0
23.4883,-18.0,172.0
23.4932,-37.0,170.0
23.4984,111.0,170.0
23.5034,0.0,168.0
23.5083,-204.0,172.0
23.5133,-20.0,170.0
23.5182,187.0,172.0
23.5232,29.0,170.0
23.5284,-84.0,170.0
23.5333,25.0,168.0
23.5383,13.0,166.0
23.5434,-80.0,166.0
23.5487,-17.0,166.0
23.5534,48.0,166.0
23.5584,25.0,166.0
23.5634,47.0,166.0
23.5683,29.0,166.0
23.5734,-101.0,168.0
23.5782,-118.0,170.0
23.5832,49.0,170.0
23.5885,149.0,172.0
23.5932,39.0,170.0
23.5982,-96.0,172.0
23.6033,-44.0,172.0
23.6082,48.0,172.0
23.6133,-53.0,170.0
23.6184,-96.0,170.0
23.6233,137.0,170.0
23.6282,201.0,172.0
23.6334,-118.0,172.0
23.6383,-245.0,176.0
23.6436,28.0,176.0
23.6485,187.0,178.0
23.6539,54.0,178.0
23.6582,-76.0,178.0
23.6633,-112.0,180.0
23.6682,-63.0,180.0
23.6737,136.0,180.0
23.6782,215.0,184.0
23.6833,-109.0,184.0
23.6886,-313.0,190.0
23.6932,53.0,186.0
23.6982,302.0,192.0
23.7034,-25.0,188.0
23.7083,-214.0,190.0
23.7134,45.0,186.0
23.7185,130.0,188.0
23.7233,-85.0,184.0
23.7285,-99.0,184.0
23.7334,99.0,184.0
23.7384,101.0,186.0
23.7433,-61.0,184.0
23.7484,-69.0,186.0
23.754,14.0,184.0
23.7586,-24.0,182.0
23.7634,-33.0,180.0
23.7682,110.0,182.0
23.7732,99.0,184.0
23.7783,-100.0,184.0
23.7833,-121.0,184.0
23.7884,10.0,182.0
23.7935,70.0,182.0
23.7982,58.0,178.0
23.8032,-23.0,178.0
23.8084,-71.0,176.0
23.8135,31.0,176.0
23.8184,81.0,176.0
23.8234,-35.0,176.0
23.8282,-101.0,176.0
23.8332,-14.0,176.0
23.8382,87.0,178.0
23.8434,72.0,178.0
23.8483,-39.0,180.0
23.8532,-89.0,180.0
23.8582,2.0,180.0
23.8634,86.0,180.0
23.8683,13.0,180.0
23.8736,-94.0,182.0
23.8784,-27.0,182.0
23.8834,83.0,182.0
23.8882,30.0,182.0
23.8932,-9.0,180.0
23.8983,23.0,178.0
23.9034,-95.0,178.0
23.9085,-127.0,178.0
23.9134,145.0,178.0
23.9182,190.0,178.0
23.9235,-120.0,178.0
23.9284,-136.0,180.0
23.9334,99.0,180.0
23.9384,16.0,180.0
23.9433,-138.0,182.0
23.9484,45.0,182.0
23.9533,185.0,184.0
23.9584,-14.0,182.0
23.9633,-187.0,184.0
23.9683,-44.0,182.0
23.9734,172.0,182.0
23.9782,78.0,180.0
23.9834,-152.0,178.0
23.9884,-79.0,174.0
23.9932,105.0,174.0
23.9983,53.0,168.0
24.0032,-38.0,168.0
24.0084,-31.0,164.0
24.0134,-16.0,164.0
24.0185,37.0,162.0
24.0233,56.0,162.0
24.0282,-60.0,160.0
24.0332,-93.0,162.0
24.0382,85.0,162.0
24.0435,126.0,162.0
24.0482,-102.0,162.0
24.0534,-130.0,162.0
24.0582,84.0,162.0
24.0632,74.0,160.0
24.0685,-29.0,160.0
24.0737,29.0,160.0
24.0784,-7.0,160.0
24.0835,-106.0,160.0
24.0882,-9.0,160.0
24.0932,93.0,160.0
24.0983,47.0,160.0
24.1034,-1.0,160.0
24.1083,-57.0,160.0
24.1133,-108.0,162.0
24.1182,33.0,162.0
24.1232,180.0,164.0
24.1283,7.0,162.0
24.1334,-178.0,166.0
24.1384,-53.0,164.0
24.1434,101.0,166.0
24.1487,88.0,164.0
24.1544,15.0,164.0
24.1585,-80.0,162.0
24.1632,-108.0,164.0
24.1689,18.0,162.0
24.1733,120.0,164.0
24.1782,58.0,164.0
24.1834,-58.0,164.0
24.1884,-82.0,166.0
24.1935,-7.0,164.0
24.1982,39.0,164.0
24.2032,16.0,164.0
24.2083,9.0,164.0
24.2134,20.0,162.0
24.2184,-12.0,162.0
24.2235,-54.0,162.0
24.2282,-16.0,160.0
24.2332,68.0,160.0
24.2382,32.0,158.0
24.2438,-77.0,160.0
24.2485,-26.0,158.0
24.2532,85.0,160.0
24.2582,10.0,158.0
24.2632,-91.0,158.0
24.2682,8.0,154.0
24.2743,98.0,154.0
24.279,-24.0,150.0
24.2834,-113.0,152.0
24.2883,33.0,150.0
24.2933,132.0,150.0
24.2984,-50.0,150.0
24.3034,-134.0,150.0
24.3082,88.0,150.0
24.3134,93.0,150.0
24.3183,-128.0,148.0
24.3233,-12.0,148.0
24.3285,141.0,144.0
24.3334,-80.0,146.0
24.3385,-115.0,142.0
24.3434,145.0,144.0
24.3482,75.0,142.0
24.3532,-142.0,144.0
24.3586,-44.0,142.0
24.3635,60.0,142.0
24.3682,12.0,140.0
24.3732,47.0,140.0
24.3782,25.0,138.0
24.3835,-88.0,138.0
24.3885,-26.0,138.0
24.3934,39.0,138.0
24.3982,-44.0,138.0
24.4032,34.0,138.0
24.4083,135.0,140.0
24.4137,-68.0,138.0
24.4185,-165.0,140.0
24.4234,81.0,140.0
24.4282,123.0,140.0
24.4333,-113.0,142.0
24.4384,-63.0,142.0
24.4437,164.0,144.0
24.4483,25.0,144.0
24.4532,-213.0,146.0
24.4584,-18.0,144.0
24.4632,226.0,148.0
24.4683,33.0,146.0
24.4734,-180.0,150.0
24.4783,-52.0,148.0
24.4832,96.0,150.0
24.4884,49.0,150.0
24.4932,-13.0,148.0
24.4983,-20.0,148.0
24.5034,-40.0,148.0
24.5084,-20.0,148.0
24.5133,59.0,148.0
24.5182,47.0,148.0
24.5234,-63.0,148.0
24.5285,-31.0,148.0
24.5333,77.0,148.0
24.5384,-16.0,148.0
24.5434,-97.0,148.0
24.5484,56.0,148.0
24.5534,93.0,146.0
24.5588,-73.0,144.0
24.5634,-51.0,144.0
24.5682,87.0,142.0
24.574,-13.0,142.0
24.5783,-114.0,142.0
24.5833,69.0,142.0
24.5883,139.0,144.0
24.5934,-107.0,142.0
24.5984,-135.0,144.0
24.6032,132.0,144.0
24.6082,93.0,144.0
24.6135,-138.0,144.0
24.6184,-23.0,142.0
24.6233,126.0,142.0
24.6282,-43.0,142.0
24.6332,-128.0,142.0
24.6382,56.0,142.0
24.6436,145.0,144.0
24.6482,-1.0,144.0
24.6533,-133.0,146.0
24.6584,-63.0,146.0
24.6633,83.0,146.0
24.6686,79.0,146.0
24.6738,-45.0,146.0
24.6782,-58.0,144.0
24.6832,57.0,144.0
24.6882,56.0,144.0
24.6932,-100.0,142.0
24.6983,-90.0,142.0
24.7033,116.0,144.0
24.7083,110.0,144.0
24.7134,-91.0,146.0
24.7184,-65.0,146.0
24.7232,88.0,146.0
24.7284,-11.0,146.0
24.7335,-144.0,148.0
24.7383,22.0,146.0
24.7434,187.0,150.0
24.7482,68.0,150.0
24.7535,-112.0,150.0
24.7585,-161.0,152.0
24.7634,-52.0,150.0
24.7683,149.0,152.0
24.7732,151.0,152.0
24.7783,-58.0,152.0
24.7834,-102.0,152.0
24.7884,2.0,150.0
24.7933,-19.0,150.0
24.7982,-22.0,150.0
24.8033,106.0,150.0
24.8082,67.0,150.0
24.8134,-120.0,150.0
24.8185,-79.0,150.0
24.8234,79.0,152.0
24.8282,33.0,150.0
24.8332,-30.0,150.0
24.8382,32.0,150.0
24.8432,7.0,150.0
24.8483,-51.0,152.0
24.8532,0.0,150.0
24.8582,12.0,150.0
24.8632,-25.0,150.0
24.8684,23.0,150.0
24.8735,65.0,150.0
24.8782,-7.0,150.0
24.8838,-74.0,150.0
24.8882,-26.0,150.0
24.8933,42.0,150.0
24.8985,22.0,150.0
24.9035,-13.0,148.0
24.9084,19.0,148.0
24.9134,7.0,146.0
24.9184,-60.0,148.0
24.9233,0.0,146.0
24.9283,86.0,146.0
24.9334,-16.0,144.0
24.9384,-93.0,146.0
24.9433,20.0,144.0
24.9482,42.0,142.0
24.9532,-25.0,142.0
24.9584,88.0,142.0
24.9633,84.0,142.0
24.9682,-210.0,144.0
24.9733,-188.0,146.0
24.9782,205.0,146.0
24.9832,241.0,148.0
24.9883,-81.0,148.0
24.9934,-180.0,148.0
24.9983,-38.0,148.0
25.0032,65.0,148.0
25.0082,73.0,150.0
25.0133,9.0,150.0
25.0185,-39.0,150.0
25.0235,-17.0,148.0
25.0282,-6.0,148.0
25.0331,-9.0,148.0
25.0383,27.0,148.0
25.0433,33.0,148.0
25.0483,-29.0,146.0
25.0532,-48.0,146.0
25.0582,29.0,142.0
25.0633,57.0,142.0
25.0684,-29.0,142.0
25.0735,-66.0,140.0
25.0782,7.0,140.0
25.0842,73.0,138.0
25.0882,47.0,138.0
25.0933,-71.0,136.0
25.0984,-103.0,138.0
25.1033,68.0,136.0
25.1085,111.0,136.0
25.1132,-86.0,134.0
25.1182,-70.0,136.0
25.1232,121.0,136.0
25.1283,17.0,136.0
25.1333,-161.0,138.0
25.1384,22.0,138.0
25.1434,229.0,140.0
25.1482,-15.0,140.0
25.1532,-309.0,144.0
25.1584,-63.0,144.0
25.1632,303.0,148.0
25.1683,148.0,150.0
25.1733,-173.0,152.0
25.1782,-131.0,154.0
25.1834,29.0,152.0
25.1882,22.0,152.0
25.1933,7.0,150.0
25.1983,50.0,150.0
25.204,51.0,150.0
25.2089,-11.0,148.0
25.2133,-106.0,150.0
25.2182,-86.0,150.0
25.2233,113.0,150.0
25.2282,145.0,150.0
25.2332,-95.0,150.0
25.2384,-126.0,150.0
25.2433,90.0,150.0
25.2482,68.0,150.0
25.2533,-98.0,148.0
25.2583,-39.0,148.0
25.2632,88.0,148.0
25.2683,61.0,148.0
25.2735,-33.0,148.0
25.2784,-101.0,148.0
25.2834,-69.0,146.0
25.2893,110.0,148.0
25.2937,181.0,150.0
25.2982,-75.0,150.0
25.3034,-231.0,152.0
25.3082,34.0,150.0
25.3134,186.0,154.0
25.3182,-21.0,152.0
25.3232,-80.0,152.0
25.3283,3.0,152.0
25.3333,-30.0,150.0
25.3383,47.0,150.0
25.3434,103.0,150.0
25.3483,-112.0,150.0
25.3533,-117.0,150.0
25.3586,162.0,152.0
25.3634,87.0,152.0
25.3683,-168.0,154.0
25.3733,-51.0,152.0
25.3782,119.0,154.0
25.3834,24.0,152.0
25.3884,-70.0,152.0
25.3943,0.0,150.0
25.3983,78.0,148.0
25.4033,-10.0,148.0
25.4083,-105.0,148.0
25.4133,6.0,146.0
25.4183,84.0,146.0
25.4234,-15.0,144.0
25.4282,-27.0,144.0
25.4332,49.0,146.0
25.4382,-21.0,146.0
25.4435,-86.0,144.0
25.4484,49.0,144.0
25.4532,93.0,144.0
25.4585,-65.0,144.0
25.4632,-57.0,144.0
25.4682,78.0,144.0
25.4733,2.0,144.0
25.4784,-88.0,144.0
25.4834,33.0,146.0
25.4883,69.0,146.0
25.4944,-60.0,146.0
25.4988,-7.0,146.0
25.5033,115.0,148.0
25.5083,-54.0,148.0
25.5133,-182.0,150.0
25.5184,60.0,150.0
25.5232,190.0,152.0
25.5284,-21.0,152.0
25.5335,-105.0,154.0
25.5384,15.0,154.0
25.5434,-15.0,154.0
25.5482,-73.0,154.0
25.5533,77.0,156.0
25.5584,136.0,156.0
25.5635,-38.0,158.0
25.5682,-134.0,158.0
25.5732,-59.0,158.0
25.5788,56.0,158.0
25.5833,123.0,160.0
25.5882,49.0,160.0
25.5939,-95.0,160.0
25.5991,-113.0,162.0
25.6034,23.0,160.0
25.6083,105.0,158.0
25.6133,4.0,156.0
25.6184,-67.0,154.0
25.6233,28.0,150.0
25.6282,49.0,150.0
25.6332,-66.0,148.0
25.6384,-51.0,148.0
25.6434,71.0,148.0
25.6482,37.0,148.0
25.6532,-62.0,148.0
25.6581,11.0,148.0
25.6632,72.0,148.0
25.6682,-60.0,150.0
25.6735,-87.0,152.0
25.6781,73.0,152.0
25.6831,62.0,152.0
25.6882,-64.0,152.0
25.6931,-6.0,152.0
25.6982,63.0,152.0
25.7039,-29.0,152.0
25.7087,-69.0,152.0
25.7133,19.0,152.0
25.7183,63.0,152.0
25.7232,4.0,152.0
25.7282,-34.0,152.0
25.7334,12.0,150.0
25.7384,-8.0,150.0
25.7436,-84.0,150.0
25.7484,23.0,148.0
25.7534,142.0,150.0
25.7589,22.0,148.0
25.7636,-100.0,148.0
25.7686,-80.0,148.0
25.7737,-22.0,146.0
25.7786,85.0,148.0
25.7835,103.0,146.0
25.789,-65.0,146.0
25.7937,-75.0,142.0
25.7984,91.0,144.0
25.8034,-1.0,138.0
25.8086,-154.0,138.0
25.8136,42.0,136.0
25.8183,161.0,138.0
25.8232,-45.0,138.0
25.8284,-76.0,138.0
25.8332,63.0,140.0
25.8385,-19.0,138.0
25.8439,-88.0,140.0
25.8487,32.0,140.0
25.8535,38.0,138.0
25.8585,27.0,138.0
25.8632,99.0,138.0
25.8684,-75.0,136.0
25.8744,-224.0,138.0
25.879,81.0,138.0
25.8839,256.0,140.0
25.8884,-82.0,140.0
25.8937,-222.0,142.0
25.8984,83.0,142.0
25.9046,172.0,144.0
25.9087,-72.0,144.0
25.9137,-117.0,146.0
25.9186,69.0,146.0
25.9232,57.0,146.0
25.929,-91.0,144.0
25.9334,-5.0,142.0
25.939,120.0,142.0
25.9444,-21.0,140.0
25.9484,-115.0,140.0
25.9535,13.0,138.0
25.9591,52.0,138.0
25.9639,19.0,138.0
25.9682,54.0,138.0
25.9737,-62.0,138.0
25.9793,-164.0,140.0
25.9836,94.0,140.0
25.989,233.0,142.0
25.994,-88.0,142.0
25.9984,-225.0,142.0
26.0041,52.0,142.0
26.009,138.0,142.0
26.0134,-36.0,142.0
26.0186,-26.0,140.0
26.0233,64.0,140.0
26.0282,-41.0,140.0
26.0334,-94.0,142.0
26.0386,54.0,142.0
26.0438,72.0,142.0
26.0487,-49.0,142.0
26.0535,-6.0,142.0
26.0586,48.0,142.0
26.0634,-53.0,142.0
26.0685,-36.0,142.0
26.0737,73.0,142.0
26.0788,-2.0,142.0
26.0837,-54.0,142.0
26.0884,58.0,142.0
26.0934,15.0,140.0
26.0984,-104.0,140.0
26.1038,14.0,140.0
26.1085,130.0,142.0
26.1145,-7.0,142.0
26.1184,-143.0,142.0
26.1234,-35.0,142.0
26.1282,134.0,144.0
26.1337,74.0,144.0
26.1388,-91.0,144.0
26.1438,-64.0,144.0
26.1484,45.0,144.0
26.1532,14.0,140.0
26.1589,-38.0,140.0
26.1637,39.0,138.0
26.1683,76.0,140.0
26.1737,-86.0,138.0
26.1784,-116.0,140.0
26.1842,136.0,142.0
26.1883,117.0,144.0
26.1938,-169.0,144.0
26.1983,-79.0,144.0
26.2034,146.0,146.0
26.2084,15.0,144.0
26.2135,-75.0,144.0
26.2197,61.0,144.0
26.2242,8.0,142.0
26.229,-110.0,142.0
26.2333,20.0,142.0
26.2385,82.0,142.0
26.2438,-29.0,142.0
26.2492,18.0,140.0
26.2532,51.0,140.0
26.2589,-127.0,142.0
26.2635,-95.0,142.0
26.2687,183.0,144.0
26.2742,146.0,146.0
26.2784,-163.0,148.0
26.2839,-162.0,150.0
26.2884,95.0,150.0
26.2934,121.0,152.0
26.2984,-45.0,152.0
26.3037,-68.0,152.0
26.3083,51.0,152.0
26.3142,62.0,150.0
26.3189,-75.0,150.0
26.3234,-88.0,152.0
26.3282,61.0,152.0
26.3332,92.0,152.0
26.3382,-15.0,152.0
26.3437,-69.0,152.0
26.3484,-31.0,152.0
26.3534,65.0,152.0
26.359,78.0,152.0
26.3638,-90.0,154.0
26.3682,-129.0,156.0
26.3733,100.0,158.0
26.3783,146.0,160.0
26.3836,-83.0,160.0
26.3882,-98.0,160.0
26.3941,73.0,160.0
26.3981,18.0,160.0
26.4037,-91.0,160.0
26.4084,18.0,158.0
26.4135,104.0,160.0
26.4181,26.0,158.0
26.4239,-59.0,158.0
26.4286,-105.0,158.0
26.4335,-55.0,158.0
26.4382,125.0,158.0
26.4438,172.0,162.0
26.4482,-48.0,160.0
26.4537,-190.0,162.0
26.4587,-69.0,160.0
26.4634,87.0,162.0
26.4686,120.0,162.0
26.4738,21.0,162.0
26.4788,-62.0,162.0
26.4837,-13.0,160.0
26.4884,-31.0,160.0
26.4934,-93.0,162.0
26.4986,60.0,162.0
26.5032,187.0,164.0
26.5087,-14.0,162.0
26.5135,-201.0,162.0
26.5184,-35.0,162.0
26.5239,164.0,160.0
26.5286,37.0,160.0
26.5333,-142.0,158.0
26.5382,-13.0,156.0
26.5434,159.0,156.0
26.5483,15.0,156.0
26.5534,-174.0,156.0
26.5588,-43.0,156.0
26.5637,156.0,158.0
26.5684,45.0,158.0
26.5744,-125.0,160.0
26.579,0.0,158.0
26.5838,110.0,158.0
26.5886,-51.0,158.0
26.5937,-112.0,160.0
26.5984,68.0,160.0
26.6034,114.0,160.0
26.6083,-58.0,160.0
26.6135,-95.0,162.0
26.6182,47.0,160.0
26.6238,48.0,158.0
26.6281,-64.0,156.0
26.6342,9.0,156.0
26.6384,116.0,154.0
26.6433,-37.0,154.0
26.6488,-155.0,154.0
26.6531,16.0,154.0
26.6588,109.0,154.0
26.6633,15.0,154.0
26.6686,19.0,154.0
26.6732,-2.0,152.0
26.6784,-146.0,154.0
26.6839,-56.0,152.0
26.6884,192.0,156.0
26.6936,103.0,156.0
26.6985,-168.0,158.0
26.7039,-89.0,160.0
26.7081,141.0,160.0
26.7137,48.0,160.0
26.7184,-139.0,162.0
26.7232,-34.0,162.0
26.7283,109.0,164.0
26.7337,30.0,164.0
26.7389,-32.0,162.0
26.7434,19.0,162.0
26.7483,-24.0,160.0
26.7532,-79.0,162.0
26.7583,19.0,160.0
26.7634,71.0,160.0
26.7682,-8.0,158.0
26.7732,-14.0,158.0
26.7781,39.0,156.0
26.7833,4.0,156.0
26.7889,-69.0,156.0
26.7934,-51.0,156.0
26.7982,39.0,156.0
26.8032,86.0,158.0
26.8082,26.0,156.0
26.8134,-81.0,156.0
26.8184,-78.0,156.0
26.8235,73.0,154.0
26.8282,119.0,154.0
26.8332,-85.0,154.0
26.8382,-172.0,156.0
26.8433,80.0,154.0
26.8482,214.0,158.0
26.8532,-17.0,156.0
26.8582,-189.0,158.0
26.8634,-69.0,160.0
26.8685,82.0,158.0
26.8735,92.0,160.0
26.8783,46.0,160.0
26.8834,-28.0,160.0
26.8882,-123.0,160.0
26.8932,-67.0,162.0
26.8982,109.0,160.0
26.9033,135.0,162.0
26.9084,-10.0,158.0
26.9132,-139.0,158.0
26.9182,-118.0,158.0
26.9232,85.0,156.0
26.9284,216.0,158.0
26.9347,-5.0,156.0
26.9382,-239.0,160.0
26.9432,-59.0,160.0
26.9482,176.0,162.0
26.9533,67.0,162.0
26.9584,-74.0,162.0
26.9633,-10.0,160.0
26.9682,6.0,160.0
26.9734,-61.0,160.0
26.9782,22.0,160.0
26.9836,112.0,160.0
26.9887,-52.0,160.0
26.9934,-159.0,162.0
26.9982,85.0,162.0
27.0032,198.0,164.0
27.0082,-91.0,164.0
27.0134,-184.0,164.0
27.0183,69.0,164.0
27.0232,105.0,164.0
27.0282,-43.0,162.0
27.0331,-7.0,162.0
27.0383,31.0,162.0
27.0432,-64.0,162.0
27.0482,-48.0,162.0
27.0533,84.0,162.0
27.0583,87.0,162.0
27.0634,-46.0,162.0
27.0685,-111.0,162.0
27.0735,-21.0,162.0
27.0783,108.0,162.0
27.0833,86.0,160.0
27.0882,-93.0,160.0
27.0932,-144.0,160.0
27.0983,35.0,160.0
27.1034,178.0,162.0
27.1084,106.0,160.0
27.1134,-122.0,162.0
27.1183,-264.0,166.0
27.1232,-53.0,166.0
27.1283,301.0,170.0
27.1349,237.0,172.0
27.1383,-173.0,174.0
27.1432,-272.0,176.0
27.1482,-1.0,176.0
27.1532,154.0,174.0
27.1584,83.0,176.0
27.1631,-14.0,174.0
27.1682,-60.0,174.0
27.1732,-50.0,172.0
27.1781,22.0,172.0
27.1831,62.0,170.0
27.1884,-42.0,172.0
27.1934,-94.0,170.0
27.1982,103.0,170.0
27.2033,184.0,172.0
27.2082,-100.0,172.0
27.2133,-276.0,174.0
27.2184,-26.0,176.0
27.2232,261.0,178.0
27.2283,168.0,180.0
27.2332,-132.0,180.0
27.2382,-178.0,182.0
27.2441,22.0,180.0
27.2482,74.0,180.0
27.2532,-27.0,180.0
27.259,16.0,178.0
27.2635,91.0,180.0
27.2683,-36.0,178.0
27.2734,-136.0,180.0
27.2784,16.0,180.0
27.2834,164.0,182.0
27.2883,39.0,180.0
27.2933,-155.0,182.0
27.2984,-125.0,182.0
27.3033,44.0,182.0
27.3082,151.0,184.0
27.3132,108.0,186.0
27.3182,-52.0,184.0
27.3232,-133.0,186.0
27.3283,-66.0,184.0
27.3335,-7.0,182.0
27.3383,61.0,180.0
27.3433,160.0,182.0
27.3484,48.0,180.0
27.3533,-191.0,182.0
27.3586,-109.0,182.0
27.3641,135.0,184.0
27.3683,46.0,182.0
27.3733,-114.0,184.0
27.3783,48.0,184.0
27.3833,163.0,186.0
27.3884,-70.0,188.0
27.3954,-201.0,188.0
27.3982,34.0,190.0
27.4032,154.0,190.0
27.4084,-38.0,190.0
27.4135,-45.0,192.0
27.4183,114.0,192.0
27.4233,-36.0,194.0
27.4282,-184.0,194.0
27.4332,62.0,196.0
27.4382,184.0,198.0
27.4444,-75.0,198.0
27.4482,-152.0,200.0
27.4533,87.0,200.0
27.4584,152.0,200.0
27.4633,-58.0,200.0
27.4689,-174.0,202.0
27.4735,-20.0,200.0
27.4785,160.0,200.0
27.4832,118.0,200.0
27.4882,-86.0,198.0
27.4932,-181.0,202.0
27.4981,4.0,198.0
27.5033,168.0,200.0
27.5082,14.0,198.0
27.5134,-83.0,198.0
27.5182,39.0,198.0
27.5232,-11.0,198.0
27.5284,-109.0,198.0
27.5333,55.0,198.0
27.5384,128.0,198.0
27.5433,-45.0,196.0
27.5497,-83.0,198.0
27.5532,37.0,196.0
27.5585,33.0,194.0
27.5634,-81.0,194.0
27.5682,-51.0,192.0
27.5735,154.0,194.0
27.5783,133.0,192.0
27.5835,-185.0,194.0
27.5883,-193.0,196.0
27.5934,152.0,196.0
27.5982,174.0,198.0
27.6033,-97.0,200.0
27.6082,-100.0,200.0
27.6132,56.0,200.0
27.6183,19.0,200.0
27.6234,-33.0,200.0
27.6282,50.0,200.0
27.6332,7.0,198.0
27.6383,-113.0,198.0
27.6431,39.0,194.0
27.6481,151.0,196.0
27.6533,-102.0,194.0
27.6584,-125.0,196.0
27.6632,182.0,196.0
27.6685,49.0,196.0
27.6736,-277.0,202.0
27.6783,-12.0,200.0
27.6833,329.0,204.0
27.6882,63.0,206.0
27.6932,-270.0,208.0
27.6985,-129.0,208.0
27.7033,123.0,210.0
27.7082,128.0,210.0
27.7133,24.0,210.0
27.7182,-64.0,210.0
27.7232,-122.0,210.0
27.7282,-17.0,208.0
27.7333,156.0,210.0
27.7382,76.0,210.0
27.7433,-126.0,208.0
27.7496,-78.0,208.0
27.7532,81.0,208.0
27.7585,39.0,204.0
27.7634,-69.0,204.0
27.7682,-15.0,200.0
27.7732,83.0,198.0
27.7782,21.0,196.0
27.7833,-87.0,192.0
27.7884,-33.0,192.0
27.7934,78.0,192.0
27.7982,36.0,190.0
27.8033,-78.0,192.0
27.8083,-26.0,192.0
27.8135,105.0,192.0
27.8184,-4.0,192.0
27.8234,-167.0,194.0
27.8282,49.0,194.0
27.8332,224.0,196.0
27.8382,-88.0,196.0
27.8432,-213.0,196.0
27.8493,111.0,196.0
27.8539,133.0,194.0
27.8582,-103.0,196.0
27.8632,-50.0,192.0
27.8682,44.0,190.0
27.8734,6.0,188.0
27.8783,53.0,186.0
27.8833,20.0,186.0
27.8883,-135.0,186.0
27.8932,-56.0,188.0
27.8981,128.0,190.0
27.9034,85.0,190.0
27.9082,-6.0,188.0
27.9133,-47.0,188.0
27.9183,-144.0,190.0
27.9233,-89.0,188.0
27.9284,170.0,190.0
27.9334,232.0,192.0
27.9384,-30.0,190.0
27.9434,-249.0,192.0
27.9483,-144.0,192.0
27.9532,134.0,194.0
27.9586,214.0,196.0
27.9633,-19.0,194.0
27.9682,-178.0,196.0
27.9734,-13.0,196.0
27.9782,115.0,196.0
27.9833,3.0,194.0
27.9882,-61.0,194.0
27.9932,-7.0,192.0
27.9983,13.0,190.0
28.0034,9.0,188.0
28.0083,-1.0,188.0
28.0134,29.0,186.0
28.0182,75.0,186.0
28.0237,-86.0,186.0
28.0282,-191.0,188.0
28.0331,102.0,186.0
28.0382,240.0,188.0
28.0433,-88.0,188.0
28.0485,-184.0,190.0
28.0543,96.0,190.0
28.0582,90.0,190.0
28.0634,-129.0,192.0
28.0684,-14.0,190.0
28.0736,143.0,190.0
28.0784,-28.0,188.0
28.0834,-115.0,188.0
28.0883,24.0,186.0
28.0934,52.0,186.0
28.0986,49.0,184.0
28.1033,24.0,184.0
28.1083,-158.0,184.0
28.1132,-82.0,184.0
28.1181,219.0,186.0
28.1232,85.0,186.0
28.1284,-196.0,186.0
28.1332,-25.0,184.0
28.1382,133.0,186.0
28.1432,-53.0,184.0
28.1482,-98.0,186.0
28.1532,79.0,186.0
28.1584,106.0,188.0
28.1631,-12.0,188.0
28.1682,-105.0,186.0
28.1732,-128.0,188.0
28.1781,42.0,186.0
28.1832,273.0,190.0
28.1882,82.0,190.0
28.1933,-343.0,196.0
28.1983,-186.0,198.0
28.2032,297.0,200.0
28.2082,156.0,202.0
28.2136,-165.0,202.0
28.2182,25.0,200.0
28.2231,29.0,198.0
28.2282,-244.0,200.0
28.2331,30.0,198.0
28.2384,338.0,200.0
28.2433,-2.0,198.0
28.2483,-243.0,200.0
28.2532,-42.0,200.0
28.2584,39.0,200.0
28.2637,47.0,202.0
28.2685,138.0,202.0
28.2734,-29.0,202.0
28.2791,-207.0,204.0
28.2832,15.0,204.0
28.2883,153.0,204.0
28.2936,5.0,202.0
28.2986,-26.0,200.0
28.3035,-43.0,198.0
28.3083,-102.0,200.0
28.3132,60.0,196.0
28.3182,172.0,198.0
28.3232,-24.0,194.0
28.3282,-147.0,196.0
28.3333,-27.0,192.0
28.3382,27.0,190.0
28.3432,-6.0,188.0
28.3482,124.0,188.0
28.3533,188.0,190.0
28.3584,-169.0,192.0
28.3632,-410.0,196.0
28.3681,7.0,196.0
28.3732,437.0,200.0
28.3781,249.0,204.0
28.3836,-178.0,204.0
28.3885,-355.0,208.0
28.3932,-165.0,210.0
28.3983,204.0,212.0
28.4033,296.0,216.0
28.4082,49.0,216.0
28.4134,-143.0,218.0
28.4184,-179.0,220.0
28.4232,-60.0,220.0
28.4282,123.0,222.0
28.4331,86.0,222.0
28.4382,8.0,220.0
28.4434,53.0,220.0
28.4483,-94.0,222.0
28.4532,-183.0,222.0
28.4582,110.0,224.0
28.4638,184.0,224.0
28.4682,-118.0,226.0
28.4734,-78.0,224.0
28.4784,167.0,224.0
28.4832,-26.0,222.0
28.4882,-220.0,224.0
28.4932,63.0,222.0
28.4982,214.0,224.0
28.5032,-47.0,224.0
28.5083,-179.0,226.0
28.5132,10.0,226.0
28.5182,208.0,228.0
28.5233,77.0,230.0
28.5283,-294.0,232.0
28.5334,-232.0,234.0
28.5382,321.0,238.0
28.5432,340.0,242.0
28.5483,-266.0,246.0
28.5533,-280.0,250.0
28.5583,238.0,250.0
28.5634,118.0,252.0
28.5686,-265.0,252.0
28.5733,-22.0,250.0
28.5782,228.0,252.0
28.5833,28.0,250.0
28.5887,-47.0,248.0
28.5934,-24.0,246.0
28.5982,-180.0,246.0
28.6032,-43.0,246.0
28.6082,293.0,248.0
28.6134,87.0,248.0
28.6183,-252.0,250.0
28.6234,-12.0,250.0
28.6283,154.0,252.0
28.6333,-138.0,254.0
28.6383,-94.0,256.0
28.6436,234.0,260.0
28.6484,68.0,260.0
28.6532,-212.0,264.0
28.6583,-27.0,262.0
28.6632,126.0,264.0
28.6687,-26.0,260.0
28.6735,-25.0,260.0
28.6783,71.0,256.0
28.6834,-85.0,256.0
28.6882,-115.0,256.0
28.6932,164.0,256.0
28.6984,148.0,258.0
28.7034,-149.0,258.0
28.7082,-119.0,260.0
28.7132,74.0,258.0
28.7182,23.0,258.0
28.7231,-32.0,256.0
28.7284,65.0,258.0
28.7333,47.0,258.0
28.7384,-81.0,258.0
28.7433,-57.0,258.0
28.7482,43.0,256.0
28.7532,21.0,256.0
28.7583,-23.0,252.0
28.7634,10.0,252.0
28.7682,53.0,250.0
28.7732,21.0,250.0
28.7787,-85.0,248.0
28.7834,-99.0,250.0
28.7883,69.0,248.0
28.7934,174.0,250.0
28.7982,-4.0,248.0
28.8032,-200.0,252.0
28.8082,-73.0,252.0
28.8132,132.0,252.0
28.8183,113.0,252.0
28.8233,14.0,248.0
28.8282,-65.0,248.0
28.8332,-151.0,244.0
28.8384,-75.0,244.0
28.8435,214.0,242.0
28.8484,258.0,244.0
28.8532,-203.0,244.0
28.8583,-382.0,250.0
28.8632,145.0,252.0
28.8684,360.0,254.0
28.8734,-96.0,254.0
28.8783,-211.0,252.0
28.8831,98.0,254.0
28.8882,68.0,252.0
28.8932,-116.0,252.0
28.8983,-28.0,252.0
28.9033,79.0,252.0
28.9082,49.0,252.0
28.9132,22.0,252.0
28.9184,-33.0,248.0
28.9232,-114.0,250.0
28.9284,-44.0,248.0
28.9333,133.0,250.0
28.9383,134.0,252.0
28.9433,-95.0,252.0
28.9483,-191.0,254.0
28.9531,59.0,254.0
28.9584,225.0,254.0
28.9633,-65.0,256.0
28.9682,-261.0,258.0
28.9731,89.0,258.0
28.9782,296.0,262.0
28.9832,-79.0,264.0
28.9884,-301.0,266.0
28.9933,29.0,264.0
28.9982,249.0,266.0
29.0031,9.0,258.0
29.0082,-159.0,262.0
29.0132,0.0,254.0
29.0182,82.0,252.0
29.0233,-35.0,250.0
29.0282,-25.0,244.0
29.0332,61.0,242.0
29.0382,-45.0,240.0
29.0432,-66.0,236.0
29.0484,125.0,238.0
29.0532,58.0,236.0
29.0582,-163.0,236.0
29.0632,-33.0,236.0
29.0682,159.0,236.0
29.0732,-16.0,236.0
29.0784,-162.0,238.0
29.0834,53.0,238.0
29.0882,181.0,240.0
29.0933,-34.0,236.0
29.0982,-168.0,238.0
29.1034,-17.0,236.0
29.1082,91.0,234.0
29.1133,48.0,234.0
29.1182,18.0,232.0
29.1232,-46.0,232.0
29.1284,-96.0,230.0
29.1334,42.0,230.0
29.1384,102.0,228.0
29.1434,-69.0,228.0
29.1481,-45.0,226.0
29.1533,126.0,228.0
29.1583,-25.0,226.0
29.1632,-166.0,226.0
29.1682,53.0,224.0
29.1734,126.0,222.0
29.1782,-22.0,216.0
29.1836,8.0,212.0
29.1884,-16.0,208.0
29.194,-165.0,206.0
29.199,18.0,202.0
29.2031,236.0,204.0
29.2082,3.0,200.0
29.2135,-181.0,202.0
29.2183,-9.0,200.0
29.2232,62.0,200.0
29.2282,0.0,200.0
29.2331,29.0,200.0
29.2384,-19.0,196.0
29.2435,-60.0,196.0
29.2484,102.0,194.0
29.2532,54.0,194.0
29.2584,-232.0,194.0
29.2631,-49.0,194.0
29.2683,339.0,196.0
29.2735,62.0,196.0
29.2784,-340.0,200.0
29.2833,-70.0,196.0
29.289,214.0,198.0
29.2937,31.0,196.0
29.2983,-48.0,196.0
29.3033,52.0,196.0
29.3084,-39.0,196.0
29.3134,-114.0,196.0
29.3182,11.0,196.0
29.3232,75.0,196.0
29.3284,56.0,194.0
29.3332,61.0,194.0
29.3383,-53.0,192.0
29.3434,-182.0,192.0
29.3482,-44.0,192.0
29.3533,174.0,192.0
29.3585,144.0,194.0
29.3634,-49.0,194.0
29.3682,-144.0,196.0
29.3733,-83.0,196.0
29.3782,48.0,196.0
29.3834,122.0,198.0
29.3883,41.0,198.0
29.3962,-72.0,198.0
29.3982,-55.0,198.0
29.4032,9.0,198.0
29.4081,29.0,198.0
29.4133,9.0,198.0
29.4185,-32.0,196.0
29.4233,6.0,196.0
29.4282,80.0,196.0
29.4332,-18.0,194.0
29.439,-138.0,196.0
29.4431,3.0,192.0
29.4482,173.0,194.0
29.4531,32.0,192.0
29.4583,-189.0,194.0
29.4632,-76.0,194.0
29.4684,202.0,196.0
29.4734,111.0,196.0
29.4784,-211.0,198.0
29.4833,-112.0,196.0
29.4887,210.0,196.0
29.4932,86.0,194.0
29.4983,-191.0,190.0
29.5034,-63.0,190.0
29.5082,135.0,186.0
29.5133,34.0,186.0
29.5183,-59.0,182.0
29.5232,41.0,182.0
29.5282,40.0,182.0
29.5332,-158.0,182.0
29.5382,-116.0,184.0
29.5433,234.0,186.0
29.5482,210.0,188.0
29.5531,-196.0,192.0
29.5585,-214.0,194.0
29.5633,71.0,194.0
29.5682,113.0,194.0
29.5733,49.0,192.0
29.5782,9.0,192.0
29.5833,-105.0,192.0
29.5883,-62.0,190.0
29.5932,98.0,190.0
29.5981,14.0,186.0
29.6031,-61.0,186.0
29.6082,79.0,184.0
29.6135,38.0,182.0
29.6183,-137.0,180.0
29.6233,-43.0,180.0
29.6282,125.0,176.0
29.6332,32.0,178.0
29.6382,-74.0,174.0
29.6435,23.0,174.0
29.6483,49.0,172.0
29.6532,-83.0,174.0
29.6583,-81.0,174.0
29.6633,94.0,176.0
29.6683,154.0,178.0
29.6735,-57.0,176.0
29.6784,-210.0,180.0
29.6834,28.0,178.0
29.6881,190.0,180.0
29.6932,-70.0,180.0
29.6982,-113.0,180.0
29.7034,175.0,182.0
29.7084,57.0,180.0
29.7134,-249.0,184.0
29.7182,-50.0,182.0
29.7233,214.0,184.0
29.7282,56.0,182.0
29.7334,-89.0,184.0
29.7384,-43.0,182.0
29.7432,-38.0,182.0
29.7483,19.0,180.0
29.7532,88.0,182.0
29.7584,-19.0,182.0
29.7634,-33.0,180.0
29.7682,71.0,180.0
29.7732,-64.0,180.0
29.7782,-141.0,182.0
29.7834,107.0,182.0
29.7885,150.0,184.0
29.7934,-86.0,184.0
29.7982,-66.0,184.0
29.8032,73.0,182.0
29.8081,-46.0,182.0
29.8131,-100.0,182.0
29.8183,111.0,184.0
29.8233,119.0,184.0
29.8282,-111.0,186.0
29.8332,-85.0,186.0
29.8381,84.0,186.0
29.8432,8.0,182.0
29.8483,-57.0,184.0
29.8532,63.0,182.0
29.8583,43.0,182.0
29.8634,-93.0,182.0
29.8684,-56.0,184.0
29.8735,65.0,184.0
29.8783,74.0,184.0
29.8831,13.0,184.0
29.8881,-31.0,184.0
29.8932,-90.0,184.0
29.8983,-88.0,182.0
29.9032,97.0,182.0
29.9082,195.0,180.0
29.9134,-30.0,180.0
29.9181,-201.0,178.0
29.9232,-30.0,176.0
29.9283,129.0,176.0
29.9332,23.0,176.0
29.9383,-55.0,176.0
29.9432,39.0,176.0
29.9482,10.0,174.0
29.9531,-123.0,174.0
29.9582,11.0,174.0
29.9632,201.0,176.0
29.9682,-3.0,176.0
29.9731,-241.0,178.0
29.9781,-34.0,178.0
29.9832,221.0,180.0
29.9882,81.0,180.0
29.9932,-158.0,180.0
29.9982,-98.0,178.0
30.0031,98.0,180.0
30.0082,66.0,178.0
30.0136,-58.0,178.0
30.0182,0.0,178.0
30.0232,26.0,176.0
30.0282,-58.0,176.0
30.0332,-12.0,174.0
30.0381,67.0,176.0
30.0433,37.0,176.0
30.0482,-10.0,176.0
30.0532,-73.0,176.0
30.0581,-90.0,178.0
30.0634,75.0,178.0
30.0682,195.0,180.0
30.0732,-22.0,180.0
30.0782,-272.0,182.0
30.0832,-61.0,184.0
30.0882,292.0,184.0
30.0933,124.0,186.0
30.0985,-246.0,188.0
30.1032,-118.0,188.0
30.1081,158.0,188.0
30.1132,13.0,186.0
30.1181,-72.0,184.0
30.1231,166.0,184.0
30.1283,25.0,182.0
30.1333,-319.0,186.0
30.1383,-15.0,182.0
30.1432,332.0,186.0
30.1484,-9.0,184.0
30.1533,-212.0,188.0
30.1588,72.0,188.0
30.1634,74.0,188.0
30.1683,-124.0,190.0
30.1731,0.0,186.0
30.1782,110.0,186.0
30.1832,-23.0,184.0
30.1881,-43.0,180.0
30.1931,34.0,178.0
30.1982,-11.0,176.0
30.2042,-42.0,174.0
30.2082,22.0,174.0
30.2144,42.0,174.0
30.2182,-11.0,174.0
30.2241,-42.0,172.0
30.2281,25.0,172.0
30.2331,58.0,172.0
30.2382,-75.0,172.0
30.2432,-82.0,172.0
30.2484,125.0,174.0
30.2531,81.0,174.0
30.2582,-148.0,174.0
30.2632,-36.0,174.0
30.2683,140.0,174.0
30.2734,-25.0,174.0
30.2783,-107.0,174.0
30.2832,61.0,176.0
30.2881,57.0,176.0
30.2931,-67.0,174.0
30.2982,-11.0,174.0
30.3032,65.0,174.0
30.3094,3.0,172.0
30.3133,-60.0,172.0
30.3193,-52.0,168.0
30.3233,35.0,168.0
30.3284,121.0,168.0
30.3333,10.0,166.0
30.3383,-136.0,168.0
30.3434,-40.0,164.0
30.3481,72.0,166.0
30.3532,22.0,162.0
30.3584,15.0,162.0
30.3632,35.0,158.0
30.3683,-60.0,158.0
30.3731,-89.0,158.0
30.3781,43.0,158.0
30.3833,93.0,160.0
30.3887,11.0,160.0
30.3934,-40.0,158.0
30.3982,-65.0,160.0
30.4031,-27.0,158.0
30.4083,86.0,160.0
30.4137,43.0,158.0
30.4195,-82.0,158.0
30.4244,20.0,156.0
30.4281,98.0,156.0
30.4337,-115.0,156.0
30.4384,-144.0,158.0
30.4438,152.0,158.0
30.4483,164.0,160.0
30.4532,-104.0,160.0
30.459,-110.0,160.0
30.4633,34.0,160.0
30.4681,12.0,158.0
30.4776,-6.0,156.0
30.4784,51.0,156.0
30.4839,22.0,156.0
30.4886,-35.0,156.0
30.4941,-29.0,156.0
30.4985,-32.0,156.0
30.5038,5.0,154.0
30.5085,97.0,154.0
30.5145,0.0,154.0
30.5185,-136.0,154.0
30.5236,47.0,154.0
30.5288,169.0,158.0
30.5342,-94.0,158.0
30.5387,-185.0,158.0
30.5435,82.0,158.0
30.5484,152.0,158.0
30.5533,-24.0,158.0
30.5588,-76.0,156.0
30.5637,-31.0,156.0
30.5683,-5.0,154.0
30.5732,64.0,154.0
30.5784,58.0,154.0
30.5834,-64.0,154.0
30.5888,-72.0,156.0
30.594,21.0,154.0
30.5981,38.0,154.0
30.6042,46.0,152.0
30.6084,32.0,152.0
30.6149,-79.0,150.0
30.6181,-96.0,152.0
30.624,44.0,148.0
30.6281,101.0,148.0
30.6334,14.0,146.0
30.6385,-51.0,146.0
30.6438,-35.0,144.0
30.6481,11.0,144.0
30.6532,27.0,144.0
30.6588,-14.0,144.0
30.6633,-55.0,144.0
30.6683,9.0,144.0
30.6735,147.0,146.0
30.6787,59.0,146.0
30.6833,-236.0,148.0
30.6882,-162.0,150.0
30.6931,225.0,154.0
30.6984,225.0,156.0
30.7037,-96.0,156.0
30.7081,-200.0,156.0
30.7133,-66.0,156.0
30.7184,99.0,154.0
30.7234,162.0,156.0
30.7283,4.0,150.0
30.7337,-163.0,152.0
30.7387,-26.0,148.0
30.7439,131.0,148.0
30.7484,-28.0,146.0
30.7533,-127.0,148.0
30.7588,46.0,148.0
30.7637,113.0,146.0
30.7683,37.0,146.0
30.7737,-22.0,142.0
30.7784,-117.0,144.0
30.7832,-114.0,140.0
30.7887,71.0,142.0
30.7937,175.0,140.0
30.7984,44.0,140.0
30.8034,-113.0,140.0
30.8082,-96.0,140.0
30.8137,22.0,140.0
30.8186,66.0,140.0
30.824,10.0,140.0
30.8281,-27.0,140.0
30.8333,-10.0,140.0
30.8384,15.0,140.0
30.8437,38.0,140.0
30.8487,-10.0,140.0
30.8535,-110.0,140.0
30.8587,-13.0,140.0
30.8633,185.0,142.0
30.8684,43.0,142.0
30.8737,-211.0,146.0
30.8787,-45.0,144.0
30.8832,182.0,146.0
30.8882,20.0,144.0
30.8938,-132.0,146.0
30.8985,7.0,144.0
30.9042,84.0,144.0
30.9081,-27.0,142.0
30.9137,-42.0,142.0
30.9184,28.0,142.0
30.9242,8.0,140.0
30.9282,-17.0,140.0
30.9332,18.0,138.0
30.9388,31.0,140.0
30.9438,-35.0,138.0
30.9483,-93.0,140.0
30.9531,33.0,140.0
30.9587,157.0,142.0
30.9637,-14.0,142.0
30.9682,-165.0,142.0
30.9736,8.0,142.0
30.9784,114.0,142.0
30.9834,-37.0,142.0
30.9883,-37.0,140.0
30.9931,84.0,142.0
30.9983,-37.0,142.0
31.0035,-118.0,144.0
31.0084,77.0,144.0
31.0137,127.0,144.0
31.0192,-64.0,144.0
31.0234,-117.0,144.0
31.0292,24.0,146.0
31.0331,85.0,146.0
31.0383,1.0,144.0
31.0439,-20.0,144.0
31.0481,8.0,144.0
31.0537,-64.0,144.0
31.0588,-49.0,144.0
31.0633,126.0,144.0
31.0684,99.0,144.0
31.0743,-137.0,146.0
31.0787,-132.0,146.0
31.0834,98.0,144.0
31.0884,137.0,144.0
31.0933,-34.0,142.0
31.0985,-127.0,144.0
31.1038,-18.0,142.0
31.1081,128.0,144.0
31.1133,57.0,146.0
31.1184,-160.0,148.0
31.1236,-135.0,148.0
31.1285,177.0,152.0
31.134,267.0,154.0
31.1388,-113.0,156.0
31.1442,-353.0,162.0
31.1484,-12.0,160.0
31.1536,295.0,164.0
31.1587,89.0,164.0
31.1638,-141.0,166.0
31.1681,-45.0,164.0
31.1735,29.0,162.0
31.1784,-49.0,160.0
31.1834,-29.0,160.0
31.1887,46.0,158.0
31.1931,60.0,158.0
31.1981,106.0,158.0
31.2033,21.0,158.0
31.2082,-255.0,162.0
31.2134,-212.0,166.0
31.2188,214.0,168.0
31.2237,318.0,172.0
31.2288,-24.0,170.0
31.2331,-208.0,174.0
31.2383,-115.0,174.0
31.2447,-2.0,174.0
31.2486,122.0,176.0
31.2531,134.0,176.0
31.2594,-82.0,176.0
31.2633,-144.0,178.0
31.2683,72.0,178.0
31.2737,112.0,178.0
31.2787,-60.0,178.0
31.2838,-97.0,180.0
31.2887,-9.0,180.0
31.2933,65.0,180.0
31.2986,93.0,182.0
31.3032,28.0,182.0
31.3082,-97.0,182.0
31.3138,-142.0,182.0
31.3184,19.0,182.0
31.3234,189.0,182.0
31.3285,42.0,180.0
31.3334,-147.0,178.0
31.3389,-29.0,176.0
31.3435,81.0,174.0
31.3483,5.0,172.0
31.3536,-39.0,172.0
31.3587,-47.0,170.0
31.3639,-17.0,168.0
31.3681,136.0,170.0
31.3734,142.0,170.0
31.3784,-170.0,172.0
31.3836,-284.0,174.0
31.3887,85.0,176.0
31.3975,326.0,178.0
31.3981,60.0,178.0
31.4031,-223.0,180.0
31.4081,-142.0,182.0
31.4136,61.0,182.0
31.4183,100.0,182.0
31.4231,28.0,182.0
31.4282,4.0,180.0
31.4334,-4.0,178.0
31.4381,-64.0,178.0
31.4432,-53.0,176.0
31.4483,38.0,176.0
31.4532,42.0,176.0
31.4581,22.0,176.0
31.4632,50.0,176.0
31.4682,-31.0,176.0
31.4736,-125.0,178.0
31.4782,-39.0,178.0
31.4832,81.0,180.0
31.4882,105.0,180.0
31.4931,55.0,180.0
31.4984,-77.0,180.0
31.5032,-143.0,180.0
31.5082,-6.0,180.0
31.5132,107.0,178.0
31.5181,42.0,178.0
31.5232,-15.0,176.0
31.5281,-17.0,176.0
31.5334,-18.0,174.0
31.5381,-12.0,174.0
31.5431,-43.0,172.0
31.5481,0.0,172.0
31.5531,139.0,174.0
31.5583,73.0,174.0
31.5634,-159.0,178.0
31.5684,-172.0,180.0
31.5731,56.0,180.0
31.5782,208.0,182.0
31.5833,82.0,184.0
31.5886,-139.0,184.0
31.5932,-120.0,186.0
31.5982,45.0,184.0
31.6031,46.0,184.0
31.6082,-19.0,182.0
31.6132,31.0,182.0
31.6183,41.0,182.0
31.6234,-41.0,182.0
31.6281,-15.0,182.0
31.6331,11.0,180.0
31.6382,-76.0,180.0
31.6432,12.0,178.0
31.6483,154.0,180.0
31.6532,-14.0,178.0
31.6583,-146.0,180.0
31.6634,0.0,178.0
31.6684,55.0,178.0
31.6734,9.0,178.0
31.6783,53.0,178.0
31.6833,1.0,178.0
31.6882,-123.0,180.0
31.6932,-28.0,178.0
31.6984,144.0,180.0
31.7033,66.0,180.0
31.7082,-111.0,180.0
31.7136,-116.0,180.0
31.7182,14.0,178.0
31.7231,147.0,178.0
31.7281,97.0,178.0
31.7332,-136.0,180.0
31.7383,-151.0,180.0
31.7439,111.0,180.0
31.7481,143.0,182.0
31.7534,-107.0,182.0
31.7586,-132.0,182.0
31.7633,87.0,180.0
31.7682,134.0,180.0
31.7733,-9.0,176.0
31.7782,-96.0,176.0
31.7834,-85.0,172.0
31.7883,-4.0,172.0
31.7933,110.0,168.0
31.7982,93.0,168.0
31.8033,-36.0,168.0
31.8082,-81.0,168.0
31.8133,-58.0,168.0
31.8182,-8.0,168.0
31.8232,69.0,168.0
31.8282,58.0,168.0
31.8332,15.0,168.0
31.8381,23.0,166.0
31.8432,-94.0,168.0
31.8482,-199.0,166.0
31.8531,59.0,164.0
31.8583,306.0,166.0
31.8631,67.0,162.0
31.8682,-231.0,164.0
31.8734,-140.0,164.0
31.8782,44.0,162.0
31.8833,62.0,164.0
31.8881,89.0,164.0
31.8931,92.0,162.0
31.8984,-103.0,162.0
31.9034,-173.0,164.0
31.9084,60.0,164.0
31.9133,134.0,164.0
31.9183,-32.0,162.0
31.9232,-68.0,162.0
31.9286,9.0,162.0
31.9333,57.0,162.0
31.9383,47.0,162.0
31.9433,-72.0,162.0
31.9481,-105.0,162.0
31.9532,57.0,162.0
31.9582,86.0,162.0
31.9632,-30.0,160.0
31.9682,6.0,160.0
31.9731,38.0,158.0
31.9782,-72.0,158.0
31.9833,-72.0,158.0
31.9884,59.0,158.0
31.9934,91.0,160.0
31.9981,-25.0,160.0
32.0031,-97.0,160.0
32.0082,24.0,158.0
32.0133,121.0,158.0
32.0183,-13.0,156.0
32.0233,-135.0,154.0
32.0282,-57.0,154.0
32.0331,69.0,150.0
32.0382,123.0,150.0
32.0431,67.0,148.0
32.0483,-82.0,146.0
32.0532,-155.0,148.0
32.0584,-51.0,148.0
32.0632,102.0,148.0
32.0682,158.0,152.0
32.0733,40.0,152.0
32.0783,-172.0,154.0
32.0833,-142.0,154.0
32.0882,149.0,156.0
32.0933,161.0,158.0
32.0983,-152.0,160.0
32.1034,-144.0,162.0
32.1085,167.0,164.0
32.1134,137.0,164.0
32.1182,-141.0,166.0
32.1234,-153.0,166.0
32.1282,42.0,166.0
32.1334,168.0,168.0
32.1384,109.0,168.0
32.1432,-140.0,168.0
32.1484,-242.0,172.0
32.154,64.0,172.0
32.1587,291.0,174.0
32.1632,18.0,176.0
32.1683,-250.0,178.0
32.1733,-62.0,180.0
32.1782,159.0,182.0
32.1833,44.0,182.0
32.1883,-78.0,182.0
32.1933,15.0,180.0
32.1982,43.0,180.0
32.2031,-65.0,178.0
32.2082,-46.0,178.0
32.2132,75.0,178.0
32.2183,45.0,174.0
32.2234,-68.0,174.0
32.2282,-13.0,172.0
32.2332,77.0,172.0
32.2381,-28.0,172.0
32.2434,-83.0,172.0
32.2483,50.0,172.0
32.2532,49.0,172.0
32.2586,-40.0,172.0
32.2634,27.0,172.0
32.2681,32.0,174.0
32.2743,-115.0,174.0
32.2783,-79.0,174.0
32.2833,150.0,176.0
32.2882,171.0,178.0
32.2932,-83.0,178.0
32.2982,-211.0,180.0
32.3033,-41.0,180.0
32.3082,132.0,182.0
32.3131,108.0,182.0
32.3181,1.0,182.0
32.3231,-54.0,182.0
32.3282,-66.0,182.0
32.3332,-63.0,182.0
32.3381,37.0,180.0
32.3432,140.0,182.0
32.3481,-5.0,180.0
32.3532,-139.0,180.0
32.3584,35.0,180.0
32.3633,115.0,180.0
32.3683,-78.0,180.0
32.3733,-104.0,180.0
32.3781,60.0,178.0
32.3833,65.0,178.0
32.3888,-12.0,176.0
32.3934,8.0,174.0
32.3982,13.0,172.0
32.4031,-45.0,172.0
32.4082,-50.0,170.0
32.4134,12.0,170.0
32.4184,60.0,170.0
32.4232,28.0,168.0
32.4281,-46.0,170.0
32.4335,-27.0,168.0
32.4382,56.0,168.0
32.4432,27.0,168.0
32.4481,-88.0,168.0
32.4531,-81.0,168.0
32.4582,67.0,168.0
32.4632,158.0,170.0
32.4681,35.0,170.0
32.4734,-171.0,172.0
32.4784,-141.0,174.0
32.4834,106.0,174.0
32.4881,147.0,174.0
32.4931,-45.0,174.0
32.4984,-66.0,170.0
32.5033,45.0,168.0
32.5082,3.0,166.0
32.5133,-58.0,164.0
32.5184,-10.0,164.0
32.5231,22.0,162.0
32.5281,44.0,162.0
32.5334,62.0,162.0
32.5382,-51.0,160.0
32.5432,-138.0,160.0
32.5482,21.0,160.0
32.5533,156.0,160.0
32.5582,5.0,160.0
32.5634,-126.0,160.0
32.5681,-1.0,160.0
32.5731,83.0,160.0
32.5782,-22.0,160.0
32.5831,-40.0,160.0
32.5883,32.0,158.0
32.5934,-14.0,158.0
32.5982,-25.0,158.0
32.6031,70.0,158.0
32.6081,10.0,158.0
32.6134,-120.0,160.0
32.6183,12.0,158.0
32.6233,177.0,160.0
32.6281,-33.0,160.0
32.6332,-246.0,162.0
32.6382,28.0,162.0
32.6432,295.0,166.0
32.6482,9.0,164.0
32.6532,-272.0,168.0
32.6583,-43.0,168.0
32.6633,167.0,168.0
32.6683,27.0,168.0
32.6735,-38.0,168.0
32.6781,30.0,166.0
32.6832,-41.0,166.0
32.6882,-82.0,166.0
32.6933,36.0,164.0
32.6981,65.0,164.0
32.7033,34.0,162.0
32.7082,49.0,160.0
32.7133,-83.0,162.0
32.7183,-188.0,162.0
32.7232,34.0,160.0
32.7284,195.0,160.0
32.7332,55.0,160.0
32.7383,-31.0,158.0
32.7432,-58.0,156.0
32.7483,-150.0,156.0
32.7533,-35.0,154.0
32.7585,179.0,154.0
32.7634,101.0,154.0
32.7682,-79.0,154.0
32.7731,-61.0,152.0
32.7781,0.0,152.0
32.7834,-4.0,150.0
32.7883,10.0,146.0
32.7933,-2.0,144.0
32.7981,-49.0,140.0
32.8031,37.0,140.0
32.8082,170.0,140.0
32.8133,13.0,138.0
32.8184,-282.0,140.0
32.8233,-137.0,142.0
32.8281,269.0,146.0
32.8332,207.0,148.0
32.8382,-139.0,150.0
32.8432,-149.0,152.0
32.8482,13.0,150.0
32.8533,22.0,150.0
32.8581,10.0,150.0
32.8631,68.0,150.0
32.8693,43.0,150.0
32.8734,-97.0,150.0
32.8784,-103.0,152.0
32.8834,108.0,152.0
32.8888,152.0,154.0
32.8935,-115.0,154.0
32.8983,-202.0,156.0
32.9032,87.0,158.0
32.9084,216.0,160.0
32.9134,-21.0,160.0
32.9182,-155.0,160.0
32.9232,-41.0,158.0
32.9282,50.0,156.0
32.9332,63.0,156.0
32.9383,23.0,154.0
32.9432,-50.0,154.0
32.9483,-27.0,152.0
32.9532,47.0,150.0
32.9584,-4.0,150.0
32.9632,-90.0,152.0
32.969,18.0,150.0
32.9732,145.0,152.0
32.9782,-13.0,152.0
32.9832,-144.0,152.0
32.9882,43.0,152.0
32.9931,84.0,152.0
32.9982,-146.0,154.0
33.0032,-50.0,152.0
33.0083,260.0,156.0
33.0133,84.0,154.0
33.0184,-272.0,158.0
33.0233,-113.0,158.0
33.0282,172.0,162.0
33.0331,62.0,162.0
33.0381,-62.0,162.0
33.0433,27.0,162.0
33.0483,6.0,162.0
33.0533,-73.0,162.0
33.0582,10.0,162.0
33.0632,45.0,162.0
33.0685,-20.0,162.0
33.0742,44.0,162.0
33.0781,58.0,162.0
33.0832,-147.0,164.0
33.0882,-139.0,164.0
33.0932,183.0,166.0
33.0983,209.0,168.0
33.1036,-103.0,168.0
33.1082,-182.0,170.0
33.1133,-38.0,168.0
33.1183,46.0,166.0
33.1232,140.0,168.0
33.1283,102.0,166.0
33.1332,-153.0,168.0
33.1383,-145.0,170.0
33.1433,121.0,170.0
33.1482,43.0,172.0
33.1532,-131.0,172.0
33.1584,121.0,174.0
33.1632,195.0,176.0
33.1682,-215.0,180.0
33.1744,-224.0,182.0
33.1782,193.0,184.0
33.1834,135.0,184.0
33.1884,-142.0,186.0
33.1933,38.0,184.0
33.1982,157.0,186.0
33.2031,-167.0,188.0
33.2082,-211.0,190.0
33.2131,153.0,192.0
33.2183,199.0,194.0
33.2231,-41.0,194.0
33.2282,-82.0,196.0
33.2332,-42.0,196.0
33.2381,-60.0,196.0
33.2432,58.0,196.0
33.2484,130.0,198.0
33.2534,-73.0,198.0
33.2582,-121.0,198.0
33.2631,126.0,198.0
33.2684,107.0,200.0
33.2735,-158.0,198.0
33.2782,-135.0,200.0
33.2833,94.0,196.0
33.2882,170.0,198.0
33.2931,40.0,196.0
33.2983,-161.0,198.0
33.3033,-158.0,196.0
33.3082,104.0,198.0
33.3133,207.0,200.0
33.3181,-27.0,200.0
33.3232,-181.0,202.0
33.3283,-32.0,202.0
33.3333,108.0,204.0
33.3383,63.0,204.0
33.3433,-41.0,204.0
33.3484,-102.0,204.0
33.3533,-6.0,202.0
33.3585,168.0,202.0
33.3633,67.0,204.0
33.3682,-199.0,204.0
33.3732,-128.0,204.0
33.379,127.0,206.0
33.3832,121.0,206.0
33.3883,-1.0,204.0
33.3933,-16.0,204.0
33.3982,-62.0,202.0
33.4033,-117.0,202.0
33.4081,20.0,202.0
33.4134,194.0,204.0
33.4183,67.0,204.0
33.4234,-195.0,208.0
33.4281,-131.0,210.0
33.4331,156.0,212.0
33.4383,158.0,214.0
33.4433,-99.0,214.0
33.4483,-151.0,214.0
33.4533,36.0,214.0
33.4583,103.0,212.0
33.4631,2.0,210.0
33.4683,-31.0,206.0
33.4735,1.0,202.0
33.4783,-14.0,202.0
33.4831,-13.0,198.0
33.4882,32.0,200.0
33.4931,-9.0,200.0
33.4982,-73.0,200.0
33.5033,57.0,200.0
33.5083,125.0,202.0
33.5133,-67.0,200.0
33.5181,-92.0,200.0
33.5233,36.0,200.0
33.5283,-49.0,198.0
33.5333,-45.0,196.0
33.5383,191.0,196.0
33.5434,115.0,196.0
33.5481,-237.0,198.0
33.5534,-171.0,200.0
33.5585,200.0,200.0
33.5633,167.0,202.0
33.5682,-141.0,204.0
33.5732,-127.0,204.0
33.5783,83.0,206.0
33.5831,93.0,206.0
33.5883,-24.0,206.0
33.5933,-72.0,206.0
33.5982,-36.0,208.0
33.6033,47.0,206.0
33.6081,85.0,208.0
33.6147,-20.0,206.0
33.6183,-104.0,206.0
33.6231,7.0,204.0
33.6282,92.0,206.0
33.6331,-4.0,204.0
33.6381,-63.0,204.0
33.6435,-12.0,202.0
33.6483,24.0,198.0
33.6531,37.0,198.0
33.6583,18.0,194.0
33.6632,-50.0,194.0
33.6682,-45.0,192.0
33.6732,50.0,190.0
33.6782,43.0,190.0
33.6832,-45.0,190.0
33.6882,-29.0,192.0
33.6934,27.0,190.0
33.6983,29.0,190.0
33.7032,10.0,190.0
33.7082,-33.0,190.0
33.7133,-49.0,190.0
33.7181,15.0,190.0
33.7232,42.0,188.0
33.7283,6.0,186.0
33.7333,13.0,184.0
33.7383,-12.0,180.0
33.7434,-63.0,180.0
33.7481,18.0,178.0
33.7531,80.0,178.0
33.7584,-31.0,178.0
33.7633,-74.0,176.0
33.7682,18.0,176.0
33.7731,48.0,174.0
33.7783,38.0,172.0
33.7832,-11.0,170.0
33.7884,-98.0,172.0
33.7933,-19.0,170.0
33.7982,110.0,170.0
33.8031,25.0,166.0
33.8081,-85.0,164.0
33.8132,-12.0,162.0
33.8185,76.0,160.0
33.8233,13.0,158.0
33.8281,-93.0,156.0
33.8331,-50.0,156.0
33.8382,81.0,156.0
33.8433,86.0,154.0
33.8482,-26.0,152.0
33.8533,-72.0,150.0
33.8582,-14.0,148.0
33.8631,21.0,148.0
33.8682,-13.0,146.0
33.8735,0.0,146.0
33.8782,105.0,146.0
33.8832,38.0,146.0
33.8882,-202.0,146.0
33.8931,-102.0,148.0
33.8982,238.0,150.0
33.9033,137.0,150.0
33.9084,-190.0,150.0
33.9133,-129.0,150.0
33.9182,98.0,150.0
33.9233,95.0,150.0
33.9282,-13.0,148.0
33.9334,-53.0,148.0
33.9384,-46.0,146.0
33.9433,-1.0,144.0
33.9481,76.0,142.0
33.9533,59.0,140.0
33.9585,-67.0,140.0
33.9633,-80.0,140.0
33.9682,25.0,140.0
33.9731,50.0,138.0
33.9781,22.0,138.0
33.9833,-7.0,138.0
33.9883,-56.0,136.0
33.9933,-1.0,136.0
33.9981,78.0,136.0
34.0032,-16.0,134.0
34.0081,-103.0,132.0
34.0133,29.0,132.0
34.0182,134.0,132.0
34.0231,-24.0,130.0
34.0281,-151.0,132.0
34.0331,0.0,132.0
34.0382,129.0,132.0
34.0431,32.0,132.0
34.0482,-82.0,132.0
34.0532,-54.0,130.0
34.0583,64.0,130.0
34.0631,67.0,128.0
34.0683,-92.0,128.0
34.0735,-80.0,126.0
34.0784,116.0,126.0
34.0833,65.0,126.0
34.0883,-110.0,124.0
34.0931,7.0,124.0
34.0984,110.0,124.0
34.1032,-94.0,126.0
34.1082,-130.0,128.0
34.1134,117.0,130.0
34.1186,112.0,130.0
34.1231,-80.0,132.0
34.1283,-22.0,132.0
34.1332,68.0,132.0
34.1383,-70.0,132.0
34.1432,-109.0,134.0
34.1481,84.0,132.0
34.1531,159.0,134.0
34.1582,-17.0,132.0
34.1631,-180.0,136.0
34.1682,-77.0,136.0
34.1733,162.0,138.0
34.1781,145.0,136.0
34.1834,-99.0,136.0
34.1884,-146.0,136.0
34.1931,14.0,132.0
34.1981,72.0,130.0
34.2032,48.0,128.0
34.2084,31.0,126.0
34.2138,-64.0,126.0
34.2181,-106.0,126.0
34.2233,37.0,126.0
34.2281,114.0,126.0
34.2331,-1.0,126.0
34.2381,-50.0,126.0
34.2431,8.0,126.0
34.2483,-32.0,124.0
34.2532,-57.0,126.0
34.2581,56.0,124.0
34.2631,78.0,126.0
34.2682,-23.0,124.0
34.2734,-39.0,124.0
34.2783,-6.0,124.0
34.2833,-7.0,124.0
34.2881,16.0,124.0
34.2931,13.0,124.0
34.2984,-34.0,124.0
34.3031,12.0,124.0
34.3084,63.0,124.0
34.3132,-47.0,124.0
34.3182,-81.0,124.0
34.3231,81.0,124.0
34.3281,94.0,126.0
34.3333,-85.0,126.0
34.3384,-119.0,128.0
34.3434,36.0,128.0
34.3481,131.0,130.0
34.3531,29.0,130.0
34.3584,-100.0,130.0
34.3633,-59.0,132.0
34.3682,48.0,132.0
34.3731,54.0,132.0
34.3781,2.0,132.0
34.3831,-49.0,132.0
34.3882,-43.0,132.0
34.3931,44.0,132.0
34.3982,45.0,132.0
34.4035,-37.0,132.0
34.409,21.0,132.0
34.4132,74.0,132.0
34.4183,-93.0,132.0
34.4232,-185.0,136.0
34.4281,64.0,134.0
34.4332,280.0,140.0
34.4381,69.0,138.0
34.4433,-241.0,142.0
34.4485,-184.0,144.0
34.4533,81.0,144.0
34.4582,165.0,146.0
34.4631,61.0,146.0
34.4682,-40.0,146.0
34.4734,-73.0,146.0
34.4784,-40.0,146.0
34.4834,-2.0,144.0
34.4881,-16.0,144.0
34.4931,34.0,144.0
34.4981,146.0,146.0
34.5032,27.0,146.0
34.5081,-223.0,148.0
34.5132,-111.0,150.0
34.5182,211.0,152.0
34.5233,138.0,154.0
34.5282,-162.0,154.0
34.5333,-117.0,154.0
34.5381,117.0,152.0
34.5433,91.0,150.0
34.5481,-68.0,148.0
34.5532,-69.0,148.0
34.5582,18.0,146.0
34.5633,40.0,146.0
34.5681,-4.0,146.0
34.5733,-21.0,146.0
34.5781,15.0,144.0
34.5833,11.0,144.0
34.5882,-15.0,144.0
34.5933,34.0,144.0
34.5981,10.0,142.0
34.6032,-101.0,142.0
34.6082,-17.0,142.0
34.6132,119.0,144.0
34.6182,7.0,144.0
34.6232,-74.0,144.0
34.6281,23.0,144.0
34.6332,23.0,144.0
34.6382,-36.0,144.0
34.6432,3.0,144.0
34.6482,8.0,142.0
34.6532,-20.0,142.0
34.6582,19.0,140.0
34.6633,39.0,140.0
34.6681,0.0,138.0
34.6733,-50.0,138.0
34.6781,-77.0,138.0
34.6832,35.0,138.0
34.6881,180.0,140.0
34.6931,6.0,138.0
34.6982,-249.0,142.0
34.7032,-37.0,142.0
34.7082,231.0,144.0
34.7132,6.0,142.0
34.7183,-139.0,142.0
34.7231,69.0,142.0
34.7283,54.0,142.0
34.7333,-105.0,144.0
34.7383,-25.0,142.0
34.7432,55.0,142.0
34.7481,10.0,140.0
34.7532,16.0,138.0
34.7585,11.0,136.0
34.7632,-25.0,136.0
34.7682,13.0,136.0
34.7733,-12.0,134.0
34.7781,-98.0,136.0
34.7833,11.0,134.0
34.7885,138.0,134.0
34.7933,39.0,132.0
34.7981,-30.0,132.0
34.8031,-53.0,130.0
34.8082,-163.0,132.0
34.8132,-19.0,130.0
34.8183,278.0,132.0
34.8232,103.0,132.0
34.8282,-236.0,134.0
34.8331,-98.0,134.0
34.8382,111.0,136.0
34.8432,10.0,134.0
34.8483,-21.0,134.0
34.8532,69.0,134.0
34.8581,-9.0,134.0
34.8631,-86.0,134.0
34.8681,21.0,132.0
34.8734,65.0,134.0
34.8781,-22.0,132.0
34.8833,-33.0,134.0
34.8881,2.0,132.0
34.8931,-19.0,132.0
34.8982,10.0,132.0
34.9033,76.0,132.0
34.9082,3.0,132.0
34.9133,-102.0,132.0
34.9182,-19.0,132.0
34.9232,96.0,134.0
34.9284,17.0,134.0
34.9332,-81.0,134.0
34.9383,-10.0,134.0
34.9432,64.0,136.0
34.9481,11.0,134.0
34.9531,-46.0,134.0
34.9586,-20.0,134.0
34.9634,59.0,134.0
34.9681,38.0,132.0
34.9733,-126.0,132.0
34.9782,-73.0,132.0
34.9831,189.0,134.0
34.9884,119.0,134.0
34.9933,-177.0,136.0
34.9982,-139.0,138.0
35.0031,101.0,138.0
35.0082,113.0,140.0
35.0132,-29.0,138.0
35.0183,-54.0,140.0
35.0232,3.0,138.0
35.0281,-15.0,138.0
35.0331,-10.0,138.0
35.0382,90.0,138.0
35.0432,8.0,138.0
35.0483,-193.0,140.0
35.0532,23.0,140.0
35.0583,318.0,144.0
35.0631,-73.0,142.0
35.0684,-406.0,148.0
35.0739,109.0,144.0
35.0789,391.0,150.0
35.0838,-102.0,148.0
35.0883,-267.0,148.0
35.0938,59.0,148.0
35.0985,93.0,148.0
35.1035,0.0,146.0
35.1086,40.0,146.0
35.1137,-66.0,146.0
35.1184,-93.0,146.0
35.1233,140.0,148.0
35.1281,94.0,150.0
35.1337,-196.0,152.0
35.1382,-80.0,152.0
35.1439,189.0,154.0
35.1483,49.0,152.0
35.1534,-108.0,152.0
35.1588,9.0,148.0
35.1636,6.0,146.0
35.1683,-87.0,146.0
35.1736,47.0,144.0
35.1787,150.0,144.0
35.1834,-25.0,144.0
35.1889,-170.0,146.0
35.1936,-50.0,144.0
35.1981,138.0,146.0
35.2037,126.0,148.0
35.2084,-74.0,150.0
35.2136,-150.0,152.0
35.2186,16.0,152.0
35.2244,110.0,152.0
35.2281,0.0,152.0
35.2333,-26.0,152.0
35.2381,43.0,152.0
35.245,-47.0,152.0
35.2493,-127.0,154.0
35.254,59.0,152.0
35.259,170.0,156.0
35.2633,-32.0,154.0
35.2684,-124.0,156.0
35.2734,43.0,156.0
35.2783,57.0,156.0
35.2836,-101.0,158.0
35.2886,-65.0,160.0
35.2933,131.0,160.0
35.2983,143.0,162.0
35.3037,-90.0,164.0
35.3081,-199.0,166.0
35.3136,-7.0,166.0
35.3185,161.0,168.0
35.3234,125.0,168.0
35.3286,-25.0,166.0
35.3332,-200.0,170.0
35.3381,-134.0,168.0
35.3434,174.0,170.0
35.3482,195.0,170.0
35.3532,-82.0,170.0
35.3586,-127.0,170.0
35.3638,20.0,170.0
35.3681,33.0,170.0
35.3737,-10.0,168.0
35.3788,-14.0,168.0
35.3834,-4.0,166.0
35.3888,51.0,168.0
35.3936,48.0,168.0
35.3994,-60.0,168.0
35.4037,-47.0,168.0
35.4083,30.0,170.0
35.4134,-49.0,170.0
35.4181,-51.0,170.0
35.4237,139.0,172.0
35.4293,143.0,172.0
35.4333,-99.0,172.0
35.4383,-198.0,174.0
35.4436,-23.0,174.0
35.4481,129.0,174.0
35.4536,89.0,174.0
35.4588,1.0,170.0
35.4633,-44.0,170.0
35.4683,-74.0,168.0
35.4738,-47.0,166.0
35.4787,55.0,166.0
35.4838,93.0,166.0
35.4884,-28.0,166.0
35.4931,-80.0,166.0
35.4983,73.0,168.0
35.5033,75.0,168.0
35.5086,-156.0,170.0
35.5141,-105.0,170.0
35.5183,184.0,174.0
35.5234,110.0,174.0
35.5294,-137.0,176.0
35.5341,-45.0,176.0
35.5381,90.0,178.0
35.5431,-48.0,178.0
35.5483,-90.0,178.0
35.5534,99.0,178.0
35.5586,98.0,180.0
35.5638,-95.0,180.0
35.5681,-66.0,180.0
35.5736,75.0,180.0
35.5783,4.0,180.0
35.5835,-75.0,180.0
35.5891,43.0,182.0
35.5936,89.0,182.0
35.5983,-52.0,182.0
35.6036,-92.0,184.0
35.6083,30.0,182.0
35.6131,76.0,182.0
35.6186,-19.0,182.0
35.6236,-66.0,180.0
35.6283,42.0,178.0
35.6333,102.0,176.0
35.6384,-53.0,176.0
35.6432,-156.0,176.0
35.6481,-19.0,176.0
35.654,133.0,176.0
35.6588,138.0,178.0
35.6633,1.0,178.0
35.6681,-192.0,180.0
35.6737,-164.0,184.0
35.6788,143.0,184.0
35.6836,266.0,188.0
35.6883,-40.0,186.0
35.6932,-284.0,190.0
35.6984,-59.0,186.0
35.7044,220.0,188.0
35.7081,107.0,184.0
35.7139,-103.0,184.0
35.7181,-66.0,178.0
35.7234,4.0,176.0
35.7285,-42.0,174.0
35.7345,10.0,172.0
35.7384,148.0,174.0
35.7432,50.0,174.0
35.7483,-183.0,176.0
35.7533,-112.0,176.0
35.7587,132.0,178.0
35.7636,93.0,176.0
35.7681,-54.0,176.0
35.7736,-1.0,174.0
35.7783,35.0,172.0
35.7834,-45.0,170.0
35.7887,-68.0,170.0
35.7936,-29.0,170.0
35.7981,57.0,170.0
35.8034,147.0,172.0
35.8084,37.0,172.0
35.8135,-176.0,174.0
35.8189,-144.0,174.0
35.8236,103.0,174.0
35.8284,182.0,174.0
35.8333,-33.0,174.0
35.8387,-166.0,174.0
35.8436,45.0,174.0
35.8483,142.0,174.0
35.8531,-103.0,174.0
35.8583,-95.0,176.0
35.8633,147.0,176.0
35.8681,-11.0,176.0
35.8735,-178.0,178.0
35.8788,127.0,180.0
35.8839,199.0,182.0
35.8884,-167.0,182.0
35.8932,-171.0,184.0
35.8983,138.0,184.0
35.9038,93.0,184.0
35.9082,-107.0,184.0
35.9136,-28.0,184.0
35.9184,92.0,184.0
35.9235,1.0,184.0
35.9285,-77.0,184.0
35.9337,24.0,182.0
35.9393,70.0,180.0
35.9435,-50.0,180.0
35.9483,-63.0,178.0
35.9532,49.0,178.0
35.9589,43.0,176.0
35.9637,-22.0,176.0
35.9681,-46.0,176.0
35.9733,-37.0,172.0
35.9784,78.0,172.0
35.9834,126.0,172.0
35.9887,-81.0,170.0
35.9938,-176.0,170.0
35.9983,33.0,170.0
36.0037,138.0,172.0
36.0083,13.0,170.0
36.0134,-68.0,172.0
36.0188,-18.0,172.0
36.0235,53.0,172.0
36.028,2.0,172.0
36.0337,-89.0,172.0
36.0383,10.0,172.0
36.0436,116.0,172.0
36.0481,-31.0,172.0
36.0531,-112.0,174.0
36.0581,57.0,174.0
36.0635,102.0,174.0
36.0683,-75.0,172.0
36.0738,-103.0,172.0
36.0787,94.0,170.0
36.0832,124.0,172.0
36.0881,-117.0,172.0
36.0931,-148.0,174.0
36.0982,116.0,174.0
36.1031,131.0,176.0
36.1081,-80.0,176.0
36.1131,-64.0,176.0
36.1182,41.0,176.0
36.1231,-1.0,174.0
36.1281,-23.0,174.0
36.1331,20.0,174.0
36.1381,19.0,174.0
36.1435,-5.0,172.0
36.1481,-16.0,170.0
36.1532,-18.0,168.0
36.1586,2.0,166.0
36.1631,36.0,164.0
36.1681,28.0,162.0
36.1731,-29.0,162.0
36.1781,-46.0,162.0
36.1831,-15.0,162.0
36.1885,22.0,160.0
36.1932,71.0,160.0
36.1981,31.0,158.0
36.2031,-108.0,158.0
36.2082,-87.0,160.0
36.2132,109.0,160.0
36.2182,137.0,162.0
36.2232,-56.0,162.0
36.2281,-174.0,164.0
36.2331,-66.0,164.0
36.2382,171.0,166.0
36.2432,225.0,168.0
36.2481,-103.0,168.0
36.2531,-318.0,172.0
36.2582,14.0,172.0
36.2637,287.0,176.0
36.2692,1.0,174.0
36.2734,-199.0,176.0
36.2781,99.0,178.0
36.2833,164.0,178.0
36.2881,-256.0,180.0
36.2933,-198.0,182.0
36.2982,375.0,186.0
36.3032,237.0,190.0
36.3083,-393.0,192.0
36.3133,-231.0,194.0
36.3181,309.0,196.0
36.3233,178.0,194.0
36.3282,-174.0,196.0
36.3333,-105.0,194.0
36.3383,54.0,194.0
36.3432,33.0,192.0
36.3487,-1.0,190.0
36.3533,31.0,188.0
36.3585,50.0,188.0
36.3632,-76.0,190.0
36.3682,-184.0,192.0
36.3732,74.0,192.0
36.3781,315.0,194.0
36.3831,-29.0,194.0
36.3885,-350.0,198.0
36.3933,-11.0,196.0
36.3981,264.0,198.0
36.4032,14.0,196.0
36.4081,-106.0,198.0
36.4133,19.0,198.0
36.4184,-34.0,198.0
36.4233,-62.0,198.0
36.4281,79.0,198.0
36.4331,87.0,198.0
36.4383,-12.0,198.0
36.4433,-68.0,196.0
36.4483,-67.0,198.0
36.4532,16.0,194.0
36.4582,33.0,194.0
36.4631,-9.0,192.0
36.4682,94.0,190.0
36.4734,103.0,192.0
36.4782,-166.0,192.0
36.4833,-219.0,194.0
36.4881,106.0,194.0
36.4931,219.0,196.0
36.4983,-17.0,194.0
36.5031,-90.0,194.0
36.5081,19.0,194.0
36.5132,-36.0,192.0
36.5181,-91.0,190.0
36.5231,50.0,188.0
36.5283,112.0,188.0
36.5332,0.0,184.0
36.5383,-48.0,184.0
36.5432,4.0,182.0
36.5481,15.0,180.0
36.5533,-68.0,182.0
36.5582,-106.0,182.0
36.5633,68.0,182.0
36.5682,244.0,186.0
36.5731,52.0,186.0
36.5781,-279.0,188.0
36.5833,-178.0,190.0
36.5883,177.0,192.0
36.5933,177.0,194.0
36.5981,-48.0,194.0
36.6032,-66.0,196.0
36.6081,4.0,194.0
36.6131,-25.0,194.0
36.6183,-38.0,194.0
36.6232,18.0,192.0
36.6281,65.0,192.0
36.6332,43.0,190.0
36.6381,-23.0,190.0
36.6433,-64.0,188.0
36.6483,-67.0,190.0
36.6532,-10.0,188.0
36.6586,126.0,190.0
36.6631,117.0,192.0
36.6681,-118.0,192.0
36.6736,-139.0,194.0
36.6782,100.0,196.0
36.6831,53.0,194.0
36.6881,-115.0,196.0
36.6932,46.0,194.0
36.6984,122.0,196.0
36.7033,-83.0,196.0
36.7082,-80.0,196.0
36.7133,77.0,194.0
36.7183,20.0,194.0
36.7232,-69.0,192.0
36.7281,-8.0,192.0
36.7333,55.0,190.0
36.7383,47.0,188.0
36.7432,-28.0,186.0
36.7481,-78.0,186.0
36.7531,20.0,186.0
36.7591,77.0,186.0
36.7631,-58.0,188.0
36.7682,-81.0,188.0
36.7731,99.0,190.0
36.7782,109.0,192.0
36.7832,-78.0,192.0
36.7889,-121.0,194.0
36.7933,-4.0,194.0
36.7981,68.0,194.0
36.8031,76.0,196.0
36.8082,28.0,196.0
36.8133,-88.0,196.0
36.8182,-98.0,198.0
36.8232,62.0,198.0
36.8281,125.0,200.0
36.8331,-35.0,200.0
36.8381,-169.0,202.0
36.8434,-25.0,200.0
36.8484,218.0,202.0
36.8532,145.0,202.0
36.8583,-167.0,202.0
36.8636,-228.0,206.0
36.8682,10.0,204.0
36.8735,175.0,204.0
36.8784,122.0,204.0
36.8831,-43.0,202.0
36.8881,-151.0,202.0
36.8931,-44.0,198.0
36.8983,117.0,200.0
36.9033,63.0,196.0
36.9082,-72.0,196.0
36.9133,-76.0,194.0
36.9183,8.0,194.0
36.9233,107.0,192.0
36.9282,90.0,190.0
36.9333,-109.0,188.0
36.9384,-191.0,186.0
36.9433,39.0,182.0
36.9481,221.0,180.0
36.9533,70.0,178.0
36.9583,-142.0,174.0
36.9632,-140.0,174.0
36.9682,3.0,172.0
36.9732,132.0,172.0
36.9781,113.0,172.0
36.9832,-57.0,174.0
36.9882,-160.0,176.0
36.9932,-59.0,176.0
36.9981,114.0,178.0
37.0031,151.0,178.0
37.0083,14.0,176.0
37.0133,-123.0,176.0
37.0181,-138.0,174.0
37.0231,-17.0,174.0
37.0281,149.0,170.0
37.0331,123.0,172.0
37.0381,-70.0,170.0
37.0431,-92.0,170.0
37.0481,42.0,170.0
37.0532,-1.0,170.0
37.0583,-126.0,170.0
37.0632,19.0,170.0
37.0681,225.0,172.0
37.0733,39.0,172.0
37.0781,-231.0,174.0
37.0833,-65.0,174.0
37.0882,174.0,176.0
37.093,22.0,176.0
37.0983,-145.0,178.0
37.1031,2.0,178.0
37.1082,146.0,178.0
37.1132,36.0,178.0
37.1181,-118.0,178.0
37.1231,-69.0,174.0
37.1283,57.0,174.0
37.1331,29.0,172.0
37.1382,-18.0,172.0
37.1431,65.0,170.0
37.1481,33.0,170.0
37.1531,-140.0,172.0
37.1582,-90.0,172.0
37.1631,106.0,174.0
37.1681,140.0,174.0
37.1734,59.0,174.0
37.1787,-104.0,176.0
37.1833,-232.0,180.0
37.1884,-24.0,180.0
37.1931,259.0,182.0
37.1983,129.0,182.0
37.2031,-157.0,184.0
37.2081,-111.0,182.0
37.2132,74.0,182.0
37.2183,6.0,178.0
37.2233,-79.0,176.0
37.2281,84.0,176.0
37.2332,126.0,174.0
37.2381,-116.0,176.0
37.2435,-152.0,176.0
37.2483,96.0,178.0
37.2533,119.0,180.0
37.2583,-50.0,180.0
37.2631,-23.0,180.0
37.2681,8.0,178.0
37.2736,-85.0,180.0
37.2785,15.0,180.0
37.2835,145.0,180.0
37.2881,-18.0,180.0
37.2943,-142.0,182.0
37.2983,5.0,180.0
37.3042,101.0,180.0
37.3081,0.0,178.0
37.3137,-43.0,176.0
37.3181,34.0,176.0
37.3231,11.0,174.0
37.3283,-94.0,174.0
37.3333,-22.0,174.0
37.3383,110.0,174.0
37.3433,12.0,172.0
37.3481,-54.0,172.0
37.3532,72.0,172.0
37.3584,-10.0,172.0
37.3633,-162.0,174.0
37.3682,26.0,174.0
37.3732,156.0,176.0
37.3781,-23.0,176.0
37.3832,-80.0,176.0
37.3883,43.0,176.0
37.3933,38.0,176.0
37.4006,-60.0,176.0
37.4031,-60.0,176.0
37.4082,31.0,174.0
37.4134,85.0,174.0
37.4183,11.0,172.0
37.4233,-72.0,172.0
37.4281,3.0,172.0
37.4331,69.0,172.0
37.4382,-76.0,172.0
37.4434,-118.0,172.0
37.4483,144.0,174.0
37.4532,181.0,176.0
37.4581,-158.0,178.0
37.4631,-202.0,180.0
37.4683,105.0,178.0
37.4734,160.0,180.0
37.4781,-15.0,178.0
37.4833,-70.0,180.0
37.4882,-54.0,176.0
37.4931,-6.0,174.0
37.4981,89.0,174.0
37.5033,31.0,170.0
37.5083,-106.0,172.0
37.5133,-34.0,170.0
37.5183,90.0,168.0
37.5232,46.0,168.0
37.5282,-17.0,166.0
37.5333,-27.0,166.0
37.5383,-61.0,166.0
37.5432,-46.0,166.0
37.5482,64.0,166.0
37.5531,109.0,166.0
37.5583,11.0,166.0
37.5633,-80.0,166.0
37.5683,-76.0,166.0
37.5733,-22.0,164.0
37.5781,61.0,162.0
37.5833,98.0,162.0
37.5882,9.0,160.0
37.5933,-75.0,160.0
37.5981,-56.0,158.0
37.6031,-21.0,156.0
37.608,46.0,158.0
37.6136,104.0,156.0
37.6183,-13.0,156.0
37.6233,-113.0,156.0
37.628,16.0,154.0
37.6332,70.0,154.0
37.6383,-79.0,154.0
37.6434,-47.0,152.0
37.6481,155.0,154.0
37.6532,75.0,154.0
37.6583,-165.0,154.0
37.6631,-107.0,154.0
37.6682,93.0,154.0
37.6733,71.0,154.0
37.6782,-13.0,152.0
37.6831,19.0,152.0
37.6881,-21.0,150.0
37.6931,-67.0,152.0
37.6982,31.0,150.0
37.7031,2.0,150.0
37.7081,-65.0,148.0
37.7131,145.0,150.0
37.7181,148.0,148.0
37.7231,-276.0,152.0
37.7283,-255.0,152.0
37.7333,305.0,158.0
37.7383,298.0,160.0
37.7433,-246.0,164.0
37.7481,-223.0,164.0
37.7531,189.0,166.0
37.7583,103.0,166.0
37.7633,-174.0,168.0
37.7681,-42.0,168.0
37.7732,155.0,170.0
37.7781,38.0,170.0
37.7831,-90.0,170.0
37.7884,-24.0,170.0
37.7933,24.0,168.0
37.7981,-10.0,168.0
37.8031,-45.0,166.0
37.8081,11.0,164.0
37.8133,160.0,166.0
37.8182,62.0,166.0
37.8232,-253.0,166.0
37.8281,-167.0,168.0
37.8331,224.0,168.0
37.8381,208.0,168.0
37.8442,-108.0,168.0
37.8483,-134.0,168.0
37.8531,-1.0,168.0
37.8582,-34.0,168.0
37.8631,41.0,166.0
37.8681,235.0,170.0
37.8735,30.0,168.0
37.8783,-377.0,172.0
37.8832,-192.0,172.0
37.8887,370.0,176.0
37.8932,300.0,180.0
37.8984,-211.0,182.0
37.9034,-204.0,184.0
37.9082,15.0,186.0
37.9132,-64.0,184.0
37.9181,84.0,186.0
37.9232,301.0,188.0
37.9283,-70.0,190.0
37.9333,-364.0,192.0
37.9381,29.0,192.0
37.9432,294.0,196.0
37.9481,-33.0,196.0
37.9531,-200.0,198.0
37.9582,75.0,200.0
37.9632,126.0,202.0
37.9681,-116.0,202.0
37.9732,-80.0,202.0
37.9781,105.0,202.0
37.9832,58.0,204.0
37.9883,-25.0,202.0
37.9933,-25.0,202.0
37.9981,-61.0,202.0
38.0031,-27.0,200.0
38.0082,77.0,202.0
38.0131,37.0,200.0
38.0183,-42.0,200.0
38.0231,24.0,200.0
38.0281,40.0,200.0
38.0331,-84.0,200.0
38.0381,-83.0,200.0
38.0432,74.0,200.0
38.0483,101.0,202.0
38.0532,-42.0,200.0
38.0583,-68.0,202.0
38.0631,75.0,202.0
38.068,56.0,202.0
38.0733,-165.0,204.0
38.0783,-151.0,206.0
38.0832,186.0,206.0
38.0881,305.0,208.0
38.0931,-59.0,206.0
38.0983,-345.0,210.0
38.1035,-108.0,208.0
38.1083,196.0,210.0
38.1132,129.0,210.0
38.1184,-4.0,210.0
38.123,22.0,208.0
38.1281,-40.0,208.0
38.1333,-183.0,210.0
38.1382,-84.0,210.0
38.1433,204.0,214.0
38.1482,248.0,216.0
38.1533,-79.0,216.0
38.1584,-308.0,220.0
38.1632,-76.0,220.0
38.1682,238.0,224.0
38.1732,156.0,226.0
38.1782,-118.0,226.0
38.1833,-174.0,228.0
38.1884,14.0,228.0
38.1932,194.0,230.0
38.1988,83.0,230.0
38.2031,-213.0,232.0
38.2094,-176.0,234.0
38.2139,192.0,236.0
38.2181,203.0,238.0
38.2232,-150.0,240.0
38.2281,-116.0,242.0
38.2331,140.0,242.0
38.2381,-32.0,242.0
38.2432,-172.0,244.0
38.2482,130.0,246.0
38.2531,203.0,248.0
38.2581,-116.0,248.0
38.2631,-188.0,250.0
38.2681,41.0,250.0
38.2734,120.0,252.0
38.2782,3.0,250.0
38.2832,-26.0,250.0
38.2881,33.0,248.0
38.2943,-66.0,248.0
38.2987,-142.0,248.0
38.3031,105.0,248.0
38.3081,224.0,250.0
38.3131,-53.0,248.0
38.3182,-144.0,252.0
38.3232,-16.0,250.0
38.3283,-65.0,252.0
38.3332,-10.0,250.0
38.3381,200.0,254.0
38.3431,99.0,254.0
38.3481,-145.0,256.0
38.3531,-112.0,256.0
38.3581,22.0,254.0
38.3632,24.0,250.0
38.3681,2.0,246.0
38.373,49.0,242.0
38.378,68.0,238.0
38.3831,-37.0,234.0
38.3885,-122.0,234.0
38.3932,7.0,230.0
38.3981,113.0,230.0
38.4031,-46.0,228.0
38.4081,-76.0,230.0
38.4131,119.0,228.0
38.4185,38.0,228.0
38.4232,-129.0,230.0
38.4281,19.0,230.0
38.4332,58.0,230.0
38.4381,-92.0,230.0
38.4432,24.0,230.0
38.4483,123.0,232.0
38.4532,-73.0,232.0
38.4581,-86.0,232.0
38.4634,101.0,230.0
38.4683,25.0,226.0
38.4733,-116.0,226.0
38.478,-4.0,222.0
38.4831,90.0,222.0
38.488,15.0,220.0
38.4931,-16.0,220.0
38.4991,15.0,220.0
38.5031,-40.0,220.0
38.5082,-110.0,218.0
38.5131,18.0,218.0
38.5182,192.0,214.0
38.5232,65.0,212.0
38.5283,-187.0,210.0
38.5332,-153.0,208.0
38.538,90.0,206.0
38.5432,191.0,206.0
38.5483,33.0,206.0
38.5531,-157.0,208.0
38.5584,-104.0,208.0
38.5632,71.0,204.0
38.5681,89.0,204.0
38.5732,27.0,198.0
38.5781,-18.0,198.0
38.5831,-100.0,196.0
38.5884,-59.0,196.0
38.5934,134.0,196.0
38.5981,92.0,196.0
38.6031,-161.0,196.0
38.6082,-70.0,196.0
38.6133,199.0,198.0
38.6183,22.0,196.0
38.6231,-216.0,198.0
38.6281,23.0,198.0
38.6331,185.0,200.0
38.6382,-65.0,200.0
38.6433,-128.0,202.0
38.6483,96.0,202.0
38.6533,81.0,204.0
38.6582,-99.0,204.0
38.6631,-59.0,204.0
38.6681,73.0,206.0
38.6734,48.0,204.0
38.6783,-45.0,204.0
38.6833,-22.0,204.0
38.6881,46.0,202.0
38.6931,-36.0,202.0
38.6984,-73.0,202.0
38.7031,110.0,204.0
38.7083,94.0,204.0
38.7131,-151.0,204.0
38.7183,-85.0,202.0
38.7233,148.0,202.0
38.7282,48.0,198.0
38.7332,-121.0,198.0
38.7382,-13.0,194.0
38.7431,79.0,194.0
38.748,0.0,190.0
38.7531,-13.0,188.0
38.7583,11.0,188.0
38.7631,-65.0,188.0
38.7681,-37.0,188.0
38.7731,115.0,188.0
38.7781,57.0,188.0
38.7833,-111.0,186.0
38.7882,-40.0,182.0
38.7931,74.0,182.0
38.7981,-8.0,178.0
38.8031,-41.0,178.0
38.8081,49.0,174.0
38.8131,18.0,172.0
38.8181,-51.0,172.0
38.8231,24.0,168.0
38.8281,25.0,170.0
38.8331,-78.0,168.0
38.8381,5.0,166.0
38.8431,84.0,164.0
38.8482,-55.0,162.0
38.8531,-31.0,160.0
38.8582,128.0,158.0
38.8631,-15.0,156.0
38.8683,-168.0,158.0
38.8735,24.0,156.0
38.8783,129.0,156.0
38.884,-29.0,154.0
38.888,-50.0,154.0
38.8931,50.0,152.0
38.8983,-9.0,150.0
38.9033,-64.0,148.0
38.9081,31.0,148.0
38.913,61.0,146.0
38.918,-30.0,146.0
38.9231,-62.0,148.0
38.9282,6.0,146.0
38.9333,65.0,146.0
38.9382,39.0,146.0
38.9432,-48.0,144.0
38.9483,-72.0,142.0
38.9531,17.0,142.0
38.9586,62.0,140.0
38.9633,-1.0,140.0
38.9682,-27.0,140.0
38.9732,6.0,140.0
38.9781,1.0,136.0
38.9831,-20.0,134.0
38.9882,0.0,132.0
38.9932,29.0,132.0
38.9981,17.0,132.0
39.0032,-22.0,132.0
39.0081,-40.0,132.0
39.0135,1.0,132.0
39.0181,55.0,130.0
39.0233,24.0,130.0
39.0281,-61.0,130.0
39.0331,-53.0,130.0
39.0381,57.0,130.0
39.0431,84.0,130.0
39.0483,-46.0,130.0
39.0531,-102.0,130.0
39.0583,40.0,130.0
39.0633,99.0,128.0
39.0681,-46.0,130.0
39.0732,-79.0,130.0
39.0782,42.0,128.0
39.0832,27.0,130.0
39.0881,-14.0,128.0
39.0931,70.0,128.0
39.0982,-1.0,126.0
39.1034,-171.0,128.0
39.1083,-24.0,128.0
39.1131,189.0,128.0
39.118,57.0,128.0
39.1232,-116.0,130.0
39.1282,-47.0,130.0
39.1333,39.0,130.0
39.138,3.0,130.0
39.1431,-18.0,130.0
39.1485,19.0,128.0
39.1531,28.0,128.0
39.1584,14.0,126.0
39.1632,-11.0,124.0
39.1681,-79.0,124.0
39.1731,-34.0,122.0
39.1781,114.0,122.0
39.1831,67.0,120.0
39.1886,-90.0,120.0
39.1933,-59.0,120.0
39.1981,40.0,118.0
39.2031,24.0,118.0
39.2081,-6.0,116.0
39.213,3.0,116.0
39.2186,-4.0,116.0
39.2231,-11.0,114.0
39.2289,5.0,114.0
39.233,18.0,112.0
39.2382,-6.0,110.0
39.2432,-32.0,108.0
39.2481,1.0,106.0
39.2532,18.0,104.0
39.2582,1.0,104.0
39.2634,41.0,102.0
39.2681,20.0,102.0
39.2734,-103.0,100.0
39.2782,-59.0,100.0
39.2833,101.0,100.0
39.2881,79.0,98.0
39.2932,-31.0,98.0
39.2982,-55.0,98.0
39.3031,-50.0,98.0
39.3081,10.0,96.0
39.3131,91.0,98.0
39.3181,3.0,96.0
39.3232,-100.0,98.0
39.3281,31.0,98.0
39.3332,115.0,98.0
39.3383,-69.0,98.0
39.3434,-143.0,100.0
39.3483,48.0,98.0
39.3532,150.0,98.0
39.3587,28.0,98.0
39.3636,-105.0,96.0
39.3683,-87.0,98.0
39.3732,26.0,96.0
39.3781,65.0,96.0
39.3831,27.0,96.0
39.3881,9.0,96.0
39.3933,-22.0,96.0
39.4017,-61.0,96.0
39.4031,3.0,96.0
39.4081,39.0,96.0
39.4131,-46.0,94.0
39.4182,19.0,94.0
39.4232,153.0,94.0
39.4281,-24.0,94.0
39.4332,-218.0,96.0
39.4382,-45.0,98.0
39.4431,171.0,100.0
39.4483,98.0,100.0
39.4531,-85.0,102.0
39.4581,-72.0,102.0
39.4632,68.0,102.0
39.4681,12.0,102.0
39.4733,-125.0,102.0
39.4781,2.0,102.0
39.4832,164.0,104.0
39.4882,41.0,104.0
39.4933,-100.0,106.0
39.4982,-76.0,104.0
39.5033,-35.0,104.0
39.5082,35.0,102.0
39.5132,124.0,104.0
39.5182,49.0,102.0
39.5234,-97.0,104.0
39.5286,-76.0,104.0
39.533,7.0,104.0
39.5382,17.0,104.0
39.5431,32.0,104.0
39.5481,30.0,104.0
39.5532,-6.0,102.0
39.5582,9.0,102.0
39.5632,13.0,102.0
39.5682,-84.0,102.0
39.5732,-101.0,102.0
39.5781,90.0,104.0
39.5833,178.0,106.0
39.5884,-8.0,104.0
39.5932,-117.0,106.0
39.5983,-73.0,106.0
39.6032,-82.0,108.0
39.6081,52.0,108.0
39.6134,263.0,112.0
39.6183,72.0,114.0
39.6232,-275.0,118.0
39.6281,-189.0,120.0
39.6332,136.0,122.0
39.6382,195.0,124.0
39.6438,1.0,124.0
39.6481,-105.0,126.0
39.6546,-27.0,126.0
39.6583,22.0,126.0
39.6632,-18.0,126.0
39.6818,-23.0,124.0
39.6821,40.0,124.0
39.6823,93.0,124.0
39.6833,-31.0,124.0
39.6884,-169.0,126.0
39.6934,42.0,126.0
39.6983,197.0,128.0
39.7032,-70.0,128.0
39.7093,-151.0,128.0
39.7133,82.0,128.0
39.7182,55.0,130.0
39.7232,-83.0,130.0
39.7281,20.0,130.0
39.7331,80.0,130.0
39.7383,-30.0,130.0
39.7433,-53.0,128.0
39.7482,-5.0,128.0
39.7532,-7.0,126.0
39.7582,42.0,126.0
39.7631,82.0,124.0
39.7682,-34.0,124.0
39.7733,-116.0,126.0
39.7781,-35.0,126.0
39.7831,58.0,126.0
39.7884,114.0,128.0
39.7932,66.0,130.0
39.7982,-132.0,130.0
39.8031,-173.0,134.0
39.8082,69.0,134.0
39.8132,221.0,136.0
39.8181,66.0,136.0
39.8233,-205.0,138.0
39.8283,-228.0,140.0
39.8332,111.0,140.0
39.8381,299.0,144.0
39.8433,27.0,144.0
39.8482,-190.0,148.0
39.8532,-107.0,150.0
39.8581,-31.0,150.0
39.8632,58.0,150.0
39.8682,181.0,154.0
39.8732,65.0,154.0
39.8782,-153.0,156.0
39.8833,-142.0,158.0
39.8882,33.0,158.0
39.8934,128.0,160.0
39.8982,9.0,160.0
39.9037,-81.0,160.0
39.9082,65.0,162.0
39.9131,61.0,160.0
39.9182,-158.0,162.0
39.9232,-55.0,162.0
39.9282,184.0,164.0
39.9333,31.0,164.0
39.9382,-158.0,164.0
39.9432,-26.0,164.0
39.9482,133.0,166.0
39.9533,86.0,166.0
39.9583,-124.0,168.0
39.9632,-170.0,170.0
39.9682,124.0,170.0
39.9732,185.0,172.0
39.9782,-142.0,174.0
39.9831,-106.0,172.0
39.9882,174.0,174.0
39.9932,10.0,172.0
39.9983,-184.0,174.0
40.0032,27.0,174.0
40.0081,144.0,174.0
40.0132,-33.0,174.0
40.0189,-89.0,174.0
40.0231,73.0,176.0
40.0281,76.0,176.0
40.0331,-123.0,178.0
40.0381,-112.0,178.0
40.0432,117.0,180.0
40.0483,154.0,182.0
40.0532,-45.0,182.0
40.0582,-174.0,184.0
40.0632,-36.0,184.0
40.0684,170.0,186.0
40.0731,76.0,184.0
40.0782,-157.0,184.0
40.0831,-84.0,184.0
40.088,138.0,184.0
40.093,104.0,184.0
40.0984,-89.0,184.0
40.1037,-123.0,186.0
40.1088,12.0,186.0
40.1135,85.0,186.0
40.1182,12.0,186.0
40.1232,-8.0,182.0
40.1285,91.0,184.0
40.1339,-3.0,182.0
40.14,-291.0,186.0
40.1431,-112.0,186.0
40.1489,431.0,192.0
40.1533,276.0,196.0
40.1584,-377.0,200.0
40.1637,-322.0,204.0
40.1688,179.0,206.0
40.1732,192.0,208.0
40.1782,-6.0,208.0
40.1837,3.0,208.0
40.1885,-48.0,208.0
40.1936,-128.0,210.0
40.1985,22.0,210.0
40.2041,136.0,212.0
40.2082,7.0,210.0
40.2133,-64.0,210.0
40.2188,-2.0,208.0
40.2239,-11.0,206.0
40.2285,-10.0,206.0
40.2336,49.0,206.0
40.2383,-9.0,204.0
40.2448,-90.0,204.0
40.2485,32.0,204.0
40.2533,184.0,202.0
40.2583,21.0,202.0
40.2634,-272.0,202.0
40.2684,-141.0,202.0
40.2733,250.0,202.0
40.2784,204.0,204.0
40.2831,-118.0,204.0
40.2882,-129.0,206.0
40.2933,-31.0,206.0
40.2986,-24.0,206.0
40.3033,131.0,208.0
40.309,133.0,208.0
40.3138,-175.0,210.0
40.3183,-115.0,212.0
40.3232,190.0,214.0
40.3284,-13.0,212.0
40.334,-224.0,214.0
40.3388,139.0,214.0
40.3444,271.0,216.0
40.349,-154.0,216.0
40.3531,-255.0,220.0
40.3587,69.0,220.0
40.3637,136.0,220.0
40.3682,7.0,220.0
40.3731,16.0,220.0
40.3782,-3.0,218.0
40.3835,-87.0,220.0
40.3884,-44.0,220.0
40.3933,52.0,220.0
40.3982,57.0,220.0
40.4033,0.0,220.0
40.4083,-25.0,220.0
40.4134,0.0,218.0
40.419,2.0,216.0
40.423,-24.0,216.0
40.4286,-3.0,214.0
40.4333,20.0,214.0
40.4383,-6.0,212.0
40.4434,0.0,210.0
40.4503,52.0,210.0
40.4534,15.0,206.0
40.4584,-99.0,206.0
40.4633,-55.0,204.0
40.4682,93.0,202.0
40.4736,53.0,200.0
40.4787,-50.0,198.0
40.483,7.0,196.0
40.4883,30.0,194.0
40.4932,-68.0,194.0
40.4982,-54.0,194.0
40.5038,88.0,194.0
40.5086,89.0,194.0
40.5137,-80.0,194.0
40.5182,-96.0,192.0
40.5234,76.0,192.0
40.5282,79.0,192.0
40.5332,-76.0,192.0
40.5387,-51.0,192.0
40.543,49.0,192.0
40.5494,7.0,190.0
40.5536,1.0,190.0
40.5592,51.0,188.0
40.5633,-28.0,188.0
40.5689,-93.0,186.0
40.5732,11.0,186.0
40.5782,86.0,184.0
40.5834,2.0,184.0
40.5886,-49.0,182.0
40.5937,25.0,182.0
40.5982,29.0,180.0
40.6031,-57.0,178.0
40.6083,-28.0,178.0
40.6133,45.0,176.0
40.619,6.0,172.0
40.6237,-9.0,172.0
40.6282,42.0,170.0
40.6333,-13.0,170.0
40.6383,-74.0,168.0
40.6433,15.0,168.0
40.6494,64.0,166.0
40.6535,-21.0,166.0
40.6582,-38.0,166.0
40.6633,41.0,164.0
40.6683,33.0,164.0
40.674,-55.0,162.0
40.6788,-43.0,162.0
40.6837,33.0,160.0
40.6882,18.0,158.0
40.6933,21.0,158.0
40.6982,62.0,156.0
40.7037,-53.0,156.0
40.7081,-147.0,156.0
40.7141,25.0,156.0
40.7181,157.0,156.0
40.7232,27.0,154.0
40.7289,-80.0,154.0
40.7341,-35.0,152.0
40.738,-11.0,152.0
40.7432,-4.0,150.0
40.7483,62.0,150.0
40.7538,20.0,150.0
40.7586,-104.0,150.0
40.7641,30.0,152.0
40.7681,184.0,152.0
40.773,-96.0,154.0
40.7783,-274.0,154.0
40.7833,114.0,154.0
40.7886,298.0,152.0
40.7937,-94.0,148.0
40.7983,-226.0,146.0
40.8031,80.0,142.0
40.8083,102.0,142.0
40.8133,-81.0,140.0
40.8189,3.0,140.0
40.8236,72.0,140.0
40.8282,-53.0,140.0
40.8341,-35.0,140.0
40.8384,59.0,140.0
40.8437,-30.0,138.0
40.8485,-58.0,140.0
40.8542,101.0,140.0
40.8586,82.0,140.0
40.8633,-132.0,142.0
40.8684,-130.0,144.0
40.8732,98.0,146.0
40.8783,176.0,148.0
40.8833,-21.0,146.0
40.8881,-188.0,150.0
40.893,-51.0,148.0
40.8984,146.0,150.0
40.9032,86.0,146.0
40.9081,-67.0,146.0
40.9132,-96.0,142.0
40.9181,-23.0,140.0
40.9232,115.0,140.0
40.9281,113.0,140.0
40.9333,-134.0,142.0
40.9383,-164.0,144.0
40.9432,123.0,144.0
40.9482,124.0,144.0
40.9532,-106.0,142.0
40.9583,-15.0,140.0
40.9632,133.0,140.0
40.9681,-55.0,140.0
40.9732,-180.0,140.0
40.978,24.0,138.0
40.9832,166.0,136.0
40.9889,52.0,134.0
40.9934,-71.0,132.0
40.9981,-86.0,132.0
41.0031,-34.0,130.0
41.0081,60.0,132.0
41.0131,80.0,132.0
41.0181,-39.0,132.0
41.0231,-62.0,132.0
41.028,73.0,132.0
41.033,28.0,132.0
41.0383,-153.0,134.0
41.0431,-20.0,134.0
41.0482,228.0,138.0
41.0531,44.0,138.0
41.0587,-251.0,142.0
41.0632,-70.0,142.0
41.0684,208.0,146.0
41.0733,77.0,146.0
41.0781,-121.0,148.0
41.083,-67.0,150.0
41.088,23.0,150.0
41.093,50.0,150.0
41.0981,56.0,150.0
41.1031,-31.0,148.0
41.1082,-81.0,148.0
41.1131,23.0,148.0
41.1182,39.0,148.0
41.123,-37.0,148.0
41.1281,47.0,148.0
41.1331,64.0,148.0
41.1383,-125.0,150.0
41.1433,-86.0,150.0
41.1483,142.0,150.0
41.1531,81.0,150.0
41.1583,-101.0,150.0
41.163,-40.0,150.0
41.1693,52.0,150.0
41.173,-9.0,148.0
41.1781,-15.0,148.0
41.1831,41.0,148.0
41.1884,-31.0,148.0
41.1932,-53.0,150.0
41.1981,82.0,150.0
41.2031,35.0,150.0
41.2082,-103.0,150.0
41.2131,24.0,150.0
41.2181,94.0,150.0
41.2232,-93.0,152.0
41.2281,-88.0,152.0
41.233,112.0,154.0
41.2381,93.0,154.0
41.2431,-58.0,154.0
41.2481,-74.0,156.0
41.2531,-26.0,156.0
41.2581,6.0,156.0
41.263,64.0,156.0
41.2701,65.0,156.0
41.2733,-24.0,156.0
41.278,-70.0,156.0
41.283,-26.0,156.0
41.2881,17.0,156.0
41.2931,19.0,156.0
41.2981,15.0,156.0
41.3031,17.0,156.0
41.3081,-7.0,154.0
41.3132,-24.0,154.0
41.318,9.0,154.0
41.3231,1.0,154.0
41.3284,-48.0,154.0
41.3332,16.0,154.0
41.3381,94.0,154.0
41.3432,-24.0,154.0
41.3481,-132.0,154.0
41.353,28.0,154.0
41.3584,165.0,154.0
41.3632,-8.0,154.0
41.3681,-161.0,154.0
41.3731,-21.0,154.0
41.3781,103.0,156.0
41.3837,12.0,156.0
41.3884,-41.0,156.0
41.393,40.0,156.0
41.3981,30.0,154.0
41.4032,-87.0,156.0
41.4081,-57.0,154.0
41.4131,93.0,154.0
41.4183,72.0,150.0
41.4231,-87.0,150.0
41.4281,-64.0,146.0
41.4331,103.0,146.0
41.4381,64.0,144.0
41.4431,-112.0,144.0
41.4481,-74.0,144.0
41.4531,72.0,144.0
41.458,63.0,144.0
41.4632,-2.0,144.0
41.4682,-20.0,144.0
41.4732,-34.0,144.0
41.4781,-11.0,142.0
41.4832,16.0,142.0
41.488,-7.0,142.0
41.4931,7.0,140.0
41.4982,54.0,140.0
41.5032,-5.0,138.0
41.5082,-77.0,136.0
41.5131,10.0,136.0
41.518,64.0,134.0
41.5232,-50.0,134.0
41.5281,-39.0,132.0
41.5332,100.0,132.0
41.5382,20.0,130.0
41.5431,-128.0,132.0
41.5481,0.0,130.0
41.5532,123.0,130.0
41.5582,-29.0,130.0
41.5633,-87.0,130.0
41.5682,79.0,130.0
41.5731,41.0,128.0
41.5782,-138.0,128.0
41.5831,-16.0,126.0
41.5884,156.0,126.0
41.593,18.0,126.0
41.598,-99.0,126.0
41.6032,-28.0,124.0
41.608,-7.0,124.0
41.6132,36.0,122.0
41.6183,108.0,124.0
41.6233,-35.0,122.0
41.6281,-142.0,122.0
41.6331,19.0,122.0
41.6383,83.0,122.0
41.6431,-8.0,122.0
41.6482,21.0,120.0
41.6532,31.0,120.0
41.6583,-81.0,120.0
41.663,-59.0,120.0
41.6682,72.0,120.0
41.674,42.0,120.0
41.6783,-55.0,120.0
41.6832,0.0,118.0
41.688,67.0,116.0
41.693,-10.0,116.0
41.6982,-66.0,112.0
41.7033,-5.0,112.0
41.7081,23.0,108.0
41.7133,-9.0,108.0
41.718,13.0,106.0
41.723,54.0,106.0
41.7282,12.0,106.0
41.7331,-65.0,106.0
41.7384,-71.0,106.0
41.743,10.0,106.0
41.7481,83.0,106.0
41.7532,64.0,106.0
41.7583,-25.0,106.0
41.7632,-84.0,108.0
41.7682,-41.0,108.0
41.7731,48.0,106.0
41.778,60.0,106.0
41.7843,-19.0,104.0
41.7883,-49.0,104.0
41.7933,31.0,102.0
41.798,61.0,102.0
41.8032,-56.0,102.0
41.808,-98.0,102.0
41.8132,59.0,104.0
41.8183,123.0,106.0
41.8232,-39.0,106.0
41.8281,-117.0,106.0
41.8331,14.0,106.0
41.8381,76.0,106.0
41.8433,0.0,106.0
41.8482,1.0,104.0
41.8531,18.0,104.0
41.8582,-85.0,104.0
41.8631,-76.0,104.0
41.8684,119.0,104.0
41.8733,124.0,104.0
41.8782,-86.0,104.0
41.883,-98.0,104.0
41.888,43.0,104.0
41.893,25.0,104.0
41.8983,-43.0,104.0
41.9032,8.0,104.0
41.9081,69.0,104.0
41.9132,22.0,104.0
41.9181,-71.0,104.0
41.9231,-53.0,104.0
41.928,40.0,104.0
41.9332,21.0,104.0
41.9381,-15.0,104.0
41.9431,45.0,104.0
41.9482,21.0,106.0
41.9532,-72.0,106.0
41.9585,-33.0,106.0
41.9633,43.0,106.0
41.968,18.0,106.0
41.9732,-3.0,106.0
41.9781,20.0,106.0
41.983,-18.0,106.0
41.9886,-62.0,104.0
41.9931,24.0,104.0
41.9981,99.0,102.0
42.0031,-6.0,102.0
42.0081,-121.0,102.0
42.0131,-43.0,102.0
42.0183,110.0,102.0
42.0235,99.0,104.0
42.028,-58.0,104.0
42.0331,-127.0,106.0
42.0381,-11.0,106.0
42.0431,121.0,106.0
42.0482,52.0,106.0
42.0531,-105.0,106.0
42.0581,-49.0,106.0
42.0632,80.0,106.0
42.0681,11.0,104.0
42.0733,-42.0,104.0
42.0783,43.0,104.0
42.0833,11.0,102.0
42.0882,-77.0,102.0
42.093,0.0,100.0
42.098,59.0,100.0
42.1032,-1.0,100.0
42.1083,-11.0,100.0
42.1132,-9.0,100.0
42.118,-24.0,100.0
42.1231,37.0,100.0
42.1282,36.0,102.0
42.1332,-72.0,102.0
42.1382,-25.0,102.0
42.1432,105.0,104.0
42.1481,-5.0,102.0
42.1532,-122.0,104.0
42.158,42.0,104.0
42.1632,100.0,104.0
42.1681,-73.0,104.0
42.173,-42.0,104.0
42.178,102.0,106.0
42.1831,-14.0,104.0
42.1882,-119.0,106.0
42.1932,28.0,104.0
42.198,92.0,104.0
42.203,-7.0,104.0
42.2081,-6.0,102.0
42.2131,0.0,102.0
42.2185,-91.0,102.0
42.2231,-33.0,102.0
42.2281,134.0,100.0
42.233,72.0,102.0
42.2382,-113.0,102.0
42.2432,-62.0,102.0
42.2481,65.0,104.0
42.2531,3.0,102.0
42.2581,-18.0,102.0
42.2632,58.0,102.0
42.2681,-10.0,100.0
42.2733,-83.0,100.0
42.2781,1.0,100.0
42.2832,60.0,100.0
42.2881,45.0,100.0
42.2931,-3.0,100.0
42.298,-77.0,100.0
42.3045,-44.0,100.0
42.3081,47.0,100.0
42.3133,31.0,100.0
42.3182,3.0,98.0
42.323,26.0,100.0
42.3281,-11.0,98.0
42.3331,-40.0,98.0
42.3383,12.0,98.0
42.343,-34.0,98.0
42.3481,-77.0,100.0
42.3532,115.0,100.0
42.3581,158.0,104.0
42.3631,-84.0,104.0
42.3681,-108.0,104.0
42.3731,-68.0,106.0
42.3781,-142.0,106.0
42.3831,220.0,110.0
42.3883,464.0,116.0
42.3931,-274.0,118.0
42.3981,-635.0,128.0
42.4031,254.0,130.0
42.4081,561.0,138.0
42.4131,-235.0,142.0
42.4181,-331.0,146.0
42.4232,249.0,150.0
42.428,99.0,150.0
42.433,-263.0,154.0
42.438,32.0,154.0
42.4433,229.0,156.0
42.4481,-43.0,156.0
42.4531,-130.0,156.0
42.4581,-10.0,154.0
42.463,9.0,154.0
42.4681,39.0,154.0
42.4734,46.0,154.0
42.4782,-16.0,152.0
42.4832,12.0,152.0
42.488,1.0,152.0
42.4932,-109.0,154.0
42.4993,-16.0,154.0
42.5032,128.0,154.0
42.508,4.0,152.0
42.5133,-62.0,152.0
42.5182,61.0,150.0
42.5231,-7.0,150.0
42.5283,-111.0,150.0
42.5332,43.0,150.0
42.5382,88.0,152.0
42.5432,-51.0,152.0
42.548,-11.0,152.0
42.5532,41.0,152.0
42.5581,-97.0,152.0
42.5632,-40.0,152.0
42.5681,207.0,154.0
42.5731,83.0,156.0
42.5781,-224.0,158.0
42.5833,-137.0,160.0
42.5883,91.0,162.0
42.5932,98.0,162.0
42.598,91.0,162.0
42.6031,60.0,162.0
42.6082,-167.0,166.0
42.6132,-210.0,168.0
42.6182,135.0,170.0
42.623,216.0,174.0
42.628,-126.0,174.0
42.6331,-121.0,176.0
42.6381,178.0,176.0
42.6432,67.0,178.0
42.6483,-189.0,178.0
42.6532,-80.0,180.0
42.6582,107.0,180.0
42.6631,80.0,180.0
42.6681,-14.0,178.0
42.6733,-50.0,178.0
42.6782,-19.0,178.0
42.6834,55.0,176.0
42.688,35.0,176.0
42.6931,-91.0,176.0
42.6981,-77.0,176.0
42.7035,79.0,176.0
42.7082,100.0,178.0
42.7132,-2.0,178.0
42.718,-44.0,178.0
42.7232,-59.0,178.0
42.7282,-53.0,178.0
42.7332,46.0,178.0
42.7381,100.0,178.0
42.743,4.0,178.0
42.748,-62.0,180.0
42.7532,-27.0,180.0
42.7583,2.0,180.0
42.7633,26.0,180.0
42.7682,10.0,180.0
42.7731,-42.0,178.0
42.7781,18.0,178.0
42.7832,70.0,178.0
42.7884,-41.0,178.0
42.7939,-61.0,178.0
42.798,49.0,178.0
42.803,1.0,176.0
42.808,-67.0,176.0
42.8131,53.0,176.0
42.8182,96.0,176.0
42.8232,-56.0,176.0
42.828,-99.0,176.0
42.833,40.0,176.0
42.8382,44.0,176.0
42.8431,-60.0,176.0
42.8481,38.0,178.0
42.8531,99.0,178.0
42.858,-89.0,178.0
42.8631,-108.0,180.0
42.8683,99.0,180.0
42.8733,75.0,180.0
42.8782,-101.0,180.0
42.8832,-15.0,178.0
42.8881,110.0,180.0
42.893,-59.0,180.0
42.8981,-110.0,182.0
42.9038,157.0,184.0
42.9081,91.0,184.0
42.913,-284.0,188.0
42.918,-85.0,188.0
42.923,385.0,194.0
42.9282,122.0,196.0
42.9333,-388.0,202.0
42.9383,-163.0,202.0
42.9433,316.0,206.0
42.948,146.0,208.0
42.9532,-267.0,212.0
42.9583,-66.0,212.0
42.9633,273.0,216.0
42.9682,-20.0,216.0
42.9732,-282.0,220.0
42.978,51.0,222.0
42.9831,232.0,224.0
42.9884,-22.0,224.0
42.9932,-104.0,224.0
42.9981,-12.0,222.0
43.0042,-58.0,220.0
43.008,10.0,220.0
43.0132,193.0,222.0
43.0182,29.0,220.0
43.0231,-247.0,220.0
43.0281,-60.0,214.0
43.0331,208.0,212.0
43.038,9.0,202.0
43.0433,-127.0,200.0
43.0482,124.0,194.0
43.0531,90.0,192.0
43.0582,-237.0,190.0
43.0633,-119.0,188.0
43.0681,230.0,190.0
43.0735,156.0,188.0
43.0783,-113.0,190.0
43.0831,-132.0,188.0
43.088,-17.0,188.0
43.093,23.0,186.0
43.098,73.0,188.0
43.1031,110.0,188.0
43.1089,-36.0,188.0
43.1133,-175.0,190.0
43.1182,-31.0,190.0
43.1231,146.0,192.0
43.1281,73.0,194.0
43.1333,-84.0,194.0
43.1382,-109.0,196.0
43.1432,45.0,194.0
43.148,178.0,196.0
43.153,-22.0,196.0
43.1584,-263.0,200.0
43.1633,-14.0,200.0
43.1681,304.0,202.0
43.1732,78.0,202.0
43.1781,-275.0,206.0
43.1833,-179.0,208.0
43.1883,180.0,210.0
43.1933,290.0,214.0
43.1981,-49.0,214.0
43.203,-324.0,218.0
43.208,-22.0,214.0
43.2136,230.0,218.0
43.2181,-41.0,214.0
43.2232,-102.0,214.0
43.2287,172.0,216.0
43.2331,60.0,214.0
43.2381,-219.0,216.0
43.2433,-83.0,216.0
43.2483,145.0,216.0
43.2531,75.0,214.0
43.2583,-50.0,214.0
43.2633,-29.0,210.0
43.2682,14.0,208.0
43.2732,19.0,206.0
43.2782,-19.0,204.0
43.2831,-83.0,204.0
43.288,-6.0,202.0
43.2931,167.0,204.0
43.2981,96.0,202.0
43.3034,-169.0,204.0
43.3084,-168.0,206.0
43.3138,75.0,208.0
43.3181,122.0,208.0
43.323,-14.0,208.0
43.3281,7.0,208.0
43.3333,95.0,208.0
43.3383,-90.0,208.0
43.3433,-224.0,210.0
43.348,78.0,210.0
43.3531,205.0,214.0
43.3582,-63.0,214.0
43.3632,-11.0,212.0
43.3681,134.0,214.0
43.3731,-170.0,216.0
43.3781,-233.0,218.0
43.3831,192.0,220.0
43.3883,236.0,224.0
43.3931,-90.0,224.0
43.3981,-126.0,226.0
43.4031,-13.0,226.0
43.4081,10.0,226.0
43.4138,60.0,226.0
43.4187,32.0,226.0
43.423,-67.0,226.0
43.428,-30.0,226.0
43.433,38.0,226.0
43.4381,39.0,226.0
43.4431,35.0,226.0
43.4482,-43.0,226.0
43.4531,-106.0,226.0
43.4583,3.0,226.0
43.463,93.0,226.0
43.4682,59.0,226.0
43.4733,12.0,226.0
43.4783,-78.0,226.0
43.4831,-131.0,226.0
43.4881,39.0,226.0
43.493,187.0,228.0
43.4982,13.0,226.0
43.5033,-192.0,228.0
43.5082,-54.0,228.0
43.5133,179.0,230.0
43.5188,105.0,230.0
43.5231,-136.0,232.0
43.5282,-162.0,232.0
43.533,47.0,232.0
43.5382,172.0,232.0
43.5431,36.0,230.0
43.5482,-110.0,232.0
43.553,-52.0,228.0
43.558,37.0,226.0
43.5632,13.0,220.0
43.5682,-14.0,220.0
43.5732,10.0,214.0
43.578,17.0,212.0
43.5832,3.0,206.0
43.5881,-3.0,204.0
43.5932,-11.0,200.0
43.5983,-4.0,198.0
43.603,-17.0,194.0
43.608,-42.0,196.0
43.6132,43.0,192.0
43.6194,119.0,192.0
43.6231,-9.0,190.0
43.6281,-129.0,190.0
43.6331,-55.0,190.0
43.6382,34.0,190.0
43.6433,55.0,190.0
43.6482,78.0,192.0
43.6531,19.0,188.0
43.6582,-103.0,190.0
43.6634,-75.0,188.0
43.6682,47.0,186.0
43.6733,67.0,184.0
43.6782,13.0,184.0
43.6833,-51.0,184.0
43.688,-31.0,182.0
43.6933,60.0,182.0
43.6982,-2.0,178.0
43.7032,-55.0,178.0
43.7081,91.0,174.0
43.7132,15.0,172.0
43.718,-204.0,174.0
43.723,0.0,172.0
43.7283,249.0,176.0
43.7333,45.0,176.0
43.7381,-167.0,178.0
43.7431,-86.0,178.0
43.7483,18.0,176.0
43.753,53.0,174.0
43.7583,73.0,176.0
43.7631,13.0,174.0
43.7681,-66.0,174.0
43.773,-37.0,172.0
43.7781,34.0,172.0
43.7832,37.0,172.0
43.7883,-52.0,170.0
43.7931,-70.0,170.0
43.7981,105.0,168.0
43.8031,122.0,170.0
43.808,-122.0,166.0
43.8131,-118.0,168.0
43.8182,78.0,164.0
43.824,27.0,162.0
43.8281,-26.0,160.0
43.8332,85.0,156.0
43.8381,10.0,156.0
43.8432,-122.0,152.0
43.8482,13.0,152.0
43.8531,75.0,150.0
43.8582,-109.0,150.0
43.8632,-30.0,150.0
43.8681,228.0,150.0
43.8733,54.0,150.0
43.8783,-236.0,150.0
43.8833,-111.0,152.0
43.888,106.0,150.0
43.893,116.0,152.0
43.8981,39.0,150.0
43.9031,-63.0,152.0
43.9082,-102.0,152.0
43.9131,-6.0,152.0
43.918,85.0,154.0
43.9231,78.0,154.0
43.9285,-16.0,154.0
43.9333,-135.0,154.0
43.9383,-79.0,154.0
43.9433,122.0,152.0
43.9483,131.0,152.0
43.953,-25.0,150.0
43.9582,-76.0,150.0
43.9632,-69.0,152.0
43.9682,-37.0,152.0
43.9731,82.0,152.0
43.9781,112.0,152.0
43.9832,-48.0,148.0
43.9885,-134.0,150.0
43.9932,41.0,148.0
43.9981,166.0,148.0
44.0031,-52.0,150.0
44.0081,-221.0,150.0
44.0132,33.0,148.0
44.0187,236.0,148.0
44.023,-9.0,146.0
44.029,-185.0,146.0
44.0334,25.0,144.0
44.038,118.0,144.0
44.0431,-61.0,144.0
44.0483,-83.0,146.0
44.0531,79.0,146.0
44.058,82.0,146.0
44.063,-92.0,148.0
44.0681,-91.0,148.0
44.0734,129.0,150.0
44.0781,85.0,150.0
44.083,-183.0,152.0
44.088,-72.0,154.0
44.093,212.0,154.0
44.0981,72.0,156.0
44.1031,-168.0,158.0
44.1081,-66.0,158.0
44.1131,44.0,158.0
44.118,5.0,156.0
44.123,72.0,156.0
44.1281,99.0,156.0
44.1331,-49.0,154.0
44.1382,-120.0,156.0
44.1435,-108.0,154.0
44.148,-36.0,154.0
44.153,232.0,156.0
44.1581,267.0,158.0
44.1632,-210.0,160.0
44.1695,-375.0,162.0
44.1733,116.0,164.0
44.178,307.0,166.0
44.1832,-71.0,166.0
44.1885,-169.0,166.0
44.1932,90.0,168.0
44.1982,68.0,168.0
44.2031,-105.0,170.0
44.208,-9.0,170.0
44.2131,85.0,170.0
44.2182,-44.0,172.0
44.2231,-57.0,172.0
44.2281,97.0,174.0
44.233,31.0,174.0
44.238,-130.0,176.0
44.2432,0.0,176.0
44.2485,150.0,178.0
44.2531,-22.0,176.0
44.258,-162.0,178.0
44.263,4.0,178.0
44.268,158.0,178.0
44.2733,56.0,178.0
44.2783,-124.0,180.0
44.2833,-108.0,180.0
44.288,63.0,180.0
44.293,73.0,180.0
44.2983,-25.0,180.0
44.3032,64.0,180.0
44.3081,72.0,180.0
44.3131,-193.0,182.0
44.3181,-174.0,184.0
44.323,179.0,186.0
44.3283,219.0,190.0
44.3333,-40.0,188.0
44.3381,-148.0,192.0
44.3431,-85.0,192.0
44.348,36.0,190.0
44.353,120.0,192.0
44.3582,17.0,190.0
44.3632,-94.0,190.0
44.3681,-24.0,188.0
44.373,43.0,188.0
44.378,57.0,186.0
44.383,37.0,184.0
44.3886,-112.0,186.0
44.3932,-132.0,188.0
44.398,124.0,188.0
44.4031,174.0,190.0
44.408,-92.0,192.0
44.4134,-128.0,192.0
44.4181,78.0,194.0
44.4232,47.0,194.0
44.428,-112.0,194.0
44.433,-19.0,194.0
44.4383,157.0,194.0
44.4432,56.0,194.0
44.4482,-177.0,194.0
44.4531,-76.0,194.0
44.4582,196.0,196.0
44.4633,4.0,196.0
44.4685,-283.0,200.0
44.4738,87.0,200.0
44.4787,448.0,206.0
44.4837,-55.0,204.0
44.4883,-566.0,214.0
44.4932,-111.0,214.0
44.4985,512.0,220.0
44.5042,248.0,224.0
44.508,-310.0,226.0
44.5136,-216.0,228.0
44.5183,104.0,226.0
44.523,43.0,224.0
44.5284,-15.0,224.0
44.5334,135.0,224.0
44.5387,56.0,224.0
44.5437,-189.0,226.0
44.5482,-168.0,226.0
44.5532,88.0,228.0
44.5587,295.0,232.0
44.5636,107.0,232.0
44.568,-392.0,238.0
44.5736,-320.0,240.0
44.5786,367.0,244.0
44.5833,443.0,250.0
44.5885,-189.0,250.0
44.5936,-363.0,256.0
44.598,3.0,254.0
44.6032,137.0,256.0
44.6083,54.0,256.0
44.6134,34.0,256.0
44.618,-44.0,254.0
44.6232,-66.0,254.0
44.628,54.0,254.0
44.633,50.0,254.0
44.6382,-36.0,252.0
44.6433,-78.0,252.0
44.6482,-79.0,250.0
44.6536,109.0,252.0
44.6584,238.0,252.0
44.6632,-56.0,252.0
44.6684,-309.0,254.0
44.6731,-55.0,254.0
44.6782,223.0,256.0
44.6835,101.0,256.0
44.6883,-56.0,256.0
44.6932,-2.0,254.0
44.6983,-51.0,254.0
44.704,-183.0,256.0
44.7082,23.0,254.0
44.7133,314.0,258.0
44.7182,103.0,258.0
44.7233,-283.0,260.0
44.728,-208.0,262.0
44.7336,131.0,260.0
44.7388,200.0,262.0
44.7434,23.0,260.0
44.7482,-97.0,260.0
44.7533,-110.0,262.0
44.7585,-19.0,262.0
44.7636,120.0,262.0
44.768,77.0,262.0
44.7732,-89.0,262.0
44.7787,-58.0,262.0
44.7834,72.0,262.0
44.788,7.0,260.0
44.7936,-73.0,258.0
44.798,38.0,254.0
44.8033,45.0,252.0
44.8082,-95.0,248.0
44.8135,25.0,246.0
44.8181,186.0,244.0
44.8237,-83.0,244.0
44.828,-273.0,246.0
44.833,84.0,246.0
44.8384,269.0,250.0
44.8433,-65.0,248.0
44.8486,-153.0,250.0
44.8535,90.0,252.0
44.8587,23.0,250.0
44.8633,-143.0,252.0
44.8684,21.0,250.0
44.8737,158.0,252.0
44.8783,0.0,250.0
44.8835,-106.0,252.0
44.8882,28.0,250.0
44.8932,28.0,250.0
44.8984,-175.0,250.0
44.903,-1.0,250.0
44.9088,347.0,254.0
44.9139,48.0,254.0
44.9183,-379.0,258.0
44.9232,-103.0,258.0
44.9283,239.0,260.0
44.933,85.0,260.0
44.9381,-58.0,262.0
44.9436,-3.0,260.0
44.9482,-38.0,260.0
44.953,-66.0,258.0
44.9584,45.0,256.0
44.9637,72.0,254.0
44.968,-39.0,252.0
44.9734,-44.0,252.0
44.9785,89.0,250.0
44.9834,82.0,250.0
44.9881,-168.0,252.0
44.9936,-222.0,254.0
44.9982,154.0,256.0
45.0034,331.0,260.0
45.0082,-22.0,260.0
45.0136,-262.0,264.0
45.0181,-87.0,264.0
45.0234,74.0,264.0
45.028,64.0,264.0
45.0331,53.0,262.0
45.038,48.0,260.0
45.0434,-33.0,258.0
45.0484,-106.0,258.0
45.053,-54.0,258.0
45.0586,10.0,256.0
45.0632,75.0,258.0
45.0683,166.0,258.0
45.0736,17.0,258.0
45.0787,-238.0,260.0
45.0836,-132.0,260.0
45.0883,133.0,260.0
45.0934,143.0,260.0
45.0983,18.0,258.0
45.1034,-43.0,258.0
45.1084,-72.0,256.0
45.1135,-40.0,254.0
45.1183,32.0,248.0
45.1232,5.0,248.0
45.1283,-1.0,238.0
45.1336,102.0,238.0
45.1381,66.0,232.0
45.1431,-153.0,230.0
45.1483,-211.0,228.0
45.1532,89.0,226.0
45.1586,320.0,230.0
45.1633,19.0,230.0
45.1682,-297.0,234.0
45.1733,-70.0,232.0
45.1787,178.0,234.0
45.1833,26.0,232.0
45.1884,-72.0,230.0
45.1932,54.0,230.0
45.1981,40.0,226.0
45.2037,-81.0,226.0
45.2084,-45.0,220.0
45.2134,21.0,216.0
45.2187,11.0,210.0
45.2235,67.0,204.0
45.2281,80.0,202.0
45.2335,-97.0,198.0
45.2384,-151.0,200.0
45.243,61.0,200.0
45.2491,123.0,200.0
45.253,-49.0,200.0
45.2589,-43.0,200.0
45.2638,105.0,202.0
45.2681,15.0,200.0
45.2739,-160.0,202.0
45.2782,-54.0,202.0
45.2838,137.0,204.0
45.2883,99.0,204.0
45.2933,-47.0,202.0
45.2984,-108.0,200.0
45.3045,-50.0,200.0
45.308,87.0,198.0
45.3136,117.0,198.0
45.3182,-43.0,196.0
45.3233,-138.0,196.0
45.3284,-4.0,196.0
45.3337,112.0,198.0
45.3386,-6.0,196.0
45.3434,-56.0,194.0
45.3481,103.0,196.0
45.3532,16.0,190.0
45.3583,-209.0,192.0
45.3636,-13.0,188.0
45.368,233.0,188.0
45.3736,23.0,188.0
45.3782,-181.0,186.0
45.3832,-32.0,186.0
45.3888,125.0,188.0
45.3939,60.0,186.0
45.398,-102.0,188.0
45.4047,-115.0,188.0
45.4082,95.0,188.0
45.4134,176.0,190.0
45.4188,-90.0,190.0
45.4237,-193.0,192.0
45.428,95.0,194.0
45.4336,133.0,194.0
45.4384,-125.0,196.0
45.4432,-38.0,196.0
45.4483,161.0,196.0
45.453,0.0,196.0
45.4583,-162.0,196.0
45.4636,-46.0,196.0
45.4681,108.0,192.0
45.4731,91.0,192.0
45.478,-46.0,190.0
45.4831,-39.0,188.0
45.4881,78.0,188.0
45.493,-60.0,188.0
45.4981,-228.0,190.0
45.5032,46.0,188.0
45.5081,332.0,194.0
45.5131,113.0,192.0
45.518,-223.0,196.0
45.5231,-232.0,198.0
45.5282,-15.0,198.0
45.5333,163.0,200.0
45.5382,153.0,200.0
45.543,7.0,200.0
45.5481,-107.0,196.0
45.5531,-121.0,198.0
45.5584,7.0,192.0
45.5633,136.0,192.0
45.568,1.0,188.0
45.5731,-127.0,190.0
45.578,69.0,190.0
45.5831,151.0,192.0
45.5885,-92.0,192.0
45.5933,-169.0,194.0
45.598,6.0,194.0
45.603,114.0,194.0
45.608,109.0,196.0
45.613,-7.0,194.0
45.6186,-156.0,196.0
45.6232,-47.0,196.0
45.628,137.0,194.0
45.633,-1.0,192.0
45.6381,-118.0,190.0
45.6433,97.0,186.0
45.6483,122.0,188.0
45.6531,-154.0,186.0
45.6582,-133.0,188.0
45.6632,155.0,188.0
45.6682,153.0,190.0
45.6735,-144.0,192.0
45.6783,-200.0,194.0
45.6832,140.0,196.0
45.6881,258.0,198.0
45.693,-117.0,198.0
45.6981,-263.0,202.0
45.7035,69.0,202.0
45.7082,184.0,204.0
45.7131,-32.0,204.0
45.718,-74.0,200.0
45.7231,31.0,200.0
45.7281,-1.0,198.0
45.7333,-48.0,196.0
45.738,46.0,196.0
45.743,49.0,196.0
45.7482,-82.0,196.0
45.753,-27.0,196.0
45.7581,106.0,198.0
45.7631,-2.0,198.0
45.7689,-109.0,198.0
45.773,29.0,198.0
45.778,78.0,198.0
45.7832,-53.0,196.0
45.7883,-8.0,194.0
45.7932,87.0,194.0
45.798,-53.0,190.0
45.803,-125.0,190.0
45.808,63.0,188.0
45.8131,162.0,188.0
45.818,-44.0,186.0
45.823,-244.0,190.0
45.828,22.0,190.0
45.833,395.0,194.0
45.8382,18.0,194.0
45.8432,-518.0,200.0
45.8482,-50.0,200.0
45.8532,485.0,208.0
45.8581,-8.0,208.0
45.8631,-319.0,212.0
45.8681,148.0,214.0
45.8741,158.0,214.0
45.8785,-234.0,216.0
45.8831,-58.0,216.0
45.888,187.0,216.0
45.893,-21.0,216.0
45.8982,-63.0,216.0
45.9042,108.0,216.0
45.9081,-74.0,218.0
45.913,-187.0,218.0
45.918,223.0,220.0
45.923,245.0,222.0
45.9282,-344.0,226.0
45.9332,-239.0,228.0
45.9382,377.0,232.0
45.9432,140.0,234.0
45.9482,-337.0,238.0
45.9532,-10.0,236.0
45.9583,273.0,240.0
45.9633,-54.0,238.0
45.9681,-199.0,242.0
45.9741,31.0,240.0
45.978,116.0,242.0
45.9832,52.0,242.0
45.9883,-29.0,242.0
45.9933,-172.0,244.0
45.9981,-62.0,242.0
46.0031,272.0,246.0
46.008,144.0,244.0
46.013,-260.0,248.0
46.0182,-159.0,248.0
46.023,129.0,248.0
46.0281,75.0,248.0
46.0332,16.0,248.0
46.038,38.0,246.0
46.0431,-82.0,246.0
46.0481,-89.0,246.0
46.0531,58.0,244.0
46.0581,48.0,244.0
46.0633,15.0,240.0
46.068,53.0,240.0
46.0733,-90.0,240.0
46.0797,-168.0,240.0
46.0836,128.0,242.0
46.088,256.0,242.0
46.0931,-120.0,244.0
46.0981,-302.0,246.0
46.1031,58.0,246.0
46.1081,288.0,250.0
46.1131,55.0,250.0
46.1182,-196.0,252.0
46.1231,-167.0,254.0
46.128,61.0,254.0
46.1331,192.0,256.0
46.138,29.0,252.0
46.143,-108.0,254.0
46.1485,-15.0,248.0
46.1532,-22.0,246.0
46.1583,-76.0,244.0
46.1632,129.0,242.0
46.1681,160.0,246.0
46.1732,-201.0,246.0
46.178,-188.0,246.0
46.1834,243.0,250.0
46.1883,162.0,250.0
46.1931,-208.0,252.0
46.198,-71.0,254.0
46.2031,91.0,252.0
46.2081,-80.0,254.0
46.2131,9.0,252.0
46.2182,217.0,254.0
46.2232,-42.0,252.0
46.2281,-256.0,256.0
46.2331,75.0,254.0
46.2381,240.0,258.0
46.2433,-132.0,258.0
46.2483,-285.0,260.0
46.2531,95.0,262.0
46.2582,360.0,264.0
46.263,69.0,266.0
46.2682,-320.0,268.0
46.2735,-159.0,270.0
46.2783,164.0,272.0
46.2843,10.0,270.0
46.2884,-76.0,270.0
46.2937,221.0,270.0
46.2985,143.0,270.0
46.3032,-267.0,272.0
46.3083,-232.0,274.0
46.3132,102.0,272.0
46.318,233.0,274.0
46.3232,87.0,272.0
46.3282,-202.0,272.0
46.3333,-169.0,272.0
46.338,189.0,272.0
46.3432,128.0,272.0
46.3481,-149.0,272.0
46.3532,15.0,272.0
46.3582,100.0,272.0
46.3633,-181.0,274.0
46.3681,-118.0,276.0
46.3731,231.0,278.0
46.3783,173.0,280.0
46.3842,-111.0,282.0
46.3884,-148.0,282.0
46.3932,-72.0,284.0
46.398,16.0,282.0
46.403,177.0,284.0
46.408,103.0,284.0
46.4132,-166.0,286.0
46.4184,-99.0,288.0
46.423,73.0,288.0
46.428,-9.0,288.0
46.433,99.0,288.0
46.4381,133.0,288.0
46.4433,-311.0,292.0
46.4482,-199.0,294.0
46.4531,419.0,298.0
46.4583,176.0,300.0
46.4631,-348.0,302.0
46.4682,-74.0,302.0
46.4733,195.0,300.0
46.4782,-27.0,300.0
46.4833,-69.0,292.0
46.4887,53.0,292.0
46.493,-33.0,286.0
46.4982,0.0,286.0
46.5032,147.0,282.0
46.5082,-78.0,282.0
46.5132,-248.0,282.0
46.518,133.0,282.0
46.523,300.0,286.0
46.5281,-142.0,284.0
46.5332,-286.0,288.0
46.5381,111.0,290.0
46.5432,180.0,290.0
46.5481,-88.0,290.0
46.5531,7.0,288.0
46.5581,121.0,286.0
46.5632,-176.0,286.0
46.5681,-179.0,282.0
46.5732,214.0,282.0
46.578,178.0,280.0
46.5833,-134.0,278.0
46.5884,-86.0,276.0
46.5931,73.0,276.0
46.598,-38.0,272.0
46.603,-149.0,274.0
46.6081,101.0,272.0
46.6133,340.0,278.0
46.6182,-37.0,276.0
46.6233,-491.0,282.0
46.6281,-123.0,284.0
46.633,460.0,288.0
46.6382,266.0,292.0
46.6432,-257.0,292.0
46.6482,-290.0,294.0
46.6531,20.0,290.0
46.6582,195.0,290.0
46.6631,117.0,290.0
46.6681,-63.0,290.0
46.6735,-107.0,292.0
46.6782,-21.0,292.0
46.6832,-27.0,290.0
46.688,24.0,290.0
46.6931,224.0,292.0
46.6982,52.0,292.0
46.7033,-363.0,298.0
46.7084,-170.0,300.0
46.7131,319.0,304.0
46.718,231.0,304.0
46.7231,-118.0,304.0
46.728,-176.0,302.0
46.7333,-81.0,302.0
46.738,86.0,298.0
46.7433,192.0,300.0
46.7483,-46.0,298.0
46.7532,-260.0,300.0
46.7583,-1.0,298.0
46.763,305.0,300.0
46.7681,127.0,300.0
46.7732,-243.0,302.0
46.7783,-224.0,304.0
46.7831,58.0,304.0
46.7884,140.0,306.0
46.793,87.0,306.0
46.7986,66.0,306.0
46.8035,-69.0,306.0
46.8084,-182.0,306.0
46.8133,-15.0,302.0
46.8181,136.0,302.0
46.8231,36.0,298.0
46.8282,-54.0,298.0
46.8331,-16.0,294.0
46.838,32.0,294.0
46.8431,23.0,292.0
46.8481,-55.0,292.0
46.8532,-27.0,292.0
46.8582,88.0,290.0
46.8631,-51.0,290.0
46.8682,-128.0,288.0
46.8733,192.0,290.0
46.8781,146.0,288.0
46.8831,-251.0,290.0
46.8881,-71.0,288.0
46.8934,182.0,288.0
46.8981,-121.0,284.0
46.9039,-120.0,286.0
46.9081,304.0,286.0
46.9131,163.0,286.0
46.9182,-311.0,288.0
46.923,-232.0,292.0
46.9281,152.0,292.0
46.9331,217.0,292.0
46.9383,9.0,290.0
46.943,-144.0,288.0
46.948,-67.0,286.0
46.9532,91.0,286.0
46.9581,51.0,282.0
46.9631,-31.0,282.0
46.968,31.0,280.0
46.973,-87.0,278.0
46.978,-232.0,278.0
46.9832,151.0,280.0
46.9882,459.0,284.0
46.9931,-35.0,284.0
46.998,-495.0,290.0
47.003,-150.0,290.0
47.0081,295.0,292.0
47.0131,213.0,292.0
47.0184,-54.0,290.0
47.023,-146.0,292.0
47.028,-48.0,290.0
47.033,77.0,290.0
47.0382,9.0,290.0
47.0433,-76.0,288.0
47.0481,80.0,288.0
47.0531,130.0,286.0
47.0581,-127.0,288.0
47.063,-199.0,290.0
47.0684,69.0,290.0
47.0734,226.0,292.0
47.0781,64.0,292.0
47.0831,-175.0,290.0
47.0881,-170.0,288.0
47.093,87.0,284.0
47.0981,180.0,284.0
47.1031,-34.0,278.0
47.1083,-111.0,280.0
47.1131,52.0,276.0
47.118,14.0,276.0
47.1232,-141.0,278.0
47.1282,39.0,278.0
47.1332,252.0,282.0
47.1382,-1.0,282.0
47.1432,-289.0,284.0
47.148,-80.0,284.0
47.1532,192.0,282.0
47.1581,87.0,282.0
47.1631,-12.0,278.0
47.1681,29.0,276.0
47.1733,-115.0,272.0
47.178,-179.0,274.0
47.1832,123.0,272.0
47.1884,241.0,276.0
47.1932,-72.0,276.0
47.1981,-208.0,278.0
47.2035,37.0,276.0
47.208,148.0,276.0
47.2131,-16.0,272.0
47.218,-75.0,270.0
47.2232,-21.0,268.0
47.228,-9.0,268.0
47.233,59.0,268.0
47.238,51.0,268.0
47.2432,-85.0,266.0
47.2482,-38.0,266.0
47.2531,118.0,262.0
47.2581,22.0,262.0
47.2633,-160.0,256.0
47.2682,-45.0,256.0
47.2734,179.0,250.0
47.2782,114.0,248.0
47.2832,-122.0,246.0
47.288,-219.0,246.0
47.293,-50.0,246.0
47.2983,285.0,248.0
47.3034,293.0,250.0
47.308,-227.0,252.0
47.3145,-448.0,258.0
47.3182,82.0,258.0
47.323,408.0,264.0
47.3281,19.0,264.0
47.3333,-252.0,266.0
47.3382,-25.0,264.0
47.3433,114.0,260.0
47.348,5.0,258.0
47.3531,-9.0,254.0
47.3583,-18.0,250.0
47.3633,-141.0,250.0
47.368,16.0,248.0
47.373,371.0,252.0
47.378,82.0,252.0
47.383,-579.0,258.0
47.3883,-238.0,262.0
47.3932,633.0,268.0
47.3981,286.0,272.0
47.4054,-532.0,276.0
47.408,-132.0,276.0
47.4131,394.0,278.0
47.4181,-134.0,276.0
47.4232,-317.0,280.0
47.428,339.0,284.0
47.433,297.0,286.0
47.438,-366.0,292.0
47.4431,-233.0,294.0
47.4483,256.0,296.0
47.4531,67.0,296.0
47.458,-154.0,296.0
47.4631,78.0,296.0
47.4687,126.0,298.0
47.4732,-22.0,298.0
47.478,-56.0,298.0
47.483,-192.0,302.0
47.488,-181.0,304.0
47.493,306.0,308.0
47.498,452.0,314.0
47.5033,-194.0,316.0
47.5083,-505.0,322.0
47.5129,4.0,318.0
47.5181,326.0,322.0
47.5231,91.0,318.0
47.5285,-108.0,320.0
47.5332,-82.0,318.0
47.538,-31.0,316.0
47.543,42.0,316.0
47.5481,108.0,312.0
47.553,-30.0,310.0
47.5581,-147.0,308.0
47.563,64.0,304.0
47.568,150.0,304.0
47.5732,-112.0,304.0
47.5781,-143.0,306.0
47.5832,123.0,304.0
47.5881,177.0,306.0
47.593,-67.0,306.0
47.598,-232.0,308.0
47.603,-38.0,310.0
47.6081,206.0,312.0
47.6132,102.0,312.0
47.6181,-80.0,310.0
47.6231,-40.0,308.0
47.6281,-26.0,302.0
47.6331,-142.0,302.0
47.638,-22.0,296.0
47.6432,358.0,298.0
47.648,243.0,298.0
47.6531,-472.0,302.0
47.6582,-470.0,308.0
47.6633,422.0,312.0
47.6686,461.0,320.0
47.6731,-324.0,324.0
47.678,-184.0,326.0
47.6832,339.0,330.0
47.688,-99.0,330.0
47.693,-425.0,334.0
47.698,155.0,336.0
47.7036,394.0,338.0
47.708,-46.0,338.0
47.7132,-209.0,338.0
47.7182,-56.0,338.0
47.723,6.0,334.0
47.7281,117.0,334.0
47.733,147.0,334.0
47.7381,-136.0,334.0
47.7431,-305.0,338.0
47.7479,31.0,338.0
47.753,422.0,344.0
47.758,188.0,346.0
47.763,-352.0,350.0
47.768,-322.0,354.0
47.773,104.0,352.0
47.778,221.0,354.0
47.7831,103.0,352.0
47.7881,6.0,350.0
47.7944,-122.0,350.0
47.7981,-139.0,350.0
47.8031,41.0,350.0
47.8084,96.0,352.0
47.8131,-29.0,350.0
47.8195,37.0,348.0
47.823,141.0,348.0
47.8281,-141.0,346.0
47.833,-293.0,350.0
47.8381,155.0,350.0
47.8431,352.0,354.0
47.8483,-125.0,354.0
47.8531,-272.0,358.0
47.8582,133.0,360.0
47.8631,141.0,360.0
47.868,-173.0,364.0
47.8735,-76.0,364.0
47.8782,159.0,366.0
47.8832,108.0,366.0
47.888,-74.0,366.0
47.8931,-205.0,368.0
47.8982,29.0,368.0
47.9033,348.0,370.0
47.9082,-101.0,372.0
47.9131,-512.0,376.0
47.918,202.0,378.0
47.923,608.0,386.0
47.9282,-243.0,386.0
47.933,-518.0,394.0
47.9381,263.0,394.0
47.943,255.0,392.0
47.9482,-304.0,394.0
47.953,8.0,386.0
47.9582,309.0,390.0
47.9631,-143.0,386.0
47.9681,-220.0,390.0
47.9732,171.0,388.0
47.9781,52.0,388.0
47.9831,-164.0,390.0
47.9886,131.0,392.0
47.9932,142.0,394.0
47.998,-273.0,398.0
48.003,-93.0,396.0
48.0081,320.0,402.0
48.0131,31.0,396.0
48.0182,-235.0,398.0
48.0241,24.0,390.0
48.028,58.0,386.0
48.033,-64.0,378.0
48.0381,102.0,376.0
48.0433,82.0,368.0
48.0482,-151.0,368.0
48.0531,-53.0,364.0
48.058,72.0,362.0
48.063,-60.0,358.0
48.068,93.0,354.0
48.0731,286.0,354.0
48.078,-246.0,352.0
48.0831,-539.0,358.0
48.088,256.0,358.0
48.093,611.0,366.0
48.0981,-133.0,366.0
48.1031,-381.0,370.0
48.1082,59.0,368.0
48.1132,16.0,368.0
48.118,-147.0,370.0
48.123,182.0,370.0
48.1281,286.0,372.0
48.1332,-116.0,368.0
48.1381,-307.0,366.0
48.1431,-41.0,364.0
48.148,201.0,360.0
48.153,113.0,362.0
48.1583,-128.0,358.0
48.1632,-128.0,358.0
48.1681,193.0,360.0
48.1733,216.0,362.0
48.178,-291.0,366.0
48.1832,-331.0,370.0
48.1885,270.0,374.0
48.1932,266.0,376.0
48.1982,-165.0,378.0
48.2031,26.0,376.0
48.208,126.0,376.0
48.2132,-324.0,380.0
48.2181,-191.0,380.0
48.2232,372.0,384.0
48.2292,216.0,384.0
48.2334,-159.0,386.0
48.238,-63.0,384.0
48.243,-96.0,384.0
48.2493,-206.0,384.0
48.2531,209.0,386.0
48.2581,413.0,392.0
48.263,-167.0,394.0
48.268,-443.0,400.0
48.2732,47.0,398.0
48.278,302.0,402.0
48.2833,53.0,398.0
48.2881,-90.0,396.0
48.293,-73.0,390.0
48.2983,-57.0,382.0
48.3032,30.0,376.0
48.3081,73.0,370.0
48.313,15.0,366.0
48.3183,4.0,362.0
48.323,-39.0,358.0
48.3293,-119.0,358.0
48.334,24.0,352.0
48.3381,250.0,354.0
48.3431,55.0,348.0
48.3482,-359.0,354.0
48.353,-144.0,352.0
48.3581,385.0,358.0
48.3632,133.0,360.0
48.3681,-342.0,364.0
48.3732,-18.0,360.0
48.378,297.0,364.0
48.3831,-85.0,360.0
48.3884,-277.0,364.0
48.3932,103.0,358.0
48.3982,266.0,360.0
48.4032,-35.0,356.0
48.408,-221.0,354.0
48.4136,-120.0,354.0
48.4181,76.0,352.0
48.4232,318.0,354.0
48.428,185.0,358.0
48.433,-392.0,362.0
48.438,-419.0,366.0
48.443,215.0,370.0
48.4482,388.0,374.0
48.4531,37.0,374.0
48.4581,-38.0,374.0
48.463,-59.0,372.0
48.4681,-359.0,376.0
48.4732,-167.0,374.0
48.4781,464.0,378.0
48.4831,338.0,378.0
48.488,-247.0,380.0
48.493,-230.0,380.0
48.4982,-3.0,378.0
48.5033,-41.0,376.0
48.5082,39.0,374.0
48.5132,216.0,376.0
48.518,107.0,376.0
48.5231,-182.0,376.0
48.528,-205.0,378.0
48.5344,69.0,376.0
48.5381,128.0,378.0
48.5431,-70.0,374.0
48.548,10.0,372.0
48.5531,198.0,368.0
48.5581,-52.0,366.0
48.5632,-285.0,360.0
48.568,-2.0,356.0
48.573,211.0,352.0
48.578,42.0,348.0
48.583,-37.0,344.0
48.588,0.0,340.0
48.5932,-97.0,342.0
48.5981,-90.0,338.0
48.6031,148.0,338.0
48.6081,164.0,338.0
48.6132,-159.0,336.0
48.6182,-178.0,338.0
48.6231,149.0,338.0
48.628,86.0,338.0
48.6331,-124.0,338.0
48.6386,101.0,334.0
48.6438,115.0,336.0
48.6484,-265.0,334.0
48.6531,-104.0,336.0
48.6581,294.0,336.0
48.663,38.0,336.0
48.6681,-226.0,340.0
48.6735,39.0,338.0
48.6782,163.0,340.0
48.6832,-27.0,340.0
48.6881,-116.0,338.0
48.693,-72.0,338.0
48.6982,54.0,338.0
48.7032,162.0,340.0
48.7083,-19.0,338.0
48.7132,-211.0,338.0
48.718,60.0,334.0
48.7232,254.0,330.0
48.728,-145.0,328.0
48.7332,-301.0,324.0
48.7391,201.0,324.0
48.7432,323.0,324.0
48.7481,-179.0,326.0
48.7532,-280.0,330.0
48.7581,60.0,328.0
48.7632,143.0,328.0
48.7681,111.0,326.0
48.773,56.0,324.0
48.778,-233.0,324.0
48.7832,-210.0,326.0
48.7884,237.0,326.0
48.7932,219.0,328.0
48.798,-159.0,328.0
48.803,-93.0,328.0
48.808,98.0,326.0
48.8131,-40.0,324.0
48.8181,-77.0,320.0
48.823,73.0,316.0
48.828,35.0,312.0
48.833,-15.0,308.0
48.8381,51.0,306.0
48.844,-36.0,308.0
48.848,-125.0,308.0
48.8532,8.0,302.0
48.8581,108.0,300.0
48.863,87.0,296.0
48.8682,18.0,294.0
48.8732,-136.0,292.0
48.878,-167.0,294.0
48.8831,15.0,294.0
48.8881,163.0,292.0
48.8931,208.0,292.0
48.8984,53.0,288.0
48.9032,-304.0,290.0
48.9082,-291.0,286.0
48.9132,187.0,288.0
48.918,313.0,290.0
48.923,-15.0,288.0
48.9282,-123.0,290.0
48.9331,-56.0,288.0
48.9382,-81.0,290.0
48.9431,42.0,290.0
48.948,153.0,290.0
48.953,-44.0,292.0
48.9581,-84.0,292.0
48.963,109.0,294.0
48.9681,-25.0,292.0
48.9732,-183.0,294.0
48.978,48.0,292.0
48.9829,178.0,294.0
48.9882,31.0,288.0
48.9931,-75.0,286.0
48.998,-103.0,282.0
49.0031,-28.0,280.0
49.008,95.0,278.0
49.013,42.0,278.0
49.0181,-64.0,274.0
49.023,-9.0,272.0
49.028,70.0,270.0
49.0331,39.0,268.0
49.038,-50.0,266.0
49.0433,-121.0,266.0
49.0484,-65.0,264.0
49.053,131.0,264.0
49.0581,185.0,266.0
49.0631,-33.0,262.0
49.0681,-187.0,262.0
49.0736,-59.0,256.0
49.0782,100.0,252.0
49.083,62.0,248.0
49.088,-31.0,244.0
49.093,-6.0,242.0
49.0983,30.0,242.0
49.1033,-34.0,242.0
49.1082,-74.0,238.0
49.1131,16.0,236.0
49.1179,95.0,230.0
49.1232,41.0,226.0
49.1283,-57.0,222.0
49.1338,-47.0,220.0
49.1385,20.0,220.0
49.1433,-27.0,220.0
49.1495,-68.0,220.0
49.1534,86.0,218.0
49.1585,146.0,218.0
49.163,-62.0,216.0
49.1682,-139.0,216.0
49.173,21.0,214.0
49.1787,57.0,214.0
49.183,-34.0,212.0
49.1884,-11.0,212.0
49.1932,57.0,210.0
49.1979,48.0,210.0
49.2035,-30.0,206.0
49.2082,-122.0,208.0
49.2134,-13.0,206.0
49.2188,182.0,208.0
49.2237,-5.0,208.0
49.228,-230.0,210.0
49.2335,69.0,210.0
49.2385,259.0,212.0
49.2436,-86.0,212.0
49.2482,-222.0,212.0
49.2531,30.0,210.0
49.2584,97.0,210.0
49.2632,30.0,208.0
49.2686,49.0,208.0
49.273,-24.0,206.0
49.2785,-117.0,206.0
49.283,-47.0,204.0
49.2879,62.0,202.0
49.2932,110.0,202.0
49.2982,34.0,198.0
49.3038,-103.0,198.0
49.3081,-50.0,196.0
49.3132,53.0,196.0
49.3182,-5.0,194.0
49.3233,-8.0,194.0
49.3283,11.0,192.0
49.3343,-43.0,192.0
49.338,84.0,192.0
49.3432,124.0,192.0
49.348,-212.0,194.0
49.3538,-204.0,194.0
49.3586,295.0,198.0
49.3635,225.0,198.0
49.368,-333.0,200.0
49.3734,-172.0,198.0
49.378,353.0,200.0
49.3833,87.0,196.0
49.3887,-358.0,200.0
49.3936,-39.0,196.0
49.398,312.0,200.0
49.4069,66.0,198.0
49.408,-177.0,200.0
49.4133,-107.0,200.0
49.4187,-1.0,196.0
49.4235,65.0,194.0
49.428,87.0,192.0
49.4333,39.0,190.0
49.4383,-5.0,188.0
49.4439,-102.0,188.0
49.448,-146.0,188.0
49.4535,78.0,188.0
49.458,217.0,190.0
49.4632,-19.0,190.0
49.4686,-170.0,192.0
49.4735,-7.0,192.0
49.478,98.0,192.0
49.4831,0.0,192.0
49.4879,-93.0,192.0
49.4933,-2.0,192.0
49.4982,144.0,192.0
49.5036,27.0,192.0
49.508,-184.0,194.0
49.5136,-41.0,192.0
49.5182,177.0,192.0
49.5232,23.0,192.0
49.5283,-126.0,192.0
49.5335,18.0,188.0
49.5385,55.0,188.0
49.5437,-73.0,186.0
49.5481,-12.0,180.0
49.5531,118.0,180.0
49.5582,30.0,176.0
49.5636,-131.0,178.0
49.568,-114.0,178.0
49.5737,107.0,178.0
49.5782,231.0,180.0
49.5831,-56.0,180.0
49.5887,-296.0,182.0
49.5935,14.0,182.0
49.5982,251.0,184.0
49.6033,-9.0,184.0
49.6082,-135.0,186.0
49.6136,21.0,182.0
49.6187,26.0,182.0
49.6236,-31.0,180.0
49.628,32.0,180.0
49.634,44.0,180.0
49.6382,-25.0,178.0
49.6434,-43.0,178.0
49.6487,-31.0,178.0
49.653,-33.0,178.0
49.6588,72.0,178.0
49.6632,181.0,180.0
49.6682,-6.0,180.0
49.6736,-268.0,182.0
49.6785,-133.0,184.0
49.683,187.0,184.0
49.688,188.0,186.0
49.6932,-24.0,186.0
49.6984,-95.0,184.0
49.704,-55.0,184.0
49.708,-23.0,182.0
49.7135,32.0,182.0
49.7182,59.0,180.0
49.7232,-19.0,180.0
49.7285,-39.0,180.0
49.733,56.0,180.0
49.7385,19.0,180.0
49.7436,-85.0,182.0
49.7482,6.0,180.0
49.7532,96.0,182.0
49.7586,-40.0,180.0
49.7638,-141.0,182.0
49.768,15.0,182.0
49.7734,200.0,184.0
49.7783,85.0,186.0
49.7833,-206.0,188.0
49.7883,-170.0,190.0
49.7932,175.0,190.0
49.7981,174.0,192.0
49.8031,-174.0,194.0
49.8081,-150.0,194.0
49.8131,184.0,196.0
49.8181,157.0,198.0
49.823,-112.0,198.0
49.828,-147.0,200.0
49.833,-58.0,200.0
49.8381,42.0,200.0
49.8431,204.0,204.0
49.8481,112.0,204.0
49.8532,-193.0,206.0
49.8582,-177.0,206.0
49.8631,45.0,206.0
49.8689,97.0,204.0
49.8732,96.0,204.0
49.8782,29.0,202.0
49.8832,-114.0,202.0
49.888,-46.0,198.0
49.893,17.0,198.0
49.8982,-103.0,198.0
49.9035,98.0,200.0
49.9079,300.0,204.0
49.9138,-170.0,206.0
49.9182,-378.0,210.0
49.9232,190.0,212.0
49.9283,316.0,216.0
49.9338,-155.0,218.0
49.9385,-212.0,220.0
49.9435,77.0,220.0
49.9482,126.0,220.0
49.9531,-10.0,220.0
49.9583,-63.0,220.0
49.9639,1.0,220.0
49.968,23.0,220.0
49.9735,-45.0,220.0
49.9785,-2.0,220.0
49.9833,111.0,220.0
49.9885,2.0,216.0
49.993,-167.0,216.0
49.998,-27.0,212.0
50.0033,201.0,212.0
0.0004,112.0,332.0
0.0006,-259.0,336.0
0.0008,-58.0,336.0
0.0009,182.0,338.0
0.001,1.0,336.0
0.0012,-161.0,338.0
0.0013,6.0,334.0
0.0015,156.0,336.0
0.0016,-1.0,336.0
0.0018,-143.0,336.0
0.0019,37.0,334.0
0.002,166.0,338.0
0.0022,-61.0,334.0
0.0024,-225.0,334.0
0.0025,-12.0,330.0
0.0027,228.0,330.0
0.0028,146.0,328.0
0.003,-126.0,326.0
0.0031,-209.0,326.0
0.0033,6.0,326.0
0.0034,150.0,324.0
0.0035,-3.0,322.0
0.0037,-74.0,318.0
0.0038,119.0,318.0
0.004,98.0,314.0
0.0041,-198.0,314.0
0.0043,-176.0,310.0
0.0044,130.0,310.0
0.0046,177.0,308.0
0.0047,5.0,306.0
0.0048,-99.0,306.0
0.005,-78.0,304.0
0.0051,59.0,302.0
0.0052,90.0,302.0
0.0057,-103.0,302.0
0.0062,-98.0,304.0
0.0064,156.0,304.0
0.0065,73.0,302.0
0.0068,-139.0,302.0
0.0069,69.0,298.0
0.0071,82.0,296.0
0.0073,-310.0,294.0
0.0075,-69.0,292.0
0.0077,497.0,294.0
0.0078,107.0,294.0
0.008,-517.0,300.0
0.0081,-123.0,300.0
0.0083,402.0,306.0
0.0084,82.0,306.0
0.0086,-252.0,310.0
0.0087,-27.0,310.0
0.0089,143.0,310.0
0.009,23.0,308.0
0.0091,-69.0,306.0
0.0093,-62.0,304.0
0.0094,-16.0,300.0
0.0095,85.0,300.0
0.0097,87.0,296.0
0.0099,-71.0,298.0
0.01,-74.0,296.0
0.0101,45.0,296.0
0.0103,-23.0,296.0
0.0104,-14.0,296.0
0.0105,150.0,298.0
0.0107,-14.0,294.0
0.0109,-246.0,298.0
0.011,7.0,292.0
0.0111,282.0,294.0
0.0112,49.0,290.0
0.0115,-261.0,292.0
0.0121,-116.0,292.0
0.0123,203.0,292.0
0.0125,137.0,294.0
0.0126,-125.0,292.0
0.0128,-91.0,292.0
0.0129,48.0,286.0
0.013,-2.0,284.0
0.0132,-3.0,276.0
0.0133,87.0,278.0
0.0134,7.0,276.0
0.0135,-105.0,276.0
0.0137,-31.0,274.0
0.0138,56.0,274.0
0.014,14.0,266.0
0.0141,-4.0,266.0
0.0142,60.0,258.0
0.0143,-4.0,258.0
0.0146,-111.0,254.0
0.0147,1.0,254.0
0.0149,54.0,252.0
0.015,-54.0,250.0
0.0151,64.0,250.0
0.0153,139.0,248.0
0.0154,-149.0,248.0
0.0156,-157.0,246.0
0.0157,185.0,244.0
0.0158,99.0,244.0
0.016,-197.0,242.0
0.0161,-55.0,242.0
0.0163,160.0,242.0
0.0164,40.0,242.0
0.0165,-65.0,244.0
0.0167,24.0,242.0
0.0169,-12.0,240.0
0.0171,-149.0,238.0
0.0174,-7.0,238.0
0.0177,217.0,236.0
0.0178,84.0,236.0
0.0181,-143.0,234.0
0.0182,-91.0,236.0
0.0184,-8.0,232.0
0.0186,-3.0,230.0
0.0188,113.0,228.0
0.019,92.0,226.0
0.0193,-136.0,226.0
0.0195,-105.0,226.0
0.0197,121.0,226.0
0.0199,71.0,228.0
0.0201,-105.0,226.0
0.0203,-30.0,224.0
0.0206,97.0,224.0
0.0207,-5.0,220.0
0.0209,-111.0,222.0
0.021,25.0,216.0
0.0212,141.0,216.0
0.0213,-34.0,212.0
0.0215,-154.0,212.0
0.0216,70.0,208.0
0.0218,148.0,208.0
0.0219,-150.0,206.0
0.0221,-154.0,208.0
0.0222,226.0,208.0
0.0224,156.0,212.0
0.0225,-240.0,212.0
0.0227,-100.0,214.0
0.0228,204.0,214.0
0.0229,2.0,214.0
0.0231,-174.0,216.0
0.0232,50.0,216.0
0.0234,148.0,214.0
0.0237,-29.0,214.0
0.0239,-96.0,212.0
0.024,37.0,212.0
0.0243,91.0,210.0
0.0247,-148.0,210.0
0.0249,-210.0,212.0
0.025,259.0,212.0
0.0252,354.0,218.0
0.0255,-240.0,220.0
0.0257,-354.0,226.0
0.0258,127.0,226.0
0.026,186.0,226.0
0.0261,-28.0,226.0
0.0263,22.0,224.0
0.0264,-23.0,220.0
0.0266,-169.0,222.0
0.0267,39.0,220.0
0.0268,235.0,222.0
0.027,-6.0,222.0
0.0271,-208.0,224.0
0.0273,-45.0,224.0
0.0274,86.0,224.0
0.0275,31.0,222.0
0.0276,44.0,222.0
0.0278,51.0,220.0
0.0279,-85.0,220.0
0.0281,-108.0,220.0
0.0282,50.0,218.0
0.0283,97.0,220.0
0.0284,-21.0,214.0
0.0286,-79.0,214.0
0.0287,28.0,208.0
0.0288,95.0,208.0
0.029,-39.0,200.0
0.0291,-115.0,200.0
0.0293,42.0,194.0
0.0295,111.0,194.0
0.0297,-53.0,192.0
0.0299,-137.0,194.0
0.0301,66.0,192.0
0.0303,239.0,196.0
0.0305,-51.0,194.0
0.0307,-338.0,200.0
0.031,20.0,200.0
0.0312,327.0,204.0
0.0314,-20.0,202.0
0.0315,-228.0,204.0
0.0316,68.0,204.0
0.0318,147.0,206.0
0.0319,-129.0,208.0
0.0321,-133.0,210.0
0.0322,159.0,210.0
0.0324,152.0,212.0
0.0325,-151.0,210.0
0.0329,-155.0,212.0
0.0332,141.0,210.0
0.0334,137.0,212.0
0.0337,-161.0,210.0
0.034,-133.0,210.0
0.0341,194.0,210.0
0.0343,141.0,210.0
0.0344,-193.0,212.0
0.0346,-109.0,212.0
0.0347,149.0,214.0
0.0348,17.0,214.0
0.035,-102.0,216.0
0.0351,85.0,216.0
0.0352,74.0,216.0
0.0354,-140.0,216.0
0.0356,-50.0,218.0
0.0358,137.0,218.0
0.036,25.0,218.0
0.0362,-103.0,220.0
0.0364,-23.0,220.0
0.0365,53.0,220.0
0.0367,71.0,220.0
0.0369,16.0,220.0
0.037,-160.0,222.0
0.0372,-88.0,222.0
0.0373,242.0,224.0
0.0375,123.0,224.0
0.0376,-277.0,226.0
0.0378,-114.0,226.0
0.0379,236.0,226.0
0.0381,82.0,226.0
0.0382,-127.0,226.0
0.0384,-28.0,224.0
0.0385,17.0,222.0
0.0387,-34.0,222.0
0.0388,11.0,222.0
0.0389,50.0,222.0
0.039,42.0,222.0
0.0392,23.0,220.0
0.0393,-95.0,222.0
0.0395,-139.0,220.0
0.0396,65.0,220.0
0.0397,182.0,222.0
0.0399,9.0,220.0
0.04,-103.0,222.0
0.0402,-15.0,222.0
0.0403,-9.0,220.0
0.0404,-70.0,220.0
0.0406,27.0,218.0
0.0407,155.0,218.0
0.0408,57.0,218.0
0.041,-160.0,218.0
0.0411,-131.0,220.0
0.0413,95.0,220.0
0.0414,108.0,220.0
0.0416,-23.0,220.0
0.0417,-15.0,220.0
0.0419,-13.0,220.0
0.0421,-64.0,218.0
0.0423,20.0,218.0
0.0425,96.0,216.0
0.0426,-18.0,216.0
0.0429,-96.0,216.0
0.043,6.0,212.0
0.0431,83.0,212.0
0.0433,24.0,208.0
0.0434,-51.0,208.0
0.0436,-60.0,204.0
0.0437,6.0,202.0
0.0438,76.0,200.0
0.0439,19.0,202.0
0.0441,-77.0,200.0
0.0442,-7.0,198.0
0.0444,85.0,198.0
0.0445,-13.0,198.0
0.0447,-89.0,198.0
0.0448,7.0,198.0
0.0449,51.0,196.0
0.045,15.0,194.0
0.0451,30.0,192.0
0.0453,-14.0,188.0
0.0454,-98.0,184.0
0.0456,-17.0,180.0
0.0457,86.0,176.0
0.0458,29.0,174.0
0.046,-9.0,172.0
0.0461,24.0,172.0
0.0462,-47.0,172.0
0.0464,-112.0,174.0
0.0465,56.0,172.0
0.0467,172.0,174.0
0.0468,-53.0,170.0
0.047,-183.0,174.0
0.0472,50.0,172.0
0.0474,150.0,172.0
0.0476,-28.0,172.0
0.0478,-72.0,172.0
0.048,7.0,172.0
0.0482,-29.0,172.0
0.0484,-15.0,170.0
0.0485,97.0,170.0
0.0487,19.0,170.0
0.0489,-120.0,170.0
0.049,17.0,170.0
0.0492,132.0,172.0
0.0493,-67.0,172.0
0.0495,-141.0,172.0
0.0496,73.0,172.0
0.0497,125.0,174.0
0.0499,-26.0,172.0
0.05,-88.0,172.0
0.0502,-34.0,172.0
0.0503,48.0,170.0
0.0504,64.0,170.0
0.0506,-17.0,168.0
0.0507,-45.0,168.0
0.0509,12.0,162.0
0.051,-12.0,162.0
0.0511,-46.0,158.0
0.0513,74.0,158.0
0.0514,90.0,156.0
0.0516,-103.0,156.0
0.0517,-86.0,156.0
0.0518,101.0,156.0
0.052,35.0,154.0
0.0521,-91.0,152.0
0.0522,-9.0,150.0
0.0524,71.0,150.0
0.0525,31.0,148.0
0.0526,-25.0,146.0
0.0528,-45.0,144.0
0.0529,-18.0,142.0
0.0531,17.0,140.0
0.0532,18.0,138.0
0.0534,18.0,136.0
0.0535,15.0,132.0
0.0537,-29.0,132.0
0.0541,-54.0,130.0
0.0544,14.0,130.0
0.0545,80.0,130.0
0.0546,9.0,128.0
0.0548,-83.0,128.0
0.0549,-24.0,126.0
0.0551,65.0,126.0
0.0552,22.0,126.0
0.0554,-56.0,126.0
0.0555,-18.0,124.0
0.0557,78.0,126.0
0.0558,25.0,124.0
0.056,-104.0,126.0
0.0561,-31.0,126.0
0.0562,98.0,124.0
0.0563,10.0,124.0
0.0565,-78.0,120.0
0.0566,25.0,120.0
0.0567,75.0,116.0
0.0569,-41.0,114.0
0.057,-72.0,112.0
0.0571,45.0,112.0
0.0573,45.0,110.0
0.0574,-80.0,112.0
0.0576,-13.0,112.0
0.0577,145.0,112.0
0.0578,1.0,112.0
0.058,-185.0,114.0
0.0581,-7.0,114.0
0.0582,147.0,116.0
0.0583,6.0,114.0
0.0585,-42.0,114.0
0.0586,27.0,112.0
0.0587,-62.0,110.0
0.0589,-83.0,112.0
0.059,114.0,112.0
0.0591,111.0,114.0
0.0593,-130.0,116.0
0.0594,-91.0,116.0
0.0596,150.0,118.0
0.0597,64.0,116.0
0.0599,-170.0,118.0
0.06,-62.0,116.0
0.0601,169.0,118.0
0.0603,71.0,116.0
0.0604,-157.0,118.0
0.0607,-81.0,118.0
0.0609,149.0,120.0
0.0611,107.0,122.0
0.0614,-133.0,124.0
0.0616,-126.0,124.0
0.0617,98.0,124.0
0.0618,98.0,126.0
0.062,-73.0,126.0
0.0621,-40.0,126.0
0.0622,89.0,126.0
0.0624,19.0,126.0
0.0625,-135.0,128.0
0.0626,-61.0,128.0
0.0628,173.0,130.0
0.0629,122.0,130.0
0.0631,-182.0,134.0
0.0633,-140.0,134.0
0.0635,171.0,138.0
0.0636,103.0,138.0
0.0638,-158.0,140.0
0.064,-56.0,140.0
0.0642,153.0,142.0
0.0644,37.0,142.0
0.0647,-145.0,144.0
0.0648,-41.0,144.0
0.065,131.0,146.0
0.0651,42.0,144.0
0.0653,-116.0,146.0
0.0654,-32.0,146.0
0.0656,96.0,146.0
0.0657,14.0,146.0
0.0659,-71.0,146.0
0.0661,7.0,146.0
0.0664,73.0,146.0
0.0667,-15.0,146.0
0.067,-117.0,144.0
0.0671,-3.0,144.0
0.0702,158.0,142.0
0.0751,29.0,142.0
0.0803,-153.0,142.0
0.0854,-24.0,142.0
0.0906,125.0,144.0
0.0952,-16.0,144.0
0.1001,-122.0,146.0
0.1051,42.0,146.0
0.1102,138.0,146.0
0.1154,-10.0,146.0
0.1205,-122.0,146.0
0.1252,-47.0,146.0
0.1302,59.0,146.0
0.135,69.0,146.0
0.1401,-1.0,144.0
0.1452,-53.0,142.0
0.1501,-12.0,142.0
0.1552,35.0,142.0
0.1602,0.0,140.0
0.1651,-14.0,140.0
0.1701,35.0,140.0
0.1754,-11.0,138.0
0.1801,-92.0,140.0
0.1851,7.0,140.0
0.1902,121.0,140.0
0.1951,30.0,142.0
0.2,-76.0,142.0
0.2052,-46.0,142.0
0.2101,7.0,140.0
0.2151,10.0,138.0
0.2201,8.0,138.0
0.2252,35.0,136.0
0.2303,25.0,136.0
0.2352,-46.0,136.0
0.2403,-56.0,136.0
0.2451,37.0,136.0
0.2502,72.0,136.0
0.2552,-33.0,136.0
0.2602,-93.0,136.0
0.2653,15.0,136.0
0.2704,107.0,138.0
0.2751,34.0,138.0
0.2801,-82.0,140.0
0.2852,-92.0,140.0
0.2905,19.0,140.0
0.2953,125.0,142.0
0.3001,33.0,142.0
0.3051,-140.0,142.0
0.3101,-26.0,144.0
0.315,158.0,144.0
0.3203,-29.0,144.0
0.3252,-165.0,146.0
0.33,76.0,146.0
0.335,143.0,148.0
0.3401,-81.0,150.0
0.3451,-121.0,150.0
0.3502,46.0,150.0
0.3552,140.0,150.0
0.36,10.0,150.0
0.3651,-169.0,152.0
0.3702,-56.0,152.0
0.3759,148.0,154.0
0.3801,40.0,154.0
0.3855,-82.0,154.0
0.39,28.0,154.0
0.3951,19.0,152.0
0.4001,-58.0,152.0
0.4054,37.0,152.0
0.4101,-16.0,152.0
0.4151,-118.0,154.0
0.42,134.0,154.0
0.4251,200.0,156.0
0.4302,-175.0,156.0
0.4351,-201.0,160.0
0.4401,120.0,158.0
0.4451,89.0,160.0
0.4501,-50.0,160.0
0.4551,58.0,160.0
0.4601,21.0,160.0
0.4654,-144.0,162.0
0.4702,-28.0,160.0
0.4751,148.0,160.0
0.4801,63.0,160.0
0.4852,-101.0,160.0
0.4902,-129.0,160.0
0.4951,29.0,158.0
0.5003,183.0,158.0
0.5051,44.0,158.0
0.5101,-165.0,158.0
0.5153,-65.0,158.0
0.5202,86.0,158.0
0.5251,7.0,156.0
0.5301,-24.0,154.0
0.535,85.0,154.0
0.5401,18.0,152.0
0.5453,-124.0,152.0
0.5502,-23.0,150.0
0.5552,76.0,150.0
0.5601,-17.0,150.0
0.5651,10.0,150.0
0.5701,103.0,150.0
0.5752,-63.0,150.0
0.5803,-180.0,150.0
0.5852,66.0,150.0
0.59,196.0,152.0
0.5954,-53.0,150.0
0.6002,-153.0,150.0
0.6051,43.0,148.0
0.6101,101.0,146.0
0.6151,-21.0,146.0
0.62,-60.0,144.0
0.625,-9.0,144.0
0.6302,26.0,142.0
0.6351,18.0,142.0
0.6401,-25.0,140.0
0.6451,-19.0,138.0
0.6501,65.0,138.0
0.655,52.0,138.0
0.6602,-78.0,138.0
0.6651,-91.0,138.0
0.6702,18.0,138.0
0.6751,68.0,138.0
0.6801,44.0,138.0
0.6852,0.0,138.0
0.6905,-24.0,136.0
0.6951,-11.0,136.0
0.7001,-42.0,136.0
0.705,-69.0,136.0
0.7101,57.0,134.0
0.7152,151.0,136.0
0.7201,7.0,134.0
0.7251,-138.0,136.0
0.7301,-77.0,136.0
0.735,34.0,136.0
0.7402,63.0,134.0
0.7454,67.0,136.0
0.75,39.0,134.0
0.7551,-84.0,134.0
0.7603,-137.0,136.0
0.7651,32.0,134.0
0.7701,152.0,136.0
0.7753,14.0,136.0
0.7801,-107.0,138.0
0.7851,-19.0,136.0
0.7901,58.0,138.0
0.7951,3.0,136.0
0.8001,-20.0,138.0
0.8052,21.0,138.0
0.8102,-16.0,136.0
0.8151,-54.0,138.0
0.8201,46.0,136.0
0.8251,77.0,138.0
0.8306,-57.0,138.0
0.8352,-57.0,138.0
0.8401,69.0,138.0
0.845,-1.0,136.0
0.85,-98.0,138.0
0.855,50.0,138.0
0.8603,115.0,140.0
0.8651,-57.0,140.0
0.8701,-77.0,142.0
0.8751,49.0,142.0
0.88,0.0,140.0
0.8853,-68.0,142.0
0.8902,36.0,140.0
0.8951,93.0,142.0
0.9001,6.0,140.0
0.9051,-58.0,140.0
0.91,-64.0,140.0
0.9151,-42.0,140.0
0.9203,46.0,140.0
0.9252,126.0,140.0
0.9301,62.0,140.0
0.9351,-103.0,140.0
0.9401,-175.0,142.0
0.9452,-21.0,140.0
0.9501,182.0,144.0
0.9552,136.0,144.0
0.9601,-79.0,144.0
0.9651,-136.0,144.0
0.9701,-23.0,142.0
0.9753,32.0,140.0
0.9802,34.0,140.0
0.9851,68.0,140.0
0.99,36.0,140.0
0.995,-77.0,138.0
1.0001,-120.0,140.0
1.0054,-16.0,138.0
1.0101,145.0,138.0
1.0152,133.0,138.0
1.02,-81.0,140.0
1.0251,-157.0,140.0
1.0301,-8.0,140.0
1.035,62.0,140.0
1.0402,42.0,140.0
1.0451,52.0,140.0
1.0501,-31.0,140.0
1.055,-96.0,140.0
1.0603,35.0,140.0
1.0652,88.0,138.0
1.0701,-48.0,136.0
1.0751,-79.0,134.0
1.08,20.0,132.0
1.0853,58.0,132.0
1.0905,44.0,132.0
1.0951,2.0,130.0
1.1,-89.0,132.0
1.1051,-78.0,130.0
1.1101,71.0,132.0
1.1154,110.0,130.0
1.1202,-4.0,130.0
1.1253,-78.0,130.0
1.1301,-66.0,128.0
1.135,10.0,128.0
1.1401,96.0,126.0
1.1451,32.0,126.0
1.1502,-66.0,124.0
1.1558,-8.0,124.0
1.1602,-3.0,122.0
1.1652,-71.0,124.0
1.1703,68.0,124.0
1.1754,140.0,126.0
1.1806,-100.0,126.0
1.185,-143.0,126.0
1.1901,102.0,128.0
1.1952,78.0,128.0
1.2004,-88.0,130.0
1.2061,0.0,130.0
1.2106,68.0,128.0
1.2153,-37.0,128.0
1.2202,-46.0,126.0
1.2252,22.0,126.0
1.2315,10.0,122.0
1.2352,-4.0,122.0
1.2402,33.0,120.0
1.2451,33.0,120.0
1.2501,-37.0,118.0
1.2551,-93.0,120.0
1.2608,-25.0,120.0
1.2652,118.0,120.0
1.2709,101.0,122.0
1.2752,-88.0,124.0
1.2801,-118.0,124.0
1.2852,57.0,126.0
1.2907,79.0,126.0
1.2951,-74.0,126.0
1.3001,-47.0,126.0
1.305,114.0,126.0
1.31,55.0,126.0
1.3156,-125.0,128.0
1.3206,-79.0,128.0
1.3256,102.0,130.0
1.3306,73.0,130.0
1.3352,-76.0,132.0
1.3402,-17.0,130.0
1.3455,72.0,130.0
1.3506,-58.0,130.0
1.355,-71.0,130.0
1.3601,94.0,130.0
1.3652,35.0,130.0
1.3702,-70.0,130.0
1.3751,41.0,130.0
1.3807,19.0,128.0
1.385,-114.0,130.0
1.3902,20.0,128.0
1.3952,144.0,130.0
1.4003,-32.0,128.0
1.4058,-111.0,130.0
1.4107,31.0,128.0
1.4153,39.0,128.0
1.42,-33.0,126.0
1.4252,7.0,126.0
1.4304,23.0,126.0
1.4352,-5.0,126.0
1.4404,4.0,126.0
1.4456,-19.0,126.0
1.4502,-11.0,126.0
1.4551,48.0,126.0
1.4605,-24.0,126.0
1.4652,-82.0,126.0
1.47,74.0,126.0
1.475,113.0,126.0
1.4802,-99.0,128.0
1.4851,-123.0,128.0
1.4908,76.0,128.0
1.496,89.0,130.0
1.5006,-22.0,128.0
1.5052,-16.0,128.0
1.5101,-29.0,126.0
1.5153,-56.0,126.0
1.5207,67.0,128.0
1.5256,100.0,128.0
1.53,-79.0,128.0
1.5355,-115.0,130.0
1.5404,51.0,130.0
1.5457,87.0,130.0
1.5505,-1.0,130.0
1.5556,-2.0,128.0
1.5602,-22.0,128.0
1.5651,-89.0,128.0
1.5702,4.0,126.0
1.5755,112.0,126.0
1.5801,21.0,124.0
1.5851,-58.0,126.0
1.5902,-28.0,122.0
1.5953,-21.0,120.0
1.6003,10.0,120.0
1.6073,80.0,118.0
1.61,33.0,120.0
1.6156,-89.0,120.0
1.6202,-88.0,120.0
1.6252,43.0,120.0
1.6306,105.0,122.0
1.6357,22.0,120.0
1.6401,-53.0,120.0
1.6452,-55.0,120.0
1.6502,-31.0,118.0
1.6553,31.0,116.0
1.6607,80.0,116.0
1.6655,18.0,114.0
1.6701,-46.0,116.0
1.6751,-46.0,114.0
1.6802,-44.0,114.0
1.6853,39.0,114.0
1.6904,138.0,116.0
1.695,-31.0,116.0
1.7001,-206.0,118.0
1.7052,46.0,118.0
1.7102,247.0,120.0
1.7155,-70.0,120.0
1.7208,-246.0,124.0
1.7255,85.0,124.0
1.7302,207.0,126.0
1.7354,-89.0,128.0
1.7402,-174.0,130.0
1.7456,76.0,130.0
1.7505,184.0,132.0
1.756,-44.0,130.0
1.7602,-232.0,134.0
1.768,6.0,132.0
1.7702,270.0,136.0
1.7756,12.0,136.0
1.7801,-261.0,138.0
1.7853,12.0,138.0
1.7901,221.0,140.0
1.795,-78.0,142.0
1.8004,-197.0,144.0
1.8052,139.0,146.0
1.8106,187.0,148.0
1.8152,-157.0,148.0
1.8203,-162.0,148.0
1.825,140.0,148.0
1.8307,121.0,150.0
1.8352,-117.0,150.0
1.8401,-99.0,150.0
1.8455,97.0,152.0
1.8502,103.0,152.0
1.855,-71.0,152.0
1.8608,-108.0,154.0
1.8654,46.0,154.0
1.87,97.0,156.0
1.875,-48.0,156.0
1.8802,-93.0,156.0
1.8851,84.0,158.0
1.8905,110.0,158.0
1.8957,-123.0,160.0
1.9,-123.0,160.0
1.9052,138.0,162.0
1.9102,119.0,162.0
1.9157,-132.0,162.0
1.9204,-123.0,162.0
1.9251,111.0,162.0
1.9313,145.0,164.0
1.9353,-68.0,164.0
1.9402,-154.0,166.0
1.9453,20.0,164.0
1.9506,133.0,166.0
1.9562,7.0,164.0
1.9603,-95.0,164.0
1.9651,0.0,162.0
1.9702,67.0,162.0
1.9755,-33.0,162.0
1.9803,-69.0,162.0
1.9852,69.0,162.0
1.9902,95.0,162.0
1.9952,-89.0,164.0
2.0001,-109.0,164.0
2.006,109.0,164.0
2.01,88.0,164.0
2.0156,-143.0,166.0
2.0202,-57.0,166.0
2.0252,166.0,168.0
2.0305,41.0,168.0
2.0359,-142.0,168.0
2.04,-39.0,168.0
2.0452,89.0,168.0
2.0502,40.0,168.0
2.0558,-47.0,168.0
2.0604,-55.0,168.0
2.0651,29.0,168.0
2.0705,94.0,170.0
2.0754,-21.0,170.0
2.0803,-145.0,172.0
2.0852,15.0,172.0
2.0907,172.0,174.0
2.0955,-9.0,174.0
2.1002,-155.0,176.0
2.105,0.0,174.0
2.1102,120.0,176.0
2.1151,9.0,174.0
2.121,-112.0,174.0
2.1256,-29.0,172.0
2.1302,136.0,174.0
2.1351,68.0,174.0
2.1404,-146.0,176.0
2.1459,-108.0,176.0
2.1502,120.0,178.0
2.1552,143.0,180.0
2.1601,-76.0,180.0
2.1651,-181.0,180.0
2.1701,22.0,180.0
2.1751,197.0,182.0
2.1802,30.0,180.0
2.1853,-156.0,182.0
2.1903,-58.0,182.0
2.1951,63.0,184.0
2.2001,32.0,184.0
2.2053,46.0,184.0
2.2101,61.0,184.0
2.2151,-122.0,184.0
2.2201,-178.0,186.0
2.225,130.0,188.0
2.2301,232.0,192.0
2.2352,-97.0,192.0
2.2403,-184.0,196.0
2.2451,88.0,196.0
2.2502,89.0,196.0
2.2552,-125.0,196.0
2.2604,-32.0,196.0
2.265,161.0,198.0
2.27,44.0,196.0
2.275,-138.0,198.0
2.28,-89.0,200.0
2.2854,59.0,200.0
2.2903,114.0,200.0
2.2952,19.0,200.0
2.3002,-106.0,200.0
2.3052,-53.0,202.0
2.3101,78.0,202.0
2.3152,25.0,202.0
2.3202,-55.0,202.0
2.3251,57.0,202.0
2.3301,62.0,200.0
2.335,-156.0,202.0
2.3401,-101.0,200.0
2.3451,206.0,204.0
2.3501,136.0,202.0
2.3553,-176.0,204.0
2.3602,-130.0,202.0
2.365,106.0,202.0
2.37,84.0,200.0
2.3752,-55.0,200.0
2.3802,-45.0,198.0
2.3851,42.0,196.0
2.39,49.0,194.0
2.395,-44.0,194.0
2.4001,-77.0,192.0
2.405,36.0,192.0
2.4102,77.0,190.0
2.4151,-22.0,190.0
2.42,-45.0,186.0
2.4253,23.0,186.0
2.4304,35.0,184.0
2.4353,-25.0,182.0
2.4401,-61.0,180.0
2.4452,1.0,178.0
2.4501,75.0,176.0
2.455,32.0,174.0
2.4601,-48.0,174.0
2.4652,-42.0,172.0
2.4701,3.0,170.0
2.4752,33.0,168.0
2.4801,26.0,168.0
2.4852,-36.0,166.0
2.4907,-41.0,166.0
2.4951,53.0,166.0
2.5,58.0,164.0
2.5051,-56.0,164.0
2.5101,-79.0,164.0
2.5152,19.0,164.0
2.5201,78.0,164.0
2.5251,39.0,162.0
2.53,-30.0,162.0
2.535,-75.0,160.0
2.54,-44.0,160.0
2.5456,69.0,158.0
2.5503,111.0,158.0
2.5551,-34.0,156.0
2.5601,-153.0,158.0
2.5651,-7.0,156.0
2.5701,171.0,156.0
2.5753,32.0,156.0
2.5801,-161.0,156.0
2.5859,-24.0,156.0
2.5901,134.0,156.0
2.5951,1.0,156.0
2.6002,-105.0,156.0
2.6054,10.0,156.0
2.61,85.0,156.0
2.6151,-16.0,156.0
2.6201,-99.0,156.0
2.6251,26.0,156.0
2.63,163.0,156.0
2.6352,-17.0,156.0
2.6403,-226.0,158.0
2.6451,-9.0,156.0
2.6502,215.0,158.0
2.6551,13.0,156.0
2.6608,-149.0,158.0
2.6651,4.0,154.0
2.67,101.0,156.0
2.6751,7.0,154.0
2.68,-89.0,154.0
2.685,-74.0,154.0
2.6905,77.0,154.0
2.6953,157.0,156.0
2.7,-42.0,156.0
2.7051,-197.0,158.0
2.71,-7.0,158.0
2.715,169.0,160.0
2.7201,39.0,158.0
2.7251,-103.0,160.0
2.73,-35.0,158.0
2.735,50.0,158.0
2.74,6.0,156.0
2.7453,-38.0,156.0
2.7501,3.0,154.0
2.755,49.0,156.0
2.76,24.0,154.0
2.765,-36.0,154.0
2.7701,-58.0,152.0
2.7752,-5.0,152.0
2.7801,59.0,150.0
2.7851,35.0,150.0
2.79,-18.0,148.0
2.795,-13.0,146.0
2.8001,-36.0,144.0
2.8055,-56.0,144.0
2.8101,49.0,144.0
2.8151,127.0,142.0
2.8201,5.0,142.0
2.8252,-150.0,142.0
2.8305,-88.0,142.0
2.8352,125.0,144.0
2.8402,124.0,144.0
2.845,-93.0,146.0
2.85,-98.0,146.0
2.8551,84.0,146.0
2.8601,54.0,144.0
2.8652,-81.0,142.0
2.8701,-29.0,140.0
2.875,61.0,140.0
2.88,20.0,136.0
2.8853,-25.0,136.0
2.8904,-10.0,134.0
2.8952,-12.0,132.0
2.9002,-4.0,132.0
2.905,43.0,130.0
2.91,18.0,130.0
2.9152,-56.0,128.0
2.9204,-19.0,128.0
2.9252,42.0,128.0
2.9301,0.0,126.0
2.9351,-19.0,126.0
2.9401,34.0,124.0
2.9452,22.0,124.0
2.9501,-45.0,124.0
2.9551,-55.0,124.0
2.96,6.0,122.0
2.965,68.0,124.0
2.9703,47.0,122.0
2.9753,-34.0,120.0
2.9803,-48.0,120.0
2.9851,1.0,116.0
2.99,-4.0,114.0
2.995,-27.0,112.0
3.0,39.0,112.0
3.005,86.0,110.0
3.0101,-6.0,110.0
3.0152,-89.0,110.0
3.0201,-46.0,110.0
3.025,10.0,110.0
3.0301,30.0,110.0
3.0353,51.0,110.0
3.0402,48.0,110.0
3.0451,-28.0,108.0
3.05,-92.0,110.0
3.055,-12.0,108.0
3.0601,80.0,110.0
3.0652,-4.0,110.0
3.0701,-74.0,110.0
3.0751,31.0,110.0
3.0801,92.0,110.0
3.0851,1.0,110.0
3.0903,-73.0,110.0
3.0952,-60.0,110.0
3.1002,-3.0,110.0
3.105,64.0,110.0
3.11,71.0,112.0
3.115,0.0,112.0
3.1202,-58.0,112.0
3.1252,-55.0,112.0
3.1301,-32.0,112.0
3.1351,36.0,112.0
3.1401,120.0,112.0
3.1454,22.0,112.0
3.1502,-137.0,112.0
3.1552,-34.0,112.0
3.1601,101.0,114.0
3.1651,-23.0,114.0
3.17,-68.0,114.0
3.1753,102.0,114.0
3.1802,71.0,114.0
3.1853,-158.0,116.0
3.1901,-97.0,116.0
3.195,176.0,118.0
3.2001,109.0,118.0
3.2053,-141.0,120.0
3.2102,-73.0,118.0
3.2151,55.0,118.0
3.22,-2.0,116.0
3.225,38.0,116.0
3.2301,74.0,114.0
3.2351,-94.0,116.0
3.2401,-101.0,116.0
3.2451,106.0,118.0
3.25,91.0,118.0
3.2551,-93.0,120.0
3.2602,-75.0,118.0
3.2651,69.0,120.0
3.2701,66.0,118.0
3.275,-35.0,118.0
3.28,-51.0,116.0
3.285,-1.0,116.0
3.2907,27.0,112.0
3.2951,13.0,112.0
3.3001,-18.0,110.0
3.305,7.0,110.0
3.31,44.0,110.0
3.3151,-33.0,110.0
3.3202,-80.0,110.0
3.3252,30.0,110.0
3.3301,73.0,110.0
3.3351,0.0,106.0
3.3401,3.0,106.0
3.3453,-18.0,104.0
3.3501,-105.0,104.0
3.3551,-6.0,102.0
3.3601,149.0,104.0
3.365,45.0,102.0
3.3701,-106.0,104.0
3.3752,-45.0,104.0
3.3801,31.0,104.0
3.3856,0.0,104.0
3.39,11.0,104.0
3.395,45.0,104.0
3.4001,-9.0,104.0
3.4054,-54.0,104.0
3.4102,-9.0,104.0
3.4152,30.0,104.0
3.42,21.0,102.0
3.425,-9.0,102.0
3.4301,-21.0,102.0
3.4352,9.0,102.0
3.4403,8.0,102.0
3.4452,-22.0,102.0
3.4503,12.0,100.0
3.4552,35.0,100.0
3.4602,-26.0,100.0
3.465,-35.0,98.0
3.4701,26.0,98.0
3.475,24.0,96.0
3.4805,-10.0,94.0
3.4849,-8.0,92.0
3.4901,-25.0,92.0
3.4951,-19.0,90.0
3.5,64.0,90.0
3.505,59.0,90.0
3.51,-84.0,90.0
3.5151,-87.0,92.0
3.5201,87.0,92.0
3.5251,94.0,94.0
3.53,-84.0,94.0
3.535,-102.0,96.0
3.54,68.0,98.0
3.5451,108.0,98.0
3.5504,-28.0,98.0
3.5552,-71.0,98.0
3.5601,-4.0,98.0
3.565,-18.0,98.0
3.5701,-14.0,98.0
3.5753,93.0,100.0
3.5802,73.0,100.0
3.5852,-92.0,100.0
3.59,-102.0,102.0
3.595,41.0,102.0
3.6,62.0,102.0
3.6054,-20.0,102.0
3.6101,0.0,100.0
3.6151,56.0,102.0
3.6201,-12.0,100.0
3.625,-98.0,102.0
3.6301,-25.0,102.0
3.6352,83.0,104.0
3.6401,62.0,104.0
3.6451,-22.0,102.0
3.6501,-71.0,104.0
3.655,-30.0,102.0
3.6603,82.0,104.0
3.6652,68.0,104.0
3.6702,-121.0,106.0
3.675,-117.0,106.0
3.68,163.0,108.0
3.6851,172.0,110.0
3.6903,-164.0,112.0
3.6951,-187.0,114.0
3.7,117.0,116.0
3.705,140.0,118.0
3.71,-60.0,118.0
3.7155,-85.0,118.0
3.7202,31.0,118.0
3.725,80.0,118.0
3.73,-37.0,118.0
3.7351,-121.0,118.0
3.7401,55.0,120.0
3.7451,162.0,122.0
3.7501,-60.0,120.0
3.7552,-164.0,124.0
3.7601,57.0,124.0
3.7684,115.0,124.0
3.77,-84.0,126.0
3.7752,-44.0,126.0
3.7801,163.0,126.0
3.7851,-1.0,126.0
3.7901,-252.0,128.0
3.795,0.0,126.0
3.8001,269.0,130.0
3.8052,29.0,130.0
3.8101,-192.0,132.0
3.8151,-47.0,130.0
3.82,85.0,130.0
3.8251,48.0,130.0
3.83,-27.0,128.0
3.8351,-57.0,126.0
3.8401,32.0,126.0
3.8451,85.0,124.0
3.8501,-50.0,124.0
3.8553,-111.0,124.0
3.8601,54.0,126.0
3.8651,112.0,126.0
3.8701,-59.0,126.0
3.8751,-100.0,126.0
3.88,75.0,126.0
3.8851,99.0,126.0
3.8902,-80.0,126.0
3.8952,-117.0,126.0
3.9001,48.0,126.0
3.9051,134.0,126.0
3.9102,18.0,126.0
3.9153,-130.0,128.0
3.9203,-76.0,128.0
3.9252,108.0,130.0
3.9301,79.0,130.0
3.935,-97.0,132.0
3.9402,-25.0,132.0
3.9455,107.0,134.0
3.9501,-50.0,134.0
3.9552,-114.0,134.0
3.96,105.0,136.0
3.965,86.0,136.0
3.9701,-114.0,136.0
3.9757,-25.0,138.0
3.9801,97.0,138.0
3.9852,-21.0,138.0
3.9901,-74.0,138.0
3.995,1.0,138.0
4.0001,26.0,136.0
4.0051,66.0,136.0
4.0102,51.0,136.0
4.0151,-101.0,136.0
4.0202,-97.0,138.0
4.0252,87.0,138.0
4.0307,55.0,140.0
4.0353,-103.0,140.0
4.0404,34.0,140.0
4.0453,201.0,144.0
4.0502,-63.0,144.0
4.0552,-310.0,148.0
4.0602,-4.0,148.0
4.0651,312.0,152.0
4.0701,87.0,154.0
4.0752,-187.0,156.0
4.0801,-91.0,158.0
4.0852,51.0,158.0
4.0903,33.0,158.0
4.0951,-17.0,158.0
4.1002,-14.0,158.0
4.1052,53.0,158.0
4.1102,67.0,160.0
4.1153,-49.0,160.0
4.1205,-107.0,162.0
4.1252,-24.0,162.0
4.1307,55.0,162.0
4.1352,95.0,162.0
4.1401,53.0,162.0
4.1452,-103.0,164.0
4.1503,-138.0,164.0
4.1551,60.0,164.0
4.1602,169.0,166.0
4.1652,2.0,164.0
4.1703,-152.0,164.0
4.1752,-61.0,164.0
4.1801,95.0,164.0
4.1851,87.0,164.0
4.1902,-22.0,164.0
4.195,-71.0,164.0
4.2,-30.0,164.0
4.205,34.0,164.0
4.21,39.0,166.0
4.215,-18.0,164.0
4.22,4.0,162.0
4.225,56.0,162.0
4.2301,-63.0,162.0
4.2351,-128.0,164.0
4.2401,75.0,164.0
4.245,151.0,166.0
4.25,-41.0,166.0
4.255,-75.0,166.0
4.2601,21.0,166.0
4.2651,-49.0,166.0
4.2701,-29.0,166.0
4.275,127.0,166.0
4.28,24.0,166.0
4.2851,-99.0,168.0
4.29,13.0,166.0
4.2952,-24.0,166.0
4.3002,-69.0,166.0
4.305,166.0,168.0
4.31,121.0,168.0
4.315,-236.0,170.0
4.32,-142.0,168.0
4.3252,206.0,170.0
4.33,118.0,168.0
4.335,-120.0,168.0
4.34,-66.0,166.0
4.3449,35.0,166.0
4.3502,8.0,164.0
4.3552,12.0,164.0
4.36,31.0,164.0
4.365,-28.0,162.0
4.3702,-39.0,162.0
4.3751,49.0,162.0
4.3802,36.0,162.0
4.3851,-83.0,160.0
4.3901,-54.0,160.0
4.3951,94.0,158.0
4.4002,77.0,158.0
4.4051,-57.0,158.0
4.4101,-52.0,158.0
4.415,-6.0,156.0
4.42,-25.0,154.0
4.4251,54.0,156.0
4.4301,92.0,154.0
4.4352,-61.0,154.0
4.44,-93.0,152.0
4.445,42.0,152.0
4.45,43.0,150.0
4.455,-23.0,148.0
4.4601,6.0,148.0
4.465,28.0,148.0
4.4701,-20.0,148.0
4.4751,-62.0,148.0
4.48,-3.0,146.0
4.485,112.0,148.0
4.4901,60.0,148.0
4.4953,-143.0,148.0
4.5003,-126.0,150.0
4.5051,132.0,150.0
4.51,151.0,150.0
4.5151,-97.0,150.0
4.52,-103.0,152.0
4.5252,73.0,150.0
4.53,14.0,150.0
4.5351,-76.0,150.0
4.5401,61.0,150.0
4.545,103.0,148.0
4.55,-89.0,150.0
4.5551,-141.0,150.0
4.5601,54.0,150.0
4.5651,150.0,150.0
4.5704,19.0,150.0
4.5753,-95.0,150.0
4.5802,-54.0,150.0
4.5852,20.0,148.0
4.5901,18.0,148.0
4.595,-6.0,146.0
4.6001,27.0,146.0
4.6052,52.0,144.0
4.61,-27.0,144.0
4.6151,-89.0,144.0
4.62,2.0,142.0
4.625,88.0,144.0
4.63,8.0,142.0
4.6351,-75.0,144.0
4.6401,5.0,144.0
4.6451,70.0,144.0
4.6501,-36.0,144.0
4.6552,-64.0,142.0
4.66,75.0,142.0
4.6653,54.0,142.0
4.6701,-117.0,142.0
4.6751,-55.0,142.0
4.6801,137.0,144.0
4.685,66.0,142.0
4.6903,-103.0,142.0
4.6951,-63.0,138.0
4.7002,35.0,138.0
4.7051,44.0,134.0
4.7101,7.0,134.0
4.7151,-33.0,132.0
4.7202,4.0,130.0
4.7252,45.0,130.0
4.7301,-46.0,130.0
4.735,-79.0,130.0
4.74,77.0,132.0
4.7451,116.0,132.0
4.7502,-79.0,132.0
4.7554,-133.0,134.0
4.7601,67.0,134.0
4.7651,122.0,136.0
4.7702,-55.0,136.0
4.7752,-86.0,136.0
4.7802,47.0,134.0
4.7852,24.0,134.0
4.79,-50.0,132.0
4.795,42.0,132.0
4.8,63.0,130.0
4.8053,-84.0,132.0
4.8102,-76.0,130.0
4.8152,93.0,132.0
4.82,84.0,130.0
4.825,-79.0,130.0
4.8303,-94.0,132.0
4.8356,42.0,132.0
4.84,96.0,132.0
4.8451,12.0,132.0
4.85,-75.0,132.0
4.8551,-54.0,134.0
4.8601,44.0,134.0
4.8652,64.0,134.0
4.8704,-30.0,134.0
4.8752,-50.0,132.0
4.88,31.0,132.0
4.8852,32.0,130.0
4.8903,-27.0,130.0
4.8952,-18.0,128.0
4.9,20.0,128.0
4.9051,18.0,128.0
4.9101,-20.0,128.0
4.9151,-45.0,126.0
4.92,27.0,126.0
4.9251,81.0,126.0
4.9301,-32.0,126.0
4.9351,-82.0,128.0
4.94,57.0,128.0
4.9456,47.0,126.0
4.9502,-116.0,126.0
4.9552,-26.0,122.0
4.9601,170.0,122.0
4.965,51.0,120.0
4.9701,-157.0,120.0
4.9753,-97.0,120.0
4.9802,72.0,120.0
4.9851,123.0,122.0
4.99,24.0,122.0
4.9951,-116.0,124.0
4.9999,-74.0,124.0
5.0053,99.0,126.0
5.0103,75.0,126.0
5.0151,-92.0,126.0
5.02,-58.0,128.0
5.0251,86.0,128.0
5.0303,38.0,126.0
5.0352,-68.0,126.0
5.0403,-13.0,126.0
5.045,39.0,126.0
5.0501,-17.0,124.0
5.055,-16.0,124.0
5.0605,46.0,126.0
5.065,6.0,124.0
5.07,-59.0,124.0
5.0751,0.0,124.0
5.08,48.0,122.0
5.0852,-13.0,122.0
5.0903,-19.0,122.0
5.0951,37.0,122.0
5.1001,-10.0,122.0
5.1051,-60.0,122.0
5.11,24.0,122.0
5.1151,79.0,122.0
5.1203,-15.0,122.0
5.1252,-110.0,122.0
5.1301,-18.0,122.0
5.135,147.0,122.0
5.14,82.0,122.0
5.1453,-157.0,122.0
5.15,-156.0,122.0
5.1552,112.0,122.0
5.16,190.0,124.0
5.165,-44.0,124.0
5.17,-157.0,126.0
5.1752,7.0,124.0
5.1803,89.0,124.0
5.185,-2.0,124.0
5.19,-26.0,122.0
5.195,-10.0,120.0
5.2005,-33.0,120.0
5.2052,24.0,118.0
5.2101,87.0,118.0
5.2161,-3.0,118.0
5.2201,-90.0,118.0
5.2257,-29.0,118.0
5.2305,25.0,118.0
5.235,1.0,118.0
5.2401,38.0,118.0
5.2451,88.0,118.0
5.2501,-23.0,118.0
5.2552,-147.0,120.0
5.2601,-52.0,120.0
5.2652,110.0,120.0
5.2702,97.0,122.0
5.2751,-14.0,122.0
5.2801,-60.0,122.0
5.2851,-62.0,122.0
5.2902,-24.0,122.0
5.2954,78.0,122.0
5.3003,72.0,122.0
5.305,-66.0,122.0
5.3101,-39.0,120.0
5.3151,90.0,122.0
5.3202,-17.0,120.0
5.3253,-148.0,120.0
5.3302,21.0,120.0
5.335,179.0,122.0
5.34,15.0,122.0
5.3456,-162.0,122.0
5.35,-41.0,124.0
5.3552,117.0,124.0
5.3601,42.0,126.0
5.3651,-64.0,126.0
5.37,-17.0,126.0
5.3751,19.0,124.0
5.3802,-37.0,124.0
5.3851,-7.0,122.0
5.3901,96.0,122.0
5.3951,18.0,120.0
5.4003,-115.0,122.0
5.4051,-8.0,120.0
5.4102,86.0,120.0
5.4153,-39.0,120.0
5.42,-42.0,120.0
5.4251,87.0,120.0
5.4303,18.0,120.0
5.4351,-86.0,120.0
5.4401,-1.0,120.0
5.4451,33.0,118.0
5.45,-57.0,118.0
5.4551,9.0,116.0
5.4607,157.0,118.0
5.4652,25.0,118.0
5.4703,-210.0,118.0
5.4751,-98.0,120.0
5.48,151.0,120.0
5.4852,105.0,122.0
5.4904,-41.0,122.0
5.4951,-31.0,122.0
5.5002,-10.0,120.0
5.505,-27.0,120.0
5.51,-14.0,120.0
5.515,27.0,120.0
5.5201,55.0,120.0
5.5251,-23.0,120.0
5.5301,-92.0,120.0
5.535,45.0,122.0
5.54,165.0,124.0
5.5452,-37.0,124.0
5.5502,-249.0,128.0
5.5551,-25.0,128.0
5.5601,259.0,130.0
5.565,76.0,130.0
5.57,-178.0,132.0
5.5751,-63.0,132.0
5.5803,76.0,132.0
5.5852,17.0,132.0
5.59,0.0,130.0
5.595,8.0,130.0
5.6,-63.0,128.0
5.6052,0.0,128.0
5.6102,126.0,128.0
5.6152,-13.0,126.0
5.62,-155.0,128.0
5.6255,8.0,126.0
5.6304,119.0,128.0
5.6352,0.0,126.0
5.6402,-45.0,124.0
5.645,18.0,124.0
5.65,-13.0,122.0
5.6551,-39.0,122.0
5.66,34.0,122.0
5.6652,26.0,120.0
5.6702,-49.0,120.0
5.675,17.0,120.0
5.6801,81.0,120.0
5.685,-52.0,122.0
5.6903,-119.0,122.0
5.6958,62.0,124.0
5.7001,129.0,124.0
5.705,-63.0,126.0
5.71,-91.0,126.0
5.7152,66.0,128.0
5.7202,26.0,126.0
5.7252,-66.0,128.0
5.7301,29.0,128.0
5.735,58.0,128.0
5.7401,-57.0,128.0
5.745,-42.0,128.0
5.7502,59.0,130.0
5.7552,14.0,128.0
5.76,-56.0,128.0
5.7692,12.0,128.0
5.7701,62.0,128.0
5.7751,-8.0,126.0
5.7803,-39.0,124.0
5.785,-10.0,122.0
5.7901,-49.0,122.0
5.795,-22.0,120.0
5.8002,145.0,118.0
5.805,108.0,120.0
5.8103,-168.0,120.0
5.8153,-168.0,122.0
5.82,140.0,124.0
5.825,157.0,126.0
5.8306,-133.0,128.0
5.8352,-111.0,130.0
5.8403,154.0,130.0
5.845,78.0,132.0
5.85,-145.0,132.0
5.8552,-58.0,134.0
5.86,72.0,134.0
5.865,21.0,134.0
5.8702,33.0,134.0
5.8752,37.0,134.0
5.8803,-118.0,136.0
5.8851,-104.0,136.0
5.8901,132.0,138.0
5.8953,153.0,138.0
5.9,-40.0,136.0
5.9051,-127.0,138.0
5.9101,-109.0,138.0
5.9151,3.0,138.0
5.9201,210.0,140.0
5.925,133.0,140.0
5.9301,-208.0,144.0
5.9351,-163.0,144.0
5.9402,142.0,146.0
5.945,70.0,146.0
5.9501,-88.0,146.0
5.9551,61.0,146.0
5.9601,81.0,148.0
5.965,-156.0,148.0
5.97,-91.0,148.0
5.9751,201.0,148.0
5.9802,77.0,150.0
5.9852,-233.0,152.0
5.99,-44.0,152.0
5.995,276.0,154.0
6.0,41.0,154.0
6.0056,-278.0,156.0
6.0102,-74.0,158.0
6.0152,188.0,160.0
6.02,74.0,160.0
6.025,-58.0,162.0
6.0301,-20.0,160.0
6.0351,-1.0,160.0
6.0401,-7.0,158.0
6.0452,-20.0,158.0
6.05,-37.0,158.0
6.055,48.0,158.0
6.0601,96.0,160.0
6.0652,-48.0,158.0
6.0701,-104.0,160.0
6.075,42.0,160.0
6.08,72.0,160.0
6.0851,-46.0,160.0
6.0903,-48.0,160.0
6.0952,69.0,162.0
6.1,56.0,160.0
6.1051,-110.0,160.0
6.11,-79.0,158.0
6.1151,135.0,160.0
6.1202,80.0,158.0
6.1255,-119.0,158.0
6.13,-38.0,158.0
6.135,86.0,160.0
6.14,-33.0,160.0
6.145,-79.0,160.0
6.1502,87.0,162.0
6.1553,103.0,162.0
6.1601,-71.0,164.0
6.165,-115.0,164.0
6.17,-11.0,164.0
6.175,61.0,164.0
6.1803,69.0,162.0
6.1852,34.0,162.0
6.19,-26.0,158.0
6.1951,-80.0,160.0
6.2001,-57.0,156.0
6.2049,44.0,156.0
6.2101,63.0,154.0
6.215,4.0,154.0
6.2201,19.0,152.0
6.225,2.0,152.0
6.23,-101.0,154.0
6.2352,-46.0,154.0
6.2402,97.0,154.0
6.2451,62.0,156.0
6.25,-10.0,154.0
6.255,2.0,154.0
6.2601,-70.0,152.0
6.2649,-125.0,154.0
6.2702,54.0,154.0
6.2751,198.0,156.0
6.28,42.0,156.0
6.2852,-153.0,158.0
6.2903,-119.0,160.0
6.2952,39.0,160.0
6.3002,111.0,162.0
6.305,43.0,162.0
6.3101,-31.0,162.0
6.3151,-54.0,162.0
6.3203,-49.0,162.0
6.3253,31.0,160.0
6.33,71.0,160.0
6.335,-26.0,160.0
6.3401,-38.0,158.0
6.345,40.0,158.0
6.3502,-11.0,156.0
6.3553,-42.0,156.0
6.36,54.0,156.0
6.365,21.0,156.0
6.3701,-76.0,156.0
6.3752,2.0,156.0
6.3801,59.0,156.0
6.3853,-20.0,156.0
6.3901,-10.0,154.0
6.395,37.0,154.0
6.4002,-41.0,154.0
6.4053,-44.0,156.0
6.4102,72.0,156.0
6.4154,24.0,156.0
6.4201,-85.0,156.0
6.425,-3.0,156.0
6.4303,60.0,156.0
6.4352,2.0,156.0
6.4402,28.0,154.0
6.4452,12.0,152.0
6.4501,-140.0,152.0
6.4553,-62.0,150.0
6.46,182.0,152.0
6.465,94.0,150.0
6.47,-130.0,150.0
6.475,-55.0,150.0
6.48,44.0,148.0
6.485,-22.0,146.0
6.4902,8.0,144.0
6.4953,69.0,144.0
6.5002,-10.0,144.0
6.505,-53.0,144.0
6.51,-15.0,144.0
6.5153,-5.0,144.0
6.5201,36.0,142.0
6.5253,68.0,142.0
6.5301,-16.0,140.0
6.535,-95.0,140.0
6.54,-37.0,140.0
6.545,36.0,138.0
6.55,28.0,136.0
6.5552,107.0,138.0
6.56,166.0,138.0
6.5651,-180.0,138.0
6.5701,-444.0,142.0
6.5751,54.0,140.0
6.5803,517.0,146.0
6.5851,106.0,146.0
6.5902,-327.0,150.0
6.595,-71.0,150.0
6.6003,110.0,150.0
6.6053,-108.0,150.0
6.6101,-28.0,150.0
6.6151,231.0,150.0
6.62,27.0,148.0
6.625,-218.0,148.0
6.6301,0.0,148.0
6.6352,136.0,146.0
6.6401,-70.0,146.0
6.6452,-53.0,142.0
6.65,122.0,144.0
6.655,-22.0,140.0
6.66,-120.0,142.0
6.6652,75.0,142.0
6.6701,74.0,142.0
6.6751,-74.0,144.0
6.68,-2.0,144.0
6.685,31.0,144.0
6.6901,-74.0,144.0
6.6951,-9.0,144.0
6.7,114.0,144.0
6.7052,47.0,144.0
6.71,-84.0,144.0
6.7153,-117.0,144.0
6.7202,-4.0,144.0
6.7252,153.0,146.0
6.7301,94.0,146.0
6.7351,-113.0,146.0
6.7401,-113.0,148.0
6.7458,29.0,146.0
6.7501,43.0,146.0
6.7551,22.0,144.0
6.7601,48.0,144.0
6.765,-6.0,142.0
6.77,-71.0,142.0
6.775,-26.0,142.0
6.7802,0.0,140.0
6.785,20.0,140.0
6.7901,106.0,140.0
6.795,19.0,140.0
6.8001,-177.0,140.0
6.8053,-49.0,140.0
6.8101,193.0,142.0
6.815,44.0,142.0
6.82,-175.0,144.0
6.8251,-15.0,144.0
6.83,134.0,146.0
6.8351,-27.0,144.0
6.8401,-77.0,144.0
6.845,83.0,146.0
6.8503,45.0,146.0
6.8552,-127.0,148.0
6.8601,-70.0,148.0
6.8651,114.0,150.0
6.8702,105.0,150.0
6.875,-36.0,150.0
6.88,-61.0,148.0
6.885,-31.0,148.0
6.8906,-51.0,150.0
6.8957,19.0,150.0
6.9,112.0,150.0
6.9051,24.0,148.0
6.9103,-64.0,148.0
6.9154,0.0,146.0
6.92,0.0,144.0
6.9252,-82.0,144.0
6.9304,0.0,142.0
6.9352,126.0,144.0
6.9402,31.0,142.0
6.9452,-87.0,142.0
6.9506,-8.0,142.0
6.9555,16.0,142.0
6.9602,-72.0,142.0
6.9651,2.0,142.0
6.9702,115.0,142.0
6.9762,34.0,142.0
6.9802,-63.0,142.0
6.9852,-57.0,144.0
6.99,-27.0,144.0
6.9954,46.0,144.0
7.0003,72.0,144.0
7.0051,-58.0,144.0
7.0102,-70.0,144.0
7.015,108.0,146.0
7.02,66.0,146.0
7.0252,-143.0,148.0
7.0302,-86.0,150.0
7.0355,130.0,150.0
7.0401,122.0,152.0
7.045,-89.0,152.0
7.0502,-155.0,154.0
7.0553,34.0,154.0
7.0603,161.0,156.0
7.0657,23.0,156.0
7.07,-133.0,156.0
7.075,-61.0,158.0
7.0802,84.0,158.0
7.0852,47.0,158.0
7.0909,-55.0,158.0
7.095,0.0,156.0
7.1,73.0,154.0
7.1051,-22.0,154.0
7.1102,-111.0,154.0
7.1153,14.0,152.0
7.1203,126.0,154.0
7.1256,-36.0,154.0
7.13,-127.0,156.0
7.135,96.0,156.0
7.1404,130.0,158.0
7.1453,-114.0,160.0
7.15,-88.0,160.0
7.155,66.0,162.0
7.1601,-40.0,162.0
7.1651,-14.0,160.0
7.1702,191.0,164.0
7.1751,-13.0,162.0
7.1811,-260.0,166.0
7.185,53.0,166.0
7.1905,239.0,170.0
7.1952,-109.0,170.0
7.2002,-196.0,170.0
7.2056,129.0,168.0
7.21,159.0,164.0
7.2151,-100.0,166.0
7.2202,-108.0,158.0
7.2251,62.0,158.0
7.2304,45.0,154.0
7.2349,-43.0,154.0
7.2405,5.0,152.0
7.245,34.0,150.0
7.25,-41.0,150.0
7.255,-19.0,148.0
7.2604,79.0,148.0
7.2656,-2.0,144.0
7.2699,-118.0,146.0
7.2751,22.0,144.0
7.2802,126.0,146.0
7.2852,-38.0,146.0
7.2907,-98.0,146.0
7.295,50.0,146.0
7.3,54.0,144.0
7.3052,-48.0,144.0
7.3101,11.0,144.0
7.3151,38.0,142.0
7.3199,-101.0,144.0
7.3255,-43.0,144.0
7.3305,161.0,146.0
7.3353,46.0,146.0
7.3401,-154.0,146.0
7.3453,-11.0,146.0
7.35,117.0,146.0
7.355,-39.0,146.0
7.36,-106.0,148.0
7.3651,44.0,146.0
7.3704,124.0,146.0
7.3756,27.0,144.0
7.3805,-138.0,146.0
7.3855,-134.0,146.0
7.3907,144.0,148.0
7.3952,205.0,152.0
7.4003,-175.0,154.0
7.4052,-219.0,156.0
7.41,245.0,160.0
7.4149,209.0,162.0
7.4199,-303.0,166.0
7.4252,-187.0,170.0
7.4302,304.0,172.0
7.4352,143.0,174.0
7.4405,-259.0,176.0
7.4453,-90.0,176.0
7.45,194.0,176.0
7.4556,56.0,176.0
7.4603,-112.0,176.0
7.465,-55.0,176.0
7.47,14.0,174.0
7.4751,77.0,176.0
7.4801,70.0,174.0
7.4853,-100.0,176.0
7.4905,-95.0,176.0
7.4951,116.0,176.0
7.5,47.0,176.0
7.505,-138.0,176.0
7.51,34.0,174.0
7.5154,151.0,176.0
7.52,-107.0,178.0
7.5257,-129.0,178.0
7.5307,165.0,180.0
7.5351,80.0,182.0
7.54,-207.0,182.0
7.5455,-27.0,184.0
7.55,235.0,186.0
7.5555,-3.0,186.0
7.5602,-249.0,190.0
7.5651,-23.0,188.0
7.57,212.0,192.0
7.5765,96.0,192.0
7.58,-106.0,192.0
7.5859,-141.0,194.0
7.5899,-13.0,194.0
7.5951,114.0,196.0
7.6001,78.0,196.0
7.6058,-30.0,196.0
7.6112,-76.0,196.0
7.6149,-62.0,196.0
7.6201,14.0,194.0
7.6251,83.0,196.0
7.6302,72.0,196.0
7.6354,5.0,196.0
7.6405,-111.0,196.0
7.6462,-118.0,196.0
7.6501,82.0,196.0
7.6553,155.0,198.0
7.6603,-45.0,198.0
7.6655,-126.0,198.0
7.67,36.0,196.0
7.6756,88.0,196.0
7.68,-43.0,194.0
7.6852,-60.0,194.0
7.6907,66.0,192.0
7.6957,48.0,192.0
7.7,-118.0,192.0
7.7053,-81.0,194.0
7.7102,149.0,194.0
7.715,146.0,194.0
7.7207,-98.0,194.0
7.7249,-173.0,196.0
7.7305,7.0,196.0
7.7354,129.0,198.0
7.7399,27.0,198.0
7.7453,-69.0,198.0
7.7499,-3.0,196.0
7.7554,35.0,196.0
7.7602,-19.0,196.0
7.7651,-11.0,194.0
7.7704,14.0,192.0
7.7751,-18.0,192.0
7.7799,-7.0,190.0
7.7857,31.0,188.0
7.7905,16.0,188.0
7.7951,-2.0,186.0
7.8002,-23.0,186.0
7.8053,-63.0,186.0
7.8105,-9.0,184.0
7.8158,111.0,186.0
7.8203,85.0,182.0
7.8252,-91.0,184.0
7.8301,-147.0,182.0
7.8356,35.0,180.0
7.8405,129.0,180.0
7.8456,-30.0,178.0
7.8502,-34.0,176.0
7.8552,99.0,176.0
7.8604,-55.0,176.0
7.8655,-159.0,176.0
7.8699,79.0,178.0
7.8751,127.0,178.0
7.8801,-51.0,180.0
7.8852,-29.0,180.0
7.8901,14.0,178.0
7.8956,-43.0,180.0
7.9,12.0,178.0
7.9049,38.0,178.0
7.91,-30.0,178.0
7.9149,18.0,178.0
7.92,59.0,176.0
7.9251,-60.0,176.0
7.93,-99.0,176.0
7.9351,46.0,176.0
7.94,110.0,178.0
7.9453,-1.0,176.0
7.95,-55.0,178.0
7.9551,17.0,178.0
7.96,-22.0,176.0
7.965,-135.0,178.0
7.97,47.0,176.0
7.975,269.0,180.0
7.9801,-27.0,178.0
7.9851,-319.0,182.0
7.99,33.0,180.0
7.995,287.0,184.0
8.0001,-81.0,184.0
8.0051,-224.0,186.0
8.0101,117.0,186.0
8.015,165.0,188.0
8.02,-93.0,188.0
8.0251,-123.0,188.0
8.0302,11.0,186.0
8.0349,92.0,184.0
8.0401,78.0,182.0
8.045,-65.0,180.0
8.05,-134.0,178.0
8.055,62.0,176.0
8.0601,167.0,174.0
8.065,-73.0,172.0
8.07,-195.0,170.0
8.075,53.0,170.0
8.08,191.0,168.0
8.085,9.0,166.0
8.0902,-117.0,166.0
8.0952,-58.0,166.0
8.1,-29.0,164.0
8.1049,0.0,164.0
8.11,187.0,166.0
8.1151,183.0,168.0
8.1202,-255.0,170.0
8.1251,-377.0,176.0
8.13,208.0,176.0
8.1353,420.0,182.0
8.1402,-127.0,182.0
8.1455,-295.0,186.0
8.15,96.0,186.0
8.1551,127.0,186.0
8.1606,-103.0,186.0
8.1651,-27.0,184.0
8.1701,73.0,182.0
8.1751,-8.0,182.0
8.1802,18.0,178.0
8.185,37.0,178.0
8.1901,-125.0,178.0
8.195,-69.0,178.0
8.2002,192.0,178.0
8.2051,74.0,178.0
8.2101,-212.0,178.0
8.215,-50.0,178.0
8.22,195.0,178.0
8.2249,24.0,178.0
8.2301,-151.0,180.0
8.2351,1.0,178.0
8.2402,106.0,178.0
8.2452,-27.0,178.0
8.2502,-77.0,178.0
8.2552,22.0,178.0
8.2602,42.0,178.0
8.2651,30.0,176.0
8.2702,17.0,176.0
8.275,-85.0,178.0
8.28,-78.0,176.0
8.2851,90.0,176.0
8.2902,121.0,176.0
8.2951,-38.0,176.0
8.3001,-152.0,176.0
8.3051,-34.0,176.0
8.31,166.0,178.0
8.3149,76.0,178.0
8.3201,-156.0,178.0
8.3251,-80.0,180.0
8.3302,127.0,180.0
8.335,77.0,180.0
8.34,-83.0,180.0
8.345,-70.0,180.0
8.35,15.0,178.0
8.355,30.0,176.0
8.36,61.0,176.0
8.365,43.0,174.0
8.37,-95.0,174.0
8.3753,-101.0,174.0
8.3802,54.0,174.0
8.3851,86.0,174.0
8.3902,24.0,176.0
8.395,-2.0,174.0
8.4,-71.0,176.0
8.4051,-92.0,176.0
8.4102,61.0,178.0
8.415,146.0,180.0
8.42,-11.0,180.0
8.4251,-149.0,182.0
8.4303,-39.0,182.0
8.4351,133.0,184.0
8.4401,71.0,184.0
8.445,-136.0,186.0
8.4501,-83.0,186.0
8.455,155.0,188.0
8.4602,67.0,188.0
8.465,-161.0,188.0
8.47,-14.0,186.0
8.475,145.0,188.0
8.48,-52.0,186.0
8.485,-124.0,188.0
8.4905,79.0,190.0
8.4952,125.0,190.0
8.5,-34.0,190.0
8.505,-138.0,188.0
8.5099,-45.0,188.0
8.5151,127.0,188.0
8.5202,89.0,188.0
8.525,-84.0,190.0
8.53,-69.0,190.0
8.5354,39.0,190.0
8.54,12.0,190.0
8.545,-42.0,190.0
8.55,28.0,190.0
8.5551,90.0,192.0
8.56,-13.0,190.0
8.565,-110.0,192.0
8.57,-30.0,190.0
8.575,65.0,190.0
8.58,30.0,190.0
8.585,-23.0,190.0
8.59,27.0,190.0
8.595,37.0,190.0
8.6,-92.0,192.0
8.6053,-68.0,190.0
8.6102,122.0,192.0
8.615,70.0,188.0
8.62,-124.0,190.0
8.625,-52.0,186.0
8.6301,111.0,186.0
8.6352,38.0,182.0
8.6402,-71.0,182.0
8.6449,-26.0,180.0
8.6503,2.0,178.0
8.655,1.0,176.0
8.6602,76.0,174.0
8.6649,51.0,174.0
8.6701,-122.0,176.0
8.675,-129.0,176.0
8.6799,93.0,176.0
8.685,188.0,178.0
8.6902,2.0,176.0
8.6951,-170.0,178.0
8.7,-94.0,176.0
8.705,90.0,176.0
8.71,122.0,176.0
8.7151,-34.0,176.0
8.7201,-116.0,174.0
8.7252,42.0,174.0
8.7302,124.0,174.0
8.7349,-74.0,176.0
8.7402,-134.0,176.0
8.7452,88.0,178.0
8.7501,108.0,178.0
8.755,-93.0,176.0
8.76,-48.0,172.0
8.7649,102.0,168.0
8.7702,-21.0,166.0
8.7753,-108.0,160.0
8.78,69.0,160.0
8.7852,99.0,156.0
8.7901,-69.0,156.0
8.795,-59.0,154.0
8.8001,36.0,154.0
8.8049,-6.0,154.0
8.8101,-1.0,152.0
8.815,61.0,154.0
8.82,-33.0,154.0
8.825,-85.0,154.0
8.8301,70.0,154.0
8.8351,97.0,154.0
8.84,-87.0,152.0
8.845,-112.0,152.0
8.8502,60.0,150.0
8.855,113.0,152.0
8.8601,1.0,148.0
8.8652,-88.0,150.0
8.8702,-59.0,148.0
8.8749,60.0,148.0
8.8799,79.0,148.0
8.8853,-55.0,148.0
8.8902,-77.0,148.0
8.895,52.0,150.0
8.8999,76.0,150.0
8.905,-7.0,150.0
8.91,-50.0,150.0
8.9152,-62.0,150.0
8.9201,-20.0,148.0
8.9251,86.0,148.0
8.93,85.0,148.0
8.935,-48.0,148.0
8.94,-86.0,148.0
8.945,14.0,146.0
8.9501,41.0,144.0
8.955,-34.0,144.0
8.96,-5.0,142.0
8.965,76.0,142.0
8.97,2.0,140.0
8.9751,-84.0,140.0
8.9801,-14.0,138.0
8.9851,47.0,138.0
8.9901,25.0,138.0
8.9949,8.0,138.0
9.0002,-20.0,138.0
9.0053,-51.0,138.0
9.0101,-14.0,136.0
9.015,60.0,136.0
9.02,65.0,136.0
9.025,-42.0,136.0
9.0304,-103.0,136.0
9.035,19.0,136.0
9.04,123.0,138.0
9.0449,15.0,136.0
9.0501,-113.0,138.0
9.0551,-74.0,136.0
9.06,46.0,136.0
9.0652,117.0,136.0
9.07,37.0,136.0
9.075,-106.0,136.0
9.0799,-45.0,136.0
9.0849,102.0,134.0
9.0903,-10.0,134.0
9.095,-168.0,134.0
9.1,15.0,134.0
9.105,231.0,134.0
9.11,66.0,134.0
9.115,-176.0,136.0
9.1201,-141.0,136.0
9.1251,20.0,136.0
9.1307,123.0,136.0
9.135,93.0,136.0
9.1401,-47.0,136.0
9.145,-80.0,134.0
9.1501,21.0,134.0
9.155,0.0,132.0
9.1599,-78.0,132.0
9.165,32.0,132.0
9.17,129.0,132.0
9.1751,-10.0,132.0
9.18,-87.0,134.0
9.185,21.0,132.0
9.19,-9.0,132.0
9.195,-97.0,132.0
9.2,66.0,134.0
9.2052,141.0,134.0
9.2101,-69.0,134.0
9.215,-63.0,134.0
9.22,82.0,136.0
9.2253,-91.0,136.0
9.2302,-139.0,138.0
9.2351,186.0,140.0
9.2402,180.0,142.0
9.2452,-161.0,144.0
9.2503,-132.0,144.0
9.255,81.0,144.0
9.2601,0.0,142.0
9.2652,-28.0,142.0
9.27,141.0,142.0
9.2749,14.0,142.0
9.28,-219.0,144.0
9.2851,-6.0,144.0
9.2904,202.0,146.0
9.295,-28.0,146.0
9.3001,-130.0,148.0
9.305,88.0,148.0
9.31,77.0,148.0
9.315,-138.0,148.0
9.32,-72.0,148.0
9.325,138.0,146.0
9.33,84.0,148.0
9.3352,-70.0,146.0
9.3401,-70.0,146.0
9.3451,-39.0,146.0
9.3501,27.0,144.0
9.355,117.0,144.0
9.3599,6.0,144.0
9.365,-107.0,144.0
9.37,4.0,142.0
9.3751,32.0,142.0
9.38,-59.0,140.0
9.385,39.0,140.0
9.39,116.0,140.0
9.395,-63.0,140.0
9.4,-131.0,140.0
9.4051,62.0,140.0
9.4102,123.0,142.0
9.4151,-69.0,142.0
9.4201,-149.0,142.0
9.4253,56.0,142.0
9.4303,198.0,144.0
9.4351,11.0,142.0
9.4401,-187.0,146.0
9.445,-72.0,146.0
9.45,93.0,148.0
9.4551,33.0,148.0
9.46,-16.0,148.0
9.465,90.0,148.0
9.47,43.0,146.0
9.475,-184.0,148.0
9.48,-133.0,148.0
9.485,176.0,150.0
9.4902,184.0,152.0
9.495,-106.0,152.0
9.5,-167.0,154.0
9.5049,52.0,154.0
9.5099,122.0,154.0
9.5151,-49.0,154.0
9.5202,-94.0,154.0
9.525,76.0,156.0
9.53,91.0,156.0
9.5349,-95.0,156.0
9.5399,-93.0,156.0
9.5451,93.0,158.0
9.55,78.0,158.0
9.555,-86.0,158.0
9.5599,-51.0,158.0
9.565,82.0,158.0
9.57,37.0,158.0
9.5751,-66.0,158.0
9.58,-49.0,158.0
9.585,33.0,158.0
9.5901,62.0,158.0
9.595,-11.0,158.0
9.6003,-46.0,158.0
9.6053,24.0,158.0
9.61,-1.0,158.0
9.615,-48.0,158.0
9.6201,49.0,158.0
9.6252,33.0,158.0
9.6302,-55.0,158.0
9.6351,26.0,158.0
9.6399,21.0,158.0
9.645,-85.0,158.0
9.6499,5.0,158.0
9.655,75.0,158.0
9.6602,-17.0,158.0
9.665,17.0,158.0
9.6699,68.0,158.0
9.675,-121.0,158.0
9.68,-168.0,160.0
9.6849,140.0,162.0
9.6904,241.0,164.0
9.695,-37.0,162.0
9.7001,-212.0,166.0
9.705,-116.0,166.0
9.71,98.0,166.0
9.7151,200.0,168.0
9.72,-3.0,168.0
9.7252,-171.0,168.0
9.73,3.0,168.0
9.7352,102.0,168.0
9.74,-59.0,168.0
9.7451,-79.0,166.0
9.75,76.0,166.0
9.755,82.0,164.0
9.76,-33.0,162.0
9.765,-29.0,162.0
9.7711,17.0,162.0
9.775,-73.0,160.0
9.78,-89.0,162.0
9.785,107.0,162.0
9.7901,171.0,164.0
9.795,-15.0,164.0
9.8001,-135.0,166.0
9.8054,-95.0,166.0
9.81,-6.0,164.0
9.8149,96.0,166.0
9.8199,117.0,166.0
9.8249,9.0,166.0
9.83,-103.0,168.0
9.8351,-117.0,168.0
9.8401,-2.0,166.0
9.845,140.0,166.0
9.85,113.0,168.0
9.855,-64.0,168.0
9.8606,-163.0,168.0
9.8649,-56.0,168.0
9.8699,124.0,168.0
9.8749,128.0,166.0
9.88,-30.0,164.0
9.885,-92.0,164.0
9.8901,-36.0,162.0
9.8952,-1.0,160.0
9.9001,42.0,162.0
9.905,48.0,162.0
9.9101,-23.0,160.0
9.9151,-31.0,160.0
9.9201,5.0,156.0
9.925,18.0,158.0
9.93,24.0,154.0
9.935,-37.0,154.0
9.9405,-79.0,154.0
9.9454,37.0,152.0
9.95,138.0,154.0
9.9551,20.0,152.0
9.96,-159.0,154.0
9.965,-98.0,152.0
9.97,138.0,154.0
9.9752,138.0,154.0
9.9801,-110.0,156.0
9.9849,-135.0,156.0
9.99,111.0,158.0
9.995,126.0,158.0
10.0,-131.0,160.0
10.0055,-108.0,160.0
10.0099,143.0,162.0
10.015,39.0,162.0
10.02,-156.0,164.0
10.0249,38.0,164.0
10.0302,182.0,164.0
10.0352,-16.0,164.0
10.0401,-177.0,164.0
10.045,-98.0,166.0
10.05,102.0,166.0
10.0549,179.0,166.0
10.06,-8.0,164.0
10.0651,-157.0,166.0
10.07,-22.0,164.0
10.075,75.0,164.0
10.0799,-7.0,162.0
10.085,5.0,160.0
10.0901,38.0,160.0
10.0951,-55.0,160.0
10.1,-24.0,160.0
10.105,62.0,160.0
10.1101,-25.0,160.0
10.115,-22.0,156.0
10.12,71.0,156.0
10.125,-61.0,154.0
10.13,-98.0,152.0
10.135,156.0,154.0
10.14,114.0,152.0
10.145,-193.0,156.0
10.15,-111.0,154.0
10.155,147.0,156.0
10.1599,61.0,156.0
10.165,-78.0,156.0
10.1699,9.0,154.0
10.1753,56.0,154.0
10.1801,-41.0,154.0
10.185,-74.0,152.0
10.1901,19.0,152.0
10.1949,84.0,152.0
10.2002,23.0,152.0
10.2054,-72.0,152.0
10.21,-71.0,152.0
10.215,48.0,152.0
10.22,108.0,152.0
10.225,-19.0,152.0
10.23,-100.0,152.0
10.2349,2.0,152.0
10.2402,38.0,152.0
10.2452,-11.0,152.0
10.2503,27.0,152.0
10.255,29.0,152.0
10.26,-50.0,152.0
10.2652,-24.0,152.0
10.27,26.0,152.0
10.275,-10.0,152.0
10.2799,14.0,152.0
10.2849,50.0,152.0
10.2901,-47.0,152.0
10.2952,-64.0,152.0
10.3,70.0,152.0
10.305,41.0,152.0
10.31,-102.0,154.0
10.3151,-13.0,152.0
10.3202,135.0,152.0
10.3249,18.0,150.0
10.3301,-124.0,148.0
10.3352,-32.0,148.0
10.3399,61.0,144.0
10.3449,2.0,144.0
10.35,-3.0,142.0
10.355,69.0,140.0
10.3599,6.0,140.0
10.3651,-117.0,138.0
10.37,-49.0,140.0
10.3751,94.0,140.0
10.3802,67.0,140.0
10.3852,-40.0,138.0
10.39,-49.0,138.0
10.395,28.0,138.0
10.4,38.0,138.0
10.4051,-67.0,138.0
10.4101,-51.0,138.0
10.415,111.0,140.0
10.4199,57.0,138.0
10.4251,-132.0,140.0
10.4301,-18.0,136.0
10.4352,156.0,140.0
10.4402,-44.0,138.0
10.4452,-206.0,140.0
10.45,58.0,140.0
10.4551,239.0,142.0
10.46,0.0,140.0
10.4651,-198.0,144.0
10.47,-64.0,144.0
10.475,110.0,142.0
10.4799,73.0,144.0
10.4849,-39.0,142.0
10.4901,-38.0,142.0
10.4951,-10.0,140.0
10.5001,0.0,138.0
10.5049,69.0,138.0
10.5099,22.0,136.0
10.5149,-120.0,136.0
10.5201,-27.0,136.0
10.5252,130.0,136.0
10.5301,38.0,136.0
10.535,-96.0,138.0
10.5399,-63.0,138.0
10.545,53.0,138.0
10.5501,80.0,140.0
10.5552,-39.0,140.0
10.5601,-75.0,140.0
10.5649,44.0,142.0
10.5701,52.0,142.0
10.575,-21.0,142.0
10.5801,0.0,140.0
10.5852,-21.0,140.0
10.5901,-77.0,140.0
10.595,42.0,140.0
10.6002,137.0,140.0
10.6055,-35.0,138.0
10.6101,-138.0,138.0
10.615,30.0,136.0
10.6203,87.0,136.0
10.6249,-52.0,134.0
10.6302,-17.0,134.0
10.6351,102.0,132.0
10.6401,-33.0,132.0
10.6452,-151.0,132.0
10.6499,33.0,130.0
10.655,155.0,132.0
10.66,19.0,130.0
10.6652,-119.0,132.0
10.6702,-93.0,130.0
10.675,112.0,132.0
10.6799,160.0,132.0
10.685,-176.0,132.0
10.6901,-212.0,134.0
10.695,236.0,134.0
10.7,218.0,138.0
10.705,-190.0,138.0
10.71,-126.0,140.0
10.7149,70.0,140.0
10.7202,-47.0,140.0
10.7249,6.0,140.0
10.7299,192.0,144.0
10.735,-10.0,142.0
10.74,-231.0,146.0
10.7451,-6.0,146.0
10.7501,206.0,148.0
10.755,35.0,148.0
10.7601,-166.0,150.0
10.765,-95.0,150.0
10.7699,74.0,150.0
10.7752,141.0,150.0
10.78,82.0,148.0
10.7851,-102.0,148.0
10.7901,-220.0,150.0
10.795,-7.0,148.0
10.8,233.0,150.0
10.8054,70.0,150.0
10.81,-133.0,152.0
10.8149,3.0,150.0
10.8199,65.0,152.0
10.8249,-138.0,152.0
10.83,-118.0,154.0
10.835,182.0,156.0
10.8401,206.0,158.0
10.845,-101.0,158.0
10.8499,-196.0,160.0
10.8549,2.0,160.0
10.8601,84.0,160.0
10.8649,20.0,160.0
10.87,15.0,158.0
10.8749,20.0,158.0
10.88,-35.0,158.0
10.8849,-82.0,160.0
10.8902,0.0,158.0
10.895,144.0,160.0
10.8999,66.0,160.0
10.905,-178.0,164.0
10.91,-156.0,166.0
10.9159,136.0,168.0
10.9205,231.0,170.0
10.9249,-29.0,170.0
10.93,-234.0,174.0
10.935,-61.0,174.0
10.94,175.0,174.0
10.9449,81.0,176.0
10.95,-139.0,176.0
10.955,-82.0,178.0
10.96,159.0,178.0
10.9652,142.0,180.0
10.97,-152.0,180.0
10.975,-236.0,184.0
10.98,56.0,184.0
10.985,249.0,186.0
10.9899,72.0,188.0
10.995,-140.0,190.0
11.0014,-120.0,190.0
11.0051,5.0,190.0
11.0099,50.0,190.0
11.0149,33.0,188.0
11.0199,47.0,188.0
11.0251,41.0,188.0
11.03,-68.0,188.0
11.035,-133.0,190.0
11.0399,16.0,190.0
11.0449,153.0,190.0
11.0499,27.0,190.0
11.055,-118.0,190.0
11.0599,-37.0,190.0
11.0649,97.0,190.0
11.07,52.0,190.0
11.075,-108.0,190.0
11.0799,-91.0,190.0
11.0849,97.0,188.0
11.0901,124.0,190.0
11.0952,-42.0,186.0
11.1,-120.0,188.0
11.1049,-26.0,186.0
11.1099,83.0,186.0
11.1149,78.0,186.0
11.1203,-21.0,184.0
11.125,-98.0,186.0
11.13,-50.0,186.0
11.1352,72.0,186.0
11.1399,92.0,188.0
11.1451,-14.0,188.0
11.1499,-85.0,188.0
11.155,-45.0,188.0
11.1599,57.0,188.0
11.165,102.0,188.0
11.1699,-38.0,188.0
11.1752,-164.0,188.0
11.18,23.0,188.0
11.1851,217.0,190.0
11.19,0.0,188.0
11.195,-223.0,192.0
11.2002,-10.0,190.0
11.205,177.0,192.0
11.2101,-20.0,192.0
11.215,-122.0,194.0
11.2199,74.0,196.0
11.2249,96.0,196.0
11.2301,-103.0,196.0
11.235,-105.0,198.0
11.24,89.0,196.0
11.245,129.0,198.0
11.25,-62.0,198.0
11.255,-133.0,198.0
11.2601,59.0,198.0
11.2652,111.0,200.0
11.27,-77.0,200.0
11.275,-89.0,200.0
11.28,74.0,200.0
11.2849,73.0,200.0
11.2903,-26.0,200.0
11.295,-40.0,198.0
11.3,-26.0,198.0
11.3049,-14.0,196.0
11.3099,26.0,194.0
11.315,42.0,194.0
11.3199,22.0,192.0
11.325,-2.0,190.0
11.33,-52.0,186.0
11.3349,-62.0,184.0
11.3399,27.0,180.0
11.3451,80.0,180.0
11.3499,29.0,178.0
11.355,-37.0,178.0
11.3599,-70.0,178.0
11.365,-21.0,178.0
11.3699,53.0,176.0
11.375,28.0,176.0
11.3799,9.0,172.0
11.385,43.0,172.0
11.39,-55.0,170.0
11.3949,-134.0,172.0
11.4,51.0,170.0
11.4051,167.0,172.0
11.41,-23.0,170.0
11.415,-124.0,170.0
11.4199,2.0,170.0
11.4249,35.0,168.0
11.4301,-8.0,164.0
11.4352,39.0,166.0
11.4402,48.0,162.0
11.4451,-39.0,162.0
11.4503,-81.0,162.0
11.4549,-28.0,162.0
11.4602,62.0,162.0
11.4651,73.0,160.0
11.4699,-27.0,158.0
11.475,-38.0,156.0
11.4799,57.0,154.0
11.4851,-31.0,154.0
11.4903,-153.0,152.0
11.4951,58.0,154.0
11.4999,226.0,156.0
11.5049,-29.0,156.0
11.51,-218.0,160.0
11.515,2.0,158.0
11.52,146.0,160.0
11.525,-30.0,160.0
11.53,-64.0,160.0
11.535,92.0,160.0
11.54,13.0,160.0
11.5451,-99.0,158.0
11.5501,11.0,156.0
11.555,10.0,154.0
11.5599,-59.0,150.0
11.565,89.0,152.0
11.57,142.0,150.0
11.5751,-85.0,150.0
11.5801,-192.0,150.0
11.5849,-5.0,150.0
11.59,155.0,150.0
11.595,63.0,150.0
11.6,-74.0,148.0
11.6053,-57.0,148.0
11.6102,24.0,146.0
11.615,66.0,142.0
11.6199,6.0,142.0
11.625,-115.0,140.0
11.6301,-62.0,140.0
11.6352,120.0,140.0
11.6401,97.0,138.0
11.6451,-27.0,140.0
11.65,-32.0,138.0
11.6552,-88.0,140.0
11.6604,-102.0,140.0
11.6651,129.0,142.0
11.67,184.0,144.0
11.675,-91.0,144.0
11.68,-137.0,144.0
11.6851,42.0,144.0
11.69,5.0,142.0
11.695,-24.0,142.0
11.7,100.0,142.0
11.7049,33.0,142.0
11.7099,-104.0,142.0
11.7151,-48.0,142.0
11.72,10.0,140.0
11.7249,60.0,140.0
11.73,108.0,140.0
11.735,-74.0,140.0
11.74,-184.0,140.0
11.7449,92.0,142.0
11.75,190.0,144.0
11.755,-99.0,144.0
11.7601,-132.0,146.0
11.7649,79.0,146.0
11.772,26.0,144.0
11.7749,-50.0,144.0
11.78,90.0,144.0
11.7851,37.0,144.0
11.79,-161.0,146.0
11.795,-48.0,146.0
11.8002,152.0,148.0
11.8052,73.0,148.0
11.8101,-71.0,148.0
11.8151,-98.0,146.0
11.8199,-29.0,146.0
11.8249,135.0,146.0
11.8302,105.0,146.0
11.835,-191.0,146.0
11.8401,-164.0,148.0
11.845,221.0,150.0
11.85,209.0,152.0
11.855,-170.0,154.0
11.86,-172.0,154.0
11.8649,87.0,154.0
11.8699,17.0,154.0
11.8749,-88.0,154.0
11.8799,143.0,154.0
11.8849,185.0,154.0
11.8901,-176.0,156.0
11.895,-263.0,158.0
11.9,100.0,160.0
11.905,220.0,160.0
11.91,-50.0,160.0
11.915,-83.0,160.0
11.9201,108.0,160.0
11.9249,-35.0,160.0
11.93,-214.0,164.0
11.9353,69.0,164.0
11.9399,272.0,168.0
11.9451,-43.0,168.0
11.95,-260.0,172.0
11.9549,1.0,172.0
11.96,196.0,174.0
11.965,47.0,174.0
11.97,-87.0,174.0
11.9749,-99.0,176.0
11.9801,-45.0,176.0
11.9849,127.0,176.0
11.9901,142.0,178.0
11.995,-124.0,180.0
12.0003,-145.0,180.0
12.0051,120.0,182.0
12.0099,70.0,182.0
12.0149,-130.0,184.0
12.0199,5.0,184.0
12.0249,123.0,186.0
12.0301,-25.0,186.0
12.035,-78.0,184.0
12.0401,-5.0,184.0
12.0449,16.0,182.0
12.0499,37.0,182.0
12.055,34.0,180.0
12.06,-39.0,180.0
12.0651,-58.0,180.0
12.0699,20.0,180.0
12.0749,56.0,182.0
12.0799,12.0,180.0
12.0849,-41.0,180.0
12.0903,-60.0,180.0
12.0952,11.0,180.0
12.1,107.0,180.0
12.105,46.0,180.0
12.11,-116.0,182.0
12.115,-107.0,182.0
12.1201,71.0,184.0
12.125,112.0,184.0
12.1301,-19.0,182.0
12.1352,-51.0,182.0
12.1399,26.0,180.0
12.1449,-25.0,178.0
12.1501,-81.0,176.0
12.155,99.0,178.0
12.1599,139.0,178.0
12.1649,-164.0,180.0
12.17,-194.0,182.0
12.1753,179.0,184.0
12.1801,225.0,188.0
12.1849,-122.0,188.0
12.19,-187.0,190.0
12.195,49.0,190.0
12.2001,105.0,192.0
12.205,-15.0,190.0
12.2101,-51.0,188.0
12.215,16.0,188.0
12.2199,40.0,186.0
12.2249,-31.0,186.0
12.2301,-27.0,184.0
12.235,57.0,184.0
12.2402,13.0,182.0
12.2449,-69.0,182.0
12.2502,-27.0,184.0
12.255,29.0,182.0
12.2604,39.0,182.0
12.265,45.0,182.0
12.2699,8.0,182.0
12.2749,-92.0,180.0
12.2799,-108.0,180.0
12.2852,70.0,182.0
12.2901,188.0,184.0
12.2949,5.0,182.0
12.3,-193.0,184.0
12.3049,-82.0,184.0
12.31,129.0,182.0
12.315,122.0,182.0
12.32,-48.0,182.0
12.3251,-117.0,182.0
12.3301,-12.0,182.0
12.3349,77.0,184.0
12.3399,70.0,184.0
12.3448,1.0,182.0
12.35,-136.0,184.0
12.3552,-113.0,184.0
12.3599,148.0,186.0
12.3649,190.0,188.0
12.3699,-53.0,188.0
12.3751,-153.0,188.0
12.3801,-91.0,188.0
12.385,28.0,186.0
12.3901,180.0,186.0
12.3949,81.0,186.0
12.4002,-176.0,186.0
12.4054,-118.0,188.0
12.41,123.0,188.0
12.4149,101.0,190.0
12.4199,-60.0,188.0
12.425,-58.0,190.0
12.4301,-8.0,186.0
12.4349,-2.0,186.0
12.4406,59.0,184.0
12.4454,66.0,184.0
12.45,-62.0,184.0
12.4553,-104.0,184.0
12.4605,29.0,184.0
12.4662,102.0,184.0
12.4699,-3.0,182.0
12.4753,-74.0,180.0
12.4801,1.0,178.0
12.4852,43.0,176.0
12.49,-1.0,172.0
12.4955,-17.0,170.0
12.5,-23.0,168.0
12.5051,-23.0,166.0
12.5101,50.0,166.0
12.5152,83.0,166.0
12.5199,-27.0,164.0
12.5256,-116.0,164.0
12.5304,-34.0,162.0
12.5351,99.0,160.0
12.5399,52.0,158.0
12.5453,-85.0,156.0
12.5499,25.0,156.0
12.5555,123.0,156.0
12.5601,-157.0,158.0
12.5651,-186.0,160.0
12.5703,238.0,160.0
12.5753,200.0,162.0
12.5805,-206.0,162.0
12.5856,-102.0,162.0
12.5905,122.0,160.0
12.5951,-94.0,162.0
12.6001,-104.0,160.0
12.6052,271.0,164.0
12.6101,181.0,164.0
12.615,-303.0,168.0
12.6201,-247.0,172.0
12.6251,197.0,172.0
12.6302,201.0,174.0
12.6355,-71.0,172.0
12.6407,-82.0,172.0
12.6454,3.0,170.0
12.6501,16.0,168.0
12.6551,48.0,168.0
12.6605,-39.0,168.0
12.6654,-131.0,168.0
12.6704,72.0,168.0
12.6751,203.0,170.0
12.6799,-61.0,172.0
12.6851,-192.0,174.0
12.6901,47.0,174.0
12.6956,117.0,176.0
12.6999,-60.0,176.0
12.705,-71.0,176.0
12.7099,51.0,176.0
12.7149,59.0,176.0
12.7205,12.0,176.0
12.7254,27.0,176.0
12.7307,-65.0,176.0
12.7352,-224.0,180.0
12.7401,42.0,180.0
12.7451,400.0,184.0
12.7499,21.0,184.0
12.7551,-410.0,188.0
12.7603,-42.0,188.0
12.7651,275.0,190.0
12.7707,2.0,190.0
12.7761,-115.0,190.0
12.7804,60.0,192.0
12.7854,11.0,190.0
12.7905,-128.0,192.0
12.7952,17.0,190.0
12.8002,186.0,192.0
12.8054,8.0,188.0
12.8099,-187.0,188.0
12.8153,-33.0,186.0
12.82,126.0,184.0
12.825,4.0,182.0
12.8301,-64.0,180.0
12.8356,52.0,182.0
12.8404,47.0,180.0
12.8456,-64.0,180.0
12.8501,-57.0,180.0
12.8549,7.0,180.0
12.8604,71.0,182.0
12.8649,57.0,182.0
12.8705,-106.0,182.0
12.8751,-82.0,184.0
12.8804,155.0,186.0
12.8852,78.0,186.0
12.8906,-156.0,188.0
12.8959,-43.0,188.0
12.9002,86.0,188.0
12.9051,-58.0,188.0
12.9101,-16.0,190.0
12.9151,194.0,190.0
12.9201,7.0,190.0
12.925,-261.0,192.0
12.9304,-31.0,190.0
12.9354,212.0,192.0
12.9399,37.0,190.0
12.9453,-111.0,190.0
12.9499,-22.0,190.0
12.9551,56.0,188.0
12.9603,20.0,188.0
12.9651,-76.0,188.0
12.9703,-51.0,188.0
12.9755,119.0,188.0
12.9804,89.0,188.0
12.9854,-138.0,190.0
12.9903,-84.0,190.0
12.9951,141.0,190.0
13.0002,31.0,188.0
13.0056,-151.0,188.0
13.0104,11.0,188.0
13.0151,139.0,188.0
13.02,-13.0,186.0
13.025,-57.0,186.0
13.0301,25.0,184.0
13.035,-55.0,184.0
13.0404,-82.0,182.0
13.0454,91.0,182.0
13.0501,117.0,182.0
13.0552,-22.0,180.0
13.0602,-66.0,180.0
13.0654,-73.0,180.0
13.0699,-35.0,180.0
13.0751,127.0,182.0
13.0801,118.0,184.0
13.0851,-127.0,184.0
13.0904,-155.0,186.0
13.0949,78.0,186.0
13.1006,134.0,188.0
13.105,1.0,186.0
13.1106,-46.0,186.0
13.1151,-32.0,186.0
13.1207,-58.0,186.0
13.1249,-70.0,188.0
13.1299,52.0,188.0
13.1349,241.0,192.0
13.1401,116.0,192.0
13.1453,-301.0,198.0
13.15,-312.0,202.0
13.1555,202.0,204.0
13.1602,354.0,208.0
13.1657,-79.0,208.0
13.1705,-225.0,210.0
13.1754,69.0,210.0
13.1807,66.0,210.0
13.1855,-166.0,212.0
13.1901,10.0,212.0
13.195,251.0,214.0
13.2003,-25.0,212.0
13.2051,-247.0,212.0
13.21,39.0,210.0
13.215,198.0,210.0
13.2201,-54.0,206.0
13.2251,-162.0,208.0
13.23,53.0,206.0
13.2355,135.0,208.0
13.2407,-56.0,206.0
13.2456,-98.0,204.0
13.2501,87.0,202.0
13.2551,79.0,200.0
13.2602,-117.0,198.0
13.2654,-112.0,196.0
13.2702,85.0,194.0
13.2749,165.0,196.0
13.2801,19.0,194.0
13.2853,-159.0,196.0
13.2905,-119.0,198.0
13.2954,89.0,200.0
13.2999,146.0,200.0
13.3051,-24.0,200.0
13.3102,-118.0,200.0
13.3152,2.0,196.0
13.3204,81.0,196.0
13.3254,-7.0,194.0
13.3306,-53.0,194.0
13.335,25.0,192.0
13.3401,39.0,192.0
13.3453,-35.0,192.0
13.3508,-26.0,192.0
13.355,23.0,190.0
13.36,-10.0,190.0
13.3651,-4.0,190.0
13.3701,64.0,190.0
13.3754,6.0,188.0
13.3804,-86.0,188.0
13.3854,-28.0,182.0
13.3905,53.0,182.0
13.3952,58.0,176.0
13.3999,13.0,176.0
13.4055,-91.0,174.0
13.4104,-90.0,174.0
13.4151,109.0,174.0
13.4201,141.0,176.0
13.4251,-99.0,178.0
13.4301,-130.0,178.0
13.435,81.0,178.0
13.44,62.0,176.0
13.4451,-74.0,178.0
13.4499,18.0,174.0
13.455,77.0,176.0
13.4602,-78.0,174.0
13.4649,-79.0,176.0
13.4699,102.0,176.0
13.4749,72.0,178.0
13.48,-84.0,178.0
13.485,-44.0,178.0
13.4901,52.0,178.0
13.4949,4.0,178.0
13.5,-35.0,176.0
13.5049,37.0,176.0
13.5099,37.0,176.0
13.515,-75.0,176.0
13.52,-48.0,174.0
13.525,94.0,174.0
13.53,49.0,172.0
13.535,-92.0,172.0
13.54,-32.0,172.0
13.5451,105.0,172.0
13.5501,36.0,172.0
13.555,-141.0,172.0
13.5601,-89.0,174.0
13.5649,132.0,172.0
13.5699,136.0,174.0
13.575,-46.0,170.0
13.58,-93.0,172.0
13.5851,-25.0,170.0
13.5901,-18.0,170.0
13.595,-6.0,170.0
13.5999,75.0,170.0
13.6051,82.0,170.0
13.61,-18.0,170.0
13.615,-63.0,168.0
13.6199,-56.0,168.0
13.6249,-67.0,168.0
13.6299,32.0,166.0
13.6351,192.0,168.0
13.6401,72.0,168.0
13.645,-217.0,168.0
13.65,-155.0,170.0
13.6549,162.0,172.0
13.6601,172.0,174.0
13.6651,-86.0,174.0
13.67,-145.0,176.0
13.6749,17.0,176.0
13.6799,110.0,176.0
13.6849,45.0,176.0
13.6902,-84.0,174.0
13.695,-93.0,176.0
13.7,52.0,176.0
13.705,91.0,176.0
13.7099,-11.0,176.0
13.715,-20.0,174.0
13.7202,2.0,172.0
13.725,-57.0,170.0
13.7299,-45.0,170.0
13.7349,62.0,170.0
13.74,98.0,168.0
13.745,1.0,168.0
13.7499,-132.0,170.0
13.755,-78.0,170.0
13.76,145.0,172.0
13.7649,135.0,172.0
13.7731,-124.0,174.0
13.7749,-134.0,172.0
13.7801,46.0,172.0
13.7851,11.0,166.0
13.79,17.0,162.0
13.7949,211.0,162.0
13.7999,56.0,158.0
13.8052,-345.0,162.0
13.8101,-226.0,162.0
13.815,241.0,164.0
13.8199,282.0,168.0
13.825,-10.0,166.0
13.83,-131.0,168.0
13.8351,-100.0,164.0
13.8401,-67.0,166.0
13.8452,10.0,162.0
13.8501,114.0,164.0
13.855,108.0,162.0
13.8599,-19.0,162.0
13.865,-97.0,160.0
13.8701,-45.0,160.0
13.8749,3.0,158.0
13.8799,0.0,158.0
13.8849,36.0,156.0
13.8901,80.0,156.0
13.8949,19.0,154.0
13.8999,-102.0,154.0
13.905,-99.0,154.0
13.9099,52.0,154.0
13.9149,97.0,152.0
13.9201,-17.0,152.0
13.925,-18.0,150.0
13.93,61.0,150.0
13.9349,-23.0,148.0
13.9399,-61.0,148.0
13.9449,11.0,148.0
13.95,-149.0,148.0
13.955,-104.0,150.0
13.96,468.0,156.0
13.9649,401.0,162.0
13.9699,-596.0,170.0
13.975,-757.0,182.0
13.9801,380.0,186.0
13.9851,886.0,200.0
13.99,7.0,200.0
13.995,-649.0,210.0
13.9999,-236.0,214.0
14.005,245.0,216.0
14.01,195.0,218.0
14.0149,-2.0,218.0
14.02,-95.0,220.0
14.025,-8.0,218.0
14.0299,137.0,220.0
14.0351,-15.0,220.0
14.0402,-250.0,224.0
14.0451,-47.0,222.0
14.05,242.0,224.0
14.055,102.0,224.0
14.0601,-65.0,224.0
14.0651,-43.0,222.0
14.0701,-171.0,224.0
14.075,-93.0,224.0
14.08,333.0,228.0
14.0849,200.0,230.0
14.0902,-369.0,236.0
14.0952,-220.0,238.0
14.0999,317.0,242.0
14.105,165.0,242.0
14.11,-236.0,244.0
14.1151,-88.0,244.0
14.1199,154.0,246.0
14.1251,22.0,246.0
14.13,-73.0,246.0
14.1349,39.0,246.0
14.1399,19.0,246.0
14.1451,-93.0,246.0
14.1501,-15.0,246.0
14.1551,121.0,248.0
14.16,15.0,246.0
14.1649,-144.0,248.0
14.1699,61.0,248.0
14.1751,180.0,250.0
14.18,-226.0,252.0
14.1849,-205.0,254.0
14.1899,396.0,260.0
14.1949,199.0,260.0
14.2,-462.0,266.0
14.2052,-181.0,266.0
14.21,374.0,270.0
14.215,153.0,272.0
14.2199,-189.0,274.0
14.2249,-109.0,276.0
14.2299,24.0,276.0
14.235,93.0,276.0
14.2401,60.0,276.0
14.2451,-159.0,278.0
14.2501,-110.0,278.0
14.255,246.0,282.0
14.26,165.0,284.0
14.265,-240.0,286.0
14.27,-170.0,288.0
14.2749,144.0,288.0
14.2799,87.0,288.0
14.2852,-47.0,286.0
14.2901,8.0,282.0
14.2949,-28.0,280.0
14.2999,-18.0,278.0
14.3049,102.0,278.0
14.3099,-94.0,278.0
14.3149,-153.0,280.0
14.3201,300.0,282.0
14.325,173.0,284.0
14.33,-491.0,292.0
14.3349,-186.0,292.0
14.3401,526.0,300.0
14.3451,170.0,302.0
14.3501,-377.0,308.0
14.355,-77.0,308.0
14.36,163.0,310.0
14.365,-57.0,310.0
14.3699,4.0,310.0
14.3751,147.0,312.0
14.38,-102.0,312.0
14.3852,-154.0,314.0
14.39,147.0,314.0
14.3949,103.0,314.0
14.3999,-157.0,314.0
14.405,-49.0,314.0
14.4101,115.0,314.0
14.4149,9.0,312.0
14.4199,-17.0,310.0
14.4249,66.0,312.0
14.43,-66.0,312.0
14.4349,-194.0,312.0
14.4401,47.0,312.0
14.4451,276.0,310.0
14.45,67.0,308.0
14.455,-214.0,308.0
14.4601,-169.0,306.0
14.4652,54.0,306.0
14.47,161.0,308.0
14.475,69.0,306.0
14.4799,-63.0,306.0
14.4849,-80.0,308.0
14.4902,-27.0,306.0
14.4951,10.0,304.0
14.5,59.0,306.0
14.5049,62.0,304.0
14.5099,-53.0,306.0
14.5149,-80.0,306.0
14.5201,68.0,308.0
14.525,56.0,308.0
14.5301,-126.0,308.0
14.5349,-65.0,310.0
14.5406,177.0,310.0
14.5449,128.0,310.0
14.55,-162.0,312.0
14.5551,-178.0,314.0
14.56,88.0,314.0
14.565,155.0,316.0
14.57,-18.0,316.0
14.5752,-85.0,318.0
14.58,7.0,316.0
14.5849,34.0,316.0
14.59,-41.0,316.0
14.5949,-28.0,314.0
14.5999,63.0,308.0
14.605,30.0,302.0
14.61,-55.0,294.0
14.615,-12.0,282.0
14.6199,48.0,276.0
14.6249,10.0,262.0
14.6301,-59.0,264.0
14.6351,-54.0,254.0
14.6402,88.0,252.0
14.6451,114.0,250.0
14.6499,-140.0,250.0
14.6552,-147.0,252.0
14.6603,197.0,252.0
14.665,142.0,256.0
14.6702,-203.0,256.0
14.6749,-91.0,258.0
14.6799,136.0,256.0
14.6849,-3.0,254.0
14.69,-37.0,252.0
14.695,89.0,252.0
14.6999,-61.0,252.0
14.7049,-139.0,252.0
14.7099,153.0,252.0
14.7151,181.0,254.0
14.72,-189.0,252.0
14.7251,-201.0,252.0
14.7301,146.0,248.0
14.7349,139.0,246.0
14.74,-82.0,244.0
14.7451,-16.0,240.0
14.7501,49.0,238.0
14.7551,-94.0,238.0
14.76,-41.0,236.0
14.765,163.0,238.0
14.77,49.0,238.0
14.775,-171.0,240.0
14.78,-47.0,240.0
14.7851,108.0,240.0
14.79,-13.0,240.0
14.7949,-38.0,240.0
14.7999,118.0,242.0
14.8053,42.0,240.0
14.8101,-167.0,242.0
14.8152,-107.0,240.0
14.82,100.0,238.0
14.8249,127.0,236.0
14.8301,26.0,232.0
14.835,-44.0,228.0
14.8401,-109.0,224.0
14.845,-71.0,222.0
14.8499,111.0,218.0
14.8549,110.0,216.0
14.8599,-96.0,216.0
14.8651,-62.0,214.0
14.8701,126.0,216.0
14.875,2.0,214.0
14.88,-175.0,216.0
14.8851,28.0,214.0
14.8902,180.0,216.0
14.895,-44.0,212.0
14.9,-121.0,212.0
14.9049,71.0,210.0
14.9099,16.0,206.0
14.9148,-115.0,206.0
14.9201,85.0,206.0
14.925,149.0,208.0
14.9301,-132.0,210.0
14.9349,-153.0,212.0
14.9399,94.0,212.0
14.9449,141.0,214.0
14.9499,28.0,212.0
14.955,-116.0,212.0
14.9599,-195.0,210.0
14.9649,56.0,208.0
14.9699,331.0,206.0
14.9749,37.0,204.0
14.9802,-378.0,202.0
14.985,-125.0,200.0
14.99,332.0,200.0
14.9949,162.0,202.0
15.0,-230.0,202.0
15.0052,-136.0,204.0
15.0099,127.0,206.0
15.0149,66.0,204.0
15.0199,-73.0,204.0
15.0249,11.0,202.0
15.0299,112.0,200.0
15.0352,-47.0,200.0
15.0399,-234.0,202.0
15.045,-4.0,200.0
15.0499,334.0,204.0
15.0549,115.0,206.0
15.06,-304.0,210.0
15.0649,-190.0,212.0
15.0699,168.0,214.0
15.075,211.0,214.0
15.08,-34.0,214.0
15.085,-251.0,214.0
15.09,-44.0,212.0
15.0951,326.0,214.0
15.0999,91.0,214.0
15.105,-344.0,218.0
15.1099,-107.0,218.0
15.1149,253.0,220.0
15.1199,68.0,220.0
15.1251,-110.0,220.0
15.13,14.0,220.0
15.1348,0.0,220.0
15.14,-88.0,220.0
15.1451,50.0,220.0
15.1499,124.0,222.0
15.155,-69.0,222.0
15.1599,-138.0,222.0
15.1649,70.0,222.0
15.1699,143.0,222.0
15.175,-23.0,222.0
15.1802,-131.0,222.0
15.1849,-91.0,220.0
15.1899,76.0,220.0
15.1952,233.0,220.0
15.1999,32.0,220.0
15.2052,-301.0,222.0
15.21,-145.0,224.0
15.2149,228.0,226.0
15.2199,159.0,228.0
15.2249,-69.0,230.0
15.23,-27.0,228.0
15.2351,-48.0,230.0
15.2402,-167.0,230.0
15.245,40.0,230.0
15.2501,271.0,234.0
15.255,57.0,236.0
15.26,-191.0,238.0
15.2649,-125.0,240.0
15.2699,-5.0,238.0
15.2749,89.0,238.0
15.28,152.0,240.0
15.2848,3.0,238.0
15.2902,-158.0,238.0
15.2951,-66.0,238.0
15.2999,55.0,234.0
15.3049,52.0,234.0
15.3099,73.0,232.0
15.3149,54.0,230.0
15.3199,-143.0,230.0
15.325,-226.0,234.0
15.3299,103.0,236.0
15.335,375.0,240.0
15.3399,6.0,240.0
15.3451,-415.0,244.0
15.3499,-78.0,242.0
15.355,337.0,244.0
15.3599,44.0,242.0
15.3649,-213.0,242.0
15.3699,59.0,242.0
15.3756,118.0,240.0
15.38,-145.0,242.0
15.385,-69.0,242.0
15.3899,162.0,244.0
15.395,57.0,244.0
15.4002,-118.0,246.0
15.4053,-85.0,244.0
15.4099,53.0,244.0
15.4149,120.0,244.0
15.4199,-12.0,242.0
15.4249,-118.0,242.0
15.4299,14.0,242.0
15.4349,82.0,244.0
15.4401,-20.0,242.0
15.4451,-36.0,242.0
15.4499,-18.0,240.0
15.4551,-22.0,238.0
15.4601,77.0,238.0
15.465,95.0,238.0
15.4699,-73.0,238.0
15.4749,-132.0,240.0
15.4803,-21.0,238.0
15.4849,82.0,238.0
15.4902,122.0,238.0
15.495,7.0,236.0
15.5,-144.0,238.0
15.5049,-26.0,236.0
15.5099,109.0,236.0
15.5149,-47.0,238.0
15.5199,-86.0,236.0
15.525,113.0,238.0
15.5299,82.0,236.0
15.5349,-95.0,236.0
15.54,-47.0,236.0
15.5451,45.0,234.0
15.5499,-22.0,236.0
15.555,-35.0,234.0
15.5599,59.0,234.0
15.5649,37.0,232.0
15.5699,-39.0,230.0
15.5749,2.0,228.0
15.58,40.0,228.0
15.5851,-50.0,226.0
15.59,-105.0,226.0
15.5948,32.0,226.0
15.6001,143.0,224.0
15.6053,29.0,224.0
15.61,-65.0,220.0
15.6149,-26.0,220.0
15.6199,-54.0,214.0
15.625,-65.0,214.0
15.6299,89.0,210.0
15.6351,162.0,210.0
15.6401,-25.0,206.0
15.6451,-215.0,208.0
15.6499,-64.0,208.0
15.655,239.0,210.0
15.6599,131.0,210.0
15.665,-238.0,214.0
15.67,-146.0,214.0
15.6749,208.0,218.0
15.6799,106.0,216.0
15.685,-171.0,218.0
15.6899,-50.0,214.0
15.6949,159.0,214.0
15.6999,29.0,210.0
15.7051,-180.0,210.0
15.7099,-66.0,208.0
15.7149,194.0,208.0
15.7204,130.0,210.0
15.7252,-165.0,208.0
15.73,-147.0,210.0
15.7349,107.0,206.0
15.7399,71.0,206.0
15.7449,-50.0,202.0
15.7499,53.0,200.0
15.7549,-13.0,196.0
15.7599,-149.0,198.0
15.7649,89.0,198.0
15.7742,187.0,200.0
15.7749,-143.0,202.0
15.78,-163.0,204.0
15.7852,158.0,206.0
15.7899,107.0,206.0
15.7951,-141.0,206.0
15.8,-87.0,206.0
15.8051,74.0,206.0
15.8099,105.0,206.0
15.8149,38.0,206.0
15.8199,-91.0,204.0
15.8249,-135.0,206.0
15.8298,28.0,204.0
15.835,173.0,204.0
15.8401,34.0,204.0
15.845,-157.0,202.0
15.8499,-54.0,200.0
15.8549,114.0,198.0
15.86,32.0,196.0
15.865,-70.0,196.0
15.87,9.0,196.0
15.8749,48.0,196.0
15.8799,-55.0,194.0
15.8849,-45.0,194.0
15.8901,89.0,192.0
15.8951,42.0,192.0
15.9,-104.0,190.0
15.9049,-31.0,188.0
15.9099,90.0,190.0
15.9149,18.0,188.0
15.9199,-43.0,186.0
15.925,-8.0,186.0
15.9301,3.0,184.0
15.9349,3.0,184.0
15.94,-24.0,184.0
15.9451,-5.0,182.0
15.95,107.0,182.0
15.955,26.0,182.0
15.9599,-197.0,184.0
15.9649,-76.0,180.0
15.9699,235.0,184.0
15.9751,132.0,180.0
15.98,-207.0,182.0
15.985,-148.0,178.0
15.9902,134.0,180.0
15.9949,97.0,176.0
15.9999,-46.0,176.0
16.0052,-5.0,172.0
16.0101,-20.0,172.0
16.0149,-68.0,170.0
16.0203,44.0,170.0
16.025,77.0,170.0
16.0299,-36.0,168.0
16.0349,-25.0,166.0
16.0401,27.0,166.0
16.0451,-51.0,164.0
16.0502,-31.0,164.0
16.0549,113.0,164.0
16.0601,64.0,166.0
16.0651,-122.0,166.0
16.0699,-134.0,168.0
16.0749,55.0,166.0
16.0799,204.0,170.0
16.0849,66.0,170.0
16.0902,-219.0,174.0
16.095,-179.0,176.0
16.1,161.0,176.0
16.1049,202.0,178.0
16.11,-74.0,178.0
16.115,-111.0,178.0
16.1203,26.0,178.0
16.1249,-27.0,178.0
16.13,-41.0,176.0
16.1349,114.0,178.0
16.1399,66.0,176.0
16.1449,-120.0,178.0
16.1501,-55.0,178.0
16.1549,95.0,178.0
16.1599,30.0,178.0
16.1649,-90.0,176.0
16.1699,-38.0,176.0
16.1751,123.0,176.0
16.18,76.0,178.0
16.185,-179.0,180.0
16.1899,-121.0,180.0
16.1951,231.0,184.0
16.2,172.0,186.0
16.2054,-244.0,188.0
16.21,-221.0,192.0
16.215,199.0,194.0
16.22,230.0,198.0
16.225,-119.0,198.0
16.23,-182.0,200.0
16.2349,44.0,200.0
16.2399,110.0,200.0
16.2449,6.0,200.0
16.2499,-53.0,200.0
16.2549,-20.0,198.0
16.2601,24.0,198.0
16.2649,1.0,198.0
16.2699,-24.0,196.0
16.2749,22.0,194.0
16.28,21.0,194.0
16.2849,-40.0,192.0
16.29,28.0,190.0
16.2951,78.0,188.0
16.3,-106.0,188.0
16.3049,-141.0,186.0
16.3099,139.0,186.0
16.315,179.0,186.0
16.3202,-102.0,186.0
16.325,-153.0,186.0
16.33,57.0,186.0
16.3349,91.0,184.0
16.3399,-63.0,186.0
16.3449,-48.0,184.0
16.35,114.0,184.0
16.355,50.0,182.0
16.3599,-165.0,182.0
16.3649,-82.0,180.0
16.37,179.0,182.0
16.3751,127.0,182.0
16.3801,-137.0,182.0
16.385,-161.0,184.0
16.39,53.0,184.0
16.395,162.0,186.0
16.4006,16.0,184.0
16.4052,-128.0,186.0
16.4102,-17.0,182.0
16.4149,94.0,182.0
16.42,-42.0,180.0
16.425,-91.0,178.0
16.4299,97.0,178.0
16.4349,97.0,178.0
16.4399,-85.0,178.0
16.4449,-61.0,178.0
16.4502,16.0,176.0
16.455,-41.0,176.0
16.4599,41.0,176.0
16.4649,166.0,176.0
16.47,-57.0,176.0
16.4749,-243.0,178.0
16.4798,77.0,178.0
16.4848,270.0,180.0
16.4899,-136.0,182.0
16.495,-294.0,184.0
16.4999,204.0,188.0
16.5049,335.0,192.0
16.5099,-219.0,194.0
16.5149,-345.0,200.0
16.5202,170.0,200.0
16.525,262.0,204.0
16.53,-109.0,204.0
16.5351,-107.0,206.0
16.5399,91.0,206.0
16.5451,-27.0,206.0
16.5499,-106.0,206.0
16.5549,81.0,206.0
16.5599,102.0,208.0
16.5649,-82.0,208.0
16.5701,-60.0,210.0
16.575,94.0,210.0
16.58,7.0,210.0
16.5852,-128.0,212.0
16.5899,19.0,212.0
16.5948,128.0,212.0
16.6,-14.0,210.0
16.605,-57.0,210.0
16.6099,13.0,206.0
16.6149,-30.0,204.0
16.6199,-39.0,202.0
16.6249,46.0,200.0
16.63,65.0,200.0
16.6351,2.0,198.0
16.6399,-51.0,198.0
16.645,-30.0,198.0
16.6499,11.0,198.0
16.6549,1.0,198.0
16.6599,8.0,196.0
16.665,44.0,196.0
16.6699,6.0,196.0
16.6749,-54.0,196.0
16.6799,-19.0,196.0
16.6848,13.0,196.0
16.6901,-9.0,194.0
16.6948,52.0,194.0
16.6999,81.0,194.0
16.7049,-85.0,194.0
16.7099,-137.0,194.0
16.7149,52.0,194.0
16.7201,107.0,192.0
16.7249,5.0,192.0
16.7299,10.0,188.0
16.7349,1.0,186.0
16.74,-131.0,184.0
16.7451,-107.0,184.0
16.7499,147.0,184.0
16.7549,228.0,186.0
16.7599,-29.0,186.0
16.7649,-238.0,190.0
16.7701,-115.0,190.0
16.7751,117.0,190.0
16.7801,152.0,192.0
16.7849,25.0,190.0
16.7899,-66.0,190.0
16.795,-90.0,190.0
16.7999,-41.0,190.0
16.8051,91.0,190.0
16.81,95.0,192.0
16.8149,-98.0,192.0
16.8199,-108.0,192.0
16.8249,139.0,192.0
16.83,121.0,192.0
16.835,-170.0,190.0
16.8401,-131.0,190.0
16.8449,148.0,188.0
16.8499,103.0,186.0
16.8549,-96.0,184.0
16.8601,-42.0,182.0
16.865,68.0,180.0
16.87,9.0,178.0
16.8749,-57.0,178.0
16.8799,-30.0,178.0
16.8849,13.0,178.0
16.8899,48.0,178.0
16.895,66.0,178.0
16.9,-12.0,178.0
16.9049,-127.0,180.0
16.9099,-51.0,180.0
16.915,136.0,182.0
16.9201,97.0,184.0
16.925,-116.0,184.0
16.9301,-117.0,186.0
16.9349,96.0,186.0
16.9399,134.0,186.0
16.945,-78.0,186.0
16.9501,-160.0,186.0
16.9551,42.0,184.0
16.9599,164.0,184.0
16.9649,16.0,182.0
16.9699,-101.0,184.0
16.975,-49.0,182.0
16.9801,-18.0,182.0
16.985,15.0,182.0
16.9901,124.0,182.0
16.9949,56.0,182.0
17.0,-164.0,182.0
17.0052,-99.0,182.0
17.0101,146.0,182.0
17.015,74.0,180.0
17.0199,-109.0,180.0
17.025,3.0,178.0
17.03,114.0,178.0
17.0352,-76.0,178.0
17.0401,-190.0,180.0
17.0452,79.0,180.0
17.05,262.0,182.0
17.055,-22.0,182.0
17.0599,-240.0,184.0
17.065,-6.0,184.0
17.07,153.0,184.0
17.0749,-46.0,184.0
17.0799,-96.0,184.0
17.0848,130.0,184.0
17.0901,84.0,186.0
17.0951,-170.0,188.0
17.0999,-40.0,188.0
17.1049,168.0,188.0
17.1099,-72.0,188.0
17.1149,-174.0,188.0
17.1201,179.0,188.0
17.1251,186.0,188.0
17.1301,-199.0,188.0
17.1349,-162.0,186.0
17.1399,137.0,186.0
17.1449,94.0,182.0
17.1499,-51.0,178.0
17.1549,-23.0,174.0
17.16,-17.0,172.0
17.1649,-10.0,168.0
17.1699,42.0,166.0
17.175,-7.0,164.0
17.18,-9.0,164.0
17.185,75.0,164.0
17.1899,-44.0,164.0
17.1949,-158.0,164.0
17.2001,57.0,164.0
17.205,194.0,166.0
17.21,-6.0,164.0
17.215,-151.0,166.0
17.22,-67.0,166.0
17.2249,63.0,166.0
17.2302,104.0,166.0
17.2349,-6.0,166.0
17.2399,-90.0,166.0
17.245,16.0,166.0
17.2499,73.0,166.0
17.2551,-63.0,168.0
17.2603,-93.0,168.0
17.2649,91.0,168.0
17.2699,128.0,170.0
17.2749,-85.0,170.0
17.2799,-121.0,172.0
17.2849,74.0,172.0
17.2903,43.0,174.0
17.295,-96.0,174.0
17.2999,52.0,176.0
17.3049,146.0,176.0
17.3107,-77.0,178.0
17.3155,-157.0,180.0
17.3201,17.0,180.0
17.3249,93.0,180.0
17.33,46.0,182.0
17.3353,-19.0,180.0
17.3398,-47.0,180.0
17.3451,38.0,180.0
17.35,24.0,178.0
17.355,-142.0,180.0
17.3599,-51.0,178.0
17.3649,203.0,182.0
17.3699,111.0,184.0
17.3752,-141.0,186.0
17.3799,-109.0,184.0
17.385,24.0,184.0
17.3898,10.0,182.0
17.3948,30.0,178.0
17.3999,108.0,180.0
17.405,10.0,176.0
17.41,-149.0,176.0
17.4149,-75.0,176.0
17.4199,88.0,174.0
17.4249,78.0,176.0
17.43,3.0,174.0
17.4351,-13.0,174.0
17.4401,-41.0,174.0
17.4449,-46.0,172.0
17.4499,18.0,172.0
17.4549,41.0,170.0
17.4599,-1.0,170.0
17.4649,19.0,168.0
17.4699,33.0,166.0
17.4749,-76.0,164.0
17.4799,-86.0,164.0
17.4849,85.0,162.0
17.4899,107.0,162.0
17.4949,-58.0,162.0
17.4999,-74.0,162.0
17.5049,41.0,162.0
17.51,19.0,162.0
17.5149,-52.0,162.0
17.5202,24.0,162.0
17.5251,68.0,164.0
17.53,-64.0,164.0
17.5349,-75.0,164.0
17.5399,111.0,166.0
17.5449,79.0,164.0
17.55,-149.0,166.0
17.555,-79.0,164.0
17.5599,156.0,166.0
17.565,58.0,164.0
17.57,-138.0,166.0
17.575,-11.0,164.0
17.5799,94.0,164.0
17.585,-46.0,162.0
17.5899,-19.0,160.0
17.595,101.0,162.0
17.5999,-68.0,160.0
17.6051,-142.0,162.0
17.6101,126.0,162.0
17.615,160.0,164.0
17.6199,-132.0,166.0
17.6249,-142.0,168.0
17.63,117.0,168.0
17.6351,98.0,168.0
17.64,-122.0,168.0
17.6451,-48.0,168.0
17.65,149.0,168.0
17.6549,0.0,166.0
17.66,-179.0,168.0
17.665,45.0,168.0
17.6701,204.0,170.0
17.6749,-64.0,168.0
17.6799,-211.0,170.0
17.6849,43.0,168.0
17.6898,179.0,168.0
17.695,-9.0,168.0
17.6999,-86.0,164.0
17.7049,16.0,164.0
17.7099,-50.0,164.0
17.7149,-84.0,164.0
17.7199,159.0,164.0
17.725,150.0,166.0
17.73,-182.0,166.0
17.7352,-116.0,166.0
17.7398,144.0,168.0
17.7449,-30.0,166.0
17.7499,-121.0,166.0
17.755,194.0,166.0
17.7599,144.0,166.0
17.7649,-267.0,168.0
17.7698,-149.0,166.0
17.775,231.0,168.0
17.7798,66.0,166.0
17.785,-164.0,168.0
17.7899,57.0,168.0
17.795,113.0,168.0
17.8003,-119.0,170.0
17.8056,-36.0,170.0
17.8099,117.0,172.0
17.815,-81.0,174.0
17.8199,-118.0,174.0
17.8249,158.0,176.0
17.83,129.0,178.0
17.8349,-134.0,178.0
17.8401,-106.0,178.0
17.8449,53.0,176.0
17.8499,54.0,176.0
17.855,8.0,174.0
17.8602,-36.0,174.0
17.8649,-36.0,174.0
17.8699,84.0,174.0
17.8749,50.0,174.0
17.88,-160.0,174.0
17.885,-57.0,176.0
17.8901,218.0,178.0
17.895,51.0,178.0
17.8999,-243.0,180.0
17.9049,-49.0,180.0
17.9099,237.0,180.0
17.915,64.0,180.0
17.9204,-196.0,182.0
17.9251,-81.0,182.0
17.9299,126.0,184.0
17.9348,72.0,182.0
17.9399,-65.0,184.0
17.9452,-47.0,182.0
17.9498,45.0,180.0
17.9553,31.0,180.0
17.9603,-61.0,180.0
17.9651,-20.0,178.0
17.9701,91.0,180.0
17.9754,-8.0,180.0
17.98,-129.0,180.0
17.9849,45.0,180.0
17.9902,171.0,182.0
17.9951,-45.0,182.0
18.0001,-188.0,184.0
18.0059,-8.0,180.0
18.0099,148.0,180.0
18.015,61.0,180.0
18.0199,-66.0,180.0
18.0251,-56.0,180.0
18.0302,13.0,180.0
18.0356,9.0,180.0
18.0406,-31.0,178.0
18.0452,20.0,178.0
18.05,83.0,178.0
18.0549,-9.0,176.0
18.0598,-112.0,176.0
18.0648,-19.0,176.0
18.0699,89.0,176.0
18.075,30.0,178.0
18.08,-26.0,176.0
18.085,-17.0,176.0
18.0912,-41.0,176.0
18.0949,3.0,176.0
18.1003,77.0,178.0
18.105,-4.0,178.0
18.1101,-85.0,178.0
18.115,26.0,178.0
18.1202,97.0,178.0
18.1253,-50.0,176.0
18.1304,-115.0,176.0
18.135,43.0,176.0
18.1401,106.0,178.0
18.1453,-7.0,176.0
18.1504,-45.0,178.0
18.155,-18.0,176.0
18.1598,-32.0,176.0
18.1654,14.0,176.0
18.1701,61.0,176.0
18.1753,-14.0,174.0
18.1801,-35.0,174.0
18.1849,44.0,174.0
18.1898,2.0,170.0
18.1952,-78.0,170.0
18.2001,16.0,168.0
18.2062,78.0,168.0
18.2099,-39.0,168.0
18.215,-54.0,168.0
18.2198,67.0,168.0
18.225,42.0,168.0
18.2299,-56.0,168.0
18.2349,-43.0,168.0
18.2404,-1.0,166.0
18.245,21.0,164.0
18.2501,54.0,164.0
18.2552,26.0,162.0
18.2602,-50.0,160.0
18.2654,-64.0,158.0
18.2698,0.0,156.0
18.275,85.0,156.0
18.28,63.0,156.0
18.2853,-110.0,156.0
18.2907,-113.0,156.0
18.295,117.0,158.0
18.2999,126.0,158.0
18.3049,-75.0,158.0
18.3098,-80.0,156.0
18.315,21.0,154.0
18.3201,5.0,152.0
18.3254,-14.0,152.0
18.3304,28.0,148.0
18.3354,39.0,150.0
18.3406,6.0,148.0
18.345,-36.0,148.0
18.351,-62.0,148.0
18.3553,-13.0,148.0
18.3598,85.0,146.0
18.3651,81.0,146.0
18.3704,-70.0,144.0
18.3758,-128.0,144.0
18.3801,47.0,142.0
18.3849,137.0,144.0
18.3904,-26.0,142.0
18.395,-91.0,140.0
18.3999,0.0,138.0
18.4059,-14.0,134.0
18.4098,11.0,132.0
18.4153,130.0,130.0
18.42,16.0,130.0
18.4255,-176.0,130.0
18.4303,-67.0,130.0
18.4358,130.0,130.0
18.4405,84.0,130.0
18.4455,-49.0,130.0
18.451,-41.0,130.0
18.455,29.0,128.0
18.4599,-11.0,126.0
18.4655,-90.0,126.0
18.4698,5.0,124.0
18.4754,125.0,124.0
18.48,34.0,122.0
18.4851,-52.0,122.0
18.4903,-22.0,122.0
18.4949,-43.0,122.0
18.5,-37.0,122.0
18.5053,40.0,122.0
18.5099,45.0,122.0
18.5151,41.0,122.0
18.5205,36.0,120.0
18.5253,-96.0,120.0
18.5304,-121.0,118.0
18.5351,96.0,120.0
18.54,132.0,118.0
18.5454,-103.0,118.0
18.5499,-108.0,116.0
18.5556,127.0,118.0
18.56,116.0,116.0
18.565,-101.0,116.0
18.5702,-134.0,116.0
18.5753,9.0,116.0
18.5798,105.0,116.0
18.5855,71.0,116.0
18.5905,-36.0,116.0
18.595,-66.0,118.0
18.6001,-2.0,116.0
18.6056,-7.0,116.0
18.6098,-22.0,116.0
18.6149,70.0,116.0
18.6198,74.0,116.0
18.6251,-84.0,116.0
18.6302,-95.0,114.0
18.6358,85.0,116.0
18.6404,70.0,114.0
18.6451,-108.0,114.0
18.6501,-28.0,114.0
18.6551,130.0,114.0
18.6611,-2.0,114.0
18.6652,-120.0,114.0
18.6701,16.0,114.0
18.6748,83.0,116.0
18.68,-8.0,116.0
18.6851,-18.0,114.0
18.6912,-14.0,114.0
18.6949,-70.0,114.0
18.7004,14.0,114.0
18.705,132.0,116.0
18.7101,14.0,114.0
18.7151,-112.0,116.0
18.7202,-18.0,116.0
18.7249,42.0,116.0
18.7304,-42.0,116.0
18.7351,5.0,116.0
18.7401,140.0,116.0
18.745,8.0,116.0
18.7509,-217.0,118.0
18.7548,-53.0,120.0
18.76,234.0,122.0
18.7653,75.0,122.0
18.7702,-186.0,122.0
18.7753,-56.0,122.0
18.7799,95.0,122.0
18.7853,6.0,122.0
18.7903,-14.0,122.0
18.795,57.0,122.0
18.8001,-7.0,122.0
18.8056,-99.0,124.0
18.8099,-11.0,122.0
18.8153,93.0,124.0
18.82,16.0,124.0
18.825,-52.0,124.0
18.8301,2.0,124.0
18.8349,15.0,124.0
18.8402,-9.0,122.0
18.845,-1.0,122.0
18.8501,-13.0,122.0
18.8552,-6.0,120.0
18.8602,40.0,120.0
18.8658,19.0,120.0
18.8698,-46.0,120.0
18.875,-26.0,120.0
18.8801,49.0,120.0
18.8851,21.0,120.0
18.8903,-74.0,120.0
18.8948,-7.0,120.0
18.8999,110.0,122.0
18.9048,-9.0,120.0
18.91,-126.0,122.0
18.915,24.0,122.0
18.9209,115.0,122.0
18.925,-29.0,120.0
18.9298,-89.0,120.0
18.9349,6.0,118.0
18.9405,46.0,118.0
18.9456,34.0,116.0
18.9504,24.0,116.0
18.9549,-42.0,116.0
18.9599,-77.0,118.0
18.9649,-4.0,118.0
18.9699,47.0,118.0
18.9749,45.0,118.0
18.9798,45.0,118.0
18.9849,-20.0,118.0
18.99,-106.0,118.0
18.9949,-41.0,120.0
19.0,98.0,120.0
19.0052,73.0,120.0
19.0099,-74.0,120.0
19.0149,-60.0,118.0
19.0199,82.0,118.0
19.0249,35.0,118.0
19.0305,-109.0,118.0
19.0349,-19.0,118.0
19.0401,123.0,120.0
19.045,19.0,120.0
19.0499,-115.0,120.0
19.0549,-45.0,120.0
19.0599,90.0,120.0
19.0649,97.0,120.0
19.0699,-47.0,120.0
19.0749,-137.0,120.0
19.0799,-10.0,118.0
19.0849,122.0,120.0
19.0899,59.0,120.0
19.0949,-57.0,120.0
19.0999,-55.0,120.0
19.1048,-1.0,120.0
19.1099,-18.0,120.0
19.1148,0.0,118.0
19.1202,135.0,120.0
19.1249,62.0,120.0
19.1299,-234.0,122.0
19.1352,-153.0,124.0
19.14,249.0,128.0
19.145,235.0,130.0
19.1499,-168.0,132.0
19.1551,-270.0,136.0
19.1598,48.0,136.0
19.1649,237.0,138.0
19.1699,29.0,138.0
19.1754,-170.0,138.0
19.1799,-26.0,136.0
19.1853,133.0,138.0
19.1899,-27.0,136.0
19.1949,-149.0,136.0
19.1999,71.0,136.0
19.2051,178.0,136.0
19.21,-69.0,136.0
19.2149,-173.0,138.0
19.2198,32.0,138.0
19.2248,129.0,138.0
19.2298,4.0,138.0
19.2352,-75.0,138.0
19.24,-22.0,138.0
19.2449,38.0,138.0
19.2499,20.0,138.0
19.2549,-22.0,138.0
19.2599,-8.0,136.0
19.2648,34.0,136.0
19.2699,-5.0,134.0
19.2749,-80.0,134.0
19.2799,23.0,134.0
19.2848,128.0,134.0
19.2899,-57.0,134.0
19.295,-145.0,134.0
19.2999,108.0,136.0
19.3049,147.0,136.0
19.3099,-137.0,138.0
19.315,-147.0,140.0
19.32,98.0,140.0
19.3249,103.0,142.0
19.3299,-16.0,142.0
19.3349,5.0,142.0
19.34,-27.0,142.0
19.3452,-102.0,142.0
19.3498,6.0,140.0
19.3549,96.0,140.0
19.3599,23.0,140.0
19.3649,-4.0,140.0
19.3699,-22.0,140.0
19.3749,-93.0,142.0
19.3801,13.0,140.0
19.3851,166.0,142.0
19.39,-21.0,138.0
19.3954,-228.0,142.0
19.4,17.0,138.0
19.4049,254.0,140.0
19.4099,15.0,138.0
19.4155,-195.0,140.0
19.4199,-28.0,140.0
19.4249,83.0,140.0
19.4299,-14.0,140.0
19.4349,-16.0,140.0
19.4399,60.0,140.0
19.4449,36.0,140.0
19.4499,-42.0,140.0
19.4549,-92.0,140.0
19.4601,-28.0,140.0
19.4651,124.0,142.0
19.47,85.0,142.0
19.4749,-140.0,144.0
19.4799,-91.0,146.0
19.4849,164.0,148.0
19.4899,81.0,150.0
19.4949,-166.0,152.0
19.4999,-80.0,152.0
19.5049,118.0,154.0
19.5098,69.0,154.0
19.5151,-67.0,156.0
19.5199,-68.0,156.0
19.525,54.0,156.0
19.5299,106.0,156.0
19.535,-32.0,156.0
19.5399,-129.0,158.0
19.5449,-14.0,158.0
19.5499,60.0,156.0
19.555,17.0,156.0
19.5599,53.0,156.0
19.5649,40.0,156.0
19.5698,-114.0,156.0
19.5749,-90.0,158.0
19.5799,107.0,158.0
19.5849,81.0,158.0
19.5898,-79.0,160.0
19.5949,-36.0,160.0
19.6,59.0,160.0
19.605,-11.0,160.0
19.6098,-54.0,160.0
19.6148,35.0,160.0
19.6198,58.0,160.0
19.6248,-17.0,160.0
19.63,-52.0,158.0
19.635,-31.0,158.0
19.64,23.0,158.0
19.6449,75.0,158.0
19.6501,3.0,156.0
19.6549,-100.0,156.0
19.6599,1.0,156.0
19.665,135.0,158.0
19.6699,-2.0,156.0
19.6749,-191.0,158.0
19.6799,-52.0,158.0
19.6849,203.0,160.0
19.6898,125.0,160.0
19.695,-111.0,162.0
19.7,-103.0,162.0
19.7048,-31.0,160.0
19.7098,-49.0,160.0
19.7148,99.0,160.0
19.7201,217.0,162.0
19.7249,-40.0,162.0
19.7299,-243.0,164.0
19.7349,-64.0,164.0
19.7399,102.0,166.0
19.745,115.0,168.0
19.7499,75.0,168.0
19.7549,-110.0,170.0
19.7599,-138.0,170.0
19.7648,117.0,170.0
19.7699,52.0,168.0
19.776,-162.0,168.0
19.78,82.0,166.0
19.7849,193.0,164.0
19.7898,-165.0,164.0
19.7951,-157.0,162.0
19.7999,190.0,166.0
19.8053,85.0,162.0
19.81,-194.0,166.0
19.815,-42.0,164.0
19.8199,178.0,166.0
19.8249,44.0,164.0
19.83,-106.0,166.0
19.8349,-52.0,164.0
19.84,-20.0,164.0
19.845,28.0,160.0
19.85,142.0,162.0
19.8553,2.0,160.0
19.8601,-222.0,162.0
19.8651,-6.0,160.0
19.8698,263.0,164.0
19.8748,-4.0,164.0
19.8798,-256.0,168.0
19.8848,13.0,166.0
19.89,187.0,170.0
19.895,-26.0,170.0
19.8999,-86.0,170.0
19.9048,42.0,170.0
19.9098,-3.0,170.0
19.9149,-52.0,170.0
19.9201,76.0,172.0
19.9251,59.0,170.0
19.9302,-130.0,172.0
19.9352,-68.0,170.0
19.9399,144.0,170.0
19.945,63.0,170.0
19.9502,-121.0,168.0
19.9549,-42.0,168.0
19.9599,93.0,168.0
19.9649,44.0,166.0
19.97,-71.0,168.0
19.975,-86.0,168.0
19.9798,53.0,168.0
19.985,129.0,170.0
19.99,-42.0,170.0
19.9949,-131.0,170.0
19.9999,46.0,170.0
20.005,88.0,172.0
20.0101,-56.0,172.0
20.0151,-31.0,172.0
20.0198,58.0,172.0
20.0248,-6.0,170.0
20.0298,-53.0,170.0
20.0348,16.0,166.0
20.0401,57.0,168.0
20.045,0.0,164.0
20.0499,-69.0,164.0
20.0549,-36.0,162.0
20.06,71.0,162.0
20.0651,73.0,162.0
20.0701,-57.0,164.0
20.0749,-93.0,164.0
20.0798,37.0,164.0
20.0849,86.0,164.0
20.0899,-15.0,164.0
20.095,-54.0,164.0
20.0999,-3.0,164.0
20.1048,25.0,162.0
20.1098,19.0,160.0
20.1151,-27.0,158.0
20.1203,-28.0,158.0
20.1249,54.0,156.0
20.13,23.0,156.0
20.1349,-77.0,154.0
20.14,-4.0,152.0
20.145,91.0,152.0
20.1498,-13.0,152.0
20.1549,-101.0,152.0
20.1599,25.0,152.0
20.165,111.0,152.0
20.1699,-32.0,152.0
20.1749,-131.0,152.0
20.1798,30.0,152.0
20.1851,164.0,154.0
20.1901,-11.0,152.0
20.1949,-194.0,156.0
20.2001,-32.0,156.0
20.2051,179.0,158.0
20.21,69.0,156.0
20.2149,-110.0,156.0
20.2199,-38.0,156.0
20.2248,60.0,156.0
20.2298,-51.0,156.0
20.2349,-100.0,156.0
20.2401,92.0,156.0
20.245,179.0,160.0
20.2499,-22.0,158.0
20.2551,-188.0,162.0
20.2601,-81.0,162.0
20.2649,124.0,164.0
20.2699,122.0,164.0
20.2749,-85.0,166.0
20.2799,-115.0,166.0
20.2849,108.0,168.0
20.2899,114.0,168.0
20.2949,-132.0,170.0
20.2999,-100.0,170.0
20.3049,119.0,170.0
20.3098,31.0,170.0
20.3148,-110.0,170.0
20.3202,70.0,170.0
20.3249,141.0,170.0
20.33,-136.0,170.0
20.3349,-180.0,170.0
20.3399,132.0,170.0
20.3451,198.0,174.0
20.3501,-72.0,174.0
20.3549,-194.0,176.0
20.3599,-14.0,172.0
20.3649,150.0,174.0
20.3699,84.0,172.0
20.375,-57.0,172.0
20.38,-88.0,170.0
20.3848,-34.0,170.0
20.3898,38.0,170.0
20.3948,73.0,168.0
20.4,10.0,166.0
20.4053,-58.0,166.0
20.41,-25.0,166.0
20.4149,23.0,162.0
20.4199,17.0,162.0
20.4249,1.0,158.0
20.4298,-7.0,156.0
20.435,-17.0,154.0
20.44,-6.0,152.0
20.4449,33.0,150.0
20.45,32.0,148.0
20.455,-40.0,148.0
20.46,-47.0,146.0
20.4649,18.0,146.0
20.4699,16.0,144.0
20.4749,27.0,144.0
20.4804,57.0,144.0
20.4852,-64.0,144.0
20.4898,-121.0,144.0
20.4949,52.0,146.0
20.4999,117.0,144.0
20.505,6.0,144.0
20.51,-45.0,140.0
20.5149,-80.0,142.0
20.52,-46.0,138.0
20.5248,157.0,140.0
20.5299,122.0,140.0
20.5349,-242.0,142.0
20.54,-182.0,144.0
20.545,292.0,148.0
20.55,198.0,152.0
20.5548,-251.0,154.0
20.5598,-118.0,156.0
20.5649,149.0,156.0
20.57,-32.0,154.0
20.5749,-66.0,154.0
20.5802,163.0,156.0
20.585,35.0,154.0
20.5902,-211.0,156.0
20.5948,-45.0,156.0
20.6001,169.0,158.0
20.605,81.0,158.0
20.6101,-68.0,158.0
20.6148,-110.0,158.0
20.6199,-26.0,158.0
20.6251,107.0,158.0
20.6299,61.0,158.0
20.635,-76.0,158.0
20.6399,-36.0,156.0
20.6449,42.0,156.0
20.6498,-11.0,156.0
20.655,-14.0,156.0
20.6598,57.0,156.0
20.6649,7.0,156.0
20.67,-89.0,156.0
20.6748,-43.0,156.0
20.6798,86.0,156.0
20.685,116.0,158.0
20.6899,-23.0,158.0
20.6948,-177.0,160.0
20.6998,-89.0,160.0
20.7048,167.0,162.0
20.7098,197.0,164.0
20.7149,-86.0,164.0
20.7201,-245.0,166.0
20.7248,-3.0,166.0
20.7299,204.0,168.0
20.735,38.0,168.0
20.7398,-73.0,170.0
20.745,10.0,170.0
20.75,-112.0,170.0
20.7549,-112.0,172.0
20.7598,299.0,176.0
20.7648,195.0,178.0
20.7699,-439.0,184.0
20.7751,-216.0,188.0
20.7799,474.0,194.0
20.785,172.0,196.0
20.7899,-388.0,202.0
20.7948,-73.0,202.0
20.8,250.0,204.0
20.8051,-35.0,204.0
20.8099,-152.0,206.0
20.8148,81.0,204.0
20.8198,105.0,206.0
20.8248,-39.0,204.0
20.83,-66.0,204.0
20.835,-26.0,202.0
20.8399,36.0,202.0
20.8449,54.0,200.0
20.8498,-53.0,200.0
20.8548,-35.0,198.0
20.8599,112.0,200.0
20.8649,-27.0,200.0
20.8698,-182.0,202.0
20.8748,89.0,202.0
20.88,228.0,204.0
20.8848,-62.0,202.0
20.89,-199.0,204.0
20.8949,-50.0,202.0
20.8998,75.0,202.0
20.9048,123.0,202.0
20.9098,65.0,202.0
20.915,-80.0,202.0
20.9201,-126.0,202.0
20.9249,-5.0,200.0
20.93,112.0,200.0
20.9348,58.0,198.0
20.9401,-113.0,198.0
20.9449,-97.0,198.0
20.9501,147.0,200.0
20.9549,152.0,200.0
20.9599,-140.0,202.0
20.9649,-177.0,202.0
20.9699,58.0,202.0
20.975,115.0,200.0
20.98,45.0,198.0
20.9849,9.0,196.0
20.9899,-109.0,196.0
20.9948,-122.0,196.0
20.9998,122.0,198.0
21.0051,173.0,198.0
21.01,-102.0,198.0
21.0148,-160.0,200.0
21.0198,60.0,198.0
21.0248,95.0,200.0
21.0301,-20.0,200.0
21.035,-6.0,198.0
21.0399,18.0,198.0
21.0449,-55.0,198.0
21.0498,-56.0,200.0
21.0549,50.0,200.0
21.0599,82.0,200.0
21.0649,-3.0,200.0
21.0698,-39.0,202.0
21.0748,-21.0,202.0
21.0798,-74.0,202.0
21.0849,-14.0,202.0
21.0898,179.0,204.0
21.0949,79.0,204.0
21.0998,-200.0,208.0
21.1048,-107.0,208.0
21.1098,142.0,210.0
21.1149,85.0,212.0
21.1199,-56.0,212.0
21.1249,-49.0,212.0
21.1299,-23.0,210.0
21.1351,24.0,210.0
21.1398,76.0,208.0
21.145,-9.0,208.0
21.15,-89.0,210.0
21.1548,11.0,208.0
21.1598,91.0,208.0
21.1648,-20.0,206.0
21.1701,-124.0,206.0
21.1753,-2.0,204.0
21.18,171.0,202.0
21.1848,62.0,200.0
21.1899,-178.0,198.0
21.1949,-110.0,196.0
21.2003,129.0,196.0
21.2051,102.0,196.0
21.21,-67.0,196.0
21.2148,-45.0,196.0
21.2198,47.0,194.0
21.2248,-16.0,194.0
21.2299,-76.0,192.0
21.2348,44.0,192.0
21.2399,99.0,192.0
21.2449,-46.0,190.0
21.2498,-77.0,190.0
21.255,61.0,190.0
21.2601,35.0,190.0
21.265,-102.0,190.0
21.2699,-4.0,190.0
21.2748,156.0,190.0
21.2798,-2.0,190.0
21.2849,-219.0,192.0
21.2907,-41.0,194.0
21.2949,259.0,196.0
21.3001,128.0,198.0
21.3049,-231.0,202.0
21.3099,-176.0,202.0
21.3149,172.0,204.0
21.3199,141.0,206.0
21.3249,-185.0,206.0
21.3299,-106.0,208.0
21.3349,267.0,210.0
21.3399,153.0,210.0
21.3449,-291.0,212.0
21.3498,-207.0,212.0
21.355,212.0,214.0
21.3599,149.0,214.0
21.3651,-140.0,216.0
21.3699,-24.0,212.0
21.3749,162.0,214.0
21.3798,-17.0,214.0
21.3849,-197.0,216.0
21.3898,-51.0,216.0
21.3948,145.0,216.0
21.4002,109.0,212.0
21.4057,-46.0,210.0
21.4099,-70.0,204.0
21.4149,24.0,202.0
21.4199,3.0,194.0
21.4249,-95.0,194.0
21.4311,0.0,188.0
21.4349,148.0,188.0
21.4398,21.0,184.0
21.4448,-120.0,186.0
21.4498,31.0,184.0
21.4548,80.0,184.0
21.4601,-121.0,184.0
21.4648,-84.0,186.0
21.4698,139.0,186.0
21.4749,72.0,188.0
21.4799,-113.0,188.0
21.4848,-11.0,188.0
21.49,141.0,188.0
21.4948,-12.0,188.0
21.5013,-199.0,190.0
21.5048,-71.0,190.0
21.5098,172.0,190.0
21.5148,214.0,192.0
21.52,-24.0,190.0
21.5249,-297.0,192.0
21.5298,-150.0,192.0
21.5349,241.0,196.0
21.5399,215.0,198.0
21.5451,-101.0,198.0
21.5498,-131.0,198.0
21.5548,3.0,196.0
21.5599,2.0,194.0
21.5648,23.0,196.0
21.5699,52.0,194.0
21.5748,-62.0,194.0
21.58,-27.0,192.0
21.5849,139.0,194.0
21.5898,-6.0,192.0
21.5949,-173.0,192.0
21.5998,21.0,190.0
21.6056,122.0,190.0
21.6099,-41.0,188.0
21.6149,-44.0,188.0
21.6199,64.0,188.0
21.6248,6.0,188.0
21.6299,-63.0,188.0
21.6348,0.0,186.0
21.6399,26.0,184.0
21.6449,-30.0,182.0
21.6498,9.0,180.0
21.6549,108.0,180.0
21.6598,2.0,178.0
21.665,-193.0,180.0
21.6699,-67.0,180.0
21.6748,236.0,184.0
21.6798,143.0,186.0
21.6848,-214.0,188.0
21.6898,-172.0,190.0
21.695,146.0,192.0
21.6999,130.0,192.0
21.7049,-92.0,194.0
21.7099,-57.0,194.0
21.7153,108.0,196.0
21.7208,37.0,196.0
21.725,-183.0,198.0
21.7298,-111.0,196.0
21.7348,222.0,198.0
21.7399,211.0,200.0
21.7449,-155.0,200.0
21.7499,-214.0,202.0
21.755,48.0,200.0
21.7598,95.0,202.0
21.7648,-14.0,200.0
21.7698,43.0,200.0
21.777,80.0,202.0
21.7801,-100.0,202.0
21.7851,-173.0,204.0
21.79,76.0,204.0
21.795,220.0,208.0
21.7998,-34.0,206.0
21.8056,-204.0,210.0
21.8098,23.0,208.0
21.8149,166.0,210.0
21.8199,-31.0,208.0
21.8249,-144.0,210.0
21.8298,11.0,208.0
21.8351,126.0,208.0
21.84,45.0,206.0
21.845,-80.0,206.0
21.8502,-87.0,206.0
21.8549,11.0,206.0
21.8599,65.0,206.0
21.8648,26.0,206.0
21.8699,-10.0,204.0
21.8748,-5.0,204.0
21.8799,-5.0,202.0
21.8849,-29.0,202.0
21.8898,-31.0,202.0
21.8949,17.0,202.0
21.9,77.0,202.0
21.905,36.0,200.0
21.91,-94.0,202.0
21.915,-76.0,200.0
21.9201,85.0,202.0
21.9249,68.0,200.0
21.93,-78.0,200.0
21.9349,-29.0,196.0
21.9398,93.0,196.0
21.9448,6.0,192.0
21.9498,-123.0,192.0
21.955,-21.0,190.0
21.9599,160.0,190.0
21.9649,62.0,188.0
21.9699,-208.0,190.0
21.9749,-111.0,188.0
21.9799,255.0,188.0
21.9849,156.0,186.0
21.99,-262.0,188.0
21.9952,-165.0,186.0
22.0002,205.0,188.0
22.0053,102.0,188.0
22.0101,-118.0,188.0
22.0149,9.0,186.0
22.0199,63.0,186.0
22.0249,-86.0,186.0
22.0303,-61.0,186.0
22.0349,58.0,184.0
22.0398,78.0,184.0
22.0449,45.0,184.0
22.0498,-82.0,184.0
22.0549,-145.0,186.0
22.0598,90.0,186.0
22.0649,210.0,188.0
22.0699,-105.0,190.0
22.0749,-244.0,192.0
22.0798,100.0,194.0
22.0848,210.0,194.0
22.0902,-95.0,196.0
22.095,-83.0,196.0
22.0999,143.0,196.0
22.1048,-64.0,196.0
22.1098,-231.0,196.0
22.115,124.0,198.0
22.1203,279.0,200.0
22.125,-76.0,202.0
22.13,-238.0,202.0
22.1348,10.0,202.0
22.1399,126.0,202.0
22.145,-14.0,200.0
22.1501,-11.0,198.0
22.155,90.0,196.0
22.1599,-41.0,196.0
22.1649,-177.0,194.0
22.1699,28.0,192.0
22.1748,212.0,192.0
22.18,5.0,190.0
22.185,-177.0,190.0
22.1899,-26.0,188.0
22.1949,105.0,190.0
22.1999,47.0,190.0
22.2052,-38.0,192.0
22.2099,-89.0,192.0
22.2149,2.0,190.0
22.2199,134.0,192.0
22.2249,5.0,190.0
22.23,-156.0,192.0
22.235,-6.0,190.0
22.2401,143.0,192.0
22.2449,13.0,190.0
22.2499,-95.0,192.0
22.255,-13.0,190.0
22.2599,35.0,190.0
22.2651,-15.0,190.0
22.2699,9.0,190.0
22.2749,58.0,190.0
22.2798,-25.0,190.0
22.2849,-79.0,192.0
22.29,10.0,192.0
22.295,71.0,190.0
22.2999,33.0,192.0
22.305,-43.0,188.0
22.3099,-88.0,190.0
22.3148,3.0,186.0
22.3201,110.0,184.0
22.325,29.0,182.0
22.3299,-64.0,180.0
22.3349,-23.0,178.0
22.3398,-16.0,176.0
22.3448,-22.0,176.0
22.3499,48.0,176.0
22.3549,59.0,174.0
22.3598,-5.0,174.0
22.3649,-47.0,172.0
22.37,-58.0,172.0
22.3749,13.0,168.0
22.38,95.0,166.0
22.3848,-6.0,164.0
22.3899,-102.0,162.0
22.3948,35.0,162.0
22.4,99.0,162.0
22.4053,-68.0,162.0
22.4099,-71.0,164.0
22.4149,86.0,164.0
22.4198,-2.0,162.0
22.4249,-97.0,160.0
22.4299,96.0,160.0
22.435,102.0,160.0
22.4399,-161.0,162.0
22.4452,-84.0,160.0
22.4498,188.0,162.0
22.4548,47.0,160.0
22.4599,-196.0,162.0
22.465,-25.0,160.0
22.47,168.0,164.0
22.4748,29.0,162.0
22.4798,-79.0,162.0
22.4848,-26.0,162.0
22.4899,-33.0,160.0
22.4949,-20.0,160.0
22.5,82.0,160.0
22.5048,82.0,162.0
22.5098,-40.0,162.0
22.5149,-102.0,164.0
22.5204,-17.0,164.0
22.5248,70.0,164.0
22.5298,4.0,164.0
22.5349,-37.0,164.0
22.5399,69.0,164.0
22.5456,52.0,164.0
22.55,-120.0,164.0
22.555,-92.0,166.0
22.5599,107.0,166.0
22.5648,104.0,166.0
22.5698,-66.0,166.0
22.5748,-92.0,166.0
22.5799,30.0,166.0
22.5849,86.0,168.0
22.5898,-1.0,166.0
22.5948,-74.0,166.0
22.6002,-19.0,164.0
22.605,23.0,164.0
22.6098,14.0,160.0
22.6148,60.0,160.0
22.6199,22.0,156.0
22.6249,-131.0,156.0
22.6299,-75.0,152.0
22.6349,148.0,152.0
22.6399,109.0,150.0
22.645,-125.0,152.0
22.6501,-98.0,150.0
22.6549,107.0,152.0
22.66,60.0,152.0
22.6651,-110.0,152.0
22.6698,-28.0,152.0
22.6748,105.0,152.0
22.6798,16.0,152.0
22.6848,-63.0,152.0
22.6901,-9.0,150.0
22.6949,2.0,148.0
22.6998,-1.0,148.0
22.705,39.0,144.0
22.7098,0.0,144.0
22.7148,-58.0,140.0
22.7201,12.0,138.0
22.7248,76.0,136.0
22.7298,-4.0,136.0
22.7348,-86.0,136.0
22.7399,-35.0,134.0
22.7449,67.0,134.0
22.75,67.0,132.0
22.7549,-21.0,130.0
22.7599,-58.0,126.0
22.7648,-36.0,126.0
22.7698,16.0,122.0
22.7751,82.0,124.0
22.7799,21.0,122.0
22.7848,-95.0,122.0
22.7899,-30.0,122.0
22.7948,95.0,124.0
22.8,17.0,122.0
22.8054,-132.0,122.0
22.8099,-28.0,122.0
22.8148,180.0,122.0
22.8198,76.0,122.0
22.8249,-95.0,122.0
22.8298,-45.0,122.0
22.8352,-142.0,122.0
22.8401,-168.0,124.0
22.8449,274.0,128.0
22.8501,403.0,132.0
22.8556,-94.0,134.0
22.86,-365.0,138.0
22.8649,-184.0,140.0
22.8699,47.0,138.0
22.875,231.0,142.0
22.8802,235.0,144.0
22.885,-47.0,144.0
22.89,-253.0,146.0
22.896,-97.0,148.0
22.902,100.0,150.0
22.9049,58.0,150.0
22.9099,-11.0,150.0
22.9151,47.0,150.0
22.9203,72.0,150.0
22.925,-49.0,150.0
22.93,-165.0,152.0
22.9352,-54.0,152.0
22.9399,150.0,154.0
22.9448,125.0,156.0
22.9499,-40.0,154.0
22.955,-84.0,156.0
22.9599,-51.0,154.0
22.9649,-16.0,154.0
22.9699,70.0,154.0
22.9749,96.0,156.0
22.98,-27.0,156.0
22.9851,-103.0,158.0
22.99,-30.0,156.0
22.9948,29.0,156.0
22.9998,28.0,156.0
23.005,66.0,158.0
23.0099,63.0,158.0
23.0151,-104.0,158.0
23.0198,-173.0,160.0
23.0248,73.0,160.0
23.0299,212.0,162.0
23.0351,-34.0,162.0
23.04,-166.0,164.0
23.0449,38.0,164.0
23.05,85.0,164.0
23.0548,-55.0,162.0
23.06,-18.0,164.0
23.0649,23.0,162.0
23.07,-22.0,160.0
23.0749,63.0,160.0
23.0798,60.0,158.0
23.0849,-144.0,160.0
23.09,-98.0,158.0
23.095,163.0,160.0
23.1,101.0,158.0
23.1049,-102.0,160.0
23.1098,-42.0,158.0
23.1149,3.0,158.0
23.12,-57.0,158.0
23.1249,41.0,158.0
23.13,142.0,158.0
23.1349,36.0,160.0
23.1399,-153.0,160.0
23.1449,-205.0,162.0
23.1498,69.0,162.0
23.155,339.0,166.0
23.1599,46.0,166.0
23.1649,-332.0,170.0
23.1698,-79.0,172.0
23.1749,211.0,174.0
23.1799,-6.0,174.0
23.185,-44.0,174.0
23.1899,126.0,174.0
23.195,-161.0,174.0
23.1999,-210.0,176.0
23.2049,354.0,180.0
23.21,248.0,184.0
23.2149,-407.0,188.0
23.2199,-208.0,190.0
23.2248,290.0,194.0
23.2298,61.0,196.0
23.2351,-137.0,196.0
23.2399,116.0,198.0
23.245,89.0,198.0
23.2501,-187.0,202.0
23.2549,-126.0,202.0
23.2599,107.0,204.0
23.265,101.0,204.0
23.27,-18.0,202.0
23.2748,25.0,200.0
23.28,87.0,200.0
23.2848,-92.0,200.0
23.2901,-262.0,202.0
23.2949,-27.0,200.0
23.2999,321.0,204.0
23.3048,207.0,206.0
23.3098,-184.0,208.0
23.3149,-239.0,210.0
23.32,9.0,210.0
23.3249,103.0,212.0
23.33,31.0,212.0
23.3348,55.0,212.0
23.3398,59.0,214.0
23.3449,-135.0,216.0
23.3499,-166.0,218.0
23.3549,150.0,220.0
23.36,219.0,222.0
23.3649,-151.0,224.0
23.3699,-240.0,228.0
23.3748,137.0,228.0
23.3801,253.0,232.0
23.385,-74.0,232.0
23.3898,-212.0,234.0
23.3949,-13.0,234.0
23.4,110.0,234.0
23.4052,44.0,234.0
23.4098,-51.0,236.0
23.4149,-2.0,234.0
23.4198,88.0,234.0
23.4249,-64.0,234.0
23.43,-156.0,236.0
23.4351,142.0,238.0
23.44,195.0,240.0
23.445,-223.0,242.0
23.4501,-196.0,244.0
23.4551,263.0,246.0
23.46,160.0,246.0
23.4648,-238.0,248.0
23.4699,-105.0,250.0
23.4748,156.0,250.0
23.4798,54.0,248.0
23.4849,-35.0,244.0
23.4899,-8.0,238.0
23.495,-83.0,238.0
23.4999,-19.0,232.0
23.5048,149.0,232.0
23.5098,3.0,232.0
23.5149,-160.0,230.0
23.5202,37.0,228.0
23.5248,151.0,228.0
23.53,-44.0,226.0
23.5348,-124.0,226.0
23.5398,4.0,224.0
23.5449,48.0,224.0
23.55,15.0,224.0
23.5549,60.0,224.0
23.5598,45.0,224.0
23.5649,-104.0,226.0
23.5699,-140.0,224.0
23.575,23.0,224.0
23.58,151.0,224.0
23.585,111.0,224.0
23.59,-33.0,224.0
23.5948,-183.0,226.0
23.5999,-121.0,226.0
23.6051,166.0,228.0
23.61,190.0,230.0
23.6148,-122.0,232.0
23.6199,-141.0,232.0
23.6249,106.0,232.0
23.6299,38.0,234.0
23.6349,-123.0,234.0
23.6399,37.0,234.0
23.6451,158.0,236.0
23.6511,-36.0,236.0
23.6549,-174.0,236.0
23.6598,-47.0,234.0
23.6648,113.0,236.0
23.6704,166.0,234.0
23.6749,52.0,236.0
23.6798,-233.0,236.0
23.6848,-257.0,240.0
23.69,196.0,242.0
23.6949,373.0,246.0
23.6999,-106.0,248.0
23.7049,-332.0,252.0
23.7098,65.0,254.0
23.7148,201.0,256.0
23.7201,-98.0,256.0
23.7249,-109.0,256.0
23.73,131.0,256.0
23.7348,108.0,254.0
23.7399,-82.0,254.0
23.7449,-138.0,256.0
23.7499,-40.0,256.0
23.7549,125.0,258.0
23.7598,148.0,258.0
23.7648,-69.0,258.0
23.7698,-173.0,260.0
23.778,27.0,260.0
23.7798,123.0,258.0
23.785,-40.0,256.0
23.79,-68.0,256.0
23.795,86.0,252.0
23.8,76.0,252.0
23.8049,-90.0,248.0
23.8099,-115.0,250.0
23.8148,21.0,246.0
23.8198,92.0,248.0
23.8248,49.0,248.0
23.8298,6.0,246.0
23.8349,-42.0,244.0
23.8399,-81.0,242.0
23.8448,-19.0,238.0
23.8501,56.0,234.0
23.8548,45.0,228.0
23.8598,10.0,226.0
23.865,-11.0,220.0
23.8699,-24.0,220.0
23.875,-20.0,218.0
23.8799,-9.0,216.0
23.8848,0.0,216.0
23.8898,22.0,212.0
23.8949,51.0,212.0
23.8998,0.0,210.0
23.9048,-85.0,210.0
23.9098,-28.0,210.0
23.9148,81.0,210.0
23.9202,43.0,210.0
23.9249,-51.0,210.0
23.93,-53.0,206.0
23.9348,8.0,206.0
23.9398,51.0,202.0
23.9448,26.0,198.0
23.9499,-18.0,196.0
23.955,-17.0,192.0
23.9598,-20.0,192.0
23.9648,-42.0,192.0
23.9698,4.0,192.0
23.9748,90.0,192.0
23.9799,72.0,192.0
23.9849,-78.0,192.0
23.9899,-150.0,192.0
23.9961,26.0,190.0
23.9998,182.0,188.0
24.0052,30.0,186.0
24.0099,-158.0,186.0
24.0149,-83.0,184.0
24.0198,86.0,182.0
24.0249,115.0,182.0
24.0299,-1.0,180.0
24.0349,-110.0,180.0
24.0399,-53.0,180.0
24.0449,94.0,180.0
24.0498,65.0,182.0
24.0549,-114.0,182.0
24.0599,-78.0,182.0
24.065,146.0,184.0
24.0699,132.0,184.0
24.0749,-108.0,182.0
24.0799,-189.0,182.0
24.0848,-26.0,180.0
24.09,170.0,180.0
24.095,169.0,178.0
24.0999,-63.0,176.0
24.1048,-195.0,176.0
24.1098,-39.0,174.0
24.1147,84.0,174.0
24.12,41.0,174.0
24.1249,60.0,174.0
24.1299,36.0,174.0
24.1348,-136.0,176.0
24.1398,-87.0,176.0
24.1449,134.0,176.0
24.1504,50.0,176.0
24.1549,-105.0,176.0
24.1599,42.0,176.0
24.1649,86.0,174.0
24.1699,-121.0,176.0
24.1749,-75.0,176.0
24.1801,151.0,178.0
24.185,54.0,178.0
24.1899,-140.0,180.0
24.1949,-21.0,178.0
24.1998,109.0,180.0
24.2053,-7.0,178.0
24.21,-64.0,178.0
24.2149,18.0,178.0
24.2198,2.0,174.0
24.2248,-33.0,174.0
24.23,58.0,174.0
24.235,98.0,172.0
24.2401,-59.0,172.0
24.2451,-200.0,172.0
24.2498,-24.0,170.0
24.2548,255.0,172.0
24.2598,129.0,172.0
24.2649,-213.0,174.0
24.2699,-157.0,176.0
24.2748,134.0,176.0
24.2799,97.0,176.0
24.285,-104.0,176.0
24.2898,-25.0,176.0
24.2954,132.0,174.0
24.2998,8.0,174.0
24.3048,-163.0,174.0
24.31,-46.0,172.0
24.315,154.0,174.0
24.3206,88.0,172.0
24.325,-118.0,170.0
24.3305,-95.0,168.0
24.3348,92.0,164.0
24.34,81.0,164.0
24.3451,-81.0,160.0
24.3506,-76.0,160.0
24.3561,72.0,158.0
24.3598,66.0,158.0
24.365,-78.0,156.0
24.3702,-23.0,156.0
24.3754,124.0,156.0
24.3804,-25.0,154.0
24.3855,-181.0,156.0
24.3898,46.0,156.0
24.3949,190.0,156.0
24.4001,-64.0,156.0
24.4059,-152.0,156.0
24.41,106.0,156.0
24.4149,125.0,156.0
24.4203,-125.0,156.0
24.425,-121.0,158.0
24.4301,77.0,158.0
24.4356,97.0,158.0
24.4404,-3.0,158.0
24.4455,-58.0,156.0
24.45,-36.0,156.0
24.4551,64.0,156.0
24.46,57.0,156.0
24.4654,-116.0,156.0
24.4698,-98.0,158.0
24.475,133.0,160.0
24.48,136.0,160.0
24.485,-78.0,162.0
24.4899,-122.0,162.0
24.4948,6.0,162.0
24.4998,75.0,162.0
24.5049,29.0,164.0
24.51,-58.0,164.0
24.5151,-45.0,164.0
24.5204,90.0,166.0
24.5249,63.0,166.0
24.5304,-128.0,168.0
24.5353,-66.0,168.0
24.54,132.0,170.0
24.5452,37.0,170.0
24.5504,-101.0,170.0
24.5548,5.0,170.0
24.5598,47.0,170.0
24.565,-31.0,170.0
24.57,21.0,168.0
24.5751,44.0,170.0
24.5798,-92.0,170.0
24.5849,-72.0,170.0
24.5899,126.0,172.0
24.595,108.0,174.0
24.6,-83.0,174.0
24.6057,-103.0,176.0
24.6097,1.0,176.0
24.6148,48.0,174.0
24.62,34.0,174.0
24.6249,-12.0,174.0
24.6301,-1.0,170.0
24.6351,36.0,172.0
24.6406,-45.0,168.0
24.6453,-75.0,170.0
24.65,73.0,168.0
24.655,67.0,168.0
24.6603,-103.0,168.0
24.6654,-26.0,166.0
24.6698,128.0,168.0
24.675,10.0,168.0
24.68,-106.0,168.0
24.6849,-24.0,168.0
24.6902,43.0,166.0
24.6953,30.0,166.0
24.6999,-7.0,164.0
24.7049,-28.0,162.0
24.7101,32.0,160.0
24.7151,41.0,160.0
24.7205,-81.0,158.0
24.7248,-59.0,158.0
24.7302,114.0,158.0
24.735,61.0,156.0
24.7401,-127.0,158.0
24.745,-41.0,154.0
24.7504,129.0,156.0
24.755,25.0,156.0
24.76,-127.0,156.0
24.7651,-53.0,156.0
24.7702,124.0,158.0
24.7752,124.0,158.0
24.7798,-115.0,158.0
24.7855,-171.0,158.0
24.7904,100.0,160.0
24.7954,136.0,160.0
24.7998,-91.0,160.0
24.8065,-28.0,160.0
24.8098,106.0,160.0
24.8154,-84.0,160.0
24.82,-140.0,160.0
24.8248,129.0,160.0
24.8303,149.0,160.0
24.8352,-99.0,162.0
24.8404,-94.0,162.0
24.8453,43.0,162.0
24.85,-3.0,162.0
24.8547,-3.0,162.0
24.8601,85.0,162.0
24.8653,-18.0,162.0
24.8698,-120.0,164.0
24.8749,28.0,162.0
24.8801,114.0,164.0
24.8851,-25.0,160.0
24.8903,-68.0,160.0
24.8948,15.0,158.0
24.9003,-15.0,156.0
24.905,-10.0,152.0
24.91,99.0,152.0
24.9148,14.0,150.0
24.9205,-127.0,150.0
24.9248,-14.0,148.0
24.9309,92.0,150.0
24.9349,0.0,148.0
24.94,-39.0,148.0
24.9451,20.0,146.0
24.9502,4.0,146.0
24.9547,-39.0,144.0
24.9601,5.0,142.0
24.965,61.0,142.0
24.9701,13.0,140.0
24.9752,-78.0,140.0
24.98,-65.0,140.0
24.9855,49.0,138.0
24.9899,118.0,140.0
24.995,43.0,140.0
25.0001,-111.0,140.0
25.0055,-135.0,140.0
25.0099,42.0,142.0
25.0148,154.0,142.0
25.0198,31.0,142.0
25.025,-106.0,140.0
25.03,-59.0,140.0
25.0356,57.0,138.0
25.0403,39.0,138.0
25.0456,-53.0,136.0
25.0501,-18.0,136.0
25.055,93.0,134.0
25.0601,39.0,134.0
25.0656,-140.0,134.0
25.0698,-102.0,134.0
25.0749,152.0,134.0
25.08,169.0,138.0
25.0852,-130.0,138.0
25.0901,-197.0,142.0
25.0955,109.0,142.0
25.0998,185.0,144.0
25.1049,-103.0,144.0
25.1098,-157.0,144.0
25.115,91.0,144.0
25.12,126.0,144.0
25.1249,-57.0,144.0
25.1303,-90.0,142.0
25.1353,8.0,142.0
25.14,41.0,142.0
25.1448,38.0,142.0
25.1506,17.0,142.0
25.1548,-72.0,142.0
25.1598,-75.0,142.0
25.165,88.0,142.0
25.1699,126.0,142.0
25.1749,-68.0,142.0
25.1803,-165.0,144.0
25.1855,0.0,142.0
25.1898,150.0,144.0
25.195,80.0,144.0
25.1998,-47.0,144.0
25.2055,-109.0,146.0
25.2098,-96.0,146.0
25.2149,82.0,148.0
25.2198,191.0,148.0
25.225,-63.0,148.0
25.2301,-215.0,150.0
25.2361,86.0,150.0
25.2403,206.0,152.0
25.2453,-114.0,152.0
25.25,-183.0,154.0
25.255,103.0,156.0
25.2601,139.0,158.0
25.2653,-66.0,158.0
25.2699,-75.0,160.0
25.2747,41.0,160.0
25.2801,12.0,158.0
25.285,-50.0,158.0
25.29,18.0,158.0
25.2947,91.0,158.0
25.3002,5.0,156.0
25.3053,-132.0,158.0
25.3099,-70.0,158.0
25.3149,132.0,160.0
25.32,111.0,160.0
25.3249,-90.0,160.0
25.3299,-62.0,160.0
25.3348,63.0,160.0
25.3399,-61.0,162.0
25.345,-109.0,164.0
25.3499,149.0,164.0
25.3551,192.0,168.0
25.3598,-104.0,168.0
25.3649,-203.0,170.0
25.3698,-29.0,168.0
25.375,96.0,170.0
25.38,114.0,168.0
25.385,42.0,168.0
25.39,-91.0,168.0
25.3948,-98.0,170.0
25.3998,43.0,168.0
25.4049,66.0,168.0
25.4099,-71.0,168.0
25.4149,-40.0,166.0
25.4198,145.0,166.0
25.4249,75.0,166.0
25.4299,-165.0,166.0
25.4349,-111.0,166.0
25.44,109.0,166.0
25.4449,74.0,166.0
25.4499,-42.0,166.0
25.4559,18.0,164.0
25.4598,0.0,162.0
25.4648,-103.0,162.0
25.4698,33.0,160.0
25.4749,156.0,162.0
25.48,-50.0,160.0
25.485,-166.0,162.0
25.4897,21.0,162.0
25.495,94.0,164.0
25.4998,29.0,164.0
25.5048,45.0,164.0
25.5098,-34.0,162.0
25.515,-130.0,164.0
25.52,6.0,162.0
25.5249,76.0,164.0
25.5299,-33.0,162.0
25.5348,31.0,162.0
25.5398,124.0,164.0
25.545,-60.0,166.0
25.55,-177.0,166.0
25.5548,9.0,166.0
25.5598,133.0,166.0
25.5648,23.0,166.0
25.5698,-47.0,166.0
25.5748,10.0,166.0
25.5798,-4.0,166.0
25.5849,-76.0,166.0
25.5899,18.0,166.0
25.5948,128.0,168.0
25.5998,-9.0,168.0
25.6053,-143.0,170.0
25.6107,-21.0,170.0
25.6151,90.0,170.0
25.6198,45.0,170.0
25.625,43.0,170.0
25.6299,1.0,168.0
25.6352,-183.0,170.0
25.6398,-103.0,170.0
25.6448,223.0,170.0
25.6501,163.0,172.0
25.6549,-156.0,172.0
25.66,-120.0,174.0
25.6647,67.0,174.0
25.6698,19.0,174.0
25.6749,-27.0,172.0
25.6798,66.0,172.0
25.6847,32.0,172.0
25.6898,-107.0,174.0
25.6949,-40.0,174.0
25.6998,115.0,174.0
25.7048,23.0,172.0
25.7098,-98.0,172.0
25.7148,6.0,170.0
25.72,59.0,168.0
25.7249,-24.0,166.0
25.7299,-12.0,164.0
25.7348,18.0,162.0
25.74,-29.0,160.0
25.7448,11.0,158.0
25.7499,74.0,158.0
25.755,-41.0,156.0
25.7599,-137.0,156.0
25.765,26.0,156.0
25.7698,184.0,158.0
25.7791,35.0,158.0
25.7802,-159.0,160.0
25.785,-83.0,160.0
25.7897,78.0,162.0
25.7948,66.0,162.0
25.7999,-21.0,160.0
25.805,1.0,160.0
25.8099,24.0,158.0
25.8148,-64.0,158.0
25.8198,-51.0,156.0
25.8248,89.0,158.0
25.8299,52.0,156.0
25.835,-82.0,156.0
25.84,-18.0,156.0
25.8448,65.0,154.0
25.8498,-34.0,154.0
25.8549,-67.0,154.0
25.86,92.0,152.0
25.8648,111.0,152.0
25.8699,-135.0,152.0
25.8748,-189.0,154.0
25.8798,125.0,152.0
25.8848,239.0,154.0
25.8899,-61.0,152.0
25.8949,-211.0,154.0
25.8998,-3.0,152.0
25.9048,132.0,152.0
25.9098,23.0,152.0
25.9148,-65.0,152.0
25.9199,-15.0,152.0
25.925,28.0,152.0
25.9299,12.0,152.0
25.9351,-6.0,150.0
25.9399,-22.0,150.0
25.9448,2.0,148.0
25.9498,44.0,148.0
25.955,-23.0,146.0
25.9599,-74.0,146.0
25.9649,66.0,146.0
25.9699,99.0,146.0
25.9751,-118.0,146.0
25.9799,-120.0,148.0
25.985,151.0,148.0
25.9898,135.0,148.0
25.9948,-136.0,148.0
25.9999,-119.0,148.0
26.005,81.0,146.0
26.0099,54.0,146.0
26.015,-32.0,146.0
26.0198,21.0,144.0
26.0249,27.0,144.0
26.0298,-46.0,142.0
26.0349,-45.0,142.0
26.0399,0.0,142.0
26.0449,45.0,140.0
26.0501,65.0,140.0
26.0549,-36.0,140.0
26.06,-105.0,140.0
26.0649,57.0,140.0
26.0699,121.0,140.0
26.0749,-119.0,140.0
26.0798,-151.0,140.0
26.0848,169.0,142.0
26.0901,203.0,144.0
26.0949,-156.0,146.0
26.0999,-251.0,150.0
26.1048,84.0,150.0
26.1098,252.0,154.0
26.1148,0.0,150.0
26.1201,-186.0,152.0
26.1249,-44.0,150.0
26.13,81.0,152.0
26.1348,31.0,150.0
26.1398,-8.0,150.0
26.145,7.0,150.0
26.1498,6.0,150.0
26.1548,-11.0,148.0
26.1599,-33.0,148.0
26.1648,-43.0,148.0
26.1697,11.0,148.0
26.1749,108.0,148.0
26.1798,68.0,148.0
26.1851,-111.0,148.0
26.19,-132.0,148.0
26.1949,44.0,148.0
26.1999,116.0,148.0
26.205,26.0,148.0
26.2099,-34.0,148.0
26.2149,-40.0,148.0
26.22,-52.0,148.0
26.2247,0.0,148.0
26.2298,111.0,150.0
26.235,48.0,148.0
26.24,-140.0,150.0
26.245,-71.0,148.0
26.2498,131.0,150.0
26.2549,52.0,150.0
26.26,-84.0,150.0
26.2649,7.0,150.0
26.2698,32.0,150.0
26.2749,-75.0,148.0
26.2798,-4.0,148.0
26.2848,114.0,146.0
26.2898,3.0,144.0
26.2949,-130.0,142.0
26.2998,-23.0,142.0
26.3048,146.0,142.0
26.3098,61.0,144.0
26.3148,-159.0,146.0
26.3203,-98.0,146.0
26.3249,143.0,148.0
26.3298,111.0,148.0
26.3349,-113.0,148.0
26.3401,-101.0,148.0
26.345,103.0,150.0
26.3498,89.0,150.0
26.3549,-106.0,150.0
26.3598,-79.0,152.0
26.3649,93.0,152.0
26.3698,51.0,152.0
26.3748,-65.0,154.0
26.3799,-7.0,154.0
26.3848,49.0,154.0
26.3898,-11.0,152.0
26.3948,-45.0,154.0
26.3998,-23.0,152.0
26.4049,18.0,152.0
26.4098,89.0,150.0
26.4148,59.0,150.0
26.4198,-128.0,150.0
26.4248,-162.0,150.0
26.43,102.0,152.0
26.4351,211.0,154.0
26.4399,-39.0,154.0
26.4448,-140.0,156.0
26.45,19.0,156.0
26.455,-18.0,156.0
26.4601,-87.0,156.0
26.465,141.0,156.0
26.47,192.0,158.0
26.4748,-136.0,160.0
26.4798,-236.0,162.0
26.4847,38.0,162.0
26.4899,182.0,164.0
26.495,47.0,164.0
26.4999,-81.0,164.0
26.5048,-41.0,164.0
26.5098,16.0,162.0
26.5148,-54.0,160.0
26.5202,-48.0,158.0
26.525,141.0,156.0
26.5301,163.0,158.0
26.5348,-108.0,156.0
26.5398,-237.0,160.0
26.5448,-19.0,158.0
26.5502,172.0,160.0
26.555,105.0,162.0
26.5599,-24.0,162.0
26.5648,-84.0,162.0
26.5698,-66.0,164.0
26.5748,18.0,164.0
26.58,49.0,164.0
26.585,0.0,164.0
26.5898,7.0,164.0
26.5948,41.0,164.0
26.5998,-17.0,162.0
26.6051,-79.0,162.0
26.61,-18.0,162.0
26.615,45.0,160.0
26.6199,26.0,158.0
26.6248,38.0,158.0
26.6299,36.0,156.0
26.635,-93.0,154.0
26.64,-122.0,154.0
26.645,87.0,156.0
26.6499,164.0,156.0
26.6552,-61.0,158.0
26.6601,-154.0,160.0
26.6648,52.0,160.0
26.6698,132.0,162.0
26.6749,-52.0,162.0
26.6799,-124.0,164.0
26.6848,42.0,164.0
26.6898,116.0,164.0
26.6949,-24.0,164.0
26.6998,-96.0,164.0
26.7048,19.0,162.0
26.7098,73.0,162.0
26.715,-37.0,160.0
26.72,-61.0,160.0
26.7249,64.0,158.0
26.7298,68.0,156.0
26.7348,-66.0,154.0
26.7398,-94.0,152.0
26.7448,16.0,150.0
26.7499,110.0,148.0
26.7548,62.0,150.0
26.7598,-87.0,148.0
26.7648,-96.0,148.0
26.7698,48.0,148.0
26.7749,46.0,148.0
26.7799,-48.0,150.0
26.7848,42.0,150.0
26.7899,108.0,152.0
26.7948,-80.0,152.0
26.7999,-176.0,154.0
26.805,30.0,154.0
26.81,172.0,156.0
26.8148,57.0,156.0
26.8198,-85.0,156.0
26.8253,-112.0,156.0
26.83,-8.0,154.0
26.835,120.0,156.0
26.8399,39.0,154.0
26.8449,-110.0,156.0
26.8499,-5.0,156.0
26.8549,110.0,156.0
26.8598,-44.0,156.0
26.8649,-126.0,158.0
26.8698,63.0,158.0
26.8749,136.0,158.0
26.8799,-34.0,158.0
26.8848,-111.0,158.0
26.89,-17.0,156.0
26.8948,48.0,156.0
26.8998,39.0,156.0
26.9048,16.0,156.0
26.9098,-5.0,156.0
26.9148,-42.0,154.0
26.9201,-63.0,156.0
26.9248,21.0,154.0
26.9298,129.0,156.0
26.9348,12.0,154.0
26.9399,-165.0,156.0
26.9448,-29.0,154.0
26.9499,167.0,156.0
26.9548,19.0,154.0
26.9598,-143.0,154.0
26.9647,9.0,152.0
26.9698,113.0,152.0
26.975,-36.0,152.0
26.9799,-92.0,152.0
26.9849,46.0,150.0
26.9898,79.0,150.0
26.9948,-54.0,150.0
26.9999,-81.0,150.0
27.005,78.0,150.0
27.0098,112.0,150.0
27.0149,-102.0,150.0
27.0198,-151.0,152.0
27.0249,94.0,154.0
27.0298,158.0,156.0
27.0348,-58.0,156.0
27.0398,-123.0,158.0
27.0449,24.0,158.0
27.0498,78.0,158.0
27.0548,-1.0,156.0
27.0597,-54.0,156.0
27.0648,-19.0,154.0
27.0698,50.0,152.0
27.0748,44.0,150.0
27.0798,-51.0,150.0
27.0849,-59.0,148.0
27.0899,50.0,150.0
27.0948,54.0,150.0
27.0999,-43.0,150.0
27.1049,-32.0,148.0
27.1098,19.0,144.0
27.115,9.0,142.0
27.12,30.0,140.0
27.1248,2.0,140.0
27.13,-92.0,138.0
27.1348,-13.0,138.0
27.1398,116.0,138.0
27.1448,17.0,138.0
27.1498,-65.0,138.0
27.1548,19.0,138.0
27.1598,-15.0,138.0
27.1648,-101.0,136.0
27.1698,46.0,134.0
27.1751,153.0,136.0
27.1799,-25.0,132.0
27.1849,-117.0,134.0
27.1899,13.0,130.0
27.195,29.0,130.0
27.1998,-13.0,130.0
27.205,58.0,130.0
27.2099,-14.0,128.0
27.2149,-137.0,130.0
27.2198,58.0,130.0
27.2248,192.0,134.0
27.2298,-64.0,134.0
27.2348,-181.0,136.0
27.2398,16.0,136.0
27.2449,90.0,136.0
27.2498,45.0,138.0
27.2548,38.0,136.0
27.26,-74.0,138.0
27.265,-133.0,140.0
27.2699,65.0,140.0
27.2749,150.0,140.0
27.2798,-54.0,140.0
27.2848,-107.0,140.0
27.2898,67.0,138.0
27.295,56.0,138.0
27.2999,-90.0,138.0
27.3048,-39.0,136.0
27.3098,78.0,136.0
27.3147,49.0,136.0
27.3202,-17.0,134.0
27.3249,-36.0,134.0
27.3299,-38.0,134.0
27.3349,-17.0,134.0
27.3398,32.0,132.0
27.3449,74.0,132.0
27.3499,18.0,132.0
27.3549,-96.0,132.0
27.3598,-58.0,132.0
27.3648,87.0,134.0
27.3697,74.0,134.0
27.3748,-63.0,134.0
27.38,-96.0,134.0
27.3851,27.0,134.0
27.39,125.0,134.0
27.3952,17.0,134.0
27.3999,-124.0,134.0
27.4051,-47.0,132.0
27.4099,81.0,134.0
27.4148,42.0,134.0
27.4199,-27.0,132.0
27.4249,-14.0,132.0
27.4299,1.0,130.0
27.4351,-20.0,130.0
27.4399,-19.0,128.0
27.4448,59.0,128.0
27.4498,74.0,126.0
27.4549,-97.0,128.0
27.4598,-143.0,128.0
27.4651,107.0,128.0
27.4699,189.0,130.0
27.4749,-75.0,130.0
27.4798,-187.0,132.0
27.4848,26.0,130.0
27.4898,132.0,132.0
27.4949,-8.0,132.0
27.4999,-56.0,132.0
27.5048,40.0,130.0
27.5098,14.0,130.0
27.5148,-79.0,128.0
27.5202,-23.0,128.0
27.5251,70.0,128.0
27.5299,45.0,128.0
27.5348,-26.0,128.0
27.5398,-41.0,128.0
27.5449,4.0,128.0
27.55,14.0,128.0
27.555,-12.0,128.0
27.5598,9.0,126.0
27.5648,21.0,126.0
27.5697,-24.0,124.0
27.5751,-17.0,124.0
27.5799,34.0,122.0
27.5853,12.0,122.0
27.5898,-28.0,120.0
27.5949,-5.0,120.0
27.5998,3.0,118.0
27.6051,-11.0,118.0
27.61,3.0,116.0
27.6149,6.0,116.0
27.6198,31.0,114.0
27.6248,60.0,116.0
27.6298,-62.0,114.0
27.6351,-153.0,116.0
27.6398,40.0,116.0
27.6448,183.0,118.0
27.6498,8.0,116.0
27.6548,-137.0,116.0
27.6598,-34.0,114.0
27.6648,90.0,114.0
27.6705,45.0,112.0
27.6748,-91.0,114.0
27.6798,-91.0,112.0
27.6848,100.0,114.0
27.6898,156.0,116.0
27.6949,-63.0,116.0
27.6999,-166.0,118.0
27.7048,9.0,118.0
27.7098,111.0,118.0
27.7149,2.0,118.0
27.7203,-58.0,118.0
27.7251,11.0,118.0
27.7298,40.0,118.0
27.7347,4.0,116.0
27.7398,-21.0,116.0
27.745,-54.0,116.0
27.7498,-21.0,116.0
27.7549,96.0,118.0
27.7598,61.0,118.0
27.7649,-105.0,120.0
27.7698,-79.0,120.0
27.7748,84.0,120.0
27.7801,77.0,120.0
27.785,-48.0,120.0
27.79,-55.0,120.0
27.7948,15.0,120.0
27.7999,18.0,120.0
27.8049,1.0,118.0
27.8099,19.0,118.0
27.8148,-2.0,116.0
27.8199,-43.0,116.0
27.8248,-4.0,114.0
27.8298,38.0,116.0
27.835,11.0,114.0
27.8399,17.0,114.0
27.8449,3.0,114.0
27.8498,-116.0,116.0
27.8548,-61.0,114.0
27.8598,198.0,116.0
27.865,130.0,116.0
27.8699,-204.0,118.0
27.8749,-139.0,118.0
27.8798,155.0,120.0
27.8848,67.0,118.0
27.8898,-110.0,120.0
27.8949,20.0,120.0
27.8998,91.0,120.0
27.905,-54.0,118.0
27.9099,-73.0,118.0
27.9149,34.0,118.0
27.9201,30.0,116.0
27.925,-6.0,116.0
27.93,14.0,114.0
27.9348,-1.0,114.0
27.9398,-8.0,112.0
27.9447,12.0,112.0
27.9499,-49.0,112.0
27.9549,-51.0,112.0
27.9599,107.0,112.0
27.9648,100.0,114.0
27.9698,-129.0,116.0
27.9748,-116.0,116.0
27.9798,109.0,118.0
27.985,69.0,118.0
27.9899,-71.0,118.0
27.995,37.0,118.0
27.9998,67.0,118.0
28.0051,-138.0,118.0
28.0099,-113.0,120.0
28.0149,153.0,120.0
28.0199,148.0,122.0
28.0248,-78.0,122.0
28.0298,-115.0,122.0
28.0349,-4.0,122.0
28.0399,22.0,120.0
28.0449,10.0,120.0
28.0497,48.0,120.0
28.0548,53.0,120.0
28.0598,-26.0,120.0
28.065,-93.0,120.0
28.0699,-71.0,122.0
28.0748,41.0,122.0
28.0798,158.0,124.0
28.0847,72.0,124.0
28.0901,-161.0,126.0
28.095,-159.0,126.0
28.0998,96.0,126.0
28.1048,168.0,126.0
28.1099,-35.0,124.0
28.1149,-120.0,126.0
28.1199,11.0,122.0
28.1249,52.0,122.0
28.1298,-5.0,120.0
28.1349,13.0,120.0
28.1398,4.0,120.0
28.1447,-63.0,120.0
28.1498,-22.0,120.0
28.1549,73.0,120.0
28.1597,58.0,122.0
28.1648,-35.0,120.0
28.1698,-65.0,120.0
28.1747,-8.0,120.0
28.1798,14.0,120.0
28.1848,7.0,120.0
28.1898,41.0,120.0
28.1948,26.0,120.0
28.1999,-30.0,122.0
28.2049,-16.0,122.0
28.2099,-19.0,122.0
28.2149,-68.0,122.0
28.2199,15.0,122.0
28.2249,147.0,124.0
28.2299,40.0,124.0
28.235,-135.0,126.0
28.2398,-52.0,126.0
28.245,78.0,128.0
28.25,-22.0,128.0
28.2548,-72.0,128.0
28.2598,108.0,130.0
28.2648,121.0,132.0
28.2699,-123.0,132.0
28.2748,-147.0,132.0
28.2798,79.0,132.0
28.2848,110.0,132.0
28.2898,-29.0,132.0
28.295,-38.0,130.0
28.2999,8.0,130.0
28.3048,-22.0,128.0
28.3098,-30.0,128.0
28.3148,33.0,128.0
28.32,72.0,128.0
28.3248,8.0,126.0
28.33,-86.0,124.0
28.3348,-52.0,124.0
28.3398,66.0,124.0
28.3448,58.0,124.0
28.3498,-57.0,122.0
28.355,-58.0,124.0
28.3598,68.0,124.0
28.3648,96.0,126.0
28.3698,-46.0,126.0
28.375,-144.0,128.0
28.3799,-16.0,128.0
28.3849,148.0,130.0
28.3899,49.0,130.0
28.3949,-120.0,130.0
28.3999,-1.0,128.0
28.4052,103.0,128.0
28.41,-104.0,130.0
28.4149,-107.0,130.0
28.4198,199.0,132.0
28.4248,107.0,132.0
28.4298,-211.0,134.0
28.4351,-83.0,136.0
28.4399,145.0,138.0
28.4448,47.0,138.0
28.4498,-83.0,140.0
28.4548,-32.0,140.0
28.4599,79.0,140.0
28.465,55.0,142.0
28.4699,-114.0,142.0
28.4748,-100.0,144.0
28.4798,136.0,146.0
28.4848,139.0,148.0
28.4902,-117.0,148.0
28.4948,-151.0,150.0
28.4998,55.0,148.0
28.5048,127.0,148.0
28.5097,41.0,144.0
28.5148,-60.0,144.0
28.5203,-146.0,144.0
28.5248,-47.0,142.0
28.5299,191.0,144.0
28.5348,139.0,146.0
28.5398,-134.0,146.0
28.5449,-126.0,148.0
28.5499,38.0,148.0
28.5549,0.0,146.0
28.5598,9.0,146.0
28.5648,126.0,148.0
28.5698,-14.0,148.0
28.5748,-168.0,150.0
28.58,30.0,152.0
28.585,146.0,154.0
28.5898,-56.0,154.0
28.5952,-100.0,154.0
28.5997,50.0,154.0
28.605,18.0,152.0
28.6098,-19.0,150.0
28.6148,100.0,150.0
28.6198,4.0,148.0
28.6249,-186.0,150.0
28.6298,10.0,150.0
28.6348,198.0,152.0
28.64,-75.0,152.0
28.6449,-174.0,152.0
28.6498,167.0,154.0
28.6548,168.0,154.0
28.6599,-203.0,154.0
28.6649,-174.0,156.0
28.6698,149.0,156.0
28.6748,150.0,158.0
28.6798,-57.0,160.0
28.6847,-79.0,160.0
28.6897,6.0,160.0
28.6949,3.0,158.0
28.6998,-29.0,160.0
28.7048,16.0,158.0
28.7098,74.0,158.0
28.7148,19.0,158.0
28.72,-69.0,156.0
28.7248,-43.0,156.0
28.7298,14.0,154.0
28.7353,13.0,152.0
28.7398,29.0,150.0
28.7448,44.0,148.0
28.7498,-13.0,148.0
28.7549,-77.0,148.0
28.7598,-48.0,148.0
28.7649,44.0,148.0
28.7697,85.0,148.0
28.7748,41.0,150.0
28.7799,-30.0,150.0
28.785,-111.0,150.0
28.7898,-57.0,150.0
28.7948,142.0,152.0
28.7997,52.0,152.0
28.8049,-186.0,154.0
28.81,30.0,154.0
28.8149,241.0,158.0
28.8198,-62.0,158.0
28.8248,-208.0,162.0
28.8297,18.0,160.0
28.8348,53.0,162.0
28.8398,1.0,160.0
28.845,127.0,162.0
28.8499,29.0,162.0
28.8548,-232.0,166.0
28.8598,-46.0,166.0
28.8649,249.0,168.0
28.8699,7.0,166.0
28.8748,-227.0,168.0
28.8798,70.0,168.0
28.8848,221.0,170.0
28.89,-143.0,172.0
28.8951,-264.0,176.0
28.8999,154.0,176.0
28.9048,325.0,180.0
28.9098,-75.0,178.0
28.9148,-316.0,182.0
28.9199,-27.0,180.0
28.925,199.0,182.0
28.93,67.0,182.0
28.9349,-46.0,182.0
28.9409,-34.0,184.0
28.9448,-47.0,184.0
28.9498,-15.0,184.0
28.9548,48.0,184.0
28.9598,48.0,184.0
28.9648,31.0,184.0
28.9697,-41.0,182.0
28.9749,-143.0,184.0
28.9799,0.0,184.0
28.985,214.0,186.0
28.9898,22.0,186.0
28.995,-208.0,188.0
29.0001,16.0,186.0
29.0049,143.0,188.0
29.0099,-93.0,188.0
29.0149,-49.0,186.0
29.0199,154.0,188.0
29.025,-46.0,188.0
29.03,-174.0,190.0
29.035,125.0,190.0
29.0398,156.0,192.0
29.0449,-167.0,192.0
29.0498,-118.0,192.0
29.0548,147.0,194.0
29.0598,79.0,192.0
29.065,-70.0,192.0
29.0699,-59.0,188.0
29.0748,-19.0,188.0
29.0798,72.0,186.0
29.0848,97.0,188.0
29.0898,-100.0,188.0
29.0948,-173.0,190.0
29.0998,92.0,190.0
29.1048,227.0,192.0
29.1098,-28.0,192.0
29.1148,-206.0,194.0
29.1199,-37.0,192.0
29.1248,115.0,192.0
29.13,36.0,190.0
29.1348,-15.0,188.0
29.1398,28.0,188.0
29.1448,-41.0,186.0
29.1501,-112.0,188.0
29.1549,26.0,186.0
29.1599,148.0,186.0
29.1648,48.0,186.0
29.1698,-84.0,184.0
29.1749,-96.0,184.0
29.1798,-53.0,184.0
29.1849,48.0,182.0
29.1898,178.0,184.0
29.1948,63.0,184.0
29.1998,-225.0,188.0
29.2048,-148.0,188.0
29.21,185.0,192.0
29.2148,150.0,192.0
29.2198,-112.0,192.0
29.2248,-80.0,192.0
29.2297,78.0,192.0
29.2349,7.0,190.0
29.24,-70.0,190.0
29.2448,22.0,190.0
29.2498,30.0,190.0
29.2548,-48.0,190.0
29.26,20.0,190.0
29.2648,102.0,188.0
29.2698,-19.0,190.0
29.2751,-123.0,188.0
29.2798,-8.0,186.0
29.2847,67.0,186.0
29.29,-12.0,182.0
29.2948,6.0,180.0
29.2998,85.0,178.0
29.3048,-30.0,176.0
29.3098,-146.0,176.0
29.3148,12.0,174.0
29.3203,136.0,176.0
29.3248,-1.0,174.0
29.3299,-32.0,174.0
29.3349,50.0,176.0
29.3399,-110.0,176.0
29.3448,-169.0,178.0
29.3499,154.0,180.0
29.3548,251.0,184.0
29.3598,-54.0,184.0
29.3648,-168.0,186.0
29.3698,-37.0,186.0
29.3748,-9.0,186.0
29.3799,-9.0,186.0
29.385,84.0,186.0
29.3898,100.0,188.0
29.395,-23.0,186.0
29.3998,-98.0,188.0
29.405,-25.0,186.0
29.4099,42.0,186.0
29.4149,-5.0,186.0
29.4198,-42.0,186.0
29.4248,51.0,184.0
29.4297,89.0,186.0
29.4347,-61.0,184.0
29.4398,-97.0,184.0
29.445,57.0,182.0
29.4498,20.0,182.0
29.455,-103.0,180.0
29.46,84.0,180.0
29.4649,221.0,182.0
29.47,-103.0,182.0
29.4748,-291.0,186.0
29.4798,46.0,186.0
29.4848,191.0,188.0
29.4898,-55.0,188.0
29.495,-10.0,184.0
29.5002,194.0,188.0
29.5048,-65.0,184.0
29.5099,-351.0,190.0
29.5149,-15.0,186.0
29.5202,373.0,190.0
29.525,138.0,190.0
29.5298,-233.0,192.0
29.5348,-183.0,190.0
29.5397,42.0,188.0
29.545,139.0,186.0
29.5499,97.0,186.0
29.5548,-51.0,182.0
29.5598,-155.0,184.0
29.5648,-48.0,182.0
29.5697,126.0,182.0
29.5749,116.0,184.0
29.5799,-30.0,182.0
29.5849,-104.0,184.0
29.5899,-51.0,184.0
29.595,41.0,184.0
29.5997,56.0,184.0
29.6051,-13.0,184.0
29.6099,-18.0,184.0
29.6148,54.0,182.0
29.6197,7.0,182.0
29.6248,-124.0,182.0
29.6299,-22.0,182.0
29.635,169.0,180.0
29.6398,18.0,180.0
29.645,-177.0,182.0
29.6497,12.0,180.0
29.6548,166.0,182.0
29.6598,-19.0,180.0
29.665,-133.0,180.0
29.6699,-19.0,178.0
29.6748,64.0,178.0
29.6799,42.0,176.0
29.6848,8.0,174.0
29.6898,-10.0,172.0
29.6949,-27.0,170.0
29.6998,-19.0,168.0
29.7047,0.0,168.0
29.7098,10.0,166.0
29.7148,24.0,166.0
29.72,-4.0,166.0
29.7248,-30.0,164.0
29.73,16.0,164.0
29.7347,12.0,162.0
29.7403,-16.0,160.0
29.7447,50.0,158.0
29.7498,11.0,156.0
29.7549,-134.0,156.0
29.7599,-36.0,156.0
29.7648,166.0,156.0
29.7698,59.0,156.0
29.7754,-114.0,158.0
29.7813,1.0,158.0
29.7852,43.0,158.0
29.7903,-149.0,158.0
29.795,-35.0,158.0
29.8002,257.0,160.0
29.8056,80.0,160.0
29.8097,-225.0,164.0
29.8148,-93.0,164.0
29.82,113.0,164.0
29.825,34.0,164.0
29.8301,-41.0,162.0
29.8356,63.0,162.0
29.8399,47.0,158.0
29.8448,-142.0,158.0
29.8501,-90.0,158.0
29.8548,166.0,158.0
29.8601,114.0,158.0
29.8648,-142.0,158.0
29.8698,-81.0,158.0
29.8749,118.0,160.0
29.8801,11.0,160.0
29.8851,-118.0,160.0
29.89,37.0,160.0
29.8947,115.0,162.0
29.9003,-25.0,162.0
29.9051,-75.0,162.0
29.91,-46.0,162.0
29.9151,-20.0,160.0
29.921,136.0,162.0
29.9248,165.0,164.0
29.9304,-164.0,166.0
29.935,-276.0,170.0
29.9399,96.0,170.0
29.9449,246.0,174.0
29.9505,-19.0,172.0
29.9548,-84.0,174.0
29.9597,38.0,172.0
29.965,-89.0,174.0
29.9699,-120.0,174.0
29.9752,201.0,176.0
29.9798,170.0,178.0
29.9853,-262.0,180.0
29.9903,-163.0,180.0
29.9949,269.0,180.0
30.0,133.0,180.0
30.0048,-196.0,182.0
30.0104,-90.0,182.0
30.0147,65.0,184.0
30.0197,26.0,184.0
30.025,47.0,182.0
30.03,33.0,182.0
30.0355,-92.0,182.0
30.0403,-61.0,182.0
30.0452,93.0,184.0
30.05,70.0,184.0
30.0551,-86.0,184.0
30.0601,-87.0,186.0
30.0655,65.0,186.0
30.0699,87.0,186.0
30.0749,-28.0,186.0
30.0797,-31.0,184.0
30.0847,17.0,184.0
30.0903,-56.0,184.0
30.0952,-63.0,184.0
30.1005,98.0,184.0
30.1049,129.0,182.0
30.1099,-50.0,182.0
30.115,-118.0,178.0
30.1199,-38.0,178.0
30.1252,-13.0,176.0
30.1299,71.0,176.0
30.1348,164.0,178.0
30.1399,-24.0,176.0
30.145,-176.0,178.0
30.1506,-12.0,172.0
30.1547,39.0,172.0
30.1599,-38.0,168.0
30.1649,117.0,168.0
30.1698,129.0,166.0
30.1748,-197.0,166.0
30.1803,-175.0,168.0
30.1854,201.0,168.0
30.19,163.0,170.0
30.195,-152.0,172.0
30.2,-143.0,172.0
30.2054,58.0,172.0
30.2098,137.0,172.0
30.2149,63.0,170.0
30.22,-128.0,172.0
30.225,-152.0,174.0
30.2298,112.0,174.0
30.2352,142.0,176.0
30.2398,-100.0,176.0
30.2451,-53.0,176.0
30.2497,89.0,178.0
30.255,-28.0,178.0
30.2597,-55.0,178.0
30.2659,44.0,178.0
30.2699,-8.0,176.0
30.2748,-8.0,174.0
30.2797,76.0,176.0
30.2849,-40.0,174.0
30.2901,-120.0,174.0
30.2948,78.0,174.0
30.2998,131.0,176.0
30.3047,-94.0,174.0
30.3103,-110.0,176.0
30.3148,81.0,176.0
30.3204,73.0,176.0
30.3249,-38.0,178.0
30.3301,-38.0,178.0
30.3351,-8.0,178.0
30.3397,12.0,178.0
30.3451,18.0,178.0
30.3505,-8.0,178.0
30.3547,24.0,178.0
30.3598,40.0,178.0
30.3649,-82.0,178.0
30.3698,-93.0,180.0
30.3752,102.0,182.0
30.3798,149.0,184.0
30.3848,-56.0,184.0
30.3902,-204.0,186.0
30.3947,-57.0,186.0
30.3999,219.0,188.0
30.4055,194.0,188.0
30.4103,-136.0,190.0
30.4147,-248.0,192.0
30.42,-9.0,192.0
30.4249,157.0,194.0
30.4299,99.0,194.0
30.4355,11.0,192.0
30.4403,-54.0,190.0
30.4453,-130.0,190.0
30.45,-85.0,188.0
30.455,124.0,188.0
30.4597,200.0,190.0
30.4656,-32.0,190.0
30.4697,-208.0,192.0
30.4749,-44.0,192.0
30.4801,140.0,194.0
30.4848,53.0,192.0
30.4905,-74.0,192.0
30.4948,-38.0,190.0
30.4998,40.0,190.0
30.5048,53.0,188.0
30.5099,0.0,186.0
30.5149,-77.0,186.0
30.5209,-52.0,186.0
30.5247,67.0,186.0
30.5299,74.0,186.0
30.5348,-43.0,186.0
30.5399,-53.0,186.0
30.5451,41.0,184.0
30.5506,38.0,184.0
30.5548,-26.0,184.0
30.5603,-37.0,184.0
30.5653,-50.0,182.0
30.5701,-3.0,180.0
30.5751,149.0,178.0
30.5797,99.0,178.0
30.5851,-189.0,176.0
30.5897,-188.0,178.0
30.595,157.0,180.0
30.5999,204.0,182.0
30.6052,-107.0,182.0
30.6108,-153.0,184.0
30.6147,75.0,182.0
30.62,89.0,180.0
30.6247,-50.0,176.0
30.6302,-46.0,176.0
30.636,39.0,172.0
30.6403,24.0,170.0
30.6453,-67.0,168.0
30.6499,-29.0,166.0
30.655,101.0,168.0
30.6598,52.0,168.0
30.6661,-64.0,168.0
30.6697,-37.0,168.0
30.6749,-33.0,168.0
30.68,-46.0,166.0
30.685,71.0,166.0
30.69,136.0,168.0
30.6962,7.0,166.0
30.6997,-137.0,168.0
30.7049,-119.0,168.0
30.7099,61.0,168.0
30.7149,146.0,170.0
30.7206,-16.0,170.0
30.7248,-63.0,170.0
30.7307,48.0,170.0
30.7347,-53.0,170.0
30.7398,-84.0,170.0
30.7449,121.0,170.0
30.7504,50.0,170.0
30.7547,-134.0,170.0
30.7597,61.0,170.0
30.765,144.0,172.0
30.7702,-187.0,174.0
30.7752,-139.0,174.0
30.7798,257.0,178.0
30.7849,52.0,176.0
30.7898,-264.0,180.0
30.7948,107.0,180.0
30.7999,234.0,184.0
30.8049,-251.0,186.0
30.8098,-136.0,186.0
30.8148,345.0,188.0
30.8199,-41.0,186.0
30.8251,-413.0,188.0
30.8298,184.0,190.0
30.835,430.0,194.0
30.8399,-182.0,194.0
30.845,-343.0,198.0
30.8497,81.0,198.0
30.8548,183.0,200.0
30.8597,7.0,198.0
30.865,-54.0,196.0
30.8698,-42.0,196.0
30.8748,28.0,194.0
30.8799,46.0,192.0
30.8848,-113.0,194.0
30.8898,-62.0,192.0
30.8949,261.0,196.0
30.8998,115.0,198.0
30.9049,-383.0,202.0
30.9098,-186.0,206.0
30.915,393.0,212.0
30.9198,216.0,214.0
30.9248,-287.0,218.0
30.9299,-158.0,218.0
30.9347,154.0,220.0
30.9397,33.0,218.0
30.9449,-82.0,218.0
30.9497,71.0,218.0
30.9548,73.0,218.0
30.9598,-99.0,218.0
30.9648,-59.0,218.0
30.9697,85.0,218.0
30.9749,3.0,218.0
30.98,-98.0,220.0
30.9848,41.0,220.0
30.9898,119.0,222.0
30.9947,-17.0,222.0
30.9997,-64.0,222.0
31.0049,-25.0,222.0
31.0099,-83.0,222.0
31.0148,2.0,220.0
31.0198,226.0,220.0
31.0247,78.0,222.0
31.0299,-276.0,222.0
31.035,-142.0,224.0
31.0398,239.0,224.0
31.045,156.0,224.0
31.0498,-172.0,224.0
31.0547,-134.0,222.0
31.0597,116.0,224.0
31.065,97.0,222.0
31.0698,-84.0,222.0
31.0748,-50.0,224.0
31.0797,48.0,224.0
31.0847,-16.0,222.0
31.0898,35.0,220.0
31.095,124.0,220.0
31.0998,-138.0,220.0
31.1049,-252.0,222.0
31.11,159.0,222.0
31.1149,309.0,226.0
31.1201,-87.0,226.0
31.125,-231.0,228.0
31.1299,26.0,228.0
31.135,72.0,228.0
31.1398,-47.0,228.0
31.1448,52.0,228.0
31.15,106.0,230.0
31.155,-83.0,230.0
31.1598,-122.0,230.0
31.1648,52.0,230.0
31.1697,68.0,230.0
31.1748,-29.0,230.0
31.1799,2.0,230.0
31.185,30.0,230.0
31.1898,-27.0,230.0
31.195,-21.0,230.0
31.1998,7.0,228.0
31.2049,-22.0,228.0
31.2098,1.0,228.0
31.2148,64.0,226.0
31.2197,33.0,226.0
31.2247,-61.0,224.0
31.2297,-81.0,222.0
31.2349,32.0,220.0
31.2399,114.0,218.0
31.2451,-18.0,218.0
31.2499,-124.0,218.0
31.2547,14.0,216.0
31.2598,95.0,216.0
31.2649,-7.0,216.0
31.2699,-37.0,216.0
31.2748,12.0,214.0
31.2797,0.0,214.0
31.2849,-17.0,214.0
31.29,-7.0,214.0
31.2949,-6.0,212.0
31.2998,32.0,212.0
31.3048,52.0,212.0
31.3099,-45.0,212.0
31.3151,-92.0,212.0
31.3199,56.0,212.0
31.3249,116.0,214.0
31.3299,-92.0,212.0
31.335,-99.0,214.0
31.3398,181.0,214.0
31.3447,49.0,214.0
31.3501,-286.0,218.0
31.3549,-31.0,216.0
31.3598,291.0,220.0
31.3648,74.0,220.0
31.3697,-125.0,222.0
31.3748,-120.0,222.0
31.3798,-135.0,222.0
31.3855,87.0,222.0
31.3898,344.0,228.0
31.3947,52.0,226.0
31.3998,-389.0,230.0
31.4052,-221.0,232.0
31.4098,247.0,232.0
31.415,269.0,236.0
31.4198,-20.0,232.0
31.4249,-138.0,232.0
31.4297,-119.0,230.0
31.435,-46.0,230.0
31.4398,103.0,228.0
31.4449,121.0,226.0
31.45,-17.0,224.0
31.4548,-56.0,218.0
31.46,-25.0,218.0
31.4649,-48.0,214.0
31.4698,-3.0,210.0
31.4748,88.0,204.0
31.4798,41.0,202.0
31.4848,-53.0,198.0
31.49,-25.0,198.0
31.4949,28.0,194.0
31.4998,0.0,194.0
31.5047,-66.0,194.0
31.5097,-62.0,196.0
31.5147,87.0,196.0
31.5199,192.0,198.0
31.5248,-15.0,196.0
31.5298,-248.0,200.0
31.5348,-85.0,198.0
31.5398,180.0,198.0
31.5449,103.0,194.0
31.5499,-84.0,192.0
31.5548,-45.0,186.0
31.5597,52.0,184.0
31.5648,-2.0,180.0
31.5698,-74.0,178.0
31.5748,-14.0,176.0
31.5798,92.0,178.0
31.5848,83.0,178.0
31.5898,-75.0,178.0
31.5951,-154.0,178.0
31.5997,25.0,178.0
31.605,174.0,180.0
31.6098,36.0,178.0
31.6148,-119.0,180.0
31.6198,-62.0,180.0
31.6248,33.0,180.0
31.6299,17.0,178.0
31.635,2.0,178.0
31.6398,52.0,178.0
31.6449,31.0,178.0
31.6497,-66.0,178.0
31.6548,-77.0,178.0
31.6597,12.0,176.0
31.6647,88.0,176.0
31.6697,48.0,172.0
31.6749,-64.0,170.0
31.6797,-47.0,168.0
31.6848,47.0,166.0
31.6898,-32.0,164.0
31.6949,-90.0,162.0
31.6999,111.0,162.0
31.7048,178.0,164.0
31.7098,-83.0,164.0
31.7148,-210.0,166.0
31.7201,-41.0,166.0
31.7249,119.0,168.0
31.7298,128.0,170.0
31.7348,31.0,168.0
31.7398,-87.0,168.0
31.7449,-108.0,164.0
31.75,-15.0,162.0
31.7548,59.0,158.0
31.7598,56.0,158.0
31.7647,35.0,156.0
31.7697,-5.0,154.0
31.7748,-70.0,154.0
31.7819,-58.0,156.0
31.7849,24.0,154.0
31.7899,59.0,154.0
31.7947,46.0,154.0
31.7998,5.0,152.0
31.8048,-81.0,152.0
31.8098,-83.0,152.0
31.815,57.0,152.0
31.8197,105.0,154.0
31.8247,-8.0,154.0
31.8298,-58.0,154.0
31.8358,-8.0,154.0
31.8397,-4.0,154.0
31.845,-17.0,154.0
31.8498,23.0,154.0
31.8548,37.0,154.0
31.8598,0.0,154.0
31.8648,1.0,152.0
31.8699,0.0,152.0
31.8747,-75.0,152.0
31.8797,-73.0,152.0
31.8849,102.0,152.0
31.8897,172.0,154.0
31.895,-49.0,154.0
31.9,-189.0,156.0
31.9048,-13.0,156.0
31.9098,94.0,156.0
31.9147,14.0,156.0
31.9201,44.0,158.0
31.9248,39.0,158.0
31.9298,-149.0,160.0
31.935,-98.0,162.0
31.9398,166.0,164.0
31.9449,122.0,164.0
31.9501,-82.0,164.0
31.9551,-80.0,164.0
31.9598,-23.0,164.0
31.9648,-13.0,162.0
31.9697,40.0,162.0
31.9749,66.0,162.0
31.98,16.0,158.0
31.9852,-20.0,158.0
31.9897,-27.0,154.0
31.9948,-52.0,154.0
32.0,-53.0,150.0
32.005,44.0,150.0
32.0098,140.0,150.0
32.0148,53.0,150.0
32.0198,-137.0,150.0
32.0247,-145.0,150.0
32.0298,51.0,146.0
32.0349,140.0,148.0
32.0397,12.0,142.0
32.0448,-43.0,138.0
32.0498,46.0,136.0
32.0547,-41.0,132.0
32.0598,-212.0,134.0
32.065,26.0,134.0
32.0698,339.0,136.0
32.0747,59.0,136.0
32.0798,-303.0,140.0
32.0847,-102.0,140.0
32.0897,139.0,142.0
32.0949,43.0,142.0
32.0997,11.0,142.0
32.1048,44.0,140.0
32.1098,-81.0,142.0
32.1148,-51.0,142.0
32.1215,124.0,142.0
32.1247,-8.0,142.0
32.1298,-182.0,144.0
32.1348,36.0,144.0
32.1398,200.0,148.0
32.1449,-5.0,146.0
32.1498,-128.0,148.0
32.1548,-18.0,146.0
32.1597,13.0,144.0
32.1648,-5.0,144.0
32.1697,67.0,142.0
32.175,59.0,140.0
32.18,-80.0,140.0
32.1849,-107.0,140.0
32.1897,26.0,138.0
32.1947,117.0,140.0
32.1997,60.0,140.0
32.2051,-72.0,140.0
32.21,-123.0,142.0
32.2148,6.0,142.0
32.2198,161.0,142.0
32.2247,45.0,142.0
32.2298,-227.0,144.0
32.235,-123.0,144.0
32.2399,292.0,148.0
32.2448,250.0,150.0
32.2498,-243.0,152.0
32.2548,-289.0,154.0
32.2597,88.0,156.0
32.2648,89.0,156.0
32.2697,-16.0,156.0
32.2748,229.0,160.0
32.2798,129.0,160.0
32.2848,-354.0,166.0
32.2898,-271.0,170.0
32.2948,175.0,170.0
32.2998,230.0,174.0
32.3047,74.0,174.0
32.3098,-20.0,174.0
32.3148,-138.0,174.0
32.32,-143.0,176.0
32.3249,9.0,176.0
32.3299,116.0,176.0
32.3348,141.0,178.0
32.3397,35.0,176.0
32.3448,-210.0,176.0
32.3498,-162.0,178.0
32.3548,216.0,178.0
32.3598,183.0,180.0
32.3648,-208.0,182.0
32.3701,-117.0,182.0
32.3749,209.0,184.0
32.3798,29.0,184.0
32.3849,-212.0,186.0
32.39,24.0,186.0
32.3949,197.0,188.0
32.3997,-37.0,188.0
32.405,-154.0,190.0
32.4098,40.0,190.0
32.4148,74.0,190.0
32.4198,-50.0,190.0
32.4247,46.0,190.0
32.4298,64.0,190.0
32.4348,-184.0,192.0
32.4399,-91.0,194.0
32.4449,282.0,196.0
32.4499,145.0,198.0
32.4548,-274.0,200.0
32.46,-184.0,202.0
32.4649,149.0,204.0
32.4698,116.0,206.0
32.4757,0.0,206.0
32.4797,65.0,206.0
32.4849,-54.0,206.0
32.4899,-228.0,210.0
32.4948,6.0,210.0
32.4998,248.0,214.0
32.5047,29.0,214.0
32.5097,-148.0,216.0
32.5149,30.0,216.0
32.52,50.0,214.0
32.5249,-128.0,216.0
32.5299,-19.0,214.0
32.5347,154.0,214.0
32.5397,17.0,212.0
32.5448,-80.0,214.0
32.5501,5.0,212.0
32.5549,-20.0,212.0
32.5598,-43.0,212.0
32.5648,79.0,212.0
32.5699,63.0,210.0
32.5748,-100.0,212.0
32.5799,-54.0,210.0
32.5848,105.0,208.0
32.5897,29.0,208.0
32.5947,-99.0,208.0
32.5998,6.0,208.0
32.6048,86.0,210.0
32.6099,-34.0,210.0
32.6149,-76.0,210.0
32.6197,24.0,210.0
32.6247,70.0,210.0
32.6298,26.0,210.0
32.6348,-59.0,210.0
32.6397,-70.0,210.0
32.6447,43.0,210.0
32.6497,57.0,210.0
32.6547,-37.0,210.0
32.6599,-6.0,208.0
32.6649,42.0,206.0
32.6698,-6.0,204.0
32.6749,-22.0,202.0
32.6797,-49.0,204.0
32.6847,-60.0,204.0
32.69,122.0,204.0
32.6949,186.0,208.0
32.6998,-139.0,206.0
32.7048,-276.0,210.0
32.7097,94.0,206.0
32.7147,274.0,210.0
32.7199,-46.0,206.0
32.7249,-201.0,208.0
32.7306,33.0,206.0
32.7347,115.0,206.0
32.7397,-36.0,206.0
32.7447,-51.0,206.0
32.7498,36.0,206.0
32.7548,34.0,206.0
32.7599,-24.0,204.0
32.7649,-72.0,206.0
32.7698,-17.0,202.0
32.7748,105.0,204.0
32.7799,84.0,202.0
32.7848,-69.0,204.0
32.79,-119.0,204.0
32.7951,-3.0,202.0
32.7997,79.0,204.0
32.8049,31.0,204.0
32.8099,1.0,204.0
32.8148,5.0,202.0
32.8197,-57.0,202.0
32.8247,-58.0,202.0
32.8297,69.0,202.0
32.8349,74.0,202.0
32.8399,-69.0,202.0
32.8449,-54.0,202.0
32.8497,82.0,200.0
32.8548,25.0,200.0
32.86,-106.0,200.0
32.865,-7.0,200.0
32.8697,137.0,198.0
32.8747,22.0,196.0
32.8798,-161.0,194.0
32.8847,-84.0,192.0
32.8897,121.0,190.0
32.8949,140.0,188.0
32.8998,-14.0,186.0
32.9047,-115.0,186.0
32.9098,-50.0,188.0
32.9149,37.0,184.0
32.9201,-11.0,182.0
32.9248,-10.0,176.0
32.9298,125.0,174.0
32.9347,55.0,172.0
32.9398,-167.0,172.0
32.9448,-101.0,172.0
32.9497,124.0,174.0
32.9548,118.0,174.0
32.9597,-68.0,172.0
32.9648,-143.0,174.0
32.9697,30.0,174.0
32.975,189.0,174.0
32.9799,3.0,174.0
32.9847,-225.0,174.0
32.9898,-33.0,172.0
32.9948,229.0,172.0
32.9999,41.0,170.0
33.0049,-211.0,170.0
33.0099,-33.0,168.0
33.0148,177.0,168.0
33.0197,24.0,168.0
33.0247,-117.0,166.0
33.0298,0.0,166.0
33.035,49.0,164.0
33.0398,-54.0,164.0
33.0451,-17.0,162.0
33.0497,103.0,162.0
33.0547,28.0,162.0
33.0599,-105.0,162.0
33.0647,-47.0,162.0
33.0701,70.0,162.0
33.0748,38.0,160.0
33.0797,-46.0,160.0
33.0848,0.0,156.0
33.0897,73.0,154.0
33.0947,-27.0,150.0
33.1,-142.0,150.0
33.1047,-1.0,148.0
33.1098,184.0,148.0
33.1149,75.0,150.0
33.12,-130.0,150.0
33.1249,-102.0,152.0
33.1299,1.0,148.0
33.1348,18.0,148.0
33.1397,82.0,146.0
33.1447,103.0,146.0
33.1498,-47.0,146.0
33.1548,-135.0,146.0
33.1598,-39.0,146.0
33.1648,59.0,146.0
33.1697,82.0,146.0
33.1749,27.0,144.0
33.18,-80.0,146.0
33.1848,-72.0,146.0
33.1898,78.0,146.0
33.1947,108.0,148.0
33.1998,-64.0,148.0
33.205,-142.0,150.0
33.2097,23.0,148.0
33.2148,136.0,150.0
33.2197,-3.0,148.0
33.2248,-112.0,148.0
33.2299,36.0,148.0
33.235,133.0,150.0
33.2398,-72.0,150.0
33.2449,-197.0,152.0
33.2497,55.0,152.0
33.2549,236.0,154.0
33.2603,-2.0,154.0
33.2649,-217.0,156.0
33.2698,-34.0,156.0
33.2749,168.0,158.0
33.2798,31.0,158.0
33.2848,-120.0,160.0
33.2897,-5.0,158.0
33.2947,82.0,160.0
33.2998,-21.0,160.0
33.3047,-70.0,160.0
33.3097,28.0,160.0
33.3149,103.0,162.0
33.3202,6.0,160.0
33.3248,-161.0,162.0
33.3299,-83.0,162.0
33.3347,182.0,162.0
33.3399,149.0,162.0
33.3449,-136.0,160.0
33.3499,-137.0,160.0
33.3547,63.0,156.0
33.3597,49.0,156.0
33.3647,-29.0,154.0
33.3698,34.0,154.0
33.375,45.0,154.0
33.3797,-66.0,154.0
33.3848,-95.0,154.0
33.3898,53.0,154.0
33.3948,159.0,156.0
33.4,-9.0,156.0
33.4048,-208.0,158.0
33.4098,-35.0,158.0
33.4149,226.0,160.0
33.4198,45.0,160.0
33.4248,-220.0,162.0
33.4297,-32.0,162.0
33.4349,191.0,164.0
33.4398,24.0,164.0
33.4448,-135.0,164.0
33.45,-30.0,166.0
33.4548,81.0,166.0
33.4598,45.0,166.0
33.4649,-69.0,166.0
33.4698,-70.0,166.0
33.4747,118.0,168.0
33.4797,102.0,168.0
33.4848,-207.0,170.0
33.4899,-122.0,170.0
33.4949,281.0,174.0
33.4998,92.0,174.0
33.5049,-300.0,178.0
33.5097,5.0,176.0
33.5148,282.0,180.0
33.52,-120.0,180.0
33.525,-264.0,184.0
33.5302,164.0,184.0
33.5347,242.0,186.0
33.5397,-104.0,186.0
33.5448,-178.0,188.0
33.5498,6.0,188.0
33.5549,76.0,188.0
33.5597,33.0,188.0
33.5647,-8.0,188.0
33.5698,-5.0,186.0
33.5749,26.0,186.0
33.5798,-12.0,184.0
33.5849,-84.0,182.0
33.5899,-19.0,182.0
33.5948,92.0,180.0
33.5999,43.0,180.0
33.6049,-53.0,180.0
33.6099,1.0,178.0
33.6148,54.0,176.0
33.6198,-66.0,178.0
33.6248,-119.0,176.0
33.6298,68.0,176.0
33.6351,159.0,176.0
33.6398,-28.0,176.0
33.6449,-120.0,174.0
33.6498,20.0,174.0
33.6547,52.0,172.0
33.6597,-41.0,172.0
33.6649,-10.0,170.0
33.6699,38.0,170.0
33.6747,-12.0,170.0
33.6797,-10.0,170.0
33.6848,35.0,170.0
33.6897,5.0,168.0
33.6949,-31.0,168.0
33.7,-31.0,168.0
33.7047,-14.0,166.0
33.7097,56.0,166.0
33.7147,59.0,166.0
33.72,-71.0,168.0
33.7248,-62.0,168.0
33.7298,86.0,168.0
33.7349,24.0,168.0
33.7399,-99.0,168.0
33.745,23.0,168.0
33.75,90.0,166.0
33.7548,-46.0,166.0
33.7598,-45.0,164.0
33.7648,19.0,164.0
33.7697,-30.0,164.0
33.7749,28.0,164.0
33.783,101.0,164.0
33.7847,-44.0,164.0
33.79,-116.0,164.0
33.7949,31.0,162.0
33.7999,74.0,164.0
33.805,-34.0,162.0
33.8099,-28.0,162.0
33.8147,71.0,162.0
33.8197,28.0,162.0
33.8247,-111.0,162.0
33.8299,-67.0,162.0
33.8351,109.0,162.0
33.8399,99.0,164.0
33.8449,-66.0,162.0
33.8497,-97.0,162.0
33.8547,24.0,162.0
33.8599,77.0,162.0
33.8649,-2.0,160.0
33.8697,-54.0,160.0
33.8748,-3.0,158.0
33.8797,28.0,158.0
33.8848,-11.0,156.0
33.8907,-5.0,154.0
33.8947,56.0,152.0
33.8998,1.0,152.0
33.9048,-108.0,150.0
33.9099,-13.0,150.0
33.9148,122.0,148.0
33.92,19.0,148.0
33.9249,-88.0,148.0
33.9298,1.0,148.0
33.9348,45.0,148.0
33.9398,-36.0,148.0
33.9449,-33.0,148.0
33.9498,36.0,148.0
33.9547,38.0,146.0
33.9597,12.0,146.0
33.9648,-23.0,144.0
33.9697,-50.0,144.0
33.9748,-12.0,142.0
33.9799,5.0,138.0
33.9849,19.0,138.0
33.9899,100.0,136.0
33.9948,44.0,136.0
33.9998,-151.0,138.0
34.0049,-124.0,140.0
34.0098,97.0,140.0
34.0147,134.0,142.0
34.0197,-29.0,142.0
34.0247,-87.0,140.0
34.0297,36.0,140.0
34.0352,75.0,140.0
34.0399,-88.0,140.0
34.0448,-127.0,140.0
34.0498,110.0,140.0
34.0548,191.0,140.0
34.0599,-63.0,140.0
34.0649,-192.0,140.0
34.0698,-23.0,140.0
34.0747,98.0,138.0
34.0798,67.0,138.0
34.0847,29.0,138.0
34.09,-22.0,138.0
34.095,-73.0,136.0
34.0998,-47.0,138.0
34.1047,-9.0,136.0
34.1098,45.0,136.0
34.1148,119.0,136.0
34.12,21.0,134.0
34.125,-139.0,134.0
34.13,-43.0,132.0
34.1347,87.0,130.0
34.1397,-32.0,128.0
34.1447,-71.0,124.0
34.15,126.0,126.0
34.1549,128.0,124.0
34.1598,-141.0,124.0
34.1648,-191.0,124.0
34.1697,76.0,122.0
34.1747,180.0,120.0
34.1797,5.0,120.0
34.185,-87.0,118.0
34.1898,-50.0,118.0
34.1948,-28.0,118.0
34.1998,55.0,118.0
34.2048,118.0,120.0
34.21,-46.0,120.0
34.2149,-186.0,124.0
34.2198,24.0,124.0
34.2248,219.0,126.0
34.2299,15.0,126.0
34.2348,-134.0,126.0
34.2397,5.0,126.0
34.2451,-53.0,126.0
34.2507,-179.0,128.0
34.2548,104.0,128.0
34.2599,352.0,134.0
34.265,104.0,134.0
34.2699,-220.0,136.0
34.2749,-296.0,138.0
34.2797,-190.0,140.0
34.2849,170.0,142.0
34.2897,478.0,148.0
34.2949,146.0,150.0
34.2998,-377.0,154.0
34.3048,-296.0,160.0
34.3097,46.0,160.0
34.3148,144.0,162.0
34.3201,181.0,164.0
34.3248,105.0,166.0
34.3298,-180.0,168.0
34.3348,-185.0,170.0
34.3397,100.0,172.0
34.3447,62.0,172.0
34.3498,-130.0,174.0
34.3548,75.0,174.0
34.3597,265.0,176.0
34.3647,-72.0,176.0
34.3698,-330.0,180.0
34.3748,-20.0,180.0
34.3799,218.0,182.0
34.3847,46.0,182.0
34.39,-11.0,182.0
34.3947,56.0,182.0
34.3998,-132.0,184.0
34.4048,-214.0,186.0
34.4098,138.0,188.0
34.4148,315.0,192.0
34.4198,-56.0,192.0
34.4248,-287.0,196.0
34.4308,-8.0,194.0
34.4354,161.0,196.0
34.4398,3.0,194.0
34.4448,-48.0,194.0
34.4498,34.0,194.0
34.4548,32.0,194.0
34.4597,-42.0,194.0
34.4648,-94.0,194.0
34.4698,-2.0,194.0
34.4747,157.0,194.0
34.4798,86.0,194.0
34.4847,-161.0,196.0
34.4897,-166.0,196.0
34.4948,100.0,198.0
34.4997,180.0,200.0
34.5047,-28.0,200.0
34.5097,-115.0,200.0
34.5147,18.0,200.0
34.5201,50.0,202.0
34.5248,-59.0,202.0
34.5298,-52.0,202.0
34.5347,62.0,202.0
34.5397,73.0,204.0
34.5447,9.0,202.0
34.5499,-37.0,202.0
34.5548,-85.0,202.0
34.5598,-27.0,202.0
34.5648,106.0,202.0
34.5697,33.0,204.0
34.5748,-101.0,204.0
34.5799,29.0,204.0
34.5848,112.0,206.0
34.5898,-97.0,206.0
34.5948,-117.0,208.0
34.5998,126.0,208.0
34.6048,73.0,210.0
34.6098,-123.0,210.0
34.6147,7.0,210.0
34.6197,101.0,212.0
34.6247,-67.0,214.0
34.6297,-59.0,212.0
34.6352,82.0,214.0
34.64,20.0,210.0
34.6449,-74.0,210.0
34.6497,-29.0,210.0
34.6548,57.0,208.0
34.6597,98.0,210.0
34.6647,-20.0,208.0
34.6698,-177.0,210.0
34.6748,-17.0,210.0
34.6797,206.0,212.0
34.6847,10.0,210.0
34.6897,-161.0,210.0
34.695,58.0,208.0
34.6998,68.0,208.0
34.7047,-156.0,208.0
34.7098,8.0,208.0
34.7148,230.0,210.0
34.7199,-18.0,208.0
34.7249,-232.0,212.0
34.7298,-13.0,212.0
34.7349,152.0,212.0
34.7397,14.0,212.0
34.7449,-50.0,212.0
34.7497,34.0,212.0
34.7548,-11.0,212.0
34.7598,-82.0,212.0
34.7647,68.0,210.0
34.7699,108.0,212.0
34.7749,-173.0,214.0
34.7797,-137.0,214.0
34.7848,277.0,218.0
34.7898,175.0,218.0
34.7947,-301.0,222.0
34.8,-180.0,222.0
34.8051,247.0,224.0
34.8097,115.0,224.0
34.8147,-199.0,224.0
34.8197,-24.0,224.0
34.8247,204.0,226.0
34.8298,5.0,226.0
34.8348,-182.0,228.0
34.8398,-87.0,228.0
34.8447,32.0,228.0
34.8498,167.0,228.0
34.8548,192.0,230.0
34.8597,-131.0,230.0
34.865,-305.0,232.0
34.8697,3.0,232.0
34.8747,211.0,234.0
34.8797,78.0,234.0
34.8847,-21.0,234.0
34.8897,-54.0,232.0
34.8948,-101.0,232.0
34.8998,5.0,226.0
34.9048,106.0,226.0
34.9097,4.0,222.0
34.9147,-49.0,220.0
34.92,-3.0,216.0
34.9249,-6.0,214.0
34.9299,27.0,206.0
34.9347,28.0,204.0
34.94,-43.0,200.0
34.9448,0.0,194.0
34.9499,10.0,194.0
34.9548,-63.0,194.0
34.9598,46.0,190.0
34.9649,119.0,192.0
34.9697,-64.0,190.0
34.9748,-107.0,188.0
34.9798,35.0,188.0
34.9849,16.0,186.0
34.9899,-20.0,184.0
34.9947,79.0,184.0
34.9998,49.0,182.0
35.0051,-78.0,182.0
35.0099,-75.0,178.0
35.0149,-18.0,178.0
35.0197,40.0,174.0
35.0247,128.0,176.0
35.0297,38.0,176.0
35.0348,-192.0,178.0
35.0398,-79.0,178.0
35.0448,218.0,178.0
35.0498,18.0,176.0
35.0548,-259.0,174.0
35.0603,101.0,176.0
35.0649,335.0,176.0
35.0698,-161.0,178.0
35.0748,-377.0,182.0
35.0798,116.0,184.0
35.0847,303.0,188.0
35.0901,-44.0,188.0
35.0948,-130.0,190.0
35.0997,30.0,190.0
35.1047,-38.0,188.0
35.1097,-64.0,190.0
35.1147,122.0,188.0
35.1201,86.0,188.0
35.1249,-126.0,188.0
35.1298,-87.0,188.0
35.1347,94.0,188.0
35.1398,83.0,186.0
35.1447,-49.0,186.0
35.1497,-42.0,184.0
35.1547,13.0,184.0
35.1599,-46.0,184.0
35.1647,-25.0,184.0
35.1697,102.0,184.0
35.1748,72.0,186.0
35.1799,-63.0,184.0
35.185,-100.0,186.0
35.1897,-4.0,186.0
35.1947,88.0,186.0
35.1998,-3.0,186.0
35.2048,-79.0,186.0
35.2098,64.0,186.0
35.2148,104.0,186.0
35.2197,-68.0,186.0
35.2247,-121.0,186.0
35.2298,-10.0,184.0
35.2349,70.0,184.0
35.2399,87.0,184.0
35.2449,31.0,182.0
35.2497,-100.0,182.0
35.2549,-114.0,184.0
35.2599,55.0,184.0
35.2654,121.0,184.0
35.27,-5.0,184.0
35.2748,-64.0,184.0
35.281,10.0,184.0
35.2846,13.0,182.0
35.2904,-70.0,182.0
35.2953,-4.0,182.0
35.2997,122.0,182.0
35.3049,-2.0,182.0
35.3099,-138.0,182.0
35.3149,29.0,182.0
35.3202,139.0,180.0
35.3249,-40.0,182.0
35.3299,-117.0,180.0
35.3349,22.0,180.0
35.3399,73.0,180.0
35.3451,-4.0,178.0
35.3501,-50.0,178.0
35.3548,-6.0,174.0
35.3597,60.0,176.0
35.3651,22.0,172.0
35.3699,-44.0,172.0
35.375,16.0,170.0
35.3802,-11.0,170.0
35.3852,-162.0,172.0
35.3904,32.0,172.0
35.3951,326.0,176.0
35.3999,15.0,176.0
35.4052,-358.0,180.0
35.4101,-64.0,180.0
35.4149,238.0,180.0
35.42,49.0,180.0
35.4247,-88.0,176.0
35.4299,-10.0,174.0
35.4356,13.0,170.0
35.4408,47.0,168.0
35.4447,17.0,164.0
35.4499,-168.0,164.0
35.4548,-78.0,162.0
35.4604,236.0,166.0
35.4649,138.0,164.0
35.4698,-155.0,168.0
35.4747,-84.0,166.0
35.4797,25.0,164.0
35.4847,-76.0,166.0
35.4899,2.0,162.0
35.4948,195.0,162.0
35.4998,53.0,162.0
35.5047,-184.0,160.0
35.5097,-65.0,160.0
35.5148,124.0,160.0
35.5198,-3.0,158.0
35.5248,-125.0,160.0
35.5303,70.0,160.0
35.5352,184.0,162.0
35.5397,-77.0,162.0
35.5451,-227.0,164.0
35.55,46.0,166.0
35.5549,211.0,168.0
35.5597,-16.0,168.0
35.5649,-129.0,170.0
35.5699,5.0,170.0
35.5747,5.0,170.0
35.5802,-38.0,168.0
35.5854,115.0,170.0
35.5902,135.0,172.0
35.5949,-187.0,174.0
35.5998,-272.0,178.0
35.6053,175.0,180.0
35.6102,371.0,184.0
35.6147,-98.0,184.0
35.62,-357.0,188.0
35.625,25.0,188.0
35.6299,252.0,192.0
35.6354,5.0,192.0
35.6402,-149.0,192.0
35.6452,-33.0,192.0
35.65,93.0,192.0
35.6549,86.0,194.0
35.6599,-59.0,194.0
35.6647,-109.0,194.0
35.6697,41.0,194.0
35.6747,52.0,192.0
35.6799,-82.0,192.0
35.6847,40.0,188.0
35.69,187.0,192.0
35.6947,-72.0,188.0
35.7002,-274.0,192.0
35.7049,21.0,186.0
35.7099,262.0,188.0
35.7149,27.0,182.0
35.7206,-170.0,184.0
35.7246,2.0,178.0
35.7303,102.0,180.0
35.7349,-69.0,178.0
35.7399,-106.0,180.0
35.7449,85.0,180.0
35.7504,120.0,182.0
35.7552,-44.0,180.0
35.7598,-78.0,180.0
35.7649,13.0,178.0
35.7697,13.0,176.0
35.7751,-10.0,176.0
35.7847,0.0,174.0
35.7851,8.0,174.0
35.7897,32.0,174.0
35.7948,-28.0,174.0
35.7997,-66.0,174.0
35.8054,103.0,176.0
35.8097,96.0,176.0
35.8148,-178.0,176.0
35.8197,-117.0,178.0
35.8249,172.0,178.0
35.8299,98.0,180.0
35.8354,-89.0,180.0
35.8399,-33.0,180.0
35.8446,8.0,180.0
35.8498,-42.0,180.0
35.8549,1.0,178.0
35.8599,69.0,178.0
35.8654,44.0,176.0
35.8697,-20.0,176.0
35.8747,-68.0,176.0
35.8807,-54.0,176.0
35.8849,51.0,176.0
35.8901,94.0,176.0
35.8948,-50.0,176.0
35.9,-107.0,176.0
35.905,73.0,176.0
35.9098,130.0,178.0
35.9151,-68.0,178.0
35.921,-143.0,180.0
35.9247,13.0,180.0
35.9302,97.0,180.0
35.9347,51.0,180.0
35.9399,2.0,178.0
35.9449,-90.0,180.0
35.9504,-84.0,180.0
35.9547,98.0,180.0
35.9597,83.0,180.0
35.9649,-93.0,180.0
35.97,-7.0,178.0
35.9748,91.0,180.0
35.9799,-81.0,180.0
35.9848,-79.0,182.0
35.9904,132.0,182.0
35.9949,27.0,182.0
36.0002,-148.0,184.0
36.0048,59.0,184.0
36.0103,141.0,186.0
36.0147,-155.0,188.0
36.0197,-116.0,190.0
36.0249,238.0,192.0
36.0299,84.0,192.0
36.0354,-272.0,192.0
36.0402,-60.0,192.0
36.0452,216.0,190.0
36.0499,35.0,190.0
36.0549,-85.0,186.0
36.0599,10.0,186.0
36.0658,-15.0,184.0
36.0697,-48.0,186.0
36.0747,-1.0,186.0
36.0799,12.0,184.0
36.085,79.0,186.0
36.0899,102.0,184.0
36.0947,-75.0,184.0
36.1003,-182.0,184.0
36.105,-35.0,182.0
36.1099,125.0,182.0
36.115,133.0,182.0
36.1204,12.0,182.0
36.1247,-117.0,182.0
36.1299,-84.0,184.0
36.1349,20.0,182.0
36.1399,27.0,182.0
36.1449,35.0,178.0
36.1503,76.0,178.0
36.1547,13.0,178.0
36.1606,-107.0,178.0
36.165,-88.0,178.0
36.1697,59.0,178.0
36.1747,67.0,176.0
36.1802,-49.0,176.0
36.1852,20.0,172.0
36.1901,138.0,174.0
36.195,-32.0,172.0
36.2,-224.0,174.0
36.2054,-57.0,174.0
36.2097,202.0,176.0
36.2152,125.0,178.0
36.2199,-116.0,180.0
36.225,-84.0,180.0
36.2301,71.0,178.0
36.2354,-29.0,176.0
36.2397,-80.0,172.0
36.2447,115.0,172.0
36.2497,71.0,166.0
36.2549,-118.0,168.0
36.2597,5.0,162.0
36.2647,78.0,162.0
36.2697,-134.0,160.0
36.2747,-66.0,162.0
36.2798,260.0,164.0
36.2848,97.0,164.0
36.2902,-316.0,168.0
36.2947,-125.0,168.0
36.2997,277.0,172.0
36.305,106.0,172.0
36.3097,-175.0,174.0
36.3147,-37.0,174.0
36.3198,70.0,174.0
36.325,-41.0,174.0
36.3299,-3.0,170.0
36.3347,67.0,170.0
36.3398,-35.0,166.0
36.3448,-19.0,166.0
36.3497,81.0,164.0
36.3547,-37.0,164.0
36.3598,-114.0,164.0
36.3647,36.0,164.0
36.3697,80.0,164.0
36.3749,-7.0,162.0
36.3797,11.0,162.0
36.3849,33.0,160.0
36.3897,-67.0,160.0
36.3949,-124.0,160.0
36.3997,18.0,160.0
36.4048,196.0,162.0
36.4099,95.0,164.0
36.4148,-170.0,166.0
36.4197,-160.0,168.0
36.4248,74.0,170.0
36.4297,127.0,172.0
36.435,-7.0,172.0
36.4397,-54.0,170.0
36.4447,12.0,170.0
36.4497,16.0,168.0
36.4548,-52.0,166.0
36.4597,-24.0,164.0
36.4647,87.0,164.0
36.4697,77.0,164.0
36.4747,-96.0,164.0
36.4797,-185.0,166.0
36.4847,46.0,166.0
36.4898,291.0,170.0
36.4949,62.0,172.0
36.5002,-275.0,174.0
36.5049,-130.0,176.0
36.5098,113.0,178.0
36.5147,61.0,176.0
36.5199,63.0,178.0
36.5247,94.0,178.0
36.5299,-134.0,178.0
36.5347,-212.0,180.0
36.5397,103.0,180.0
36.5449,227.0,184.0
36.5497,-44.0,182.0
36.5548,-165.0,184.0
36.5597,12.0,182.0
36.5647,98.0,182.0
36.5698,-4.0,182.0
36.5748,-74.0,182.0
36.58,-17.0,182.0
36.5849,75.0,182.0
36.5897,68.0,182.0
36.5947,-54.0,180.0
36.5998,-114.0,182.0
36.6047,-1.0,180.0
36.6099,119.0,182.0
36.6148,70.0,182.0
36.6198,-68.0,180.0
36.6247,-123.0,182.0
36.6299,-10.0,180.0
36.6349,134.0,182.0
36.6397,66.0,180.0
36.6447,-87.0,180.0
36.6498,-54.0,180.0
36.6547,2.0,176.0
36.6598,-19.0,176.0
36.6649,65.0,172.0
36.6698,104.0,172.0
36.6747,-80.0,170.0
36.6798,-150.0,172.0
36.6847,50.0,168.0
36.6898,148.0,170.0
36.6948,-6.0,170.0
36.7,-116.0,170.0
36.7047,-30.0,172.0
36.7096,68.0,172.0
36.7147,50.0,172.0
36.7201,-14.0,172.0
36.7248,-37.0,172.0
36.7298,-36.0,170.0
36.7347,-16.0,170.0
36.7397,54.0,168.0
36.7449,76.0,168.0
36.75,-3.0,166.0
36.7548,-63.0,166.0
36.7597,-77.0,166.0
36.7647,-30.0,164.0
36.7697,104.0,166.0
36.7748,102.0,166.0
36.7799,-84.0,168.0
36.7849,-82.0,168.0
36.7898,82.0,168.0
36.795,18.0,168.0
36.7998,-108.0,168.0
36.8048,23.0,168.0
36.8099,117.0,168.0
36.8149,-26.0,168.0
36.8199,-68.0,168.0
36.8247,13.0,168.0
36.8297,-43.0,166.0
36.835,-8.0,166.0
36.8397,174.0,166.0
36.8448,18.0,164.0
36.8497,-253.0,166.0
36.8547,-38.0,164.0
36.8596,239.0,166.0
36.8648,63.0,166.0
36.87,-151.0,166.0
36.8748,-84.0,168.0
36.8797,36.0,166.0
36.8847,92.0,166.0
36.8897,56.0,166.0
36.895,-78.0,166.0
36.8997,-88.0,168.0
36.9047,61.0,166.0
36.9098,62.0,166.0
36.9147,-74.0,166.0
36.9202,-38.0,162.0
36.9248,116.0,162.0
36.9297,60.0,158.0
36.9347,-145.0,158.0
36.9397,-106.0,156.0
36.9447,125.0,156.0
36.95,128.0,156.0
36.9548,-59.0,156.0
36.9598,-111.0,156.0
36.9648,-23.0,156.0
36.9697,65.0,158.0
36.9748,105.0,158.0
36.9799,14.0,158.0
36.9849,-170.0,160.0
36.9899,-131.0,160.0
36.995,184.0,164.0
36.9998,245.0,166.0
37.0048,-126.0,166.0
37.0098,-287.0,170.0
37.0148,37.0,170.0
37.0198,216.0,174.0
37.0247,10.0,174.0
37.0299,-77.0,174.0
37.0351,6.0,172.0
37.0398,-20.0,172.0
37.0447,-34.0,170.0
37.0499,38.0,168.0
37.0549,33.0,166.0
37.06,-19.0,164.0
37.0648,-39.0,164.0
37.0698,-12.0,162.0
37.0747,86.0,162.0
37.0797,66.0,162.0
37.0848,-141.0,164.0
37.0897,-124.0,166.0
37.0949,149.0,168.0
37.1,144.0,170.0
37.1047,-84.0,170.0
37.1098,-113.0,170.0
37.1147,-25.0,170.0
37.1198,56.0,168.0
37.125,128.0,168.0
37.1301,-16.0,164.0
37.1347,-187.0,166.0
37.1396,19.0,162.0
37.1448,186.0,164.0
37.1497,-62.0,162.0
37.1549,-142.0,164.0
37.1598,118.0,164.0
37.1647,106.0,164.0
37.1698,-133.0,164.0
37.1747,-100.0,162.0
37.1797,83.0,162.0
37.1851,89.0,160.0
37.1899,-13.0,160.0
37.1947,-48.0,158.0
37.1998,-9.0,158.0
37.2046,8.0,156.0
37.2098,-20.0,156.0
37.2149,-17.0,156.0
37.2198,37.0,156.0
37.2247,68.0,156.0
37.2296,16.0,156.0
37.2348,-96.0,156.0
37.2399,-103.0,156.0
37.2449,64.0,156.0
37.2497,136.0,158.0
37.2547,-18.0,156.0
37.2597,-69.0,156.0
37.2648,16.0,154.0
37.2699,-63.0,156.0
37.2748,-71.0,154.0
37.2798,178.0,156.0
37.2847,134.0,158.0
37.2897,-209.0,160.0
37.2948,-139.0,162.0
37.2997,172.0,164.0
37.3047,75.0,164.0
37.3097,-132.0,164.0
37.3148,-8.0,164.0
37.3201,100.0,162.0
37.3247,-28.0,162.0
37.3299,-37.0,160.0
37.3347,116.0,162.0
37.3397,-7.0,160.0
37.3448,-290.0,164.0
37.3498,-63.0,164.0
37.3548,424.0,170.0
37.3598,204.0,174.0
37.3649,-410.0,180.0
37.3697,-266.0,182.0
37.3748,299.0,188.0
37.3797,210.0,190.0
37.3849,-185.0,192.0
37.3899,-117.0,194.0
37.3947,90.0,194.0
37.3998,51.0,194.0
37.4048,-7.0,192.0
37.41,-13.0,192.0
37.4148,-58.0,190.0
37.4198,-23.0,190.0
37.4247,91.0,190.0
37.4297,78.0,190.0
37.4348,-72.0,190.0
37.4398,-134.0,192.0
37.4447,11.0,190.0
37.4498,143.0,192.0
37.4548,35.0,192.0
37.4599,-95.0,192.0
37.4649,-23.0,192.0
37.4699,35.0,192.0
37.4748,-24.0,192.0
37.4797,7.0,190.0
37.4846,52.0,190.0
37.4897,-50.0,186.0
37.4949,-46.0,188.0
37.4997,88.0,184.0
37.5047,41.0,184.0
37.5097,-69.0,184.0
37.5147,-54.0,182.0
37.5199,-34.0,182.0
37.5248,38.0,182.0
37.5299,142.0,184.0
37.5348,33.0,182.0
37.5397,-128.0,182.0
37.5449,-85.0,184.0
37.5497,-12.0,182.0
37.5548,22.0,182.0
37.5598,138.0,184.0
37.5647,118.0,184.0
37.5698,-139.0,184.0
37.5747,-207.0,186.0
37.5799,58.0,184.0
37.5849,184.0,186.0
37.5898,0.0,184.0
37.5948,-107.0,184.0
37.5997,0.0,182.0
37.6047,46.0,184.0
37.6099,-27.0,182.0
37.6148,-24.0,182.0
37.6197,68.0,182.0
37.6247,49.0,180.0
37.6297,-100.0,180.0
37.6349,-117.0,178.0
37.6398,77.0,176.0
37.6447,184.0,176.0
37.65,10.0,172.0
37.6548,-193.0,176.0
37.6598,-112.0,174.0
37.6647,123.0,176.0
37.6698,157.0,176.0
37.6747,-14.0,176.0
37.6797,-108.0,178.0
37.6848,-49.0,178.0
37.6896,-9.0,178.0
37.6947,7.0,178.0
37.6997,112.0,178.0
37.7047,104.0,180.0
37.7097,-122.0,182.0
37.7148,-160.0,182.0
37.7199,67.0,182.0
37.7248,103.0,182.0
37.7297,-53.0,180.0
37.7347,-21.0,178.0
37.7398,102.0,178.0
37.7447,10.0,178.0
37.75,-127.0,178.0
37.7547,-40.0,178.0
37.7598,84.0,178.0
37.7647,34.0,176.0
37.7699,-29.0,176.0
37.7749,12.0,174.0
37.7798,25.0,174.0
37.785,-25.0,172.0
37.79,-58.0,172.0
37.7947,-40.0,170.0
37.7997,80.0,170.0
37.8049,139.0,170.0
37.81,-77.0,170.0
37.8148,-193.0,170.0
37.8197,71.0,170.0
37.8247,189.0,172.0
37.8298,-83.0,172.0
37.8352,-167.0,174.0
37.8397,103.0,176.0
37.8448,168.0,178.0
37.8497,-92.0,180.0
37.8547,-196.0,182.0
37.8598,23.0,182.0
37.8648,196.0,184.0
37.8697,73.0,186.0
37.8748,-130.0,186.0
37.8798,-133.0,186.0
37.8846,36.0,186.0
37.8898,124.0,186.0
37.8948,17.0,186.0
37.8998,-74.0,186.0
37.9047,-4.0,186.0
37.9097,31.0,186.0
37.9147,-35.0,184.0
37.92,-22.0,182.0
37.9247,52.0,180.0
37.9298,46.0,178.0
37.9347,-29.0,176.0
37.9398,-84.0,176.0
37.9449,4.0,174.0
37.9501,121.0,174.0
37.9547,-28.0,174.0
37.96,-170.0,176.0
37.9647,88.0,176.0
37.9697,231.0,180.0
37.9749,-103.0,180.0
37.9799,-244.0,182.0
37.9848,60.0,180.0
37.9899,163.0,180.0
37.9949,-26.0,174.0
37.9996,-36.0,172.0
38.0047,34.0,166.0
38.0099,-52.0,162.0
38.0147,-48.0,158.0
38.0197,77.0,156.0
38.0247,44.0,154.0
38.03,-61.0,154.0
38.0349,-39.0,152.0
38.0398,14.0,152.0
38.0448,43.0,152.0
38.0498,53.0,154.0
38.0548,-37.0,154.0
38.0599,-100.0,154.0
38.0647,16.0,154.0
38.0697,93.0,154.0
38.0747,-8.0,152.0
38.0797,-72.0,152.0
38.0846,23.0,152.0
38.0898,93.0,150.0
38.0949,-21.0,150.0
38.0998,-139.0,152.0
38.1047,-26.0,152.0
38.1097,141.0,152.0
38.1147,107.0,154.0
38.12,-49.0,154.0
38.125,-160.0,156.0
38.1299,-115.0,158.0
38.1347,103.0,158.0
38.1397,272.0,162.0
38.1446,67.0,162.0
38.1498,-335.0,166.0
38.1548,-251.0,170.0
38.1598,273.0,172.0
38.1647,331.0,178.0
38.1697,-132.0,178.0
38.175,-275.0,180.0
38.1799,6.0,180.0
38.1848,154.0,180.0
38.1899,52.0,180.0
38.1948,-59.0,182.0
38.1997,-63.0,180.0
38.205,12.0,178.0
38.2101,46.0,178.0
38.2148,22.0,174.0
38.2196,2.0,174.0
38.2247,-54.0,172.0
38.2297,-77.0,172.0
38.2347,68.0,172.0
38.2399,141.0,174.0
38.2449,-67.0,174.0
38.2497,-157.0,176.0
38.2548,63.0,178.0
38.2597,115.0,178.0
38.2647,-49.0,178.0
38.2698,-27.0,176.0
38.2747,30.0,176.0
38.2797,-72.0,176.0
38.2848,-35.0,172.0
38.2898,123.0,174.0
38.2947,59.0,172.0
38.2997,-105.0,172.0
38.3047,-48.0,172.0
38.3096,70.0,170.0
38.3148,1.0,170.0
38.32,-64.0,168.0
38.3247,30.0,168.0
38.3297,57.0,170.0
38.3347,-28.0,170.0
38.3396,-1.0,168.0
38.3448,40.0,168.0
38.3499,-77.0,166.0
38.3548,-99.0,166.0
38.3598,107.0,166.0
38.3647,159.0,166.0
38.3697,-64.0,168.0
38.3748,-156.0,170.0
38.3798,0.0,168.0
38.3848,88.0,168.0
38.3899,23.0,168.0
38.3947,-9.0,166.0
38.3999,13.0,166.0
38.4047,-30.0,166.0
38.4098,-88.0,166.0
38.4148,4.0,166.0
38.4197,130.0,168.0
38.4247,69.0,168.0
38.4297,-84.0,170.0
38.435,-122.0,170.0
38.4397,-22.0,170.0
38.4448,86.0,168.0
38.4497,97.0,168.0
38.4549,34.0,166.0
38.4598,-72.0,166.0
38.4649,-152.0,166.0
38.4699,-14.0,164.0
38.4748,202.0,166.0
38.4797,61.0,164.0
38.4847,-208.0,166.0
38.4899,-69.0,164.0
38.4947,188.0,164.0
38.4997,101.0,166.0
38.5048,-97.0,164.0
38.5097,-112.0,166.0
38.5147,-39.0,164.0
38.52,33.0,162.0
38.5248,106.0,164.0
38.5298,78.0,162.0
38.5348,-62.0,164.0
38.5397,-119.0,164.0
38.5448,-10.0,164.0
38.55,77.0,164.0
38.5548,32.0,164.0
38.5598,-21.0,164.0
38.5647,3.0,164.0
38.5697,13.0,164.0
38.5752,-51.0,164.0
38.5797,-63.0,164.0
38.5848,42.0,164.0
38.5897,109.0,164.0
38.5947,41.0,164.0
38.5998,-79.0,162.0
38.6048,-123.0,164.0
38.6098,-4.0,160.0
38.6147,110.0,160.0
38.6197,43.0,156.0
38.6247,-27.0,156.0
38.6298,-4.0,154.0
38.6348,-36.0,154.0
38.6399,-53.0,154.0
38.6448,43.0,154.0
38.6498,72.0,154.0
38.6548,-24.0,154.0
38.6598,-61.0,154.0
38.6648,-1.0,154.0
38.6697,44.0,152.0
38.6747,35.0,152.0
38.6797,-30.0,154.0
38.6847,-49.0,154.0
38.6898,26.0,152.0
38.6947,12.0,152.0
38.6997,-54.0,152.0
38.7047,26.0,152.0
38.7097,92.0,152.0
38.7148,-9.0,152.0
38.7199,-88.0,152.0
38.7247,-30.0,152.0
38.7297,42.0,152.0
38.7347,39.0,152.0
38.7397,-16.0,150.0
38.7449,-50.0,150.0
38.7502,31.0,148.0
38.7548,110.0,148.0
38.76,-38.0,148.0
38.7667,-190.0,148.0
38.7701,-20.0,148.0
38.7768,207.0,148.0
38.7798,106.0,146.0
38.7849,-124.0,148.0
38.7898,-115.0,144.0
38.7951,8.0,140.0
38.7999,11.0,136.0
38.8049,32.0,132.0
38.8099,105.0,130.0
38.8148,29.0,126.0
38.8197,-120.0,128.0
38.8247,-100.0,128.0
38.8297,40.0,128.0
38.8352,83.0,128.0
38.8398,30.0,128.0
38.8448,-5.0,128.0
38.8502,-19.0,126.0
38.8552,-34.0,128.0
38.8599,-50.0,128.0
38.8648,0.0,128.0
38.8698,77.0,128.0
38.8747,41.0,126.0
38.8797,13.0,124.0
38.8848,-1.0,124.0
38.8899,-175.0,124.0
38.8949,-113.0,124.0
38.8997,266.0,126.0
38.9047,200.0,130.0
38.9097,-176.0,132.0
38.9148,-147.0,134.0
38.9199,-28.0,132.0
38.9248,-50.0,134.0
38.93,144.0,134.0
38.9347,248.0,136.0
38.9397,-42.0,136.0
38.9448,-257.0,138.0
38.9499,-162.0,140.0
38.9547,51.0,140.0
38.9598,239.0,144.0
38.9647,176.0,146.0
38.9697,-118.0,146.0
38.9748,-217.0,150.0
38.9798,-34.0,150.0
38.9849,71.0,150.0
38.9898,49.0,150.0
38.9947,76.0,150.0
38.9997,45.0,148.0
39.0047,-91.0,148.0
39.0097,-94.0,148.0
39.0147,14.0,146.0
39.0197,16.0,146.0
39.0247,24.0,146.0
39.0299,114.0,146.0
39.0349,32.0,148.0
39.0399,-175.0,150.0
39.0449,-129.0,152.0
39.0497,144.0,152.0
39.0547,205.0,156.0
39.0598,-74.0,154.0
39.0649,-247.0,158.0
39.0702,-13.0,156.0
39.0747,237.0,158.0
39.0798,103.0,160.0
39.0848,-155.0,160.0
39.09,-144.0,160.0
39.0947,45.0,162.0
39.0998,111.0,162.0
39.1047,11.0,160.0
39.1097,-55.0,160.0
39.1146,16.0,158.0
39.1197,31.0,156.0
39.1247,-80.0,154.0
39.1297,-40.0,154.0
39.1348,116.0,154.0
39.1396,59.0,152.0
39.1447,-104.0,152.0
39.1497,-64.0,152.0
39.1547,68.0,152.0
39.1597,33.0,152.0
39.1647,-46.0,152.0
39.1697,18.0,150.0
39.1748,54.0,150.0
39.1797,-52.0,150.0
39.1847,-62.0,150.0
39.1898,62.0,150.0
39.1947,46.0,150.0
39.1997,-75.0,150.0
39.2046,-20.0,152.0
39.2098,98.0,152.0
39.2147,28.0,152.0
39.2198,-96.0,152.0
39.2247,-91.0,154.0
39.2296,23.0,152.0
39.2347,164.0,154.0
39.2398,110.0,154.0
39.2448,-164.0,156.0
39.2497,-218.0,158.0
39.2547,85.0,158.0
39.2596,233.0,162.0
39.2648,-7.0,160.0
39.2698,-186.0,164.0
39.2747,-3.0,164.0
39.2797,156.0,164.0
39.2848,-25.0,164.0
39.2897,-163.0,166.0
39.2949,23.0,166.0
39.2998,155.0,168.0
39.3047,30.0,168.0
39.3097,-90.0,168.0
39.3147,-88.0,170.0
39.3198,3.0,168.0
39.3249,76.0,170.0
39.3297,16.0,170.0
39.3347,-4.0,170.0
39.3397,76.0,170.0
39.3447,-31.0,170.0
39.3503,-205.0,172.0
39.3547,-3.0,172.0
39.3597,240.0,174.0
39.3647,25.0,174.0
39.3698,-154.0,176.0
39.375,26.0,174.0
39.3797,31.0,176.0
39.3849,-102.0,176.0
39.3897,69.0,176.0
39.3947,139.0,178.0
39.3999,-143.0,178.0
39.405,-159.0,178.0
39.4097,162.0,180.0
39.4148,191.0,180.0
39.4197,-80.0,180.0
39.4247,-179.0,180.0
39.4296,-52.0,180.0
39.4348,79.0,180.0
39.4397,121.0,182.0
39.4448,39.0,182.0
39.4497,-96.0,182.0
39.4547,-81.0,184.0
39.4596,62.0,182.0
39.4646,66.0,182.0
39.4698,-81.0,182.0
39.4747,-88.0,182.0
39.4797,99.0,184.0
39.4846,152.0,186.0
39.4899,-45.0,186.0
39.4949,-148.0,188.0
39.4997,-40.0,188.0
39.5047,20.0,188.0
39.5097,48.0,188.0
39.5147,127.0,190.0
39.5203,38.0,190.0
39.5249,-157.0,192.0
39.53,-104.0,190.0
39.5347,65.0,190.0
39.5397,51.0,186.0
39.5448,17.0,184.0
39.5498,64.0,182.0
39.5549,-3.0,180.0
39.5598,-109.0,182.0
39.5647,-58.0,182.0
39.5697,51.0,180.0
39.5749,87.0,178.0
39.5798,36.0,178.0
39.5847,-82.0,174.0
39.5898,-90.0,174.0
39.595,77.0,174.0
39.5997,102.0,172.0
39.605,-75.0,170.0
39.6099,-77.0,170.0
39.6148,65.0,168.0
39.6197,34.0,168.0
39.6247,-50.0,166.0
39.6299,-8.0,166.0
39.6347,28.0,166.0
39.6398,14.0,164.0
39.6448,10.0,164.0
39.6497,-35.0,162.0
39.6548,-63.0,164.0
39.6599,61.0,164.0
39.6647,109.0,166.0
39.6698,-92.0,166.0
39.6748,-130.0,166.0
39.6797,107.0,166.0
39.6847,113.0,166.0
39.6898,-88.0,164.0
39.6949,-49.0,162.0
39.6998,50.0,162.0
39.7047,-44.0,158.0
39.7097,-22.0,158.0
39.7147,126.0,156.0
39.7199,12.0,156.0
39.7249,-150.0,156.0
39.7298,-12.0,154.0
39.7347,95.0,154.0
39.7397,7.0,152.0
39.7447,14.0,152.0
39.7498,24.0,152.0
39.7548,-107.0,154.0
39.7598,-73.0,154.0
39.7647,130.0,154.0
39.7697,85.0,156.0
39.7747,-111.0,156.0
39.7797,-20.0,154.0
39.786,109.0,156.0
39.7899,-75.0,156.0
39.7947,-128.0,156.0
39.8,134.0,158.0
39.8049,121.0,158.0
39.8099,-144.0,160.0
39.8147,-73.0,162.0
39.8198,123.0,162.0
39.8246,5.0,162.0
39.8297,-85.0,162.0
39.8348,62.0,162.0
39.8398,60.0,162.0
39.8447,-114.0,164.0
39.8497,-71.0,162.0
39.8547,123.0,164.0
39.8597,99.0,164.0
39.8648,-85.0,164.0
39.8697,-101.0,166.0
39.8746,35.0,164.0
39.8797,56.0,162.0
39.8847,-21.0,160.0
39.8897,0.0,156.0
39.8947,43.0,156.0
39.8998,-12.0,152.0
39.9047,-52.0,154.0
39.9097,-22.0,150.0
39.9147,8.0,152.0
39.9197,51.0,150.0
39.925,56.0,150.0
39.9298,-32.0,148.0
39.9346,-75.0,148.0
39.9396,-3.0,146.0
39.9446,27.0,146.0
39.9502,-3.0,144.0
39.9553,31.0,144.0
39.9597,53.0,144.0
39.9647,-42.0,144.0
39.9696,-86.0,146.0
39.9747,15.0,146.0
39.9798,77.0,146.0
39.985,16.0,146.0
39.99,-62.0,144.0
39.9947,-45.0,144.0
39.9997,65.0,140.0
40.0047,72.0,142.0
40.0099,-80.0,140.0
40.0147,-59.0,142.0
40.0197,111.0,142.0
40.0247,-14.0,140.0
40.0297,-167.0,142.0
40.0352,91.0,142.0
40.0399,219.0,142.0
40.0449,-101.0,142.0
40.0497,-196.0,142.0
40.0548,67.0,140.0
40.0599,78.0,140.0
40.0647,-72.0,138.0
40.0698,51.0,138.0
40.0747,116.0,140.0
40.0797,-106.0,140.0
40.0848,-124.0,140.0
40.0898,97.0,140.0
40.0948,71.0,140.0
40.0997,-78.0,140.0
40.1047,-3.0,140.0
40.1097,55.0,140.0
40.1147,-55.0,138.0
40.1199,-16.0,138.0
40.1248,116.0,136.0
40.13,-11.0,136.0
40.1347,-164.0,136.0
40.1396,-5.0,136.0
40.1447,160.0,138.0
40.1499,55.0,138.0
40.1549,-101.0,138.0
40.1599,-95.0,138.0
40.1647,28.0,136.0
40.1697,106.0,136.0
40.1747,25.0,136.0
40.1797,-94.0,136.0
40.1849,-49.0,138.0
40.1897,59.0,138.0
40.1946,35.0,138.0
40.1997,-6.0,136.0
40.2048,8.0,136.0
40.2098,-28.0,136.0
40.2148,-28.0,134.0
40.2197,28.0,134.0
40.2247,-14.0,132.0
40.2297,-16.0,132.0
40.2349,83.0,132.0
40.2398,17.0,130.0
40.2449,-122.0,132.0
40.2499,-34.0,130.0
40.2547,111.0,132.0
40.2598,42.0,132.0
40.2649,-65.0,132.0
40.2698,-11.0,132.0
40.2747,22.0,132.0
40.2798,-55.0,132.0
40.2849,-16.0,132.0
40.2896,116.0,134.0
40.2948,40.0,134.0
40.2998,-132.0,134.0
40.3047,-54.0,134.0
40.3097,120.0,134.0
40.3147,49.0,132.0
40.3199,-112.0,132.0
40.3247,-62.0,132.0
40.3296,95.0,132.0
40.3347,98.0,132.0
40.3396,-46.0,132.0
40.3449,-102.0,134.0
40.3497,-2.0,134.0
40.3547,50.0,132.0
40.3597,-7.0,132.0
40.3648,-1.0,130.0
40.3696,65.0,130.0
40.3747,16.0,130.0
40.3798,-104.0,130.0
40.3848,-64.0,132.0
40.3898,98.0,132.0
40.3947,60.0,132.0
40.3997,-94.0,132.0
40.4048,-6.0,130.0
40.4099,135.0,132.0
40.4147,-6.0,130.0
40.4197,-165.0,132.0
40.4247,-46.0,130.0
40.4297,113.0,132.0
40.435,80.0,130.0
40.4397,-19.0,128.0
40.4449,-39.0,128.0
40.4497,-17.0,126.0
40.4547,-8.0,124.0
40.4596,-7.0,122.0
40.4646,-17.0,124.0
40.4698,-6.0,122.0
40.4747,75.0,122.0
40.4798,112.0,122.0
40.4846,-58.0,122.0
40.4896,-226.0,124.0
40.4949,-56.0,124.0
40.4998,234.0,126.0
40.5047,175.0,126.0
40.5097,-144.0,128.0
40.5147,-209.0,130.0
40.5199,61.0,130.0
40.5247,157.0,132.0
40.5297,-49.0,134.0
40.5347,-77.0,134.0
40.5397,82.0,134.0
40.5449,17.0,134.0
40.55,-105.0,136.0
40.5547,18.0,136.0
40.5597,88.0,136.0
40.5647,-44.0,136.0
40.5697,-44.0,136.0
40.5748,66.0,136.0
40.5797,13.0,136.0
40.5848,-74.0,138.0
40.5897,-25.0,138.0
40.5947,47.0,138.0
40.5997,61.0,138.0
40.6048,9.0,138.0
40.6097,-74.0,138.0
40.6148,-59.0,138.0
40.6197,45.0,138.0
40.6247,53.0,138.0
40.6298,-15.0,138.0
40.6349,7.0,136.0
40.6397,46.0,136.0
40.6448,-47.0,136.0
40.65,-126.0,136.0
40.6552,-4.0,136.0
40.6599,149.0,136.0
40.6649,93.0,138.0
40.6699,-53.0,136.0
40.6749,-101.0,136.0
40.6801,-80.0,134.0
40.6848,7.0,132.0
40.6898,123.0,132.0
40.6948,80.0,132.0
40.6998,-64.0,132.0
40.7048,-66.0,132.0
40.7098,20.0,130.0
40.7148,-25.0,130.0
40.72,-81.0,128.0
40.7248,75.0,128.0
40.7298,189.0,130.0
40.735,-19.0,128.0
40.7398,-213.0,130.0
40.7448,-72.0,132.0
40.7498,137.0,134.0
40.7547,116.0,134.0
40.7597,-43.0,134.0
40.7647,-119.0,134.0
40.7696,-32.0,134.0
40.7748,102.0,134.0
40.7796,93.0,136.0
40.7848,-65.0,134.0
40.7899,-130.0,134.0
40.7947,20.0,134.0
40.7998,134.0,134.0
40.8047,0.0,134.0
40.8102,-115.0,134.0
40.8148,12.0,134.0
40.8201,73.0,134.0
40.825,-35.0,134.0
40.8298,-7.0,132.0
40.8354,44.0,132.0
40.8402,-71.0,134.0
40.8451,-61.0,134.0
40.8498,133.0,136.0
40.8551,122.0,138.0
40.8599,-129.0,140.0
40.8663,-174.0,142.0
40.8697,53.0,142.0
40.8749,118.0,142.0
40.88,13.0,142.0
40.8849,39.0,142.0
40.89,7.0,140.0
40.8948,-159.0,142.0
40.8998,-89.0,142.0
40.9047,149.0,144.0
40.9097,130.0,146.0
40.9151,-61.0,146.0
40.9203,-87.0,146.0
40.9253,-7.0,146.0
40.9297,1.0,144.0
40.935,37.0,144.0
40.9397,81.0,144.0
40.945,-43.0,144.0
40.9505,-145.0,144.0
40.9552,27.0,144.0
40.9598,158.0,144.0
40.9654,0.0,144.0
40.9701,-101.0,144.0
40.9749,-4.0,142.0
40.9803,11.0,142.0
40.9853,-19.0,140.0
40.9909,58.0,142.0
40.9948,32.0,140.0
41.0001,-92.0,142.0
41.005,4.0,142.0
41.0098,116.0,144.0
41.0153,-90.0,144.0
41.0198,-167.0,146.0
41.025,158.0,146.0
41.0299,234.0,148.0
41.0349,-144.0,150.0
41.0397,-246.0,152.0
41.0451,66.0,154.0
41.0498,151.0,154.0
41.0551,-5.0,154.0
41.0601,11.0,152.0
41.0652,27.0,150.0
41.0696,-125.0,152.0
41.0748,-105.0,152.0
41.0802,101.0,152.0
41.085,154.0,154.0
41.0903,10.0,154.0
41.0947,-141.0,156.0
41.1001,-90.0,158.0
41.1049,119.0,160.0
41.11,97.0,160.0
41.1147,-135.0,162.0
41.1203,-101.0,162.0
41.1248,153.0,164.0
41.1302,147.0,162.0
41.1351,-124.0,162.0
41.1397,-197.0,162.0
41.1449,70.0,160.0
41.1501,217.0,162.0
41.1547,-37.0,160.0
41.1597,-229.0,162.0
41.1648,9.0,160.0
41.1696,228.0,162.0
41.175,33.0,162.0
41.1797,-172.0,164.0
41.1853,-62.0,164.0
41.1899,62.0,164.0
41.195,35.0,164.0
41.1999,31.0,162.0
41.2051,32.0,162.0
41.2096,-40.0,162.0
41.2155,-62.0,162.0
41.2198,-14.0,162.0
41.2246,4.0,162.0
41.23,30.0,162.0
41.2353,84.0,162.0
41.2396,32.0,162.0
41.2447,-101.0,162.0
41.2499,-88.0,162.0
41.2549,46.0,162.0
41.2603,55.0,162.0
41.2654,-11.0,162.0
41.2697,43.0,162.0
41.2746,50.0,164.0
41.28,-118.0,164.0
41.2849,-131.0,166.0
41.2901,134.0,166.0
41.2946,199.0,168.0
41.3004,-128.0,168.0
41.3048,-244.0,170.0
41.31,114.0,172.0
41.315,260.0,174.0
41.3203,-61.0,174.0
41.3246,-199.0,178.0
41.3299,-17.0,176.0
41.3347,44.0,174.0
41.3397,51.0,174.0
41.3449,121.0,176.0
41.3504,-10.0,176.0
41.3546,-166.0,178.0
41.3598,-40.0,176.0
41.3652,43.0,176.0
41.3701,3.0,174.0
41.3749,139.0,176.0
41.3801,136.0,174.0
41.3852,-201.0,176.0
41.3896,-260.0,178.0
41.3948,83.0,178.0
41.4,218.0,180.0
41.4051,82.0,180.0
41.4096,-25.0,180.0
41.4149,-123.0,180.0
41.4202,-129.0,180.0
41.4247,46.0,180.0
41.4299,112.0,180.0
41.4353,6.0,180.0
41.4402,-10.0,178.0
41.4449,13.0,178.0
41.4497,-18.0,176.0
41.4549,-1.0,176.0
41.4601,-13.0,176.0
41.4652,-103.0,176.0
41.4697,-22.0,176.0
41.4749,176.0,178.0
41.4799,109.0,180.0
41.485,-97.0,180.0
41.4914,-90.0,180.0
41.4948,-40.0,178.0
41.5001,-58.0,176.0
41.5052,53.0,174.0
41.5097,165.0,176.0
41.5149,65.0,176.0
41.5203,-88.0,178.0
41.5252,-137.0,178.0
41.5302,-72.0,180.0
41.5347,66.0,178.0
41.5398,107.0,178.0
41.5448,22.0,176.0
41.5496,8.0,174.0
41.5546,23.0,174.0
41.56,-98.0,174.0
41.565,-154.0,176.0
41.5699,51.0,178.0
41.5751,215.0,180.0
41.5804,39.0,180.0
41.5851,-176.0,182.0
41.5902,-56.0,180.0
41.5951,142.0,182.0
41.5999,17.0,180.0
41.6055,-154.0,182.0
41.6096,15.0,180.0
41.6147,139.0,182.0
41.6198,-55.0,184.0
41.6249,-62.0,184.0
41.6299,123.0,186.0
41.6356,-18.0,184.0
41.6396,-165.0,186.0
41.6447,56.0,186.0
41.6496,125.0,188.0
41.6551,-85.0,186.0
41.6599,-30.0,184.0
41.6651,131.0,184.0
41.6699,-55.0,182.0
41.6747,-159.0,182.0
41.6796,104.0,180.0
41.685,153.0,180.0
41.6897,-116.0,180.0
41.6948,-128.0,182.0
41.6998,97.0,184.0
41.7049,100.0,184.0
41.7098,-53.0,184.0
41.7149,-68.0,184.0
41.7203,-2.0,182.0
41.7246,8.0,180.0
41.7302,29.0,180.0
41.7348,93.0,178.0
41.7399,33.0,178.0
41.7448,-178.0,178.0
41.7505,-180.0,180.0
41.7546,164.0,180.0
41.7598,293.0,184.0
41.7646,-81.0,182.0
41.7701,-247.0,184.0
41.7747,55.0,182.0
41.7798,51.0,180.0
41.7868,-162.0,182.0
41.7897,147.0,182.0
41.7947,323.0,186.0
41.7997,-226.0,186.0
41.8047,-379.0,192.0
41.8097,199.0,190.0
41.8146,268.0,194.0
41.8197,-150.0,194.0
41.8247,-64.0,194.0
41.8297,132.0,196.0
41.8348,-124.0,196.0
41.8399,-164.0,198.0
41.8449,212.0,202.0
41.8497,219.0,204.0
41.8548,-168.0,206.0
41.8602,-231.0,210.0
41.8647,52.0,210.0
41.8698,171.0,212.0
41.8746,32.0,212.0
41.8796,-76.0,212.0
41.8848,-38.0,212.0
41.8904,11.0,210.0
41.8947,5.0,210.0
41.8998,15.0,208.0
41.9046,25.0,208.0
41.9096,-45.0,210.0
41.9147,-61.0,210.0
41.9199,86.0,208.0
41.9248,118.0,208.0
41.9299,-80.0,208.0
41.9347,-160.0,208.0
41.9396,8.0,206.0
41.9449,154.0,204.0
41.9501,69.0,204.0
41.9547,-126.0,200.0
41.9598,-104.0,202.0
41.9646,105.0,200.0
41.9697,85.0,202.0
41.9748,-72.0,202.0
41.9798,-2.0,200.0
41.9848,39.0,200.0
41.9899,-111.0,202.0
41.9947,-60.0,200.0
41.9997,163.0,202.0
42.0047,128.0,202.0
42.0097,-108.0,204.0
42.0147,-156.0,204.0
42.0196,10.0,202.0
42.0246,84.0,200.0
42.0296,12.0,198.0
42.0348,46.0,196.0
42.0397,79.0,194.0
42.0448,-130.0,196.0
42.0497,-191.0,198.0
42.0553,103.0,198.0
42.0598,190.0,198.0
42.0647,-23.0,198.0
42.0697,-53.0,196.0
42.0746,3.0,196.0
42.0798,-103.0,198.0
42.0846,-59.0,200.0
42.0897,159.0,202.0
42.0948,104.0,202.0
42.1001,-106.0,204.0
42.1046,-67.0,204.0
42.1096,20.0,204.0
42.1146,-22.0,202.0
42.1197,34.0,200.0
42.1247,103.0,200.0
42.1297,-45.0,200.0
42.1348,-145.0,202.0
42.1396,18.0,200.0
42.1448,142.0,202.0
42.1499,35.0,200.0
42.1548,-95.0,200.0
42.1597,-97.0,200.0
42.1648,35.0,198.0
42.1697,139.0,200.0
42.1748,-16.0,200.0
42.1799,-157.0,200.0
42.1846,40.0,200.0
42.1897,159.0,202.0
42.1947,-51.0,204.0
42.1998,-126.0,204.0
42.2048,34.0,202.0
42.2097,29.0,202.0
42.2147,-32.0,198.0
42.2197,99.0,200.0
42.2246,46.0,198.0
42.23,-207.0,200.0
42.2349,-30.0,198.0
42.2398,272.0,202.0
42.2449,-18.0,200.0
42.2496,-264.0,204.0
42.2546,58.0,202.0
42.2598,149.0,204.0
42.2651,-76.0,204.0
42.2696,8.0,202.0
42.2747,75.0,204.0
42.2798,-105.0,202.0
42.2848,-52.0,202.0
42.2898,129.0,202.0
42.295,40.0,202.0
42.2998,-122.0,204.0
42.3047,-79.0,202.0
42.3097,87.0,202.0
42.3148,140.0,202.0
42.3198,-23.0,202.0
42.325,-161.0,202.0
42.3298,-29.0,200.0
42.3346,133.0,200.0
42.3396,24.0,198.0
42.3447,-117.0,200.0
42.3497,22.0,198.0
42.3547,149.0,200.0
42.3597,-39.0,200.0
42.3647,-181.0,204.0
42.3697,-17.0,202.0
42.3747,152.0,204.0
42.3801,100.0,204.0
42.3847,-95.0,204.0
42.3897,-150.0,204.0
42.3946,82.0,202.0
42.3997,165.0,200.0
42.4048,-106.0,200.0
42.4098,-148.0,198.0
42.415,107.0,200.0
42.4196,80.0,200.0
42.4246,-68.0,198.0
42.4298,26.0,196.0
42.4347,22.0,192.0
42.4398,-107.0,190.0
42.4447,-8.0,184.0
42.4499,108.0,182.0
42.4547,30.0,180.0
42.4598,-27.0,178.0
42.4648,-42.0,176.0
42.4697,-77.0,176.0
42.4747,1.0,174.0
42.4798,113.0,174.0
42.4846,69.0,172.0
42.4898,-32.0,168.0
42.4949,-112.0,168.0
42.4997,-98.0,166.0
42.5047,114.0,166.0
42.5097,175.0,166.0
42.5147,-107.0,168.0
42.5198,-174.0,168.0
42.5248,118.0,170.0
42.5297,147.0,172.0
42.5347,-149.0,174.0
42.5397,-146.0,176.0
42.5448,172.0,178.0
42.55,167.0,180.0
42.5549,-153.0,182.0
42.5599,-161.0,184.0
42.5646,98.0,184.0
42.5696,102.0,184.0
42.5748,-69.0,182.0
42.5798,-29.0,182.0
42.5848,95.0,182.0
42.5897,8.0,180.0
42.5948,-108.0,180.0
42.5998,-34.0,180.0
42.6048,42.0,178.0
42.6098,34.0,178.0
42.6146,50.0,176.0
42.6196,8.0,178.0
42.6246,-78.0,178.0
42.6296,-35.0,176.0
42.6347,37.0,176.0
42.6397,16.0,174.0
42.6447,12.0,172.0
42.6498,7.0,170.0
42.6546,-31.0,168.0
42.6597,13.0,168.0
42.6647,24.0,168.0
42.6697,-77.0,168.0
42.6747,-25.0,168.0
42.6797,124.0,170.0
42.6848,49.0,168.0
42.6897,-109.0,166.0
42.6947,-75.0,166.0
42.6998,39.0,164.0
42.7047,57.0,164.0
42.7097,21.0,164.0
42.7148,33.0,164.0
42.7199,-8.0,162.0
42.7248,-143.0,164.0
42.7297,-73.0,162.0
42.7346,175.0,164.0
42.7396,144.0,164.0
42.7448,-107.0,164.0
42.75,-150.0,168.0
42.7546,-5.0,166.0
42.7596,103.0,168.0
42.7646,122.0,168.0
42.7696,-29.0,168.0
42.7749,-219.0,170.0
42.7799,-59.0,170.0
42.7847,249.0,172.0
42.7897,129.0,172.0
42.7948,-193.0,174.0
42.7997,-127.0,174.0
42.8047,109.0,176.0
42.8098,42.0,174.0
42.8148,-54.0,176.0
42.8196,60.0,174.0
42.8246,18.0,174.0
42.8296,-112.0,172.0
42.8348,34.0,172.0
42.8398,101.0,172.0
42.8448,-97.0,172.0
42.8498,-41.0,172.0
42.8547,130.0,174.0
42.86,-53.0,174.0
42.8647,-114.0,174.0
42.8697,151.0,174.0
42.8746,53.0,174.0
42.8797,-214.0,174.0
42.8846,18.0,174.0
42.8896,222.0,172.0
42.8949,-69.0,172.0
42.8997,-173.0,174.0
42.9046,106.0,174.0
42.9098,93.0,176.0
42.9147,-156.0,176.0
42.9201,-39.0,176.0
42.9247,194.0,178.0
42.9296,33.0,176.0
42.9347,-173.0,178.0
42.9396,-29.0,176.0
42.9447,101.0,178.0
42.9501,-4.0,176.0
42.9547,-32.0,174.0
42.9597,32.0,174.0
42.9647,-14.0,172.0
42.9698,-23.0,172.0
42.9748,55.0,170.0
42.9799,23.0,170.0
42.9847,-68.0,170.0
42.9897,-69.0,170.0
42.9947,14.0,168.0
42.9999,93.0,170.0
43.0047,79.0,168.0
43.0099,-28.0,168.0
43.0148,-118.0,168.0
43.0196,-78.0,166.0
43.0246,42.0,166.0
43.0298,127.0,166.0
43.035,124.0,166.0
43.0396,-68.0,164.0
43.0447,-308.0,168.0
43.0497,-96.0,168.0
43.0549,386.0,172.0
43.0597,299.0,176.0
43.0648,-272.0,178.0
43.07,-395.0,184.0
43.0749,53.0,184.0
43.0797,283.0,188.0
43.0848,64.0,188.0
43.0899,-51.0,188.0
43.0949,9.0,186.0
43.0997,-119.0,188.0
43.1047,-165.0,190.0
43.1103,149.0,192.0
43.1147,244.0,196.0
43.1201,-93.0,194.0
43.1246,-202.0,196.0
43.1297,43.0,198.0
43.1346,119.0,198.0
43.1397,-39.0,196.0
43.1446,-78.0,196.0
43.15,60.0,194.0
43.1548,75.0,194.0
43.1596,-87.0,192.0
43.1646,-84.0,192.0
43.1696,111.0,190.0
43.1748,99.0,190.0
43.1797,-114.0,190.0
43.1848,-91.0,188.0
43.1901,104.0,188.0
43.1947,28.0,186.0
43.1999,-130.0,186.0
43.2048,48.0,184.0
43.2098,205.0,186.0
43.2148,-43.0,186.0
43.2197,-258.0,190.0
43.2247,-71.0,188.0
43.2298,191.0,192.0
43.2351,185.0,192.0
43.2397,-2.0,192.0
43.2447,-163.0,194.0
43.2499,-160.0,196.0
43.2546,24.0,196.0
43.2596,140.0,198.0
43.2648,76.0,198.0
43.2697,46.0,198.0
43.2747,-47.0,198.0
43.2797,-237.0,202.0
43.2846,-64.0,202.0
43.2899,306.0,206.0
43.2949,171.0,210.0
43.2997,-231.0,212.0
43.3047,-206.0,216.0
43.3097,79.0,216.0
43.3148,124.0,216.0
43.3197,16.0,216.0
43.3247,25.0,214.0
43.3297,27.0,214.0
43.3347,-119.0,214.0
43.3397,-141.0,216.0
43.3447,102.0,216.0
43.35,186.0,220.0
43.3547,-37.0,220.0
43.3597,-119.0,220.0
43.3648,17.0,220.0
43.3696,10.0,218.0
43.3749,-60.0,216.0
43.3797,49.0,214.0
43.3848,99.0,214.0
43.39,-48.0,214.0
43.395,-75.0,214.0
43.3996,41.0,214.0
43.4048,14.0,212.0
43.4097,-64.0,212.0
43.4147,22.0,208.0
43.4197,76.0,210.0
43.4248,-32.0,206.0
43.4296,-4.0,204.0
43.435,57.0,202.0
43.4397,-148.0,202.0
43.4449,-131.0,202.0
43.4497,280.0,206.0
43.4547,226.0,208.0
43.46,-283.0,212.0
43.4647,-239.0,216.0
43.4697,173.0,216.0
43.4747,91.0,218.0
43.4797,-75.0,218.0
43.4848,131.0,218.0
43.49,65.0,218.0
43.495,-235.0,220.0
43.4997,-67.0,220.0
43.5047,160.0,220.0
43.5097,-17.0,218.0
43.5149,-34.0,218.0
43.5201,143.0,218.0
43.5249,-22.0,218.0
43.5299,-192.0,216.0
43.5348,25.0,216.0
43.5397,135.0,216.0
43.5448,-42.0,214.0
43.5498,-49.0,214.0
43.5547,81.0,212.0
43.5596,-5.0,212.0
43.5646,-114.0,210.0
43.5697,41.0,210.0
43.5748,156.0,210.0
43.58,-72.0,212.0
43.5849,-236.0,214.0
43.5899,59.0,214.0
43.5947,304.0,218.0
43.5996,8.0,218.0
43.6048,-276.0,222.0
43.6099,-55.0,222.0
43.6148,176.0,224.0
43.6197,22.0,224.0
43.6247,-115.0,226.0
43.6298,28.0,224.0
43.6351,91.0,226.0
43.6399,-36.0,226.0
43.6448,10.0,224.0
43.6499,47.0,224.0
43.6546,-207.0,226.0
43.6598,-143.0,226.0
43.6647,341.0,232.0
43.6697,296.0,234.0
43.6747,-264.0,236.0
43.6797,-373.0,240.0
43.6848,35.0,236.0
43.6898,277.0,240.0
43.6948,150.0,236.0
43.6999,-68.0,232.0
43.7047,-170.0,230.0
43.7097,-96.0,226.0
43.7147,66.0,226.0
43.7199,119.0,224.0
43.7248,48.0,224.0
43.7298,-35.0,224.0
43.7347,-114.0,224.0
43.7397,-50.0,224.0
43.7449,144.0,224.0
43.7499,62.0,222.0
43.7548,-177.0,220.0
43.7597,0.0,220.0
43.7646,228.0,220.0
43.7696,-80.0,220.0
43.7747,-267.0,222.0
43.7798,105.0,224.0
43.7878,239.0,226.0
43.7896,-50.0,226.0
43.7947,-127.0,226.0
43.7996,-50.0,226.0
43.8048,-9.0,226.0
43.8097,135.0,226.0
43.8147,100.0,226.0
43.8197,-137.0,226.0
43.8247,-138.0,226.0
43.8299,36.0,226.0
43.8349,155.0,228.0
43.8397,111.0,228.0
43.8449,-158.0,230.0
43.8496,-223.0,230.0
43.8547,140.0,230.0
43.8597,246.0,230.0
43.8651,-119.0,232.0
43.8697,-195.0,232.0
43.8747,125.0,230.0
43.8798,128.0,232.0
43.8847,-153.0,232.0
43.8897,-92.0,232.0
43.8947,162.0,234.0
43.8997,85.0,232.0
43.9047,-125.0,234.0
43.9097,-71.0,234.0
43.9146,75.0,234.0
43.9199,42.0,232.0
43.9247,-55.0,232.0
43.9297,-14.0,226.0
43.9348,64.0,224.0
43.9397,-23.0,222.0
43.9448,-95.0,220.0
43.9498,76.0,220.0
43.9547,157.0,220.0
43.9596,-91.0,222.0
43.9647,-223.0,224.0
43.9696,20.0,224.0
43.9747,239.0,226.0
43.98,74.0,226.0
43.9849,-198.0,226.0
43.9897,-94.0,226.0
43.9946,159.0,228.0
43.9997,37.0,226.0
44.0047,-152.0,228.0
44.0097,4.0,228.0
44.0147,128.0,230.0
44.0196,29.0,228.0
44.0247,-38.0,228.0
44.0297,-100.0,228.0
44.0351,-71.0,228.0
44.0399,142.0,230.0
44.0448,109.0,232.0
44.0496,-147.0,232.0
44.0546,-46.0,234.0
44.06,157.0,234.0
44.0649,-53.0,234.0
44.0697,-185.0,238.0
44.0747,108.0,238.0
44.0796,178.0,238.0
44.0846,-105.0,238.0
44.0897,-91.0,236.0
44.0948,98.0,234.0
44.0998,-40.0,230.0
44.1047,-133.0,228.0
44.1097,125.0,228.0
44.1147,181.0,228.0
44.1201,-107.0,230.0
44.1247,-170.0,230.0
44.1297,24.0,230.0
44.1347,100.0,228.0
44.1404,41.0,226.0
44.1447,-53.0,226.0
44.1501,-71.0,226.0
44.1546,77.0,226.0
44.1596,96.0,226.0
44.1646,-119.0,228.0
44.1698,-118.0,226.0
44.1748,111.0,228.0
44.18,99.0,226.0
44.1848,-43.0,226.0
44.1896,2.0,226.0
44.1949,-25.0,226.0
44.1997,-166.0,228.0
44.2047,22.0,226.0
44.2097,287.0,230.0
44.2149,62.0,228.0
44.2197,-257.0,232.0
44.2247,-147.0,230.0
44.2298,90.0,230.0
44.235,144.0,228.0
44.2399,73.0,230.0
44.2446,-52.0,226.0
44.2499,-112.0,226.0
44.2547,-38.0,224.0
44.2598,40.0,224.0
44.2647,64.0,224.0
44.2697,51.0,224.0
44.2746,-41.0,224.0
44.2797,-106.0,224.0
44.2849,-7.0,224.0
44.2897,108.0,226.0
44.2947,81.0,224.0
44.2997,-29.0,222.0
44.3046,-147.0,218.0
44.3098,-117.0,216.0
44.3149,134.0,214.0
44.3199,233.0,212.0
44.3248,-56.0,212.0
44.3298,-231.0,212.0
44.3347,51.0,210.0
44.3398,161.0,212.0
44.3447,-189.0,212.0
44.3501,-132.0,212.0
44.3547,334.0,216.0
44.3597,145.0,216.0
44.3646,-323.0,222.0
44.3697,-96.0,222.0
44.3748,205.0,224.0
44.38,-25.0,224.0
44.3849,-125.0,222.0
44.3896,102.0,224.0
44.3946,96.0,222.0
44.3999,-53.0,222.0
44.4048,-38.0,220.0
44.4097,-69.0,220.0
44.4148,-57.0,216.0
44.4196,178.0,218.0
44.4247,136.0,216.0
44.4297,-214.0,218.0
44.4348,-172.0,220.0
44.4397,169.0,222.0
44.4448,168.0,224.0
44.4497,-80.0,222.0
44.4547,-131.0,224.0
44.46,11.0,222.0
44.4647,81.0,220.0
44.4697,0.0,220.0
44.4747,-38.0,218.0
44.4797,27.0,216.0
44.4847,-24.0,214.0
44.4899,-77.0,212.0
44.4947,111.0,212.0
44.4997,149.0,210.0
44.5047,-153.0,210.0
44.5097,-205.0,212.0
44.5146,109.0,210.0
44.5197,199.0,212.0
44.5247,-42.0,210.0
44.5298,-163.0,212.0
44.5348,23.0,210.0
44.5397,174.0,210.0
44.5447,-32.0,210.0
44.5499,-233.0,212.0
44.5546,-3.0,210.0
44.5597,259.0,214.0
44.5647,90.0,214.0
44.5697,-189.0,218.0
44.5747,-146.0,218.0
44.5798,72.0,220.0
44.5848,124.0,220.0
44.5897,1.0,218.0
44.5946,-64.0,218.0
44.5996,-13.0,216.0
44.6048,12.0,212.0
44.61,-3.0,212.0
44.6146,24.0,208.0
44.6196,27.0,208.0
44.6246,-33.0,206.0
44.6296,-51.0,204.0
44.635,-7.0,202.0
44.6397,53.0,202.0
44.6448,66.0,202.0
44.6497,-34.0,202.0
44.6546,-100.0,202.0
44.6598,11.0,202.0
44.6652,112.0,202.0
44.6696,24.0,202.0
44.6747,-105.0,202.0
44.6797,-91.0,200.0
44.6846,68.0,200.0
44.6897,176.0,200.0
44.6947,-12.0,200.0
44.6997,-241.0,202.0
44.7046,-26.0,202.0
44.7097,241.0,202.0
44.7148,13.0,200.0
44.7197,-182.0,200.0
44.7247,45.0,200.0
44.7296,139.0,200.0
44.7347,-80.0,200.0
44.7398,-150.0,202.0
44.7447,40.0,200.0
44.7499,154.0,200.0
44.7547,14.0,198.0
44.7597,-92.0,198.0
44.7647,0.0,196.0
44.7696,-19.0,196.0
44.7751,-92.0,196.0
44.7797,110.0,196.0
44.7847,200.0,198.0
44.7898,-122.0,200.0
44.7947,-237.0,202.0
44.7997,83.0,202.0
44.8048,167.0,202.0
44.8098,-76.0,202.0
44.8147,-52.0,200.0
44.8199,122.0,202.0
44.8246,-8.0,200.0
44.8299,-151.0,202.0
44.8348,-2.0,202.0
44.8398,108.0,202.0
44.8446,18.0,202.0
44.8496,-37.0,198.0
44.8547,-11.0,196.0
44.8596,-7.0,192.0
44.8647,14.0,190.0
44.8698,38.0,190.0
44.8747,-27.0,188.0
44.8796,-79.0,188.0
44.8848,5.0,188.0
44.8896,89.0,188.0
44.8947,44.0,188.0
44.8998,-21.0,186.0
44.9046,-52.0,186.0
44.9096,-87.0,188.0
44.9148,-20.0,188.0
44.9198,156.0,188.0
44.9248,142.0,190.0
44.9298,-160.0,190.0
44.9346,-256.0,194.0
44.9397,126.0,194.0
44.9449,293.0,198.0
44.95,-84.0,196.0
44.9551,-216.0,198.0
44.9596,58.0,196.0
44.9646,75.0,196.0
44.9696,-59.0,192.0
44.9746,35.0,192.0
44.9797,95.0,192.0
44.985,-61.0,190.0
44.9898,-158.0,190.0
44.9948,-5.0,184.0
44.9997,177.0,186.0
45.0047,102.0,182.0
45.0098,-107.0,182.0
45.0147,-143.0,182.0
45.0196,25.0,182.0
45.0246,110.0,180.0
45.0298,-39.0,180.0
45.0348,-87.0,180.0
45.0396,122.0,180.0
45.045,131.0,182.0
45.0498,-154.0,184.0
45.0547,-180.0,186.0
45.0597,95.0,184.0
45.0647,166.0,184.0
45.0697,-29.0,182.0
45.0747,-130.0,182.0
45.0796,10.0,178.0
45.0846,132.0,178.0
45.0896,-14.0,178.0
45.0948,-154.0,178.0
45.0997,6.0,178.0
45.1047,157.0,178.0
45.1096,31.0,180.0
45.1147,-120.0,180.0
45.1199,-116.0,182.0
45.1246,19.0,182.0
45.13,198.0,184.0
45.1346,127.0,184.0
45.1396,-189.0,184.0
45.1447,-213.0,186.0
45.15,93.0,184.0
45.1547,164.0,184.0
45.1596,-16.0,182.0
45.1647,-47.0,182.0
45.1696,3.0,180.0
45.1751,-34.0,180.0
45.1811,-2.0,176.0
45.1848,61.0,178.0
45.1897,-10.0,174.0
45.1947,-54.0,174.0
45.1997,9.0,170.0
45.2051,0.0,170.0
45.2097,14.0,166.0
45.2147,90.0,166.0
45.2196,-53.0,166.0
45.2247,-151.0,166.0
45.2297,125.0,168.0
45.2349,135.0,168.0
45.2398,-242.0,172.0
45.2447,-73.0,174.0
45.2497,346.0,178.0
45.2547,13.0,178.0
45.2597,-350.0,184.0
45.2646,48.0,184.0
45.2697,247.0,186.0
45.2746,-129.0,188.0
45.2796,-118.0,190.0
45.2847,215.0,192.0
45.2897,54.0,192.0
45.2951,-262.0,194.0
45.2998,-91.0,196.0
45.3047,218.0,198.0
45.3096,176.0,200.0
45.3147,-90.0,200.0
45.3198,-207.0,202.0
45.3247,-33.0,202.0
45.3298,148.0,200.0
45.3346,60.0,202.0
45.3396,-62.0,198.0
45.3447,13.0,198.0
45.35,12.0,194.0
45.3547,-127.0,196.0
45.3596,1.0,194.0
45.3647,225.0,196.0
45.3697,7.0,194.0
45.3748,-255.0,198.0
45.3797,-31.0,196.0
45.3848,182.0,198.0
45.3897,30.0,196.0
45.3946,-51.0,196.0
45.3996,22.0,196.0
45.4049,-30.0,196.0
45.4099,-83.0,196.0
45.4146,18.0,196.0
45.4197,98.0,196.0
45.4247,30.0,192.0
45.4298,-65.0,192.0
45.4348,-42.0,188.0
45.4397,28.0,188.0
45.4447,3.0,186.0
45.4498,-30.0,184.0
45.4546,43.0,184.0
45.4597,58.0,184.0
45.4646,-49.0,184.0
45.4696,-60.0,182.0
45.4746,5.0,182.0
45.4796,13.0,182.0
45.4846,48.0,182.0
45.4898,45.0,182.0
45.4948,-73.0,182.0
45.4998,-57.0,184.0
45.5046,78.0,184.0
45.5096,10.0,184.0
45.5147,-99.0,186.0
45.5197,34.0,184.0
45.5247,124.0,186.0
45.5296,-15.0,186.0
45.5346,-94.0,186.0
45.5396,-49.0,186.0
45.545,-1.0,186.0
45.5498,101.0,186.0
45.5547,92.0,188.0
45.5597,-112.0,186.0
45.5647,-110.0,186.0
45.5697,92.0,184.0
45.5747,63.0,182.0
45.5798,-63.0,180.0
45.5846,-10.0,176.0
45.5898,34.0,176.0
45.5946,-2.0,172.0
45.5996,-4.0,172.0
45.6047,-41.0,170.0
45.6097,-21.0,170.0
45.6146,153.0,172.0
45.6196,63.0,172.0
45.6246,-297.0,176.0
45.6298,-169.0,176.0
45.6348,350.0,180.0
45.6396,298.0,182.0
45.6449,-223.0,184.0
45.6496,-302.0,188.0
45.6546,17.0,186.0
45.6598,116.0,188.0
45.6648,61.0,186.0
45.6697,88.0,188.0
45.6747,20.0,186.0
45.6797,-102.0,186.0
45.6846,-86.0,186.0
45.6898,-58.0,184.0
45.6947,13.0,182.0
45.6997,200.0,182.0
45.7047,116.0,182.0
45.7097,-206.0,184.0
45.7146,-158.0,186.0
45.7197,128.0,186.0
45.7247,82.0,186.0
45.7296,-71.0,188.0
45.7346,52.0,186.0
45.7396,64.0,186.0
45.745,-192.0,186.0
45.7498,-89.0,188.0
45.7548,285.0,190.0
45.7597,107.0,190.0
45.7647,-277.0,194.0
45.7696,-80.0,192.0
45.7753,179.0,194.0
45.7797,16.0,190.0
45.7847,-61.0,188.0
45.7898,17.0,186.0
45.7947,-20.0,184.0
45.7996,11.0,184.0
45.8049,62.0,184.0
45.8098,-55.0,186.0
45.8147,-70.0,186.0
45.8196,56.0,188.0
45.8246,50.0,186.0
45.8298,-10.0,186.0
45.8349,-21.0,186.0
45.8397,-66.0,188.0
45.8447,-12.0,188.0
45.8496,158.0,190.0
45.8547,60.0,190.0
45.8598,-225.0,192.0
45.8648,-101.0,192.0
45.8699,221.0,192.0
45.8747,104.0,192.0
45.8797,-156.0,190.0
45.8847,-61.0,190.0
45.8898,78.0,186.0
45.8948,-13.0,186.0
45.8997,-40.0,182.0
45.9046,83.0,182.0
45.9096,67.0,180.0
45.9146,-94.0,178.0
45.92,-133.0,180.0
45.9247,53.0,176.0
45.9297,194.0,178.0
45.9346,-34.0,176.0
45.9397,-254.0,178.0
45.9447,79.0,176.0
45.9497,322.0,178.0
45.9549,-162.0,178.0
45.9597,-367.0,182.0
45.9647,233.0,184.0
45.9696,359.0,188.0
45.9746,-235.0,190.0
45.9798,-301.0,194.0
45.9847,167.0,196.0
45.9896,198.0,200.0
45.9947,-127.0,200.0
45.9998,-79.0,200.0
46.0046,209.0,200.0
46.0098,16.0,200.0
46.0149,-368.0,202.0
46.0196,-68.0,204.0
46.0246,407.0,206.0
46.0296,173.0,208.0
46.0348,-190.0,210.0
46.0399,-169.0,214.0
46.045,-165.0,216.0
46.0498,-38.0,214.0
46.0546,371.0,220.0
46.0596,330.0,224.0
46.0651,-265.0,228.0
46.07,-433.0,234.0
46.0746,17.0,232.0
46.0796,245.0,236.0
46.0846,83.0,238.0
46.0896,18.0,238.0
46.0948,17.0,236.0
46.0997,-116.0,238.0
46.1047,-142.0,240.0
46.1096,23.0,238.0
46.1147,148.0,240.0
46.1198,123.0,242.0
46.1248,-40.0,242.0
46.13,-180.0,244.0
46.1346,-86.0,244.0
46.1396,77.0,246.0
46.1446,130.0,246.0
46.1507,120.0,248.0
46.1559,-41.0,246.0
46.1597,-241.0,250.0
46.1649,-124.0,250.0
46.1696,176.0,252.0
46.1751,253.0,256.0
46.1804,3.0,254.0
46.1852,-281.0,258.0
46.1898,-147.0,260.0
46.1949,258.0,262.0
46.2,201.0,264.0
46.2049,-253.0,266.0
46.2098,-204.0,268.0
46.2149,243.0,270.0
46.2197,180.0,272.0
46.2248,-183.0,274.0
46.2297,-121.0,276.0
46.2348,106.0,278.0
46.24,53.0,278.0
46.2446,-64.0,278.0
46.2496,-13.0,278.0
46.2547,69.0,278.0
46.2597,-10.0,276.0
46.2646,-126.0,274.0
46.2699,28.0,272.0
46.2746,216.0,270.0
46.2796,-9.0,266.0
46.2847,-276.0,266.0
46.2897,-51.0,262.0
46.2947,271.0,266.0
46.2997,113.0,266.0
46.3047,-225.0,268.0
46.3098,-157.0,270.0
46.3146,147.0,272.0
46.3197,187.0,272.0
46.3248,-23.0,272.0
46.3297,-176.0,274.0
46.3348,-122.0,276.0
46.3396,97.0,274.0
46.3447,192.0,274.0
46.3499,0.0,272.0
46.3547,-130.0,272.0
46.36,-13.0,270.0
46.3646,12.0,268.0
46.3699,-61.0,268.0
46.3754,39.0,268.0
46.3796,107.0,268.0
46.3846,-29.0,266.0
46.3896,-49.0,266.0
46.3947,57.0,262.0
46.3999,-32.0,260.0
46.4051,-108.0,258.0
46.4097,42.0,258.0
46.4147,50.0,256.0
46.4197,-26.0,256.0
46.4246,112.0,256.0
46.4299,80.0,258.0
46.4348,-206.0,260.0
46.4397,-170.0,262.0
46.4447,133.0,264.0
46.4496,171.0,266.0
46.4546,3.0,264.0
46.4597,-57.0,264.0
46.4648,-51.0,264.0
46.4697,-53.0,266.0
46.4748,-12.0,266.0
46.4796,47.0,266.0
46.4846,66.0,266.0
46.4897,44.0,264.0
46.4946,-1.0,264.0
46.4997,-73.0,260.0
46.5048,-133.0,262.0
46.5096,-50.0,258.0
46.5146,186.0,260.0
46.5198,221.0,260.0
46.5248,-102.0,262.0
46.5297,-255.0,264.0
46.5345,9.0,264.0
46.5396,134.0,266.0
46.5448,-37.0,266.0
46.5499,-7.0,264.0
46.555,139.0,264.0
46.5599,-36.0,264.0
46.5646,-197.0,266.0
46.5698,14.0,262.0
46.5748,214.0,266.0
46.58,66.0,262.0
46.585,-238.0,266.0
46.5896,-208.0,264.0
46.5946,220.0,264.0
46.5999,309.0,264.0
46.6047,-125.0,262.0
46.61,-253.0,260.0
46.6148,33.0,256.0
46.6198,77.0,254.0
46.6246,-17.0,250.0
46.6297,71.0,248.0
46.6349,39.0,248.0
46.6399,-111.0,248.0
46.6453,-36.0,246.0
46.6498,86.0,246.0
46.6548,3.0,240.0
46.6596,-75.0,240.0
46.6654,8.0,234.0
46.6695,79.0,234.0
46.6747,22.0,230.0
46.6798,-33.0,228.0
46.6852,-40.0,226.0
46.6899,-59.0,226.0
46.695,-6.0,222.0
46.6996,119.0,218.0
46.705,83.0,214.0
46.71,-106.0,210.0
46.7154,-113.0,212.0
46.7204,58.0,208.0
46.7251,67.0,208.0
46.73,0.0,208.0
46.7348,35.0,208.0
46.7399,-85.0,208.0
46.7449,-179.0,208.0
46.7505,178.0,210.0
46.7559,339.0,214.0
46.7597,-203.0,214.0
46.7649,-437.0,222.0
46.7699,142.0,220.0
46.7751,403.0,226.0
46.7799,-75.0,226.0
46.7848,-292.0,228.0
46.7898,42.0,226.0
46.7948,203.0,230.0
46.7998,7.0,226.0
46.8051,-122.0,226.0
46.8097,-86.0,224.0
46.8149,-29.0,220.0
46.8196,94.0,222.0
46.8249,204.0,220.0
46.8297,43.0,220.0
46.8355,-243.0,220.0
46.8397,-227.0,220.0
46.8448,93.0,216.0
46.8498,266.0,218.0
46.8548,111.0,216.0
46.8599,-80.0,214.0
46.8652,-176.0,214.0
46.8711,-192.0,216.0
46.8746,52.0,214.0
46.8799,338.0,218.0
46.8849,109.0,220.0
46.8899,-306.0,224.0
46.8952,-147.0,226.0
46.9002,220.0,228.0
46.9049,66.0,228.0
46.9099,-178.0,230.0
46.915,23.0,228.0
46.9197,172.0,230.0
46.9246,-58.0,226.0
46.9302,-178.0,228.0
46.9349,59.0,224.0
46.9396,187.0,226.0
46.9448,-90.0,224.0
46.9504,-198.0,224.0
46.9552,177.0,226.0
46.9599,220.0,226.0
46.9649,-242.0,230.0
46.9699,-248.0,230.0
46.9752,191.0,232.0
46.9798,227.0,234.0
46.9847,-64.0,232.0
46.9898,-134.0,234.0
46.9946,-16.0,232.0
46.9999,42.0,232.0
47.005,28.0,232.0
47.0101,-25.0,232.0
47.0149,-40.0,232.0
47.0198,47.0,230.0
47.0246,61.0,232.0
47.03,-58.0,232.0
47.0348,-43.0,232.0
47.0401,69.0,232.0
47.0451,-4.0,230.0
47.0499,-69.0,230.0
47.0549,50.0,230.0
47.0599,15.0,230.0
47.0653,-111.0,230.0
47.0696,48.0,230.0
47.0751,185.0,230.0
47.08,-29.0,228.0
47.0851,-206.0,228.0
47.09,-63.0,226.0
47.0946,148.0,230.0
47.0996,150.0,230.0
47.1049,-65.0,230.0
47.1096,-160.0,232.0
47.1147,4.0,232.0
47.1198,54.0,232.0
47.125,11.0,232.0
47.1296,122.0,232.0
47.135,19.0,234.0
47.1397,-241.0,236.0
47.1447,-46.0,234.0
47.1501,250.0,238.0
47.155,21.0,234.0
47.1599,-212.0,234.0
47.1646,19.0,234.0
47.1696,174.0,232.0
47.1753,-20.0,232.0
47.1797,-118.0,232.0
47.1847,-18.0,232.0
47.1896,30.0,232.0
47.1946,53.0,230.0
47.1996,58.0,232.0
47.2067,-40.0,228.0
47.2096,-98.0,230.0
47.2148,-22.0,228.0
47.2196,64.0,226.0
47.2246,66.0,224.0
47.2296,10.0,222.0
47.2349,-7.0,218.0
47.2406,-43.0,214.0
47.2451,-121.0,214.0
47.2496,-33.0,210.0
47.2548,181.0,212.0
47.2596,162.0,214.0
47.2646,-83.0,214.0
47.2697,-219.0,218.0
47.2746,-81.0,218.0
47.2796,186.0,220.0
47.2846,160.0,220.0
47.2896,-179.0,222.0
47.295,-137.0,224.0
47.2998,249.0,228.0
47.3046,123.0,230.0
47.3096,-298.0,232.0
47.3149,-145.0,234.0
47.3196,245.0,238.0
47.325,130.0,240.0
47.33,-157.0,240.0
47.3347,-62.0,242.0
47.3396,132.0,242.0
47.3448,19.0,240.0
47.3498,-150.0,242.0
47.3547,-38.0,240.0
47.3598,124.0,242.0
47.3646,63.0,242.0
47.3696,-29.0,242.0
47.3747,-20.0,242.0
47.3797,-43.0,240.0
47.3846,-74.0,240.0
47.39,4.0,236.0
47.3946,106.0,232.0
47.3996,97.0,232.0
47.4046,-6.0,224.0
47.41,-102.0,224.0
47.4149,-129.0,220.0
47.4196,-37.0,218.0
47.4246,136.0,216.0
47.4297,165.0,218.0
47.4349,-6.0,216.0
47.4399,-134.0,218.0
47.4447,-111.0,218.0
47.4497,9.0,216.0
47.4546,120.0,218.0
47.4597,43.0,216.0
47.4648,-51.0,214.0
47.4696,21.0,214.0
47.4748,-44.0,210.0
47.4796,-135.0,210.0
47.4846,126.0,210.0
47.4899,220.0,210.0
47.4948,-133.0,210.0
47.4997,-211.0,212.0
47.5046,61.0,210.0
47.5097,103.0,208.0
47.5147,16.0,208.0
47.5198,18.0,202.0
47.5247,-66.0,202.0
47.5296,-88.0,198.0
47.5346,105.0,198.0
47.5396,120.0,196.0
47.5448,-120.0,198.0
47.5498,-118.0,196.0
47.5546,98.0,198.0
47.5596,68.0,196.0
47.5649,-74.0,196.0
47.5697,1.0,194.0
47.5747,82.0,194.0
47.5796,-38.0,192.0
47.5846,-101.0,192.0
47.5896,42.0,190.0
47.5946,91.0,188.0
47.5996,-55.0,186.0
47.6047,-25.0,182.0
47.6096,95.0,180.0
47.6146,-110.0,178.0
47.6197,-135.0,176.0
47.6246,279.0,180.0
47.6296,148.0,180.0
47.6347,-395.0,186.0
47.6396,-134.0,188.0
47.6446,384.0,194.0
47.6497,91.0,194.0
47.6546,-258.0,198.0
47.6596,2.0,196.0
47.6649,114.0,198.0
47.6698,-130.0,198.0
47.6748,-40.0,198.0
47.6797,238.0,202.0
47.6847,60.0,202.0
47.6897,-274.0,206.0
47.6949,-141.0,206.0
47.6996,201.0,210.0
47.7047,190.0,212.0
47.7097,-43.0,210.0
47.7146,-118.0,210.0
47.7196,-73.0,210.0
47.7247,-23.0,208.0
47.7296,54.0,208.0
47.7346,85.0,206.0
47.7395,33.0,204.0
47.7446,-12.0,204.0
47.7498,-51.0,202.0
47.7547,-90.0,204.0
47.7597,-17.0,204.0
47.7646,114.0,204.0
47.7695,68.0,204.0
47.7746,-95.0,206.0
47.7797,-58.0,202.0
47.7846,117.0,204.0
47.7897,63.0,200.0
47.7947,-146.0,202.0
47.7998,-127.0,200.0
47.805,82.0,202.0
47.8096,157.0,202.0
47.8146,45.0,202.0
47.8196,-62.0,202.0
47.8247,-84.0,202.0
47.8296,-85.0,204.0
47.8349,-5.0,202.0
47.8397,144.0,204.0
47.8446,96.0,204.0
47.8496,-94.0,204.0
47.8547,-83.0,206.0
47.8597,25.0,204.0
47.8647,-1.0,204.0
47.8697,-2.0,204.0
47.8746,71.0,204.0
47.8797,40.0,204.0
47.8846,-49.0,204.0
47.8897,-109.0,204.0
47.8948,-103.0,204.0
47.8996,121.0,202.0
47.9046,320.0,206.0
47.9096,-2.0,204.0
47.9148,-424.0,208.0
47.9197,-174.0,208.0
47.9246,300.0,210.0
47.9295,237.0,212.0
47.9349,-60.0,210.0
47.9398,-116.0,208.0
47.9446,-73.0,208.0
47.9498,-46.0,204.0
47.9546,29.0,202.0
47.9601,78.0,200.0
47.9652,51.0,198.0
47.9697,5.0,196.0
47.9749,-51.0,196.0
47.9796,-51.0,194.0
47.9847,7.0,194.0
47.9897,-4.0,192.0
47.9948,5.0,190.0
47.9996,77.0,190.0
48.0047,-5.0,190.0
48.0096,-90.0,190.0
48.0147,40.0,190.0
48.0196,60.0,190.0
48.0246,-93.0,192.0
48.0296,-21.0,192.0
48.0348,110.0,192.0
48.0396,-18.0,190.0
48.0446,-84.0,192.0
48.0496,47.0,190.0
48.0546,60.0,190.0
48.0597,-53.0,190.0
48.0646,-65.0,188.0
48.0696,37.0,186.0
48.0746,81.0,188.0
48.0796,-16.0,186.0
48.0845,-94.0,186.0
48.0897,2.0,186.0
48.0946,106.0,186.0
48.0996,6.0,184.0
48.1047,-97.0,186.0
48.1096,18.0,186.0
48.1146,36.0,186.0
48.1197,-102.0,184.0
48.1246,40.0,184.0
48.1297,208.0,184.0
48.1346,-57.0,182.0
48.1397,-246.0,182.0
48.1447,-4.0,182.0
48.1497,173.0,182.0
48.1546,67.0,184.0
48.1596,-58.0,184.0
48.1647,-55.0,184.0
48.1696,24.0,184.0
48.1747,13.0,182.0
48.1796,-79.0,182.0
48.1846,-44.0,180.0
48.1897,98.0,180.0
48.1947,128.0,180.0
48.2,-22.0,180.0
48.2047,-155.0,180.0
48.2096,-62.0,182.0
48.2146,107.0,182.0
48.2197,70.0,182.0
48.2246,-66.0,182.0
48.2296,-46.0,182.0
48.2346,62.0,182.0
48.2396,69.0,182.0
48.2446,-50.0,182.0
48.2496,-121.0,182.0
48.2546,0.0,180.0
48.2599,119.0,180.0
48.2646,36.0,176.0
48.2696,-44.0,176.0
48.2747,25.0,170.0
48.2796,-22.0,168.0
48.2846,-177.0,164.0
48.2896,-1.0,162.0
48.2947,284.0,164.0
48.2997,76.0,164.0
48.3046,-234.0,166.0
48.3096,-74.0,166.0
48.3145,95.0,166.0
48.3196,-43.0,164.0
48.3246,-23.0,162.0
48.3296,153.0,160.0
48.3346,75.0,160.0
48.3396,-142.0,158.0
48.3447,-167.0,158.0
48.3495,39.0,158.0
48.3548,194.0,160.0
48.3597,42.0,160.0
48.3646,-140.0,162.0
48.3696,-47.0,160.0
48.3751,59.0,160.0
48.3796,5.0,160.0
48.3846,-2.0,160.0
48.3896,30.0,160.0
48.3946,-5.0,158.0
48.3997,-23.0,158.0
48.4047,-27.0,156.0
48.4096,-4.0,156.0
48.4146,57.0,156.0
48.4196,-22.0,154.0
48.4246,-73.0,154.0
48.4296,135.0,156.0
48.4347,116.0,154.0
48.4397,-242.0,156.0
48.4448,-187.0,158.0
48.4496,235.0,160.0
48.4548,203.0,162.0
48.4597,-142.0,164.0
48.4646,-108.0,164.0
48.4696,83.0,164.0
48.4747,-35.0,164.0
48.4797,-94.0,164.0
48.4846,113.0,164.0
48.4896,78.0,164.0
48.4946,-92.0,164.0
48.4997,27.0,164.0
48.5048,28.0,164.0
48.5096,-147.0,166.0
48.5146,17.0,166.0
48.5198,173.0,168.0
48.5248,-38.0,168.0
48.5298,-113.0,168.0
48.5348,44.0,166.0
48.5396,38.0,164.0
48.5448,-24.0,160.0
48.5498,23.0,160.0
48.5547,-22.0,154.0
48.5598,-90.0,154.0
48.5648,49.0,150.0
48.5697,158.0,148.0
48.5747,-13.0,148.0
48.5799,-184.0,148.0
48.5847,-57.0,148.0
48.5898,140.0,150.0
48.5947,81.0,150.0
48.5997,-74.0,150.0
48.6047,-31.0,150.0
48.6098,68.0,150.0
48.6149,-23.0,150.0
48.6196,-109.0,152.0
48.6246,18.0,152.0
48.6296,113.0,154.0
48.6347,22.0,154.0
48.6396,-53.0,154.0
48.6446,-41.0,154.0
48.6496,-21.0,152.0
48.6546,23.0,152.0
48.6596,62.0,152.0
48.6647,16.0,152.0
48.6699,-51.0,152.0
48.6747,-40.0,150.0
48.6797,14.0,150.0
48.6849,21.0,150.0
48.6896,7.0,148.0
48.6946,43.0,148.0
48.6996,5.0,148.0
48.7047,-130.0,148.0
48.7097,-46.0,150.0
48.7146,182.0,150.0
48.7196,75.0,152.0
48.7247,-155.0,152.0
48.7295,-46.0,154.0
48.7346,100.0,154.0
48.7396,-1.0,152.0
48.7446,-63.0,152.0
48.7495,-37.0,152.0
48.7547,-21.0,152.0
48.7596,158.0,154.0
48.7645,191.0,156.0
48.7697,-243.0,156.0
48.7747,-312.0,160.0
48.7796,257.0,160.0
48.7846,264.0,164.0
48.7897,-271.0,166.0
48.7946,-107.0,166.0
48.7996,308.0,170.0
48.8046,-37.0,170.0
48.8098,-313.0,174.0
48.8147,116.0,176.0
48.8196,257.0,180.0
48.8247,-143.0,180.0
48.8297,-168.0,182.0
48.8346,178.0,182.0
48.8396,100.0,184.0
48.8446,-269.0,186.0
48.8496,-109.0,186.0
48.8547,364.0,190.0
48.8596,199.0,192.0
48.8646,-365.0,198.0
48.8697,-290.0,200.0
48.8746,265.0,204.0
48.8796,293.0,208.0
48.8847,-155.0,210.0
48.8897,-196.0,210.0
48.8946,108.0,212.0
48.8996,79.0,212.0
48.9046,-118.0,212.0
48.9096,-28.0,212.0
48.9146,132.0,214.0
48.9197,26.0,214.0
48.9247,-123.0,214.0
48.9296,1.0,214.0
48.9348,131.0,210.0
48.9397,-45.0,210.0
48.9447,-188.0,210.0
48.9496,31.0,210.0
48.9555,250.0,212.0
48.9596,49.0,212.0
48.9648,-255.0,216.0
48.9697,-134.0,214.0
48.9747,210.0,218.0
48.9798,182.0,218.0
48.9847,-164.0,218.0
48.9897,-203.0,220.0
48.9949,117.0,218.0
48.9998,188.0,222.0
49.0047,-52.0,220.0
49.0099,-112.0,220.0
49.0147,9.0,220.0
49.0196,2.0,220.0
49.0246,-33.0,220.0
49.0297,56.0,220.0
49.0346,100.0,222.0
49.0396,-24.0,222.0
49.0447,-139.0,224.0
49.0497,-31.0,224.0
49.0546,128.0,226.0
49.0596,34.0,226.0
49.0645,-111.0,226.0
49.0696,0.0,224.0
49.0746,114.0,224.0
49.0795,-2.0,220.0
49.0847,-109.0,220.0
49.0895,-31.0,216.0
49.0947,75.0,214.0
49.0996,57.0,212.0
49.1047,-37.0,212.0
49.1096,-47.0,212.0
49.1146,26.0,212.0
49.1195,20.0,210.0
49.1246,-40.0,208.0
49.1295,12.0,208.0
49.1346,63.0,208.0
49.1395,-66.0,208.0
49.1446,-103.0,210.0
49.1498,133.0,208.0
49.1549,174.0,212.0
49.1597,-159.0,212.0
49.1646,-241.0,214.0
49.1696,109.0,214.0
49.1748,241.0,218.0
49.1797,-30.0,218.0
49.185,-152.0,220.0
49.1899,5.0,218.0
49.1947,49.0,220.0
49.1996,-49.0,218.0
49.2049,-35.0,218.0
49.2098,83.0,218.0
49.2147,118.0,218.0
49.2196,-42.0,216.0
49.2246,-189.0,218.0
49.2298,-34.0,218.0
49.2348,152.0,218.0
49.2397,58.0,218.0
49.2447,-44.0,218.0
49.2497,3.0,218.0
49.2547,-23.0,218.0
49.2597,-92.0,216.0
49.265,2.0,216.0
49.2696,128.0,216.0
49.2746,70.0,218.0
49.2796,-92.0,218.0
49.2851,-128.0,220.0
49.2898,19.0,220.0
49.2946,138.0,222.0
49.2997,43.0,222.0
49.3047,-114.0,222.0
49.3096,-67.0,222.0
49.3146,88.0,224.0
49.3196,54.0,224.0
49.3247,-68.0,224.0
49.3296,-16.0,226.0
49.3349,42.0,226.0
49.3396,-43.0,226.0
49.3447,-18.0,224.0
49.3496,120.0,226.0
49.3546,31.0,222.0
49.3596,-176.0,224.0
49.3645,-80.0,224.0
49.3696,149.0,224.0
49.3748,87.0,224.0
49.3798,-41.0,226.0
49.3846,18.0,224.0
49.3898,-46.0,224.0
49.3947,-170.0,226.0
49.3999,29.0,224.0
49.4052,217.0,226.0
49.4099,38.0,222.0
49.4146,-125.0,220.0
49.4196,-52.0,216.0
49.4246,7.0,212.0
49.4296,11.0,208.0
49.4346,34.0,206.0
49.4397,11.0,202.0
49.4448,-4.0,202.0
49.4499,9.0,196.0
49.4549,-51.0,196.0
49.4597,-32.0,192.0
49.4647,107.0,192.0
49.47,29.0,190.0
49.4746,-143.0,190.0
49.4796,-14.0,188.0
49.4846,135.0,186.0
49.49,-3.0,184.0
49.4947,-85.0,180.0
49.4998,36.0,178.0
49.5047,23.0,172.0
49.5098,-102.0,168.0
49.5147,15.0,164.0
49.5198,190.0,164.0
49.5248,-19.0,162.0
49.5297,-262.0,162.0
49.5346,-9.0,160.0
49.5396,264.0,164.0
49.5447,51.0,162.0
49.5499,-158.0,164.0
49.5547,-58.0,164.0
49.5596,-8.0,164.0
49.5646,0.0,162.0
49.5696,107.0,162.0
49.5747,70.0,162.0
49.5797,-78.0,162.0
49.5846,-70.0,160.0
49.5896,7.0,160.0
49.5947,13.0,156.0
49.5996,0.0,156.0
49.605,3.0,152.0
49.6096,35.0,150.0
49.6147,52.0,148.0
49.6196,-33.0,146.0
49.6246,-78.0,144.0
49.6296,7.0,140.0
49.6348,-30.0,140.0
49.6396,-51.0,138.0
49.6447,217.0,140.0
49.6496,179.0,142.0
49.6548,-323.0,146.0
49.6595,-277.0,150.0
49.6646,285.0,154.0
49.6696,254.0,158.0
49.6746,-162.0,158.0
49.6796,-140.0,160.0
49.6846,31.0,158.0
49.6895,21.0,158.0
49.6946,67.0,158.0
49.6998,40.0,158.0
49.7048,-103.0,158.0
49.7096,-25.0,158.0
49.7146,76.0,158.0
49.7197,-48.0,158.0
49.7248,-39.0,156.0
49.7299,111.0,158.0
49.7348,31.0,158.0
49.7396,-91.0,158.0
49.7446,-22.0,158.0
49.7498,25.0,158.0
49.7549,-13.0,158.0
49.7596,0.0,156.0
49.7646,34.0,156.0
49.7696,30.0,156.0
49.7746,-19.0,156.0
49.7799,-71.0,156.0
49.7847,-3.0,154.0
49.7909,85.0,154.0
49.7947,13.0,152.0
49.7996,-46.0,150.0
49.8046,8.0,146.0
49.8096,-36.0,144.0
49.8147,-77.0,142.0
49.8197,95.0,144.0
49.8246,145.0,144.0
49.8296,-92.0,144.0
49.8347,-154.0,146.0
49.8397,62.0,146.0
49.8446,131.0,148.0
49.8497,-15.0,146.0
49.8547,-121.0,146.0
49.8596,-69.0,148.0
49.8647,87.0,146.0
49.8698,144.0,148.0
49.8747,7.0,146.0
49.8796,-135.0,146.0
49.8846,-115.0,148.0
49.8896,56.0,148.0
49.8948,181.0,150.0
49.8997,14.0,150.0
49.9048,-202.0,152.0
49.9096,-26.0,152.0
49.9146,195.0,154.0
49.9196,-34.0,152.0
49.9248,-186.0,154.0
49.9298,122.0,154.0
49.9346,190.0,156.0
49.9396,-147.0,158.0
49.9448,-153.0,158.0
49.9499,82.0,158.0
49.9547,19.0,156.0
49.9597,10.0,156.0
49.9646,150.0,158.0
49.9697,-64.0,158.0
49.9754,-232.0,162.0
49.9796,78.0,162.0
49.9851,184.0,164.0
49.9898,-85.0,164.0
49.9947,-81.0,164.0
49.9996,92.0,164.0
50.0046,26.0,162.0
0.0004,159.0,224.0
0.0006,-19.0,224.0
0.0008,-104.0,222.0
0.001,55.0,224.0
0.0011,35.0,224.0
0.0013,-51.0,224.0
0.0014,48.0,224.0
0.0016,-18.0,224.0
0.0017,-169.0,226.0
0.0019,80.0,226.0
0.0021,285.0,228.0
0.0022,-82.0,228.0
0.0024,-330.0,228.0
0.0025,40.0,226.0
0.0028,291.0,226.0
0.0029,44.0,224.0
0.0031,-167.0,226.0
0.0033,-155.0,228.0
0.0034,-19.0,228.0
0.0036,197.0,228.0
0.0038,170.0,228.0
0.004,-137.0,226.0
0.0042,-213.0,226.0
0.0044,52.0,226.0
0.0047,195.0,224.0
0.0049,20.0,224.0
0.0052,-192.0,222.0
0.0055,-118.0,224.0
0.0057,183.0,222.0
0.006,225.0,224.0
0.0063,-125.0,222.0
0.0065,-275.0,224.0
0.0067,48.0,222.0
0.0069,221.0,224.0
0.0071,-18.0,222.0
0.0073,-84.0,224.0
0.0074,39.0,224.0
0.0076,-62.0,224.0
0.0078,-45.0,224.0
0.008,178.0,226.0
0.0081,6.0,224.0
0.0083,-277.0,226.0
0.0084,27.0,224.0
0.0086,329.0,228.0
0.0087,-25.0,226.0
0.0089,-277.0,228.0
0.0091,48.0,228.0
0.0092,159.0,226.0
0.0094,-143.0,228.0
0.0096,-104.0,224.0
0.0107,225.0,226.0
0.0111,139.0,222.0
0.0114,-186.0,224.0
0.0116,-119.0,222.0
0.0117,98.0,222.0
0.0119,-20.0,218.0
0.0122,-110.0,218.0
0.0123,84.0,218.0
0.0125,196.0,220.0
0.0127,106.0,220.0
0.0128,-185.0,222.0
0.013,-448.0,226.0
0.0132,19.0,226.0
0.0133,697.0,232.0
0.0135,173.0,234.0
0.0137,-724.0,242.0
0.0138,-235.0,244.0
0.014,567.0,250.0
0.0142,111.0,248.0
0.0144,-373.0,252.0
0.0145,99.0,250.0
0.0147,265.0,254.0
0.0148,-221.0,254.0
0.015,-218.0,256.0
0.0152,203.0,256.0
0.0153,144.0,258.0
0.0155,-164.0,258.0
0.0157,-29.0,256.0
0.0158,208.0,258.0
0.0161,-72.0,258.0
0.0164,-280.0,262.0
0.0166,132.0,262.0
0.0168,281.0,266.0
0.017,-169.0,268.0
0.0172,-210.0,272.0
0.0174,192.0,274.0
0.0176,104.0,274.0
0.0177,-172.0,276.0
0.0179,27.0,278.0
0.0181,118.0,278.0
0.0182,-138.0,280.0
0.0184,-77.0,278.0
0.0186,169.0,280.0
0.0187,44.0,280.0
0.0189,-141.0,282.0
0.0191,-11.0,280.0
0.0192,102.0,280.0
0.0193,6.0,280.0
0.0195,-77.0,278.0
0.0197,-17.0,280.0
0.0199,71.0,278.0
0.02,9.0,278.0
0.0201,-36.0,276.0
0.0203,27.0,274.0
0.0204,-54.0,272.0
0.0206,-83.0,274.0
0.0208,110.0,274.0
0.0209,112.0,274.0
0.0211,-62.0,274.0
0.0212,-75.0,272.0
0.0214,-18.0,272.0
0.0215,25.0,266.0
0.0217,42.0,266.0
0.0218,-28.0,262.0
0.022,-39.0,264.0
0.0223,63.0,262.0
0.0224,61.0,264.0
0.0226,-76.0,264.0
0.0229,-79.0,264.0
0.0231,95.0,264.0
0.0233,85.0,264.0
0.0236,-156.0,264.0
0.0237,-129.0,264.0
0.0239,201.0,268.0
0.0241,203.0,270.0
0.0243,-156.0,272.0
0.0245,-243.0,274.0
0.0246,59.0,274.0
0.0248,254.0,276.0
0.025,-41.0,276.0
0.0253,-325.0,280.0
0.0255,175.0,282.0
0.0257,514.0,290.0
0.0258,-328.0,294.0
0.026,-731.0,304.0
0.0262,252.0,308.0
0.0263,785.0,318.0
0.0265,58.0,318.0
0.0266,-588.0,322.0
0.0268,-292.0,326.0
0.027,279.0,324.0
0.0271,235.0,328.0
0.0273,-125.0,324.0
0.0275,-49.0,326.0
0.0277,194.0,326.0
0.0279,-10.0,324.0
0.0281,-272.0,328.0
0.0283,-41.0,324.0
0.0285,220.0,326.0
0.0287,46.0,324.0
0.0288,-151.0,324.0
0.029,-4.0,322.0
0.0292,165.0,322.0
0.0297,34.0,322.0
0.0299,-200.0,322.0
0.0301,-176.0,324.0
0.0302,174.0,322.0
0.0305,352.0,324.0
0.0307,-65.0,324.0
0.0308,-428.0,326.0
0.031,-97.0,328.0
0.0312,314.0,328.0
0.0313,206.0,332.0
0.0315,-74.0,332.0
0.0317,-145.0,334.0
0.0319,-118.0,334.0
0.032,-46.0,334.0
0.0322,134.0,334.0
0.0323,178.0,336.0
0.0325,0.0,332.0
0.0327,-124.0,334.0
0.0329,-169.0,330.0
0.033,-37.0,330.0
0.0332,327.0,332.0
0.0334,159.0,334.0
0.0337,-468.0,338.0
0.0342,-193.0,338.0
0.0344,513.0,346.0
0.0347,131.0,344.0
0.0349,-404.0,348.0
0.0352,50.0,346.0
0.0354,254.0,348.0
0.0356,-303.0,352.0
0.0359,-235.0,354.0
0.0361,485.0,360.0
0.0363,346.0,364.0
0.0365,-478.0,368.0
0.0367,-428.0,374.0
0.0369,297.0,376.0
0.0371,356.0,374.0
0.0372,-99.0,376.0
0.0374,-193.0,368.0
0.0375,45.0,366.0
0.0378,130.0,356.0
0.038,-112.0,354.0
0.0382,-232.0,350.0
0.0383,118.0,350.0
0.0385,318.0,348.0
0.0386,-4.0,346.0
0.0388,-209.0,346.0
0.0389,-84.0,344.0
0.0391,-1.0,340.0
0.0392,54.0,338.0
0.0394,77.0,338.0
0.0395,-13.0,334.0
0.0397,28.0,334.0
0.0398,80.0,332.0
0.04,-118.0,334.0
0.0402,-179.0,332.0
0.0406,27.0,330.0
0.0411,154.0,328.0
0.0414,187.0,328.0
0.0418,34.0,326.0
0.0423,-337.0,328.0
0.0426,-301.0,332.0
0.0428,290.0,334.0
0.043,484.0,340.0
0.0431,-66.0,340.0
0.0433,-421.0,344.0
0.0435,-161.0,346.0
0.0436,129.0,344.0
0.0438,211.0,348.0
0.044,161.0,348.0
0.0442,-114.0,350.0
0.0444,-256.0,352.0
0.0445,62.0,352.0
0.0447,177.0,354.0
0.0448,-129.0,356.0
0.045,-59.0,356.0
0.0452,238.0,360.0
0.0453,-12.0,358.0
0.0455,-307.0,364.0
0.0456,43.0,362.0
0.0458,305.0,366.0
0.0459,-76.0,366.0
0.0462,-244.0,368.0
0.0464,117.0,368.0
0.0467,157.0,370.0
0.0469,-141.0,372.0
0.0472,-110.0,374.0
0.0474,100.0,374.0
0.0476,175.0,376.0
0.0478,56.0,376.0
0.048,-299.0,380.0
0.0482,-282.0,384.0
0.0484,328.0,388.0
0.0486,412.0,392.0
0.0488,-227.0,396.0
0.0489,-350.0,400.0
0.0491,100.0,398.0
0.0494,186.0,400.0
0.0497,-17.0,396.0
0.0499,-64.0,394.0
0.0502,-54.0,392.0
0.0503,2.0,388.0
0.0506,138.0,390.0
0.0507,60.0,388.0
0.0509,-180.0,390.0
0.0511,-86.0,386.0
0.0512,175.0,386.0
0.0514,2.0,378.0
0.0515,-206.0,376.0
0.0517,113.0,366.0
0.0519,273.0,366.0
0.052,-122.0,356.0
0.0522,-264.0,360.0
0.0524,31.0,350.0
0.0526,143.0,348.0
0.0528,27.0,344.0
0.0531,-34.0,340.0
0.0534,-8.0,340.0
0.0536,62.0,340.0
0.0537,9.0,336.0
0.0539,-197.0,340.0
0.0541,-73.0,336.0
0.0542,307.0,340.0
0.0544,119.0,338.0
0.0545,-326.0,344.0
0.0547,-100.0,342.0
0.0549,284.0,346.0
0.0551,65.0,346.0
0.0552,-197.0,348.0
0.0554,-46.0,346.0
0.0555,37.0,344.0
0.0557,29.0,340.0
0.0559,151.0,338.0
0.056,-23.0,338.0
0.0562,-241.0,334.0
0.0563,78.0,334.0
0.0565,188.0,332.0
0.0567,-195.0,332.0
0.0568,-88.0,332.0
0.057,277.0,334.0
0.0571,17.0,332.0
0.0573,-236.0,336.0
0.0575,60.0,334.0
0.0576,116.0,334.0
0.0578,-196.0,336.0
0.058,-53.0,336.0
0.0581,311.0,338.0
0.0583,93.0,338.0
0.0585,-275.0,338.0
0.0587,-127.0,338.0
0.059,114.0,332.0
0.0592,72.0,330.0
0.0596,0.0,322.0
0.0598,-27.0,320.0
0.0599,11.0,314.0
0.0601,106.0,314.0
0.0603,-70.0,312.0
0.0604,-241.0,310.0
0.0606,100.0,308.0
0.0607,300.0,306.0
0.061,-102.0,302.0
0.0612,-248.0,298.0
0.0613,95.0,294.0
0.0614,129.0,290.0
0.0616,-91.0,286.0
0.0617,-4.0,286.0
0.0619,101.0,284.0
0.062,-60.0,284.0
0.0622,-97.0,284.0
0.0623,34.0,282.0
0.0625,29.0,278.0
0.0627,55.0,278.0
0.0628,93.0,274.0
0.063,-134.0,276.0
0.0632,-177.0,276.0
0.0633,126.0,276.0
0.0635,132.0,278.0
0.0636,-55.0,278.0
0.0638,30.0,278.0
0.0639,20.0,278.0
0.0641,-194.0,280.0
0.0644,-57.0,280.0
0.0646,232.0,282.0
0.0651,73.0,280.0
0.0656,-151.0,282.0
0.066,15.0,280.0
0.0663,80.0,278.0
0.0665,-154.0,280.0
0.0668,-100.0,276.0
0.067,249.0,276.0
0.0672,170.0,274.0
0.0674,-272.0,270.0
0.0676,-221.0,274.0
0.0678,210.0,270.0
0.068,239.0,272.0
0.0681,-62.0,270.0
0.0683,-217.0,270.0
0.0685,-106.0,270.0
0.0686,131.0,270.0
0.0689,174.0,268.0
0.0691,-33.0,268.0
0.0692,-104.0,266.0
0.0694,40.0,266.0
0.0695,40.0,264.0
0.0697,-145.0,264.0
0.0699,-135.0,266.0
0.07,180.0,264.0
0.0702,324.0,268.0
0.0703,-49.0,264.0
0.0706,-418.0,270.0
0.0708,-130.0,268.0
0.071,369.0,272.0
0.0712,187.0,272.0
0.0716,-300.0,274.0
0.0718,-120.0,274.0
0.072,292.0,278.0
0.0721,60.0,276.0
0.0723,-267.0,278.0
0.0725,-67.0,276.0
0.0726,125.0,272.0
0.0728,65.0,268.0
0.0729,77.0,264.0
0.073,18.0,260.0
0.0732,-187.0,258.0
0.0734,-137.0,258.0
0.0735,147.0,258.0
0.0737,177.0,260.0
0.0739,-48.0,260.0
0.0741,-123.0,260.0
0.0742,-6.0,262.0
0.0744,69.0,260.0
0.0745,-19.0,260.0
0.0747,-89.0,258.0
0.0748,109.0,258.0
0.075,185.0,258.0
0.0751,-176.0,262.0
0.0753,-314.0,262.0
0.0755,105.0,262.0
0.0756,376.0,264.0
0.0758,121.0,264.0
0.0759,-265.0,264.0
0.0761,-349.0,270.0
0.0763,29.0,268.0
0.0765,408.0,274.0
0.0767,144.0,276.0
0.077,-317.0,280.0
0.0773,-185.0,282.0
0.0776,206.0,284.0
0.0778,220.0,286.0
0.078,-102.0,286.0
0.0783,-315.0,286.0
0.0785,-59.0,284.0
0.0788,344.0,286.0
0.0791,241.0,288.0
0.0793,-202.0,286.0
0.0795,-298.0,290.0
0.0799,0.0,286.0
0.0801,185.0,288.0
0.0802,63.0,290.0
0.0805,-33.0,290.0
0.0807,51.0,288.0
0.0808,-17.0,288.0
0.081,-178.0,286.0
0.0813,-20.0,286.0
0.0829,179.0,286.0
0.0881,45.0,284.0
0.093,-84.0,284.0
0.0979,-12.0,280.0
0.1029,-23.0,280.0
0.108,-55.0,276.0
0.1131,107.0,278.0
0.1181,130.0,278.0
0.1231,-137.0,276.0
0.1289,-172.0,278.0
0.133,92.0,274.0
0.1382,147.0,276.0
0.1429,3.0,272.0
0.1481,-45.0,270.0
0.153,-74.0,270.0
0.1578,-87.0,270.0
0.163,59.0,270.0
0.1681,138.0,272.0
0.173,4.0,272.0
0.178,-34.0,272.0
0.1829,-9.0,270.0
0.1879,-157.0,268.0
0.1929,-114.0,270.0
0.1979,277.0,268.0
0.2031,313.0,272.0
0.2081,-204.0,272.0
0.213,-427.0,276.0
0.2183,-16.0,274.0
0.2231,348.0,278.0
0.2282,209.0,282.0
0.2331,-173.0,284.0
0.2381,-269.0,286.0
0.2432,52.0,286.0
0.2481,228.0,288.0
0.2534,-16.0,288.0
0.258,-129.0,290.0
0.263,38.0,288.0
0.2679,17.0,288.0
0.273,-103.0,286.0
0.2779,-6.0,284.0
0.2835,134.0,284.0
0.2881,143.0,286.0
0.293,-40.0,286.0
0.298,-303.0,290.0
0.303,-137.0,290.0
0.308,345.0,294.0
0.3131,230.0,294.0
0.318,-280.0,296.0
0.3229,-158.0,296.0
0.3279,201.0,300.0
0.3329,28.0,300.0
0.3382,-141.0,298.0
0.3433,13.0,298.0
0.348,42.0,294.0
0.353,57.0,292.0
0.3579,140.0,290.0
0.363,-137.0,290.0
0.3682,-335.0,292.0
0.3731,118.0,290.0
0.3782,394.0,294.0
0.3829,-27.0,292.0
0.3879,-256.0,294.0
0.3928,10.0,292.0
0.3981,69.0,290.0
0.4031,-132.0,292.0
0.4082,-55.0,290.0
0.4129,230.0,294.0
0.4179,224.0,296.0
0.4232,-108.0,296.0
0.4281,-354.0,300.0
0.4331,-168.0,300.0
0.4381,278.0,298.0
0.4429,320.0,302.0
0.448,-88.0,298.0
0.4532,-202.0,298.0
0.4581,-9.0,294.0
0.4631,-41.0,292.0
0.468,-40.0,286.0
0.4729,170.0,288.0
0.4779,84.0,284.0
0.4829,-109.0,286.0
0.4879,23.0,282.0
0.4931,2.0,280.0
0.4979,-213.0,282.0
0.5029,3.0,280.0
0.5081,297.0,284.0
0.5131,52.0,284.0
0.5181,-208.0,286.0
0.523,-54.0,284.0
0.5279,40.0,282.0
0.5328,-1.0,280.0
0.538,84.0,280.0
0.5431,28.0,278.0
0.548,-123.0,280.0
0.553,10.0,280.0
0.558,122.0,282.0
0.5631,-74.0,280.0
0.5682,-106.0,280.0
0.5731,145.0,280.0
0.5782,43.0,278.0
0.5831,-253.0,278.0
0.588,39.0,276.0
0.593,371.0,276.0
0.598,-58.0,274.0
0.603,-389.0,276.0
0.608,18.0,272.0
0.613,252.0,276.0
0.6179,-8.0,268.0
0.6231,-57.0,268.0
0.628,44.0,264.0
0.6331,-78.0,262.0
0.638,-40.0,260.0
0.643,155.0,258.0
0.648,-32.0,256.0
0.653,-230.0,256.0
0.6582,86.0,256.0
0.6632,281.0,256.0
0.668,-58.0,252.0
0.673,-261.0,254.0
0.6782,-1.0,248.0
0.683,193.0,252.0
0.6881,37.0,250.0
0.6931,-121.0,250.0
0.6979,-30.0,250.0
0.7029,54.0,250.0
0.7081,-62.0,250.0
0.713,-11.0,248.0
0.718,269.0,252.0
0.7231,66.0,250.0
0.7279,-448.0,256.0
0.733,-212.0,258.0
0.738,398.0,264.0
0.7435,274.0,268.0
0.7482,-175.0,270.0
0.753,-152.0,272.0
0.7579,31.0,270.0
0.7629,-7.0,268.0
0.7681,-68.0,266.0
0.773,41.0,266.0
0.7781,148.0,266.0
0.7829,18.0,266.0
0.7881,-117.0,266.0
0.7928,-41.0,266.0
0.7982,-32.0,266.0
0.8031,-5.0,264.0
0.8081,211.0,266.0
0.8129,66.0,266.0
0.818,-335.0,272.0
0.8232,-107.0,272.0
0.8282,372.0,276.0
0.834,112.0,276.0
0.838,-319.0,276.0
0.843,-43.0,272.0
0.8479,206.0,272.0
0.8532,-102.0,268.0
0.8582,-95.0,268.0
0.8629,217.0,266.0
0.8681,15.0,264.0
0.8729,-169.0,264.0
0.878,74.0,260.0
0.8829,2.0,260.0
0.8881,-211.0,260.0
0.8929,77.0,260.0
0.8979,305.0,264.0
0.9029,22.0,262.0
0.908,-226.0,266.0
0.9133,-138.0,266.0
0.9179,27.0,266.0
0.923,108.0,266.0
0.9279,92.0,266.0
0.9329,-18.0,266.0
0.9379,-69.0,262.0
0.943,55.0,260.0
0.9479,56.0,256.0
0.9529,-213.0,256.0
0.9579,-169.0,254.0
0.9629,305.0,256.0
0.9681,322.0,258.0
0.9731,-238.0,262.0
0.978,-355.0,264.0
0.9829,100.0,266.0
0.9879,220.0,268.0
0.9929,-24.0,268.0
0.9979,-19.0,266.0
1.003,41.0,266.0
1.0081,-120.0,262.0
1.0129,-78.0,262.0
1.0179,156.0,258.0
1.0232,55.0,258.0
1.0288,-116.0,256.0
1.0341,43.0,256.0
1.0381,79.0,256.0
1.0429,-145.0,256.0
1.0479,-97.0,258.0
1.0531,138.0,256.0
1.0581,108.0,254.0
1.0631,-24.0,252.0
1.0679,-35.0,248.0
1.0729,-74.0,246.0
1.078,-69.0,242.0
1.083,68.0,238.0
1.0882,95.0,238.0
1.0929,0.0,236.0
1.0979,-19.0,236.0
1.1029,-38.0,236.0
1.108,-118.0,238.0
1.113,1.0,234.0
1.1182,306.0,238.0
1.1231,109.0,238.0
1.1279,-492.0,246.0
1.133,-279.0,250.0
1.1392,513.0,254.0
1.1445,401.0,260.0
1.1479,-309.0,260.0
1.1529,-328.0,266.0
1.1584,53.0,262.0
1.1629,80.0,264.0
1.1688,90.0,264.0
1.1731,166.0,266.0
1.1785,-149.0,268.0
1.1829,-309.0,272.0
1.1886,201.0,274.0
1.1933,379.0,278.0
1.1982,-238.0,280.0
1.2032,-426.0,286.0
1.2081,202.0,288.0
1.2129,425.0,292.0
1.2179,-87.0,292.0
1.223,-328.0,294.0
1.228,-29.0,294.0
1.2331,187.0,290.0
1.238,84.0,292.0
1.244,-104.0,286.0
1.2488,-94.0,288.0
1.2531,76.0,286.0
1.258,72.0,286.0
1.2631,-38.0,286.0
1.2679,-8.0,286.0
1.273,-31.0,284.0
1.2782,-41.0,284.0
1.2832,151.0,284.0
1.288,22.0,284.0
1.293,-329.0,286.0
1.2979,12.0,284.0
1.3029,455.0,288.0
1.308,-23.0,286.0
1.3133,-401.0,290.0
1.3181,73.0,290.0
1.323,199.0,290.0
1.3279,-185.0,292.0
1.3329,-5.0,290.0
1.3382,262.0,294.0
1.3443,-88.0,296.0
1.348,-231.0,298.0
1.3529,102.0,300.0
1.3579,155.0,298.0
1.3629,-48.0,298.0
1.368,-97.0,292.0
1.373,-92.0,290.0
1.378,24.0,284.0
1.3829,242.0,284.0
1.388,66.0,282.0
1.393,-285.0,284.0
1.398,-100.0,284.0
1.4029,217.0,288.0
1.408,63.0,288.0
1.4129,-107.0,290.0
1.4179,12.0,286.0
1.4229,12.0,286.0
1.4283,-129.0,286.0
1.4328,5.0,286.0
1.438,241.0,290.0
1.4439,98.0,292.0
1.4479,-229.0,292.0
1.4531,-262.0,294.0
1.4581,53.0,290.0
1.4632,326.0,294.0
1.468,145.0,290.0
1.4731,-211.0,292.0
1.4781,-175.0,290.0
1.4835,48.0,290.0
1.4884,27.0,286.0
1.4929,-18.0,286.0
1.4979,101.0,286.0
1.5032,82.0,284.0
1.5078,-58.0,284.0
1.5135,-39.0,282.0
1.5184,-53.0,282.0
1.5232,-138.0,284.0
1.5282,35.0,280.0
1.5331,224.0,284.0
1.5382,84.0,280.0
1.5437,-78.0,280.0
1.5491,-74.0,278.0
1.5535,-116.0,278.0
1.5583,-79.0,278.0
1.5631,144.0,280.0
1.5686,146.0,280.0
1.5733,-86.0,282.0
1.5788,-66.0,282.0
1.5829,111.0,282.0
1.5881,15.0,282.0
1.5938,-164.0,280.0
1.5982,-58.0,278.0
1.6036,95.0,276.0
1.6082,50.0,272.0
1.6131,37.0,268.0
1.6181,77.0,264.0
1.6234,-45.0,262.0
1.6293,-154.0,262.0
1.6337,-53.0,262.0
1.6384,39.0,262.0
1.6431,50.0,262.0
1.6481,129.0,262.0
1.6533,111.0,264.0
1.6589,-141.0,264.0
1.6631,-258.0,266.0
1.6679,1.0,264.0
1.673,240.0,268.0
1.6782,131.0,268.0
1.6833,-68.0,268.0
1.6882,-136.0,268.0
1.6935,-139.0,268.0
1.6987,10.0,266.0
1.703,237.0,270.0
1.7081,144.0,272.0
1.7132,-176.0,274.0
1.7186,-202.0,276.0
1.7234,58.0,274.0
1.7278,156.0,276.0
1.7332,-35.0,276.0
1.7384,-130.0,278.0
1.7435,134.0,280.0
1.7488,198.0,280.0
1.7538,-241.0,284.0
1.7581,-284.0,284.0
1.7631,246.0,286.0
1.7687,288.0,284.0
1.7747,-161.0,282.0
1.7779,-195.0,276.0
1.7836,78.0,272.0
1.788,59.0,268.0
1.7931,-49.0,264.0
1.7984,62.0,264.0
1.8031,50.0,262.0
1.8079,-130.0,264.0
1.8131,-36.0,262.0
1.8179,122.0,262.0
1.8232,-17.0,256.0
1.8285,-42.0,254.0
1.8341,106.0,250.0
1.8388,-58.0,246.0
1.8433,-193.0,244.0
1.8483,109.0,242.0
1.8544,234.0,238.0
1.858,-63.0,238.0
1.8632,-194.0,236.0
1.868,-67.0,236.0
1.873,62.0,236.0
1.8781,207.0,236.0
1.8833,111.0,238.0
1.8882,-257.0,240.0
1.8935,-237.0,242.0
1.8981,167.0,244.0
1.9032,252.0,246.0
1.9081,7.0,246.0
1.9136,-162.0,248.0
1.9184,-140.0,250.0
1.9229,16.0,248.0
1.9281,148.0,250.0
1.933,119.0,248.0
1.938,-33.0,248.0
1.9435,-163.0,242.0
1.9491,-113.0,244.0
1.954,64.0,238.0
1.9592,145.0,240.0
1.9633,96.0,238.0
1.9681,-4.0,236.0
1.9729,-148.0,238.0
1.9784,-194.0,236.0
1.9831,25.0,236.0
1.988,302.0,236.0
1.9933,153.0,238.0
1.9987,-283.0,240.0
2.0036,-233.0,242.0
2.0079,184.0,244.0
2.0129,190.0,246.0
2.0181,-54.0,246.0
2.0237,-112.0,244.0
2.0285,-70.0,244.0
2.0334,80.0,240.0
2.0384,164.0,242.0
2.0431,-99.0,240.0
2.0481,-243.0,242.0
2.0531,88.0,242.0
2.0595,318.0,248.0
2.0632,29.0,248.0
2.0681,-301.0,250.0
2.0731,-187.0,254.0
2.0781,142.0,252.0
2.0835,230.0,254.0
2.0879,5.0,250.0
2.0934,-146.0,248.0
2.098,24.0,248.0
2.1031,75.0,244.0
2.1084,-162.0,244.0
2.1133,-86.0,242.0
2.1183,225.0,244.0
2.1229,93.0,244.0
2.1278,-201.0,246.0
2.1333,-41.0,246.0
2.1385,201.0,248.0
2.1429,25.0,248.0
2.1485,-200.0,250.0
2.1532,-86.0,250.0
2.158,82.0,250.0
2.163,84.0,250.0
2.1679,107.0,252.0
2.1731,78.0,248.0
2.1782,-180.0,250.0
2.1829,-279.0,254.0
2.188,39.0,252.0
2.1929,339.0,256.0
2.1989,168.0,258.0
2.2038,-239.0,260.0
2.2079,-224.0,260.0
2.2129,126.0,262.0
2.2181,98.0,262.0
2.2236,-132.0,262.0
2.2283,42.0,262.0
2.2334,222.0,264.0
2.2381,-59.0,264.0
2.243,-233.0,266.0
2.2482,-6.0,264.0
2.2534,94.0,266.0
2.2587,10.0,264.0
2.2636,60.0,264.0
2.2691,66.0,264.0
2.2729,-88.0,264.0
2.2793,-95.0,264.0
2.2831,51.0,264.0
2.2881,34.0,264.0
2.2929,-83.0,264.0
2.2981,-5.0,260.0
2.3031,125.0,258.0
2.3079,99.0,260.0
2.3132,-19.0,256.0
2.3184,-213.0,258.0
2.3229,-220.0,260.0
2.3281,185.0,262.0
2.333,381.0,266.0
2.3383,-29.0,266.0
2.344,-291.0,266.0
2.3486,-75.0,266.0
2.353,19.0,262.0
2.358,9.0,260.0
2.363,178.0,262.0
2.3693,124.0,262.0
2.3744,-174.0,264.0
2.3782,-146.0,264.0
2.383,97.0,262.0
2.388,52.0,260.0
2.3932,-123.0,258.0
2.3985,-14.0,254.0
2.403,242.0,254.0
2.4082,127.0,252.0
2.4131,-323.0,254.0
2.4183,-290.0,256.0
2.4231,305.0,260.0
2.4286,358.0,264.0
2.4335,-236.0,268.0
2.4379,-323.0,272.0
2.4431,137.0,272.0
2.4483,239.0,274.0
2.4533,-6.0,274.0
2.4589,-123.0,274.0
2.463,-113.0,276.0
2.4679,-7.0,274.0
2.4741,137.0,276.0
2.478,95.0,276.0
2.483,-18.0,274.0
2.4879,-97.0,272.0
2.4931,-173.0,272.0
2.4979,29.0,272.0
2.5028,303.0,274.0
2.5079,38.0,272.0
2.514,-318.0,276.0
2.5179,-61.0,274.0
2.5229,275.0,276.0
2.5278,58.0,274.0
2.5329,-232.0,274.0
2.5386,-46.0,272.0
2.543,181.0,270.0
2.5481,-32.0,272.0
2.5531,-116.0,270.0
2.5579,224.0,272.0
2.5629,97.0,274.0
2.5683,-415.0,278.0
2.5731,-132.0,278.0
2.578,437.0,284.0
2.5831,105.0,282.0
2.5879,-302.0,286.0
2.5932,37.0,286.0
2.5983,168.0,286.0
2.6032,-185.0,288.0
2.6081,-112.0,288.0
2.6129,224.0,290.0
2.6178,95.0,288.0
2.6232,-181.0,290.0
2.6284,-91.0,288.0
2.6329,135.0,288.0
2.6379,113.0,284.0
2.6429,-69.0,282.0
2.648,-130.0,282.0
2.6531,-83.0,280.0
2.658,76.0,280.0
2.6629,267.0,282.0
2.6679,44.0,282.0
2.6729,-349.0,286.0
2.6779,-139.0,286.0
2.6835,303.0,288.0
2.6881,135.0,288.0
2.6929,-219.0,290.0
2.698,-45.0,286.0
2.7029,187.0,288.0
2.7081,-65.0,284.0
2.713,-238.0,284.0
2.7181,119.0,284.0
2.723,319.0,286.0
2.7279,-32.0,286.0
2.733,-311.0,288.0
2.7384,-160.0,290.0
2.7431,163.0,292.0
2.748,279.0,294.0
2.7528,10.0,292.0
2.7579,-229.0,292.0
2.7629,-69.0,292.0
2.7679,113.0,292.0
2.7729,32.0,290.0
2.7779,-51.0,288.0
2.7829,-28.0,288.0
2.7879,23.0,286.0
2.7929,106.0,286.0
2.798,51.0,286.0
2.8031,-161.0,286.0
2.8082,-164.0,288.0
2.8129,94.0,288.0
2.8178,213.0,288.0
2.8229,45.0,284.0
2.8281,-140.0,286.0
2.8329,-129.0,284.0
2.8379,2.0,280.0
2.8428,106.0,278.0
2.8479,101.0,276.0
2.853,-27.0,276.0
2.8578,-143.0,276.0
2.8631,-64.0,274.0
2.8678,158.0,276.0
2.8728,158.0,276.0
2.8788,-155.0,278.0
2.8832,-220.0,276.0
2.8879,115.0,278.0
2.893,202.0,280.0
2.8981,-52.0,280.0
2.9031,-105.0,282.0
2.908,1.0,280.0
2.9132,-26.0,280.0
2.918,26.0,278.0
2.9229,174.0,280.0
2.928,-32.0,280.0
2.9332,-314.0,284.0
2.9381,20.0,284.0
2.9433,369.0,288.0
2.948,-12.0,286.0
2.953,-303.0,292.0
2.9581,20.0,288.0
2.9631,171.0,288.0
2.9681,-13.0,284.0
2.973,-57.0,280.0
2.978,-26.0,280.0
2.9838,-3.0,276.0
2.9879,80.0,276.0
2.9929,29.0,276.0
2.9985,-123.0,278.0
3.0029,-77.0,276.0
3.008,137.0,276.0
3.013,174.0,276.0
3.018,-91.0,274.0
3.023,-255.0,278.0
3.028,-16.0,276.0
3.033,234.0,278.0
3.038,111.0,280.0
3.0431,-116.0,278.0
3.048,-106.0,278.0
3.0535,-10.0,272.0
3.0579,16.0,268.0
3.063,54.0,264.0
3.0679,52.0,260.0
3.0729,-2.0,256.0
3.0778,-26.0,252.0
3.0829,-97.0,250.0
3.0879,-76.0,248.0
3.0929,190.0,252.0
3.0979,205.0,252.0
3.103,-214.0,254.0
3.1081,-272.0,258.0
3.1132,147.0,258.0
3.118,196.0,260.0
3.123,-60.0,260.0
3.1278,-12.0,260.0
3.1334,27.0,258.0
3.1381,-140.0,258.0
3.143,-47.0,254.0
3.148,172.0,256.0
3.1528,80.0,254.0
3.1581,-99.0,254.0
3.1628,-102.0,252.0
3.1679,-41.0,250.0
3.1729,79.0,248.0
3.1781,198.0,250.0
3.183,20.0,248.0
3.1879,-256.0,252.0
3.1929,-144.0,252.0
3.1989,148.0,250.0
3.2029,157.0,252.0
3.2079,8.0,246.0
3.2129,-27.0,244.0
3.2178,-54.0,238.0
3.2232,-104.0,238.0
3.228,0.0,234.0
3.2334,112.0,234.0
3.2379,39.0,232.0
3.2429,-44.0,230.0
3.2478,-45.0,230.0
3.2529,25.0,226.0
3.258,95.0,226.0
3.2629,-65.0,224.0
3.268,-207.0,226.0
3.2728,68.0,224.0
3.2778,293.0,228.0
3.2831,-4.0,226.0
3.2879,-262.0,228.0
3.2943,-49.0,228.0
3.2985,130.0,230.0
3.3028,29.0,226.0
3.3078,5.0,224.0
3.3129,42.0,220.0
3.3181,-95.0,220.0
3.3229,-88.0,216.0
3.3278,167.0,216.0
3.3328,69.0,214.0
3.3381,-237.0,218.0
3.3431,-16.0,214.0
3.3479,285.0,218.0
3.3529,-6.0,214.0
3.3578,-307.0,218.0
3.3629,-40.0,212.0
3.3679,262.0,216.0
3.3731,126.0,214.0
3.3779,-97.0,212.0
3.3829,-146.0,212.0
3.3879,-108.0,210.0
3.3928,35.0,210.0
3.398,192.0,210.0
3.403,128.0,210.0
3.4081,-124.0,210.0
3.4128,-233.0,214.0
3.4178,42.0,214.0
3.4231,261.0,218.0
3.4281,-73.0,218.0
3.4331,-240.0,220.0
3.438,198.0,222.0
3.4428,218.0,224.0
3.4479,-268.0,224.0
3.4531,-235.0,228.0
3.458,132.0,226.0
3.463,231.0,228.0
3.4678,174.0,230.0
3.4728,-91.0,228.0
3.478,-404.0,234.0
3.4829,-147.0,236.0
3.4879,344.0,240.0
3.4929,279.0,244.0
3.4981,-61.0,242.0
3.5029,-174.0,244.0
3.5086,-175.0,244.0
3.5131,-19.0,242.0
3.518,234.0,244.0
3.5228,45.0,240.0
3.528,-284.0,242.0
3.5329,124.0,242.0
3.5394,488.0,248.0
3.5429,-249.0,250.0
3.548,-679.0,262.0
3.5529,151.0,264.0
3.5579,564.0,272.0
3.5629,29.0,270.0
3.568,-152.0,272.0
3.573,-44.0,268.0
3.578,-225.0,270.0
3.583,-90.0,266.0
3.5891,335.0,272.0
3.5929,121.0,268.0
3.5981,-282.0,272.0
3.6029,54.0,270.0
3.6089,268.0,274.0
3.6129,-264.0,278.0
3.6179,-299.0,282.0
3.623,339.0,288.0
3.6279,243.0,290.0
3.633,-331.0,294.0
3.6379,-89.0,294.0
3.643,350.0,298.0
3.6479,-23.0,296.0
3.6529,-358.0,300.0
3.6579,19.0,298.0
3.6629,271.0,298.0
3.6679,31.0,298.0
3.673,-120.0,296.0
3.6779,-39.0,296.0
3.683,9.0,294.0
3.6879,-2.0,292.0
3.6939,6.0,292.0
3.698,29.0,292.0
3.703,52.0,292.0
3.7079,38.0,292.0
3.7143,-106.0,294.0
3.7179,-211.0,296.0
3.723,79.0,296.0
3.7279,376.0,302.0
3.7346,26.0,298.0
3.738,-372.0,302.0
3.7438,-109.0,300.0
3.7479,149.0,298.0
3.7529,29.0,296.0
3.758,161.0,296.0
3.763,240.0,298.0
3.768,-334.0,304.0
3.7751,-516.0,310.0
3.7779,257.0,312.0
3.783,564.0,320.0
3.788,-52.0,318.0
3.7929,-354.0,324.0
3.798,-81.0,322.0
3.8029,62.0,322.0
3.8079,52.0,322.0
3.8129,99.0,322.0
3.8179,71.0,320.0
3.8229,-51.0,322.0
3.828,-158.0,320.0
3.8329,-84.0,318.0
3.838,193.0,320.0
3.8429,141.0,320.0
3.848,-277.0,324.0
3.853,-112.0,324.0
3.858,394.0,330.0
3.8629,71.0,330.0
3.8679,-376.0,336.0
3.8729,4.0,334.0
3.878,182.0,336.0
3.8835,-155.0,338.0
3.8879,9.0,338.0
3.893,286.0,342.0
3.898,-63.0,340.0
3.903,-275.0,344.0
3.9079,33.0,342.0
3.9129,140.0,342.0
3.918,-57.0,338.0
3.9239,10.0,338.0
3.9279,207.0,338.0
3.9332,-78.0,338.0
3.9383,-391.0,342.0
3.9434,28.0,342.0
3.948,424.0,348.0
3.9529,51.0,350.0
3.958,-269.0,352.0
3.9629,-32.0,350.0
3.9679,89.0,350.0
3.9732,-73.0,350.0
3.9783,-17.0,346.0
3.9839,131.0,348.0
3.988,-8.0,344.0
3.9929,-85.0,346.0
3.998,115.0,342.0
4.0029,33.0,342.0
4.008,-245.0,342.0
4.0129,-82.0,342.0
4.0179,204.0,342.0
4.0229,150.0,342.0
4.0281,30.0,342.0
4.033,-61.0,342.0
4.0379,-216.0,342.0
4.0431,-162.0,342.0
4.0479,164.0,344.0
4.053,297.0,344.0
4.0578,26.0,344.0
4.063,-235.0,344.0
4.0679,-147.0,344.0
4.0728,92.0,342.0
4.0779,168.0,342.0
4.0828,12.0,338.0
4.0879,-208.0,338.0
4.0928,-66.0,336.0
4.0979,321.0,338.0
4.1028,73.0,336.0
4.108,-427.0,340.0
4.1135,-17.0,338.0
4.1179,443.0,340.0
4.1236,-67.0,338.0
4.1278,-388.0,338.0
4.1328,69.0,336.0
4.1379,293.0,340.0
4.143,52.0,338.0
4.1479,-132.0,336.0
4.1528,-169.0,338.0
4.159,-57.0,336.0
4.1628,161.0,338.0
4.1685,173.0,336.0
4.1729,-63.0,336.0
4.1779,-169.0,330.0
4.1834,-19.0,326.0
4.1878,88.0,318.0
4.193,21.0,316.0
4.198,-12.0,306.0
4.2029,21.0,306.0
4.2079,-20.0,304.0
4.2129,-40.0,304.0
4.2179,7.0,302.0
4.2231,28.0,300.0
4.228,75.0,296.0
4.2328,-4.0,294.0
4.2379,-201.0,292.0
4.2428,-5.0,292.0
4.2479,269.0,292.0
4.253,-51.0,288.0
4.258,-236.0,288.0
4.2629,168.0,286.0
4.2678,146.0,284.0
4.2729,-265.0,282.0
4.2789,-45.0,282.0
4.283,289.0,282.0
4.2878,-36.0,282.0
4.2929,-253.0,280.0
4.2985,80.0,280.0
4.3029,177.0,280.0
4.3087,-114.0,280.0
4.3128,-74.0,280.0
4.3179,187.0,282.0
4.3228,9.0,282.0
4.3278,-266.0,286.0
4.334,-35.0,286.0
4.3379,252.0,290.0
4.3429,79.0,290.0
4.3478,-150.0,292.0
4.353,-44.0,292.0
4.358,66.0,288.0
4.363,-31.0,288.0
4.3679,-43.0,282.0
4.3729,71.0,284.0
4.3778,35.0,278.0
4.3828,-62.0,278.0
4.3879,7.0,276.0
4.3928,33.0,276.0
4.398,-90.0,274.0
4.4032,-8.0,270.0
4.4078,162.0,268.0
4.4137,-26.0,260.0
4.4181,-167.0,260.0
4.4229,88.0,252.0
4.4281,104.0,252.0
4.4332,-160.0,250.0
4.4378,-24.0,248.0
4.4428,208.0,250.0
4.4478,-31.0,250.0
4.453,-218.0,252.0
4.4578,59.0,252.0
4.4628,170.0,254.0
4.4679,-93.0,252.0
4.4729,-7.0,252.0
4.4778,218.0,252.0
4.4829,-211.0,254.0
4.4879,-442.0,256.0
4.4929,275.0,258.0
4.498,586.0,262.0
4.5029,-133.0,262.0
4.5079,-495.0,264.0
4.5131,12.0,264.0
4.5178,255.0,266.0
4.5228,-60.0,264.0
4.5279,-68.0,264.0
4.5329,187.0,264.0
4.5378,-4.0,262.0
4.5436,-290.0,262.0
4.5479,26.0,262.0
4.5529,344.0,266.0
4.5581,-23.0,266.0
4.5629,-293.0,270.0
4.5678,20.0,266.0
4.5729,107.0,268.0
4.5778,-67.0,262.0
4.5829,100.0,264.0
4.5878,131.0,258.0
4.5929,-206.0,262.0
4.598,-120.0,258.0
4.603,198.0,262.0
4.6078,0.0,260.0
4.6128,-150.0,262.0
4.6178,157.0,264.0
4.6229,134.0,264.0
4.6279,-237.0,266.0
4.633,-137.0,268.0
4.6379,194.0,270.0
4.6428,105.0,270.0
4.6479,-121.0,268.0
4.6528,-66.0,268.0
4.6578,125.0,266.0
4.6629,103.0,266.0
4.6679,-162.0,268.0
4.6728,-195.0,270.0
4.6779,124.0,268.0
4.683,206.0,270.0
4.6879,-46.0,268.0
4.6929,-103.0,264.0
4.6979,37.0,264.0
4.7028,28.0,262.0
4.7079,-93.0,260.0
4.7129,-82.0,260.0
4.7179,83.0,260.0
4.7228,196.0,262.0
4.7278,82.0,260.0
4.7328,-220.0,262.0
4.7379,-300.0,262.0
4.7428,90.0,262.0
4.7482,363.0,262.0
4.7529,75.0,262.0
4.7579,-230.0,258.0
4.763,-111.0,260.0
4.768,70.0,254.0
4.7728,16.0,254.0
4.7779,-13.0,250.0
4.7828,90.0,250.0
4.7879,19.0,248.0
4.7928,-153.0,248.0
4.7979,2.0,248.0
4.8028,192.0,248.0
4.8079,-66.0,246.0
4.8129,-223.0,248.0
4.8178,111.0,248.0
4.823,237.0,252.0
4.8279,-94.0,252.0
4.8331,-184.0,254.0
4.8379,50.0,254.0
4.8428,51.0,254.0
4.848,-61.0,256.0
4.8541,49.0,256.0
4.8579,115.0,258.0
4.8629,-21.0,258.0
4.8679,-91.0,258.0
4.8732,-44.0,258.0
4.878,-66.0,256.0
4.883,5.0,256.0
4.888,254.0,256.0
4.8929,154.0,258.0
4.8983,-309.0,258.0
4.903,-314.0,260.0
4.9079,183.0,262.0
4.9129,326.0,262.0
4.9179,-3.0,262.0
4.9228,-173.0,260.0
4.9293,-75.0,260.0
4.9328,8.0,256.0
4.9379,54.0,256.0
4.9428,35.0,254.0
4.9479,-40.0,252.0
4.9528,20.0,252.0
4.9578,93.0,250.0
4.9628,-76.0,252.0
4.968,-202.0,250.0
4.9728,38.0,250.0
4.9779,342.0,252.0
4.9828,146.0,252.0
4.9881,-427.0,258.0
4.9929,-415.0,264.0
4.9981,346.0,268.0
5.0029,571.0,276.0
5.0079,-124.0,278.0
5.013,-479.0,284.0
5.0181,-70.0,284.0
5.0228,208.0,286.0
5.0279,125.0,288.0
5.0328,75.0,288.0
5.0379,-74.0,288.0
5.0429,-278.0,292.0
5.0478,-17.0,290.0
5.0529,378.0,296.0
5.0579,131.0,296.0
5.063,-350.0,300.0
5.0679,-224.0,302.0
5.0728,188.0,302.0
5.0779,192.0,304.0
5.0828,30.0,302.0
5.0879,15.0,302.0
5.0929,-172.0,300.0
5.0979,-291.0,304.0
5.1029,152.0,304.0
5.1078,440.0,310.0
5.1132,-26.0,310.0
5.1178,-391.0,312.0
5.1229,-77.0,310.0
5.1278,244.0,308.0
5.1329,98.0,304.0
5.1392,-119.0,298.0
5.1436,-66.0,296.0
5.1478,54.0,290.0
5.1529,26.0,290.0
5.1579,-38.0,286.0
5.1629,-17.0,286.0
5.1679,28.0,284.0
5.173,32.0,282.0
5.1778,7.0,282.0
5.1829,-21.0,278.0
5.188,-43.0,278.0
5.1928,-11.0,274.0
5.1979,30.0,274.0
5.2029,-21.0,270.0
5.2078,34.0,270.0
5.2128,174.0,270.0
5.2179,-84.0,270.0
5.2229,-354.0,274.0
5.228,42.0,274.0
5.2328,393.0,276.0
5.2378,69.0,276.0
5.2435,-251.0,276.0
5.2482,-146.0,278.0
5.2529,80.0,278.0
5.2579,149.0,278.0
5.2629,-35.0,276.0
5.2679,-141.0,274.0
5.2728,91.0,274.0
5.2778,139.0,272.0
5.2828,-142.0,274.0
5.2878,-93.0,272.0
5.2929,140.0,274.0
5.2979,-7.0,272.0
5.3029,-82.0,272.0
5.308,117.0,272.0
5.3129,-27.0,268.0
5.3178,-229.0,270.0
5.3228,154.0,270.0
5.3278,344.0,274.0
5.3328,-234.0,276.0
5.3378,-409.0,282.0
5.3429,217.0,284.0
5.3479,370.0,290.0
5.3529,-121.0,290.0
5.3579,-259.0,292.0
5.3629,-8.0,290.0
5.3678,117.0,290.0
5.3728,130.0,288.0
5.3779,57.0,284.0
5.3828,-202.0,286.0
5.3878,-216.0,284.0
5.3929,229.0,286.0
5.398,261.0,288.0
5.4028,-254.0,290.0
5.4079,-187.0,292.0
5.4129,285.0,296.0
5.4178,74.0,296.0
5.4229,-293.0,300.0
5.4279,42.0,300.0
5.4328,294.0,302.0
5.4379,-155.0,304.0
5.4428,-333.0,306.0
5.4479,198.0,308.0
5.453,382.0,312.0
5.4579,-132.0,312.0
5.4628,-350.0,314.0
5.4679,50.0,312.0
5.4729,223.0,314.0
5.4778,-62.0,314.0
5.4829,-107.0,314.0
5.488,150.0,316.0
5.4928,87.0,316.0
5.4978,-177.0,318.0
5.5028,-110.0,318.0
5.5078,50.0,318.0
5.5129,50.0,318.0
5.5179,137.0,320.0
5.5228,116.0,322.0
5.5278,-185.0,320.0
5.5329,-259.0,322.0
5.538,40.0,318.0
5.5428,240.0,316.0
5.5478,101.0,314.0
5.5528,-87.0,312.0
5.5579,-41.0,312.0
5.5629,-48.0,310.0
5.5678,-183.0,312.0
5.5728,74.0,312.0
5.5779,370.0,318.0
5.5828,-39.0,318.0
5.5879,-406.0,324.0
5.5928,47.0,324.0
5.5979,353.0,328.0
5.6029,-95.0,328.0
5.6079,-308.0,330.0
5.6129,94.0,330.0
5.6178,285.0,330.0
5.6228,6.0,328.0
5.6282,-242.0,324.0
5.6329,-170.0,320.0
5.6379,134.0,318.0
5.6429,286.0,314.0
5.6479,28.0,312.0
5.6531,-256.0,308.0
5.6579,-148.0,310.0
5.6629,127.0,308.0
5.6678,167.0,308.0
5.6729,-49.0,308.0
5.6779,-159.0,310.0
5.6829,78.0,306.0
5.6881,204.0,310.0
5.6929,-98.0,306.0
5.6978,-241.0,306.0
5.7028,2.0,302.0
5.7079,169.0,300.0
5.7129,151.0,300.0
5.7179,6.0,296.0
5.7228,-214.0,300.0
5.7279,-161.0,302.0
5.7328,133.0,302.0
5.7379,201.0,300.0
5.7429,16.0,298.0
5.7478,-148.0,294.0
5.7528,-136.0,296.0
5.7578,55.0,290.0
5.7629,161.0,292.0
5.7679,41.0,288.0
5.776,-83.0,288.0
5.7778,-68.0,288.0
5.7828,18.0,286.0
5.7878,-2.0,286.0
5.7928,-76.0,286.0
5.7979,43.0,286.0
5.8028,162.0,288.0
5.8078,36.0,288.0
5.8128,-98.0,290.0
5.8179,-104.0,292.0
5.8228,-86.0,292.0
5.8278,24.0,292.0
5.8329,203.0,294.0
5.8379,116.0,296.0
5.8428,-182.0,298.0
5.8488,-192.0,302.0
5.8529,129.0,300.0
5.8578,252.0,304.0
5.8629,-110.0,300.0
5.8678,-382.0,304.0
5.8728,57.0,300.0
5.8779,521.0,306.0
5.8828,50.0,304.0
5.8879,-569.0,310.0
5.8928,-116.0,310.0
5.8978,546.0,316.0
5.9028,93.0,318.0
5.908,-528.0,324.0
5.9131,-48.0,324.0
5.918,509.0,328.0
5.9229,12.0,326.0
5.9278,-432.0,332.0
5.933,100.0,332.0
5.9378,333.0,336.0
5.9429,-311.0,340.0
5.9479,-318.0,344.0
5.9532,448.0,350.0
5.9578,373.0,352.0
5.9628,-359.0,356.0
5.9679,-357.0,356.0
5.973,170.0,354.0
5.9779,221.0,352.0
5.9828,-121.0,350.0
5.9879,-76.0,346.0
5.9928,235.0,348.0
5.998,21.0,344.0
6.0029,-351.0,348.0
6.0078,-38.0,348.0
6.0128,345.0,352.0
6.0178,55.0,350.0
6.023,-219.0,352.0
6.0278,-5.0,348.0
6.0328,83.0,346.0
6.0379,-138.0,344.0
6.0428,-112.0,342.0
6.0479,322.0,344.0
6.0531,389.0,346.0
6.0579,-395.0,350.0
6.0629,-706.0,356.0
6.0678,257.0,360.0
6.0728,708.0,366.0
6.0778,-52.0,364.0
6.083,-343.0,366.0
6.0879,2.0,362.0
6.0928,-67.0,358.0
6.0977,-96.0,356.0
6.1027,249.0,354.0
6.108,132.0,356.0
6.113,-216.0,356.0
6.1178,-4.0,356.0
6.1228,133.0,356.0
6.1278,-182.0,356.0
6.1328,-104.0,356.0
6.1378,266.0,358.0
6.143,100.0,358.0
6.1479,-229.0,360.0
6.1528,-84.0,360.0
6.1585,164.0,362.0
6.1638,101.0,362.0
6.1682,-108.0,360.0
6.1729,-164.0,358.0
6.1778,40.0,358.0
6.1829,174.0,358.0
6.1877,-14.0,356.0
6.1928,-96.0,356.0
6.1979,89.0,356.0
6.203,70.0,358.0
6.208,-163.0,358.0
6.2127,-168.0,358.0
6.2178,102.0,354.0
6.2235,249.0,358.0
6.2281,45.0,352.0
6.2331,-210.0,354.0
6.2378,-121.0,350.0
6.2428,143.0,352.0
6.2479,80.0,348.0
6.2528,-156.0,350.0
6.2579,-19.0,344.0
6.2638,202.0,348.0
6.2677,35.0,344.0
6.2728,-186.0,344.0
6.2779,-141.0,346.0
6.283,108.0,342.0
6.2879,292.0,346.0
6.2929,-20.0,342.0
6.2978,-430.0,348.0
6.3027,-25.0,346.0
6.3079,492.0,350.0
6.3131,-34.0,350.0
6.318,-455.0,354.0
6.3229,202.0,356.0
6.3278,363.0,360.0
6.3329,-342.0,364.0
6.3379,-256.0,364.0
6.3431,321.0,368.0
6.348,120.0,368.0
6.3528,-178.0,368.0
6.3579,31.0,368.0
6.3629,65.0,366.0
6.3679,-130.0,366.0
6.373,-55.0,364.0
6.3778,142.0,364.0
6.3828,102.0,364.0
6.3877,-94.0,364.0
6.3929,-155.0,364.0
6.3979,20.0,364.0
6.4029,180.0,364.0
6.4078,39.0,364.0
6.4128,-133.0,364.0
6.4179,-20.0,364.0
6.4228,39.0,364.0
6.428,-67.0,366.0
6.4329,13.0,364.0
6.4379,94.0,366.0
6.4429,-18.0,362.0
6.4479,4.0,362.0
6.4529,21.0,362.0
6.4579,-83.0,360.0
6.4629,24.0,360.0
6.4679,5.0,360.0
6.4729,-165.0,360.0
6.4779,141.0,360.0
6.483,311.0,362.0
6.4879,-216.0,362.0
6.4929,-348.0,366.0
6.498,214.0,364.0
6.5029,275.0,368.0
6.5079,-189.0,364.0
6.5131,-172.0,366.0
6.5181,156.0,360.0
6.5229,58.0,360.0
6.528,-137.0,354.0
6.5329,102.0,354.0
6.5379,187.0,348.0
6.543,-286.0,350.0
6.5481,-310.0,348.0
6.5529,379.0,352.0
6.5579,414.0,352.0
6.5645,-305.0,356.0
6.5686,-392.0,356.0
6.5729,137.0,356.0
6.5779,241.0,354.0
6.5828,-29.0,350.0
6.5879,-71.0,346.0
6.5928,71.0,340.0
6.5979,-6.0,334.0
6.6029,-188.0,332.0
6.6078,-1.0,326.0
6.6128,244.0,328.0
6.6178,47.0,324.0
6.6241,-185.0,326.0
6.6282,-109.0,326.0
6.6328,32.0,322.0
6.6378,118.0,324.0
6.6429,121.0,320.0
6.6479,-10.0,320.0
6.6531,-135.0,318.0
6.6578,-123.0,318.0
6.6629,-21.0,316.0
6.6686,121.0,316.0
6.6729,203.0,318.0
6.6779,61.0,318.0
6.6829,-234.0,320.0
6.6878,-286.0,318.0
6.6928,85.0,314.0
6.6979,341.0,314.0
6.7028,79.0,304.0
6.7079,-171.0,302.0
6.713,-72.0,292.0
6.7179,-41.0,292.0
6.7228,-79.0,288.0
6.7277,105.0,290.0
6.7331,167.0,292.0
6.7379,-58.0,290.0
6.7428,-91.0,288.0
6.7478,45.0,286.0
6.7529,-31.0,284.0
6.7579,-64.0,284.0
6.7631,112.0,284.0
6.7685,17.0,282.0
6.7728,-218.0,284.0
6.7778,65.0,280.0
6.7828,377.0,284.0
6.7878,-67.0,282.0
6.7932,-459.0,288.0
6.7983,-10.0,286.0
6.8028,372.0,290.0
6.8078,48.0,290.0
6.8128,-199.0,290.0
6.8178,-3.0,290.0
6.8229,49.0,288.0
6.828,-26.0,288.0
6.8328,99.0,288.0
6.8379,-12.0,286.0
6.8429,-289.0,290.0
6.8478,39.0,288.0
6.853,411.0,292.0
6.8578,-23.0,290.0
6.863,-306.0,292.0
6.8678,81.0,292.0
6.8728,31.0,288.0
6.8785,-272.0,292.0
6.8829,150.0,292.0
6.8878,433.0,296.0
6.8928,-102.0,296.0
6.8978,-376.0,302.0
6.9028,-12.0,298.0
6.9079,143.0,300.0
6.9129,-9.0,298.0
6.9178,25.0,296.0
6.9228,109.0,296.0
6.9279,19.0,292.0
6.9329,-56.0,292.0
6.9379,-132.0,288.0
6.9431,-165.0,290.0
6.948,80.0,284.0
6.9528,289.0,288.0
6.9578,95.0,282.0
6.9628,-148.0,280.0
6.9679,-151.0,278.0
6.9728,-103.0,274.0
6.9778,4.0,270.0
6.9828,211.0,268.0
6.9879,165.0,268.0
6.9933,-121.0,268.0
6.9981,-149.0,270.0
7.003,-3.0,268.0
7.008,-55.0,268.0
7.0134,20.0,266.0
7.0179,271.0,268.0
7.0229,48.0,268.0
7.0283,-363.0,272.0
7.0329,-102.0,272.0
7.0378,343.0,276.0
7.0428,102.0,276.0
7.0478,-267.0,278.0
7.0528,-74.0,278.0
7.0579,183.0,280.0
7.0629,43.0,280.0
7.0679,-136.0,282.0
7.0728,-33.0,282.0
7.0779,134.0,282.0
7.0829,33.0,282.0
7.0882,-143.0,284.0
7.0939,6.0,284.0
7.0979,143.0,286.0
7.1028,-72.0,286.0
7.1081,-123.0,288.0
7.1128,93.0,288.0
7.1183,72.0,286.0
7.1229,-61.0,282.0
7.128,-15.0,278.0
7.1328,7.0,274.0
7.1378,-19.0,270.0
7.1433,55.0,268.0
7.1488,60.0,266.0
7.153,-78.0,264.0
7.1578,-102.0,262.0
7.163,17.0,262.0
7.1678,80.0,262.0
7.1734,73.0,260.0
7.1782,-12.0,258.0
7.1829,-118.0,256.0
7.1879,3.0,250.0
7.1928,134.0,246.0
7.1979,-70.0,242.0
7.2043,-150.0,240.0
7.208,110.0,234.0
7.2133,113.0,234.0
7.2179,-65.0,232.0
7.2228,27.0,232.0
7.2285,11.0,230.0
7.2333,-196.0,232.0
7.238,-40.0,234.0
7.243,253.0,234.0
7.248,109.0,236.0
7.2532,-193.0,234.0
7.2583,-86.0,236.0
7.2631,167.0,236.0
7.268,-19.0,234.0
7.273,-241.0,238.0
7.2783,54.0,236.0
7.2832,294.0,238.0
7.2885,28.0,240.0
7.2928,-221.0,240.0
7.2979,-114.0,240.0
7.3031,75.0,242.0
7.308,96.0,240.0
7.3134,10.0,238.0
7.3183,-15.0,238.0
7.323,39.0,234.0
7.3279,3.0,230.0
7.333,-135.0,230.0
7.338,-92.0,226.0
7.3433,113.0,226.0
7.3478,163.0,226.0
7.3529,26.0,226.0
7.3578,-120.0,228.0
7.3631,-139.0,228.0
7.3681,20.0,226.0
7.3728,141.0,226.0
7.3778,30.0,226.0
7.3837,-79.0,226.0
7.3878,2.0,226.0
7.3938,59.0,226.0
7.3978,-56.0,226.0
7.4034,-134.0,226.0
7.4077,48.0,226.0
7.4129,227.0,226.0
7.418,29.0,226.0
7.4233,-205.0,224.0
7.4279,-90.0,224.0
7.4333,47.0,218.0
7.4379,37.0,218.0
7.4434,110.0,214.0
7.4481,108.0,214.0
7.453,-126.0,214.0
7.4577,-205.0,216.0
7.4633,16.0,216.0
7.4679,150.0,218.0
7.473,68.0,218.0
7.4781,5.0,218.0
7.4832,-24.0,214.0
7.4881,-141.0,214.0
7.4928,-99.0,210.0
7.4978,207.0,212.0
7.5028,182.0,210.0
7.5078,-237.0,214.0
7.5135,-198.0,216.0
7.5179,227.0,216.0
7.5228,187.0,216.0
7.5277,-123.0,210.0
7.5328,-110.0,212.0
7.5382,-30.0,206.0
7.5433,-74.0,206.0
7.5477,78.0,206.0
7.5533,244.0,210.0
7.5579,10.0,210.0
7.5634,-222.0,210.0
7.5682,-66.0,212.0
7.5734,53.0,212.0
7.5778,-11.0,210.0
7.5829,43.0,208.0
7.588,79.0,208.0
7.5931,6.0,204.0
7.5982,6.0,202.0
7.6028,-52.0,200.0
7.6079,-149.0,200.0
7.6129,-10.0,198.0
7.618,182.0,202.0
7.6231,98.0,200.0
7.6284,-123.0,200.0
7.6328,-143.0,200.0
7.6379,122.0,200.0
7.6431,246.0,202.0
7.6482,-177.0,204.0
7.6533,-462.0,212.0
7.6583,108.0,210.0
7.6634,601.0,218.0
7.6677,107.0,214.0
7.673,-468.0,220.0
7.6782,-243.0,218.0
7.6831,159.0,218.0
7.6884,174.0,218.0
7.6936,53.0,218.0
7.6984,-51.0,216.0
7.7044,-48.0,216.0
7.7078,71.0,214.0
7.7134,-41.0,214.0
7.7183,-203.0,216.0
7.7228,28.0,216.0
7.7284,252.0,216.0
7.733,102.0,218.0
7.7382,-123.0,218.0
7.7434,-210.0,220.0
7.7482,-82.0,220.0
7.753,189.0,222.0
7.7581,203.0,224.0
7.763,-80.0,224.0
7.7679,-167.0,226.0
7.7733,2.0,226.0
7.778,49.0,226.0
7.7829,-18.0,226.0
7.7883,8.0,224.0
7.793,84.0,224.0
7.7984,72.0,224.0
7.8029,-104.0,226.0
7.8079,-230.0,228.0
7.8128,33.0,228.0
7.8177,323.0,232.0
7.8228,72.0,232.0
7.8281,-286.0,236.0
7.8329,-113.0,236.0
7.8378,179.0,238.0
7.8428,48.0,236.0
7.8478,-104.0,236.0
7.8529,49.0,234.0
7.8582,113.0,236.0
7.8629,-65.0,236.0
7.8679,-190.0,238.0
7.8728,-37.0,236.0
7.8778,251.0,240.0
7.8831,189.0,238.0
7.8879,-199.0,240.0
7.8929,-282.0,242.0
7.8978,53.0,242.0
7.9028,277.0,242.0
7.908,57.0,244.0
7.913,-223.0,244.0
7.9179,-84.0,244.0
7.9229,167.0,242.0
7.9277,79.0,242.0
7.9328,-97.0,240.0
7.9379,-72.0,240.0
7.943,-5.0,238.0
7.9479,46.0,238.0
7.953,136.0,240.0
7.9578,22.0,240.0
7.963,-256.0,244.0
7.9681,-109.0,246.0
7.973,302.0,248.0
7.978,146.0,248.0
7.9829,-253.0,250.0
7.9878,-96.0,250.0
7.9928,154.0,252.0
7.9978,-26.0,250.0
8.0037,-83.0,250.0
8.0078,166.0,252.0
8.0129,107.0,252.0
8.0179,-222.0,254.0
8.0231,-192.0,256.0
8.0279,147.0,258.0
8.0329,209.0,260.0
8.0379,-50.0,260.0
8.0428,-146.0,260.0
8.0479,46.0,260.0
8.0529,150.0,260.0
8.0581,-66.0,260.0
8.063,-243.0,260.0
8.0678,4.0,260.0
8.0728,250.0,262.0
8.0778,59.0,262.0
8.0831,-103.0,262.0
8.088,18.0,262.0
8.0928,-15.0,260.0
8.0978,-173.0,258.0
8.1028,-25.0,260.0
8.1078,201.0,260.0
8.113,93.0,260.0
8.1179,-48.0,260.0
8.1228,-3.0,260.0
8.1278,-97.0,260.0
8.1328,-182.0,262.0
8.1379,70.0,260.0
8.1431,231.0,260.0
8.1478,44.0,256.0
8.1528,-83.0,254.0
8.1578,-55.0,252.0
8.1629,-58.0,250.0
8.168,-35.0,248.0
8.1729,18.0,248.0
8.178,46.0,248.0
8.1828,105.0,248.0
8.1878,122.0,248.0
8.1929,-50.0,246.0
8.198,-328.0,250.0
8.2028,-228.0,250.0
8.209,331.0,256.0
8.2137,438.0,262.0
8.2178,-129.0,262.0
8.2229,-351.0,268.0
8.2281,-49.0,268.0
8.233,97.0,268.0
8.238,82.0,270.0
8.2428,69.0,270.0
8.2479,-47.0,268.0
8.253,-82.0,270.0
8.258,44.0,268.0
8.2629,25.0,266.0
8.2679,-63.0,266.0
8.2728,46.0,264.0
8.2779,59.0,262.0
8.2829,-132.0,262.0
8.288,-54.0,260.0
8.2931,201.0,256.0
8.298,104.0,256.0
8.303,-191.0,248.0
8.3081,-199.0,250.0
8.313,84.0,244.0
8.3184,254.0,244.0
8.3228,53.0,242.0
8.3279,-206.0,244.0
8.333,-132.0,244.0
8.3378,96.0,246.0
8.3431,114.0,246.0
8.348,-28.0,246.0
8.353,-8.0,244.0
8.3578,79.0,242.0
8.3628,-101.0,244.0
8.368,-189.0,244.0
8.373,92.0,242.0
8.378,187.0,244.0
8.3829,10.0,240.0
8.3878,-23.0,240.0
8.393,-62.0,238.0
8.398,-155.0,238.0
8.4029,12.0,236.0
8.409,195.0,236.0
8.4129,55.0,238.0
8.4179,-93.0,238.0
8.423,-56.0,238.0
8.428,-50.0,240.0
8.4328,-8.0,238.0
8.4379,139.0,240.0
8.4427,64.0,238.0
8.4477,-152.0,238.0
8.4528,-64.0,238.0
8.458,128.0,234.0
8.4629,32.0,234.0
8.4678,-105.0,232.0
8.4727,10.0,230.0
8.4778,102.0,228.0
8.4829,-56.0,228.0
8.488,-132.0,230.0
8.4928,70.0,230.0
8.4978,174.0,230.0
8.5027,-3.0,230.0
8.5078,-144.0,228.0
8.5134,-110.0,230.0
8.518,-5.0,226.0
8.5228,132.0,226.0
8.5278,176.0,224.0
8.5328,16.0,220.0
8.5381,-217.0,224.0
8.543,-206.0,222.0
8.5478,125.0,224.0
8.5529,255.0,224.0
8.5578,-53.0,224.0
8.5627,-182.0,224.0
8.568,113.0,224.0
8.5729,150.0,224.0
8.5779,-248.0,228.0
8.5829,-218.0,230.0
8.5878,310.0,234.0
8.5928,272.0,238.0
8.5978,-235.0,240.0
8.603,-202.0,240.0
8.6078,92.0,240.0
8.6128,38.0,236.0
8.6178,8.0,232.0
8.6229,98.0,230.0
8.6283,-29.0,230.0
8.6329,-134.0,230.0
8.6378,1.0,228.0
8.6428,88.0,228.0
8.6477,42.0,226.0
8.6529,-7.0,226.0
8.658,-69.0,222.0
8.663,-77.0,222.0
8.6678,66.0,220.0
8.6727,124.0,218.0
8.6778,-80.0,220.0
8.683,-139.0,218.0
8.688,130.0,220.0
8.6929,173.0,220.0
8.6978,-147.0,222.0
8.7028,-207.0,222.0
8.7078,109.0,222.0
8.713,184.0,222.0
8.7179,-105.0,222.0
8.7229,-154.0,224.0
8.7278,193.0,226.0
8.7328,222.0,230.0
8.738,-282.0,232.0
8.7431,-356.0,236.0
8.748,237.0,236.0
8.7528,376.0,242.0
8.7578,-79.0,242.0
8.7628,-192.0,244.0
8.7681,-36.0,244.0
8.7729,-53.0,242.0
8.7779,31.0,242.0
8.7828,154.0,240.0
8.7878,6.0,240.0
8.7929,-80.0,240.0
8.798,23.0,238.0
8.8029,0.0,238.0
8.8079,-78.0,238.0
8.8128,-48.0,240.0
8.8177,50.0,240.0
8.823,156.0,240.0
8.8283,53.0,238.0
8.833,-206.0,242.0
8.8378,-131.0,238.0
8.8428,203.0,238.0
8.8477,145.0,234.0
8.8532,-194.0,232.0
8.8579,-145.0,232.0
8.8629,152.0,228.0
8.8678,152.0,230.0
8.8728,-54.0,230.0
8.8779,-119.0,230.0
8.8829,-47.0,230.0
8.8879,34.0,230.0
8.8928,102.0,230.0
8.8978,50.0,230.0
8.9028,-123.0,232.0
8.9079,-103.0,232.0
8.913,129.0,234.0
8.9178,128.0,234.0
8.9236,-106.0,234.0
8.928,-106.0,234.0
8.9328,61.0,232.0
8.9379,18.0,230.0
8.9429,-24.0,228.0
8.9479,80.0,226.0
8.9529,13.0,226.0
8.9578,-78.0,222.0
8.963,-6.0,222.0
8.968,-44.0,220.0
8.9728,-23.0,218.0
8.978,178.0,218.0
8.983,67.0,218.0
8.9878,-234.0,222.0
8.993,-89.0,222.0
8.9978,213.0,224.0
9.003,58.0,224.0
9.008,-167.0,224.0
9.0127,4.0,222.0
9.0177,134.0,222.0
9.0228,-20.0,222.0
9.028,-101.0,222.0
9.033,-68.0,224.0
9.038,38.0,222.0
9.0429,203.0,224.0
9.0479,30.0,222.0
9.0528,-269.0,224.0
9.0577,-37.0,224.0
9.0629,235.0,226.0
9.0679,-42.0,226.0
9.0728,-187.0,230.0
9.0781,144.0,230.0
9.083,199.0,232.0
9.088,-169.0,232.0
9.0929,-221.0,234.0
9.0979,96.0,234.0
9.1028,145.0,236.0
9.1078,-7.0,234.0
9.1128,36.0,234.0
9.1179,8.0,234.0
9.123,-200.0,236.0
9.1278,-109.0,236.0
9.1327,227.0,238.0
9.1377,201.0,238.0
9.1429,-143.0,240.0
9.1479,-198.0,240.0
9.1529,62.0,240.0
9.1577,184.0,242.0
9.1627,-32.0,242.0
9.1677,-276.0,242.0
9.1728,3.0,242.0
9.1778,396.0,246.0
9.1828,39.0,242.0
9.1878,-371.0,246.0
9.1928,-30.0,244.0
9.198,189.0,246.0
9.2028,-63.0,244.0
9.2078,0.0,242.0
9.2128,157.0,242.0
9.2177,-80.0,240.0
9.223,-153.0,238.0
9.2281,64.0,234.0
9.2328,52.0,230.0
9.2378,-49.0,228.0
9.2436,62.0,226.0
9.2477,115.0,226.0
9.2529,-102.0,228.0
9.258,-227.0,230.0
9.263,35.0,230.0
9.2678,256.0,234.0
9.2727,75.0,232.0
9.2777,-141.0,234.0
9.283,-131.0,236.0
9.288,-17.0,234.0
9.2928,106.0,236.0
9.2978,87.0,236.0
9.3028,-60.0,236.0
9.3078,-72.0,236.0
9.3132,21.0,234.0
9.318,66.0,234.0
9.3229,77.0,234.0
9.3277,-68.0,232.0
9.3335,-246.0,234.0
9.3378,-10.0,232.0
9.3431,327.0,234.0
9.3479,132.0,234.0
9.3528,-187.0,234.0
9.3578,-136.0,234.0
9.3628,-49.0,232.0
9.3678,-6.0,230.0
9.373,155.0,228.0
9.3778,100.0,226.0
9.3828,-117.0,222.0
9.3877,13.0,218.0
9.3928,126.0,214.0
9.3977,-204.0,216.0
9.4028,-247.0,218.0
9.4078,261.0,222.0
9.4128,332.0,226.0
9.4178,-173.0,228.0
9.4232,-285.0,230.0
9.428,43.0,230.0
9.434,157.0,232.0
9.4378,74.0,232.0
9.4427,-30.0,232.0
9.4479,-150.0,234.0
9.4528,-36.0,234.0
9.4579,162.0,236.0
9.4628,23.0,234.0
9.4678,-97.0,234.0
9.4727,55.0,232.0
9.4779,-2.0,230.0
9.4828,-146.0,228.0
9.4878,27.0,228.0
9.4929,147.0,226.0
9.4977,41.0,224.0
9.5027,-30.0,222.0
9.5079,-92.0,222.0
9.513,-79.0,222.0
9.5179,77.0,222.0
9.5229,80.0,222.0
9.5278,-57.0,222.0
9.5327,-42.0,222.0
9.5379,48.0,222.0
9.5429,79.0,220.0
9.5478,0.0,220.0
9.5529,-180.0,220.0
9.5578,-93.0,220.0
9.5627,238.0,222.0
9.568,158.0,222.0
9.573,-202.0,224.0
9.578,-153.0,226.0
9.5828,107.0,228.0
9.5877,95.0,228.0
9.5928,-4.0,228.0
9.5979,-27.0,228.0
9.6029,-93.0,228.0
9.608,-19.0,228.0
9.6127,173.0,230.0
9.6177,39.0,228.0
9.6229,-192.0,230.0
9.6282,-24.0,228.0
9.6329,146.0,228.0
9.6378,-36.0,226.0
9.6429,-109.0,226.0
9.6479,98.0,224.0
9.653,122.0,226.0
9.658,-94.0,226.0
9.6628,-136.0,228.0
9.6678,46.0,228.0
9.6727,108.0,228.0
9.6779,-31.0,228.0
9.683,-61.0,226.0
9.688,65.0,226.0
9.6928,18.0,222.0
9.6979,-98.0,222.0
9.7027,45.0,220.0
9.7081,124.0,222.0
9.7133,-136.0,220.0
9.718,-171.0,220.0
9.7229,168.0,220.0
9.7277,201.0,220.0
9.7328,-100.0,218.0
9.7378,-163.0,220.0
9.7429,-1.0,218.0
9.7479,119.0,220.0
9.7528,85.0,220.0
9.7577,-145.0,222.0
9.763,-171.0,222.0
9.7679,204.0,224.0
9.7728,257.0,224.0
9.778,-202.0,224.0
9.7829,-289.0,226.0
9.7878,125.0,226.0
9.7927,235.0,228.0
9.7979,-46.0,226.0
9.803,-125.0,228.0
9.808,46.0,224.0
9.8128,35.0,224.0
9.8178,-124.0,220.0
9.8228,-32.0,220.0
9.828,197.0,216.0
9.8329,95.0,218.0
9.8379,-182.0,218.0
9.8438,-113.0,218.0
9.8477,70.0,220.0
9.8529,-10.0,218.0
9.8579,48.0,216.0
9.8628,247.0,218.0
9.8678,-30.0,218.0
9.8729,-404.0,224.0
9.8777,-140.0,224.0
9.8829,296.0,228.0
9.8879,266.0,230.0
9.8929,0.0,230.0
9.8978,-171.0,228.0
9.9028,-190.0,230.0
9.9079,-40.0,228.0
9.913,116.0,228.0
9.9179,130.0,228.0
9.923,101.0,228.0
9.9278,-50.0,228.0
9.9328,-286.0,230.0
9.9378,-39.0,230.0
9.943,391.0,236.0
9.9478,47.0,234.0
9.9528,-417.0,240.0
9.9578,-28.0,240.0
9.9628,328.0,244.0
9.9678,1.0,244.0
9.973,-149.0,242.0
9.9779,41.0,242.0
9.9828,-10.0,238.0
9.9878,-50.0,236.0
9.9928,110.0,234.0
9.9977,7.0,232.0
10.0029,-193.0,234.0
10.0079,0.0,234.0
10.0127,269.0,236.0
10.0177,121.0,236.0
10.023,-252.0,240.0
10.0279,-309.0,244.0
10.033,105.0,244.0
10.0378,367.0,246.0
10.0427,34.0,242.0
10.0485,-250.0,242.0
10.0528,-34.0,238.0
10.0578,118.0,236.0
10.0629,-22.0,232.0
10.0679,-70.0,234.0
10.0728,-24.0,232.0
10.0778,22.0,230.0
10.0829,164.0,232.0
10.0879,102.0,232.0
10.0928,-205.0,234.0
10.0978,-212.0,236.0
10.1027,52.0,236.0
10.108,172.0,236.0
10.113,105.0,238.0
10.1179,-38.0,238.0
10.1228,-71.0,236.0
10.1277,-4.0,236.0
10.1329,-90.0,236.0
10.1377,-110.0,236.0
10.143,178.0,240.0
10.1487,267.0,242.0
10.1527,-120.0,242.0
10.1579,-337.0,246.0
10.163,18.0,246.0
10.1679,308.0,250.0
10.1729,28.0,250.0
10.1778,-221.0,252.0
10.1828,-12.0,250.0
10.1879,97.0,252.0
10.1928,-34.0,250.0
10.1977,3.0,248.0
10.2028,57.0,246.0
10.2079,-32.0,244.0
10.2128,-12.0,240.0
10.2177,37.0,240.0
10.2228,-74.0,238.0
10.2281,-66.0,238.0
10.2329,144.0,240.0
10.2379,80.0,242.0
10.2427,-183.0,242.0
10.2479,-47.0,242.0
10.2527,185.0,244.0
10.2578,-11.0,242.0
10.2628,-147.0,242.0
10.2682,63.0,242.0
10.2727,106.0,242.0
10.278,-76.0,242.0
10.2827,-94.0,242.0
10.2879,47.0,242.0
10.2929,89.0,242.0
10.2978,-22.0,240.0
10.3027,-73.0,238.0
10.308,12.0,238.0
10.313,71.0,238.0
10.3179,28.0,238.0
10.3228,-97.0,238.0
10.3278,-84.0,238.0
10.3327,143.0,240.0
10.3378,91.0,240.0
10.3431,-207.0,244.0
10.3478,-61.0,242.0
10.3528,256.0,244.0
10.3577,52.0,242.0
10.3629,-212.0,242.0
10.3679,-60.0,240.0
10.3729,59.0,240.0
10.3779,41.0,238.0
10.3829,81.0,240.0
10.3877,-21.0,238.0
10.3928,-93.0,238.0
10.3977,89.0,238.0
10.4028,14.0,234.0
10.4079,-285.0,236.0
10.4128,25.0,232.0
10.4177,522.0,238.0
10.4229,35.0,234.0
10.4281,-633.0,242.0
10.4331,-118.0,240.0
10.4378,537.0,248.0
10.4428,91.0,246.0
10.4477,-334.0,250.0
10.4529,65.0,252.0
10.4577,191.0,252.0
10.4629,-224.0,256.0
10.4678,-137.0,254.0
10.4728,289.0,258.0
10.4777,64.0,256.0
10.483,-322.0,260.0
10.4879,85.0,260.0
10.4928,439.0,266.0
10.4978,-201.0,268.0
10.5028,-586.0,274.0
10.5077,178.0,276.0
10.5128,590.0,278.0
10.518,-81.0,278.0
10.5231,-422.0,280.0
10.5278,31.0,276.0
10.5329,250.0,280.0
10.5378,-24.0,278.0
10.543,-188.0,278.0
10.5478,-9.0,278.0
10.5528,155.0,278.0
10.5578,60.0,276.0
10.563,-44.0,276.0
10.5681,-57.0,276.0
10.5728,-93.0,274.0
10.5779,1.0,272.0
10.5828,142.0,268.0
10.5878,32.0,268.0
10.5929,-99.0,264.0
10.598,-6.0,264.0
10.6028,48.0,258.0
10.608,-43.0,260.0
10.6127,-28.0,258.0
10.6177,81.0,258.0
10.6228,31.0,258.0
10.6281,-93.0,260.0
10.633,-69.0,258.0
10.638,48.0,260.0
10.6427,139.0,258.0
10.6478,68.0,260.0
10.6529,-177.0,258.0
10.6582,-186.0,258.0
10.6628,127.0,256.0
10.669,217.0,256.0
10.6736,-17.0,254.0
10.6778,-162.0,250.0
10.6827,-74.0,252.0
10.6879,71.0,248.0
10.6928,79.0,250.0
10.6978,-4.0,248.0
10.7027,-3.0,248.0
10.7077,18.0,246.0
10.7131,-79.0,248.0
10.7179,-126.0,248.0
10.7229,88.0,248.0
10.7278,256.0,250.0
10.7327,12.0,248.0
10.7378,-272.0,248.0
10.743,-148.0,250.0
10.748,117.0,248.0
10.7529,188.0,250.0
10.7578,97.0,250.0
10.7629,-106.0,252.0
10.7679,-246.0,256.0
10.7728,-14.0,254.0
10.7779,308.0,258.0
10.7828,113.0,256.0
10.7878,-275.0,256.0
10.7931,-145.0,256.0
10.7979,133.0,254.0
10.8028,80.0,254.0
10.808,58.0,250.0
10.8128,46.0,250.0
10.8177,-188.0,250.0
10.823,-178.0,252.0
10.8279,184.0,254.0
10.8329,272.0,258.0
10.8379,-77.0,260.0
10.8427,-285.0,262.0
10.8477,-36.0,262.0
10.8529,217.0,266.0
10.8579,110.0,268.0
10.863,-116.0,268.0
10.8679,-159.0,270.0
10.8727,7.0,268.0
10.8777,181.0,268.0
10.883,101.0,268.0
10.888,-138.0,268.0
10.8928,-155.0,268.0
10.8977,28.0,268.0
10.9027,84.0,268.0
10.9077,97.0,268.0
10.9128,92.0,268.0
10.918,-185.0,270.0
10.9229,-258.0,272.0
10.9278,202.0,274.0
10.9327,315.0,278.0
10.9378,-153.0,280.0
10.943,-250.0,282.0
10.9478,86.0,284.0
10.9528,126.0,286.0
10.9577,-47.0,286.0
10.9628,-15.0,284.0
10.969,34.0,284.0
10.9729,-78.0,282.0
10.9778,-36.0,282.0
10.9827,177.0,280.0
10.9878,84.0,282.0
10.993,-206.0,280.0
10.9978,-185.0,282.0
11.0029,72.0,280.0
11.0078,243.0,284.0
11.0128,141.0,284.0
11.0178,-167.0,286.0
11.023,-234.0,288.0
11.0279,18.0,288.0
11.0329,134.0,290.0
11.0378,71.0,290.0
11.0427,16.0,290.0
11.0479,-83.0,286.0
11.0531,-32.0,286.0
11.0579,124.0,280.0
11.0629,-88.0,280.0
11.0678,-245.0,274.0
11.0728,189.0,276.0
11.0777,349.0,272.0
11.083,-164.0,274.0
11.088,-326.0,274.0
11.0929,52.0,274.0
11.0977,189.0,274.0
11.1027,47.0,270.0
11.1078,-29.0,270.0
11.1131,-97.0,266.0
11.118,-75.0,266.0
11.1228,134.0,264.0
11.1278,99.0,264.0
11.1328,-199.0,260.0
11.1377,-40.0,258.0
11.143,282.0,252.0
11.148,-62.0,250.0
11.1529,-326.0,246.0
11.1577,130.0,248.0
11.1628,268.0,246.0
11.1678,-141.0,246.0
11.1727,-127.0,244.0
11.1789,147.0,246.0
11.1835,15.0,244.0
11.1887,-188.0,246.0
11.1928,-5.0,244.0
11.198,272.0,248.0
11.203,77.0,248.0
11.2078,-347.0,252.0
11.2128,-165.0,254.0
11.2177,306.0,258.0
11.223,180.0,260.0
11.228,-124.0,260.0
11.2329,-65.0,260.0
11.2382,-70.0,262.0
11.2428,-101.0,262.0
11.248,129.0,264.0
11.2528,162.0,266.0
11.258,-71.0,266.0
11.2629,-82.0,266.0
11.2677,49.0,266.0
11.2727,1.0,264.0
11.279,-165.0,266.0
11.2834,-85.0,266.0
11.2879,375.0,270.0
11.2928,350.0,272.0
11.2984,-518.0,278.0
11.3027,-605.0,286.0
11.308,448.0,290.0
11.3132,592.0,298.0
11.3178,-249.0,300.0
11.3228,-283.0,302.0
11.3277,179.0,304.0
11.3328,-36.0,304.0
11.3378,-295.0,308.0
11.3429,92.0,310.0
11.3478,350.0,314.0
11.3529,81.0,314.0
11.3578,-165.0,316.0
11.3627,-246.0,318.0
11.368,-138.0,316.0
11.373,256.0,320.0
11.3788,335.0,322.0
11.3828,-168.0,322.0
11.3877,-330.0,324.0
11.3929,93.0,324.0
11.3978,194.0,324.0
11.4029,-72.0,324.0
11.4078,-70.0,322.0
11.4128,76.0,322.0
11.4178,37.0,318.0
11.423,-51.0,318.0
11.4278,-50.0,314.0
11.4329,-9.0,312.0
11.4379,18.0,310.0
11.4427,35.0,310.0
11.4477,53.0,308.0
11.453,48.0,308.0
11.4578,-47.0,306.0
11.4629,-186.0,306.0
11.4678,-76.0,306.0
11.4727,228.0,304.0
11.4781,185.0,306.0
11.4834,-127.0,304.0
11.4877,-135.0,306.0
11.493,0.0,302.0
11.4978,-36.0,300.0
11.5027,23.0,300.0
11.5077,143.0,300.0
11.5129,7.0,300.0
11.518,-93.0,298.0
11.5228,43.0,296.0
11.5277,56.0,296.0
11.5328,-110.0,294.0
11.538,-156.0,296.0
11.5429,-21.0,296.0
11.5479,210.0,298.0
11.5527,316.0,302.0
11.5577,-54.0,300.0
11.5627,-483.0,302.0
11.5679,-145.0,302.0
11.5729,401.0,302.0
11.5778,168.0,304.0
11.5832,-239.0,304.0
11.5877,-43.0,302.0
11.5928,162.0,302.0
11.598,-59.0,304.0
11.6029,-169.0,306.0
11.6078,19.0,306.0
11.6128,220.0,308.0
11.6177,202.0,310.0
11.6228,-240.0,312.0
11.6281,-498.0,318.0
11.6328,105.0,316.0
11.6379,602.0,322.0
11.6427,120.0,324.0
11.6479,-393.0,326.0
11.653,-203.0,326.0
11.6588,93.0,326.0
11.6632,91.0,324.0
11.668,6.0,322.0
11.6729,11.0,322.0
11.6779,121.0,322.0
11.6842,53.0,322.0
11.6877,-257.0,326.0
11.6933,-186.0,328.0
11.6979,207.0,328.0
11.7029,145.0,330.0
11.7079,-24.0,326.0
11.7133,117.0,326.0
11.7183,-64.0,320.0
11.7228,-339.0,324.0
11.7278,-31.0,318.0
11.733,280.0,322.0
11.7379,154.0,322.0
11.7432,-33.0,322.0
11.7482,-147.0,324.0
11.7532,-134.0,324.0
11.7579,64.0,324.0
11.7629,96.0,324.0
11.768,-26.0,322.0
11.7732,63.0,320.0
11.7793,36.0,320.0
11.7828,-175.0,318.0
11.7886,9.0,318.0
11.793,161.0,314.0
11.7984,-146.0,316.0
11.8032,-107.0,312.0
11.808,242.0,314.0
11.8132,82.0,314.0
11.8179,-182.0,314.0
11.8229,-42.0,314.0
11.8279,29.0,312.0
11.8338,-42.0,312.0
11.8377,72.0,310.0
11.8429,118.0,310.0
11.848,-74.0,306.0
11.8533,-134.0,306.0
11.8583,73.0,302.0
11.8627,129.0,300.0
11.868,-165.0,302.0
11.8729,-182.0,304.0
11.8781,284.0,306.0
11.883,296.0,310.0
11.8892,-286.0,312.0
11.8931,-391.0,316.0
11.898,135.0,316.0
11.9029,374.0,322.0
11.9079,46.0,322.0
11.9134,-245.0,326.0
11.9182,-121.0,324.0
11.923,138.0,326.0
11.9278,67.0,320.0
11.9327,-179.0,318.0
11.938,8.0,310.0
11.9428,298.0,304.0
11.9482,35.0,298.0
11.9528,-259.0,294.0
11.958,-191.0,292.0
11.9629,-28.0,288.0
11.968,262.0,290.0
11.9733,331.0,294.0
11.9782,-145.0,292.0
11.9829,-365.0,296.0
11.9879,-6.0,290.0
11.993,142.0,292.0
11.9978,16.0,290.0
12.003,85.0,286.0
12.0082,87.0,286.0
12.0129,-124.0,284.0
12.0179,-166.0,282.0
12.0229,-41.0,280.0
12.0284,135.0,276.0
12.0327,316.0,280.0
12.0378,20.0,278.0
12.0429,-530.0,284.0
12.0478,-235.0,286.0
12.0528,534.0,294.0
12.0586,349.0,298.0
12.0631,-376.0,304.0
12.0679,-279.0,308.0
12.0727,250.0,312.0
12.0779,136.0,314.0
12.0832,-253.0,316.0
12.0877,-87.0,318.0
12.0927,279.0,320.0
12.0978,135.0,322.0
12.1027,-164.0,322.0
12.1081,-106.0,322.0
12.1135,-67.0,320.0
12.1179,-89.0,318.0
12.124,201.0,320.0
12.1279,288.0,322.0
12.133,-128.0,324.0
12.1381,-290.0,328.0
12.1432,-12.0,328.0
12.1483,110.0,328.0
12.1527,58.0,328.0
12.1579,62.0,328.0
12.1629,-31.0,328.0
12.1679,-111.0,328.0
12.1732,60.0,328.0
12.1782,119.0,326.0
12.1829,-154.0,328.0
12.188,-197.0,328.0
12.1931,182.0,326.0
12.199,277.0,330.0
12.2032,-83.0,324.0
12.2077,-214.0,324.0
12.2128,-38.0,320.0
12.2183,15.0,316.0
12.223,68.0,314.0
12.2281,182.0,316.0
12.2328,-15.0,314.0
12.2378,-277.0,318.0
12.2429,-12.0,314.0
12.248,275.0,318.0
12.253,-44.0,316.0
12.2582,-219.0,316.0
12.2632,123.0,314.0
12.2679,105.0,308.0
12.2731,-148.0,310.0
12.2781,87.0,302.0
12.2832,141.0,302.0
12.2882,-289.0,300.0
12.2927,-146.0,298.0
12.2991,357.0,304.0
12.3031,135.0,304.0
12.308,-245.0,308.0
12.3133,-61.0,308.0
12.3178,61.0,308.0
12.3227,-52.0,308.0
12.3279,55.0,304.0
12.3327,137.0,304.0
12.3378,-59.0,302.0
12.3434,-138.0,300.0
12.3481,-4.0,300.0
12.3529,67.0,300.0
12.3579,89.0,300.0
12.363,31.0,296.0
12.3681,-181.0,298.0
12.3732,-153.0,296.0
12.3784,218.0,296.0
12.383,269.0,300.0
12.3878,-143.0,300.0
12.3931,-283.0,302.0
12.3982,24.0,302.0
12.4027,174.0,304.0
12.4079,31.0,304.0
12.4129,-45.0,304.0
12.4184,-31.0,304.0
12.423,-26.0,300.0
12.4284,17.0,300.0
12.4334,87.0,300.0
12.4378,56.0,298.0
12.4428,-188.0,300.0
12.4479,-200.0,298.0
12.4531,276.0,302.0
12.458,312.0,304.0
12.4635,-271.0,308.0
12.4679,-292.0,312.0
12.4728,188.0,314.0
12.4779,156.0,316.0
12.4831,-104.0,316.0
12.4882,-29.0,314.0
12.4927,24.0,312.0
12.498,-1.0,312.0
12.5038,109.0,312.0
12.5078,13.0,308.0
12.5144,-259.0,310.0
12.5182,-125.0,308.0
12.5229,292.0,308.0
12.5279,263.0,308.0
12.5329,-184.0,304.0
12.538,-247.0,306.0
12.5434,78.0,300.0
12.5477,85.0,302.0
12.5527,-79.0,298.0
12.5579,23.0,298.0
12.563,123.0,298.0
12.5677,26.0,296.0
12.5733,-97.0,296.0
12.5777,-171.0,298.0
12.5829,-18.0,294.0
12.5883,299.0,298.0
12.5932,157.0,296.0
12.5982,-327.0,298.0
12.6033,-207.0,300.0
12.6077,231.0,300.0
12.6137,110.0,296.0
12.6179,-80.0,296.0
12.6229,50.0,292.0
12.6283,-32.0,292.0
12.6335,-143.0,292.0
12.6377,77.0,292.0
12.6429,138.0,294.0
12.6478,-65.0,292.0
12.653,-70.0,292.0
12.6577,18.0,290.0
12.6628,-46.0,290.0
12.6678,-24.0,288.0
12.6727,190.0,286.0
12.6778,160.0,288.0
12.6828,-271.0,284.0
12.6879,-322.0,286.0
12.6927,221.0,280.0
12.6977,313.0,280.0
12.7027,-131.0,276.0
12.7088,-114.0,274.0
12.7128,152.0,272.0
12.7177,-74.0,272.0
12.7228,-280.0,272.0
12.7278,85.0,272.0
12.7327,365.0,274.0
12.7379,27.0,272.0
12.7432,-319.0,274.0
12.7478,-79.0,274.0
12.7528,202.0,276.0
12.7578,6.0,274.0
12.7629,-106.0,272.0
12.7684,88.0,270.0
12.7729,60.0,268.0
12.7779,-118.0,266.0
12.7827,-51.0,266.0
12.7877,85.0,266.0
12.7928,54.0,266.0
12.7978,-24.0,266.0
12.8031,-28.0,266.0
12.8078,-11.0,264.0
12.8127,-56.0,264.0
12.8177,-54.0,262.0
12.8228,154.0,262.0
12.828,215.0,262.0
12.8328,-160.0,262.0
12.8378,-302.0,262.0
12.8427,55.0,262.0
12.8479,172.0,262.0
12.8533,26.0,262.0
12.8578,76.0,262.0
12.8629,26.0,262.0
12.8678,-206.0,262.0
12.8728,-152.0,264.0
12.8778,107.0,262.0
12.883,201.0,264.0
12.8878,118.0,262.0
12.8929,-119.0,264.0
12.8977,-283.0,264.0
12.9027,2.0,262.0
12.9078,296.0,266.0
12.9128,14.0,264.0
12.9181,-206.0,266.0
12.9229,98.0,264.0
12.9278,120.0,262.0
12.9329,-221.0,264.0
12.9378,-90.0,260.0
12.9429,198.0,260.0
12.9479,70.0,258.0
12.9529,-37.0,256.0
12.9578,-17.0,256.0
12.9628,-89.0,256.0
12.968,-32.0,256.0
12.9727,74.0,256.0
12.9779,34.0,256.0
12.9827,7.0,254.0
12.9877,4.0,254.0
12.9929,-14.0,252.0
12.9979,-37.0,252.0
13.0029,-77.0,252.0
13.0078,15.0,250.0
13.0128,145.0,250.0
13.0177,41.0,246.0
13.0231,-82.0,244.0
13.028,-52.0,242.0
13.033,-65.0,238.0
13.0379,-19.0,238.0
13.0427,153.0,238.0
13.0478,109.0,240.0
13.0528,-88.0,240.0
13.0578,-98.0,242.0
13.0629,-73.0,242.0
13.0677,-52.0,242.0
13.0727,192.0,244.0
13.078,230.0,248.0
13.0828,-185.0,248.0
13.0879,-297.0,248.0
13.093,77.0,246.0
13.0978,220.0,244.0
13.1027,33.0,240.0
13.1078,-67.0,236.0
13.1131,-38.0,234.0
13.1179,-62.0,232.0
13.1227,-89.0,232.0
13.1277,97.0,234.0
13.1327,263.0,238.0
13.1377,-21.0,238.0
13.1431,-359.0,242.0
13.1479,-111.0,244.0
13.1527,324.0,244.0
13.1578,196.0,246.0
13.1629,-208.0,244.0
13.1679,-170.0,242.0
13.1729,112.0,242.0
13.1779,72.0,238.0
13.1829,-87.0,238.0
13.1877,11.0,238.0
13.1927,80.0,238.0
13.1979,-67.0,238.0
13.2029,-35.0,238.0
13.2079,140.0,238.0
13.2127,-19.0,238.0
13.2178,-204.0,238.0
13.2227,72.0,238.0
13.2292,198.0,238.0
13.233,-160.0,238.0
13.2378,-168.0,234.0
13.2427,239.0,236.0
13.2478,185.0,234.0
13.2528,-218.0,236.0
13.2579,-196.0,238.0
13.2628,127.0,240.0
13.2677,115.0,240.0
13.2727,-133.0,240.0
13.2777,-14.0,240.0
13.283,333.0,242.0
13.2879,45.0,242.0
13.2927,-610.0,250.0
13.2978,-199.0,254.0
13.3033,740.0,264.0
13.3076,329.0,270.0
13.3131,-584.0,276.0
13.318,-318.0,278.0
13.3229,184.0,276.0
13.3277,77.0,272.0
13.3327,252.0,274.0
13.338,367.0,274.0
13.3431,-498.0,280.0
13.3477,-742.0,290.0
13.3527,534.0,296.0
13.3577,759.0,306.0
13.3629,-566.0,310.0
13.3678,-441.0,316.0
13.3728,725.0,322.0
13.3778,70.0,322.0
13.3828,-869.0,332.0
13.3877,164.0,332.0
13.3928,802.0,342.0
13.398,-307.0,346.0
13.4031,-533.0,354.0
13.4079,440.0,358.0
13.4128,231.0,362.0
13.4178,-505.0,368.0
13.4227,-23.0,366.0
13.4278,407.0,372.0
13.433,-111.0,372.0
13.4379,-177.0,376.0
13.4427,249.0,378.0
13.4477,-54.0,380.0
13.4528,-375.0,384.0
13.4579,192.0,386.0
13.4629,404.0,390.0
13.4678,-200.0,390.0
13.4727,-300.0,392.0
13.4778,77.0,388.0
13.4827,100.0,390.0
13.4878,97.0,388.0
13.4929,135.0,390.0
13.4978,-173.0,392.0
13.5027,-304.0,396.0
13.5077,81.0,394.0
13.513,301.0,396.0
13.5179,53.0,396.0
13.5228,-148.0,394.0
13.5277,-69.0,394.0
13.5327,12.0,392.0
13.5378,32.0,388.0
13.5427,18.0,388.0
13.5478,-89.0,386.0
13.5527,-33.0,386.0
13.5577,153.0,384.0
13.5628,86.0,384.0
13.568,-57.0,384.0
13.5728,-89.0,382.0
13.5778,-126.0,382.0
13.5827,-3.0,380.0
13.5877,180.0,380.0
13.5927,65.0,382.0
13.5978,-50.0,382.0
13.603,40.0,382.0
13.6081,-96.0,382.0
13.6128,-225.0,384.0
13.6177,146.0,386.0
13.623,268.0,390.0
13.6279,-193.0,394.0
13.6328,-112.0,394.0
13.6378,338.0,400.0
13.6427,-70.0,400.0
13.6477,-484.0,406.0
13.6528,114.0,406.0
13.6579,451.0,412.0
13.6629,-61.0,412.0
13.6679,-225.0,414.0
13.6728,62.0,414.0
13.6778,-29.0,416.0
13.683,-136.0,414.0
13.6879,207.0,416.0
13.6929,195.0,418.0
13.6978,-343.0,422.0
13.7028,-219.0,424.0
13.7078,434.0,430.0
13.7129,238.0,430.0
13.7178,-394.0,434.0
13.723,-219.0,434.0
13.7278,240.0,432.0
13.7327,112.0,434.0
13.7378,-126.0,432.0
13.743,28.0,432.0
13.7479,132.0,432.0
13.7528,-80.0,434.0
13.7577,-166.0,436.0
13.7627,13.0,434.0
13.768,124.0,434.0
13.773,74.0,432.0
13.7801,-8.0,432.0
13.7827,-72.0,426.0
13.7877,-126.0,428.0
13.7929,-38.0,422.0
13.7979,203.0,422.0
13.803,185.0,422.0
13.8079,-165.0,422.0
13.8127,-258.0,424.0
13.8177,72.0,424.0
13.8228,229.0,426.0
13.8282,-80.0,428.0
13.833,-215.0,430.0
13.8377,245.0,432.0
13.8427,345.0,438.0
13.8478,-383.0,442.0
13.853,-501.0,448.0
13.8579,303.0,450.0
13.8628,399.0,456.0
13.8678,-134.0,454.0
13.8728,-43.0,452.0
13.878,127.0,452.0
13.8829,-220.0,452.0
13.8879,-225.0,452.0
13.8928,165.0,452.0
13.8978,153.0,450.0
13.9027,42.0,450.0
13.9077,174.0,450.0
13.9129,-63.0,450.0
13.9178,-477.0,456.0
13.9228,-196.0,454.0
13.9279,390.0,460.0
13.9327,430.0,458.0
13.9377,67.0,456.0
13.943,-288.0,448.0
13.9478,-456.0,450.0
13.9528,-159.0,444.0
13.9577,445.0,446.0
13.9627,528.0,450.0
13.968,-169.0,452.0
13.9729,-600.0,458.0
13.9779,-48.0,452.0
13.9829,496.0,452.0
13.988,75.0,442.0
13.9928,-417.0,440.0
13.9979,32.0,428.0
14.0029,424.0,426.0
14.008,-123.0,422.0
14.0128,-397.0,416.0
14.0178,78.0,416.0
14.0229,184.0,406.0
14.028,-16.0,404.0
14.0329,139.0,394.0
14.0378,117.0,390.0
14.0427,-286.0,386.0
14.0479,-283.0,384.0
14.0528,145.0,382.0
14.0579,256.0,378.0
14.0629,61.0,380.0
14.0677,-22.0,374.0
14.0727,-109.0,374.0
14.078,-150.0,372.0
14.0827,66.0,370.0
14.0878,105.0,370.0
14.0929,-117.0,366.0
14.0977,11.0,364.0
14.1027,235.0,362.0
14.1078,-24.0,358.0
14.1128,-251.0,358.0
14.1178,-15.0,356.0
14.1229,112.0,358.0
14.1277,-46.0,356.0
14.1329,68.0,356.0
14.1377,212.0,356.0
14.1438,-150.0,354.0
14.1478,-279.0,356.0
14.1527,124.0,354.0
14.1577,92.0,354.0
14.163,-106.0,354.0
14.1678,245.0,356.0
14.173,169.0,358.0
14.1779,-479.0,366.0
14.1828,-249.0,370.0
14.1877,461.0,376.0
14.1929,231.0,378.0
14.1979,-277.0,380.0
14.203,-96.0,380.0
14.2079,125.0,382.0
14.2128,-22.0,380.0
14.2177,-75.0,380.0
14.2229,-22.0,380.0
14.2281,1.0,378.0
14.233,184.0,380.0
14.238,200.0,382.0
14.2428,-243.0,384.0
14.248,-400.0,390.0
14.2529,93.0,388.0
14.259,361.0,390.0
14.263,89.0,388.0
14.2678,-73.0,386.0
14.2727,-96.0,386.0
14.2777,-202.0,384.0
14.2829,-48.0,384.0
14.2878,250.0,380.0
14.2928,174.0,380.0
14.2978,-114.0,376.0
14.3028,-205.0,378.0
14.3079,-9.0,374.0
14.313,172.0,376.0
14.3178,10.0,376.0
14.3229,-81.0,374.0
14.3277,79.0,372.0
14.3327,-72.0,370.0
14.3377,-202.0,368.0
14.3427,206.0,368.0
14.349,310.0,366.0
14.3529,-213.0,366.0
14.3577,-348.0,366.0
14.3627,104.0,364.0
14.3677,277.0,364.0
14.3729,-15.0,362.0
14.3779,-169.0,364.0
14.3827,14.0,364.0
14.3877,146.0,364.0
14.3927,41.0,362.0
14.3978,-175.0,362.0
14.4028,-263.0,366.0
14.4079,121.0,366.0
14.4127,482.0,374.0
14.4177,-18.0,374.0
14.4227,-485.0,380.0
14.428,26.0,378.0
14.4329,305.0,382.0
14.4379,-162.0,382.0
14.4427,-95.0,380.0
14.4489,281.0,382.0
14.4527,-104.0,380.0
14.458,-266.0,382.0
14.4629,289.0,384.0
14.4678,128.0,384.0
14.4727,-360.0,386.0
14.4776,85.0,384.0
14.4829,252.0,382.0
14.488,-364.0,382.0
14.4928,-87.0,376.0
14.4977,627.0,382.0
14.5027,26.0,376.0
14.5078,-693.0,384.0
14.5131,-50.0,384.0
14.5178,488.0,390.0
14.5228,9.0,386.0
14.5277,-180.0,386.0
14.5327,148.0,386.0
14.5378,1.0,384.0
14.5427,-290.0,386.0
14.5478,18.0,384.0
14.5533,284.0,388.0
14.5577,-18.0,380.0
14.5627,-167.0,380.0
14.5679,77.0,376.0
14.5729,50.0,370.0
14.5778,-157.0,370.0
14.5827,22.0,366.0
14.5877,208.0,362.0
14.5927,-45.0,362.0
14.5981,-208.0,358.0
14.6028,23.0,350.0
14.6078,143.0,350.0
14.6127,-9.0,340.0
14.6177,-27.0,340.0
14.6227,88.0,334.0
14.628,-72.0,334.0
14.633,-238.0,330.0
14.6378,114.0,332.0
14.6427,329.0,330.0
14.648,-143.0,330.0
14.6537,-330.0,330.0
14.6579,193.0,332.0
14.6627,337.0,334.0
14.6678,-184.0,336.0
14.6727,-373.0,340.0
14.6777,16.0,338.0
14.6829,395.0,340.0
14.6878,266.0,340.0
14.6928,-387.0,344.0
14.6978,-478.0,346.0
14.7027,317.0,350.0
14.7079,430.0,358.0
14.7129,-170.0,358.0
14.7178,-98.0,358.0
14.7229,49.0,358.0
14.7277,-308.0,360.0
14.7327,-60.0,360.0
14.7378,516.0,368.0
14.7427,127.0,366.0
14.7479,-470.0,372.0
14.7528,-131.0,370.0
14.7589,358.0,376.0
14.7627,109.0,376.0
14.768,-309.0,380.0
14.7729,-116.0,380.0
14.7779,254.0,382.0
14.7827,89.0,380.0
14.7877,-148.0,378.0
14.7928,17.0,376.0
14.7979,53.0,376.0
14.8029,-130.0,376.0
14.8077,-10.0,372.0
14.8128,188.0,374.0
14.8178,10.0,366.0
14.8227,-216.0,366.0
14.8279,-55.0,360.0
14.8329,219.0,358.0
14.8379,117.0,356.0
14.8427,-163.0,358.0
14.8477,-126.0,358.0
14.8529,71.0,358.0
14.8585,71.0,358.0
14.8629,-33.0,358.0
14.8677,-46.0,360.0
14.8727,63.0,358.0
14.8778,111.0,356.0
14.8827,-75.0,354.0
14.8879,-188.0,350.0
14.8928,23.0,348.0
14.8977,177.0,346.0
14.9027,38.0,346.0
14.908,-85.0,346.0
14.9129,-86.0,346.0
14.9178,-23.0,342.0
14.9228,175.0,344.0
14.9277,136.0,342.0
14.9327,-295.0,344.0
14.9379,-252.0,346.0
14.943,333.0,348.0
14.9479,306.0,354.0
14.9531,-268.0,354.0
14.9578,-237.0,358.0
14.9627,211.0,360.0
14.9681,108.0,360.0
14.9727,-219.0,364.0
14.9779,-24.0,360.0
14.9827,218.0,360.0
14.9877,-48.0,356.0
14.9927,-142.0,356.0
14.9977,233.0,354.0
15.0027,64.0,352.0
15.0079,-490.0,356.0
15.0127,-92.0,358.0
15.0178,588.0,364.0
15.0229,173.0,366.0
15.028,-413.0,370.0
15.033,-164.0,372.0
15.0379,124.0,372.0
15.0428,55.0,368.0
15.0478,63.0,368.0
15.0529,14.0,360.0
15.0578,-123.0,362.0
15.0627,46.0,354.0
15.0677,124.0,356.0
15.0727,-192.0,354.0
15.0778,-63.0,354.0
15.0831,341.0,358.0
15.0878,-69.0,354.0
15.0927,-421.0,358.0
15.0977,189.0,358.0
15.1027,355.0,358.0
15.1078,-233.0,360.0
15.1132,-148.0,356.0
15.1178,228.0,360.0
15.1227,-61.0,356.0
15.1277,-195.0,354.0
15.1328,129.0,354.0
15.1377,93.0,346.0
15.1429,-53.0,346.0
15.1476,69.0,336.0
15.1529,-47.0,336.0
15.1577,-183.0,332.0
15.1628,96.0,332.0
15.1686,179.0,332.0
15.1741,-105.0,332.0
15.1778,-115.0,334.0
15.1828,87.0,330.0
15.1878,96.0,332.0
15.1932,-33.0,328.0
15.1979,-161.0,330.0
15.2029,-44.0,328.0
15.2079,284.0,332.0
15.2131,128.0,332.0
15.2182,-373.0,336.0
15.2229,-191.0,338.0
15.2279,312.0,340.0
15.2328,148.0,342.0
15.2379,-111.0,340.0
15.2428,42.0,340.0
15.248,-71.0,340.0
15.2532,-265.0,344.0
15.2579,113.0,346.0
15.2629,332.0,350.0
15.2677,-44.0,348.0
15.2728,-155.0,348.0
15.2777,3.0,346.0
15.2828,-156.0,342.0
15.2879,-61.0,342.0
15.2929,364.0,342.0
15.2977,131.0,342.0
15.3027,-332.0,342.0
15.3077,-73.0,340.0
15.3129,156.0,336.0
15.318,-124.0,338.0
15.3229,-19.0,332.0
15.3279,339.0,332.0
15.3327,1.0,326.0
15.3378,-420.0,326.0
15.343,-56.0,322.0
15.3479,326.0,320.0
15.3528,87.0,318.0
15.3577,-186.0,320.0
15.3629,-74.0,320.0
15.3677,141.0,318.0
15.3729,46.0,318.0
15.378,-165.0,312.0
15.3827,37.0,310.0
15.3877,187.0,306.0
15.3928,-206.0,308.0
15.3978,-211.0,306.0
15.4029,353.0,310.0
15.4078,236.0,308.0
15.4127,-367.0,312.0
15.4178,-210.0,312.0
15.4228,254.0,314.0
15.428,115.0,314.0
15.4329,-95.0,314.0
15.4377,0.0,314.0
15.4427,-15.0,312.0
15.4477,-62.0,312.0
15.4529,24.0,310.0
15.4579,66.0,312.0
15.4629,61.0,308.0
15.4678,-62.0,308.0
15.4727,-178.0,308.0
15.478,33.0,306.0
15.4828,182.0,308.0
15.4878,34.0,306.0
15.4928,20.0,304.0
15.4977,-42.0,304.0
15.5027,-273.0,308.0
15.5077,-60.0,308.0
15.5128,324.0,312.0
15.5179,150.0,314.0
15.5228,-154.0,314.0
15.5277,-120.0,314.0
15.5327,-29.0,314.0
15.538,40.0,312.0
15.543,94.0,312.0
15.5477,-53.0,312.0
15.5529,-113.0,312.0
15.5577,178.0,314.0
15.5628,190.0,314.0
15.5679,-272.0,316.0
15.5728,-261.0,316.0
15.5778,228.0,316.0
15.5829,173.0,314.0
15.5878,-141.0,310.0
15.5927,47.0,308.0
15.5977,129.0,306.0
15.603,-193.0,306.0
15.6079,-111.0,306.0
15.6129,182.0,304.0
15.6177,-35.0,306.0
15.6228,-113.0,304.0
15.6281,247.0,306.0
15.6327,60.0,306.0
15.6379,-356.0,308.0
15.6427,-13.0,306.0
15.6477,288.0,304.0
15.6528,-57.0,302.0
15.6578,-96.0,294.0
15.6627,148.0,294.0
15.6678,-117.0,290.0
15.6727,-206.0,290.0
15.6778,281.0,294.0
15.6829,201.0,296.0
15.6879,-376.0,300.0
15.6929,-157.0,302.0
15.6977,385.0,306.0
15.7027,86.0,308.0
15.7078,-311.0,310.0
15.7128,15.0,308.0
15.7177,216.0,310.0
15.7228,-103.0,306.0
15.7278,-161.0,308.0
15.7327,107.0,302.0
15.7377,123.0,302.0
15.7429,-71.0,298.0
15.7479,-42.0,294.0
15.7528,145.0,294.0
15.7577,-35.0,292.0
15.7627,-335.0,296.0
15.7677,-1.0,292.0
15.7729,420.0,296.0
15.781,101.0,296.0
15.7827,-258.0,300.0
15.7877,-83.0,300.0
15.7926,17.0,300.0
15.7977,-74.0,298.0
15.8029,58.0,298.0
15.8079,175.0,298.0
15.8127,51.0,296.0
15.8178,-60.0,296.0
15.8228,-174.0,298.0
15.828,-177.0,298.0
15.8329,170.0,300.0
15.8378,297.0,302.0
15.8428,-109.0,304.0
15.8479,-196.0,302.0
15.8529,154.0,302.0
15.8579,33.0,298.0
15.8629,-318.0,300.0
15.8678,11.0,294.0
15.8727,429.0,300.0
15.8779,46.0,298.0
15.8836,-375.0,304.0
15.8885,-106.0,304.0
15.8928,241.0,304.0
15.8979,173.0,304.0
15.9029,-146.0,302.0
15.9081,-278.0,306.0
15.9129,76.0,304.0
15.9178,347.0,310.0
15.9237,16.0,308.0
15.9279,-282.0,310.0
15.9331,-67.0,306.0
15.9378,119.0,306.0
15.943,-11.0,300.0
15.9478,2.0,300.0
15.9529,161.0,300.0
15.9578,-44.0,298.0
15.9629,-237.0,302.0
15.9678,110.0,298.0
15.9728,224.0,302.0
15.9779,-272.0,300.0
15.9829,-230.0,302.0
15.9877,456.0,304.0
15.9928,298.0,308.0
15.9979,-520.0,312.0
16.0029,-331.0,316.0
16.008,422.0,322.0
16.0127,234.0,324.0
16.0177,-274.0,326.0
16.0229,-59.0,326.0
16.0279,212.0,326.0
16.0329,-63.0,324.0
16.0379,-271.0,326.0
16.0429,88.0,322.0
16.0477,372.0,324.0
16.0528,-57.0,318.0
16.0579,-390.0,322.0
16.0629,58.0,318.0
16.0679,277.0,320.0
16.0727,-151.0,322.0
16.0779,-130.0,324.0
16.0829,276.0,328.0
16.0878,47.0,328.0
16.0929,-311.0,332.0
16.0977,-17.0,332.0
16.1027,233.0,334.0
16.1079,-11.0,334.0
16.1129,-123.0,332.0
16.1178,46.0,332.0
16.1228,59.0,330.0
16.1277,-75.0,332.0
16.1327,-55.0,332.0
16.1379,98.0,332.0
16.1428,86.0,330.0
16.1479,-114.0,330.0
16.1528,-120.0,328.0
16.1577,102.0,326.0
16.1627,133.0,326.0
16.1677,-51.0,326.0
16.1729,-123.0,326.0
16.1779,-15.0,326.0
16.1828,115.0,326.0
16.1877,63.0,326.0
16.1927,-127.0,326.0
16.1984,-82.0,326.0
16.2033,132.0,324.0
16.2077,88.0,322.0
16.2138,-103.0,320.0
16.218,-104.0,318.0
16.2229,71.0,316.0
16.228,149.0,316.0
16.2329,-65.0,316.0
16.2378,-216.0,318.0
16.2427,66.0,316.0
16.2477,263.0,318.0
16.2529,-58.0,316.0
16.258,-255.0,320.0
16.2639,52.0,318.0
16.2677,215.0,318.0
16.2727,-51.0,318.0
16.2777,-187.0,316.0
16.2829,15.0,316.0
16.2879,147.0,312.0
16.2927,101.0,314.0
16.2977,-53.0,312.0
16.3027,-279.0,314.0
16.3078,-69.0,314.0
16.3129,423.0,318.0
16.3178,149.0,316.0
16.3229,-444.0,320.0
16.3277,-147.0,316.0
16.3327,351.0,318.0
16.3377,74.0,314.0
16.343,-231.0,316.0
16.3477,28.0,312.0
16.3527,161.0,314.0
16.3577,-125.0,312.0
16.3628,-174.0,314.0
16.3677,191.0,314.0
16.3729,254.0,316.0
16.3779,-186.0,318.0
16.3827,-332.0,322.0
16.3876,96.0,322.0
16.3927,312.0,324.0
16.3977,21.0,324.0
16.4029,-169.0,322.0
16.4079,-84.0,324.0
16.4127,-13.0,318.0
16.4176,70.0,316.0
16.4227,150.0,314.0
16.428,-16.0,314.0
16.4329,-240.0,318.0
16.4378,-30.0,316.0
16.4427,319.0,320.0
16.4476,47.0,318.0
16.4529,-368.0,324.0
16.4577,-29.0,324.0
16.4628,332.0,326.0
16.4677,-14.0,324.0
16.4727,-221.0,324.0
16.4777,51.0,320.0
16.4831,117.0,320.0
16.488,-43.0,318.0
16.4928,-70.0,316.0
16.4977,-17.0,316.0
16.5027,46.0,312.0
16.5079,92.0,314.0
16.5131,-18.0,306.0
16.5179,-171.0,308.0
16.5229,22.0,304.0
16.5277,281.0,306.0
16.5332,-60.0,304.0
16.5377,-362.0,306.0
16.5429,85.0,306.0
16.5478,287.0,306.0
16.5527,-128.0,306.0
16.5577,-95.0,302.0
16.5629,225.0,306.0
16.5678,-24.0,302.0
16.5729,-272.0,304.0
16.5779,19.0,304.0
16.5829,161.0,306.0
16.5877,-42.0,306.0
16.5927,24.0,304.0
16.5978,182.0,306.0
16.6031,-124.0,304.0
16.6077,-283.0,308.0
16.6127,120.0,306.0
16.6177,184.0,304.0
16.623,-118.0,302.0
16.6281,32.0,296.0
16.6328,161.0,294.0
16.638,-172.0,288.0
16.6427,-179.0,286.0
16.6477,170.0,282.0
16.6529,113.0,280.0
16.6578,-104.0,278.0
16.6627,-3.0,276.0
16.6677,36.0,274.0
16.6729,-80.0,274.0
16.6777,16.0,270.0
16.6833,117.0,270.0
16.6882,-14.0,264.0
16.6932,-102.0,266.0
16.6979,-74.0,260.0
16.7029,39.0,260.0
16.708,196.0,258.0
16.7134,4.0,256.0
16.7182,-265.0,258.0
16.7226,32.0,254.0
16.7277,249.0,258.0
16.7329,-115.0,256.0
16.738,-176.0,258.0
16.7436,137.0,256.0
16.7484,90.0,258.0
16.7531,-58.0,256.0
16.7578,-18.0,256.0
16.7635,-56.0,256.0
16.7687,-36.0,256.0
16.7731,137.0,256.0
16.7779,80.0,256.0
16.7836,-193.0,258.0
16.7878,-115.0,258.0
16.7929,253.0,260.0
16.7981,133.0,260.0
16.8046,-293.0,262.0
16.8086,-135.0,264.0
16.8127,255.0,266.0
16.8182,86.0,268.0
16.8229,-130.0,268.0
16.8279,72.0,268.0
16.8327,15.0,266.0
16.8377,-287.0,270.0
16.8427,-45.0,268.0
16.848,371.0,272.0
16.8532,208.0,274.0
16.8583,-229.0,276.0
16.8628,-285.0,280.0
16.8677,19.0,278.0
16.8729,127.0,278.0
16.8779,33.0,276.0
16.8829,108.0,276.0
16.8882,46.0,272.0
16.8932,-171.0,274.0
16.8978,-41.0,270.0
16.9029,56.0,272.0
16.908,-122.0,270.0
16.9132,47.0,270.0
16.9181,301.0,272.0
16.9231,-47.0,272.0
16.9278,-366.0,276.0
16.9329,15.0,274.0
16.9382,343.0,278.0
16.9432,-8.0,274.0
16.9482,-295.0,278.0
16.9532,2.0,272.0
16.9577,202.0,272.0
16.9629,-11.0,266.0
16.9679,-54.0,264.0
16.9727,102.0,260.0
16.9781,-40.0,260.0
16.9828,-265.0,260.0
16.9877,-71.0,260.0
16.9929,358.0,264.0
16.9983,404.0,268.0
17.0032,-208.0,268.0
17.009,-695.0,276.0
17.0128,-138.0,274.0
17.018,634.0,282.0
17.0232,364.0,282.0
17.0283,-293.0,286.0
17.033,-263.0,284.0
17.0381,48.0,284.0
17.0428,7.0,282.0
17.0481,-57.0,282.0
17.0527,133.0,284.0
17.0578,147.0,284.0
17.0637,-108.0,284.0
17.0678,-145.0,286.0
17.0727,3.0,282.0
17.0779,56.0,282.0
17.0832,134.0,280.0
17.088,48.0,280.0
17.0945,-295.0,278.0
17.0977,-113.0,280.0
17.1028,424.0,282.0
17.1079,103.0,284.0
17.1138,-460.0,286.0
17.1177,-43.0,286.0
17.1232,393.0,290.0
17.1279,11.0,290.0
17.1328,-243.0,294.0
17.138,-31.0,294.0
17.1432,36.0,294.0
17.1478,32.0,292.0
17.1527,195.0,296.0
17.1578,21.0,292.0
17.1629,-407.0,298.0
17.168,-58.0,296.0
17.173,588.0,304.0
17.1779,26.0,298.0
17.1827,-704.0,308.0
17.1878,15.0,304.0
17.193,647.0,312.0
17.198,-40.0,310.0
17.2032,-413.0,314.0
17.2076,89.0,314.0
17.2141,171.0,314.0
17.2183,-125.0,314.0
17.2227,-52.0,314.0
17.2291,49.0,314.0
17.2326,18.0,314.0
17.2382,118.0,312.0
17.2428,12.0,310.0
17.2479,-203.0,310.0
17.2533,-9.0,308.0
17.2582,101.0,306.0
17.2632,-94.0,306.0
17.2678,56.0,306.0
17.2728,242.0,308.0
17.2778,-79.0,306.0
17.2828,-272.0,308.0
17.288,-29.0,306.0
17.2926,122.0,306.0
17.2982,99.0,306.0
17.3029,82.0,306.0
17.3078,-19.0,306.0
17.3132,-170.0,308.0
17.3186,-150.0,310.0
17.3232,108.0,310.0
17.3282,292.0,314.0
17.3329,31.0,312.0
17.3379,-316.0,316.0
17.3433,-169.0,318.0
17.3476,187.0,318.0
17.3526,231.0,322.0
17.3583,23.0,318.0
17.3629,-171.0,320.0
17.3684,-173.0,320.0
17.3727,55.0,318.0
17.3782,184.0,318.0
17.3829,-40.0,318.0
17.3881,-115.0,318.0
17.3931,197.0,320.0
17.398,90.0,320.0
17.4031,-394.0,326.0
17.4076,-142.0,328.0
17.4133,447.0,332.0
17.4187,167.0,334.0
17.4227,-349.0,336.0
17.4282,-101.0,336.0
17.4326,216.0,336.0
17.4377,22.0,334.0
17.4429,-94.0,330.0
17.4478,-4.0,328.0
17.4529,-34.0,326.0
17.4582,-4.0,324.0
17.4633,125.0,324.0
17.4679,50.0,324.0
17.473,-116.0,326.0
17.4779,-59.0,322.0
17.483,54.0,322.0
17.4877,-42.0,316.0
17.4927,-34.0,314.0
17.4976,171.0,312.0
17.5028,81.0,310.0
17.508,-188.0,312.0
17.5134,-147.0,312.0
17.5177,76.0,314.0
17.5235,164.0,314.0
17.5285,47.0,314.0
17.533,-115.0,314.0
17.538,-63.0,314.0
17.5433,32.0,314.0
17.5477,-23.0,312.0
17.5526,56.0,312.0
17.5578,116.0,308.0
17.563,-104.0,310.0
17.5682,-148.0,306.0
17.5727,50.0,308.0
17.5783,94.0,304.0
17.5827,73.0,304.0
17.5878,25.0,300.0
17.5927,-137.0,302.0
17.5984,-128.0,300.0
17.6026,100.0,302.0
17.6081,135.0,304.0
17.6129,-59.0,302.0
17.6179,-50.0,304.0
17.6241,114.0,300.0
17.6278,-38.0,300.0
17.6334,-239.0,298.0
17.6377,44.0,292.0
17.6429,294.0,294.0
17.6482,-7.0,284.0
17.6531,-210.0,284.0
17.6578,42.0,276.0
17.6628,82.0,270.0
17.6676,-160.0,268.0
17.6726,-30.0,264.0
17.6777,255.0,268.0
17.6826,52.0,268.0
17.6879,-249.0,272.0
17.6928,-88.0,272.0
17.6977,165.0,272.0
17.7027,134.0,272.0
17.7079,-44.0,270.0
17.713,-188.0,274.0
17.7178,-110.0,274.0
17.723,206.0,276.0
17.7284,286.0,278.0
17.7331,-153.0,276.0
17.7377,-405.0,282.0
17.7428,35.0,276.0
17.7478,379.0,280.0
17.7527,87.0,274.0
17.7577,-215.0,276.0
17.7628,-134.0,272.0
17.7677,22.0,272.0
17.7728,92.0,270.0
17.7821,95.0,272.0
17.7826,-33.0,272.0
17.788,-117.0,272.0
17.7928,22.0,270.0
17.7978,93.0,270.0
17.8027,-56.0,266.0
17.8077,-54.0,266.0
17.8127,89.0,258.0
17.8177,-34.0,258.0
17.823,-100.0,248.0
17.8281,208.0,252.0
17.8328,126.0,244.0
17.8377,-377.0,248.0
17.8426,-185.0,244.0
17.8477,386.0,250.0
17.8529,208.0,250.0
17.858,-222.0,252.0
17.863,-127.0,252.0
17.8676,22.0,252.0
17.8727,-12.0,252.0
17.8777,102.0,252.0
17.8827,107.0,254.0
17.8879,-141.0,252.0
17.8929,-101.0,254.0
17.8979,132.0,254.0
17.9027,27.0,254.0
17.9081,-69.0,254.0
17.9131,72.0,250.0
17.9177,-54.0,250.0
17.9229,-201.0,250.0
17.9277,146.0,252.0
17.9331,323.0,254.0
17.9379,-100.0,254.0
17.943,-362.0,258.0
17.9477,-58.0,260.0
17.9527,319.0,262.0
17.9576,206.0,262.0
17.9626,-229.0,264.0
17.9677,-229.0,264.0
17.9729,101.0,264.0
17.9779,111.0,262.0
17.9826,7.0,258.0
17.9877,24.0,256.0
17.9929,-31.0,254.0
17.9978,-25.0,254.0
18.0028,39.0,252.0
18.0078,-87.0,250.0
18.0129,-142.0,252.0
18.0178,143.0,250.0
18.023,290.0,254.0
18.0281,-83.0,254.0
18.0329,-344.0,256.0
18.0385,9.0,254.0
18.0428,283.0,254.0
18.0477,18.0,252.0
18.0529,-181.0,248.0
18.058,-37.0,246.0
18.0627,88.0,240.0
18.0676,62.0,240.0
18.0727,-21.0,238.0
18.0777,-61.0,238.0
18.0826,-18.0,236.0
18.0879,45.0,238.0
18.0927,74.0,238.0
18.0978,-57.0,238.0
18.1029,-167.0,240.0
18.1077,79.0,240.0
18.113,214.0,242.0
18.1179,-65.0,242.0
18.1227,-116.0,242.0
18.1277,19.0,242.0
18.1327,-89.0,242.0
18.1376,20.0,240.0
18.143,274.0,244.0
18.1477,-37.0,242.0
18.1528,-367.0,244.0
18.1577,44.0,244.0
18.1627,382.0,248.0
18.1682,-74.0,248.0
18.1728,-328.0,252.0
18.1778,139.0,252.0
18.1827,223.0,256.0
18.1877,-205.0,258.0
18.1927,-104.0,260.0
18.1978,220.0,260.0
18.203,-42.0,260.0
18.2078,-182.0,260.0
18.2129,227.0,264.0
18.2178,162.0,264.0
18.2231,-347.0,268.0
18.2281,-202.0,272.0
18.2329,280.0,274.0
18.2382,224.0,274.0
18.2426,-91.0,274.0
18.2492,-158.0,276.0
18.253,-31.0,274.0
18.2577,78.0,276.0
18.2627,7.0,274.0
18.2677,-106.0,274.0
18.2727,65.0,272.0
18.2778,212.0,274.0
18.2827,-49.0,270.0
18.2879,-230.0,274.0
18.2928,-72.0,272.0
18.2979,67.0,272.0
18.3026,167.0,274.0
18.3077,179.0,274.0
18.313,-114.0,276.0
18.3179,-308.0,276.0
18.3227,-33.0,276.0
18.3277,234.0,276.0
18.3327,123.0,276.0
18.3377,-98.0,276.0
18.343,-113.0,274.0
18.3478,105.0,276.0
18.3528,110.0,274.0
18.3577,-250.0,276.0
18.3627,-175.0,276.0
18.3678,351.0,278.0
18.3729,217.0,278.0
18.3779,-310.0,276.0
18.3826,-140.0,278.0
18.3877,209.0,276.0
18.3927,-11.0,274.0
18.3979,-163.0,274.0
18.4028,116.0,274.0
18.4077,161.0,276.0
18.4128,-157.0,276.0
18.4177,-96.0,276.0
18.4228,243.0,280.0
18.4278,-52.0,278.0
18.4328,-412.0,284.0
18.4377,160.0,286.0
18.4445,509.0,294.0
18.4477,-187.0,296.0
18.4529,-407.0,300.0
18.4579,240.0,304.0
18.4628,216.0,306.0
18.4677,-317.0,306.0
18.4727,-112.0,306.0
18.4779,257.0,304.0
18.4828,78.0,304.0
18.4878,-26.0,298.0
18.4927,-1.0,294.0
18.498,-193.0,294.0
18.5037,-86.0,294.0
18.5077,241.0,296.0
18.5127,57.0,298.0
18.5177,-161.0,298.0
18.5227,91.0,298.0
18.5277,88.0,298.0
18.5327,-243.0,300.0
18.5377,-82.0,298.0
18.5429,300.0,302.0
18.5477,91.0,304.0
18.5527,-257.0,306.0
18.5577,-32.0,306.0
18.5627,201.0,306.0
18.5679,-77.0,304.0
18.5729,-185.0,302.0
18.5778,119.0,302.0
18.5827,132.0,300.0
18.5877,-63.0,300.0
18.5928,42.0,294.0
18.5978,19.0,292.0
18.6029,-251.0,292.0
18.6077,-53.0,290.0
18.6129,329.0,294.0
18.6177,88.0,292.0
18.623,-227.0,296.0
18.6279,-44.0,296.0
18.6327,31.0,296.0
18.6377,-53.0,298.0
18.6426,155.0,298.0
18.6477,140.0,300.0
18.6529,-280.0,302.0
18.6579,-216.0,302.0
18.6628,324.0,304.0
18.6677,298.0,306.0
18.6727,-262.0,306.0
18.6777,-339.0,310.0
18.6827,100.0,308.0
18.6878,261.0,312.0
18.6926,51.0,310.0
18.6977,-102.0,310.0
18.703,-89.0,310.0
18.7079,-1.0,310.0
18.7129,53.0,310.0
18.7177,-3.0,310.0
18.723,-28.0,310.0
18.7278,25.0,310.0
18.733,-6.0,308.0
18.738,19.0,308.0
18.743,126.0,306.0
18.7479,-77.0,306.0
18.7527,-301.0,308.0
18.7577,45.0,308.0
18.7628,385.0,312.0
18.7678,65.0,312.0
18.7729,-295.0,316.0
18.7779,-114.0,318.0
18.7827,126.0,316.0
18.7876,23.0,314.0
18.7927,-26.0,310.0
18.7979,110.0,310.0
18.8029,-12.0,304.0
18.8078,-137.0,306.0
18.8129,129.0,302.0
18.8176,73.0,302.0
18.8229,-340.0,304.0
18.8282,-55.0,302.0
18.833,466.0,306.0
18.8377,96.0,304.0
18.8427,-366.0,310.0
18.8479,-63.0,308.0
18.8527,159.0,308.0
18.8579,-83.0,306.0
18.8629,-58.0,302.0
18.8676,209.0,302.0
18.8727,109.0,298.0
18.8778,-182.0,298.0
18.8832,-177.0,300.0
18.8878,21.0,298.0
18.8929,121.0,298.0
18.8979,86.0,298.0
18.9026,21.0,300.0
18.9078,27.0,298.0
18.913,-39.0,298.0
18.9179,-232.0,298.0
18.9229,-153.0,300.0
18.9277,209.0,300.0
18.9327,313.0,302.0
18.9377,51.0,302.0
18.9429,-209.0,304.0
18.9478,-227.0,304.0
18.9527,-22.0,302.0
18.9577,154.0,300.0
18.963,133.0,302.0
18.9678,28.0,298.0
18.9728,-111.0,298.0
18.9778,-181.0,300.0
18.9826,72.0,298.0
18.9877,298.0,302.0
18.9929,-16.0,300.0
18.9978,-350.0,302.0
19.0028,-93.0,300.0
19.0077,248.0,300.0
19.0129,143.0,298.0
19.0177,-52.0,294.0
19.0228,-16.0,292.0
19.0281,-21.0,290.0
19.0328,-169.0,292.0
19.0376,-96.0,290.0
19.0427,205.0,292.0
19.0477,228.0,292.0
19.0527,-124.0,292.0
19.0579,-233.0,294.0
19.0629,143.0,292.0
19.0677,181.0,294.0
19.0727,-304.0,294.0
19.0778,-172.0,294.0
19.0828,422.0,292.0
19.0877,173.0,292.0
19.0929,-386.0,292.0
19.0979,-119.0,290.0
19.1027,270.0,290.0
19.1077,19.0,286.0
19.1131,-168.0,286.0
19.1176,72.0,284.0
19.1228,101.0,284.0
19.1277,-154.0,286.0
19.1331,-69.0,288.0
19.1386,265.0,288.0
19.143,81.0,288.0
19.1478,-375.0,290.0
19.1527,-125.0,292.0
19.1577,388.0,296.0
19.1627,141.0,296.0
19.1687,-284.0,298.0
19.1727,-96.0,296.0
19.1776,147.0,298.0
19.1826,33.0,294.0
19.1877,-48.0,292.0
19.1927,-12.0,288.0
19.198,-22.0,288.0
19.2028,3.0,286.0
19.2077,99.0,286.0
19.2128,88.0,284.0
19.2177,-134.0,284.0
19.2233,-240.0,286.0
19.2281,75.0,286.0
19.2328,316.0,290.0
19.2376,-7.0,290.0
19.2427,-283.0,292.0
19.2477,14.0,290.0
19.2529,227.0,290.0
19.2576,-39.0,288.0
19.2627,-166.0,288.0
19.2686,19.0,286.0
19.2735,47.0,288.0
19.2776,0.0,286.0
19.2828,103.0,286.0
19.2878,46.0,284.0
19.2927,-175.0,282.0
19.2979,-125.0,280.0
19.3026,109.0,278.0
19.3077,134.0,276.0
19.3129,17.0,272.0
19.3179,-38.0,266.0
19.3229,-78.0,266.0
19.3276,-89.0,264.0
19.3327,41.0,264.0
19.3376,162.0,264.0
19.343,-10.0,264.0
19.3478,-142.0,266.0
19.3527,86.0,266.0
19.3577,70.0,266.0
19.3636,-214.0,270.0
19.3683,-27.0,270.0
19.3729,243.0,274.0
19.3777,18.0,274.0
19.3827,-132.0,274.0
19.3877,39.0,272.0
19.3927,21.0,268.0
19.398,-139.0,270.0
19.4028,-38.0,264.0
19.4078,123.0,266.0
19.4129,105.0,262.0
19.4177,97.0,262.0
19.4228,-22.0,260.0
19.4282,-318.0,266.0
19.4329,-210.0,268.0
19.4377,261.0,270.0
19.4427,313.0,276.0
19.4476,6.0,274.0
19.4527,-109.0,272.0
19.4578,-134.0,274.0
19.4629,-187.0,272.0
19.4688,-1.0,270.0
19.4727,244.0,268.0
19.4779,160.0,268.0
19.4828,-42.0,264.0
19.4877,-127.0,264.0
19.4929,-135.0,264.0
19.4979,-10.0,262.0
19.5026,92.0,264.0
19.5078,63.0,260.0
19.5128,70.0,260.0
19.5178,5.0,258.0
19.5228,-166.0,258.0
19.5277,-97.0,258.0
19.5327,141.0,258.0
19.5379,134.0,260.0
19.5429,-40.0,260.0
19.5479,-109.0,262.0
19.5527,-79.0,262.0
19.5576,53.0,258.0
19.5627,130.0,258.0
19.5678,-24.0,256.0
19.5739,-40.0,252.0
19.5776,97.0,252.0
19.5827,-106.0,250.0
19.5877,-250.0,250.0
19.5928,128.0,252.0
19.5979,333.0,256.0
19.6028,3.0,254.0
19.6078,-241.0,256.0
19.613,-119.0,256.0
19.6177,55.0,254.0
19.6227,99.0,256.0
19.6281,42.0,252.0
19.6328,-9.0,252.0
19.6376,28.0,246.0
19.6426,-14.0,244.0
19.6476,-180.0,244.0
19.6529,-54.0,242.0
19.6577,264.0,246.0
19.6627,130.0,248.0
19.6677,-208.0,250.0
19.6737,-114.0,250.0
19.6776,75.0,250.0
19.6826,-8.0,246.0
19.6877,11.0,242.0
19.6926,146.0,244.0
19.6977,-33.0,240.0
19.7029,-222.0,242.0
19.7076,114.0,240.0
19.7128,296.0,240.0
19.7177,-283.0,242.0
19.7228,-437.0,242.0
19.7276,352.0,244.0
19.7326,520.0,246.0
19.7379,-222.0,248.0
19.7431,-381.0,250.0
19.7477,67.0,250.0
19.7527,107.0,250.0
19.7578,-46.0,250.0
19.7632,70.0,250.0
19.7679,82.0,248.0
19.7728,-95.0,248.0
19.7778,-23.0,244.0
19.7829,137.0,246.0
19.7882,-97.0,242.0
19.7928,-312.0,244.0
19.7978,107.0,240.0
19.8028,467.0,244.0
19.8078,12.0,240.0
19.8128,-395.0,246.0
19.8178,-63.0,244.0
19.8232,156.0,246.0
19.8281,-69.0,246.0
19.8328,9.0,246.0
19.8384,247.0,250.0
19.8427,-3.0,250.0
19.8476,-317.0,252.0
19.8528,-92.0,254.0
19.8579,316.0,256.0
19.8627,228.0,256.0
19.8681,-296.0,260.0
19.8727,-389.0,260.0
19.8782,188.0,264.0
19.8827,443.0,266.0
19.8877,-14.0,266.0
19.8926,-275.0,266.0
19.8977,-44.0,266.0
19.9026,33.0,264.0
19.9079,-58.0,264.0
19.9129,47.0,264.0
19.9177,138.0,268.0
19.9227,35.0,266.0
19.9279,-84.0,266.0
19.9327,-123.0,266.0
19.9378,29.0,264.0
19.9428,191.0,266.0
19.9477,-89.0,264.0
19.9527,-321.0,270.0
19.9576,142.0,272.0
19.9628,440.0,276.0
19.9677,-62.0,276.0
19.9729,-379.0,282.0
19.9785,-37.0,280.0
19.9834,171.0,282.0
19.9876,7.0,280.0
19.9927,-32.0,280.0
19.9978,88.0,280.0
20.0027,41.0,276.0
20.0077,-94.0,278.0
20.0129,-83.0,276.0
20.0176,-8.0,276.0
20.0227,86.0,274.0
20.028,131.0,276.0
20.0329,-85.0,278.0
20.0377,-197.0,278.0
20.0427,113.0,280.0
20.0478,200.0,280.0
20.0527,-143.0,280.0
20.0579,-171.0,282.0
20.063,124.0,284.0
20.0679,115.0,280.0
20.0728,-77.0,278.0
20.0778,-19.0,274.0
20.0827,108.0,272.0
20.0879,-89.0,272.0
20.0927,-284.0,276.0
20.0978,158.0,276.0
20.1026,506.0,280.0
20.1079,-151.0,284.0
20.1128,-574.0,288.0
20.1179,70.0,286.0
20.1229,388.0,292.0
20.1276,9.0,290.0
20.1327,-66.0,290.0
20.1378,-12.0,290.0
20.143,-162.0,290.0
20.1479,-38.0,290.0
20.1527,174.0,292.0
20.1576,51.0,292.0
20.1627,-34.0,290.0
20.168,-11.0,290.0
20.173,-142.0,290.0
20.1776,3.0,288.0
20.183,320.0,292.0
20.1882,-62.0,290.0
20.1926,-469.0,296.0
20.1976,123.0,298.0
20.2036,498.0,304.0
20.2077,-141.0,306.0
20.2129,-364.0,310.0
20.2177,121.0,310.0
20.2227,159.0,312.0
20.2281,-72.0,308.0
20.2328,16.0,308.0
20.2376,-6.0,302.0
20.2426,-169.0,304.0
20.2476,102.0,302.0
20.253,335.0,306.0
20.2579,-154.0,308.0
20.2628,-442.0,312.0
20.2677,124.0,314.0
20.2728,372.0,320.0
20.2777,-103.0,320.0
20.2828,-172.0,324.0
20.2876,193.0,324.0
20.2926,32.0,324.0
20.2977,-318.0,324.0
20.3026,-27.0,322.0
20.3079,316.0,324.0
20.3128,36.0,322.0
20.3177,-174.0,324.0
20.3228,50.0,326.0
20.3277,45.0,326.0
20.3327,-162.0,326.0
20.338,-31.0,326.0
20.3429,166.0,326.0
20.3477,35.0,324.0
20.3527,-63.0,320.0
20.3576,96.0,318.0
20.3626,-3.0,310.0
20.3679,-337.0,310.0
20.3728,-91.0,304.0
20.3778,471.0,308.0
20.3829,300.0,306.0
20.3901,-326.0,310.0
20.3927,-404.0,314.0
20.3978,-18.0,314.0
20.4027,254.0,318.0
20.4076,303.0,320.0
20.4127,36.0,320.0
20.4177,-341.0,324.0
20.4227,-227.0,326.0
20.428,175.0,328.0
20.4327,197.0,326.0
20.4376,10.0,324.0
20.4426,-20.0,318.0
20.4476,-98.0,318.0
20.4528,-177.0,316.0
20.4579,118.0,316.0
20.4628,339.0,318.0
20.4676,-138.0,320.0
20.4727,-424.0,326.0
20.4777,174.0,326.0
20.4828,381.0,332.0
20.4879,-212.0,330.0
20.4927,-235.0,332.0
20.4977,236.0,330.0
20.5026,79.0,328.0
20.5076,-213.0,326.0
20.5128,29.0,322.0
20.5177,132.0,320.0
20.5229,-97.0,314.0
20.5276,-26.0,316.0
20.5327,111.0,312.0
20.5376,-95.0,314.0
20.5429,-29.0,314.0
20.5478,269.0,316.0
20.5527,-112.0,318.0
20.5576,-482.0,322.0
20.5627,155.0,324.0
20.5679,593.0,332.0
20.5728,-19.0,332.0
20.578,-449.0,338.0
20.5827,-154.0,338.0
20.5877,95.0,338.0
20.5938,173.0,334.0
20.5979,236.0,336.0
20.603,-25.0,330.0
20.608,-378.0,334.0
20.6127,-180.0,332.0
20.6179,374.0,338.0
20.6227,387.0,340.0
20.6279,-317.0,346.0
20.6329,-547.0,354.0
20.6376,217.0,356.0
20.6426,537.0,364.0
20.6477,-100.0,364.0
20.6529,-315.0,366.0
20.6579,53.0,368.0
20.6628,35.0,366.0
20.6676,-93.0,366.0
20.6726,123.0,366.0
20.6778,134.0,366.0
20.6828,-153.0,366.0
20.6879,-109.0,364.0
20.6927,143.0,364.0
20.6977,50.0,364.0
20.7027,-113.0,362.0
20.7078,12.0,362.0
20.7128,43.0,360.0
20.7179,-100.0,362.0
20.7228,2.0,360.0
20.7278,179.0,362.0
20.7326,27.0,358.0
20.7379,-158.0,358.0
20.7428,-53.0,350.0
20.7478,19.0,348.0
20.7527,-26.0,340.0
20.7577,140.0,342.0
20.7628,186.0,338.0
20.7677,-208.0,342.0
20.7729,-308.0,344.0
20.7779,183.0,348.0
20.7826,327.0,350.0
20.7882,-155.0,352.0
20.7929,-289.0,354.0
20.7981,153.0,356.0
20.8028,233.0,358.0
20.8078,-149.0,360.0
20.8131,-156.0,360.0
20.8176,144.0,362.0
20.8228,91.0,360.0
20.8279,-119.0,360.0
20.8329,-71.0,354.0
20.8376,24.0,352.0
20.8426,81.0,346.0
20.8478,113.0,346.0
20.8528,-116.0,342.0
20.8578,-195.0,342.0
20.8628,198.0,344.0
20.8677,186.0,346.0
20.8728,-305.0,350.0
20.8778,-159.0,352.0
20.8828,329.0,354.0
20.8877,148.0,356.0
20.8928,-207.0,354.0
20.8977,-103.0,352.0
20.9026,18.0,346.0
20.9076,16.0,344.0
20.9128,129.0,340.0
20.9178,63.0,340.0
20.9228,-220.0,340.0
20.9278,-90.0,338.0
20.9326,287.0,342.0
20.938,55.0,338.0
20.9431,-323.0,344.0
20.9477,12.0,338.0
20.9527,311.0,344.0
20.9577,-63.0,342.0
20.9626,-274.0,344.0
20.9678,58.0,344.0
20.9729,230.0,346.0
20.9779,-22.0,346.0
20.9826,-168.0,346.0
20.9876,32.0,346.0
20.9927,104.0,346.0
20.9979,-143.0,348.0
21.0029,-128.0,350.0
21.0077,313.0,348.0
21.0127,312.0,352.0
21.0177,-380.0,350.0
21.0232,-526.0,354.0
21.0277,213.0,352.0
21.0328,507.0,354.0
21.0376,51.0,354.0
21.0426,-212.0,354.0
21.0477,-143.0,352.0
21.0527,-72.0,352.0
21.0577,29.0,348.0
21.0628,89.0,346.0
21.0676,70.0,344.0
21.0727,75.0,342.0
21.0776,-27.0,342.0
21.0829,-175.0,344.0
21.0878,-52.0,344.0
21.0928,146.0,344.0
21.0976,47.0,342.0
21.1027,-114.0,338.0
21.108,18.0,336.0
21.1128,164.0,332.0
21.1179,-51.0,330.0
21.1228,-238.0,328.0
21.1276,9.0,326.0
21.1327,226.0,326.0
21.1377,33.0,322.0
21.1428,-90.0,322.0
21.1477,37.0,320.0
21.1527,-66.0,320.0
21.1576,-182.0,320.0
21.1627,114.0,320.0
21.1678,214.0,324.0
21.1727,-84.0,324.0
21.1779,-71.0,324.0
21.1826,110.0,324.0
21.1876,-80.0,322.0
21.1927,-214.0,322.0
21.1979,86.0,316.0
21.2027,278.0,318.0
21.2085,10.0,310.0
21.2127,-224.0,312.0
21.2177,-74.0,306.0
21.2227,103.0,306.0
21.2278,42.0,306.0
21.2329,-12.0,302.0
21.2376,61.0,300.0
21.2426,-22.0,300.0
21.2476,-171.0,296.0
21.2526,38.0,294.0
21.2578,212.0,292.0
21.2627,-55.0,286.0
21.2676,-156.0,284.0
21.2726,58.0,276.0
21.2778,25.0,274.0
21.2827,-51.0,266.0
21.2879,124.0,266.0
21.2927,85.0,262.0
21.298,-181.0,264.0
21.3026,-156.0,266.0
21.3078,58.0,266.0
21.3129,138.0,266.0
21.3177,155.0,266.0
21.3226,47.0,266.0
21.3276,-243.0,268.0
21.3326,-256.0,268.0
21.3379,134.0,270.0
21.3429,273.0,272.0
21.3479,-16.0,272.0
21.3527,-82.0,274.0
21.3576,90.0,274.0
21.3626,-117.0,276.0
21.3678,-295.0,276.0
21.3729,131.0,278.0
21.3778,380.0,282.0
21.3826,14.0,282.0
21.3876,-218.0,284.0
21.3929,-126.0,286.0
21.3983,-46.0,284.0
21.4032,106.0,284.0
21.4076,198.0,284.0
21.4128,-48.0,280.0
21.4177,-184.0,280.0
21.4229,89.0,276.0
21.4278,89.0,274.0
21.4329,-267.0,274.0
21.4376,13.0,272.0
21.4428,508.0,276.0
21.4481,-78.0,276.0
21.4529,-678.0,284.0
21.4586,70.0,282.0
21.4634,667.0,292.0
21.4679,-31.0,290.0
21.4728,-478.0,296.0
21.478,46.0,296.0
21.4831,222.0,298.0
21.4881,-124.0,298.0
21.4931,-18.0,298.0
21.4987,177.0,296.0
21.5028,-86.0,296.0
21.5078,-136.0,294.0
21.5143,101.0,292.0
21.5177,24.0,290.0
21.5227,-13.0,284.0
21.5278,115.0,284.0
21.5329,-155.0,282.0
21.5379,-250.0,286.0
21.5434,302.0,290.0
21.5476,316.0,294.0
21.5527,-330.0,298.0
21.5588,-268.0,300.0
21.5629,244.0,302.0
21.568,138.0,302.0
21.5731,-116.0,300.0
21.5776,0.0,298.0
21.5828,26.0,294.0
21.5878,-89.0,294.0
21.593,-13.0,290.0
21.5983,94.0,290.0
21.6026,57.0,288.0
21.6082,13.0,286.0
21.6131,-70.0,284.0
21.6179,-177.0,286.0
21.6235,-4.0,284.0
21.6281,255.0,288.0
21.6333,84.0,288.0
21.6376,-206.0,288.0
21.6428,-65.0,288.0
21.6485,151.0,284.0
21.6529,-10.0,280.0
21.6582,-173.0,276.0
21.6634,28.0,268.0
21.6678,181.0,268.0
21.6728,39.0,260.0
21.678,-49.0,260.0
21.6831,-106.0,260.0
21.6876,-158.0,260.0
21.6931,107.0,260.0
21.6981,251.0,264.0
21.7028,-117.0,264.0
21.7082,-190.0,266.0
21.7131,208.0,268.0
21.7176,133.0,270.0
21.7227,-287.0,272.0
21.7276,-156.0,272.0
21.7329,216.0,274.0
21.7379,152.0,276.0
21.7428,-29.0,274.0
21.7481,-25.0,274.0
21.7529,-126.0,274.0
21.7581,-167.0,276.0
21.7629,179.0,274.0
21.7677,316.0,280.0
21.7734,-161.0,278.0
21.7781,-365.0,284.0
21.7839,98.0,284.0
21.7877,326.0,288.0
21.7926,14.0,288.0
21.7981,-217.0,288.0
21.8031,-147.0,288.0
21.8076,27.0,286.0
21.8129,204.0,288.0
21.8179,208.0,290.0
21.8234,-94.0,290.0
21.8279,-341.0,294.0
21.8327,-130.0,292.0
21.8382,235.0,294.0
21.8428,281.0,294.0
21.848,34.0,294.0
21.8529,-263.0,296.0
21.8577,-231.0,298.0
21.8626,209.0,300.0
21.8678,250.0,302.0
21.8731,-259.0,306.0
21.8778,-210.0,310.0
21.8828,340.0,314.0
21.8881,206.0,314.0
21.8934,-315.0,318.0
21.8984,-184.0,318.0
21.9028,181.0,320.0
21.9077,88.0,320.0
21.9132,-52.0,320.0
21.9185,42.0,320.0
21.9231,-6.0,318.0
21.9276,-143.0,320.0
21.9327,35.0,318.0
21.9384,221.0,320.0
21.9427,-52.0,318.0
21.9479,-299.0,322.0
21.9527,-1.0,320.0
21.958,332.0,322.0
21.9628,109.0,322.0
21.9679,-276.0,324.0
21.9739,-168.0,322.0
21.9784,176.0,322.0
21.9829,138.0,320.0
21.9878,-100.0,322.0
21.9929,-72.0,322.0
21.9979,61.0,322.0
22.0026,29.0,320.0
22.0077,-46.0,316.0
22.0126,-19.0,314.0
22.0176,74.0,310.0
22.0227,40.0,310.0
22.0287,-137.0,308.0
22.033,-78.0,308.0
22.0377,161.0,310.0
22.0426,77.0,310.0
22.0478,-90.0,308.0
22.0526,24.0,308.0
22.0582,-23.0,304.0
22.0633,-183.0,306.0
22.0677,85.0,306.0
22.0727,238.0,306.0
22.0781,-83.0,306.0
22.0829,-87.0,300.0
22.0881,100.0,300.0
22.0926,-146.0,292.0
22.0982,-171.0,294.0
22.1028,241.0,286.0
22.1076,187.0,290.0
22.1131,-160.0,284.0
22.1181,-49.0,284.0
22.1226,66.0,282.0
22.1278,-163.0,282.0
22.1332,-59.0,284.0
22.1377,281.0,284.0
22.1432,55.0,284.0
22.1476,-269.0,286.0
22.1532,52.0,286.0
22.1578,222.0,288.0
22.1629,-210.0,292.0
22.168,-179.0,292.0
22.1732,297.0,296.0
22.1785,108.0,292.0
22.1829,-287.0,292.0
22.1879,-29.0,288.0
22.1926,218.0,286.0
22.1979,-5.0,282.0
22.2026,-117.0,280.0
22.2081,3.0,278.0
22.2139,7.0,276.0
22.2176,-12.0,276.0
22.2229,63.0,278.0
22.2284,36.0,276.0
22.2335,-81.0,278.0
22.238,-11.0,276.0
22.2431,110.0,278.0
22.2476,-71.0,278.0
22.2534,-205.0,280.0
22.2582,96.0,278.0
22.2631,298.0,284.0
22.2678,-3.0,280.0
22.2728,-278.0,282.0
22.2778,-103.0,280.0
22.2826,155.0,282.0
22.2878,128.0,282.0
22.2932,-34.0,282.0
22.2978,-111.0,282.0
22.3028,-41.0,282.0
22.3078,117.0,280.0
22.3131,97.0,282.0
22.3182,-104.0,282.0
22.3231,-115.0,282.0
22.3281,36.0,280.0
22.3343,50.0,280.0
22.3382,17.0,276.0
22.3426,62.0,276.0
22.3482,21.0,272.0
22.3528,-129.0,272.0
22.3578,-106.0,270.0
22.3628,105.0,268.0
22.368,113.0,268.0
22.3737,-41.0,264.0
22.3783,13.0,262.0
22.3829,2.0,262.0
22.3876,-211.0,264.0
22.3928,5.0,264.0
22.398,401.0,266.0
22.4025,6.0,264.0
22.4077,-526.0,268.0
22.4126,-61.0,266.0
22.4176,479.0,268.0
22.4227,119.0,268.0
22.428,-222.0,266.0
22.4327,-45.0,266.0
22.4376,-65.0,264.0
22.4427,-179.0,264.0
22.4477,139.0,266.0
22.4532,346.0,268.0
22.4584,23.0,266.0
22.4629,-261.0,268.0
22.4676,-190.0,266.0
22.4727,-7.0,264.0
22.4776,131.0,262.0
22.4826,224.0,262.0
22.4879,138.0,264.0
22.4927,-235.0,262.0
22.4978,-375.0,266.0
22.5026,108.0,264.0
22.5076,363.0,266.0
22.5128,-36.0,262.0
22.5178,-142.0,260.0
22.5228,109.0,258.0
22.5276,-61.0,254.0
22.5327,-204.0,254.0
22.5379,110.0,252.0
22.5428,189.0,252.0
22.5477,-70.0,252.0
22.5527,-136.0,254.0
22.5576,35.0,254.0
22.5627,187.0,256.0
22.5678,32.0,254.0
22.5731,-291.0,258.0
22.5779,-179.0,258.0
22.5826,285.0,262.0
22.5878,301.0,262.0
22.5926,-147.0,264.0
22.5977,-279.0,262.0
22.6026,8.0,262.0
22.6077,137.0,258.0
22.6128,30.0,256.0
22.6176,5.0,254.0
22.623,5.0,252.0
22.6278,-62.0,252.0
22.6328,-44.0,250.0
22.6376,30.0,250.0
22.6428,66.0,252.0
22.6476,45.0,252.0
22.6527,-75.0,252.0
22.6576,-117.0,252.0
22.6627,41.0,252.0
22.6676,124.0,252.0
22.6726,23.0,252.0
22.6776,-36.0,250.0
22.6826,-36.0,248.0
22.6877,-82.0,248.0
22.6926,-37.0,248.0
22.6978,125.0,250.0
22.7026,116.0,250.0
22.7076,-50.0,248.0
22.7129,-125.0,248.0
22.7177,-73.0,248.0
22.7227,99.0,248.0
22.7276,136.0,248.0
22.7328,-128.0,248.0
22.7376,-98.0,246.0
22.7426,212.0,246.0
22.7477,2.0,244.0
22.7527,-259.0,244.0
22.758,121.0,246.0
22.7627,223.0,248.0
22.768,-242.0,250.0
22.7729,-149.0,250.0
22.7778,269.0,250.0
22.7826,68.0,250.0
22.7876,-146.0,248.0
22.7926,44.0,248.0
22.7978,-24.0,246.0
22.8028,-174.0,246.0
22.8077,107.0,244.0
22.8127,261.0,244.0
22.8176,-77.0,242.0
22.8227,-292.0,244.0
22.8279,-22.0,242.0
22.8327,283.0,244.0
22.8385,122.0,246.0
22.8426,-221.0,248.0
22.8476,-128.0,250.0
22.8526,114.0,252.0
22.8577,15.0,252.0
22.8626,-19.0,250.0
22.8677,120.0,252.0
22.8726,-17.0,250.0
22.8777,-168.0,254.0
22.8828,15.0,252.0
22.8878,100.0,252.0
22.8927,-22.0,250.0
22.8976,11.0,248.0
22.9026,35.0,244.0
22.9076,-69.0,244.0
22.9129,29.0,240.0
22.9176,85.0,240.0
22.9229,-194.0,242.0
22.9276,-191.0,242.0
22.9326,312.0,246.0
22.9378,400.0,252.0
22.9428,-233.0,254.0
22.9478,-502.0,260.0
22.9527,15.0,258.0
22.9577,349.0,262.0
22.9626,143.0,264.0
22.9678,-73.0,264.0
22.9727,-169.0,266.0
22.9778,-87.0,266.0
22.9826,168.0,268.0
22.9876,50.0,268.0
22.9928,-225.0,270.0
22.9979,75.0,270.0
23.0029,306.0,272.0
23.0077,-154.0,274.0
23.0136,-325.0,278.0
23.0176,145.0,280.0
23.0227,221.0,284.0
23.0282,-106.0,282.0
23.0329,-32.0,282.0
23.0376,116.0,278.0
23.0426,-109.0,280.0
23.0476,-194.0,274.0
23.0533,111.0,276.0
23.0577,261.0,272.0
23.0628,-18.0,270.0
23.0676,-195.0,270.0
23.0726,-30.0,270.0
23.0778,-8.0,268.0
23.0827,-47.0,266.0
23.0878,202.0,268.0
23.0927,167.0,264.0
23.0977,-282.0,268.0
23.1026,-193.0,268.0
23.1078,296.0,270.0
23.1128,128.0,272.0
23.1178,-304.0,274.0
23.1228,-67.0,272.0
23.1276,288.0,274.0
23.1326,25.0,270.0
23.1379,-255.0,268.0
23.1428,46.0,268.0
23.1478,277.0,266.0
23.153,-118.0,268.0
23.1576,-354.0,270.0
23.1632,102.0,270.0
23.1686,369.0,276.0
23.1734,1.0,272.0
23.1779,-240.0,274.0
23.1827,-78.0,272.0
23.1876,40.0,272.0
23.1928,40.0,270.0
23.1979,65.0,272.0
23.2027,50.0,270.0
23.2078,-15.0,268.0
23.2128,-67.0,266.0
23.2176,-67.0,264.0
23.2228,31.0,260.0
23.228,74.0,256.0
23.2328,-71.0,254.0
23.2376,-60.0,252.0
23.2426,171.0,254.0
23.2475,95.0,254.0
23.2529,-195.0,256.0
23.2581,-123.0,258.0
23.2626,123.0,260.0
23.2676,89.0,260.0
23.273,-53.0,260.0
23.2776,-62.0,260.0
23.2827,37.0,260.0
23.2877,121.0,262.0
23.2927,-42.0,260.0
23.2983,-197.0,262.0
23.3028,56.0,262.0
23.3076,156.0,262.0
23.3127,-118.0,264.0
23.3178,-15.0,264.0
23.3228,220.0,266.0
23.3276,-101.0,268.0
23.3326,-290.0,272.0
23.3378,129.0,272.0
23.343,273.0,274.0
23.3477,-97.0,274.0
23.3527,-191.0,276.0
23.3576,51.0,276.0
23.3627,107.0,276.0
23.3678,-33.0,274.0
23.3729,-77.0,272.0
23.3776,71.0,272.0
23.3826,124.0,270.0
23.3876,-116.0,272.0
23.3927,-195.0,272.0
23.3976,82.0,272.0
23.4029,178.0,270.0
23.4076,-10.0,266.0
23.4127,-58.0,266.0
23.4176,12.0,262.0
23.4227,-65.0,262.0
23.4279,-104.0,260.0
23.4327,128.0,262.0
23.4376,234.0,266.0
23.4426,-117.0,264.0
23.4477,-352.0,268.0
23.4528,29.0,264.0
23.4581,369.0,270.0
23.4626,69.0,266.0
23.4676,-226.0,268.0
23.4727,-79.0,266.0
23.4777,10.0,264.0
23.4829,-2.0,260.0
23.4877,136.0,260.0
23.4926,63.0,260.0
23.4977,-171.0,262.0
23.5027,-26.0,262.0
23.5076,149.0,262.0
23.5129,-81.0,264.0
23.5178,-100.0,262.0
23.5228,191.0,266.0
23.5275,7.0,264.0
23.5327,-245.0,268.0
23.5376,106.0,270.0
23.5429,212.0,272.0
23.5477,-196.0,274.0
23.5527,-130.0,276.0
23.5577,227.0,278.0
23.5626,98.0,276.0
23.5688,-152.0,276.0
23.573,-151.0,272.0
23.5777,-45.0,268.0
23.5826,205.0,266.0
23.5878,262.0,264.0
23.5926,-176.0,266.0
23.5977,-326.0,266.0
23.6028,107.0,264.0
23.6077,172.0,266.0
23.6127,-105.0,266.0
23.6176,53.0,264.0
23.6226,149.0,264.0
23.628,-154.0,266.0
23.6327,-92.0,264.0
23.6376,140.0,266.0
23.6427,-113.0,262.0
23.6476,-169.0,262.0
23.6529,313.0,262.0
23.6578,267.0,264.0
23.6628,-340.0,266.0
23.6676,-290.0,268.0
23.6726,229.0,272.0
23.6786,156.0,272.0
23.6827,-138.0,272.0
23.6878,41.0,270.0
23.6926,122.0,270.0
23.6977,-169.0,270.0
23.7026,-81.0,270.0
23.7076,203.0,270.0
23.7128,-45.0,270.0
23.7178,-219.0,274.0
23.7228,159.0,276.0
23.7276,217.0,276.0
23.7328,-179.0,276.0
23.7379,-133.0,274.0
23.743,198.0,274.0
23.7478,45.0,270.0
23.7527,-282.0,272.0
23.7577,-96.0,270.0
23.7627,310.0,272.0
23.769,218.0,272.0
23.7736,-206.0,274.0
23.7776,-231.0,274.0
23.7848,85.0,274.0
23.7879,122.0,272.0
23.7928,-63.0,272.0
23.7977,17.0,266.0
23.8027,142.0,266.0
23.8077,-127.0,264.0
23.8127,-252.0,268.0
23.8178,138.0,266.0
23.8229,281.0,268.0
23.8277,-50.0,268.0
23.8328,-178.0,270.0
23.8376,-27.0,270.0
23.8426,30.0,270.0
23.8475,14.0,270.0
23.8526,39.0,270.0
23.8578,54.0,270.0
23.8627,4.0,268.0
23.8676,-124.0,270.0
23.8726,-123.0,270.0
23.8776,174.0,272.0
23.8827,256.0,274.0
23.8877,-182.0,276.0
23.8926,-339.0,278.0
23.8977,113.0,278.0
23.9028,310.0,280.0
23.9077,17.0,278.0
23.9129,-159.0,280.0
23.9177,-117.0,282.0
23.9228,-37.0,282.0
23.9276,77.0,280.0
23.9326,149.0,282.0
23.938,103.0,280.0
23.9428,-96.0,282.0
23.9478,-292.0,284.0
23.9527,-52.0,282.0
23.9576,382.0,288.0
23.9626,160.0,288.0
23.9678,-388.0,292.0
23.9727,-176.0,290.0
23.9777,354.0,294.0
23.9826,145.0,292.0
23.9876,-277.0,294.0
23.9926,-128.0,294.0
23.9977,153.0,296.0
24.0027,145.0,296.0
24.0077,-3.0,296.0
24.0127,-172.0,296.0
24.0177,-159.0,298.0
24.0228,170.0,298.0
24.0278,323.0,302.0
24.0328,-102.0,300.0
24.0377,-406.0,306.0
24.0426,-14.0,304.0
24.0476,295.0,308.0
24.0528,81.0,308.0
24.0578,-27.0,308.0
24.0628,-13.0,308.0
24.0676,-186.0,308.0
24.0727,-115.0,308.0
24.0776,212.0,308.0
24.0827,172.0,308.0
24.0876,-124.0,306.0
24.0926,-142.0,308.0
24.0977,41.0,302.0
24.1026,84.0,302.0
24.1076,23.0,300.0
24.1127,6.0,298.0
24.1178,-86.0,300.0
24.1228,-160.0,302.0
24.1276,86.0,300.0
24.1326,322.0,304.0
24.1377,31.0,302.0
24.143,-392.0,308.0
24.1477,-203.0,310.0
24.1527,343.0,314.0
24.1576,299.0,316.0
24.1627,-242.0,318.0
24.1677,-258.0,322.0
24.1728,184.0,320.0
24.1776,126.0,320.0
24.1828,-216.0,320.0
24.1877,-13.0,318.0
24.1928,301.0,320.0
24.1976,-20.0,318.0
24.2028,-361.0,322.0
24.2076,8.0,318.0
24.2127,350.0,322.0
24.2176,10.0,322.0
24.2227,-231.0,322.0
24.2278,-35.0,318.0
24.2327,-4.0,316.0
24.2376,22.0,310.0
24.2426,229.0,312.0
24.2476,20.0,310.0
24.2527,-259.0,312.0
24.2579,41.0,312.0
24.2628,121.0,312.0
24.2676,-251.0,314.0
24.2726,-18.0,312.0
24.2778,425.0,318.0
24.2826,12.0,316.0
24.2876,-407.0,320.0
24.2926,9.0,314.0
24.2978,254.0,314.0
24.3026,-70.0,310.0
24.3077,-87.0,306.0
24.3129,103.0,304.0
24.3178,-31.0,302.0
24.3234,-113.0,302.0
24.3276,60.0,302.0
24.3326,133.0,304.0
24.3379,22.0,300.0
24.343,-106.0,302.0
24.3478,-153.0,300.0
24.3527,-19.0,300.0
24.3578,216.0,300.0
24.3626,186.0,300.0
24.3678,-174.0,300.0
24.3728,-285.0,302.0
24.3778,106.0,300.0
24.3832,286.0,302.0
24.3876,-110.0,304.0
24.3926,-232.0,302.0
24.3979,188.0,304.0
24.4026,165.0,302.0
24.4077,-264.0,302.0
24.4127,-91.0,300.0
24.4179,273.0,302.0
24.4226,-14.0,300.0
24.428,-210.0,302.0
24.4328,164.0,304.0
24.4376,119.0,304.0
24.4426,-320.0,308.0
24.4476,-63.0,306.0
24.4528,411.0,308.0
24.4578,73.0,308.0
24.4628,-382.0,310.0
24.4676,-101.0,310.0
24.4727,251.0,312.0
24.4776,76.0,312.0
24.4827,-113.0,314.0
24.4888,4.0,314.0
24.4926,31.0,314.0
24.4976,-104.0,314.0
24.5029,-8.0,314.0
24.5076,175.0,314.0
24.5127,23.0,314.0
24.5177,-143.0,312.0
24.5228,-14.0,310.0
24.5278,21.0,306.0
24.5326,-78.0,302.0
24.5378,49.0,302.0
24.5431,192.0,300.0
24.5476,9.0,300.0
24.5527,-191.0,300.0
24.5576,-95.0,300.0
24.5625,46.0,300.0
24.5676,76.0,300.0
24.5728,123.0,300.0
24.5777,17.0,298.0
24.5826,-195.0,300.0
24.5876,-55.0,296.0
24.5926,169.0,298.0
24.5975,13.0,292.0
24.6027,-112.0,292.0
24.6076,32.0,286.0
24.6126,52.0,284.0
24.6177,-43.0,278.0
24.6226,13.0,276.0
24.628,51.0,274.0
24.6328,-70.0,272.0
24.6376,-112.0,272.0
24.6425,61.0,270.0
24.6476,211.0,274.0
24.6526,70.0,272.0
24.6579,-245.0,274.0
24.6628,-246.0,274.0
24.6676,157.0,272.0
24.6726,252.0,274.0
24.6777,-53.0,268.0
24.6827,-1.0,268.0
24.6887,89.0,266.0
24.6926,-297.0,268.0
24.6978,-251.0,272.0
24.7026,392.0,278.0
24.7077,377.0,282.0
24.7129,-303.0,284.0
24.7177,-413.0,288.0
24.7227,217.0,288.0
24.7276,473.0,294.0
24.7326,-176.0,294.0
24.7377,-579.0,302.0
24.7426,95.0,302.0
24.7478,580.0,312.0
24.7528,5.0,312.0
24.7576,-415.0,316.0
24.7627,-24.0,314.0
24.7677,224.0,316.0
24.7728,-40.0,312.0
24.7779,-144.0,314.0
24.7826,96.0,310.0
24.7876,147.0,308.0
24.7927,-94.0,304.0
24.7979,-137.0,302.0
24.8027,69.0,300.0
24.8076,89.0,296.0
24.8126,-48.0,294.0
24.8176,-41.0,292.0
24.8227,0.0,290.0
24.8278,2.0,290.0
24.8327,93.0,286.0
24.8376,49.0,286.0
24.8426,-193.0,284.0
24.8476,-125.0,286.0
24.8527,251.0,284.0
24.8578,232.0,288.0
24.8628,-237.0,288.0
24.8676,-361.0,292.0
24.8726,148.0,296.0
24.8778,448.0,302.0
24.8826,-24.0,298.0
24.8878,-437.0,306.0
24.8926,-105.0,302.0
24.8981,321.0,308.0
24.903,221.0,308.0
24.9076,-106.0,306.0
24.9129,-266.0,310.0
24.9178,-157.0,306.0
24.9227,200.0,310.0
24.9276,338.0,308.0
24.9329,-82.0,310.0
24.9376,-320.0,310.0
24.9426,7.0,310.0
24.9476,126.0,310.0
24.9527,-6.0,308.0
24.9577,101.0,310.0
24.9626,34.0,308.0
24.9679,-252.0,312.0
24.9727,-30.0,310.0
24.9776,341.0,314.0
24.9825,13.0,314.0
24.9876,-415.0,318.0
24.9926,-73.0,318.0
24.9977,400.0,320.0
25.0026,198.0,322.0
25.0076,-199.0,322.0
25.0126,-243.0,320.0
25.0177,-79.0,320.0
25.0229,152.0,318.0
25.0278,208.0,320.0
25.0327,-59.0,318.0
25.0377,-133.0,316.0
25.0426,88.0,316.0
25.0477,14.0,312.0
25.0527,-184.0,312.0
25.0578,12.0,308.0
25.0628,207.0,312.0
25.0676,21.0,308.0
25.0728,-149.0,308.0
25.0776,-21.0,306.0
25.0825,144.0,304.0
25.0878,-21.0,304.0
25.0926,-247.0,300.0
25.0983,27.0,300.0
25.1026,316.0,300.0
25.1075,30.0,298.0
25.1128,-196.0,298.0
25.1178,-56.0,296.0
25.1228,-54.0,296.0
25.1276,-32.0,296.0
25.1327,218.0,300.0
25.1378,157.0,300.0
25.1439,-213.0,304.0
25.1476,-189.0,304.0
25.1526,173.0,306.0
25.1576,159.0,306.0
25.1627,-197.0,308.0
25.1687,-208.0,312.0
25.1728,194.0,314.0
25.1777,336.0,318.0
25.1826,-51.0,316.0
25.1876,-378.0,322.0
25.1926,-149.0,322.0
25.1976,249.0,324.0
25.2028,229.0,326.0
25.2086,-58.0,326.0
25.2129,-148.0,326.0
25.2186,-48.0,326.0
25.2231,-4.0,324.0
25.2277,9.0,324.0
25.2327,163.0,324.0
25.2377,146.0,326.0
25.2426,-300.0,328.0
25.2476,-328.0,332.0
25.2528,339.0,338.0
25.258,408.0,342.0
25.2629,-221.0,346.0
25.2676,-300.0,350.0
25.2726,36.0,350.0
25.2777,86.0,350.0
25.2828,52.0,350.0
25.2876,32.0,346.0
25.2927,-17.0,346.0
25.2977,23.0,342.0
25.3049,-40.0,338.0
25.3076,-128.0,338.0
25.3128,53.0,336.0
25.3178,118.0,336.0
25.3228,-57.0,338.0
25.3275,25.0,336.0
25.3327,103.0,332.0
25.3377,-171.0,332.0
25.3429,-179.0,328.0
25.3478,187.0,326.0
25.3527,238.0,324.0
25.3576,-59.0,318.0
25.3626,-256.0,320.0
25.3678,-111.0,314.0
25.3727,244.0,314.0
25.3778,214.0,310.0
25.3826,-230.0,312.0
25.3877,-225.0,306.0
25.3927,228.0,310.0
25.3978,211.0,306.0
25.4028,-200.0,308.0
25.4076,-200.0,308.0
25.4128,107.0,310.0
25.4176,140.0,310.0
25.4226,16.0,308.0
25.4279,-4.0,306.0
25.4327,-101.0,306.0
25.4376,-151.0,306.0
25.4426,134.0,308.0
25.4476,261.0,310.0
25.4526,-137.0,312.0
25.4578,-309.0,316.0
25.4628,96.0,318.0
25.4676,302.0,322.0
25.4726,1.0,320.0
25.4778,-257.0,324.0
25.4826,-98.0,322.0
25.4878,226.0,324.0
25.4928,142.0,322.0
25.4978,-244.0,322.0
25.5026,-157.0,320.0
25.508,240.0,318.0
25.5126,159.0,320.0
25.5176,-145.0,314.0
25.5228,-101.0,316.0
25.5276,31.0,310.0
25.5326,-41.0,308.0
25.5376,-20.0,304.0
25.5427,204.0,304.0
25.5477,148.0,304.0
25.5527,-263.0,304.0
25.5576,-322.0,306.0
25.5626,138.0,306.0
25.5677,370.0,306.0
25.5726,76.0,306.0
25.5779,-227.0,304.0
25.5826,-183.0,308.0
25.5875,50.0,306.0
25.5928,101.0,308.0
25.5977,-49.0,306.0
25.6027,54.0,308.0
25.6078,245.0,306.0
25.6126,-131.0,308.0
25.6176,-467.0,310.0
25.6228,101.0,312.0
25.6279,574.0,314.0
25.6327,-61.0,314.0
25.6377,-576.0,316.0
25.6426,77.0,316.0
25.6476,534.0,320.0
25.6529,-110.0,318.0
25.6579,-446.0,324.0
25.6627,99.0,324.0
25.6677,288.0,324.0
25.6727,-59.0,324.0
25.6776,-111.0,324.0
25.6826,50.0,324.0
25.6877,22.0,324.0
25.6926,-79.0,322.0
25.6977,-52.0,322.0
25.7025,86.0,320.0
25.7076,110.0,322.0
25.7138,-19.0,320.0
25.7183,-74.0,320.0
25.7225,-94.0,320.0
25.7276,-51.0,320.0
25.7327,150.0,318.0
25.7376,117.0,320.0
25.7431,-98.0,316.0
25.7476,19.0,316.0
25.7526,35.0,314.0
25.7576,-286.0,318.0
25.7626,-87.0,318.0
25.7676,430.0,324.0
25.7726,220.0,324.0
25.7776,-306.0,326.0
25.7859,-264.0,328.0
25.7877,65.0,326.0
25.7926,136.0,326.0
25.7977,33.0,324.0
25.8028,39.0,320.0
25.8076,67.0,318.0
25.8128,-90.0,316.0
25.8176,-196.0,314.0
25.8226,13.0,314.0
25.8279,200.0,312.0
25.8328,54.0,310.0
25.8376,-131.0,308.0
25.8426,-50.0,306.0
25.8476,130.0,306.0
25.8526,60.0,306.0
25.8579,-195.0,308.0
25.8628,-128.0,310.0
25.8676,174.0,312.0
25.8726,132.0,312.0
25.8776,-30.0,310.0
25.8827,30.0,306.0
25.8879,-62.0,302.0
25.8926,-228.0,300.0
25.8978,-17.0,294.0
25.9028,245.0,294.0
25.9077,150.0,292.0
25.9128,-60.0,292.0
25.9178,-160.0,292.0
25.9228,-151.0,294.0
25.9276,35.0,294.0
25.9328,246.0,298.0
25.9376,122.0,300.0
25.9431,-212.0,302.0
25.9477,-239.0,304.0
25.9526,100.0,304.0
25.9577,287.0,308.0
25.9626,37.0,308.0
25.9678,-239.0,310.0
25.9728,-130.0,310.0
25.9777,115.0,310.0
25.9826,122.0,310.0
25.9876,-24.0,306.0
25.9931,-54.0,304.0
25.9977,31.0,304.0
26.0028,17.0,300.0
26.0077,-87.0,300.0
26.0127,-27.0,296.0
26.0176,133.0,294.0
26.0229,33.0,292.0
26.028,-172.0,290.0
26.0328,-37.0,288.0
26.0376,204.0,288.0
26.0425,48.0,286.0
26.0477,-187.0,284.0
26.0527,-1.0,284.0
26.0577,120.0,282.0
26.0628,-126.0,284.0
26.0676,-67.0,286.0
26.0726,240.0,288.0
26.0776,42.0,286.0
26.0827,-254.0,288.0
26.0878,-11.0,284.0
26.0928,188.0,284.0
26.0978,-34.0,280.0
26.1026,-136.0,282.0
26.1078,62.0,278.0
26.1126,164.0,280.0
26.1177,-51.0,276.0
26.1228,-196.0,278.0
26.1275,67.0,276.0
26.1326,114.0,276.0
26.1376,-187.0,274.0
26.1427,24.0,272.0
26.1478,344.0,274.0
26.1526,-72.0,272.0
26.1577,-380.0,276.0
26.1626,26.0,276.0
26.1677,261.0,278.0
26.1727,23.0,278.0
26.1779,-94.0,280.0
26.1826,-54.0,278.0
26.1877,-9.0,276.0
26.1929,75.0,272.0
26.1981,-11.0,268.0
26.2031,-75.0,266.0
26.2081,150.0,262.0
26.2131,91.0,264.0
26.2178,-279.0,264.0
26.223,-163.0,264.0
26.2281,244.0,266.0
26.2331,192.0,268.0
26.2376,-61.0,268.0
26.2426,-82.0,268.0
26.2477,-80.0,266.0
26.253,-42.0,264.0
26.2585,86.0,258.0
26.2626,20.0,258.0
26.2676,-75.0,250.0
26.2727,91.0,250.0
26.2778,171.0,244.0
26.283,-98.0,244.0
26.2879,-316.0,240.0
26.2932,-104.0,240.0
26.2981,353.0,240.0
26.3029,389.0,244.0
26.3079,-207.0,242.0
26.3133,-512.0,250.0
26.3181,-12.0,248.0
26.3232,370.0,254.0
26.3277,108.0,254.0
26.3328,-104.0,254.0
26.3379,-7.0,254.0
26.3432,-90.0,254.0
26.3481,-172.0,256.0
26.3528,143.0,258.0
26.3588,260.0,260.0
26.3628,-116.0,260.0
26.3677,-186.0,262.0
26.3726,90.0,262.0
26.3782,1.0,260.0
26.3827,-65.0,260.0
26.3879,211.0,262.0
26.3928,-5.0,262.0
26.3979,-385.0,264.0
26.4028,91.0,264.0
26.4075,486.0,264.0
26.4133,-118.0,262.0
26.4178,-493.0,266.0
26.4227,55.0,262.0
26.4283,401.0,268.0
26.4325,68.0,266.0
26.4376,-259.0,270.0
26.4429,-199.0,272.0
26.4482,150.0,274.0
26.4529,285.0,276.0
26.4581,-90.0,276.0
26.4631,-273.0,280.0
26.4679,55.0,276.0
26.4744,158.0,278.0
26.4784,-54.0,278.0
26.4827,-20.0,276.0
26.4877,71.0,276.0
26.4928,-55.0,276.0
26.4977,-63.0,274.0
26.5027,73.0,272.0
26.5077,47.0,270.0
26.5127,-76.0,270.0
26.5177,-74.0,270.0
26.5227,80.0,272.0
26.5277,130.0,272.0
26.5332,-82.0,270.0
26.5377,-150.0,272.0
26.5428,90.0,270.0
26.5478,114.0,270.0
26.5528,-82.0,270.0
26.5577,-38.0,268.0
26.5626,28.0,266.0
26.5676,-58.0,266.0
26.5726,23.0,262.0
26.5778,126.0,262.0
26.5825,10.0,260.0
26.5884,-104.0,258.0
26.5928,-139.0,258.0
26.5978,-14.0,254.0
26.6028,264.0,258.0
26.6077,159.0,256.0
26.6126,-246.0,258.0
26.6178,-204.0,260.0
26.6227,60.0,258.0
26.6276,68.0,260.0
26.6328,122.0,260.0
26.6389,146.0,262.0
26.6427,-132.0,264.0
26.648,-225.0,266.0
26.6529,26.0,266.0
26.6592,104.0,266.0
26.6631,23.0,266.0
26.6679,78.0,264.0
26.6726,36.0,264.0
26.6776,-160.0,264.0
26.6829,-124.0,264.0
26.6883,83.0,262.0
26.6931,139.0,264.0
26.6986,82.0,264.0
26.7027,-37.0,262.0
26.7079,-194.0,264.0
26.7131,-118.0,264.0
26.719,188.0,266.0
26.7232,209.0,264.0
26.7279,-140.0,266.0
26.7328,-214.0,268.0
26.7378,130.0,268.0
26.7435,238.0,270.0
26.7488,-94.0,270.0
26.7526,-319.0,274.0
26.7582,-66.0,274.0
26.7628,313.0,276.0
26.7676,263.0,278.0
26.7726,-136.0,278.0
26.7781,-296.0,280.0
26.783,-46.0,280.0
26.7878,152.0,278.0
26.7929,66.0,278.0
26.7981,-35.0,272.0
26.8031,0.0,272.0
26.8076,100.0,270.0
26.8127,16.0,270.0
26.8178,-252.0,272.0
26.8228,-130.0,272.0
26.8282,296.0,278.0
26.8332,208.0,280.0
26.8376,-198.0,282.0
26.8426,-178.0,284.0
26.8476,77.0,282.0
26.8529,110.0,282.0
26.8582,2.0,278.0
26.8635,-72.0,278.0
26.8676,-62.0,274.0
26.8729,13.0,272.0
26.8776,51.0,272.0
26.8827,111.0,272.0
26.8881,125.0,272.0
26.8927,-192.0,274.0
26.8982,-379.0,280.0
26.9028,112.0,280.0
26.9079,471.0,288.0
26.913,36.0,286.0
26.9181,-325.0,288.0
26.9228,-72.0,288.0
26.9281,108.0,284.0
26.9328,-10.0,284.0
26.9377,13.0,278.0
26.9426,86.0,274.0
26.9482,-49.0,272.0
26.9528,-103.0,264.0
26.9581,67.0,266.0
26.9628,111.0,262.0
26.9678,-69.0,260.0
26.9732,-103.0,260.0
26.9775,55.0,262.0
26.9825,32.0,260.0
26.9877,-65.0,258.0
26.9929,63.0,258.0
26.9978,93.0,256.0
27.0031,-122.0,256.0
27.0075,-89.0,254.0
27.0131,157.0,254.0
27.0177,48.0,256.0
27.0226,-183.0,258.0
27.0282,10.0,254.0
27.0332,167.0,256.0
27.0376,-106.0,252.0
27.0428,-100.0,252.0
27.0475,230.0,248.0
27.0525,43.0,248.0
27.0582,-275.0,244.0
27.0631,-27.0,244.0
27.0677,143.0,240.0
27.0732,-19.0,238.0
27.0777,62.0,236.0
27.0826,151.0,234.0
27.0876,-120.0,234.0
27.0931,-275.0,234.0
27.098,-27.0,234.0
27.1028,271.0,234.0
27.1077,247.0,236.0
27.1127,-150.0,236.0
27.1177,-411.0,242.0
27.1231,0.0,242.0
27.1281,473.0,248.0
27.1327,118.0,248.0
27.1377,-424.0,254.0
27.1428,-167.0,256.0
27.1481,303.0,260.0
27.1526,144.0,260.0
27.1576,-180.0,262.0
27.1628,-97.0,262.0
27.1677,98.0,262.0
27.1734,76.0,262.0
27.1781,-44.0,260.0
27.1827,-84.0,260.0
27.1878,-41.0,260.0
27.1928,85.0,260.0
27.1976,188.0,262.0
27.2028,-34.0,262.0
27.2076,-339.0,266.0
27.2126,-77.0,266.0
27.2176,402.0,272.0
27.2226,175.0,274.0
27.2279,-339.0,278.0
27.2326,-169.0,278.0
27.2376,215.0,282.0
27.2426,64.0,278.0
27.2484,-113.0,278.0
27.2527,55.0,274.0
27.2581,50.0,272.0
27.2628,-176.0,274.0
27.2675,-47.0,274.0
27.2727,341.0,276.0
27.2777,171.0,278.0
27.2828,-481.0,282.0
27.2876,-380.0,286.0
27.2927,453.0,292.0
27.2976,487.0,298.0
27.3026,-257.0,302.0
27.3076,-383.0,306.0
27.3126,67.0,306.0
27.3177,160.0,306.0
27.3227,-25.0,306.0
27.3276,1.0,304.0
27.3325,93.0,304.0
27.3375,-57.0,302.0
27.3429,-127.0,304.0
27.3477,142.0,304.0
27.3526,89.0,302.0
27.3578,-318.0,304.0
27.3626,-63.0,302.0
27.3678,439.0,308.0
27.3728,89.0,306.0
27.3779,-372.0,310.0
27.3826,-108.0,308.0
27.3878,159.0,308.0
27.3927,62.0,304.0
27.3979,46.0,304.0
27.4027,33.0,300.0
27.4078,-121.0,298.0
27.4128,-113.0,296.0
27.4176,76.0,294.0
27.4228,139.0,294.0
27.4279,-29.0,292.0
27.4327,-129.0,294.0
27.4376,30.0,294.0
27.4426,119.0,296.0
27.4476,-30.0,294.0
27.4528,-131.0,296.0
27.4577,-16.0,292.0
27.4629,147.0,292.0
27.4675,92.0,290.0
27.4726,-111.0,288.0
27.4776,-104.0,286.0
27.4828,29.0,284.0
27.4878,-23.0,284.0
27.4926,1.0,282.0
27.4976,220.0,286.0
27.5026,77.0,286.0
27.5076,-298.0,290.0
27.5126,-177.0,292.0
27.5177,134.0,292.0
27.5228,161.0,294.0
27.5276,180.0,294.0
27.5325,10.0,292.0
27.5379,-419.0,292.0
27.5429,-243.0,294.0
27.5476,427.0,294.0
27.5526,366.0,298.0
27.5576,-242.0,298.0
27.5626,-254.0,300.0
27.5677,23.0,300.0
27.5729,-36.0,300.0
27.5778,101.0,300.0
27.5826,304.0,304.0
27.5876,-122.0,306.0
27.5927,-393.0,310.0
27.5978,90.0,310.0
27.6026,323.0,314.0
27.6076,-29.0,312.0
27.6127,-216.0,314.0
27.6175,-72.0,314.0
27.6226,156.0,316.0
27.6279,188.0,318.0
27.6328,-133.0,320.0
27.6376,-250.0,322.0
27.6426,106.0,322.0
27.6476,245.0,324.0
27.6528,-43.0,322.0
27.6581,-199.0,326.0
27.6627,-53.0,324.0
27.6676,106.0,324.0
27.6726,120.0,324.0
27.6776,18.0,322.0
27.6826,-81.0,322.0
27.6876,-85.0,320.0
27.6927,-54.0,320.0
27.6977,-4.0,316.0
27.7025,172.0,318.0
27.7076,255.0,320.0
27.7127,-125.0,322.0
27.7177,-501.0,328.0
27.7227,-75.0,328.0
27.7275,538.0,334.0
27.7326,217.0,332.0
27.7377,-377.0,338.0
27.7428,-153.0,336.0
27.7477,217.0,336.0
27.7526,-18.0,334.0
27.7576,-184.0,330.0
27.7626,106.0,332.0
27.7676,210.0,328.0
27.7726,-27.0,326.0
27.7778,-157.0,322.0
27.7868,-158.0,322.0
27.7875,-29.0,318.0
27.7926,285.0,320.0
27.7976,273.0,322.0
27.8027,-204.0,324.0
27.8078,-395.0,328.0
27.8126,-37.0,328.0
27.8176,283.0,332.0
27.8227,212.0,334.0
27.8277,-47.0,334.0
27.8328,-180.0,334.0
27.8376,-93.0,334.0
27.8425,23.0,332.0
27.8475,60.0,328.0
27.8525,108.0,330.0
27.8578,76.0,324.0
27.8632,-127.0,324.0
27.8676,-239.0,322.0
27.8725,11.0,320.0
27.8775,347.0,322.0
27.8827,162.0,322.0
27.8877,-325.0,326.0
27.8928,-252.0,330.0
27.8977,214.0,332.0
27.9025,202.0,332.0
27.9078,-131.0,334.0
27.9128,-97.0,330.0
27.9177,103.0,328.0
27.9226,38.0,322.0
27.9275,-44.0,316.0
27.9325,6.0,310.0
27.9379,-91.0,304.0
27.9431,-150.0,302.0
27.9477,231.0,300.0
27.9526,392.0,304.0
27.9577,-249.0,306.0
27.9627,-557.0,314.0
27.9678,110.0,316.0
27.9726,479.0,322.0
27.9776,66.0,322.0
27.9826,-209.0,324.0
27.9875,-114.0,322.0
27.9927,-35.0,322.0
27.9977,9.0,318.0
28.0028,127.0,318.0
28.0077,147.0,314.0
28.0126,-116.0,314.0
28.0176,-278.0,312.0
28.0225,63.0,312.0
28.028,334.0,314.0
28.0327,49.0,314.0
28.0375,-225.0,318.0
28.0426,-161.0,320.0
28.0476,-42.0,318.0
28.0526,132.0,318.0
28.0578,251.0,320.0
28.0626,0.0,318.0
28.0676,-205.0,322.0
28.0726,-11.0,320.0
28.0775,1.0,320.0
28.0825,-172.0,320.0
28.0876,100.0,322.0
28.0927,348.0,324.0
28.0977,-26.0,324.0
28.1026,-320.0,328.0
28.1076,-54.0,326.0
28.1126,128.0,326.0
28.1177,-4.0,326.0
28.1227,67.0,326.0
28.1276,159.0,328.0
28.1326,-180.0,330.0
28.138,-296.0,332.0
28.143,215.0,334.0
28.1477,370.0,336.0
28.1526,-181.0,336.0
28.1576,-371.0,340.0
28.1626,83.0,338.0
28.1675,276.0,340.0
28.1727,23.0,340.0
28.1777,-85.0,334.0
28.1835,-79.0,332.0
28.1876,-124.0,328.0
28.1925,97.0,322.0
28.1975,259.0,324.0
28.2027,-136.0,322.0
28.2077,-296.0,326.0
28.2127,209.0,328.0
28.2176,266.0,330.0
28.2226,-298.0,330.0
28.2278,-175.0,332.0
28.2327,405.0,332.0
28.2376,49.0,332.0
28.2426,-513.0,334.0
28.2477,27.0,334.0
28.253,542.0,340.0
28.2576,-19.0,338.0
28.2627,-433.0,342.0
28.2676,-2.0,340.0
28.2725,228.0,342.0
28.2777,-55.0,338.0
28.2827,-52.0,338.0
28.2879,190.0,336.0
28.2927,26.0,336.0
28.2977,-264.0,338.0
28.3026,-118.0,338.0
28.3084,168.0,340.0
28.3127,139.0,340.0
28.3177,-27.0,340.0
28.3226,-2.0,338.0
28.3275,74.0,338.0
28.3326,-126.0,340.0
28.3376,-302.0,344.0
28.3428,41.0,342.0
28.3477,428.0,344.0
28.3527,185.0,346.0
28.3576,-287.0,342.0
28.3626,-255.0,346.0
28.3677,70.0,338.0
28.3727,66.0,336.0
28.3776,-36.0,330.0
28.3825,128.0,330.0
28.3875,129.0,328.0
28.3926,-102.0,330.0
28.3976,-87.0,328.0
28.4028,-41.0,328.0
28.4077,-166.0,326.0
28.4128,65.0,328.0
28.4176,427.0,332.0
28.4227,75.0,330.0
28.428,-481.0,338.0
28.4327,-203.0,336.0
28.4375,352.0,338.0
28.4426,173.0,336.0
28.4476,-214.0,334.0
28.4528,-35.0,334.0
28.4578,143.0,332.0
28.4628,-113.0,330.0
28.4676,-98.0,330.0
28.4726,246.0,332.0
28.4778,51.0,332.0
28.4838,-341.0,336.0
28.4876,-4.0,336.0
28.4927,354.0,340.0
28.4976,-30.0,338.0
28.5026,-280.0,340.0
28.5078,31.0,338.0
28.5128,198.0,340.0
28.5176,30.0,336.0
28.5226,-186.0,336.0
28.5276,-134.0,332.0
28.5326,201.0,332.0
28.5378,169.0,332.0
28.5428,-185.0,332.0
28.5477,-43.0,330.0
28.5528,195.0,332.0
28.5578,-139.0,332.0
28.5626,-264.0,336.0
28.5677,152.0,336.0
28.5727,273.0,342.0
28.5777,31.0,340.0
28.5826,-111.0,340.0
28.5876,-227.0,340.0
28.5926,-163.0,336.0
28.5976,329.0,338.0
28.6028,438.0,336.0
28.6077,-336.0,338.0
28.6128,-623.0,342.0
28.6176,222.0,344.0
28.6228,604.0,350.0
28.6278,-35.0,348.0
28.6326,-351.0,354.0
28.6377,-71.0,354.0
28.6425,18.0,352.0
28.6475,50.0,352.0
28.6528,193.0,352.0
28.6579,29.0,348.0
28.6628,-193.0,350.0
28.6676,-118.0,348.0
28.6726,17.0,346.0
28.6776,156.0,346.0
28.6826,195.0,346.0
28.6878,-106.0,348.0
28.6926,-288.0,350.0
28.6977,38.0,346.0
28.7025,228.0,350.0
28.7075,-44.0,348.0
28.7126,-123.0,350.0
28.7177,101.0,350.0
28.7227,76.0,350.0
28.7277,-115.0,350.0
28.7326,-60.0,344.0
28.7376,65.0,346.0
28.7429,-16.0,340.0
28.7478,-22.0,340.0
28.7528,159.0,340.0
28.7576,37.0,342.0
28.7627,-268.0,344.0
28.7678,-93.0,344.0
28.7728,271.0,344.0
28.7777,145.0,342.0
28.7826,-174.0,342.0
28.7876,-150.0,338.0
28.7926,38.0,336.0
28.7977,82.0,332.0
28.8026,70.0,332.0
28.8076,29.0,328.0
28.8127,-114.0,328.0
28.8177,-116.0,330.0
28.8226,104.0,330.0
28.8276,126.0,330.0
28.8326,-100.0,330.0
28.8376,-90.0,328.0
28.8425,125.0,328.0
28.8476,91.0,324.0
28.8526,-114.0,322.0
28.8581,-121.0,320.0
28.8628,34.0,316.0
28.8675,66.0,314.0
28.8726,9.0,308.0
28.8777,90.0,308.0
28.8827,93.0,302.0
28.8876,-185.0,304.0
28.8926,-268.0,300.0
28.8976,104.0,302.0
28.9025,331.0,300.0
28.9076,41.0,300.0
28.9126,-234.0,300.0
28.9178,-98.0,302.0
28.9227,84.0,302.0
28.9276,43.0,300.0
28.9326,29.0,300.0
28.9376,46.0,296.0
28.9428,-104.0,296.0
28.9476,-84.0,294.0
28.9526,155.0,296.0
28.9575,30.0,296.0
28.9626,-192.0,298.0
28.9677,92.0,298.0
28.9727,231.0,300.0
28.9778,-216.0,298.0
28.9826,-260.0,302.0
28.9876,269.0,300.0
28.9927,216.0,300.0
28.9977,-259.0,300.0
29.0027,-86.0,296.0
29.0077,253.0,300.0
29.0127,-51.0,300.0
29.0176,-250.0,302.0
29.0225,126.0,302.0
29.0276,194.0,304.0
29.0327,-143.0,304.0
29.0376,-102.0,304.0
29.0428,114.0,306.0
29.0477,39.0,304.0
29.0528,-28.0,304.0
29.0578,16.0,296.0
29.0629,-78.0,296.0
29.0676,-111.0,292.0
29.0726,115.0,290.0
29.0776,182.0,288.0
29.0827,-69.0,286.0
29.0877,-162.0,284.0
29.0926,21.0,284.0
29.0978,112.0,284.0
29.1026,-10.0,282.0
29.1078,-141.0,284.0
29.1128,-35.0,280.0
29.1176,262.0,284.0
29.1228,185.0,280.0
29.1276,-390.0,286.0
29.1326,-364.0,286.0
29.1379,434.0,294.0
29.1427,429.0,296.0
29.1476,-368.0,300.0
29.1526,-336.0,302.0
29.1575,240.0,306.0
29.1625,158.0,306.0
29.1687,-123.0,306.0
29.1725,7.0,302.0
29.1776,68.0,300.0
29.1826,-97.0,300.0
29.1877,-68.0,300.0
29.1925,116.0,298.0
29.1983,48.0,298.0
29.2026,-137.0,296.0
29.2076,34.0,294.0
29.2126,232.0,292.0
29.2175,-69.0,294.0
29.2226,-339.0,298.0
29.2276,-74.0,294.0
29.2328,289.0,296.0
29.2376,283.0,296.0
29.2426,-37.0,290.0
29.2476,-312.0,290.0
29.2528,-202.0,282.0
29.2577,148.0,282.0
29.2628,208.0,276.0
29.2677,-28.0,276.0
29.2729,-53.0,270.0
29.2775,124.0,272.0
29.2826,11.0,272.0
29.2878,-304.0,276.0
29.2926,-181.0,276.0
29.2982,305.0,280.0
29.3037,361.0,282.0
29.3075,-84.0,282.0
29.3127,-351.0,286.0
29.3177,-158.0,286.0
29.3227,198.0,286.0
29.3276,276.0,290.0
29.3325,-40.0,286.0
29.3378,-277.0,290.0
29.3428,-85.0,288.0
29.3476,200.0,290.0
29.3526,170.0,290.0
29.3575,-93.0,290.0
29.3627,-170.0,292.0
29.3676,34.0,290.0
29.3728,95.0,290.0
29.3778,-67.0,290.0
29.3825,-13.0,290.0
29.3876,134.0,292.0
29.3926,-69.0,292.0
29.3977,-152.0,292.0
29.4035,207.0,292.0
29.4076,148.0,292.0
29.4126,-360.0,294.0
29.4176,-189.0,294.0
29.4227,392.0,298.0
29.4278,227.0,300.0
29.4327,-272.0,304.0
29.4376,-159.0,304.0
29.4426,135.0,306.0
29.4475,12.0,306.0
29.4526,-114.0,306.0
29.4577,74.0,304.0
29.4627,184.0,306.0
29.4676,-18.0,304.0
29.4726,-214.0,306.0
29.4776,-148.0,306.0
29.483,147.0,308.0
29.4876,341.0,310.0
29.4926,-37.0,310.0
29.4976,-471.0,316.0
29.5025,-44.0,316.0
29.5076,480.0,322.0
29.5125,74.0,322.0
29.5177,-373.0,328.0
29.5227,-74.0,328.0
29.5275,190.0,328.0
29.5326,68.0,324.0
29.5376,0.0,322.0
29.5429,-47.0,318.0
29.5476,-92.0,318.0
29.5526,45.0,316.0
29.5576,39.0,314.0
29.5628,-112.0,316.0
29.5678,87.0,316.0
29.5727,201.0,318.0
29.5778,-167.0,320.0
29.5825,-220.0,322.0
29.5875,126.0,324.0
29.5927,141.0,322.0
29.5976,0.0,322.0
29.6041,-7.0,320.0
29.6086,-98.0,320.0
29.6126,-113.0,318.0
29.6176,112.0,316.0
29.6225,165.0,314.0
29.6277,-77.0,312.0
29.6326,-149.0,310.0
29.6375,14.0,306.0
29.6425,121.0,308.0
29.6475,132.0,306.0
29.6526,-117.0,306.0
29.6579,-349.0,308.0
29.6627,100.0,308.0
29.6676,506.0,312.0
29.6727,-32.0,310.0
29.6776,-509.0,318.0
29.6827,-74.0,316.0
29.6878,354.0,322.0
29.6927,158.0,324.0
29.6976,-110.0,324.0
29.7027,-150.0,326.0
29.7076,-86.0,326.0
29.7126,55.0,324.0
29.7175,131.0,324.0
29.7227,35.0,324.0
29.7275,-55.0,322.0
29.7325,-44.0,322.0
29.7376,-68.0,322.0
29.7428,-24.0,322.0
29.7477,227.0,322.0
29.7526,122.0,324.0
29.7576,-395.0,326.0
29.7626,-219.0,326.0
29.7677,467.0,328.0
29.7726,284.0,326.0
29.7777,-376.0,326.0
29.7825,-239.0,322.0
29.7876,195.0,320.0
29.7926,58.0,316.0
29.7977,-68.0,314.0
29.8026,151.0,314.0
29.8076,63.0,312.0
29.8125,-269.0,316.0
29.8175,-151.0,318.0
29.8226,276.0,320.0
29.828,268.0,324.0
29.8328,-175.0,324.0
29.8375,-306.0,328.0
29.8425,-10.0,326.0
29.8475,174.0,328.0
29.8528,171.0,328.0
29.8579,57.0,328.0
29.8628,-196.0,326.0
29.8676,-209.0,328.0
29.8726,106.0,324.0
29.8776,186.0,322.0
29.8826,-9.0,322.0
29.8876,-43.0,318.0
29.8925,-46.0,316.0
29.8975,-157.0,316.0
29.9025,120.0,314.0
29.9076,432.0,320.0
29.9127,-203.0,324.0
29.9176,-714.0,332.0
29.9225,153.0,334.0
29.9275,770.0,342.0
29.9327,40.0,340.0
29.9376,-482.0,342.0
29.9429,-170.0,340.0
29.9476,58.0,340.0
29.9525,106.0,336.0
29.9575,193.0,336.0
29.9625,28.0,334.0
29.9676,-185.0,332.0
29.9725,-56.0,332.0
29.9776,66.0,328.0
29.9825,-36.0,328.0
29.9875,4.0,324.0
29.9926,147.0,324.0
29.9976,21.0,324.0
30.0027,-190.0,324.0
30.0077,-116.0,326.0
30.0128,119.0,326.0
30.0181,186.0,328.0
30.0225,40.0,328.0
30.0276,-127.0,328.0
30.0325,-167.0,330.0
30.0375,-20.0,328.0
30.0425,156.0,326.0
30.0475,69.0,326.0
30.0526,-42.0,320.0
30.058,106.0,318.0
30.0627,-35.0,314.0
30.0676,-406.0,316.0
30.0725,8.0,312.0
30.0776,594.0,318.0
30.0825,55.0,318.0
30.0876,-541.0,326.0
30.0926,-64.0,324.0
30.0976,337.0,330.0
30.1025,0.0,326.0
30.1077,-167.0,328.0
30.1125,75.0,326.0
30.118,108.0,326.0
30.1232,-75.0,324.0
30.1276,-96.0,320.0
30.1325,-33.0,320.0
30.1376,19.0,314.0
30.1428,187.0,316.0
30.1476,135.0,310.0
30.1526,-290.0,314.0
30.1576,-247.0,312.0
30.1626,338.0,316.0
30.1677,236.0,316.0
30.1727,-366.0,322.0
30.1776,-178.0,324.0
30.1826,328.0,328.0
30.1876,119.0,328.0
30.1927,-202.0,332.0
30.1976,5.0,330.0
30.2027,75.0,330.0
30.2076,-196.0,332.0
30.2126,0.0,328.0
30.2184,342.0,332.0
30.2226,-82.0,330.0
30.2278,-348.0,332.0
30.2335,205.0,334.0
30.2387,211.0,338.0
30.2425,-314.0,342.0
30.2475,-16.0,340.0
30.2526,344.0,344.0
30.2577,-111.0,344.0
30.2628,-276.0,346.0
30.2676,115.0,346.0
30.2726,139.0,346.0
30.2775,-70.0,348.0
30.2826,8.0,346.0
30.2876,70.0,344.0
30.2926,-123.0,344.0
30.2978,-101.0,340.0
30.3025,200.0,342.0
30.3076,105.0,336.0
30.3127,-240.0,340.0
30.3176,-97.0,332.0
30.3231,240.0,336.0
30.328,121.0,332.0
30.3327,-204.0,332.0
30.3376,-184.0,334.0
30.3427,152.0,334.0
30.3476,270.0,336.0
30.3526,-95.0,338.0
30.3577,-307.0,340.0
30.3625,43.0,340.0
30.3676,203.0,342.0
30.3725,-47.0,342.0
30.3775,6.0,342.0
30.3826,117.0,344.0
30.3877,-166.0,342.0
30.3925,-118.0,342.0
30.3975,218.0,340.0
30.4026,-40.0,336.0
30.4075,-266.0,334.0
30.4125,179.0,332.0
30.4175,355.0,332.0
30.4226,-84.0,328.0
30.429,-361.0,332.0
30.4325,-159.0,334.0
30.4375,192.0,336.0
30.4425,249.0,336.0
30.4476,37.0,336.0
30.4526,-58.0,332.0
30.4575,-112.0,332.0
30.4627,-210.0,332.0
30.4675,-16.0,328.0
30.4725,299.0,330.0
30.4775,168.0,328.0
30.4825,-203.0,330.0
30.4876,-173.0,330.0
30.4925,104.0,328.0
30.4975,61.0,330.0
30.5026,-119.0,328.0
30.5075,30.0,326.0
30.5125,192.0,326.0
30.5176,-44.0,324.0
30.5227,-199.0,328.0
30.5275,32.0,326.0
30.5325,85.0,328.0
30.5378,-73.0,326.0
30.5428,86.0,326.0
30.5476,188.0,322.0
30.5526,-190.0,322.0
30.5576,-309.0,316.0
30.5625,150.0,316.0
30.5676,318.0,308.0
30.5727,-33.0,308.0
30.5776,-161.0,304.0
30.5825,-2.0,300.0
30.5876,-46.0,300.0
30.5926,-74.0,300.0
30.5976,120.0,298.0
30.6026,137.0,300.0
30.6075,-62.0,298.0
30.6125,-135.0,300.0
30.6177,62.0,300.0
30.6226,217.0,302.0
30.6282,-146.0,304.0
30.6327,-442.0,310.0
30.6375,102.0,310.0
30.6425,590.0,316.0
30.6475,131.0,318.0
30.6526,-438.0,322.0
30.6576,-314.0,324.0
30.6625,73.0,324.0
30.6675,232.0,326.0
30.6725,206.0,326.0
30.6776,34.0,328.0
30.6827,-234.0,328.0
30.6878,-237.0,330.0
30.6927,84.0,332.0
30.6976,262.0,334.0
30.7025,132.0,336.0
30.7075,-148.0,332.0
30.7126,-340.0,336.0
30.7177,-48.0,328.0
30.7227,391.0,334.0
30.7275,185.0,328.0
30.7341,-223.0,330.0
30.7375,-73.0,326.0
30.7427,25.0,326.0
30.7478,-229.0,328.0
30.7526,16.0,326.0
30.7575,416.0,332.0
30.7625,2.0,330.0
30.7676,-331.0,334.0
30.7727,116.0,336.0
30.7778,145.0,338.0
30.7826,-361.0,340.0
30.7875,-99.0,340.0
30.7926,517.0,342.0
30.7976,222.0,342.0
30.8026,-423.0,344.0
30.8076,-345.0,346.0
30.8127,122.0,342.0
30.8177,311.0,344.0
30.8226,173.0,342.0
30.8276,-147.0,342.0
30.8327,-263.0,342.0
30.8375,27.0,344.0
30.8425,153.0,344.0
30.8475,-61.0,342.0
30.8526,0.0,342.0
30.8578,181.0,340.0
30.8627,-92.0,340.0
30.8676,-286.0,338.0
30.8727,148.0,338.0
30.8775,377.0,340.0
30.8827,-197.0,338.0
30.8877,-465.0,346.0
30.8926,169.0,344.0
30.8976,474.0,348.0
30.9026,16.0,344.0
30.9075,-311.0,348.0
30.9126,-262.0,350.0
30.9175,10.0,348.0
30.9226,338.0,354.0
30.9275,241.0,356.0
30.9326,-152.0,358.0
30.9377,-272.0,360.0
30.9428,-126.0,358.0
30.9476,93.0,358.0
30.9525,275.0,358.0
30.9576,128.0,360.0
30.9625,-237.0,360.0
30.9676,-241.0,362.0
30.9727,107.0,360.0
30.9777,213.0,360.0
30.9825,3.0,358.0
30.9876,-139.0,356.0
30.9925,-47.0,356.0
30.998,150.0,352.0
31.0026,35.0,352.0
31.0075,-264.0,354.0
31.0137,-6.0,352.0
31.0177,380.0,358.0
31.0233,-1.0,356.0
31.0283,-414.0,360.0
31.033,-52.0,360.0
31.0375,370.0,362.0
31.0425,180.0,364.0
31.0478,-275.0,364.0
31.0527,-298.0,366.0
31.0583,157.0,364.0
31.0631,286.0,366.0
31.0678,-69.0,362.0
31.0732,-154.0,362.0
31.0778,45.0,360.0
31.0828,37.0,356.0
31.088,-46.0,356.0
31.0927,-21.0,356.0
31.098,35.0,354.0
31.1027,73.0,352.0
31.1076,-48.0,352.0
31.1126,-131.0,350.0
31.118,125.0,350.0
31.1235,192.0,350.0
31.1275,-202.0,350.0
31.1328,-248.0,352.0
31.1378,182.0,354.0
31.1425,245.0,356.0
31.1481,-72.0,356.0
31.1525,-157.0,356.0
31.1581,-46.0,356.0
31.1627,45.0,354.0
31.1679,132.0,356.0
31.1729,42.0,354.0
31.1783,-172.0,356.0
31.1825,-122.0,356.0
31.1877,129.0,356.0
31.193,200.0,356.0
31.198,17.0,352.0
31.2026,-231.0,352.0
31.2076,-184.0,350.0
31.2125,195.0,352.0
31.2179,252.0,354.0
31.223,-146.0,356.0
31.2287,-194.0,358.0
31.2325,151.0,360.0
31.2375,88.0,360.0
31.2425,-211.0,360.0
31.2477,-33.0,360.0
31.2528,288.0,362.0
31.2577,60.0,362.0
31.2628,-343.0,364.0
31.2675,-100.0,364.0
31.2725,361.0,362.0
31.2777,71.0,362.0
31.2828,-346.0,358.0
31.2879,5.0,356.0
31.2928,305.0,354.0
31.2981,-66.0,350.0
31.3027,-244.0,354.0
31.3076,109.0,352.0
31.3126,190.0,350.0
31.3177,-136.0,352.0
31.3231,-169.0,352.0
31.3277,84.0,350.0
31.3327,157.0,350.0
31.3377,73.0,348.0
31.3456,-100.0,346.0
31.3475,-237.0,348.0
31.3535,-13.0,344.0
31.358,268.0,346.0
31.3628,110.0,342.0
31.3682,-173.0,342.0
31.3725,-96.0,340.0
31.378,108.0,340.0
31.3827,14.0,340.0
31.3878,-164.0,340.0
31.3928,-8.0,340.0
31.3975,238.0,336.0
31.403,91.0,338.0
31.4075,-208.0,336.0
31.4129,-121.0,336.0
31.4176,106.0,336.0
31.4228,30.0,330.0
31.4282,-35.0,330.0
31.4331,107.0,322.0
31.4374,9.0,320.0
31.4428,-242.0,316.0
31.4477,-6.0,312.0
31.4525,390.0,316.0
31.4582,65.0,312.0
31.463,-492.0,316.0
31.4679,-187.0,318.0
31.4732,434.0,320.0
31.4779,253.0,324.0
31.4829,-244.0,324.0
31.4876,-158.0,326.0
31.4931,96.0,328.0
31.498,-35.0,326.0
31.5027,-116.0,326.0
31.5077,162.0,324.0
31.5129,235.0,326.0
31.5175,-133.0,322.0
31.5226,-249.0,322.0
31.5275,18.0,316.0
31.5327,44.0,314.0
31.5377,66.0,308.0
31.5432,286.0,312.0
31.5499,-101.0,308.0
31.5525,-513.0,312.0
31.5579,132.0,314.0
31.5627,490.0,316.0
31.568,-199.0,316.0
31.573,-281.0,318.0
31.5782,293.0,318.0
31.5825,78.0,318.0
31.5877,-339.0,322.0
31.5931,9.0,316.0
31.5981,272.0,320.0
31.6025,-27.0,316.0
31.6081,-133.0,314.0
31.6131,52.0,314.0
31.6177,30.0,310.0
31.6226,-69.0,312.0
31.6278,-2.0,310.0
31.6333,50.0,310.0
31.6376,-8.0,308.0
31.643,-37.0,308.0
31.6483,50.0,304.0
31.6528,77.0,304.0
31.6582,-88.0,300.0
31.6631,-123.0,302.0
31.6678,86.0,298.0
31.6728,118.0,298.0
31.6778,-75.0,294.0
31.6828,-86.0,292.0
31.6876,73.0,288.0
31.6931,82.0,286.0
31.6982,-43.0,284.0
31.7028,-113.0,282.0
31.7077,-31.0,280.0
31.7129,126.0,280.0
31.7175,101.0,280.0
31.7225,-55.0,282.0
31.7277,-83.0,282.0
31.7327,-80.0,282.0
31.738,-42.0,282.0
31.7427,157.0,284.0
31.7479,202.0,286.0
31.7527,-87.0,286.0
31.7576,-284.0,288.0
31.7629,-67.0,286.0
31.7675,257.0,288.0
31.7735,201.0,286.0
31.7778,-183.0,286.0
31.7826,-281.0,288.0
31.7886,97.0,288.0
31.7927,321.0,290.0
31.7978,19.0,290.0
31.8025,-305.0,294.0
31.8075,-137.0,294.0
31.8131,220.0,296.0
31.8178,151.0,296.0
31.8227,-134.0,296.0
31.8276,-14.0,294.0
31.8334,140.0,294.0
31.8375,-133.0,296.0
31.8425,-223.0,296.0
31.8478,87.0,294.0
31.8527,247.0,294.0
31.8575,127.0,292.0
31.8627,-139.0,292.0
31.8676,-279.0,294.0
31.873,-9.0,292.0
31.8778,253.0,294.0
31.883,81.0,292.0
31.8884,-149.0,294.0
31.893,-52.0,290.0
31.898,69.0,290.0
31.9027,-63.0,286.0
31.9078,-27.0,286.0
31.913,207.0,282.0
31.9175,-26.0,282.0
31.9231,-268.0,280.0
31.9277,143.0,282.0
31.9326,223.0,282.0
31.938,-265.0,284.0
31.9426,-144.0,284.0
31.948,276.0,286.0
31.9525,73.0,284.0
31.9592,-179.0,284.0
31.9627,-25.0,282.0
31.9681,66.0,282.0
31.9725,9.0,280.0
31.978,40.0,280.0
31.9825,46.0,278.0
31.9877,-155.0,278.0
31.9927,-258.0,280.0
31.998,206.0,280.0
32.0027,575.0,288.0
32.0076,-109.0,286.0
32.0126,-748.0,296.0
32.0175,-57.0,296.0
32.0232,615.0,304.0
32.0277,110.0,304.0
32.0326,-310.0,308.0
32.0376,1.0,306.0
32.0425,89.0,306.0
32.0475,-120.0,304.0
32.0526,-51.0,302.0
32.0577,69.0,302.0
32.0626,92.0,304.0
32.0675,153.0,304.0
32.0727,-48.0,304.0
32.0775,-362.0,310.0
32.0825,-120.0,308.0
32.0876,362.0,314.0
32.0926,263.0,312.0
32.0975,-158.0,312.0
32.1027,-225.0,308.0
32.1075,-60.0,306.0
32.1125,55.0,300.0
32.1175,143.0,298.0
32.1226,80.0,296.0
32.1275,-94.0,296.0
32.1326,-117.0,296.0
32.1376,-21.0,296.0
32.1427,99.0,296.0
32.1475,156.0,296.0
32.1531,-41.0,292.0
32.1577,-242.0,294.0
32.1627,-61.0,290.0
32.1682,211.0,294.0
32.1725,156.0,296.0
32.1795,-84.0,296.0
32.1832,-158.0,294.0
32.1875,-36.0,292.0
32.1931,36.0,286.0
32.198,72.0,284.0
32.2025,163.0,280.0
32.2081,-34.0,276.0
32.2133,-341.0,278.0
32.2177,-39.0,274.0
32.2227,406.0,278.0
32.2281,140.0,276.0
32.2333,-316.0,280.0
32.2377,-240.0,280.0
32.2425,95.0,282.0
32.2477,264.0,284.0
32.2527,141.0,284.0
32.2581,-181.0,286.0
32.2631,-261.0,290.0
32.2685,49.0,290.0
32.2736,216.0,294.0
32.2778,43.0,294.0
32.2828,-77.0,294.0
32.2875,-47.0,294.0
32.2928,-43.0,294.0
32.2977,-14.0,292.0
32.3028,88.0,292.0
32.3075,88.0,292.0
32.3126,-66.0,292.0
32.3176,-146.0,292.0
32.3225,8.0,292.0
32.3276,176.0,292.0
32.3337,56.0,292.0
32.3377,-154.0,294.0
32.3427,-94.0,294.0
32.3475,97.0,294.0
32.353,81.0,294.0
32.3577,-84.0,294.0
32.3627,-43.0,294.0
32.3687,140.0,294.0
32.3729,38.0,294.0
32.3782,-177.0,296.0
32.3825,-83.0,294.0
32.3877,94.0,294.0
32.393,129.0,294.0
32.3979,101.0,290.0
32.4029,-121.0,292.0
32.4075,-309.0,292.0
32.4131,56.0,290.0
32.4177,436.0,294.0
32.4227,30.0,290.0
32.428,-434.0,296.0
32.4332,-105.0,292.0
32.4375,297.0,296.0
32.4427,127.0,294.0
32.4476,-87.0,294.0
32.4529,-73.0,290.0
32.4581,-80.0,290.0
32.4632,-11.0,288.0
32.4675,137.0,290.0
32.4739,40.0,288.0
32.4777,-109.0,288.0
32.4829,17.0,284.0
32.4875,94.0,284.0
32.493,-106.0,282.0
32.4981,-175.0,284.0
32.5027,109.0,282.0
32.5078,280.0,282.0
32.513,45.0,284.0
32.5177,-204.0,282.0
32.5231,-245.0,286.0
32.528,-76.0,284.0
32.5327,267.0,288.0
32.5377,297.0,290.0
32.5431,-57.0,290.0
32.5477,-220.0,294.0
32.5525,-174.0,294.0
32.5576,-82.0,294.0
32.5625,190.0,292.0
32.5678,295.0,296.0
32.5731,-10.0,292.0
32.5791,-186.0,290.0
32.5833,-115.0,290.0
32.5875,-156.0,288.0
32.5929,28.0,288.0
32.598,439.0,292.0
32.6026,167.0,294.0
32.608,-460.0,300.0
32.6127,-258.0,304.0
32.6177,278.0,308.0
32.6227,178.0,310.0
32.6282,-84.0,308.0
32.6338,-27.0,306.0
32.6374,-1.0,302.0
32.6427,-75.0,294.0
32.6476,-6.0,292.0
32.6525,63.0,282.0
32.6585,31.0,282.0
32.663,73.0,272.0
32.6677,7.0,272.0
32.6729,-254.0,270.0
32.6782,-118.0,272.0
32.6828,334.0,276.0
32.688,190.0,278.0
32.6925,-258.0,280.0
32.698,-127.0,282.0
32.7028,136.0,282.0
32.7075,-7.0,280.0
32.7126,-81.0,280.0
32.7176,71.0,276.0
32.7228,69.0,274.0
32.7275,-41.0,270.0
32.7325,-27.0,266.0
32.7376,42.0,264.0
32.7427,-13.0,262.0
32.7476,-142.0,262.0
32.7526,-19.0,262.0
32.7577,239.0,264.0
32.7626,94.0,264.0
32.7681,-218.0,266.0
32.7725,-124.0,266.0
32.7775,98.0,266.0
32.7827,83.0,266.0
32.7875,23.0,264.0
32.7925,-12.0,264.0
32.7977,-84.0,262.0
32.8027,-42.0,262.0
32.8075,81.0,260.0
32.8125,69.0,258.0
32.8175,-28.0,256.0
32.8225,-73.0,256.0
32.8278,-48.0,256.0
32.8327,50.0,256.0
32.8375,88.0,256.0
32.8425,-29.0,254.0
32.8475,-53.0,254.0
32.8525,56.0,250.0
32.8575,-7.0,250.0
32.8626,-120.0,246.0
32.8675,23.0,244.0
32.8727,132.0,240.0
32.8775,17.0,236.0
32.8826,-31.0,236.0
32.8877,-113.0,234.0
32.8925,-158.0,234.0
32.8975,291.0,236.0
32.9025,365.0,238.0
32.9078,-494.0,244.0
32.9127,-522.0,248.0
32.9177,549.0,256.0
32.9226,555.0,264.0
32.9275,-402.0,270.0
32.9333,-424.0,276.0
32.9376,204.0,278.0
32.9428,191.0,280.0
32.9476,-94.0,280.0
32.9525,26.0,280.0
32.9575,68.0,278.0
32.9627,-150.0,280.0
32.9676,-71.0,280.0
32.973,181.0,282.0
32.9777,69.0,280.0
32.9835,-152.0,280.0
32.9876,-43.0,280.0
32.9925,87.0,280.0
32.9975,-33.0,280.0
33.0027,-26.0,278.0
33.0075,142.0,278.0
33.0125,8.0,278.0
33.0177,-210.0,278.0
33.0226,-22.0,278.0
33.028,198.0,280.0
33.0325,37.0,278.0
33.0375,-156.0,278.0
33.0425,-40.0,278.0
33.0475,136.0,276.0
33.0527,49.0,274.0
33.0578,-79.0,270.0
33.0626,-60.0,270.0
33.0677,-68.0,264.0
33.0725,9.0,262.0
33.0777,218.0,262.0
33.0828,124.0,262.0
33.0877,-241.0,264.0
33.0926,-231.0,266.0
33.0977,141.0,268.0
33.1025,201.0,270.0
33.1077,-27.0,268.0
33.1126,-85.0,270.0
33.1177,-29.0,268.0
33.1228,21.0,268.0
33.1275,54.0,268.0
33.1325,-24.0,266.0
33.1378,-57.0,264.0
33.1426,22.0,262.0
33.1477,15.0,258.0
33.1525,-21.0,258.0
33.1575,32.0,256.0
33.1625,71.0,252.0
33.1675,-4.0,252.0
33.1727,-142.0,250.0
33.1777,-88.0,246.0
33.1825,152.0,248.0
33.1875,136.0,246.0
33.1925,-82.0,246.0
33.1975,-54.0,244.0
33.2036,34.0,242.0
33.2078,-89.0,240.0
33.2131,-101.0,240.0
33.2177,126.0,240.0
33.2225,219.0,242.0
33.2276,-8.0,238.0
33.2327,-247.0,242.0
33.2375,-131.0,238.0
33.2425,154.0,238.0
33.2475,161.0,232.0
33.2525,-29.0,230.0
33.2578,-68.0,226.0
33.2626,-40.0,224.0
33.2675,-82.0,224.0
33.2725,39.0,224.0
33.2775,200.0,226.0
33.2827,-27.0,226.0
33.2877,-235.0,230.0
33.2926,65.0,230.0
33.2977,211.0,232.0
33.3028,-127.0,234.0
33.3078,-158.0,236.0
33.3126,148.0,234.0
33.3176,80.0,234.0
33.3226,-136.0,230.0
33.3275,-19.0,228.0
33.3326,138.0,226.0
33.3378,63.0,224.0
33.3429,-117.0,224.0
33.3476,-229.0,228.0
33.3525,3.0,226.0
33.3576,396.0,232.0
33.3625,168.0,234.0
33.3675,-420.0,240.0
33.3726,-271.0,244.0
33.3776,285.0,248.0
33.3826,217.0,250.0
33.3875,-130.0,250.0
33.393,-62.0,250.0
33.3974,76.0,248.0
33.4027,-30.0,248.0
33.4076,-109.0,246.0
33.4127,-54.0,244.0
33.4175,163.0,246.0
33.4225,307.0,248.0
33.4279,-173.0,252.0
33.4328,-564.0,260.0
33.4375,58.0,260.0
33.4425,564.0,268.0
33.4475,147.0,268.0
33.4527,-199.0,270.0
33.458,-265.0,274.0
33.4627,-317.0,278.0
33.4675,196.0,280.0
33.4725,654.0,290.0
33.4775,-41.0,290.0
33.4827,-668.0,300.0
33.4877,-40.0,298.0
33.4926,457.0,306.0
33.4975,10.0,306.0
33.5026,-215.0,306.0
33.5075,17.0,306.0
33.5125,43.0,306.0
33.5176,87.0,306.0
33.5226,148.0,308.0
33.5275,-268.0,310.0
33.5325,-445.0,316.0
33.5376,305.0,316.0
33.543,695.0,320.0
33.5477,-130.0,314.0
33.5526,-675.0,318.0
33.5575,-80.0,310.0
33.5626,405.0,308.0
33.5677,148.0,304.0
33.573,-105.0,298.0
33.5776,-79.0,296.0
33.5825,-81.0,294.0
33.5875,-33.0,294.0
33.5926,188.0,296.0
33.5976,169.0,298.0
33.6027,-234.0,300.0
33.6075,-313.0,304.0
33.6125,135.0,302.0
33.6175,335.0,306.0
33.6226,89.0,306.0
33.6276,-136.0,308.0
33.6327,-225.0,310.0
33.6375,-136.0,310.0
33.6425,130.0,312.0
33.6475,229.0,314.0
33.6525,40.0,314.0
33.6578,-133.0,314.0
33.6626,-62.0,314.0
33.6675,70.0,312.0
33.6725,-39.0,312.0
33.6777,-134.0,312.0
33.6825,110.0,312.0
33.6875,190.0,314.0
33.6926,-130.0,314.0
33.6976,-148.0,316.0
33.7025,131.0,316.0
33.7075,65.0,316.0
33.7126,-94.0,318.0
33.7178,13.0,314.0
33.7227,49.0,314.0
33.7275,-90.0,312.0
33.7325,-95.0,310.0
33.7377,137.0,310.0
33.7428,249.0,310.0
33.7477,-108.0,312.0
33.7525,-389.0,316.0
33.7575,3.0,316.0
33.7625,391.0,322.0
33.7681,106.0,322.0
33.7726,-249.0,326.0
33.7776,-117.0,326.0
33.7826,91.0,328.0
33.7897,1.0,328.0
33.7925,-67.0,328.0
33.7975,145.0,330.0
33.8025,231.0,332.0
33.8075,-172.0,336.0
33.8125,-470.0,340.0
33.8176,25.0,340.0
33.8229,573.0,346.0
33.8275,169.0,346.0
33.8327,-425.0,352.0
33.8375,-216.0,354.0
33.8426,157.0,356.0
33.8475,64.0,356.0
33.8527,-3.0,354.0
33.8577,138.0,354.0
33.8626,23.0,352.0
33.8675,-235.0,354.0
33.8726,-66.0,352.0
33.8775,220.0,354.0
33.8824,9.0,352.0
33.8877,-157.0,352.0
33.8926,105.0,352.0
33.8976,59.0,352.0
33.9025,-171.0,354.0
33.9075,69.0,354.0
33.9126,173.0,356.0
33.9177,-168.0,356.0
33.9227,-168.0,358.0
33.9275,157.0,356.0
33.9324,155.0,358.0
33.9379,-38.0,356.0
33.9427,-78.0,354.0
33.9476,-94.0,354.0
33.9525,-61.0,352.0
33.9575,151.0,354.0
33.9625,199.0,354.0
33.9677,-128.0,356.0
33.9728,-302.0,358.0
33.9777,100.0,360.0
33.9825,386.0,364.0
33.9877,-92.0,362.0
33.9926,-429.0,368.0
33.9975,47.0,362.0
34.0025,349.0,366.0
34.0084,37.0,360.0
34.0126,-140.0,358.0
34.0176,-103.0,354.0
34.0225,-59.0,352.0
34.0275,139.0,352.0
34.0327,107.0,352.0
34.0375,-189.0,354.0
34.0426,-37.0,354.0
34.0475,252.0,356.0
34.0525,22.0,356.0
34.0578,-237.0,358.0
34.0627,-102.0,354.0
34.0676,99.0,354.0
34.0725,127.0,346.0
34.0775,32.0,346.0
34.0826,-36.0,338.0
34.0877,-16.0,336.0
34.0925,-36.0,332.0
34.0976,-100.0,330.0
34.1025,-8.0,326.0
34.1075,168.0,326.0
34.1125,108.0,316.0
34.1176,-113.0,318.0
34.1227,-124.0,310.0
34.1274,46.0,310.0
34.1327,30.0,302.0
34.1375,-133.0,304.0
34.1428,20.0,302.0
34.1476,325.0,306.0
34.1525,83.0,306.0
34.1577,-374.0,312.0
34.1626,-206.0,312.0
34.1677,194.0,312.0
34.1727,147.0,306.0
34.1777,14.0,302.0
34.1825,60.0,292.0
34.1876,-42.0,290.0
34.1926,-212.0,284.0
34.1975,-112.0,284.0
34.2027,224.0,282.0
34.2076,323.0,284.0
34.2125,-188.0,286.0
34.2184,-462.0,292.0
34.2231,182.0,292.0
34.2276,438.0,300.0
34.2333,-214.0,300.0
34.2375,-273.0,302.0
34.2425,289.0,302.0
34.2475,116.0,298.0
34.2526,-369.0,302.0
34.2578,-90.0,298.0
34.2627,346.0,302.0
34.2675,152.0,302.0
34.2725,-199.0,302.0
34.2777,-206.0,304.0
34.2829,64.0,302.0
34.2875,263.0,304.0
34.2926,-43.0,304.0
34.2979,-359.0,306.0
34.3026,70.0,306.0
34.3075,422.0,312.0
34.3126,-46.0,312.0
34.3184,-353.0,316.0
34.3225,-11.0,314.0
34.3275,173.0,314.0
34.3325,44.0,312.0
34.3375,-4.0,310.0
34.3428,-68.0,310.0
34.3478,-79.0,310.0
34.3526,111.0,310.0
34.3577,107.0,312.0
34.3625,-131.0,312.0
34.3675,-108.0,314.0
34.3726,89.0,312.0
34.3776,56.0,312.0
34.3825,-41.0,308.0
34.3876,37.0,308.0
34.3927,47.0,302.0
34.3977,-111.0,304.0
34.4026,-88.0,298.0
34.4076,137.0,300.0
34.4125,99.0,298.0
34.4175,-157.0,298.0
34.4227,-52.0,298.0
34.4278,220.0,300.0
34.4327,-9.0,300.0
34.4377,-286.0,302.0
34.4425,55.0,300.0
34.4475,266.0,300.0
34.4528,-132.0,296.0
34.4579,-170.0,298.0
34.4627,253.0,292.0
34.4675,110.0,292.0
34.4727,-329.0,290.0
34.4775,-177.0,290.0
34.4827,299.0,292.0
34.4877,334.0,296.0
34.4926,-174.0,298.0
34.4976,-419.0,302.0
34.5025,0.0,302.0
34.5075,333.0,304.0
34.5128,126.0,306.0
34.5178,-180.0,304.0
34.5225,-115.0,306.0
34.5275,128.0,306.0
34.5324,8.0,304.0
34.5375,-187.0,306.0
34.5427,62.0,304.0
34.5475,263.0,308.0
34.5526,-33.0,306.0
34.5575,-313.0,308.0
34.5625,-70.0,306.0
34.5677,341.0,308.0
34.5727,179.0,310.0
34.5776,-334.0,314.0
34.5826,-195.0,316.0
34.5875,303.0,318.0
34.5925,85.0,320.0
34.5978,-303.0,322.0
34.6027,84.0,320.0
34.6075,374.0,324.0
34.6126,-210.0,322.0
34.6176,-488.0,328.0
34.6235,207.0,326.0
34.6275,542.0,332.0
34.6325,-77.0,328.0
34.6375,-436.0,334.0
34.6425,-66.0,328.0
34.6475,185.0,332.0
34.6525,119.0,330.0
34.6578,98.0,330.0
34.6627,-61.0,330.0
34.6675,-271.0,332.0
34.6726,-70.0,332.0
34.6775,199.0,332.0
34.6829,169.0,334.0
34.6876,99.0,332.0
34.6927,-78.0,332.0
34.6977,-365.0,334.0
34.7025,-208.0,336.0
34.7075,348.0,340.0
34.7126,474.0,346.0
34.7176,-106.0,348.0
34.7225,-520.0,354.0
34.7275,-112.0,356.0
34.7325,371.0,362.0
34.7376,155.0,362.0
34.7429,-202.0,366.0
34.7476,-70.0,364.0
34.7525,107.0,364.0
34.7575,1.0,362.0
34.7626,-29.0,360.0
34.7677,-12.0,360.0
34.7729,-73.0,360.0
34.7777,53.0,360.0
34.7825,132.0,362.0
34.7875,-80.0,358.0
34.7925,-93.0,358.0
34.7976,110.0,354.0
34.8027,20.0,350.0
34.8076,-144.0,350.0
34.8127,-20.0,348.0
34.8176,115.0,350.0
34.8226,104.0,350.0
34.8275,8.0,350.0
34.8327,-203.0,350.0
34.8375,-136.0,350.0
34.8425,282.0,350.0
34.8475,182.0,348.0
34.8525,-332.0,350.0
34.8578,-190.0,346.0
34.8628,325.0,348.0
34.8675,226.0,346.0
34.8725,-236.0,346.0
34.8777,-258.0,346.0
34.8825,75.0,342.0
34.8877,209.0,344.0
34.8927,89.0,340.0
34.8977,-76.0,338.0
34.9025,-176.0,336.0
34.9076,-66.0,334.0
34.9125,201.0,334.0
34.9177,188.0,334.0
34.9225,-225.0,338.0
34.9283,-290.0,338.0
34.9328,224.0,340.0
34.9378,304.0,340.0
34.9428,-169.0,342.0
34.9477,-152.0,336.0
34.9526,134.0,338.0
34.9575,-83.0,334.0
34.9625,-180.0,336.0
34.9675,215.0,338.0
34.9727,222.0,340.0
34.9778,-186.0,342.0
34.9826,-118.0,344.0
34.9875,129.0,344.0
34.9925,-119.0,344.0
34.9977,-168.0,346.0
35.0027,296.0,348.0
35.0076,254.0,350.0
35.0127,-261.0,354.0
35.0175,-252.0,356.0
35.0228,84.0,356.0
35.0279,102.0,358.0
35.0324,52.0,358.0
35.0375,127.0,358.0
35.0426,-39.0,358.0
35.0475,-296.0,360.0
35.0525,-69.0,360.0
35.0578,313.0,362.0
35.0627,133.0,364.0
35.0675,-219.0,364.0
35.0725,-79.0,364.0
35.0775,137.0,362.0
35.0827,-34.0,362.0
35.0875,-139.0,360.0
35.0926,124.0,360.0
35.0977,191.0,360.0
35.1025,-188.0,358.0
35.1079,-210.0,360.0
35.1127,268.0,360.0
35.1176,196.0,360.0
35.1225,-326.0,360.0
35.1275,-221.0,358.0
35.1327,254.0,360.0
35.1382,265.0,358.0
35.1426,-58.0,358.0
35.1477,-216.0,356.0
35.1526,-113.0,356.0
35.1574,65.0,354.0
35.1625,153.0,354.0
35.1676,54.0,354.0
35.1726,-97.0,356.0
35.1777,-28.0,352.0
35.1825,71.0,352.0
35.1876,-93.0,350.0
35.1925,-140.0,352.0
35.1975,155.0,350.0
35.2027,209.0,352.0
35.2075,-100.0,348.0
35.2127,-149.0,348.0
35.2175,48.0,342.0
35.2225,-4.0,340.0
35.2276,-94.0,336.0
35.2327,95.0,336.0
35.2384,179.0,334.0
35.243,-52.0,334.0
35.2475,-220.0,332.0
35.2525,-11.0,328.0
35.2585,260.0,326.0
35.2626,-25.0,322.0
35.2675,-371.0,320.0
35.2726,104.0,320.0
35.2774,490.0,320.0
35.2828,-102.0,322.0
35.2876,-465.0,326.0
35.2925,44.0,324.0
35.2976,266.0,328.0
35.3025,-67.0,328.0
35.3075,-43.0,324.0
35.3126,211.0,326.0
35.3178,-68.0,324.0
35.3227,-370.0,328.0
35.3277,114.0,328.0
35.3326,448.0,334.0
35.3389,-177.0,330.0
35.3426,-459.0,334.0
35.3477,225.0,332.0
35.3526,428.0,332.0
35.3575,-188.0,332.0
35.3626,-326.0,330.0
35.3676,108.0,330.0
35.3727,159.0,326.0
35.3777,-86.0,326.0
35.3825,-25.0,322.0
35.3875,152.0,324.0
35.3925,31.0,322.0
35.3977,-249.0,326.0
35.4025,-185.0,328.0
35.4075,272.0,332.0
35.4127,378.0,338.0
35.4175,-134.0,338.0
35.4227,-449.0,344.0
35.4278,-150.0,346.0
35.4327,375.0,350.0
35.4375,468.0,356.0
35.4425,-241.0,358.0
35.4475,-717.0,368.0
35.4524,13.0,368.0
35.4578,828.0,378.0
35.4626,354.0,382.0
35.4675,-726.0,394.0
35.4727,-667.0,400.0
35.4777,410.0,406.0
35.4827,653.0,410.0
35.4877,-81.0,410.0
35.4926,-303.0,408.0
35.4977,6.0,406.0
35.5027,-82.0,402.0
35.5087,-194.0,402.0
35.5126,188.0,400.0
35.5177,345.0,402.0
35.5227,-28.0,402.0
35.5275,-236.0,402.0
35.5325,-88.0,402.0
35.5377,-9.0,400.0
35.5435,-29.0,398.0
35.5475,162.0,400.0
35.5526,242.0,400.0
35.5575,-215.0,402.0
35.5625,-298.0,402.0
35.5677,299.0,402.0
35.5729,139.0,402.0
35.5777,-439.0,404.0
35.5825,83.0,402.0
35.5874,529.0,408.0
35.5925,-208.0,408.0
35.5978,-471.0,416.0
35.6025,221.0,416.0
35.6077,309.0,418.0
35.6125,-209.0,416.0
35.6175,-218.0,418.0
35.6225,177.0,418.0
35.6275,289.0,420.0
35.6328,-38.0,420.0
35.6375,-371.0,422.0
35.6426,-145.0,420.0
35.6475,279.0,420.0
35.6532,163.0,420.0
35.6576,-88.0,416.0
35.6626,13.0,416.0
35.6675,-7.0,414.0
35.6727,-166.0,416.0
35.6774,19.0,414.0
35.6827,158.0,416.0
35.6876,-146.0,414.0
35.6926,-151.0,414.0
35.6976,463.0,418.0
35.7027,380.0,422.0
35.7077,-714.0,428.0
35.7126,-755.0,440.0
35.7176,598.0,446.0
35.7229,867.0,460.0
35.7275,-233.0,462.0
35.7325,-534.0,468.0
35.7375,18.0,464.0
35.7427,78.0,464.0
35.7475,-88.0,462.0
35.7525,92.0,458.0
35.7575,227.0,458.0
35.7625,60.0,454.0
35.7675,-219.0,454.0
35.7727,-271.0,456.0
35.7776,76.0,452.0
35.7825,304.0,456.0
35.7907,47.0,454.0
35.7924,-154.0,454.0
35.7975,-57.0,454.0
35.8025,-26.0,452.0
35.8075,-4.0,452.0
35.8125,118.0,452.0
35.8175,46.0,452.0
35.8226,-124.0,452.0
35.8276,-32.0,452.0
35.8324,104.0,450.0
35.8376,-20.0,448.0
35.8426,-114.0,448.0
35.8477,71.0,446.0
35.8526,166.0,448.0
35.8577,-75.0,448.0
35.8627,-176.0,450.0
35.8675,42.0,450.0
35.8725,63.0,450.0
35.8775,-60.0,448.0
35.8827,111.0,448.0
35.8876,157.0,448.0
35.8926,-218.0,450.0
35.8975,-236.0,450.0
35.9026,232.0,454.0
35.9076,228.0,450.0
35.9129,-212.0,452.0
35.9177,-191.0,448.0
35.9226,189.0,450.0
35.9275,165.0,444.0
35.9325,-162.0,446.0
35.9375,-99.0,444.0
35.9427,149.0,446.0
35.9475,-14.0,444.0
35.9526,-148.0,444.0
35.9575,112.0,444.0
35.9627,118.0,440.0
35.9675,-180.0,442.0
35.9725,-61.0,436.0
35.9775,239.0,436.0
35.9824,23.0,430.0
35.9875,-258.0,430.0
35.9925,-24.0,424.0
35.9975,204.0,424.0
36.0025,56.0,420.0
36.0076,-109.0,420.0
36.0125,-120.0,420.0
36.0176,8.0,418.0
36.0225,209.0,420.0
36.0277,131.0,420.0
36.0325,-251.0,424.0
36.0375,-306.0,424.0
36.0425,177.0,424.0
36.0475,402.0,426.0
36.0526,-40.0,422.0
36.0578,-344.0,424.0
36.0625,-23.0,418.0
36.0675,227.0,420.0
36.0725,-17.0,414.0
36.0775,-199.0,410.0
36.0825,8.0,406.0
36.0876,264.0,398.0
36.0925,215.0,402.0
36.0975,-253.0,394.0
36.1025,-533.0,396.0
36.1075,39.0,386.0
36.1126,580.0,384.0
36.1175,200.0,380.0
36.1225,-200.0,374.0
36.1274,-152.0,374.0
36.1325,-302.0,374.0
36.1377,-173.0,378.0
36.1426,519.0,384.0
36.1475,403.0,388.0
36.1525,-404.0,390.0
36.1582,-290.0,390.0
36.1625,232.0,392.0
36.1675,-14.0,390.0
36.1725,-235.0,392.0
36.1775,214.0,394.0
36.1825,384.0,400.0
36.1876,-190.0,400.0
36.1925,-458.0,404.0
36.1975,52.0,402.0
36.2027,315.0,402.0
36.2076,25.0,398.0
36.2127,-51.0,396.0
36.2175,9.0,390.0
36.2226,-139.0,390.0
36.2276,-70.0,384.0
36.2326,190.0,384.0
36.2374,72.0,376.0
36.2425,-178.0,376.0
36.2475,-63.0,372.0
36.2525,160.0,372.0
36.2578,134.0,370.0
36.2625,-78.0,368.0
36.2675,-233.0,368.0
36.2727,-69.0,368.0
36.2774,249.0,366.0
36.2827,178.0,366.0
36.2875,-192.0,366.0
36.2925,-188.0,366.0
36.2975,120.0,366.0
36.3025,144.0,368.0
36.3074,-45.0,370.0
36.3126,-94.0,368.0
36.3177,-12.0,368.0
36.3226,32.0,366.0
36.3275,26.0,364.0
36.3326,41.0,362.0
36.3377,-45.0,356.0
36.3434,-79.0,350.0
36.3475,165.0,342.0
36.3525,61.0,332.0
36.3579,-400.0,328.0
36.3625,-30.0,316.0
36.3675,622.0,322.0
36.3732,10.0,314.0
36.3781,-675.0,324.0
36.3825,30.0,322.0
36.3875,539.0,330.0
36.3927,-104.0,330.0
36.398,-326.0,332.0
36.4025,166.0,334.0
36.408,142.0,332.0
36.4132,-169.0,330.0
36.4176,-18.0,330.0
36.4229,145.0,328.0
36.4275,-22.0,326.0
36.4327,-135.0,326.0
36.4378,-61.0,326.0
36.4424,82.0,328.0
36.4483,236.0,330.0
36.4527,78.0,330.0
36.4593,-364.0,336.0
36.4625,-295.0,338.0
36.4675,322.0,342.0
36.4729,422.0,348.0
36.4779,-136.0,350.0
36.483,-342.0,352.0
36.4883,-17.0,352.0
36.4925,121.0,352.0
36.4981,-7.0,350.0
36.5026,3.0,348.0
36.5077,144.0,350.0
36.5129,104.0,350.0
36.518,-192.0,352.0
36.5233,-279.0,354.0
36.5276,71.0,354.0
36.5327,263.0,354.0
36.5378,72.0,352.0
36.5429,-33.0,348.0
36.5475,-67.0,346.0
36.5529,-174.0,346.0
36.5578,-61.0,342.0
36.5627,162.0,342.0
36.5704,147.0,342.0
36.5725,27.0,340.0
36.578,-101.0,340.0
36.5829,-200.0,340.0
36.5877,-26.0,342.0
36.5927,211.0,342.0
36.5978,159.0,342.0
36.6026,-93.0,342.0
36.6082,-256.0,344.0
36.6131,3.0,342.0
36.6176,312.0,344.0
36.6226,-21.0,344.0
36.6284,-346.0,346.0
36.6331,66.0,346.0
36.6377,355.0,348.0
36.6424,-55.0,348.0
36.6478,-310.0,352.0
36.6529,7.0,350.0
36.6586,223.0,354.0
36.663,19.0,350.0
36.6679,-176.0,350.0
36.6736,-32.0,348.0
36.6774,238.0,346.0
36.6826,90.0,344.0
36.6883,-353.0,344.0
36.6925,-205.0,346.0
36.6974,401.0,348.0
36.7027,301.0,352.0
36.7077,-347.0,354.0
36.7128,-302.0,358.0
36.7188,243.0,358.0
36.7232,200.0,362.0
36.728,-140.0,360.0
36.7327,-25.0,358.0
36.7377,85.0,354.0
36.7432,-185.0,348.0
36.7474,-90.0,350.0
36.7532,351.0,346.0
36.758,76.0,344.0
36.7628,-376.0,348.0
36.7675,57.0,346.0
36.7725,275.0,346.0
36.7775,-273.0,346.0
36.7825,-174.0,342.0
36.7878,411.0,342.0
36.7927,141.0,338.0
36.7974,-375.0,338.0
36.8033,-114.0,336.0
36.8075,240.0,340.0
36.8133,43.0,338.0
36.8177,-162.0,336.0
36.8228,-3.0,330.0
36.8288,207.0,330.0
36.833,110.0,326.0
36.8374,-267.0,328.0
36.8426,-307.0,328.0
36.8483,226.0,332.0
36.8527,385.0,336.0
36.8581,-138.0,338.0
36.8631,-284.0,342.0
36.8674,116.0,342.0
36.8727,141.0,342.0
36.8775,-154.0,342.0
36.8825,-62.0,340.0
36.888,186.0,342.0
36.8924,40.0,340.0
36.898,-186.0,342.0
36.9026,-44.0,342.0
36.9079,182.0,340.0
36.9127,61.0,340.0
36.9174,-226.0,340.0
36.923,-98.0,338.0
36.9277,311.0,340.0
36.9326,153.0,340.0
36.9374,-336.0,344.0
36.9433,-160.0,344.0
36.9475,255.0,346.0
36.9525,56.0,346.0
36.9588,-149.0,348.0
36.9627,85.0,350.0
36.9677,95.0,350.0
36.9732,-125.0,352.0
36.9785,-63.0,352.0
36.9824,41.0,352.0
36.9874,20.0,348.0
36.9928,57.0,348.0
36.9977,17.0,342.0
37.003,-90.0,344.0
37.0074,-12.0,334.0
37.0128,101.0,336.0
37.0176,-40.0,326.0
37.0229,-163.0,328.0
37.028,89.0,320.0
37.0331,241.0,322.0
37.0375,-82.0,320.0
37.0427,-239.0,320.0
37.0486,46.0,318.0
37.0528,147.0,318.0
37.0577,-40.0,318.0
37.063,-38.0,318.0
37.0676,54.0,318.0
37.073,-44.0,316.0
37.0785,-8.0,316.0
37.0835,145.0,316.0
37.088,-124.0,314.0
37.0924,-321.0,318.0
37.098,219.0,316.0
37.1026,520.0,320.0
37.1076,-150.0,316.0
37.1128,-567.0,320.0
37.1178,-18.0,318.0
37.1232,374.0,318.0
37.1277,101.0,320.0
37.1326,-79.0,318.0
37.1378,-25.0,318.0
37.1426,-107.0,320.0
37.148,-103.0,320.0
37.1524,105.0,320.0
37.1577,121.0,318.0
37.1626,14.0,314.0
37.1677,19.0,314.0
37.1725,-97.0,312.0
37.1781,-159.0,312.0
37.1826,38.0,312.0
37.1877,78.0,312.0
37.1924,85.0,312.0
37.1987,204.0,314.0
37.2025,-118.0,312.0
37.2075,-425.0,318.0
37.2128,49.0,318.0
37.2179,388.0,322.0
37.2227,6.0,320.0
37.2275,-164.0,322.0
37.2331,15.0,318.0
37.2374,-64.0,316.0
37.2427,-70.0,316.0
37.248,205.0,316.0
37.2528,71.0,316.0
37.2586,-295.0,316.0
37.263,-1.0,316.0
37.2675,424.0,318.0
37.2731,-21.0,316.0
37.2777,-548.0,320.0
37.2827,-104.0,320.0
37.2879,482.0,322.0
37.2925,257.0,326.0
37.2975,-210.0,326.0
37.3027,-241.0,330.0
37.3077,-18.0,328.0
37.3128,88.0,328.0
37.3178,44.0,326.0
37.3231,9.0,324.0
37.3276,-22.0,320.0
37.3327,-11.0,316.0
37.3377,158.0,312.0
37.3427,84.0,308.0
37.3476,-370.0,310.0
37.3525,-275.0,308.0
37.3575,430.0,312.0
37.3626,386.0,314.0
37.3676,-318.0,318.0
37.3728,-283.0,322.0
37.3775,211.0,324.0
37.3824,79.0,322.0
37.3879,-227.0,324.0
37.3926,38.0,318.0
37.3975,338.0,324.0
37.4026,12.0,318.0
37.4075,-416.0,324.0
37.4126,-182.0,322.0
37.4177,335.0,322.0
37.4227,338.0,326.0
37.4275,-122.0,320.0
37.4326,-359.0,324.0
37.4376,-65.0,320.0
37.4424,250.0,322.0
37.4474,125.0,320.0
37.4528,-143.0,322.0
37.4579,-103.0,320.0
37.4627,117.0,322.0
37.4675,93.0,320.0
37.4725,-126.0,320.0
37.4775,-89.0,318.0
37.4826,120.0,314.0
37.4889,13.0,312.0
37.4934,-131.0,308.0
37.4975,113.0,306.0
37.5025,197.0,306.0
37.5074,-140.0,306.0
37.5127,-275.0,308.0
37.5175,-15.0,306.0
37.5226,257.0,308.0
37.5275,244.0,310.0
37.5325,-98.0,310.0
37.5375,-361.0,314.0
37.5429,-116.0,314.0
37.5475,271.0,316.0
37.5526,224.0,318.0
37.5576,-30.0,316.0
37.5625,-125.0,316.0
37.5675,-184.0,314.0
37.5726,-83.0,312.0
37.5776,204.0,310.0
37.5825,180.0,312.0
37.5875,-41.0,308.0
37.5929,-79.0,308.0
37.5982,-125.0,308.0
37.6025,-79.0,308.0
37.6076,155.0,308.0
37.6127,107.0,308.0
37.6174,-83.0,308.0
37.6224,27.0,308.0
37.6275,53.0,308.0
37.6326,-180.0,310.0
37.6375,-137.0,312.0
37.6424,162.0,314.0
37.6476,235.0,318.0
37.6526,68.0,316.0
37.6577,-185.0,320.0
37.6626,-346.0,322.0
37.6675,-12.0,320.0
37.6725,489.0,324.0
37.6775,204.0,326.0
37.6824,-471.0,330.0
37.6877,-268.0,334.0
37.6936,377.0,338.0
37.6975,218.0,340.0
37.7025,-269.0,344.0
37.7075,-137.0,344.0
37.7124,144.0,346.0
37.7176,68.0,348.0
37.7226,-7.0,346.0
37.7275,13.0,344.0
37.7325,-84.0,340.0
37.7376,-122.0,338.0
37.7425,83.0,332.0
37.7476,214.0,332.0
37.7525,-11.0,324.0
37.7575,-209.0,326.0
37.7625,-57.0,322.0
37.7677,80.0,322.0
37.7726,47.0,320.0
37.7774,64.0,322.0
37.7824,36.0,320.0
37.7917,-72.0,320.0
37.7925,-70.0,320.0
37.7984,-64.0,318.0
37.8025,-63.0,320.0
37.8075,197.0,322.0
37.8125,322.0,326.0
37.8175,-227.0,326.0
37.8226,-536.0,334.0
37.8276,234.0,336.0
37.8327,611.0,346.0
37.8375,-292.0,346.0
37.8425,-591.0,354.0
37.8475,310.0,352.0
37.8526,513.0,360.0
37.8579,-191.0,356.0
37.8626,-344.0,362.0
37.8674,6.0,360.0
37.8724,89.0,360.0
37.8775,99.0,360.0
37.8826,136.0,362.0
37.8876,-81.0,360.0
37.8927,-237.0,362.0
37.898,1.0,358.0
37.9025,246.0,362.0
37.9078,94.0,356.0
37.9127,-221.0,360.0
37.9177,-185.0,354.0
37.9226,166.0,354.0
37.9275,227.0,350.0
37.9325,-107.0,348.0
37.9375,-197.0,348.0
37.9429,93.0,346.0
37.9476,154.0,348.0
37.9525,-114.0,348.0
37.9574,-163.0,350.0
37.9624,123.0,352.0
37.9676,197.0,354.0
37.9728,-123.0,356.0
37.9777,-192.0,358.0
37.9825,142.0,358.0
37.9875,162.0,354.0
37.9925,-143.0,352.0
37.9978,-152.0,348.0
38.0025,89.0,344.0
38.0075,166.0,342.0
38.0126,-17.0,338.0
38.0174,-193.0,338.0
38.0227,-15.0,336.0
38.0276,246.0,336.0
38.0326,-4.0,336.0
38.0376,-331.0,336.0
38.0424,61.0,336.0
38.0474,436.0,336.0
38.0527,-123.0,336.0
38.0579,-532.0,338.0
38.0627,151.0,336.0
38.0676,555.0,342.0
38.0726,-119.0,340.0
38.0774,-446.0,346.0
38.0826,46.0,342.0
38.0875,228.0,344.0
38.0924,2.0,342.0
38.0976,-5.0,340.0
38.1024,10.0,338.0
38.1075,-119.0,338.0
38.1125,-35.0,338.0
38.1176,114.0,338.0
38.1226,-32.0,336.0
38.1275,-40.0,336.0
38.1324,201.0,338.0
38.1374,-33.0,336.0
38.143,-344.0,338.0
38.1475,143.0,338.0
38.1525,396.0,340.0
38.1575,-327.0,346.0
38.1625,-422.0,348.0
38.1677,445.0,352.0
38.1726,441.0,356.0
38.1777,-355.0,356.0
38.1825,-389.0,360.0
38.1874,162.0,358.0
38.1925,285.0,360.0
38.1976,-53.0,360.0
38.2027,-223.0,362.0
38.2075,35.0,360.0
38.2125,210.0,362.0
38.2174,-11.0,358.0
38.2225,-156.0,358.0
38.2277,-46.0,358.0
38.2325,10.0,358.0
38.2374,123.0,358.0
38.2425,207.0,360.0
38.2475,-208.0,360.0
38.2525,-403.0,364.0
38.2579,266.0,368.0
38.2626,452.0,374.0
38.2675,-283.0,378.0
38.2725,-352.0,380.0
38.2775,261.0,382.0
38.2826,217.0,384.0
38.2875,-163.0,382.0
38.2926,-81.0,382.0
38.2976,3.0,380.0
38.3025,-112.0,376.0
38.3078,79.0,376.0
38.3125,328.0,374.0
38.3175,-2.0,372.0
38.3226,-436.0,370.0
38.3275,-133.0,368.0
38.3324,409.0,368.0
38.3375,194.0,368.0
38.3428,-357.0,370.0
38.3478,-186.0,370.0
38.3526,353.0,374.0
38.3575,216.0,376.0
38.3625,-335.0,382.0
38.3674,-326.0,386.0
38.3726,229.0,388.0
38.3776,423.0,394.0
38.3825,-89.0,394.0
38.3875,-379.0,396.0
38.3925,18.0,396.0
38.3974,191.0,396.0
38.4026,-31.0,396.0
38.4078,13.0,394.0
38.4125,64.0,394.0
38.4175,-138.0,396.0
38.4227,-97.0,396.0
38.4276,199.0,398.0
38.4327,180.0,400.0
38.4375,-213.0,402.0
38.4424,-291.0,406.0
38.4475,142.0,406.0
38.4526,312.0,406.0
38.4576,-2.0,402.0
38.4626,-161.0,396.0
38.4674,-123.0,394.0
38.4724,-118.0,386.0
38.4774,182.0,384.0
38.4824,403.0,382.0
38.4876,-147.0,380.0
38.4927,-545.0,380.0
38.4976,9.0,376.0
38.5024,417.0,378.0
38.5077,111.0,380.0
38.5126,-65.0,380.0
38.5176,-45.0,378.0
38.5225,-241.0,380.0
38.5275,-167.0,382.0
38.5325,297.0,382.0
38.5378,297.0,386.0
38.5428,-200.0,386.0
38.5475,-221.0,388.0
38.5526,175.0,388.0
38.5577,48.0,386.0
38.5625,-270.0,386.0
38.5677,46.0,384.0
38.5725,353.0,388.0
38.5777,-8.0,386.0
38.5825,-300.0,388.0
38.5874,-64.0,386.0
38.5925,137.0,388.0
38.5974,62.0,386.0
38.6027,-9.0,384.0
38.6074,-10.0,380.0
38.6125,10.0,380.0
38.6175,20.0,376.0
38.6224,-73.0,376.0
38.6275,-105.0,374.0
38.6325,55.0,374.0
38.6375,132.0,372.0
38.6425,69.0,372.0
38.6474,6.0,370.0
38.6527,-142.0,372.0
38.6579,-213.0,372.0
38.6626,41.0,372.0
38.6675,271.0,374.0
38.6725,132.0,376.0
38.6775,-122.0,372.0
38.6826,-200.0,374.0
38.6876,-91.0,368.0
38.6925,143.0,368.0
38.6976,196.0,364.0
38.7024,-114.0,364.0
38.7074,-132.0,356.0
38.7125,233.0,358.0
38.7175,-20.0,352.0
38.7226,-450.0,358.0
38.7275,111.0,356.0
38.7325,596.0,366.0
38.7377,-68.0,366.0
38.7426,-545.0,374.0
38.7476,-41.0,374.0
38.7526,330.0,378.0
38.7576,121.0,378.0
38.7625,-82.0,378.0
38.7676,-129.0,380.0
38.7727,-96.0,378.0
38.7776,64.0,380.0
38.7825,145.0,376.0
38.7874,14.0,374.0
38.7924,-53.0,368.0
38.7975,-45.0,364.0
38.8026,-71.0,358.0
38.8075,68.0,352.0
38.8127,122.0,348.0
38.8175,-131.0,344.0
38.8228,-123.0,340.0
38.8276,162.0,340.0
38.8325,83.0,338.0
38.8375,-120.0,338.0
38.8424,48.0,336.0
38.8474,106.0,336.0
38.8528,-198.0,336.0
38.8578,-173.0,338.0
38.8627,210.0,340.0
38.8675,215.0,342.0
38.8724,-96.0,344.0
38.8775,-170.0,344.0
38.8824,-5.0,342.0
38.8877,112.0,340.0
38.8925,49.0,334.0
38.8977,-116.0,332.0
38.9024,-95.0,326.0
38.9075,172.0,324.0
38.9125,171.0,322.0
38.9177,-229.0,322.0
38.9226,-228.0,322.0
38.9275,248.0,322.0
38.9325,239.0,326.0
38.9376,-227.0,328.0
38.9431,-228.0,330.0
38.9476,178.0,332.0
38.9526,222.0,330.0
38.9576,-146.0,332.0
38.9626,-233.0,330.0
38.9675,150.0,330.0
38.9728,243.0,328.0
38.9777,-134.0,326.0
38.9825,-186.0,324.0
38.9874,62.0,322.0
38.9926,57.0,318.0
38.9976,0.0,314.0
39.0026,34.0,308.0
39.0075,-16.0,304.0
39.0127,-12.0,300.0
39.0176,37.0,294.0
39.0227,-58.0,294.0
39.0275,-97.0,290.0
39.0325,64.0,290.0
39.0375,154.0,290.0
39.0425,1.0,290.0
39.0475,-173.0,292.0
39.053,-54.0,292.0
39.0576,189.0,292.0
39.0626,58.0,292.0
39.0675,-236.0,292.0
39.0725,-58.0,290.0
39.0775,272.0,292.0
39.0826,60.0,288.0
39.0877,-243.0,290.0
39.0926,-29.0,286.0
39.0976,153.0,288.0
39.1025,-19.0,286.0
39.1076,-44.0,284.0
39.1125,39.0,282.0
39.1176,-67.0,282.0
39.1227,-15.0,274.0
39.1274,186.0,276.0
39.133,-23.0,268.0
39.1377,-273.0,272.0
39.1428,51.0,266.0
39.1477,272.0,268.0
39.1525,-65.0,268.0
39.1574,-189.0,270.0
39.1625,55.0,268.0
39.1676,70.0,266.0
39.1724,-18.0,262.0
39.1776,39.0,258.0
39.1824,-14.0,254.0
39.1874,-96.0,252.0
39.1924,40.0,250.0
39.1976,91.0,252.0
39.2026,-80.0,248.0
39.2075,-93.0,250.0
39.2125,99.0,246.0
39.2174,161.0,248.0
39.2225,-6.0,244.0
39.2278,-230.0,246.0
39.2326,-201.0,246.0
39.2376,175.0,248.0
39.2434,380.0,254.0
39.2481,-7.0,254.0
39.2524,-395.0,260.0
39.2576,-129.0,262.0
39.2626,268.0,264.0
39.2676,122.0,266.0
39.2726,-122.0,266.0
39.2775,-1.0,264.0
39.2825,39.0,264.0
39.2877,-102.0,266.0
39.2925,-12.0,264.0
39.2976,76.0,262.0
39.3024,-37.0,262.0
39.3074,46.0,258.0
39.3126,184.0,258.0
39.3176,-101.0,258.0
39.3226,-324.0,260.0
39.3274,21.0,258.0
39.3324,259.0,260.0
39.3376,32.0,258.0
39.3426,-32.0,256.0
39.3475,51.0,256.0
39.3525,-89.0,254.0
39.3574,-124.0,254.0
39.3625,20.0,248.0
39.3677,27.0,246.0
39.3726,36.0,238.0
39.3777,131.0,240.0
39.3824,43.0,232.0
39.3875,-141.0,232.0
39.3925,-102.0,230.0
39.3976,7.0,228.0
39.4025,-17.0,226.0
39.4075,72.0,226.0
39.4126,190.0,228.0
39.4175,-10.0,226.0
39.4224,-194.0,226.0
39.4277,-63.0,228.0
39.4326,22.0,228.0
39.4389,25.0,226.0
39.4425,148.0,228.0
39.4477,68.0,228.0
39.4526,-237.0,230.0
39.4578,-125.0,230.0
39.4625,324.0,232.0
39.4674,170.0,234.0
39.4725,-402.0,238.0
39.4775,-246.0,240.0
39.4826,322.0,244.0
39.4877,240.0,246.0
39.4925,-67.0,244.0
39.4976,-33.0,242.0
39.5025,-152.0,242.0
39.5075,-254.0,242.0
39.5126,181.0,244.0
39.5177,381.0,246.0
39.5227,-101.0,248.0
39.5274,-293.0,250.0
39.5324,84.0,252.0
39.5387,152.0,252.0
39.5426,-141.0,252.0
39.5475,-67.0,252.0
39.5525,153.0,250.0
39.5574,-11.0,248.0
39.5627,-107.0,246.0
39.5677,122.0,244.0
39.5727,90.0,242.0
39.5776,-221.0,242.0
39.5825,-135.0,240.0
39.5874,248.0,240.0
39.5925,193.0,240.0
39.5976,-183.0,240.0
39.6027,-214.0,240.0
39.6076,42.0,238.0
39.6126,187.0,238.0
39.6176,131.0,238.0
39.6226,-100.0,236.0
39.6277,-244.0,240.0
39.6326,-25.0,238.0
39.6374,185.0,242.0
39.6424,88.0,242.0
39.6474,0.0,242.0
39.6526,-8.0,242.0
39.6576,-106.0,244.0
39.6627,-128.0,244.0
39.6675,34.0,244.0
39.6725,166.0,246.0
39.6774,77.0,244.0
39.6826,-96.0,246.0
39.6876,-43.0,244.0
39.6925,53.0,244.0
39.6977,-124.0,242.0
39.7025,-113.0,244.0
39.7074,231.0,244.0
39.7125,183.0,246.0
39.7176,-165.0,244.0
39.7227,-144.0,244.0
39.7274,31.0,242.0
39.7324,10.0,242.0
39.7377,23.0,240.0
39.7429,93.0,240.0
39.7474,4.0,240.0
39.7524,-84.0,240.0
39.7575,-30.0,240.0
39.7625,-7.0,240.0
39.7675,23.0,238.0
39.7727,126.0,238.0
39.7775,-2.0,234.0
39.7825,-230.0,238.0
39.7875,-25.0,234.0
39.7925,261.0,236.0
39.7975,37.0,234.0
39.8027,-207.0,236.0
39.8076,-7.0,236.0
39.8127,136.0,238.0
39.8174,-49.0,238.0
39.8224,-74.0,238.0
39.8278,116.0,238.0
39.8325,-1.0,238.0
39.8376,-215.0,240.0
39.8424,71.0,240.0
39.8474,331.0,244.0
39.8525,-70.0,244.0
39.8577,-386.0,246.0
39.8625,-6.0,246.0
39.8675,312.0,248.0
39.8724,71.0,246.0
39.8774,-128.0,246.0
39.8826,-28.0,240.0
39.8876,-71.0,240.0
39.8925,-105.0,236.0
39.8976,209.0,238.0
39.9025,223.0,236.0
39.9074,-277.0,240.0
39.9126,-268.0,242.0
39.9176,278.0,246.0
39.9227,251.0,250.0
39.9274,-205.0,250.0
39.9325,-191.0,254.0
39.9376,89.0,254.0
39.9428,121.0,254.0
39.9474,27.0,254.0
39.9525,-71.0,252.0
39.9575,-160.0,254.0
39.9624,26.0,250.0
39.9675,292.0,254.0
39.9726,36.0,250.0
39.9777,-336.0,254.0
39.9824,-80.0,256.0
39.9875,258.0,258.0
39.9924,31.0,258.0
39.9976,-154.0,258.0
40.0027,133.0,260.0
40.0075,149.0,262.0
40.0126,-309.0,266.0
40.0175,-246.0,268.0
40.0227,337.0,272.0
40.0276,305.0,276.0
40.0324,-188.0,276.0
40.0374,-186.0,280.0
40.0424,-3.0,280.0
40.0474,-68.0,278.0
40.053,99.0,278.0
40.0576,277.0,282.0
40.0625,-84.0,280.0
40.0676,-310.0,284.0
40.0727,11.0,284.0
40.0775,203.0,286.0
40.0824,62.0,286.0
40.0877,-69.0,286.0
40.0925,-99.0,284.0
40.0976,-3.0,282.0
40.1025,102.0,278.0
40.1074,0.0,274.0
40.1126,-101.0,270.0
40.1178,16.0,266.0
40.1226,105.0,264.0
40.1274,26.0,260.0
40.1325,-84.0,260.0
40.1376,-95.0,262.0
40.1429,26.0,260.0
40.1478,68.0,256.0
40.1524,15.0,254.0
40.1575,71.0,248.0
40.1634,-31.0,248.0
40.1676,-191.0,246.0
40.1726,115.0,246.0
40.1777,238.0,248.0
40.1825,-263.0,250.0
40.1874,-280.0,254.0
40.1926,315.0,256.0
40.1976,298.0,260.0
40.2027,-197.0,262.0
40.2075,-210.0,264.0
40.2126,40.0,262.0
40.2174,54.0,260.0
40.2224,28.0,258.0
40.2275,70.0,256.0
40.2327,-16.0,252.0
40.2375,-159.0,252.0
40.2425,-61.0,250.0
40.2474,227.0,252.0
40.2525,230.0,254.0
40.2577,-212.0,254.0
40.2626,-413.0,260.0
40.2674,93.0,258.0
40.2726,445.0,264.0
40.2775,7.0,260.0
40.2825,-276.0,264.0
40.2876,20.0,264.0
40.2926,48.0,264.0
40.2977,-132.0,266.0
40.3026,83.0,264.0
40.3075,188.0,266.0
40.3125,-107.0,266.0
40.3176,-141.0,266.0
40.3226,85.0,266.0
40.3274,94.0,268.0
40.3327,-10.0,266.0
40.3377,-119.0,266.0
40.3427,-139.0,268.0
40.3476,158.0,266.0
40.3524,285.0,268.0
40.3574,-149.0,268.0
40.3625,-311.0,270.0
40.3676,120.0,272.0
40.3728,212.0,274.0
40.3775,-97.0,276.0
40.3825,-63.0,276.0
40.3876,38.0,276.0
40.3924,-90.0,276.0
40.3976,72.0,276.0
40.4024,253.0,280.0
40.4075,-148.0,282.0
40.4125,-375.0,286.0
40.4174,120.0,288.0
40.4225,359.0,290.0
40.4277,-52.0,290.0
40.4326,-209.0,290.0
40.4374,28.0,290.0
40.4424,41.0,286.0
40.4475,-42.0,288.0
40.4526,55.0,286.0
40.4589,46.0,286.0
40.4624,-93.0,286.0
40.4675,-10.0,284.0
40.4724,120.0,286.0
40.4774,-44.0,284.0
40.4825,-151.0,286.0
40.4876,81.0,282.0
40.4925,149.0,282.0
40.4976,-95.0,278.0
40.5024,-95.0,280.0
40.5075,116.0,276.0
40.5125,30.0,276.0
40.5176,-153.0,276.0
40.5226,-4.0,276.0
40.5274,129.0,276.0
40.5324,-17.0,276.0
40.5376,18.0,272.0
40.5428,128.0,270.0
40.5475,-192.0,270.0
40.5525,-334.0,270.0
40.5576,225.0,270.0
40.5624,505.0,274.0
40.5675,-93.0,272.0
40.5728,-498.0,276.0
40.5776,-81.0,276.0
40.5825,298.0,280.0
40.5875,164.0,282.0
40.5924,-30.0,280.0
40.5976,-103.0,280.0
40.6026,-145.0,282.0
40.6075,-38.0,278.0
40.6126,153.0,280.0
40.6174,155.0,276.0
40.6224,-42.0,276.0
40.6276,-192.0,276.0
40.6326,-61.0,276.0
40.6374,198.0,276.0
40.6424,57.0,276.0
40.6475,-247.0,276.0
40.6526,15.0,272.0
40.6577,333.0,274.0
40.6631,-38.0,268.0
40.6674,-352.0,270.0
40.6724,-8.0,266.0
40.6775,225.0,268.0
40.6825,17.0,268.0
40.6881,-22.0,266.0
40.6924,61.0,266.0
40.6975,-90.0,264.0
40.7025,-124.0,264.0
40.7074,47.0,260.0
40.7125,82.0,260.0
40.7176,45.0,258.0
40.7226,-7.0,258.0
40.7274,-83.0,258.0
40.7324,9.0,256.0
40.7375,80.0,258.0
40.7427,-51.0,256.0
40.7476,-68.0,258.0
40.7526,24.0,256.0
40.7574,15.0,256.0
40.7624,87.0,256.0
40.7688,84.0,258.0
40.7725,-205.0,260.0
40.7775,-140.0,260.0
40.7824,286.0,264.0
40.7874,79.0,264.0
40.7925,-353.0,270.0
40.7977,37.0,268.0
40.8024,397.0,274.0
40.8076,-104.0,274.0
40.8125,-360.0,278.0
40.8176,91.0,274.0
40.8226,222.0,274.0
40.8275,-54.0,270.0
40.8326,-65.0,266.0
40.8375,36.0,262.0
40.8425,-22.0,260.0
40.8474,2.0,256.0
40.8525,77.0,258.0
40.8577,-88.0,258.0
40.8626,-188.0,260.0
40.8681,129.0,262.0
40.8726,322.0,266.0
40.8774,-36.0,264.0
40.8826,-366.0,268.0
40.8876,-127.0,268.0
40.8926,277.0,268.0
40.8975,217.0,268.0
40.9024,-139.0,264.0
40.9076,-194.0,266.0
40.9125,66.0,260.0
40.9175,140.0,262.0
40.9226,-50.0,258.0
40.9274,-97.0,260.0
40.9324,21.0,258.0
40.9375,41.0,258.0
40.9426,8.0,256.0
40.9475,12.0,254.0
40.9526,-5.0,252.0
40.9577,-30.0,250.0
40.9624,-12.0,248.0
40.9676,25.0,248.0
40.9725,13.0,248.0
40.9776,-20.0,246.0
40.9824,4.0,244.0
40.9874,6.0,242.0
40.9924,-14.0,238.0
40.9974,41.0,236.0
41.0025,-25.0,232.0
41.0075,-147.0,232.0
41.0126,129.0,230.0
41.0175,298.0,234.0
41.0227,-248.0,236.0
41.0277,-435.0,242.0
41.0326,287.0,246.0
41.0375,482.0,252.0
41.0424,-220.0,252.0
41.0474,-405.0,256.0
41.0527,131.0,252.0
41.0584,270.0,254.0
41.0631,-78.0,250.0
41.0675,-189.0,252.0
41.0728,-21.0,250.0
41.0777,177.0,252.0
41.0827,253.0,254.0
41.0879,-78.0,256.0
41.0925,-468.0,262.0
41.0976,-189.0,264.0
41.1024,416.0,270.0
41.1076,416.0,276.0
41.1129,-130.0,276.0
41.1179,-364.0,280.0
41.1229,-92.0,280.0
41.1276,109.0,280.0
41.1326,73.0,278.0
41.1377,97.0,278.0
41.1432,65.0,278.0
41.1475,-161.0,280.0
41.1524,-123.0,280.0
41.1579,193.0,282.0
41.1627,66.0,282.0
41.168,-276.0,284.0
41.1731,-12.0,284.0
41.1779,344.0,290.0
41.1834,41.0,288.0
41.1883,-313.0,290.0
41.1925,-117.0,286.0
41.1976,183.0,286.0
41.2026,150.0,280.0
41.2079,-28.0,280.0
41.2126,-94.0,274.0
41.2176,-40.0,272.0
41.2226,15.0,268.0
41.2279,-70.0,266.0
41.2329,-91.0,268.0
41.2376,337.0,272.0
41.2426,441.0,276.0
41.2476,-527.0,284.0
41.2531,-861.0,294.0
41.2577,404.0,298.0
41.263,930.0,312.0
41.2676,-97.0,310.0
41.2729,-529.0,318.0
41.2776,-41.0,316.0
41.2827,15.0,314.0
41.2894,-73.0,312.0
41.2924,224.0,316.0
41.2979,205.0,314.0
41.3027,-194.0,316.0
41.3076,-170.0,314.0
41.313,169.0,316.0
41.3185,49.0,312.0
41.3229,-287.0,318.0
41.3276,-2.0,316.0
41.3328,408.0,322.0
41.3374,44.0,322.0
41.3432,-378.0,326.0
41.3474,-70.0,326.0
41.353,231.0,328.0
41.358,17.0,328.0
41.3626,-91.0,330.0
41.3674,87.0,330.0
41.3731,35.0,330.0
41.3781,-181.0,332.0
41.3824,-53.0,332.0
41.3876,201.0,334.0
41.3928,75.0,334.0
41.3978,-104.0,336.0
41.4035,-13.0,334.0
41.4074,-48.0,334.0
41.4125,-127.0,332.0
41.4176,113.0,332.0
41.4227,210.0,330.0
41.428,-38.0,330.0
41.4331,-122.0,326.0
41.4374,-56.0,326.0
41.4427,-45.0,322.0
41.4475,44.0,320.0
41.4526,91.0,316.0
41.458,44.0,316.0
41.4624,23.0,312.0
41.4674,-90.0,312.0
41.4726,-156.0,314.0
41.4775,67.0,314.0
41.4834,209.0,318.0
41.4881,-46.0,318.0
41.4924,-185.0,320.0
41.4984,80.0,320.0
41.5024,131.0,320.0
41.5078,-151.0,320.0
41.5126,-100.0,316.0
41.5174,184.0,318.0
41.5229,79.0,314.0
41.5276,-131.0,314.0
41.5326,5.0,310.0
41.5378,31.0,306.0
41.5431,-151.0,306.0
41.5475,26.0,304.0
41.5524,250.0,308.0
41.5578,-10.0,306.0
41.5627,-214.0,308.0
41.5676,-5.0,306.0
41.5731,75.0,308.0
41.5779,-64.0,308.0
41.5824,20.0,308.0
41.5874,180.0,310.0
41.5929,28.0,310.0
41.5979,-219.0,314.0
41.6025,-186.0,316.0
41.6076,122.0,318.0
41.6126,335.0,322.0
41.6174,57.0,324.0
41.6225,-352.0,328.0
41.628,-196.0,332.0
41.6332,190.0,334.0
41.6374,172.0,336.0
41.6426,16.0,336.0
41.6481,-8.0,334.0
41.6526,-71.0,334.0
41.6581,-97.0,330.0
41.6629,-20.0,326.0
41.6679,-5.0,320.0
41.6735,47.0,316.0
41.6778,230.0,312.0
41.6827,111.0,310.0
41.6874,-356.0,310.0
41.693,-337.0,314.0
41.6979,267.0,314.0
41.7026,403.0,318.0
41.7077,-55.0,316.0
41.7127,-224.0,320.0
41.7174,-91.0,318.0
41.7224,-66.0,314.0
41.7275,107.0,316.0
41.7326,273.0,312.0
41.7379,-87.0,310.0
41.7433,-327.0,310.0
41.7474,107.0,304.0
41.7525,265.0,306.0
41.7578,-150.0,304.0
41.7627,-145.0,304.0
41.7678,185.0,306.0
41.773,48.0,304.0
41.7784,-208.0,306.0
41.7824,-24.0,306.0
41.7876,214.0,306.0
41.7936,57.0,306.0
41.7977,-197.0,306.0
41.8024,-114.0,306.0
41.8079,150.0,304.0
41.8132,182.0,308.0
41.8176,-73.0,304.0
41.8225,-246.0,306.0
41.8274,3.0,302.0
41.8329,277.0,304.0
41.8373,18.0,302.0
41.8425,-244.0,302.0
41.8476,0.0,302.0
41.8528,167.0,304.0
41.8585,-15.0,304.0
41.8636,-112.0,304.0
41.8673,-9.0,304.0
41.8727,109.0,304.0
41.8784,86.0,300.0
41.8827,-89.0,294.0
41.8879,-167.0,288.0
41.8924,-18.0,276.0
41.898,164.0,272.0
41.9026,175.0,260.0
41.9077,-76.0,260.0
41.9128,-243.0,256.0
41.9179,5.0,254.0
41.9224,153.0,258.0
41.9275,-15.0,256.0
41.9326,1.0,252.0
41.9376,65.0,250.0
41.9431,-84.0,248.0
41.9475,-97.0,248.0
41.9532,76.0,246.0
41.9579,94.0,246.0
41.9626,-51.0,244.0
41.9675,-86.0,244.0
41.9731,45.0,238.0
41.9776,103.0,240.0
41.9825,-17.0,234.0
41.9876,-115.0,234.0
41.9929,-53.0,232.0
41.9977,102.0,234.0
42.0025,127.0,234.0
42.0075,-97.0,234.0
42.0131,-172.0,236.0
42.0176,97.0,234.0
42.0227,204.0,238.0
42.0274,-37.0,234.0
42.0326,-221.0,236.0
42.0381,-79.0,236.0
42.0424,177.0,240.0
42.0479,132.0,240.0
42.0528,-87.0,240.0
42.058,-61.0,238.0
42.0631,48.0,236.0
42.0674,-25.0,236.0
42.0725,-73.0,236.0
42.0773,6.0,234.0
42.0826,63.0,234.0
42.0875,83.0,236.0
42.0924,40.0,234.0
42.0974,-128.0,236.0
42.1025,-165.0,238.0
42.1074,102.0,238.0
42.1126,181.0,238.0
42.1175,-109.0,240.0
42.1225,-48.0,238.0
42.1275,231.0,240.0
42.1326,-131.0,240.0
42.1376,-360.0,244.0
42.1426,238.0,246.0
42.1475,332.0,248.0
42.1526,-270.0,250.0
42.1575,-164.0,250.0
42.1625,282.0,254.0
42.1676,13.0,252.0
42.1728,-265.0,256.0
42.1776,21.0,256.0
42.1826,185.0,256.0
42.1873,32.0,256.0
42.1924,-67.0,254.0
42.1977,-85.0,254.0
42.2034,-32.0,252.0
42.2074,95.0,254.0
42.2126,93.0,254.0
42.2176,-93.0,254.0
42.2235,-127.0,256.0
42.2274,118.0,254.0
42.2325,144.0,256.0
42.2374,-148.0,256.0
42.2424,-136.0,254.0
42.2475,150.0,254.0
42.2525,96.0,252.0
42.2577,-136.0,252.0
42.2626,-22.0,248.0
42.2675,149.0,246.0
42.2726,-55.0,244.0
42.2774,-193.0,244.0
42.2826,76.0,246.0
42.2876,205.0,248.0
42.2925,-38.0,248.0
42.2976,-128.0,248.0
42.3039,16.0,248.0
42.3073,-4.0,248.0
42.3125,-49.0,248.0
42.3176,115.0,246.0
42.3226,92.0,246.0
42.3274,-188.0,244.0
42.3324,-122.0,240.0
42.3375,246.0,240.0
42.343,171.0,236.0
42.3475,-274.0,240.0
42.3525,-227.0,240.0
42.3574,243.0,242.0
42.3624,244.0,246.0
42.3674,-178.0,246.0
42.3728,-243.0,246.0
42.3774,100.0,246.0
42.3824,259.0,244.0
42.3874,5.0,244.0
42.3925,-237.0,242.0
42.3975,-93.0,242.0
42.4026,146.0,242.0
42.4074,73.0,240.0
42.4126,-67.0,240.0
42.4174,41.0,238.0
42.4224,85.0,238.0
42.4277,-131.0,238.0
42.4327,-182.0,240.0
42.4374,117.0,238.0
42.4425,270.0,240.0
42.4475,-43.0,240.0
42.4526,-290.0,240.0
42.4578,0.0,240.0
42.4626,219.0,240.0
42.4674,-28.0,240.0
42.4724,-78.0,236.0
42.4776,107.0,238.0
42.4826,-55.0,234.0
42.4877,-195.0,238.0
42.4924,100.0,236.0
42.4974,271.0,240.0
42.5024,-44.0,240.0
42.5084,-298.0,244.0
42.5124,-54.0,244.0
42.5174,231.0,246.0
42.5225,102.0,246.0
42.5274,-110.0,246.0
42.5324,-53.0,246.0
42.5375,45.0,244.0
42.5427,-43.0,242.0
42.5475,-87.0,242.0
42.5524,73.0,240.0
42.5576,180.0,242.0
42.5624,31.0,240.0
42.5675,-221.0,244.0
42.5728,-191.0,246.0
42.5777,167.0,248.0
42.5824,228.0,250.0
42.5876,-87.0,250.0
42.5924,-81.0,250.0
42.5975,74.0,250.0
42.6027,-105.0,250.0
42.6085,-119.0,252.0
42.6126,164.0,252.0
42.6174,147.0,254.0
42.6226,-74.0,254.0
42.6277,-154.0,256.0
42.6326,-92.0,256.0
42.6375,207.0,258.0
42.6424,293.0,260.0
42.6476,-299.0,264.0
42.6527,-496.0,268.0
42.6577,351.0,272.0
42.6626,606.0,278.0
42.6676,-338.0,284.0
42.6726,-523.0,288.0
42.6774,307.0,292.0
42.6826,292.0,294.0
42.6876,-266.0,296.0
42.6926,-73.0,296.0
42.6975,167.0,296.0
42.7024,-52.0,296.0
42.7074,-26.0,296.0
42.7134,70.0,296.0
42.7174,-72.0,298.0
42.7226,36.0,298.0
42.7274,123.0,298.0
42.7325,-170.0,300.0
42.7375,-162.0,300.0
42.7426,184.0,300.0
42.7475,150.0,302.0
42.7525,-108.0,300.0
42.7574,-67.0,300.0
42.7625,82.0,300.0
42.7675,7.0,296.0
42.7724,-133.0,296.0
42.7775,-58.0,292.0
42.7825,165.0,292.0
42.7875,185.0,288.0
42.7924,-122.0,286.0
42.7974,-285.0,288.0
42.8025,8.0,284.0
42.8074,304.0,288.0
42.8126,166.0,288.0
42.8174,-210.0,290.0
42.8226,-330.0,292.0
42.8274,-8.0,292.0
42.8326,337.0,296.0
42.8374,242.0,298.0
42.8424,-159.0,300.0
42.8475,-300.0,304.0
42.8529,-40.0,302.0
42.8576,149.0,304.0
42.8626,89.0,304.0
42.8674,35.0,302.0
42.8724,23.0,300.0
42.8774,-77.0,298.0
42.8825,-165.0,300.0
42.8875,-38.0,298.0
42.8924,199.0,300.0
42.8976,157.0,300.0
42.9024,-94.0,300.0
42.9074,-126.0,300.0
42.9127,-57.0,300.0
42.9175,-39.0,298.0
42.9224,143.0,300.0
42.9274,130.0,298.0
42.9327,-163.0,300.0
42.9374,28.0,298.0
42.9425,251.0,302.0
42.9476,-333.0,308.0
42.9525,-477.0,314.0
42.9575,463.0,320.0
42.9624,657.0,328.0
42.9676,-254.0,330.0
42.9728,-502.0,334.0
42.9774,-82.0,332.0
42.9824,50.0,330.0
42.9874,192.0,330.0
42.9924,297.0,330.0
42.9974,5.0,326.0
43.0025,-304.0,328.0
43.0075,-285.0,330.0
43.0125,128.0,328.0
43.0182,406.0,332.0
43.0225,-23.0,328.0
43.0276,-326.0,334.0
43.0325,58.0,330.0
43.0375,194.0,332.0
43.0427,-140.0,332.0
43.0476,-167.0,334.0
43.0525,153.0,336.0
43.0577,254.0,338.0
43.063,-42.0,338.0
43.0677,-329.0,340.0
43.0725,-186.0,340.0
43.0776,272.0,344.0
43.0826,450.0,346.0
43.0876,-90.0,346.0
43.0925,-595.0,352.0
43.0976,-93.0,354.0
43.1025,510.0,358.0
43.1076,125.0,360.0
43.1126,-244.0,362.0
43.1174,78.0,362.0
43.1225,8.0,360.0
43.1276,-409.0,364.0
43.1324,2.0,362.0
43.1376,592.0,368.0
43.1428,155.0,370.0
43.1475,-469.0,372.0
43.1525,-241.0,374.0
43.1576,168.0,374.0
43.1627,139.0,374.0
43.1675,93.0,374.0
43.1725,7.0,374.0
43.1776,-276.0,376.0
43.1826,-30.0,376.0
43.1875,481.0,382.0
43.1925,-19.0,382.0
43.1982,-667.0,390.0
43.2025,-11.0,390.0
43.2076,652.0,396.0
43.2124,91.0,394.0
43.2175,-411.0,398.0
43.2226,-75.0,396.0
43.2286,133.0,396.0
43.2325,-39.0,396.0
43.2375,32.0,396.0
43.2429,125.0,396.0
43.2478,-115.0,396.0
43.2529,-124.0,394.0
43.2587,194.0,396.0
43.2625,95.0,396.0
43.2676,-227.0,398.0
43.2729,-67.0,396.0
43.2777,147.0,396.0
43.2828,-8.0,392.0
43.2879,-21.0,386.0
43.2927,108.0,380.0
43.2979,-51.0,376.0
43.3027,-128.0,368.0
43.3076,107.0,366.0
43.313,56.0,358.0
43.3175,-214.0,356.0
43.3225,-11.0,352.0
43.3275,282.0,352.0
43.3325,91.0,352.0
43.3377,-147.0,352.0
43.3426,-204.0,354.0
43.3475,-139.0,356.0
43.3525,164.0,358.0
43.3575,289.0,362.0
43.3626,-4.0,360.0
43.3677,-147.0,362.0
43.3725,-66.0,360.0
43.3777,-112.0,358.0
43.3827,-13.0,356.0
43.3875,240.0,358.0
43.3926,107.0,358.0
43.3977,-179.0,360.0
43.4025,-86.0,360.0
43.4076,75.0,360.0
43.4126,-38.0,358.0
43.4175,-86.0,360.0
43.4225,140.0,358.0
43.4281,212.0,360.0
43.4325,-103.0,358.0
43.4376,-341.0,360.0
43.4425,-55.0,360.0
43.4475,374.0,362.0
43.4527,195.0,362.0
43.4576,-305.0,364.0
43.4625,-198.0,362.0
43.4676,217.0,364.0
43.4725,99.0,362.0
43.4775,-195.0,360.0
43.4826,-39.0,358.0
43.4875,214.0,358.0
43.4925,56.0,358.0
43.4976,-197.0,358.0
43.5025,-17.0,358.0
43.5075,179.0,360.0
43.5124,-141.0,362.0
43.5177,-273.0,364.0
43.5224,246.0,366.0
43.5275,441.0,372.0
43.5325,-133.0,370.0
43.5374,-493.0,376.0
43.5426,-82.0,376.0
43.5474,345.0,380.0
43.5527,164.0,380.0
43.5574,-134.0,382.0
43.5624,-51.0,380.0
43.5674,52.0,380.0
43.5724,-129.0,380.0
43.5775,-152.0,382.0
43.5824,248.0,382.0
43.5874,367.0,382.0
43.5924,-251.0,378.0
43.5975,-582.0,380.0
43.6024,127.0,372.0
43.6076,647.0,378.0
43.6125,58.0,370.0
43.6174,-481.0,378.0
43.6225,-176.0,380.0
43.6277,164.0,378.0
43.633,139.0,376.0
43.6374,106.0,378.0
43.6424,13.0,374.0
43.6475,-181.0,372.0
43.6524,-139.0,372.0
43.6577,71.0,366.0
43.6624,146.0,368.0
43.6675,77.0,364.0
43.6725,-83.0,364.0
43.6775,-146.0,364.0
43.6824,23.0,362.0
43.6875,108.0,362.0
43.6924,31.0,360.0
43.6974,13.0,356.0
43.7024,-84.0,356.0
43.7074,-164.0,354.0
43.7127,96.0,352.0
43.7174,246.0,352.0
43.7224,-58.0,346.0
43.7275,-205.0,348.0
43.7324,3.0,338.0
43.7374,79.0,338.0
43.7425,75.0,332.0
43.7477,81.0,330.0
43.7524,-185.0,330.0
43.7575,-275.0,332.0
43.7624,245.0,336.0
43.7674,446.0,338.0
43.7725,-198.0,340.0
43.7775,-485.0,338.0
43.7825,126.0,338.0
43.7874,375.0,336.0
43.7945,-133.0,334.0
43.7975,-217.0,336.0
43.8025,198.0,336.0
43.8074,104.0,336.0
43.8124,-228.0,340.0
43.8174,-38.0,336.0
43.8224,186.0,338.0
43.8277,-20.0,332.0
43.8325,-104.0,334.0
43.8375,78.0,324.0
43.8424,24.0,324.0
43.8474,-95.0,316.0
43.8526,43.0,314.0
43.8576,47.0,308.0
43.8625,-135.0,310.0
43.8674,26.0,308.0
43.8724,282.0,312.0
43.8775,-50.0,312.0
43.8824,-412.0,316.0
43.8874,-4.0,316.0
43.8925,365.0,318.0
43.8974,61.0,316.0
43.9025,-102.0,316.0
43.9074,-11.0,314.0
43.9125,-203.0,316.0
43.9175,-150.0,316.0
43.9224,356.0,322.0
43.9274,300.0,326.0
43.9325,-295.0,328.0
43.9374,-314.0,332.0
43.9425,105.0,332.0
43.9475,187.0,334.0
43.9525,63.0,334.0
43.9574,-59.0,332.0
43.9625,-109.0,332.0
43.9674,86.0,330.0
43.9724,68.0,330.0
43.9776,-241.0,330.0
43.9824,-37.0,328.0
43.9874,339.0,332.0
43.9924,30.0,330.0
43.9978,-285.0,328.0
44.0024,10.0,330.0
44.0074,165.0,330.0
44.0124,-93.0,330.0
44.0175,-90.0,330.0
44.0224,161.0,332.0
44.0274,91.0,330.0
44.0325,-179.0,330.0
44.0375,-167.0,330.0
44.0424,151.0,332.0
44.0477,302.0,334.0
44.0525,-58.0,336.0
44.0575,-372.0,340.0
44.0627,-78.0,338.0
44.0675,240.0,340.0
44.0724,120.0,340.0
44.0774,3.0,334.0
44.0825,23.0,334.0
44.0878,-109.0,330.0
44.0924,-179.0,330.0
44.0974,22.0,324.0
44.1027,121.0,324.0
44.1074,29.0,320.0
44.1124,74.0,320.0
44.1175,120.0,320.0
44.1224,-140.0,320.0
44.1274,-305.0,322.0
44.1324,-1.0,322.0
44.1375,268.0,322.0
44.1424,172.0,324.0
44.1475,-24.0,322.0
44.1524,-194.0,324.0
44.1578,-193.0,322.0
44.1624,58.0,320.0
44.1674,224.0,316.0
44.1724,116.0,316.0
44.1774,-85.0,308.0
44.1825,-216.0,312.0
44.1874,-92.0,308.0
44.1925,188.0,308.0
44.1975,134.0,308.0
44.2025,-43.0,308.0
44.2074,68.0,308.0
44.2124,-97.0,308.0
44.2174,-387.0,310.0
44.2224,82.0,308.0
44.2278,538.0,310.0
44.2325,58.0,308.0
44.2375,-406.0,306.0
44.2424,-136.0,306.0
44.2474,167.0,298.0
44.2524,90.0,298.0
44.2575,-60.0,292.0
44.2625,-93.0,290.0
44.2674,100.0,290.0
44.2724,286.0,292.0
44.2776,-100.0,292.0
44.2826,-518.0,300.0
44.2874,-48.0,298.0
44.2924,519.0,304.0
44.2974,206.0,306.0
44.3025,-272.0,308.0
44.3074,-204.0,310.0
44.3126,18.0,308.0
44.3176,80.0,308.0
44.3224,70.0,308.0
44.3273,4.0,306.0
44.3324,-39.0,306.0
44.3373,6.0,306.0
44.3424,7.0,306.0
44.3476,-56.0,304.0
44.3524,-45.0,302.0
44.3574,107.0,300.0
44.3624,155.0,302.0
44.3676,-145.0,302.0
44.3726,-282.0,306.0
44.3775,126.0,306.0
44.3824,327.0,310.0
44.3874,-26.0,310.0
44.3925,-227.0,310.0
44.3975,-61.0,306.0
44.4026,58.0,304.0
44.4074,30.0,298.0
44.4124,-3.0,294.0
44.4173,61.0,288.0
44.4227,148.0,288.0
44.4273,-45.0,282.0
44.4326,-367.0,286.0
44.4375,-100.0,284.0
44.4426,454.0,288.0
44.4474,195.0,290.0
44.4525,-368.0,292.0
44.4576,-96.0,294.0
44.4624,255.0,294.0
44.4674,-118.0,296.0
44.4724,-238.0,298.0
44.4776,262.0,300.0
44.4826,272.0,304.0
44.4876,-276.0,308.0
44.4925,-275.0,312.0
44.4974,272.0,314.0
44.5024,269.0,316.0
44.5074,-320.0,322.0
44.5125,-302.0,322.0
44.5175,327.0,326.0
44.5224,308.0,324.0
44.5274,-213.0,328.0
44.5324,-165.0,324.0
44.5374,69.0,324.0
44.5424,-123.0,324.0
44.5475,-21.0,324.0
44.5526,402.0,328.0
44.5575,73.0,326.0
44.5626,-508.0,330.0
44.5675,-155.0,328.0
44.5727,438.0,330.0
44.5775,236.0,328.0
44.5824,-283.0,330.0
44.5874,-301.0,332.0
44.5926,103.0,334.0
44.5975,265.0,336.0
44.6025,25.0,336.0
44.6075,-88.0,336.0
44.6127,6.0,334.0
44.6176,-100.0,332.0
44.6226,-199.0,334.0
44.6279,156.0,332.0
44.6325,411.0,338.0
44.6375,-82.0,334.0
44.6425,-496.0,342.0
44.6474,-4.0,340.0
44.6526,431.0,344.0
44.6576,22.0,344.0
44.6631,-302.0,346.0
44.6674,2.0,344.0
44.6724,182.0,344.0
44.6774,-14.0,342.0
44.6824,-80.0,342.0
44.6874,13.0,336.0
44.6926,5.0,336.0
44.6975,-10.0,330.0
44.7024,52.0,330.0
44.7074,-30.0,326.0
44.7126,-180.0,328.0
44.7176,98.0,328.0
44.7224,438.0,336.0
44.7274,-78.0,334.0
44.7325,-647.0,342.0
44.7375,-72.0,342.0
44.7426,564.0,350.0
44.7475,186.0,352.0
44.7525,-260.0,356.0
44.7575,-96.0,354.0
44.7625,59.0,354.0
44.7675,-94.0,350.0
44.7725,-88.0,352.0
44.7774,173.0,350.0
44.7825,157.0,350.0
44.7874,-145.0,352.0
44.7925,-100.0,350.0
44.7978,161.0,350.0
44.8024,-12.0,350.0
44.8075,-251.0,350.0
44.8124,66.0,348.0
44.8175,296.0,352.0
44.8225,-82.0,350.0
44.8275,-228.0,352.0
44.8325,124.0,352.0
44.8375,96.0,350.0
44.8424,-192.0,352.0
44.8474,26.0,352.0
44.8525,242.0,354.0
44.8576,-123.0,350.0
44.8624,-242.0,352.0
44.8674,205.0,348.0
44.8724,205.0,350.0
44.8775,-249.0,348.0
44.8825,-157.0,348.0
44.8876,187.0,348.0
44.8925,91.0,348.0
44.8974,3.0,348.0
44.9024,27.0,346.0
44.9074,-226.0,348.0
44.9125,-218.0,348.0
44.9176,312.0,350.0
44.9224,397.0,348.0
44.9275,-216.0,352.0
44.9324,-415.0,350.0
44.9375,99.0,348.0
44.9426,262.0,348.0
44.9475,-114.0,346.0
44.9525,-133.0,348.0
44.9574,200.0,350.0
44.9624,165.0,352.0
44.9676,-217.0,354.0
44.9724,-252.0,358.0
44.9775,160.0,360.0
44.9824,211.0,364.0
44.9875,-114.0,364.0
44.9925,-20.0,364.0
44.9975,113.0,364.0
45.0025,-167.0,364.0
45.0075,-121.0,364.0
45.0124,195.0,362.0
45.0175,87.0,362.0
45.0227,-66.0,358.0
45.0274,24.0,358.0
45.0324,-62.0,356.0
45.0375,-146.0,356.0
45.0424,66.0,356.0
45.048,127.0,358.0
45.0526,-17.0,358.0
45.0575,53.0,358.0
45.0624,65.0,358.0
45.0675,-167.0,360.0
45.0725,-157.0,356.0
45.0774,31.0,354.0
45.0824,78.0,348.0
45.088,196.0,348.0
45.0924,209.0,346.0
45.0974,-235.0,348.0
45.1024,-465.0,352.0
45.1074,70.0,352.0
45.1125,453.0,354.0
45.1174,64.0,352.0
45.1224,-211.0,350.0
45.1275,-18.0,346.0
45.1324,-45.0,342.0
45.1374,-99.0,340.0
45.1426,205.0,340.0
45.1474,115.0,336.0
45.1524,-320.0,336.0
45.1574,-33.0,332.0
45.1624,420.0,334.0
45.1684,-15.0,330.0
45.1724,-440.0,334.0
45.1776,-12.0,334.0
45.1825,334.0,336.0
45.1882,40.0,338.0
45.1933,-166.0,334.0
45.1974,-11.0,332.0
45.2026,39.0,326.0
45.2075,-62.0,324.0
45.2125,5.0,318.0
45.2174,157.0,316.0
45.2225,23.0,312.0
45.2275,-240.0,310.0
45.2325,-109.0,310.0
45.2375,253.0,310.0
45.2424,195.0,314.0
45.2475,-192.0,314.0
45.2525,-198.0,318.0
45.2576,143.0,318.0
45.2624,117.0,318.0
45.2674,-137.0,318.0
45.2728,-17.0,310.0
45.2774,87.0,310.0
45.2825,-103.0,304.0
45.2875,50.0,306.0
45.2924,284.0,304.0
45.2974,-145.0,306.0
45.3024,-459.0,308.0
45.3073,75.0,308.0
45.3123,478.0,314.0
45.3174,76.0,314.0
45.3224,-315.0,318.0
45.3274,-152.0,320.0
45.3324,136.0,322.0
45.3374,147.0,324.0
45.3425,-125.0,326.0
45.3475,-185.0,328.0
45.3524,305.0,330.0
45.3575,363.0,334.0
45.3625,-509.0,336.0
45.3675,-607.0,344.0
45.3725,538.0,342.0
45.3774,705.0,352.0
45.3825,-388.0,348.0
45.3874,-545.0,354.0
45.3924,235.0,354.0
45.3978,263.0,356.0
45.4025,-205.0,358.0
45.4074,-103.0,360.0
45.4125,244.0,362.0
45.4174,143.0,362.0
45.4224,-229.0,362.0
45.4277,-232.0,364.0
45.4324,161.0,364.0
45.4374,201.0,366.0
45.4426,-151.0,368.0
45.4474,-72.0,364.0
45.4524,225.0,368.0
45.4577,-43.0,364.0
45.4626,-277.0,366.0
45.4674,130.0,364.0
45.4724,244.0,366.0
45.478,-198.0,368.0
45.4824,-182.0,368.0
45.4875,201.0,370.0
45.4925,118.0,368.0
45.4975,-147.0,370.0
45.5025,-37.0,366.0
45.5075,151.0,366.0
45.5126,18.0,362.0
45.5175,-248.0,362.0
45.5224,-135.0,362.0
45.5274,325.0,364.0
45.5325,294.0,368.0
45.5375,-283.0,372.0
45.5425,-338.0,376.0
45.5474,169.0,376.0
45.5524,237.0,376.0
45.5574,-90.0,372.0
45.5625,-99.0,368.0
45.5675,89.0,366.0
45.5724,72.0,360.0
45.5785,-100.0,360.0
45.5825,-215.0,360.0
45.5874,26.0,358.0
45.5924,434.0,362.0
45.5974,156.0,362.0
45.6024,-517.0,368.0
45.6075,-345.0,370.0
45.6124,343.0,372.0
45.6173,365.0,374.0
45.6226,-61.0,372.0
45.6276,-189.0,374.0
45.6325,-68.0,374.0
45.6375,2.0,372.0
45.6424,8.0,370.0
45.6473,38.0,368.0
45.6523,57.0,366.0
45.6577,-1.0,364.0
45.6625,-10.0,364.0
45.6674,36.0,364.0
45.6724,-73.0,364.0
45.6774,-147.0,364.0
45.6824,95.0,364.0
45.6875,224.0,366.0
45.6925,-56.0,366.0
45.6974,-218.0,370.0
45.7023,-9.0,368.0
45.7074,159.0,368.0
45.7124,113.0,368.0
45.7174,-62.0,368.0
45.7225,-232.0,370.0
45.7275,-77.0,368.0
45.7325,260.0,370.0
45.7375,195.0,370.0
45.7425,-126.0,364.0
45.7475,-195.0,366.0
45.7524,-95.0,360.0
45.7574,75.0,360.0
45.7625,247.0,360.0
45.7679,69.0,362.0
45.7725,-219.0,364.0
45.7774,-136.0,364.0
45.7824,42.0,362.0
45.7874,61.0,362.0
45.7955,149.0,358.0
45.7973,132.0,360.0
45.8025,-212.0,358.0
45.8075,-305.0,362.0
45.8125,124.0,356.0
45.8174,304.0,362.0
45.8224,-18.0,356.0
45.8275,-171.0,358.0
45.8325,9.0,356.0
45.8374,80.0,358.0
45.8425,-39.0,358.0
45.8473,-89.0,358.0
45.8525,10.0,358.0
45.8575,120.0,356.0
45.8624,65.0,358.0
45.8674,-143.0,356.0
45.8725,-128.0,356.0
45.8774,187.0,356.0
45.8825,173.0,356.0
45.8876,-250.0,356.0
45.8924,-211.0,356.0
45.8974,288.0,358.0
45.9025,207.0,360.0
45.9075,-277.0,362.0
45.9127,-151.0,364.0
45.9176,200.0,366.0
45.9225,110.0,366.0
45.9274,-25.0,366.0
45.9324,-103.0,362.0
45.9374,-199.0,364.0
45.9424,61.0,358.0
45.9474,327.0,362.0
45.9525,10.0,354.0
45.9574,-296.0,358.0
45.9624,-29.0,352.0
45.9675,196.0,354.0
45.9725,-30.0,352.0
45.9776,-138.0,352.0
45.9824,116.0,352.0
45.9874,162.0,352.0
45.9924,-152.0,348.0
45.9974,-239.0,348.0
46.0026,113.0,340.0
46.0074,286.0,336.0
46.0124,-69.0,328.0
46.0173,-240.0,322.0
46.0224,94.0,316.0
46.0276,141.0,310.0
46.0325,-158.0,310.0
46.0374,-68.0,306.0
46.0424,167.0,306.0
46.0473,42.0,304.0
46.0525,-108.0,302.0
46.0577,-96.0,302.0
46.0624,37.0,298.0
46.0676,289.0,300.0
46.0724,62.0,298.0
46.0774,-549.0,304.0
46.0826,-226.0,304.0
46.0874,655.0,314.0
46.0925,348.0,316.0
46.0974,-500.0,322.0
46.1024,-283.0,322.0
46.1076,227.0,324.0
46.1125,63.0,322.0
46.1176,-29.0,318.0
46.1226,117.0,318.0
46.1274,-64.0,316.0
46.1325,-107.0,316.0
46.1373,134.0,316.0
46.1426,-67.0,316.0
46.1476,-193.0,316.0
46.1524,291.0,320.0
46.1573,205.0,320.0
46.1624,-440.0,324.0
46.1674,-180.0,322.0
46.1727,412.0,324.0
46.1775,127.0,322.0
46.1825,-201.0,320.0
46.1874,-32.0,318.0
46.1927,-45.0,314.0
46.1974,-83.0,314.0
46.2044,159.0,316.0
46.2074,143.0,316.0
46.2131,-105.0,316.0
46.2183,-107.0,318.0
46.2225,-16.0,314.0
46.2281,24.0,314.0
46.2324,72.0,308.0
46.2375,25.0,306.0
46.2423,8.0,298.0
46.2473,14.0,294.0
46.2526,-128.0,290.0
46.2575,-124.0,286.0
46.2625,117.0,286.0
46.2674,192.0,286.0
46.2726,25.0,286.0
46.2776,-133.0,288.0
46.2827,-139.0,290.0
46.2876,10.0,290.0
46.2929,115.0,290.0
46.2973,59.0,292.0
46.3025,-7.0,292.0
46.3076,-69.0,292.0
46.3129,-54.0,292.0
46.3184,90.0,290.0
46.3229,38.0,290.0
46.3282,-123.0,288.0
46.3325,-31.0,288.0
46.3377,94.0,286.0
46.3431,79.0,288.0
46.348,16.0,284.0
46.353,-112.0,284.0
46.3576,-124.0,286.0
46.3625,91.0,284.0
46.3676,148.0,284.0
46.373,-72.0,282.0
46.3782,-131.0,280.0
46.3825,90.0,280.0
46.3876,175.0,280.0
46.3924,-80.0,280.0
46.3978,-278.0,282.0
46.403,-8.0,280.0
46.4078,326.0,284.0
46.4125,116.0,282.0
46.4176,-246.0,284.0
46.4228,-155.0,286.0
46.4279,82.0,286.0
46.4326,107.0,284.0
46.438,76.0,284.0
46.4425,-9.0,280.0
46.4476,-148.0,278.0
46.4528,-73.0,278.0
46.4575,93.0,274.0
46.4632,43.0,274.0
46.4679,-4.0,272.0
46.4726,133.0,274.0
46.4776,54.0,274.0
46.4828,-314.0,278.0
46.4873,-263.0,280.0
46.4925,291.0,284.0
46.4975,407.0,290.0
46.5025,-83.0,290.0
46.5077,-296.0,292.0
46.5125,-69.0,292.0
46.518,24.0,288.0
46.523,22.0,286.0
46.5275,169.0,284.0
46.5324,112.0,284.0
46.5376,-208.0,282.0
46.543,-140.0,282.0
46.5475,216.0,280.0
46.5524,50.0,278.0
46.5574,-264.0,280.0
46.5626,46.0,278.0
46.5674,259.0,282.0
46.573,-113.0,282.0
46.5779,-151.0,282.0
46.5825,153.0,284.0
46.5875,29.0,278.0
46.5926,-142.0,280.0
46.5977,34.0,276.0
46.6032,76.0,278.0
46.608,-67.0,276.0
46.6123,9.0,274.0
46.6176,94.0,274.0
46.6226,-55.0,274.0
46.6279,-67.0,272.0
46.6325,45.0,270.0
46.638,-57.0,268.0
46.6425,-50.0,266.0
46.6473,197.0,264.0
46.6527,114.0,266.0
46.6582,-215.0,266.0
46.6631,-157.0,266.0
46.6673,103.0,266.0
46.6723,82.0,264.0
46.6776,-23.0,264.0
46.6823,58.0,262.0
46.6874,108.0,262.0
46.6926,-103.0,262.0
46.6976,-241.0,266.0
46.7025,14.0,264.0
46.708,195.0,264.0
46.7125,31.0,262.0
46.7175,19.0,254.0
46.7224,109.0,252.0
46.7276,-155.0,244.0
46.7325,-320.0,244.0
46.7375,78.0,238.0
46.7425,349.0,238.0
46.7475,31.0,236.0
46.7525,-120.0,236.0
46.7574,71.0,238.0
46.7627,-142.0,238.0
46.7675,-366.0,242.0
46.7725,172.0,244.0
46.7775,597.0,250.0
46.7824,7.0,250.0
46.7876,-565.0,256.0
46.7925,-141.0,254.0
46.7976,332.0,256.0
46.8025,91.0,250.0
46.8075,-126.0,248.0
46.8124,31.0,244.0
46.8178,83.0,242.0
46.8227,-67.0,240.0
46.8275,-126.0,242.0
46.8326,1.0,242.0
46.8375,129.0,242.0
46.8424,83.0,240.0
46.8474,-73.0,240.0
46.8525,-129.0,240.0
46.8577,16.0,238.0
46.8624,135.0,240.0
46.8675,0.0,240.0
46.8725,-121.0,240.0
46.8774,10.0,240.0
46.8826,98.0,242.0
46.8875,-25.0,242.0
46.8925,-75.0,242.0
46.8975,50.0,240.0
46.9025,49.0,238.0
46.9076,-82.0,238.0
46.9125,-4.0,236.0
46.9174,89.0,236.0
46.9226,-64.0,236.0
46.9275,-56.0,236.0
46.9324,108.0,236.0
46.9374,12.0,234.0
46.9425,-90.0,236.0
46.9474,17.0,236.0
46.9524,29.0,236.0
46.9574,-30.0,234.0
46.9625,39.0,234.0
46.9677,27.0,232.0
46.9725,-128.0,234.0
46.9774,-15.0,232.0
46.9824,262.0,236.0
46.9873,21.0,236.0
46.9924,-393.0,240.0
46.9977,-60.0,240.0
47.0024,409.0,244.0
47.0074,98.0,244.0
47.0124,-280.0,246.0
47.0174,-75.0,246.0
47.0223,103.0,246.0
47.0275,-3.0,244.0
47.0324,26.0,242.0
47.0374,70.0,240.0
47.0424,-102.0,240.0
47.0475,-103.0,238.0
47.0524,150.0,238.0
47.0575,145.0,236.0
47.0624,-171.0,236.0
47.0674,-222.0,238.0
47.0724,152.0,240.0
47.0774,320.0,244.0
47.0824,-93.0,244.0
47.0877,-400.0,248.0
47.0924,0.0,248.0
47.0974,378.0,252.0
47.1024,77.0,252.0
47.1075,-209.0,256.0
47.1124,-62.0,254.0
47.1174,-27.0,254.0
47.1224,-49.0,250.0
47.1274,178.0,248.0
47.1324,137.0,246.0
47.1374,-152.0,242.0
47.1425,-78.0,242.0
47.1476,24.0,238.0
47.1524,-82.0,238.0
47.1574,47.0,238.0
47.1623,159.0,240.0
47.1674,-35.0,238.0
47.1728,-84.0,238.0
47.1773,54.0,236.0
47.1824,29.0,234.0
47.1874,-135.0,232.0
47.1924,-132.0,234.0
47.1974,174.0,232.0
47.2025,282.0,236.0
47.2074,-125.0,234.0
47.2126,-280.0,236.0
47.2174,50.0,234.0
47.2224,88.0,234.0
47.2276,-23.0,234.0
47.2324,187.0,234.0
47.2373,74.0,236.0
47.2425,-410.0,240.0
47.2474,-187.0,242.0
47.2524,468.0,250.0
47.258,269.0,252.0
47.2625,-348.0,256.0
47.2675,-202.0,258.0
47.2726,175.0,260.0
47.2775,-8.0,260.0
47.2826,-101.0,260.0
47.2876,198.0,260.0
47.2925,141.0,262.0
47.2975,-226.0,262.0
47.3024,-190.0,262.0
47.3076,125.0,262.0
47.3124,179.0,264.0
47.3175,-7.0,264.0
47.3225,-163.0,266.0
47.3275,-83.0,264.0
47.3325,191.0,266.0
47.3374,160.0,264.0
47.3426,-204.0,268.0
47.3474,-201.0,268.0
47.3525,133.0,270.0
47.3574,153.0,272.0
47.3624,-33.0,270.0
47.3674,-37.0,268.0
47.3724,2.0,264.0
47.3774,-33.0,264.0
47.3824,-36.0,258.0
47.3874,-17.0,258.0
47.3924,52.0,256.0
47.3975,139.0,258.0
47.4024,-29.0,256.0
47.4076,-205.0,254.0
47.4124,30.0,252.0
47.4175,176.0,244.0
47.4224,-94.0,246.0
47.4274,-160.0,240.0
47.4324,155.0,240.0
47.4374,242.0,238.0
47.4424,-112.0,240.0
47.4475,-326.0,242.0
47.4524,-24.0,242.0
47.4575,271.0,244.0
47.4625,133.0,246.0
47.4675,-83.0,246.0
47.4724,-127.0,248.0
47.4774,-114.0,248.0
47.4824,8.0,246.0
47.4875,211.0,248.0
47.4924,183.0,248.0
47.4974,-146.0,250.0
47.5024,-327.0,254.0
47.5074,-32.0,254.0
47.5128,284.0,256.0
47.5174,140.0,258.0
47.5226,-91.0,258.0
47.5274,-71.0,260.0
47.5325,-54.0,260.0
47.5375,-75.0,260.0
47.5425,25.0,260.0
47.5475,126.0,260.0
47.5525,102.0,262.0
47.5574,-15.0,260.0
47.5624,-156.0,262.0
47.5677,-145.0,264.0
47.5725,82.0,262.0
47.5775,195.0,266.0
47.5825,-7.0,264.0
47.5874,-127.0,266.0
47.5924,53.0,266.0
47.5975,78.0,268.0
47.6024,-186.0,270.0
47.6074,-104.0,270.0
47.6125,268.0,272.0
47.6174,109.0,274.0
47.6224,-236.0,274.0
47.6275,-15.0,274.0
47.6325,153.0,270.0
47.6374,-104.0,270.0
47.6424,-73.0,266.0
47.6474,113.0,266.0
47.6524,-40.0,262.0
47.6575,-12.0,262.0
47.6626,218.0,262.0
47.6674,-38.0,264.0
47.6725,-378.0,268.0
47.6774,-23.0,268.0
47.6825,425.0,274.0
47.6874,73.0,272.0
47.6924,-381.0,276.0
47.6974,-30.0,274.0
47.7024,311.0,276.0
47.7074,-52.0,274.0
47.7124,-232.0,276.0
47.7176,112.0,272.0
47.7224,150.0,272.0
47.7274,-160.0,270.0
47.7324,-100.0,270.0
47.7374,201.0,268.0
47.7424,86.0,268.0
47.7477,-173.0,268.0
47.7524,-7.0,266.0
47.7574,73.0,268.0
47.7625,-212.0,270.0
47.7675,-35.0,268.0
47.7725,436.0,272.0
47.7774,126.0,272.0
47.7825,-466.0,278.0
47.7874,-232.0,282.0
47.7925,322.0,286.0
47.7975,240.0,288.0
47.8027,-156.0,288.0
47.8075,-163.0,290.0
47.8124,19.0,290.0
47.8174,59.0,290.0
47.8224,116.0,290.0
47.8279,60.0,290.0
47.8326,-217.0,290.0
47.8375,-195.0,290.0
47.8424,194.0,290.0
47.8474,298.0,292.0
47.8524,-41.0,288.0
47.8577,-290.0,292.0
47.8624,-115.0,292.0
47.8674,155.0,294.0
47.8724,128.0,294.0
47.8774,2.0,292.0
47.8823,3.0,286.0
47.8874,-65.0,284.0
47.8925,-134.0,280.0
47.8974,49.0,276.0
47.9024,154.0,272.0
47.9074,-57.0,270.0
47.9128,-91.0,270.0
47.9174,144.0,272.0
47.9224,41.0,270.0
47.9274,-273.0,272.0
47.9328,-41.0,270.0
47.9374,358.0,272.0
47.9426,58.0,270.0
47.9474,-332.0,274.0
47.9524,-72.0,272.0
47.9574,209.0,274.0
47.9624,101.0,274.0
47.9674,-57.0,274.0
47.9725,-114.0,272.0
47.9775,-24.0,270.0
47.9824,63.0,268.0
47.9874,-22.0,266.0
47.9924,21.0,264.0
47.9974,133.0,262.0
48.0024,-69.0,264.0
48.0075,-173.0,266.0
48.0124,83.0,266.0
48.0174,103.0,268.0
48.0225,-120.0,270.0
48.0274,-10.0,270.0
48.0324,199.0,272.0
48.0374,-11.0,270.0
48.0425,-260.0,274.0
48.0473,-51.0,270.0
48.0524,211.0,274.0
48.0576,124.0,272.0
48.0624,-33.0,272.0
48.0674,-127.0,272.0
48.0724,-152.0,272.0
48.0774,92.0,268.0
48.0824,243.0,270.0
48.0875,-84.0,268.0
48.0924,-245.0,270.0
48.0974,60.0,268.0
48.1024,150.0,268.0
48.1073,2.0,266.0
48.1124,41.0,264.0
48.1174,-18.0,264.0
48.1224,-197.0,266.0
48.1274,-32.0,264.0
48.1324,199.0,264.0
48.1374,54.0,262.0
48.1425,-131.0,260.0
48.148,-19.0,260.0
48.1524,127.0,256.0
48.1574,-13.0,254.0
48.1624,-177.0,256.0
48.1675,40.0,256.0
48.1727,214.0,258.0
48.1774,-61.0,258.0
48.1824,-237.0,262.0
48.1874,29.0,260.0
48.1924,230.0,262.0
48.1975,37.0,262.0
48.2024,-162.0,262.0
48.2075,-50.0,260.0
48.2124,62.0,260.0
48.2174,-15.0,258.0
48.2223,-6.0,258.0
48.2274,98.0,256.0
48.2326,13.0,256.0
48.2375,-138.0,258.0
48.2429,-9.0,254.0
48.2474,169.0,256.0
48.2525,-62.0,252.0
48.2574,-246.0,254.0
48.2625,148.0,254.0
48.2673,310.0,258.0
48.2724,-195.0,258.0
48.2775,-254.0,260.0
48.2823,225.0,264.0
48.2876,115.0,264.0
48.2924,-216.0,266.0
48.2974,-31.0,266.0
48.3025,79.0,264.0
48.3075,19.0,264.0
48.3127,163.0,260.0
48.3175,37.0,260.0
48.3224,-317.0,258.0
48.3274,-165.0,260.0
48.3324,234.0,258.0
48.3374,220.0,260.0
48.3429,-25.0,256.0
48.3475,-110.0,258.0
48.3524,-89.0,256.0
48.3574,-58.0,254.0
48.3624,65.0,254.0
48.3674,132.0,252.0
48.3726,-22.0,252.0
48.3776,-90.0,250.0
48.3823,48.0,250.0
48.3874,9.0,246.0
48.3924,-125.0,248.0
48.3973,53.0,248.0
48.4024,188.0,248.0
48.4075,-66.0,248.0
48.4124,-193.0,244.0
48.4174,24.0,242.0
48.4224,139.0,238.0
48.4275,22.0,234.0
48.4326,-72.0,230.0
48.4375,-31.0,228.0
48.4424,49.0,226.0
48.4474,51.0,224.0
48.4524,-62.0,224.0
48.4576,-146.0,226.0
48.4626,26.0,224.0
48.4674,274.0,228.0
48.4724,96.0,226.0
48.4773,-316.0,228.0
48.4826,-216.0,228.0
48.4875,209.0,226.0
48.4925,205.0,230.0
48.4974,-17.0,224.0
48.5023,-55.0,224.0
48.5075,-117.0,224.0
48.5125,-101.0,222.0
48.5175,132.0,226.0
48.5224,125.0,226.0
48.5274,-91.0,228.0
48.5324,-25.0,226.0
48.5376,66.0,226.0
48.5426,-86.0,224.0
48.5475,-57.0,224.0
48.5524,135.0,226.0
48.5573,51.0,224.0
48.5623,-115.0,226.0
48.5675,-32.0,222.0
48.5726,40.0,222.0
48.5775,-31.0,216.0
48.5825,27.0,216.0
48.5873,126.0,212.0
48.5924,-17.0,212.0
48.5976,-164.0,212.0
48.6025,-52.0,210.0
48.6075,84.0,210.0
48.6123,90.0,210.0
48.6173,45.0,210.0
48.6225,-77.0,210.0
48.628,-92.0,212.0
48.6324,86.0,214.0
48.6375,30.0,212.0
48.6424,-126.0,212.0
48.6473,71.0,210.0
48.6526,115.0,212.0
48.6576,-171.0,212.0
48.6626,-27.0,210.0
48.6675,247.0,214.0
48.6725,-77.0,212.0
48.6776,-241.0,216.0
48.6825,167.0,214.0
48.6875,151.0,216.0
48.6925,-236.0,216.0
48.6974,-71.0,216.0
48.7024,233.0,218.0
48.7073,55.0,218.0
48.7125,-129.0,218.0
48.7176,-17.0,216.0
48.7225,-10.0,212.0
48.7274,-109.0,214.0
48.7323,97.0,210.0
48.7375,247.0,214.0
48.7424,-128.0,214.0
48.7476,-289.0,218.0
48.7524,149.0,220.0
48.7573,224.0,222.0
48.7624,-192.0,222.0
48.7674,-107.0,224.0
48.7727,243.0,224.0
48.7774,17.0,224.0
48.7825,-243.0,226.0
48.7874,14.0,226.0
48.7924,176.0,226.0
48.7976,-37.0,226.0
48.8024,-156.0,226.0
48.8074,94.0,228.0
48.8124,297.0,228.0
48.8174,-124.0,230.0
48.8224,-503.0,234.0
48.8275,45.0,234.0
48.8325,555.0,240.0
48.8374,86.0,240.0
48.8425,-386.0,244.0
48.8474,-131.0,244.0
48.8526,143.0,246.0
48.8574,58.0,246.0
48.8626,12.0,246.0
48.8674,49.0,246.0
48.8725,-54.0,246.0
48.8774,-133.0,246.0
48.8824,62.0,248.0
48.8874,193.0,248.0
48.8925,-107.0,248.0
48.8974,-255.0,248.0
48.9024,200.0,250.0
48.9075,331.0,250.0
48.9124,-270.0,250.0
48.9175,-376.0,252.0
48.9225,222.0,252.0
48.9274,290.0,256.0
48.9324,-70.0,254.0
48.9375,-59.0,254.0
48.9424,-63.0,254.0
48.9475,-186.0,256.0
48.9525,92.0,254.0
48.9578,288.0,258.0
48.9623,-40.0,254.0
48.9674,-202.0,254.0
48.9726,-13.0,252.0
48.9775,-3.0,248.0
48.9824,9.0,248.0
48.9873,215.0,250.0
48.9924,65.0,250.0
48.9974,-301.0,252.0
49.0025,-181.0,254.0
49.0075,188.0,256.0
49.0124,257.0,260.0
49.0174,47.0,258.0
49.0224,-212.0,262.0
49.0278,-214.0,264.0
49.0325,71.0,264.0
49.0376,195.0,266.0
49.0423,39.0,264.0
49.0473,-60.0,264.0
49.0524,-52.0,262.0
49.0577,-28.0,262.0
49.0625,39.0,260.0
49.0676,-6.0,260.0
49.0724,-137.0,260.0
49.0773,76.0,262.0
49.0824,354.0,266.0
49.0876,-26.0,266.0
49.0926,-495.0,272.0
49.0976,-144.0,272.0
49.1023,377.0,278.0
49.1075,232.0,278.0
49.1126,-114.0,278.0
49.1176,-95.0,274.0
49.1224,-6.0,270.0
49.1274,-132.0,270.0
49.1324,-103.0,268.0
49.1375,221.0,270.0
49.1425,272.0,274.0
49.1476,-158.0,274.0
49.1526,-314.0,278.0
49.1573,133.0,278.0
49.1624,235.0,280.0
49.1674,-252.0,282.0
49.1727,-185.0,286.0
49.1775,401.0,290.0
49.1824,235.0,292.0
49.1874,-413.0,298.0
49.1923,-274.0,300.0
49.1974,288.0,304.0
49.2025,192.0,306.0
49.2076,-163.0,308.0
49.2124,-44.0,308.0
49.2174,129.0,308.0
49.2224,-16.0,308.0
49.2274,-130.0,308.0
49.2325,-45.0,310.0
49.2374,68.0,308.0
49.2423,79.0,308.0
49.2473,58.0,308.0
49.2524,33.0,306.0
49.2577,-140.0,308.0
49.2625,-194.0,310.0
49.2675,105.0,310.0
49.2724,217.0,312.0
49.2773,-43.0,312.0
49.2826,-90.0,312.0
49.2875,87.0,312.0
49.2925,-18.0,310.0
49.2976,-204.0,312.0
49.3023,2.0,310.0
49.3074,257.0,312.0
49.3123,49.0,310.0
49.3176,-190.0,310.0
49.3225,-15.0,308.0
49.3274,68.0,306.0
49.3324,-94.0,304.0
49.3373,-1.0,302.0
49.3427,179.0,302.0
49.3476,38.0,302.0
49.3527,-163.0,302.0
49.3575,-106.0,304.0
49.3625,80.0,304.0
49.3675,113.0,304.0
49.3733,-39.0,304.0
49.3774,-74.0,302.0
49.3824,80.0,300.0
49.3873,47.0,296.0
49.3924,-123.0,296.0
49.3978,-24.0,294.0
49.4024,105.0,292.0
49.4075,-18.0,290.0
49.4124,-37.0,288.0
49.4173,37.0,288.0
49.4224,-62.0,284.0
49.4274,18.0,284.0
49.4326,194.0,286.0
49.4374,-117.0,286.0
49.4425,-321.0,288.0
49.4473,176.0,290.0
49.4526,368.0,292.0
49.4574,-137.0,292.0
49.4626,-279.0,288.0
49.4674,21.0,288.0
49.4723,90.0,280.0
49.4773,92.0,280.0
49.4824,90.0,276.0
49.4876,-140.0,276.0
49.4925,-173.0,276.0
49.4975,112.0,278.0
49.5024,154.0,280.0
49.5074,-38.0,280.0
49.5126,-85.0,280.0
49.5175,-32.0,278.0
49.5226,22.0,278.0
49.5274,68.0,276.0
49.5324,1.0,274.0
49.5374,-72.0,272.0
49.5426,21.0,268.0
49.5476,78.0,264.0
49.5524,-63.0,262.0
49.5574,-120.0,258.0
49.5624,64.0,254.0
49.5674,169.0,252.0
49.5726,-2.0,252.0
49.5776,-115.0,252.0
49.5824,-40.0,252.0
49.5874,-71.0,250.0
49.5924,-22.0,250.0
49.5976,243.0,248.0
49.6025,125.0,250.0
49.6075,-276.0,252.0
49.6124,-138.0,254.0
49.6173,218.0,256.0
49.6223,70.0,258.0
49.6274,-155.0,256.0
49.6325,-23.0,256.0
49.6375,92.0,252.0
49.6424,19.0,250.0
49.6473,-31.0,248.0
49.6525,11.0,244.0
49.6576,55.0,244.0
49.6624,-58.0,242.0
49.6675,-186.0,240.0
49.6724,-6.0,240.0
49.6778,282.0,242.0
49.6825,222.0,244.0
49.6876,-193.0,246.0
49.6926,-417.0,252.0
49.6975,-29.0,252.0
49.7023,402.0,258.0
49.7073,180.0,260.0
49.7123,-202.0,262.0
49.7175,-138.0,262.0
49.7224,4.0,256.0
49.7273,-3.0,256.0
49.7323,107.0,250.0
49.7373,91.0,250.0
49.7426,-200.0,246.0
49.7476,-104.0,244.0
49.7525,272.0,248.0
49.7573,82.0,248.0
49.7624,-251.0,250.0
49.7674,-9.0,248.0
49.7726,179.0,250.0
49.7775,-86.0,248.0
49.7824,-141.0,246.0
49.7873,83.0,244.0
49.7923,96.0,242.0
49.7974,84.0,240.0
49.8025,47.0,238.0
49.8076,-298.0,238.0
49.8124,-248.0,240.0
49.8173,367.0,238.0
49.8223,339.0,240.0
49.8274,-249.0,238.0
49.8325,-222.0,238.0
49.8375,77.0,234.0
49.8427,-23.0,232.0
49.8474,31.0,230.0
49.8525,253.0,232.0
49.8575,-80.0,232.0
49.8624,-396.0,238.0
49.8676,120.0,238.0
49.8723,464.0,244.0
49.8774,-140.0,246.0
49.8823,-471.0,252.0
49.8875,84.0,252.0
49.8924,392.0,258.0
49.8975,21.0,256.0
49.9024,-244.0,256.0
49.9074,-60.0,256.0
49.9126,117.0,254.0
49.9173,3.0,254.0
49.9226,-67.0,252.0
49.9274,63.0,252.0
49.9323,37.0,252.0
49.9374,-72.0,250.0
49.9423,55.0,252.0
49.9475,37.0,248.0
49.9526,-208.0,250.0
49.9573,0.0,248.0
49.9623,338.0,252.0
49.9675,-28.0,252.0
49.9727,-366.0,256.0
49.9774,57.0,258.0
49.9825,265.0,258.0
49.9874,-89.0,260.0
49.9923,-65.0,258.0
49.9975,128.0,258.0
50.0025,-156.0,260.0
