Time_s,Raw_EMG,Envelope_EMG
0.0005,28.0,274.0
0.0008,76.0,274.0
0.001,-70.0,272.0
0.0014,-135.0,272.0
0.0016,62.0,268.0
0.0018,79.0,270.0
0.002,-79.0,266.0
0.0022,8.0,266.0
0.0024,104.0,266.0
0.0025,-20.0,266.0
0.0027,-15.0,264.0
0.0031,-14.0,264.0
0.0033,-207.0,268.0
0.0035,0.0,266.0
0.0037,407.0,274.0
0.0039,69.0,274.0
0.0042,-425.0,280.0
0.0044,-126.0,280.0
0.0047,247.0,284.0
0.0048,78.0,284.0
0.005,-26.0,284.0
0.0051,115.0,286.0
0.0053,-25.0,284.0
0.0055,-307.0,288.0
0.0057,-110.0,288.0
0.0059,289.0,292.0
0.0061,208.0,292.0
0.0063,-102.0,292.0
0.0065,-102.0,292.0
0.0066,1.0,292.0
0.0068,-96.0,292.0
0.0069,-87.0,292.0
0.0071,175.0,292.0
0.0073,180.0,292.0
0.0075,-116.0,290.0
0.0077,-103.0,290.0
0.008,57.0,286.0
0.0082,-79.0,284.0
0.0084,-51.0,282.0
0.0086,201.0,284.0
0.0087,40.0,284.0
0.0089,-221.0,286.0
0.0091,-21.0,286.0
0.0092,212.0,288.0
0.0094,46.0,286.0
0.0096,-211.0,290.0
0.0097,-112.0,288.0
0.0099,179.0,290.0
0.0101,149.0,290.0
0.0103,-89.0,290.0
0.0105,-93.0,290.0
0.0107,-9.0,288.0
0.0109,-26.0,288.0
0.0111,54.0,288.0
0.0113,111.0,284.0
0.0115,-73.0,284.0
0.0117,-141.0,282.0
0.0119,149.0,282.0
0.0121,202.0,280.0
0.0123,-258.0,280.0
0.0125,-323.0,282.0
0.0127,273.0,282.0
0.0129,400.0,288.0
0.0131,-149.0,286.0
0.0132,-323.0,290.0
0.0134,-12.0,288.0
0.0136,111.0,288.0
0.0137,106.0,286.0
0.0139,121.0,286.0
0.0141,-122.0,286.0
0.0143,-289.0,288.0
0.0145,95.0,288.0
0.0146,371.0,294.0
0.0148,-34.0,290.0
0.015,-357.0,292.0
0.0152,-50.0,292.0
0.0153,257.0,290.0
0.0155,92.0,290.0
0.0156,-153.0,288.0
0.0158,-30.0,284.0
0.0159,148.0,286.0
0.0161,-72.0,286.0
0.0163,-252.0,290.0
0.0164,87.0,288.0
0.0165,342.0,292.0
0.0167,-11.0,288.0
0.0169,-278.0,290.0
0.017,-21.0,284.0
0.0172,84.0,282.0
0.0173,-23.0,278.0
0.0175,104.0,276.0
0.0176,50.0,274.0
0.0178,-206.0,274.0
0.0179,-20.0,274.0
0.0181,183.0,272.0
0.0182,-46.0,274.0
0.0184,-51.0,270.0
0.0185,163.0,272.0
0.0187,-56.0,268.0
0.0188,-277.0,270.0
0.019,47.0,268.0
0.0191,249.0,270.0
0.0193,-26.0,264.0
0.0194,-53.0,266.0
0.0196,149.0,262.0
0.0197,-124.0,264.0
0.02,-365.0,266.0
0.0201,80.0,266.0
0.0203,440.0,270.0
0.0204,132.0,272.0
0.0206,-271.0,276.0
0.0208,-246.0,278.0
0.0209,47.0,278.0
0.0211,122.0,278.0
0.0212,-5.0,274.0
0.0213,61.0,272.0
0.0215,115.0,270.0
0.0216,-87.0,266.0
0.0218,-163.0,266.0
0.0219,5.0,262.0
0.0221,91.0,262.0
0.0222,9.0,260.0
0.0224,-12.0,258.0
0.0225,78.0,256.0
0.0226,0.0,256.0
0.0228,-180.0,256.0
0.0229,-23.0,256.0
0.0231,223.0,258.0
0.0233,33.0,258.0
0.0234,-212.0,260.0
0.0236,-2.0,260.0
0.0237,203.0,260.0
0.0239,-62.0,260.0
0.024,-226.0,264.0
0.0242,112.0,264.0
0.0243,233.0,268.0
0.0245,-91.0,268.0
0.0246,-151.0,270.0
0.0248,13.0,270.0
0.0249,-2.0,268.0
0.025,59.0,266.0
0.0252,122.0,268.0
0.0254,-103.0,264.0
0.0255,-172.0,266.0
0.0257,87.0,260.0
0.0258,197.0,262.0
0.026,42.0,258.0
0.0262,-187.0,260.0
0.0264,-233.0,262.0
0.0265,84.0,262.0
0.0268,323.0,268.0
0.0269,89.0,264.0
0.0271,-221.0,266.0
0.0273,-203.0,264.0
0.0274,26.0,262.0
0.0276,158.0,262.0
0.0277,108.0,262.0
0.0278,0.0,262.0
0.028,-154.0,264.0
0.0282,-158.0,264.0
0.0283,179.0,264.0
0.0285,258.0,266.0
0.0286,-210.0,266.0
0.0288,-292.0,270.0
0.029,227.0,272.0
0.0291,254.0,276.0
0.0293,-227.0,278.0
0.0294,-164.0,278.0
0.0296,225.0,280.0
0.0297,78.0,278.0
0.0299,-221.0,282.0
0.0301,-45.0,278.0
0.0302,215.0,282.0
0.0303,69.0,280.0
0.0305,-204.0,280.0
0.0307,-104.0,280.0
0.0308,214.0,280.0
0.031,119.0,280.0
0.0311,-279.0,284.0
0.0313,-163.0,286.0
0.0315,347.0,292.0
0.0317,251.0,294.0
0.0318,-329.0,298.0
0.032,-295.0,302.0
0.0322,222.0,302.0
0.0323,198.0,304.0
0.0325,-120.0,302.0
0.0326,27.0,298.0
0.0328,136.0,296.0
0.033,-237.0,294.0
0.0331,-271.0,292.0
0.0333,280.0,294.0
0.0334,389.0,296.0
0.0336,-172.0,298.0
0.0338,-367.0,302.0
0.0339,55.0,302.0
0.0341,232.0,304.0
0.0342,10.0,302.0
0.0344,-70.0,298.0
0.0345,-44.0,298.0
0.0347,-90.0,292.0
0.0348,0.0,292.0
0.0349,209.0,290.0
0.0351,158.0,292.0
0.0352,-190.0,290.0
0.0354,-295.0,294.0
0.0355,32.0,292.0
0.0357,237.0,296.0
0.0358,94.0,294.0
0.036,-21.0,294.0
0.0361,-53.0,290.0
0.0363,-139.0,292.0
0.0365,-62.0,286.0
0.0366,165.0,290.0
0.0367,79.0,286.0
0.0369,-164.0,288.0
0.0371,-4.0,288.0
0.0372,195.0,290.0
0.0374,-38.0,288.0
0.0375,-214.0,292.0
0.0377,21.0,288.0
0.0378,189.0,292.0
0.038,-1.0,288.0
0.0381,-138.0,290.0
0.0383,2.0,288.0
0.0384,102.0,288.0
0.0386,8.0,288.0
0.0387,-102.0,284.0
0.0389,-38.0,284.0
0.039,108.0,282.0
0.0392,39.0,282.0
0.0393,-85.0,282.0
0.0394,6.0,280.0
0.0396,68.0,280.0
0.0397,-23.0,274.0
0.0399,-84.0,274.0
0.04,-42.0,268.0
0.0401,77.0,268.0
0.0403,99.0,264.0
0.0404,-11.0,262.0
0.0406,-34.0,260.0
0.0407,-45.0,260.0
0.0409,-114.0,262.0
0.041,32.0,260.0
0.0412,222.0,262.0
0.0413,17.0,262.0
0.0415,-223.0,262.0
0.0416,-51.0,264.0
0.042,127.0,264.0
0.0424,46.0,264.0
0.0426,29.0,264.0
0.043,12.0,264.0
0.0432,-171.0,266.0
0.0434,-107.0,264.0
0.0436,194.0,268.0
0.0437,125.0,266.0
0.0439,-109.0,268.0
0.044,18.0,264.0
0.0442,47.0,264.0
0.0444,-212.0,266.0
0.0445,-54.0,266.0
0.0447,260.0,266.0
0.0448,43.0,264.0
0.045,-151.0,264.0
0.0451,29.0,262.0
0.0452,37.0,260.0
0.0454,-86.0,262.0
0.0455,5.0,262.0
0.0456,57.0,262.0
0.0458,-17.0,260.0
0.0459,16.0,258.0
0.0461,43.0,256.0
0.0463,-28.0,256.0
0.0465,-69.0,254.0
0.0466,-61.0,254.0
0.0467,71.0,252.0
0.0469,192.0,252.0
0.0471,-53.0,252.0
0.0472,-279.0,250.0
0.0474,24.0,250.0
0.0475,285.0,250.0
0.0476,11.0,248.0
0.0478,-211.0,250.0
0.048,-21.0,248.0
0.0481,73.0,248.0
0.0482,-23.0,248.0
0.0484,79.0,246.0
0.0485,99.0,246.0
0.0487,-168.0,246.0
0.0488,-152.0,244.0
0.049,157.0,244.0
0.0491,135.0,240.0
0.0493,-95.0,238.0
0.0494,-42.0,236.0
0.0496,94.0,234.0
0.0497,-59.0,232.0
0.0499,-201.0,232.0
0.05,78.0,232.0
0.0502,310.0,232.0
0.0503,-21.0,232.0
0.0505,-302.0,234.0
0.0507,-4.0,232.0
0.0508,218.0,232.0
0.051,-52.0,232.0
0.0511,-173.0,232.0
0.0513,119.0,232.0
0.0514,161.0,230.0
0.0516,-136.0,230.0
0.0518,-103.0,226.0
0.0519,144.0,224.0
0.052,14.0,218.0
0.0522,-180.0,216.0
0.0523,15.0,214.0
0.0525,183.0,214.0
0.0526,18.0,212.0
0.0528,-107.0,214.0
0.0529,-10.0,212.0
0.0531,22.0,208.0
0.0532,-85.0,204.0
0.0534,-11.0,200.0
0.0535,199.0,198.0
0.0537,57.0,196.0
0.0538,-242.0,194.0
0.054,-83.0,194.0
0.0541,194.0,194.0
0.0543,34.0,194.0
0.0544,-123.0,194.0
0.0546,41.0,194.0
0.0547,109.0,196.0
0.0548,-38.0,196.0
0.055,-129.0,194.0
0.0552,-35.0,192.0
0.0553,116.0,192.0
0.0554,47.0,188.0
0.0556,-52.0,188.0
0.0557,60.0,186.0
0.0559,-52.0,184.0
0.056,-212.0,188.0
0.0562,179.0,190.0
0.0563,319.0,192.0
0.0565,-259.0,196.0
0.0567,-349.0,198.0
0.0569,214.0,200.0
0.057,292.0,202.0
0.0572,-80.0,204.0
0.0574,-147.0,202.0
0.0575,13.0,202.0
0.0576,8.0,200.0
0.0578,-85.0,200.0
0.058,-28.0,198.0
0.0582,143.0,200.0
0.0583,217.0,202.0
0.0585,11.0,202.0
0.0586,-341.0,204.0
0.0588,-322.0,210.0
0.059,195.0,212.0
0.0591,507.0,218.0
0.0593,99.0,218.0
0.0594,-424.0,224.0
0.0596,-247.0,228.0
0.0597,202.0,230.0
0.0599,131.0,232.0
0.06,-55.0,232.0
0.0602,88.0,232.0
0.0604,66.0,232.0
0.0605,-186.0,234.0
0.0607,-142.0,234.0
0.0608,88.0,236.0
0.061,143.0,238.0
0.0611,88.0,238.0
0.0613,-18.0,236.0
0.0614,-165.0,238.0
0.0616,-129.0,238.0
0.0617,76.0,238.0
0.0619,142.0,236.0
0.062,62.0,236.0
0.0622,-2.0,234.0
0.0624,-103.0,236.0
0.0625,-143.0,238.0
0.0627,54.0,238.0
0.0629,180.0,238.0
0.063,-16.0,238.0
0.0632,-121.0,236.0
0.0633,44.0,234.0
0.0635,33.0,234.0
0.0636,-129.0,236.0
0.0638,23.0,234.0
0.0639,222.0,234.0
0.0641,-23.0,234.0
0.0642,-235.0,234.0
0.0644,28.0,234.0
0.0645,151.0,234.0
0.0647,-104.0,234.0
0.0648,-103.0,236.0
0.065,193.0,238.0
0.0651,204.0,240.0
0.0653,-160.0,242.0
0.0655,-344.0,248.0
0.0656,-17.0,248.0
0.0658,338.0,252.0
0.0659,188.0,254.0
0.0661,-186.0,256.0
0.0662,-211.0,258.0
0.0664,41.0,258.0
0.0665,127.0,258.0
0.0667,16.0,256.0
0.0668,-59.0,254.0
0.067,-36.0,254.0
0.0671,25.0,250.0
0.0672,50.0,250.0
0.0674,21.0,248.0
0.0675,-21.0,248.0
0.0678,-51.0,246.0
0.0684,-53.0,248.0
0.0741,-4.0,246.0
0.0794,114.0,246.0
0.0844,126.0,246.0
0.0883,-106.0,244.0
0.0933,-216.0,246.0
0.0988,19.0,244.0
0.1036,205.0,246.0
0.1084,105.0,246.0
0.1141,-101.0,246.0
0.1185,-211.0,250.0
0.1235,-42.0,246.0
0.1286,261.0,250.0
0.1336,162.0,248.0
0.1383,-234.0,250.0
0.1432,-191.0,248.0
0.1485,129.0,250.0
0.1543,102.0,248.0
0.1584,3.0,248.0
0.1634,30.0,246.0
0.1684,-100.0,246.0
0.1732,-88.0,244.0
0.1782,149.0,244.0
0.1841,74.0,244.0
0.1885,-156.0,244.0
0.1933,-56.0,246.0
0.1983,122.0,244.0
0.2033,22.0,244.0
0.2084,-104.0,244.0
0.2132,59.0,244.0
0.219,171.0,244.0
0.2231,-120.0,246.0
0.2283,-264.0,250.0
0.2332,92.0,250.0
0.2387,249.0,254.0
0.2432,-49.0,252.0
0.2488,-112.0,252.0
0.2531,84.0,250.0
0.2582,-12.0,250.0
0.2635,-159.0,248.0
0.2681,31.0,248.0
0.2737,170.0,250.0
0.2787,14.0,248.0
0.2833,-108.0,248.0
0.2882,-60.0,250.0
0.2932,29.0,248.0
0.299,110.0,248.0
0.3037,68.0,248.0
0.3083,-137.0,250.0
0.3132,-191.0,252.0
0.3181,43.0,252.0
0.3232,248.0,254.0
0.3284,156.0,254.0
0.3334,-163.0,254.0
0.3383,-287.0,252.0
0.3432,33.0,250.0
0.3484,271.0,248.0
0.3534,23.0,244.0
0.3582,-194.0,244.0
0.3632,-40.0,242.0
0.3681,92.0,242.0
0.3732,69.0,242.0
0.3781,53.0,244.0
0.3832,-61.0,244.0
0.3882,-142.0,244.0
0.3932,4.0,242.0
0.3981,69.0,240.0
0.4031,18.0,240.0
0.4082,84.0,236.0
0.4134,11.0,232.0
0.4184,-190.0,232.0
0.4233,-17.0,224.0
0.4282,223.0,226.0
0.4332,-26.0,220.0
0.4387,-197.0,218.0
0.4432,49.0,216.0
0.4485,99.0,216.0
0.4533,12.0,216.0
0.4582,73.0,216.0
0.4632,-118.0,216.0
0.4684,-262.0,218.0
0.4733,141.0,218.0
0.4783,354.0,222.0
0.4832,-22.0,220.0
0.4884,-267.0,222.0
0.4932,-137.0,224.0
0.4983,51.0,222.0
0.5032,200.0,224.0
0.5083,129.0,224.0
0.5132,-159.0,224.0
0.5182,-167.0,226.0
0.5234,103.0,228.0
0.5285,106.0,228.0
0.5341,-68.0,226.0
0.5382,-33.0,226.0
0.5432,51.0,224.0
0.5484,-18.0,224.0
0.5534,-59.0,224.0
0.5582,37.0,224.0
0.5634,91.0,224.0
0.5684,-13.0,222.0
0.5732,-124.0,224.0
0.5782,-47.0,222.0
0.5832,130.0,222.0
0.5882,97.0,220.0
0.5932,-134.0,222.0
0.5983,-84.0,222.0
0.6032,203.0,222.0
0.6082,26.0,222.0
0.6133,-338.0,224.0
0.6183,0.0,220.0
0.6234,432.0,224.0
0.6282,12.0,220.0
0.6332,-425.0,226.0
0.6382,7.0,220.0
0.6433,380.0,224.0
0.6482,-55.0,222.0
0.6534,-352.0,224.0
0.6594,29.0,224.0
0.6632,302.0,226.0
0.6682,96.0,228.0
0.6732,-175.0,230.0
0.6783,-203.0,232.0
0.6832,-16.0,232.0
0.6882,169.0,234.0
0.6932,198.0,236.0
0.6983,12.0,236.0
0.7033,-271.0,240.0
0.7083,-236.0,242.0
0.7132,186.0,246.0
0.7182,346.0,250.0
0.7232,-36.0,248.0
0.7285,-250.0,250.0
0.7333,-16.0,248.0
0.7382,30.0,248.0
0.7432,-79.0,246.0
0.7482,118.0,246.0
0.7534,211.0,248.0
0.7583,-99.0,246.0
0.7632,-236.0,248.0
0.7683,-16.0,244.0
0.7732,130.0,244.0
0.7783,110.0,242.0
0.7832,26.0,240.0
0.7883,-136.0,240.0
0.7933,-163.0,240.0
0.7982,113.0,242.0
0.8032,267.0,246.0
0.8082,-60.0,246.0
0.8137,-316.0,250.0
0.8184,-6.0,246.0
0.8233,228.0,250.0
0.8282,-2.0,246.0
0.8332,5.0,246.0
0.8384,178.0,246.0
0.8434,-201.0,250.0
0.8483,-411.0,254.0
0.8532,169.0,256.0
0.8582,448.0,260.0
0.8633,23.0,260.0
0.8686,-221.0,258.0
0.8734,-154.0,260.0
0.8783,-35.0,256.0
0.8832,150.0,258.0
0.8881,85.0,258.0
0.8933,-135.0,258.0
0.8983,34.0,258.0
0.9033,181.0,258.0
0.9084,-141.0,260.0
0.9132,-190.0,260.0
0.9182,170.0,264.0
0.9232,75.0,262.0
0.9283,-188.0,264.0
0.9332,91.0,266.0
0.9382,224.0,268.0
0.9432,-187.0,270.0
0.9483,-226.0,270.0
0.9532,202.0,270.0
0.9582,168.0,272.0
0.9633,-202.0,272.0
0.9682,-76.0,270.0
0.9732,220.0,272.0
0.9784,-27.0,268.0
0.9835,-253.0,270.0
0.9883,101.0,268.0
0.9933,264.0,272.0
0.9982,-106.0,270.0
1.0032,-200.0,274.0
1.0081,71.0,272.0
1.0134,67.0,272.0
1.0183,-43.0,272.0
1.0232,80.0,272.0
1.0281,44.0,272.0
1.0334,-211.0,274.0
1.0382,-91.0,276.0
1.0434,302.0,280.0
1.0484,166.0,280.0
1.0533,-305.0,286.0
1.0584,-182.0,286.0
1.0632,226.0,288.0
1.0682,75.0,286.0
1.0733,-160.0,288.0
1.0784,65.0,286.0
1.0832,159.0,288.0
1.0894,-100.0,288.0
1.094,-145.0,290.0
1.0983,25.0,290.0
1.1032,57.0,288.0
1.1082,59.0,286.0
1.1132,50.0,284.0
1.1182,-103.0,280.0
1.1232,-108.0,282.0
1.1283,117.0,278.0
1.1334,102.0,278.0
1.1385,-133.0,280.0
1.1433,-70.0,278.0
1.1482,167.0,278.0
1.1532,51.0,276.0
1.1583,-182.0,276.0
1.1634,-26.0,276.0
1.1693,156.0,276.0
1.1733,-48.0,276.0
1.1783,-157.0,278.0
1.1833,155.0,280.0
1.1883,241.0,282.0
1.1935,-194.0,286.0
1.1983,-339.0,290.0
1.2032,72.0,290.0
1.2083,313.0,294.0
1.2138,142.0,294.0
1.2184,-126.0,296.0
1.2233,-256.0,298.0
1.2282,-91.0,298.0
1.2332,185.0,298.0
1.2386,170.0,300.0
1.2434,-21.0,296.0
1.2484,-65.0,298.0
1.2536,-115.0,294.0
1.2583,-141.0,296.0
1.2632,186.0,292.0
1.2683,342.0,298.0
1.2745,-179.0,294.0
1.2794,-445.0,300.0
1.2837,75.0,296.0
1.2882,369.0,300.0
1.2932,44.0,296.0
1.2986,-159.0,298.0
1.3034,-52.0,294.0
1.3082,-6.0,292.0
1.3132,-15.0,290.0
1.3182,17.0,288.0
1.3233,2.0,286.0
1.3283,52.0,286.0
1.3332,138.0,284.0
1.3383,-81.0,286.0
1.3434,-281.0,286.0
1.3482,27.0,282.0
1.3533,270.0,284.0
1.3581,90.0,280.0
1.3634,-59.0,280.0
1.3683,-206.0,280.0
1.3745,-220.0,282.0
1.3791,241.0,286.0
1.3832,359.0,290.0
1.3884,-214.0,292.0
1.3934,-285.0,292.0
1.3982,212.0,294.0
1.4032,119.0,292.0
1.4082,-243.0,296.0
1.4136,7.0,294.0
1.4184,255.0,296.0
1.4233,-52.0,296.0
1.4283,-234.0,298.0
1.4332,22.0,296.0
1.4382,205.0,298.0
1.4432,43.0,294.0
1.4491,-189.0,296.0
1.4532,-85.0,292.0
1.4582,197.0,296.0
1.4633,64.0,292.0
1.4684,-235.0,296.0
1.4734,-4.0,296.0
1.4786,266.0,298.0
1.4832,-26.0,296.0
1.4882,-228.0,292.0
1.4932,1.0,290.0
1.5023,131.0,284.0
1.5031,51.0,286.0
1.5083,-47.0,282.0
1.5132,-71.0,282.0
1.5182,16.0,280.0
1.5232,14.0,278.0
1.5284,-46.0,278.0
1.5332,82.0,278.0
1.5387,130.0,278.0
1.5432,-108.0,278.0
1.5481,-222.0,278.0
1.5533,0.0,276.0
1.5588,217.0,276.0
1.5633,153.0,278.0
1.5682,-62.0,276.0
1.5732,-184.0,278.0
1.5782,-131.0,276.0
1.5833,48.0,274.0
1.5882,180.0,274.0
1.5932,130.0,272.0
1.5982,-27.0,270.0
1.6033,-204.0,270.0
1.6084,-209.0,272.0
1.6133,154.0,270.0
1.6184,353.0,276.0
1.6234,-58.0,272.0
1.6282,-305.0,276.0
1.6332,-11.0,272.0
1.6382,91.0,272.0
1.6432,22.0,270.0
1.6483,155.0,270.0
1.6534,-21.0,270.0
1.6582,-317.0,274.0
1.6632,104.0,274.0
1.6687,407.0,280.0
1.6732,-256.0,280.0
1.6784,-466.0,286.0
1.6832,332.0,288.0
1.6882,422.0,292.0
1.6933,-288.0,290.0
1.6984,-205.0,292.0
1.7034,261.0,292.0
1.7085,-54.0,292.0
1.7133,-315.0,294.0
1.7182,134.0,294.0
1.7232,326.0,298.0
1.7282,-4.0,296.0
1.7332,-171.0,296.0
1.7382,-109.0,298.0
1.7432,-63.0,298.0
1.7481,25.0,298.0
1.7532,176.0,300.0
1.7583,146.0,300.0
1.7634,-119.0,300.0
1.7683,-204.0,302.0
1.7732,27.0,300.0
1.7782,152.0,300.0
1.784,27.0,300.0
1.7884,-117.0,300.0
1.7933,-95.0,300.0
1.7982,120.0,298.0
1.8032,172.0,302.0
1.8082,-133.0,300.0
1.8134,-196.0,304.0
1.8182,185.0,304.0
1.8232,190.0,304.0
1.8283,-265.0,304.0
1.8332,-220.0,304.0
1.8382,297.0,304.0
1.8432,259.0,308.0
1.8483,-258.0,306.0
1.8532,-241.0,308.0
1.8581,184.0,308.0
1.8633,168.0,308.0
1.8688,-105.0,308.0
1.8732,-88.0,306.0
1.8783,19.0,304.0
1.8832,9.0,304.0
1.8882,66.0,304.0
1.8934,113.0,304.0
1.8984,-81.0,302.0
1.9033,-258.0,304.0
1.9082,-10.0,298.0
1.9133,306.0,300.0
1.9182,112.0,296.0
1.9232,-214.0,298.0
1.9284,-127.0,294.0
1.9332,77.0,294.0
1.9382,106.0,294.0
1.9436,17.0,292.0
1.9482,-122.0,294.0
1.9534,-80.0,296.0
1.9582,160.0,298.0
1.9633,145.0,300.0
1.9682,-182.0,302.0
1.9732,-201.0,304.0
1.9781,147.0,304.0
1.9832,182.0,302.0
1.9886,-44.0,302.0
1.9933,-31.0,300.0
1.9982,-24.0,298.0
2.0033,-183.0,300.0
2.0082,-72.0,298.0
2.0134,295.0,300.0
2.0184,296.0,300.0
2.0232,-229.0,298.0
2.0282,-460.0,302.0
2.0332,53.0,298.0
2.0383,424.0,302.0
2.0432,83.0,300.0
2.0482,-234.0,300.0
2.0532,-72.0,302.0
2.0582,71.0,298.0
2.0632,-40.0,298.0
2.0683,-47.0,296.0
2.0734,115.0,298.0
2.0784,112.0,296.0
2.0832,-89.0,296.0
2.0882,-156.0,296.0
2.0932,30.0,296.0
2.0991,139.0,294.0
2.1044,-22.0,294.0
2.1109,-97.0,292.0
2.1132,61.0,292.0
2.1182,81.0,290.0
2.1235,-70.0,290.0
2.1282,-92.0,288.0
2.1332,-3.0,288.0
2.1382,82.0,288.0
2.1432,105.0,288.0
2.1482,-32.0,288.0
2.1535,-126.0,288.0
2.1585,-4.0,288.0
2.1633,73.0,290.0
2.1682,0.0,288.0
2.174,-27.0,288.0
2.1794,-2.0,286.0
2.1834,-6.0,284.0
2.1909,43.0,282.0
2.1933,80.0,282.0
2.1982,-67.0,280.0
2.2037,-176.0,280.0
2.2087,-4.0,280.0
2.2137,203.0,280.0
2.2182,149.0,280.0
2.2234,-102.0,282.0
2.2282,-234.0,282.0
2.2332,-60.0,280.0
2.2384,172.0,284.0
2.2435,150.0,282.0
2.2484,-35.0,280.0
2.2533,-104.0,278.0
2.2582,-31.0,274.0
2.2636,4.0,274.0
2.2683,-29.0,268.0
2.2732,24.0,268.0
2.2782,136.0,270.0
2.2832,56.0,270.0
2.2882,-147.0,270.0
2.2934,-159.0,272.0
2.2983,-14.0,268.0
2.3033,116.0,268.0
2.3084,254.0,266.0
2.3132,133.0,264.0
2.3182,-366.0,262.0
2.3233,-420.0,264.0
2.3287,249.0,260.0
2.3335,505.0,264.0
2.3385,-27.0,262.0
2.3432,-361.0,262.0
2.3482,-108.0,264.0
2.3535,165.0,262.0
2.3583,107.0,260.0
2.3634,-51.0,256.0
2.3683,-55.0,258.0
2.3732,5.0,254.0
2.3782,25.0,254.0
2.3835,21.0,252.0
2.3884,-13.0,252.0
2.3933,-28.0,250.0
2.3983,-5.0,248.0
2.4032,-1.0,246.0
2.4083,15.0,244.0
2.4135,40.0,244.0
2.4182,13.0,242.0
2.4233,-23.0,242.0
2.4282,-54.0,240.0
2.4332,-67.0,240.0
2.4384,38.0,238.0
2.4433,162.0,238.0
2.4483,54.0,238.0
2.4533,-156.0,236.0
2.4582,-159.0,236.0
2.4631,11.0,234.0
2.4684,201.0,232.0
2.4734,197.0,232.0
2.4782,-176.0,230.0
2.4833,-354.0,232.0
2.4882,127.0,230.0
2.4932,410.0,232.0
2.4985,-56.0,230.0
2.5033,-370.0,234.0
2.5083,-47.0,232.0
2.5132,229.0,234.0
2.5182,111.0,236.0
2.5233,-44.0,236.0
2.5291,-47.0,236.0
2.5332,-29.0,234.0
2.5382,-101.0,236.0
2.5432,-104.0,232.0
2.5482,191.0,236.0
2.5534,352.0,236.0
2.5584,-133.0,236.0
2.5633,-528.0,242.0
2.5682,-36.0,240.0
2.5732,509.0,246.0
2.5782,174.0,248.0
2.5835,-318.0,252.0
2.5882,-126.0,252.0
2.5933,114.0,254.0
2.5982,-66.0,252.0
2.6031,-39.0,250.0
2.6082,192.0,250.0
2.6133,77.0,248.0
2.6183,-140.0,248.0
2.6233,-135.0,248.0
2.6281,4.0,246.0
2.6332,153.0,248.0
2.6383,81.0,250.0
2.6434,-133.0,248.0
2.6484,-91.0,250.0
2.6532,114.0,246.0
2.6582,83.0,242.0
2.6632,-102.0,242.0
2.6684,-77.0,236.0
2.6734,71.0,236.0
2.6784,55.0,230.0
2.6831,-26.0,228.0
2.6882,-21.0,226.0
2.6932,-10.0,224.0
2.6983,-26.0,224.0
2.7033,21.0,224.0
2.7088,85.0,224.0
2.7133,5.0,222.0
2.7184,-106.0,222.0
2.7233,-39.0,222.0
2.7285,73.0,220.0
2.7334,25.0,220.0
2.7382,-27.0,218.0
2.7431,36.0,218.0
2.7483,6.0,218.0
2.7536,-96.0,218.0
2.7584,-15.0,216.0
2.7633,117.0,218.0
2.7682,22.0,216.0
2.7732,-97.0,218.0
2.7781,3.0,216.0
2.7834,31.0,216.0
2.7882,-53.0,216.0
2.7932,93.0,216.0
2.7982,124.0,216.0
2.8032,-227.0,220.0
2.8083,-198.0,222.0
2.8134,273.0,226.0
2.8184,202.0,230.0
2.8233,-216.0,232.0
2.8282,-104.0,234.0
2.8332,122.0,234.0
2.8382,-34.0,234.0
2.8435,-38.0,232.0
2.8484,165.0,234.0
2.8533,-14.0,232.0
2.8582,-274.0,234.0
2.8634,-14.0,232.0
2.8684,279.0,232.0
2.8733,97.0,234.0
2.8782,-129.0,232.0
2.8832,-95.0,232.0
2.8882,-59.0,232.0
2.8934,-62.0,232.0
2.8985,121.0,232.0
2.9034,248.0,236.0
2.9085,-11.0,236.0
2.9132,-244.0,240.0
2.9187,-148.0,240.0
2.9231,0.0,238.0
2.9283,176.0,240.0
2.9333,278.0,242.0
2.9384,-60.0,242.0
2.9434,-386.0,246.0
2.9486,-42.0,242.0
2.9534,409.0,248.0
2.9583,122.0,244.0
2.9634,-449.0,244.0
2.9683,-313.0,244.0
2.9733,340.0,242.0
2.9784,522.0,250.0
2.9833,30.0,244.0
2.9883,-442.0,250.0
2.9933,-404.0,254.0
2.9983,26.0,252.0
3.0033,445.0,258.0
3.0083,368.0,264.0
3.0134,-168.0,266.0
3.0184,-401.0,272.0
3.0234,-100.0,274.0
3.0282,145.0,276.0
3.0334,130.0,276.0
3.0382,55.0,278.0
3.0433,-15.0,278.0
3.0483,-31.0,278.0
3.0533,-36.0,278.0
3.0583,-83.0,280.0
3.0633,-11.0,278.0
3.0684,126.0,280.0
3.0732,66.0,280.0
3.0784,-93.0,280.0
3.0834,-99.0,280.0
3.0883,14.0,280.0
3.0934,132.0,278.0
3.0983,97.0,278.0
3.1033,-152.0,280.0
3.1083,-200.0,280.0
3.1133,130.0,280.0
3.1182,232.0,280.0
3.1232,-60.0,276.0
3.1294,-152.0,276.0
3.1333,-35.0,270.0
3.1387,-29.0,270.0
3.1434,94.0,266.0
3.1489,228.0,268.0
3.1533,-82.0,266.0
3.1583,-330.0,270.0
3.1633,38.0,270.0
3.1682,300.0,272.0
3.1732,-17.0,272.0
3.1791,-179.0,274.0
3.1833,62.0,274.0
3.1883,48.0,272.0
3.1932,-180.0,268.0
3.1983,-1.0,266.0
3.2032,284.0,262.0
3.2083,47.0,262.0
3.2135,-273.0,260.0
3.2183,-75.0,258.0
3.2232,204.0,256.0
3.2287,25.0,254.0
3.2332,-210.0,256.0
3.2389,19.0,254.0
3.2436,266.0,258.0
3.2482,7.0,256.0
3.2533,-225.0,258.0
3.2582,-39.0,256.0
3.2632,47.0,254.0
3.2682,-25.0,256.0
3.2734,128.0,254.0
3.2784,173.0,256.0
3.2832,-152.0,256.0
3.2892,-261.0,260.0
3.2932,23.0,258.0
3.2985,162.0,260.0
3.3035,116.0,260.0
3.3084,64.0,260.0
3.3132,-134.0,260.0
3.3182,-226.0,262.0
3.3234,22.0,262.0
3.3284,211.0,266.0
3.3335,102.0,268.0
3.3383,-93.0,268.0
3.3433,-127.0,270.0
3.3481,1.0,268.0
3.3533,64.0,270.0
3.3583,42.0,268.0
3.3634,5.0,268.0
3.3684,-91.0,268.0
3.3732,-66.0,268.0
3.3782,151.0,270.0
3.3832,132.0,272.0
3.3885,-186.0,276.0
3.3934,-173.0,276.0
3.3983,180.0,278.0
3.4032,157.0,280.0
3.4084,-131.0,282.0
3.4135,-104.0,282.0
3.4183,61.0,282.0
3.4241,43.0,282.0
3.4281,-19.0,282.0
3.4331,-5.0,280.0
3.4384,14.0,278.0
3.4433,8.0,276.0
3.4483,-8.0,272.0
3.4533,-10.0,268.0
3.4582,30.0,266.0
3.4631,0.0,262.0
3.4683,-123.0,262.0
3.4734,-29.0,262.0
3.4784,177.0,264.0
3.4832,36.0,264.0
3.4882,-58.0,262.0
3.4932,158.0,264.0
3.4984,-102.0,262.0
3.5035,-509.0,268.0
3.5083,50.0,266.0
3.5132,683.0,274.0
3.5181,176.0,276.0
3.5232,-479.0,282.0
3.5284,-299.0,284.0
3.5333,77.0,286.0
3.5383,179.0,286.0
3.5433,185.0,286.0
3.5483,50.0,286.0
3.5534,-166.0,284.0
3.5582,-176.0,284.0
3.5633,36.0,286.0
3.5682,175.0,286.0
3.5731,3.0,282.0
3.5782,-176.0,282.0
3.5832,-13.0,278.0
3.5882,179.0,280.0
3.5933,99.0,274.0
3.5986,-68.0,274.0
3.6037,-161.0,270.0
3.6083,-113.0,266.0
3.6135,72.0,262.0
3.6184,173.0,256.0
3.6232,83.0,258.0
3.6282,-32.0,250.0
3.6331,-120.0,246.0
3.6383,-154.0,248.0
3.6433,14.0,242.0
3.6483,162.0,238.0
3.6532,44.0,236.0
3.6582,27.0,230.0
3.6632,112.0,230.0
3.6684,-180.0,232.0
3.6734,-387.0,236.0
3.6782,61.0,236.0
3.6833,464.0,242.0
3.6881,275.0,246.0
3.6932,-171.0,248.0
3.6984,-525.0,256.0
3.7033,-292.0,260.0
3.7082,476.0,266.0
3.7145,567.0,272.0
3.7182,-222.0,274.0
3.7234,-505.0,282.0
3.7293,4.0,282.0
3.7335,237.0,282.0
3.7382,33.0,282.0
3.7432,-12.0,280.0
3.7481,62.0,278.0
3.7534,13.0,276.0
3.7583,-116.0,274.0
3.7633,-187.0,276.0
3.7682,9.0,274.0
3.7732,277.0,278.0
3.7782,156.0,280.0
3.7832,-132.0,280.0
3.7884,-177.0,280.0
3.7932,-119.0,280.0
3.7982,22.0,274.0
3.8032,258.0,278.0
3.8082,132.0,276.0
3.8137,-225.0,278.0
3.8183,-171.0,278.0
3.8232,109.0,280.0
3.8282,130.0,280.0
3.8332,9.0,278.0
3.8386,-60.0,280.0
3.8434,-110.0,276.0
3.8483,-37.0,276.0
3.8532,167.0,274.0
3.8582,157.0,276.0
3.8632,-125.0,274.0
3.8688,-247.0,278.0
3.8734,-34.0,276.0
3.8782,258.0,280.0
3.8832,238.0,278.0
3.8882,-208.0,282.0
3.8932,-375.0,284.0
3.8985,142.0,286.0
3.9033,399.0,292.0
3.9083,-74.0,292.0
3.9132,-333.0,296.0
3.9181,9.0,292.0
3.9232,217.0,294.0
3.9285,32.0,290.0
3.9342,-63.0,290.0
3.9382,-51.0,288.0
3.9432,-125.0,290.0
3.9483,77.0,290.0
3.9533,308.0,292.0
3.9583,-124.0,290.0
3.9633,-408.0,296.0
3.9682,149.0,296.0
3.9732,354.0,300.0
3.9783,-113.0,300.0
3.9835,-172.0,300.0
3.9884,20.0,300.0
3.9935,-21.0,300.0
3.9982,88.0,300.0
4.0033,138.0,302.0
4.0083,-154.0,304.0
4.0135,-154.0,306.0
4.0183,145.0,306.0
4.0233,63.0,304.0
4.0282,-83.0,302.0
4.0332,93.0,302.0
4.0388,12.0,298.0
4.0433,-226.0,300.0
4.0482,38.0,298.0
4.0532,273.0,300.0
4.0581,-53.0,300.0
4.0633,-233.0,304.0
4.0682,50.0,304.0
4.0734,160.0,306.0
4.0783,-54.0,308.0
4.0832,-124.0,308.0
4.0881,40.0,310.0
4.0934,99.0,310.0
4.0985,-16.0,310.0
4.1033,-8.0,310.0
4.1082,63.0,310.0
4.1133,-106.0,312.0
4.1182,-178.0,312.0
4.1233,134.0,312.0
4.1285,237.0,316.0
4.1335,-85.0,314.0
4.1382,-156.0,316.0
4.1431,77.0,308.0
4.1489,-11.0,308.0
4.1534,-167.0,300.0
4.1583,146.0,300.0
4.164,270.0,296.0
4.1682,-183.0,294.0
4.1743,-267.0,298.0
4.1786,165.0,296.0
4.1832,141.0,296.0
4.1884,-160.0,298.0
4.1932,4.0,296.0
4.1983,167.0,296.0
4.2034,-62.0,296.0
4.2083,-138.0,296.0
4.2135,34.0,296.0
4.2184,73.0,294.0
4.2233,30.0,294.0
4.2282,5.0,292.0
4.2332,-103.0,292.0
4.2382,-132.0,292.0
4.2442,177.0,292.0
4.2482,333.0,296.0
4.2532,-228.0,298.0
4.2581,-539.0,304.0
4.2632,205.0,306.0
4.2685,604.0,316.0
4.2732,-115.0,316.0
4.2783,-457.0,320.0
4.2832,75.0,320.0
4.2881,230.0,322.0
4.2932,-140.0,324.0
4.2985,-140.0,326.0
4.3033,183.0,326.0
4.3088,205.0,326.0
4.3133,-78.0,322.0
4.3182,-229.0,324.0
4.3231,-75.0,318.0
4.3284,92.0,316.0
4.3333,61.0,314.0
4.3382,61.0,306.0
4.3443,128.0,304.0
4.3481,0.0,296.0
4.3532,-224.0,292.0
4.3584,-238.0,292.0
4.3635,16.0,284.0
4.3682,355.0,290.0
4.3731,353.0,292.0
4.3782,-179.0,294.0
4.3833,-555.0,302.0
4.3884,-128.0,302.0
4.3932,442.0,310.0
4.3982,287.0,312.0
4.4031,-170.0,312.0
4.4081,-219.0,316.0
4.4135,-9.0,312.0
4.4184,61.0,310.0
4.4232,13.0,308.0
4.4281,67.0,306.0
4.4331,72.0,306.0
4.4382,-146.0,308.0
4.4434,-148.0,306.0
4.4483,153.0,306.0
4.4532,155.0,304.0
4.4582,-87.0,304.0
4.4634,-72.0,302.0
4.4684,19.0,302.0
4.4732,-32.0,302.0
4.4783,-2.0,300.0
4.4832,36.0,300.0
4.4882,-10.0,300.0
4.4932,93.0,298.0
4.4985,111.0,298.0
4.5034,-225.0,298.0
4.5084,-287.0,300.0
4.5132,178.0,302.0
4.5181,382.0,304.0
4.5232,56.0,300.0
4.5286,-246.0,302.0
4.5333,-273.0,300.0
4.5382,-53.0,298.0
4.5432,268.0,296.0
4.5487,248.0,298.0
4.5532,-77.0,294.0
4.5585,-143.0,298.0
4.5634,-66.0,294.0
4.5682,-138.0,296.0
4.5732,19.0,296.0
4.5783,285.0,300.0
4.5832,107.0,300.0
4.5883,-155.0,300.0
4.5934,-138.0,298.0
4.5982,-82.0,296.0
4.6033,67.0,292.0
4.6083,186.0,292.0
4.614,-7.0,286.0
4.6184,-114.0,286.0
4.6232,17.0,284.0
4.6282,-45.0,284.0
4.6332,-93.0,286.0
4.6383,211.0,288.0
4.6437,200.0,288.0
4.6483,-290.0,290.0
4.654,-244.0,292.0
4.6582,224.0,294.0
4.6633,151.0,294.0
4.6684,-99.0,296.0
4.6733,18.0,294.0
4.6783,47.0,294.0
4.6832,-142.0,294.0
4.6882,-97.0,294.0
4.6934,146.0,292.0
4.6985,165.0,294.0
4.7034,-27.0,290.0
4.7083,-138.0,292.0
4.7132,-101.0,292.0
4.7182,6.0,290.0
4.7233,109.0,290.0
4.7285,115.0,292.0
4.7333,-27.0,290.0
4.7382,-164.0,292.0
4.7431,-25.0,292.0
4.7481,208.0,296.0
4.7538,27.0,294.0
4.7585,-282.0,296.0
4.7635,-24.0,294.0
4.7682,303.0,294.0
4.7734,5.0,294.0
4.7784,-198.0,294.0
4.7833,55.0,294.0
4.7883,13.0,294.0
4.7932,-142.0,294.0
4.7982,135.0,294.0
4.8032,224.0,292.0
4.8085,-145.0,292.0
4.8135,-248.0,292.0
4.8183,9.0,290.0
4.8232,143.0,290.0
4.8282,135.0,288.0
4.8331,54.0,290.0
4.8382,-137.0,290.0
4.8434,-170.0,290.0
4.8483,19.0,290.0
4.8532,121.0,290.0
4.8581,76.0,290.0
4.8631,-19.0,290.0
4.8682,-96.0,292.0
4.8734,-21.0,290.0
4.8784,80.0,290.0
4.8833,-3.0,286.0
4.8881,-75.0,282.0
4.8931,61.0,280.0
4.8982,115.0,274.0
4.9033,-105.0,272.0
4.9083,-195.0,266.0
4.9132,109.0,266.0
4.9182,256.0,262.0
4.9234,-103.0,262.0
4.9283,-248.0,264.0
4.9332,125.0,262.0
4.9382,185.0,264.0
4.9432,-161.0,264.0
4.9484,-110.0,262.0
4.9538,154.0,262.0
4.9588,42.0,260.0
4.9631,-92.0,260.0
4.9683,26.0,260.0
4.9733,4.0,258.0
4.9785,-103.0,260.0
4.9835,71.0,258.0
4.9886,172.0,260.0
4.9932,-79.0,258.0
4.9987,-161.0,258.0
5.0033,12.0,258.0
5.0084,14.0,252.0
5.014,32.0,246.0
5.0182,172.0,246.0
5.0232,13.0,238.0
5.0283,-223.0,240.0
5.0332,-88.0,234.0
5.0386,110.0,232.0
5.0437,115.0,230.0
5.0486,48.0,228.0
5.0533,-101.0,230.0
5.0582,-168.0,232.0
5.0631,54.0,232.0
5.0693,233.0,234.0
5.0733,38.0,234.0
5.0783,-235.0,236.0
5.0838,-134.0,236.0
5.0883,170.0,236.0
5.0933,148.0,236.0
5.0987,-52.0,234.0
5.1037,-46.0,234.0
5.1086,-73.0,236.0
5.1134,-111.0,236.0
5.1183,116.0,238.0
5.1236,188.0,240.0
5.1287,-68.0,242.0
5.1339,-87.0,242.0
5.1381,29.0,240.0
5.1432,-122.0,238.0
5.1484,-41.0,234.0
5.1535,292.0,236.0
5.1584,47.0,232.0
5.1632,-347.0,236.0
5.1682,-8.0,232.0
5.1741,326.0,232.0
5.1783,-34.0,232.0
5.1843,-286.0,232.0
5.1888,9.0,228.0
5.1945,207.0,232.0
5.1981,76.0,230.0
5.2034,-76.0,230.0
5.2085,-124.0,230.0
5.2135,-4.0,230.0
5.2185,108.0,226.0
5.2234,-44.0,226.0
5.2281,-98.0,226.0
5.2331,135.0,224.0
5.2383,103.0,226.0
5.2431,-149.0,226.0
5.2484,-81.0,224.0
5.2532,94.0,226.0
5.2581,60.0,226.0
5.2633,-27.0,226.0
5.2684,-72.0,226.0
5.2733,-47.0,226.0
5.2784,40.0,222.0
5.2832,96.0,222.0
5.2881,95.0,218.0
5.2932,-20.0,214.0
5.2985,-241.0,214.0
5.3033,-186.0,216.0
5.3084,276.0,218.0
5.3132,395.0,224.0
5.3181,-198.0,226.0
5.3235,-476.0,232.0
5.3284,88.0,232.0
5.3333,390.0,236.0
5.3382,-48.0,234.0
5.3432,-176.0,236.0
5.3482,149.0,236.0
5.3533,-32.0,234.0
5.3584,-301.0,240.0
5.3633,95.0,240.0
5.3682,297.0,242.0
5.3731,-50.0,242.0
5.3783,-104.0,242.0
5.3834,36.0,242.0
5.3882,-62.0,240.0
5.3932,-46.0,240.0
5.3981,58.0,236.0
5.4031,-37.0,236.0
5.4084,-22.0,232.0
5.4138,194.0,234.0
5.4183,126.0,234.0
5.4233,-251.0,236.0
5.4282,-301.0,242.0
5.4331,116.0,240.0
5.4383,351.0,244.0
5.4434,92.0,242.0
5.4483,-225.0,244.0
5.4533,-197.0,242.0
5.4581,72.0,244.0
5.4631,168.0,244.0
5.4683,-68.0,244.0
5.4734,-119.0,244.0
5.4781,211.0,246.0
5.4832,145.0,244.0
5.4881,-320.0,250.0
5.4933,-209.0,250.0
5.4984,263.0,254.0
5.5045,203.0,256.0
5.5082,-121.0,258.0
5.5131,-117.0,258.0
5.5181,41.0,258.0
5.5233,55.0,258.0
5.5284,-44.0,258.0
5.5334,-68.0,258.0
5.5382,50.0,258.0
5.5432,107.0,258.0
5.5481,-7.0,254.0
5.5532,-110.0,254.0
5.5584,-57.0,252.0
5.5632,67.0,250.0
5.5681,111.0,248.0
5.5731,5.0,246.0
5.5782,-152.0,246.0
5.5834,-83.0,246.0
5.5884,181.0,246.0
5.5932,136.0,246.0
5.5981,-195.0,248.0
5.6032,-152.0,250.0
5.6083,185.0,252.0
5.6132,160.0,254.0
5.6183,-117.0,254.0
5.6232,-160.0,256.0
5.6281,-3.0,254.0
5.6332,90.0,254.0
5.6382,65.0,252.0
5.6433,36.0,252.0
5.6484,24.0,252.0
5.6531,-76.0,254.0
5.6581,-190.0,254.0
5.6632,-51.0,254.0
5.6682,278.0,254.0
5.6734,230.0,256.0
5.6783,-236.0,258.0
5.6833,-295.0,262.0
5.6881,136.0,264.0
5.6932,223.0,266.0
5.6984,-50.0,264.0
5.7034,-94.0,264.0
5.7083,-22.0,260.0
5.7131,-38.0,260.0
5.7181,96.0,258.0
5.7233,164.0,258.0
5.7285,-123.0,258.0
5.7334,-230.0,260.0
5.7382,80.0,260.0
5.7431,170.0,262.0
5.7483,-57.0,262.0
5.7531,-2.0,260.0
5.7584,153.0,260.0
5.7632,-155.0,260.0
5.7682,-302.0,264.0
5.7731,198.0,266.0
5.7783,325.0,270.0
5.7833,-156.0,270.0
5.7883,-166.0,272.0
5.7933,138.0,270.0
5.7981,-38.0,270.0
5.8032,-183.0,268.0
5.8083,144.0,270.0
5.8136,234.0,268.0
5.8184,-162.0,270.0
5.8232,-240.0,270.0
5.8281,174.0,272.0
5.8331,210.0,272.0
5.8383,-197.0,274.0
5.8434,-149.0,274.0
5.8484,204.0,276.0
5.8534,44.0,276.0
5.8581,-212.0,278.0
5.8633,41.0,278.0
5.8683,223.0,280.0
5.8733,-29.0,278.0
5.8784,-184.0,280.0
5.8832,-53.0,278.0
5.8881,70.0,278.0
5.8933,108.0,278.0
5.8984,73.0,278.0
5.9034,-74.0,280.0
5.9084,-173.0,280.0
5.9131,-21.0,280.0
5.9181,171.0,282.0
5.9234,70.0,282.0
5.9285,-107.0,282.0
5.9332,-13.0,282.0
5.9383,76.0,280.0
5.9431,-89.0,278.0
5.9481,-98.0,276.0
5.9533,179.0,272.0
5.9584,131.0,270.0
5.9633,-252.0,268.0
5.9682,-181.0,268.0
5.9731,281.0,268.0
5.9782,267.0,270.0
5.9834,-221.0,272.0
5.9882,-346.0,274.0
5.9933,85.0,276.0
5.9982,339.0,276.0
6.0031,60.0,276.0
6.0083,-219.0,274.0
6.0133,-153.0,276.0
6.0182,35.0,274.0
6.0233,148.0,276.0
6.0281,102.0,276.0
6.0332,-71.0,278.0
6.0387,-84.0,278.0
6.0432,27.0,278.0
6.0482,-87.0,278.0
6.0532,-57.0,276.0
6.0582,282.0,278.0
6.0631,80.0,276.0
6.0685,-365.0,278.0
6.0734,-39.0,276.0
6.0783,296.0,276.0
6.0832,-29.0,274.0
6.0893,-124.0,272.0
6.0931,75.0,270.0
6.0992,-69.0,270.0
6.1033,-100.0,270.0
6.1082,164.0,272.0
6.1134,137.0,272.0
6.1181,-40.0,268.0
6.1231,-138.0,268.0
6.1285,-228.0,268.0
6.1332,2.0,264.0
6.1382,372.0,266.0
6.1432,238.0,266.0
6.1481,-235.0,268.0
6.1535,-391.0,272.0
6.1583,-23.0,272.0
6.1633,305.0,276.0
6.1683,113.0,276.0
6.1732,-68.0,276.0
6.1782,70.0,278.0
6.1833,-72.0,276.0
6.1897,-335.0,282.0
6.1936,-5.0,280.0
6.1982,407.0,286.0
6.2041,163.0,288.0
6.2081,-210.0,288.0
6.2133,-175.0,292.0
6.2182,-52.0,290.0
6.2231,-7.0,288.0
6.2282,133.0,288.0
6.2331,219.0,290.0
6.2384,-10.0,286.0
6.2434,-279.0,288.0
6.2483,-140.0,288.0
6.2532,170.0,288.0
6.2581,195.0,288.0
6.2632,-5.0,286.0
6.2685,-177.0,290.0
6.2733,-116.0,290.0
6.2783,149.0,290.0
6.2832,150.0,292.0
6.2882,-138.0,294.0
6.2931,-93.0,294.0
6.2984,130.0,294.0
6.3034,-9.0,294.0
6.3083,-92.0,290.0
6.3132,81.0,288.0
6.3181,6.0,284.0
6.3232,-113.0,282.0
6.3284,90.0,280.0
6.3334,151.0,280.0
6.3384,-117.0,280.0
6.3432,-203.0,282.0
6.3481,27.0,282.0
6.3532,201.0,286.0
6.3583,137.0,286.0
6.3633,-68.0,284.0
6.3682,-247.0,286.0
6.3732,-130.0,284.0
6.3782,226.0,286.0
6.3835,224.0,288.0
6.3884,-129.0,288.0
6.3933,-168.0,292.0
6.3982,19.0,290.0
6.4031,80.0,288.0
6.4083,111.0,286.0
6.4133,-52.0,282.0
6.4184,-256.0,282.0
6.4235,61.0,280.0
6.4282,336.0,282.0
6.4331,-58.0,282.0
6.4383,-260.0,286.0
6.4433,62.0,284.0
6.4483,26.0,282.0
6.4534,-147.0,280.0
6.4581,264.0,282.0
6.4632,349.0,284.0
6.4683,-437.0,288.0
6.4734,-547.0,292.0
6.4783,360.0,296.0
6.4832,534.0,302.0
6.4885,-128.0,300.0
6.4935,-301.0,304.0
6.4983,-35.0,302.0
6.5033,76.0,302.0
6.5084,58.0,300.0
6.5132,-22.0,300.0
6.5181,-45.0,298.0
6.5234,80.0,298.0
6.5283,70.0,298.0
6.5333,-122.0,298.0
6.5383,-99.0,298.0
6.5432,109.0,298.0
6.5481,93.0,298.0
6.5533,-56.0,298.0
6.5584,-54.0,296.0
6.5633,-15.0,296.0
6.5684,-6.0,294.0
6.5744,65.0,294.0
6.5782,82.0,294.0
6.5832,-50.0,294.0
6.5884,-124.0,294.0
6.5933,-18.0,292.0
6.5982,81.0,292.0
6.6032,55.0,288.0
6.6083,0.0,286.0
6.6134,-4.0,280.0
6.6183,-13.0,276.0
6.6232,-77.0,274.0
6.6281,-32.0,270.0
6.6332,118.0,270.0
6.6382,44.0,266.0
6.6434,-136.0,266.0
6.6482,3.0,264.0
6.6534,176.0,264.0
6.6582,-56.0,264.0
6.6631,-210.0,266.0
6.6682,90.0,264.0
6.6733,185.0,266.0
6.6784,-149.0,268.0
6.6832,-142.0,270.0
6.6882,238.0,272.0
6.6933,146.0,274.0
6.6995,-287.0,274.0
6.7034,-158.0,274.0
6.7081,263.0,272.0
6.7132,119.0,274.0
6.7182,-208.0,272.0
6.7234,-80.0,274.0
6.7284,155.0,274.0
6.7332,97.0,274.0
6.7383,-95.0,274.0
6.7432,-120.0,276.0
6.7481,18.0,272.0
6.7532,57.0,272.0
6.7583,19.0,272.0
6.7633,86.0,270.0
6.7682,40.0,268.0
6.7731,-190.0,270.0
6.7782,-127.0,266.0
6.7832,189.0,266.0
6.7883,113.0,264.0
6.7934,-149.0,260.0
6.7982,-7.0,260.0
6.804,111.0,256.0
6.8088,-75.0,256.0
6.8131,-6.0,256.0
6.8183,116.0,256.0
6.8234,-155.0,258.0
6.8282,-160.0,254.0
6.8332,232.0,258.0
6.8382,154.0,254.0
6.8433,-183.0,254.0
6.8483,-59.0,252.0
6.8533,108.0,252.0
6.8581,11.0,250.0
6.8632,-21.0,250.0
6.8682,-87.0,250.0
6.8733,-126.0,248.0
6.8782,154.0,250.0
6.8832,250.0,250.0
6.8882,-107.0,250.0
6.8933,-207.0,250.0
6.8986,10.0,248.0
6.9033,27.0,248.0
6.9082,61.0,246.0
6.9132,134.0,246.0
6.9181,-142.0,246.0
6.9232,-225.0,248.0
6.9282,263.0,250.0
6.9334,289.0,252.0
6.9383,-369.0,256.0
6.9432,-327.0,262.0
6.9481,380.0,266.0
6.9532,298.0,270.0
6.9583,-296.0,274.0
6.9632,-200.0,274.0
6.9682,175.0,276.0
6.9731,74.0,276.0
6.9781,-84.0,274.0
6.9833,35.0,272.0
6.9881,68.0,272.0
6.9932,-78.0,270.0
6.9982,-113.0,270.0
7.0032,36.0,270.0
7.0081,148.0,268.0
7.0134,30.0,266.0
7.0183,-131.0,266.0
7.0234,-44.0,262.0
7.0282,92.0,262.0
7.0331,1.0,260.0
7.0382,-84.0,260.0
7.0433,19.0,260.0
7.0483,94.0,258.0
7.0534,18.0,258.0
7.0582,-52.0,256.0
7.0631,-49.0,256.0
7.0682,-26.0,250.0
7.0733,25.0,250.0
7.0783,37.0,246.0
7.0831,-20.0,246.0
7.0881,39.0,246.0
7.0933,120.0,246.0
7.0984,-93.0,242.0
7.1034,-268.0,242.0
7.1094,43.0,236.0
7.114,315.0,232.0
7.1181,58.0,226.0
7.1236,-225.0,222.0
7.1282,-122.0,222.0
7.1333,79.0,218.0
7.1383,114.0,220.0
7.1431,73.0,220.0
7.1481,-27.0,220.0
7.1533,-209.0,222.0
7.1584,-114.0,224.0
7.1633,257.0,226.0
7.1683,221.0,228.0
7.1731,-200.0,230.0
7.1781,-204.0,232.0
7.1834,129.0,232.0
7.1883,92.0,232.0
7.1934,-118.0,232.0
7.1982,-2.0,232.0
7.2032,138.0,234.0
7.2084,3.0,234.0
7.2134,-141.0,234.0
7.2182,-87.0,234.0
7.2241,126.0,236.0
7.2281,219.0,238.0
7.2333,-90.0,238.0
7.2383,-348.0,242.0
7.2432,30.0,242.0
7.2482,400.0,248.0
7.2532,13.0,248.0
7.2581,-343.0,254.0
7.2631,6.0,252.0
7.2684,222.0,256.0
7.2733,-73.0,256.0
7.2784,-102.0,256.0
7.2833,137.0,256.0
7.2881,4.0,256.0
7.2932,-195.0,256.0
7.2982,46.0,256.0
7.3033,250.0,256.0
7.3082,-23.0,256.0
7.314,-231.0,256.0
7.3182,-9.0,254.0
7.3232,83.0,254.0
7.3285,-93.0,252.0
7.3333,103.0,250.0
7.3381,358.0,252.0
7.3431,-167.0,252.0
7.3481,-603.0,256.0
7.3532,51.0,256.0
7.3582,620.0,262.0
7.3633,140.0,264.0
7.3682,-381.0,266.0
7.3732,-242.0,270.0
7.3781,58.0,268.0
7.3832,175.0,270.0
7.3883,133.0,272.0
7.3932,-7.0,270.0
7.3982,-99.0,272.0
7.4032,-110.0,272.0
7.4082,-82.0,272.0
7.4135,99.0,272.0
7.4183,250.0,274.0
7.4232,-5.0,270.0
7.4282,-290.0,274.0
7.4332,-68.0,272.0
7.4383,220.0,276.0
7.4433,65.0,274.0
7.4483,-139.0,276.0
7.4532,-11.0,276.0
7.4581,76.0,274.0
7.4633,-43.0,274.0
7.4681,39.0,272.0
7.4735,125.0,270.0
7.4783,-192.0,270.0
7.4832,-253.0,272.0
7.4881,207.0,274.0
7.4932,290.0,276.0
7.4983,-68.0,278.0
7.5052,-115.0,278.0
7.5083,21.0,278.0
7.5131,-110.0,278.0
7.5188,-154.0,278.0
7.5234,169.0,276.0
7.5283,262.0,278.0
7.5332,-114.0,278.0
7.5382,-221.0,280.0
7.5431,98.0,282.0
7.5481,125.0,282.0
7.5531,-123.0,282.0
7.5593,-47.0,280.0
7.5632,134.0,280.0
7.5682,-23.0,276.0
7.5731,-128.0,274.0
7.5788,86.0,268.0
7.5835,105.0,266.0
7.5884,-140.0,262.0
7.5932,-58.0,258.0
7.5981,184.0,256.0
7.6031,-1.0,252.0
7.6082,-204.0,254.0
7.6133,66.0,254.0
7.6182,216.0,256.0
7.6232,-125.0,256.0
7.6282,-227.0,260.0
7.6332,166.0,260.0
7.6382,200.0,262.0
7.6433,-184.0,264.0
7.6484,-123.0,264.0
7.6532,164.0,266.0
7.6581,25.0,264.0
7.6631,-111.0,266.0
7.6681,57.0,264.0
7.6732,56.0,266.0
7.6784,-60.0,266.0
7.6832,22.0,266.0
7.6881,-6.0,264.0
7.6932,-152.0,266.0
7.6982,4.0,266.0
7.7033,232.0,268.0
7.7082,101.0,270.0
7.7132,-137.0,272.0
7.7181,-159.0,274.0
7.7232,-68.0,274.0
7.7282,73.0,274.0
7.7333,202.0,276.0
7.7381,81.0,276.0
7.7432,-161.0,274.0
7.7482,-164.0,276.0
7.7532,31.0,272.0
7.7581,81.0,272.0
7.7633,2.0,268.0
7.7682,94.0,268.0
7.7731,115.0,268.0
7.7781,-205.0,270.0
7.7834,-251.0,272.0
7.7883,213.0,276.0
7.7932,287.0,276.0
7.7982,-175.0,278.0
7.8032,-218.0,276.0
7.8081,134.0,276.0
7.8135,85.0,274.0
7.8183,-116.0,272.0
7.8233,29.0,270.0
7.8282,83.0,270.0
7.8332,-75.0,270.0
7.8381,37.0,270.0
7.8431,113.0,270.0
7.8482,-190.0,274.0
7.8532,-174.0,274.0
7.8581,247.0,276.0
7.8631,179.0,276.0
7.8686,-209.0,276.0
7.8733,-92.0,276.0
7.8783,178.0,274.0
7.8832,-6.0,274.0
7.8881,-184.0,270.0
7.8932,40.0,270.0
7.8982,184.0,268.0
7.9034,-17.0,268.0
7.9083,-154.0,268.0
7.9132,-20.0,266.0
7.9185,103.0,266.0
7.9231,50.0,266.0
7.9283,-69.0,266.0
7.9332,-69.0,264.0
7.9382,81.0,264.0
7.9431,93.0,262.0
7.9482,-99.0,264.0
7.9532,-108.0,262.0
7.9584,60.0,262.0
7.9633,67.0,262.0
7.9681,16.0,260.0
7.9731,17.0,260.0
7.9785,-72.0,256.0
7.9832,-104.0,254.0
7.9882,73.0,246.0
7.9932,172.0,248.0
7.9981,0.0,238.0
8.0031,-155.0,238.0
8.0082,-104.0,234.0
8.0132,-4.0,230.0
8.0183,134.0,232.0
8.0233,210.0,232.0
8.0281,-70.0,232.0
8.0331,-304.0,236.0
8.0381,-1.0,234.0
8.0432,265.0,236.0
8.0484,26.0,236.0
8.0532,-168.0,236.0
8.0581,-3.0,232.0
8.0631,67.0,234.0
8.0681,-51.0,230.0
8.0732,-13.0,230.0
8.0784,101.0,228.0
8.0832,80.0,228.0
8.0881,-71.0,226.0
8.0932,-260.0,230.0
8.0983,-68.0,230.0
8.1032,401.0,236.0
8.1083,230.0,238.0
8.1133,-380.0,242.0
8.1182,-293.0,244.0
8.1233,250.0,244.0
8.1282,230.0,244.0
8.1332,-156.0,242.0
8.1382,-114.0,244.0
8.1431,162.0,244.0
8.1482,50.0,244.0
8.1542,-199.0,246.0
8.1594,-62.0,244.0
8.164,179.0,244.0
8.1681,75.0,242.0
8.1731,-112.0,242.0
8.1781,-39.0,238.0
8.1832,59.0,238.0
8.1892,-16.0,236.0
8.1932,-27.0,236.0
8.1981,57.0,236.0
8.2031,-14.0,234.0
8.2081,-65.0,234.0
8.2135,98.0,234.0
8.2182,45.0,232.0
8.2231,-213.0,234.0
8.2283,-51.0,234.0
8.2332,261.0,236.0
8.2395,91.0,234.0
8.2431,-167.0,238.0
8.2481,-93.0,236.0
8.2531,-6.0,234.0
8.2582,4.0,232.0
8.2632,105.0,232.0
8.2684,141.0,230.0
8.2732,-22.0,228.0
8.2782,-224.0,228.0
8.2832,-173.0,228.0
8.2881,153.0,228.0
8.2932,282.0,230.0
8.2982,0.0,230.0
8.3032,-202.0,232.0
8.3082,-83.0,232.0
8.3133,24.0,232.0
8.318,47.0,230.0
8.3231,103.0,232.0
8.3282,33.0,232.0
8.3331,-112.0,232.0
8.3381,-65.0,232.0
8.3431,21.0,230.0
8.3481,0.0,228.0
8.3531,70.0,228.0
8.3583,115.0,226.0
8.3632,-95.0,226.0
8.3681,-184.0,228.0
8.3731,109.0,228.0
8.3782,207.0,230.0
8.3833,-150.0,228.0
8.3883,-241.0,230.0
8.3932,161.0,232.0
8.3981,258.0,234.0
8.4031,-133.0,236.0
8.4083,-219.0,238.0
8.4133,142.0,240.0
8.4182,182.0,238.0
8.4233,-185.0,238.0
8.4281,-180.0,238.0
8.4331,181.0,236.0
8.4383,162.0,236.0
8.4433,-107.0,234.0
8.4483,-90.0,234.0
8.4532,16.0,232.0
8.4582,-14.0,230.0
8.4631,9.0,230.0
8.4681,98.0,230.0
8.4733,59.0,230.0
8.4781,-92.0,230.0
8.4831,-146.0,232.0
8.4881,-10.0,228.0
8.4931,138.0,228.0
8.4982,100.0,226.0
8.5033,-21.0,224.0
8.5081,-42.0,220.0
8.5131,-90.0,220.0
8.5182,-187.0,220.0
8.5231,102.0,222.0
8.5281,455.0,226.0
8.5331,-48.0,226.0
8.5381,-567.0,232.0
8.5431,25.0,232.0
8.5481,432.0,238.0
8.5532,-85.0,238.0
8.5583,-157.0,238.0
8.5633,194.0,242.0
8.5683,-51.0,240.0
8.5732,-254.0,244.0
8.578,97.0,244.0
8.5833,184.0,246.0
8.5884,-50.0,244.0
8.5932,-4.0,244.0
8.5981,24.0,242.0
8.6031,-185.0,244.0
8.6081,-35.0,244.0
8.6137,292.0,248.0
8.6183,18.0,248.0
8.6233,-277.0,250.0
8.6282,71.0,250.0
8.6332,185.0,252.0
8.6382,-199.0,254.0
8.6432,-123.0,254.0
8.6487,288.0,256.0
8.6533,143.0,258.0
8.6583,-287.0,262.0
8.6632,-212.0,262.0
8.6681,201.0,264.0
8.6733,272.0,262.0
8.6782,-73.0,264.0
8.6832,-264.0,264.0
8.6882,-11.0,264.0
8.6932,170.0,264.0
8.6982,17.0,264.0
8.7033,-50.0,264.0
8.7082,-24.0,264.0
8.7132,-56.0,264.0
8.7181,93.0,264.0
8.7231,173.0,266.0
8.7284,-137.0,266.0
8.7331,-265.0,266.0
8.7381,87.0,266.0
8.7431,243.0,264.0
8.7487,-17.0,260.0
8.7531,-125.0,256.0
8.7581,20.0,252.0
8.7633,39.0,250.0
8.7684,-72.0,246.0
8.7732,-51.0,246.0
8.7781,89.0,244.0
8.7833,102.0,244.0
8.7883,-37.0,244.0
8.7932,-100.0,242.0
8.7981,-64.0,242.0
8.8031,-21.0,240.0
8.8084,159.0,240.0
8.8134,273.0,244.0
8.8181,-154.0,246.0
8.8231,-530.0,252.0
8.8281,17.0,252.0
8.8331,571.0,262.0
8.8382,98.0,262.0
8.8431,-339.0,266.0
8.8481,17.0,266.0
8.8537,58.0,266.0
8.8583,-315.0,270.0
8.8631,15.0,266.0
8.8683,488.0,274.0
8.8732,94.0,270.0
8.8782,-350.0,274.0
8.8831,-163.0,274.0
8.8881,55.0,274.0
8.8933,106.0,276.0
8.8982,132.0,278.0
8.9032,-82.0,278.0
8.9082,-132.0,278.0
8.9131,235.0,280.0
8.9191,70.0,278.0
8.9231,-474.0,282.0
8.9284,-42.0,282.0
8.9332,573.0,286.0
8.9381,-5.0,286.0
8.9432,-448.0,290.0
8.9482,146.0,290.0
8.9531,219.0,294.0
8.9582,-322.0,298.0
8.9632,-50.0,298.0
8.9683,406.0,302.0
8.9731,8.0,302.0
8.9782,-339.0,306.0
8.9834,-76.0,306.0
8.9882,151.0,308.0
8.9932,200.0,310.0
8.9981,87.0,310.0
9.0031,-305.0,314.0
9.0081,-288.0,316.0
9.0132,346.0,318.0
9.0182,352.0,322.0
9.0232,-361.0,324.0
9.0283,-202.0,324.0
9.0331,428.0,328.0
9.0383,-68.0,326.0
9.0432,-522.0,332.0
9.0481,217.0,332.0
9.054,473.0,336.0
9.0592,-154.0,336.0
9.0634,-193.0,336.0
9.0681,58.0,334.0
9.0731,-124.0,334.0
9.0782,-83.0,332.0
9.0831,233.0,334.0
9.0881,148.0,334.0
9.0932,-134.0,336.0
9.0986,-133.0,338.0
9.1032,25.0,338.0
9.1081,73.0,338.0
9.1132,-23.0,338.0
9.1181,-52.0,338.0
9.1231,68.0,336.0
9.1283,44.0,336.0
9.1333,-78.0,336.0
9.1382,23.0,334.0
9.1431,81.0,336.0
9.1481,-146.0,336.0
9.1533,-148.0,338.0
9.1581,218.0,338.0
9.1636,264.0,340.0
9.1681,-137.0,336.0
9.1732,-295.0,340.0
9.1781,-41.0,332.0
9.1832,132.0,334.0
9.189,117.0,328.0
9.1932,121.0,328.0
9.1981,17.0,326.0
9.2031,-242.0,328.0
9.2082,-229.0,330.0
9.2135,166.0,328.0
9.2182,299.0,332.0
9.2231,-68.0,330.0
9.2282,-171.0,332.0
9.2332,110.0,334.0
9.2382,-4.0,334.0
9.2434,-246.0,334.0
9.2483,65.0,334.0
9.2531,309.0,336.0
9.2581,-28.0,336.0
9.2636,-230.0,334.0
9.2681,30.0,334.0
9.2731,108.0,332.0
9.2782,-104.0,332.0
9.2831,-86.0,330.0
9.2881,134.0,328.0
9.2933,176.0,328.0
9.2983,-31.0,324.0
9.3034,-263.0,326.0
9.3083,-172.0,326.0
9.3131,235.0,324.0
9.3181,414.0,330.0
9.3231,-50.0,326.0
9.3286,-604.0,336.0
9.3332,-230.0,336.0
9.3381,625.0,346.0
9.3431,445.0,352.0
9.3482,-470.0,360.0
9.3533,-472.0,366.0
9.3583,263.0,368.0
9.3631,340.0,372.0
9.3682,-134.0,372.0
9.3732,-190.0,370.0
9.3789,135.0,370.0
9.3832,160.0,370.0
9.3883,-180.0,372.0
9.3934,-247.0,374.0
9.3982,109.0,376.0
9.4031,290.0,380.0
9.4082,73.0,380.0
9.4133,-182.0,382.0
9.4183,-181.0,382.0
9.4231,26.0,382.0
9.4283,116.0,382.0
9.433,7.0,382.0
9.4381,11.0,380.0
9.4431,81.0,382.0
9.4482,-68.0,380.0
9.4535,-151.0,378.0
9.4581,46.0,376.0
9.4638,125.0,370.0
9.4681,-24.0,370.0
9.4731,-65.0,362.0
9.4781,75.0,362.0
9.4831,96.0,358.0
9.4884,-172.0,360.0
9.4933,-240.0,364.0
9.4982,173.0,362.0
9.5062,328.0,366.0
9.5081,-33.0,358.0
9.5132,-177.0,360.0
9.5181,-74.0,356.0
9.523,-139.0,356.0
9.5283,-24.0,354.0
9.5333,355.0,358.0
9.5381,259.0,360.0
9.5431,-311.0,364.0
9.5481,-387.0,368.0
9.5531,92.0,366.0
9.5581,272.0,370.0
9.5631,55.0,362.0
9.5681,-51.0,362.0
9.5732,11.0,354.0
9.5781,-22.0,354.0
9.5832,-154.0,350.0
9.5881,-95.0,348.0
9.5931,156.0,348.0
9.5981,201.0,346.0
9.6032,-12.0,346.0
9.6082,-138.0,342.0
9.6133,-100.0,342.0
9.6181,-15.0,338.0
9.623,80.0,338.0
9.6281,104.0,338.0
9.633,0.0,334.0
9.6382,-87.0,334.0
9.6434,-21.0,330.0
9.6484,36.0,326.0
9.6531,-34.0,320.0
9.6581,-12.0,316.0
9.663,77.0,310.0
9.668,-5.0,308.0
9.6738,-73.0,302.0
9.6781,58.0,302.0
9.6832,92.0,296.0
9.6881,-98.0,294.0
9.6932,-144.0,288.0
9.6982,47.0,286.0
9.7031,97.0,286.0
9.7081,71.0,286.0
9.7131,100.0,286.0
9.7182,-163.0,286.0
9.7232,-292.0,288.0
9.7281,178.0,288.0
9.7331,313.0,290.0
9.7381,-158.0,290.0
9.7435,-208.0,294.0
9.7481,148.0,294.0
9.753,115.0,296.0
9.7581,-123.0,298.0
9.7631,-71.0,298.0
9.7681,66.0,298.0
9.7731,25.0,298.0
9.7781,-31.0,298.0
9.7831,46.0,296.0
9.7883,68.0,296.0
9.7932,-101.0,294.0
9.7983,-129.0,294.0
9.8032,78.0,290.0
9.8082,107.0,290.0
9.8133,-10.0,286.0
9.8181,28.0,286.0
9.8231,1.0,284.0
9.8281,-167.0,284.0
9.8331,-88.0,284.0
9.8382,168.0,286.0
9.8432,189.0,284.0
9.8484,-12.0,282.0
9.8534,-223.0,282.0
9.8581,-192.0,280.0
9.8631,166.0,282.0
9.8681,324.0,284.0
9.8734,-46.0,284.0
9.8782,-346.0,290.0
9.8832,-72.0,286.0
9.8884,280.0,290.0
9.8931,131.0,286.0
9.8984,-149.0,288.0
9.9033,-103.0,286.0
9.9081,-3.0,286.0
9.9132,-11.0,284.0
9.9181,85.0,284.0
9.9232,128.0,286.0
9.9283,-54.0,284.0
9.9333,-124.0,284.0
9.9381,11.0,282.0
9.9431,35.0,280.0
9.9481,-66.0,278.0
9.9531,-36.0,274.0
9.9581,156.0,270.0
9.9633,183.0,272.0
9.9682,-127.0,266.0
9.9731,-321.0,266.0
9.9781,-38.0,258.0
9.9832,285.0,254.0
9.9882,183.0,250.0
9.9932,-94.0,244.0
9.9981,-132.0,242.0
10.0031,-45.0,238.0
10.0081,-81.0,238.0
10.0132,-35.0,234.0
10.0183,195.0,236.0
10.0233,231.0,236.0
10.0283,-44.0,234.0
10.0331,-271.0,234.0
10.0381,-197.0,236.0
10.0432,86.0,234.0
10.0482,269.0,236.0
10.0533,115.0,236.0
10.0581,-161.0,234.0
10.0631,-159.0,236.0
10.068,51.0,236.0
10.0731,84.0,238.0
10.0781,-37.0,238.0
10.0831,15.0,236.0
10.0881,89.0,236.0
10.0935,-114.0,236.0
10.0983,-157.0,238.0
10.1033,208.0,240.0
10.1082,212.0,242.0
10.1131,-242.0,244.0
10.1181,-238.0,248.0
10.1231,139.0,248.0
10.1283,230.0,250.0
10.1331,98.0,246.0
10.1381,-166.0,246.0
10.1431,-341.0,246.0
10.1481,16.0,246.0
10.1531,409.0,250.0
10.1585,140.0,252.0
10.1631,-283.0,254.0
10.1683,-167.0,256.0
10.1731,164.0,252.0
10.1781,120.0,250.0
10.1831,-174.0,248.0
10.189,-162.0,244.0
10.1931,188.0,246.0
10.1984,260.0,246.0
10.2031,-114.0,248.0
10.2086,-249.0,250.0
10.2133,49.0,250.0
10.2182,97.0,252.0
10.2232,-87.0,252.0
10.228,69.0,250.0
10.2331,200.0,252.0
10.2383,-123.0,250.0
10.2431,-266.0,254.0
10.2481,62.0,252.0
10.2531,182.0,254.0
10.2583,-21.0,254.0
10.263,20.0,254.0
10.268,114.0,254.0
10.2731,-172.0,256.0
10.2781,-261.0,258.0
10.283,146.0,260.0
10.2881,288.0,264.0
10.2931,-28.0,264.0
10.2983,-163.0,268.0
10.3031,-15.0,266.0
10.3081,34.0,266.0
10.3131,-36.0,266.0
10.3183,-14.0,266.0
10.3231,84.0,266.0
10.328,69.0,264.0
10.3334,-75.0,264.0
10.3383,-106.0,264.0
10.3431,48.0,264.0
10.3481,91.0,264.0
10.3531,-51.0,264.0
10.3584,-50.0,262.0
10.3631,92.0,258.0
10.3681,48.0,256.0
10.3732,-131.0,254.0
10.3782,-123.0,252.0
10.3831,77.0,250.0
10.3881,185.0,252.0
10.3931,87.0,252.0
10.3981,-106.0,250.0
10.4031,-210.0,252.0
10.4081,-64.0,252.0
10.4136,165.0,256.0
10.4184,112.0,256.0
10.4231,-67.0,256.0
10.4283,56.0,256.0
10.4331,120.0,256.0
10.4382,-258.0,258.0
10.4434,-316.0,262.0
10.4483,257.0,264.0
10.4532,431.0,272.0
10.4581,-62.0,272.0
10.4631,-289.0,276.0
10.468,-79.0,276.0
10.4731,-28.0,274.0
10.4781,-11.0,272.0
10.4834,251.0,272.0
10.4882,213.0,276.0
10.4932,-227.0,276.0
10.4982,-283.0,278.0
10.5033,60.0,276.0
10.5082,175.0,274.0
10.5131,92.0,274.0
10.5183,-13.0,268.0
10.5231,-170.0,270.0
10.5283,-90.0,268.0
10.5331,152.0,268.0
10.5381,76.0,266.0
10.5431,-60.0,266.0
10.5483,43.0,266.0
10.5534,-32.0,266.0
10.5588,-159.0,268.0
10.5636,79.0,268.0
10.5683,181.0,270.0
10.5736,-96.0,268.0
10.5785,-142.0,270.0
10.5838,100.0,272.0
10.5882,103.0,272.0
10.593,-98.0,274.0
10.5983,-64.0,272.0
10.6031,107.0,270.0
10.6084,17.0,270.0
10.6133,-151.0,266.0
10.6186,6.0,266.0
10.6237,201.0,264.0
10.6283,31.0,262.0
10.6332,-155.0,264.0
10.6385,-91.0,262.0
10.6431,-14.0,262.0
10.6488,77.0,262.0
10.6539,159.0,264.0
10.6583,-3.0,260.0
10.6633,-158.0,260.0
10.6684,-9.0,260.0
10.674,100.0,256.0
10.6787,-40.0,254.0
10.6833,-87.0,254.0
10.6882,56.0,250.0
10.6932,68.0,250.0
10.6987,-57.0,248.0
10.7031,5.0,246.0
10.7094,127.0,248.0
10.7138,-51.0,246.0
10.7183,-215.0,250.0
10.7235,15.0,250.0
10.7288,198.0,252.0
10.7333,4.0,250.0
10.7383,-93.0,248.0
10.7431,48.0,246.0
10.7482,7.0,242.0
10.7537,-62.0,240.0
10.7586,50.0,238.0
10.7639,-35.0,236.0
10.7687,-113.0,234.0
10.7736,163.0,234.0
10.7784,137.0,234.0
10.7832,-265.0,232.0
10.7887,-72.0,234.0
10.793,369.0,234.0
10.7982,-32.0,232.0
10.8031,-464.0,234.0
10.8081,66.0,232.0
10.8152,447.0,238.0
10.8181,-12.0,236.0
10.8239,-246.0,236.0
10.8286,-3.0,234.0
10.8333,-13.0,232.0
10.8383,-102.0,228.0
10.8431,84.0,228.0
10.8483,222.0,228.0
10.8531,123.0,230.0
10.8581,-167.0,230.0
10.8637,-400.0,236.0
10.8684,-73.0,236.0
10.874,430.0,238.0
10.878,250.0,240.0
10.8833,-166.0,240.0
10.8885,-146.0,240.0
10.8931,-143.0,240.0
10.8989,-111.0,242.0
10.9031,295.0,246.0
10.9081,228.0,248.0
10.9137,-321.0,250.0
10.9183,-148.0,248.0
10.9235,327.0,250.0
10.9287,70.0,248.0
10.9337,-297.0,252.0
10.9381,-99.0,250.0
10.9431,156.0,252.0
10.9483,107.0,254.0
10.9533,21.0,254.0
10.9586,20.0,254.0
10.9636,-63.0,254.0
10.9685,-164.0,256.0
10.9735,-34.0,254.0
10.9783,192.0,256.0
10.9835,112.0,256.0
10.9885,-174.0,258.0
10.993,-116.0,260.0
10.9983,181.0,262.0
11.0031,118.0,262.0
11.0081,-111.0,262.0
11.0137,-99.0,262.0
11.0182,-61.0,262.0
11.0236,-21.0,260.0
11.0287,152.0,260.0
11.0333,154.0,260.0
11.0382,-65.0,260.0
11.0439,-124.0,258.0
11.0486,-23.0,258.0
11.0535,-39.0,256.0
11.0581,-63.0,256.0
11.0633,126.0,256.0
11.0684,280.0,260.0
11.0739,-26.0,258.0
11.0781,-471.0,262.0
11.0833,-181.0,260.0
11.0883,539.0,264.0
11.0932,351.0,262.0
11.0986,-483.0,270.0
11.1052,-373.0,270.0
11.108,349.0,274.0
11.1131,205.0,278.0
11.1193,-194.0,280.0
11.1239,58.0,278.0
11.1282,39.0,274.0
11.1331,-205.0,274.0
11.1381,139.0,272.0
11.1433,126.0,274.0
11.1483,-313.0,276.0
11.1534,47.0,274.0
11.1582,375.0,280.0
11.1631,-151.0,280.0
11.1689,-265.0,282.0
11.1734,163.0,282.0
11.1783,58.0,282.0
11.1834,-151.0,284.0
11.1894,108.0,284.0
11.193,142.0,286.0
11.1981,-144.0,286.0
11.2037,-119.0,288.0
11.2083,65.0,286.0
11.2132,89.0,286.0
11.2192,55.0,284.0
11.2233,-87.0,284.0
11.2286,-149.0,284.0
11.2333,146.0,286.0
11.2383,180.0,286.0
11.2437,-249.0,290.0
11.2487,-171.0,292.0
11.2531,309.0,294.0
11.2583,179.0,296.0
11.2633,-225.0,298.0
11.2685,-206.0,300.0
11.274,-3.0,298.0
11.2781,175.0,298.0
11.284,234.0,302.0
11.2883,-53.0,302.0
11.2932,-314.0,304.0
11.2985,-69.0,306.0
11.3032,258.0,306.0
11.3095,104.0,308.0
11.3131,-180.0,310.0
11.3183,-41.0,310.0
11.3233,136.0,310.0
11.3282,-83.0,310.0
11.3331,-143.0,312.0
11.338,171.0,314.0
11.3433,172.0,316.0
11.3484,-100.0,316.0
11.3534,-118.0,316.0
11.3585,-102.0,316.0
11.3631,-59.0,316.0
11.3681,241.0,316.0
11.3731,233.0,320.0
11.3783,-197.0,322.0
11.3839,-247.0,324.0
11.3881,60.0,326.0
11.3936,99.0,326.0
11.3982,26.0,326.0
11.4035,90.0,326.0
11.4085,-21.0,326.0
11.414,-208.0,326.0
11.4196,-42.0,324.0
11.4233,214.0,324.0
11.4284,110.0,324.0
11.4333,-139.0,320.0
11.4381,-104.0,322.0
11.444,68.0,316.0
11.4487,-15.0,314.0
11.4537,-55.0,308.0
11.4584,187.0,312.0
11.4633,90.0,310.0
11.4682,-297.0,314.0
11.4736,-159.0,316.0
11.478,256.0,318.0
11.4842,223.0,320.0
11.4884,-70.0,318.0
11.4935,-182.0,320.0
11.4988,-109.0,318.0
11.5074,10.0,312.0
11.508,96.0,312.0
11.5154,139.0,308.0
11.5183,110.0,306.0
11.5234,-101.0,304.0
11.5287,-291.0,306.0
11.5337,-78.0,306.0
11.538,247.0,308.0
11.5434,184.0,306.0
11.549,-20.0,304.0
11.5535,-76.0,300.0
11.5581,-149.0,300.0
11.5631,-126.0,296.0
11.5681,90.0,296.0
11.5732,188.0,294.0
11.5781,107.0,294.0
11.5831,-51.0,294.0
11.5881,-225.0,294.0
11.5932,-116.0,296.0
11.5981,172.0,298.0
11.603,129.0,300.0
11.6081,-43.0,298.0
11.6131,30.0,298.0
11.6181,-31.0,296.0
11.6232,-226.0,298.0
11.628,17.0,294.0
11.6333,320.0,298.0
11.6381,5.0,296.0
11.643,-306.0,298.0
11.6481,38.0,296.0
11.6533,297.0,300.0
11.6581,-100.0,300.0
11.6632,-341.0,306.0
11.668,77.0,304.0
11.6732,349.0,308.0
11.6781,1.0,306.0
11.6832,-270.0,308.0
11.688,-31.0,308.0
11.6933,188.0,312.0
11.6981,-1.0,310.0
11.7032,-179.0,312.0
11.7082,13.0,306.0
11.7131,198.0,310.0
11.7181,38.0,302.0
11.7231,-145.0,302.0
11.7282,-87.0,296.0
11.7331,5.0,290.0
11.7381,30.0,282.0
11.7431,102.0,278.0
11.7481,113.0,274.0
11.753,-66.0,272.0
11.7581,-199.0,272.0
11.7631,-45.0,272.0
11.7682,133.0,274.0
11.7733,64.0,272.0
11.7781,0.0,270.0
11.7832,64.0,268.0
11.7882,-44.0,264.0
11.7931,-206.0,266.0
11.7982,-38.0,262.0
11.8031,206.0,262.0
11.8089,141.0,260.0
11.8137,-90.0,260.0
11.8193,-136.0,260.0
11.8231,18.0,258.0
11.828,1.0,256.0
11.8331,-89.0,256.0
11.8384,137.0,256.0
11.8433,221.0,258.0
11.8483,-138.0,258.0
11.8533,-213.0,260.0
11.8583,62.0,260.0
11.863,28.0,260.0
11.8681,-82.0,258.0
11.8733,117.0,258.0
11.8782,166.0,258.0
11.8831,-87.0,256.0
11.8882,-133.0,256.0
11.8932,16.0,250.0
11.8983,-27.0,248.0
11.9032,-56.0,246.0
11.9082,142.0,244.0
11.9132,165.0,246.0
11.9182,-108.0,246.0
11.9241,-200.0,246.0
11.928,21.0,244.0
11.9331,109.0,242.0
11.9382,-41.0,242.0
11.943,0.0,238.0
11.948,165.0,238.0
11.9531,-17.0,236.0
11.9581,-252.0,238.0
11.9631,-35.0,238.0
11.9681,230.0,240.0
11.9731,102.0,240.0
11.9781,-136.0,238.0
11.9834,-163.0,238.0
11.9882,8.0,236.0
11.9932,179.0,238.0
11.9981,114.0,238.0
12.0031,-128.0,240.0
12.0081,-185.0,238.0
12.0133,52.0,236.0
12.0182,199.0,236.0
12.0239,28.0,232.0
12.0281,-149.0,234.0
12.0331,-106.0,234.0
12.0385,-10.0,234.0
12.0432,99.0,234.0
12.0481,221.0,236.0
12.0532,48.0,234.0
12.0582,-301.0,238.0
12.0631,-203.0,238.0
12.0682,183.0,240.0
12.0732,174.0,240.0
12.0781,-24.0,238.0
12.0831,26.0,238.0
12.0883,12.0,238.0
12.0931,-187.0,240.0
12.0982,-143.0,240.0
12.1032,143.0,240.0
12.1082,233.0,238.0
12.1131,24.0,236.0
12.1184,-142.0,234.0
12.123,-96.0,232.0
12.1284,-63.0,232.0
12.1331,-45.0,230.0
12.1382,176.0,232.0
12.1444,288.0,236.0
12.1484,-64.0,236.0
12.1542,-407.0,240.0
12.1595,-169.0,240.0
12.1631,341.0,244.0
12.1682,320.0,244.0
12.1731,-239.0,248.0
12.1781,-317.0,248.0
12.1833,217.0,250.0
12.1882,234.0,252.0
12.1932,-237.0,254.0
12.1982,-134.0,254.0
12.2032,214.0,256.0
12.2081,24.0,256.0
12.2138,-126.0,254.0
12.2184,70.0,254.0
12.2233,4.0,252.0
12.2282,-74.0,250.0
12.233,124.0,250.0
12.2385,-22.0,248.0
12.2432,-221.0,250.0
12.2482,125.0,250.0
12.2532,216.0,254.0
12.2581,-173.0,256.0
12.2631,-126.0,254.0
12.2682,179.0,256.0
12.2731,51.0,252.0
12.2782,-130.0,254.0
12.2832,-12.0,250.0
12.2881,38.0,250.0
12.2931,-37.0,246.0
12.2983,19.0,244.0
12.3031,88.0,240.0
12.3082,-5.0,240.0
12.3132,-87.0,236.0
12.3182,-3.0,236.0
12.3231,31.0,232.0
12.3281,-87.0,232.0
12.333,4.0,230.0
12.3381,257.0,234.0
12.343,44.0,232.0
12.3481,-361.0,238.0
12.3532,-110.0,236.0
12.3583,300.0,240.0
12.3633,59.0,238.0
12.3683,-153.0,240.0
12.3731,115.0,242.0
12.3783,69.0,242.0
12.383,-246.0,244.0
12.3881,-92.0,244.0
12.3932,194.0,246.0
12.3981,124.0,244.0
12.4032,-10.0,244.0
12.4082,-63.0,244.0
12.4134,-139.0,244.0
12.4183,-68.0,246.0
12.4231,177.0,248.0
12.4281,169.0,250.0
12.4335,-147.0,248.0
12.4381,-198.0,250.0
12.4432,98.0,248.0
12.4483,217.0,250.0
12.4533,-14.0,248.0
12.4582,-282.0,252.0
12.4631,-141.0,254.0
12.4681,357.0,258.0
12.4732,340.0,262.0
12.4782,-355.0,266.0
12.4833,-453.0,270.0
12.4881,252.0,272.0
12.4932,354.0,274.0
12.4984,-130.0,274.0
12.5032,-97.0,276.0
12.5082,80.0,276.0
12.5133,-110.0,276.0
12.5181,-84.0,274.0
12.5233,121.0,274.0
12.5284,55.0,274.0
12.5331,23.0,274.0
12.5389,55.0,274.0
12.5431,-151.0,276.0
12.5481,-188.0,276.0
12.5533,147.0,276.0
12.5584,208.0,278.0
12.5631,-91.0,276.0
12.5682,-60.0,276.0
12.5732,129.0,276.0
12.5781,-154.0,278.0
12.5833,-239.0,282.0
12.5883,285.0,284.0
12.5931,273.0,288.0
12.5982,-293.0,288.0
12.6031,-190.0,292.0
12.6081,253.0,292.0
12.6133,98.0,292.0
12.6181,-242.0,294.0
12.6231,-111.0,292.0
12.6281,255.0,296.0
12.6331,221.0,298.0
12.6386,-216.0,298.0
12.6433,-281.0,300.0
12.6481,84.0,300.0
12.6531,168.0,302.0
12.6583,69.0,300.0
12.663,65.0,300.0
12.6681,-138.0,300.0
12.6731,-268.0,302.0
12.6781,72.0,304.0
12.6831,336.0,306.0
12.6883,107.0,306.0
12.6931,-228.0,308.0
12.6981,-264.0,308.0
12.7031,-6.0,304.0
12.7083,216.0,304.0
12.7132,176.0,304.0
12.7182,25.0,304.0
12.7231,-109.0,306.0
12.7284,-207.0,310.0
12.7333,-101.0,308.0
12.7381,178.0,308.0
12.7433,185.0,308.0
12.7481,-89.0,306.0
12.753,-31.0,306.0
12.7582,125.0,306.0
12.7633,-206.0,308.0
12.7683,-236.0,310.0
12.7733,314.0,316.0
12.7781,278.0,316.0
12.7831,-205.0,316.0
12.7882,-203.0,318.0
12.7931,-31.0,312.0
12.7981,41.0,310.0
12.8031,183.0,308.0
12.8081,107.0,304.0
12.8135,-128.0,302.0
12.8182,-107.0,298.0
12.8232,-20.0,296.0
12.8281,-63.0,294.0
12.8332,92.0,290.0
12.8383,300.0,294.0
12.843,-2.0,290.0
12.8484,-435.0,296.0
12.8531,-182.0,298.0
12.8581,362.0,302.0
12.8631,238.0,306.0
12.8681,-221.0,308.0
12.8731,-37.0,306.0
12.8782,248.0,310.0
12.8833,-214.0,310.0
12.8881,-426.0,314.0
12.8932,198.0,314.0
12.8981,497.0,320.0
12.9033,117.0,320.0
12.9082,-263.0,320.0
12.9131,-389.0,326.0
12.9181,-139.0,326.0
12.9233,307.0,330.0
12.9285,335.0,336.0
12.9333,-12.0,336.0
12.9381,-200.0,338.0
12.9431,-145.0,338.0
12.9481,57.0,340.0
12.953,127.0,340.0
12.9583,-158.0,342.0
12.9632,-151.0,344.0
12.9681,298.0,348.0
12.9731,248.0,352.0
12.9781,-191.0,350.0
12.9832,-185.0,352.0
12.9882,-63.0,348.0
12.9931,-124.0,348.0
12.9981,156.0,346.0
13.0031,420.0,352.0
13.0081,-40.0,350.0
13.0134,-430.0,354.0
13.0182,-41.0,354.0
13.0232,223.0,354.0
13.0286,-54.0,354.0
13.0333,-29.0,350.0
13.0382,216.0,352.0
13.0431,-92.0,354.0
13.0481,-272.0,356.0
13.0531,226.0,358.0
13.0584,210.0,360.0
13.063,-380.0,364.0
13.0682,-163.0,364.0
13.0731,430.0,368.0
13.0781,171.0,368.0
13.0832,-287.0,370.0
13.0881,-117.0,368.0
13.0931,52.0,370.0
13.0981,-75.0,366.0
13.103,38.0,364.0
13.1081,339.0,364.0
13.1131,166.0,362.0
13.1181,-501.0,364.0
13.1233,-516.0,364.0
13.1284,439.0,368.0
13.1331,675.0,372.0
13.1381,-256.0,374.0
13.1431,-520.0,382.0
13.1481,144.0,382.0
13.1531,214.0,384.0
13.1594,-153.0,386.0
13.1631,49.0,384.0
13.168,209.0,386.0
13.1732,-182.0,388.0
13.1804,-245.0,392.0
13.1832,177.0,392.0
13.1882,235.0,394.0
13.1932,-84.0,392.0
13.1982,-179.0,392.0
13.2031,-33.0,390.0
13.2082,71.0,390.0
13.2134,118.0,390.0
13.2181,62.0,390.0
13.2231,-137.0,388.0
13.2281,-130.0,386.0
13.2331,159.0,384.0
13.2383,114.0,380.0
13.2433,-273.0,382.0
13.2481,-125.0,380.0
13.2531,404.0,384.0
13.2583,191.0,384.0
13.2631,-398.0,388.0
13.2681,-176.0,388.0
13.2731,280.0,388.0
13.2781,41.0,386.0
13.2831,-231.0,384.0
13.2881,45.0,384.0
13.2932,313.0,386.0
13.2982,48.0,386.0
13.3032,-402.0,392.0
13.3082,-228.0,392.0
13.3132,407.0,394.0
13.3182,340.0,398.0
13.3232,-363.0,400.0
13.3281,-347.0,404.0
13.3332,313.0,404.0
13.3381,278.0,404.0
13.3431,-252.0,408.0
13.3481,-142.0,408.0
13.3531,195.0,408.0
13.3581,-19.0,408.0
13.3632,-140.0,408.0
13.3681,127.0,406.0
13.3731,37.0,406.0
13.3782,-174.0,406.0
13.3832,113.0,404.0
13.3881,220.0,406.0
13.3932,-220.0,410.0
13.3981,-256.0,412.0
13.4031,213.0,412.0
13.4081,200.0,412.0
13.4134,-154.0,408.0
13.4181,-27.0,404.0
13.4232,171.0,404.0
13.4282,-147.0,404.0
13.4333,-278.0,408.0
13.4382,206.0,410.0
13.4433,350.0,412.0
13.4481,-190.0,414.0
13.4532,-301.0,416.0
13.4582,196.0,418.0
13.4633,169.0,420.0
13.4682,-234.0,422.0
13.4731,-53.0,422.0
13.4783,240.0,422.0
13.4831,14.0,422.0
13.4882,-140.0,416.0
13.4932,-28.0,414.0
13.4981,-36.0,410.0
13.5031,27.0,406.0
13.5083,158.0,406.0
13.5131,23.0,404.0
13.5182,-146.0,404.0
13.5232,-106.0,402.0
13.5281,33.0,396.0
13.5331,184.0,396.0
13.5382,131.0,390.0
13.5432,-207.0,390.0
13.5482,-298.0,392.0
13.5531,130.0,388.0
13.5581,369.0,390.0
13.5632,4.0,386.0
13.5682,-284.0,386.0
13.5731,-68.0,386.0
13.5781,135.0,386.0
13.5831,-4.0,384.0
13.5881,-62.0,384.0
13.5932,127.0,384.0
13.5981,83.0,382.0
13.6032,-164.0,382.0
13.6082,-94.0,380.0
13.6139,81.0,376.0
13.6181,16.0,374.0
13.6232,24.0,372.0
13.6281,111.0,372.0
13.6331,-51.0,370.0
13.6384,-177.0,372.0
13.6431,2.0,364.0
13.6482,110.0,366.0
13.6533,59.0,360.0
13.6581,56.0,360.0
13.6634,-77.0,358.0
13.6683,-214.0,360.0
13.6732,24.0,360.0
13.6781,247.0,360.0
13.6831,72.0,360.0
13.6882,-123.0,358.0
13.6932,-133.0,356.0
13.6982,-65.0,354.0
13.7031,93.0,350.0
13.7082,166.0,350.0
13.7131,8.0,344.0
13.7182,-103.0,342.0
13.7232,-65.0,338.0
13.7283,-61.0,338.0
13.7333,37.0,338.0
13.7381,211.0,340.0
13.7431,29.0,340.0
13.7481,-289.0,338.0
13.7533,-94.0,338.0
13.7583,295.0,334.0
13.7632,146.0,328.0
13.7681,-228.0,326.0
13.7731,-158.0,318.0
13.7781,102.0,316.0
13.7831,83.0,308.0
13.7889,-5.0,306.0
13.7931,65.0,304.0
13.7981,12.0,302.0
13.8031,-200.0,304.0
13.808,-80.0,302.0
13.8134,262.0,304.0
13.8182,116.0,302.0
13.8231,-268.0,302.0
13.8281,-112.0,300.0
13.8331,230.0,302.0
13.8381,124.0,302.0
13.8433,-82.0,302.0
13.8482,-116.0,304.0
13.8532,-168.0,304.0
13.8583,-30.0,304.0
13.8631,298.0,306.0
13.8682,250.0,308.0
13.8742,-151.0,308.0
13.8781,-303.0,310.0
13.8832,-71.0,308.0
13.8881,136.0,308.0
13.8931,79.0,302.0
13.8982,20.0,300.0
13.9033,109.0,296.0
13.9081,5.0,294.0
13.9131,-234.0,292.0
13.9181,-113.0,294.0
13.9232,161.0,292.0
13.9283,125.0,294.0
13.9332,-9.0,288.0
13.9382,-39.0,288.0
13.9431,-66.0,284.0
13.9481,-40.0,280.0
13.9532,37.0,274.0
13.9582,96.0,270.0
13.9633,52.0,266.0
13.9681,-161.0,264.0
13.974,-124.0,260.0
13.9782,216.0,260.0
13.9832,90.0,256.0
13.9882,-245.0,258.0
13.9931,51.0,256.0
13.9981,275.0,260.0
14.0031,-198.0,260.0
14.0081,-325.0,264.0
14.0133,234.0,268.0
14.0181,314.0,270.0
14.0232,-148.0,270.0
14.0281,-113.0,268.0
14.0331,106.0,266.0
14.0381,-239.0,266.0
14.0431,-281.0,268.0
14.0483,529.0,272.0
14.0531,616.0,280.0
14.0585,-588.0,288.0
14.0631,-847.0,298.0
14.0681,433.0,304.0
14.0731,771.0,312.0
14.0781,-223.0,312.0
14.0832,-461.0,314.0
14.0881,122.0,312.0
14.0932,196.0,310.0
14.0981,-123.0,310.0
14.1033,-130.0,308.0
14.1081,91.0,306.0
14.1131,150.0,308.0
14.1181,-15.0,304.0
14.1231,-89.0,306.0
14.1283,21.0,304.0
14.1332,-53.0,304.0
14.1381,-132.0,306.0
14.1431,170.0,308.0
14.1481,225.0,308.0
14.1532,-213.0,312.0
14.1582,-242.0,314.0
14.1631,188.0,314.0
14.1683,223.0,318.0
14.1733,-114.0,316.0
14.1792,-181.0,318.0
14.1833,18.0,314.0
14.1881,111.0,312.0
14.1931,74.0,310.0
14.1981,-27.0,306.0
14.2031,-134.0,308.0
14.2086,-28.0,304.0
14.2132,124.0,304.0
14.2181,13.0,302.0
14.2231,-67.0,304.0
14.2282,36.0,302.0
14.233,33.0,302.0
14.2381,-63.0,300.0
14.2432,-53.0,300.0
14.2481,105.0,300.0
14.2532,142.0,300.0
14.2581,-174.0,302.0
14.2635,-272.0,306.0
14.2683,165.0,308.0
14.2732,334.0,312.0
14.2784,-63.0,310.0
14.283,-266.0,314.0
14.288,3.0,312.0
14.2931,156.0,314.0
14.2982,-39.0,314.0
14.3033,-101.0,314.0
14.3081,80.0,312.0
14.313,100.0,314.0
14.318,-42.0,310.0
14.3231,-87.0,310.0
14.3284,-35.0,310.0
14.3332,13.0,308.0
14.3381,38.0,306.0
14.343,67.0,306.0
14.348,58.0,304.0
14.3533,-96.0,306.0
14.3583,-194.0,308.0
14.3632,136.0,308.0
14.3682,361.0,314.0
14.3731,-211.0,316.0
14.3792,-529.0,320.0
14.3832,218.0,324.0
14.3882,542.0,328.0
14.3931,-137.0,328.0
14.3981,-316.0,328.0
14.4032,92.0,328.0
14.408,-4.0,324.0
14.4134,-138.0,324.0
14.4183,222.0,326.0
14.4233,184.0,328.0
14.4282,-253.0,332.0
14.4331,-126.0,332.0
14.4381,149.0,334.0
14.4433,-52.0,332.0
14.4484,-57.0,332.0
14.4532,268.0,332.0
14.4583,78.0,332.0
14.4631,-388.0,334.0
14.4681,-151.0,334.0
14.4732,341.0,336.0
14.4781,151.0,336.0
14.4835,-181.0,338.0
14.4883,-51.0,336.0
14.4931,34.0,334.0
14.4982,-83.0,336.0
14.5032,-14.0,330.0
14.5082,147.0,330.0
14.5131,114.0,328.0
14.5182,-69.0,326.0
14.523,-204.0,328.0
14.5281,-85.0,326.0
14.533,194.0,328.0
14.5381,168.0,330.0
14.5431,-122.0,330.0
14.5481,-108.0,332.0
14.5531,49.0,330.0
14.558,-48.0,328.0
14.5631,20.0,326.0
14.5681,232.0,328.0
14.5735,-68.0,328.0
14.5781,-365.0,334.0
14.5842,44.0,334.0
14.5891,378.0,338.0
14.5931,20.0,338.0
14.5981,-277.0,342.0
14.603,-9.0,340.0
14.6081,189.0,342.0
14.6132,-97.0,340.0
14.6181,-204.0,340.0
14.6231,186.0,342.0
14.6281,237.0,342.0
14.6332,-210.0,344.0
14.6382,-168.0,342.0
14.6431,209.0,342.0
14.6481,28.0,338.0
14.6531,-190.0,338.0
14.6581,69.0,334.0
14.6631,152.0,334.0
14.6686,-41.0,332.0
14.6731,-110.0,332.0
14.6782,-94.0,330.0
14.6831,45.0,326.0
14.6882,207.0,322.0
14.6931,47.0,312.0
14.6982,-198.0,306.0
14.7031,-100.0,296.0
14.7081,116.0,290.0
14.7131,72.0,280.0
14.7181,-71.0,276.0
14.7232,-21.0,270.0
14.7283,59.0,268.0
14.7331,-5.0,266.0
14.7382,-19.0,264.0
14.7432,29.0,262.0
14.7482,-30.0,262.0
14.7531,-28.0,260.0
14.7581,57.0,260.0
14.7631,-30.0,260.0
14.7681,-84.0,260.0
14.7731,90.0,262.0
14.7782,120.0,260.0
14.7833,-76.0,260.0
14.7883,-121.0,258.0
14.7932,-16.0,254.0
14.7982,35.0,252.0
14.8031,139.0,250.0
14.8081,122.0,250.0
14.8133,-238.0,252.0
14.8183,-257.0,252.0
14.8232,285.0,256.0
14.8281,291.0,260.0
14.8332,-283.0,262.0
14.8383,-239.0,266.0
14.8434,238.0,268.0
14.8481,164.0,270.0
14.8532,-154.0,270.0
14.8581,-122.0,272.0
14.8631,45.0,272.0
14.8681,109.0,272.0
14.8732,30.0,272.0
14.8782,-114.0,274.0
14.8831,-4.0,272.0
14.8881,181.0,274.0
14.8931,-62.0,272.0
14.8983,-314.0,274.0
14.9033,10.0,270.0
14.9082,385.0,274.0
14.9132,173.0,272.0
14.9181,-300.0,276.0
14.9233,-319.0,276.0
14.9282,171.0,278.0
14.9332,307.0,282.0
14.9381,-168.0,284.0
14.9431,-206.0,284.0
14.948,266.0,288.0
14.9532,131.0,288.0
14.9582,-311.0,292.0
14.9632,-102.0,292.0
14.9682,258.0,296.0
14.9743,127.0,298.0
14.9781,-156.0,300.0
14.9833,-233.0,302.0
14.9883,42.0,302.0
14.9931,389.0,306.0
14.998,65.0,304.0
15.0038,-506.0,310.0
15.0082,-162.0,308.0
15.0135,494.0,312.0
15.0181,209.0,306.0
15.0231,-344.0,308.0
15.0283,-129.0,302.0
15.0331,171.0,302.0
15.0389,-60.0,298.0
15.0433,-112.0,300.0
15.0481,196.0,302.0
15.0531,161.0,302.0
15.0581,-147.0,302.0
15.063,-203.0,302.0
15.0682,-49.0,298.0
15.0732,170.0,300.0
15.0781,256.0,300.0
15.0831,-79.0,302.0
15.0882,-332.0,306.0
15.093,2.0,302.0
15.0982,255.0,304.0
15.1041,0.0,298.0
15.109,-172.0,298.0
15.1137,28.0,294.0
15.118,203.0,294.0
15.123,20.0,292.0
15.1283,-270.0,296.0
15.133,-127.0,296.0
15.1381,240.0,300.0
15.1431,144.0,302.0
15.1481,-115.0,300.0
15.153,20.0,300.0
15.1584,30.0,298.0
15.1633,-287.0,300.0
15.1681,-117.0,300.0
15.1731,510.0,306.0
15.1781,372.0,308.0
15.1832,-564.0,316.0
15.1882,-634.0,324.0
15.1933,397.0,328.0
15.199,693.0,340.0
15.2031,-141.0,340.0
15.2082,-472.0,344.0
15.2143,60.0,344.0
15.2182,144.0,342.0
15.2231,-260.0,344.0
15.2282,-22.0,338.0
15.2332,478.0,346.0
15.2381,185.0,344.0
15.2433,-314.0,350.0
15.2484,-283.0,350.0
15.2532,-196.0,352.0
15.2581,14.0,350.0
15.2631,554.0,356.0
15.2682,401.0,358.0
15.2732,-468.0,362.0
15.2781,-558.0,368.0
15.2831,173.0,368.0
15.2881,437.0,374.0
15.2932,23.0,372.0
15.2981,-293.0,374.0
15.3036,-104.0,374.0
15.3081,231.0,376.0
15.3131,175.0,378.0
15.3183,-168.0,380.0
15.323,-267.0,382.0
15.328,24.0,380.0
15.3332,321.0,384.0
15.3381,179.0,384.0
15.343,-267.0,386.0
15.348,-290.0,388.0
15.3531,145.0,390.0
15.358,195.0,392.0
15.3631,-83.0,392.0
15.368,-4.0,392.0
15.373,103.0,394.0
15.3781,-88.0,394.0
15.3833,-106.0,396.0
15.3882,39.0,396.0
15.3931,21.0,396.0
15.3981,43.0,396.0
15.4035,150.0,398.0
15.4085,-27.0,396.0
15.4133,-323.0,400.0
15.4181,-84.0,400.0
15.4232,376.0,404.0
15.4281,135.0,404.0
15.4334,-295.0,410.0
15.438,-2.0,408.0
15.4434,180.0,410.0
15.4481,-240.0,412.0
15.4532,-92.0,408.0
15.458,434.0,412.0
15.4631,15.0,408.0
15.468,-504.0,410.0
15.4732,43.0,406.0
15.478,480.0,410.0
15.4832,-59.0,408.0
15.488,-372.0,412.0
15.4931,67.0,410.0
15.4981,146.0,410.0
15.5031,-145.0,412.0
15.5092,132.0,412.0
15.5131,310.0,416.0
15.5183,-269.0,418.0
15.5232,-443.0,426.0
15.5282,152.0,426.0
15.5331,369.0,430.0
15.5382,66.0,426.0
15.5431,-92.0,428.0
15.5481,-155.0,424.0
15.5533,-186.0,424.0
15.5584,96.0,420.0
15.5631,315.0,420.0
15.568,-23.0,418.0
15.573,-287.0,418.0
15.578,6.0,416.0
15.5832,150.0,414.0
15.5883,-36.0,412.0
15.5931,23.0,410.0
15.598,84.0,406.0
15.6031,-129.0,406.0
15.6082,-90.0,404.0
15.6133,113.0,404.0
15.6181,0.0,402.0
15.6232,-51.0,398.0
15.6282,167.0,400.0
15.633,73.0,396.0
15.6381,-299.0,398.0
15.6431,-196.0,394.0
15.6482,281.0,396.0
15.653,278.0,392.0
15.658,-147.0,392.0
15.663,-199.0,390.0
15.668,53.0,388.0
15.673,52.0,386.0
15.6781,-63.0,386.0
15.6831,-8.0,384.0
15.688,78.0,382.0
15.693,48.0,382.0
15.698,-23.0,380.0
15.7032,-23.0,376.0
15.7081,-26.0,376.0
15.7133,-66.0,374.0
15.718,0.0,370.0
15.7231,111.0,370.0
15.7283,42.0,366.0
15.7332,-94.0,368.0
15.7381,-50.0,364.0
15.743,66.0,366.0
15.7482,38.0,364.0
15.7531,-22.0,364.0
15.7582,-8.0,360.0
15.7631,-64.0,362.0
15.768,-43.0,358.0
15.773,158.0,358.0
15.778,49.0,354.0
15.7831,-203.0,356.0
15.7882,66.0,356.0
15.7932,207.0,358.0
15.7981,-250.0,362.0
15.8031,-219.0,360.0
15.8081,336.0,364.0
15.8138,202.0,360.0
15.8181,-271.0,358.0
15.8231,-70.0,350.0
15.8282,218.0,344.0
15.8331,-115.0,338.0
15.8383,-294.0,332.0
15.8433,171.0,334.0
15.8482,354.0,332.0
15.8532,-56.0,332.0
15.8582,-237.0,332.0
15.8632,-78.0,330.0
15.8682,48.0,330.0
15.8731,127.0,324.0
15.8781,3.0,322.0
15.8831,-130.0,318.0
15.8882,105.0,316.0
15.8931,126.0,316.0
15.898,-250.0,318.0
15.9033,-104.0,312.0
15.9082,325.0,310.0
15.9131,70.0,304.0
15.9181,-285.0,300.0
15.923,-49.0,298.0
15.9281,120.0,294.0
15.9332,15.0,294.0
15.9381,128.0,290.0
15.943,80.0,290.0
15.9481,-332.0,292.0
15.953,-188.0,292.0
15.9582,379.0,296.0
15.9632,210.0,294.0
15.9683,-302.0,298.0
15.9731,-159.0,296.0
15.9782,170.0,296.0
15.983,116.0,294.0
15.9882,15.0,290.0
15.9932,-75.0,288.0
15.9981,-206.0,288.0
16.003,-32.0,288.0
16.0081,243.0,292.0
16.0138,138.0,292.0
16.0181,-91.0,292.0
16.0231,-77.0,292.0
16.0283,-43.0,292.0
16.0331,-152.0,294.0
16.0383,-31.0,294.0
16.043,334.0,296.0
16.0482,241.0,300.0
16.0533,-302.0,300.0
16.0581,-347.0,304.0
16.0631,140.0,300.0
16.0683,260.0,302.0
16.0737,-37.0,298.0
16.0781,-116.0,300.0
16.0837,25.0,298.0
16.0882,69.0,294.0
16.0933,4.0,292.0
16.0989,-120.0,288.0
16.1033,-91.0,290.0
16.1084,173.0,284.0
16.1134,145.0,286.0
16.1183,-166.0,280.0
16.1245,-82.0,282.0
16.1297,141.0,278.0
16.1335,-65.0,278.0
16.138,-158.0,278.0
16.1432,153.0,278.0
16.1483,173.0,278.0
16.1537,-109.0,276.0
16.1584,-123.0,274.0
16.1635,45.0,266.0
16.1687,77.0,266.0
16.1735,-72.0,260.0
16.1782,-145.0,262.0
16.1835,131.0,262.0
16.1887,288.0,264.0
16.1935,-94.0,264.0
16.1983,-329.0,268.0
16.2031,-21.0,262.0
16.2081,155.0,264.0
16.2131,47.0,260.0
16.2185,125.0,262.0
16.2248,99.0,262.0
16.2283,-288.0,266.0
16.2338,-263.0,270.0
16.2382,226.0,272.0
16.2436,225.0,274.0
16.249,-58.0,272.0
16.2534,19.0,272.0
16.2583,-33.0,272.0
16.2633,-241.0,274.0
16.2685,15.0,272.0
16.2742,259.0,276.0
16.278,13.0,270.0
16.2836,-140.0,270.0
16.2883,-10.0,266.0
16.2935,14.0,262.0
16.2984,3.0,260.0
16.3035,82.0,258.0
16.308,31.0,258.0
16.3138,-116.0,258.0
16.3181,-118.0,260.0
16.3229,31.0,260.0
16.3302,184.0,262.0
16.3335,128.0,262.0
16.3385,-149.0,264.0
16.3431,-215.0,268.0
16.3483,64.0,268.0
16.3535,160.0,270.0
16.3587,-50.0,270.0
16.3631,-65.0,270.0
16.3686,111.0,270.0
16.3735,43.0,270.0
16.3783,-128.0,270.0
16.3834,-35.0,270.0
16.3881,73.0,270.0
16.3932,-52.0,272.0
16.3982,-47.0,272.0
16.403,152.0,274.0
16.4083,103.0,274.0
16.4137,-150.0,274.0
16.4186,-178.0,276.0
16.4236,61.0,274.0
16.4285,187.0,276.0
16.4335,17.0,272.0
16.4383,-116.0,270.0
16.4432,-27.0,268.0
16.448,26.0,264.0
16.4536,-11.0,260.0
16.4583,11.0,256.0
16.4632,42.0,256.0
16.4687,7.0,252.0
16.4736,-38.0,252.0
16.4781,-29.0,246.0
16.4835,13.0,244.0
16.4882,7.0,240.0
16.4941,-11.0,238.0
16.4984,69.0,236.0
16.5035,79.0,236.0
16.5086,-152.0,238.0
16.5133,-176.0,238.0
16.5182,169.0,240.0
16.5234,179.0,242.0
16.5283,-155.0,242.0
16.5341,-55.0,242.0
16.538,226.0,240.0
16.5432,-70.0,240.0
16.5481,-386.0,242.0
16.5533,70.0,242.0
16.5581,477.0,244.0
16.5636,47.0,244.0
16.5684,-360.0,248.0
16.5733,-167.0,250.0
16.5783,84.0,250.0
16.583,166.0,250.0
16.5886,133.0,248.0
16.593,-79.0,246.0
16.5982,-170.0,242.0
16.6035,75.0,240.0
16.6082,146.0,238.0
16.6134,-181.0,238.0
16.6181,-196.0,240.0
16.6232,273.0,242.0
16.6282,286.0,246.0
16.6369,-298.0,250.0
16.6383,-317.0,250.0
16.6437,263.0,254.0
16.6481,227.0,254.0
16.6531,-192.0,256.0
16.6583,-36.0,254.0
16.6631,171.0,256.0
16.6683,-113.0,256.0
16.6736,-254.0,258.0
16.678,81.0,260.0
16.6837,341.0,260.0
16.6882,81.0,256.0
16.6935,-296.0,256.0
16.6987,-173.0,254.0
16.7046,145.0,254.0
16.7081,87.0,252.0
16.7131,-35.0,252.0
16.7183,53.0,250.0
16.723,38.0,250.0
16.7288,-46.0,250.0
16.7332,-62.0,252.0
16.7381,-112.0,252.0
16.7431,35.0,250.0
16.7483,233.0,252.0
16.7532,-18.0,250.0
16.7589,-227.0,250.0
16.7634,45.0,250.0
16.7688,146.0,250.0
16.7734,-55.0,250.0
16.7782,-33.0,248.0
16.7834,54.0,246.0
16.7886,-48.0,244.0
16.793,-93.0,244.0
16.7982,-1.0,242.0
16.8034,115.0,242.0
16.8082,153.0,244.0
16.8138,-9.0,244.0
16.8182,-218.0,244.0
16.8237,-193.0,246.0
16.8288,67.0,242.0
16.8333,305.0,246.0
16.8393,197.0,242.0
16.8437,-185.0,246.0
16.8483,-327.0,248.0
16.8534,-57.0,248.0
16.8581,211.0,250.0
16.8634,173.0,250.0
16.8684,19.0,246.0
16.8735,-60.0,244.0
16.878,-145.0,242.0
16.8836,-160.0,242.0
16.8882,49.0,242.0
16.8933,316.0,246.0
16.8986,185.0,248.0
16.9031,-327.0,250.0
16.9084,-347.0,254.0
16.9131,222.0,254.0
16.9183,300.0,258.0
16.9231,-79.0,258.0
16.9288,-86.0,258.0
16.9336,-21.0,258.0
16.9393,-129.0,260.0
16.9432,35.0,260.0
16.9481,192.0,262.0
16.9535,-6.0,260.0
16.9584,-108.0,260.0
16.963,26.0,260.0
16.9685,52.0,258.0
16.9735,-77.0,258.0
16.9784,-121.0,258.0
16.9833,40.0,254.0
16.9882,178.0,256.0
16.9932,63.0,254.0
16.9982,-105.0,256.0
17.0031,-86.0,256.0
17.0081,-5.0,254.0
17.0139,6.0,254.0
17.018,28.0,252.0
17.0237,68.0,252.0
17.0282,13.0,252.0
17.0334,-94.0,252.0
17.0383,-1.0,252.0
17.0447,140.0,252.0
17.048,-105.0,252.0
17.0531,-269.0,254.0
17.0581,193.0,254.0
17.0634,414.0,260.0
17.0682,-147.0,258.0
17.0732,-434.0,266.0
17.0781,16.0,264.0
17.0832,276.0,268.0
17.0882,74.0,268.0
17.0939,-23.0,268.0
17.0981,-83.0,270.0
17.1031,-192.0,272.0
17.1081,57.0,272.0
17.1131,255.0,276.0
17.1181,-82.0,276.0
17.1231,-137.0,278.0
17.1281,207.0,282.0
17.1332,-50.0,282.0
17.1381,-351.0,286.0
17.1432,140.0,288.0
17.1483,369.0,292.0
17.154,-94.0,290.0
17.1584,-232.0,292.0
17.1631,14.0,288.0
17.1681,80.0,288.0
17.1732,30.0,286.0
17.1788,-42.0,284.0
17.1831,-58.0,284.0
17.1882,84.0,280.0
17.1932,69.0,280.0
17.1982,-114.0,274.0
17.2031,-79.0,274.0
17.2081,93.0,270.0
17.2132,124.0,270.0
17.2182,-23.0,268.0
17.2241,-145.0,268.0
17.2282,-41.0,266.0
17.2331,47.0,266.0
17.2384,37.0,264.0
17.2432,106.0,264.0
17.248,7.0,262.0
17.2533,-183.0,262.0
17.2585,-33.0,260.0
17.263,144.0,258.0
17.268,36.0,254.0
17.2742,-32.0,250.0
17.278,-47.0,246.0
17.2831,-83.0,242.0
17.288,74.0,240.0
17.2931,167.0,240.0
17.2985,-77.0,240.0
17.3032,-214.0,240.0
17.3083,-9.0,240.0
17.3133,154.0,238.0
17.318,124.0,238.0
17.3236,22.0,234.0
17.3282,-111.0,234.0
17.3331,-139.0,232.0
17.3382,-34.0,230.0
17.3431,56.0,228.0
17.3488,136.0,228.0
17.353,113.0,230.0
17.358,-81.0,230.0
17.3631,-162.0,232.0
17.3681,-59.0,232.0
17.3731,38.0,232.0
17.378,159.0,232.0
17.3833,134.0,234.0
17.3883,-179.0,234.0
17.3932,-238.0,238.0
17.398,163.0,236.0
17.4031,265.0,240.0
17.4081,-148.0,240.0
17.4132,-255.0,242.0
17.4182,121.0,244.0
17.4232,212.0,246.0
17.428,-79.0,246.0
17.4331,-112.0,248.0
17.4381,76.0,248.0
17.4434,-13.0,246.0
17.4483,-131.0,246.0
17.453,90.0,248.0
17.458,163.0,246.0
17.4631,-124.0,246.0
17.4682,-103.0,246.0
17.4733,197.0,244.0
17.4781,-2.0,242.0
17.4833,-331.0,244.0
17.488,61.0,240.0
17.493,457.0,246.0
17.4982,-51.0,244.0
17.5033,-502.0,248.0
17.5103,9.0,248.0
17.5133,427.0,254.0
17.518,0.0,252.0
17.5235,-262.0,254.0
17.5281,68.0,254.0
17.5332,115.0,250.0
17.5383,-146.0,250.0
17.5431,-27.0,246.0
17.5482,161.0,242.0
17.5535,-73.0,240.0
17.5582,-169.0,238.0
17.5633,200.0,240.0
17.5683,228.0,242.0
17.5731,-263.0,246.0
17.5782,-265.0,248.0
17.5832,215.0,250.0
17.5883,174.0,250.0
17.5932,-128.0,252.0
17.5981,12.0,252.0
17.603,102.0,252.0
17.6083,-105.0,254.0
17.6132,-113.0,254.0
17.6183,-20.0,252.0
17.6237,36.0,252.0
17.6281,235.0,252.0
17.6331,143.0,254.0
17.6382,-295.0,258.0
17.6432,-248.0,260.0
17.6481,152.0,262.0
17.653,127.0,264.0
17.6588,1.0,264.0
17.6631,124.0,264.0
17.6682,-9.0,264.0
17.6732,-264.0,266.0
17.6781,-66.0,268.0
17.683,204.0,268.0
17.6881,83.0,268.0
17.693,-95.0,266.0
17.6981,-45.0,264.0
17.7032,84.0,258.0
17.7081,69.0,258.0
17.7133,-138.0,252.0
17.7181,-166.0,254.0
17.7233,154.0,252.0
17.7283,238.0,256.0
17.7331,-116.0,256.0
17.7381,-238.0,260.0
17.7432,96.0,258.0
17.7481,210.0,260.0
17.7532,-153.0,258.0
17.7582,-185.0,260.0
17.7631,253.0,262.0
17.768,144.0,262.0
17.7733,-309.0,266.0
17.7782,-64.0,260.0
17.7838,282.0,262.0
17.7897,-26.0,258.0
17.793,-188.0,260.0
17.7984,66.0,256.0
17.8031,46.0,256.0
17.8082,-45.0,256.0
17.814,104.0,258.0
17.8186,27.0,258.0
17.8241,-186.0,260.0
17.829,-75.0,260.0
17.8332,137.0,260.0
17.8382,177.0,262.0
17.8438,32.0,260.0
17.849,-232.0,262.0
17.8531,-214.0,264.0
17.858,129.0,266.0
17.8632,249.0,268.0
17.8686,84.0,268.0
17.8738,-66.0,268.0
17.8786,-175.0,270.0
17.8832,-217.0,272.0
17.8883,-14.0,272.0
17.8934,411.0,276.0
17.8984,351.0,280.0
17.903,-417.0,286.0
17.9081,-526.0,292.0
17.9152,302.0,296.0
17.9182,370.0,302.0
17.9233,-275.0,306.0
17.9289,-64.0,304.0
17.9336,447.0,310.0
17.9383,-18.0,308.0
17.9433,-594.0,314.0
17.9484,-187.0,318.0
17.9532,426.0,322.0
17.958,312.0,324.0
17.9631,-77.0,326.0
17.9687,-104.0,324.0
17.9735,-35.0,324.0
17.9785,-176.0,326.0
17.9837,-182.0,328.0
17.9887,181.0,328.0
17.9935,412.0,332.0
17.9984,39.0,332.0
18.004,-412.0,336.0
18.0082,-191.0,338.0
18.0137,250.0,342.0
18.0185,149.0,342.0
18.0237,-107.0,340.0
18.0295,-28.0,338.0
18.0332,84.0,336.0
18.0385,-6.0,334.0
18.0436,-146.0,332.0
18.0486,-74.0,330.0
18.0533,165.0,330.0
18.0582,138.0,330.0
18.0632,-98.0,328.0
18.068,-39.0,328.0
18.0748,66.0,326.0
18.0791,-164.0,328.0
18.084,-168.0,330.0
18.088,272.0,332.0
18.0933,308.0,336.0
18.0984,-208.0,336.0
18.1036,-328.0,340.0
18.1081,89.0,340.0
18.1133,195.0,340.0
18.118,-53.0,340.0
18.1231,-35.0,336.0
18.129,116.0,336.0
18.1338,-5.0,330.0
18.1381,-159.0,332.0
18.1432,-62.0,324.0
18.1483,77.0,326.0
18.1533,57.0,320.0
18.1588,21.0,320.0
18.1632,117.0,318.0
18.1681,63.0,318.0
18.173,-303.0,320.0
18.179,-314.0,324.0
18.183,302.0,328.0
18.1883,477.0,332.0
18.1935,-150.0,334.0
18.1982,-389.0,336.0
18.2033,51.0,334.0
18.2084,171.0,334.0
18.2137,-101.0,332.0
18.2181,-51.0,328.0
18.2235,182.0,328.0
18.2286,76.0,326.0
18.2334,-141.0,326.0
18.2382,-97.0,328.0
18.2438,23.0,326.0
18.2482,36.0,326.0
18.2531,29.0,324.0
18.258,26.0,324.0
18.2631,-7.0,324.0
18.2681,-25.0,320.0
18.2731,6.0,318.0
18.2782,8.0,314.0
18.2833,-28.0,310.0
18.2883,-21.0,308.0
18.2932,-25.0,306.0
18.2984,12.0,306.0
18.3035,129.0,306.0
18.308,40.0,308.0
18.3147,-125.0,304.0
18.3182,-46.0,304.0
18.3232,-31.0,302.0
18.3282,-57.0,302.0
18.3331,191.0,304.0
18.3381,214.0,306.0
18.3431,-196.0,308.0
18.3481,-322.0,312.0
18.3532,59.0,310.0
18.358,317.0,312.0
18.3631,36.0,310.0
18.3681,-239.0,310.0
18.3731,19.0,310.0
18.3782,176.0,308.0
18.3832,-143.0,308.0
18.3889,-116.0,308.0
18.3931,225.0,308.0
18.3982,6.0,306.0
18.4032,-250.0,306.0
18.4081,93.0,304.0
18.4132,222.0,304.0
18.4182,-80.0,304.0
18.4232,-117.0,302.0
18.4281,-9.0,302.0
18.4332,-17.0,298.0
18.4382,66.0,298.0
18.4433,66.0,298.0
18.4481,-96.0,300.0
18.4532,-33.0,298.0
18.4582,150.0,300.0
18.4631,37.0,298.0
18.4682,-159.0,300.0
18.4731,-79.0,298.0
18.4782,53.0,296.0
18.4832,63.0,296.0
18.4882,81.0,294.0
18.4932,14.0,292.0
18.4983,-146.0,292.0
18.5031,-89.0,290.0
18.5082,160.0,290.0
18.5132,176.0,292.0
18.5182,-139.0,292.0
18.5232,-287.0,292.0
18.5282,40.0,294.0
18.5331,295.0,292.0
18.5388,66.0,286.0
18.5433,-114.0,282.0
18.5482,-34.0,274.0
18.5532,-109.0,272.0
18.5582,-123.0,268.0
18.5633,170.0,266.0
18.5683,257.0,268.0
18.5731,-49.0,262.0
18.5781,-285.0,266.0
18.583,-118.0,260.0
18.5882,233.0,260.0
18.5931,213.0,256.0
18.5981,-129.0,254.0
18.603,-170.0,256.0
18.608,-12.0,254.0
18.6133,-11.0,254.0
18.6181,138.0,252.0
18.6231,233.0,254.0
18.6282,-197.0,254.0
18.6331,-356.0,254.0
18.6382,190.0,256.0
18.6432,328.0,254.0
18.6483,-139.0,254.0
18.6532,-210.0,252.0
18.658,80.0,252.0
18.6631,103.0,252.0
18.668,-63.0,252.0
18.6732,-43.0,252.0
18.6782,115.0,254.0
18.6832,-5.0,250.0
18.688,-193.0,252.0
18.6931,86.0,252.0
18.6982,228.0,252.0
18.7033,-194.0,254.0
18.7082,-193.0,256.0
18.7131,256.0,260.0
18.7181,88.0,258.0
18.7231,-223.0,260.0
18.7283,87.0,256.0
18.7331,164.0,254.0
18.7381,-271.0,256.0
18.743,-180.0,254.0
18.748,314.0,256.0
18.753,255.0,258.0
18.7582,-139.0,258.0
18.7632,-248.0,262.0
18.7683,-129.0,262.0
18.773,95.0,264.0
18.778,266.0,266.0
18.783,72.0,266.0
18.7882,-196.0,268.0
18.7933,-92.0,268.0
18.7981,48.0,268.0
18.803,-21.0,266.0
18.8081,29.0,266.0
18.8133,127.0,264.0
18.8183,-17.0,260.0
18.8234,-131.0,256.0
18.8282,-7.0,250.0
18.833,77.0,248.0
18.838,1.0,242.0
18.8433,-68.0,242.0
18.8482,-10.0,240.0
18.853,109.0,240.0
18.8582,54.0,240.0
18.863,-112.0,238.0
18.8681,-63.0,238.0
18.8731,68.0,238.0
18.8781,-1.0,236.0
18.8831,-68.0,236.0
18.8882,38.0,236.0
18.8932,150.0,238.0
18.8982,74.0,240.0
18.9032,-203.0,242.0
18.9083,-248.0,246.0
18.9132,121.0,248.0
18.9182,261.0,252.0
18.9232,6.0,252.0
18.9282,-83.0,252.0
18.9331,-35.0,252.0
18.938,-96.0,254.0
18.9434,-22.0,252.0
18.948,113.0,254.0
18.953,52.0,252.0
18.9581,25.0,252.0
18.9632,14.0,252.0
18.9683,-178.0,254.0
18.973,-127.0,252.0
18.9781,203.0,252.0
18.9832,180.0,252.0
18.9894,-114.0,248.0
18.9931,-143.0,250.0
18.9982,30.0,246.0
19.0031,86.0,246.0
19.0081,-1.0,242.0
19.0132,-58.0,244.0
19.0182,-20.0,240.0
19.0231,32.0,238.0
19.0282,52.0,238.0
19.033,25.0,234.0
19.0381,-42.0,236.0
19.0432,-90.0,232.0
19.0481,-19.0,232.0
19.0531,83.0,230.0
19.058,38.0,228.0
19.063,-2.0,228.0
19.068,38.0,228.0
19.0733,-56.0,228.0
19.0781,-105.0,228.0
19.0832,68.0,228.0
19.0883,51.0,228.0
19.0931,-126.0,230.0
19.0982,81.0,228.0
19.1043,250.0,232.0
19.1086,-164.0,232.0
19.1131,-331.0,236.0
19.118,126.0,236.0
19.1232,303.0,240.0
19.1283,-3.0,240.0
19.1332,-238.0,242.0
19.138,-91.0,242.0
19.143,232.0,244.0
19.148,95.0,244.0
19.153,-304.0,246.0
19.1583,-109.0,244.0
19.1631,373.0,246.0
19.168,232.0,250.0
19.173,-318.0,250.0
19.178,-367.0,254.0
19.1832,125.0,254.0
19.1882,359.0,260.0
19.1931,59.0,258.0
19.1983,-208.0,260.0
19.2032,-85.0,258.0
19.2086,50.0,256.0
19.2132,-36.0,256.0
19.2182,5.0,250.0
19.2231,158.0,252.0
19.2281,18.0,248.0
19.2332,-183.0,248.0
19.2382,-26.0,246.0
19.2431,148.0,246.0
19.2481,16.0,246.0
19.2531,-122.0,248.0
19.2584,-50.0,246.0
19.263,107.0,244.0
19.2681,112.0,242.0
19.2731,-90.0,238.0
19.2782,-126.0,238.0
19.2832,96.0,234.0
19.2882,98.0,234.0
19.2932,-116.0,232.0
19.2981,-87.0,232.0
19.3032,95.0,232.0
19.3082,85.0,232.0
19.3132,-23.0,232.0
19.3182,-67.0,232.0
19.3233,-51.0,232.0
19.3283,40.0,230.0
19.3331,82.0,230.0
19.3382,-23.0,226.0
19.3433,-61.0,224.0
19.3482,17.0,222.0
19.3532,24.0,218.0
19.358,-25.0,216.0
19.363,9.0,214.0
19.3682,63.0,214.0
19.3731,-33.0,212.0
19.3781,-134.0,208.0
19.383,18.0,206.0
19.3883,188.0,204.0
19.3932,39.0,202.0
19.3991,-175.0,202.0
19.4031,-69.0,198.0
19.4081,110.0,198.0
19.4131,29.0,198.0
19.4181,-58.0,194.0
19.4232,7.0,194.0
19.428,28.0,190.0
19.4331,10.0,190.0
19.4381,11.0,188.0
19.4433,-6.0,188.0
19.4481,-29.0,188.0
19.4532,-62.0,188.0
19.4581,-23.0,188.0
19.4631,106.0,188.0
19.468,109.0,188.0
19.4732,-64.0,188.0
19.4783,-152.0,190.0
19.4832,-27.0,190.0
19.4882,127.0,192.0
19.4932,104.0,192.0
19.4982,-44.0,192.0
19.5032,-119.0,192.0
19.5114,-66.0,192.0
19.513,72.0,192.0
19.5181,155.0,194.0
19.5232,-21.0,194.0
19.5284,-176.0,196.0
19.5331,16.0,194.0
19.5381,151.0,196.0
19.543,-37.0,192.0
19.548,-150.0,190.0
19.5529,33.0,190.0
19.5581,171.0,188.0
19.5631,26.0,188.0
19.5681,-142.0,190.0
19.5732,-118.0,190.0
19.578,27.0,190.0
19.583,164.0,192.0
19.588,113.0,192.0
19.5931,-99.0,192.0
19.5981,-187.0,196.0
19.604,-54.0,196.0
19.608,144.0,196.0
19.6133,199.0,196.0
19.6181,-9.0,194.0
19.6232,-236.0,194.0
19.628,-146.0,194.0
19.633,136.0,194.0
19.6382,237.0,198.0
19.643,38.0,198.0
19.6482,-196.0,200.0
19.6531,-164.0,202.0
19.658,40.0,202.0
19.663,128.0,204.0
19.668,63.0,204.0
19.673,31.0,204.0
19.678,42.0,204.0
19.6832,-105.0,204.0
19.6883,-254.0,208.0
19.6931,-3.0,206.0
19.698,317.0,210.0
19.704,141.0,212.0
19.708,-186.0,216.0
19.7131,-168.0,218.0
19.718,42.0,216.0
19.7231,177.0,218.0
19.7281,19.0,218.0
19.733,-255.0,220.0
19.738,-65.0,220.0
19.743,273.0,220.0
19.748,96.0,218.0
19.7531,-135.0,216.0
19.758,-8.0,214.0
19.763,3.0,208.0
19.7681,-164.0,212.0
19.7731,-40.0,208.0
19.7781,225.0,210.0
19.7831,132.0,208.0
19.7881,-130.0,210.0
19.793,-86.0,206.0
19.7979,61.0,206.0
19.8031,-54.0,200.0
19.8081,-129.0,198.0
19.8131,107.0,196.0
19.8181,224.0,192.0
19.8232,-25.0,192.0
19.8282,-206.0,188.0
19.8331,-70.0,190.0
19.8382,82.0,188.0
19.843,85.0,188.0
19.848,50.0,188.0
19.8532,-44.0,188.0
19.8581,-141.0,190.0
19.8631,6.0,188.0
19.8681,166.0,190.0
19.873,-8.0,186.0
19.878,-96.0,188.0
19.8831,69.0,186.0
19.8882,-16.0,186.0
19.8931,-158.0,188.0
19.8982,45.0,186.0
19.9032,177.0,188.0
19.9081,27.0,186.0
19.9133,-79.0,186.0
19.918,-98.0,186.0
19.923,-44.0,186.0
19.9281,106.0,186.0
19.9332,77.0,184.0
19.9381,-82.0,184.0
19.9431,-22.0,184.0
19.9481,43.0,182.0
19.9532,-63.0,184.0
19.958,26.0,182.0
19.963,156.0,184.0
19.968,-109.0,186.0
19.9732,-236.0,188.0
19.978,167.0,190.0
19.9832,263.0,194.0
19.9882,-169.0,196.0
19.9932,-237.0,200.0
19.9981,103.0,200.0
20.0031,180.0,204.0
20.0079,-3.0,202.0
20.0131,-81.0,202.0
20.018,-36.0,202.0
20.023,-29.0,202.0
20.0282,-28.0,200.0
20.0331,53.0,200.0
20.0381,97.0,198.0
20.0431,17.0,198.0
20.0481,-53.0,196.0
20.0532,-84.0,198.0
20.0581,-86.0,198.0
20.0639,114.0,200.0
20.0682,256.0,202.0
20.0736,-123.0,204.0
20.078,-400.0,210.0
20.0832,51.0,212.0
20.0883,403.0,218.0
20.093,130.0,218.0
20.0982,-188.0,220.0
20.1031,-305.0,224.0
20.1082,-114.0,224.0
20.1131,341.0,228.0
20.1181,271.0,230.0
20.1231,-276.0,234.0
20.129,-226.0,236.0
20.1331,236.0,238.0
20.138,152.0,240.0
20.1431,-217.0,240.0
20.148,-157.0,242.0
20.1535,152.0,244.0
20.1591,176.0,244.0
20.1631,-59.0,244.0
20.168,-150.0,244.0
20.173,-19.0,244.0
20.178,48.0,242.0
20.1838,62.0,244.0
20.188,170.0,244.0
20.1942,-12.0,242.0
20.1983,-410.0,246.0
20.2031,-131.0,248.0
20.208,471.0,254.0
20.213,197.0,254.0
20.218,-324.0,260.0
20.2232,-42.0,258.0
20.2281,160.0,258.0
20.2331,-214.0,260.0
20.2382,-106.0,258.0
20.2432,313.0,262.0
20.248,53.0,262.0
20.253,-208.0,262.0
20.2582,104.0,262.0
20.2631,110.0,262.0
20.2682,-216.0,262.0
20.2733,-159.0,262.0
20.278,71.0,260.0
20.2831,240.0,264.0
20.288,238.0,264.0
20.2931,-204.0,264.0
20.2981,-411.0,270.0
20.3031,66.0,270.0
20.3081,321.0,274.0
20.3132,34.0,274.0
20.3187,-136.0,274.0
20.3232,7.0,274.0
20.3281,89.0,270.0
20.3331,-134.0,272.0
20.338,-236.0,272.0
20.343,157.0,272.0
20.3481,399.0,274.0
20.3529,17.0,272.0
20.3582,-347.0,278.0
20.363,-235.0,278.0
20.3681,78.0,280.0
20.3731,239.0,278.0
20.3781,123.0,280.0
20.383,6.0,276.0
20.3882,-26.0,274.0
20.393,-269.0,276.0
20.3982,-248.0,280.0
20.4032,339.0,286.0
20.4082,372.0,288.0
20.413,-219.0,292.0
20.4182,-203.0,292.0
20.423,54.0,290.0
20.4282,-104.0,290.0
20.4331,39.0,290.0
20.4381,338.0,294.0
20.443,-69.0,294.0
20.4481,-413.0,298.0
20.4531,94.0,298.0
20.4581,373.0,300.0
20.4633,-115.0,302.0
20.4682,-270.0,302.0
20.4731,133.0,304.0
20.4782,121.0,304.0
20.4832,-213.0,306.0
20.4881,11.0,306.0
20.493,366.0,310.0
20.4981,-38.0,308.0
20.503,-467.0,316.0
20.508,-5.0,314.0
20.513,418.0,320.0
20.518,1.0,318.0
20.5232,-285.0,322.0
20.5282,49.0,322.0
20.5331,170.0,322.0
20.538,-28.0,322.0
20.543,-62.0,320.0
20.548,-56.0,322.0
20.553,-67.0,320.0
20.5582,38.0,320.0
20.5632,126.0,322.0
20.5681,139.0,322.0
20.573,-21.0,320.0
20.578,-322.0,324.0
20.583,-171.0,326.0
20.588,358.0,332.0
20.5932,282.0,336.0
20.598,-247.0,338.0
20.603,-264.0,340.0
20.608,62.0,340.0
20.6131,189.0,338.0
20.6182,117.0,338.0
20.623,-107.0,336.0
20.6281,-197.0,336.0
20.6331,27.0,332.0
20.6382,134.0,334.0
20.6431,-8.0,330.0
20.648,-25.0,330.0
20.6531,68.0,330.0
20.658,1.0,330.0
20.663,-133.0,332.0
20.668,-78.0,332.0
20.6737,155.0,334.0
20.6781,174.0,336.0
20.6831,-152.0,338.0
20.6881,-197.0,340.0
20.6931,149.0,340.0
20.6981,93.0,340.0
20.7032,-194.0,342.0
20.7081,61.0,340.0
20.7131,325.0,342.0
20.7187,-117.0,338.0
20.7235,-476.0,344.0
20.729,67.0,340.0
20.7331,532.0,346.0
20.7381,-20.0,342.0
20.7431,-447.0,346.0
20.748,29.0,344.0
20.753,264.0,342.0
20.7581,-68.0,340.0
20.7631,-71.0,336.0
20.7682,104.0,334.0
20.7732,-75.0,332.0
20.7781,-120.0,332.0
20.783,141.0,330.0
20.7881,118.0,330.0
20.7931,-77.0,328.0
20.7981,-71.0,326.0
20.803,-64.0,326.0
20.8081,-67.0,326.0
20.8132,94.0,326.0
20.8181,234.0,330.0
20.8231,74.0,330.0
20.8282,-269.0,332.0
20.833,-251.0,336.0
20.838,123.0,330.0
20.8433,214.0,332.0
20.8481,42.0,326.0
20.8532,-25.0,322.0
20.858,-100.0,318.0
20.863,-69.0,320.0
20.868,137.0,320.0
20.873,17.0,316.0
20.878,-222.0,318.0
20.883,39.0,314.0
20.8884,233.0,316.0
20.893,-50.0,314.0
20.898,-89.0,314.0
20.9032,68.0,312.0
20.908,-73.0,310.0
20.9131,-68.0,310.0
20.9191,126.0,310.0
20.923,-32.0,306.0
20.9281,-114.0,304.0
20.933,193.0,304.0
20.938,114.0,300.0
20.943,-281.0,304.0
20.9482,-125.0,300.0
20.9534,233.0,304.0
20.9581,134.0,304.0
20.963,-120.0,306.0
20.968,-149.0,306.0
20.973,57.0,304.0
20.978,162.0,304.0
20.983,-38.0,302.0
20.9881,-134.0,298.0
20.993,-48.0,298.0
20.998,45.0,294.0
21.003,214.0,294.0
21.008,84.0,294.0
21.0131,-339.0,294.0
21.018,-228.0,296.0
21.023,339.0,302.0
21.0279,336.0,306.0
21.033,-235.0,306.0
21.038,-360.0,308.0
21.043,95.0,304.0
21.0482,276.0,302.0
21.053,29.0,300.0
21.058,-81.0,298.0
21.063,-85.0,298.0
21.068,-141.0,298.0
21.073,39.0,298.0
21.0781,221.0,296.0
21.0832,49.0,296.0
21.088,-108.0,292.0
21.093,-74.0,292.0
21.098,-66.0,286.0
21.1032,-3.0,284.0
21.1083,163.0,284.0
21.1131,122.0,284.0
21.1183,-161.0,284.0
21.123,-160.0,282.0
21.1283,133.0,284.0
21.1331,47.0,280.0
21.1382,-165.0,282.0
21.1431,96.0,276.0
21.1481,255.0,280.0
21.1532,-79.0,274.0
21.1581,-291.0,280.0
21.163,-72.0,276.0
21.1685,172.0,278.0
21.1741,102.0,276.0
21.178,23.0,276.0
21.1832,105.0,278.0
21.1881,-109.0,278.0
21.193,-358.0,282.0
21.1981,24.0,282.0
21.2033,431.0,288.0
21.2081,122.0,286.0
21.2133,-309.0,292.0
21.2182,-211.0,290.0
21.2232,126.0,288.0
21.229,206.0,286.0
21.2331,-33.0,282.0
21.2383,-152.0,282.0
21.2431,66.0,278.0
21.2481,103.0,278.0
21.2531,-120.0,278.0
21.2581,-50.0,276.0
21.263,89.0,276.0
21.2686,-40.0,274.0
21.273,38.0,274.0
21.2782,162.0,274.0
21.2831,-200.0,278.0
21.2881,-262.0,282.0
21.293,311.0,286.0
21.2981,279.0,290.0
21.3032,-340.0,292.0
21.3082,-188.0,294.0
21.3131,306.0,296.0
21.318,36.0,294.0
21.3235,-204.0,296.0
21.3281,89.0,294.0
21.333,32.0,292.0
21.3381,-123.0,292.0
21.343,161.0,292.0
21.348,72.0,292.0
21.3532,-318.0,292.0
21.3582,-10.0,290.0
21.3631,388.0,288.0
21.3681,0.0,288.0
21.3733,-329.0,284.0
21.378,-20.0,284.0
21.3832,158.0,280.0
21.388,5.0,280.0
21.393,20.0,276.0
21.3981,61.0,276.0
21.403,-97.0,276.0
21.4081,-103.0,276.0
21.4132,66.0,276.0
21.4181,42.0,274.0
21.4229,3.0,272.0
21.4282,108.0,272.0
21.4334,-49.0,272.0
21.4382,-256.0,274.0
21.4431,33.0,274.0
21.4487,302.0,278.0
21.4532,28.0,278.0
21.4582,-227.0,276.0
21.463,-78.0,278.0
21.4679,158.0,276.0
21.473,135.0,274.0
21.478,-175.0,274.0
21.4832,-230.0,274.0
21.4881,191.0,276.0
21.493,264.0,280.0
21.4981,-143.0,282.0
21.503,-161.0,282.0
21.508,76.0,282.0
21.5131,2.0,282.0
21.518,25.0,278.0
21.523,146.0,280.0
21.5284,-171.0,280.0
21.5331,-290.0,282.0
21.538,221.0,284.0
21.5431,359.0,290.0
21.5479,-87.0,290.0
21.553,-254.0,292.0
21.5581,-117.0,292.0
21.5632,2.0,292.0
21.5682,254.0,294.0
21.573,253.0,296.0
21.578,-283.0,298.0
21.583,-358.0,300.0
21.5882,203.0,300.0
21.593,245.0,300.0
21.598,-38.0,298.0
21.603,9.0,298.0
21.608,-155.0,298.0
21.6131,-247.0,300.0
21.6181,314.0,302.0
21.6232,351.0,308.0
21.628,-377.0,312.0
21.6331,-343.0,316.0
21.6383,350.0,320.0
21.6432,352.0,322.0
21.648,-261.0,326.0
21.653,-420.0,326.0
21.658,75.0,324.0
21.6631,367.0,324.0
21.6682,142.0,322.0
21.6732,-106.0,320.0
21.6781,-189.0,318.0
21.6831,-116.0,318.0
21.6882,59.0,314.0
21.6931,82.0,314.0
21.698,23.0,314.0
21.7031,72.0,314.0
21.7081,37.0,312.0
21.7131,-128.0,314.0
21.7181,-103.0,312.0
21.7231,93.0,312.0
21.7283,69.0,312.0
21.7332,-66.0,312.0
21.738,-20.0,312.0
21.7431,40.0,312.0
21.748,65.0,310.0
21.753,32.0,308.0
21.7583,-160.0,308.0
21.7632,-116.0,308.0
21.7683,190.0,308.0
21.7731,99.0,310.0
21.7781,-174.0,310.0
21.7831,47.0,310.0
21.7882,231.0,308.0
21.793,-176.0,310.0
21.7981,-332.0,310.0
21.803,132.0,312.0
21.8082,284.0,314.0
21.8131,3.0,312.0
21.8181,-40.0,312.0
21.8231,-19.0,310.0
21.828,-179.0,312.0
21.833,-130.0,308.0
21.8382,154.0,310.0
21.8432,273.0,308.0
21.8482,71.0,308.0
21.8531,-250.0,306.0
21.858,-272.0,308.0
21.863,88.0,306.0
21.8681,261.0,308.0
21.873,63.0,308.0
21.8782,-45.0,306.0
21.8831,-97.0,306.0
21.8883,-193.0,308.0
21.893,10.0,306.0
21.898,286.0,310.0
21.9031,117.0,310.0
21.9081,-233.0,314.0
21.9132,-161.0,316.0
21.918,162.0,316.0
21.9231,63.0,314.0
21.9282,-192.0,312.0
21.933,79.0,308.0
21.938,298.0,308.0
21.943,-131.0,306.0
21.948,-351.0,308.0
21.9532,100.0,306.0
21.9582,294.0,310.0
21.963,-87.0,308.0
21.9681,-215.0,310.0
21.9732,116.0,310.0
21.978,224.0,312.0
21.983,-118.0,312.0
21.9882,-293.0,314.0
21.993,69.0,310.0
21.998,301.0,316.0
22.003,-55.0,310.0
22.0082,-225.0,314.0
22.013,106.0,310.0
22.018,141.0,312.0
22.0232,-147.0,312.0
22.0282,-113.0,314.0
22.033,134.0,316.0
22.038,172.0,318.0
22.0432,-64.0,316.0
22.048,-293.0,320.0
22.0531,-73.0,320.0
22.0592,367.0,324.0
22.0634,244.0,328.0
22.0683,-306.0,332.0
22.0729,-359.0,336.0
22.078,139.0,334.0
22.083,345.0,340.0
22.0879,11.0,336.0
22.0931,-208.0,338.0
22.0981,-33.0,334.0
22.103,57.0,334.0
22.108,-40.0,332.0
22.1132,16.0,330.0
22.1181,83.0,330.0
22.1232,-51.0,326.0
22.1285,-77.0,324.0
22.133,123.0,322.0
22.138,105.0,322.0
22.143,-196.0,322.0
22.1481,-154.0,324.0
22.153,190.0,326.0
22.1585,109.0,328.0
22.1638,-144.0,328.0
22.1682,31.0,326.0
22.173,168.0,324.0
22.1794,-141.0,322.0
22.1837,-258.0,322.0
22.188,149.0,322.0
22.193,309.0,322.0
22.198,-135.0,324.0
22.203,-266.0,328.0
22.2093,211.0,326.0
22.213,194.0,326.0
22.218,-356.0,326.0
22.2231,-159.0,324.0
22.2282,446.0,328.0
22.233,177.0,326.0
22.238,-380.0,332.0
22.2433,-227.0,336.0
22.248,123.0,334.0
22.2531,238.0,334.0
22.258,240.0,334.0
22.2634,-156.0,330.0
22.268,-504.0,332.0
22.2731,64.0,328.0
22.2781,550.0,332.0
22.2831,-60.0,326.0
22.2883,-477.0,330.0
22.2929,86.0,324.0
22.298,372.0,330.0
22.3031,-32.0,324.0
22.3081,-197.0,326.0
22.313,-74.0,324.0
22.318,-35.0,322.0
22.323,94.0,322.0
22.3282,174.0,324.0
22.333,25.0,322.0
22.3381,-60.0,324.0
22.343,-141.0,324.0
22.348,-217.0,328.0
22.3529,85.0,326.0
22.3583,347.0,330.0
22.3631,69.0,330.0
22.3686,-169.0,332.0
22.3729,-90.0,332.0
22.378,-114.0,334.0
22.383,-69.0,334.0
22.3881,203.0,336.0
22.3932,184.0,338.0
22.398,-72.0,336.0
22.4031,-39.0,336.0
22.408,1.0,332.0
22.4132,-259.0,336.0
22.4182,-165.0,336.0
22.4232,401.0,340.0
22.4282,373.0,342.0
22.433,-287.0,344.0
22.4381,-335.0,344.0
22.4433,106.0,344.0
22.4481,44.0,340.0
22.4531,-52.0,342.0
22.458,269.0,344.0
22.463,128.0,346.0
22.4689,-430.0,350.0
22.473,-203.0,352.0
22.4781,444.0,356.0
22.4832,171.0,354.0
22.4882,-399.0,360.0
22.494,-40.0,356.0
22.498,360.0,358.0
22.5031,-97.0,358.0
22.509,-350.0,360.0
22.513,148.0,360.0
22.5185,354.0,366.0
22.5232,-62.0,364.0
22.5281,-279.0,366.0
22.533,-98.0,368.0
22.5382,43.0,364.0
22.5431,141.0,364.0
22.548,217.0,364.0
22.5529,26.0,362.0
22.5581,-219.0,362.0
22.563,-206.0,364.0
22.568,-76.0,364.0
22.573,166.0,364.0
22.578,374.0,366.0
22.583,45.0,364.0
22.5882,-395.0,366.0
22.5931,-203.0,366.0
22.598,170.0,364.0
22.603,186.0,366.0
22.608,67.0,364.0
22.6131,-71.0,364.0
22.6182,-143.0,362.0
22.6231,2.0,360.0
22.6281,67.0,356.0
22.633,-30.0,356.0
22.638,38.0,352.0
22.6431,78.0,352.0
22.6481,-114.0,350.0
22.6529,-45.0,350.0
22.658,196.0,350.0
22.6633,-92.0,350.0
22.6684,-289.0,352.0
22.675,278.0,354.0
22.6781,349.0,358.0
22.6832,-429.0,364.0
22.6885,-345.0,364.0
22.693,469.0,370.0
22.6984,258.0,368.0
22.7036,-392.0,370.0
22.7081,-110.0,368.0
22.7143,274.0,366.0
22.7182,-24.0,364.0
22.7234,-186.0,362.0
22.7289,110.0,364.0
22.7338,160.0,362.0
22.738,-185.0,366.0
22.7432,-230.0,368.0
22.748,255.0,372.0
22.7533,401.0,378.0
22.7587,-251.0,380.0
22.7635,-564.0,388.0
22.7683,122.0,388.0
22.7731,555.0,396.0
22.7786,57.0,394.0
22.7833,-326.0,396.0
22.7886,-148.0,396.0
22.7931,2.0,394.0
22.7981,88.0,394.0
22.803,237.0,394.0
22.808,34.0,394.0
22.8131,-343.0,398.0
22.8183,-120.0,398.0
22.8232,395.0,400.0
22.828,188.0,400.0
22.833,-402.0,402.0
22.8382,-281.0,404.0
22.8433,260.0,404.0
22.848,330.0,406.0
22.853,15.0,402.0
22.858,-250.0,400.0
22.8631,-229.0,402.0
22.8682,86.0,396.0
22.8732,230.0,398.0
22.8784,6.0,392.0
22.8829,-93.0,390.0
22.8879,65.0,388.0
22.8931,45.0,386.0
22.8982,-184.0,384.0
22.9033,-174.0,384.0
22.9082,149.0,380.0
22.9132,280.0,382.0
22.918,15.0,374.0
22.9231,-142.0,376.0
22.9282,-39.0,368.0
22.9334,-119.0,370.0
22.9381,-172.0,366.0
22.943,190.0,368.0
22.9483,348.0,370.0
22.953,-33.0,370.0
22.9586,-254.0,374.0
22.963,-100.0,374.0
22.9681,13.0,372.0
22.973,81.0,372.0
22.9782,131.0,374.0
22.9832,-21.0,372.0
22.9882,-131.0,370.0
22.9931,20.0,370.0
22.998,72.0,364.0
23.003,-55.0,364.0
23.0082,-28.0,362.0
23.0131,69.0,362.0
23.0181,12.0,360.0
23.0232,-48.0,360.0
23.0285,13.0,358.0
23.0333,16.0,354.0
23.0382,-80.0,354.0
23.0437,-33.0,354.0
23.0485,119.0,356.0
23.053,142.0,354.0
23.058,-10.0,352.0
23.0632,-248.0,350.0
23.0685,-233.0,348.0
23.074,167.0,346.0
23.0789,401.0,346.0
23.0831,117.0,346.0
23.0882,-305.0,350.0
23.0934,-371.0,356.0
23.0985,7.0,352.0
23.103,384.0,356.0
23.108,256.0,354.0
23.1141,-228.0,354.0
23.1182,-353.0,352.0
23.1234,113.0,352.0
23.1287,365.0,350.0
23.1332,-85.0,352.0
23.1381,-395.0,352.0
23.1431,6.0,350.0
23.1482,359.0,350.0
23.1531,135.0,350.0
23.158,-142.0,348.0
23.163,-146.0,348.0
23.1685,-132.0,346.0
23.1735,-47.0,346.0
23.1782,221.0,348.0
23.1833,218.0,350.0
23.1885,-103.0,348.0
23.193,-142.0,350.0
23.1982,-28.0,346.0
23.2042,-114.0,344.0
23.2082,44.0,344.0
23.2135,319.0,346.0
23.2181,26.0,342.0
23.2231,-346.0,346.0
23.2289,-91.0,342.0
23.2331,252.0,342.0
23.238,98.0,340.0
23.2439,-146.0,340.0
23.2486,-64.0,340.0
23.2537,39.0,340.0
23.2584,6.0,338.0
23.263,120.0,340.0
23.2682,110.0,340.0
23.2736,-271.0,344.0
23.278,-263.0,348.0
23.2835,261.0,350.0
23.2879,305.0,354.0
23.2942,-98.0,354.0
23.2981,-156.0,354.0
23.3035,-21.0,352.0
23.308,-58.0,348.0
23.3133,-24.0,344.0
23.318,157.0,342.0
23.323,138.0,338.0
23.3285,-66.0,332.0
23.3338,-151.0,328.0
23.338,-127.0,326.0
23.343,7.0,320.0
23.348,209.0,322.0
23.3532,174.0,320.0
23.3589,-75.0,320.0
23.3631,-229.0,322.0
23.368,-103.0,322.0
23.3733,143.0,320.0
23.3782,140.0,320.0
23.3833,-46.0,318.0
23.3886,-63.0,314.0
23.3933,27.0,308.0
23.3982,-15.0,304.0
23.4029,-60.0,296.0
23.4092,55.0,296.0
23.413,66.0,288.0
23.4185,-38.0,288.0
23.4229,26.0,284.0
23.4282,-41.0,282.0
23.4332,-209.0,284.0
23.4384,117.0,286.0
23.4434,370.0,288.0
23.4487,-151.0,290.0
23.4537,-414.0,290.0
23.4582,211.0,292.0
23.4632,384.0,292.0
23.4681,-333.0,294.0
23.4731,-385.0,294.0
23.4782,438.0,296.0
23.4832,418.0,298.0
23.4882,-437.0,300.0
23.4932,-384.0,306.0
23.4979,314.0,306.0
23.5035,219.0,306.0
23.508,-111.0,308.0
23.5136,16.0,304.0
23.5182,-112.0,306.0
23.5232,-217.0,308.0
23.5285,303.0,312.0
23.5338,335.0,316.0
23.538,-405.0,320.0
23.5432,-374.0,322.0
23.5486,353.0,326.0
23.5536,303.0,326.0
23.558,-188.0,328.0
23.5631,-74.0,328.0
23.5684,108.0,328.0
23.5734,-207.0,330.0
23.578,-232.0,330.0
23.5833,329.0,332.0
23.5879,395.0,334.0
23.5935,-267.0,338.0
23.5979,-371.0,340.0
23.603,196.0,340.0
23.6082,166.0,344.0
23.6131,-209.0,346.0
23.6184,10.0,344.0
23.6229,206.0,346.0
23.6282,5.0,344.0
23.633,-61.0,344.0
23.6386,-164.0,346.0
23.6442,-197.0,348.0
23.6486,268.0,352.0
23.6535,393.0,358.0
23.6582,-199.0,360.0
23.6629,-363.0,366.0
23.668,60.0,366.0
23.6731,141.0,368.0
23.6781,-18.0,366.0
23.683,78.0,368.0
23.6879,78.0,366.0
23.6931,-144.0,366.0
23.6987,-80.0,368.0
23.703,96.0,366.0
23.708,-28.0,362.0
23.7131,-85.0,362.0
23.7179,49.0,356.0
23.723,149.0,356.0
23.728,167.0,354.0
23.733,-160.0,350.0
23.738,-424.0,358.0
23.7429,33.0,352.0
23.7479,395.0,354.0
23.753,100.0,352.0
23.758,-59.0,348.0
23.763,-72.0,346.0
23.7679,-279.0,346.0
23.7729,-61.0,344.0
23.7781,375.0,344.0
23.7832,138.0,346.0
23.788,-253.0,346.0
23.793,-128.0,344.0
23.798,38.0,344.0
23.8044,51.0,342.0
23.808,181.0,342.0
23.8131,151.0,344.0
23.8182,-270.0,344.0
23.8231,-414.0,348.0
23.8282,106.0,348.0
23.8331,459.0,354.0
23.8381,162.0,356.0
23.8433,-181.0,356.0
23.848,-243.0,360.0
23.853,-177.0,358.0
23.8582,94.0,358.0
23.8629,359.0,358.0
23.868,82.0,358.0
23.8732,-334.0,360.0
23.8781,-147.0,360.0
23.883,205.0,362.0
23.8881,114.0,362.0
23.893,-52.0,362.0
23.8982,-32.0,362.0
23.9032,-111.0,362.0
23.908,-82.0,362.0
23.913,267.0,362.0
23.9179,206.0,362.0
23.923,-349.0,362.0
23.9281,-265.0,362.0
23.9331,314.0,366.0
23.938,186.0,366.0
23.943,-214.0,368.0
23.9479,4.0,368.0
23.9529,149.0,370.0
23.9581,-178.0,370.0
23.963,-150.0,370.0
23.9681,191.0,372.0
23.973,127.0,372.0
23.978,-16.0,370.0
23.983,36.0,370.0
23.9881,-174.0,370.0
23.9931,-298.0,372.0
23.998,177.0,374.0
24.003,444.0,376.0
24.0079,-13.0,376.0
24.0132,-343.0,378.0
24.018,-112.0,378.0
24.023,120.0,380.0
24.028,72.0,380.0
24.0331,12.0,380.0
24.038,67.0,380.0
24.0429,0.0,380.0
24.0481,-185.0,382.0
24.053,-47.0,380.0
24.0581,269.0,384.0
24.0631,68.0,386.0
24.068,-327.0,390.0
24.0731,-106.0,388.0
24.078,297.0,390.0
24.083,162.0,388.0
24.088,-174.0,388.0
24.0931,-178.0,384.0
24.098,50.0,382.0
24.103,154.0,378.0
24.1087,5.0,372.0
24.1131,-139.0,370.0
24.1179,4.0,362.0
24.123,148.0,358.0
24.128,-80.0,352.0
24.1332,-147.0,348.0
24.138,210.0,348.0
24.143,129.0,346.0
24.1479,-330.0,350.0
24.1532,-119.0,350.0
24.158,359.0,354.0
24.1632,114.0,354.0
24.1681,-289.0,352.0
24.1731,-91.0,350.0
24.178,187.0,346.0
24.1829,48.0,340.0
24.1881,-98.0,336.0
24.193,43.0,332.0
24.198,32.0,330.0
24.203,-202.0,332.0
24.2081,-33.0,330.0
24.2143,366.0,334.0
24.218,135.0,332.0
24.223,-423.0,334.0
24.2282,-254.0,332.0
24.233,313.0,332.0
24.2381,243.0,330.0
24.2434,-122.0,328.0
24.2481,-74.0,328.0
24.2531,5.0,324.0
24.2581,-112.0,326.0
24.263,-28.0,322.0
24.2679,139.0,324.0
24.2731,110.0,326.0
24.278,18.0,324.0
24.2832,-131.0,322.0
24.288,-206.0,322.0
24.293,92.0,316.0
24.298,267.0,318.0
24.3031,-107.0,314.0
24.308,-203.0,316.0
24.313,220.0,318.0
24.318,128.0,320.0
24.3232,-322.0,322.0
24.3281,-100.0,324.0
24.333,275.0,326.0
24.3381,38.0,324.0
24.343,-77.0,324.0
24.348,159.0,326.0
24.3533,-109.0,326.0
24.3585,-411.0,332.0
24.3631,115.0,332.0
24.368,475.0,336.0
24.373,20.0,334.0
24.378,-258.0,332.0
24.383,-89.0,332.0
24.388,-43.0,328.0
24.393,-5.0,326.0
24.398,175.0,328.0
24.403,145.0,328.0
24.408,-87.0,326.0
24.413,-168.0,328.0
24.418,-59.0,322.0
24.423,54.0,322.0
24.4281,95.0,318.0
24.4329,67.0,318.0
24.4381,-30.0,318.0
24.443,-86.0,318.0
24.4481,-25.0,316.0
24.4531,58.0,314.0
24.4579,95.0,312.0
24.463,-48.0,306.0
24.468,-228.0,308.0
24.4729,-1.0,300.0
24.4782,308.0,302.0
24.483,85.0,302.0
24.4882,-261.0,302.0
24.493,-83.0,300.0
24.4979,191.0,302.0
24.5032,-19.0,296.0
24.508,-178.0,298.0
24.5131,136.0,294.0
24.5192,187.0,296.0
24.5229,-197.0,296.0
24.5281,-201.0,296.0
24.533,149.0,298.0
24.538,236.0,302.0
24.543,23.0,300.0
24.5482,-247.0,302.0
24.553,-224.0,302.0
24.558,143.0,300.0
24.563,319.0,300.0
24.5681,68.0,298.0
24.5731,-277.0,296.0
24.578,-256.0,298.0
24.5829,168.0,298.0
24.588,290.0,302.0
24.593,-99.0,300.0
24.598,-120.0,300.0
24.6031,159.0,300.0
24.6081,-174.0,300.0
24.6133,-365.0,304.0
24.618,372.0,310.0
24.623,592.0,318.0
24.628,-314.0,320.0
24.633,-594.0,324.0
24.638,123.0,324.0
24.6433,270.0,320.0
24.6481,-46.0,322.0
24.6532,121.0,318.0
24.658,107.0,318.0
24.6629,-240.0,320.0
24.6679,-98.0,320.0
24.6729,65.0,322.0
24.6781,-107.0,322.0
24.6831,165.0,324.0
24.6881,402.0,328.0
24.6931,-256.0,330.0
24.6983,-566.0,336.0
24.7031,176.0,338.0
24.708,473.0,340.0
24.713,-80.0,340.0
24.7181,-240.0,338.0
24.724,134.0,338.0
24.7284,116.0,336.0
24.7332,-285.0,338.0
24.738,-203.0,340.0
24.743,362.0,344.0
24.7479,367.0,350.0
24.7529,-308.0,352.0
24.758,-423.0,360.0
24.7632,197.0,360.0
24.768,321.0,364.0
24.773,-116.0,364.0
24.778,-189.0,362.0
24.783,61.0,362.0
24.7879,165.0,360.0
24.7929,33.0,358.0
24.7981,-242.0,356.0
24.803,-155.0,356.0
24.8082,330.0,358.0
24.8132,244.0,360.0
24.8181,-357.0,362.0
24.8233,-299.0,366.0
24.8287,262.0,368.0
24.8338,283.0,372.0
24.8383,-86.0,374.0
24.8431,-151.0,372.0
24.848,-21.0,372.0
24.853,-19.0,366.0
24.8582,-8.0,364.0
24.863,109.0,360.0
24.868,94.0,358.0
24.8732,-110.0,354.0
24.8781,-140.0,352.0
24.8831,102.0,352.0
24.8882,129.0,354.0
24.893,-123.0,356.0
24.8981,-78.0,354.0
24.9032,152.0,356.0
24.908,5.0,354.0
24.9132,-158.0,356.0
24.918,37.0,356.0
24.9231,120.0,356.0
24.9292,-5.0,352.0
24.9332,-27.0,352.0
24.938,-48.0,348.0
24.943,-99.0,348.0
24.948,-1.0,344.0
24.9529,209.0,344.0
24.9581,190.0,346.0
24.963,-222.0,344.0
24.9682,-377.0,348.0
24.9732,113.0,346.0
24.9779,388.0,350.0
24.983,-4.0,350.0
24.9882,-242.0,352.0
24.993,31.0,350.0
24.998,119.0,346.0
25.003,-144.0,346.0
25.0081,-120.0,340.0
25.013,191.0,342.0
25.0181,171.0,342.0
25.0231,-138.0,342.0
25.0283,-169.0,344.0
25.0331,95.0,346.0
25.0379,111.0,344.0
25.0432,-121.0,344.0
25.0481,-60.0,344.0
25.0531,155.0,344.0
25.0579,35.0,344.0
25.063,-125.0,344.0
25.0681,-11.0,344.0
25.073,34.0,342.0
25.078,-37.0,342.0
25.083,53.0,342.0
25.0879,107.0,344.0
25.093,-60.0,344.0
25.0979,-131.0,344.0
25.1032,-37.0,344.0
25.108,27.0,340.0
25.1131,204.0,344.0
25.118,226.0,342.0
25.123,-331.0,346.0
25.1283,-519.0,350.0
25.133,308.0,354.0
25.139,643.0,362.0
25.1432,-160.0,364.0
25.1479,-482.0,368.0
25.153,41.0,366.0
25.1579,140.0,366.0
25.1638,-68.0,364.0
25.168,168.0,364.0
25.173,204.0,364.0
25.1779,-289.0,364.0
25.183,-295.0,370.0
25.188,224.0,368.0
25.193,229.0,368.0
25.198,-113.0,368.0
25.203,-35.0,364.0
25.2079,105.0,364.0
25.213,-162.0,362.0
25.2181,-225.0,362.0
25.2233,256.0,364.0
25.228,367.0,364.0
25.233,-217.0,366.0
25.238,-418.0,372.0
25.2432,108.0,370.0
25.2481,375.0,374.0
25.2532,16.0,368.0
25.2579,-287.0,366.0
25.2629,-147.0,360.0
25.268,159.0,358.0
25.2731,245.0,352.0
25.278,3.0,350.0
25.2832,-262.0,350.0
25.2882,-148.0,352.0
25.2929,200.0,352.0
25.2981,212.0,354.0
25.3031,-103.0,352.0
25.3082,-161.0,354.0
25.313,20.0,352.0
25.318,20.0,352.0
25.3233,-4.0,348.0
25.3284,95.0,344.0
25.3331,30.0,340.0
25.338,-52.0,332.0
25.3431,31.0,330.0
25.3482,-111.0,324.0
25.3531,-196.0,326.0
25.3581,224.0,326.0
25.3631,258.0,328.0
25.3681,-281.0,330.0
25.3731,-69.0,328.0
25.378,448.0,332.0
25.3832,-194.0,328.0
25.3881,-711.0,334.0
25.3932,240.0,332.0
25.398,790.0,338.0
25.403,-76.0,336.0
25.408,-511.0,340.0
25.4132,-32.0,338.0
25.418,70.0,336.0
25.423,-32.0,336.0
25.428,208.0,336.0
25.433,119.0,338.0
25.4384,-211.0,338.0
25.4431,-74.0,336.0
25.448,83.0,332.0
25.453,-40.0,330.0
25.4583,-1.0,324.0
25.463,64.0,320.0
25.4681,-32.0,316.0
25.473,6.0,312.0
25.478,80.0,312.0
25.4829,-39.0,310.0
25.488,-118.0,312.0
25.493,-17.0,312.0
25.4981,81.0,312.0
25.5031,87.0,312.0
25.508,23.0,312.0
25.5142,-70.0,310.0
25.5189,-82.0,310.0
25.523,-48.0,310.0
25.5282,-21.0,308.0
25.5333,152.0,308.0
25.538,250.0,310.0
25.543,-94.0,310.0
25.548,-381.0,316.0
25.5532,-86.0,314.0
25.5581,270.0,318.0
25.563,178.0,318.0
25.568,-89.0,320.0
25.5732,-91.0,322.0
25.5779,93.0,322.0
25.5831,-2.0,320.0
25.588,-241.0,324.0
25.593,-48.0,322.0
25.598,292.0,324.0
25.6029,136.0,322.0
25.608,-199.0,320.0
25.6131,-103.0,318.0
25.6181,126.0,314.0
25.623,28.0,316.0
25.628,-111.0,314.0
25.6329,-62.0,314.0
25.6381,21.0,312.0
25.6443,172.0,312.0
25.648,171.0,314.0
25.6529,-250.0,314.0
25.6582,-329.0,316.0
25.6629,270.0,318.0
25.6682,347.0,322.0
25.6731,-252.0,324.0
25.6782,-235.0,326.0
25.683,203.0,328.0
25.6881,56.0,328.0
25.6929,-160.0,328.0
25.698,93.0,328.0
25.7032,156.0,328.0
25.708,-133.0,330.0
25.7131,-156.0,332.0
25.7181,93.0,334.0
25.7229,113.0,334.0
25.7281,-90.0,334.0
25.7332,-18.0,334.0
25.7381,194.0,334.0
25.743,-94.0,336.0
25.749,-352.0,340.0
25.7537,168.0,340.0
25.758,448.0,344.0
25.763,-182.0,340.0
25.768,-414.0,340.0
25.773,172.0,338.0
25.778,295.0,332.0
25.783,-157.0,332.0
25.788,-169.0,326.0
25.7931,112.0,328.0
25.7981,50.0,326.0
25.803,-31.0,326.0
25.8081,95.0,324.0
25.8132,-23.0,322.0
25.818,-237.0,322.0
25.8229,10.0,316.0
25.8281,265.0,318.0
25.8332,-2.0,314.0
25.8379,-165.0,314.0
25.8432,61.0,314.0
25.848,56.0,314.0
25.853,-129.0,314.0
25.858,-14.0,310.0
25.863,143.0,308.0
25.8679,-8.0,304.0
25.873,-111.0,302.0
25.878,75.0,296.0
25.8831,52.0,296.0
25.8881,-161.0,292.0
25.893,15.0,292.0
25.8981,183.0,290.0
25.9032,-56.0,288.0
25.9081,-113.0,288.0
25.9129,24.0,284.0
25.9182,-4.0,284.0
25.9231,90.0,282.0
25.9282,152.0,282.0
25.9332,-205.0,282.0
25.938,-306.0,284.0
25.943,214.0,286.0
25.948,373.0,288.0
25.9531,-118.0,290.0
25.9581,-287.0,294.0
25.9631,20.0,294.0
25.9679,90.0,294.0
25.9731,-49.0,294.0
25.978,124.0,296.0
25.9831,281.0,300.0
25.9882,-234.0,302.0
25.9931,-624.0,308.0
25.998,162.0,308.0
26.003,829.0,316.0
26.008,0.0,312.0
26.0132,-761.0,322.0
26.0182,-90.0,318.0
26.0232,539.0,322.0
26.0289,63.0,312.0
26.0338,-381.0,314.0
26.0386,12.0,302.0
26.0433,398.0,308.0
26.048,-33.0,300.0
26.0531,-471.0,306.0
26.0581,-50.0,306.0
26.0643,390.0,312.0
26.0681,127.0,310.0
26.0733,-165.0,312.0
26.0797,-90.0,310.0
26.0831,16.0,308.0
26.0881,22.0,308.0
26.0931,-18.0,308.0
26.098,-27.0,308.0
26.1032,26.0,308.0
26.1082,29.0,308.0
26.1131,24.0,308.0
26.1181,76.0,308.0
26.1231,-17.0,308.0
26.1281,-181.0,308.0
26.1331,-84.0,310.0
26.138,82.0,310.0
26.143,101.0,310.0
26.148,155.0,312.0
26.1531,79.0,312.0
26.1579,-236.0,314.0
26.163,-259.0,318.0
26.1684,68.0,318.0
26.1745,197.0,318.0
26.1789,100.0,316.0
26.1832,20.0,316.0
26.188,-60.0,310.0
26.193,-137.0,312.0
26.198,-108.0,308.0
26.203,111.0,308.0
26.208,232.0,310.0
26.213,-57.0,310.0
26.2182,-206.0,310.0
26.2229,26.0,312.0
26.2281,-16.0,308.0
26.2329,-60.0,308.0
26.238,369.0,310.0
26.2432,226.0,310.0
26.2481,-624.0,318.0
26.2532,-425.0,322.0
26.2583,606.0,330.0
26.264,437.0,336.0
26.2681,-399.0,340.0
26.2732,-205.0,342.0
26.2782,221.0,346.0
26.283,-87.0,344.0
26.2882,-154.0,344.0
26.293,260.0,344.0
26.2981,106.0,342.0
26.3032,-320.0,342.0
26.308,1.0,336.0
26.3129,393.0,338.0
26.3182,-70.0,336.0
26.323,-471.0,340.0
26.328,-40.0,340.0
26.3346,338.0,342.0
26.338,209.0,344.0
26.3429,97.0,344.0
26.348,-109.0,344.0
26.3531,-485.0,348.0
26.3582,-296.0,352.0
26.3632,379.0,356.0
26.3682,575.0,364.0
26.3733,157.0,366.0
26.378,-370.0,368.0
26.3833,-580.0,376.0
26.3881,-136.0,372.0
26.393,497.0,378.0
26.3979,450.0,378.0
26.4029,-90.0,376.0
26.408,-333.0,374.0
26.4131,-161.0,374.0
26.4181,31.0,370.0
26.4231,96.0,370.0
26.4279,99.0,368.0
26.433,3.0,366.0
26.4381,-59.0,368.0
26.4434,77.0,368.0
26.4482,96.0,368.0
26.4531,-179.0,370.0
26.458,-240.0,370.0
26.463,99.0,372.0
26.4688,288.0,372.0
26.473,48.0,372.0
26.4781,-186.0,374.0
26.4831,-37.0,372.0
26.4879,115.0,374.0
26.4929,-112.0,374.0
26.4981,-161.0,376.0
26.503,188.0,376.0
26.508,186.0,380.0
26.513,-122.0,380.0
26.5179,-106.0,380.0
26.5229,30.0,380.0
26.5281,63.0,378.0
26.533,51.0,378.0
26.5379,-177.0,378.0
26.543,-160.0,380.0
26.548,329.0,384.0
26.5529,201.0,386.0
26.5582,-362.0,392.0
26.5632,-37.0,390.0
26.568,302.0,394.0
26.573,-236.0,394.0
26.578,-211.0,392.0
26.5831,386.0,394.0
26.5881,63.0,390.0
26.5931,-375.0,394.0
26.5979,113.0,392.0
26.603,326.0,396.0
26.608,-203.0,398.0
26.6131,-259.0,402.0
26.6182,183.0,402.0
26.623,147.0,400.0
26.6281,-134.0,398.0
26.6331,-73.0,390.0
26.6379,64.0,388.0
26.6433,92.0,376.0
26.6481,75.0,378.0
26.6531,-106.0,368.0
26.6579,-207.0,370.0
26.6629,30.0,362.0
26.668,181.0,364.0
26.6729,37.0,358.0
26.678,-8.0,358.0
26.683,30.0,352.0
26.6879,-148.0,354.0
26.693,-165.0,350.0
26.6982,230.0,352.0
26.703,223.0,350.0
26.7081,-317.0,352.0
26.713,-194.0,352.0
26.7182,414.0,358.0
26.7231,165.0,360.0
26.7283,-403.0,366.0
26.7332,-161.0,368.0
26.738,235.0,372.0
26.743,137.0,374.0
26.7479,-7.0,374.0
26.7529,-72.0,374.0
26.758,-139.0,374.0
26.763,14.0,374.0
26.7682,126.0,374.0
26.7734,-24.0,374.0
26.7779,8.0,372.0
26.783,102.0,372.0
26.7882,-93.0,370.0
26.793,-152.0,372.0
26.798,-2.0,368.0
26.803,98.0,366.0
26.808,178.0,368.0
26.8131,0.0,364.0
26.8182,-221.0,366.0
26.8231,-18.0,366.0
26.828,94.0,366.0
26.833,-93.0,366.0
26.8381,55.0,366.0
26.8433,285.0,368.0
26.848,-88.0,366.0
26.853,-446.0,372.0
26.8581,6.0,368.0
26.863,463.0,376.0
26.8681,87.0,376.0
26.873,-316.0,380.0
26.8779,-143.0,378.0
26.883,96.0,376.0
26.8882,183.0,368.0
26.8929,95.0,364.0
26.8983,-185.0,356.0
26.903,-196.0,352.0
26.908,75.0,348.0
26.9131,173.0,348.0
26.9179,137.0,346.0
26.9229,-21.0,344.0
26.9282,-313.0,348.0
26.933,-215.0,346.0
26.938,293.0,350.0
26.943,393.0,350.0
26.948,-61.0,352.0
26.953,-346.0,350.0
26.9581,-209.0,354.0
26.9631,73.0,346.0
26.968,321.0,352.0
26.973,267.0,350.0
26.9782,-216.0,350.0
26.9831,-505.0,356.0
26.988,-8.0,356.0
26.993,510.0,356.0
26.998,165.0,354.0
27.003,-299.0,352.0
27.0081,-140.0,346.0
27.0133,46.0,344.0
27.0181,44.0,338.0
27.023,144.0,332.0
27.0279,-7.0,330.0
27.0329,-266.0,326.0
27.0379,-6.0,320.0
27.0431,256.0,322.0
27.0479,25.0,316.0
27.0532,-59.0,316.0
27.0579,15.0,316.0
27.063,-179.0,316.0
27.0688,-138.0,318.0
27.073,200.0,320.0
27.078,256.0,324.0
27.0838,41.0,322.0
27.0881,-231.0,324.0
27.0932,-277.0,326.0
27.098,32.0,324.0
27.1031,246.0,326.0
27.108,199.0,324.0
27.1129,9.0,324.0
27.118,-294.0,326.0
27.1231,-254.0,328.0
27.1283,215.0,330.0
27.1332,333.0,334.0
27.138,-59.0,332.0
27.1429,-282.0,334.0
27.1479,-57.0,332.0
27.1529,190.0,332.0
27.158,96.0,332.0
27.163,-78.0,332.0
27.1679,-92.0,334.0
27.1731,-87.0,334.0
27.1779,94.0,332.0
27.1829,320.0,336.0
27.1892,-73.0,332.0
27.193,-541.0,336.0
27.198,-67.0,332.0
27.203,579.0,340.0
27.2082,308.0,340.0
27.213,-361.0,342.0
27.2181,-440.0,346.0
27.2229,40.0,340.0
27.2282,279.0,344.0
27.2329,144.0,340.0
27.2382,126.0,340.0
27.2433,-54.0,336.0
27.248,-492.0,340.0
27.253,-230.0,340.0
27.258,549.0,346.0
27.2629,450.0,350.0
27.2682,-295.0,354.0
27.2732,-389.0,358.0
27.2781,-56.0,358.0
27.2838,72.0,358.0
27.289,276.0,360.0
27.2929,274.0,364.0
27.298,-283.0,364.0
27.3031,-441.0,372.0
27.3081,195.0,372.0
27.3132,403.0,378.0
27.3181,-179.0,380.0
27.3229,-277.0,384.0
27.3282,275.0,386.0
27.3331,177.0,386.0
27.3381,-384.0,388.0
27.343,-147.0,388.0
27.3479,375.0,388.0
27.3532,156.0,388.0
27.3584,-217.0,384.0
27.363,-161.0,384.0
27.3681,25.0,378.0
27.3731,135.0,378.0
27.3779,52.0,376.0
27.3839,-90.0,374.0
27.388,-1.0,374.0
27.393,83.0,374.0
27.398,-34.0,372.0
27.4031,-140.0,374.0
27.408,-41.0,374.0
27.4132,171.0,376.0
27.4182,112.0,378.0
27.423,-72.0,376.0
27.4279,-18.0,376.0
27.433,-115.0,376.0
27.438,-184.0,378.0
27.4432,221.0,380.0
27.4482,274.0,382.0
27.4532,-134.0,384.0
27.4581,-126.0,382.0
27.4637,-77.0,382.0
27.468,-186.0,384.0
27.473,242.0,386.0
27.478,463.0,394.0
27.483,-265.0,392.0
27.4881,-503.0,400.0
27.493,229.0,396.0
27.4981,319.0,400.0
27.5032,-244.0,398.0
27.508,-136.0,398.0
27.5154,275.0,398.0
27.518,72.0,396.0
27.523,-224.0,398.0
27.5283,-63.0,396.0
27.533,69.0,396.0
27.538,80.0,394.0
27.5429,162.0,394.0
27.5479,-126.0,394.0
27.5529,-402.0,398.0
27.558,132.0,398.0
27.5632,517.0,406.0
27.5681,-57.0,402.0
27.573,-416.0,406.0
27.5779,-45.0,402.0
27.583,172.0,398.0
27.5893,129.0,398.0
27.5935,68.0,394.0
27.598,-163.0,394.0
27.603,-217.0,396.0
27.6083,69.0,392.0
27.613,225.0,392.0
27.6182,179.0,390.0
27.623,-56.0,384.0
27.628,-425.0,390.0
27.633,-216.0,386.0
27.6381,453.0,390.0
27.6432,383.0,392.0
27.6481,-240.0,394.0
27.6532,-270.0,396.0
27.658,-18.0,396.0
27.6629,-46.0,394.0
27.6679,155.0,396.0
27.673,315.0,398.0
27.6781,-201.0,400.0
27.683,-413.0,404.0
27.6882,233.0,406.0
27.693,408.0,412.0
27.698,-229.0,416.0
27.7031,-353.0,418.0
27.708,145.0,418.0
27.7131,240.0,418.0
27.718,-27.0,416.0
27.7231,-71.0,416.0
27.7283,-28.0,412.0
27.7332,-93.0,410.0
27.738,-4.0,410.0
27.743,160.0,408.0
27.748,48.0,406.0
27.7529,-87.0,406.0
27.758,-31.0,402.0
27.7633,-88.0,400.0
27.7681,-21.0,396.0
27.7729,275.0,396.0
27.7779,49.0,396.0
27.7831,-389.0,398.0
27.788,-67.0,398.0
27.794,386.0,400.0
27.7985,128.0,402.0
27.803,-253.0,404.0
27.8079,-211.0,406.0
27.813,17.0,404.0
27.818,229.0,406.0
27.823,223.0,406.0
27.828,-127.0,406.0
27.8329,-327.0,402.0
27.838,-43.0,402.0
27.8432,232.0,398.0
27.8481,159.0,394.0
27.8531,-5.0,390.0
27.8579,-141.0,384.0
27.8629,-211.0,388.0
27.8679,24.0,384.0
27.8733,300.0,386.0
27.878,84.0,384.0
27.883,-266.0,388.0
27.8882,-117.0,382.0
27.893,215.0,382.0
27.899,112.0,376.0
27.903,-179.0,372.0
27.9081,-86.0,368.0
27.9132,126.0,364.0
27.918,-26.0,364.0
27.9233,-104.0,364.0
27.9282,195.0,362.0
27.9331,142.0,360.0
27.938,-265.0,360.0
27.943,-155.0,356.0
27.9479,189.0,356.0
27.9529,59.0,350.0
27.958,-101.0,348.0
27.963,113.0,346.0
27.9682,136.0,344.0
27.9732,-201.0,344.0
27.978,-223.0,342.0
27.9829,88.0,342.0
27.9881,162.0,338.0
27.993,101.0,336.0
27.9985,49.0,334.0
28.0029,-185.0,334.0
28.0079,-201.0,338.0
28.013,185.0,338.0
28.0181,178.0,340.0
28.023,-237.0,342.0
28.028,-65.0,344.0
28.033,356.0,348.0
28.038,-26.0,348.0
28.0432,-448.0,352.0
28.048,44.0,352.0
28.0531,463.0,358.0
28.0579,22.0,356.0
28.0629,-419.0,362.0
28.068,-120.0,362.0
28.0729,321.0,366.0
28.078,125.0,364.0
28.0832,-181.0,364.0
28.0879,15.0,360.0
28.0929,59.0,360.0
28.0981,-228.0,360.0
28.1032,-17.0,360.0
28.1079,417.0,364.0
28.1129,99.0,362.0
28.118,-488.0,362.0
28.1231,-261.0,362.0
28.1283,352.0,360.0
28.133,315.0,360.0
28.138,-95.0,356.0
28.1429,-147.0,356.0
28.1479,-44.0,354.0
28.153,-77.0,350.0
28.158,-28.0,350.0
28.1636,112.0,348.0
28.1684,168.0,350.0
28.1732,59.0,350.0
28.1782,-205.0,352.0
28.1832,-217.0,352.0
28.1884,157.0,354.0
28.1933,190.0,350.0
28.1981,-141.0,350.0
28.2032,-57.0,342.0
28.2082,157.0,344.0
28.2145,-7.0,338.0
28.2182,-91.0,338.0
28.2238,14.0,336.0
28.2279,-54.0,336.0
28.233,-114.0,336.0
28.2381,98.0,334.0
28.2442,300.0,336.0
28.2486,47.0,336.0
28.2532,-364.0,338.0
28.2582,-224.0,338.0
28.2631,181.0,340.0
28.2684,220.0,338.0
28.2737,106.0,336.0
28.2785,-33.0,330.0
28.2835,-263.0,328.0
28.2881,-177.0,326.0
28.2932,251.0,326.0
28.2984,321.0,330.0
28.3045,-183.0,332.0
28.3079,-406.0,336.0
28.3137,109.0,334.0
28.3181,412.0,336.0
28.3234,-46.0,332.0
28.3286,-321.0,332.0
28.3329,38.0,326.0
28.338,224.0,326.0
28.3434,-71.0,322.0
28.3482,-214.0,324.0
28.3531,60.0,320.0
28.3591,241.0,324.0
28.3629,-3.0,322.0
28.3685,-207.0,326.0
28.3735,-7.0,324.0
28.3784,144.0,326.0
28.3832,-50.0,324.0
28.3886,-147.0,326.0
28.3929,66.0,326.0
28.3979,204.0,328.0
28.4033,31.0,328.0
28.4082,-211.0,330.0
28.4132,-147.0,328.0
28.418,140.0,330.0
28.423,161.0,326.0
28.4279,-71.0,326.0
28.433,-113.0,322.0
28.438,64.0,322.0
28.4438,122.0,320.0
28.4487,-82.0,318.0
28.4536,-208.0,320.0
28.4581,43.0,318.0
28.4633,263.0,318.0
28.4683,68.0,318.0
28.4738,-187.0,314.0
28.4793,-156.0,316.0
28.483,11.0,314.0
28.4879,123.0,312.0
28.4929,121.0,314.0
28.4982,9.0,312.0
28.5035,-111.0,310.0
28.5079,-128.0,312.0
28.5135,20.0,308.0
28.5181,147.0,310.0
28.5231,-12.0,306.0
28.5285,-108.0,304.0
28.5334,128.0,304.0
28.5379,122.0,304.0
28.543,-211.0,304.0
28.5482,-185.0,306.0
28.5531,156.0,306.0
28.5585,193.0,308.0
28.5629,-56.0,308.0
28.5685,-121.0,308.0
28.5737,26.0,306.0
28.5781,55.0,302.0
28.5839,-50.0,300.0
28.5882,-49.0,298.0
28.5934,67.0,298.0
28.5981,67.0,298.0
28.6032,-86.0,298.0
28.6083,-42.0,296.0
28.613,122.0,294.0
28.6185,-27.0,292.0
28.623,-133.0,292.0
28.6294,96.0,292.0
28.6331,100.0,292.0
28.6386,-149.0,292.0
28.643,-78.0,292.0
28.6484,158.0,290.0
28.6543,78.0,288.0
28.658,-85.0,288.0
28.6631,-19.0,284.0
28.6682,3.0,282.0
28.6737,-97.0,278.0
28.6785,-30.0,278.0
28.6836,132.0,274.0
28.6881,132.0,276.0
28.6932,-22.0,268.0
28.6985,-172.0,270.0
28.7035,-113.0,266.0
28.7079,99.0,266.0
28.7135,135.0,262.0
28.7185,49.0,262.0
28.7237,0.0,258.0
28.7283,-155.0,260.0
28.7337,-202.0,264.0
28.7379,65.0,260.0
28.7431,274.0,264.0
28.7481,168.0,260.0
28.753,-148.0,262.0
28.7585,-303.0,258.0
28.7634,13.0,254.0
28.7688,271.0,254.0
28.7736,-53.0,250.0
28.7782,-266.0,252.0
28.7832,220.0,254.0
28.7884,405.0,258.0
28.7935,-341.0,262.0
28.7982,-524.0,270.0
28.8032,317.0,274.0
28.8081,408.0,278.0
28.8133,-226.0,280.0
28.8179,-102.0,278.0
28.8233,202.0,278.0
28.8294,-151.0,278.0
28.8334,-247.0,280.0
28.8382,218.0,280.0
28.8433,269.0,284.0
28.8487,-169.0,284.0
28.8531,-251.0,288.0
28.8582,112.0,288.0
28.8631,220.0,292.0
28.8683,-62.0,292.0
28.8738,-155.0,292.0
28.8779,24.0,290.0
28.8834,60.0,288.0
28.8881,-43.0,288.0
28.8932,-31.0,282.0
28.8982,98.0,280.0
28.9034,123.0,280.0
28.908,-94.0,278.0
28.9137,-258.0,280.0
28.9181,-15.0,280.0
28.9232,319.0,280.0
28.9279,159.0,280.0
28.9338,-270.0,280.0
28.9379,-237.0,278.0
28.9434,189.0,278.0
28.9483,218.0,276.0
28.9531,-165.0,276.0
28.9579,-121.0,272.0
28.963,219.0,274.0
28.9686,-23.0,270.0
28.9732,-306.0,274.0
28.9783,157.0,274.0
28.9834,375.0,278.0
28.9885,-208.0,278.0
28.994,-384.0,284.0
28.9979,171.0,282.0
29.003,298.0,286.0
29.0081,-113.0,286.0
29.0137,-153.0,288.0
29.0185,96.0,286.0
29.0233,65.0,286.0
29.0291,-104.0,286.0
29.0331,-116.0,288.0
29.0382,68.0,284.0
29.0435,272.0,288.0
29.0487,58.0,286.0
29.0535,-427.0,290.0
29.0582,-241.0,292.0
29.063,483.0,298.0
29.0683,380.0,302.0
29.0737,-409.0,306.0
29.078,-396.0,312.0
29.0834,259.0,314.0
29.0881,282.0,318.0
29.0932,-148.0,316.0
29.0982,-106.0,318.0
29.1034,157.0,316.0
29.1085,-2.0,314.0
29.1133,-221.0,316.0
29.1181,-18.0,312.0
29.1231,206.0,316.0
29.1285,79.0,316.0
29.1335,-116.0,316.0
29.139,-75.0,316.0
29.1429,64.0,316.0
29.1481,26.0,314.0
29.1533,-58.0,314.0
29.1596,24.0,312.0
29.1636,17.0,312.0
29.168,-97.0,312.0
29.1729,21.0,310.0
29.1779,152.0,312.0
29.1831,46.0,308.0
29.1881,-67.0,306.0
29.193,-179.0,308.0
29.198,-154.0,306.0
29.203,217.0,310.0
29.2079,305.0,312.0
29.2131,-125.0,314.0
29.2182,-211.0,316.0
29.2229,32.0,316.0
29.2281,-45.0,316.0
29.2333,-23.0,314.0
29.2382,256.0,318.0
29.243,50.0,318.0
29.248,-323.0,322.0
29.2529,-54.0,320.0
29.2579,269.0,324.0
29.2629,45.0,324.0
29.268,-107.0,324.0
29.2731,-7.0,322.0
29.278,-122.0,322.0
29.2829,-121.0,322.0
29.2879,246.0,324.0
29.2929,271.0,326.0
29.2982,-162.0,328.0
29.3031,-261.0,332.0
29.3079,7.0,332.0
29.3129,79.0,332.0
29.3179,54.0,332.0
29.3229,98.0,332.0
29.3288,-13.0,330.0
29.333,-155.0,332.0
29.338,-85.0,330.0
29.3429,104.0,330.0
29.3479,213.0,332.0
29.3529,16.0,330.0
29.3579,-282.0,334.0
29.363,-143.0,336.0
29.368,202.0,336.0
29.3731,169.0,336.0
29.378,-30.0,336.0
29.3829,-42.0,332.0
29.3879,-65.0,330.0
29.393,-134.0,330.0
29.3979,37.0,326.0
29.403,205.0,328.0
29.408,-11.0,324.0
29.4131,-132.0,326.0
29.418,93.0,324.0
29.4229,25.0,320.0
29.428,-195.0,316.0
29.433,24.0,312.0
29.4395,143.0,306.0
29.4433,-67.0,302.0
29.4479,78.0,296.0
29.4531,175.0,296.0
29.458,-285.0,298.0
29.463,-259.0,300.0
29.468,303.0,302.0
29.4731,159.0,300.0
29.4782,-165.0,300.0
29.4832,115.0,298.0
29.4879,42.0,296.0
29.4929,-343.0,296.0
29.4982,-18.0,296.0
29.5031,352.0,298.0
29.508,42.0,298.0
29.5164,-215.0,298.0
29.5179,-73.0,298.0
29.5231,80.0,300.0
29.528,125.0,300.0
29.5329,27.0,300.0
29.538,-173.0,302.0
29.5429,-118.0,302.0
29.5479,151.0,302.0
29.553,125.0,300.0
29.5582,-73.0,302.0
29.5629,-19.0,296.0
29.5681,37.0,294.0
29.573,-105.0,292.0
29.578,-96.0,290.0
29.5831,141.0,290.0
29.5881,156.0,288.0
29.5931,-84.0,286.0
29.598,-112.0,286.0
29.603,0.0,284.0
29.6079,8.0,284.0
29.613,72.0,280.0
29.6179,81.0,278.0
29.6231,-106.0,274.0
29.6279,-150.0,274.0
29.6329,77.0,268.0
29.6381,171.0,268.0
29.643,-74.0,264.0
29.6481,-132.0,266.0
29.6531,236.0,266.0
29.658,128.0,266.0
29.6629,-490.0,274.0
29.6682,-195.0,276.0
29.6731,592.0,282.0
29.6781,204.0,284.0
29.6831,-447.0,288.0
29.688,-61.0,288.0
29.693,190.0,284.0
29.6985,-129.0,282.0
29.703,26.0,274.0
29.7079,203.0,272.0
29.7131,-159.0,268.0
29.718,-128.0,264.0
29.7229,206.0,264.0
29.7279,-31.0,260.0
29.7331,-160.0,260.0
29.7388,241.0,262.0
29.7431,88.0,260.0
29.7479,-468.0,268.0
29.7532,-126.0,266.0
29.7581,605.0,276.0
29.763,285.0,276.0
29.7679,-540.0,284.0
29.7729,-395.0,288.0
29.778,308.0,292.0
29.783,307.0,296.0
29.7881,-108.0,296.0
29.793,-48.0,296.0
29.798,131.0,298.0
29.803,-183.0,300.0
29.8079,-331.0,304.0
29.8131,186.0,308.0
29.8181,413.0,312.0
29.8229,31.0,312.0
29.828,-158.0,312.0
29.833,-230.0,314.0
29.8379,-269.0,316.0
29.843,213.0,316.0
29.8483,499.0,318.0
29.8531,-79.0,318.0
29.8579,-424.0,320.0
29.8629,75.0,322.0
29.8681,285.0,326.0
29.8729,-226.0,328.0
29.878,-285.0,328.0
29.8829,304.0,332.0
29.888,335.0,332.0
29.893,-201.0,336.0
29.898,-263.0,336.0
29.9029,91.0,336.0
29.9079,138.0,336.0
29.913,-122.0,338.0
29.9182,-157.0,338.0
29.923,163.0,340.0
29.9283,276.0,340.0
29.9329,-51.0,336.0
29.9379,-270.0,338.0
29.9442,-141.0,336.0
29.9489,113.0,338.0
29.9529,247.0,340.0
29.9583,0.0,340.0
29.963,-232.0,342.0
29.9681,34.0,342.0
29.9729,200.0,342.0
29.978,-128.0,344.0
29.983,-234.0,346.0
29.988,131.0,344.0
29.993,298.0,348.0
29.9979,8.0,344.0
30.0029,-246.0,346.0
30.008,-151.0,346.0
30.013,32.0,342.0
30.0179,97.0,344.0
30.023,167.0,346.0
30.0279,115.0,346.0
30.0329,-196.0,348.0
30.038,-216.0,350.0
30.0431,164.0,350.0
30.0484,74.0,350.0
30.0529,-257.0,352.0
30.0579,134.0,354.0
30.0629,438.0,360.0
30.068,-195.0,360.0
30.0731,-498.0,368.0
30.0781,128.0,366.0
30.0831,336.0,372.0
30.0881,-106.0,372.0
30.093,-105.0,370.0
30.0981,180.0,368.0
30.103,-6.0,364.0
30.1082,-223.0,364.0
30.113,16.0,362.0
30.1182,159.0,362.0
30.1231,-42.0,360.0
30.1279,-52.0,360.0
30.1329,103.0,356.0
30.1379,-26.0,356.0
30.1429,-134.0,354.0
30.1486,73.0,354.0
30.1533,104.0,352.0
30.1579,-116.0,352.0
30.163,-53.0,352.0
30.1689,174.0,354.0
30.1735,26.0,354.0
30.1784,-213.0,354.0
30.1832,-25.0,352.0
30.188,204.0,354.0
30.193,33.0,352.0
30.198,-172.0,354.0
30.2029,-64.0,354.0
30.208,122.0,356.0
30.2131,137.0,356.0
30.2179,0.0,354.0
30.2229,-206.0,356.0
30.2281,-159.0,356.0
30.233,186.0,356.0
30.238,187.0,358.0
30.2433,-99.0,360.0
30.248,-38.0,360.0
30.2534,57.0,360.0
30.2581,-142.0,360.0
30.2629,-68.0,360.0
30.2681,247.0,362.0
30.2731,72.0,362.0
30.278,-280.0,364.0
30.283,-91.0,364.0
30.2879,229.0,366.0
30.2929,151.0,364.0
30.2981,-72.0,362.0
30.303,-179.0,358.0
30.308,-99.0,356.0
30.3129,114.0,350.0
30.318,122.0,348.0
30.3229,-67.0,342.0
30.3279,21.0,342.0
30.3329,213.0,342.0
30.3379,-123.0,342.0
30.343,-490.0,348.0
30.3479,23.0,346.0
30.3529,597.0,352.0
30.3581,141.0,354.0
30.363,-407.0,356.0
30.368,-145.0,358.0
30.373,96.0,356.0
30.3779,-18.0,354.0
30.3831,126.0,354.0
30.3882,194.0,350.0
30.393,-201.0,350.0
30.398,-263.0,346.0
30.403,183.0,344.0
30.408,223.0,340.0
30.413,-145.0,336.0
30.4182,-152.0,332.0
30.4229,81.0,330.0
30.4279,97.0,328.0
30.433,55.0,330.0
30.4379,-32.0,328.0
30.4432,-211.0,328.0
30.448,-39.0,324.0
30.4532,278.0,324.0
30.4592,24.0,318.0
30.463,-268.0,322.0
30.468,100.0,322.0
30.4729,252.0,322.0
30.478,-212.0,322.0
30.4831,-214.0,322.0
30.4879,211.0,316.0
30.493,95.0,316.0
30.4981,-150.0,312.0
30.503,77.0,312.0
30.508,136.0,310.0
30.513,-231.0,310.0
30.5181,-198.0,308.0
30.523,363.0,310.0
30.5283,304.0,310.0
30.5331,-477.0,314.0
30.538,-414.0,316.0
30.543,475.0,322.0
30.5479,428.0,326.0
30.553,-305.0,330.0
30.5585,-260.0,332.0
30.5631,85.0,330.0
30.568,-9.0,326.0
30.573,42.0,326.0
30.578,189.0,324.0
30.5831,-104.0,324.0
30.5882,-189.0,324.0
30.5931,220.0,324.0
30.598,134.0,326.0
30.603,-354.0,328.0
30.608,-155.0,330.0
30.6131,343.0,332.0
30.6181,164.0,334.0
30.623,-180.0,332.0
30.6281,-26.0,330.0
30.6329,40.0,326.0
30.638,-186.0,330.0
30.6431,-25.0,326.0
30.6481,286.0,328.0
30.6531,30.0,328.0
30.658,-232.0,330.0
30.6629,84.0,328.0
30.668,193.0,330.0
30.6731,-261.0,332.0
30.6781,-302.0,332.0
30.6832,291.0,334.0
30.688,433.0,340.0
30.6929,-120.0,338.0
30.6981,-377.0,342.0
30.7031,-68.0,336.0
30.7081,158.0,336.0
30.713,105.0,330.0
30.7179,3.0,328.0
30.7231,-6.0,322.0
30.7279,14.0,320.0
30.7332,-111.0,320.0
30.7381,-120.0,320.0
30.7429,140.0,322.0
30.7479,133.0,320.0
30.753,-74.0,322.0
30.758,33.0,320.0
30.7629,31.0,320.0
30.7681,-248.0,322.0
30.7729,-102.0,322.0
30.7779,281.0,326.0
30.7829,163.0,326.0
30.7881,-108.0,328.0
30.793,-22.0,326.0
30.798,-54.0,326.0
30.8029,-285.0,328.0
30.8079,60.0,326.0
30.813,525.0,334.0
30.8181,32.0,332.0
30.823,-523.0,340.0
30.828,-98.0,338.0
30.8329,299.0,342.0
30.8379,31.0,340.0
30.8439,-64.0,340.0
30.8481,141.0,340.0
30.8531,31.0,338.0
30.8579,-231.0,342.0
30.8629,-177.0,342.0
30.8681,120.0,342.0
30.8729,314.0,344.0
30.8779,77.0,342.0
30.8831,-314.0,344.0
30.888,-181.0,346.0
30.8929,211.0,350.0
30.898,138.0,350.0
30.9031,-136.0,350.0
30.908,-25.0,346.0
30.913,171.0,348.0
30.9181,-36.0,344.0
30.9232,-260.0,348.0
30.9281,-40.0,344.0
30.9331,268.0,346.0
30.9379,194.0,348.0
30.9429,-109.0,346.0
30.948,-224.0,348.0
30.9529,-117.0,348.0
30.958,50.0,348.0
30.9631,184.0,350.0
30.9681,152.0,352.0
30.9731,-19.0,348.0
30.9779,-164.0,350.0
30.9831,-187.0,344.0
30.9881,-19.0,344.0
30.993,210.0,338.0
30.9979,210.0,340.0
31.0029,-58.0,334.0
31.0079,-258.0,336.0
31.013,-66.0,336.0
31.0181,195.0,338.0
31.023,52.0,338.0
31.0279,-119.0,336.0
31.0331,21.0,334.0
31.0379,63.0,330.0
31.0432,-52.0,328.0
31.0482,-33.0,324.0
31.0529,20.0,322.0
31.0579,53.0,322.0
31.0629,41.0,320.0
31.0679,-113.0,322.0
31.0729,-98.0,322.0
31.078,153.0,324.0
31.0829,138.0,322.0
31.0891,-119.0,324.0
31.093,-146.0,322.0
31.0981,36.0,322.0
31.1031,87.0,318.0
31.108,25.0,318.0
31.1129,12.0,314.0
31.118,-47.0,312.0
31.123,-42.0,308.0
31.128,67.0,306.0
31.1331,-55.0,306.0
31.1379,-118.0,306.0
31.1429,189.0,308.0
31.1479,179.0,308.0
31.1529,-231.0,308.0
31.158,-192.0,308.0
31.1629,173.0,304.0
31.1681,122.0,302.0
31.1729,-97.0,296.0
31.1779,15.0,290.0
31.183,65.0,284.0
31.1887,-137.0,278.0
31.1932,-43.0,274.0
31.1983,161.0,274.0
31.203,-44.0,272.0
31.2079,-129.0,274.0
31.2131,175.0,276.0
31.2179,124.0,276.0
31.2231,-224.0,278.0
31.228,-124.0,276.0
31.233,138.0,276.0
31.2379,57.0,274.0
31.243,5.0,268.0
31.248,77.0,268.0
31.2531,-74.0,262.0
31.2579,-196.0,264.0
31.2629,11.0,260.0
31.268,211.0,264.0
31.273,104.0,264.0
31.2779,-108.0,264.0
31.2831,-134.0,266.0
31.288,-26.0,262.0
31.2929,36.0,262.0
31.298,69.0,258.0
31.3031,76.0,258.0
31.308,0.0,256.0
31.3129,-76.0,252.0
31.3179,-68.0,248.0
31.3229,24.0,244.0
31.328,75.0,240.0
31.333,-62.0,238.0
31.3379,-75.0,234.0
31.3429,142.0,234.0
31.3479,76.0,234.0
31.3531,-149.0,234.0
31.3581,-34.0,234.0
31.363,136.0,236.0
31.3681,-15.0,236.0
31.373,-177.0,238.0
31.3779,36.0,236.0
31.383,209.0,238.0
31.388,-75.0,236.0
31.393,-176.0,238.0
31.3979,129.0,240.0
31.4029,84.0,240.0
31.4079,-148.0,238.0
31.4129,58.0,238.0
31.4179,145.0,236.0
31.423,-188.0,236.0
31.4279,-142.0,238.0
31.4329,221.0,240.0
31.4381,110.0,242.0
31.4432,-169.0,240.0
31.4479,-40.0,238.0
31.453,96.0,232.0
31.4581,-35.0,232.0
31.4631,-29.0,224.0
31.4679,120.0,224.0
31.473,-6.0,220.0
31.4779,-220.0,224.0
31.483,-20.0,222.0
31.4881,307.0,226.0
31.4929,99.0,226.0
31.4981,-357.0,228.0
31.5029,-221.0,228.0
31.508,301.0,232.0
31.5171,335.0,232.0
31.5182,-76.0,232.0
31.5229,-300.0,232.0
31.5279,-167.0,232.0
31.5329,60.0,230.0
31.538,159.0,230.0
31.543,194.0,230.0
31.5479,106.0,232.0
31.553,-264.0,234.0
31.5582,-340.0,238.0
31.563,201.0,238.0
31.5681,377.0,242.0
31.573,-145.0,240.0
31.5779,-314.0,242.0
31.5831,85.0,242.0
31.5892,211.0,242.0
31.5929,-5.0,240.0
31.598,-21.0,240.0
31.603,10.0,236.0
31.6085,-176.0,238.0
31.613,-128.0,238.0
31.6181,221.0,240.0
31.6229,191.0,240.0
31.6279,-148.0,242.0
31.6329,-86.0,240.0
31.6383,152.0,238.0
31.6433,-60.0,238.0
31.6482,-267.0,240.0
31.653,70.0,240.0
31.6579,312.0,240.0
31.663,22.0,240.0
31.6679,-154.0,242.0
31.6729,-33.0,242.0
31.6781,-74.0,242.0
31.6831,-101.0,242.0
31.6879,136.0,244.0
31.6929,212.0,246.0
31.6979,-7.0,246.0
31.7031,-144.0,248.0
31.708,-105.0,248.0
31.7129,-9.0,246.0
31.718,98.0,246.0
31.7229,93.0,244.0
31.7279,-68.0,244.0
31.7329,-113.0,244.0
31.7379,65.0,244.0
31.743,106.0,244.0
31.7479,-63.0,244.0
31.7528,-70.0,246.0
31.7582,76.0,246.0
31.7631,52.0,246.0
31.7681,-122.0,248.0
31.7729,-107.0,248.0
31.7779,169.0,248.0
31.7829,227.0,250.0
31.788,-171.0,250.0
31.793,-351.0,250.0
31.798,125.0,250.0
31.8029,415.0,254.0
31.8079,-60.0,252.0
31.8132,-389.0,258.0
31.818,-7.0,258.0
31.823,274.0,260.0
31.828,72.0,260.0
31.8329,-101.0,260.0
31.8381,-87.0,260.0
31.843,-57.0,260.0
31.848,26.0,258.0
31.8529,136.0,258.0
31.8579,53.0,256.0
31.8629,-119.0,254.0
31.868,-72.0,254.0
31.873,32.0,252.0
31.8779,27.0,252.0
31.8829,48.0,252.0
31.8879,22.0,252.0
31.8943,-31.0,250.0
31.898,-9.0,248.0
31.9031,-88.0,248.0
31.9081,-91.0,248.0
31.9131,214.0,248.0
31.9181,213.0,250.0
31.9229,-220.0,252.0
31.928,-214.0,254.0
31.933,93.0,256.0
31.938,30.0,254.0
31.9429,27.0,254.0
31.9479,175.0,256.0
31.953,-10.0,256.0
31.9582,-171.0,258.0
31.9631,-82.0,258.0
31.9682,-52.0,258.0
31.973,72.0,258.0
31.9779,248.0,260.0
31.9829,48.0,260.0
31.9881,-210.0,262.0
31.9929,-91.0,260.0
31.998,67.0,262.0
32.003,5.0,260.0
32.0079,-112.0,260.0
32.0129,-32.0,258.0
32.018,366.0,264.0
32.0229,358.0,266.0
32.028,-519.0,272.0
32.033,-754.0,282.0
32.0379,337.0,286.0
32.0431,787.0,296.0
32.048,2.0,294.0
32.053,-387.0,298.0
32.058,-153.0,300.0
32.0629,-43.0,296.0
32.068,85.0,296.0
32.0731,170.0,296.0
32.078,-15.0,294.0
32.0829,-59.0,292.0
32.088,36.0,292.0
32.0929,-44.0,290.0
32.0991,-79.0,292.0
32.1038,-1.0,292.0
32.1086,64.0,290.0
32.1129,143.0,292.0
32.118,11.0,290.0
32.1229,-213.0,292.0
32.128,-61.0,288.0
32.1331,190.0,290.0
32.1379,49.0,286.0
32.1429,-216.0,284.0
32.1479,-91.0,282.0
32.1531,346.0,282.0
32.1581,271.0,284.0
32.1629,-447.0,288.0
32.1679,-465.0,292.0
32.1729,385.0,296.0
32.1779,453.0,302.0
32.183,-199.0,302.0
32.1881,-199.0,304.0
32.1929,43.0,300.0
32.1983,-92.0,296.0
32.2029,11.0,292.0
32.2079,217.0,290.0
32.213,-23.0,288.0
32.2185,-206.0,286.0
32.2229,26.0,286.0
32.2279,220.0,286.0
32.2329,36.0,286.0
32.2379,-278.0,290.0
32.2432,-155.0,292.0
32.2479,249.0,294.0
32.2529,201.0,294.0
32.2579,-96.0,292.0
32.263,-82.0,292.0
32.2682,-29.0,290.0
32.2729,-80.0,290.0
32.2779,2.0,286.0
32.2829,69.0,288.0
32.2882,72.0,284.0
32.2929,121.0,284.0
32.2981,-13.0,280.0
32.303,-246.0,284.0
32.3079,-152.0,284.0
32.3129,130.0,286.0
32.3179,194.0,288.0
32.3228,76.0,286.0
32.328,4.0,284.0
32.3331,-98.0,282.0
32.338,-251.0,286.0
32.3429,-44.0,286.0
32.3479,342.0,288.0
32.3529,102.0,290.0
32.358,-335.0,294.0
32.363,-14.0,292.0
32.3679,334.0,296.0
32.3729,-89.0,296.0
32.378,-300.0,300.0
32.3829,156.0,300.0
32.3879,193.0,302.0
32.3929,-201.0,304.0
32.3979,-53.0,304.0
32.4035,223.0,308.0
32.408,-74.0,306.0
32.413,-240.0,308.0
32.4179,134.0,308.0
32.423,247.0,308.0
32.4279,-82.0,306.0
32.4332,-143.0,304.0
32.4379,2.0,302.0
32.4431,-79.0,296.0
32.4479,-38.0,296.0
32.453,203.0,294.0
32.4581,165.0,296.0
32.4629,-74.0,292.0
32.4687,-221.0,294.0
32.473,-151.0,296.0
32.478,141.0,296.0
32.4832,239.0,300.0
32.4879,-21.0,300.0
32.4929,-165.0,300.0
32.4979,-30.0,300.0
32.5038,59.0,298.0
32.5079,6.0,298.0
32.513,9.0,298.0
32.5179,31.0,298.0
32.5229,-58.0,298.0
32.5279,-43.0,298.0
32.5331,135.0,300.0
32.538,51.0,300.0
32.5429,-250.0,302.0
32.5479,-129.0,304.0
32.5529,311.0,304.0
32.5579,282.0,306.0
32.5631,-202.0,306.0
32.568,-362.0,308.0
32.5729,-28.0,306.0
32.5779,229.0,310.0
32.5829,163.0,312.0
32.5879,-7.0,310.0
32.5931,-87.0,310.0
32.5979,-45.0,308.0
32.6029,-59.0,308.0
32.6083,-67.0,308.0
32.6129,107.0,308.0
32.6179,118.0,306.0
32.623,-90.0,308.0
32.6281,-44.0,306.0
32.6329,114.0,306.0
32.638,5.0,304.0
32.6432,-124.0,306.0
32.6479,-72.0,306.0
32.6531,-23.0,306.0
32.6581,97.0,302.0
32.6629,283.0,300.0
32.6679,32.0,292.0
32.673,-422.0,288.0
32.6779,-170.0,284.0
32.683,350.0,278.0
32.6879,116.0,280.0
32.6929,-222.0,278.0
32.698,74.0,276.0
32.7029,157.0,278.0
32.7084,-240.0,280.0
32.7129,-100.0,278.0
32.7182,405.0,286.0
32.7229,41.0,284.0
32.728,-627.0,294.0
32.7329,-110.0,296.0
32.7379,750.0,306.0
32.7429,316.0,310.0
32.7479,-590.0,318.0
32.7531,-453.0,324.0
32.7579,217.0,326.0
32.7631,363.0,330.0
32.768,80.0,330.0
32.7729,-151.0,328.0
32.7779,-107.0,330.0
32.7829,48.0,328.0
32.7879,-17.0,326.0
32.7929,-101.0,322.0
32.7979,44.0,318.0
32.8029,131.0,314.0
32.8079,96.0,308.0
32.8129,8.0,302.0
32.8179,-234.0,298.0
32.8229,-239.0,300.0
32.8279,183.0,298.0
32.833,365.0,304.0
32.8387,16.0,302.0
32.8431,-299.0,308.0
32.848,-151.0,306.0
32.853,142.0,308.0
32.8579,136.0,306.0
32.8629,-44.0,308.0
32.8679,-107.0,306.0
32.8728,1.0,304.0
32.878,157.0,304.0
32.8829,96.0,302.0
32.8879,-202.0,302.0
32.893,-273.0,302.0
32.8981,179.0,304.0
32.9029,419.0,310.0
32.908,-146.0,310.0
32.9137,-410.0,316.0
32.9179,140.0,318.0
32.9229,234.0,320.0
32.9281,-134.0,322.0
32.9328,-11.0,320.0
32.9379,111.0,322.0
32.9429,-138.0,320.0
32.9479,-76.0,318.0
32.9529,202.0,320.0
32.9582,60.0,318.0
32.963,-209.0,320.0
32.9679,-81.0,320.0
32.9729,190.0,322.0
32.9779,143.0,320.0
32.983,-177.0,322.0
32.988,-267.0,322.0
32.993,159.0,322.0
32.998,421.0,324.0
33.0029,-103.0,326.0
33.0079,-501.0,328.0
33.0129,32.0,326.0
33.0179,449.0,330.0
33.0229,-6.0,326.0
33.028,-317.0,328.0
33.0328,38.0,326.0
33.038,161.0,328.0
33.0432,-112.0,326.0
33.0479,11.0,326.0
33.0529,236.0,326.0
33.058,-144.0,326.0
33.0629,-380.0,328.0
33.0679,141.0,328.0
33.073,418.0,332.0
33.078,-29.0,334.0
33.0829,-246.0,336.0
33.0879,-43.0,336.0
33.0929,-72.0,334.0
33.0978,-6.0,332.0
33.1029,349.0,336.0
33.1079,122.0,334.0
33.113,-444.0,338.0
33.1182,-185.0,340.0
33.1229,367.0,342.0
33.1281,144.0,344.0
33.1329,-217.0,344.0
33.1379,-29.0,344.0
33.1429,101.0,344.0
33.1479,-108.0,346.0
33.1531,-72.0,348.0
33.1581,206.0,350.0
33.163,81.0,350.0
33.1679,-262.0,354.0
33.1729,-34.0,352.0
33.178,351.0,356.0
33.1832,-71.0,354.0
33.1879,-475.0,360.0
33.1929,126.0,356.0
33.198,493.0,360.0
33.2029,-59.0,358.0
33.2079,-267.0,356.0
33.2131,-38.0,356.0
33.2179,-124.0,354.0
33.2229,37.0,352.0
33.2279,401.0,358.0
33.2329,31.0,358.0
33.2384,-364.0,364.0
33.2431,-11.0,362.0
33.2482,156.0,364.0
33.253,-115.0,364.0
33.2579,-89.0,364.0
33.2628,174.0,364.0
33.2678,241.0,368.0
33.2728,-49.0,366.0
33.2779,-414.0,374.0
33.2829,-168.0,374.0
33.2879,426.0,380.0
33.2932,298.0,384.0
33.2983,-270.0,386.0
33.3029,-262.0,386.0
33.3078,86.0,386.0
33.3129,149.0,382.0
33.318,-16.0,380.0
33.3236,-114.0,376.0
33.3279,48.0,376.0
33.3331,207.0,376.0
33.3379,-46.0,374.0
33.3429,-317.0,378.0
33.3478,-64.0,374.0
33.3528,301.0,378.0
33.3579,208.0,374.0
33.3629,-161.0,376.0
33.3679,-235.0,370.0
33.3729,65.0,370.0
33.3779,126.0,360.0
33.3829,-122.0,356.0
33.3881,-27.0,348.0
33.3929,214.0,344.0
33.3979,27.0,342.0
33.403,-141.0,338.0
33.4079,-36.0,338.0
33.413,-100.0,336.0
33.4182,-61.0,336.0
33.4229,270.0,340.0
33.4279,167.0,342.0
33.4333,-122.0,342.0
33.4379,-10.0,342.0
33.4436,-249.0,344.0
33.448,-451.0,348.0
33.453,473.0,356.0
33.4579,846.0,366.0
33.4629,-415.0,368.0
33.4678,-774.0,378.0
33.4729,327.0,376.0
33.478,293.0,382.0
33.483,-423.0,384.0
33.4881,174.0,384.0
33.4934,591.0,390.0
33.4981,-342.0,394.0
33.503,-605.0,402.0
33.5088,293.0,406.0
33.5133,408.0,412.0
33.5181,-235.0,412.0
33.5231,-119.0,414.0
33.5282,243.0,414.0
33.5333,-104.0,412.0
33.5379,-243.0,412.0
33.5431,171.0,408.0
33.5485,144.0,408.0
33.5532,-131.0,404.0
33.5589,64.0,402.0
33.5633,124.0,402.0
33.5684,-264.0,404.0
33.5732,-217.0,406.0
33.5782,307.0,410.0
33.5833,319.0,412.0
33.5884,-198.0,414.0
33.5933,-316.0,416.0
33.5981,66.0,416.0
33.6029,217.0,416.0
33.6081,14.0,416.0
33.6134,-111.0,414.0
33.6192,-92.0,414.0
33.6237,29.0,410.0
33.6286,205.0,410.0
33.6332,76.0,408.0
33.6381,-256.0,406.0
33.6439,-185.0,408.0
33.6484,133.0,402.0
33.6534,162.0,404.0
33.6581,62.0,398.0
33.6631,40.0,398.0
33.6683,-103.0,394.0
33.6737,-257.0,398.0
33.6781,-24.0,396.0
33.6832,288.0,398.0
33.6881,107.0,400.0
33.6933,-155.0,398.0
33.6983,-11.0,396.0
33.703,52.0,392.0
33.7089,-160.0,392.0
33.7131,-97.0,388.0
33.7182,238.0,390.0
33.7232,219.0,390.0
33.7288,-160.0,392.0
33.7331,-264.0,394.0
33.7381,10.0,394.0
33.7431,160.0,392.0
33.7485,82.0,392.0
33.7532,15.0,384.0
33.7587,-72.0,382.0
33.7629,-119.0,378.0
33.7684,34.0,378.0
33.7732,110.0,376.0
33.7781,-101.0,376.0
33.7831,-132.0,378.0
33.7886,311.0,380.0
33.7934,348.0,384.0
33.798,-492.0,388.0
33.8031,-666.0,398.0
33.808,418.0,400.0
33.8132,731.0,412.0
33.8179,-147.0,408.0
33.8234,-332.0,412.0
33.8287,-13.0,406.0
33.833,-270.0,408.0
33.8379,-87.0,402.0
33.8435,601.0,410.0
33.8484,240.0,410.0
33.8534,-506.0,416.0
33.8581,-127.0,416.0
33.8631,295.0,420.0
33.8684,-258.0,418.0
33.8735,-298.0,422.0
33.8779,526.0,424.0
33.8834,416.0,432.0
33.8882,-364.0,434.0
33.8939,-308.0,438.0
33.8979,-29.0,436.0
33.9034,-90.0,436.0
33.908,218.0,434.0
33.9129,476.0,442.0
33.9181,-69.0,436.0
33.9231,-551.0,442.0
33.9287,-181.0,438.0
33.9334,335.0,438.0
33.9379,289.0,440.0
33.9431,-62.0,436.0
33.9488,-219.0,438.0
33.9531,-102.0,438.0
33.9584,53.0,438.0
33.9629,119.0,438.0
33.9685,96.0,438.0
33.9732,-27.0,436.0
33.9781,-98.0,436.0
33.9831,-57.0,432.0
33.9884,-72.0,432.0
33.9928,18.0,428.0
33.9979,242.0,430.0
34.0041,115.0,428.0
34.0081,-216.0,428.0
34.0129,-207.0,430.0
34.0187,-10.0,428.0
34.0229,186.0,430.0
34.0284,307.0,434.0
34.0331,-86.0,432.0
34.0388,-521.0,440.0
34.0432,-28.0,438.0
34.0485,542.0,446.0
34.0536,76.0,446.0
34.0581,-403.0,450.0
34.063,-18.0,446.0
34.0683,231.0,448.0
34.0735,-78.0,448.0
34.0783,-111.0,448.0
34.0834,124.0,446.0
34.0881,75.0,440.0
34.0932,-83.0,434.0
34.0982,-115.0,424.0
34.1029,-8.0,416.0
34.1084,132.0,406.0
34.1132,60.0,402.0
34.1182,-27.0,398.0
34.1231,8.0,392.0
34.1279,-122.0,392.0
34.1331,-150.0,384.0
34.1379,140.0,382.0
34.1428,205.0,374.0
34.1483,-34.0,370.0
34.1536,-122.0,366.0
34.159,-35.0,364.0
34.1629,22.0,362.0
34.1679,8.0,358.0
34.1739,-19.0,356.0
34.178,55.0,354.0
34.1834,81.0,352.0
34.1881,-97.0,352.0
34.1934,-85.0,350.0
34.1981,143.0,352.0
34.2029,-21.0,350.0
34.2079,-240.0,350.0
34.2132,165.0,350.0
34.218,358.0,350.0
34.2229,-226.0,348.0
34.2281,-405.0,352.0
34.2331,160.0,350.0
34.2381,337.0,354.0
34.2444,-58.0,352.0
34.248,-219.0,354.0
34.2539,33.0,354.0
34.2581,134.0,354.0
34.2629,-62.0,354.0
34.2681,-35.0,352.0
34.2737,82.0,352.0
34.2791,-136.0,350.0
34.2834,-113.0,348.0
34.2881,263.0,350.0
34.2933,159.0,350.0
34.2982,-194.0,352.0
34.3041,-129.0,354.0
34.3078,-13.0,352.0
34.3134,-52.0,350.0
34.3181,184.0,352.0
34.3229,320.0,352.0
34.3286,-243.0,354.0
34.3336,-508.0,360.0
34.3378,231.0,364.0
34.343,502.0,370.0
34.3496,-176.0,372.0
34.3531,-300.0,374.0
34.3584,67.0,372.0
34.3636,-42.0,368.0
34.3683,35.0,366.0
34.3734,389.0,368.0
34.3781,-24.0,370.0
34.3829,-517.0,374.0
34.3885,-82.0,374.0
34.3928,345.0,380.0
34.3979,127.0,380.0
34.4031,-95.0,380.0
34.4083,-51.0,380.0
34.4134,54.0,380.0
34.4179,6.0,378.0
34.4229,-209.0,380.0
34.4279,-108.0,376.0
34.4331,282.0,376.0
34.4381,197.0,370.0
34.4435,-124.0,362.0
34.4495,-50.0,356.0
34.4534,-86.0,346.0
34.4582,-245.0,348.0
34.4631,113.0,344.0
34.4683,364.0,350.0
34.4735,10.0,346.0
34.4779,-200.0,348.0
34.483,-88.0,340.0
34.488,-8.0,336.0
34.4933,67.0,330.0
34.498,71.0,328.0
34.5028,-29.0,324.0
34.508,-36.0,320.0
34.5131,-2.0,316.0
34.518,-16.0,308.0
34.5233,34.0,302.0
34.528,49.0,298.0
34.5331,-16.0,292.0
34.5379,29.0,292.0
34.543,-23.0,292.0
34.5479,-235.0,292.0
34.5528,-52.0,286.0
34.5578,379.0,290.0
34.5629,246.0,286.0
34.568,-289.0,286.0
34.5729,-338.0,286.0
34.5778,73.0,284.0
34.583,208.0,286.0
34.5879,20.0,282.0
34.5929,-25.0,282.0
34.5979,81.0,282.0
34.6029,3.0,280.0
34.6079,-232.0,282.0
34.6129,-134.0,284.0
34.618,261.0,286.0
34.6229,213.0,288.0
34.628,-161.0,290.0
34.633,-74.0,292.0
34.6379,84.0,288.0
34.643,-202.0,290.0
34.6479,-139.0,288.0
34.6531,366.0,292.0
34.6578,244.0,296.0
34.6629,-295.0,296.0
34.6679,-253.0,296.0
34.673,94.0,296.0
34.6779,146.0,290.0
34.6828,73.0,290.0
34.6879,-40.0,282.0
34.6929,-158.0,284.0
34.6979,39.0,278.0
34.7031,218.0,282.0
34.7079,-100.0,280.0
34.7131,-277.0,282.0
34.7181,69.0,282.0
34.7231,252.0,284.0
34.7281,60.0,284.0
34.7331,-107.0,284.0
34.738,-122.0,284.0
34.7429,-14.0,284.0
34.7478,79.0,284.0
34.7529,-18.0,282.0
34.7589,-116.0,284.0
34.7633,153.0,286.0
34.768,345.0,290.0
34.7729,-242.0,292.0
34.778,-593.0,298.0
34.7829,236.0,300.0
34.7881,590.0,308.0
34.7931,-257.0,310.0
34.7979,-322.0,314.0
34.8029,405.0,320.0
34.808,78.0,322.0
34.813,-552.0,330.0
34.8181,-91.0,330.0
34.823,438.0,336.0
34.8279,229.0,338.0
34.833,7.0,336.0
34.8381,-165.0,338.0
34.8434,-508.0,344.0
34.8481,-185.0,344.0
34.8533,706.0,352.0
34.8589,537.0,356.0
34.8629,-556.0,360.0
34.868,-586.0,364.0
34.8729,311.0,366.0
34.878,356.0,366.0
34.8829,-146.0,368.0
34.8881,-102.0,366.0
34.8929,27.0,366.0
34.8979,34.0,364.0
34.903,125.0,364.0
34.908,-133.0,366.0
34.913,-274.0,370.0
34.918,200.0,370.0
34.923,267.0,372.0
34.9282,-159.0,370.0
34.9329,-37.0,370.0
34.9379,150.0,368.0
34.9429,-231.0,370.0
34.9479,-203.0,372.0
34.953,313.0,378.0
34.9579,155.0,376.0
34.963,-259.0,376.0
34.9681,26.0,372.0
34.9731,256.0,368.0
34.978,-157.0,368.0
34.9831,-326.0,364.0
34.988,92.0,364.0
34.993,359.0,364.0
34.998,124.0,364.0
35.0029,-289.0,368.0
35.0079,-324.0,374.0
35.0129,137.0,370.0
35.018,360.0,374.0
35.0229,-1.0,366.0
35.0279,-236.0,368.0
35.0331,-10.0,364.0
35.0381,121.0,364.0
35.0431,-66.0,364.0
35.0479,-142.0,364.0
35.0528,54.0,364.0
35.0579,202.0,368.0
35.0639,108.0,366.0
35.0685,-132.0,366.0
35.0729,-253.0,366.0
35.078,-51.0,364.0
35.0828,223.0,366.0
35.0878,181.0,368.0
35.0929,-93.0,368.0
35.098,-173.0,366.0
35.103,62.0,366.0
35.1079,129.0,362.0
35.1129,-172.0,364.0
35.1179,-177.0,364.0
35.1229,279.0,366.0
35.128,273.0,372.0
35.1332,-287.0,374.0
35.1379,-266.0,378.0
35.1429,248.0,380.0
35.1478,152.0,382.0
35.153,-219.0,386.0
35.158,-54.0,386.0
35.1631,149.0,388.0
35.1679,9.0,388.0
35.1732,24.0,388.0
35.1779,60.0,388.0
35.1832,-217.0,392.0
35.1886,-187.0,390.0
35.1929,260.0,394.0
35.1979,281.0,392.0
35.2029,-108.0,390.0
35.208,-248.0,390.0
35.213,-137.0,386.0
35.218,85.0,386.0
35.2229,313.0,388.0
35.2278,122.0,390.0
35.2329,-297.0,394.0
35.2379,-223.0,396.0
35.2431,131.0,398.0
35.248,146.0,398.0
35.2529,-1.0,396.0
35.2579,-8.0,392.0
35.2629,21.0,388.0
35.2687,-23.0,386.0
35.2729,-135.0,386.0
35.2779,-62.0,386.0
35.283,246.0,388.0
35.2879,142.0,388.0
35.2929,-321.0,386.0
35.2979,-110.0,384.0
35.303,389.0,386.0
35.3079,3.0,382.0
35.3129,-452.0,388.0
35.3178,30.0,386.0
35.3229,432.0,392.0
35.3279,89.0,392.0
35.3331,-249.0,394.0
35.3379,-211.0,396.0
35.343,-38.0,394.0
35.348,82.0,394.0
35.3529,199.0,392.0
35.3579,316.0,396.0
35.3629,-49.0,392.0
35.3681,-664.0,402.0
35.3733,-271.0,404.0
35.3779,655.0,414.0
35.3831,390.0,418.0
35.388,-390.0,424.0
35.3929,-119.0,426.0
35.3979,242.0,428.0
35.4028,-304.0,430.0
35.4079,-356.0,430.0
35.4132,488.0,434.0
35.4182,497.0,432.0
35.423,-327.0,434.0
35.4281,-413.0,430.0
35.4329,83.0,428.0
35.4379,140.0,426.0
35.4431,-33.0,420.0
35.4479,103.0,420.0
35.4529,170.0,414.0
35.4579,-182.0,416.0
35.4629,-264.0,412.0
35.4679,136.0,412.0
35.4734,149.0,414.0
35.4779,-76.0,412.0
35.4831,96.0,406.0
35.4878,43.0,404.0
35.493,-276.0,396.0
35.4979,-11.0,388.0
35.503,299.0,384.0
35.5079,-19.0,376.0
35.513,-213.0,374.0
35.519,1.0,368.0
35.5229,92.0,368.0
35.528,88.0,368.0
35.5329,21.0,368.0
35.5379,-197.0,370.0
35.5429,-107.0,370.0
35.5479,254.0,372.0
35.5529,169.0,370.0
35.558,-235.0,370.0
35.563,-179.0,368.0
35.5679,154.0,368.0
35.5728,78.0,370.0
35.5782,-63.0,368.0
35.5831,78.0,366.0
35.588,-1.0,362.0
35.5929,-125.0,360.0
35.5979,41.0,358.0
35.6029,11.0,354.0
35.6079,-47.0,354.0
35.6129,148.0,352.0
35.618,0.0,350.0
35.623,-235.0,348.0
35.628,106.0,350.0
35.633,237.0,348.0
35.638,-211.0,348.0
35.6433,-229.0,348.0
35.6479,180.0,346.0
35.6529,264.0,348.0
35.6579,53.0,342.0
35.6628,-290.0,346.0
35.6681,-344.0,348.0
35.673,233.0,352.0
35.6779,457.0,358.0
35.6829,-114.0,358.0
35.6878,-325.0,362.0
35.6928,21.0,360.0
35.698,102.0,358.0
35.7029,14.0,358.0
35.7079,40.0,356.0
35.7129,-28.0,352.0
35.718,-67.0,352.0
35.7228,43.0,350.0
35.7281,39.0,348.0
35.733,-51.0,348.0
35.7379,-36.0,344.0
35.7429,59.0,344.0
35.7479,116.0,344.0
35.7529,-67.0,344.0
35.7581,-260.0,344.0
35.763,-5.0,340.0
35.7679,325.0,340.0
35.7729,243.0,340.0
35.7779,-125.0,338.0
35.7831,-500.0,342.0
35.7881,-287.0,344.0
35.793,486.0,348.0
35.7979,502.0,356.0
35.803,-231.0,356.0
35.8079,-210.0,360.0
35.8131,119.0,362.0
35.8181,-343.0,366.0
35.8229,-305.0,366.0
35.8281,627.0,374.0
35.8331,456.0,376.0
35.8379,-479.0,380.0
35.843,-242.0,382.0
35.8481,212.0,382.0
35.853,-223.0,382.0
35.8581,-102.0,384.0
35.8629,583.0,388.0
35.8679,108.0,388.0
35.8729,-624.0,392.0
35.8781,-55.0,390.0
35.8833,398.0,394.0
35.8879,-120.0,394.0
35.893,-117.0,396.0
35.8979,323.0,400.0
35.903,-37.0,400.0
35.908,-408.0,406.0
35.913,22.0,404.0
35.918,313.0,408.0
35.9229,116.0,406.0
35.9278,-80.0,406.0
35.9331,-282.0,404.0
35.9379,-165.0,406.0
35.9429,395.0,406.0
35.9479,302.0,410.0
35.9528,-431.0,410.0
35.9581,-314.0,414.0
35.963,374.0,414.0
35.9679,247.0,416.0
35.9729,-205.0,416.0
35.9779,-106.0,414.0
35.9829,-7.0,414.0
35.9879,-99.0,414.0
35.9931,140.0,412.0
35.9978,282.0,412.0
36.0029,-127.0,414.0
36.0081,-340.0,408.0
36.0131,-12.0,404.0
36.0179,248.0,398.0
36.023,210.0,396.0
36.0281,-53.0,390.0
36.0329,-350.0,394.0
36.0381,-140.0,392.0
36.0433,327.0,392.0
36.048,212.0,390.0
36.053,-159.0,384.0
36.0579,-128.0,380.0
36.0629,-5.0,374.0
36.0679,-10.0,368.0
36.0731,61.0,368.0
36.078,70.0,366.0
36.083,-37.0,366.0
36.088,-20.0,366.0
36.0929,27.0,362.0
36.0978,-79.0,362.0
36.1042,-107.0,358.0
36.1079,182.0,360.0
36.113,313.0,362.0
36.1179,-229.0,364.0
36.1228,-563.0,372.0
36.1279,145.0,374.0
36.1329,640.0,380.0
36.1378,-6.0,378.0
36.1429,-458.0,382.0
36.1479,-11.0,382.0
36.153,228.0,382.0
36.158,-54.0,382.0
36.163,-169.0,384.0
36.168,0.0,382.0
36.1731,223.0,386.0
36.1781,178.0,386.0
36.1831,-212.0,386.0
36.1879,-268.0,386.0
36.1929,77.0,386.0
36.1979,156.0,384.0
36.2029,83.0,382.0
36.2078,49.0,382.0
36.213,-154.0,382.0
36.2179,-187.0,384.0
36.2228,154.0,386.0
36.2281,229.0,388.0
36.2329,-144.0,390.0
36.238,-254.0,392.0
36.243,91.0,394.0
36.2478,260.0,398.0
36.2528,18.0,396.0
36.2579,-177.0,398.0
36.2629,-60.0,396.0
36.2681,39.0,394.0
36.2729,-56.0,392.0
36.278,44.0,388.0
36.2829,206.0,388.0
36.288,-43.0,386.0
36.2932,-206.0,386.0
36.2978,0.0,384.0
36.303,61.0,380.0
36.3079,53.0,376.0
36.3128,80.0,374.0
36.3178,-92.0,368.0
36.3228,-139.0,368.0
36.3278,79.0,364.0
36.3329,101.0,366.0
36.3379,-30.0,364.0
36.3428,18.0,364.0
36.3479,15.0,364.0
36.3529,-142.0,366.0
36.3581,-55.0,366.0
36.363,193.0,368.0
36.3679,100.0,370.0
36.373,-174.0,372.0
36.3779,-121.0,372.0
36.3829,95.0,374.0
36.3878,133.0,374.0
36.3929,42.0,374.0
36.3979,-128.0,372.0
36.4028,-157.0,374.0
36.4078,80.0,370.0
36.4129,122.0,368.0
36.4181,8.0,366.0
36.4229,58.0,360.0
36.4279,-91.0,356.0
36.4328,-228.0,352.0
36.4379,98.0,346.0
36.443,221.0,346.0
36.448,-46.0,342.0
36.4531,-28.0,342.0
36.4578,66.0,338.0
36.4629,-173.0,336.0
36.4679,-205.0,328.0
36.4729,186.0,324.0
36.4779,298.0,322.0
36.4829,-3.0,318.0
36.4879,-206.0,318.0
36.493,-229.0,318.0
36.498,0.0,316.0
36.5029,372.0,312.0
36.508,169.0,314.0
36.5129,-364.0,310.0
36.5182,-229.0,312.0
36.5229,273.0,310.0
36.5279,174.0,312.0
36.5329,-245.0,314.0
36.5379,-31.0,308.0
36.543,333.0,314.0
36.5479,-129.0,310.0
36.5529,-465.0,316.0
36.5581,209.0,314.0
36.5628,511.0,320.0
36.5678,-165.0,322.0
36.5731,-364.0,324.0
36.5779,96.0,322.0
36.583,73.0,316.0
36.5879,-140.0,314.0
36.593,122.0,310.0
36.5979,223.0,308.0
36.6028,-52.0,304.0
36.6078,-106.0,300.0
36.613,-143.0,300.0
36.618,-211.0,302.0
36.6229,208.0,304.0
36.6279,422.0,310.0
36.6331,-102.0,310.0
36.6379,-323.0,310.0
36.643,-8.0,308.0
36.6479,38.0,304.0
36.6531,-23.0,304.0
36.6578,177.0,302.0
36.6628,175.0,302.0
36.6678,-190.0,304.0
36.6729,-300.0,304.0
36.6779,65.0,302.0
36.6829,298.0,302.0
36.6879,47.0,298.0
36.6929,-192.0,300.0
36.6981,-79.0,298.0
36.7028,75.0,300.0
36.7079,49.0,300.0
36.713,-44.0,300.0
36.7178,10.0,300.0
36.7228,132.0,300.0
36.7279,-33.0,300.0
36.7329,-239.0,304.0
36.7378,-37.0,304.0
36.7429,217.0,306.0
36.7478,105.0,304.0
36.7529,-74.0,300.0
36.7578,-20.0,298.0
36.763,-15.0,288.0
36.7681,-165.0,288.0
36.7757,-46.0,280.0
36.7787,245.0,284.0
36.783,145.0,278.0
36.7878,-141.0,280.0
36.793,-119.0,278.0
36.7979,-7.0,278.0
36.8028,23.0,276.0
36.8079,93.0,278.0
36.8132,-33.0,274.0
36.8181,-175.0,274.0
36.8229,131.0,272.0
36.828,295.0,274.0
36.8329,-148.0,274.0
36.8379,-355.0,278.0
36.8431,44.0,276.0
36.8479,256.0,280.0
36.8529,37.0,278.0
36.8579,-65.0,276.0
36.8628,12.0,274.0
36.8678,-75.0,272.0
36.873,-120.0,272.0
36.8779,104.0,270.0
36.883,149.0,270.0
36.8879,-69.0,266.0
36.8929,-81.0,268.0
36.8982,51.0,266.0
36.903,23.0,266.0
36.909,-96.0,266.0
36.9135,-72.0,266.0
36.9179,166.0,268.0
36.9228,209.0,268.0
36.9281,-193.0,270.0
36.933,-341.0,272.0
36.9379,162.0,276.0
36.9429,410.0,280.0
36.948,-87.0,282.0
36.9528,-392.0,286.0
36.958,-24.0,286.0
36.963,242.0,286.0
36.9681,80.0,286.0
36.9729,-5.0,286.0
36.9779,22.0,286.0
36.9832,-100.0,286.0
36.9881,-164.0,288.0
36.9929,-36.0,288.0
36.9979,113.0,288.0
37.0029,183.0,288.0
37.0079,92.0,288.0
37.0129,-95.0,286.0
37.018,-145.0,288.0
37.0231,-103.0,288.0
37.0279,-44.0,286.0
37.0329,143.0,288.0
37.0383,213.0,288.0
37.0429,-3.0,286.0
37.0481,-128.0,288.0
37.0529,-114.0,286.0
37.0581,-155.0,290.0
37.0628,35.0,288.0
37.0678,418.0,294.0
37.0728,202.0,294.0
37.0781,-509.0,300.0
37.083,-363.0,302.0
37.0878,456.0,308.0
37.0929,258.0,312.0
37.098,-411.0,318.0
37.1029,44.0,316.0
37.1079,460.0,320.0
37.113,-320.0,322.0
37.1179,-511.0,324.0
37.123,429.0,332.0
37.1281,409.0,334.0
37.1328,-416.0,338.0
37.1378,-135.0,340.0
37.1429,396.0,340.0
37.1479,-149.0,340.0
37.1529,-386.0,340.0
37.1581,279.0,340.0
37.1631,279.0,342.0
37.168,-266.0,342.0
37.1728,-23.0,340.0
37.178,251.0,342.0
37.1829,-250.0,342.0
37.1879,-273.0,344.0
37.193,365.0,342.0
37.1979,228.0,342.0
37.203,-299.0,338.0
37.2079,-70.0,338.0
37.2134,179.0,334.0
37.218,-85.0,334.0
37.2228,-76.0,334.0
37.2281,111.0,334.0
37.2329,-60.0,332.0
37.2382,-60.0,330.0
37.2431,252.0,334.0
37.2479,98.0,334.0
37.2529,-359.0,336.0
37.2578,-239.0,338.0
37.2628,241.0,338.0
37.2681,319.0,336.0
37.273,23.0,334.0
37.278,-242.0,334.0
37.2829,-230.0,338.0
37.2878,71.0,338.0
37.2929,249.0,342.0
37.298,75.0,340.0
37.3029,-79.0,338.0
37.308,-123.0,336.0
37.3129,-185.0,336.0
37.3179,81.0,336.0
37.3229,432.0,338.0
37.3279,19.0,338.0
37.3329,-524.0,342.0
37.3379,-137.0,344.0
37.3428,346.0,348.0
37.3479,134.0,348.0
37.353,-20.0,348.0
37.3579,67.0,350.0
37.3629,-163.0,350.0
37.3678,-315.0,354.0
37.3728,127.0,352.0
37.3778,407.0,358.0
37.383,-60.0,356.0
37.3881,-346.0,360.0
37.3928,89.0,360.0
37.3979,262.0,364.0
37.4029,-151.0,366.0
37.4079,-184.0,366.0
37.4129,168.0,368.0
37.4179,50.0,364.0
37.423,-139.0,364.0
37.4279,133.0,364.0
37.4329,85.0,364.0
37.4379,-267.0,368.0
37.443,-47.0,368.0
37.4479,265.0,372.0
37.4531,23.0,372.0
37.4579,-151.0,370.0
37.4628,29.0,370.0
37.4678,41.0,366.0
37.4728,-57.0,364.0
37.4779,22.0,358.0
37.483,-26.0,358.0
37.4878,-109.0,356.0
37.4929,123.0,358.0
37.4979,212.0,360.0
37.503,-77.0,360.0
37.508,-215.0,362.0
37.5129,-46.0,362.0
37.52,91.0,362.0
37.5234,48.0,360.0
37.5279,18.0,358.0
37.5329,125.0,360.0
37.5378,28.0,360.0
37.5428,-315.0,364.0
37.5479,-199.0,366.0
37.5529,348.0,370.0
37.5584,301.0,372.0
37.563,-238.0,372.0
37.5681,-217.0,372.0
37.5729,162.0,370.0
37.5779,61.0,368.0
37.5831,-219.0,366.0
37.5881,-9.0,364.0
37.593,310.0,362.0
37.598,66.0,364.0
37.6029,-323.0,364.0
37.6079,-96.0,366.0
37.6131,271.0,370.0
37.6181,27.0,370.0
37.624,-203.0,370.0
37.6278,63.0,370.0
37.6329,137.0,370.0
37.6379,-74.0,370.0
37.6431,-95.0,368.0
37.648,53.0,368.0
37.653,109.0,368.0
37.6578,-127.0,368.0
37.6629,-196.0,370.0
37.6679,274.0,374.0
37.6728,318.0,376.0
37.678,-332.0,378.0
37.683,-373.0,384.0
37.6878,246.0,386.0
37.6931,296.0,388.0
37.6978,-135.0,388.0
37.7029,-165.0,390.0
37.708,107.0,386.0
37.7129,113.0,384.0
37.718,-109.0,378.0
37.7229,-173.0,374.0
37.7281,-7.0,368.0
37.7329,254.0,368.0
37.7379,288.0,366.0
37.7429,-220.0,368.0
37.7479,-574.0,370.0
37.7529,9.0,366.0
37.7578,635.0,368.0
37.7629,265.0,364.0
37.7681,-412.0,364.0
37.7731,-394.0,364.0
37.7778,96.0,364.0
37.783,307.0,362.0
37.788,50.0,360.0
37.7929,-164.0,358.0
37.7978,61.0,354.0
37.8028,167.0,352.0
37.808,-265.0,352.0
37.8129,-311.0,356.0
37.8179,307.0,358.0
37.8229,395.0,360.0
37.8279,-134.0,358.0
37.8329,-275.0,356.0
37.8381,-57.0,354.0
37.8431,24.0,350.0
37.8479,92.0,350.0
37.853,167.0,350.0
37.8578,-17.0,348.0
37.8629,-199.0,350.0
37.868,-14.0,348.0
37.8728,128.0,350.0
37.878,-42.0,350.0
37.883,-72.0,346.0
37.8878,99.0,346.0
37.8928,107.0,342.0
37.8978,-63.0,340.0
37.903,-236.0,340.0
37.908,-80.0,336.0
37.913,345.0,342.0
37.918,241.0,342.0
37.9232,-319.0,342.0
37.9285,-284.0,346.0
37.9329,203.0,346.0
37.9379,184.0,346.0
37.9432,-156.0,348.0
37.9479,-41.0,346.0
37.9528,243.0,348.0
37.958,-51.0,348.0
37.9629,-367.0,346.0
37.968,75.0,348.0
37.9729,379.0,344.0
37.9779,-86.0,344.0
37.9831,-239.0,342.0
37.988,120.0,342.0
37.9928,35.0,342.0
37.9979,-153.0,344.0
38.0028,112.0,344.0
38.0078,142.0,340.0
38.0132,-140.0,340.0
38.0181,-43.0,334.0
38.0228,90.0,336.0
38.0279,-110.0,332.0
38.0335,-68.0,332.0
38.0379,169.0,330.0
38.043,89.0,328.0
38.0481,-59.0,326.0
38.053,-63.0,326.0
38.0579,-106.0,326.0
38.0628,-48.0,324.0
38.0679,163.0,326.0
38.073,161.0,326.0
38.078,-76.0,324.0
38.0829,-179.0,326.0
38.0879,-47.0,322.0
38.0929,121.0,324.0
38.098,108.0,322.0
38.1031,-75.0,324.0
38.1079,-115.0,324.0
38.1129,43.0,324.0
38.1179,87.0,326.0
38.1228,43.0,326.0
38.1279,14.0,324.0
38.1331,-189.0,326.0
38.1379,-166.0,324.0
38.1438,310.0,328.0
38.1487,247.0,328.0
38.1529,-345.0,334.0
38.1579,-210.0,336.0
38.1629,302.0,340.0
38.1679,131.0,342.0
38.1728,-229.0,342.0
38.1779,-91.0,344.0
38.1828,174.0,342.0
38.1881,103.0,340.0
38.193,-131.0,336.0
38.1979,-137.0,334.0
38.2028,42.0,330.0
38.2079,145.0,330.0
38.2129,100.0,328.0
38.2179,-71.0,330.0
38.2229,-195.0,328.0
38.2279,-66.0,330.0
38.2329,140.0,326.0
38.2379,143.0,328.0
38.2436,19.0,324.0
38.2479,-58.0,322.0
38.2529,-110.0,320.0
38.2578,-91.0,322.0
38.2628,63.0,320.0
38.2679,117.0,320.0
38.2731,-14.0,318.0
38.2779,0.0,316.0
38.2828,86.0,316.0
38.2878,-110.0,318.0
38.2929,-208.0,320.0
38.2978,135.0,320.0
38.303,253.0,320.0
38.3079,-119.0,318.0
38.3129,-195.0,316.0
38.3178,122.0,312.0
38.3228,92.0,308.0
38.3279,-136.0,306.0
38.3329,8.0,302.0
38.3379,102.0,302.0
38.3442,-86.0,300.0
38.3478,-6.0,298.0
38.353,121.0,298.0
38.3581,-120.0,298.0
38.3629,-97.0,298.0
38.3678,269.0,302.0
38.3728,50.0,298.0
38.3779,-394.0,300.0
38.383,-48.0,298.0
38.3881,377.0,294.0
38.3929,75.0,296.0
38.3979,-196.0,288.0
38.4029,-62.0,286.0
38.4078,-18.0,280.0
38.4128,4.0,274.0
38.4179,159.0,274.0
38.4229,66.0,270.0
38.4279,-205.0,272.0
38.4329,-126.0,272.0
38.4379,135.0,274.0
38.4431,107.0,272.0
38.4478,22.0,268.0
38.4528,40.0,264.0
38.4579,-139.0,262.0
38.4628,-216.0,260.0
38.4679,121.0,258.0
38.4729,254.0,258.0
38.4779,-43.0,258.0
38.4829,-137.0,260.0
38.4878,45.0,260.0
38.4929,19.0,256.0
38.4979,-148.0,260.0
38.5028,-42.0,256.0
38.5078,258.0,260.0
38.5129,194.0,262.0
38.5179,-277.0,266.0
38.5229,-322.0,270.0
38.5279,211.0,270.0
38.5329,304.0,274.0
38.5379,-163.0,276.0
38.5429,-188.0,274.0
38.5479,160.0,276.0
38.5539,100.0,272.0
38.5581,-124.0,270.0
38.5628,-64.0,266.0
38.5679,-3.0,262.0
38.573,33.0,260.0
38.578,207.0,260.0
38.583,31.0,258.0
38.5879,-381.0,262.0
38.5928,-127.0,262.0
38.598,381.0,266.0
38.6031,165.0,264.0
38.6079,-229.0,266.0
38.6129,-60.0,260.0
38.618,111.0,260.0
38.6229,-129.0,260.0
38.628,-102.0,258.0
38.6328,264.0,262.0
38.6378,76.0,262.0
38.6433,-276.0,264.0
38.6479,88.0,264.0
38.6529,204.0,264.0
38.6579,-343.0,268.0
38.6629,-122.0,270.0
38.6679,527.0,276.0
38.6729,59.0,276.0
38.6779,-539.0,282.0
38.6828,-5.0,280.0
38.6881,424.0,286.0
38.6929,-41.0,286.0
38.6981,-270.0,288.0
38.703,86.0,288.0
38.7078,128.0,288.0
38.7129,-151.0,288.0
38.7179,-26.0,288.0
38.7228,219.0,288.0
38.728,-32.0,288.0
38.733,-205.0,288.0
38.7378,87.0,288.0
38.743,65.0,288.0
38.7479,-161.0,290.0
38.7528,77.0,290.0
38.7579,191.0,292.0
38.7629,-96.0,292.0
38.768,-102.0,294.0
38.7729,54.0,292.0
38.7778,-67.0,290.0
38.7831,-84.0,286.0
38.7879,172.0,286.0
38.7929,154.0,282.0
38.7978,-136.0,280.0
38.8028,-137.0,278.0
38.8078,41.0,276.0
38.8131,31.0,274.0
38.8181,19.0,272.0
38.8229,71.0,272.0
38.8278,-20.0,270.0
38.8329,-124.0,270.0
38.8378,-45.0,268.0
38.843,116.0,270.0
38.8479,139.0,270.0
38.8528,-31.0,268.0
38.8579,-162.0,270.0
38.8628,-96.0,268.0
38.8679,69.0,268.0
38.873,174.0,268.0
38.8781,48.0,268.0
38.8829,-147.0,270.0
38.888,-60.0,270.0
38.8929,74.0,268.0
38.898,-41.0,268.0
38.903,-53.0,268.0
38.9079,121.0,268.0
38.9128,97.0,270.0
38.918,-32.0,270.0
38.9228,-91.0,270.0
38.9279,-206.0,272.0
38.9333,-69.0,268.0
38.9378,377.0,272.0
38.943,272.0,274.0
38.9482,-350.0,276.0
38.9529,-280.0,278.0
38.958,259.0,280.0
38.9633,77.0,280.0
38.9684,-259.0,282.0
38.9734,141.0,284.0
38.9782,314.0,288.0
38.9834,-258.0,290.0
38.989,-312.0,294.0
38.993,311.0,298.0
38.9981,238.0,300.0
39.0033,-335.0,304.0
39.008,-167.0,302.0
39.0135,294.0,306.0
39.0191,112.0,302.0
39.0236,-174.0,302.0
39.0281,6.0,298.0
39.033,52.0,296.0
39.0383,-218.0,298.0
39.0437,1.0,296.0
39.0483,425.0,302.0
39.0528,20.0,302.0
39.0579,-484.0,308.0
39.0641,-84.0,308.0
39.0681,338.0,310.0
39.0736,99.0,310.0
39.0778,-111.0,310.0
39.0833,-3.0,308.0
39.088,-9.0,308.0
39.0932,-117.0,308.0
39.0982,-42.0,308.0
39.1029,140.0,306.0
39.1085,175.0,306.0
39.113,-52.0,304.0
39.1181,-245.0,306.0
39.1233,-61.0,306.0
39.1283,206.0,308.0
39.1332,121.0,310.0
39.1379,-136.0,310.0
39.1433,-114.0,310.0
39.1482,94.0,308.0
39.153,78.0,306.0
39.158,-91.0,304.0
39.1637,-93.0,300.0
39.169,156.0,300.0
39.173,245.0,298.0
39.1786,-224.0,300.0
39.1828,-472.0,304.0
39.1881,130.0,304.0
39.1934,518.0,310.0
39.198,99.0,310.0
39.2033,-225.0,312.0
39.2081,-215.0,316.0
39.2132,-222.0,318.0
39.2183,114.0,316.0
39.2235,506.0,324.0
39.2284,15.0,318.0
39.233,-519.0,324.0
39.2382,2.0,318.0
39.2436,362.0,322.0
39.2484,-135.0,320.0
39.2537,-138.0,322.0
39.2582,274.0,324.0
39.2628,-69.0,322.0
39.268,-387.0,328.0
39.2734,134.0,326.0
39.2778,471.0,332.0
39.2836,21.0,328.0
39.2882,-450.0,334.0
39.2931,-291.0,334.0
39.2981,253.0,334.0
39.3034,462.0,338.0
39.3078,30.0,330.0
39.3138,-439.0,336.0
39.3181,-201.0,332.0
39.3234,294.0,336.0
39.3283,150.0,332.0
39.3331,-163.0,334.0
39.3378,49.0,330.0
39.3432,176.0,332.0
39.3485,-190.0,332.0
39.354,-340.0,336.0
39.3584,111.0,336.0
39.3629,466.0,340.0
39.3678,106.0,342.0
39.3731,-398.0,344.0
39.378,-238.0,348.0
39.3831,183.0,348.0
39.3886,150.0,348.0
39.3928,38.0,348.0
39.3979,99.0,346.0
39.4038,-160.0,348.0
39.4081,-301.0,350.0
39.4131,166.0,352.0
39.4178,265.0,356.0
39.4234,-137.0,356.0
39.4283,-8.0,354.0
39.433,158.0,354.0
39.4381,-271.0,356.0
39.4434,-208.0,358.0
39.4484,363.0,362.0
39.4534,180.0,364.0
39.4581,-233.0,368.0
39.463,-44.0,368.0
39.468,48.0,368.0
39.4729,-72.0,368.0
39.4798,65.0,368.0
39.4835,69.0,366.0
39.488,-128.0,366.0
39.493,0.0,366.0
39.4979,153.0,366.0
39.5041,-86.0,366.0
39.5079,-122.0,366.0
39.5136,211.0,368.0
39.5211,85.0,368.0
39.5228,-342.0,370.0
39.5284,-102.0,372.0
39.5329,379.0,376.0
39.5383,123.0,378.0
39.5431,-311.0,382.0
39.548,-85.0,380.0
39.5531,257.0,384.0
39.5589,32.0,384.0
39.5629,-286.0,386.0
39.5683,-29.0,384.0
39.573,330.0,388.0
39.5784,52.0,382.0
39.583,-270.0,382.0
39.5879,-14.0,378.0
39.5939,105.0,374.0
39.5979,-118.0,372.0
39.6033,20.0,372.0
39.608,248.0,372.0
39.6128,-19.0,370.0
39.6184,-235.0,368.0
39.6229,-25.0,364.0
39.6286,85.0,362.0
39.633,8.0,356.0
39.638,54.0,354.0
39.6435,42.0,348.0
39.6484,-75.0,348.0
39.6535,-70.0,344.0
39.658,-11.0,342.0
39.6632,101.0,342.0
39.6682,139.0,344.0
39.6746,-151.0,344.0
39.6779,-229.0,346.0
39.6828,156.0,348.0
39.688,201.0,344.0
39.693,-103.0,346.0
39.6982,-45.0,338.0
39.7029,69.0,338.0
39.7084,-150.0,336.0
39.7129,-90.0,336.0
39.7181,263.0,338.0
39.7232,98.0,338.0
39.7289,-232.0,342.0
39.7335,-37.0,342.0
39.7378,88.0,342.0
39.7428,-58.0,340.0
39.7479,85.0,340.0
39.7533,139.0,340.0
39.7586,-158.0,340.0
39.7628,-147.0,340.0
39.7684,59.0,338.0
39.773,10.0,336.0
39.778,59.0,336.0
39.7838,202.0,336.0
39.7885,-10.0,336.0
39.7943,-284.0,338.0
39.7978,-124.0,340.0
39.803,143.0,340.0
39.808,132.0,340.0
39.8133,77.0,336.0
39.8178,17.0,334.0
39.8235,-172.0,330.0
39.8281,-133.0,330.0
39.833,125.0,322.0
39.8381,59.0,322.0
39.8434,-102.0,320.0
39.8485,121.0,318.0
39.8535,178.0,318.0
39.8581,-232.0,320.0
39.863,-212.0,316.0
39.8681,248.0,320.0
39.8738,87.0,312.0
39.8784,-226.0,316.0
39.8828,86.0,312.0
39.8884,131.0,312.0
39.8938,-161.0,312.0
39.8998,78.0,308.0
39.9029,145.0,310.0
39.9086,-284.0,308.0
39.9129,-112.0,308.0
39.9184,320.0,306.0
39.9229,74.0,306.0
39.9281,-179.0,302.0
39.933,-22.0,298.0
39.938,11.0,294.0
39.943,-47.0,288.0
39.948,26.0,288.0
39.953,113.0,282.0
39.958,82.0,280.0
39.963,-115.0,278.0
39.968,-199.0,278.0
39.9731,35.0,276.0
39.9781,153.0,278.0
39.983,29.0,276.0
39.9881,72.0,274.0
39.993,39.0,270.0
39.9979,-270.0,272.0
40.0028,-209.0,268.0
40.0078,225.0,270.0
40.013,290.0,268.0
40.0178,-22.0,264.0
40.023,-231.0,266.0
40.0279,-55.0,264.0
40.0328,219.0,266.0
40.0379,-51.0,266.0
40.043,-349.0,270.0
40.048,141.0,266.0
40.0528,429.0,270.0
40.0578,-139.0,268.0
40.0629,-293.0,272.0
40.068,174.0,274.0
40.0728,75.0,272.0
40.0781,-259.0,272.0
40.0833,27.0,270.0
40.0878,245.0,268.0
40.094,-39.0,266.0
40.0979,-97.0,264.0
40.103,106.0,264.0
40.108,-11.0,264.0
40.1129,-226.0,266.0
40.118,-43.0,266.0
40.1229,226.0,268.0
40.1279,137.0,268.0
40.133,-64.0,270.0
40.138,-74.0,268.0
40.1428,-4.0,266.0
40.1478,-58.0,266.0
40.1529,-188.0,266.0
40.1579,-9.0,264.0
40.1631,404.0,266.0
40.1681,256.0,268.0
40.1731,-389.0,268.0
40.1785,-366.0,272.0
40.1842,279.0,272.0
40.1891,222.0,274.0
40.1933,-309.0,274.0
40.1982,-74.0,274.0
40.2034,382.0,276.0
40.2079,93.0,278.0
40.2129,-244.0,276.0
40.218,-95.0,276.0
40.2229,-59.0,274.0
40.2279,-72.0,274.0
40.233,210.0,276.0
40.2378,177.0,276.0
40.2432,-97.0,278.0
40.248,60.0,274.0
40.2529,11.0,274.0
40.2578,-464.0,278.0
40.2628,-224.0,282.0
40.268,542.0,288.0
40.2729,539.0,296.0
40.278,-139.0,298.0
40.283,-525.0,306.0
40.2891,-329.0,310.0
40.2928,112.0,310.0
40.2979,396.0,316.0
40.303,301.0,320.0
40.3079,-80.0,318.0
40.3129,-356.0,322.0
40.3178,-206.0,322.0
40.3228,152.0,322.0
40.328,203.0,322.0
40.333,-38.0,320.0
40.3379,-78.0,320.0
40.3428,128.0,322.0
40.3478,120.0,322.0
40.353,-233.0,324.0
40.3582,-330.0,324.0
40.3629,177.0,326.0
40.3681,462.0,330.0
40.3729,0.0,328.0
40.3779,-353.0,334.0
40.3828,-136.0,334.0
40.3888,65.0,334.0
40.3929,98.0,334.0
40.3979,206.0,334.0
40.4029,119.0,334.0
40.4079,-300.0,338.0
40.4131,-351.0,342.0
40.4179,210.0,346.0
40.4229,389.0,348.0
40.428,-93.0,350.0
40.4328,-202.0,348.0
40.4378,125.0,348.0
40.4431,-16.0,346.0
40.4481,-309.0,348.0
40.4529,55.0,348.0
40.4578,466.0,356.0
40.4628,66.0,354.0
40.4679,-423.0,358.0
40.473,-117.0,358.0
40.4779,203.0,360.0
40.483,-90.0,360.0
40.4878,-40.0,360.0
40.4936,464.0,364.0
40.498,137.0,362.0
40.5029,-652.0,368.0
40.5079,-371.0,370.0
40.5128,430.0,376.0
40.5179,384.0,378.0
40.5228,-12.0,378.0
40.5279,-50.0,376.0
40.533,-181.0,376.0
40.5379,-333.0,380.0
40.5429,22.0,378.0
40.5481,391.0,380.0
40.5528,216.0,382.0
40.5584,-61.0,378.0
40.5629,-192.0,380.0
40.568,-338.0,382.0
40.5728,-131.0,384.0
40.5778,442.0,390.0
40.583,449.0,396.0
40.5879,-233.0,400.0
40.5935,-477.0,406.0
40.5979,24.0,404.0
40.6029,272.0,408.0
40.6079,-28.0,404.0
40.613,-95.0,406.0
40.6178,131.0,406.0
40.6228,66.0,406.0
40.6278,-111.0,406.0
40.6328,-84.0,408.0
40.6379,-46.0,404.0
40.6432,33.0,400.0
40.648,144.0,400.0
40.653,12.0,396.0
40.6578,-90.0,396.0
40.6629,105.0,394.0
40.6679,25.0,394.0
40.6728,-340.0,396.0
40.6781,-51.0,396.0
40.6831,464.0,398.0
40.6878,81.0,396.0
40.693,-356.0,396.0
40.6979,-31.0,394.0
40.703,119.0,392.0
40.7079,-53.0,390.0
40.7129,63.0,390.0
40.7178,73.0,386.0
40.723,-125.0,388.0
40.7278,2.0,384.0
40.733,132.0,386.0
40.7378,-69.0,384.0
40.7429,-128.0,386.0
40.7478,24.0,386.0
40.7528,93.0,384.0
40.7579,53.0,384.0
40.7631,-80.0,382.0
40.768,-30.0,380.0
40.7729,186.0,382.0
40.7778,-96.0,382.0
40.7831,-384.0,388.0
40.7879,274.0,392.0
40.7929,566.0,398.0
40.7979,-473.0,404.0
40.8028,-675.0,408.0
40.8078,589.0,414.0
40.8129,671.0,418.0
40.8179,-518.0,420.0
40.8229,-526.0,424.0
40.8279,308.0,426.0
40.8331,309.0,426.0
40.8378,-81.0,426.0
40.8429,-145.0,422.0
40.848,-73.0,422.0
40.853,81.0,420.0
40.8578,120.0,420.0
40.8628,-56.0,420.0
40.8678,-71.0,420.0
40.8728,0.0,416.0
40.8778,-31.0,414.0
40.883,59.0,414.0
40.8878,125.0,414.0
40.8929,-50.0,416.0
40.8979,-126.0,410.0
40.9028,-11.0,406.0
40.9078,19.0,398.0
40.9129,12.0,390.0
40.918,91.0,390.0
40.9228,81.0,382.0
40.9278,-108.0,378.0
40.9329,-168.0,380.0
40.9378,55.0,374.0
40.9428,135.0,372.0
40.9479,-11.0,370.0
40.9529,22.0,366.0
40.9579,33.0,362.0
40.9629,-203.0,364.0
40.968,-130.0,362.0
40.9729,281.0,366.0
40.9778,240.0,368.0
40.9829,-230.0,370.0
40.9882,-270.0,372.0
40.9929,139.0,372.0
40.9979,227.0,370.0
41.0028,-92.0,368.0
41.008,-190.0,364.0
41.0128,70.0,366.0
41.0178,160.0,362.0
41.0229,-21.0,360.0
41.0278,-53.0,360.0
41.033,-10.0,358.0
41.0379,-124.0,358.0
41.0432,-68.0,356.0
41.0482,228.0,356.0
41.0528,247.0,354.0
41.0578,-151.0,354.0
41.0628,-389.0,354.0
41.0678,-37.0,352.0
41.0728,364.0,354.0
41.0778,157.0,356.0
41.0829,-190.0,358.0
41.0878,-119.0,356.0
41.093,21.0,354.0
41.0978,8.0,348.0
41.1028,-5.0,346.0
41.1078,41.0,340.0
41.1134,130.0,340.0
41.1178,19.0,338.0
41.1231,-251.0,340.0
41.1278,-155.0,342.0
41.1328,266.0,340.0
41.1379,259.0,340.0
41.1428,-184.0,334.0
41.148,-230.0,332.0
41.1528,62.0,326.0
41.158,71.0,320.0
41.163,33.0,322.0
41.168,91.0,322.0
41.173,-59.0,320.0
41.1778,-134.0,316.0
41.183,57.0,318.0
41.1879,67.0,312.0
41.1929,-94.0,310.0
41.1978,1.0,310.0
41.2028,142.0,308.0
41.2078,-30.0,304.0
41.2129,-140.0,304.0
41.218,78.0,298.0
41.2237,103.0,292.0
41.2279,-170.0,292.0
41.2333,-86.0,286.0
41.2386,220.0,288.0
41.2429,77.0,286.0
41.2481,-123.0,288.0
41.2528,7.0,286.0
41.2578,-84.0,286.0
41.2628,-213.0,288.0
41.268,209.0,288.0
41.273,421.0,294.0
41.2782,-163.0,296.0
41.2831,-454.0,302.0
41.2878,90.0,302.0
41.2928,312.0,306.0
41.2978,-129.0,308.0
41.303,-138.0,308.0
41.3079,206.0,310.0
41.313,20.0,306.0
41.3179,-172.0,308.0
41.3228,62.0,302.0
41.3279,-1.0,300.0
41.3329,-154.0,296.0
41.3379,195.0,300.0
41.3428,228.0,300.0
41.3479,-266.0,304.0
41.3528,-207.0,306.0
41.358,182.0,308.0
41.363,68.0,308.0
41.3679,-15.0,308.0
41.373,81.0,306.0
41.3779,-189.0,308.0
41.3828,-70.0,308.0
41.388,471.0,314.0
41.3929,-87.0,314.0
41.3979,-780.0,326.0
41.4029,123.0,326.0
41.4078,870.0,340.0
41.4134,97.0,338.0
41.4179,-565.0,346.0
41.423,-350.0,346.0
41.428,60.0,342.0
41.4328,380.0,338.0
41.4381,262.0,336.0
41.443,-224.0,328.0
41.4481,-260.0,324.0
41.4529,53.0,314.0
41.4578,75.0,306.0
41.4628,72.0,300.0
41.4678,131.0,296.0
41.4732,-168.0,294.0
41.4779,-276.0,298.0
41.4829,209.0,298.0
41.4887,278.0,302.0
41.4929,-197.0,304.0
41.498,-122.0,304.0
41.5028,179.0,306.0
41.5079,-58.0,306.0
41.5129,-129.0,308.0
41.522,136.0,310.0
41.5227,17.0,308.0
41.5279,-165.0,310.0
41.5329,23.0,308.0
41.538,241.0,310.0
41.5428,167.0,312.0
41.5479,-267.0,316.0
41.5529,-478.0,324.0
41.558,121.0,324.0
41.5629,598.0,332.0
41.5679,72.0,332.0
41.573,-438.0,336.0
41.5778,-125.0,338.0
41.5828,226.0,338.0
41.5879,65.0,340.0
41.593,-149.0,342.0
41.5979,-28.0,342.0
41.6029,150.0,340.0
41.6078,42.0,340.0
41.613,-116.0,336.0
41.6179,-40.0,334.0
41.6229,67.0,332.0
41.6279,-17.0,328.0
41.6329,-74.0,326.0
41.6378,102.0,324.0
41.643,139.0,324.0
41.6479,-151.0,324.0
41.6529,-201.0,326.0
41.6578,138.0,326.0
41.663,191.0,328.0
41.6678,-95.0,330.0
41.6732,-91.0,330.0
41.6779,97.0,330.0
41.6829,-25.0,330.0
41.6878,-172.0,328.0
41.6928,46.0,326.0
41.698,225.0,326.0
41.703,32.0,322.0
41.7079,-149.0,322.0
41.713,-80.0,318.0
41.7178,31.0,316.0
41.7229,52.0,314.0
41.7279,-38.0,314.0
41.733,-92.0,314.0
41.7379,123.0,316.0
41.7429,278.0,320.0
41.7479,-103.0,322.0
41.7529,-425.0,326.0
41.7578,-21.0,326.0
41.7629,328.0,326.0
41.7678,60.0,326.0
41.7728,-81.0,322.0
41.7781,35.0,320.0
41.7829,-62.0,318.0
41.7879,-88.0,314.0
41.7928,48.0,314.0
41.7979,-10.0,314.0
41.8028,-23.0,314.0
41.8078,139.0,314.0
41.8128,55.0,314.0
41.8178,-153.0,314.0
41.8229,-62.0,314.0
41.8278,79.0,314.0
41.8329,-27.0,314.0
41.8379,-37.0,314.0
41.843,162.0,314.0
41.8478,66.0,316.0
41.8528,-231.0,316.0
41.8579,-94.0,316.0
41.8628,200.0,318.0
41.8678,43.0,316.0
41.873,-144.0,318.0
41.878,58.0,314.0
41.8831,123.0,316.0
41.8879,-128.0,316.0
41.8929,-105.0,318.0
41.8978,139.0,318.0
41.9028,47.0,316.0
41.9079,-113.0,314.0
41.913,12.0,308.0
41.9178,67.0,306.0
41.9228,-26.0,300.0
41.9278,-13.0,298.0
41.9328,32.0,294.0
41.9378,-28.0,292.0
41.9428,-81.0,292.0
41.9478,14.0,288.0
41.9528,126.0,290.0
41.9579,59.0,288.0
41.9628,-89.0,288.0
41.9678,-98.0,290.0
41.9728,16.0,288.0
41.9778,43.0,286.0
41.9828,-13.0,282.0
41.9879,26.0,278.0
41.9929,64.0,276.0
41.9978,-33.0,274.0
42.0028,-74.0,274.0
42.0078,0.0,274.0
42.013,6.0,272.0
42.0179,8.0,270.0
42.0228,79.0,270.0
42.0278,38.0,264.0
42.0328,-100.0,264.0
42.038,-111.0,252.0
42.0431,29.0,252.0
42.048,137.0,240.0
42.0529,83.0,240.0
42.0579,-69.0,232.0
42.063,-139.0,228.0
42.068,-37.0,228.0
42.0729,102.0,224.0
42.0779,89.0,222.0
42.083,-60.0,218.0
42.088,-95.0,216.0
42.0928,80.0,216.0
42.0979,119.0,218.0
42.1028,-75.0,218.0
42.1079,-134.0,218.0
42.1129,-54.0,216.0
42.1179,61.0,212.0
42.1228,241.0,212.0
42.1278,58.0,210.0
42.1328,-332.0,212.0
42.1379,-77.0,210.0
42.1428,287.0,212.0
42.1478,-89.0,212.0
42.1531,-207.0,214.0
42.1579,329.0,218.0
42.1637,205.0,220.0
42.1679,-410.0,224.0
42.1728,-260.0,228.0
42.1778,210.0,228.0
42.1829,231.0,228.0
42.188,124.0,226.0
42.1928,-38.0,220.0
42.1979,-307.0,222.0
42.2028,-194.0,216.0
42.2079,220.0,218.0
42.2129,224.0,214.0
42.218,-50.0,214.0
42.2228,51.0,210.0
42.2279,66.0,210.0
42.2328,-419.0,214.0
42.2386,-258.0,218.0
42.2429,568.0,226.0
42.2486,359.0,230.0
42.2529,-468.0,236.0
42.258,-250.0,238.0
42.2631,311.0,242.0
42.2678,112.0,244.0
42.2728,-171.0,246.0
42.2779,-98.0,246.0
42.2829,8.0,244.0
42.2878,124.0,244.0
42.2938,118.0,242.0
42.298,-67.0,240.0
42.3028,-112.0,240.0
42.3079,-50.0,238.0
42.313,-8.0,238.0
42.3178,132.0,238.0
42.3228,149.0,240.0
42.3279,-99.0,238.0
42.3329,-214.0,242.0
42.3378,-47.0,238.0
42.3428,114.0,240.0
42.3478,197.0,240.0
42.3528,114.0,242.0
42.3581,-216.0,244.0
42.3629,-261.0,248.0
42.3678,111.0,248.0
42.3729,177.0,250.0
42.3778,-38.0,248.0
42.383,12.0,244.0
42.3878,98.0,244.0
42.3929,-62.0,238.0
42.3978,-196.0,242.0
42.4028,-91.0,238.0
42.4078,145.0,238.0
42.4129,253.0,242.0
42.4178,84.0,242.0
42.4228,-213.0,244.0
42.4279,-292.0,248.0
42.433,5.0,248.0
42.4379,269.0,252.0
42.4429,133.0,254.0
42.4478,-67.0,252.0
42.4527,-42.0,252.0
42.4578,-53.0,250.0
42.4628,-170.0,252.0
42.4679,-40.0,252.0
42.4731,263.0,254.0
42.4778,211.0,258.0
42.4828,-176.0,258.0
42.4878,-275.0,262.0
42.493,80.0,258.0
42.4981,249.0,262.0
42.5029,-41.0,258.0
42.5079,-250.0,262.0
42.5129,-73.0,260.0
42.5178,285.0,264.0
42.5228,283.0,266.0
42.5279,-298.0,270.0
42.5328,-394.0,274.0
42.5378,274.0,276.0
42.5428,270.0,280.0
42.5479,-223.0,282.0
42.5528,5.0,282.0
42.5581,150.0,282.0
42.5629,-246.0,286.0
42.568,-55.0,286.0
42.5732,331.0,292.0
42.5779,-57.0,292.0
42.583,-263.0,294.0
42.5878,156.0,296.0
42.5928,113.0,296.0
42.5979,-167.0,298.0
42.6028,54.0,298.0
42.6078,56.0,298.0
42.6128,-202.0,300.0
42.6178,72.0,300.0
42.623,277.0,304.0
42.6279,-105.0,306.0
42.633,-244.0,308.0
42.6378,66.0,310.0
42.643,164.0,310.0
42.648,-7.0,310.0
42.653,-124.0,312.0
42.6578,-79.0,314.0
42.6628,80.0,314.0
42.6678,197.0,316.0
42.6728,84.0,316.0
42.6779,-253.0,318.0
42.6829,-344.0,322.0
42.6878,164.0,324.0
42.6928,473.0,330.0
42.6979,-48.0,330.0
42.703,-320.0,332.0
42.708,102.0,334.0
42.7128,45.0,332.0
42.7179,-289.0,336.0
42.723,111.0,336.0
42.728,369.0,340.0
42.7331,-168.0,342.0
42.7379,-263.0,344.0
42.744,299.0,348.0
42.7478,141.0,348.0
42.7529,-521.0,354.0
42.7578,-165.0,356.0
42.7628,655.0,362.0
42.7678,288.0,366.0
42.7728,-537.0,370.0
42.7779,-332.0,374.0
42.7832,213.0,372.0
42.7878,167.0,374.0
42.7928,60.0,372.0
42.7978,138.0,368.0
42.8028,-83.0,366.0
42.8079,-363.0,366.0
42.8131,-62.0,362.0
42.818,361.0,366.0
42.8229,134.0,364.0
42.8279,-185.0,364.0
42.8328,-43.0,364.0
42.8377,-9.0,360.0
42.8428,-86.0,358.0
42.8484,115.0,356.0
42.8529,145.0,356.0
42.8579,-98.0,356.0
42.8633,-142.0,358.0
42.8678,-43.0,358.0
42.8728,85.0,352.0
42.8778,265.0,352.0
42.8829,71.0,344.0
42.8878,-442.0,346.0
42.8929,-305.0,344.0
42.898,443.0,346.0
42.9029,485.0,348.0
42.908,-251.0,352.0
42.913,-472.0,356.0
42.918,-9.0,354.0
42.9228,269.0,358.0
42.928,166.0,360.0
42.933,-35.0,358.0
42.938,-161.0,360.0
42.9428,-93.0,358.0
42.9488,105.0,360.0
42.9528,144.0,362.0
42.958,-97.0,362.0
42.9631,-188.0,362.0
42.968,119.0,362.0
42.9728,206.0,362.0
42.9779,-136.0,364.0
42.9829,-140.0,364.0
42.9879,179.0,364.0
42.993,-9.0,362.0
42.9979,-248.0,362.0
43.0028,177.0,362.0
43.0079,279.0,364.0
43.0129,-296.0,366.0
43.0178,-250.0,370.0
43.023,331.0,374.0
43.0278,187.0,376.0
43.0328,-305.0,380.0
43.0379,-97.0,378.0
43.043,274.0,380.0
43.0478,-21.0,378.0
43.0528,-280.0,380.0
43.0581,138.0,380.0
43.0628,308.0,382.0
43.0678,-182.0,380.0
43.073,-291.0,384.0
43.0779,103.0,382.0
43.0829,176.0,382.0
43.0878,35.0,382.0
43.0931,-35.0,382.0
43.0981,-125.0,382.0
43.103,8.0,380.0
43.1081,149.0,382.0
43.1129,-122.0,380.0
43.1178,-144.0,378.0
43.1232,274.0,380.0
43.1278,91.0,378.0
43.1331,-374.0,382.0
43.1379,-4.0,378.0
43.1428,381.0,384.0
43.1478,-32.0,380.0
43.1535,-262.0,382.0
43.1581,13.0,378.0
43.163,55.0,376.0
43.168,-26.0,370.0
43.1729,91.0,366.0
43.1778,66.0,362.0
43.1833,-73.0,360.0
43.1878,-28.0,356.0
43.1932,-50.0,358.0
43.1978,-109.0,356.0
43.2028,137.0,356.0
43.2079,247.0,358.0
43.213,-129.0,354.0
43.2178,-303.0,358.0
43.2228,99.0,356.0
43.228,310.0,358.0
43.2328,-117.0,358.0
43.2378,-345.0,362.0
43.2429,177.0,364.0
43.2479,407.0,368.0
43.253,-230.0,370.0
43.2591,-418.0,374.0
43.2628,262.0,374.0
43.2678,313.0,378.0
43.2728,-313.0,378.0
43.2779,-147.0,380.0
43.2828,387.0,384.0
43.2878,49.0,384.0
43.2928,-370.0,388.0
43.2978,-30.0,388.0
43.3029,164.0,388.0
43.3078,-5.0,386.0
43.3128,157.0,386.0
43.3178,88.0,384.0
43.3228,-454.0,386.0
43.3278,-145.0,386.0
43.3329,639.0,388.0
43.3378,127.0,390.0
43.3428,-649.0,394.0
43.3478,-94.0,394.0
43.3536,417.0,400.0
43.3586,116.0,398.0
43.3632,22.0,396.0
43.3678,-133.0,392.0
43.373,-432.0,396.0
43.3778,62.0,394.0
43.3828,537.0,398.0
43.3878,57.0,396.0
43.3928,-323.0,392.0
43.3979,-119.0,392.0
43.4029,23.0,382.0
43.4078,89.0,380.0
43.4133,112.0,372.0
43.4178,-6.0,368.0
43.4228,18.0,364.0
43.4278,-41.0,362.0
43.4328,-310.0,366.0
43.4378,-35.0,364.0
43.4429,496.0,372.0
43.4479,197.0,368.0
43.4529,-401.0,374.0
43.4579,-278.0,372.0
43.4628,183.0,374.0
43.4678,201.0,374.0
43.4729,-140.0,374.0
43.4779,-78.0,376.0
43.4829,261.0,378.0
43.4878,45.0,378.0
43.4929,-268.0,380.0
43.4978,-100.0,380.0
43.5029,47.0,378.0
43.5079,128.0,380.0
43.5129,198.0,382.0
43.5178,-34.0,378.0
43.523,-204.0,380.0
43.5278,-113.0,374.0
43.5328,-44.0,370.0
43.5379,140.0,366.0
43.5428,276.0,362.0
43.5478,-21.0,358.0
43.5528,-259.0,356.0
43.558,-98.0,356.0
43.5628,80.0,354.0
43.5679,152.0,354.0
43.5729,15.0,354.0
43.5779,-203.0,354.0
43.5828,55.0,354.0
43.5878,292.0,356.0
43.5928,-145.0,356.0
43.598,-348.0,360.0
43.6029,104.0,360.0
43.6082,265.0,362.0
43.6129,19.0,358.0
43.6179,-59.0,358.0
43.6228,-101.0,356.0
43.6279,-145.0,356.0
43.6332,143.0,358.0
43.638,257.0,358.0
43.643,-224.0,360.0
43.648,-256.0,358.0
43.6529,381.0,360.0
43.6578,178.0,358.0
43.6628,-565.0,362.0
43.668,-95.0,362.0
43.673,644.0,366.0
43.678,25.0,366.0
43.6829,-525.0,370.0
43.6878,58.0,370.0
43.6928,323.0,370.0
43.6978,-84.0,370.0
43.703,-205.0,368.0
43.708,-49.0,366.0
43.7129,126.0,364.0
43.7178,237.0,366.0
43.7229,20.0,364.0
43.728,-232.0,366.0
43.7329,-154.0,368.0
43.7378,12.0,366.0
43.7428,166.0,368.0
43.7478,193.0,370.0
43.7528,-122.0,370.0
43.7582,-244.0,370.0
43.763,141.0,368.0
43.768,210.0,370.0
43.7734,-214.0,368.0
43.7778,-161.0,370.0
43.7829,215.0,368.0
43.7881,43.0,368.0
43.793,-84.0,366.0
43.7979,200.0,368.0
43.8028,-125.0,370.0
43.8079,-494.0,376.0
43.8129,329.0,380.0
43.8179,696.0,390.0
43.823,-470.0,396.0
43.828,-701.0,408.0
43.8328,491.0,414.0
43.8378,480.0,420.0
43.8432,-386.0,424.0
43.848,-108.0,422.0
43.853,249.0,424.0
43.8578,-250.0,422.0
43.8628,-172.0,424.0
43.8679,412.0,426.0
43.8728,129.0,426.0
43.878,-320.0,426.0
43.8831,-18.0,422.0
43.8878,137.0,418.0
43.8928,-172.0,418.0
43.8978,-84.0,412.0
43.903,302.0,412.0
43.9079,177.0,410.0
43.9129,-266.0,410.0
43.9178,-265.0,412.0
43.9229,139.0,408.0
43.9278,268.0,412.0
43.933,-41.0,406.0
43.9379,-213.0,410.0
43.9428,2.0,406.0
43.9478,125.0,408.0
43.9527,-36.0,406.0
43.958,-27.0,406.0
43.9629,135.0,400.0
43.9678,-49.0,400.0
43.9728,-181.0,392.0
43.9778,141.0,392.0
43.983,90.0,384.0
43.9879,-313.0,386.0
43.9928,20.0,380.0
43.9978,504.0,386.0
44.0029,6.0,386.0
44.0078,-559.0,394.0
44.0129,-138.0,388.0
44.0179,408.0,394.0
44.0229,202.0,388.0
44.028,-177.0,390.0
44.0328,-137.0,388.0
44.0378,57.0,386.0
44.043,58.0,388.0
44.048,-71.0,386.0
44.053,-40.0,386.0
44.0578,115.0,388.0
44.0628,16.0,388.0
44.0678,-169.0,390.0
44.0728,58.0,386.0
44.0778,269.0,390.0
44.0829,-91.0,382.0
44.0878,-349.0,386.0
44.0936,-4.0,380.0
44.0978,286.0,380.0
44.1028,144.0,378.0
44.108,-100.0,378.0
44.1129,-197.0,378.0
44.1179,-54.0,378.0
44.1229,159.0,376.0
44.1279,83.0,376.0
44.133,-100.0,374.0
44.1378,18.0,372.0
44.1428,82.0,374.0
44.1478,-202.0,374.0
44.1528,-144.0,374.0
44.158,313.0,378.0
44.163,205.0,378.0
44.168,-241.0,380.0
44.173,-137.0,382.0
44.1779,100.0,380.0
44.1829,-31.0,376.0
44.1878,-63.0,378.0
44.1929,144.0,376.0
44.199,121.0,376.0
44.2034,-123.0,376.0
44.2079,-150.0,376.0
44.2129,12.0,376.0
44.218,67.0,374.0
44.2229,76.0,374.0
44.2278,95.0,372.0
44.2328,-92.0,370.0
44.2378,-238.0,370.0
44.2439,95.0,370.0
44.248,310.0,370.0
44.2529,-136.0,372.0
44.2578,-323.0,376.0
44.2628,147.0,376.0
44.2677,283.0,378.0
44.2736,-61.0,378.0
44.2779,-187.0,376.0
44.2829,-71.0,374.0
44.2878,62.0,370.0
44.2928,131.0,366.0
44.2978,17.0,364.0
44.3029,-80.0,356.0
44.3079,-20.0,356.0
44.3128,-16.0,346.0
44.318,6.0,346.0
44.3229,100.0,338.0
44.328,-21.0,338.0
44.3329,-146.0,336.0
44.338,8.0,334.0
44.343,118.0,334.0
44.3483,56.0,334.0
44.3531,-5.0,332.0
44.3587,-84.0,328.0
44.3637,-116.0,330.0
44.3683,8.0,326.0
44.3735,118.0,326.0
44.378,77.0,328.0
44.3827,15.0,324.0
44.3886,-24.0,322.0
44.3938,-141.0,322.0
44.398,-128.0,320.0
44.4034,146.0,320.0
44.4082,164.0,320.0
44.4134,-101.0,318.0
44.4184,10.0,316.0
44.4228,115.0,314.0
44.4282,-249.0,318.0
44.433,-156.0,318.0
44.4378,389.0,322.0
44.4436,128.0,322.0
44.4486,-414.0,320.0
44.4533,-64.0,316.0
44.458,354.0,312.0
44.463,57.0,304.0
44.468,-212.0,298.0
44.4737,-67.0,290.0
44.4783,69.0,284.0
44.4834,3.0,278.0
44.4879,-72.0,278.0
44.4931,59.0,274.0
44.4981,186.0,274.0
44.5035,-8.0,270.0
44.5083,-179.0,268.0
44.5133,-76.0,266.0
44.518,-38.0,262.0
44.5232,52.0,262.0
44.5286,306.0,266.0
44.5333,89.0,264.0
44.5378,-436.0,270.0
44.5428,-252.0,268.0
44.548,363.0,272.0
44.5531,318.0,272.0
44.5588,-150.0,270.0
44.5629,-224.0,272.0
44.5687,-52.0,268.0
44.5741,56.0,268.0
44.5778,143.0,268.0
44.5832,11.0,268.0
44.5878,-187.0,268.0
44.5928,83.0,270.0
44.598,298.0,274.0
44.6037,-225.0,276.0
44.608,-424.0,280.0
44.6128,289.0,282.0
44.6179,417.0,286.0
44.6228,-269.0,290.0
44.6292,-264.0,288.0
44.6329,199.0,292.0
44.6379,94.0,286.0
44.643,-68.0,286.0
44.6479,18.0,278.0
44.6533,-104.0,278.0
44.6581,-106.0,272.0
44.663,238.0,274.0
44.6682,199.0,274.0
44.6737,-269.0,276.0
44.6778,-249.0,278.0
44.6828,198.0,280.0
44.688,210.0,282.0
44.6931,-82.0,284.0
44.698,-111.0,284.0
44.7036,35.0,284.0
44.7078,44.0,282.0
44.7134,-134.0,284.0
44.718,-83.0,280.0
44.723,298.0,284.0
44.7283,206.0,282.0
44.7333,-356.0,286.0
44.7378,-301.0,286.0
44.743,245.0,288.0
44.7478,268.0,292.0
44.7528,-49.0,288.0
44.7589,-122.0,290.0
44.7628,-123.0,290.0
44.7683,-40.0,288.0
44.7733,222.0,290.0
44.778,142.0,292.0
44.7832,-225.0,294.0
44.7888,-133.0,294.0
44.7928,134.0,294.0
44.7978,-10.0,288.0
44.8028,-14.0,286.0
44.808,196.0,286.0
44.8131,-82.0,284.0
44.8177,-223.0,286.0
44.8233,201.0,288.0
44.8281,28.0,288.0
44.8328,-373.0,292.0
44.8381,213.0,294.0
44.8438,510.0,300.0
44.8483,-329.0,302.0
44.8528,-512.0,310.0
44.8578,296.0,314.0
44.863,370.0,318.0
44.868,-188.0,320.0
44.8735,-141.0,320.0
44.8778,113.0,318.0
44.8834,-86.0,318.0
44.888,-151.0,316.0
44.8931,217.0,316.0
44.8978,281.0,316.0
44.9034,-197.0,318.0
44.9079,-398.0,318.0
44.9131,65.0,318.0
44.918,409.0,322.0
44.923,34.0,322.0
44.9282,-328.0,326.0
44.9338,4.0,324.0
44.9378,251.0,328.0
44.943,-102.0,328.0
44.9478,-207.0,330.0
44.953,113.0,332.0
44.958,118.0,334.0
44.9644,-30.0,334.0
44.9684,45.0,334.0
44.9732,-37.0,332.0
44.978,-171.0,334.0
44.983,29.0,332.0
44.9886,157.0,334.0
44.9928,-1.0,334.0
44.9983,-61.0,334.0
45.003,9.0,332.0
45.0085,8.0,332.0
45.0131,-23.0,330.0
45.0183,-30.0,330.0
45.0233,16.0,330.0
45.0283,65.0,330.0
45.033,-25.0,330.0
45.0382,-61.0,328.0
45.0434,62.0,326.0
45.0483,8.0,324.0
45.0533,-95.0,324.0
45.058,65.0,326.0
45.0629,146.0,326.0
45.068,-89.0,324.0
45.0734,-235.0,324.0
45.0778,-2.0,318.0
45.0833,279.0,320.0
45.0879,166.0,316.0
45.0928,-181.0,318.0
45.0981,-238.0,316.0
45.1028,-12.0,316.0
45.1078,126.0,314.0
45.1138,153.0,316.0
45.1177,46.0,316.0
45.1231,-171.0,318.0
45.1281,-107.0,318.0
45.1338,132.0,320.0
45.1377,41.0,318.0
45.1431,-108.0,320.0
45.148,30.0,316.0
45.1529,96.0,318.0
45.1579,-18.0,316.0
45.163,-44.0,316.0
45.1692,-43.0,312.0
45.173,-47.0,312.0
45.1779,70.0,306.0
45.183,88.0,304.0
45.1884,-71.0,300.0
45.1928,-46.0,294.0
45.1978,108.0,294.0
45.2038,20.0,292.0
45.2081,-152.0,292.0
45.2134,-67.0,292.0
45.2178,111.0,292.0
45.2227,94.0,294.0
45.2284,8.0,290.0
45.2329,0.0,290.0
45.2383,-106.0,286.0
45.2436,-177.0,286.0
45.2481,102.0,280.0
45.2536,341.0,282.0
45.2579,8.0,276.0
45.263,-437.0,278.0
45.2678,-170.0,276.0
45.2734,451.0,280.0
45.2778,294.0,284.0
45.2834,-385.0,288.0
45.2881,-318.0,294.0
45.2931,278.0,296.0
45.2981,258.0,298.0
45.3032,-160.0,296.0
45.3077,-174.0,296.0
45.3134,28.0,292.0
45.318,86.0,290.0
45.323,103.0,288.0
45.3281,17.0,286.0
45.333,-183.0,288.0
45.3378,-123.0,288.0
45.3428,146.0,290.0
45.3478,156.0,290.0
45.3528,21.0,290.0
45.358,-58.0,288.0
45.3629,-235.0,288.0
45.3679,-151.0,286.0
45.3728,347.0,286.0
45.3779,411.0,288.0
45.3828,-233.0,288.0
45.3878,-584.0,294.0
45.3928,-69.0,294.0
45.3978,493.0,300.0
45.4028,323.0,302.0
45.4088,-140.0,304.0
45.4141,-298.0,306.0
45.4178,-206.0,306.0
45.4228,12.0,302.0
45.4279,277.0,306.0
45.4327,292.0,308.0
45.4384,-67.0,308.0
45.4429,-384.0,314.0
45.4479,-153.0,314.0
45.4528,227.0,316.0
45.4578,121.0,314.0
45.4627,30.0,312.0
45.4678,138.0,314.0
45.473,-201.0,310.0
45.4779,-377.0,314.0
45.4828,214.0,308.0
45.4878,438.0,310.0
45.4929,-150.0,304.0
45.4979,-399.0,306.0
45.5029,141.0,302.0
45.5084,406.0,306.0
45.5127,-211.0,308.0
45.5178,-506.0,314.0
45.5239,233.0,316.0
45.5278,596.0,322.0
45.5328,-79.0,320.0
45.5379,-510.0,324.0
45.5428,-164.0,324.0
45.5477,219.0,320.0
45.5528,275.0,324.0
45.5579,71.0,318.0
45.5628,-195.0,322.0
45.5678,-149.0,318.0
45.5727,92.0,320.0
45.5778,37.0,316.0
45.5829,-84.0,316.0
45.5879,61.0,314.0
45.5929,101.0,314.0
45.598,-9.0,312.0
45.6028,-41.0,312.0
45.6079,-154.0,314.0
45.6131,-91.0,314.0
45.6179,295.0,316.0
45.6228,206.0,320.0
45.628,-332.0,322.0
45.6328,-199.0,326.0
45.6378,295.0,328.0
45.6428,64.0,330.0
45.6478,-248.0,334.0
45.6529,74.0,334.0
45.6578,199.0,336.0
45.663,-99.0,338.0
45.6678,-114.0,340.0
45.673,11.0,338.0
45.6778,6.0,338.0
45.6828,111.0,338.0
45.688,79.0,340.0
45.6928,-208.0,342.0
45.6979,-110.0,342.0
45.7029,259.0,344.0
45.7079,90.0,344.0
45.713,-268.0,344.0
45.7187,-76.0,346.0
45.7228,223.0,344.0
45.728,93.0,344.0
45.7329,-113.0,342.0
45.7378,-103.0,340.0
45.7429,-16.0,340.0
45.7478,92.0,340.0
45.7529,97.0,340.0
45.7579,-98.0,340.0
45.763,-129.0,340.0
45.7679,96.0,340.0
45.7728,164.0,340.0
45.7779,-6.0,340.0
45.7829,-157.0,340.0
45.7881,-148.0,342.0
45.7929,17.0,340.0
45.7979,241.0,344.0
45.8028,183.0,346.0
45.8079,-230.0,350.0
45.8128,-282.0,352.0
45.8178,207.0,354.0
45.8228,239.0,358.0
45.8278,-231.0,360.0
45.8328,-113.0,360.0
45.8378,284.0,364.0
45.8429,-29.0,364.0
45.8478,-309.0,366.0
45.853,132.0,368.0
45.8578,229.0,370.0
45.8628,-188.0,370.0
45.8678,-52.0,372.0
45.8729,219.0,374.0
45.878,-100.0,374.0
45.883,-177.0,374.0
45.8878,149.0,376.0
45.8929,20.0,370.0
45.8979,-131.0,372.0
45.903,144.0,368.0
45.9079,75.0,366.0
45.913,-159.0,362.0
45.918,43.0,358.0
45.9233,35.0,352.0
45.9282,-195.0,350.0
45.9329,86.0,348.0
45.9378,285.0,348.0
45.9428,-118.0,346.0
45.9478,-258.0,348.0
45.9527,71.0,348.0
45.958,123.0,350.0
45.9628,-25.0,348.0
45.9677,37.0,348.0
45.9728,69.0,346.0
45.9777,-101.0,346.0
45.9828,-186.0,348.0
45.9879,7.0,344.0
45.993,243.0,348.0
45.9979,167.0,350.0
46.0028,-146.0,348.0
46.0078,-288.0,350.0
46.013,-35.0,346.0
46.0178,248.0,344.0
46.0231,175.0,342.0
46.028,-52.0,334.0
46.033,-230.0,336.0
46.0377,-169.0,332.0
46.0428,193.0,330.0
46.0477,262.0,332.0
46.0528,-51.0,328.0
46.0578,-149.0,326.0
46.0628,-118.0,328.0
46.0679,-104.0,326.0
46.0727,163.0,324.0
46.0778,269.0,326.0
46.0829,-56.0,322.0
46.0878,-160.0,322.0
46.0928,-56.0,320.0
46.0979,-107.0,318.0
46.1029,45.0,320.0
46.1079,226.0,320.0
46.1128,52.0,318.0
46.1179,-72.0,314.0
46.1232,-116.0,312.0
46.1279,-164.0,308.0
46.1328,95.0,306.0
46.139,228.0,304.0
46.1442,-19.0,302.0
46.1486,-79.0,298.0
46.1528,-65.0,294.0
46.1579,-108.0,288.0
46.1628,129.0,286.0
46.1678,177.0,280.0
46.1729,-144.0,282.0
46.1778,-110.0,276.0
46.183,112.0,274.0
46.1879,-23.0,272.0
46.193,-85.0,268.0
46.1978,122.0,270.0
46.2029,77.0,268.0
46.2079,-127.0,266.0
46.2129,-15.0,266.0
46.218,117.0,266.0
46.2228,-88.0,266.0
46.228,-178.0,268.0
46.2339,106.0,268.0
46.2387,197.0,272.0
46.243,-32.0,272.0
46.2479,5.0,270.0
46.253,46.0,268.0
46.2578,-357.0,270.0
46.2628,-250.0,270.0
46.2678,534.0,274.0
46.273,514.0,278.0
46.2779,-346.0,280.0
46.2829,-627.0,288.0
46.2878,-69.0,286.0
46.2928,496.0,292.0
46.2979,434.0,296.0
46.303,-196.0,296.0
46.3078,-552.0,304.0
46.3128,-118.0,306.0
46.3178,366.0,312.0
46.3228,263.0,314.0
46.3296,9.0,312.0
46.3328,-114.0,310.0
46.3378,-330.0,314.0
46.3428,-214.0,314.0
46.3479,423.0,318.0
46.3528,434.0,322.0
46.358,-321.0,326.0
46.363,-385.0,328.0
46.3679,162.0,328.0
46.3729,153.0,330.0
46.3778,-43.0,328.0
46.3828,83.0,330.0
46.3879,-14.0,328.0
46.393,-220.0,330.0
46.3978,10.0,328.0
46.4028,270.0,332.0
46.4078,68.0,330.0
46.413,-294.0,332.0
46.4181,-201.0,336.0
46.4228,274.0,338.0
46.4279,287.0,340.0
46.4328,-150.0,342.0
46.4378,-222.0,342.0
46.4428,-29.0,340.0
46.4478,43.0,336.0
46.4529,144.0,334.0
46.4578,76.0,332.0
46.4629,-210.0,332.0
46.4679,-33.0,328.0
46.4728,294.0,332.0
46.4779,-86.0,328.0
46.483,-319.0,332.0
46.4877,150.0,330.0
46.4929,171.0,330.0
46.498,-164.0,330.0
46.5028,92.0,328.0
46.5079,188.0,330.0
46.5129,-314.0,332.0
46.5179,-217.0,334.0
46.5228,411.0,338.0
46.528,218.0,338.0
46.5333,-354.0,344.0
46.5378,-135.0,344.0
46.5428,190.0,344.0
46.5477,-67.0,344.0
46.5528,-78.0,344.0
46.5582,263.0,346.0
46.5629,104.0,348.0
46.5678,-249.0,348.0
46.5729,-169.0,350.0
46.5777,28.0,346.0
46.5828,168.0,346.0
46.588,183.0,346.0
46.5928,-130.0,346.0
46.5978,-238.0,348.0
46.6028,143.0,350.0
46.6079,200.0,352.0
46.6129,-202.0,354.0
46.618,-215.0,356.0
46.6228,182.0,356.0
46.6279,301.0,360.0
46.6328,8.0,358.0
46.6379,-334.0,360.0
46.643,-281.0,362.0
46.6477,248.0,362.0
46.6529,449.0,368.0
46.6578,-125.0,366.0
46.6628,-439.0,370.0
46.6679,78.0,370.0
46.673,323.0,372.0
46.678,-138.0,372.0
46.683,-198.0,372.0
46.688,277.0,372.0
46.6928,107.0,372.0
46.6979,-435.0,378.0
46.7029,-61.0,376.0
46.7079,497.0,382.0
46.7129,40.0,380.0
46.718,-380.0,382.0
46.7231,10.0,382.0
46.728,170.0,382.0
46.733,-92.0,382.0
46.7378,-44.0,382.0
46.7428,116.0,382.0
46.7478,40.0,380.0
46.7528,-32.0,378.0
46.7581,-61.0,378.0
46.7629,-97.0,378.0
46.768,16.0,376.0
46.7727,156.0,378.0
46.7777,91.0,376.0
46.7829,-85.0,376.0
46.788,-164.0,378.0
46.7929,-51.0,378.0
46.7978,125.0,378.0
46.8029,124.0,378.0
46.8078,-28.0,376.0
46.8128,-75.0,374.0
46.8179,-37.0,372.0
46.8229,-29.0,372.0
46.8278,97.0,372.0
46.8328,140.0,374.0
46.8378,-164.0,374.0
46.8428,-255.0,376.0
46.848,164.0,378.0
46.8529,320.0,382.0
46.8578,-92.0,382.0
46.8628,-275.0,384.0
46.8677,25.0,382.0
46.873,175.0,384.0
46.8779,37.0,382.0
46.883,-128.0,382.0
46.8878,-188.0,386.0
46.8927,148.0,386.0
46.8978,427.0,388.0
46.9029,-130.0,386.0
46.9079,-600.0,388.0
46.9128,-19.0,380.0
46.9178,570.0,382.0
46.9228,228.0,376.0
46.9278,-373.0,382.0
46.9328,-357.0,380.0
46.9378,142.0,374.0
46.9427,397.0,378.0
46.9483,76.0,370.0
46.9531,-385.0,374.0
46.9581,-311.0,374.0
46.9628,295.0,374.0
46.968,487.0,382.0
46.9728,-153.0,382.0
46.9778,-449.0,384.0
46.9829,95.0,382.0
46.9877,199.0,378.0
46.9928,-202.0,376.0
46.9978,53.0,372.0
47.0028,383.0,372.0
47.0078,-114.0,370.0
47.013,-443.0,374.0
47.0177,5.0,374.0
47.0229,284.0,378.0
47.028,83.0,378.0
47.0328,-2.0,376.0
47.0378,-48.0,376.0
47.0428,-211.0,374.0
47.0477,-28.0,374.0
47.053,267.0,374.0
47.0577,33.0,372.0
47.0627,-253.0,370.0
47.0677,34.0,366.0
47.0727,289.0,368.0
47.0778,-78.0,366.0
47.0829,-354.0,372.0
47.0877,18.0,372.0
47.0928,300.0,374.0
47.0978,90.0,374.0
47.1028,-97.0,372.0
47.1078,-94.0,374.0
47.1128,-32.0,370.0
47.118,9.0,368.0
47.1228,-78.0,364.0
47.1279,-42.0,362.0
47.1328,254.0,364.0
47.1378,242.0,364.0
47.1428,-209.0,366.0
47.1477,-371.0,370.0
47.1528,-50.0,366.0
47.1579,235.0,366.0
47.1628,255.0,364.0
47.1677,42.0,360.0
47.1736,-241.0,358.0
47.1779,-184.0,360.0
47.1832,131.0,358.0
47.1879,101.0,360.0
47.193,-115.0,360.0
47.1978,32.0,356.0
47.2028,159.0,358.0
47.2077,-76.0,354.0
47.2128,-79.0,352.0
47.2179,117.0,354.0
47.2231,-109.0,354.0
47.2279,-241.0,354.0
47.2329,205.0,356.0
47.2379,332.0,356.0
47.2433,-158.0,358.0
47.2479,-256.0,358.0
47.2528,134.0,358.0
47.2586,73.0,354.0
47.2632,-242.0,356.0
47.2679,53.0,352.0
47.273,379.0,358.0
47.2779,-99.0,354.0
47.283,-423.0,356.0
47.2878,192.0,356.0
47.2929,442.0,356.0
47.2978,-356.0,358.0
47.303,-537.0,360.0
47.3079,409.0,366.0
47.3128,605.0,370.0
47.3178,-263.0,372.0
47.3227,-477.0,376.0
47.3278,101.0,374.0
47.3328,207.0,376.0
47.3379,-105.0,370.0
47.3428,-20.0,370.0
47.3478,223.0,364.0
47.3541,19.0,364.0
47.3581,-300.0,364.0
47.3628,-103.0,364.0
47.368,296.0,366.0
47.3729,155.0,368.0
47.3778,-257.0,372.0
47.3831,-137.0,372.0
47.3878,196.0,374.0
47.3928,83.0,374.0
47.3978,-79.0,374.0
47.4028,-51.0,374.0
47.4077,-88.0,376.0
47.4128,32.0,374.0
47.4177,176.0,374.0
47.4228,-4.0,374.0
47.4278,-51.0,372.0
47.4328,16.0,372.0
47.438,-189.0,372.0
47.4429,-110.0,372.0
47.4478,271.0,376.0
47.4529,210.0,378.0
47.4579,-77.0,378.0
47.4627,-180.0,380.0
47.4679,-182.0,382.0
47.4729,-17.0,380.0
47.4778,262.0,382.0
47.4829,277.0,382.0
47.4878,-164.0,382.0
47.4928,-496.0,384.0
47.498,33.0,384.0
47.5029,632.0,390.0
47.5078,60.0,390.0
47.5129,-596.0,396.0
47.5178,-70.0,398.0
47.525,351.0,400.0
47.5279,-77.0,398.0
47.5329,-117.0,398.0
47.538,285.0,396.0
47.5428,128.0,396.0
47.5479,-271.0,392.0
47.5539,-245.0,394.0
47.5586,-49.0,386.0
47.5627,181.0,386.0
47.5678,405.0,386.0
47.5728,73.0,382.0
47.5778,-488.0,388.0
47.5829,-308.0,386.0
47.5881,226.0,388.0
47.5929,372.0,388.0
47.5979,240.0,386.0
47.6029,-221.0,386.0
47.6081,-600.0,388.0
47.6129,-75.0,386.0
47.6179,526.0,388.0
47.6228,261.0,390.0
47.6279,-66.0,388.0
47.6328,-104.0,386.0
47.6378,-320.0,390.0
47.6432,-243.0,388.0
47.6481,289.0,392.0
47.6528,397.0,390.0
47.6588,8.0,390.0
47.6632,-224.0,390.0
47.669,-194.0,392.0
47.6736,-21.0,392.0
47.678,136.0,392.0
47.6828,76.0,390.0
47.688,-14.0,390.0
47.6928,45.0,388.0
47.698,-17.0,386.0
47.7031,-174.0,386.0
47.7078,-8.0,386.0
47.7128,220.0,384.0
47.718,-6.0,384.0
47.7229,-224.0,382.0
47.728,108.0,382.0
47.7328,274.0,382.0
47.7378,-241.0,384.0
47.7428,-367.0,388.0
47.748,305.0,392.0
47.753,380.0,398.0
47.7583,-292.0,402.0
47.7634,-246.0,404.0
47.7678,244.0,408.0
47.7728,35.0,404.0
47.7778,-154.0,402.0
47.783,137.0,402.0
47.7878,2.0,396.0
47.793,-201.0,398.0
47.7978,165.0,398.0
47.8028,156.0,396.0
47.8079,-256.0,398.0
47.8129,-56.0,396.0
47.818,232.0,396.0
47.8228,-60.0,396.0
47.8278,-136.0,396.0
47.8328,181.0,398.0
47.8378,10.0,396.0
47.8429,-287.0,398.0
47.8479,129.0,400.0
47.8529,397.0,404.0
47.858,-201.0,406.0
47.8628,-504.0,412.0
47.8677,132.0,410.0
47.8739,492.0,414.0
47.8779,-51.0,410.0
47.8829,-291.0,412.0
47.8878,134.0,410.0
47.8928,30.0,410.0
47.8979,-326.0,414.0
47.9029,100.0,410.0
47.9078,421.0,416.0
47.9128,-103.0,412.0
47.9178,-345.0,416.0
47.9227,115.0,412.0
47.9279,211.0,412.0
47.933,-137.0,406.0
47.9378,-124.0,404.0
47.9427,42.0,396.0
47.9477,59.0,390.0
47.9528,160.0,384.0
47.9581,51.0,380.0
47.9628,-277.0,376.0
47.968,-184.0,378.0
47.9728,146.0,376.0
47.9778,232.0,378.0
47.9831,190.0,382.0
47.9878,-87.0,380.0
47.9928,-482.0,386.0
47.9978,-196.0,386.0
48.0027,507.0,392.0
48.0078,354.0,392.0
48.0128,-369.0,396.0
48.0179,-221.0,396.0
48.0228,356.0,398.0
48.028,-12.0,396.0
48.0328,-512.0,402.0
48.0378,74.0,402.0
48.0428,578.0,410.0
48.0478,10.0,410.0
48.053,-382.0,414.0
48.0578,19.0,412.0
48.0629,95.0,414.0
48.0688,-240.0,416.0
48.0727,6.0,416.0
48.0777,396.0,420.0
48.0837,63.0,420.0
48.088,-279.0,420.0
48.0928,-70.0,416.0
48.0977,0.0,416.0
48.1028,-95.0,414.0
48.1078,195.0,414.0
48.1128,341.0,420.0
48.1179,-197.0,418.0
48.1227,-505.0,422.0
48.1279,91.0,422.0
48.1327,517.0,422.0
48.1378,-24.0,422.0
48.1428,-426.0,418.0
48.1478,20.0,418.0
48.1528,290.0,412.0
48.1582,-8.0,412.0
48.1629,-113.0,408.0
48.168,-36.0,408.0
48.1727,-54.0,406.0
48.1778,91.0,404.0
48.1828,106.0,402.0
48.189,-143.0,400.0
48.1927,-2.0,398.0
48.1978,197.0,400.0
48.2028,-164.0,400.0
48.2093,-258.0,396.0
48.2128,220.0,400.0
48.218,296.0,396.0
48.2228,-83.0,392.0
48.2279,-246.0,394.0
48.2329,-98.0,388.0
48.2377,110.0,386.0
48.2428,106.0,384.0
48.2479,5.0,376.0
48.2529,56.0,376.0
48.2578,-41.0,368.0
48.263,-202.0,366.0
48.2679,79.0,368.0
48.2736,231.0,368.0
48.278,-213.0,368.0
48.2828,-197.0,366.0
48.2878,380.0,368.0
48.2928,168.0,364.0
48.2978,-435.0,372.0
48.303,-132.0,370.0
48.3079,335.0,372.0
48.3129,29.0,372.0
48.3177,-207.0,374.0
48.3227,145.0,374.0
48.3279,207.0,378.0
48.3328,-288.0,382.0
48.3378,-330.0,386.0
48.3427,300.0,388.0
48.3477,417.0,394.0
48.3528,-204.0,394.0
48.3581,-352.0,400.0
48.3629,94.0,398.0
48.3678,166.0,398.0
48.3728,-22.0,394.0
48.3782,16.0,390.0
48.3829,-24.0,386.0
48.3878,-100.0,382.0
48.393,64.0,378.0
48.3977,106.0,374.0
48.4027,-49.0,372.0
48.4078,-88.0,368.0
48.4128,-51.0,370.0
48.4177,30.0,368.0
48.4229,122.0,366.0
48.4279,27.0,368.0
48.4327,-4.0,364.0
48.4379,77.0,362.0
48.4428,-215.0,364.0
48.448,-349.0,366.0
48.453,271.0,368.0
48.4577,538.0,374.0
48.4628,-100.0,374.0
48.4678,-467.0,380.0
48.4729,-110.0,378.0
48.4783,238.0,382.0
48.4828,227.0,380.0
48.4877,-33.0,380.0
48.4929,-238.0,376.0
48.4978,-76.0,374.0
48.5029,128.0,368.0
48.5079,84.0,368.0
48.5129,51.0,362.0
48.5178,-16.0,360.0
48.5227,-171.0,358.0
48.5278,-43.0,358.0
48.5327,170.0,360.0
48.5377,14.0,354.0
48.5429,-120.0,356.0
48.5477,65.0,350.0
48.5527,115.0,350.0
48.558,-57.0,346.0
48.5629,-132.0,346.0
48.5678,-79.0,344.0
48.5728,81.0,342.0
48.5779,208.0,344.0
48.5829,49.0,344.0
48.5878,-221.0,346.0
48.5927,-173.0,346.0
48.5978,163.0,348.0
48.603,211.0,348.0
48.6078,-101.0,346.0
48.6129,-166.0,346.0
48.6178,34.0,344.0
48.6228,78.0,342.0
48.6277,41.0,340.0
48.633,27.0,334.0
48.6378,-69.0,332.0
48.643,-116.0,326.0
48.6478,-21.0,320.0
48.6527,107.0,316.0
48.6577,158.0,316.0
48.6628,23.0,310.0
48.6679,-178.0,312.0
48.6729,-173.0,308.0
48.6778,50.0,308.0
48.6828,241.0,302.0
48.6878,95.0,304.0
48.6929,-220.0,300.0
48.698,-145.0,302.0
48.7029,155.0,304.0
48.7078,98.0,302.0
48.7127,-85.0,302.0
48.7179,-4.0,296.0
48.7228,53.0,296.0
48.728,-103.0,294.0
48.7328,-109.0,294.0
48.7377,154.0,296.0
48.7429,222.0,298.0
48.7479,-73.0,296.0
48.753,-254.0,296.0
48.7581,-67.0,294.0
48.7628,118.0,288.0
48.7677,88.0,288.0
48.7728,87.0,280.0
48.7778,73.0,282.0
48.7829,-181.0,278.0
48.7878,-258.0,282.0
48.7928,98.0,278.0
48.7978,250.0,282.0
48.8027,42.0,280.0
48.8079,-19.0,280.0
48.8127,-90.0,282.0
48.8181,-214.0,282.0
48.8228,57.0,282.0
48.8278,250.0,284.0
48.8327,-111.0,286.0
48.8377,-147.0,284.0
48.8429,318.0,288.0
48.8477,107.0,284.0
48.8528,-501.0,290.0
48.8577,-233.0,288.0
48.8627,429.0,294.0
48.8677,442.0,296.0
48.8727,-93.0,296.0
48.8779,-530.0,304.0
48.8828,-245.0,306.0
48.889,372.0,312.0
48.8934,313.0,316.0
48.8979,-100.0,316.0
48.903,-91.0,314.0
48.9078,-2.0,314.0
48.9128,-168.0,312.0
48.9177,-152.0,312.0
48.9227,156.0,310.0
48.928,349.0,310.0
48.9327,174.0,310.0
48.9378,-322.0,308.0
48.9428,-515.0,314.0
48.9477,87.0,310.0
48.9527,536.0,318.0
48.9579,66.0,316.0
48.9628,-264.0,318.0
48.9678,45.0,316.0
48.973,-2.0,312.0
48.9779,-254.0,310.0
48.9829,90.0,306.0
48.9878,305.0,304.0
48.9927,-71.0,302.0
48.9982,-220.0,300.0
49.0027,28.0,300.0
49.0078,161.0,300.0
49.0128,54.0,300.0
49.0179,-153.0,302.0
49.0228,-220.0,306.0
49.0277,89.0,306.0
49.0329,450.0,312.0
49.0379,124.0,312.0
49.043,-588.0,320.0
49.0478,-399.0,324.0
49.0528,477.0,332.0
49.0577,485.0,338.0
49.0627,-240.0,340.0
49.0677,-296.0,344.0
49.0727,92.0,346.0
49.0779,-2.0,344.0
49.0829,8.0,342.0
49.0878,304.0,340.0
49.0929,-164.0,340.0
49.0979,-611.0,340.0
49.1029,211.0,342.0
49.1079,796.0,348.0
49.1129,-13.0,346.0
49.1178,-662.0,352.0
49.1228,-202.0,352.0
49.1278,306.0,356.0
49.1329,155.0,354.0
49.1378,-88.0,356.0
49.1427,67.0,354.0
49.1477,160.0,356.0
49.1527,-153.0,356.0
49.1579,-291.0,362.0
49.1627,-9.0,358.0
49.168,231.0,362.0
49.1727,227.0,362.0
49.1778,-25.0,362.0
49.1829,-292.0,366.0
49.1878,-126.0,366.0
49.1929,222.0,368.0
49.1978,148.0,370.0
49.2027,-154.0,370.0
49.2078,-91.0,370.0
49.2128,157.0,372.0
49.2179,-4.0,368.0
49.2228,-170.0,370.0
49.2279,103.0,368.0
49.2327,92.0,366.0
49.2378,-173.0,366.0
49.243,34.0,364.0
49.2477,178.0,366.0
49.2529,-45.0,364.0
49.2577,-50.0,364.0
49.2627,-73.0,364.0
49.2677,-196.0,366.0
49.2728,135.0,368.0
49.2777,373.0,372.0
49.2827,-55.0,372.0
49.2878,-297.0,376.0
49.293,-42.0,374.0
49.298,11.0,372.0
49.3028,44.0,372.0
49.3078,252.0,374.0
49.3127,41.0,372.0
49.3177,-281.0,376.0
49.3228,-132.0,374.0
49.328,54.0,374.0
49.3329,79.0,370.0
49.3378,237.0,372.0
49.3427,177.0,372.0
49.3478,-342.0,376.0
49.3528,-439.0,382.0
49.358,177.0,384.0
49.3629,451.0,390.0
49.3679,97.0,390.0
49.3728,-206.0,392.0
49.3778,-258.0,394.0
49.3828,-84.0,392.0
49.3878,194.0,394.0
49.3929,209.0,394.0
49.3978,42.0,392.0
49.4029,-95.0,392.0
49.4078,-263.0,396.0
49.4129,-166.0,396.0
49.4179,275.0,400.0
49.4228,376.0,402.0
49.4279,-95.0,400.0
49.433,-417.0,404.0
49.4378,-67.0,402.0
49.4427,373.0,408.0
49.4478,91.0,408.0
49.453,-381.0,412.0
49.4577,-96.0,412.0
49.4628,411.0,416.0
49.4677,231.0,416.0
49.4731,-299.0,420.0
49.4778,-410.0,424.0
49.4829,15.0,418.0
49.4878,445.0,424.0
49.4928,221.0,420.0
49.4979,-324.0,420.0
49.5029,-199.0,418.0
49.5078,221.0,414.0
49.5128,-3.0,412.0
49.5179,-242.0,408.0
49.5261,132.0,406.0
49.5278,274.0,404.0
49.5329,-77.0,400.0
49.538,-147.0,402.0
49.5428,-36.0,400.0
49.5477,-100.0,402.0
49.5527,54.0,400.0
49.558,246.0,402.0
49.5629,15.0,400.0
49.568,-163.0,396.0
49.5729,-48.0,394.0
49.5778,-30.0,390.0
49.5828,-18.0,382.0
49.588,108.0,382.0
49.5927,94.0,376.0
49.5979,17.0,376.0
49.6028,-40.0,372.0
49.608,-190.0,374.0
49.6128,-117.0,376.0
49.6178,188.0,374.0
49.6228,194.0,376.0
49.6279,-15.0,372.0
49.6327,-108.0,372.0
49.6381,-146.0,372.0
49.6429,-22.0,372.0
49.6478,203.0,372.0
49.6529,59.0,372.0
49.6578,-161.0,372.0
49.6627,37.0,370.0
49.6677,60.0,368.0
49.673,-186.0,364.0
49.6779,45.0,364.0
49.6827,260.0,358.0
49.6877,-140.0,354.0
49.6928,-213.0,350.0
49.6979,236.0,346.0
49.7028,72.0,344.0
49.7078,-311.0,344.0
49.7128,123.0,344.0
49.7177,331.0,350.0
49.7228,-306.0,354.0
49.7279,-271.0,354.0
49.7329,407.0,358.0
49.7379,118.0,350.0
49.7427,-415.0,352.0
49.7478,102.0,342.0
49.7529,369.0,348.0
49.7587,-322.0,342.0
49.7628,-280.0,344.0
49.7687,483.0,346.0
49.7739,176.0,346.0
49.7781,-542.0,354.0
49.783,-154.0,356.0
49.7888,451.0,360.0
49.7933,236.0,360.0
49.7982,-218.0,360.0
49.803,-238.0,364.0
49.8081,-1.0,360.0
49.8134,4.0,356.0
49.8177,22.0,356.0
49.8233,295.0,356.0
49.8281,129.0,356.0
49.8331,-369.0,358.0
49.8382,-258.0,360.0
49.8434,164.0,360.0
49.8486,295.0,364.0
49.8533,179.0,364.0
49.8579,-275.0,368.0
49.8629,-493.0,374.0
49.8679,145.0,374.0
49.8738,560.0,382.0
49.8777,72.0,380.0
49.884,-286.0,384.0
49.888,-176.0,384.0
49.8929,-113.0,384.0
49.898,36.0,384.0
49.9035,341.0,388.0
49.9078,262.0,390.0
49.9138,-300.0,392.0
49.9178,-517.0,394.0
49.9229,81.0,394.0
49.928,567.0,400.0
49.9335,157.0,400.0
49.9377,-388.0,406.0
49.9427,-231.0,410.0
49.948,120.0,408.0
49.9531,57.0,408.0
49.9583,-2.0,404.0
49.9627,198.0,404.0
49.9691,136.0,406.0
49.973,-282.0,410.0
49.9779,-357.0,410.0
49.9829,142.0,410.0
49.9881,440.0,412.0
49.9931,58.0,406.0
49.9979,-355.0,408.0
50.0034,-175.0,404.0
0.0004,6.0,110.0
0.0006,-82.0,110.0
0.0008,-34.0,110.0
0.0009,73.0,112.0
0.001,73.0,112.0
0.0012,-56.0,112.0
0.0014,-110.0,112.0
0.0015,28.0,112.0
0.0016,137.0,114.0
0.0018,16.0,114.0
0.0019,-141.0,116.0
0.0021,-60.0,116.0
0.0023,118.0,118.0
0.0024,70.0,118.0
0.0026,-94.0,118.0
0.0027,-37.0,118.0
0.0029,101.0,118.0
0.003,-2.0,118.0
0.0032,-124.0,120.0
0.0033,10.0,120.0
0.0034,119.0,120.0
0.0036,9.0,120.0
0.0038,-75.0,120.0
0.004,-18.0,120.0
0.0042,26.0,120.0
0.0044,-4.0,120.0
0.0046,-11.0,118.0
0.0048,46.0,118.0
0.005,33.0,118.0
0.0052,-65.0,120.0
0.0054,-52.0,120.0
0.0055,46.0,120.0
0.0056,40.0,120.0
0.0058,-20.0,120.0
0.0059,-21.0,118.0
0.006,-8.0,116.0
0.0062,38.0,118.0
0.0063,80.0,116.0
0.0064,-57.0,116.0
0.0066,-180.0,118.0
0.0067,11.0,116.0
0.0069,215.0,120.0
0.007,78.0,118.0
0.0072,-147.0,120.0
0.0073,-121.0,122.0
0.0074,48.0,120.0
0.0076,84.0,122.0
0.0077,4.0,120.0
0.0078,-19.0,120.0
0.008,-18.0,120.0
0.0081,-39.0,120.0
0.0082,29.0,120.0
0.0084,99.0,120.0
0.0085,-33.0,120.0
0.0087,-132.0,120.0
0.0088,18.0,120.0
0.0089,81.0,120.0
0.0091,-13.0,120.0
0.0092,50.0,118.0
0.0093,52.0,120.0
0.0095,-177.0,120.0
0.0096,-98.0,122.0
0.0098,219.0,122.0
0.0099,88.0,124.0
0.0101,-177.0,126.0
0.0103,-7.0,126.0
0.0105,103.0,128.0
0.0107,-97.0,128.0
0.0109,-49.0,128.0
0.011,169.0,130.0
0.0112,31.0,130.0
0.0115,-178.0,132.0
0.0116,-34.0,130.0
0.0117,126.0,130.0
0.0119,34.0,130.0
0.012,-51.0,128.0
0.0122,-9.0,128.0
0.0123,17.0,126.0
0.0124,-36.0,126.0
0.0126,-43.0,126.0
0.0127,70.0,126.0
0.0128,82.0,126.0
0.013,-74.0,124.0
0.0131,-91.0,124.0
0.0132,63.0,124.0
0.0134,76.0,126.0
0.0135,-50.0,124.0
0.0136,-57.0,124.0
0.0138,20.0,124.0
0.0139,33.0,124.0
0.014,27.0,124.0
0.0141,-3.0,122.0
0.0143,-58.0,124.0
0.0144,-12.0,122.0
0.0145,49.0,122.0
0.0147,2.0,122.0
0.0148,-23.0,122.0
0.0149,14.0,122.0
0.015,7.0,122.0
0.0152,-19.0,122.0
0.0153,9.0,122.0
0.0154,19.0,122.0
0.0155,-26.0,120.0
0.0157,-22.0,122.0
0.0158,25.0,120.0
0.0159,22.0,120.0
0.0162,-6.0,118.0
0.0164,-19.0,118.0
0.0165,-13.0,116.0
0.0166,30.0,116.0
0.0168,25.0,114.0
0.0171,-53.0,114.0
0.0172,-24.0,114.0
0.0174,73.0,112.0
0.0176,0.0,112.0
0.0178,-87.0,112.0
0.018,42.0,112.0
0.0182,115.0,114.0
0.0184,-76.0,114.0
0.0187,-162.0,116.0
0.0188,81.0,116.0
0.019,216.0,118.0
0.0192,-58.0,118.0
0.0194,-248.0,122.0
0.0195,24.0,122.0
0.0197,229.0,124.0
0.0198,-9.0,124.0
0.0199,-162.0,124.0
0.0201,23.0,126.0
0.0203,91.0,126.0
0.0204,-39.0,126.0
0.0205,-46.0,124.0
0.0207,30.0,124.0
0.0208,20.0,124.0
0.0209,-10.0,122.0
0.021,4.0,122.0
0.0211,9.0,120.0
0.0213,-30.0,120.0
0.0214,-26.0,118.0
0.0216,63.0,118.0
0.0217,48.0,118.0
0.0218,-113.0,118.0
0.022,-80.0,118.0
0.0222,154.0,120.0
0.0224,123.0,120.0
0.0226,-132.0,122.0
0.0228,-143.0,122.0
0.0229,47.0,122.0
0.0231,108.0,122.0
0.0232,37.0,122.0
0.0234,-30.0,122.0
0.0235,-61.0,122.0
0.0237,-43.0,124.0
0.0238,15.0,124.0
0.0239,67.0,124.0
0.024,56.0,124.0
0.0242,-32.0,124.0
0.0243,-102.0,124.0
0.0245,-17.0,124.0
0.0246,107.0,126.0
0.0247,28.0,126.0
0.0249,-78.0,126.0
0.025,13.0,126.0
0.0252,37.0,126.0
0.0253,-85.0,128.0
0.0255,-18.0,126.0
0.0256,140.0,128.0
0.0258,42.0,126.0
0.0259,-130.0,128.0
0.0261,-72.0,124.0
0.0262,63.0,124.0
0.0263,56.0,124.0
0.0264,-1.0,122.0
0.0266,11.0,120.0
0.0267,-6.0,120.0
0.0268,-79.0,120.0
0.027,-15.0,120.0
0.0271,100.0,122.0
0.0273,12.0,122.0
0.0274,-90.0,122.0
0.0275,20.0,122.0
0.0276,80.0,122.0
0.0278,-38.0,120.0
0.0279,-73.0,122.0
0.0281,20.0,120.0
0.0283,56.0,122.0
0.0284,10.0,120.0
0.0286,-35.0,120.0
0.0288,-28.0,118.0
0.0289,30.0,116.0
0.0291,43.0,114.0
0.0292,-39.0,114.0
0.0294,-60.0,112.0
0.0295,36.0,112.0
0.0296,64.0,112.0
0.0298,-17.0,110.0
0.03,-55.0,110.0
0.0301,-2.0,108.0
0.0302,58.0,108.0
0.0303,15.0,106.0
0.0305,-79.0,106.0
0.0306,-28.0,104.0
0.0307,81.0,106.0
0.0309,28.0,106.0
0.031,-41.0,106.0
0.0311,1.0,106.0
0.0312,-7.0,104.0
0.0314,-31.0,104.0
0.0315,15.0,104.0
0.0316,-6.0,102.0
0.0318,4.0,102.0
0.0319,104.0,102.0
0.032,-12.0,100.0
0.0322,-140.0,102.0
0.0323,27.0,102.0
0.0325,49.0,102.0
0.0326,-91.0,102.0
0.0327,70.0,104.0
0.0329,156.0,106.0
0.033,-111.0,106.0
0.0332,-136.0,108.0
0.0333,91.0,110.0
0.0334,46.0,110.0
0.0336,-62.0,110.0
0.0337,30.0,110.0
0.0338,31.0,110.0
0.0339,-66.0,112.0
0.0341,-9.0,112.0
0.0342,81.0,112.0
0.0344,14.0,112.0
0.0346,-74.0,114.0
0.0347,-38.0,114.0
0.0349,25.0,114.0
0.035,48.0,114.0
0.0351,52.0,114.0
0.0353,-19.0,114.0
0.0355,-101.0,116.0
0.0356,-42.0,116.0
0.0358,80.0,116.0
0.0359,84.0,118.0
0.0361,-23.0,118.0
0.0362,-60.0,118.0
0.0363,0.0,118.0
0.0365,-14.0,116.0
0.0366,-21.0,116.0
0.0367,81.0,116.0
0.0369,53.0,114.0
0.037,-109.0,114.0
0.0372,-58.0,114.0
0.0373,107.0,112.0
0.0374,33.0,112.0
0.0376,-89.0,110.0
0.0377,0.0,108.0
0.0378,70.0,106.0
0.0379,-4.0,106.0
0.0381,-56.0,104.0
0.0382,-40.0,104.0
0.0383,29.0,104.0
0.0385,93.0,104.0
0.0386,16.0,104.0
0.0387,-93.0,106.0
0.0389,-53.0,106.0
0.039,28.0,106.0
0.0391,49.0,106.0
0.0393,45.0,108.0
0.0394,-10.0,106.0
0.0395,-77.0,108.0
0.0397,-20.0,106.0
0.0398,76.0,108.0
0.0399,10.0,106.0
0.0401,-76.0,106.0
0.0402,33.0,104.0
0.0404,90.0,104.0
0.0405,-65.0,102.0
0.0407,-97.0,102.0
0.0408,53.0,102.0
0.0409,76.0,102.0
0.0411,-28.0,102.0
0.0412,-51.0,102.0
0.0414,46.0,102.0
0.0415,76.0,102.0
0.0417,-85.0,102.0
0.0418,-147.0,104.0
0.0419,64.0,104.0
0.0421,176.0,106.0
0.0422,29.0,106.0
0.0423,-98.0,106.0
0.0425,-107.0,106.0
0.0427,-34.0,106.0
0.0428,102.0,106.0
0.0429,125.0,108.0
0.0431,-31.0,108.0
0.0432,-138.0,110.0
0.0434,-47.0,110.0
0.0435,99.0,110.0
0.0436,88.0,110.0
0.0438,-39.0,108.0
0.0439,-75.0,108.0
0.044,-12.0,108.0
0.0442,24.0,108.0
0.0443,26.0,108.0
0.0444,19.0,108.0
0.0445,-6.0,108.0
0.0447,-14.0,106.0
0.0448,-1.0,106.0
0.0449,-19.0,106.0
0.0451,-33.0,106.0
0.0452,14.0,104.0
0.0453,91.0,106.0
0.0455,45.0,106.0
0.0456,-123.0,106.0
0.0457,-82.0,106.0
0.0459,121.0,108.0
0.046,30.0,108.0
0.0462,-106.0,110.0
0.0463,73.0,110.0
0.0465,83.0,110.0
0.0467,-152.0,112.0
0.0469,-49.0,112.0
0.0471,160.0,114.0
0.0473,6.0,114.0
0.0475,-105.0,114.0
0.0476,39.0,114.0
0.0477,36.0,114.0
0.0479,-79.0,116.0
0.048,-9.0,116.0
0.0482,95.0,116.0
0.0483,47.0,116.0
0.0484,-72.0,116.0
0.0486,-121.0,118.0
0.0488,19.0,116.0
0.0489,168.0,118.0
0.049,17.0,118.0
0.0492,-152.0,120.0
0.0493,-1.0,120.0
0.0495,106.0,122.0
0.0496,-60.0,122.0
0.0497,-89.0,124.0
0.0499,102.0,126.0
0.05,102.0,126.0
0.0502,-57.0,126.0
0.0503,-80.0,126.0
0.0504,-54.0,126.0
0.0505,-7.0,124.0
0.0507,122.0,126.0
0.0508,91.0,126.0
0.0509,-87.0,124.0
0.0511,-88.0,124.0
0.0512,11.0,122.0
0.0513,9.0,122.0
0.0514,20.0,120.0
0.0516,60.0,120.0
0.0517,-10.0,120.0
0.0519,-71.0,120.0
0.052,7.0,120.0
0.0521,52.0,120.0
0.0522,-18.0,120.0
0.0524,-40.0,120.0
0.0526,10.0,120.0
0.0527,30.0,118.0
0.0529,21.0,118.0
0.053,-1.0,118.0
0.0531,-39.0,118.0
0.0533,-29.0,118.0
0.0535,21.0,116.0
0.0536,27.0,116.0
0.0537,7.0,116.0
0.0539,2.0,114.0
0.0541,-11.0,114.0
0.0542,-12.0,114.0
0.0543,9.0,114.0
0.0545,-27.0,114.0
0.0546,-39.0,114.0
0.0548,84.0,114.0
0.0549,90.0,114.0
0.055,-117.0,114.0
0.0552,-114.0,116.0
0.0553,114.0,116.0
0.0554,91.0,116.0
0.0556,-70.0,116.0
0.0557,-37.0,116.0
0.0559,-16.0,116.0
0.056,-39.0,116.0
0.0561,104.0,118.0
0.0563,125.0,118.0
0.0564,-122.0,120.0
0.0566,-169.0,122.0
0.0567,66.0,122.0
0.0569,122.0,122.0
0.057,-21.0,122.0
0.0571,-11.0,122.0
0.0573,49.0,122.0
0.0574,-69.0,122.0
0.0576,-108.0,124.0
0.0577,48.0,124.0
0.0578,102.0,124.0
0.0579,43.0,124.0
0.0581,9.0,124.0
0.0582,-85.0,124.0
0.0584,-148.0,126.0
0.0585,-2.0,124.0
0.0587,182.0,126.0
0.0589,143.0,126.0
0.059,-85.0,128.0
0.0592,-185.0,130.0
0.0593,-21.0,130.0
0.0595,86.0,130.0
0.0596,12.0,130.0
0.0598,47.0,128.0
0.0599,112.0,130.0
0.0601,-90.0,128.0
0.0602,-244.0,130.0
0.0625,19.0,128.0
0.0675,276.0,132.0
0.0724,86.0,132.0
0.0776,-191.0,134.0
0.0829,-133.0,136.0
0.0875,66.0,134.0
0.0925,101.0,134.0
0.0974,5.0,134.0
0.1025,-48.0,132.0
0.1075,-4.0,132.0
0.1126,34.0,130.0
0.1177,-17.0,130.0
0.1225,-67.0,130.0
0.1274,9.0,128.0
0.1325,98.0,130.0
0.1379,15.0,130.0
0.1427,-89.0,132.0
0.1476,-24.0,132.0
0.1525,52.0,132.0
0.1574,9.0,132.0
0.1625,-29.0,132.0
0.1676,-2.0,132.0
0.1727,43.0,132.0
0.1777,32.0,132.0
0.1824,-64.0,132.0
0.1874,-67.0,132.0
0.1924,73.0,132.0
0.1977,55.0,132.0
0.2028,-98.0,130.0
0.2075,-21.0,130.0
0.2125,136.0,132.0
0.2175,24.0,130.0
0.2226,-132.0,132.0
0.2276,-59.0,130.0
0.2325,55.0,130.0
0.2376,92.0,128.0
0.2425,63.0,130.0
0.2477,-106.0,130.0
0.2527,-172.0,132.0
0.2575,83.0,132.0
0.2626,212.0,134.0
0.2675,-25.0,134.0
0.2727,-170.0,136.0
0.2776,-27.0,136.0
0.2828,94.0,136.0
0.2875,51.0,134.0
0.293,-42.0,136.0
0.2975,-64.0,134.0
0.3025,30.0,134.0
0.3076,95.0,132.0
0.3125,-32.0,134.0
0.3177,-149.0,134.0
0.3226,9.0,134.0
0.3276,205.0,136.0
0.3325,52.0,134.0
0.3376,-220.0,136.0
0.3426,-113.0,138.0
0.3476,172.0,138.0
0.3525,118.0,140.0
0.3576,-98.0,140.0
0.3627,-61.0,140.0
0.3675,54.0,140.0
0.3725,-14.0,138.0
0.3776,-37.0,138.0
0.383,79.0,138.0
0.3875,15.0,138.0
0.3926,-123.0,140.0
0.3975,-5.0,140.0
0.4026,124.0,142.0
0.4076,38.0,140.0
0.4125,-64.0,142.0
0.4177,-78.0,142.0
0.4225,-21.0,142.0
0.4275,54.0,142.0
0.4325,54.0,142.0
0.4375,16.0,142.0
0.4424,-4.0,142.0
0.4475,-43.0,144.0
0.4527,-63.0,144.0
0.4575,-9.0,144.0
0.4625,66.0,144.0
0.4675,84.0,144.0
0.4724,-4.0,144.0
0.4775,-119.0,146.0
0.4826,-60.0,148.0
0.4875,108.0,148.0
0.4925,75.0,150.0
0.4975,-74.0,150.0
0.5025,-25.0,150.0
0.5076,44.0,150.0
0.5125,-63.0,150.0
0.5175,-36.0,148.0
0.5226,125.0,148.0
0.5274,39.0,146.0
0.5326,-107.0,148.0
0.5376,-14.0,146.0
0.5431,38.0,146.0
0.5475,-46.0,146.0
0.5524,17.0,146.0
0.5575,101.0,146.0
0.5625,-48.0,146.0
0.5679,-119.0,146.0
0.5726,83.0,144.0
0.5775,125.0,144.0
0.5825,-113.0,144.0
0.5874,-152.0,146.0
0.5925,89.0,148.0
0.5975,169.0,150.0
0.6025,8.0,148.0
0.6075,-106.0,148.0
0.6125,-102.0,150.0
0.6175,-34.0,148.0
0.6231,81.0,150.0
0.6276,138.0,152.0
0.6325,46.0,150.0
0.6376,-106.0,150.0
0.6424,-139.0,152.0
0.6475,-9.0,150.0
0.6526,97.0,148.0
0.6575,75.0,148.0
0.6625,12.0,146.0
0.6675,-44.0,146.0
0.6724,-58.0,146.0
0.6775,-12.0,146.0
0.6828,9.0,146.0
0.6875,15.0,144.0
0.6924,67.0,144.0
0.6975,44.0,140.0
0.7025,-100.0,142.0
0.7078,-114.0,138.0
0.7125,69.0,138.0
0.7175,124.0,138.0
0.7224,-16.0,136.0
0.7274,-67.0,136.0
0.7325,-14.0,134.0
0.7377,-4.0,134.0
0.7424,18.0,134.0
0.7475,45.0,134.0
0.7524,-8.0,134.0
0.7575,-49.0,134.0
0.7625,0.0,134.0
0.7676,34.0,134.0
0.7726,-25.0,132.0
0.7775,-29.0,132.0
0.7825,79.0,132.0
0.7875,44.0,134.0
0.7927,-116.0,134.0
0.7976,-56.0,134.0
0.8025,106.0,136.0
0.8075,40.0,136.0
0.8126,-61.0,136.0
0.8175,-8.0,136.0
0.8225,13.0,136.0
0.8277,-8.0,134.0
0.8326,13.0,134.0
0.8374,7.0,134.0
0.8425,-14.0,132.0
0.8474,-7.0,132.0
0.8526,2.0,130.0
0.8587,1.0,130.0
0.8625,-8.0,128.0
0.8674,15.0,126.0
0.8725,55.0,126.0
0.8776,-12.0,126.0
0.8828,-129.0,126.0
0.8876,-60.0,126.0
0.8926,187.0,126.0
0.8975,206.0,128.0
0.9025,-172.0,128.0
0.9077,-323.0,132.0
0.9126,68.0,130.0
0.9177,288.0,134.0
0.9225,46.0,134.0
0.9275,-104.0,134.0
0.9326,-72.0,134.0
0.9376,-72.0,134.0
0.9425,15.0,134.0
0.9484,126.0,136.0
0.9527,36.0,136.0
0.9574,-95.0,134.0
0.9625,-44.0,134.0
0.9676,68.0,132.0
0.9726,46.0,132.0
0.9777,-53.0,130.0
0.9827,-66.0,130.0
0.9874,13.0,126.0
0.9927,73.0,126.0
0.9975,38.0,126.0
1.0027,-44.0,126.0
1.0075,-52.0,124.0
1.0124,2.0,124.0
1.0174,15.0,124.0
1.0225,16.0,124.0
1.0276,36.0,124.0
1.0327,-16.0,122.0
1.0375,-66.0,124.0
1.0424,28.0,122.0
1.0475,78.0,122.0
1.053,-55.0,122.0
1.0587,-88.0,122.0
1.0626,63.0,122.0
1.0674,82.0,124.0
1.0724,-35.0,124.0
1.0775,-33.0,124.0
1.0826,11.0,124.0
1.0876,-43.0,124.0
1.0925,-33.0,122.0
1.0975,98.0,124.0
1.1024,80.0,124.0
1.1075,-108.0,124.0
1.1125,-91.0,126.0
1.1174,89.0,126.0
1.1225,56.0,126.0
1.1274,-56.0,124.0
1.1324,-13.0,124.0
1.1375,17.0,124.0
1.1426,-7.0,122.0
1.1475,1.0,122.0
1.1535,7.0,122.0
1.1574,27.0,122.0
1.1625,14.0,120.0
1.1677,-70.0,120.0
1.1726,-41.0,118.0
1.1775,57.0,120.0
1.1825,37.0,120.0
1.1874,15.0,118.0
1.1925,9.0,118.0
1.1974,-78.0,118.0
1.2026,-58.0,118.0
1.2075,77.0,118.0
1.2124,54.0,118.0
1.2174,-51.0,116.0
1.2227,-7.0,114.0
1.2276,87.0,114.0
1.2325,-3.0,112.0
1.2376,-186.0,112.0
1.2425,-70.0,114.0
1.2475,247.0,116.0
1.2525,176.0,116.0
1.2581,-207.0,120.0
1.2626,-213.0,122.0
1.2676,107.0,122.0
1.2726,136.0,122.0
1.2776,-33.0,122.0
1.2825,15.0,120.0
1.2875,31.0,120.0
1.2925,-149.0,120.0
1.2976,-78.0,120.0
1.3025,191.0,124.0
1.3075,106.0,124.0
1.3126,-149.0,126.0
1.3176,-87.0,128.0
1.3225,98.0,128.0
1.3276,59.0,130.0
1.3326,-85.0,130.0
1.3377,-73.0,130.0
1.3425,76.0,130.0
1.3475,112.0,130.0
1.3526,-35.0,130.0
1.3576,-114.0,128.0
1.3625,-2.0,128.0
1.3676,55.0,128.0
1.3725,-16.0,128.0
1.3775,15.0,128.0
1.3826,87.0,130.0
1.3876,-40.0,130.0
1.3925,-150.0,132.0
1.3979,24.0,132.0
1.4025,153.0,134.0
1.4076,-26.0,134.0
1.4126,-103.0,134.0
1.4177,79.0,136.0
1.4226,60.0,136.0
1.4276,-130.0,136.0
1.4326,-49.0,136.0
1.4375,121.0,136.0
1.4426,32.0,136.0
1.4476,-83.0,136.0
1.453,20.0,136.0
1.4575,87.0,136.0
1.4625,-63.0,138.0
1.4676,-130.0,140.0
1.4725,33.0,140.0
1.4776,139.0,142.0
1.4826,53.0,142.0
1.4878,-70.0,144.0
1.4926,-112.0,146.0
1.4976,-41.0,146.0
1.5026,75.0,146.0
1.5076,122.0,148.0
1.5126,34.0,148.0
1.5176,-118.0,150.0
1.5226,-126.0,150.0
1.5275,45.0,150.0
1.5325,132.0,148.0
1.5374,11.0,146.0
1.5425,-84.0,144.0
1.5474,16.0,140.0
1.5524,79.0,140.0
1.5575,-89.0,136.0
1.5626,-146.0,138.0
1.5683,111.0,138.0
1.5725,213.0,140.0
1.5775,-59.0,140.0
1.5825,-196.0,144.0
1.5875,-8.0,142.0
1.5925,103.0,142.0
1.5974,28.0,142.0
1.6025,-5.0,140.0
1.6074,8.0,140.0
1.6125,-32.0,140.0
1.6175,-53.0,140.0
1.6225,7.0,138.0
1.6275,64.0,140.0
1.6328,27.0,138.0
1.6375,-59.0,140.0
1.6425,-26.0,138.0
1.6475,72.0,140.0
1.6526,-18.0,140.0
1.6576,-106.0,140.0
1.6625,78.0,142.0
1.6675,137.0,144.0
1.6725,-95.0,144.0
1.6776,-125.0,146.0
1.6824,46.0,146.0
1.6875,46.0,146.0
1.6925,28.0,144.0
1.6975,59.0,144.0
1.7024,-89.0,144.0
1.7074,-104.0,146.0
1.7124,161.0,148.0
1.7174,76.0,148.0
1.7225,-260.0,152.0
1.7274,-62.0,152.0
1.7324,321.0,156.0
1.7374,103.0,156.0
1.7425,-273.0,160.0
1.7484,-129.0,160.0
1.7526,149.0,160.0
1.7575,69.0,160.0
1.7625,-42.0,160.0
1.7676,47.0,160.0
1.7724,4.0,160.0
1.7775,-133.0,162.0
1.7825,-3.0,162.0
1.7875,141.0,164.0
1.7926,-11.0,164.0
1.7975,-97.0,166.0
1.8025,59.0,166.0
1.8074,62.0,166.0
1.8125,-119.0,166.0
1.8174,-68.0,166.0
1.8227,141.0,168.0
1.8275,83.0,170.0
1.8325,-106.0,172.0
1.8374,-72.0,172.0
1.8424,52.0,170.0
1.8474,60.0,170.0
1.8525,-12.0,170.0
1.8574,-74.0,170.0
1.8656,-25.0,170.0
1.8675,79.0,170.0
1.8727,52.0,172.0
1.878,-50.0,170.0
1.8825,-37.0,168.0
1.8875,38.0,166.0
1.8925,-9.0,162.0
1.8974,-84.0,160.0
1.9025,43.0,158.0
1.9077,160.0,160.0
1.9127,-44.0,158.0
1.9175,-203.0,160.0
1.9224,23.0,160.0
1.9274,182.0,162.0
1.9324,-8.0,160.0
1.9378,-111.0,162.0
1.9425,23.0,158.0
1.9475,26.0,158.0
1.9525,-70.0,156.0
1.9575,49.0,156.0
1.9625,129.0,156.0
1.9676,-99.0,156.0
1.9729,-169.0,158.0
1.9774,113.0,158.0
1.9825,168.0,160.0
1.9874,-103.0,160.0
1.9925,-126.0,162.0
1.9985,83.0,160.0
2.0024,60.0,162.0
2.0074,-60.0,162.0
2.0124,2.0,162.0
2.0174,41.0,162.0
2.0225,-36.0,162.0
2.0277,-25.0,160.0
2.0324,33.0,158.0
2.0374,-9.0,158.0
2.0425,-25.0,156.0
2.0475,62.0,158.0
2.0525,51.0,156.0
2.0577,-88.0,156.0
2.0625,-106.0,158.0
2.0674,45.0,156.0
2.0725,131.0,158.0
2.0776,39.0,156.0
2.0827,-75.0,156.0
2.0875,-84.0,156.0
2.0924,-36.0,156.0
2.0974,32.0,156.0
2.1025,102.0,156.0
2.1078,77.0,156.0
2.1124,-44.0,156.0
2.1174,-143.0,156.0
2.1224,-88.0,156.0
2.1275,105.0,158.0
2.1325,167.0,158.0
2.1376,-14.0,158.0
2.1425,-123.0,158.0
2.1475,-45.0,158.0
2.1524,4.0,156.0
2.1574,45.0,156.0
2.1625,102.0,156.0
2.1677,-14.0,154.0
2.1725,-143.0,154.0
2.1775,-19.0,156.0
2.1824,118.0,156.0
2.1875,27.0,156.0
2.1925,-68.0,156.0
2.1974,8.0,154.0
2.2026,49.0,152.0
2.2075,-48.0,152.0
2.2125,-71.0,150.0
2.2175,31.0,150.0
2.2225,60.0,148.0
2.2274,31.0,148.0
2.2325,48.0,146.0
2.2374,-50.0,146.0
2.2426,-186.0,150.0
2.2475,-15.0,150.0
2.2526,227.0,152.0
2.2574,81.0,154.0
2.2625,-155.0,156.0
2.2675,-53.0,156.0
2.2725,78.0,156.0
2.2775,-26.0,156.0
2.2827,-64.0,156.0
2.2875,47.0,156.0
2.2925,69.0,156.0
2.2976,7.0,156.0
2.3032,-36.0,154.0
2.3077,-71.0,154.0
2.3125,-7.0,152.0
2.3178,114.0,152.0
2.3225,34.0,152.0
2.3276,-128.0,154.0
2.3326,-68.0,154.0
2.3375,87.0,154.0
2.3425,109.0,154.0
2.3474,3.0,152.0
2.3525,-109.0,152.0
2.3574,-70.0,152.0
2.3624,60.0,148.0
2.3678,55.0,148.0
2.3728,-22.0,144.0
2.3774,17.0,142.0
2.3827,38.0,138.0
2.3875,-73.0,138.0
2.3924,-70.0,136.0
2.3978,74.0,136.0
2.4024,38.0,136.0
2.4074,-45.0,136.0
2.4124,68.0,138.0
2.4175,30.0,136.0
2.4226,-171.0,138.0
2.4274,-30.0,138.0
2.4325,187.0,140.0
2.4374,5.0,138.0
2.4424,-122.0,140.0
2.4474,63.0,140.0
2.4525,60.0,138.0
2.4575,-129.0,140.0
2.4625,-69.0,138.0
2.4674,124.0,140.0
2.4727,120.0,140.0
2.4774,-46.0,138.0
2.4828,-132.0,140.0
2.4874,-25.0,140.0
2.4925,77.0,140.0
2.4974,7.0,140.0
2.5025,-8.0,140.0
2.5074,84.0,140.0
2.5125,-26.0,138.0
2.5174,-134.0,140.0
2.5224,48.0,140.0
2.5274,60.0,140.0
2.5325,-93.0,142.0
2.5374,74.0,142.0
2.5425,139.0,144.0
2.5475,-133.0,142.0
2.5524,-124.0,144.0
2.5574,64.0,142.0
2.5625,41.0,142.0
2.5677,61.0,140.0
2.5727,44.0,140.0
2.5775,-153.0,142.0
2.5824,-88.0,142.0
2.5874,172.0,144.0
2.5925,91.0,146.0
2.5976,-127.0,146.0
2.6026,-74.0,146.0
2.6074,50.0,144.0
2.6124,65.0,144.0
2.6174,35.0,142.0
2.6224,-69.0,140.0
2.6276,-112.0,140.0
2.6327,62.0,140.0
2.6374,148.0,140.0
2.6424,-35.0,140.0
2.6475,-117.0,142.0
2.6525,20.0,142.0
2.6574,50.0,142.0
2.6625,-51.0,142.0
2.6674,-29.0,142.0
2.6724,94.0,142.0
2.6774,78.0,144.0
2.6825,-76.0,144.0
2.6874,-120.0,146.0
2.6924,-13.0,144.0
2.6974,61.0,144.0
2.7024,96.0,144.0
2.7075,86.0,146.0
2.7128,-91.0,144.0
2.7174,-203.0,146.0
2.7225,19.0,146.0
2.7274,185.0,148.0
2.7325,18.0,148.0
2.7375,-55.0,148.0
2.7425,25.0,146.0
2.7474,-58.0,146.0
2.7524,-86.0,146.0
2.7576,66.0,146.0
2.7625,83.0,146.0
2.7675,7.0,144.0
2.7724,-15.0,142.0
2.7775,-89.0,142.0
2.7824,-70.0,142.0
2.7876,122.0,144.0
2.7932,122.0,146.0
2.7976,-84.0,146.0
2.8025,-98.0,146.0
2.8075,1.0,146.0
2.8125,2.0,144.0
2.8175,64.0,144.0
2.8224,93.0,144.0
2.8274,-89.0,144.0
2.8327,-118.0,146.0
2.8375,106.0,146.0
2.8424,94.0,148.0
2.8475,-119.0,148.0
2.8525,-79.0,148.0
2.8575,67.0,150.0
2.8624,66.0,150.0
2.8674,59.0,150.0
2.8724,-8.0,150.0
2.8776,-167.0,152.0
2.8827,-75.0,150.0
2.8874,171.0,152.0
2.8925,108.0,150.0
2.8975,-100.0,150.0
2.9025,-63.0,148.0
2.9075,46.0,148.0
2.9124,2.0,148.0
2.9174,-41.0,148.0
2.9225,4.0,146.0
2.9274,44.0,146.0
2.9325,44.0,146.0
2.9375,-9.0,146.0
2.9425,-90.0,148.0
2.9474,-50.0,146.0
2.9524,83.0,148.0
2.9575,76.0,148.0
2.9625,-47.0,148.0
2.9676,-45.0,146.0
2.9724,40.0,146.0
2.9774,0.0,144.0
2.9824,-66.0,144.0
2.9875,6.0,144.0
2.9926,77.0,144.0
2.9974,15.0,142.0
3.0024,-60.0,142.0
3.0075,-31.0,142.0
3.0125,58.0,142.0
3.0175,54.0,144.0
3.0225,-85.0,144.0
3.0275,-115.0,144.0
3.0325,95.0,146.0
3.0374,186.0,146.0
3.0425,-62.0,148.0
3.0474,-202.0,150.0
3.0525,20.0,150.0
3.0582,148.0,150.0
3.0624,-9.0,148.0
3.0675,-70.0,148.0
3.0724,26.0,146.0
3.0776,5.0,146.0
3.0827,-34.0,146.0
3.0874,60.0,146.0
3.0924,18.0,144.0
3.0974,-125.0,144.0
3.1025,6.0,144.0
3.1075,145.0,144.0
3.1125,-23.0,142.0
3.1175,-110.0,144.0
3.1224,30.0,142.0
3.1274,53.0,142.0
3.1326,-36.0,142.0
3.1377,-5.0,142.0
3.1424,63.0,142.0
3.1475,-15.0,142.0
3.1525,-126.0,142.0
3.1575,-8.0,140.0
3.1625,201.0,144.0
3.1675,74.0,144.0
3.1725,-241.0,146.0
3.1774,-146.0,146.0
3.1827,216.0,148.0
3.1874,184.0,148.0
3.1925,-147.0,150.0
3.1976,-169.0,150.0
3.2025,96.0,152.0
3.2074,115.0,152.0
3.2124,-115.0,154.0
3.2176,-65.0,152.0
3.2225,180.0,154.0
3.2274,54.0,152.0
3.2325,-199.0,154.0
3.2375,-69.0,152.0
3.2424,120.0,154.0
3.2475,56.0,154.0
3.2526,-22.0,152.0
3.2574,-2.0,152.0
3.2624,7.0,152.0
3.2674,-41.0,150.0
3.2725,-68.0,150.0
3.2775,41.0,148.0
3.2825,124.0,150.0
3.2875,-18.0,148.0
3.2924,-128.0,150.0
3.2974,-4.0,150.0
3.3024,87.0,150.0
3.3075,14.0,150.0
3.3125,-28.0,148.0
3.3174,5.0,148.0
3.3225,-7.0,146.0
3.3274,-46.0,146.0
3.3325,-5.0,146.0
3.338,50.0,144.0
3.3424,36.0,144.0
3.3474,11.0,142.0
3.3524,-23.0,142.0
3.3575,-85.0,140.0
3.3625,-29.0,140.0
3.3677,93.0,138.0
3.3725,45.0,140.0
3.3775,-51.0,138.0
3.3824,5.0,138.0
3.3874,42.0,138.0
3.3924,-40.0,138.0
3.3979,-87.0,138.0
3.4024,-31.0,138.0
3.408,108.0,138.0
3.4124,162.0,142.0
3.4175,-63.0,140.0
3.4225,-222.0,144.0
3.4276,11.0,142.0
3.4325,167.0,142.0
3.4374,-22.0,142.0
3.4426,-74.0,140.0
3.4475,83.0,142.0
3.4524,22.0,142.0
3.4577,-125.0,144.0
3.4624,-3.0,142.0
3.4675,110.0,142.0
3.4725,-39.0,140.0
3.4775,-73.0,140.0
3.4829,125.0,140.0
3.4876,61.0,140.0
3.4925,-211.0,142.0
3.4974,-67.0,142.0
3.5024,247.0,144.0
3.5077,45.0,144.0
3.5126,-239.0,148.0
3.5176,10.0,146.0
3.5225,228.0,148.0
3.5274,-67.0,146.0
3.5325,-241.0,148.0
3.5376,93.0,148.0
3.5425,272.0,152.0
3.5475,-75.0,152.0
3.5525,-274.0,156.0
3.5574,6.0,156.0
3.5625,193.0,158.0
3.5677,77.0,160.0
3.5726,-31.0,160.0
3.5774,-99.0,160.0
3.5824,-124.0,162.0
3.5874,19.0,160.0
3.5924,169.0,162.0
3.5974,96.0,162.0
3.6027,-83.0,162.0
3.6074,-122.0,164.0
3.6124,-26.0,164.0
3.6175,34.0,164.0
3.6231,29.0,164.0
3.6276,43.0,164.0
3.6325,64.0,164.0
3.6375,-12.0,164.0
3.6424,-129.0,166.0
3.6475,-81.0,166.0
3.6527,102.0,166.0
3.6576,126.0,168.0
3.6625,-47.0,168.0
3.6674,-95.0,166.0
3.6724,55.0,166.0
3.6774,68.0,164.0
3.6827,-115.0,166.0
3.6877,-111.0,164.0
3.6925,132.0,166.0
3.6975,168.0,166.0
3.7025,-60.0,166.0
3.7075,-130.0,168.0
3.7135,-19.0,168.0
3.7176,-13.0,168.0
3.7224,-3.0,168.0
3.7274,148.0,168.0
3.7325,118.0,170.0
3.7375,-147.0,170.0
3.7427,-191.0,174.0
3.7475,22.0,172.0
3.7524,108.0,172.0
3.7574,80.0,172.0
3.7625,82.0,174.0
3.7677,-51.0,174.0
3.7725,-206.0,176.0
3.7775,-43.0,176.0
3.7824,168.0,178.0
3.7873,68.0,178.0
3.7925,-52.0,178.0
3.7979,-1.0,178.0
3.8026,-8.0,174.0
3.8076,-55.0,174.0
3.8126,-1.0,170.0
3.8174,44.0,168.0
3.8226,12.0,166.0
3.8276,-21.0,164.0
3.8326,11.0,162.0
3.8375,56.0,160.0
3.8424,-36.0,158.0
3.8481,-138.0,158.0
3.8526,23.0,158.0
3.8574,198.0,160.0
3.8636,11.0,156.0
3.8675,-194.0,158.0
3.8724,-29.0,156.0
3.878,135.0,158.0
3.8827,26.0,156.0
3.8875,-42.0,156.0
3.8924,-26.0,156.0
3.8974,-74.0,156.0
3.9025,24.0,158.0
3.9077,184.0,160.0
3.9127,8.0,158.0
3.9182,-218.0,162.0
3.9232,-63.0,160.0
3.9274,146.0,162.0
3.9325,85.0,162.0
3.9373,-42.0,162.0
3.9425,-41.0,162.0
3.9475,8.0,162.0
3.9524,-31.0,162.0
3.9574,-50.0,162.0
3.9625,78.0,164.0
3.9676,91.0,164.0
3.9725,-108.0,166.0
3.9776,-90.0,166.0
3.9824,155.0,168.0
3.9874,80.0,168.0
3.9925,-188.0,172.0
3.9979,-75.0,172.0
4.0026,162.0,174.0
4.0074,47.0,172.0
4.0124,-97.0,174.0
4.0175,3.0,172.0
4.0233,47.0,174.0
4.0275,-48.0,174.0
4.0325,-21.0,174.0
4.0375,74.0,174.0
4.0424,9.0,172.0
4.0474,-80.0,172.0
4.0526,-9.0,170.0
4.0574,63.0,170.0
4.0625,14.0,166.0
4.0674,-35.0,168.0
4.0724,-12.0,164.0
4.0775,7.0,164.0
4.0825,0.0,164.0
4.0875,17.0,162.0
4.0925,15.0,162.0
4.0973,-33.0,160.0
4.1024,-9.0,160.0
4.1076,39.0,160.0
4.1135,-31.0,160.0
4.1179,-63.0,160.0
4.1239,75.0,158.0
4.1273,127.0,160.0
4.1326,-63.0,158.0
4.1379,-200.0,160.0
4.1426,-19.0,156.0
4.1479,213.0,158.0
4.1527,105.0,156.0
4.1574,-148.0,158.0
4.1626,-111.0,156.0
4.1682,56.0,156.0
4.1725,42.0,154.0
4.1775,25.0,152.0
4.1826,41.0,148.0
4.1876,-93.0,148.0
4.1927,-109.0,146.0
4.1983,120.0,148.0
4.2025,143.0,148.0
4.2079,-60.0,148.0
4.2126,-106.0,148.0
4.2176,-54.0,148.0
4.2226,-12.0,146.0
4.2274,101.0,148.0
4.2331,135.0,146.0
4.2375,-14.0,146.0
4.2428,-145.0,146.0
4.2475,-112.0,146.0
4.2526,29.0,146.0
4.2576,130.0,148.0
4.2629,88.0,148.0
4.2675,-20.0,148.0
4.2726,-101.0,148.0
4.2775,-90.0,150.0
4.283,40.0,148.0
4.2879,98.0,148.0
4.2925,0.0,148.0
4.2976,-35.0,146.0
4.3026,4.0,146.0
4.3081,-12.0,144.0
4.3132,5.0,144.0
4.3182,33.0,142.0
4.3226,-63.0,142.0
4.3282,-76.0,142.0
4.3326,124.0,142.0
4.3378,149.0,140.0
4.3431,-126.0,142.0
4.3474,-185.0,142.0
4.3524,78.0,144.0
4.3577,149.0,146.0
4.3627,-31.0,146.0
4.3682,-91.0,146.0
4.3729,-1.0,144.0
4.3775,71.0,142.0
4.3829,39.0,140.0
4.3878,-76.0,140.0
4.3927,-90.0,140.0
4.3973,62.0,140.0
4.4029,138.0,142.0
4.4076,-13.0,140.0
4.4126,-151.0,140.0
4.4176,-60.0,140.0
4.4227,107.0,138.0
4.4276,130.0,140.0
4.4329,-18.0,140.0
4.4376,-152.0,142.0
4.4426,-67.0,142.0
4.4478,105.0,144.0
4.4524,109.0,146.0
4.4574,-13.0,144.0
4.4632,-100.0,146.0
4.4676,-76.0,146.0
4.4727,58.0,148.0
4.4776,138.0,148.0
4.4826,-5.0,148.0
4.4874,-171.0,148.0
4.4929,-46.0,150.0
4.4976,169.0,148.0
4.5027,83.0,150.0
4.5075,-123.0,148.0
4.5125,-86.0,150.0
4.5176,40.0,148.0
4.5226,43.0,148.0
4.528,36.0,148.0
4.5324,34.0,148.0
4.5376,-55.0,148.0
4.5426,-105.0,150.0
4.5475,5.0,146.0
4.5526,113.0,148.0
4.5575,71.0,146.0
4.5626,-46.0,146.0
4.5676,-124.0,146.0
4.5725,-50.0,144.0
4.5776,114.0,146.0
4.5825,118.0,148.0
4.5876,-37.0,148.0
4.5926,-115.0,148.0
4.5975,-46.0,148.0
4.6026,50.0,148.0
4.6075,53.0,148.0
4.6125,8.0,146.0
4.6175,21.0,146.0
4.6225,0.0,142.0
4.6275,-85.0,142.0
4.6325,-54.0,140.0
4.6376,51.0,140.0
4.6437,68.0,138.0
4.6475,64.0,140.0
4.6526,20.0,138.0
4.6575,-159.0,140.0
4.6626,-157.0,142.0
4.6675,166.0,144.0
4.6726,225.0,148.0
4.6776,-122.0,148.0
4.6828,-182.0,150.0
4.6875,103.0,152.0
4.6925,89.0,152.0
4.6975,-122.0,154.0
4.7025,-12.0,154.0
4.7075,135.0,154.0
4.7126,-32.0,156.0
4.7176,-121.0,156.0
4.7226,50.0,158.0
4.7275,90.0,158.0
4.7325,-55.0,160.0
4.7376,-50.0,160.0
4.7425,58.0,160.0
4.7483,0.0,160.0
4.7525,-55.0,160.0
4.7575,53.0,160.0
4.7625,48.0,160.0
4.7677,-92.0,160.0
4.7725,-49.0,158.0
4.7775,93.0,158.0
4.7825,44.0,158.0
4.7875,-59.0,156.0
4.7927,-2.0,154.0
4.7977,30.0,152.0
4.8025,-53.0,150.0
4.8075,-25.0,150.0
4.8129,75.0,150.0
4.8175,16.0,150.0
4.8226,-75.0,152.0
4.8275,0.0,150.0
4.8325,99.0,150.0
4.8375,26.0,148.0
4.8432,-133.0,148.0
4.8486,-109.0,148.0
4.8525,114.0,148.0
4.8576,171.0,150.0
4.8629,-42.0,152.0
4.8675,-136.0,152.0
4.8725,-6.0,150.0
4.8775,26.0,150.0
4.8825,-17.0,148.0
4.8875,58.0,148.0
4.8925,55.0,148.0
4.8975,-66.0,146.0
4.9025,-4.0,146.0
4.9075,48.0,146.0
4.9125,-115.0,146.0
4.9176,-53.0,146.0
4.9226,197.0,148.0
4.9275,53.0,146.0
4.9325,-208.0,150.0
4.9375,-31.0,150.0
4.9424,185.0,152.0
4.9475,31.0,154.0
4.9524,-139.0,156.0
4.9574,-58.0,156.0
4.9624,72.0,156.0
4.9675,52.0,156.0
4.9726,-16.0,154.0
4.9774,21.0,152.0
4.9825,11.0,150.0
4.9875,-124.0,150.0
4.9925,-51.0,148.0
4.9978,170.0,148.0
5.0024,74.0,150.0
5.0074,-123.0,150.0
5.0124,-15.0,150.0
5.0174,45.0,150.0
5.0225,-96.0,150.0
5.0274,-22.0,150.0
5.0324,158.0,152.0
5.0374,49.0,150.0
5.0426,-108.0,150.0
5.0476,-57.0,152.0
5.0525,-10.0,148.0
5.0574,14.0,148.0
5.0625,110.0,148.0
5.0675,42.0,146.0
5.0724,-142.0,148.0
5.0776,-59.0,148.0
5.0826,121.0,148.0
5.0875,23.0,146.0
5.0925,-102.0,146.0
5.0974,23.0,146.0
5.1028,123.0,148.0
5.1074,-13.0,146.0
5.1125,-145.0,148.0
5.1174,-60.0,146.0
5.1224,101.0,148.0
5.1275,105.0,146.0
5.1324,-3.0,146.0
5.1375,-55.0,144.0
5.1425,-51.0,144.0
5.1475,-16.0,142.0
5.1525,37.0,142.0
5.1574,7.0,142.0
5.1626,-31.0,140.0
5.1677,56.0,142.0
5.1726,59.0,142.0
5.1776,-107.0,142.0
5.1824,-62.0,142.0
5.1874,156.0,144.0
5.1924,36.0,142.0
5.1977,-204.0,144.0
5.2026,-50.0,144.0
5.2076,179.0,146.0
5.2125,107.0,146.0
5.2175,-48.0,146.0
5.2226,-124.0,146.0
5.2276,-102.0,146.0
5.2325,65.0,146.0
5.2375,162.0,148.0
5.2424,16.0,148.0
5.2474,-109.0,148.0
5.253,-47.0,148.0
5.2574,3.0,148.0
5.2624,16.0,148.0
5.2675,78.0,148.0
5.2727,16.0,148.0
5.2775,-106.0,148.0
5.2826,10.0,148.0
5.2875,110.0,148.0
5.2924,-76.0,150.0
5.2974,-129.0,150.0
5.3024,92.0,148.0
5.3075,143.0,148.0
5.3128,-25.0,144.0
5.3175,-102.0,144.0
5.3224,-49.0,142.0
5.3274,14.0,140.0
5.3324,59.0,140.0
5.3375,54.0,140.0
5.3426,-21.0,140.0
5.3476,-70.0,138.0
5.3524,-2.0,138.0
5.3573,71.0,138.0
5.3624,-2.0,136.0
5.3678,-105.0,136.0
5.3725,3.0,136.0
5.3775,154.0,138.0
5.3824,32.0,138.0
5.3874,-162.0,140.0
5.3926,-87.0,140.0
5.3975,100.0,140.0
5.4025,98.0,142.0
5.4075,-16.0,140.0
5.4124,-36.0,140.0
5.4174,-19.0,140.0
5.4225,-43.0,140.0
5.4276,-1.0,138.0
5.4326,66.0,140.0
5.4374,38.0,140.0
5.4424,-15.0,138.0
5.4474,-70.0,140.0
5.4526,-64.0,140.0
5.4575,91.0,140.0
5.4625,120.0,142.0
5.4675,-93.0,142.0
5.4724,-124.0,142.0
5.4773,81.0,144.0
5.4826,93.0,144.0
5.4875,-69.0,142.0
5.4924,-69.0,142.0
5.4974,51.0,140.0
5.5024,61.0,140.0
5.5076,-22.0,138.0
5.5124,-29.0,138.0
5.5175,9.0,138.0
5.5225,-33.0,138.0
5.5275,-46.0,138.0
5.5324,70.0,138.0
5.5375,114.0,140.0
5.5426,-39.0,140.0
5.5476,-150.0,142.0
5.5524,-39.0,140.0
5.5577,120.0,142.0
5.5635,104.0,140.0
5.5675,-55.0,140.0
5.5725,-98.0,138.0
5.5775,22.0,138.0
5.5824,22.0,136.0
5.5877,-59.0,136.0
5.5924,55.0,134.0
5.5974,134.0,136.0
5.6024,-78.0,136.0
5.6076,-180.0,138.0
5.6123,67.0,140.0
5.6174,166.0,142.0
5.6226,-67.0,142.0
5.6275,-117.0,142.0
5.6324,84.0,142.0
5.6374,73.0,142.0
5.6425,-89.0,142.0
5.6474,-54.0,140.0
5.6525,57.0,140.0
5.6575,52.0,140.0
5.6624,5.0,140.0
5.6674,-44.0,140.0
5.6724,-67.0,138.0
5.6774,8.0,138.0
5.6825,94.0,138.0
5.6874,59.0,138.0
5.6924,-69.0,138.0
5.6974,-139.0,140.0
5.7024,-3.0,138.0
5.7074,187.0,142.0
5.7125,91.0,140.0
5.7177,-162.0,142.0
5.7225,-145.0,142.0
5.7274,65.0,142.0
5.7324,122.0,144.0
5.7376,30.0,144.0
5.7424,-35.0,142.0
5.7475,-49.0,142.0
5.7524,-25.0,140.0
5.7573,6.0,140.0
5.7632,0.0,138.0
5.7675,-4.0,136.0
5.7725,69.0,138.0
5.7776,103.0,138.0
5.7825,-90.0,140.0
5.7874,-230.0,142.0
5.7924,44.0,142.0
5.7976,273.0,146.0
5.8025,0.0,146.0
5.8076,-231.0,148.0
5.8124,3.0,148.0
5.8175,184.0,150.0
5.8224,-24.0,148.0
5.8276,-161.0,148.0
5.8325,22.0,148.0
5.8375,133.0,148.0
5.8424,-16.0,146.0
5.8474,-99.0,146.0
5.8524,33.0,144.0
5.8576,88.0,146.0
5.8624,-55.0,144.0
5.8688,-104.0,144.0
5.8729,32.0,144.0
5.878,113.0,142.0
5.8826,51.0,144.0
5.8874,-86.0,142.0
5.8925,-145.0,144.0
5.8974,19.0,144.0
5.9025,184.0,148.0
5.9077,66.0,148.0
5.9127,-142.0,150.0
5.9175,-123.0,150.0
5.9224,47.0,150.0
5.9274,108.0,150.0
5.9324,39.0,150.0
5.9377,-43.0,148.0
5.9424,-60.0,148.0
5.9474,0.0,146.0
5.9523,5.0,144.0
5.9574,-24.0,144.0
5.9624,65.0,144.0
5.9676,82.0,146.0
5.9728,-81.0,146.0
5.9774,-106.0,146.0
5.9824,44.0,146.0
5.9874,65.0,146.0
5.9925,-23.0,146.0
5.9978,11.0,146.0
6.0026,47.0,146.0
6.0074,-74.0,146.0
6.0124,-76.0,148.0
6.0174,112.0,146.0
6.0223,59.0,148.0
6.0274,-138.0,146.0
6.0325,2.0,146.0
6.0375,156.0,146.0
6.0425,-58.0,146.0
6.0475,-140.0,148.0
6.0525,72.0,148.0
6.0575,62.0,148.0
6.0625,-55.0,148.0
6.0674,61.0,150.0
6.0733,39.0,150.0
6.0775,-167.0,152.0
6.0824,-35.0,152.0
6.0876,202.0,154.0
6.0925,33.0,154.0
6.0975,-168.0,154.0
6.1024,-24.0,154.0
6.1075,105.0,154.0
6.1125,0.0,152.0
6.1175,-45.0,150.0
6.1224,57.0,150.0
6.1274,-2.0,150.0
6.1324,-143.0,150.0
6.1374,48.0,150.0
6.1425,224.0,152.0
6.1475,-91.0,154.0
6.1524,-276.0,158.0
6.1574,94.0,160.0
6.1625,267.0,162.0
6.1677,-45.0,162.0
6.1735,-175.0,164.0
6.1775,5.0,162.0
6.1824,51.0,162.0
6.1874,-30.0,160.0
6.1927,13.0,160.0
6.1973,98.0,160.0
6.2025,19.0,158.0
6.2076,-150.0,160.0
6.2124,-102.0,160.0
6.2174,144.0,162.0
6.2226,148.0,164.0
6.2274,-93.0,164.0
6.2326,-107.0,166.0
6.2377,49.0,164.0
6.2424,10.0,164.0
6.2476,-57.0,162.0
6.2525,61.0,162.0
6.2574,102.0,160.0
6.2625,-54.0,160.0
6.2674,-124.0,160.0
6.2724,-3.0,158.0
6.2775,94.0,160.0
6.2826,27.0,158.0
6.2875,-50.0,158.0
6.2924,15.0,158.0
6.2974,31.0,158.0
6.3024,-76.0,158.0
6.3076,-25.0,158.0
6.3125,101.0,158.0
6.3175,1.0,158.0
6.3225,-99.0,158.0
6.3274,35.0,158.0
6.3324,92.0,158.0
6.3375,-54.0,158.0
6.3424,-78.0,158.0
6.3475,36.0,156.0
6.3524,31.0,156.0
6.3574,-9.0,152.0
6.3625,50.0,152.0
6.3677,23.0,150.0
6.3725,-113.0,150.0
6.3774,-77.0,152.0
6.3825,103.0,152.0
6.3874,103.0,154.0
6.3924,-54.0,154.0
6.3977,-66.0,154.0
6.4024,50.0,156.0
6.4074,28.0,156.0
6.4124,-87.0,156.0
6.4174,-45.0,154.0
6.4226,73.0,154.0
6.4275,75.0,152.0
6.4325,27.0,152.0
6.4374,-27.0,148.0
6.4424,-118.0,150.0
6.4476,-87.0,148.0
6.4524,83.0,148.0
6.4575,139.0,148.0
6.4624,41.0,148.0
6.4674,-53.0,146.0
6.4724,-101.0,148.0
6.4775,-83.0,148.0
6.4835,30.0,148.0
6.4874,126.0,148.0
6.4925,63.0,148.0
6.4974,-49.0,148.0
6.5024,-62.0,148.0
6.5074,-38.0,146.0
6.5124,5.0,146.0
6.5176,57.0,146.0
6.5224,-7.0,144.0
6.5274,-45.0,144.0
6.5324,87.0,144.0
6.5373,49.0,144.0
6.5426,-163.0,144.0
6.5475,-53.0,144.0
6.5524,185.0,144.0
6.5574,26.0,142.0
6.5624,-170.0,144.0
6.5675,21.0,144.0
6.5726,154.0,144.0
6.5775,-48.0,144.0
6.5824,-148.0,146.0
6.5874,28.0,146.0
6.5925,128.0,148.0
6.5976,11.0,148.0
6.6025,-67.0,148.0
6.6074,-19.0,148.0
6.6124,-10.0,146.0
6.6176,-20.0,146.0
6.6226,42.0,144.0
6.6274,64.0,144.0
6.6324,-16.0,144.0
6.6374,-62.0,146.0
6.6424,-5.0,144.0
6.6476,30.0,144.0
6.6524,-14.0,144.0
6.6575,-21.0,142.0
6.6624,34.0,142.0
6.6675,40.0,140.0
6.6723,2.0,140.0
6.6777,-48.0,138.0
6.6839,-66.0,138.0
6.6874,31.0,136.0
6.6925,80.0,136.0
6.6974,-21.0,136.0
6.7024,-29.0,136.0
6.7074,51.0,136.0
6.7128,-18.0,136.0
6.7177,-96.0,134.0
6.7225,6.0,134.0
6.7274,92.0,132.0
6.7325,37.0,132.0
6.7376,-29.0,130.0
6.7425,-49.0,130.0
6.7475,-36.0,130.0
6.7524,7.0,130.0
6.7574,50.0,130.0
6.7625,45.0,130.0
6.7677,-5.0,130.0
6.7725,-51.0,128.0
6.7776,-50.0,128.0
6.7824,8.0,124.0
6.7875,64.0,124.0
6.7924,20.0,120.0
6.7975,-45.0,120.0
6.8025,-12.0,116.0
6.8076,29.0,116.0
6.8124,-3.0,112.0
6.8176,-20.0,112.0
6.8224,18.0,112.0
6.8275,17.0,112.0
6.8325,-42.0,112.0
6.8374,-29.0,112.0
6.8424,35.0,112.0
6.8474,26.0,110.0
6.8524,39.0,108.0
6.8575,43.0,108.0
6.8627,-117.0,106.0
6.8674,-156.0,108.0
6.8723,90.0,108.0
6.8776,194.0,110.0
6.8827,22.0,110.0
6.8875,-95.0,110.0
6.8926,-92.0,110.0
6.8974,-39.0,110.0
6.9024,73.0,110.0
6.9074,63.0,110.0
6.9125,-71.0,110.0
6.9175,22.0,110.0
6.9225,161.0,112.0
6.9274,-92.0,112.0
6.9325,-261.0,116.0
6.9375,83.0,116.0
6.9426,259.0,120.0
6.9476,-48.0,120.0
6.9524,-178.0,120.0
6.9574,33.0,122.0
6.9625,102.0,122.0
6.9676,-22.0,122.0
6.9725,-62.0,120.0
6.9773,3.0,120.0
6.9823,43.0,120.0
6.9876,15.0,120.0
6.9926,-12.0,118.0
6.9978,-32.0,120.0
7.0027,-46.0,120.0
7.0074,35.0,120.0
7.0123,99.0,120.0
7.0174,-22.0,118.0
7.0224,-92.0,118.0
7.0276,30.0,116.0
7.0324,39.0,116.0
7.0374,-92.0,118.0
7.0424,-34.0,116.0
7.048,152.0,118.0
7.0524,119.0,120.0
7.0575,-98.0,120.0
7.0625,-197.0,122.0
7.0674,-86.0,122.0
7.0724,140.0,124.0
7.0776,270.0,128.0
7.0826,44.0,126.0
7.0876,-308.0,130.0
7.0924,-223.0,132.0
7.0974,186.0,134.0
7.1024,284.0,136.0
7.1074,-15.0,136.0
7.1125,-239.0,138.0
7.1176,-105.0,138.0
7.1224,157.0,140.0
7.1273,160.0,142.0
7.1323,-53.0,142.0
7.1374,-144.0,142.0
7.1426,-55.0,142.0
7.1475,21.0,142.0
7.1524,82.0,144.0
7.1574,170.0,146.0
7.1624,14.0,146.0
7.1677,-292.0,150.0
7.1725,-132.0,150.0
7.1775,244.0,152.0
7.1824,132.0,152.0
7.1874,-89.0,152.0
7.1926,-4.0,150.0
7.1974,-26.0,150.0
7.2025,-134.0,150.0
7.2074,39.0,150.0
7.2124,182.0,150.0
7.2173,-5.0,150.0
7.2224,-156.0,150.0
7.2274,0.0,150.0
7.2326,137.0,150.0
7.2374,-10.0,150.0
7.2424,-139.0,150.0
7.2475,-17.0,150.0
7.2524,112.0,152.0
7.2575,68.0,152.0
7.2625,-37.0,152.0
7.2674,-88.0,154.0
7.2725,-42.0,154.0
7.2774,60.0,154.0
7.2826,89.0,154.0
7.2875,-1.0,154.0
7.2926,-88.0,156.0
7.2974,-54.0,156.0
7.3024,51.0,156.0
7.3075,57.0,156.0
7.3124,-19.0,156.0
7.3175,3.0,156.0
7.3224,33.0,156.0
7.3274,-73.0,156.0
7.3324,-72.0,156.0
7.3374,96.0,158.0
7.3426,77.0,158.0
7.3475,-84.0,158.0
7.3525,-43.0,158.0
7.3573,76.0,158.0
7.3626,28.0,160.0
7.3675,-56.0,158.0
7.3726,-53.0,158.0
7.3775,-14.0,158.0
7.3824,61.0,158.0
7.3874,108.0,160.0
7.3924,-14.0,160.0
7.3975,-149.0,162.0
7.4026,-31.0,162.0
7.4074,106.0,162.0
7.4123,1.0,162.0
7.4173,-19.0,162.0
7.4223,95.0,162.0
7.4275,-57.0,162.0
7.4326,-179.0,166.0
7.4374,107.0,166.0
7.4424,205.0,170.0
7.4474,-132.0,170.0
7.4525,-200.0,174.0
7.4574,129.0,176.0
7.4624,190.0,178.0
7.4674,-93.0,180.0
7.4724,-145.0,182.0
7.4776,58.0,182.0
7.4828,57.0,182.0
7.4875,-75.0,182.0
7.4924,10.0,182.0
7.4974,133.0,184.0
7.5024,2.0,182.0
7.5074,-164.0,182.0
7.5129,-68.0,182.0
7.5175,131.0,180.0
7.5225,123.0,182.0
7.5274,-55.0,182.0
7.5325,-127.0,182.0
7.5377,-29.0,182.0
7.5425,66.0,182.0
7.5475,97.0,182.0
7.5525,43.0,182.0
7.5574,-112.0,184.0
7.5624,-148.0,184.0
7.5677,65.0,182.0
7.5725,182.0,182.0
7.5774,-13.0,180.0
7.5825,-129.0,178.0
7.5873,20.0,178.0
7.5923,59.0,176.0
7.5976,-56.0,176.0
7.6025,-51.0,176.0
7.6075,32.0,176.0
7.6124,82.0,176.0
7.6174,72.0,178.0
7.6224,-79.0,178.0
7.6276,-169.0,180.0
7.6326,33.0,180.0
7.6375,171.0,182.0
7.6423,1.0,182.0
7.6474,-98.0,182.0
7.6524,-19.0,182.0
7.6575,37.0,182.0
7.6625,65.0,182.0
7.6675,-23.0,182.0
7.6725,-145.0,184.0
7.6773,31.0,182.0
7.6826,194.0,184.0
7.6875,-39.0,182.0
7.6924,-169.0,184.0
7.6974,56.0,182.0
7.7024,107.0,182.0
7.7076,-84.0,182.0
7.7124,-59.0,180.0
7.7174,106.0,178.0
7.7224,39.0,178.0
7.7274,-106.0,174.0
7.7325,-36.0,172.0
7.7376,84.0,170.0
7.7425,34.0,166.0
7.7474,-51.0,166.0
7.7524,-15.0,164.0
7.7573,32.0,162.0
7.7624,-15.0,160.0
7.7678,-38.0,158.0
7.7725,42.0,158.0
7.7774,65.0,156.0
7.7824,-48.0,156.0
7.7874,-98.0,158.0
7.7924,20.0,156.0
7.7975,98.0,156.0
7.8026,27.0,156.0
7.8074,-52.0,152.0
7.8124,-53.0,150.0
7.8173,22.0,148.0
7.8225,60.0,146.0
7.8275,-77.0,146.0
7.8325,-97.0,148.0
7.8374,182.0,150.0
7.8424,175.0,150.0
7.8474,-227.0,154.0
7.8525,-227.0,154.0
7.8574,158.0,156.0
7.8625,186.0,156.0
7.8687,-46.0,158.0
7.8723,-67.0,156.0
7.8774,-7.0,156.0
7.8824,-40.0,154.0
7.8876,-21.0,156.0
7.8924,63.0,154.0
7.8973,71.0,154.0
7.9024,-8.0,154.0
7.9075,-77.0,154.0
7.9123,-69.0,154.0
7.9174,53.0,154.0
7.9225,141.0,154.0
7.9274,-28.0,156.0
7.9324,-184.0,156.0
7.9376,-17.0,156.0
7.9426,155.0,158.0
7.9476,80.0,158.0
7.9524,-68.0,158.0
7.9574,-105.0,160.0
7.9623,9.0,160.0
7.9676,95.0,160.0
7.9726,-8.0,160.0
7.9775,-94.0,160.0
7.9825,-3.0,158.0
7.9874,86.0,158.0
7.9925,65.0,158.0
7.9975,-10.0,158.0
8.0024,-106.0,158.0
8.0074,-111.0,160.0
8.0124,46.0,160.0
8.0174,167.0,162.0
8.0226,63.0,162.0
8.0275,-92.0,162.0
8.0324,-97.0,164.0
8.0374,-52.0,162.0
8.0424,25.0,162.0
8.0476,155.0,162.0
8.0529,56.0,164.0
8.0576,-184.0,166.0
8.0624,-73.0,166.0
8.0674,170.0,168.0
8.0724,44.0,164.0
8.0777,-138.0,166.0
8.0827,-16.0,162.0
8.0876,94.0,162.0
8.0926,25.0,160.0
8.0974,-49.0,158.0
8.1024,-94.0,156.0
8.1075,-9.0,156.0
8.1125,196.0,156.0
8.1174,101.0,156.0
8.1226,-238.0,160.0
8.1274,-170.0,160.0
8.1325,165.0,164.0
8.1376,114.0,162.0
8.1425,-35.0,164.0
8.1475,84.0,162.0
8.1524,-26.0,162.0
8.1574,-287.0,164.0
8.1624,-26.0,162.0
8.1676,322.0,166.0
8.1725,105.0,166.0
8.1775,-181.0,168.0
8.1824,-93.0,170.0
8.1874,18.0,168.0
8.1926,-11.0,168.0
8.1975,30.0,166.0
8.2023,118.0,166.0
8.2074,34.0,166.0
8.2124,-162.0,164.0
8.2174,-124.0,166.0
8.2223,155.0,168.0
8.2274,178.0,170.0
8.2325,-138.0,170.0
8.2375,-208.0,174.0
8.2424,109.0,174.0
8.2474,219.0,176.0
8.2524,-63.0,176.0
8.2576,-166.0,178.0
8.2626,49.0,178.0
8.2674,71.0,176.0
8.2723,-99.0,178.0
8.2775,-50.0,176.0
8.2827,134.0,178.0
8.2876,136.0,178.0
8.2924,-61.0,178.0
8.2974,-198.0,182.0
8.3023,-58.0,180.0
8.3074,129.0,182.0
8.3124,78.0,182.0
8.3175,4.0,182.0
8.3224,20.0,178.0
8.3274,-78.0,180.0
8.3324,-111.0,178.0
8.3374,76.0,178.0
8.3426,92.0,178.0
8.3474,-83.0,178.0
8.3524,-12.0,178.0
8.3574,147.0,178.0
8.3624,-20.0,178.0
8.3678,-206.0,180.0
8.3724,-16.0,180.0
8.3774,172.0,180.0
8.3824,32.0,180.0
8.3874,-42.0,180.0
8.3925,46.0,180.0
8.3975,-90.0,182.0
8.4025,-182.0,184.0
8.4075,142.0,186.0
8.4126,278.0,190.0
8.4175,-108.0,190.0
8.4228,-259.0,194.0
8.4274,47.0,192.0
8.4324,131.0,194.0
8.4376,-19.0,194.0
8.444,10.0,192.0
8.4486,15.0,192.0
8.4525,-70.0,192.0
8.4575,11.0,192.0
8.4625,63.0,192.0
8.4675,-40.0,192.0
8.4725,-51.0,192.0
8.4776,-11.0,188.0
8.4825,22.0,186.0
8.4874,131.0,184.0
8.4924,43.0,182.0
8.4975,-205.0,182.0
8.5026,-85.0,180.0
8.5079,183.0,184.0
8.5125,36.0,182.0
8.5176,-134.0,184.0
8.5225,59.0,184.0
8.5276,123.0,186.0
8.5336,-96.0,188.0
8.5381,-120.0,188.0
8.5425,38.0,188.0
8.5475,70.0,188.0
8.5525,39.0,188.0
8.5575,16.0,188.0
8.5626,-46.0,186.0
8.5676,-74.0,186.0
8.5725,-26.0,184.0
8.5774,64.0,184.0
8.5825,120.0,184.0
8.5875,3.0,182.0
8.5925,-163.0,184.0
8.5979,-78.0,184.0
8.6026,125.0,186.0
8.6076,110.0,186.0
8.6126,-42.0,186.0
8.6179,-87.0,186.0
8.623,-23.0,186.0
8.6275,40.0,186.0
8.6326,37.0,186.0
8.6383,-13.0,186.0
8.6425,-1.0,184.0
8.6479,26.0,182.0
8.6526,-37.0,182.0
8.6575,-49.0,180.0
8.6625,36.0,180.0
8.6674,30.0,180.0
8.6725,-2.0,178.0
8.6775,14.0,178.0
8.6826,-31.0,178.0
8.6875,-34.0,176.0
8.6925,48.0,176.0
8.6977,25.0,172.0
8.703,-36.0,172.0
8.7078,-9.0,170.0
8.7125,-14.0,170.0
8.7175,-40.0,168.0
8.7224,64.0,168.0
8.7275,152.0,170.0
8.7333,-27.0,170.0
8.7375,-258.0,172.0
8.7426,-117.0,172.0
8.7475,240.0,176.0
8.7525,268.0,178.0
8.7574,-83.0,178.0
8.7625,-287.0,178.0
8.7675,-84.0,176.0
8.7725,152.0,176.0
8.7775,113.0,176.0
8.7824,5.0,176.0
8.7873,4.0,174.0
8.7925,-49.0,176.0
8.7976,-128.0,172.0
8.8026,-6.0,172.0
8.8075,137.0,170.0
8.8125,51.0,168.0
8.8174,-48.0,166.0
8.8227,-29.0,166.0
8.8274,-58.0,166.0
8.8324,-22.0,166.0
8.8382,132.0,168.0
8.8433,38.0,166.0
8.8474,-159.0,168.0
8.8526,12.0,166.0
8.8577,157.0,166.0
8.8625,-105.0,166.0
8.8674,-153.0,166.0
8.8725,181.0,166.0
8.8776,158.0,166.0
8.8826,-189.0,166.0
8.8876,-162.0,166.0
8.8925,109.0,166.0
8.8974,141.0,166.0
8.9024,23.0,166.0
8.9074,-73.0,166.0
8.9126,-127.0,166.0
8.9174,-11.0,166.0
8.9225,142.0,166.0
8.9274,50.0,164.0
8.9325,-94.0,166.0
8.9374,-23.0,162.0
8.9426,48.0,162.0
8.9476,-8.0,160.0
8.9524,-18.0,160.0
8.9574,1.0,160.0
8.9624,-21.0,160.0
8.9675,14.0,158.0
8.9726,56.0,158.0
8.9775,-24.0,156.0
8.9824,-51.0,156.0
8.9874,64.0,156.0
8.9925,47.0,156.0
8.9977,-129.0,156.0
9.0025,-108.0,158.0
9.0077,146.0,156.0
9.0125,206.0,160.0
9.0175,-76.0,158.0
9.0226,-223.0,160.0
9.0274,7.0,160.0
9.0324,122.0,162.0
9.0382,-42.0,160.0
9.0424,-14.0,158.0
9.0474,129.0,158.0
9.0525,1.0,154.0
9.0575,-131.0,154.0
9.0625,-35.0,150.0
9.0675,29.0,150.0
9.0724,21.0,148.0
9.0775,56.0,150.0
9.0827,47.0,150.0
9.0875,-31.0,150.0
9.0924,-92.0,150.0
9.0974,-78.0,152.0
9.1024,57.0,152.0
9.1076,177.0,154.0
9.113,35.0,154.0
9.1174,-193.0,156.0
9.1225,-114.0,158.0
9.1275,126.0,158.0
9.1324,116.0,158.0
9.1375,-52.0,156.0
9.1424,-42.0,156.0
9.1475,56.0,154.0
9.1525,-29.0,154.0
9.1575,-145.0,154.0
9.1625,28.0,152.0
9.1675,243.0,154.0
9.1725,37.0,154.0
9.1776,-262.0,156.0
9.1825,-98.0,158.0
9.1875,176.0,158.0
9.1926,108.0,160.0
9.1977,-38.0,160.0
9.2026,-82.0,160.0
9.2075,-83.0,160.0
9.2125,50.0,162.0
9.2174,157.0,162.0
9.2225,-8.0,160.0
9.2275,-153.0,164.0
9.2325,-42.0,162.0
9.2375,51.0,160.0
9.2438,59.0,160.0
9.2481,105.0,160.0
9.2525,-12.0,160.0
9.2576,-207.0,162.0
9.2624,-56.0,162.0
9.2675,178.0,164.0
9.2724,56.0,164.0
9.2776,-56.0,164.0
9.2825,57.0,166.0
9.2874,-46.0,166.0
9.2925,-207.0,168.0
9.2974,69.0,170.0
9.3024,270.0,172.0
9.3074,-42.0,172.0
9.3125,-189.0,176.0
9.3174,23.0,176.0
9.3224,33.0,176.0
9.3274,-45.0,176.0
9.3325,69.0,176.0
9.3375,90.0,178.0
9.3427,-61.0,178.0
9.3475,-103.0,180.0
9.3524,-15.0,180.0
9.3574,26.0,180.0
9.3624,75.0,180.0
9.3677,141.0,180.0
9.3725,-55.0,180.0
9.3775,-280.0,180.0
9.3824,-36.0,178.0
9.3875,258.0,178.0
9.3928,114.0,176.0
9.3975,-77.0,176.0
9.4025,-101.0,174.0
9.4075,-124.0,174.0
9.4124,7.0,172.0
9.4174,213.0,174.0
9.4224,81.0,174.0
9.4277,-168.0,178.0
9.4325,-83.0,178.0
9.4374,83.0,178.0
9.4424,6.0,178.0
9.4474,-66.0,176.0
9.4525,52.0,176.0
9.4574,103.0,176.0
9.4625,-30.0,176.0
9.4675,-96.0,178.0
9.4724,-12.0,178.0
9.4774,19.0,176.0
9.4827,12.0,176.0
9.4874,40.0,174.0
9.4924,-1.0,174.0
9.4974,-24.0,170.0
9.5024,19.0,170.0
9.5077,-23.0,168.0
9.5127,-35.0,166.0
9.5175,45.0,164.0
9.5224,6.0,160.0
9.5274,-41.0,158.0
9.5324,49.0,158.0
9.5376,35.0,156.0
9.5424,-85.0,158.0
9.5474,-18.0,156.0
9.5526,107.0,156.0
9.5573,-7.0,156.0
9.5624,-148.0,156.0
9.5676,-5.0,156.0
9.5725,175.0,156.0
9.5773,73.0,158.0
9.5824,-130.0,158.0
9.5874,-141.0,160.0
9.5923,24.0,160.0
9.5975,158.0,164.0
9.6024,69.0,164.0
9.6074,-130.0,166.0
9.6124,-90.0,166.0
9.6174,101.0,168.0
9.6228,52.0,168.0
9.6274,-111.0,168.0
9.6325,-34.0,168.0
9.6374,150.0,168.0
9.6424,116.0,168.0
9.6475,-141.0,168.0
9.6524,-264.0,170.0
9.6576,47.0,168.0
9.6624,348.0,170.0
9.6673,60.0,172.0
9.6724,-291.0,174.0
9.6773,-95.0,176.0
9.6827,151.0,178.0
9.6873,51.0,176.0
9.6924,-41.0,176.0
9.6974,7.0,174.0
9.7024,20.0,174.0
9.7076,-4.0,174.0
9.7123,-35.0,174.0
9.7174,-65.0,174.0
9.7224,7.0,174.0
9.7273,116.0,176.0
9.7323,53.0,174.0
9.7375,-77.0,174.0
9.7426,-75.0,174.0
9.7475,-26.0,172.0
9.7524,19.0,172.0
9.7574,113.0,172.0
9.7626,70.0,170.0
9.7675,-127.0,170.0
9.7724,-125.0,170.0
9.7774,65.0,170.0
9.7824,109.0,172.0
9.7874,36.0,172.0
9.7924,-40.0,172.0
9.7976,-116.0,172.0
9.8026,-20.0,172.0
9.8074,131.0,170.0
9.8124,27.0,170.0
9.8174,-96.0,166.0
9.8223,6.0,166.0
9.8274,50.0,164.0
9.8326,-43.0,162.0
9.8374,-9.0,162.0
9.8424,76.0,162.0
9.8473,7.0,160.0
9.8525,-92.0,162.0
9.8574,-58.0,160.0
9.8624,61.0,160.0
9.8696,101.0,160.0
9.8723,-5.0,158.0
9.8776,-75.0,160.0
9.8825,-21.0,158.0
9.8874,-1.0,158.0
9.8925,7.0,158.0
9.8973,66.0,154.0
9.9024,26.0,154.0
9.9074,-66.0,152.0
9.9123,-46.0,152.0
9.9174,5.0,152.0
9.9224,25.0,152.0
9.9274,54.0,152.0
9.9324,12.0,148.0
9.9374,-59.0,148.0
9.9424,-16.0,144.0
9.9474,29.0,144.0
9.9524,-27.0,142.0
9.9574,-22.0,142.0
9.9623,68.0,142.0
9.9675,45.0,142.0
9.9724,-48.0,142.0
9.9774,-33.0,140.0
9.9824,-11.0,140.0
9.9875,-51.0,140.0
9.9924,27.0,140.0
9.9974,133.0,140.0
10.0026,25.0,140.0
10.0075,-110.0,140.0
10.0125,-71.0,140.0
10.0174,5.0,136.0
10.0223,48.0,136.0
10.0276,69.0,132.0
10.0323,-2.0,132.0
10.0373,-69.0,130.0
10.0423,-2.0,130.0
10.0473,36.0,128.0
10.0524,-32.0,128.0
10.0576,-16.0,126.0
10.0623,64.0,126.0
10.0675,12.0,122.0
10.0724,-49.0,122.0
10.0773,13.0,122.0
10.0823,0.0,120.0
10.0873,-63.0,120.0
10.0923,26.0,120.0
10.0973,88.0,120.0
10.1024,-17.0,120.0
10.1079,-83.0,120.0
10.1123,13.0,120.0
10.1174,121.0,122.0
10.1224,-6.0,122.0
10.1275,-224.0,124.0
10.1325,-53.0,126.0
10.1374,298.0,130.0
10.1423,148.0,132.0
10.1475,-259.0,136.0
10.1524,-190.0,138.0
10.1574,122.0,138.0
10.1625,125.0,140.0
10.1674,20.0,140.0
10.1724,5.0,140.0
10.1774,-86.0,140.0
10.1823,-103.0,140.0
10.1873,55.0,142.0
10.1924,104.0,142.0
10.1976,13.0,142.0
10.2023,-29.0,140.0
10.2074,-38.0,140.0
10.2124,-50.0,138.0
10.2175,-16.0,138.0
10.2224,72.0,136.0
10.2274,112.0,136.0
10.2324,-14.0,136.0
10.2374,-165.0,136.0
10.2424,-84.0,136.0
10.2474,111.0,136.0
10.2525,140.0,136.0
10.2573,15.0,134.0
10.2624,-95.0,136.0
10.2673,-95.0,136.0
10.2723,-8.0,136.0
10.2775,57.0,134.0
10.2826,63.0,132.0
10.2877,32.0,132.0
10.2923,-8.0,128.0
10.2974,-68.0,128.0
10.3024,-118.0,124.0
10.3073,41.0,124.0
10.3124,235.0,122.0
10.3173,-4.0,122.0
10.3224,-270.0,124.0
10.3274,-25.0,122.0
10.3324,196.0,126.0
10.3378,53.0,126.0
10.3423,-56.0,126.0
10.3474,-66.0,128.0
10.3524,-73.0,128.0
10.3573,59.0,128.0
10.3624,136.0,130.0
10.3677,-42.0,128.0
10.3724,-126.0,130.0
10.3774,26.0,128.0
10.3823,76.0,130.0
10.3874,-14.0,128.0
10.3925,-28.0,128.0
10.3976,4.0,128.0
10.4024,0.0,126.0
10.4079,0.0,124.0
10.4123,9.0,122.0
10.4174,2.0,122.0
10.4223,5.0,120.0
10.4274,-3.0,120.0
10.4324,-21.0,118.0
10.4374,-5.0,118.0
10.4423,3.0,116.0
10.4474,5.0,114.0
10.4524,24.0,114.0
10.4574,12.0,114.0
10.4623,8.0,114.0
10.4673,7.0,112.0
10.4725,-98.0,114.0
10.4775,-113.0,116.0
10.4826,147.0,116.0
10.4876,245.0,120.0
10.4924,-96.0,120.0
10.4974,-295.0,124.0
10.5023,-7.0,124.0
10.5074,231.0,126.0
10.5124,81.0,126.0
10.5175,-111.0,126.0
10.5224,-91.0,128.0
10.5274,6.0,128.0
10.5324,50.0,128.0
10.5374,51.0,128.0
10.5424,8.0,128.0
10.5474,-62.0,128.0
10.5524,-57.0,128.0
10.5574,44.0,130.0
10.5623,96.0,130.0
10.5675,-12.0,130.0
10.5725,-122.0,132.0
10.5774,-28.0,130.0
10.5824,106.0,132.0
10.5873,50.0,132.0
10.5924,-50.0,132.0
10.5974,-15.0,132.0
10.6024,17.0,132.0
10.6074,-64.0,132.0
10.6124,-54.0,132.0
10.6174,114.0,134.0
10.6226,125.0,136.0
10.6274,-75.0,136.0
10.6324,-146.0,138.0
10.6373,-27.0,136.0
10.6424,81.0,136.0
10.6474,106.0,136.0
10.6525,25.0,136.0
10.6575,-104.0,138.0
10.6624,-93.0,138.0
10.6674,51.0,138.0
10.6723,86.0,140.0
10.6774,-39.0,138.0
10.6828,-45.0,140.0
10.6874,110.0,140.0
10.6924,33.0,140.0
10.6975,-200.0,144.0
10.7024,-53.0,144.0
10.7074,228.0,146.0
10.7126,65.0,148.0
10.7175,-175.0,150.0
10.7224,-44.0,150.0
10.7274,65.0,150.0
10.7325,-13.0,150.0
10.7374,54.0,150.0
10.7426,107.0,150.0
10.7474,-104.0,152.0
10.7524,-182.0,154.0
10.7574,62.0,152.0
10.7624,164.0,156.0
10.7675,-10.0,152.0
10.7724,-70.0,152.0
10.7774,23.0,148.0
10.7823,4.0,146.0
10.7874,-67.0,142.0
10.7924,-25.0,140.0
10.7974,77.0,140.0
10.8024,90.0,138.0
10.8074,-31.0,140.0
10.8124,-153.0,142.0
10.8173,-51.0,140.0
10.8226,196.0,142.0
10.8278,137.0,144.0
10.8324,-202.0,146.0
10.8374,-180.0,148.0
10.8424,161.0,150.0
10.8474,139.0,152.0
10.8526,-119.0,152.0
10.8574,-26.0,152.0
10.8624,127.0,154.0
10.8674,-81.0,154.0
10.8724,-174.0,156.0
10.8775,114.0,154.0
10.8826,204.0,156.0
10.8874,-57.0,156.0
10.8924,-182.0,156.0
10.8974,-49.0,156.0
10.9024,108.0,158.0
10.9075,143.0,158.0
10.9125,1.0,158.0
10.9174,-159.0,160.0
10.9224,-109.0,160.0
10.9274,83.0,160.0
10.9324,163.0,164.0
10.9376,22.0,162.0
10.9426,-133.0,162.0
10.9474,-82.0,164.0
10.9524,51.0,160.0
10.9573,74.0,162.0
10.9625,22.0,158.0
10.9675,-30.0,158.0
10.9725,-52.0,156.0
10.9775,-6.0,154.0
10.9823,34.0,154.0
10.9874,-1.0,154.0
10.9923,17.0,152.0
10.9976,61.0,152.0
11.0025,-68.0,152.0
11.0075,-115.0,152.0
11.0124,105.0,152.0
11.0174,101.0,154.0
11.0226,-142.0,154.0
11.0275,-43.0,156.0
11.0325,162.0,158.0
11.0373,7.0,158.0
11.0423,-117.0,160.0
11.0476,-7.0,160.0
11.0525,9.0,160.0
11.0574,5.0,160.0
11.0625,94.0,160.0
11.0674,21.0,160.0
11.0724,-131.0,162.0
11.0775,-50.0,164.0
11.0831,94.0,164.0
11.0874,47.0,166.0
11.0923,-32.0,166.0
11.0974,-11.0,166.0
11.1023,-31.0,166.0
11.1075,-29.0,166.0
11.1125,113.0,166.0
11.1175,63.0,166.0
11.1224,-190.0,166.0
11.1274,-96.0,164.0
11.1324,187.0,166.0
11.1374,95.0,162.0
11.1426,-90.0,164.0
11.1475,-29.0,160.0
11.1524,-28.0,160.0
11.1574,-64.0,158.0
11.1624,109.0,160.0
11.1674,130.0,162.0
11.1724,-149.0,162.0
11.1774,-164.0,164.0
11.1823,156.0,166.0
11.1874,182.0,168.0
11.1924,-130.0,170.0
11.1977,-166.0,172.0
11.2023,86.0,172.0
11.2074,84.0,172.0
11.2123,-70.0,172.0
11.2174,52.0,172.0
11.2223,121.0,172.0
11.2274,-170.0,174.0
11.2324,-199.0,176.0
11.2374,204.0,180.0
11.2425,209.0,182.0
11.2476,-171.0,184.0
11.2525,-114.0,186.0
11.2574,125.0,186.0
11.2624,-10.0,184.0
11.2674,-97.0,184.0
11.2724,67.0,182.0
11.2775,86.0,184.0
11.2827,-18.0,182.0
11.2875,-50.0,182.0
11.2936,-87.0,182.0
11.2973,-66.0,182.0
11.3024,145.0,182.0
11.3074,242.0,186.0
11.3124,-82.0,186.0
11.3174,-338.0,190.0
11.3224,-55.0,190.0
11.3273,239.0,192.0
11.3324,119.0,194.0
11.3378,-15.0,192.0
11.3424,-25.0,190.0
11.3474,-141.0,190.0
11.3524,-151.0,190.0
11.3574,126.0,190.0
11.3624,264.0,194.0
11.3674,-7.0,192.0
11.3726,-239.0,196.0
11.3773,-84.0,196.0
11.3823,132.0,196.0
11.3873,79.0,196.0
11.3923,-52.0,194.0
11.3975,9.0,194.0
11.4025,53.0,192.0
11.4074,-123.0,194.0
11.4124,-116.0,194.0
11.4173,186.0,196.0
11.4224,191.0,200.0
11.4274,-154.0,202.0
11.4324,-220.0,204.0
11.4374,55.0,204.0
11.4424,179.0,206.0
11.4473,51.0,206.0
11.4524,-95.0,204.0
11.4575,-119.0,206.0
11.4626,13.0,202.0
11.4674,138.0,202.0
11.4723,34.0,200.0
11.4774,-138.0,200.0
11.4826,-42.0,198.0
11.4875,167.0,198.0
11.4924,44.0,198.0
11.4973,-213.0,200.0
11.5023,-81.0,200.0
11.5073,197.0,202.0
11.5128,125.0,200.0
11.5175,-86.0,200.0
11.5224,-88.0,198.0
11.5274,-32.0,198.0
11.5323,-48.0,196.0
11.5374,24.0,196.0
11.5426,173.0,196.0
11.5474,117.0,196.0
11.5524,-169.0,198.0
11.5574,-260.0,200.0
11.5623,63.0,200.0
11.5674,287.0,202.0
11.5725,31.0,200.0
11.5776,-198.0,204.0
11.5824,-51.0,202.0
11.5873,54.0,202.0
11.5923,8.0,200.0
11.5983,71.0,200.0
11.6024,48.0,202.0
11.6075,-124.0,202.0
11.6124,-60.0,202.0
11.6173,110.0,204.0
11.6224,4.0,204.0
11.6274,-99.0,206.0
11.6325,60.0,206.0
11.6376,120.0,206.0
11.6424,-58.0,206.0
11.6475,-121.0,206.0
11.6524,15.0,206.0
11.6575,73.0,206.0
11.6625,-26.0,204.0
11.6674,-36.0,204.0
11.6724,102.0,202.0
11.6774,55.0,202.0
11.6825,-166.0,204.0
11.6874,-95.0,206.0
11.6925,174.0,208.0
11.6973,119.0,210.0
11.7029,-141.0,210.0
11.7074,-132.0,212.0
11.7125,82.0,212.0
11.7174,124.0,212.0
11.7224,-12.0,212.0
11.7273,-94.0,212.0
11.7323,-34.0,212.0
11.7376,70.0,212.0
11.7425,42.0,212.0
11.7475,-72.0,214.0
11.7525,-21.0,212.0
11.7573,76.0,212.0
11.7624,-23.0,210.0
11.7676,-71.0,210.0
11.7725,81.0,208.0
11.7774,77.0,208.0
11.7824,-107.0,208.0
11.7874,-105.0,208.0
11.7923,62.0,210.0
11.7976,114.0,210.0
11.8029,20.0,208.0
11.8074,-67.0,208.0
11.8123,-61.0,206.0
11.8174,4.0,204.0
11.8229,31.0,202.0
11.8274,0.0,200.0
11.8324,1.0,198.0
11.8373,50.0,196.0
11.8424,32.0,194.0
11.8474,-85.0,194.0
11.8527,-89.0,194.0
11.8574,89.0,196.0
11.8626,87.0,194.0
11.8708,-96.0,194.0
11.8723,-21.0,190.0
11.8773,109.0,190.0
11.8825,-62.0,188.0
11.8875,-106.0,186.0
11.8924,130.0,186.0
11.8973,99.0,186.0
11.9023,-161.0,188.0
11.9076,-106.0,188.0
11.9124,131.0,190.0
11.9175,109.0,190.0
11.9224,-33.0,190.0
11.9273,-73.0,190.0
11.9323,-86.0,190.0
11.9375,0.0,190.0
11.9426,152.0,190.0
11.9474,51.0,186.0
11.9524,-162.0,188.0
11.9574,-37.0,184.0
11.9624,184.0,186.0
11.9673,-2.0,182.0
11.9727,-234.0,184.0
11.9775,9.0,184.0
11.9824,249.0,186.0
11.9873,6.0,184.0
11.9924,-196.0,186.0
11.9973,-5.0,184.0
12.0023,122.0,182.0
12.0073,-8.0,182.0
12.0123,-83.0,178.0
12.0173,-2.0,178.0
12.0223,77.0,176.0
12.0284,40.0,176.0
12.0323,-78.0,176.0
12.0374,-63.0,178.0
12.0423,94.0,178.0
12.0474,55.0,176.0
12.0531,-134.0,176.0
12.0574,-48.0,174.0
12.0624,162.0,174.0
12.0674,58.0,172.0
12.0723,-139.0,172.0
12.0776,-63.0,172.0
12.0826,93.0,170.0
12.0875,66.0,170.0
12.0924,-65.0,170.0
12.0974,-79.0,170.0
12.1023,33.0,170.0
12.1073,64.0,168.0
12.1127,26.0,168.0
12.1175,33.0,166.0
12.1224,-52.0,168.0
12.1274,-163.0,166.0
12.1323,-9.0,166.0
12.1374,198.0,166.0
12.1425,79.0,166.0
12.1475,-115.0,164.0
12.1524,-39.0,164.0
12.1574,34.0,162.0
12.1626,-83.0,162.0
12.1674,-48.0,162.0
12.1724,142.0,164.0
12.1776,103.0,166.0
12.1824,-84.0,164.0
12.1874,-113.0,164.0
12.1923,9.0,162.0
12.1974,104.0,160.0
12.2025,9.0,158.0
12.2076,-138.0,156.0
12.2124,-20.0,156.0
12.2173,188.0,156.0
12.2224,60.0,156.0
12.2275,-191.0,158.0
12.2326,-100.0,160.0
12.2375,147.0,160.0
12.2424,110.0,162.0
12.2473,-86.0,160.0
12.2526,-97.0,162.0
12.2575,9.0,160.0
12.2624,60.0,160.0
12.2673,87.0,160.0
12.2723,21.0,160.0
12.2776,-150.0,160.0
12.2826,-128.0,162.0
12.2874,107.0,162.0
12.2925,175.0,164.0
12.2973,32.0,164.0
12.3023,-96.0,164.0
12.3076,-150.0,166.0
12.3128,-55.0,166.0
12.3173,144.0,166.0
12.3225,135.0,166.0
12.3273,-49.0,166.0
12.3323,-81.0,164.0
12.3376,-24.0,162.0
12.3424,-24.0,160.0
12.3473,34.0,160.0
12.3524,82.0,160.0
12.3575,-8.0,158.0
12.3624,-86.0,158.0
12.3674,-43.0,158.0
12.3726,70.0,158.0
12.3773,126.0,160.0
12.3824,-33.0,160.0
12.3873,-212.0,162.0
12.3923,-42.0,162.0
12.3974,223.0,164.0
12.4026,131.0,166.0
12.4073,-121.0,166.0
12.4123,-178.0,168.0
12.4173,-35.0,168.0
12.4224,167.0,168.0
12.4276,151.0,168.0
12.4325,-119.0,170.0
12.4374,-185.0,170.0
12.4423,54.0,172.0
12.4473,139.0,172.0
12.4523,-3.0,172.0
12.4575,-26.0,172.0
12.4624,11.0,172.0
12.4674,-95.0,174.0
12.4723,-82.0,174.0
12.4774,136.0,176.0
12.4823,135.0,178.0
12.4873,-79.0,178.0
12.4925,-95.0,178.0
12.4973,13.0,176.0
12.5025,-6.0,174.0
12.5076,-14.0,174.0
12.5125,82.0,174.0
12.5174,54.0,174.0
12.5224,-106.0,174.0
12.5273,-74.0,174.0
12.5324,102.0,174.0
12.5373,56.0,172.0
12.5424,-67.0,172.0
12.5473,-5.0,170.0
12.5523,18.0,168.0
12.5574,-61.0,168.0
12.5624,0.0,166.0
12.5676,106.0,168.0
12.5725,32.0,166.0
12.5774,-98.0,168.0
12.5823,-85.0,166.0
12.5873,54.0,166.0
12.5924,123.0,166.0
12.5974,-16.0,166.0
12.6026,-146.0,166.0
12.6073,1.0,166.0
12.6124,153.0,164.0
12.6173,22.0,164.0
12.6224,-115.0,162.0
12.6275,-65.0,164.0
12.6326,22.0,160.0
12.6373,92.0,162.0
12.6424,70.0,162.0
12.6473,-69.0,162.0
12.6524,-102.0,162.0
12.6575,18.0,162.0
12.6624,68.0,162.0
12.6674,18.0,162.0
12.6723,-5.0,160.0
12.6775,-17.0,160.0
12.6825,-52.0,160.0
12.6876,-12.0,158.0
12.6924,82.0,158.0
12.6973,46.0,158.0
12.7023,-77.0,156.0
12.7074,-54.0,156.0
12.7124,50.0,156.0
12.7173,29.0,154.0
12.7224,-33.0,154.0
12.7274,2.0,152.0
12.7325,63.0,152.0
12.7375,4.0,152.0
12.7424,-126.0,154.0
12.7473,-75.0,154.0
12.7524,157.0,156.0
12.7573,161.0,158.0
12.7623,-137.0,158.0
12.7675,-179.0,158.0
12.7723,124.0,160.0
12.7775,116.0,160.0
12.7824,-152.0,160.0
12.7873,-41.0,160.0
12.7923,183.0,162.0
12.7973,16.0,162.0
12.8024,-169.0,162.0
12.8074,-20.0,162.0
12.8123,119.0,162.0
12.8174,-6.0,160.0
12.8227,-77.0,160.0
12.8273,73.0,160.0
12.8325,70.0,160.0
12.8374,-125.0,160.0
12.8423,-83.0,162.0
12.8474,129.0,162.0
12.8525,88.0,162.0
12.8574,-103.0,162.0
12.8624,-81.0,162.0
12.8674,75.0,160.0
12.8723,74.0,160.0
12.8774,-47.0,158.0
12.8825,-48.0,158.0
12.8874,19.0,156.0
12.8925,-48.0,156.0
12.8973,-23.0,156.0
12.9023,209.0,158.0
12.9073,88.0,158.0
12.9125,-316.0,162.0
12.9175,-167.0,162.0
12.9225,255.0,164.0
12.9273,137.0,166.0
12.9323,-69.0,164.0
12.9382,51.0,164.0
12.9425,-72.0,164.0
12.9475,-276.0,166.0
12.9525,62.0,166.0
12.9573,354.0,168.0
12.9623,41.0,168.0
12.9676,-251.0,170.0
12.9724,-121.0,172.0
12.9774,86.0,172.0
12.9824,142.0,174.0
12.9873,29.0,174.0
12.9923,-125.0,174.0
12.9976,-76.0,176.0
13.0025,73.0,176.0
13.0074,65.0,176.0
13.0123,3.0,174.0
13.0173,2.0,172.0
13.0223,-51.0,174.0
13.0275,-96.0,172.0
13.0326,7.0,170.0
13.0373,130.0,170.0
13.0424,112.0,170.0
13.0473,-42.0,168.0
13.0524,-199.0,168.0
13.0574,-117.0,170.0
13.0623,172.0,170.0
13.0674,222.0,170.0
13.0725,-63.0,170.0
13.0776,-199.0,170.0
13.0827,-29.0,170.0
13.0873,91.0,168.0
13.0924,51.0,170.0
13.0973,16.0,170.0
13.1023,-19.0,170.0
13.1075,-63.0,168.0
13.1124,-20.0,168.0
13.1173,49.0,166.0
13.1224,31.0,166.0
13.1274,-20.0,164.0
13.1324,-9.0,162.0
13.1372,29.0,164.0
13.1423,-15.0,164.0
13.1474,-73.0,164.0
13.1523,11.0,162.0
13.1573,115.0,164.0
13.1624,25.0,162.0
13.1675,-141.0,164.0
13.1725,-81.0,164.0
13.1776,151.0,164.0
13.1824,134.0,166.0
13.1874,-127.0,168.0
13.1924,-151.0,170.0
13.1979,64.0,170.0
13.2025,113.0,172.0
13.2074,0.0,170.0
13.2124,-34.0,170.0
13.2173,-25.0,168.0
13.2223,-60.0,168.0
13.2274,-2.0,168.0
13.2325,150.0,168.0
13.2374,56.0,168.0
13.2424,-215.0,170.0
13.2474,-101.0,172.0
13.2526,237.0,172.0
13.2575,120.0,174.0
13.2626,-204.0,176.0
13.2673,-103.0,176.0
13.2723,133.0,178.0
13.2774,47.0,178.0
13.2826,-53.0,178.0
13.2874,23.0,176.0
13.2924,-5.0,174.0
13.2973,-82.0,176.0
13.3023,31.0,176.0
13.3074,112.0,176.0
13.3124,-30.0,178.0
13.3174,-111.0,178.0
13.3223,33.0,178.0
13.3281,97.0,180.0
13.3323,-37.0,178.0
13.3373,-84.0,180.0
13.3424,2.0,178.0
13.3474,47.0,178.0
13.3525,75.0,178.0
13.3573,41.0,178.0
13.3624,-122.0,180.0
13.3676,-131.0,182.0
13.3724,84.0,182.0
13.3774,123.0,184.0
13.3823,-26.0,182.0
13.3874,-3.0,182.0
13.3924,55.0,180.0
13.3976,-94.0,180.0
13.4024,-143.0,180.0
13.4074,57.0,178.0
13.4123,149.0,178.0
13.4173,48.0,176.0
13.4237,-14.0,174.0
13.4273,-66.0,174.0
13.4326,-155.0,174.0
13.4375,-27.0,174.0
13.4423,228.0,176.0
13.4474,126.0,178.0
13.4526,-191.0,178.0
13.4575,-149.0,180.0
13.4625,134.0,182.0
13.4675,102.0,182.0
13.4723,-139.0,182.0
13.4773,-28.0,182.0
13.4825,216.0,184.0
13.4876,-10.0,182.0
13.4924,-286.0,184.0
13.4974,-36.0,184.0
13.5023,252.0,186.0
13.5075,114.0,186.0
13.5125,-110.0,188.0
13.5173,-108.0,188.0
13.5224,-24.0,188.0
13.5274,19.0,188.0
13.5323,74.0,188.0
13.5374,28.0,188.0
13.5425,-96.0,186.0
13.5474,24.0,186.0
13.5525,177.0,184.0
13.5573,-89.0,182.0
13.5623,-268.0,182.0
13.5677,68.0,182.0
13.5726,236.0,184.0
13.5773,-7.0,184.0
13.5824,-64.0,184.0
13.5873,13.0,180.0
13.5924,-111.0,180.0
13.5978,-85.0,176.0
13.6024,179.0,178.0
13.6074,138.0,176.0
13.6124,-149.0,176.0
13.6173,-131.0,178.0
13.6223,96.0,176.0
13.6275,101.0,178.0
13.6325,-59.0,176.0
13.6374,-81.0,176.0
13.6423,49.0,176.0
13.6473,76.0,176.0
13.6523,-63.0,178.0
13.6576,-111.0,180.0
13.6624,64.0,180.0
13.6673,193.0,180.0
13.6723,-7.0,180.0
13.6773,-245.0,182.0
13.6828,-74.0,182.0
13.6875,190.0,184.0
13.6923,90.0,182.0
13.6974,-78.0,182.0
13.7023,-13.0,180.0
13.7073,14.0,176.0
13.7124,-73.0,176.0
13.7174,-17.0,174.0
13.7224,91.0,174.0
13.7273,16.0,174.0
13.7324,-67.0,174.0
13.7373,44.0,174.0
13.7425,72.0,174.0
13.7481,-131.0,176.0
13.7523,-124.0,178.0
13.7573,172.0,180.0
13.7623,164.0,182.0
13.7674,-157.0,184.0
13.7725,-151.0,186.0
13.7774,127.0,188.0
13.7823,114.0,190.0
13.7873,-92.0,190.0
13.7923,-82.0,190.0
13.7973,35.0,190.0
13.8025,42.0,190.0
13.8075,24.0,188.0
13.8123,9.0,186.0
13.8174,-66.0,186.0
13.8224,-41.0,184.0
13.8277,114.0,184.0
13.8324,44.0,182.0
13.8374,-177.0,184.0
13.8423,-51.0,182.0
13.8474,196.0,186.0
13.8524,50.0,186.0
13.8578,-127.0,188.0
13.8628,18.0,186.0
13.8673,45.0,188.0
13.8724,-133.0,188.0
13.8775,-50.0,188.0
13.8826,173.0,186.0
13.8875,110.0,186.0
13.8924,-97.0,184.0
13.8976,-116.0,184.0
13.9024,9.0,182.0
13.9074,67.0,180.0
13.9124,3.0,178.0
13.9175,-43.0,178.0
13.9225,27.0,178.0
13.9273,78.0,180.0
13.9323,-42.0,180.0
13.9376,-138.0,180.0
13.9423,28.0,180.0
13.9475,187.0,182.0
13.9534,6.0,182.0
13.9574,-206.0,182.0
13.9626,-46.0,184.0
13.9674,181.0,184.0
13.9724,72.0,186.0
13.9776,-105.0,186.0
13.9824,-74.0,186.0
13.9873,-12.0,186.0
13.9923,44.0,186.0
13.9977,128.0,186.0
14.0024,19.0,186.0
14.0074,-170.0,186.0
14.0124,-80.0,186.0
14.0173,100.0,186.0
14.0224,67.0,186.0
14.0274,14.0,186.0
14.0325,31.0,186.0
14.0374,-50.0,186.0
14.0423,-131.0,184.0
14.0473,-29.0,184.0
14.0526,147.0,184.0
14.0576,146.0,186.0
14.0625,-84.0,188.0
14.0675,-232.0,190.0
14.0723,8.0,188.0
14.0774,287.0,192.0
14.0827,46.0,188.0
14.0874,-300.0,192.0
14.0923,-81.0,190.0
14.0973,234.0,190.0
14.1023,96.0,190.0
14.1075,-116.0,190.0
14.1123,-94.0,190.0
14.1173,28.0,190.0
14.1225,109.0,188.0
14.1272,3.0,188.0
14.1323,-147.0,186.0
14.1374,-5.0,186.0
14.1425,167.0,184.0
14.1473,-9.0,182.0
14.1524,-141.0,182.0
14.1574,49.0,182.0
14.1623,93.0,184.0
14.1674,-81.0,184.0
14.1723,-41.0,184.0
14.1774,66.0,184.0
14.1823,-22.0,182.0
14.1873,-24.0,182.0
14.1923,84.0,182.0
14.1976,-3.0,180.0
14.2025,-106.0,178.0
14.2074,14.0,176.0
14.2124,90.0,174.0
14.2173,-9.0,174.0
14.2226,-48.0,174.0
14.2276,-24.0,174.0
14.2324,-50.0,174.0
14.2373,26.0,172.0
14.2423,161.0,172.0
14.2473,70.0,172.0
14.2524,-140.0,172.0
14.2574,-181.0,172.0
14.2625,-20.0,170.0
14.2674,193.0,172.0
14.2723,186.0,174.0
14.2777,-127.0,174.0
14.2828,-271.0,178.0
14.2874,52.0,178.0
14.2923,282.0,182.0
14.2973,2.0,180.0
14.3023,-268.0,182.0
14.3075,-61.0,180.0
14.3124,250.0,184.0
14.3174,131.0,182.0
14.3223,-202.0,184.0
14.3273,-165.0,184.0
14.3324,132.0,186.0
14.3375,147.0,186.0
14.3428,-77.0,188.0
14.3475,-130.0,188.0
14.3531,41.0,188.0
14.3573,159.0,190.0
14.3623,5.0,190.0
14.3675,-199.0,192.0
14.3725,-54.0,192.0
14.3773,191.0,194.0
14.3823,48.0,194.0
14.3873,-152.0,194.0
14.3923,23.0,192.0
14.3979,142.0,192.0
14.4026,-80.0,190.0
14.4074,-153.0,190.0
14.4123,59.0,190.0
14.4174,117.0,190.0
14.4224,-16.0,188.0
14.4275,-37.0,186.0
14.4324,32.0,186.0
14.4373,-4.0,186.0
14.4423,-70.0,186.0
14.4473,-4.0,186.0
14.4524,56.0,186.0
14.4574,-2.0,186.0
14.4625,-11.0,184.0
14.4673,46.0,184.0
14.4723,4.0,184.0
14.4775,-71.0,182.0
14.4824,-34.0,182.0
14.4874,48.0,180.0
14.4925,56.0,180.0
14.4973,-10.0,178.0
14.5023,-59.0,178.0
14.5073,9.0,178.0
14.5125,68.0,176.0
14.5175,-68.0,176.0
14.5224,-105.0,176.0
14.5274,149.0,176.0
14.5323,157.0,178.0
14.5375,-184.0,178.0
14.5425,-177.0,180.0
14.5475,138.0,182.0
14.5523,96.0,184.0
14.5573,-68.0,184.0
14.5624,87.0,184.0
14.5679,74.0,184.0
14.5725,-248.0,188.0
14.5776,-154.0,188.0
14.5823,239.0,192.0
14.5873,180.0,192.0
14.5924,-80.0,192.0
14.5976,-62.0,190.0
14.6025,-56.0,190.0
14.6075,-124.0,190.0
14.6123,67.0,190.0
14.6174,235.0,192.0
14.6223,-22.0,190.0
14.6275,-231.0,194.0
14.6325,24.0,194.0
14.6374,187.0,194.0
14.6423,-78.0,196.0
14.6474,-161.0,196.0
14.6524,125.0,196.0
14.6574,150.0,196.0
14.6625,-118.0,198.0
14.6674,-126.0,200.0
14.6723,71.0,200.0
14.6773,69.0,200.0
14.6825,-41.0,198.0
14.6875,-2.0,198.0
14.6923,60.0,198.0
14.6974,-14.0,196.0
14.7023,-99.0,196.0
14.7073,-49.0,192.0
14.7125,108.0,194.0
14.7175,169.0,192.0
14.7225,-61.0,192.0
14.7274,-277.0,192.0
14.7324,-13.0,192.0
14.7375,300.0,192.0
14.7424,39.0,192.0
14.748,-249.0,194.0
14.7527,18.0,192.0
14.7574,221.0,196.0
14.7628,-89.0,194.0
14.7679,-260.0,198.0
14.7725,92.0,198.0
14.7775,306.0,202.0
14.7833,-30.0,200.0
14.7876,-284.0,204.0
14.793,-24.0,202.0
14.7985,203.0,206.0
14.8032,22.0,204.0
14.8077,-131.0,206.0
14.8124,-3.0,204.0
14.8175,92.0,204.0
14.8228,31.0,204.0
14.8281,-65.0,206.0
14.8323,-124.0,206.0
14.8373,43.0,206.0
14.8426,278.0,210.0
14.8474,-5.0,210.0
14.8527,-432.0,214.0
14.8574,-96.0,216.0
14.8632,443.0,222.0
14.8675,205.0,226.0
14.8725,-258.0,228.0
14.8782,-168.0,230.0
14.8832,46.0,228.0
14.8878,-16.0,228.0
14.8926,15.0,226.0
14.8975,152.0,226.0
14.9025,20.0,226.0
14.9076,-127.0,224.0
14.9127,-3.0,222.0
14.9174,38.0,220.0
14.9223,-70.0,218.0
14.9274,-6.0,216.0
14.9324,107.0,214.0
14.9377,38.0,214.0
14.9428,-67.0,212.0
14.9478,-66.0,212.0
14.9528,-31.0,208.0
14.9575,-3.0,206.0
14.9626,99.0,204.0
14.9682,181.0,204.0
14.9728,-23.0,202.0
14.9783,-301.0,206.0
14.9825,-152.0,206.0
14.9875,210.0,208.0
14.9927,215.0,210.0
14.9982,-4.0,208.0
15.0028,-62.0,208.0
15.0077,-75.0,206.0
15.0125,-138.0,208.0
15.0173,-43.0,206.0
15.0225,145.0,208.0
15.0274,186.0,208.0
15.0323,55.0,208.0
15.0375,-163.0,208.0
15.0424,-239.0,212.0
15.0474,0.0,208.0
15.0529,235.0,212.0
15.0578,122.0,212.0
15.063,-100.0,212.0
15.0678,-118.0,214.0
15.0725,-23.0,214.0
15.0775,49.0,214.0
15.0834,97.0,216.0
15.0875,29.0,216.0
15.0927,-130.0,216.0
15.0975,-104.0,218.0
15.1023,94.0,220.0
15.1077,128.0,220.0
15.1129,-2.0,220.0
15.1178,-64.0,220.0
15.1227,-54.0,222.0
15.1274,-33.0,220.0
15.1326,34.0,220.0
15.1375,74.0,222.0
15.1428,-1.0,220.0
15.1478,-35.0,220.0
15.1525,11.0,220.0
15.1575,-16.0,220.0
15.1627,-16.0,218.0
15.1677,34.0,216.0
15.173,-45.0,214.0
15.1773,-47.0,212.0
15.1826,125.0,212.0
15.1874,77.0,210.0
15.1933,-130.0,210.0
15.1984,-85.0,212.0
15.2028,45.0,210.0
15.2076,43.0,210.0
15.2124,54.0,208.0
15.2176,-4.0,204.0
15.2228,-126.0,202.0
15.2274,29.0,200.0
15.2328,185.0,202.0
15.2375,-83.0,202.0
15.2424,-209.0,204.0
15.2475,102.0,204.0
15.2528,133.0,206.0
15.2579,-102.0,204.0
15.2634,32.0,204.0
15.2675,123.0,202.0
15.2726,-172.0,204.0
15.2776,-142.0,204.0
15.2831,201.0,206.0
15.2877,113.0,204.0
15.2923,-146.0,206.0
15.2975,-39.0,204.0
15.3025,92.0,202.0
15.3076,-27.0,202.0
15.3131,-88.0,202.0
15.3178,36.0,202.0
15.3228,116.0,202.0
15.3274,24.0,202.0
15.3325,-120.0,204.0
15.3378,-108.0,206.0
15.3431,63.0,204.0
15.3474,117.0,206.0
15.3523,4.0,204.0
15.3575,-3.0,202.0
15.3626,0.0,200.0
15.3685,-163.0,198.0
15.3745,-85.0,200.0
15.3775,272.0,200.0
15.3825,184.0,202.0
15.3879,-256.0,202.0
15.3927,-217.0,204.0
15.3983,109.0,204.0
15.4032,125.0,204.0
15.4079,73.0,200.0
15.4127,67.0,200.0
15.4175,-141.0,198.0
15.4227,-215.0,200.0
15.4278,62.0,198.0
15.4328,173.0,200.0
15.4375,13.0,196.0
15.4423,20.0,196.0
15.4474,52.0,196.0
15.4527,-167.0,198.0
15.4579,-193.0,200.0
15.4628,149.0,202.0
15.4675,233.0,204.0
15.4725,-49.0,202.0
15.4778,-134.0,204.0
15.4828,8.0,200.0
15.488,33.0,200.0
15.4923,-22.0,194.0
15.4975,-27.0,192.0
15.5025,-27.0,186.0
15.5076,43.0,184.0
15.5129,156.0,182.0
15.5179,30.0,180.0
15.5228,-230.0,182.0
15.5275,-159.0,186.0
15.5325,162.0,188.0
15.5378,215.0,188.0
15.5428,-27.0,188.0
15.5482,-148.0,188.0
15.5525,-54.0,190.0
15.5579,37.0,190.0
15.5623,46.0,190.0
15.5679,14.0,190.0
15.5728,-3.0,188.0
15.5778,19.0,188.0
15.5824,-7.0,186.0
15.5876,-68.0,186.0
15.5927,-6.0,186.0
15.5981,64.0,188.0
15.6028,-16.0,186.0
15.6075,-41.0,184.0
15.6124,65.0,184.0
15.6176,41.0,180.0
15.6227,-67.0,178.0
15.6283,-22.0,176.0
15.6324,20.0,172.0
15.6374,-54.0,174.0
15.6424,0.0,172.0
15.6476,137.0,174.0
15.6528,46.0,172.0
15.6573,-147.0,174.0
15.663,-89.0,174.0
15.6675,111.0,172.0
15.6722,64.0,172.0
15.6775,-123.0,172.0
15.6829,-19.0,168.0
15.6878,170.0,170.0
15.6926,24.0,168.0
15.6983,-141.0,168.0
15.7026,-47.0,166.0
15.7075,7.0,166.0
15.7129,19.0,164.0
15.7176,116.0,166.0
15.7226,25.0,164.0
15.7275,-137.0,166.0
15.7325,9.0,164.0
15.7378,117.0,164.0
15.7429,-131.0,166.0
15.7484,-167.0,166.0
15.7523,214.0,170.0
15.7573,272.0,172.0
15.7627,-158.0,174.0
15.7676,-304.0,178.0
15.7725,31.0,178.0
15.7774,199.0,180.0
15.7823,34.0,180.0
15.7873,-48.0,182.0
15.7926,-32.0,182.0
15.7973,-21.0,182.0
15.8025,71.0,182.0
15.8074,50.0,182.0
15.8123,-150.0,184.0
15.8173,-158.0,186.0
15.8223,98.0,186.0
15.8273,253.0,188.0
15.8325,103.0,188.0
15.8375,-148.0,188.0
15.8423,-234.0,192.0
15.8473,-94.0,192.0
15.8523,140.0,194.0
15.8574,220.0,198.0
15.8625,62.0,196.0
15.8674,-122.0,198.0
15.8725,-164.0,198.0
15.8773,-61.0,198.0
15.8824,103.0,196.0
15.8873,163.0,196.0
15.8923,26.0,194.0
15.8974,-133.0,196.0
15.9023,-110.0,196.0
15.908,37.0,196.0
15.9128,111.0,194.0
15.9174,22.0,192.0
15.9223,-72.0,190.0
15.9273,0.0,188.0
15.9322,61.0,188.0
15.9374,-55.0,188.0
15.9425,-94.0,188.0
15.9474,64.0,188.0
15.9523,122.0,188.0
15.9573,-25.0,188.0
15.9624,-93.0,188.0
15.9674,6.0,188.0
15.9724,28.0,186.0
15.9773,-32.0,186.0
15.9823,8.0,184.0
15.9873,44.0,184.0
15.9925,-9.0,184.0
15.9975,4.0,184.0
16.0024,31.0,184.0
16.0073,-49.0,182.0
16.0123,-82.0,182.0
16.0172,4.0,178.0
16.0223,82.0,176.0
16.0273,104.0,174.0
16.0324,5.0,170.0
16.0374,-183.0,172.0
16.0423,-105.0,172.0
16.0473,189.0,174.0
16.0523,121.0,174.0
16.0575,-163.0,174.0
16.0624,-59.0,172.0
16.0674,154.0,174.0
16.0723,11.0,170.0
16.0774,-147.0,172.0
16.0826,-33.0,174.0
16.0874,85.0,174.0
16.0924,88.0,172.0
16.0973,51.0,170.0
16.1023,-95.0,170.0
16.1086,-188.0,168.0
16.1128,9.0,168.0
16.1176,202.0,170.0
16.1224,121.0,170.0
16.1273,-56.0,172.0
16.1324,-200.0,174.0
16.1376,-133.0,176.0
16.1424,187.0,178.0
16.1474,222.0,180.0
16.1524,-138.0,180.0
16.1573,-184.0,182.0
16.1623,129.0,182.0
16.1674,89.0,180.0
16.1726,-173.0,180.0
16.1773,-9.0,178.0
16.1823,226.0,180.0
16.1873,-11.0,178.0
16.1924,-230.0,180.0
16.1975,-35.0,180.0
16.2025,159.0,182.0
16.2079,124.0,184.0
16.2123,-31.0,184.0
16.2173,-203.0,188.0
16.2223,-106.0,190.0
16.2273,209.0,192.0
16.2324,192.0,194.0
16.2374,-116.0,196.0
16.2423,-164.0,198.0
16.2473,-8.0,198.0
16.2525,26.0,196.0
16.2574,50.0,196.0
16.2625,115.0,198.0
16.2673,4.0,198.0
16.2725,-153.0,200.0
16.2777,-48.0,200.0
16.2827,111.0,200.0
16.2875,19.0,198.0
16.2923,-88.0,200.0
16.2973,25.0,198.0
16.3023,119.0,198.0
16.3073,-17.0,196.0
16.3136,-160.0,198.0
16.3173,-43.0,196.0
16.3224,161.0,200.0
16.3273,98.0,198.0
16.3323,-129.0,200.0
16.3376,-102.0,200.0
16.3425,116.0,200.0
16.3475,76.0,202.0
16.3524,-151.0,204.0
16.3573,-80.0,202.0
16.3626,180.0,206.0
16.3675,119.0,204.0
16.3725,-114.0,206.0
16.3775,-112.0,206.0
16.3824,-24.0,204.0
16.3875,13.0,202.0
16.3926,100.0,200.0
16.3975,90.0,198.0
16.4025,-60.0,196.0
16.4074,-90.0,192.0
16.4122,4.0,192.0
16.4173,19.0,190.0
16.4224,-7.0,190.0
16.4274,-4.0,188.0
16.4323,12.0,188.0
16.4373,93.0,190.0
16.4423,62.0,190.0
16.4474,-185.0,192.0
16.4524,-187.0,192.0
16.4574,156.0,192.0
16.4625,239.0,194.0
16.4675,-42.0,190.0
16.4723,-190.0,192.0
16.4774,-20.0,190.0
16.4826,160.0,188.0
16.4874,18.0,188.0
16.4924,-187.0,188.0
16.4973,-42.0,186.0
16.5023,134.0,186.0
16.5073,85.0,186.0
16.5123,70.0,184.0
16.5173,-29.0,184.0
16.5224,-264.0,186.0
16.5273,-140.0,186.0
16.5323,248.0,190.0
16.5373,260.0,192.0
16.5424,-47.0,190.0
16.5474,-199.0,194.0
16.5524,-131.0,194.0
16.5573,31.0,194.0
16.5623,142.0,194.0
16.5675,61.0,196.0
16.5724,-31.0,196.0
16.5774,-12.0,194.0
16.5823,-47.0,194.0
16.5873,-72.0,194.0
16.5923,-12.0,192.0
16.5974,54.0,192.0
16.6024,179.0,194.0
16.6073,98.0,196.0
16.6123,-312.0,200.0
16.6176,-296.0,204.0
16.6225,296.0,208.0
16.6275,395.0,214.0
16.6324,-171.0,216.0
16.6373,-323.0,222.0
16.6423,76.0,222.0
16.6473,139.0,224.0
16.6524,-94.0,224.0
16.6574,39.0,224.0
16.6624,195.0,226.0
16.6673,-139.0,226.0
16.6723,-299.0,232.0
16.6773,139.0,230.0
16.6825,329.0,234.0
16.6874,-73.0,232.0
16.6924,-259.0,234.0
16.6973,8.0,232.0
16.7024,152.0,234.0
16.7074,22.0,232.0
16.7124,-99.0,232.0
16.7181,-25.0,232.0
16.7224,129.0,232.0
16.7273,15.0,232.0
16.7324,-184.0,232.0
16.7373,7.0,232.0
16.7424,184.0,234.0
16.7474,-60.0,232.0
16.7524,-115.0,234.0
16.7573,149.0,232.0
16.7623,57.0,232.0
16.7674,-208.0,234.0
16.7724,-65.0,232.0
16.7773,137.0,232.0
16.7823,86.0,230.0
16.7873,58.0,228.0
16.7923,-37.0,226.0
16.7979,-234.0,226.0
16.8025,-80.0,226.0
16.8074,254.0,228.0
16.8124,185.0,228.0
16.8174,-116.0,230.0
16.8224,-198.0,230.0
16.8277,-65.0,230.0
16.8324,113.0,230.0
16.8374,163.0,232.0
16.8423,-5.0,228.0
16.8475,-127.0,228.0
16.8526,-36.0,228.0
16.8574,17.0,226.0
16.8623,0.0,224.0
16.8673,52.0,222.0
16.8724,40.0,220.0
16.8773,-37.0,218.0
16.8825,-16.0,216.0
16.8874,-2.0,216.0
16.8927,-41.0,216.0
16.8973,-7.0,216.0
16.9022,63.0,214.0
16.9073,71.0,216.0
16.9124,-30.0,214.0
16.9175,-139.0,216.0
16.9233,-28.0,214.0
16.9279,162.0,216.0
16.9324,63.0,216.0
16.9375,-134.0,218.0
16.9425,-48.0,216.0
16.9474,97.0,218.0
16.9523,12.0,216.0
16.9573,-78.0,216.0
16.9622,3.0,214.0
16.9675,60.0,212.0
16.9723,-6.0,210.0
16.9774,-32.0,210.0
16.9823,6.0,208.0
16.9873,-8.0,206.0
16.9923,15.0,204.0
16.9978,73.0,204.0
17.0025,-49.0,202.0
17.0073,-138.0,202.0
17.0123,43.0,202.0
17.0173,140.0,202.0
17.0223,1.0,202.0
17.0273,-66.0,202.0
17.0323,-9.0,202.0
17.0373,4.0,200.0
17.0423,-35.0,200.0
17.0473,-40.0,198.0
17.0525,50.0,200.0
17.0575,126.0,202.0
17.0623,18.0,202.0
17.0673,-147.0,204.0
17.0723,-106.0,206.0
17.0773,69.0,204.0
17.0825,136.0,206.0
17.0874,43.0,204.0
17.0924,-100.0,202.0
17.0973,-133.0,202.0
17.1022,29.0,198.0
17.1073,188.0,200.0
17.1124,54.0,198.0
17.1174,-182.0,202.0
17.1223,-116.0,200.0
17.1282,87.0,202.0
17.1323,93.0,200.0
17.1374,43.0,200.0
17.1424,23.0,198.0
17.1474,-94.0,198.0
17.1524,-143.0,200.0
17.1573,24.0,200.0
17.1623,172.0,198.0
17.1674,93.0,198.0
17.1723,-91.0,196.0
17.1774,-168.0,194.0
17.1823,-51.0,194.0
17.1873,157.0,194.0
17.1925,173.0,194.0
17.1975,-81.0,194.0
17.2025,-188.0,196.0
17.2074,1.0,194.0
17.2122,87.0,196.0
17.2173,31.0,196.0
17.2226,45.0,196.0
17.2273,-1.0,194.0
17.2324,-122.0,196.0
17.2377,-89.0,196.0
17.2424,113.0,196.0
17.2474,208.0,198.0
17.2527,-32.0,192.0
17.2575,-272.0,192.0
17.2624,-54.0,188.0
17.2673,230.0,186.0
17.2723,81.0,184.0
17.2776,-133.0,182.0
17.2827,-63.0,182.0
17.2875,70.0,180.0
17.2923,68.0,180.0
17.2973,-74.0,180.0
17.3023,-119.0,180.0
17.3073,113.0,180.0
17.3125,183.0,178.0
17.3174,-142.0,178.0
17.3224,-208.0,176.0
17.3273,140.0,176.0
17.3324,155.0,174.0
17.3377,-127.0,176.0
17.3425,-38.0,174.0
17.3474,129.0,176.0
17.3523,-58.0,176.0
17.3573,-132.0,178.0
17.3622,65.0,176.0
17.3674,89.0,178.0
17.3725,-3.0,174.0
17.3775,23.0,176.0
17.3823,-38.0,172.0
17.3873,-179.0,174.0
17.3922,14.0,174.0
17.3976,309.0,176.0
17.4024,28.0,176.0
17.4075,-364.0,178.0
17.4123,-46.0,178.0
17.4173,328.0,180.0
17.4225,40.0,180.0
17.4275,-228.0,182.0
17.4324,-17.0,182.0
17.4373,120.0,180.0
17.4432,-15.0,180.0
17.4475,-65.0,176.0
17.4524,28.0,174.0
17.4574,67.0,172.0
17.4623,18.0,170.0
17.4673,-57.0,170.0
17.4723,-124.0,170.0
17.4775,-16.0,168.0
17.4827,230.0,172.0
17.4875,111.0,172.0
17.4924,-278.0,174.0
17.4973,-159.0,178.0
17.5023,249.0,182.0
17.5074,128.0,182.0
17.5132,-167.0,184.0
17.5173,-37.0,184.0
17.5223,81.0,186.0
17.5273,-57.0,186.0
17.5322,-35.0,186.0
17.5376,98.0,188.0
17.5424,46.0,188.0
17.5475,-72.0,188.0
17.5523,-91.0,188.0
17.5573,-14.0,186.0
17.5625,98.0,188.0
17.5676,137.0,186.0
17.5725,-21.0,186.0
17.5774,-229.0,188.0
17.5823,-90.0,188.0
17.5873,231.0,190.0
17.5926,142.0,192.0
17.598,-137.0,194.0
17.6024,-92.0,194.0
17.6073,8.0,194.0
17.6123,-18.0,194.0
17.6172,68.0,194.0
17.6225,94.0,196.0
17.6273,-56.0,196.0
17.6324,-56.0,198.0
17.6373,23.0,196.0
17.6423,-60.0,196.0
17.6473,-42.0,196.0
17.6522,133.0,196.0
17.6574,78.0,196.0
17.6624,-91.0,198.0
17.6673,-46.0,196.0
17.6723,-4.0,196.0
17.6773,-45.0,198.0
17.6825,46.0,198.0
17.6874,112.0,198.0
17.6924,-15.0,198.0
17.6974,-113.0,198.0
17.7023,-27.0,198.0
17.7073,98.0,198.0
17.7124,51.0,196.0
17.7175,-104.0,198.0
17.7223,-82.0,196.0
17.7273,112.0,198.0
17.7323,119.0,198.0
17.7376,-84.0,196.0
17.7425,-124.0,198.0
17.7473,25.0,196.0
17.7523,82.0,196.0
17.7573,17.0,194.0
17.7623,-29.0,192.0
17.7674,0.0,190.0
17.7723,8.0,190.0
17.7774,-66.0,190.0
17.7823,-30.0,190.0
17.7873,135.0,190.0
17.7922,78.0,190.0
17.7974,-175.0,192.0
17.8024,-127.0,192.0
17.8073,166.0,192.0
17.8123,163.0,194.0
17.8173,-94.0,192.0
17.8223,-166.0,194.0
17.8274,-21.0,192.0
17.8325,115.0,192.0
17.8374,125.0,192.0
17.8423,-24.0,190.0
17.8473,-176.0,192.0
17.8524,-71.0,192.0
17.8573,160.0,194.0
17.8624,151.0,196.0
17.8673,-71.0,196.0
17.8735,-184.0,198.0
17.8773,-87.0,198.0
17.8823,112.0,198.0
17.8875,246.0,198.0
17.8923,62.0,198.0
17.8973,-291.0,198.0
17.9023,-216.0,202.0
17.9074,197.0,200.0
17.9125,222.0,204.0
17.9175,-59.0,202.0
17.9224,-98.0,202.0
17.9273,-36.0,202.0
17.9323,-46.0,202.0
17.9373,80.0,202.0
17.9424,148.0,202.0
17.9473,-73.0,202.0
17.9523,-197.0,202.0
17.9572,12.0,200.0
17.9623,191.0,200.0
17.9673,76.0,198.0
17.9726,-146.0,198.0
17.9774,-145.0,198.0
17.9823,100.0,200.0
17.9873,164.0,200.0
17.9924,-60.0,200.0
17.9978,-122.0,200.0
18.0024,9.0,200.0
18.0074,22.0,198.0
18.0123,33.0,198.0
18.0172,87.0,200.0
18.0224,-42.0,200.0
18.028,-134.0,198.0
18.0325,28.0,200.0
18.0373,99.0,196.0
18.0423,-11.0,196.0
18.0474,-26.0,190.0
18.0523,-16.0,190.0
18.0573,-56.0,186.0
18.0624,57.0,186.0
18.0673,138.0,184.0
18.0723,-67.0,186.0
18.0774,-177.0,186.0
18.0825,15.0,186.0
18.0875,119.0,186.0
18.0924,42.0,188.0
18.0974,24.0,186.0
18.1023,-28.0,186.0
18.1075,-159.0,188.0
18.1124,-61.0,188.0
18.1175,198.0,190.0
18.1223,156.0,188.0
18.1273,-136.0,190.0
18.1324,-195.0,188.0
18.1375,26.0,186.0
18.1424,173.0,184.0
18.1476,62.0,184.0
18.1523,-125.0,184.0
18.1573,-77.0,184.0
18.1626,88.0,184.0
18.1675,13.0,184.0
18.1725,-84.0,184.0
18.1774,77.0,184.0
18.1823,98.0,184.0
18.1872,-119.0,186.0
18.1923,-96.0,186.0
18.1975,81.0,186.0
18.2023,55.0,186.0
18.2074,2.0,184.0
18.2123,4.0,184.0
18.2173,-78.0,180.0
18.2223,-50.0,180.0
18.2274,107.0,178.0
18.2323,82.0,178.0
18.2375,-102.0,176.0
18.2423,-116.0,178.0
18.2473,104.0,178.0
18.2527,149.0,180.0
18.2573,-128.0,182.0
18.2623,-156.0,182.0
18.2673,145.0,184.0
18.2723,118.0,186.0
18.2776,-131.0,186.0
18.2826,-40.0,186.0
18.2873,102.0,188.0
18.2923,-33.0,186.0
18.2973,-89.0,186.0
18.3022,51.0,186.0
18.3073,85.0,186.0
18.3125,-2.0,186.0
18.3174,-51.0,186.0
18.3224,-45.0,186.0
18.3273,-19.0,184.0
18.3323,5.0,184.0
18.3373,71.0,184.0
18.3424,113.0,186.0
18.3473,-63.0,184.0
18.3523,-196.0,186.0
18.3572,28.0,186.0
18.3623,164.0,186.0
18.3675,-37.0,186.0
18.3725,-58.0,184.0
18.3775,102.0,186.0
18.3823,-17.0,184.0
18.3873,-144.0,186.0
18.3922,23.0,184.0
18.3978,98.0,186.0
18.4025,-10.0,186.0
18.4074,-3.0,186.0
18.4123,16.0,186.0
18.4173,-50.0,186.0
18.4223,-11.0,184.0
18.4275,40.0,184.0
18.4324,-42.0,182.0
18.4373,-15.0,180.0
18.4423,119.0,180.0
18.4473,3.0,178.0
18.4526,-152.0,178.0
18.4575,22.0,176.0
18.4623,120.0,176.0
18.4673,-79.0,176.0
18.4722,-66.0,176.0
18.478,134.0,176.0
18.4824,33.0,176.0
18.4875,-142.0,176.0
18.4923,-14.0,174.0
18.4973,90.0,174.0
18.5022,-9.0,172.0
18.5073,-6.0,170.0
18.5127,30.0,168.0
18.5176,-48.0,168.0
18.5223,-14.0,166.0
18.5274,58.0,162.0
18.5324,-26.0,162.0
18.5374,-62.0,158.0
18.5425,20.0,156.0
18.5474,67.0,154.0
18.5523,79.0,152.0
18.5572,-23.0,150.0
18.5624,-208.0,152.0
18.5673,-85.0,154.0
18.5725,254.0,156.0
18.5775,181.0,158.0
18.5823,-174.0,158.0
18.5873,-159.0,160.0
18.5922,45.0,158.0
18.5974,24.0,158.0
18.6025,11.0,154.0
18.6075,89.0,156.0
18.6123,30.0,154.0
18.6173,-73.0,152.0
18.6223,-76.0,152.0
18.6273,-29.0,150.0
18.6324,52.0,150.0
18.6374,101.0,150.0
18.6422,4.0,150.0
18.6473,-101.0,150.0
18.6523,-27.0,150.0
18.6574,68.0,150.0
18.6635,8.0,150.0
18.6673,-38.0,148.0
18.6722,18.0,148.0
18.6772,27.0,146.0
18.6825,-17.0,146.0
18.6874,-28.0,146.0
18.6925,-21.0,146.0
18.6972,12.0,146.0
18.7022,67.0,146.0
18.7073,39.0,144.0
18.7124,-83.0,146.0
18.7175,-95.0,144.0
18.7225,71.0,144.0
18.7273,124.0,144.0
18.7323,-60.0,144.0
18.7377,-151.0,146.0
18.7423,45.0,148.0
18.7474,197.0,148.0
18.7523,24.0,148.0
18.7574,-207.0,148.0
18.7624,-148.0,148.0
18.7682,112.0,146.0
18.7723,205.0,148.0
18.7773,9.0,146.0
18.7824,-112.0,146.0
18.7873,-13.0,146.0
18.7924,-29.0,144.0
18.7978,-94.0,144.0
18.8024,73.0,144.0
18.8081,157.0,146.0
18.8123,-44.0,146.0
18.8172,-80.0,146.0
18.8225,65.0,144.0
18.8274,-59.0,144.0
18.8325,-156.0,144.0
18.8374,146.0,146.0
18.8423,209.0,148.0
18.8473,-150.0,150.0
18.8526,-143.0,152.0
18.8574,117.0,154.0
18.8625,-1.0,152.0
18.8673,-89.0,152.0
18.8723,128.0,152.0
18.878,68.0,152.0
18.8824,-191.0,154.0
18.8873,-54.0,152.0
18.8923,212.0,154.0
18.8973,70.0,152.0
18.9024,-207.0,154.0
18.9073,-95.0,152.0
18.9127,184.0,154.0
18.9174,64.0,152.0
18.9223,-194.0,156.0
18.9273,-3.0,154.0
18.9323,264.0,158.0
18.9373,20.0,156.0
18.9424,-302.0,160.0
18.9473,-116.0,160.0
18.9523,205.0,164.0
18.9573,159.0,166.0
18.9623,-30.0,166.0
18.9674,-70.0,166.0
18.9728,-65.0,168.0
18.9773,-59.0,166.0
18.9823,29.0,166.0
18.9872,96.0,166.0
18.9923,45.0,164.0
18.9975,-41.0,164.0
19.0024,-75.0,162.0
19.0075,-16.0,162.0
19.0122,86.0,162.0
19.0172,44.0,162.0
19.0223,-110.0,164.0
19.0277,-70.0,162.0
19.0325,99.0,164.0
19.0373,88.0,164.0
19.0423,-35.0,164.0
19.0473,-77.0,164.0
19.0524,-16.0,164.0
19.0575,56.0,164.0
19.0625,18.0,164.0
19.0673,-64.0,166.0
19.0734,-19.0,164.0
19.0773,90.0,166.0
19.0825,61.0,166.0
19.0875,-88.0,166.0
19.0923,-105.0,166.0
19.0973,42.0,166.0
19.1022,76.0,166.0
19.1072,3.0,164.0
19.1127,30.0,164.0
19.1172,9.0,162.0
19.1223,-127.0,164.0
19.1272,-69.0,162.0
19.1324,122.0,164.0
19.1377,87.0,164.0
19.1425,-46.0,164.0
19.1473,-22.0,164.0
19.1523,5.0,164.0
19.1574,-33.0,164.0
19.1624,-15.0,164.0
19.1673,-6.0,162.0
19.1723,-5.0,162.0
19.1776,66.0,162.0
19.1823,75.0,164.0
19.1873,-26.0,162.0
19.1923,-92.0,164.0
19.1977,-77.0,164.0
19.2024,6.0,160.0
19.2073,109.0,162.0
19.2123,77.0,158.0
19.2173,-31.0,156.0
19.2223,-71.0,154.0
19.2275,-54.0,152.0
19.2324,26.0,152.0
19.2375,58.0,154.0
19.2423,-28.0,154.0
19.2475,17.0,152.0
19.2523,85.0,154.0
19.2575,-108.0,154.0
19.2624,-156.0,154.0
19.2673,125.0,156.0
19.2724,179.0,158.0
19.2775,-35.0,158.0
19.2829,-95.0,158.0
19.2875,-77.0,158.0
19.2923,-69.0,158.0
19.2973,94.0,160.0
19.3023,182.0,162.0
19.3073,-7.0,162.0
19.3125,-133.0,164.0
19.3174,-88.0,164.0
19.3224,-24.0,164.0
19.3273,110.0,166.0
19.3323,141.0,168.0
19.3376,-77.0,168.0
19.3423,-149.0,170.0
19.3474,54.0,170.0
19.3524,94.0,170.0
19.3573,-62.0,170.0
19.3623,-27.0,170.0
19.3673,83.0,168.0
19.3724,-20.0,168.0
19.3775,-96.0,168.0
19.3831,23.0,166.0
19.3872,83.0,164.0
19.3922,9.0,164.0
19.3976,-59.0,162.0
19.4024,-52.0,160.0
19.4073,69.0,160.0
19.4123,111.0,158.0
19.4173,-106.0,160.0
19.4223,-188.0,162.0
19.4274,107.0,162.0
19.4323,223.0,166.0
19.4373,-77.0,166.0
19.4423,-170.0,168.0
19.4472,74.0,166.0
19.4524,80.0,166.0
19.4575,-95.0,166.0
19.4624,-30.0,166.0
19.4675,63.0,166.0
19.4723,21.0,164.0
19.4772,49.0,162.0
19.4824,4.0,160.0
19.4873,-167.0,160.0
19.4923,-62.0,158.0
19.4973,199.0,160.0
19.5023,92.0,162.0
19.5075,-148.0,162.0
19.5124,-58.0,160.0
19.5174,91.0,162.0
19.5223,7.0,158.0
19.5273,-94.0,158.0
19.5322,8.0,156.0
19.5376,152.0,158.0
19.5423,7.0,154.0
19.5474,-202.0,156.0
19.5523,-49.0,154.0
19.5573,184.0,156.0
19.5623,114.0,154.0
19.5675,-88.0,156.0
19.5725,-162.0,154.0
19.5775,-25.0,154.0
19.5823,141.0,152.0
19.5873,77.0,150.0
19.5922,-78.0,148.0
19.5976,-42.0,148.0
19.6024,45.0,148.0
19.6073,-22.0,146.0
19.6123,-56.0,146.0
19.6173,52.0,146.0
19.6223,59.0,146.0
19.6273,-42.0,146.0
19.6323,-22.0,146.0
19.6373,30.0,146.0
19.6422,-11.0,144.0
19.6473,-20.0,144.0
19.6527,-3.0,144.0
19.6573,-14.0,142.0
19.6624,27.0,142.0
19.6673,42.0,140.0
19.6723,-14.0,140.0
19.6774,0.0,138.0
19.6824,2.0,138.0
19.6879,-89.0,138.0
19.6923,-42.0,138.0
19.6973,142.0,140.0
19.7022,106.0,140.0
19.7073,-113.0,142.0
19.7125,-140.0,144.0
19.7175,33.0,142.0
19.7223,141.0,144.0
19.7272,45.0,144.0
19.7323,-141.0,144.0
19.7372,-82.0,144.0
19.7423,145.0,146.0
19.7474,61.0,146.0
19.7524,-145.0,148.0
19.7572,12.0,148.0
19.7623,133.0,148.0
19.7673,-121.0,150.0
19.7723,-114.0,150.0
19.7775,239.0,152.0
19.7823,110.0,152.0
19.7873,-323.0,158.0
19.7923,-138.0,160.0
19.7977,323.0,164.0
19.8025,167.0,166.0
19.8073,-222.0,170.0
19.8123,-132.0,172.0
19.8173,53.0,172.0
19.8222,3.0,170.0
19.8275,106.0,172.0
19.8325,165.0,172.0
19.8374,-176.0,174.0
19.8423,-281.0,178.0
19.8474,138.0,178.0
19.8524,273.0,182.0
19.8573,-57.0,182.0
19.8624,-153.0,184.0
19.8672,19.0,184.0
19.8744,1.0,182.0
19.8773,-47.0,182.0
19.8825,106.0,184.0
19.8874,114.0,186.0
19.8924,-133.0,186.0
19.8976,-197.0,188.0
19.9022,87.0,186.0
19.9074,275.0,188.0
19.9129,-6.0,186.0
19.9175,-309.0,190.0
19.9223,-56.0,190.0
19.9273,270.0,192.0
19.9323,59.0,192.0
19.9373,-173.0,194.0
19.9424,-9.0,192.0
19.9474,66.0,192.0
19.9525,-43.0,190.0
19.9572,10.0,190.0
19.9623,74.0,190.0
19.9673,-40.0,190.0
19.9724,-88.0,188.0
19.9774,28.0,188.0
19.9824,78.0,186.0
19.9873,0.0,186.0
19.9923,-41.0,184.0
19.9975,-16.0,184.0
20.0024,19.0,184.0
20.0074,18.0,182.0
20.0123,-60.0,184.0
20.0173,-38.0,182.0
20.0224,135.0,184.0
20.0274,74.0,184.0
20.0325,-176.0,186.0
20.0373,-93.0,188.0
20.0423,180.0,190.0
20.0473,86.0,190.0
20.0523,-190.0,190.0
20.0574,-82.0,190.0
20.0623,210.0,190.0
20.0673,99.0,190.0
20.0723,-179.0,190.0
20.0773,-110.0,190.0
20.0824,65.0,188.0
20.0874,71.0,188.0
20.0924,79.0,188.0
20.0973,9.0,188.0
20.1024,-176.0,190.0
20.1073,-78.0,190.0
20.1128,199.0,192.0
20.1173,103.0,194.0
20.1223,-174.0,196.0
20.1273,-100.0,196.0
20.1323,134.0,196.0
20.1373,83.0,194.0
20.1424,-99.0,194.0
20.1473,-64.0,194.0
20.1523,72.0,194.0
20.1573,59.0,192.0
20.1623,-31.0,194.0
20.1673,-62.0,192.0
20.1724,-28.0,194.0
20.1773,55.0,192.0
20.1822,75.0,192.0
20.1873,-45.0,190.0
20.1923,-87.0,190.0
20.1981,50.0,188.0
20.2023,65.0,188.0
20.2073,-56.0,188.0
20.2122,-26.0,186.0
20.2173,51.0,186.0
20.2222,3.0,184.0
20.2272,-41.0,184.0
20.2323,-17.0,182.0
20.2373,26.0,182.0
20.2422,46.0,182.0
20.2472,-6.0,182.0
20.2523,-48.0,182.0
20.2573,2.0,180.0
20.2624,20.0,180.0
20.2673,-41.0,180.0
20.2725,2.0,180.0
20.2773,103.0,180.0
20.2828,1.0,180.0
20.2877,-134.0,182.0
20.2927,-21.0,182.0
20.2974,109.0,184.0
20.3026,43.0,184.0
20.3073,-41.0,184.0
20.313,-51.0,186.0
20.318,-38.0,186.0
20.3226,21.0,186.0
20.3274,78.0,186.0
20.3324,46.0,186.0
20.3378,-38.0,184.0
20.3427,-94.0,184.0
20.348,-25.0,182.0
20.3527,82.0,182.0
20.3574,28.0,182.0
20.3624,-56.0,180.0
20.3678,8.0,180.0
20.3729,71.0,178.0
20.3777,10.0,178.0
20.3828,-94.0,176.0
20.3874,-93.0,178.0
20.3925,48.0,176.0
20.398,138.0,178.0
20.4024,56.0,176.0
20.4077,-67.0,176.0
20.4124,-114.0,176.0
20.4174,-65.0,172.0
20.4228,48.0,172.0
20.4281,139.0,170.0
20.4332,85.0,168.0
20.4376,-117.0,166.0
20.4425,-159.0,164.0
20.4477,91.0,162.0
20.4528,142.0,164.0
20.458,-122.0,164.0
20.4633,-109.0,166.0
20.4678,137.0,166.0
20.4724,101.0,166.0
20.4776,-56.0,164.0
20.483,-64.0,160.0
20.4878,-61.0,158.0
20.4934,-28.0,156.0
20.4974,101.0,156.0
20.5025,104.0,154.0
20.5079,-49.0,156.0
20.5127,-93.0,156.0
20.5179,3.0,156.0
20.5222,23.0,154.0
20.5274,-33.0,154.0
20.5326,44.0,152.0
20.5377,113.0,150.0
20.5424,-70.0,150.0
20.548,-157.0,148.0
20.5532,50.0,150.0
20.5574,114.0,146.0
20.5626,-10.0,146.0
20.5679,-24.0,142.0
20.5731,-19.0,142.0
20.5785,-33.0,140.0
20.5824,43.0,140.0
20.5874,29.0,138.0
20.5924,-89.0,140.0
20.5981,-2.0,140.0
20.6029,152.0,140.0
20.6073,4.0,140.0
20.6124,-179.0,142.0
20.6172,-46.0,142.0
20.6228,118.0,142.0
20.6278,85.0,144.0
20.633,4.0,144.0
20.6372,-84.0,144.0
20.6422,-114.0,146.0
20.6476,65.0,146.0
20.6528,171.0,148.0
20.658,-57.0,148.0
20.6622,-180.0,150.0
20.6674,38.0,148.0
20.6724,146.0,148.0
20.6774,16.0,148.0
20.6831,-78.0,146.0
20.6878,-75.0,146.0
20.6937,13.0,142.0
20.6974,89.0,142.0
20.7024,0.0,140.0
20.7077,-54.0,138.0
20.7124,51.0,136.0
20.7172,23.0,136.0
20.7229,-126.0,136.0
20.7274,-40.0,136.0
20.7325,146.0,136.0
20.7377,76.0,138.0
20.7427,-59.0,136.0
20.7478,-47.0,136.0
20.7526,-63.0,134.0
20.7574,-50.0,132.0
20.7624,105.0,132.0
20.7679,97.0,132.0
20.773,-97.0,130.0
20.7778,-17.0,130.0
20.7824,152.0,130.0
20.7875,-79.0,130.0
20.793,-245.0,134.0
20.7983,64.0,134.0
20.8029,226.0,136.0
20.8072,25.0,136.0
20.8125,-57.0,136.0
20.8174,-65.0,136.0
20.8225,-135.0,138.0
20.8277,15.0,138.0
20.8329,212.0,140.0
20.8378,56.0,140.0
20.8424,-156.0,140.0
20.8475,-68.0,140.0
20.8526,69.0,142.0
20.8574,15.0,142.0
20.863,-46.0,142.0
20.8675,34.0,142.0
20.8724,66.0,142.0
20.8776,-18.0,142.0
20.8828,-37.0,142.0
20.8879,-42.0,142.0
20.8928,-55.0,142.0
20.8974,81.0,144.0
20.9025,129.0,146.0
20.9077,-76.0,146.0
20.9131,-132.0,148.0
20.9177,62.0,148.0
20.9223,89.0,150.0
20.9273,-56.0,148.0
20.9323,-34.0,148.0
20.9378,52.0,148.0
20.9428,-31.0,146.0
20.9475,-56.0,148.0
20.9523,78.0,148.0
20.9574,68.0,148.0
20.9624,-34.0,148.0
20.9679,-40.0,148.0
20.9728,-95.0,148.0
20.9781,-60.0,148.0
20.9828,198.0,150.0
20.9874,148.0,152.0
20.9924,-198.0,154.0
20.9976,-117.0,156.0
21.0024,149.0,156.0
21.0074,-3.0,156.0
21.0125,-122.0,158.0
21.0172,94.0,160.0
21.0227,104.0,160.0
21.0273,-95.0,160.0
21.0323,-38.0,160.0
21.0374,56.0,158.0
21.0424,-72.0,158.0
21.0477,-37.0,158.0
21.0528,149.0,158.0
21.0578,37.0,158.0
21.0633,-158.0,160.0
21.0676,-60.0,158.0
21.0725,131.0,158.0
21.0777,133.0,160.0
21.0831,-79.0,158.0
21.0879,-216.0,160.0
21.0926,12.0,158.0
21.0975,207.0,160.0
21.1024,7.0,158.0
21.1074,-85.0,156.0
21.1129,56.0,156.0
21.1179,-57.0,156.0
21.123,-153.0,158.0
21.1274,120.0,158.0
21.1323,203.0,162.0
21.1376,-89.0,160.0
21.143,-190.0,162.0
21.1478,0.0,162.0
21.1525,147.0,162.0
21.1575,103.0,164.0
21.1627,-115.0,166.0
21.1679,-169.0,168.0
21.1731,128.0,168.0
21.1785,179.0,170.0
21.1825,-179.0,172.0
21.1874,-168.0,172.0
21.1924,207.0,174.0
21.1982,147.0,174.0
21.2029,-157.0,176.0
21.2077,-85.0,178.0
21.2124,39.0,178.0
21.2172,-20.0,178.0
21.2223,84.0,178.0
21.2281,127.0,180.0
21.233,-158.0,182.0
21.2374,-192.0,184.0
21.2423,170.0,184.0
21.2473,213.0,188.0
21.2526,-124.0,186.0
21.258,-199.0,190.0
21.2625,28.0,188.0
21.2686,139.0,188.0
21.2722,66.0,190.0
21.2773,-41.0,190.0
21.2825,-89.0,188.0
21.2875,-43.0,188.0
21.2923,36.0,186.0
21.2973,66.0,186.0
21.3022,15.0,184.0
21.3072,-23.0,184.0
21.3124,22.0,182.0
21.3174,-17.0,182.0
21.3223,-138.0,182.0
21.3282,-36.0,182.0
21.3322,187.0,184.0
21.3374,158.0,186.0
21.3424,-69.0,186.0
21.3473,-199.0,190.0
21.3523,-103.0,190.0
21.3572,106.0,192.0
21.3623,146.0,192.0
21.3673,4.0,190.0
21.3725,-32.0,190.0
21.3773,-21.0,188.0
21.3824,-117.0,190.0
21.3873,-22.0,188.0
21.3922,207.0,192.0
21.3972,55.0,192.0
21.4025,-222.0,192.0
21.4073,-68.0,192.0
21.4122,168.0,194.0
21.4172,61.0,194.0
21.4225,-79.0,194.0
21.4276,-32.0,192.0
21.4322,20.0,188.0
21.4372,22.0,188.0
21.4422,-15.0,184.0
21.4472,-61.0,186.0
21.4523,13.0,184.0
21.4573,99.0,186.0
21.4623,21.0,184.0
21.4673,-65.0,184.0
21.4725,-47.0,182.0
21.4772,-24.0,182.0
21.4823,14.0,180.0
21.4872,94.0,180.0
21.4922,58.0,180.0
21.4973,-104.0,180.0
21.5023,-127.0,182.0
21.5073,71.0,182.0
21.5125,157.0,184.0
21.5173,-35.0,184.0
21.5222,-136.0,186.0
21.5272,34.0,186.0
21.5324,83.0,186.0
21.5378,-83.0,186.0
21.5425,-29.0,184.0
21.5476,167.0,186.0
21.5523,-6.0,184.0
21.5574,-238.0,186.0
21.5623,20.0,186.0
21.5673,253.0,188.0
21.5723,-8.0,188.0
21.5772,-201.0,190.0
21.5822,-16.0,190.0
21.5874,93.0,190.0
21.5922,20.0,190.0
21.5974,41.0,190.0
21.6023,14.0,190.0
21.6073,-152.0,192.0
21.6123,-65.0,190.0
21.6172,212.0,194.0
21.6223,102.0,192.0
21.6274,-236.0,192.0
21.6333,-123.0,192.0
21.6372,235.0,194.0
21.6424,135.0,194.0
21.6473,-185.0,196.0
21.6524,-114.0,196.0
21.6574,81.0,196.0
21.6623,31.0,194.0
21.6673,17.0,194.0
21.6722,83.0,194.0
21.6773,-51.0,194.0
21.6824,-155.0,196.0
21.6874,31.0,196.0
21.6923,152.0,196.0
21.6973,-17.0,196.0
21.7022,-117.0,194.0
21.7072,32.0,194.0
21.7124,95.0,194.0
21.7174,-56.0,192.0
21.7223,-109.0,192.0
21.7272,64.0,190.0
21.7322,162.0,192.0
21.7372,-43.0,190.0
21.7423,-223.0,194.0
21.7474,-12.0,192.0
21.7522,242.0,196.0
21.7573,105.0,196.0
21.7622,-180.0,196.0
21.7672,-207.0,198.0
21.7723,27.0,196.0
21.7773,246.0,198.0
21.7824,151.0,196.0
21.7872,-171.0,200.0
21.7922,-227.0,200.0
21.7972,36.0,200.0
21.8024,124.0,200.0
21.8073,18.0,198.0
21.8123,52.0,196.0
21.8172,80.0,194.0
21.8222,-102.0,194.0
21.8277,-205.0,194.0
21.8323,-14.0,192.0
21.8379,179.0,192.0
21.8424,130.0,192.0
21.8472,-16.0,190.0
21.8522,-99.0,192.0
21.8572,-108.0,192.0
21.8623,-44.0,192.0
21.8673,95.0,192.0
21.8753,177.0,192.0
21.8772,-3.0,188.0
21.8823,-227.0,190.0
21.8874,-72.0,188.0
21.8922,201.0,188.0
21.8972,75.0,186.0
21.9022,-155.0,188.0
21.9072,2.0,186.0
21.9122,163.0,188.0
21.9175,-70.0,188.0
21.9222,-240.0,190.0
21.9272,9.0,190.0
21.9322,285.0,194.0
21.9375,150.0,196.0
21.9429,-196.0,198.0
21.9473,-246.0,202.0
21.9522,19.0,202.0
21.9573,197.0,204.0
21.9623,110.0,204.0
21.9673,-83.0,204.0
21.9724,-123.0,204.0
21.9772,3.0,202.0
21.9823,55.0,202.0
21.9872,14.0,198.0
21.9922,29.0,198.0
21.9974,24.0,196.0
22.0023,-76.0,194.0
22.0072,-87.0,196.0
22.0123,46.0,196.0
22.0172,96.0,198.0
22.0222,35.0,196.0
22.0274,-15.0,196.0
22.0325,-87.0,194.0
22.0373,-85.0,194.0
22.0425,77.0,192.0
22.0472,116.0,194.0
22.0523,-45.0,192.0
22.0573,-74.0,192.0
22.0623,11.0,190.0
22.0672,25.0,190.0
22.0723,46.0,190.0
22.0772,5.0,190.0
22.0825,-107.0,192.0
22.0875,-45.0,192.0
22.0923,101.0,192.0
22.0972,88.0,192.0
22.1022,0.0,192.0
22.1073,-83.0,192.0
22.1125,-122.0,194.0
22.1173,9.0,194.0
22.1223,135.0,196.0
22.1272,90.0,196.0
22.1323,1.0,194.0
22.1373,-139.0,196.0
22.1422,-178.0,196.0
22.1474,101.0,196.0
22.1523,247.0,198.0
22.1574,-37.0,198.0
22.1623,-197.0,198.0
22.1674,26.0,198.0
22.1723,143.0,200.0
22.1772,-55.0,200.0
22.1823,-162.0,202.0
22.1873,47.0,200.0
22.1925,216.0,202.0
22.1976,29.0,200.0
22.2024,-224.0,202.0
22.2072,-124.0,200.0
22.2123,154.0,202.0
22.2172,158.0,202.0
22.2222,-61.0,202.0
22.2276,-103.0,204.0
22.2324,20.0,204.0
22.2373,12.0,202.0
22.2423,-39.0,202.0
22.2485,34.0,202.0
22.2525,60.0,202.0
22.2574,-12.0,198.0
22.2624,-20.0,196.0
22.2673,-25.0,194.0
22.2723,-99.0,192.0
22.2773,-7.0,190.0
22.2825,247.0,192.0
22.2874,138.0,190.0
22.2923,-302.0,194.0
22.2974,-272.0,196.0
22.3022,197.0,198.0
22.3072,257.0,202.0
22.3124,-37.0,202.0
22.3172,-93.0,202.0
22.3222,-29.0,200.0
22.3273,-61.0,202.0
22.3323,-5.0,198.0
22.3372,91.0,200.0
22.3422,32.0,198.0
22.3472,-28.0,198.0
22.3522,15.0,198.0
22.3573,-43.0,198.0
22.3622,-100.0,198.0
22.3672,85.0,198.0
22.3724,140.0,198.0
22.3772,-92.0,198.0
22.3823,-102.0,196.0
22.3873,52.0,196.0
22.3922,16.0,192.0
22.3972,24.0,192.0
22.4022,67.0,190.0
22.4072,-87.0,188.0
22.4122,-114.0,190.0
22.4172,93.0,188.0
22.4224,106.0,186.0
22.4272,-55.0,184.0
22.4322,-51.0,182.0
22.4372,9.0,182.0
22.4422,-17.0,180.0
22.4472,28.0,180.0
22.4549,90.0,180.0
22.4572,-44.0,180.0
22.4623,-175.0,182.0
22.4672,4.0,178.0
22.4731,239.0,182.0
22.4773,86.0,180.0
22.4825,-240.0,182.0
22.4874,-163.0,184.0
22.4922,196.0,186.0
22.4974,168.0,186.0
22.5023,-155.0,188.0
22.5073,-119.0,188.0
22.5122,112.0,188.0
22.5172,59.0,188.0
22.5222,-36.0,186.0
22.5273,10.0,184.0
22.5322,-48.0,182.0
22.5372,-84.0,182.0
22.5423,74.0,180.0
22.5472,124.0,182.0
22.5523,-22.0,180.0
22.5572,-103.0,182.0
22.5622,-61.0,178.0
22.5672,29.0,178.0
22.5722,106.0,176.0
22.5772,53.0,174.0
22.5822,-86.0,172.0
22.5873,-93.0,170.0
22.5922,45.0,170.0
22.5975,85.0,168.0
22.6023,-34.0,168.0
22.6072,-71.0,168.0
22.6122,37.0,166.0
22.6172,76.0,168.0
22.6224,-12.0,166.0
22.6276,-85.0,168.0
22.6323,-29.0,168.0
22.6372,78.0,168.0
22.6422,47.0,168.0
22.6473,-53.0,168.0
22.6524,-38.0,168.0
22.6573,10.0,166.0
22.6622,16.0,166.0
22.6672,57.0,166.0
22.6723,20.0,166.0
22.6773,-131.0,166.0
22.6826,-60.0,166.0
22.6873,177.0,166.0
22.6923,62.0,168.0
22.6972,-176.0,168.0
22.7023,-11.0,168.0
22.7073,137.0,170.0
22.7124,-60.0,170.0
22.7174,-91.0,172.0
22.7223,116.0,172.0
22.7272,70.0,172.0
22.7323,-123.0,172.0
22.7373,-70.0,172.0
22.7424,65.0,174.0
22.7473,49.0,174.0
22.7522,14.0,172.0
22.7572,-10.0,172.0
22.7622,-85.0,170.0
22.7673,-14.0,170.0
22.7723,175.0,172.0
22.7772,37.0,170.0
22.7823,-263.0,172.0
22.7873,-83.0,172.0
22.7923,250.0,172.0
22.7973,96.0,172.0
22.8023,-142.0,172.0
22.8073,-19.0,172.0
22.8122,80.0,170.0
22.8172,-68.0,170.0
22.8224,-123.0,170.0
22.8273,57.0,170.0
22.8323,181.0,170.0
22.8372,17.0,170.0
22.8422,-166.0,168.0
22.8473,-42.0,168.0
22.8523,110.0,166.0
22.8572,4.0,164.0
22.8624,-77.0,164.0
22.8673,20.0,164.0
22.8725,57.0,164.0
22.8774,-12.0,164.0
22.8823,-28.0,164.0
22.8873,5.0,164.0
22.8924,8.0,162.0
22.9002,4.0,162.0
22.9037,0.0,162.0
22.9215,-52.0,162.0
22.9217,-42.0,162.0
22.9221,112.0,164.0
22.9223,140.0,162.0
22.9274,-110.0,162.0
22.933,-238.0,160.0
22.9374,32.0,156.0
22.9424,258.0,158.0
22.9491,45.0,154.0
22.9524,-187.0,156.0
22.9578,-65.0,156.0
22.9623,84.0,156.0
22.9685,61.0,156.0
22.9723,3.0,156.0
22.9775,-72.0,156.0
22.9826,-80.0,158.0
22.9875,73.0,158.0
22.9925,141.0,160.0
22.9977,-26.0,160.0
23.0023,-138.0,160.0
23.0075,-36.0,160.0
23.0122,54.0,158.0
23.0172,50.0,158.0
23.0224,58.0,156.0
23.0272,-1.0,156.0
23.0323,-124.0,158.0
23.0372,-52.0,158.0
23.0423,113.0,158.0
23.0472,52.0,158.0
23.0524,-66.0,158.0
23.0572,-20.0,156.0
23.0621,33.0,156.0
23.0673,23.0,154.0
23.0722,-1.0,154.0
23.0774,-61.0,154.0
23.0825,-46.0,156.0
23.0874,84.0,156.0
23.0923,75.0,156.0
23.0973,-75.0,156.0
23.1024,-77.0,154.0
23.1074,42.0,156.0
23.1123,75.0,152.0
23.1174,23.0,152.0
23.1222,-53.0,148.0
23.1273,-88.0,148.0
23.1322,4.0,144.0
23.1373,79.0,144.0
23.1425,-2.0,140.0
23.1475,5.0,140.0
23.1523,112.0,140.0
23.1574,-53.0,140.0
23.1623,-257.0,142.0
23.1673,-15.0,142.0
23.1723,280.0,146.0
23.1773,105.0,146.0
23.1825,-142.0,148.0
23.1873,-63.0,146.0
23.1922,-8.0,146.0
23.1975,-106.0,146.0
23.2023,32.0,146.0
23.2073,242.0,150.0
23.2123,41.0,148.0
23.2173,-235.0,152.0
23.2225,-92.0,152.0
23.2275,144.0,152.0
23.2325,66.0,152.0
23.2373,-101.0,152.0
23.2422,-20.0,152.0
23.2473,150.0,154.0
23.2523,42.0,154.0
23.2574,-199.0,156.0
23.2623,-123.0,158.0
23.2673,147.0,158.0
23.2723,161.0,160.0
23.2772,-17.0,160.0
23.2826,-108.0,160.0
23.2874,-91.0,162.0
23.2923,30.0,160.0
23.2973,134.0,162.0
23.3022,8.0,162.0
23.3073,-140.0,164.0
23.3123,-15.0,164.0
23.3173,130.0,164.0
23.3222,19.0,164.0
23.3273,-99.0,162.0
23.3323,-33.0,162.0
23.3372,56.0,160.0
23.3423,73.0,160.0
23.3474,-5.0,158.0
23.3522,-133.0,160.0
23.3573,-71.0,160.0
23.3624,162.0,160.0
23.3674,157.0,162.0
23.3725,-116.0,162.0
23.3772,-172.0,164.0
23.3824,38.0,162.0
23.3872,74.0,162.0
23.3924,-10.0,162.0
23.3973,73.0,164.0
23.4024,50.0,164.0
23.4073,-178.0,166.0
23.4122,-98.0,164.0
23.4172,210.0,168.0
23.4223,111.0,166.0
23.4275,-181.0,166.0
23.4323,-99.0,164.0
23.4372,104.0,164.0
23.4422,71.0,164.0
23.4472,-7.0,164.0
23.4523,-18.0,162.0
23.4574,-61.0,162.0
23.4623,-54.0,160.0
23.4674,66.0,162.0
23.4723,107.0,160.0
23.4777,-14.0,160.0
23.4824,-98.0,158.0
23.4872,-27.0,158.0
23.4923,43.0,158.0
23.4972,-9.0,158.0
23.5022,-11.0,156.0
23.5073,109.0,158.0
23.5122,43.0,158.0
23.5172,-169.0,160.0
23.5222,-83.0,162.0
23.5274,143.0,164.0
23.5322,65.0,164.0
23.5373,-87.0,166.0
23.5425,-18.0,166.0
23.5472,50.0,166.0
23.5522,22.0,166.0
23.5572,-4.0,164.0
23.5622,-69.0,162.0
23.5672,-71.0,162.0
23.5723,87.0,160.0
23.5773,135.0,162.0
23.5823,-51.0,158.0
23.5874,-148.0,160.0
23.5922,0.0,156.0
23.5972,132.0,158.0
23.6024,43.0,158.0
23.6073,-115.0,158.0
23.6126,-79.0,160.0
23.6172,97.0,160.0
23.6222,85.0,160.0
23.6273,-70.0,160.0
23.6323,-46.0,158.0
23.6372,34.0,158.0
23.6422,5.0,156.0
23.6472,22.0,156.0
23.6522,-6.0,156.0
23.6573,-112.0,156.0
23.6622,31.0,156.0
23.6672,199.0,158.0
23.6723,-37.0,158.0
23.6772,-210.0,160.0
23.6823,31.0,158.0
23.6872,123.0,160.0
23.6922,-41.0,160.0
23.6972,-12.0,160.0
23.7025,61.0,160.0
23.7074,-39.0,160.0
23.7122,-59.0,160.0
23.7172,41.0,160.0
23.7222,29.0,160.0
23.7273,-39.0,160.0
23.7324,14.0,158.0
23.7373,56.0,158.0
23.7423,-56.0,158.0
23.7475,-89.0,158.0
23.7522,85.0,158.0
23.7572,112.0,160.0
23.7622,-97.0,160.0
23.7674,-102.0,162.0
23.7723,94.0,162.0
23.7772,75.0,162.0
23.7824,-77.0,164.0
23.7874,-81.0,164.0
23.7922,46.0,164.0
23.7977,138.0,166.0
23.8024,-8.0,162.0
23.8072,-209.0,164.0
23.8122,-24.0,160.0
23.8173,225.0,162.0
23.8222,48.0,160.0
23.8272,-146.0,162.0
23.8323,-53.0,162.0
23.8372,7.0,162.0
23.8422,18.0,160.0
23.8472,85.0,158.0
23.8527,45.0,158.0
23.8573,-51.0,156.0
23.8624,-87.0,156.0
23.8672,-62.0,154.0
23.8722,86.0,154.0
23.8773,130.0,154.0
23.8824,-79.0,156.0
23.8872,-95.0,156.0
23.8922,98.0,156.0
23.8972,22.0,154.0
23.9022,-122.0,154.0
23.9072,5.0,150.0
23.9124,99.0,150.0
23.9174,15.0,150.0
23.9223,-20.0,148.0
23.9274,-25.0,148.0
23.9323,-61.0,148.0
23.9373,-17.0,146.0
23.9424,81.0,148.0
23.9474,98.0,146.0
23.9522,-30.0,146.0
23.9572,-160.0,148.0
23.9622,-34.0,148.0
23.9674,170.0,148.0
23.9723,62.0,150.0
23.9774,-152.0,150.0
23.9823,-54.0,150.0
23.9872,127.0,152.0
23.9921,48.0,150.0
23.9973,-74.0,150.0
24.0022,-33.0,148.0
24.0072,-7.0,146.0
24.0122,-25.0,146.0
24.0172,58.0,144.0
24.0222,83.0,144.0
24.0273,-47.0,144.0
24.0323,-47.0,144.0
24.0372,46.0,144.0
24.0422,-77.0,144.0
24.0473,-118.0,144.0
24.0525,182.0,144.0
24.0574,221.0,144.0
24.0625,-175.0,146.0
24.0674,-268.0,148.0
24.0722,88.0,146.0
24.0772,239.0,150.0
24.0823,-16.0,148.0
24.0872,-196.0,152.0
24.0925,-18.0,152.0
24.0973,174.0,152.0
24.1022,60.0,154.0
24.1083,-135.0,154.0
24.1124,-102.0,154.0
24.1173,64.0,154.0
24.1222,98.0,154.0
24.1274,-29.0,154.0
24.1322,-59.0,156.0
24.1374,89.0,156.0
24.1423,52.0,158.0
24.1473,-181.0,158.0
24.1522,-95.0,158.0
24.1572,181.0,160.0
24.1622,117.0,160.0
24.1672,-70.0,158.0
24.1724,-52.0,158.0
24.1773,-42.0,158.0
24.1824,-48.0,158.0
24.1872,69.0,158.0
24.1932,70.0,160.0
24.1973,-30.0,160.0
24.2022,21.0,158.0
24.2072,-27.0,158.0
24.2122,-171.0,160.0
24.2172,80.0,158.0
24.2222,304.0,162.0
24.2273,-92.0,162.0
24.2323,-354.0,168.0
24.2373,37.0,166.0
24.2423,287.0,170.0
24.2473,35.0,168.0
24.2526,-141.0,170.0
24.2573,-57.0,168.0
24.2622,3.0,168.0
24.2673,13.0,166.0
24.2725,62.0,166.0
24.2773,67.0,168.0
24.2825,-67.0,168.0
24.2872,-164.0,170.0
24.2922,62.0,172.0
24.2983,259.0,174.0
24.3022,-66.0,174.0
24.3075,-295.0,176.0
24.3126,60.0,176.0
24.3173,223.0,176.0
24.3222,-51.0,176.0
24.3273,-80.0,176.0
24.3322,68.0,176.0
24.3375,-34.0,176.0
24.3427,-105.0,178.0
24.3473,66.0,178.0
24.3522,118.0,178.0
24.3574,-41.0,178.0
24.3622,-99.0,180.0
24.3672,7.0,180.0
24.3724,79.0,180.0
24.3772,21.0,180.0
24.3824,-60.0,180.0
24.3872,-39.0,178.0
24.3922,14.0,178.0
24.3973,17.0,176.0
24.4025,20.0,176.0
24.4072,41.0,174.0
24.4123,29.0,174.0
24.4172,-65.0,174.0
24.4223,-148.0,174.0
24.4272,0.0,172.0
24.4323,198.0,176.0
24.4374,115.0,174.0
24.4423,-74.0,176.0
24.4474,-152.0,176.0
24.4522,-161.0,178.0
24.4572,29.0,174.0
24.4625,307.0,178.0
24.4674,158.0,178.0
24.4724,-240.0,182.0
24.4773,-227.0,184.0
24.4824,46.0,186.0
24.4872,118.0,186.0
24.4922,94.0,186.0
24.4972,47.0,186.0
24.5022,-107.0,186.0
24.5074,-126.0,188.0
24.5124,61.0,188.0
24.5172,94.0,186.0
24.5222,-50.0,186.0
24.5272,-37.0,186.0
24.5322,94.0,186.0
24.5372,38.0,186.0
24.5428,-142.0,186.0
24.5472,-89.0,188.0
24.5522,138.0,188.0
24.5572,119.0,190.0
24.5623,-98.0,190.0
24.5672,-85.0,192.0
24.5723,73.0,192.0
24.5773,23.0,192.0
24.5823,-80.0,192.0
24.5873,1.0,190.0
24.5922,76.0,192.0
24.5975,17.0,188.0
24.6033,-30.0,188.0
24.6072,-46.0,186.0
24.6122,-34.0,186.0
24.6171,84.0,186.0
24.6222,93.0,186.0
24.6272,-164.0,186.0
24.6324,-159.0,188.0
24.6372,258.0,192.0
24.6423,223.0,194.0
24.6474,-289.0,198.0
24.6526,-223.0,202.0
24.6572,236.0,204.0
24.6623,126.0,204.0
24.6674,-162.0,206.0
24.6724,10.0,206.0
24.6772,121.0,208.0
24.6822,-96.0,208.0
24.6873,-109.0,208.0
24.6923,99.0,206.0
24.6972,116.0,204.0
24.7022,-51.0,202.0
24.7075,-113.0,200.0
24.7122,1.0,198.0
24.7172,51.0,196.0
24.7222,-8.0,196.0
24.7272,66.0,194.0
24.7322,93.0,194.0
24.7373,-148.0,194.0
24.7423,-181.0,196.0
24.7473,134.0,196.0
24.7522,155.0,198.0
24.7575,-88.0,198.0
24.7623,-19.0,196.0
24.7674,89.0,198.0
24.7722,-80.0,198.0
24.7772,-86.0,198.0
24.7822,42.0,198.0
24.7871,-9.0,194.0
24.7923,52.0,194.0
24.7974,161.0,194.0
24.8022,-74.0,194.0
24.808,-232.0,196.0
24.8122,15.0,196.0
24.8172,160.0,196.0
24.8224,34.0,196.0
24.8273,-14.0,196.0
24.8322,-14.0,194.0
24.8372,-90.0,196.0
24.8423,-26.0,196.0
24.8472,105.0,198.0
24.8523,-10.0,194.0
24.8573,-76.0,194.0
24.8622,135.0,192.0
24.8673,67.0,192.0
24.8723,-228.0,190.0
24.8772,-72.0,190.0
24.8824,183.0,188.0
24.8872,39.0,188.0
24.8922,-25.0,186.0
24.8971,59.0,186.0
24.9023,-104.0,188.0
24.9073,-174.0,190.0
24.9127,77.0,192.0
24.9172,187.0,194.0
24.9222,82.0,194.0
24.9272,-32.0,192.0
24.9322,-209.0,194.0
24.9373,-191.0,192.0
24.9422,188.0,194.0
24.9474,313.0,194.0
24.9523,-82.0,194.0
24.9573,-270.0,196.0
24.9623,19.0,196.0
24.9675,155.0,196.0
24.9724,-45.0,196.0
24.9772,-90.0,196.0
24.9822,100.0,196.0
24.9872,95.0,198.0
24.9923,-108.0,198.0
24.9976,-98.0,198.0
25.0022,68.0,198.0
25.0072,51.0,198.0
25.0129,-30.0,198.0
25.0172,0.0,198.0
25.0222,15.0,196.0
25.0276,0.0,196.0
25.0322,18.0,196.0
25.0372,-32.0,196.0
25.0422,-114.0,198.0
25.0474,22.0,198.0
25.0524,221.0,200.0
25.0573,49.0,200.0
25.0623,-230.0,202.0
25.0673,-126.0,204.0
25.0723,114.0,202.0
25.0773,144.0,202.0
25.0824,33.0,202.0
25.0874,-104.0,202.0
25.0924,-103.0,200.0
25.0972,56.0,200.0
25.1022,80.0,196.0
25.1071,-30.0,194.0
25.1124,-30.0,192.0
25.1174,20.0,188.0
25.1222,31.0,188.0
25.1272,2.0,186.0
25.1323,-90.0,186.0
25.1372,-91.0,188.0
25.1423,138.0,188.0
25.1472,246.0,190.0
25.1522,-97.0,190.0
25.1573,-361.0,194.0
25.1624,-31.0,194.0
25.1672,326.0,198.0
25.1723,161.0,200.0
25.1774,-146.0,202.0
25.1822,-189.0,202.0
25.1873,-50.0,202.0
25.1922,100.0,200.0
25.1974,125.0,200.0
25.2022,8.0,200.0
25.2072,-51.0,198.0
25.2122,-36.0,198.0
25.2172,-67.0,198.0
25.2222,-21.0,198.0
25.2274,110.0,200.0
25.2323,93.0,200.0
25.2372,-53.0,200.0
25.2422,-111.0,202.0
25.2472,-33.0,202.0
25.2524,79.0,202.0
25.2573,80.0,202.0
25.2623,-55.0,202.0
25.2672,-68.0,200.0
25.2723,73.0,198.0
25.2774,16.0,194.0
25.2827,-113.0,194.0
25.2872,45.0,190.0
25.2923,143.0,188.0
25.2974,-79.0,186.0
25.3022,-139.0,186.0
25.3073,65.0,184.0
25.3123,79.0,186.0
25.3173,-38.0,184.0
25.3221,11.0,182.0
25.3272,50.0,182.0
25.3322,-62.0,182.0
25.3374,-81.0,180.0
25.3423,60.0,180.0
25.3472,84.0,180.0
25.3522,-74.0,182.0
25.3572,-89.0,182.0
25.3622,125.0,184.0
25.3673,138.0,186.0
25.3723,-139.0,186.0
25.3773,-179.0,186.0
25.3822,68.0,184.0
25.3872,139.0,184.0
25.3923,22.0,182.0
25.3975,-26.0,182.0
25.4024,-42.0,182.0
25.4072,-77.0,182.0
25.4122,-12.0,180.0
25.4172,114.0,182.0
25.4227,82.0,182.0
25.4275,-90.0,184.0
25.4323,-116.0,184.0
25.4372,36.0,182.0
25.4422,110.0,182.0
25.4472,12.0,180.0
25.4522,-91.0,180.0
25.4574,-34.0,178.0
25.4624,104.0,180.0
25.4673,42.0,180.0
25.4722,-147.0,182.0
25.4772,-59.0,182.0
25.4823,161.0,184.0
25.4872,70.0,184.0
25.4922,-109.0,184.0
25.4972,-41.0,184.0
25.5022,25.0,182.0
25.5074,-29.0,182.0
25.5126,33.0,178.0
25.5172,122.0,180.0
25.5222,-42.0,178.0
25.5272,-208.0,180.0
25.5322,-7.0,180.0
25.5374,228.0,182.0
25.5422,96.0,182.0
25.5472,-149.0,182.0
25.5522,-151.0,184.0
25.5574,29.0,180.0
25.5622,123.0,182.0
25.5672,35.0,182.0
25.5722,-70.0,180.0
25.5773,-38.0,176.0
25.5823,76.0,174.0
25.5874,48.0,170.0
25.5922,-134.0,172.0
25.5973,-109.0,170.0
25.6024,154.0,172.0
25.6072,187.0,172.0
25.6122,-90.0,172.0
25.6172,-208.0,174.0
25.6222,3.0,172.0
25.6273,138.0,174.0
25.6322,9.0,172.0
25.6373,-31.0,170.0
25.6422,63.0,170.0
25.6472,-25.0,170.0
25.6522,-130.0,172.0
25.6575,26.0,172.0
25.6623,114.0,174.0
25.6674,-25.0,174.0
25.6723,-51.0,174.0
25.6772,51.0,176.0
25.6822,23.0,174.0
25.6872,-67.0,174.0
25.6922,-59.0,172.0
25.6972,39.0,172.0
25.7022,112.0,170.0
25.7074,22.0,168.0
25.7131,-94.0,168.0
25.7177,-57.0,166.0
25.7225,-32.0,166.0
25.7277,-3.0,164.0
25.7324,185.0,166.0
25.7376,145.0,168.0
25.7437,-225.0,170.0
25.748,-252.0,174.0
25.7526,108.0,174.0
25.7576,226.0,178.0
25.7625,58.0,178.0
25.7681,-100.0,180.0
25.7727,-138.0,180.0
25.7772,-4.0,180.0
25.7822,98.0,178.0
25.7873,16.0,174.0
25.7924,-20.0,174.0
25.7975,34.0,168.0
25.8027,-21.0,168.0
25.8072,-102.0,164.0
25.8123,13.0,162.0
25.8178,166.0,162.0
25.8226,29.0,160.0
25.8278,-177.0,162.0
25.8322,-77.0,162.0
25.8371,76.0,162.0
25.843,70.0,162.0
25.8475,95.0,162.0
25.8525,34.0,162.0
25.8573,-202.0,166.0
25.8626,-178.0,168.0
25.8677,165.0,168.0
25.8724,241.0,170.0
25.8775,-46.0,170.0
25.8822,-176.0,172.0
25.8876,-38.0,172.0
25.8924,54.0,172.0
25.8982,66.0,172.0
25.9025,29.0,170.0
25.9074,-96.0,172.0
25.9128,-59.0,170.0
25.918,145.0,172.0
25.9221,66.0,172.0
25.9279,-155.0,174.0
25.9325,-67.0,172.0
25.9374,98.0,172.0
25.9428,56.0,172.0
25.9479,-29.0,172.0
25.9521,-27.0,170.0
25.9574,14.0,170.0
25.9625,-10.0,170.0
25.9675,-64.0,170.0
25.9727,32.0,170.0
25.9773,124.0,170.0
25.9822,-25.0,170.0
25.9872,-126.0,170.0
25.9925,10.0,170.0
25.9978,74.0,170.0
26.003,-11.0,168.0
26.0072,-33.0,166.0
26.0125,1.0,164.0
26.0178,39.0,162.0
26.0224,54.0,162.0
26.028,-59.0,160.0
26.0322,-115.0,162.0
26.0373,67.0,162.0
26.0428,106.0,164.0
26.0474,-82.0,164.0
26.0526,-42.0,164.0
26.058,113.0,164.0
26.0629,12.0,162.0
26.0678,-110.0,162.0
26.0724,-45.0,162.0
26.0775,43.0,162.0
26.0826,66.0,162.0
26.0872,22.0,162.0
26.0922,-20.0,160.0
26.0978,6.0,160.0
26.1023,-38.0,158.0
26.1076,-116.0,160.0
26.113,25.0,158.0
26.1177,184.0,160.0
26.1223,35.0,158.0
26.1275,-131.0,158.0
26.1325,-44.0,158.0
26.1374,24.0,158.0
26.1422,-29.0,158.0
26.1479,25.0,158.0
26.1524,92.0,158.0
26.1574,-7.0,156.0
26.1628,-52.0,156.0
26.1676,-5.0,154.0
26.173,-57.0,154.0
26.1779,-25.0,152.0
26.1826,130.0,152.0
26.1874,69.0,150.0
26.1923,-106.0,150.0
26.1978,-75.0,150.0
26.2028,31.0,150.0
26.2071,40.0,150.0
26.2121,18.0,148.0
26.2173,0.0,148.0
26.2224,-26.0,148.0
26.228,-18.0,146.0
26.2321,26.0,144.0
26.2373,25.0,144.0
26.2432,-49.0,142.0
26.2474,-27.0,140.0
26.2525,96.0,140.0
26.2573,35.0,136.0
26.2627,-137.0,138.0
26.2677,-72.0,138.0
26.2724,140.0,140.0
26.2773,129.0,142.0
26.2825,-107.0,142.0
26.2874,-162.0,144.0
26.2923,68.0,144.0
26.2978,143.0,146.0
26.3026,-46.0,144.0
26.3075,-108.0,146.0
26.3125,38.0,146.0
26.3173,108.0,146.0
26.3222,3.0,146.0
26.3274,-141.0,146.0
26.3322,-132.0,148.0
26.3373,140.0,150.0
26.3422,305.0,152.0
26.3472,-59.0,154.0
26.3522,-377.0,158.0
26.3572,-54.0,158.0
26.3624,261.0,162.0
26.3675,93.0,162.0
26.3722,-39.0,160.0
26.3773,-17.0,158.0
26.3822,-130.0,156.0
26.3874,-102.0,154.0
26.3923,168.0,156.0
26.3978,168.0,154.0
26.4022,-89.0,156.0
26.4073,-150.0,156.0
26.4122,-53.0,154.0
26.4172,77.0,156.0
26.4224,203.0,158.0
26.4273,14.0,158.0
26.4323,-297.0,162.0
26.4373,-94.0,162.0
26.4422,282.0,166.0
26.4474,133.0,168.0
26.4528,-158.0,170.0
26.4572,-100.0,168.0
26.4628,3.0,168.0
26.4674,-1.0,166.0
26.4724,87.0,166.0
26.4776,85.0,166.0
26.4828,-101.0,166.0
26.4881,-50.0,166.0
26.4922,114.0,166.0
26.4975,-70.0,164.0
26.5023,-168.0,164.0
26.5075,144.0,164.0
26.5129,205.0,164.0
26.5178,-121.0,164.0
26.5224,-139.0,164.0
26.528,89.0,164.0
26.5324,-5.0,164.0
26.5374,-121.0,164.0
26.5432,100.0,166.0
26.5481,143.0,166.0
26.5525,-80.0,166.0
26.5571,-57.0,166.0
26.5623,21.0,164.0
26.5675,-76.0,164.0
26.5726,-8.0,162.0
26.5772,119.0,164.0
26.5833,16.0,162.0
26.5875,-45.0,162.0
26.5925,11.0,162.0
26.5978,-46.0,162.0
26.6022,-44.0,164.0
26.6071,91.0,164.0
26.6124,35.0,164.0
26.6176,-113.0,164.0
26.6225,-38.0,164.0
26.628,106.0,164.0
26.6321,120.0,166.0
26.6373,-16.0,164.0
26.6434,-212.0,168.0
26.6475,-135.0,170.0
26.6521,187.0,172.0
26.6581,223.0,176.0
26.6625,-62.0,176.0
26.6675,-176.0,176.0
26.6724,-41.0,176.0
26.6776,71.0,176.0
26.6826,59.0,176.0
26.6878,-24.0,174.0
26.6921,-21.0,174.0
26.6976,58.0,174.0
26.7034,-37.0,174.0
26.7073,-110.0,174.0
26.7128,94.0,174.0
26.7177,132.0,176.0
26.7224,-115.0,176.0
26.7272,-117.0,178.0
26.7322,74.0,178.0
26.7371,57.0,180.0
26.7422,13.0,180.0
26.7471,51.0,178.0
26.7531,-88.0,180.0
26.7572,-159.0,178.0
26.7622,108.0,180.0
26.7673,194.0,180.0
26.7722,-80.0,182.0
26.7773,-144.0,184.0
26.7821,45.0,184.0
26.7872,55.0,184.0
26.7923,-26.0,182.0
26.7974,42.0,184.0
26.8023,31.0,184.0
26.8073,-121.0,184.0
26.8123,-62.0,186.0
26.8172,135.0,186.0
26.8222,91.0,186.0
26.8274,-77.0,186.0
26.8323,-87.0,186.0
26.8372,8.0,184.0
26.8422,49.0,186.0
26.8471,8.0,184.0
26.8522,-1.0,184.0
26.8572,46.0,186.0
26.8623,-31.0,186.0
26.8672,-133.0,188.0
26.8722,15.0,186.0
26.8771,175.0,190.0
26.8822,44.0,190.0
26.8875,-113.0,190.0
26.8922,-83.0,190.0
26.8972,-22.0,190.0
26.9024,42.0,188.0
26.9073,111.0,190.0
26.9122,40.0,188.0
26.9174,-67.0,186.0
26.9224,-62.0,186.0
26.9272,-37.0,184.0
26.9322,-29.0,184.0
26.9373,72.0,182.0
26.9423,168.0,184.0
26.9474,-10.0,182.0
26.9522,-243.0,186.0
26.9572,-80.0,186.0
26.9622,205.0,188.0
26.9672,139.0,188.0
26.9724,-93.0,188.0
26.9772,-152.0,188.0
26.9821,-15.0,184.0
26.9873,148.0,184.0
26.9924,64.0,180.0
26.9976,-136.0,182.0
27.0022,-37.0,178.0
27.0073,109.0,178.0
27.0122,-44.0,178.0
27.0172,-98.0,180.0
27.0224,114.0,180.0
27.0272,124.0,180.0
27.0322,-112.0,178.0
27.0373,-143.0,178.0
27.0423,46.0,178.0
27.0473,118.0,178.0
27.0523,20.0,176.0
27.0573,-68.0,176.0
27.0622,-36.0,174.0
27.0671,37.0,174.0
27.0722,-3.0,170.0
27.0772,-52.0,168.0
27.0822,55.0,166.0
27.0872,98.0,164.0
27.0922,-59.0,164.0
27.0972,-111.0,164.0
27.1027,-5.0,164.0
27.1072,38.0,164.0
27.1124,79.0,164.0
27.1172,85.0,164.0
27.1222,-98.0,164.0
27.1273,-153.0,166.0
27.1322,61.0,164.0
27.1373,113.0,166.0
27.1421,-8.0,162.0
27.1472,-21.0,160.0
27.1522,-47.0,158.0
27.1572,-45.0,158.0
27.1628,115.0,156.0
27.1672,75.0,156.0
27.1722,-172.0,160.0
27.1772,-86.0,158.0
27.1821,165.0,160.0
27.1874,73.0,158.0
27.1927,-73.0,158.0
27.1976,-22.0,158.0
27.2022,-49.0,158.0
27.2072,-48.0,158.0
27.2122,132.0,160.0
27.2172,99.0,160.0
27.2223,-163.0,162.0
27.2272,-121.0,164.0
27.2322,139.0,166.0
27.2372,121.0,166.0
27.2422,-34.0,166.0
27.2471,-70.0,166.0
27.2525,-115.0,168.0
27.2572,-38.0,166.0
27.2622,201.0,168.0
27.2671,120.0,168.0
27.2724,-185.0,170.0
27.2773,-77.0,170.0
27.2823,157.0,170.0
27.2875,-56.0,168.0
27.2922,-187.0,168.0
27.2973,140.0,168.0
27.3022,233.0,170.0
27.3072,-95.0,168.0
27.3127,-247.0,172.0
27.3173,-31.0,172.0
27.3224,247.0,174.0
27.3273,149.0,176.0
27.3323,-236.0,180.0
27.3375,-190.0,182.0
27.3422,198.0,184.0
27.3472,139.0,184.0
27.3522,-164.0,186.0
27.3574,-61.0,184.0
27.3622,164.0,186.0
27.3675,58.0,184.0
27.3725,-149.0,186.0
27.3772,-138.0,186.0
27.3822,68.0,188.0
27.3872,205.0,190.0
27.3922,26.0,190.0
27.3974,-201.0,190.0
27.4021,-50.0,188.0
27.4072,183.0,188.0
27.4122,10.0,188.0
27.4173,-196.0,188.0
27.4221,24.0,188.0
27.4272,186.0,190.0
27.4322,-48.0,190.0
27.4372,-99.0,192.0
27.4422,119.0,192.0
27.4472,1.0,190.0
27.4523,-232.0,194.0
27.4574,3.0,192.0
27.4623,280.0,194.0
27.4673,71.0,194.0
27.4724,-186.0,196.0
27.4772,-124.0,198.0
27.4821,9.0,198.0
27.4872,112.0,198.0
27.4922,135.0,200.0
27.4972,-71.0,202.0
27.5022,-187.0,204.0
27.5073,36.0,202.0
27.5122,167.0,204.0
27.5172,-12.0,202.0
27.5222,-128.0,204.0
27.5274,-8.0,202.0
27.5322,112.0,202.0
27.5373,40.0,202.0
27.5423,-104.0,204.0
27.5472,-93.0,202.0
27.5522,56.0,204.0
27.5572,156.0,204.0
27.5623,41.0,204.0
27.5675,-198.0,206.0
27.5735,-152.0,208.0
27.5772,185.0,210.0
27.5823,214.0,212.0
27.5874,-113.0,212.0
27.5922,-176.0,212.0
27.5974,42.0,212.0
27.6023,55.0,208.0
27.6073,-42.0,208.0
27.6122,63.0,206.0
27.6172,111.0,206.0
27.6222,-111.0,208.0
27.6272,-168.0,208.0
27.6323,100.0,208.0
27.6373,149.0,208.0
27.6423,-76.0,210.0
27.6472,-79.0,208.0
27.6522,51.0,210.0
27.6572,2.0,208.0
27.6624,-20.0,206.0
27.6673,60.0,206.0
27.6722,-2.0,204.0
27.6775,-104.0,202.0
27.6821,2.0,202.0
27.6874,113.0,202.0
27.6923,17.0,202.0
27.6974,-83.0,202.0
27.7022,-34.0,202.0
27.7073,34.0,202.0
27.7125,35.0,202.0
27.7173,-14.0,202.0
27.7222,-19.0,202.0
27.7272,57.0,200.0
27.7321,5.0,200.0
27.7373,-143.0,200.0
27.7423,-32.0,200.0
27.7474,204.0,204.0
27.7523,104.0,204.0
27.7572,-185.0,206.0
27.7623,-152.0,206.0
27.7672,105.0,206.0
27.7723,111.0,206.0
27.7772,-46.0,206.0
27.7823,-14.0,206.0
27.7874,60.0,206.0
27.7921,-44.0,206.0
27.7975,-121.0,208.0
27.8021,19.0,206.0
27.8072,166.0,208.0
27.8121,45.0,206.0
27.8172,-151.0,206.0
27.8222,-78.0,204.0
27.8271,89.0,204.0
27.8322,42.0,204.0
27.8372,-33.0,204.0
27.8422,43.0,204.0
27.8471,23.0,204.0
27.8522,-122.0,204.0
27.8574,-52.0,204.0
27.8622,145.0,202.0
27.8672,84.0,202.0
27.8723,-106.0,202.0
27.8783,-74.0,202.0
27.8822,49.0,202.0
27.8873,15.0,200.0
27.8922,-41.0,200.0
27.8972,36.0,200.0
27.9022,102.0,198.0
27.9074,-5.0,196.0
27.9126,-179.0,196.0
27.9173,-113.0,196.0
27.9222,199.0,198.0
27.9272,227.0,200.0
27.9322,-136.0,198.0
27.9372,-236.0,200.0
27.9423,36.0,198.0
27.9473,127.0,198.0
27.9523,25.0,194.0
27.9572,7.0,194.0
27.9622,-29.0,190.0
27.9673,-85.0,190.0
27.9723,22.0,186.0
27.9773,112.0,186.0
27.9824,-22.0,182.0
27.9872,-122.0,182.0
27.9923,-22.0,180.0
27.9975,90.0,180.0
28.0023,115.0,180.0
28.0072,21.0,178.0
28.0122,-172.0,180.0
28.0172,-178.0,180.0
28.0222,137.0,182.0
28.0274,281.0,182.0
28.0324,-39.0,182.0
28.0372,-244.0,184.0
28.0423,-41.0,182.0
28.0472,82.0,182.0
28.0534,25.0,182.0
28.0573,71.0,180.0
28.0624,71.0,180.0
28.0672,-108.0,180.0
28.0724,-126.0,180.0
28.0773,71.0,180.0
28.0824,83.0,180.0
28.0874,-67.0,180.0
28.0922,-31.0,178.0
28.0972,79.0,178.0
28.1022,24.0,174.0
28.1073,-37.0,174.0
28.1123,0.0,172.0
28.1174,-18.0,170.0
28.1221,-80.0,170.0
28.1272,5.0,168.0
28.1323,157.0,170.0
28.1373,60.0,168.0
28.1422,-167.0,168.0
28.1472,-86.0,170.0
28.1522,112.0,168.0
28.1572,30.0,168.0
28.1623,-35.0,168.0
28.1672,57.0,168.0
28.1722,-36.0,168.0
28.1773,-120.0,168.0
28.1823,91.0,168.0
28.1872,145.0,168.0
28.1922,-114.0,170.0
28.1972,-139.0,170.0
28.2023,90.0,170.0
28.2072,118.0,170.0
28.2122,-14.0,166.0
28.2171,-92.0,166.0
28.2222,-79.0,164.0
28.2272,43.0,162.0
28.2323,117.0,162.0
28.2372,11.0,160.0
28.2422,-77.0,162.0
28.2472,-22.0,160.0
28.2522,39.0,160.0
28.2572,17.0,158.0
28.2622,-56.0,158.0
28.2672,-65.0,156.0
28.2723,60.0,156.0
28.2773,135.0,156.0
28.2822,0.0,154.0
28.2871,-136.0,156.0
28.2933,-50.0,156.0
28.2972,76.0,156.0
28.3022,17.0,156.0
28.3084,-41.0,156.0
28.3123,51.0,156.0
28.3172,70.0,156.0
28.3223,-60.0,158.0
28.3273,-130.0,158.0
28.3325,-34.0,158.0
28.3374,155.0,158.0
28.3427,194.0,162.0
28.3474,-81.0,162.0
28.3522,-308.0,166.0
28.3573,-71.0,168.0
28.3622,275.0,172.0
28.3671,166.0,174.0
28.3723,-131.0,176.0
28.3773,-99.0,174.0
28.3823,29.0,174.0
28.3872,-57.0,172.0
28.3924,-49.0,172.0
28.3974,138.0,170.0
28.4022,96.0,170.0
28.4072,-100.0,170.0
28.4122,-47.0,168.0
28.4171,69.0,168.0
28.4225,-66.0,170.0
28.4274,-138.0,170.0
28.4322,114.0,172.0
28.4372,223.0,174.0
28.4422,-58.0,174.0
28.4472,-210.0,174.0
28.4522,-19.0,174.0
28.4572,111.0,174.0
28.4622,48.0,174.0
28.4672,-29.0,172.0
28.4721,-39.0,172.0
28.4773,17.0,172.0
28.4823,32.0,172.0
28.4873,-33.0,172.0
28.4922,-23.0,170.0
28.4972,34.0,170.0
28.5022,-27.0,168.0
28.5074,-47.0,168.0
28.5124,100.0,168.0
28.5174,110.0,168.0
28.5222,-113.0,170.0
28.5272,-177.0,172.0
28.5322,35.0,172.0
28.5372,174.0,174.0
28.5423,63.0,174.0
28.5474,-93.0,174.0
28.5523,-100.0,174.0
28.5572,-13.0,172.0
28.5622,65.0,170.0
28.5675,83.0,168.0
28.5722,-9.0,166.0
28.5772,-77.0,164.0
28.5822,0.0,162.0
28.5872,23.0,160.0
28.5922,-76.0,162.0
28.5973,3.0,162.0
28.6023,185.0,164.0
28.6072,22.0,164.0
28.6122,-225.0,166.0
28.6172,-41.0,166.0
28.6221,161.0,168.0
28.6273,-13.0,166.0
28.6323,-68.0,166.0
28.6372,100.0,166.0
28.6421,14.0,164.0
28.6473,-117.0,166.0
28.6522,21.0,164.0
28.6573,52.0,162.0
28.6622,-69.0,160.0
28.6672,12.0,156.0
28.6723,104.0,158.0
28.6773,-27.0,154.0
28.6823,-93.0,156.0
28.6873,14.0,154.0
28.6922,42.0,154.0
28.6972,-15.0,154.0
28.703,24.0,152.0
28.7074,38.0,152.0
28.7122,-80.0,152.0
28.7172,-67.0,150.0
28.7222,111.0,152.0
28.7272,73.0,152.0
28.7322,-110.0,152.0
28.7372,-44.0,152.0
28.7423,83.0,154.0
28.7472,1.0,152.0
28.7522,-35.0,154.0
28.7572,30.0,154.0
28.7622,-23.0,152.0
28.7672,-52.0,154.0
28.7723,68.0,152.0
28.7772,61.0,152.0
28.7822,-67.0,150.0
28.7871,-25.0,150.0
28.7921,38.0,148.0
28.7974,-61.0,148.0
28.8023,-36.0,148.0
28.8072,140.0,150.0
28.8121,69.0,150.0
28.8172,-154.0,150.0
28.8222,-83.0,150.0
28.8273,107.0,150.0
28.8322,41.0,150.0
28.8372,-47.0,148.0
28.8422,17.0,146.0
28.8472,0.0,144.0
28.8521,-34.0,144.0
28.8573,39.0,144.0
28.8623,12.0,144.0
28.8673,-60.0,144.0
28.8722,1.0,142.0
28.8772,29.0,142.0
28.8821,-5.0,140.0
28.8873,46.0,142.0
28.8923,30.0,140.0
28.8972,-119.0,142.0
28.9023,-74.0,142.0
28.9073,164.0,144.0
28.9124,113.0,146.0
28.9173,-178.0,146.0
28.9222,-122.0,148.0
28.9273,163.0,148.0
28.9322,78.0,148.0
28.9372,-143.0,150.0
28.9422,16.0,150.0
28.9471,146.0,152.0
28.9522,-131.0,152.0
28.9572,-173.0,154.0
28.9622,227.0,156.0
28.9672,217.0,158.0
28.9723,-249.0,162.0
28.9772,-277.0,164.0
28.9823,143.0,162.0
28.9872,295.0,166.0
28.9921,57.0,162.0
28.9974,-190.0,164.0
29.0023,-194.0,162.0
29.0072,2.0,160.0
29.0122,139.0,160.0
29.0172,93.0,160.0
29.0223,22.0,160.0
29.0273,-11.0,160.0
29.0322,-94.0,160.0
29.0372,-110.0,160.0
29.0421,27.0,158.0
29.0472,105.0,158.0
29.0524,56.0,158.0
29.0572,18.0,158.0
29.0623,-56.0,158.0
29.0673,-139.0,158.0
29.0722,-1.0,156.0
29.0772,194.0,156.0
29.0824,39.0,156.0
29.0874,-208.0,156.0
29.0922,-36.0,156.0
29.0973,203.0,156.0
29.1021,24.0,156.0
29.1072,-169.0,158.0
29.1123,-25.0,158.0
29.1172,99.0,160.0
29.1222,32.0,160.0
29.1272,-11.0,160.0
29.1322,-34.0,160.0
29.1372,-50.0,160.0
29.1424,47.0,160.0
29.1473,67.0,160.0
29.1522,-89.0,160.0
29.1571,-68.0,160.0
29.1621,133.0,160.0
29.1672,70.0,158.0
29.1723,-122.0,160.0
29.1772,-32.0,158.0
29.1822,54.0,158.0
29.1873,-68.0,156.0
29.1921,0.0,156.0
29.1974,172.0,158.0
29.2022,17.0,158.0
29.2072,-183.0,158.0
29.2122,-56.0,160.0
29.2171,86.0,160.0
29.2222,39.0,160.0
29.2272,9.0,160.0
29.2322,15.0,158.0
29.2371,-5.0,158.0
29.2421,-6.0,156.0
29.2473,-63.0,156.0
29.2525,-81.0,154.0
29.2572,79.0,156.0
29.2622,151.0,154.0
29.2671,-12.0,154.0
29.2724,-132.0,156.0
29.2773,-67.0,156.0
29.2823,52.0,156.0
29.2872,98.0,156.0
29.2921,5.0,156.0
29.2971,-87.0,156.0
29.3021,1.0,154.0
29.3071,80.0,156.0
29.3123,-40.0,156.0
29.3178,-109.0,156.0
29.3221,55.0,156.0
29.3272,169.0,158.0
29.3323,-12.0,158.0
29.3372,-206.0,160.0
29.3423,-85.0,162.0
29.3473,158.0,164.0
29.3522,178.0,164.0
29.3572,-31.0,164.0
29.3625,-169.0,166.0
29.3672,-86.0,166.0
29.3722,38.0,164.0
29.3772,105.0,166.0
29.3822,114.0,166.0
29.3873,-30.0,166.0
29.3925,-179.0,168.0
29.3973,-59.0,170.0
29.4023,147.0,170.0
29.4072,107.0,172.0
29.4121,-89.0,172.0
29.4172,-109.0,172.0
29.4223,71.0,172.0
29.4273,99.0,174.0
29.4323,-79.0,174.0
29.4372,-107.0,176.0
29.4422,55.0,176.0
29.4471,119.0,176.0
29.4521,3.0,174.0
29.4572,-96.0,174.0
29.4621,-35.0,172.0
29.4671,32.0,172.0
29.4722,6.0,172.0
29.4773,33.0,170.0
29.4822,53.0,172.0
29.4873,-65.0,172.0
29.4923,-92.0,174.0
29.4971,58.0,174.0
29.5022,77.0,174.0
29.5072,-48.0,174.0
29.5125,-31.0,174.0
29.5174,74.0,176.0
29.5221,18.0,176.0
29.5272,-129.0,178.0
29.5322,-73.0,178.0
29.5372,162.0,178.0
29.5423,155.0,180.0
29.5473,-148.0,180.0
29.5522,-196.0,180.0
29.5572,122.0,180.0
29.5622,192.0,180.0
29.5674,-115.0,180.0
29.5722,-178.0,182.0
29.5772,110.0,182.0
29.5822,158.0,184.0
29.5873,-97.0,182.0
29.5923,-133.0,182.0
29.5975,84.0,182.0
29.6024,129.0,180.0
29.6071,-53.0,178.0
29.6122,-136.0,176.0
29.6171,-4.0,172.0
29.6222,108.0,170.0
29.6272,46.0,166.0
29.6322,-57.0,166.0
29.6372,-47.0,164.0
29.6422,36.0,162.0
29.6471,36.0,162.0
29.6521,-45.0,162.0
29.6572,-25.0,160.0
29.6623,64.0,160.0
29.6671,4.0,160.0
29.6724,-115.0,160.0
29.6771,15.0,160.0
29.6822,210.0,162.0
29.6871,-5.0,160.0
29.6923,-285.0,164.0
29.6972,-22.0,164.0
29.7021,271.0,168.0
29.7072,13.0,166.0
29.7125,-194.0,168.0
29.7172,42.0,166.0
29.7222,128.0,168.0
29.7272,-86.0,166.0
29.7322,-103.0,166.0
29.7372,84.0,166.0
29.7422,111.0,166.0
29.7474,-63.0,164.0
29.7522,-124.0,166.0
29.7571,65.0,166.0
29.7622,111.0,168.0
29.7672,-112.0,168.0
29.7722,-72.0,170.0
29.7772,212.0,172.0
29.7822,45.0,172.0
29.7872,-341.0,176.0
29.7922,-65.0,176.0
29.7975,424.0,182.0
29.8022,106.0,180.0
29.8073,-385.0,186.0
29.8123,-100.0,186.0
29.8171,238.0,188.0
29.8222,22.0,188.0
29.8272,-87.0,188.0
29.8322,68.0,190.0
29.8372,22.0,188.0
29.8421,-85.0,188.0
29.8472,-27.0,186.0
29.8522,19.0,186.0
29.8571,9.0,184.0
29.8622,51.0,184.0
29.8672,80.0,186.0
29.8722,-42.0,186.0
29.8793,-201.0,188.0
29.8821,-60.0,190.0
29.8872,261.0,192.0
29.8922,175.0,194.0
29.8973,-218.0,196.0
29.9023,-193.0,196.0
29.9073,142.0,198.0
29.9123,97.0,198.0
29.9173,-161.0,200.0
29.9221,-5.0,200.0
29.9271,284.0,202.0
29.9325,21.0,202.0
29.9375,-367.0,206.0
29.9422,-73.0,208.0
29.9475,307.0,212.0
29.9522,8.0,210.0
29.9573,-186.0,212.0
29.9623,161.0,214.0
29.9672,134.0,214.0
29.9722,-250.0,216.0
29.9771,-127.0,216.0
29.9821,166.0,216.0
29.9871,48.0,216.0
29.9927,-55.0,214.0
29.9973,84.0,214.0
30.0023,71.0,212.0
30.0073,-123.0,214.0
30.0123,-138.0,214.0
30.0171,29.0,214.0
30.0224,93.0,214.0
30.0272,60.0,214.0
30.0321,30.0,212.0
30.0372,-41.0,212.0
30.0422,-77.0,210.0
30.0472,-20.0,208.0
30.0528,16.0,208.0
30.0572,32.0,206.0
30.0622,46.0,206.0
30.0672,-6.0,204.0
30.0722,-35.0,204.0
30.0771,6.0,202.0
30.0823,-19.0,202.0
30.0872,-50.0,200.0
30.0921,53.0,202.0
30.0972,83.0,202.0
30.1022,-72.0,202.0
30.1074,-75.0,202.0
30.1122,133.0,204.0
30.1172,88.0,206.0
30.1223,-199.0,208.0
30.1272,-168.0,210.0
30.1336,163.0,210.0
30.1373,219.0,212.0
30.1422,-50.0,212.0
30.1474,-125.0,214.0
30.1521,29.0,214.0
30.1572,-35.0,212.0
30.1622,-157.0,216.0
30.1671,77.0,214.0
30.1723,267.0,218.0
30.1771,7.0,214.0
30.1822,-214.0,216.0
30.1872,-59.0,214.0
30.1922,71.0,212.0
30.1973,17.0,210.0
30.2023,24.0,208.0
30.2072,17.0,206.0
30.2122,-59.0,204.0
30.2171,21.0,204.0
30.2223,85.0,202.0
30.2272,-85.0,202.0
30.2322,-122.0,202.0
30.2372,115.0,202.0
30.2422,150.0,202.0
30.2472,-100.0,204.0
30.2522,-148.0,204.0
30.2573,60.0,204.0
30.2621,103.0,204.0
30.2674,-30.0,204.0
30.2722,-37.0,204.0
30.2773,26.0,204.0
30.2821,-8.0,204.0
30.2873,-17.0,202.0
30.2921,29.0,202.0
30.2972,-13.0,202.0
30.3024,-38.0,202.0
30.3071,22.0,202.0
30.3122,16.0,200.0
30.3171,36.0,200.0
30.3221,66.0,198.0
30.3272,-117.0,200.0
30.3322,-170.0,198.0
30.3371,118.0,200.0
30.3421,195.0,200.0
30.3473,-17.0,200.0
30.3521,-86.0,198.0
30.3572,-87.0,198.0
30.3622,-82.0,198.0
30.3672,102.0,198.0
30.3724,172.0,198.0
30.3772,-49.0,198.0
30.3823,-116.0,198.0
30.3873,18.0,198.0
30.3922,-13.0,196.0
30.3974,-47.0,196.0
30.4023,103.0,196.0
30.4078,89.0,196.0
30.4122,-134.0,196.0
30.4173,-105.0,194.0
30.4222,151.0,196.0
30.4273,104.0,192.0
30.4323,-155.0,194.0
30.4374,-100.0,188.0
30.4421,129.0,188.0
30.4471,84.0,184.0
30.4524,-103.0,184.0
30.4572,-60.0,182.0
30.4623,105.0,182.0
30.4672,51.0,182.0
30.4722,-112.0,182.0
30.4772,-48.0,184.0
30.4822,102.0,184.0
30.4871,32.0,184.0
30.4922,-80.0,184.0
30.4971,-11.0,184.0
30.5021,45.0,184.0
30.5074,-5.0,184.0
30.5123,-3.0,182.0
30.5173,9.0,180.0
30.5223,-24.0,180.0
30.5271,32.0,176.0
30.5321,55.0,174.0
30.5374,-104.0,172.0
30.5423,-123.0,170.0
30.5472,106.0,170.0
30.5521,182.0,172.0
30.5571,7.0,170.0
30.5621,-147.0,172.0
30.5672,-133.0,170.0
30.5721,22.0,170.0
30.5773,140.0,166.0
30.5823,70.0,166.0
30.5874,-38.0,162.0
30.5921,-42.0,162.0
30.5972,-44.0,160.0
30.6023,-57.0,158.0
30.6072,24.0,156.0
30.6121,109.0,154.0
30.6172,71.0,154.0
30.6223,-50.0,152.0
30.6272,-159.0,154.0
30.6322,-81.0,154.0
30.6372,190.0,156.0
30.6422,208.0,158.0
30.6472,-165.0,158.0
30.6522,-284.0,160.0
30.6571,90.0,162.0
30.6622,277.0,164.0
30.6671,25.0,164.0
30.6724,-153.0,166.0
30.6772,-118.0,166.0
30.6823,-53.0,166.0
30.6871,96.0,168.0
30.6921,194.0,170.0
30.6971,20.0,170.0
30.7022,-154.0,172.0
30.7073,-92.0,174.0
30.7123,3.0,172.0
30.7172,38.0,174.0
30.7221,92.0,174.0
30.7272,57.0,174.0
30.7322,-66.0,174.0
30.7374,-69.0,174.0
30.7425,-3.0,174.0
30.7472,-4.0,172.0
30.7523,39.0,170.0
30.7572,70.0,170.0
30.7622,-55.0,168.0
30.7673,-90.0,166.0
30.7724,69.0,166.0
30.7772,85.0,164.0
30.7822,-54.0,164.0
30.7873,-59.0,162.0
30.7921,9.0,162.0
30.7973,-1.0,162.0
30.8022,9.0,160.0
30.8072,57.0,158.0
30.8121,22.0,156.0
30.8171,-52.0,156.0
30.8222,-60.0,154.0
30.8273,11.0,152.0
30.8322,66.0,152.0
30.8372,-21.0,152.0
30.8422,-61.0,154.0
30.8472,104.0,154.0
30.8526,86.0,156.0
30.8572,-170.0,158.0
30.8625,-140.0,158.0
30.8672,107.0,158.0
30.8722,163.0,160.0
30.8771,67.0,158.0
30.8821,-108.0,158.0
30.8872,-207.0,160.0
30.8922,20.0,158.0
30.8972,213.0,160.0
30.9021,11.0,158.0
30.9072,-132.0,160.0
30.9122,31.0,160.0
30.9172,59.0,160.0
30.9222,-82.0,162.0
30.9272,-32.0,162.0
30.9321,85.0,162.0
30.9372,36.0,164.0
30.9423,-78.0,164.0
30.9474,-54.0,164.0
30.9522,115.0,166.0
30.9571,93.0,166.0
30.9622,-157.0,168.0
30.9672,-139.0,168.0
30.9723,135.0,168.0
30.9774,134.0,168.0
30.9823,-71.0,166.0
30.9874,-46.0,166.0
30.9922,47.0,166.0
30.9976,-57.0,166.0
31.0024,-85.0,166.0
31.0071,80.0,166.0
31.0121,119.0,164.0
31.0171,-12.0,164.0
31.0222,-91.0,164.0
31.0274,-56.0,164.0
31.0323,13.0,164.0
31.0371,46.0,164.0
31.0422,47.0,164.0
31.0472,17.0,162.0
31.0522,-48.0,160.0
31.0572,-30.0,160.0
31.0623,35.0,158.0
31.0671,-43.0,156.0
31.0721,-81.0,156.0
31.0772,98.0,156.0
31.0822,158.0,156.0
31.0873,-19.0,156.0
31.0922,-156.0,156.0
31.0972,-153.0,158.0
31.1024,34.0,156.0
31.1071,263.0,160.0
31.1123,110.0,160.0
31.1173,-227.0,162.0
31.1222,-151.0,164.0
31.1272,116.0,164.0
31.1321,70.0,164.0
31.1372,-49.0,164.0
31.1422,31.0,164.0
31.1472,54.0,166.0
31.1522,-68.0,166.0
31.1572,-81.0,168.0
31.1622,37.0,168.0
31.1679,78.0,168.0
31.1721,23.0,168.0
31.1778,-31.0,166.0
31.1827,-78.0,166.0
31.1873,-46.0,166.0
31.1924,80.0,164.0
31.1981,101.0,164.0
31.2029,-20.0,162.0
31.2071,-92.0,162.0
31.2123,-36.0,162.0
31.2174,45.0,162.0
31.2225,38.0,160.0
31.2283,-25.0,160.0
31.2321,-14.0,160.0
31.2371,49.0,160.0
31.2423,22.0,160.0
31.2471,-83.0,160.0
31.2525,-84.0,160.0
31.2571,92.0,160.0
31.2628,170.0,162.0
31.2678,-52.0,160.0
31.2724,-208.0,162.0
31.2773,-30.0,160.0
31.2827,151.0,160.0
31.2879,84.0,158.0
31.2927,-47.0,154.0
31.2977,-49.0,154.0
31.3024,-1.0,150.0
31.3073,-35.0,150.0
31.3128,-31.0,148.0
31.3176,82.0,146.0
31.3224,84.0,148.0
31.3282,-71.0,146.0
31.3325,-99.0,146.0
31.3376,37.0,146.0
31.343,89.0,144.0
31.3471,-1.0,144.0
31.3521,-80.0,144.0
31.3573,-47.0,144.0
31.3622,60.0,144.0
31.3677,92.0,144.0
31.3721,-5.0,144.0
31.3779,-84.0,144.0
31.3829,-61.0,144.0
31.3871,9.0,144.0
31.3922,88.0,146.0
31.3977,73.0,146.0
31.4029,-65.0,146.0
31.4071,-104.0,146.0
31.4126,35.0,146.0
31.4182,87.0,146.0
31.4224,-21.0,146.0
31.4281,-50.0,146.0
31.4321,15.0,146.0
31.4371,9.0,146.0
31.4426,0.0,146.0
31.4473,25.0,144.0
31.4522,-48.0,146.0
31.4571,-58.0,146.0
31.4637,120.0,146.0
31.4685,91.0,148.0
31.4729,-168.0,148.0
31.4777,-101.0,150.0
31.4826,155.0,152.0
31.4876,63.0,150.0
31.4925,-108.0,152.0
31.4973,7.0,148.0
31.5024,69.0,148.0
31.5074,-64.0,146.0
31.5123,-48.0,146.0
31.5173,73.0,146.0
31.5222,40.0,144.0
31.5276,-50.0,142.0
31.5324,-43.0,142.0
31.5376,33.0,140.0
31.5422,65.0,140.0
31.5476,-32.0,138.0
31.5523,-91.0,140.0
31.5571,37.0,140.0
31.5623,102.0,140.0
31.5674,-32.0,140.0
31.5721,-107.0,140.0
31.5777,9.0,140.0
31.5829,121.0,140.0
31.5873,39.0,140.0
31.5926,-124.0,140.0
31.598,-102.0,140.0
31.6032,90.0,140.0
31.6071,143.0,140.0
31.6126,-24.0,138.0
31.6179,-120.0,138.0
31.6224,-40.0,136.0
31.6278,13.0,136.0
31.6321,66.0,136.0
31.6371,124.0,138.0
31.6423,-33.0,136.0
31.6472,-190.0,138.0
31.6535,-20.0,136.0
31.6572,142.0,138.0
31.6629,31.0,138.0
31.6673,-50.0,138.0
31.6721,22.0,138.0
31.6773,2.0,138.0
31.6825,-76.0,138.0
31.6879,-5.0,138.0
31.6922,69.0,138.0
31.6973,0.0,138.0
31.7023,-11.0,138.0
31.7075,45.0,138.0
31.7135,-47.0,136.0
31.718,-108.0,136.0
31.7221,83.0,136.0
31.7276,144.0,138.0
31.7325,-90.0,136.0
31.7374,-128.0,136.0
31.7421,78.0,136.0
31.7477,74.0,134.0
31.7523,-63.0,134.0
31.7573,-28.0,130.0
31.7622,47.0,128.0
31.7675,16.0,126.0
31.7721,-29.0,126.0
31.7778,-36.0,126.0
31.7823,22.0,126.0
31.7873,82.0,126.0
31.7923,-27.0,126.0
31.7978,-125.0,126.0
31.8031,21.0,126.0
31.8071,104.0,126.0
31.8126,0.0,126.0
31.8176,3.0,126.0
31.8224,10.0,124.0
31.8279,-135.0,126.0
31.8322,-87.0,126.0
31.8373,187.0,128.0
31.8422,180.0,130.0
31.8471,-130.0,130.0
31.8524,-201.0,134.0
31.8572,36.0,132.0
31.8621,133.0,134.0
31.8671,13.0,134.0
31.8732,-57.0,134.0
31.8807,-16.0,134.0
31.8824,50.0,134.0
31.8882,12.0,134.0
31.8922,-108.0,134.0
31.8976,-22.0,134.0
31.9024,177.0,134.0
31.9075,49.0,134.0
31.9129,-203.0,134.0
31.9176,-83.0,134.0
31.9223,173.0,134.0
31.9274,93.0,134.0
31.9324,-119.0,136.0
31.9376,-72.0,136.0
31.9421,90.0,138.0
31.9472,53.0,138.0
31.9521,-86.0,138.0
31.9573,-57.0,138.0
31.9624,58.0,138.0
31.9671,52.0,138.0
31.9721,18.0,136.0
31.9786,3.0,136.0
31.9827,-88.0,136.0
31.9873,-91.0,136.0
31.9924,88.0,136.0
31.9977,142.0,138.0
32.0027,-36.0,138.0
32.0071,-118.0,138.0
32.0123,-9.0,138.0
32.0183,47.0,138.0
32.0224,32.0,138.0
32.0274,9.0,138.0
32.0322,-56.0,138.0
32.0372,-24.0,136.0
32.0427,98.0,136.0
32.0473,13.0,136.0
32.0524,-133.0,136.0
32.0571,8.0,136.0
32.0628,121.0,138.0
32.0675,-48.0,138.0
32.0721,-76.0,138.0
32.0783,96.0,140.0
32.0827,38.0,140.0
32.0877,-109.0,142.0
32.0921,-7.0,140.0
32.0971,85.0,142.0
32.1024,-36.0,140.0
32.1077,-66.0,140.0
32.1124,67.0,138.0
32.1179,70.0,138.0
32.1221,-58.0,136.0
32.1277,-71.0,136.0
32.1323,36.0,134.0
32.1374,61.0,136.0
32.143,-37.0,136.0
32.1479,-52.0,136.0
32.1521,56.0,136.0
32.1573,50.0,134.0
32.1623,-65.0,136.0
32.1676,-38.0,136.0
32.1723,59.0,136.0
32.1772,4.0,134.0
32.1828,-60.0,134.0
32.1871,36.0,134.0
32.1923,68.0,134.0
32.1972,-48.0,134.0
32.2021,-57.0,134.0
32.2072,2.0,134.0
32.2121,11.0,132.0
32.2171,92.0,134.0
32.2221,66.0,132.0
32.2272,-173.0,134.0
32.2321,-146.0,134.0
32.2372,160.0,136.0
32.2421,169.0,136.0
32.2473,-54.0,136.0
32.2525,-104.0,136.0
32.2573,-51.0,136.0
32.2622,8.0,136.0
32.2672,93.0,136.0
32.2724,41.0,136.0
32.2772,-101.0,136.0
32.2834,-50.0,136.0
32.2872,106.0,134.0
32.2921,58.0,136.0
32.2971,-91.0,134.0
32.3022,-70.0,136.0
32.3072,46.0,136.0
32.3125,72.0,136.0
32.3172,0.0,136.0
32.3222,-68.0,136.0
32.3271,-25.0,136.0
32.3322,63.0,136.0
32.3373,30.0,136.0
32.3421,-48.0,136.0
32.3474,-26.0,136.0
32.3521,25.0,136.0
32.3571,25.0,136.0
32.3621,-16.0,134.0
32.3671,-47.0,132.0
32.3723,18.0,132.0
32.3772,77.0,130.0
32.3823,-7.0,130.0
32.3871,-69.0,130.0
32.3925,-5.0,128.0
32.3973,15.0,128.0
32.4022,-7.0,128.0
32.4071,20.0,128.0
32.4121,33.0,128.0
32.4171,10.0,128.0
32.4222,-27.0,128.0
32.4274,-74.0,128.0
32.4322,-16.0,128.0
32.4372,97.0,126.0
32.4421,45.0,128.0
32.4471,-63.0,126.0
32.4522,-17.0,126.0
32.4571,23.0,126.0
32.4623,-43.0,128.0
32.4673,-15.0,126.0
32.4723,76.0,126.0
32.4778,13.0,122.0
32.4822,-60.0,120.0
32.4872,27.0,120.0
32.4921,38.0,116.0
32.4971,-80.0,118.0
32.5021,-57.0,116.0
32.5072,68.0,118.0
32.5124,97.0,118.0
32.5171,27.0,118.0
32.5221,-90.0,118.0
32.5273,-121.0,120.0
32.5321,16.0,118.0
32.5383,118.0,120.0
32.5421,52.0,118.0
32.5471,-28.0,118.0
32.5522,-49.0,116.0
32.5571,-44.0,114.0
32.5621,5.0,112.0
32.5672,38.0,112.0
32.5723,-7.0,110.0
32.5772,-2.0,108.0
32.5822,70.0,108.0
32.5871,17.0,108.0
32.5922,-116.0,108.0
32.5973,-87.0,108.0
32.6023,85.0,110.0
32.6072,150.0,110.0
32.6121,-12.0,110.0
32.6172,-152.0,112.0
32.6222,-37.0,112.0
32.6272,103.0,112.0
32.6321,56.0,112.0
32.6371,-28.0,110.0
32.6421,-58.0,110.0
32.6471,-60.0,110.0
32.6522,37.0,110.0
32.6571,129.0,112.0
32.6621,12.0,110.0
32.6671,-132.0,112.0
32.6721,-54.0,112.0
32.6771,72.0,114.0
32.6822,48.0,112.0
32.6872,-24.0,112.0
32.6932,-9.0,110.0
32.6971,51.0,112.0
32.7022,6.0,110.0
32.7072,-103.0,110.0
32.7126,-64.0,110.0
32.7174,86.0,110.0
32.7222,117.0,112.0
32.7271,6.0,110.0
32.7321,-94.0,112.0
32.7372,-83.0,112.0
32.7422,17.0,110.0
32.7473,79.0,112.0
32.7521,14.0,110.0
32.7571,-26.0,110.0
32.7621,52.0,110.0
32.7671,19.0,108.0
32.7724,-158.0,110.0
32.7773,-95.0,112.0
32.7822,196.0,114.0
32.7873,192.0,116.0
32.7922,-141.0,118.0
32.7974,-226.0,120.0
32.8023,67.0,120.0
32.8072,196.0,122.0
32.8121,-32.0,122.0
32.8171,-158.0,124.0
32.8221,8.0,124.0
32.8274,116.0,124.0
32.8321,25.0,124.0
32.8371,-36.0,124.0
32.8421,-27.0,124.0
32.8473,-55.0,124.0
32.8523,-24.0,124.0
32.8572,83.0,124.0
32.8621,79.0,124.0
32.8671,-28.0,122.0
32.8722,-80.0,122.0
32.8772,-42.0,120.0
32.8823,42.0,118.0
32.8873,57.0,118.0
32.8922,-22.0,116.0
32.8971,-8.0,116.0
32.903,48.0,116.0
32.9076,-56.0,116.0
32.9128,-91.0,116.0
32.9173,89.0,116.0
32.9222,102.0,118.0
32.9272,-82.0,116.0
32.9324,-66.0,116.0
32.9373,51.0,116.0
32.9423,14.0,116.0
32.9473,-14.0,114.0
32.9521,14.0,114.0
32.9572,-17.0,114.0
32.9621,-15.0,114.0
32.9671,41.0,114.0
32.9723,13.0,112.0
32.9773,-52.0,114.0
32.9823,-23.0,112.0
32.9872,40.0,112.0
32.9922,23.0,112.0
32.9974,-33.0,114.0
33.0021,-4.0,112.0
33.0071,63.0,114.0
33.0121,-5.0,112.0
33.0171,-106.0,114.0
33.0222,-2.0,114.0
33.0273,122.0,114.0
33.0321,10.0,114.0
33.0371,-111.0,116.0
33.0421,-8.0,116.0
33.0471,74.0,116.0
33.0521,-9.0,116.0
33.0575,-21.0,116.0
33.0623,37.0,116.0
33.0673,-17.0,116.0
33.0722,-48.0,116.0
33.0771,36.0,116.0
33.0823,31.0,114.0
33.0873,-46.0,114.0
33.0922,-3.0,114.0
33.0972,31.0,114.0
33.1026,-36.0,114.0
33.1071,6.0,114.0
33.1125,88.0,114.0
33.1172,-2.0,114.0
33.1221,-101.0,114.0
33.1272,-64.0,116.0
33.1322,22.0,116.0
33.1371,122.0,116.0
33.1421,100.0,116.0
33.1473,-105.0,118.0
33.1522,-170.0,118.0
33.1575,37.0,118.0
33.1621,147.0,120.0
33.1671,18.0,118.0
33.1722,-75.0,118.0
33.1772,-27.0,118.0
33.1821,18.0,116.0
33.1871,10.0,116.0
33.1921,4.0,116.0
33.1973,3.0,116.0
33.2023,-5.0,116.0
33.2071,-9.0,114.0
33.2121,-8.0,114.0
33.2171,-3.0,114.0
33.2222,29.0,114.0
33.2273,46.0,114.0
33.2322,-37.0,114.0
33.2372,-87.0,114.0
33.2421,27.0,112.0
33.2472,82.0,112.0
33.2523,-25.0,112.0
33.2573,-52.0,110.0
33.2623,39.0,110.0
33.2672,55.0,110.0
33.2721,-39.0,108.0
33.2771,-89.0,110.0
33.2821,4.0,110.0
33.2871,91.0,110.0
33.2922,28.0,110.0
33.2972,-42.0,108.0
33.3021,-17.0,108.0
33.3075,-10.0,106.0
33.3124,-27.0,106.0
33.3171,23.0,106.0
33.3221,57.0,106.0
33.3271,-14.0,106.0
33.3323,-46.0,106.0
33.3373,32.0,106.0
33.3424,12.0,106.0
33.3472,-79.0,106.0
33.3521,9.0,104.0
33.3573,99.0,104.0
33.3622,-23.0,102.0
33.3671,-63.0,104.0
33.3723,53.0,104.0
33.3772,7.0,102.0
33.3822,-84.0,104.0
33.3871,28.0,102.0
33.3922,72.0,104.0
33.3973,-69.0,104.0
33.4022,-14.0,104.0
33.4074,139.0,106.0
33.4123,-31.0,104.0
33.4171,-191.0,104.0
33.4222,16.0,102.0
33.4276,164.0,102.0
33.4323,31.0,100.0
33.4371,-71.0,98.0
33.4421,-43.0,96.0
33.4471,-13.0,94.0
33.4523,-10.0,94.0
33.4572,40.0,92.0
33.4622,102.0,94.0
33.4673,-4.0,92.0
33.4721,-165.0,94.0
33.4773,-60.0,94.0
33.4823,130.0,96.0
33.4871,75.0,96.0
33.4921,-2.0,96.0
33.4971,33.0,94.0
33.5022,-97.0,96.0
33.5075,-202.0,98.0
33.5122,61.0,98.0
33.5172,256.0,100.0
33.5222,42.0,100.0
33.5271,-140.0,102.0
33.5322,-73.0,104.0
33.5371,-7.0,104.0
33.5423,15.0,102.0
33.5473,57.0,102.0
33.5521,39.0,102.0
33.5571,-19.0,100.0
33.5621,-35.0,100.0
33.5673,-22.0,98.0
33.5723,-9.0,98.0
33.5772,18.0,98.0
33.5823,53.0,98.0
33.5882,13.0,98.0
33.5921,-75.0,98.0
33.5975,-23.0,98.0
33.6023,84.0,100.0
33.6071,-8.0,100.0
33.6122,-91.0,100.0
33.6176,56.0,100.0
33.6222,106.0,102.0
33.6273,-78.0,102.0
33.6322,-113.0,104.0
33.6373,52.0,104.0
33.6421,71.0,106.0
33.6472,-12.0,104.0
33.6521,26.0,104.0
33.6574,14.0,104.0
33.6623,-120.0,106.0
33.6672,-54.0,104.0
33.6723,148.0,106.0
33.6771,77.0,106.0
33.6821,-112.0,108.0
33.6871,-52.0,108.0
33.6921,50.0,108.0
33.6972,-7.0,108.0
33.7022,-4.0,108.0
33.7074,45.0,108.0
33.7125,-12.0,106.0
33.7171,-6.0,106.0
33.7222,42.0,106.0
33.7271,-75.0,108.0
33.7322,-103.0,108.0
33.7373,107.0,110.0
33.7423,144.0,112.0
33.7473,-71.0,112.0
33.7521,-119.0,112.0
33.7571,28.0,114.0
33.7622,64.0,112.0
33.7671,-11.0,112.0
33.7722,-34.0,112.0
33.7771,4.0,110.0
33.7821,36.0,110.0
33.7871,5.0,108.0
33.7922,-49.0,106.0
33.7974,-10.0,106.0
33.8021,57.0,104.0
33.8071,4.0,104.0
33.8121,-42.0,104.0
33.8171,5.0,102.0
33.8221,0.0,102.0
33.8276,-14.0,102.0
33.8321,38.0,104.0
33.8371,17.0,104.0
33.8421,-34.0,104.0
33.8471,-6.0,104.0
33.8524,-5.0,104.0
33.8572,-13.0,104.0
33.8623,41.0,104.0
33.8673,9.0,104.0
33.8721,-59.0,104.0
33.8812,32.0,104.0
33.8821,74.0,104.0
33.8871,-75.0,104.0
33.8921,-96.0,104.0
33.8978,63.0,106.0
33.9021,108.0,106.0
33.9072,13.0,106.0
33.9122,-81.0,106.0
33.9171,-94.0,106.0
33.9221,17.0,106.0
33.928,108.0,106.0
33.9326,38.0,106.0
33.9374,-50.0,106.0
33.9422,-45.0,108.0
33.9472,-29.0,108.0
33.9521,12.0,108.0
33.9573,83.0,108.0
33.9622,16.0,108.0
33.9672,-104.0,110.0
33.9723,-24.0,108.0
33.9772,105.0,110.0
33.9821,26.0,110.0
33.9871,-94.0,110.0
33.9923,-30.0,110.0
33.9973,83.0,110.0
34.0023,46.0,110.0
34.0071,-85.0,112.0
34.0121,-88.0,112.0
34.0172,75.0,112.0
34.0221,128.0,114.0
34.0272,-30.0,114.0
34.0322,-114.0,114.0
34.0372,-10.0,114.0
34.0421,50.0,114.0
34.0471,-5.0,112.0
34.0523,-11.0,112.0
34.0572,52.0,110.0
34.0624,36.0,110.0
34.0673,-53.0,108.0
34.0722,-60.0,108.0
34.0771,-21.0,108.0
34.0821,3.0,106.0
34.0874,98.0,108.0
34.0922,107.0,110.0
34.0971,-87.0,110.0
34.1021,-161.0,112.0
34.1072,12.0,112.0
34.1123,99.0,110.0
34.1171,16.0,110.0
34.1221,5.0,108.0
34.1272,34.0,108.0
34.1323,-49.0,108.0
34.1373,-82.0,108.0
34.1421,24.0,108.0
34.1472,49.0,106.0
34.1521,0.0,104.0
34.1571,32.0,100.0
34.162,6.0,100.0
34.1672,-75.0,100.0
34.1732,-18.0,98.0
34.1772,42.0,98.0
34.1822,-1.0,98.0
34.1871,23.0,98.0
34.1921,54.0,98.0
34.1972,-59.0,98.0
34.2021,-93.0,100.0
34.2071,42.0,100.0
34.2121,79.0,102.0
34.217,0.0,100.0
34.2222,-25.0,100.0
34.2272,-33.0,100.0
34.2322,-16.0,100.0
34.2371,56.0,100.0
34.2421,36.0,100.0
34.2471,-85.0,100.0
34.2522,-80.0,100.0
34.2571,86.0,102.0
34.2622,162.0,102.0
34.2671,-5.0,100.0
34.2721,-199.0,102.0
34.2771,-120.0,104.0
34.2821,102.0,104.0
34.2871,167.0,106.0
34.2921,80.0,108.0
34.2971,-78.0,108.0
34.3021,-200.0,110.0
34.3074,-73.0,110.0
34.3124,170.0,110.0
34.3172,169.0,112.0
34.3221,-34.0,110.0
34.3271,-153.0,112.0
34.3332,-88.0,112.0
34.3371,61.0,114.0
34.3421,113.0,114.0
34.3473,21.0,114.0
34.3521,-41.0,114.0
34.3571,-27.0,116.0
34.3621,-52.0,116.0
34.3671,-44.0,114.0
34.3722,89.0,114.0
34.3771,130.0,116.0
34.3821,-44.0,114.0
34.3872,-158.0,114.0
34.3921,-28.0,114.0
34.3972,118.0,114.0
34.4021,56.0,114.0
34.4071,-69.0,116.0
34.4121,-22.0,116.0
34.4171,56.0,116.0
34.4224,-19.0,116.0
34.4271,-63.0,116.0
34.4332,23.0,116.0
34.4372,56.0,118.0
34.4422,9.0,116.0
34.4472,-19.0,116.0
34.4522,-46.0,116.0
34.4573,-38.0,118.0
34.4622,47.0,118.0
34.4671,74.0,118.0
34.4723,-9.0,118.0
34.4771,-55.0,120.0
34.4821,-24.0,118.0
34.4872,4.0,118.0
34.4921,34.0,120.0
34.4971,31.0,120.0
34.5022,-46.0,120.0
34.5071,-36.0,120.0
34.5122,74.0,120.0
34.5171,24.0,120.0
34.5222,-82.0,120.0
34.5271,0.0,120.0
34.5321,26.0,118.0
34.5372,-44.0,118.0
34.5421,77.0,118.0
34.5472,100.0,118.0
34.5521,-163.0,120.0
34.5571,-127.0,120.0
34.5622,173.0,122.0
34.5671,71.0,122.0
34.5723,-120.0,124.0
34.5771,70.0,124.0
34.5821,79.0,124.0
34.5873,-192.0,128.0
34.5921,-82.0,128.0
34.5972,186.0,130.0
34.6021,67.0,130.0
34.6072,-83.0,130.0
34.6121,12.0,130.0
34.6171,5.0,128.0
34.6222,-111.0,130.0
34.6271,-11.0,128.0
34.6326,147.0,130.0
34.6384,53.0,130.0
34.6421,-103.0,130.0
34.6472,-65.0,130.0
34.6529,31.0,130.0
34.6571,31.0,128.0
34.6621,15.0,128.0
34.6672,24.0,126.0
34.6724,-21.0,126.0
34.6771,-66.0,126.0
34.6821,-2.0,126.0
34.6871,72.0,126.0
34.6921,27.0,126.0
34.6971,-40.0,126.0
34.7022,-19.0,126.0
34.7072,-7.0,126.0
34.7122,-21.0,126.0
34.7172,49.0,126.0
34.7221,77.0,126.0
34.7271,-68.0,126.0
34.7321,-127.0,126.0
34.7371,37.0,126.0
34.7421,134.0,126.0
34.7482,32.0,126.0
34.7523,-66.0,126.0
34.7571,-82.0,126.0
34.7621,-43.0,126.0
34.7671,72.0,128.0
34.7722,120.0,128.0
34.7773,-35.0,128.0
34.7822,-133.0,130.0
34.7872,20.0,130.0
34.7922,110.0,130.0
34.7975,-30.0,130.0
34.8023,-86.0,132.0
34.8071,34.0,132.0
34.8121,57.0,132.0
34.8171,-11.0,132.0
34.8221,-12.0,132.0
34.8272,-21.0,132.0
34.8321,-30.0,132.0
34.8372,38.0,130.0
34.8429,32.0,130.0
34.8471,-36.0,130.0
34.8523,0.0,128.0
34.8571,20.0,128.0
34.8621,-22.0,128.0
34.8672,16.0,128.0
34.8722,12.0,128.0
34.8771,-72.0,128.0
34.882,5.0,128.0
34.8871,98.0,128.0
34.8921,-13.0,128.0
34.8971,-42.0,126.0
34.9021,40.0,124.0
34.9071,-69.0,126.0
34.9124,-102.0,124.0
34.9172,149.0,124.0
34.9221,146.0,126.0
34.9276,-153.0,126.0
34.9321,-125.0,126.0
34.9372,117.0,126.0
34.9422,64.0,124.0
34.9471,-94.0,124.0
34.9522,-19.0,122.0
34.9572,92.0,122.0
34.9621,5.0,120.0
34.9672,-90.0,120.0
34.9721,-4.0,118.0
34.9772,80.0,118.0
34.9821,5.0,118.0
34.9871,-74.0,118.0
34.9921,-4.0,118.0
34.9972,83.0,118.0
35.0021,7.0,118.0
35.0071,-103.0,118.0
35.0121,-12.0,118.0
35.0172,111.0,116.0
35.0221,11.0,116.0
35.0276,-89.0,116.0
35.0322,4.0,114.0
35.0371,43.0,114.0
35.0421,-44.0,114.0
35.0476,-11.0,112.0
35.0522,96.0,114.0
35.0572,30.0,114.0
35.0622,-107.0,114.0
35.0671,-72.0,114.0
35.0721,43.0,116.0
35.077,57.0,116.0
35.0822,54.0,116.0
35.0871,40.0,116.0
35.0922,-117.0,118.0
35.0972,-160.0,120.0
35.1022,119.0,120.0
35.1071,208.0,122.0
35.1123,-82.0,124.0
35.1171,-152.0,126.0
35.1222,48.0,126.0
35.1272,36.0,126.0
35.1322,-46.0,126.0
35.1372,58.0,126.0
35.1422,64.0,126.0
35.1472,-75.0,128.0
35.1532,-52.0,128.0
35.1572,27.0,128.0
35.1621,-8.0,126.0
35.1672,25.0,126.0
35.1721,79.0,128.0
35.1773,-47.0,128.0
35.1822,-109.0,128.0
35.1873,57.0,128.0
35.1921,96.0,126.0
35.1974,-68.0,126.0
35.2023,-66.0,124.0
35.2071,72.0,124.0
35.2121,30.0,122.0
35.2171,-68.0,122.0
35.2221,-14.0,122.0
35.2271,54.0,118.0
35.2321,38.0,118.0
35.2371,-21.0,116.0
35.2421,-70.0,116.0
35.2472,-21.0,114.0
35.2528,61.0,116.0
35.2572,36.0,116.0
35.2622,-16.0,114.0
35.2671,-8.0,114.0
35.2721,-21.0,112.0
35.2773,-44.0,112.0
35.2821,18.0,112.0
35.287,84.0,112.0
35.2921,14.0,112.0
35.2971,-80.0,112.0
35.3021,-36.0,112.0
35.3071,34.0,112.0
35.3122,23.0,112.0
35.3173,31.0,112.0
35.3222,8.0,112.0
35.3273,-96.0,112.0
35.3321,-39.0,112.0
35.3371,141.0,114.0
35.3422,63.0,114.0
35.3473,-133.0,116.0
35.3521,-63.0,118.0
35.3586,54.0,118.0
35.3621,16.0,116.0
35.3671,57.0,116.0
35.3722,70.0,116.0
35.3772,-107.0,116.0
35.3821,-124.0,116.0
35.3871,47.0,116.0
35.3923,63.0,116.0
35.3973,43.0,116.0
35.4023,91.0,116.0
35.4072,-65.0,116.0
35.4121,-234.0,118.0
35.4171,18.0,118.0
35.4225,290.0,120.0
35.4273,39.0,120.0
35.4322,-251.0,124.0
35.4372,-61.0,124.0
35.4422,149.0,124.0
35.4472,44.0,124.0
35.4524,-51.0,124.0
35.4578,-28.0,124.0
35.4621,7.0,124.0
35.4671,50.0,126.0
35.4722,-1.0,124.0
35.4772,-101.0,126.0
35.4823,-12.0,126.0
35.4873,125.0,126.0
35.4921,37.0,128.0
35.4971,-94.0,128.0
35.5021,-42.0,128.0
35.5071,46.0,130.0
35.5122,21.0,130.0
35.5171,-28.0,128.0
35.5221,-10.0,128.0
35.5271,31.0,128.0
35.5321,37.0,128.0
35.5371,-15.0,128.0
35.5425,-90.0,128.0
35.5474,-31.0,128.0
35.5521,124.0,128.0
35.5571,81.0,128.0
35.5621,-99.0,126.0
35.5671,-92.0,126.0
35.5721,13.0,124.0
35.5771,37.0,122.0
35.5821,76.0,122.0
35.5872,53.0,122.0
35.5922,-107.0,124.0
35.5973,-122.0,124.0
35.6021,65.0,124.0
35.6071,129.0,126.0
35.612,2.0,126.0
35.6172,-81.0,126.0
35.6221,-37.0,126.0
35.627,19.0,126.0
35.6321,6.0,126.0
35.6371,-8.0,124.0
35.6422,39.0,124.0
35.6472,79.0,124.0
35.6526,-6.0,124.0
35.6577,-166.0,124.0
35.6621,-118.0,126.0
35.6671,162.0,128.0
35.6722,233.0,132.0
35.6772,-39.0,132.0
35.6822,-228.0,134.0
35.6872,-92.0,136.0
35.6921,108.0,136.0
35.6971,115.0,136.0
35.7021,19.0,136.0
35.7084,-43.0,136.0
35.7123,-66.0,136.0
35.7172,-20.0,134.0
35.7221,51.0,134.0
35.7271,22.0,134.0
35.7322,-57.0,134.0
35.7371,-3.0,132.0
35.7421,106.0,130.0
35.747,7.0,128.0
35.7521,-135.0,128.0
35.7571,-10.0,126.0
35.7621,99.0,128.0
35.7673,-42.0,128.0
35.7721,-48.0,128.0
35.7771,137.0,128.0
35.7821,49.0,128.0
35.7871,-182.0,130.0
35.7923,-81.0,130.0
35.7972,134.0,132.0
35.8021,71.0,134.0
35.8071,-71.0,134.0
35.8121,-26.0,132.0
35.8171,65.0,134.0
35.8221,20.0,132.0
35.8272,-75.0,132.0
35.8323,-55.0,132.0
35.8371,33.0,130.0
35.8422,56.0,130.0
35.8471,37.0,130.0
35.8522,-1.0,130.0
35.8572,-79.0,130.0
35.8621,-48.0,130.0
35.867,84.0,130.0
35.8721,57.0,132.0
35.8771,-72.0,132.0
35.8826,-45.0,132.0
35.8871,50.0,132.0
35.8922,33.0,132.0
35.8973,-22.0,132.0
35.9021,-31.0,132.0
35.9071,3.0,132.0
35.9122,50.0,132.0
35.9171,13.0,132.0
35.9221,-88.0,132.0
35.9271,-49.0,132.0
35.9322,110.0,134.0
35.9374,95.0,134.0
35.9421,-87.0,134.0
35.9472,-108.0,136.0
35.952,23.0,136.0
35.9572,59.0,136.0
35.9621,38.0,136.0
35.9673,27.0,136.0
35.9721,-62.0,136.0
35.9771,-92.0,136.0
35.9821,48.0,136.0
35.9872,99.0,134.0
35.9924,-33.0,134.0
35.9973,-77.0,134.0
36.0021,34.0,134.0
36.0071,76.0,134.0
36.0121,-30.0,134.0
36.0171,-98.0,134.0
36.0222,8.0,132.0
36.0271,117.0,134.0
36.0322,12.0,132.0
36.0372,-114.0,134.0
36.0423,-30.0,132.0
36.0471,83.0,134.0
36.0526,58.0,130.0
36.0573,-17.0,130.0
36.0621,-89.0,128.0
36.0671,-68.0,128.0
36.0721,95.0,126.0
36.0772,123.0,126.0
36.0824,-80.0,126.0
36.0873,-105.0,126.0
36.0922,84.0,126.0
36.0971,31.0,126.0
36.1021,-122.0,128.0
36.1071,42.0,128.0
36.1122,151.0,130.0
36.1173,-80.0,130.0
36.1221,-138.0,132.0
36.1271,88.0,132.0
36.1321,96.0,132.0
36.1374,-82.0,132.0
36.1422,-55.0,132.0
36.1471,60.0,132.0
36.1522,22.0,132.0
36.1572,-10.0,132.0
36.1621,19.0,132.0
36.1673,-60.0,134.0
36.1723,-89.0,134.0
36.1772,125.0,136.0
36.1821,175.0,138.0
36.1872,-142.0,138.0
36.1922,-219.0,140.0
36.1975,106.0,140.0
36.2022,172.0,142.0
36.2071,-69.0,142.0
36.2121,-65.0,142.0
36.2171,68.0,142.0
36.2222,-7.0,142.0
36.2273,-73.0,142.0
36.2323,18.0,140.0
36.2371,44.0,140.0
36.2421,-24.0,138.0
36.247,-8.0,136.0
36.2521,59.0,138.0
36.2573,13.0,136.0
36.2621,-89.0,138.0
36.2673,-55.0,138.0
36.2723,82.0,140.0
36.2772,86.0,140.0
36.2822,-48.0,140.0
36.2871,-83.0,140.0
36.2921,18.0,140.0
36.2971,70.0,140.0
36.302,1.0,138.0
36.3071,-70.0,136.0
36.3122,-39.0,134.0
36.3173,62.0,134.0
36.3221,96.0,132.0
36.3271,-20.0,130.0
36.3322,-124.0,130.0
36.3372,-29.0,130.0
36.3421,93.0,130.0
36.3471,36.0,130.0
36.3521,-37.0,130.0
36.3571,4.0,130.0
36.3622,-3.0,128.0
36.3671,-54.0,130.0
36.3721,30.0,128.0
36.3771,88.0,130.0
36.3821,-46.0,130.0
36.3874,-97.0,130.0
36.3922,44.0,130.0
36.3973,88.0,130.0
36.4023,-14.0,130.0
36.4072,-59.0,130.0
36.4121,-24.0,128.0
36.4171,21.0,128.0
36.4222,49.0,128.0
36.4274,3.0,124.0
36.4324,-67.0,124.0
36.4372,-14.0,122.0
36.4421,82.0,122.0
36.4473,29.0,122.0
36.4522,-64.0,122.0
36.4573,-38.0,122.0
36.4621,9.0,122.0
36.467,13.0,120.0
36.4721,34.0,120.0
36.4771,26.0,120.0
36.4821,-18.0,120.0
36.4873,-32.0,120.0
36.4922,-36.0,120.0
36.4972,-10.0,120.0
36.5021,70.0,120.0
36.5073,64.0,120.0
36.5132,-59.0,120.0
36.5171,-86.0,120.0
36.523,29.0,120.0
36.528,61.0,120.0
36.5323,-25.0,120.0
36.5373,-20.0,120.0
36.5429,47.0,120.0
36.5473,18.0,120.0
36.5524,-42.0,120.0
36.5573,-52.0,120.0
36.5627,-11.0,118.0
36.5677,71.0,120.0
36.5738,74.0,118.0
36.577,-50.0,118.0
36.5825,-106.0,118.0
36.5873,8.0,116.0
36.5925,112.0,118.0
36.5978,30.0,118.0
36.6021,-97.0,118.0
36.6071,-47.0,118.0
36.6124,59.0,118.0
36.6173,42.0,118.0
36.6225,-8.0,118.0
36.6279,-38.0,116.0
36.6321,-29.0,116.0
36.6373,52.0,116.0
36.6424,39.0,116.0
36.6473,-76.0,116.0
36.6524,-37.0,116.0
36.6572,73.0,116.0
36.6627,41.0,116.0
36.6677,-24.0,114.0
36.6723,-32.0,116.0
36.6771,-35.0,114.0
36.6822,-9.0,114.0
36.6883,53.0,114.0
36.692,57.0,114.0
36.6978,-34.0,114.0
36.7023,-90.0,114.0
36.7073,26.0,112.0
36.7123,137.0,114.0
36.7174,-39.0,112.0
36.7221,-221.0,114.0
36.7283,39.0,114.0
36.7323,298.0,116.0
36.7375,-16.0,116.0
36.7421,-318.0,120.0
36.7476,-5.0,118.0
36.7523,276.0,120.0
36.7576,5.0,120.0
36.7621,-192.0,120.0
36.7675,14.0,120.0
36.7732,106.0,120.0
36.777,-35.0,118.0
36.7823,-48.0,118.0
36.7884,43.0,118.0
36.792,16.0,118.0
36.7976,-41.0,118.0
36.8027,7.0,118.0
36.8071,32.0,118.0
36.8121,-15.0,118.0
36.8173,-4.0,116.0
36.8222,-4.0,112.0
36.828,-38.0,110.0
36.832,26.0,108.0
36.837,57.0,108.0
36.8428,-29.0,104.0
36.8473,-17.0,104.0
36.8524,25.0,104.0
36.8571,-42.0,104.0
36.8627,-28.0,104.0
36.8677,44.0,102.0
36.8723,17.0,102.0
36.8773,26.0,102.0
36.8824,35.0,102.0
36.8875,-100.0,104.0
36.8921,-107.0,104.0
36.8977,109.0,106.0
36.9023,140.0,108.0
36.9072,-58.0,108.0
36.9124,-104.0,108.0
36.9171,7.0,106.0
36.9227,31.0,106.0
36.927,0.0,104.0
36.9323,16.0,104.0
36.9371,21.0,104.0
36.943,-11.0,104.0
36.9478,-23.0,104.0
36.9523,-25.0,104.0
36.9572,-20.0,102.0
36.962,60.0,102.0
36.9674,91.0,104.0
36.9723,-59.0,102.0
36.9778,-142.0,104.0
36.983,16.0,102.0
36.9872,123.0,104.0
36.9932,25.0,104.0
36.9979,-47.0,104.0
37.0023,-26.0,104.0
37.0073,-16.0,104.0
37.0122,0.0,104.0
37.0173,27.0,102.0
37.0221,24.0,102.0
37.0277,-2.0,102.0
37.032,-27.0,100.0
37.0371,-24.0,100.0
37.0426,7.0,100.0
37.0473,33.0,100.0
37.0524,21.0,100.0
37.0578,-19.0,100.0
37.0627,-48.0,100.0
37.068,-22.0,100.0
37.0723,54.0,100.0
37.0774,75.0,100.0
37.0825,-19.0,100.0
37.0874,-75.0,100.0
37.092,-23.0,100.0
37.0974,-1.0,98.0
37.1022,4.0,98.0
37.1073,77.0,100.0
37.1127,84.0,100.0
37.1178,-55.0,100.0
37.1221,-149.0,102.0
37.1272,-44.0,104.0
37.1322,109.0,104.0
37.1372,102.0,106.0
37.1429,-7.0,104.0
37.1478,-65.0,104.0
37.152,-44.0,104.0
37.1573,7.0,104.0
37.1626,19.0,104.0
37.1675,-18.0,102.0
37.172,9.0,102.0
37.1777,85.0,104.0
37.1827,14.0,102.0
37.1873,-125.0,104.0
37.1923,-51.0,104.0
37.1983,107.0,106.0
37.2023,37.0,106.0
37.2075,-77.0,106.0
37.212,21.0,106.0
37.2172,75.0,106.0
37.2223,-65.0,104.0
37.2272,-80.0,106.0
37.2321,70.0,106.0
37.2374,60.0,106.0
37.2426,-60.0,106.0
37.2473,-27.0,104.0
37.2523,65.0,104.0
37.2571,17.0,104.0
37.2628,-78.0,106.0
37.2678,-35.0,106.0
37.2723,77.0,106.0
37.2774,69.0,106.0
37.2824,-54.0,106.0
37.2879,-106.0,108.0
37.292,-3.0,106.0
37.2973,113.0,108.0
37.3029,83.0,108.0
37.3074,-55.0,108.0
37.3127,-134.0,110.0
37.3179,-42.0,110.0
37.3222,116.0,112.0
37.3272,112.0,112.0
37.3323,-51.0,112.0
37.3374,-119.0,114.0
37.343,7.0,112.0
37.3477,96.0,114.0
37.3523,-21.0,112.0
37.3573,-95.0,112.0
37.3625,58.0,110.0
37.3677,116.0,112.0
37.373,-62.0,108.0
37.3771,-117.0,110.0
37.3835,33.0,106.0
37.3873,69.0,106.0
37.3925,-5.0,102.0
37.3975,5.0,102.0
37.4024,-14.0,100.0
37.407,-59.0,100.0
37.4124,42.0,98.0
37.4176,66.0,100.0
37.4225,-69.0,100.0
37.4279,-46.0,100.0
37.4321,70.0,100.0
37.4371,21.0,100.0
37.4423,-45.0,100.0
37.4471,7.0,100.0
37.4524,27.0,100.0
37.4572,-41.0,102.0
37.4627,-37.0,102.0
37.4673,57.0,102.0
37.4723,60.0,102.0
37.4772,-41.0,102.0
37.4825,-59.0,102.0
37.4879,8.0,102.0
37.4921,22.0,102.0
37.4978,16.0,102.0
37.5023,27.0,102.0
37.5073,-15.0,102.0
37.5124,-67.0,102.0
37.5177,-31.0,102.0
37.522,89.0,104.0
37.5272,120.0,104.0
37.5321,-63.0,102.0
37.5373,-178.0,104.0
37.5423,-10.0,102.0
37.5473,124.0,102.0
37.552,67.0,102.0
37.5571,3.0,102.0
37.5621,-49.0,102.0
37.5672,-82.0,104.0
37.5721,-6.0,104.0
37.5771,53.0,104.0
37.5821,30.0,104.0
37.5871,29.0,104.0
37.5921,6.0,104.0
37.5971,-77.0,106.0
37.602,-66.0,106.0
37.6076,41.0,104.0
37.612,71.0,104.0
37.617,42.0,104.0
37.6221,15.0,104.0
37.6272,-82.0,102.0
37.6321,-154.0,104.0
37.6371,31.0,104.0
37.6422,252.0,108.0
37.6471,73.0,108.0
37.6524,-238.0,112.0
37.6571,-143.0,114.0
37.6621,125.0,116.0
37.6671,116.0,118.0
37.672,-9.0,118.0
37.6771,-6.0,118.0
37.6821,-23.0,118.0
37.6871,-108.0,118.0
37.6921,-19.0,118.0
37.6973,168.0,120.0
37.7021,65.0,122.0
37.7072,-176.0,124.0
37.7123,-64.0,124.0
37.7171,159.0,124.0
37.7222,26.0,126.0
37.7271,-138.0,126.0
37.7321,6.0,126.0
37.7371,111.0,128.0
37.7421,-2.0,128.0
37.7472,-60.0,128.0
37.7521,-21.0,126.0
37.7571,-17.0,126.0
37.7621,8.0,124.0
37.7672,73.0,124.0
37.7722,52.0,122.0
37.7771,-59.0,122.0
37.7822,-101.0,124.0
37.7872,8.0,122.0
37.7921,100.0,124.0
37.7973,15.0,124.0
37.8023,-85.0,124.0
37.8072,-2.0,124.0
37.8122,91.0,126.0
37.8171,-22.0,124.0
37.8221,-109.0,126.0
37.8272,47.0,126.0
37.8323,115.0,126.0
37.8371,-62.0,126.0
37.8423,-99.0,126.0
37.8471,48.0,126.0
37.8524,57.0,126.0
37.8571,-19.0,126.0
37.8621,-6.0,124.0
37.8671,-1.0,124.0
37.8722,-12.0,122.0
37.8771,37.0,122.0
37.8831,16.0,122.0
37.8873,-100.0,122.0
37.8922,-79.0,122.0
37.8971,100.0,124.0
37.9021,190.0,126.0
37.9071,24.0,126.0
37.9124,-213.0,128.0
37.9175,-167.0,130.0
37.9221,85.0,130.0
37.9271,166.0,130.0
37.9321,71.0,132.0
37.9371,-24.0,130.0
37.9424,-104.0,130.0
37.9473,-100.0,132.0
37.9521,15.0,130.0
37.9571,100.0,130.0
37.9621,75.0,130.0
37.9671,-23.0,128.0
37.9721,-95.0,130.0
37.9772,-21.0,128.0
37.9822,68.0,128.0
37.9871,2.0,128.0
37.9921,-38.0,128.0
37.9972,40.0,126.0
38.0023,20.0,126.0
38.0071,-82.0,126.0
38.0122,-17.0,124.0
38.0171,109.0,124.0
38.0221,27.0,124.0
38.0275,-94.0,124.0
38.0323,-28.0,126.0
38.0371,33.0,126.0
38.0421,-5.0,126.0
38.0471,23.0,126.0
38.0521,65.0,126.0
38.0572,-28.0,124.0
38.0624,-102.0,126.0
38.0672,-10.0,124.0
38.0721,70.0,124.0
38.0772,28.0,124.0
38.0824,2.0,124.0
38.0872,14.0,124.0
38.0921,-28.0,124.0
38.0971,-74.0,124.0
38.1022,-24.0,124.0
38.107,79.0,126.0
38.1122,79.0,126.0
38.117,-25.0,126.0
38.1225,-63.0,126.0
38.127,-22.0,126.0
38.1321,4.0,126.0
38.1372,27.0,126.0
38.1421,22.0,126.0
38.1471,-25.0,126.0
38.1522,-8.0,124.0
38.1572,50.0,124.0
38.162,5.0,124.0
38.1671,-74.0,122.0
38.1722,-19.0,122.0
38.1771,48.0,120.0
38.1821,-5.0,120.0
38.1875,0.0,118.0
38.1921,90.0,118.0
38.1972,-3.0,118.0
38.2023,-184.0,120.0
38.2071,-44.0,120.0
38.2121,216.0,124.0
38.217,93.0,124.0
38.2233,-158.0,126.0
38.2274,-103.0,126.0
38.2322,45.0,128.0
38.2371,69.0,128.0
38.242,45.0,128.0
38.2471,-15.0,126.0
38.2525,-65.0,126.0
38.2572,-11.0,126.0
38.2621,33.0,126.0
38.2671,-12.0,126.0
38.2721,-8.0,122.0
38.2771,54.0,124.0
38.2822,6.0,120.0
38.2871,-71.0,120.0
38.2921,0.0,116.0
38.2971,65.0,114.0
38.3021,-23.0,112.0
38.3071,-55.0,112.0
38.3123,31.0,112.0
38.3171,38.0,112.0
38.3221,-12.0,112.0
38.3271,-7.0,112.0
38.3321,-3.0,110.0
38.3372,-19.0,108.0
38.342,-5.0,108.0
38.347,23.0,106.0
38.352,21.0,104.0
38.3571,-11.0,102.0
38.3623,-12.0,102.0
38.3672,5.0,100.0
38.3723,-21.0,100.0
38.3773,-21.0,98.0
38.3821,47.0,100.0
38.3871,43.0,100.0
38.3921,-32.0,100.0
38.3974,-43.0,100.0
38.4022,-15.0,100.0
38.4071,20.0,98.0
38.4121,63.0,100.0
38.417,-2.0,98.0
38.4221,-88.0,98.0
38.4272,19.0,98.0
38.4321,104.0,98.0
38.4371,-62.0,100.0
38.4423,-129.0,100.0
38.4471,84.0,100.0
38.4521,120.0,102.0
38.4573,-69.0,102.0
38.4622,-34.0,102.0
38.4671,54.0,102.0
38.4722,-62.0,100.0
38.4771,-54.0,100.0
38.4821,73.0,100.0
38.4873,31.0,100.0
38.4924,-18.0,98.0
38.4971,23.0,98.0
38.5021,-11.0,100.0
38.5071,-61.0,100.0
38.5124,-31.0,100.0
38.5172,31.0,100.0
38.5221,95.0,102.0
38.5271,55.0,100.0
38.5321,-92.0,100.0
38.5372,-123.0,102.0
38.5421,9.0,98.0
38.547,104.0,100.0
38.5521,63.0,98.0
38.5571,-24.0,96.0
38.5621,-62.0,94.0
38.5671,-27.0,92.0
38.5721,15.0,92.0
38.5771,20.0,92.0
38.5821,18.0,90.0
38.5872,3.0,88.0
38.5921,-24.0,88.0
38.5971,-10.0,88.0
38.6021,20.0,86.0
38.6071,4.0,86.0
38.612,-13.0,86.0
38.617,-11.0,84.0
38.6221,-11.0,84.0
38.6275,39.0,84.0
38.6321,57.0,84.0
38.6371,-68.0,86.0
38.6421,-105.0,86.0
38.647,71.0,86.0
38.6521,117.0,88.0
38.6571,-62.0,88.0
38.6622,-81.0,88.0
38.6671,62.0,88.0
38.6721,22.0,88.0
38.6772,-63.0,88.0
38.682,26.0,88.0
38.6872,50.0,88.0
38.6921,-44.0,88.0
38.6972,-21.0,88.0
38.7023,45.0,88.0
38.7072,1.0,88.0
38.7122,-81.0,88.0
38.7171,-33.0,88.0
38.7221,166.0,90.0
38.7271,120.0,92.0
38.7321,-225.0,94.0
38.7372,-178.0,96.0
38.7422,198.0,100.0
38.7472,123.0,100.0
38.7521,-140.0,100.0
38.7571,8.0,100.0
38.7621,125.0,102.0
38.7672,-96.0,102.0
38.7724,-135.0,104.0
38.7771,80.0,106.0
38.7821,106.0,106.0
38.7871,-12.0,106.0
38.7921,-29.0,108.0
38.7973,-31.0,106.0
38.8022,-39.0,108.0
38.8071,41.0,106.0
38.8121,47.0,108.0
38.817,-60.0,108.0
38.8221,-1.0,108.0
38.8273,116.0,110.0
38.8323,-40.0,108.0
38.8371,-175.0,112.0
38.8422,33.0,108.0
38.8471,177.0,110.0
38.8521,-8.0,108.0
38.8571,-117.0,108.0
38.8621,30.0,106.0
38.8673,65.0,106.0
38.8721,-81.0,106.0
38.8773,-72.0,106.0
38.8821,75.0,106.0
38.8871,108.0,108.0
38.8921,11.0,106.0
38.8971,-101.0,108.0
38.9021,-107.0,110.0
38.9071,37.0,110.0
38.9122,131.0,112.0
38.9172,33.0,112.0
38.9221,-70.0,112.0
38.9271,-65.0,112.0
38.9321,-29.0,112.0
38.9374,62.0,112.0
38.942,112.0,114.0
38.9471,-40.0,114.0
38.9523,-129.0,116.0
38.9572,2.0,114.0
38.962,58.0,116.0
38.9679,23.0,116.0
38.9721,67.0,116.0
38.9771,-2.0,116.0
38.9822,-165.0,120.0
38.9873,-51.0,120.0
38.9921,171.0,122.0
38.9971,88.0,124.0
39.0022,-92.0,124.0
39.0071,-68.0,126.0
39.0121,0.0,126.0
39.017,4.0,124.0
39.0221,42.0,124.0
39.0273,41.0,124.0
39.0322,-25.0,124.0
39.0371,-39.0,124.0
39.0423,-31.0,124.0
39.0471,2.0,124.0
39.0529,110.0,126.0
39.0571,55.0,126.0
39.0621,-172.0,128.0
39.0672,-111.0,128.0
39.0721,179.0,130.0
39.0771,124.0,130.0
39.0822,-139.0,132.0
39.0872,-85.0,132.0
39.0921,95.0,130.0
39.0971,35.0,130.0
39.1023,-71.0,130.0
39.1071,-13.0,130.0
39.1122,44.0,130.0
39.1172,12.0,130.0
39.1221,23.0,128.0
39.1271,15.0,128.0
39.1321,-119.0,130.0
39.1371,-81.0,130.0
39.1424,170.0,134.0
39.148,122.0,134.0
39.1521,-145.0,136.0
39.1571,-83.0,136.0
39.1621,93.0,136.0
39.1673,12.0,136.0
39.1722,-62.0,136.0
39.1771,14.0,134.0
39.1822,49.0,134.0
39.1872,13.0,132.0
39.1921,-32.0,132.0
39.1971,-64.0,134.0
39.2022,0.0,132.0
39.2072,92.0,134.0
39.2121,41.0,134.0
39.2171,-67.0,134.0
39.222,-54.0,134.0
39.2272,23.0,136.0
39.2322,1.0,134.0
39.2371,-26.0,136.0
39.2421,102.0,136.0
39.2472,100.0,138.0
39.2532,-163.0,140.0
39.2571,-192.0,144.0
39.2623,115.0,144.0
39.2672,207.0,148.0
39.2721,-20.0,146.0
39.2771,-120.0,148.0
39.2821,-8.0,146.0
39.2871,15.0,146.0
39.2921,-40.0,144.0
39.2971,28.0,144.0
39.302,65.0,144.0
39.3072,-37.0,142.0
39.3122,-3.0,142.0
39.3171,83.0,142.0
39.3221,-77.0,144.0
39.3271,-154.0,146.0
39.332,87.0,146.0
39.3372,159.0,148.0
39.3425,-41.0,148.0
39.347,-59.0,148.0
39.3521,16.0,148.0
39.3573,-71.0,148.0
39.3622,-33.0,146.0
39.3673,134.0,146.0
39.3722,52.0,144.0
39.3773,-117.0,142.0
39.3821,-38.0,140.0
39.3871,78.0,140.0
39.3921,7.0,138.0
39.3972,-66.0,138.0
39.4022,-1.0,136.0
39.4071,70.0,136.0
39.4121,27.0,134.0
39.417,-66.0,134.0
39.422,-54.0,134.0
39.4272,65.0,134.0
39.4322,69.0,134.0
39.4371,-83.0,136.0
39.4421,-83.0,136.0
39.4472,100.0,138.0
39.452,96.0,138.0
39.4572,-82.0,138.0
39.4621,-81.0,140.0
39.4673,38.0,138.0
39.4721,27.0,138.0
39.4771,-15.0,136.0
39.4823,20.0,136.0
39.4871,19.0,134.0
39.4923,-23.0,134.0
39.4971,-20.0,132.0
39.5021,-6.0,132.0
39.5072,-1.0,130.0
39.5124,38.0,130.0
39.5172,38.0,130.0
39.5221,-52.0,128.0
39.5271,-80.0,128.0
39.5321,49.0,130.0
39.5373,133.0,130.0
39.5421,-21.0,128.0
39.5472,-187.0,130.0
39.5521,-39.0,130.0
39.5584,198.0,132.0
39.562,109.0,132.0
39.5673,-157.0,134.0
39.5722,-147.0,136.0
39.5772,116.0,136.0
39.5822,151.0,138.0
39.5872,-98.0,138.0
39.5922,-139.0,138.0
39.5974,69.0,140.0
39.6022,109.0,140.0
39.6072,-10.0,140.0
39.6121,-54.0,140.0
39.6171,-43.0,140.0
39.6221,-11.0,138.0
39.6271,56.0,138.0
39.6322,68.0,136.0
39.6371,-25.0,136.0
39.6421,-95.0,136.0
39.647,-22.0,134.0
39.6521,80.0,136.0
39.6572,53.0,136.0
39.6621,-25.0,136.0
39.6673,-43.0,136.0
39.6721,-41.0,136.0
39.677,-4.0,136.0
39.6821,67.0,136.0
39.6871,34.0,138.0
39.6921,-43.0,136.0
39.6971,1.0,136.0
39.702,24.0,132.0
39.7071,-66.0,132.0
39.7122,-48.0,130.0
39.7172,81.0,130.0
39.7221,83.0,128.0
39.7271,-33.0,128.0
39.7321,-77.0,128.0
39.7374,-19.0,128.0
39.7422,21.0,126.0
39.7471,19.0,126.0
39.752,36.0,126.0
39.7585,37.0,126.0
39.762,-37.0,128.0
39.7671,-102.0,128.0
39.7723,-19.0,126.0
39.7771,113.0,128.0
39.7823,57.0,126.0
39.7871,-78.0,124.0
39.7921,-18.0,122.0
39.7972,68.0,122.0
39.8021,-40.0,122.0
39.8071,-98.0,124.0
39.8121,32.0,122.0
39.8171,91.0,124.0
39.8221,20.0,124.0
39.8275,-7.0,124.0
39.8323,-32.0,124.0
39.8372,-79.0,124.0
39.8421,-10.0,124.0
39.8473,88.0,124.0
39.8522,46.0,124.0
39.8571,-33.0,124.0
39.863,-36.0,124.0
39.8682,-13.0,122.0
39.872,8.0,122.0
39.8771,22.0,122.0
39.8842,10.0,122.0
39.8871,-25.0,120.0
39.8921,-36.0,118.0
39.8971,44.0,116.0
39.9021,86.0,116.0
39.9071,-50.0,114.0
39.9124,-116.0,114.0
39.917,27.0,114.0
39.922,81.0,114.0
39.9271,-18.0,114.0
39.9321,-26.0,114.0
39.937,38.0,114.0
39.942,22.0,114.0
39.947,-30.0,114.0
39.9521,-57.0,114.0
39.9571,-47.0,114.0
39.963,66.0,114.0
39.9677,157.0,114.0
39.972,-20.0,112.0
39.9772,-215.0,114.0
39.9824,-53.0,114.0
39.9871,181.0,116.0
39.9921,99.0,116.0
39.9971,-100.0,118.0
40.0021,-78.0,118.0
40.0073,54.0,116.0
40.0121,21.0,116.0
40.0171,-78.0,116.0
40.022,0.0,116.0
40.0272,134.0,116.0
40.0322,36.0,116.0
40.0372,-152.0,118.0
40.0421,-82.0,120.0
40.0471,114.0,120.0
40.0523,65.0,120.0
40.0572,-81.0,120.0
40.0624,16.0,120.0
40.0671,103.0,120.0
40.0725,-87.0,120.0
40.077,-140.0,122.0
40.0821,98.0,122.0
40.0873,120.0,122.0
40.0921,-76.0,122.0
40.0971,-36.0,122.0
40.1021,64.0,120.0
40.1073,-39.0,120.0
40.113,-52.0,122.0
40.1171,59.0,122.0
40.1224,10.0,122.0
40.1272,-56.0,122.0
40.1321,35.0,122.0
40.1372,63.0,124.0
40.1422,-54.0,124.0
40.1471,-79.0,126.0
40.1521,53.0,126.0
40.1571,92.0,126.0
40.162,-46.0,126.0
40.1674,-84.0,126.0
40.172,34.0,126.0
40.1771,34.0,124.0
40.1821,-29.0,124.0
40.1871,36.0,122.0
40.192,30.0,122.0
40.1973,-83.0,120.0
40.2023,-21.0,120.0
40.2071,87.0,118.0
40.2121,-5.0,116.0
40.2174,-74.0,116.0
40.2221,23.0,114.0
40.2274,66.0,112.0
40.2321,-1.0,110.0
40.2371,-54.0,110.0
40.242,-46.0,110.0
40.247,33.0,110.0
40.2523,73.0,110.0
40.2573,-18.0,110.0
40.2622,-51.0,110.0
40.267,22.0,110.0
40.2728,-4.0,108.0
40.2771,-38.0,108.0
40.2821,43.0,108.0
40.287,49.0,108.0
40.2921,-32.0,108.0
40.2971,-45.0,108.0
40.3022,-4.0,108.0
40.3071,42.0,108.0
40.3122,23.0,106.0
40.3174,-63.0,108.0
40.3221,-29.0,108.0
40.327,90.0,108.0
40.3321,40.0,108.0
40.3371,-88.0,110.0
40.3421,-56.0,110.0
40.3472,57.0,110.0
40.352,70.0,110.0
40.357,-25.0,110.0
40.362,-82.0,110.0
40.3671,0.0,108.0
40.3728,82.0,108.0
40.377,23.0,108.0
40.3821,-53.0,110.0
40.3871,-33.0,110.0
40.392,9.0,110.0
40.3971,18.0,108.0
40.4021,24.0,108.0
40.4071,-7.0,108.0
40.412,-42.0,108.0
40.4171,45.0,106.0
40.4222,67.0,106.0
40.4275,-117.0,108.0
40.4321,-109.0,108.0
40.4371,157.0,110.0
40.442,129.0,112.0
40.4471,-131.0,112.0
40.4521,-81.0,112.0
40.4572,80.0,112.0
40.4622,-19.0,112.0
40.4671,-72.0,114.0
40.4722,90.0,114.0
40.477,101.0,114.0
40.4821,-83.0,116.0
40.4871,-108.0,116.0
40.492,42.0,116.0
40.4971,86.0,116.0
40.5021,-21.0,116.0
40.507,-70.0,118.0
40.5122,10.0,118.0
40.517,68.0,118.0
40.5222,14.0,118.0
40.5274,-81.0,120.0
40.5322,-57.0,120.0
40.5373,107.0,120.0
40.5424,107.0,120.0
40.5471,-107.0,122.0
40.5522,-123.0,122.0
40.5572,46.0,122.0
40.5621,67.0,122.0
40.5672,30.0,122.0
40.5722,33.0,122.0
40.5771,-46.0,122.0
40.582,-95.0,124.0
40.587,-1.0,124.0
40.5923,62.0,124.0
40.5972,40.0,124.0
40.6022,16.0,122.0
40.6071,-20.0,120.0
40.6121,-60.0,120.0
40.6171,-25.0,118.0
40.622,52.0,118.0
40.6271,49.0,116.0
40.6322,-32.0,114.0
40.6372,-40.0,114.0
40.6421,33.0,114.0
40.647,14.0,112.0
40.6521,-47.0,112.0
40.6572,11.0,112.0
40.6621,52.0,112.0
40.6673,-34.0,112.0
40.6721,-37.0,112.0
40.677,72.0,110.0
40.683,18.0,108.0
40.6871,-126.0,108.0
40.6921,-24.0,108.0
40.6972,161.0,110.0
40.702,61.0,110.0
40.7073,-146.0,110.0
40.7126,-88.0,110.0
40.7172,94.0,110.0
40.7221,65.0,110.0
40.7271,-54.0,108.0
40.7321,-8.0,108.0
40.7376,53.0,108.0
40.7425,-26.0,108.0
40.7473,-59.0,108.0
40.752,13.0,108.0
40.7571,30.0,106.0
40.7621,10.0,106.0
40.767,17.0,106.0
40.7723,-12.0,106.0
40.7771,-38.0,106.0
40.7829,22.0,104.0
40.7871,33.0,104.0
40.792,-60.0,104.0
40.7972,-35.0,104.0
40.8022,91.0,104.0
40.8071,37.0,104.0
40.8121,-78.0,104.0
40.8171,-2.0,104.0
40.822,40.0,104.0
40.8272,-52.0,104.0
40.8321,-15.0,104.0
40.8371,65.0,104.0
40.8422,15.0,104.0
40.8471,-17.0,102.0
40.852,-28.0,102.0
40.8572,-52.0,102.0
40.8622,44.0,102.0
40.8671,92.0,102.0
40.8721,-55.0,104.0
40.8771,-58.0,104.0
40.8821,67.0,104.0
40.887,-58.0,104.0
40.8922,-109.0,106.0
40.8971,191.0,108.0
40.9021,183.0,110.0
40.9071,-239.0,114.0
40.9125,-226.0,116.0
40.9172,180.0,118.0
40.9221,181.0,122.0
40.9271,-87.0,122.0
40.9321,-75.0,122.0
40.9371,39.0,122.0
40.9421,-7.0,122.0
40.9471,-31.0,122.0
40.9521,25.0,122.0
40.957,5.0,122.0
40.9621,-9.0,120.0
40.967,50.0,120.0
40.9721,5.0,120.0
40.9771,-81.0,120.0
40.9825,-15.0,118.0
40.9871,57.0,118.0
40.992,9.0,118.0
40.9971,-31.0,118.0
41.002,0.0,116.0
41.007,48.0,118.0
41.012,24.0,116.0
41.0171,-71.0,118.0
41.0221,-73.0,118.0
41.0273,53.0,118.0
41.0322,101.0,120.0
41.0371,-4.0,120.0
41.0421,-100.0,120.0
41.0471,-44.0,122.0
41.0521,69.0,122.0
41.0571,77.0,122.0
41.0623,-3.0,120.0
41.0671,-78.0,120.0
41.0723,-59.0,120.0
41.0771,42.0,118.0
41.0823,36.0,116.0
41.0871,-14.0,114.0
41.0921,72.0,114.0
41.0972,51.0,114.0
41.1021,-149.0,116.0
41.1071,-124.0,116.0
41.1122,108.0,118.0
41.1171,146.0,118.0
41.1221,-10.0,116.0
41.1272,-98.0,116.0
41.1321,-43.0,116.0
41.1372,40.0,116.0
41.1421,23.0,116.0
41.1471,-17.0,114.0
41.1523,33.0,116.0
41.1571,29.0,114.0
41.1623,-78.0,116.0
41.1671,-48.0,116.0
41.1721,82.0,116.0
41.1772,50.0,114.0
41.1823,-53.0,114.0
41.187,-31.0,112.0
41.192,17.0,110.0
41.1972,0.0,110.0
41.2021,13.0,110.0
41.2072,29.0,110.0
41.2121,-33.0,110.0
41.217,-55.0,110.0
41.222,38.0,108.0
41.2272,78.0,110.0
41.2322,-33.0,110.0
41.2372,-102.0,110.0
41.2421,37.0,110.0
41.2472,128.0,112.0
41.2521,-50.0,112.0
41.2571,-138.0,114.0
41.2622,47.0,114.0
41.2672,92.0,114.0
41.2723,-32.0,114.0
41.277,12.0,114.0
41.282,48.0,114.0
41.2871,-96.0,116.0
41.2921,-96.0,116.0
41.297,80.0,118.0
41.3021,110.0,118.0
41.3073,-7.0,118.0
41.3123,-50.0,118.0
41.3173,-17.0,118.0
41.3221,-25.0,118.0
41.3271,-27.0,116.0
41.3321,38.0,116.0
41.337,59.0,114.0
41.3423,8.0,114.0
41.3473,-17.0,112.0
41.3521,-54.0,112.0
41.3571,-61.0,110.0
41.362,71.0,110.0
41.3673,105.0,112.0
41.3722,-92.0,112.0
41.3771,-111.0,114.0
41.3821,135.0,116.0
41.3871,122.0,116.0
41.3921,-167.0,118.0
41.3972,-144.0,120.0
41.4021,150.0,122.0
41.4071,149.0,124.0
41.4121,-93.0,126.0
41.4171,-125.0,128.0
41.422,33.0,128.0
41.4275,96.0,128.0
41.4321,2.0,128.0
41.4371,-75.0,128.0
41.4421,-13.0,128.0
41.447,44.0,128.0
41.4521,7.0,126.0
41.4575,0.0,126.0
41.4621,5.0,126.0
41.4671,-28.0,126.0
41.4721,0.0,124.0
41.4771,26.0,124.0
41.4824,-48.0,124.0
41.4871,-30.0,126.0
41.4921,112.0,126.0
41.4971,79.0,126.0
41.5022,-123.0,128.0
41.5071,-131.0,128.0
41.5125,62.0,128.0
41.5173,113.0,130.0
41.522,0.0,128.0
41.5271,-34.0,128.0
41.532,0.0,126.0
41.5372,-27.0,124.0
41.5421,-37.0,122.0
41.5474,35.0,118.0
41.5522,54.0,116.0
41.5571,-32.0,114.0
41.5622,-47.0,112.0
41.5672,56.0,110.0
41.5723,46.0,110.0
41.5771,-83.0,112.0
41.5821,-61.0,112.0
41.587,68.0,112.0
41.5921,71.0,114.0
41.5972,-18.0,114.0
41.6021,-58.0,114.0
41.6071,-15.0,114.0
41.612,31.0,114.0
41.6171,11.0,112.0
41.622,0.0,112.0
41.6274,19.0,112.0
41.6323,-30.0,112.0
41.6371,-66.0,114.0
41.642,22.0,114.0
41.6473,107.0,114.0
41.6523,57.0,114.0
41.6572,-98.0,116.0
41.6622,-186.0,118.0
41.6671,20.0,116.0
41.6721,279.0,120.0
41.6772,70.0,120.0
41.6821,-277.0,124.0
41.6871,-101.0,124.0
41.6921,207.0,126.0
41.6971,59.0,126.0
41.7021,-142.0,128.0
41.7071,-2.0,126.0
41.7123,108.0,128.0
41.717,-26.0,128.0
41.7221,-85.0,128.0
41.7271,41.0,128.0
41.7321,66.0,128.0
41.7371,-60.0,128.0
41.7426,-72.0,128.0
41.7473,39.0,126.0
41.7521,95.0,126.0
41.7571,56.0,124.0
41.7623,-94.0,126.0
41.7672,-166.0,126.0
41.7721,57.0,128.0
41.7772,205.0,130.0
41.7821,-23.0,130.0
41.7872,-173.0,132.0
41.7922,8.0,132.0
41.7973,117.0,134.0
41.8022,-1.0,132.0
41.807,-59.0,132.0
41.8121,0.0,130.0
41.817,10.0,130.0
41.8222,-20.0,130.0
41.8271,13.0,130.0
41.8322,56.0,130.0
41.8371,-13.0,130.0
41.8421,-65.0,130.0
41.847,9.0,130.0
41.8522,20.0,130.0
41.8571,-18.0,130.0
41.8623,50.0,130.0
41.8671,38.0,130.0
41.8721,-101.0,130.0
41.8772,-57.0,130.0
41.8852,105.0,130.0
41.887,71.0,130.0
41.8921,-63.0,130.0
41.8972,-77.0,130.0
41.9023,11.0,128.0
41.9073,69.0,128.0
41.9129,17.0,128.0
41.9171,-49.0,128.0
41.9222,-9.0,128.0
41.9272,33.0,126.0
41.932,-31.0,126.0
41.9374,-49.0,126.0
41.9422,71.0,124.0
41.9471,93.0,126.0
41.952,-45.0,126.0
41.957,-97.0,128.0
41.9621,-54.0,128.0
41.9676,-3.0,128.0
41.9725,132.0,128.0
41.977,157.0,130.0
41.9823,-97.0,132.0
41.9872,-231.0,136.0
41.9922,-12.0,134.0
41.9978,167.0,136.0
42.0028,72.0,136.0
42.0073,-67.0,136.0
42.0123,-37.0,134.0
42.0178,57.0,134.0
42.0223,-13.0,132.0
42.0281,-110.0,132.0
42.0321,11.0,130.0
42.0376,114.0,128.0
42.0422,8.0,126.0
42.0472,-57.0,126.0
42.0523,-9.0,124.0
42.0575,16.0,122.0
42.0627,16.0,122.0
42.0674,-23.0,120.0
42.072,-39.0,122.0
42.077,38.0,120.0
42.0823,41.0,122.0
42.0877,-31.0,122.0
42.0921,-5.0,122.0
42.0971,9.0,122.0
42.1021,-37.0,122.0
42.1072,10.0,122.0
42.1126,56.0,122.0
42.1176,-13.0,122.0
42.122,-33.0,122.0
42.1276,12.0,122.0
42.1324,-16.0,120.0
42.1372,-32.0,120.0
42.1427,48.0,118.0
42.1476,51.0,116.0
42.1522,-43.0,116.0
42.1572,-29.0,116.0
42.1622,18.0,116.0
42.1676,-16.0,116.0
42.1722,17.0,116.0
42.1771,37.0,116.0
42.1826,-77.0,116.0
42.1872,-24.0,116.0
42.1922,157.0,118.0
42.1975,13.0,118.0
42.2026,-212.0,120.0
42.207,-23.0,120.0
42.212,204.0,122.0
42.2172,37.0,122.0
42.2224,-142.0,122.0
42.2277,-29.0,122.0
42.232,71.0,122.0
42.237,0.0,122.0
42.2424,-30.0,122.0
42.2473,24.0,122.0
42.2523,18.0,122.0
42.2572,-10.0,122.0
42.2625,-1.0,122.0
42.2672,-55.0,122.0
42.2722,-48.0,122.0
42.2771,133.0,124.0
42.2827,125.0,124.0
42.2872,-142.0,126.0
42.2921,-174.0,128.0
42.2971,52.0,126.0
42.3021,134.0,126.0
42.3074,39.0,126.0
42.3129,-21.0,122.0
42.3177,-29.0,122.0
42.322,-56.0,118.0
42.3272,-60.0,118.0
42.3321,25.0,114.0
42.3376,112.0,116.0
42.342,68.0,114.0
42.3477,-61.0,114.0
42.3522,-122.0,116.0
42.3573,-34.0,116.0
42.3621,96.0,116.0
42.3672,77.0,116.0
42.3729,-33.0,116.0
42.3771,-29.0,114.0
42.382,2.0,114.0
42.3872,-73.0,114.0
42.3923,-20.0,114.0
42.3976,168.0,114.0
42.4026,50.0,114.0
42.4081,-224.0,116.0
42.4122,-61.0,116.0
42.4177,232.0,116.0
42.4223,53.0,116.0
42.4276,-190.0,116.0
42.432,-31.0,116.0
42.437,115.0,116.0
42.4423,5.0,116.0
42.4472,-36.0,116.0
42.4523,12.0,116.0
42.4579,-33.0,116.0
42.4626,-16.0,116.0
42.4675,83.0,118.0
42.4722,17.0,118.0
42.4774,-97.0,118.0
42.482,-16.0,118.0
42.4871,61.0,118.0
42.4925,7.0,118.0
42.4982,5.0,118.0
42.5023,11.0,118.0
42.5074,-60.0,118.0
42.5127,-31.0,116.0
42.5177,82.0,118.0
42.523,35.0,116.0
42.528,-87.0,116.0
42.5323,-18.0,116.0
42.5373,109.0,116.0
42.5427,-1.0,116.0
42.5478,-137.0,118.0
42.552,-4.0,116.0
42.5574,130.0,118.0
42.5621,38.0,118.0
42.5681,-73.0,120.0
42.5721,-71.0,120.0
42.5776,-1.0,120.0
42.5822,69.0,120.0
42.587,53.0,118.0
42.5922,-44.0,118.0
42.5976,-68.0,118.0
42.6026,37.0,118.0
42.607,68.0,118.0
42.6123,-56.0,118.0
42.6171,-72.0,116.0
42.6223,56.0,116.0
42.6276,69.0,114.0
42.6324,-5.0,114.0
42.637,-25.0,110.0
42.6425,-58.0,110.0
42.6473,-46.0,110.0
42.6523,80.0,110.0
42.6579,92.0,112.0
42.6628,-83.0,112.0
42.6676,-95.0,112.0
42.6723,117.0,114.0
42.6774,95.0,114.0
42.6824,-157.0,116.0
42.6878,-108.0,116.0
42.692,134.0,118.0
42.697,97.0,120.0
42.7023,-48.0,120.0
42.7071,-35.0,120.0
42.7129,-30.0,120.0
42.7176,-42.0,120.0
42.7222,45.0,120.0
42.7295,76.0,122.0
42.7322,-6.0,122.0
42.7374,-49.0,122.0
42.7431,-28.0,122.0
42.7477,-4.0,122.0
42.7522,10.0,122.0
42.7572,33.0,122.0
42.763,46.0,122.0
42.7676,-20.0,122.0
42.772,-88.0,122.0
42.7775,-3.0,122.0
42.7827,79.0,122.0
42.7872,-3.0,122.0
42.7922,-39.0,122.0
42.7973,40.0,122.0
42.8021,11.0,122.0
42.8076,-65.0,122.0
42.8124,-7.0,122.0
42.8172,63.0,124.0
42.8223,16.0,122.0
42.8282,-63.0,122.0
42.8323,-28.0,120.0
42.8374,84.0,122.0
42.8425,45.0,120.0
42.8473,-98.0,120.0
42.8525,-54.0,118.0
42.8571,74.0,118.0
42.8626,34.0,118.0
42.8675,-29.0,118.0
42.8722,10.0,116.0
42.877,7.0,116.0
42.8822,-44.0,116.0
42.8876,-16.0,116.0
42.892,44.0,116.0
42.8971,28.0,116.0
42.9026,-20.0,118.0
42.9074,-31.0,116.0
42.9127,-15.0,116.0
42.9175,37.0,114.0
42.9221,59.0,114.0
42.9277,-37.0,112.0
42.9327,-89.0,110.0
42.937,12.0,110.0
42.9427,76.0,110.0
42.9475,22.0,110.0
42.9522,-37.0,110.0
42.9573,-49.0,110.0
42.9622,12.0,108.0
42.9676,73.0,110.0
42.9733,1.0,108.0
42.977,-83.0,108.0
42.9822,-19.0,108.0
42.987,58.0,108.0
42.9921,20.0,106.0
42.9971,-27.0,106.0
43.0021,-6.0,104.0
43.007,34.0,104.0
43.012,15.0,104.0
43.017,-61.0,104.0
43.0221,-50.0,104.0
43.0273,58.0,104.0
43.032,65.0,106.0
43.037,-26.0,102.0
43.042,-48.0,102.0
43.0471,10.0,100.0
43.0521,45.0,100.0
43.0572,-35.0,96.0
43.0622,-86.0,96.0
43.0672,79.0,96.0
43.0728,143.0,96.0
43.077,-102.0,96.0
43.0821,-163.0,100.0
43.087,90.0,100.0
43.0921,125.0,102.0
43.0971,-63.0,102.0
43.1021,-51.0,102.0
43.1072,44.0,102.0
43.1122,-31.0,102.0
43.1171,-47.0,102.0
43.1221,103.0,102.0
43.1271,84.0,104.0
43.1324,-134.0,106.0
43.1371,-138.0,108.0
43.1422,105.0,108.0
43.147,161.0,110.0
43.152,-44.0,110.0
43.157,-120.0,112.0
43.162,-7.0,110.0
43.167,49.0,110.0
43.1721,50.0,110.0
43.1771,-1.0,108.0
43.182,-116.0,110.0
43.187,-20.0,108.0
43.1921,196.0,112.0
43.1971,52.0,110.0
43.2023,-235.0,114.0
43.2072,-97.0,114.0
43.212,202.0,116.0
43.2171,109.0,118.0
43.2222,-138.0,118.0
43.2273,-73.0,120.0
43.2321,97.0,120.0
43.237,33.0,120.0
43.242,-76.0,120.0
43.2475,-23.0,120.0
43.2521,51.0,120.0
43.2572,29.0,118.0
43.2623,-28.0,118.0
43.2672,-24.0,118.0
43.2723,22.0,118.0
43.2771,10.0,118.0
43.2821,-23.0,118.0
43.2869,0.0,116.0
43.292,12.0,116.0
43.2971,-7.0,114.0
43.3023,23.0,112.0
43.3071,28.0,112.0
43.3122,-63.0,112.0
43.3172,-78.0,110.0
43.322,65.0,110.0
43.327,130.0,110.0
43.3321,-19.0,108.0
43.3371,-135.0,108.0
43.342,-21.0,108.0
43.348,87.0,108.0
43.352,10.0,108.0
43.357,-33.0,108.0
43.362,32.0,108.0
43.367,3.0,108.0
43.3721,-52.0,108.0
43.3771,15.0,108.0
43.382,32.0,108.0
43.3873,-31.0,108.0
43.3922,4.0,108.0
43.3973,27.0,108.0
43.4023,-30.0,108.0
43.4071,2.0,108.0
43.4121,38.0,106.0
43.4173,-44.0,106.0
43.4222,-46.0,106.0
43.4271,76.0,108.0
43.4321,73.0,108.0
43.4371,-70.0,108.0
43.442,-104.0,110.0
43.448,15.0,110.0
43.4529,102.0,110.0
43.457,59.0,110.0
43.462,-57.0,112.0
43.467,-114.0,112.0
43.472,-1.0,112.0
43.4771,123.0,112.0
43.4821,41.0,112.0
43.487,-94.0,112.0
43.4921,-50.0,112.0
43.4971,53.0,112.0
43.5021,40.0,112.0
43.507,-22.0,112.0
43.5122,-20.0,112.0
43.517,9.0,112.0
43.522,-4.0,112.0
43.5271,-14.0,112.0
43.532,16.0,110.0
43.5371,21.0,110.0
43.5422,-3.0,110.0
43.5472,-12.0,110.0
43.5531,-29.0,110.0
43.557,-8.0,110.0
43.562,74.0,110.0
43.567,40.0,110.0
43.5721,-117.0,110.0
43.5772,-82.0,112.0
43.5821,115.0,112.0
43.5871,109.0,114.0
43.5921,-48.0,114.0
43.5972,-79.0,114.0
43.602,-29.0,114.0
43.6071,-4.0,114.0
43.6121,48.0,114.0
43.6171,74.0,114.0
43.622,-10.0,114.0
43.6273,-71.0,114.0
43.6322,-17.0,114.0
43.6371,0.0,114.0
43.642,-5.0,114.0
43.647,73.0,114.0
43.6521,46.0,114.0
43.6583,-92.0,116.0
43.6621,-44.0,116.0
43.667,74.0,116.0
43.672,-19.0,114.0
43.677,-70.0,116.0
43.6821,101.0,116.0
43.6872,95.0,118.0
43.6921,-141.0,120.0
43.6972,-116.0,120.0
43.7021,125.0,120.0
43.7071,95.0,122.0
43.7123,-90.0,120.0
43.717,-41.0,120.0
43.722,81.0,118.0
43.7271,-2.0,116.0
43.732,-107.0,116.0
43.7371,6.0,116.0
43.742,141.0,116.0
43.747,20.0,116.0
43.752,-140.0,118.0
43.757,-47.0,118.0
43.762,89.0,118.0
43.767,52.0,118.0
43.7722,-13.0,116.0
43.7771,-27.0,114.0
43.7821,-41.0,112.0
43.787,-20.0,110.0
43.792,39.0,110.0
43.7971,54.0,110.0
43.802,-1.0,110.0
43.8071,-40.0,110.0
43.812,-17.0,108.0
43.817,0.0,108.0
43.822,5.0,108.0
43.8272,25.0,108.0
43.832,2.0,104.0
43.8371,-27.0,104.0
43.842,13.0,100.0
43.847,17.0,100.0
43.852,-33.0,96.0
43.857,1.0,94.0
43.862,46.0,94.0
43.8677,-29.0,92.0
43.8721,-55.0,92.0
43.877,60.0,92.0
43.882,65.0,92.0
43.8871,-91.0,94.0
43.892,-82.0,94.0
43.897,102.0,94.0
43.9022,99.0,96.0
43.9071,-68.0,96.0
43.9123,-82.0,98.0
43.9172,14.0,98.0
43.922,25.0,98.0
43.927,3.0,98.0
43.9321,21.0,98.0
43.9371,19.0,98.0
43.9423,-13.0,98.0
43.9473,-33.0,98.0
43.952,-26.0,98.0
43.9575,2.0,96.0
43.9619,56.0,96.0
43.967,67.0,96.0
43.9723,-78.0,96.0
43.977,-139.0,96.0
43.982,116.0,98.0
43.9871,177.0,100.0
43.9922,-158.0,102.0
43.9971,-172.0,104.0
44.0022,176.0,106.0
44.0071,139.0,108.0
44.012,-148.0,110.0
44.017,-100.0,110.0
44.0221,73.0,112.0
44.0272,53.0,112.0
44.032,6.0,112.0
44.0371,3.0,112.0
44.042,-36.0,112.0
44.047,-38.0,112.0
44.0521,10.0,112.0
44.0571,25.0,112.0
44.0628,27.0,110.0
44.0679,21.0,110.0
44.072,-41.0,110.0
44.0772,-66.0,110.0
44.082,36.0,108.0
44.0871,90.0,110.0
44.0921,-39.0,108.0
44.097,-91.0,110.0
44.102,54.0,110.0
44.107,83.0,108.0
44.1123,-47.0,110.0
44.1172,-73.0,108.0
44.1228,-6.0,108.0
44.127,48.0,108.0
44.1321,71.0,108.0
44.1372,-16.0,108.0
44.1421,-98.0,108.0
44.1471,6.0,108.0
44.152,87.0,108.0
44.157,-18.0,108.0
44.1622,-66.0,110.0
44.1672,25.0,110.0
44.1721,38.0,110.0
44.1771,-29.0,110.0
44.182,-11.0,110.0
44.187,46.0,112.0
44.192,10.0,110.0
44.1974,-40.0,112.0
44.2021,-24.0,110.0
44.2071,-22.0,110.0
44.212,-1.0,108.0
44.217,94.0,108.0
44.222,78.0,108.0
44.2273,-95.0,108.0
44.2322,-137.0,110.0
44.2372,34.0,108.0
44.2421,118.0,110.0
44.247,6.0,110.0
44.2521,-41.0,110.0
44.2571,22.0,110.0
44.2622,-28.0,110.0
44.2672,-82.0,110.0
44.272,50.0,110.0
44.277,96.0,112.0
44.2822,-41.0,112.0
44.2872,-39.0,112.0
44.292,37.0,112.0
44.2972,-34.0,110.0
44.302,-35.0,110.0
44.307,68.0,110.0
44.3123,6.0,110.0
44.3172,-56.0,110.0
44.322,57.0,110.0
44.3271,37.0,108.0
44.332,-115.0,108.0
44.3371,-33.0,106.0
44.3421,116.0,106.0
44.3471,22.0,106.0
44.3521,-68.0,104.0
44.3571,25.0,104.0
44.362,38.0,104.0
44.3675,-74.0,106.0
44.372,-51.0,104.0
44.377,59.0,106.0
44.382,60.0,104.0
44.3871,10.0,104.0
44.3921,-27.0,102.0
44.3971,-53.0,102.0
44.402,-12.0,100.0
44.407,5.0,100.0
44.412,0.0,100.0
44.417,100.0,102.0
44.422,56.0,102.0
44.4271,-169.0,104.0
44.4322,-92.0,104.0
44.4372,166.0,106.0
44.442,83.0,108.0
44.4471,-117.0,108.0
44.4522,-52.0,110.0
44.4575,45.0,110.0
44.4622,-1.0,110.0
44.467,13.0,110.0
44.472,79.0,110.0
44.4771,-14.0,110.0
44.4822,-118.0,112.0
44.487,-37.0,112.0
44.492,62.0,114.0
44.497,77.0,114.0
44.5024,55.0,114.0
44.5072,-58.0,114.0
44.5123,-140.0,116.0
44.5171,-6.0,116.0
44.522,126.0,116.0
44.527,45.0,116.0
44.5321,-63.0,116.0
44.537,-14.0,114.0
44.542,55.0,114.0
44.5473,-28.0,112.0
44.5521,-108.0,112.0
44.557,8.0,112.0
44.562,131.0,114.0
44.5671,46.0,116.0
44.5732,-82.0,116.0
44.5771,-57.0,116.0
44.582,23.0,116.0
44.5873,23.0,116.0
44.5921,-22.0,116.0
44.5971,-18.0,116.0
44.6022,56.0,116.0
44.607,71.0,118.0
44.612,-54.0,116.0
44.6172,-123.0,116.0
44.622,8.0,114.0
44.6273,115.0,114.0
44.632,29.0,112.0
44.6371,-68.0,110.0
44.6421,-40.0,108.0
44.647,30.0,106.0
44.6521,52.0,104.0
44.6572,-15.0,104.0
44.6621,-82.0,104.0
44.667,3.0,102.0
44.6734,110.0,104.0
44.6778,20.0,104.0
44.682,-106.0,106.0
44.6871,-46.0,106.0
44.692,66.0,106.0
44.6971,54.0,108.0
44.702,-16.0,108.0
44.707,-44.0,108.0
44.7121,-18.0,108.0
44.7171,28.0,106.0
44.7221,25.0,106.0
44.7271,-9.0,106.0
44.732,-3.0,104.0
44.7371,-8.0,104.0
44.742,-29.0,102.0
44.7471,12.0,102.0
44.752,45.0,102.0
44.7571,6.0,100.0
44.762,-34.0,102.0
44.7672,-38.0,100.0
44.7721,17.0,100.0
44.7782,70.0,100.0
44.782,-11.0,100.0
44.7873,-86.0,100.0
44.7919,9.0,100.0
44.7972,68.0,100.0
44.8021,-8.0,100.0
44.8071,-23.0,100.0
44.812,19.0,100.0
44.817,-18.0,98.0
44.822,-34.0,100.0
44.8273,33.0,100.0
44.8321,30.0,100.0
44.8371,-25.0,100.0
44.842,-3.0,98.0
44.847,13.0,98.0
44.8522,-18.0,98.0
44.8571,-14.0,98.0
44.862,12.0,96.0
44.8673,27.0,96.0
44.872,11.0,94.0
44.877,-23.0,94.0
44.8825,-29.0,92.0
44.8871,-10.0,92.0
44.8921,25.0,92.0
44.8971,51.0,92.0
44.9021,13.0,92.0
44.907,-59.0,92.0
44.9122,-67.0,92.0
44.917,19.0,90.0
44.922,77.0,92.0
44.9271,26.0,92.0
44.932,-21.0,90.0
44.937,-27.0,90.0
44.942,-61.0,92.0
44.9471,-21.0,90.0
44.9521,111.0,92.0
44.9572,75.0,92.0
44.9621,-110.0,94.0
44.9671,-91.0,94.0
44.9722,89.0,94.0
44.977,76.0,94.0
44.9821,-69.0,94.0
44.987,-61.0,94.0
44.992,38.0,94.0
44.9973,51.0,94.0
45.0021,7.0,94.0
45.0071,-30.0,92.0
45.012,-44.0,92.0
45.017,-9.0,92.0
45.0221,44.0,92.0
45.0272,49.0,92.0
45.0321,-14.0,92.0
45.0371,-70.0,92.0
45.042,-21.0,92.0
45.047,63.0,94.0
45.0522,52.0,94.0
45.0571,-18.0,94.0
45.062,-76.0,94.0
45.067,-55.0,92.0
45.072,75.0,92.0
45.0771,111.0,90.0
45.0832,-44.0,90.0
45.0873,-111.0,90.0
45.092,-6.0,90.0
45.0971,56.0,90.0
45.1022,57.0,90.0
45.1069,28.0,90.0
45.1122,-79.0,90.0
45.117,-101.0,92.0
45.122,57.0,90.0
45.127,125.0,92.0
45.132,-29.0,92.0
45.1372,-102.0,92.0
45.1421,37.0,92.0
45.1469,84.0,92.0
45.152,-68.0,92.0
45.157,-102.0,92.0
45.1621,74.0,92.0
45.167,141.0,94.0
45.1721,-29.0,92.0
45.177,-154.0,94.0
45.1823,-38.0,94.0
45.1872,114.0,96.0
45.192,76.0,96.0
45.1972,-46.0,96.0
45.2021,-59.0,94.0
45.207,-4.0,94.0
45.212,4.0,94.0
45.217,20.0,92.0
45.2221,56.0,92.0
45.2272,-4.0,92.0
45.2322,-92.0,94.0
45.2372,-27.0,94.0
45.242,75.0,94.0
45.247,33.0,94.0
45.252,-22.0,94.0
45.257,6.0,92.0
45.262,-1.0,92.0
45.2671,-51.0,90.0
45.2721,-26.0,90.0
45.277,53.0,90.0
45.282,64.0,90.0
45.287,-8.0,90.0
45.292,-64.0,90.0
45.2971,-46.0,90.0
45.302,13.0,90.0
45.307,58.0,90.0
45.3121,57.0,90.0
45.317,1.0,90.0
45.3221,-92.0,90.0
45.327,-100.0,90.0
45.332,54.0,90.0
45.3371,157.0,92.0
45.342,45.0,92.0
45.3471,-105.0,92.0
45.352,-134.0,94.0
45.357,-37.0,94.0
45.362,130.0,96.0
45.367,156.0,98.0
45.3721,-50.0,100.0
45.3771,-164.0,102.0
45.3822,0.0,102.0
45.3871,98.0,102.0
45.392,-19.0,102.0
45.397,-48.0,102.0
45.402,50.0,104.0
45.407,38.0,104.0
45.412,-53.0,104.0
45.417,-33.0,104.0
45.422,55.0,104.0
45.4271,28.0,102.0
45.432,-76.0,104.0
45.437,-51.0,104.0
45.442,79.0,104.0
45.4472,98.0,106.0
45.452,-33.0,106.0
45.457,-113.0,108.0
45.462,-32.0,108.0
45.467,69.0,108.0
45.4721,65.0,108.0
45.4772,-6.0,108.0
45.4825,-53.0,110.0
45.487,-13.0,110.0
45.492,33.0,110.0
45.4971,-10.0,110.0
45.5022,-38.0,110.0
45.507,27.0,110.0
45.5121,56.0,110.0
45.5172,-13.0,110.0
45.522,-59.0,110.0
45.5271,-7.0,110.0
45.532,45.0,112.0
45.5371,11.0,110.0
45.5423,-33.0,110.0
45.5472,-11.0,110.0
45.552,20.0,110.0
45.557,21.0,110.0
45.562,11.0,108.0
45.5672,-33.0,108.0
45.572,-56.0,108.0
45.5771,20.0,108.0
45.582,73.0,110.0
45.587,27.0,110.0
45.5922,-41.0,108.0
45.5971,-78.0,108.0
45.6021,-16.0,106.0
45.6072,86.0,106.0
45.6121,43.0,106.0
45.617,-56.0,106.0
45.622,-13.0,104.0
45.6273,32.0,104.0
45.6322,-47.0,104.0
45.637,-42.0,104.0
45.642,90.0,106.0
45.647,75.0,106.0
45.6521,-84.0,106.0
45.657,-97.0,108.0
45.6621,29.0,108.0
45.6671,84.0,108.0
45.6721,43.0,108.0
45.677,-30.0,108.0
45.682,-85.0,110.0
45.6871,-26.0,108.0
45.692,70.0,110.0
45.6971,39.0,110.0
45.7022,-21.0,108.0
45.707,11.0,108.0
45.7122,-10.0,106.0
45.717,-81.0,106.0
45.722,-9.0,106.0
45.727,89.0,106.0
45.732,62.0,106.0
45.737,5.0,106.0
45.7422,-82.0,106.0
45.7472,-149.0,108.0
45.752,35.0,108.0
45.757,240.0,110.0
45.7619,34.0,108.0
45.7671,-230.0,110.0
45.772,-57.0,112.0
45.7771,160.0,112.0
45.782,21.0,112.0
45.787,-97.0,112.0
45.7925,32.0,112.0
45.7972,72.0,110.0
45.802,-71.0,110.0
45.807,-82.0,110.0
45.812,88.0,110.0
45.817,109.0,110.0
45.822,-62.0,110.0
45.8273,-115.0,110.0
45.8322,-2.0,110.0
45.837,65.0,110.0
45.842,52.0,110.0
45.8471,-2.0,110.0
45.8521,-61.0,110.0
45.857,0.0,110.0
45.8622,83.0,110.0
45.8671,-39.0,112.0
45.8721,-150.0,112.0
45.877,35.0,112.0
45.882,192.0,114.0
45.8871,30.0,114.0
45.8921,-137.0,116.0
45.8971,-79.0,116.0
45.903,19.0,118.0
45.907,56.0,118.0
45.9121,65.0,118.0
45.917,-1.0,116.0
45.922,-74.0,118.0
45.9271,-11.0,118.0
45.9321,40.0,116.0
45.9371,-19.0,116.0
45.942,-6.0,116.0
45.9469,45.0,116.0
45.952,-25.0,116.0
45.957,-48.0,116.0
45.9621,57.0,116.0
45.9672,55.0,116.0
45.972,-64.0,116.0
45.977,-75.0,114.0
45.9819,28.0,114.0
45.9871,73.0,114.0
45.9922,14.0,112.0
45.9971,-36.0,112.0
46.0021,-14.0,110.0
46.007,8.0,108.0
46.012,-14.0,106.0
46.017,-13.0,104.0
46.022,18.0,104.0
46.0274,19.0,104.0
46.032,7.0,104.0
46.0369,4.0,102.0
46.042,-9.0,102.0
46.047,-29.0,102.0
46.0523,-18.0,102.0
46.0572,22.0,100.0
46.0622,9.0,100.0
46.0671,-6.0,100.0
46.0721,64.0,100.0
46.077,28.0,100.0
46.082,-133.0,100.0
46.087,-74.0,100.0
46.092,127.0,102.0
46.0971,87.0,100.0
46.1022,-70.0,102.0
46.1071,-61.0,102.0
46.1121,22.0,100.0
46.1171,32.0,100.0
46.1221,-2.0,100.0
46.1272,-9.0,100.0
46.132,-1.0,100.0
46.1371,-35.0,100.0
46.1422,-17.0,100.0
46.1472,102.0,100.0
46.152,70.0,102.0
46.157,-139.0,104.0
46.162,-124.0,104.0
46.167,102.0,106.0
46.1722,122.0,106.0
46.177,-24.0,106.0
46.182,-59.0,108.0
46.187,-29.0,108.0
46.192,-14.0,108.0
46.197,28.0,108.0
46.202,58.0,108.0
46.207,1.0,108.0
46.2121,-74.0,108.0
46.217,-16.0,108.0
46.222,88.0,108.0
46.2271,7.0,108.0
46.2321,-99.0,108.0
46.2371,4.0,108.0
46.242,94.0,108.0
46.247,-4.0,108.0
46.252,-92.0,108.0
46.2572,-13.0,108.0
46.2623,116.0,110.0
46.2672,48.0,110.0
46.272,-132.0,110.0
46.277,-75.0,112.0
46.2822,106.0,112.0
46.287,69.0,112.0
46.292,-60.0,112.0
46.297,-42.0,110.0
46.302,39.0,110.0
46.3071,33.0,110.0
46.3122,-43.0,110.0
46.3172,-55.0,110.0
46.322,42.0,110.0
46.327,79.0,110.0
46.3322,-20.0,110.0
46.337,-78.0,110.0
46.3419,-5.0,110.0
46.3471,49.0,110.0
46.352,18.0,110.0
46.357,-13.0,110.0
46.362,-16.0,110.0
46.3671,-1.0,108.0
46.372,18.0,108.0
46.377,-11.0,108.0
46.382,-28.0,106.0
46.387,27.0,104.0
46.3921,32.0,104.0
46.3973,-19.0,102.0
46.402,-12.0,102.0
46.407,0.0,98.0
46.4121,-30.0,98.0
46.417,-1.0,94.0
46.422,73.0,96.0
46.4271,15.0,94.0
46.4322,-100.0,96.0
46.437,-3.0,94.0
46.442,106.0,94.0
46.447,-36.0,94.0
46.4521,-86.0,94.0
46.4571,77.0,94.0
46.4621,44.0,94.0
46.4672,-109.0,94.0
46.4722,-9.0,94.0
46.477,114.0,94.0
46.4819,1.0,94.0
46.487,-70.0,94.0
46.4921,-5.0,94.0
46.4972,-10.0,94.0
46.502,12.0,92.0
46.507,84.0,94.0
46.5125,-28.0,92.0
46.5172,-114.0,92.0
46.5228,55.0,90.0
46.527,97.0,92.0
46.5323,-81.0,90.0
46.537,-46.0,90.0
46.5419,102.0,92.0
46.5471,-12.0,90.0
46.552,-115.0,92.0
46.557,59.0,92.0
46.562,118.0,92.0
46.5671,-78.0,94.0
46.572,-101.0,94.0
46.577,56.0,96.0
46.5821,57.0,96.0
46.5871,-1.0,96.0
46.592,-13.0,96.0
46.597,-43.0,96.0
46.602,6.0,94.0
46.607,54.0,94.0
46.612,-36.0,94.0
46.617,-44.0,94.0
46.6221,65.0,94.0
46.6271,23.0,94.0
46.6322,-71.0,94.0
46.6371,11.0,94.0
46.6422,63.0,94.0
46.647,-48.0,96.0
46.6521,-51.0,96.0
46.657,58.0,96.0
46.6619,32.0,96.0
46.667,-31.0,96.0
46.6723,1.0,96.0
46.677,-23.0,98.0
46.6821,-46.0,98.0
46.6872,80.0,98.0
46.692,80.0,100.0
46.6972,-105.0,100.0
46.7021,-74.0,102.0
46.707,105.0,104.0
46.7122,37.0,102.0
46.7171,-116.0,104.0
46.722,-17.0,102.0
46.727,138.0,104.0
46.732,40.0,102.0
46.7373,-127.0,102.0
46.7422,-70.0,102.0
46.747,69.0,102.0
46.752,61.0,104.0
46.757,-7.0,104.0
46.762,-14.0,104.0
46.7671,-12.0,104.0
46.7721,-27.0,104.0
46.777,-8.0,104.0
46.782,28.0,104.0
46.7871,27.0,102.0
46.792,9.0,102.0
46.7971,-12.0,100.0
46.8022,-49.0,98.0
46.807,-22.0,96.0
46.812,63.0,96.0
46.817,49.0,96.0
46.822,-58.0,96.0
46.827,-61.0,96.0
46.8322,36.0,98.0
46.8371,66.0,98.0
46.8419,5.0,98.0
46.8471,-62.0,98.0
46.852,-52.0,98.0
46.857,45.0,98.0
46.8622,83.0,98.0
46.8671,-19.0,98.0
46.872,-86.0,98.0
46.877,-4.0,98.0
46.882,59.0,98.0
46.8869,10.0,98.0
46.892,-24.0,96.0
46.897,7.0,96.0
46.902,14.0,94.0
46.907,-22.0,94.0
46.9122,-26.0,92.0
46.9169,11.0,92.0
46.922,25.0,90.0
46.927,0.0,90.0
46.932,-2.0,88.0
46.937,22.0,88.0
46.942,-11.0,88.0
46.9472,-53.0,88.0
46.9519,1.0,88.0
46.9569,50.0,88.0
46.9619,7.0,86.0
46.9669,-7.0,86.0
46.972,-5.0,86.0
46.977,-40.0,84.0
46.9822,11.0,84.0
46.987,71.0,86.0
46.9929,-32.0,86.0
46.9972,-89.0,86.0
47.0019,39.0,88.0
47.0071,91.0,88.0
47.0119,-20.0,88.0
47.0169,-64.0,90.0
47.022,5.0,88.0
47.0273,25.0,88.0
47.032,-26.0,88.0
47.037,-12.0,88.0
47.0422,72.0,90.0
47.047,36.0,90.0
47.052,-93.0,92.0
47.0571,-72.0,92.0
47.062,47.0,92.0
47.0671,66.0,92.0
47.0719,32.0,92.0
47.077,0.0,92.0
47.0821,-62.0,90.0
47.087,-73.0,92.0
47.0921,11.0,90.0
47.0971,91.0,90.0
47.1019,55.0,90.0
47.107,-58.0,90.0
47.1121,-67.0,90.0
47.1169,36.0,90.0
47.122,41.0,90.0
47.127,-56.0,90.0
47.1322,-35.0,90.0
47.137,88.0,92.0
47.1421,55.0,92.0
47.147,-82.0,92.0
47.152,-61.0,92.0
47.1569,20.0,92.0
47.1619,19.0,90.0
47.167,61.0,90.0
47.172,59.0,90.0
47.177,-89.0,90.0
47.182,-106.0,90.0
47.1869,37.0,92.0
47.1921,62.0,90.0
47.197,25.0,90.0
47.2019,34.0,88.0
47.207,-36.0,88.0
47.212,-93.0,88.0
47.217,10.0,86.0
47.2221,92.0,88.0
47.2273,11.0,88.0
47.232,-71.0,88.0
47.237,-18.0,88.0
47.2419,55.0,88.0
47.247,10.0,88.0
47.2525,-36.0,88.0
47.2571,3.0,88.0
47.262,6.0,86.0
47.267,-19.0,86.0
47.2719,20.0,86.0
47.2775,45.0,86.0
47.2819,-17.0,86.0
47.287,-80.0,86.0
47.292,-23.0,86.0
47.2971,98.0,86.0
47.302,67.0,86.0
47.3071,-62.0,88.0
47.3121,-60.0,88.0
47.317,-16.0,88.0
47.322,-12.0,88.0
47.327,58.0,88.0
47.332,94.0,88.0
47.3383,-11.0,86.0
47.3422,-105.0,86.0
47.347,-67.0,86.0
47.3527,47.0,86.0
47.3569,86.0,86.0
47.3625,-15.0,86.0
47.367,-44.0,84.0
47.3721,69.0,84.0
47.377,20.0,82.0
47.382,-138.0,84.0
47.3869,-42.0,84.0
47.3921,123.0,84.0
47.397,55.0,86.0
47.402,-36.0,86.0
47.407,-24.0,86.0
47.412,-40.0,86.0
47.417,-21.0,86.0
47.422,63.0,86.0
47.427,50.0,86.0
47.432,-48.0,88.0
47.4371,-63.0,88.0
47.442,16.0,88.0
47.4469,60.0,88.0
47.4525,10.0,88.0
47.457,-36.0,88.0
47.4625,-7.0,86.0
47.4675,-3.0,86.0
47.4722,-32.0,86.0
47.4772,38.0,86.0
47.4824,85.0,86.0
47.4875,-45.0,86.0
47.492,-122.0,88.0
47.4973,7.0,86.0
47.5021,117.0,88.0
47.5072,58.0,88.0
47.5128,-65.0,88.0
47.5175,-92.0,88.0
47.522,-4.0,88.0
47.5275,67.0,88.0
47.5323,54.0,90.0
47.5374,-10.0,90.0
47.5422,-71.0,90.0
47.5475,-29.0,90.0
47.5521,74.0,92.0
47.5571,31.0,92.0
47.5621,-89.0,92.0
47.5673,-22.0,92.0
47.5721,108.0,94.0
47.5775,29.0,94.0
47.5825,-96.0,96.0
47.5872,-36.0,96.0
47.5922,43.0,96.0
47.5977,23.0,96.0
47.603,18.0,96.0
47.6069,0.0,96.0
47.6122,-59.0,96.0
47.617,-15.0,96.0
47.6222,74.0,98.0
47.6277,3.0,96.0
47.6319,-83.0,98.0
47.6376,23.0,96.0
47.6429,95.0,98.0
47.6478,-32.0,96.0
47.652,-99.0,98.0
47.6578,14.0,96.0
47.6625,91.0,98.0
47.6673,7.0,98.0
47.6721,-76.0,98.0
47.6774,-14.0,98.0
47.6824,60.0,98.0
47.688,8.0,98.0
47.692,-49.0,98.0
47.6975,2.0,96.0
47.7028,46.0,96.0
47.7074,-14.0,96.0
47.7126,-43.0,96.0
47.7176,26.0,96.0
47.7219,41.0,96.0
47.7272,-34.0,94.0
47.7322,-41.0,96.0
47.7372,18.0,94.0
47.7427,33.0,94.0
47.7474,24.0,94.0
47.7519,-6.0,92.0
47.7572,-53.0,92.0
47.7619,-23.0,92.0
47.7674,37.0,92.0
47.7735,30.0,92.0
47.7769,-10.0,90.0
47.7828,-10.0,90.0
47.7872,11.0,88.0
47.7921,-16.0,88.0
47.7976,-38.0,88.0
47.8032,30.0,88.0
47.8069,64.0,88.0
47.812,-20.0,88.0
47.8178,-65.0,88.0
47.8223,-1.0,86.0
47.8276,32.0,86.0
47.8319,3.0,86.0
47.8376,7.0,84.0
47.8422,34.0,84.0
47.848,-14.0,84.0
47.852,-83.0,84.0
47.8583,-18.0,84.0
47.8635,101.0,84.0
47.8677,55.0,86.0
47.8723,-86.0,86.0
47.8773,-63.0,86.0
47.8822,73.0,86.0
47.8885,55.0,88.0
47.8919,-75.0,88.0
47.8971,-54.0,88.0
47.9021,72.0,90.0
47.9071,44.0,90.0
47.9128,-58.0,90.0
47.9176,-12.0,90.0
47.9219,48.0,90.0
47.928,-8.0,90.0
47.9321,-27.0,90.0
47.9372,-4.0,88.0
47.9426,-19.0,88.0
47.9475,27.0,86.0
47.9522,71.0,86.0
47.9571,-32.0,88.0
47.9624,-90.0,88.0
47.9673,25.0,88.0
47.9729,69.0,88.0
47.9769,-25.0,88.0
47.9825,-38.0,86.0
47.9871,30.0,86.0
47.9922,27.0,86.0
47.9975,-15.0,84.0
48.0025,-30.0,84.0
48.0069,-15.0,84.0
48.0119,20.0,84.0
48.0172,9.0,84.0
48.0222,-1.0,82.0
48.0276,62.0,82.0
48.0319,19.0,80.0
48.0376,-138.0,82.0
48.0422,-93.0,82.0
48.0471,131.0,84.0
48.053,157.0,86.0
48.057,-47.0,86.0
48.0623,-143.0,88.0
48.0669,-23.0,86.0
48.0722,72.0,88.0
48.077,18.0,86.0
48.0824,-21.0,86.0
48.0876,34.0,86.0
48.0919,18.0,86.0
48.0975,-83.0,88.0
48.1021,-25.0,88.0
48.1074,118.0,90.0
48.1124,27.0,90.0
48.1175,-134.0,90.0
48.1219,-36.0,90.0
48.1275,103.0,90.0
48.1322,33.0,90.0
48.1373,-40.0,90.0
48.1419,1.0,88.0
48.1471,0.0,88.0
48.1521,-35.0,86.0
48.1572,0.0,86.0
48.162,30.0,86.0
48.1672,0.0,84.0
48.1723,-2.0,84.0
48.1775,10.0,84.0
48.1822,-20.0,84.0
48.1872,-15.0,82.0
48.1923,41.0,82.0
48.1975,26.0,82.0
48.2025,-59.0,82.0
48.207,-62.0,82.0
48.2119,52.0,82.0
48.2173,98.0,82.0
48.2222,-23.0,82.0
48.2277,-99.0,82.0
48.2324,6.0,82.0
48.2372,69.0,82.0
48.2421,-17.0,82.0
48.2473,-34.0,84.0
48.2523,43.0,82.0
48.2575,10.0,82.0
48.2624,-70.0,82.0
48.2669,-3.0,82.0
48.2721,84.0,82.0
48.2771,16.0,82.0
48.2826,-70.0,82.0
48.2876,-29.0,82.0
48.2919,21.0,80.0
48.2977,24.0,82.0
48.3022,44.0,80.0
48.3073,10.0,80.0
48.3126,-95.0,80.0
48.3175,-68.0,82.0
48.3219,91.0,82.0
48.3272,108.0,84.0
48.332,-35.0,84.0
48.337,-94.0,84.0
48.3426,-18.0,84.0
48.3476,45.0,84.0
48.3519,26.0,84.0
48.3572,-10.0,84.0
48.3619,0.0,84.0
48.3669,2.0,84.0
48.3729,-27.0,82.0
48.3769,2.0,82.0
48.3821,47.0,82.0
48.3869,-16.0,82.0
48.392,-71.0,84.0
48.3974,23.0,84.0
48.4033,90.0,84.0
48.4069,-14.0,84.0
48.4123,-72.0,84.0
48.4175,10.0,84.0
48.4221,22.0,84.0
48.4278,-42.0,86.0
48.4319,6.0,86.0
48.4382,88.0,86.0
48.4422,12.0,86.0
48.4469,-85.0,86.0
48.4522,-31.0,86.0
48.4571,24.0,86.0
48.462,2.0,86.0
48.4677,34.0,86.0
48.4724,58.0,86.0
48.4769,-45.0,88.0
48.482,-108.0,88.0
48.4869,15.0,88.0
48.492,124.0,88.0
48.497,21.0,88.0
48.502,-106.0,90.0
48.507,-43.0,88.0
48.512,64.0,88.0
48.5169,44.0,88.0
48.5219,-9.0,88.0
48.5269,-24.0,86.0
48.532,-29.0,86.0
48.537,3.0,86.0
48.5423,37.0,84.0
48.5471,-12.0,84.0
48.5519,-29.0,84.0
48.557,46.0,84.0
48.5619,26.0,84.0
48.567,-64.0,84.0
48.572,-17.0,84.0
48.577,55.0,86.0
48.582,-17.0,86.0
48.5869,-50.0,86.0
48.592,57.0,86.0
48.5971,66.0,86.0
48.602,-61.0,86.0
48.607,-84.0,86.0
48.612,28.0,86.0
48.6169,81.0,86.0
48.6219,4.0,86.0
48.6271,-67.0,86.0
48.632,-8.0,86.0
48.6372,63.0,88.0
48.6419,-7.0,86.0
48.6472,-71.0,88.0
48.652,27.0,88.0
48.657,74.0,88.0
48.6622,-34.0,90.0
48.667,-47.0,90.0
48.672,16.0,90.0
48.677,-18.0,88.0
48.6821,23.0,86.0
48.6871,105.0,86.0
48.692,-52.0,84.0
48.697,-167.0,86.0
48.7023,41.0,84.0
48.707,172.0,86.0
48.712,3.0,86.0
48.717,-123.0,88.0
48.722,-46.0,88.0
48.727,52.0,88.0
48.7321,64.0,88.0
48.737,13.0,88.0
48.7419,-49.0,88.0
48.7472,-53.0,86.0
48.752,11.0,86.0
48.7569,53.0,86.0
48.7619,19.0,86.0
48.7674,-16.0,84.0
48.7719,-12.0,84.0
48.7771,-29.0,84.0
48.782,-21.0,84.0
48.7869,79.0,84.0
48.7921,68.0,86.0
48.797,-134.0,88.0
48.802,-142.0,90.0
48.807,151.0,92.0
48.812,223.0,96.0
48.817,-84.0,96.0
48.822,-233.0,100.0
48.8272,-18.0,100.0
48.832,142.0,102.0
48.837,58.0,102.0
48.842,-17.0,100.0
48.8471,-10.0,100.0
48.8522,-58.0,100.0
48.8572,-65.0,100.0
48.8621,64.0,100.0
48.8669,108.0,100.0
48.872,-31.0,100.0
48.8775,-101.0,102.0
48.8826,-3.0,102.0
48.887,60.0,102.0
48.892,18.0,102.0
48.897,-10.0,102.0
48.9022,-10.0,100.0
48.907,-39.0,100.0
48.9122,-23.0,100.0
48.9169,78.0,100.0
48.922,72.0,100.0
48.927,-80.0,102.0
48.9323,-101.0,102.0
48.937,37.0,104.0
48.9419,83.0,104.0
48.9469,12.0,104.0
48.9521,-44.0,102.0
48.9569,-40.0,102.0
48.9619,29.0,102.0
48.9672,59.0,100.0
48.972,-34.0,100.0
48.977,-78.0,100.0
48.9819,33.0,100.0
48.987,80.0,102.0
48.992,-24.0,102.0
48.9972,-59.0,102.0
49.002,26.0,102.0
49.007,38.0,104.0
49.012,-25.0,102.0
49.0169,-30.0,104.0
49.0224,-16.0,102.0
49.0271,3.0,102.0
49.032,89.0,104.0
49.0369,63.0,104.0
49.042,-140.0,104.0
49.0471,-132.0,106.0
49.0522,138.0,108.0
49.057,150.0,110.0
49.0622,-107.0,110.0
49.0671,-113.0,112.0
49.072,85.0,114.0
49.077,69.0,112.0
49.082,-74.0,114.0
49.0869,-48.0,114.0
49.0921,54.0,114.0
49.0971,27.0,114.0
49.102,-13.0,114.0
49.107,25.0,114.0
49.1121,-18.0,114.0
49.1171,-97.0,114.0
49.122,-5.0,112.0
49.1271,129.0,114.0
49.132,67.0,114.0
49.1371,-74.0,114.0
49.142,-84.0,114.0
49.1472,-29.0,114.0
49.152,15.0,112.0
49.1574,87.0,114.0
49.1619,69.0,114.0
49.1672,-62.0,114.0
49.1722,-86.0,116.0
49.177,12.0,116.0
49.182,40.0,116.0
49.1873,-4.0,116.0
49.192,-3.0,116.0
49.1971,34.0,116.0
49.2022,10.0,114.0
49.2071,-63.0,114.0
49.2121,-35.0,116.0
49.217,81.0,116.0
49.222,51.0,116.0
49.2273,-109.0,118.0
49.232,-55.0,118.0
49.2372,143.0,118.0
49.242,47.0,118.0
49.247,-148.0,120.0
49.2519,-17.0,118.0
49.2572,107.0,120.0
49.2622,-41.0,120.0
49.2672,-63.0,120.0
49.272,100.0,122.0
49.277,56.0,122.0
49.282,-110.0,122.0
49.287,-64.0,122.0
49.2922,62.0,124.0
49.297,46.0,122.0
49.302,-1.0,122.0
49.3069,-5.0,122.0
49.3121,-27.0,122.0
49.317,-16.0,122.0
49.322,17.0,122.0
49.3269,6.0,120.0
49.3319,10.0,120.0
49.3372,13.0,118.0
49.3421,-41.0,118.0
49.347,-25.0,114.0
49.352,56.0,116.0
49.357,31.0,114.0
49.362,-40.0,114.0
49.3671,-23.0,114.0
49.3722,15.0,112.0
49.3771,-9.0,112.0
49.3822,-18.0,112.0
49.3871,49.0,112.0
49.392,46.0,112.0
49.397,-63.0,112.0
49.4026,-55.0,114.0
49.407,45.0,114.0
49.412,27.0,114.0
49.417,-14.0,114.0
49.422,10.0,114.0
49.4273,-9.0,112.0
49.432,-26.0,112.0
49.437,14.0,110.0
49.4419,18.0,108.0
49.4469,0.0,106.0
49.4521,3.0,102.0
49.4571,0.0,102.0
49.4621,-12.0,98.0
49.4672,-20.0,98.0
49.4722,-20.0,96.0
49.4769,9.0,94.0
49.4821,77.0,96.0
49.487,63.0,96.0
49.492,-90.0,98.0
49.4972,-142.0,98.0
49.502,39.0,98.0
49.5071,159.0,98.0
49.5122,26.0,98.0
49.5171,-128.0,100.0
49.5221,-71.0,100.0
49.527,95.0,100.0
49.532,104.0,102.0
49.5373,-52.0,102.0
49.5422,-119.0,104.0
49.5472,-21.0,104.0
49.552,79.0,106.0
49.5569,86.0,106.0
49.562,13.0,104.0
49.567,-85.0,104.0
49.572,-81.0,104.0
49.577,29.0,104.0
49.582,60.0,104.0
49.587,12.0,104.0
49.592,10.0,104.0
49.5971,-4.0,102.0
49.6022,-54.0,102.0
49.607,-12.0,102.0
49.612,54.0,102.0
49.6171,5.0,102.0
49.622,-49.0,102.0
49.6272,-3.0,100.0
49.6321,45.0,100.0
49.6371,35.0,100.0
49.642,-1.0,100.0
49.647,-54.0,100.0
49.6523,-77.0,100.0
49.6575,13.0,100.0
49.6621,115.0,102.0
49.6671,51.0,104.0
49.6724,-71.0,102.0
49.677,-67.0,102.0
49.6822,0.0,100.0
49.6871,31.0,100.0
49.692,37.0,98.0
49.697,6.0,96.0
49.702,-38.0,94.0
49.707,-34.0,92.0
49.7122,21.0,92.0
49.717,72.0,92.0
49.722,19.0,92.0
49.727,-105.0,92.0
49.7322,-81.0,92.0
49.7369,87.0,94.0
49.7423,115.0,94.0
49.7471,-16.0,94.0
49.752,-70.0,96.0
49.757,-57.0,94.0
49.7619,-36.0,96.0
49.767,84.0,94.0
49.7721,131.0,96.0
49.777,-50.0,96.0
49.782,-150.0,96.0
49.7869,-5.0,96.0
49.792,97.0,98.0
49.797,34.0,96.0
49.8021,-28.0,96.0
49.8071,-28.0,96.0
49.8121,-9.0,94.0
49.817,17.0,94.0
49.8221,8.0,94.0
49.8273,-21.0,94.0
49.832,17.0,94.0
49.837,39.0,94.0
49.842,-45.0,94.0
49.867,-68.0,94.0
49.8672,50.0,96.0
49.8674,92.0,96.0
49.8676,-18.0,94.0
49.8678,-82.0,94.0
49.8729,-20.0,94.0
49.882,40.0,92.0
49.8822,4.0,92.0
49.8892,-14.0,90.0
49.892,76.0,90.0
49.8971,46.0,90.0
49.9036,-139.0,90.0
49.9086,-105.0,92.0
49.913,110.0,92.0
49.9171,108.0,92.0
49.9221,-19.0,92.0
49.927,-30.0,90.0
49.932,-50.0,90.0
49.9371,-64.0,90.0
49.9423,60.0,92.0
49.9469,111.0,94.0
49.9519,-37.0,94.0
49.957,-122.0,96.0
49.962,14.0,96.0
49.9672,144.0,98.0
49.9721,15.0,98.0
49.977,-177.0,100.0
49.9821,-72.0,100.0
49.987,169.0,102.0
49.992,128.0,104.0
49.9981,-94.0,104.0
50.002,-121.0,106.0
0.0005,58.0,328.0
0.0008,163.0,328.0
0.001,-25.0,322.0
0.0012,-126.0,320.0
0.0013,29.0,316.0
0.0015,26.0,312.0
0.0016,-59.0,308.0
0.0018,78.0,304.0
0.0019,83.0,302.0
0.0021,-170.0,296.0
0.0023,-111.0,298.0
0.0024,218.0,294.0
0.0026,138.0,290.0
0.0028,-203.0,292.0
0.0029,-147.0,286.0
0.0031,183.0,286.0
0.0033,171.0,284.0
0.0034,-176.0,282.0
0.0036,-227.0,284.0
0.0038,118.0,282.0
0.0039,234.0,280.0
0.0041,-13.0,280.0
0.0044,-125.0,274.0
0.0045,-34.0,270.0
0.0047,-3.0,264.0
0.0048,-40.0,258.0
0.005,-3.0,256.0
0.0052,169.0,254.0
0.0053,155.0,254.0
0.0055,-205.0,256.0
0.0057,-266.0,260.0
0.0058,94.0,256.0
0.006,186.0,256.0
0.0061,43.0,254.0
0.0062,0.0,248.0
0.0064,-77.0,248.0
0.0066,-105.0,246.0
0.0068,24.0,242.0
0.007,63.0,242.0
0.0071,17.0,240.0
0.0073,35.0,238.0
0.0074,-4.0,236.0
0.0076,-44.0,234.0
0.0077,-11.0,232.0
0.0079,-78.0,232.0
0.008,-48.0,232.0
0.0082,209.0,234.0
0.0083,166.0,236.0
0.0085,-196.0,234.0
0.0087,-231.0,234.0
0.0088,65.0,230.0
0.009,188.0,230.0
0.0091,32.0,230.0
0.0093,-109.0,228.0
0.0094,-16.0,228.0
0.0095,86.0,226.0
0.0097,-47.0,224.0
0.0099,-132.0,226.0
0.01,35.0,220.0
0.0102,185.0,222.0
0.0105,86.0,220.0
0.011,-154.0,218.0
0.0116,-206.0,222.0
0.0119,25.0,220.0
0.0121,206.0,218.0
0.0124,98.0,220.0
0.0126,-107.0,216.0
0.0128,-124.0,218.0
0.0129,2.0,216.0
0.0131,86.0,216.0
0.0132,59.0,214.0
0.0134,-46.0,208.0
0.0135,-69.0,206.0
0.0137,-2.0,198.0
0.0139,39.0,194.0
0.014,82.0,190.0
0.0142,13.0,188.0
0.0144,-138.0,188.0
0.0145,-62.0,186.0
0.0147,93.0,188.0
0.0149,40.0,186.0
0.015,20.0,186.0
0.0151,88.0,184.0
0.0153,-81.0,184.0
0.0155,-260.0,188.0
0.0156,37.0,184.0
0.0157,372.0,190.0
0.0159,26.0,188.0
0.016,-379.0,192.0
0.0162,-32.0,192.0
0.0165,303.0,198.0
0.0167,-17.0,198.0
0.0169,-203.0,198.0
0.0171,108.0,198.0
0.0174,157.0,198.0
0.0176,-226.0,200.0
0.0178,-172.0,202.0
0.0182,304.0,206.0
0.0185,172.0,208.0
0.0187,-305.0,210.0
0.0189,-141.0,210.0
0.0191,287.0,212.0
0.0193,177.0,214.0
0.0196,-256.0,216.0
0.0198,-301.0,220.0
0.0199,101.0,220.0
0.0201,356.0,224.0
0.0203,174.0,226.0
0.0205,-195.0,226.0
0.0207,-342.0,232.0
0.0209,-79.0,230.0
0.0211,223.0,234.0
0.0212,190.0,234.0
0.0214,36.0,234.0
0.0215,-30.0,232.0
0.0217,-137.0,234.0
0.0219,-208.0,236.0
0.022,-34.0,236.0
0.0222,268.0,238.0
0.0225,303.0,244.0
0.0228,-102.0,242.0
0.0231,-390.0,248.0
0.0233,-111.0,248.0
0.0235,213.0,252.0
0.0237,173.0,254.0
0.0239,35.0,254.0
0.0242,-58.0,254.0
0.0244,-141.0,254.0
0.0247,-106.0,256.0
0.0249,97.0,254.0
0.0251,213.0,258.0
0.0253,-27.0,256.0
0.0255,-236.0,258.0
0.0257,1.0,258.0
0.0259,181.0,260.0
0.0262,-13.0,260.0
0.0264,-70.0,258.0
0.0266,55.0,258.0
0.0268,-36.0,256.0
0.0271,-134.0,254.0
0.0273,87.0,254.0
0.0275,222.0,254.0
0.0276,-89.0,254.0
0.0278,-256.0,254.0
0.0279,92.0,254.0
0.0281,205.0,254.0
0.0283,-113.0,252.0
0.0285,-114.0,252.0
0.0286,120.0,250.0
0.0288,43.0,250.0
0.029,-94.0,250.0
0.0291,-1.0,250.0
0.0292,52.0,250.0
0.0294,-39.0,250.0
0.0295,0.0,250.0
0.0297,106.0,250.0
0.0298,-84.0,248.0
0.0301,-216.0,248.0
0.0303,193.0,248.0
0.0304,360.0,252.0
0.0306,-262.0,252.0
0.0307,-478.0,260.0
0.0309,227.0,262.0
0.031,473.0,270.0
0.0312,-118.0,270.0
0.0314,-315.0,274.0
0.0315,54.0,274.0
0.0316,98.0,274.0
0.0318,-84.0,276.0
0.0319,72.0,276.0
0.0322,137.0,278.0
0.0324,-164.0,280.0
0.0329,-163.0,282.0
0.0333,164.0,284.0
0.0335,186.0,284.0
0.0337,-47.0,282.0
0.0339,-181.0,282.0
0.0342,-119.0,280.0
0.0343,93.0,280.0
0.0346,158.0,280.0
0.0348,18.0,280.0
0.0349,-1.0,278.0
0.0351,-33.0,278.0
0.0353,-190.0,280.0
0.0355,-55.0,280.0
0.0356,227.0,282.0
0.0358,142.0,282.0
0.036,-93.0,282.0
0.0362,-142.0,282.0
0.0364,-95.0,282.0
0.0366,53.0,278.0
0.0367,223.0,282.0
0.0369,63.0,280.0
0.0371,-224.0,282.0
0.0373,-110.0,282.0
0.0374,125.0,282.0
0.0376,37.0,282.0
0.0377,-58.0,282.0
0.0378,66.0,282.0
0.038,112.0,284.0
0.0382,-74.0,284.0
0.0383,-188.0,286.0
0.0385,-21.0,286.0
0.0386,137.0,286.0
0.0388,125.0,288.0
0.0389,41.0,286.0
0.0391,-163.0,288.0
0.0393,-221.0,290.0
0.0394,117.0,292.0
0.0396,292.0,296.0
0.0397,-14.0,294.0
0.0399,-226.0,296.0
0.04,-86.0,294.0
0.0402,76.0,294.0
0.0403,135.0,292.0
0.0405,54.0,292.0
0.0412,-131.0,288.0
0.0414,-98.0,288.0
0.0419,90.0,286.0
0.0422,87.0,286.0
0.0424,-27.0,284.0
0.0425,-79.0,284.0
0.0427,-24.0,282.0
0.0428,65.0,278.0
0.043,29.0,276.0
0.0431,-18.0,272.0
0.0433,-3.0,270.0
0.0435,-23.0,264.0
0.0436,7.0,262.0
0.0437,24.0,258.0
0.0439,-66.0,258.0
0.044,-16.0,254.0
0.0442,120.0,250.0
0.0443,37.0,250.0
0.0445,-98.0,246.0
0.0446,-53.0,244.0
0.0448,-5.0,240.0
0.0449,5.0,236.0
0.045,158.0,236.0
0.0452,100.0,234.0
0.0454,-320.0,236.0
0.0455,-183.0,238.0
0.0457,421.0,246.0
0.0459,167.0,246.0
0.046,-394.0,248.0
0.0462,-58.0,248.0
0.0463,260.0,248.0
0.0465,-61.0,244.0
0.0467,-120.0,246.0
0.0469,96.0,240.0
0.047,24.0,240.0
0.0472,-13.0,236.0
0.0473,60.0,234.0
0.0476,-114.0,236.0
0.0478,-151.0,236.0
0.0481,185.0,238.0
0.0483,201.0,240.0
0.0485,-192.0,240.0
0.0487,-168.0,240.0
0.0489,189.0,242.0
0.049,75.0,240.0
0.0492,-182.0,242.0
0.0494,49.0,240.0
0.0495,153.0,242.0
0.0497,-197.0,244.0
0.0498,-136.0,246.0
0.05,304.0,250.0
0.0502,133.0,250.0
0.0503,-285.0,254.0
0.0505,-77.0,252.0
0.0506,157.0,252.0
0.0508,-37.0,248.0
0.0509,-38.0,248.0
0.0511,102.0,246.0
0.0512,27.0,246.0
0.0514,-19.0,244.0
0.0515,-81.0,242.0
0.0517,-149.0,244.0
0.0518,78.0,244.0
0.052,241.0,248.0
0.0522,-7.0,248.0
0.0523,-190.0,250.0
0.0525,-18.0,250.0
0.0526,93.0,250.0
0.0532,-34.0,250.0
0.0536,-76.0,246.0
0.0537,45.0,244.0
0.0539,133.0,240.0
0.0542,81.0,238.0
0.0544,-147.0,232.0
0.0547,-291.0,234.0
0.0549,36.0,228.0
0.0551,422.0,232.0
0.0553,143.0,230.0
0.0557,-382.0,234.0
0.056,-248.0,236.0
0.0562,236.0,240.0
0.0563,197.0,242.0
0.0565,-127.0,240.0
0.0567,-44.0,238.0
0.0568,110.0,238.0
0.057,-76.0,236.0
0.0572,-120.0,236.0
0.0573,88.0,236.0
0.0574,65.0,234.0
0.0576,-41.0,234.0
0.0577,46.0,232.0
0.0579,21.0,230.0
0.0581,-126.0,232.0
0.0582,-22.0,232.0
0.0584,130.0,234.0
0.0585,0.0,232.0
0.0586,-76.0,232.0
0.059,43.0,228.0
0.0592,-15.0,226.0
0.0595,-94.0,226.0
0.0597,111.0,226.0
0.0598,156.0,226.0
0.06,-159.0,228.0
0.0602,-222.0,228.0
0.0604,149.0,230.0
0.0607,235.0,230.0
0.0608,-129.0,230.0
0.061,-167.0,232.0
0.0612,132.0,232.0
0.0613,74.0,232.0
0.0615,-136.0,234.0
0.0617,-21.0,232.0
0.0619,110.0,234.0
0.0621,14.0,230.0
0.0623,-50.0,230.0
0.0625,-29.0,230.0
0.0626,-43.0,228.0
0.0628,47.0,228.0
0.063,168.0,228.0
0.0632,-42.0,226.0
0.0634,-259.0,228.0
0.0635,13.0,224.0
0.0637,229.0,226.0
0.0638,-24.0,224.0
0.064,-100.0,224.0
0.0642,120.0,224.0
0.0643,-3.0,222.0
0.0645,-219.0,224.0
0.0646,32.0,224.0
0.0648,198.0,224.0
0.0651,-64.0,224.0
0.0653,-89.0,224.0
0.0655,144.0,226.0
0.0657,33.0,226.0
0.0659,-191.0,228.0
0.066,-65.0,228.0
0.0662,131.0,230.0
0.0663,72.0,230.0
0.0665,0.0,230.0
0.0666,23.0,230.0
0.0668,-108.0,232.0
0.0669,-164.0,234.0
0.0671,146.0,236.0
0.0673,249.0,240.0
0.0675,-125.0,240.0
0.0676,-250.0,242.0
0.0678,67.0,242.0
0.0679,184.0,244.0
0.068,0.0,244.0
0.0682,-63.0,244.0
0.0683,-41.0,244.0
0.0685,-43.0,242.0
0.0686,48.0,238.0
0.0688,54.0,236.0
0.0689,-50.0,230.0
0.069,11.0,228.0
0.0692,59.0,222.0
0.0693,-73.0,222.0
0.0695,-31.0,220.0
0.0696,126.0,220.0
0.0698,-52.0,220.0
0.07,-200.0,220.0
0.0701,126.0,222.0
0.0703,253.0,226.0
0.0704,-137.0,228.0
0.0706,-225.0,228.0
0.0707,97.0,228.0
0.0709,141.0,228.0
0.0714,-40.0,224.0
0.0716,-57.0,222.0
0.0718,-8.0,220.0
0.072,2.0,218.0
0.0722,26.0,216.0
0.0724,13.0,214.0
0.0726,-8.0,214.0
0.0728,2.0,210.0
0.073,-33.0,208.0
0.0732,-21.0,206.0
0.0734,79.0,204.0
0.0735,10.0,202.0
0.0737,-115.0,198.0
0.0739,30.0,198.0
0.074,148.0,198.0
0.0742,-72.0,198.0
0.0744,-184.0,200.0
0.0745,80.0,200.0
0.0747,193.0,202.0
0.0748,-50.0,204.0
0.075,-123.0,204.0
0.0751,26.0,202.0
0.0753,-14.0,200.0
0.0755,-59.0,198.0
0.0756,94.0,200.0
0.0758,137.0,198.0
0.0759,-10.0,198.0
0.0761,-175.0,200.0
0.0765,-169.0,202.0
0.0767,111.0,202.0
0.0769,267.0,206.0
0.0771,3.0,204.0
0.0774,-195.0,206.0
0.0777,-39.0,204.0
0.0827,40.0,200.0
0.0878,-47.0,200.0
0.0928,79.0,194.0
0.0977,187.0,196.0
0.1027,-145.0,192.0
0.1077,-304.0,192.0
0.1128,173.0,192.0
0.1178,335.0,194.0
0.1228,-176.0,194.0
0.1278,-258.0,198.0
0.133,167.0,198.0
0.1379,152.0,200.0
0.1429,-122.0,200.0
0.148,-83.0,200.0
0.1527,27.0,200.0
0.1577,9.0,198.0
0.1637,26.0,198.0
0.1679,71.0,200.0
0.1733,49.0,198.0
0.1779,-58.0,198.0
0.1834,-173.0,200.0
0.1878,-83.0,200.0
0.193,168.0,202.0
0.1979,225.0,206.0
0.2039,-1.0,204.0
0.2077,-236.0,208.0
0.2128,-182.0,208.0
0.2177,129.0,208.0
0.223,234.0,208.0
0.2277,-25.0,206.0
0.2329,-134.0,206.0
0.2378,19.0,202.0
0.2428,-7.0,200.0
0.2479,-88.0,200.0
0.2529,69.0,198.0
0.2579,122.0,198.0
0.2627,-38.0,198.0
0.2677,-48.0,198.0
0.2727,-9.0,196.0
0.2778,-88.0,198.0
0.2833,-2.0,196.0
0.2878,182.0,198.0
0.2929,60.0,200.0
0.2978,-162.0,200.0
0.3027,-81.0,200.0
0.3078,41.0,200.0
0.3132,20.0,196.0
0.3178,100.0,198.0
0.3229,75.0,194.0
0.3278,-188.0,198.0
0.3327,-114.0,198.0
0.3379,197.0,198.0
0.3437,39.0,200.0
0.3478,-155.0,198.0
0.3527,115.0,200.0
0.3577,117.0,198.0
0.3627,-224.0,200.0
0.3684,-95.0,202.0
0.373,180.0,202.0
0.3778,48.0,202.0
0.3828,-41.0,200.0
0.3878,28.0,198.0
0.3927,-49.0,198.0
0.3979,-62.0,198.0
0.4031,71.0,198.0
0.4088,18.0,198.0
0.4127,-110.0,198.0
0.4177,15.0,196.0
0.423,187.0,196.0
0.4278,45.0,194.0
0.4329,-229.0,196.0
0.4378,-141.0,194.0
0.4428,177.0,196.0
0.4477,167.0,196.0
0.4534,-70.0,196.0
0.4579,-117.0,196.0
0.4628,-24.0,196.0
0.4677,61.0,196.0
0.4727,79.0,198.0
0.478,-36.0,198.0
0.483,-88.0,198.0
0.4879,47.0,198.0
0.4928,72.0,198.0
0.4979,-81.0,198.0
0.5027,-92.0,200.0
0.5087,71.0,198.0
0.5129,164.0,200.0
0.5179,36.0,198.0
0.5228,-206.0,200.0
0.5277,-177.0,198.0
0.5327,132.0,198.0
0.5378,215.0,198.0
0.543,6.0,196.0
0.548,-114.0,196.0
0.5527,-83.0,196.0
0.5577,-16.0,196.0
0.5627,56.0,196.0
0.5677,60.0,198.0
0.5729,25.0,198.0
0.5777,-20.0,198.0
0.5827,-115.0,200.0
0.5877,-17.0,200.0
0.5942,189.0,202.0
0.5977,-2.0,202.0
0.6028,-215.0,204.0
0.6077,48.0,204.0
0.6139,160.0,206.0
0.6178,-67.0,206.0
0.6228,-33.0,204.0
0.6278,50.0,204.0
0.6327,-103.0,202.0
0.6378,-17.0,202.0
0.6428,175.0,202.0
0.6478,-23.0,200.0
0.6528,-147.0,202.0
0.6578,67.0,202.0
0.6629,46.0,202.0
0.6681,-101.0,202.0
0.6727,65.0,202.0
0.6785,114.0,202.0
0.6827,-130.0,204.0
0.6877,-95.0,202.0
0.6927,123.0,202.0
0.6977,32.0,200.0
0.7027,-60.0,198.0
0.7078,48.0,198.0
0.7128,-28.0,196.0
0.7177,-94.0,196.0
0.7227,94.0,198.0
0.7276,95.0,198.0
0.7328,-82.0,198.0
0.7378,-73.0,196.0
0.7429,0.0,194.0
0.7477,41.0,190.0
0.7527,68.0,188.0
0.7578,-11.0,184.0
0.7632,-67.0,182.0
0.7677,-12.0,178.0
0.7728,22.0,176.0
0.7777,46.0,174.0
0.7835,21.0,172.0
0.7877,-79.0,172.0
0.7928,-51.0,172.0
0.7979,54.0,174.0
0.803,49.0,174.0
0.8077,36.0,172.0
0.8127,14.0,172.0
0.8184,-96.0,174.0
0.8228,-108.0,172.0
0.8278,31.0,172.0
0.8328,138.0,170.0
0.8404,109.0,168.0
0.8426,-63.0,170.0
0.8477,-195.0,170.0
0.8527,-54.0,168.0
0.8578,159.0,168.0
0.8633,127.0,166.0
0.8677,-53.0,166.0
0.8728,-131.0,166.0
0.8777,-14.0,166.0
0.8827,88.0,168.0
0.8877,-2.0,166.0
0.8928,-41.0,166.0
0.8977,56.0,164.0
0.9027,39.0,164.0
0.9078,-71.0,166.0
0.9128,-72.0,166.0
0.9177,28.0,166.0
0.9228,94.0,166.0
0.9277,22.0,164.0
0.9327,-94.0,164.0
0.9378,-38.0,162.0
0.9427,69.0,162.0
0.9478,9.0,162.0
0.9528,-11.0,162.0
0.9578,49.0,162.0
0.963,-57.0,160.0
0.9679,-78.0,160.0
0.9729,108.0,160.0
0.9778,40.0,156.0
0.9833,-139.0,158.0
0.9877,11.0,156.0
0.9927,145.0,156.0
0.9978,-8.0,154.0
1.0027,-91.0,152.0
1.0078,-35.0,152.0
1.0126,-25.0,150.0
1.0176,64.0,150.0
1.0234,122.0,150.0
1.0279,-64.0,152.0
1.0329,-126.0,152.0
1.0377,53.0,152.0
1.0432,59.0,152.0
1.0476,-50.0,152.0
1.0527,-4.0,152.0
1.0577,54.0,152.0
1.0636,-8.0,148.0
1.0678,-42.0,148.0
1.0727,31.0,146.0
1.0777,17.0,144.0
1.0828,-120.0,142.0
1.0877,-16.0,140.0
1.0927,250.0,144.0
1.0976,43.0,142.0
1.1027,-321.0,146.0
1.1081,-62.0,146.0
1.1128,261.0,150.0
1.1177,47.0,150.0
1.1227,-93.0,150.0
1.1276,5.0,150.0
1.1327,-76.0,150.0
1.1377,-78.0,150.0
1.143,142.0,150.0
1.1478,103.0,150.0
1.1528,-70.0,150.0
1.1577,-1.0,148.0
1.163,-47.0,146.0
1.1679,-185.0,146.0
1.1727,80.0,146.0
1.1778,299.0,146.0
1.1828,-26.0,146.0
1.1878,-252.0,150.0
1.1929,-20.0,148.0
1.1992,110.0,150.0
1.2027,20.0,150.0
1.2096,11.0,148.0
1.2127,-26.0,148.0
1.2178,-55.0,148.0
1.2228,81.0,148.0
1.2285,69.0,150.0
1.2328,-134.0,148.0
1.2377,-99.0,150.0
1.2427,104.0,148.0
1.2478,92.0,148.0
1.2544,-13.0,146.0
1.2576,4.0,146.0
1.2627,-29.0,146.0
1.2679,-109.0,146.0
1.2727,-36.0,146.0
1.2777,96.0,146.0
1.2832,125.0,146.0
1.289,24.0,146.0
1.2928,-118.0,146.0
1.2977,-119.0,146.0
1.3026,26.0,146.0
1.3079,109.0,146.0
1.3139,55.0,146.0
1.3177,-40.0,144.0
1.3227,-83.0,144.0
1.3277,-14.0,142.0
1.3328,97.0,142.0
1.338,46.0,142.0
1.3435,-123.0,144.0
1.3477,-91.0,144.0
1.3526,127.0,146.0
1.3577,143.0,146.0
1.3628,-56.0,146.0
1.3688,-135.0,146.0
1.3728,-72.0,146.0
1.3776,45.0,146.0
1.3827,164.0,148.0
1.389,39.0,148.0
1.3929,-169.0,150.0
1.3978,-18.0,150.0
1.4027,151.0,152.0
1.4077,-76.0,152.0
1.4127,-163.0,154.0
1.4176,122.0,156.0
1.4229,149.0,158.0
1.4277,-78.0,158.0
1.4328,-51.0,158.0
1.4377,20.0,158.0
1.4427,-79.0,158.0
1.4479,-15.0,158.0
1.4527,134.0,160.0
1.4584,37.0,158.0
1.4628,-55.0,158.0
1.4677,-12.0,158.0
1.4732,-78.0,156.0
1.4777,-74.0,156.0
1.4832,122.0,156.0
1.4877,128.0,156.0
1.4927,-59.0,156.0
1.4976,-77.0,154.0
1.5027,10.0,152.0
1.5082,-17.0,152.0
1.5128,-34.0,150.0
1.5178,66.0,152.0
1.5227,84.0,152.0
1.5277,-64.0,152.0
1.5331,-101.0,154.0
1.5376,34.0,152.0
1.5428,51.0,152.0
1.5477,1.0,152.0
1.5527,76.0,152.0
1.5576,-8.0,152.0
1.5626,-223.0,154.0
1.5676,-7.0,154.0
1.5729,278.0,156.0
1.5784,-25.0,156.0
1.5828,-206.0,158.0
1.5878,127.0,160.0
1.5933,75.0,162.0
1.5977,-212.0,164.0
1.6028,36.0,164.0
1.6077,207.0,166.0
1.6126,-94.0,166.0
1.6177,-117.0,166.0
1.6226,99.0,166.0
1.628,-7.0,166.0
1.6327,-95.0,164.0
1.6376,107.0,166.0
1.6426,132.0,166.0
1.6477,-128.0,168.0
1.6528,-197.0,172.0
1.6578,54.0,170.0
1.6636,226.0,172.0
1.6676,70.0,172.0
1.6726,-177.0,174.0
1.6777,-172.0,176.0
1.6827,89.0,176.0
1.6878,244.0,178.0
1.6927,-28.0,180.0
1.6977,-337.0,184.0
1.7035,0.0,184.0
1.7076,430.0,190.0
1.7127,28.0,190.0
1.7188,-424.0,196.0
1.7227,-40.0,194.0
1.7276,288.0,198.0
1.7327,4.0,196.0
1.738,-97.0,196.0
1.7428,64.0,192.0
1.7477,-45.0,192.0
1.7526,-112.0,190.0
1.7588,106.0,190.0
1.7626,82.0,190.0
1.7684,-132.0,192.0
1.7728,30.0,192.0
1.7781,174.0,192.0
1.7835,-151.0,192.0
1.7879,-204.0,194.0
1.7929,205.0,196.0
1.7979,172.0,200.0
1.8036,-202.0,202.0
1.8076,-114.0,200.0
1.8128,162.0,202.0
1.8178,104.0,198.0
1.8227,-58.0,200.0
1.8277,-145.0,198.0
1.8331,-104.0,198.0
1.839,174.0,200.0
1.8428,232.0,204.0
1.8481,-166.0,206.0
1.8535,-221.0,208.0
1.8581,168.0,210.0
1.8633,84.0,210.0
1.8679,-217.0,212.0
1.8728,62.0,212.0
1.8779,252.0,214.0
1.8835,-135.0,214.0
1.8882,-171.0,216.0
1.8931,149.0,218.0
1.8978,-20.0,218.0
1.9036,-167.0,220.0
1.9081,188.0,222.0
1.9126,188.0,224.0
1.918,-223.0,226.0
1.9227,-137.0,226.0
1.9278,158.0,228.0
1.9326,0.0,226.0
1.9382,-113.0,226.0
1.9427,126.0,228.0
1.948,126.0,228.0
1.9528,-157.0,230.0
1.9579,-134.0,232.0
1.963,127.0,232.0
1.9682,99.0,234.0
1.9728,-108.0,234.0
1.9787,-72.0,234.0
1.9835,73.0,234.0
1.9878,103.0,234.0
1.9931,45.0,232.0
1.9985,-134.0,232.0
2.0027,-216.0,234.0
2.0076,66.0,234.0
2.0128,297.0,236.0
2.0178,66.0,238.0
2.023,-215.0,238.0
2.0286,-114.0,240.0
2.0327,79.0,238.0
2.0378,24.0,238.0
2.0428,-28.0,236.0
2.0478,106.0,236.0
2.0533,64.0,234.0
2.0592,-182.0,236.0
2.0632,-115.0,236.0
2.0677,182.0,236.0
2.0728,147.0,238.0
2.0781,-129.0,240.0
2.0844,-137.0,240.0
2.0881,69.0,242.0
2.0928,72.0,240.0
2.0977,-51.0,240.0
2.1038,7.0,240.0
2.1078,68.0,242.0
2.1128,-54.0,240.0
2.1187,-72.0,240.0
2.1226,68.0,240.0
2.1278,53.0,238.0
2.1328,-65.0,238.0
2.1393,-33.0,238.0
2.1432,49.0,238.0
2.1482,24.0,238.0
2.1528,-26.0,238.0
2.1578,-30.0,238.0
2.1628,7.0,236.0
2.1678,83.0,238.0
2.1727,18.0,236.0
2.1782,-201.0,238.0
2.1827,-85.0,240.0
2.1876,321.0,244.0
2.1929,206.0,246.0
2.1985,-331.0,252.0
2.2027,-306.0,252.0
2.2077,210.0,256.0
2.2128,282.0,256.0
2.2178,-63.0,256.0
2.2233,-138.0,256.0
2.2282,4.0,254.0
2.2331,-17.0,252.0
2.2379,-47.0,250.0
2.2433,104.0,250.0
2.2478,138.0,250.0
2.2536,-133.0,250.0
2.2584,-232.0,252.0
2.2627,121.0,252.0
2.2677,284.0,256.0
2.2728,-55.0,256.0
2.2779,-233.0,258.0
2.2842,-21.0,256.0
2.288,86.0,256.0
2.2929,26.0,254.0
2.2977,49.0,254.0
2.3028,50.0,250.0
2.3092,-72.0,250.0
2.3133,-111.0,250.0
2.3178,-14.0,246.0
2.3226,50.0,246.0
2.3286,87.0,244.0
2.3341,121.0,246.0
2.3388,-41.0,240.0
2.3433,-259.0,244.0
2.3483,-80.0,240.0
2.355,237.0,242.0
2.3588,131.0,238.0
2.3629,-107.0,238.0
2.3688,-37.0,234.0
2.3747,30.0,236.0
2.3789,-115.0,236.0
2.3835,-78.0,236.0
2.3877,194.0,238.0
2.3927,169.0,240.0
2.3976,-159.0,240.0
2.4027,-195.0,242.0
2.4077,64.0,240.0
2.4129,134.0,242.0
2.4185,40.0,240.0
2.4228,-37.0,238.0
2.4277,-140.0,238.0
2.4328,-31.0,234.0
2.4376,225.0,236.0
2.4426,39.0,232.0
2.4478,-271.0,236.0
2.4528,2.0,232.0
2.4578,259.0,236.0
2.4636,-63.0,236.0
2.4678,-201.0,236.0
2.4733,130.0,236.0
2.4778,131.0,236.0
2.4837,-191.0,236.0
2.4877,-87.0,234.0
2.4927,241.0,234.0
2.4976,86.0,234.0
2.5029,-249.0,236.0
2.508,-116.0,234.0
2.5127,161.0,236.0
2.518,104.0,234.0
2.5227,-14.0,232.0
2.5276,3.0,228.0
2.5326,-43.0,228.0
2.5387,-120.0,228.0
2.5426,-30.0,226.0
2.5477,105.0,226.0
2.5527,88.0,224.0
2.5577,21.0,220.0
2.5626,-7.0,218.0
2.5685,-117.0,218.0
2.5744,-154.0,220.0
2.5776,115.0,220.0
2.5828,256.0,222.0
2.5878,-69.0,222.0
2.5928,-236.0,222.0
2.5981,56.0,222.0
2.6031,147.0,222.0
2.6078,-99.0,222.0
2.6128,-66.0,222.0
2.618,147.0,222.0
2.6227,15.0,222.0
2.6278,-122.0,222.0
2.6327,26.0,222.0
2.6395,12.0,220.0
2.6428,-66.0,218.0
2.6479,109.0,218.0
2.6527,88.0,214.0
2.6583,-161.0,216.0
2.6627,-71.0,214.0
2.6677,132.0,214.0
2.6727,-2.0,212.0
2.6779,-56.0,214.0
2.6828,114.0,214.0
2.6877,-14.0,214.0
2.6931,-187.0,216.0
2.6978,39.0,214.0
2.7028,137.0,214.0
2.708,-40.0,212.0
2.7129,12.0,210.0
2.7181,73.0,208.0
2.7228,-142.0,208.0
2.7277,-129.0,210.0
2.7328,173.0,210.0
2.738,151.0,212.0
2.7432,-143.0,214.0
2.7483,-138.0,216.0
2.753,101.0,216.0
2.7577,124.0,218.0
2.7627,-52.0,216.0
2.7679,-121.0,218.0
2.7728,-3.0,216.0
2.7777,116.0,218.0
2.7826,46.0,218.0
2.7877,-106.0,220.0
2.7927,-61.0,220.0
2.7977,116.0,222.0
2.8026,48.0,222.0
2.8077,-174.0,224.0
2.8128,-14.0,224.0
2.8177,255.0,224.0
2.8227,-28.0,224.0
2.8278,-292.0,222.0
2.8327,58.0,220.0
2.8377,249.0,220.0
2.8427,-60.0,216.0
2.8476,-155.0,214.0
2.8528,37.0,210.0
2.8577,70.0,210.0
2.8636,-16.0,208.0
2.8676,-48.0,210.0
2.8729,11.0,210.0
2.8776,83.0,210.0
2.8826,5.0,208.0
2.8879,-113.0,208.0
2.8927,-45.0,206.0
2.8977,114.0,204.0
2.9026,77.0,204.0
2.9077,-138.0,202.0
2.9127,-77.0,202.0
2.9178,217.0,202.0
2.9227,54.0,202.0
2.9277,-303.0,206.0
2.9327,-35.0,206.0
2.9378,321.0,210.0
2.9427,32.0,210.0
2.9477,-243.0,212.0
2.9527,-19.0,212.0
2.9577,114.0,212.0
2.9627,-34.0,212.0
2.9688,-8.0,212.0
2.9727,105.0,212.0
2.9777,-42.0,212.0
2.9826,-131.0,210.0
2.9876,65.0,208.0
2.9927,82.0,206.0
2.9978,-92.0,206.0
3.0026,-4.0,204.0
3.0076,117.0,206.0
3.0126,-37.0,206.0
3.0178,-101.0,206.0
3.0228,43.0,204.0
3.0278,25.0,202.0
3.0327,-64.0,200.0
3.0381,57.0,200.0
3.0427,102.0,198.0
3.0482,-74.0,198.0
3.0529,-104.0,198.0
3.0576,15.0,196.0
3.0628,38.0,196.0
3.0676,64.0,196.0
3.0726,67.0,196.0
3.0782,-99.0,194.0
3.0827,-152.0,196.0
3.0878,69.0,192.0
3.0927,177.0,196.0
3.0976,-4.0,192.0
3.1026,-152.0,194.0
3.1081,-55.0,190.0
3.1128,108.0,190.0
3.1178,92.0,190.0
3.1227,-68.0,188.0
3.1277,-95.0,188.0
3.1327,41.0,184.0
3.1387,55.0,184.0
3.1427,-36.0,182.0
3.1478,23.0,180.0
3.1526,66.0,178.0
3.1576,-120.0,178.0
3.1628,-130.0,180.0
3.1676,181.0,182.0
3.1735,183.0,186.0
3.1779,-158.0,186.0
3.1827,-137.0,188.0
3.1876,95.0,188.0
3.1927,-10.0,186.0
3.198,-89.0,188.0
3.2026,131.0,190.0
3.2076,155.0,190.0
3.2127,-105.0,188.0
3.2177,-207.0,190.0
3.2227,-45.0,188.0
3.2278,167.0,188.0
3.2327,188.0,188.0
3.2376,-54.0,188.0
3.2427,-220.0,188.0
3.2477,-32.0,188.0
3.2527,153.0,190.0
3.2576,19.0,188.0
3.2628,-69.0,188.0
3.2678,61.0,188.0
3.2726,19.0,186.0
3.2778,-126.0,188.0
3.2837,1.0,188.0
3.2878,141.0,188.0
3.2927,-4.0,186.0
3.2977,-129.0,186.0
3.3026,-19.0,186.0
3.3076,116.0,186.0
3.3128,77.0,186.0
3.3177,-98.0,188.0
3.3227,-148.0,188.0
3.3277,46.0,188.0
3.3327,180.0,188.0
3.3377,49.0,188.0
3.3429,-119.0,188.0
3.3478,-129.0,190.0
3.3527,-16.0,190.0
3.3577,123.0,190.0
3.3628,129.0,190.0
3.3678,-58.0,188.0
3.3739,-130.0,188.0
3.3779,35.0,186.0
3.3826,62.0,186.0
3.3876,-84.0,184.0
3.393,-27.0,184.0
3.3987,110.0,182.0
3.4028,30.0,182.0
3.4078,-55.0,182.0
3.4126,-21.0,182.0
3.4177,-24.0,180.0
3.4226,6.0,180.0
3.4276,70.0,180.0
3.4329,-16.0,178.0
3.4376,-83.0,178.0
3.4426,46.0,178.0
3.4477,76.0,176.0
3.4529,-83.0,178.0
3.4578,-34.0,174.0
3.4627,140.0,176.0
3.4676,-29.0,172.0
3.4727,-201.0,174.0
3.4777,56.0,170.0
3.4828,204.0,174.0
3.4878,-28.0,172.0
3.4927,-108.0,172.0
3.4983,12.0,172.0
3.5027,-35.0,172.0
3.5078,-58.0,172.0
3.5126,145.0,174.0
3.5184,135.0,174.0
3.5227,-174.0,178.0
3.5276,-177.0,178.0
3.5326,119.0,180.0
3.5378,162.0,180.0
3.5433,-6.0,180.0
3.5478,-115.0,178.0
3.5531,-97.0,180.0
3.5576,62.0,176.0
3.5626,117.0,178.0
3.5677,-37.0,174.0
3.5728,-61.0,174.0
3.5778,44.0,170.0
3.5827,19.0,170.0
3.5876,-39.0,166.0
3.5931,-35.0,166.0
3.5977,-10.0,164.0
3.6033,64.0,166.0
3.6077,63.0,166.0
3.6126,-50.0,166.0
3.6176,-78.0,166.0
3.6226,3.0,164.0
3.6278,81.0,164.0
3.6326,40.0,164.0
3.6377,-94.0,164.0
3.6426,-64.0,164.0
3.6477,88.0,164.0
3.6527,53.0,164.0
3.6578,-43.0,164.0
3.6627,-2.0,162.0
3.6677,-9.0,162.0
3.6726,-64.0,162.0
3.6777,18.0,162.0
3.6828,106.0,162.0
3.6877,27.0,162.0
3.6928,-96.0,162.0
3.6977,-75.0,162.0
3.7026,41.0,162.0
3.7076,61.0,162.0
3.7127,17.0,162.0
3.7184,12.0,160.0
3.7229,-37.0,158.0
3.7277,-72.0,158.0
3.7326,20.0,156.0
3.7378,43.0,156.0
3.7428,-23.0,154.0
3.7477,75.0,154.0
3.7526,92.0,154.0
3.7577,-185.0,156.0
3.763,-208.0,158.0
3.7679,179.0,160.0
3.7728,303.0,164.0
3.7777,-57.0,164.0
3.7826,-310.0,168.0
3.7876,-76.0,168.0
3.7927,204.0,170.0
3.7978,107.0,170.0
3.8028,-30.0,168.0
3.8077,-15.0,166.0
3.8126,-101.0,166.0
3.8176,-84.0,164.0
3.8232,117.0,164.0
3.8277,56.0,162.0
3.8335,-74.0,164.0
3.8377,94.0,164.0
3.8426,106.0,164.0
3.8478,-242.0,164.0
3.8528,-250.0,168.0
3.8578,276.0,168.0
3.8627,390.0,174.0
3.8676,-194.0,174.0
3.8727,-388.0,178.0
3.8779,100.0,178.0
3.8826,224.0,178.0
3.8888,-87.0,178.0
3.8926,-11.0,176.0
3.8976,148.0,178.0
3.9026,-119.0,180.0
3.908,-196.0,182.0
3.9127,137.0,184.0
3.9178,156.0,184.0
3.9226,-104.0,186.0
3.9276,-56.0,184.0
3.9339,65.0,186.0
3.9378,-21.0,184.0
3.9426,-26.0,184.0
3.9479,52.0,182.0
3.9527,6.0,182.0
3.9577,-60.0,180.0
3.9627,-7.0,178.0
3.9677,57.0,178.0
3.9726,-33.0,176.0
3.9776,-40.0,176.0
3.9826,144.0,176.0
3.9876,22.0,176.0
3.9935,-241.0,178.0
3.9976,-15.0,176.0
4.0027,227.0,178.0
4.0076,4.0,178.0
4.0126,-111.0,178.0
4.0176,29.0,178.0
4.0228,-17.0,176.0
4.0279,-81.0,176.0
4.0328,90.0,178.0
4.0376,132.0,178.0
4.0426,-93.0,178.0
4.0476,-142.0,180.0
4.0526,45.0,180.0
4.058,83.0,182.0
4.0626,3.0,182.0
4.0676,13.0,180.0
4.0726,-9.0,180.0
4.0778,-84.0,180.0
4.0837,-17.0,180.0
4.0877,106.0,180.0
4.0929,42.0,180.0
4.0988,-115.0,182.0
4.1031,-34.0,180.0
4.1076,164.0,182.0
4.1127,-10.0,178.0
4.1176,-255.0,182.0
4.1226,46.0,180.0
4.1276,311.0,184.0
4.1327,-60.0,182.0
4.1377,-255.0,186.0
4.1428,116.0,188.0
4.1478,126.0,188.0
4.1526,-215.0,190.0
4.1576,-42.0,188.0
4.1628,236.0,190.0
4.1678,40.0,188.0
4.1728,-101.0,188.0
4.1776,-38.0,186.0
4.1827,-93.0,186.0
4.1878,-29.0,186.0
4.1927,187.0,186.0
4.1976,97.0,188.0
4.2039,-146.0,188.0
4.2076,-50.0,188.0
4.2126,75.0,188.0
4.2182,-94.0,188.0
4.2226,-62.0,190.0
4.2278,198.0,192.0
4.2328,85.0,192.0
4.2376,-179.0,196.0
4.2426,-83.0,196.0
4.2476,102.0,196.0
4.2528,69.0,196.0
4.2577,-63.0,196.0
4.2628,-107.0,198.0
4.2676,75.0,198.0
4.2738,196.0,200.0
4.2778,-75.0,200.0
4.2828,-252.0,204.0
4.2877,9.0,202.0
4.2934,196.0,204.0
4.2976,81.0,204.0
4.3027,-38.0,206.0
4.3076,-92.0,206.0
4.3126,-101.0,208.0
4.3177,-11.0,206.0
4.3227,124.0,208.0
4.3284,125.0,208.0
4.3326,-67.0,208.0
4.3385,-162.0,210.0
4.3427,19.0,210.0
4.3476,142.0,210.0
4.3526,-7.0,210.0
4.3576,-106.0,212.0
4.3634,28.0,212.0
4.3679,66.0,212.0
4.3727,-79.0,212.0
4.3776,-23.0,212.0
4.3826,129.0,214.0
4.3876,-21.0,214.0
4.3927,-126.0,214.0
4.3977,71.0,212.0
4.4026,51.0,210.0
4.4076,-144.0,208.0
4.4125,41.0,204.0
4.4183,233.0,208.0
4.4236,-68.0,204.0
4.4292,-270.0,206.0
4.4325,9.0,204.0
4.4377,203.0,206.0
4.4434,69.0,206.0
4.4488,-78.0,206.0
4.4534,-112.0,206.0
4.4577,-11.0,206.0
4.4647,121.0,206.0
4.4676,9.0,206.0
4.4726,-131.0,206.0
4.4787,77.0,206.0
4.4826,162.0,206.0
4.4877,-178.0,206.0
4.4928,-177.0,204.0
4.4982,208.0,204.0
4.5029,128.0,200.0
4.5078,-167.0,198.0
4.5128,-33.0,194.0
4.5178,118.0,194.0
4.5228,-27.0,190.0
4.528,-125.0,192.0
4.5326,-11.0,192.0
4.5376,199.0,192.0
4.5429,155.0,192.0
4.5476,-263.0,194.0
4.5527,-322.0,196.0
4.5576,200.0,198.0
4.5626,381.0,202.0
4.568,-19.0,200.0
4.5749,-261.0,204.0
4.5776,-131.0,206.0
4.5826,21.0,206.0
4.5879,129.0,206.0
4.5934,195.0,210.0
4.5977,-2.0,208.0
4.6027,-247.0,212.0
4.6076,-95.0,214.0
4.6126,128.0,214.0
4.6176,46.0,214.0
4.6235,-8.0,212.0
4.6276,72.0,214.0
4.6327,25.0,210.0
4.6376,-92.0,212.0
4.6426,-108.0,210.0
4.6477,-13.0,210.0
4.6526,112.0,210.0
4.6578,105.0,210.0
4.6627,-36.0,212.0
4.6681,-85.0,212.0
4.6726,-20.0,210.0
4.6782,12.0,208.0
4.6827,10.0,206.0
4.6889,13.0,204.0
4.6928,27.0,204.0
4.6977,20.0,204.0
4.7027,-44.0,204.0
4.7078,-35.0,204.0
4.7127,34.0,204.0
4.7178,-35.0,204.0
4.7233,-49.0,204.0
4.7277,160.0,206.0
4.7327,136.0,206.0
4.7377,-230.0,208.0
4.7427,-241.0,212.0
4.7478,168.0,212.0
4.7526,246.0,216.0
4.7576,-9.0,212.0
4.7627,-104.0,212.0
4.768,-139.0,210.0
4.7727,-93.0,210.0
4.7777,199.0,210.0
4.7826,209.0,212.0
4.7877,-172.0,212.0
4.7926,-183.0,212.0
4.7976,114.0,212.0
4.8028,71.0,210.0
4.8077,-77.0,210.0
4.8126,12.0,210.0
4.8176,56.0,210.0
4.8227,-2.0,208.0
4.8277,1.0,208.0
4.8327,-51.0,206.0
4.8376,-94.0,206.0
4.8427,54.0,204.0
4.8478,149.0,206.0
4.8529,5.0,204.0
4.8578,-122.0,204.0
4.8629,-68.0,204.0
4.8676,42.0,202.0
4.873,83.0,202.0
4.8779,35.0,200.0
4.8826,-38.0,200.0
4.8877,-75.0,200.0
4.8926,-28.0,198.0
4.8976,68.0,198.0
4.9026,69.0,198.0
4.9078,-44.0,198.0
4.9127,-87.0,196.0
4.9178,41.0,196.0
4.9228,112.0,194.0
4.9276,-61.0,194.0
4.9326,-161.0,194.0
4.9377,73.0,194.0
4.9427,198.0,196.0
4.9478,-58.0,196.0
4.9526,-162.0,196.0
4.9576,49.0,196.0
4.9627,52.0,196.0
4.9687,-73.0,194.0
4.9726,62.0,194.0
4.9776,112.0,194.0
4.9826,-112.0,196.0
4.9876,-152.0,196.0
4.9927,55.0,196.0
4.9977,174.0,198.0
5.0027,64.0,198.0
5.0076,-130.0,198.0
5.0127,-121.0,200.0
5.0176,33.0,200.0
5.0226,26.0,198.0
5.0276,24.0,198.0
5.0327,152.0,198.0
5.0376,6.0,198.0
5.0426,-251.0,200.0
5.0476,-68.0,200.0
5.0526,188.0,202.0
5.0583,88.0,200.0
5.0626,-47.0,200.0
5.0676,-63.0,196.0
5.0726,-29.0,196.0
5.0781,37.0,194.0
5.0834,-5.0,192.0
5.0876,-22.0,192.0
5.0927,106.0,192.0
5.0987,-6.0,192.0
5.1027,-214.0,194.0
5.1076,42.0,194.0
5.1127,282.0,196.0
5.1176,-47.0,196.0
5.1226,-282.0,198.0
5.1276,14.0,194.0
5.1326,240.0,196.0
5.1376,27.0,192.0
5.1426,-218.0,194.0
5.1476,-49.0,192.0
5.1526,224.0,196.0
5.1585,37.0,194.0
5.1626,-194.0,196.0
5.1679,-8.0,196.0
5.1728,91.0,196.0
5.1776,-16.0,194.0
5.1827,15.0,192.0
5.1877,33.0,188.0
5.1939,-31.0,184.0
5.1978,-19.0,180.0
5.2028,-9.0,174.0
5.2077,-27.0,174.0
5.2126,4.0,170.0
5.2177,42.0,170.0
5.2237,41.0,170.0
5.2276,19.0,168.0
5.2327,-42.0,166.0
5.2387,-99.0,166.0
5.2426,-24.0,164.0
5.2483,104.0,164.0
5.2527,102.0,164.0
5.2578,-34.0,162.0
5.2627,-151.0,166.0
5.2676,-29.0,164.0
5.2726,177.0,166.0
5.2777,34.0,166.0
5.2835,-197.0,168.0
5.2876,0.0,168.0
5.2928,219.0,168.0
5.2977,-13.0,168.0
5.3034,-237.0,170.0
5.3078,-26.0,170.0
5.3128,222.0,172.0
5.3176,69.0,174.0
5.3229,-160.0,176.0
5.3276,-44.0,176.0
5.3338,106.0,178.0
5.3386,-31.0,178.0
5.3428,-112.0,178.0
5.3477,76.0,180.0
5.3526,143.0,182.0
5.3585,-69.0,182.0
5.3629,-132.0,184.0
5.3678,78.0,182.0
5.3726,90.0,182.0
5.3779,-138.0,180.0
5.3826,-69.0,178.0
5.3876,205.0,178.0
5.393,83.0,176.0
5.3976,-226.0,178.0
5.4027,-98.0,178.0
5.4077,182.0,180.0
5.4126,75.0,178.0
5.4176,-99.0,178.0
5.4227,-32.0,174.0
5.4278,30.0,172.0
5.4328,34.0,170.0
5.4377,3.0,168.0
5.4434,-94.0,168.0
5.4478,-14.0,168.0
5.4529,156.0,170.0
5.4584,2.0,168.0
5.4626,-181.0,172.0
5.4676,24.0,172.0
5.4726,166.0,174.0
5.4776,-40.0,174.0
5.4829,-106.0,174.0
5.4883,30.0,172.0
5.4928,8.0,172.0
5.4976,-1.0,170.0
5.5025,75.0,170.0
5.5081,-39.0,170.0
5.5129,-103.0,170.0
5.5177,90.0,172.0
5.5226,106.0,172.0
5.5282,-125.0,174.0
5.5331,-129.0,174.0
5.5377,109.0,176.0
5.5428,123.0,176.0
5.5475,-80.0,176.0
5.5528,-51.0,176.0
5.5576,98.0,178.0
5.5628,-11.0,176.0
5.5687,-117.0,176.0
5.5728,2.0,174.0
5.5778,56.0,174.0
5.5827,12.0,170.0
5.5876,56.0,170.0
5.5933,50.0,170.0
5.5978,-110.0,170.0
5.6026,-146.0,172.0
5.6077,45.0,170.0
5.6126,172.0,172.0
5.6176,86.0,172.0
5.6226,-125.0,172.0
5.6277,-205.0,174.0
5.6327,69.0,174.0
5.6376,271.0,176.0
5.6426,-27.0,174.0
5.6478,-276.0,176.0
5.6528,-20.0,176.0
5.6578,227.0,178.0
5.6626,69.0,178.0
5.6677,-146.0,180.0
5.6726,-81.0,180.0
5.6775,65.0,180.0
5.6828,31.0,178.0
5.6878,-21.0,176.0
5.6927,29.0,174.0
5.6975,19.0,172.0
5.7026,-26.0,172.0
5.7076,-27.0,172.0
5.7127,-48.0,172.0
5.7178,18.0,172.0
5.7226,123.0,174.0
5.7276,-3.0,174.0
5.7335,-120.0,174.0
5.7377,27.0,174.0
5.7428,44.0,172.0
5.7477,-106.0,172.0
5.7526,14.0,168.0
5.7585,202.0,170.0
5.7627,12.0,166.0
5.7679,-244.0,170.0
5.7728,-106.0,168.0
5.7778,177.0,170.0
5.7826,186.0,170.0
5.7877,-29.0,170.0
5.793,-187.0,168.0
5.7978,-99.0,170.0
5.8027,114.0,168.0
5.8078,132.0,170.0
5.8126,-28.0,170.0
5.8176,-77.0,170.0
5.8237,-24.0,170.0
5.8278,-9.0,170.0
5.8328,40.0,170.0
5.8376,82.0,172.0
5.8426,-40.0,172.0
5.8484,-112.0,174.0
5.8529,41.0,174.0
5.8577,81.0,174.0
5.8628,-35.0,174.0
5.8676,8.0,174.0
5.8726,34.0,174.0
5.8777,-104.0,174.0
5.8828,-54.0,174.0
5.8878,119.0,174.0
5.8928,62.0,174.0
5.8976,-41.0,174.0
5.9025,-6.0,172.0
5.9079,-42.0,172.0
5.9128,-93.0,170.0
5.9176,61.0,172.0
5.9228,160.0,170.0
5.9276,-30.0,172.0
5.9333,-147.0,170.0
5.9384,12.0,170.0
5.9427,77.0,168.0
5.9477,-56.0,168.0
5.9526,-28.0,166.0
5.9584,173.0,166.0
5.9627,64.0,166.0
5.9679,-306.0,170.0
5.9728,-152.0,170.0
5.9778,345.0,174.0
5.9826,177.0,176.0
5.9876,-248.0,178.0
5.9928,-62.0,178.0
5.9978,120.0,178.0
6.0028,-133.0,178.0
6.0078,-88.0,178.0
6.0126,240.0,180.0
6.0176,119.0,180.0
6.0239,-165.0,182.0
6.0279,-88.0,180.0
6.0327,11.0,178.0
6.0378,-19.0,176.0
6.0426,55.0,174.0
6.0478,108.0,174.0
6.0528,3.0,172.0
6.0577,-94.0,172.0
6.0627,-91.0,174.0
6.0676,-14.0,174.0
6.0732,100.0,174.0
6.0778,128.0,176.0
6.0838,-23.0,176.0
6.0878,-159.0,178.0
6.0928,-55.0,176.0
6.0976,98.0,178.0
6.1026,69.0,176.0
6.1077,-6.0,176.0
6.1128,-29.0,174.0
6.1177,-55.0,174.0
6.1226,-22.0,172.0
6.1275,76.0,172.0
6.1333,57.0,174.0
6.1378,-71.0,174.0
6.1434,-61.0,174.0
6.1481,51.0,174.0
6.1533,36.0,174.0
6.1578,-23.0,172.0
6.1638,6.0,170.0
6.1679,16.0,170.0
6.1732,-52.0,168.0
6.179,-59.0,168.0
6.1837,59.0,166.0
6.1876,111.0,166.0
6.1928,-11.0,166.0
6.1984,-93.0,166.0
6.2029,-16.0,166.0
6.2086,22.0,164.0
6.2129,-36.0,166.0
6.2177,23.0,164.0
6.2227,130.0,166.0
6.2283,-27.0,166.0
6.2326,-198.0,168.0
6.2396,15.0,166.0
6.2426,205.0,168.0
6.2484,-10.0,168.0
6.253,-135.0,166.0
6.2578,34.0,166.0
6.2632,0.0,164.0
6.2677,-92.0,162.0
6.2727,136.0,164.0
6.2779,151.0,162.0
6.2831,-198.0,164.0
6.2881,-161.0,162.0
6.2938,179.0,164.0
6.2978,110.0,162.0
6.3028,-121.0,164.0
6.308,-30.0,162.0
6.3129,52.0,162.0
6.3191,-37.0,160.0
6.3232,-4.0,160.0
6.3277,64.0,162.0
6.3339,30.0,162.0
6.3388,-36.0,162.0
6.3427,-146.0,164.0
6.3476,-35.0,164.0
6.3532,281.0,168.0
6.3578,101.0,168.0
6.3629,-337.0,172.0
6.3692,-116.0,174.0
6.3738,291.0,176.0
6.3776,69.0,176.0
6.3831,-196.0,180.0
6.3884,8.0,178.0
6.3938,117.0,180.0
6.398,-65.0,178.0
6.4029,-84.0,178.0
6.4092,74.0,176.0
6.4143,80.0,176.0
6.4178,-62.0,174.0
6.4229,-61.0,172.0
6.4279,58.0,172.0
6.4327,11.0,170.0
6.4377,-78.0,168.0
6.4431,29.0,168.0
6.4476,109.0,168.0
6.4527,-29.0,168.0
6.4579,-107.0,168.0
6.4628,23.0,168.0
6.4676,39.0,168.0
6.4726,-58.0,168.0
6.4776,54.0,168.0
6.4826,96.0,168.0
6.4877,-100.0,168.0
6.4926,-61.0,168.0
6.4976,75.0,168.0
6.5026,-46.0,170.0
6.5076,-3.0,168.0
6.5127,160.0,170.0
6.5178,-79.0,170.0
6.5226,-233.0,174.0
6.5283,109.0,174.0
6.5326,262.0,176.0
6.538,-37.0,176.0
6.5429,-253.0,180.0
6.5476,-87.0,180.0
6.5526,198.0,182.0
6.5576,162.0,184.0
6.5628,-106.0,184.0
6.5677,-138.0,184.0
6.5757,29.0,184.0
6.5776,56.0,184.0
6.5826,-29.0,182.0
6.5876,-8.0,182.0
6.593,97.0,184.0
6.5976,32.0,182.0
6.6028,-165.0,182.0
6.6078,-82.0,180.0
6.6126,189.0,180.0
6.6176,114.0,176.0
6.6227,-169.0,176.0
6.6276,-124.0,174.0
6.6328,113.0,174.0
6.6377,106.0,174.0
6.6427,-45.0,174.0
6.6476,-62.0,172.0
6.6526,0.0,170.0
6.6577,29.0,168.0
6.6627,0.0,166.0
6.6677,-56.0,164.0
6.6725,25.0,164.0
6.6778,147.0,166.0
6.6829,-34.0,166.0
6.6885,-220.0,168.0
6.6926,3.0,168.0
6.6976,177.0,170.0
6.7025,20.0,168.0
6.7076,-18.0,168.0
6.7128,20.0,168.0
6.7178,-147.0,168.0
6.7227,-95.0,168.0
6.7276,226.0,170.0
6.7326,119.0,170.0
6.7379,-205.0,172.0
6.7428,-66.0,172.0
6.7477,123.0,174.0
6.7526,-3.0,174.0
6.7576,-30.0,174.0
6.7625,33.0,174.0
6.7678,-42.0,174.0
6.7727,-29.0,172.0
6.7776,96.0,174.0
6.7827,20.0,172.0
6.7876,-123.0,174.0
6.7926,20.0,174.0
6.7976,114.0,174.0
6.8027,-127.0,176.0
6.8077,-86.0,178.0
6.8126,257.0,180.0
6.8175,54.0,180.0
6.8226,-326.0,184.0
6.8277,-1.0,184.0
6.8326,303.0,188.0
6.8378,-73.0,188.0
6.8427,-224.0,190.0
6.8477,102.0,192.0
6.8526,135.0,194.0
6.8581,-41.0,194.0
6.8627,-38.0,192.0
6.8676,-41.0,192.0
6.8726,-66.0,190.0
6.8782,58.0,192.0
6.8832,124.0,190.0
6.8878,-43.0,190.0
6.8934,-95.0,190.0
6.8976,95.0,190.0
6.9026,39.0,192.0
6.9076,-205.0,194.0
6.9128,-44.0,192.0
6.9178,243.0,194.0
6.9225,79.0,192.0
6.9276,-164.0,192.0
6.9325,-36.0,190.0
6.9378,88.0,188.0
6.9426,-90.0,188.0
6.9477,-114.0,190.0
6.9527,197.0,192.0
6.9576,185.0,194.0
6.9627,-223.0,198.0
6.9679,-178.0,200.0
6.9728,208.0,202.0
6.9776,68.0,202.0
6.9826,-190.0,204.0
6.9876,44.0,204.0
6.9926,142.0,202.0
6.9977,-73.0,200.0
7.0033,-37.0,196.0
7.0076,37.0,194.0
7.0126,-84.0,192.0
7.0176,-18.0,190.0
7.0228,153.0,190.0
7.0277,51.0,190.0
7.0327,-138.0,192.0
7.0376,-102.0,192.0
7.0436,63.0,192.0
7.0477,134.0,192.0
7.0528,41.0,192.0
7.0578,-143.0,194.0
7.0627,-158.0,194.0
7.0676,125.0,196.0
7.0726,262.0,200.0
7.0776,-71.0,200.0
7.0827,-301.0,204.0
7.0878,-9.0,202.0
7.0926,263.0,206.0
7.0976,90.0,206.0
7.1026,-201.0,208.0
7.1081,-144.0,210.0
7.1126,169.0,212.0
7.1178,144.0,214.0
7.1227,-178.0,214.0
7.1276,-72.0,214.0
7.133,221.0,216.0
7.138,-22.0,216.0
7.1428,-284.0,220.0
7.1478,35.0,220.0
7.1527,327.0,222.0
7.1576,60.0,222.0
7.1629,-298.0,224.0
7.1677,-169.0,224.0
7.1728,182.0,222.0
7.1778,181.0,226.0
7.1826,-33.0,222.0
7.1875,-94.0,222.0
7.1926,-53.0,220.0
7.1977,0.0,216.0
7.2028,37.0,216.0
7.2083,18.0,214.0
7.2126,51.0,214.0
7.2177,42.0,214.0
7.2228,-163.0,216.0
7.2284,-149.0,218.0
7.2327,229.0,220.0
7.2377,275.0,224.0
7.2426,-180.0,224.0
7.2478,-353.0,228.0
7.2527,45.0,226.0
7.2578,298.0,230.0
7.2627,30.0,228.0
7.2676,-133.0,228.0
7.2726,37.0,226.0
7.2776,0.0,224.0
7.2827,-148.0,226.0
7.2877,35.0,226.0
7.2935,159.0,228.0
7.2976,-40.0,228.0
7.3039,-82.0,230.0
7.3077,77.0,230.0
7.314,25.0,230.0
7.3176,-117.0,230.0
7.3226,-25.0,230.0
7.3276,112.0,228.0
7.333,24.0,228.0
7.3379,-64.0,226.0
7.3426,20.0,226.0
7.3484,17.0,226.0
7.3526,-80.0,228.0
7.3577,-20.0,226.0
7.3629,93.0,226.0
7.3677,73.0,222.0
7.3726,-40.0,222.0
7.3783,-103.0,220.0
7.3826,-23.0,220.0
7.3876,72.0,218.0
7.3926,17.0,218.0
7.3978,-40.0,218.0
7.4028,58.0,220.0
7.4077,57.0,220.0
7.4126,-123.0,220.0
7.4176,-86.0,220.0
7.4236,120.0,222.0
7.4278,78.0,222.0
7.4333,-83.0,222.0
7.4378,-53.0,222.0
7.4425,53.0,220.0
7.4475,49.0,220.0
7.4526,-14.0,216.0
7.4576,-45.0,216.0
7.4627,-58.0,212.0
7.4677,3.0,212.0
7.4727,129.0,210.0
7.4778,63.0,208.0
7.4834,-146.0,208.0
7.4877,-66.0,208.0
7.4928,122.0,206.0
7.4977,-44.0,208.0
7.5027,-115.0,208.0
7.508,162.0,210.0
7.5127,133.0,212.0
7.5184,-123.0,212.0
7.5227,-97.0,212.0
7.5277,-55.0,212.0
7.5331,-49.0,212.0
7.5388,168.0,212.0
7.5438,199.0,214.0
7.5477,-99.0,214.0
7.5529,-206.0,216.0
7.5576,-40.0,212.0
7.5626,81.0,212.0
7.5676,108.0,212.0
7.5726,21.0,212.0
7.5776,-114.0,212.0
7.5827,-12.0,210.0
7.5876,137.0,212.0
7.5927,-38.0,208.0
7.5976,-165.0,208.0
7.6026,46.0,206.0
7.6076,127.0,204.0
7.6126,-33.0,202.0
7.6176,-19.0,202.0
7.6236,47.0,198.0
7.6278,-85.0,200.0
7.6328,-77.0,198.0
7.6378,119.0,200.0
7.6426,85.0,200.0
7.6486,-94.0,200.0
7.6528,-56.0,200.0
7.6587,82.0,202.0
7.6627,-1.0,200.0
7.6677,-120.0,200.0
7.6726,59.0,198.0
7.6776,161.0,200.0
7.6826,-95.0,200.0
7.6879,-154.0,200.0
7.6928,102.0,202.0
7.6976,122.0,202.0
7.7026,-78.0,200.0
7.7076,-124.0,200.0
7.7128,26.0,196.0
7.7177,161.0,198.0
7.7226,29.0,194.0
7.7276,-160.0,196.0
7.7326,-56.0,192.0
7.7378,60.0,192.0
7.7427,72.0,190.0
7.7478,121.0,190.0
7.7526,-124.0,190.0
7.7576,-295.0,192.0
7.7626,180.0,192.0
7.7677,364.0,196.0
7.7727,-171.0,196.0
7.7779,-305.0,200.0
7.7826,106.0,196.0
7.7876,214.0,200.0
7.7926,-46.0,196.0
7.7977,-189.0,198.0
7.8027,9.0,192.0
7.8077,190.0,194.0
7.8125,10.0,190.0
7.8177,-126.0,190.0
7.8226,1.0,190.0
7.8277,14.0,188.0
7.8326,-45.0,188.0
7.8378,67.0,188.0
7.8428,95.0,190.0
7.8476,-92.0,190.0
7.8531,-145.0,192.0
7.8577,85.0,192.0
7.8637,182.0,194.0
7.8678,-86.0,192.0
7.8727,-175.0,192.0
7.8776,119.0,190.0
7.885,144.0,188.0
7.8876,-160.0,186.0
7.8926,-134.0,186.0
7.8984,141.0,184.0
7.9025,124.0,186.0
7.9075,6.0,184.0
7.9128,-29.0,184.0
7.9177,-228.0,188.0
7.9227,-164.0,188.0
7.9276,326.0,192.0
7.9326,355.0,196.0
7.9378,-198.0,198.0
7.9428,-412.0,202.0
7.9482,-19.0,202.0
7.9527,284.0,206.0
7.9579,123.0,206.0
7.9626,-26.0,206.0
7.9684,-27.0,204.0
7.9727,-215.0,208.0
7.9777,-176.0,210.0
7.9826,296.0,214.0
7.9876,303.0,218.0
7.9926,-220.0,220.0
7.9979,-260.0,224.0
8.0028,123.0,224.0
8.0077,116.0,226.0
8.0126,-111.0,226.0
8.0184,4.0,224.0
8.0228,189.0,228.0
8.0283,-23.0,226.0
8.0328,-291.0,230.0
8.0376,-69.0,232.0
8.0426,312.0,236.0
8.0485,184.0,238.0
8.0526,-192.0,238.0
8.0579,-206.0,240.0
8.0628,-5.0,238.0
8.0676,111.0,240.0
8.0726,137.0,240.0
8.0776,27.0,240.0
8.0829,-102.0,240.0
8.088,-103.0,242.0
8.0926,-48.0,242.0
8.0976,56.0,242.0
8.1026,196.0,244.0
8.1078,86.0,246.0
8.1128,-275.0,248.0
8.1178,-242.0,250.0
8.1226,261.0,252.0
8.1276,312.0,256.0
8.1327,-160.0,256.0
8.1377,-242.0,260.0
8.1428,56.0,258.0
8.1483,102.0,258.0
8.1526,-41.0,256.0
8.1576,-39.0,256.0
8.1634,97.0,256.0
8.1678,83.0,256.0
8.1726,-121.0,256.0
8.1777,-100.0,256.0
8.1826,72.0,254.0
8.1876,8.0,252.0
8.1926,-24.0,250.0
8.1978,107.0,250.0
8.2026,30.0,250.0
8.2077,-157.0,250.0
8.2125,-18.0,250.0
8.2176,165.0,252.0
8.2226,-75.0,252.0
8.2279,-167.0,252.0
8.2328,193.0,254.0
8.2377,137.0,254.0
8.2426,-249.0,258.0
8.2477,-42.0,256.0
8.2525,242.0,260.0
8.2578,-77.0,260.0
8.2627,-194.0,262.0
8.2676,117.0,264.0
8.2734,58.0,264.0
8.2777,-40.0,262.0
8.2829,193.0,264.0
8.2877,-28.0,262.0
8.2938,-428.0,268.0
8.2976,-28.0,268.0
8.3032,449.0,274.0
8.3076,144.0,274.0
8.3126,-248.0,278.0
8.3176,-188.0,278.0
8.3226,28.0,278.0
8.3275,139.0,276.0
8.3334,51.0,276.0
8.3379,-75.0,276.0
8.3435,-61.0,276.0
8.3483,2.0,274.0
8.3533,164.0,276.0
8.3575,177.0,276.0
8.3633,-305.0,280.0
8.3682,-433.0,284.0
8.3738,231.0,286.0
8.3776,500.0,294.0
8.3833,85.0,294.0
8.3876,-184.0,294.0
8.3941,-322.0,298.0
8.3977,-300.0,298.0
8.4026,266.0,300.0
8.4077,526.0,302.0
8.4126,-104.0,300.0
8.4176,-337.0,302.0
8.4227,122.0,302.0
8.4289,-4.0,298.0
8.4335,-316.0,302.0
8.4381,158.0,302.0
8.443,454.0,310.0
8.4476,-73.0,308.0
8.4535,-407.0,314.0
8.4578,-68.0,312.0
8.4628,282.0,316.0
8.4676,162.0,320.0
8.4726,-196.0,322.0
8.4776,-221.0,324.0
8.4838,130.0,324.0
8.4876,228.0,326.0
8.4927,-12.0,324.0
8.4982,-141.0,326.0
8.5026,-154.0,326.0
8.5077,8.0,324.0
8.5129,286.0,326.0
8.5192,56.0,324.0
8.5226,-360.0,328.0
8.5276,-30.0,326.0
8.5326,450.0,330.0
8.5377,7.0,328.0
8.5428,-569.0,336.0
8.5485,-45.0,336.0
8.5527,610.0,346.0
8.5575,98.0,344.0
8.5628,-502.0,348.0
8.5679,-82.0,344.0
8.5728,309.0,344.0
8.5778,-35.0,342.0
8.5826,-168.0,338.0
8.5877,182.0,340.0
8.5937,144.0,338.0
8.5978,-267.0,340.0
8.6027,-194.0,344.0
8.6078,305.0,348.0
8.6126,283.0,348.0
8.6176,-329.0,350.0
8.6226,-375.0,352.0
8.6278,319.0,352.0
8.6326,370.0,354.0
8.6376,-329.0,356.0
8.6426,-233.0,358.0
8.648,458.0,362.0
8.6528,86.0,362.0
8.6578,-630.0,372.0
8.6626,-10.0,370.0
8.6676,638.0,378.0
8.6726,-89.0,376.0
8.6778,-453.0,382.0
8.6826,296.0,382.0
8.6877,267.0,382.0
8.6927,-487.0,388.0
8.6976,-202.0,388.0
8.7028,464.0,394.0
8.7077,152.0,396.0
8.7126,-243.0,396.0
8.7176,-6.0,396.0
8.7237,51.0,396.0
8.7276,-136.0,396.0
8.7326,-11.0,396.0
8.7378,127.0,396.0
8.7429,23.0,394.0
8.7476,5.0,392.0
8.7526,-9.0,388.0
8.7576,-141.0,388.0
8.7626,50.0,384.0
8.7679,258.0,382.0
8.7728,-192.0,384.0
8.7776,-358.0,386.0
8.7826,325.0,390.0
8.7876,347.0,394.0
8.7934,-369.0,398.0
8.7976,-161.0,400.0
8.8027,348.0,404.0
8.8076,-112.0,404.0
8.8126,-297.0,408.0
8.8184,334.0,412.0
8.8229,241.0,414.0
8.8278,-379.0,420.0
8.8328,-208.0,422.0
8.8375,186.0,424.0
8.8426,161.0,426.0
8.8475,149.0,426.0
8.8528,-33.0,426.0
8.8579,-414.0,430.0
8.8628,-115.0,430.0
8.8676,498.0,436.0
8.8726,116.0,434.0
8.8777,-483.0,440.0
8.8828,37.0,436.0
8.8877,454.0,442.0
8.8928,-153.0,442.0
8.8976,-382.0,446.0
8.9028,114.0,444.0
8.9087,234.0,446.0
8.9126,-8.0,446.0
8.9179,-98.0,446.0
8.9226,-33.0,444.0
8.9278,98.0,446.0
8.9326,2.0,438.0
8.9377,-226.0,442.0
8.9427,33.0,436.0
8.948,351.0,438.0
8.9526,-33.0,436.0
8.9576,-355.0,438.0
8.9627,21.0,438.0
8.9689,248.0,440.0
8.9727,-53.0,440.0
8.9778,-148.0,440.0
8.9826,136.0,442.0
8.9876,153.0,444.0
8.9926,-196.0,444.0
8.9978,-234.0,446.0
9.0027,146.0,444.0
9.0077,266.0,440.0
9.0126,-8.0,438.0
9.0176,-184.0,432.0
9.0226,-50.0,432.0
9.0277,83.0,430.0
9.0328,-52.0,426.0
9.0377,-105.0,422.0
9.0426,141.0,420.0
9.0477,213.0,416.0
9.0527,-44.0,414.0
9.0577,-220.0,414.0
9.0628,-143.0,414.0
9.0679,50.0,414.0
9.0726,220.0,412.0
9.0775,141.0,412.0
9.0828,-118.0,408.0
9.0889,-140.0,408.0
9.0927,-68.0,402.0
9.0975,-65.0,402.0
9.1026,216.0,402.0
9.1079,287.0,404.0
9.1128,-274.0,404.0
9.1178,-366.0,408.0
9.1226,251.0,410.0
9.1276,282.0,410.0
9.134,-190.0,412.0
9.138,-109.0,412.0
9.143,172.0,412.0
9.1477,-26.0,412.0
9.1527,-198.0,412.0
9.1575,20.0,410.0
9.1628,131.0,408.0
9.1676,77.0,408.0
9.1728,115.0,402.0
9.1777,-113.0,404.0
9.1828,-398.0,402.0
9.1875,47.0,402.0
9.1934,483.0,400.0
9.1988,10.0,398.0
9.2027,-328.0,396.0
9.2075,-2.0,394.0
9.2134,66.0,390.0
9.2178,29.0,390.0
9.2228,200.0,392.0
9.2276,-160.0,390.0
9.2327,-426.0,396.0
9.2376,268.0,396.0
9.2426,497.0,400.0
9.2476,-225.0,398.0
9.2531,-312.0,400.0
9.2576,102.0,396.0
9.2626,-18.0,390.0
9.2676,-8.0,386.0
9.2726,263.0,384.0
9.2775,-70.0,380.0
9.2832,-340.0,382.0
9.2878,154.0,376.0
9.2926,320.0,380.0
9.2977,-188.0,374.0
9.3025,-267.0,378.0
9.3079,150.0,370.0
9.3127,190.0,372.0
9.3181,-85.0,366.0
9.3226,-79.0,362.0
9.3276,59.0,358.0
9.333,-35.0,352.0
9.3382,-122.0,350.0
9.3426,79.0,344.0
9.3476,234.0,346.0
9.3526,-24.0,342.0
9.3576,-260.0,346.0
9.3626,-48.0,346.0
9.3678,130.0,346.0
9.3728,38.0,346.0
9.3789,33.0,344.0
9.3834,9.0,344.0
9.3876,-70.0,346.0
9.3927,23.0,346.0
9.3976,-19.0,344.0
9.4027,-115.0,346.0
9.4075,126.0,344.0
9.4126,107.0,342.0
9.4177,-222.0,340.0
9.4226,30.0,334.0
9.4279,349.0,336.0
9.4327,-118.0,332.0
9.4376,-441.0,336.0
9.4426,47.0,330.0
9.4484,376.0,334.0
9.4526,54.0,332.0
9.4577,-201.0,330.0
9.4626,-37.0,326.0
9.4675,81.0,322.0
9.4726,-58.0,318.0
9.4777,-56.0,316.0
9.4828,127.0,316.0
9.488,43.0,314.0
9.4929,-159.0,316.0
9.4976,-14.0,310.0
9.5026,183.0,312.0
9.5075,11.0,304.0
9.5128,-191.0,304.0
9.5178,-45.0,298.0
9.5227,185.0,300.0
9.5276,88.0,294.0
9.5326,-180.0,296.0
9.5386,-118.0,292.0
9.5428,141.0,292.0
9.5477,105.0,290.0
9.5526,-42.0,290.0
9.5576,-21.0,288.0
9.5626,-22.0,288.0
9.5677,-70.0,288.0
9.5736,-41.0,288.0
9.5776,60.0,286.0
9.5838,176.0,288.0
9.5875,57.0,284.0
9.5927,-258.0,288.0
9.5979,-176.0,284.0
9.6027,245.0,288.0
9.6077,214.0,288.0
9.6126,-175.0,290.0
9.6176,-147.0,290.0
9.6229,104.0,288.0
9.6276,-20.0,286.0
9.6327,-109.0,286.0
9.6376,208.0,286.0
9.6426,212.0,286.0
9.6476,-293.0,286.0
9.6532,-321.0,292.0
9.6576,243.0,292.0
9.6627,352.0,298.0
9.6676,-132.0,298.0
9.6726,-322.0,302.0
9.6778,20.0,300.0
9.6825,262.0,302.0
9.6876,70.0,300.0
9.6926,-168.0,302.0
9.6976,-113.0,300.0
9.7025,76.0,300.0
9.7076,94.0,300.0
9.7125,-40.0,298.0
9.7179,-16.0,296.0
9.7226,51.0,294.0
9.7277,-106.0,294.0
9.7327,-103.0,294.0
9.7386,195.0,296.0
9.7427,219.0,296.0
9.7478,-134.0,294.0
9.7527,-318.0,294.0
9.7576,-44.0,290.0
9.7625,264.0,290.0
9.7678,128.0,288.0
9.7726,-98.0,286.0
9.7777,-14.0,284.0
9.7826,-20.0,282.0
9.7882,-171.0,284.0
9.7925,51.0,282.0
9.798,303.0,286.0
9.8025,-40.0,286.0
9.8077,-381.0,290.0
9.8126,-27.0,288.0
9.8187,369.0,292.0
9.8226,143.0,288.0
9.8278,-188.0,290.0
9.8326,-176.0,286.0
9.8377,-67.0,286.0
9.8426,64.0,282.0
9.8476,193.0,286.0
9.8527,67.0,286.0
9.8583,-167.0,288.0
9.8626,-112.0,286.0
9.868,129.0,286.0
9.8726,100.0,282.0
9.8776,-136.0,278.0
9.8836,-60.0,272.0
9.8877,123.0,270.0
9.8926,-31.0,266.0
9.8976,-38.0,266.0
9.9029,182.0,268.0
9.9076,-62.0,268.0
9.9125,-327.0,270.0
9.9175,68.0,270.0
9.9226,359.0,270.0
9.9276,36.0,268.0
9.9326,-209.0,266.0
9.9376,-120.0,266.0
9.9428,-52.0,262.0
9.9476,83.0,260.0
9.9526,249.0,262.0
9.9575,6.0,260.0
9.9626,-282.0,264.0
9.9677,-25.0,264.0
9.9726,222.0,266.0
9.9776,-34.0,264.0
9.9826,-202.0,266.0
9.9875,55.0,264.0
9.9933,249.0,268.0
9.9978,28.0,264.0
10.0027,-294.0,268.0
10.0076,-135.0,268.0
10.0133,276.0,272.0
10.0175,161.0,274.0
10.0226,-205.0,276.0
10.0281,-113.0,278.0
10.0327,160.0,280.0
10.0379,82.0,280.0
10.0426,-189.0,282.0
10.0477,-140.0,282.0
10.0527,203.0,284.0
10.0576,219.0,282.0
10.0637,-100.0,284.0
10.0676,-168.0,282.0
10.0725,-24.0,280.0
10.0778,-14.0,274.0
10.0826,-1.0,272.0
10.0878,125.0,268.0
10.0927,149.0,270.0
10.0976,-2.0,266.0
10.1026,-214.0,270.0
10.1078,-265.0,272.0
10.1127,81.0,272.0
10.1182,425.0,278.0
10.1226,126.0,278.0
10.1276,-352.0,284.0
10.1326,-189.0,284.0
10.1376,161.0,286.0
10.1427,50.0,284.0
10.1477,-12.0,284.0
10.1526,176.0,284.0
10.158,-62.0,284.0
10.1628,-390.0,288.0
10.1679,72.0,288.0
10.1727,530.0,292.0
10.1777,8.0,290.0
10.183,-481.0,296.0
10.1876,-134.0,296.0
10.1932,188.0,298.0
10.1977,147.0,300.0
10.2026,169.0,304.0
10.2075,9.0,302.0
10.2126,-340.0,306.0
10.2185,-173.0,308.0
10.2226,291.0,310.0
10.2278,192.0,312.0
10.2326,-178.0,312.0
10.2376,-113.0,310.0
10.2426,84.0,308.0
10.2477,63.0,306.0
10.2526,22.0,304.0
10.2577,-55.0,302.0
10.2625,-132.0,302.0
10.2676,30.0,302.0
10.2725,147.0,302.0
10.2775,0.0,300.0
10.2829,-36.0,296.0
10.2875,26.0,292.0
10.2927,-97.0,290.0
10.2975,-99.0,286.0
10.3025,165.0,284.0
10.3076,165.0,284.0
10.3128,-173.0,282.0
10.3183,-186.0,284.0
10.3225,139.0,282.0
10.3275,150.0,284.0
10.3326,-48.0,282.0
10.3376,-81.0,282.0
10.3425,-98.0,282.0
10.3486,28.0,282.0
10.3526,239.0,284.0
10.3575,-8.0,284.0
10.3625,-296.0,288.0
10.3679,0.0,286.0
10.3726,251.0,288.0
10.3777,24.0,286.0
10.3826,-135.0,284.0
10.3876,-52.0,284.0
10.3925,1.0,278.0
10.3977,50.0,278.0
10.4025,74.0,276.0
10.4078,-22.0,274.0
10.4129,-70.0,274.0
10.4176,-2.0,274.0
10.4235,60.0,274.0
10.4276,33.0,272.0
10.4327,-111.0,272.0
10.4375,-85.0,270.0
10.4426,203.0,272.0
10.4475,156.0,268.0
10.4526,-266.0,272.0
10.4576,-216.0,270.0
10.4626,237.0,270.0
10.4676,196.0,272.0
10.4725,-155.0,270.0
10.4775,-68.0,270.0
10.4826,134.0,272.0
10.4876,-68.0,270.0
10.4926,-187.0,272.0
10.4975,87.0,270.0
10.5025,200.0,272.0
10.5075,-11.0,270.0
10.5126,-125.0,270.0
10.5175,3.0,268.0
10.5226,83.0,268.0
10.5275,-136.0,268.0
10.5326,-184.0,272.0
10.538,271.0,274.0
10.5428,333.0,278.0
10.5478,-276.0,280.0
10.5527,-355.0,282.0
10.5576,222.0,284.0
10.5626,248.0,282.0
10.568,-243.0,286.0
10.5727,-154.0,284.0
10.5777,329.0,288.0
10.5826,148.0,288.0
10.5875,-376.0,294.0
10.5925,-181.0,292.0
10.5976,321.0,298.0
10.6027,165.0,296.0
10.6077,-193.0,298.0
10.6125,-68.0,296.0
10.6176,76.0,296.0
10.6225,-61.0,294.0
10.628,-7.0,294.0
10.6328,141.0,292.0
10.6375,-47.0,292.0
10.6426,-124.0,290.0
10.6479,104.0,288.0
10.6525,42.0,286.0
10.6577,-123.0,284.0
10.6626,20.0,282.0
10.6676,74.0,282.0
10.6725,-12.0,278.0
10.6776,22.0,278.0
10.683,-41.0,276.0
10.6878,-129.0,276.0
10.6927,55.0,274.0
10.6975,202.0,272.0
10.7026,11.0,272.0
10.7075,-206.0,272.0
10.7125,-88.0,274.0
10.7177,181.0,276.0
10.7225,100.0,278.0
10.7275,-201.0,278.0
10.7325,-62.0,278.0
10.7375,263.0,282.0
10.7425,31.0,278.0
10.7477,-296.0,278.0
10.7527,-47.0,278.0
10.7576,252.0,276.0
10.7626,115.0,276.0
10.7677,-121.0,272.0
10.7725,-193.0,272.0
10.7777,-70.0,270.0
10.7825,212.0,272.0
10.7875,245.0,276.0
10.7925,-128.0,276.0
10.7975,-302.0,280.0
10.8026,-33.0,274.0
10.8075,202.0,276.0
10.8126,202.0,270.0
10.8175,-4.0,270.0
10.8227,-331.0,268.0
10.8278,-206.0,270.0
10.8329,362.0,272.0
10.8377,343.0,276.0
10.8426,-256.0,276.0
10.8476,-322.0,282.0
10.8534,110.0,278.0
10.8577,187.0,278.0
10.8626,-63.0,274.0
10.8678,-125.0,274.0
10.8725,85.0,272.0
10.878,201.0,274.0
10.8828,-63.0,274.0
10.8877,-249.0,276.0
10.8932,18.0,276.0
10.8976,141.0,278.0
10.9025,-33.0,276.0
10.9077,36.0,276.0
10.9147,92.0,276.0
10.9175,-118.0,276.0
10.9226,-100.0,278.0
10.9285,47.0,278.0
10.9325,0.0,276.0
10.9375,65.0,276.0
10.9428,160.0,276.0
10.9476,-61.0,274.0
10.9527,-242.0,276.0
10.9576,-80.0,274.0
10.9626,159.0,274.0
10.9677,217.0,276.0
10.9728,11.0,274.0
10.9776,-238.0,278.0
10.9826,-131.0,278.0
10.9876,178.0,280.0
10.9925,155.0,278.0
10.9977,-110.0,280.0
11.0027,-125.0,278.0
11.0081,22.0,278.0
11.0127,66.0,276.0
11.0177,105.0,276.0
11.0228,19.0,274.0
11.0284,-224.0,278.0
11.0331,-115.0,280.0
11.0377,280.0,282.0
11.0427,162.0,284.0
11.048,-281.0,288.0
11.0531,-129.0,288.0
11.0581,259.0,292.0
11.0628,83.0,294.0
11.0677,-207.0,296.0
11.0728,-112.0,296.0
11.0779,78.0,296.0
11.0826,179.0,296.0
11.088,114.0,294.0
11.0927,-183.0,294.0
11.0975,-264.0,294.0
11.1028,99.0,292.0
11.1079,273.0,294.0
11.1133,19.0,292.0
11.118,-114.0,292.0
11.1227,-68.0,290.0
11.1282,-126.0,292.0
11.1327,-37.0,290.0
11.138,261.0,292.0
11.143,196.0,292.0
11.1482,-209.0,296.0
11.1531,-211.0,296.0
11.1577,113.0,298.0
11.1628,66.0,298.0
11.1681,-125.0,298.0
11.173,69.0,296.0
11.1775,210.0,296.0
11.1827,-79.0,292.0
11.1877,-251.0,290.0
11.1925,-15.0,286.0
11.1979,172.0,284.0
11.2029,99.0,282.0
11.2082,-10.0,278.0
11.2127,-44.0,278.0
11.2175,-75.0,274.0
11.2229,-119.0,272.0
11.2277,-50.0,268.0
11.233,190.0,268.0
11.2378,262.0,266.0
11.2432,-70.0,266.0
11.2477,-277.0,266.0
11.253,-71.0,266.0
11.2576,25.0,266.0
11.2626,34.0,266.0
11.2683,260.0,270.0
11.2727,149.0,270.0
11.2775,-339.0,274.0
11.2834,-285.0,276.0
11.2876,193.0,278.0
11.2926,257.0,282.0
11.2978,26.0,280.0
11.3039,-97.0,280.0
11.3088,-148.0,282.0
11.3125,-82.0,284.0
11.3183,105.0,284.0
11.3227,172.0,286.0
11.3275,14.0,284.0
11.3326,-145.0,286.0
11.3379,-88.0,284.0
11.3428,61.0,286.0
11.3475,75.0,284.0
11.3527,21.0,282.0
11.3577,12.0,280.0
11.3638,-75.0,280.0
11.3676,-152.0,278.0
11.3732,81.0,278.0
11.378,270.0,278.0
11.3829,-56.0,280.0
11.3878,-299.0,280.0
11.3926,41.0,280.0
11.3975,263.0,280.0
11.403,-36.0,278.0
11.4081,-229.0,280.0
11.4128,-7.0,276.0
11.418,194.0,278.0
11.4225,95.0,276.0
11.4283,-103.0,274.0
11.4333,-147.0,274.0
11.4385,-29.0,270.0
11.4426,115.0,272.0
11.4475,130.0,270.0
11.454,-49.0,268.0
11.4581,-185.0,272.0
11.4625,-13.0,266.0
11.4681,220.0,266.0
11.4732,90.0,262.0
11.4779,-205.0,260.0
11.4833,-148.0,258.0
11.4883,126.0,256.0
11.4926,115.0,256.0
11.4975,-56.0,254.0
11.5028,-9.0,252.0
11.5085,66.0,252.0
11.5125,-79.0,252.0
11.5179,-144.0,250.0
11.5228,80.0,250.0
11.5275,234.0,250.0
11.5332,5.0,250.0
11.5378,-258.0,252.0
11.5434,-106.0,254.0
11.5505,175.0,256.0
11.5537,130.0,256.0
11.5577,-42.0,256.0
11.563,-35.0,254.0
11.5692,-21.0,254.0
11.5725,-118.0,256.0
11.5787,-33.0,254.0
11.5828,205.0,256.0
11.588,125.0,256.0
11.5928,-164.0,256.0
11.5977,-138.0,256.0
11.603,83.0,256.0
11.6081,59.0,252.0
11.6128,-58.0,254.0
11.6178,19.0,250.0
11.6228,55.0,248.0
11.6281,-46.0,246.0
11.6327,4.0,244.0
11.6382,59.0,244.0
11.6427,-74.0,242.0
11.6479,-66.0,244.0
11.6527,48.0,244.0
11.6582,20.0,242.0
11.6625,40.0,242.0
11.6678,43.0,240.0
11.6728,-51.0,238.0
11.6777,3.0,234.0
11.6834,-24.0,232.0
11.688,-183.0,230.0
11.6935,63.0,230.0
11.6977,341.0,230.0
11.7029,-18.0,230.0
11.7079,-339.0,232.0
11.7126,-43.0,230.0
11.7178,206.0,232.0
11.7227,77.0,230.0
11.7282,-38.0,230.0
11.7343,-88.0,228.0
11.7381,-108.0,226.0
11.7444,52.0,226.0
11.7484,209.0,224.0
11.7529,60.0,224.0
11.7577,-231.0,226.0
11.763,-199.0,228.0
11.7685,165.0,230.0
11.7725,263.0,232.0
11.7777,-67.0,230.0
11.7828,-219.0,230.0
11.7877,16.0,228.0
11.793,123.0,226.0
11.7979,-26.0,224.0
11.8027,-42.0,224.0
11.8075,59.0,222.0
11.8127,11.0,222.0
11.8177,-79.0,220.0
11.8229,-39.0,220.0
11.8287,68.0,216.0
11.8327,112.0,218.0
11.838,-33.0,216.0
11.8427,-211.0,218.0
11.848,-8.0,218.0
11.8528,306.0,222.0
11.8583,55.0,222.0
11.8626,-364.0,226.0
11.8677,-109.0,226.0
11.8728,351.0,228.0
11.8778,142.0,226.0
11.8831,-240.0,230.0
11.8878,-99.0,226.0
11.8929,57.0,226.0
11.8988,-36.0,226.0
11.9025,85.0,228.0
11.9075,165.0,226.0
11.9131,-129.0,226.0
11.9175,-166.0,222.0
11.9227,132.0,220.0
11.928,77.0,218.0
11.9335,-127.0,216.0
11.939,-27.0,216.0
11.943,60.0,216.0
11.9484,23.0,214.0
11.9531,66.0,214.0
11.9577,44.0,212.0
11.9627,-135.0,212.0
11.9679,-200.0,216.0
11.9739,51.0,214.0
11.978,310.0,218.0
11.9832,117.0,218.0
11.9877,-260.0,222.0
11.9928,-209.0,224.0
11.9984,99.0,226.0
12.0033,172.0,226.0
12.008,35.0,226.0
12.0129,-117.0,226.0
12.0176,-114.0,224.0
12.0227,173.0,224.0
12.0276,226.0,224.0
12.0328,-310.0,228.0
12.0376,-411.0,230.0
12.0426,344.0,236.0
12.0475,530.0,240.0
12.0525,-191.0,242.0
12.0576,-403.0,246.0
12.0634,4.0,244.0
12.0677,79.0,244.0
12.0725,43.0,242.0
12.0776,206.0,246.0
12.0826,34.0,244.0
12.0876,-311.0,246.0
12.0926,-124.0,248.0
12.0975,255.0,250.0
12.1034,165.0,252.0
12.1077,-106.0,250.0
12.1125,-141.0,250.0
12.1175,-59.0,248.0
12.1225,70.0,248.0
12.1276,154.0,248.0
12.1324,-8.0,246.0
12.1375,-159.0,248.0
12.1434,0.0,248.0
12.1475,134.0,248.0
12.1525,-26.0,248.0
12.1583,-100.0,246.0
12.1625,62.0,246.0
12.1676,40.0,244.0
12.1725,-111.0,246.0
12.1785,3.0,242.0
12.1829,140.0,242.0
12.1876,-7.0,240.0
12.1926,-97.0,238.0
12.1977,40.0,238.0
12.2027,10.0,238.0
12.2076,-152.0,240.0
12.2126,16.0,238.0
12.2178,245.0,242.0
12.2227,50.0,240.0
12.2278,-206.0,240.0
12.2331,-140.0,240.0
12.2375,79.0,240.0
12.2425,172.0,240.0
12.2475,-3.0,240.0
12.2525,-142.0,242.0
12.2577,49.0,242.0
12.2627,129.0,242.0
12.2677,-148.0,244.0
12.2727,-178.0,248.0
12.2786,175.0,250.0
12.283,208.0,252.0
12.2877,-89.0,252.0
12.2928,-112.0,252.0
12.2975,-39.0,252.0
12.3026,-112.0,254.0
12.3075,96.0,254.0
12.3133,338.0,260.0
12.3179,-7.0,260.0
12.3226,-398.0,266.0
12.3276,-167.0,264.0
12.3326,230.0,268.0
12.3377,265.0,266.0
12.3427,39.0,266.0
12.3489,-205.0,264.0
12.3535,-229.0,268.0
12.358,72.0,266.0
12.3626,263.0,268.0
12.3687,21.0,268.0
12.3726,-178.0,270.0
12.3776,-39.0,268.0
12.3828,61.0,268.0
12.3875,-13.0,266.0
12.3925,-16.0,264.0
12.3975,84.0,262.0
12.4026,82.0,260.0
12.4076,-104.0,260.0
12.4125,-173.0,258.0
12.4182,83.0,258.0
12.4232,187.0,258.0
12.4276,-92.0,260.0
12.4326,-128.0,260.0
12.4375,134.0,260.0
12.4425,61.0,262.0
12.4475,-144.0,262.0
12.4525,-2.0,262.0
12.4577,101.0,262.0
12.4625,-64.0,264.0
12.4675,-45.0,262.0
12.4725,123.0,262.0
12.4777,12.0,262.0
12.483,-133.0,262.0
12.4875,9.0,262.0
12.4925,82.0,258.0
12.4975,-36.0,258.0
12.5025,15.0,252.0
12.5076,86.0,252.0
12.5125,-122.0,248.0
12.5176,-186.0,248.0
12.5226,154.0,248.0
12.5275,298.0,250.0
12.5325,-59.0,250.0
12.5377,-325.0,256.0
12.5427,-73.0,256.0
12.5476,250.0,256.0
12.5525,123.0,256.0
12.5575,-156.0,256.0
12.5625,-71.0,256.0
12.5679,99.0,256.0
12.5733,-52.0,254.0
12.5791,-103.0,256.0
12.5825,203.0,258.0
12.5886,185.0,260.0
12.5925,-280.0,264.0
12.5975,-284.0,268.0
12.6027,213.0,268.0
12.6077,272.0,270.0
12.6127,-82.0,270.0
12.6175,-110.0,268.0
12.6225,-3.0,266.0
12.6276,-83.0,262.0
12.6326,48.0,260.0
12.6375,187.0,262.0
12.6425,-89.0,260.0
12.6477,-184.0,262.0
12.6526,94.0,262.0
12.6578,115.0,262.0
12.6627,-16.0,260.0
12.6677,-16.0,256.0
12.6727,-124.0,254.0
12.6779,-84.0,248.0
12.6838,254.0,246.0
12.6876,171.0,242.0
12.6927,-299.0,244.0
12.6976,-222.0,240.0
12.7026,246.0,244.0
12.7078,220.0,246.0
12.7126,-149.0,248.0
12.7175,-192.0,248.0
12.7225,50.0,248.0
12.7276,181.0,246.0
12.7342,69.0,246.0
12.7376,-174.0,244.0
12.7426,-213.0,244.0
12.7481,121.0,244.0
12.7527,297.0,248.0
12.7576,-35.0,246.0
12.7626,-231.0,250.0
12.7677,-3.0,246.0
12.774,56.0,248.0
12.7785,-47.0,246.0
12.7825,78.0,248.0
12.7876,116.0,246.0
12.7925,-100.0,248.0
12.7976,-94.0,248.0
12.8027,71.0,248.0
12.8077,-10.0,248.0
12.8126,-62.0,246.0
12.8175,91.0,248.0
12.8227,63.0,248.0
12.8278,-85.0,248.0
12.8326,-56.0,248.0
12.8375,35.0,248.0
12.8425,69.0,248.0
12.8475,3.0,246.0
12.8531,-113.0,248.0
12.8577,-36.0,244.0
12.8626,120.0,246.0
12.8676,59.0,244.0
12.8726,-34.0,242.0
12.8777,-27.0,240.0
12.8828,-97.0,240.0
12.8875,-45.0,240.0
12.8927,217.0,242.0
12.8977,85.0,242.0
12.9029,-343.0,246.0
12.9077,-87.0,244.0
12.9129,459.0,248.0
12.9184,104.0,248.0
12.9225,-476.0,252.0
12.9276,-124.0,252.0
12.9326,357.0,256.0
12.9376,107.0,258.0
12.9426,-164.0,258.0
12.9475,-66.0,258.0
12.9525,-13.0,252.0
12.9589,36.0,252.0
12.9637,102.0,248.0
12.9676,-19.0,246.0
12.9726,-62.0,244.0
12.9775,11.0,240.0
12.9831,-67.0,240.0
12.9875,-19.0,236.0
12.9926,182.0,236.0
12.9975,24.0,236.0
13.0026,-213.0,234.0
13.0075,0.0,234.0
13.0129,170.0,234.0
13.0175,-40.0,234.0
13.0226,-86.0,234.0
13.0275,77.0,236.0
13.0325,-7.0,236.0
13.0375,-115.0,236.0
13.0428,65.0,236.0
13.0477,157.0,236.0
13.0526,-67.0,234.0
13.0575,-165.0,236.0
13.0625,44.0,234.0
13.0676,112.0,234.0
13.0725,-31.0,232.0
13.0777,-20.0,230.0
13.0827,43.0,230.0
13.0875,-76.0,230.0
13.0925,-99.0,232.0
13.0975,148.0,232.0
13.1025,187.0,234.0
13.1077,-171.0,236.0
13.1125,-240.0,238.0
13.1177,147.0,240.0
13.1225,213.0,240.0
13.1275,-100.0,242.0
13.1325,-120.0,242.0
13.1375,59.0,244.0
13.1437,10.0,244.0
13.1476,-49.0,242.0
13.1526,54.0,242.0
13.1577,50.0,240.0
13.1625,-30.0,238.0
13.1677,-5.0,232.0
13.1727,-45.0,232.0
13.1778,-92.0,230.0
13.1825,87.0,230.0
13.1884,152.0,228.0
13.1933,-64.0,226.0
13.1978,-101.0,226.0
13.2025,28.0,226.0
13.2082,1.0,224.0
13.2127,-7.0,224.0
13.2175,25.0,222.0
13.2227,-30.0,220.0
13.2277,40.0,216.0
13.2326,99.0,214.0
13.2375,-110.0,212.0
13.2425,-144.0,210.0
13.2475,125.0,208.0
13.2528,141.0,208.0
13.2575,-96.0,208.0
13.2626,-138.0,210.0
13.2675,6.0,210.0
13.2728,120.0,210.0
13.2775,161.0,210.0
13.2826,18.0,210.0
13.2876,-290.0,210.0
13.2927,-254.0,214.0
13.2976,235.0,216.0
13.3025,370.0,220.0
13.3075,-66.0,222.0
13.314,-222.0,224.0
13.3179,-13.0,222.0
13.3225,-74.0,220.0
13.3276,-38.0,218.0
13.3325,282.0,216.0
13.3376,96.0,214.0
13.344,-290.0,216.0
13.3475,-90.0,214.0
13.3526,173.0,214.0
13.3576,78.0,212.0
13.3625,-29.0,212.0
13.3676,-80.0,210.0
13.3732,-77.0,210.0
13.3776,34.0,208.0
13.3837,48.0,206.0
13.3875,-1.0,204.0
13.3934,114.0,200.0
13.3976,120.0,202.0
13.4026,-227.0,202.0
13.4083,-327.0,208.0
13.4138,162.0,208.0
13.4175,381.0,214.0
13.4233,3.0,212.0
13.4278,-206.0,214.0
13.4327,-153.0,216.0
13.4375,-46.0,214.0
13.4425,243.0,216.0
13.4475,213.0,220.0
13.4525,-211.0,222.0
13.4576,-224.0,224.0
13.4626,11.0,224.0
13.4675,62.0,224.0
13.4727,215.0,226.0
13.4775,180.0,228.0
13.4827,-251.0,230.0
13.488,-307.0,236.0
13.4927,96.0,236.0
13.4975,237.0,238.0
13.5025,43.0,238.0
13.5075,-101.0,238.0
13.5125,-41.0,238.0
13.5176,60.0,238.0
13.5225,-6.0,238.0
13.5275,-127.0,238.0
13.5325,-98.0,236.0
13.5375,194.0,238.0
13.5427,382.0,240.0
13.5477,-160.0,240.0
13.5534,-666.0,244.0
13.5575,6.0,242.0
13.5625,754.0,246.0
13.5679,190.0,248.0
13.5728,-571.0,250.0
13.5775,-285.0,254.0
13.5825,226.0,254.0
13.5875,197.0,256.0
13.5926,53.0,256.0
13.5976,-11.0,256.0
13.6027,-110.0,256.0
13.6078,-109.0,258.0
13.6125,8.0,258.0
13.6176,94.0,258.0
13.6225,26.0,258.0
13.6275,-41.0,258.0
13.6327,138.0,258.0
13.6384,117.0,260.0
13.6425,-333.0,260.0
13.6475,-330.0,266.0
13.6526,284.0,268.0
13.6576,452.0,274.0
13.6625,0.0,272.0
13.6676,-306.0,276.0
13.6727,-232.0,280.0
13.6775,9.0,278.0
13.6828,230.0,280.0
13.6876,209.0,282.0
13.6928,-65.0,282.0
13.6975,-260.0,284.0
13.7028,-123.0,284.0
13.7075,163.0,286.0
13.7126,234.0,288.0
13.7175,6.0,288.0
13.7226,-215.0,290.0
13.7275,-133.0,292.0
13.7325,114.0,292.0
13.7375,150.0,292.0
13.7425,-4.0,290.0
13.7479,-87.0,288.0
13.7529,-125.0,286.0
13.7577,-12.0,284.0
13.7625,257.0,284.0
13.7676,120.0,284.0
13.7725,-284.0,288.0
13.7777,-165.0,290.0
13.7825,180.0,292.0
13.7875,90.0,292.0
13.7925,-57.0,292.0
13.7976,64.0,292.0
13.8025,10.0,292.0
13.8075,-213.0,296.0
13.8137,-31.0,296.0
13.8177,283.0,298.0
13.823,58.0,298.0
13.8275,-226.0,300.0
13.8325,-28.0,298.0
13.8375,75.0,298.0
13.8425,-58.0,298.0
13.8475,49.0,300.0
13.8527,113.0,302.0
13.8577,-63.0,302.0
13.8625,-51.0,302.0
13.8675,-12.0,302.0
13.8727,-94.0,302.0
13.8775,104.0,302.0
13.8832,198.0,302.0
13.8876,-166.0,302.0
13.8925,-200.0,304.0
13.8975,174.0,306.0
13.9025,147.0,306.0
13.9083,-124.0,308.0
13.9125,-97.0,306.0
13.9177,60.0,306.0
13.9225,72.0,306.0
13.9275,-22.0,302.0
13.9325,-92.0,300.0
13.9374,-17.0,296.0
13.9425,135.0,292.0
13.9477,89.0,292.0
13.9534,-112.0,290.0
13.9575,-109.0,292.0
13.9627,0.0,292.0
13.9676,-3.0,290.0
13.9725,75.0,288.0
13.9775,168.0,288.0
13.9826,-10.0,284.0
13.9876,-231.0,286.0
13.9925,-130.0,286.0
13.9975,161.0,286.0
14.0026,196.0,290.0
14.0076,-74.0,290.0
14.0125,-142.0,290.0
14.0177,61.0,290.0
14.0226,71.0,292.0
14.0275,-75.0,292.0
14.0326,-75.0,292.0
14.0376,3.0,290.0
14.0426,115.0,288.0
14.0475,147.0,286.0
14.0526,-78.0,284.0
14.0575,-245.0,282.0
14.0625,-49.0,282.0
14.0675,180.0,282.0
14.0727,167.0,282.0
14.0775,16.0,282.0
14.0826,-177.0,280.0
14.0876,-207.0,280.0
14.0925,93.0,280.0
14.0975,267.0,280.0
14.1025,-11.0,280.0
14.1075,-181.0,282.0
14.1125,4.0,278.0
14.1175,34.0,276.0
14.1225,-63.0,274.0
14.1275,70.0,270.0
14.1325,140.0,270.0
14.1377,-71.0,268.0
14.1426,-194.0,270.0
14.1476,-16.0,268.0
14.1525,195.0,270.0
14.1575,106.0,272.0
14.1625,-130.0,274.0
14.1686,-105.0,274.0
14.1726,33.0,272.0
14.1775,-4.0,270.0
14.183,0.0,264.0
14.1875,131.0,262.0
14.1932,69.0,254.0
14.1976,-155.0,256.0
14.2035,-156.0,246.0
14.2075,76.0,244.0
14.2126,141.0,238.0
14.2177,-10.0,234.0
14.2226,-32.0,230.0
14.2276,46.0,228.0
14.2328,-63.0,228.0
14.2375,-148.0,230.0
14.2425,79.0,230.0
14.2476,236.0,232.0
14.2537,-41.0,232.0
14.2581,-266.0,236.0
14.2628,0.0,234.0
14.2677,239.0,238.0
14.2727,21.0,236.0
14.2781,-189.0,238.0
14.2827,-44.0,232.0
14.2891,155.0,230.0
14.2928,85.0,226.0
14.2987,-141.0,222.0
14.3025,-99.0,224.0
14.3081,135.0,220.0
14.3126,46.0,218.0
14.3175,-167.0,220.0
14.323,20.0,218.0
14.3275,250.0,218.0
14.3326,2.0,216.0
14.3375,-306.0,218.0
14.3426,-125.0,218.0
14.3475,233.0,218.0
14.3525,234.0,218.0
14.3575,-43.0,220.0
14.3637,-221.0,220.0
14.3689,-145.0,220.0
14.3725,105.0,220.0
14.3776,229.0,220.0
14.3825,13.0,220.0
14.3875,-204.0,222.0
14.3925,-68.0,222.0
14.3976,123.0,224.0
14.4026,73.0,220.0
14.4075,-38.0,220.0
14.4127,-52.0,216.0
14.4181,-21.0,214.0
14.4234,12.0,210.0
14.4276,43.0,210.0
14.4326,24.0,210.0
14.4382,-46.0,210.0
14.4426,-22.0,210.0
14.4475,64.0,208.0
14.4526,-25.0,208.0
14.4591,-113.0,204.0
14.4625,55.0,204.0
14.4686,139.0,202.0
14.4733,0.0,202.0
14.4786,-82.0,202.0
14.4833,-92.0,204.0
14.488,-26.0,202.0
14.493,115.0,202.0
14.4975,89.0,204.0
14.5025,-35.0,202.0
14.5075,-84.0,204.0
14.5125,-93.0,204.0
14.5175,96.0,204.0
14.5225,235.0,204.0
14.5275,-187.0,204.0
14.5325,-392.0,208.0
14.5376,279.0,210.0
14.5426,511.0,216.0
14.5478,-271.0,218.0
14.5527,-479.0,224.0
14.5576,178.0,226.0
14.5626,264.0,228.0
14.5676,-99.0,230.0
14.5725,28.0,228.0
14.5797,86.0,230.0
14.5825,-240.0,232.0
14.5875,-105.0,232.0
14.5925,274.0,234.0
14.5976,83.0,234.0
14.6025,-169.0,236.0
14.6075,8.0,236.0
14.6124,60.0,236.0
14.6175,-101.0,236.0
14.6225,-34.0,236.0
14.6276,103.0,234.0
14.6326,29.0,232.0
14.6376,-17.0,230.0
14.6425,48.0,228.0
14.6474,-66.0,228.0
14.6527,-181.0,228.0
14.6575,69.0,228.0
14.6625,262.0,230.0
14.6676,5.0,230.0
14.6726,-220.0,232.0
14.6775,-76.0,234.0
14.6826,88.0,232.0
14.6875,57.0,232.0
14.6926,50.0,230.0
14.6975,45.0,228.0
14.7026,-140.0,230.0
14.7075,-140.0,228.0
14.713,166.0,228.0
14.7181,143.0,230.0
14.7225,-140.0,230.0
14.7275,-42.0,228.0
14.7325,89.0,228.0
14.7376,-94.0,224.0
14.7427,-29.0,224.0
14.7478,173.0,224.0
14.7535,-37.0,226.0
14.7575,-174.0,228.0
14.7625,91.0,228.0
14.7676,168.0,230.0
14.7733,-79.0,228.0
14.7778,-198.0,230.0
14.7825,-30.0,228.0
14.7877,215.0,232.0
14.7925,186.0,230.0
14.7975,-154.0,232.0
14.8026,-260.0,234.0
14.8075,49.0,232.0
14.8125,175.0,236.0
14.8175,-3.0,236.0
14.8227,-10.0,236.0
14.8275,55.0,234.0
14.8325,-91.0,234.0
14.8375,-116.0,234.0
14.8429,99.0,232.0
14.8475,104.0,234.0
14.8527,-68.0,232.0
14.8575,-39.0,232.0
14.8625,23.0,232.0
14.8675,-35.0,232.0
14.8725,22.0,232.0
14.8775,84.0,230.0
14.8828,-45.0,230.0
14.8876,-71.0,228.0
14.8926,45.0,228.0
14.8975,4.0,224.0
14.9029,-45.0,224.0
14.9084,43.0,222.0
14.9125,49.0,222.0
14.9176,-35.0,220.0
14.9225,-46.0,220.0
14.9275,0.0,216.0
14.9325,34.0,216.0
14.9376,21.0,214.0
14.9426,-13.0,212.0
14.9477,-23.0,210.0
14.9527,-2.0,210.0
14.9577,9.0,208.0
14.9632,-2.0,208.0
14.9675,5.0,204.0
14.9725,33.0,204.0
14.9777,-10.0,200.0
14.9825,-63.0,198.0
14.9875,22.0,196.0
14.9926,63.0,192.0
14.9975,-83.0,194.0
15.0026,-59.0,190.0
15.0077,205.0,192.0
15.0127,115.0,192.0
15.0176,-316.0,194.0
15.0226,-220.0,196.0
15.0276,298.0,198.0
15.0325,279.0,202.0
15.0375,-131.0,202.0
15.0426,-229.0,204.0
15.0476,-66.0,204.0
15.0528,88.0,204.0
15.0587,160.0,206.0
15.0625,78.0,208.0
15.0675,-120.0,210.0
15.0725,-202.0,212.0
15.0778,31.0,212.0
15.0838,247.0,216.0
15.0877,26.0,214.0
15.0925,-223.0,218.0
15.0975,-26.0,216.0
15.1025,182.0,218.0
15.1075,-3.0,216.0
15.1126,-180.0,220.0
15.1175,-8.0,218.0
15.1225,213.0,220.0
15.1275,106.0,222.0
15.1325,-207.0,222.0
15.1375,-210.0,224.0
15.1428,135.0,226.0
15.1475,207.0,228.0
15.1541,-74.0,228.0
15.1575,-99.0,228.0
15.1625,92.0,226.0
15.1676,-8.0,222.0
15.1727,-158.0,218.0
15.1774,49.0,216.0
15.183,205.0,210.0
15.1875,-36.0,206.0
15.1926,-211.0,202.0
15.1986,0.0,200.0
15.2025,190.0,198.0
15.2076,58.0,198.0
15.2135,-155.0,200.0
15.2175,-130.0,200.0
15.2226,101.0,198.0
15.2277,165.0,200.0
15.2327,-12.0,196.0
15.2375,-112.0,196.0
15.2425,-87.0,194.0
15.2485,-9.0,194.0
15.2525,134.0,196.0
15.2575,109.0,196.0
15.2625,-99.0,196.0
15.2675,-115.0,198.0
15.2725,20.0,196.0
15.2774,49.0,198.0
15.2826,47.0,198.0
15.2874,11.0,196.0
15.2925,-59.0,194.0
15.2976,-21.0,194.0
15.3026,8.0,190.0
15.3084,8.0,190.0
15.3125,54.0,188.0
15.318,-31.0,186.0
15.3226,-88.0,186.0
15.3276,100.0,188.0
15.3325,112.0,188.0
15.3376,-156.0,190.0
15.3425,-131.0,190.0
15.3477,154.0,190.0
15.3524,110.0,190.0
15.3576,-123.0,188.0
15.3626,-62.0,188.0
15.3675,89.0,188.0
15.3725,35.0,188.0
15.3776,-20.0,186.0
15.3831,6.0,186.0
15.3875,-54.0,184.0
15.3925,-110.0,186.0
15.3974,34.0,184.0
15.4031,201.0,184.0
15.4076,84.0,184.0
15.4137,-149.0,184.0
15.4179,-160.0,184.0
15.4225,-29.0,184.0
15.4276,74.0,182.0
15.4327,164.0,182.0
15.4375,110.0,180.0
15.4425,-131.0,178.0
15.4475,-215.0,182.0
15.4526,-14.0,178.0
15.4575,141.0,182.0
15.4626,123.0,182.0
15.4676,13.0,182.0
15.4727,-109.0,182.0
15.4785,-73.0,182.0
15.4825,39.0,180.0
15.4875,4.0,180.0
15.4926,-3.0,178.0
15.4975,79.0,178.0
15.5025,-17.0,178.0
15.5075,-100.0,180.0
15.5125,67.0,180.0
15.5175,78.0,180.0
15.5225,-121.0,182.0
15.5275,-31.0,182.0
15.5325,142.0,182.0
15.5375,-32.0,182.0
15.5427,-147.0,184.0
15.5477,87.0,186.0
15.5525,173.0,188.0
15.5577,-118.0,188.0
15.5637,-221.0,192.0
15.5676,118.0,194.0
15.5737,240.0,196.0
15.5776,-101.0,198.0
15.5825,-193.0,200.0
15.5875,100.0,202.0
15.5925,110.0,204.0
15.5977,-124.0,206.0
15.6025,-38.0,206.0
15.6075,146.0,208.0
15.6125,6.0,208.0
15.6175,-155.0,210.0
15.6225,-43.0,210.0
15.6275,146.0,212.0
15.6325,158.0,212.0
15.6377,-106.0,214.0
15.6425,-276.0,216.0
15.6474,37.0,214.0
15.6533,293.0,216.0
15.6576,16.0,212.0
15.6625,-187.0,212.0
15.668,24.0,208.0
15.6728,73.0,204.0
15.6778,-169.0,204.0
15.6829,-87.0,202.0
15.6875,292.0,206.0
15.6925,226.0,208.0
15.6975,-274.0,210.0
15.7029,-332.0,214.0
15.7075,161.0,214.0
15.7124,258.0,216.0
15.7176,-103.0,216.0
15.7226,-45.0,214.0
15.7275,141.0,216.0
15.7326,-125.0,214.0
15.7375,-157.0,216.0
15.7425,149.0,216.0
15.7476,43.0,216.0
15.7524,-76.0,214.0
15.7582,151.0,216.0
15.7625,3.0,214.0
15.7676,-291.0,216.0
15.7725,22.0,214.0
15.778,296.0,214.0
15.7825,-34.0,212.0
15.7874,-195.0,212.0
15.7924,90.0,212.0
15.7975,63.0,212.0
15.8025,-200.0,214.0
15.8075,37.0,214.0
15.8125,310.0,216.0
15.8177,-77.0,218.0
15.8226,-330.0,220.0
15.8275,65.0,220.0
15.8325,205.0,220.0
15.8375,-67.0,220.0
15.8427,-2.0,218.0
15.8481,142.0,218.0
15.8526,-117.0,218.0
15.8575,-229.0,220.0
15.8625,104.0,220.0
15.8675,214.0,220.0
15.8725,-66.0,222.0
15.8775,-91.0,222.0
15.8829,76.0,222.0
15.8875,-43.0,222.0
15.8925,-88.0,220.0
15.8975,107.0,220.0
15.9033,50.0,220.0
15.9077,-93.0,220.0
15.9128,17.0,220.0
15.9183,62.0,220.0
15.9225,-47.0,220.0
15.9275,-74.0,220.0
15.9329,-1.0,220.0
15.9377,137.0,222.0
15.9426,102.0,224.0
15.9478,-205.0,226.0
15.9525,-185.0,228.0
15.9575,224.0,232.0
15.9625,195.0,234.0
15.9676,-183.0,234.0
15.9738,-132.0,234.0
15.9777,120.0,234.0
15.9825,54.0,232.0
15.9875,-70.0,232.0
15.9925,-39.0,230.0
15.9975,9.0,228.0
16.0026,95.0,230.0
16.0076,90.0,230.0
16.0124,-141.0,230.0
16.0175,-190.0,234.0
16.0227,122.0,236.0
16.0276,214.0,238.0
16.0327,-79.0,238.0
16.0375,-164.0,240.0
16.0425,77.0,238.0
16.0476,132.0,238.0
16.0526,-97.0,238.0
16.0575,-152.0,238.0
16.0626,64.0,238.0
16.0675,127.0,238.0
16.0731,16.0,236.0
16.0774,-7.0,234.0
16.0826,-46.0,234.0
16.0875,-92.0,232.0
16.093,-3.0,232.0
16.0975,57.0,230.0
16.1024,44.0,228.0
16.1074,64.0,230.0
16.1125,10.0,228.0
16.1176,-127.0,228.0
16.1226,-125.0,230.0
16.1275,44.0,230.0
16.1325,170.0,234.0
16.1381,111.0,234.0
16.1425,-86.0,236.0
16.1477,-198.0,236.0
16.1527,-27.0,236.0
16.1577,166.0,238.0
16.1625,45.0,236.0
16.1679,-88.0,238.0
16.1726,26.0,236.0
16.1782,42.0,236.0
16.1825,-90.0,234.0
16.1875,-31.0,234.0
16.1925,88.0,232.0
16.1986,31.0,230.0
16.2025,-34.0,228.0
16.2075,-45.0,226.0
16.2132,-35.0,224.0
16.2177,74.0,224.0
16.2225,83.0,222.0
16.2277,-82.0,222.0
16.2327,-81.0,220.0
16.2375,52.0,220.0
16.2427,47.0,220.0
16.2474,0.0,218.0
16.2526,-19.0,218.0
16.2585,-42.0,216.0
16.2632,6.0,216.0
16.2675,35.0,214.0
16.2725,-14.0,212.0
16.2775,21.0,210.0
16.2827,57.0,206.0
16.2875,-76.0,208.0
16.2925,-108.0,204.0
16.2975,108.0,206.0
16.3038,128.0,204.0
16.308,-155.0,206.0
16.3125,-137.0,208.0
16.3175,213.0,208.0
16.3234,180.0,210.0
16.3279,-205.0,208.0
16.3325,-223.0,208.0
16.3376,100.0,206.0
16.3427,197.0,204.0
16.3476,1.0,202.0
16.3526,-113.0,200.0
16.3575,-4.0,198.0
16.3629,75.0,198.0
16.3676,-34.0,196.0
16.3727,-115.0,196.0
16.3782,-2.0,194.0
16.3835,131.0,194.0
16.3881,92.0,194.0
16.3924,-60.0,194.0
16.3977,-124.0,194.0
16.4025,-3.0,194.0
16.4075,85.0,190.0
16.4124,-44.0,190.0
16.4177,-67.0,188.0
16.4225,142.0,188.0
16.4275,136.0,188.0
16.4326,-144.0,188.0
16.4382,-241.0,192.0
16.4424,10.0,188.0
16.4475,252.0,192.0
16.4528,130.0,190.0
16.4577,-134.0,190.0
16.4625,-146.0,188.0
16.4675,9.0,186.0
16.4725,76.0,184.0
16.4775,8.0,184.0
16.4828,-46.0,184.0
16.4879,39.0,182.0
16.4925,87.0,182.0
16.4975,-57.0,180.0
16.5025,-127.0,180.0
16.5076,15.0,176.0
16.5127,96.0,176.0
16.5179,40.0,176.0
16.5225,6.0,174.0
16.5276,-49.0,176.0
16.5327,-91.0,176.0
16.5377,-12.0,174.0
16.5431,76.0,174.0
16.5477,103.0,174.0
16.5528,8.0,174.0
16.5578,-166.0,176.0
16.5627,-72.0,176.0
16.5675,192.0,178.0
16.5725,78.0,180.0
16.5808,-187.0,180.0
16.5825,-23.0,178.0
16.5877,138.0,178.0
16.5936,-122.0,176.0
16.5982,-106.0,174.0
16.6035,323.0,176.0
16.6097,177.0,176.0
16.6125,-426.0,182.0
16.6178,-292.0,184.0
16.6228,346.0,188.0
16.6286,306.0,192.0
16.6327,-175.0,194.0
16.6376,-173.0,196.0
16.6424,51.0,196.0
16.6476,-14.0,196.0
16.6527,-1.0,192.0
16.6583,156.0,192.0
16.6635,-30.0,190.0
16.6675,-231.0,192.0
16.6727,62.0,190.0
16.6777,250.0,192.0
16.6833,-54.0,192.0
16.6882,-192.0,192.0
16.6931,10.0,192.0
16.6976,71.0,190.0
16.7026,12.0,190.0
16.7077,10.0,188.0
16.7127,13.0,188.0
16.7178,29.0,188.0
16.723,-67.0,188.0
16.7279,-159.0,190.0
16.7328,83.0,190.0
16.7378,260.0,194.0
16.7432,-21.0,194.0
16.7482,-228.0,196.0
16.7533,-43.0,196.0
16.7577,88.0,196.0
16.7626,6.0,194.0
16.7681,8.0,194.0
16.7725,85.0,192.0
16.7775,36.0,190.0
16.7826,-86.0,190.0
16.7877,-131.0,190.0
16.7934,-29.0,190.0
16.7982,101.0,188.0
16.8029,105.0,190.0
16.8086,52.0,190.0
16.814,-24.0,190.0
16.8174,-156.0,190.0
16.823,-127.0,192.0
16.8291,119.0,192.0
16.8331,185.0,194.0
16.8376,-33.0,194.0
16.8438,-101.0,196.0
16.8478,15.0,196.0
16.8536,-20.0,194.0
16.8582,-85.0,194.0
16.8629,56.0,194.0
16.8682,168.0,196.0
16.8726,-1.0,194.0
16.8778,-181.0,196.0
16.8825,-43.0,196.0
16.8887,120.0,198.0
16.8926,0.0,198.0
16.8975,-56.0,198.0
16.9026,123.0,200.0
16.9077,53.0,200.0
16.9127,-245.0,204.0
16.9181,-107.0,206.0
16.9224,272.0,208.0
16.9283,155.0,210.0
16.9335,-196.0,212.0
16.9378,-142.0,212.0
16.9425,92.0,212.0
16.948,96.0,210.0
16.9527,-20.0,208.0
16.9578,-60.0,206.0
16.9627,0.0,204.0
16.968,54.0,202.0
16.973,-32.0,198.0
16.9781,-79.0,198.0
16.9827,85.0,196.0
16.9875,131.0,198.0
16.9928,-100.0,198.0
16.9986,-180.0,200.0
17.003,49.0,200.0
17.0081,174.0,202.0
17.0127,35.0,202.0
17.0178,-77.0,202.0
17.0235,-72.0,202.0
17.0282,-65.0,200.0
17.033,8.0,200.0
17.0376,144.0,200.0
17.043,96.0,202.0
17.048,-82.0,202.0
17.0528,-124.0,204.0
17.0581,-75.0,204.0
17.0625,35.0,202.0
17.0682,190.0,202.0
17.0726,91.0,202.0
17.0779,-163.0,200.0
17.0831,-142.0,202.0
17.0875,33.0,198.0
17.0931,65.0,198.0
17.0974,71.0,196.0
17.1025,66.0,196.0
17.1079,-66.0,196.0
17.1133,-123.0,198.0
17.1175,-5.0,198.0
17.1224,68.0,198.0
17.1278,38.0,198.0
17.1326,17.0,196.0
17.1377,-4.0,196.0
17.1444,-39.0,194.0
17.1476,-14.0,194.0
17.1524,-4.0,192.0
17.1575,-47.0,192.0
17.1627,43.0,194.0
17.1681,144.0,196.0
17.1726,-26.0,194.0
17.1781,-185.0,196.0
17.184,-19.0,196.0
17.1876,148.0,196.0
17.1926,47.0,198.0
17.198,-77.0,196.0
17.2025,-40.0,196.0
17.2075,15.0,192.0
17.2126,0.0,192.0
17.2174,30.0,188.0
17.2233,65.0,190.0
17.2278,-80.0,188.0
17.2329,-138.0,188.0
17.2377,131.0,190.0
17.243,203.0,188.0
17.2478,-128.0,186.0
17.2528,-230.0,184.0
17.2591,30.0,180.0
17.2625,169.0,176.0
17.2678,119.0,174.0
17.2727,-12.0,172.0
17.278,-215.0,172.0
17.2831,-154.0,174.0
17.2893,197.0,176.0
17.2925,212.0,180.0
17.2975,-105.0,178.0
17.3027,-135.0,180.0
17.3078,43.0,178.0
17.3129,14.0,176.0
17.3175,-77.0,174.0
17.3224,9.0,174.0
17.3285,162.0,172.0
17.3332,113.0,174.0
17.3378,-183.0,176.0
17.3435,-277.0,180.0
17.3484,80.0,182.0
17.3529,320.0,186.0
17.3575,83.0,188.0
17.3626,-186.0,188.0
17.369,-176.0,190.0
17.3725,-11.0,188.0
17.3775,130.0,186.0
17.3826,106.0,188.0
17.3877,-18.0,184.0
17.3926,-46.0,184.0
17.3976,-30.0,184.0
17.4024,-83.0,184.0
17.4077,-30.0,184.0
17.4128,177.0,186.0
17.4174,114.0,188.0
17.4224,-213.0,190.0
17.4279,-112.0,190.0
17.4332,260.0,192.0
17.4374,56.0,192.0
17.4427,-349.0,196.0
17.4479,-82.0,196.0
17.4541,375.0,202.0
17.4582,202.0,202.0
17.4625,-238.0,204.0
17.4692,-263.0,206.0
17.4726,49.0,204.0
17.4777,198.0,208.0
17.4833,9.0,206.0
17.4885,-129.0,208.0
17.4924,46.0,208.0
17.4976,146.0,208.0
17.5027,-76.0,210.0
17.5079,-167.0,210.0
17.5132,35.0,210.0
17.5174,97.0,208.0
17.5225,0.0,208.0
17.5275,14.0,206.0
17.5325,9.0,206.0
17.5379,-56.0,206.0
17.5425,2.0,204.0
17.5475,23.0,204.0
17.5525,-89.0,202.0
17.5574,0.0,200.0
17.5625,187.0,198.0
17.5675,21.0,196.0
17.5725,-196.0,196.0
17.5778,-40.0,194.0
17.5824,85.0,194.0
17.5874,1.0,192.0
17.5924,79.0,194.0
17.5975,87.0,194.0
17.6026,-182.0,198.0
17.6076,-152.0,198.0
17.6127,168.0,200.0
17.6176,128.0,202.0
17.6228,-104.0,202.0
17.6275,-23.0,200.0
17.6325,116.0,200.0
17.6375,-79.0,198.0
17.6424,-226.0,202.0
17.6474,98.0,200.0
17.6525,309.0,204.0
17.6577,-35.0,204.0
17.6626,-259.0,206.0
17.6676,-29.0,206.0
17.674,124.0,208.0
17.6775,35.0,206.0
17.6827,-22.0,206.0
17.6875,-4.0,204.0
17.6933,17.0,202.0
17.6974,9.0,202.0
17.7025,-69.0,202.0
17.7076,-74.0,200.0
17.7125,72.0,200.0
17.7176,114.0,200.0
17.7224,2.0,196.0
17.7275,-46.0,198.0
17.7325,-60.0,198.0
17.7376,-76.0,198.0
17.7426,28.0,196.0
17.7477,131.0,198.0
17.7525,49.0,196.0
17.7582,-93.0,198.0
17.7625,-97.0,198.0
17.7675,40.0,198.0
17.7725,104.0,200.0
17.7776,-40.0,200.0
17.7825,-100.0,202.0
17.7874,87.0,202.0
17.7925,103.0,204.0
17.7975,-124.0,206.0
17.8025,-113.0,206.0
17.8075,102.0,206.0
17.8125,111.0,206.0
17.8177,-42.0,204.0
17.8227,-88.0,206.0
17.8275,1.0,204.0
17.8324,52.0,204.0
17.8377,-15.0,202.0
17.8424,-25.0,202.0
17.8474,62.0,202.0
17.8526,24.0,204.0
17.8575,-87.0,204.0
17.8624,-49.0,204.0
17.8675,65.0,204.0
17.8725,77.0,202.0
17.8784,-21.0,202.0
17.8826,-88.0,200.0
17.8874,-20.0,198.0
17.8924,78.0,196.0
17.8977,68.0,196.0
17.9025,-41.0,194.0
17.9075,-129.0,194.0
17.9125,-22.0,194.0
17.9175,174.0,194.0
17.9224,93.0,192.0
17.9275,-177.0,192.0
17.9324,-137.0,192.0
17.9375,138.0,192.0
17.9425,135.0,192.0
17.9475,-73.0,192.0
17.9525,-78.0,192.0
17.9574,11.0,192.0
17.9626,-9.0,192.0
17.9675,17.0,190.0
17.9725,75.0,190.0
17.9774,-14.0,186.0
17.9825,-71.0,184.0
17.9874,6.0,182.0
17.9926,0.0,178.0
17.9977,-22.0,176.0
18.0025,69.0,174.0
18.0076,65.0,172.0
18.0126,-64.0,174.0
18.0179,-93.0,172.0
18.0229,-7.0,172.0
18.0278,72.0,172.0
18.0325,77.0,172.0
18.0374,-16.0,172.0
18.0424,-86.0,172.0
18.0474,-25.0,172.0
18.0525,28.0,170.0
18.0574,6.0,168.0
18.0632,32.0,166.0
18.0675,49.0,164.0
18.0726,-10.0,160.0
18.0775,-40.0,160.0
18.0845,-77.0,156.0
18.0875,-84.0,156.0
18.0924,111.0,152.0
18.0975,231.0,152.0
18.1025,-12.0,148.0
18.1075,-269.0,150.0
18.1124,-146.0,150.0
18.1175,171.0,150.0
18.1225,224.0,154.0
18.1275,-32.0,152.0
18.1324,-172.0,154.0
18.1375,-34.0,152.0
18.1437,65.0,152.0
18.1474,-1.0,150.0
18.1524,-1.0,148.0
18.1575,74.0,148.0
18.1625,7.0,148.0
18.1675,-109.0,150.0
18.1728,-48.0,150.0
18.1775,83.0,152.0
18.1826,68.0,152.0
18.188,-20.0,152.0
18.1926,-31.0,152.0
18.1977,-40.0,152.0
18.2025,-30.0,150.0
18.2075,52.0,150.0
18.2127,27.0,148.0
18.2174,3.0,146.0
18.2234,76.0,146.0
18.2275,-99.0,148.0
18.2327,-197.0,150.0
18.2375,169.0,152.0
18.2425,231.0,152.0
18.2474,-177.0,152.0
18.2526,-167.0,152.0
18.2574,143.0,152.0
18.2625,78.0,152.0
18.2675,-90.0,154.0
18.2725,-23.0,152.0
18.2775,18.0,150.0
18.2827,-19.0,148.0
18.2891,43.0,146.0
18.2926,83.0,144.0
18.2975,-49.0,144.0
18.3029,-135.0,142.0
18.3085,8.0,142.0
18.3124,133.0,142.0
18.3175,20.0,142.0
18.3225,-98.0,142.0
18.3275,-9.0,142.0
18.3326,86.0,144.0
18.3376,-15.0,144.0
18.3427,-101.0,144.0
18.3477,7.0,142.0
18.3533,89.0,144.0
18.3575,53.0,142.0
18.3625,-1.0,142.0
18.3677,-103.0,144.0
18.3733,-134.0,144.0
18.3775,56.0,144.0
18.3827,212.0,146.0
18.3879,72.0,146.0
18.3925,-161.0,148.0
18.3977,-154.0,148.0
18.4025,40.0,148.0
18.4077,127.0,150.0
18.4124,33.0,148.0
18.4174,-77.0,148.0
18.4225,-40.0,148.0
18.4278,83.0,148.0
18.4326,64.0,146.0
18.4375,-98.0,146.0
18.4425,-132.0,146.0
18.4479,29.0,146.0
18.4525,149.0,146.0
18.4583,90.0,148.0
18.4627,-49.0,146.0
18.4677,-122.0,148.0
18.4725,-67.0,148.0
18.4775,23.0,148.0
18.4827,67.0,150.0
18.4875,90.0,150.0
18.4927,32.0,150.0
18.4975,-117.0,150.0
18.5029,-114.0,152.0
18.5074,78.0,152.0
18.5135,118.0,152.0
18.5175,-36.0,152.0
18.5225,-83.0,152.0
18.5275,13.0,152.0
18.5324,58.0,152.0
18.5375,-5.0,150.0
18.5426,-50.0,152.0
18.5478,18.0,150.0
18.553,43.0,150.0
18.5577,-34.0,148.0
18.5625,-33.0,146.0
18.5676,22.0,144.0
18.5725,2.0,142.0
18.5776,4.0,140.0
18.5825,62.0,138.0
18.5875,5.0,138.0
18.5935,-121.0,138.0
18.5975,-83.0,140.0
18.6025,131.0,142.0
18.6076,182.0,144.0
18.6126,-98.0,144.0
18.6176,-219.0,148.0
18.6224,72.0,148.0
18.6284,166.0,150.0
18.6326,-83.0,152.0
18.6375,-86.0,152.0
18.6427,111.0,154.0
18.6476,39.0,152.0
18.6525,-113.0,154.0
18.6574,-24.0,152.0
18.6626,84.0,154.0
18.6676,5.0,152.0
18.6727,-73.0,152.0
18.6775,20.0,152.0
18.6827,117.0,152.0
18.6875,-15.0,152.0
18.6925,-162.0,154.0
18.6977,-28.0,156.0
18.7025,130.0,156.0
18.7076,57.0,156.0
18.7127,-30.0,158.0
18.7184,-25.0,158.0
18.7225,-55.0,156.0
18.7275,-36.0,156.0
18.7324,71.0,156.0
18.7382,51.0,152.0
18.7425,-40.0,152.0
18.7475,4.0,148.0
18.7525,15.0,146.0
18.7575,-87.0,146.0
18.7629,-16.0,142.0
18.7675,136.0,144.0
18.7725,24.0,142.0
18.7776,-121.0,142.0
18.7824,-19.0,142.0
18.7874,68.0,144.0
18.7926,2.0,144.0
18.7976,-30.0,142.0
18.8025,10.0,142.0
18.8075,19.0,142.0
18.8124,-4.0,140.0
18.8175,-5.0,140.0
18.8228,-29.0,138.0
18.8278,-27.0,138.0
18.8324,89.0,140.0
18.8374,66.0,140.0
18.8425,-144.0,142.0
18.8483,-80.0,142.0
18.8527,161.0,144.0
18.8575,61.0,146.0
18.8625,-130.0,146.0
18.8674,-26.0,144.0
18.8726,56.0,142.0
18.8775,-18.0,140.0
18.8827,20.0,138.0
18.8877,71.0,136.0
18.8926,-47.0,134.0
18.8975,-97.0,132.0
18.9024,41.0,132.0
18.9074,74.0,132.0
18.9128,-36.0,132.0
18.9181,-21.0,132.0
18.9224,8.0,132.0
18.9275,-57.0,132.0
18.9324,46.0,132.0
18.9375,153.0,134.0
18.9431,-68.0,132.0
18.9476,-197.0,136.0
18.9528,43.0,134.0
18.9575,131.0,136.0
18.9625,-40.0,134.0
18.9675,-8.0,134.0
18.9726,95.0,134.0
18.9782,-79.0,136.0
18.9831,-147.0,136.0
18.9875,121.0,138.0
18.9934,121.0,138.0
18.9977,-185.0,140.0
19.0027,-56.0,142.0
19.0077,274.0,144.0
19.0124,56.0,144.0
19.0175,-285.0,146.0
19.0227,-114.0,146.0
19.0277,175.0,146.0
19.0327,121.0,146.0
19.0374,-44.0,144.0
19.0424,-39.0,144.0
19.0475,-13.0,142.0
19.0526,-57.0,144.0
19.0576,39.0,142.0
19.0626,105.0,144.0
19.0677,-111.0,144.0
19.0726,-119.0,144.0
19.0774,198.0,146.0
19.0827,123.0,146.0
19.0876,-216.0,150.0
19.0927,-90.0,148.0
19.0975,164.0,150.0
19.1024,-3.0,148.0
19.1076,-101.0,148.0
19.1125,127.0,150.0
19.1176,62.0,150.0
19.1225,-209.0,152.0
19.1275,-61.0,152.0
19.1324,190.0,154.0
19.1377,89.0,154.0
19.1427,-84.0,154.0
19.1484,-111.0,154.0
19.1525,-18.0,152.0
19.1575,107.0,154.0
19.1624,49.0,152.0
19.1677,-94.0,154.0
19.1726,-27.0,154.0
19.1775,85.0,154.0
19.1824,-2.0,154.0
19.1881,-70.0,154.0
19.1924,37.0,154.0
19.1977,38.0,154.0
19.2024,-73.0,156.0
19.2075,3.0,156.0
19.2124,88.0,156.0
19.2178,-45.0,158.0
19.2226,-82.0,158.0
19.2276,78.0,158.0
19.2325,62.0,158.0
19.2375,-89.0,158.0
19.2424,-41.0,156.0
19.2474,65.0,154.0
19.2526,43.0,154.0
19.2579,-17.0,150.0
19.2625,-81.0,150.0
19.2674,-35.0,148.0
19.2729,114.0,150.0
19.2776,76.0,148.0
19.2827,-95.0,148.0
19.2876,-74.0,150.0
19.2926,43.0,148.0
19.298,24.0,148.0
19.3024,-25.0,148.0
19.3087,24.0,148.0
19.3136,63.0,148.0
19.3174,-15.0,148.0
19.3225,-124.0,148.0
19.3278,-44.0,148.0
19.3324,181.0,148.0
19.3375,98.0,150.0
19.3425,-228.0,150.0
19.3475,-110.0,152.0
19.3544,249.0,154.0
19.3574,84.0,156.0
19.363,-210.0,158.0
19.3687,-29.0,158.0
19.3735,96.0,158.0
19.3775,-48.0,158.0
19.3832,74.0,160.0
19.3875,141.0,162.0
19.3927,-234.0,164.0
19.3975,-226.0,166.0
19.4025,280.0,170.0
19.4075,245.0,172.0
19.4124,-190.0,176.0
19.4182,-137.0,176.0
19.4227,86.0,176.0
19.4275,-55.0,176.0
19.4326,-76.0,178.0
19.4375,206.0,180.0
19.4433,136.0,182.0
19.4475,-235.0,186.0
19.4531,-191.0,188.0
19.4577,163.0,190.0
19.4625,198.0,194.0
19.4675,-55.0,194.0
19.4728,-143.0,194.0
19.4776,-29.0,194.0
19.4826,57.0,192.0
19.4877,60.0,192.0
19.493,-19.0,190.0
19.4974,-50.0,190.0
19.5024,68.0,190.0
19.5074,45.0,190.0
19.5126,-144.0,190.0
19.5175,-65.0,192.0
19.5225,167.0,194.0
19.5274,79.0,194.0
19.5326,-125.0,196.0
19.5379,-56.0,194.0
19.5426,57.0,194.0
19.5475,3.0,194.0
19.5525,0.0,194.0
19.5575,54.0,194.0
19.5625,-22.0,194.0
19.5675,-104.0,194.0
19.5726,-9.0,194.0
19.5784,126.0,194.0
19.5824,64.0,194.0
19.5876,-82.0,192.0
19.5926,-65.0,192.0
19.5981,-13.0,190.0
19.6025,-30.0,190.0
19.6075,64.0,192.0
19.6125,158.0,192.0
19.6175,-5.0,190.0
19.6231,-198.0,192.0
19.6276,-104.0,192.0
19.6325,112.0,192.0
19.6374,154.0,190.0
19.6424,17.0,190.0
19.6474,-117.0,188.0
19.6525,-91.0,188.0
19.6582,71.0,184.0
19.6624,87.0,184.0
19.6675,-75.0,184.0
19.6725,-54.0,182.0
19.6775,100.0,182.0
19.6829,29.0,182.0
19.6877,-92.0,184.0
19.6924,1.0,184.0
19.6974,54.0,184.0
19.7025,-36.0,182.0
19.708,-17.0,180.0
19.7125,42.0,180.0
19.7175,-23.0,176.0
19.7225,-13.0,176.0
19.7274,73.0,172.0
19.7324,-13.0,172.0
19.7376,-111.0,170.0
19.7424,22.0,172.0
19.7475,125.0,172.0
19.7525,-19.0,170.0
19.7578,-108.0,170.0
19.7631,13.0,168.0
19.7675,56.0,168.0
19.7726,-22.0,164.0
19.7775,2.0,164.0
19.7834,60.0,164.0
19.7874,-15.0,162.0
19.7924,-96.0,162.0
19.798,-19.0,162.0
19.8034,60.0,162.0
19.8085,35.0,160.0
19.8124,60.0,162.0
19.8175,28.0,160.0
19.8225,-160.0,162.0
19.8279,-134.0,164.0
19.8332,131.0,166.0
19.8375,190.0,168.0
19.8424,-2.0,166.0
19.8474,-161.0,168.0
19.8534,-106.0,170.0
19.8577,101.0,170.0
19.8625,124.0,170.0
19.8675,-76.0,170.0
19.8726,-78.0,170.0
19.8774,91.0,170.0
19.8829,35.0,170.0
19.8875,-99.0,172.0
19.8925,-21.0,172.0
19.8974,56.0,172.0
19.9024,11.0,170.0
19.9076,39.0,170.0
19.9134,25.0,170.0
19.9175,-152.0,170.0
19.9224,-95.0,170.0
19.9275,210.0,172.0
19.9325,177.0,174.0
19.9375,-167.0,176.0
19.9426,-213.0,180.0
19.9475,60.0,180.0
19.9525,158.0,182.0
19.9574,31.0,182.0
19.9626,-37.0,180.0
19.9675,-58.0,180.0
19.9731,-71.0,180.0
19.9775,31.0,178.0
19.9825,105.0,176.0
19.9885,-5.0,174.0
19.9924,-60.0,172.0
19.9976,15.0,170.0
20.0025,-11.0,168.0
20.0076,-45.0,168.0
20.0124,55.0,168.0
20.0183,65.0,168.0
20.0226,-47.0,166.0
20.0275,-65.0,166.0
20.0326,0.0,162.0
20.0374,63.0,160.0
20.0424,63.0,156.0
20.0474,-61.0,154.0
20.0525,-118.0,152.0
20.0574,37.0,150.0
20.0635,133.0,152.0
20.0674,7.0,150.0
20.0724,-95.0,150.0
20.0779,-42.0,148.0
20.0826,37.0,146.0
20.0874,43.0,144.0
20.0925,-15.0,142.0
20.0974,-27.0,138.0
20.1026,33.0,136.0
20.1074,21.0,136.0
20.1124,-46.0,134.0
20.1175,-27.0,134.0
20.1228,25.0,134.0
20.1274,20.0,134.0
20.1324,10.0,132.0
20.1375,6.0,132.0
20.1425,-30.0,132.0
20.148,-37.0,132.0
20.1524,47.0,130.0
20.1574,72.0,130.0
20.1625,-99.0,130.0
20.1675,-124.0,130.0
20.1725,141.0,130.0
20.1777,183.0,132.0
20.1824,-103.0,132.0
20.1876,-198.0,136.0
20.193,11.0,136.0
20.1975,133.0,138.0
20.2025,38.0,138.0
20.2076,-25.0,136.0
20.2124,7.0,136.0
20.2175,-41.0,134.0
20.2227,-116.0,136.0
20.2275,1.0,134.0
20.2334,194.0,136.0
20.2374,130.0,138.0
20.2431,-164.0,140.0
20.2476,-255.0,144.0
20.2526,36.0,142.0
20.2576,272.0,146.0
20.2625,91.0,144.0
20.2683,-164.0,144.0
20.2724,-116.0,144.0
20.2774,24.0,142.0
20.2826,17.0,142.0
20.2876,29.0,142.0
20.2925,125.0,142.0
20.299,21.0,142.0
20.3025,-203.0,144.0
20.3076,-79.0,144.0
20.3124,190.0,146.0
20.3181,67.0,144.0
20.3225,-145.0,146.0
20.3274,-14.0,146.0
20.3325,122.0,148.0
20.3374,-10.0,146.0
20.3425,-104.0,148.0
20.3476,-9.0,148.0
20.3525,44.0,148.0
20.3587,40.0,148.0
20.3625,57.0,148.0
20.3676,-46.0,148.0
20.3725,-145.0,150.0
20.3774,23.0,148.0
20.383,172.0,152.0
20.3878,7.0,150.0
20.3926,-142.0,152.0
20.3976,-32.0,150.0
20.4025,77.0,150.0
20.4075,45.0,150.0
20.4125,9.0,150.0
20.4175,-23.0,150.0
20.4226,-94.0,152.0
20.4276,-48.0,152.0
20.4325,139.0,152.0
20.4382,130.0,154.0
20.4426,-128.0,156.0
20.4475,-165.0,158.0
20.4525,86.0,158.0
20.4576,137.0,160.0
20.4624,-47.0,158.0
20.4674,-73.0,156.0
20.4724,25.0,156.0
20.4776,25.0,152.0
20.4832,-8.0,152.0
20.4876,-30.0,150.0
20.4926,-20.0,150.0
20.4974,82.0,150.0
20.5025,59.0,148.0
20.5076,-142.0,150.0
20.5137,-106.0,150.0
20.5184,161.0,150.0
20.5226,147.0,152.0
20.5275,-119.0,152.0
20.5324,-149.0,154.0
20.5376,43.0,154.0
20.5424,99.0,156.0
20.5474,20.0,156.0
20.5526,-19.0,156.0
20.5574,-37.0,154.0
20.5625,-47.0,152.0
20.5677,-3.0,150.0
20.5726,65.0,148.0
20.5776,77.0,146.0
20.5825,-26.0,144.0
20.5874,-128.0,144.0
20.5924,-38.0,142.0
20.5979,119.0,144.0
20.6026,61.0,144.0
20.6075,-70.0,144.0
20.6124,-13.0,144.0
20.6175,36.0,144.0
20.6226,-55.0,144.0
20.6274,-33.0,144.0
20.6327,92.0,144.0
20.6374,36.0,144.0
20.6426,-127.0,146.0
20.6474,-66.0,146.0
20.6525,178.0,148.0
20.6574,160.0,150.0
20.6625,-165.0,152.0
20.6674,-269.0,154.0
20.6724,38.0,156.0
20.6779,283.0,158.0
20.6831,104.0,160.0
20.6876,-183.0,162.0
20.6927,-139.0,162.0
20.6985,70.0,162.0
20.7025,86.0,162.0
20.7074,-30.0,162.0
20.7127,-53.0,162.0
20.7177,35.0,162.0
20.7224,80.0,162.0
20.7274,-8.0,162.0
20.7326,-105.0,162.0
20.7374,-71.0,164.0
20.7424,68.0,164.0
20.7475,145.0,166.0
20.7526,15.0,166.0
20.7574,-141.0,168.0
20.7627,-81.0,168.0
20.7675,60.0,168.0
20.7727,72.0,170.0
20.7776,22.0,170.0
20.7827,11.0,170.0
20.7875,-33.0,170.0
20.7926,-100.0,170.0
20.7977,-23.0,170.0
20.8025,117.0,170.0
20.8075,75.0,170.0
20.8124,-60.0,168.0
20.8175,-61.0,166.0
20.823,10.0,164.0
20.8275,-3.0,162.0
20.8326,-31.0,162.0
20.8374,43.0,160.0
20.8424,109.0,162.0
20.848,-9.0,162.0
20.853,-162.0,164.0
20.8574,-72.0,164.0
20.8627,109.0,164.0
20.8684,131.0,166.0
20.8726,38.0,164.0
20.8774,-119.0,164.0
20.8827,-161.0,164.0
20.8877,54.0,160.0
20.8926,159.0,162.0
20.8974,-12.0,158.0
20.9028,-77.0,158.0
20.9075,49.0,156.0
20.9138,27.0,154.0
20.9175,-125.0,156.0
20.9224,-49.0,156.0
20.9276,144.0,158.0
20.9324,61.0,158.0
20.9376,-87.0,158.0
20.9426,17.0,156.0
20.9476,43.0,156.0
20.9527,-133.0,154.0
20.9576,-66.0,154.0
20.9625,165.0,154.0
20.9676,108.0,156.0
20.9726,-88.0,156.0
20.9775,-122.0,158.0
20.9824,-25.0,156.0
20.9874,114.0,158.0
20.9926,100.0,158.0
20.9975,-68.0,158.0
21.0025,-104.0,160.0
21.0076,-39.0,160.0
21.0125,48.0,158.0
21.0175,159.0,160.0
21.0227,15.0,158.0
21.0277,-208.0,160.0
21.0326,-36.0,160.0
21.0375,170.0,162.0
21.0424,15.0,160.0
21.0474,-85.0,162.0
21.0525,16.0,162.0
21.0574,1.0,160.0
21.0625,-45.0,160.0
21.0676,46.0,160.0
21.0735,71.0,158.0
21.0775,-45.0,158.0
21.0827,-81.0,156.0
21.0874,8.0,154.0
21.0942,63.0,154.0
21.0975,29.0,152.0
21.1028,-16.0,152.0
21.1075,-47.0,152.0
21.1124,-49.0,152.0
21.1184,33.0,152.0
21.1226,120.0,154.0
21.1275,22.0,154.0
21.1326,-158.0,156.0
21.1376,-80.0,156.0
21.1439,126.0,156.0
21.1474,75.0,156.0
21.1525,-59.0,156.0
21.1577,-1.0,152.0
21.1624,25.0,150.0
21.1675,-78.0,150.0
21.1725,-44.0,148.0
21.1776,107.0,150.0
21.1826,68.0,148.0
21.1876,-85.0,150.0
21.193,-45.0,150.0
21.1976,58.0,150.0
21.2025,-21.0,150.0
21.2076,-77.0,152.0
21.2127,71.0,152.0
21.2184,132.0,152.0
21.2226,-49.0,152.0
21.2275,-163.0,154.0
21.2326,-25.0,154.0
21.2375,135.0,154.0
21.2425,61.0,154.0
21.2474,-79.0,154.0
21.2524,-15.0,154.0
21.2576,48.0,154.0
21.2626,-50.0,154.0
21.2674,-51.0,154.0
21.2725,70.0,154.0
21.2783,54.0,154.0
21.2827,-55.0,152.0
21.2875,-40.0,152.0
21.2925,63.0,150.0
21.2979,33.0,148.0
21.3031,-98.0,148.0
21.3084,-49.0,144.0
21.3125,108.0,146.0
21.3176,59.0,142.0
21.3237,-73.0,142.0
21.3276,-33.0,138.0
21.3334,25.0,136.0
21.3374,-2.0,136.0
21.3425,24.0,134.0
21.3474,8.0,134.0
21.3534,-80.0,136.0
21.3574,18.0,134.0
21.3634,116.0,136.0
21.3675,-52.0,136.0
21.3724,-97.0,136.0
21.3775,80.0,136.0
21.3824,43.0,136.0
21.3881,-97.0,134.0
21.3925,-10.0,134.0
21.3975,87.0,134.0
21.4024,24.0,134.0
21.4075,-41.0,132.0
21.4124,-44.0,132.0
21.418,-15.0,132.0
21.4226,22.0,132.0
21.4276,34.0,132.0
21.4325,54.0,132.0
21.4384,5.0,132.0
21.4425,-164.0,132.0
21.4475,-98.0,132.0
21.4525,257.0,136.0
21.4574,225.0,138.0
21.4624,-254.0,142.0
21.4674,-320.0,146.0
21.4724,129.0,148.0
21.4775,291.0,152.0
21.4836,16.0,150.0
21.4877,-135.0,152.0
21.4925,-47.0,152.0
21.498,-19.0,150.0
21.5024,-34.0,150.0
21.5078,39.0,148.0
21.5126,93.0,148.0
21.5175,54.0,148.0
21.5225,-53.0,146.0
21.5276,-120.0,146.0
21.5337,-24.0,144.0
21.5375,74.0,146.0
21.5425,46.0,146.0
21.5474,45.0,146.0
21.5524,7.0,144.0
21.5578,-140.0,146.0
21.563,-78.0,146.0
21.5676,144.0,146.0
21.5724,86.0,146.0
21.5775,-78.0,146.0
21.5832,1.0,146.0
21.588,26.0,146.0
21.5926,-125.0,146.0
21.5979,-36.0,144.0
21.6024,190.0,144.0
21.6074,85.0,144.0
21.6124,-150.0,146.0
21.6174,-123.0,146.0
21.6225,36.0,146.0
21.6274,131.0,146.0
21.6325,83.0,146.0
21.6375,-106.0,146.0
21.6424,-152.0,148.0
21.6474,48.0,148.0
21.653,134.0,148.0
21.6574,7.0,146.0
21.6625,-35.0,146.0
21.6674,0.0,144.0
21.6724,-88.0,144.0
21.6774,-90.0,142.0
21.6826,153.0,146.0
21.6874,216.0,148.0
21.6927,-92.0,148.0
21.6974,-285.0,152.0
21.7024,-72.0,154.0
21.7081,222.0,156.0
21.7125,215.0,158.0
21.7174,-54.0,158.0
21.7225,-210.0,160.0
21.7274,-90.0,162.0
21.7324,85.0,162.0
21.7375,105.0,164.0
21.7424,0.0,162.0
21.7474,-25.0,162.0
21.7524,65.0,162.0
21.7577,-10.0,162.0
21.7625,-199.0,164.0
21.7677,-81.0,164.0
21.7725,229.0,166.0
21.7776,219.0,168.0
21.7824,-97.0,168.0
21.7874,-255.0,170.0
21.7924,-71.0,170.0
21.7978,164.0,172.0
21.8024,134.0,174.0
21.8075,-50.0,174.0
21.8124,-72.0,174.0
21.8177,13.0,174.0
21.8225,-38.0,172.0
21.8275,-63.0,172.0
21.8325,113.0,174.0
21.8374,146.0,174.0
21.8434,-126.0,176.0
21.8475,-207.0,178.0
21.8525,96.0,178.0
21.8577,208.0,180.0
21.8625,-56.0,180.0
21.8682,-133.0,180.0
21.8724,59.0,180.0
21.8775,39.0,178.0
21.8829,-130.0,180.0
21.8875,-25.0,178.0
21.8926,203.0,182.0
21.8977,113.0,182.0
21.9024,-176.0,184.0
21.9078,-205.0,188.0
21.9124,44.0,186.0
21.9175,188.0,188.0
21.9224,84.0,190.0
21.9274,-70.0,190.0
21.9325,-109.0,190.0
21.9377,-28.0,190.0
21.9426,49.0,190.0
21.9476,14.0,190.0
21.9525,-1.0,188.0
21.9575,73.0,188.0
21.9626,28.0,188.0
21.9682,-122.0,188.0
21.9726,-103.0,190.0
21.9774,70.0,190.0
21.9825,136.0,192.0
21.9882,23.0,192.0
21.9928,-70.0,192.0
21.9985,-55.0,194.0
22.0024,-36.0,192.0
22.008,5.0,192.0
22.0126,77.0,190.0
22.0174,37.0,190.0
22.0227,-18.0,190.0
22.0282,4.0,188.0
22.0333,-66.0,190.0
22.0378,-94.0,190.0
22.0424,89.0,190.0
22.0486,129.0,192.0
22.0535,-36.0,192.0
22.0576,-50.0,192.0
22.0624,-36.0,192.0
22.0674,-102.0,194.0
22.0725,69.0,194.0
22.0784,231.0,198.0
22.0827,-44.0,196.0
22.0876,-268.0,198.0
22.0926,-12.0,194.0
22.0975,201.0,194.0
22.1024,48.0,190.0
22.1076,-73.0,186.0
22.1125,-35.0,186.0
22.1175,-40.0,182.0
22.1224,1.0,182.0
22.1274,65.0,180.0
22.1323,-1.0,180.0
22.138,-8.0,180.0
22.1424,65.0,180.0
22.1474,-48.0,180.0
22.1527,-148.0,180.0
22.1574,43.0,180.0
22.1628,167.0,182.0
22.1681,-6.0,180.0
22.1724,-87.0,182.0
22.178,12.0,180.0
22.1828,-19.0,180.0
22.1877,-73.0,180.0
22.1924,57.0,182.0
22.1977,136.0,182.0
22.2026,0.0,180.0
22.208,-146.0,180.0
22.2126,-97.0,180.0
22.2176,91.0,180.0
22.2227,153.0,182.0
22.2282,-13.0,182.0
22.2331,-126.0,182.0
22.2376,-1.0,182.0
22.2424,65.0,180.0
22.2477,-85.0,180.0
22.2527,-69.0,178.0
22.2574,189.0,180.0
22.2624,154.0,182.0
22.268,-195.0,182.0
22.2727,-210.0,184.0
22.2777,108.0,184.0
22.2827,140.0,184.0
22.288,-46.0,184.0
22.2929,9.0,182.0
22.2976,82.0,184.0
22.3025,-103.0,184.0
22.3084,-146.0,186.0
22.3132,78.0,186.0
22.3174,123.0,188.0
22.3224,-21.0,186.0
22.3277,-15.0,182.0
22.3328,54.0,182.0
22.3379,-56.0,178.0
22.3427,-154.0,180.0
22.3486,20.0,176.0
22.3531,195.0,176.0
22.3575,44.0,176.0
22.3624,-135.0,174.0
22.3685,-21.0,174.0
22.3724,56.0,172.0
22.3774,-87.0,172.0
22.3826,-38.0,174.0
22.3876,175.0,176.0
22.3928,79.0,176.0
22.3982,-167.0,178.0
22.4025,-134.0,178.0
22.4083,69.0,178.0
22.4126,158.0,176.0
22.4177,55.0,174.0
22.4228,-113.0,174.0
22.429,-133.0,172.0
22.4324,3.0,170.0
22.4377,114.0,170.0
22.4428,116.0,170.0
22.4477,-9.0,168.0
22.4529,-172.0,170.0
22.4583,-109.0,172.0
22.463,130.0,174.0
22.4674,174.0,176.0
22.4735,-20.0,174.0
22.4774,-162.0,174.0
22.4831,-87.0,174.0
22.4876,96.0,172.0
22.4927,143.0,172.0
22.4979,-18.0,170.0
22.5032,-144.0,170.0
22.5078,-43.0,170.0
22.513,113.0,170.0
22.5174,92.0,172.0
22.5225,-67.0,170.0
22.5275,-128.0,172.0
22.5332,18.0,168.0
22.5376,135.0,170.0
22.5433,9.0,166.0
22.548,-98.0,164.0
22.5531,5.0,164.0
22.5576,40.0,162.0
22.5627,-45.0,162.0
22.5675,6.0,160.0
22.5725,66.0,160.0
22.5781,-36.0,160.0
22.5835,-61.0,160.0
22.5874,54.0,160.0
22.5924,60.0,162.0
22.5976,-43.0,160.0
22.6026,-68.0,162.0
22.6074,11.0,160.0
22.6124,69.0,160.0
22.6174,4.0,158.0
22.6226,-62.0,158.0
22.6274,4.0,156.0
22.6324,52.0,156.0
22.6376,-8.0,156.0
22.6424,-23.0,156.0
22.6474,-9.0,156.0
22.6526,-31.0,154.0
22.6576,37.0,154.0
22.6625,74.0,156.0
22.6674,-63.0,156.0
22.6725,-79.0,156.0
22.6776,78.0,156.0
22.6827,65.0,156.0
22.6875,-56.0,156.0
22.6924,-42.0,156.0
22.6974,-16.0,154.0
22.7024,0.0,154.0
22.7076,108.0,154.0
22.713,55.0,154.0
22.7175,-150.0,152.0
22.7224,-79.0,154.0
22.728,112.0,150.0
22.7324,48.0,152.0
22.7377,-36.0,148.0
22.7424,15.0,148.0
22.7474,-21.0,148.0
22.7524,-80.0,148.0
22.7573,44.0,148.0
22.7624,120.0,150.0
22.7677,-40.0,150.0
22.7725,-116.0,152.0
22.7775,44.0,152.0
22.7825,81.0,152.0
22.7875,-91.0,154.0
22.7936,-75.0,152.0
22.7977,157.0,154.0
22.8024,128.0,154.0
22.8075,-179.0,156.0
22.8124,-179.0,158.0
22.8176,139.0,160.0
22.8227,162.0,162.0
22.8276,-77.0,162.0
22.8324,-80.0,162.0
22.8373,37.0,160.0
22.8424,-14.0,160.0
22.8474,-32.0,158.0
22.8524,70.0,158.0
22.8575,55.0,158.0
22.8624,-67.0,156.0
22.8675,-85.0,158.0
22.8723,51.0,156.0
22.8776,97.0,158.0
22.8829,-82.0,158.0
22.8875,-101.0,158.0
22.8924,144.0,160.0
22.8974,122.0,158.0
22.9025,-164.0,158.0
22.9076,-154.0,158.0
22.9129,129.0,156.0
22.9175,157.0,158.0
22.9224,-97.0,156.0
22.9274,-118.0,158.0
22.9324,121.0,160.0
22.9376,73.0,160.0
22.9433,-185.0,160.0
22.9474,-53.0,160.0
22.9525,236.0,162.0
22.9576,57.0,160.0
22.9628,-228.0,164.0
22.9675,-62.0,164.0
22.9725,170.0,166.0
22.9774,45.0,166.0
22.9824,-109.0,166.0
22.9874,8.0,166.0
22.9925,94.0,164.0
22.9984,-84.0,164.0
23.0026,-146.0,164.0
23.0076,111.0,166.0
23.0124,210.0,168.0
23.0176,-25.0,168.0
23.0225,-188.0,170.0
23.0277,-112.0,170.0
23.0326,75.0,170.0
23.0374,157.0,168.0
23.0424,1.0,166.0
23.0474,-76.0,166.0
23.0526,53.0,166.0
23.0576,-14.0,164.0
23.0625,-170.0,166.0
23.0674,10.0,164.0
23.0727,211.0,166.0
23.0775,58.0,166.0
23.0828,-127.0,166.0
23.0876,-93.0,168.0
23.0924,4.0,164.0
23.0983,57.0,164.0
23.1026,53.0,162.0
23.1075,0.0,160.0
23.1125,-33.0,160.0
23.1175,-34.0,158.0
23.1228,0.0,156.0
23.1275,67.0,156.0
23.1326,0.0,154.0
23.1375,-119.0,156.0
23.1424,25.0,154.0
23.1473,152.0,156.0
23.1524,-40.0,154.0
23.1574,-126.0,156.0
23.1624,28.0,154.0
23.1673,44.0,154.0
23.1723,-9.0,152.0
23.1773,64.0,152.0
23.1823,34.0,152.0
23.1875,-148.0,154.0
23.1925,-127.0,154.0
23.1975,150.0,156.0
23.2024,204.0,160.0
23.2073,-78.0,160.0
23.2124,-151.0,162.0
23.2173,21.0,162.0
23.2224,-16.0,160.0
23.2274,-51.0,160.0
23.2324,144.0,162.0
23.2374,133.0,164.0
23.2423,-103.0,164.0
23.2474,-160.0,166.0
23.2523,-64.0,166.0
23.2573,74.0,168.0
23.2624,176.0,170.0
23.2673,47.0,170.0
23.2724,-118.0,170.0
23.2789,-69.0,172.0
23.2825,-14.0,172.0
23.2873,-28.0,172.0
23.2923,55.0,172.0
23.2974,122.0,174.0
23.3026,26.0,172.0
23.3074,-111.0,174.0
23.3123,-137.0,174.0
23.3187,25.0,174.0
23.3224,191.0,176.0
23.3274,50.0,176.0
23.3324,-171.0,178.0
23.3391,-65.0,178.0
23.3436,116.0,180.0
23.3477,36.0,178.0
23.3535,-59.0,180.0
23.3574,-7.0,176.0
23.363,-6.0,176.0
23.3724,-12.0,174.0
23.3727,86.0,174.0
23.3775,37.0,174.0
23.3829,-153.0,176.0
23.3881,-73.0,178.0
23.3926,176.0,180.0
23.3977,115.0,180.0
23.4025,-152.0,180.0
23.4075,-145.0,182.0
23.4125,89.0,182.0
23.4183,145.0,184.0
23.4224,13.0,182.0
23.4288,-103.0,182.0
23.4324,-138.0,184.0
23.4374,-3.0,182.0
23.4426,211.0,182.0
23.4475,147.0,182.0
23.4529,-172.0,182.0
23.4585,-221.0,184.0
23.4624,73.0,182.0
23.4675,171.0,184.0
23.4724,-21.0,182.0
23.4774,-82.0,184.0
23.4825,46.0,184.0
23.4876,57.0,184.0
23.4924,-76.0,184.0
23.4977,-101.0,184.0
23.5025,42.0,184.0
23.5078,138.0,186.0
23.5125,41.0,186.0
23.5175,-112.0,186.0
23.5225,-100.0,186.0
23.5275,53.0,184.0
23.5324,85.0,184.0
23.5374,-33.0,182.0
23.5424,-15.0,180.0
23.5474,63.0,178.0
23.5524,-76.0,178.0
23.5574,-114.0,178.0
23.5626,150.0,178.0
23.5675,180.0,180.0
23.5725,-157.0,180.0
23.5774,-239.0,182.0
23.5824,73.0,180.0
23.5883,222.0,184.0
23.5924,62.0,180.0
23.5975,-102.0,182.0
23.6024,-161.0,180.0
23.6074,-45.0,180.0
23.6129,177.0,180.0
23.6176,119.0,182.0
23.6226,-144.0,182.0
23.6276,-85.0,182.0
23.6334,103.0,182.0
23.6374,-13.0,182.0
23.6424,-60.0,180.0
23.6475,102.0,180.0
23.6524,9.0,178.0
23.6575,-135.0,178.0
23.6624,54.0,176.0
23.6674,125.0,178.0
23.6724,-127.0,178.0
23.6774,-123.0,178.0
23.6833,180.0,180.0
23.6874,146.0,182.0
23.6924,-181.0,184.0
23.6974,-156.0,186.0
23.7024,120.0,184.0
23.7075,104.0,186.0
23.7129,-20.0,184.0
23.7173,18.0,182.0
23.7224,-59.0,182.0
23.7275,-159.0,182.0
23.7324,71.0,184.0
23.7375,230.0,186.0
23.7424,-29.0,186.0
23.7474,-178.0,188.0
23.7523,2.0,188.0
23.7584,51.0,188.0
23.7624,-45.0,190.0
23.7674,26.0,188.0
23.7724,113.0,190.0
23.7788,0.0,188.0
23.7824,-86.0,190.0
23.7874,-37.0,188.0
23.7924,-44.0,188.0
23.7974,-3.0,186.0
23.8024,151.0,188.0
23.8074,79.0,188.0
23.8134,-153.0,190.0
23.8174,-88.0,190.0
23.8234,116.0,192.0
23.8274,27.0,190.0
23.8324,-100.0,190.0
23.8381,29.0,188.0
23.8423,57.0,186.0
23.8475,-71.0,186.0
23.8524,33.0,184.0
23.8573,139.0,186.0
23.8624,-85.0,186.0
23.8682,-205.0,188.0
23.8723,37.0,188.0
23.8776,198.0,188.0
23.8825,48.0,188.0
23.8875,-118.0,186.0
23.8925,-67.0,186.0
23.8975,43.0,186.0
23.9025,-14.0,184.0
23.9076,-49.0,184.0
23.9127,113.0,184.0
23.9175,131.0,184.0
23.9224,-105.0,186.0
23.9274,-188.0,188.0
23.9325,-21.0,188.0
23.9379,128.0,188.0
23.9426,139.0,190.0
23.9476,10.0,188.0
23.9525,-120.0,188.0
23.9574,-88.0,190.0
23.9624,-14.0,186.0
23.9676,29.0,186.0
23.9725,115.0,186.0
23.9777,90.0,186.0
23.9828,-91.0,186.0
23.9875,-140.0,186.0
23.9924,20.0,186.0
23.9974,103.0,188.0
24.0024,-14.0,188.0
24.0075,-90.0,188.0
24.0124,42.0,188.0
24.0174,143.0,190.0
24.0224,0.0,188.0
24.0275,-141.0,188.0
24.0328,-91.0,188.0
24.0374,12.0,186.0
24.0423,91.0,184.0
24.0474,117.0,184.0
24.0523,34.0,184.0
24.0574,-100.0,182.0
24.0624,-153.0,184.0
24.0674,-1.0,184.0
24.0731,161.0,184.0
24.0774,6.0,184.0
24.0826,-110.0,182.0
24.0874,120.0,182.0
24.0924,93.0,180.0
24.0976,-227.0,180.0
24.1024,-102.0,182.0
24.1074,177.0,182.0
24.1126,47.0,182.0
24.1176,-15.0,180.0
24.1224,95.0,182.0
24.1278,-92.0,182.0
24.1325,-214.0,184.0
24.1376,83.0,184.0
24.1425,204.0,186.0
24.1475,-57.0,184.0
24.1524,-116.0,186.0
24.1574,95.0,186.0
24.1624,75.0,186.0
24.1684,-143.0,186.0
24.1725,-125.0,188.0
24.1781,115.0,188.0
24.1824,184.0,192.0
24.1874,-19.0,190.0
24.1924,-161.0,192.0
24.1985,-43.0,190.0
24.2025,73.0,190.0
24.2075,9.0,188.0
24.2124,-10.0,184.0
24.2177,73.0,182.0
24.2225,18.0,182.0
24.2276,-117.0,180.0
24.2325,-67.0,180.0
24.2374,78.0,180.0
24.2424,118.0,178.0
24.2474,35.0,178.0
24.2525,-139.0,178.0
24.2577,-179.0,178.0
24.2624,93.0,178.0
24.2674,267.0,180.0
24.2724,24.0,180.0
24.2774,-219.0,182.0
24.2825,-140.0,184.0
24.2874,71.0,184.0
24.2924,155.0,186.0
24.2974,19.0,184.0
24.3027,-71.0,184.0
24.3073,33.0,184.0
24.3124,-7.0,182.0
24.3176,-145.0,182.0
24.3224,12.0,178.0
24.3275,180.0,180.0
24.3324,15.0,176.0
24.3377,-119.0,176.0
24.343,1.0,174.0
24.3474,51.0,174.0
24.3527,-66.0,174.0
24.3579,-29.0,174.0
24.3629,106.0,176.0
24.3678,7.0,172.0
24.3725,-100.0,174.0
24.3777,62.0,170.0
24.3824,112.0,172.0
24.3874,-119.0,170.0
24.3924,-158.0,174.0
24.398,86.0,174.0
24.4034,163.0,176.0
24.4076,-8.0,176.0
24.4124,-86.0,176.0
24.4174,-6.0,176.0
24.4228,0.0,174.0
24.428,-56.0,174.0
24.4329,27.0,174.0
24.4376,125.0,176.0
24.4425,-10.0,174.0
24.4475,-162.0,174.0
24.4531,-14.0,172.0
24.4577,176.0,174.0
24.4624,45.0,172.0
24.4676,-162.0,176.0
24.4734,-73.0,174.0
24.4782,111.0,176.0
24.4838,71.0,176.0
24.4876,-52.0,176.0
24.494,-41.0,176.0
24.4975,38.0,174.0
24.5027,16.0,174.0
24.5083,-74.0,172.0
24.5131,-31.0,172.0
24.5177,91.0,170.0
24.5224,80.0,170.0
24.5279,-41.0,168.0
24.5329,-117.0,170.0
24.538,-50.0,170.0
24.5429,110.0,172.0
24.5474,121.0,172.0
24.5533,-76.0,172.0
24.5574,-139.0,172.0
24.5627,46.0,170.0
24.5683,118.0,170.0
24.5727,-31.0,170.0
24.578,-70.0,170.0
24.585,27.0,168.0
24.5875,-7.0,168.0
24.5929,-36.0,166.0
24.5979,81.0,166.0
24.6029,51.0,166.0
24.608,-103.0,168.0
24.6131,-47.0,166.0
24.6184,80.0,166.0
24.6223,22.0,166.0
24.6284,-52.0,164.0
24.6337,-3.0,164.0
24.6373,40.0,162.0
24.6441,-2.0,162.0
24.6476,-45.0,162.0
24.6526,-2.0,162.0
24.6575,51.0,160.0
24.6629,29.0,160.0
24.668,-15.0,158.0
24.6726,-51.0,158.0
24.6776,-79.0,158.0
24.6831,19.0,158.0
24.6879,171.0,158.0
24.6929,60.0,158.0
24.6987,-178.0,160.0
24.7025,-111.0,160.0
24.708,114.0,162.0
24.713,84.0,160.0
24.7173,-62.0,160.0
24.7223,-27.0,160.0
24.7276,64.0,158.0
24.7326,16.0,158.0
24.7377,-73.0,156.0
24.7429,-60.0,154.0
24.7481,35.0,152.0
24.7534,90.0,152.0
24.7573,24.0,152.0
24.7626,-54.0,152.0
24.7678,-26.0,152.0
24.7727,-14.0,148.0
24.7788,-34.0,148.0
24.7825,61.0,146.0
24.7877,68.0,146.0
24.7928,-92.0,144.0
24.7981,-25.0,144.0
24.8028,134.0,144.0
24.8079,-44.0,144.0
24.8139,-170.0,144.0
24.8176,73.0,144.0
24.8224,162.0,142.0
24.828,-52.0,144.0
24.833,-105.0,142.0
24.8385,15.0,142.0
24.843,27.0,142.0
24.8476,2.0,142.0
24.8527,35.0,142.0
24.8576,8.0,140.0
24.8624,-58.0,142.0
24.8674,-27.0,140.0
24.8724,27.0,140.0
24.8776,17.0,138.0
24.8834,34.0,138.0
24.888,25.0,136.0
24.8929,-77.0,136.0
24.8978,-65.0,134.0
24.9029,78.0,134.0
24.9079,72.0,130.0
24.913,-47.0,132.0
24.9189,-50.0,128.0
24.9224,1.0,126.0
24.9274,2.0,126.0
24.933,43.0,124.0
24.9377,63.0,124.0
24.9437,-54.0,124.0
24.9476,-110.0,126.0
24.9534,25.0,126.0
24.9576,110.0,124.0
24.9625,4.0,124.0
24.9681,-82.0,124.0
24.9725,-17.0,124.0
24.9774,39.0,122.0
24.9824,52.0,122.0
24.9873,37.0,122.0
24.9923,-133.0,124.0
24.9976,-155.0,126.0
25.0024,209.0,128.0
25.0074,261.0,132.0
25.0124,-203.0,132.0
25.0175,-258.0,136.0
25.0224,123.0,136.0
25.0274,115.0,136.0
25.0326,-53.0,134.0
25.0374,69.0,134.0
25.0423,50.0,132.0
25.0474,-150.0,134.0
25.0524,-87.0,134.0
25.0575,73.0,136.0
25.0624,80.0,136.0
25.0674,76.0,138.0
25.0724,18.0,138.0
25.0774,-154.0,138.0
25.0829,-146.0,140.0
25.0874,99.0,138.0
25.0924,181.0,142.0
25.0973,2.0,138.0
25.1028,-95.0,140.0
25.1079,-20.0,138.0
25.1124,-13.0,136.0
25.1174,-59.0,136.0
25.1224,52.0,136.0
25.1274,120.0,136.0
25.1324,-43.0,136.0
25.138,-77.0,136.0
25.1424,55.0,138.0
25.1474,-17.0,136.0
25.1525,-84.0,138.0
25.1573,67.0,136.0
25.1624,65.0,136.0
25.1675,-52.0,136.0
25.1724,20.0,136.0
25.1774,22.0,134.0
25.1824,-115.0,134.0
25.1874,-12.0,134.0
25.1925,145.0,134.0
25.1975,2.0,132.0
25.2024,-108.0,134.0
25.2074,25.0,132.0
25.2124,47.0,132.0
25.2176,-38.0,132.0
25.2224,21.0,132.0
25.2275,24.0,132.0
25.2325,-103.0,132.0
25.2374,-24.0,132.0
25.2425,152.0,134.0
25.2473,53.0,132.0
25.2524,-98.0,134.0
25.2574,-41.0,132.0
25.2624,-33.0,132.0
25.2675,-63.0,134.0
25.2725,114.0,134.0
25.2774,188.0,138.0
25.2825,-78.0,138.0
25.2876,-191.0,140.0
25.2924,20.0,140.0
25.2974,44.0,140.0
25.3023,-48.0,142.0
25.3085,107.0,142.0
25.3135,130.0,144.0
25.3174,-136.0,144.0
25.3224,-148.0,146.0
25.3274,78.0,146.0
25.3327,59.0,146.0
25.3374,-46.0,144.0
25.3424,56.0,142.0
25.3475,74.0,142.0
25.353,-104.0,142.0
25.3576,-106.0,142.0
25.3623,67.0,144.0
25.3686,96.0,144.0
25.3724,0.0,144.0
25.3774,-61.0,144.0
25.3828,-50.0,144.0
25.3883,36.0,144.0
25.3924,58.0,142.0
25.3974,-27.0,142.0
25.4025,-8.0,142.0
25.4075,25.0,142.0
25.4124,-77.0,142.0
25.4174,-45.0,144.0
25.4224,138.0,144.0
25.4287,100.0,144.0
25.4326,-127.0,146.0
25.4374,-156.0,148.0
25.4424,70.0,146.0
25.4476,168.0,148.0
25.4537,-29.0,146.0
25.4574,-146.0,148.0
25.4634,4.0,144.0
25.4675,112.0,146.0
25.4731,49.0,144.0
25.4782,-47.0,146.0
25.4828,-130.0,148.0
25.4875,-69.0,148.0
25.4925,161.0,150.0
25.4975,187.0,152.0
25.5024,-84.0,154.0
25.5074,-214.0,156.0
25.5125,-57.0,156.0
25.5175,105.0,158.0
25.5224,150.0,160.0
25.5274,68.0,160.0
25.5324,-130.0,162.0
25.5376,-183.0,164.0
25.5424,39.0,162.0
25.5475,175.0,164.0
25.5524,33.0,164.0
25.5576,-84.0,164.0
25.5624,-38.0,166.0
25.5675,-2.0,166.0
25.5725,0.0,164.0
25.5776,37.0,164.0
25.5824,32.0,164.0
25.5874,-28.0,162.0
25.5926,-43.0,162.0
25.5985,0.0,160.0
25.6025,32.0,162.0
25.6074,21.0,160.0
25.6124,0.0,160.0
25.6174,-19.0,160.0
25.6226,-28.0,160.0
25.6276,9.0,160.0
25.6326,24.0,158.0
25.6374,-35.0,156.0
25.6424,-8.0,152.0
25.6474,87.0,150.0
25.6525,16.0,146.0
25.6576,-98.0,144.0
25.6626,-21.0,142.0
25.6675,38.0,142.0
25.6727,-23.0,140.0
25.6776,29.0,140.0
25.6834,105.0,142.0
25.6875,-23.0,140.0
25.6925,-146.0,140.0
25.6974,-54.0,140.0
25.7025,91.0,140.0
25.7074,119.0,140.0
25.7127,25.0,140.0
25.7176,-109.0,140.0
25.7224,-124.0,140.0
25.7281,37.0,138.0
25.7324,153.0,138.0
25.7374,32.0,138.0
25.7427,-112.0,140.0
25.7475,-54.0,140.0
25.753,51.0,140.0
25.7574,34.0,140.0
25.7647,-15.0,140.0
25.7676,-6.0,138.0
25.7724,0.0,136.0
25.7774,-16.0,136.0
25.7824,24.0,136.0
25.7874,37.0,136.0
25.7924,-57.0,136.0
25.7979,-54.0,134.0
25.8025,66.0,134.0
25.8075,57.0,136.0
25.8123,-54.0,136.0
25.8175,-34.0,136.0
25.8225,70.0,136.0
25.8275,11.0,136.0
25.8326,-127.0,134.0
25.8374,-25.0,136.0
25.8424,153.0,136.0
25.8474,51.0,136.0
25.8524,-95.0,136.0
25.8574,-28.0,136.0
25.8625,4.0,136.0
25.8674,-35.0,136.0
25.8726,55.0,136.0
25.8774,75.0,136.0
25.8826,-96.0,136.0
25.8874,-72.0,136.0
25.8925,130.0,136.0
25.8981,52.0,136.0
25.9025,-108.0,138.0
25.9074,-20.0,138.0
25.9126,-11.0,136.0
25.9175,-47.0,134.0
25.9225,168.0,134.0
25.9274,151.0,134.0
25.9325,-243.0,138.0
25.9376,-235.0,140.0
25.9428,191.0,144.0
25.9476,232.0,146.0
25.9528,-86.0,144.0
25.9576,-157.0,144.0
25.9624,29.0,142.0
25.9683,107.0,144.0
25.9725,-34.0,142.0
25.9776,-139.0,144.0
25.9823,40.0,144.0
25.9878,189.0,146.0
25.9924,-10.0,144.0
25.9981,-176.0,146.0
26.0032,-15.0,144.0
26.0075,121.0,146.0
26.0126,-2.0,146.0
26.0176,-87.0,146.0
26.0224,33.0,146.0
26.0276,71.0,146.0
26.0325,-35.0,146.0
26.0374,-38.0,146.0
26.0423,29.0,146.0
26.0477,9.0,146.0
26.0524,-40.0,146.0
26.0575,-27.0,144.0
26.0625,46.0,144.0
26.0674,55.0,142.0
26.0725,-43.0,142.0
26.0781,-34.0,140.0
26.0825,59.0,140.0
26.0875,-5.0,136.0
26.0932,-90.0,138.0
26.0976,0.0,136.0
26.1028,108.0,138.0
26.1076,47.0,136.0
26.1124,-105.0,136.0
26.1175,-86.0,138.0
26.1224,88.0,136.0
26.1275,87.0,138.0
26.1324,-69.0,136.0
26.1374,-57.0,134.0
26.1424,63.0,134.0
26.1474,22.0,130.0
26.1526,-82.0,130.0
26.1575,-32.0,130.0
26.1624,107.0,128.0
26.1674,108.0,130.0
26.1728,-99.0,130.0
26.1774,-200.0,130.0
26.1824,56.0,130.0
26.1874,230.0,130.0
26.1931,-31.0,130.0
26.1976,-188.0,132.0
26.2024,68.0,132.0
26.2074,136.0,134.0
26.2124,-142.0,136.0
26.2174,-119.0,138.0
26.2225,181.0,140.0
26.2274,117.0,142.0
26.2325,-138.0,144.0
26.2375,-77.0,144.0
26.2424,50.0,144.0
26.2474,-16.0,144.0
26.2524,-19.0,144.0
26.2575,103.0,146.0
26.2626,85.0,148.0
26.2674,-98.0,148.0
26.2727,-182.0,152.0
26.2774,4.0,150.0
26.2825,210.0,154.0
26.2883,76.0,154.0
26.2925,-152.0,156.0
26.2974,-64.0,156.0
26.3025,78.0,156.0
26.3074,2.0,156.0
26.3127,-44.0,156.0
26.3174,0.0,156.0
26.3224,13.0,154.0
26.3275,65.0,154.0
26.3331,55.0,154.0
26.3376,-104.0,154.0
26.3436,-114.0,154.0
26.3475,84.0,154.0
26.3524,86.0,154.0
26.3574,-68.0,154.0
26.3623,27.0,152.0
26.3682,112.0,154.0
26.3724,-142.0,154.0
26.3776,-188.0,156.0
26.3823,161.0,156.0
26.3874,215.0,160.0
26.3926,-73.0,160.0
26.3983,-119.0,160.0
26.4024,-37.0,162.0
26.4074,-70.0,162.0
26.4124,79.0,164.0
26.4174,228.0,166.0
26.4227,-57.0,168.0
26.4275,-267.0,170.0
26.4324,49.0,170.0
26.4373,228.0,174.0
26.4424,-87.0,174.0
26.4474,-196.0,176.0
26.4525,115.0,176.0
26.4576,192.0,180.0
26.4624,-79.0,180.0
26.4674,-188.0,182.0
26.4725,1.0,180.0
26.4774,163.0,182.0
26.4829,51.0,180.0
26.4874,-124.0,182.0
26.4924,-33.0,182.0
26.4974,96.0,182.0
26.5024,-33.0,182.0
26.5077,-107.0,184.0
26.5125,91.0,184.0
26.5175,151.0,186.0
26.5224,-97.0,186.0
26.5283,-193.0,188.0
26.5324,46.0,186.0
26.5379,179.0,188.0
26.5424,17.0,186.0
26.5474,-104.0,188.0
26.5531,-26.0,188.0
26.5576,36.0,188.0
26.5625,-28.0,186.0
26.5674,-45.0,184.0
26.5727,75.0,182.0
26.5783,119.0,180.0
26.5857,-52.0,178.0
26.5874,-187.0,176.0
26.5924,-28.0,176.0
26.5977,175.0,176.0
26.6024,103.0,178.0
26.6076,-70.0,176.0
26.6124,-111.0,178.0
26.6175,-55.0,176.0
26.6236,51.0,176.0
26.6275,123.0,176.0
26.6325,0.0,176.0
26.6374,-140.0,176.0
26.6424,9.0,176.0
26.6475,153.0,176.0
26.6524,-46.0,176.0
26.6576,-159.0,178.0
26.6624,51.0,178.0
26.6674,129.0,178.0
26.6724,-15.0,178.0
26.6775,-69.0,178.0
26.6828,-42.0,178.0
26.6874,11.0,178.0
26.6924,106.0,180.0
26.6974,33.0,180.0
26.7024,-156.0,182.0
26.7074,-71.0,182.0
26.7126,161.0,184.0
26.7177,89.0,184.0
26.7224,-106.0,186.0
26.7273,-66.0,186.0
26.7323,17.0,186.0
26.7375,17.0,186.0
26.7425,66.0,184.0
26.7476,13.0,184.0
26.7525,-134.0,184.0
26.7574,-23.0,184.0
26.7624,184.0,186.0
26.7674,43.0,184.0
26.7724,-199.0,186.0
26.7774,-82.0,188.0
26.7823,163.0,188.0
26.7873,101.0,190.0
26.7923,-95.0,190.0
26.7975,-72.0,190.0
26.8024,32.0,190.0
26.8073,24.0,188.0
26.8125,11.0,186.0
26.8175,-9.0,184.0
26.8224,-54.0,184.0
26.8283,26.0,180.0
26.8325,88.0,182.0
26.8374,-39.0,180.0
26.8423,-82.0,180.0
26.8474,43.0,178.0
26.8523,32.0,176.0
26.8576,-67.0,176.0
26.8624,15.0,172.0
26.8674,112.0,172.0
26.8723,-31.0,172.0
26.8774,-134.0,172.0
26.8828,31.0,172.0
26.8875,96.0,172.0
26.8924,-48.0,174.0
26.8974,-13.0,172.0
26.9024,84.0,172.0
26.9075,-54.0,172.0
26.9125,-96.0,170.0
26.9174,59.0,170.0
26.9224,51.0,168.0
26.9273,-6.0,168.0
26.9324,20.0,166.0
26.9374,-83.0,166.0
26.9424,-56.0,166.0
26.9474,187.0,168.0
26.9523,45.0,168.0
26.9574,-262.0,172.0
26.9625,-26.0,172.0
26.9674,250.0,176.0
26.9725,13.0,174.0
26.9775,-148.0,176.0
26.9823,17.0,174.0
26.9873,28.0,172.0
26.9923,-71.0,172.0
26.9975,37.0,172.0
27.0024,115.0,174.0
27.0076,-39.0,172.0
27.0142,-118.0,172.0
27.0177,9.0,170.0
27.0224,98.0,168.0
27.0274,36.0,166.0
27.0328,-74.0,166.0
27.0374,-83.0,164.0
27.0424,45.0,164.0
27.0474,100.0,166.0
27.0523,-4.0,164.0
27.0573,-57.0,162.0
27.0624,-35.0,162.0
27.0674,-38.0,158.0
27.0725,50.0,158.0
27.0774,120.0,156.0
27.0828,-40.0,156.0
27.0876,-105.0,154.0
27.0935,56.0,152.0
27.0974,-11.0,150.0
27.1024,-134.0,150.0
27.1074,116.0,150.0
27.1124,235.0,154.0
27.1176,-117.0,152.0
27.1224,-286.0,156.0
27.1274,48.0,156.0
27.1324,267.0,158.0
27.1374,16.0,158.0
27.1425,-209.0,160.0
27.1475,-57.0,160.0
27.1524,137.0,160.0
27.1574,75.0,160.0
27.1624,-47.0,158.0
27.1674,-59.0,156.0
27.1724,-49.0,156.0
27.1775,-5.0,154.0
27.1823,95.0,154.0
27.1875,104.0,154.0
27.1924,-36.0,156.0
27.1976,-167.0,158.0
27.2024,-83.0,158.0
27.2081,121.0,160.0
27.2124,150.0,160.0
27.2173,9.0,158.0
27.2224,-101.0,160.0
27.2274,-105.0,158.0
27.2324,-12.0,158.0
27.2377,73.0,156.0
27.2425,85.0,156.0
27.2474,54.0,156.0
27.2527,-60.0,154.0
27.2589,-155.0,156.0
27.2624,-8.0,156.0
27.2673,164.0,156.0
27.2725,30.0,156.0
27.2775,-126.0,156.0
27.2826,-4.0,156.0
27.2888,97.0,156.0
27.2924,-5.0,156.0
27.2976,-75.0,154.0
27.3024,-40.0,154.0
27.3075,17.0,152.0
27.3124,122.0,154.0
27.3174,80.0,154.0
27.3224,-178.0,156.0
27.3273,-168.0,158.0
27.3334,166.0,160.0
27.3374,190.0,162.0
27.3426,-100.0,160.0
27.3475,-133.0,162.0
27.3523,37.0,160.0
27.358,45.0,160.0
27.3624,-21.0,158.0
27.3674,-5.0,156.0
27.3724,45.0,158.0
27.3775,41.0,158.0
27.3824,-65.0,158.0
27.3873,-112.0,160.0
27.3923,41.0,158.0
27.3984,151.0,160.0
27.4023,34.0,158.0
27.4075,-112.0,158.0
27.4124,-121.0,158.0
27.4175,3.0,156.0
27.4225,155.0,156.0
27.4273,97.0,156.0
27.4324,-115.0,156.0
27.4374,-113.0,156.0
27.4424,54.0,158.0
27.4474,54.0,158.0
27.4536,-40.0,158.0
27.4573,0.0,158.0
27.4624,74.0,158.0
27.4673,-1.0,158.0
27.4738,-106.0,158.0
27.4774,-22.0,158.0
27.4826,116.0,158.0
27.4875,32.0,158.0
27.4924,-138.0,160.0
27.4974,-28.0,160.0
27.5025,194.0,162.0
27.5074,46.0,160.0
27.5128,-230.0,164.0
27.5175,-87.0,164.0
27.5225,184.0,166.0
27.5275,103.0,166.0
27.5324,-82.0,166.0
27.5376,-54.0,168.0
27.5424,16.0,166.0
27.5474,-14.0,166.0
27.5524,-32.0,164.0
27.5573,8.0,164.0
27.5624,84.0,164.0
27.5674,85.0,166.0
27.5729,-99.0,166.0
27.5776,-160.0,168.0
27.5829,60.0,168.0
27.5873,121.0,166.0
27.5926,-20.0,166.0
27.5974,-7.0,162.0
27.6025,33.0,162.0
27.6075,-74.0,160.0
27.6124,-84.0,160.0
27.6174,83.0,160.0
27.6226,109.0,162.0
27.6276,-75.0,162.0
27.6326,-81.0,162.0
27.6374,99.0,164.0
27.6424,36.0,162.0
27.6474,-127.0,164.0
27.6527,-17.0,162.0
27.6575,93.0,164.0
27.6625,11.0,162.0
27.6674,-9.0,162.0
27.6725,14.0,160.0
27.6774,-37.0,160.0
27.6824,-46.0,160.0
27.6874,8.0,158.0
27.6926,45.0,158.0
27.6973,38.0,158.0
27.7025,-15.0,158.0
27.7075,-33.0,158.0
27.7125,3.0,158.0
27.7174,-20.0,156.0
27.7224,-21.0,156.0
27.7274,74.0,156.0
27.7324,33.0,154.0
27.7374,-102.0,156.0
27.7425,3.0,154.0
27.7476,122.0,154.0
27.7524,-74.0,152.0
27.7576,-146.0,152.0
27.7625,117.0,150.0
27.7674,154.0,152.0
27.7726,-102.0,148.0
27.7776,-114.0,150.0
27.7824,46.0,148.0
27.7874,28.0,148.0
27.7924,22.0,146.0
27.7974,71.0,146.0
27.8025,-75.0,146.0
27.8076,-135.0,146.0
27.8124,80.0,148.0
27.8175,125.0,150.0
27.8225,-44.0,148.0
27.8276,-66.0,148.0
27.8326,5.0,148.0
27.8373,16.0,144.0
27.8423,24.0,144.0
27.8475,0.0,142.0
27.8524,-61.0,140.0
27.8586,0.0,140.0
27.8623,95.0,140.0
27.8673,-1.0,138.0
27.8734,-91.0,140.0
27.8774,10.0,140.0
27.8825,44.0,138.0
27.8873,-12.0,138.0
27.893,2.0,136.0
27.8973,-21.0,134.0
27.9023,-27.0,136.0
27.9073,78.0,134.0
27.9132,58.0,134.0
27.9173,-96.0,134.0
27.9224,-100.0,136.0
27.9274,58.0,134.0
27.9323,108.0,136.0
27.9375,-21.0,136.0
27.9424,-57.0,136.0
27.9476,48.0,136.0
27.9524,7.0,134.0
27.9578,-119.0,134.0
27.9624,-27.0,132.0
27.9678,159.0,132.0
27.9725,97.0,132.0
27.9774,-130.0,130.0
27.9824,-132.0,130.0
27.9873,73.0,130.0
27.9924,110.0,132.0
27.9975,-35.0,132.0
28.0025,-83.0,132.0
28.0076,14.0,132.0
28.0132,94.0,132.0
28.0176,6.0,132.0
28.0224,-145.0,134.0
28.0274,-49.0,132.0
28.0325,198.0,136.0
28.0375,158.0,136.0
28.0424,-179.0,138.0
28.0473,-309.0,140.0
28.0534,43.0,140.0
28.0575,372.0,146.0
28.0624,123.0,144.0
28.0674,-274.0,148.0
28.0725,-167.0,148.0
28.0775,140.0,148.0
28.0825,61.0,148.0
28.0875,-123.0,150.0
28.0925,52.0,150.0
28.0973,194.0,152.0
28.1023,-42.0,152.0
28.1073,-214.0,156.0
28.1124,-62.0,156.0
28.1181,129.0,156.0
28.1224,164.0,158.0
28.1274,-12.0,158.0
28.1323,-225.0,158.0
28.1374,-57.0,160.0
28.1424,245.0,160.0
28.1474,58.0,160.0
28.1526,-216.0,160.0
28.1573,0.0,158.0
28.1624,155.0,158.0
28.1674,-81.0,158.0
28.1724,-101.0,158.0
28.1774,115.0,158.0
28.1824,62.0,160.0
28.1874,-70.0,160.0
28.1925,-23.0,160.0
28.1976,-12.0,160.0
28.2023,-5.0,160.0
28.2073,73.0,158.0
28.2123,20.0,158.0
28.2174,-91.0,156.0
28.2224,-58.0,156.0
28.2274,77.0,156.0
28.2323,136.0,158.0
28.2373,-47.0,158.0
28.2423,-212.0,162.0
28.2474,16.0,160.0
28.2526,230.0,162.0
28.2582,7.0,162.0
28.2624,-166.0,162.0
28.2674,-25.0,162.0
28.2724,58.0,162.0
28.2775,44.0,160.0
28.2825,45.0,160.0
28.2874,-65.0,160.0
28.2925,-140.0,162.0
28.2984,55.0,160.0
28.3023,228.0,164.0
28.3073,22.0,164.0
28.3139,-277.0,168.0
28.3174,-136.0,170.0
28.3236,255.0,174.0
28.3274,221.0,176.0
28.333,-167.0,178.0
28.3385,-244.0,182.0
28.3432,57.0,182.0
28.3474,189.0,184.0
28.3524,17.0,186.0
28.3574,-70.0,186.0
28.3628,-21.0,186.0
28.3678,-39.0,186.0
28.3723,-23.0,186.0
28.3783,67.0,184.0
28.3824,54.0,186.0
28.3874,-27.0,184.0
28.3924,-37.0,184.0
28.3975,-8.0,182.0
28.4024,6.0,180.0
28.4075,1.0,178.0
28.4123,-5.0,176.0
28.4175,22.0,174.0
28.4224,28.0,174.0
28.4289,-30.0,174.0
28.4325,-42.0,174.0
28.4375,12.0,174.0
28.4426,52.0,172.0
28.4477,28.0,172.0
28.453,-89.0,172.0
28.4581,-77.0,170.0
28.4633,145.0,172.0
28.4679,108.0,172.0
28.4729,-169.0,176.0
28.4775,-110.0,176.0
28.4831,127.0,178.0
28.4873,85.0,180.0
28.4923,-26.0,180.0
28.4973,-28.0,180.0
28.5031,-78.0,180.0
28.5078,-63.0,180.0
28.5131,108.0,180.0
28.5174,136.0,182.0
28.5224,-37.0,182.0
28.5287,-114.0,184.0
28.533,-44.0,184.0
28.5379,19.0,184.0
28.5432,32.0,184.0
28.5482,20.0,184.0
28.5524,45.0,184.0
28.5576,43.0,182.0
28.5627,-69.0,182.0
28.5673,-110.0,184.0
28.5729,21.0,182.0
28.5779,63.0,182.0
28.5867,0.0,182.0
28.5873,59.0,182.0
28.5926,66.0,182.0
28.5975,-122.0,182.0
28.603,-158.0,184.0
28.6079,84.0,184.0
28.6123,179.0,184.0
28.6177,-42.0,184.0
28.6226,-127.0,184.0
28.6279,77.0,184.0
28.6329,82.0,184.0
28.6377,-128.0,184.0
28.643,-79.0,184.0
28.6477,101.0,186.0
28.6528,92.0,186.0
28.6582,5.0,186.0
28.6632,-106.0,186.0
28.6676,-132.0,186.0
28.6725,122.0,186.0
28.6775,249.0,186.0
28.683,-120.0,186.0
28.6879,-349.0,186.0
28.6924,60.0,186.0
28.6974,390.0,186.0
28.703,46.0,186.0
28.7083,-311.0,186.0
28.7129,-112.0,186.0
28.7173,133.0,186.0
28.7236,46.0,186.0
28.7277,3.0,184.0
28.7326,107.0,184.0
28.7377,14.0,182.0
28.7424,-199.0,184.0
28.7481,-134.0,182.0
28.7533,144.0,184.0
28.7578,194.0,184.0
28.7625,-10.0,182.0
28.7684,-117.0,184.0
28.7723,-58.0,182.0
28.7778,-9.0,180.0
28.7825,14.0,178.0
28.7875,55.0,176.0
28.7943,53.0,174.0
28.7984,-4.0,174.0
28.8023,-56.0,172.0
28.8078,-51.0,172.0
28.8126,18.0,172.0
28.8178,61.0,170.0
28.8226,0.0,170.0
28.829,-58.0,170.0
28.8328,0.0,168.0
28.8375,75.0,170.0
28.8434,11.0,170.0
28.8476,-103.0,170.0
28.8527,-28.0,170.0
28.8581,124.0,172.0
28.8632,20.0,170.0
28.868,-146.0,172.0
28.8726,31.0,170.0
28.8778,192.0,172.0
28.8825,-93.0,170.0
28.888,-261.0,174.0
28.8925,98.0,172.0
28.8974,285.0,176.0
28.9031,-21.0,174.0
28.9077,-209.0,176.0
28.9129,-54.0,176.0
28.9178,68.0,178.0
28.9225,33.0,178.0
28.9276,25.0,176.0
28.9329,54.0,176.0
28.9393,-13.0,174.0
28.9423,-93.0,172.0
28.948,-43.0,172.0
28.9529,60.0,170.0
28.9575,69.0,168.0
28.9625,-39.0,164.0
28.9677,-84.0,162.0
28.9733,67.0,162.0
28.9788,116.0,160.0
28.9823,-84.0,160.0
28.9876,-118.0,158.0
28.9931,54.0,160.0
28.998,49.0,158.0
29.0023,-31.0,158.0
29.0073,37.0,158.0
29.0125,80.0,160.0
29.0174,-46.0,160.0
29.0228,-169.0,162.0
29.0281,-48.0,162.0
29.033,196.0,164.0
29.0373,150.0,166.0
29.043,-108.0,168.0
29.0477,-147.0,170.0
29.0526,-6.0,170.0
29.0579,50.0,170.0
29.0624,33.0,170.0
29.0676,14.0,170.0
29.0724,11.0,170.0
29.0783,22.0,170.0
29.0829,-24.0,170.0
29.0876,-91.0,170.0
29.0927,-17.0,170.0
29.0976,82.0,170.0
29.1024,36.0,168.0
29.1077,20.0,166.0
29.113,17.0,164.0
29.1174,-143.0,164.0
29.123,-96.0,164.0
29.1274,219.0,166.0
29.1327,122.0,168.0
29.1377,-244.0,172.0
29.1423,-76.0,172.0
29.1479,243.0,174.0
29.1527,11.0,172.0
29.1575,-217.0,174.0
29.1629,18.0,174.0
29.1677,156.0,174.0
29.1731,-9.0,174.0
29.178,-77.0,174.0
29.1833,-12.0,174.0
29.1875,11.0,174.0
29.1924,27.0,174.0
29.1974,32.0,174.0
29.2041,-15.0,172.0
29.2084,-53.0,172.0
29.2126,-57.0,172.0
29.2174,23.0,172.0
29.223,181.0,174.0
29.2281,84.0,174.0
29.2325,-260.0,178.0
29.2376,-224.0,180.0
29.2424,215.0,180.0
29.2477,316.0,184.0
29.2528,-71.0,182.0
29.2579,-322.0,186.0
29.2623,-84.0,186.0
29.2681,252.0,188.0
29.273,177.0,190.0
29.2773,-135.0,190.0
29.283,-154.0,192.0
29.2879,39.0,190.0
29.2931,21.0,190.0
29.2976,-36.0,190.0
29.3025,125.0,190.0
29.3077,112.0,190.0
29.3132,-171.0,190.0
29.3173,-156.0,190.0
29.3224,106.0,190.0
29.3273,75.0,184.0
29.3338,-31.0,184.0
29.3378,73.0,180.0
29.3423,38.0,180.0
29.3475,-137.0,176.0
29.3523,-85.0,176.0
29.3574,61.0,174.0
29.3625,70.0,176.0
29.3674,39.0,176.0
29.3723,0.0,174.0
29.3783,-46.0,174.0
29.3829,-37.0,172.0
29.3885,-2.0,170.0
29.3926,12.0,168.0
29.3977,6.0,166.0
29.4023,14.0,166.0
29.4073,40.0,164.0
29.4125,0.0,164.0
29.4174,-70.0,164.0
29.4225,-38.0,164.0
29.4274,39.0,164.0
29.4324,74.0,164.0
29.4373,45.0,166.0
29.4423,-104.0,166.0
29.4473,-160.0,168.0
29.4523,95.0,168.0
29.4577,247.0,172.0
29.4624,-7.0,172.0
29.4674,-225.0,174.0
29.4724,-89.0,176.0
29.4773,98.0,176.0
29.4825,89.0,178.0
29.4873,9.0,176.0
29.4924,-30.0,176.0
29.4973,-24.0,174.0
29.5023,50.0,174.0
29.5073,19.0,172.0
29.5123,-160.0,174.0
29.5174,-66.0,172.0
29.5225,229.0,176.0
29.5279,113.0,172.0
29.5323,-180.0,174.0
29.5374,-71.0,170.0
29.5423,83.0,172.0
29.5477,-44.0,170.0
29.5525,-25.0,168.0
29.5575,138.0,170.0
29.5624,8.0,170.0
29.5684,-145.0,172.0
29.5723,2.0,170.0
29.5776,67.0,172.0
29.5823,-25.0,170.0
29.5874,36.0,170.0
29.5927,54.0,170.0
29.5977,-79.0,170.0
29.6024,-67.0,170.0
29.6074,22.0,170.0
29.6136,46.0,170.0
29.6175,81.0,168.0
29.6224,-9.0,168.0
29.6277,-150.0,168.0
29.6324,-9.0,168.0
29.6374,153.0,168.0
29.6424,-3.0,168.0
29.6476,-102.0,170.0
29.6525,28.0,168.0
29.6575,21.0,168.0
29.6624,-47.0,166.0
29.6673,61.0,166.0
29.6726,59.0,164.0
29.6775,-117.0,164.0
29.6826,-74.0,164.0
29.6875,123.0,164.0
29.6924,99.0,164.0
29.6974,-72.0,164.0
29.7023,-107.0,166.0
29.7075,-11.0,166.0
29.7125,63.0,166.0
29.7174,64.0,168.0
29.7225,21.0,168.0
29.7276,-41.0,166.0
29.7324,-75.0,168.0
29.738,-36.0,166.0
29.7424,63.0,168.0
29.7481,114.0,168.0
29.7526,-17.0,168.0
29.7574,-154.0,168.0
29.7624,-23.0,168.0
29.7673,136.0,166.0
29.7724,50.0,166.0
29.7773,-58.0,162.0
29.7823,-49.0,162.0
29.7874,-26.0,158.0
29.7923,14.0,158.0
29.7974,40.0,156.0
29.8024,10.0,156.0
29.8075,27.0,154.0
29.8124,34.0,154.0
29.8174,-85.0,154.0
29.8224,-125.0,156.0
29.8274,40.0,156.0
29.8325,154.0,158.0
29.8374,76.0,160.0
29.8424,-60.0,160.0
29.8474,-140.0,162.0
29.8525,-83.0,162.0
29.8576,100.0,162.0
29.8624,160.0,162.0
29.868,-16.0,162.0
29.8725,-128.0,160.0
29.8774,-42.0,156.0
29.8824,39.0,154.0
29.8874,46.0,150.0
29.8924,9.0,148.0
29.8973,-17.0,144.0
29.9023,13.0,142.0
29.9074,8.0,138.0
29.9124,-36.0,136.0
29.9174,-26.0,134.0
29.9223,1.0,132.0
29.9274,21.0,132.0
29.9324,51.0,132.0
29.9374,23.0,132.0
29.9424,-72.0,132.0
29.9473,-59.0,130.0
29.9524,79.0,130.0
29.9575,36.0,128.0
29.9624,-120.0,128.0
29.9673,26.0,128.0
29.9725,179.0,130.0
29.9773,-71.0,130.0
29.9823,-183.0,132.0
29.9873,88.0,130.0
29.9927,99.0,132.0
29.9976,-99.0,132.0
30.0023,2.0,130.0
30.0074,98.0,132.0
30.0129,-41.0,132.0
30.0173,-68.0,132.0
30.0232,25.0,132.0
30.0273,12.0,132.0
30.0327,-24.0,132.0
30.0374,59.0,134.0
30.0424,88.0,134.0
30.0473,-128.0,136.0
30.0524,-202.0,140.0
30.0574,160.0,140.0
30.0624,288.0,144.0
30.0673,-144.0,146.0
30.0726,-267.0,150.0
30.0774,109.0,150.0
30.0826,140.0,150.0
30.0874,-100.0,150.0
30.0931,14.0,148.0
30.0973,149.0,146.0
30.1025,-106.0,148.0
30.1075,-233.0,148.0
30.1133,113.0,150.0
30.1173,279.0,152.0
30.1223,-94.0,152.0
30.1274,-238.0,156.0
30.1323,125.0,156.0
30.1377,144.0,158.0
30.1425,-203.0,162.0
30.1474,-84.0,162.0
30.1524,235.0,164.0
30.1573,93.0,164.0
30.1624,-149.0,162.0
30.1674,-110.0,162.0
30.1733,4.0,160.0
30.1774,62.0,160.0
30.1828,59.0,160.0
30.1873,7.0,158.0
30.1923,1.0,158.0
30.1978,4.0,156.0
30.2024,-91.0,158.0
30.2075,-95.0,156.0
30.2123,114.0,158.0
30.2173,166.0,160.0
30.2225,-87.0,162.0
30.228,-154.0,162.0
30.2323,68.0,164.0
30.2373,72.0,162.0
30.2424,-67.0,162.0
30.2474,49.0,164.0
30.2524,65.0,164.0
30.2575,-171.0,166.0
30.2624,-62.0,166.0
30.2674,233.0,168.0
30.2724,62.0,168.0
30.2774,-180.0,168.0
30.2824,-50.0,170.0
30.2873,14.0,168.0
30.2925,-2.0,168.0
30.2979,174.0,170.0
30.3023,104.0,170.0
30.3077,-266.0,174.0
30.3131,-208.0,176.0
30.3183,198.0,178.0
30.3223,226.0,180.0
30.3281,-27.0,178.0
30.3324,-121.0,178.0
30.3373,-115.0,180.0
30.3425,-39.0,178.0
30.3476,148.0,180.0
30.3524,155.0,182.0
30.3573,-98.0,182.0
30.3624,-204.0,186.0
30.3675,34.0,186.0
30.3724,239.0,188.0
30.3773,41.0,188.0
30.3823,-273.0,192.0
30.3873,-163.0,192.0
30.3923,231.0,196.0
30.3974,275.0,198.0
30.4025,-85.0,198.0
30.4074,-272.0,200.0
30.4123,-58.0,200.0
30.4174,154.0,202.0
30.4233,76.0,202.0
30.4275,-34.0,202.0
30.4324,12.0,202.0
30.4375,-9.0,202.0
30.4424,-85.0,204.0
30.4476,9.0,202.0
30.4526,80.0,204.0
30.4587,-24.0,202.0
30.4624,-37.0,202.0
30.4675,65.0,202.0
30.4725,9.0,200.0
30.4773,-131.0,200.0
30.4831,-18.0,200.0
30.4874,212.0,200.0
30.4924,59.0,200.0
30.4974,-257.0,202.0
30.5023,-88.0,202.0
30.5073,225.0,204.0
30.5123,49.0,204.0
30.5174,-152.0,206.0
30.5224,44.0,206.0
30.5274,99.0,206.0
30.5323,-110.0,208.0
30.5375,-81.0,208.0
30.5423,96.0,210.0
30.5473,73.0,212.0
30.5524,-46.0,212.0
30.5575,-59.0,212.0
30.5624,28.0,212.0
30.5674,57.0,212.0
30.5724,-54.0,212.0
30.5774,-96.0,214.0
30.5832,71.0,214.0
30.5874,144.0,216.0
30.5929,-30.0,214.0
30.5978,-120.0,216.0
30.6024,-33.0,214.0
30.6073,16.0,214.0
30.6124,39.0,212.0
30.6173,58.0,212.0
30.6225,41.0,210.0
30.6283,-7.0,208.0
30.6323,-145.0,210.0
30.6375,-120.0,210.0
30.6427,170.0,212.0
30.6473,180.0,214.0
30.6533,-114.0,214.0
30.6574,-107.0,216.0
30.6624,85.0,216.0
30.6676,-4.0,216.0
30.6725,-126.0,218.0
30.6783,30.0,218.0
30.6826,152.0,218.0
30.6875,41.0,216.0
30.6924,-93.0,216.0
30.6974,-127.0,214.0
30.7023,1.0,210.0
30.7074,151.0,210.0
30.7126,31.0,206.0
30.7181,-122.0,206.0
30.7224,-6.0,204.0
30.7274,92.0,204.0
30.7323,-4.0,204.0
30.7374,-66.0,202.0
30.7425,-24.0,202.0
30.7474,21.0,198.0
30.7524,47.0,198.0
30.7573,34.0,194.0
30.7627,-23.0,192.0
30.7688,-54.0,190.0
30.7725,-39.0,188.0
30.7774,12.0,186.0
30.7823,117.0,184.0
30.7873,49.0,184.0
30.7923,-200.0,184.0
30.7975,-80.0,184.0
30.8025,280.0,186.0
30.8074,85.0,186.0
30.8124,-313.0,190.0
30.8176,-87.0,190.0
30.8223,259.0,194.0
30.8274,68.0,194.0
30.8323,-158.0,196.0
30.8373,-13.0,198.0
30.8424,86.0,196.0
30.8473,-44.0,196.0
30.8523,-43.0,196.0
30.8575,83.0,194.0
30.8624,-15.0,192.0
30.8674,-141.0,192.0
30.8723,65.0,192.0
30.8774,221.0,194.0
30.8834,-35.0,194.0
30.8876,-235.0,198.0
30.893,-47.0,196.0
30.8973,133.0,196.0
30.9023,86.0,196.0
30.9073,5.0,194.0
30.9124,-59.0,192.0
30.9174,-70.0,192.0
30.9223,33.0,192.0
30.928,44.0,192.0
30.9323,-54.0,192.0
30.9374,17.0,190.0
30.9425,107.0,190.0
30.9475,-61.0,186.0
30.9525,-147.0,186.0
30.9575,60.0,184.0
30.9625,135.0,182.0
30.9675,-18.0,182.0
30.9725,-63.0,182.0
30.9774,-28.0,180.0
30.9824,-23.0,180.0
30.9873,49.0,178.0
30.9925,74.0,176.0
30.9974,-45.0,176.0
31.0023,-96.0,174.0
31.0075,26.0,174.0
31.0124,137.0,172.0
31.0173,8.0,172.0
31.0226,-207.0,170.0
31.0273,-54.0,170.0
31.0326,262.0,170.0
31.0375,91.0,166.0
31.0425,-251.0,170.0
31.0473,-93.0,166.0
31.0524,175.0,168.0
31.0573,51.0,166.0
31.0623,-90.0,168.0
31.0675,3.0,166.0
31.0723,42.0,168.0
31.0774,-32.0,168.0
31.0826,-35.0,166.0
31.0878,26.0,166.0
31.0924,62.0,166.0
31.0973,0.0,166.0
31.1032,-114.0,168.0
31.1074,-27.0,166.0
31.1124,151.0,170.0
31.1174,44.0,168.0
31.1224,-123.0,170.0
31.1274,-29.0,166.0
31.1323,35.0,166.0
31.1374,-21.0,162.0
31.1425,62.0,162.0
31.1475,88.0,160.0
31.1524,-109.0,160.0
31.1576,-132.0,160.0
31.1623,82.0,162.0
31.1675,128.0,162.0
31.1725,-22.0,160.0
31.1784,-87.0,160.0
31.1824,-17.0,160.0
31.1875,52.0,158.0
31.1924,36.0,158.0
31.1977,-42.0,158.0
31.2023,-71.0,158.0
31.2082,29.0,158.0
31.2126,107.0,160.0
31.2173,10.0,158.0
31.2226,-78.0,158.0
31.2274,-32.0,156.0
31.2325,-18.0,156.0
31.2375,-12.0,154.0
31.2424,97.0,156.0
31.2473,82.0,156.0
31.2523,-97.0,158.0
31.2573,-95.0,158.0
31.2625,54.0,158.0
31.2675,38.0,158.0
31.2723,-45.0,158.0
31.2773,32.0,156.0
31.2824,83.0,154.0
31.2877,-71.0,152.0
31.2923,-89.0,152.0
31.2973,86.0,152.0
31.3024,5.0,150.0
31.3073,-108.0,152.0
31.3136,103.0,152.0
31.3173,140.0,154.0
31.3224,-130.0,154.0
31.3274,-142.0,154.0
31.3331,64.0,154.0
31.3374,101.0,154.0
31.3425,8.0,154.0
31.3477,-77.0,154.0
31.3523,-42.0,154.0
31.3574,99.0,152.0
31.3623,60.0,154.0
31.3673,-98.0,154.0
31.3725,-62.0,154.0
31.3776,12.0,154.0
31.3823,2.0,154.0
31.3874,95.0,154.0
31.3924,105.0,156.0
31.3984,-125.0,156.0
31.4024,-169.0,160.0
31.4075,71.0,160.0
31.4123,123.0,160.0
31.4174,-9.0,160.0
31.4229,-4.0,160.0
31.4273,2.0,158.0
31.4326,-96.0,156.0
31.4384,-46.0,156.0
31.4435,114.0,154.0
31.4473,89.0,154.0
31.4523,-41.0,150.0
31.4575,-73.0,150.0
31.4624,-72.0,146.0
31.4675,-14.0,146.0
31.4727,143.0,146.0
31.4784,114.0,146.0
31.4823,-139.0,148.0
31.4875,-150.0,150.0
31.4924,114.0,150.0
31.4974,134.0,152.0
31.5023,-109.0,152.0
31.5073,-147.0,152.0
31.5126,89.0,154.0
31.5185,211.0,152.0
31.5224,-31.0,152.0
31.5274,-256.0,154.0
31.5323,-12.0,152.0
31.5373,215.0,154.0
31.5424,-25.0,152.0
31.5474,-108.0,154.0
31.5524,139.0,156.0
31.5573,12.0,154.0
31.5624,-237.0,158.0
31.5674,17.0,158.0
31.5723,219.0,160.0
31.5773,0.0,160.0
31.5823,-59.0,160.0
31.5874,5.0,158.0
31.5927,-151.0,158.0
31.5976,-65.0,158.0
31.6023,273.0,160.0
31.6075,119.0,162.0
31.6123,-241.0,164.0
31.6173,-86.0,166.0
31.6224,127.0,168.0
31.6275,-22.0,168.0
31.6324,-45.0,166.0
31.6373,101.0,168.0
31.6423,45.0,166.0
31.6473,-69.0,168.0
31.6523,-93.0,166.0
31.6574,-48.0,168.0
31.6624,117.0,166.0
31.6674,157.0,168.0
31.6724,-84.0,164.0
31.6774,-172.0,166.0
31.6823,37.0,162.0
31.6874,90.0,162.0
31.6925,-28.0,160.0
31.6973,1.0,160.0
31.7024,31.0,158.0
31.7088,-45.0,160.0
31.7123,2.0,158.0
31.7174,58.0,160.0
31.7224,-49.0,160.0
31.7274,-52.0,160.0
31.7323,61.0,160.0
31.7374,15.0,160.0
31.7424,-49.0,158.0
31.7475,28.0,158.0
31.7526,42.0,158.0
31.7573,-32.0,158.0
31.7623,-14.0,156.0
31.7674,10.0,156.0
31.7724,-63.0,156.0
31.7775,-15.0,156.0
31.7823,140.0,156.0
31.7874,56.0,156.0
31.7923,-127.0,156.0
31.7976,-75.0,156.0
31.8024,18.0,154.0
31.8073,15.0,152.0
31.8125,88.0,154.0
31.8174,100.0,154.0
31.8224,-107.0,156.0
31.8298,-170.0,158.0
31.8324,68.0,158.0
31.8374,126.0,158.0
31.8424,-50.0,158.0
31.8473,-27.0,158.0
31.8523,65.0,158.0
31.8574,-18.0,158.0
31.8629,-61.0,158.0
31.8678,-10.0,158.0
31.8723,4.0,158.0
31.8773,32.0,158.0
31.8825,75.0,158.0
31.8875,12.0,156.0
31.8924,-104.0,156.0
31.8975,-80.0,156.0
31.9025,44.0,156.0
31.9075,77.0,156.0
31.9124,36.0,156.0
31.9174,20.0,156.0
31.9225,-19.0,156.0
31.9277,-118.0,156.0
31.933,-106.0,156.0
31.9375,106.0,156.0
31.9424,211.0,160.0
31.9474,-5.0,158.0
31.9526,-197.0,160.0
31.9575,-59.0,158.0
31.9624,107.0,158.0
31.9674,33.0,156.0
31.9725,-30.0,156.0
31.9775,24.0,154.0
31.9823,-7.0,154.0
31.9873,-52.0,154.0
31.9924,52.0,154.0
31.9975,64.0,154.0
32.0024,-115.0,154.0
32.0074,-101.0,154.0
32.0123,132.0,156.0
32.0175,134.0,158.0
32.0227,-77.0,158.0
32.0276,-99.0,158.0
32.0325,22.0,158.0
32.0375,15.0,156.0
32.0431,-25.0,154.0
32.0474,34.0,152.0
32.0528,49.0,152.0
32.0574,-12.0,152.0
32.0623,-40.0,152.0
32.0675,-36.0,152.0
32.0723,25.0,152.0
32.0773,64.0,152.0
32.0824,-51.0,152.0
32.0874,-71.0,150.0
32.0924,84.0,152.0
32.0974,64.0,152.0
32.1027,-74.0,152.0
32.1075,-10.0,152.0
32.1125,52.0,150.0
32.1176,-80.0,150.0
32.1224,-67.0,148.0
32.1284,117.0,148.0
32.1323,80.0,148.0
32.138,-52.0,146.0
32.1426,-22.0,144.0
32.1476,-32.0,142.0
32.1525,-79.0,142.0
32.1575,21.0,140.0
32.1624,114.0,140.0
32.1683,75.0,138.0
32.1733,-25.0,138.0
32.1775,-134.0,138.0
32.1824,-95.0,138.0
32.1883,97.0,138.0
32.1924,126.0,138.0
32.1981,-41.0,138.0
32.2023,-69.0,136.0
32.2078,42.0,136.0
32.2125,6.0,132.0
32.2173,-86.0,134.0
32.2236,27.0,134.0
32.2276,113.0,136.0
32.2325,-59.0,134.0
32.2373,-108.0,134.0
32.2423,95.0,132.0
32.2473,102.0,132.0
32.2525,-97.0,130.0
32.2576,-106.0,130.0
32.2623,38.0,128.0
32.2674,92.0,130.0
32.2724,54.0,130.0
32.2773,-53.0,128.0
32.2824,-131.0,130.0
32.2873,17.0,130.0
32.2926,173.0,130.0
32.2973,-2.0,130.0
32.3023,-192.0,130.0
32.3073,-22.0,128.0
32.3123,184.0,130.0
32.3177,76.0,128.0
32.3224,-128.0,130.0
32.3274,-112.0,130.0
32.3323,57.0,130.0
32.3382,79.0,132.0
32.3423,-49.0,132.0
32.3474,-24.0,132.0
32.3524,112.0,134.0
32.3574,32.0,134.0
32.3623,-160.0,136.0
32.3681,-94.0,136.0
32.3723,142.0,138.0
32.3788,125.0,138.0
32.3823,-106.0,140.0
32.3873,-91.0,140.0
32.3926,112.0,142.0
32.3984,42.0,142.0
32.4023,-153.0,144.0
32.4073,-22.0,144.0
32.4123,173.0,146.0
32.4173,24.0,146.0
32.4225,-131.0,146.0
32.4274,-15.0,146.0
32.4324,52.0,144.0
32.4374,-16.0,144.0
32.4423,1.0,144.0
32.4473,46.0,144.0
32.4527,-6.0,142.0
32.4574,-45.0,142.0
32.4623,-1.0,140.0
32.4675,21.0,138.0
32.4723,-12.0,136.0
32.4773,7.0,134.0
32.4824,44.0,134.0
32.4873,-37.0,134.0
32.4923,-77.0,134.0
32.4973,63.0,136.0
32.5023,114.0,136.0
32.5073,-59.0,138.0
32.5128,-162.0,140.0
32.5174,3.0,140.0
32.5224,187.0,140.0
32.5274,81.0,142.0
32.5323,-151.0,142.0
32.5385,-143.0,144.0
32.5423,65.0,144.0
32.5474,141.0,146.0
32.5523,16.0,144.0
32.5574,-71.0,146.0
32.5623,-54.0,146.0
32.5674,-17.0,144.0
32.5734,42.0,144.0
32.5773,73.0,144.0
32.5827,-14.0,140.0
32.5885,-88.0,142.0
32.5923,-3.0,138.0
32.5975,81.0,138.0
32.6024,4.0,136.0
32.6074,-56.0,138.0
32.6126,22.0,138.0
32.6175,34.0,138.0
32.6225,-86.0,138.0
32.6275,-58.0,138.0
32.6325,137.0,140.0
32.6373,110.0,140.0
32.6423,-111.0,140.0
32.6477,-97.0,140.0
32.6525,45.0,140.0
32.6573,-16.0,138.0
32.6625,-44.0,136.0
32.6674,123.0,138.0
32.6734,108.0,138.0
32.6781,-123.0,140.0
32.6824,-134.0,142.0
32.6874,41.0,142.0
32.6925,66.0,142.0
32.6973,31.0,142.0
32.7023,31.0,142.0
32.7074,-62.0,142.0
32.7125,-67.0,144.0
32.7173,68.0,144.0
32.7223,26.0,144.0
32.7273,-56.0,144.0
32.7324,27.0,142.0
32.7373,6.0,142.0
32.7424,-52.0,140.0
32.7475,63.0,142.0
32.7523,68.0,142.0
32.7573,-87.0,142.0
32.7623,-93.0,142.0
32.7674,32.0,142.0
32.7726,104.0,142.0
32.7774,49.0,142.0
32.7823,-95.0,142.0
32.7873,-85.0,144.0
32.7923,94.0,144.0
32.7976,80.0,144.0
32.8024,-102.0,144.0
32.8075,-88.0,144.0
32.8123,60.0,146.0
32.8173,106.0,144.0
32.8223,46.0,144.0
32.8273,-67.0,144.0
32.8324,-127.0,144.0
32.8374,-30.0,144.0
32.8427,108.0,144.0
32.8473,105.0,144.0
32.8524,-35.0,146.0
32.8573,-103.0,146.0
32.8624,8.0,146.0
32.8673,59.0,144.0
32.8723,-53.0,144.0
32.8782,-53.0,144.0
32.8823,95.0,144.0
32.8873,105.0,144.0
32.8924,-56.0,142.0
32.8973,-135.0,144.0
32.9024,-33.0,144.0
32.9072,73.0,144.0
32.9123,74.0,144.0
32.9174,31.0,144.0
32.9224,-31.0,142.0
32.9273,-75.0,142.0
32.9323,-27.0,140.0
32.9373,29.0,140.0
32.9424,36.0,138.0
32.9473,46.0,138.0
32.9525,14.0,136.0
32.9573,-89.0,136.0
32.9628,-89.0,136.0
32.9674,90.0,136.0
32.9724,150.0,136.0
32.9775,-67.0,136.0
32.9823,-176.0,138.0
32.9873,46.0,138.0
32.9928,167.0,140.0
32.9977,-45.0,140.0
33.0024,-140.0,140.0
33.0074,61.0,138.0
33.0132,117.0,138.0
33.0174,-64.0,138.0
33.0223,-88.0,138.0
33.0274,37.0,136.0
33.0339,13.0,134.0
33.0374,-9.0,134.0
33.0423,96.0,134.0
33.0473,13.0,134.0
33.0538,-161.0,134.0
33.0575,-19.0,134.0
33.0624,146.0,134.0
33.0675,-21.0,134.0
33.0723,-97.0,134.0
33.0773,91.0,136.0
33.0823,64.0,136.0
33.0875,-135.0,138.0
33.0925,-47.0,138.0
33.0975,138.0,140.0
33.1023,27.0,140.0
33.1073,-138.0,142.0
33.1128,-14.0,142.0
33.1175,161.0,144.0
33.1234,34.0,144.0
33.1273,-195.0,146.0
33.1323,-68.0,146.0
33.1373,222.0,150.0
33.1424,78.0,148.0
33.1473,-239.0,152.0
33.1523,-74.0,150.0
33.1574,239.0,154.0
33.1625,83.0,152.0
33.1675,-200.0,154.0
33.1726,-84.0,152.0
33.1774,131.0,152.0
33.1823,44.0,152.0
33.1873,-82.0,152.0
33.1923,16.0,152.0
33.1975,76.0,152.0
33.2025,-45.0,152.0
33.2075,-81.0,152.0
33.2123,34.0,152.0
33.2175,70.0,152.0
33.2234,-22.0,152.0
33.2275,-52.0,152.0
33.2324,21.0,152.0
33.2383,55.0,152.0
33.2423,10.0,152.0
33.2474,-86.0,152.0
33.2524,-108.0,154.0
33.2575,100.0,154.0
33.2623,218.0,156.0
33.2683,-62.0,156.0
33.2724,-238.0,158.0
33.2775,16.0,156.0
33.2823,147.0,158.0
33.2873,-36.0,156.0
33.2923,-41.0,156.0
33.2973,104.0,158.0
33.3023,16.0,158.0
33.3073,-135.0,158.0
33.3125,-55.0,156.0
33.318,90.0,156.0
33.3232,67.0,154.0
33.3273,-23.0,154.0
33.3323,-24.0,154.0
33.3373,-3.0,154.0
33.3423,0.0,154.0
33.3473,-5.0,152.0
33.3524,-41.0,152.0
33.3575,0.0,150.0
33.3623,99.0,152.0
33.3675,32.0,152.0
33.3737,-89.0,152.0
33.3774,-65.0,154.0
33.3823,-7.0,152.0
33.3873,66.0,152.0
33.3923,136.0,154.0
33.3977,-23.0,152.0
33.4023,-221.0,154.0
33.4074,-39.0,154.0
33.4123,227.0,156.0
33.4173,70.0,158.0
33.4224,-185.0,158.0
33.4275,-53.0,158.0
33.4324,144.0,158.0
33.4374,21.0,158.0
33.4423,-115.0,158.0
33.4473,-1.0,156.0
33.4523,79.0,158.0
33.4574,5.0,156.0
33.4624,-32.0,156.0
33.4673,-35.0,154.0
33.4725,3.0,152.0
33.4773,90.0,154.0
33.4841,-33.0,152.0
33.4877,-162.0,154.0
33.4925,103.0,154.0
33.4973,211.0,156.0
33.5023,-137.0,158.0
33.5074,-183.0,160.0
33.5136,118.0,162.0
33.5173,84.0,162.0
33.5223,-94.0,162.0
33.5272,0.0,160.0
33.5323,82.0,160.0
33.5375,-2.0,158.0
33.5423,-31.0,158.0
33.5475,-29.0,158.0
33.5524,-65.0,158.0
33.5574,-15.0,158.0
33.5628,112.0,158.0
33.5679,128.0,160.0
33.573,-22.0,160.0
33.5773,-167.0,162.0
33.5823,-146.0,164.0
33.5872,56.0,164.0
33.5923,240.0,166.0
33.5975,117.0,168.0
33.6023,-181.0,168.0
33.6074,-204.0,170.0
33.6123,39.0,168.0
33.6178,136.0,170.0
33.6224,64.0,168.0
33.6273,19.0,168.0
33.6331,-76.0,166.0
33.6374,-147.0,168.0
33.6423,32.0,166.0
33.6473,183.0,168.0
33.6523,11.0,166.0
33.6573,-122.0,168.0
33.6624,-22.0,166.0
33.6684,6.0,166.0
33.6723,2.0,166.0
33.6777,114.0,168.0
33.6827,27.0,166.0
33.6873,-213.0,170.0
33.6923,-69.0,168.0
33.6973,266.0,172.0
33.7023,123.0,172.0
33.7074,-247.0,174.0
33.7123,-159.0,176.0
33.7173,169.0,178.0
33.7223,147.0,178.0
33.7273,-90.0,178.0
33.7324,-102.0,178.0
33.7373,59.0,178.0
33.7424,66.0,178.0
33.7473,-63.0,176.0
33.7527,-61.0,178.0
33.7576,52.0,176.0
33.7628,67.0,176.0
33.7679,-14.0,174.0
33.7724,-50.0,174.0
33.7774,-8.0,170.0
33.7823,13.0,168.0
33.7873,0.0,166.0
33.7923,17.0,164.0
33.7975,10.0,160.0
33.8024,-26.0,160.0
33.8074,1.0,156.0
33.8124,1.0,156.0
33.8174,-60.0,154.0
33.8223,64.0,154.0
33.8275,157.0,156.0
33.8325,-146.0,158.0
33.8373,-229.0,160.0
33.8423,200.0,162.0
33.8473,218.0,164.0
33.8525,-206.0,168.0
33.8573,-139.0,168.0
33.8624,180.0,170.0
33.8674,45.0,170.0
33.874,-133.0,172.0
33.8773,33.0,172.0
33.8823,87.0,174.0
33.8873,-84.0,174.0
33.894,-83.0,174.0
33.8974,75.0,172.0
33.9025,103.0,170.0
33.9075,18.0,170.0
33.9132,-73.0,168.0
33.9177,-138.0,170.0
33.9223,-35.0,168.0
33.9277,169.0,170.0
33.9327,146.0,172.0
33.939,-75.0,170.0
33.9423,-168.0,174.0
33.9478,-46.0,172.0
33.953,95.0,172.0
33.9574,84.0,172.0
33.9626,-4.0,172.0
33.9678,-33.0,172.0
33.9741,-42.0,172.0
33.9782,-12.0,172.0
33.9823,51.0,172.0
33.9875,-31.0,174.0
33.9927,-63.0,174.0
33.9979,129.0,176.0
34.0045,91.0,176.0
34.0078,-154.0,178.0
34.0125,-97.0,178.0
34.0173,74.0,178.0
34.0225,40.0,178.0
34.0281,16.0,178.0
34.0336,41.0,176.0
34.0373,-43.0,176.0
34.0433,-38.0,174.0
34.0476,48.0,174.0
34.0527,-101.0,172.0
34.0582,-117.0,172.0
34.0629,272.0,174.0
34.0678,240.0,176.0
34.0725,-319.0,180.0
34.0786,-292.0,184.0
34.0823,228.0,186.0
34.0873,185.0,188.0
34.0932,-130.0,190.0
34.0983,10.0,190.0
34.1023,141.0,190.0
34.1077,-150.0,192.0
34.1133,-261.0,196.0
34.1183,124.0,198.0
34.1223,394.0,202.0
34.1287,57.0,202.0
34.1329,-437.0,206.0
34.1379,-273.0,208.0
34.1423,351.0,210.0
34.1479,379.0,214.0
34.1529,-174.0,214.0
34.1582,-315.0,218.0
34.1624,-6.0,216.0
34.1687,126.0,218.0
34.1723,92.0,218.0
34.1777,72.0,220.0
34.1825,-46.0,220.0
34.1873,-162.0,222.0
34.1924,-69.0,222.0
34.1976,106.0,224.0
34.2023,156.0,224.0
34.2079,17.0,222.0
34.2125,-162.0,226.0
34.2176,-111.0,224.0
34.2227,87.0,224.0
34.228,127.0,224.0
34.2328,30.0,222.0
34.2375,-63.0,220.0
34.2428,-120.0,220.0
34.2483,-48.0,216.0
34.2526,120.0,218.0
34.2575,135.0,218.0
34.2623,-43.0,218.0
34.2679,-137.0,220.0
34.2725,-29.0,218.0
34.2775,51.0,218.0
34.2835,40.0,218.0
34.2875,62.0,216.0
34.2923,-7.0,216.0
34.2975,-128.0,216.0
34.303,-14.0,216.0
34.3072,118.0,218.0
34.3134,4.0,218.0
34.3173,-65.0,216.0
34.3223,7.0,216.0
34.3293,5.0,212.0
34.3341,-3.0,212.0
34.3386,46.0,208.0
34.3422,8.0,206.0
34.3478,-75.0,204.0
34.3538,-38.0,202.0
34.3584,64.0,200.0
34.3629,57.0,200.0
34.3673,-19.0,198.0
34.3725,-22.0,196.0
34.3774,-20.0,196.0
34.3823,-64.0,196.0
34.388,18.0,196.0
34.3923,147.0,196.0
34.3988,24.0,196.0
34.4023,-165.0,198.0
34.4079,-63.0,198.0
34.4123,120.0,200.0
34.4175,55.0,200.0
34.4228,-59.0,202.0
34.4279,9.0,202.0
34.433,29.0,202.0
34.4372,-98.0,202.0
34.4425,-27.0,202.0
34.4478,147.0,206.0
34.4527,-2.0,206.0
34.4578,-143.0,206.0
34.4623,87.0,206.0
34.4674,141.0,206.0
34.4725,-172.0,206.0
34.4778,-159.0,206.0
34.4828,192.0,206.0
34.4883,148.0,204.0
34.4923,-144.0,204.0
34.4973,-77.0,202.0
34.5025,82.0,202.0
34.5086,-15.0,200.0
34.5129,-63.0,200.0
34.5173,50.0,200.0
34.5223,73.0,200.0
34.5281,4.0,198.0
34.5328,-31.0,198.0
34.5383,-72.0,198.0
34.5423,-88.0,198.0
34.5478,70.0,198.0
34.5526,191.0,200.0
34.5576,-27.0,198.0
34.5627,-193.0,200.0
34.5676,34.0,198.0
34.5724,133.0,198.0
34.578,-103.0,198.0
34.5825,-93.0,198.0
34.5902,150.0,200.0
34.5931,72.0,198.0
34.5974,-114.0,200.0
34.6022,-11.0,200.0
34.6078,44.0,200.0
34.6125,-85.0,200.0
34.6175,-27.0,200.0
34.6226,122.0,202.0
34.6279,61.0,202.0
34.6326,-44.0,202.0
34.6373,-63.0,200.0
34.6423,-72.0,200.0
34.6476,7.0,198.0
34.6527,117.0,198.0
34.6578,47.0,198.0
34.6622,-69.0,198.0
34.6673,-44.0,198.0
34.6725,-22.0,198.0
34.6776,-21.0,198.0
34.6828,95.0,200.0
34.6878,135.0,200.0
34.6938,-77.0,200.0
34.6973,-250.0,202.0
34.7024,-59.0,198.0
34.7076,273.0,200.0
34.7127,216.0,198.0
34.7187,-154.0,196.0
34.7223,-245.0,196.0
34.7278,-16.0,194.0
34.7335,115.0,194.0
34.7376,84.0,194.0
34.7423,49.0,192.0
34.7478,0.0,190.0
34.754,-116.0,188.0
34.7575,-121.0,188.0
34.7625,91.0,184.0
34.7676,137.0,184.0
34.773,-83.0,180.0
34.7784,-42.0,176.0
34.7823,170.0,172.0
34.7873,-52.0,168.0
34.7925,-319.0,170.0
34.7979,55.0,166.0
34.8023,409.0,172.0
34.8073,19.0,170.0
34.8123,-360.0,174.0
34.8176,-96.0,174.0
34.8224,217.0,178.0
34.8279,129.0,178.0
34.8328,-86.0,178.0
34.8374,-134.0,178.0
34.8437,12.0,176.0
34.8477,111.0,178.0
34.8525,22.0,174.0
34.8578,-23.0,174.0
34.863,-17.0,172.0
34.868,-114.0,172.0
34.8725,-52.0,172.0
34.8776,205.0,174.0
34.883,150.0,176.0
34.888,-182.0,178.0
34.8931,-180.0,178.0
34.8977,103.0,178.0
34.9031,106.0,178.0
34.9074,-53.0,178.0
34.9131,3.0,178.0
34.9177,20.0,176.0
34.9223,-85.0,178.0
34.9273,35.0,176.0
34.9323,128.0,178.0
34.9376,-84.0,178.0
34.9427,-130.0,180.0
34.9473,85.0,180.0
34.9522,87.0,180.0
34.9576,-66.0,180.0
34.9623,-33.0,182.0
34.9674,63.0,182.0
34.9724,15.0,182.0
34.9773,-70.0,182.0
34.9823,-22.0,182.0
34.9873,94.0,184.0
34.9923,8.0,182.0
34.9974,-164.0,184.0
35.0024,16.0,184.0
35.0074,243.0,186.0
35.0123,-4.0,186.0
35.0175,-245.0,190.0
35.0224,-33.0,190.0
35.0277,146.0,192.0
35.0326,35.0,190.0
35.0375,-13.0,190.0
35.0423,36.0,188.0
35.0473,-68.0,188.0
35.0523,-149.0,188.0
35.0572,58.0,188.0
35.0624,228.0,192.0
35.0673,16.0,192.0
35.0723,-224.0,194.0
35.0773,-94.0,194.0
35.0824,157.0,196.0
35.0873,119.0,196.0
35.0923,-91.0,198.0
35.0973,-79.0,196.0
35.1023,84.0,196.0
35.1074,9.0,194.0
35.1126,-139.0,194.0
35.1174,35.0,192.0
35.1223,199.0,192.0
35.1273,-37.0,190.0
35.1323,-206.0,190.0
35.1373,30.0,190.0
35.1435,176.0,192.0
35.1474,-45.0,192.0
35.1525,-150.0,194.0
35.1573,72.0,194.0
35.1623,134.0,194.0
35.1675,-84.0,196.0
35.1725,-113.0,198.0
35.1774,60.0,198.0
35.1823,78.0,196.0
35.1873,2.0,196.0
35.1937,-15.0,194.0
35.1976,-87.0,194.0
35.2023,-70.0,192.0
35.2078,157.0,194.0
35.2123,134.0,194.0
35.2173,-196.0,196.0
35.2224,-145.0,196.0
35.2273,199.0,198.0
35.2325,112.0,198.0
35.2373,-148.0,198.0
35.2423,-55.0,198.0
35.2473,51.0,200.0
35.2525,-9.0,198.0
35.2587,43.0,198.0
35.2622,52.0,198.0
35.2674,-85.0,198.0
35.2723,-40.0,198.0
35.2773,76.0,198.0
35.2823,-13.0,196.0
35.2873,-49.0,198.0
35.2925,44.0,196.0
35.2983,18.0,196.0
35.3023,-25.0,194.0
35.3079,40.0,194.0
35.3123,18.0,194.0
35.3173,-117.0,196.0
35.3224,-95.0,196.0
35.3273,149.0,196.0
35.3323,222.0,198.0
35.3373,-106.0,196.0
35.3424,-291.0,200.0
35.3476,47.0,196.0
35.3529,246.0,198.0
35.3572,-47.0,196.0
35.3623,-138.0,194.0
35.3685,85.0,194.0
35.3724,32.0,194.0
35.3776,-91.0,194.0
35.3826,58.0,194.0
35.3872,54.0,194.0
35.3923,-128.0,194.0
35.3976,-23.0,194.0
35.4025,149.0,194.0
35.4073,32.0,192.0
35.4123,-109.0,194.0
35.4173,-57.0,194.0
35.4224,46.0,192.0
35.4273,58.0,192.0
35.4324,-8.0,186.0
35.4374,-32.0,186.0
35.4423,14.0,180.0
35.4473,9.0,180.0
35.4523,-38.0,174.0
35.4573,-6.0,174.0
35.4624,44.0,170.0
35.4674,14.0,168.0
35.4734,-29.0,168.0
35.4774,-21.0,166.0
35.4824,27.0,166.0
35.4873,23.0,166.0
35.4923,-66.0,166.0
35.4973,-36.0,166.0
35.5023,111.0,168.0
35.5073,71.0,166.0
35.5125,-110.0,168.0
35.5174,-111.0,166.0
35.5223,52.0,164.0
35.5274,124.0,164.0
35.5323,31.0,162.0
35.5375,-103.0,162.0
35.5425,-104.0,162.0
35.5478,59.0,162.0
35.5525,128.0,164.0
35.5574,-8.0,164.0
35.5624,-79.0,164.0
35.5674,-22.0,164.0
35.5723,-18.0,162.0
35.5775,12.0,160.0
35.5822,90.0,160.0
35.5873,9.0,158.0
35.5924,-86.0,158.0
35.5974,-1.0,158.0
35.6024,42.0,158.0
35.6075,-44.0,158.0
35.6123,-28.0,158.0
35.6173,85.0,158.0
35.6224,59.0,158.0
35.6274,-73.0,158.0
35.6325,-83.0,160.0
35.6373,13.0,156.0
35.6423,49.0,158.0
35.6474,32.0,154.0
35.6523,18.0,154.0
35.6575,-14.0,150.0
35.6623,-58.0,150.0
35.6674,-39.0,150.0
35.6723,47.0,150.0
35.6773,72.0,150.0
35.6833,-12.0,150.0
35.6874,-61.0,150.0
35.6924,-4.0,148.0
35.6975,31.0,148.0
35.7026,-4.0,144.0
35.7073,-18.0,144.0
35.7133,11.0,140.0
35.7173,27.0,140.0
35.7223,9.0,138.0
35.7273,-22.0,136.0
35.7323,-50.0,134.0
35.7373,-27.0,134.0
35.7423,74.0,134.0
35.7473,86.0,136.0
35.7533,-78.0,134.0
35.7576,-91.0,136.0
35.7626,87.0,134.0
35.7673,43.0,134.0
35.7723,-71.0,132.0
35.7772,17.0,132.0
35.7822,-31.0,128.0
35.7872,-88.0,130.0
35.7923,175.0,130.0
35.7989,166.0,132.0
35.8023,-229.0,132.0
35.8074,-192.0,134.0
35.8123,161.0,136.0
35.8177,115.0,136.0
35.8226,-54.0,136.0
35.8273,27.0,136.0
35.8324,-30.0,136.0
35.8374,-130.0,138.0
35.8424,99.0,138.0
35.8473,119.0,136.0
35.8531,-182.0,138.0
35.8574,-24.0,134.0
35.8623,269.0,136.0
35.8674,-50.0,134.0
35.8726,-293.0,138.0
35.8773,53.0,136.0
35.8823,210.0,138.0
35.8873,-44.0,138.0
35.8925,-86.0,140.0
35.8972,79.0,140.0
35.9023,40.0,140.0
35.9073,-113.0,140.0
35.9123,-100.0,142.0
35.9178,67.0,142.0
35.9223,163.0,144.0
35.9274,27.0,144.0
35.9323,-126.0,144.0
35.9373,-66.0,146.0
35.9423,27.0,146.0
35.9474,20.0,144.0
35.9523,17.0,144.0
35.9573,24.0,144.0
35.9623,12.0,142.0
35.9685,18.0,140.0
35.9724,-23.0,136.0
35.9775,-110.0,136.0
35.9823,-29.0,132.0
35.9872,151.0,134.0
35.9923,71.0,132.0
35.9975,-124.0,132.0
36.0024,-37.0,132.0
36.0074,93.0,132.0
36.0123,-33.0,132.0
36.0175,-95.0,132.0
36.0235,64.0,132.0
36.0275,107.0,132.0
36.0324,-28.0,130.0
36.0374,-84.0,132.0
36.0423,-30.0,130.0
36.0479,22.0,130.0
36.0524,38.0,128.0
36.0572,19.0,128.0
36.0623,23.0,128.0
36.0673,9.0,126.0
36.0725,-98.0,128.0
36.0776,-85.0,130.0
36.0825,124.0,130.0
36.0875,130.0,132.0
36.0923,-88.0,134.0
36.0974,-98.0,136.0
36.1022,37.0,134.0
36.1073,20.0,136.0
36.1123,-28.0,136.0
36.1173,27.0,136.0
36.1223,76.0,136.0
36.1275,-2.0,136.0
36.1323,-130.0,136.0
36.1374,-63.0,136.0
36.1424,118.0,138.0
36.1474,91.0,138.0
36.1523,-44.0,136.0
36.1573,-45.0,136.0
36.1624,-12.0,134.0
36.1675,-10.0,132.0
36.1724,10.0,132.0
36.1772,6.0,132.0
36.1822,13.0,130.0
36.1873,36.0,130.0
36.1924,-28.0,128.0
36.1973,-45.0,128.0
36.2031,49.0,128.0
36.208,-2.0,128.0
36.2133,-88.0,128.0
36.2172,84.0,130.0
36.2223,119.0,130.0
36.2286,-162.0,132.0
36.2325,-113.0,134.0
36.2373,200.0,136.0
36.2424,68.0,136.0
36.2473,-181.0,138.0
36.2525,-12.0,138.0
36.2573,124.0,140.0
36.2624,-17.0,138.0
36.2673,-57.0,138.0
36.2723,8.0,136.0
36.2772,-22.0,138.0
36.2823,0.0,136.0
36.2872,130.0,138.0
36.2923,61.0,138.0
36.2973,-236.0,142.0
36.3025,-188.0,144.0
36.3073,269.0,148.0
36.3125,276.0,152.0
36.3183,-214.0,154.0
36.3225,-246.0,158.0
36.3275,131.0,158.0
36.3323,139.0,160.0
36.3372,-79.0,162.0
36.3423,-44.0,162.0
36.3473,54.0,162.0
36.3523,-3.0,162.0
36.3575,-22.0,162.0
36.3623,36.0,162.0
36.3673,-24.0,162.0
36.3723,-85.0,164.0
36.3773,45.0,164.0
36.3831,137.0,164.0
36.3873,-2.0,162.0
36.3923,-151.0,164.0
36.3973,-83.0,164.0
36.4024,108.0,164.0
36.4074,140.0,166.0
36.4132,-36.0,166.0
36.4176,-120.0,166.0
36.4222,-1.0,166.0
36.4273,48.0,166.0
36.4329,-25.0,164.0
36.4372,20.0,162.0
36.4423,74.0,158.0
36.4472,-62.0,156.0
36.4537,-85.0,156.0
36.4574,84.0,156.0
36.4623,41.0,154.0
36.4674,-102.0,156.0
36.4725,20.0,156.0
36.4774,111.0,156.0
36.4823,-35.0,154.0
36.4872,-62.0,154.0
36.4922,1.0,150.0
36.4982,-59.0,152.0
36.503,11.0,148.0
36.5073,158.0,150.0
36.5124,34.0,146.0
36.5181,-128.0,146.0
36.5223,-73.0,144.0
36.5275,-4.0,144.0
36.5322,38.0,142.0
36.5373,114.0,144.0
36.5423,34.0,144.0
36.5479,-125.0,144.0
36.5531,-60.0,142.0
36.5573,70.0,142.0
36.5623,29.0,140.0
36.5673,-27.0,140.0
36.5723,-5.0,138.0
36.5772,43.0,138.0
36.5823,51.0,138.0
36.5906,-101.0,140.0
36.5926,-167.0,142.0
36.5974,121.0,144.0
36.6024,270.0,148.0
36.6075,-56.0,148.0
36.6124,-248.0,152.0
36.6181,-11.0,150.0
36.6225,116.0,152.0
36.6275,-9.0,150.0
36.6323,-3.0,148.0
36.638,66.0,148.0
36.6423,-33.0,148.0
36.6474,-68.0,148.0
36.6522,78.0,148.0
36.6585,42.0,148.0
36.6624,-188.0,150.0
36.6674,-68.0,148.0
36.6728,300.0,152.0
36.6773,134.0,154.0
36.6823,-322.0,158.0
36.6875,-139.0,160.0
36.6923,253.0,164.0
36.6974,38.0,164.0
36.7023,-167.0,166.0
36.7073,90.0,166.0
36.7123,104.0,168.0
36.7173,-147.0,168.0
36.7223,-34.0,166.0
36.7274,122.0,166.0
36.7323,-61.0,166.0
36.7373,-79.0,166.0
36.7423,126.0,168.0
36.7474,50.0,168.0
36.7524,-108.0,168.0
36.7575,-18.0,168.0
36.7623,35.0,168.0
36.7673,-26.0,168.0
36.7722,30.0,166.0
36.7772,58.0,166.0
36.7823,-59.0,166.0
36.7873,-43.0,166.0
36.7923,70.0,166.0
36.7979,-23.0,166.0
36.8024,-93.0,166.0
36.8074,97.0,168.0
36.8125,124.0,170.0
36.8174,-113.0,172.0
36.8223,-105.0,172.0
36.8274,77.0,174.0
36.8322,2.0,174.0
36.8373,-62.0,174.0
36.8427,113.0,174.0
36.8473,103.0,176.0
36.8524,-128.0,176.0
36.8574,-136.0,178.0
36.8624,37.0,176.0
36.8674,104.0,176.0
36.8723,53.0,174.0
36.8774,-32.0,172.0
36.8822,-73.0,172.0
36.8873,-15.0,170.0
36.8924,52.0,170.0
36.8973,21.0,168.0
36.9023,-23.0,168.0
36.9072,-13.0,168.0
36.9123,-25.0,168.0
36.918,13.0,168.0
36.9225,115.0,170.0
36.9284,-9.0,168.0
36.9324,-226.0,170.0
36.9374,-23.0,166.0
36.9424,296.0,168.0
36.9473,86.0,166.0
36.9525,-274.0,166.0
36.9575,-140.0,164.0
36.9623,176.0,164.0
36.9672,142.0,164.0
36.9723,-68.0,162.0
36.9773,-89.0,162.0
36.9826,6.0,162.0
36.9873,12.0,162.0
36.9923,-6.0,162.0
36.9976,60.0,162.0
37.0024,50.0,162.0
37.0074,-119.0,164.0
37.0124,-124.0,164.0
37.0174,144.0,166.0
37.0223,201.0,166.0
37.0273,-109.0,168.0
37.0323,-214.0,170.0
37.0373,41.0,168.0
37.0424,125.0,170.0
37.0473,-10.0,166.0
37.0523,-4.0,166.0
37.0573,42.0,166.0
37.0623,-39.0,166.0
37.0679,-78.0,166.0
37.0723,-3.0,166.0
37.0773,53.0,166.0
37.0843,34.0,166.0
37.0874,11.0,166.0
37.0923,30.0,164.0
37.0974,-29.0,164.0
37.1025,-166.0,166.0
37.1074,-34.0,164.0
37.1123,266.0,168.0
37.1175,108.0,168.0
37.1223,-252.0,172.0
37.1273,-105.0,172.0
37.1324,158.0,174.0
37.1374,27.0,174.0
37.1428,-74.0,176.0
37.1473,51.0,174.0
37.1523,45.0,174.0
37.1575,-72.0,172.0
37.1623,-55.0,172.0
37.1672,34.0,172.0
37.1723,66.0,174.0
37.1774,27.0,172.0
37.1826,-53.0,172.0
37.1873,-71.0,172.0
37.1922,18.0,170.0
37.1974,57.0,170.0
37.2023,1.0,170.0
37.2083,19.0,170.0
37.2122,33.0,170.0
37.2172,-98.0,172.0
37.2224,-105.0,172.0
37.2272,103.0,172.0
37.2322,140.0,172.0
37.2375,-29.0,170.0
37.2423,-90.0,168.0
37.2475,-56.0,168.0
37.253,-9.0,164.0
37.2573,87.0,164.0
37.2623,79.0,164.0
37.2672,-62.0,166.0
37.2727,-88.0,166.0
37.2772,27.0,166.0
37.2823,84.0,166.0
37.2873,4.0,166.0
37.2923,-99.0,166.0
37.2972,-63.0,166.0
37.3023,87.0,164.0
37.3074,120.0,166.0
37.3129,-7.0,160.0
37.3173,-90.0,160.0
37.3223,-84.0,156.0
37.3272,-17.0,154.0
37.3324,118.0,152.0
37.3381,88.0,154.0
37.3424,-117.0,152.0
37.3476,-87.0,152.0
37.354,127.0,152.0
37.3573,87.0,152.0
37.3625,-122.0,154.0
37.3688,-104.0,154.0
37.3722,77.0,154.0
37.3777,62.0,154.0
37.383,-34.0,152.0
37.3875,72.0,152.0
37.3929,32.0,150.0
37.3982,-243.0,154.0
37.4029,-50.0,154.0
37.4078,380.0,160.0
37.4125,59.0,160.0
37.4174,-443.0,166.0
37.4224,-34.0,166.0
37.4274,423.0,172.0
37.4324,-35.0,172.0
37.4374,-350.0,176.0
37.4425,104.0,176.0
37.4473,266.0,180.0
37.4529,-107.0,180.0
37.4578,-166.0,180.0
37.4633,61.0,180.0
37.468,52.0,178.0
37.4725,-38.0,180.0
37.4777,21.0,178.0
37.4827,76.0,178.0
37.4885,-20.0,176.0
37.4928,-151.0,178.0
37.4979,-24.0,176.0
37.5028,209.0,178.0
37.5075,57.0,178.0
37.5131,-205.0,180.0
37.5179,-45.0,180.0
37.5224,148.0,182.0
37.5274,-8.0,182.0
37.5325,-74.0,182.0
37.5376,78.0,182.0
37.5427,23.0,182.0
37.5479,-128.0,184.0
37.5524,4.0,184.0
37.5573,127.0,186.0
37.5623,-51.0,184.0
37.5676,-91.0,186.0
37.5727,121.0,184.0
37.5781,81.0,186.0
37.5823,-154.0,182.0
37.5878,-105.0,184.0
37.5928,114.0,180.0
37.598,104.0,180.0
37.6028,-51.0,178.0
37.6078,-21.0,176.0
37.6124,58.0,176.0
37.6175,-117.0,176.0
37.6225,-151.0,178.0
37.6279,206.0,182.0
37.6328,236.0,186.0
37.6376,-186.0,188.0
37.6428,-219.0,190.0
37.6475,116.0,190.0
37.6525,126.0,190.0
37.6574,-75.0,190.0
37.6623,-48.0,186.0
37.6678,61.0,186.0
37.6724,24.0,182.0
37.6779,-46.0,184.0
37.6824,-29.0,182.0
37.6873,27.0,182.0
37.693,32.0,182.0
37.6978,-20.0,182.0
37.703,-26.0,182.0
37.7075,33.0,180.0
37.7132,14.0,182.0
37.7172,-54.0,182.0
37.7222,10.0,180.0
37.7286,68.0,182.0
37.7325,-55.0,182.0
37.7378,-86.0,182.0
37.7431,77.0,182.0
37.7479,84.0,182.0
37.7528,-36.0,178.0
37.7575,-4.0,178.0
37.7622,0.0,174.0
37.7678,-138.0,174.0
37.7722,-60.0,172.0
37.7785,216.0,176.0
37.7823,176.0,176.0
37.7872,-156.0,178.0
37.7925,-213.0,180.0
37.798,60.0,180.0
37.8029,141.0,182.0
37.8078,-72.0,182.0
37.8125,-57.0,182.0
37.8175,182.0,186.0
37.8224,50.0,184.0
37.8279,-240.0,188.0
37.8328,-92.0,188.0
37.838,153.0,190.0
37.8424,76.0,192.0
37.8478,-5.0,192.0
37.8527,33.0,192.0
37.8578,-61.0,190.0
37.8623,-147.0,192.0
37.8678,33.0,190.0
37.8725,173.0,190.0
37.878,-14.0,190.0
37.8827,-116.0,190.0
37.8873,66.0,192.0
37.8928,53.0,192.0
37.8975,-144.0,192.0
37.9024,-35.0,192.0
37.9078,179.0,194.0
37.9123,44.0,194.0
37.9189,-156.0,196.0
37.9229,-44.0,194.0
37.9281,87.0,196.0
37.9326,20.0,194.0
37.9378,23.0,194.0
37.9428,23.0,192.0
37.9486,-142.0,194.0
37.9527,-66.0,194.0
37.9575,210.0,196.0
37.9627,75.0,196.0
37.9678,-208.0,198.0
37.9725,-28.0,198.0
37.9778,176.0,198.0
37.9825,-55.0,198.0
37.9879,-154.0,198.0
37.9928,119.0,198.0
37.9977,137.0,200.0
38.0036,-125.0,200.0
38.0079,-75.0,200.0
38.0125,102.0,200.0
38.0174,-39.0,200.0
38.0226,-101.0,200.0
38.028,137.0,202.0
38.0328,98.0,202.0
38.0372,-169.0,202.0
38.0428,-30.0,200.0
38.0476,175.0,198.0
38.0525,-98.0,198.0
38.0579,-198.0,194.0
38.0623,176.0,196.0
38.0678,217.0,194.0
38.0725,-110.0,194.0
38.0778,-181.0,192.0
38.0823,-56.0,192.0
38.0873,79.0,188.0
38.0923,190.0,190.0
38.0973,43.0,188.0
38.1023,-219.0,190.0
38.1072,-118.0,192.0
38.1123,189.0,194.0
38.1173,124.0,196.0
38.1223,-161.0,196.0
38.1273,-86.0,198.0
38.1323,132.0,198.0
38.1373,24.0,198.0
38.1424,-92.0,196.0
38.1473,44.0,196.0
38.153,60.0,192.0
38.1572,-72.0,194.0
38.1626,-35.0,192.0
38.1673,24.0,192.0
38.1724,-9.0,190.0
38.1773,72.0,190.0
38.1823,75.0,192.0
38.1874,-161.0,192.0
38.1924,-121.0,194.0
38.1975,218.0,196.0
38.2023,112.0,196.0
38.2074,-242.0,198.0
38.2124,-63.0,198.0
38.2173,226.0,200.0
38.2224,6.0,198.0
38.2274,-167.0,198.0
38.2323,36.0,198.0
38.2373,105.0,198.0
38.2423,-43.0,198.0
38.248,-79.0,198.0
38.2522,7.0,198.0
38.2574,80.0,196.0
38.2623,36.0,194.0
38.2673,-75.0,192.0
38.2722,-37.0,190.0
38.2773,76.0,188.0
38.2825,14.0,184.0
38.2873,-103.0,184.0
38.2923,-24.0,184.0
38.2973,114.0,184.0
38.3027,54.0,184.0
38.3072,-71.0,184.0
38.3124,-45.0,184.0
38.3173,7.0,184.0
38.3222,0.0,184.0
38.3273,40.0,184.0
38.3322,40.0,184.0
38.3372,-74.0,184.0
38.3424,-70.0,186.0
38.348,78.0,186.0
38.3524,101.0,188.0
38.3572,-5.0,186.0
38.3626,-100.0,188.0
38.3673,-127.0,188.0
38.3724,5.0,188.0
38.3775,203.0,190.0
38.3822,156.0,192.0
38.3873,-138.0,192.0
38.3923,-255.0,196.0
38.3977,-6.0,196.0
38.4023,208.0,198.0
38.4073,94.0,198.0
38.4122,-58.0,198.0
38.4173,-46.0,196.0
38.4224,-72.0,194.0
38.4275,-88.0,192.0
38.4325,73.0,190.0
38.4375,173.0,192.0
38.4422,39.0,190.0
38.4474,-135.0,192.0
38.4523,-126.0,192.0
38.4573,47.0,190.0
38.4623,112.0,192.0
38.4673,-17.0,188.0
38.4724,-71.0,188.0
38.4782,39.0,186.0
38.4823,82.0,186.0
38.4875,-19.0,186.0
38.4924,-89.0,186.0
38.4973,-81.0,188.0
38.5022,-6.0,186.0
38.5074,195.0,188.0
38.5123,185.0,188.0
38.5173,-230.0,192.0
38.5223,-300.0,194.0
38.5276,171.0,196.0
38.5324,257.0,198.0
38.5375,-91.0,198.0
38.5429,-117.0,200.0
38.5473,62.0,198.0
38.5523,8.0,196.0
38.5572,-86.0,196.0
38.5623,20.0,196.0
38.5674,108.0,196.0
38.5722,-4.0,196.0
38.578,-78.0,196.0
38.5823,-14.0,196.0
38.5914,-7.0,194.0
38.5922,9.0,194.0
38.5974,99.0,192.0
38.6023,52.0,192.0
38.6073,-126.0,190.0
38.6129,-153.0,192.0
38.6174,58.0,190.0
38.6222,202.0,192.0
38.6285,44.0,190.0
38.6331,-147.0,192.0
38.6374,-77.0,190.0
38.6422,55.0,190.0
38.6472,12.0,188.0
38.6523,-22.0,186.0
38.6573,67.0,188.0
38.6623,47.0,186.0
38.6673,-66.0,186.0
38.6722,-60.0,184.0
38.6773,-15.0,182.0
38.6823,16.0,182.0
38.6872,88.0,180.0
38.6923,53.0,180.0
38.6974,-73.0,178.0
38.7024,-84.0,176.0
38.7074,-14.0,174.0
38.7124,64.0,172.0
38.7173,92.0,172.0
38.7223,-40.0,172.0
38.7273,-115.0,172.0
38.7323,46.0,170.0
38.7375,102.0,170.0
38.7425,-75.0,168.0
38.7473,-93.0,168.0
38.7524,92.0,166.0
38.7573,97.0,166.0
38.7623,-64.0,164.0
38.7681,-86.0,164.0
38.7722,7.0,162.0
38.7773,20.0,162.0
38.7822,12.0,160.0
38.7882,92.0,162.0
38.7928,52.0,162.0
38.7974,-175.0,164.0
38.8023,-159.0,166.0
38.8074,152.0,168.0
38.8125,202.0,170.0
38.8173,-49.0,170.0
38.8223,-136.0,170.0
38.8276,-44.0,168.0
38.8325,32.0,168.0
38.8381,71.0,166.0
38.8424,4.0,164.0
38.8473,-59.0,160.0
38.8523,19.0,160.0
38.8572,83.0,158.0
38.8623,2.0,158.0
38.8674,-148.0,158.0
38.8724,-113.0,158.0
38.8773,162.0,160.0
38.8823,214.0,162.0
38.8879,-72.0,162.0
38.8922,-193.0,164.0
38.8973,-47.0,164.0
38.9024,85.0,166.0
38.9073,115.0,166.0
38.9123,-16.0,166.0
38.9174,-152.0,166.0
38.9222,26.0,166.0
38.9272,206.0,168.0
38.9332,-40.0,168.0
38.9374,-242.0,170.0
38.9423,8.0,170.0
38.9474,196.0,172.0
38.9525,29.0,172.0
38.9573,-89.0,172.0
38.9622,-26.0,174.0
38.9672,-2.0,172.0
38.9723,-2.0,172.0
38.9779,51.0,172.0
38.9822,19.0,172.0
38.9873,-95.0,172.0
38.9923,-38.0,170.0
38.9976,138.0,172.0
39.0027,86.0,172.0
39.0073,-128.0,172.0
39.0125,-115.0,174.0
39.0174,70.0,172.0
39.0223,54.0,170.0
39.0273,-45.0,168.0
39.0322,57.0,166.0
39.0373,89.0,166.0
39.0423,-104.0,166.0
39.0473,-115.0,166.0
39.0523,44.0,166.0
39.0573,26.0,166.0
39.0627,33.0,164.0
39.0673,131.0,166.0
39.0722,-35.0,164.0
39.0773,-216.0,166.0
39.0824,-13.0,164.0
39.0873,161.0,166.0
39.0924,16.0,164.0
39.0972,-43.0,164.0
39.103,55.0,162.0
39.1073,-15.0,162.0
39.1126,-129.0,164.0
39.1186,-19.0,164.0
39.1223,112.0,164.0
39.1273,89.0,164.0
39.1322,6.0,164.0
39.1372,-124.0,164.0
39.1423,-155.0,166.0
39.1475,110.0,166.0
39.1523,260.0,166.0
39.1573,-71.0,164.0
39.1623,-302.0,164.0
39.1672,23.0,162.0
39.1733,277.0,162.0
39.1772,29.0,160.0
39.1822,-170.0,162.0
39.1873,-63.0,162.0
39.1923,20.0,162.0
39.1973,56.0,162.0
39.2024,79.0,162.0
39.2074,-29.0,162.0
39.213,-83.0,162.0
39.2173,9.0,162.0
39.223,24.0,162.0
39.2274,-23.0,162.0
39.2325,34.0,162.0
39.2389,99.0,162.0
39.2422,-32.0,162.0
39.2472,-223.0,164.0
39.2523,-50.0,162.0
39.2573,294.0,166.0
39.2623,153.0,164.0
39.2673,-246.0,168.0
39.2728,-183.0,168.0
39.2773,154.0,170.0
39.2823,148.0,170.0
39.2873,-142.0,174.0
39.2925,-151.0,176.0
39.2973,199.0,178.0
39.3023,221.0,180.0
39.3081,-222.0,182.0
39.3125,-251.0,186.0
39.3173,182.0,188.0
39.3223,168.0,190.0
39.3286,-139.0,192.0
39.3326,-51.0,190.0
39.3373,96.0,192.0
39.3423,-5.0,190.0
39.3473,5.0,190.0
39.353,38.0,190.0
39.3578,-155.0,190.0
39.3632,-127.0,192.0
39.3673,223.0,194.0
39.3723,230.0,196.0
39.3774,-126.0,196.0
39.3827,-221.0,200.0
39.3872,-47.0,198.0
39.3922,80.0,198.0
39.3975,144.0,198.0
39.4024,64.0,198.0
39.4074,-121.0,200.0
39.4123,-99.0,200.0
39.4173,91.0,202.0
39.423,54.0,202.0
39.4274,-162.0,204.0
39.4324,-53.0,204.0
39.4373,260.0,206.0
39.4422,128.0,204.0
39.4472,-225.0,206.0
39.4523,-175.0,206.0
39.4573,49.0,206.0
39.4623,99.0,204.0
39.4673,109.0,206.0
39.4723,66.0,206.0
39.4772,-108.0,206.0
39.4823,-204.0,210.0
39.4874,-55.0,210.0
39.4923,203.0,212.0
39.4972,238.0,216.0
39.5028,-69.0,216.0
39.5072,-278.0,218.0
39.5127,-39.0,218.0
39.5174,172.0,218.0
39.5223,-9.0,214.0
39.5277,-69.0,214.0
39.5324,152.0,214.0
39.5375,78.0,214.0
39.5426,-210.0,216.0
39.5473,-154.0,216.0
39.5532,113.0,218.0
39.5585,172.0,218.0
39.5628,23.0,218.0
39.5674,-93.0,216.0
39.5724,-58.0,216.0
39.5774,23.0,214.0
39.5822,0.0,214.0
39.5872,-49.0,210.0
39.593,52.0,212.0
39.5973,102.0,212.0
39.6034,-62.0,212.0
39.6074,-76.0,214.0
39.6122,63.0,214.0
39.6177,-20.0,214.0
39.6223,-82.0,214.0
39.6295,107.0,214.0
39.6323,116.0,216.0
39.6373,-126.0,216.0
39.6423,-123.0,216.0
39.6472,76.0,216.0
39.6522,55.0,214.0
39.6572,-11.0,214.0
39.6623,57.0,214.0
39.6674,-7.0,214.0
39.6723,-123.0,214.0
39.6774,-17.0,214.0
39.6823,99.0,214.0
39.6874,29.0,212.0
39.6924,-45.0,212.0
39.6972,9.0,212.0
39.7023,43.0,212.0
39.7081,-62.0,210.0
39.7125,-94.0,212.0
39.7174,56.0,210.0
39.7223,121.0,210.0
39.7273,14.0,208.0
39.7323,-62.0,210.0
39.7373,-60.0,210.0
39.7424,-35.0,210.0
39.7474,0.0,208.0
39.7523,44.0,208.0
39.7572,89.0,208.0
39.7623,79.0,208.0
39.7674,-56.0,208.0
39.7725,-192.0,210.0
39.7775,-99.0,210.0
39.7823,126.0,210.0
39.7873,183.0,210.0
39.7922,96.0,208.0
39.7983,-55.0,208.0
39.8029,-285.0,208.0
39.8083,-207.0,210.0
39.8123,293.0,210.0
39.8181,407.0,216.0
39.8223,-166.0,216.0
39.8283,-417.0,222.0
39.8328,51.0,222.0
39.8373,274.0,226.0
39.8426,-34.0,226.0
39.8472,-110.0,226.0
39.8531,88.0,226.0
39.8583,49.0,228.0
39.8623,-118.0,228.0
39.8673,-97.0,230.0
39.8723,55.0,230.0
39.8773,139.0,230.0
39.8823,60.0,232.0
39.8874,-78.0,230.0
39.8924,-108.0,230.0
39.8973,-36.0,226.0
39.9025,31.0,224.0
39.9073,68.0,222.0
39.9125,87.0,220.0
39.9178,54.0,218.0
39.9223,-116.0,218.0
39.9272,-240.0,220.0
39.9322,32.0,218.0
39.9373,328.0,220.0
39.9423,51.0,216.0
39.9474,-267.0,218.0
39.9525,-27.0,214.0
39.9573,162.0,214.0
39.9632,-94.0,212.0
39.9679,-115.0,212.0
39.9726,242.0,216.0
39.9772,122.0,216.0
39.9824,-365.0,222.0
39.9873,-129.0,224.0
39.9923,410.0,228.0
39.9974,104.0,228.0
40.0023,-315.0,232.0
40.0075,-17.0,228.0
40.0123,118.0,226.0
40.019,-137.0,226.0
40.0224,23.0,224.0
40.0282,265.0,226.0
40.0328,10.0,226.0
40.038,-242.0,226.0
40.0423,-169.0,228.0
40.0476,73.0,228.0
40.0524,299.0,230.0
40.0594,107.0,232.0
40.0623,-299.0,236.0
40.0681,-178.0,236.0
40.0725,182.0,238.0
40.0776,133.0,236.0
40.0833,-41.0,234.0
40.0881,-54.0,232.0
40.0934,-46.0,230.0
40.0975,56.0,230.0
40.1025,102.0,230.0
40.1076,-180.0,230.0
40.1131,-199.0,232.0
40.1177,303.0,236.0
40.1223,330.0,238.0
40.1285,-255.0,240.0
40.1324,-377.0,244.0
40.1377,72.0,240.0
40.1438,271.0,244.0
40.1473,26.0,240.0
40.1523,-108.0,242.0
40.1575,59.0,240.0
40.1623,37.0,240.0
40.1676,-203.0,242.0
40.1729,-77.0,240.0
40.1778,240.0,244.0
40.1822,132.0,242.0
40.1875,-159.0,242.0
40.1923,-125.0,242.0
40.1975,82.0,240.0
40.2029,66.0,242.0
40.2077,-103.0,242.0
40.2124,-3.0,240.0
40.2177,179.0,244.0
40.2223,-39.0,244.0
40.2281,-207.0,246.0
40.2328,49.0,246.0
40.2374,130.0,246.0
40.2424,-30.0,246.0
40.2481,16.0,246.0
40.2522,30.0,244.0
40.2578,-135.0,246.0
40.2628,-75.0,246.0
40.2677,138.0,248.0
40.2724,115.0,248.0
40.2775,-50.0,246.0
40.283,-95.0,246.0
40.2886,-22.0,244.0
40.2929,33.0,244.0
40.2974,25.0,244.0
40.3022,6.0,244.0
40.3077,0.0,244.0
40.3131,-18.0,242.0
40.3173,-2.0,242.0
40.3224,47.0,240.0
40.3277,-20.0,240.0
40.3328,-102.0,242.0
40.338,28.0,242.0
40.344,108.0,242.0
40.3494,-5.0,242.0
40.3524,-16.0,240.0
40.3573,-17.0,240.0
40.3624,-116.0,240.0
40.3674,22.0,240.0
40.3728,186.0,242.0
40.3782,-40.0,242.0
40.3824,-173.0,244.0
40.3882,87.0,246.0
40.3933,129.0,246.0
40.3978,-109.0,248.0
40.4028,-95.0,248.0
40.4078,47.0,248.0
40.4133,56.0,246.0
40.4174,73.0,244.0
40.4225,9.0,242.0
40.4287,-171.0,242.0
40.4333,-86.0,242.0
40.4378,181.0,244.0
40.443,146.0,242.0
40.4477,-92.0,240.0
40.4527,-170.0,238.0
40.4573,-59.0,234.0
40.463,146.0,232.0
40.4673,200.0,230.0
40.4722,-91.0,230.0
40.4778,-267.0,230.0
40.4828,40.0,230.0
40.4896,245.0,232.0
40.4932,0.0,230.0
40.4974,-167.0,232.0
40.5023,-33.0,232.0
40.5074,72.0,230.0
40.5122,53.0,230.0
40.5179,15.0,228.0
40.5222,-47.0,228.0
40.5276,-78.0,228.0
40.5329,42.0,228.0
40.5376,106.0,228.0
40.5432,-70.0,230.0
40.548,-108.0,230.0
40.5542,113.0,230.0
40.5572,94.0,232.0
40.5636,-102.0,230.0
40.5678,-40.0,228.0
40.5722,14.0,228.0
40.5778,-57.0,224.0
40.5824,86.0,224.0
40.5877,156.0,222.0
40.5926,-125.0,224.0
40.5978,-223.0,224.0
40.6022,74.0,224.0
40.6089,241.0,226.0
40.6122,47.0,224.0
40.6187,-173.0,224.0
40.6225,-179.0,220.0
40.6279,-1.0,218.0
40.633,221.0,216.0
40.6379,198.0,218.0
40.6426,-121.0,214.0
40.6474,-265.0,218.0
40.6526,-18.0,216.0
40.6578,160.0,218.0
40.6622,54.0,218.0
40.6672,-13.0,214.0
40.6725,15.0,214.0
40.6777,-41.0,210.0
40.6835,-68.0,210.0
40.6888,-12.0,208.0
40.6928,31.0,204.0
40.6974,102.0,204.0
40.7026,70.0,200.0
40.7084,-152.0,200.0
40.7141,-172.0,200.0
40.7172,138.0,200.0
40.7223,210.0,202.0
40.7278,-82.0,202.0
40.7323,-160.0,204.0
40.7373,36.0,204.0
40.7428,51.0,204.0
40.7478,-46.0,202.0
40.7529,35.0,198.0
40.7575,104.0,196.0
40.7625,-30.0,192.0
40.7673,-148.0,190.0
40.7728,-48.0,184.0
40.7772,126.0,186.0
40.7823,117.0,182.0
40.7874,-50.0,184.0
40.7928,-124.0,184.0
40.7981,-19.0,182.0
40.8023,91.0,184.0
40.8078,36.0,180.0
40.8125,-64.0,180.0
40.8175,-5.0,178.0
40.8227,49.0,176.0
40.8283,-22.0,174.0
40.833,-32.0,172.0
40.8375,15.0,172.0
40.8424,13.0,170.0
40.8474,22.0,168.0
40.8526,-8.0,170.0
40.8579,-73.0,168.0
40.8622,12.0,166.0
40.8674,112.0,166.0
40.8722,-9.0,164.0
40.8777,-85.0,164.0
40.8822,18.0,164.0
40.8877,-36.0,164.0
40.8928,-68.0,164.0
40.8978,176.0,166.0
40.9025,128.0,166.0
40.9076,-224.0,168.0
40.9129,-117.0,168.0
40.918,163.0,170.0
40.9231,10.0,168.0
40.9277,-67.0,168.0
40.9329,127.0,170.0
40.9377,10.0,170.0
40.9427,-207.0,174.0
40.9477,-11.0,174.0
40.9525,197.0,176.0
40.9574,37.0,176.0
40.9625,-122.0,178.0
40.9681,-41.0,178.0
40.9723,19.0,176.0
40.9772,4.0,176.0
40.9824,75.0,176.0
40.9874,59.0,176.0
40.9924,-121.0,178.0
40.9984,-109.0,180.0
41.0026,92.0,180.0
41.0079,89.0,180.0
41.0125,-21.0,178.0
41.0174,12.0,178.0
41.0227,-17.0,176.0
41.0273,-112.0,176.0
41.0329,2.0,174.0
41.0374,119.0,174.0
41.0422,-2.0,172.0
41.0472,-62.0,172.0
41.0522,51.0,172.0
41.0572,38.0,172.0
41.0624,-85.0,174.0
41.0675,-61.0,172.0
41.0726,43.0,170.0
41.0776,53.0,168.0
41.0824,32.0,166.0
41.0873,20.0,166.0
41.0923,-50.0,164.0
41.0973,-92.0,164.0
41.1022,-8.0,162.0
41.1072,95.0,160.0
41.1125,78.0,160.0
41.1173,-55.0,158.0
41.1223,-109.0,158.0
41.1272,14.0,154.0
41.1323,102.0,156.0
41.1373,42.0,154.0
41.1426,-61.0,154.0
41.1483,-133.0,156.0
41.1524,-18.0,156.0
41.1573,205.0,158.0
41.1624,105.0,158.0
41.1674,-198.0,160.0
41.1724,-133.0,162.0
41.1774,129.0,162.0
41.1824,67.0,162.0
41.1873,-61.0,162.0
41.1923,54.0,160.0
41.1974,36.0,160.0
41.2023,-149.0,160.0
41.2075,-46.0,160.0
41.2124,151.0,162.0
41.2174,44.0,162.0
41.2223,-66.0,162.0
41.2275,1.0,160.0
41.2324,-31.0,158.0
41.2373,-73.0,156.0
41.2423,83.0,156.0
41.2474,118.0,154.0
41.2525,-92.0,156.0
41.258,-112.0,154.0
41.2622,87.0,152.0
41.2672,86.0,154.0
41.2723,-67.0,152.0
41.2775,-65.0,150.0
41.2824,17.0,148.0
41.2873,23.0,144.0
41.2923,29.0,144.0
41.2972,50.0,142.0
41.3023,-20.0,142.0
41.3084,-106.0,144.0
41.3125,-36.0,144.0
41.3174,102.0,144.0
41.3223,93.0,146.0
41.3277,-70.0,146.0
41.3331,-149.0,148.0
41.3373,50.0,148.0
41.3423,204.0,150.0
41.3473,-28.0,148.0
41.3534,-216.0,148.0
41.3573,-10.0,146.0
41.3623,159.0,146.0
41.3673,33.0,144.0
41.3723,-71.0,144.0
41.3776,-17.0,142.0
41.3824,10.0,142.0
41.3873,-4.0,142.0
41.3922,0.0,140.0
41.3975,-19.0,140.0
41.4034,-4.0,140.0
41.4074,79.0,138.0
41.4122,55.0,138.0
41.4172,-92.0,138.0
41.4224,-122.0,138.0
41.4272,12.0,138.0
41.4322,108.0,136.0
41.4374,81.0,138.0
41.4422,-8.0,136.0
41.4479,-75.0,138.0
41.4522,-49.0,136.0
41.4572,-5.0,136.0
41.4622,-17.0,136.0
41.4674,35.0,136.0
41.4722,128.0,138.0
41.4772,22.0,138.0
41.4823,-164.0,140.0
41.4873,-66.0,142.0
41.4924,122.0,144.0
41.4972,19.0,142.0
41.5022,-70.0,144.0
41.5072,59.0,142.0
41.5125,43.0,142.0
41.5175,-55.0,142.0
41.5223,-17.0,142.0
41.5272,-63.0,142.0
41.5322,-46.0,142.0
41.5373,199.0,142.0
41.5424,143.0,144.0
41.5474,-219.0,144.0
41.5529,-176.0,144.0
41.5572,121.0,144.0
41.5623,80.0,144.0
41.5673,-18.0,144.0
41.5723,60.0,142.0
41.5774,-46.0,144.0
41.5822,-118.0,142.0
41.5873,137.0,144.0
41.5923,94.0,142.0
41.5974,-258.0,146.0
41.6024,-76.0,144.0
41.6074,306.0,148.0
41.6122,84.0,150.0
41.6173,-228.0,154.0
41.6223,-50.0,154.0
41.6275,116.0,154.0
41.6328,-23.0,152.0
41.6374,-77.0,152.0
41.6422,49.0,152.0
41.6472,85.0,152.0
41.6522,-13.0,152.0
41.6585,-48.0,152.0
41.6622,17.0,152.0
41.6673,-34.0,150.0
41.6723,-119.0,152.0
41.6772,68.0,152.0
41.6823,218.0,154.0
41.6873,-14.0,154.0
41.6929,-176.0,156.0
41.6976,-42.0,156.0
41.7022,11.0,154.0
41.7072,20.0,154.0
41.7124,125.0,156.0
41.7172,41.0,156.0
41.7222,-158.0,158.0
41.7273,-49.0,158.0
41.7322,164.0,160.0
41.7373,-3.0,158.0
41.7424,-209.0,162.0
41.7474,38.0,160.0
41.7524,238.0,162.0
41.7582,-26.0,162.0
41.7623,-189.0,164.0
41.7672,16.0,164.0
41.7725,99.0,164.0
41.7781,-41.0,164.0
41.7822,-44.0,164.0
41.7872,104.0,164.0
41.7922,54.0,164.0
41.7975,-188.0,164.0
41.8023,-104.0,164.0
41.8074,238.0,164.0
41.8122,142.0,164.0
41.8182,-205.0,166.0
41.8225,-120.0,166.0
41.8273,109.0,166.0
41.8323,36.0,166.0
41.8373,-12.0,166.0
41.8422,72.0,164.0
41.8479,-45.0,164.0
41.853,-160.0,166.0
41.8577,55.0,166.0
41.8623,194.0,168.0
41.8673,-35.0,168.0
41.8723,-173.0,170.0
41.8772,11.0,170.0
41.8824,131.0,170.0
41.8873,7.0,168.0
41.8924,-93.0,168.0
41.8973,-12.0,166.0
41.9023,49.0,166.0
41.9073,-12.0,164.0
41.9124,14.0,164.0
41.9174,57.0,164.0
41.9223,-79.0,164.0
41.9272,-87.0,166.0
41.9322,109.0,168.0
41.9372,87.0,168.0
41.9423,-87.0,168.0
41.9473,-66.0,168.0
41.9523,29.0,168.0
41.9572,47.0,168.0
41.963,28.0,166.0
41.9672,-49.0,166.0
41.9722,-65.0,164.0
41.9778,53.0,164.0
41.9822,87.0,162.0
41.9872,3.0,162.0
41.9922,-84.0,160.0
41.9975,-138.0,162.0
42.0022,18.0,160.0
42.0081,261.0,164.0
42.0122,77.0,164.0
42.0172,-287.0,168.0
42.0236,-98.0,170.0
42.0272,251.0,174.0
42.0322,25.0,174.0
42.0374,-226.0,176.0
42.0422,29.0,178.0
42.0474,196.0,178.0
42.0523,13.0,178.0
42.0575,-100.0,178.0
42.0624,-84.0,178.0
42.0673,-40.0,178.0
42.0723,88.0,178.0
42.0774,145.0,178.0
42.0824,-36.0,180.0
42.0875,-182.0,182.0
42.0924,-11.0,180.0
42.0972,167.0,182.0
42.1023,24.0,184.0
42.1072,-96.0,184.0
42.1126,12.0,182.0
42.1173,-2.0,182.0
42.1222,-90.0,180.0
42.1272,41.0,180.0
42.1322,128.0,180.0
42.1374,4.0,180.0
42.1423,-41.0,180.0
42.148,-26.0,180.0
42.1528,-128.0,180.0
42.1572,-80.0,180.0
42.1626,217.0,184.0
42.1674,241.0,186.0
42.1735,-128.0,188.0
42.1774,-280.0,190.0
42.1823,-25.0,188.0
42.1882,179.0,186.0
42.1922,77.0,186.0
42.1975,-99.0,186.0
42.2023,-29.0,184.0
42.2073,134.0,186.0
42.2122,19.0,186.0
42.2177,-193.0,188.0
42.2222,-95.0,188.0
42.2277,144.0,188.0
42.2334,146.0,188.0
42.2374,2.0,184.0
42.2429,-72.0,184.0
42.2472,-111.0,182.0
42.2527,-68.0,180.0
42.2573,87.0,178.0
42.2623,133.0,180.0
42.2674,6.0,178.0
42.2724,-84.0,180.0
42.2773,-42.0,178.0
42.2822,24.0,178.0
42.2875,-14.0,178.0
42.2922,-40.0,178.0
42.2975,83.0,178.0
42.3022,91.0,180.0
42.3073,-103.0,180.0
42.3123,-85.0,180.0
42.3173,109.0,180.0
42.3223,34.0,178.0
42.3273,-146.0,180.0
42.3322,-35.0,178.0
42.3373,178.0,180.0
42.3434,124.0,182.0
42.3475,-146.0,184.0
42.3525,-222.0,184.0
42.3572,52.0,186.0
42.3624,245.0,186.0
42.3672,35.0,186.0
42.3726,-191.0,186.0
42.3773,-71.0,188.0
42.3823,115.0,186.0
42.3872,74.0,186.0
42.3922,-41.0,184.0
42.3973,-64.0,184.0
42.4023,-51.0,182.0
42.4072,18.0,182.0
42.4131,161.0,184.0
42.4173,75.0,184.0
42.4224,-236.0,186.0
42.4276,-162.0,188.0
42.4322,226.0,190.0
42.4373,174.0,190.0
42.4422,-165.0,190.0
42.4472,-114.0,190.0
42.4522,125.0,188.0
42.4574,58.0,186.0
42.4624,-123.0,186.0
42.4674,-89.0,186.0
42.4722,110.0,188.0
42.4772,202.0,190.0
42.4822,-41.0,190.0
42.4872,-284.0,194.0
42.4922,-50.0,192.0
42.4973,232.0,194.0
42.5022,78.0,192.0
42.5072,-84.0,194.0
42.5126,11.0,192.0
42.5173,-22.0,192.0
42.5224,-157.0,192.0
42.5273,12.0,192.0
42.5322,226.0,194.0
42.5374,56.0,194.0
42.5425,-141.0,196.0
42.5473,-68.0,196.0
42.5522,-31.0,198.0
42.5575,-20.0,196.0
42.5623,141.0,198.0
42.5676,120.0,198.0
42.5726,-108.0,198.0
42.5774,-115.0,198.0
42.5822,6.0,198.0
42.5872,7.0,196.0
42.5933,33.0,196.0
42.5979,86.0,196.0
42.6022,4.0,196.0
42.6075,-82.0,198.0
42.6122,-23.0,196.0
42.6186,33.0,196.0
42.6223,-9.0,194.0
42.6273,-28.0,196.0
42.6323,21.0,194.0
42.6373,55.0,192.0
42.6422,31.0,194.0
42.6473,-45.0,190.0
42.6522,-84.0,190.0
42.6572,-1.0,186.0
42.6623,81.0,186.0
42.6672,23.0,182.0
42.6725,-57.0,182.0
42.6773,-5.0,178.0
42.6822,74.0,180.0
42.6872,0.0,176.0
42.6923,-118.0,178.0
42.6972,-40.0,176.0
42.7022,121.0,178.0
42.7074,101.0,178.0
42.7123,-52.0,178.0
42.7173,-136.0,178.0
42.7223,-47.0,178.0
42.7273,110.0,176.0
42.7323,93.0,178.0
42.7376,-46.0,176.0
42.7423,-31.0,176.0
42.7474,33.0,176.0
42.7524,-81.0,176.0
42.7576,-110.0,178.0
42.7624,133.0,178.0
42.7673,185.0,182.0
42.7725,-98.0,180.0
42.7775,-143.0,182.0
42.7822,45.0,182.0
42.7872,-8.0,182.0
42.7923,-33.0,182.0
42.7973,156.0,182.0
42.8022,53.0,180.0
42.8073,-199.0,180.0
42.8122,-49.0,178.0
42.8175,149.0,176.0
42.8231,0.0,176.0
42.8273,-81.0,174.0
42.8322,58.0,174.0
42.8372,38.0,172.0
42.8423,-85.0,174.0
42.8472,-11.0,172.0
42.8524,84.0,172.0
42.8574,-8.0,170.0
42.8623,-74.0,170.0
42.8672,4.0,168.0
42.8722,41.0,166.0
42.8772,33.0,166.0
42.8824,43.0,166.0
42.8874,-68.0,164.0
42.8925,-149.0,166.0
42.8972,46.0,166.0
42.9023,196.0,166.0
42.9072,16.0,166.0
42.9123,-150.0,168.0
42.9174,-47.0,168.0
42.9222,92.0,168.0
42.9272,30.0,170.0
42.9334,-117.0,170.0
42.9372,-38.0,170.0
42.9423,183.0,170.0
42.9473,103.0,170.0
42.9522,-168.0,172.0
42.9572,-133.0,172.0
42.9622,71.0,174.0
42.9673,54.0,172.0
42.9722,-19.0,172.0
42.9772,39.0,170.0
42.9822,78.0,168.0
42.9873,-3.0,166.0
42.9922,-149.0,166.0
42.9977,-163.0,168.0
43.0023,108.0,164.0
43.0072,299.0,168.0
43.0122,26.0,166.0
43.0173,-262.0,170.0
43.0223,-108.0,170.0
43.0285,99.0,170.0
43.0322,36.0,170.0
43.0372,4.0,168.0
43.0423,123.0,170.0
43.0472,55.0,170.0
43.0522,-209.0,172.0
43.0575,-197.0,174.0
43.0623,141.0,172.0
43.0672,274.0,174.0
43.0722,-3.0,170.0
43.0774,-247.0,170.0
43.0823,-79.0,170.0
43.0875,184.0,170.0
43.0924,65.0,170.0
43.0973,-134.0,170.0
43.1022,-8.0,170.0
43.1076,98.0,170.0
43.1131,-29.0,168.0
43.1173,-65.0,166.0
43.1222,22.0,166.0
43.1272,24.0,162.0
43.1322,34.0,162.0
43.1372,64.0,158.0
43.1437,-123.0,160.0
43.1472,-217.0,162.0
43.1524,169.0,164.0
43.1573,344.0,168.0
43.1625,-117.0,168.0
43.1673,-323.0,174.0
43.1722,29.0,170.0
43.1772,157.0,172.0
43.183,-10.0,170.0
43.1872,10.0,168.0
43.1922,69.0,170.0
43.1973,-67.0,170.0
43.2023,-120.0,170.0
43.2078,34.0,168.0
43.2124,130.0,168.0
43.2173,7.0,168.0
43.2223,-148.0,170.0
43.2284,-38.0,170.0
43.2324,177.0,172.0
43.2374,85.0,172.0
43.2423,-141.0,174.0
43.2475,-136.0,174.0
43.2524,26.0,174.0
43.2579,145.0,176.0
43.2623,68.0,178.0
43.2674,-105.0,178.0
43.2722,-51.0,180.0
43.278,68.0,180.0
43.2824,-56.0,180.0
43.2885,-86.0,180.0
43.2924,145.0,182.0
43.2973,140.0,184.0
43.3022,-141.0,184.0
43.3072,-157.0,186.0
43.3123,83.0,188.0
43.3172,105.0,188.0
43.3223,-49.0,188.0
43.3272,-39.0,188.0
43.3322,61.0,188.0
43.3372,38.0,188.0
43.3422,-67.0,188.0
43.3473,-111.0,188.0
43.3522,10.0,186.0
43.3572,190.0,188.0
43.3622,98.0,188.0
43.3674,-206.0,190.0
43.3723,-183.0,192.0
43.3774,164.0,194.0
43.3822,189.0,196.0
43.3873,-124.0,196.0
43.3923,-148.0,198.0
43.3972,119.0,198.0
43.4024,134.0,198.0
43.4074,-104.0,196.0
43.4122,-137.0,198.0
43.4181,39.0,196.0
43.4223,89.0,196.0
43.4272,35.0,196.0
43.4326,-1.0,196.0
43.4372,-54.0,194.0
43.4422,-39.0,194.0
43.4472,22.0,192.0
43.4522,-8.0,192.0
43.4573,-3.0,188.0
43.4623,94.0,190.0
43.4672,30.0,190.0
43.4725,-141.0,190.0
43.4773,-66.0,192.0
43.4825,126.0,192.0
43.4873,70.0,192.0
43.4924,-68.0,192.0
43.4972,-50.0,194.0
43.5022,-12.0,192.0
43.5071,12.0,192.0
43.5123,93.0,194.0
43.5173,54.0,194.0
43.5223,-135.0,196.0
43.5274,-138.0,196.0
43.5324,110.0,196.0
43.5373,181.0,198.0
43.5423,-35.0,196.0
43.5473,-135.0,198.0
43.5523,-41.0,196.0
43.5578,22.0,194.0
43.5622,77.0,194.0
43.5672,74.0,196.0
43.5724,-60.0,194.0
43.5774,-94.0,196.0
43.5822,23.0,192.0
43.5871,65.0,192.0
43.593,2.0,190.0
43.5973,-50.0,188.0
43.6022,-30.0,188.0
43.608,38.0,188.0
43.6125,91.0,188.0
43.6173,41.0,188.0
43.6224,-150.0,190.0
43.6282,-197.0,192.0
43.6324,120.0,192.0
43.6374,308.0,194.0
43.6435,11.0,194.0
43.6475,-247.0,192.0
43.6522,-121.0,194.0
43.6573,47.0,190.0
43.6622,94.0,190.0
43.6673,116.0,190.0
43.6729,19.0,190.0
43.6773,-143.0,192.0
43.6831,-83.0,192.0
43.6874,100.0,192.0
43.6924,46.0,190.0
43.6972,-93.0,188.0
43.7032,19.0,186.0
43.7072,123.0,184.0
43.7124,-41.0,184.0
43.7173,-104.0,182.0
43.7222,28.0,182.0
43.7272,16.0,178.0
43.733,-43.0,178.0
43.7376,34.0,178.0
43.7422,85.0,178.0
43.7479,44.0,178.0
43.7523,-70.0,178.0
43.7572,-170.0,180.0
43.7622,-31.0,180.0
43.7672,168.0,182.0
43.7723,115.0,184.0
43.7773,-13.0,182.0
43.7828,-70.0,182.0
43.7873,-134.0,180.0
43.7923,-51.0,178.0
43.7973,157.0,176.0
43.8025,111.0,176.0
43.8074,-107.0,172.0
43.8122,-68.0,172.0
43.8172,88.0,172.0
43.8222,8.0,172.0
43.8274,-96.0,174.0
43.8325,0.0,172.0
43.8375,61.0,172.0
43.8422,8.0,170.0
43.8472,19.0,170.0
43.8523,25.0,168.0
43.8581,-55.0,168.0
43.8623,-78.0,168.0
43.8673,6.0,168.0
43.8722,84.0,166.0
43.8773,46.0,166.0
43.8823,-46.0,164.0
43.888,-30.0,162.0
43.8923,31.0,162.0
43.8972,-11.0,160.0
43.9021,-67.0,160.0
43.9082,-12.0,158.0
43.9123,86.0,160.0
43.9172,96.0,160.0
43.9222,-16.0,160.0
43.9272,-148.0,160.0
43.9322,-104.0,160.0
43.9372,119.0,160.0
43.9423,165.0,160.0
43.9482,-60.0,158.0
43.953,-112.0,158.0
43.9573,34.0,158.0
43.9621,0.0,156.0
43.9681,-39.0,156.0
43.9722,93.0,156.0
43.9773,41.0,158.0
43.9825,-131.0,158.0
43.9872,-15.0,156.0
43.9922,134.0,158.0
43.9972,-22.0,156.0
44.0025,-133.0,156.0
44.0072,26.0,154.0
44.0122,132.0,152.0
44.0172,23.0,150.0
44.0223,-120.0,150.0
44.0273,-87.0,148.0
44.0331,90.0,148.0
44.0379,104.0,148.0
44.0422,-43.0,146.0
44.0472,-43.0,146.0
44.0521,7.0,144.0
44.0574,-62.0,144.0
44.0623,-17.0,142.0
44.0674,148.0,144.0
44.0722,72.0,146.0
44.0772,-180.0,148.0
44.0822,-138.0,148.0
44.0873,165.0,152.0
44.0923,193.0,154.0
44.0972,-99.0,156.0
44.1023,-220.0,158.0
44.1077,-24.0,158.0
44.1126,211.0,158.0
44.1172,189.0,160.0
44.1223,-148.0,160.0
44.1281,-323.0,164.0
44.1322,4.0,164.0
44.138,330.0,168.0
44.1423,154.0,170.0
44.1474,-193.0,174.0
44.1525,-212.0,176.0
44.1572,29.0,174.0
44.1622,170.0,176.0
44.1674,51.0,174.0
44.1722,-144.0,174.0
44.1775,-70.0,172.0
44.1823,180.0,174.0
44.1873,100.0,174.0
44.1922,-215.0,178.0
44.198,-147.0,180.0
44.2024,218.0,182.0
44.2074,186.0,184.0
44.2122,-233.0,186.0
44.2172,-235.0,188.0
44.2234,252.0,192.0
44.2272,292.0,196.0
44.2324,-195.0,198.0
44.2374,-283.0,202.0
44.2425,57.0,202.0
44.2472,166.0,204.0
44.2522,66.0,204.0
44.2572,-20.0,204.0
44.2625,-117.0,202.0
44.2672,-30.0,200.0
44.2725,136.0,200.0
44.2772,-33.0,196.0
44.2822,-160.0,198.0
44.2872,110.0,196.0
44.2923,159.0,198.0
44.2972,-107.0,198.0
44.3022,-94.0,198.0
44.3072,37.0,196.0
44.313,-12.0,196.0
44.3178,41.0,196.0
44.3223,98.0,196.0
44.3272,-89.0,196.0
44.3326,-118.0,196.0
44.3387,96.0,196.0
44.3421,89.0,198.0
44.3479,-65.0,196.0
44.3523,-67.0,196.0
44.3572,8.0,196.0
44.3622,71.0,196.0
44.3672,47.0,196.0
44.3729,-68.0,196.0
44.3774,-68.0,198.0
44.3822,51.0,196.0
44.3872,54.0,198.0
44.3922,-42.0,196.0
44.3975,-51.0,194.0
44.4023,31.0,194.0
44.4073,80.0,194.0
44.4126,8.0,192.0
44.4173,-99.0,194.0
44.4222,-70.0,194.0
44.4274,59.0,192.0
44.4323,103.0,192.0
44.4373,26.0,190.0
44.4422,-72.0,190.0
44.4474,-96.0,190.0
44.4522,-1.0,188.0
44.4574,106.0,190.0
44.4624,77.0,190.0
44.4673,-50.0,190.0
44.4722,-122.0,192.0
44.4772,-39.0,192.0
44.4822,111.0,192.0
44.4874,112.0,194.0
44.4925,-39.0,194.0
44.4981,-123.0,196.0
44.5025,-36.0,194.0
44.5072,75.0,196.0
44.5126,41.0,196.0
44.5172,-30.0,194.0
44.5229,26.0,194.0
44.5272,35.0,194.0
44.5322,-89.0,196.0
44.5374,-52.0,196.0
44.5424,90.0,196.0
44.5481,21.0,196.0
44.5522,-63.0,196.0
44.5572,46.0,196.0
44.5621,51.0,196.0
44.5672,-91.0,196.0
44.5723,-37.0,194.0
44.5773,102.0,194.0
44.5822,-6.0,192.0
44.5872,-109.0,192.0
44.5944,45.0,192.0
44.5973,119.0,192.0
44.6022,-37.0,194.0
44.6074,-111.0,194.0
44.6126,1.0,192.0
44.6174,85.0,194.0
44.6223,14.0,192.0
44.6273,-77.0,192.0
44.6324,-11.0,190.0
44.6372,112.0,192.0
44.6422,33.0,190.0
44.6473,-148.0,192.0
44.6523,-101.0,192.0
44.6573,112.0,194.0
44.6622,152.0,194.0
44.6673,-3.0,192.0
44.6722,-117.0,192.0
44.6772,-90.0,192.0
44.6831,26.0,192.0
44.6872,99.0,194.0
44.6922,14.0,194.0
44.698,-50.0,194.0
44.7021,48.0,194.0
44.7074,37.0,192.0
44.7124,-140.0,194.0
44.7175,-98.0,192.0
44.7222,158.0,192.0
44.7278,165.0,192.0
44.7328,-101.0,190.0
44.7375,-157.0,192.0
44.7422,44.0,188.0
44.7474,79.0,190.0
44.7523,-36.0,186.0
44.7571,-5.0,184.0
44.7622,64.0,182.0
44.7672,-15.0,178.0
44.7725,-101.0,180.0
44.7773,-9.0,174.0
44.7822,124.0,174.0
44.7872,43.0,172.0
44.7923,-119.0,170.0
44.7974,-67.0,170.0
44.8025,89.0,170.0
44.8073,93.0,170.0
44.8122,-39.0,168.0
44.818,-130.0,170.0
44.8225,-29.0,168.0
44.8274,155.0,168.0
44.8324,99.0,166.0
44.8374,-140.0,166.0
44.8422,-129.0,164.0
44.8471,82.0,162.0
44.8522,95.0,160.0
44.8574,-24.0,158.0
44.8622,-25.0,154.0
44.8675,28.0,150.0
44.8722,-11.0,146.0
44.8774,-102.0,144.0
44.8824,-22.0,144.0
44.8874,178.0,144.0
44.8923,83.0,144.0
44.8972,-204.0,146.0
44.9022,-110.0,146.0
44.9072,194.0,150.0
44.9125,120.0,150.0
44.9173,-155.0,152.0
44.9222,-157.0,150.0
44.9272,55.0,150.0
44.9323,182.0,150.0
44.9381,88.0,150.0
44.9435,-125.0,150.0
44.9473,-173.0,152.0
44.9522,13.0,152.0
44.9576,138.0,154.0
44.9627,52.0,154.0
44.9674,-39.0,152.0
44.9723,-35.0,152.0
44.9774,-31.0,150.0
44.9823,9.0,150.0
44.9873,61.0,150.0
44.9923,-33.0,148.0
44.9976,-85.0,150.0
45.0024,67.0,150.0
45.0074,99.0,150.0
45.0123,-73.0,150.0
45.0175,-73.0,150.0
45.0224,79.0,152.0
45.0275,32.0,150.0
45.0325,-102.0,152.0
45.0376,-24.0,152.0
45.0427,99.0,152.0
45.0473,49.0,152.0
45.0523,-43.0,152.0
45.0575,-61.0,152.0
45.0623,-15.0,152.0
45.0673,43.0,150.0
45.0735,14.0,150.0
45.0778,-24.0,150.0
45.0823,42.0,148.0
45.0872,27.0,148.0
45.0923,-82.0,150.0
45.0972,-32.0,148.0
45.1022,63.0,148.0
45.1073,12.0,148.0
45.1136,3.0,146.0
45.1172,21.0,144.0
45.1223,-75.0,144.0
45.1274,-41.0,144.0
45.1322,96.0,144.0
45.1373,30.0,142.0
45.1422,-50.0,142.0
45.1474,26.0,142.0
45.1522,5.0,142.0
45.1581,-113.0,142.0
45.1629,-35.0,144.0
45.1672,149.0,144.0
45.1724,99.0,146.0
45.1781,-77.0,146.0
45.1822,-90.0,146.0
45.1872,-31.0,146.0
45.1923,-16.0,144.0
45.1972,66.0,146.0
45.2023,136.0,146.0
45.2079,-19.0,146.0
45.2124,-178.0,148.0
45.2172,-38.0,146.0
45.2222,115.0,148.0
45.2281,50.0,148.0
45.2323,5.0,146.0
45.2373,-6.0,144.0
45.2425,-93.0,146.0
45.2472,-53.0,144.0
45.2524,96.0,146.0
45.2572,65.0,146.0
45.2623,-49.0,146.0
45.2673,0.0,146.0
45.2722,25.0,146.0
45.2772,-90.0,146.0
45.2823,-47.0,146.0
45.2874,138.0,146.0
45.2923,63.0,144.0
45.2973,-132.0,146.0
45.3022,-23.0,144.0
45.3074,103.0,144.0
45.3124,-56.0,144.0
45.3173,-75.0,144.0
45.3229,116.0,144.0
45.328,55.0,144.0
45.3331,-115.0,146.0
45.3372,-19.0,146.0
45.3422,69.0,146.0
45.3472,-59.0,146.0
45.3535,-27.0,144.0
45.3574,153.0,146.0
45.3627,8.0,142.0
45.3672,-195.0,144.0
45.3723,-3.0,142.0
45.3773,143.0,142.0
45.3821,6.0,140.0
45.3872,-14.0,140.0
45.3926,-6.0,140.0
45.3972,-118.0,142.0
45.4033,-20.0,140.0
45.4074,170.0,142.0
45.4128,78.0,142.0
45.4173,-106.0,144.0
45.4222,-125.0,144.0
45.4274,-22.0,144.0
45.4325,105.0,144.0
45.4378,113.0,144.0
45.4422,-14.0,142.0
45.4472,-102.0,144.0
45.4531,-97.0,144.0
45.4571,18.0,142.0
45.4623,183.0,144.0
45.4672,76.0,144.0
45.4722,-200.0,146.0
45.4773,-128.0,144.0
45.4822,147.0,146.0
45.4873,95.0,146.0
45.4932,-101.0,146.0
45.4972,-14.0,146.0
45.5023,120.0,146.0
45.5078,-12.0,146.0
45.5129,-145.0,148.0
45.5172,-41.0,148.0
45.5224,92.0,148.0
45.5272,90.0,148.0
45.5324,6.0,146.0
45.538,-71.0,144.0
45.5441,-49.0,144.0
45.5477,34.0,140.0
45.5528,20.0,140.0
45.5574,-26.0,138.0
45.5625,3.0,134.0
45.5692,9.0,134.0
45.5721,6.0,132.0
45.5778,49.0,130.0
45.5826,-8.0,128.0
45.5883,-99.0,128.0
45.5926,-16.0,128.0
45.5978,79.0,126.0
45.6027,29.0,126.0
45.6078,-4.0,126.0
45.6129,5.0,126.0
45.6182,-41.0,126.0
45.6224,-54.0,126.0
45.6274,10.0,126.0
45.6322,50.0,126.0
45.6379,52.0,126.0
45.6423,2.0,124.0
45.6471,-88.0,124.0
45.6526,-28.0,124.0
45.6576,91.0,124.0
45.6621,5.0,122.0
45.6678,-71.0,122.0
45.6723,17.0,122.0
45.6774,21.0,122.0
45.6822,0.0,120.0
45.6872,55.0,120.0
45.6932,-33.0,120.0
45.6972,-123.0,120.0
45.7024,22.0,122.0
45.7088,119.0,122.0
45.7129,31.0,122.0
45.7176,-33.0,122.0
45.7221,-71.0,124.0
45.7284,-61.0,124.0
45.733,74.0,124.0
45.7388,103.0,124.0
45.7421,-70.0,124.0
45.7479,-112.0,126.0
45.7521,69.0,128.0
45.7572,108.0,128.0
45.7627,-55.0,128.0
45.7683,-66.0,128.0
45.7725,36.0,128.0
45.7779,-2.0,128.0
45.7824,-40.0,128.0
45.7873,31.0,128.0
45.7925,43.0,128.0
45.7981,1.0,126.0
45.8022,-3.0,126.0
45.8072,-33.0,124.0
45.8123,-49.0,124.0
45.8174,16.0,122.0
45.8224,58.0,122.0
45.8283,9.0,122.0
45.8323,-33.0,122.0
45.8372,8.0,120.0
45.8423,61.0,120.0
45.8476,-35.0,120.0
45.8527,-185.0,120.0
45.8577,-30.0,120.0
45.8622,294.0,122.0
45.8674,216.0,126.0
45.8724,-215.0,128.0
45.8772,-385.0,134.0
45.8825,-50.0,134.0
45.8877,373.0,138.0
45.893,284.0,142.0
45.8972,-195.0,144.0
45.9024,-293.0,148.0
45.9075,27.0,148.0
45.9128,116.0,150.0
45.9171,-6.0,148.0
45.9227,47.0,148.0
45.9275,113.0,148.0
45.9323,-60.0,148.0
45.9372,-221.0,148.0
45.9427,-53.0,150.0
45.9477,221.0,152.0
45.9524,154.0,152.0
45.9583,-108.0,154.0
45.9622,-119.0,154.0
45.9674,-18.0,152.0
45.9729,-19.0,152.0
45.9777,60.0,152.0
45.9822,110.0,152.0
45.9874,-19.0,152.0
45.9924,-50.0,152.0
45.998,-17.0,150.0
46.0026,-114.0,152.0
46.0077,2.0,148.0
46.0124,259.0,152.0
46.0173,42.0,152.0
46.0233,-302.0,156.0
46.0275,-82.0,156.0
46.0327,246.0,160.0
46.0386,106.0,160.0
46.0423,-132.0,162.0
46.0472,-100.0,162.0
46.0531,10.0,160.0
46.0589,54.0,160.0
46.0629,58.0,158.0
46.0679,-2.0,158.0
46.0724,-16.0,156.0
46.0788,15.0,154.0
46.0831,-110.0,156.0
46.0883,-123.0,156.0
46.0935,194.0,158.0
46.0972,246.0,162.0
46.103,-147.0,162.0
46.1075,-260.0,164.0
46.1128,39.0,162.0
46.1172,140.0,162.0
46.1221,-11.0,160.0
46.1275,-5.0,158.0
46.1324,97.0,158.0
46.1374,6.0,158.0
46.1426,-183.0,160.0
46.1477,-151.0,162.0
46.1527,142.0,162.0
46.1572,270.0,164.0
46.1624,-14.0,164.0
46.1674,-241.0,166.0
46.1722,-47.0,166.0
46.1777,148.0,168.0
46.1823,5.0,168.0
46.1874,-101.0,168.0
46.1921,25.0,168.0
46.1975,64.0,168.0
46.2024,12.0,168.0
46.2072,29.0,170.0
46.2122,-38.0,170.0
46.2174,-129.0,172.0
46.2223,-5.0,170.0
46.2278,126.0,172.0
46.2329,37.0,172.0
46.238,-35.0,172.0
46.2424,25.0,170.0
46.2473,1.0,170.0
46.2527,-98.0,172.0
46.2578,-87.0,174.0
46.2622,28.0,172.0
46.2677,173.0,176.0
46.2724,157.0,176.0
46.2776,-150.0,178.0
46.2823,-270.0,182.0
46.2872,83.0,182.0
46.2922,219.0,186.0
46.2972,-90.0,186.0
46.3026,-116.0,188.0
46.3085,141.0,188.0
46.3124,72.0,190.0
46.3175,-117.0,190.0
46.3222,-25.0,192.0
46.3274,27.0,190.0
46.3325,-88.0,192.0
46.3378,-6.0,190.0
46.3422,148.0,192.0
46.3476,83.0,192.0
46.3524,-38.0,192.0
46.3576,-118.0,192.0
46.3624,-108.0,194.0
46.3673,51.0,192.0
46.3724,100.0,194.0
46.3785,-7.0,192.0
46.3828,24.0,192.0
46.3871,69.0,190.0
46.3927,-70.0,190.0
46.3978,-129.0,190.0
46.4021,-41.0,190.0
46.4081,55.0,190.0
46.4124,172.0,192.0
46.4174,95.0,194.0
46.4222,-170.0,196.0
46.4282,-144.0,198.0
46.4328,77.0,198.0
46.4374,43.0,198.0
46.4424,-29.0,200.0
46.4484,93.0,200.0
46.4524,60.0,200.0
46.4572,-137.0,202.0
46.4628,-97.0,202.0
46.4688,63.0,204.0
46.4722,66.0,204.0
46.4775,37.0,204.0
46.4825,19.0,204.0
46.4875,-71.0,204.0
46.493,-89.0,204.0
46.4975,39.0,204.0
46.5024,104.0,200.0
46.5073,5.0,198.0
46.5128,-72.0,194.0
46.5172,-27.0,190.0
46.5222,23.0,188.0
46.5272,12.0,184.0
46.5321,0.0,178.0
46.5377,20.0,176.0
46.5422,11.0,172.0
46.5472,-27.0,172.0
46.5522,0.0,170.0
46.5572,14.0,170.0
46.5623,-67.0,170.0
46.5675,-24.0,168.0
46.5722,146.0,170.0
46.5773,73.0,168.0
46.5822,-161.0,170.0
46.5872,-117.0,168.0
46.5954,104.0,168.0
46.5972,87.0,166.0
46.6031,-47.0,166.0
46.6076,2.0,166.0
46.6121,47.0,166.0
46.6172,-58.0,166.0
46.6222,-62.0,166.0
46.628,57.0,166.0
46.6322,39.0,166.0
46.6378,-69.0,166.0
46.6423,-30.0,166.0
46.6472,97.0,166.0
46.6528,93.0,164.0
46.6574,-41.0,164.0
46.6622,-157.0,162.0
46.6673,-126.0,162.0
46.6731,100.0,160.0
46.6773,289.0,162.0
46.6824,79.0,162.0
46.6874,-317.0,166.0
46.6924,-247.0,170.0
46.6972,221.0,172.0
46.7022,286.0,176.0
46.7072,-118.0,178.0
46.7125,-203.0,180.0
46.7178,71.0,180.0
46.7222,67.0,180.0
46.7272,-57.0,180.0
46.7322,55.0,178.0
46.7372,45.0,174.0
46.7424,-88.0,174.0
46.7472,-22.0,170.0
46.7522,-18.0,168.0
46.7575,-41.0,168.0
46.7623,189.0,170.0
46.7672,142.0,172.0
46.7732,-265.0,174.0
46.7772,-201.0,178.0
46.7822,203.0,178.0
46.7873,153.0,178.0
46.7922,-115.0,178.0
46.7972,-45.0,174.0
46.8023,96.0,176.0
46.8074,-31.0,172.0
46.8122,-118.0,174.0
46.8172,27.0,172.0
46.8223,99.0,174.0
46.8275,31.0,172.0
46.8324,-6.0,172.0
46.8373,-77.0,172.0
46.8432,-112.0,174.0
46.8473,75.0,174.0
46.8522,177.0,176.0
46.8576,-37.0,174.0
46.8623,-145.0,178.0
46.8672,-21.0,176.0
46.8722,28.0,176.0
46.8794,67.0,176.0
46.8823,109.0,178.0
46.8873,-40.0,178.0
46.8924,-165.0,178.0
46.8971,-50.0,178.0
46.9022,66.0,178.0
46.9074,106.0,178.0
46.9124,114.0,178.0
46.9174,-76.0,176.0
46.9222,-224.0,176.0
46.9272,23.0,174.0
46.9322,197.0,174.0
46.9372,-18.0,172.0
46.9422,-97.0,172.0
46.9474,46.0,172.0
46.9524,31.0,170.0
46.9572,-62.0,170.0
46.9625,-42.0,170.0
46.9673,54.0,170.0
46.9723,95.0,170.0
46.9773,-38.0,170.0
46.9822,-128.0,170.0
46.9872,41.0,170.0
46.9922,127.0,172.0
46.9971,-72.0,170.0
47.0023,-138.0,172.0
47.0074,79.0,172.0
47.0121,186.0,172.0
47.0172,10.0,172.0
47.0222,-213.0,176.0
47.0274,-184.0,178.0
47.0323,152.0,178.0
47.038,338.0,182.0
47.0427,-18.0,182.0
47.0472,-392.0,188.0
47.0522,-112.0,186.0
47.0572,336.0,190.0
47.0622,168.0,190.0
47.0673,-213.0,190.0
47.0722,-109.0,192.0
47.078,100.0,192.0
47.0822,-29.0,192.0
47.0872,-78.0,192.0
47.0922,129.0,194.0
47.0972,133.0,194.0
47.1027,-99.0,194.0
47.1072,-149.0,194.0
47.1125,-1.0,194.0
47.1172,39.0,194.0
47.1222,26.0,194.0
47.1272,123.0,194.0
47.1321,72.0,194.0
47.1372,-194.0,196.0
47.1425,-179.0,198.0
47.1483,151.0,200.0
47.1526,179.0,202.0
47.1572,-103.0,202.0
47.1621,-99.0,204.0
47.1672,127.0,206.0
47.1722,50.0,206.0
47.1774,-189.0,210.0
47.1824,-76.0,210.0
47.1873,204.0,214.0
47.1922,120.0,214.0
47.1975,-155.0,218.0
47.2023,-124.0,218.0
47.2073,107.0,220.0
47.2127,106.0,218.0
47.2181,-95.0,220.0
47.2223,-103.0,218.0
47.2274,70.0,218.0
47.2323,85.0,218.0
47.2373,-14.0,216.0
47.2432,-28.0,216.0
47.2472,-13.0,216.0
47.2528,-24.0,216.0
47.2575,-3.0,214.0
47.2623,32.0,214.0
47.2673,27.0,214.0
47.2725,-14.0,214.0
47.2772,-31.0,212.0
47.2823,-3.0,212.0
47.2874,17.0,212.0
47.2923,39.0,210.0
47.2973,14.0,210.0
47.3022,-128.0,210.0
47.3082,-75.0,208.0
47.3125,229.0,210.0
47.3173,149.0,208.0
47.3223,-244.0,210.0
47.3273,-171.0,208.0
47.3326,158.0,208.0
47.3373,103.0,206.0
47.3422,-66.0,202.0
47.3473,3.0,200.0
47.3536,44.0,198.0
47.3581,-75.0,198.0
47.3623,-60.0,198.0
47.3673,110.0,198.0
47.3724,40.0,198.0
47.3774,-150.0,200.0
47.3822,36.0,200.0
47.3873,184.0,202.0
47.3923,-133.0,204.0
47.3974,-147.0,206.0
47.4029,210.0,206.0
47.4072,27.0,204.0
47.4124,-275.0,204.0
47.4171,89.0,202.0
47.4224,330.0,204.0
47.4274,-93.0,204.0
47.4324,-321.0,206.0
47.4374,-17.0,206.0
47.4422,195.0,208.0
47.4473,122.0,208.0
47.4524,-9.0,208.0
47.4572,-120.0,208.0
47.4625,-108.0,208.0
47.4673,41.0,208.0
47.4722,98.0,210.0
47.4772,-3.0,210.0
47.4824,-3.0,208.0
47.4873,52.0,208.0
47.4924,-94.0,206.0
47.4972,-130.0,208.0
47.5022,147.0,208.0
47.5072,164.0,210.0
47.5128,-128.0,212.0
47.5172,-119.0,212.0
47.5222,54.0,210.0
47.5272,-3.0,210.0
47.5331,13.0,208.0
47.5372,152.0,210.0
47.5435,-43.0,210.0
47.5474,-254.0,212.0
47.5521,63.0,210.0
47.5572,283.0,214.0
47.5622,-87.0,212.0
47.5671,-253.0,216.0
47.5722,96.0,214.0
47.5772,183.0,216.0
47.5822,-59.0,216.0
47.5872,-92.0,216.0
47.5922,-26.0,216.0
47.5979,32.0,216.0
47.6022,135.0,218.0
47.6075,-73.0,218.0
47.6121,-248.0,220.0
47.6173,184.0,222.0
47.6222,342.0,226.0
47.6279,-234.0,228.0
47.6325,-341.0,232.0
47.6372,167.0,234.0
47.6422,209.0,234.0
47.6477,-58.0,234.0
47.6521,-44.0,232.0
47.6571,-13.0,232.0
47.6622,-12.0,230.0
47.6672,42.0,226.0
47.6732,-61.0,226.0
47.6772,-56.0,222.0
47.6824,159.0,224.0
47.6872,67.0,218.0
47.6924,-189.0,220.0
47.6972,-55.0,216.0
47.7022,158.0,214.0
47.7072,17.0,212.0
47.7127,-116.0,212.0
47.7175,17.0,210.0
47.7221,77.0,212.0
47.7272,-28.0,210.0
47.7321,-44.0,210.0
47.7386,23.0,208.0
47.7421,22.0,206.0
47.7473,-27.0,204.0
47.7523,-7.0,204.0
47.7574,57.0,204.0
47.7622,0.0,204.0
47.7675,-92.0,204.0
47.7737,-7.0,202.0
47.7772,94.0,202.0
47.7821,21.0,198.0
47.7871,-71.0,198.0
47.7922,-18.0,196.0
47.7981,68.0,194.0
47.8022,-5.0,194.0
47.8072,-97.0,192.0
47.8125,30.0,192.0
47.8172,112.0,192.0
47.8222,-31.0,190.0
47.8272,-69.0,188.0
47.8322,22.0,186.0
47.8373,-14.0,184.0
47.8427,-37.0,184.0
47.8472,75.0,182.0
47.8522,78.0,182.0
47.8574,-84.0,182.0
47.863,-124.0,182.0
47.8671,70.0,182.0
47.8728,164.0,184.0
47.8772,-65.0,184.0
47.8823,-197.0,188.0
47.8874,62.0,188.0
47.8924,229.0,192.0
47.898,-37.0,192.0
47.9022,-248.0,194.0
47.9073,-5.0,194.0
47.9124,205.0,198.0
47.9172,21.0,198.0
47.9222,-86.0,198.0
47.9272,30.0,198.0
47.9323,-15.0,198.0
47.9373,-124.0,200.0
47.9429,-6.0,198.0
47.9474,171.0,200.0
47.9523,122.0,198.0
47.9572,-119.0,198.0
47.9629,-187.0,196.0
47.9672,31.0,194.0
47.9722,131.0,194.0
47.9773,-6.0,192.0
47.9822,-20.0,192.0
47.9872,49.0,192.0
47.9921,-60.0,192.0
47.9972,-92.0,194.0
48.0024,92.0,194.0
48.0074,97.0,194.0
48.0123,-96.0,194.0
48.0172,-81.0,194.0
48.0222,94.0,194.0
48.0272,67.0,192.0
48.0322,-91.0,192.0
48.0373,-33.0,190.0
48.0422,104.0,188.0
48.0472,-32.0,188.0
48.0523,-157.0,186.0
48.0572,58.0,186.0
48.0622,197.0,184.0
48.0672,17.0,182.0
48.0723,-132.0,180.0
48.0774,-124.0,182.0
48.0823,-22.0,178.0
48.0872,143.0,180.0
48.0922,162.0,182.0
48.0972,-63.0,180.0
48.1022,-218.0,182.0
48.1073,-28.0,182.0
48.1129,193.0,184.0
48.1185,71.0,184.0
48.1228,-125.0,186.0
48.1272,-84.0,188.0
48.1322,55.0,186.0
48.1372,109.0,186.0
48.1423,-6.0,184.0
48.1472,-162.0,184.0
48.1523,-22.0,182.0
48.1571,224.0,184.0
48.1622,36.0,184.0
48.1672,-265.0,188.0
48.1722,-35.0,188.0
48.1772,256.0,190.0
48.1821,13.0,190.0
48.1872,-205.0,188.0
48.1923,30.0,188.0
48.1972,145.0,186.0
48.2023,-77.0,186.0
48.2073,-100.0,184.0
48.2122,91.0,184.0
48.2172,60.0,182.0
48.2222,-44.0,182.0
48.2273,5.0,180.0
48.2323,-19.0,180.0
48.2372,-89.0,180.0
48.2422,18.0,178.0
48.2472,126.0,180.0
48.2528,45.0,176.0
48.2572,-81.0,174.0
48.2623,-77.0,170.0
48.2673,22.0,168.0
48.2726,26.0,162.0
48.2777,-27.0,160.0
48.2824,55.0,158.0
48.2872,79.0,158.0
48.2922,-93.0,158.0
48.2972,-102.0,160.0
48.3022,73.0,162.0
48.3077,69.0,162.0
48.3123,-35.0,162.0
48.3173,0.0,160.0
48.3225,22.0,158.0
48.3272,-75.0,158.0
48.3327,-46.0,156.0
48.3372,126.0,158.0
48.3423,89.0,156.0
48.3474,-118.0,158.0
48.3522,-102.0,158.0
48.3575,64.0,158.0
48.3622,55.0,158.0
48.3683,-26.0,158.0
48.3723,17.0,158.0
48.3772,43.0,158.0
48.3822,-57.0,158.0
48.3871,-89.0,160.0
48.3928,42.0,160.0
48.3971,104.0,160.0
48.4027,-8.0,160.0
48.4074,-71.0,160.0
48.4121,1.0,160.0
48.4172,24.0,160.0
48.4225,-18.0,160.0
48.4273,6.0,158.0
48.4323,22.0,158.0
48.4372,-33.0,158.0
48.4428,-27.0,158.0
48.4471,71.0,158.0
48.4523,70.0,158.0
48.4572,-101.0,158.0
48.4622,-130.0,160.0
48.468,95.0,160.0
48.4732,146.0,162.0
48.4772,-63.0,162.0
48.4825,-99.0,164.0
48.4872,42.0,164.0
48.4922,34.0,162.0
48.4972,-48.0,162.0
48.5021,-11.0,160.0
48.5073,62.0,160.0
48.5125,54.0,158.0
48.5172,-66.0,158.0
48.5223,-123.0,158.0
48.5272,57.0,156.0
48.5327,153.0,156.0
48.5372,-40.0,156.0
48.5424,-118.0,154.0
48.5474,21.0,154.0
48.5523,56.0,152.0
48.5574,-4.0,152.0
48.5621,-24.0,150.0
48.5673,-14.0,150.0
48.5723,36.0,150.0
48.5773,27.0,150.0
48.5822,-59.0,150.0
48.5871,1.0,148.0
48.5964,85.0,146.0
48.5973,-87.0,146.0
48.6024,-134.0,146.0
48.6074,169.0,148.0
48.6122,200.0,148.0
48.6171,-163.0,150.0
48.6222,-233.0,154.0
48.6272,66.0,154.0
48.6322,196.0,156.0
48.6372,51.0,156.0
48.6425,-107.0,156.0
48.6472,-119.0,156.0
48.653,21.0,156.0
48.6573,125.0,156.0
48.6622,23.0,156.0
48.6672,-105.0,156.0
48.6722,-40.0,154.0
48.6772,80.0,156.0
48.6823,57.0,154.0
48.6873,-39.0,154.0
48.6923,-59.0,154.0
48.6971,-10.0,152.0
48.7021,12.0,150.0
48.7073,25.0,150.0
48.7123,80.0,150.0
48.7172,21.0,148.0
48.7222,-176.0,150.0
48.7282,-105.0,150.0
48.7321,216.0,150.0
48.7371,179.0,152.0
48.7423,-178.0,152.0
48.7473,-205.0,154.0
48.7523,108.0,152.0
48.7572,172.0,154.0
48.7631,-70.0,154.0
48.7674,-109.0,154.0
48.7722,72.0,154.0
48.7772,65.0,154.0
48.7822,-67.0,154.0
48.7871,-49.0,152.0
48.7921,29.0,152.0
48.7973,33.0,150.0
48.8033,13.0,150.0
48.8073,-1.0,146.0
48.8122,-34.0,146.0
48.8173,-53.0,142.0
48.8222,25.0,142.0
48.8282,128.0,142.0
48.8322,36.0,142.0
48.8372,-172.0,142.0
48.8428,-141.0,142.0
48.848,121.0,142.0
48.8523,195.0,144.0
48.8574,-9.0,144.0
48.8623,-138.0,146.0
48.8672,-54.0,146.0
48.8722,40.0,146.0
48.8772,27.0,146.0
48.8823,-3.0,146.0
48.8872,34.0,144.0
48.8923,29.0,144.0
48.8971,-82.0,144.0
48.9021,-48.0,142.0
48.9071,129.0,144.0
48.9123,28.0,144.0
48.9173,-197.0,148.0
48.9222,-11.0,146.0
48.9272,252.0,150.0
48.9331,46.0,148.0
48.9375,-220.0,150.0
48.9424,-92.0,150.0
48.9472,91.0,152.0
48.9522,76.0,152.0
48.9571,46.0,152.0
48.9622,-29.0,152.0
48.9679,-119.0,154.0
48.9722,43.0,154.0
48.9772,139.0,154.0
48.9827,-111.0,154.0
48.9871,-142.0,154.0
48.9921,143.0,154.0
48.9982,131.0,156.0
49.0022,-89.0,156.0
49.0073,-93.0,158.0
49.0121,-8.0,158.0
49.0172,28.0,158.0
49.0222,79.0,158.0
49.0285,30.0,156.0
49.0323,-93.0,158.0
49.0371,-34.0,156.0
49.0422,72.0,158.0
49.0472,-14.0,156.0
49.0522,-55.0,158.0
49.0572,61.0,158.0
49.0622,55.0,158.0
49.0672,-57.0,160.0
49.0722,-57.0,160.0
49.0771,6.0,160.0
49.0823,32.0,160.0
49.0874,43.0,158.0
49.0923,10.0,158.0
49.0971,-53.0,158.0
49.1029,-14.0,156.0
49.1079,46.0,154.0
49.1123,-45.0,152.0
49.1172,-73.0,154.0
49.1222,103.0,154.0
49.1272,125.0,154.0
49.1321,-93.0,156.0
49.1382,-134.0,156.0
49.1422,42.0,158.0
49.149,64.0,158.0
49.1521,-32.0,156.0
49.1571,26.0,156.0
49.1626,81.0,156.0
49.1674,-43.0,156.0
49.1724,-128.0,156.0
49.1774,-29.0,154.0
49.1821,116.0,154.0
49.1872,116.0,156.0
49.1921,-52.0,156.0
49.1972,-130.0,158.0
49.2023,-16.0,158.0
49.2072,65.0,158.0
49.2121,73.0,160.0
49.2171,25.0,160.0
49.2221,-147.0,160.0
49.2274,-104.0,162.0
49.2323,226.0,164.0
49.2372,165.0,166.0
49.2421,-237.0,168.0
49.2472,-167.0,168.0
49.2525,159.0,166.0
49.2572,77.0,166.0
49.2629,-55.0,162.0
49.2672,61.0,162.0
49.2723,-10.0,160.0
49.2779,-154.0,162.0
49.2828,32.0,160.0
49.2873,142.0,160.0
49.2921,-44.0,160.0
49.2974,-50.0,160.0
49.3022,81.0,160.0
49.3077,-38.0,160.0
49.3132,-141.0,162.0
49.3172,69.0,160.0
49.3222,200.0,164.0
49.3272,-49.0,164.0
49.3325,-255.0,166.0
49.3372,-15.0,166.0
49.3423,279.0,170.0
49.3472,119.0,172.0
49.3529,-216.0,174.0
49.3582,-194.0,176.0
49.3621,71.0,176.0
49.3679,150.0,176.0
49.3731,51.0,174.0
49.3773,-9.0,170.0
49.3822,-55.0,168.0
49.3879,-99.0,168.0
49.3922,-34.0,166.0
49.3971,96.0,164.0
49.4025,106.0,166.0
49.4073,-26.0,164.0
49.4122,-97.0,164.0
49.4182,-25.0,164.0
49.4222,36.0,164.0
49.4274,35.0,164.0
49.4323,12.0,162.0
49.4379,-45.0,164.0
49.4421,-41.0,164.0
49.4471,72.0,164.0
49.4521,74.0,166.0
49.4572,-82.0,166.0
49.4622,-99.0,166.0
49.4672,51.0,166.0
49.4729,69.0,166.0
49.4773,-9.0,164.0
49.4823,4.0,162.0
49.4877,-12.0,160.0
49.4925,-68.0,158.0
49.4972,34.0,158.0
49.5022,109.0,158.0
49.5071,-67.0,158.0
49.5123,-157.0,160.0
49.518,75.0,160.0
49.5222,195.0,164.0
49.5271,-21.0,164.0
49.5322,-152.0,166.0
49.5374,-53.0,164.0
49.5422,19.0,164.0
49.5473,66.0,164.0
49.5532,107.0,164.0
49.5572,1.0,162.0
49.5622,-124.0,164.0
49.568,-65.0,160.0
49.5722,45.0,160.0
49.5772,27.0,158.0
49.5822,20.0,156.0
49.5872,103.0,156.0
49.5921,-2.0,156.0
49.5971,-216.0,158.0
49.6024,-66.0,158.0
49.6072,222.0,160.0
49.6122,106.0,162.0
49.6184,-147.0,162.0
49.6222,-93.0,160.0
49.6273,91.0,160.0
49.6322,71.0,158.0
49.6372,-108.0,158.0
49.643,-79.0,158.0
49.6471,148.0,160.0
49.6522,102.0,160.0
49.6572,-136.0,162.0
49.6631,-96.0,162.0
49.6673,64.0,164.0
49.6731,25.0,162.0
49.6772,-14.0,162.0
49.6823,79.0,162.0
49.6872,59.0,162.0
49.6922,-127.0,164.0
49.6972,-154.0,166.0
49.7022,67.0,166.0
49.7071,172.0,168.0
49.7122,30.0,166.0
49.7172,-79.0,168.0
49.7222,-64.0,168.0
49.7271,-21.0,168.0
49.7321,35.0,168.0
49.7372,36.0,168.0
49.7422,-21.0,168.0
49.7473,5.0,168.0
49.7522,54.0,168.0
49.7571,-22.0,168.0
49.7622,-78.0,166.0
49.7672,-1.0,164.0
49.7721,49.0,164.0
49.7774,33.0,162.0
49.7822,15.0,162.0
49.7873,-53.0,162.0
49.7921,-79.0,162.0
49.7971,50.0,164.0
49.8022,114.0,164.0
49.8072,-25.0,164.0
49.8131,-99.0,162.0
49.8172,0.0,162.0
49.8222,39.0,162.0
49.8273,-1.0,160.0
49.8322,27.0,158.0
49.8373,35.0,158.0
49.8424,-57.0,158.0
49.8471,-79.0,158.0
49.8521,40.0,158.0
49.8575,108.0,160.0
49.8622,-13.0,158.0
49.868,-134.0,158.0
49.8731,-12.0,154.0
49.8774,167.0,154.0
49.8821,53.0,152.0
49.8872,-168.0,152.0
49.8922,-86.0,150.0
49.8972,123.0,150.0
49.9021,66.0,152.0
49.9073,-80.0,152.0
49.9137,-13.0,152.0
49.9171,61.0,150.0
49.9222,-22.0,150.0
49.9271,-42.0,148.0
49.9321,41.0,148.0
49.9372,18.0,148.0
49.9423,-49.0,148.0
49.9472,-17.0,146.0
49.9521,19.0,144.0
49.9571,56.0,144.0
49.9621,60.0,142.0
49.9672,-120.0,144.0
49.9722,-156.0,142.0
49.9773,181.0,144.0
49.9822,234.0,144.0
49.9873,-200.0,146.0
49.9922,-254.0,146.0
49.9971,173.0,146.0
50.0022,180.0,148.0
