Time_s,Raw_EMG,Envelope_EMG
0.0004,-242.0,372.0
0.0006,230.0,374.0
0.0008,244.0,378.0
0.0011,-140.0,378.0
0.0013,-152.0,380.0
0.0015,-27.0,378.0
0.0017,43.0,376.0
0.0019,152.0,378.0
0.0021,27.0,372.0
0.0023,-189.0,374.0
0.0025,-54.0,368.0
0.0027,188.0,370.0
0.0029,52.0,364.0
0.0031,-219.0,368.0
0.0033,-58.0,366.0
0.0034,240.0,368.0
0.0035,85.0,370.0
0.0037,-110.0,370.0
0.0038,-85.0,368.0
0.004,-152.0,370.0
0.0041,42.0,368.0
0.0043,352.0,370.0
0.0044,-23.0,368.0
0.0046,-380.0,368.0
0.0047,42.0,368.0
0.0049,262.0,368.0
0.0051,-58.0,366.0
0.0053,-38.0,364.0
0.0055,104.0,362.0
0.0056,-210.0,364.0
0.0058,-236.0,362.0
0.006,351.0,364.0
0.0061,369.0,366.0
0.0064,-338.0,364.0
0.0065,-359.0,366.0
0.0067,246.0,364.0
0.0068,206.0,364.0
0.007,-157.0,362.0
0.0071,-59.0,362.0
0.0073,94.0,356.0
0.0074,25.0,352.0
0.0076,-42.0,346.0
0.0078,-59.0,342.0
0.0079,23.0,336.0
0.0081,64.0,332.0
0.0082,-79.0,332.0
0.0083,-14.0,326.0
0.0085,193.0,328.0
0.0086,-46.0,322.0
0.0088,-267.0,326.0
0.0089,74.0,324.0
0.0091,202.0,324.0
0.0092,-82.0,324.0
0.0093,-12.0,320.0
0.0095,122.0,322.0
0.0097,-143.0,320.0
0.0099,-203.0,322.0
0.01,119.0,318.0
0.0101,248.0,322.0
0.0103,53.0,314.0
0.0104,-166.0,318.0
0.0106,-189.0,310.0
0.0107,-37.0,312.0
0.0109,163.0,304.0
0.011,251.0,308.0
0.0111,-43.0,300.0
0.0113,-361.0,304.0
0.0114,-32.0,298.0
0.0116,334.0,300.0
0.0117,9.0,298.0
0.0118,-227.0,296.0
0.0119,88.0,296.0
0.0121,147.0,296.0
0.0122,-155.0,296.0
0.0124,-162.0,298.0
0.0125,44.0,298.0
0.0126,168.0,296.0
0.0128,214.0,296.0
0.0129,-10.0,294.0
0.0131,-388.0,296.0
0.0132,-254.0,298.0
0.0134,352.0,300.0
0.0135,397.0,304.0
0.0137,-232.0,308.0
0.0139,-354.0,312.0
0.014,179.0,310.0
0.0142,279.0,314.0
0.0144,-196.0,312.0
0.0145,-274.0,314.0
0.0147,216.0,316.0
0.0148,257.0,316.0
0.015,-230.0,318.0
0.0151,-131.0,316.0
0.0153,264.0,318.0
0.0154,-50.0,318.0
0.0156,-307.0,322.0
0.0157,123.0,322.0
0.0159,268.0,326.0
0.016,-24.0,326.0
0.0162,-53.0,326.0
0.0163,-88.0,324.0
0.0164,-251.0,328.0
0.0166,45.0,326.0
0.0168,394.0,332.0
0.017,74.0,330.0
0.0172,-247.0,332.0
0.0174,-78.0,332.0
0.0177,-14.0,330.0
0.0181,-28.0,330.0
0.0183,153.0,332.0
0.0185,74.0,328.0
0.0188,-159.0,328.0
0.019,-2.0,320.0
0.0192,156.0,320.0
0.0195,-77.0,312.0
0.0197,-179.0,314.0
0.0199,77.0,308.0
0.0202,162.0,310.0
0.0203,-5.0,306.0
0.0205,-62.0,304.0
0.0206,-65.0,304.0
0.0208,-90.0,302.0
0.021,57.0,302.0
0.0211,213.0,302.0
0.0212,15.0,302.0
0.0214,-244.0,306.0
0.0215,-68.0,304.0
0.0217,208.0,306.0
0.0218,91.0,302.0
0.0219,-170.0,302.0
0.0221,-112.0,300.0
0.0222,140.0,300.0
0.0224,72.0,298.0
0.0225,-117.0,300.0
0.0226,43.0,300.0
0.0228,123.0,300.0
0.0229,-73.0,300.0
0.0231,-113.0,300.0
0.0232,-79.0,300.0
0.0233,-13.0,296.0
0.0235,248.0,300.0
0.0236,236.0,300.0
0.0238,-226.0,302.0
0.0239,-380.0,304.0
0.024,47.0,304.0
0.0242,316.0,308.0
0.0243,79.0,308.0
0.0244,-115.0,306.0
0.0246,-34.0,306.0
0.0247,-75.0,302.0
0.0249,-100.0,304.0
0.025,186.0,300.0
0.0251,198.0,304.0
0.0253,-224.0,302.0
0.0256,-205.0,304.0
0.0257,255.0,308.0
0.0259,124.0,308.0
0.0261,-359.0,310.0
0.0262,-31.0,308.0
0.0264,500.0,310.0
0.0265,35.0,304.0
0.0267,-509.0,308.0
0.0269,-117.0,304.0
0.027,296.0,304.0
0.0272,115.0,302.0
0.0273,4.0,300.0
0.0275,69.0,300.0
0.0276,-197.0,302.0
0.0278,-307.0,306.0
0.0279,258.0,310.0
0.0281,392.0,316.0
0.0282,-309.0,320.0
0.0284,-270.0,322.0
0.0285,407.0,328.0
0.0287,68.0,328.0
0.0289,-449.0,332.0
0.029,68.0,334.0
0.0292,328.0,334.0
0.0294,-121.0,334.0
0.0295,-94.0,334.0
0.0297,146.0,334.0
0.0299,-112.0,336.0
0.0301,-165.0,336.0
0.0303,196.0,338.0
0.0305,154.0,336.0
0.0306,-95.0,336.0
0.0308,-63.0,334.0
0.0309,-146.0,334.0
0.0311,-117.0,334.0
0.0312,306.0,336.0
0.0314,294.0,340.0
0.0317,-203.0,340.0
0.0318,-306.0,342.0
0.032,-58.0,342.0
0.0321,95.0,338.0
0.0322,194.0,340.0
0.0324,175.0,338.0
0.0325,-66.0,338.0
0.0327,-244.0,338.0
0.0329,-152.0,340.0
0.033,38.0,338.0
0.0331,207.0,338.0
0.0333,214.0,340.0
0.0334,-92.0,340.0
0.0336,-247.0,342.0
0.0337,12.0,338.0
0.0338,66.0,340.0
0.034,-79.0,334.0
0.0341,89.0,332.0
0.0343,199.0,330.0
0.0345,-86.0,324.0
0.0348,-216.0,324.0
0.035,8.0,318.0
0.0352,80.0,318.0
0.0353,4.0,314.0
0.0355,83.0,312.0
0.0357,66.0,308.0
0.0359,-147.0,306.0
0.036,-124.0,304.0
0.0362,155.0,304.0
0.0364,118.0,304.0
0.0365,-186.0,302.0
0.0367,-106.0,304.0
0.0368,196.0,302.0
0.0369,105.0,302.0
0.0371,-155.0,300.0
0.0372,-31.0,300.0
0.0374,146.0,300.0
0.0376,-140.0,302.0
0.0378,-225.0,302.0
0.0379,295.0,306.0
0.0381,311.0,304.0
0.0382,-320.0,308.0
0.0384,-302.0,308.0
0.0386,237.0,312.0
0.0388,210.0,314.0
0.039,-117.0,316.0
0.0392,-117.0,316.0
0.0394,-8.0,314.0
0.0395,21.0,312.0
0.0397,88.0,314.0
0.0398,127.0,312.0
0.04,-44.0,312.0
0.0401,-237.0,314.0
0.0403,-102.0,314.0
0.0405,144.0,314.0
0.0406,195.0,316.0
0.0408,118.0,318.0
0.0409,-137.0,318.0
0.0411,-343.0,322.0
0.0412,25.0,322.0
0.0413,425.0,324.0
0.0415,-11.0,324.0
0.0416,-438.0,328.0
0.0418,106.0,328.0
0.0419,478.0,332.0
0.0421,-209.0,334.0
0.0422,-511.0,340.0
0.0424,237.0,342.0
0.0425,431.0,346.0
0.0427,-187.0,348.0
0.0428,-183.0,350.0
0.0429,155.0,352.0
0.0431,-128.0,352.0
0.0432,-219.0,354.0
0.0434,304.0,356.0
0.0435,276.0,360.0
0.0438,-290.0,364.0
0.044,-192.0,362.0
0.0445,218.0,362.0
0.0446,43.0,360.0
0.0448,-223.0,358.0
0.0449,16.0,356.0
0.045,315.0,356.0
0.0452,33.0,356.0
0.0453,-392.0,360.0
0.0455,-109.0,362.0
0.0456,352.0,366.0
0.0459,145.0,366.0
0.0462,-204.0,366.0
0.0465,-169.0,366.0
0.0467,6.0,364.0
0.0469,209.0,364.0
0.0472,181.0,362.0
0.0474,-214.0,364.0
0.0477,-251.0,362.0
0.0478,168.0,364.0
0.0481,143.0,358.0
0.0482,-147.0,360.0
0.0484,40.0,352.0
0.0485,163.0,354.0
0.0487,-149.0,352.0
0.0488,-156.0,352.0
0.049,146.0,354.0
0.0491,119.0,354.0
0.0493,-97.0,354.0
0.0494,-92.0,350.0
0.0496,75.0,346.0
0.0499,93.0,342.0
0.0501,-96.0,338.0
0.0504,-118.0,336.0
0.0507,104.0,332.0
0.051,153.0,334.0
0.0512,-57.0,328.0
0.0515,-169.0,328.0
0.0517,18.0,324.0
0.052,140.0,324.0
0.0522,-61.0,324.0
0.0525,-69.0,322.0
0.0527,164.0,324.0
0.0529,2.0,320.0
0.0532,-244.0,322.0
0.0534,-4.0,318.0
0.0536,223.0,320.0
0.0539,48.0,320.0
0.0541,-93.0,320.0
0.0543,-29.0,318.0
0.0545,5.0,314.0
0.0548,-52.0,310.0
0.055,-94.0,308.0
0.0552,89.0,304.0
0.0555,251.0,308.0
0.0557,-70.0,308.0
0.056,-300.0,310.0
0.0562,110.0,308.0
0.0565,280.0,312.0
0.0567,-230.0,312.0
0.057,-346.0,314.0
0.0572,263.0,318.0
0.0575,478.0,322.0
0.0577,-118.0,320.0
0.0581,-503.0,328.0
0.0583,-28.0,324.0
0.0584,364.0,330.0
0.0586,-3.0,328.0
0.0588,-174.0,330.0
0.059,160.0,330.0
0.0592,54.0,328.0
0.0594,-272.0,332.0
0.0596,-59.0,328.0
0.0598,246.0,332.0
0.0599,154.0,334.0
0.06,-69.0,334.0
0.0602,-197.0,336.0
0.0604,-201.0,338.0
0.0605,29.0,336.0
0.0607,383.0,340.0
0.0608,339.0,344.0
0.061,-271.0,346.0
0.0611,-671.0,354.0
0.0613,-125.0,354.0
0.0615,672.0,362.0
0.0618,466.0,368.0
0.0621,-316.0,370.0
0.0623,-357.0,374.0
0.0625,-21.0,372.0
0.0627,-135.0,372.0
0.0628,-19.0,370.0
0.0629,469.0,372.0
0.0631,268.0,372.0
0.0632,-328.0,372.0
0.0635,-227.0,370.0
0.0636,52.0,368.0
0.0638,-203.0,368.0
0.0639,-130.0,368.0
0.0641,558.0,374.0
0.0642,521.0,382.0
0.0644,-433.0,390.0
0.0645,-728.0,400.0
0.0646,7.0,398.0
0.0648,430.0,404.0
0.0649,171.0,402.0
0.065,97.0,402.0
0.0652,124.0,402.0
0.0653,-315.0,404.0
0.0655,-533.0,410.0
0.0656,104.0,410.0
0.0657,575.0,414.0
0.0659,150.0,416.0
0.066,-238.0,412.0
0.0662,-116.0,414.0
0.0663,-68.0,408.0
0.0665,-98.0,408.0
0.0668,61.0,402.0
0.067,169.0,400.0
0.0672,128.0,394.0
0.0673,19.0,392.0
0.0675,-236.0,388.0
0.0678,-278.0,390.0
0.0681,184.0,390.0
0.0684,390.0,394.0
0.0686,-31.0,392.0
0.0689,-314.0,394.0
0.0692,-173.0,392.0
0.0694,107.0,388.0
0.0697,347.0,390.0
0.0699,174.0,390.0
0.0701,-350.0,392.0
0.0703,-435.0,398.0
0.0706,138.0,396.0
0.0708,553.0,404.0
0.0709,181.0,402.0
0.0711,-464.0,410.0
0.0712,-432.0,410.0
0.0714,239.0,412.0
0.0715,479.0,414.0
0.0717,-50.0,412.0
0.0718,-338.0,414.0
0.0722,-14.0,412.0
0.0723,155.0,414.0
0.0725,40.0,412.0
0.0726,-6.0,410.0
0.0727,-110.0,408.0
0.0729,-122.0,406.0
0.073,191.0,406.0
0.078,204.0,406.0
0.0829,-220.0,408.0
0.088,-216.0,410.0
0.0929,181.0,410.0
0.0979,208.0,412.0
0.103,-62.0,410.0
0.108,-161.0,410.0
0.113,-113.0,410.0
0.118,-21.0,410.0
0.123,243.0,412.0
0.1279,298.0,416.0
0.133,-249.0,418.0
0.138,-485.0,424.0
0.1429,176.0,424.0
0.1479,491.0,430.0
0.1533,-99.0,430.0
0.1579,-405.0,436.0
0.163,58.0,434.0
0.1679,335.0,438.0
0.1729,-44.0,436.0
0.178,-263.0,440.0
0.1835,20.0,440.0
0.1879,94.0,438.0
0.1929,3.0,438.0
0.1979,178.0,438.0
0.2029,32.0,438.0
0.2079,-421.0,440.0
0.213,-141.0,442.0
0.2181,470.0,448.0
0.223,255.0,452.0
0.2279,-301.0,456.0
0.2331,-308.0,460.0
0.2382,54.0,460.0
0.2432,295.0,462.0
0.2479,116.0,460.0
0.253,-242.0,464.0
0.2579,-170.0,462.0
0.2634,163.0,462.0
0.268,158.0,460.0
0.273,-86.0,458.0
0.278,-155.0,456.0
0.2831,37.0,452.0
0.2879,220.0,448.0
0.293,16.0,446.0
0.2981,-350.0,444.0
0.3029,-137.0,446.0
0.3081,482.0,448.0
0.3129,313.0,452.0
0.3179,-534.0,458.0
0.323,-457.0,462.0
0.3282,458.0,468.0
0.3329,465.0,472.0
0.338,-291.0,476.0
0.343,-310.0,476.0
0.348,142.0,476.0
0.3532,82.0,476.0
0.358,-65.0,474.0
0.363,94.0,472.0
0.368,8.0,472.0
0.373,-157.0,468.0
0.3785,91.0,464.0
0.383,97.0,462.0
0.3883,-207.0,454.0
0.3929,51.0,454.0
0.3979,270.0,448.0
0.4031,-217.0,444.0
0.4081,-241.0,442.0
0.413,355.0,442.0
0.418,154.0,444.0
0.4229,-492.0,450.0
0.4279,-87.0,450.0
0.4329,627.0,454.0
0.438,67.0,450.0
0.443,-659.0,456.0
0.448,-10.0,452.0
0.4529,530.0,460.0
0.4581,-133.0,458.0
0.463,-343.0,462.0
0.4681,241.0,456.0
0.4732,200.0,452.0
0.478,-176.0,448.0
0.483,-70.0,438.0
0.4879,8.0,438.0
0.493,-84.0,432.0
0.4981,76.0,430.0
0.5031,224.0,432.0
0.5079,3.0,430.0
0.5129,-270.0,430.0
0.5179,-157.0,424.0
0.5232,171.0,426.0
0.5279,245.0,420.0
0.5329,-3.0,418.0
0.5379,-247.0,418.0
0.5429,-53.0,416.0
0.5479,257.0,420.0
0.553,-50.0,420.0
0.5582,-311.0,424.0
0.5629,168.0,422.0
0.568,294.0,426.0
0.5729,-178.0,428.0
0.5779,-97.0,426.0
0.5831,136.0,424.0
0.588,-212.0,424.0
0.5929,-173.0,420.0
0.598,417.0,426.0
0.6029,284.0,426.0
0.6081,-366.0,430.0
0.6135,-293.0,432.0
0.618,179.0,430.0
0.623,74.0,428.0
0.6279,-99.0,424.0
0.6329,240.0,422.0
0.6379,173.0,422.0
0.6429,-411.0,420.0
0.648,-225.0,420.0
0.653,359.0,418.0
0.6581,128.0,414.0
0.663,-183.0,412.0
0.6681,28.0,406.0
0.673,15.0,406.0
0.6779,-87.0,402.0
0.6829,98.0,402.0
0.6879,42.0,400.0
0.693,-167.0,402.0
0.6981,-11.0,402.0
0.703,145.0,404.0
0.708,36.0,402.0
0.7129,-8.0,400.0
0.7179,-46.0,396.0
0.7231,-126.0,396.0
0.7281,35.0,392.0
0.7331,117.0,392.0
0.7379,-97.0,390.0
0.743,-8.0,388.0
0.748,262.0,390.0
0.7531,-24.0,390.0
0.758,-416.0,396.0
0.7631,-98.0,392.0
0.768,399.0,394.0
0.773,293.0,396.0
0.7781,-162.0,390.0
0.7832,-395.0,394.0
0.7881,-137.0,388.0
0.793,300.0,392.0
0.798,238.0,388.0
0.8031,-105.0,390.0
0.8083,-29.0,384.0
0.8133,56.0,384.0
0.8181,-269.0,384.0
0.8231,-238.0,388.0
0.8279,319.0,392.0
0.8331,420.0,398.0
0.8383,-74.0,396.0
0.8432,-362.0,402.0
0.848,-150.0,398.0
0.8529,144.0,398.0
0.858,92.0,392.0
0.8629,-66.0,388.0
0.868,111.0,386.0
0.873,256.0,386.0
0.8779,-104.0,386.0
0.883,-498.0,388.0
0.888,-177.0,390.0
0.8931,534.0,394.0
0.898,407.0,398.0
0.903,-388.0,402.0
0.908,-347.0,404.0
0.913,257.0,408.0
0.9179,149.0,408.0
0.923,-210.0,410.0
0.9282,-69.0,408.0
0.9329,165.0,410.0
0.938,112.0,406.0
0.943,-74.0,406.0
0.9479,-103.0,400.0
0.953,25.0,394.0
0.9579,6.0,386.0
0.963,-125.0,382.0
0.968,0.0,374.0
0.9729,297.0,372.0
0.978,215.0,370.0
0.983,-309.0,370.0
0.9879,-500.0,376.0
0.9929,76.0,376.0
0.9979,571.0,384.0
1.0031,188.0,386.0
1.008,-335.0,390.0
1.0129,-232.0,392.0
1.0181,-21.0,390.0
1.0229,36.0,390.0
1.028,235.0,390.0
1.0329,201.0,392.0
1.038,-222.0,392.0
1.0432,-282.0,392.0
1.048,127.0,390.0
1.0529,193.0,388.0
1.0579,-99.0,388.0
1.063,-70.0,380.0
1.0681,107.0,382.0
1.073,3.0,372.0
1.078,-68.0,372.0
1.083,-1.0,362.0
1.088,-5.0,360.0
1.0931,72.0,354.0
1.098,77.0,352.0
1.1031,-188.0,350.0
1.1084,-161.0,350.0
1.1129,217.0,350.0
1.1179,214.0,350.0
1.123,-69.0,350.0
1.1281,-142.0,352.0
1.133,-118.0,352.0
1.1379,-25.0,352.0
1.143,118.0,350.0
1.1479,127.0,352.0
1.153,62.0,348.0
1.1579,-82.0,348.0
1.163,-208.0,348.0
1.1679,8.0,344.0
1.1729,187.0,348.0
1.1782,-55.0,344.0
1.183,-53.0,344.0
1.1879,205.0,344.0
1.1929,-82.0,344.0
1.1979,-335.0,344.0
1.2029,151.0,344.0
1.2082,375.0,346.0
1.213,-107.0,344.0
1.218,-314.0,348.0
1.223,-61.0,346.0
1.228,136.0,346.0
1.2329,231.0,346.0
1.238,111.0,342.0
1.243,-188.0,340.0
1.248,-268.0,338.0
1.253,-91.0,336.0
1.258,195.0,336.0
1.2629,344.0,340.0
1.268,53.0,340.0
1.273,-317.0,340.0
1.278,-256.0,342.0
1.2829,37.0,336.0
1.288,220.0,336.0
1.293,205.0,334.0
1.2988,15.0,332.0
1.303,-150.0,332.0
1.3079,-179.0,334.0
1.3131,-113.0,334.0
1.318,87.0,334.0
1.323,268.0,338.0
1.328,144.0,340.0
1.333,-192.0,340.0
1.338,-302.0,344.0
1.343,50.0,342.0
1.3479,319.0,348.0
1.3529,7.0,348.0
1.3579,-252.0,350.0
1.3629,0.0,348.0
1.3681,190.0,350.0
1.3729,6.0,350.0
1.378,-166.0,350.0
1.383,-40.0,350.0
1.388,130.0,348.0
1.393,50.0,348.0
1.3979,-69.0,344.0
1.403,-3.0,342.0
1.4081,45.0,336.0
1.4131,-99.0,334.0
1.4179,-96.0,332.0
1.4229,236.0,330.0
1.4279,227.0,332.0
1.4329,-333.0,332.0
1.438,-417.0,334.0
1.4429,314.0,338.0
1.448,581.0,346.0
1.453,-197.0,348.0
1.458,-646.0,354.0
1.463,47.0,352.0
1.4681,604.0,356.0
1.4729,90.0,350.0
1.478,-473.0,358.0
1.4829,-163.0,354.0
1.488,304.0,356.0
1.493,105.0,356.0
1.4983,-177.0,358.0
1.503,62.0,358.0
1.5079,110.0,358.0
1.5129,-227.0,356.0
1.5179,-52.0,356.0
1.5229,340.0,354.0
1.528,-1.0,350.0
1.533,-447.0,350.0
1.538,-17.0,344.0
1.5429,514.0,346.0
1.5479,118.0,342.0
1.5531,-457.0,344.0
1.5581,-165.0,344.0
1.5631,341.0,348.0
1.5679,61.0,346.0
1.5729,-313.0,350.0
1.5779,75.0,348.0
1.5829,334.0,352.0
1.5881,-122.0,354.0
1.593,-286.0,358.0
1.5979,129.0,360.0
1.6036,224.0,360.0
1.6084,-132.0,362.0
1.6135,-257.0,362.0
1.6181,71.0,360.0
1.6229,321.0,360.0
1.6282,54.0,352.0
1.633,-284.0,356.0
1.6381,-146.0,350.0
1.646,173.0,350.0
1.6481,125.0,346.0
1.653,-140.0,344.0
1.6581,-11.0,344.0
1.6629,226.0,348.0
1.6682,-112.0,346.0
1.6731,-316.0,348.0
1.6781,151.0,346.0
1.6829,264.0,346.0
1.6879,-85.0,346.0
1.693,-78.0,344.0
1.698,0.0,342.0
1.7031,-52.0,342.0
1.708,48.0,340.0
1.7129,-11.0,340.0
1.7184,-119.0,342.0
1.7229,203.0,344.0
1.7281,251.0,348.0
1.7331,-374.0,354.0
1.738,-351.0,358.0
1.7429,439.0,362.0
1.7481,303.0,364.0
1.7529,-374.0,366.0
1.7581,-92.0,364.0
1.7631,216.0,366.0
1.768,-194.0,368.0
1.7729,-84.0,366.0
1.7779,419.0,374.0
1.7832,97.0,372.0
1.7931,-455.0,378.0
1.7934,-237.0,380.0
1.798,259.0,384.0
1.8029,358.0,386.0
1.808,59.0,386.0
1.8131,-327.0,388.0
1.8181,-275.0,392.0
1.823,163.0,394.0
1.828,241.0,394.0
1.833,13.0,394.0
1.8379,-36.0,388.0
1.8431,-150.0,388.0
1.8481,-152.0,386.0
1.853,270.0,388.0
1.858,205.0,386.0
1.8629,-350.0,390.0
1.8681,-128.0,390.0
1.8731,331.0,392.0
1.878,-4.0,390.0
1.8829,-231.0,390.0
1.888,128.0,388.0
1.8931,152.0,390.0
1.8988,-207.0,390.0
1.903,-177.0,388.0
1.908,192.0,390.0
1.9139,263.0,388.0
1.9182,-79.0,386.0
1.9229,-263.0,390.0
1.928,-9.0,386.0
1.9331,147.0,386.0
1.938,-18.0,386.0
1.9429,-70.0,384.0
1.9479,71.0,382.0
1.9531,101.0,382.0
1.958,-51.0,382.0
1.9631,-112.0,380.0
1.9679,0.0,376.0
1.9729,20.0,374.0
1.9779,31.0,370.0
1.9831,97.0,370.0
1.9881,-62.0,366.0
1.9931,-130.0,368.0
1.9979,123.0,366.0
2.003,66.0,368.0
2.0082,-204.0,368.0
2.0141,-6.0,368.0
2.0191,239.0,368.0
2.023,24.0,368.0
2.028,-133.0,368.0
2.0329,-51.0,368.0
2.0385,-89.0,370.0
2.0431,-4.0,370.0
2.048,243.0,372.0
2.0529,126.0,372.0
2.0579,-185.0,374.0
2.0629,-224.0,374.0
2.068,-8.0,370.0
2.0731,230.0,368.0
2.0779,158.0,364.0
2.0831,-131.0,362.0
2.0879,-177.0,356.0
2.093,-36.0,354.0
2.098,103.0,344.0
2.1029,205.0,348.0
2.108,-29.0,338.0
2.1131,-297.0,342.0
2.1184,6.0,334.0
2.123,269.0,336.0
2.1281,-33.0,332.0
2.133,-137.0,332.0
2.138,113.0,330.0
2.1429,-32.0,330.0
2.1479,-250.0,332.0
2.1535,137.0,332.0
2.1581,371.0,336.0
2.163,-121.0,332.0
2.168,-377.0,338.0
2.1729,43.0,332.0
2.1779,274.0,336.0
2.183,-7.0,328.0
2.1883,-151.0,328.0
2.1929,82.0,324.0
2.1979,89.0,322.0
2.2029,-271.0,320.0
2.2079,-140.0,322.0
2.2129,474.0,324.0
2.218,278.0,328.0
2.223,-555.0,332.0
2.228,-402.0,336.0
2.2329,487.0,338.0
2.2382,457.0,344.0
2.2432,-358.0,346.0
2.2481,-456.0,350.0
2.2529,273.0,352.0
2.2579,414.0,356.0
2.2631,-258.0,356.0
2.268,-345.0,360.0
2.2732,228.0,360.0
2.278,293.0,362.0
2.2829,-78.0,360.0
2.2879,-258.0,362.0
2.2934,-145.0,362.0
2.2988,183.0,364.0
2.303,246.0,366.0
2.308,-85.0,364.0
2.3129,-135.0,362.0
2.3179,74.0,360.0
2.3232,-33.0,358.0
2.3281,-172.0,358.0
2.3329,77.0,358.0
2.3379,245.0,362.0
2.3429,4.0,362.0
2.3481,-163.0,364.0
2.353,-63.0,364.0
2.3579,4.0,362.0
2.363,10.0,360.0
2.368,24.0,356.0
2.3729,58.0,350.0
2.3779,109.0,348.0
2.3829,10.0,340.0
2.3881,-218.0,340.0
2.3932,-220.0,336.0
2.3979,155.0,338.0
2.4029,397.0,340.0
2.4079,2.0,338.0
2.4129,-390.0,342.0
2.4181,-78.0,336.0
2.4236,248.0,340.0
2.4284,47.0,332.0
2.433,-103.0,330.0
2.438,0.0,326.0
2.443,13.0,322.0
2.4481,-47.0,322.0
2.453,9.0,316.0
2.4581,132.0,314.0
2.4632,24.0,312.0
2.4685,-224.0,312.0
2.473,-93.0,312.0
2.478,239.0,316.0
2.483,151.0,316.0
2.4879,-127.0,316.0
2.4931,-117.0,314.0
2.4983,-44.0,310.0
2.503,-35.0,306.0
2.508,102.0,306.0
2.513,181.0,304.0
2.5179,23.0,304.0
2.523,-167.0,302.0
2.528,-172.0,304.0
2.533,40.0,302.0
2.5381,169.0,300.0
2.5431,14.0,298.0
2.548,-71.0,296.0
2.5534,66.0,294.0
2.5581,66.0,292.0
2.5631,-159.0,292.0
2.5681,-166.0,294.0
2.5731,143.0,294.0
2.5781,201.0,296.0
2.583,-55.0,296.0
2.588,-101.0,296.0
2.593,29.0,296.0
2.5979,5.0,294.0
2.603,-86.0,294.0
2.608,-19.0,294.0
2.6131,99.0,296.0
2.618,62.0,296.0
2.623,-14.0,296.0
2.628,-19.0,294.0
2.633,-44.0,294.0
2.6379,-112.0,294.0
2.6436,-30.0,292.0
2.648,246.0,294.0
2.6531,152.0,296.0
2.659,-293.0,296.0
2.663,-168.0,298.0
2.6682,225.0,300.0
2.6731,42.0,300.0
2.678,-97.0,300.0
2.6829,141.0,302.0
2.6879,-9.0,298.0
2.6929,-292.0,302.0
2.698,67.0,300.0
2.7031,338.0,302.0
2.7081,-104.0,302.0
2.7129,-256.0,302.0
2.718,131.0,302.0
2.7231,120.0,302.0
2.728,-99.0,302.0
2.7332,-31.0,302.0
2.738,-27.0,300.0
2.7438,-5.0,296.0
2.7479,177.0,300.0
2.7529,47.0,296.0
2.758,-227.0,298.0
2.7631,-74.0,296.0
2.768,169.0,298.0
2.773,20.0,296.0
2.7781,-103.0,296.0
2.783,71.0,296.0
2.7879,101.0,294.0
2.7929,-51.0,292.0
2.7979,-132.0,288.0
2.8029,-129.0,290.0
2.8079,100.0,284.0
2.8131,339.0,290.0
2.8181,58.0,286.0
2.8231,-405.0,292.0
2.8279,-282.0,294.0
2.8331,282.0,298.0
2.8381,422.0,302.0
2.8431,-77.0,300.0
2.8481,-391.0,304.0
2.853,-66.0,298.0
2.858,213.0,296.0
2.863,115.0,290.0
2.8681,33.0,284.0
2.8731,-105.0,278.0
2.878,-257.0,274.0
2.883,35.0,270.0
2.8879,349.0,268.0
2.8929,75.0,264.0
2.8981,-245.0,262.0
2.9032,-92.0,260.0
2.908,61.0,254.0
2.9129,-58.0,252.0
2.9179,-14.0,248.0
2.9229,210.0,250.0
2.9279,150.0,248.0
2.9329,-139.0,248.0
2.9379,-281.0,250.0
2.9429,-106.0,248.0
2.9481,280.0,250.0
2.9529,283.0,252.0
2.9587,-234.0,256.0
2.963,-306.0,260.0
2.9679,243.0,260.0
2.9728,279.0,264.0
2.9781,-276.0,264.0
2.9833,-239.0,268.0
2.9881,288.0,270.0
2.993,173.0,272.0
2.9979,-276.0,276.0
3.0029,-114.0,278.0
3.0079,241.0,280.0
3.0132,70.0,282.0
3.018,-224.0,282.0
3.0229,-46.0,284.0
3.0279,270.0,284.0
3.0329,126.0,282.0
3.0384,-319.0,286.0
3.0436,-315.0,284.0
3.048,264.0,288.0
3.053,416.0,288.0
3.0581,-127.0,290.0
3.063,-283.0,290.0
3.0679,33.0,290.0
3.0731,53.0,288.0
3.0783,-28.0,290.0
3.0829,48.0,290.0
3.0879,30.0,290.0
3.0929,23.0,290.0
3.098,9.0,288.0
3.1031,-156.0,290.0
3.108,2.0,286.0
3.1129,243.0,288.0
3.1179,-161.0,288.0
3.1231,-256.0,290.0
3.1279,400.0,294.0
3.133,184.0,294.0
3.1381,-552.0,302.0
3.1429,-32.0,302.0
3.1478,536.0,310.0
3.1531,-117.0,308.0
3.1579,-405.0,314.0
3.1629,168.0,314.0
3.168,200.0,314.0
3.1729,-145.0,316.0
3.1779,99.0,316.0
3.183,174.0,318.0
3.1882,-420.0,324.0
3.193,-312.0,328.0
3.1979,534.0,334.0
3.2029,426.0,338.0
3.208,-316.0,340.0
3.2132,-319.0,344.0
3.2179,-29.0,340.0
3.2229,-4.0,340.0
3.2279,171.0,342.0
3.2329,281.0,346.0
3.2378,-60.0,346.0
3.2431,-243.0,348.0
3.2491,-52.0,348.0
3.2529,-88.0,348.0
3.2579,-13.0,348.0
3.263,407.0,354.0
3.2684,170.0,356.0
3.273,-451.0,362.0
3.278,-263.0,366.0
3.283,227.0,368.0
3.2879,245.0,368.0
3.2929,77.0,368.0
3.298,-132.0,364.0
3.303,-297.0,366.0
3.3079,-39.0,364.0
3.313,379.0,368.0
3.3179,171.0,370.0
3.3229,-346.0,374.0
3.328,-153.0,376.0
3.333,254.0,376.0
3.3379,-7.0,374.0
3.3429,-196.0,372.0
3.3488,140.0,372.0
3.353,218.0,372.0
3.3579,-47.0,370.0
3.363,-209.0,372.0
3.368,-276.0,374.0
3.3729,50.0,374.0
3.3779,588.0,384.0
3.3829,167.0,386.0
3.3879,-695.0,394.0
3.3931,-259.0,398.0
3.3979,692.0,404.0
3.4029,240.0,408.0
3.408,-712.0,416.0
3.4133,-275.0,420.0
3.4181,642.0,428.0
3.4229,385.0,434.0
3.4279,-290.0,436.0
3.433,-381.0,442.0
3.4381,-251.0,444.0
3.4431,157.0,444.0
3.4481,649.0,452.0
3.4529,122.0,448.0
3.4585,-707.0,460.0
3.4629,-259.0,456.0
3.4679,501.0,460.0
3.473,250.0,460.0
3.4779,-166.0,456.0
3.4829,-150.0,456.0
3.4879,-210.0,454.0
3.4929,-55.0,454.0
3.4982,492.0,458.0
3.5029,314.0,462.0
3.5079,-548.0,470.0
3.5129,-470.0,476.0
3.5179,416.0,478.0
3.523,456.0,484.0
3.5279,-217.0,482.0
3.5331,-307.0,486.0
3.538,18.0,482.0
3.5429,53.0,482.0
3.5479,110.0,482.0
3.553,182.0,484.0
3.5581,-124.0,486.0
3.5629,-203.0,486.0
3.568,155.0,486.0
3.5729,38.0,484.0
3.578,-360.0,486.0
3.5829,23.0,484.0
3.5879,613.0,490.0
3.5929,178.0,488.0
3.5979,-633.0,494.0
3.6029,-428.0,496.0
3.6081,402.0,498.0
3.6133,432.0,500.0
3.618,-199.0,500.0
3.6231,-236.0,500.0
3.6279,174.0,498.0
3.6329,125.0,498.0
3.638,-167.0,496.0
3.6471,-179.0,496.0
3.6478,25.0,494.0
3.653,243.0,496.0
3.6586,168.0,494.0
3.663,-219.0,498.0
3.6679,-265.0,498.0
3.673,163.0,498.0
3.678,270.0,498.0
3.6832,-145.0,494.0
3.6879,-259.0,494.0
3.693,153.0,490.0
3.6982,205.0,492.0
3.703,-165.0,490.0
3.7079,-64.0,490.0
3.7129,155.0,492.0
3.7179,-100.0,494.0
3.7229,-88.0,494.0
3.7282,233.0,496.0
3.733,-8.0,496.0
3.738,-352.0,502.0
3.7429,61.0,500.0
3.7479,419.0,506.0
3.7531,-34.0,504.0
3.7581,-349.0,506.0
3.763,-30.0,504.0
3.768,145.0,500.0
3.773,51.0,498.0
3.7779,87.0,490.0
3.783,-2.0,490.0
3.7881,-256.0,484.0
3.793,-46.0,484.0
3.798,326.0,482.0
3.8029,38.0,480.0
3.8079,-327.0,482.0
3.8131,-3.0,480.0
3.8181,339.0,484.0
3.8229,9.0,482.0
3.8279,-405.0,482.0
3.8329,-85.0,478.0
3.8379,445.0,476.0
3.8429,217.0,474.0
3.8479,-328.0,474.0
3.8529,-336.0,474.0
3.8578,61.0,474.0
3.8629,308.0,478.0
3.8681,151.0,478.0
3.8731,-82.0,476.0
3.878,-119.0,476.0
3.8829,-183.0,476.0
3.8879,-102.0,476.0
3.8928,296.0,480.0
3.8979,290.0,484.0
3.9032,-256.0,482.0
3.9079,-300.0,484.0
3.9129,181.0,480.0
3.918,181.0,478.0
3.923,-107.0,476.0
3.9282,-68.0,474.0
3.9331,-7.0,472.0
3.9378,0.0,470.0
3.9429,148.0,468.0
3.9479,120.0,468.0
3.953,-193.0,466.0
3.9579,-297.0,468.0
3.9638,65.0,464.0
3.9679,344.0,466.0
3.9729,110.0,464.0
3.9779,-146.0,466.0
3.9837,-98.0,466.0
3.9879,-92.0,464.0
3.993,-151.0,464.0
3.9979,81.0,464.0
4.0029,394.0,466.0
4.008,180.0,466.0
4.0132,-371.0,470.0
4.018,-422.0,468.0
4.0231,131.0,468.0
4.0279,412.0,462.0
4.0329,39.0,460.0
4.038,-194.0,452.0
4.0429,28.0,448.0
4.0481,17.0,438.0
4.0529,-191.0,436.0
4.058,-16.0,426.0
4.0629,218.0,424.0
4.0688,32.0,420.0
4.0729,-114.0,416.0
4.078,112.0,414.0
4.0829,66.0,412.0
4.0879,-314.0,406.0
4.0929,-136.0,406.0
4.0982,356.0,402.0
4.1031,229.0,400.0
4.1081,-202.0,396.0
4.1129,-277.0,396.0
4.1179,-38.0,394.0
4.1231,278.0,396.0
4.128,253.0,398.0
4.133,-197.0,400.0
4.1379,-324.0,396.0
4.1429,23.0,392.0
4.1479,199.0,386.0
4.153,159.0,382.0
4.1581,-6.0,376.0
4.1632,-264.0,372.0
4.168,-68.0,370.0
4.1729,278.0,370.0
4.1781,-10.0,370.0
4.1831,-231.0,372.0
4.188,113.0,372.0
4.1929,135.0,372.0
4.198,-111.0,372.0
4.2029,37.0,368.0
4.2079,35.0,368.0
4.2132,-223.0,370.0
4.2179,-25.0,364.0
4.223,219.0,368.0
4.2279,77.0,360.0
4.2329,53.0,358.0
4.238,-12.0,348.0
4.2431,-347.0,346.0
4.2481,-233.0,344.0
4.253,344.0,342.0
4.2579,460.0,346.0
4.2629,-49.0,344.0
4.2682,-433.0,348.0
4.273,-219.0,350.0
4.2781,169.0,350.0
4.283,210.0,350.0
4.288,58.0,350.0
4.2933,-15.0,346.0
4.2981,-18.0,344.0
4.3029,-100.0,342.0
4.308,-206.0,342.0
4.3128,39.0,340.0
4.3179,372.0,342.0
4.3229,60.0,340.0
4.3282,-382.0,342.0
4.333,-43.0,340.0
4.3379,300.0,342.0
4.3429,-57.0,340.0
4.3479,-182.0,342.0
4.3535,129.0,342.0
4.358,60.0,340.0
4.3629,-151.0,342.0
4.3686,22.0,338.0
4.3732,123.0,340.0
4.3779,-58.0,336.0
4.383,-15.0,334.0
4.3879,80.0,330.0
4.393,-119.0,330.0
4.3979,-134.0,328.0
4.4029,126.0,328.0
4.4079,221.0,330.0
4.4133,46.0,330.0
4.4179,-250.0,332.0
4.4229,-233.0,336.0
4.4279,144.0,334.0
4.4329,220.0,338.0
4.4379,33.0,332.0
4.443,20.0,332.0
4.4481,-152.0,330.0
4.4529,-326.0,334.0
4.4579,166.0,332.0
4.4629,519.0,340.0
4.4684,-143.0,336.0
4.4742,-539.0,342.0
4.4786,155.0,338.0
4.4829,439.0,342.0
4.488,-195.0,340.0
4.493,-259.0,338.0
4.4981,230.0,342.0
4.503,38.0,336.0
4.5081,-249.0,338.0
4.5129,97.0,338.0
4.5179,219.0,340.0
4.5231,-58.0,338.0
4.5281,-86.0,338.0
4.5331,-40.0,334.0
4.5379,-105.0,332.0
4.5429,52.0,328.0
4.5478,209.0,326.0
4.5529,-24.0,324.0
4.5579,-147.0,324.0
4.5631,55.0,322.0
4.5679,16.0,322.0
4.5729,-99.0,324.0
4.5779,83.0,324.0
4.5835,62.0,324.0
4.5879,-196.0,324.0
4.5929,7.0,322.0
4.5979,353.0,322.0
4.6028,7.0,322.0
4.6079,-424.0,322.0
4.6129,-72.0,322.0
4.6181,325.0,326.0
4.6229,68.0,324.0
4.6279,-164.0,326.0
4.6329,7.0,324.0
4.6379,77.0,324.0
4.643,-91.0,318.0
4.6481,-118.0,318.0
4.653,132.0,314.0
4.6579,283.0,312.0
4.6628,-39.0,310.0
4.6683,-456.0,312.0
4.6729,-204.0,314.0
4.6789,432.0,318.0
4.6837,402.0,324.0
4.6892,-153.0,326.0
4.6937,-320.0,328.0
4.6989,-163.0,330.0
4.7041,28.0,326.0
4.7079,287.0,330.0
4.7129,150.0,332.0
4.7179,-287.0,334.0
4.723,-56.0,334.0
4.728,384.0,334.0
4.7331,-132.0,334.0
4.738,-570.0,338.0
4.7429,196.0,338.0
4.748,605.0,344.0
4.7529,-107.0,342.0
4.7581,-341.0,346.0
4.7631,-31.0,342.0
4.768,-89.0,340.0
4.7729,129.0,338.0
4.779,422.0,340.0
4.7834,-165.0,342.0
4.7879,-502.0,348.0
4.7931,161.0,348.0
4.798,343.0,352.0
4.8029,-182.0,352.0
4.8079,-79.0,352.0
4.8132,282.0,352.0
4.818,-86.0,352.0
4.8231,-368.0,354.0
4.8279,59.0,354.0
4.8328,291.0,356.0
4.8379,40.0,356.0
4.8429,-88.0,356.0
4.8481,-64.0,356.0
4.8529,-70.0,354.0
4.8579,20.0,354.0
4.8629,129.0,352.0
4.868,29.0,352.0
4.8731,-154.0,354.0
4.8781,-95.0,354.0
4.8829,176.0,352.0
4.8879,201.0,352.0
4.8931,-156.0,348.0
4.8981,-285.0,346.0
4.9031,82.0,346.0
4.908,264.0,344.0
4.9129,5.0,340.0
4.9179,-122.0,340.0
4.923,-70.0,338.0
4.9281,-103.0,338.0
4.933,61.0,338.0
4.938,334.0,344.0
4.9429,47.0,342.0
4.9479,-451.0,346.0
4.9531,-158.0,348.0
4.9581,405.0,350.0
4.9631,137.0,350.0
4.9681,-265.0,348.0
4.9728,1.0,348.0
4.9779,103.0,344.0
4.9832,-139.0,346.0
4.988,21.0,344.0
4.9931,192.0,344.0
4.9979,-50.0,344.0
5.0029,-140.0,344.0
5.008,0.0,344.0
5.013,29.0,342.0
5.0179,84.0,342.0
5.023,84.0,344.0
5.0279,-210.0,346.0
5.0329,-206.0,348.0
5.0378,347.0,350.0
5.0429,334.0,354.0
5.0479,-395.0,356.0
5.0529,-387.0,362.0
5.0579,356.0,364.0
5.0629,322.0,364.0
5.0679,-341.0,368.0
5.0729,-212.0,368.0
5.0779,372.0,374.0
5.0829,133.0,374.0
5.0879,-352.0,378.0
5.0929,-71.0,374.0
5.0992,268.0,376.0
5.104,1.0,368.0
5.1079,-232.0,368.0
5.1129,27.0,360.0
5.1179,276.0,362.0
5.1229,19.0,356.0
5.128,-298.0,358.0
5.133,-73.0,354.0
5.138,252.0,356.0
5.1428,61.0,356.0
5.1478,-199.0,354.0
5.1528,-46.0,354.0
5.1579,147.0,352.0
5.1631,133.0,354.0
5.1679,-21.0,354.0
5.1729,-266.0,356.0
5.1779,-189.0,358.0
5.183,276.0,362.0
5.1881,342.0,364.0
5.1932,-140.0,366.0
5.1979,-310.0,368.0
5.2029,1.0,368.0
5.2081,170.0,370.0
5.2131,68.0,368.0
5.218,-87.0,370.0
5.2229,-154.0,370.0
5.2279,53.0,368.0
5.2329,284.0,372.0
5.2379,49.0,368.0
5.243,-296.0,372.0
5.248,-171.0,368.0
5.2529,91.0,368.0
5.2579,157.0,366.0
5.2629,176.0,368.0
5.2682,-7.0,366.0
5.2731,-303.0,370.0
5.2781,-111.0,370.0
5.283,278.0,374.0
5.2879,90.0,372.0
5.293,-227.0,374.0
5.298,-34.0,370.0
5.3031,156.0,372.0
5.3082,53.0,366.0
5.3129,42.0,364.0
5.3179,-13.0,356.0
5.323,-293.0,356.0
5.3281,-217.0,356.0
5.3329,344.0,356.0
5.3379,445.0,362.0
5.3429,-150.0,362.0
5.348,-388.0,364.0
5.3529,-15.0,362.0
5.3581,89.0,360.0
5.363,-72.0,360.0
5.368,145.0,356.0
5.3729,298.0,358.0
5.378,-147.0,352.0
5.3829,-388.0,354.0
5.388,30.0,346.0
5.393,231.0,348.0
5.3985,-5.0,342.0
5.4028,49.0,342.0
5.408,155.0,344.0
5.4132,-213.0,346.0
5.4181,-356.0,344.0
5.4229,139.0,344.0
5.428,436.0,342.0
5.4328,40.0,340.0
5.4382,-388.0,342.0
5.4436,-129.0,340.0
5.4484,338.0,344.0
5.4532,95.0,342.0
5.458,-374.0,346.0
5.463,-70.0,342.0
5.4682,420.0,348.0
5.473,142.0,344.0
5.4784,-270.0,348.0
5.4832,-198.0,350.0
5.4879,-123.0,352.0
5.4929,51.0,350.0
5.4987,487.0,358.0
5.5047,260.0,360.0
5.5079,-529.0,368.0
5.5131,-460.0,372.0
5.5181,315.0,376.0
5.5231,351.0,378.0
5.5285,-152.0,378.0
5.5333,-56.0,376.0
5.5381,178.0,374.0
5.5431,-129.0,376.0
5.5481,-251.0,376.0
5.5531,97.0,376.0
5.5584,201.0,378.0
5.5642,4.0,378.0
5.5679,-30.0,376.0
5.573,-38.0,376.0
5.5782,-134.0,372.0
5.5833,20.0,372.0
5.5881,174.0,368.0
5.5933,9.0,366.0
5.5984,-72.0,360.0
5.603,-49.0,358.0
5.6079,-62.0,356.0
5.6135,109.0,358.0
5.6178,153.0,358.0
5.6229,-179.0,358.0
5.6279,-240.0,362.0
5.633,216.0,362.0
5.6388,317.0,366.0
5.6434,-189.0,368.0
5.648,-272.0,372.0
5.6534,128.0,374.0
5.658,59.0,372.0
5.663,-79.0,372.0
5.6682,214.0,372.0
5.6734,26.0,370.0
5.6784,-409.0,372.0
5.683,56.0,366.0
5.688,478.0,368.0
5.6932,-89.0,364.0
5.6983,-444.0,364.0
5.7028,-21.0,360.0
5.7079,311.0,360.0
5.7135,201.0,360.0
5.7184,-86.0,354.0
5.7233,-267.0,358.0
5.7287,-128.0,354.0
5.733,164.0,354.0
5.7379,185.0,354.0
5.743,-13.0,354.0
5.7496,-32.0,350.0
5.7538,-61.0,352.0
5.7592,-203.0,350.0
5.7629,64.0,350.0
5.768,338.0,352.0
5.7729,-61.0,352.0
5.7781,-315.0,352.0
5.7833,46.0,352.0
5.7883,199.0,352.0
5.7933,-22.0,352.0
5.7981,-97.0,350.0
5.8031,81.0,350.0
5.8082,150.0,352.0
5.8135,-213.0,352.0
5.8184,-442.0,356.0
5.8233,219.0,354.0
5.828,793.0,362.0
5.8331,17.0,360.0
5.8381,-837.0,368.0
5.8437,-307.0,372.0
5.8483,427.0,376.0
5.8533,327.0,380.0
5.858,141.0,382.0
5.863,-30.0,380.0
5.8681,-411.0,386.0
5.8734,-253.0,384.0
5.8783,279.0,388.0
5.883,187.0,386.0
5.888,-52.0,384.0
5.893,161.0,386.0
5.8983,21.0,384.0
5.9036,-401.0,388.0
5.9084,-142.0,390.0
5.913,303.0,390.0
5.9182,161.0,390.0
5.9233,-40.0,386.0
5.9285,14.0,386.0
5.9334,-77.0,382.0
5.9382,-139.0,384.0
5.9429,6.0,382.0
5.9482,-16.0,382.0
5.9531,40.0,382.0
5.9584,276.0,386.0
5.9637,41.0,382.0
5.9681,-313.0,384.0
5.973,-88.0,380.0
5.978,116.0,374.0
5.9833,-39.0,372.0
5.9891,45.0,366.0
5.9931,192.0,370.0
5.9982,-34.0,368.0
6.003,-161.0,370.0
6.0081,-13.0,368.0
6.0128,9.0,364.0
6.0186,26.0,362.0
6.0233,85.0,356.0
6.0281,-125.0,358.0
6.0331,-149.0,358.0
6.0381,304.0,362.0
6.0431,298.0,366.0
6.0484,-342.0,368.0
6.053,-449.0,372.0
6.058,172.0,370.0
6.0634,441.0,374.0
6.0684,1.0,368.0
6.0729,-314.0,372.0
6.0784,-24.0,366.0
6.0836,280.0,368.0
6.088,15.0,364.0
6.0931,-393.0,368.0
6.0987,-153.0,364.0
6.1035,422.0,370.0
6.1084,358.0,368.0
6.113,-174.0,370.0
6.1181,-381.0,372.0
6.1233,-169.0,370.0
6.128,192.0,372.0
6.1334,268.0,376.0
6.1381,-47.0,368.0
6.1431,-90.0,366.0
6.1479,115.0,360.0
6.1531,-71.0,354.0
6.1578,-206.0,352.0
6.1633,43.0,346.0
6.1688,45.0,344.0
6.173,20.0,344.0
6.1779,294.0,346.0
6.1833,33.0,344.0
6.188,-493.0,348.0
6.1935,-107.0,348.0
6.198,443.0,352.0
6.2031,83.0,354.0
6.2085,-327.0,358.0
6.2134,0.0,358.0
6.2179,285.0,360.0
6.2234,-96.0,362.0
6.2281,-298.0,364.0
6.2331,212.0,366.0
6.2382,306.0,370.0
6.2434,-293.0,374.0
6.2479,-279.0,378.0
6.2529,228.0,380.0
6.2581,169.0,380.0
6.2632,-46.0,378.0
6.2682,74.0,374.0
6.2736,-53.0,372.0
6.2779,-329.0,372.0
6.2831,-19.0,370.0
6.288,361.0,372.0
6.2931,136.0,372.0
6.2988,-145.0,372.0
6.3034,-166.0,374.0
6.3083,-90.0,372.0
6.313,123.0,374.0
6.3181,187.0,370.0
6.3232,-96.0,370.0
6.3284,-184.0,366.0
6.333,115.0,366.0
6.3385,167.0,362.0
6.343,-108.0,364.0
6.3479,-175.0,362.0
6.3537,17.0,358.0
6.3584,233.0,360.0
6.3634,101.0,358.0
6.3679,-332.0,362.0
6.3731,-156.0,362.0
6.3781,385.0,364.0
6.3833,117.0,366.0
6.3884,-308.0,370.0
6.3934,-28.0,370.0
6.398,132.0,368.0
6.4031,-29.0,368.0
6.4084,63.0,364.0
6.4131,31.0,364.0
6.4187,-241.0,362.0
6.4232,-28.0,362.0
6.4281,326.0,364.0
6.4331,50.0,364.0
6.4383,-209.0,366.0
6.4434,-61.0,366.0
6.448,-50.0,364.0
6.453,29.0,362.0
6.4579,226.0,358.0
6.463,22.0,354.0
6.468,-193.0,346.0
6.4729,-62.0,346.0
6.4779,28.0,334.0
6.483,121.0,330.0
6.4878,190.0,326.0
6.4931,-211.0,326.0
6.498,-419.0,330.0
6.5031,240.0,332.0
6.5081,517.0,334.0
6.5129,-150.0,332.0
6.519,-349.0,334.0
6.5233,70.0,332.0
6.5279,38.0,332.0
6.5332,-131.0,332.0
6.538,112.0,332.0
6.5429,240.0,330.0
6.5479,18.0,328.0
6.5529,-228.0,328.0
6.558,-211.0,328.0
6.5629,101.0,328.0
6.5679,205.0,332.0
6.5728,-2.0,330.0
6.5778,-26.0,328.0
6.5829,4.0,328.0
6.5881,-111.0,330.0
6.5931,-22.0,330.0
6.5979,86.0,328.0
6.6029,-96.0,328.0
6.6079,16.0,324.0
6.6131,371.0,328.0
6.6181,-40.0,326.0
6.6234,-624.0,336.0
6.6279,-70.0,336.0
6.6328,640.0,344.0
6.6379,247.0,346.0
6.6432,-347.0,350.0
6.648,-337.0,354.0
6.653,-98.0,356.0
6.6579,207.0,358.0
6.663,379.0,364.0
6.6679,81.0,362.0
6.6731,-307.0,366.0
6.6781,-277.0,364.0
6.6829,35.0,360.0
6.6879,246.0,360.0
6.6929,122.0,354.0
6.6981,-138.0,354.0
6.7031,-51.0,348.0
6.7079,123.0,350.0
6.7129,-97.0,346.0
6.7179,-178.0,348.0
6.7231,175.0,346.0
6.7292,184.0,350.0
6.7339,-208.0,346.0
6.7378,-129.0,346.0
6.7429,286.0,344.0
6.7478,122.0,340.0
6.753,-399.0,344.0
6.7581,-220.0,342.0
6.763,438.0,346.0
6.7679,331.0,348.0
6.7729,-345.0,348.0
6.778,-357.0,354.0
6.783,215.0,356.0
6.7879,355.0,360.0
6.793,-156.0,360.0
6.7979,-412.0,364.0
6.8029,144.0,366.0
6.8085,452.0,372.0
6.8132,-121.0,374.0
6.8179,-343.0,374.0
6.8229,122.0,376.0
6.8278,130.0,370.0
6.8328,-152.0,370.0
6.8378,47.0,364.0
6.8429,112.0,364.0
6.8479,-199.0,362.0
6.8528,1.0,362.0
6.8578,404.0,364.0
6.8629,-46.0,364.0
6.868,-623.0,368.0
6.873,-31.0,366.0
6.8779,760.0,374.0
6.8829,144.0,370.0
6.8879,-764.0,378.0
6.8928,-224.0,378.0
6.898,631.0,386.0
6.9031,236.0,388.0
6.9079,-406.0,394.0
6.9129,-121.0,394.0
6.9178,182.0,392.0
6.9229,-78.0,394.0
6.9279,-21.0,388.0
6.933,183.0,388.0
6.9378,-91.0,388.0
6.9428,-115.0,388.0
6.9478,186.0,388.0
6.9529,20.0,388.0
6.9581,-211.0,388.0
6.9629,-9.0,386.0
6.9679,115.0,386.0
6.9729,-23.0,384.0
6.9778,2.0,382.0
6.9833,173.0,382.0
6.988,46.0,380.0
6.9929,-326.0,384.0
6.9979,-321.0,386.0
7.0029,302.0,390.0
7.008,666.0,394.0
7.0133,-84.0,394.0
7.0181,-825.0,400.0
7.0231,-170.0,402.0
7.0279,668.0,406.0
7.0336,304.0,412.0
7.0379,-314.0,414.0
7.0431,-294.0,418.0
7.048,41.0,418.0
7.053,212.0,420.0
7.0579,-14.0,418.0
7.063,-144.0,418.0
7.0683,137.0,416.0
7.0729,125.0,418.0
7.0779,-201.0,416.0
7.0829,-101.0,418.0
7.0879,121.0,418.0
7.093,13.0,418.0
7.0982,21.0,416.0
7.1029,113.0,416.0
7.1081,-85.0,414.0
7.1129,-210.0,418.0
7.1178,-1.0,416.0
7.1228,231.0,418.0
7.1279,179.0,418.0
7.1341,-178.0,418.0
7.1379,-326.0,416.0
7.1428,83.0,414.0
7.1478,356.0,412.0
7.153,9.0,410.0
7.1581,-261.0,408.0
7.1629,-55.0,408.0
7.1679,126.0,410.0
7.1728,40.0,408.0
7.1779,-46.0,406.0
7.1831,14.0,404.0
7.188,62.0,404.0
7.1929,-81.0,402.0
7.1978,-133.0,400.0
7.2029,128.0,400.0
7.2081,187.0,400.0
7.2132,-119.0,402.0
7.2179,-177.0,404.0
7.2229,84.0,406.0
7.2279,123.0,406.0
7.2329,-90.0,408.0
7.2382,-71.0,406.0
7.2429,140.0,408.0
7.2479,37.0,408.0
7.2529,-181.0,404.0
7.2578,-42.0,404.0
7.2628,155.0,398.0
7.2679,98.0,398.0
7.2729,6.0,388.0
7.278,-118.0,386.0
7.2829,-260.0,384.0
7.2879,-9.0,380.0
7.2933,377.0,384.0
7.2981,224.0,384.0
7.303,-190.0,382.0
7.3081,-279.0,384.0
7.3129,-145.0,382.0
7.3178,58.0,378.0
7.3228,315.0,382.0
7.3279,249.0,382.0
7.3344,-208.0,384.0
7.339,-389.0,388.0
7.3429,11.0,388.0
7.3479,299.0,390.0
7.3529,53.0,390.0
7.358,-121.0,388.0
7.3629,41.0,386.0
7.3679,55.0,384.0
7.3729,-165.0,384.0
7.3779,-163.0,384.0
7.383,227.0,384.0
7.3879,350.0,388.0
7.3929,-228.0,384.0
7.3981,-508.0,388.0
7.4028,175.0,384.0
7.4083,548.0,388.0
7.4132,-58.0,384.0
7.4179,-385.0,384.0
7.423,-39.0,382.0
7.4278,77.0,376.0
7.4328,-23.0,374.0
7.4379,138.0,370.0
7.4431,221.0,372.0
7.4487,-116.0,366.0
7.4529,-318.0,370.0
7.4578,26.0,364.0
7.4628,192.0,366.0
7.4682,-132.0,366.0
7.473,-25.0,364.0
7.4779,401.0,370.0
7.483,42.0,368.0
7.488,-557.0,374.0
7.4929,-203.0,378.0
7.4982,471.0,378.0
7.503,331.0,382.0
7.508,-277.0,378.0
7.5129,-383.0,382.0
7.5178,123.0,372.0
7.5229,423.0,378.0
7.5278,-41.0,366.0
7.5332,-431.0,368.0
7.5379,31.0,360.0
7.5432,336.0,362.0
7.5478,-93.0,356.0
7.5529,-140.0,356.0
7.5579,217.0,358.0
7.5631,-62.0,356.0
7.5679,-402.0,362.0
7.5729,173.0,362.0
7.5779,568.0,370.0
7.5829,-195.0,372.0
7.5879,-576.0,378.0
7.593,221.0,380.0
7.5979,412.0,384.0
7.6028,-291.0,388.0
7.6079,-194.0,390.0
7.6132,372.0,394.0
7.618,11.0,394.0
7.623,-447.0,400.0
7.6279,106.0,400.0
7.6329,509.0,404.0
7.6379,-135.0,400.0
7.6429,-518.0,404.0
7.649,77.0,394.0
7.6533,420.0,400.0
7.6578,12.0,386.0
7.6629,-219.0,388.0
7.6681,-88.0,378.0
7.673,-7.0,374.0
7.6787,157.0,372.0
7.6829,191.0,370.0
7.6879,-230.0,372.0
7.693,-300.0,374.0
7.6981,243.0,378.0
7.703,279.0,380.0
7.7079,-140.0,380.0
7.7129,-89.0,380.0
7.7178,-16.0,376.0
7.7235,-187.0,378.0
7.7279,105.0,378.0
7.7329,376.0,384.0
7.7379,-119.0,384.0
7.7429,-377.0,388.0
7.7482,170.0,390.0
7.7528,259.0,390.0
7.758,-314.0,396.0
7.763,-194.0,396.0
7.7679,423.0,400.0
7.7729,244.0,400.0
7.778,-338.0,400.0
7.7829,-277.0,404.0
7.7879,136.0,400.0
7.793,199.0,402.0
7.7979,-32.0,400.0
7.8029,-109.0,400.0
7.808,54.0,400.0
7.8132,85.0,400.0
7.818,-75.0,400.0
7.8229,-70.0,402.0
7.8278,56.0,400.0
7.8328,35.0,400.0
7.8381,-27.0,398.0
7.8431,-7.0,396.0
7.848,2.0,394.0
7.853,10.0,392.0
7.8579,23.0,390.0
7.8629,-66.0,390.0
7.868,-81.0,388.0
7.8738,135.0,390.0
7.8787,180.0,392.0
7.8831,-104.0,390.0
7.889,-247.0,394.0
7.8929,-68.0,392.0
7.8982,175.0,394.0
7.9029,269.0,396.0
7.9079,33.0,394.0
7.9129,-325.0,400.0
7.9179,-231.0,402.0
7.923,201.0,400.0
7.928,258.0,404.0
7.9329,-25.0,400.0
7.938,-104.0,398.0
7.9428,-72.0,396.0
7.948,-114.0,392.0
7.9534,65.0,392.0
7.958,286.0,396.0
7.9629,-4.0,390.0
7.9679,-388.0,392.0
7.9729,-76.0,390.0
7.9779,431.0,392.0
7.9829,153.0,394.0
7.9881,-396.0,394.0
7.9931,-156.0,396.0
7.9979,298.0,400.0
8.0029,43.0,400.0
8.0078,-234.0,402.0
8.0132,106.0,402.0
8.0181,261.0,402.0
8.0229,-172.0,402.0
8.028,-313.0,402.0
8.0329,122.0,400.0
8.0378,306.0,396.0
8.0429,13.0,394.0
8.0479,-241.0,390.0
8.0529,-150.0,390.0
8.0579,174.0,388.0
8.0628,176.0,390.0
8.0679,-181.0,390.0
8.073,-100.0,392.0
8.0779,288.0,394.0
8.0829,106.0,392.0
8.0879,-368.0,396.0
8.0929,-306.0,396.0
8.098,217.0,400.0
8.1029,537.0,404.0
8.1079,193.0,406.0
8.1129,-539.0,414.0
8.1179,-615.0,418.0
8.1228,276.0,420.0
8.1279,745.0,424.0
8.133,17.0,420.0
8.1379,-506.0,422.0
8.1429,-126.0,418.0
8.1479,66.0,414.0
8.1528,20.0,410.0
8.1579,332.0,412.0
8.163,215.0,410.0
8.1679,-492.0,416.0
8.1729,-453.0,416.0
8.1779,363.0,422.0
8.1829,551.0,426.0
8.188,-88.0,426.0
8.193,-444.0,430.0
8.1979,-97.0,428.0
8.2028,260.0,432.0
8.2079,76.0,426.0
8.2132,-231.0,426.0
8.2179,5.0,418.0
8.2229,370.0,420.0
8.2278,77.0,414.0
8.2328,-418.0,416.0
8.2379,-298.0,414.0
8.243,220.0,414.0
8.2482,397.0,416.0
8.2529,43.0,412.0
8.2579,-245.0,414.0
8.2631,-147.0,410.0
8.2678,-9.0,408.0
8.2731,106.0,402.0
8.278,174.0,404.0
8.2829,-73.0,396.0
8.2879,-198.0,398.0
8.2928,103.0,394.0
8.298,116.0,394.0
8.3029,-158.0,394.0
8.3079,16.0,392.0
8.3129,182.0,396.0
8.3179,-112.0,394.0
8.3232,-108.0,394.0
8.3279,91.0,392.0
8.3331,-95.0,388.0
8.338,0.0,384.0
8.3429,345.0,386.0
8.3479,-35.0,384.0
8.353,-498.0,390.0
8.3581,-16.0,390.0
8.363,487.0,394.0
8.3679,67.0,394.0
8.3728,-370.0,394.0
8.378,-43.0,392.0
8.383,243.0,390.0
8.388,-27.0,388.0
8.3931,-151.0,386.0
8.398,70.0,382.0
8.4029,80.0,382.0
8.4078,-62.0,376.0
8.4131,-4.0,372.0
8.4179,48.0,368.0
8.4229,-91.0,364.0
8.4278,-72.0,364.0
8.4328,192.0,364.0
8.4378,115.0,364.0
8.4429,-231.0,366.0
8.448,-121.0,368.0
8.4529,162.0,368.0
8.4578,72.0,368.0
8.4629,-41.0,368.0
8.4678,0.0,368.0
8.4729,-45.0,368.0
8.4779,-47.0,368.0
8.483,78.0,368.0
8.4878,53.0,370.0
8.4929,-64.0,370.0
8.498,-49.0,370.0
8.503,5.0,370.0
8.5079,69.0,370.0
8.5129,59.0,368.0
8.5179,-106.0,368.0
8.5229,-60.0,366.0
8.5281,156.0,366.0
8.5329,-36.0,364.0
8.5379,-257.0,366.0
8.5429,162.0,364.0
8.5479,416.0,370.0
8.5531,-190.0,368.0
8.5579,-530.0,372.0
8.5629,109.0,372.0
8.5679,467.0,374.0
8.5737,-72.0,376.0
8.5788,-244.0,378.0
8.5829,203.0,380.0
8.588,67.0,380.0
8.5929,-394.0,384.0
8.5979,-63.0,380.0
8.603,393.0,386.0
8.6078,92.0,382.0
8.6132,-141.0,384.0
8.6179,40.0,378.0
8.6229,-107.0,376.0
8.6279,-276.0,374.0
8.6329,127.0,374.0
8.638,343.0,374.0
8.6431,-57.0,374.0
8.6479,-153.0,374.0
8.6529,121.0,374.0
8.6579,-31.0,370.0
8.6629,-159.0,370.0
8.668,18.0,366.0
8.6741,-110.0,366.0
8.6778,11.0,360.0
8.6829,540.0,368.0
8.6878,121.0,368.0
8.6938,-679.0,376.0
8.6992,-218.0,376.0
8.7029,421.0,380.0
8.7079,3.0,378.0
8.7128,-166.0,378.0
8.7179,359.0,380.0
8.7229,225.0,382.0
8.7279,-410.0,382.0
8.7331,-338.0,382.0
8.7379,61.0,380.0
8.7428,138.0,374.0
8.7479,265.0,374.0
8.753,208.0,370.0
8.7579,-266.0,364.0
8.7631,-271.0,364.0
8.7678,97.0,354.0
8.7729,32.0,354.0
8.7783,19.0,346.0
8.7829,168.0,348.0
8.7879,-101.0,348.0
8.7929,-147.0,350.0
8.7978,192.0,348.0
8.803,-15.0,344.0
8.8079,-206.0,340.0
8.8132,210.0,336.0
8.8179,111.0,332.0
8.8229,-366.0,330.0
8.8279,-25.0,328.0
8.8328,404.0,328.0
8.838,71.0,328.0
8.8429,-294.0,328.0
8.8481,-214.0,330.0
8.8529,102.0,328.0
8.8578,304.0,332.0
8.8629,60.0,328.0
8.8679,-238.0,330.0
8.8729,-122.0,326.0
8.8779,25.0,322.0
8.8829,70.0,318.0
8.8879,222.0,316.0
8.8935,45.0,316.0
8.898,-328.0,318.0
8.9028,-113.0,318.0
8.908,217.0,320.0
8.9129,41.0,320.0
8.9178,-26.0,316.0
8.9229,130.0,318.0
8.929,-70.0,316.0
8.9328,-226.0,318.0
8.9379,45.0,316.0
8.9428,102.0,316.0
8.9478,-27.0,316.0
8.9529,164.0,316.0
8.9581,157.0,316.0
8.963,-317.0,320.0
8.9679,-369.0,324.0
8.9728,201.0,326.0
8.9778,409.0,332.0
8.983,44.0,328.0
8.988,-174.0,330.0
8.993,-114.0,324.0
8.9979,-116.0,326.0
9.0028,-118.0,320.0
9.0079,162.0,320.0
9.0131,412.0,322.0
9.018,70.0,322.0
9.023,-410.0,324.0
9.0279,-299.0,328.0
9.0329,103.0,328.0
9.0379,270.0,332.0
9.043,155.0,332.0
9.048,-56.0,332.0
9.053,-139.0,334.0
9.0578,-80.0,334.0
9.0628,-14.0,334.0
9.0678,-7.0,332.0
9.0731,64.0,330.0
9.0779,234.0,332.0
9.0834,66.0,330.0
9.0878,-389.0,334.0
9.0929,-274.0,336.0
9.0981,307.0,340.0
9.1029,373.0,344.0
9.108,-44.0,346.0
9.1129,-272.0,348.0
9.1178,-135.0,350.0
9.1229,108.0,350.0
9.1282,58.0,350.0
9.133,-94.0,352.0
9.1379,148.0,352.0
9.1429,234.0,356.0
9.1479,-248.0,360.0
9.1529,-358.0,364.0
9.158,159.0,364.0
9.163,347.0,370.0
9.1678,17.0,368.0
9.1738,-201.0,370.0
9.1778,-118.0,368.0
9.1828,24.0,366.0
9.1882,59.0,360.0
9.193,48.0,358.0
9.1979,77.0,350.0
9.2028,24.0,350.0
9.2079,-134.0,344.0
9.213,-145.0,344.0
9.2179,84.0,342.0
9.2229,189.0,342.0
9.2279,-53.0,342.0
9.2329,-134.0,338.0
9.2382,132.0,340.0
9.2429,83.0,334.0
9.2481,-232.0,336.0
9.2529,-126.0,336.0
9.2579,169.0,338.0
9.2628,184.0,340.0
9.2679,84.0,336.0
9.2731,-118.0,336.0
9.278,-326.0,336.0
9.2841,-28.0,336.0
9.2879,384.0,340.0
9.2929,76.0,338.0
9.2983,-302.0,342.0
9.303,-16.0,340.0
9.3081,210.0,344.0
9.3129,15.0,342.0
9.3178,-143.0,344.0
9.3229,-146.0,338.0
9.3281,70.0,338.0
9.3331,314.0,332.0
9.3379,6.0,328.0
9.3429,-406.0,328.0
9.348,-71.0,328.0
9.3529,368.0,332.0
9.3579,115.0,328.0
9.363,-237.0,328.0
9.3679,-128.0,324.0
9.3728,137.0,320.0
9.3779,127.0,322.0
9.3828,-132.0,322.0
9.3878,-144.0,320.0
9.3928,117.0,318.0
9.3979,139.0,316.0
9.4028,8.0,312.0
9.4078,-35.0,312.0
9.4132,-139.0,314.0
9.4181,-100.0,314.0
9.4229,127.0,314.0
9.4278,88.0,314.0
9.4328,-37.0,312.0
9.4381,100.0,310.0
9.443,56.0,312.0
9.4481,-284.0,312.0
9.4529,-201.0,312.0
9.4578,316.0,316.0
9.4629,295.0,314.0
9.4679,-243.0,318.0
9.4731,-198.0,314.0
9.4779,215.0,316.0
9.4828,-22.0,312.0
9.4878,-281.0,314.0
9.4928,203.0,314.0
9.498,314.0,316.0
9.503,-275.0,318.0
9.5082,-189.0,318.0
9.5129,282.0,320.0
9.5178,-32.0,320.0
9.5229,-252.0,324.0
9.528,210.0,324.0
9.5329,173.0,326.0
9.538,-285.0,324.0
9.5429,-46.0,324.0
9.5479,299.0,324.0
9.5529,-76.0,326.0
9.558,-281.0,330.0
9.563,153.0,330.0
9.5679,207.0,332.0
9.5728,-181.0,330.0
9.5778,-72.0,332.0
9.5832,155.0,332.0
9.5879,-60.0,332.0
9.5938,-48.0,330.0
9.5979,131.0,330.0
9.6029,-130.0,328.0
9.6092,-173.0,324.0
9.6129,273.0,326.0
9.6181,238.0,322.0
9.6231,-265.0,326.0
9.6278,-268.0,328.0
9.6328,173.0,328.0
9.6379,182.0,330.0
9.6431,-182.0,330.0
9.6504,-44.0,328.0
9.6528,322.0,328.0
9.6578,3.0,326.0
9.663,-435.0,326.0
9.6678,-90.0,324.0
9.6731,399.0,328.0
9.6778,201.0,328.0
9.683,-240.0,328.0
9.6878,-240.0,332.0
9.6928,51.0,330.0
9.6981,182.0,332.0
9.7029,66.0,332.0
9.7078,-61.0,334.0
9.713,-29.0,332.0
9.7178,-20.0,330.0
9.7231,-149.0,330.0
9.728,-8.0,324.0
9.7329,334.0,326.0
9.7379,84.0,322.0
9.7429,-382.0,322.0
9.7479,-108.0,324.0
9.7529,283.0,324.0
9.7581,91.0,322.0
9.7629,-119.0,322.0
9.7679,-57.0,322.0
9.7728,-45.0,322.0
9.7779,-26.0,320.0
9.783,149.0,318.0
9.7881,136.0,318.0
9.7929,-151.0,314.0
9.7983,-189.0,314.0
9.8028,83.0,310.0
9.8082,173.0,312.0
9.8134,-16.0,310.0
9.8179,-152.0,310.0
9.8229,-15.0,310.0
9.8278,166.0,312.0
9.8328,7.0,312.0
9.8381,-192.0,314.0
9.843,14.0,312.0
9.848,189.0,314.0
9.8529,-6.0,312.0
9.8579,-123.0,312.0
9.8629,-4.0,310.0
9.8679,-10.0,308.0
9.8731,-74.0,308.0
9.878,151.0,308.0
9.8829,246.0,310.0
9.8878,-210.0,310.0
9.8929,-397.0,314.0
9.8979,181.0,314.0
9.9037,435.0,318.0
9.9079,-123.0,320.0
9.9128,-363.0,322.0
9.9178,88.0,320.0
9.9228,244.0,322.0
9.9279,-98.0,318.0
9.9331,-148.0,320.0
9.9378,136.0,316.0
9.9428,99.0,318.0
9.9479,-146.0,316.0
9.9528,-67.0,318.0
9.9579,102.0,318.0
9.9629,26.0,316.0
9.9679,-44.0,314.0
9.9728,3.0,310.0
9.9778,13.0,310.0
9.9829,25.0,304.0
9.9881,57.0,304.0
9.9931,-87.0,300.0
9.9978,-233.0,302.0
10.0028,50.0,298.0
10.0087,394.0,302.0
10.0131,135.0,302.0
10.0179,-347.0,306.0
10.0229,-285.0,308.0
10.0278,116.0,308.0
10.0328,200.0,310.0
10.0379,48.0,308.0
10.043,34.0,308.0
10.0479,1.0,308.0
10.0529,-186.0,308.0
10.0579,-147.0,310.0
10.0629,208.0,310.0
10.068,208.0,312.0
10.0731,-254.0,316.0
10.0781,-184.0,318.0
10.0829,374.0,322.0
10.0878,183.0,320.0
10.093,-412.0,324.0
10.0984,-199.0,322.0
10.103,263.0,322.0
10.108,122.0,320.0
10.1129,-58.0,318.0
10.1178,40.0,314.0
10.1229,-17.0,314.0
10.1279,-148.0,312.0
10.1329,-47.0,310.0
10.1379,117.0,306.0
10.1428,147.0,304.0
10.1478,18.0,302.0
10.1529,-154.0,300.0
10.158,-156.0,302.0
10.1629,0.0,298.0
10.1679,179.0,298.0
10.1729,209.0,298.0
10.1778,-63.0,294.0
10.183,-251.0,298.0
10.1881,-58.0,294.0
10.1929,50.0,294.0
10.1979,40.0,290.0
10.2028,193.0,290.0
10.2079,57.0,288.0
10.2131,-266.0,290.0
10.2181,-54.0,290.0
10.223,218.0,290.0
10.2278,-72.0,290.0
10.2328,-198.0,292.0
10.2378,182.0,294.0
10.2429,228.0,296.0
10.248,-167.0,296.0
10.253,-238.0,294.0
10.2578,61.0,292.0
10.2629,175.0,290.0
10.2681,32.0,286.0
10.273,-42.0,284.0
10.2779,-62.0,282.0
10.2829,-107.0,282.0
10.2879,69.0,282.0
10.2929,184.0,280.0
10.2983,-91.0,282.0
10.3031,-116.0,276.0
10.3078,105.0,276.0
10.3128,-87.0,272.0
10.3179,-110.0,270.0
10.3229,315.0,272.0
10.3281,140.0,270.0
10.3329,-394.0,276.0
10.3381,-165.0,274.0
10.3428,224.0,278.0
10.3478,82.0,278.0
10.353,64.0,278.0
10.358,116.0,280.0
10.363,-218.0,280.0
10.368,-287.0,286.0
10.373,157.0,282.0
10.3779,309.0,286.0
10.3829,12.0,280.0
10.3879,-224.0,282.0
10.3929,-200.0,280.0
10.3978,112.0,282.0
10.4028,366.0,284.0
10.4079,19.0,284.0
10.413,-438.0,290.0
10.4178,-178.0,292.0
10.4229,362.0,296.0
10.4279,315.0,298.0
10.4329,-186.0,300.0
10.4379,-383.0,302.0
10.4428,22.0,302.0
10.448,382.0,304.0
10.4529,75.0,306.0
10.4578,-314.0,308.0
10.4629,-142.0,310.0
10.4681,166.0,310.0
10.4729,202.0,314.0
10.4779,40.0,310.0
10.4829,-224.0,314.0
10.4879,-237.0,316.0
10.4929,156.0,318.0
10.4982,344.0,320.0
10.5029,21.0,322.0
10.5079,-309.0,326.0
10.5128,-239.0,328.0
10.5178,122.0,328.0
10.5229,344.0,330.0
10.5281,127.0,328.0
10.533,-267.0,326.0
10.5379,-300.0,328.0
10.5428,131.0,324.0
10.5478,351.0,326.0
10.5529,-69.0,322.0
10.5579,-331.0,326.0
10.5631,61.0,324.0
10.5679,271.0,326.0
10.5729,-43.0,324.0
10.5779,-162.0,324.0
10.5829,37.0,324.0
10.5878,29.0,322.0
10.5931,-75.0,322.0
10.5979,83.0,322.0
10.6028,97.0,322.0
10.6079,-211.0,326.0
10.6129,-59.0,326.0
10.6179,404.0,332.0
10.6229,10.0,332.0
10.6278,-565.0,340.0
10.6328,40.0,340.0
10.6379,526.0,344.0
10.643,-182.0,346.0
10.6482,-318.0,344.0
10.6529,416.0,350.0
10.6578,137.0,346.0
10.6628,-581.0,350.0
10.6681,-80.0,350.0
10.673,507.0,354.0
10.6779,37.0,354.0
10.6829,-180.0,356.0
10.6879,133.0,358.0
10.6929,-207.0,360.0
10.6979,-393.0,364.0
10.7029,407.0,366.0
10.7079,553.0,372.0
10.7129,-346.0,372.0
10.7182,-487.0,378.0
10.7228,140.0,374.0
10.7279,252.0,376.0
10.7329,64.0,370.0
10.7379,-15.0,366.0
10.7429,-184.0,366.0
10.7478,-104.0,366.0
10.7529,205.0,368.0
10.7578,115.0,368.0
10.7629,-157.0,370.0
10.7678,-56.0,370.0
10.7728,107.0,370.0
10.7779,-53.0,370.0
10.7829,-128.0,370.0
10.7879,157.0,372.0
10.7928,188.0,372.0
10.7979,-196.0,372.0
10.8028,-179.0,376.0
10.8081,178.0,376.0
10.8131,68.0,374.0
10.8179,-160.0,374.0
10.8228,46.0,372.0
10.8279,173.0,374.0
10.8328,-55.0,374.0
10.838,-176.0,376.0
10.8428,-35.0,372.0
10.848,101.0,374.0
10.8529,132.0,372.0
10.8578,50.0,372.0
10.8628,-167.0,370.0
10.8678,-214.0,372.0
10.8728,124.0,372.0
10.878,302.0,374.0
10.8829,-17.0,370.0
10.8879,-268.0,372.0
10.8929,-120.0,370.0
10.898,138.0,372.0
10.903,228.0,372.0
10.9079,10.0,372.0
10.9129,-226.0,374.0
10.9178,-78.0,374.0
10.9228,103.0,374.0
10.928,6.0,374.0
10.933,11.0,372.0
10.9381,116.0,372.0
10.9429,5.0,370.0
10.9479,-136.0,370.0
10.9528,-102.0,370.0
10.9581,45.0,370.0
10.9635,169.0,368.0
10.9692,41.0,366.0
10.973,-182.0,362.0
10.978,-52.0,360.0
10.983,129.0,360.0
10.9883,-11.0,358.0
10.9933,8.0,358.0
10.998,101.0,356.0
11.0028,-161.0,356.0
11.0081,-120.0,354.0
11.0137,245.0,354.0
11.0185,-11.0,350.0
11.0234,-282.0,354.0
11.028,241.0,354.0
11.0331,312.0,356.0
11.038,-435.0,362.0
11.0438,-274.0,360.0
11.0483,532.0,368.0
11.053,159.0,364.0
11.058,-538.0,370.0
11.063,-74.0,364.0
11.0681,424.0,366.0
11.0733,60.0,364.0
11.0783,-191.0,362.0
11.083,-39.0,362.0
11.088,-43.0,356.0
11.0931,-4.0,356.0
11.0989,162.0,352.0
11.1032,36.0,352.0
11.1078,-162.0,352.0
11.113,-70.0,350.0
11.1179,69.0,350.0
11.1233,108.0,348.0
11.1283,80.0,346.0
11.1328,-121.0,344.0
11.1384,-209.0,342.0
11.143,135.0,344.0
11.1481,290.0,344.0
11.1538,-196.0,344.0
11.1584,-402.0,348.0
11.1631,239.0,346.0
11.168,581.0,354.0
11.173,-159.0,352.0
11.1781,-710.0,358.0
11.1834,-16.0,356.0
11.1885,677.0,362.0
11.1929,181.0,364.0
11.1979,-506.0,366.0
11.2029,-279.0,370.0
11.2078,292.0,370.0
11.2136,292.0,374.0
11.2189,-124.0,372.0
11.2232,-194.0,376.0
11.228,79.0,376.0
11.2334,45.0,376.0
11.2385,-151.0,376.0
11.2433,39.0,376.0
11.2483,227.0,376.0
11.2531,-66.0,376.0
11.258,-232.0,374.0
11.2633,105.0,374.0
11.2682,180.0,368.0
11.2735,-149.0,370.0
11.2783,-82.0,364.0
11.2834,160.0,364.0
11.288,-56.0,360.0
11.293,-121.0,354.0
11.2988,198.0,356.0
11.304,22.0,346.0
11.3078,-314.0,350.0
11.313,86.0,344.0
11.3181,369.0,350.0
11.323,-130.0,348.0
11.3285,-307.0,352.0
11.3335,125.0,350.0
11.3378,120.0,346.0
11.343,-139.0,342.0
11.348,81.0,334.0
11.353,208.0,332.0
11.3588,-140.0,326.0
11.3633,-291.0,328.0
11.3679,7.0,324.0
11.3728,304.0,328.0
11.378,181.0,332.0
11.3835,-229.0,332.0
11.3878,-256.0,334.0
11.394,142.0,334.0
11.398,173.0,334.0
11.4029,-117.0,334.0
11.4078,-16.0,332.0
11.4135,150.0,334.0
11.4186,-128.0,334.0
11.4229,-204.0,336.0
11.428,221.0,336.0
11.4331,251.0,338.0
11.4382,-192.0,338.0
11.4444,-221.0,338.0
11.4482,4.0,336.0
11.453,46.0,336.0
11.458,213.0,336.0
11.4632,163.0,338.0
11.4684,-299.0,340.0
11.4729,-206.0,342.0
11.4785,277.0,344.0
11.483,66.0,344.0
11.4878,-277.0,348.0
11.4932,62.0,346.0
11.4979,317.0,350.0
11.5035,-24.0,348.0
11.5078,-282.0,350.0
11.5133,-110.0,348.0
11.518,124.0,346.0
11.5232,147.0,348.0
11.5288,39.0,344.0
11.5335,-40.0,344.0
11.538,-73.0,342.0
11.5428,-42.0,340.0
11.548,10.0,340.0
11.554,-49.0,336.0
11.5578,0.0,336.0
11.5628,265.0,338.0
11.5677,136.0,340.0
11.5728,-416.0,346.0
11.578,-337.0,350.0
11.5832,397.0,356.0
11.5878,408.0,360.0
11.5934,-278.0,362.0
11.598,-291.0,366.0
11.603,169.0,366.0
11.6078,119.0,368.0
11.6135,-108.0,366.0
11.6177,4.0,366.0
11.6234,93.0,366.0
11.6291,-79.0,366.0
11.6332,-114.0,368.0
11.6382,141.0,368.0
11.6434,130.0,368.0
11.6511,-224.0,370.0
11.6529,-102.0,368.0
11.6578,326.0,372.0
11.6629,54.0,370.0
11.6692,-374.0,372.0
11.6727,-62.0,368.0
11.6783,285.0,366.0
11.6829,128.0,362.0
11.688,-61.0,356.0
11.6932,-150.0,356.0
11.6984,-167.0,350.0
11.7033,84.0,350.0
11.7081,239.0,346.0
11.713,-43.0,346.0
11.7179,-164.0,346.0
11.723,94.0,346.0
11.7285,92.0,348.0
11.7331,-146.0,350.0
11.738,-76.0,348.0
11.743,109.0,350.0
11.7484,56.0,348.0
11.7535,-26.0,348.0
11.7583,-26.0,346.0
11.7634,-37.0,346.0
11.7677,16.0,344.0
11.773,103.0,344.0
11.778,20.0,342.0
11.7833,-190.0,342.0
11.7889,-148.0,340.0
11.7933,213.0,340.0
11.798,295.0,338.0
11.803,-73.0,336.0
11.8078,-293.0,332.0
11.8129,-156.0,332.0
11.818,81.0,322.0
11.8233,264.0,326.0
11.8281,181.0,318.0
11.8328,-205.0,318.0
11.8383,-308.0,314.0
11.8439,183.0,314.0
11.8483,329.0,314.0
11.8534,-294.0,314.0
11.858,-405.0,318.0
11.8631,356.0,320.0
11.8681,513.0,328.0
11.8736,-207.0,330.0
11.8778,-468.0,336.0
11.883,-41.0,336.0
11.8881,264.0,336.0
11.893,177.0,338.0
11.8993,-99.0,336.0
11.9039,-158.0,336.0
11.9078,30.0,334.0
11.9132,86.0,334.0
11.9178,84.0,334.0
11.9232,-20.0,330.0
11.9285,-278.0,334.0
11.9333,-49.0,334.0
11.9381,369.0,336.0
11.9427,98.0,338.0
11.9488,-264.0,336.0
11.9528,-73.0,336.0
11.9583,136.0,332.0
11.9628,0.0,330.0
11.9678,-162.0,328.0
11.9728,18.0,326.0
11.9778,244.0,328.0
11.9828,20.0,326.0
11.9879,-194.0,328.0
11.9928,-6.0,326.0
11.9979,77.0,324.0
12.0028,-51.0,320.0
12.0079,-97.0,322.0
12.0131,17.0,318.0
12.018,251.0,318.0
12.023,119.0,316.0
12.0278,-355.0,318.0
12.0328,-238.0,320.0
12.0378,295.0,322.0
12.0428,264.0,324.0
12.0489,-120.0,326.0
12.0528,-194.0,326.0
12.0578,-67.0,326.0
12.0627,82.0,324.0
12.0679,226.0,324.0
12.0728,14.0,320.0
12.0778,-317.0,322.0
12.0828,-94.0,320.0
12.0879,266.0,324.0
12.0929,149.0,326.0
12.098,-79.0,324.0
12.1028,-125.0,322.0
12.1079,-116.0,320.0
12.1128,14.0,316.0
12.1179,182.0,316.0
12.1228,79.0,316.0
12.1278,-70.0,312.0
12.1329,-44.0,312.0
12.1378,-139.0,310.0
12.1428,-131.0,312.0
12.1478,315.0,312.0
12.1529,346.0,316.0
12.1578,-351.0,318.0
12.1628,-474.0,324.0
12.1678,211.0,326.0
12.1729,445.0,332.0
12.1777,7.0,332.0
12.183,-249.0,336.0
12.1878,-98.0,336.0
12.1933,-35.0,336.0
12.1978,-59.0,338.0
12.2028,221.0,336.0
12.2077,378.0,340.0
12.2129,-162.0,336.0
12.2178,-652.0,342.0
12.2229,-78.0,336.0
12.228,686.0,340.0
12.2329,266.0,340.0
12.238,-434.0,342.0
12.2428,-159.0,342.0
12.2478,112.0,342.0
12.2528,-266.0,344.0
12.2579,-39.0,346.0
12.2629,700.0,354.0
12.2678,241.0,358.0
12.2731,-767.0,368.0
12.2779,-370.0,372.0
12.2829,463.0,376.0
12.2878,132.0,374.0
12.2929,-166.0,376.0
12.2981,316.0,376.0
12.303,177.0,378.0
12.3078,-557.0,380.0
12.3128,-390.0,386.0
12.3178,404.0,388.0
12.3229,497.0,394.0
12.3278,-68.0,394.0
12.3328,-388.0,398.0
12.3378,-173.0,398.0
12.3429,182.0,398.0
12.348,256.0,400.0
12.3528,12.0,398.0
12.3578,-251.0,400.0
12.3628,-168.0,402.0
12.3679,161.0,402.0
12.3729,253.0,404.0
12.378,30.0,404.0
12.383,-220.0,404.0
12.388,-173.0,406.0
12.3931,110.0,408.0
12.3982,46.0,408.0
12.4028,-75.0,408.0
12.408,293.0,414.0
12.413,201.0,414.0
12.4179,-503.0,422.0
12.4228,-358.0,424.0
12.4278,345.0,428.0
12.4329,359.0,430.0
12.438,83.0,426.0
12.443,-177.0,428.0
12.4478,-527.0,432.0
12.4529,-48.0,430.0
12.4578,789.0,442.0
12.4633,152.0,440.0
12.468,-798.0,450.0
12.4729,-78.0,448.0
12.4779,597.0,452.0
12.4829,-91.0,450.0
12.4878,-316.0,450.0
12.4929,217.0,450.0
12.4979,96.0,444.0
12.5028,-192.0,442.0
12.5078,18.0,434.0
12.5128,3.0,430.0
12.5178,-85.0,424.0
12.5228,215.0,428.0
12.5278,147.0,426.0
12.5329,-288.0,428.0
12.5379,-153.0,428.0
12.5429,226.0,430.0
12.548,77.0,430.0
12.553,-178.0,432.0
12.5578,-4.0,430.0
12.5628,180.0,432.0
12.5678,-8.0,428.0
12.5728,-138.0,430.0
12.5779,19.0,424.0
12.5829,33.0,424.0
12.5878,-49.0,420.0
12.5928,49.0,420.0
12.5979,1.0,418.0
12.6028,-98.0,420.0
12.6079,136.0,418.0
12.613,152.0,420.0
12.6179,-254.0,422.0
12.623,-175.0,424.0
12.628,303.0,426.0
12.6328,122.0,428.0
12.638,-292.0,430.0
12.6428,-13.0,430.0
12.6478,195.0,432.0
12.653,-113.0,432.0
12.6578,-5.0,428.0
12.6628,209.0,430.0
12.6678,-201.0,428.0
12.6729,-240.0,428.0
12.6779,319.0,428.0
12.6829,237.0,428.0
12.6883,-274.0,430.0
12.6939,-205.0,430.0
12.6985,69.0,430.0
12.7029,73.0,430.0
12.7079,139.0,430.0
12.7128,143.0,432.0
12.7178,-147.0,428.0
12.7228,-269.0,432.0
12.728,-41.0,428.0
12.7331,172.0,428.0
12.7379,222.0,430.0
12.7429,81.0,430.0
12.7479,-255.0,432.0
12.7531,-280.0,436.0
12.7579,201.0,436.0
12.7628,254.0,438.0
12.7678,-194.0,440.0
12.7728,-35.0,440.0
12.7778,296.0,444.0
12.783,-172.0,444.0
12.7879,-461.0,446.0
12.793,190.0,444.0
12.7978,532.0,446.0
12.8028,-34.0,440.0
12.8078,-345.0,442.0
12.8128,-100.0,436.0
12.8178,-46.0,436.0
12.8229,70.0,434.0
12.8278,365.0,438.0
12.8328,60.0,438.0
12.8378,-403.0,444.0
12.843,-134.0,442.0
12.8478,224.0,440.0
12.8529,82.0,440.0
12.8579,-41.0,430.0
12.8628,50.0,430.0
12.869,6.0,418.0
12.8728,-133.0,416.0
12.8779,-84.0,410.0
12.8828,35.0,408.0
12.888,81.0,408.0
12.8929,199.0,408.0
12.898,99.0,408.0
12.903,-379.0,404.0
12.9078,-312.0,404.0
12.9128,384.0,398.0
12.9179,368.0,398.0
12.9228,-234.0,394.0
12.9278,-261.0,396.0
12.933,5.0,394.0
12.9378,109.0,392.0
12.9428,239.0,392.0
12.9478,31.0,384.0
12.9529,-424.0,384.0
12.9578,-173.0,380.0
12.963,446.0,380.0
12.9678,279.0,384.0
12.9729,-241.0,380.0
12.9778,-267.0,382.0
12.9828,-91.0,382.0
12.9879,122.0,378.0
12.9928,325.0,384.0
12.9978,67.0,380.0
13.0028,-307.0,384.0
13.0079,-170.0,384.0
13.0129,104.0,380.0
13.0178,111.0,382.0
13.023,91.0,380.0
13.0278,85.0,378.0
13.0328,-142.0,380.0
13.0379,-294.0,384.0
13.0428,9.0,382.0
13.048,328.0,382.0
13.0528,215.0,382.0
13.0579,-102.0,376.0
13.0629,-291.0,376.0
13.0679,-217.0,374.0
13.0732,82.0,370.0
13.0778,350.0,374.0
13.0828,216.0,374.0
13.0881,-228.0,370.0
13.0929,-322.0,374.0
13.098,54.0,362.0
13.1029,268.0,364.0
13.1078,-3.0,352.0
13.1128,-300.0,356.0
13.1181,-22.0,346.0
13.1228,429.0,352.0
13.1278,153.0,348.0
13.1328,-415.0,352.0
13.1378,-268.0,354.0
13.1428,209.0,354.0
13.1478,195.0,358.0
13.153,-35.0,358.0
13.1578,-40.0,358.0
13.1628,19.0,354.0
13.1678,27.0,352.0
13.1728,-20.0,348.0
13.1778,-136.0,348.0
13.1834,-82.0,346.0
13.1878,157.0,348.0
13.1928,157.0,346.0
13.1978,-35.0,348.0
13.2028,-37.0,344.0
13.2078,-81.0,346.0
13.2133,-170.0,346.0
13.2178,104.0,348.0
13.2229,205.0,350.0
13.2279,-141.0,352.0
13.2328,-10.0,352.0
13.2377,310.0,356.0
13.2428,-193.0,358.0
13.2478,-500.0,364.0
13.253,213.0,364.0
13.2578,479.0,368.0
13.263,-118.0,366.0
13.268,-233.0,366.0
13.2729,111.0,366.0
13.2783,27.0,362.0
13.2828,-239.0,366.0
13.2878,-56.0,362.0
13.2928,370.0,366.0
13.2981,207.0,370.0
13.3028,-403.0,374.0
13.3079,-255.0,374.0
13.3128,373.0,376.0
13.3178,159.0,374.0
13.3229,-365.0,376.0
13.328,-52.0,372.0
13.3328,392.0,376.0
13.3378,58.0,374.0
13.3428,-387.0,380.0
13.3478,-175.0,380.0
13.3529,308.0,382.0
13.3579,302.0,386.0
13.3629,-199.0,384.0
13.3679,-327.0,388.0
13.3728,144.0,388.0
13.3778,249.0,388.0
13.3828,-174.0,390.0
13.3879,-157.0,388.0
13.3929,196.0,388.0
13.3978,98.0,386.0
13.4028,-96.0,384.0
13.4079,-32.0,380.0
13.4131,-101.0,382.0
13.4179,-103.0,378.0
13.423,234.0,380.0
13.4278,291.0,378.0
13.4328,-172.0,376.0
13.4378,-335.0,374.0
13.4428,-6.0,374.0
13.4478,39.0,368.0
13.4529,51.0,368.0
13.4579,446.0,374.0
13.4628,131.0,374.0
13.4679,-730.0,380.0
13.4729,-300.0,384.0
13.4779,664.0,388.0
13.4828,215.0,390.0
13.4878,-451.0,394.0
13.4928,14.0,392.0
13.4978,293.0,396.0
13.503,-135.0,398.0
13.5078,-202.0,400.0
13.5128,95.0,400.0
13.518,125.0,400.0
13.5227,6.0,400.0
13.5278,-31.0,400.0
13.533,-110.0,398.0
13.5378,-70.0,398.0
13.5428,164.0,394.0
13.5477,125.0,392.0
13.5528,-114.0,386.0
13.5577,-85.0,382.0
13.5629,0.0,378.0
13.568,-8.0,374.0
13.5729,72.0,376.0
13.5778,28.0,374.0
13.583,-99.0,372.0
13.5878,75.0,374.0
13.5941,175.0,370.0
13.5978,-201.0,370.0
13.6028,-296.0,368.0
13.6081,261.0,368.0
13.6129,304.0,368.0
13.6178,-322.0,368.0
13.6228,-137.0,370.0
13.6279,470.0,376.0
13.6328,-61.0,370.0
13.6378,-614.0,380.0
13.6428,154.0,378.0
13.6519,612.0,384.0
13.6528,-126.0,384.0
13.6578,-464.0,390.0
13.6628,-8.0,388.0
13.6678,202.0,390.0
13.6729,195.0,392.0
13.6779,165.0,390.0
13.6828,-287.0,394.0
13.6881,-480.0,396.0
13.6928,222.0,396.0
13.6993,525.0,402.0
13.7028,-135.0,400.0
13.7082,-319.0,402.0
13.7128,140.0,402.0
13.7178,108.0,398.0
13.7229,-152.0,398.0
13.7278,-79.0,396.0
13.7328,50.0,392.0
13.7378,195.0,394.0
13.7429,143.0,392.0
13.7478,-307.0,396.0
13.753,-351.0,398.0
13.7578,299.0,402.0
13.7629,526.0,404.0
13.7679,-133.0,402.0
13.7729,-564.0,406.0
13.7778,-118.0,402.0
13.7829,361.0,406.0
13.7879,262.0,406.0
13.7938,-42.0,406.0
13.7978,-169.0,408.0
13.803,-71.0,410.0
13.8078,-4.0,408.0
13.8132,-148.0,410.0
13.8178,-45.0,410.0
13.823,416.0,414.0
13.8279,387.0,418.0
13.8328,-362.0,422.0
13.8378,-733.0,432.0
13.8429,-11.0,432.0
13.8478,732.0,442.0
13.853,360.0,444.0
13.8578,-303.0,448.0
13.8629,-379.0,450.0
13.868,-284.0,454.0
13.8729,40.0,454.0
13.8779,634.0,458.0
13.8828,380.0,462.0
13.8879,-573.0,462.0
13.8928,-509.0,468.0
13.8979,296.0,464.0
13.9029,217.0,466.0
13.9078,-142.0,464.0
13.9128,223.0,466.0
13.918,255.0,470.0
13.9231,-392.0,472.0
13.9281,-433.0,478.0
13.933,189.0,476.0
13.9378,384.0,478.0
13.9428,60.0,472.0
13.9478,-126.0,470.0
13.953,-51.0,466.0
13.9578,-26.0,464.0
13.9629,-138.0,460.0
13.9678,-89.0,460.0
13.9728,224.0,458.0
13.9777,299.0,462.0
13.9829,-83.0,456.0
13.9878,-375.0,460.0
13.9928,-135.0,458.0
13.9979,277.0,456.0
14.0027,199.0,456.0
14.0078,-141.0,454.0
14.0131,-44.0,452.0
14.0178,127.0,450.0
14.0227,-156.0,450.0
14.0278,-260.0,452.0
14.0327,166.0,452.0
14.038,381.0,456.0
14.043,85.0,456.0
14.048,-304.0,460.0
14.053,-428.0,466.0
14.058,39.0,464.0
14.0628,564.0,470.0
14.0678,185.0,468.0
14.073,-352.0,470.0
14.0779,-157.0,468.0
14.083,-31.0,468.0
14.0878,-99.0,468.0
14.0929,260.0,472.0
14.0979,350.0,470.0
14.1029,-197.0,472.0
14.1079,-376.0,466.0
14.1128,-17.0,462.0
14.1178,200.0,454.0
14.1228,171.0,454.0
14.1278,-24.0,448.0
14.1329,-167.0,450.0
14.1378,-1.0,446.0
14.1427,33.0,444.0
14.1478,-126.0,442.0
14.1528,100.0,442.0
14.158,314.0,446.0
14.1628,-83.0,446.0
14.1677,-428.0,452.0
14.1727,-80.0,452.0
14.1777,396.0,458.0
14.1829,206.0,458.0
14.1878,-278.0,460.0
14.193,-162.0,462.0
14.1978,182.0,462.0
14.2028,33.0,464.0
14.208,-106.0,464.0
14.2129,21.0,464.0
14.2178,-18.0,464.0
14.2229,23.0,462.0
14.2278,177.0,464.0
14.2328,-98.0,462.0
14.2379,-287.0,464.0
14.2428,146.0,462.0
14.2478,306.0,462.0
14.2528,-130.0,460.0
14.2578,-227.0,458.0
14.2627,48.0,458.0
14.2678,89.0,452.0
14.2728,22.0,450.0
14.2778,-9.0,440.0
14.2828,-12.0,438.0
14.2879,78.0,430.0
14.2929,-14.0,428.0
14.2981,-223.0,424.0
14.3029,-51.0,426.0
14.3079,259.0,426.0
14.313,177.0,426.0
14.3179,-112.0,426.0
14.3229,-221.0,424.0
14.3278,-111.0,418.0
14.3328,107.0,416.0
14.3378,233.0,412.0
14.3428,103.0,412.0
14.3479,-140.0,408.0
14.3529,-245.0,410.0
14.3578,-104.0,410.0
14.3627,198.0,412.0
14.3678,269.0,414.0
14.3728,-57.0,414.0
14.3778,-153.0,414.0
14.3827,19.0,412.0
14.3878,-184.0,410.0
14.3929,-155.0,406.0
14.3979,459.0,410.0
14.4027,361.0,406.0
14.4078,-446.0,412.0
14.4129,-486.0,410.0
14.4179,195.0,412.0
14.4228,447.0,412.0
14.4278,11.0,408.0
14.4328,-293.0,412.0
14.438,45.0,410.0
14.443,151.0,412.0
14.4478,-306.0,416.0
14.453,-103.0,416.0
14.4578,534.0,424.0
14.4628,136.0,420.0
14.4679,-561.0,422.0
14.4728,-203.0,420.0
14.4778,401.0,414.0
14.4829,248.0,418.0
14.4878,-175.0,410.0
14.4928,-203.0,408.0
14.498,29.0,402.0
14.503,110.0,398.0
14.5085,-26.0,394.0
14.5129,-140.0,396.0
14.5177,36.0,386.0
14.5229,300.0,386.0
14.5279,74.0,378.0
14.533,-356.0,376.0
14.5378,-165.0,374.0
14.5428,209.0,374.0
14.5477,23.0,372.0
14.553,-87.0,370.0
14.558,213.0,368.0
14.5629,154.0,364.0
14.5678,-198.0,362.0
14.5729,-187.0,362.0
14.5777,-60.0,356.0
14.5828,-79.0,356.0
14.5878,157.0,356.0
14.5929,489.0,364.0
14.5979,117.0,366.0
14.6029,-669.0,374.0
14.6093,-510.0,380.0
14.6139,507.0,384.0
14.618,663.0,390.0
14.6229,-193.0,392.0
14.6278,-476.0,394.0
14.6327,14.0,392.0
14.6378,131.0,390.0
14.6428,-149.0,388.0
14.6479,69.0,388.0
14.6528,463.0,394.0
14.6577,26.0,392.0
14.6628,-628.0,400.0
14.6678,-251.0,400.0
14.673,525.0,406.0
14.678,316.0,404.0
14.6828,-316.0,408.0
14.6878,-156.0,406.0
14.6928,185.0,402.0
14.6978,-44.0,402.0
14.7028,-182.0,396.0
14.7078,105.0,394.0
14.7128,209.0,392.0
14.7193,-33.0,390.0
14.7228,-159.0,392.0
14.7277,-30.0,392.0
14.7329,90.0,388.0
14.7378,16.0,384.0
14.7428,-111.0,382.0
14.7477,-43.0,376.0
14.7528,167.0,380.0
14.7578,243.0,380.0
14.7629,-72.0,378.0
14.7679,-505.0,386.0
14.7728,-244.0,386.0
14.7778,548.0,396.0
14.7828,577.0,404.0
14.7878,-272.0,406.0
14.7929,-643.0,414.0
14.7979,-82.0,412.0
14.8031,436.0,416.0
14.8078,210.0,414.0
14.813,-222.0,416.0
14.8186,-99.0,410.0
14.8229,172.0,410.0
14.8278,-6.0,406.0
14.8339,-176.0,406.0
14.838,-63.0,404.0
14.8427,79.0,406.0
14.8478,204.0,406.0
14.8529,81.0,408.0
14.8578,-229.0,410.0
14.8628,-184.0,414.0
14.868,140.0,412.0
14.8728,241.0,416.0
14.8779,-56.0,412.0
14.8828,-312.0,414.0
14.8878,34.0,410.0
14.893,381.0,414.0
14.898,-49.0,410.0
14.9029,-388.0,416.0
14.908,21.0,416.0
14.9129,278.0,420.0
14.9188,110.0,420.0
14.9228,-66.0,422.0
14.928,-266.0,424.0
14.9328,-130.0,426.0
14.9378,308.0,428.0
14.9428,211.0,430.0
14.9478,-245.0,430.0
14.9531,-210.0,430.0
14.9578,208.0,432.0
14.9628,234.0,432.0
14.9678,-223.0,434.0
14.9728,-322.0,438.0
14.9779,203.0,436.0
14.9828,377.0,442.0
14.9879,-166.0,442.0
14.9929,-297.0,442.0
14.9979,223.0,444.0
15.0028,159.0,444.0
15.0078,-341.0,444.0
15.013,-99.0,446.0
15.0179,381.0,448.0
15.0228,116.0,450.0
15.028,-311.0,452.0
15.0328,-138.0,452.0
15.0379,191.0,448.0
15.0429,106.0,444.0
15.0478,-34.0,438.0
15.0529,67.0,430.0
15.0577,-119.0,430.0
15.0628,-385.0,428.0
15.0678,165.0,432.0
15.0728,639.0,436.0
15.0778,-88.0,438.0
15.0828,-618.0,444.0
15.0879,-12.0,440.0
15.0928,372.0,444.0
15.0979,79.0,438.0
15.1028,-127.0,436.0
15.1078,-136.0,430.0
15.1128,4.0,428.0
15.118,198.0,424.0
15.1238,20.0,420.0
15.1278,-251.0,422.0
15.1328,-19.0,418.0
15.1378,273.0,422.0
15.1428,17.0,422.0
15.1478,-245.0,424.0
15.1528,27.0,422.0
15.1578,179.0,426.0
15.163,-75.0,422.0
15.1678,-106.0,422.0
15.1729,-25.0,416.0
15.1777,-6.0,414.0
15.183,271.0,416.0
15.1878,206.0,418.0
15.1929,-407.0,424.0
15.1978,-411.0,426.0
15.2028,281.0,428.0
15.2078,456.0,432.0
15.2131,-72.0,430.0
15.2178,-313.0,434.0
15.2247,25.0,434.0
15.2277,184.0,434.0
15.2328,-109.0,428.0
15.2378,-253.0,430.0
15.2428,100.0,422.0
15.2479,411.0,420.0
15.2527,89.0,414.0
15.258,-371.0,408.0
15.2628,-305.0,410.0
15.2678,27.0,404.0
15.2729,346.0,408.0
15.278,416.0,414.0
15.283,-194.0,414.0
15.288,-670.0,424.0
15.2927,28.0,416.0
15.298,617.0,426.0
15.3029,-25.0,416.0
15.3078,-362.0,418.0
15.3128,213.0,414.0
15.3178,121.0,410.0
15.3228,-471.0,412.0
15.3279,-79.0,412.0
15.333,569.0,418.0
15.3378,228.0,420.0
15.343,-347.0,422.0
15.3478,-339.0,426.0
15.3528,-82.0,424.0
15.358,225.0,428.0
15.3631,410.0,432.0
15.3678,32.0,432.0
15.3728,-457.0,438.0
15.3779,-208.0,440.0
15.383,316.0,444.0
15.388,211.0,446.0
15.3931,-161.0,446.0
15.3981,-124.0,444.0
15.4027,67.0,444.0
15.4078,22.0,436.0
15.4131,-18.0,432.0
15.4179,68.0,426.0
15.4228,-26.0,416.0
15.429,-116.0,414.0
15.4328,86.0,406.0
15.438,121.0,406.0
15.4428,-137.0,402.0
15.4479,-122.0,400.0
15.4528,144.0,398.0
15.4578,109.0,398.0
15.4628,-143.0,398.0
15.4679,-58.0,400.0
15.4729,234.0,400.0
15.4779,28.0,400.0
15.4829,-445.0,406.0
15.4878,-134.0,404.0
15.4929,607.0,412.0
15.498,371.0,414.0
15.5029,-517.0,420.0
15.5079,-492.0,426.0
15.5128,245.0,426.0
15.5178,260.0,428.0
15.5228,-99.0,426.0
15.5278,151.0,428.0
15.5328,210.0,424.0
15.5378,-329.0,428.0
15.5429,-348.0,428.0
15.5478,168.0,430.0
15.5529,281.0,430.0
15.5579,73.0,430.0
15.563,-82.0,430.0
15.5678,-186.0,430.0
15.5728,-52.0,428.0
15.5778,190.0,426.0
15.5827,79.0,424.0
15.5879,-194.0,424.0
15.5929,-94.0,422.0
15.5977,237.0,422.0
15.6028,149.0,420.0
15.6078,-329.0,422.0
15.6129,-190.0,420.0
15.6178,483.0,424.0
15.6229,184.0,422.0
15.628,-639.0,428.0
15.6328,-167.0,426.0
15.6378,671.0,434.0
15.6428,156.0,434.0
15.6478,-511.0,436.0
15.6529,-106.0,436.0
15.6578,239.0,434.0
15.6628,-1.0,432.0
15.6677,-26.0,428.0
15.6727,87.0,428.0
15.6778,-7.0,424.0
15.683,-70.0,424.0
15.6879,-104.0,424.0
15.6928,-28.0,424.0
15.6978,242.0,426.0
15.7028,147.0,422.0
15.7078,-333.0,426.0
15.7128,-256.0,420.0
15.7178,339.0,424.0
15.723,320.0,418.0
15.7278,-204.0,422.0
15.7328,-267.0,420.0
15.7379,-54.0,420.0
15.7428,38.0,418.0
15.7479,275.0,420.0
15.7529,298.0,424.0
15.7578,-328.0,426.0
15.7628,-553.0,436.0
15.7678,280.0,436.0
15.7728,607.0,444.0
15.7778,-285.0,444.0
15.7828,-528.0,452.0
15.7878,340.0,454.0
15.7929,418.0,460.0
15.7978,-320.0,462.0
15.8028,-246.0,466.0
15.8079,195.0,466.0
15.8129,-60.0,468.0
15.8179,-104.0,468.0
15.823,378.0,470.0
15.828,172.0,470.0
15.8328,-427.0,470.0
15.8389,-325.0,468.0
15.8428,124.0,466.0
15.8478,352.0,464.0
15.853,244.0,468.0
15.8579,-186.0,466.0
15.8628,-337.0,470.0
15.8677,4.0,468.0
15.8728,153.0,468.0
15.8779,-12.0,464.0
15.8828,4.0,464.0
15.8878,199.0,460.0
15.8928,88.0,460.0
15.8979,-336.0,460.0
15.9028,-327.0,460.0
15.9079,228.0,462.0
15.9128,394.0,464.0
15.9179,56.0,458.0
15.9227,-146.0,458.0
15.9278,-258.0,450.0
15.9329,-172.0,452.0
15.9379,277.0,448.0
15.9429,234.0,450.0
15.9479,-280.0,450.0
15.9527,-30.0,446.0
15.9578,391.0,450.0
15.9629,-182.0,446.0
15.9686,-471.0,452.0
15.9727,245.0,448.0
15.9777,343.0,450.0
15.9827,-207.0,448.0
15.9878,-68.0,442.0
15.9928,108.0,444.0
15.998,-164.0,442.0
16.0027,67.0,436.0
16.0079,292.0,440.0
16.013,-241.0,438.0
16.0179,-359.0,440.0
16.0229,289.0,440.0
16.0279,384.0,442.0
16.0328,-186.0,442.0
16.0378,-340.0,446.0
16.0428,9.0,446.0
16.0478,233.0,448.0
16.0528,140.0,450.0
16.0578,-97.0,450.0
16.0627,-185.0,454.0
16.0679,-15.0,452.0
16.0729,124.0,452.0
16.0782,35.0,450.0
16.0828,-46.0,450.0
16.0877,56.0,448.0
16.0927,51.0,446.0
16.0979,-154.0,448.0
16.1029,-153.0,448.0
16.1079,131.0,448.0
16.1128,268.0,450.0
16.1177,2.0,450.0
16.123,-305.0,446.0
16.1279,-120.0,446.0
16.1328,246.0,442.0
16.1378,142.0,438.0
16.1428,-128.0,432.0
16.1478,-64.0,424.0
16.1529,13.0,422.0
16.1581,-105.0,418.0
16.1629,19.0,418.0
16.1678,295.0,420.0
16.1727,51.0,418.0
16.1777,-348.0,418.0
16.183,-130.0,414.0
16.1878,204.0,414.0
16.1929,128.0,412.0
16.1978,27.0,412.0
16.2028,-86.0,412.0
16.208,-214.0,412.0
16.2132,74.0,412.0
16.2178,328.0,414.0
16.2229,-29.0,414.0
16.2279,-364.0,416.0
16.2328,-138.0,418.0
16.2377,243.0,418.0
16.2429,307.0,420.0
16.2492,31.0,416.0
16.2528,-241.0,416.0
16.2578,-240.0,412.0
16.263,-49.0,410.0
16.2679,178.0,402.0
16.2729,260.0,404.0
16.2778,43.0,394.0
16.2827,-191.0,394.0
16.2878,-132.0,388.0
16.2927,8.0,388.0
16.2981,34.0,384.0
16.3029,17.0,384.0
16.3078,30.0,384.0
16.3128,104.0,384.0
16.3178,59.0,386.0
16.3227,-168.0,388.0
16.3278,-162.0,388.0
16.3329,129.0,390.0
16.3378,130.0,388.0
16.3428,-109.0,388.0
16.3478,-21.0,382.0
16.3529,138.0,380.0
16.3578,-51.0,376.0
16.3629,-153.0,374.0
16.3679,85.0,372.0
16.3729,153.0,370.0
16.3778,-110.0,370.0
16.3832,-169.0,372.0
16.3878,100.0,370.0
16.3933,192.0,368.0
16.398,-54.0,364.0
16.403,-223.0,358.0
16.4081,33.0,356.0
16.414,304.0,350.0
16.4183,-61.0,346.0
16.4233,-462.0,346.0
16.4284,50.0,342.0
16.433,594.0,344.0
16.438,82.0,340.0
16.4435,-514.0,344.0
16.4478,-243.0,346.0
16.4539,210.0,348.0
16.459,255.0,350.0
16.463,97.0,346.0
16.468,-97.0,344.0
16.4731,-221.0,342.0
16.4779,-78.0,338.0
16.4829,165.0,338.0
16.4882,136.0,334.0
16.493,-24.0,332.0
16.4979,-65.0,330.0
16.5037,-74.0,326.0
16.5077,-43.0,326.0
16.5128,43.0,324.0
16.5179,81.0,326.0
16.5231,55.0,326.0
16.5282,-19.0,324.0
16.5331,-49.0,322.0
16.5385,-59.0,318.0
16.543,-133.0,316.0
16.5477,19.0,312.0
16.5543,364.0,312.0
16.5588,183.0,314.0
16.5629,-459.0,318.0
16.5679,-432.0,320.0
16.573,389.0,324.0
16.5784,588.0,330.0
16.5835,-268.0,330.0
16.5878,-641.0,336.0
16.5929,143.0,338.0
16.5978,612.0,340.0
16.6029,1.0,338.0
16.608,-444.0,338.0
16.6131,-81.0,334.0
16.6189,162.0,332.0
16.6232,3.0,328.0
16.6281,72.0,328.0
16.633,146.0,330.0
16.638,-176.0,330.0
16.6436,-250.0,332.0
16.648,199.0,332.0
16.653,296.0,332.0
16.6581,-180.0,330.0
16.6628,-302.0,330.0
16.669,109.0,324.0
16.6728,246.0,326.0
16.6781,0.0,320.0
16.6829,-114.0,322.0
16.6881,-123.0,320.0
16.6929,-56.0,320.0
16.6983,222.0,322.0
16.7034,200.0,322.0
16.7078,-235.0,324.0
16.7129,-276.0,328.0
16.7181,119.0,328.0
16.723,273.0,332.0
16.7284,47.0,332.0
16.7334,-207.0,334.0
16.738,-112.0,334.0
16.7427,169.0,334.0
16.7479,33.0,332.0
16.753,-267.0,332.0
16.7582,43.0,334.0
16.7629,451.0,336.0
16.7678,16.0,334.0
16.7731,-495.0,338.0
16.7777,-138.0,338.0
16.7828,278.0,340.0
16.7879,150.0,342.0
16.7933,48.0,342.0
16.7979,-35.0,340.0
16.8029,-272.0,344.0
16.808,-126.0,342.0
16.8137,312.0,346.0
16.8177,302.0,346.0
16.8233,-162.0,346.0
16.8288,-429.0,350.0
16.8329,-117.0,350.0
16.838,379.0,354.0
16.8435,326.0,358.0
16.8477,-149.0,358.0
16.8535,-256.0,360.0
16.858,-68.0,356.0
16.8645,-41.0,356.0
16.8679,91.0,352.0
16.8733,260.0,354.0
16.8777,37.0,350.0
16.8837,-153.0,348.0
16.8878,-112.0,350.0
16.8931,-203.0,350.0
16.8979,47.0,346.0
16.9033,513.0,354.0
16.9077,16.0,350.0
16.9131,-596.0,356.0
16.9179,61.0,356.0
16.9229,530.0,362.0
16.9284,-219.0,362.0
16.9334,-465.0,370.0
16.9379,285.0,374.0
16.9429,408.0,380.0
16.948,-202.0,382.0
16.9533,-263.0,386.0
16.9581,28.0,384.0
16.9645,-1.0,382.0
16.9681,155.0,382.0
16.9738,278.0,384.0
16.9777,-297.0,388.0
16.9833,-401.0,392.0
16.9878,369.0,398.0
16.9934,340.0,400.0
16.998,-374.0,406.0
17.003,-257.0,406.0
17.0081,276.0,410.0
17.0133,269.0,412.0
17.0183,-16.0,410.0
17.0233,-259.0,412.0
17.0281,-314.0,414.0
17.033,92.0,414.0
17.0392,472.0,420.0
17.0434,130.0,418.0
17.0477,-357.0,424.0
17.0533,-203.0,422.0
17.0579,161.0,424.0
17.063,89.0,418.0
17.0692,-130.0,418.0
17.0728,37.0,410.0
17.0779,239.0,412.0
17.083,-22.0,406.0
17.0881,-244.0,406.0
17.093,-68.0,402.0
17.0984,42.0,400.0
17.1041,96.0,400.0
17.1077,193.0,400.0
17.1129,-85.0,398.0
17.118,-284.0,402.0
17.123,139.0,402.0
17.1285,233.0,404.0
17.1333,-248.0,406.0
17.138,-139.0,408.0
17.1429,306.0,412.0
17.1481,80.0,412.0
17.1531,-234.0,416.0
17.1579,-44.0,414.0
17.1633,61.0,414.0
17.1691,-61.0,416.0
17.1728,91.0,416.0
17.178,241.0,418.0
17.1832,-132.0,418.0
17.1877,-344.0,424.0
17.1934,84.0,420.0
17.198,261.0,420.0
17.2029,-4.0,414.0
17.2082,-72.0,408.0
17.2134,-50.0,402.0
17.2177,-35.0,394.0
17.2234,58.0,390.0
17.228,-83.0,382.0
17.2329,-97.0,382.0
17.2383,349.0,378.0
17.2434,275.0,382.0
17.2477,-475.0,382.0
17.2533,-516.0,388.0
17.258,309.0,390.0
17.2629,570.0,400.0
17.2682,-34.0,400.0
17.2728,-347.0,402.0
17.2778,-91.0,402.0
17.2827,56.0,398.0
17.2885,57.0,396.0
17.2927,89.0,392.0
17.2985,-32.0,390.0
17.303,-128.0,388.0
17.3092,80.0,388.0
17.3127,199.0,386.0
17.3181,-74.0,388.0
17.3237,-310.0,390.0
17.3284,-97.0,390.0
17.3334,328.0,394.0
17.3379,323.0,396.0
17.343,-187.0,396.0
17.3477,-370.0,398.0
17.353,33.0,394.0
17.3582,227.0,396.0
17.3636,-30.0,392.0
17.3684,-139.0,394.0
17.373,99.0,392.0
17.3777,253.0,394.0
17.383,-29.0,392.0
17.3884,-391.0,398.0
17.3927,-196.0,396.0
17.3977,300.0,400.0
17.4028,366.0,398.0
17.408,26.0,400.0
17.4129,-312.0,396.0
17.4178,-355.0,400.0
17.4229,115.0,398.0
17.4278,454.0,402.0
17.4327,-6.0,402.0
17.4377,-317.0,406.0
17.4427,98.0,402.0
17.4477,143.0,404.0
17.4528,-242.0,402.0
17.4578,-79.0,398.0
17.4628,205.0,400.0
17.4678,49.0,394.0
17.4728,34.0,392.0
17.4788,78.0,388.0
17.4837,-233.0,386.0
17.4881,-242.0,388.0
17.4928,188.0,386.0
17.4982,251.0,390.0
17.5029,6.0,388.0
17.5078,-55.0,388.0
17.5128,-103.0,386.0
17.5178,-190.0,388.0
17.5227,3.0,386.0
17.528,269.0,388.0
17.5329,146.0,388.0
17.5378,-105.0,388.0
17.5428,-124.0,382.0
17.5479,-156.0,384.0
17.5529,-90.0,376.0
17.5578,334.0,380.0
17.563,280.0,376.0
17.5678,-401.0,380.0
17.5728,-270.0,376.0
17.5784,393.0,378.0
17.5831,91.0,374.0
17.5877,-307.0,374.0
17.5928,124.0,372.0
17.5988,151.0,374.0
17.6035,-282.0,378.0
17.6077,35.0,378.0
17.6131,325.0,378.0
17.6179,-215.0,376.0
17.6227,-254.0,374.0
17.6277,360.0,374.0
17.6329,173.0,372.0
17.6378,-411.0,372.0
17.6429,-198.0,372.0
17.6477,303.0,372.0
17.6541,303.0,372.0
17.6578,-46.0,372.0
17.6627,-360.0,374.0
17.668,-254.0,374.0
17.673,290.0,376.0
17.6778,449.0,376.0
17.6833,-112.0,376.0
17.6878,-419.0,376.0
17.6928,-88.0,374.0
17.6987,148.0,374.0
17.703,183.0,376.0
17.7078,212.0,378.0
17.7127,-98.0,378.0
17.7178,-420.0,382.0
17.7228,-67.0,382.0
17.728,334.0,384.0
17.7329,111.0,384.0
17.7378,-71.0,384.0
17.7427,41.0,384.0
17.7479,-95.0,382.0
17.7529,-232.0,384.0
17.7579,9.0,380.0
17.7628,217.0,382.0
17.7678,223.0,380.0
17.7727,25.0,378.0
17.7778,-381.0,382.0
17.7839,-256.0,380.0
17.7878,382.0,386.0
17.7928,289.0,386.0
17.7979,-262.0,390.0
17.8028,-157.0,390.0
17.8079,50.0,390.0
17.8131,-41.0,390.0
17.8177,177.0,390.0
17.8227,249.0,390.0
17.8277,-270.0,390.0
17.8328,-399.0,394.0
17.8382,170.0,394.0
17.8428,401.0,400.0
17.8478,-8.0,398.0
17.8528,-210.0,400.0
17.8579,-11.0,400.0
17.8627,-77.0,400.0
17.8678,-169.0,402.0
17.8728,262.0,404.0
17.8778,372.0,406.0
17.8833,-238.0,404.0
17.8881,-385.0,404.0
17.8929,112.0,396.0
17.8979,212.0,396.0
17.9028,-61.0,388.0
17.9078,-20.0,388.0
17.9128,133.0,384.0
17.9178,-93.0,384.0
17.9228,-224.0,386.0
17.9283,156.0,388.0
17.9329,213.0,390.0
17.9378,-220.0,392.0
17.9428,-98.0,392.0
17.9477,291.0,396.0
17.9529,-20.0,392.0
17.9578,-340.0,398.0
17.9628,49.0,392.0
17.9678,329.0,396.0
17.9728,13.0,392.0
17.9777,-210.0,390.0
17.9827,-77.0,388.0
17.9889,-15.0,382.0
17.9928,21.0,382.0
17.9978,216.0,382.0
18.0028,140.0,384.0
18.0078,-263.0,386.0
18.013,-269.0,388.0
18.0178,188.0,388.0
18.0227,267.0,392.0
18.0278,-95.0,386.0
18.0327,-133.0,386.0
18.0378,47.0,382.0
18.043,-77.0,378.0
18.0478,-105.0,378.0
18.0528,235.0,378.0
18.0577,277.0,376.0
18.0628,-185.0,378.0
18.068,-384.0,376.0
18.0729,-31.0,376.0
18.0777,227.0,376.0
18.0828,166.0,376.0
18.0878,122.0,376.0
18.0927,-68.0,374.0
18.0979,-396.0,378.0
18.1028,-137.0,376.0
18.1078,440.0,384.0
18.1128,237.0,386.0
18.1178,-323.0,390.0
18.1228,-172.0,390.0
18.1279,215.0,388.0
18.1329,63.0,386.0
18.1378,-217.0,386.0
18.1429,-69.0,388.0
18.1477,256.0,390.0
18.1529,221.0,392.0
18.1579,-172.0,392.0
18.1629,-380.0,398.0
18.1678,-33.0,394.0
18.1728,364.0,398.0
18.1778,172.0,398.0
18.183,-159.0,400.0
18.188,-155.0,400.0
18.1932,-65.0,398.0
18.1979,109.0,396.0
18.2028,179.0,394.0
18.2078,-171.0,390.0
18.2131,-199.0,388.0
18.2179,331.0,388.0
18.2229,212.0,390.0
18.2278,-467.0,392.0
18.2328,-261.0,394.0
18.2378,435.0,398.0
18.2427,292.0,400.0
18.2478,-208.0,402.0
18.2529,-206.0,400.0
18.2578,-34.0,398.0
18.2628,27.0,394.0
18.2678,118.0,390.0
18.2731,96.0,388.0
18.2778,-110.0,384.0
18.2829,-120.0,382.0
18.2878,162.0,380.0
18.2929,166.0,378.0
18.2979,-234.0,382.0
18.303,-283.0,380.0
18.3078,174.0,378.0
18.3128,309.0,380.0
18.3178,-5.0,372.0
18.3229,-157.0,372.0
18.3281,-89.0,368.0
18.3329,4.0,366.0
18.3377,38.0,364.0
18.3429,8.0,362.0
18.3477,57.0,360.0
18.3529,15.0,358.0
18.358,-111.0,354.0
18.3628,38.0,352.0
18.3677,123.0,350.0
18.3729,-109.0,350.0
18.3777,-90.0,350.0
18.3828,136.0,352.0
18.3878,4.0,350.0
18.393,-144.0,348.0
18.3984,93.0,350.0
18.4028,144.0,348.0
18.408,-177.0,348.0
18.4132,-139.0,350.0
18.4179,251.0,348.0
18.4228,146.0,346.0
18.4278,-311.0,344.0
18.4328,-165.0,342.0
18.4378,337.0,344.0
18.4431,174.0,344.0
18.4478,-320.0,348.0
18.4529,-161.0,350.0
18.4578,272.0,352.0
18.4629,127.0,350.0
18.4681,-205.0,350.0
18.4728,-79.0,344.0
18.4778,139.0,344.0
18.483,35.0,338.0
18.4878,-93.0,340.0
18.4928,-12.0,336.0
18.4982,51.0,336.0
18.5028,-17.0,336.0
18.5079,26.0,334.0
18.5128,115.0,332.0
18.5178,-126.0,328.0
18.5229,-288.0,328.0
18.5278,184.0,326.0
18.5328,445.0,330.0
18.5378,-162.0,330.0
18.5428,-455.0,336.0
18.5477,103.0,336.0
18.553,276.0,340.0
18.5578,-87.0,340.0
18.563,-28.0,336.0
18.5678,108.0,336.0
18.5727,-125.0,334.0
18.5777,-90.0,332.0
18.5827,154.0,332.0
18.588,22.0,328.0
18.5929,-121.0,330.0
18.5977,29.0,326.0
18.6027,48.0,326.0
18.6077,-32.0,320.0
18.6128,72.0,322.0
18.6177,5.0,318.0
18.6228,-194.0,320.0
18.6277,17.0,320.0
18.6328,221.0,324.0
18.6377,-44.0,320.0
18.6429,-121.0,320.0
18.6477,111.0,318.0
18.6528,-9.0,314.0
18.6579,-193.0,314.0
18.6627,57.0,310.0
18.6679,175.0,312.0
18.6728,-14.0,310.0
18.6777,-4.0,310.0
18.6829,-30.0,308.0
18.6878,-210.0,310.0
18.6927,13.0,306.0
18.6979,317.0,308.0
18.7029,39.0,306.0
18.7078,-290.0,304.0
18.7127,-69.0,304.0
18.7177,218.0,304.0
18.7228,60.0,302.0
18.7285,-168.0,304.0
18.7328,-57.0,304.0
18.7377,130.0,298.0
18.7427,101.0,298.0
18.7478,-78.0,292.0
18.7531,-164.0,292.0
18.7578,8.0,286.0
18.7627,189.0,286.0
18.7677,80.0,284.0
18.7728,-140.0,286.0
18.7777,-177.0,286.0
18.7827,20.0,284.0
18.7879,208.0,284.0
18.793,100.0,282.0
18.7977,-114.0,282.0
18.8027,-110.0,276.0
18.8077,-29.0,276.0
18.8129,-8.0,272.0
18.8178,58.0,270.0
18.8229,117.0,268.0
18.8279,77.0,268.0
18.8328,-63.0,268.0
18.8378,-232.0,270.0
18.8428,-120.0,268.0
18.8478,243.0,270.0
18.853,259.0,270.0
18.8577,-132.0,268.0
18.8628,-250.0,268.0
18.8677,30.0,262.0
18.8727,138.0,260.0
18.8778,14.0,252.0
18.883,-15.0,248.0
18.8878,-35.0,246.0
18.8928,-83.0,244.0
18.8986,55.0,244.0
18.9028,166.0,246.0
18.9078,-82.0,246.0
18.9127,-242.0,248.0
18.9179,130.0,248.0
18.9228,311.0,252.0
18.928,-162.0,252.0
18.9328,-367.0,254.0
18.9378,117.0,252.0
18.9429,388.0,254.0
18.9477,12.0,252.0
18.953,-333.0,252.0
18.958,-160.0,254.0
18.9629,178.0,254.0
18.9678,228.0,256.0
18.9727,9.0,258.0
18.9777,-142.0,258.0
18.9828,-84.0,260.0
18.9879,-61.0,260.0
18.9929,-51.0,260.0
18.9978,229.0,262.0
19.0027,313.0,266.0
19.0077,-238.0,268.0
19.0129,-467.0,274.0
19.0178,121.0,274.0
19.0238,374.0,278.0
19.0278,-14.0,278.0
19.0327,-124.0,278.0
19.0377,9.0,276.0
19.0428,-72.0,276.0
19.0479,-74.0,274.0
19.0529,76.0,274.0
19.0579,94.0,270.0
19.0627,67.0,270.0
19.068,-3.0,264.0
19.0728,-202.0,266.0
19.0778,-143.0,262.0
19.0827,220.0,262.0
19.0877,235.0,262.0
19.0928,-126.0,260.0
19.0978,-181.0,260.0
19.1028,2.0,258.0
19.1078,-37.0,254.0
19.1127,39.0,254.0
19.119,307.0,256.0
19.1229,58.0,258.0
19.1278,-424.0,262.0
19.1329,-196.0,266.0
19.1378,307.0,270.0
19.1428,195.0,272.0
19.1478,-105.0,274.0
19.1533,-53.0,272.0
19.1578,26.0,270.0
19.1629,-27.0,266.0
19.1677,-97.0,266.0
19.1727,-54.0,260.0
19.1783,191.0,260.0
19.1827,161.0,256.0
19.1878,-244.0,258.0
19.193,-182.0,256.0
19.1978,262.0,258.0
19.2032,189.0,262.0
19.208,-210.0,262.0
19.2129,-221.0,264.0
19.2187,83.0,264.0
19.2228,177.0,264.0
19.2278,11.0,264.0
19.2327,7.0,262.0
19.2378,43.0,262.0
19.2428,-245.0,266.0
19.2478,-218.0,268.0
19.2528,373.0,274.0
19.2578,377.0,280.0
19.2627,-298.0,280.0
19.2677,-409.0,286.0
19.2727,92.0,284.0
19.2777,274.0,288.0
19.2827,38.0,288.0
19.2879,-38.0,286.0
19.2928,40.0,286.0
19.2978,-118.0,286.0
19.3027,-221.0,288.0
19.3077,70.0,286.0
19.3127,279.0,290.0
19.3178,92.0,292.0
19.3232,-137.0,294.0
19.3279,-181.0,294.0
19.3328,-50.0,294.0
19.3377,146.0,290.0
19.3427,90.0,292.0
19.3478,-84.0,288.0
19.3529,14.0,288.0
19.3578,67.0,286.0
19.3628,-95.0,286.0
19.3679,-64.0,284.0
19.3729,55.0,284.0
19.3777,8.0,282.0
19.3829,20.0,282.0
19.3878,90.0,282.0
19.3927,-16.0,278.0
19.3977,-109.0,280.0
19.4028,-60.0,278.0
19.4078,-53.0,278.0
19.413,84.0,278.0
19.4178,316.0,280.0
19.4236,37.0,280.0
19.4278,-458.0,284.0
19.4329,-229.0,286.0
19.4377,355.0,290.0
19.4429,316.0,292.0
19.4479,-110.0,294.0
19.4529,-254.0,298.0
19.4579,-88.0,298.0
19.4627,166.0,298.0
19.4678,176.0,300.0
19.473,-106.0,302.0
19.4778,-191.0,300.0
19.4827,12.0,298.0
19.4878,155.0,298.0
19.4929,121.0,296.0
19.498,-71.0,294.0
19.5027,-186.0,294.0
19.5079,-16.0,294.0
19.5129,134.0,294.0
19.5178,37.0,294.0
19.5241,-79.0,294.0
19.529,5.0,294.0
19.5327,137.0,294.0
19.538,-39.0,294.0
19.5438,-243.0,296.0
19.5486,35.0,294.0
19.553,227.0,294.0
19.5589,-45.0,294.0
19.5628,-41.0,290.0
19.5687,89.0,288.0
19.5728,-210.0,286.0
19.5778,-120.0,286.0
19.5827,392.0,286.0
19.5878,106.0,288.0
19.5936,-432.0,288.0
19.5977,-79.0,288.0
19.6027,318.0,290.0
19.6077,84.0,288.0
19.6128,-83.0,288.0
19.6178,-87.0,288.0
19.6228,-163.0,288.0
19.6278,20.0,288.0
19.6331,265.0,292.0
19.6377,65.0,290.0
19.6428,-181.0,288.0
19.6477,-34.0,284.0
19.6549,47.0,278.0
19.6577,-136.0,278.0
19.6628,-5.0,272.0
19.668,309.0,276.0
19.6728,38.0,274.0
19.6779,-329.0,280.0
19.6828,-55.0,280.0
19.6879,161.0,282.0
19.6927,12.0,280.0
19.6978,61.0,280.0
19.7028,48.0,280.0
19.7078,-159.0,282.0
19.7128,-36.0,280.0
19.7179,117.0,278.0
19.7227,-70.0,276.0
19.728,-57.0,274.0
19.7337,173.0,274.0
19.7379,34.0,272.0
19.7427,-170.0,274.0
19.7477,-15.0,274.0
19.7529,69.0,274.0
19.7578,-30.0,270.0
19.7628,43.0,270.0
19.7678,102.0,266.0
19.7728,-77.0,264.0
19.7777,-163.0,262.0
19.7828,27.0,258.0
19.7878,167.0,260.0
19.7927,22.0,258.0
19.7977,-137.0,260.0
19.8028,-26.0,260.0
19.8078,146.0,262.0
19.8131,39.0,262.0
19.8178,-226.0,262.0
19.8227,-121.0,262.0
19.8278,348.0,262.0
19.8337,244.0,264.0
19.8378,-460.0,266.0
19.8427,-327.0,268.0
19.8477,488.0,274.0
19.8528,294.0,274.0
19.8577,-398.0,280.0
19.8627,-147.0,278.0
19.8679,255.0,282.0
19.8727,10.0,282.0
19.8778,-139.0,284.0
19.8828,-19.0,280.0
19.8878,28.0,278.0
19.8927,143.0,274.0
19.8977,133.0,270.0
19.903,-195.0,268.0
19.9079,-293.0,266.0
19.9129,61.0,266.0
19.9178,319.0,268.0
19.9229,135.0,268.0
19.9278,-181.0,270.0
19.9337,-206.0,274.0
19.9377,21.0,272.0
19.9427,128.0,270.0
19.9478,21.0,270.0
19.953,-37.0,266.0
19.9577,58.0,266.0
19.9628,54.0,264.0
19.9678,-169.0,264.0
19.9727,-170.0,266.0
19.9778,219.0,266.0
19.983,257.0,270.0
19.9879,-181.0,272.0
19.9928,-198.0,274.0
19.9978,116.0,274.0
20.0027,21.0,274.0
20.0079,-123.0,274.0
20.0128,131.0,276.0
20.0179,214.0,278.0
20.0229,-154.0,280.0
20.0278,-270.0,284.0
20.0327,75.0,284.0
20.0387,170.0,286.0
20.0427,-15.0,284.0
20.0479,21.0,284.0
20.0528,62.0,284.0
20.0578,-100.0,280.0
20.0628,-164.0,282.0
20.0679,-22.0,276.0
20.0728,171.0,276.0
20.0778,171.0,272.0
20.0828,-28.0,268.0
20.0877,-119.0,268.0
20.0928,-133.0,266.0
20.0979,-112.0,266.0
20.1029,148.0,266.0
20.1078,275.0,268.0
20.1127,-28.0,266.0
20.1177,-205.0,266.0
20.1229,-50.0,268.0
20.1279,16.0,264.0
20.1328,-14.0,264.0
20.1377,76.0,264.0
20.1428,114.0,262.0
20.1477,-57.0,262.0
20.1529,-124.0,262.0
20.1579,81.0,264.0
20.1629,93.0,264.0
20.1678,-209.0,266.0
20.1727,-107.0,266.0
20.1778,337.0,272.0
20.1828,137.0,270.0
20.1879,-365.0,274.0
20.193,-104.0,272.0
20.1977,297.0,276.0
20.2026,3.0,276.0
20.2077,-196.0,278.0
20.2129,95.0,276.0
20.2179,118.0,276.0
20.2229,-117.0,272.0
20.2278,-52.0,270.0
20.2327,50.0,264.0
20.2377,-56.0,264.0
20.2427,41.0,260.0
20.2478,186.0,262.0
20.2527,-73.0,262.0
20.258,-237.0,264.0
20.2628,45.0,262.0
20.2677,166.0,264.0
20.2727,-35.0,260.0
20.2778,-28.0,260.0
20.2828,62.0,258.0
20.2878,-104.0,260.0
20.2928,-44.0,260.0
20.2978,210.0,260.0
20.3027,-64.0,262.0
20.3078,-283.0,260.0
20.3127,187.0,264.0
20.3177,296.0,262.0
20.323,-230.0,266.0
20.3278,-233.0,266.0
20.3329,212.0,270.0
20.3378,149.0,272.0
20.3438,-210.0,274.0
20.3477,-131.0,274.0
20.3527,215.0,276.0
20.358,196.0,278.0
20.3629,-125.0,278.0
20.3677,-261.0,282.0
20.373,-82.0,280.0
20.3778,231.0,282.0
20.3828,255.0,284.0
20.3878,-143.0,286.0
20.3928,-251.0,290.0
20.3977,151.0,290.0
20.4029,135.0,292.0
20.4077,-293.0,296.0
20.4129,-79.0,296.0
20.4178,400.0,300.0
20.4228,129.0,300.0
20.4279,-317.0,304.0
20.4327,-154.0,306.0
20.4378,83.0,304.0
20.4429,33.0,304.0
20.4478,100.0,304.0
20.4527,164.0,306.0
20.4578,-55.0,302.0
20.4627,-225.0,304.0
20.4679,-138.0,302.0
20.473,47.0,298.0
20.4778,188.0,294.0
20.4827,175.0,292.0
20.4878,8.0,284.0
20.4929,-162.0,282.0
20.4982,-196.0,278.0
20.5028,-91.0,278.0
20.5078,125.0,276.0
20.5127,324.0,280.0
20.5178,113.0,280.0
20.5228,-367.0,286.0
20.5278,-242.0,290.0
20.5329,283.0,292.0
20.5377,138.0,292.0
20.5427,-199.0,292.0
20.548,105.0,288.0
20.5529,173.0,290.0
20.5579,-352.0,290.0
20.563,-203.0,292.0
20.5677,498.0,296.0
20.5729,234.0,298.0
20.5777,-489.0,304.0
20.583,-160.0,306.0
20.5879,404.0,312.0
20.5929,-29.0,312.0
20.5977,-367.0,316.0
20.6027,188.0,318.0
20.6077,358.0,320.0
20.613,-208.0,322.0
20.6179,-299.0,322.0
20.623,131.0,320.0
20.6278,200.0,322.0
20.6328,-10.0,318.0
20.6379,-78.0,318.0
20.643,-130.0,320.0
20.6478,-72.0,318.0
20.6529,226.0,320.0
20.6588,177.0,320.0
20.6632,-239.0,320.0
20.6678,-161.0,318.0
20.6728,203.0,320.0
20.6789,103.0,320.0
20.683,-116.0,322.0
20.6878,-107.0,322.0
20.6928,-49.0,322.0
20.6978,134.0,324.0
20.7029,225.0,324.0
20.7081,-117.0,326.0
20.7128,-301.0,328.0
20.7177,76.0,326.0
20.7227,268.0,330.0
20.7278,-78.0,330.0
20.7329,-197.0,330.0
20.7378,160.0,332.0
20.7427,140.0,330.0
20.7477,-286.0,332.0
20.7537,-131.0,332.0
20.7578,360.0,336.0
20.7628,189.0,338.0
20.7677,-303.0,342.0
20.7727,-251.0,346.0
20.7777,136.0,346.0
20.7835,216.0,348.0
20.7879,40.0,348.0
20.7928,-86.0,348.0
20.7978,-149.0,348.0
20.8027,-33.0,348.0
20.8078,225.0,348.0
20.813,61.0,346.0
20.8177,-333.0,346.0
20.8228,-18.0,344.0
20.8279,438.0,346.0
20.8327,-19.0,344.0
20.8377,-417.0,346.0
20.8428,44.0,348.0
20.8485,228.0,348.0
20.8529,-105.0,348.0
20.8577,4.0,346.0
20.8627,164.0,346.0
20.8679,-143.0,348.0
20.8729,-108.0,350.0
20.8778,195.0,352.0
20.8827,-48.0,352.0
20.8878,-203.0,352.0
20.8927,175.0,354.0
20.8978,141.0,352.0
20.9028,-236.0,354.0
20.9078,-36.0,352.0
20.9128,263.0,356.0
20.9177,15.0,356.0
20.9227,-236.0,358.0
20.928,-105.0,358.0
20.933,114.0,360.0
20.9378,166.0,360.0
20.943,54.0,360.0
20.9478,-51.0,356.0
20.9529,-136.0,354.0
20.9578,-191.0,352.0
20.9628,37.0,350.0
20.9677,353.0,352.0
20.9728,146.0,350.0
20.9777,-283.0,352.0
20.9829,-191.0,352.0
20.9879,71.0,352.0
20.9929,27.0,348.0
20.9978,58.0,346.0
21.0028,156.0,348.0
21.0078,-12.0,344.0
21.0129,-150.0,344.0
21.0178,-97.0,342.0
21.0227,-24.0,338.0
21.0278,130.0,338.0
21.0327,160.0,336.0
21.0377,-95.0,336.0
21.043,-118.0,336.0
21.0478,67.0,332.0
21.0527,-41.0,332.0
21.0577,-51.0,326.0
21.0627,181.0,328.0
21.0677,45.0,322.0
21.073,-214.0,324.0
21.0779,-107.0,324.0
21.0829,110.0,326.0
21.0877,259.0,328.0
21.0927,91.0,326.0
21.0978,-433.0,332.0
21.1028,-301.0,334.0
21.1078,516.0,340.0
21.1127,435.0,346.0
21.1177,-437.0,350.0
21.1227,-432.0,354.0
21.128,248.0,358.0
21.1327,282.0,360.0
21.1378,-121.0,358.0
21.1427,-101.0,358.0
21.1478,181.0,360.0
21.1529,27.0,354.0
21.158,-325.0,358.0
21.1627,-47.0,352.0
21.1677,335.0,354.0
21.1729,18.0,350.0
21.1778,-174.0,350.0
21.1829,120.0,350.0
21.1878,10.0,348.0
21.1929,-268.0,350.0
21.1977,18.0,344.0
21.2027,301.0,346.0
21.2078,74.0,340.0
21.213,-195.0,338.0
21.2178,-159.0,334.0
21.2228,5.0,330.0
21.2277,96.0,326.0
21.2328,156.0,328.0
21.2377,117.0,324.0
21.2428,-152.0,324.0
21.2485,-298.0,322.0
21.253,-35.0,320.0
21.2577,217.0,318.0
21.2627,204.0,320.0
21.2677,114.0,318.0
21.2727,-138.0,320.0
21.2778,-374.0,326.0
21.2828,-99.0,324.0
21.2881,297.0,328.0
21.2928,243.0,328.0
21.2977,12.0,326.0
21.3027,-176.0,324.0
21.3077,-221.0,326.0
21.3128,39.0,324.0
21.3178,134.0,324.0
21.3228,-28.0,322.0
21.3279,97.0,322.0
21.3329,153.0,324.0
21.3377,-170.0,324.0
21.3427,-197.0,324.0
21.3477,19.0,322.0
21.3528,17.0,318.0
21.3578,171.0,320.0
21.3629,226.0,318.0
21.3679,-297.0,322.0
21.3735,-294.0,324.0
21.3777,437.0,328.0
21.3828,187.0,328.0
21.3878,-659.0,334.0
21.393,-102.0,334.0
21.3977,834.0,342.0
21.4027,151.0,340.0
21.4078,-741.0,348.0
21.4129,-202.0,348.0
21.4178,383.0,350.0
21.4228,62.0,348.0
21.4277,-78.0,350.0
21.4328,193.0,350.0
21.4377,56.0,350.0
21.4427,-291.0,354.0
21.4478,-154.0,352.0
21.4529,177.0,354.0
21.4577,107.0,350.0
21.4627,-102.0,352.0
21.4677,32.0,346.0
21.4738,196.0,348.0
21.4783,-47.0,342.0
21.4829,-275.0,346.0
21.4877,-54.0,344.0
21.4928,152.0,344.0
21.4986,80.0,346.0
21.5027,66.0,344.0
21.5078,-6.0,342.0
21.5128,-159.0,342.0
21.5177,4.0,340.0
21.5229,112.0,340.0
21.5281,-101.0,338.0
21.5329,-39.0,336.0
21.5378,134.0,336.0
21.5427,-40.0,334.0
21.5477,-79.0,334.0
21.553,113.0,332.0
21.5579,74.0,332.0
21.5629,-94.0,330.0
21.5678,-129.0,330.0
21.5727,-39.0,330.0
21.5777,130.0,330.0
21.5827,158.0,330.0
21.5887,-63.0,330.0
21.5927,-112.0,330.0
21.5977,32.0,328.0
21.6028,-126.0,330.0
21.6079,-123.0,326.0
21.6131,419.0,330.0
21.6179,306.0,330.0
21.6228,-571.0,336.0
21.6278,-439.0,342.0
21.6328,529.0,350.0
21.6379,414.0,356.0
21.6429,-415.0,360.0
21.6478,-291.0,364.0
21.6559,331.0,366.0
21.6577,195.0,368.0
21.6627,-245.0,372.0
21.6677,-152.0,372.0
21.6729,112.0,372.0
21.6788,99.0,372.0
21.6827,0.0,370.0
21.6877,-24.0,370.0
21.6934,-4.0,368.0
21.6986,21.0,368.0
21.7029,-56.0,366.0
21.7078,-144.0,368.0
21.7127,64.0,366.0
21.718,302.0,368.0
21.7227,3.0,366.0
21.7281,-398.0,368.0
21.7328,-76.0,368.0
21.7377,445.0,368.0
21.7427,134.0,366.0
21.7478,-431.0,364.0
21.7527,-184.0,360.0
21.7579,275.0,358.0
21.7629,170.0,354.0
21.7677,-56.0,352.0
21.7729,-59.0,348.0
21.7779,0.0,346.0
21.7833,-39.0,344.0
21.7878,-131.0,344.0
21.7931,4.0,344.0
21.7977,211.0,342.0
21.803,102.0,342.0
21.8079,-118.0,340.0
21.8136,-137.0,342.0
21.818,-14.0,338.0
21.8232,121.0,338.0
21.828,106.0,340.0
21.8328,-131.0,338.0
21.8379,-216.0,342.0
21.8433,68.0,338.0
21.848,303.0,342.0
21.8529,170.0,340.0
21.8579,-219.0,342.0
21.863,-433.0,348.0
21.868,4.0,346.0
21.8733,494.0,352.0
21.8777,96.0,352.0
21.8834,-372.0,356.0
21.8879,40.0,352.0
21.8929,286.0,356.0
21.8986,-255.0,356.0
21.9039,-359.0,358.0
21.9079,334.0,362.0
21.9129,466.0,366.0
21.9181,-289.0,366.0
21.9229,-458.0,372.0
21.9285,273.0,370.0
21.9327,409.0,374.0
21.9379,-312.0,378.0
21.9429,-482.0,382.0
21.9477,268.0,384.0
21.9532,640.0,392.0
21.9578,-48.0,392.0
21.9634,-694.0,402.0
21.9682,-257.0,404.0
21.9729,553.0,410.0
21.978,439.0,414.0
21.9844,-309.0,416.0
21.9899,-373.0,422.0
21.9929,94.0,424.0
21.9986,114.0,422.0
22.0029,37.0,420.0
22.0081,165.0,418.0
22.0134,-115.0,414.0
22.0177,-314.0,412.0
22.0229,163.0,412.0
22.0284,284.0,406.0
22.0329,-158.0,408.0
22.0377,-113.0,396.0
22.0433,108.0,396.0
22.0485,-100.0,386.0
22.053,-91.0,384.0
22.0579,241.0,382.0
22.0631,116.0,382.0
22.0681,-292.0,386.0
22.0727,-80.0,384.0
22.0779,316.0,388.0
22.0842,-87.0,384.0
22.0887,-341.0,388.0
22.0929,286.0,390.0
22.0977,324.0,392.0
22.1035,-356.0,396.0
22.1077,-224.0,400.0
22.113,299.0,402.0
22.118,78.0,402.0
22.1231,-221.0,402.0
22.1284,31.0,400.0
22.1332,118.0,400.0
22.1379,-114.0,400.0
22.1427,56.0,400.0
22.1478,243.0,404.0
22.153,-215.0,406.0
22.1577,-378.0,410.0
22.1634,240.0,412.0
22.168,395.0,418.0
22.1727,-153.0,420.0
22.1781,-257.0,422.0
22.183,48.0,422.0
22.1877,52.0,420.0
22.1932,53.0,420.0
22.198,137.0,422.0
22.2029,-191.0,422.0
22.2077,-322.0,426.0
22.2129,320.0,430.0
22.2178,480.0,436.0
22.2233,-303.0,438.0
22.2284,-462.0,444.0
22.2329,114.0,444.0
22.2379,199.0,446.0
22.2427,91.0,446.0
22.2478,123.0,446.0
22.2535,-203.0,442.0
22.2579,-293.0,442.0
22.263,267.0,438.0
22.268,279.0,436.0
22.2734,-309.0,432.0
22.2777,-141.0,428.0
22.2829,284.0,426.0
22.2898,-55.0,422.0
22.294,-188.0,420.0
22.2978,245.0,420.0
22.3032,81.0,418.0
22.3077,-390.0,422.0
22.3129,-18.0,420.0
22.3179,432.0,426.0
22.3231,-9.0,426.0
22.3283,-315.0,430.0
22.3332,67.0,430.0
22.3379,98.0,432.0
22.343,-176.0,434.0
22.3479,56.0,432.0
22.3528,233.0,436.0
22.3577,-56.0,432.0
22.3632,-128.0,434.0
22.3679,-43.0,428.0
22.3729,-66.0,428.0
22.3779,155.0,424.0
22.3832,163.0,424.0
22.3878,-267.0,420.0
22.3944,-127.0,420.0
22.3976,359.0,422.0
22.4027,68.0,420.0
22.4079,-356.0,424.0
22.4133,-1.0,424.0
22.4178,235.0,428.0
22.4234,-160.0,430.0
22.4284,-92.0,428.0
22.4329,408.0,434.0
22.4382,38.0,432.0
22.4433,-595.0,440.0
22.4477,-87.0,440.0
22.4529,570.0,446.0
22.4578,167.0,448.0
22.463,-302.0,452.0
22.4682,-203.0,452.0
22.4729,-84.0,452.0
22.4777,170.0,452.0
22.4826,378.0,456.0
22.4879,-114.0,454.0
22.4935,-429.0,458.0
22.4977,111.0,456.0
22.5034,266.0,454.0
22.5077,-213.0,456.0
22.5129,-68.0,450.0
22.5179,354.0,454.0
22.5229,-16.0,448.0
22.5284,-367.0,454.0
22.5334,33.0,450.0
22.5377,204.0,448.0
22.5432,-112.0,444.0
22.5478,-39.0,440.0
22.5528,235.0,436.0
22.5577,11.0,432.0
22.5638,-272.0,430.0
22.5676,-40.0,426.0
22.5729,204.0,422.0
22.578,8.0,418.0
22.5831,-148.0,412.0
22.5877,65.0,410.0
22.5929,202.0,402.0
22.5985,-103.0,404.0
22.6027,-357.0,398.0
22.6081,65.0,394.0
22.6127,528.0,394.0
22.618,51.0,388.0
22.6235,-594.0,392.0
22.6283,-196.0,390.0
22.6329,484.0,396.0
22.6379,245.0,398.0
22.6433,-294.0,402.0
22.6477,-138.0,402.0
22.6537,175.0,402.0
22.658,-37.0,398.0
22.6627,-148.0,398.0
22.6677,191.0,396.0
22.6732,125.0,396.0
22.6777,-312.0,400.0
22.6836,-47.0,398.0
22.6879,401.0,404.0
22.6929,-81.0,404.0
22.6988,-464.0,406.0
22.7031,212.0,408.0
22.7076,519.0,412.0
22.7127,-284.0,414.0
22.718,-525.0,418.0
22.7227,271.0,420.0
22.7286,399.0,422.0
22.7332,-210.0,420.0
22.738,-140.0,418.0
22.7428,189.0,416.0
22.7479,-127.0,414.0
22.7533,-253.0,412.0
22.7577,258.0,416.0
22.7627,337.0,418.0
22.7677,-203.0,420.0
22.7729,-369.0,424.0
22.7777,34.0,422.0
22.7828,327.0,428.0
22.7879,115.0,426.0
22.7928,-212.0,426.0
22.7977,-120.0,422.0
22.8028,78.0,418.0
22.8081,-15.0,412.0
22.8128,-22.0,410.0
22.8177,125.0,408.0
22.8227,54.0,408.0
22.8277,-81.0,408.0
22.8327,-97.0,410.0
22.8376,-75.0,408.0
22.8427,118.0,408.0
22.8477,263.0,406.0
22.8528,-127.0,404.0
22.8577,-439.0,402.0
22.8627,120.0,400.0
22.8677,548.0,402.0
22.8727,-113.0,402.0
22.8778,-556.0,408.0
22.8827,108.0,408.0
22.8877,489.0,414.0
22.8928,-54.0,410.0
22.8978,-346.0,412.0
22.903,-42.0,408.0
22.9078,120.0,406.0
22.9127,70.0,402.0
22.9177,89.0,400.0
22.9226,22.0,396.0
22.9278,-124.0,398.0
22.9327,-118.0,396.0
22.9377,-27.0,394.0
22.9427,82.0,394.0
22.9482,199.0,390.0
22.9529,33.0,390.0
22.9578,-278.0,388.0
22.9628,-92.0,390.0
22.9678,295.0,390.0
22.9728,65.0,390.0
22.9778,-280.0,392.0
22.9828,21.0,390.0
22.9878,185.0,392.0
22.9928,-187.0,390.0
22.9977,12.0,390.0
23.0027,447.0,396.0
23.0078,-227.0,398.0
23.0132,-721.0,408.0
23.0178,331.0,412.0
23.0227,850.0,422.0
23.0279,-299.0,422.0
23.0328,-746.0,432.0
23.0377,233.0,430.0
23.0427,494.0,436.0
23.0477,-244.0,434.0
23.0527,-269.0,440.0
23.0579,343.0,440.0
23.0627,160.0,440.0
23.0677,-436.0,446.0
23.0728,-125.0,442.0
23.078,446.0,448.0
23.0828,113.0,440.0
23.0879,-384.0,446.0
23.0929,-138.0,438.0
23.0978,311.0,440.0
23.1029,235.0,440.0
23.1083,-229.0,440.0
23.1128,-376.0,444.0
23.1177,70.0,444.0
23.1229,429.0,444.0
23.1281,153.0,444.0
23.1328,-289.0,442.0
23.1377,-282.0,446.0
23.1427,38.0,442.0
23.1477,209.0,442.0
23.153,141.0,442.0
23.1578,-23.0,438.0
23.1629,-132.0,440.0
23.1678,-118.0,436.0
23.1727,-49.0,436.0
23.1778,144.0,434.0
23.1827,270.0,438.0
23.188,-95.0,438.0
23.1929,-383.0,440.0
23.1977,62.0,442.0
23.2027,359.0,442.0
23.2077,-101.0,444.0
23.2129,-296.0,444.0
23.2178,183.0,448.0
23.2237,269.0,450.0
23.2283,-229.0,452.0
23.2327,-225.0,452.0
23.2378,202.0,454.0
23.2428,98.0,450.0
23.2478,-154.0,452.0
23.2529,34.0,444.0
23.2578,114.0,444.0
23.2627,-38.0,436.0
23.2676,22.0,434.0
23.2729,-50.0,426.0
23.2778,-313.0,428.0
23.2828,39.0,424.0
23.2881,563.0,430.0
23.2927,114.0,430.0
23.2978,-546.0,438.0
23.3028,-212.0,438.0
23.3077,354.0,440.0
23.3127,157.0,442.0
23.3189,-208.0,440.0
23.323,-106.0,440.0
23.3279,103.0,436.0
23.3329,146.0,436.0
23.3377,81.0,430.0
23.3427,-153.0,430.0
23.3478,-281.0,426.0
23.3527,61.0,422.0
23.3577,329.0,420.0
23.3627,7.0,416.0
23.3678,-229.0,412.0
23.3727,38.0,410.0
23.3777,130.0,410.0
23.3827,-150.0,410.0
23.3877,-125.0,410.0
23.3928,223.0,408.0
23.3977,188.0,408.0
23.4027,-177.0,406.0
23.4077,-213.0,406.0
23.413,36.0,400.0
23.4177,121.0,402.0
23.4227,62.0,398.0
23.4276,25.0,396.0
23.4327,-55.0,394.0
23.4377,-96.0,394.0
23.4429,48.0,392.0
23.4478,101.0,394.0
23.4528,-115.0,396.0
23.4577,-181.0,396.0
23.4627,145.0,398.0
23.4677,332.0,402.0
23.4727,-46.0,400.0
23.4777,-370.0,406.0
23.4828,-59.0,404.0
23.4882,214.0,404.0
23.4927,20.0,402.0
23.4977,7.0,396.0
23.5027,118.0,396.0
23.5078,-140.0,390.0
23.5127,-216.0,390.0
23.5181,128.0,384.0
23.5227,195.0,386.0
23.5278,-30.0,378.0
23.5327,-76.0,378.0
23.5377,-20.0,374.0
23.5427,-16.0,372.0
23.5477,-29.0,372.0
23.5528,-30.0,370.0
23.5578,88.0,370.0
23.5627,147.0,372.0
23.5677,-58.0,372.0
23.5727,-138.0,372.0
23.5778,-12.0,372.0
23.5829,-48.0,372.0
23.5878,-5.0,368.0
23.5927,251.0,372.0
23.5977,158.0,370.0
23.6027,-290.0,372.0
23.6079,-332.0,374.0
23.6129,161.0,376.0
23.6177,357.0,376.0
23.6227,-41.0,376.0
23.6278,-216.0,378.0
23.6328,76.0,376.0
23.6386,93.0,376.0
23.6427,-211.0,372.0
23.6478,-159.0,372.0
23.6535,258.0,364.0
23.6578,364.0,366.0
23.6627,-136.0,354.0
23.669,-480.0,356.0
23.6734,-4.0,346.0
23.678,379.0,348.0
23.6829,-11.0,340.0
23.6886,-187.0,340.0
23.6927,156.0,338.0
23.6978,87.0,334.0
23.7029,-226.0,334.0
23.7079,-96.0,330.0
23.7128,66.0,328.0
23.7177,73.0,322.0
23.7227,226.0,324.0
23.7278,58.0,318.0
23.7327,-388.0,322.0
23.7378,-170.0,320.0
23.7428,337.0,322.0
23.7477,92.0,320.0
23.7529,-263.0,318.0
23.7578,112.0,318.0
23.7627,331.0,318.0
23.7677,-206.0,318.0
23.7727,-455.0,320.0
23.7777,79.0,318.0
23.7827,399.0,324.0
23.7879,103.0,322.0
23.7928,-63.0,320.0
23.7977,-100.0,322.0
23.8027,-357.0,326.0
23.8083,-94.0,324.0
23.813,570.0,332.0
23.8178,232.0,334.0
23.8228,-508.0,338.0
23.8277,-139.0,338.0
23.8327,348.0,338.0
23.8378,-68.0,338.0
23.843,-237.0,336.0
23.8477,196.0,338.0
23.8528,155.0,336.0
23.8579,-204.0,336.0
23.8627,-56.0,332.0
23.8677,138.0,332.0
23.8728,-37.0,328.0
23.8777,-40.0,326.0
23.8828,91.0,326.0
23.888,-26.0,324.0
23.8928,-98.0,324.0
23.8977,-1.0,322.0
23.9027,85.0,324.0
23.9078,118.0,326.0
23.9127,-83.0,326.0
23.9178,-265.0,324.0
23.9227,71.0,326.0
23.9277,352.0,322.0
23.9326,5.0,320.0
23.9377,-285.0,316.0
23.9427,-114.0,314.0
23.9477,64.0,310.0
23.9528,152.0,310.0
23.9577,176.0,310.0
23.9628,-65.0,310.0
23.9678,-294.0,312.0
23.9727,-101.0,312.0
23.9777,239.0,314.0
23.9834,237.0,316.0
23.9877,-89.0,312.0
23.9928,-254.0,316.0
23.9979,-18.0,310.0
24.0027,183.0,312.0
24.0077,42.0,310.0
24.0133,-124.0,312.0
24.0178,-58.0,310.0
24.0227,110.0,310.0
24.0277,114.0,310.0
24.0327,-101.0,308.0
24.0378,-153.0,308.0
24.0427,61.0,306.0
24.0477,110.0,304.0
24.0527,-3.0,304.0
24.0579,12.0,302.0
24.0627,-26.0,300.0
24.0678,-167.0,304.0
24.0727,-17.0,302.0
24.0777,288.0,306.0
24.0828,104.0,306.0
24.088,-324.0,310.0
24.0928,-127.0,310.0
24.0979,288.0,312.0
24.1028,48.0,310.0
24.1077,-257.0,308.0
24.1127,43.0,308.0
24.1178,292.0,308.0
24.1227,-52.0,308.0
24.1281,-327.0,310.0
24.1336,-12.0,310.0
24.1377,229.0,312.0
24.1427,44.0,312.0
24.1477,16.0,310.0
24.1529,46.0,306.0
24.1578,-265.0,310.0
24.1631,-222.0,310.0
24.1677,374.0,314.0
24.1727,316.0,318.0
24.1777,-332.0,324.0
24.1827,-206.0,326.0
24.1878,227.0,330.0
24.1927,-37.0,330.0
24.1977,-148.0,330.0
24.2027,240.0,332.0
24.2078,111.0,332.0
24.2129,-306.0,336.0
24.2177,-78.0,336.0
24.2226,262.0,340.0
24.2277,42.0,340.0
24.2328,-143.0,338.0
24.2377,-14.0,336.0
24.2427,-42.0,332.0
24.2477,-39.0,328.0
24.2527,213.0,328.0
24.2578,148.0,326.0
24.2627,-230.0,328.0
24.2678,-249.0,330.0
24.2728,63.0,328.0
24.2777,213.0,330.0
24.2827,119.0,330.0
24.2879,-12.0,328.0
24.2939,-96.0,324.0
24.2979,-190.0,322.0
24.3029,-127.0,322.0
24.3079,238.0,318.0
24.3132,312.0,322.0
24.3179,-188.0,320.0
24.3229,-304.0,324.0
24.3278,200.0,324.0
24.3327,191.0,326.0
24.3395,-298.0,328.0
24.3428,-133.0,326.0
24.3478,376.0,332.0
24.3529,183.0,334.0
24.3578,-352.0,338.0
24.3627,-260.0,338.0
24.3678,246.0,340.0
24.3727,248.0,338.0
24.3777,-146.0,338.0
24.3828,-100.0,334.0
24.3878,130.0,336.0
24.3927,-114.0,332.0
24.3977,-226.0,334.0
24.4028,259.0,334.0
24.4077,385.0,336.0
24.4131,-217.0,332.0
24.4179,-466.0,338.0
24.4228,-6.0,332.0
24.4278,347.0,336.0
24.4327,249.0,340.0
24.438,-83.0,340.0
24.4428,-334.0,338.0
24.4478,-108.0,338.0
24.4528,252.0,334.0
24.4578,95.0,332.0
24.4628,-136.0,326.0
24.4677,42.0,324.0
24.4728,49.0,320.0
24.4778,-158.0,322.0
24.4827,58.0,318.0
24.4881,189.0,318.0
24.4928,-190.0,318.0
24.4979,-163.0,318.0
24.5028,286.0,322.0
24.5078,140.0,322.0
24.5128,-300.0,326.0
24.5178,-138.0,328.0
24.523,234.0,330.0
24.528,105.0,330.0
24.5329,-148.0,332.0
24.5377,-3.0,332.0
24.5429,134.0,332.0
24.5477,-128.0,332.0
24.5527,-195.0,334.0
24.5579,203.0,334.0
24.5629,210.0,336.0
24.5678,-193.0,334.0
24.5728,-77.0,334.0
24.5777,158.0,332.0
24.5828,-151.0,332.0
24.5879,-136.0,334.0
24.5929,367.0,338.0
24.5977,108.0,336.0
24.6028,-529.0,344.0
24.6078,-97.0,340.0
24.6131,610.0,348.0
24.6179,147.0,346.0
24.6228,-548.0,352.0
24.6277,-184.0,354.0
24.6328,353.0,354.0
24.638,102.0,356.0
24.643,-144.0,356.0
24.648,61.0,356.0
24.6529,16.0,354.0
24.6577,-196.0,356.0
24.6627,9.0,354.0
24.6678,254.0,356.0
24.6729,62.0,356.0
24.6777,-219.0,358.0
24.6828,-174.0,360.0
24.6879,74.0,358.0
24.6927,198.0,362.0
24.6978,75.0,362.0
24.703,-109.0,364.0
24.7078,-71.0,362.0
24.7127,52.0,362.0
24.7177,-74.0,360.0
24.7232,-115.0,360.0
24.7281,192.0,358.0
24.733,210.0,358.0
24.7378,-193.0,358.0
24.7427,-242.0,360.0
24.7489,126.0,358.0
24.7537,237.0,362.0
24.7577,-83.0,358.0
24.7627,-277.0,362.0
24.7678,118.0,358.0
24.7727,394.0,364.0
24.7778,-186.0,364.0
24.7827,-543.0,372.0
24.7877,171.0,374.0
24.7927,617.0,382.0
24.7977,-4.0,378.0
24.8027,-525.0,384.0
24.8077,-232.0,382.0
24.8131,274.0,380.0
24.8178,377.0,382.0
24.8227,1.0,378.0
24.828,-354.0,380.0
24.8327,-140.0,382.0
24.8376,217.0,382.0
24.8426,106.0,380.0
24.8477,-69.0,380.0
24.8529,28.0,376.0
24.8577,-2.0,374.0
24.8627,-162.0,374.0
24.8676,-55.0,374.0
24.8727,162.0,374.0
24.8778,195.0,376.0
24.8827,31.0,376.0
24.8879,-262.0,380.0
24.8927,-269.0,380.0
24.8977,190.0,382.0
24.9029,332.0,382.0
24.9078,-100.0,380.0
24.9127,-193.0,382.0
24.9177,103.0,380.0
24.923,-13.0,380.0
24.9278,-179.0,382.0
24.9327,172.0,382.0
24.9377,242.0,384.0
24.9427,-225.0,386.0
24.9477,-224.0,386.0
24.9527,184.0,384.0
24.9576,148.0,382.0
24.9629,-106.0,380.0
24.9677,-134.0,378.0
24.9728,3.0,376.0
24.9777,218.0,374.0
24.9828,128.0,374.0
24.9878,-271.0,372.0
24.9929,-184.0,372.0
24.9979,191.0,370.0
25.0027,27.0,366.0
25.0079,-54.0,364.0
25.0131,284.0,364.0
25.0177,-3.0,362.0
25.0228,-515.0,368.0
25.0277,-57.0,366.0
25.0327,492.0,372.0
25.0379,176.0,372.0
25.0429,-236.0,372.0
25.0477,-262.0,370.0
25.0537,-78.0,368.0
25.0587,263.0,364.0
25.0636,292.0,368.0
25.068,-168.0,366.0
25.0727,-356.0,368.0
25.0778,-8.0,366.0
25.0827,251.0,366.0
25.0877,191.0,366.0
25.0926,26.0,364.0
25.0977,-230.0,366.0
25.1027,-348.0,368.0
25.1077,66.0,368.0
25.1127,500.0,376.0
25.1177,152.0,376.0
25.1227,-435.0,382.0
25.1278,-234.0,382.0
25.1327,311.0,384.0
25.1377,153.0,384.0
25.1427,-267.0,384.0
25.1477,-49.0,382.0
25.1526,269.0,382.0
25.1577,34.0,380.0
25.1629,-206.0,380.0
25.1677,-64.0,380.0
25.1729,65.0,378.0
25.1776,53.0,378.0
25.1827,34.0,378.0
25.1879,-21.0,376.0
25.1927,-7.0,372.0
25.198,45.0,370.0
25.2027,-73.0,368.0
25.2077,-142.0,368.0
25.2129,66.0,366.0
25.2178,242.0,368.0
25.2228,75.0,368.0
25.2277,-232.0,368.0
25.2327,-235.0,366.0
25.2381,94.0,366.0
25.2429,247.0,362.0
25.2477,0.0,360.0
25.2528,-146.0,354.0
25.2577,89.0,352.0
25.2632,134.0,346.0
25.2679,-231.0,346.0
25.2729,-265.0,346.0
25.2778,196.0,346.0
25.2828,369.0,350.0
25.2877,19.0,350.0
25.2928,-287.0,354.0
25.2978,-218.0,354.0
25.3028,64.0,354.0
25.3078,243.0,354.0
25.3127,124.0,356.0
25.3177,-116.0,354.0
25.3228,-159.0,354.0
25.3281,-38.0,354.0
25.3328,46.0,350.0
25.3377,111.0,352.0
25.3429,138.0,352.0
25.3478,-72.0,352.0
25.3527,-294.0,356.0
25.3577,-56.0,356.0
25.3631,315.0,358.0
25.3677,211.0,358.0
25.3727,-162.0,358.0
25.3777,-293.0,360.0
25.3826,-88.0,358.0
25.3879,227.0,358.0
25.3929,292.0,360.0
25.3977,-42.0,360.0
25.4027,-361.0,360.0
25.4078,-146.0,360.0
25.413,318.0,360.0
25.4178,244.0,360.0
25.4227,-231.0,356.0
25.4277,-227.0,356.0
25.4327,174.0,350.0
25.4379,131.0,352.0
25.4429,-200.0,346.0
25.4479,-10.0,344.0
25.4528,277.0,344.0
25.4577,-69.0,338.0
25.4632,-305.0,344.0
25.4678,57.0,338.0
25.4727,215.0,340.0
25.4777,6.0,336.0
25.483,-62.0,336.0
25.4877,-15.0,334.0
25.4927,-46.0,336.0
25.4977,-48.0,336.0
25.5027,99.0,334.0
25.5078,116.0,336.0
25.5127,-147.0,336.0
25.5179,-139.0,334.0
25.5227,191.0,338.0
25.5277,141.0,336.0
25.5328,-193.0,334.0
25.5377,-199.0,334.0
25.5427,104.0,330.0
25.5477,324.0,334.0
25.5527,85.0,332.0
25.5577,-377.0,336.0
25.5628,-282.0,340.0
25.568,230.0,342.0
25.5727,332.0,344.0
25.5777,8.0,340.0
25.5831,-188.0,340.0
25.5877,-71.0,338.0
25.5928,2.0,334.0
25.5978,-132.0,334.0
25.6026,36.0,334.0
25.6077,385.0,338.0
25.6131,80.0,338.0
25.6177,-410.0,342.0
25.6229,-179.0,342.0
25.6278,163.0,340.0
25.6327,93.0,340.0
25.6379,128.0,338.0
25.6429,146.0,340.0
25.6477,-184.0,342.0
25.6527,-281.0,342.0
25.6577,0.0,342.0
25.6628,129.0,336.0
25.6684,124.0,338.0
25.6733,126.0,332.0
25.6784,-5.0,328.0
25.6828,-169.0,328.0
25.6879,-160.0,326.0
25.6927,16.0,326.0
25.6977,140.0,324.0
25.7029,45.0,320.0
25.7078,-24.0,316.0
25.7127,95.0,312.0
25.7177,33.0,314.0
25.7227,-262.0,314.0
25.728,-162.0,314.0
25.7329,297.0,318.0
25.7377,237.0,318.0
25.7427,-226.0,316.0
25.7477,-178.0,318.0
25.7527,118.0,312.0
25.7579,48.0,310.0
25.7627,7.0,302.0
25.7677,39.0,300.0
25.7727,-117.0,296.0
25.7776,-26.0,294.0
25.7826,128.0,292.0
25.7877,-71.0,294.0
25.7928,-18.0,290.0
25.7977,179.0,292.0
25.8027,-117.0,290.0
25.8077,-195.0,292.0
25.8131,178.0,294.0
25.8177,65.0,294.0
25.8228,-160.0,296.0
25.8278,153.0,298.0
25.8327,129.0,300.0
25.8378,-312.0,304.0
25.8428,-115.0,304.0
25.8479,301.0,308.0
25.8527,100.0,308.0
25.8578,-158.0,306.0
25.8628,-114.0,308.0
25.8676,-7.0,304.0
25.8728,193.0,302.0
25.8777,150.0,304.0
25.8829,-285.0,304.0
25.8877,-261.0,308.0
25.8927,288.0,310.0
25.8977,304.0,314.0
25.9029,-158.0,314.0
25.9077,-241.0,314.0
25.9127,-23.0,310.0
25.9177,84.0,310.0
25.9227,98.0,304.0
25.928,59.0,306.0
25.933,-7.0,302.0
25.9377,-18.0,298.0
25.9427,-102.0,298.0
25.9477,-243.0,298.0
25.9527,33.0,298.0
25.9578,491.0,302.0
25.9628,191.0,304.0
25.9678,-456.0,310.0
25.9727,-316.0,314.0
25.9777,178.0,316.0
25.9827,171.0,316.0
25.9877,53.0,316.0
25.993,103.0,312.0
25.998,-63.0,312.0
26.0027,-244.0,312.0
26.0077,-30.0,308.0
26.0128,184.0,308.0
26.0178,22.0,304.0
26.0229,-100.0,304.0
26.0278,104.0,304.0
26.0327,164.0,302.0
26.0377,-183.0,304.0
26.0427,-356.0,304.0
26.0476,86.0,302.0
26.0528,522.0,306.0
26.0577,140.0,304.0
26.0627,-506.0,308.0
26.0679,-332.0,310.0
26.0728,256.0,310.0
26.0777,337.0,314.0
26.0827,122.0,312.0
26.0877,-111.0,314.0
26.0929,-403.0,316.0
26.0978,-222.0,318.0
26.1029,431.0,320.0
26.1077,456.0,328.0
26.1127,-275.0,328.0
26.1177,-485.0,336.0
26.1229,119.0,336.0
26.1281,358.0,342.0
26.1328,6.0,342.0
26.1377,-141.0,342.0
26.1427,-199.0,344.0
26.1477,-115.0,344.0
26.1529,440.0,348.0
26.1578,320.0,352.0
26.1628,-579.0,358.0
26.1677,-354.0,360.0
26.1727,559.0,366.0
26.1777,222.0,368.0
26.1827,-474.0,372.0
26.1878,-91.0,370.0
26.1929,391.0,374.0
26.1977,106.0,370.0
26.2027,-273.0,370.0
26.2077,-216.0,370.0
26.2128,102.0,366.0
26.2178,240.0,370.0
26.2226,50.0,368.0
26.2279,-100.0,368.0
26.2328,-91.0,370.0
26.2378,-83.0,368.0
26.243,-10.0,368.0
26.2477,113.0,364.0
26.2528,175.0,366.0
26.2577,80.0,360.0
26.2627,-254.0,362.0
26.2677,-354.0,364.0
26.2728,165.0,366.0
26.2777,479.0,370.0
26.2826,33.0,370.0
26.2878,-361.0,372.0
26.2928,-192.0,370.0
26.2978,110.0,372.0
26.3027,198.0,374.0
26.3077,94.0,372.0
26.3129,-72.0,372.0
26.3177,-192.0,374.0
26.3227,-90.0,374.0
26.3277,246.0,374.0
26.3327,264.0,378.0
26.3377,-284.0,382.0
26.3428,-427.0,386.0
26.3477,241.0,390.0
26.3528,447.0,396.0
26.3578,-116.0,398.0
26.3626,-237.0,396.0
26.3677,26.0,394.0
26.3727,-59.0,390.0
26.3777,-32.0,388.0
26.383,197.0,388.0
26.3877,40.0,386.0
26.3927,-91.0,384.0
26.3987,63.0,384.0
26.4026,-133.0,386.0
26.4077,-255.0,390.0
26.4128,293.0,394.0
26.4177,387.0,398.0
26.4227,-321.0,402.0
26.4282,-344.0,406.0
26.4327,309.0,410.0
26.4376,183.0,410.0
26.4432,-339.0,414.0
26.4477,-49.0,412.0
26.4527,358.0,414.0
26.4577,-24.0,414.0
26.4628,-290.0,416.0
26.4678,133.0,416.0
26.4727,158.0,416.0
26.4786,-301.0,416.0
26.4827,-35.0,414.0
26.4877,433.0,416.0
26.4927,-43.0,416.0
26.4978,-474.0,420.0
26.5027,84.0,420.0
26.5077,449.0,428.0
26.5127,-111.0,426.0
26.5177,-387.0,430.0
26.5227,139.0,428.0
26.5282,319.0,428.0
26.5329,-146.0,426.0
26.5377,-289.0,426.0
26.5427,106.0,426.0
26.5477,309.0,426.0
26.5527,-40.0,426.0
26.5578,-381.0,430.0
26.5632,-34.0,430.0
26.5677,476.0,436.0
26.5727,162.0,438.0
26.5778,-456.0,446.0
26.583,-336.0,450.0
26.5878,216.0,448.0
26.5934,428.0,456.0
26.5987,110.0,450.0
26.6026,-351.0,452.0
26.6077,-244.0,448.0
26.6128,216.0,446.0
26.6178,93.0,446.0
26.6228,-205.0,446.0
26.6277,111.0,446.0
26.6327,295.0,450.0
26.6378,-112.0,450.0
26.6428,-241.0,450.0
26.6478,-34.0,450.0
26.6528,-73.0,448.0
26.6576,121.0,450.0
26.6626,443.0,456.0
26.6678,-127.0,456.0
26.6729,-583.0,462.0
26.6778,166.0,462.0
26.6828,408.0,464.0
26.6877,-272.0,466.0
26.6927,-51.0,458.0
26.6986,381.0,462.0
26.7026,-257.0,458.0
26.7078,-385.0,460.0
26.7128,360.0,462.0
26.7177,202.0,460.0
26.7229,-295.0,462.0
26.7276,97.0,462.0
26.7328,199.0,458.0
26.7377,-285.0,460.0
26.7428,-132.0,454.0
26.7477,238.0,452.0
26.7529,78.0,448.0
26.7578,-104.0,442.0
26.7629,-60.0,442.0
26.7677,60.0,436.0
26.7727,132.0,438.0
26.7776,-67.0,438.0
26.783,-235.0,438.0
26.7876,8.0,436.0
26.793,224.0,434.0
26.7976,96.0,430.0
26.8027,-72.0,422.0
26.8077,-124.0,418.0
26.813,-95.0,410.0
26.8176,14.0,408.0
26.8234,167.0,402.0
26.8279,169.0,404.0
26.8327,-139.0,400.0
26.8378,-322.0,404.0
26.8427,59.0,400.0
26.8478,408.0,404.0
26.8528,55.0,402.0
26.8577,-435.0,406.0
26.8627,-201.0,408.0
26.8677,393.0,412.0
26.8727,311.0,416.0
26.8779,-294.0,420.0
26.8827,-314.0,424.0
26.8879,217.0,426.0
26.8927,258.0,426.0
26.8978,-223.0,428.0
26.9029,-232.0,428.0
26.9077,268.0,428.0
26.9127,229.0,428.0
26.9177,-289.0,426.0
26.9227,-182.0,428.0
26.9279,307.0,426.0
26.9328,87.0,426.0
26.9377,-347.0,428.0
26.9426,-9.0,426.0
26.9477,345.0,430.0
26.953,21.0,428.0
26.9582,-216.0,430.0
26.9627,-131.0,430.0
26.9677,-34.0,426.0
26.9727,237.0,426.0
26.9778,283.0,426.0
26.9829,-243.0,424.0
26.9878,-380.0,426.0
26.9927,202.0,422.0
26.9977,301.0,424.0
27.0027,-211.0,424.0
27.0078,-182.0,426.0
27.0128,271.0,430.0
27.0177,120.0,432.0
27.0228,-336.0,434.0
27.0276,-90.0,434.0
27.0327,381.0,438.0
27.0378,69.0,438.0
27.0429,-344.0,442.0
27.0477,-61.0,440.0
27.0527,156.0,438.0
27.0577,18.0,432.0
27.0627,108.0,428.0
27.0678,97.0,424.0
27.0728,-289.0,424.0
27.0778,-252.0,424.0
27.0828,291.0,424.0
27.0877,382.0,430.0
27.0928,-101.0,426.0
27.0977,-399.0,432.0
27.1042,-199.0,430.0
27.108,242.0,432.0
27.1127,386.0,434.0
27.1176,5.0,430.0
27.1227,-274.0,434.0
27.1288,-155.0,430.0
27.1329,-33.0,430.0
27.1377,102.0,424.0
27.1427,259.0,426.0
27.1477,65.0,420.0
27.1528,-306.0,424.0
27.1577,-166.0,420.0
27.1626,312.0,422.0
27.1677,133.0,420.0
27.1738,-388.0,424.0
27.1778,-58.0,420.0
27.1827,502.0,426.0
27.1877,69.0,422.0
27.1928,-554.0,430.0
27.1978,-211.0,428.0
27.2027,456.0,434.0
27.2076,393.0,434.0
27.2141,-227.0,434.0
27.2177,-503.0,434.0
27.2233,-2.0,430.0
27.2282,566.0,436.0
27.233,165.0,432.0
27.2383,-644.0,440.0
27.2437,-312.0,438.0
27.2476,631.0,444.0
27.2528,436.0,448.0
27.2578,-369.0,452.0
27.263,-406.0,456.0
27.2676,-56.0,454.0
27.2728,167.0,452.0
27.2786,359.0,456.0
27.2829,128.0,454.0
27.2877,-346.0,460.0
27.293,-284.0,464.0
27.2976,111.0,464.0
27.3041,250.0,460.0
27.3089,76.0,460.0
27.313,-126.0,452.0
27.3179,-43.0,450.0
27.3229,45.0,444.0
27.3284,-143.0,442.0
27.3331,-99.0,444.0
27.3381,269.0,442.0
27.3426,284.0,442.0
27.3479,-200.0,438.0
27.3529,-450.0,440.0
27.3577,-16.0,438.0
27.3634,426.0,440.0
27.3677,173.0,440.0
27.3729,-240.0,442.0
27.3777,-102.0,438.0
27.3832,88.0,438.0
27.388,-75.0,436.0
27.3927,-23.0,434.0
27.3977,124.0,434.0
27.4031,-72.0,434.0
27.408,-88.0,436.0
27.4144,158.0,436.0
27.4176,127.0,436.0
27.4231,-3.0,434.0
27.4278,-105.0,434.0
27.4328,-347.0,436.0
27.4379,-204.0,438.0
27.4432,482.0,444.0
27.4476,619.0,452.0
27.4533,-189.0,454.0
27.4579,-699.0,464.0
27.4629,-189.0,464.0
27.4679,384.0,468.0
27.4726,212.0,470.0
27.4782,-102.0,466.0
27.4829,51.0,466.0
27.4876,157.0,462.0
27.493,-176.0,464.0
27.4977,-333.0,462.0
27.5027,32.0,460.0
27.5081,282.0,458.0
27.5139,95.0,454.0
27.5176,-2.0,450.0
27.5231,-7.0,446.0
27.5285,-231.0,446.0
27.5335,-137.0,444.0
27.5376,252.0,444.0
27.5428,115.0,442.0
27.5479,-110.0,440.0
27.5529,78.0,438.0
27.5583,-86.0,434.0
27.5632,-340.0,436.0
27.5678,202.0,434.0
27.5728,568.0,442.0
27.578,-106.0,438.0
27.5832,-617.0,448.0
27.5877,-104.0,444.0
27.5932,428.0,450.0
27.5976,150.0,450.0
27.6028,-186.0,450.0
27.6077,11.0,450.0
27.6138,123.0,448.0
27.6182,-106.0,446.0
27.6232,-226.0,446.0
27.6281,-18.0,440.0
27.6329,265.0,440.0
27.6376,173.0,438.0
27.6434,-135.0,438.0
27.6484,-141.0,436.0
27.6532,-2.0,432.0
27.659,-30.0,432.0
27.6629,-8.0,426.0
27.6681,133.0,426.0
27.6727,112.0,422.0
27.6783,-42.0,422.0
27.6833,-175.0,420.0
27.6879,-197.0,422.0
27.6928,135.0,422.0
27.6981,418.0,428.0
27.7036,-28.0,426.0
27.7076,-466.0,432.0
27.713,-49.0,428.0
27.7187,352.0,430.0
27.7231,17.0,426.0
27.7278,-231.0,424.0
27.7334,105.0,424.0
27.7376,262.0,422.0
27.7429,-222.0,422.0
27.748,-427.0,424.0
27.753,276.0,422.0
27.7577,548.0,432.0
27.7632,-303.0,432.0
27.7678,-531.0,438.0
27.7728,335.0,442.0
27.7778,426.0,448.0
27.783,-365.0,448.0
27.7877,-276.0,452.0
27.7929,417.0,454.0
27.7977,128.0,454.0
27.8029,-530.0,456.0
27.8078,-84.0,456.0
27.8133,638.0,460.0
27.8183,177.0,462.0
27.8227,-561.0,462.0
27.8278,-280.0,466.0
27.8327,233.0,460.0
27.8379,256.0,462.0
27.8433,116.0,456.0
27.8476,-167.0,452.0
27.8532,-191.0,452.0
27.8578,181.0,448.0
27.8628,-9.0,448.0
27.8682,-329.0,444.0
27.8726,220.0,444.0
27.8782,484.0,442.0
27.8829,-235.0,440.0
27.8879,-533.0,440.0
27.8929,98.0,434.0
27.8982,430.0,434.0
27.9026,43.0,430.0
27.9078,-165.0,430.0
27.9133,-103.0,430.0
27.9179,-186.0,428.0
27.9231,74.0,426.0
27.9277,460.0,428.0
27.9333,-17.0,424.0
27.9376,-558.0,432.0
27.9429,-18.0,428.0
27.9477,514.0,434.0
27.9529,37.0,432.0
27.958,-380.0,438.0
27.9633,4.0,438.0
27.9676,237.0,438.0
27.9729,-143.0,440.0
27.9782,-210.0,438.0
27.9829,264.0,438.0
27.9876,335.0,440.0
27.9931,-218.0,436.0
27.9979,-453.0,444.0
28.0028,0.0,438.0
28.0077,364.0,440.0
28.0132,199.0,440.0
28.0177,-105.0,440.0
28.0228,-174.0,440.0
28.0283,-26.0,440.0
28.0333,25.0,440.0
28.0376,-121.0,440.0
28.0426,-59.0,440.0
28.0476,250.0,442.0
28.0532,271.0,444.0
28.0581,-34.0,442.0
28.0629,-299.0,448.0
28.0681,-334.0,450.0
28.0731,-29.0,446.0
28.0776,437.0,450.0
28.0832,479.0,450.0
28.0879,-208.0,444.0
28.0931,-755.0,452.0
28.0984,-116.0,442.0
28.1026,748.0,452.0
28.1076,346.0,450.0
28.1127,-513.0,456.0
28.1178,-413.0,460.0
28.1228,180.0,462.0
28.1285,302.0,464.0
28.1326,82.0,464.0
28.1377,-49.0,458.0
28.1429,-148.0,460.0
28.148,-221.0,460.0
28.1529,37.0,458.0
28.1583,346.0,464.0
28.1632,106.0,466.0
28.1678,-248.0,466.0
28.1728,-130.0,466.0
28.178,7.0,462.0
28.1829,-33.0,460.0
28.1884,175.0,462.0
28.1932,287.0,466.0
28.1978,-143.0,466.0
28.2036,-434.0,468.0
28.208,-14.0,464.0
28.2136,427.0,462.0
28.2176,94.0,462.0
28.2232,-400.0,458.0
28.2284,-105.0,458.0
28.2331,403.0,458.0
28.2376,202.0,460.0
28.2428,-293.0,460.0
28.2476,-298.0,466.0
28.2527,7.0,464.0
28.2576,145.0,464.0
28.2626,243.0,464.0
28.2677,222.0,468.0
28.2727,-234.0,468.0
28.2777,-500.0,472.0
28.2826,24.0,470.0
28.2877,509.0,476.0
28.2928,182.0,480.0
28.2977,-292.0,484.0
28.3026,-283.0,488.0
28.3077,-67.0,486.0
28.3126,228.0,488.0
28.3181,434.0,494.0
28.3227,-19.0,492.0
28.3279,-607.0,498.0
28.3329,-183.0,500.0
28.3377,520.0,500.0
28.3426,218.0,504.0
28.3478,-352.0,502.0
28.3528,-194.0,504.0
28.3579,300.0,504.0
28.3629,331.0,508.0
28.3677,-334.0,510.0
28.3727,-594.0,518.0
28.3776,277.0,518.0
28.3826,689.0,524.0
28.3877,-88.0,520.0
28.3928,-440.0,522.0
28.3977,-76.0,514.0
28.4027,23.0,510.0
28.4078,96.0,504.0
28.4127,262.0,502.0
28.4177,-45.0,496.0
28.4226,-303.0,496.0
28.4276,47.0,492.0
28.4326,157.0,488.0
28.438,-120.0,488.0
28.4428,65.0,480.0
28.4478,234.0,482.0
28.4529,-223.0,476.0
28.4577,-367.0,480.0
28.4627,208.0,474.0
28.4678,483.0,478.0
28.4728,-35.0,474.0
28.4778,-550.0,478.0
28.4828,-182.0,480.0
28.4877,556.0,486.0
28.4927,356.0,488.0
28.4978,-501.0,494.0
28.5028,-481.0,500.0
28.5079,384.0,502.0
28.5128,544.0,506.0
28.5178,-214.0,502.0
28.5227,-505.0,506.0
28.5277,12.0,498.0
28.5327,361.0,502.0
28.538,156.0,498.0
28.5427,-153.0,500.0
28.5476,-189.0,500.0
28.5527,-37.0,500.0
28.5579,68.0,498.0
28.5629,120.0,498.0
28.5676,46.0,492.0
28.5726,-92.0,492.0
28.5776,12.0,484.0
28.5826,61.0,486.0
28.5877,-198.0,480.0
28.5929,-107.0,482.0
28.5977,334.0,480.0
28.6026,185.0,484.0
28.6077,-343.0,484.0
28.6129,-214.0,486.0
28.6178,279.0,488.0
28.6227,168.0,486.0
28.6277,-210.0,484.0
28.6327,-99.0,482.0
28.6377,155.0,478.0
28.6428,95.0,478.0
28.6477,-95.0,474.0
28.6535,-165.0,474.0
28.6579,11.0,472.0
28.6627,213.0,474.0
28.6676,77.0,474.0
28.6729,-183.0,476.0
28.6777,-122.0,476.0
28.6827,104.0,478.0
28.6876,125.0,476.0
28.6926,-4.0,470.0
28.6977,-120.0,472.0
28.7027,-114.0,470.0
28.7076,73.0,466.0
28.7126,187.0,468.0
28.7176,43.0,462.0
28.7228,-115.0,456.0
28.7283,-128.0,454.0
28.7326,-56.0,444.0
28.7377,100.0,444.0
28.7427,174.0,434.0
28.7478,-21.0,430.0
28.7527,-191.0,424.0
28.7577,-49.0,418.0
28.7629,171.0,418.0
28.7677,110.0,416.0
28.7727,-167.0,416.0
28.7777,-152.0,418.0
28.7828,242.0,420.0
28.7878,194.0,420.0
28.7929,-402.0,426.0
28.7977,-297.0,424.0
28.8027,465.0,430.0
28.8077,392.0,432.0
28.8127,-267.0,434.0
28.8178,-257.0,438.0
28.8229,-31.0,438.0
28.8277,-121.0,438.0
28.8327,114.0,434.0
28.8377,425.0,440.0
28.8428,48.0,434.0
28.8478,-395.0,440.0
28.8527,-156.0,434.0
28.8576,172.0,436.0
28.8627,38.0,430.0
28.8679,-53.0,430.0
28.8728,81.0,424.0
28.8777,43.0,422.0
28.8827,13.0,418.0
28.8876,94.0,414.0
28.8926,-148.0,416.0
28.8979,-384.0,420.0
28.9028,47.0,418.0
28.9077,504.0,422.0
28.9129,200.0,422.0
28.9177,-288.0,418.0
28.9226,-292.0,422.0
28.9278,24.0,414.0
28.9328,190.0,414.0
28.9377,-18.0,410.0
28.9426,-121.0,408.0
28.9477,232.0,410.0
28.9528,242.0,410.0
28.9579,-413.0,410.0
28.9628,-481.0,418.0
28.9676,337.0,414.0
28.9727,597.0,420.0
28.9778,-34.0,412.0
28.9828,-411.0,416.0
28.9879,-169.0,412.0
28.9928,64.0,410.0
28.9978,46.0,406.0
29.0027,88.0,402.0
29.0078,215.0,400.0
29.0128,109.0,394.0
29.0177,-271.0,394.0
29.0229,-425.0,388.0
29.0278,59.0,388.0
29.0326,488.0,390.0
29.0379,133.0,390.0
29.0427,-236.0,394.0
29.0477,-69.0,394.0
29.0528,-36.0,390.0
29.0581,-117.0,390.0
29.0634,94.0,388.0
29.0677,182.0,390.0
29.0727,0.0,388.0
29.0778,-116.0,388.0
29.0828,-58.0,386.0
29.0881,62.0,384.0
29.0928,-3.0,380.0
29.0979,-91.0,376.0
29.1028,112.0,374.0
29.1078,135.0,370.0
29.1128,-206.0,372.0
29.1179,-99.0,366.0
29.1228,345.0,368.0
29.1281,31.0,360.0
29.1343,-510.0,362.0
29.1378,-59.0,354.0
29.1428,524.0,356.0
29.1477,162.0,352.0
29.1528,-293.0,348.0
29.1579,-182.0,348.0
29.1628,-28.0,340.0
29.1677,95.0,342.0
29.1729,198.0,340.0
29.1776,-34.0,338.0
29.1828,-167.0,338.0
29.1879,61.0,336.0
29.1928,113.0,336.0
29.1981,-89.0,336.0
29.2027,-177.0,338.0
29.2078,14.0,338.0
29.213,272.0,340.0
29.2178,154.0,342.0
29.2227,-229.0,344.0
29.2277,-279.0,346.0
29.2326,60.0,346.0
29.2379,273.0,344.0
29.2429,85.0,342.0
29.2477,-227.0,342.0
29.2528,-188.0,340.0
29.2579,213.0,340.0
29.2627,327.0,342.0
29.2677,-122.0,340.0
29.2728,-466.0,346.0
29.2778,-123.0,346.0
29.2829,434.0,352.0
29.2877,359.0,356.0
29.2928,-168.0,356.0
29.298,-323.0,360.0
29.3028,-118.0,358.0
29.3078,24.0,358.0
29.3128,137.0,358.0
29.3178,201.0,358.0
29.3227,102.0,358.0
29.3277,-63.0,358.0
29.3327,-280.0,362.0
29.3377,-276.0,364.0
29.3427,189.0,366.0
29.3477,389.0,370.0
29.3529,-15.0,368.0
29.359,-159.0,370.0
29.3632,56.0,368.0
29.3678,-81.0,368.0
29.3728,-269.0,372.0
29.3777,22.0,370.0
29.3828,317.0,372.0
29.3879,257.0,376.0
29.3928,-22.0,374.0
29.3977,-410.0,378.0
29.4026,-414.0,382.0
29.4079,244.0,384.0
29.4129,624.0,392.0
29.4179,36.0,390.0
29.4229,-469.0,394.0
29.4277,-108.0,392.0
29.4326,198.0,390.0
29.4376,-30.0,386.0
29.4427,-143.0,380.0
29.4477,78.0,376.0
29.4527,310.0,376.0
29.4577,147.0,374.0
29.4628,-391.0,380.0
29.468,-468.0,386.0
29.4727,187.0,386.0
29.4777,552.0,388.0
29.4826,119.0,390.0
29.4877,-324.0,388.0
29.4928,-228.0,390.0
29.4978,18.0,386.0
29.5029,114.0,388.0
29.5077,168.0,390.0
29.5126,30.0,390.0
29.5177,-232.0,392.0
29.5227,-96.0,394.0
29.528,211.0,396.0
29.5328,102.0,394.0
29.5377,-125.0,390.0
29.5426,-75.0,390.0
29.5476,26.0,384.0
29.5527,27.0,380.0
29.5578,17.0,376.0
29.5629,13.0,372.0
29.5677,-12.0,372.0
29.5727,-23.0,370.0
29.5776,11.0,370.0
29.5828,25.0,368.0
29.5878,-16.0,364.0
29.5928,-41.0,362.0
29.5976,-2.0,354.0
29.6026,53.0,348.0
29.6078,31.0,344.0
29.6129,-49.0,334.0
29.6176,-2.0,334.0
29.6226,57.0,328.0
29.6276,-113.0,328.0
29.6326,-99.0,328.0
29.6378,214.0,330.0
29.6431,150.0,332.0
29.6477,-147.0,330.0
29.6527,-124.0,332.0
29.6598,-62.0,328.0
29.6635,-14.0,322.0
29.6676,223.0,324.0
29.6727,141.0,318.0
29.6777,-251.0,320.0
29.6829,-111.0,318.0
29.6885,264.0,322.0
29.6927,-41.0,322.0
29.6977,-334.0,324.0
29.7027,156.0,326.0
29.7078,360.0,328.0
29.7128,-120.0,330.0
29.7176,-237.0,332.0
29.7229,-63.0,332.0
29.7281,-25.0,332.0
29.7327,252.0,336.0
29.7376,326.0,340.0
29.7427,-244.0,342.0
29.7478,-471.0,346.0
29.7528,64.0,344.0
29.7577,343.0,348.0
29.7626,26.0,344.0
29.7682,-130.0,346.0
29.7734,48.0,338.0
29.7777,94.0,338.0
29.7829,-94.0,332.0
29.7877,-179.0,332.0
29.7927,19.0,328.0
29.7977,172.0,328.0
29.8026,40.0,328.0
29.8076,-98.0,328.0
29.8128,12.0,324.0
29.8177,154.0,326.0
29.8226,-78.0,326.0
29.8277,-338.0,330.0
29.8326,-8.0,328.0
29.8376,398.0,332.0
29.8428,232.0,334.0
29.8476,-195.0,336.0
29.8527,-406.0,338.0
29.8576,-84.0,338.0
29.8627,457.0,342.0
29.869,194.0,340.0
29.8727,-486.0,346.0
29.8778,-138.0,344.0
29.8828,513.0,350.0
29.8876,93.0,348.0
29.8928,-392.0,352.0
29.8977,-94.0,350.0
29.9027,57.0,346.0
29.9077,-15.0,344.0
29.9127,301.0,342.0
29.9176,301.0,344.0
29.9226,-415.0,344.0
29.928,-580.0,348.0
29.9329,236.0,348.0
29.9377,639.0,354.0
29.9426,62.0,352.0
29.9476,-442.0,360.0
29.9526,-305.0,362.0
29.9579,108.0,360.0
29.9626,404.0,366.0
29.9677,191.0,368.0
29.9741,-325.0,368.0
29.9777,-307.0,368.0
29.9826,118.0,368.0
29.9879,220.0,364.0
29.9927,62.0,366.0
29.9976,-81.0,364.0
30.0027,-105.0,364.0
30.0076,42.0,364.0
30.0127,92.0,362.0
30.0176,-90.0,362.0
30.0228,-156.0,360.0
30.0277,106.0,358.0
30.0327,268.0,362.0
30.0376,-24.0,356.0
30.0429,-303.0,354.0
30.0477,-117.0,352.0
30.0527,219.0,346.0
30.0577,208.0,348.0
30.0626,-117.0,342.0
30.0677,-167.0,344.0
30.0727,99.0,342.0
30.0787,43.0,342.0
30.0828,-134.0,342.0
30.0877,35.0,342.0
30.0927,81.0,338.0
30.0976,-29.0,336.0
30.1027,114.0,332.0
30.1077,47.0,326.0
30.1127,-285.0,326.0
30.1177,-155.0,320.0
30.1226,252.0,322.0
30.1277,253.0,322.0
30.1326,-108.0,320.0
30.1381,-250.0,324.0
30.1427,65.0,322.0
30.1477,167.0,322.0
30.1528,-132.0,324.0
30.1577,-51.0,322.0
30.1626,145.0,322.0
30.1676,-94.0,320.0
30.1726,-60.0,320.0
30.1779,240.0,322.0
30.1826,-3.0,320.0
30.1877,-298.0,324.0
30.1927,7.0,324.0
30.1976,232.0,328.0
30.2026,-51.0,328.0
30.2076,-149.0,330.0
30.2128,162.0,332.0
30.2178,173.0,334.0
30.2228,-204.0,338.0
30.2278,-260.0,342.0
30.2326,70.0,342.0
30.2376,227.0,346.0
30.2426,134.0,346.0
30.2476,-6.0,346.0
30.2526,-189.0,348.0
30.2579,-234.0,352.0
30.2626,45.0,352.0
30.2678,260.0,354.0
30.2727,122.0,354.0
30.2777,-58.0,352.0
30.2827,-160.0,352.0
30.2878,-152.0,352.0
30.2928,103.0,352.0
30.2979,217.0,354.0
30.3026,-62.0,356.0
30.3077,-184.0,354.0
30.3127,81.0,354.0
30.3177,172.0,352.0
30.3228,-158.0,354.0
30.3278,-224.0,352.0
30.3328,271.0,356.0
30.3376,288.0,356.0
30.3426,-354.0,358.0
30.3477,-262.0,356.0
30.3527,352.0,360.0
30.3578,130.0,358.0
30.3627,-252.0,362.0
30.3676,21.0,362.0
30.3726,76.0,360.0
30.3781,-155.0,356.0
30.3834,70.0,354.0
30.3877,279.0,350.0
30.3927,-35.0,350.0
30.3979,-269.0,350.0
30.4026,-159.0,352.0
30.4076,14.0,350.0
30.4128,270.0,352.0
30.4177,294.0,356.0
30.4226,-133.0,356.0
30.4276,-322.0,358.0
30.4327,-98.0,360.0
30.4376,36.0,358.0
30.4426,128.0,360.0
30.4476,235.0,362.0
30.4526,95.0,362.0
30.4577,-209.0,364.0
30.4626,-310.0,368.0
30.4676,-21.0,362.0
30.4726,292.0,366.0
30.4776,202.0,364.0
30.4827,-98.0,362.0
30.4877,-238.0,362.0
30.4927,-83.0,358.0
30.4976,179.0,358.0
30.5028,151.0,354.0
30.5077,-56.0,352.0
30.5127,-101.0,346.0
30.5177,-144.0,346.0
30.5226,-56.0,338.0
30.528,388.0,344.0
30.5327,302.0,342.0
30.5376,-542.0,348.0
30.5426,-507.0,356.0
30.5477,497.0,364.0
30.5527,487.0,366.0
30.5577,-301.0,366.0
30.5626,-221.0,364.0
30.5676,104.0,356.0
30.5726,-98.0,354.0
30.5777,16.0,344.0
30.5834,288.0,348.0
30.5876,-59.0,342.0
30.5926,-325.0,342.0
30.5977,-12.0,340.0
30.6026,258.0,338.0
30.6092,198.0,338.0
30.613,-141.0,336.0
30.6178,-355.0,336.0
30.6228,93.0,336.0
30.6278,371.0,338.0
30.6328,-227.0,340.0
30.6377,-344.0,344.0
30.6428,443.0,350.0
30.6476,412.0,356.0
30.6527,-492.0,362.0
30.6578,-495.0,368.0
30.6627,290.0,370.0
30.6677,402.0,376.0
30.6728,-4.0,370.0
30.6778,-86.0,372.0
30.6828,-152.0,370.0
30.6877,-314.0,372.0
30.6927,91.0,370.0
30.6977,570.0,376.0
30.7026,136.0,376.0
30.7086,-508.0,382.0
30.7127,-346.0,386.0
30.7176,198.0,388.0
30.7226,370.0,392.0
30.7277,114.0,394.0
30.7326,-231.0,396.0
30.7376,-260.0,400.0
30.7426,84.0,398.0
30.7476,241.0,402.0
30.7527,-28.0,398.0
30.7578,-169.0,398.0
30.7628,43.0,394.0
30.7677,144.0,392.0
30.7728,-46.0,392.0
30.7778,-112.0,390.0
30.7826,37.0,390.0
30.7887,-21.0,386.0
30.7929,-107.0,386.0
30.7978,168.0,388.0
30.8026,246.0,390.0
30.8077,-147.0,390.0
30.8129,-294.0,394.0
30.8178,-31.0,392.0
30.8229,164.0,394.0
30.8278,168.0,392.0
30.8326,44.0,392.0
30.8376,-160.0,392.0
30.8429,-198.0,394.0
30.8478,86.0,392.0
30.8528,250.0,394.0
30.8578,-49.0,392.0
30.8626,-209.0,392.0
30.8676,71.0,390.0
30.8728,99.0,390.0
30.8779,-116.0,388.0
30.8828,48.0,386.0
30.8877,173.0,390.0
30.8927,-135.0,388.0
30.8977,-233.0,388.0
30.9028,59.0,388.0
30.9079,243.0,388.0
30.9128,107.0,388.0
30.9177,-216.0,390.0
30.9229,-174.0,390.0
30.9281,243.0,392.0
30.9329,90.0,392.0
30.9378,-334.0,394.0
30.9426,8.0,392.0
30.9477,357.0,396.0
30.9529,-2.0,394.0
30.9579,-185.0,394.0
30.9626,-85.0,394.0
30.9676,-160.0,392.0
30.9727,137.0,390.0
30.9776,505.0,394.0
30.9827,-98.0,390.0
30.9878,-655.0,396.0
30.9928,58.0,392.0
30.998,561.0,398.0
31.0026,-122.0,396.0
31.0076,-343.0,400.0
31.0128,276.0,404.0
31.0178,153.0,404.0
31.0227,-432.0,410.0
31.0278,-74.0,406.0
31.0326,516.0,414.0
31.0377,108.0,412.0
31.0427,-482.0,416.0
31.0477,-195.0,420.0
31.0528,321.0,420.0
31.0576,230.0,420.0
31.0626,-110.0,418.0
31.0679,-141.0,416.0
31.0727,0.0,414.0
31.0776,-6.0,414.0
31.0826,-66.0,412.0
31.0877,75.0,410.0
31.0927,223.0,412.0
31.0977,-36.0,410.0
31.1027,-340.0,410.0
31.1077,-14.0,410.0
31.1127,357.0,412.0
31.1177,15.0,408.0
31.1227,-275.0,410.0
31.1277,-13.0,408.0
31.1326,114.0,408.0
31.1376,74.0,406.0
31.1426,104.0,406.0
31.1478,-175.0,408.0
31.1529,-337.0,412.0
31.1578,228.0,412.0
31.1629,487.0,420.0
31.1677,-212.0,416.0
31.1728,-456.0,418.0
31.1777,210.0,414.0
31.1826,250.0,410.0
31.1879,-293.0,406.0
31.1926,2.0,398.0
31.1982,407.0,400.0
31.2026,-155.0,400.0
31.2078,-411.0,404.0
31.2128,180.0,406.0
31.2178,229.0,408.0
31.2228,-180.0,408.0
31.2277,39.0,406.0
31.2327,218.0,406.0
31.2377,-195.0,408.0
31.2428,-240.0,408.0
31.2478,138.0,406.0
31.2528,184.0,408.0
31.2578,59.0,402.0
31.2627,-76.0,402.0
31.2679,-250.0,400.0
31.2728,2.0,398.0
31.2778,329.0,396.0
31.2829,-51.0,390.0
31.2877,-285.0,388.0
31.2927,243.0,384.0
31.2978,180.0,380.0
31.3029,-474.0,382.0
31.3077,-75.0,378.0
31.3127,579.0,386.0
31.3177,-4.0,386.0
31.3228,-472.0,390.0
31.328,55.0,386.0
31.3329,230.0,388.0
31.3378,-59.0,380.0
31.3426,-22.0,378.0
31.3476,-7.0,372.0
31.3527,-59.0,366.0
31.3577,148.0,366.0
31.3627,59.0,360.0
31.3677,-323.0,364.0
31.3726,-69.0,362.0
31.3779,458.0,364.0
31.3827,107.0,366.0
31.3879,-519.0,370.0
31.3928,-137.0,372.0
31.3977,521.0,376.0
31.4026,139.0,378.0
31.4079,-450.0,382.0
31.4129,-111.0,384.0
31.4179,273.0,386.0
31.4229,40.0,386.0
31.4278,-15.0,386.0
31.4327,33.0,386.0
31.4379,-213.0,386.0
31.4427,-16.0,382.0
31.4476,306.0,384.0
31.4529,-114.0,382.0
31.4577,-249.0,386.0
31.4627,286.0,388.0
31.4678,126.0,386.0
31.4728,-425.0,392.0
31.4777,-58.0,392.0
31.4829,455.0,396.0
31.4879,93.0,396.0
31.4927,-303.0,396.0
31.4977,-151.0,398.0
31.5028,20.0,394.0
31.5079,133.0,396.0
31.5127,219.0,398.0
31.5185,-16.0,396.0
31.5228,-267.0,400.0
31.528,-120.0,398.0
31.5327,89.0,398.0
31.5377,146.0,396.0
31.5429,168.0,398.0
31.5476,-23.0,394.0
31.5528,-245.0,396.0
31.5577,-125.0,396.0
31.5628,40.0,394.0
31.5676,166.0,392.0
31.5727,252.0,394.0
31.5776,-132.0,392.0
31.5828,-374.0,398.0
31.5877,164.0,394.0
31.5927,287.0,398.0
31.5976,-307.0,400.0
31.6026,-149.0,402.0
31.6076,450.0,406.0
31.6127,80.0,406.0
31.6178,-457.0,404.0
31.6239,-66.0,404.0
31.6277,277.0,398.0
31.6328,29.0,398.0
31.6378,-3.0,388.0
31.6431,88.0,388.0
31.6477,-153.0,386.0
31.6527,-229.0,384.0
31.661,79.0,384.0
31.6626,240.0,380.0
31.6679,114.0,382.0
31.6726,-55.0,374.0
31.6777,-238.0,376.0
31.6828,-185.0,372.0
31.6876,200.0,372.0
31.6927,246.0,370.0
31.6976,-63.0,368.0
31.7027,-66.0,366.0
31.7077,-15.0,364.0
31.7126,-146.0,368.0
31.7176,-16.0,368.0
31.7228,184.0,370.0
31.7278,51.0,368.0
31.7327,-92.0,366.0
31.7377,-8.0,366.0
31.7426,52.0,362.0
31.7476,-61.0,362.0
31.7526,-94.0,358.0
31.7578,122.0,360.0
31.7627,104.0,358.0
31.7676,-239.0,362.0
31.7726,-75.0,360.0
31.7776,412.0,366.0
31.7826,115.0,366.0
31.7878,-500.0,370.0
31.7929,-214.0,370.0
31.7976,413.0,372.0
31.8027,246.0,368.0
31.8076,-268.0,370.0
31.8126,-158.0,364.0
31.8178,231.0,364.0
31.8227,21.0,362.0
31.8278,-317.0,362.0
31.8328,72.0,362.0
31.8378,384.0,362.0
31.8427,-74.0,360.0
31.8477,-294.0,360.0
31.8527,22.0,356.0
31.8576,80.0,354.0
31.8626,-4.0,352.0
31.8676,82.0,352.0
31.8726,59.0,350.0
31.8776,-99.0,348.0
31.8827,-131.0,346.0
31.8875,35.0,344.0
31.8927,163.0,344.0
31.8975,8.0,344.0
31.9026,-171.0,346.0
31.9077,-4.0,342.0
31.9126,179.0,344.0
31.9178,-24.0,340.0
31.9226,-181.0,342.0
31.9277,11.0,338.0
31.9326,136.0,336.0
31.9376,92.0,334.0
31.9426,14.0,328.0
31.9477,-202.0,328.0
31.9532,-251.0,324.0
31.9577,174.0,326.0
31.9629,439.0,326.0
31.9676,-4.0,326.0
31.9726,-457.0,328.0
31.9776,-149.0,330.0
31.9826,305.0,334.0
31.9877,149.0,336.0
31.9926,-88.0,338.0
31.9976,-33.0,336.0
32.0026,-66.0,336.0
32.0076,-50.0,332.0
32.0126,115.0,332.0
32.0188,28.0,326.0
32.0229,-120.0,326.0
32.0277,31.0,318.0
32.0326,152.0,318.0
32.0376,-47.0,310.0
32.0431,-210.0,312.0
32.0476,22.0,306.0
32.0527,238.0,308.0
32.0577,-16.0,304.0
32.0626,-217.0,306.0
32.0678,86.0,306.0
32.0728,194.0,310.0
32.0778,-222.0,310.0
32.0828,-218.0,312.0
32.0878,334.0,314.0
32.0927,278.0,316.0
32.0977,-295.0,316.0
32.1028,-306.0,316.0
32.1077,79.0,316.0
32.1127,227.0,312.0
32.1176,145.0,314.0
32.1226,-37.0,308.0
32.1277,-158.0,308.0
32.1328,-136.0,306.0
32.1377,-39.0,304.0
32.1429,139.0,306.0
32.1477,225.0,308.0
32.1527,1.0,304.0
32.1577,-233.0,308.0
32.1627,-74.0,304.0
32.1676,140.0,306.0
32.1726,-62.0,304.0
32.1778,-111.0,304.0
32.1828,315.0,306.0
32.1878,170.0,308.0
32.1929,-475.0,312.0
32.1976,-199.0,314.0
32.2026,436.0,320.0
32.2076,122.0,318.0
32.2131,-282.0,320.0
32.2177,-3.0,318.0
32.2226,182.0,314.0
32.2277,-39.0,312.0
32.2326,-210.0,312.0
32.2379,-38.0,308.0
32.243,295.0,310.0
32.2488,175.0,306.0
32.253,-298.0,308.0
32.2576,-247.0,306.0
32.2627,134.0,306.0
32.2677,199.0,304.0
32.2727,142.0,306.0
32.2777,-81.0,308.0
32.2827,-375.0,312.0
32.2877,-63.0,312.0
32.2927,422.0,314.0
32.2978,195.0,316.0
32.3027,-304.0,316.0
32.3077,-242.0,318.0
32.3128,191.0,320.0
32.3177,209.0,320.0
32.3226,-206.0,320.0
32.3281,-201.0,320.0
32.3328,290.0,322.0
32.3377,252.0,324.0
32.3427,-291.0,328.0
32.3478,-242.0,332.0
32.3526,166.0,332.0
32.3578,71.0,332.0
32.3628,-28.0,330.0
32.3676,163.0,332.0
32.3726,-47.0,332.0
32.3776,-266.0,336.0
32.3826,144.0,336.0
32.3879,200.0,340.0
32.3929,-331.0,342.0
32.3977,-99.0,342.0
32.4026,497.0,348.0
32.4076,48.0,346.0
32.4127,-489.0,352.0
32.4176,21.0,346.0
32.4226,363.0,350.0
32.4277,-143.0,344.0
32.4327,-316.0,346.0
32.4376,170.0,342.0
32.4432,372.0,344.0
32.4477,10.0,340.0
32.4527,-353.0,342.0
32.4577,-221.0,342.0
32.4626,170.0,346.0
32.4676,178.0,342.0
32.4727,24.0,342.0
32.4776,85.0,338.0
32.4828,-45.0,338.0
32.4877,-232.0,336.0
32.4927,-56.0,336.0
32.4977,99.0,336.0
32.5029,90.0,338.0
32.5077,106.0,338.0
32.5127,-22.0,338.0
32.5177,-144.0,338.0
32.5226,-62.0,338.0
32.5277,24.0,338.0
32.5333,148.0,338.0
32.538,104.0,338.0
32.5428,-260.0,340.0
32.5477,-155.0,342.0
32.5526,367.0,346.0
32.5577,126.0,348.0
32.5627,-407.0,350.0
32.5678,-59.0,352.0
32.5726,351.0,354.0
32.5776,14.0,354.0
32.5827,-217.0,356.0
32.5877,-22.0,354.0
32.5926,47.0,350.0
32.5979,11.0,348.0
32.6026,111.0,342.0
32.6077,97.0,344.0
32.6131,-200.0,340.0
32.6178,-231.0,342.0
32.6228,201.0,340.0
32.6276,229.0,342.0
32.6326,-150.0,342.0
32.6377,-83.0,344.0
32.6428,68.0,344.0
32.6477,-46.0,344.0
32.6528,57.0,342.0
32.6578,56.0,342.0
32.6627,-220.0,344.0
32.6679,-2.0,344.0
32.6727,357.0,346.0
32.6776,-10.0,346.0
32.6828,-389.0,350.0
32.6877,-51.0,350.0
32.6929,283.0,350.0
32.6982,121.0,352.0
32.7026,-95.0,350.0
32.7087,-105.0,350.0
32.7128,-52.0,348.0
32.7178,10.0,344.0
32.7228,88.0,342.0
32.7287,57.0,338.0
32.7338,-42.0,334.0
32.7378,-58.0,332.0
32.7426,-32.0,326.0
32.7478,48.0,326.0
32.7529,121.0,324.0
32.7582,-51.0,324.0
32.7626,-195.0,326.0
32.7677,61.0,324.0
32.7728,237.0,326.0
32.778,-67.0,326.0
32.7829,-286.0,328.0
32.7882,44.0,326.0
32.7934,356.0,332.0
32.7976,15.0,328.0
32.8028,-404.0,332.0
32.808,-86.0,332.0
32.8133,364.0,336.0
32.8177,136.0,338.0
32.8235,-208.0,336.0
32.828,-108.0,334.0
32.8328,30.0,328.0
32.838,-18.0,324.0
32.8431,30.0,318.0
32.848,142.0,318.0
32.8532,13.0,314.0
32.8578,-140.0,316.0
32.8628,-16.0,314.0
32.8675,34.0,314.0
32.8726,-87.0,312.0
32.8776,11.0,312.0
32.8828,200.0,310.0
32.8878,82.0,308.0
32.8931,-182.0,306.0
32.8979,-197.0,306.0
32.9033,21.0,304.0
32.9076,178.0,304.0
32.9128,165.0,304.0
32.9175,-29.0,304.0
32.9228,-265.0,302.0
32.9282,-125.0,302.0
32.9331,256.0,300.0
32.9381,195.0,300.0
32.9426,-184.0,298.0
32.9479,-167.0,298.0
32.9528,116.0,296.0
32.9588,95.0,294.0
32.9628,-70.0,292.0
32.9677,-57.0,290.0
32.9726,19.0,286.0
32.9778,84.0,282.0
32.9827,38.0,278.0
32.9877,-120.0,278.0
32.9933,-72.0,276.0
32.9978,118.0,276.0
33.0039,67.0,276.0
33.0079,-111.0,276.0
33.0138,-34.0,276.0
33.0176,143.0,274.0
33.0234,-27.0,272.0
33.0285,-219.0,272.0
33.0328,105.0,268.0
33.038,307.0,272.0
33.0436,-125.0,266.0
33.0477,-313.0,270.0
33.0528,44.0,264.0
33.0578,147.0,266.0
33.0628,3.0,260.0
33.0676,93.0,260.0
33.0729,124.0,256.0
33.0783,-176.0,256.0
33.0828,-322.0,256.0
33.0878,41.0,256.0
33.0929,339.0,256.0
33.098,127.0,254.0
33.1028,-103.0,254.0
33.1077,-156.0,252.0
33.1128,-191.0,256.0
33.1175,60.0,256.0
33.1226,291.0,258.0
33.1284,28.0,256.0
33.1332,-151.0,258.0
33.1376,-11.0,256.0
33.144,-31.0,254.0
33.1481,-83.0,254.0
33.1528,83.0,256.0
33.1585,140.0,256.0
33.1635,-24.0,254.0
33.1676,-109.0,256.0
33.1728,-34.0,254.0
33.1776,51.0,254.0
33.1829,14.0,250.0
33.1885,-43.0,248.0
33.1927,94.0,244.0
33.1976,112.0,244.0
33.2029,-199.0,240.0
33.208,-224.0,242.0
33.2132,191.0,240.0
33.2176,302.0,244.0
33.2233,-103.0,244.0
33.228,-286.0,248.0
33.2328,74.0,248.0
33.2379,221.0,250.0
33.2433,-125.0,252.0
33.2476,-167.0,252.0
33.2533,142.0,252.0
33.2578,63.0,248.0
33.2628,-93.0,246.0
33.2679,145.0,246.0
33.2731,91.0,244.0
33.2777,-331.0,248.0
33.2826,-206.0,250.0
33.2878,295.0,254.0
33.2926,331.0,258.0
33.298,-31.0,258.0
33.3031,-301.0,260.0
33.3089,-219.0,264.0
33.3136,138.0,260.0
33.318,238.0,264.0
33.3228,-59.0,258.0
33.3284,-85.0,258.0
33.3339,173.0,258.0
33.3375,17.0,256.0
33.3428,-312.0,258.0
33.3478,-149.0,260.0
33.3529,262.0,262.0
33.3582,326.0,268.0
33.3633,-38.0,266.0
33.3676,-368.0,272.0
33.373,-172.0,274.0
33.3776,291.0,278.0
33.3826,248.0,280.0
33.3885,-190.0,284.0
33.3933,-193.0,284.0
33.3978,86.0,284.0
33.4029,63.0,282.0
33.4076,-14.0,282.0
33.4132,86.0,280.0
33.4176,46.0,280.0
33.4233,-210.0,278.0
33.4287,-184.0,280.0
33.4328,244.0,278.0
33.4378,314.0,284.0
33.4432,-115.0,278.0
33.4476,-313.0,282.0
33.4526,-147.0,278.0
33.4578,167.0,280.0
33.4625,392.0,282.0
33.4678,11.0,280.0
33.4726,-469.0,288.0
33.4782,-102.0,288.0
33.4828,380.0,294.0
33.4877,96.0,294.0
33.4929,-249.0,298.0
33.4979,-57.0,296.0
33.5028,164.0,298.0
33.5081,2.0,298.0
33.513,-112.0,298.0
33.5178,98.0,300.0
33.5225,76.0,298.0
33.5284,-254.0,300.0
33.5331,-116.0,300.0
33.5378,391.0,302.0
33.5428,257.0,306.0
33.5479,-377.0,310.0
33.5533,-385.0,312.0
33.5576,185.0,314.0
33.5633,332.0,316.0
33.5679,31.0,314.0
33.5725,-64.0,312.0
33.5778,-115.0,310.0
33.5841,-254.0,312.0
33.5876,80.0,310.0
33.5932,445.0,316.0
33.598,-4.0,314.0
33.6026,-477.0,320.0
33.6079,-110.0,320.0
33.6126,396.0,326.0
33.6183,264.0,330.0
33.6233,-227.0,332.0
33.6282,-368.0,336.0
33.6328,16.0,336.0
33.6376,342.0,340.0
33.6431,155.0,340.0
33.6476,-222.0,342.0
33.6542,-218.0,346.0
33.6576,131.0,344.0
33.6629,180.0,348.0
33.6684,-142.0,346.0
33.6734,-105.0,346.0
33.6776,219.0,344.0
33.6826,31.0,344.0
33.6876,-302.0,344.0
33.6927,32.0,342.0
33.6977,343.0,346.0
33.7027,-66.0,346.0
33.7077,-271.0,350.0
33.7127,79.0,348.0
33.7177,100.0,348.0
33.7226,-87.0,344.0
33.7277,32.0,344.0
33.7328,68.0,340.0
33.7377,-36.0,338.0
33.7426,-26.0,338.0
33.7476,-39.0,336.0
33.7527,2.0,332.0
33.7577,125.0,334.0
33.7628,42.0,330.0
33.7676,-183.0,332.0
33.7726,-191.0,332.0
33.7777,166.0,334.0
33.7828,390.0,340.0
33.7877,-59.0,340.0
33.7927,-478.0,346.0
33.7977,-52.0,344.0
33.8026,396.0,350.0
33.8075,93.0,350.0
33.8131,-218.0,354.0
33.8177,-126.0,354.0
33.8226,3.0,354.0
33.8277,215.0,358.0
33.8326,198.0,358.0
33.8376,-301.0,362.0
33.8428,-280.0,362.0
33.8477,299.0,364.0
33.8528,181.0,364.0
33.8576,-220.0,362.0
33.8627,26.0,362.0
33.8678,144.0,360.0
33.8726,-191.0,362.0
33.8776,-100.0,360.0
33.8827,236.0,360.0
33.8878,53.0,360.0
33.8926,-209.0,360.0
33.8976,-7.0,360.0
33.9028,167.0,360.0
33.9076,-30.0,358.0
33.9126,-119.0,360.0
33.9176,99.0,356.0
33.9227,113.0,354.0
33.9277,-172.0,352.0
33.9328,-179.0,350.0
33.9377,154.0,352.0
33.9426,244.0,350.0
33.9477,-20.0,348.0
33.9526,-208.0,348.0
33.9576,-170.0,348.0
33.9626,66.0,348.0
33.9676,318.0,352.0
33.9726,93.0,350.0
33.9776,-325.0,354.0
33.9827,-151.0,352.0
33.9876,212.0,354.0
33.9926,65.0,350.0
33.9977,-90.0,346.0
34.0027,80.0,348.0
34.0077,11.0,342.0
34.0128,-182.0,342.0
34.0178,57.0,338.0
34.0228,209.0,338.0
34.0276,-135.0,336.0
34.0326,-169.0,336.0
34.0378,205.0,338.0
34.0428,74.0,338.0
34.0478,-260.0,342.0
34.0526,25.0,342.0
34.0576,292.0,346.0
34.0626,-60.0,342.0
34.0676,-272.0,344.0
34.0727,37.0,340.0
34.0777,193.0,340.0
34.0827,-26.0,338.0
34.0876,-105.0,334.0
34.0926,92.0,334.0
34.0977,93.0,332.0
34.1029,-231.0,330.0
34.1076,-206.0,332.0
34.1126,341.0,330.0
34.1178,342.0,334.0
34.1227,-317.0,334.0
34.128,-336.0,338.0
34.1329,180.0,336.0
34.1376,187.0,338.0
34.1425,1.0,336.0
34.1476,-8.0,336.0
34.1526,-194.0,338.0
34.1576,-131.0,338.0
34.1628,328.0,342.0
34.1676,193.0,340.0
34.1727,-344.0,344.0
34.1776,-123.0,340.0
34.1828,325.0,342.0
34.1878,-48.0,336.0
34.1928,-377.0,336.0
34.1976,187.0,336.0
34.2026,466.0,338.0
34.2077,-199.0,340.0
34.2128,-501.0,348.0
34.2177,94.0,348.0
34.2228,435.0,350.0
34.2277,50.0,350.0
34.2327,-264.0,346.0
34.2376,-129.0,348.0
34.2426,66.0,342.0
34.2478,62.0,342.0
34.2527,3.0,336.0
34.2576,88.0,332.0
34.2626,127.0,332.0
34.2676,-155.0,328.0
34.2727,-339.0,332.0
34.2778,55.0,328.0
34.2826,428.0,332.0
34.2877,110.0,330.0
34.2927,-314.0,332.0
34.2978,-187.0,334.0
34.3026,112.0,332.0
34.3077,149.0,332.0
34.3127,5.0,330.0
34.3177,-79.0,328.0
34.3227,25.0,328.0
34.3279,32.0,324.0
34.3326,-155.0,326.0
34.3376,6.0,320.0
34.3427,295.0,324.0
34.3476,-56.0,322.0
34.3528,-348.0,326.0
34.3579,91.0,326.0
34.3628,218.0,328.0
34.3677,-119.0,328.0
34.3738,56.0,328.0
34.3776,199.0,330.0
34.3828,-271.0,334.0
34.3877,-302.0,338.0
34.394,282.0,344.0
34.3977,317.0,346.0
34.4027,-143.0,348.0
34.4077,-216.0,348.0
34.4127,-18.0,346.0
34.418,101.0,344.0
34.4227,147.0,340.0
34.4276,-70.0,340.0
34.4326,-267.0,338.0
34.4378,87.0,338.0
34.4429,378.0,338.0
34.4477,-36.0,336.0
34.4528,-405.0,340.0
34.4576,-119.0,340.0
34.4626,276.0,344.0
34.4678,257.0,344.0
34.4729,-53.0,342.0
34.4777,-214.0,342.0
34.4827,-87.0,338.0
34.4876,22.0,334.0
34.4926,39.0,332.0
34.4976,71.0,330.0
34.5028,87.0,330.0
34.5077,59.0,328.0
34.5128,-120.0,328.0
34.5177,-257.0,330.0
34.5226,23.0,326.0
34.5277,327.0,332.0
34.5326,122.0,330.0
34.5377,-253.0,334.0
34.5427,-243.0,334.0
34.5476,132.0,336.0
34.5527,297.0,340.0
34.5578,-31.0,338.0
34.5629,-275.0,340.0
34.5676,-24.0,338.0
34.5728,222.0,338.0
34.5776,21.0,336.0
34.5826,-225.0,336.0
34.5878,15.0,336.0
34.5935,332.0,338.0
34.598,-28.0,336.0
34.6026,-474.0,342.0
34.6076,-14.0,338.0
34.6128,530.0,344.0
34.6178,108.0,342.0
34.6228,-420.0,346.0
34.6279,-182.0,346.0
34.6326,184.0,346.0
34.6377,117.0,348.0
34.6428,11.0,346.0
34.6478,83.0,348.0
34.6528,-17.0,344.0
34.6576,-235.0,348.0
34.6626,-110.0,346.0
34.6676,204.0,348.0
34.6728,196.0,348.0
34.6777,-76.0,346.0
34.6828,-168.0,346.0
34.6876,-13.0,344.0
34.6932,53.0,344.0
34.6977,24.0,340.0
34.7028,122.0,340.0
34.7076,54.0,336.0
34.7138,-258.0,340.0
34.7177,-190.0,340.0
34.7229,200.0,344.0
34.728,230.0,346.0
34.733,-11.0,344.0
34.7376,-96.0,344.0
34.7426,-61.0,342.0
34.7477,-63.0,338.0
34.7529,-62.0,334.0
34.7578,56.0,330.0
34.7628,192.0,328.0
34.7676,119.0,324.0
34.7726,-114.0,324.0
34.7777,-276.0,326.0
34.7827,-183.0,328.0
34.7881,211.0,332.0
34.7927,463.0,336.0
34.7976,63.0,334.0
34.8026,-446.0,336.0
34.8077,-292.0,338.0
34.8128,146.0,334.0
34.8177,275.0,336.0
34.8228,134.0,334.0
34.8276,-92.0,334.0
34.8326,-201.0,332.0
34.8377,-45.0,330.0
34.8428,149.0,324.0
34.8478,66.0,322.0
34.8528,-129.0,316.0
34.8576,-32.0,316.0
34.8627,174.0,312.0
34.8676,26.0,312.0
34.8728,-232.0,310.0
34.8778,-83.0,310.0
34.8828,232.0,312.0
34.8877,148.0,314.0
34.8926,-170.0,316.0
34.8977,-134.0,318.0
34.9028,133.0,318.0
34.9078,74.0,316.0
34.9128,-127.0,312.0
34.9176,-54.0,312.0
34.9227,41.0,306.0
34.9278,22.0,306.0
34.9329,123.0,302.0
34.9377,98.0,302.0
34.9426,-215.0,302.0
34.9477,-224.0,304.0
34.9528,158.0,306.0
34.9577,231.0,308.0
34.9628,-23.0,308.0
34.9676,-121.0,310.0
34.9726,-71.0,308.0
34.9778,-37.0,310.0
34.9827,32.0,306.0
34.9876,166.0,306.0
34.9928,162.0,304.0
34.9976,-164.0,306.0
35.0026,-401.0,308.0
35.0076,-1.0,306.0
35.0129,501.0,314.0
35.0177,196.0,312.0
35.0228,-373.0,314.0
35.0278,-250.0,314.0
35.0326,119.0,312.0
35.0376,159.0,308.0
35.0427,76.0,308.0
35.0476,-41.0,304.0
35.0529,-135.0,306.0
35.0576,-34.0,306.0
35.0627,99.0,306.0
35.0677,81.0,306.0
35.0727,-21.0,302.0
35.0777,-96.0,302.0
35.0826,-55.0,296.0
35.0889,56.0,296.0
35.0927,86.0,292.0
35.0977,20.0,290.0
35.1026,-48.0,286.0
35.1076,-67.0,284.0
35.1126,-21.0,284.0
35.1177,35.0,280.0
35.1227,51.0,280.0
35.128,44.0,280.0
35.1328,-28.0,280.0
35.1377,-105.0,280.0
35.1428,30.0,280.0
35.1476,135.0,280.0
35.1527,-103.0,280.0
35.1579,-183.0,280.0
35.1628,179.0,282.0
35.1676,235.0,280.0
35.1726,-148.0,280.0
35.1776,-192.0,280.0
35.1825,30.0,276.0
35.1877,21.0,274.0
35.1933,33.0,270.0
35.1976,149.0,272.0
35.2025,36.0,268.0
35.2075,-156.0,270.0
35.2126,-154.0,270.0
35.2177,-11.0,270.0
35.2226,182.0,268.0
35.2276,212.0,272.0
35.2326,-116.0,268.0
35.2378,-308.0,274.0
35.2426,68.0,266.0
35.2476,269.0,270.0
35.2527,-72.0,264.0
35.2578,-135.0,264.0
35.2626,59.0,258.0
35.2676,-47.0,256.0
35.2727,0.0,254.0
35.2777,214.0,254.0
35.2827,-59.0,256.0
35.2879,-294.0,258.0
35.2935,96.0,260.0
35.2976,290.0,260.0
35.3028,-113.0,262.0
35.3077,-265.0,262.0
35.3127,75.0,260.0
35.3177,232.0,262.0
35.3226,58.0,260.0
35.3279,-161.0,264.0
35.3327,-247.0,266.0
35.3377,57.0,266.0
35.3427,375.0,270.0
35.3476,31.0,270.0
35.3528,-355.0,272.0
35.3579,-52.0,270.0
35.3627,217.0,270.0
35.3677,-22.0,266.0
35.3727,-100.0,268.0
35.3776,140.0,268.0
35.3827,96.0,270.0
35.3877,-159.0,270.0
35.3928,-141.0,272.0
35.3976,-2.0,272.0
35.4027,113.0,270.0
35.4077,238.0,272.0
35.4127,-14.0,270.0
35.4177,-370.0,272.0
35.4226,-47.0,270.0
35.4277,314.0,272.0
35.4327,46.0,264.0
35.4377,-97.0,266.0
35.4426,-35.0,258.0
35.4477,-189.0,258.0
35.4528,-3.0,254.0
35.4577,408.0,256.0
35.4626,95.0,256.0
35.4676,-452.0,262.0
35.4728,-174.0,262.0
35.4777,325.0,266.0
35.4827,190.0,266.0
35.4877,-82.0,266.0
35.4927,-157.0,268.0
35.498,-222.0,270.0
35.5034,62.0,268.0
35.5076,467.0,276.0
35.5127,102.0,274.0
35.5177,-486.0,280.0
35.5228,-226.0,280.0
35.5277,244.0,282.0
35.5328,144.0,280.0
35.5376,78.0,280.0
35.5427,149.0,280.0
35.5476,-237.0,282.0
35.5527,-460.0,288.0
35.5577,167.0,290.0
35.5628,588.0,298.0
35.5678,-9.0,298.0
35.5726,-496.0,304.0
35.5779,-80.0,304.0
35.5828,295.0,304.0
35.5878,72.0,302.0
35.5928,-112.0,302.0
35.5976,-33.0,298.0
35.6029,2.0,298.0
35.6076,32.0,296.0
35.6126,24.0,296.0
35.6177,-105.0,298.0
35.6226,0.0,296.0
35.6279,232.0,298.0
35.6325,31.0,296.0
35.6377,-324.0,298.0
35.6429,-172.0,294.0
35.6476,279.0,298.0
35.6528,266.0,296.0
35.6576,-115.0,294.0
35.6627,-129.0,290.0
35.6678,-19.0,286.0
35.6728,-140.0,286.0
35.6777,20.0,284.0
35.6828,276.0,288.0
35.6876,51.0,288.0
35.6926,-178.0,288.0
35.6976,-52.0,288.0
35.704,-21.0,288.0
35.7082,-103.0,288.0
35.7126,134.0,290.0
35.7176,335.0,294.0
35.7229,-74.0,294.0
35.728,-421.0,300.0
35.7326,-59.0,300.0
35.7376,257.0,302.0
35.7427,103.0,304.0
35.7476,-33.0,304.0
35.7527,-37.0,304.0
35.7577,-18.0,304.0
35.7628,-1.0,302.0
35.7676,-69.0,302.0
35.7726,-75.0,304.0
35.7776,105.0,304.0
35.7826,205.0,306.0
35.7877,3.0,304.0
35.7929,-268.0,306.0
35.7976,-196.0,306.0
35.8026,208.0,308.0
35.8076,349.0,310.0
35.8128,-46.0,308.0
35.8176,-346.0,310.0
35.8226,-141.0,312.0
35.8276,163.0,314.0
35.8326,255.0,318.0
35.8375,61.0,316.0
35.8427,-257.0,320.0
35.8476,-133.0,320.0
35.8526,201.0,320.0
35.8576,10.0,320.0
35.8626,-171.0,320.0
35.8676,178.0,320.0
35.8726,180.0,320.0
35.8777,-297.0,320.0
35.8829,-151.0,322.0
35.8876,336.0,322.0
35.8928,33.0,322.0
35.8978,-388.0,326.0
35.9028,95.0,326.0
35.9082,457.0,332.0
35.9126,-140.0,334.0
35.9176,-406.0,338.0
35.9226,160.0,340.0
35.9278,189.0,338.0
35.9329,-267.0,340.0
35.9376,56.0,336.0
35.9426,401.0,342.0
35.9476,-203.0,340.0
35.9526,-404.0,346.0
35.9576,257.0,346.0
35.9628,278.0,350.0
35.9676,-238.0,350.0
35.9727,-163.0,350.0
35.9776,98.0,350.0
35.9825,94.0,346.0
35.9875,134.0,346.0
35.9926,24.0,342.0
35.9976,-262.0,346.0
36.0026,-204.0,344.0
36.0075,155.0,346.0
36.0126,304.0,350.0
36.0176,43.0,348.0
36.0234,-228.0,350.0
36.0281,-101.0,350.0
36.0326,52.0,348.0
36.0375,-27.0,348.0
36.0428,98.0,348.0
36.0475,205.0,348.0
36.0527,-185.0,350.0
36.0577,-265.0,350.0
36.0625,282.0,352.0
36.0677,167.0,350.0
36.0731,-433.0,356.0
36.0777,-36.0,356.0
36.0826,528.0,364.0
36.0877,-1.0,360.0
36.0928,-448.0,368.0
36.0978,-46.0,362.0
36.1028,248.0,364.0
36.1076,99.0,358.0
36.1126,-70.0,356.0
36.1177,-118.0,354.0
36.1226,-10.0,350.0
36.1279,105.0,352.0
36.1327,22.0,350.0
36.1376,-66.0,346.0
36.1426,0.0,346.0
36.1476,3.0,338.0
36.1526,-59.0,338.0
36.1577,58.0,332.0
36.1627,146.0,330.0
36.1676,-103.0,328.0
36.1726,-207.0,328.0
36.1777,130.0,330.0
36.1827,197.0,330.0
36.1877,-116.0,328.0
36.1927,-114.0,322.0
36.1976,47.0,320.0
36.2026,-8.0,312.0
36.2078,46.0,312.0
36.2127,129.0,306.0
36.2177,-133.0,308.0
36.2228,-218.0,306.0
36.2276,197.0,308.0
36.2326,243.0,310.0
36.2378,-247.0,314.0
36.2428,-201.0,316.0
36.2477,290.0,320.0
36.2528,142.0,322.0
36.2576,-286.0,326.0
36.2626,-89.0,326.0
36.2676,201.0,326.0
36.2727,-29.0,326.0
36.2776,-110.0,324.0
36.2827,226.0,324.0
36.2876,135.0,322.0
36.2926,-330.0,322.0
36.2978,-250.0,324.0
36.3027,207.0,326.0
36.3076,296.0,330.0
36.3125,5.0,328.0
36.318,-220.0,332.0
36.3226,-60.0,328.0
36.3278,140.0,330.0
36.3327,-77.0,328.0
36.3376,-151.0,330.0
36.3426,230.0,332.0
36.3475,225.0,334.0
36.3527,-231.0,336.0
36.3576,-270.0,334.0
36.3628,60.0,334.0
36.3677,209.0,332.0
36.3726,139.0,332.0
36.3776,-60.0,330.0
36.383,-182.0,330.0
36.3877,-42.0,330.0
36.3926,56.0,332.0
36.3976,-7.0,332.0
36.4026,66.0,332.0
36.4076,142.0,334.0
36.4128,-86.0,334.0
36.4177,-230.0,336.0
36.4226,76.0,334.0
36.4276,254.0,338.0
36.4326,-97.0,334.0
36.4377,-260.0,336.0
36.4429,108.0,334.0
36.4477,226.0,332.0
36.4528,-81.0,332.0
36.4577,-115.0,330.0
36.4626,29.0,328.0
36.4675,-39.0,326.0
36.4728,23.0,322.0
36.4776,195.0,324.0
36.4826,-40.0,320.0
36.4878,-329.0,324.0
36.4927,-21.0,320.0
36.4976,376.0,326.0
36.5027,159.0,326.0
36.5076,-280.0,328.0
36.5126,-300.0,330.0
36.5175,101.0,326.0
36.5227,355.0,330.0
36.5277,42.0,326.0
36.5326,-307.0,330.0
36.5382,-106.0,326.0
36.5426,211.0,326.0
36.5476,113.0,322.0
36.5527,-132.0,322.0
36.5577,-84.0,316.0
36.5628,123.0,316.0
36.5676,11.0,314.0
36.5726,-203.0,312.0
36.5776,89.0,312.0
36.5827,318.0,312.0
36.5882,-177.0,310.0
36.5927,-380.0,310.0
36.5976,254.0,310.0
36.6026,348.0,312.0
36.6076,-344.0,314.0
36.6129,-279.0,316.0
36.6177,397.0,320.0
36.6226,258.0,322.0
36.6276,-307.0,324.0
36.6328,-255.0,328.0
36.638,102.0,326.0
36.6427,175.0,326.0
36.6476,15.0,324.0
36.6526,-34.0,320.0
36.6575,86.0,320.0
36.6625,-57.0,318.0
36.6676,-297.0,320.0
36.6726,41.0,320.0
36.6777,413.0,326.0
36.6827,52.0,326.0
36.6876,-352.0,328.0
36.6929,-161.0,328.0
36.6976,183.0,326.0
36.7029,246.0,326.0
36.7077,0.0,322.0
36.7127,-302.0,320.0
36.718,-155.0,322.0
36.7225,313.0,320.0
36.7278,230.0,322.0
36.7326,-257.0,320.0
36.7376,-152.0,322.0
36.7427,174.0,320.0
36.7477,-54.0,320.0
36.7529,-121.0,320.0
36.7577,265.0,322.0
36.7625,80.0,324.0
36.7676,-394.0,328.0
36.7727,-23.0,328.0
36.7776,420.0,334.0
36.7829,-34.0,334.0
36.7876,-328.0,340.0
36.7926,107.0,340.0
36.7981,135.0,342.0
36.8026,-226.0,342.0
36.8076,67.0,342.0
36.8127,330.0,344.0
36.8176,-194.0,346.0
36.8225,-304.0,346.0
36.8278,247.0,348.0
36.8326,141.0,350.0
36.8379,-267.0,352.0
36.8425,1.0,352.0
36.8475,251.0,356.0
36.8525,4.0,354.0
36.8576,-194.0,354.0
36.8627,-117.0,354.0
36.8678,142.0,352.0
36.8726,221.0,352.0
36.8776,-91.0,350.0
36.8826,-253.0,350.0
36.8877,-17.0,346.0
36.8926,215.0,348.0
36.8976,148.0,346.0
36.9027,-157.0,346.0
36.9077,-195.0,346.0
36.9126,144.0,348.0
36.9176,137.0,348.0
36.9226,-181.0,348.0
36.9276,-42.0,346.0
36.9326,238.0,344.0
36.9375,5.0,340.0
36.9426,-302.0,342.0
36.9476,-99.0,340.0
36.9526,330.0,344.0
36.9576,263.0,346.0
36.9628,-279.0,348.0
36.9675,-325.0,352.0
36.9726,196.0,354.0
36.9775,217.0,354.0
36.9828,-163.0,354.0
36.9877,-36.0,350.0
36.9927,196.0,350.0
36.9976,-84.0,346.0
37.0026,-267.0,350.0
37.0076,64.0,348.0
37.0128,307.0,350.0
37.0176,68.0,350.0
37.0226,-217.0,352.0
37.0275,-155.0,352.0
37.0326,7.0,352.0
37.0375,65.0,352.0
37.0429,155.0,354.0
37.0476,118.0,354.0
37.0526,-159.0,356.0
37.0575,-200.0,354.0
37.0625,82.0,354.0
37.0676,121.0,352.0
37.0728,-59.0,352.0
37.0777,10.0,348.0
37.0825,100.0,348.0
37.0878,-71.0,346.0
37.0926,-109.0,346.0
37.0976,55.0,346.0
37.1026,37.0,346.0
37.1077,-49.0,346.0
37.1126,35.0,346.0
37.118,102.0,344.0
37.1226,-12.0,344.0
37.1277,-168.0,342.0
37.1326,-94.0,342.0
37.1377,192.0,340.0
37.1426,189.0,340.0
37.1477,-168.0,338.0
37.1527,-193.0,336.0
37.1579,132.0,336.0
37.1628,130.0,334.0
37.1676,-112.0,334.0
37.1726,-103.0,332.0
37.1775,77.0,330.0
37.1826,146.0,330.0
37.1878,18.0,328.0
37.1928,-178.0,330.0
37.1975,-145.0,330.0
37.2026,130.0,330.0
37.2076,229.0,334.0
37.2127,-25.0,330.0
37.2177,-239.0,334.0
37.2226,-71.0,330.0
37.2275,191.0,330.0
37.2325,110.0,326.0
37.2377,-108.0,324.0
37.2438,-92.0,320.0
37.2475,5.0,314.0
37.2526,36.0,310.0
37.2575,68.0,304.0
37.2625,45.0,302.0
37.2677,-82.0,298.0
37.2727,-133.0,296.0
37.2776,65.0,296.0
37.2827,179.0,296.0
37.2879,-54.0,296.0
37.2929,-147.0,298.0
37.2976,38.0,298.0
37.3027,42.0,296.0
37.3077,-24.0,292.0
37.3126,104.0,294.0
37.3176,85.0,288.0
37.3228,-219.0,292.0
37.328,-250.0,290.0
37.3325,223.0,290.0
37.3376,416.0,294.0
37.3436,-118.0,292.0
37.3476,-428.0,298.0
37.3526,14.0,294.0
37.3576,276.0,296.0
37.3627,2.0,292.0
37.3676,-104.0,290.0
37.3726,19.0,286.0
37.3775,1.0,284.0
37.3825,-18.0,280.0
37.3876,75.0,282.0
37.3925,48.0,280.0
37.3976,-126.0,278.0
37.4026,-135.0,278.0
37.4078,54.0,274.0
37.4129,167.0,276.0
37.4176,127.0,272.0
37.4226,-80.0,272.0
37.4276,-254.0,270.0
37.4326,-42.0,270.0
37.4379,188.0,270.0
37.4426,77.0,268.0
37.4475,37.0,268.0
37.4525,30.0,262.0
37.4577,-261.0,264.0
37.4626,-203.0,262.0
37.4676,352.0,264.0
37.4726,253.0,266.0
37.4776,-332.0,266.0
37.4828,-94.0,268.0
37.4878,340.0,270.0
37.4927,-109.0,272.0
37.4976,-432.0,276.0
37.5026,114.0,276.0
37.5077,477.0,280.0
37.5125,94.0,278.0
37.5176,-335.0,282.0
37.5227,-292.0,282.0
37.5278,76.0,284.0
37.5328,323.0,286.0
37.5376,110.0,284.0
37.5426,-250.0,286.0
37.5477,-161.0,286.0
37.5527,192.0,286.0
37.5576,166.0,286.0
37.5625,-172.0,286.0
37.5676,-236.0,290.0
37.5726,136.0,288.0
37.5799,355.0,294.0
37.5826,-57.0,290.0
37.5887,-378.0,294.0
37.5926,-3.0,290.0
37.5978,226.0,288.0
37.6026,-31.0,284.0
37.6076,-39.0,280.0
37.6128,133.0,280.0
37.6176,50.0,276.0
37.6226,-156.0,276.0
37.6277,-288.0,280.0
37.6326,12.0,278.0
37.6376,515.0,284.0
37.6427,154.0,282.0
37.6491,-529.0,290.0
37.6526,-120.0,286.0
37.6592,400.0,292.0
37.6636,-116.0,290.0
37.6676,-304.0,292.0
37.6733,313.0,298.0
37.6779,267.0,300.0
37.6828,-300.0,302.0
37.6876,-191.0,304.0
37.6926,160.0,304.0
37.6975,54.0,302.0
37.7026,-66.0,302.0
37.7076,49.0,300.0
37.7126,85.0,300.0
37.7176,-42.0,302.0
37.7226,-171.0,302.0
37.7278,-69.0,302.0
37.7326,237.0,304.0
37.7376,216.0,306.0
37.7426,-218.0,310.0
37.7475,-314.0,314.0
37.7526,137.0,316.0
37.7579,312.0,318.0
37.7627,-65.0,320.0
37.7676,-222.0,320.0
37.7726,24.0,320.0
37.7776,74.0,318.0
37.7827,-1.0,314.0
37.7878,120.0,314.0
37.7928,12.0,310.0
37.7976,-289.0,314.0
37.8026,-62.0,312.0
37.8075,303.0,316.0
37.8127,101.0,316.0
37.8178,-163.0,316.0
37.8228,-88.0,316.0
37.8276,7.0,316.0
37.8326,40.0,314.0
37.8376,100.0,312.0
37.8426,35.0,312.0
37.8477,-184.0,310.0
37.8526,-141.0,312.0
37.8576,229.0,312.0
37.8626,244.0,314.0
37.8676,-192.0,314.0
37.8727,-289.0,318.0
37.8776,65.0,318.0
37.8826,230.0,320.0
37.8876,82.0,320.0
37.8928,-89.0,322.0
37.8976,-145.0,322.0
37.9027,-20.0,322.0
37.9076,87.0,322.0
37.9126,-16.0,320.0
37.9175,1.0,320.0
37.9226,194.0,320.0
37.9279,-2.0,318.0
37.9328,-394.0,322.0
37.9376,-98.0,324.0
37.9426,512.0,330.0
37.9476,202.0,334.0
37.9526,-530.0,340.0
37.9576,-245.0,342.0
37.9628,455.0,346.0
37.9676,249.0,346.0
37.9726,-286.0,348.0
37.9776,-213.0,344.0
37.9826,70.0,344.0
37.9876,130.0,338.0
37.9925,74.0,340.0
37.9976,-58.0,336.0
38.0027,-86.0,338.0
38.0076,37.0,336.0
38.0126,41.0,338.0
38.0176,-17.0,338.0
38.0226,-48.0,338.0
38.0276,-69.0,338.0
38.0326,109.0,338.0
38.0376,214.0,340.0
38.0429,-148.0,340.0
38.0477,-333.0,344.0
38.0527,109.0,344.0
38.058,343.0,346.0
38.0625,-6.0,346.0
38.0679,-251.0,346.0
38.0727,-84.0,346.0
38.0777,152.0,346.0
38.0828,115.0,346.0
38.0878,-131.0,348.0
38.0928,-147.0,350.0
38.098,172.0,348.0
38.1031,227.0,348.0
38.108,-207.0,346.0
38.1128,-287.0,348.0
38.1177,188.0,344.0
38.123,244.0,348.0
38.1284,-116.0,344.0
38.1328,-137.0,344.0
38.1378,39.0,338.0
38.1426,61.0,338.0
38.1477,5.0,330.0
38.1529,-20.0,328.0
38.1583,-32.0,324.0
38.1632,-64.0,320.0
38.1676,55.0,320.0
38.1726,181.0,318.0
38.1778,-54.0,316.0
38.1829,-195.0,316.0
38.188,52.0,314.0
38.1931,51.0,312.0
38.1983,-90.0,310.0
38.2035,134.0,310.0
38.2079,143.0,308.0
38.2129,-222.0,310.0
38.2181,-169.0,308.0
38.223,191.0,310.0
38.2282,172.0,306.0
38.2328,-100.0,308.0
38.2377,-163.0,306.0
38.2432,16.0,306.0
38.2482,129.0,308.0
38.2531,11.0,306.0
38.2576,-57.0,306.0
38.2631,51.0,304.0
38.2679,-47.0,300.0
38.2735,-195.0,304.0
38.2775,124.0,298.0
38.2827,317.0,300.0
38.2876,-119.0,294.0
38.2926,-280.0,296.0
38.298,101.0,292.0
38.3031,99.0,292.0
38.3076,-169.0,288.0
38.3127,45.0,284.0
38.3177,250.0,284.0
38.3228,-56.0,280.0
38.3284,-180.0,280.0
38.3331,39.0,278.0
38.3376,-40.0,278.0
38.3429,-114.0,280.0
38.3476,243.0,282.0
38.3526,227.0,284.0
38.3581,-279.0,288.0
38.3634,-244.0,290.0
38.3686,136.0,290.0
38.3726,120.0,288.0
38.3781,56.0,286.0
38.3828,65.0,284.0
38.3881,-133.0,280.0
38.3931,-180.0,282.0
38.3977,59.0,278.0
38.4029,161.0,280.0
38.4078,19.0,276.0
38.4131,-80.0,276.0
38.4182,27.0,276.0
38.4234,61.0,276.0
38.4281,-125.0,276.0
38.4329,-114.0,278.0
38.4378,135.0,276.0
38.4436,140.0,278.0
38.4476,-71.0,274.0
38.4526,-108.0,274.0
38.4577,23.0,272.0
38.4628,87.0,272.0
38.4689,2.0,272.0
38.4726,-102.0,272.0
38.4779,-53.0,272.0
38.4827,93.0,272.0
38.4875,139.0,272.0
38.4929,-22.0,270.0
38.4977,-244.0,270.0
38.5031,-100.0,268.0
38.5076,321.0,270.0
38.5131,245.0,270.0
38.5178,-313.0,274.0
38.5228,-316.0,274.0
38.5283,251.0,278.0
38.5332,213.0,280.0
38.5375,-245.0,280.0
38.5431,20.0,280.0
38.5478,331.0,284.0
38.5529,-210.0,288.0
38.5576,-429.0,294.0
38.5627,216.0,294.0
38.5678,432.0,302.0
38.5732,-62.0,296.0
38.578,-285.0,300.0
38.5826,-80.0,292.0
38.5876,63.0,290.0
38.5925,59.0,282.0
38.5975,78.0,280.0
38.6028,118.0,276.0
38.608,-85.0,272.0
38.6132,-323.0,274.0
38.6175,10.0,270.0
38.6235,429.0,276.0
38.628,92.0,274.0
38.6328,-385.0,280.0
38.6378,-142.0,282.0
38.6433,250.0,284.0
38.6475,57.0,284.0
38.6528,-144.0,286.0
38.6579,128.0,288.0
38.6626,125.0,288.0
38.6678,-290.0,292.0
38.6752,-162.0,292.0
38.6776,316.0,294.0
38.6825,198.0,296.0
38.6889,-166.0,292.0
38.6938,-180.0,294.0
38.6989,-93.0,290.0
38.7033,82.0,290.0
38.7081,297.0,292.0
38.7127,50.0,292.0
38.7178,-315.0,294.0
38.7231,-133.0,294.0
38.7281,188.0,294.0
38.7333,111.0,294.0
38.7375,-83.0,292.0
38.7428,-44.0,290.0
38.7478,104.0,288.0
38.753,41.0,284.0
38.7582,-194.0,284.0
38.7626,-93.0,282.0
38.7676,223.0,284.0
38.7728,67.0,282.0
38.7776,-170.0,284.0
38.7829,102.0,286.0
38.7886,143.0,288.0
38.7926,-278.0,292.0
38.7978,-194.0,294.0
38.8028,291.0,298.0
38.8077,212.0,300.0
38.8132,-186.0,300.0
38.818,-118.0,302.0
38.8234,135.0,300.0
38.8277,24.0,300.0
38.8329,-142.0,302.0
38.8381,-54.0,300.0
38.843,71.0,300.0
38.8475,149.0,300.0
38.8533,71.0,298.0
38.8578,-180.0,298.0
38.8628,-93.0,296.0
38.8676,148.0,296.0
38.8726,-98.0,296.0
38.8782,-170.0,296.0
38.8831,358.0,302.0
38.8877,292.0,304.0
38.8929,-477.0,312.0
38.8979,-399.0,316.0
38.9031,409.0,322.0
38.9076,355.0,326.0
38.9127,-276.0,328.0
38.9175,-170.0,328.0
38.9228,203.0,328.0
38.928,-9.0,326.0
38.9337,-157.0,324.0
38.9375,73.0,322.0
38.9427,40.0,322.0
38.9477,-56.0,320.0
38.953,126.0,322.0
38.9582,45.0,318.0
38.9631,-229.0,322.0
38.9679,-43.0,318.0
38.9726,242.0,322.0
38.9777,39.0,322.0
38.9825,-222.0,324.0
38.989,-78.0,322.0
38.9927,153.0,320.0
38.9984,146.0,318.0
39.0031,3.0,314.0
39.0078,-134.0,314.0
39.013,-165.0,314.0
39.0176,11.0,314.0
39.0231,170.0,316.0
39.0279,98.0,316.0
39.0327,-5.0,312.0
39.0376,-109.0,314.0
39.0434,-192.0,314.0
39.048,52.0,314.0
39.0534,328.0,318.0
39.0577,65.0,318.0
39.0627,-370.0,324.0
39.068,-268.0,326.0
39.0726,265.0,328.0
39.0776,450.0,334.0
39.0829,-20.0,332.0
39.0877,-445.0,338.0
39.0928,-207.0,338.0
39.0976,256.0,342.0
39.1026,256.0,344.0
39.1077,-72.0,346.0
39.1128,-143.0,346.0
39.1176,52.0,346.0
39.1227,-3.0,346.0
39.1278,-208.0,346.0
39.1326,74.0,348.0
39.1376,439.0,350.0
39.1425,1.0,348.0
39.1476,-596.0,352.0
39.1526,-207.0,352.0
39.1576,560.0,356.0
39.1627,382.0,358.0
39.1676,-368.0,360.0
39.1726,-367.0,362.0
39.1776,195.0,360.0
39.1826,184.0,364.0
39.1877,-153.0,360.0
39.1927,33.0,358.0
39.1976,204.0,354.0
39.2026,-197.0,354.0
39.2076,-275.0,352.0
39.2126,290.0,354.0
39.2176,330.0,356.0
39.2228,-306.0,360.0
39.2277,-330.0,364.0
39.2325,254.0,366.0
39.2375,252.0,370.0
39.2427,-158.0,370.0
39.2476,-111.0,370.0
39.2527,33.0,366.0
39.2576,-59.0,366.0
39.2625,82.0,360.0
39.2676,222.0,364.0
39.2726,-120.0,358.0
39.2776,-310.0,362.0
39.2826,58.0,358.0
39.2903,256.0,362.0
39.2925,39.0,360.0
39.2978,-85.0,360.0
39.3028,-63.0,358.0
39.3076,-39.0,354.0
39.3127,0.0,352.0
39.3176,-38.0,348.0
39.3225,5.0,344.0
39.3277,248.0,346.0
39.3325,138.0,346.0
39.3376,-349.0,350.0
39.3426,-285.0,352.0
39.3477,274.0,352.0
39.3526,289.0,356.0
39.3576,-179.0,354.0
39.3627,-230.0,356.0
39.3676,132.0,354.0
39.3726,202.0,356.0
39.3775,-40.0,354.0
39.3826,-141.0,356.0
39.3876,-90.0,356.0
39.3925,7.0,356.0
39.3975,138.0,354.0
39.4026,112.0,356.0
39.4075,-82.0,352.0
39.4128,-167.0,354.0
39.4177,11.0,352.0
39.4227,192.0,354.0
39.4278,12.0,352.0
39.4328,-198.0,350.0
39.4376,33.0,348.0
39.4428,167.0,346.0
39.4477,-104.0,344.0
39.4528,-78.0,342.0
39.4575,93.0,342.0
39.4626,-102.0,342.0
39.4678,-6.0,342.0
39.4726,337.0,344.0
39.4776,-19.0,344.0
39.4826,-480.0,350.0
39.4878,-47.0,348.0
39.4927,448.0,354.0
39.4976,74.0,352.0
39.5026,-326.0,356.0
39.5076,14.0,354.0
39.5127,228.0,356.0
39.5176,-149.0,356.0
39.5226,-177.0,354.0
39.5279,237.0,352.0
39.5327,140.0,346.0
39.5376,-221.0,344.0
39.5425,-89.0,340.0
39.5476,99.0,336.0
39.5525,-9.0,330.0
39.5577,48.0,330.0
39.5628,148.0,328.0
39.5676,-137.0,330.0
39.5726,-246.0,332.0
39.5775,192.0,334.0
39.5826,270.0,338.0
39.5877,-275.0,340.0
39.5927,-288.0,344.0
39.5983,319.0,348.0
39.6037,318.0,348.0
39.6079,-181.0,350.0
39.6126,-268.0,352.0
39.6176,-94.0,352.0
39.6226,119.0,350.0
39.6277,291.0,354.0
39.6325,-5.0,352.0
39.6377,-305.0,354.0
39.6427,20.0,354.0
39.6476,229.0,356.0
39.6527,-87.0,354.0
39.6575,-152.0,356.0
39.6647,96.0,356.0
39.6676,58.0,354.0
39.6726,-36.0,356.0
39.6776,106.0,356.0
39.6826,-35.0,352.0
39.6877,-316.0,358.0
39.6934,54.0,352.0
39.6978,418.0,358.0
39.7026,-35.0,354.0
39.7076,-314.0,354.0
39.7126,63.0,350.0
39.7176,126.0,346.0
39.7226,-136.0,348.0
39.7277,-43.0,342.0
39.7326,157.0,340.0
39.7375,82.0,338.0
39.7426,-101.0,336.0
39.7476,-101.0,336.0
39.7525,63.0,334.0
39.7577,19.0,334.0
39.7627,-106.0,336.0
39.7677,116.0,334.0
39.7725,188.0,336.0
39.7776,-225.0,332.0
39.7825,-261.0,336.0
39.7877,271.0,332.0
39.7929,316.0,334.0
39.7978,-257.0,328.0
39.8026,-335.0,328.0
39.8079,199.0,326.0
39.8126,288.0,324.0
39.8177,-116.0,322.0
39.8227,-165.0,322.0
39.8277,69.0,320.0
39.8325,5.0,320.0
39.8376,-148.0,320.0
39.8429,58.0,318.0
39.8476,313.0,318.0
39.8527,78.0,314.0
39.8576,-334.0,314.0
39.8626,-312.0,314.0
39.8676,52.0,310.0
39.8726,398.0,312.0
39.8776,388.0,314.0
39.8826,-228.0,316.0
39.8878,-662.0,324.0
39.8925,-61.0,326.0
39.8976,580.0,334.0
39.9026,227.0,336.0
39.9076,-251.0,336.0
39.9126,-134.0,336.0
39.9176,-26.0,332.0
39.9227,-130.0,332.0
39.9277,54.0,330.0
39.9328,329.0,334.0
39.9376,85.0,334.0
39.9426,-301.0,338.0
39.9476,-152.0,340.0
39.9527,98.0,342.0
39.9578,24.0,342.0
39.9625,93.0,342.0
39.9676,177.0,342.0
39.9725,-129.0,342.0
39.9775,-248.0,340.0
39.9826,38.0,336.0
39.9876,133.0,334.0
39.9926,18.0,330.0
39.9977,37.0,328.0
40.0026,69.0,324.0
40.0087,-106.0,324.0
40.0126,-262.0,326.0
40.0176,25.0,324.0
40.0226,417.0,330.0
40.0275,125.0,330.0
40.0326,-407.0,336.0
40.0376,-186.0,336.0
40.0428,272.0,340.0
40.0477,82.0,340.0
40.0526,-175.0,340.0
40.0575,61.0,340.0
40.0625,177.0,340.0
40.0678,-83.0,340.0
40.0727,-201.0,342.0
40.0777,-10.0,340.0
40.0828,199.0,342.0
40.0875,126.0,342.0
40.0927,-190.0,344.0
40.0976,-221.0,346.0
40.1025,171.0,346.0
40.1084,281.0,350.0
40.1126,-119.0,348.0
40.1176,-269.0,352.0
40.1226,70.0,344.0
40.1279,178.0,346.0
40.1328,-60.0,340.0
40.1376,-70.0,340.0
40.1425,32.0,336.0
40.1475,-21.0,336.0
40.1526,83.0,334.0
40.1578,109.0,334.0
40.1626,-237.0,334.0
40.1676,-159.0,332.0
40.1725,295.0,336.0
40.1775,112.0,334.0
40.1826,-193.0,336.0
40.1875,-2.0,334.0
40.1928,-1.0,334.0
40.1976,-77.0,334.0
40.2026,173.0,334.0
40.2086,83.0,334.0
40.2126,-265.0,334.0
40.2175,-44.0,332.0
40.2226,303.0,332.0
40.2277,23.0,328.0
40.2326,-357.0,330.0
40.2377,-91.0,326.0
40.2428,426.0,328.0
40.2477,255.0,328.0
40.2528,-424.0,332.0
40.2576,-385.0,336.0
40.2625,325.0,338.0
40.2676,339.0,340.0
40.2727,-222.0,342.0
40.2778,-161.0,340.0
40.2828,195.0,344.0
40.2877,17.0,340.0
40.2926,-203.0,342.0
40.2976,17.0,340.0
40.3028,126.0,340.0
40.3076,-8.0,340.0
40.3133,60.0,340.0
40.3175,32.0,338.0
40.3226,-215.0,342.0
40.3278,-85.0,338.0
40.3327,199.0,340.0
40.3376,104.0,336.0
40.3426,-67.0,336.0
40.3478,-61.0,332.0
40.3526,-29.0,332.0
40.3578,26.0,330.0
40.3627,65.0,328.0
40.3676,-70.0,330.0
40.3725,-127.0,328.0
40.3775,174.0,330.0
40.3827,270.0,332.0
40.3876,-262.0,336.0
40.3928,-448.0,342.0
40.3976,266.0,346.0
40.4026,528.0,352.0
40.4075,-192.0,352.0
40.4127,-376.0,356.0
40.4183,120.0,354.0
40.4226,32.0,350.0
40.4277,-90.0,348.0
40.4326,278.0,348.0
40.4375,57.0,344.0
40.4426,-366.0,344.0
40.4475,-1.0,342.0
40.4528,245.0,340.0
40.4575,-57.0,340.0
40.4625,-74.0,338.0
40.4677,113.0,340.0
40.4726,1.0,340.0
40.4776,-144.0,338.0
40.4825,-25.0,338.0
40.4875,120.0,336.0
40.4926,34.0,334.0
40.4976,-45.0,330.0
40.5025,59.0,326.0
40.5076,-63.0,326.0
40.5126,-263.0,324.0
40.5192,149.0,320.0
40.5225,507.0,324.0
40.5279,-133.0,316.0
40.5325,-654.0,326.0
40.5375,5.0,316.0
40.5426,595.0,322.0
40.5476,152.0,322.0
40.5526,-376.0,324.0
40.5579,-259.0,328.0
40.5628,153.0,328.0
40.5676,303.0,332.0
40.5725,-27.0,328.0
40.5775,-323.0,332.0
40.5825,-10.0,328.0
40.5876,352.0,330.0
40.5927,-6.0,328.0
40.5976,-371.0,334.0
40.6026,49.0,334.0
40.6076,327.0,336.0
40.6126,-71.0,336.0
40.619,-215.0,334.0
40.6229,46.0,334.0
40.6276,106.0,334.0
40.6325,21.0,334.0
40.6384,-55.0,334.0
40.6431,-98.0,336.0
40.6475,64.0,334.0
40.6526,142.0,332.0
40.6579,-140.0,334.0
40.6626,-165.0,330.0
40.6675,241.0,332.0
40.6727,208.0,330.0
40.6777,-267.0,330.0
40.6826,-248.0,330.0
40.6875,191.0,332.0
40.6926,226.0,332.0
40.6976,-104.0,334.0
40.7028,-167.0,334.0
40.7076,55.0,332.0
40.7127,144.0,332.0
40.7176,24.0,332.0
40.7235,-160.0,332.0
40.7277,-173.0,332.0
40.7328,136.0,332.0
40.7376,272.0,332.0
40.7425,-73.0,330.0
40.7475,-199.0,330.0
40.7526,147.0,330.0
40.7579,54.0,326.0
40.7626,-447.0,332.0
40.7676,-69.0,330.0
40.7727,728.0,340.0
40.7775,267.0,344.0
40.7826,-683.0,354.0
40.7878,-416.0,360.0
40.7928,349.0,364.0
40.7976,341.0,368.0
40.8025,-78.0,366.0
40.8076,-154.0,366.0
40.8126,102.0,362.0
40.8178,116.0,362.0
40.8237,-262.0,364.0
40.8286,-267.0,368.0
40.8325,271.0,372.0
40.8377,369.0,376.0
40.8429,-102.0,376.0
40.8476,-263.0,378.0
40.8528,-47.0,374.0
40.8575,33.0,374.0
40.8625,59.0,370.0
40.8677,150.0,372.0
40.8726,9.0,368.0
40.8777,-191.0,370.0
40.8825,-51.0,364.0
40.8875,103.0,360.0
40.8925,-22.0,354.0
40.8975,36.0,350.0
40.9026,258.0,348.0
40.9077,-121.0,344.0
40.9127,-529.0,350.0
40.9176,114.0,348.0
40.9228,604.0,356.0
40.9279,-109.0,356.0
40.9327,-481.0,360.0
40.9376,171.0,364.0
40.9425,386.0,368.0
40.9476,-177.0,370.0
40.9525,-365.0,374.0
40.9577,34.0,374.0
40.9628,262.0,376.0
40.968,122.0,376.0
40.9725,-56.0,374.0
40.9776,-132.0,374.0
40.9828,-71.0,374.0
40.9877,66.0,374.0
40.9926,21.0,374.0
40.9976,-130.0,376.0
41.0026,49.0,376.0
41.0076,342.0,380.0
41.0126,73.0,380.0
41.0176,-436.0,384.0
41.0227,-358.0,384.0
41.0276,209.0,384.0
41.0331,541.0,386.0
41.0378,153.0,384.0
41.0429,-484.0,382.0
41.0476,-298.0,384.0
41.0526,342.0,384.0
41.0577,166.0,384.0
41.0625,-306.0,388.0
41.0676,-5.0,388.0
41.0727,369.0,388.0
41.0777,4.0,388.0
41.0828,-417.0,388.0
41.0876,-161.0,392.0
41.0925,341.0,392.0
41.0975,361.0,398.0
41.1028,-105.0,398.0
41.1076,-453.0,404.0
41.1126,-180.0,406.0
41.1175,375.0,410.0
41.1225,337.0,414.0
41.1276,-251.0,416.0
41.1326,-329.0,422.0
41.1376,245.0,424.0
41.1426,310.0,428.0
41.1477,-308.0,432.0
41.1526,-385.0,434.0
41.1576,236.0,436.0
41.1626,439.0,434.0
41.1676,12.0,432.0
41.1726,-324.0,428.0
41.1776,-259.0,432.0
41.1825,82.0,424.0
41.1877,337.0,426.0
41.1927,141.0,422.0
41.1976,-220.0,422.0
41.2026,-245.0,424.0
41.2075,8.0,418.0
41.2125,175.0,422.0
41.2176,102.0,418.0
41.2226,12.0,418.0
41.2275,19.0,412.0
41.2327,-116.0,414.0
41.2377,-258.0,412.0
41.2429,26.0,412.0
41.2477,341.0,412.0
41.2526,100.0,412.0
41.2576,-174.0,412.0
41.2627,-59.0,412.0
41.2677,-47.0,412.0
41.2728,-140.0,414.0
41.2776,103.0,414.0
41.2825,327.0,418.0
41.2876,0.0,416.0
41.2926,-372.0,420.0
41.2976,-110.0,420.0
41.3026,290.0,422.0
41.3076,177.0,420.0
41.3126,-166.0,420.0
41.3176,-243.0,420.0
41.3226,58.0,416.0
41.3276,287.0,418.0
41.3325,-4.0,414.0
41.3376,-256.0,418.0
41.3426,16.0,414.0
41.3475,165.0,416.0
41.3527,-45.0,414.0
41.3579,-59.0,416.0
41.3628,52.0,414.0
41.3676,-57.0,412.0
41.3725,-53.0,410.0
41.3777,175.0,410.0
41.3826,21.0,408.0
41.3877,-259.0,410.0
41.3928,121.0,408.0
41.3976,353.0,414.0
41.4026,-326.0,412.0
41.4075,-493.0,418.0
41.4126,413.0,414.0
41.4177,581.0,418.0
41.4228,-301.0,412.0
41.4276,-520.0,414.0
41.4325,112.0,410.0
41.4381,354.0,410.0
41.4427,-3.0,410.0
41.4477,-221.0,410.0
41.4528,-18.0,408.0
41.4577,179.0,410.0
41.4625,44.0,406.0
41.4677,-118.0,404.0
41.4727,-55.0,400.0
41.4777,-22.0,396.0
41.4827,-37.0,394.0
41.4876,100.0,392.0
41.4926,195.0,394.0
41.4976,-13.0,394.0
41.5027,-302.0,398.0
41.5078,-122.0,398.0
41.5127,355.0,402.0
41.5175,162.0,402.0
41.5226,-406.0,408.0
41.5276,-75.0,408.0
41.5327,431.0,414.0
41.5376,-89.0,414.0
41.5426,-412.0,416.0
41.5477,217.0,418.0
41.5527,363.0,416.0
41.5576,-213.0,418.0
41.5626,-218.0,412.0
41.5675,178.0,412.0
41.5725,-21.0,406.0
41.5775,-270.0,406.0
41.5827,137.0,402.0
41.5876,378.0,406.0
41.5926,9.0,400.0
41.5975,-248.0,404.0
41.6025,-200.0,402.0
41.6075,-105.0,402.0
41.6126,137.0,404.0
41.6176,389.0,408.0
41.6227,125.0,408.0
41.6277,-411.0,414.0
41.6326,-285.0,418.0
41.6376,270.0,420.0
41.6426,206.0,422.0
41.6475,-169.0,420.0
41.6535,-13.0,420.0
41.6585,188.0,416.0
41.6657,-139.0,412.0
41.6676,-258.0,412.0
41.6725,162.0,406.0
41.6776,229.0,408.0
41.6827,-86.0,402.0
41.6877,-27.0,398.0
41.6926,64.0,394.0
41.6975,-208.0,394.0
41.7028,-158.0,392.0
41.7076,272.0,396.0
41.7126,205.0,394.0
41.7175,-152.0,396.0
41.7225,-66.0,390.0
41.7278,29.0,388.0
41.7325,-161.0,386.0
41.7375,-43.0,380.0
41.7426,262.0,382.0
41.7476,149.0,378.0
41.7526,-131.0,376.0
41.7578,-180.0,374.0
41.7626,-121.0,370.0
41.7676,46.0,368.0
41.7725,251.0,366.0
41.7775,142.0,364.0
41.7827,-140.0,362.0
41.7878,-218.0,360.0
41.7927,-78.0,356.0
41.7975,165.0,354.0
41.8026,212.0,352.0
41.8076,-98.0,352.0
41.8126,-222.0,350.0
41.8176,109.0,348.0
41.8225,202.0,350.0
41.8275,-189.0,348.0
41.8326,-191.0,348.0
41.8377,274.0,350.0
41.843,107.0,348.0
41.8476,-348.0,352.0
41.8526,83.0,352.0
41.8577,434.0,356.0
41.8626,-272.0,360.0
41.8678,-494.0,368.0
41.8726,325.0,372.0
41.8776,429.0,374.0
41.8828,-213.0,376.0
41.8879,-192.0,374.0
41.8925,26.0,374.0
41.8975,-131.0,372.0
41.9025,96.0,374.0
41.9075,339.0,378.0
41.9127,-128.0,378.0
41.9176,-290.0,380.0
41.9226,167.0,378.0
41.9275,62.0,380.0
41.9325,-236.0,376.0
41.9376,168.0,378.0
41.9426,219.0,376.0
41.9476,-325.0,380.0
41.9527,-78.0,378.0
41.9577,422.0,380.0
41.9632,-41.0,380.0
41.9676,-408.0,382.0
41.9725,35.0,382.0
41.978,203.0,382.0
41.9826,-13.0,382.0
41.9877,87.0,380.0
41.9926,113.0,382.0
41.9985,-206.0,384.0
42.0025,-236.0,386.0
42.0076,77.0,388.0
42.0126,199.0,390.0
42.0176,122.0,388.0
42.0225,-17.0,388.0
42.0279,-239.0,388.0
42.0326,-140.0,388.0
42.0375,263.0,386.0
42.0426,178.0,384.0
42.0475,-261.0,382.0
42.0526,-137.0,376.0
42.0578,270.0,372.0
42.0639,112.0,368.0
42.0679,-276.0,366.0
42.0726,-147.0,366.0
42.0779,248.0,364.0
42.0827,218.0,368.0
42.0876,-165.0,366.0
42.0926,-248.0,370.0
42.0975,45.0,368.0
42.1026,177.0,370.0
42.1075,37.0,368.0
42.1126,-60.0,368.0
42.1175,-46.0,370.0
42.1225,31.0,370.0
42.1276,73.0,368.0
42.1326,-112.0,368.0
42.1376,-213.0,370.0
42.1426,149.0,368.0
42.1476,391.0,372.0
42.1526,-4.0,366.0
42.1578,-437.0,372.0
42.1626,-252.0,368.0
42.1676,305.0,372.0
42.1726,415.0,372.0
42.1775,-117.0,372.0
42.1826,-356.0,372.0
42.1876,14.0,368.0
42.1926,140.0,366.0
42.1975,-19.0,362.0
42.2025,99.0,360.0
42.2075,64.0,358.0
42.2126,-314.0,362.0
42.2176,-104.0,360.0
42.2225,481.0,366.0
42.2275,123.0,362.0
42.2326,-532.0,370.0
42.2375,-102.0,368.0
42.2426,463.0,372.0
42.2475,52.0,370.0
42.2525,-369.0,374.0
42.2575,-14.0,368.0
42.2626,306.0,372.0
42.2676,4.0,366.0
42.2728,-239.0,364.0
42.2776,0.0,360.0
42.2825,151.0,360.0
42.2875,2.0,356.0
42.2926,-95.0,358.0
42.2977,-85.0,356.0
42.3026,53.0,356.0
42.3076,266.0,356.0
42.3126,61.0,354.0
42.3176,-410.0,356.0
42.3227,-217.0,358.0
42.3278,390.0,364.0
42.3325,280.0,368.0
42.3376,-248.0,368.0
42.3425,-198.0,368.0
42.3475,128.0,366.0
42.3527,62.0,364.0
42.3578,-112.0,364.0
42.3626,3.0,362.0
42.3677,144.0,364.0
42.3726,49.0,362.0
42.3776,-115.0,364.0
42.3828,-162.0,362.0
42.3876,4.0,360.0
42.3927,214.0,362.0
42.3975,88.0,360.0
42.4025,-150.0,360.0
42.4075,-71.0,360.0
42.4125,63.0,358.0
42.4177,9.0,356.0
42.4227,-48.0,354.0
42.4276,-42.0,352.0
42.4325,51.0,352.0
42.4375,192.0,352.0
42.4427,11.0,348.0
42.4476,-360.0,352.0
42.4528,-108.0,350.0
42.4576,457.0,356.0
42.4635,144.0,356.0
42.4686,-477.0,360.0
42.4725,-112.0,358.0
42.4776,441.0,362.0
42.4825,89.0,360.0
42.4876,-340.0,360.0
42.4926,-111.0,362.0
42.4978,182.0,358.0
42.5025,149.0,356.0
42.5076,-29.0,348.0
42.5126,-162.0,346.0
42.5175,-55.0,340.0
42.5226,129.0,338.0
42.5277,32.0,336.0
42.5327,-94.0,336.0
42.5376,100.0,336.0
42.5425,174.0,338.0
42.5476,-245.0,336.0
42.5526,-420.0,340.0
42.5578,217.0,340.0
42.5627,670.0,348.0
42.5676,55.0,348.0
42.5736,-656.0,354.0
42.5778,-387.0,358.0
42.5826,346.0,360.0
42.5879,510.0,362.0
42.5927,-12.0,362.0
42.5975,-369.0,360.0
42.6025,-87.0,362.0
42.6076,140.0,356.0
42.6126,-14.0,356.0
42.6177,4.0,354.0
42.6226,102.0,354.0
42.6276,-49.0,354.0
42.6327,-69.0,354.0
42.6375,74.0,352.0
42.6426,-8.0,348.0
42.6476,-121.0,348.0
42.6527,40.0,346.0
42.6575,155.0,346.0
42.6625,-21.0,346.0
42.6676,-137.0,346.0
42.6725,-18.0,344.0
42.6776,71.0,340.0
42.6831,51.0,338.0
42.6875,11.0,334.0
42.6926,-56.0,334.0
42.6984,-72.0,330.0
42.7024,36.0,328.0
42.7077,53.0,326.0
42.7126,-26.0,324.0
42.7175,79.0,320.0
42.7225,74.0,318.0
42.7275,-259.0,320.0
42.7325,-198.0,320.0
42.7376,340.0,324.0
42.7425,321.0,326.0
42.7476,-251.0,330.0
42.7529,-306.0,334.0
42.7579,107.0,334.0
42.7626,136.0,336.0
42.7676,-95.0,336.0
42.7726,65.0,336.0
42.7776,230.0,336.0
42.7827,-204.0,336.0
42.7875,-348.0,336.0
42.7927,273.0,340.0
42.7975,325.0,338.0
42.8027,-278.0,338.0
42.8075,-205.0,338.0
42.8126,239.0,334.0
42.8176,81.0,334.0
42.8228,-218.0,332.0
42.8275,-5.0,332.0
42.8326,256.0,334.0
42.8375,-14.0,334.0
42.843,-286.0,336.0
42.8475,28.0,336.0
42.8526,217.0,334.0
42.858,-73.0,334.0
42.8626,-59.0,328.0
42.8676,116.0,326.0
42.873,-106.0,320.0
42.8776,-118.0,320.0
42.8827,216.0,316.0
42.8876,88.0,318.0
42.8926,-247.0,316.0
42.8976,-37.0,316.0
42.9029,212.0,314.0
42.9075,-44.0,314.0
42.9126,-150.0,314.0
42.9175,157.0,316.0
42.9224,93.0,316.0
42.9275,-279.0,320.0
42.9326,-54.0,318.0
42.9375,379.0,324.0
42.9425,47.0,324.0
42.9476,-408.0,326.0
42.9527,-79.0,326.0
42.9575,321.0,324.0
42.9626,98.0,322.0
42.9676,-177.0,320.0
42.9735,-59.0,316.0
42.9784,121.0,314.0
42.9826,24.0,310.0
42.9877,-188.0,312.0
42.9926,-96.0,312.0
42.9975,229.0,314.0
43.0025,242.0,318.0
43.0075,-114.0,318.0
43.0126,-302.0,322.0
43.0175,-80.0,320.0
43.0225,194.0,322.0
43.0276,194.0,324.0
43.0325,12.0,322.0
43.0375,-171.0,322.0
43.043,-210.0,324.0
43.0475,64.0,324.0
43.0525,321.0,328.0
43.0575,41.0,328.0
43.0625,-347.0,332.0
43.0676,-73.0,334.0
43.0727,361.0,338.0
43.0783,37.0,336.0
43.0825,-424.0,342.0
43.0876,-21.0,336.0
43.0928,500.0,342.0
43.0978,85.0,336.0
43.1027,-468.0,342.0
43.1079,-180.0,338.0
43.1126,253.0,340.0
43.1176,192.0,336.0
43.1225,29.0,334.0
43.1276,-98.0,330.0
43.1326,-194.0,332.0
43.1375,10.0,330.0
43.1425,218.0,330.0
43.1476,-21.0,330.0
43.1526,-199.0,332.0
43.1576,121.0,332.0
43.1625,197.0,334.0
43.1675,-272.0,336.0
43.1725,-220.0,338.0
43.1775,398.0,344.0
43.1828,233.0,344.0
43.1876,-397.0,346.0
43.1926,-138.0,342.0
43.1977,275.0,344.0
43.2027,-96.0,334.0
43.2077,-151.0,336.0
43.2126,318.0,330.0
43.2177,97.0,326.0
43.2228,-341.0,326.0
43.2275,-73.0,320.0
43.2326,152.0,322.0
43.2376,15.0,316.0
43.2428,111.0,316.0
43.2476,91.0,316.0
43.2528,-321.0,320.0
43.2575,-235.0,324.0
43.2625,395.0,328.0
43.2677,372.0,334.0
43.2726,-272.0,336.0
43.2776,-420.0,342.0
43.2825,-26.0,342.0
43.2876,299.0,346.0
43.2926,311.0,350.0
43.2978,-10.0,348.0
43.3027,-364.0,352.0
43.3076,-305.0,356.0
43.3126,162.0,358.0
43.3176,439.0,364.0
43.3225,111.0,364.0
43.3278,-273.0,368.0
43.3328,-240.0,370.0
43.3375,-83.0,372.0
43.3426,143.0,372.0
43.3476,379.0,378.0
43.3525,82.0,378.0
43.3578,-461.0,384.0
43.3628,-273.0,388.0
43.3675,348.0,390.0
43.3725,319.0,392.0
43.3775,-114.0,388.0
43.3831,-174.0,386.0
43.3876,-138.0,384.0
43.3926,-134.0,380.0
43.3976,243.0,382.0
43.4025,424.0,388.0
43.4075,-121.0,388.0
43.4127,-437.0,394.0
43.4176,-63.0,392.0
43.4226,137.0,390.0
43.4276,69.0,386.0
43.4328,186.0,384.0
43.4377,108.0,380.0
43.4426,-233.0,380.0
43.4475,-234.0,380.0
43.4526,44.0,378.0
43.4575,168.0,380.0
43.4625,100.0,378.0
43.4675,-23.0,378.0
43.4727,-42.0,374.0
43.4776,-36.0,374.0
43.4825,-86.0,372.0
43.4885,-9.0,372.0
43.4925,50.0,368.0
43.4978,55.0,368.0
43.5028,205.0,370.0
43.5075,30.0,370.0
43.5127,-479.0,374.0
43.5177,-223.0,376.0
43.523,553.0,382.0
43.5283,325.0,386.0
43.5331,-412.0,388.0
43.5376,-183.0,390.0
43.5424,207.0,390.0
43.5475,-120.0,392.0
43.5527,-53.0,390.0
43.5584,373.0,394.0
43.563,-61.0,392.0
43.5678,-461.0,396.0
43.5728,172.0,398.0
43.5778,432.0,398.0
43.5831,-267.0,402.0
43.5892,-354.0,400.0
43.5931,320.0,404.0
43.5977,243.0,404.0
43.6026,-323.0,408.0
43.6075,-84.0,406.0
43.6131,288.0,410.0
43.6186,-122.0,410.0
43.623,-255.0,412.0
43.628,330.0,414.0
43.6327,225.0,416.0
43.638,-448.0,420.0
43.6431,-116.0,418.0
43.6479,436.0,424.0
43.653,-135.0,420.0
43.6577,-348.0,426.0
43.6675,423.0,428.0
43.6677,246.0,430.0
43.6736,-535.0,438.0
43.6775,-98.0,436.0
43.6833,414.0,440.0
43.6877,-128.0,440.0
43.6928,-220.0,440.0
43.6983,362.0,444.0
43.7025,137.0,440.0
43.7076,-463.0,446.0
43.7126,-190.0,444.0
43.7177,352.0,450.0
43.7227,209.0,446.0
43.7284,-100.0,448.0
43.733,-24.0,440.0
43.7376,-79.0,440.0
43.7427,-266.0,436.0
43.7478,37.0,434.0
43.7529,350.0,436.0
43.758,98.0,434.0
43.7633,-128.0,436.0
43.7675,-59.0,436.0
43.7727,-116.0,434.0
43.778,-205.0,436.0
43.7828,67.0,434.0
43.7887,430.0,440.0
43.7931,220.0,442.0
43.7975,-391.0,446.0
43.8027,-384.0,448.0
43.8076,214.0,448.0
43.8129,216.0,448.0
43.8175,-158.0,444.0
43.8231,95.0,442.0
43.828,246.0,440.0
43.8328,-224.0,440.0
43.8377,-255.0,440.0
43.8431,112.0,440.0
43.8476,44.0,438.0
43.8525,-3.0,434.0
43.8575,225.0,436.0
43.8625,104.0,432.0
43.8679,-285.0,436.0
43.8725,-330.0,438.0
43.8777,71.0,440.0
43.8826,439.0,444.0
43.8878,263.0,446.0
43.893,-311.0,446.0
43.8978,-529.0,452.0
43.9028,24.0,446.0
43.9077,588.0,448.0
43.9126,239.0,448.0
43.9178,-399.0,448.0
43.9228,-299.0,452.0
43.9281,91.0,450.0
43.9334,132.0,446.0
43.9375,138.0,448.0
43.9428,84.0,444.0
43.9477,-222.0,442.0
43.9528,-152.0,442.0
43.9576,219.0,440.0
43.9631,62.0,438.0
43.9675,-196.0,438.0
43.9728,36.0,434.0
43.9781,186.0,436.0
43.9827,-60.0,434.0
43.9885,-204.0,432.0
43.9925,74.0,432.0
43.9977,288.0,428.0
44.003,-121.0,426.0
44.0077,-466.0,428.0
44.0128,119.0,426.0
44.0175,625.0,434.0
44.0231,-15.0,430.0
44.0288,-565.0,438.0
44.0327,-90.0,436.0
44.0378,256.0,436.0
44.043,57.0,430.0
44.0476,78.0,430.0
44.0539,106.0,426.0
44.0578,-192.0,428.0
44.0628,-220.0,428.0
44.0679,63.0,428.0
44.0725,122.0,428.0
44.078,119.0,428.0
44.0831,139.0,426.0
44.0877,-184.0,426.0
44.0928,-361.0,430.0
44.0985,124.0,430.0
44.1025,399.0,434.0
44.108,-35.0,434.0
44.1128,-289.0,438.0
44.1175,5.0,438.0
44.1227,158.0,438.0
44.1276,-46.0,440.0
44.133,-111.0,440.0
44.1375,77.0,440.0
44.1427,131.0,440.0
44.1477,-12.0,440.0
44.1529,-83.0,434.0
44.1582,-84.0,430.0
44.163,-99.0,424.0
44.1677,66.0,420.0
44.1727,282.0,418.0
44.1784,59.0,416.0
44.183,-306.0,418.0
44.1876,-112.0,418.0
44.193,180.0,420.0
44.1977,-10.0,414.0
44.2027,-24.0,414.0
44.2077,231.0,410.0
44.2129,-56.0,408.0
44.2177,-378.0,406.0
44.2225,34.0,404.0
44.2277,329.0,402.0
44.2324,23.0,398.0
44.2378,-151.0,396.0
44.2431,-62.0,392.0
44.2475,31.0,392.0
44.253,124.0,390.0
44.2578,-10.0,388.0
44.2627,-220.0,386.0
44.2679,-24.0,382.0
44.2727,234.0,382.0
44.278,89.0,376.0
44.2829,-71.0,376.0
44.2877,-60.0,370.0
44.2932,-179.0,370.0
44.2979,-87.0,366.0
44.3027,339.0,366.0
44.3075,174.0,364.0
44.3127,-333.0,362.0
44.3177,-47.0,360.0
44.3226,230.0,358.0
44.3283,-227.0,358.0
44.3326,-130.0,358.0
44.3376,464.0,360.0
44.3425,78.0,358.0
44.3477,-526.0,360.0
44.3529,-40.0,356.0
44.3589,401.0,358.0
44.3634,-31.0,354.0
44.3675,-190.0,356.0
44.3727,107.0,358.0
44.3775,-8.0,356.0
44.3826,-130.0,354.0
44.3887,172.0,356.0
44.393,131.0,354.0
44.3977,-299.0,356.0
44.403,-190.0,358.0
44.4077,332.0,362.0
44.4125,282.0,364.0
44.4182,-188.0,364.0
44.4225,-251.0,366.0
44.4276,-88.0,362.0
44.4327,-13.0,358.0
44.4377,278.0,356.0
44.4432,389.0,356.0
44.4475,-198.0,356.0
44.4531,-600.0,362.0
44.4577,-65.0,360.0
44.4627,513.0,368.0
44.4678,252.0,368.0
44.4734,-244.0,368.0
44.4775,-202.0,366.0
44.483,0.0,364.0
44.4875,-38.0,364.0
44.4925,96.0,366.0
44.4976,324.0,368.0
44.5026,-36.0,366.0
44.5077,-510.0,370.0
44.5126,-124.0,368.0
44.5176,471.0,374.0
44.5228,269.0,370.0
44.5277,-202.0,370.0
44.5326,-253.0,368.0
44.5375,-100.0,362.0
44.5425,65.0,362.0
44.5476,189.0,356.0
44.5528,99.0,354.0
44.5577,-34.0,348.0
44.5625,-27.0,344.0
44.5675,-138.0,346.0
44.5726,-255.0,348.0
44.5775,78.0,346.0
44.5827,454.0,352.0
44.5875,212.0,352.0
44.5925,-309.0,354.0
44.5975,-462.0,358.0
44.6025,-104.0,358.0
44.6074,444.0,362.0
44.6128,446.0,368.0
44.6176,-212.0,370.0
44.6225,-480.0,376.0
44.6275,0.0,372.0
44.6329,284.0,376.0
44.6376,59.0,372.0
44.6426,-61.0,372.0
44.6475,-27.0,364.0
44.6525,-122.0,364.0
44.6578,-18.0,356.0
44.6625,276.0,360.0
44.6675,90.0,352.0
44.6727,-320.0,356.0
44.6776,-157.0,354.0
44.6825,196.0,356.0
44.6877,131.0,356.0
44.6925,-2.0,356.0
44.6978,-29.0,352.0
44.7027,-141.0,352.0
44.7075,-50.0,352.0
44.7125,215.0,352.0
44.7175,87.0,352.0
44.7232,-245.0,354.0
44.7275,-151.0,354.0
44.7325,198.0,350.0
44.7375,225.0,352.0
44.7425,-37.0,346.0
44.7477,-161.0,348.0
44.7528,-120.0,346.0
44.7579,-77.0,348.0
44.7626,104.0,346.0
44.7675,292.0,350.0
44.7725,64.0,350.0
44.7776,-297.0,352.0
44.7827,-202.0,354.0
44.7877,130.0,356.0
44.7927,202.0,358.0
44.7975,41.0,358.0
44.8025,-128.0,358.0
44.8075,-126.0,358.0
44.8125,70.0,356.0
44.8175,178.0,356.0
44.8225,-13.0,352.0
44.8275,-267.0,354.0
44.8325,-103.0,354.0
44.8376,359.0,360.0
44.8427,224.0,362.0
44.8478,-384.0,364.0
44.8526,-225.0,368.0
44.8576,373.0,368.0
44.8625,95.0,368.0
44.8675,-403.0,370.0
44.8726,48.0,370.0
44.8776,434.0,374.0
44.8828,-147.0,376.0
44.8877,-363.0,380.0
44.8926,264.0,382.0
44.8977,205.0,386.0
44.9027,-417.0,388.0
44.9075,-68.0,390.0
44.9127,492.0,394.0
44.9175,-17.0,392.0
44.9226,-380.0,398.0
44.9277,91.0,398.0
44.9327,132.0,398.0
44.9375,-182.0,398.0
44.9425,77.0,394.0
44.9476,272.0,396.0
44.9526,-98.0,392.0
44.9578,-298.0,396.0
44.9626,-63.0,394.0
44.9675,202.0,394.0
44.9725,251.0,396.0
44.978,-30.0,388.0
44.9825,-305.0,392.0
44.9876,-96.0,386.0
44.9925,206.0,388.0
44.9975,130.0,384.0
45.0025,-55.0,384.0
45.0075,-115.0,382.0
45.0128,-57.0,382.0
45.0176,98.0,384.0
45.0235,124.0,384.0
45.0284,-97.0,382.0
45.0329,-163.0,382.0
45.0375,93.0,380.0
45.0427,150.0,378.0
45.0475,-58.0,374.0
45.0527,-72.0,372.0
45.0574,6.0,368.0
45.0629,-25.0,364.0
45.0675,-3.0,364.0
45.0725,69.0,364.0
45.0775,79.0,362.0
45.0829,-20.0,356.0
45.0875,-152.0,354.0
45.0925,-80.0,346.0
45.0976,110.0,348.0
45.1031,131.0,342.0
45.1075,22.0,338.0
45.1126,-101.0,336.0
45.1175,-123.0,334.0
45.1235,82.0,336.0
45.1283,131.0,338.0
45.1325,-144.0,338.0
45.1375,-79.0,334.0
45.1427,235.0,338.0
45.1476,17.0,330.0
45.1527,-236.0,332.0
45.1577,18.0,324.0
45.1627,97.0,322.0
45.1675,-45.0,318.0
45.1725,87.0,316.0
45.1775,118.0,316.0
45.1826,-138.0,318.0
45.1878,-217.0,318.0
45.1925,-16.0,316.0
45.1975,219.0,320.0
45.2025,234.0,324.0
45.2075,-65.0,322.0
45.2126,-315.0,322.0
45.2176,-156.0,324.0
45.2225,213.0,320.0
45.2276,310.0,322.0
45.2325,-32.0,318.0
45.2375,-323.0,316.0
45.2426,-93.0,316.0
45.2476,184.0,312.0
45.2525,77.0,306.0
45.2577,40.0,302.0
45.2625,82.0,296.0
45.2677,-190.0,300.0
45.2726,-286.0,300.0
45.2776,133.0,300.0
45.2826,369.0,306.0
45.2876,63.0,306.0
45.2927,-244.0,308.0
45.2978,-200.0,310.0
45.3025,18.0,306.0
45.3076,168.0,308.0
45.3125,108.0,304.0
45.3175,-16.0,302.0
45.3225,-51.0,300.0
45.3286,-155.0,300.0
45.3325,-109.0,302.0
45.3375,295.0,306.0
45.3425,236.0,308.0
45.3475,-398.0,314.0
45.3527,-260.0,314.0
45.3577,456.0,320.0
45.3626,208.0,320.0
45.3677,-461.0,324.0
45.3725,-128.0,322.0
45.3778,426.0,326.0
45.3825,23.0,326.0
45.3877,-375.0,330.0
45.3927,109.0,328.0
45.3976,317.0,332.0
45.4026,-211.0,334.0
45.4075,-222.0,334.0
45.4128,216.0,336.0
45.4176,66.0,332.0
45.4225,-134.0,330.0
45.4275,88.0,330.0
45.4334,7.0,328.0
45.4375,-130.0,328.0
45.4429,135.0,328.0
45.4476,38.0,328.0
45.4527,-275.0,330.0
45.4575,94.0,330.0
45.4626,396.0,336.0
45.4676,-185.0,334.0
45.4725,-473.0,340.0
45.4776,218.0,338.0
45.4826,465.0,342.0
45.4876,-225.0,338.0
45.4925,-362.0,340.0
45.4975,232.0,338.0
45.5025,202.0,340.0
45.5076,-213.0,338.0
45.5127,-28.0,338.0
45.5176,119.0,332.0
45.5225,-108.0,332.0
45.5275,33.0,326.0
45.5325,129.0,324.0
45.5375,-171.0,324.0
45.5425,-8.0,318.0
45.5478,223.0,320.0
45.5527,-160.0,314.0
45.5579,-176.0,318.0
45.5626,247.0,316.0
45.5675,65.0,314.0
45.5726,-183.0,316.0
45.5775,105.0,314.0
45.5826,11.0,314.0
45.5877,-308.0,314.0
45.5926,135.0,314.0
45.5975,410.0,316.0
45.6025,-184.0,318.0
45.6075,-312.0,320.0
45.6126,176.0,318.0
45.6176,115.0,320.0
45.6227,-156.0,318.0
45.6278,23.0,316.0
45.6325,128.0,316.0
45.6375,-89.0,314.0
45.6428,-122.0,316.0
45.6475,111.0,316.0
45.6531,155.0,318.0
45.6575,-45.0,316.0
45.6626,-157.0,316.0
45.6691,-92.0,316.0
45.6725,67.0,316.0
45.6777,165.0,316.0
45.6825,58.0,314.0
45.6876,-109.0,316.0
45.6925,-121.0,316.0
45.6977,14.0,316.0
45.7025,99.0,318.0
45.7075,48.0,318.0
45.7126,-55.0,318.0
45.7176,-138.0,320.0
45.7225,38.0,320.0
45.7275,302.0,322.0
45.7326,-20.0,320.0
45.7383,-432.0,326.0
45.7425,-14.0,324.0
45.7475,391.0,330.0
45.7525,16.0,328.0
45.7578,-236.0,330.0
45.7627,73.0,330.0
45.7675,165.0,330.0
45.7726,-211.0,332.0
45.7775,-260.0,334.0
45.7826,223.0,334.0
45.7876,344.0,340.0
45.7927,-42.0,336.0
45.7975,-207.0,340.0
45.8025,-124.0,340.0
45.8075,-65.0,340.0
45.8126,76.0,340.0
45.8176,201.0,342.0
45.8228,92.0,340.0
45.8276,-96.0,338.0
45.8325,-165.0,340.0
45.8375,-132.0,340.0
45.8426,61.0,336.0
45.8475,324.0,340.0
45.8525,120.0,338.0
45.8575,-389.0,342.0
45.8625,-228.0,342.0
45.8675,325.0,342.0
45.8726,185.0,344.0
45.8776,-211.0,342.0
45.8825,-43.0,342.0
45.8877,155.0,342.0
45.8925,-87.0,342.0
45.8977,-200.0,344.0
45.9025,132.0,344.0
45.9075,304.0,346.0
45.9126,-74.0,344.0
45.9176,-391.0,348.0
45.9226,-39.0,342.0
45.9276,403.0,348.0
45.9326,118.0,346.0
45.9375,-328.0,348.0
45.9433,-97.0,348.0
45.9484,242.0,350.0
45.9525,10.0,348.0
45.9576,-245.0,352.0
45.9625,28.0,352.0
45.9676,295.0,354.0
45.9725,26.0,352.0
45.9776,-253.0,352.0
45.9827,-68.0,350.0
45.9877,122.0,344.0
45.9926,10.0,340.0
45.9978,-48.0,334.0
46.0025,61.0,332.0
46.0074,87.0,326.0
46.0125,0.0,324.0
46.0177,-123.0,320.0
46.0227,-205.0,322.0
46.0275,24.0,318.0
46.0325,376.0,322.0
46.0375,168.0,318.0
46.0429,-323.0,320.0
46.0475,-234.0,320.0
46.0527,95.0,318.0
46.0575,35.0,318.0
46.0625,46.0,318.0
46.0676,252.0,320.0
46.0725,23.0,320.0
46.0776,-335.0,324.0
46.0825,-133.0,324.0
46.0875,192.0,326.0
46.0926,82.0,322.0
46.0977,-71.0,322.0
46.1025,63.0,316.0
46.1077,105.0,316.0
46.1126,-107.0,310.0
46.1175,-142.0,308.0
46.1225,67.0,302.0
46.1275,25.0,300.0
46.1325,-122.0,296.0
46.1375,168.0,294.0
46.1426,289.0,296.0
46.1477,-282.0,298.0
46.1525,-389.0,302.0
46.1577,292.0,306.0
46.1627,310.0,308.0
46.1676,-265.0,312.0
46.1725,-119.0,312.0
46.1775,239.0,314.0
46.1826,-22.0,314.0
46.1877,-204.0,314.0
46.1927,44.0,312.0
46.1975,141.0,310.0
46.2025,-20.0,308.0
46.2076,-71.0,308.0
46.2127,29.0,304.0
46.2175,14.0,304.0
46.2225,-60.0,304.0
46.2277,28.0,300.0
46.2325,80.0,298.0
46.2376,-46.0,294.0
46.243,-74.0,292.0
46.2475,40.0,288.0
46.2525,48.0,286.0
46.2577,-25.0,284.0
46.2625,-18.0,282.0
46.2678,-2.0,282.0
46.2728,-24.0,280.0
46.2775,52.0,280.0
46.2826,79.0,278.0
46.2877,-128.0,278.0
46.2925,-112.0,278.0
46.2977,202.0,280.0
46.3026,104.0,280.0
46.3076,-220.0,282.0
46.3125,-70.0,282.0
46.3175,179.0,282.0
46.323,31.0,282.0
46.3275,-125.0,282.0
46.3326,-17.0,280.0
46.3375,96.0,282.0
46.3425,79.0,282.0
46.3475,-78.0,282.0
46.3527,-223.0,284.0
46.3576,10.0,282.0
46.3627,337.0,286.0
46.3676,93.0,284.0
46.3725,-315.0,288.0
46.3775,-118.0,284.0
46.3825,198.0,286.0
46.3879,67.0,282.0
46.3926,-26.0,282.0
46.3976,-36.0,278.0
46.4026,-246.0,280.0
46.4075,-20.0,278.0
46.4129,519.0,284.0
46.4175,169.0,282.0
46.4225,-565.0,288.0
46.4276,-287.0,286.0
46.4325,360.0,292.0
46.4375,244.0,292.0
46.443,-127.0,292.0
46.4476,-129.0,294.0
46.4526,32.0,292.0
46.4575,70.0,290.0
46.4625,-29.0,290.0
46.4678,-28.0,288.0
46.4729,30.0,286.0
46.4775,-82.0,286.0
46.4825,-55.0,286.0
46.4876,229.0,284.0
46.4926,157.0,284.0
46.4981,-271.0,282.0
46.503,-264.0,284.0
46.5075,121.0,280.0
46.5125,214.0,280.0
46.5175,108.0,278.0
46.5225,25.0,278.0
46.5277,-204.0,280.0
46.5327,-268.0,282.0
46.5375,106.0,280.0
46.5425,287.0,284.0
46.5475,17.0,278.0
46.5525,-75.0,278.0
46.558,-16.0,272.0
46.5626,-144.0,274.0
46.5676,-56.0,268.0
46.5725,214.0,270.0
46.5775,94.0,266.0
46.5825,-196.0,268.0
46.5876,-117.0,266.0
46.5926,181.0,270.0
46.5977,174.0,268.0
46.6025,-151.0,270.0
46.6075,-218.0,268.0
46.6125,89.0,270.0
46.6176,202.0,268.0
46.6225,-38.0,268.0
46.6275,-159.0,268.0
46.6324,19.0,270.0
46.6375,115.0,270.0
46.6426,-7.0,270.0
46.6476,-31.0,268.0
46.6527,11.0,268.0
46.6575,-71.0,268.0
46.6624,-63.0,266.0
46.6675,72.0,266.0
46.6726,106.0,262.0
46.6778,56.0,260.0
46.6825,-52.0,256.0
46.6883,-166.0,256.0
46.6925,-90.0,256.0
46.6977,140.0,256.0
46.7027,252.0,260.0
46.7076,2.0,256.0
46.7125,-377.0,262.0
46.7176,-193.0,260.0
46.7226,394.0,264.0
46.7275,374.0,266.0
46.7327,-248.0,268.0
46.7375,-474.0,276.0
46.7425,-12.0,274.0
46.7475,424.0,280.0
46.7525,240.0,282.0
46.7577,-213.0,282.0
46.7628,-277.0,286.0
46.7675,-69.0,286.0
46.7725,63.0,286.0
46.7775,250.0,286.0
46.7824,300.0,286.0
46.7875,-212.0,286.0
46.7926,-608.0,290.0
46.7975,19.0,286.0
46.8029,693.0,292.0
46.8075,153.0,290.0
46.8125,-522.0,296.0
46.8176,-182.0,294.0
46.8225,215.0,298.0
46.8274,77.0,296.0
46.8327,31.0,296.0
46.8376,75.0,294.0
46.8426,-93.0,296.0
46.8475,-161.0,298.0
46.8527,27.0,296.0
46.8575,100.0,298.0
46.8625,-17.0,298.0
46.8674,69.0,298.0
46.8726,124.0,298.0
46.8776,-237.0,302.0
46.8825,-219.0,304.0
46.8875,335.0,308.0
46.8925,204.0,312.0
46.8978,-350.0,316.0
46.9026,-122.0,318.0
46.9076,257.0,322.0
46.9125,24.0,322.0
46.9174,-41.0,322.0
46.9224,106.0,322.0
46.9276,-212.0,324.0
46.9327,-243.0,326.0
46.9376,336.0,328.0
46.9425,273.0,330.0
46.9475,-281.0,332.0
46.9528,-127.0,332.0
46.9578,209.0,332.0
46.9625,-110.0,334.0
46.968,-248.0,336.0
46.9728,309.0,340.0
46.9776,328.0,344.0
46.9827,-429.0,350.0
46.9875,-340.0,354.0
46.9925,473.0,358.0
46.9976,274.0,362.0
47.0026,-414.0,362.0
47.0076,-153.0,364.0
47.0125,279.0,364.0
47.0175,5.0,362.0
47.0225,-183.0,362.0
47.0276,98.0,362.0
47.0325,193.0,364.0
47.0375,-88.0,366.0
47.0428,-235.0,364.0
47.0475,0.0,364.0
47.0525,206.0,360.0
47.0574,65.0,358.0
47.0625,-115.0,352.0
47.0675,-57.0,348.0
47.0724,21.0,342.0
47.0775,1.0,338.0
47.0826,76.0,338.0
47.0874,74.0,336.0
47.0927,-186.0,340.0
47.0975,-165.0,340.0
47.1025,284.0,344.0
47.1078,261.0,348.0
47.1126,-347.0,354.0
47.1175,-324.0,356.0
47.1225,358.0,362.0
47.1276,288.0,362.0
47.1327,-326.0,366.0
47.1375,-141.0,364.0
47.1425,295.0,364.0
47.1474,-6.0,362.0
47.1525,-270.0,362.0
47.1577,47.0,362.0
47.1625,183.0,364.0
47.1674,3.0,362.0
47.1725,9.0,358.0
47.1775,-47.0,356.0
47.1825,-248.0,356.0
47.1875,28.0,356.0
47.1926,402.0,360.0
47.1974,21.0,360.0
47.2025,-391.0,364.0
47.2075,-38.0,364.0
47.2125,262.0,366.0
47.2175,6.0,364.0
47.2227,-124.0,362.0
47.2275,50.0,362.0
47.2325,21.0,360.0
47.2375,-102.0,358.0
47.2425,91.0,358.0
47.2476,137.0,356.0
47.2528,-231.0,358.0
47.2575,-166.0,358.0
47.2624,322.0,362.0
47.2674,197.0,362.0
47.2725,-274.0,366.0
47.2785,-185.0,368.0
47.2828,114.0,370.0
47.2874,90.0,370.0
47.2926,29.0,370.0
47.2975,27.0,370.0
47.3025,-81.0,370.0
47.3075,-45.0,370.0
47.3127,89.0,370.0
47.3175,-51.0,370.0
47.3225,-113.0,370.0
47.3275,127.0,370.0
47.3325,122.0,370.0
47.3375,-89.0,370.0
47.3425,-35.0,366.0
47.3476,61.0,366.0
47.3525,-118.0,362.0
47.3576,-199.0,362.0
47.3624,170.0,360.0
47.3675,407.0,360.0
47.3725,-34.0,356.0
47.3775,-445.0,356.0
47.3832,-147.0,358.0
47.3875,284.0,356.0
47.3925,189.0,356.0
47.3975,-148.0,354.0
47.4025,-103.0,352.0
47.4078,195.0,354.0
47.4128,42.0,354.0
47.4176,-334.0,354.0
47.4225,-91.0,352.0
47.4275,398.0,354.0
47.4325,208.0,348.0
47.4374,-329.0,352.0
47.4428,-295.0,346.0
47.4476,150.0,346.0
47.4526,257.0,342.0
47.4574,46.0,340.0
47.4625,-84.0,338.0
47.4675,-124.0,338.0
47.4726,-100.0,340.0
47.4777,42.0,340.0
47.4832,181.0,340.0
47.4884,93.0,340.0
47.4936,-143.0,342.0
47.4977,-154.0,342.0
47.5026,16.0,342.0
47.5075,91.0,342.0
47.5126,151.0,344.0
47.5175,35.0,340.0
47.5226,-261.0,340.0
47.5275,-119.0,338.0
47.5325,229.0,338.0
47.5375,105.0,334.0
47.5425,-76.0,334.0
47.5474,3.0,330.0
47.5526,-86.0,330.0
47.5575,-154.0,332.0
47.5625,187.0,334.0
47.5675,278.0,334.0
47.5725,-230.0,334.0
47.5774,-365.0,334.0
47.5826,224.0,334.0
47.5875,441.0,336.0
47.5925,-157.0,336.0
47.5975,-462.0,340.0
47.6024,68.0,340.0
47.6075,371.0,342.0
47.6129,-24.0,338.0
47.6176,-198.0,336.0
47.6225,71.0,330.0
47.6275,33.0,326.0
47.6327,-219.0,322.0
47.6374,26.0,318.0
47.6428,372.0,316.0
47.6477,18.0,314.0
47.6526,-371.0,316.0
47.6574,-38.0,316.0
47.6625,217.0,316.0
47.6686,-69.0,316.0
47.6727,-109.0,316.0
47.6776,228.0,318.0
47.6825,200.0,316.0
47.6875,-290.0,322.0
47.6925,-414.0,324.0
47.698,215.0,326.0
47.7025,541.0,334.0
47.7075,-103.0,334.0
47.7125,-468.0,342.0
47.7174,63.0,342.0
47.7226,261.0,346.0
47.7275,-100.0,346.0
47.7326,-62.0,344.0
47.7375,170.0,344.0
47.7425,-21.0,340.0
47.7475,-258.0,340.0
47.7525,-41.0,334.0
47.7578,327.0,334.0
47.7626,166.0,332.0
47.7675,-320.0,332.0
47.7725,-196.0,330.0
47.7774,251.0,332.0
47.7825,84.0,328.0
47.7889,-208.0,332.0
47.793,54.0,328.0
47.7975,228.0,332.0
47.8026,-101.0,330.0
47.8075,-255.0,334.0
47.8127,58.0,334.0
47.8175,244.0,338.0
47.8226,-5.0,334.0
47.8276,-215.0,336.0
47.8325,-8.0,330.0
47.8375,164.0,332.0
47.8426,-36.0,328.0
47.8474,-49.0,328.0
47.8525,148.0,326.0
47.8574,-97.0,328.0
47.8624,-281.0,330.0
47.8676,187.0,332.0
47.8726,340.0,336.0
47.8775,-196.0,338.0
47.8825,-295.0,342.0
47.8889,150.0,342.0
47.8925,206.0,342.0
47.8977,-55.0,340.0
47.9029,-118.0,336.0
47.9075,-78.0,334.0
47.9125,13.0,330.0
47.9174,175.0,330.0
47.9225,97.0,330.0
47.9276,-159.0,332.0
47.9326,-126.0,332.0
47.9375,63.0,334.0
47.9425,32.0,332.0
47.9475,6.0,332.0
47.9527,108.0,332.0
47.9577,-29.0,332.0
47.9626,-191.0,332.0
47.9674,87.0,332.0
47.9725,204.0,334.0
47.9775,-220.0,336.0
47.9827,-222.0,338.0
47.9877,331.0,342.0
47.9925,292.0,346.0
47.9986,-288.0,346.0
48.0025,-346.0,350.0
48.0074,108.0,344.0
48.0128,319.0,350.0
48.0175,60.0,344.0
48.0226,-262.0,346.0
48.0275,-117.0,342.0
48.0326,242.0,344.0
48.0375,74.0,342.0
48.0426,-248.0,344.0
48.0476,36.0,342.0
48.0527,263.0,346.0
48.0574,-168.0,342.0
48.0624,-305.0,346.0
48.0675,195.0,344.0
48.0725,313.0,344.0
48.0776,-34.0,340.0
48.0827,-173.0,338.0
48.0875,-203.0,340.0
48.0941,-92.0,336.0
48.0979,346.0,342.0
48.1024,313.0,344.0
48.1077,-382.0,348.0
48.1126,-382.0,354.0
48.1178,401.0,358.0
48.1224,343.0,362.0
48.1275,-420.0,366.0
48.1325,-257.0,368.0
48.1376,388.0,372.0
48.1425,121.0,374.0
48.1475,-313.0,376.0
48.1525,62.0,376.0
48.1576,276.0,380.0
48.1625,-223.0,378.0
48.1684,-307.0,382.0
48.1725,273.0,382.0
48.1774,318.0,386.0
48.1827,-190.0,388.0
48.1875,-223.0,390.0
48.1925,34.0,390.0
48.1981,51.0,388.0
48.2025,79.0,386.0
48.2074,100.0,384.0
48.2125,-31.0,380.0
48.2175,-152.0,378.0
48.2226,-179.0,376.0
48.2276,72.0,372.0
48.2326,392.0,374.0
48.2375,99.0,370.0
48.2427,-450.0,376.0
48.2476,-275.0,374.0
48.2527,352.0,378.0
48.2575,395.0,382.0
48.2625,-206.0,384.0
48.2677,-438.0,390.0
48.2724,98.0,388.0
48.2775,410.0,394.0
48.2826,-44.0,390.0
48.2875,-325.0,394.0
48.2924,3.0,388.0
48.2987,192.0,390.0
48.3025,90.0,388.0
48.3075,0.0,388.0
48.3125,-246.0,390.0
48.3178,-233.0,390.0
48.3225,362.0,392.0
48.3274,419.0,394.0
48.3327,-352.0,394.0
48.3376,-453.0,398.0
48.3427,253.0,392.0
48.3477,337.0,396.0
48.3525,-149.0,392.0
48.3575,-153.0,392.0
48.3626,92.0,390.0
48.3676,-25.0,388.0
48.3725,-91.0,390.0
48.3775,180.0,390.0
48.3826,112.0,390.0
48.3875,-322.0,392.0
48.3927,-132.0,394.0
48.3974,423.0,394.0
48.4029,158.0,394.0
48.4076,-403.0,396.0
48.4125,-151.0,396.0
48.4176,260.0,396.0
48.4225,44.0,394.0
48.4275,-126.0,394.0
48.4325,134.0,394.0
48.4375,116.0,394.0
48.4427,-254.0,396.0
48.4475,-202.0,394.0
48.4528,230.0,398.0
48.4577,251.0,398.0
48.463,-125.0,400.0
48.4676,-198.0,400.0
48.4727,37.0,400.0
48.4776,107.0,398.0
48.4826,47.0,398.0
48.4876,-20.0,398.0
48.4927,-162.0,398.0
48.4979,-113.0,398.0
48.5026,213.0,398.0
48.5079,289.0,400.0
48.5126,-117.0,396.0
48.5188,-361.0,398.0
48.5236,-30.0,394.0
48.5278,255.0,396.0
48.5326,79.0,394.0
48.5376,-112.0,394.0
48.5425,-33.0,394.0
48.5476,69.0,394.0
48.5526,19.0,394.0
48.5577,-44.0,392.0
48.5625,-93.0,392.0
48.5675,-133.0,390.0
48.5725,126.0,390.0
48.5775,412.0,396.0
48.5825,27.0,396.0
48.5877,-497.0,404.0
48.5927,-270.0,406.0
48.5975,226.0,410.0
48.6025,361.0,412.0
48.608,166.0,414.0
48.6127,-265.0,414.0
48.6177,-335.0,416.0
48.6227,180.0,416.0
48.6277,212.0,414.0
48.6325,-232.0,412.0
48.6375,15.0,408.0
48.6427,344.0,408.0
48.6477,-155.0,410.0
48.6527,-373.0,410.0
48.6576,193.0,412.0
48.6625,276.0,412.0
48.6675,-257.0,414.0
48.6727,-168.0,414.0
48.6777,375.0,418.0
48.6826,163.0,416.0
48.6875,-412.0,422.0
48.6925,-207.0,422.0
48.6976,271.0,424.0
48.7026,179.0,422.0
48.7075,-12.0,418.0
48.7125,-55.0,414.0
48.7177,-222.0,418.0
48.7225,-102.0,416.0
48.7277,322.0,418.0
48.7327,222.0,420.0
48.7375,-254.0,418.0
48.7426,-224.0,418.0
48.7475,88.0,412.0
48.7525,58.0,408.0
48.7577,37.0,402.0
48.7627,191.0,400.0
48.7676,-60.0,394.0
48.7725,-355.0,396.0
48.7776,51.0,390.0
48.7825,356.0,394.0
48.7876,-73.0,390.0
48.7925,-254.0,394.0
48.7975,92.0,390.0
48.8026,150.0,390.0
48.8074,-39.0,386.0
48.8125,-78.0,382.0
48.8175,-97.0,378.0
48.8227,-54.0,376.0
48.8276,216.0,376.0
48.8325,311.0,380.0
48.8374,-189.0,382.0
48.8426,-537.0,390.0
48.8475,32.0,388.0
48.8526,506.0,396.0
48.8575,100.0,396.0
48.8626,-202.0,396.0
48.8675,-95.0,396.0
48.8725,-172.0,392.0
48.8775,6.0,392.0
48.8826,431.0,390.0
48.8875,43.0,388.0
48.8924,-553.0,390.0
48.8977,-26.0,384.0
48.9024,589.0,390.0
48.9075,26.0,384.0
48.9132,-551.0,392.0
48.9174,-95.0,386.0
48.9231,466.0,394.0
48.9276,223.0,392.0
48.9333,-383.0,398.0
48.9375,-379.0,400.0
48.9426,299.0,404.0
48.9477,498.0,412.0
48.9529,-187.0,410.0
48.9587,-488.0,414.0
48.9625,64.0,410.0
48.9676,344.0,408.0
48.9724,34.0,404.0
48.9777,-194.0,400.0
48.983,-131.0,398.0
48.9879,159.0,394.0
48.9925,276.0,396.0
48.9977,-200.0,398.0
49.0028,-458.0,404.0
49.0077,187.0,406.0
49.013,586.0,414.0
49.0178,-70.0,412.0
49.0233,-594.0,420.0
49.0279,-86.0,416.0
49.0327,482.0,422.0
49.0376,204.0,418.0
49.0434,-278.0,420.0
49.0475,-240.0,418.0
49.0526,21.0,416.0
49.0575,183.0,414.0
49.0626,180.0,416.0
49.0675,-67.0,416.0
49.0736,-185.0,416.0
49.0775,-15.0,414.0
49.083,-15.0,410.0
49.0877,-25.0,408.0
49.0928,245.0,408.0
49.0977,178.0,406.0
49.1027,-352.0,410.0
49.1075,-352.0,412.0
49.113,351.0,418.0
49.1177,472.0,424.0
49.1226,-288.0,428.0
49.1279,-496.0,434.0
49.133,144.0,434.0
49.1374,402.0,438.0
49.1427,69.0,436.0
49.1477,-198.0,436.0
49.1527,-267.0,438.0
49.1583,-58.0,432.0
49.163,367.0,438.0
49.1677,254.0,438.0
49.1725,-352.0,442.0
49.1774,-295.0,446.0
49.1827,266.0,448.0
49.1883,225.0,452.0
49.193,-124.0,452.0
49.1979,-157.0,454.0
49.2027,-80.0,454.0
49.2079,114.0,454.0
49.2124,267.0,456.0
49.2183,-64.0,450.0
49.2232,-299.0,456.0
49.2283,42.0,448.0
49.2326,162.0,446.0
49.2377,-86.0,444.0
49.243,30.0,440.0
49.2474,134.0,438.0
49.2525,-205.0,438.0
49.2577,-125.0,434.0
49.263,324.0,436.0
49.2677,62.0,434.0
49.2725,-319.0,436.0
49.2775,68.0,436.0
49.283,202.0,434.0
49.2878,-276.0,436.0
49.2937,-130.0,432.0
49.2975,454.0,436.0
49.3027,159.0,434.0
49.3075,-476.0,438.0
49.313,-157.0,438.0
49.3176,390.0,438.0
49.3224,79.0,436.0
49.328,-330.0,436.0
49.3334,-93.0,434.0
49.3375,265.0,434.0
49.3427,283.0,436.0
49.3477,-44.0,436.0
49.3527,-439.0,442.0
49.3586,-293.0,442.0
49.3629,323.0,446.0
49.3676,496.0,448.0
49.3728,26.0,446.0
49.3775,-405.0,448.0
49.3828,-363.0,450.0
49.3875,119.0,450.0
49.393,473.0,458.0
49.3974,133.0,458.0
49.4036,-329.0,462.0
49.4078,-203.0,464.0
49.4133,92.0,460.0
49.4175,103.0,460.0
49.4229,63.0,456.0
49.4282,45.0,454.0
49.4326,-106.0,452.0
49.4379,-126.0,454.0
49.4433,131.0,452.0
49.4474,129.0,454.0
49.453,-205.0,456.0
49.4577,-142.0,456.0
49.4627,252.0,460.0
49.4677,235.0,460.0
49.4735,-136.0,458.0
49.4775,-348.0,460.0
49.4825,-151.0,454.0
49.4874,319.0,458.0
49.4926,411.0,458.0
49.4975,-72.0,456.0
49.5035,-396.0,460.0
49.508,-219.0,462.0
49.5126,74.0,460.0
49.5177,284.0,464.0
49.5224,293.0,462.0
49.5284,-68.0,462.0
49.533,-393.0,460.0
49.5374,-209.0,464.0
49.5427,147.0,456.0
49.5477,293.0,460.0
49.5526,216.0,456.0
49.5586,-97.0,456.0
49.5627,-343.0,454.0
49.5675,-210.0,452.0
49.5725,100.0,448.0
49.5776,363.0,448.0
49.5825,272.0,448.0
49.5886,-295.0,444.0
49.593,-448.0,448.0
49.5977,156.0,444.0
49.603,347.0,448.0
49.6077,-55.0,444.0
49.6128,-137.0,446.0
49.6175,-55.0,442.0
49.623,-9.0,442.0
49.6283,264.0,442.0
49.6327,112.0,440.0
49.638,-537.0,446.0
49.6426,-296.0,442.0
49.6474,662.0,450.0
49.6542,501.0,448.0
49.6584,-484.0,456.0
49.6628,-484.0,454.0
49.6698,159.0,454.0
49.6731,158.0,450.0
49.6774,-20.0,446.0
49.6825,197.0,446.0
49.6875,183.0,444.0
49.6928,-180.0,448.0
49.6979,-391.0,450.0
49.7037,-271.0,452.0
49.7074,298.0,456.0
49.7127,729.0,464.0
49.7176,94.0,466.0
49.7228,-730.0,476.0
49.7278,-427.0,482.0
49.736,288.0,484.0
49.7383,399.0,486.0
49.7424,132.0,484.0
49.7476,-86.0,480.0
49.7527,-120.0,476.0
49.7581,-145.0,470.0
49.7636,-250.0,470.0
49.7674,25.0,462.0
49.7727,536.0,468.0
49.7776,336.0,468.0
49.7829,-465.0,474.0
49.7875,-571.0,480.0
49.7925,217.0,478.0
49.7974,448.0,484.0
49.8029,-122.0,482.0
49.8081,-110.0,478.0
49.8125,238.0,478.0
49.8184,-165.0,476.0
49.823,-369.0,476.0
49.8284,265.0,478.0
49.8327,356.0,480.0
49.8374,-205.0,482.0
49.843,-194.0,484.0
49.8474,52.0,482.0
49.853,-37.0,478.0
49.8577,84.0,480.0
49.8627,239.0,478.0
49.8676,-136.0,480.0
49.8732,-348.0,482.0
49.8774,151.0,484.0
49.8824,347.0,488.0
49.8877,-195.0,490.0
49.8925,-224.0,490.0
49.8977,264.0,492.0
49.9034,-20.0,488.0
49.9074,-315.0,492.0
49.913,296.0,490.0
49.9177,307.0,494.0
49.9226,-486.0,500.0
49.9279,-232.0,498.0
49.9334,571.0,506.0
49.9386,159.0,500.0
49.9424,-557.0,506.0
49.9477,-178.0,502.0
49.9527,386.0,506.0
49.9578,253.0,504.0
49.9624,-82.0,504.0
49.9676,-237.0,502.0
49.9725,-163.0,504.0
49.9775,108.0,500.0
49.9825,233.0,500.0
49.9876,-12.0,500.0
49.9926,-234.0,496.0
49.9975,25.0,492.0
50.0025,300.0,492.0
0.0003,-26.0,240.0
0.0004,10.0,238.0
0.0006,-14.0,234.0
0.0007,6.0,232.0
0.0008,97.0,230.0
0.001,2.0,226.0
0.0012,-156.0,226.0
0.0014,-41.0,224.0
0.0016,117.0,226.0
0.0018,30.0,224.0
0.0019,-12.0,224.0
0.002,55.0,224.0
0.0022,-51.0,224.0
0.0023,-126.0,224.0
0.0025,31.0,222.0
0.0026,89.0,224.0
0.0027,-6.0,220.0
0.0028,30.0,220.0
0.003,48.0,216.0
0.0033,-110.0,216.0
0.0035,-106.0,214.0
0.0037,105.0,214.0
0.0038,101.0,214.0
0.004,-88.0,214.0
0.0042,-69.0,216.0
0.0044,74.0,216.0
0.0046,66.0,216.0
0.0047,4.0,216.0
0.005,-42.0,214.0
0.0052,-144.0,216.0
0.0054,-55.0,212.0
0.0055,249.0,216.0
0.0057,161.0,216.0
0.0058,-241.0,218.0
0.006,-142.0,220.0
0.0061,139.0,222.0
0.0063,-34.0,222.0
0.0064,-50.0,220.0
0.0066,237.0,222.0
0.0067,56.0,220.0
0.0069,-306.0,224.0
0.007,-117.0,224.0
0.0072,224.0,226.0
0.0073,130.0,226.0
0.0075,-105.0,226.0
0.0076,-58.0,226.0
0.0077,51.0,224.0
0.0079,-32.0,222.0
0.008,-67.0,224.0
0.0081,67.0,224.0
0.0083,85.0,224.0
0.0084,-47.0,224.0
0.0087,-53.0,224.0
0.009,45.0,220.0
0.0092,-15.0,218.0
0.0094,-87.0,216.0
0.0096,70.0,212.0
0.0098,105.0,210.0
0.0104,-94.0,206.0
0.0106,-38.0,206.0
0.0108,112.0,202.0
0.0111,-62.0,204.0
0.0114,-103.0,202.0
0.0116,120.0,204.0
0.0119,16.0,204.0
0.0122,-145.0,204.0
0.0124,115.0,204.0
0.0126,179.0,206.0
0.0127,-173.0,206.0
0.0129,-188.0,208.0
0.013,107.0,206.0
0.0132,108.0,206.0
0.0133,-10.0,204.0
0.0134,27.0,204.0
0.0136,-5.0,202.0
0.0137,-96.0,202.0
0.0139,-30.0,202.0
0.014,50.0,200.0
0.0141,7.0,198.0
0.0142,21.0,196.0
0.0144,72.0,196.0
0.0145,-36.0,196.0
0.0147,-122.0,196.0
0.0149,18.0,196.0
0.0151,124.0,194.0
0.0154,9.0,192.0
0.0156,-110.0,190.0
0.0158,-90.0,188.0
0.016,48.0,188.0
0.0162,231.0,188.0
0.0163,103.0,188.0
0.0165,-329.0,190.0
0.0167,-274.0,194.0
0.0168,306.0,196.0
0.0169,340.0,200.0
0.0171,-198.0,200.0
0.0173,-275.0,204.0
0.0174,79.0,202.0
0.0176,166.0,204.0
0.0177,14.0,202.0
0.0178,-101.0,200.0
0.018,-82.0,198.0
0.0181,77.0,196.0
0.0183,130.0,194.0
0.0184,-39.0,194.0
0.0186,-141.0,192.0
0.0187,-37.0,192.0
0.0188,93.0,194.0
0.019,98.0,194.0
0.0191,-8.0,192.0
0.0192,-59.0,190.0
0.0194,-46.0,190.0
0.0195,-93.0,186.0
0.0196,23.0,186.0
0.0198,260.0,186.0
0.02,50.0,184.0
0.0201,-313.0,188.0
0.0204,-97.0,186.0
0.0205,207.0,190.0
0.0206,58.0,190.0
0.0208,-19.0,190.0
0.021,29.0,188.0
0.0213,-134.0,190.0
0.0215,-67.0,188.0
0.0217,193.0,190.0
0.0219,-6.0,188.0
0.0221,-179.0,192.0
0.0223,168.0,194.0
0.0226,169.0,196.0
0.0228,-312.0,200.0
0.023,-197.0,204.0
0.0232,331.0,208.0
0.0233,189.0,210.0
0.0235,-240.0,214.0
0.0236,-80.0,212.0
0.0238,161.0,214.0
0.0239,-76.0,214.0
0.0241,-167.0,216.0
0.0242,161.0,218.0
0.0244,201.0,220.0
0.0245,-131.0,222.0
0.0247,-168.0,222.0
0.0248,58.0,222.0
0.0249,52.0,222.0
0.0251,-24.0,222.0
0.0252,68.0,222.0
0.0254,25.0,222.0
0.0256,-124.0,222.0
0.0257,-13.0,222.0
0.0259,125.0,222.0
0.0261,-33.0,220.0
0.0264,-124.0,222.0
0.0265,85.0,222.0
0.0267,131.0,222.0
0.0268,-99.0,222.0
0.0273,-102.0,224.0
0.0276,64.0,224.0
0.0278,14.0,222.0
0.0279,-34.0,222.0
0.0281,86.0,220.0
0.0282,62.0,218.0
0.0284,-134.0,216.0
0.0286,-123.0,216.0
0.0287,117.0,216.0
0.0289,145.0,218.0
0.029,-72.0,218.0
0.0292,-100.0,216.0
0.0294,39.0,216.0
0.0295,31.0,212.0
0.0297,-30.0,210.0
0.0299,14.0,206.0
0.0301,18.0,204.0
0.0306,-37.0,204.0
0.0308,15.0,204.0
0.0309,58.0,204.0
0.0311,-41.0,204.0
0.0312,-77.0,204.0
0.0314,18.0,202.0
0.0315,79.0,202.0
0.0316,46.0,202.0
0.0318,-51.0,202.0
0.0319,-91.0,204.0
0.032,0.0,204.0
0.0322,72.0,202.0
0.0324,37.0,202.0
0.0326,-12.0,200.0
0.0327,-31.0,200.0
0.0329,-21.0,200.0
0.0332,-6.0,198.0
0.0335,-15.0,198.0
0.0344,41.0,196.0
0.0346,94.0,196.0
0.0348,-59.0,196.0
0.035,-144.0,196.0
0.0351,80.0,196.0
0.0353,137.0,196.0
0.0356,-134.0,194.0
0.0357,-129.0,194.0
0.0359,194.0,196.0
0.0361,192.0,196.0
0.0362,-159.0,198.0
0.0364,-286.0,202.0
0.0365,-10.0,202.0
0.0367,267.0,206.0
0.0368,191.0,208.0
0.037,-93.0,208.0
0.0371,-212.0,212.0
0.0373,-67.0,212.0
0.0374,73.0,212.0
0.0375,60.0,214.0
0.0377,51.0,212.0
0.0378,29.0,212.0
0.0379,-58.0,212.0
0.0381,-18.0,212.0
0.0382,38.0,210.0
0.0384,-107.0,210.0
0.0385,-88.0,212.0
0.0386,210.0,210.0
0.0388,153.0,212.0
0.0389,-230.0,210.0
0.0392,-148.0,208.0
0.0394,211.0,206.0
0.0396,96.0,202.0
0.0398,-173.0,202.0
0.04,-47.0,198.0
0.0402,85.0,198.0
0.0404,-25.0,196.0
0.0407,18.0,196.0
0.0409,116.0,196.0
0.041,-58.0,196.0
0.0412,-115.0,198.0
0.0413,32.0,196.0
0.0414,-32.0,196.0
0.0416,-18.0,194.0
0.0418,199.0,196.0
0.0419,32.0,196.0
0.042,-226.0,198.0
0.0422,-9.0,198.0
0.0423,115.0,198.0
0.0425,-76.0,198.0
0.0426,5.0,198.0
0.0427,159.0,200.0
0.0429,-34.0,196.0
0.043,-149.0,198.0
0.0432,-6.0,192.0
0.0433,35.0,192.0
0.0434,36.0,188.0
0.0435,87.0,190.0
0.0437,-34.0,190.0
0.0438,-126.0,192.0
0.0439,46.0,190.0
0.0441,85.0,190.0
0.0442,-92.0,188.0
0.0443,-21.0,188.0
0.0445,124.0,188.0
0.0446,-34.0,186.0
0.0448,-100.0,184.0
0.0449,90.0,182.0
0.0451,66.0,180.0
0.0452,-138.0,176.0
0.0454,-91.0,174.0
0.0456,126.0,172.0
0.046,170.0,174.0
0.0463,-45.0,172.0
0.0466,-236.0,174.0
0.047,-47.0,172.0
0.0472,245.0,174.0
0.0474,101.0,172.0
0.0475,-182.0,174.0
0.0477,-100.0,172.0
0.0478,67.0,172.0
0.048,38.0,172.0
0.0481,27.0,172.0
0.0482,65.0,172.0
0.0484,-27.0,172.0
0.0485,-150.0,172.0
0.0487,-75.0,174.0
0.0488,142.0,174.0
0.049,182.0,176.0
0.0491,-45.0,176.0
0.0493,-176.0,176.0
0.0494,-30.0,174.0
0.0495,69.0,174.0
0.0497,-2.0,172.0
0.0498,6.0,172.0
0.0499,103.0,174.0
0.05,27.0,174.0
0.0502,-177.0,174.0
0.0504,-122.0,176.0
0.0506,186.0,176.0
0.0507,171.0,178.0
0.0509,-158.0,178.0
0.051,-129.0,178.0
0.0513,126.0,178.0
0.0516,36.0,178.0
0.0517,-85.0,178.0
0.0519,58.0,178.0
0.0521,33.0,178.0
0.0523,-126.0,180.0
0.0524,10.0,180.0
0.0526,135.0,182.0
0.0527,-49.0,182.0
0.0529,-87.0,182.0
0.053,98.0,184.0
0.0531,29.0,182.0
0.0533,-144.0,184.0
0.0534,2.0,184.0
0.0536,176.0,186.0
0.0537,3.0,184.0
0.0538,-182.0,186.0
0.054,-50.0,188.0
0.0541,139.0,188.0
0.0543,107.0,190.0
0.0544,-39.0,190.0
0.0546,-101.0,190.0
0.0547,-57.0,192.0
0.0548,6.0,192.0
0.055,34.0,192.0
0.0551,75.0,192.0
0.0552,123.0,192.0
0.0554,-19.0,192.0
0.0555,-253.0,194.0
0.0557,-129.0,194.0
0.0558,201.0,196.0
0.056,198.0,196.0
0.0561,-24.0,194.0
0.0563,-106.0,194.0
0.0564,-94.0,192.0
0.0566,-55.0,190.0
0.0568,55.0,186.0
0.057,136.0,188.0
0.0571,73.0,186.0
0.0574,-66.0,184.0
0.0579,-152.0,184.0
0.0581,-96.0,182.0
0.0583,133.0,184.0
0.0584,221.0,186.0
0.0587,-98.0,186.0
0.0589,-235.0,190.0
0.059,135.0,192.0
0.0592,172.0,194.0
0.0593,-223.0,196.0
0.0594,-95.0,198.0
0.0596,288.0,200.0
0.0597,18.0,198.0
0.0599,-305.0,200.0
0.06,53.0,198.0
0.0602,294.0,200.0
0.0604,-78.0,198.0
0.0606,-257.0,200.0
0.0607,44.0,198.0
0.0608,175.0,198.0
0.061,-21.0,198.0
0.0611,-81.0,198.0
0.0613,68.0,198.0
0.0614,44.0,200.0
0.0617,-114.0,200.0
0.062,-51.0,200.0
0.0621,68.0,198.0
0.0623,27.0,198.0
0.0625,47.0,198.0
0.0626,42.0,198.0
0.0627,-138.0,198.0
0.0629,-113.0,200.0
0.0631,147.0,198.0
0.0636,132.0,200.0
0.0638,-90.0,200.0
0.064,-80.0,200.0
0.0642,29.0,200.0
0.0644,5.0,198.0
0.0646,11.0,198.0
0.0649,32.0,196.0
0.065,-54.0,196.0
0.0652,-36.0,196.0
0.0653,114.0,198.0
0.0655,49.0,196.0
0.0657,-157.0,198.0
0.0658,-85.0,198.0
0.066,119.0,200.0
0.0661,108.0,200.0
0.0662,2.0,198.0
0.0663,-95.0,200.0
0.0666,-120.0,200.0
0.0667,80.0,200.0
0.0669,167.0,202.0
0.067,-87.0,200.0
0.0672,-150.0,202.0
0.0673,95.0,202.0
0.0674,91.0,202.0
0.0676,-104.0,202.0
0.0677,1.0,198.0
0.0678,130.0,200.0
0.068,-102.0,198.0
0.0681,-157.0,200.0
0.0683,173.0,198.0
0.0684,146.0,200.0
0.0686,-190.0,200.0
0.0687,-100.0,200.0
0.0689,154.0,200.0
0.069,67.0,202.0
0.0691,-78.0,202.0
0.0694,-85.0,202.0
0.0697,-25.0,202.0
0.0699,105.0,202.0
0.0701,104.0,202.0
0.0703,-55.0,200.0
0.0705,-56.0,198.0
0.0707,-21.0,198.0
0.071,-114.0,198.0
0.0712,22.0,198.0
0.0714,250.0,200.0
0.0715,22.0,200.0
0.0717,-215.0,204.0
0.0718,30.0,202.0
0.0721,48.0,202.0
0.0758,-201.0,204.0
0.0806,120.0,204.0
0.0857,321.0,206.0
0.0906,-230.0,206.0
0.0956,-270.0,208.0
0.1006,293.0,210.0
0.1062,139.0,210.0
0.1106,-285.0,214.0
0.1156,-68.0,214.0
0.1206,160.0,216.0
0.1256,57.0,216.0
0.1306,57.0,216.0
0.1356,-18.0,216.0
0.1406,-272.0,218.0
0.1455,-38.0,218.0
0.1506,390.0,222.0
0.1556,-9.0,220.0
0.1606,-399.0,226.0
0.1657,171.0,226.0
0.1708,358.0,232.0
0.1756,-281.0,234.0
0.1806,-294.0,238.0
0.1856,233.0,240.0
0.1909,171.0,242.0
0.1959,-112.0,240.0
0.2006,21.0,240.0
0.2055,50.0,240.0
0.2106,-205.0,242.0
0.2158,-72.0,242.0
0.2207,260.0,246.0
0.2258,87.0,246.0
0.2306,-131.0,248.0
0.2357,2.0,246.0
0.2407,-97.0,246.0
0.2463,-178.0,246.0
0.2506,268.0,248.0
0.2556,299.0,248.0
0.2606,-293.0,250.0
0.2656,-246.0,254.0
0.2708,227.0,256.0
0.2759,68.0,256.0
0.2808,-167.0,258.0
0.2857,72.0,258.0
0.2906,130.0,258.0
0.2956,-81.0,258.0
0.3009,-69.0,258.0
0.3058,8.0,256.0
0.3107,-19.0,254.0
0.3156,30.0,252.0
0.3205,94.0,250.0
0.3255,17.0,250.0
0.3306,-116.0,248.0
0.3356,-114.0,248.0
0.3406,74.0,246.0
0.3456,162.0,244.0
0.3506,-2.0,244.0
0.3556,-119.0,240.0
0.3608,-24.0,240.0
0.3657,73.0,236.0
0.3707,-6.0,236.0
0.3756,-124.0,234.0
0.3805,2.0,232.0
0.3859,221.0,232.0
0.3905,93.0,232.0
0.3956,-235.0,234.0
0.4008,-191.0,236.0
0.4055,151.0,238.0
0.4106,177.0,238.0
0.4155,-81.0,240.0
0.4206,-80.0,238.0
0.4261,89.0,240.0
0.4307,16.0,238.0
0.4356,-124.0,240.0
0.4405,-31.0,240.0
0.4457,117.0,242.0
0.4507,76.0,240.0
0.4557,-75.0,240.0
0.4607,-109.0,240.0
0.4656,47.0,238.0
0.4706,156.0,238.0
0.4758,-42.0,238.0
0.4808,-249.0,242.0
0.4857,20.0,242.0
0.4906,351.0,248.0
0.4956,28.0,248.0
0.5015,-409.0,252.0
0.5061,-82.0,254.0
0.5108,390.0,258.0
0.5156,121.0,258.0
0.5206,-299.0,260.0
0.5256,-101.0,262.0
0.5306,196.0,262.0
0.5356,1.0,260.0
0.5407,-132.0,262.0
0.5456,100.0,262.0
0.5506,78.0,262.0
0.5557,-140.0,264.0
0.5608,11.0,260.0
0.5656,161.0,262.0
0.5706,-91.0,260.0
0.5756,-207.0,262.0
0.5806,76.0,262.0
0.586,219.0,264.0
0.5906,18.0,264.0
0.5957,-111.0,264.0
0.6007,-60.0,264.0
0.6056,-93.0,262.0
0.6107,-37.0,260.0
0.6164,277.0,262.0
0.6207,207.0,262.0
0.6258,-335.0,266.0
0.6307,-304.0,268.0
0.6357,254.0,272.0
0.6407,240.0,274.0
0.6458,-122.0,274.0
0.6506,-41.0,276.0
0.6556,30.0,274.0
0.6607,-165.0,274.0
0.6656,28.0,274.0
0.6707,276.0,278.0
0.6758,-95.0,280.0
0.6807,-289.0,282.0
0.6856,129.0,284.0
0.6906,234.0,284.0
0.6956,-83.0,284.0
0.7007,-105.0,282.0
0.7057,27.0,282.0
0.7105,-77.0,282.0
0.7155,-71.0,280.0
0.7206,196.0,282.0
0.7256,186.0,280.0
0.7308,-149.0,278.0
0.7357,-219.0,278.0
0.7406,18.0,274.0
0.7456,124.0,274.0
0.7506,23.0,270.0
0.7556,-16.0,268.0
0.7608,43.0,266.0
0.7656,-8.0,266.0
0.7706,-97.0,266.0
0.7756,-15.0,266.0
0.7806,65.0,264.0
0.7856,24.0,262.0
0.7908,20.0,258.0
0.7957,8.0,258.0
0.8007,-83.0,252.0
0.8055,-75.0,250.0
0.8105,70.0,246.0
0.8157,132.0,244.0
0.8206,15.0,240.0
0.8257,-101.0,238.0
0.8306,-104.0,236.0
0.8355,-30.0,236.0
0.8405,126.0,236.0
0.8456,168.0,238.0
0.8506,-88.0,236.0
0.8558,-225.0,240.0
0.8606,44.0,236.0
0.8656,206.0,238.0
0.8705,-42.0,236.0
0.8758,-152.0,238.0
0.8806,113.0,238.0
0.8856,83.0,238.0
0.8907,-246.0,236.0
0.8956,-27.0,232.0
0.9006,378.0,234.0
0.9058,24.0,230.0
0.9107,-436.0,234.0
0.9158,-68.0,234.0
0.9205,379.0,238.0
0.9256,100.0,238.0
0.9307,-224.0,240.0
0.9356,-71.0,238.0
0.9406,41.0,238.0
0.9456,1.0,238.0
0.9505,111.0,240.0
0.9557,48.0,240.0
0.9608,-211.0,242.0
0.9656,-58.0,242.0
0.9709,228.0,244.0
0.9756,33.0,244.0
0.9806,-150.0,244.0
0.9856,32.0,242.0
0.9909,49.0,242.0
0.9957,-109.0,242.0
1.0006,-8.0,242.0
1.0055,125.0,244.0
1.0105,-5.0,244.0
1.0155,-84.0,242.0
1.0206,72.0,244.0
1.0257,75.0,242.0
1.0307,-187.0,242.0
1.0356,-131.0,242.0
1.0405,275.0,242.0
1.0455,183.0,244.0
1.0507,-295.0,246.0
1.0557,-143.0,246.0
1.0606,280.0,250.0
1.0655,1.0,248.0
1.0705,-270.0,252.0
1.0757,152.0,252.0
1.0806,230.0,256.0
1.0856,-218.0,256.0
1.0907,-104.0,258.0
1.0956,202.0,260.0
1.1006,-91.0,258.0
1.1055,-182.0,262.0
1.1108,266.0,262.0
1.1156,190.0,266.0
1.1206,-318.0,266.0
1.1255,-176.0,268.0
1.1309,235.0,266.0
1.1358,107.0,268.0
1.1407,-105.0,264.0
1.1456,-30.0,262.0
1.1505,7.0,256.0
1.1557,10.0,254.0
1.1606,25.0,250.0
1.1656,-46.0,250.0
1.1706,12.0,246.0
1.1756,110.0,248.0
1.1806,-78.0,248.0
1.1856,-172.0,248.0
1.1905,95.0,250.0
1.1956,184.0,250.0
1.2006,-30.0,250.0
1.2057,-125.0,250.0
1.2105,-56.0,248.0
1.2155,43.0,246.0
1.2207,92.0,246.0
1.2263,8.0,244.0
1.2306,-40.0,244.0
1.2356,-17.0,242.0
1.2406,-90.0,242.0
1.2457,-25.0,242.0
1.2508,229.0,244.0
1.2557,105.0,242.0
1.2606,-274.0,242.0
1.2656,-144.0,240.0
1.2706,225.0,238.0
1.2758,103.0,236.0
1.2806,-179.0,236.0
1.2856,-57.0,234.0
1.2905,181.0,236.0
1.2956,79.0,238.0
1.3007,-178.0,238.0
1.3061,-120.0,238.0
1.3107,121.0,236.0
1.3156,84.0,236.0
1.3206,-25.0,232.0
1.3255,37.0,230.0
1.332,-63.0,228.0
1.3358,-168.0,230.0
1.3408,120.0,230.0
1.3456,235.0,232.0
1.3506,-148.0,234.0
1.3557,-216.0,236.0
1.3609,157.0,236.0
1.3658,151.0,236.0
1.3707,-152.0,236.0
1.3756,-95.0,234.0
1.3805,125.0,234.0
1.3856,68.0,234.0
1.3907,-73.0,234.0
1.3957,-63.0,236.0
1.4007,23.0,236.0
1.4056,77.0,236.0
1.4105,-8.0,234.0
1.4158,-106.0,236.0
1.4206,24.0,236.0
1.4257,119.0,238.0
1.4306,-57.0,238.0
1.4356,-88.0,240.0
1.4405,87.0,240.0
1.4455,44.0,238.0
1.4513,-88.0,238.0
1.4556,-33.0,238.0
1.4605,57.0,238.0
1.4655,55.0,238.0
1.4707,-21.0,236.0
1.4757,-71.0,236.0
1.4805,0.0,234.0
1.4858,55.0,232.0
1.4905,0.0,232.0
1.4956,-24.0,228.0
1.5008,12.0,228.0
1.5058,5.0,224.0
1.5106,-9.0,224.0
1.5156,28.0,222.0
1.5205,-33.0,222.0
1.5255,-101.0,222.0
1.5305,96.0,218.0
1.5364,141.0,220.0
1.5408,-151.0,218.0
1.5456,-79.0,218.0
1.5505,190.0,214.0
1.5558,-24.0,214.0
1.5607,-187.0,210.0
1.5656,76.0,210.0
1.5706,129.0,208.0
1.5756,-68.0,208.0
1.5805,-59.0,208.0
1.5855,48.0,210.0
1.5906,19.0,208.0
1.5957,-30.0,208.0
1.6006,7.0,204.0
1.6056,0.0,204.0
1.6107,-49.0,202.0
1.6157,22.0,200.0
1.6206,94.0,200.0
1.6256,12.0,200.0
1.6308,-115.0,200.0
1.636,-108.0,200.0
1.6405,92.0,202.0
1.6461,182.0,202.0
1.6507,-35.0,204.0
1.6557,-156.0,204.0
1.6605,-5.0,204.0
1.6656,46.0,204.0
1.6706,-20.0,200.0
1.6757,59.0,200.0
1.6806,90.0,196.0
1.6855,-93.0,194.0
1.6905,-95.0,192.0
1.6955,84.0,190.0
1.7009,-11.0,186.0
1.706,-111.0,188.0
1.7106,125.0,186.0
1.7156,190.0,186.0
1.7205,-127.0,186.0
1.7255,-248.0,186.0
1.7311,41.0,184.0
1.7356,205.0,184.0
1.7406,13.0,184.0
1.7455,-61.0,182.0
1.7505,18.0,178.0
1.7557,-89.0,176.0
1.7612,-66.0,172.0
1.7657,156.0,172.0
1.7706,51.0,170.0
1.7755,-139.0,170.0
1.7806,13.0,168.0
1.7855,77.0,168.0
1.7908,-74.0,170.0
1.7957,5.0,170.0
1.8005,130.0,172.0
1.8056,-65.0,172.0
1.8106,-191.0,174.0
1.8159,38.0,174.0
1.8209,196.0,176.0
1.8257,61.0,174.0
1.8305,-87.0,174.0
1.8356,-117.0,172.0
1.8413,-58.0,172.0
1.8455,69.0,172.0
1.8508,129.0,174.0
1.8556,8.0,172.0
1.8606,-149.0,174.0
1.8655,-52.0,174.0
1.8706,193.0,176.0
1.8756,91.0,178.0
1.8805,-228.0,180.0
1.8857,-120.0,182.0
1.8905,180.0,180.0
1.8955,66.0,180.0
1.9006,-75.0,176.0
1.9055,65.0,176.0
1.9105,4.0,172.0
1.9156,-151.0,172.0
1.9206,-5.0,170.0
1.9256,115.0,172.0
1.9306,23.0,168.0
1.9356,11.0,168.0
1.9407,21.0,166.0
1.9456,-144.0,166.0
1.9506,-155.0,166.0
1.9555,178.0,168.0
1.9607,283.0,172.0
1.9656,-67.0,172.0
1.9708,-278.0,176.0
1.9756,-108.0,174.0
1.9806,132.0,174.0
1.9855,225.0,174.0
1.9908,11.0,172.0
1.9958,-248.0,172.0
2.0008,-19.0,170.0
2.0056,254.0,172.0
2.0105,-73.0,170.0
2.0155,-305.0,174.0
2.0206,140.0,174.0
2.0257,355.0,178.0
2.0306,-147.0,180.0
2.0356,-345.0,184.0
2.0406,128.0,186.0
2.0458,304.0,190.0
2.0512,-43.0,190.0
2.0558,-272.0,192.0
2.0605,-154.0,194.0
2.0655,211.0,196.0
2.0707,355.0,200.0
2.0758,-96.0,202.0
2.0806,-384.0,206.0
2.0857,14.0,206.0
2.0905,229.0,208.0
2.0955,-54.0,208.0
2.1007,-71.0,208.0
2.1056,170.0,210.0
2.1106,58.0,210.0
2.1157,-214.0,212.0
2.1206,-134.0,214.0
2.1257,126.0,216.0
2.1306,121.0,218.0
2.1357,-5.0,218.0
2.1407,22.0,218.0
2.1456,-42.0,218.0
2.1505,-165.0,220.0
2.1555,51.0,220.0
2.1608,199.0,224.0
2.1657,-83.0,224.0
2.1708,-119.0,224.0
2.1756,140.0,224.0
2.1806,-22.0,222.0
2.1859,-191.0,224.0
2.1907,140.0,222.0
2.1957,188.0,226.0
2.2007,-172.0,224.0
2.2055,-95.0,226.0
2.2105,133.0,226.0
2.2156,-48.0,224.0
2.2206,-75.0,226.0
2.2256,157.0,226.0
2.2306,26.0,226.0
2.2355,-195.0,230.0
2.2405,-9.0,230.0
2.2456,174.0,232.0
2.2505,34.0,232.0
2.2557,-112.0,234.0
2.2607,-64.0,234.0
2.2655,15.0,234.0
2.2705,37.0,232.0
2.2757,74.0,232.0
2.2806,57.0,230.0
2.2856,-86.0,230.0
2.2906,-140.0,230.0
2.2955,7.0,228.0
2.3007,126.0,230.0
2.3055,59.0,230.0
2.3107,-45.0,232.0
2.3156,-20.0,230.0
2.3205,23.0,230.0
2.3255,-72.0,230.0
2.3306,-120.0,230.0
2.3357,80.0,230.0
2.3406,240.0,232.0
2.3455,29.0,232.0
2.3506,-231.0,234.0
2.3556,-142.0,232.0
2.3607,65.0,232.0
2.3657,142.0,230.0
2.3706,122.0,232.0
2.3757,-43.0,228.0
2.3808,-182.0,232.0
2.3857,-35.0,230.0
2.3909,89.0,232.0
2.3963,-9.0,230.0
2.4007,21.0,230.0
2.4057,128.0,230.0
2.4112,-11.0,230.0
2.4157,-169.0,230.0
2.4207,-73.0,230.0
2.4257,96.0,230.0
2.4308,75.0,230.0
2.4358,-47.0,232.0
2.4407,23.0,230.0
2.4459,108.0,230.0
2.4506,-101.0,230.0
2.4556,-182.0,232.0
2.4607,106.0,230.0
2.4656,121.0,230.0
2.4707,-118.0,232.0
2.4758,51.0,230.0
2.4807,180.0,232.0
2.4856,-168.0,234.0
2.4906,-198.0,234.0
2.4957,142.0,236.0
2.5007,72.0,236.0
2.5056,-71.0,236.0
2.5107,138.0,236.0
2.5157,77.0,234.0
2.5207,-263.0,236.0
2.5257,-152.0,236.0
2.5308,220.0,236.0
2.5357,209.0,238.0
2.5407,-86.0,238.0
2.5457,-195.0,240.0
2.5506,-23.0,242.0
2.5557,119.0,240.0
2.5612,61.0,242.0
2.5658,-22.0,240.0
2.5706,-47.0,240.0
2.5756,-46.0,242.0
2.5805,37.0,242.0
2.5857,78.0,240.0
2.5905,-62.0,238.0
2.5956,-114.0,238.0
2.6007,86.0,234.0
2.6055,170.0,236.0
2.6105,-41.0,232.0
2.6156,-212.0,234.0
2.6207,-74.0,234.0
2.6258,178.0,232.0
2.6306,182.0,236.0
2.6356,-36.0,232.0
2.6408,-192.0,234.0
2.6459,-150.0,234.0
2.6508,98.0,234.0
2.6558,238.0,232.0
2.6606,10.0,230.0
2.6657,-149.0,228.0
2.6706,-29.0,226.0
2.6756,-6.0,220.0
2.6807,-43.0,218.0
2.6856,48.0,214.0
2.6905,98.0,216.0
2.6956,46.0,212.0
2.7007,-45.0,210.0
2.7057,-126.0,210.0
2.7107,-85.0,204.0
2.7157,67.0,204.0
2.7206,165.0,200.0
2.7257,90.0,202.0
2.7309,-87.0,200.0
2.7356,-198.0,202.0
2.7406,-91.0,202.0
2.7456,166.0,202.0
2.7506,199.0,204.0
2.7556,-59.0,202.0
2.7609,-135.0,202.0
2.7657,10.0,200.0
2.7708,-41.0,200.0
2.7757,-65.0,200.0
2.7806,196.0,202.0
2.7857,164.0,204.0
2.7908,-239.0,206.0
2.7958,-215.0,208.0
2.8007,174.0,208.0
2.8056,184.0,210.0
2.8106,-63.0,208.0
2.8157,-96.0,208.0
2.8206,-7.0,208.0
2.8257,-6.0,204.0
2.8306,0.0,202.0
2.8356,78.0,202.0
2.8407,28.0,198.0
2.8458,-88.0,198.0
2.8506,-5.0,196.0
2.8555,46.0,196.0
2.8606,-49.0,196.0
2.8655,4.0,194.0
2.8705,67.0,194.0
2.8757,-33.0,192.0
2.8807,-2.0,192.0
2.8855,38.0,190.0
2.8906,-102.0,190.0
2.8955,-33.0,190.0
2.9005,147.0,190.0
2.9058,16.0,190.0
2.9107,-92.0,192.0
2.9155,28.0,192.0
2.9205,-16.0,190.0
2.9255,-106.0,190.0
2.9305,111.0,190.0
2.9355,177.0,192.0
2.9407,-166.0,194.0
2.9456,-185.0,196.0
2.9506,175.0,198.0
2.9556,94.0,198.0
2.9608,-147.0,200.0
2.9656,79.0,200.0
2.9714,119.0,200.0
2.9764,-250.0,204.0
2.9805,-124.0,202.0
2.9855,317.0,206.0
2.9905,119.0,204.0
2.9958,-280.0,206.0
3.0005,-50.0,206.0
3.0056,239.0,208.0
3.0108,-42.0,206.0
3.0158,-268.0,210.0
3.0208,62.0,208.0
3.026,324.0,212.0
3.031,14.0,212.0
3.0357,-313.0,216.0
3.0406,-109.0,218.0
3.046,215.0,218.0
3.0507,128.0,220.0
3.056,-98.0,220.0
3.0607,-58.0,220.0
3.0657,27.0,218.0
3.0709,-29.0,218.0
3.0763,0.0,216.0
3.0804,70.0,218.0
3.0856,-47.0,216.0
3.0907,-57.0,216.0
3.0957,148.0,216.0
3.1009,7.0,214.0
3.1064,-260.0,216.0
3.1112,55.0,216.0
3.1159,294.0,218.0
3.1208,-110.0,218.0
3.1257,-220.0,218.0
3.1315,152.0,218.0
3.1368,95.0,218.0
3.1411,-179.0,218.0
3.1457,18.0,218.0
3.1507,176.0,218.0
3.1557,-121.0,220.0
3.1609,-162.0,218.0
3.1659,203.0,218.0
3.171,166.0,218.0
3.176,-191.0,218.0
3.1807,-152.0,218.0
3.1857,70.0,216.0
3.1912,55.0,216.0
3.196,27.0,216.0
3.2009,79.0,216.0
3.2071,24.0,216.0
3.2109,-119.0,216.0
3.2157,-146.0,218.0
3.2209,45.0,218.0
3.2257,143.0,220.0
3.2313,-17.0,218.0
3.2357,6.0,218.0
3.2407,121.0,218.0
3.246,-125.0,218.0
3.2507,-237.0,220.0
3.2556,98.0,218.0
3.2606,231.0,220.0
3.2657,7.0,218.0
3.2709,-144.0,218.0
3.2762,-87.0,218.0
3.2808,97.0,216.0
3.2857,118.0,216.0
3.2909,-128.0,216.0
3.2958,-127.0,216.0
3.301,182.0,218.0
3.3062,132.0,218.0
3.3112,-197.0,220.0
3.3159,-129.0,222.0
3.3207,185.0,224.0
3.3259,96.0,226.0
3.3309,-181.0,226.0
3.3361,-34.0,226.0
3.341,171.0,228.0
3.3464,-29.0,226.0
3.3507,-131.0,228.0
3.3558,64.0,228.0
3.3607,81.0,226.0
3.3662,-59.0,226.0
3.3717,-43.0,224.0
3.3757,30.0,222.0
3.3807,14.0,222.0
3.3856,-7.0,218.0
3.3911,21.0,216.0
3.3963,18.0,216.0
3.4011,-61.0,214.0
3.4058,-55.0,214.0
3.4107,84.0,216.0
3.416,37.0,214.0
3.4208,-96.0,214.0
3.4255,75.0,212.0
3.4306,128.0,210.0
3.4357,-178.0,210.0
3.441,-142.0,210.0
3.4459,164.0,208.0
3.451,32.0,208.0
3.4559,-111.0,208.0
3.4607,188.0,212.0
3.4655,145.0,214.0
3.471,-327.0,218.0
3.4762,-217.0,220.0
3.4807,274.0,224.0
3.4861,190.0,226.0
3.4907,-163.0,228.0
3.4959,-74.0,230.0
3.5007,135.0,230.0
3.5064,-3.0,230.0
3.5111,-148.0,232.0
3.5172,6.0,232.0
3.5209,122.0,234.0
3.5257,-14.0,232.0
3.5308,-82.0,232.0
3.536,62.0,232.0
3.5412,74.0,232.0
3.5459,-102.0,234.0
3.5507,-100.0,234.0
3.556,82.0,234.0
3.5607,128.0,236.0
3.5656,-29.0,234.0
3.5706,-129.0,234.0
3.5754,31.0,232.0
3.5805,97.0,232.0
3.5866,-103.0,230.0
3.5908,-31.0,228.0
3.5956,161.0,230.0
3.6006,-54.0,228.0
3.6055,-116.0,228.0
3.6105,119.0,228.0
3.6155,-29.0,224.0
3.6207,-141.0,226.0
3.6256,189.0,224.0
3.6307,163.0,224.0
3.6355,-255.0,224.0
3.6405,-210.0,226.0
3.6456,193.0,226.0
3.6505,235.0,228.0
3.6556,-47.0,224.0
3.6605,-177.0,226.0
3.6656,-133.0,224.0
3.6705,16.0,224.0
3.6759,275.0,222.0
3.6807,199.0,224.0
3.6863,-272.0,226.0
3.6905,-336.0,228.0
3.6955,124.0,228.0
3.7006,324.0,234.0
3.7056,33.0,234.0
3.7105,-266.0,236.0
3.7155,-138.0,240.0
3.7205,266.0,242.0
3.7255,249.0,246.0
3.7308,-248.0,248.0
3.7357,-383.0,252.0
3.7407,108.0,254.0
3.7456,456.0,256.0
3.7505,93.0,258.0
3.7557,-403.0,258.0
3.7607,-206.0,260.0
3.7656,255.0,260.0
3.7705,196.0,262.0
3.7755,-107.0,262.0
3.7805,-176.0,262.0
3.7855,24.0,262.0
3.7908,224.0,262.0
3.7956,-15.0,260.0
3.8007,-278.0,262.0
3.8055,57.0,260.0
3.8105,268.0,262.0
3.8157,-108.0,260.0
3.8205,-223.0,262.0
3.8256,122.0,262.0
3.8306,192.0,264.0
3.8355,-104.0,266.0
3.8407,-179.0,268.0
3.8456,103.0,268.0
3.8506,166.0,270.0
3.8556,-149.0,270.0
3.8605,-152.0,272.0
3.8655,232.0,272.0
3.8706,152.0,274.0
3.8758,-323.0,280.0
3.8807,-186.0,280.0
3.8857,357.0,284.0
3.8906,232.0,284.0
3.8956,-252.0,286.0
3.9006,-233.0,286.0
3.9055,30.0,288.0
3.9106,182.0,288.0
3.9157,164.0,288.0
3.9207,-137.0,290.0
3.9257,-220.0,292.0
3.9307,119.0,290.0
3.9357,149.0,292.0
3.9407,-91.0,290.0
3.9455,-31.0,288.0
3.9507,36.0,286.0
3.9557,-65.0,284.0
3.9606,6.0,282.0
3.9657,98.0,282.0
3.9707,-27.0,280.0
3.9758,-50.0,280.0
3.9807,87.0,278.0
3.9857,-32.0,278.0
3.9909,-218.0,280.0
3.9964,45.0,280.0
4.0007,324.0,284.0
4.0057,63.0,284.0
4.0105,-261.0,286.0
4.0155,-184.0,290.0
4.0205,33.0,290.0
4.0255,136.0,292.0
4.0305,165.0,294.0
4.0355,99.0,296.0
4.0406,-183.0,298.0
4.0456,-316.0,302.0
4.0505,93.0,302.0
4.0556,325.0,306.0
4.0606,-69.0,306.0
4.0656,-148.0,306.0
4.0705,175.0,308.0
4.0756,-30.0,304.0
4.0806,-310.0,308.0
4.0855,86.0,306.0
4.0905,319.0,310.0
4.0955,-96.0,310.0
4.1006,-177.0,310.0
4.1057,191.0,312.0
4.1105,-1.0,306.0
4.1156,-329.0,308.0
4.1206,139.0,306.0
4.1255,348.0,308.0
4.1305,-244.0,310.0
4.1355,-199.0,312.0
4.1405,318.0,314.0
4.1458,-26.0,314.0
4.1505,-341.0,318.0
4.1556,210.0,320.0
4.1606,299.0,324.0
4.1655,-286.0,328.0
4.1705,-157.0,328.0
4.1755,309.0,332.0
4.1805,-64.0,332.0
4.1855,-394.0,338.0
4.1905,199.0,338.0
4.1955,491.0,346.0
4.2006,-143.0,346.0
4.2057,-410.0,352.0
4.2106,47.0,350.0
4.2155,134.0,352.0
4.2205,-73.0,352.0
4.2255,128.0,352.0
4.2305,154.0,354.0
4.2355,-214.0,354.0
4.2405,-146.0,356.0
4.2457,144.0,356.0
4.2507,40.0,356.0
4.2556,-28.0,356.0
4.2606,89.0,354.0
4.2655,-13.0,352.0
4.2706,-176.0,352.0
4.2757,-57.0,348.0
4.2806,192.0,348.0
4.2857,144.0,348.0
4.2908,-166.0,346.0
4.2956,-129.0,348.0
4.3009,150.0,348.0
4.3055,34.0,346.0
4.3105,-150.0,348.0
4.3155,37.0,344.0
4.3208,122.0,342.0
4.3255,-49.0,340.0
4.3307,-31.0,334.0
4.3357,63.0,334.0
4.3406,-93.0,330.0
4.3456,-111.0,332.0
4.3507,161.0,330.0
4.3556,125.0,330.0
4.3605,-139.0,328.0
4.3657,-69.0,324.0
4.3705,70.0,322.0
4.3755,32.0,316.0
4.3805,13.0,314.0
4.3855,-86.0,310.0
4.3905,-112.0,310.0
4.3955,173.0,306.0
4.4009,213.0,306.0
4.4056,-191.0,306.0
4.4106,-276.0,306.0
4.4156,121.0,306.0
4.4205,234.0,308.0
4.4258,-54.0,308.0
4.4306,-71.0,306.0
4.4357,63.0,306.0
4.4405,-122.0,304.0
4.4455,-120.0,304.0
4.4505,236.0,304.0
4.4554,135.0,304.0
4.4605,-227.0,304.0
4.4654,-54.0,304.0
4.4706,112.0,302.0
4.4756,-99.0,302.0
4.4807,24.0,300.0
4.4858,228.0,302.0
4.4906,-89.0,300.0
4.4957,-241.0,302.0
4.5007,93.0,302.0
4.5057,155.0,300.0
4.5108,-125.0,300.0
4.5156,-92.0,296.0
4.5206,189.0,296.0
4.5258,110.0,292.0
4.5306,-196.0,292.0
4.536,-156.0,290.0
4.5405,111.0,288.0
4.5455,176.0,290.0
4.5504,33.0,288.0
4.5556,-151.0,288.0
4.5606,-174.0,288.0
4.5655,57.0,286.0
4.5705,232.0,288.0
4.5755,63.0,286.0
4.5805,-167.0,288.0
4.5856,-102.0,288.0
4.5905,52.0,288.0
4.5955,44.0,288.0
4.6005,-13.0,288.0
4.606,3.0,288.0
4.6105,74.0,288.0
4.6156,26.0,288.0
4.6207,-171.0,288.0
4.6256,-104.0,290.0
4.6306,264.0,290.0
4.6356,182.0,292.0
4.6406,-340.0,294.0
4.6455,-228.0,296.0
4.6505,375.0,298.0
4.6556,205.0,298.0
4.6605,-373.0,304.0
4.6656,-89.0,302.0
4.6705,364.0,306.0
4.6756,-96.0,306.0
4.6806,-351.0,308.0
4.6855,284.0,308.0
4.6905,308.0,310.0
4.6955,-385.0,312.0
4.7006,-210.0,314.0
4.7055,356.0,318.0
4.7105,45.0,316.0
4.7155,-248.0,318.0
4.7205,147.0,316.0
4.7256,145.0,318.0
4.7305,-284.0,316.0
4.7355,-84.0,316.0
4.7406,316.0,318.0
4.7455,54.0,316.0
4.7506,-263.0,320.0
4.7555,-12.0,316.0
4.7605,193.0,316.0
4.7657,-60.0,312.0
4.7706,-194.0,312.0
4.7755,92.0,310.0
4.7805,252.0,308.0
4.7856,-1.0,308.0
4.7907,-235.0,306.0
4.7957,-150.0,306.0
4.8005,73.0,302.0
4.8055,208.0,300.0
4.8115,160.0,300.0
4.8156,-100.0,298.0
4.8207,-355.0,302.0
4.8256,-112.0,298.0
4.8305,427.0,302.0
4.8356,287.0,298.0
4.8406,-352.0,302.0
4.8456,-299.0,300.0
4.8508,207.0,302.0
4.8557,160.0,302.0
4.8606,-98.0,302.0
4.8655,17.0,302.0
4.8716,74.0,300.0
4.8757,-148.0,298.0
4.8808,-125.0,298.0
4.8856,161.0,298.0
4.8906,173.0,300.0
4.8955,-32.0,300.0
4.9006,-100.0,302.0
4.9055,-128.0,302.0
4.9107,-96.0,302.0
4.9155,161.0,304.0
4.9205,250.0,304.0
4.9255,-34.0,302.0
4.9305,-189.0,302.0
4.9357,-101.0,302.0
4.9408,-52.0,300.0
4.9455,66.0,302.0
4.9506,255.0,302.0
4.9557,132.0,304.0
4.9606,-256.0,306.0
4.9658,-292.0,310.0
4.9706,106.0,312.0
4.9755,249.0,314.0
4.9805,22.0,314.0
4.9857,-72.0,312.0
4.9907,-15.0,310.0
4.9957,-30.0,308.0
5.0007,-59.0,308.0
5.0055,-7.0,306.0
5.0106,34.0,306.0
5.0165,39.0,306.0
5.0207,125.0,308.0
5.0257,73.0,308.0
5.0306,-259.0,310.0
5.0355,-260.0,312.0
5.0405,244.0,312.0
5.0455,350.0,314.0
5.0506,-166.0,312.0
5.0556,-294.0,316.0
5.0606,181.0,314.0
5.0655,195.0,316.0
5.0706,-305.0,320.0
5.0757,-134.0,322.0
5.0807,426.0,326.0
5.0856,107.0,326.0
5.0905,-441.0,330.0
5.0955,-87.0,328.0
5.1005,317.0,330.0
5.1055,49.0,330.0
5.1106,-72.0,330.0
5.1156,37.0,328.0
5.1205,-210.0,332.0
5.1255,-169.0,330.0
5.1306,395.0,336.0
5.1355,269.0,336.0
5.1406,-402.0,340.0
5.1455,-246.0,342.0
5.1506,295.0,344.0
5.1556,123.0,344.0
5.1608,-190.0,344.0
5.1656,-24.0,344.0
5.1706,137.0,342.0
5.1755,38.0,340.0
5.1806,-123.0,340.0
5.1858,-128.0,340.0
5.1909,86.0,342.0
5.1956,157.0,342.0
5.2005,-3.0,338.0
5.2078,-28.0,338.0
5.2105,-52.0,336.0
5.2156,-159.0,336.0
5.2205,46.0,334.0
5.2257,212.0,336.0
5.2306,-69.0,336.0
5.2355,-100.0,338.0
5.2405,186.0,340.0
5.2456,-12.0,340.0
5.2506,-316.0,344.0
5.2556,7.0,344.0
5.2605,324.0,346.0
5.2655,49.0,346.0
5.2708,-186.0,344.0
5.2757,-31.0,342.0
5.2806,6.0,336.0
5.2856,-60.0,334.0
5.2907,107.0,330.0
5.2956,126.0,328.0
5.3006,-133.0,324.0
5.3057,-110.0,326.0
5.3107,117.0,322.0
5.3156,33.0,320.0
5.3207,-129.0,316.0
5.3256,28.0,312.0
5.3306,196.0,312.0
5.3356,9.0,306.0
5.3406,-265.0,306.0
5.3456,-138.0,302.0
5.3506,262.0,306.0
5.3556,239.0,306.0
5.3606,-185.0,306.0
5.3657,-227.0,308.0
5.3706,92.0,304.0
5.3756,137.0,306.0
5.3806,-24.0,302.0
5.3857,-42.0,300.0
5.3906,-9.0,296.0
5.3958,-22.0,298.0
5.4006,16.0,294.0
5.4056,47.0,294.0
5.4105,-6.0,292.0
5.4158,-25.0,290.0
5.4206,-8.0,286.0
5.4256,-10.0,286.0
5.4306,39.0,284.0
5.4356,-13.0,282.0
5.4406,-118.0,282.0
5.4458,91.0,280.0
5.4506,251.0,282.0
5.4558,-107.0,282.0
5.4606,-363.0,282.0
5.4655,-2.0,280.0
5.4706,347.0,278.0
5.4756,143.0,276.0
5.4807,-185.0,274.0
5.4857,-180.0,272.0
5.4906,-27.0,270.0
5.4955,90.0,268.0
5.5005,154.0,270.0
5.5056,17.0,270.0
5.5108,-139.0,270.0
5.5156,-23.0,268.0
5.5206,60.0,268.0
5.5255,-52.0,266.0
5.5305,-14.0,262.0
5.5357,100.0,264.0
5.5407,2.0,262.0
5.5456,-78.0,262.0
5.5505,6.0,260.0
5.5556,21.0,258.0
5.5606,-1.0,254.0
5.5657,44.0,254.0
5.5706,-3.0,252.0
5.5757,-101.0,252.0
5.5805,-43.0,252.0
5.5856,104.0,252.0
5.5907,127.0,250.0
5.5957,-39.0,248.0
5.6008,-155.0,246.0
5.6056,-27.0,242.0
5.6105,110.0,242.0
5.6156,42.0,240.0
5.6207,-68.0,240.0
5.6256,-26.0,240.0
5.6305,74.0,240.0
5.6355,19.0,240.0
5.6406,-90.0,240.0
5.6457,-30.0,242.0
5.6507,43.0,242.0
5.6555,19.0,242.0
5.6605,68.0,240.0
5.6655,40.0,240.0
5.6706,-157.0,238.0
5.6756,-87.0,236.0
5.6807,172.0,234.0
5.6857,51.0,230.0
5.6906,-155.0,230.0
5.6955,13.0,224.0
5.7005,140.0,224.0
5.7059,-9.0,222.0
5.7108,-106.0,218.0
5.7157,-57.0,218.0
5.7206,39.0,212.0
5.7255,87.0,210.0
5.7307,35.0,204.0
5.7368,-15.0,204.0
5.7405,-65.0,200.0
5.7462,-97.0,200.0
5.7505,41.0,200.0
5.7555,138.0,202.0
5.7605,-28.0,198.0
5.7657,-100.0,198.0
5.7706,51.0,192.0
5.7755,46.0,188.0
5.7805,-69.0,184.0
5.7862,2.0,180.0
5.7905,90.0,176.0
5.7964,-36.0,174.0
5.8006,-174.0,174.0
5.8055,0.0,174.0
5.8105,273.0,176.0
5.8164,103.0,178.0
5.8205,-262.0,180.0
5.8258,-169.0,180.0
5.8306,130.0,180.0
5.8357,121.0,180.0
5.8408,-6.0,180.0
5.8457,4.0,180.0
5.8507,-7.0,180.0
5.8557,-113.0,178.0
5.8606,-65.0,178.0
5.8655,151.0,178.0
5.8705,135.0,178.0
5.8758,-136.0,180.0
5.8808,-150.0,178.0
5.8856,103.0,180.0
5.8907,128.0,178.0
5.8955,-43.0,178.0
5.9007,-102.0,174.0
5.9056,-60.0,174.0
5.9106,63.0,172.0
5.9155,173.0,174.0
5.9205,6.0,174.0
5.9256,-221.0,178.0
5.9306,-81.0,178.0
5.9356,188.0,178.0
5.9405,111.0,178.0
5.9455,-137.0,178.0
5.9505,-92.0,178.0
5.9555,117.0,180.0
5.9607,48.0,178.0
5.9657,-131.0,180.0
5.9706,-4.0,176.0
5.9756,167.0,178.0
5.9805,-7.0,174.0
5.9857,-190.0,176.0
5.9905,-41.0,172.0
5.9958,138.0,170.0
6.0007,125.0,170.0
6.0055,23.0,166.0
6.0106,-141.0,168.0
6.0156,-213.0,168.0
6.0207,30.0,168.0
6.0257,273.0,172.0
6.0307,116.0,174.0
6.0356,-158.0,176.0
6.0406,-172.0,178.0
6.0456,13.0,178.0
6.0506,123.0,180.0
6.0555,6.0,180.0
6.0606,-59.0,180.0
6.0655,74.0,182.0
6.0706,23.0,180.0
6.0757,-124.0,182.0
6.0807,52.0,182.0
6.0858,99.0,182.0
6.0905,-226.0,182.0
6.0957,-93.0,182.0
6.1007,399.0,182.0
6.1055,161.0,184.0
6.1107,-402.0,186.0
6.1155,-207.0,186.0
6.1205,205.0,186.0
6.1255,105.0,186.0
6.1305,20.0,186.0
6.1357,126.0,186.0
6.1417,-75.0,184.0
6.1456,-332.0,190.0
6.1505,-78.0,188.0
6.1555,366.0,194.0
6.1607,304.0,198.0
6.1658,-216.0,200.0
6.1708,-410.0,206.0
6.1755,23.0,206.0
6.1805,321.0,210.0
6.1856,58.0,210.0
6.1907,-130.0,212.0
6.1957,5.0,212.0
6.2006,-15.0,212.0
6.2055,-133.0,214.0
6.2105,50.0,214.0
6.2155,223.0,216.0
6.2207,-18.0,216.0
6.2257,-214.0,218.0
6.2305,-6.0,216.0
6.2355,134.0,216.0
6.2405,-15.0,214.0
6.2457,-94.0,216.0
6.2506,39.0,214.0
6.2557,177.0,216.0
6.2606,-4.0,216.0
6.2655,-340.0,220.0
6.2706,-97.0,220.0
6.2757,447.0,228.0
6.2807,205.0,230.0
6.2856,-390.0,234.0
6.2906,-227.0,238.0
6.2955,214.0,240.0
6.3006,103.0,242.0
6.3055,-96.0,242.0
6.3106,87.0,242.0
6.3157,129.0,242.0
6.3206,-174.0,242.0
6.3255,-206.0,244.0
6.3307,86.0,244.0
6.3355,170.0,246.0
6.3406,41.0,244.0
6.3457,-26.0,244.0
6.3505,-35.0,244.0
6.3555,-64.0,244.0
6.3608,-74.0,244.0
6.3655,20.0,242.0
6.3705,127.0,244.0
6.3755,63.0,244.0
6.3805,-59.0,244.0
6.3855,-76.0,244.0
6.3906,-58.0,244.0
6.3955,12.0,242.0
6.4005,138.0,244.0
6.4055,53.0,244.0
6.4106,-138.0,246.0
6.4159,-26.0,244.0
6.4205,96.0,246.0
6.4255,-101.0,246.0
6.4306,-76.0,246.0
6.4355,213.0,250.0
6.4405,69.0,248.0
6.4457,-210.0,252.0
6.4507,-21.0,248.0
6.4556,133.0,248.0
6.4606,-73.0,244.0
6.4655,-85.0,244.0
6.4705,186.0,244.0
6.4758,119.0,244.0
6.4807,-271.0,248.0
6.4856,-192.0,252.0
6.4906,281.0,256.0
6.4955,202.0,256.0
6.5006,-228.0,260.0
6.5057,-104.0,258.0
6.5106,192.0,260.0
6.5155,-8.0,258.0
6.5206,-184.0,258.0
6.5255,12.0,256.0
6.5306,120.0,256.0
6.5357,84.0,258.0
6.5407,30.0,256.0
6.5455,-138.0,258.0
6.5505,-156.0,258.0
6.5555,77.0,258.0
6.5609,128.0,260.0
6.5655,0.0,256.0
6.5705,31.0,254.0
6.5755,14.0,252.0
6.5805,-175.0,254.0
6.5855,-61.0,252.0
6.5905,202.0,254.0
6.5956,2.0,252.0
6.6006,-151.0,254.0
6.6055,156.0,254.0
6.6105,120.0,256.0
6.6157,-255.0,258.0
6.6209,-124.0,258.0
6.6257,177.0,258.0
6.6306,111.0,260.0
6.6355,30.0,258.0
6.6405,-71.0,258.0
6.6455,-230.0,260.0
6.6507,71.0,260.0
6.6556,321.0,262.0
6.6606,-156.0,264.0
6.6655,-309.0,264.0
6.6709,259.0,266.0
6.6756,253.0,268.0
6.6807,-271.0,268.0
6.6857,-153.0,272.0
6.6905,194.0,272.0
6.6955,6.0,272.0
6.7006,-137.0,274.0
6.7056,92.0,274.0
6.7106,126.0,276.0
6.7156,-42.0,274.0
6.7205,-67.0,274.0
6.7255,-98.0,274.0
6.7307,-63.0,272.0
6.7355,178.0,274.0
6.7407,145.0,270.0
6.7456,-144.0,268.0
6.7505,-86.0,264.0
6.7556,91.0,262.0
6.7605,-52.0,260.0
6.7657,-89.0,260.0
6.7706,156.0,262.0
6.7755,96.0,262.0
6.7804,-201.0,264.0
6.7855,-72.0,260.0
6.7909,207.0,262.0
6.7957,42.0,256.0
6.8006,-160.0,254.0
6.8056,-15.0,250.0
6.8104,50.0,244.0
6.8157,-25.0,244.0
6.8206,69.0,242.0
6.8257,54.0,240.0
6.8307,-116.0,240.0
6.8355,-12.0,240.0
6.8405,59.0,242.0
6.8455,-97.0,242.0
6.8505,40.0,240.0
6.8557,184.0,240.0
6.8611,-89.0,242.0
6.8656,-164.0,240.0
6.8708,76.0,242.0
6.8758,64.0,240.0
6.8805,-59.0,242.0
6.8854,1.0,240.0
6.8905,67.0,240.0
6.8956,55.0,238.0
6.9006,-69.0,240.0
6.9056,-208.0,238.0
6.9105,22.0,236.0
6.9155,315.0,234.0
6.9205,58.0,232.0
6.9255,-272.0,230.0
6.9308,-117.0,228.0
6.9356,120.0,226.0
6.9407,130.0,228.0
6.9456,47.0,226.0
6.9505,-97.0,226.0
6.9555,-191.0,228.0
6.9615,7.0,224.0
6.9656,278.0,226.0
6.9705,111.0,226.0
6.9755,-252.0,228.0
6.9805,-153.0,230.0
6.9855,145.0,232.0
6.9908,43.0,232.0
6.9957,-80.0,232.0
7.0006,133.0,232.0
7.0056,89.0,234.0
7.0106,-215.0,236.0
7.0156,-94.0,236.0
7.0206,152.0,236.0
7.0256,70.0,236.0
7.0306,-17.0,236.0
7.0355,-69.0,238.0
7.0405,-87.0,236.0
7.0456,100.0,238.0
7.0507,113.0,236.0
7.0556,-107.0,238.0
7.0605,-54.0,238.0
7.0654,46.0,236.0
7.0705,-78.0,236.0
7.0758,39.0,234.0
7.0805,233.0,236.0
7.0855,-60.0,234.0
7.0905,-293.0,238.0
7.0956,19.0,236.0
7.1008,199.0,238.0
7.1058,-9.0,238.0
7.1106,-40.0,234.0
7.1155,79.0,234.0
7.1205,-47.0,230.0
7.1255,-160.0,230.0
7.1309,35.0,226.0
7.1358,163.0,226.0
7.1407,4.0,222.0
7.1455,-78.0,222.0
7.1505,-3.0,220.0
7.1555,-10.0,220.0
7.1608,-42.0,216.0
7.1655,14.0,216.0
7.1705,79.0,216.0
7.1755,78.0,216.0
7.1805,-26.0,216.0
7.1856,-188.0,216.0
7.1906,-126.0,216.0
7.1955,209.0,218.0
7.2006,265.0,220.0
7.2089,-102.0,222.0
7.2105,-279.0,226.0
7.2157,-44.0,226.0
7.2207,191.0,226.0
7.2258,98.0,228.0
7.2306,-151.0,226.0
7.2355,-43.0,228.0
7.2405,270.0,230.0
7.2455,11.0,226.0
7.2505,-453.0,232.0
7.2557,-97.0,230.0
7.2606,493.0,236.0
7.2656,211.0,236.0
7.2706,-332.0,240.0
7.2758,-189.0,242.0
7.2807,126.0,242.0
7.2856,2.0,240.0
7.2905,-42.0,238.0
7.2955,205.0,236.0
7.3006,86.0,236.0
7.3056,-285.0,236.0
7.3107,-140.0,234.0
7.3155,225.0,234.0
7.3205,116.0,230.0
7.3255,-119.0,230.0
7.3305,-26.0,228.0
7.3356,47.0,228.0
7.3407,-55.0,226.0
7.3455,-9.0,226.0
7.3505,91.0,224.0
7.3556,-8.0,224.0
7.3605,-100.0,224.0
7.3656,-5.0,224.0
7.3706,91.0,224.0
7.3756,41.0,222.0
7.3805,-72.0,220.0
7.3855,-53.0,220.0
7.3908,92.0,220.0
7.3957,26.0,218.0
7.4006,-179.0,220.0
7.4055,-11.0,220.0
7.4105,258.0,220.0
7.4158,64.0,220.0
7.4207,-209.0,220.0
7.4256,-137.0,222.0
7.4305,28.0,218.0
7.4355,112.0,220.0
7.4406,132.0,220.0
7.4456,30.0,220.0
7.4507,-134.0,220.0
7.4558,-158.0,222.0
7.4605,16.0,222.0
7.4655,147.0,224.0
7.4705,74.0,222.0
7.4757,-7.0,222.0
7.4806,-63.0,222.0
7.4857,-172.0,224.0
7.4906,-22.0,224.0
7.4955,300.0,226.0
7.5005,133.0,226.0
7.5056,-292.0,228.0
7.5105,-217.0,230.0
7.5157,157.0,232.0
7.5205,211.0,234.0
7.5255,-30.0,234.0
7.5306,-118.0,236.0
7.5356,21.0,234.0
7.5406,41.0,234.0
7.5456,-83.0,232.0
7.5505,-35.0,232.0
7.5554,95.0,230.0
7.5604,21.0,228.0
7.5655,-42.0,226.0
7.5706,71.0,224.0
7.5755,-10.0,222.0
7.5805,-171.0,224.0
7.5855,66.0,224.0
7.5908,185.0,224.0
7.5958,-173.0,224.0
7.6006,-143.0,226.0
7.6055,287.0,226.0
7.6105,119.0,228.0
7.6156,-318.0,228.0
7.6205,-120.0,228.0
7.6256,260.0,230.0
7.6306,122.0,230.0
7.6356,-181.0,232.0
7.6405,-140.0,232.0
7.6455,130.0,232.0
7.6505,186.0,232.0
7.6556,-83.0,232.0
7.6606,-204.0,234.0
7.6655,18.0,232.0
7.6705,131.0,234.0
7.6757,34.0,234.0
7.6806,-7.0,232.0
7.6855,-47.0,232.0
7.6905,-52.0,230.0
7.6955,53.0,230.0
7.7005,13.0,230.0
7.7057,-90.0,230.0
7.7107,40.0,230.0
7.7156,118.0,230.0
7.7205,-5.0,226.0
7.7255,-51.0,226.0
7.7306,-108.0,224.0
7.7357,-108.0,226.0
7.7405,196.0,226.0
7.7455,251.0,228.0
7.7505,-211.0,232.0
7.7555,-290.0,234.0
7.7605,199.0,238.0
7.7658,244.0,238.0
7.7706,-196.0,242.0
7.7755,-169.0,242.0
7.7811,169.0,244.0
7.7855,96.0,244.0
7.7908,-83.0,246.0
7.7957,-51.0,246.0
7.8006,-55.0,246.0
7.8055,47.0,246.0
7.8105,212.0,248.0
7.8155,-59.0,248.0
7.8206,-342.0,254.0
7.8257,36.0,250.0
7.8306,398.0,256.0
7.8355,60.0,252.0
7.8406,-359.0,254.0
7.8455,-207.0,256.0
7.8506,242.0,256.0
7.8556,309.0,260.0
7.8605,-93.0,258.0
7.8655,-279.0,260.0
7.8705,-14.0,258.0
7.8756,152.0,260.0
7.8806,21.0,256.0
7.8855,-58.0,258.0
7.8904,36.0,250.0
7.8963,51.0,250.0
7.9005,-53.0,244.0
7.9056,-54.0,240.0
7.9106,6.0,236.0
7.9156,13.0,232.0
7.9205,22.0,232.0
7.9255,10.0,232.0
7.9306,-14.0,230.0
7.9355,31.0,228.0
7.9406,39.0,228.0
7.9455,-65.0,224.0
7.9505,-110.0,224.0
7.9555,13.0,220.0
7.9606,149.0,220.0
7.9657,81.0,220.0
7.9708,-133.0,222.0
7.9755,-127.0,224.0
7.9805,124.0,224.0
7.9857,117.0,226.0
7.9915,-143.0,226.0
7.9955,-89.0,228.0
8.0005,145.0,228.0
8.0055,43.0,230.0
8.0105,-116.0,230.0
8.0155,26.0,230.0
8.0205,71.0,230.0
8.0257,-72.0,230.0
8.0306,-17.0,228.0
8.0355,73.0,230.0
8.0405,-17.0,226.0
8.0458,-54.0,228.0
8.0507,-34.0,224.0
8.0557,26.0,224.0
8.0606,179.0,222.0
8.0656,16.0,220.0
8.0706,-295.0,226.0
8.0758,-26.0,224.0
8.0806,270.0,226.0
8.0856,-58.0,226.0
8.0905,-153.0,226.0
8.0955,203.0,228.0
8.1005,82.0,228.0
8.1056,-276.0,230.0
8.1105,-105.0,230.0
8.1156,180.0,234.0
8.1205,132.0,234.0
8.1255,22.0,232.0
8.1306,-61.0,232.0
8.1355,-162.0,230.0
8.1405,-91.0,230.0
8.1455,147.0,228.0
8.1505,220.0,228.0
8.1554,-44.0,226.0
8.1607,-245.0,226.0
8.1656,-14.0,226.0
8.1705,208.0,228.0
8.1756,-16.0,228.0
8.1805,-198.0,230.0
8.1854,61.0,230.0
8.1905,219.0,232.0
8.1956,-59.0,232.0
8.2007,-193.0,234.0
8.2054,28.0,234.0
8.2104,97.0,236.0
8.2155,1.0,234.0
8.2206,1.0,232.0
8.2255,-33.0,232.0
8.2305,-54.0,230.0
8.2355,76.0,228.0
8.2405,62.0,226.0
8.2456,-112.0,224.0
8.2505,-36.0,222.0
8.2555,120.0,220.0
8.2604,-6.0,218.0
8.2655,-108.0,216.0
8.2705,52.0,214.0
8.2756,109.0,214.0
8.2805,-88.0,212.0
8.2855,-129.0,212.0
8.2905,103.0,212.0
8.2955,151.0,212.0
8.3005,-94.0,210.0
8.3058,-152.0,212.0
8.3105,75.0,212.0
8.3155,118.0,214.0
8.3204,-81.0,214.0
8.3255,-72.0,214.0
8.3307,122.0,216.0
8.3355,59.0,216.0
8.3405,-156.0,218.0
8.3455,-81.0,218.0
8.3505,136.0,220.0
8.3555,103.0,220.0
8.3608,-50.0,220.0
8.3657,-82.0,220.0
8.3705,-46.0,220.0
8.3755,9.0,218.0
8.3805,64.0,216.0
8.3854,69.0,212.0
8.3906,7.0,210.0
8.3955,-107.0,206.0
8.4005,-71.0,204.0
8.4054,125.0,204.0
8.4105,60.0,200.0
8.4156,-157.0,200.0
8.4206,-9.0,198.0
8.4255,168.0,200.0
8.4305,-40.0,198.0
8.4355,-130.0,200.0
8.4405,75.0,200.0
8.4454,67.0,200.0
8.4506,-72.0,198.0
8.4555,4.0,198.0
8.4605,41.0,192.0
8.4655,-97.0,194.0
8.4705,-39.0,188.0
8.4757,174.0,190.0
8.4806,97.0,186.0
8.4856,-164.0,186.0
8.4905,-154.0,184.0
8.4954,57.0,180.0
8.5008,112.0,180.0
8.5064,74.0,176.0
8.5104,32.0,178.0
8.5162,-144.0,178.0
8.521,-162.0,180.0
8.5257,141.0,180.0
8.5312,173.0,182.0
8.536,-119.0,184.0
8.5412,-59.0,184.0
8.5455,139.0,186.0
8.5505,-121.0,188.0
8.5557,-221.0,190.0
8.5611,282.0,194.0
8.566,323.0,200.0
8.5704,-329.0,204.0
8.5763,-352.0,210.0
8.5807,242.0,212.0
8.5856,239.0,216.0
8.5914,-107.0,216.0
8.596,-26.0,216.0
8.6007,13.0,214.0
8.6056,-166.0,214.0
8.6108,23.0,212.0
8.6157,241.0,214.0
8.6212,-41.0,214.0
8.6257,-186.0,214.0
8.6308,79.0,214.0
8.6357,74.0,214.0
8.6406,-130.0,212.0
8.6462,14.0,212.0
8.6504,137.0,212.0
8.6555,-76.0,214.0
8.6604,-81.0,214.0
8.6657,142.0,214.0
8.6704,20.0,214.0
8.6764,-214.0,216.0
8.6805,-10.0,216.0
8.6855,246.0,220.0
8.6904,38.0,220.0
8.6954,-201.0,222.0
8.7016,-50.0,220.0
8.7073,101.0,222.0
8.7105,20.0,218.0
8.716,-16.0,218.0
8.7209,31.0,214.0
8.7258,-6.0,212.0
8.7307,-59.0,212.0
8.7362,5.0,208.0
8.741,52.0,208.0
8.746,-60.0,204.0
8.7506,-78.0,204.0
8.7556,159.0,204.0
8.7605,174.0,204.0
8.766,-183.0,206.0
8.7705,-259.0,210.0
8.7754,92.0,208.0
8.7807,248.0,212.0
8.7857,27.0,210.0
8.7916,-149.0,208.0
8.796,-117.0,210.0
8.8007,-6.0,206.0
8.8058,179.0,208.0
8.8104,175.0,208.0
8.8157,-208.0,210.0
8.8213,-263.0,212.0
8.8259,216.0,214.0
8.8309,224.0,214.0
8.8364,-220.0,216.0
8.8407,-147.0,216.0
8.8461,201.0,218.0
8.8505,137.0,220.0
8.856,-147.0,222.0
8.8608,-205.0,226.0
8.8657,88.0,226.0
8.8705,313.0,230.0
8.8761,-32.0,230.0
8.8805,-394.0,234.0
8.8857,-32.0,234.0
8.8906,367.0,238.0
8.8966,64.0,238.0
8.9007,-237.0,242.0
8.907,-5.0,240.0
8.9105,123.0,240.0
8.9162,-90.0,240.0
8.9206,-94.0,240.0
8.9255,102.0,240.0
8.9309,90.0,240.0
8.9361,-18.0,238.0
8.9412,-44.0,236.0
8.9462,-54.0,236.0
8.9507,-9.0,234.0
8.9555,45.0,234.0
8.9605,4.0,232.0
8.966,12.0,232.0
8.9705,50.0,230.0
8.9755,-60.0,230.0
8.9806,-80.0,228.0
8.9854,87.0,228.0
8.9911,38.0,228.0
8.996,-112.0,228.0
9.001,60.0,228.0
9.006,135.0,228.0
9.0105,-173.0,230.0
9.0158,-128.0,232.0
9.0213,249.0,236.0
9.0262,61.0,236.0
9.0306,-254.0,238.0
9.0358,55.0,238.0
9.0407,221.0,240.0
9.0461,-154.0,240.0
9.0512,-213.0,244.0
9.0559,171.0,244.0
9.0609,240.0,248.0
9.0657,-103.0,246.0
9.0706,-259.0,250.0
9.0755,-8.0,248.0
9.0815,227.0,250.0
9.0859,107.0,250.0
9.0907,-125.0,252.0
9.0957,-137.0,254.0
9.1008,-3.0,252.0
9.1061,87.0,252.0
9.1104,87.0,254.0
9.116,-33.0,252.0
9.1207,-114.0,252.0
9.1258,30.0,250.0
9.1308,130.0,250.0
9.1358,-42.0,248.0
9.1411,-146.0,250.0
9.1462,31.0,248.0
9.1507,128.0,250.0
9.1557,-31.0,248.0
9.161,-82.0,248.0
9.1662,65.0,246.0
9.1704,48.0,244.0
9.1756,-66.0,244.0
9.1804,-11.0,242.0
9.1858,-15.0,240.0
9.1906,-80.0,240.0
9.1959,99.0,238.0
9.2012,188.0,236.0
9.2061,-49.0,232.0
9.2108,-164.0,230.0
9.2154,-125.0,226.0
9.2214,-71.0,224.0
9.2259,264.0,224.0
9.2306,387.0,228.0
9.2359,-267.0,232.0
9.2407,-558.0,240.0
9.2458,209.0,242.0
9.2511,506.0,248.0
9.256,-182.0,248.0
9.2607,-351.0,252.0
9.2657,143.0,252.0
9.2707,209.0,254.0
9.2763,-14.0,254.0
9.2804,-60.0,252.0
9.2855,-138.0,254.0
9.2906,-133.0,254.0
9.2958,170.0,256.0
9.3007,295.0,258.0
9.3061,-63.0,258.0
9.3104,-336.0,262.0
9.3166,-53.0,260.0
9.3207,273.0,264.0
9.3256,94.0,262.0
9.3312,-176.0,264.0
9.3363,-67.0,262.0
9.341,115.0,262.0
9.3467,10.0,262.0
9.3508,-124.0,262.0
9.3558,30.0,264.0
9.3609,161.0,266.0
9.3665,-47.0,266.0
9.3704,-159.0,268.0
9.3758,64.0,268.0
9.3807,116.0,270.0
9.3855,-83.0,270.0
9.391,-52.0,270.0
9.396,104.0,268.0
9.4013,-32.0,266.0
9.4057,-134.0,266.0
9.4106,109.0,264.0
9.4157,145.0,264.0
9.4211,-133.0,262.0
9.4259,-104.0,264.0
9.4304,84.0,262.0
9.4356,38.0,262.0
9.4407,36.0,262.0
9.4461,34.0,260.0
9.4505,-177.0,260.0
9.456,-100.0,258.0
9.4607,218.0,256.0
9.4654,72.0,254.0
9.4705,-108.0,252.0
9.4766,114.0,252.0
9.4805,-52.0,250.0
9.4855,-372.0,252.0
9.4905,118.0,252.0
9.4957,540.0,258.0
9.5011,-42.0,256.0
9.5065,-513.0,262.0
9.5104,-68.0,258.0
9.5155,316.0,262.0
9.5208,59.0,258.0
9.5255,-79.0,258.0
9.5304,91.0,254.0
9.5356,-75.0,254.0
9.5405,-262.0,254.0
9.5455,107.0,256.0
9.5505,330.0,260.0
9.5555,-37.0,258.0
9.5606,-269.0,262.0
9.5655,-70.0,260.0
9.5705,143.0,262.0
9.5755,123.0,264.0
9.5805,-64.0,264.0
9.5855,-83.0,264.0
9.5905,80.0,266.0
9.5956,-13.0,264.0
9.6006,-115.0,266.0
9.6055,133.0,268.0
9.6105,94.0,270.0
9.6154,-252.0,272.0
9.6204,-9.0,270.0
9.6254,342.0,274.0
9.6305,-110.0,276.0
9.6355,-395.0,280.0
9.6405,208.0,282.0
9.6456,390.0,286.0
9.6506,-223.0,288.0
9.6555,-293.0,290.0
9.6604,180.0,290.0
9.6655,138.0,290.0
9.6705,-137.0,288.0
9.6755,-11.0,288.0
9.6806,78.0,286.0
9.6855,-48.0,284.0
9.6905,25.0,280.0
9.6959,47.0,278.0
9.7005,-135.0,278.0
9.7057,-10.0,276.0
9.7105,192.0,274.0
9.7154,-17.0,274.0
9.7204,-164.0,274.0
9.7255,34.0,272.0
9.7306,82.0,272.0
9.7356,-75.0,272.0
9.7407,-58.0,272.0
9.7455,90.0,272.0
9.7506,118.0,272.0
9.7557,3.0,272.0
9.7606,-129.0,272.0
9.7657,-163.0,274.0
9.7705,12.0,272.0
9.7755,265.0,276.0
9.7807,134.0,276.0
9.7855,-252.0,280.0
9.7907,-182.0,280.0
9.7955,166.0,282.0
9.8005,120.0,282.0
9.8055,-94.0,284.0
9.8106,-23.0,282.0
9.8154,70.0,282.0
9.8205,-68.0,284.0
9.8255,-78.0,284.0
9.8304,166.0,286.0
9.8355,117.0,286.0
9.8406,-252.0,288.0
9.8454,-162.0,290.0
9.8506,275.0,290.0
9.8555,139.0,292.0
9.8605,-231.0,294.0
9.8654,-26.0,290.0
9.8704,159.0,286.0
9.8758,-106.0,284.0
9.8805,-84.0,276.0
9.8857,183.0,276.0
9.8904,8.0,268.0
9.8955,-177.0,268.0
9.9005,49.0,264.0
9.9056,94.0,262.0
9.9105,-79.0,260.0
9.9156,47.0,262.0
9.9204,107.0,262.0
9.9255,-181.0,262.0
9.9309,-159.0,264.0
9.9355,217.0,264.0
9.9405,210.0,262.0
9.9456,-152.0,264.0
9.9506,-219.0,262.0
9.9554,84.0,262.0
9.9607,175.0,260.0
9.9657,-115.0,262.0
9.9705,-118.0,260.0
9.9756,259.0,264.0
9.9805,108.0,264.0
9.9856,-416.0,270.0
9.9908,-124.0,270.0
9.9956,470.0,276.0
10.0006,85.0,276.0
10.0056,-415.0,282.0
10.0105,-8.0,278.0
10.0156,304.0,282.0
10.0205,0.0,280.0
10.0257,-122.0,282.0
10.0305,-64.0,282.0
10.0355,-136.0,282.0
10.0404,85.0,282.0
10.0454,335.0,286.0
10.0504,-41.0,284.0
10.0558,-333.0,288.0
10.0604,50.0,286.0
10.0654,191.0,288.0
10.0705,-188.0,290.0
10.0756,-93.0,290.0
10.0807,321.0,294.0
10.0854,110.0,296.0
10.0905,-255.0,298.0
10.0954,-114.0,298.0
10.1005,25.0,294.0
10.1055,-27.0,294.0
10.1105,133.0,294.0
10.1155,238.0,296.0
10.1205,-102.0,296.0
10.1255,-328.0,296.0
10.1308,-34.0,294.0
10.1354,244.0,290.0
10.1404,176.0,292.0
10.1454,-63.0,286.0
10.1507,-283.0,288.0
10.1557,-140.0,286.0
10.1607,289.0,290.0
10.1656,295.0,292.0
10.1705,-161.0,294.0
10.1755,-331.0,298.0
10.1805,10.0,294.0
10.1855,278.0,296.0
10.1905,13.0,292.0
10.1955,-255.0,296.0
10.2004,78.0,292.0
10.2062,299.0,296.0
10.2107,-136.0,296.0
10.2155,-306.0,298.0
10.2205,70.0,298.0
10.2257,173.0,300.0
10.2305,33.0,300.0
10.2354,52.0,300.0
10.2404,-53.0,298.0
10.2455,-226.0,300.0
10.2505,1.0,298.0
10.2557,264.0,300.0
10.2604,21.0,300.0
10.2655,-185.0,296.0
10.2705,23.0,296.0
10.2757,45.0,290.0
10.2805,-105.0,288.0
10.2854,70.0,284.0
10.2905,195.0,282.0
10.2955,-71.0,280.0
10.3005,-261.0,280.0
10.3057,-41.0,280.0
10.3108,278.0,282.0
10.3155,165.0,284.0
10.3204,-259.0,286.0
10.3256,-205.0,290.0
10.3305,275.0,292.0
10.3356,178.0,296.0
10.3411,-386.0,298.0
10.3457,-185.0,302.0
10.3507,500.0,306.0
10.3555,251.0,310.0
10.3606,-458.0,314.0
10.3656,-246.0,318.0
10.3705,286.0,322.0
10.3756,91.0,322.0
10.3807,-183.0,324.0
10.3856,102.0,324.0
10.3908,222.0,326.0
10.3955,-205.0,328.0
10.4006,-276.0,330.0
10.4055,207.0,332.0
10.4105,230.0,334.0
10.4155,-154.0,334.0
10.4206,-112.0,332.0
10.4256,77.0,330.0
10.4305,15.0,328.0
10.4354,0.0,324.0
10.4404,35.0,324.0
10.4454,-40.0,322.0
10.4504,-67.0,324.0
10.4555,11.0,322.0
10.4605,76.0,322.0
10.4654,53.0,322.0
10.4704,-27.0,320.0
10.4756,-69.0,320.0
10.4805,-73.0,316.0
10.4854,-3.0,314.0
10.4905,163.0,312.0
10.4954,94.0,312.0
10.5007,-196.0,310.0
10.5058,-107.0,312.0
10.5107,176.0,312.0
10.5156,38.0,312.0
10.5207,-153.0,312.0
10.5254,42.0,310.0
10.5305,191.0,314.0
10.5355,-89.0,312.0
10.5405,-300.0,316.0
10.5454,81.0,316.0
10.5507,402.0,320.0
10.5556,-30.0,320.0
10.5605,-412.0,326.0
10.5656,7.0,322.0
10.5705,351.0,326.0
10.5755,-64.0,322.0
10.5804,-308.0,324.0
10.5855,136.0,324.0
10.5906,277.0,326.0
10.5956,-130.0,326.0
10.6007,-170.0,326.0
10.6054,57.0,324.0
10.6105,-27.0,324.0
10.6156,-16.0,320.0
10.6205,185.0,320.0
10.6254,51.0,316.0
10.6305,-167.0,316.0
10.6356,-89.0,310.0
10.6404,23.0,308.0
10.6457,52.0,304.0
10.6505,61.0,304.0
10.6555,11.0,300.0
10.6604,-4.0,300.0
10.6654,1.0,298.0
10.6705,-97.0,298.0
10.6756,-83.0,298.0
10.6806,148.0,298.0
10.6855,127.0,296.0
10.6905,-184.0,298.0
10.6954,-94.0,294.0
10.7004,273.0,298.0
10.7054,69.0,296.0
10.7106,-352.0,298.0
10.7156,-105.0,298.0
10.7205,315.0,298.0
10.7255,144.0,298.0
10.7305,-193.0,298.0
10.7356,-113.0,298.0
10.7408,103.0,298.0
10.7456,4.0,298.0
10.7507,-105.0,298.0
10.7555,112.0,296.0
10.7607,171.0,296.0
10.7657,-136.0,294.0
10.7704,-224.0,296.0
10.7755,39.0,294.0
10.7807,189.0,294.0
10.7854,90.0,294.0
10.7907,-75.0,290.0
10.7954,-152.0,292.0
10.8006,-13.0,286.0
10.8054,139.0,284.0
10.8104,-6.0,282.0
10.8154,-126.0,278.0
10.8204,99.0,280.0
10.8256,160.0,278.0
10.8305,-148.0,280.0
10.8355,-205.0,280.0
10.8406,81.0,280.0
10.8456,209.0,278.0
10.8505,72.0,278.0
10.8555,-169.0,276.0
10.8604,-208.0,278.0
10.8654,134.0,276.0
10.8706,216.0,280.0
10.8759,-165.0,282.0
10.8807,-93.0,282.0
10.8856,251.0,282.0
10.8904,-57.0,284.0
10.8954,-274.0,284.0
10.9005,151.0,286.0
10.9054,139.0,284.0
10.9105,-179.0,288.0
10.9156,108.0,288.0
10.9204,179.0,290.0
10.9254,-334.0,294.0
10.9305,-194.0,294.0
10.9356,425.0,298.0
10.9405,222.0,298.0
10.9456,-340.0,302.0
10.9506,-198.0,302.0
10.9565,152.0,302.0
10.9605,81.0,298.0
10.9655,-19.0,296.0
10.9705,58.0,292.0
10.9754,5.0,290.0
10.9805,-106.0,286.0
10.9856,0.0,282.0
10.9906,56.0,276.0
10.9956,-122.0,274.0
11.0007,-16.0,266.0
11.0058,316.0,268.0
11.0105,30.0,264.0
11.0157,-427.0,268.0
11.0204,-16.0,266.0
11.0256,414.0,272.0
11.0305,-51.0,268.0
11.0355,-343.0,270.0
11.0404,91.0,268.0
11.0454,224.0,268.0
11.0504,-73.0,266.0
11.0556,-45.0,264.0
11.0604,61.0,264.0
11.0655,-121.0,264.0
11.0708,-100.0,266.0
11.0759,180.0,268.0
11.0805,180.0,270.0
11.0855,-104.0,272.0
11.0904,-240.0,274.0
11.0954,-47.0,274.0
11.1006,210.0,276.0
11.1056,167.0,278.0
11.1105,-108.0,280.0
11.1156,-182.0,282.0
11.1206,56.0,282.0
11.1254,101.0,282.0
11.1305,-141.0,282.0
11.1356,-11.0,282.0
11.1405,298.0,282.0
11.1455,0.0,280.0
11.1504,-368.0,284.0
11.1554,-53.0,284.0
11.1604,307.0,286.0
11.1655,76.0,288.0
11.1705,-217.0,288.0
11.1755,-30.0,286.0
11.1805,160.0,284.0
11.1855,-50.0,284.0
11.1906,-93.0,280.0
11.1955,134.0,280.0
11.2006,9.0,274.0
11.2054,-200.0,278.0
11.2105,43.0,272.0
11.2154,210.0,274.0
11.2204,-55.0,270.0
11.2257,-144.0,272.0
11.2304,58.0,268.0
11.2355,47.0,266.0
11.2405,-56.0,264.0
11.2454,30.0,264.0
11.2506,23.0,264.0
11.2556,-122.0,266.0
11.2607,5.0,262.0
11.2655,267.0,266.0
11.2704,52.0,264.0
11.2759,-375.0,268.0
11.2805,-188.0,272.0
11.2857,352.0,276.0
11.2905,278.0,280.0
11.2954,-231.0,284.0
11.3004,-237.0,286.0
11.3054,110.0,288.0
11.3104,92.0,288.0
11.3156,-47.0,288.0
11.3205,74.0,286.0
11.3254,58.0,286.0
11.3308,-189.0,286.0
11.3355,-107.0,286.0
11.3405,209.0,284.0
11.3455,108.0,286.0
11.3507,-169.0,282.0
11.3555,-12.0,282.0
11.3607,166.0,278.0
11.3658,-119.0,278.0
11.3705,-255.0,280.0
11.3754,171.0,280.0
11.3804,358.0,284.0
11.3856,-126.0,286.0
11.3908,-342.0,290.0
11.3956,101.0,290.0
11.4006,187.0,290.0
11.4054,-180.0,290.0
11.4106,0.0,288.0
11.4154,280.0,290.0
11.4207,-115.0,290.0
11.4255,-288.0,292.0
11.4305,126.0,294.0
11.4354,199.0,294.0
11.4406,-68.0,296.0
11.4455,-80.0,294.0
11.4506,17.0,294.0
11.4554,19.0,292.0
11.4604,9.0,292.0
11.4655,-75.0,290.0
11.4704,-72.0,288.0
11.4758,174.0,288.0
11.4804,170.0,290.0
11.4857,-196.0,290.0
11.4904,-216.0,292.0
11.4954,142.0,292.0
11.5005,188.0,292.0
11.5054,-95.0,290.0
11.5105,-171.0,290.0
11.5156,74.0,288.0
11.5206,243.0,290.0
11.5256,-19.0,288.0
11.5304,-390.0,292.0
11.5355,-127.0,290.0
11.5404,499.0,296.0
11.5454,309.0,298.0
11.5508,-478.0,302.0
11.5555,-382.0,308.0
11.5605,363.0,310.0
11.5657,288.0,310.0
11.5705,-267.0,310.0
11.5756,-126.0,306.0
11.5805,264.0,306.0
11.5856,68.0,302.0
11.5908,-317.0,304.0
11.5957,-178.0,304.0
11.6006,298.0,308.0
11.6054,303.0,312.0
11.6106,-153.0,314.0
11.6156,-234.0,318.0
11.6206,18.0,316.0
11.6256,-13.0,316.0
11.6304,-54.0,316.0
11.6355,203.0,318.0
11.6405,209.0,320.0
11.6461,-184.0,318.0
11.6505,-275.0,322.0
11.6555,52.0,316.0
11.6604,143.0,318.0
11.6654,6.0,312.0
11.6706,74.0,312.0
11.6758,59.0,308.0
11.6805,-200.0,310.0
11.6856,-158.0,308.0
11.6905,186.0,310.0
11.6955,192.0,312.0
11.7006,-107.0,314.0
11.7059,-133.0,314.0
11.7105,50.0,312.0
11.7155,0.0,310.0
11.7204,-58.0,308.0
11.7255,149.0,308.0
11.7306,113.0,306.0
11.7355,-212.0,310.0
11.7405,-134.0,308.0
11.7456,149.0,308.0
11.7508,59.0,306.0
11.7554,-39.0,304.0
11.7604,58.0,304.0
11.7654,-6.0,304.0
11.7704,-92.0,302.0
11.7755,-37.0,302.0
11.7805,-10.0,298.0
11.7854,86.0,300.0
11.7908,168.0,296.0
11.7954,-47.0,296.0
11.8004,-240.0,296.0
11.8054,-64.0,296.0
11.8105,176.0,294.0
11.8156,146.0,296.0
11.8206,-96.0,296.0
11.8257,-155.0,298.0
11.8305,142.0,298.0
11.8354,164.0,298.0
11.8404,-260.0,302.0
11.8456,-202.0,302.0
11.8507,279.0,306.0
11.8555,169.0,306.0
11.8605,-168.0,308.0
11.8655,-32.0,306.0
11.8704,63.0,306.0
11.8757,-86.0,306.0
11.8807,-41.0,306.0
11.8857,110.0,308.0
11.8904,74.0,308.0
11.8954,-91.0,308.0
11.9006,-149.0,310.0
11.9054,42.0,306.0
11.9106,229.0,308.0
11.9157,70.0,304.0
11.9204,-215.0,304.0
11.9255,-176.0,302.0
11.9306,90.0,298.0
11.9355,172.0,298.0
11.9404,12.0,294.0
11.9456,-84.0,294.0
11.9504,0.0,292.0
11.9554,7.0,292.0
11.9605,-66.0,292.0
11.9655,32.0,292.0
11.9704,87.0,290.0
11.9755,-50.0,288.0
11.9815,-69.0,286.0
11.9855,26.0,286.0
11.9906,58.0,284.0
11.9954,31.0,284.0
12.0004,-54.0,282.0
12.0054,-58.0,282.0
12.0105,43.0,278.0
12.0155,22.0,276.0
12.0206,-36.0,270.0
12.0256,23.0,270.0
12.0304,26.0,264.0
12.0355,-37.0,264.0
12.0404,28.0,260.0
12.0454,49.0,258.0
12.0507,-129.0,260.0
12.0556,-92.0,258.0
12.0605,192.0,258.0
12.0655,120.0,256.0
12.0705,-152.0,256.0
12.0756,-66.0,254.0
12.0805,69.0,254.0
12.0855,-40.0,254.0
12.0905,-10.0,254.0
12.0954,106.0,256.0
12.1006,-55.0,256.0
12.1056,-112.0,256.0
12.1105,140.0,258.0
12.1157,128.0,256.0
12.1205,-136.0,256.0
12.1255,-167.0,256.0
12.1306,-25.0,252.0
12.1356,135.0,252.0
12.1406,261.0,254.0
12.1456,36.0,252.0
12.1507,-404.0,256.0
12.1555,-251.0,260.0
12.1605,353.0,262.0
12.1655,311.0,266.0
12.1705,-181.0,262.0
12.1755,-133.0,262.0
12.1804,72.0,256.0
12.1864,-159.0,254.0
12.1907,-108.0,248.0
12.1956,368.0,248.0
12.2006,204.0,244.0
12.2055,-389.0,246.0
12.2106,-221.0,246.0
12.2154,275.0,248.0
12.2205,94.0,246.0
12.2257,-175.0,248.0
12.2305,109.0,244.0
12.2355,177.0,244.0
12.2404,-245.0,244.0
12.2454,-239.0,242.0
12.2504,229.0,244.0
12.2555,257.0,244.0
12.2605,-102.0,244.0
12.2655,-189.0,248.0
12.2705,-14.0,248.0
12.2757,109.0,246.0
12.2804,37.0,242.0
12.2855,-101.0,242.0
12.2904,4.0,238.0
12.2955,143.0,238.0
12.3006,-25.0,236.0
12.3054,-148.0,240.0
12.3104,14.0,238.0
12.3165,71.0,238.0
12.3205,-26.0,236.0
12.3254,24.0,234.0
12.3306,72.0,232.0
12.3355,-52.0,230.0
12.3404,-82.0,230.0
12.3454,20.0,228.0
12.3504,5.0,226.0
12.3554,-10.0,226.0
12.3606,109.0,228.0
12.3655,35.0,226.0
12.3705,-173.0,226.0
12.3755,-33.0,224.0
12.3804,147.0,224.0
12.3854,-26.0,222.0
12.3909,-45.0,222.0
12.3956,132.0,224.0
12.4004,-72.0,224.0
12.4055,-268.0,228.0
12.4105,128.0,228.0
12.4158,389.0,234.0
12.4204,-88.0,236.0
12.4255,-407.0,240.0
12.4304,12.0,238.0
12.4354,265.0,242.0
12.4404,6.0,238.0
12.4457,-35.0,238.0
12.4505,54.0,236.0
12.4554,-145.0,236.0
12.4604,-117.0,236.0
12.4655,239.0,236.0
12.4705,112.0,236.0
12.4756,-275.0,238.0
12.4805,-44.0,234.0
12.4855,254.0,236.0
12.4904,-65.0,232.0
12.4954,-177.0,232.0
12.5004,210.0,232.0
12.5054,88.0,234.0
12.5107,-349.0,238.0
12.5157,-44.0,238.0
12.5204,408.0,244.0
12.5254,58.0,242.0
12.5306,-325.0,246.0
12.5354,-60.0,246.0
12.5404,127.0,246.0
12.5454,-48.0,246.0
12.5506,45.0,242.0
12.5554,255.0,246.0
12.5606,-44.0,244.0
12.5655,-412.0,246.0
12.5705,-106.0,248.0
12.5756,390.0,250.0
12.5807,225.0,254.0
12.5856,-209.0,256.0
12.5906,-160.0,258.0
12.5954,15.0,258.0
12.6007,-58.0,258.0
12.6055,39.0,258.0
12.6105,250.0,260.0
12.6155,46.0,260.0
12.6205,-251.0,264.0
12.6255,-109.0,264.0
12.6304,99.0,266.0
12.6354,34.0,266.0
12.6404,27.0,266.0
12.6454,87.0,266.0
12.6504,-53.0,266.0
12.6554,-135.0,268.0
12.6604,47.0,268.0
12.6654,123.0,270.0
12.6707,-60.0,270.0
12.6755,-89.0,270.0
12.6805,91.0,272.0
12.6855,24.0,272.0
12.6904,-156.0,272.0
12.6959,53.0,272.0
12.7005,279.0,272.0
12.7057,-87.0,272.0
12.7104,-422.0,276.0
12.7155,40.0,276.0
12.7204,474.0,282.0
12.7254,57.0,282.0
12.7307,-354.0,288.0
12.7357,-116.0,288.0
12.7405,131.0,290.0
12.7454,108.0,288.0
12.7504,56.0,288.0
12.7561,-93.0,288.0
12.7605,-168.0,288.0
12.7654,91.0,286.0
12.7705,222.0,290.0
12.7764,-59.0,288.0
12.7805,-211.0,288.0
12.7856,16.0,288.0
12.7909,143.0,284.0
12.7956,-37.0,280.0
12.8005,-76.0,276.0
12.8056,140.0,272.0
12.8105,69.0,272.0
12.8156,-270.0,274.0
12.8207,-127.0,274.0
12.8254,356.0,278.0
12.8304,218.0,278.0
12.8355,-353.0,278.0
12.8407,-296.0,280.0
12.8456,253.0,278.0
12.8505,306.0,280.0
12.8555,-80.0,276.0
12.8604,-216.0,278.0
12.8654,-71.0,276.0
12.8704,64.0,276.0
12.8756,102.0,274.0
12.8805,71.0,272.0
12.8855,2.0,268.0
12.8905,-137.0,266.0
12.8954,-169.0,266.0
12.9004,97.0,266.0
12.9056,283.0,266.0
12.9117,40.0,268.0
12.9156,-250.0,270.0
12.9207,-161.0,272.0
12.9254,83.0,272.0
12.9306,134.0,274.0
12.9354,84.0,272.0
12.9404,0.0,272.0
12.9454,-130.0,272.0
12.9505,-73.0,272.0
12.9555,77.0,272.0
12.9604,3.0,272.0
12.9656,-38.0,272.0
12.9704,134.0,274.0
12.9755,71.0,274.0
12.9805,-238.0,276.0
12.9854,-134.0,278.0
12.9906,294.0,282.0
12.9955,156.0,284.0
13.0007,-333.0,288.0
13.0054,-127.0,290.0
13.0105,351.0,292.0
13.0155,91.0,294.0
13.0204,-316.0,296.0
13.0255,-46.0,296.0
13.0305,242.0,300.0
13.0354,-67.0,298.0
13.0404,-188.0,300.0
13.0454,255.0,300.0
13.0506,205.0,302.0
13.0557,-400.0,302.0
13.0604,-275.0,304.0
13.0654,371.0,304.0
13.0704,309.0,308.0
13.0755,-197.0,308.0
13.0804,-262.0,312.0
13.0854,29.0,312.0
13.0906,196.0,314.0
13.0954,43.0,312.0
13.1006,-187.0,312.0
13.1054,-55.0,310.0
13.1104,214.0,312.0
13.1154,74.0,308.0
13.1204,-195.0,310.0
13.1256,-101.0,308.0
13.1306,111.0,310.0
13.1354,87.0,308.0
13.1407,-26.0,304.0
13.1456,-36.0,304.0
13.1504,-13.0,298.0
13.1554,8.0,298.0
13.1605,32.0,292.0
13.1656,-35.0,292.0
13.1705,-70.0,288.0
13.1755,89.0,288.0
13.1804,113.0,288.0
13.1854,-118.0,290.0
13.1909,-103.0,290.0
13.1955,110.0,288.0
13.2004,16.0,288.0
13.2054,-106.0,282.0
13.2117,87.0,282.0
13.2154,133.0,278.0
13.2205,-126.0,276.0
13.2255,-171.0,276.0
13.2304,80.0,276.0
13.2354,161.0,278.0
13.2405,-4.0,276.0
13.2454,-65.0,276.0
13.2504,-9.0,274.0
13.2554,-37.0,272.0
13.2604,-64.0,270.0
13.2654,-4.0,268.0
13.2705,130.0,268.0
13.2757,207.0,272.0
13.2805,-74.0,272.0
13.2854,-403.0,278.0
13.2906,-75.0,278.0
13.2955,441.0,282.0
13.3005,200.0,284.0
13.3057,-323.0,288.0
13.3106,-243.0,290.0
13.3155,143.0,292.0
13.3204,242.0,294.0
13.3254,36.0,294.0
13.3304,-243.0,296.0
13.3356,-187.0,298.0
13.3405,244.0,298.0
13.3456,234.0,300.0
13.3504,-250.0,296.0
13.3554,-94.0,298.0
13.3607,316.0,296.0
13.3657,-162.0,296.0
13.3707,-460.0,298.0
13.3755,312.0,302.0
13.3806,576.0,308.0
13.3855,-211.0,310.0
13.3904,-521.0,318.0
13.3956,-38.0,316.0
13.4008,268.0,318.0
13.4055,212.0,320.0
13.4106,41.0,316.0
13.4155,-206.0,320.0
13.4204,-200.0,320.0
13.4255,97.0,320.0
13.4305,104.0,320.0
13.4355,-25.0,320.0
13.4404,146.0,320.0
13.4456,72.0,320.0
13.4504,-323.0,324.0
13.4555,-186.0,322.0
13.4604,312.0,326.0
13.4654,239.0,324.0
13.4704,-217.0,324.0
13.4755,-213.0,322.0
13.4805,173.0,320.0
13.4855,194.0,318.0
13.4905,-162.0,316.0
13.4954,-191.0,318.0
13.5004,131.0,316.0
13.5055,148.0,318.0
13.5106,-134.0,318.0
13.5155,-83.0,318.0
13.5204,213.0,320.0
13.5254,54.0,322.0
13.531,-296.0,324.0
13.5354,-53.0,322.0
13.5404,280.0,326.0
13.5454,31.0,322.0
13.5505,-153.0,322.0
13.5554,25.0,320.0
13.5605,15.0,318.0
13.5658,-64.0,316.0
13.5704,54.0,316.0
13.5754,33.0,314.0
13.5806,-84.0,316.0
13.5855,34.0,314.0
13.5906,110.0,316.0
13.5956,-50.0,314.0
13.6005,-86.0,316.0
13.6055,-9.0,316.0
13.6108,-28.0,314.0
13.6155,57.0,314.0
13.6204,165.0,312.0
13.6254,7.0,310.0
13.6304,-174.0,308.0
13.6355,-153.0,308.0
13.6404,-7.0,304.0
13.6455,211.0,304.0
13.6506,252.0,304.0
13.6556,-72.0,302.0
13.6604,-340.0,304.0
13.6656,-170.0,306.0
13.6704,195.0,304.0
13.6755,321.0,308.0
13.6804,40.0,306.0
13.6857,-274.0,306.0
13.6904,-179.0,306.0
13.6954,92.0,302.0
13.7004,175.0,300.0
13.7056,99.0,296.0
13.7104,-96.0,292.0
13.7155,-212.0,292.0
13.7204,21.0,288.0
13.7257,220.0,292.0
13.7305,-1.0,288.0
13.7357,-158.0,290.0
13.7406,55.0,288.0
13.7454,90.0,288.0
13.7505,-145.0,288.0
13.7556,-15.0,286.0
13.7607,205.0,286.0
13.7656,-108.0,288.0
13.7706,-213.0,288.0
13.7755,239.0,292.0
13.7804,204.0,294.0
13.7856,-260.0,298.0
13.7906,-201.0,300.0
13.7955,132.0,302.0
13.8005,193.0,304.0
13.8061,30.0,304.0
13.8105,-190.0,306.0
13.8154,-120.0,308.0
13.8205,199.0,308.0
13.8254,119.0,308.0
13.8304,-176.0,310.0
13.8354,-22.0,308.0
13.8407,100.0,310.0
13.8458,-137.0,310.0
13.852,-26.0,308.0
13.8559,233.0,310.0
13.8605,-12.0,308.0
13.8656,-201.0,310.0
13.8706,30.0,308.0
13.8763,129.0,308.0
13.8803,-8.0,308.0
13.886,-101.0,308.0
13.8906,-82.0,310.0
13.8959,102.0,310.0
13.9008,212.0,314.0
13.9062,-88.0,314.0
13.9104,-301.0,318.0
13.9159,36.0,314.0
13.9206,266.0,318.0
13.9265,26.0,312.0
13.9309,-116.0,312.0
13.9355,-24.0,306.0
13.9409,-22.0,302.0
13.9458,-59.0,298.0
13.9506,43.0,296.0
13.9558,133.0,296.0
13.961,32.0,292.0
13.9663,-115.0,294.0
13.9704,-107.0,292.0
13.9759,49.0,290.0
13.9806,128.0,288.0
13.9857,-41.0,284.0
13.9911,-115.0,282.0
13.9963,99.0,282.0
14.0009,87.0,278.0
14.0057,-133.0,278.0
14.0106,-39.0,272.0
14.0158,95.0,268.0
14.0209,0.0,260.0
14.0265,-19.0,256.0
14.0304,-45.0,248.0
14.0357,-67.0,250.0
14.0409,159.0,248.0
14.0459,163.0,246.0
14.051,-196.0,250.0
14.0559,-217.0,250.0
14.0606,70.0,248.0
14.0657,151.0,248.0
14.0706,93.0,248.0
14.076,9.0,248.0
14.0804,-103.0,248.0
14.0863,-131.0,248.0
14.091,-84.0,244.0
14.0956,97.0,242.0
14.1006,309.0,242.0
14.1063,76.0,240.0
14.1104,-363.0,242.0
14.116,-254.0,244.0
14.121,211.0,244.0
14.1258,311.0,246.0
14.1305,-34.0,244.0
14.136,-268.0,244.0
14.1409,-8.0,242.0
14.1461,241.0,244.0
14.1506,-18.0,242.0
14.1558,-254.0,246.0
14.1605,-29.0,242.0
14.1657,219.0,244.0
14.1704,170.0,242.0
14.1759,-99.0,244.0
14.1806,-292.0,244.0
14.1856,-13.0,244.0
14.1912,294.0,246.0
14.1959,6.0,246.0
14.2009,-203.0,248.0
14.2055,119.0,250.0
14.2107,130.0,250.0
14.2157,-241.0,254.0
14.221,-129.0,254.0
14.2259,244.0,258.0
14.2306,156.0,258.0
14.2355,-150.0,260.0
14.2407,-160.0,262.0
14.2458,66.0,262.0
14.251,148.0,264.0
14.256,-50.0,264.0
14.2604,-142.0,264.0
14.2656,73.0,264.0
14.2706,116.0,264.0
14.2764,-85.0,262.0
14.2804,-46.0,264.0
14.2859,96.0,262.0
14.2906,-29.0,258.0
14.2956,-128.0,258.0
14.3009,50.0,254.0
14.3061,153.0,254.0
14.3104,-37.0,252.0
14.3159,-120.0,248.0
14.3208,72.0,248.0
14.3257,36.0,246.0
14.331,-174.0,244.0
14.3362,46.0,244.0
14.3404,257.0,246.0
14.3454,-105.0,246.0
14.3507,-225.0,248.0
14.3558,151.0,246.0
14.3608,89.0,248.0
14.3664,-193.0,248.0
14.3704,54.0,248.0
14.3759,223.0,250.0
14.3808,-122.0,250.0
14.3857,-224.0,252.0
14.391,101.0,252.0
14.3962,166.0,254.0
14.4009,-54.0,252.0
14.4057,-49.0,250.0
14.4109,59.0,248.0
14.4154,-62.0,246.0
14.4216,-112.0,244.0
14.4259,89.0,242.0
14.4306,107.0,240.0
14.4364,-38.0,238.0
14.4406,10.0,236.0
14.4455,14.0,236.0
14.4504,-138.0,234.0
14.4559,-89.0,234.0
14.4606,118.0,232.0
14.4656,181.0,234.0
14.4709,42.0,232.0
14.4764,-162.0,234.0
14.4804,-178.0,236.0
14.4859,43.0,234.0
14.4905,157.0,236.0
14.4956,57.0,232.0
14.5007,-17.0,234.0
14.506,-41.0,230.0
14.5109,-78.0,232.0
14.5159,-75.0,230.0
14.5209,6.0,230.0
14.5259,186.0,232.0
14.5309,180.0,234.0
14.5368,-204.0,234.0
14.5409,-304.0,236.0
14.5456,140.0,238.0
14.5504,256.0,236.0
14.5556,-58.0,236.0
14.5609,-90.0,234.0
14.5664,18.0,234.0
14.5704,-61.0,234.0
14.5759,-50.0,234.0
14.5806,109.0,234.0
14.5856,121.0,236.0
14.591,-62.0,236.0
14.596,-151.0,236.0
14.6009,9.0,236.0
14.6056,109.0,236.0
14.6106,-9.0,234.0
14.6157,-43.0,234.0
14.6209,47.0,232.0
14.6259,-6.0,232.0
14.6306,-82.0,232.0
14.6356,37.0,230.0
14.6421,104.0,232.0
14.6467,-25.0,230.0
14.6506,-94.0,230.0
14.6554,-66.0,230.0
14.6606,5.0,230.0
14.6656,181.0,232.0
14.6708,143.0,234.0
14.6761,-190.0,236.0
14.6805,-197.0,236.0
14.6856,81.0,236.0
14.6904,35.0,232.0
14.6956,-2.0,230.0
14.7008,241.0,232.0
14.706,50.0,230.0
14.7104,-393.0,236.0
14.7159,-128.0,238.0
14.7207,329.0,240.0
14.7256,90.0,240.0
14.7307,-185.0,242.0
14.736,65.0,242.0
14.7409,89.0,238.0
14.747,-212.0,240.0
14.7506,-18.0,234.0
14.7554,273.0,234.0
14.7607,-73.0,232.0
14.7663,-280.0,232.0
14.7705,142.0,234.0
14.7755,271.0,234.0
14.7804,-121.0,236.0
14.7855,-236.0,236.0
14.791,30.0,236.0
14.796,163.0,234.0
14.8008,15.0,234.0
14.8057,-72.0,232.0
14.8109,54.0,230.0
14.8157,-8.0,228.0
14.8212,-178.0,226.0
14.8261,81.0,228.0
14.8306,270.0,228.0
14.8355,-147.0,230.0
14.8408,-318.0,232.0
14.8462,184.0,232.0
14.8504,344.0,236.0
14.8556,-177.0,234.0
14.8604,-354.0,238.0
14.8655,140.0,236.0
14.8705,330.0,240.0
14.8755,-84.0,238.0
14.8805,-259.0,240.0
14.8857,41.0,240.0
14.8904,154.0,240.0
14.8954,-61.0,240.0
14.9004,-70.0,238.0
14.9054,124.0,240.0
14.9104,48.0,238.0
14.9155,-150.0,240.0
14.9204,-53.0,240.0
14.9255,115.0,240.0
14.9305,2.0,240.0
14.9355,-95.0,238.0
14.9405,99.0,240.0
14.9454,145.0,240.0
14.9512,-127.0,240.0
14.9555,-187.0,242.0
14.9605,26.0,242.0
14.9654,110.0,242.0
14.9704,88.0,240.0
14.9754,54.0,242.0
14.9804,-88.0,238.0
14.9855,-177.0,240.0
14.9908,-9.0,236.0
14.9954,186.0,236.0
15.0007,110.0,238.0
15.0054,-108.0,236.0
15.0106,-138.0,238.0
15.0154,-4.0,234.0
15.0204,80.0,232.0
15.0255,103.0,232.0
15.0304,22.0,230.0
15.0354,-141.0,230.0
15.0403,-98.0,230.0
15.0455,114.0,232.0
15.0508,106.0,232.0
15.0554,-54.0,232.0
15.0604,-48.0,230.0
15.0654,-8.0,230.0
15.0706,-43.0,228.0
15.0755,57.0,228.0
15.0804,124.0,230.0
15.0854,-69.0,232.0
15.0905,-153.0,232.0
15.0954,30.0,230.0
15.1004,119.0,230.0
15.1057,19.0,228.0
15.1105,-69.0,228.0
15.1155,-20.0,226.0
15.1204,75.0,224.0
15.1258,-49.0,224.0
15.1305,-155.0,224.0
15.1356,130.0,226.0
15.1406,249.0,230.0
15.1456,-133.0,232.0
15.1504,-258.0,234.0
15.1553,66.0,234.0
15.1605,142.0,236.0
15.1655,-10.0,234.0
15.1704,27.0,230.0
15.1759,-10.0,228.0
15.1806,-150.0,226.0
15.1854,29.0,224.0
15.1905,177.0,222.0
15.1956,-70.0,222.0
15.2005,-136.0,224.0
15.2054,131.0,226.0
15.2126,95.0,226.0
15.2154,-188.0,228.0
15.2206,-89.0,228.0
15.2255,224.0,230.0
15.2304,86.0,230.0
15.2355,-223.0,230.0
15.2404,-66.0,232.0
15.2454,162.0,232.0
15.2506,37.0,232.0
15.2554,-55.0,232.0
15.2604,1.0,232.0
15.2654,-44.0,232.0
15.2704,-41.0,232.0
15.2758,112.0,234.0
15.2804,83.0,232.0
15.2855,-138.0,234.0
15.2904,-116.0,236.0
15.2954,116.0,236.0
15.3005,99.0,238.0
15.3056,-93.0,236.0
15.3104,-38.0,234.0
15.3156,120.0,234.0
15.3205,22.0,230.0
15.3255,-164.0,232.0
15.3306,-79.0,232.0
15.3355,152.0,234.0
15.3404,123.0,232.0
15.3456,-79.0,234.0
15.3504,-78.0,228.0
15.3555,2.0,226.0
15.3606,-43.0,222.0
15.3654,11.0,220.0
15.3704,157.0,220.0
15.3754,52.0,220.0
15.3804,-184.0,222.0
15.3855,-142.0,220.0
15.3908,131.0,222.0
15.3956,195.0,222.0
15.4006,-48.0,220.0
15.4055,-198.0,220.0
15.4104,-40.0,218.0
15.4155,163.0,216.0
15.4206,128.0,216.0
15.4256,-95.0,214.0
15.4304,-197.0,216.0
15.4354,-8.0,214.0
15.4404,223.0,218.0
15.4455,111.0,218.0
15.4507,-200.0,220.0
15.4557,-149.0,222.0
15.4604,156.0,222.0
15.4654,123.0,222.0
15.4705,-104.0,220.0
15.4755,-113.0,220.0
15.4807,0.0,214.0
15.4855,141.0,214.0
15.4904,184.0,212.0
15.4954,-115.0,210.0
15.5004,-342.0,210.0
15.5054,-21.0,208.0
15.5106,310.0,208.0
15.5156,150.0,210.0
15.5204,-73.0,206.0
15.5255,-110.0,208.0
15.5306,-175.0,208.0
15.5355,-63.0,208.0
15.5404,256.0,210.0
15.5453,157.0,212.0
15.5504,-204.0,214.0
15.5555,-55.0,212.0
15.5607,175.0,214.0
15.5659,-124.0,214.0
15.5705,-212.0,218.0
15.5754,210.0,220.0
15.5805,215.0,222.0
15.5855,-176.0,222.0
15.5907,-112.0,222.0
15.5956,105.0,220.0
15.6006,-38.0,220.0
15.6054,-86.0,220.0
15.6104,138.0,220.0
15.6154,153.0,222.0
15.6204,-153.0,224.0
15.6256,-247.0,224.0
15.6304,127.0,226.0
15.6354,264.0,228.0
15.6406,-121.0,228.0
15.6454,-173.0,228.0
15.6506,152.0,228.0
15.6554,78.0,230.0
15.6604,-164.0,232.0
15.6653,-95.0,232.0
15.6707,82.0,232.0
15.6757,207.0,234.0
15.6805,89.0,234.0
15.6856,-287.0,236.0
15.6904,-246.0,238.0
15.6955,257.0,242.0
15.7004,281.0,244.0
15.7057,-148.0,246.0
15.7106,-171.0,248.0
15.7156,39.0,248.0
15.7204,-18.0,246.0
15.7254,4.0,246.0
15.7307,155.0,246.0
15.7356,19.0,246.0
15.7406,-153.0,246.0
15.7454,-48.0,246.0
15.7503,61.0,246.0
15.7554,41.0,248.0
15.7606,-6.0,246.0
15.7656,-24.0,246.0
15.7704,31.0,244.0
15.7754,16.0,242.0
15.7806,-75.0,240.0
15.7855,27.0,238.0
15.791,103.0,236.0
15.7956,-134.0,236.0
15.8005,-175.0,236.0
15.8054,242.0,240.0
15.8104,321.0,244.0
15.8156,-249.0,248.0
15.8205,-428.0,252.0
15.8256,135.0,254.0
15.8305,365.0,258.0
15.8354,22.0,256.0
15.8405,-146.0,256.0
15.8456,-131.0,256.0
15.8504,-100.0,256.0
15.8556,133.0,256.0
15.8604,249.0,258.0
15.8655,-62.0,256.0
15.8711,-246.0,258.0
15.8756,20.0,256.0
15.8804,154.0,256.0
15.8855,-32.0,254.0
15.8904,-87.0,256.0
15.8954,14.0,254.0
15.9004,79.0,256.0
15.9055,76.0,256.0
15.9104,-58.0,256.0
15.9154,-167.0,258.0
15.9204,-29.0,256.0
15.9254,181.0,258.0
15.9304,146.0,258.0
15.9355,-156.0,258.0
15.9404,-221.0,260.0
15.9454,161.0,262.0
15.9506,223.0,264.0
15.9554,-192.0,266.0
15.9604,-168.0,268.0
15.9656,190.0,268.0
15.9709,71.0,268.0
15.9754,-132.0,268.0
15.9805,78.0,268.0
15.9854,52.0,266.0
15.9907,-257.0,270.0
15.9961,-10.0,270.0
16.0004,374.0,274.0
16.0054,8.0,274.0
16.0104,-342.0,278.0
16.0156,17.0,278.0
16.0204,186.0,278.0
16.0254,-116.0,276.0
16.0304,-47.0,276.0
16.0354,231.0,276.0
16.0404,16.0,276.0
16.0455,-221.0,276.0
16.0506,-22.0,276.0
16.0556,36.0,274.0
16.0604,-42.0,272.0
16.0653,178.0,274.0
16.0704,138.0,272.0
16.0758,-244.0,276.0
16.0807,-134.0,274.0
16.0854,161.0,276.0
16.0904,4.0,272.0
16.0954,-63.0,272.0
16.1005,136.0,272.0
16.1055,36.0,270.0
16.1105,-184.0,270.0
16.1156,-69.0,270.0
16.1204,144.0,272.0
16.1255,120.0,272.0
16.1306,-53.0,270.0
16.1355,-130.0,270.0
16.1404,-78.0,266.0
16.1453,38.0,266.0
16.1504,204.0,264.0
16.1556,104.0,264.0
16.1607,-243.0,266.0
16.1655,-155.0,268.0
16.1705,178.0,268.0
16.1754,60.0,268.0
16.1805,-88.0,264.0
16.1854,95.0,264.0
16.1905,61.0,262.0
16.1956,-207.0,264.0
16.2004,-105.0,262.0
16.2054,233.0,264.0
16.2104,135.0,264.0
16.2155,-181.0,262.0
16.2206,-29.0,260.0
16.2256,124.0,260.0
16.2304,-218.0,260.0
16.2355,-155.0,262.0
16.2404,419.0,268.0
16.2456,240.0,270.0
16.2505,-377.0,274.0
16.2556,-204.0,274.0
16.2604,159.0,274.0
16.2654,-34.0,272.0
16.2706,-29.0,270.0
16.2755,295.0,270.0
16.2806,110.0,270.0
16.2856,-335.0,272.0
16.2904,-247.0,274.0
16.2954,147.0,276.0
16.3004,263.0,276.0
16.3054,54.0,276.0
16.3105,-173.0,278.0
16.3155,-111.0,276.0
16.3204,110.0,276.0
16.3254,56.0,272.0
16.3306,-134.0,272.0
16.3355,-12.0,268.0
16.3406,187.0,266.0
16.3454,42.0,264.0
16.3504,-182.0,264.0
16.3554,-96.0,266.0
16.3606,112.0,266.0
16.3654,105.0,268.0
16.3704,-44.0,266.0
16.3754,-70.0,268.0
16.3804,29.0,266.0
16.3866,19.0,264.0
16.3912,-39.0,264.0
16.3953,35.0,264.0
16.4004,17.0,264.0
16.4054,-80.0,266.0
16.4104,49.0,266.0
16.4156,91.0,266.0
16.4204,-113.0,268.0
16.4256,-62.0,268.0
16.4304,132.0,268.0
16.4356,25.0,266.0
16.4404,-96.0,266.0
16.4454,-8.0,262.0
16.4505,21.0,258.0
16.4554,5.0,254.0
16.4604,58.0,248.0
16.4653,11.0,246.0
16.4704,-98.0,242.0
16.4756,-45.0,242.0
16.4805,87.0,240.0
16.4864,67.0,240.0
16.4904,-59.0,240.0
16.4953,-63.0,238.0
16.5005,57.0,236.0
16.5055,47.0,234.0
16.5104,-69.0,232.0
16.5155,-20.0,232.0
16.5204,45.0,230.0
16.5254,-56.0,230.0
16.5306,19.0,230.0
16.5356,177.0,232.0
16.5407,-78.0,232.0
16.5454,-267.0,236.0
16.5504,85.0,236.0
16.5554,257.0,238.0
16.5605,-40.0,238.0
16.5656,-150.0,236.0
16.5704,-4.0,234.0
16.5755,31.0,232.0
16.5805,11.0,230.0
16.5869,22.0,228.0
16.5905,-19.0,224.0
16.5954,-41.0,222.0
16.6004,59.0,220.0
16.6054,113.0,218.0
16.6106,-60.0,218.0
16.6154,-233.0,220.0
16.6204,-51.0,220.0
16.6256,289.0,224.0
16.6304,194.0,222.0
16.6355,-215.0,226.0
16.6405,-206.0,224.0
16.6453,89.0,224.0
16.6504,66.0,220.0
16.6554,-27.0,220.0
16.6604,94.0,218.0
16.6653,34.0,218.0
16.6704,-173.0,220.0
16.6755,-22.0,216.0
16.6805,167.0,218.0
16.6853,-60.0,216.0
16.6904,-125.0,218.0
16.6954,171.0,220.0
16.7004,116.0,220.0
16.7056,-204.0,222.0
16.7104,-144.0,222.0
16.7154,123.0,220.0
16.7203,109.0,220.0
16.7254,-48.0,218.0
16.7304,20.0,218.0
16.7356,121.0,218.0
16.7405,-101.0,218.0
16.7455,-288.0,222.0
16.7505,17.0,220.0
16.7555,335.0,224.0
16.7607,121.0,224.0
16.7656,-142.0,224.0
16.7704,-103.0,224.0
16.7755,-162.0,224.0
16.7806,-105.0,226.0
16.7855,332.0,230.0
16.7906,306.0,232.0
16.7965,-274.0,234.0
16.8005,-309.0,234.0
16.8054,122.0,234.0
16.8104,149.0,234.0
16.8155,-22.0,234.0
16.8205,5.0,232.0
16.8256,-21.0,230.0
16.8306,-66.0,232.0
16.8355,66.0,228.0
16.8404,62.0,228.0
16.8455,-98.0,226.0
16.8504,-36.0,224.0
16.8557,79.0,222.0
16.8604,-2.0,222.0
16.8654,-39.0,222.0
16.8703,49.0,218.0
16.8756,40.0,216.0
16.8805,-82.0,212.0
16.8856,-88.0,210.0
16.8904,94.0,204.0
16.8962,146.0,204.0
16.9004,-106.0,202.0
16.9056,-180.0,206.0
16.9105,140.0,206.0
16.9156,179.0,206.0
16.9205,-185.0,206.0
16.9254,-155.0,204.0
16.9304,198.0,202.0
16.9355,121.0,202.0
16.9404,-172.0,200.0
16.9456,-87.0,202.0
16.9505,143.0,200.0
16.9553,64.0,200.0
16.9604,-115.0,200.0
16.9654,-41.0,200.0
16.9704,66.0,200.0
16.9756,13.0,200.0
16.9805,-17.0,196.0
16.9854,-31.0,196.0
16.9907,-14.0,194.0
16.9968,129.0,194.0
17.0013,55.0,194.0
17.0064,-222.0,196.0
17.0104,-93.0,196.0
17.0154,218.0,198.0
17.0205,70.0,198.0
17.0256,-168.0,202.0
17.0304,0.0,200.0
17.0355,181.0,202.0
17.0404,-12.0,202.0
17.0456,-247.0,206.0
17.0504,-71.0,206.0
17.0556,252.0,208.0
17.0604,164.0,208.0
17.0654,-149.0,210.0
17.0705,-175.0,210.0
17.0754,24.0,210.0
17.0804,123.0,212.0
17.0856,45.0,212.0
17.0904,-57.0,212.0
17.0956,-86.0,214.0
17.1008,-29.0,214.0
17.1054,128.0,216.0
17.1104,134.0,216.0
17.1155,-133.0,218.0
17.1204,-192.0,218.0
17.1253,71.0,218.0
17.1304,153.0,220.0
17.1355,34.0,220.0
17.1404,-29.0,220.0
17.1454,-133.0,220.0
17.1504,-118.0,222.0
17.1554,178.0,224.0
17.1605,207.0,226.0
17.1656,-167.0,228.0
17.1704,-186.0,230.0
17.1755,149.0,230.0
17.1805,91.0,230.0
17.1854,-166.0,230.0
17.1905,3.0,228.0
17.1957,217.0,228.0
17.2009,-57.0,228.0
17.2054,-272.0,230.0
17.2136,70.0,230.0
17.2153,278.0,234.0
17.2203,-58.0,234.0
17.2254,-180.0,238.0
17.2304,54.0,238.0
17.2354,5.0,238.0
17.2404,-83.0,238.0
17.2455,135.0,238.0
17.2505,123.0,240.0
17.2554,-180.0,238.0
17.2604,-136.0,240.0
17.2655,153.0,238.0
17.2705,124.0,236.0
17.2755,-104.0,234.0
17.2806,-116.0,234.0
17.2855,55.0,232.0
17.2904,117.0,234.0
17.2954,-16.0,234.0
17.3004,-118.0,234.0
17.3056,4.0,234.0
17.3104,155.0,232.0
17.3155,0.0,232.0
17.3206,-274.0,234.0
17.3254,-59.0,234.0
17.3305,415.0,238.0
17.3354,174.0,238.0
17.3407,-446.0,244.0
17.3455,-243.0,244.0
17.3507,335.0,248.0
17.3554,189.0,248.0
17.3607,-190.0,250.0
17.3655,-58.0,250.0
17.3705,106.0,252.0
17.3754,-42.0,250.0
17.3804,-59.0,250.0
17.3854,74.0,246.0
17.3907,-4.0,246.0
17.3954,-79.0,242.0
17.4005,64.0,242.0
17.4061,88.0,240.0
17.4105,-80.0,240.0
17.4154,-96.0,238.0
17.4204,72.0,238.0
17.4255,94.0,234.0
17.4304,-95.0,232.0
17.4354,-95.0,228.0
17.4403,159.0,226.0
17.4456,117.0,226.0
17.4505,-207.0,226.0
17.4554,-146.0,228.0
17.4604,196.0,232.0
17.4654,160.0,234.0
17.4704,-151.0,236.0
17.4755,-161.0,236.0
17.4804,97.0,238.0
17.4853,182.0,238.0
17.4903,7.0,238.0
17.4954,-224.0,240.0
17.5004,-181.0,244.0
17.5055,204.0,246.0
17.5104,327.0,250.0
17.5156,-59.0,250.0
17.5205,-343.0,254.0
17.5254,-133.0,256.0
17.5304,249.0,258.0
17.5354,236.0,260.0
17.5404,-136.0,260.0
17.5454,-201.0,260.0
17.5504,78.0,258.0
17.5554,103.0,258.0
17.5607,-83.0,256.0
17.5656,-52.0,254.0
17.5704,120.0,254.0
17.5755,84.0,252.0
17.5804,-148.0,252.0
17.5854,-150.0,254.0
17.5906,127.0,254.0
17.5954,139.0,254.0
17.6005,-73.0,254.0
17.6053,-3.0,254.0
17.6111,56.0,252.0
17.6154,-146.0,254.0
17.6204,-91.0,256.0
17.6255,181.0,258.0
17.6304,98.0,260.0
17.6355,-117.0,260.0
17.6403,-14.0,258.0
17.6458,63.0,256.0
17.6505,-110.0,256.0
17.6555,-57.0,254.0
17.6604,177.0,256.0
17.6654,42.0,254.0
17.6704,-165.0,256.0
17.6756,14.0,254.0
17.6805,128.0,256.0
17.6854,-56.0,252.0
17.6904,-90.0,254.0
17.6953,51.0,250.0
17.7003,43.0,248.0
17.7055,-38.0,246.0
17.7104,-3.0,244.0
17.7157,47.0,244.0
17.7206,-24.0,242.0
17.7255,-74.0,242.0
17.7304,60.0,242.0
17.7354,119.0,244.0
17.7404,-99.0,244.0
17.7454,-163.0,246.0
17.7506,105.0,244.0
17.7554,150.0,244.0
17.7607,-79.0,244.0
17.7657,-60.0,242.0
17.7705,57.0,242.0
17.7754,-31.0,242.0
17.7805,-38.0,242.0
17.7854,52.0,240.0
17.7906,-10.0,238.0
17.7956,-24.0,236.0
17.8006,81.0,234.0
17.8054,-2.0,232.0
17.8106,-151.0,232.0
17.8163,14.0,228.0
17.8204,235.0,232.0
17.8254,14.0,228.0
17.8304,-312.0,234.0
17.8354,-85.0,232.0
17.8405,299.0,236.0
17.8456,121.0,234.0
17.8505,-184.0,234.0
17.8554,-51.0,232.0
17.8604,73.0,232.0
17.8654,-57.0,230.0
17.8705,-34.0,230.0
17.8756,76.0,230.0
17.8805,21.0,230.0
17.8854,4.0,228.0
17.8904,17.0,226.0
17.8953,-84.0,224.0
17.9004,-43.0,222.0
17.9054,119.0,222.0
17.9105,-1.0,220.0
17.9155,-146.0,220.0
17.9206,76.0,220.0
17.9259,150.0,222.0
17.9304,-89.0,222.0
17.9354,-50.0,222.0
17.9403,39.0,220.0
17.9454,-145.0,222.0
17.9506,-14.0,220.0
17.9555,291.0,226.0
17.9605,65.0,222.0
17.9655,-283.0,226.0
17.9705,-148.0,222.0
17.9754,178.0,222.0
17.9804,179.0,218.0
17.9855,-104.0,214.0
17.9908,-141.0,212.0
17.9955,92.0,210.0
18.0005,96.0,208.0
18.0054,-70.0,210.0
18.0104,-79.0,208.0
18.0154,-4.0,208.0
18.0205,60.0,208.0
18.0255,76.0,208.0
18.0304,-11.0,208.0
18.0355,-79.0,208.0
18.0405,-40.0,208.0
18.0453,7.0,206.0
18.0503,56.0,206.0
18.0554,80.0,206.0
18.0604,-44.0,206.0
18.0654,-103.0,206.0
18.0705,36.0,204.0
18.0756,50.0,204.0
18.0805,-35.0,202.0
18.0854,3.0,200.0
18.0904,2.0,198.0
18.0953,0.0,194.0
18.1005,93.0,194.0
18.1057,-11.0,190.0
18.1106,-225.0,192.0
18.1155,-50.0,190.0
18.1205,311.0,194.0
18.1254,171.0,194.0
18.1305,-298.0,198.0
18.1356,-258.0,198.0
18.1404,223.0,200.0
18.1455,264.0,200.0
18.1504,-153.0,198.0
18.1554,-221.0,200.0
18.1606,99.0,196.0
18.1654,170.0,196.0
18.1705,-26.0,194.0
18.1754,-112.0,192.0
18.1804,-57.0,190.0
18.1854,34.0,188.0
18.1905,97.0,188.0
18.1953,41.0,186.0
18.2004,-89.0,186.0
18.2053,-67.0,188.0
18.2106,82.0,186.0
18.2154,31.0,186.0
18.2204,-88.0,184.0
18.2254,20.0,182.0
18.2304,61.0,182.0
18.2354,-26.0,180.0
18.2403,35.0,180.0
18.2454,-16.0,180.0
18.2505,-166.0,182.0
18.2553,27.0,180.0
18.2605,228.0,182.0
18.2654,59.0,180.0
18.2704,-136.0,180.0
18.2757,-175.0,182.0
18.2805,-63.0,182.0
18.2854,200.0,184.0
18.2904,234.0,186.0
18.2954,-119.0,188.0
18.3004,-274.0,188.0
18.3057,8.0,188.0
18.3104,181.0,188.0
18.3154,96.0,190.0
18.3204,-12.0,188.0
18.3254,-213.0,190.0
18.3305,-174.0,192.0
18.3357,316.0,196.0
18.3404,322.0,200.0
18.3456,-317.0,204.0
18.3507,-356.0,210.0
18.3554,188.0,212.0
18.3605,229.0,216.0
18.3656,-12.0,214.0
18.3704,-17.0,214.0
18.3755,-121.0,214.0
18.3805,-119.0,214.0
18.3855,227.0,214.0
18.3906,106.0,216.0
18.3956,-357.0,218.0
18.4006,-36.0,218.0
18.4054,457.0,224.0
18.4105,26.0,224.0
18.4157,-417.0,230.0
18.4204,-39.0,230.0
18.4253,253.0,232.0
18.4303,-29.0,232.0
18.4354,-116.0,234.0
18.4405,161.0,236.0
18.4455,91.0,236.0
18.4506,-250.0,238.0
18.4554,-124.0,240.0
18.4604,274.0,240.0
18.4653,135.0,242.0
18.4705,-282.0,242.0
18.4756,-114.0,242.0
18.4805,277.0,242.0
18.4854,84.0,242.0
18.4904,-223.0,242.0
18.4954,-26.0,242.0
18.5004,146.0,244.0
18.5056,-56.0,244.0
18.5105,-106.0,244.0
18.5155,77.0,244.0
18.5205,76.0,246.0
18.5253,21.0,246.0
18.5304,25.0,246.0
18.5354,-156.0,246.0
18.5404,-159.0,248.0
18.5456,215.0,250.0
18.5505,162.0,252.0
18.5555,-198.0,254.0
18.5606,22.0,252.0
18.5656,198.0,254.0
18.5704,-262.0,256.0
18.5755,-254.0,258.0
18.5804,387.0,264.0
18.5854,316.0,268.0
18.5908,-334.0,272.0
18.5954,-297.0,272.0
18.6005,158.0,274.0
18.6054,166.0,272.0
18.6105,27.0,270.0
18.6153,16.0,268.0
18.6205,-147.0,266.0
18.6255,-137.0,268.0
18.6304,213.0,268.0
18.6353,140.0,270.0
18.6403,-258.0,272.0
18.6457,-69.0,272.0
18.6504,242.0,274.0
18.6556,-14.0,274.0
18.6604,-128.0,276.0
18.6653,97.0,276.0
18.6704,-30.0,276.0
18.6754,-160.0,278.0
18.6805,138.0,278.0
18.6854,157.0,282.0
18.6904,-146.0,282.0
18.6953,-82.0,282.0
18.7003,71.0,284.0
18.7055,-15.0,282.0
18.7104,31.0,282.0
18.7156,94.0,282.0
18.7204,-97.0,284.0
18.7254,-142.0,286.0
18.7305,109.0,288.0
18.7353,166.0,290.0
18.7411,-105.0,290.0
18.7454,-195.0,292.0
18.7503,113.0,292.0
18.7554,238.0,294.0
18.7605,-119.0,292.0
18.7654,-266.0,292.0
18.7704,125.0,290.0
18.7753,255.0,290.0
18.7806,-154.0,288.0
18.7854,-218.0,288.0
18.7906,175.0,288.0
18.7954,155.0,288.0
18.8004,-125.0,288.0
18.8054,-50.0,286.0
18.8104,14.0,286.0
18.8156,-68.0,284.0
18.8208,76.0,286.0
18.8256,146.0,288.0
18.8306,-94.0,286.0
18.8354,-170.0,288.0
18.8404,54.0,288.0
18.8453,158.0,290.0
18.8503,-7.0,288.0
18.8554,-126.0,290.0
18.8604,0.0,288.0
18.8654,101.0,290.0
18.8704,-35.0,290.0
18.8755,-120.0,292.0
18.8804,78.0,292.0
18.8854,177.0,294.0
18.8905,-86.0,294.0
18.8955,-211.0,296.0
18.9005,54.0,294.0
18.9055,173.0,296.0
18.9104,-10.0,294.0
18.9153,-89.0,292.0
18.9215,-31.0,292.0
18.9254,21.0,288.0
18.9304,63.0,286.0
18.9359,-7.0,284.0
18.9404,-36.0,280.0
18.9453,61.0,282.0
18.9503,-82.0,280.0
18.9554,-163.0,280.0
18.9604,225.0,284.0
18.9655,255.0,284.0
18.9706,-273.0,286.0
18.9755,-268.0,286.0
18.9804,183.0,284.0
18.9853,162.0,280.0
18.9905,-55.0,276.0
18.9955,13.0,274.0
19.0004,42.0,270.0
19.0054,-112.0,272.0
19.0105,-144.0,274.0
19.0153,42.0,272.0
19.0203,197.0,274.0
19.0254,102.0,272.0
19.0304,-108.0,272.0
19.0354,-171.0,270.0
19.0404,-22.0,268.0
19.0454,139.0,264.0
19.0504,63.0,264.0
19.0554,-96.0,260.0
19.0603,-4.0,258.0
19.0653,86.0,256.0
19.0705,-74.0,258.0
19.0756,-61.0,256.0
19.0804,120.0,256.0
19.0855,0.0,254.0
19.0904,-117.0,252.0
19.0954,50.0,250.0
19.1004,49.0,248.0
19.1056,-51.0,246.0
19.1104,67.0,242.0
19.1153,13.0,242.0
19.1211,-170.0,240.0
19.1256,44.0,238.0
19.1308,198.0,238.0
19.1359,-128.0,240.0
19.1411,-150.0,240.0
19.147,247.0,244.0
19.1513,76.0,242.0
19.1555,-369.0,248.0
19.1609,-28.0,246.0
19.1659,435.0,252.0
19.1703,8.0,252.0
19.1759,-399.0,256.0
19.1808,17.0,254.0
19.1858,279.0,256.0
19.1911,-37.0,254.0
19.1959,-148.0,252.0
19.2004,9.0,252.0
19.2054,47.0,250.0
19.2158,36.0,246.0
19.2162,41.0,244.0
19.2214,-30.0,238.0
19.2261,-126.0,234.0
19.2303,-1.0,230.0
19.2358,206.0,228.0
19.2409,-29.0,226.0
19.2457,-293.0,228.0
19.252,97.0,228.0
19.2558,349.0,234.0
19.2605,-106.0,234.0
19.2655,-287.0,236.0
19.2706,72.0,234.0
19.2759,121.0,234.0
19.2804,-101.0,230.0
19.2862,11.0,230.0
19.2903,184.0,230.0
19.2954,-33.0,230.0
19.3006,-196.0,230.0
19.3054,0.0,228.0
19.3104,87.0,230.0
19.3159,21.0,228.0
19.321,56.0,226.0
19.3257,-31.0,224.0
19.3311,-142.0,224.0
19.3359,53.0,224.0
19.3406,143.0,224.0
19.3454,-98.0,226.0
19.3503,-84.0,228.0
19.3559,168.0,228.0
19.3604,25.0,228.0
19.3659,-227.0,228.0
19.3703,-33.0,228.0
19.3764,205.0,228.0
19.3805,106.0,228.0
19.3858,-95.0,226.0
19.3912,-186.0,228.0
19.3961,-31.0,224.0
19.4011,249.0,226.0
19.4055,125.0,224.0
19.4104,-291.0,226.0
19.4156,-174.0,226.0
19.4204,285.0,228.0
19.4259,143.0,226.0
19.4309,-230.0,228.0
19.4357,-41.0,226.0
19.4407,170.0,226.0
19.4459,-30.0,226.0
19.4509,-118.0,228.0
19.4558,15.0,226.0
19.4606,42.0,226.0
19.4653,12.0,224.0
19.4708,31.0,222.0
19.4758,23.0,220.0
19.4804,-37.0,220.0
19.486,-105.0,220.0
19.4905,-20.0,220.0
19.4955,173.0,220.0
19.5008,69.0,222.0
19.5059,-199.0,224.0
19.5105,-66.0,224.0
19.5154,178.0,224.0
19.5205,18.0,224.0
19.5257,-115.0,222.0
19.5305,51.0,222.0
19.5359,39.0,220.0
19.5409,-117.0,220.0
19.546,2.0,218.0
19.5506,133.0,220.0
19.5563,-4.0,218.0
19.5614,-66.0,218.0
19.5658,2.0,218.0
19.5704,-53.0,218.0
19.5767,-13.0,218.0
19.5805,144.0,220.0
19.5853,1.0,220.0
19.591,-165.0,220.0
19.5959,52.0,218.0
19.601,172.0,218.0
19.6056,-106.0,216.0
19.6106,-212.0,214.0
19.6154,100.0,212.0
19.6209,243.0,212.0
19.626,-54.0,212.0
19.6304,-207.0,214.0
19.6359,55.0,214.0
19.6406,126.0,216.0
19.6457,-120.0,216.0
19.6506,-47.0,214.0
19.6561,168.0,216.0
19.6612,-11.0,214.0
19.6657,-139.0,214.0
19.6703,47.0,212.0
19.6759,67.0,212.0
19.6804,-47.0,212.0
19.6859,-28.0,210.0
19.6906,-15.0,210.0
19.6956,57.0,208.0
19.7007,138.0,210.0
19.706,-102.0,210.0
19.7103,-231.0,214.0
19.7154,118.0,214.0
19.7203,202.0,216.0
19.7257,-113.0,218.0
19.7306,-83.0,216.0
19.7361,73.0,218.0
19.7413,-30.0,216.0
19.7461,24.0,216.0
19.7505,95.0,216.0
19.7557,-121.0,218.0
19.7617,-127.0,218.0
19.7659,115.0,218.0
19.7704,129.0,218.0
19.7759,-5.0,216.0
19.7806,-86.0,214.0
19.7855,-87.0,212.0
19.791,10.0,212.0
19.7964,75.0,206.0
19.8008,78.0,208.0
19.8055,-5.0,200.0
19.8106,-182.0,204.0
19.8157,-59.0,198.0
19.8212,282.0,202.0
19.8254,136.0,200.0
19.8304,-301.0,204.0
19.8358,-232.0,206.0
19.8409,178.0,208.0
19.8457,254.0,212.0
19.8505,3.0,212.0
19.8554,-104.0,212.0
19.8604,-54.0,212.0
19.8655,-137.0,212.0
19.8708,-92.0,214.0
19.8758,237.0,214.0
19.8808,233.0,218.0
19.8858,-105.0,214.0
19.8907,-150.0,216.0
19.8959,-54.0,210.0
19.9006,-90.0,210.0
19.9059,29.0,206.0
19.9113,253.0,210.0
19.9161,146.0,210.0
19.9207,-201.0,212.0
19.9256,-279.0,216.0
19.9304,-16.0,214.0
19.9359,221.0,216.0
19.941,204.0,216.0
19.9458,-4.0,216.0
19.9506,-184.0,218.0
19.9557,-186.0,220.0
19.9606,3.0,220.0
19.9668,221.0,222.0
19.9704,112.0,222.0
19.9757,-157.0,224.0
19.9805,-41.0,222.0
19.9856,116.0,222.0
19.991,-106.0,222.0
19.9959,-100.0,222.0
20.0008,160.0,224.0
20.0056,17.0,220.0
20.0106,-101.0,222.0
20.0156,143.0,220.0
20.021,63.0,220.0
20.0259,-279.0,222.0
20.0305,-132.0,222.0
20.0354,272.0,226.0
20.0405,227.0,226.0
20.046,-106.0,224.0
20.0503,-218.0,224.0
20.0559,-82.0,222.0
20.0605,113.0,220.0
20.0655,120.0,220.0
20.0703,-47.0,216.0
20.0757,5.0,216.0
20.0803,85.0,214.0
20.0856,-148.0,216.0
20.0905,-136.0,216.0
20.0958,206.0,220.0
20.1014,91.0,220.0
20.1059,-195.0,224.0
20.1103,9.0,222.0
20.1165,146.0,224.0
20.1217,-49.0,226.0
20.1255,-35.0,224.0
20.1303,7.0,224.0
20.1355,-147.0,224.0
20.1404,40.0,222.0
20.1454,317.0,224.0
20.1504,-67.0,224.0
20.1556,-353.0,228.0
20.1604,112.0,228.0
20.1654,261.0,232.0
20.1711,-153.0,232.0
20.1754,-147.0,234.0
20.1804,125.0,234.0
20.1854,78.0,236.0
20.1905,-48.0,234.0
20.1954,-62.0,236.0
20.2005,20.0,234.0
20.2053,99.0,236.0
20.2104,-80.0,236.0
20.2153,-183.0,240.0
20.2203,142.0,240.0
20.2254,272.0,244.0
20.2304,-89.0,242.0
20.2354,-269.0,246.0
20.2404,-78.0,244.0
20.2453,83.0,244.0
20.2504,210.0,244.0
20.2554,226.0,246.0
20.2604,-176.0,244.0
20.2655,-435.0,250.0
20.2704,42.0,248.0
20.2754,403.0,254.0
20.2804,29.0,252.0
20.2854,-232.0,254.0
20.2904,-20.0,254.0
20.2953,65.0,252.0
20.3003,11.0,252.0
20.3053,75.0,250.0
20.3104,-8.0,250.0
20.3153,-170.0,252.0
20.3204,-10.0,252.0
20.3253,165.0,254.0
20.3304,-7.0,254.0
20.3356,-101.0,254.0
20.3405,98.0,254.0
20.3454,82.0,252.0
20.3505,-183.0,252.0
20.3554,-117.0,252.0
20.3604,147.0,252.0
20.3655,109.0,252.0
20.3704,13.0,250.0
20.3761,-4.0,250.0
20.3805,-165.0,252.0
20.3856,-127.0,252.0
20.3907,164.0,254.0
20.3953,148.0,254.0
20.4005,-27.0,252.0
20.4053,-19.0,252.0
20.4103,-91.0,250.0
20.4154,-141.0,252.0
20.4205,97.0,252.0
20.4256,198.0,254.0
20.4303,-32.0,256.0
20.4354,-129.0,256.0
20.4403,-18.0,254.0
20.4455,-28.0,256.0
20.4504,-10.0,252.0
20.4555,217.0,256.0
20.4604,142.0,252.0
20.4654,-320.0,256.0
20.4704,-299.0,256.0
20.4756,225.0,256.0
20.4805,338.0,258.0
20.4853,32.0,254.0
20.4904,-223.0,258.0
20.4953,-271.0,260.0
20.5005,52.0,260.0
20.5056,350.0,264.0
20.5104,67.0,264.0
20.5153,-269.0,264.0
20.5204,-86.0,262.0
20.5254,136.0,262.0
20.5305,1.0,260.0
20.5355,-69.0,260.0
20.5405,97.0,260.0
20.5453,85.0,262.0
20.5506,-86.0,258.0
20.5554,-85.0,258.0
20.5604,-32.0,254.0
20.5653,0.0,250.0
20.5703,116.0,252.0
20.5753,95.0,250.0
20.5804,-83.0,248.0
20.5854,-97.0,250.0
20.5906,9.0,248.0
20.5953,25.0,244.0
20.6005,22.0,244.0
20.6053,40.0,242.0
20.6105,-42.0,240.0
20.6155,-70.0,240.0
20.6204,94.0,240.0
20.6253,56.0,240.0
20.6304,-168.0,240.0
20.6353,-2.0,238.0
20.6406,226.0,240.0
20.6455,-46.0,240.0
20.6505,-212.0,242.0
20.6555,71.0,240.0
20.6604,109.0,242.0
20.6653,-98.0,238.0
20.6703,48.0,238.0
20.6756,144.0,236.0
20.6806,-204.0,236.0
20.6856,-199.0,236.0
20.6903,288.0,238.0
20.6953,216.0,240.0
20.7004,-257.0,242.0
20.7053,-151.0,242.0
20.7104,141.0,244.0
20.7163,39.0,244.0
20.7204,-19.0,244.0
20.7253,28.0,242.0
20.7306,-68.0,240.0
20.7354,-19.0,238.0
20.7404,124.0,238.0
20.7455,-23.0,236.0
20.7504,-146.0,238.0
20.7553,75.0,236.0
20.7604,116.0,238.0
20.7655,-145.0,240.0
20.7704,-35.0,240.0
20.7754,219.0,240.0
20.7804,-78.0,242.0
20.7853,-253.0,240.0
20.7907,180.0,242.0
20.7955,237.0,240.0
20.8005,-203.0,242.0
20.8055,-184.0,240.0
20.8104,113.0,240.0
20.8155,117.0,240.0
20.8204,41.0,238.0
20.8255,-46.0,238.0
20.8304,-159.0,240.0
20.8353,-33.0,238.0
20.8403,158.0,242.0
20.8455,105.0,242.0
20.8506,-57.0,240.0
20.8554,-112.0,240.0
20.8605,-11.0,238.0
20.8655,46.0,234.0
20.8705,-58.0,234.0
20.8754,-10.0,230.0
20.8804,193.0,232.0
20.8855,106.0,232.0
20.8906,-227.0,232.0
20.8954,-290.0,234.0
20.9003,110.0,232.0
20.9054,422.0,232.0
20.9104,55.0,232.0
20.9157,-417.0,232.0
20.9204,-121.0,234.0
20.9253,307.0,234.0
20.9306,25.0,234.0
20.9356,-225.0,238.0
20.9404,129.0,240.0
20.9453,270.0,242.0
20.9505,-166.0,244.0
20.9554,-372.0,248.0
20.9605,47.0,248.0
20.9654,380.0,252.0
20.9704,75.0,252.0
20.9754,-250.0,256.0
20.9804,-50.0,254.0
20.9855,94.0,254.0
20.9908,-96.0,254.0
20.9955,-31.0,252.0
21.0005,202.0,252.0
21.0054,40.0,252.0
21.0104,-174.0,254.0
21.0153,-3.0,254.0
21.0203,78.0,252.0
21.0254,-114.0,252.0
21.0303,-32.0,250.0
21.0354,200.0,252.0
21.0403,40.0,252.0
21.0454,-144.0,254.0
21.0503,5.0,252.0
21.0554,-11.0,250.0
21.0604,-159.0,252.0
21.0654,126.0,250.0
21.0704,317.0,254.0
21.0756,-124.0,254.0
21.0804,-350.0,260.0
21.0855,66.0,260.0
21.0904,279.0,264.0
21.0953,-51.0,262.0
21.1006,-226.0,264.0
21.1055,74.0,260.0
21.1104,218.0,258.0
21.1155,-38.0,256.0
21.1205,-148.0,252.0
21.1253,-73.0,252.0
21.1304,-48.0,250.0
21.1354,139.0,248.0
21.1406,273.0,252.0
21.1455,-66.0,248.0
21.1504,-372.0,252.0
21.1553,-74.0,248.0
21.1605,298.0,252.0
21.1654,127.0,252.0
21.1705,-140.0,254.0
21.1754,-36.0,254.0
21.1803,14.0,252.0
21.1854,-108.0,252.0
21.1907,23.0,252.0
21.1954,204.0,254.0
21.2003,-1.0,254.0
21.2054,-248.0,256.0
21.2103,-36.0,256.0
21.2154,299.0,258.0
21.2204,86.0,258.0
21.2255,-365.0,264.0
21.2304,-147.0,266.0
21.2354,384.0,270.0
21.2403,159.0,274.0
21.2455,-323.0,278.0
21.2504,-49.0,278.0
21.2555,255.0,280.0
21.2603,-146.0,282.0
21.2654,-256.0,284.0
21.2703,299.0,286.0
21.2753,295.0,290.0
21.2804,-314.0,292.0
21.2854,-275.0,296.0
21.2904,218.0,296.0
21.2953,163.0,298.0
21.3005,-99.0,298.0
21.3057,-22.0,296.0
21.3114,-8.0,296.0
21.3154,-76.0,294.0
21.3204,116.0,294.0
21.3254,112.0,292.0
21.3304,-193.0,290.0
21.3353,-86.0,288.0
21.3404,193.0,288.0
21.3454,30.0,286.0
21.3506,-101.0,284.0
21.3554,8.0,284.0
21.3606,-78.0,286.0
21.3654,-48.0,286.0
21.3704,269.0,288.0
21.3754,133.0,290.0
21.3804,-320.0,294.0
21.3854,-206.0,296.0
21.3905,180.0,296.0
21.3956,149.0,298.0
21.4005,7.0,296.0
21.4054,56.0,294.0
21.4104,-77.0,296.0
21.4154,-311.0,296.0
21.4204,-1.0,296.0
21.4255,462.0,300.0
21.4304,125.0,298.0
21.4354,-426.0,302.0
21.4404,-150.0,300.0
21.4455,283.0,302.0
21.4504,29.0,300.0
21.4554,-207.0,302.0
21.4604,115.0,304.0
21.4653,257.0,306.0
21.4704,-133.0,306.0
21.4756,-305.0,310.0
21.4804,43.0,308.0
21.4854,237.0,310.0
21.4904,25.0,310.0
21.4954,-110.0,310.0
21.5004,-34.0,310.0
21.5055,22.0,310.0
21.5104,23.0,310.0
21.5155,2.0,310.0
21.5205,-5.0,306.0
21.5253,30.0,306.0
21.5305,-10.0,302.0
21.5356,-95.0,298.0
21.5404,2.0,298.0
21.5456,145.0,292.0
21.5503,8.0,292.0
21.5553,-178.0,288.0
21.5604,7.0,286.0
21.5656,217.0,286.0
21.5704,-56.0,286.0
21.5757,-238.0,286.0
21.5804,123.0,286.0
21.5855,216.0,284.0
21.5908,-170.0,284.0
21.5955,-181.0,282.0
21.6004,152.0,284.0
21.6053,174.0,280.0
21.6103,-56.0,280.0
21.6155,-190.0,280.0
21.6203,-55.0,280.0
21.6255,229.0,282.0
21.6304,97.0,282.0
21.6354,-318.0,286.0
21.6403,-70.0,284.0
21.6456,408.0,290.0
21.6504,47.0,288.0
21.6554,-372.0,294.0
21.6603,-35.0,292.0
21.6653,188.0,294.0
21.6705,-23.0,294.0
21.6753,-5.0,290.0
21.6804,132.0,292.0
21.6854,-43.0,290.0
21.6904,-207.0,294.0
21.6953,-6.0,294.0
21.7006,175.0,294.0
21.7066,40.0,292.0
21.7103,-45.0,288.0
21.7154,-13.0,286.0
21.7203,-105.0,282.0
21.7254,-27.0,282.0
21.7304,195.0,280.0
21.7354,31.0,280.0
21.7404,-205.0,280.0
21.7455,-14.0,280.0
21.7503,144.0,278.0
21.7554,22.0,278.0
21.7604,-15.0,276.0
21.7656,-69.0,276.0
21.7704,-132.0,276.0
21.7754,136.0,276.0
21.7805,193.0,276.0
21.7854,-203.0,278.0
21.7906,-125.0,274.0
21.7954,241.0,276.0
21.8004,-15.0,272.0
21.8054,-204.0,274.0
21.8104,155.0,274.0
21.8153,72.0,274.0
21.8207,-244.0,278.0
21.8254,111.0,278.0
21.8303,243.0,282.0
21.8354,-278.0,282.0
21.8403,-155.0,284.0
21.8463,395.0,286.0
21.8503,54.0,288.0
21.8553,-467.0,290.0
21.8603,-34.0,290.0
21.8653,481.0,290.0
21.8703,102.0,290.0
21.8756,-390.0,290.0
21.8805,-162.0,290.0
21.8854,207.0,288.0
21.8905,111.0,290.0
21.8955,-38.0,286.0
21.9004,23.0,284.0
21.9054,-26.0,280.0
21.9105,-104.0,278.0
21.9157,21.0,274.0
21.9203,73.0,270.0
21.9254,-30.0,266.0
21.9305,-17.0,262.0
21.9353,49.0,260.0
21.9405,-1.0,260.0
21.9453,-7.0,258.0
21.9504,28.0,260.0
21.9554,-97.0,260.0
21.9604,-132.0,260.0
21.9655,143.0,260.0
21.9704,251.0,262.0
21.9753,-35.0,260.0
21.9804,-219.0,260.0
21.9854,-114.0,262.0
21.9905,3.0,260.0
21.9956,140.0,262.0
22.0004,202.0,264.0
22.0053,-64.0,264.0
22.0103,-221.0,264.0
22.0153,32.0,262.0
22.0203,97.0,260.0
22.0253,-63.0,256.0
22.0304,25.0,254.0
22.0353,47.0,252.0
22.0405,-91.0,254.0
22.0455,52.0,254.0
22.0504,113.0,254.0
22.0554,-153.0,252.0
22.0603,-92.0,254.0
22.0653,176.0,250.0
22.0705,26.0,248.0
22.0754,-137.0,242.0
22.0805,75.0,242.0
22.0855,126.0,240.0
22.0904,-177.0,242.0
22.0955,-199.0,242.0
22.1004,220.0,244.0
22.1056,298.0,244.0
22.1107,-186.0,244.0
22.1155,-345.0,246.0
22.1203,103.0,246.0
22.1254,320.0,248.0
22.1304,-4.0,248.0
22.1354,-231.0,250.0
22.1407,-45.0,250.0
22.1456,134.0,252.0
22.1503,8.0,250.0
22.1554,-98.0,252.0
22.1604,58.0,254.0
22.1654,105.0,254.0
22.1703,-97.0,256.0
22.1756,-96.0,256.0
22.1804,139.0,258.0
22.1853,79.0,256.0
22.1905,-209.0,260.0
22.1953,-97.0,258.0
22.2004,248.0,262.0
22.2054,117.0,260.0
22.2104,-200.0,264.0
22.2154,-69.0,260.0
22.2216,112.0,260.0
22.2253,-38.0,258.0
22.2304,-78.0,256.0
22.2353,103.0,254.0
22.2403,117.0,254.0
22.2455,-66.0,252.0
22.2504,-145.0,254.0
22.2555,-5.0,252.0
22.2604,88.0,252.0
22.2654,-10.0,248.0
22.2704,4.0,246.0
22.2754,125.0,244.0
22.2804,-14.0,242.0
22.2855,-195.0,240.0
22.2903,-69.0,240.0
22.2953,108.0,236.0
22.3003,124.0,238.0
22.3054,39.0,234.0
22.3104,-83.0,236.0
22.3155,-78.0,236.0
22.3209,32.0,236.0
22.3264,1.0,234.0
22.3305,-57.0,232.0
22.3354,48.0,232.0
22.3403,134.0,232.0
22.3455,29.0,232.0
22.3503,-170.0,234.0
22.3554,-198.0,238.0
22.3604,102.0,236.0
22.3654,327.0,242.0
22.3704,37.0,240.0
22.3755,-323.0,244.0
22.3803,-134.0,242.0
22.3854,221.0,246.0
22.3905,116.0,246.0
22.3954,-133.0,248.0
22.4003,-41.0,248.0
22.4055,113.0,248.0
22.4107,19.0,246.0
22.4154,-93.0,246.0
22.4204,-41.0,244.0
22.4253,-2.0,240.0
22.4303,1.0,238.0
22.4353,109.0,236.0
22.4404,139.0,238.0
22.4453,-98.0,236.0
22.4504,-265.0,238.0
22.4555,-30.0,238.0
22.4603,242.0,238.0
22.4653,134.0,238.0
22.4703,-101.0,236.0
22.4755,-129.0,234.0
22.4805,-6.0,232.0
22.4853,83.0,226.0
22.4903,5.0,226.0
22.4953,-94.0,220.0
22.5004,31.0,220.0
22.5054,144.0,214.0
22.5107,-13.0,212.0
22.5154,-135.0,208.0
22.5204,-46.0,208.0
22.5258,61.0,204.0
22.5303,89.0,204.0
22.5355,-10.0,204.0
22.5406,-105.0,206.0
22.5453,8.0,206.0
22.5503,105.0,206.0
22.5553,-6.0,204.0
22.5603,-83.0,206.0
22.5653,0.0,204.0
22.5704,58.0,206.0
22.5754,-11.0,204.0
22.5805,-50.0,206.0
22.5853,41.0,206.0
22.5906,56.0,206.0
22.5955,-69.0,206.0
22.6003,-84.0,206.0
22.6053,76.0,204.0
22.6104,148.0,202.0
22.6154,-66.0,202.0
22.6206,-205.0,202.0
22.6255,71.0,202.0
22.6304,187.0,204.0
22.6354,-117.0,204.0
22.6403,-94.0,202.0
22.6454,201.0,206.0
22.6504,-23.0,202.0
22.6553,-305.0,206.0
22.6603,114.0,206.0
22.6653,396.0,212.0
22.6705,-138.0,214.0
22.6754,-412.0,220.0
22.6804,116.0,220.0
22.6855,339.0,224.0
22.6903,-122.0,224.0
22.6954,-249.0,226.0
22.7004,164.0,226.0
22.7055,206.0,228.0
22.7106,-162.0,230.0
22.7154,-183.0,230.0
22.7203,87.0,230.0
22.7253,127.0,230.0
22.7309,-18.0,228.0
22.7355,-35.0,226.0
22.7406,35.0,222.0
22.7455,-50.0,218.0
22.7503,-105.0,218.0
22.7553,91.0,214.0
22.7605,126.0,214.0
22.7655,-93.0,210.0
22.7704,-48.0,210.0
22.7755,102.0,208.0
22.7805,-68.0,210.0
22.7853,-143.0,210.0
22.7905,121.0,212.0
22.7955,182.0,212.0
22.8005,-94.0,212.0
22.8053,-168.0,214.0
22.8103,75.0,214.0
22.8153,107.0,214.0
22.8204,-122.0,214.0
22.8254,-41.0,212.0
22.8304,176.0,212.0
22.8354,-20.0,212.0
22.8403,-171.0,210.0
22.8456,91.0,210.0
22.8504,144.0,208.0
22.8555,-151.0,210.0
22.8603,-143.0,210.0
22.8653,165.0,212.0
22.8703,136.0,214.0
22.8756,-127.0,214.0
22.8804,-85.0,214.0
22.8854,63.0,214.0
22.8903,11.0,212.0
22.8958,-17.0,212.0
22.9003,36.0,210.0
22.9056,14.0,210.0
22.9105,-18.0,210.0
22.9155,-18.0,210.0
22.9204,-67.0,210.0
22.9254,-11.0,206.0
22.9304,187.0,208.0
22.9355,65.0,208.0
22.9404,-306.0,210.0
22.9454,-132.0,212.0
22.9513,379.0,218.0
22.956,208.0,220.0
22.9605,-366.0,224.0
22.9654,-243.0,228.0
22.9704,301.0,232.0
22.9753,196.0,234.0
22.9803,-288.0,236.0
22.9855,-138.0,238.0
22.9907,337.0,240.0
22.9955,163.0,240.0
23.0006,-294.0,244.0
23.0053,-211.0,242.0
23.0105,51.0,242.0
23.0153,121.0,238.0
23.0203,240.0,240.0
23.0254,113.0,238.0
23.0304,-314.0,242.0
23.0354,-286.0,244.0
23.0403,112.0,246.0
23.0454,235.0,248.0
23.0515,175.0,250.0
23.0553,-36.0,248.0
23.0603,-358.0,254.0
23.0653,-140.0,256.0
23.0704,371.0,262.0
23.0756,210.0,264.0
23.0804,-238.0,264.0
23.0853,-187.0,266.0
23.0903,49.0,262.0
23.0953,132.0,264.0
23.1003,98.0,262.0
23.1054,-81.0,262.0
23.1104,-153.0,262.0
23.1154,37.0,260.0
23.1203,114.0,262.0
23.1254,-27.0,262.0
23.1305,-58.0,262.0
23.1353,81.0,262.0
23.1404,91.0,262.0
23.1458,-158.0,264.0
23.1504,-215.0,266.0
23.1554,164.0,266.0
23.1604,297.0,270.0
23.1653,-80.0,270.0
23.1704,-243.0,274.0
23.1753,4.0,274.0
23.1805,144.0,274.0
23.1853,12.0,274.0
23.1905,-148.0,274.0
23.1953,-42.0,276.0
23.2003,238.0,278.0
23.2054,112.0,280.0
23.2106,-267.0,282.0
23.2165,-121.0,284.0
23.2207,189.0,286.0
23.2253,0.0,286.0
23.2304,-92.0,286.0
23.2353,184.0,288.0
23.2403,48.0,288.0
23.2454,-322.0,292.0
23.2503,-29.0,290.0
23.2554,348.0,294.0
23.2603,-36.0,292.0
23.2654,-278.0,294.0
23.2705,140.0,294.0
23.2756,179.0,294.0
23.2806,-169.0,296.0
23.2854,-83.0,294.0
23.2903,88.0,296.0
23.2953,-7.0,290.0
23.3003,10.0,288.0
23.3055,70.0,284.0
23.3106,-55.0,282.0
23.3155,-85.0,278.0
23.3204,84.0,276.0
23.3254,80.0,272.0
23.3305,-151.0,274.0
23.3353,-98.0,272.0
23.3405,227.0,272.0
23.3454,130.0,270.0
23.3504,-234.0,272.0
23.3554,-92.0,270.0
23.3605,167.0,272.0
23.3653,-61.0,270.0
23.3703,-103.0,272.0
23.3754,239.0,276.0
23.3803,63.0,276.0
23.3856,-327.0,280.0
23.3904,8.0,278.0
23.3955,356.0,282.0
23.4005,-104.0,282.0
23.4054,-414.0,288.0
23.4105,134.0,288.0
23.4153,467.0,294.0
23.4206,-62.0,294.0
23.4255,-411.0,298.0
23.4303,-28.0,298.0
23.4354,252.0,298.0
23.4403,51.0,298.0
23.4453,-87.0,296.0
23.4503,-6.0,296.0
23.4555,-3.0,294.0
23.4604,-63.0,292.0
23.4653,-16.0,292.0
23.4703,83.0,290.0
23.4754,103.0,292.0
23.4804,3.0,290.0
23.4856,-123.0,290.0
23.4904,-129.0,290.0
23.4953,12.0,288.0
23.5003,141.0,288.0
23.5054,128.0,286.0
23.5105,-13.0,284.0
23.5155,-170.0,286.0
23.5205,-110.0,286.0
23.5253,117.0,286.0
23.5306,102.0,288.0
23.5353,-53.0,288.0
23.5403,19.0,288.0
23.5454,12.0,288.0
23.5503,-171.0,290.0
23.5554,2.0,290.0
23.5606,292.0,294.0
23.5653,29.0,294.0
23.5703,-354.0,298.0
23.5753,-102.0,298.0
23.5803,355.0,298.0
23.5854,156.0,298.0
23.5905,-326.0,298.0
23.5953,-142.0,296.0
23.6003,318.0,296.0
23.6054,91.0,294.0
23.6104,-347.0,294.0
23.6153,-73.0,292.0
23.6205,365.0,294.0
23.6255,90.0,294.0
23.6304,-320.0,292.0
23.6354,-51.0,292.0
23.6403,226.0,290.0
23.6453,-71.0,288.0
23.6506,-146.0,290.0
23.6554,178.0,290.0
23.6604,99.0,288.0
23.6654,-158.0,288.0
23.6703,-27.0,284.0
23.6753,35.0,280.0
23.6804,-107.0,280.0
23.6853,58.0,278.0
23.6903,217.0,278.0
23.6953,-49.0,278.0
23.7005,-183.0,276.0
23.7055,9.0,274.0
23.7104,47.0,268.0
23.7154,-32.0,266.0
23.7203,41.0,262.0
23.7253,116.0,262.0
23.7305,-23.0,262.0
23.7355,-212.0,262.0
23.7405,-41.0,262.0
23.7455,289.0,264.0
23.7503,97.0,264.0
23.7558,-322.0,268.0
23.7604,-121.0,268.0
23.7653,274.0,272.0
23.7704,90.0,272.0
23.7755,-150.0,274.0
23.7804,-1.0,272.0
23.7855,12.0,270.0
23.7904,-90.0,268.0
23.7953,63.0,266.0
23.8003,110.0,264.0
23.8053,-80.0,264.0
23.8103,-40.0,260.0
23.8155,100.0,262.0
23.8206,-51.0,260.0
23.8255,-135.0,262.0
23.8303,86.0,262.0
23.8353,118.0,262.0
23.8403,-74.0,260.0
23.8455,-37.0,258.0
23.8504,57.0,256.0
23.8556,-36.0,254.0
23.8605,-18.0,252.0
23.8653,63.0,252.0
23.8704,-80.0,252.0
23.8756,-84.0,250.0
23.8805,224.0,254.0
23.8855,150.0,250.0
23.8904,-350.0,256.0
23.8954,-280.0,254.0
23.9003,371.0,260.0
23.9053,432.0,262.0
23.9103,-235.0,264.0
23.9154,-526.0,270.0
23.9205,7.0,266.0
23.9254,495.0,274.0
23.9304,150.0,274.0
23.9354,-344.0,280.0
23.9405,-111.0,282.0
23.9455,167.0,282.0
23.9503,-95.0,284.0
23.9556,-71.0,284.0
23.9605,294.0,286.0
23.9655,55.0,286.0
23.9704,-324.0,288.0
23.9754,-22.0,288.0
23.9803,185.0,286.0
23.9855,-95.0,286.0
23.9904,-5.0,282.0
23.9953,268.0,286.0
24.0005,-81.0,284.0
24.0056,-404.0,290.0
24.0104,34.0,288.0
24.0154,396.0,290.0
24.0203,76.0,292.0
24.0254,-214.0,290.0
24.0304,-144.0,292.0
24.0353,-46.0,286.0
24.0403,115.0,286.0
24.0455,238.0,284.0
24.0505,-23.0,282.0
24.0553,-266.0,280.0
24.0603,-34.0,278.0
24.0653,144.0,274.0
24.0704,-19.0,274.0
24.0756,14.0,270.0
24.0804,141.0,272.0
24.0853,-98.0,272.0
24.0906,-201.0,276.0
24.0953,113.0,276.0
24.1005,166.0,278.0
24.1058,-127.0,280.0
24.1103,-146.0,282.0
24.1155,142.0,282.0
24.1203,225.0,286.0
24.1254,-104.0,286.0
24.1304,-334.0,288.0
24.1355,32.0,288.0
24.1404,322.0,292.0
24.1454,-31.0,290.0
24.1503,-158.0,292.0
24.1553,144.0,292.0
24.1605,-23.0,290.0
24.1671,-251.0,292.0
24.1704,108.0,292.0
24.1754,225.0,296.0
24.1805,-120.0,296.0
24.1853,-100.0,298.0
24.1905,116.0,298.0
24.1955,1.0,298.0
24.2004,-82.0,294.0
24.2053,15.0,294.0
24.2103,0.0,288.0
24.2153,10.0,286.0
24.2203,85.0,282.0
24.2253,-23.0,280.0
24.2303,-95.0,278.0
24.2353,12.0,274.0
24.2403,10.0,270.0
24.2454,7.0,268.0
24.2506,125.0,266.0
24.2554,-32.0,264.0
24.2603,-260.0,264.0
24.2653,53.0,262.0
24.2709,333.0,262.0
24.2757,-54.0,262.0
24.2804,-297.0,264.0
24.2854,52.0,264.0
24.2903,198.0,264.0
24.2953,-66.0,262.0
24.3003,-146.0,264.0
24.3053,64.0,262.0
24.3105,154.0,264.0
24.3155,-32.0,264.0
24.3203,-142.0,264.0
24.3253,4.0,264.0
24.3304,70.0,262.0
24.3354,1.0,260.0
24.3403,37.0,258.0
24.3453,0.0,258.0
24.3503,-126.0,260.0
24.3553,0.0,258.0
24.3604,112.0,260.0
24.3656,-15.0,258.0
24.3706,31.0,258.0
24.3754,89.0,256.0
24.3804,-204.0,260.0
24.3854,-223.0,258.0
24.3911,239.0,260.0
24.3954,322.0,260.0
24.4005,-102.0,260.0
24.4053,-258.0,260.0
24.4103,-53.0,260.0
24.4153,56.0,258.0
24.4203,73.0,258.0
24.4253,76.0,260.0
24.4303,8.0,258.0
24.4353,-5.0,258.0
24.4403,-46.0,256.0
24.4455,-180.0,258.0
24.4505,-14.0,258.0
24.4558,289.0,260.0
24.4607,97.0,262.0
24.4659,-214.0,262.0
24.4717,-91.0,262.0
24.4762,14.0,262.0
24.4804,-25.0,260.0
24.4857,140.0,262.0
24.4903,164.0,264.0
24.4955,-116.0,264.0
24.5007,-216.0,268.0
24.5061,-66.0,268.0
24.5103,132.0,268.0
24.5155,244.0,272.0
24.5204,24.0,268.0
24.5255,-288.0,270.0
24.5307,-117.0,266.0
24.536,227.0,266.0
24.5408,79.0,262.0
24.5458,-163.0,258.0
24.5505,16.0,254.0
24.5557,108.0,248.0
24.5607,-75.0,248.0
24.566,-11.0,240.0
24.5703,98.0,240.0
24.5758,-98.0,236.0
24.5806,-120.0,236.0
24.5856,146.0,236.0
24.5904,126.0,236.0
24.5966,-138.0,238.0
24.6003,-83.0,234.0
24.6053,146.0,236.0
24.6105,23.0,230.0
24.6156,-164.0,234.0
24.6212,-2.0,230.0
24.6258,115.0,230.0
24.6307,4.0,230.0
24.6355,5.0,226.0
24.6406,23.0,226.0
24.6457,-92.0,220.0
24.6512,-47.0,220.0
24.6558,74.0,216.0
24.6609,0.0,214.0
24.6657,2.0,212.0
24.6707,96.0,210.0
24.6759,-59.0,210.0
24.6803,-153.0,212.0
24.6865,77.0,208.0
24.6907,139.0,210.0
24.6955,-89.0,208.0
24.7008,-120.0,210.0
24.7059,107.0,208.0
24.7103,148.0,210.0
24.7158,-124.0,212.0
24.7211,-181.0,212.0
24.7255,151.0,214.0
24.7305,162.0,214.0
24.736,-189.0,214.0
24.741,-99.0,214.0
24.746,181.0,214.0
24.7506,30.0,212.0
24.7555,-69.0,212.0
24.7606,12.0,208.0
24.7659,-111.0,208.0
24.7708,-18.0,204.0
24.7764,268.0,206.0
24.7804,1.0,202.0
24.7855,-346.0,206.0
24.7908,8.0,204.0
24.7953,340.0,208.0
24.8004,25.0,208.0
24.8053,-255.0,208.0
24.8106,-122.0,208.0
24.8155,97.0,206.0
24.8209,228.0,208.0
24.8262,96.0,208.0
24.8303,-228.0,210.0
24.8363,-240.0,212.0
24.8406,86.0,212.0
24.8456,245.0,216.0
24.8509,81.0,218.0
24.8556,-119.0,220.0
24.8605,-140.0,220.0
24.8663,-13.0,220.0
24.8705,88.0,220.0
24.8758,27.0,220.0
24.8815,-37.0,220.0
24.886,75.0,222.0
24.8908,53.0,220.0
24.8955,-177.0,222.0
24.9003,-78.0,220.0
24.9062,198.0,222.0
24.9103,39.0,218.0
24.9159,-150.0,220.0
24.9216,45.0,216.0
24.9255,70.0,216.0
24.9306,-93.0,214.0
24.9363,36.0,214.0
24.9405,38.0,212.0
24.9456,-154.0,214.0
24.9504,93.0,212.0
24.9557,232.0,216.0
24.9605,-199.0,216.0
24.9661,-235.0,220.0
24.9703,225.0,222.0
24.9761,184.0,226.0
24.9805,-199.0,228.0
24.9862,-124.0,230.0
24.9912,159.0,230.0
24.9957,73.0,232.0
25.0003,-104.0,232.0
25.0054,-9.0,232.0
25.0103,16.0,230.0
25.0155,-102.0,230.0
25.021,81.0,230.0
25.0258,266.0,230.0
25.0305,-120.0,228.0
25.0354,-423.0,230.0
25.0408,55.0,228.0
25.0456,485.0,232.0
25.0514,69.0,232.0
25.056,-397.0,238.0
25.0605,-156.0,240.0
25.0659,172.0,240.0
25.0706,119.0,242.0
25.0757,83.0,244.0
25.0803,32.0,244.0
25.0861,-220.0,244.0
25.0905,-187.0,246.0
25.0956,173.0,244.0
25.1005,226.0,246.0
25.1054,-16.0,244.0
25.1104,-126.0,244.0
25.1156,-113.0,246.0
25.1211,-24.0,246.0
25.1256,144.0,246.0
25.1308,110.0,246.0
25.136,-127.0,246.0
25.1409,-102.0,244.0
25.1457,127.0,244.0
25.1505,62.0,244.0
25.1556,-115.0,242.0
25.1609,-22.0,242.0
25.1662,39.0,238.0
25.1703,-57.0,236.0
25.1758,58.0,234.0
25.1805,202.0,236.0
25.1855,-79.0,234.0
25.1913,-322.0,240.0
25.1959,-4.0,238.0
25.2005,278.0,240.0
25.2053,87.0,242.0
25.2106,-58.0,242.0
25.2181,-38.0,240.0
25.221,-156.0,240.0
25.2271,-110.0,240.0
25.2303,195.0,242.0
25.2358,177.0,242.0
25.2405,-81.0,242.0
25.2456,-74.0,240.0
25.2508,-46.0,242.0
25.256,-80.0,240.0
25.2607,136.0,242.0
25.2655,143.0,242.0
25.2707,-237.0,246.0
25.2761,-134.0,248.0
25.2803,333.0,254.0
25.2859,156.0,254.0
25.2915,-324.0,258.0
25.2953,-215.0,260.0
25.3006,181.0,264.0
25.3063,226.0,266.0
25.3104,10.0,266.0
25.3153,-153.0,266.0
25.3206,-144.0,266.0
25.3255,44.0,266.0
25.3305,192.0,268.0
25.3361,43.0,266.0
25.3409,-201.0,268.0
25.3464,-105.0,268.0
25.3505,192.0,268.0
25.3555,147.0,268.0
25.3606,-152.0,268.0
25.3659,-166.0,268.0
25.3703,86.0,268.0
25.3758,172.0,268.0
25.3805,-12.0,266.0
25.3858,-174.0,266.0
25.3909,-56.0,266.0
25.3962,169.0,268.0
25.4008,87.0,268.0
25.4056,-160.0,270.0
25.4105,-54.0,270.0
25.4153,166.0,268.0
25.4204,2.0,268.0
25.4254,-173.0,266.0
25.4303,-1.0,266.0
25.4353,151.0,262.0
25.4407,67.0,264.0
25.4456,-107.0,262.0
25.4507,-173.0,262.0
25.4559,47.0,262.0
25.4605,275.0,262.0
25.4667,42.0,260.0
25.4704,-307.0,262.0
25.4754,-133.0,260.0
25.4806,207.0,262.0
25.4854,142.0,260.0
25.4903,-22.0,260.0
25.4953,-38.0,258.0
25.5008,-86.0,258.0
25.5054,-75.0,258.0
25.5103,51.0,258.0
25.5154,61.0,258.0
25.5203,5.0,258.0
25.5253,62.0,258.0
25.5304,34.0,258.0
25.5355,-139.0,258.0
25.5404,-122.0,258.0
25.5453,101.0,256.0
25.5504,152.0,258.0
25.5554,-24.0,256.0
25.5603,-90.0,256.0
25.5653,-19.0,256.0
25.5704,-43.0,256.0
25.5753,15.0,254.0
25.5804,216.0,258.0
25.5854,49.0,256.0
25.5904,-358.0,260.0
25.5954,-189.0,260.0
25.6003,360.0,262.0
25.6053,327.0,264.0
25.6103,-162.0,262.0
25.6154,-320.0,264.0
25.6204,-130.0,264.0
25.6254,130.0,264.0
25.6303,337.0,266.0
25.6353,93.0,266.0
25.6403,-379.0,270.0
25.6454,-185.0,274.0
25.6503,308.0,278.0
25.6553,117.0,278.0
25.6603,-191.0,280.0
25.6653,20.0,276.0
25.6703,58.0,276.0
25.6755,-125.0,270.0
25.6803,77.0,272.0
25.6853,154.0,266.0
25.6903,-186.0,268.0
25.6953,-137.0,264.0
25.7008,208.0,264.0
25.7055,114.0,264.0
25.7103,-128.0,264.0
25.7153,-100.0,264.0
25.7203,17.0,264.0
25.7253,92.0,262.0
25.7304,37.0,260.0
25.7355,-90.0,258.0
25.7403,-13.0,254.0
25.7453,93.0,256.0
25.7502,-43.0,254.0
25.7553,-85.0,254.0
25.7603,53.0,254.0
25.7655,41.0,254.0
25.7704,-11.0,252.0
25.7753,31.0,250.0
25.7803,-18.0,248.0
25.7853,-79.0,248.0
25.7905,45.0,248.0
25.7954,97.0,248.0
25.8006,-133.0,250.0
25.8053,-153.0,250.0
25.8104,231.0,254.0
25.8153,265.0,256.0
25.8204,-211.0,258.0
25.8254,-344.0,262.0
25.8303,87.0,258.0
25.8354,316.0,262.0
25.8404,0.0,258.0
25.8455,-212.0,260.0
25.8503,24.0,260.0
25.8554,106.0,260.0
25.8603,-83.0,260.0
25.8653,-23.0,258.0
25.8703,87.0,256.0
25.8753,-52.0,254.0
25.8803,-49.0,254.0
25.8852,99.0,254.0
25.8903,18.0,254.0
25.8953,-61.0,254.0
25.9004,22.0,252.0
25.9063,-44.0,250.0
25.9103,-88.0,248.0
25.9153,134.0,248.0
25.9203,110.0,244.0
25.9253,-164.0,244.0
25.9304,-19.0,240.0
25.9354,146.0,238.0
25.9404,-154.0,238.0
25.9454,-87.0,236.0
25.9503,318.0,240.0
25.9553,20.0,238.0
25.9605,-392.0,242.0
25.9653,7.0,242.0
25.9703,372.0,244.0
25.9753,18.0,244.0
25.9805,-336.0,246.0
25.9853,-84.0,246.0
25.9905,327.0,248.0
25.9956,162.0,248.0
26.0005,-285.0,250.0
26.0053,-186.0,252.0
26.0104,190.0,252.0
26.0153,110.0,252.0
26.0204,-130.0,254.0
26.0253,1.0,250.0
26.0303,150.0,252.0
26.0353,-40.0,250.0
26.0404,-177.0,252.0
26.0454,4.0,250.0
26.0503,158.0,250.0
26.0557,41.0,248.0
26.0603,-121.0,250.0
26.0654,-75.0,250.0
26.0703,83.0,250.0
26.0754,105.0,250.0
26.0806,-4.0,248.0
26.0853,-102.0,248.0
26.0903,-106.0,248.0
26.0952,28.0,248.0
26.1003,145.0,246.0
26.1054,87.0,246.0
26.1109,-48.0,242.0
26.1157,-152.0,242.0
26.1202,-90.0,240.0
26.1253,103.0,240.0
26.1304,109.0,242.0
26.1359,1.0,240.0
26.1404,34.0,240.0
26.1454,-26.0,240.0
26.1505,-204.0,242.0
26.1556,-77.0,242.0
26.1612,236.0,246.0
26.1653,184.0,248.0
26.1704,-123.0,248.0
26.1753,-125.0,248.0
26.1803,29.0,248.0
26.1853,-77.0,246.0
26.1904,-80.0,246.0
26.1953,206.0,248.0
26.2006,199.0,250.0
26.2054,-124.0,252.0
26.2105,-221.0,254.0
26.2153,-65.0,256.0
26.2202,104.0,254.0
26.2253,172.0,256.0
26.2303,41.0,250.0
26.2354,-149.0,250.0
26.2406,-105.0,246.0
26.2454,86.0,242.0
26.2503,92.0,242.0
26.2555,-50.0,236.0
26.2604,-65.0,236.0
26.2654,32.0,234.0
26.2705,48.0,230.0
26.2755,-22.0,228.0
26.2806,-42.0,224.0
26.2855,9.0,220.0
26.2903,39.0,216.0
26.2953,31.0,216.0
26.3003,-9.0,212.0
26.3057,-89.0,214.0
26.3105,-39.0,214.0
26.3153,128.0,214.0
26.3203,46.0,212.0
26.3253,-171.0,212.0
26.3305,-6.0,210.0
26.3353,250.0,212.0
26.3403,0.0,208.0
26.3453,-309.0,212.0
26.3503,-53.0,210.0
26.3554,252.0,212.0
26.3603,90.0,214.0
26.3655,-82.0,214.0
26.3705,-47.0,214.0
26.3754,-87.0,214.0
26.3803,-32.0,214.0
26.3853,158.0,216.0
26.3907,37.0,216.0
26.3955,-155.0,216.0
26.4004,67.0,216.0
26.4053,163.0,218.0
26.4105,-180.0,220.0
26.4155,-181.0,224.0
26.4203,198.0,226.0
26.4253,121.0,226.0
26.4304,-141.0,228.0
26.4353,56.0,228.0
26.4403,99.0,228.0
26.4455,-267.0,228.0
26.4505,-104.0,226.0
26.4553,385.0,228.0
26.4603,110.0,228.0
26.4654,-369.0,228.0
26.4703,-95.0,228.0
26.4756,264.0,226.0
26.4805,83.0,228.0
26.4853,-110.0,226.0
26.4903,-76.0,228.0
26.4953,-52.0,226.0
26.5003,41.0,226.0
26.5055,162.0,228.0
26.5103,19.0,228.0
26.5155,-180.0,230.0
26.5203,-52.0,230.0
26.5253,129.0,230.0
26.5303,22.0,230.0
26.5354,-72.0,230.0
26.5404,36.0,230.0
26.5454,43.0,230.0
26.5503,-74.0,230.0
26.5553,-40.0,228.0
26.5603,89.0,228.0
26.5654,58.0,226.0
26.5704,-99.0,228.0
26.5754,-95.0,226.0
26.5805,93.0,226.0
26.5853,115.0,226.0
26.5905,-60.0,222.0
26.5955,-78.0,224.0
26.6003,18.0,218.0
26.6053,-10.0,218.0
26.6103,24.0,212.0
26.6154,96.0,214.0
26.6204,-70.0,208.0
26.6254,-119.0,210.0
26.6303,98.0,206.0
26.6354,50.0,204.0
26.6403,-92.0,202.0
26.6453,93.0,200.0
26.6505,67.0,198.0
26.6555,-222.0,200.0
26.6603,-51.0,198.0
26.6653,258.0,202.0
26.6703,43.0,200.0
26.6753,-223.0,204.0
26.6805,-35.0,202.0
26.6855,189.0,204.0
26.6903,44.0,202.0
26.6953,-146.0,204.0
26.7003,-53.0,202.0
26.7053,22.0,202.0
26.7103,-20.0,202.0
26.7153,147.0,202.0
26.7203,203.0,204.0
26.7253,-205.0,206.0
26.7314,-354.0,210.0
26.7354,128.0,212.0
26.7405,323.0,214.0
26.7455,-87.0,214.0
26.7503,-163.0,216.0
26.7554,177.0,216.0
26.7604,54.0,216.0
26.7654,-267.0,218.0
26.7703,-51.0,218.0
26.7753,210.0,222.0
26.7803,46.0,222.0
26.7853,-38.0,222.0
26.7904,33.0,220.0
26.7955,-119.0,220.0
26.8004,-129.0,218.0
26.8053,191.0,218.0
26.8104,144.0,218.0
26.8154,-177.0,220.0
26.8203,-54.0,220.0
26.8253,118.0,220.0
26.8315,-69.0,220.0
26.8356,-56.0,218.0
26.8403,175.0,218.0
26.8464,4.0,216.0
26.8503,-279.0,216.0
26.8553,28.0,216.0
26.8603,386.0,220.0
26.8653,-32.0,218.0
26.8705,-432.0,224.0
26.8753,29.0,222.0
26.8803,381.0,226.0
26.8853,-63.0,226.0
26.8903,-302.0,230.0
26.8953,116.0,230.0
26.9004,274.0,234.0
26.9056,-102.0,234.0
26.9105,-270.0,238.0
26.9154,6.0,238.0
26.9204,231.0,242.0
26.9253,69.0,242.0
26.9303,-184.0,244.0
26.9354,-60.0,244.0
26.9403,187.0,248.0
26.9453,18.0,246.0
26.9503,-243.0,250.0
26.9553,3.0,248.0
26.9604,307.0,252.0
26.9653,-13.0,250.0
26.9705,-316.0,254.0
26.9754,26.0,250.0
26.9804,212.0,254.0
26.9854,-33.0,250.0
26.9905,-11.0,248.0
26.9952,38.0,246.0
27.0003,-171.0,246.0
27.0053,-50.0,246.0
27.0103,228.0,250.0
27.0153,53.0,248.0
27.0204,-156.0,250.0
27.0252,-15.0,248.0
27.0302,35.0,248.0
27.0353,-66.0,246.0
27.0402,63.0,246.0
27.0454,147.0,246.0
27.0503,-112.0,246.0
27.0553,-172.0,246.0
27.0603,107.0,244.0
27.0653,120.0,244.0
27.0705,-60.0,242.0
27.0753,-5.0,242.0
27.0804,37.0,240.0
27.0853,-108.0,238.0
27.0903,-90.0,238.0
27.0953,147.0,234.0
27.1013,151.0,236.0
27.1056,-123.0,232.0
27.1103,-117.0,232.0
27.1153,142.0,230.0
27.1204,29.0,228.0
27.1253,-251.0,232.0
27.1324,-16.0,230.0
27.1356,358.0,234.0
27.1404,83.0,236.0
27.1454,-366.0,238.0
27.1503,-101.0,240.0
27.1554,309.0,242.0
27.1603,-5.0,242.0
27.1654,-278.0,244.0
27.1703,161.0,246.0
27.1754,275.0,250.0
27.1806,-247.0,252.0
27.1853,-226.0,256.0
27.1904,252.0,258.0
27.1955,103.0,258.0
27.2005,-225.0,262.0
27.2053,35.0,260.0
27.2103,176.0,262.0
27.2186,-121.0,262.0
27.2203,-81.0,262.0
27.2253,142.0,262.0
27.2303,-70.0,262.0
27.2353,-150.0,264.0
27.2403,250.0,268.0
27.2456,191.0,270.0
27.2503,-388.0,276.0
27.2553,-232.0,278.0
27.2603,432.0,284.0
27.2653,213.0,286.0
27.2705,-404.0,290.0
27.2759,-154.0,292.0
27.2805,347.0,296.0
27.2854,107.0,296.0
27.2903,-281.0,300.0
27.2953,-72.0,296.0
27.3003,222.0,300.0
27.3053,17.0,296.0
27.3105,-186.0,298.0
27.3154,51.0,296.0
27.3203,164.0,298.0
27.3253,-93.0,296.0
27.3303,-143.0,298.0
27.3354,96.0,296.0
27.3409,129.0,298.0
27.3455,-97.0,298.0
27.3503,-134.0,300.0
27.3553,125.0,300.0
27.3605,142.0,300.0
27.3655,-157.0,298.0
27.3703,-114.0,294.0
27.3753,146.0,296.0
27.3802,28.0,290.0
27.3853,-75.0,290.0
27.3905,103.0,290.0
27.3954,-8.0,286.0
27.4004,-230.0,290.0
27.4053,60.0,286.0
27.4103,288.0,290.0
27.4154,-98.0,288.0
27.4204,-270.0,292.0
27.4253,148.0,294.0
27.4303,237.0,296.0
27.4354,-169.0,298.0
27.4408,-242.0,300.0
27.4455,103.0,298.0
27.4505,238.0,300.0
27.4553,21.0,296.0
27.4603,-136.0,298.0
27.4653,-92.0,298.0
27.4704,-36.0,298.0
27.4753,39.0,298.0
27.4806,157.0,296.0
27.4855,93.0,298.0
27.4904,-166.0,296.0
27.4955,-228.0,300.0
27.5003,108.0,296.0
27.5055,331.0,300.0
27.5105,-34.0,294.0
27.5155,-372.0,298.0
27.5204,-38.0,294.0
27.5252,322.0,298.0
27.5303,83.0,294.0
27.5356,-207.0,296.0
27.5403,-63.0,292.0
27.5452,103.0,292.0
27.5503,-2.0,288.0
27.5555,-48.0,288.0
27.5603,40.0,286.0
27.5653,20.0,286.0
27.5703,-6.0,282.0
27.5752,14.0,282.0
27.5804,-66.0,280.0
27.5854,-62.0,280.0
27.5904,85.0,278.0
27.5953,75.0,280.0
27.6003,-7.0,274.0
27.6053,11.0,274.0
27.6103,-73.0,270.0
27.6154,-183.0,272.0
27.6208,32.0,270.0
27.6253,301.0,274.0
27.6303,106.0,276.0
27.6354,-255.0,280.0
27.6403,-181.0,280.0
27.6461,126.0,280.0
27.6503,90.0,278.0
27.6553,-91.0,280.0
27.6602,66.0,278.0
27.6652,168.0,280.0
27.6706,-130.0,282.0
27.6755,-205.0,284.0
27.6804,99.0,284.0
27.6853,123.0,284.0
27.6903,-73.0,284.0
27.6953,-24.0,280.0
27.7003,89.0,280.0
27.7057,17.0,280.0
27.7104,-101.0,280.0
27.7156,-90.0,280.0
27.7204,93.0,282.0
27.7253,163.0,282.0
27.7303,-114.0,284.0
27.7357,-211.0,284.0
27.7403,186.0,284.0
27.7455,272.0,286.0
27.7503,-224.0,288.0
27.7554,-333.0,292.0
27.7603,134.0,294.0
27.7653,308.0,294.0
27.7703,28.0,294.0
27.7753,-169.0,292.0
27.7803,-116.0,292.0
27.7853,3.0,286.0
27.7909,70.0,286.0
27.7953,105.0,282.0
27.8003,37.0,284.0
27.8056,-172.0,282.0
27.8106,-130.0,280.0
27.8153,226.0,280.0
27.8206,184.0,280.0
27.8256,-233.0,280.0
27.8303,-163.0,278.0
27.8353,173.0,278.0
27.8402,36.0,276.0
27.8453,-89.0,276.0
27.8503,140.0,276.0
27.8552,18.0,274.0
27.8603,-269.0,278.0
27.8653,40.0,276.0
27.8703,300.0,280.0
27.8754,-97.0,278.0
27.8803,-234.0,278.0
27.8853,161.0,278.0
27.8903,107.0,274.0
27.8953,-250.0,274.0
27.9002,9.0,268.0
27.9055,323.0,270.0
27.9103,-62.0,264.0
27.9156,-276.0,266.0
27.9202,77.0,262.0
27.9254,68.0,260.0
27.9303,-135.0,258.0
27.9354,189.0,260.0
27.9403,260.0,260.0
27.9452,-334.0,266.0
27.9503,-351.0,268.0
27.9556,322.0,272.0
27.9603,312.0,276.0
27.9656,-235.0,278.0
27.9704,-184.0,278.0
27.9754,166.0,280.0
27.9804,66.0,278.0
27.9854,-132.0,278.0
27.9905,-5.0,276.0
27.9953,91.0,276.0
28.0003,-25.0,274.0
28.0053,-21.0,272.0
28.0103,55.0,272.0
28.0153,-35.0,270.0
28.0207,-43.0,270.0
28.0255,55.0,270.0
28.0303,-72.0,268.0
28.0353,-93.0,270.0
28.0403,240.0,270.0
28.0453,202.0,272.0
28.0503,-313.0,272.0
28.056,-337.0,276.0
28.0604,225.0,276.0
28.0653,388.0,280.0
28.0703,-83.0,278.0
28.0756,-310.0,280.0
28.0803,27.0,276.0
28.0853,183.0,278.0
28.0902,-87.0,276.0
28.0953,-135.0,276.0
28.1003,165.0,278.0
28.1055,192.0,278.0
28.1105,-123.0,280.0
28.1154,-230.0,284.0
28.1203,-62.0,282.0
28.1253,135.0,282.0
28.1305,220.0,284.0
28.1353,25.0,280.0
28.1403,-147.0,280.0
28.1454,-83.0,276.0
28.1504,-152.0,278.0
28.1556,-31.0,274.0
28.161,470.0,280.0
28.1654,236.0,278.0
28.1704,-591.0,286.0
28.1755,-363.0,290.0
28.1803,496.0,296.0
28.1853,291.0,298.0
28.1905,-341.0,304.0
28.1953,-79.0,304.0
28.2003,249.0,308.0
28.2065,-102.0,310.0
28.2104,-210.0,312.0
28.2155,163.0,314.0
28.2204,175.0,316.0
28.2253,-131.0,318.0
28.2304,-148.0,318.0
28.2353,64.0,318.0
28.2403,148.0,320.0
28.2455,0.0,320.0
28.2504,-147.0,322.0
28.2553,-49.0,320.0
28.2603,101.0,320.0
28.2653,82.0,316.0
28.2703,-18.0,316.0
28.2753,-121.0,314.0
28.2804,-39.0,312.0
28.2853,191.0,312.0
28.2903,37.0,312.0
28.2953,-270.0,314.0
28.3004,-8.0,314.0
28.3054,291.0,316.0
28.3105,-16.0,314.0
28.3154,-217.0,314.0
28.3203,32.0,312.0
28.3253,96.0,312.0
28.3303,-23.0,312.0
28.3353,-7.0,312.0
28.3404,-32.0,310.0
28.3454,-4.0,310.0
28.3504,130.0,310.0
28.3553,-43.0,310.0
28.3603,-218.0,312.0
28.3654,103.0,310.0
28.3703,221.0,312.0
28.3753,-153.0,312.0
28.3803,-116.0,310.0
28.3852,197.0,310.0
28.3903,-24.0,306.0
28.3953,-219.0,304.0
28.4004,101.0,304.0
28.4053,151.0,302.0
28.4104,-120.0,302.0
28.4155,27.0,300.0
28.4203,206.0,302.0
28.4253,-207.0,306.0
28.4304,-400.0,310.0
28.4353,247.0,312.0
28.4403,549.0,320.0
28.4454,-149.0,320.0
28.4506,-484.0,326.0
28.4554,34.0,322.0
28.4603,248.0,324.0
28.4653,10.0,320.0
28.4703,-51.0,318.0
28.4752,6.0,316.0
28.4804,38.0,316.0
28.4855,-30.0,316.0
28.4903,-145.0,316.0
28.4953,28.0,316.0
28.5003,215.0,314.0
28.5054,-23.0,314.0
28.5103,-196.0,312.0
28.5153,28.0,312.0
28.5203,158.0,310.0
28.5255,-27.0,308.0
28.5305,-123.0,308.0
28.5354,25.0,304.0
28.5403,56.0,306.0
28.5452,-73.0,302.0
28.5504,-2.0,300.0
28.5554,181.0,300.0
28.5603,64.0,300.0
28.5655,-274.0,302.0
28.5703,-247.0,304.0
28.5754,259.0,306.0
28.5803,403.0,308.0
28.5853,-122.0,304.0
28.5904,-357.0,304.0
28.5953,-37.0,300.0
28.6004,109.0,296.0
28.6052,94.0,294.0
28.6102,147.0,294.0
28.6152,-45.0,292.0
28.6203,-235.0,294.0
28.6252,14.0,292.0
28.6303,177.0,296.0
28.6353,-60.0,294.0
28.6403,-108.0,296.0
28.6453,88.0,298.0
28.6503,65.0,298.0
28.6553,-8.0,296.0
28.6603,17.0,296.0
28.6653,-133.0,298.0
28.6704,-145.0,298.0
28.6755,233.0,302.0
28.6804,231.0,300.0
28.6855,-274.0,302.0
28.6902,-248.0,302.0
28.6953,301.0,300.0
28.7005,254.0,300.0
28.7055,-326.0,300.0
28.7104,-257.0,302.0
28.7154,336.0,304.0
28.7203,223.0,306.0
28.7253,-328.0,308.0
28.7303,-186.0,310.0
28.7354,290.0,312.0
28.7405,210.0,314.0
28.7454,-195.0,314.0
28.7503,-268.0,316.0
28.7553,63.0,312.0
28.7604,263.0,316.0
28.7653,38.0,314.0
28.7703,-185.0,314.0
28.7755,-79.0,314.0
28.7802,98.0,314.0
28.7853,76.0,314.0
28.7903,-11.0,312.0
28.7953,-40.0,312.0
28.8004,-94.0,306.0
28.8053,-50.0,304.0
28.8103,169.0,296.0
28.8154,179.0,294.0
28.8205,-150.0,288.0
28.8253,-267.0,288.0
28.8303,65.0,284.0
28.8353,256.0,286.0
28.8403,-1.0,282.0
28.8455,-176.0,284.0
28.8504,-1.0,280.0
28.8554,111.0,280.0
28.8603,-11.0,276.0
28.8653,-111.0,276.0
28.8702,-20.0,274.0
28.8756,150.0,276.0
28.8804,80.0,274.0
28.8854,-176.0,278.0
28.8903,-92.0,276.0
28.8953,172.0,278.0
28.9004,13.0,278.0
28.9054,-162.0,278.0
28.9103,101.0,280.0
28.9154,160.0,280.0
28.9205,-156.0,282.0
28.9253,-135.0,282.0
28.9305,118.0,282.0
28.9355,59.0,280.0
28.9404,-27.0,280.0
28.9453,39.0,276.0
28.9505,-81.0,276.0
28.9553,-114.0,276.0
28.9604,183.0,278.0
28.9654,148.0,278.0
28.9704,-245.0,282.0
28.9756,-140.0,284.0
28.9803,248.0,288.0
28.9853,103.0,288.0
28.9905,-194.0,290.0
28.9953,-69.0,290.0
29.0003,98.0,288.0
29.0052,47.0,288.0
29.0104,5.0,284.0
29.0154,-18.0,282.0
29.0202,-73.0,282.0
29.0255,-35.0,278.0
29.0303,84.0,280.0
29.0353,94.0,278.0
29.0403,-43.0,276.0
29.0453,-106.0,276.0
29.0503,-23.0,274.0
29.0554,30.0,274.0
29.0603,58.0,272.0
29.0653,81.0,270.0
29.0702,-25.0,264.0
29.0753,-109.0,262.0
29.0803,-35.0,254.0
29.0854,4.0,252.0
29.0903,39.0,246.0
29.0953,146.0,246.0
29.1003,39.0,244.0
29.1057,-224.0,246.0
29.1105,-133.0,248.0
29.1154,208.0,252.0
29.1202,153.0,254.0
29.1253,-165.0,256.0
29.1303,-89.0,254.0
29.1353,133.0,256.0
29.1403,0.0,252.0
29.1454,-80.0,254.0
29.1503,86.0,252.0
29.1553,-6.0,252.0
29.1604,-157.0,252.0
29.1653,77.0,252.0
29.1703,182.0,254.0
29.1754,-80.0,254.0
29.1804,-156.0,256.0
29.1853,3.0,254.0
29.1903,97.0,256.0
29.1954,108.0,254.0
29.2004,-8.0,254.0
29.2053,-158.0,252.0
29.2104,-75.0,250.0
29.2196,94.0,246.0
29.2204,85.0,242.0
29.2253,35.0,240.0
29.2303,13.0,236.0
29.2353,-125.0,236.0
29.2403,-168.0,238.0
29.2456,106.0,238.0
29.2503,258.0,240.0
29.2553,-15.0,238.0
29.2604,-217.0,238.0
29.2653,-61.0,240.0
29.2706,106.0,238.0
29.2754,81.0,238.0
29.2804,-29.0,238.0
29.2853,-69.0,238.0
29.2903,28.0,236.0
29.2952,76.0,238.0
29.3004,-66.0,238.0
29.3055,-133.0,238.0
29.3104,78.0,238.0
29.3155,196.0,236.0
29.3205,-34.0,234.0
29.3253,-167.0,232.0
29.3304,0.0,228.0
29.3354,22.0,224.0
29.3404,-53.0,220.0
29.3453,140.0,218.0
29.3505,157.0,216.0
29.3553,-222.0,214.0
29.3604,-206.0,214.0
29.3655,211.0,212.0
29.3705,179.0,212.0
29.3754,-134.0,210.0
29.3803,-92.0,208.0
29.3864,43.0,206.0
29.3904,-73.0,202.0
29.3954,-28.0,202.0
29.4004,265.0,202.0
29.4053,108.0,204.0
29.4103,-359.0,206.0
29.4153,-175.0,208.0
29.4202,319.0,210.0
29.4253,152.0,212.0
29.4303,-203.0,214.0
29.4354,-81.0,216.0
29.4403,54.0,214.0
29.4454,15.0,214.0
29.4503,89.0,214.0
29.4553,57.0,212.0
29.4605,-156.0,212.0
29.4653,-137.0,210.0
29.4703,121.0,210.0
29.4755,158.0,208.0
29.4805,-70.0,210.0
29.4853,-94.0,208.0
29.4909,99.0,210.0
29.4952,30.0,208.0
29.5003,-186.0,212.0
29.5053,-44.0,210.0
29.5103,240.0,214.0
29.5155,108.0,214.0
29.5204,-201.0,216.0
29.5253,-127.0,214.0
29.5304,82.0,214.0
29.5353,38.0,212.0
29.5402,44.0,212.0
29.5453,128.0,212.0
29.5502,-96.0,212.0
29.5553,-280.0,214.0
29.5604,71.0,212.0
29.5653,329.0,216.0
29.5703,-49.0,214.0
29.5753,-271.0,218.0
29.5804,80.0,218.0
29.5853,188.0,220.0
29.5906,-113.0,222.0
29.5954,-111.0,222.0
29.6004,96.0,220.0
29.6053,-31.0,218.0
29.6106,-85.0,216.0
29.6152,244.0,218.0
29.6203,154.0,216.0
29.6253,-380.0,220.0
29.6303,-259.0,222.0
29.6353,327.0,226.0
29.6403,287.0,228.0
29.6453,-170.0,230.0
29.6503,-218.0,234.0
29.6554,65.0,234.0
29.6603,146.0,236.0
29.6653,-57.0,236.0
29.6703,-146.0,236.0
29.6754,87.0,236.0
29.6804,194.0,238.0
29.6854,-84.0,238.0
29.6903,-213.0,242.0
29.6953,47.0,242.0
29.7003,157.0,244.0
29.7057,-51.0,242.0
29.7104,-69.0,244.0
29.7152,133.0,244.0
29.7202,37.0,244.0
29.7253,-204.0,246.0
29.7304,-73.0,248.0
29.7354,179.0,248.0
29.7403,116.0,250.0
29.7454,-98.0,248.0
29.7503,-126.0,248.0
29.7552,51.0,244.0
29.7604,141.0,244.0
29.7654,-47.0,242.0
29.7704,-228.0,244.0
29.7753,-6.0,242.0
29.7803,360.0,248.0
29.7853,180.0,250.0
29.7918,-420.0,256.0
29.797,-393.0,262.0
29.8011,359.0,264.0
29.8055,480.0,270.0
29.8104,-252.0,272.0
29.8155,-385.0,276.0
29.8212,182.0,278.0
29.8259,206.0,280.0
29.8304,-142.0,280.0
29.8358,-66.0,280.0
29.8406,78.0,282.0
29.8457,-27.0,280.0
29.8508,15.0,278.0
29.8558,143.0,280.0
29.8604,-50.0,278.0
29.8656,-272.0,282.0
29.8704,-63.0,284.0
29.8754,296.0,286.0
29.8803,268.0,288.0
29.8858,-132.0,288.0
29.8906,-358.0,290.0
29.8956,-141.0,292.0
29.9015,208.0,292.0
29.9064,326.0,296.0
29.9102,61.0,294.0
29.9156,-293.0,298.0
29.9208,-183.0,300.0
29.9257,135.0,302.0
29.9311,32.0,302.0
29.9363,-71.0,302.0
29.9408,223.0,304.0
29.9458,159.0,304.0
29.9505,-336.0,308.0
29.9557,-219.0,308.0
29.961,259.0,312.0
29.9664,109.0,312.0
29.9703,-158.0,314.0
29.9755,47.0,314.0
29.9803,172.0,316.0
29.9855,-36.0,314.0
29.9905,-232.0,316.0
29.9955,-156.0,314.0
30.001,167.0,314.0
30.0054,297.0,316.0
30.0105,16.0,312.0
30.0156,-210.0,314.0
30.021,-120.0,314.0
30.0259,22.0,314.0
30.0306,59.0,314.0
30.0357,29.0,314.0
30.0408,21.0,310.0
30.0456,54.0,308.0
30.0508,0.0,304.0
30.056,-64.0,302.0
30.0602,-53.0,298.0
30.066,-113.0,296.0
30.0707,2.0,294.0
30.0757,337.0,298.0
30.0803,157.0,300.0
30.0853,-384.0,306.0
30.0904,-256.0,308.0
30.0952,222.0,310.0
30.1005,134.0,310.0
30.106,-61.0,308.0
30.1102,151.0,310.0
30.1158,92.0,308.0
30.1205,-363.0,312.0
30.1256,-256.0,316.0
30.1304,355.0,320.0
30.1359,359.0,324.0
30.141,-190.0,324.0
30.1461,-296.0,328.0
30.1505,38.0,326.0
30.1556,117.0,326.0
30.1606,-14.0,322.0
30.1658,37.0,322.0
30.1707,93.0,322.0
30.1761,-67.0,322.0
30.1805,-150.0,324.0
30.1852,12.0,322.0
30.1908,123.0,322.0
30.196,4.0,318.0
30.2005,-76.0,318.0
30.2064,48.0,314.0
30.2103,94.0,314.0
30.2153,-62.0,310.0
30.2209,-157.0,312.0
30.2258,-41.0,310.0
30.2304,191.0,310.0
30.2359,190.0,312.0
30.2415,-183.0,314.0
30.2458,-284.0,318.0
30.2512,179.0,318.0
30.2558,318.0,320.0
30.2605,-176.0,320.0
30.2655,-313.0,320.0
30.2703,144.0,318.0
30.2756,269.0,316.0
30.2803,-95.0,314.0
30.2855,-205.0,314.0
30.2904,32.0,312.0
30.2956,122.0,312.0
30.3005,51.0,310.0
30.3058,16.0,310.0
30.3109,-92.0,310.0
30.3158,-173.0,310.0
30.3208,22.0,308.0
30.3255,216.0,310.0
30.3305,82.0,308.0
30.3352,-95.0,308.0
30.3408,-81.0,308.0
30.3454,-64.0,308.0
30.3503,-20.0,306.0
30.3556,132.0,306.0
30.3605,92.0,308.0
30.3661,-114.0,306.0
30.3702,-71.0,306.0
30.3758,108.0,306.0
30.3805,46.0,304.0
30.3855,-132.0,304.0
30.3903,-115.0,304.0
30.3964,100.0,306.0
30.4002,232.0,306.0
30.4052,25.0,306.0
30.4108,-253.0,306.0
30.4152,-151.0,310.0
30.4213,148.0,306.0
30.4254,189.0,306.0
30.4305,-35.0,300.0
30.4355,-187.0,296.0
30.4408,-16.0,292.0
30.4457,226.0,288.0
30.4508,87.0,284.0
30.456,-262.0,282.0
30.4605,-238.0,284.0
30.4657,186.0,284.0
30.4706,376.0,286.0
30.4759,-7.0,286.0
30.4803,-372.0,290.0
30.4861,-97.0,292.0
30.4907,232.0,296.0
30.4953,-12.0,294.0
30.5005,-87.0,294.0
30.506,237.0,294.0
30.5102,38.0,292.0
30.5163,-340.0,294.0
30.5208,-55.0,290.0
30.5255,236.0,292.0
30.5305,46.0,286.0
30.5368,-40.0,286.0
30.5412,9.0,282.0
30.5458,-119.0,278.0
30.5505,-71.0,280.0
30.5555,210.0,278.0
30.5609,114.0,276.0
30.5663,-239.0,278.0
30.5702,-115.0,280.0
30.5758,198.0,282.0
30.5805,43.0,278.0
30.5857,-104.0,278.0
30.5909,95.0,274.0
30.5952,31.0,272.0
30.6003,-208.0,270.0
30.6057,-13.0,268.0
30.6105,193.0,270.0
30.6156,-15.0,268.0
30.621,-81.0,268.0
30.6256,97.0,268.0
30.6304,9.0,266.0
30.6361,-150.0,264.0
30.6405,-34.0,262.0
30.6455,71.0,260.0
30.6508,49.0,260.0
30.6555,117.0,258.0
30.6603,52.0,258.0
30.6656,-284.0,262.0
30.6708,-226.0,264.0
30.6757,299.0,268.0
30.6808,336.0,274.0
30.6861,-120.0,274.0
30.6904,-284.0,278.0
30.6956,-136.0,280.0
30.7003,94.0,280.0
30.7059,291.0,284.0
30.7103,93.0,284.0
30.7159,-282.0,284.0
30.7221,-150.0,284.0
30.7255,206.0,280.0
30.7306,90.0,278.0
30.7354,-179.0,278.0
30.7408,-30.0,276.0
30.7461,191.0,278.0
30.7505,37.0,276.0
30.7556,-139.0,276.0
30.7606,-56.0,272.0
30.766,-21.0,268.0
30.7702,7.0,264.0
30.7764,202.0,260.0
30.7804,64.0,258.0
30.7855,-302.0,258.0
30.7908,-56.0,260.0
30.7958,312.0,262.0
30.8003,-30.0,262.0
30.8054,-256.0,266.0
30.8104,120.0,266.0
30.8152,160.0,268.0
30.8203,-186.0,268.0
30.8255,-84.0,270.0
30.8302,231.0,270.0
30.8352,84.0,272.0
30.8402,-232.0,274.0
30.8453,-123.0,276.0
30.8503,172.0,278.0
30.8553,121.0,278.0
30.8603,-109.0,278.0
30.8653,-65.0,278.0
30.8703,96.0,276.0
30.8755,16.0,274.0
30.8805,-97.0,272.0
30.8853,-27.0,268.0
30.8902,32.0,266.0
30.8953,72.0,262.0
30.9003,90.0,260.0
30.9054,-75.0,256.0
30.9104,-158.0,258.0
30.9155,21.0,254.0
30.9205,82.0,252.0
30.9252,17.0,250.0
30.9303,97.0,252.0
30.9356,16.0,250.0
30.9403,-270.0,252.0
30.9454,-99.0,254.0
30.9503,361.0,258.0
30.9553,152.0,258.0
30.9603,-370.0,264.0
30.9653,-123.0,262.0
30.9706,331.0,266.0
30.9755,50.0,266.0
30.9802,-258.0,268.0
30.9853,3.0,266.0
30.9903,168.0,270.0
30.9953,-25.0,268.0
31.0003,-133.0,268.0
31.0053,4.0,266.0
31.0107,198.0,268.0
31.0153,87.0,268.0
31.0207,-285.0,272.0
31.0253,-211.0,274.0
31.0303,277.0,276.0
31.0352,269.0,278.0
31.0403,-173.0,278.0
31.0454,-232.0,280.0
31.0504,54.0,278.0
31.0555,143.0,278.0
31.0603,17.0,276.0
31.0653,-55.0,274.0
31.0702,-29.0,274.0
31.0753,5.0,270.0
31.0803,8.0,270.0
31.0854,-2.0,266.0
31.0902,-6.0,266.0
31.0953,28.0,262.0
31.1004,17.0,258.0
31.1055,-80.0,256.0
31.1103,26.0,252.0
31.1153,184.0,254.0
31.1203,-150.0,250.0
31.1253,-338.0,254.0
31.1305,240.0,254.0
31.1353,447.0,262.0
31.1403,-186.0,262.0
31.1452,-381.0,264.0
31.1504,74.0,266.0
31.1553,159.0,262.0
31.1605,-52.0,262.0
31.1654,62.0,260.0
31.1704,104.0,260.0
31.1755,-190.0,264.0
31.1805,-107.0,264.0
31.1853,239.0,266.0
31.1905,16.0,266.0
31.1955,-205.0,266.0
31.2005,116.0,266.0
31.2053,75.0,264.0
31.2103,-211.0,264.0
31.2153,105.0,264.0
31.2207,225.0,266.0
31.2255,-258.0,268.0
31.2303,-192.0,270.0
31.2353,315.0,274.0
31.2403,166.0,274.0
31.2456,-259.0,278.0
31.2505,-145.0,276.0
31.2553,135.0,278.0
31.2603,84.0,278.0
31.2654,-10.0,278.0
31.2703,30.0,278.0
31.2754,-63.0,276.0
31.2806,-150.0,278.0
31.2854,77.0,278.0
31.2903,188.0,280.0
31.2953,-74.0,280.0
31.3005,-116.0,280.0
31.3054,108.0,278.0
31.3103,29.0,274.0
31.3153,-139.0,272.0
31.3204,-33.0,268.0
31.3252,67.0,266.0
31.3308,106.0,264.0
31.3353,128.0,264.0
31.3405,-168.0,266.0
31.3454,-348.0,266.0
31.3504,171.0,268.0
31.3553,469.0,270.0
31.3603,-124.0,270.0
31.3655,-433.0,274.0
31.3703,88.0,274.0
31.3753,255.0,274.0
31.3803,-114.0,276.0
31.3853,1.0,272.0
31.3904,180.0,276.0
31.3955,-230.0,276.0
31.4003,-215.0,278.0
31.4053,349.0,284.0
31.4103,169.0,286.0
31.4153,-366.0,290.0
31.4205,-59.0,290.0
31.4253,347.0,290.0
31.4303,-38.0,290.0
31.4353,-321.0,290.0
31.4403,50.0,290.0
31.4455,244.0,290.0
31.4503,3.0,288.0
31.4553,-55.0,286.0
31.4602,-12.0,284.0
31.4653,-188.0,286.0
31.4703,-91.0,284.0
31.4753,298.0,286.0
31.4805,215.0,286.0
31.4853,-191.0,288.0
31.4903,-201.0,288.0
31.4953,31.0,286.0
31.5004,46.0,286.0
31.5057,-27.0,284.0
31.5102,81.0,284.0
31.5154,178.0,286.0
31.5205,-54.0,286.0
31.5254,-311.0,290.0
31.5304,-73.0,292.0
31.5355,301.0,294.0
31.5405,177.0,296.0
31.5453,-169.0,298.0
31.5505,-218.0,298.0
31.5554,-9.0,298.0
31.5603,224.0,300.0
31.5653,169.0,304.0
31.5705,-208.0,304.0
31.5754,-235.0,308.0
31.5805,152.0,306.0
31.5855,155.0,308.0
31.5906,-72.0,302.0
31.5954,-1.0,300.0
31.6003,26.0,296.0
31.6054,-58.0,294.0
31.6102,-9.0,288.0
31.6153,-28.0,288.0
31.6205,-55.0,286.0
31.6255,122.0,288.0
31.6303,153.0,288.0
31.6353,-103.0,288.0
31.6405,-170.0,288.0
31.6453,36.0,290.0
31.6504,63.0,288.0
31.6555,-30.0,286.0
31.6603,76.0,284.0
31.6653,72.0,280.0
31.6706,-128.0,278.0
31.6754,-71.0,276.0
31.6804,57.0,274.0
31.6853,9.0,270.0
31.6903,71.0,270.0
31.6952,42.0,268.0
31.7006,-172.0,272.0
31.7056,-10.0,270.0
31.7104,237.0,274.0
31.7156,-104.0,276.0
31.7204,-316.0,280.0
31.7254,196.0,284.0
31.7303,395.0,290.0
31.7353,-149.0,292.0
31.7403,-366.0,296.0
31.7462,-1.0,296.0
31.7502,178.0,298.0
31.7553,103.0,296.0
31.7604,53.0,296.0
31.7655,-65.0,290.0
31.7706,-152.0,290.0
31.7753,-44.0,284.0
31.7803,54.0,282.0
31.7854,85.0,276.0
31.7905,132.0,278.0
31.7953,-5.0,274.0
31.8004,-228.0,278.0
31.8052,-93.0,278.0
31.8102,161.0,280.0
31.8153,92.0,278.0
31.8203,-29.0,276.0
31.8253,2.0,272.0
31.8303,-51.0,274.0
31.8353,-89.0,272.0
31.8403,75.0,270.0
31.8453,101.0,272.0
31.8505,-126.0,270.0
31.8552,-90.0,270.0
31.8604,203.0,270.0
31.8653,131.0,268.0
31.8703,-169.0,266.0
31.8752,-158.0,264.0
31.8803,-12.0,262.0
31.8854,52.0,258.0
31.8903,152.0,258.0
31.8953,136.0,258.0
31.9005,-93.0,260.0
31.9054,-221.0,262.0
31.9103,-70.0,262.0
31.9153,132.0,264.0
31.9204,125.0,264.0
31.9253,-8.0,262.0
31.9302,2.0,260.0
31.9354,-17.0,258.0
31.9405,-184.0,260.0
31.9454,-23.0,258.0
31.9513,274.0,262.0
31.9553,37.0,260.0
31.9603,-236.0,264.0
31.9652,11.0,264.0
31.9704,120.0,264.0
31.9753,-100.0,262.0
31.9803,2.0,260.0
31.9852,176.0,258.0
31.9905,-96.0,256.0
31.9953,-190.0,252.0
32.0003,167.0,252.0
32.0053,157.0,248.0
32.0103,-208.0,250.0
32.0153,-125.0,248.0
32.0203,198.0,250.0
32.0254,98.0,252.0
32.0303,-154.0,250.0
32.0354,-56.0,248.0
32.0403,113.0,246.0
32.0456,33.0,242.0
32.0509,-50.0,240.0
32.0553,-63.0,234.0
32.0603,-84.0,236.0
32.0653,107.0,232.0
32.0702,257.0,234.0
32.0753,-108.0,232.0
32.0805,-346.0,236.0
32.0852,72.0,234.0
32.0903,261.0,238.0
32.0952,-31.0,238.0
32.1002,-51.0,238.0
32.1054,-9.0,234.0
32.1103,-142.0,236.0
32.1154,60.0,232.0
32.1205,236.0,232.0
32.1252,-110.0,232.0
32.1305,-251.0,232.0
32.1355,136.0,234.0
32.1404,229.0,236.0
32.1453,-128.0,238.0
32.1514,-179.0,240.0
32.1553,78.0,238.0
32.1604,96.0,238.0
32.1654,-5.0,234.0
32.1704,-6.0,232.0
32.1754,-41.0,228.0
32.1804,-24.0,226.0
32.1853,52.0,224.0
32.1904,-20.0,222.0
32.1952,-66.0,222.0
32.2004,77.0,220.0
32.2052,96.0,218.0
32.2105,-82.0,216.0
32.2152,-106.0,214.0
32.2203,43.0,214.0
32.2252,77.0,212.0
32.2302,4.0,210.0
32.2353,-17.0,212.0
32.2402,-34.0,212.0
32.2452,-64.0,212.0
32.2503,17.0,212.0
32.2556,119.0,212.0
32.2603,32.0,212.0
32.2653,-83.0,212.0
32.2705,-53.0,210.0
32.2755,-34.0,210.0
32.2803,16.0,206.0
32.2853,157.0,208.0
32.2903,50.0,208.0
32.2953,-242.0,212.0
32.3003,-116.0,212.0
32.3063,283.0,216.0
32.3103,158.0,216.0
32.3155,-260.0,220.0
32.3204,-135.0,220.0
32.3253,169.0,222.0
32.3304,33.0,222.0
32.3353,-55.0,222.0
32.3404,79.0,222.0
32.3454,-36.0,222.0
32.3503,-113.0,220.0
32.3566,118.0,220.0
32.3605,67.0,216.0
32.3653,-190.0,216.0
32.3703,-22.0,210.0
32.3752,181.0,210.0
32.3802,43.0,206.0
32.3854,-47.0,206.0
32.3904,-92.0,204.0
32.3953,-129.0,206.0
32.4002,76.0,206.0
32.4055,191.0,208.0
32.4102,0.0,206.0
32.4154,-84.0,206.0
32.4203,-21.0,206.0
32.4253,-76.0,206.0
32.4303,-48.0,204.0
32.4353,173.0,206.0
32.4402,107.0,204.0
32.4455,-237.0,206.0
32.4502,-99.0,206.0
32.4554,327.0,210.0
32.4603,95.0,210.0
32.4653,-373.0,216.0
32.4703,-123.0,218.0
32.4755,280.0,220.0
32.4803,83.0,220.0
32.4853,-133.0,222.0
32.4902,53.0,220.0
32.4952,90.0,220.0
32.5005,-150.0,220.0
32.5057,-142.0,220.0
32.5105,105.0,218.0
32.5153,173.0,218.0
32.5202,-2.0,218.0
32.5253,-144.0,220.0
32.5302,-33.0,218.0
32.5355,104.0,218.0
32.5404,-8.0,216.0
32.5454,-81.0,214.0
32.5502,43.0,214.0
32.5553,53.0,212.0
32.5602,-11.0,210.0
32.5653,-15.0,210.0
32.5703,-65.0,212.0
32.5753,-19.0,212.0
32.5802,118.0,210.0
32.5853,62.0,212.0
32.5905,-87.0,208.0
32.5953,-113.0,210.0
32.6003,-26.0,206.0
32.6053,142.0,208.0
32.6105,146.0,208.0
32.6152,-145.0,210.0
32.6207,-213.0,212.0
32.6254,155.0,212.0
32.6303,236.0,214.0
32.6353,-182.0,214.0
32.6403,-231.0,216.0
32.6454,183.0,216.0
32.6505,175.0,216.0
32.6554,-133.0,216.0
32.6603,-57.0,214.0
32.6653,84.0,212.0
32.6703,-59.0,212.0
32.6753,-67.0,212.0
32.6803,72.0,210.0
32.6854,4.0,210.0
32.6902,7.0,210.0
32.6952,173.0,212.0
32.7003,-35.0,210.0
32.7056,-370.0,214.0
32.7103,-58.0,212.0
32.7153,416.0,216.0
32.7203,140.0,214.0
32.7252,-307.0,218.0
32.7303,-88.0,214.0
32.7357,196.0,216.0
32.7403,-9.0,216.0
32.7455,-143.0,218.0
32.7503,26.0,216.0
32.7552,74.0,216.0
32.7602,3.0,214.0
32.7659,26.0,212.0
32.7704,32.0,208.0
32.7753,-72.0,208.0
32.7803,-153.0,206.0
32.7854,-11.0,204.0
32.7904,270.0,206.0
32.7954,179.0,208.0
32.8005,-296.0,210.0
32.8053,-288.0,214.0
32.8104,253.0,218.0
32.8154,269.0,222.0
32.8207,-209.0,226.0
32.8253,-177.0,228.0
32.8303,173.0,230.0
32.8352,68.0,230.0
32.8403,-132.0,230.0
32.8452,50.0,230.0
32.8503,100.0,230.0
32.8555,-147.0,230.0
32.8603,-70.0,232.0
32.8653,176.0,232.0
32.8705,17.0,232.0
32.8755,-156.0,234.0
32.8803,36.0,236.0
32.8853,128.0,236.0
32.8903,-47.0,236.0
32.8952,-56.0,236.0
32.9002,63.0,236.0
32.9056,-93.0,236.0
32.9104,-189.0,238.0
32.9153,231.0,242.0
32.9202,399.0,248.0
32.9252,-217.0,248.0
32.9302,-491.0,256.0
32.9353,52.0,252.0
32.9402,295.0,254.0
32.9452,100.0,252.0
32.9502,93.0,252.0
32.9552,-94.0,248.0
32.9603,-398.0,252.0
32.9652,-28.0,250.0
32.9704,439.0,256.0
32.9754,118.0,258.0
32.9804,-266.0,260.0
32.9852,-97.0,262.0
32.9904,26.0,260.0
32.9953,-9.0,258.0
33.0003,164.0,260.0
33.0052,154.0,260.0
33.0102,-236.0,262.0
33.0152,-276.0,264.0
33.0206,172.0,266.0
33.0255,304.0,270.0
33.0303,-32.0,270.0
33.0353,-204.0,270.0
33.0402,-99.0,270.0
33.0455,33.0,268.0
33.0504,169.0,272.0
33.0554,100.0,272.0
33.0603,-147.0,274.0
33.0652,-121.0,274.0
33.0703,26.0,274.0
33.076,29.0,272.0
33.0803,152.0,272.0
33.0853,132.0,270.0
33.0903,-297.0,274.0
33.0953,-283.0,272.0
33.1002,333.0,276.0
33.1053,326.0,276.0
33.1104,-262.0,278.0
33.1155,-211.0,278.0
33.1203,136.0,278.0
33.1252,-25.0,276.0
33.1302,-18.0,276.0
33.1353,265.0,278.0
33.1402,-35.0,276.0
33.1454,-352.0,280.0
33.1502,40.0,278.0
33.1552,224.0,280.0
33.1603,-81.0,280.0
33.1653,-21.0,278.0
33.1704,182.0,282.0
33.1752,-42.0,280.0
33.1803,-235.0,284.0
33.1853,-60.0,284.0
33.1906,165.0,286.0
33.1955,141.0,286.0
33.2003,-75.0,288.0
33.2053,-67.0,288.0
33.2103,120.0,290.0
33.2152,-72.0,290.0
33.2216,-283.0,292.0
33.2254,152.0,294.0
33.2302,391.0,300.0
33.2353,-184.0,300.0
33.2403,-333.0,304.0
33.2452,217.0,306.0
33.2503,176.0,306.0
33.2555,-207.0,308.0
33.2602,-20.0,304.0
33.2652,86.0,304.0
33.2703,-119.0,302.0
33.2753,87.0,300.0
33.2804,253.0,300.0
33.2853,-165.0,300.0
33.2903,-336.0,302.0
33.2953,115.0,302.0
33.3003,316.0,306.0
33.3055,-64.0,306.0
33.3103,-215.0,308.0
33.3153,106.0,310.0
33.3204,113.0,310.0
33.3253,-164.0,312.0
33.3303,-41.0,312.0
33.3354,133.0,312.0
33.3405,-51.0,312.0
33.3453,-46.0,308.0
33.3505,165.0,310.0
33.3552,20.0,302.0
33.3603,-208.0,304.0
33.3654,-65.0,300.0
33.3703,148.0,302.0
33.3754,102.0,300.0
33.3802,-73.0,300.0
33.3853,-102.0,300.0
33.3903,39.0,300.0
33.3954,72.0,300.0
33.4005,-18.0,300.0
33.4052,4.0,300.0
33.4104,11.0,300.0
33.4154,-117.0,300.0
33.4202,-60.0,300.0
33.4252,194.0,302.0
33.4303,156.0,300.0
33.4353,-191.0,300.0
33.4402,-214.0,300.0
33.4454,126.0,296.0
33.4504,153.0,294.0
33.4552,-66.0,292.0
33.4602,16.0,288.0
33.4652,96.0,288.0
33.4703,-185.0,288.0
33.4753,-225.0,290.0
33.4804,220.0,292.0
33.4853,339.0,296.0
33.4903,-87.0,296.0
33.4956,-319.0,298.0
33.5006,-81.0,298.0
33.5055,183.0,298.0
33.5105,140.0,300.0
33.5154,-43.0,298.0
33.5203,-92.0,300.0
33.5252,-37.0,298.0
33.5303,27.0,298.0
33.5352,67.0,298.0
33.5404,-3.0,298.0
33.5454,-76.0,298.0
33.5502,30.0,294.0
33.5552,89.0,292.0
33.5604,-66.0,288.0
33.5654,-83.0,286.0
33.5702,62.0,278.0
33.5752,17.0,278.0
33.5804,-37.0,274.0
33.5856,57.0,274.0
33.5904,34.0,272.0
33.5953,-40.0,272.0
33.6003,-46.0,266.0
33.6052,-50.0,266.0
33.6102,37.0,260.0
33.6153,104.0,260.0
33.6206,-22.0,256.0
33.6254,-88.0,256.0
33.6303,29.0,256.0
33.6353,65.0,256.0
33.6402,-24.0,254.0
33.6454,-76.0,254.0
33.6502,-21.0,250.0
33.6554,96.0,248.0
33.6603,50.0,246.0
33.6654,-102.0,242.0
33.6703,-19.0,242.0
33.6756,99.0,240.0
33.6803,-6.0,238.0
33.6853,-64.0,240.0
33.6903,-31.0,238.0
33.6953,-37.0,236.0
33.7003,65.0,234.0
33.7055,159.0,236.0
33.7104,-18.0,236.0
33.7155,-198.0,238.0
33.7203,-62.0,236.0
33.7252,117.0,236.0
33.7302,82.0,232.0
33.7352,3.0,228.0
33.7405,-47.0,224.0
33.7453,-51.0,220.0
33.7502,55.0,216.0
33.7552,-1.0,214.0
33.7604,-149.0,214.0
33.7653,74.0,214.0
33.7704,222.0,218.0
33.7753,-104.0,214.0
33.7804,-148.0,216.0
33.7853,126.0,214.0
33.7903,-28.0,212.0
33.7955,-176.0,212.0
33.8003,151.0,214.0
33.8052,206.0,216.0
33.8105,-146.0,216.0
33.8153,-169.0,218.0
33.8202,54.0,214.0
33.8253,92.0,216.0
33.8302,65.0,214.0
33.8352,-24.0,212.0
33.8402,-177.0,214.0
33.8454,-24.0,212.0
33.8502,243.0,214.0
33.8554,67.0,214.0
33.8602,-223.0,214.0
33.8652,-118.0,214.0
33.8702,113.0,208.0
33.8753,158.0,208.0
33.8804,31.0,204.0
33.8855,-138.0,202.0
33.8902,-106.0,202.0
33.8952,60.0,200.0
33.9002,62.0,200.0
33.9054,8.0,198.0
33.9103,26.0,198.0
33.9155,-25.0,196.0
33.9203,-56.0,192.0
33.9252,25.0,190.0
33.9302,38.0,186.0
33.9353,-56.0,186.0
33.9402,-80.0,182.0
33.9452,77.0,182.0
33.9502,213.0,182.0
33.9554,-27.0,180.0
33.9605,-310.0,184.0
33.9654,-39.0,182.0
33.9703,264.0,186.0
33.9752,17.0,184.0
33.9802,-136.0,184.0
33.9853,69.0,184.0
33.9903,35.0,182.0
33.9958,-109.0,184.0
34.0003,48.0,182.0
34.0053,89.0,182.0
34.0104,-181.0,182.0
34.0154,-98.0,182.0
34.0205,338.0,186.0
34.0254,185.0,188.0
34.0302,-382.0,194.0
34.0354,-252.0,196.0
34.0402,244.0,200.0
34.0452,168.0,202.0
34.0502,-5.0,202.0
34.0553,50.0,202.0
34.0603,-193.0,204.0
34.0654,-254.0,204.0
34.0703,276.0,206.0
34.0753,310.0,208.0
34.0804,-230.0,208.0
34.0855,-194.0,210.0
34.0902,87.0,208.0
34.0953,-25.0,208.0
34.1002,47.0,208.0
34.1054,213.0,210.0
34.1103,-81.0,208.0
34.1153,-262.0,208.0
34.1202,65.0,206.0
34.1252,186.0,204.0
34.1304,-109.0,204.0
34.1352,-106.0,202.0
34.1402,183.0,202.0
34.1452,118.0,202.0
34.1502,-160.0,202.0
34.1553,-195.0,204.0
34.1604,24.0,204.0
34.1654,242.0,206.0
34.1703,94.0,208.0
34.1754,-220.0,210.0
34.1802,-89.0,212.0
34.1853,149.0,212.0
34.1902,0.0,212.0
34.1954,-42.0,212.0
34.2002,79.0,212.0
34.2053,-76.0,212.0
34.2104,-110.0,212.0
34.2154,148.0,214.0
34.2203,99.0,216.0
34.2253,-140.0,216.0
34.2303,-63.0,216.0
34.2352,86.0,218.0
34.2402,29.0,218.0
34.2452,-18.0,216.0
34.2502,1.0,216.0
34.2552,-49.0,216.0
34.2602,-56.0,216.0
34.2653,80.0,216.0
34.2703,105.0,216.0
34.2753,-35.0,216.0
34.2802,-65.0,218.0
34.2852,-44.0,216.0
34.2902,-70.0,218.0
34.2952,57.0,216.0
34.3002,187.0,218.0
34.3053,45.0,218.0
34.3102,-176.0,220.0
34.3153,-222.0,222.0
34.3203,30.0,222.0
34.3253,369.0,228.0
34.3303,177.0,230.0
34.3354,-385.0,236.0
34.3405,-332.0,240.0
34.3452,267.0,242.0
34.3502,345.0,246.0
34.3556,-134.0,246.0
34.3602,-242.0,248.0
34.3652,85.0,248.0
34.3704,141.0,248.0
34.3753,-77.0,250.0
34.3803,-95.0,250.0
34.3853,10.0,250.0
34.3903,36.0,250.0
34.3954,125.0,252.0
34.4006,81.0,250.0
34.4066,-254.0,254.0
34.4102,-197.0,252.0
34.4152,309.0,256.0
34.4203,223.0,258.0
34.4253,-271.0,260.0
34.4303,-152.0,262.0
34.4352,144.0,260.0
34.4403,50.0,260.0
34.4452,11.0,256.0
34.4503,-4.0,254.0
34.4553,-115.0,254.0
34.4602,56.0,254.0
34.4652,150.0,254.0
34.4703,-170.0,256.0
34.4756,-136.0,258.0
34.4804,278.0,258.0
34.4854,92.0,260.0
34.4902,-313.0,262.0
34.4952,-32.0,260.0
34.5002,237.0,260.0
34.506,-15.0,260.0
34.5103,-79.0,258.0
34.5152,11.0,256.0
34.5202,-91.0,258.0
34.5252,40.0,256.0
34.5311,208.0,258.0
34.5352,-65.0,258.0
34.5403,-224.0,260.0
34.5455,11.0,260.0
34.5502,150.0,262.0
34.5553,74.0,262.0
34.5602,-60.0,262.0
34.5653,-92.0,264.0
34.5702,34.0,264.0
34.5753,16.0,264.0
34.5802,-87.0,264.0
34.5852,75.0,264.0
34.5903,152.0,262.0
34.5953,-104.0,264.0
34.6002,-148.0,260.0
34.6052,64.0,262.0
34.6103,60.0,258.0
34.6153,-15.0,258.0
34.6203,54.0,256.0
34.6252,14.0,256.0
34.6303,-125.0,258.0
34.6352,-54.0,256.0
34.6402,116.0,258.0
34.646,60.0,258.0
34.6503,-48.0,256.0
34.6552,15.0,254.0
34.6602,8.0,248.0
34.6652,-99.0,248.0
34.6705,-50.0,242.0
34.6754,69.0,240.0
34.6803,115.0,238.0
34.6852,85.0,236.0
34.6902,-97.0,238.0
34.6952,-226.0,240.0
34.7002,-17.0,238.0
34.7053,209.0,236.0
34.7102,105.0,234.0
34.7153,-45.0,230.0
34.7203,-30.0,226.0
34.7252,-98.0,226.0
34.7303,-161.0,226.0
34.7357,102.0,228.0
34.7404,283.0,232.0
34.7453,-13.0,228.0
34.7504,-230.0,230.0
34.7553,-58.0,228.0
34.7602,47.0,226.0
34.7652,63.0,226.0
34.7702,141.0,226.0
34.7752,-1.0,224.0
34.7802,-209.0,224.0
34.7853,-83.0,224.0
34.7904,134.0,224.0
34.7954,106.0,222.0
34.8002,-29.0,222.0
34.8053,-38.0,218.0
34.8103,-18.0,218.0
34.8159,-42.0,214.0
34.8206,71.0,214.0
34.8252,90.0,214.0
34.8303,-217.0,218.0
34.8353,-171.0,220.0
34.8403,392.0,224.0
34.8452,321.0,228.0
34.8504,-437.0,232.0
34.8553,-412.0,238.0
34.8603,331.0,240.0
34.8653,290.0,244.0
34.8703,-255.0,246.0
34.8753,-32.0,246.0
34.8803,335.0,250.0
34.8853,-99.0,252.0
34.8902,-446.0,258.0
34.8961,-6.0,258.0
34.9003,385.0,262.0
34.9053,176.0,264.0
34.9102,-151.0,264.0
34.9159,-204.0,268.0
34.9202,-58.0,268.0
34.9251,84.0,268.0
34.9302,97.0,268.0
34.9352,18.0,268.0
34.9402,-13.0,266.0
34.9464,19.0,264.0
34.9503,-32.0,262.0
34.9562,-176.0,262.0
34.9606,-32.0,262.0
34.9652,326.0,262.0
34.9702,125.0,260.0
34.9752,-378.0,260.0
34.9804,-134.0,258.0
34.9852,343.0,258.0
34.9902,39.0,254.0
34.9953,-273.0,256.0
35.0005,104.0,254.0
35.0052,213.0,256.0
35.0102,-227.0,256.0
35.0152,-196.0,258.0
35.0203,249.0,262.0
35.0253,196.0,264.0
35.0302,-145.0,266.0
35.0353,-144.0,266.0
35.0401,1.0,264.0
35.0452,37.0,262.0
35.0502,71.0,260.0
35.0552,54.0,256.0
35.0603,-26.0,252.0
35.0654,-95.0,250.0
35.0705,-86.0,248.0
35.0753,97.0,248.0
35.0803,150.0,250.0
35.0854,-95.0,250.0
35.0902,-121.0,252.0
35.0952,121.0,252.0
35.1002,85.0,254.0
35.1054,-165.0,254.0
35.1102,-113.0,252.0
35.1153,168.0,252.0
35.1212,147.0,250.0
35.1252,-100.0,252.0
35.1304,-95.0,248.0
35.1352,39.0,248.0
35.1402,-1.0,244.0
35.1453,-62.0,244.0
35.1502,-22.0,244.0
35.1554,99.0,246.0
35.1604,199.0,246.0
35.1652,-65.0,248.0
35.1703,-362.0,250.0
35.1754,30.0,250.0
35.1802,394.0,252.0
35.1854,-83.0,252.0
35.1904,-348.0,256.0
35.1954,157.0,258.0
35.2004,271.0,260.0
35.2052,-160.0,262.0
35.2102,-146.0,264.0
35.2154,123.0,266.0
35.2223,7.0,264.0
35.2252,-133.0,264.0
35.2303,56.0,264.0
35.2353,192.0,264.0
35.2402,-19.0,262.0
35.246,-225.0,266.0
35.2503,-54.0,266.0
35.2554,170.0,268.0
35.2602,88.0,268.0
35.2652,-35.0,268.0
35.2702,-40.0,268.0
35.2757,-99.0,268.0
35.2803,-70.0,268.0
35.2853,154.0,268.0
35.2902,168.0,270.0
35.2952,-138.0,272.0
35.3004,-188.0,276.0
35.3056,130.0,276.0
35.3102,137.0,276.0
35.3153,-165.0,278.0
35.3203,-70.0,278.0
35.3255,207.0,280.0
35.3304,18.0,278.0
35.3369,-216.0,278.0
35.3406,3.0,278.0
35.3453,189.0,278.0
35.3502,13.0,276.0
35.3553,-153.0,278.0
35.3609,-41.0,278.0
35.3652,141.0,278.0
35.3702,32.0,276.0
35.3753,-165.0,278.0
35.3802,17.0,274.0
35.3852,209.0,276.0
35.3903,-50.0,274.0
35.3955,-245.0,276.0
35.4004,3.0,276.0
35.4053,243.0,278.0
35.4102,101.0,278.0
35.4154,-174.0,280.0
35.4203,-187.0,280.0
35.4254,70.0,280.0
35.4302,220.0,282.0
35.4353,-8.0,280.0
35.4402,-226.0,284.0
35.4453,-2.0,282.0
35.4505,219.0,286.0
35.4553,23.0,286.0
35.4603,-181.0,288.0
35.4652,-67.0,286.0
35.4702,105.0,286.0
35.4753,68.0,284.0
35.4803,-56.0,278.0
35.4854,-16.0,274.0
35.4902,74.0,268.0
35.4952,-18.0,262.0
35.5002,-82.0,258.0
35.5055,20.0,254.0
35.5104,-5.0,250.0
35.5152,-61.0,250.0
35.5204,138.0,248.0
35.5253,166.0,248.0
35.5307,-184.0,244.0
35.5356,-256.0,248.0
35.5404,136.0,244.0
35.5454,250.0,246.0
35.5502,-124.0,244.0
35.5554,-192.0,244.0
35.5603,212.0,248.0
35.5654,171.0,248.0
35.5703,-297.0,252.0
35.5753,-171.0,254.0
35.5803,262.0,258.0
35.5853,127.0,260.0
35.5904,-119.0,260.0
35.5952,-49.0,258.0
35.6004,-49.0,260.0
35.6051,-7.0,254.0
35.6102,178.0,254.0
35.6152,53.0,250.0
35.6204,-210.0,252.0
35.6254,-104.0,248.0
35.6302,120.0,248.0
35.6352,107.0,246.0
35.6402,15.0,244.0
35.6457,-21.0,242.0
35.6505,-72.0,240.0
35.6554,-93.0,238.0
35.6603,-1.0,234.0
35.6652,141.0,232.0
35.6703,144.0,232.0
35.6753,-89.0,232.0
35.6803,-228.0,236.0
35.6854,-12.0,236.0
35.6902,194.0,238.0
35.6952,94.0,238.0
35.7003,-113.0,240.0
35.7054,-152.0,240.0
35.7104,82.0,240.0
35.7154,204.0,242.0
35.7204,-103.0,240.0
35.7252,-194.0,242.0
35.7304,107.0,242.0
35.7352,50.0,242.0
35.7408,-54.0,240.0
35.7452,202.0,242.0
35.7502,-23.0,240.0
35.7555,-430.0,244.0
35.7603,52.0,242.0
35.7654,488.0,248.0
35.7702,7.0,248.0
35.7752,-309.0,252.0
35.7803,-102.0,252.0
35.7853,-35.0,252.0
35.7906,107.0,254.0
35.7954,325.0,258.0
35.8002,24.0,254.0
35.8052,-347.0,258.0
35.8103,-154.0,256.0
35.8154,131.0,258.0
35.8204,112.0,252.0
35.8253,68.0,252.0
35.8302,61.0,248.0
35.8354,-81.0,246.0
35.8403,-166.0,246.0
35.8452,-3.0,242.0
35.8503,118.0,242.0
35.8554,17.0,240.0
35.8602,-21.0,240.0
35.8652,79.0,240.0
35.8702,-5.0,240.0
35.8756,-190.0,240.0
35.8803,-29.0,240.0
35.8853,212.0,240.0
35.8903,29.0,238.0
35.8952,-150.0,238.0
35.9003,57.0,238.0
35.9054,124.0,240.0
35.9103,-167.0,242.0
35.9153,-172.0,242.0
35.9203,221.0,244.0
35.9252,172.0,246.0
35.9302,-227.0,246.0
35.9352,-60.0,244.0
35.9403,234.0,246.0
35.9454,-34.0,244.0
35.9503,-220.0,246.0
35.9552,0.0,242.0
35.9605,128.0,244.0
35.9653,94.0,242.0
35.9702,23.0,242.0
35.9754,-109.0,240.0
35.9802,-141.0,242.0
35.9852,-4.0,240.0
35.9903,145.0,242.0
35.9952,158.0,242.0
36.0002,-45.0,242.0
36.0052,-230.0,244.0
36.0102,-70.0,244.0
36.0153,204.0,244.0
36.0208,129.0,246.0
36.0254,-139.0,246.0
36.0302,-125.0,246.0
36.0353,52.0,244.0
36.0404,93.0,244.0
36.0453,67.0,242.0
36.0502,-65.0,242.0
36.056,-179.0,242.0
36.0607,68.0,240.0
36.0654,209.0,242.0
36.0704,-117.0,240.0
36.0754,-149.0,242.0
36.0803,197.0,242.0
36.0854,59.0,242.0
36.0905,-258.0,244.0
36.0954,3.0,244.0
36.1002,251.0,244.0
36.106,-11.0,244.0
36.1107,-155.0,244.0
36.1157,-26.0,244.0
36.1205,-11.0,242.0
36.1254,53.0,244.0
36.1304,197.0,246.0
36.1358,-4.0,246.0
36.1414,-341.0,250.0
36.1466,-117.0,250.0
36.1503,384.0,256.0
36.1555,209.0,258.0
36.1602,-309.0,262.0
36.1652,-143.0,262.0
36.1712,172.0,260.0
36.1754,-84.0,258.0
36.1811,-66.0,258.0
36.1853,315.0,258.0
36.1902,21.0,256.0
36.1953,-370.0,260.0
36.2002,21.0,256.0
36.2052,216.0,258.0
36.2102,-115.0,254.0
36.2153,-3.0,252.0
36.2213,209.0,250.0
36.2255,-108.0,250.0
36.2302,-186.0,252.0
36.2352,128.0,252.0
36.2401,35.0,252.0
36.2452,-167.0,256.0
36.2502,110.0,254.0
36.2552,237.0,256.0
36.2603,-146.0,256.0
36.2653,-243.0,258.0
36.2704,115.0,258.0
36.2753,151.0,258.0
36.2803,-109.0,260.0
36.2855,-29.0,260.0
36.2902,145.0,262.0
36.2953,-53.0,260.0
36.3003,-179.0,264.0
36.3053,84.0,262.0
36.3104,170.0,264.0
36.3153,-82.0,262.0
36.3203,-103.0,260.0
36.3252,89.0,262.0
36.3302,23.0,260.0
36.3358,-134.0,260.0
36.3403,5.0,258.0
36.3454,197.0,260.0
36.3513,28.0,258.0
36.3553,-237.0,258.0
36.3602,-70.0,258.0
36.3653,227.0,258.0
36.3703,53.0,258.0
36.3753,-185.0,260.0
36.3802,28.0,260.0
36.3852,167.0,260.0
36.3904,-78.0,260.0
36.3954,-196.0,256.0
36.4003,-24.0,256.0
36.4052,189.0,252.0
36.4102,252.0,256.0
36.4152,-60.0,252.0
36.4204,-395.0,256.0
36.4254,-116.0,258.0
36.4302,307.0,260.0
36.4353,193.0,258.0
36.4402,-72.0,258.0
36.4455,-161.0,256.0
36.4504,-129.0,256.0
36.4552,117.0,256.0
36.4602,225.0,258.0
36.4652,-83.0,258.0
36.4703,-236.0,260.0
36.4752,22.0,260.0
36.4804,181.0,260.0
36.4853,41.0,260.0
36.4902,-90.0,260.0
36.4952,-33.0,260.0
36.5002,28.0,260.0
36.5055,-62.0,260.0
36.5102,-38.0,260.0
36.5152,207.0,260.0
36.5205,107.0,262.0
36.5252,-356.0,264.0
36.5303,-197.0,266.0
36.5353,463.0,272.0
36.5402,250.0,274.0
36.5452,-485.0,280.0
36.5502,-192.0,280.0
36.5553,438.0,284.0
36.5601,35.0,282.0
36.5655,-377.0,284.0
36.5703,113.0,284.0
36.5753,312.0,288.0
36.5805,-171.0,286.0
36.5852,-221.0,288.0
36.5903,143.0,288.0
36.5952,114.0,290.0
36.6002,-65.0,288.0
36.6053,-27.0,288.0
36.6103,-19.0,288.0
36.6152,-10.0,286.0
36.6204,58.0,284.0
36.6252,15.0,284.0
36.6302,-28.0,282.0
36.6353,-61.0,282.0
36.6402,-72.0,282.0
36.6457,186.0,282.0
36.6503,239.0,284.0
36.6553,-320.0,286.0
36.6602,-410.0,290.0
36.6652,371.0,294.0
36.6702,476.0,300.0
36.6753,-332.0,304.0
36.6805,-387.0,308.0
36.6852,264.0,312.0
36.6902,214.0,314.0
36.6952,-227.0,314.0
36.7002,-67.0,314.0
36.7054,228.0,314.0
36.7103,-10.0,312.0
36.7152,-246.0,314.0
36.7202,52.0,312.0
36.7252,262.0,316.0
36.7302,-87.0,312.0
36.7352,-259.0,316.0
36.7403,114.0,314.0
36.7452,209.0,318.0
36.7502,-149.0,318.0
36.7552,-106.0,318.0
36.7613,217.0,322.0
36.7652,7.0,322.0
36.7702,-289.0,322.0
36.7754,27.0,324.0
36.7802,276.0,322.0
36.7853,-23.0,320.0
36.7905,-135.0,316.0
36.7952,50.0,314.0
36.8003,-53.0,310.0
36.8053,-126.0,310.0
36.8104,172.0,310.0
36.8153,192.0,312.0
36.8208,-172.0,314.0
36.8254,-167.0,310.0
36.8302,86.0,312.0
36.8352,27.0,306.0
36.8401,12.0,306.0
36.8452,146.0,306.0
36.8502,-48.0,304.0
36.8553,-215.0,308.0
36.8602,4.0,304.0
36.8652,120.0,304.0
36.8702,42.0,302.0
36.8752,59.0,302.0
36.8802,-10.0,300.0
36.8854,-182.0,302.0
36.8902,-73.0,300.0
36.8952,196.0,300.0
36.9002,104.0,300.0
36.9053,-167.0,298.0
36.9103,-35.0,296.0
36.9152,163.0,296.0
36.9203,-95.0,296.0
36.9253,-201.0,300.0
36.9304,204.0,300.0
36.9355,255.0,304.0
36.9404,-205.0,304.0
36.9454,-265.0,306.0
36.9502,81.0,306.0
36.9554,182.0,306.0
36.9602,70.0,306.0
36.9653,-36.0,306.0
36.9712,-128.0,308.0
36.9752,-68.0,306.0
36.9805,88.0,308.0
36.9854,52.0,306.0
36.9903,-62.0,306.0
36.9952,40.0,302.0
37.0002,118.0,304.0
37.0052,-93.0,302.0
37.0104,-167.0,304.0
37.0154,88.0,302.0
37.0206,103.0,302.0
37.0253,-122.0,302.0
37.0302,0.0,300.0
37.0352,217.0,302.0
37.0402,29.0,302.0
37.0454,-238.0,302.0
37.0503,-189.0,302.0
37.0552,74.0,302.0
37.0602,261.0,300.0
37.066,159.0,300.0
37.0702,-100.0,296.0
37.077,-226.0,298.0
37.0802,-157.0,298.0
37.0852,72.0,298.0
37.0903,274.0,300.0
37.0953,110.0,300.0
37.1004,-195.0,298.0
37.1054,-143.0,300.0
37.1102,60.0,296.0
37.1153,49.0,298.0
37.1202,-9.0,294.0
37.1252,9.0,294.0
37.1303,44.0,294.0
37.1353,64.0,294.0
37.1402,-81.0,294.0
37.1453,-200.0,296.0
37.1503,82.0,298.0
37.1552,251.0,298.0
37.1604,-77.0,298.0
37.1654,-151.0,294.0
37.1707,108.0,294.0
37.1752,-45.0,286.0
37.1802,-178.0,286.0
37.1852,225.0,282.0
37.1905,224.0,282.0
37.1952,-313.0,280.0
37.2005,-163.0,282.0
37.2053,313.0,282.0
37.2102,14.0,280.0
37.2152,-280.0,280.0
37.2233,92.0,278.0
37.2251,255.0,278.0
37.2303,-42.0,276.0
37.2353,-213.0,278.0
37.2402,-113.0,280.0
37.2453,106.0,280.0
37.2503,210.0,284.0
37.2552,17.0,284.0
37.2603,-153.0,284.0
37.2653,-23.0,284.0
37.2715,26.0,284.0
37.2753,-128.0,286.0
37.2802,28.0,286.0
37.2852,287.0,286.0
37.2902,14.0,284.0
37.2952,-272.0,282.0
37.3002,-40.0,276.0
37.3056,96.0,272.0
37.3102,-28.0,266.0
37.3151,58.0,262.0
37.3202,114.0,256.0
37.3253,-73.0,254.0
37.3303,-85.0,252.0
37.3355,13.0,248.0
37.3404,-55.0,248.0
37.3453,15.0,246.0
37.3502,187.0,248.0
37.3552,-1.0,244.0
37.3605,-228.0,246.0
37.3653,1.0,242.0
37.3703,192.0,244.0
37.3752,-46.0,242.0
37.3804,-124.0,242.0
37.3852,131.0,240.0
37.3904,58.0,238.0
37.3955,-232.0,240.0
37.4004,-45.0,238.0
37.4052,287.0,242.0
37.4102,83.0,240.0
37.4154,-249.0,242.0
37.4203,-76.0,240.0
37.4252,159.0,242.0
37.4303,-38.0,240.0
37.4353,-100.0,240.0
37.4412,151.0,242.0
37.4453,74.0,242.0
37.4502,-109.0,240.0
37.4551,-1.0,238.0
37.4602,-52.0,236.0
37.4652,-137.0,236.0
37.4703,131.0,236.0
37.4763,223.0,238.0
37.4802,-50.0,240.0
37.4854,-160.0,240.0
37.4902,-57.0,240.0
37.4952,36.0,238.0
37.5002,94.0,238.0
37.5053,9.0,236.0
37.5102,-84.0,238.0
37.5153,34.0,238.0
37.5204,58.0,238.0
37.5252,-107.0,236.0
37.5304,-49.0,236.0
37.5352,144.0,236.0
37.5402,99.0,236.0
37.5453,-106.0,234.0
37.5505,-168.0,236.0
37.5552,19.0,234.0
37.5602,168.0,236.0
37.5652,47.0,232.0
37.5704,-93.0,232.0
37.5754,-78.0,228.0
37.5811,10.0,226.0
37.5854,120.0,224.0
37.5902,63.0,222.0
37.5952,-184.0,222.0
37.6004,-154.0,224.0
37.6052,208.0,226.0
37.6102,233.0,228.0
37.6152,-138.0,230.0
37.6203,-200.0,232.0
37.6253,35.0,232.0
37.6302,17.0,230.0
37.6352,-13.0,230.0
37.6402,202.0,232.0
37.6454,99.0,232.0
37.6503,-296.0,234.0
37.6553,-203.0,236.0
37.6602,227.0,238.0
37.6652,230.0,238.0
37.6706,-97.0,240.0
37.6753,-162.0,240.0
37.6811,34.0,240.0
37.6852,62.0,236.0
37.6902,-110.0,236.0
37.6953,-15.0,234.0
37.7003,274.0,234.0
37.7052,16.0,232.0
37.7102,-375.0,236.0
37.7152,46.0,234.0
37.7202,328.0,236.0
37.7252,-220.0,240.0
37.7302,-212.0,238.0
37.7354,387.0,242.0
37.7404,149.0,242.0
37.7453,-399.0,246.0
37.7503,-152.0,248.0
37.7553,244.0,250.0
37.7602,141.0,252.0
37.7654,-63.0,254.0
37.7703,-88.0,254.0
37.7753,0.0,252.0
37.7801,73.0,252.0
37.7858,-54.0,250.0
37.7903,-148.0,252.0
37.7954,101.0,250.0
37.8004,221.0,252.0
37.8052,-80.0,250.0
37.8102,-172.0,252.0
37.8152,38.0,252.0
37.8203,16.0,248.0
37.8252,-11.0,246.0
37.8302,139.0,244.0
37.8352,-4.0,240.0
37.8402,-227.0,240.0
37.8452,10.0,236.0
37.8504,244.0,238.0
37.8554,11.0,234.0
37.8603,-203.0,236.0
37.8652,-68.0,234.0
37.8703,110.0,234.0
37.8753,119.0,234.0
37.8804,-5.0,232.0
37.8854,-107.0,232.0
37.8902,-32.0,228.0
37.8952,37.0,228.0
37.9002,-12.0,226.0
37.9053,24.0,226.0
37.9103,51.0,228.0
37.9152,-53.0,226.0
37.9202,3.0,226.0
37.9252,71.0,222.0
37.9303,-150.0,224.0
37.9354,-88.0,222.0
37.9402,328.0,226.0
37.9451,84.0,226.0
37.9502,-475.0,232.0
37.9553,-38.0,232.0
37.9603,546.0,240.0
37.9653,-37.0,238.0
37.9703,-508.0,246.0
37.9752,122.0,246.0
37.9802,395.0,252.0
37.9853,-203.0,256.0
37.9903,-317.0,258.0
37.9957,242.0,262.0
38.0003,320.0,262.0
38.0052,-214.0,266.0
38.0104,-299.0,268.0
38.0151,173.0,270.0
38.0206,152.0,270.0
38.0253,-177.0,270.0
38.0302,75.0,270.0
38.0352,185.0,270.0
38.0402,-276.0,274.0
38.0452,-127.0,272.0
38.0502,405.0,276.0
38.0553,31.0,272.0
38.0603,-458.0,278.0
38.0652,45.0,278.0
38.0703,411.0,282.0
38.0754,-122.0,284.0
38.0802,-254.0,284.0
38.0851,248.0,288.0
38.0911,65.0,286.0
38.0952,-403.0,294.0
38.1001,32.0,292.0
38.1054,473.0,298.0
38.1102,0.0,296.0
38.1152,-352.0,298.0
38.1201,-65.0,298.0
38.1252,78.0,298.0
38.1305,39.0,296.0
38.1354,174.0,298.0
38.1402,64.0,298.0
38.1452,-259.0,302.0
38.1502,-123.0,302.0
38.1553,170.0,306.0
38.1604,67.0,306.0
38.1654,-8.0,304.0
38.1703,47.0,304.0
38.1753,-96.0,302.0
38.1802,-101.0,302.0
38.1853,58.0,302.0
38.1904,13.0,300.0
38.1952,72.0,300.0
38.2002,167.0,300.0
38.2053,-152.0,302.0
38.2102,-274.0,306.0
38.2152,105.0,306.0
38.2204,187.0,308.0
38.2252,-7.0,306.0
38.2303,15.0,306.0
38.2352,-38.0,304.0
38.2402,-140.0,304.0
38.2453,26.0,300.0
38.2502,92.0,298.0
38.2553,-29.0,296.0
38.2602,46.0,294.0
38.2653,93.0,294.0
38.2702,-135.0,296.0
38.2753,-185.0,300.0
38.2802,108.0,298.0
38.2852,240.0,300.0
38.2902,3.0,296.0
38.2953,-221.0,296.0
38.3004,-108.0,294.0
38.3053,160.0,292.0
38.3103,118.0,294.0
38.3152,-140.0,292.0
38.3203,-47.0,294.0
38.3252,207.0,296.0
38.3302,30.0,294.0
38.3355,-286.0,298.0
38.3404,-148.0,296.0
38.3452,257.0,300.0
38.3502,288.0,298.0
38.3553,-137.0,300.0
38.3603,-302.0,300.0
38.3652,72.0,298.0
38.3703,190.0,298.0
38.3753,-130.0,294.0
38.3805,-57.0,292.0
38.3852,229.0,290.0
38.3904,-16.0,286.0
38.3952,-243.0,286.0
38.4004,28.0,286.0
38.4052,132.0,286.0
38.4103,-34.0,286.0
38.4153,0.0,286.0
38.4203,69.0,286.0
38.4252,-10.0,284.0
38.4302,-92.0,284.0
38.4352,-90.0,284.0
38.4402,62.0,282.0
38.4455,164.0,282.0
38.4503,-12.0,280.0
38.4554,-148.0,282.0
38.4602,-3.0,282.0
38.4653,121.0,284.0
38.4702,-2.0,282.0
38.4754,-165.0,284.0
38.4804,-39.0,280.0
38.4853,224.0,284.0
38.4902,110.0,282.0
38.4952,-214.0,286.0
38.5002,-67.0,282.0
38.5062,213.0,286.0
38.5103,-123.0,286.0
38.5153,-344.0,288.0
38.5202,253.0,292.0
38.5262,502.0,298.0
38.5305,-162.0,300.0
38.5355,-475.0,308.0
38.5403,-17.0,308.0
38.5453,307.0,312.0
38.5502,106.0,314.0
38.5552,-238.0,316.0
38.5602,-147.0,318.0
38.5652,331.0,322.0
38.5704,238.0,324.0
38.5755,-418.0,328.0
38.5802,-315.0,328.0
38.5853,381.0,334.0
38.5903,267.0,330.0
38.5952,-289.0,334.0
38.6002,-124.0,328.0
38.6052,239.0,330.0
38.6101,6.0,322.0
38.6152,-215.0,324.0
38.6204,22.0,318.0
38.6254,179.0,318.0
38.6302,7.0,314.0
38.6353,-178.0,312.0
38.6402,-62.0,308.0
38.6451,242.0,308.0
38.6502,123.0,306.0
38.6552,-285.0,308.0
38.6602,-154.0,308.0
38.6652,221.0,308.0
38.6703,143.0,310.0
38.6753,-59.0,308.0
38.6802,-125.0,306.0
38.6854,-142.0,306.0
38.6902,138.0,302.0
38.6952,315.0,306.0
38.7002,-187.0,302.0
38.7053,-389.0,306.0
38.7102,232.0,304.0
38.716,327.0,308.0
38.7203,-219.0,306.0
38.7252,-142.0,304.0
38.7304,138.0,306.0
38.7353,-86.0,302.0
38.7402,-32.0,302.0
38.7452,242.0,298.0
38.7502,-58.0,298.0
38.7566,-283.0,298.0
38.7603,128.0,298.0
38.7653,280.0,302.0
38.7704,-174.0,304.0
38.7753,-298.0,306.0
38.7802,172.0,308.0
38.7852,297.0,308.0
38.7903,-128.0,308.0
38.7954,-214.0,308.0
38.8004,112.0,310.0
38.8052,83.0,310.0
38.8102,-165.0,312.0
38.8153,0.0,310.0
38.8205,213.0,312.0
38.8254,-10.0,312.0
38.8302,-165.0,314.0
38.8352,12.0,314.0
38.8401,52.0,312.0
38.8454,-42.0,310.0
38.8502,21.0,306.0
38.8552,42.0,304.0
38.8602,-13.0,302.0
38.8651,52.0,302.0
38.8702,-27.0,302.0
38.8754,-210.0,306.0
38.8802,25.0,304.0
38.8854,317.0,308.0
38.8902,40.0,308.0
38.8953,-300.0,312.0
38.9002,-103.0,312.0
38.9053,197.0,314.0
38.9102,89.0,314.0
38.9152,-111.0,312.0
38.9202,-35.0,312.0
38.9251,115.0,310.0
38.9303,40.0,310.0
38.9355,-186.0,310.0
38.9405,-111.0,310.0
38.9455,251.0,310.0
38.9502,155.0,312.0
38.9552,-276.0,314.0
38.9602,-121.0,314.0
38.9652,291.0,316.0
38.9702,70.0,316.0
38.9752,-311.0,316.0
38.9802,-90.0,316.0
38.9852,282.0,316.0
38.9903,146.0,314.0
38.9953,-177.0,314.0
39.0002,-93.0,312.0
39.0052,104.0,312.0
39.0102,-105.0,310.0
39.0152,-172.0,312.0
39.0206,300.0,316.0
39.0255,301.0,316.0
39.0302,-360.0,322.0
39.0353,-339.0,324.0
39.0402,290.0,328.0
39.0452,283.0,330.0
39.0504,-142.0,332.0
39.0554,-198.0,334.0
39.0602,-16.0,334.0
39.0652,81.0,334.0
39.0702,90.0,334.0
39.0752,38.0,334.0
39.0804,-15.0,334.0
39.0854,-38.0,332.0
39.0902,-133.0,334.0
39.0953,-130.0,332.0
39.1002,178.0,336.0
39.1053,308.0,338.0
39.1104,-37.0,338.0
39.1152,-275.0,340.0
39.1202,-145.0,342.0
39.1254,22.0,340.0
39.1302,164.0,340.0
39.1354,221.0,340.0
39.1402,-33.0,340.0
39.1453,-259.0,340.0
39.1502,-55.0,340.0
39.1553,120.0,336.0
39.1602,34.0,332.0
39.1654,47.0,326.0
39.1702,-7.0,322.0
39.1752,-157.0,318.0
39.1802,30.0,318.0
39.1853,213.0,316.0
39.1904,-62.0,316.0
39.1955,-247.0,316.0
39.2002,92.0,316.0
39.2052,271.0,314.0
39.2103,-117.0,312.0
39.2152,-272.0,310.0
39.2243,94.0,306.0
39.2252,227.0,304.0
39.2302,6.0,300.0
39.2353,-122.0,298.0
39.2402,-158.0,298.0
39.2452,-22.0,294.0
39.2502,286.0,300.0
39.2551,143.0,298.0
39.2603,-313.0,302.0
39.2653,-185.0,302.0
39.2703,223.0,306.0
39.2752,156.0,306.0
39.2802,-105.0,306.0
39.2852,-115.0,304.0
39.2902,61.0,304.0
39.2952,128.0,300.0
39.3002,-57.0,300.0
39.3055,-188.0,298.0
39.3102,-4.0,296.0
39.3152,202.0,298.0
39.3202,95.0,298.0
39.3251,-118.0,298.0
39.3304,-92.0,298.0
39.3355,-1.0,292.0
39.3404,-5.0,290.0
39.3453,44.0,284.0
39.3501,27.0,280.0
39.3553,-1.0,276.0
39.3603,108.0,274.0
39.3653,-19.0,272.0
39.3704,-266.0,274.0
39.3752,-53.0,274.0
39.3801,317.0,278.0
39.3853,184.0,278.0
39.3903,-286.0,280.0
39.3951,-293.0,280.0
39.4002,259.0,284.0
39.4053,327.0,284.0
39.4105,-283.0,286.0
39.4156,-304.0,286.0
39.4203,337.0,288.0
39.4263,267.0,288.0
39.4302,-359.0,292.0
39.4352,-218.0,292.0
39.4402,328.0,294.0
39.4455,157.0,296.0
39.4503,-258.0,298.0
39.4553,-91.0,298.0
39.4602,152.0,298.0
39.4652,9.0,298.0
39.4702,-36.0,296.0
39.4753,90.0,296.0
39.4802,-37.0,296.0
39.4854,-175.0,298.0
39.4902,64.0,300.0
39.4952,219.0,302.0
39.5002,-86.0,304.0
39.5053,-249.0,306.0
39.5102,106.0,308.0
39.5152,284.0,308.0
39.5202,-80.0,310.0
39.5253,-267.0,308.0
39.5302,10.0,308.0
39.5352,143.0,306.0
39.5402,44.0,306.0
39.5454,29.0,302.0
39.5502,-65.0,302.0
39.5553,-150.0,302.0
39.5602,88.0,304.0
39.5652,185.0,304.0
39.5703,-138.0,306.0
39.5754,-163.0,306.0
39.5802,194.0,308.0
39.5852,115.0,304.0
39.5902,-207.0,306.0
39.5951,-56.0,302.0
39.6003,149.0,302.0
39.6053,-31.0,298.0
39.6104,-61.0,298.0
39.6154,159.0,296.0
39.6204,19.0,296.0
39.6267,-267.0,294.0
39.6301,-31.0,294.0
39.6352,261.0,294.0
39.6402,-7.0,294.0
39.6454,-151.0,294.0
39.6503,153.0,294.0
39.6551,73.0,292.0
39.6602,-276.0,292.0
39.6652,-84.0,290.0
39.6702,221.0,288.0
39.6753,73.0,282.0
39.6804,-53.0,280.0
39.6854,40.0,276.0
39.6902,-45.0,274.0
39.6952,-164.0,274.0
39.7002,46.0,274.0
39.7053,168.0,276.0
39.7102,-83.0,276.0
39.7152,-94.0,276.0
39.7204,230.0,280.0
39.7252,129.0,280.0
39.731,-360.0,284.0
39.7355,-351.0,288.0
39.7403,292.0,290.0
39.7452,591.0,294.0
39.7502,-38.0,294.0
39.7552,-609.0,300.0
39.7601,-211.0,300.0
39.7651,360.0,306.0
39.7702,324.0,308.0
39.7752,7.0,304.0
39.7803,-314.0,310.0
39.7853,-323.0,310.0
39.7904,229.0,312.0
39.7952,465.0,318.0
39.8003,-114.0,320.0
39.8052,-391.0,324.0
39.8103,35.0,326.0
39.8153,194.0,326.0
39.8209,-29.0,326.0
39.8253,-53.0,324.0
39.8303,53.0,324.0
39.8353,70.0,320.0
39.8403,-25.0,320.0
39.8454,-183.0,318.0
39.8505,-71.0,318.0
39.8553,241.0,316.0
39.8603,137.0,318.0
39.8657,-175.0,316.0
39.8716,-77.0,318.0
39.8759,71.0,316.0
39.8803,-47.0,316.0
39.8854,-22.0,316.0
39.8903,96.0,312.0
39.8952,16.0,310.0
39.9004,-33.0,306.0
39.9056,8.0,304.0
39.9105,-19.0,300.0
39.9154,-53.0,298.0
39.9203,-55.0,298.0
39.9252,40.0,296.0
39.9305,192.0,298.0
39.9353,62.0,298.0
39.9402,-192.0,300.0
39.9452,-153.0,298.0
39.9502,-2.0,298.0
39.9552,111.0,298.0
39.9603,191.0,298.0
39.9653,25.0,298.0
39.9703,-134.0,298.0
39.9753,-95.0,300.0
39.9803,-137.0,302.0
39.9852,10.0,302.0
39.9904,359.0,306.0
39.9952,135.0,308.0
40.0004,-337.0,312.0
40.0052,-177.0,314.0
40.0102,118.0,312.0
40.0152,49.0,312.0
40.0204,85.0,308.0
40.0253,126.0,308.0
40.0303,-140.0,306.0
40.0365,-167.0,304.0
40.0402,116.0,302.0
40.0453,32.0,296.0
40.0502,-126.0,294.0
40.0552,159.0,292.0
40.0603,138.0,288.0
40.0654,-279.0,288.0
40.0703,-30.0,284.0
40.0754,312.0,286.0
40.0803,-198.0,284.0
40.0853,-333.0,286.0
40.0903,372.0,288.0
40.0952,351.0,292.0
40.1004,-345.0,294.0
40.1052,-270.0,298.0
40.1103,202.0,302.0
40.1154,49.0,300.0
40.1204,-146.0,302.0
40.1252,177.0,302.0
40.1303,238.0,306.0
40.1355,-248.0,306.0
40.1404,-349.0,310.0
40.1453,156.0,308.0
40.1502,373.0,312.0
40.1552,0.0,308.0
40.1603,-348.0,312.0
40.1655,-157.0,310.0
40.1703,333.0,316.0
40.1753,287.0,318.0
40.1803,-298.0,322.0
40.1852,-357.0,326.0
40.1904,185.0,328.0
40.1952,327.0,332.0
40.2004,-16.0,330.0
40.2052,-208.0,330.0
40.2103,-118.0,330.0
40.2154,87.0,330.0
40.2211,166.0,328.0
40.2254,-20.0,328.0
40.2303,-157.0,326.0
40.2352,-18.0,326.0
40.2402,142.0,326.0
40.2455,61.0,326.0
40.2503,-134.0,328.0
40.2553,-118.0,326.0
40.2602,125.0,328.0
40.2652,182.0,328.0
40.2702,-101.0,328.0
40.2756,-203.0,328.0
40.2802,34.0,328.0
40.2851,121.0,328.0
40.2902,94.0,326.0
40.2953,32.0,326.0
40.3002,-239.0,326.0
40.3054,-149.0,326.0
40.3102,307.0,328.0
40.3152,139.0,328.0
40.3201,-287.0,332.0
40.3251,-32.0,332.0
40.3301,268.0,336.0
40.3352,-22.0,334.0
40.3403,-256.0,336.0
40.3455,-50.0,334.0
40.3502,131.0,336.0
40.3552,94.0,336.0
40.3602,83.0,334.0
40.3652,34.0,332.0
40.3703,-162.0,328.0
40.3752,-198.0,326.0
40.3804,27.0,322.0
40.3852,186.0,316.0
40.3904,116.0,318.0
40.3954,-38.0,308.0
40.4003,-97.0,306.0
40.4052,-41.0,302.0
40.4102,-18.0,296.0
40.4152,-27.0,296.0
40.4203,76.0,294.0
40.4253,126.0,290.0
40.4302,-67.0,288.0
40.4352,-121.0,282.0
40.4401,87.0,282.0
40.4453,43.0,276.0
40.4504,-162.0,278.0
40.4552,-4.0,276.0
40.4602,217.0,278.0
40.4652,5.0,278.0
40.4702,-212.0,280.0
40.4754,15.0,280.0
40.4805,196.0,282.0
40.4854,-34.0,280.0
40.4902,-201.0,282.0
40.4951,-30.0,278.0
40.5003,204.0,280.0
40.5052,181.0,280.0
40.5102,-196.0,282.0
40.5152,-342.0,286.0
40.5203,164.0,288.0
40.5251,410.0,294.0
40.5303,-76.0,294.0
40.5353,-290.0,298.0
40.5402,-19.0,298.0
40.5451,21.0,298.0
40.5502,45.0,298.0
40.5555,178.0,300.0
40.5605,-52.0,300.0
40.5654,-186.0,302.0
40.5712,115.0,300.0
40.5759,136.0,302.0
40.5806,-154.0,302.0
40.5855,-153.0,302.0
40.5907,58.0,302.0
40.5955,160.0,302.0
40.6004,101.0,302.0
40.6054,-65.0,302.0
40.6104,-130.0,302.0
40.6155,-27.0,302.0
40.621,-3.0,298.0
40.6255,-44.0,300.0
40.6305,73.0,294.0
40.6353,215.0,296.0
40.6402,77.0,292.0
40.6454,-255.0,294.0
40.6517,-284.0,296.0
40.6557,112.0,296.0
40.6604,293.0,300.0
40.6652,38.0,298.0
40.6702,-102.0,298.0
40.6756,-61.0,296.0
40.6809,-87.0,296.0
40.686,11.0,296.0
40.6906,126.0,296.0
40.6957,-22.0,294.0
40.7005,-69.0,292.0
40.706,132.0,290.0
40.7107,71.0,290.0
40.7157,-241.0,290.0
40.7205,-192.0,290.0
40.7253,244.0,288.0
40.7305,322.0,288.0
40.736,-143.0,284.0
40.7404,-324.0,284.0
40.7456,9.0,280.0
40.7504,176.0,280.0
40.7552,77.0,280.0
40.7607,36.0,278.0
40.7662,-59.0,276.0
40.7702,-198.0,276.0
40.7752,-53.0,272.0
40.7804,215.0,270.0
40.7855,151.0,270.0
40.7912,-76.0,266.0
40.7959,-100.0,268.0
40.8008,-105.0,264.0
40.8053,-96.0,262.0
40.8104,197.0,260.0
40.8155,250.0,260.0
40.8209,-209.0,258.0
40.826,-204.0,256.0
40.8301,247.0,258.0
40.8363,37.0,252.0
40.8408,-284.0,256.0
40.8454,102.0,256.0
40.8508,181.0,256.0
40.8561,-215.0,258.0
40.8602,59.0,256.0
40.8654,346.0,262.0
40.8704,-257.0,264.0
40.8754,-424.0,270.0
40.8802,288.0,272.0
40.8857,340.0,276.0
40.8904,-215.0,278.0
40.8956,-101.0,278.0
40.9003,179.0,278.0
40.9059,-152.0,278.0
40.9107,-215.0,280.0
40.916,282.0,280.0
40.9206,223.0,284.0
40.9253,-268.0,286.0
40.9304,-109.0,286.0
40.9357,185.0,288.0
40.941,-102.0,286.0
40.9457,-110.0,286.0
40.9504,304.0,286.0
40.9554,86.0,284.0
40.9602,-396.0,286.0
40.9662,-105.0,288.0
40.9703,345.0,288.0
40.9752,100.0,290.0
40.9804,-211.0,290.0
40.9854,-35.0,290.0
40.9907,114.0,288.0
40.9957,-21.0,288.0
41.0007,-103.0,288.0
41.0053,-7.0,288.0
41.0104,108.0,286.0
41.0153,99.0,286.0
41.0207,-60.0,286.0
41.0257,-174.0,286.0
41.0301,0.0,284.0
41.036,162.0,286.0
41.0405,13.0,284.0
41.0456,-54.0,284.0
41.0503,-9.0,284.0
41.0557,-65.0,284.0
41.0609,65.0,284.0
41.0656,111.0,284.0
41.0704,-212.0,286.0
41.0758,-113.0,286.0
41.0804,369.0,292.0
41.0852,141.0,292.0
41.0903,-424.0,296.0
41.0951,-178.0,300.0
41.1003,375.0,302.0
41.1061,181.0,304.0
41.1104,-307.0,306.0
41.1154,-170.0,308.0
41.1203,253.0,310.0
41.1254,163.0,312.0
41.1304,-169.0,312.0
41.1358,-141.0,312.0
41.141,24.0,310.0
41.1458,85.0,308.0
41.1504,129.0,308.0
41.1556,-1.0,302.0
41.1606,-211.0,302.0
41.1653,-71.0,298.0
41.1713,195.0,300.0
41.1754,95.0,296.0
41.1803,-118.0,298.0
41.1852,-62.0,298.0
41.1906,26.0,298.0
41.1956,-22.0,296.0
41.2006,45.0,296.0
41.2054,117.0,294.0
41.2104,-93.0,294.0
41.2154,-147.0,294.0
41.221,136.0,294.0
41.2258,105.0,294.0
41.2304,-147.0,294.0
41.236,-47.0,292.0
41.2407,53.0,292.0
41.2455,-25.0,292.0
41.2509,122.0,292.0
41.256,147.0,294.0
41.2602,-219.0,296.0
41.2654,-267.0,300.0
41.2702,116.0,300.0
41.2757,270.0,302.0
41.2807,107.0,302.0
41.2853,-122.0,300.0
41.2902,-257.0,300.0
41.2954,-47.0,298.0
41.3004,248.0,298.0
41.3054,69.0,298.0
41.3105,-172.0,300.0
41.3156,68.0,300.0
41.3212,137.0,300.0
41.3254,-207.0,304.0
41.3304,-119.0,304.0
41.336,237.0,306.0
41.3407,51.0,306.0
41.3458,-217.0,308.0
41.3507,1.0,306.0
41.3554,191.0,306.0
41.3605,71.0,304.0
41.3657,-90.0,302.0
41.3707,-217.0,300.0
41.3755,-103.0,300.0
41.3804,304.0,300.0
41.3855,256.0,302.0
41.3904,-312.0,306.0
41.3957,-256.0,308.0
41.4007,287.0,312.0
41.4053,154.0,314.0
41.4104,-218.0,314.0
41.4155,-65.0,314.0
41.421,123.0,312.0
41.4255,45.0,310.0
41.4305,-92.0,310.0
41.4358,-80.0,310.0
41.4409,160.0,312.0
41.4454,120.0,312.0
41.4511,-276.0,314.0
41.4557,-139.0,312.0
41.4603,396.0,314.0
41.4657,146.0,314.0
41.4704,-469.0,316.0
41.4755,-148.0,318.0
41.4803,425.0,320.0
41.4857,131.0,322.0
41.4904,-245.0,322.0
41.4952,-61.0,320.0
41.5003,2.0,318.0
41.5059,-101.0,316.0
41.5109,154.0,314.0
41.5157,311.0,312.0
41.5207,-107.0,308.0
41.5264,-423.0,310.0
41.5305,-83.0,308.0
41.5358,363.0,312.0
41.5407,250.0,314.0
41.5454,-212.0,314.0
41.5504,-286.0,316.0
41.5554,74.0,312.0
41.5604,191.0,312.0
41.5659,5.0,308.0
41.5702,-31.0,306.0
41.576,-18.0,304.0
41.5802,-98.0,304.0
41.5856,-31.0,302.0
41.5902,126.0,300.0
41.5953,121.0,300.0
41.6002,-57.0,294.0
41.6052,-204.0,296.0
41.6102,-21.0,292.0
41.6152,232.0,294.0
41.6204,-4.0,290.0
41.6252,-204.0,292.0
41.6303,141.0,294.0
41.6352,160.0,296.0
41.6401,-236.0,298.0
41.6452,-96.0,298.0
41.6502,162.0,300.0
41.6552,-41.0,298.0
41.6601,-9.0,298.0
41.6651,225.0,298.0
41.6701,-28.0,300.0
41.6764,-275.0,302.0
41.6802,-52.0,302.0
41.6851,74.0,302.0
41.6902,66.0,302.0
41.6952,217.0,306.0
41.7002,56.0,306.0
41.7055,-352.0,308.0
41.7102,-184.0,308.0
41.7151,263.0,310.0
41.7201,202.0,308.0
41.7251,-21.0,306.0
41.7302,-127.0,302.0
41.7354,-275.0,304.0
41.7404,28.0,298.0
41.7452,503.0,302.0
41.7501,50.0,298.0
41.7552,-552.0,304.0
41.7601,-89.0,302.0
41.7653,415.0,306.0
41.7703,67.0,304.0
41.7753,-190.0,306.0
41.7801,-8.0,304.0
41.7852,-4.0,304.0
41.7902,2.0,302.0
41.7952,152.0,304.0
41.8003,-90.0,302.0
41.8052,-316.0,306.0
41.8104,184.0,306.0
41.8151,468.0,312.0
41.8204,-200.0,312.0
41.8252,-468.0,320.0
41.8304,183.0,322.0
41.8352,261.0,326.0
41.8402,-206.0,328.0
41.8451,23.0,326.0
41.8502,268.0,330.0
41.8552,-206.0,330.0
41.8602,-321.0,334.0
41.8651,218.0,334.0
41.8702,321.0,338.0
41.8753,-141.0,340.0
41.8802,-274.0,342.0
41.8861,74.0,344.0
41.8903,237.0,346.0
41.8951,-27.0,344.0
41.9002,-192.0,342.0
41.9053,-28.0,340.0
41.9102,45.0,338.0
41.9152,42.0,334.0
41.9203,179.0,336.0
41.9251,62.0,334.0
41.9302,-300.0,336.0
41.9353,-225.0,338.0
41.9402,218.0,338.0
41.9451,298.0,342.0
41.9502,-85.0,340.0
41.9562,-254.0,342.0
41.9601,83.0,342.0
41.9651,191.0,342.0
41.9701,-170.0,342.0
41.9751,-167.0,342.0
41.9803,181.0,344.0
41.9852,169.0,342.0
41.9905,-47.0,344.0
41.9954,-144.0,342.0
42.0002,-154.0,344.0
42.0052,38.0,344.0
42.0102,265.0,344.0
42.0152,118.0,344.0
42.0205,-183.0,342.0
42.0252,-191.0,342.0
42.0302,-31.0,336.0
42.0351,98.0,334.0
42.0401,224.0,334.0
42.0451,67.0,332.0
42.0502,-292.0,334.0
42.0554,-148.0,334.0
42.0602,249.0,336.0
42.0652,118.0,338.0
42.0702,-163.0,338.0
42.0753,-79.0,338.0
42.0801,79.0,338.0
42.0852,101.0,336.0
42.0908,-4.0,332.0
42.0952,-139.0,332.0
42.1002,-56.0,328.0
42.1053,154.0,328.0
42.1104,82.0,322.0
42.1153,-186.0,322.0
42.1202,-82.0,316.0
42.1251,242.0,318.0
42.1302,84.0,316.0
42.1358,-244.0,318.0
42.1402,-63.0,320.0
42.1452,172.0,320.0
42.1504,-12.0,318.0
42.1556,-125.0,316.0
42.1602,55.0,314.0
42.1651,142.0,310.0
42.1701,50.0,310.0
42.1752,-135.0,306.0
42.1802,-247.0,306.0
42.1852,87.0,304.0
42.1914,378.0,306.0
42.1951,-120.0,306.0
42.2002,-411.0,310.0
42.2052,250.0,314.0
42.2102,394.0,320.0
42.2152,-318.0,324.0
42.2205,-324.0,328.0
42.2253,231.0,330.0
42.2303,149.0,332.0
42.2352,-71.0,330.0
42.2403,102.0,332.0
42.2453,-71.0,330.0
42.2507,-302.0,334.0
42.2554,186.0,332.0
42.2602,319.0,338.0
42.2652,-275.0,338.0
42.2702,-140.0,338.0
42.2754,341.0,342.0
42.2803,-106.0,340.0
42.2854,-372.0,344.0
42.2913,259.0,346.0
42.2951,347.0,350.0
42.3001,-256.0,354.0
42.3052,-248.0,354.0
42.3103,152.0,356.0
42.3154,75.0,354.0
42.3203,-48.0,354.0
42.3252,110.0,354.0
42.3302,-1.0,352.0
42.3352,-205.0,352.0
42.3404,42.0,352.0
42.3453,194.0,350.0
42.3503,-138.0,350.0
42.3551,-182.0,348.0
42.3602,267.0,348.0
42.3653,263.0,352.0
42.3704,-328.0,356.0
42.3754,-416.0,358.0
42.3802,233.0,362.0
42.3852,515.0,362.0
42.3915,-17.0,360.0
42.3952,-443.0,360.0
42.4002,-157.0,360.0
42.4052,217.0,358.0
42.4101,150.0,358.0
42.4153,11.0,356.0
42.4203,13.0,356.0
42.4252,-84.0,356.0
42.4302,-180.0,360.0
42.4352,-41.0,358.0
42.4401,193.0,360.0
42.4453,240.0,358.0
42.4503,-47.0,356.0
42.4551,-310.0,354.0
42.4602,-88.0,352.0
42.4651,192.0,348.0
42.4701,66.0,346.0
42.4753,-22.0,342.0
42.4802,73.0,340.0
42.4855,-58.0,340.0
42.4902,-196.0,340.0
42.4951,52.0,338.0
42.5001,245.0,336.0
42.5052,-18.0,332.0
42.5103,-244.0,332.0
42.5153,-58.0,330.0
42.5202,201.0,330.0
42.5252,225.0,332.0
42.5302,-81.0,330.0
42.5355,-422.0,336.0
42.5401,-102.0,334.0
42.5453,483.0,340.0
42.5501,226.0,344.0
42.5552,-339.0,348.0
42.5601,-178.0,348.0
42.5651,95.0,348.0
42.5701,3.0,344.0
42.5752,114.0,342.0
42.5801,183.0,342.0
42.5852,-212.0,340.0
42.5902,-321.0,344.0
42.5952,163.0,342.0
42.6001,362.0,348.0
42.6051,-28.0,344.0
42.6101,-270.0,346.0
42.6152,-48.0,344.0
42.6204,117.0,344.0
42.6252,16.0,342.0
42.6302,-55.0,342.0
42.6351,0.0,338.0
42.6401,119.0,338.0
42.6451,91.0,340.0
42.6502,-199.0,338.0
42.6552,-182.0,340.0
42.6601,260.0,340.0
42.6653,154.0,340.0
42.6703,-360.0,344.0
42.6753,-52.0,344.0
42.6803,447.0,348.0
42.6852,-48.0,348.0
42.6902,-404.0,350.0
42.6951,148.0,350.0
42.7001,226.0,348.0
42.7053,-239.0,350.0
42.7102,-26.0,348.0
42.7152,270.0,352.0
42.7201,-66.0,352.0
42.7252,-205.0,352.0
42.7304,-3.0,352.0
42.7352,54.0,352.0
42.7402,143.0,354.0
42.7454,85.0,352.0
42.7501,-195.0,354.0
42.7552,-74.0,352.0
42.7601,140.0,352.0
42.7652,-87.0,350.0
42.7702,-83.0,350.0
42.7752,239.0,350.0
42.7801,55.0,350.0
42.7853,-285.0,352.0
42.7903,0.0,352.0
42.7954,302.0,354.0
42.8006,-67.0,354.0
42.8052,-359.0,358.0
42.8101,84.0,358.0
42.8151,406.0,362.0
42.8203,-64.0,360.0
42.8252,-361.0,364.0
42.8301,78.0,360.0
42.8352,224.0,362.0
42.8401,-138.0,356.0
42.8451,-103.0,354.0
42.8502,179.0,352.0
42.8551,103.0,348.0
42.8601,-135.0,346.0
42.8652,-191.0,344.0
42.8702,7.0,342.0
42.8753,248.0,344.0
42.8802,135.0,346.0
42.8852,-247.0,348.0
42.8902,-229.0,348.0
42.8951,255.0,348.0
42.9002,264.0,348.0
42.9052,-309.0,348.0
42.9102,-270.0,350.0
42.9159,373.0,350.0
42.9202,272.0,352.0
42.9262,-405.0,354.0
42.9302,-255.0,354.0
42.9353,366.0,354.0
42.9402,176.0,352.0
42.9451,-221.0,352.0
42.9502,-16.0,350.0
42.9551,3.0,348.0
42.9603,-195.0,352.0
42.9651,168.0,352.0
42.9703,370.0,358.0
42.9753,-155.0,356.0
42.9801,-364.0,362.0
42.9852,-42.0,360.0
42.9902,109.0,360.0
42.9952,232.0,360.0
43.0002,229.0,360.0
43.0051,-227.0,358.0
43.0114,-377.0,360.0
43.0151,43.0,354.0
43.0203,259.0,354.0
43.0252,141.0,348.0
43.0302,-49.0,348.0
43.0352,-195.0,344.0
43.0401,-54.0,344.0
43.0452,159.0,342.0
43.0503,20.0,340.0
43.0553,-153.0,342.0
43.0602,61.0,344.0
43.0652,177.0,344.0
43.0702,-130.0,344.0
43.0753,-131.0,346.0
43.0802,191.0,346.0
43.0851,1.0,342.0
43.0902,-241.0,344.0
43.0952,102.0,342.0
43.1001,224.0,344.0
43.1053,-98.0,342.0
43.1112,-108.0,342.0
43.1151,5.0,342.0
43.1202,-48.0,342.0
43.1252,95.0,342.0
43.1302,170.0,342.0
43.1353,-120.0,344.0
43.1402,-215.0,342.0
43.1452,45.0,344.0
43.1501,151.0,342.0
43.1552,30.0,342.0
43.1602,-14.0,338.0
43.1652,23.0,336.0
43.1702,-95.0,336.0
43.1751,-170.0,332.0
43.1801,156.0,332.0
43.1856,267.0,330.0
43.1902,-227.0,330.0
43.1952,-272.0,328.0
43.2002,306.0,330.0
43.2051,241.0,332.0
43.2111,-327.0,338.0
43.2153,-211.0,338.0
43.2206,254.0,340.0
43.2266,183.0,340.0
43.2301,-95.0,336.0
43.2352,-141.0,336.0
43.2402,-109.0,332.0
43.2452,39.0,332.0
43.2504,250.0,332.0
43.2554,110.0,332.0
43.2602,-206.0,334.0
43.2652,-186.0,336.0
43.2702,15.0,336.0
43.2753,97.0,338.0
43.2804,124.0,338.0
43.2853,93.0,338.0
43.2902,-77.0,336.0
43.2952,-253.0,336.0
43.3002,-112.0,334.0
43.3053,285.0,336.0
43.3104,277.0,336.0
43.3153,-161.0,336.0
43.3203,-288.0,334.0
43.3251,-48.0,334.0
43.3302,172.0,330.0
43.3352,201.0,332.0
43.3402,-81.0,330.0
43.3452,-219.0,330.0
43.3502,104.0,330.0
43.3552,149.0,328.0
43.3603,-179.0,330.0
43.3651,-59.0,328.0
43.3702,201.0,330.0
43.3754,-32.0,330.0
43.3802,-141.0,330.0
43.3852,103.0,330.0
43.3901,21.0,328.0
43.3952,-126.0,328.0
43.4002,107.0,328.0
43.4051,97.0,328.0
43.4103,-185.0,330.0
43.4155,-1.0,326.0
43.4203,210.0,328.0
43.4255,-178.0,328.0
43.4302,-256.0,332.0
43.4351,332.0,332.0
43.4401,335.0,336.0
43.4451,-298.0,334.0
43.4503,-308.0,338.0
43.4552,148.0,334.0
43.4602,99.0,334.0
43.4652,-129.0,332.0
43.4703,119.0,332.0
43.4752,296.0,334.0
43.4802,-134.0,334.0
43.4853,-420.0,338.0
43.4901,-1.0,336.0
43.4952,314.0,338.0
43.5002,57.0,338.0
43.5053,-68.0,336.0
43.5102,65.0,336.0
43.5151,-117.0,334.0
43.5205,-262.0,336.0
43.5251,165.0,334.0
43.5302,380.0,338.0
43.5354,-124.0,336.0
43.5402,-348.0,336.0
43.5452,81.0,332.0
43.5503,239.0,332.0
43.5552,-70.0,328.0
43.5602,-183.0,326.0
43.5653,48.0,320.0
43.5703,192.0,320.0
43.5751,-5.0,314.0
43.5801,-164.0,314.0
43.5851,16.0,310.0
43.5902,47.0,312.0
43.5951,-121.0,314.0
43.6003,97.0,312.0
43.6051,243.0,312.0
43.6101,-177.0,310.0
43.6151,-266.0,312.0
43.6204,190.0,308.0
43.6251,182.0,310.0
43.6302,-205.0,312.0
43.6352,-89.0,310.0
43.6401,229.0,310.0
43.6452,62.0,308.0
43.6505,-192.0,304.0
43.6551,-59.0,304.0
43.6602,58.0,302.0
43.6652,20.0,300.0
43.6702,113.0,300.0
43.6753,6.0,298.0
43.6802,-256.0,302.0
43.6851,52.0,300.0
43.6902,350.0,304.0
43.6952,-162.0,304.0
43.7001,-358.0,310.0
43.7053,260.0,310.0
43.7102,236.0,312.0
43.7152,-359.0,316.0
43.7201,-58.0,314.0
43.7251,477.0,322.0
43.7301,-23.0,318.0
43.7355,-542.0,324.0
43.7401,-35.0,322.0
43.7451,491.0,328.0
43.7502,138.0,328.0
43.7552,-354.0,334.0
43.7605,-181.0,336.0
43.7654,208.0,338.0
43.7702,125.0,338.0
43.7751,-138.0,338.0
43.7801,-4.0,334.0
43.7851,169.0,336.0
43.7901,-93.0,336.0
43.7952,-200.0,338.0
43.8002,119.0,340.0
43.8051,105.0,340.0
43.8102,-127.0,342.0
43.8151,90.0,340.0
43.8204,203.0,340.0
43.8252,-209.0,340.0
43.8302,-339.0,342.0
43.8351,118.0,340.0
43.8403,406.0,340.0
43.8453,120.0,338.0
43.8503,-301.0,338.0
43.8552,-323.0,340.0
43.8601,90.0,338.0
43.8652,356.0,340.0
43.8701,68.0,340.0
43.8754,-203.0,340.0
43.8801,-93.0,340.0
43.8852,-49.0,340.0
43.8901,23.0,338.0
43.8952,266.0,340.0
43.9001,59.0,338.0
43.9053,-322.0,340.0
43.9104,-86.0,340.0
43.9152,191.0,342.0
43.9202,36.0,340.0
43.9251,22.0,340.0
43.9301,47.0,338.0
43.9352,-196.0,338.0
43.9401,-96.0,338.0
43.9452,283.0,338.0
43.9501,88.0,334.0
43.9552,-286.0,336.0
43.9602,-47.0,334.0
43.9652,230.0,336.0
43.9701,-4.0,334.0
43.9754,-144.0,332.0
43.9802,64.0,332.0
43.9852,71.0,330.0
43.9904,-125.0,330.0
43.9953,-63.0,328.0
44.0004,164.0,328.0
44.0051,133.0,330.0
44.0102,-169.0,330.0
44.0151,-224.0,332.0
44.0204,147.0,332.0
44.0251,263.0,334.0
44.0313,-110.0,336.0
44.0352,-215.0,338.0
44.0401,68.0,336.0
44.0452,111.0,338.0
44.0503,-34.0,334.0
44.0551,-13.0,336.0
44.0601,-5.0,332.0
44.0652,-51.0,330.0
44.0702,89.0,328.0
44.0752,89.0,324.0
44.0802,-256.0,322.0
44.0853,-113.0,320.0
44.0902,472.0,322.0
44.0952,134.0,322.0
44.1002,-595.0,330.0
44.1052,-117.0,330.0
44.1102,511.0,336.0
44.1151,1.0,330.0
44.1201,-303.0,334.0
44.1251,183.0,330.0
44.1302,149.0,332.0
44.1354,-310.0,332.0
44.1402,-115.0,332.0
44.1454,278.0,336.0
44.1502,109.0,336.0
44.1552,-101.0,336.0
44.1602,7.0,332.0
44.1651,-77.0,332.0
44.1703,-216.0,328.0
44.1751,88.0,328.0
44.1803,326.0,328.0
44.1852,41.0,328.0
44.1904,-217.0,326.0
44.1952,-95.0,328.0
44.2001,6.0,324.0
44.2051,-38.0,324.0
44.2101,94.0,322.0
44.2151,233.0,326.0
44.2205,-19.0,324.0
44.2252,-308.0,328.0
44.2303,-128.0,330.0
44.2352,221.0,332.0
44.2402,217.0,334.0
44.2452,-69.0,330.0
44.2506,-177.0,330.0
44.2552,11.0,326.0
44.2601,48.0,324.0
44.2652,-148.0,324.0
44.2701,13.0,320.0
44.2752,388.0,326.0
44.2804,101.0,324.0
44.2852,-500.0,330.0
44.2902,-275.0,332.0
44.2951,392.0,336.0
44.3001,279.0,340.0
44.3052,-222.0,344.0
44.3102,-68.0,342.0
44.3154,176.0,346.0
44.3203,-174.0,344.0
44.3251,-227.0,346.0
44.3302,247.0,346.0
44.3353,203.0,346.0
44.3401,-119.0,342.0
44.3451,-21.0,338.0
44.3501,-66.0,336.0
44.3552,-245.0,334.0
44.3602,145.0,336.0
44.3652,453.0,334.0
44.3701,-98.0,336.0
44.3752,-493.0,336.0
44.3804,42.0,336.0
44.3852,369.0,334.0
44.3903,-57.0,332.0
44.3952,-172.0,330.0
44.4002,109.0,328.0
44.4051,17.0,326.0
44.4101,-122.0,326.0
44.4151,20.0,324.0
44.4203,32.0,324.0
44.4253,16.0,322.0
44.4301,141.0,322.0
44.4351,-6.0,320.0
44.4401,-250.0,322.0
44.4452,-55.0,320.0
44.4501,164.0,322.0
44.4552,46.0,320.0
44.4602,30.0,318.0
44.4651,57.0,316.0
44.4702,-151.0,312.0
44.4752,-137.0,312.0
44.4802,136.0,308.0
44.4852,127.0,308.0
44.4902,-64.0,304.0
44.4952,-116.0,302.0
44.5001,6.0,300.0
44.5053,196.0,298.0
44.5101,70.0,298.0
44.5153,-289.0,300.0
44.5202,-187.0,300.0
44.5251,238.0,304.0
44.5302,254.0,308.0
44.5355,-35.0,304.0
44.5404,-190.0,306.0
44.5451,-181.0,304.0
44.5501,31.0,302.0
44.5552,309.0,304.0
44.5601,109.0,306.0
44.5654,-360.0,310.0
44.5702,-160.0,312.0
44.5754,383.0,316.0
44.5802,144.0,316.0
44.5852,-374.0,318.0
44.5902,-126.0,318.0
44.5952,288.0,318.0
44.6002,112.0,320.0
44.6051,-102.0,318.0
44.6101,-53.0,318.0
44.6151,-145.0,318.0
44.6203,-76.0,318.0
44.6251,345.0,322.0
44.6301,221.0,324.0
44.6351,-383.0,330.0
44.6401,-285.0,330.0
44.6452,288.0,334.0
44.6504,259.0,334.0
44.6554,-221.0,334.0
44.6601,-228.0,336.0
44.6651,245.0,336.0
44.6703,246.0,338.0
44.6754,-264.0,338.0
44.6802,-254.0,342.0
44.6852,235.0,344.0
44.6905,176.0,346.0
44.6951,-248.0,350.0
44.7001,-40.0,350.0
44.7051,351.0,354.0
44.7102,-67.0,354.0
44.7152,-426.0,360.0
44.7203,139.0,358.0
44.7251,344.0,362.0
44.7302,-228.0,358.0
44.7353,-141.0,358.0
44.7402,325.0,354.0
44.7454,-41.0,352.0
44.7508,-358.0,350.0
44.7552,138.0,352.0
44.7601,297.0,352.0
44.7652,-186.0,352.0
44.7704,-178.0,352.0
44.7753,245.0,352.0
44.7801,66.0,350.0
44.7852,-325.0,352.0
44.7901,-13.0,350.0
44.7952,361.0,354.0
44.8003,22.0,354.0
44.8051,-279.0,358.0
44.8101,-50.0,354.0
44.8151,98.0,354.0
44.8203,58.0,350.0
44.8252,74.0,352.0
44.8301,-56.0,348.0
44.8354,-140.0,350.0
44.8401,63.0,350.0
44.8451,79.0,350.0
44.8513,-66.0,350.0
44.8552,55.0,348.0
44.8601,31.0,348.0
44.8652,-178.0,346.0
44.8702,55.0,344.0
44.8752,235.0,344.0
44.8802,-170.0,344.0
44.8851,-221.0,346.0
44.8902,249.0,348.0
44.8954,136.0,350.0
44.9002,-226.0,352.0
44.9055,23.0,350.0
44.9102,108.0,352.0
44.9151,-213.0,350.0
44.9201,38.0,348.0
44.9251,315.0,346.0
44.9302,-170.0,344.0
44.9354,-267.0,342.0
44.9403,254.0,342.0
44.9451,144.0,340.0
44.9502,-256.0,344.0
44.9561,-57.0,342.0
44.9607,194.0,342.0
44.9651,41.0,338.0
44.9702,-136.0,336.0
44.9752,-52.0,334.0
44.9801,127.0,334.0
44.9852,56.0,336.0
44.9902,-157.0,336.0
44.9952,-99.0,334.0
45.0002,151.0,334.0
45.0051,205.0,330.0
45.0101,-35.0,330.0
45.0151,-281.0,326.0
45.0204,-152.0,328.0
45.0251,245.0,326.0
45.0301,279.0,330.0
45.0352,-164.0,330.0
45.0401,-283.0,332.0
45.0451,150.0,334.0
45.0506,234.0,336.0
45.0551,-192.0,338.0
45.0601,-222.0,342.0
45.0651,187.0,344.0
45.0702,215.0,346.0
45.0754,-114.0,348.0
45.0804,-138.0,346.0
45.0851,70.0,346.0
45.0901,47.0,344.0
45.0952,-105.0,344.0
45.1002,-69.0,346.0
45.1052,116.0,346.0
45.1102,166.0,346.0
45.1151,4.0,344.0
45.1201,-137.0,344.0
45.1251,-164.0,344.0
45.1301,-56.0,344.0
45.1353,190.0,346.0
45.1401,224.0,350.0
45.1451,-92.0,348.0
45.1501,-245.0,350.0
45.1561,2.0,346.0
45.1601,215.0,346.0
45.1651,40.0,344.0
45.1703,-252.0,344.0
45.1751,-90.0,344.0
45.1801,331.0,346.0
45.1851,157.0,346.0
45.1903,-380.0,352.0
45.1954,-202.0,350.0
45.2002,377.0,354.0
45.2052,211.0,352.0
45.2102,-302.0,354.0
45.2152,-178.0,350.0
45.2203,140.0,350.0
45.2272,96.0,346.0
45.2301,49.0,346.0
45.2352,-5.0,340.0
45.2401,-190.0,342.0
45.2453,-55.0,342.0
45.2502,260.0,344.0
45.2553,106.0,344.0
45.2613,-253.0,346.0
45.2652,-170.0,344.0
45.2701,172.0,342.0
45.2753,221.0,340.0
45.2803,-89.0,338.0
45.2854,-241.0,336.0
45.2902,98.0,334.0
45.2951,259.0,334.0
45.3001,-192.0,334.0
45.3051,-273.0,334.0
45.3102,284.0,336.0
45.3151,244.0,334.0
45.3203,-314.0,336.0
45.3251,-182.0,334.0
45.3301,273.0,336.0
45.3353,139.0,334.0
45.3403,-190.0,338.0
45.3454,-136.0,334.0
45.3502,107.0,334.0
45.3551,130.0,330.0
45.3601,-25.0,328.0
45.3652,-79.0,324.0
45.3703,-58.0,322.0
45.3753,44.0,320.0
45.3801,121.0,316.0
45.3851,-124.0,318.0
45.3903,-193.0,316.0
45.3951,263.0,318.0
45.4003,297.0,318.0
45.4052,-294.0,318.0
45.4102,-321.0,322.0
45.4152,223.0,320.0
45.4203,170.0,322.0
45.4253,-216.0,320.0
45.4301,46.0,322.0
45.4353,295.0,320.0
45.4401,-150.0,322.0
45.4453,-287.0,322.0
45.4505,116.0,324.0
45.4552,110.0,324.0
45.4601,-60.0,324.0
45.4651,77.0,324.0
45.4701,38.0,324.0
45.4754,-107.0,322.0
45.4803,36.0,322.0
45.4853,34.0,322.0
45.4901,-224.0,324.0
45.4953,-66.0,324.0
45.5002,373.0,330.0
45.5053,265.0,332.0
45.5102,-274.0,334.0
45.5152,-466.0,338.0
45.5202,-21.0,336.0
45.5251,515.0,340.0
45.5302,227.0,340.0
45.5354,-461.0,346.0
45.5402,-179.0,344.0
45.5453,409.0,350.0
45.5501,-23.0,350.0
45.5551,-336.0,350.0
45.5602,206.0,354.0
45.5657,169.0,352.0
45.5702,-286.0,354.0
45.5751,69.0,350.0
45.5801,255.0,350.0
45.5852,-264.0,352.0
45.5902,-125.0,350.0
45.5953,325.0,354.0
45.6003,-70.0,352.0
45.6051,-266.0,356.0
45.6102,259.0,358.0
45.6153,162.0,360.0
45.6205,-358.0,362.0
45.6254,-62.0,362.0
45.6302,350.0,366.0
45.6351,0.0,364.0
45.6401,-266.0,366.0
45.6452,-12.0,364.0
45.6501,113.0,364.0
45.6551,103.0,362.0
45.6601,101.0,360.0
45.6652,-231.0,360.0
45.6702,-306.0,362.0
45.6753,348.0,364.0
45.6802,409.0,366.0
45.6851,-446.0,370.0
45.6901,-416.0,374.0
45.6952,497.0,378.0
45.7002,374.0,380.0
45.7052,-444.0,384.0
45.7104,-269.0,386.0
45.7153,319.0,388.0
45.7201,103.0,388.0
45.7251,-226.0,390.0
45.7301,15.0,390.0
45.7355,191.0,392.0
45.7403,1.0,390.0
45.7453,-154.0,390.0
45.7501,-127.0,390.0
45.7552,69.0,392.0
45.7602,254.0,394.0
45.7651,55.0,392.0
45.7708,-272.0,394.0
45.7752,-153.0,394.0
45.7803,178.0,394.0
45.7852,146.0,394.0
45.7902,-87.0,392.0
45.7954,-48.0,392.0
45.8002,73.0,390.0
45.8051,-40.0,390.0
45.8102,-83.0,388.0
45.8151,63.0,388.0
45.8205,14.0,382.0
45.8252,-48.0,380.0
45.8301,143.0,376.0
45.8351,32.0,374.0
45.8401,-292.0,372.0
45.8451,-27.0,370.0
45.8503,338.0,370.0
45.8551,27.0,368.0
45.8602,-273.0,370.0
45.8653,-13.0,370.0
45.8705,177.0,372.0
45.876,-21.0,372.0
45.8813,-140.0,370.0
45.8857,45.0,370.0
45.8903,165.0,368.0
45.8952,-16.0,368.0
45.9003,-171.0,366.0
45.9057,-67.0,364.0
45.9105,84.0,364.0
45.9158,149.0,362.0
45.9204,57.0,362.0
45.9252,-150.0,360.0
45.9305,-123.0,360.0
45.9358,87.0,358.0
45.9408,58.0,356.0
45.9459,-70.0,352.0
45.9504,20.0,348.0
45.9553,100.0,346.0
45.9605,4.0,342.0
45.9661,-54.0,340.0
45.9701,-70.0,336.0
45.9759,-86.0,336.0
45.9806,50.0,334.0
45.9866,206.0,334.0
45.9904,72.0,334.0
45.9954,-238.0,336.0
46.0003,-228.0,338.0
46.0053,203.0,340.0
46.0104,356.0,346.0
46.0153,-125.0,346.0
46.021,-409.0,350.0
46.0252,31.0,350.0
46.0301,347.0,352.0
46.0356,17.0,348.0
46.0405,-186.0,346.0
46.0454,32.0,342.0
46.0509,27.0,338.0
46.0561,-165.0,336.0
46.0601,24.0,334.0
46.0654,286.0,336.0
46.0703,28.0,336.0
46.0762,-324.0,336.0
46.0801,-79.0,334.0
46.0861,304.0,334.0
46.0901,26.0,334.0
46.0962,-299.0,336.0
46.1005,117.0,338.0
46.1056,336.0,342.0
46.1102,-230.0,344.0
46.1157,-371.0,348.0
46.1206,215.0,352.0
46.1253,338.0,356.0
46.1301,-126.0,354.0
46.1358,-224.0,356.0
46.1407,102.0,352.0
46.146,101.0,350.0
46.1503,-174.0,348.0
46.1554,-52.0,342.0
46.1604,230.0,346.0
46.166,84.0,338.0
46.1701,-178.0,338.0
46.1756,-119.0,332.0
46.1824,60.0,330.0
46.1851,104.0,326.0
46.1905,31.0,326.0
46.1959,-73.0,322.0
46.2006,-76.0,320.0
46.2053,67.0,318.0
46.2104,92.0,316.0
46.2151,-60.0,316.0
46.2208,-45.0,312.0
46.2257,12.0,308.0
46.2301,-81.0,308.0
46.2351,44.0,302.0
46.2403,210.0,306.0
46.2451,-64.0,302.0
46.2507,-233.0,302.0
46.2557,72.0,300.0
46.2601,145.0,296.0
46.2652,-121.0,298.0
46.2703,-51.0,292.0
46.2757,197.0,296.0
46.2801,52.0,292.0
46.287,-215.0,296.0
46.2901,-129.0,296.0
46.2952,106.0,296.0
46.3003,148.0,296.0
46.3056,70.0,294.0
46.3106,-42.0,290.0
46.3158,-136.0,286.0
46.3208,-50.0,282.0
46.3254,17.0,274.0
46.3303,-54.0,268.0
46.3358,111.0,262.0
46.3402,288.0,262.0
46.3451,-54.0,256.0
46.3502,-372.0,258.0
46.3553,-112.0,254.0
46.3605,182.0,256.0
46.366,158.0,254.0
46.3705,95.0,256.0
46.3753,-48.0,254.0
46.3804,-220.0,256.0
46.3854,-26.0,254.0
46.3901,157.0,254.0
46.3963,-55.0,254.0
46.4007,-29.0,252.0
46.4053,194.0,254.0
46.4104,-71.0,250.0
46.4157,-244.0,252.0
46.4209,133.0,250.0
46.4259,196.0,252.0
46.4301,-143.0,252.0
46.4352,-119.0,254.0
46.4404,65.0,254.0
46.4451,53.0,254.0
46.4507,79.0,254.0
46.4559,-16.0,254.0
46.4601,-201.0,256.0
46.4655,27.0,256.0
46.4704,239.0,258.0
46.4754,-83.0,258.0
46.4807,-213.0,256.0
46.4856,129.0,258.0
46.4901,147.0,256.0
46.4953,-105.0,256.0
46.5003,-22.0,252.0
46.5059,51.0,254.0
46.5112,-119.0,252.0
46.5158,-76.0,254.0
46.5208,136.0,254.0
46.5255,168.0,254.0
46.5304,32.0,252.0
46.5356,-178.0,256.0
46.5404,-219.0,256.0
46.5462,47.0,256.0
46.5506,223.0,258.0
46.5551,90.0,258.0
46.5604,-43.0,256.0
46.5659,-72.0,256.0
46.5701,-155.0,256.0
46.5756,-106.0,256.0
46.5803,209.0,258.0
46.5853,285.0,262.0
46.5901,-88.0,264.0
46.5954,-283.0,266.0
46.6008,-54.0,266.0
46.6053,69.0,268.0
46.6103,11.0,266.0
46.6154,186.0,268.0
46.6207,218.0,270.0
46.6262,-275.0,272.0
46.6301,-414.0,276.0
46.6362,182.0,276.0
46.6403,390.0,278.0
46.6459,-64.0,276.0
46.6502,-185.0,274.0
46.6559,32.0,272.0
46.6604,-45.0,266.0
46.6652,-42.0,266.0
46.6704,203.0,264.0
46.6754,7.0,264.0
46.681,-293.0,266.0
46.6857,62.0,266.0
46.6903,349.0,272.0
46.6953,-79.0,270.0
46.7005,-365.0,276.0
46.7059,14.0,272.0
46.7101,322.0,276.0
46.7156,73.0,272.0
46.7213,-248.0,274.0
46.7254,-105.0,272.0
46.7305,211.0,274.0
46.7354,64.0,270.0
46.7403,-249.0,272.0
46.7453,-3.0,268.0
46.7503,326.0,268.0
46.7554,-25.0,264.0
46.7605,-354.0,266.0
46.7652,38.0,262.0
46.7701,265.0,264.0
46.7758,-93.0,262.0
46.7804,-105.0,262.0
46.7853,175.0,262.0
46.7905,-8.0,260.0
46.7967,-170.0,262.0
46.8004,61.0,258.0
46.8052,58.0,258.0
46.8104,-132.0,258.0
46.8151,5.0,256.0
46.8208,223.0,258.0
46.8258,73.0,258.0
46.8301,-243.0,262.0
46.8356,-203.0,264.0
46.8403,159.0,264.0
46.8453,251.0,268.0
46.8511,-40.0,266.0
46.8559,-192.0,268.0
46.8603,-36.0,268.0
46.8654,81.0,270.0
46.8701,52.0,270.0
46.8754,3.0,268.0
46.8801,-32.0,266.0
46.8851,5.0,266.0
46.8901,34.0,262.0
46.8951,-107.0,262.0
46.9001,-118.0,262.0
46.9053,195.0,264.0
46.9104,262.0,266.0
46.9152,-182.0,266.0
46.9201,-339.0,270.0
46.9251,128.0,270.0
46.9301,244.0,272.0
46.9352,-157.0,272.0
46.9401,-33.0,270.0
46.9451,268.0,274.0
46.9501,-147.0,274.0
46.9553,-341.0,278.0
46.9603,229.0,280.0
46.9651,314.0,286.0
46.9702,-232.0,288.0
46.9752,-221.0,290.0
46.9801,183.0,288.0
46.9851,77.0,288.0
46.9904,-107.0,284.0
46.9951,104.0,284.0
47.0001,59.0,282.0
47.0051,-229.0,284.0
47.0101,-38.0,282.0
47.0151,184.0,284.0
47.0202,-46.0,282.0
47.0251,-23.0,282.0
47.0302,222.0,284.0
47.0352,-47.0,284.0
47.0401,-352.0,288.0
47.0452,-55.0,286.0
47.0502,289.0,290.0
47.0552,190.0,288.0
47.0601,-75.0,288.0
47.0651,-203.0,288.0
47.0701,-135.0,288.0
47.0752,85.0,288.0
47.0802,245.0,290.0
47.0852,87.0,290.0
47.0902,-261.0,294.0
47.0951,-211.0,296.0
47.1001,252.0,298.0
47.1052,214.0,300.0
47.1102,-287.0,300.0
47.1152,-147.0,302.0
47.1201,350.0,304.0
47.1252,113.0,304.0
47.1304,-348.0,306.0
47.1354,-110.0,306.0
47.1402,235.0,310.0
47.1452,76.0,310.0
47.1502,-84.0,310.0
47.1551,-15.0,310.0
47.1601,-10.0,308.0
47.1651,-26.0,304.0
47.1702,18.0,304.0
47.1752,48.0,302.0
47.1804,48.0,300.0
47.1851,-71.0,300.0
47.1904,-158.0,300.0
47.1953,79.0,300.0
47.2002,245.0,302.0
47.2051,-36.0,302.0
47.2101,-218.0,302.0
47.2151,-34.0,302.0
47.2202,66.0,300.0
47.2282,55.0,296.0
47.2311,84.0,296.0
47.2351,-2.0,292.0
47.2401,-116.0,292.0
47.2452,-63.0,292.0
47.2501,57.0,292.0
47.2551,82.0,292.0
47.2601,-42.0,288.0
47.2652,-65.0,286.0
47.2704,161.0,282.0
47.2752,74.0,280.0
47.2803,-348.0,278.0
47.2852,-127.0,280.0
47.2901,430.0,284.0
47.2951,158.0,286.0
47.3001,-340.0,290.0
47.3053,-92.0,292.0
47.3101,217.0,292.0
47.3152,-57.0,292.0
47.3202,-229.0,292.0
47.3251,181.0,294.0
47.3301,341.0,292.0
47.3354,-195.0,294.0
47.3402,-388.0,296.0
47.3451,140.0,298.0
47.3501,318.0,296.0
47.3551,-95.0,298.0
47.3603,-218.0,296.0
47.3651,65.0,296.0
47.3701,139.0,296.0
47.3752,-16.0,294.0
47.3803,-35.0,290.0
47.3852,-20.0,292.0
47.3904,-122.0,288.0
47.3953,-34.0,288.0
47.4003,257.0,286.0
47.4051,172.0,288.0
47.4102,-243.0,288.0
47.4152,-249.0,290.0
47.4202,85.0,290.0
47.4253,137.0,290.0
47.4301,58.0,290.0
47.4352,100.0,290.0
47.4401,-68.0,290.0
47.4451,-276.0,294.0
47.4501,-8.0,292.0
47.4553,284.0,296.0
47.4601,46.0,292.0
47.4651,-191.0,294.0
47.4702,13.0,292.0
47.4753,135.0,290.0
47.4802,-129.0,290.0
47.4852,-171.0,288.0
47.4902,224.0,292.0
47.4951,241.0,292.0
47.5002,-250.0,296.0
47.5054,-234.0,298.0
47.5108,218.0,300.0
47.5151,71.0,302.0
47.5202,-194.0,304.0
47.5251,182.0,306.0
47.5302,223.0,310.0
47.5355,-343.0,314.0
47.5403,-245.0,316.0
47.5453,336.0,318.0
47.5501,186.0,316.0
47.5551,-281.0,318.0
47.5602,-104.0,314.0
47.5652,282.0,316.0
47.5702,97.0,314.0
47.5753,-289.0,316.0
47.5801,-149.0,318.0
47.5852,245.0,318.0
47.5901,180.0,318.0
47.5952,-181.0,316.0
47.6003,-166.0,314.0
47.6051,118.0,312.0
47.6101,103.0,310.0
47.6151,-49.0,308.0
47.6202,24.0,304.0
47.6251,34.0,304.0
47.6301,-174.0,304.0
47.6351,-136.0,306.0
47.6401,232.0,308.0
47.6452,267.0,308.0
47.6504,-147.0,310.0
47.6554,-292.0,312.0
47.6601,-2.0,312.0
47.6651,214.0,314.0
47.6701,136.0,314.0
47.6751,-116.0,314.0
47.6802,-253.0,312.0
47.6851,31.0,312.0
47.6902,358.0,314.0
47.6952,33.0,310.0
47.7001,-411.0,316.0
47.7051,-64.0,314.0
47.7101,375.0,318.0
47.7153,57.0,318.0
47.7203,-264.0,318.0
47.7251,-15.0,316.0
47.7301,141.0,314.0
47.7354,-37.0,312.0
47.7401,-48.0,308.0
47.745,60.0,306.0
47.7501,-44.0,302.0
47.7551,-71.0,302.0
47.7603,148.0,298.0
47.7653,167.0,298.0
47.7702,-176.0,296.0
47.7753,-359.0,300.0
47.7801,59.0,298.0
47.7852,481.0,304.0
47.7902,116.0,304.0
47.7952,-376.0,310.0
47.8001,-191.0,312.0
47.8051,106.0,314.0
47.8101,113.0,316.0
47.8151,114.0,316.0
47.8202,26.0,316.0
47.8253,-138.0,318.0
47.8301,-62.0,316.0
47.8351,0.0,314.0
47.8401,-94.0,312.0
47.8453,106.0,314.0
47.8501,319.0,314.0
47.8552,-27.0,314.0
47.8601,-378.0,320.0
47.8652,-150.0,320.0
47.8701,208.0,322.0
47.8753,205.0,326.0
47.8801,21.0,324.0
47.8852,-65.0,324.0
47.8901,-120.0,326.0
47.8952,-122.0,326.0
47.9002,68.0,326.0
47.9055,156.0,328.0
47.9102,-6.0,326.0
47.9152,-12.0,324.0
47.9201,61.0,320.0
47.9251,-134.0,320.0
47.9301,-201.0,316.0
47.9352,117.0,316.0
47.9401,298.0,316.0
47.9451,40.0,314.0
47.9501,-290.0,316.0
47.9551,-182.0,318.0
47.9602,211.0,318.0
47.9651,194.0,318.0
47.9701,-124.0,314.0
47.9751,-77.0,312.0
47.9802,88.0,308.0
47.9852,-85.0,306.0
47.9906,-132.0,304.0
47.9952,199.0,306.0
48.0002,205.0,306.0
48.0052,-208.0,308.0
48.0102,-199.0,308.0
48.0151,129.0,310.0
48.0201,57.0,310.0
48.0263,-8.0,310.0
48.0301,162.0,312.0
48.0352,-114.0,312.0
48.0401,-330.0,314.0
48.0451,182.0,314.0
48.0501,343.0,316.0
48.0551,-167.0,314.0
48.0601,-185.0,316.0
48.0651,146.0,316.0
48.0703,-35.0,316.0
48.0754,-227.0,318.0
48.0801,157.0,318.0
48.0851,376.0,320.0
48.0902,-119.0,322.0
48.0951,-464.0,324.0
48.1003,-11.0,324.0
48.1052,436.0,328.0
48.1103,140.0,330.0
48.1151,-324.0,332.0
48.1201,-216.0,334.0
48.1262,167.0,334.0
48.1301,232.0,334.0
48.1353,26.0,332.0
48.1403,-188.0,330.0
48.1453,-237.0,330.0
48.1502,83.0,328.0
48.1551,359.0,332.0
48.1601,10.0,330.0
48.1651,-250.0,330.0
48.1701,33.0,328.0
48.1754,-68.0,324.0
48.1802,-242.0,324.0
48.1852,366.0,324.0
48.1902,464.0,328.0
48.1951,-445.0,330.0
48.2002,-522.0,338.0
48.2052,333.0,338.0
48.2103,410.0,342.0
48.2152,-167.0,342.0
48.2203,-265.0,342.0
48.225,-3.0,340.0
48.2301,169.0,338.0
48.2351,207.0,340.0
48.24,-59.0,338.0
48.2453,-408.0,342.0
48.2501,-117.0,342.0
48.2551,497.0,350.0
48.2601,280.0,354.0
48.2652,-429.0,360.0
48.2702,-335.0,362.0
48.2754,267.0,364.0
48.2803,307.0,366.0
48.2854,-106.0,362.0
48.2902,-265.0,364.0
48.2952,-13.0,360.0
48.3002,218.0,364.0
48.3051,116.0,362.0
48.3102,-122.0,362.0
48.3151,-205.0,364.0
48.3201,-28.0,360.0
48.3251,227.0,362.0
48.3306,145.0,360.0
48.3352,-166.0,362.0
48.3402,-147.0,358.0
48.3452,75.0,358.0
48.3501,89.0,354.0
48.3551,5.0,352.0
48.3601,-96.0,350.0
48.3653,-94.0,350.0
48.3703,160.0,352.0
48.3753,215.0,354.0
48.3804,-153.0,356.0
48.3852,-327.0,360.0
48.3901,40.0,360.0
48.3951,348.0,364.0
48.4003,52.0,362.0
48.4051,-266.0,364.0
48.4102,-9.0,362.0
48.4152,164.0,358.0
48.4204,-123.0,360.0
48.4251,-119.0,354.0
48.4301,198.0,356.0
48.4351,108.0,350.0
48.4401,-130.0,350.0
48.4453,-42.0,348.0
48.4502,-25.0,348.0
48.4553,-126.0,348.0
48.4601,119.0,350.0
48.4651,323.0,352.0
48.4701,-46.0,352.0
48.4753,-397.0,358.0
48.4803,-129.0,358.0
48.4852,276.0,362.0
48.4901,229.0,360.0
48.4952,-48.0,360.0
48.5001,-163.0,356.0
48.5052,-116.0,356.0
48.5103,25.0,354.0
48.5153,129.0,352.0
48.5201,38.0,352.0
48.5251,-38.0,352.0
48.53,6.0,350.0
48.5352,-54.0,350.0
48.5402,-81.0,350.0
48.5453,103.0,348.0
48.5501,107.0,350.0
48.5552,-148.0,352.0
48.5604,-100.0,352.0
48.5651,191.0,354.0
48.5701,95.0,352.0
48.5751,-139.0,352.0
48.5801,-44.0,348.0
48.5851,-39.0,348.0
48.5903,-125.0,346.0
48.5952,195.0,346.0
48.6003,331.0,348.0
48.6051,-215.0,348.0
48.6101,-361.0,352.0
48.6151,189.0,354.0
48.6205,140.0,354.0
48.6252,-266.0,358.0
48.6301,141.0,358.0
48.6351,443.0,362.0
48.6401,-227.0,362.0
48.6451,-561.0,368.0
48.65,68.0,366.0
48.655,467.0,370.0
48.6602,153.0,372.0
48.6651,-180.0,374.0
48.6702,-241.0,376.0
48.6752,-107.0,376.0
48.6802,176.0,374.0
48.6851,231.0,374.0
48.6901,-65.0,370.0
48.6951,-188.0,370.0
48.7002,-16.0,368.0
48.7051,68.0,366.0
48.7103,56.0,366.0
48.7152,42.0,364.0
48.7201,-61.0,362.0
48.7251,-65.0,358.0
48.7301,76.0,356.0
48.7352,-32.0,350.0
48.7405,-153.0,352.0
48.7451,180.0,348.0
48.7501,255.0,350.0
48.7554,-267.0,350.0
48.7602,-285.0,350.0
48.7652,257.0,352.0
48.7703,207.0,352.0
48.7753,-176.0,354.0
48.7801,-70.0,352.0
48.7851,35.0,348.0
48.7901,-68.0,348.0
48.795,136.0,344.0
48.8002,183.0,348.0
48.8051,-231.0,348.0
48.8102,-212.0,350.0
48.8152,195.0,352.0
48.8202,109.0,350.0
48.8252,-116.0,346.0
48.8301,19.0,340.0
48.8353,78.0,334.0
48.8401,1.0,326.0
48.8453,-32.0,320.0
48.8502,-171.0,316.0
48.8551,-76.0,316.0
48.8607,284.0,316.0
48.865,164.0,318.0
48.8702,-209.0,318.0
48.8752,-114.0,318.0
48.8802,52.0,318.0
48.8851,-51.0,312.0
48.8901,2.0,310.0
48.8951,175.0,304.0
48.9002,70.0,302.0
48.9051,-126.0,296.0
48.9101,-138.0,294.0
48.9152,-51.0,290.0
48.92,76.0,286.0
48.9251,160.0,288.0
48.9301,62.0,284.0
48.9352,-85.0,286.0
48.9401,-132.0,284.0
48.9452,-36.0,282.0
48.9501,89.0,282.0
48.9553,-1.0,280.0
48.9601,-27.0,280.0
48.9655,205.0,278.0
48.9701,39.0,278.0
48.9752,-386.0,280.0
48.9801,-150.0,280.0
48.9852,381.0,286.0
48.9901,321.0,290.0
48.9951,-198.0,292.0
49.0001,-450.0,298.0
49.0051,-35.0,296.0
49.0101,450.0,302.0
49.0151,205.0,302.0
49.0202,-351.0,304.0
49.0251,-281.0,304.0
49.0301,267.0,308.0
49.0352,293.0,306.0
49.0402,-242.0,310.0
49.0452,-243.0,308.0
49.0501,228.0,312.0
49.0551,93.0,312.0
49.0601,-183.0,312.0
49.0651,134.0,312.0
49.0701,117.0,312.0
49.0751,-305.0,314.0
49.08,-22.0,312.0
49.0853,302.0,316.0
49.0901,-132.0,318.0
49.0951,-166.0,318.0
49.1001,316.0,322.0
49.1053,43.0,318.0
49.1102,-402.0,324.0
49.1151,-7.0,316.0
49.1201,295.0,320.0
49.1251,13.0,316.0
49.1301,-55.0,312.0
49.1352,0.0,312.0
49.1401,-128.0,312.0
49.1451,-30.0,310.0
49.1503,99.0,312.0
49.1552,17.0,310.0
49.1603,138.0,312.0
49.1651,60.0,312.0
49.1701,-434.0,318.0
49.1751,-150.0,320.0
49.1801,623.0,328.0
49.1856,212.0,330.0
49.1902,-617.0,338.0
49.1954,-268.0,340.0
49.2003,415.0,344.0
49.2052,308.0,346.0
49.2102,-120.0,346.0
49.2151,-242.0,348.0
49.2202,-81.0,348.0
49.2292,37.0,348.0
49.23,54.0,348.0
49.2352,159.0,348.0
49.2401,148.0,344.0
49.2451,-136.0,344.0
49.2502,-290.0,342.0
49.2551,-99.0,340.0
49.2602,194.0,342.0
49.2652,272.0,342.0
49.2701,29.0,340.0
49.2752,-195.0,336.0
49.2802,-162.0,334.0
49.2851,-8.0,326.0
49.2901,171.0,328.0
49.2951,160.0,324.0
49.3002,-161.0,324.0
49.3053,-279.0,324.0
49.3102,141.0,324.0
49.3154,420.0,328.0
49.3203,-56.0,326.0
49.3251,-536.0,330.0
49.3301,-51.0,330.0
49.3362,580.0,336.0
49.34,87.0,338.0
49.3452,-543.0,346.0
49.3501,-40.0,346.0
49.3551,425.0,352.0
49.3602,-26.0,350.0
49.3652,-263.0,354.0
49.3703,69.0,354.0
49.3752,127.0,356.0
49.3801,-126.0,354.0
49.3853,-96.0,354.0
49.3902,244.0,354.0
49.3951,227.0,352.0
49.4002,-355.0,354.0
49.4052,-435.0,356.0
49.4104,359.0,358.0
49.4151,512.0,364.0
49.4202,-295.0,368.0
49.4251,-379.0,372.0
49.4301,264.0,376.0
49.4352,167.0,376.0
49.4401,-239.0,378.0
49.4451,8.0,374.0
49.4501,125.0,372.0
49.4553,-163.0,372.0
49.4611,33.0,370.0
49.4651,291.0,374.0
49.4702,-116.0,376.0
49.4751,-287.0,378.0
49.4802,121.0,380.0
49.4854,109.0,382.0
49.4901,-150.0,382.0
49.4951,106.0,382.0
49.5001,233.0,380.0
49.5054,-164.0,380.0
49.5103,-267.0,382.0
49.5152,6.0,380.0
49.5203,145.0,382.0
49.5251,210.0,384.0
49.5303,87.0,386.0
49.5354,-292.0,388.0
49.5401,-258.0,390.0
49.5451,200.0,392.0
49.5501,248.0,392.0
49.5554,-59.0,392.0
49.5601,-115.0,394.0
49.5651,-6.0,392.0
49.5701,25.0,390.0
49.5751,5.0,390.0
49.5801,-90.0,388.0
49.5851,-37.0,388.0
49.5901,255.0,392.0
49.5953,117.0,394.0
49.6001,-378.0,398.0
49.6051,-148.0,398.0
49.6101,401.0,404.0
49.6151,69.0,398.0
49.6203,-352.0,402.0
49.6251,57.0,396.0
49.6301,234.0,396.0
49.6351,-138.0,394.0
49.6401,-46.0,388.0
49.6454,135.0,390.0
49.6504,-130.0,384.0
49.6553,-81.0,382.0
49.6602,180.0,380.0
49.6651,13.0,376.0
49.6701,-73.0,372.0
49.6752,58.0,368.0
49.6802,-115.0,366.0
49.6859,-122.0,366.0
49.6901,268.0,366.0
49.6951,126.0,366.0
49.7001,-317.0,368.0
49.705,-37.0,366.0
49.7103,263.0,370.0
49.7153,-94.0,366.0
49.7201,-121.0,368.0
49.7251,188.0,366.0
49.7313,-72.0,364.0
49.7358,-223.0,366.0
49.7401,220.0,364.0
49.7451,209.0,366.0
49.7511,-266.0,364.0
49.7551,-159.0,366.0
49.7602,258.0,366.0
49.7653,127.0,368.0
49.7702,-229.0,370.0
49.7751,-154.0,374.0
49.7802,135.0,374.0
49.7851,199.0,376.0
49.7901,-3.0,374.0
49.7953,-221.0,378.0
49.8002,-67.0,376.0
49.8051,215.0,378.0
49.8101,41.0,372.0
49.8152,-155.0,372.0
49.8202,47.0,364.0
49.8252,29.0,362.0
49.8301,-152.0,354.0
49.8352,83.0,350.0
49.8401,215.0,348.0
49.8451,-110.0,344.0
49.8502,-189.0,346.0
49.8553,91.0,344.0
49.8601,80.0,344.0
49.8651,-116.0,344.0
49.8702,56.0,344.0
49.8751,226.0,346.0
49.8801,-105.0,344.0
49.8852,-369.0,348.0
49.8901,-20.0,344.0
49.8951,417.0,350.0
49.9002,230.0,350.0
49.9054,-316.0,350.0
49.9101,-330.0,356.0
49.9151,188.0,356.0
49.9201,249.0,356.0
49.9251,-167.0,360.0
49.9301,-101.0,358.0
49.9351,227.0,360.0
49.9402,28.0,356.0
49.9454,-222.0,356.0
49.9501,-38.0,354.0
49.9551,59.0,348.0
49.96,6.0,348.0
49.9651,158.0,342.0
49.9712,138.0,344.0
49.9761,-226.0,338.0
49.9803,-288.0,342.0
49.9851,101.0,334.0
49.9901,278.0,338.0
49.995,19.0,332.0
50.0002,-118.0,332.0
0.0007,-19.0,500.0
0.001,128.0,494.0
0.0013,58.0,496.0
0.0016,438.0,492.0
0.0018,-13.0,488.0
0.0021,-653.0,492.0
0.0024,-55.0,488.0
0.0026,368.0,490.0
0.0028,48.0,488.0
0.003,141.0,490.0
0.0033,86.0,490.0
0.0036,-464.0,494.0
0.0038,-245.0,494.0
0.0041,399.0,496.0
0.0043,258.0,498.0
0.0045,8.0,494.0
0.0048,-28.0,494.0
0.005,-523.0,498.0
0.0052,-344.0,502.0
0.0056,862.0,514.0
0.0058,582.0,522.0
0.0061,-945.0,536.0
0.0065,-484.0,542.0
0.0067,905.0,554.0
0.0069,179.0,556.0
0.0071,-811.0,566.0
0.0073,1.0,566.0
0.0075,533.0,574.0
0.0076,85.0,572.0
0.0077,40.0,570.0
0.008,-204.0,574.0
0.0082,-637.0,578.0
0.0083,71.0,578.0
0.0085,713.0,584.0
0.0086,208.0,586.0
0.0088,-99.0,588.0
0.0089,-261.0,592.0
0.0091,-667.0,598.0
0.0093,-12.0,596.0
0.0094,858.0,602.0
0.0096,259.0,604.0
0.0097,-313.0,604.0
0.0099,-127.0,604.0
0.0101,-483.0,610.0
0.0103,-308.0,614.0
0.0104,967.0,628.0
0.0106,614.0,636.0
0.0108,-960.0,652.0
0.0109,-390.0,656.0
0.0111,716.0,668.0
0.0114,-303.0,672.0
0.0118,-576.0,680.0
0.012,905.0,694.0
0.0123,503.0,700.0
0.0126,-968.0,714.0
0.0128,-176.0,712.0
0.0131,664.0,720.0
0.0132,-439.0,726.0
0.0134,-440.0,730.0
0.0136,926.0,742.0
0.0138,400.0,748.0
0.0141,-946.0,756.0
0.0143,-296.0,760.0
0.0145,660.0,762.0
0.0147,35.0,758.0
0.0149,-424.0,756.0
0.015,92.0,752.0
0.0152,246.0,750.0
0.0154,111.0,744.0
0.0156,119.0,744.0
0.0158,-365.0,744.0
0.016,-661.0,752.0
0.0161,289.0,754.0
0.0164,1030.0,770.0
0.0165,41.0,768.0
0.0168,-956.0,782.0
0.017,-205.0,784.0
0.018,591.0,792.0
0.0183,27.0,790.0
0.0185,-348.0,794.0
0.0186,203.0,790.0
0.0189,361.0,786.0
0.0191,-166.0,780.0
0.0194,-313.0,772.0
0.0195,-61.0,768.0
0.0197,-65.0,754.0
0.0199,182.0,754.0
0.02,612.0,752.0
0.0203,-117.0,748.0
0.0206,-1008.0,758.0
0.0207,57.0,756.0
0.021,1187.0,772.0
0.0212,-100.0,772.0
0.0214,-1222.0,788.0
0.0216,52.0,786.0
0.0218,1020.0,796.0
0.0219,208.0,796.0
0.0221,-476.0,796.0
0.0223,-450.0,794.0
0.0224,-162.0,794.0
0.0226,431.0,792.0
0.0228,425.0,796.0
0.023,-346.0,796.0
0.0232,-150.0,794.0
0.0237,590.0,802.0
0.024,-254.0,806.0
0.0242,-1079.0,820.0
0.0245,264.0,820.0
0.0248,1200.0,832.0
0.0251,97.0,832.0
0.0254,-637.0,832.0
0.0256,-363.0,834.0
0.026,-115.0,824.0
0.0261,329.0,820.0
0.0263,400.0,820.0
0.0265,-253.0,810.0
0.0267,-173.0,812.0
0.0268,307.0,804.0
0.027,-186.0,804.0
0.0272,-309.0,798.0
0.0273,447.0,800.0
0.0275,154.0,796.0
0.0277,-506.0,802.0
0.0278,25.0,794.0
0.028,260.0,796.0
0.0281,-233.0,790.0
0.0283,161.0,790.0
0.0284,558.0,790.0
0.0286,-368.0,794.0
0.0288,-845.0,806.0
0.029,141.0,808.0
0.0291,804.0,814.0
0.0293,274.0,818.0
0.0297,-367.0,812.0
0.0299,-420.0,818.0
0.0302,-224.0,816.0
0.0306,117.0,818.0
0.0308,598.0,824.0
0.031,393.0,830.0
0.0312,-556.0,830.0
0.0314,-669.0,838.0
0.0316,239.0,834.0
0.0319,456.0,838.0
0.032,5.0,838.0
0.0322,3.0,838.0
0.0323,29.0,830.0
0.0325,-180.0,828.0
0.0327,-185.0,816.0
0.033,-124.0,810.0
0.0332,118.0,796.0
0.0333,511.0,796.0
0.0335,203.0,786.0
0.0337,-499.0,790.0
0.0339,-361.0,784.0
0.034,148.0,786.0
0.0342,50.0,778.0
0.0343,125.0,780.0
0.0345,485.0,786.0
0.0347,-149.0,786.0
0.0348,-799.0,788.0
0.035,17.0,788.0
0.0352,726.0,788.0
0.0356,207.0,788.0
0.0358,-349.0,792.0
0.0361,-465.0,794.0
0.0364,-214.0,788.0
0.0366,565.0,796.0
0.0368,795.0,794.0
0.037,-335.0,796.0
0.0372,-1082.0,808.0
0.0374,-67.0,808.0
0.0375,892.0,814.0
0.0377,223.0,812.0
0.0379,-507.0,806.0
0.038,-28.0,796.0
0.0382,373.0,786.0
0.0384,-105.0,782.0
0.0385,-471.0,778.0
0.0387,-134.0,776.0
0.0389,396.0,772.0
0.039,479.0,766.0
0.0392,-19.0,758.0
0.0394,-495.0,752.0
0.0395,-322.0,754.0
0.0398,203.0,746.0
0.04,320.0,744.0
0.0402,-52.0,738.0
0.0405,-116.0,726.0
0.0406,352.0,726.0
0.0408,160.0,712.0
0.041,-799.0,720.0
0.0412,-642.0,720.0
0.0413,713.0,730.0
0.0421,1134.0,742.0
0.0423,82.0,742.0
0.0426,-1033.0,754.0
0.0429,-909.0,766.0
0.043,350.0,770.0
0.0432,1023.0,780.0
0.0434,310.0,776.0
0.0435,-466.0,778.0
0.0437,-534.0,770.0
0.0439,-136.0,772.0
0.044,482.0,764.0
0.0442,397.0,768.0
0.0444,-444.0,764.0
0.0445,-451.0,772.0
0.0447,401.0,772.0
0.0448,505.0,778.0
0.045,-196.0,774.0
0.0452,-502.0,780.0
0.0453,-82.0,776.0
0.0455,318.0,780.0
0.0456,196.0,782.0
0.0457,-3.0,780.0
0.0459,-59.0,770.0
0.0461,-222.0,772.0
0.0463,-202.0,760.0
0.0464,172.0,762.0
0.0466,395.0,750.0
0.0467,83.0,748.0
0.0469,-395.0,736.0
0.0471,-305.0,740.0
0.0473,214.0,728.0
0.0474,349.0,730.0
0.0477,-20.0,722.0
0.048,-282.0,720.0
0.0482,5.0,718.0
0.0485,289.0,716.0
0.0488,-87.0,710.0
0.0491,-418.0,712.0
0.0493,-21.0,710.0
0.0495,419.0,706.0
0.0497,307.0,708.0
0.05,-74.0,692.0
0.0502,-430.0,694.0
0.0505,-475.0,682.0
0.0508,252.0,686.0
0.0511,928.0,690.0
0.0514,32.0,684.0
0.0518,-1087.0,700.0
0.0521,-184.0,698.0
0.0524,895.0,706.0
0.0527,57.0,702.0
0.0529,-473.0,706.0
0.0532,292.0,706.0
0.0534,69.0,704.0
0.0537,-577.0,708.0
0.0541,146.0,704.0
0.0544,560.0,710.0
0.0546,-122.0,704.0
0.0549,-261.0,708.0
0.0551,-84.0,706.0
0.0554,-137.0,704.0
0.0557,257.0,706.0
0.0559,429.0,704.0
0.0562,-203.0,700.0
0.0564,-451.0,694.0
0.0566,33.0,694.0
0.0569,224.0,684.0
0.0571,-6.0,680.0
0.0573,-4.0,674.0
0.0575,91.0,670.0
0.0578,-16.0,666.0
0.058,-18.0,664.0
0.0582,4.0,654.0
0.0584,-197.0,652.0
0.0587,-171.0,646.0
0.0589,258.0,640.0
0.0592,395.0,642.0
0.0594,-96.0,636.0
0.06,-456.0,644.0
0.0603,-54.0,644.0
0.0606,349.0,650.0
0.0608,46.0,646.0
0.0612,-161.0,646.0
0.0614,92.0,646.0
0.0616,-64.0,646.0
0.0618,-358.0,642.0
0.0619,210.0,642.0
0.0621,740.0,646.0
0.0623,-118.0,642.0
0.0626,-1036.0,656.0
0.0628,-165.0,658.0
0.063,1004.0,672.0
0.0632,384.0,670.0
0.0633,-685.0,680.0
0.0635,-405.0,674.0
0.0637,326.0,678.0
0.0638,328.0,672.0
0.0641,-110.0,670.0
0.0642,-324.0,670.0
0.0644,84.0,664.0
0.0646,514.0,668.0
0.0649,-150.0,662.0
0.0652,-836.0,662.0
0.0655,117.0,660.0
0.0659,1018.0,658.0
0.0661,71.0,658.0
0.0664,-853.0,658.0
0.0666,-275.0,658.0
0.0669,429.0,658.0
0.067,352.0,662.0
0.0672,7.0,656.0
0.0674,-287.0,660.0
0.0678,-289.0,656.0
0.068,156.0,656.0
0.0683,395.0,656.0
0.0688,-74.0,650.0
0.0694,-380.0,656.0
0.0698,142.0,650.0
0.0702,369.0,652.0
0.0705,-289.0,652.0
0.0707,-459.0,654.0
0.0709,279.0,658.0
0.0711,534.0,666.0
0.0712,-37.0,660.0
0.0715,-415.0,664.0
0.0717,-222.0,656.0
0.0721,173.0,648.0
0.0725,300.0,642.0
0.0728,-41.0,624.0
0.0731,-243.0,626.0
0.0732,81.0,612.0
0.0734,209.0,600.0
0.0737,-107.0,598.0
0.0739,-218.0,584.0
0.0741,-1.0,580.0
0.0742,166.0,576.0
0.0746,116.0,568.0
0.0748,-40.0,568.0
0.075,-86.0,560.0
0.0751,-46.0,556.0
0.0753,-69.0,550.0
0.0755,16.0,542.0
0.0756,261.0,540.0
0.0758,122.0,534.0
0.076,-397.0,538.0
0.0761,-312.0,534.0
0.0763,368.0,540.0
0.0765,432.0,540.0
0.0768,-175.0,540.0
0.077,-387.0,546.0
0.0773,-27.0,546.0
0.0774,254.0,546.0
0.0776,111.0,546.0
0.0778,-229.0,546.0
0.078,-98.0,542.0
0.0782,395.0,546.0
0.0783,104.0,542.0
0.0785,-600.0,546.0
0.0787,-186.0,546.0
0.0789,609.0,550.0
0.0791,221.0,554.0
0.0793,-404.0,556.0
0.0795,-95.0,556.0
0.0796,182.0,554.0
0.0798,-48.0,554.0
0.0799,-30.0,548.0
0.0801,51.0,548.0
0.0802,-95.0,544.0
0.0804,-25.0,540.0
0.0805,96.0,540.0
0.0807,80.0,534.0
0.0808,155.0,528.0
0.081,-96.0,526.0
0.0812,-483.0,520.0
0.0813,-4.0,520.0
0.0815,568.0,512.0
0.0816,104.0,510.0
0.0818,-389.0,502.0
0.082,-124.0,502.0
0.0821,208.0,498.0
0.0823,155.0,496.0
0.0825,-159.0,498.0
0.0826,-219.0,492.0
0.0828,123.0,492.0
0.0831,175.0,486.0
0.0833,-9.0,484.0
0.0835,23.0,480.0
0.0837,-128.0,482.0
0.0839,-218.0,482.0
0.0841,240.0,482.0
0.0843,272.0,480.0
0.0845,-309.0,482.0
0.0847,-227.0,478.0
0.0848,278.0,482.0
0.085,183.0,482.0
0.0852,-136.0,484.0
0.0854,-170.0,486.0
0.0856,-10.0,484.0
0.0857,150.0,486.0
0.0859,48.0,488.0
0.086,-74.0,488.0
0.0861,15.0,486.0
0.0863,-68.0,484.0
0.0865,-110.0,482.0
0.0866,220.0,478.0
0.0868,193.0,480.0
0.087,-243.0,476.0
0.0872,-185.0,478.0
0.0873,85.0,474.0
0.0875,24.0,474.0
0.0876,91.0,474.0
0.0877,131.0,474.0
0.0879,-139.0,476.0
0.0882,-48.0,470.0
0.0884,116.0,468.0
0.0886,-198.0,460.0
0.0887,-93.0,460.0
0.0889,333.0,448.0
0.089,16.0,446.0
0.0892,-309.0,436.0
0.0894,111.0,432.0
0.0895,308.0,426.0
0.0897,-171.0,422.0
0.0899,-377.0,422.0
0.0901,154.0,420.0
0.0907,402.0,424.0
0.0958,-153.0,422.0
0.1007,-360.0,426.0
0.1057,120.0,420.0
0.1107,312.0,422.0
0.1157,67.0,410.0
0.1208,-274.0,414.0
0.1259,-348.0,402.0
0.1307,248.0,406.0
0.1358,517.0,400.0
0.1407,-233.0,400.0
0.1457,-449.0,400.0
0.151,202.0,398.0
0.1557,178.0,400.0
0.1608,-189.0,398.0
0.1657,133.0,396.0
0.1707,225.0,398.0
0.1757,-332.0,396.0
0.181,-209.0,398.0
0.1857,437.0,400.0
0.1908,79.0,398.0
0.1957,-532.0,400.0
0.2008,32.0,396.0
0.2058,528.0,398.0
0.2108,-46.0,394.0
0.2158,-295.0,390.0
0.2207,88.0,392.0
0.2259,-54.0,386.0
0.2307,-215.0,386.0
0.2359,271.0,388.0
0.2409,280.0,386.0
0.2457,-287.0,390.0
0.2507,-156.0,390.0
0.2558,230.0,392.0
0.2607,-93.0,390.0
0.2658,-230.0,392.0
0.2709,280.0,392.0
0.2757,296.0,398.0
0.2807,-264.0,398.0
0.2857,-325.0,402.0
0.2907,74.0,402.0
0.2958,236.0,404.0
0.3009,125.0,406.0
0.3058,-79.0,406.0
0.3107,-175.0,408.0
0.3157,-17.0,404.0
0.3207,105.0,404.0
0.3259,-20.0,398.0
0.3307,-75.0,396.0
0.3358,156.0,392.0
0.3407,120.0,386.0
0.3458,-309.0,390.0
0.3506,-160.0,386.0
0.3557,424.0,392.0
0.3607,184.0,390.0
0.3657,-427.0,396.0
0.3706,-184.0,394.0
0.3758,246.0,398.0
0.3806,39.0,392.0
0.3856,26.0,390.0
0.3908,307.0,386.0
0.3956,-145.0,386.0
0.4006,-643.0,386.0
0.4058,23.0,382.0
0.4108,687.0,388.0
0.4156,113.0,388.0
0.4211,-442.0,392.0
0.4262,-66.0,392.0
0.4306,147.0,394.0
0.4356,-77.0,394.0
0.4406,45.0,394.0
0.4456,176.0,396.0
0.4507,-125.0,396.0
0.4557,-220.0,398.0
0.4607,130.0,398.0
0.4658,200.0,400.0
0.4706,-178.0,394.0
0.4756,-119.0,396.0
0.4806,373.0,394.0
0.4856,97.0,394.0
0.4907,-590.0,396.0
0.4956,-223.0,398.0
0.5008,593.0,404.0
0.5056,403.0,408.0
0.5106,-363.0,410.0
0.5159,-524.0,416.0
0.5208,112.0,416.0
0.5258,595.0,422.0
0.5308,34.0,422.0
0.5357,-615.0,432.0
0.5406,-125.0,432.0
0.5456,533.0,436.0
0.5507,203.0,436.0
0.5557,-384.0,438.0
0.5607,-245.0,436.0
0.5657,259.0,438.0
0.5706,238.0,436.0
0.5759,-187.0,436.0
0.5809,-165.0,438.0
0.5858,175.0,438.0
0.5907,40.0,438.0
0.5956,-199.0,438.0
0.6006,44.0,438.0
0.6057,127.0,440.0
0.6106,-33.0,440.0
0.6158,145.0,440.0
0.6206,15.0,440.0
0.6256,-497.0,444.0
0.6306,-79.0,442.0
0.6359,696.0,448.0
0.6409,171.0,448.0
0.6458,-641.0,458.0
0.6506,-163.0,460.0
0.6556,456.0,466.0
0.6606,12.0,464.0
0.6658,-356.0,466.0
0.6706,181.0,468.0
0.6756,363.0,472.0
0.6806,-267.0,474.0
0.6856,-280.0,476.0
0.6908,226.0,476.0
0.6956,14.0,476.0
0.7006,-177.0,472.0
0.7057,220.0,474.0
0.7106,141.0,472.0
0.7156,-198.0,472.0
0.7206,-37.0,468.0
0.7257,39.0,466.0
0.7308,-53.0,460.0
0.7356,27.0,458.0
0.7406,-66.0,454.0
0.7457,-51.0,452.0
0.7509,359.0,452.0
0.7556,172.0,454.0
0.7607,-562.0,460.0
0.7657,-306.0,458.0
0.7706,546.0,464.0
0.7757,296.0,460.0
0.7807,-424.0,462.0
0.7856,-162.0,458.0
0.7907,328.0,460.0
0.7956,-5.0,458.0
0.8015,-286.0,458.0
0.8056,188.0,460.0
0.8106,365.0,462.0
0.8158,-295.0,462.0
0.8207,-591.0,468.0
0.8256,145.0,462.0
0.8306,689.0,472.0
0.8365,196.0,468.0
0.8408,-385.0,472.0
0.8457,-364.0,470.0
0.8507,-65.0,470.0
0.8556,193.0,468.0
0.8607,143.0,470.0
0.8658,27.0,470.0
0.8706,240.0,470.0
0.8757,32.0,466.0
0.8807,-664.0,472.0
0.8856,-305.0,472.0
0.8909,755.0,482.0
0.8958,473.0,486.0
0.9009,-583.0,492.0
0.9058,-418.0,496.0
0.9107,422.0,498.0
0.9157,304.0,498.0
0.9208,-319.0,500.0
0.9258,-292.0,498.0
0.9308,99.0,498.0
0.9357,316.0,500.0
0.9406,271.0,502.0
0.9457,-221.0,504.0
0.9509,-556.0,510.0
0.9557,34.0,510.0
0.9606,556.0,518.0
0.9655,91.0,520.0
0.9708,-332.0,524.0
0.9758,-92.0,522.0
0.9809,49.0,522.0
0.9857,1.0,516.0
0.9907,168.0,516.0
0.9956,158.0,512.0
1.0006,-230.0,512.0
1.0056,-371.0,512.0
1.0107,128.0,512.0
1.0157,593.0,516.0
1.0207,43.0,516.0
1.0256,-762.0,528.0
1.0306,-167.0,526.0
1.0357,835.0,536.0
1.0406,183.0,530.0
1.0458,-780.0,542.0
1.0507,-93.0,532.0
1.0556,567.0,540.0
1.0606,-78.0,534.0
1.0658,-219.0,536.0
1.0708,282.0,538.0
1.0759,-136.0,538.0
1.0807,-417.0,544.0
1.0857,314.0,546.0
1.0908,377.0,550.0
1.0957,-222.0,550.0
1.1007,-141.0,552.0
1.1056,-45.0,548.0
1.1107,-218.0,550.0
1.1156,281.0,552.0
1.1209,555.0,554.0
1.1257,-337.0,558.0
1.1306,-705.0,560.0
1.1367,249.0,560.0
1.1406,629.0,562.0
1.1458,-165.0,558.0
1.1508,-445.0,558.0
1.1557,184.0,554.0
1.1607,306.0,556.0
1.1657,-311.0,552.0
1.1706,-329.0,556.0
1.1756,485.0,554.0
1.1808,556.0,562.0
1.1857,-527.0,562.0
1.1907,-817.0,570.0
1.1956,284.0,570.0
1.2006,791.0,578.0
1.2056,73.0,574.0
1.2108,-421.0,578.0
1.2156,-197.0,578.0
1.2206,77.0,576.0
1.2256,44.0,574.0
1.2307,-43.0,574.0
1.2366,124.0,574.0
1.2407,136.0,574.0
1.2458,-223.0,576.0
1.2508,-125.0,578.0
1.2558,393.0,582.0
1.2608,109.0,584.0
1.2659,-567.0,584.0
1.2707,-205.0,586.0
1.2758,506.0,584.0
1.2807,255.0,584.0
1.2859,-271.0,578.0
1.2907,-83.0,578.0
1.2957,215.0,574.0
1.3008,-161.0,576.0
1.3056,-425.0,578.0
1.3106,191.0,578.0
1.3157,546.0,580.0
1.3208,-19.0,576.0
1.3258,-256.0,576.0
1.3308,-61.0,574.0
1.3363,-282.0,578.0
1.3418,-91.0,576.0
1.3456,612.0,582.0
1.3507,257.0,584.0
1.3558,-498.0,588.0
1.3609,-167.0,590.0
1.3656,108.0,592.0
1.3706,-138.0,594.0
1.3756,236.0,596.0
1.3807,376.0,602.0
1.3858,-361.0,606.0
1.3907,-335.0,606.0
1.3956,289.0,608.0
1.4006,69.0,600.0
1.4056,-87.0,596.0
1.4108,227.0,592.0
1.416,-224.0,590.0
1.4207,-464.0,590.0
1.4256,610.0,598.0
1.4308,667.0,604.0
1.4357,-917.0,618.0
1.4413,-794.0,626.0
1.4456,941.0,638.0
1.4507,685.0,642.0
1.4559,-683.0,648.0
1.4614,-276.0,644.0
1.4657,401.0,648.0
1.4711,-254.0,640.0
1.4758,-309.0,642.0
1.4806,684.0,646.0
1.4856,382.0,648.0
1.4906,-909.0,660.0
1.4957,-453.0,664.0
1.5008,904.0,676.0
1.5056,392.0,682.0
1.5107,-730.0,690.0
1.5156,-216.0,692.0
1.521,520.0,690.0
1.5258,56.0,686.0
1.5307,-339.0,680.0
1.5367,15.0,672.0
1.541,156.0,666.0
1.5466,-79.0,660.0
1.5508,-1.0,654.0
1.5557,144.0,652.0
1.5606,-24.0,648.0
1.5656,-14.0,642.0
1.5706,-22.0,642.0
1.5757,-338.0,642.0
1.5807,-36.0,638.0
1.5859,556.0,644.0
1.5908,167.0,638.0
1.5957,-413.0,644.0
1.6007,-176.0,638.0
1.6062,131.0,638.0
1.6108,76.0,634.0
1.6158,29.0,634.0
1.6207,-31.0,632.0
1.6256,-100.0,634.0
1.6306,66.0,632.0
1.636,199.0,634.0
1.6417,-64.0,630.0
1.6456,-299.0,630.0
1.6506,-2.0,628.0
1.6557,327.0,624.0
1.6608,42.0,624.0
1.6658,-311.0,616.0
1.6706,-42.0,614.0
1.6757,268.0,606.0
1.6807,69.0,604.0
1.6856,-124.0,594.0
1.6909,-90.0,594.0
1.6957,-103.0,586.0
1.7007,14.0,586.0
1.7057,211.0,586.0
1.7106,106.0,582.0
1.7156,-88.0,582.0
1.7207,-94.0,576.0
1.7257,-89.0,574.0
1.7307,-127.0,570.0
1.7356,76.0,566.0
1.7406,424.0,572.0
1.7509,170.0,574.0
1.7513,-576.0,578.0
1.7558,-463.0,582.0
1.7656,474.0,580.0
1.7658,536.0,584.0
1.7707,-226.0,576.0
1.7759,-276.0,576.0
1.7806,76.0,568.0
1.7858,-162.0,568.0
1.7907,-182.0,564.0
1.7957,527.0,570.0
1.8006,465.0,572.0
1.8056,-634.0,576.0
1.8108,-665.0,582.0
1.8158,459.0,582.0
1.8207,553.0,582.0
1.8256,-190.0,576.0
1.8306,-134.0,566.0
1.8356,63.0,562.0
1.8408,-363.0,556.0
1.8465,-107.0,556.0
1.8507,711.0,560.0
1.8556,197.0,560.0
1.8606,-794.0,572.0
1.8657,-266.0,576.0
1.8708,580.0,584.0
1.8758,282.0,586.0
1.8806,-170.0,586.0
1.8856,-153.0,586.0
1.8907,-176.0,586.0
1.8956,-116.0,582.0
1.9008,252.0,584.0
1.9056,332.0,580.0
1.9107,-101.0,578.0
1.9158,-366.0,576.0
1.921,-115.0,574.0
1.9258,307.0,574.0
1.9308,305.0,578.0
1.9356,-278.0,580.0
1.9406,-379.0,582.0
1.9468,323.0,582.0
1.9508,264.0,582.0
1.9559,-452.0,580.0
1.9607,-38.0,582.0
1.9656,618.0,586.0
1.9706,-136.0,588.0
1.9757,-699.0,594.0
1.9807,212.0,596.0
1.986,631.0,596.0
1.9907,-230.0,596.0
1.9957,-498.0,596.0
2.0007,185.0,596.0
2.0056,347.0,600.0
2.0109,-73.0,600.0
2.0157,-80.0,596.0
2.0207,12.0,592.0
2.0257,-246.0,590.0
2.0307,-82.0,586.0
2.036,348.0,586.0
2.0408,129.0,588.0
2.0456,-162.0,588.0
2.0506,-4.0,584.0
2.0559,-57.0,582.0
2.0606,-198.0,578.0
2.0657,133.0,570.0
2.0707,302.0,566.0
2.0757,-80.0,552.0
2.0806,-277.0,544.0
2.0856,-7.0,530.0
2.0906,202.0,522.0
2.0957,44.0,512.0
2.1007,-131.0,510.0
2.1056,-56.0,504.0
2.1107,54.0,502.0
2.1157,129.0,498.0
2.1209,33.0,488.0
2.1258,-235.0,486.0
2.1308,-55.0,472.0
2.1357,244.0,470.0
2.1406,-101.0,456.0
2.1456,-67.0,452.0
2.151,465.0,448.0
2.1557,-184.0,446.0
2.1607,-841.0,452.0
2.1656,288.0,456.0
2.1706,892.0,464.0
2.1758,-247.0,468.0
2.1809,-526.0,474.0
2.1858,264.0,476.0
2.1907,43.0,478.0
2.1956,-362.0,480.0
2.2006,224.0,484.0
2.2057,380.0,490.0
2.2107,-255.0,492.0
2.2159,-284.0,492.0
2.2207,210.0,494.0
2.2256,162.0,488.0
2.2306,-161.0,488.0
2.2359,1.0,482.0
2.2408,108.0,482.0
2.2458,-237.0,482.0
2.2507,-67.0,482.0
2.2558,421.0,488.0
2.2607,-15.0,488.0
2.2658,-425.0,494.0
2.2707,222.0,496.0
2.2756,288.0,498.0
2.2807,-500.0,504.0
2.2856,-99.0,502.0
2.2909,682.0,512.0
2.2959,-130.0,508.0
2.3007,-681.0,518.0
2.3057,382.0,520.0
2.3106,560.0,528.0
2.3156,-573.0,532.0
2.3209,-385.0,538.0
2.3256,676.0,546.0
2.3307,191.0,548.0
2.3357,-748.0,558.0
2.3406,-51.0,558.0
2.3456,781.0,568.0
2.3508,-3.0,566.0
2.3557,-690.0,576.0
2.3607,31.0,574.0
2.3658,465.0,580.0
2.3722,-48.0,578.0
2.3762,-213.0,580.0
2.3807,46.0,574.0
2.3857,99.0,574.0
2.3907,-60.0,566.0
2.3957,-216.0,562.0
2.4007,72.0,556.0
2.4061,475.0,554.0
2.4107,-17.0,552.0
2.4158,-635.0,558.0
2.4208,-34.0,556.0
2.4259,523.0,562.0
2.4314,-127.0,562.0
2.4359,-209.0,556.0
2.4408,532.0,558.0
2.4457,-10.0,548.0
2.4508,-808.0,550.0
2.4557,-40.0,544.0
2.4612,539.0,542.0
2.4658,128.0,542.0
2.4707,122.0,542.0
2.4757,31.0,542.0
2.4813,-572.0,544.0
2.4858,-350.0,548.0
2.4908,455.0,544.0
2.4957,586.0,550.0
2.5007,38.0,538.0
2.5061,-630.0,544.0
2.5107,-500.0,544.0
2.5158,453.0,546.0
2.5211,641.0,554.0
2.5257,-116.0,552.0
2.5307,-419.0,556.0
2.5357,-155.0,556.0
2.5406,11.0,554.0
2.5457,153.0,550.0
2.5507,308.0,554.0
2.5557,82.0,550.0
2.561,-378.0,554.0
2.5657,-285.0,552.0
2.5706,253.0,552.0
2.5756,214.0,552.0
2.5806,-103.0,546.0
2.5862,106.0,544.0
2.5907,33.0,540.0
2.5957,-399.0,538.0
2.6006,-17.0,538.0
2.6057,443.0,536.0
2.6106,0.0,534.0
2.6158,-257.0,526.0
2.6208,-10.0,524.0
2.6256,-52.0,514.0
2.6306,107.0,512.0
2.6358,397.0,512.0
2.642,-227.0,512.0
2.6459,-608.0,516.0
2.6506,258.0,518.0
2.6557,490.0,526.0
2.6607,-220.0,528.0
2.6658,-130.0,526.0
2.6707,204.0,528.0
2.6758,-111.0,524.0
2.6807,-155.0,526.0
2.6856,74.0,524.0
2.6907,-11.0,524.0
2.6957,69.0,524.0
2.7008,137.0,524.0
2.7058,-207.0,524.0
2.7106,11.0,520.0
2.7156,450.0,526.0
2.7208,-324.0,526.0
2.7257,-815.0,538.0
2.7308,431.0,542.0
2.7357,1063.0,558.0
2.7407,-258.0,560.0
2.7459,-1019.0,576.0
2.7508,115.0,576.0
2.7559,829.0,588.0
2.7608,-159.0,590.0
2.7657,-707.0,596.0
2.7706,195.0,598.0
2.7757,592.0,604.0
2.7808,-137.0,604.0
2.7858,-293.0,608.0
2.7907,213.0,604.0
2.7956,-85.0,602.0
2.8006,-504.0,598.0
2.8058,193.0,596.0
2.8108,700.0,594.0
2.8158,67.0,590.0
2.8208,-513.0,590.0
2.8256,-368.0,592.0
2.8306,25.0,592.0
2.836,337.0,592.0
2.8411,415.0,594.0
2.8457,33.0,588.0
2.8507,-539.0,594.0
2.8556,-406.0,596.0
2.8606,383.0,598.0
2.8659,444.0,602.0
2.8713,-191.0,602.0
2.8756,-136.0,604.0
2.8806,122.0,604.0
2.8856,-232.0,604.0
2.8908,-148.0,606.0
2.8958,417.0,606.0
2.9007,187.0,608.0
2.9056,-417.0,608.0
2.9106,-231.0,608.0
2.9156,341.0,610.0
2.9207,306.0,606.0
2.9257,-275.0,610.0
2.9308,-352.0,604.0
2.9357,349.0,608.0
2.9407,345.0,602.0
2.9458,-603.0,606.0
2.9509,-410.0,604.0
2.9556,786.0,606.0
2.9607,562.0,610.0
2.9657,-639.0,610.0
2.9709,-559.0,614.0
2.9757,276.0,608.0
2.9809,225.0,610.0
2.9857,-20.0,598.0
2.9907,289.0,602.0
2.9956,13.0,592.0
3.0007,-642.0,602.0
3.0057,-122.0,596.0
3.0108,600.0,604.0
3.0157,154.0,604.0
3.0206,-237.0,606.0
3.0256,-68.0,606.0
3.0308,-154.0,608.0
3.0358,-44.0,606.0
3.0407,355.0,610.0
3.0457,95.0,604.0
3.0506,-346.0,608.0
3.0558,-67.0,600.0
3.0608,196.0,602.0
3.0658,-13.0,594.0
3.0707,33.0,594.0
3.0755,129.0,592.0
3.0807,-212.0,586.0
3.0858,-243.0,590.0
3.091,180.0,580.0
3.0963,257.0,584.0
3.1011,21.0,576.0
3.1062,-102.0,576.0
3.1106,-155.0,576.0
3.1158,-138.0,578.0
3.1209,107.0,570.0
3.1267,256.0,570.0
3.1306,-52.0,562.0
3.1357,-134.0,556.0
3.1408,187.0,558.0
3.1457,-111.0,550.0
3.1513,-408.0,548.0
3.1561,257.0,546.0
3.1608,406.0,542.0
3.1658,-260.0,544.0
3.1708,-70.0,538.0
3.1756,254.0,540.0
3.1819,-325.0,544.0
3.1861,-290.0,548.0
3.1907,449.0,550.0
3.1958,245.0,552.0
3.2009,-344.0,552.0
3.2056,-68.0,548.0
3.2111,318.0,548.0
3.2162,-74.0,546.0
3.221,-436.0,552.0
3.2257,32.0,550.0
3.2307,434.0,558.0
3.2362,105.0,552.0
3.2413,-171.0,554.0
3.2456,-169.0,550.0
3.2507,-157.0,554.0
3.2558,152.0,552.0
3.2606,336.0,556.0
3.2664,-148.0,558.0
3.2711,-365.0,562.0
3.2756,168.0,558.0
3.2815,336.0,560.0
3.2856,-161.0,554.0
3.2909,-279.0,554.0
3.2967,120.0,548.0
3.3011,186.0,548.0
3.3069,-60.0,546.0
3.3105,-60.0,544.0
3.3159,0.0,542.0
3.3209,-74.0,540.0
3.3262,32.0,540.0
3.3311,173.0,542.0
3.3363,-16.0,542.0
3.3408,-198.0,542.0
3.3459,-89.0,542.0
3.3507,117.0,542.0
3.3562,294.0,540.0
3.3611,122.0,538.0
3.3656,-449.0,532.0
3.3708,-449.0,532.0
3.3759,352.0,520.0
3.3806,611.0,526.0
3.386,-85.0,512.0
3.391,-472.0,518.0
3.3957,-17.0,504.0
3.4008,234.0,506.0
3.4058,-161.0,496.0
3.4112,-166.0,496.0
3.4162,348.0,492.0
3.4215,262.0,494.0
3.4256,-313.0,494.0
3.431,-343.0,498.0
3.4363,166.0,498.0
3.4413,316.0,496.0
3.4462,-99.0,494.0
3.4508,-194.0,486.0
3.4556,142.0,488.0
3.4609,13.0,480.0
3.4659,-217.0,476.0
3.4713,146.0,478.0
3.4769,222.0,478.0
3.4828,-172.0,474.0
3.4858,-66.0,474.0
3.492,51.0,466.0
3.4967,-214.0,464.0
3.5012,96.0,458.0
3.5058,459.0,458.0
3.511,-160.0,458.0
3.5158,-504.0,464.0
3.5211,140.0,464.0
3.5261,296.0,466.0
3.5312,-103.0,464.0
3.5369,15.0,458.0
3.5407,104.0,458.0
3.5459,-153.0,454.0
3.5513,-123.0,452.0
3.5556,43.0,446.0
3.5633,106.0,444.0
3.5657,62.0,440.0
3.5711,-116.0,436.0
3.5761,20.0,432.0
3.5809,245.0,430.0
3.5857,-145.0,422.0
3.5908,-389.0,422.0
3.5958,113.0,412.0
3.6016,333.0,408.0
3.6057,-23.0,398.0
3.6108,-55.0,390.0
3.6157,122.0,388.0
3.6207,-227.0,388.0
3.6257,-387.0,394.0
3.6306,320.0,394.0
3.6358,532.0,402.0
3.6409,-277.0,398.0
3.6467,-394.0,402.0
3.6507,273.0,396.0
3.6556,102.0,396.0
3.6607,-337.0,396.0
3.666,111.0,398.0
3.6708,342.0,400.0
3.6758,-141.0,402.0
3.6805,-186.0,400.0
3.6857,56.0,398.0
3.6906,-61.0,394.0
3.6957,25.0,394.0
3.7005,198.0,394.0
3.7057,-83.0,394.0
3.7106,-117.0,396.0
3.7158,154.0,396.0
3.7208,-80.0,394.0
3.7261,-214.0,394.0
3.7313,224.0,394.0
3.736,197.0,394.0
3.7409,-228.0,396.0
3.7459,-96.0,396.0
3.7512,146.0,396.0
3.756,-40.0,396.0
3.7606,-78.0,394.0
3.7656,196.0,394.0
3.7707,43.0,394.0
3.7757,-359.0,398.0
3.7813,-27.0,394.0
3.786,422.0,400.0
3.7905,19.0,394.0
3.7958,-281.0,394.0
3.8009,21.0,388.0
3.806,-22.0,384.0
3.8113,-90.0,384.0
3.816,353.0,386.0
3.8214,143.0,384.0
3.8258,-560.0,388.0
3.8307,-145.0,382.0
3.8359,528.0,388.0
3.8412,28.0,382.0
3.8457,-304.0,386.0
3.8508,230.0,384.0
3.8558,116.0,386.0
3.8607,-445.0,386.0
3.8662,-91.0,386.0
3.871,414.0,386.0
3.876,124.0,386.0
3.8808,-227.0,386.0
3.8857,-93.0,386.0
3.8918,147.0,386.0
3.897,36.0,384.0
3.9012,-208.0,382.0
3.906,-22.0,380.0
3.9109,219.0,378.0
3.9158,30.0,376.0
3.921,-89.0,372.0
3.9261,-21.0,370.0
3.9313,-60.0,366.0
3.9363,8.0,364.0
3.9407,86.0,362.0
3.9456,-31.0,362.0
3.9511,23.0,362.0
3.9563,122.0,364.0
3.9607,-184.0,366.0
3.9656,-280.0,370.0
3.9707,297.0,372.0
3.9758,446.0,378.0
3.9814,-299.0,380.0
3.9867,-510.0,386.0
3.9911,200.0,388.0
3.9956,409.0,390.0
4.0008,-75.0,388.0
4.0059,-236.0,384.0
4.0111,-48.0,378.0
4.0164,116.0,376.0
4.0206,220.0,368.0
4.0258,-12.0,368.0
4.0309,-418.0,366.0
4.0359,-154.0,370.0
4.0407,516.0,374.0
4.0456,285.0,376.0
4.0506,-448.0,380.0
4.0556,-245.0,378.0
4.0606,275.0,378.0
4.0657,84.0,374.0
4.0708,-89.0,370.0
4.0756,35.0,368.0
4.0806,-70.0,364.0
4.0856,-51.0,364.0
4.0905,214.0,364.0
4.0957,18.0,362.0
4.1012,-326.0,368.0
4.1056,-13.0,364.0
4.1106,338.0,368.0
4.1156,62.0,364.0
4.1206,-197.0,366.0
4.1258,-117.0,366.0
4.1306,-43.0,366.0
4.1357,100.0,364.0
4.1406,216.0,366.0
4.1459,-26.0,360.0
4.151,-210.0,360.0
4.1557,2.0,352.0
4.1607,98.0,352.0
4.1656,-46.0,348.0
4.1712,30.0,346.0
4.1756,68.0,348.0
4.181,-201.0,348.0
4.1857,-50.0,348.0
4.1906,422.0,352.0
4.1955,91.0,352.0
4.2006,-572.0,360.0
4.2057,-241.0,362.0
4.2107,531.0,370.0
4.2156,381.0,374.0
4.2206,-338.0,376.0
4.2256,-378.0,380.0
4.2306,151.0,376.0
4.2357,281.0,378.0
4.2407,-79.0,374.0
4.2456,-235.0,378.0
4.2506,100.0,378.0
4.2556,290.0,382.0
4.2606,-119.0,380.0
4.2657,-390.0,380.0
4.2707,73.0,376.0
4.2757,441.0,374.0
4.2806,-10.0,370.0
4.2856,-363.0,370.0
4.2907,56.0,366.0
4.2957,185.0,368.0
4.3018,-218.0,366.0
4.3064,-61.0,366.0
4.3105,320.0,364.0
4.3157,75.0,364.0
4.3207,-240.0,364.0
4.3257,-109.0,366.0
4.3307,92.0,366.0
4.3356,43.0,366.0
4.3406,-83.0,364.0
4.3456,25.0,364.0
4.3509,230.0,366.0
4.3557,64.0,364.0
4.3609,-349.0,368.0
4.3656,-222.0,368.0
4.3706,334.0,370.0
4.3758,201.0,370.0
4.3809,-262.0,370.0
4.3857,69.0,370.0
4.3906,221.0,372.0
4.3956,-402.0,376.0
4.4006,-220.0,380.0
4.4066,555.0,384.0
4.4114,232.0,388.0
4.4158,-455.0,390.0
4.4207,-216.0,392.0
4.4265,232.0,390.0
4.431,131.0,390.0
4.4365,-64.0,388.0
4.4406,0.0,388.0
4.4457,8.0,386.0
4.4506,-63.0,386.0
4.4555,1.0,382.0
4.4608,-43.0,380.0
4.466,-48.0,372.0
4.4707,283.0,374.0
4.4756,147.0,368.0
4.4807,-486.0,374.0
4.4857,-243.0,374.0
4.4909,497.0,378.0
4.4957,251.0,380.0
4.5008,-331.0,378.0
4.5069,-129.0,378.0
4.5105,154.0,374.0
4.5161,-30.0,374.0
4.5207,-124.0,372.0
4.5257,64.0,372.0
4.5308,232.0,372.0
4.5356,52.0,372.0
4.5406,-317.0,374.0
4.5456,-158.0,376.0
4.5516,242.0,378.0
4.5557,110.0,378.0
4.5608,-72.0,378.0
4.5656,44.0,378.0
4.5706,12.0,378.0
4.5756,-137.0,380.0
4.5809,-123.0,380.0
4.5856,86.0,382.0
4.5907,202.0,384.0
4.5956,-21.0,382.0
4.6006,-84.0,380.0
4.6056,126.0,378.0
4.6114,-97.0,376.0
4.6156,-353.0,374.0
4.6207,163.0,372.0
4.6256,475.0,372.0
4.6306,-161.0,370.0
4.6359,-399.0,370.0
4.6427,209.0,372.0
4.6456,225.0,372.0
4.6506,-288.0,376.0
4.6556,-25.0,374.0
4.6606,321.0,376.0
4.6657,-197.0,380.0
4.6708,-249.0,376.0
4.6758,390.0,380.0
4.6807,50.0,372.0
4.6856,-488.0,376.0
4.6907,184.0,372.0
4.6958,466.0,376.0
4.7007,-304.0,376.0
4.7057,-314.0,380.0
4.7106,263.0,382.0
4.7165,66.0,382.0
4.721,-124.0,384.0
4.7258,176.0,386.0
4.7306,-34.0,382.0
4.7356,-341.0,388.0
4.7406,148.0,384.0
4.7456,445.0,392.0
4.7507,-147.0,388.0
4.7558,-487.0,396.0
4.7608,12.0,392.0
4.7656,397.0,396.0
4.7705,158.0,398.0
4.7756,-176.0,400.0
4.781,-231.0,400.0
4.7859,-34.0,400.0
4.7906,187.0,400.0
4.7956,78.0,400.0
4.8006,-113.0,402.0
4.8056,39.0,402.0
4.8107,76.0,402.0
4.8163,-149.0,404.0
4.8207,-50.0,400.0
4.8256,144.0,402.0
4.8305,-8.0,396.0
4.8356,-81.0,396.0
4.8408,31.0,388.0
4.8457,21.0,384.0
4.8506,80.0,376.0
4.8556,82.0,372.0
4.8606,-271.0,370.0
4.8659,-256.0,370.0
4.8708,360.0,372.0
4.8756,380.0,374.0
4.8806,-272.0,376.0
4.8858,-317.0,378.0
4.8909,123.0,378.0
4.8957,121.0,376.0
4.9007,-73.0,376.0
4.9056,11.0,370.0
4.9107,116.0,370.0
4.9157,-19.0,364.0
4.9213,-119.0,364.0
4.9256,47.0,360.0
4.9308,49.0,360.0
4.9356,-187.0,360.0
4.9406,-9.0,356.0
4.9458,311.0,360.0
4.9506,64.0,356.0
4.9558,-273.0,360.0
4.9608,-169.0,358.0
4.9656,111.0,358.0
4.9706,227.0,360.0
4.9756,-6.0,360.0
4.9807,-194.0,362.0
4.9857,71.0,362.0
4.9908,132.0,362.0
4.9956,-236.0,364.0
5.0007,-124.0,360.0
5.0058,327.0,362.0
5.0109,165.0,360.0
5.0158,-238.0,360.0
5.0208,-171.0,358.0
5.0256,13.0,358.0
5.0306,88.0,356.0
5.0357,214.0,352.0
5.0407,61.0,350.0
5.0459,-323.0,346.0
5.0506,-215.0,346.0
5.0556,255.0,344.0
5.0606,279.0,344.0
5.0658,-74.0,342.0
5.0707,-195.0,342.0
5.0757,-82.0,342.0
5.0806,18.0,344.0
5.0856,109.0,344.0
5.0908,124.0,346.0
5.0958,12.0,346.0
5.1008,-139.0,348.0
5.1056,-203.0,350.0
5.1106,16.0,346.0
5.1164,333.0,348.0
5.1213,168.0,344.0
5.1256,-340.0,346.0
5.1308,-306.0,342.0
5.1357,265.0,342.0
5.1406,339.0,342.0
5.1457,-205.0,344.0
5.1509,-266.0,346.0
5.1558,233.0,348.0
5.1607,110.0,348.0
5.1656,-350.0,352.0
5.1706,74.0,350.0
5.1756,467.0,356.0
5.1809,-203.0,354.0
5.1856,-481.0,360.0
5.1907,198.0,360.0
5.1956,364.0,364.0
5.2006,-64.0,364.0
5.2062,-193.0,366.0
5.2106,-79.0,366.0
5.2156,73.0,366.0
5.2207,115.0,366.0
5.2256,-46.0,364.0
5.2306,-52.0,362.0
5.2374,96.0,364.0
5.2406,3.0,362.0
5.2456,-183.0,364.0
5.2506,-64.0,362.0
5.2556,220.0,360.0
5.2608,201.0,362.0
5.2659,-144.0,356.0
5.2708,-243.0,358.0
5.2756,41.0,352.0
5.2806,126.0,350.0
5.2855,-5.0,348.0
5.2906,15.0,342.0
5.2957,14.0,342.0
5.3006,-81.0,338.0
5.3057,-32.0,336.0
5.3108,134.0,334.0
5.3156,63.0,330.0
5.3206,-233.0,332.0
5.3265,-92.0,326.0
5.331,341.0,328.0
5.3356,86.0,322.0
5.3406,-387.0,324.0
5.3456,-36.0,320.0
5.3508,325.0,320.0
5.3557,-46.0,320.0
5.3606,-173.0,320.0
5.3656,129.0,320.0
5.3705,12.0,320.0
5.3757,-185.0,318.0
5.3806,83.0,316.0
5.3857,192.0,312.0
5.3908,-98.0,312.0
5.3956,-149.0,306.0
5.4006,73.0,308.0
5.4056,90.0,302.0
5.4108,-81.0,302.0
5.4157,-69.0,300.0
5.4206,162.0,298.0
5.4256,117.0,300.0
5.4315,-256.0,300.0
5.4356,-192.0,302.0
5.4406,268.0,306.0
5.4457,204.0,308.0
5.4506,-207.0,310.0
5.4557,-129.0,310.0
5.4606,156.0,312.0
5.4656,26.0,310.0
5.4706,-140.0,312.0
5.4756,59.0,312.0
5.4806,123.0,312.0
5.4856,-114.0,314.0
5.4906,-115.0,314.0
5.4957,133.0,316.0
5.5007,131.0,314.0
5.5057,-113.0,310.0
5.5107,-115.0,306.0
5.5156,69.0,302.0
5.5207,39.0,298.0
5.5255,-50.0,294.0
5.5307,39.0,294.0
5.5356,87.0,292.0
5.5406,-85.0,292.0
5.5458,-154.0,294.0
5.5506,111.0,294.0
5.5557,184.0,298.0
5.5606,-131.0,298.0
5.5656,-140.0,300.0
5.5706,188.0,302.0
5.5756,77.0,300.0
5.5808,-301.0,304.0
5.5858,-81.0,300.0
5.5906,398.0,306.0
5.5956,132.0,304.0
5.6006,-395.0,308.0
5.6056,-129.0,308.0
5.6106,307.0,308.0
5.6157,68.0,310.0
5.6207,-203.0,310.0
5.6256,-52.0,310.0
5.6306,88.0,308.0
5.6356,92.0,306.0
5.6407,56.0,306.0
5.646,-64.0,302.0
5.6508,-160.0,302.0
5.6556,-60.0,298.0
5.6606,117.0,298.0
5.6658,136.0,300.0
5.6708,74.0,300.0
5.6758,-44.0,296.0
5.6807,-279.0,300.0
5.6856,-171.0,298.0
5.6905,334.0,300.0
5.6957,344.0,300.0
5.7008,-197.0,300.0
5.7057,-318.0,304.0
5.7106,1.0,300.0
5.7156,85.0,300.0
5.7211,88.0,302.0
5.7256,193.0,302.0
5.7308,-65.0,302.0
5.7357,-348.0,308.0
5.7413,55.0,306.0
5.7456,339.0,308.0
5.7506,-124.0,310.0
5.7558,-218.0,308.0
5.7611,204.0,308.0
5.7656,66.0,304.0
5.7706,-178.0,302.0
5.7756,32.0,298.0
5.7805,-10.0,294.0
5.7858,-59.0,292.0
5.7907,275.0,292.0
5.7955,55.0,288.0
5.8006,-434.0,294.0
5.8055,-59.0,288.0
5.8106,379.0,294.0
5.8156,89.0,288.0
5.8206,-173.0,288.0
5.8256,-155.0,282.0
5.8306,-7.0,280.0
5.8358,240.0,278.0
5.8407,54.0,278.0
5.8456,-314.0,280.0
5.8506,3.0,278.0
5.8556,333.0,282.0
5.8606,-98.0,282.0
5.866,-254.0,284.0
5.8707,210.0,288.0
5.8759,102.0,288.0
5.8806,-310.0,292.0
5.8856,40.0,290.0
5.8909,320.0,294.0
5.896,-115.0,292.0
5.9006,-215.0,292.0
5.9056,123.0,292.0
5.9105,85.0,290.0
5.9156,-93.0,290.0
5.9208,-52.0,290.0
5.9258,27.0,290.0
5.9307,152.0,292.0
5.9356,79.0,292.0
5.9409,-280.0,296.0
5.9457,-139.0,298.0
5.9513,293.0,300.0
5.9556,64.0,300.0
5.9609,-183.0,300.0
5.9655,60.0,298.0
5.9706,54.0,294.0
5.9756,-101.0,294.0
5.9805,4.0,288.0
5.9858,82.0,290.0
5.9906,50.0,286.0
5.9956,-81.0,286.0
6.0006,-189.0,286.0
6.0056,101.0,286.0
6.0105,276.0,290.0
6.0158,-155.0,290.0
6.0206,-222.0,292.0
6.0256,289.0,292.0
6.0306,121.0,294.0
6.0356,-441.0,298.0
6.0408,-127.0,298.0
6.0456,468.0,304.0
6.0506,244.0,308.0
6.0556,-342.0,312.0
6.0606,-317.0,314.0
6.0657,174.0,314.0
6.0706,235.0,314.0
6.0757,-80.0,312.0
6.0806,-64.0,310.0
6.0855,95.0,308.0
6.0905,-66.0,306.0
6.0957,-202.0,306.0
6.1006,88.0,306.0
6.1057,365.0,310.0
6.1105,-10.0,308.0
6.1156,-541.0,316.0
6.1207,-110.0,316.0
6.1256,659.0,324.0
6.1307,212.0,326.0
6.1356,-641.0,334.0
6.1407,-242.0,336.0
6.1456,483.0,342.0
6.1517,178.0,342.0
6.1558,-265.0,346.0
6.1606,-76.0,346.0
6.1655,58.0,346.0
6.1706,28.0,346.0
6.1756,136.0,346.0
6.1809,-12.0,346.0
6.1857,-319.0,348.0
6.1906,-55.0,348.0
6.1955,424.0,352.0
6.2006,160.0,352.0
6.2058,-379.0,356.0
6.2107,-215.0,356.0
6.2157,212.0,358.0
6.2214,181.0,356.0
6.2256,-36.0,356.0
6.2306,-85.0,350.0
6.2358,-23.0,348.0
6.2407,-3.0,342.0
6.2457,-58.0,342.0
6.2506,17.0,338.0
6.2556,177.0,338.0
6.2605,53.0,336.0
6.2657,-197.0,338.0
6.2708,-131.0,340.0
6.2757,83.0,340.0
6.2806,114.0,340.0
6.2857,63.0,340.0
6.2905,-1.0,338.0
6.2957,-122.0,338.0
6.3006,-94.0,338.0
6.3056,95.0,338.0
6.3106,72.0,338.0
6.3168,-70.0,338.0
6.3211,58.0,334.0
6.3257,79.0,334.0
6.3307,-210.0,332.0
6.3357,-124.0,328.0
6.3408,300.0,330.0
6.3458,198.0,328.0
6.3508,-307.0,332.0
6.3556,-224.0,334.0
6.3605,288.0,338.0
6.3655,130.0,336.0
6.3706,-302.0,340.0
6.3758,28.0,336.0
6.3806,325.0,340.0
6.3857,-135.0,336.0
6.3908,-241.0,338.0
6.3956,152.0,338.0
6.4005,1.0,334.0
6.4055,-128.0,334.0
6.4107,274.0,336.0
6.4158,90.0,338.0
6.4207,-438.0,344.0
6.4255,-14.0,344.0
6.4305,490.0,346.0
6.4355,-85.0,348.0
6.4409,-529.0,348.0
6.4456,136.0,350.0
6.4505,581.0,352.0
6.4556,-125.0,354.0
6.4613,-569.0,360.0
6.4659,108.0,358.0
6.4708,450.0,366.0
6.4756,-113.0,364.0
6.4823,-267.0,368.0
6.4856,130.0,364.0
6.4906,92.0,366.0
6.4959,-139.0,362.0
6.5005,15.0,362.0
6.5056,118.0,360.0
6.5105,-47.0,356.0
6.5155,-63.0,356.0
6.5208,51.0,352.0
6.5255,-7.0,352.0
6.5306,-80.0,348.0
6.5355,69.0,348.0
6.5406,150.0,346.0
6.5456,-90.0,346.0
6.5509,-192.0,348.0
6.5556,64.0,346.0
6.5613,111.0,348.0
6.5656,-64.0,348.0
6.5706,53.0,346.0
6.5756,118.0,348.0
6.5806,-166.0,346.0
6.5858,-122.0,346.0
6.5907,204.0,344.0
6.5963,23.0,344.0
6.6005,-242.0,344.0
6.6056,58.0,344.0
6.6107,272.0,348.0
6.6159,-11.0,346.0
6.6207,-233.0,350.0
6.6255,-142.0,350.0
6.6307,143.0,352.0
6.6355,303.0,356.0
6.6438,-71.0,354.0
6.6456,-378.0,358.0
6.6506,45.0,354.0
6.6555,348.0,358.0
6.6607,-40.0,354.0
6.6657,-275.0,354.0
6.6707,23.0,352.0
6.6755,215.0,350.0
6.6806,28.0,348.0
6.6857,-172.0,344.0
6.6906,-143.0,342.0
6.6959,109.0,338.0
6.7007,302.0,338.0
6.7056,10.0,336.0
6.7106,-403.0,338.0
6.7157,-185.0,340.0
6.7208,351.0,344.0
6.7258,359.0,348.0
6.7308,-159.0,350.0
6.7357,-462.0,354.0
6.7406,-66.0,354.0
6.7456,473.0,354.0
6.7506,209.0,358.0
6.7557,-415.0,356.0
6.7618,-239.0,358.0
6.7656,300.0,352.0
6.7706,165.0,352.0
6.7756,-163.0,344.0
6.7808,3.0,340.0
6.7857,74.0,334.0
6.7908,-186.0,334.0
6.7956,-63.0,332.0
6.8005,241.0,334.0
6.806,96.0,334.0
6.8107,-142.0,336.0
6.8158,-133.0,336.0
6.8208,0.0,336.0
6.8256,169.0,334.0
6.8305,90.0,334.0
6.8356,-221.0,330.0
6.8406,-123.0,330.0
6.8457,293.0,328.0
6.8506,122.0,328.0
6.8556,-335.0,330.0
6.8606,-105.0,328.0
6.8657,272.0,332.0
6.8708,44.0,332.0
6.8758,-91.0,332.0
6.8805,98.0,334.0
6.8856,-99.0,334.0
6.8906,-270.0,338.0
6.8957,172.0,338.0
6.9007,340.0,342.0
6.9058,-120.0,342.0
6.9106,-246.0,344.0
6.9156,63.0,344.0
6.9206,104.0,342.0
6.9258,-74.0,344.0
6.9308,-102.0,344.0
6.9356,75.0,344.0
6.9405,256.0,346.0
6.9457,26.0,346.0
6.9507,-364.0,350.0
6.9556,-152.0,352.0
6.9608,293.0,354.0
6.9665,158.0,356.0
6.9708,-143.0,356.0
6.9758,-57.0,354.0
6.9809,41.0,350.0
6.9856,-17.0,348.0
6.9907,42.0,344.0
6.9955,41.0,340.0
7.0006,-156.0,338.0
7.0055,-88.0,338.0
7.0107,238.0,336.0
7.0157,150.0,338.0
7.0206,-242.0,338.0
7.0256,-147.0,338.0
7.0305,232.0,338.0
7.0355,78.0,336.0
7.0405,-271.0,340.0
7.0456,-6.0,338.0
7.0506,320.0,338.0
7.0556,-53.0,338.0
7.0607,-315.0,336.0
7.067,120.0,338.0
7.0706,279.0,334.0
7.0755,-161.0,336.0
7.0806,-270.0,332.0
7.0856,127.0,332.0
7.0909,271.0,328.0
7.0956,-29.0,326.0
7.1006,-201.0,320.0
7.1055,-71.0,320.0
7.1105,41.0,312.0
7.1155,77.0,312.0
7.1207,98.0,310.0
7.1256,48.0,308.0
7.1306,-89.0,308.0
7.1355,-178.0,308.0
7.1405,-35.0,310.0
7.1458,181.0,310.0
7.1508,111.0,312.0
7.1556,-112.0,312.0
7.1606,-41.0,312.0
7.1656,109.0,314.0
7.1706,-101.0,314.0
7.1756,-197.0,316.0
7.1806,185.0,316.0
7.1856,283.0,320.0
7.1907,-179.0,320.0
7.1956,-283.0,322.0
7.2006,151.0,324.0
7.2059,181.0,324.0
7.2107,-143.0,326.0
7.2157,-32.0,324.0
7.2207,111.0,324.0
7.2255,-97.0,324.0
7.2305,-32.0,322.0
7.2358,168.0,324.0
7.2405,-31.0,320.0
7.2456,-161.0,322.0
7.2506,10.0,318.0
7.2555,92.0,318.0
7.2607,66.0,316.0
7.2658,-15.0,314.0
7.2706,-95.0,314.0
7.2755,-15.0,308.0
7.2805,26.0,308.0
7.2855,3.0,302.0
7.2906,93.0,304.0
7.2955,7.0,298.0
7.3007,-187.0,300.0
7.3057,24.0,296.0
7.3105,220.0,300.0
7.3155,-113.0,298.0
7.3206,-198.0,300.0
7.3256,210.0,300.0
7.3307,117.0,300.0
7.3356,-241.0,302.0
7.3405,40.0,298.0
7.3457,201.0,302.0
7.3507,-218.0,298.0
7.3557,-148.0,298.0
7.3606,311.0,298.0
7.3656,99.0,294.0
7.3707,-274.0,296.0
7.3756,-27.0,288.0
7.3809,187.0,290.0
7.3855,-56.0,284.0
7.3905,-170.0,284.0
7.3962,76.0,278.0
7.401,236.0,278.0
7.406,18.0,274.0
7.4106,-269.0,274.0
7.4157,-204.0,276.0
7.4206,166.0,278.0
7.4255,421.0,284.0
7.4306,62.0,282.0
7.4357,-573.0,290.0
7.4408,-286.0,290.0
7.4457,554.0,298.0
7.4507,315.0,300.0
7.4556,-381.0,304.0
7.4606,-52.0,304.0
7.4657,226.0,306.0
7.4709,-318.0,310.0
7.4757,-203.0,310.0
7.4806,441.0,314.0
7.4863,178.0,312.0
7.4906,-187.0,314.0
7.4955,31.0,308.0
7.5006,-199.0,310.0
7.5061,-355.0,312.0
7.5106,412.0,316.0
7.5157,528.0,324.0
7.5208,-381.0,328.0
7.5264,-429.0,334.0
7.5306,284.0,334.0
7.5356,236.0,334.0
7.5405,-270.0,334.0
7.5456,-169.0,334.0
7.5506,240.0,334.0
7.5557,211.0,336.0
7.5607,-86.0,336.0
7.5656,-230.0,338.0
7.5706,-44.0,338.0
7.5756,218.0,340.0
7.5807,-12.0,336.0
7.5856,-258.0,340.0
7.5906,199.0,338.0
7.5955,400.0,342.0
7.6005,-351.0,342.0
7.6056,-570.0,348.0
7.6105,370.0,352.0
7.6157,607.0,360.0
7.6215,-280.0,364.0
7.6255,-452.0,372.0
7.6306,128.0,372.0
7.6355,196.0,374.0
7.6405,79.0,374.0
7.6457,54.0,374.0
7.6506,-304.0,374.0
7.6556,-232.0,376.0
7.6605,454.0,378.0
7.6656,294.0,382.0
7.6708,-464.0,384.0
7.6756,-227.0,388.0
7.681,381.0,388.0
7.6856,80.0,390.0
7.6906,-327.0,390.0
7.6955,28.0,390.0
7.7011,350.0,390.0
7.7056,0.0,388.0
7.7106,-372.0,390.0
7.7157,-114.0,388.0
7.7205,277.0,390.0
7.7256,148.0,390.0
7.7307,-41.0,386.0
7.7355,28.0,386.0
7.7405,-179.0,386.0
7.7455,-353.0,390.0
7.7506,195.0,392.0
7.7557,588.0,400.0
7.7607,-53.0,400.0
7.7656,-612.0,408.0
7.7705,-29.0,408.0
7.7756,552.0,414.0
7.7806,-4.0,412.0
7.7865,-524.0,418.0
7.7906,-12.0,416.0
7.7956,463.0,422.0
7.8006,194.0,424.0
7.8058,-276.0,428.0
7.8108,-416.0,432.0
7.8157,32.0,430.0
7.8206,498.0,434.0
7.8256,108.0,432.0
7.8305,-432.0,436.0
7.8359,-113.0,432.0
7.8406,326.0,436.0
7.8457,82.0,434.0
7.8506,-262.0,436.0
7.8556,-88.0,436.0
7.8606,267.0,440.0
7.8657,119.0,440.0
7.8707,-304.0,444.0
7.8757,-114.0,444.0
7.8806,321.0,448.0
7.8861,53.0,446.0
7.8906,-317.0,450.0
7.8966,-4.0,450.0
7.9005,266.0,452.0
7.9056,-40.0,452.0
7.9105,-136.0,454.0
7.9155,212.0,456.0
7.9208,17.0,456.0
7.9258,-489.0,464.0
7.931,-5.0,462.0
7.9357,645.0,472.0
7.9405,37.0,470.0
7.9456,-595.0,480.0
7.9506,-17.0,476.0
7.9557,504.0,482.0
7.9613,-36.0,480.0
7.9655,-491.0,484.0
7.9705,71.0,484.0
7.9756,491.0,488.0
7.9809,-85.0,488.0
7.9856,-405.0,492.0
7.9906,103.0,490.0
7.9956,234.0,490.0
8.0006,-140.0,488.0
8.0057,-67.0,488.0
8.0107,191.0,486.0
8.0156,-42.0,486.0
8.0206,-229.0,486.0
8.0256,128.0,488.0
8.0305,255.0,490.0
8.0357,-198.0,492.0
8.0406,-286.0,492.0
8.0457,193.0,494.0
8.0505,289.0,496.0
8.0555,-115.0,494.0
8.0607,-204.0,494.0
8.0657,49.0,488.0
8.0707,4.0,488.0
8.0758,-86.0,480.0
8.0805,279.0,480.0
8.0856,268.0,476.0
8.0907,-491.0,478.0
8.0956,-492.0,480.0
8.1005,470.0,486.0
8.1055,499.0,490.0
8.1105,-323.0,490.0
8.1155,-200.0,490.0
8.1207,319.0,488.0
8.1257,-137.0,488.0
8.1316,-474.0,492.0
8.1357,226.0,496.0
8.1405,523.0,500.0
8.1456,-158.0,498.0
8.1507,-324.0,496.0
8.1557,261.0,492.0
8.1608,89.0,488.0
8.1656,-577.0,490.0
8.1705,-62.0,486.0
8.1755,743.0,494.0
8.1808,109.0,492.0
8.1858,-555.0,498.0
8.1906,31.0,494.0
8.1964,285.0,496.0
8.2007,-240.0,498.0
8.2058,-194.0,498.0
8.2106,164.0,500.0
8.2156,134.0,498.0
8.2206,182.0,500.0
8.2255,116.0,498.0
8.2305,-365.0,502.0
8.2356,-426.0,502.0
8.2407,143.0,498.0
8.2456,470.0,496.0
8.2506,188.0,494.0
8.2555,-207.0,488.0
8.2607,-223.0,486.0
8.2656,-71.0,480.0
8.2705,-16.0,480.0
8.2756,126.0,478.0
8.2806,170.0,480.0
8.2855,-28.0,480.0
8.2906,-20.0,474.0
8.2956,-19.0,472.0
8.3019,-285.0,468.0
8.3056,-66.0,466.0
8.3105,467.0,466.0
8.3155,202.0,464.0
8.3208,-380.0,464.0
8.3258,-233.0,468.0
8.3307,119.0,464.0
8.3356,87.0,464.0
8.3405,96.0,460.0
8.3455,103.0,462.0
8.3506,-185.0,460.0
8.3557,-155.0,460.0
8.3607,282.0,460.0
8.3655,82.0,460.0
8.3706,-458.0,466.0
8.3758,-60.0,466.0
8.3807,555.0,472.0
8.3858,146.0,468.0
8.3915,-411.0,472.0
8.3956,-172.0,466.0
8.4006,108.0,466.0
8.4057,-4.0,458.0
8.4107,126.0,458.0
8.4156,312.0,454.0
8.4207,-164.0,458.0
8.4262,-549.0,458.0
8.4306,41.0,458.0
8.4355,558.0,460.0
8.4406,78.0,458.0
8.4457,-362.0,460.0
8.4506,-31.0,454.0
8.4555,146.0,454.0
8.4606,-141.0,450.0
8.4658,-51.0,448.0
8.4708,234.0,446.0
8.4758,-27.0,444.0
8.4805,-204.0,442.0
8.4857,232.0,444.0
8.4906,261.0,444.0
8.4958,-407.0,450.0
8.5007,-461.0,452.0
8.5058,283.0,456.0
8.5105,519.0,458.0
8.5156,15.0,456.0
8.5206,-233.0,456.0
8.5257,-68.0,456.0
8.5307,-170.0,454.0
8.5357,-227.0,456.0
8.5406,351.0,458.0
8.5456,500.0,466.0
8.5506,-315.0,468.0
8.5557,-428.0,472.0
8.5609,344.0,476.0
8.5656,135.0,472.0
8.5705,-529.0,480.0
8.5755,67.0,470.0
8.5808,649.0,480.0
8.5856,-102.0,472.0
8.5907,-563.0,480.0
8.5956,106.0,474.0
8.6005,422.0,480.0
8.6055,-164.0,476.0
8.6106,-434.0,482.0
8.6156,208.0,476.0
8.6207,602.0,484.0
8.6256,-131.0,480.0
8.6305,-759.0,490.0
8.6355,-91.0,488.0
8.6447,710.0,498.0
8.6463,333.0,502.0
8.6505,-390.0,504.0
8.6555,-361.0,510.0
8.6607,-42.0,506.0
8.6656,99.0,506.0
8.6707,324.0,508.0
8.6758,233.0,508.0
8.6807,-359.0,510.0
8.6856,-366.0,512.0
8.6906,269.0,512.0
8.6956,275.0,514.0
8.7008,-187.0,514.0
8.7056,-122.0,514.0
8.7106,145.0,518.0
8.7158,59.0,516.0
8.7205,-117.0,514.0
8.7261,-123.0,512.0
8.7311,59.0,506.0
8.7357,209.0,500.0
8.7407,43.0,494.0
8.7461,-166.0,488.0
8.7509,-134.0,486.0
8.756,-14.0,482.0
8.761,159.0,480.0
8.766,189.0,482.0
8.7706,-156.0,476.0
8.7758,-237.0,476.0
8.7814,204.0,472.0
8.786,165.0,472.0
8.7907,-296.0,472.0
8.7957,-18.0,468.0
8.8008,385.0,472.0
8.8058,-123.0,464.0
8.8122,-439.0,470.0
8.816,122.0,462.0
8.8207,386.0,466.0
8.8258,58.0,458.0
8.8307,-140.0,460.0
8.8358,-256.0,458.0
8.8413,-250.0,460.0
8.846,246.0,460.0
8.8508,548.0,466.0
8.8557,-19.0,464.0
8.861,-513.0,470.0
8.8662,-146.0,470.0
8.8712,235.0,468.0
8.877,31.0,462.0
8.881,-103.0,460.0
8.8857,202.0,456.0
8.8909,312.0,458.0
8.8962,-215.0,458.0
8.9011,-623.0,464.0
8.906,-56.0,464.0
8.9108,714.0,476.0
8.9156,333.0,478.0
8.921,-572.0,486.0
8.9261,-388.0,490.0
8.9312,397.0,496.0
8.9355,312.0,502.0
8.9408,-271.0,502.0
8.9457,-287.0,504.0
8.9506,118.0,500.0
8.9556,320.0,500.0
8.9608,79.0,496.0
8.9657,-337.0,498.0
8.9716,-229.0,500.0
8.976,301.0,502.0
8.9806,239.0,506.0
8.9862,-222.0,506.0
8.991,-91.0,506.0
8.9957,173.0,506.0
9.0007,-133.0,504.0
9.0055,-225.0,506.0
9.0108,287.0,502.0
9.0158,336.0,508.0
9.0205,-276.0,502.0
9.0255,-409.0,508.0
9.0305,140.0,502.0
9.0359,420.0,506.0
9.0411,9.0,506.0
9.0456,-395.0,512.0
9.0506,-116.0,512.0
9.0555,335.0,512.0
9.0608,196.0,512.0
9.0662,-235.0,508.0
9.0713,-262.0,510.0
9.0757,93.0,504.0
9.0808,262.0,506.0
9.0857,88.0,502.0
9.091,-109.0,504.0
9.0962,-225.0,504.0
9.1018,-154.0,504.0
9.1055,179.0,506.0
9.1105,285.0,508.0
9.1169,-14.0,508.0
9.1206,-124.0,506.0
9.1262,-23.0,502.0
9.1308,-148.0,500.0
9.1357,-121.0,496.0
9.1406,254.0,494.0
9.1458,255.0,492.0
9.1515,-147.0,486.0
9.1563,-228.0,490.0
9.1609,-20.0,486.0
9.1657,65.0,486.0
9.1707,111.0,486.0
9.1757,107.0,484.0
9.1815,-142.0,480.0
9.1863,-214.0,476.0
9.1915,214.0,474.0
9.1962,321.0,474.0
9.2009,-283.0,472.0
9.2055,-479.0,478.0
9.212,192.0,472.0
9.2171,535.0,480.0
9.2205,21.0,470.0
9.2259,-338.0,474.0
9.2307,-95.0,466.0
9.2358,25.0,464.0
9.2411,-99.0,460.0
9.2461,111.0,458.0
9.2507,372.0,458.0
9.2557,16.0,454.0
9.2607,-426.0,452.0
9.2662,-189.0,454.0
9.2712,207.0,444.0
9.2755,154.0,446.0
9.2808,50.0,436.0
9.2858,74.0,432.0
9.2908,-122.0,426.0
9.296,-294.0,426.0
9.3006,-28.0,426.0
9.3057,366.0,430.0
9.3107,325.0,430.0
9.3157,-248.0,430.0
9.322,-609.0,434.0
9.3256,-23.0,428.0
9.3306,679.0,436.0
9.3357,264.0,434.0
9.3407,-507.0,440.0
9.3458,-291.0,442.0
9.3512,274.0,444.0
9.3561,149.0,446.0
9.3611,-118.0,446.0
9.3657,26.0,444.0
9.3707,45.0,444.0
9.3759,-182.0,444.0
9.3813,-46.0,444.0
9.3858,234.0,444.0
9.3907,65.0,444.0
9.3956,-113.0,446.0
9.4007,21.0,444.0
9.406,-29.0,440.0
9.4113,-210.0,442.0
9.416,2.0,438.0
9.4207,325.0,440.0
9.4257,125.0,440.0
9.4306,-273.0,438.0
9.4355,-145.0,440.0
9.4412,161.0,438.0
9.447,25.0,436.0
9.4505,-105.0,430.0
9.4557,93.0,430.0
9.4605,103.0,426.0
9.4675,-120.0,426.0
9.4711,-110.0,426.0
9.4763,61.0,424.0
9.4808,99.0,420.0
9.4857,56.0,418.0
9.4909,-73.0,410.0
9.4965,-190.0,414.0
9.5005,62.0,406.0
9.5055,290.0,408.0
9.5107,-69.0,406.0
9.5157,-342.0,410.0
9.521,41.0,410.0
9.5259,350.0,412.0
9.5312,40.0,408.0
9.5369,-301.0,408.0
9.5411,-99.0,400.0
9.5456,232.0,404.0
9.5505,89.0,394.0
9.5561,-198.0,392.0
9.561,-80.0,384.0
9.5657,134.0,380.0
9.5707,120.0,376.0
9.5755,44.0,372.0
9.5809,-144.0,370.0
9.5855,-255.0,368.0
9.5907,128.0,370.0
9.5957,362.0,370.0
9.6008,-139.0,370.0
9.606,-365.0,372.0
9.6111,204.0,370.0
9.6164,353.0,372.0
9.621,-245.0,372.0
9.6257,-363.0,374.0
9.6308,193.0,376.0
9.6357,335.0,378.0
9.641,-80.0,378.0
9.6455,-224.0,378.0
9.651,-30.0,374.0
9.6557,87.0,370.0
9.6606,129.0,366.0
9.666,7.0,360.0
9.671,-228.0,362.0
9.6758,-97.0,356.0
9.6809,264.0,360.0
9.6859,228.0,358.0
9.6908,-145.0,358.0
9.6964,-343.0,358.0
9.701,-83.0,358.0
9.7057,379.0,360.0
9.7107,249.0,360.0
9.7159,-359.0,364.0
9.7207,-259.0,364.0
9.7258,319.0,366.0
9.731,171.0,368.0
9.7357,-246.0,368.0
9.7407,-88.0,368.0
9.7457,125.0,366.0
9.7506,66.0,362.0
9.7557,16.0,362.0
9.7605,-92.0,362.0
9.7656,-112.0,364.0
9.7705,158.0,364.0
9.7757,118.0,364.0
9.7808,-286.0,364.0
9.7858,-102.0,362.0
9.7906,448.0,366.0
9.7956,160.0,366.0
9.8006,-521.0,374.0
9.8056,-276.0,376.0
9.8107,418.0,382.0
9.8157,308.0,384.0
9.8206,-227.0,386.0
9.8256,-184.0,386.0
9.8317,102.0,384.0
9.8358,19.0,380.0
9.8407,-52.0,376.0
9.8456,81.0,370.0
9.8505,0.0,366.0
9.8555,-162.0,360.0
9.8607,26.0,360.0
9.8656,232.0,358.0
9.8705,37.0,358.0
9.8755,-197.0,360.0
9.8806,-144.0,362.0
9.8855,34.0,360.0
9.8907,209.0,358.0
9.8955,169.0,360.0
9.9006,-217.0,356.0
9.9056,-314.0,358.0
9.9105,204.0,358.0
9.9155,324.0,362.0
9.9208,-222.0,364.0
9.9255,-195.0,366.0
9.9305,269.0,368.0
9.9362,37.0,364.0
9.9406,-254.0,368.0
9.9456,53.0,362.0
9.9506,135.0,360.0
9.9559,-85.0,358.0
9.9606,-9.0,348.0
9.9655,91.0,350.0
9.9706,-52.0,340.0
9.9755,-86.0,336.0
9.9808,128.0,330.0
9.9857,153.0,328.0
9.9907,-237.0,328.0
9.9955,-374.0,332.0
10.0005,214.0,332.0
10.0056,599.0,342.0
10.0107,18.0,342.0
10.0158,-567.0,348.0
10.0207,-282.0,352.0
10.0256,227.0,350.0
10.0305,353.0,356.0
10.0358,220.0,358.0
10.0407,-178.0,360.0
10.0457,-505.0,366.0
10.0506,-91.0,366.0
10.0555,483.0,372.0
10.0606,239.0,372.0
10.0659,-256.0,374.0
10.0707,-199.0,372.0
10.0755,17.0,370.0
10.0805,81.0,368.0
10.0856,161.0,372.0
10.0907,32.0,370.0
10.0959,-284.0,372.0
10.1005,-165.0,374.0
10.1056,298.0,376.0
10.1105,290.0,380.0
10.1155,-152.0,380.0
10.1207,-273.0,384.0
10.1257,-60.0,384.0
10.1306,60.0,384.0
10.1356,147.0,382.0
10.1406,215.0,386.0
10.1457,-17.0,380.0
10.1508,-357.0,386.0
10.1556,-198.0,384.0
10.1605,290.0,388.0
10.1655,283.0,386.0
10.1705,-109.0,388.0
10.1756,-195.0,386.0
10.1808,-28.0,384.0
10.1855,111.0,382.0
10.1906,75.0,382.0
10.1955,-161.0,382.0
10.2006,-112.0,382.0
10.2056,240.0,384.0
10.2106,188.0,384.0
10.2158,-171.0,386.0
10.2206,-244.0,388.0
10.2255,-61.0,386.0
10.2305,195.0,386.0
10.2355,314.0,386.0
10.242,-21.0,384.0
10.2456,-412.0,384.0
10.2506,-178.0,384.0
10.2557,290.0,384.0
10.2607,252.0,384.0
10.2657,-52.0,378.0
10.2705,-140.0,378.0
10.2756,-132.0,374.0
10.2805,-64.0,374.0
10.2855,166.0,374.0
10.2906,197.0,376.0
10.2957,-76.0,376.0
10.3007,-132.0,376.0
10.3055,4.0,376.0
10.3105,-86.0,374.0
10.3156,-71.0,374.0
10.3207,256.0,372.0
10.3262,219.0,372.0
10.3307,-230.0,374.0
10.3356,-284.0,374.0
10.3405,26.0,372.0
10.3462,179.0,370.0
10.3505,213.0,368.0
10.3556,37.0,364.0
10.3606,-320.0,364.0
10.3655,-192.0,362.0
10.3706,222.0,364.0
10.3756,155.0,362.0
10.3808,-7.0,360.0
10.3857,17.0,360.0
10.3906,-168.0,360.0
10.3955,-162.0,362.0
10.4005,225.0,364.0
10.4056,171.0,366.0
10.4106,-186.0,366.0
10.4156,-36.0,366.0
10.4205,100.0,362.0
10.4255,-224.0,364.0
10.4307,-33.0,358.0
10.4355,560.0,364.0
10.4407,74.0,356.0
10.4456,-791.0,364.0
10.4505,-199.0,362.0
10.4555,732.0,368.0
10.4623,241.0,368.0
10.4664,-470.0,372.0
10.4712,-125.0,374.0
10.4755,279.0,378.0
10.4804,5.0,376.0
10.4855,-230.0,378.0
10.4907,-30.0,380.0
10.4957,179.0,380.0
10.5005,114.0,380.0
10.5058,-92.0,378.0
10.5109,-100.0,380.0
10.5157,110.0,378.0
10.5206,20.0,376.0
10.5256,-266.0,380.0
10.5306,-14.0,376.0
10.5358,375.0,380.0
10.5406,79.0,378.0
10.5456,-287.0,378.0
10.5509,-80.0,376.0
10.5561,81.0,372.0
10.5611,-28.0,368.0
10.5656,67.0,366.0
10.5706,153.0,366.0
10.5757,-116.0,366.0
10.5809,-215.0,366.0
10.5856,138.0,366.0
10.5905,210.0,368.0
10.5957,-160.0,370.0
10.6005,-147.0,372.0
10.6055,174.0,372.0
10.6106,60.0,372.0
10.6156,-190.0,374.0
10.6206,-31.0,374.0
10.6256,192.0,374.0
10.6305,87.0,372.0
10.6356,-154.0,368.0
10.6408,-152.0,366.0
10.6457,128.0,360.0
10.6511,162.0,362.0
10.6556,-176.0,356.0
10.6605,-143.0,354.0
10.6657,257.0,354.0
10.6706,114.0,350.0
10.6756,-303.0,352.0
10.6805,-50.0,350.0
10.6855,334.0,346.0
10.6907,-18.0,346.0
10.6957,-379.0,344.0
10.7005,19.0,340.0
10.7058,379.0,342.0
10.7105,38.0,340.0
10.7156,-296.0,344.0
10.7209,-68.0,344.0
10.7257,206.0,344.0
10.7306,51.0,346.0
10.7356,-196.0,344.0
10.7405,-53.0,342.0
10.7456,231.0,342.0
10.7507,91.0,338.0
10.7557,-215.0,338.0
10.7605,-88.0,336.0
10.7657,123.0,336.0
10.7706,-10.0,336.0
10.7755,9.0,334.0
10.781,183.0,334.0
10.7858,-120.0,336.0
10.7905,-374.0,336.0
10.7957,140.0,334.0
10.8005,504.0,338.0
10.8055,-52.0,334.0
10.8107,-504.0,340.0
10.8156,-69.0,338.0
10.8206,394.0,344.0
10.8257,142.0,344.0
10.8305,-273.0,348.0
10.8357,-160.0,348.0
10.8406,199.0,350.0
10.8456,158.0,348.0
10.8506,-150.0,348.0
10.8555,-140.0,346.0
10.8605,85.0,344.0
10.8657,73.0,344.0
10.8708,-13.0,342.0
10.8756,72.0,338.0
10.8806,12.0,338.0
10.8857,-229.0,334.0
10.8906,-134.0,334.0
10.8957,238.0,334.0
10.9007,252.0,334.0
10.9055,-67.0,334.0
10.9105,-162.0,334.0
10.9155,-96.0,334.0
10.9206,-127.0,334.0
10.9256,53.0,332.0
10.9309,366.0,336.0
10.9356,169.0,336.0
10.9405,-366.0,340.0
10.9456,-375.0,346.0
10.9505,199.0,348.0
10.9557,438.0,354.0
10.9605,-44.0,350.0
10.9658,-387.0,352.0
10.9705,-7.0,350.0
10.9758,316.0,350.0
10.9808,-6.0,350.0
10.9857,-271.0,352.0
10.9906,-2.0,348.0
10.9955,179.0,350.0
11.0005,22.0,346.0
11.0057,47.0,344.0
11.0106,60.0,340.0
11.0157,-288.0,342.0
11.0206,-263.0,346.0
11.0255,305.0,352.0
11.0308,406.0,354.0
11.0355,-77.0,354.0
11.0407,-308.0,354.0
11.0455,-176.0,354.0
11.0505,2.0,352.0
11.0556,249.0,356.0
11.0606,300.0,358.0
11.0656,-105.0,356.0
11.0706,-366.0,362.0
11.0755,-88.0,354.0
11.0808,118.0,356.0
11.0855,87.0,344.0
11.0905,222.0,344.0
11.0955,135.0,336.0
11.1005,-354.0,336.0
11.1055,-307.0,334.0
11.1105,268.0,336.0
11.1155,215.0,336.0
11.1207,-242.0,340.0
11.1255,8.0,336.0
11.1307,427.0,342.0
11.1356,-78.0,340.0
11.1406,-622.0,348.0
11.1456,-69.0,348.0
11.1505,547.0,356.0
11.1557,204.0,356.0
11.1605,-216.0,360.0
11.1658,-110.0,358.0
11.1708,-78.0,358.0
11.1756,-143.0,354.0
11.1808,121.0,356.0
11.1855,313.0,356.0
11.1905,21.0,354.0
11.1957,-269.0,358.0
11.2005,-133.0,360.0
11.2057,94.0,360.0
11.2106,118.0,360.0
11.2155,43.0,358.0
11.2205,-76.0,356.0
11.2255,-78.0,354.0
11.2305,109.0,354.0
11.2355,87.0,352.0
11.2407,-143.0,352.0
11.2456,-114.0,352.0
11.2505,64.0,352.0
11.2556,85.0,350.0
11.2605,76.0,350.0
11.2658,38.0,348.0
11.2706,-136.0,348.0
11.2756,-163.0,348.0
11.2805,79.0,348.0
11.2855,199.0,348.0
11.2904,2.0,346.0
11.2957,-177.0,346.0
11.3005,-43.0,344.0
11.3055,180.0,344.0
11.3105,73.0,342.0
11.3155,-220.0,342.0
11.3206,-126.0,342.0
11.3256,228.0,342.0
11.3307,172.0,344.0
11.3355,-159.0,340.0
11.3405,-175.0,342.0
11.3456,34.0,338.0
11.3505,125.0,338.0
11.3557,72.0,334.0
11.3605,-51.0,334.0
11.3655,-91.0,332.0
11.3705,31.0,332.0
11.3755,59.0,330.0
11.3806,-86.0,330.0
11.3856,-70.0,328.0
11.3905,123.0,328.0
11.3955,122.0,328.0
11.4005,-86.0,328.0
11.4057,-138.0,328.0
11.4105,32.0,328.0
11.4155,102.0,330.0
11.4205,-10.0,326.0
11.4258,-65.0,326.0
11.4305,-6.0,320.0
11.4356,65.0,318.0
11.4406,52.0,312.0
11.4456,-93.0,312.0
11.4505,-112.0,306.0
11.4555,117.0,308.0
11.4605,152.0,304.0
11.4659,-108.0,302.0
11.4707,-143.0,300.0
11.4758,78.0,300.0
11.4805,73.0,298.0
11.4855,-106.0,296.0
11.4906,-3.0,294.0
11.4955,245.0,296.0
11.5011,33.0,296.0
11.5056,-390.0,300.0
11.5106,-166.0,302.0
11.5157,370.0,308.0
11.5207,256.0,312.0
11.5257,-192.0,310.0
11.5308,-170.0,312.0
11.5355,64.0,308.0
11.5405,-22.0,304.0
11.5455,-113.0,306.0
11.5505,123.0,304.0
11.5556,231.0,306.0
11.5605,-51.0,306.0
11.5656,-236.0,308.0
11.5706,-99.0,304.0
11.5754,83.0,304.0
11.5807,188.0,300.0
11.5857,121.0,296.0
11.5906,-138.0,296.0
11.5956,-220.0,292.0
11.6006,6.0,292.0
11.6055,118.0,288.0
11.6105,51.0,288.0
11.6161,97.0,284.0
11.6206,37.0,284.0
11.6255,-219.0,284.0
11.6305,-141.0,286.0
11.6355,127.0,286.0
11.6405,68.0,286.0
11.6456,58.0,286.0
11.6505,186.0,288.0
11.6555,-129.0,286.0
11.6605,-401.0,288.0
11.6656,52.0,284.0
11.6705,377.0,284.0
11.6756,14.0,282.0
11.6807,-163.0,280.0
11.6855,46.0,278.0
11.6905,-10.0,278.0
11.6957,-139.0,276.0
11.7006,20.0,272.0
11.7056,90.0,272.0
11.7105,36.0,268.0
11.7155,90.0,268.0
11.7217,-15.0,266.0
11.7256,-200.0,268.0
11.7307,-88.0,266.0
11.7355,106.0,264.0
11.7405,158.0,262.0
11.7455,115.0,258.0
11.7506,-104.0,256.0
11.7556,-306.0,258.0
11.7605,-61.0,254.0
11.7655,364.0,260.0
11.7705,249.0,258.0
11.7755,-254.0,260.0
11.7816,-344.0,256.0
11.7854,39.0,256.0
11.7906,273.0,252.0
11.7955,75.0,250.0
11.8005,-138.0,248.0
11.8057,24.0,246.0
11.8107,124.0,248.0
11.8156,-183.0,248.0
11.8205,-230.0,250.0
11.8255,224.0,248.0
11.8305,301.0,252.0
11.8356,-151.0,250.0
11.8406,-297.0,254.0
11.8455,33.0,252.0
11.8505,277.0,254.0
11.8555,103.0,256.0
11.8605,-232.0,258.0
11.8659,-177.0,260.0
11.8707,153.0,260.0
11.8756,104.0,260.0
11.8816,-139.0,260.0
11.8856,42.0,260.0
11.8906,210.0,262.0
11.8958,-108.0,262.0
11.9005,-198.0,264.0
11.9056,72.0,264.0
11.9107,8.0,262.0
11.9157,-48.0,260.0
11.9207,223.0,262.0
11.9258,63.0,260.0
11.9307,-358.0,266.0
11.9355,-44.0,264.0
11.9405,424.0,270.0
11.9454,24.0,268.0
11.9505,-424.0,274.0
11.9556,-72.0,272.0
11.9605,254.0,274.0
11.9655,79.0,270.0
11.9705,24.0,268.0
11.9755,70.0,268.0
11.9808,-159.0,266.0
11.9856,-224.0,270.0
11.9906,60.0,268.0
11.9955,158.0,270.0
12.0007,91.0,270.0
12.0056,85.0,270.0
12.0108,-113.0,272.0
12.0157,-283.0,276.0
12.0205,0.0,274.0
12.0255,287.0,278.0
12.0306,126.0,278.0
12.0355,-137.0,278.0
12.0407,-161.0,278.0
12.0455,-21.0,278.0
12.0505,110.0,278.0
12.0555,122.0,278.0
12.0605,-13.0,278.0
12.0656,-185.0,280.0
12.0708,-122.0,282.0
12.0758,174.0,284.0
12.0805,242.0,286.0
12.0855,-49.0,286.0
12.0905,-232.0,288.0
12.0956,-123.0,288.0
12.1005,56.0,286.0
12.1056,245.0,288.0
12.1106,215.0,290.0
12.1157,-256.0,292.0
12.1207,-467.0,298.0
12.1256,137.0,300.0
12.1306,575.0,308.0
12.1357,58.0,306.0
12.1406,-466.0,312.0
12.1457,-192.0,310.0
12.1506,226.0,310.0
12.1556,160.0,306.0
12.1605,-65.0,304.0
12.1656,-22.0,302.0
12.1705,111.0,300.0
12.1756,-58.0,300.0
12.1807,-258.0,304.0
12.1867,12.0,302.0
12.1905,310.0,306.0
12.1955,76.0,302.0
12.2005,-206.0,306.0
12.2055,-102.0,304.0
12.2105,9.0,302.0
12.2155,12.0,300.0
12.2206,167.0,300.0
12.2255,164.0,300.0
12.2305,-228.0,302.0
12.2357,-291.0,304.0
12.2405,183.0,306.0
12.2456,224.0,308.0
12.2505,-180.0,310.0
12.2555,-39.0,308.0
12.2607,324.0,314.0
12.2655,14.0,310.0
12.2706,-481.0,316.0
12.2755,-270.0,318.0
12.2805,396.0,322.0
12.2855,567.0,330.0
12.2906,-40.0,328.0
12.2957,-595.0,336.0
12.3006,-345.0,334.0
12.3056,320.0,340.0
12.3105,524.0,342.0
12.3155,35.0,342.0
12.3206,-458.0,346.0
12.3256,-247.0,350.0
12.3305,284.0,354.0
12.3356,270.0,356.0
12.3405,-150.0,358.0
12.3455,-211.0,360.0
12.3505,56.0,360.0
12.3557,136.0,360.0
12.3605,56.0,362.0
12.3655,-30.0,358.0
12.3705,-134.0,360.0
12.3758,-72.0,358.0
12.3806,114.0,358.0
12.3855,107.0,358.0
12.3914,-77.0,358.0
12.3966,-106.0,354.0
12.4011,136.0,356.0
12.4069,167.0,352.0
12.4105,-235.0,352.0
12.4155,-312.0,354.0
12.4206,230.0,352.0
12.4256,437.0,358.0
12.4307,-101.0,356.0
12.4356,-411.0,360.0
12.4409,-5.0,358.0
12.4456,254.0,362.0
12.4506,-11.0,360.0
12.4555,-107.0,358.0
12.4605,103.0,356.0
12.4655,4.0,354.0
12.4706,-219.0,352.0
12.4756,127.0,352.0
12.4806,396.0,354.0
12.4855,-234.0,356.0
12.4906,-570.0,362.0
12.4957,169.0,362.0
12.5005,532.0,366.0
12.5055,13.0,364.0
12.5115,-216.0,366.0
12.5161,-89.0,366.0
12.5208,-143.0,366.0
12.5256,-19.0,364.0
12.5305,276.0,366.0
12.5355,130.0,366.0
12.5405,-198.0,366.0
12.5456,-49.0,366.0
12.5505,186.0,368.0
12.5557,-133.0,370.0
12.5606,-377.0,372.0
12.5656,157.0,374.0
12.5707,566.0,378.0
12.5755,36.0,376.0
12.5806,-510.0,378.0
12.5856,-240.0,382.0
12.5905,247.0,378.0
12.5955,292.0,382.0
12.6006,-24.0,378.0
12.6056,-289.0,382.0
12.6107,-33.0,382.0
12.6157,388.0,388.0
12.6205,48.0,386.0
12.6255,-495.0,390.0
12.6305,-135.0,390.0
12.6357,377.0,394.0
12.6407,174.0,396.0
12.6468,-39.0,394.0
12.6505,-10.0,394.0
12.6555,-226.0,392.0
12.6606,-269.0,396.0
12.6655,188.0,394.0
12.6706,398.0,400.0
12.6758,49.0,398.0
12.6806,-264.0,400.0
12.6858,-197.0,402.0
12.6905,47.0,402.0
12.6956,138.0,402.0
12.7007,33.0,402.0
12.7055,-35.0,400.0
12.7106,-9.0,398.0
12.7155,62.0,396.0
12.7207,61.0,394.0
12.7256,-194.0,396.0
12.7305,-216.0,396.0
12.7357,304.0,398.0
12.7405,327.0,402.0
12.7455,-337.0,404.0
12.7507,-307.0,404.0
12.7556,319.0,406.0
12.7605,234.0,402.0
12.7655,-255.0,404.0
12.7707,-163.0,398.0
12.7757,149.0,400.0
12.7807,35.0,392.0
12.7856,-112.0,392.0
12.7905,126.0,390.0
12.7955,249.0,392.0
12.8015,-111.0,392.0
12.8055,-413.0,398.0
12.8105,-162.0,398.0
12.8156,334.0,402.0
12.8205,438.0,406.0
12.8256,-29.0,406.0
12.8306,-435.0,408.0
12.8357,-178.0,410.0
12.8405,248.0,410.0
12.8456,137.0,410.0
12.8505,-169.0,414.0
12.856,-51.0,414.0
12.8607,230.0,414.0
12.8657,107.0,414.0
12.8706,-230.0,414.0
12.8756,-208.0,412.0
12.8805,110.0,412.0
12.8855,177.0,410.0
12.8905,-32.0,408.0
12.8957,-20.0,408.0
12.9006,125.0,406.0
12.9057,-65.0,406.0
12.9105,-297.0,404.0
12.9155,-46.0,400.0
12.9205,344.0,398.0
12.9257,236.0,394.0
12.9308,-198.0,396.0
12.9356,-274.0,392.0
12.9407,-25.0,386.0
12.9456,75.0,382.0
12.9507,157.0,376.0
12.9556,239.0,380.0
12.9605,-41.0,374.0
12.9655,-406.0,376.0
12.9707,-292.0,376.0
12.9756,241.0,376.0
12.9806,535.0,382.0
12.9855,102.0,380.0
12.9906,-434.0,386.0
12.9955,-279.0,388.0
13.0005,105.0,388.0
13.0064,154.0,390.0
13.0105,172.0,392.0
13.0156,132.0,392.0
13.0205,-262.0,394.0
13.0256,-401.0,398.0
13.0305,183.0,400.0
13.0356,544.0,408.0
13.0407,0.0,406.0
13.0456,-487.0,410.0
13.0506,-167.0,410.0
13.0556,252.0,408.0
13.0605,187.0,408.0
13.0656,-12.0,400.0
13.0706,-51.0,400.0
13.0755,-68.0,394.0
13.0805,-89.0,396.0
13.0855,12.0,392.0
13.0905,107.0,394.0
13.0955,33.0,392.0
13.1005,-13.0,392.0
13.1055,25.0,392.0
13.1106,-84.0,390.0
13.1155,-146.0,390.0
13.1207,108.0,386.0
13.1256,210.0,384.0
13.1305,-55.0,376.0
13.1355,-160.0,376.0
13.1405,-59.0,370.0
13.1456,53.0,370.0
13.1506,244.0,370.0
13.1555,55.0,370.0
13.1605,-420.0,374.0
13.1655,-152.0,376.0
13.1705,429.0,378.0
13.1755,194.0,380.0
13.1808,-246.0,380.0
13.1857,-142.0,382.0
13.1905,23.0,380.0
13.1957,43.0,378.0
13.2006,123.0,374.0
13.2056,26.0,372.0
13.2112,-233.0,366.0
13.2155,-83.0,368.0
13.2205,362.0,366.0
13.2255,205.0,364.0
13.2305,-416.0,368.0
13.2355,-360.0,368.0
13.2405,276.0,372.0
13.2456,383.0,374.0
13.2505,-35.0,374.0
13.2555,-217.0,372.0
13.2604,-88.0,372.0
13.2657,4.0,364.0
13.2706,48.0,362.0
13.2756,125.0,358.0
13.2805,17.0,356.0
13.2855,-227.0,360.0
13.2905,-29.0,360.0
13.2955,403.0,362.0
13.3005,58.0,358.0
13.3055,-570.0,364.0
13.3105,-145.0,360.0
13.3156,553.0,368.0
13.3205,181.0,368.0
13.3256,-380.0,370.0
13.3307,-82.0,370.0
13.3355,258.0,372.0
13.3405,-62.0,374.0
13.3455,-271.0,376.0
13.3506,144.0,380.0
13.3556,310.0,382.0
13.3606,-167.0,384.0
13.3655,-245.0,386.0
13.3705,188.0,384.0
13.3755,76.0,382.0
13.3808,-238.0,380.0
13.3856,76.0,376.0
13.3905,281.0,376.0
13.3958,-124.0,372.0
13.4005,-260.0,372.0
13.4057,83.0,370.0
13.4106,155.0,370.0
13.4156,-34.0,368.0
13.4205,-7.0,368.0
13.4268,36.0,366.0
13.4314,-89.0,366.0
13.4354,-51.0,362.0
13.4405,76.0,362.0
13.4456,-10.0,356.0
13.4508,-13.0,354.0
13.4559,130.0,350.0
13.4606,-37.0,344.0
13.4662,-206.0,348.0
13.4707,122.0,342.0
13.4756,227.0,342.0
13.4805,-259.0,344.0
13.4855,-255.0,344.0
13.4904,353.0,348.0
13.4957,273.0,352.0
13.5011,-331.0,352.0
13.5056,-218.0,354.0
13.5105,240.0,354.0
13.5154,119.0,354.0
13.5213,-147.0,354.0
13.5255,-57.0,352.0
13.5305,54.0,352.0
13.5355,41.0,352.0
13.5404,35.0,352.0
13.5455,-32.0,350.0
13.5507,-77.0,348.0
13.5556,21.0,348.0
13.5605,66.0,342.0
13.5655,-20.0,340.0
13.5708,-48.0,336.0
13.5756,18.0,332.0
13.5808,39.0,334.0
13.5855,-12.0,332.0
13.5905,-22.0,330.0
13.5954,3.0,326.0
13.6005,-16.0,326.0
13.6056,5.0,320.0
13.6108,71.0,316.0
13.6156,-12.0,312.0
13.6205,-92.0,306.0
13.6255,24.0,304.0
13.6311,15.0,298.0
13.6356,-70.0,294.0
13.6407,129.0,296.0
13.6456,150.0,296.0
13.6505,-227.0,296.0
13.6555,-205.0,298.0
13.6606,207.0,296.0
13.6658,186.0,292.0
13.6707,-109.0,292.0
13.6756,-111.0,284.0
13.6804,0.0,284.0
13.6854,36.0,278.0
13.6906,82.0,276.0
13.6955,17.0,272.0
13.7005,-99.0,272.0
13.7058,-51.0,272.0
13.7105,10.0,272.0
13.7155,42.0,272.0
13.7208,148.0,272.0
13.7255,34.0,272.0
13.7308,-250.0,274.0
13.7355,-153.0,276.0
13.7405,201.0,280.0
13.7454,233.0,282.0
13.7507,-38.0,282.0
13.7558,-198.0,282.0
13.7606,-100.0,282.0
13.7655,66.0,280.0
13.7705,119.0,282.0
13.7756,53.0,280.0
13.7809,-42.0,280.0
13.7856,-57.0,280.0
13.7905,-5.0,276.0
13.7957,-34.0,276.0
13.8004,-67.0,270.0
13.8056,87.0,268.0
13.8107,206.0,266.0
13.8157,-16.0,262.0
13.8206,-269.0,262.0
13.8255,-102.0,262.0
13.8306,205.0,266.0
13.8355,106.0,266.0
13.8405,-121.0,266.0
13.8455,61.0,266.0
13.8505,163.0,266.0
13.8555,-254.0,268.0
13.8605,-352.0,268.0
13.8657,268.0,270.0
13.8707,554.0,272.0
13.8756,-65.0,266.0
13.8815,-587.0,272.0
13.8855,-178.0,268.0
13.8905,393.0,274.0
13.8956,251.0,274.0
13.9007,-110.0,274.0
13.9056,-121.0,276.0
13.9106,-64.0,276.0
13.9156,-44.0,276.0
13.9207,89.0,276.0
13.9256,70.0,274.0
13.9312,-133.0,276.0
13.9355,19.0,270.0
13.9404,338.0,274.0
13.9455,-11.0,266.0
13.9506,-554.0,272.0
13.9556,-177.0,266.0
13.9605,493.0,270.0
13.9657,321.0,270.0
13.9705,-168.0,272.0
13.9758,-209.0,270.0
13.9805,-89.0,272.0
13.9856,-37.0,268.0
13.9905,94.0,266.0
13.9957,162.0,264.0
14.0004,16.0,262.0
14.0058,-113.0,260.0
14.0106,-51.0,258.0
14.0155,9.0,256.0
14.0205,-17.0,254.0
14.0257,45.0,252.0
14.0305,102.0,250.0
14.0355,-34.0,248.0
14.0407,-127.0,246.0
14.0455,3.0,246.0
14.0505,91.0,244.0
14.0555,-13.0,244.0
14.0604,-32.0,244.0
14.0656,104.0,246.0
14.0705,10.0,244.0
14.0756,-226.0,246.0
14.0805,-64.0,246.0
14.0855,245.0,250.0
14.0904,148.0,252.0
14.0957,-97.0,252.0
14.1005,-146.0,254.0
14.1055,-92.0,252.0
14.1105,22.0,250.0
14.1156,154.0,250.0
14.1206,120.0,246.0
14.1255,-83.0,244.0
14.1308,-172.0,242.0
14.1355,24.0,238.0
14.1406,150.0,234.0
14.1455,-47.0,232.0
14.1506,-125.0,230.0
14.1556,65.0,230.0
14.1605,91.0,228.0
14.1655,7.0,228.0
14.1705,-2.0,226.0
14.1756,-118.0,228.0
14.181,-100.0,230.0
14.1855,168.0,232.0
14.1905,123.0,232.0
14.1955,-150.0,234.0
14.2008,-46.0,234.0
14.2056,123.0,236.0
14.2106,-65.0,236.0
14.2156,-116.0,238.0
14.2205,151.0,238.0
14.2265,110.0,240.0
14.2305,-189.0,242.0
14.2356,-91.0,244.0
14.2406,174.0,246.0
14.2455,61.0,248.0
14.2505,-121.0,248.0
14.2555,-19.0,248.0
14.2605,38.0,248.0
14.2663,-41.0,248.0
14.2705,72.0,248.0
14.2757,126.0,250.0
14.2805,-166.0,250.0
14.2857,-190.0,250.0
14.2905,181.0,250.0
14.2963,155.0,250.0
14.3007,-129.0,248.0
14.3055,-24.0,246.0
14.3106,86.0,246.0
14.3157,-85.0,244.0
14.3209,-86.0,246.0
14.3256,75.0,246.0
14.3314,82.0,246.0
14.3356,27.0,248.0
14.3407,-40.0,246.0
14.346,-146.0,248.0
14.351,-12.0,248.0
14.3557,255.0,250.0
14.3608,60.0,250.0
14.3662,-330.0,254.0
14.3707,-118.0,252.0
14.3756,313.0,254.0
14.3808,159.0,254.0
14.3855,-193.0,254.0
14.3906,-128.0,254.0
14.3956,62.0,252.0
14.4007,35.0,252.0
14.4059,-1.0,250.0
14.4116,41.0,250.0
14.416,-20.0,248.0
14.4207,-78.0,250.0
14.4256,82.0,250.0
14.4307,140.0,252.0
14.4358,-163.0,254.0
14.4428,-251.0,256.0
14.4455,156.0,258.0
14.4506,311.0,260.0
14.4556,-52.0,260.0
14.4606,-224.0,260.0
14.4661,-27.0,258.0
14.4704,49.0,256.0
14.4767,0.0,254.0
14.4806,74.0,254.0
14.4855,70.0,254.0
14.4908,-80.0,252.0
14.4955,-83.0,250.0
14.501,29.0,244.0
14.5054,40.0,242.0
14.5107,-12.0,232.0
14.5159,-50.0,232.0
14.5208,29.0,224.0
14.5269,186.0,224.0
14.531,4.0,218.0
14.5357,-341.0,220.0
14.5408,-117.0,220.0
14.5458,329.0,222.0
14.5505,205.0,224.0
14.5562,-129.0,226.0
14.5607,-166.0,228.0
14.5657,-83.0,228.0
14.571,31.0,226.0
14.5756,153.0,228.0
14.581,76.0,224.0
14.5856,-87.0,224.0
14.5905,-78.0,218.0
14.5957,13.0,214.0
14.6007,12.0,208.0
14.6056,-40.0,204.0
14.6111,14.0,200.0
14.616,150.0,200.0
14.6206,42.0,198.0
14.6257,-221.0,202.0
14.6305,-114.0,202.0
14.6357,183.0,202.0
14.641,104.0,204.0
14.648,-95.0,204.0
14.6505,-20.0,204.0
14.6556,41.0,204.0
14.6608,-52.0,204.0
14.6663,-30.0,204.0
14.6705,73.0,204.0
14.6765,33.0,204.0
14.6816,-82.0,202.0
14.6857,-57.0,204.0
14.6906,108.0,204.0
14.6962,112.0,206.0
14.7013,-104.0,206.0
14.7061,-154.0,208.0
14.7106,30.0,208.0
14.7155,109.0,206.0
14.7207,58.0,206.0
14.726,17.0,202.0
14.7312,-69.0,200.0
14.7357,-119.0,202.0
14.7409,-2.0,198.0
14.7457,116.0,200.0
14.7505,79.0,200.0
14.7556,-31.0,198.0
14.7606,-107.0,198.0
14.7657,-88.0,198.0
14.7706,75.0,196.0
14.7758,224.0,200.0
14.7811,33.0,198.0
14.7857,-320.0,202.0
14.7905,-205.0,204.0
14.7957,295.0,208.0
14.8007,334.0,210.0
14.8067,-163.0,214.0
14.8106,-314.0,218.0
14.816,45.0,218.0
14.8207,174.0,218.0
14.8257,-32.0,216.0
14.8307,-58.0,216.0
14.8358,88.0,214.0
14.8413,63.0,214.0
14.8455,-106.0,214.0
14.8519,-158.0,216.0
14.8559,30.0,214.0
14.8607,236.0,216.0
14.8665,89.0,216.0
14.8705,-221.0,216.0
14.876,-194.0,218.0
14.8808,112.0,216.0
14.8857,269.0,220.0
14.8908,45.0,218.0
14.8957,-285.0,222.0
14.9012,-177.0,224.0
14.906,198.0,228.0
14.9107,182.0,228.0
14.9158,-50.0,228.0
14.9207,-34.0,226.0
14.9262,-22.0,224.0
14.931,-150.0,222.0
14.9356,-63.0,222.0
14.9409,202.0,222.0
14.9457,227.0,226.0
14.9515,-62.0,226.0
14.9557,-290.0,228.0
14.9607,-145.0,230.0
14.9657,179.0,230.0
14.9706,238.0,234.0
14.9754,-25.0,234.0
14.9811,-186.0,236.0
14.9854,0.0,234.0
14.9909,131.0,236.0
14.9957,-93.0,232.0
15.0008,-183.0,234.0
15.0055,166.0,232.0
15.0108,285.0,234.0
15.0164,-134.0,232.0
15.0205,-305.0,234.0
15.0256,39.0,232.0
15.0307,193.0,232.0
15.0358,11.0,232.0
15.0413,-16.0,232.0
15.0455,48.0,232.0
15.0507,-98.0,234.0
15.0563,-167.0,236.0
15.0607,76.0,236.0
15.0661,216.0,238.0
15.0704,33.0,236.0
15.0759,-148.0,236.0
15.0806,-143.0,234.0
15.0855,24.0,232.0
15.0906,227.0,230.0
15.0963,105.0,232.0
15.1017,-264.0,232.0
15.1055,-223.0,236.0
15.1105,207.0,238.0
15.1159,267.0,242.0
15.1207,-82.0,242.0
15.1261,-194.0,244.0
15.1314,-3.0,242.0
15.1357,74.0,242.0
15.1409,-2.0,242.0
15.1456,-4.0,242.0
15.1509,47.0,242.0
15.1567,-23.0,242.0
15.1604,-69.0,242.0
15.1655,65.0,240.0
15.1707,80.0,242.0
15.1757,-78.0,238.0
15.181,-82.0,236.0
15.1854,-3.0,232.0
15.1915,16.0,228.0
15.1965,108.0,228.0
15.2006,111.0,228.0
15.2055,-115.0,228.0
15.2111,-179.0,230.0
15.2154,41.0,228.0
15.2205,108.0,230.0
15.2257,-21.0,228.0
15.2307,23.0,228.0
15.2358,123.0,228.0
15.2404,-66.0,230.0
15.2468,-263.0,234.0
15.2508,-22.0,234.0
15.2557,308.0,236.0
15.2611,148.0,238.0
15.2655,-224.0,238.0
15.2706,-202.0,238.0
15.2755,95.0,238.0
15.2808,166.0,238.0
15.2855,-12.0,238.0
15.2905,-96.0,238.0
15.2958,-18.0,238.0
15.3005,27.0,238.0
15.3055,39.0,238.0
15.3105,74.0,238.0
15.3156,-31.0,238.0
15.3206,-209.0,240.0
15.3256,-65.0,240.0
15.3305,272.0,242.0
15.3355,226.0,244.0
15.3405,-178.0,246.0
15.3455,-313.0,248.0
15.3506,-18.0,248.0
15.3557,224.0,250.0
15.3605,159.0,252.0
15.3655,-21.0,252.0
15.3707,-127.0,252.0
15.3756,-127.0,252.0
15.3808,-30.0,252.0
15.3856,136.0,252.0
15.3905,153.0,254.0
15.3955,-88.0,254.0
15.4005,-154.0,256.0
15.4055,126.0,256.0
15.4106,121.0,258.0
15.4156,-239.0,258.0
15.4205,-153.0,260.0
15.4255,276.0,258.0
15.4305,202.0,258.0
15.4357,-179.0,256.0
15.4406,-166.0,254.0
15.4455,68.0,252.0
15.4505,58.0,248.0
15.4555,-69.0,248.0
15.4604,6.0,246.0
15.4656,159.0,248.0
15.4705,45.0,248.0
15.4755,-199.0,250.0
15.4806,-154.0,252.0
15.4855,99.0,252.0
15.4905,180.0,252.0
15.4956,61.0,252.0
15.5005,-77.0,250.0
15.5055,-130.0,250.0
15.5105,-46.0,248.0
15.5156,69.0,246.0
15.5206,71.0,244.0
15.5256,28.0,240.0
15.5305,13.0,240.0
15.5358,-61.0,236.0
15.5404,-126.0,236.0
15.5456,7.0,234.0
15.5506,177.0,234.0
15.5557,75.0,234.0
15.5605,-136.0,236.0
15.5655,-109.0,236.0
15.5708,50.0,234.0
15.5755,67.0,234.0
15.5805,-6.0,232.0
15.5855,-2.0,228.0
15.5905,33.0,228.0
15.5955,-6.0,224.0
15.6004,-53.0,222.0
15.6056,-37.0,220.0
15.6106,0.0,216.0
15.6156,42.0,216.0
15.6205,90.0,214.0
15.626,41.0,216.0
15.6307,-136.0,216.0
15.6355,-148.0,216.0
15.6405,118.0,216.0
15.6455,197.0,216.0
15.6505,-71.0,212.0
15.6556,-175.0,214.0
15.6604,11.0,208.0
15.6657,103.0,210.0
15.6705,52.0,208.0
15.6754,-3.0,208.0
15.6805,-77.0,208.0
15.6855,-82.0,208.0
15.6906,27.0,208.0
15.6956,95.0,206.0
15.7005,62.0,206.0
15.7055,-8.0,204.0
15.7105,-118.0,204.0
15.7157,-130.0,204.0
15.7209,88.0,204.0
15.7255,222.0,206.0
15.7306,13.0,204.0
15.7355,-192.0,204.0
15.7405,-116.0,202.0
15.7455,52.0,200.0
15.7506,149.0,198.0
15.7556,101.0,196.0
15.7605,-90.0,196.0
15.7654,-160.0,196.0
15.7704,0.0,196.0
15.7755,104.0,196.0
15.7805,45.0,196.0
15.7855,-9.0,196.0
15.7906,-40.0,196.0
15.7957,-33.0,196.0
15.8005,54.0,196.0
15.8056,8.0,196.0
15.8105,-128.0,196.0
15.8155,38.0,196.0
15.8205,218.0,198.0
15.8256,-65.0,198.0
15.8306,-243.0,202.0
15.8355,93.0,202.0
15.8406,192.0,204.0
15.8455,-135.0,204.0
15.8505,-141.0,204.0
15.8555,137.0,204.0
15.861,123.0,204.0
15.8655,-60.0,206.0
15.8705,-84.0,206.0
15.8755,-36.0,206.0
15.8805,-2.0,204.0
15.8856,65.0,200.0
15.8907,74.0,202.0
15.8958,-17.0,198.0
15.9005,-86.0,196.0
15.9055,-46.0,194.0
15.9105,82.0,192.0
15.9162,91.0,192.0
15.9206,-110.0,190.0
15.9256,-140.0,192.0
15.9305,134.0,194.0
15.9356,184.0,196.0
15.9405,-88.0,196.0
15.9456,-151.0,198.0
15.9505,2.0,198.0
15.9556,1.0,196.0
15.9605,2.0,194.0
15.9654,177.0,196.0
15.9705,122.0,194.0
15.9763,-224.0,194.0
15.9807,-258.0,194.0
15.9856,100.0,190.0
15.9905,241.0,194.0
15.9955,41.0,192.0
16.0005,-71.0,190.0
16.0055,-32.0,190.0
16.0106,-105.0,190.0
16.0156,-140.0,190.0
16.0205,158.0,192.0
16.0258,351.0,196.0
16.0304,-65.0,194.0
16.0355,-446.0,200.0
16.0405,-87.0,198.0
16.0455,348.0,202.0
16.0505,166.0,202.0
16.0555,-138.0,202.0
16.0605,-110.0,200.0
16.0656,-19.0,196.0
16.0707,-4.0,194.0
16.0756,48.0,192.0
16.0805,68.0,190.0
16.0854,-8.0,190.0
16.0904,-50.0,188.0
16.0955,-13.0,188.0
16.1006,4.0,188.0
16.1055,0.0,186.0
16.1104,21.0,186.0
16.1155,5.0,182.0
16.1206,-25.0,180.0
16.1257,14.0,178.0
16.1306,29.0,176.0
16.1355,-42.0,176.0
16.1408,-43.0,176.0
16.1455,48.0,174.0
16.1505,63.0,174.0
16.1555,-19.0,174.0
16.1605,-64.0,174.0
16.1655,-43.0,174.0
16.1704,-11.0,174.0
16.1755,97.0,174.0
16.1806,185.0,176.0
16.1856,-67.0,176.0
16.1905,-348.0,180.0
16.1955,-48.0,178.0
16.2005,353.0,182.0
16.2055,132.0,182.0
16.2107,-211.0,184.0
16.2156,-93.0,186.0
16.2204,71.0,186.0
16.2254,-5.0,186.0
16.2304,-13.0,186.0
16.2354,53.0,186.0
16.2405,-7.0,186.0
16.2455,-35.0,186.0
16.2505,37.0,186.0
16.2554,2.0,186.0
16.2605,-72.0,186.0
16.2655,16.0,186.0
16.2706,115.0,184.0
16.2755,-15.0,182.0
16.2805,-158.0,184.0
16.2855,-9.0,180.0
16.2905,157.0,182.0
16.2954,26.0,180.0
16.3005,-104.0,182.0
16.3055,-3.0,180.0
16.3105,53.0,180.0
16.3155,-31.0,180.0
16.3205,-35.0,180.0
16.3255,34.0,178.0
16.3305,24.0,178.0
16.3355,-15.0,178.0
16.3406,-1.0,176.0
16.3455,14.0,176.0
16.3506,-11.0,174.0
16.3555,-31.0,174.0
16.3605,-6.0,172.0
16.3654,29.0,168.0
16.3704,29.0,170.0
16.3762,5.0,166.0
16.3806,-22.0,164.0
16.3854,-32.0,164.0
16.3917,-3.0,162.0
16.396,16.0,160.0
16.4009,8.0,160.0
16.406,20.0,158.0
16.4105,10.0,158.0
16.4156,-41.0,156.0
16.4205,-13.0,156.0
16.4255,42.0,156.0
16.4304,-10.0,156.0
16.4357,-53.0,156.0
16.4406,23.0,156.0
16.4455,79.0,156.0
16.4505,13.0,156.0
16.4555,-79.0,156.0
16.4604,-70.0,154.0
16.4654,27.0,152.0
16.4706,84.0,150.0
16.4756,32.0,150.0
16.4806,-37.0,148.0
16.4854,-45.0,146.0
16.4904,-17.0,144.0
16.4956,11.0,142.0
16.5005,31.0,140.0
16.5056,11.0,140.0
16.5106,-11.0,138.0
16.5155,8.0,138.0
16.5206,1.0,138.0
16.5256,-39.0,138.0
16.5305,-11.0,136.0
16.5354,38.0,136.0
16.5405,13.0,136.0
16.5455,-12.0,136.0
16.5505,5.0,134.0
16.5555,-7.0,132.0
16.5605,-25.0,132.0
16.5654,1.0,130.0
16.5704,21.0,128.0
16.5754,20.0,124.0
16.5805,7.0,124.0
16.5856,-35.0,122.0
16.5905,-37.0,122.0
16.5955,32.0,122.0
16.6005,42.0,124.0
16.6058,-24.0,122.0
16.6106,-20.0,120.0
16.6155,30.0,116.0
16.6205,-1.0,112.0
16.6255,-45.0,112.0
16.6304,1.0,108.0
16.6354,48.0,108.0
16.6406,12.0,108.0
16.6486,-28.0,106.0
16.6504,-17.0,106.0
16.6555,4.0,104.0
16.6605,9.0,102.0
16.6656,11.0,96.0
16.6704,3.0,94.0
16.6756,-33.0,88.0
16.6806,-25.0,88.0
16.6855,73.0,84.0
16.6904,72.0,82.0
16.6957,-102.0,82.0
16.7005,-128.0,82.0
16.7055,82.0,82.0
16.7105,138.0,84.0
16.7156,-35.0,84.0
16.7208,-87.0,84.0
16.7255,8.0,84.0
16.7305,22.0,84.0
16.7354,-11.0,84.0
16.7404,12.0,84.0
16.7455,20.0,84.0
16.7507,-16.0,84.0
16.7555,-17.0,84.0
16.7604,6.0,84.0
16.7654,7.0,84.0
16.7704,-4.0,84.0
16.7755,-6.0,84.0
16.7806,18.0,82.0
16.7855,34.0,82.0
16.7905,-29.0,82.0
16.7954,-77.0,84.0
16.8004,11.0,82.0
16.8054,89.0,82.0
16.8104,18.0,84.0
16.8155,-43.0,82.0
16.8204,-16.0,80.0
16.8255,-21.0,78.0
16.8305,-30.0,74.0
16.8355,38.0,74.0
16.8407,75.0,70.0
16.8455,0.0,68.0
16.8505,-60.0,64.0
16.8555,-36.0,64.0
16.8604,0.0,62.0
16.8655,20.0,64.0
16.8706,38.0,64.0
16.8754,23.0,64.0
16.8804,-20.0,64.0
16.8854,-40.0,64.0
16.8907,-13.0,62.0
16.8956,17.0,64.0
16.9013,17.0,62.0
16.9056,9.0,62.0
16.9105,-7.0,60.0
16.9165,-28.0,60.0
16.9206,16.0,58.0
16.9257,64.0,60.0
16.9307,-27.0,58.0
16.9355,-107.0,58.0
16.9404,13.0,58.0
16.9454,104.0,58.0
16.9507,-1.0,58.0
16.9563,-53.0,58.0
16.9605,21.0,58.0
16.9655,11.0,58.0
16.9706,-43.0,58.0
16.9754,0.0,58.0
16.9807,37.0,58.0
16.9855,-1.0,58.0
16.9905,-14.0,58.0
16.9954,7.0,58.0
17.0004,0.0,58.0
17.0055,-11.0,58.0
17.0106,0.0,58.0
17.0154,-2.0,56.0
17.0204,-3.0,56.0
17.0254,30.0,56.0
17.0304,25.0,56.0
17.0355,-44.0,58.0
17.0405,-56.0,58.0
17.0455,26.0,58.0
17.0504,62.0,60.0
17.0554,-5.0,58.0
17.0604,-41.0,58.0
17.0655,20.0,58.0
17.0705,31.0,58.0
17.0755,-53.0,58.0
17.0805,-49.0,60.0
17.0854,51.0,58.0
17.0904,52.0,60.0
17.0957,-12.0,58.0
17.1005,-8.0,58.0
17.1055,-6.0,58.0
17.1105,-41.0,56.0
17.1155,-21.0,56.0
17.1205,38.0,56.0
17.1255,59.0,56.0
17.1306,14.0,56.0
17.1356,-71.0,58.0
17.1404,-57.0,58.0
17.1454,70.0,58.0
17.1504,62.0,60.0
17.1556,-74.0,60.0
17.1605,-48.0,62.0
17.1655,57.0,62.0
17.1705,24.0,62.0
17.1755,0.0,62.0
17.1812,23.0,62.0
17.1855,-47.0,62.0
17.1905,-78.0,64.0
17.1954,32.0,64.0
17.2005,88.0,64.0
17.2055,14.0,64.0
17.2107,-39.0,64.0
17.2155,-30.0,66.0
17.2205,-14.0,66.0
17.2254,9.0,64.0
17.2304,30.0,64.0
17.2355,12.0,64.0
17.2405,-24.0,64.0
17.2455,-22.0,64.0
17.2504,20.0,64.0
17.2555,37.0,64.0
17.2604,-6.0,64.0
17.2655,-51.0,64.0
17.2706,-24.0,64.0
17.2755,27.0,64.0
17.2804,47.0,64.0
17.2854,46.0,66.0
17.2904,-17.0,66.0
17.2955,-120.0,68.0
17.3006,-59.0,68.0
17.3065,118.0,70.0
17.3113,109.0,72.0
17.3167,-46.0,72.0
17.3205,-75.0,72.0
17.3256,-12.0,72.0
17.3305,1.0,70.0
17.3354,20.0,68.0
17.3405,36.0,68.0
17.3454,-27.0,66.0
17.3508,-31.0,64.0
17.3556,77.0,66.0
17.3605,38.0,64.0
17.3655,-124.0,66.0
17.3705,-71.0,68.0
17.3756,107.0,68.0
17.3806,72.0,70.0
17.3856,-46.0,70.0
17.3905,-1.0,70.0
17.3955,14.0,70.0
17.4006,-89.0,72.0
17.4055,-50.0,72.0
17.4104,98.0,74.0
17.4159,118.0,76.0
17.4204,32.0,76.0
17.426,-119.0,76.0
17.4304,-219.0,80.0
17.4359,3.0,78.0
17.4404,277.0,82.0
17.4455,121.0,84.0
17.4505,-154.0,86.0
17.4554,-106.0,86.0
17.4604,8.0,86.0
17.4657,-12.0,86.0
17.4705,17.0,86.0
17.4755,64.0,86.0
17.4806,13.0,86.0
17.4854,-10.0,86.0
17.4904,30.0,84.0
17.4956,6.0,84.0
17.5005,-99.0,86.0
17.5055,-156.0,88.0
17.5114,19.0,88.0
17.5155,322.0,92.0
17.5216,207.0,96.0
17.5256,-301.0,100.0
17.5307,-351.0,104.0
17.5355,110.0,106.0
17.5405,238.0,110.0
17.5454,40.0,110.0
17.5506,30.0,110.0
17.5556,-10.0,110.0
17.5606,-213.0,114.0
17.5655,-123.0,114.0
17.5705,200.0,116.0
17.5754,198.0,118.0
17.5808,-77.0,120.0
17.5856,-153.0,120.0
17.5905,-27.0,120.0
17.5954,49.0,120.0
17.6004,64.0,122.0
17.6057,25.0,122.0
17.6106,-60.0,122.0
17.6155,-25.0,122.0
17.6213,49.0,122.0
17.6255,-62.0,124.0
17.6304,-40.0,124.0
17.6356,209.0,126.0
17.6405,38.0,128.0
17.6455,-338.0,132.0
17.6506,-61.0,134.0
17.6554,357.0,138.0
17.6604,102.0,140.0
17.6655,-234.0,144.0
17.6705,-118.0,146.0
17.6756,21.0,144.0
17.6804,42.0,144.0
17.6855,164.0,146.0
17.6905,124.0,148.0
17.6957,-191.0,150.0
17.7005,-219.0,154.0
17.7064,70.0,154.0
17.7104,72.0,154.0
17.7154,-9.0,154.0
17.7219,206.0,156.0
17.7255,140.0,158.0
17.7306,-305.0,162.0
17.7355,-279.0,166.0
17.7405,165.0,168.0
17.7456,182.0,172.0
17.7507,-110.0,172.0
17.7556,57.0,172.0
17.7605,349.0,178.0
17.7655,-132.0,178.0
17.7705,-651.0,188.0
17.7755,-25.0,188.0
17.7806,701.0,198.0
17.7855,161.0,200.0
17.7905,-534.0,206.0
17.7954,-95.0,208.0
17.8005,391.0,212.0
17.8054,-59.0,212.0
17.8104,-342.0,218.0
17.8155,110.0,220.0
17.8205,268.0,224.0
17.8267,-7.0,222.0
17.8304,-77.0,222.0
17.8363,-168.0,224.0
17.8405,-160.0,226.0
17.8455,315.0,230.0
17.8504,281.0,234.0
17.8555,-401.0,240.0
17.8605,-219.0,244.0
17.866,433.0,250.0
17.8704,97.0,250.0
17.8755,-388.0,256.0
17.8804,-92.0,258.0
17.8855,220.0,260.0
17.8905,256.0,264.0
17.8959,61.0,264.0
17.9006,-469.0,272.0
17.9055,-358.0,278.0
17.9105,563.0,286.0
17.9154,515.0,294.0
17.9215,-513.0,300.0
17.9255,-454.0,306.0
17.9306,429.0,314.0
17.9356,226.0,314.0
17.9405,-415.0,320.0
17.9455,44.0,320.0
17.9507,467.0,324.0
17.9556,-226.0,328.0
17.9606,-444.0,334.0
17.9655,290.0,338.0
17.9705,212.0,342.0
17.977,-355.0,346.0
17.9806,142.0,348.0
17.9856,476.0,354.0
17.9905,-389.0,360.0
17.9955,-516.0,368.0
18.0007,416.0,374.0
18.0054,324.0,376.0
18.0107,-299.0,380.0
18.0156,48.0,380.0
18.0205,160.0,380.0
18.0265,-351.0,386.0
18.0306,-41.0,386.0
18.0354,397.0,392.0
18.0405,-50.0,392.0
18.0455,-269.0,394.0
18.0504,37.0,394.0
18.0555,118.0,394.0
18.0605,117.0,394.0
18.0656,70.0,394.0
18.0706,-288.0,396.0
18.0756,-315.0,400.0
18.0805,338.0,402.0
18.0857,480.0,406.0
18.0905,-267.0,408.0
18.0957,-448.0,414.0
18.1005,155.0,416.0
18.1055,319.0,420.0
18.1105,-62.0,422.0
18.1155,-260.0,424.0
18.1207,14.0,424.0
18.1267,289.0,430.0
18.1312,-2.0,428.0
18.1354,-319.0,434.0
18.1404,-9.0,432.0
18.1454,298.0,434.0
18.1507,18.0,434.0
18.1556,-202.0,432.0
18.1605,48.0,430.0
18.1655,58.0,426.0
18.1704,-207.0,424.0
18.1754,30.0,422.0
18.1807,334.0,424.0
18.1855,-43.0,424.0
18.1906,-321.0,428.0
18.1955,105.0,430.0
18.2004,220.0,430.0
18.2057,-272.0,432.0
18.2105,-99.0,432.0
18.2157,393.0,434.0
18.2204,-87.0,434.0
18.2255,-348.0,438.0
18.2304,368.0,442.0
18.2355,204.0,446.0
18.2406,-608.0,454.0
18.2455,-71.0,454.0
18.2505,632.0,464.0
18.2555,-44.0,464.0
18.2605,-432.0,470.0
18.2656,178.0,472.0
18.2707,166.0,474.0
18.2756,-324.0,476.0
18.2805,16.0,474.0
18.2854,388.0,476.0
18.2906,-98.0,476.0
18.2956,-280.0,474.0
18.3005,128.0,476.0
18.3056,77.0,472.0
18.3105,-83.0,472.0
18.3154,56.0,472.0
18.3204,-58.0,474.0
18.3255,-50.0,472.0
18.3313,192.0,472.0
18.3354,-72.0,470.0
18.3405,-206.0,470.0
18.3454,220.0,472.0
18.3506,111.0,474.0
18.3554,-235.0,476.0
18.3604,20.0,474.0
18.3655,87.0,474.0
18.3708,-82.0,470.0
18.3754,96.0,466.0
18.381,44.0,464.0
18.3855,-224.0,466.0
18.3905,-55.0,464.0
18.3954,227.0,468.0
18.4005,183.0,464.0
18.4056,-29.0,464.0
18.4108,-197.0,456.0
18.4156,-242.0,460.0
18.4205,-84.0,450.0
18.4255,325.0,452.0
18.4305,459.0,452.0
18.4355,-193.0,452.0
18.4405,-648.0,456.0
18.4454,73.0,456.0
18.4504,658.0,462.0
18.4559,-59.0,462.0
18.4605,-625.0,466.0
18.4654,44.0,468.0
18.4705,576.0,476.0
18.4754,-1.0,472.0
18.4806,-500.0,478.0
18.4854,6.0,472.0
18.4905,409.0,474.0
18.4958,-97.0,470.0
18.5006,-264.0,470.0
18.5055,260.0,468.0
18.5105,55.0,468.0
18.5156,-390.0,468.0
18.521,128.0,468.0
18.5257,324.0,470.0
18.5307,-227.0,470.0
18.5364,-31.0,468.0
18.5404,255.0,466.0
18.5455,-314.0,464.0
18.5507,-250.0,460.0
18.5556,490.0,460.0
18.5604,228.0,456.0
18.5655,-408.0,454.0
18.5704,-197.0,450.0
18.5755,133.0,450.0
18.5807,188.0,446.0
18.5857,229.0,448.0
18.5905,-169.0,444.0
18.5955,-549.0,448.0
18.6004,90.0,444.0
18.6055,685.0,450.0
18.6105,-19.0,446.0
18.6157,-597.0,450.0
18.6204,64.0,450.0
18.6254,415.0,448.0
18.6305,-216.0,446.0
18.6355,-314.0,442.0
18.6404,352.0,442.0
18.6455,351.0,442.0
18.6505,-362.0,442.0
18.6554,-447.0,448.0
18.6604,244.0,450.0
18.6655,478.0,452.0
18.6706,-74.0,452.0
18.6757,-351.0,452.0
18.6807,-56.0,452.0
18.6854,107.0,450.0
18.6905,74.0,450.0
18.6955,53.0,450.0
18.7005,-24.0,448.0
18.7055,0.0,446.0
18.7105,65.0,444.0
18.7155,-167.0,440.0
18.7206,-250.0,440.0
18.7256,269.0,436.0
18.7306,453.0,440.0
18.7355,-300.0,436.0
18.7404,-585.0,444.0
18.7454,392.0,444.0
18.7506,714.0,454.0
18.7557,-533.0,460.0
18.7606,-833.0,472.0
18.7655,510.0,476.0
18.7704,680.0,486.0
18.7755,-302.0,486.0
18.7806,-90.0,486.0
18.7855,211.0,486.0
18.7905,-575.0,494.0
18.7954,-364.0,496.0
18.8005,742.0,508.0
18.8055,467.0,514.0
18.8107,-365.0,516.0
18.8155,-296.0,520.0
18.8205,-74.0,516.0
18.8258,55.0,516.0
18.8305,213.0,516.0
18.8357,-73.0,514.0
18.8406,-87.0,512.0
18.8455,397.0,514.0
18.8505,-81.0,514.0
18.8555,-790.0,520.0
18.8606,103.0,520.0
18.8655,932.0,530.0
18.8705,20.0,524.0
18.8756,-661.0,532.0
18.8804,-117.0,524.0
18.8854,172.0,526.0
18.8904,116.0,518.0
18.8957,165.0,520.0
18.9005,-149.0,514.0
18.9055,-281.0,516.0
18.9104,275.0,518.0
18.9161,388.0,520.0
18.9205,-317.0,524.0
18.9255,-517.0,526.0
18.9305,149.0,526.0
18.9354,441.0,530.0
18.9405,35.0,528.0
18.9455,-126.0,528.0
18.9505,34.0,528.0
18.9554,-84.0,528.0
18.9605,-259.0,532.0
18.9654,-62.0,532.0
18.9704,254.0,532.0
18.9754,340.0,536.0
18.9805,81.0,534.0
18.9854,-351.0,536.0
18.9905,-391.0,542.0
18.9954,84.0,538.0
19.0005,352.0,544.0
19.0055,103.0,544.0
19.0104,-97.0,544.0
19.0154,14.0,544.0
19.0204,5.0,542.0
19.0255,-254.0,542.0
19.0306,-184.0,544.0
19.0355,245.0,546.0
19.0404,294.0,548.0
19.0456,105.0,548.0
19.0513,10.0,546.0
19.0555,-469.0,548.0
19.0606,-592.0,556.0
19.0657,499.0,560.0
19.0706,972.0,568.0
19.0755,-289.0,568.0
19.0805,-891.0,572.0
19.0854,219.0,576.0
19.0905,579.0,574.0
19.0957,-398.0,580.0
19.1006,-391.0,576.0
19.1055,566.0,584.0
19.1105,377.0,580.0
19.1154,-539.0,588.0
19.1205,-355.0,586.0
19.1255,375.0,592.0
19.1305,242.0,590.0
19.1356,-162.0,590.0
19.1405,-92.0,588.0
19.1456,-39.0,584.0
19.1514,0.0,584.0
19.1556,178.0,580.0
19.1605,-40.0,580.0
19.1655,-303.0,578.0
19.1705,147.0,578.0
19.1756,476.0,584.0
19.1808,-110.0,582.0
19.1856,-574.0,586.0
19.1905,-126.0,584.0
19.1955,433.0,584.0
19.2004,324.0,584.0
19.2056,-136.0,580.0
19.2105,-267.0,582.0
19.2156,-95.0,582.0
19.2204,42.0,578.0
19.2254,221.0,578.0
19.2305,145.0,578.0
19.2355,-322.0,574.0
19.2406,-204.0,576.0
19.2457,367.0,572.0
19.2504,100.0,572.0
19.2555,-297.0,568.0
19.2605,169.0,570.0
19.2655,180.0,566.0
19.2705,-432.0,570.0
19.2755,-83.0,566.0
19.2806,464.0,568.0
19.2854,-40.0,562.0
19.2906,-327.0,562.0
19.2955,206.0,558.0
19.3005,317.0,560.0
19.3055,-267.0,556.0
19.3105,-499.0,564.0
19.3154,71.0,558.0
19.3206,582.0,566.0
19.3255,237.0,568.0
19.3307,-382.0,574.0
19.3355,-320.0,578.0
19.3405,124.0,580.0
19.3455,98.0,582.0
19.3508,-100.0,582.0
19.3555,114.0,580.0
19.3605,283.0,582.0
19.3669,-54.0,578.0
19.3706,-370.0,576.0
19.3759,-124.0,574.0
19.3806,169.0,568.0
19.3855,98.0,562.0
19.3905,132.0,554.0
19.3955,153.0,548.0
19.4005,-203.0,538.0
19.4055,-330.0,536.0
19.4104,-4.0,524.0
19.4156,207.0,524.0
19.4205,234.0,526.0
19.4257,102.0,524.0
19.4305,-274.0,518.0
19.4357,-326.0,518.0
19.4407,148.0,510.0
19.4455,361.0,508.0
19.4504,46.0,502.0
19.456,-265.0,502.0
19.4604,-243.0,504.0
19.4654,69.0,504.0
19.4706,325.0,506.0
19.4763,149.0,508.0
19.4806,-232.0,510.0
19.4863,-245.0,508.0
19.4917,100.0,508.0
19.4956,185.0,498.0
19.5005,-81.0,498.0
19.5055,-79.0,484.0
19.5105,149.0,486.0
19.5154,34.0,476.0
19.5205,-207.0,478.0
19.5256,-64.0,476.0
19.5307,232.0,478.0
19.5354,108.0,478.0
19.5405,-237.0,478.0
19.5457,-112.0,476.0
19.5506,207.0,476.0
19.5555,115.0,472.0
19.5605,-136.0,468.0
19.5655,-197.0,464.0
19.571,21.0,462.0
19.5755,349.0,460.0
19.5806,136.0,462.0
19.5855,-434.0,466.0
19.5904,-259.0,470.0
19.5954,340.0,474.0
19.6004,225.0,474.0
19.6055,-147.0,474.0
19.6106,-10.0,470.0
19.6156,13.0,466.0
19.6204,-273.0,468.0
19.6256,40.0,464.0
19.6304,489.0,466.0
19.6354,-122.0,466.0
19.6406,-590.0,470.0
19.6455,298.0,472.0
19.6505,610.0,480.0
19.6554,-467.0,488.0
19.6605,-581.0,496.0
19.6662,414.0,500.0
19.6708,452.0,504.0
19.6755,-76.0,500.0
19.6805,-142.0,498.0
19.6854,-288.0,502.0
19.6904,-262.0,506.0
19.6955,344.0,504.0
19.7007,465.0,502.0
19.7055,-69.0,494.0
19.7105,-249.0,484.0
19.7155,-229.0,482.0
19.7207,-229.0,472.0
19.7255,288.0,472.0
19.7306,585.0,474.0
19.7354,-158.0,470.0
19.7409,-587.0,472.0
19.7456,60.0,464.0
19.7505,331.0,464.0
19.7555,-116.0,458.0
19.7611,-81.0,452.0
19.7656,263.0,452.0
19.7706,-3.0,448.0
19.7756,-325.0,450.0
19.7812,-15.0,448.0
19.7856,189.0,452.0
19.7907,-12.0,452.0
19.797,44.0,450.0
19.8012,108.0,450.0
19.8059,-166.0,448.0
19.8113,-152.0,448.0
19.8159,126.0,442.0
19.8206,99.0,442.0
19.8256,-58.0,434.0
19.8308,-47.0,434.0
19.8357,64.0,428.0
19.8404,72.0,424.0
19.8459,-131.0,424.0
19.8508,-138.0,422.0
19.8555,199.0,424.0
19.8607,165.0,424.0
19.8667,-205.0,424.0
19.8711,-118.0,424.0
19.876,118.0,422.0
19.8806,58.0,418.0
19.8856,37.0,414.0
19.8907,-43.0,412.0
19.8962,-195.0,412.0
19.9009,43.0,410.0
19.9056,269.0,410.0
19.9113,-45.0,404.0
19.9154,-235.0,406.0
19.9207,108.0,402.0
19.9259,161.0,404.0
19.9309,-191.0,402.0
19.9356,-75.0,400.0
19.9405,190.0,398.0
19.9455,-75.0,394.0
19.9512,-143.0,388.0
19.9554,282.0,392.0
19.9604,129.0,384.0
19.9655,-434.0,388.0
19.9706,-97.0,384.0
19.9757,467.0,386.0
19.9812,-9.0,384.0
19.9854,-389.0,388.0
19.9909,121.0,388.0
19.9956,207.0,390.0
20.0007,-167.0,388.0
20.0058,6.0,388.0
20.0108,123.0,384.0
20.0161,-157.0,384.0
20.0204,19.0,382.0
20.026,266.0,384.0
20.0308,-153.0,384.0
20.0356,-354.0,388.0
20.0411,108.0,386.0
20.0454,297.0,386.0
20.0504,63.0,386.0
20.0556,-44.0,384.0
20.0605,-150.0,384.0
20.0655,-206.0,384.0
20.072,125.0,382.0
20.0774,270.0,382.0
20.0812,-147.0,382.0
20.0856,-194.0,378.0
20.0904,279.0,382.0
20.0964,107.0,380.0
20.1004,-413.0,382.0
20.1055,-50.0,382.0
20.1107,399.0,384.0
20.1157,1.0,382.0
20.1207,-190.0,380.0
20.1262,62.0,378.0
20.1312,-88.0,378.0
20.1354,-101.0,376.0
20.1406,247.0,378.0
20.1456,33.0,378.0
20.1508,-251.0,380.0
20.1562,146.0,382.0
20.1604,241.0,382.0
20.1654,-333.0,386.0
20.1707,-333.0,388.0
20.1762,415.0,392.0
20.181,488.0,396.0
20.1855,-367.0,400.0
20.1905,-557.0,406.0
20.1957,251.0,408.0
20.2006,441.0,412.0
20.2055,-186.0,412.0
20.2111,-224.0,416.0
20.2154,257.0,414.0
20.2204,71.0,414.0
20.2257,-365.0,412.0
20.2306,1.0,408.0
20.2358,340.0,408.0
20.2411,-120.0,406.0
20.2454,-205.0,408.0
20.2506,295.0,412.0
20.2558,117.0,414.0
20.2606,-387.0,416.0
20.2656,-97.0,416.0
20.2704,339.0,414.0
20.2759,26.0,412.0
20.281,-287.0,408.0
20.2857,133.0,406.0
20.2904,378.0,402.0
20.296,-251.0,398.0
20.3005,-559.0,398.0
20.3055,212.0,394.0
20.3106,614.0,398.0
20.3157,-87.0,398.0
20.3207,-462.0,402.0
20.3265,6.0,398.0
20.3309,252.0,398.0
20.3356,26.0,392.0
20.3409,-128.0,388.0
20.3457,-62.0,388.0
20.351,90.0,384.0
20.3555,75.0,382.0
20.3605,-126.0,380.0
20.3657,-39.0,378.0
20.3705,239.0,372.0
20.3755,22.0,370.0
20.3811,-354.0,366.0
20.3854,-106.0,366.0
20.3905,353.0,366.0
20.3957,267.0,370.0
20.4004,-164.0,370.0
20.4062,-354.0,372.0
20.4105,-168.0,374.0
20.4163,209.0,372.0
20.4204,445.0,380.0
20.4256,98.0,378.0
20.4304,-486.0,386.0
20.4358,-270.0,390.0
20.4405,360.0,392.0
20.4454,148.0,392.0
20.4506,-297.0,394.0
20.4554,88.0,394.0
20.4605,364.0,398.0
20.4659,-220.0,402.0
20.4704,-393.0,406.0
20.4757,264.0,410.0
20.4814,284.0,412.0
20.4857,-323.0,416.0
20.4921,-160.0,416.0
20.4954,370.0,418.0
20.5004,145.0,418.0
20.5055,-325.0,420.0
20.5104,-210.0,422.0
20.5157,205.0,424.0
20.521,282.0,426.0
20.5254,-61.0,428.0
20.531,-309.0,432.0
20.5356,-75.0,430.0
20.5406,249.0,432.0
20.5456,158.0,430.0
20.5508,-149.0,432.0
20.5555,-154.0,432.0
20.5604,118.0,432.0
20.5657,99.0,430.0
20.5706,-184.0,430.0
20.5756,-65.0,430.0
20.581,276.0,432.0
20.5854,104.0,432.0
20.5904,-271.0,434.0
20.5954,-209.0,432.0
20.6006,98.0,432.0
20.6058,295.0,430.0
20.611,143.0,430.0
20.6156,-269.0,428.0
20.6207,-261.0,432.0
20.6256,141.0,428.0
20.6308,211.0,430.0
20.6358,7.0,426.0
20.6404,-99.0,426.0
20.6459,-97.0,426.0
20.6508,10.0,424.0
20.6554,52.0,424.0
20.6604,4.0,422.0
20.6659,135.0,420.0
20.6704,100.0,420.0
20.6755,-327.0,420.0
20.6804,-276.0,422.0
20.6865,328.0,422.0
20.6904,352.0,428.0
20.696,-133.0,428.0
20.7004,-194.0,430.0
20.7055,-27.0,426.0
20.7106,-116.0,426.0
20.7156,-19.0,422.0
20.7209,362.0,426.0
20.7261,175.0,426.0
20.7309,-376.0,428.0
20.7356,-236.0,430.0
20.7406,127.0,424.0
20.7454,126.0,426.0
20.7507,271.0,424.0
20.7554,108.0,426.0
20.7604,-574.0,432.0
20.7654,-354.0,436.0
20.7708,547.0,444.0
20.7757,455.0,448.0
20.7805,-190.0,448.0
20.7855,-304.0,452.0
20.7905,-240.0,452.0
20.7954,-42.0,450.0
20.8004,467.0,454.0
20.8055,356.0,454.0
20.8104,-411.0,456.0
20.8155,-384.0,454.0
20.8205,238.0,450.0
20.8254,107.0,446.0
20.8304,-177.0,440.0
20.8356,211.0,440.0
20.8404,257.0,438.0
20.8455,-333.0,440.0
20.8505,-313.0,442.0
20.8554,270.0,442.0
20.8604,262.0,444.0
20.8657,-126.0,440.0
20.8704,-150.0,442.0
20.8754,-9.0,438.0
20.8804,0.0,436.0
20.8855,21.0,432.0
20.8913,152.0,430.0
20.8959,120.0,430.0
20.9004,-175.0,428.0
20.9055,-229.0,430.0
20.9104,23.0,424.0
20.9154,119.0,426.0
20.9205,140.0,424.0
20.9254,111.0,424.0
20.9305,-210.0,420.0
20.9354,-231.0,420.0
20.9404,284.0,416.0
20.9456,190.0,416.0
20.9507,-400.0,412.0
20.9555,-81.0,412.0
20.9604,425.0,412.0
20.9655,-48.0,412.0
20.9705,-254.0,412.0
20.9755,196.0,416.0
20.9806,-54.0,414.0
20.9855,-347.0,418.0
20.9905,330.0,422.0
20.9954,466.0,428.0
21.0006,-411.0,432.0
21.0055,-512.0,440.0
21.0105,285.0,440.0
21.0155,470.0,448.0
21.0205,-101.0,444.0
21.0254,-374.0,448.0
21.0304,26.0,444.0
21.0354,301.0,444.0
21.0404,-61.0,442.0
21.0456,-281.0,440.0
21.0504,83.0,440.0
21.0554,248.0,440.0
21.0606,-61.0,434.0
21.0658,-161.0,436.0
21.0706,87.0,428.0
21.0756,104.0,426.0
21.0805,-151.0,422.0
21.0854,-154.0,424.0
21.0904,96.0,420.0
21.0956,216.0,422.0
21.1005,100.0,418.0
21.1056,-111.0,416.0
21.1104,-236.0,414.0
21.1154,-138.0,412.0
21.1205,156.0,410.0
21.1254,288.0,410.0
21.1313,31.0,408.0
21.1355,-187.0,404.0
21.1404,-119.0,404.0
21.1454,-31.0,400.0
21.1504,59.0,396.0
21.1556,113.0,396.0
21.1604,9.0,392.0
21.1654,27.0,390.0
21.1705,32.0,386.0
21.1754,-236.0,388.0
21.1806,-114.0,386.0
21.1855,344.0,390.0
21.1905,106.0,388.0
21.1956,-347.0,392.0
21.2005,-41.0,390.0
21.2055,303.0,394.0
21.2106,5.0,392.0
21.2157,-235.0,394.0
21.2205,25.0,390.0
21.2257,203.0,392.0
21.2304,-68.0,388.0
21.2356,-231.0,388.0
21.2406,70.0,388.0
21.2455,253.0,388.0
21.2504,-47.0,386.0
21.2556,-233.0,386.0
21.2604,15.0,382.0
21.2657,189.0,382.0
21.2704,95.0,380.0
21.2755,-89.0,382.0
21.2805,-266.0,384.0
21.2854,-73.0,384.0
21.2904,333.0,390.0
21.2955,165.0,390.0
21.3005,-239.0,394.0
21.3054,-95.0,394.0
21.3104,97.0,394.0
21.3155,-34.0,390.0
21.3204,4.0,386.0
21.3255,109.0,382.0
21.3304,-56.0,378.0
21.3355,-151.0,378.0
21.3404,32.0,374.0
21.3455,183.0,378.0
21.3506,43.0,376.0
21.3556,-194.0,378.0
21.3604,-42.0,374.0
21.3655,271.0,376.0
21.3706,-61.0,370.0
21.3757,-457.0,374.0
21.3806,103.0,374.0
21.3855,563.0,380.0
21.3904,-13.0,376.0
21.3955,-397.0,380.0
21.4005,-43.0,372.0
21.4054,62.0,368.0
21.4108,-24.0,360.0
21.4155,219.0,356.0
21.4205,102.0,354.0
21.4263,-372.0,356.0
21.4314,-105.0,354.0
21.4367,409.0,360.0
21.4413,71.0,354.0
21.4454,-350.0,354.0
21.4504,-22.0,348.0
21.4554,250.0,344.0
21.4605,-67.0,342.0
21.4658,-153.0,342.0
21.4705,210.0,344.0
21.4756,65.0,342.0
21.4805,-352.0,342.0
21.4855,-19.0,338.0
21.4905,409.0,340.0
21.4957,44.0,336.0
21.5004,-364.0,338.0
21.5055,-113.0,338.0
21.5116,284.0,340.0
21.5163,185.0,342.0
21.5208,-218.0,346.0
21.5256,-213.0,348.0
21.5305,158.0,348.0
21.5354,145.0,348.0
21.5404,-91.0,348.0
21.5456,22.0,344.0
21.5506,43.0,344.0
21.5557,-245.0,346.0
21.5606,-44.0,346.0
21.5655,447.0,350.0
21.5705,85.0,348.0
21.5756,-516.0,352.0
21.5806,-127.0,350.0
21.5855,383.0,354.0
21.5905,124.0,350.0
21.5956,-130.0,350.0
21.6004,-76.0,344.0
21.6056,-87.0,346.0
21.6116,29.0,342.0
21.6154,211.0,342.0
21.6204,6.0,340.0
21.6254,-235.0,340.0
21.6304,-72.0,336.0
21.6355,153.0,330.0
21.6405,163.0,326.0
21.6455,-19.0,318.0
21.6504,-219.0,318.0
21.6555,-64.0,312.0
21.6605,200.0,312.0
21.6654,36.0,308.0
21.6705,-136.0,310.0
21.6755,81.0,306.0
21.6805,80.0,306.0
21.6856,-201.0,304.0
21.6905,-37.0,304.0
21.6955,235.0,304.0
21.7004,-14.0,304.0
21.7056,-142.0,304.0
21.712,92.0,304.0
21.7165,-37.0,302.0
21.7209,-202.0,302.0
21.7254,193.0,304.0
21.7313,301.0,306.0
21.736,-253.0,308.0
21.7404,-325.0,310.0
21.7455,251.0,312.0
21.7505,251.0,314.0
21.7554,-234.0,314.0
21.7605,-117.0,314.0
21.7654,215.0,312.0
21.7705,-9.0,312.0
21.7755,-206.0,312.0
21.7805,78.0,312.0
21.7854,229.0,316.0
21.7904,-78.0,316.0
21.7954,-310.0,318.0
21.8004,14.0,318.0
21.8054,433.0,326.0
21.8105,108.0,326.0
21.8154,-525.0,330.0
21.8208,-263.0,334.0
21.8258,536.0,336.0
21.8313,407.0,340.0
21.8359,-489.0,344.0
21.8406,-483.0,350.0
21.8455,415.0,352.0
21.8504,415.0,358.0
21.8554,-329.0,360.0
21.8604,-135.0,362.0
21.8654,271.0,362.0
21.8704,-274.0,366.0
21.8754,-275.0,366.0
21.8804,570.0,374.0
21.8854,284.0,374.0
21.8904,-592.0,384.0
21.8954,-222.0,382.0
21.9004,385.0,388.0
21.9053,75.0,386.0
21.9104,-91.0,386.0
21.9155,146.0,388.0
21.9208,-128.0,386.0
21.9254,-360.0,390.0
21.9306,157.0,388.0
21.9354,370.0,390.0
21.9404,-83.0,388.0
21.9454,-79.0,388.0
21.9504,129.0,388.0
21.9554,-309.0,392.0
21.9614,-335.0,398.0
21.9655,483.0,404.0
21.9706,464.0,410.0
21.9755,-376.0,414.0
21.9806,-345.0,418.0
21.9855,160.0,418.0
21.9904,90.0,418.0
21.9954,34.0,416.0
22.0004,135.0,418.0
22.0055,-163.0,416.0
22.0108,-283.0,420.0
22.0168,161.0,414.0
22.0212,296.0,418.0
22.0254,-53.0,410.0
22.0305,-128.0,412.0
22.0354,5.0,406.0
22.0405,-98.0,406.0
22.0464,-134.0,408.0
22.0505,165.0,410.0
22.0554,380.0,412.0
22.0604,26.0,412.0
22.0656,-552.0,414.0
22.0706,-341.0,418.0
22.0754,501.0,420.0
22.0806,517.0,426.0
22.0855,-303.0,426.0
22.0904,-463.0,432.0
22.0955,161.0,430.0
22.1004,345.0,436.0
22.1054,-107.0,434.0
22.1104,-284.0,436.0
22.1155,27.0,436.0
22.1205,220.0,432.0
22.1254,96.0,434.0
22.1305,-136.0,430.0
22.1356,-186.0,432.0
22.1417,139.0,428.0
22.1454,226.0,430.0
22.1504,-250.0,430.0
22.1554,-286.0,432.0
22.1604,264.0,432.0
22.1654,344.0,434.0
22.1707,-8.0,432.0
22.1755,-249.0,434.0
22.1805,-343.0,438.0
22.1856,-12.0,438.0
22.1913,449.0,444.0
22.1975,185.0,442.0
22.2011,-257.0,446.0
22.206,-63.0,440.0
22.212,15.0,438.0
22.2161,-192.0,434.0
22.2205,126.0,434.0
22.2265,292.0,432.0
22.2312,-223.0,434.0
22.2363,-202.0,436.0
22.2404,298.0,438.0
22.2456,95.0,438.0
22.2511,-278.0,442.0
22.2554,-45.0,440.0
22.2604,154.0,442.0
22.2654,-39.0,440.0
22.2704,-24.0,438.0
22.2755,206.0,440.0
22.2805,-19.0,438.0
22.2854,-361.0,442.0
22.2906,-9.0,440.0
22.2956,394.0,444.0
22.3004,23.0,442.0
22.3055,-284.0,446.0
22.3105,18.0,444.0
22.3154,93.0,444.0
22.3206,-50.0,444.0
22.3255,103.0,442.0
22.331,44.0,442.0
22.3355,-249.0,442.0
22.3419,-81.0,444.0
22.3458,284.0,446.0
22.3506,187.0,446.0
22.3555,-163.0,448.0
22.3605,-236.0,450.0
22.3655,-64.0,448.0
22.3705,106.0,444.0
22.3754,271.0,444.0
22.3806,141.0,442.0
22.3854,-369.0,444.0
22.3905,-324.0,444.0
22.3954,392.0,448.0
22.4004,345.0,450.0
22.4055,-391.0,454.0
22.4107,-231.0,456.0
22.4155,369.0,460.0
22.4204,35.0,458.0
22.4255,-356.0,460.0
22.4304,159.0,462.0
22.436,412.0,464.0
22.4405,-174.0,466.0
22.4455,-481.0,466.0
22.4512,-113.0,466.0
22.4564,384.0,464.0
22.4613,531.0,468.0
22.4656,-57.0,462.0
22.4705,-726.0,466.0
22.4754,-292.0,464.0
22.4804,533.0,464.0
22.4854,385.0,464.0
22.4904,-118.0,458.0
22.4957,-173.0,456.0
22.5005,-242.0,458.0
22.5054,-161.0,456.0
22.5104,367.0,458.0
22.5156,402.0,460.0
22.5204,-229.0,454.0
22.5255,-396.0,456.0
22.5304,2.0,448.0
22.5355,147.0,446.0
22.5413,48.0,440.0
22.5463,142.0,442.0
22.5513,140.0,442.0
22.5554,-270.0,444.0
22.5604,-387.0,448.0
22.5654,218.0,446.0
22.5706,515.0,452.0
22.5755,-72.0,448.0
22.5806,-455.0,454.0
22.5856,-45.0,452.0
22.5905,229.0,454.0
22.5956,26.0,450.0
22.6004,47.0,446.0
22.6055,94.0,440.0
22.6108,-214.0,436.0
22.6155,-157.0,432.0
22.6204,189.0,430.0
22.6254,83.0,428.0
22.6303,-25.0,428.0
22.6361,54.0,428.0
22.6404,-157.0,428.0
22.6454,-155.0,428.0
22.6515,253.0,428.0
22.6555,168.0,428.0
22.6607,-219.0,426.0
22.6655,-56.0,426.0
22.6705,138.0,426.0
22.6755,-151.0,428.0
22.6804,-136.0,430.0
22.6856,299.0,432.0
22.6907,179.0,432.0
22.6956,-276.0,430.0
22.7005,-131.0,432.0
22.7055,145.0,426.0
22.7112,5.0,420.0
22.7153,8.0,412.0
22.7204,86.0,406.0
22.7255,-162.0,404.0
22.7304,-113.0,398.0
22.7358,285.0,400.0
22.7404,123.0,396.0
22.7459,-348.0,400.0
22.7505,-210.0,400.0
22.7555,327.0,404.0
22.7605,421.0,408.0
22.7655,-174.0,408.0
22.7708,-589.0,416.0
22.7754,-63.0,414.0
22.7806,498.0,420.0
22.7855,206.0,418.0
22.7905,-208.0,418.0
22.7954,-187.0,416.0
22.8004,-31.0,412.0
22.8054,133.0,410.0
22.8105,108.0,412.0
22.8154,-140.0,410.0
22.8204,-62.0,406.0
22.8254,170.0,408.0
22.8305,-53.0,402.0
22.8367,-182.0,402.0
22.8404,177.0,400.0
22.8456,196.0,402.0
22.8504,-232.0,406.0
22.8554,-232.0,406.0
22.8604,205.0,408.0
22.8654,271.0,408.0
22.8704,-170.0,406.0
22.8754,-269.0,408.0
22.8805,201.0,406.0
22.8854,207.0,408.0
22.8906,-301.0,408.0
22.8956,-112.0,408.0
22.9004,415.0,414.0
22.9054,45.0,414.0
22.9104,-443.0,420.0
22.9154,-57.0,418.0
22.9205,271.0,422.0
22.9255,119.0,418.0
22.9305,79.0,418.0
22.9355,-106.0,414.0
22.9408,-390.0,420.0
22.9454,-35.0,416.0
22.9505,435.0,422.0
22.9556,126.0,422.0
22.9605,-263.0,426.0
22.9654,33.0,426.0
22.9704,169.0,428.0
22.9754,-293.0,428.0
22.9806,-320.0,432.0
22.9855,282.0,432.0
22.9905,524.0,436.0
22.9954,82.0,436.0
23.0004,-508.0,440.0
23.0054,-440.0,446.0
23.0106,327.0,450.0
23.0155,471.0,452.0
23.0204,-272.0,454.0
23.0254,-280.0,452.0
23.0304,411.0,454.0
23.0354,161.0,450.0
23.0405,-498.0,454.0
23.0457,-162.0,450.0
23.0505,311.0,450.0
23.0555,76.0,446.0
23.0605,36.0,446.0
23.0655,204.0,444.0
23.0704,-190.0,444.0
23.0754,-446.0,444.0
23.0805,13.0,442.0
23.0855,354.0,440.0
23.0905,212.0,442.0
23.0957,-10.0,436.0
23.1005,-195.0,430.0
23.1054,-224.0,434.0
23.1104,28.0,422.0
23.1155,179.0,420.0
23.1205,13.0,412.0
23.1256,-38.0,408.0
23.1306,121.0,408.0
23.1354,47.0,406.0
23.1404,-206.0,404.0
23.1459,-184.0,406.0
23.1504,53.0,400.0
23.1555,214.0,398.0
23.1604,216.0,396.0
23.1655,-90.0,392.0
23.1704,-353.0,398.0
23.1754,30.0,396.0
23.1805,344.0,400.0
23.1857,-165.0,400.0
23.1905,-377.0,404.0
23.1955,358.0,406.0
23.2005,508.0,408.0
23.2054,-455.0,412.0
23.2105,-564.0,412.0
23.2156,487.0,418.0
23.2204,425.0,418.0
23.2254,-553.0,426.0
23.2305,-198.0,426.0
23.2354,619.0,436.0
23.2405,48.0,436.0
23.2465,-551.0,442.0
23.2504,-4.0,438.0
23.2554,301.0,442.0
23.2605,-28.0,438.0
23.2655,3.0,438.0
23.2705,123.0,438.0
23.2754,-162.0,440.0
23.2804,-234.0,442.0
23.2853,83.0,440.0
23.2906,247.0,440.0
23.2958,129.0,440.0
23.3005,-113.0,438.0
23.3055,-241.0,442.0
23.3104,-78.0,440.0
23.3154,111.0,440.0
23.3204,155.0,440.0
23.3256,109.0,436.0
23.3306,-57.0,436.0
23.3354,-144.0,432.0
23.3404,-71.0,432.0
23.3454,-39.0,430.0
23.3505,69.0,432.0
23.3555,223.0,434.0
23.3613,64.0,434.0
23.3655,-229.0,436.0
23.3705,-248.0,438.0
23.3756,56.0,434.0
23.3807,419.0,438.0
23.3855,188.0,436.0
23.3905,-490.0,440.0
23.3956,-341.0,440.0
23.4003,390.0,440.0
23.4056,254.0,442.0
23.4106,-187.0,436.0
23.4155,52.0,436.0
23.4204,57.0,428.0
23.4255,-355.0,430.0
23.4304,-46.0,428.0
23.4354,439.0,432.0
23.4405,40.0,432.0
23.4457,-301.0,434.0
23.4509,2.0,432.0
23.4562,80.0,432.0
23.4604,5.0,432.0
23.4655,137.0,430.0
23.4704,-53.0,430.0
23.4762,-299.0,432.0
23.4807,31.0,430.0
23.4854,269.0,432.0
23.4905,-22.0,428.0
23.4956,-6.0,424.0
23.5005,221.0,424.0
23.5054,-237.0,424.0
23.5104,-517.0,430.0
23.5154,191.0,428.0
23.5206,544.0,434.0
23.5256,13.0,430.0
23.5305,-229.0,430.0
23.5354,-28.0,428.0
23.5404,-60.0,422.0
23.5454,-163.0,424.0
23.5504,58.0,418.0
23.5557,248.0,422.0
23.5611,57.0,418.0
23.5655,-114.0,418.0
23.5704,-30.0,418.0
23.5755,-18.0,416.0
23.5808,-92.0,412.0
23.5855,-16.0,412.0
23.5905,109.0,406.0
23.5954,137.0,406.0
23.6004,5.0,402.0
23.6055,-202.0,404.0
23.6109,-80.0,404.0
23.6154,203.0,402.0
23.6204,-10.0,398.0
23.6255,-222.0,396.0
23.6304,195.0,392.0
23.6354,261.0,394.0
23.6404,-308.0,390.0
23.6455,-238.0,388.0
23.6504,288.0,386.0
23.6556,127.0,382.0
23.6604,-211.0,380.0
23.6655,-23.0,376.0
23.6705,163.0,372.0
23.6755,33.0,370.0
23.6806,-128.0,364.0
23.6855,-145.0,364.0
23.6904,25.0,360.0
23.6956,213.0,362.0
23.7005,133.0,364.0
23.7055,-133.0,362.0
23.7104,-196.0,362.0
23.7156,4.0,356.0
23.7207,82.0,358.0
23.7256,-11.0,352.0
23.7306,70.0,350.0
23.7366,135.0,352.0
23.7404,-94.0,350.0
23.7455,-185.0,350.0
23.7505,17.0,350.0
23.7555,93.0,348.0
23.7604,47.0,348.0
23.7655,21.0,348.0
23.7704,-85.0,348.0
23.7754,-83.0,348.0
23.7806,113.0,346.0
23.7856,134.0,346.0
23.7905,-66.0,346.0
23.7954,-169.0,346.0
23.8004,-71.0,342.0
23.8055,124.0,344.0
23.8104,162.0,340.0
23.8155,-26.0,340.0
23.8204,-95.0,336.0
23.8253,2.0,334.0
23.8305,-48.0,328.0
23.8355,-97.0,324.0
23.8404,105.0,318.0
23.8454,202.0,314.0
23.8504,-42.0,306.0
23.8554,-203.0,302.0
23.8609,-3.0,296.0
23.8654,118.0,288.0
23.8707,-55.0,286.0
23.8754,-26.0,278.0
23.8804,143.0,278.0
23.8854,-55.0,270.0
23.8904,-152.0,274.0
23.8957,137.0,270.0
23.9004,82.0,272.0
23.9055,-186.0,274.0
23.9104,6.0,272.0
23.9155,134.0,272.0
23.9204,-83.0,270.0
23.9254,38.0,268.0
23.9304,178.0,268.0
23.9354,-227.0,270.0
23.9404,-293.0,272.0
23.9456,284.0,272.0
23.9504,335.0,276.0
23.9556,-218.0,278.0
23.9604,-220.0,280.0
23.966,175.0,280.0
23.9703,-7.0,280.0
23.9756,-221.0,282.0
23.9807,229.0,284.0
23.9856,277.0,288.0
23.9905,-362.0,292.0
23.9955,-237.0,292.0
24.0004,398.0,298.0
24.0056,106.0,296.0
24.0106,-381.0,298.0
24.0154,9.0,296.0
24.0204,357.0,296.0
24.0254,-13.0,292.0
24.0304,-328.0,290.0
24.0354,-109.0,286.0
24.0405,273.0,284.0
24.0455,258.0,286.0
24.0504,-200.0,286.0
24.0554,-289.0,288.0
24.0604,155.0,290.0
24.0657,192.0,288.0
24.0718,-155.0,290.0
24.0755,-95.0,284.0
24.0804,135.0,286.0
24.0854,85.0,282.0
24.0905,-44.0,282.0
24.0956,-139.0,284.0
24.1005,-81.0,286.0
24.1056,201.0,286.0
24.1111,180.0,288.0
24.1154,-236.0,288.0
24.1204,-254.0,290.0
24.1256,191.0,290.0
24.1305,320.0,294.0
24.1354,0.0,294.0
24.1406,-319.0,296.0
24.1455,-293.0,296.0
24.1506,192.0,292.0
24.1555,488.0,296.0
24.1604,-14.0,288.0
24.1654,-434.0,294.0
24.1707,-63.0,292.0
24.1755,224.0,294.0
24.1806,8.0,294.0
24.1855,-85.0,292.0
24.1904,35.0,292.0
24.1955,95.0,290.0
24.2005,125.0,290.0
24.2057,-101.0,290.0
24.2105,-492.0,298.0
24.2155,-49.0,298.0
24.2204,812.0,310.0
24.2254,281.0,314.0
24.2304,-859.0,326.0
24.2357,-399.0,330.0
24.2405,662.0,340.0
24.2455,323.0,342.0
24.2504,-395.0,346.0
24.2554,-132.0,346.0
24.2605,210.0,348.0
24.2655,-52.0,346.0
24.2704,-179.0,346.0
24.2754,165.0,344.0
24.2805,248.0,344.0
24.2854,-200.0,342.0
24.2906,-253.0,342.0
24.2956,194.0,344.0
24.3005,105.0,342.0
24.3054,-190.0,344.0
24.3104,110.0,344.0
24.3158,185.0,346.0
24.3208,-266.0,348.0
24.3257,-167.0,348.0
24.3305,317.0,352.0
24.3355,159.0,352.0
24.3404,-306.0,354.0
24.3455,-174.0,356.0
24.3504,283.0,356.0
24.3557,171.0,360.0
24.3604,-237.0,362.0
24.3654,-91.0,364.0
24.3704,105.0,364.0
24.3755,-90.0,362.0
24.3816,96.0,362.0
24.3854,294.0,364.0
24.3904,-264.0,368.0
24.396,-358.0,372.0
24.4006,332.0,378.0
24.4054,217.0,380.0
24.4107,-332.0,384.0
24.4157,-13.0,382.0
24.4205,299.0,386.0
24.4254,-94.0,386.0
24.4304,-224.0,388.0
24.4354,129.0,386.0
24.4404,126.0,388.0
24.4454,-185.0,388.0
24.4504,-86.0,388.0
24.4554,220.0,390.0
24.4604,136.0,392.0
24.4654,-135.0,394.0
24.4705,-170.0,396.0
24.4754,-55.0,394.0
24.4803,75.0,394.0
24.4855,230.0,394.0
24.4904,108.0,396.0
24.4956,-285.0,396.0
24.5005,-239.0,400.0
24.5055,215.0,402.0
24.5104,219.0,404.0
24.5158,-100.0,406.0
24.5204,-46.0,404.0
24.5256,42.0,404.0
24.5306,-156.0,404.0
24.5354,-96.0,404.0
24.5404,211.0,406.0
24.5454,188.0,406.0
24.5504,-76.0,406.0
24.5555,-169.0,408.0
24.5605,-45.0,406.0
24.5654,27.0,406.0
24.5705,-58.0,404.0
24.5754,42.0,402.0
24.5815,324.0,402.0
24.586,115.0,400.0
24.5914,-460.0,402.0
24.5958,-358.0,404.0
24.6004,305.0,404.0
24.6055,383.0,408.0
24.6106,-29.0,408.0
24.6156,-140.0,408.0
24.6204,-90.0,406.0
24.6254,-130.0,402.0
24.6304,-19.0,398.0
24.6354,217.0,398.0
24.6404,212.0,394.0
24.6456,-137.0,394.0
24.6527,-313.0,394.0
24.6555,54.0,394.0
24.6604,259.0,392.0
24.6654,-100.0,394.0
24.6704,-144.0,392.0
24.6755,211.0,392.0
24.681,90.0,390.0
24.6862,-190.0,390.0
24.6912,-61.0,386.0
24.6954,10.0,382.0
24.7004,-59.0,380.0
24.7054,113.0,380.0
24.7104,221.0,380.0
24.7154,-16.0,380.0
24.7207,-243.0,382.0
24.7256,-225.0,384.0
24.7305,61.0,384.0
24.7354,399.0,388.0
24.7404,201.0,390.0
24.7455,-353.0,392.0
24.7504,-364.0,394.0
24.7556,143.0,394.0
24.7604,322.0,394.0
24.7654,25.0,392.0
24.7707,-132.0,388.0
24.7754,-25.0,390.0
24.7804,-58.0,386.0
24.7856,-81.0,382.0
24.7904,158.0,382.0
24.7955,173.0,376.0
24.8004,-153.0,378.0
24.8055,-168.0,374.0
24.8119,82.0,374.0
24.8154,38.0,372.0
24.8204,-58.0,372.0
24.8254,114.0,374.0
24.8303,126.0,374.0
24.8355,-111.0,374.0
24.8404,-123.0,374.0
24.8455,-43.0,374.0
24.8504,-105.0,368.0
24.8554,138.0,370.0
24.8607,414.0,364.0
24.8656,-64.0,360.0
24.8706,-519.0,354.0
24.8757,-62.0,350.0
24.8806,347.0,344.0
24.8854,108.0,340.0
24.8904,-75.0,336.0
24.8955,-64.0,334.0
24.9006,-100.0,332.0
24.9054,-12.0,332.0
24.9105,140.0,332.0
24.9155,64.0,330.0
24.9205,-102.0,328.0
24.9257,-51.0,326.0
24.9305,30.0,322.0
24.9354,-33.0,320.0
24.9404,40.0,318.0
24.9454,157.0,318.0
24.9505,-56.0,318.0
24.9554,-247.0,318.0
24.9604,11.0,314.0
24.9655,227.0,316.0
24.9705,8.0,310.0
24.9754,-112.0,310.0
24.9807,79.0,306.0
24.9856,25.0,304.0
24.9906,-239.0,302.0
24.9954,-74.0,302.0
25.0003,318.0,302.0
25.0055,196.0,304.0
25.0106,-211.0,306.0
25.0155,-227.0,308.0
25.0204,-3.0,306.0
25.0254,117.0,304.0
25.0305,148.0,302.0
25.0355,8.0,296.0
25.0406,-146.0,294.0
25.0455,-2.0,290.0
25.0504,68.0,286.0
25.0554,-169.0,288.0
25.0603,-24.0,284.0
25.0655,387.0,288.0
25.0705,39.0,286.0
25.0755,-496.0,292.0
25.0804,-27.0,290.0
25.0854,473.0,294.0
25.0912,-83.0,294.0
25.0958,-449.0,298.0
25.1006,209.0,300.0
25.1055,515.0,306.0
25.1106,-174.0,306.0
25.1155,-563.0,314.0
25.1205,-35.0,312.0
25.1256,408.0,316.0
25.1304,204.0,318.0
25.1355,-95.0,314.0
25.1411,-199.0,314.0
25.1455,-96.0,312.0
25.1504,178.0,310.0
25.1555,49.0,310.0
25.1604,-307.0,314.0
25.1654,52.0,314.0
25.1706,469.0,320.0
25.1758,-58.0,318.0
25.1812,-461.0,322.0
25.1857,34.0,320.0
25.1919,300.0,324.0
25.1962,-76.0,322.0
25.2006,-163.0,324.0
25.2056,125.0,326.0
25.2115,148.0,328.0
25.2154,-38.0,326.0
25.2207,-156.0,324.0
25.2257,-189.0,326.0
25.2307,39.0,318.0
25.2359,381.0,320.0
25.2405,174.0,318.0
25.246,-398.0,318.0
25.2505,-312.0,322.0
25.2556,303.0,324.0
25.2608,293.0,328.0
25.2661,-235.0,330.0
25.2704,-193.0,332.0
25.276,213.0,332.0
25.2823,117.0,330.0
25.2856,-146.0,330.0
25.2907,-66.0,326.0
25.2969,10.0,326.0
25.3006,-6.0,322.0
25.3056,81.0,322.0
25.3106,68.0,320.0
25.3156,-15.0,318.0
25.3206,-21.0,316.0
25.3257,-138.0,316.0
25.3304,-150.0,318.0
25.3357,177.0,320.0
25.3406,310.0,324.0
25.3456,-19.0,322.0
25.3504,-330.0,324.0
25.356,-173.0,326.0
25.3604,251.0,326.0
25.3656,216.0,326.0
25.3706,-175.0,328.0
25.376,-127.0,324.0
25.3805,119.0,322.0
25.3859,32.0,318.0
25.3904,-60.0,312.0
25.3959,-4.0,310.0
25.4006,22.0,306.0
25.4053,50.0,306.0
25.4112,-17.0,304.0
25.4154,-130.0,306.0
25.4211,8.0,306.0
25.4254,181.0,306.0
25.4304,42.0,306.0
25.4354,-182.0,306.0
25.4409,-124.0,304.0
25.4459,170.0,304.0
25.4505,183.0,306.0
25.4558,-180.0,308.0
25.4606,-185.0,310.0
25.4661,205.0,312.0
25.4704,104.0,312.0
25.476,-235.0,314.0
25.4806,91.0,314.0
25.4856,310.0,318.0
25.4906,-337.0,320.0
25.496,-460.0,326.0
25.5007,450.0,326.0
25.5053,570.0,334.0
25.5103,-347.0,332.0
25.5155,-487.0,338.0
25.5206,144.0,336.0
25.5261,257.0,338.0
25.5304,23.0,336.0
25.5354,-88.0,338.0
25.5409,-148.0,338.0
25.5456,88.0,338.0
25.5507,265.0,340.0
25.5559,-161.0,342.0
25.5604,-335.0,346.0
25.5656,153.0,348.0
25.5706,268.0,352.0
25.5758,-39.0,352.0
25.5809,-75.0,352.0
25.5858,-68.0,350.0
25.5904,-94.0,352.0
25.5953,68.0,348.0
25.6006,114.0,350.0
25.6062,20.0,346.0
25.6116,-11.0,346.0
25.6159,-95.0,346.0
25.6206,-100.0,346.0
25.6256,102.0,348.0
25.6305,185.0,348.0
25.6355,-68.0,348.0
25.6404,-253.0,346.0
25.646,29.0,344.0
25.6505,235.0,344.0
25.6557,-16.0,340.0
25.6605,-66.0,342.0
25.6659,67.0,340.0
25.6712,-170.0,342.0
25.6759,-174.0,344.0
25.6807,288.0,346.0
25.6856,273.0,350.0
25.6906,-186.0,352.0
25.6962,-277.0,354.0
25.7006,-32.0,354.0
25.7056,168.0,350.0
25.7109,182.0,352.0
25.7165,-45.0,346.0
25.7211,-219.0,348.0
25.7259,8.0,342.0
25.7306,217.0,344.0
25.7354,-42.0,338.0
25.7407,-206.0,338.0
25.7457,93.0,330.0
25.7508,191.0,330.0
25.7561,-151.0,324.0
25.7604,-201.0,326.0
25.7655,204.0,324.0
25.7706,243.0,324.0
25.7756,-199.0,326.0
25.7809,-302.0,328.0
25.7854,95.0,328.0
25.7905,370.0,330.0
25.7957,96.0,332.0
25.8006,-390.0,332.0
25.8055,-300.0,336.0
25.811,266.0,334.0
25.8159,388.0,338.0
25.8206,-12.0,332.0
25.8262,-256.0,334.0
25.8306,-193.0,334.0
25.8356,-35.0,332.0
25.8406,158.0,332.0
25.8454,214.0,334.0
25.8504,88.0,332.0
25.8556,-48.0,334.0
25.8607,-256.0,334.0
25.8659,-319.0,336.0
25.8704,129.0,338.0
25.8759,508.0,340.0
25.8807,133.0,340.0
25.8856,-382.0,340.0
25.8906,-236.0,338.0
25.896,165.0,336.0
25.9009,115.0,334.0
25.9054,-83.0,330.0
25.9109,73.0,328.0
25.9154,106.0,328.0
25.9204,-160.0,328.0
25.9261,-79.0,326.0
25.931,92.0,328.0
25.9356,-43.0,328.0
25.9406,52.0,328.0
25.9453,170.0,330.0
25.9507,-170.0,332.0
25.9559,-228.0,334.0
25.9603,241.0,338.0
25.9654,258.0,340.0
25.9706,-272.0,342.0
25.9757,-302.0,344.0
25.9811,243.0,342.0
25.9859,292.0,348.0
25.9904,-178.0,344.0
25.9956,-174.0,344.0
26.0004,164.0,344.0
26.0057,40.0,340.0
26.011,-227.0,342.0
26.0158,-49.0,340.0
26.0209,254.0,342.0
26.0256,228.0,346.0
26.0306,-111.0,346.0
26.0357,-411.0,352.0
26.0409,-159.0,354.0
26.0455,407.0,360.0
26.0504,334.0,366.0
26.0556,-214.0,366.0
26.0604,-261.0,370.0
26.0658,1.0,368.0
26.0708,41.0,368.0
26.0768,96.0,366.0
26.0811,114.0,366.0
26.0856,-103.0,366.0
26.0907,-105.0,364.0
26.0959,113.0,362.0
26.1007,-12.0,360.0
26.1054,-154.0,360.0
26.1106,118.0,360.0
26.1156,175.0,358.0
26.1207,-137.0,360.0
26.1259,-131.0,356.0
26.1309,81.0,352.0
26.1357,73.0,346.0
26.1405,5.0,340.0
26.1455,-107.0,332.0
26.1505,-117.0,328.0
26.1564,226.0,324.0
26.1604,255.0,326.0
26.1656,-290.0,326.0
26.1709,-336.0,332.0
26.1756,210.0,334.0
26.1804,267.0,336.0
26.1855,-76.0,336.0
26.1904,-111.0,332.0
26.1953,58.0,332.0
26.2004,49.0,326.0
26.2054,-172.0,328.0
26.2105,-159.0,326.0
26.2155,250.0,328.0
26.2204,296.0,332.0
26.2254,-185.0,334.0
26.2305,-279.0,336.0
26.2355,84.0,338.0
26.2406,119.0,338.0
26.2455,-99.0,338.0
26.2505,19.0,338.0
26.2555,209.0,340.0
26.2606,-44.0,340.0
26.2655,-249.0,342.0
26.2706,51.0,340.0
26.2756,126.0,340.0
26.2804,-175.0,340.0
26.2854,43.0,340.0
26.2905,372.0,342.0
26.2956,-88.0,342.0
26.3006,-443.0,348.0
26.3055,-11.0,348.0
26.3104,284.0,350.0
26.3154,151.0,350.0
26.3204,24.0,346.0
26.3254,-224.0,344.0
26.3314,-336.0,346.0
26.3353,147.0,344.0
26.3404,509.0,352.0
26.3454,100.0,352.0
26.3505,-423.0,354.0
26.3554,-393.0,360.0
26.3605,56.0,358.0
26.3654,491.0,366.0
26.3704,457.0,370.0
26.3754,-250.0,372.0
26.3804,-831.0,382.0
26.3854,-179.0,384.0
26.3906,803.0,394.0
26.3954,440.0,398.0
26.4004,-432.0,402.0
26.4054,-305.0,402.0
26.4105,71.0,400.0
26.4162,-70.0,398.0
26.4207,22.0,394.0
26.4259,332.0,398.0
26.4303,69.0,392.0
26.4362,-313.0,396.0
26.4404,-104.0,392.0
26.4454,183.0,390.0
26.4504,-11.0,386.0
26.4567,-189.0,382.0
26.4612,148.0,384.0
26.4654,301.0,386.0
26.4705,-172.0,386.0
26.4755,-292.0,390.0
26.4806,126.0,388.0
26.4854,103.0,386.0
26.4904,-108.0,388.0
26.4954,81.0,388.0
26.5004,129.0,386.0
26.5054,-133.0,382.0
26.5104,-151.0,384.0
26.5154,115.0,378.0
26.5204,162.0,378.0
26.5295,-95.0,374.0
26.5304,-169.0,372.0
26.5362,27.0,370.0
26.5404,160.0,370.0
26.5462,109.0,370.0
26.5506,-130.0,372.0
26.5556,-227.0,374.0
26.5604,120.0,374.0
26.5654,264.0,376.0
26.5704,-154.0,376.0
26.5755,-246.0,380.0
26.5804,167.0,382.0
26.5855,209.0,382.0
26.5904,-86.0,382.0
26.5954,-148.0,380.0
26.6004,-36.0,376.0
26.6054,44.0,374.0
26.6106,40.0,370.0
26.6154,96.0,366.0
26.6203,157.0,366.0
26.627,-194.0,364.0
26.6304,-414.0,368.0
26.6356,159.0,368.0
26.6405,487.0,372.0
26.6455,-47.0,372.0
26.6536,-316.0,374.0
26.6554,-4.0,374.0
26.6604,75.0,370.0
26.6657,-33.0,368.0
26.6706,84.0,366.0
26.6754,100.0,362.0
26.6804,-180.0,362.0
26.6854,-189.0,358.0
26.6903,238.0,358.0
26.6957,298.0,358.0
26.7005,-192.0,358.0
26.7055,-338.0,362.0
26.7104,14.0,362.0
26.7154,211.0,364.0
26.7204,192.0,366.0
26.7254,39.0,364.0
26.7305,-295.0,368.0
26.7354,-236.0,370.0
26.7404,265.0,374.0
26.7463,228.0,374.0
26.7504,-184.0,376.0
26.7554,-45.0,374.0
26.7604,128.0,374.0
26.7654,-160.0,374.0
26.7705,-84.0,374.0
26.7755,312.0,378.0
26.7805,43.0,378.0
26.7854,-412.0,382.0
26.7905,-111.0,382.0
26.7954,414.0,386.0
26.8004,355.0,388.0
26.8056,-242.0,386.0
26.8106,-608.0,390.0
26.8154,-33.0,388.0
26.8204,622.0,394.0
26.8255,206.0,396.0
26.8306,-392.0,400.0
26.8354,-167.0,402.0
26.8406,126.0,402.0
26.8455,29.0,400.0
26.8503,24.0,398.0
26.8562,39.0,396.0
26.8604,-57.0,392.0
26.8656,0.0,388.0
26.8705,32.0,384.0
26.8754,-64.0,384.0
26.8804,0.0,382.0
26.8853,62.0,382.0
26.8904,-43.0,382.0
26.8958,-2.0,380.0
26.9005,114.0,380.0
26.9054,-18.0,376.0
26.9104,-131.0,378.0
26.9154,-35.0,376.0
26.9205,-1.0,374.0
26.9254,73.0,374.0
26.9305,227.0,372.0
26.9356,-18.0,370.0
26.9409,-385.0,370.0
26.9454,-85.0,372.0
26.9508,389.0,372.0
26.9556,131.0,372.0
26.9604,-286.0,376.0
26.9654,-73.0,374.0
26.9705,162.0,372.0
26.9754,-46.0,370.0
26.9805,-47.0,362.0
26.9855,150.0,364.0
26.9904,-56.0,358.0
26.9957,-199.0,354.0
27.0004,129.0,356.0
27.0056,188.0,352.0
27.0105,-159.0,346.0
27.0154,-120.0,344.0
27.0204,179.0,334.0
27.0257,22.0,332.0
27.0304,-212.0,322.0
27.0353,40.0,316.0
27.0405,209.0,312.0
27.0455,-34.0,308.0
27.0504,-106.0,310.0
27.0554,20.0,308.0
27.0604,-82.0,310.0
27.0656,-98.0,306.0
27.0704,247.0,308.0
27.0755,266.0,308.0
27.0807,-263.0,310.0
27.0855,-377.0,314.0
27.0904,130.0,316.0
27.0955,286.0,316.0
27.1004,-7.0,314.0
27.1054,-29.0,310.0
27.1104,31.0,308.0
27.1155,-184.0,306.0
27.1204,-150.0,306.0
27.1254,199.0,308.0
27.1304,197.0,310.0
27.1355,-71.0,310.0
27.1404,-105.0,308.0
27.1454,-38.0,308.0
27.1505,-23.0,306.0
27.1556,63.0,304.0
27.1604,83.0,304.0
27.1654,-55.0,302.0
27.1705,-86.0,302.0
27.1753,54.0,302.0
27.1807,85.0,300.0
27.1855,-60.0,300.0
27.1905,-83.0,300.0
27.1953,76.0,296.0
27.2003,48.0,296.0
27.2056,-116.0,294.0
27.2104,30.0,292.0
27.2155,162.0,290.0
27.2204,-103.0,290.0
27.2254,-160.0,288.0
27.2304,103.0,288.0
27.2353,73.0,288.0
27.2404,-44.0,288.0
27.2454,50.0,288.0
27.2503,-6.0,288.0
27.2555,-122.0,288.0
27.2603,43.0,286.0
27.2654,113.0,284.0
27.2703,-94.0,280.0
27.2754,-79.0,278.0
27.2804,128.0,272.0
27.2853,97.0,274.0
27.2904,-86.0,270.0
27.2959,-188.0,272.0
27.3006,-23.0,272.0
27.3055,280.0,276.0
27.3104,118.0,276.0
27.3155,-293.0,280.0
27.3204,-127.0,278.0
27.3254,240.0,280.0
27.3305,62.0,276.0
27.3354,-189.0,274.0
27.3404,-12.0,272.0
27.3453,174.0,270.0
27.3507,52.0,270.0
27.3564,-153.0,270.0
27.3604,-153.0,268.0
27.3653,83.0,270.0
27.3704,212.0,268.0
27.3754,16.0,264.0
27.3805,-181.0,264.0
27.3855,-75.0,260.0
27.3906,103.0,260.0
27.3954,63.0,260.0
27.4004,-33.0,258.0
27.4054,-33.0,256.0
27.4104,-21.0,256.0
27.4154,44.0,252.0
27.4205,102.0,252.0
27.4255,-72.0,246.0
27.4304,-204.0,248.0
27.4353,62.0,242.0
27.4417,250.0,242.0
27.4458,-21.0,238.0
27.451,-195.0,232.0
27.4553,8.0,230.0
27.4604,100.0,222.0
27.4656,-34.0,220.0
27.4704,-27.0,214.0
27.4753,57.0,212.0
27.4803,-43.0,212.0
27.4854,-75.0,212.0
27.4906,120.0,214.0
27.4981,124.0,214.0
27.5005,-121.0,216.0
27.5056,-164.0,218.0
27.5105,7.0,218.0
27.5155,100.0,218.0
27.5207,102.0,220.0
27.5255,38.0,220.0
27.5306,-80.0,220.0
27.5354,-116.0,222.0
27.5404,-47.0,222.0
27.5455,85.0,222.0
27.5516,169.0,222.0
27.5561,-12.0,222.0
27.5604,-200.0,226.0
27.5654,-46.0,226.0
27.5704,108.0,224.0
27.5755,76.0,224.0
27.5806,68.0,220.0
27.5854,-67.0,218.0
27.5904,-224.0,216.0
27.5954,20.0,214.0
27.6004,258.0,214.0
27.6055,22.0,214.0
27.6107,-165.0,214.0
27.6155,-12.0,212.0
27.6204,43.0,212.0
27.6256,-59.0,212.0
27.6303,0.0,210.0
27.6355,132.0,210.0
27.6406,21.0,208.0
27.6455,-127.0,206.0
27.651,-20.0,204.0
27.6554,48.0,204.0
27.6604,-35.0,202.0
27.6656,31.0,202.0
27.6705,97.0,200.0
27.6754,-73.0,200.0
27.6806,-126.0,198.0
27.6854,92.0,200.0
27.6906,107.0,200.0
27.6955,-113.0,202.0
27.7005,-23.0,200.0
27.7055,148.0,202.0
27.7105,-89.0,198.0
27.7156,-181.0,198.0
27.7204,146.0,196.0
27.7255,153.0,192.0
27.7306,-117.0,192.0
27.7354,-40.0,188.0
27.7404,68.0,188.0
27.7454,-77.0,190.0
27.7516,-46.0,190.0
27.7553,97.0,188.0
27.7604,5.0,186.0
27.7654,-35.0,184.0
27.7704,102.0,182.0
27.7756,-3.0,182.0
27.7805,-219.0,182.0
27.7856,-31.0,182.0
27.7904,240.0,186.0
27.7954,91.0,186.0
27.8004,-154.0,188.0
27.8054,-125.0,188.0
27.8107,52.0,188.0
27.8154,140.0,190.0
27.8204,-1.0,188.0
27.8255,-172.0,190.0
27.8304,-25.0,190.0
27.8354,216.0,192.0
27.8405,94.0,192.0
27.8454,-206.0,194.0
27.8504,-185.0,196.0
27.8554,90.0,194.0
27.8604,189.0,196.0
27.8655,50.0,194.0
27.8705,-85.0,194.0
27.8756,-86.0,194.0
27.8808,-15.0,194.0
27.8854,10.0,194.0
27.8903,50.0,194.0
27.8957,82.0,194.0
27.9005,-68.0,194.0
27.9054,-133.0,194.0
27.9104,132.0,194.0
27.9155,155.0,196.0
27.9204,-259.0,198.0
27.9258,-209.0,200.0
27.9307,383.0,204.0
27.9354,325.0,206.0
27.9404,-378.0,212.0
27.9453,-416.0,214.0
27.9505,208.0,216.0
27.956,351.0,216.0
27.9604,-30.0,214.0
27.9654,-150.0,214.0
27.9705,33.0,212.0
27.9754,-13.0,210.0
27.9805,-175.0,212.0
27.9854,37.0,210.0
27.9904,264.0,214.0
27.9955,-13.0,212.0
28.0004,-246.0,214.0
28.0055,71.0,212.0
28.0107,245.0,214.0
28.0155,-159.0,216.0
28.0205,-311.0,218.0
28.0253,142.0,218.0
28.0304,326.0,222.0
28.0355,-44.0,222.0
28.0404,-224.0,224.0
28.0454,6.0,224.0
28.0505,108.0,226.0
28.0554,-55.0,226.0
28.0603,-97.0,226.0
28.0653,77.0,226.0
28.0706,145.0,226.0
28.0754,-1.0,224.0
28.0805,-121.0,222.0
28.0853,-99.0,224.0
28.0904,-8.0,220.0
28.0956,118.0,222.0
28.1004,137.0,222.0
28.1054,-56.0,224.0
28.1105,-169.0,226.0
28.1154,-2.0,224.0
28.1206,115.0,226.0
28.1261,33.0,224.0
28.1306,-14.0,224.0
28.1356,-52.0,222.0
28.1406,-102.0,222.0
28.1454,35.0,220.0
28.1505,166.0,222.0
28.1553,27.0,222.0
28.1604,-117.0,222.0
28.1656,-98.0,222.0
28.1703,7.0,222.0
28.1755,164.0,222.0
28.1805,58.0,222.0
28.1854,-256.0,224.0
28.1904,-61.0,224.0
28.1955,386.0,228.0
28.2004,103.0,228.0
28.2057,-480.0,234.0
28.2107,-246.0,236.0
28.2155,423.0,242.0
28.2204,388.0,246.0
28.2254,-215.0,250.0
28.2305,-376.0,252.0
28.2353,-1.0,252.0
28.2404,183.0,250.0
28.2454,74.0,250.0
28.2504,92.0,250.0
28.2556,20.0,250.0
28.2604,-307.0,254.0
28.2656,-160.0,256.0
28.2704,370.0,262.0
28.2755,209.0,262.0
28.2805,-315.0,268.0
28.2854,-155.0,268.0
28.2903,250.0,272.0
28.2957,88.0,272.0
28.3004,-213.0,274.0
28.3055,-65.0,276.0
28.3104,146.0,276.0
28.3153,45.0,276.0
28.3204,-12.0,274.0
28.3254,54.0,274.0
28.3304,-123.0,274.0
28.3355,-240.0,276.0
28.3404,137.0,278.0
28.3453,399.0,280.0
28.3505,-29.0,280.0
28.3555,-427.0,284.0
28.3604,-36.0,282.0
28.3654,357.0,286.0
28.3704,-73.0,284.0
28.3761,-296.0,288.0
28.3806,265.0,292.0
28.3854,290.0,296.0
28.3904,-315.0,300.0
28.3954,-275.0,302.0
28.4004,137.0,304.0
28.4054,157.0,306.0
28.4104,129.0,306.0
28.4154,56.0,308.0
28.4204,-274.0,308.0
28.4255,-221.0,312.0
28.4304,215.0,310.0
28.4354,199.0,312.0
28.4404,-57.0,310.0
28.4455,-21.0,310.0
28.4504,-42.0,310.0
28.4554,-140.0,310.0
28.4603,47.0,310.0
28.4656,160.0,310.0
28.4704,-47.0,310.0
28.4754,-41.0,308.0
28.4813,95.0,308.0
28.4855,-142.0,306.0
28.4904,-142.0,306.0
28.4965,315.0,310.0
28.5003,158.0,308.0
28.5054,-400.0,314.0
28.5104,-147.0,316.0
28.5155,340.0,320.0
28.5205,77.0,320.0
28.5259,-182.0,322.0
28.5306,81.0,324.0
28.5354,42.0,322.0
28.5404,-276.0,326.0
28.5454,7.0,324.0
28.5507,360.0,328.0
28.5556,12.0,326.0
28.5604,-210.0,324.0
28.5654,0.0,322.0
28.5703,-79.0,316.0
28.5763,-111.0,314.0
28.5804,250.0,312.0
28.5854,216.0,308.0
28.5904,-200.0,308.0
28.5954,-155.0,304.0
28.6003,90.0,306.0
28.6054,-64.0,304.0
28.6106,-56.0,304.0
28.6157,273.0,308.0
28.6204,17.0,306.0
28.6254,-365.0,312.0
28.6304,147.0,310.0
28.6354,392.0,316.0
28.6406,-355.0,318.0
28.6454,-411.0,322.0
28.6503,433.0,326.0
28.6555,354.0,328.0
28.6604,-389.0,330.0
28.6654,-188.0,330.0
28.6705,374.0,332.0
28.6756,45.0,332.0
28.6806,-414.0,334.0
28.6853,-37.0,334.0
28.6904,395.0,340.0
28.6957,101.0,340.0
28.7004,-273.0,342.0
28.7056,-110.0,344.0
28.7104,146.0,344.0
28.7153,8.0,344.0
28.7204,-140.0,344.0
28.7256,160.0,344.0
28.7306,276.0,348.0
28.7355,-257.0,350.0
28.7408,-425.0,356.0
28.7454,165.0,358.0
28.7505,420.0,360.0
28.7554,32.0,362.0
28.7605,-249.0,364.0
28.7654,-151.0,366.0
28.7704,72.0,366.0
28.7757,147.0,368.0
28.7803,16.0,366.0
28.7854,-115.0,368.0
28.7904,-104.0,366.0
28.7954,65.0,368.0
28.8003,269.0,370.0
28.8054,87.0,370.0
28.8107,-376.0,376.0
28.8155,-296.0,378.0
28.8204,260.0,380.0
28.8254,353.0,382.0
28.8304,-32.0,382.0
28.8353,-190.0,378.0
28.8405,-39.0,378.0
28.8454,-22.0,370.0
28.8504,-94.0,368.0
28.8554,138.0,364.0
28.8603,263.0,362.0
28.8654,-189.0,362.0
28.8704,-370.0,362.0
28.8755,235.0,364.0
28.8804,427.0,368.0
28.8853,-271.0,372.0
28.8903,-424.0,376.0
28.8955,284.0,380.0
28.9004,321.0,382.0
28.9054,-291.0,384.0
28.9103,-132.0,380.0
28.9153,287.0,380.0
28.9204,-46.0,376.0
28.9254,-249.0,378.0
28.9304,116.0,376.0
28.9353,178.0,378.0
28.9406,-74.0,376.0
28.9454,-113.0,376.0
28.9503,5.0,374.0
28.9554,82.0,374.0
28.9604,17.0,374.0
28.9653,-78.0,374.0
28.9704,29.0,374.0
28.9753,95.0,370.0
28.9803,-120.0,370.0
28.9854,-146.0,366.0
28.9904,205.0,370.0
28.9953,225.0,366.0
29.0004,-237.0,370.0
29.0054,-269.0,368.0
29.0105,226.0,370.0
29.0155,204.0,370.0
29.0204,-277.0,370.0
29.0256,-76.0,366.0
29.0303,426.0,368.0
29.0353,49.0,364.0
29.0406,-499.0,370.0
29.0454,-155.0,370.0
29.0504,349.0,374.0
29.0554,205.0,376.0
29.0603,-109.0,372.0
29.0654,-70.0,370.0
29.0704,30.0,368.0
29.0754,-139.0,366.0
29.0804,-155.0,368.0
29.0854,238.0,372.0
29.0903,292.0,376.0
29.0954,-166.0,376.0
29.1004,-232.0,378.0
29.1054,34.0,376.0
29.1103,-6.0,376.0
29.1154,6.0,376.0
29.1203,198.0,378.0
29.1255,34.0,376.0
29.1305,-173.0,376.0
29.1353,-7.0,372.0
29.1404,11.0,368.0
29.1454,-160.0,366.0
29.1504,72.0,364.0
29.1556,356.0,364.0
29.1604,27.0,364.0
29.1654,-392.0,366.0
29.1704,-203.0,368.0
29.1755,204.0,372.0
29.1806,255.0,370.0
29.1855,46.0,372.0
29.1905,-114.0,368.0
29.1956,-130.0,370.0
29.2004,-93.0,368.0
29.2054,-13.0,368.0
29.2106,203.0,370.0
29.2155,250.0,372.0
29.2204,-178.0,370.0
29.2254,-411.0,374.0
29.2303,111.0,372.0
29.2359,432.0,376.0
29.2404,-106.0,378.0
29.2455,-371.0,382.0
29.2505,147.0,384.0
29.2555,290.0,384.0
29.2604,-119.0,386.0
29.2655,-179.0,382.0
29.2704,-4.0,380.0
29.2755,26.0,374.0
29.2805,122.0,370.0
29.2854,119.0,366.0
29.2905,-160.0,362.0
29.2955,-224.0,360.0
29.3004,133.0,356.0
29.3054,298.0,358.0
29.3103,-88.0,354.0
29.3153,-340.0,358.0
29.3205,81.0,352.0
29.3255,353.0,358.0
29.3305,-152.0,354.0
29.3354,-356.0,358.0
29.3404,261.0,358.0
29.3454,347.0,362.0
29.3512,-309.0,364.0
29.3554,-293.0,368.0
29.3605,241.0,370.0
29.3654,189.0,370.0
29.3703,-99.0,368.0
29.3754,-101.0,364.0
29.3804,-46.0,360.0
29.3854,102.0,358.0
29.3904,184.0,354.0
29.3953,-155.0,356.0
29.4003,-312.0,358.0
29.4054,152.0,358.0
29.4119,376.0,362.0
29.4153,-76.0,360.0
29.4209,-305.0,366.0
29.4256,36.0,364.0
29.4303,143.0,364.0
29.4356,-124.0,366.0
29.4406,-75.0,362.0
29.4454,276.0,366.0
29.4504,198.0,362.0
29.4554,-316.0,364.0
29.4604,-338.0,364.0
29.4654,188.0,362.0
29.4704,259.0,366.0
29.4754,-25.0,362.0
29.4805,37.0,362.0
29.4853,-30.0,362.0
29.4905,-333.0,366.0
29.496,-3.0,364.0
29.5004,458.0,368.0
29.5054,16.0,364.0
29.5109,-434.0,366.0
29.5171,24.0,362.0
29.5206,361.0,362.0
29.5256,-51.0,358.0
29.5305,-275.0,356.0
29.5354,28.0,352.0
29.5404,185.0,350.0
29.5453,-4.0,346.0
29.5508,-124.0,346.0
29.5554,-4.0,340.0
29.5604,102.0,342.0
29.5654,25.0,338.0
29.5703,-62.0,338.0
29.5753,11.0,334.0
29.5804,0.0,334.0
29.5859,-187.0,334.0
29.5904,-16.0,334.0
29.5954,371.0,340.0
29.6013,133.0,342.0
29.6057,-332.0,344.0
29.6104,-201.0,348.0
29.6155,83.0,348.0
29.6204,113.0,348.0
29.6254,152.0,348.0
29.6304,22.0,344.0
29.6354,-263.0,346.0
29.6404,-53.0,342.0
29.6454,321.0,344.0
29.6503,-38.0,340.0
29.6554,-373.0,342.0
29.6603,183.0,342.0
29.6653,383.0,346.0
29.6704,-307.0,344.0
29.6754,-331.0,348.0
29.6803,345.0,346.0
29.6854,238.0,348.0
29.6903,-297.0,346.0
29.6965,-144.0,346.0
29.7011,219.0,348.0
29.7055,97.0,348.0
29.7104,-157.0,350.0
29.7155,-117.0,350.0
29.7205,113.0,348.0
29.7257,164.0,348.0
29.7306,-68.0,344.0
29.7353,-176.0,344.0
29.7403,40.0,342.0
29.7453,146.0,344.0
29.7504,-86.0,344.0
29.7556,-145.0,346.0
29.7604,204.0,346.0
29.7655,224.0,350.0
29.7705,-281.0,352.0
29.7754,-325.0,356.0
29.7805,211.0,360.0
29.7854,312.0,362.0
29.7903,-38.0,362.0
29.7954,-133.0,358.0
29.8008,-108.0,360.0
29.8055,-89.0,354.0
29.8108,152.0,354.0
29.8155,201.0,354.0
29.8204,-85.0,350.0
29.8256,-127.0,352.0
29.8304,-54.0,352.0
29.8355,-105.0,350.0
29.8405,172.0,352.0
29.8455,357.0,358.0
29.8504,-188.0,358.0
29.8554,-433.0,360.0
29.8604,109.0,358.0
29.8654,268.0,356.0
29.8707,-33.0,356.0
29.8754,3.0,348.0
29.8805,84.0,348.0
29.8854,-180.0,346.0
29.8905,-280.0,348.0
29.8958,159.0,346.0
29.9005,450.0,350.0
29.9054,-4.0,348.0
29.9103,-398.0,354.0
29.9154,-135.0,356.0
29.9204,128.0,356.0
29.9256,156.0,356.0
29.9306,157.0,356.0
29.9354,-86.0,354.0
29.9405,-287.0,356.0
29.9453,33.0,352.0
29.9503,287.0,356.0
29.9554,-35.0,350.0
29.9604,-304.0,354.0
29.9654,12.0,350.0
29.9705,410.0,354.0
29.9755,94.0,348.0
29.9805,-511.0,352.0
29.9857,-192.0,350.0
29.9905,469.0,352.0
29.9953,161.0,350.0
30.0003,-279.0,352.0
30.0067,-11.0,348.0
30.0103,59.0,348.0
30.0154,-148.0,348.0
30.0203,79.0,350.0
30.0254,229.0,352.0
30.0304,-107.0,350.0
30.0356,-203.0,350.0
30.0404,39.0,346.0
30.0454,84.0,346.0
30.0503,98.0,342.0
30.0553,80.0,342.0
30.0603,-260.0,340.0
30.0654,-207.0,344.0
30.0704,390.0,348.0
30.0755,225.0,348.0
30.0805,-456.0,354.0
30.0855,-144.0,352.0
30.0903,458.0,356.0
30.0956,25.0,352.0
30.1004,-430.0,354.0
30.1054,36.0,352.0
30.1109,386.0,354.0
30.1153,45.0,354.0
30.1203,-261.0,356.0
30.1257,-183.0,360.0
30.1306,20.0,354.0
30.1354,175.0,358.0
30.1403,203.0,354.0
30.1453,-5.0,352.0
30.1507,-231.0,350.0
30.1554,-146.0,352.0
30.1605,43.0,346.0
30.1653,151.0,348.0
30.1706,205.0,348.0
30.1753,-43.0,348.0
30.1805,-322.0,350.0
30.1854,-59.0,350.0
30.1904,224.0,352.0
30.1954,53.0,352.0
30.2003,2.0,352.0
30.2054,39.0,352.0
30.2112,-211.0,354.0
30.2154,-96.0,356.0
30.2204,328.0,360.0
30.2253,34.0,358.0
30.2303,-394.0,364.0
30.2353,116.0,360.0
30.2404,474.0,366.0
30.2454,-262.0,364.0
30.2503,-531.0,370.0
30.2554,344.0,374.0
30.2603,460.0,378.0
30.2654,-377.0,382.0
30.2705,-259.0,386.0
30.2754,390.0,388.0
30.2804,80.0,388.0
30.2855,-356.0,388.0
30.2904,-59.0,390.0
30.2955,236.0,386.0
30.3004,178.0,386.0
30.3054,-75.0,382.0
30.3103,-279.0,382.0
30.3161,16.0,376.0
30.3203,251.0,376.0
30.3255,-129.0,374.0
30.3305,-141.0,372.0
30.3354,276.0,374.0
30.3403,61.0,370.0
30.3455,-264.0,374.0
30.3504,-47.0,372.0
30.3553,73.0,370.0
30.3603,49.0,370.0
30.3653,158.0,370.0
30.3704,-26.0,370.0
30.3754,-286.0,370.0
30.3805,-13.0,370.0
30.3855,255.0,372.0
30.3904,49.0,372.0
30.3953,-96.0,370.0
30.4005,-76.0,368.0
30.4054,-119.0,368.0
30.4106,83.0,364.0
30.4154,306.0,364.0
30.4203,-50.0,362.0
30.4253,-364.0,362.0
30.4311,-14.0,362.0
30.4359,256.0,364.0
30.4403,45.0,362.0
30.4453,-57.0,362.0
30.4504,13.0,360.0
30.4553,-114.0,358.0
30.4603,-137.0,360.0
30.4653,192.0,360.0
30.4704,226.0,364.0
30.4754,-196.0,364.0
30.4804,-193.0,364.0
30.4855,250.0,364.0
30.4904,72.0,362.0
30.4956,-413.0,362.0
30.5003,1.0,360.0
30.5054,538.0,364.0
30.5103,11.0,364.0
30.5161,-456.0,370.0
30.5214,-1.0,370.0
30.5254,212.0,370.0
30.5304,-106.0,366.0
30.5355,31.0,364.0
30.5403,243.0,362.0
30.5466,-157.0,364.0
30.5512,-291.0,362.0
30.5555,112.0,362.0
30.5604,184.0,362.0
30.5653,57.0,362.0
30.5704,31.0,360.0
30.5754,-215.0,362.0
30.5804,-192.0,360.0
30.5855,244.0,364.0
30.5904,164.0,362.0
30.5954,-152.0,364.0
30.6003,-3.0,358.0
30.6054,50.0,358.0
30.6105,-74.0,354.0
30.6153,-6.0,352.0
30.6203,-81.0,346.0
30.6253,-27.0,344.0
30.6303,388.0,342.0
30.6356,105.0,340.0
30.6403,-634.0,346.0
30.6454,-187.0,350.0
30.6503,686.0,358.0
30.6556,204.0,360.0
30.6603,-539.0,368.0
30.6655,-152.0,366.0
30.6704,243.0,368.0
30.6754,60.0,366.0
30.6804,103.0,366.0
30.6865,40.0,366.0
30.6905,-336.0,370.0
30.6963,-107.0,370.0
30.7003,310.0,370.0
30.7054,100.0,370.0
30.7103,-69.0,364.0
30.7154,-20.0,362.0
30.7211,-179.0,356.0
30.7259,-77.0,356.0
30.7308,266.0,352.0
30.7356,100.0,354.0
30.7416,-201.0,350.0
30.7455,-9.0,350.0
30.7505,97.0,346.0
30.7559,-85.0,346.0
30.7603,-22.0,342.0
30.7657,48.0,340.0
30.7705,-33.0,340.0
30.7754,97.0,340.0
30.7812,84.0,338.0
30.7853,-219.0,340.0
30.7904,-107.0,338.0
30.7954,268.0,340.0
30.8005,64.0,340.0
30.8055,-276.0,342.0
30.8104,42.0,340.0
30.8154,250.0,344.0
30.8203,-156.0,340.0
30.8255,-187.0,342.0
30.8306,209.0,342.0
30.8358,104.0,344.0
30.8407,-182.0,346.0
30.8454,-16.0,346.0
30.8503,103.0,344.0
30.8555,-71.0,344.0
30.8607,-10.0,338.0
30.8656,131.0,340.0
30.8705,-91.0,336.0
30.8754,-158.0,336.0
30.8808,219.0,332.0
30.8856,225.0,332.0
30.8904,-330.0,328.0
30.8954,-376.0,330.0
30.9008,308.0,326.0
30.9053,481.0,328.0
30.9106,-122.0,326.0
30.9158,-367.0,326.0
30.9207,-77.0,326.0
30.9261,79.0,322.0
30.9311,122.0,322.0
30.9354,131.0,320.0
30.9405,-29.0,318.0
30.9457,-98.0,318.0
30.9506,-39.0,316.0
30.9565,-93.0,316.0
30.9603,-15.0,312.0
30.9656,224.0,314.0
30.9705,135.0,314.0
30.9757,-175.0,312.0
30.9808,-186.0,314.0
30.9862,30.0,310.0
30.9903,107.0,312.0
30.9957,35.0,312.0
31.0004,-3.0,310.0
31.0055,6.0,308.0
31.0109,42.0,308.0
31.0158,18.0,304.0
31.0212,-194.0,306.0
31.0255,-208.0,306.0
31.0306,242.0,310.0
31.0359,386.0,314.0
31.0403,-95.0,314.0
31.0459,-355.0,318.0
31.0509,-134.0,318.0
31.0559,163.0,316.0
31.0607,334.0,320.0
31.0659,39.0,316.0
31.0707,-416.0,322.0
31.0762,-187.0,320.0
31.0807,305.0,324.0
31.0855,248.0,328.0
31.0903,-71.0,328.0
31.0961,-197.0,330.0
31.1003,-89.0,330.0
31.1053,73.0,328.0
31.1104,41.0,324.0
31.1155,50.0,322.0
31.1209,184.0,322.0
31.1263,-93.0,320.0
31.1308,-391.0,324.0
31.1359,17.0,318.0
31.1409,380.0,324.0
31.1457,104.0,318.0
31.1507,-163.0,320.0
31.1559,-135.0,316.0
31.1603,-38.0,316.0
31.1653,25.0,312.0
31.1705,51.0,312.0
31.1757,135.0,314.0
31.1818,95.0,312.0
31.1853,-223.0,312.0
31.1909,-261.0,312.0
31.1956,206.0,314.0
31.2005,341.0,316.0
31.2053,-132.0,316.0
31.2105,-305.0,322.0
31.2159,21.0,318.0
31.2206,169.0,318.0
31.2253,126.0,316.0
31.2306,7.0,314.0
31.2355,-272.0,316.0
31.2409,-151.0,318.0
31.2453,344.0,322.0
31.2503,221.0,324.0
31.2555,-298.0,330.0
31.2607,-202.0,330.0
31.2658,169.0,334.0
31.2709,115.0,328.0
31.2759,-59.0,328.0
31.2815,-8.0,318.0
31.2855,52.0,316.0
31.2905,-83.0,306.0
31.2961,-176.0,306.0
31.3003,122.0,300.0
31.3059,368.0,304.0
31.3106,-65.0,300.0
31.3154,-490.0,308.0
31.3205,-42.0,306.0
31.3261,454.0,312.0
31.3303,92.0,308.0
31.3357,-305.0,312.0
31.3403,-46.0,308.0
31.3456,129.0,308.0
31.3507,-74.0,308.0
31.3558,28.0,308.0
31.3603,251.0,310.0
31.3653,-120.0,310.0
31.3706,-423.0,312.0
31.3754,105.0,312.0
31.3809,472.0,318.0
31.3853,-28.0,318.0
31.3908,-350.0,322.0
31.3956,-13.0,320.0
31.4005,148.0,322.0
31.4055,-44.0,322.0
31.4108,-4.0,322.0
31.4153,187.0,324.0
31.4203,0.0,322.0
31.4255,-309.0,324.0
31.4304,-89.0,322.0
31.4355,292.0,324.0
31.4403,98.0,324.0
31.4459,-178.0,322.0
31.4505,88.0,322.0
31.4558,131.0,322.0
31.4606,-367.0,324.0
31.4656,-200.0,324.0
31.4707,551.0,330.0
31.4759,270.0,332.0
31.4811,-554.0,338.0
31.4855,-241.0,342.0
31.4903,420.0,346.0
31.4962,125.0,348.0
31.5004,-248.0,352.0
31.5059,-4.0,350.0
31.5109,140.0,350.0
31.5156,-18.0,348.0
31.5204,-127.0,346.0
31.5256,-96.0,344.0
31.531,154.0,342.0
31.5353,260.0,340.0
31.5409,-139.0,338.0
31.5455,-356.0,336.0
31.5506,62.0,334.0
31.5559,325.0,334.0
31.5603,25.0,332.0
31.5654,-189.0,334.0
31.5704,-62.0,334.0
31.5755,56.0,332.0
31.581,55.0,332.0
31.5861,-49.0,332.0
31.5903,-83.0,332.0
31.5955,172.0,334.0
31.6003,216.0,338.0
31.6057,-276.0,338.0
31.6117,-396.0,342.0
31.6153,229.0,344.0
31.6204,469.0,348.0
31.6253,-71.0,348.0
31.631,-367.0,352.0
31.6357,-90.0,352.0
31.6405,169.0,356.0
31.6461,229.0,360.0
31.6505,20.0,358.0
31.6557,-381.0,364.0
31.6605,-196.0,364.0
31.6657,514.0,370.0
31.6708,394.0,372.0
31.6758,-486.0,374.0
31.6806,-531.0,380.0
31.6855,206.0,378.0
31.6905,456.0,382.0
31.6955,163.0,382.0
31.7003,-170.0,380.0
31.7056,-288.0,384.0
31.7103,-117.0,380.0
31.7155,13.0,376.0
31.7207,179.0,374.0
31.7253,434.0,378.0
31.7321,13.0,376.0
31.7367,-687.0,384.0
31.7439,-270.0,388.0
31.7454,630.0,396.0
31.7516,376.0,402.0
31.7554,-417.0,406.0
31.7605,-260.0,408.0
31.7654,214.0,410.0
31.7709,-18.0,404.0
31.7754,-88.0,406.0
31.7805,302.0,404.0
31.7854,31.0,402.0
31.7905,-405.0,406.0
31.7965,21.0,404.0
31.8048,302.0,408.0
31.8062,-79.0,410.0
31.8107,-115.0,410.0
31.8155,84.0,410.0
31.8205,-91.0,410.0
31.8255,-42.0,408.0
31.8305,315.0,408.0
31.8354,37.0,406.0
31.8409,-482.0,408.0
31.8456,-98.0,406.0
31.8515,484.0,410.0
31.8554,158.0,412.0
31.8605,-296.0,414.0
31.8655,-119.0,414.0
31.8704,39.0,414.0
31.8755,-46.0,410.0
31.8805,92.0,410.0
31.8853,218.0,408.0
31.8903,-24.0,404.0
31.8954,-212.0,404.0
31.9004,-115.0,402.0
31.9053,2.0,400.0
31.9104,145.0,400.0
31.9154,246.0,402.0
31.9205,-30.0,404.0
31.9255,-361.0,408.0
31.9305,-112.0,408.0
31.9354,317.0,410.0
31.9404,156.0,412.0
31.9454,-236.0,410.0
31.9504,-90.0,410.0
31.9556,249.0,406.0
31.9603,23.0,406.0
31.9654,-338.0,404.0
31.9715,-33.0,402.0
31.9756,376.0,404.0
31.9803,65.0,404.0
31.9857,-282.0,406.0
31.9904,7.0,406.0
31.9954,98.0,406.0
32.0003,-216.0,406.0
32.0053,59.0,406.0
32.0106,433.0,406.0
32.0156,-110.0,406.0
32.0204,-499.0,406.0
32.0253,31.0,406.0
32.0304,358.0,406.0
32.0354,139.0,408.0
32.0406,-66.0,406.0
32.0456,-288.0,410.0
32.0504,-228.0,414.0
32.0554,335.0,416.0
32.0605,368.0,422.0
32.0656,-372.0,422.0
32.0705,-387.0,428.0
32.0756,505.0,430.0
32.0803,490.0,438.0
32.0853,-606.0,444.0
32.0907,-688.0,454.0
32.0956,474.0,458.0
32.1005,713.0,464.0
32.1054,-190.0,464.0
32.1103,-439.0,462.0
32.1153,31.0,458.0
32.1203,102.0,452.0
32.1254,-69.0,448.0
32.1306,22.0,442.0
32.1354,122.0,442.0
32.1404,37.0,438.0
32.1454,-64.0,440.0
32.1504,-64.0,438.0
32.1555,-7.0,438.0
32.1603,-3.0,436.0
32.1653,-20.0,436.0
32.1703,31.0,434.0
32.1754,83.0,430.0
32.1804,51.0,430.0
32.1856,-32.0,424.0
32.1904,-136.0,426.0
32.1953,-181.0,424.0
32.2004,102.0,424.0
32.2055,467.0,428.0
32.2106,40.0,428.0
32.2156,-657.0,438.0
32.2203,-191.0,440.0
32.2253,615.0,448.0
32.2303,243.0,452.0
32.2355,-368.0,454.0
32.2405,-161.0,454.0
32.2454,95.0,450.0
32.2503,49.0,446.0
32.2553,54.0,442.0
32.2605,-63.0,436.0
32.2655,-99.0,436.0
32.2705,186.0,434.0
32.2755,126.0,434.0
32.2805,-246.0,436.0
32.2854,-128.0,434.0
32.2903,181.0,436.0
32.2957,54.0,432.0
32.3005,-95.0,430.0
32.3054,60.0,422.0
32.3103,57.0,418.0
32.3153,-140.0,412.0
32.3205,-29.0,404.0
32.3264,154.0,404.0
32.3304,-49.0,396.0
32.3354,-135.0,396.0
32.3403,199.0,396.0
32.3454,147.0,394.0
32.3503,-367.0,398.0
32.3555,-206.0,402.0
32.3604,426.0,406.0
32.3654,231.0,402.0
32.3703,-333.0,408.0
32.3753,-141.0,398.0
32.3804,217.0,398.0
32.3854,-18.0,388.0
32.3908,-222.0,386.0
32.3953,118.0,382.0
32.4003,342.0,382.0
32.4055,-66.0,380.0
32.4104,-421.0,386.0
32.4155,-102.0,386.0
32.4203,318.0,388.0
32.4253,228.0,390.0
32.4303,-72.0,384.0
32.4355,-179.0,388.0
32.4403,-139.0,384.0
32.4453,17.0,384.0
32.4503,244.0,386.0
32.4553,84.0,386.0
32.4603,-348.0,390.0
32.4655,-73.0,390.0
32.4704,525.0,394.0
32.4761,60.0,394.0
32.4804,-658.0,396.0
32.4854,-132.0,398.0
32.4905,569.0,398.0
32.4957,203.0,400.0
32.5004,-271.0,400.0
32.5053,-153.0,400.0
32.5103,-17.0,400.0
32.5153,-5.0,398.0
32.5203,125.0,400.0
32.5255,163.0,398.0
32.5304,-62.0,398.0
32.5353,-217.0,398.0
32.5405,-45.0,398.0
32.5453,148.0,400.0
32.5504,54.0,398.0
32.5554,-81.0,396.0
32.5604,89.0,396.0
32.5662,140.0,394.0
32.5708,-277.0,396.0
32.5753,-250.0,396.0
32.5805,370.0,398.0
32.5853,236.0,398.0
32.5904,-368.0,402.0
32.5953,-80.0,400.0
32.6003,338.0,406.0
32.6053,-84.0,402.0
32.6106,-291.0,406.0
32.6155,139.0,402.0
32.6203,201.0,404.0
32.6253,-83.0,400.0
32.6303,-56.0,402.0
32.6352,5.0,400.0
32.6404,-141.0,398.0
32.6455,22.0,398.0
32.6503,356.0,396.0
32.6565,2.0,396.0
32.6604,-501.0,396.0
32.6653,-57.0,396.0
32.6703,490.0,398.0
32.6755,77.0,396.0
32.6805,-338.0,400.0
32.6853,18.0,396.0
32.6903,183.0,396.0
32.6954,-169.0,394.0
32.7003,-138.0,390.0
32.7054,196.0,388.0
32.7104,134.0,384.0
32.7153,-71.0,376.0
32.7203,-43.0,370.0
32.7253,-35.0,360.0
32.7305,-97.0,352.0
32.7353,13.0,344.0
32.7403,145.0,336.0
32.7453,67.0,334.0
32.7504,-53.0,328.0
32.7555,-93.0,328.0
32.7603,-92.0,328.0
32.7653,38.0,328.0
32.7719,134.0,330.0
32.7753,48.0,328.0
32.7803,25.0,328.0
32.7853,-82.0,328.0
32.7904,-285.0,332.0
32.7953,10.0,332.0
32.8003,416.0,338.0
32.8055,89.0,340.0
32.8105,-309.0,344.0
32.8153,-76.0,344.0
32.8203,53.0,344.0
32.8253,-80.0,344.0
32.8304,210.0,346.0
32.8354,293.0,348.0
32.8403,-365.0,352.0
32.8454,-439.0,350.0
32.8503,335.0,356.0
32.8553,399.0,352.0
32.8604,-167.0,350.0
32.8654,-158.0,344.0
32.8718,-5.0,340.0
32.8753,-139.0,336.0
32.8804,123.0,336.0
32.8853,322.0,340.0
32.8903,-201.0,342.0
32.8955,-336.0,346.0
32.9004,207.0,348.0
32.9055,228.0,350.0
32.9103,-103.0,350.0
32.9154,-81.0,348.0
32.9207,-62.0,346.0
32.9261,-21.0,344.0
32.9316,184.0,344.0
32.9353,31.0,344.0
32.9404,-205.0,346.0
32.9453,46.0,346.0
32.9503,163.0,346.0
32.9554,-143.0,346.0
32.9604,-118.0,348.0
32.9653,188.0,348.0
32.9703,73.0,350.0
32.9758,-171.0,350.0
32.9804,-12.0,346.0
32.9853,134.0,346.0
32.9904,-24.0,342.0
32.9953,-129.0,340.0
33.001,-51.0,334.0
33.0053,188.0,334.0
33.0104,273.0,332.0
33.0155,-245.0,334.0
33.0203,-503.0,338.0
33.0253,216.0,342.0
33.0303,544.0,346.0
33.0354,-134.0,348.0
33.0404,-388.0,348.0
33.0453,84.0,348.0
33.0504,219.0,344.0
33.0553,-72.0,344.0
33.0603,-191.0,342.0
33.0654,47.0,340.0
33.0704,260.0,342.0
33.0753,6.0,340.0
33.0809,-260.0,342.0
33.0854,-16.0,342.0
33.0903,126.0,340.0
33.0955,-88.0,340.0
33.1003,35.0,336.0
33.1053,254.0,338.0
33.1104,-127.0,332.0
33.1154,-365.0,336.0
33.1203,173.0,328.0
33.1253,382.0,332.0
33.1304,-183.0,326.0
33.1354,-324.0,328.0
33.1403,112.0,326.0
33.1454,206.0,326.0
33.1503,38.0,328.0
33.1555,-58.0,328.0
33.1603,-223.0,330.0
33.1654,-83.0,328.0
33.1705,378.0,334.0
33.1753,199.0,334.0
33.1804,-424.0,338.0
33.1853,-248.0,340.0
33.1903,342.0,346.0
33.1953,194.0,346.0
33.2005,-201.0,348.0
33.2054,-74.0,348.0
33.2108,68.0,344.0
33.2155,-36.0,340.0
33.2203,27.0,336.0
33.2253,100.0,334.0
33.2303,-70.0,328.0
33.2354,-142.0,330.0
33.2403,47.0,326.0
33.2454,185.0,326.0
33.2503,17.0,322.0
33.2553,-205.0,324.0
33.2603,-67.0,322.0
33.2654,171.0,322.0
33.2705,73.0,324.0
33.2754,-87.0,324.0
33.2807,-36.0,322.0
33.2853,8.0,322.0
33.2903,-39.0,318.0
33.2954,5.0,318.0
33.3005,99.0,312.0
33.3054,49.0,312.0
33.3103,-74.0,304.0
33.3154,-106.0,306.0
33.3203,-11.0,300.0
33.3253,94.0,302.0
33.3304,49.0,300.0
33.3355,-4.0,296.0
33.3403,18.0,294.0
33.3454,-89.0,292.0
33.3503,-136.0,292.0
33.3553,106.0,294.0
33.3604,198.0,296.0
33.3653,-82.0,296.0
33.3704,-182.0,298.0
33.3754,118.0,300.0
33.3804,185.0,300.0
33.3855,-208.0,302.0
33.3903,-279.0,306.0
33.3953,239.0,308.0
33.4003,402.0,314.0
33.4054,-130.0,314.0
33.4116,-419.0,320.0
33.4154,-47.0,320.0
33.4204,285.0,324.0
33.4254,122.0,324.0
33.4304,-122.0,322.0
33.4354,-40.0,322.0
33.4404,78.0,316.0
33.4453,-39.0,316.0
33.4504,-144.0,312.0
33.4553,-32.0,312.0
33.4606,181.0,314.0
33.4654,195.0,316.0
33.4704,-96.0,314.0
33.4754,-268.0,314.0
33.4803,-52.0,310.0
33.4853,168.0,304.0
33.4905,116.0,302.0
33.4955,6.0,296.0
33.5005,-25.0,294.0
33.5053,-82.0,292.0
33.5107,-104.0,294.0
33.5153,10.0,292.0
33.5211,78.0,290.0
33.5255,63.0,286.0
33.5303,126.0,286.0
33.5353,21.0,280.0
33.5403,-299.0,282.0
33.5453,-221.0,282.0
33.5505,255.0,284.0
33.5554,316.0,288.0
33.5604,-92.0,288.0
33.5653,-181.0,290.0
33.5704,54.0,288.0
33.5753,-51.0,290.0
33.5804,-199.0,290.0
33.5856,170.0,290.0
33.5908,340.0,294.0
33.5953,-148.0,294.0
33.6011,-335.0,298.0
33.6059,118.0,296.0
33.6104,241.0,298.0
33.6154,-169.0,298.0
33.6203,-182.0,302.0
33.6253,284.0,304.0
33.6303,211.0,306.0
33.6355,-379.0,310.0
33.6406,-313.0,314.0
33.6454,357.0,318.0
33.6505,423.0,320.0
33.6554,-190.0,318.0
33.6603,-446.0,318.0
33.6655,-42.0,316.0
33.6704,343.0,312.0
33.6754,216.0,314.0
33.6804,-176.0,310.0
33.6854,-245.0,312.0
33.6906,24.0,310.0
33.6956,135.0,310.0
33.7004,97.0,308.0
33.7053,19.0,308.0
33.7103,-198.0,308.0
33.7153,-108.0,310.0
33.7205,256.0,310.0
33.7254,90.0,310.0
33.7304,-260.0,312.0
33.7353,-30.0,312.0
33.7404,219.0,314.0
33.7452,24.0,310.0
33.7503,-132.0,310.0
33.7554,-70.0,306.0
33.7603,15.0,304.0
33.7653,67.0,298.0
33.7703,61.0,296.0
33.7753,39.0,292.0
33.7803,-51.0,292.0
33.7855,-169.0,290.0
33.7904,-23.0,290.0
33.7954,189.0,292.0
33.8004,108.0,290.0
33.8054,-51.0,290.0
33.8108,-137.0,286.0
33.8155,-142.0,286.0
33.8203,91.0,280.0
33.8254,251.0,280.0
33.8303,-27.0,276.0
33.8354,-265.0,276.0
33.8404,-24.0,274.0
33.8455,262.0,276.0
33.8504,132.0,278.0
33.8553,-242.0,282.0
33.8603,-292.0,286.0
33.8653,139.0,286.0
33.8703,350.0,290.0
33.8755,16.0,288.0
33.8815,-220.0,292.0
33.8855,-101.0,290.0
33.8903,29.0,290.0
33.8956,77.0,288.0
33.9004,80.0,288.0
33.9053,-52.0,286.0
33.9103,-105.0,286.0
33.9155,116.0,288.0
33.9204,117.0,288.0
33.9256,-198.0,292.0
33.9304,-133.0,292.0
33.9353,158.0,296.0
33.9403,101.0,296.0
33.9454,4.0,294.0
33.9504,-6.0,294.0
33.9555,-153.0,294.0
33.9604,-65.0,296.0
33.9653,192.0,296.0
33.9703,8.0,296.0
33.9754,-152.0,298.0
33.9805,197.0,302.0
33.9855,152.0,302.0
33.9904,-432.0,306.0
33.9954,-261.0,310.0
34.0003,507.0,314.0
34.0055,353.0,318.0
34.0105,-358.0,322.0
34.0155,-251.0,324.0
34.0203,131.0,322.0
34.0253,17.0,320.0
34.0303,10.0,316.0
34.0353,123.0,314.0
34.0404,-45.0,308.0
34.0455,-80.0,306.0
34.0504,23.0,300.0
34.0553,-29.0,300.0
34.0603,58.0,296.0
34.0655,79.0,296.0
34.0705,-219.0,298.0
34.0753,-70.0,298.0
34.0806,403.0,304.0
34.0853,81.0,304.0
34.0903,-523.0,310.0
34.0957,-162.0,312.0
34.1003,537.0,318.0
34.1054,268.0,318.0
34.1104,-462.0,324.0
34.1153,-282.0,324.0
34.1204,381.0,330.0
34.1254,162.0,330.0
34.1305,-378.0,334.0
34.1354,-11.0,334.0
34.1403,415.0,340.0
34.1453,-38.0,340.0
34.1504,-370.0,344.0
34.1555,-32.0,344.0
34.1605,209.0,346.0
34.1654,141.0,346.0
34.1703,-29.0,346.0
34.1753,-206.0,348.0
34.1803,-50.0,344.0
34.1853,235.0,344.0
34.1903,28.0,342.0
34.1953,-267.0,340.0
34.2003,-9.0,338.0
34.2059,270.0,340.0
34.2104,50.0,340.0
34.2153,-196.0,342.0
34.2219,-97.0,340.0
34.2253,55.0,340.0
34.2302,76.0,336.0
34.2355,146.0,336.0
34.2405,61.0,330.0
34.2454,-335.0,334.0
34.2503,-286.0,334.0
34.2553,343.0,338.0
34.2603,410.0,342.0
34.2654,-145.0,338.0
34.2704,-272.0,340.0
34.2754,-25.0,334.0
34.2804,-33.0,330.0
34.2853,-34.0,324.0
34.2902,274.0,322.0
34.2956,257.0,324.0
34.3004,-309.0,322.0
34.3063,-418.0,328.0
34.3103,147.0,324.0
34.3153,368.0,326.0
34.3203,72.0,326.0
34.3253,-138.0,324.0
34.3305,-198.0,326.0
34.3356,-104.0,326.0
34.3403,195.0,328.0
34.3452,209.0,330.0
34.3504,-118.0,328.0
34.3555,-185.0,330.0
34.3603,3.0,326.0
34.3653,151.0,328.0
34.3703,125.0,326.0
34.3754,-146.0,326.0
34.3805,-188.0,326.0
34.3855,140.0,328.0
34.3903,96.0,328.0
34.3953,-159.0,328.0
34.4004,125.0,330.0
34.4054,257.0,334.0
34.4114,-306.0,338.0
34.4153,-384.0,342.0
34.4212,281.0,346.0
34.4253,404.0,350.0
34.4303,-73.0,350.0
34.4353,-241.0,352.0
34.4405,-105.0,352.0
34.4453,-23.0,352.0
34.4504,53.0,350.0
34.4553,227.0,352.0
34.4603,182.0,352.0
34.4654,-281.0,354.0
34.4707,-333.0,358.0
34.4764,250.0,358.0
34.4804,236.0,362.0
34.4853,-258.0,360.0
34.4903,-29.0,360.0
34.4954,324.0,360.0
34.5005,-55.0,356.0
34.5054,-331.0,360.0
34.5103,-4.0,354.0
34.5154,208.0,358.0
34.5203,27.0,354.0
34.5253,-71.0,354.0
34.5313,95.0,356.0
34.5357,109.0,356.0
34.541,-219.0,358.0
34.5455,-310.0,362.0
34.5512,156.0,362.0
34.5555,448.0,368.0
34.5603,43.0,366.0
34.5653,-360.0,370.0
34.5704,-151.0,370.0
34.5755,119.0,368.0
34.5803,19.0,368.0
34.5854,87.0,368.0
34.5903,266.0,372.0
34.5953,-145.0,372.0
34.6003,-454.0,378.0
34.6053,97.0,378.0
34.6104,380.0,384.0
34.6155,-50.0,382.0
34.6204,-155.0,380.0
34.6254,23.0,378.0
34.6303,16.0,372.0
34.6355,60.0,370.0
34.6404,-7.0,362.0
34.6456,-202.0,360.0
34.6503,-46.0,354.0
34.6576,244.0,354.0
34.6603,222.0,356.0
34.6654,-58.0,356.0
34.6704,-330.0,362.0
34.6755,-225.0,362.0
34.6803,205.0,366.0
34.6853,322.0,370.0
34.6902,5.0,368.0
34.6957,-152.0,370.0
34.7004,-51.0,370.0
34.7063,-64.0,370.0
34.7103,-50.0,368.0
34.7153,126.0,368.0
34.7203,76.0,364.0
34.7254,-84.0,364.0
34.7305,67.0,356.0
34.7353,92.0,356.0
34.7405,-245.0,350.0
34.7453,-169.0,350.0
34.7503,295.0,346.0
34.7553,211.0,346.0
34.7604,-226.0,344.0
34.7653,-155.0,342.0
34.7703,184.0,340.0
34.7752,68.0,340.0
34.7803,-238.0,338.0
34.7853,-70.0,338.0
34.7903,288.0,338.0
34.7953,187.0,340.0
34.8003,-209.0,340.0
34.8056,-292.0,342.0
34.8105,27.0,342.0
34.8154,249.0,342.0
34.8203,107.0,344.0
34.8256,-87.0,342.0
34.8303,-92.0,342.0
34.8354,-57.0,338.0
34.8404,-28.0,340.0
34.8454,125.0,336.0
34.8503,138.0,338.0
34.8554,-141.0,338.0
34.8604,-151.0,338.0
34.8656,129.0,340.0
34.8704,77.0,340.0
34.8753,-103.0,338.0
34.8804,-1.0,338.0
34.8853,80.0,334.0
34.8903,-11.0,330.0
34.8953,-41.0,324.0
34.9004,-6.0,318.0
34.9053,-18.0,316.0
34.9103,-21.0,312.0
34.9153,53.0,314.0
34.9203,97.0,314.0
34.9268,-3.0,314.0
34.9304,-113.0,312.0
34.9353,-111.0,308.0
34.9403,-41.0,304.0
34.9453,180.0,300.0
34.9504,327.0,304.0
34.9555,-94.0,300.0
34.9603,-531.0,306.0
34.9653,-91.0,306.0
34.9703,493.0,310.0
34.9754,186.0,312.0
34.9805,-305.0,314.0
34.9854,-120.0,312.0
34.9904,160.0,312.0
34.9953,33.0,310.0
35.0003,-90.0,312.0
35.0054,-34.0,310.0
35.0103,12.0,308.0
35.0155,52.0,306.0
35.0204,84.0,306.0
35.0253,-8.0,304.0
35.0304,-119.0,304.0
35.0356,-32.0,302.0
35.0404,66.0,300.0
35.0454,-14.0,296.0
35.0503,-5.0,292.0
35.0553,101.0,288.0
35.0603,8.0,284.0
35.0653,-111.0,278.0
35.0706,-47.0,278.0
35.0753,18.0,274.0
35.0804,65.0,274.0
35.0853,89.0,276.0
35.0903,-53.0,276.0
35.0956,-125.0,274.0
35.1004,42.0,272.0
35.1054,90.0,268.0
35.1103,-49.0,264.0
35.1153,-43.0,260.0
35.1203,65.0,258.0
35.1253,29.0,254.0
35.1304,-80.0,256.0
35.1354,-62.0,252.0
35.1403,103.0,252.0
35.1455,142.0,250.0
35.1505,-100.0,250.0
35.1555,-226.0,250.0
35.1603,23.0,250.0
35.1653,223.0,254.0
35.1704,80.0,252.0
35.1753,-102.0,252.0
35.1806,-116.0,252.0
35.1854,-45.0,248.0
35.1903,68.0,246.0
35.1954,111.0,240.0
35.2003,22.0,240.0
35.2054,-82.0,236.0
35.2107,-131.0,236.0
35.2153,6.0,234.0
35.2203,225.0,236.0
35.2264,85.0,236.0
35.2303,-236.0,236.0
35.2353,-149.0,236.0
35.2405,150.0,232.0
35.2455,130.0,232.0
35.2503,-45.0,226.0
35.2553,-40.0,226.0
35.2605,3.0,224.0
35.2657,-39.0,224.0
35.2704,0.0,224.0
35.2755,83.0,224.0
35.2804,-30.0,226.0
35.2854,-151.0,224.0
35.2903,79.0,224.0
35.2956,265.0,226.0
35.3004,-80.0,222.0
35.3054,-346.0,228.0
35.3103,21.0,222.0
35.3153,308.0,224.0
35.3202,25.0,222.0
35.3255,-185.0,218.0
35.3312,-5.0,218.0
35.3362,85.0,218.0
35.3404,-38.0,218.0
35.3453,-46.0,218.0
35.3505,43.0,218.0
35.3555,-1.0,216.0
35.3604,-40.0,214.0
35.3653,95.0,216.0
35.3703,120.0,216.0
35.3753,-162.0,216.0
35.3803,-264.0,218.0
35.3854,138.0,216.0
35.3903,329.0,218.0
35.3954,-71.0,216.0
35.4003,-247.0,216.0
35.4052,41.0,214.0
35.4104,104.0,212.0
35.4154,-58.0,212.0
35.4203,-6.0,208.0
35.4253,81.0,208.0
35.4303,-15.0,204.0
35.4353,-83.0,202.0
35.4419,-24.0,200.0
35.4457,42.0,196.0
35.4503,75.0,196.0
35.456,52.0,194.0
35.4602,-40.0,192.0
35.4656,-133.0,194.0
35.4704,-103.0,194.0
35.4761,92.0,194.0
35.4803,206.0,196.0
35.4853,34.0,196.0
35.4903,-146.0,196.0
35.4955,-83.0,194.0
35.5004,21.0,192.0
35.5053,-3.0,190.0
35.5105,-9.0,190.0
35.5153,103.0,190.0
35.5203,135.0,192.0
35.5256,-77.0,192.0
35.5305,-247.0,196.0
35.5359,-63.0,196.0
35.5404,200.0,198.0
35.5455,191.0,202.0
35.551,-22.0,202.0
35.5564,-202.0,204.0
35.5603,-143.0,204.0
35.5653,92.0,206.0
35.5703,181.0,206.0
35.5753,74.0,206.0
35.5803,-62.0,206.0
35.5855,-183.0,206.0
35.5903,-128.0,204.0
35.5953,139.0,204.0
35.6003,226.0,200.0
35.6053,-3.0,198.0
35.6106,-148.0,192.0
35.6154,-60.0,190.0
35.6203,-24.0,186.0
35.6253,-27.0,186.0
35.6303,163.0,186.0
35.6355,206.0,188.0
35.6414,-214.0,190.0
35.6454,-366.0,194.0
35.6504,191.0,198.0
35.6553,438.0,204.0
35.6603,-122.0,204.0
35.6653,-397.0,210.0
35.6704,51.0,210.0
35.6755,266.0,214.0
35.6804,-37.0,212.0
35.6853,-137.0,214.0
35.6903,84.0,216.0
35.6955,108.0,216.0
35.7004,-102.0,218.0
35.7053,-153.0,218.0
35.7103,31.0,218.0
35.7153,160.0,220.0
35.7203,72.0,220.0
35.7255,-98.0,220.0
35.7304,-123.0,222.0
35.7353,37.0,220.0
35.7403,104.0,220.0
35.7452,-19.0,220.0
35.7504,-44.0,220.0
35.7553,30.0,220.0
35.7604,-37.0,220.0
35.7653,-57.0,220.0
35.7703,109.0,220.0
35.7753,74.0,220.0
35.7803,-134.0,220.0
35.786,-31.0,218.0
35.7913,135.0,220.0
35.7953,-62.0,216.0
35.8003,-135.0,218.0
35.8054,131.0,218.0
35.811,93.0,218.0
35.8154,-147.0,218.0
35.8203,29.0,216.0
35.8255,173.0,218.0
35.8302,-160.0,220.0
35.8354,-263.0,222.0
35.8403,149.0,224.0
35.8462,366.0,228.0
35.8504,61.0,228.0
35.8557,-334.0,232.0
35.8603,-310.0,234.0
35.8655,103.0,234.0
35.8705,343.0,236.0
35.8754,167.0,236.0
35.8804,-113.0,236.0
35.8854,-232.0,238.0
35.8904,-152.0,240.0
35.8955,21.0,238.0
35.9003,214.0,242.0
35.9053,294.0,246.0
35.9103,-45.0,246.0
35.9153,-464.0,252.0
35.9203,-189.0,256.0
35.9254,366.0,258.0
35.9304,291.0,262.0
35.9353,-107.0,260.0
35.9405,-175.0,262.0
35.9454,-89.0,258.0
35.9503,-80.0,258.0
35.9554,76.0,254.0
35.9603,308.0,258.0
35.9653,121.0,258.0
35.9705,-353.0,264.0
35.9753,-338.0,268.0
35.9804,182.0,270.0
35.9854,374.0,274.0
35.9903,64.0,274.0
35.9956,-186.0,278.0
36.0004,-210.0,280.0
36.0053,-64.0,280.0
36.0104,233.0,282.0
36.0154,202.0,282.0
36.0203,-228.0,282.0
36.0256,-219.0,282.0
36.0303,233.0,282.0
36.0354,203.0,284.0
36.0404,-212.0,282.0
36.0454,-181.0,286.0
36.0503,155.0,286.0
36.0554,135.0,288.0
36.0603,-107.0,288.0
36.0655,-96.0,288.0
36.0705,100.0,290.0
36.0753,114.0,290.0
36.0803,-107.0,292.0
36.0853,-175.0,294.0
36.0903,79.0,294.0
36.0955,212.0,296.0
36.1003,0.0,296.0
36.1053,-181.0,296.0
36.1103,-93.0,296.0
36.1153,105.0,296.0
36.1203,142.0,296.0
36.1254,-43.0,296.0
36.1304,-125.0,296.0
36.1353,24.0,294.0
36.1403,82.0,296.0
36.1453,-24.0,296.0
36.1503,-58.0,296.0
36.1555,4.0,296.0
36.1603,55.0,294.0
36.1653,29.0,294.0
36.1703,-59.0,290.0
36.1754,-26.0,290.0
36.1803,83.0,288.0
36.1855,-19.0,286.0
36.1904,-131.0,286.0
36.1953,59.0,284.0
36.2003,170.0,286.0
36.2053,-66.0,284.0
36.2106,-173.0,284.0
36.2155,55.0,284.0
36.2204,150.0,286.0
36.2253,-43.0,284.0
36.2303,-116.0,284.0
36.2353,38.0,282.0
36.2404,88.0,280.0
36.2453,-32.0,280.0
36.2503,-99.0,280.0
36.2558,-19.0,278.0
36.2611,142.0,280.0
36.2658,150.0,282.0
36.2704,-117.0,282.0
36.2754,-273.0,282.0
36.2804,-27.0,280.0
36.2853,244.0,278.0
36.2903,178.0,278.0
36.2953,-71.0,272.0
36.3003,-195.0,274.0
36.3053,-89.0,268.0
36.3103,99.0,270.0
36.3155,124.0,266.0
36.3203,-20.0,266.0
36.3261,-70.0,266.0
36.331,34.0,264.0
36.3356,33.0,264.0
36.3405,-93.0,264.0
36.3456,-65.0,262.0
36.3505,78.0,262.0
36.3557,96.0,262.0
36.3605,29.0,262.0
36.3653,-47.0,260.0
36.3703,-125.0,260.0
36.3755,-33.0,260.0
36.3803,136.0,260.0
36.3854,54.0,262.0
36.3904,-108.0,262.0
36.3953,-19.0,262.0
36.4004,93.0,264.0
36.4054,-8.0,262.0
36.4108,-91.0,262.0
36.4159,16.0,262.0
36.4202,89.0,260.0
36.4255,-11.0,260.0
36.4306,-76.0,260.0
36.4355,-13.0,258.0
36.4407,26.0,256.0
36.4452,43.0,256.0
36.4502,63.0,254.0
36.4555,-37.0,254.0
36.4611,-139.0,254.0
36.4662,-22.0,252.0
36.4714,126.0,252.0
36.4757,90.0,250.0
36.4804,-16.0,248.0
36.4853,-90.0,242.0
36.4904,-104.0,244.0
36.497,13.0,238.0
36.5003,138.0,236.0
36.5059,65.0,236.0
36.5106,-74.0,232.0
36.5153,-71.0,230.0
36.5208,-4.0,228.0
36.5261,15.0,224.0
36.5309,25.0,222.0
36.5353,30.0,222.0
36.5404,5.0,220.0
36.5455,-20.0,216.0
36.5505,-32.0,214.0
36.5555,-14.0,208.0
36.5607,25.0,206.0
36.5654,3.0,200.0
36.5704,-13.0,196.0
36.5752,76.0,194.0
36.5808,51.0,192.0
36.5858,-152.0,194.0
36.5902,-129.0,194.0
36.5954,138.0,196.0
36.6004,163.0,194.0
36.6055,-52.0,192.0
36.6109,-101.0,188.0
36.6158,-7.0,184.0
36.6205,4.0,180.0
36.6254,1.0,174.0
36.6305,37.0,174.0
36.6361,17.0,172.0
36.6408,-16.0,168.0
36.6452,0.0,168.0
36.6503,-5.0,164.0
36.66,-28.0,162.0
36.6602,0.0,158.0
36.6653,25.0,154.0
36.6708,-10.0,152.0
36.6755,-12.0,148.0
36.6803,56.0,146.0
36.6855,40.0,144.0
36.6905,-88.0,142.0
36.6958,-88.0,142.0
36.7005,60.0,140.0
36.7053,89.0,140.0
36.7105,-12.0,140.0
36.7153,-30.0,138.0
36.7207,4.0,136.0
36.7259,-45.0,134.0
36.7308,-47.0,134.0
36.7355,100.0,132.0
36.7406,118.0,134.0
36.7456,-119.0,134.0
36.7506,-184.0,134.0
36.7558,101.0,134.0
36.7602,199.0,136.0
36.7658,-61.0,136.0
36.7715,-146.0,136.0
36.7753,29.0,136.0
36.7804,54.0,136.0
36.7857,-16.0,136.0
36.7902,26.0,134.0
36.7954,20.0,136.0
36.8005,-64.0,136.0
36.8056,-36.0,136.0
36.8108,40.0,136.0
36.8158,48.0,136.0
36.8205,26.0,134.0
36.8255,-43.0,134.0
36.8308,-75.0,134.0
36.8358,33.0,134.0
36.8408,64.0,132.0
36.8453,-44.0,132.0
36.8503,-23.0,130.0
36.8554,69.0,130.0
36.8605,0.0,128.0
36.8658,-73.0,128.0
36.8703,2.0,126.0
36.8755,48.0,126.0
36.8805,-2.0,124.0
36.8854,-17.0,124.0
36.8908,2.0,122.0
36.8953,-11.0,122.0
36.9005,-7.0,120.0
36.9054,39.0,118.0
36.9105,29.0,118.0
36.9155,-49.0,114.0
36.9206,-56.0,114.0
36.9258,33.0,112.0
36.9303,59.0,110.0
36.9355,-25.0,108.0
36.9403,-45.0,106.0
36.9455,54.0,106.0
36.9507,57.0,106.0
36.9554,-73.0,104.0
36.9614,-100.0,106.0
36.9652,4.0,104.0
36.9718,104.0,106.0
36.9756,152.0,108.0
36.9807,-8.0,106.0
36.9855,-273.0,110.0
36.9903,-139.0,110.0
36.9954,244.0,112.0
37.0005,208.0,116.0
37.0055,-105.0,116.0
37.0109,-136.0,116.0
37.0159,-3.0,116.0
37.0202,9.0,114.0
37.0255,15.0,114.0
37.0308,55.0,112.0
37.0358,13.0,112.0
37.0409,-26.0,112.0
37.0464,-14.0,112.0
37.0504,-54.0,112.0
37.0554,-19.0,112.0
37.0607,138.0,112.0
37.0655,66.0,112.0
37.0725,-190.0,114.0
37.0759,-109.0,116.0
37.0804,178.0,118.0
37.0857,121.0,120.0
37.0906,-106.0,120.0
37.0961,-80.0,120.0
37.1003,38.0,120.0
37.1055,16.0,120.0
37.1106,-16.0,118.0
37.1155,14.0,116.0
37.1204,9.0,116.0
37.1258,-10.0,116.0
37.1311,13.0,114.0
37.1352,16.0,114.0
37.1405,-37.0,112.0
37.1455,-67.0,112.0
37.1505,29.0,112.0
37.1558,162.0,112.0
37.1606,37.0,114.0
37.1655,-233.0,116.0
37.1703,-139.0,118.0
37.1755,195.0,122.0
37.1806,181.0,124.0
37.1852,-72.0,124.0
37.1904,-99.0,126.0
37.1953,-25.0,126.0
37.201,-54.0,126.0
37.2054,46.0,128.0
37.2109,178.0,130.0
37.2153,-26.0,128.0
37.2208,-216.0,132.0
37.2255,6.0,130.0
37.2305,175.0,130.0
37.236,0.0,128.0
37.2402,-94.0,126.0
37.2458,14.0,126.0
37.2505,25.0,124.0
37.2555,-39.0,126.0
37.2603,-4.0,126.0
37.2657,47.0,126.0
37.2702,28.0,126.0
37.2772,-20.0,126.0
37.2805,-54.0,126.0
37.2855,-36.0,128.0
37.2905,31.0,128.0
37.2958,75.0,128.0
37.3003,43.0,128.0
37.3054,-48.0,130.0
37.3102,-106.0,130.0
37.3155,-26.0,130.0
37.3207,94.0,132.0
37.3253,76.0,132.0
37.3303,-28.0,132.0
37.3353,-53.0,130.0
37.3403,-17.0,130.0
37.3453,4.0,128.0
37.3503,11.0,128.0
37.3553,-8.0,128.0
37.3603,-7.0,128.0
37.3652,78.0,128.0
37.3702,59.0,130.0
37.3753,-127.0,130.0
37.3803,-131.0,130.0
37.3852,82.0,130.0
37.3907,120.0,128.0
37.3956,0.0,126.0
37.4003,-4.0,124.0
37.4053,-4.0,122.0
37.4105,-103.0,122.0
37.4153,-69.0,122.0
37.4202,94.0,124.0
37.4255,115.0,124.0
37.4303,2.0,124.0
37.4355,-67.0,126.0
37.4405,-69.0,126.0
37.4453,-24.0,124.0
37.4503,48.0,126.0
37.4552,82.0,126.0
37.4604,8.0,126.0
37.4653,-91.0,126.0
37.4706,-36.0,126.0
37.4752,99.0,126.0
37.4804,35.0,126.0
37.4853,-118.0,128.0
37.4903,-45.0,128.0
37.4953,108.0,128.0
37.501,58.0,130.0
37.5058,-50.0,128.0
37.5103,-39.0,130.0
37.5152,-9.0,128.0
37.5202,-4.0,128.0
37.5254,34.0,128.0
37.5304,31.0,130.0
37.5353,-45.0,130.0
37.5408,-45.0,130.0
37.5452,65.0,130.0
37.5502,84.0,132.0
37.5553,-55.0,132.0
37.5603,-126.0,132.0
37.5653,-8.0,132.0
37.5705,85.0,134.0
37.5755,46.0,134.0
37.5803,38.0,134.0
37.5852,24.0,132.0
37.5905,-125.0,134.0
37.5953,-151.0,136.0
37.6002,94.0,134.0
37.6052,195.0,138.0
37.6105,-14.0,136.0
37.6154,-120.0,136.0
37.6204,-7.0,136.0
37.6253,22.0,132.0
37.6308,-28.0,130.0
37.6353,15.0,126.0
37.6404,46.0,124.0
37.6454,-23.0,122.0
37.6503,-28.0,122.0
37.6553,57.0,122.0
37.6602,32.0,122.0
37.6653,-89.0,124.0
37.6704,-76.0,124.0
37.6753,56.0,124.0
37.6804,99.0,126.0
37.6863,16.0,126.0
37.6903,-58.0,126.0
37.6953,-49.0,126.0
37.7003,0.0,124.0
37.7053,19.0,124.0
37.7104,15.0,120.0
37.7153,22.0,120.0
37.7204,7.0,116.0
37.7253,-28.0,116.0
37.7303,-22.0,114.0
37.7353,-17.0,112.0
37.7403,-14.0,112.0
37.7453,84.0,114.0
37.7505,111.0,116.0
37.7555,-103.0,116.0
37.7603,-205.0,120.0
37.7652,38.0,120.0
37.7703,198.0,122.0
37.7752,41.0,124.0
37.7803,-78.0,124.0
37.7854,-41.0,124.0
37.7903,-44.0,124.0
37.7953,-29.0,122.0
37.8002,68.0,122.0
37.8053,78.0,120.0
37.8104,-12.0,118.0
37.8153,-54.0,116.0
37.8204,-37.0,114.0
37.8255,-1.0,112.0
37.8302,30.0,112.0
37.8355,15.0,110.0
37.8405,13.0,110.0
37.8453,51.0,110.0
37.8503,-30.0,108.0
37.8553,-152.0,110.0
37.8602,-17.0,106.0
37.8655,184.0,110.0
37.8705,72.0,108.0
37.8754,-118.0,110.0
37.8814,-50.0,110.0
37.8853,40.0,110.0
37.8902,-32.0,110.0
37.8954,-33.0,110.0
37.9003,75.0,110.0
37.9053,76.0,112.0
37.9103,-30.0,112.0
37.9153,-80.0,112.0
37.9204,-48.0,112.0
37.9253,-3.0,112.0
37.9303,74.0,112.0
37.9353,126.0,114.0
37.9403,-22.0,112.0
37.9453,-190.0,114.0
37.9505,-52.0,114.0
37.9555,155.0,116.0
37.9604,79.0,116.0
37.9653,-70.0,116.0
37.9705,-44.0,116.0
37.9752,19.0,116.0
37.9802,-3.0,116.0
37.9855,-32.0,116.0
37.9903,10.0,116.0
37.9954,77.0,116.0
38.0002,27.0,118.0
38.0053,-103.0,118.0
38.0107,-63.0,118.0
38.0154,94.0,118.0
38.0203,54.0,116.0
38.0253,-80.0,116.0
38.0303,-13.0,114.0
38.0353,84.0,116.0
38.0403,-12.0,116.0
38.0455,-83.0,116.0
38.0503,8.0,116.0
38.0553,45.0,114.0
38.0603,5.0,114.0
38.0655,19.0,112.0
38.0703,-14.0,112.0
38.0754,-73.0,112.0
38.0803,31.0,112.0
38.0854,102.0,112.0
38.0903,-63.0,114.0
38.0961,-137.0,114.0
38.1003,78.0,116.0
38.1053,184.0,116.0
38.1103,-49.0,116.0
38.1154,-193.0,118.0
38.1206,-2.0,118.0
38.1258,128.0,118.0
38.1303,23.0,118.0
38.1361,-27.0,116.0
38.1403,2.0,116.0
38.1453,-43.0,116.0
38.1502,-40.0,116.0
38.1553,66.0,116.0
38.1603,57.0,118.0
38.1653,-58.0,118.0
38.1703,-65.0,118.0
38.1753,25.0,118.0
38.1802,79.0,118.0
38.1853,33.0,118.0
38.1905,-79.0,118.0
38.1952,-82.0,118.0
38.2002,51.0,116.0
38.2052,77.0,118.0
38.2104,-23.0,116.0
38.2154,-35.0,116.0
38.2203,14.0,116.0
38.2253,0.0,116.0
38.2303,-22.0,114.0
38.2353,13.0,112.0
38.2403,44.0,112.0
38.2454,-14.0,108.0
38.2503,-88.0,110.0
38.2553,0.0,108.0
38.2603,149.0,110.0
38.2653,45.0,110.0
38.2705,-185.0,112.0
38.2754,-101.0,114.0
38.2804,151.0,116.0
38.2855,116.0,118.0
38.2902,-71.0,118.0
38.2955,-58.0,118.0
38.3009,17.0,118.0
38.3053,-21.0,116.0
38.3103,-22.0,116.0
38.3153,54.0,116.0
38.3203,39.0,116.0
38.3254,-41.0,116.0
38.3304,-20.0,114.0
38.3353,48.0,114.0
38.3403,-21.0,116.0
38.3453,-110.0,116.0
38.3504,24.0,116.0
38.3554,176.0,120.0
38.3603,32.0,120.0
38.3653,-172.0,122.0
38.3706,-95.0,122.0
38.3752,86.0,124.0
38.3803,97.0,126.0
38.3854,10.0,124.0
38.3904,-33.0,122.0
38.3953,-44.0,122.0
38.4002,-33.0,120.0
38.4052,16.0,118.0
38.4105,51.0,116.0
38.4162,19.0,116.0
38.4203,-33.0,116.0
38.4253,-35.0,116.0
38.4302,11.0,114.0
38.4352,45.0,116.0
38.4411,16.0,114.0
38.4453,-45.0,114.0
38.4504,-57.0,114.0
38.4552,11.0,114.0
38.4603,78.0,114.0
38.4654,38.0,116.0
38.4705,-50.0,116.0
38.4754,-55.0,116.0
38.4802,5.0,116.0
38.4853,28.0,116.0
38.4902,10.0,116.0
38.4952,3.0,112.0
38.5003,2.0,112.0
38.5053,-14.0,110.0
38.5102,-14.0,110.0
38.5152,21.0,108.0
38.5204,0.0,106.0
38.5254,-48.0,106.0
38.5303,35.0,108.0
38.5353,93.0,108.0
38.5404,-64.0,108.0
38.5453,-128.0,108.0
38.5503,64.0,110.0
38.5554,124.0,110.0
38.5603,-35.0,110.0
38.5652,-74.0,110.0
38.5702,4.0,110.0
38.5753,4.0,108.0
38.5803,0.0,108.0
38.5855,36.0,104.0
38.5903,8.0,104.0
38.5953,-24.0,102.0
38.6003,9.0,102.0
38.6056,-6.0,100.0
38.6105,-45.0,100.0
38.6154,10.0,100.0
38.6203,48.0,100.0
38.6252,0.0,100.0
38.6302,-1.0,100.0
38.6353,13.0,100.0
38.6403,-46.0,100.0
38.6453,-45.0,98.0
38.6503,53.0,98.0
38.6596,53.0,98.0
38.6604,-30.0,98.0
38.6653,-29.0,96.0
38.6704,-2.0,96.0
38.6754,0.0,96.0
38.6802,51.0,96.0
38.6852,13.0,94.0
38.6902,-137.0,96.0
38.6953,-10.0,96.0
38.7003,256.0,100.0
38.7053,27.0,100.0
38.7108,-341.0,106.0
38.7153,-88.0,106.0
38.7202,303.0,110.0
38.7258,133.0,110.0
38.7303,-155.0,112.0
38.7353,-100.0,110.0
38.7402,12.0,110.0
38.7452,19.0,108.0
38.7503,46.0,108.0
38.7553,30.0,104.0
38.7603,-33.0,106.0
38.7653,-30.0,104.0
38.7703,-14.0,104.0
38.7754,-7.0,104.0
38.7802,65.0,104.0
38.7853,83.0,104.0
38.7903,-71.0,106.0
38.7953,-182.0,108.0
38.8002,-10.0,106.0
38.8053,240.0,110.0
38.8107,153.0,110.0
38.8153,-197.0,114.0
38.8204,-255.0,116.0
38.8252,73.0,116.0
38.8303,242.0,120.0
38.8352,8.0,118.0
38.8403,-167.0,120.0
38.8455,27.0,120.0
38.8503,138.0,120.0
38.8557,-100.0,122.0
38.8604,-153.0,124.0
38.8655,106.0,126.0
38.8703,121.0,128.0
38.8753,-60.0,128.0
38.8802,-28.0,128.0
38.8853,32.0,128.0
38.8903,-42.0,128.0
38.8954,-21.0,128.0
38.9003,47.0,126.0
38.9053,-13.0,126.0
38.9102,-49.0,124.0
38.9153,62.0,122.0
38.9204,111.0,122.0
38.9254,-54.0,122.0
38.9305,-186.0,124.0
38.9353,-27.0,122.0
38.9404,165.0,124.0
38.9453,79.0,126.0
38.9505,-47.0,126.0
38.9555,-3.0,126.0
38.9603,-37.0,126.0
38.9653,-132.0,126.0
38.9704,9.0,126.0
38.9753,176.0,128.0
38.9805,59.0,130.0
38.9854,-96.0,130.0
38.9903,-54.0,130.0
38.9952,2.0,126.0
39.0003,-44.0,126.0
39.0052,-5.0,124.0
39.0107,149.0,126.0
39.0153,88.0,126.0
39.0208,-162.0,126.0
39.0253,-140.0,128.0
39.0303,81.0,130.0
39.0353,92.0,130.0
39.0403,-7.0,130.0
39.0454,-11.0,130.0
39.0503,3.0,128.0
39.0552,7.0,128.0
39.0603,-8.0,128.0
39.0654,-72.0,128.0
39.0705,-37.0,128.0
39.0753,103.0,130.0
39.0803,83.0,130.0
39.0853,-60.0,132.0
39.0903,-58.0,132.0
39.0954,4.0,132.0
39.1002,-15.0,130.0
39.1053,4.0,130.0
39.1103,52.0,130.0
39.1153,25.0,130.0
39.1212,-14.0,130.0
39.1254,-46.0,130.0
39.1304,-54.0,130.0
39.1353,26.0,130.0
39.1403,83.0,132.0
39.1453,15.0,132.0
39.1503,-48.0,132.0
39.1553,-31.0,132.0
39.1603,3.0,132.0
39.1656,9.0,132.0
39.1703,-21.0,132.0
39.1753,-1.0,130.0
39.1805,106.0,130.0
39.1853,60.0,130.0
39.1903,-171.0,132.0
39.1953,-159.0,132.0
39.2003,131.0,134.0
39.2054,201.0,136.0
39.2106,-25.0,136.0
39.2154,-142.0,138.0
39.2203,-39.0,138.0
39.2252,45.0,138.0
39.2302,30.0,140.0
39.2354,12.0,138.0
39.2404,7.0,138.0
39.2458,-15.0,140.0
39.2503,-20.0,138.0
39.2554,-5.0,138.0
39.2602,-13.0,138.0
39.2653,14.0,138.0
39.2704,81.0,140.0
39.2754,0.0,140.0
39.2803,-134.0,140.0
39.2852,-12.0,140.0
39.2904,133.0,142.0
39.2954,-10.0,140.0
39.3003,-97.0,142.0
39.3055,51.0,142.0
39.3102,67.0,144.0
39.3153,-67.0,144.0
39.3204,-45.0,144.0
39.3252,49.0,144.0
39.331,15.0,142.0
39.3353,-25.0,144.0
39.3403,14.0,140.0
39.3453,-2.0,138.0
39.351,-46.0,134.0
39.3553,52.0,134.0
39.3604,123.0,130.0
39.3653,-74.0,130.0
39.3706,-235.0,132.0
39.3753,0.0,130.0
39.3803,261.0,134.0
39.3854,111.0,134.0
39.3903,-145.0,136.0
39.3953,-126.0,138.0
39.4002,5.0,138.0
39.4053,37.0,138.0
39.4105,32.0,138.0
39.4154,43.0,138.0
39.4204,17.0,138.0
39.4253,-43.0,138.0
39.4312,-80.0,138.0
39.4355,-17.0,134.0
39.4404,118.0,136.0
39.4453,102.0,134.0
39.4503,-122.0,134.0
39.4553,-181.0,134.0
39.4603,76.0,130.0
39.4664,203.0,132.0
39.4703,-18.0,130.0
39.4761,-141.0,132.0
39.4802,19.0,130.0
39.4853,61.0,130.0
39.4903,-82.0,128.0
39.4955,-39.0,128.0
39.5003,119.0,128.0
39.5053,61.0,126.0
39.5103,-83.0,126.0
39.5154,-51.0,126.0
39.5202,23.0,126.0
39.5254,-19.0,126.0
39.5303,-16.0,126.0
39.5353,105.0,126.0
39.5403,84.0,126.0
39.5464,-122.0,128.0
39.5503,-163.0,130.0
39.5553,40.0,130.0
39.5603,147.0,130.0
39.5652,42.0,130.0
39.5703,-25.0,128.0
39.5754,-7.0,128.0
39.5803,-71.0,126.0
39.5853,-107.0,126.0
39.5902,47.0,126.0
39.5952,156.0,130.0
39.6002,19.0,128.0
39.6053,-97.0,128.0
39.6104,-3.0,128.0
39.6152,41.0,126.0
39.6203,-76.0,126.0
39.6252,-65.0,126.0
39.6302,102.0,126.0
39.6361,99.0,128.0
39.6403,-45.0,128.0
39.6453,-46.0,128.0
39.6503,-3.0,126.0
39.6553,-62.0,126.0
39.6603,-17.0,124.0
39.6657,120.0,124.0
39.6703,56.0,124.0
39.6753,-91.0,124.0
39.6803,-37.0,124.0
39.6852,44.0,124.0
39.6902,-31.0,124.0
39.6956,-39.0,124.0
39.7004,76.0,126.0
39.7052,53.0,126.0
39.7102,-53.0,126.0
39.7152,-13.0,124.0
39.7202,-3.0,124.0
39.7255,-92.0,124.0
39.7302,25.0,124.0
39.7362,185.0,126.0
39.7402,3.0,126.0
39.7455,-197.0,128.0
39.7503,-33.0,128.0
39.7552,138.0,130.0
39.7602,22.0,130.0
39.7652,-62.0,130.0
39.7704,27.0,130.0
39.7752,-5.0,130.0
39.7805,-95.0,130.0
39.7853,68.0,132.0
39.7903,176.0,134.0
39.7952,-84.0,134.0
39.8003,-237.0,138.0
39.8053,14.0,138.0
39.8104,201.0,140.0
39.8153,79.0,142.0
39.8202,-71.0,142.0
39.8252,-98.0,142.0
39.8302,-43.0,140.0
39.8353,56.0,138.0
39.8403,65.0,138.0
39.8452,-59.0,134.0
39.8503,-43.0,136.0
39.8552,143.0,136.0
39.8604,77.0,136.0
39.8653,-209.0,138.0
39.8703,-167.0,140.0
39.8754,153.0,142.0
39.8803,204.0,146.0
39.8854,-18.0,146.0
39.8902,-124.0,148.0
39.8953,-63.0,148.0
39.9003,-22.0,148.0
39.9053,33.0,148.0
39.9103,143.0,150.0
39.9152,67.0,150.0
39.9202,-174.0,152.0
39.9253,-153.0,154.0
39.9302,112.0,154.0
39.9352,163.0,156.0
39.9403,-21.0,154.0
39.9458,-122.0,156.0
39.9504,-38.0,156.0
39.9554,108.0,156.0
39.9603,82.0,156.0
39.9653,-111.0,158.0
39.9703,-125.0,158.0
39.9754,37.0,160.0
39.9804,98.0,160.0
39.9853,110.0,162.0
39.9904,58.0,162.0
39.9954,-186.0,164.0
40.0003,-250.0,166.0
40.0052,104.0,166.0
40.0107,306.0,168.0
40.0154,26.0,168.0
40.0204,-196.0,168.0
40.0252,-61.0,166.0
40.0302,57.0,166.0
40.0354,11.0,164.0
40.0416,13.0,164.0
40.0452,18.0,164.0
40.0502,-55.0,164.0
40.0552,5.0,164.0
40.0602,129.0,164.0
40.0655,-33.0,164.0
40.0704,-203.0,166.0
40.0754,43.0,166.0
40.0804,215.0,168.0
40.0853,-61.0,168.0
40.0903,-177.0,168.0
40.0953,87.0,168.0
40.1006,131.0,168.0
40.1054,-103.0,166.0
40.1103,-89.0,168.0
40.1153,119.0,168.0
40.1202,61.0,168.0
40.1254,-132.0,170.0
40.1304,-59.0,168.0
40.1354,114.0,170.0
40.1403,47.0,168.0
40.1452,-94.0,170.0
40.1505,2.0,168.0
40.1553,137.0,170.0
40.1604,-32.0,170.0
40.1654,-207.0,172.0
40.1707,-14.0,172.0
40.1752,186.0,174.0
40.1802,72.0,174.0
40.1853,-61.0,172.0
40.1904,-48.0,170.0
40.1954,-45.0,170.0
40.2003,-32.0,170.0
40.2053,50.0,170.0
40.2104,59.0,170.0
40.2154,-19.0,170.0
40.2203,5.0,168.0
40.2254,63.0,168.0
40.2303,-62.0,168.0
40.2364,-163.0,168.0
40.2402,21.0,168.0
40.2464,194.0,170.0
40.2503,57.0,170.0
40.2554,-114.0,172.0
40.2602,-67.0,172.0
40.2653,18.0,172.0
40.2705,9.0,170.0
40.2755,10.0,168.0
40.2803,39.0,168.0
40.2854,0.0,168.0
40.2903,-46.0,168.0
40.2953,12.0,168.0
40.3003,42.0,168.0
40.3053,-39.0,166.0
40.3103,-30.0,166.0
40.3154,51.0,166.0
40.3202,-34.0,166.0
40.3255,-84.0,166.0
40.3303,150.0,168.0
40.3352,185.0,170.0
40.3403,-218.0,172.0
40.3454,-307.0,176.0
40.3508,161.0,178.0
40.3554,330.0,184.0
40.3603,-36.0,184.0
40.3653,-209.0,186.0
40.3702,-23.0,186.0
40.3752,42.0,184.0
40.3802,-24.0,184.0
40.3852,53.0,182.0
40.3903,106.0,182.0
40.3954,-69.0,182.0
40.4005,-149.0,184.0
40.4055,81.0,184.0
40.4105,178.0,186.0
40.4153,-97.0,188.0
40.4203,-223.0,190.0
40.4254,57.0,190.0
40.4302,219.0,190.0
40.4352,16.0,188.0
40.4406,-119.0,186.0
40.4454,-34.0,188.0
40.4508,5.0,184.0
40.4556,-4.0,182.0
40.4602,26.0,182.0
40.4661,12.0,180.0
40.4702,-10.0,180.0
40.4752,16.0,180.0
40.4806,31.0,180.0
40.4862,13.0,178.0
40.4903,-68.0,178.0
40.4954,-118.0,178.0
40.5003,34.0,178.0
40.5053,185.0,178.0
40.5103,51.0,176.0
40.5153,-145.0,176.0
40.5202,-90.0,174.0
40.5253,61.0,174.0
40.5303,53.0,174.0
40.5353,-12.0,172.0
40.5402,0.0,172.0
40.5452,-5.0,172.0
40.5504,-25.0,170.0
40.5554,36.0,170.0
40.5602,39.0,168.0
40.5653,-68.0,166.0
40.5704,-73.0,166.0
40.5759,33.0,164.0
40.5804,101.0,164.0
40.5856,86.0,164.0
40.5903,-57.0,164.0
40.5953,-199.0,166.0
40.6004,-59.0,166.0
40.6053,184.0,166.0
40.6104,138.0,166.0
40.6154,-58.0,168.0
40.6203,-92.0,166.0
40.6252,-43.0,166.0
40.6303,-17.0,166.0
40.6353,41.0,164.0
40.6403,73.0,160.0
40.6453,11.0,158.0
40.6503,-40.0,154.0
40.6556,-34.0,154.0
40.6603,-22.0,152.0
40.6655,11.0,152.0
40.6703,47.0,152.0
40.6753,6.0,152.0
40.6805,-19.0,152.0
40.6853,23.0,152.0
40.6905,1.0,150.0
40.6955,-75.0,152.0
40.7003,-81.0,150.0
40.7053,43.0,150.0
40.7103,231.0,152.0
40.7153,134.0,152.0
40.7203,-283.0,154.0
40.7258,-332.0,158.0
40.7303,143.0,158.0
40.7353,346.0,162.0
40.7403,41.0,160.0
40.7452,-158.0,160.0
40.7502,-88.0,160.0
40.7565,-31.0,160.0
40.7603,13.0,158.0
40.7653,75.0,158.0
40.7702,37.0,158.0
40.7752,-16.0,156.0
40.7803,-2.0,156.0
40.7853,-41.0,154.0
40.7903,-78.0,156.0
40.7952,53.0,154.0
40.8003,160.0,156.0
40.8052,-6.0,154.0
40.8104,-203.0,156.0
40.8153,-84.0,154.0
40.8203,155.0,156.0
40.8253,147.0,158.0
40.8302,-35.0,158.0
40.8357,-117.0,158.0
40.8404,-59.0,158.0
40.8453,31.0,158.0
40.8502,85.0,158.0
40.8552,29.0,158.0
40.8609,-107.0,160.0
40.8653,-57.0,160.0
40.8704,179.0,162.0
40.8754,105.0,162.0
40.8802,-230.0,164.0
40.8853,-171.0,164.0
40.8902,129.0,166.0
40.8952,156.0,166.0
40.9004,119.0,166.0
40.9053,15.0,166.0
40.9103,-311.0,172.0
40.9153,-236.0,176.0
40.9202,258.0,178.0
40.9257,255.0,182.0
40.9304,-54.0,182.0
40.9353,26.0,182.0
40.9403,-14.0,182.0
40.9452,-351.0,188.0
40.9503,-135.0,188.0
40.9552,375.0,194.0
40.9609,257.0,198.0
40.9663,-123.0,198.0
40.9704,-149.0,198.0
40.9753,-56.0,196.0
40.9805,-34.0,194.0
40.9854,14.0,188.0
40.9903,55.0,186.0
40.9953,50.0,182.0
41.0002,45.0,182.0
41.0053,20.0,180.0
41.0104,-63.0,180.0
41.0155,-137.0,182.0
41.0204,-59.0,182.0
41.0252,151.0,184.0
41.0302,168.0,184.0
41.0355,-44.0,184.0
41.0404,-84.0,184.0
41.0453,-44.0,182.0
41.0503,-164.0,182.0
41.0553,-28.0,182.0
41.0602,326.0,184.0
41.0652,209.0,186.0
41.0703,-222.0,186.0
41.0754,-293.0,190.0
41.0804,-50.0,188.0
41.0853,186.0,192.0
41.0904,270.0,196.0
41.0952,29.0,196.0
41.1004,-302.0,200.0
41.1053,-221.0,204.0
41.1103,150.0,206.0
41.1152,281.0,210.0
41.1203,61.0,210.0
41.1255,-194.0,212.0
41.1304,-171.0,214.0
41.1354,82.0,214.0
41.1402,152.0,216.0
41.1453,-63.0,214.0
41.1505,-127.0,216.0
41.1552,99.0,214.0
41.1603,203.0,216.0
41.1658,-49.0,216.0
41.1703,-290.0,220.0
41.1752,-115.0,222.0
41.1803,210.0,224.0
41.1854,227.0,228.0
41.1904,23.0,228.0
41.1952,-144.0,230.0
41.2003,-189.0,232.0
41.2054,-29.0,232.0
41.2107,175.0,234.0
41.2153,75.0,234.0
41.221,-151.0,234.0
41.2253,8.0,234.0
41.2306,310.0,238.0
41.2352,1.0,234.0
41.2404,-520.0,242.0
41.2454,-199.0,242.0
41.2502,490.0,248.0
41.2554,366.0,252.0
41.2604,-223.0,254.0
41.2653,-286.0,258.0
41.2703,24.0,258.0
41.2754,68.0,258.0
41.2804,-76.0,258.0
41.2852,2.0,258.0
41.2915,243.0,262.0
41.2956,159.0,264.0
41.3003,-295.0,268.0
41.3054,-349.0,272.0
41.3102,191.0,276.0
41.3153,355.0,280.0
41.3202,-77.0,282.0
41.3254,-197.0,284.0
41.3303,52.0,284.0
41.3353,35.0,284.0
41.3404,-77.0,284.0
41.3452,36.0,284.0
41.3502,88.0,282.0
41.3553,-10.0,280.0
41.3603,-58.0,276.0
41.3652,-88.0,272.0
41.3712,-34.0,270.0
41.3752,194.0,268.0
41.3816,183.0,270.0
41.3853,-213.0,272.0
41.3903,-298.0,274.0
41.3952,111.0,276.0
41.4002,267.0,280.0
41.4053,13.0,280.0
41.4111,-101.0,280.0
41.4152,-36.0,280.0
41.4203,-46.0,282.0
41.4253,-31.0,282.0
41.4314,56.0,280.0
41.4353,58.0,280.0
41.4406,20.0,278.0
41.4455,30.0,278.0
41.4503,-42.0,276.0
41.4553,-166.0,278.0
41.4602,-54.0,276.0
41.4652,206.0,278.0
41.4704,164.0,280.0
41.4755,-102.0,278.0
41.4802,-127.0,280.0
41.4852,-15.0,280.0
41.4902,-61.0,280.0
41.4953,13.0,280.0
41.5002,230.0,280.0
41.5052,65.0,282.0
41.5102,-242.0,282.0
41.5155,-89.0,282.0
41.5203,134.0,280.0
41.5253,0.0,278.0
41.5303,-39.0,276.0
41.5353,142.0,276.0
41.5402,43.0,274.0
41.5454,-232.0,278.0
41.5503,-126.0,276.0
41.5554,180.0,274.0
41.5603,186.0,274.0
41.5652,9.0,270.0
41.5703,-150.0,270.0
41.5754,-268.0,274.0
41.5803,48.0,276.0
41.5855,527.0,278.0
41.5904,70.0,278.0
41.5952,-708.0,282.0
41.6002,-203.0,282.0
41.6053,685.0,290.0
41.6104,301.0,292.0
41.6153,-430.0,298.0
41.6203,-266.0,302.0
41.6254,101.0,304.0
41.6302,123.0,304.0
41.6353,119.0,306.0
41.6403,8.0,304.0
41.6454,-189.0,308.0
41.6503,-71.0,308.0
41.6553,149.0,308.0
41.6602,84.0,308.0
41.6653,-81.0,308.0
41.6704,-88.0,306.0
41.6752,59.0,306.0
41.6803,141.0,308.0
41.6852,-60.0,308.0
41.6903,-273.0,308.0
41.6953,-14.0,308.0
41.7003,411.0,310.0
41.7055,173.0,310.0
41.7102,-421.0,312.0
41.7153,-291.0,312.0
41.7203,265.0,316.0
41.7257,259.0,318.0
41.7303,-76.0,314.0
41.7353,-89.0,316.0
41.7402,25.0,310.0
41.7461,-102.0,308.0
41.7502,-115.0,308.0
41.7553,202.0,308.0
41.7603,198.0,310.0
41.7652,-182.0,310.0
41.7703,-159.0,308.0
41.7753,102.0,310.0
41.7805,-30.0,308.0
41.7854,-56.0,308.0
41.7903,317.0,310.0
41.7952,82.0,310.0
41.8002,-549.0,316.0
41.8054,-106.0,316.0
41.811,581.0,320.0
41.8153,47.0,320.0
41.8202,-419.0,322.0
41.8258,42.0,320.0
41.8304,167.0,322.0
41.8354,-64.0,320.0
41.8405,69.0,320.0
41.8452,16.0,318.0
41.8504,-191.0,320.0
41.8556,73.0,320.0
41.8605,159.0,320.0
41.8655,-221.0,322.0
41.8708,-86.0,320.0
41.8763,365.0,324.0
41.8807,106.0,318.0
41.8855,-378.0,322.0
41.8908,-182.0,316.0
41.8959,260.0,314.0
41.9002,195.0,314.0
41.9058,-135.0,312.0
41.9104,-107.0,314.0
41.9155,57.0,312.0
41.9204,-51.0,312.0
41.9261,-4.0,312.0
41.9307,228.0,312.0
41.9355,-10.0,310.0
41.9402,-331.0,310.0
41.9452,-6.0,306.0
41.9508,325.0,308.0
41.9559,0.0,302.0
41.9602,-322.0,306.0
41.9652,16.0,302.0
41.9704,422.0,308.0
41.9754,39.0,308.0
41.9805,-555.0,316.0
41.9853,-171.0,318.0
41.9902,579.0,326.0
41.9954,266.0,330.0
42.0004,-464.0,336.0
42.0056,-264.0,338.0
42.0111,281.0,342.0
42.0152,231.0,344.0
42.0208,-106.0,342.0
42.0255,-252.0,342.0
42.0312,-29.0,338.0
42.0355,306.0,342.0
42.0403,177.0,340.0
42.0455,-262.0,344.0
42.0502,-366.0,348.0
42.0554,6.0,348.0
42.0605,452.0,354.0
42.0656,338.0,358.0
42.0707,-281.0,362.0
42.0759,-468.0,368.0
42.0808,-59.0,370.0
42.0854,204.0,372.0
42.0905,305.0,376.0
42.0959,323.0,378.0
42.1004,-239.0,382.0
42.1057,-746.0,390.0
42.1105,-134.0,390.0
42.1154,722.0,400.0
42.121,505.0,406.0
42.1263,-267.0,410.0
42.1309,-539.0,416.0
42.1352,-236.0,420.0
42.1404,269.0,420.0
42.1454,451.0,426.0
42.1504,-31.0,424.0
42.1552,-392.0,428.0
42.161,64.0,428.0
42.1654,303.0,432.0
42.1704,-306.0,436.0
42.1755,-353.0,440.0
42.1809,491.0,446.0
42.1853,490.0,450.0
42.1903,-420.0,454.0
42.1952,-545.0,460.0
42.2005,148.0,460.0
42.2053,436.0,466.0
42.2111,104.0,466.0
42.2152,-244.0,466.0
42.2208,-199.0,468.0
42.2254,74.0,460.0
42.2309,109.0,462.0
42.2356,29.0,450.0
42.2403,160.0,450.0
42.2453,-11.0,440.0
42.2504,-496.0,442.0
42.2552,-139.0,438.0
42.2606,691.0,444.0
42.2656,276.0,448.0
42.2716,-656.0,456.0
42.2754,-227.0,458.0
42.2807,503.0,466.0
42.2854,-27.0,462.0
42.2905,-430.0,468.0
42.2956,353.0,472.0
42.3002,511.0,478.0
42.3053,-584.0,486.0
42.3105,-610.0,494.0
42.3155,638.0,504.0
42.3203,529.0,510.0
42.3259,-532.0,516.0
42.3308,-212.0,516.0
42.3352,362.0,522.0
42.3404,-235.0,518.0
42.3453,-284.0,520.0
42.3504,596.0,522.0
42.3553,381.0,524.0
42.3607,-638.0,530.0
42.3654,-516.0,534.0
42.3704,301.0,538.0
42.3756,445.0,544.0
42.3806,194.0,546.0
42.3857,-141.0,546.0
42.3902,-534.0,554.0
42.3954,-132.0,552.0
42.401,588.0,558.0
42.4064,162.0,558.0
42.4114,-433.0,562.0
42.4157,-34.0,560.0
42.4202,205.0,564.0
42.427,-46.0,564.0
42.4303,-40.0,560.0
42.4353,-40.0,558.0
42.4408,-32.0,550.0
42.4452,286.0,554.0
42.4502,166.0,546.0
42.4554,-473.0,554.0
42.4602,-432.0,554.0
42.4653,321.0,558.0
42.471,539.0,564.0
42.4754,97.0,564.0
42.4804,-188.0,566.0
42.4852,-320.0,570.0
42.4902,-384.0,574.0
42.4958,40.0,574.0
42.5012,609.0,580.0
42.5055,473.0,584.0
42.5102,-271.0,588.0
42.5152,-696.0,592.0
42.5204,-293.0,596.0
42.526,458.0,596.0
42.5307,592.0,604.0
42.5355,-104.0,600.0
42.5402,-447.0,604.0
42.5454,37.0,604.0
42.5508,108.0,604.0
42.5558,-221.0,606.0
42.5602,113.0,606.0
42.5653,312.0,612.0
42.5702,-191.0,610.0
42.5756,-184.0,614.0
42.5806,245.0,612.0
42.5856,7.0,612.0
42.5902,-277.0,612.0
42.5954,78.0,612.0
42.6005,199.0,610.0
42.6054,-94.0,612.0
42.6109,46.0,606.0
42.6153,107.0,608.0
42.6205,-398.0,604.0
42.6252,-134.0,604.0
42.6304,640.0,606.0
42.6357,93.0,602.0
42.6403,-596.0,604.0
42.6457,114.0,602.0
42.6505,352.0,604.0
42.6554,-440.0,606.0
42.6615,-147.0,608.0
42.6653,716.0,614.0
42.6702,84.0,616.0
42.6758,-827.0,624.0
42.6807,-66.0,622.0
42.6854,758.0,630.0
42.6904,-69.0,624.0
42.6961,-605.0,634.0
42.7014,348.0,632.0
42.7052,540.0,636.0
42.7104,-556.0,640.0
42.7152,-603.0,642.0
42.7206,451.0,648.0
42.7259,648.0,656.0
42.7307,-93.0,652.0
42.7355,-571.0,656.0
42.7407,-207.0,656.0
42.7455,399.0,650.0
42.7505,285.0,652.0
42.7556,-158.0,644.0
42.7602,-174.0,638.0
42.7655,-128.0,636.0
42.7703,-107.0,630.0
42.7755,334.0,630.0
42.7806,483.0,634.0
42.7853,-295.0,632.0
42.7906,-700.0,642.0
42.7952,3.0,636.0
42.8005,551.0,644.0
42.8054,349.0,644.0
42.8106,-90.0,640.0
42.8153,-504.0,644.0
42.8202,-431.0,642.0
42.8252,340.0,640.0
42.8302,744.0,646.0
42.8353,-4.0,636.0
42.8405,-718.0,646.0
42.8453,-252.0,642.0
42.8502,421.0,648.0
42.8552,322.0,648.0
42.8603,-23.0,646.0
42.8655,-258.0,648.0
42.8704,-361.0,652.0
42.8753,123.0,654.0
42.8807,681.0,662.0
42.8853,50.0,664.0
42.8902,-856.0,668.0
42.8953,-195.0,670.0
42.9002,840.0,672.0
42.9063,207.0,670.0
42.9109,-716.0,672.0
42.9153,-73.0,670.0
42.9202,651.0,672.0
42.9253,-78.0,672.0
42.9302,-702.0,676.0
42.9354,124.0,674.0
42.9403,707.0,676.0
42.9453,-132.0,670.0
42.9502,-485.0,668.0
42.9554,284.0,662.0
42.9605,138.0,656.0
42.9652,-555.0,656.0
42.9703,70.0,654.0
42.9753,665.0,658.0
42.9805,-65.0,656.0
42.9854,-458.0,658.0
42.9904,-12.0,650.0
42.9955,97.0,644.0
43.0006,30.0,636.0
43.0055,169.0,630.0
43.0103,34.0,626.0
43.0152,-272.0,624.0
43.0203,-152.0,622.0
43.0252,302.0,626.0
43.0302,315.0,622.0
43.0355,-308.0,624.0
43.0403,-527.0,624.0
43.0453,238.0,624.0
43.0502,694.0,628.0
43.0552,-112.0,630.0
43.0603,-709.0,638.0
43.0657,47.0,638.0
43.0704,639.0,648.0
43.0753,-37.0,648.0
43.0802,-598.0,656.0
43.0852,-52.0,652.0
43.0902,481.0,658.0
43.0953,189.0,652.0
43.1003,-131.0,648.0
43.1053,-131.0,646.0
43.1102,-282.0,642.0
43.116,-217.0,642.0
43.1202,366.0,646.0
43.1257,595.0,650.0
43.1302,11.0,644.0
43.1353,-602.0,654.0
43.1402,-473.0,650.0
43.1452,172.0,646.0
43.1503,484.0,650.0
43.1553,277.0,642.0
43.1602,28.0,638.0
43.1653,-278.0,636.0
43.1704,-555.0,636.0
43.1753,-109.0,636.0
43.1803,611.0,638.0
43.1853,363.0,644.0
43.1903,-280.0,646.0
43.1953,-140.0,644.0
43.2003,-11.0,642.0
43.2053,-379.0,644.0
43.2103,28.0,642.0
43.2153,791.0,650.0
43.2221,144.0,650.0
43.2252,-860.0,662.0
43.2302,-301.0,664.0
43.2353,641.0,672.0
43.2404,342.0,674.0
43.2453,-352.0,678.0
43.2502,-336.0,682.0
43.2552,135.0,684.0
43.2602,388.0,682.0
43.2654,57.0,682.0
43.2704,-448.0,678.0
43.2762,-290.0,682.0
43.2803,329.0,678.0
43.2853,467.0,684.0
43.2902,25.0,678.0
43.2954,-453.0,678.0
43.3003,-408.0,682.0
43.3053,295.0,676.0
43.3102,593.0,684.0
43.3165,-159.0,674.0
43.3202,-587.0,682.0
43.3255,71.0,670.0
43.3304,496.0,678.0
43.3352,83.0,670.0
43.3402,-329.0,668.0
43.3453,-293.0,666.0
43.3503,57.0,658.0
43.3553,364.0,654.0
43.3603,214.0,650.0
43.3653,-176.0,642.0
43.3703,-283.0,646.0
43.3752,-130.0,638.0
43.3803,77.0,636.0
43.3853,293.0,634.0
43.3903,247.0,634.0
43.3953,-207.0,636.0
43.4003,-451.0,640.0
43.4052,23.0,638.0
43.4105,424.0,642.0
43.4154,31.0,638.0
43.4202,-255.0,634.0
43.4252,96.0,632.0
43.4302,121.0,622.0
43.4353,-216.0,626.0
43.4416,-64.0,618.0
43.4459,137.0,614.0
43.4502,-46.0,614.0
43.4559,76.0,608.0
43.4614,264.0,604.0
43.4653,-218.0,602.0
43.4715,-445.0,598.0
43.4754,206.0,602.0
43.4805,470.0,598.0
43.4852,-98.0,594.0
43.4903,-381.0,594.0
43.4954,-18.0,590.0
43.5004,277.0,594.0
43.5054,65.0,590.0
43.5103,-251.0,588.0
43.5152,-23.0,588.0
43.5209,338.0,582.0
43.5256,-16.0,582.0
43.5302,-429.0,574.0
43.5353,-15.0,572.0
43.5408,328.0,564.0
43.5452,6.0,560.0
43.5504,-12.0,550.0
43.5553,194.0,552.0
43.561,-279.0,546.0
43.5653,-494.0,552.0
43.5703,326.0,546.0
43.5753,633.0,554.0
43.5804,-187.0,546.0
43.5864,-515.0,552.0
43.5902,60.0,546.0
43.5953,283.0,546.0
43.6002,-51.0,544.0
43.6052,-93.0,536.0
43.6104,137.0,538.0
43.6154,-10.0,528.0
43.6203,-249.0,530.0
43.6252,65.0,524.0
43.6302,347.0,530.0
43.6354,-83.0,530.0
43.6412,-407.0,536.0
43.6452,59.0,534.0
43.6503,381.0,540.0
43.6552,-38.0,536.0
43.6602,-236.0,536.0
43.6652,91.0,534.0
43.6704,26.0,528.0
43.6754,-222.0,528.0
43.6804,148.0,522.0
43.6852,350.0,524.0
43.6902,-219.0,516.0
43.6954,-400.0,520.0
43.7002,212.0,512.0
43.7053,352.0,518.0
43.7103,-199.0,510.0
43.7152,-237.0,514.0
43.7202,184.0,508.0
43.7255,92.0,508.0
43.7303,-134.0,502.0
43.7352,54.0,500.0
43.7403,74.0,500.0
43.7452,-158.0,500.0
43.7502,-68.0,496.0
43.7552,158.0,496.0
43.7602,112.0,492.0
43.7652,-73.0,484.0
43.7702,-151.0,486.0
43.7752,24.0,476.0
43.7802,186.0,472.0
43.7853,-78.0,470.0
43.7903,-249.0,468.0
43.7956,171.0,466.0
43.8006,297.0,470.0
43.8053,-243.0,470.0
43.8106,-263.0,464.0
43.8152,306.0,468.0
43.8202,156.0,460.0
43.8253,-367.0,460.0
43.8304,-49.0,456.0
43.8353,391.0,460.0
43.8402,18.0,460.0
43.8452,-326.0,460.0
43.8503,-53.0,460.0
43.8552,168.0,450.0
43.8603,58.0,450.0
43.8653,-15.0,436.0
43.8702,-17.0,432.0
43.8752,-35.0,422.0
43.8802,34.0,418.0
43.8852,47.0,412.0
43.8903,-116.0,410.0
43.8955,-123.0,410.0
43.9003,107.0,404.0
43.9053,196.0,406.0
43.9102,51.0,400.0
43.9152,-135.0,398.0
43.9203,-198.0,396.0
43.9255,-2.0,390.0
43.9303,185.0,392.0
43.9359,52.0,386.0
43.9403,-62.0,380.0
43.9452,38.0,376.0
43.9505,-51.0,368.0
43.9556,-214.0,368.0
43.9602,79.0,360.0
43.9653,382.0,366.0
43.9704,10.0,358.0
43.9753,-389.0,362.0
43.9802,-114.0,358.0
43.9855,175.0,358.0
43.9903,49.0,356.0
43.9952,85.0,352.0
44.0003,173.0,352.0
44.0053,-215.0,352.0
44.0106,-349.0,354.0
44.0154,266.0,356.0
44.0203,392.0,360.0
44.0253,-314.0,362.0
44.0303,-360.0,362.0
44.0357,296.0,364.0
44.0406,237.0,360.0
44.0454,-200.0,364.0
44.0503,21.0,358.0
44.0552,164.0,360.0
44.0602,-294.0,360.0
44.0652,-272.0,362.0
44.0703,374.0,366.0
44.0752,428.0,370.0
44.0803,-206.0,372.0
44.0852,-464.0,378.0
44.0902,-63.0,378.0
44.0952,316.0,382.0
44.1003,231.0,380.0
44.1053,-89.0,378.0
44.1103,-225.0,376.0
44.1155,-68.0,374.0
44.1203,146.0,368.0
44.1255,150.0,368.0
44.1304,-77.0,364.0
44.1353,-200.0,368.0
44.1402,-1.0,362.0
44.1452,165.0,364.0
44.1502,48.0,362.0
44.1553,-39.0,362.0
44.1604,31.0,356.0
44.1653,-42.0,356.0
44.1702,-178.0,354.0
44.1752,11.0,354.0
44.1803,206.0,352.0
44.1852,26.0,352.0
44.1903,-72.0,352.0
44.1952,56.0,350.0
44.2002,-28.0,346.0
44.2052,-190.0,342.0
44.2104,-85.0,338.0
44.2154,166.0,330.0
44.2203,322.0,332.0
44.2252,80.0,326.0
44.2302,-398.0,332.0
44.2352,-343.0,332.0
44.2403,197.0,334.0
44.2453,342.0,338.0
44.2502,59.0,336.0
44.2553,-53.0,338.0
44.2602,-60.0,334.0
44.2652,-246.0,338.0
44.2702,-211.0,336.0
44.2753,297.0,338.0
44.2802,466.0,340.0
44.2852,-142.0,340.0
44.2902,-455.0,342.0
44.2952,32.0,342.0
44.3002,197.0,342.0
44.3053,-162.0,342.0
44.3104,78.0,344.0
44.3153,480.0,348.0
44.3203,-136.0,348.0
44.3256,-688.0,352.0
44.3304,-14.0,350.0
44.3353,538.0,352.0
44.3402,85.0,350.0
44.3458,-169.0,346.0
44.3504,111.0,346.0
44.3552,-58.0,342.0
44.3602,-411.0,346.0
44.3652,14.0,344.0
44.3702,557.0,352.0
44.3753,167.0,354.0
44.3802,-481.0,360.0
44.3853,-358.0,362.0
44.3903,276.0,366.0
44.3952,530.0,372.0
44.4004,-25.0,370.0
44.4052,-626.0,378.0
44.4104,-224.0,380.0
44.4153,550.0,388.0
44.4203,402.0,392.0
44.4252,-321.0,396.0
44.4302,-467.0,398.0
44.4353,94.0,398.0
44.4404,457.0,400.0
44.4452,21.0,396.0
44.451,-406.0,398.0
44.4552,-43.0,394.0
44.4602,331.0,398.0
44.4652,74.0,392.0
44.4713,-239.0,396.0
44.4757,-196.0,392.0
44.4802,103.0,394.0
44.4852,359.0,394.0
44.4902,92.0,396.0
44.4952,-402.0,398.0
44.5003,-266.0,402.0
44.5054,223.0,406.0
44.5102,261.0,410.0
44.5152,71.0,410.0
44.5203,-7.0,410.0
44.5257,-237.0,412.0
44.5302,-358.0,416.0
44.5353,126.0,416.0
44.5402,580.0,424.0
44.5452,176.0,424.0
44.5503,-511.0,430.0
44.5555,-421.0,434.0
44.5603,251.0,436.0
44.5652,432.0,442.0
44.5702,-60.0,440.0
44.5752,-271.0,444.0
44.5803,70.0,444.0
44.5853,130.0,446.0
44.5902,-156.0,448.0
44.5952,-99.0,446.0
44.6002,142.0,446.0
44.6052,130.0,442.0
44.6104,11.0,442.0
44.6154,-136.0,438.0
44.6203,-196.0,440.0
44.6253,70.0,438.0
44.6302,252.0,442.0
44.6352,24.0,440.0
44.6404,-110.0,440.0
44.6454,-30.0,436.0
44.6502,-110.0,432.0
44.6552,-139.0,430.0
44.6623,187.0,428.0
44.6654,401.0,428.0
44.6703,-19.0,424.0
44.6755,-524.0,428.0
44.6802,-247.0,428.0
44.6852,375.0,430.0
44.6902,363.0,436.0
44.6952,-87.0,434.0
44.7002,-221.0,434.0
44.7054,-68.0,430.0
44.7102,-44.0,424.0
44.7153,-34.0,418.0
44.7202,193.0,418.0
44.7254,262.0,416.0
44.7303,-150.0,416.0
44.7353,-413.0,418.0
44.7402,42.0,416.0
44.7452,421.0,420.0
44.7509,7.0,416.0
44.7552,-333.0,422.0
44.7604,-12.0,418.0
44.7652,214.0,420.0
44.7702,55.0,420.0
44.7752,-102.0,418.0
44.7803,-133.0,420.0
44.7852,-3.0,418.0
44.7903,136.0,418.0
44.7952,93.0,420.0
44.8002,12.0,420.0
44.8054,-109.0,420.0
44.8105,-218.0,422.0
44.8152,38.0,422.0
44.8203,285.0,422.0
44.8252,-10.0,422.0
44.8303,-183.0,424.0
44.8354,132.0,426.0
44.8402,88.0,426.0
44.8455,-293.0,428.0
44.8503,-104.0,428.0
44.8552,311.0,430.0
44.8602,153.0,428.0
44.8652,-190.0,430.0
44.8704,-161.0,426.0
44.8754,56.0,422.0
44.8803,133.0,420.0
44.8854,22.0,416.0
44.8904,-84.0,416.0
44.8955,-45.0,416.0
44.9002,35.0,416.0
44.9052,36.0,412.0
44.9102,-10.0,408.0
44.9153,-51.0,406.0
44.9202,-14.0,398.0
44.9253,138.0,398.0
44.9302,88.0,392.0
44.9353,-273.0,396.0
44.9402,-178.0,396.0
44.9452,394.0,400.0
44.9503,204.0,402.0
44.9552,-452.0,400.0
44.9602,-150.0,402.0
44.9652,399.0,396.0
44.9703,20.0,396.0
44.9752,-242.0,392.0
44.9803,166.0,394.0
44.9855,81.0,392.0
44.9903,-276.0,394.0
44.9952,50.0,394.0
45.0002,203.0,392.0
45.0053,-250.0,394.0
45.0104,-91.0,388.0
45.0155,526.0,394.0
45.0202,136.0,388.0
45.0252,-686.0,392.0
45.0303,-283.0,394.0
45.0353,593.0,394.0
45.0404,303.0,398.0
45.0453,-380.0,394.0
45.0502,-170.0,394.0
45.0552,243.0,388.0
45.0602,83.0,384.0
45.0655,-155.0,382.0
45.0703,-108.0,376.0
45.0752,-4.0,374.0
45.0802,102.0,368.0
45.0852,198.0,372.0
45.0902,-12.0,366.0
45.0955,-313.0,370.0
45.1002,-53.0,366.0
45.1053,353.0,370.0
45.1102,46.0,366.0
45.1154,-346.0,368.0
45.1203,-51.0,368.0
45.1254,209.0,366.0
45.1303,86.0,366.0
45.1354,76.0,360.0
45.1403,-54.0,358.0
45.1453,-297.0,358.0
45.1503,-12.0,354.0
45.1555,243.0,358.0
45.1603,-64.0,358.0
45.1665,-7.0,354.0
45.1702,320.0,354.0
45.1752,-141.0,354.0
45.1802,-536.0,354.0
45.1854,89.0,352.0
45.1903,507.0,352.0
45.1952,58.0,346.0
45.2002,-256.0,346.0
45.2053,-150.0,342.0
45.2103,-78.0,342.0
45.2154,114.0,340.0
45.2203,382.0,344.0
45.2252,34.0,344.0
45.2302,-546.0,350.0
45.2352,-212.0,352.0
45.2402,522.0,358.0
45.2453,329.0,360.0
45.2505,-387.0,366.0
45.2552,-378.0,370.0
45.2602,249.0,370.0
45.2653,404.0,376.0
45.2707,-122.0,374.0
45.2755,-397.0,380.0
45.2804,-39.0,378.0
45.2853,300.0,382.0
45.2902,217.0,384.0
45.2953,-132.0,384.0
45.3003,-325.0,386.0
45.3053,18.0,380.0
45.3102,348.0,386.0
45.3152,-1.0,378.0
45.3204,-328.0,378.0
45.3254,-15.0,374.0
45.3304,226.0,370.0
45.3353,75.0,370.0
45.3403,-19.0,368.0
45.3453,-71.0,368.0
45.3505,-159.0,370.0
45.3556,-83.0,370.0
45.3603,133.0,370.0
45.3659,292.0,370.0
45.3711,120.0,370.0
45.3754,-325.0,368.0
45.3815,-427.0,374.0
45.3852,96.0,368.0
45.3903,590.0,378.0
45.3952,205.0,376.0
45.4002,-582.0,384.0
45.4055,-342.0,386.0
45.4104,488.0,394.0
45.4152,267.0,396.0
45.4203,-359.0,400.0
45.4252,-79.0,400.0
45.4302,250.0,402.0
45.4354,-107.0,402.0
45.4403,-245.0,406.0
45.4452,203.0,408.0
45.4503,341.0,410.0
45.4554,-172.0,412.0
45.4602,-394.0,414.0
45.4653,95.0,416.0
45.4703,327.0,418.0
45.4764,-105.0,416.0
45.4803,-277.0,420.0
45.4854,162.0,418.0
45.4902,340.0,422.0
45.4954,-99.0,418.0
45.5002,-389.0,422.0
45.5053,-83.0,420.0
45.5102,304.0,422.0
45.5152,184.0,424.0
45.5204,-189.0,426.0
45.5254,-99.0,426.0
45.5302,197.0,428.0
45.5352,-44.0,428.0
45.5402,-308.0,432.0
45.5452,96.0,434.0
45.5504,371.0,440.0
45.5552,-99.0,440.0
45.5603,-309.0,444.0
45.5652,238.0,446.0
45.5713,253.0,448.0
45.576,-513.0,452.0
45.5803,-361.0,456.0
45.5852,629.0,458.0
45.5903,502.0,464.0
45.5952,-414.0,462.0
45.6003,-383.0,466.0
45.6052,84.0,462.0
45.6105,-18.0,462.0
45.6153,74.0,458.0
45.6205,421.0,462.0
45.6252,-27.0,462.0
45.6302,-575.0,466.0
45.6351,-97.0,468.0
45.6406,464.0,472.0
45.6453,174.0,470.0
45.6502,-238.0,472.0
45.6553,-108.0,466.0
45.6602,74.0,466.0
45.6652,-65.0,456.0
45.6717,-31.0,452.0
45.6754,188.0,446.0
45.6804,27.0,440.0
45.6852,-192.0,438.0
45.6902,-18.0,436.0
45.6952,162.0,434.0
45.7002,43.0,434.0
45.7055,-159.0,434.0
45.7103,-106.0,434.0
45.7152,148.0,436.0
45.7202,145.0,436.0
45.7252,-99.0,436.0
45.7302,-119.0,436.0
45.7352,47.0,432.0
45.7402,72.0,432.0
45.7452,-34.0,428.0
45.7502,-65.0,428.0
45.7555,69.0,424.0
45.7604,66.0,424.0
45.7653,-154.0,424.0
45.7702,5.0,422.0
45.7759,296.0,426.0
45.7805,-110.0,426.0
45.7854,-464.0,428.0
45.7902,67.0,430.0
45.7952,523.0,434.0
45.8002,181.0,436.0
45.8053,-347.0,442.0
45.8105,-441.0,444.0
45.8153,-10.0,442.0
45.8203,478.0,440.0
45.8253,342.0,444.0
45.8302,-244.0,440.0
45.8353,-437.0,446.0
45.8402,-69.0,444.0
45.8452,225.0,444.0
45.8503,183.0,446.0
45.8552,98.0,446.0
45.8602,-25.0,440.0
45.8653,-237.0,444.0
45.8704,-193.0,438.0
45.8752,149.0,436.0
45.8802,267.0,432.0
45.8852,-36.0,428.0
45.8904,-186.0,426.0
45.8952,13.0,420.0
45.9002,15.0,416.0
45.9052,-57.0,410.0
45.9102,173.0,412.0
45.9152,158.0,408.0
45.9204,-250.0,410.0
45.9254,-293.0,410.0
45.9304,164.0,410.0
45.9353,358.0,414.0
45.9403,-84.0,410.0
45.9452,-307.0,414.0
45.9506,205.0,412.0
45.9554,266.0,416.0
45.9603,-438.0,418.0
45.9652,-341.0,422.0
45.9703,530.0,428.0
45.9754,421.0,432.0
45.9811,-423.0,440.0
45.9856,-329.0,444.0
45.9903,295.0,446.0
45.9952,95.0,446.0
46.0002,-272.0,448.0
46.0052,91.0,444.0
46.0104,287.0,448.0
46.0165,-140.0,444.0
46.0202,-233.0,442.0
46.0252,127.0,442.0
46.0302,83.0,434.0
46.0352,-127.0,432.0
46.0405,140.0,426.0
46.0452,161.0,422.0
46.0503,-348.0,420.0
46.0553,-218.0,420.0
46.0605,389.0,420.0
46.0653,215.0,422.0
46.0704,-216.0,422.0
46.0753,-43.0,420.0
46.081,-15.0,418.0
46.0852,-281.0,418.0
46.0903,91.0,414.0
46.0954,543.0,420.0
46.1002,41.0,414.0
46.1052,-469.0,420.0
46.1114,-196.0,418.0
46.1152,31.0,418.0
46.1204,133.0,416.0
46.1254,462.0,420.0
46.1303,177.0,418.0
46.1353,-670.0,426.0
46.1402,-518.0,428.0
46.1452,552.0,436.0
46.1512,655.0,442.0
46.1556,-311.0,444.0
46.1602,-522.0,448.0
46.1653,136.0,450.0
46.1703,247.0,450.0
46.1753,-79.0,450.0
46.1803,-35.0,446.0
46.1852,43.0,446.0
46.1903,-36.0,440.0
46.1952,90.0,440.0
46.2002,85.0,436.0
46.206,-236.0,436.0
46.2106,-208.0,436.0
46.2152,192.0,430.0
46.2203,317.0,430.0
46.2255,34.0,420.0
46.2302,-284.0,418.0
46.2354,-243.0,414.0
46.2404,132.0,410.0
46.2453,310.0,414.0
46.2502,-2.0,414.0
46.2552,-273.0,418.0
46.2602,-6.0,410.0
46.2654,216.0,414.0
46.2704,-61.0,406.0
46.2753,-177.0,406.0
46.2803,44.0,400.0
46.2852,96.0,398.0
46.2902,140.0,398.0
46.2953,123.0,398.0
46.3002,-296.0,402.0
46.3058,-374.0,406.0
46.3102,181.0,408.0
46.3153,374.0,412.0
46.3202,94.0,412.0
46.3261,-94.0,410.0
46.3311,-232.0,414.0
46.3352,-155.0,414.0
46.3402,197.0,416.0
46.3452,175.0,416.0
46.3503,-126.0,416.0
46.3553,-52.0,416.0
46.3603,37.0,414.0
46.3652,-107.0,414.0
46.3702,75.0,414.0
46.3754,264.0,416.0
46.3804,-141.0,418.0
46.3853,-365.0,422.0
46.3903,131.0,424.0
46.3961,377.0,428.0
46.4002,-97.0,430.0
46.4062,-326.0,432.0
46.4103,96.0,434.0
46.4153,269.0,432.0
46.4203,-130.0,434.0
46.4252,-253.0,430.0
46.4302,135.0,430.0
46.4352,263.0,426.0
46.4403,-77.0,426.0
46.4452,-202.0,422.0
46.4502,50.0,416.0
46.4552,62.0,418.0
46.4602,-158.0,412.0
46.4653,-2.0,408.0
46.4704,295.0,408.0
46.4754,89.0,402.0
46.4804,-259.0,406.0
46.4853,-143.0,404.0
46.4908,56.0,402.0
46.4952,-6.0,400.0
46.5002,100.0,402.0
46.5053,269.0,402.0
46.5102,-88.0,400.0
46.5153,-395.0,404.0
46.5202,28.0,402.0
46.5262,277.0,404.0
46.5302,-118.0,404.0
46.5354,-100.0,406.0
46.5402,357.0,410.0
46.5452,143.0,412.0
46.5502,-485.0,416.0
46.5552,-384.0,420.0
46.5602,311.0,422.0
46.5652,504.0,424.0
46.5704,-11.0,422.0
46.5766,-326.0,422.0
46.5805,-119.0,422.0
46.5853,-7.0,418.0
46.5902,51.0,416.0
46.5952,311.0,416.0
46.6002,64.0,410.0
46.6052,-504.0,412.0
46.6107,-137.0,406.0
46.6153,526.0,408.0
46.6202,125.0,404.0
46.6261,-381.0,404.0
46.6301,-8.0,400.0
46.6353,187.0,402.0
46.6414,-153.0,400.0
46.6452,-55.0,398.0
46.6502,257.0,398.0
46.6552,-14.0,396.0
46.6635,-267.0,396.0
46.6655,63.0,396.0
46.6702,201.0,398.0
46.6752,-106.0,398.0
46.6803,-71.0,396.0
46.6853,145.0,396.0
46.6903,-86.0,392.0
46.6954,-157.0,390.0
46.7003,196.0,388.0
46.7054,83.0,386.0
46.7104,-212.0,386.0
46.7162,90.0,386.0
46.7203,192.0,390.0
46.7254,-250.0,388.0
46.7302,-219.0,390.0
46.7352,251.0,386.0
46.7403,264.0,390.0
46.7452,-113.0,384.0
46.7504,-231.0,384.0
46.7552,32.0,384.0
46.7602,152.0,384.0
46.7652,-110.0,380.0
46.7704,-184.0,380.0
46.7752,209.0,372.0
46.7802,370.0,370.0
46.7853,-134.0,364.0
46.7903,-558.0,362.0
46.7959,-113.0,358.0
46.8002,595.0,360.0
46.8052,342.0,364.0
46.8105,-499.0,368.0
46.8155,-421.0,372.0
46.8202,381.0,378.0
46.8252,409.0,384.0
46.8302,-282.0,388.0
46.8352,-400.0,392.0
46.8404,136.0,394.0
46.8454,364.0,396.0
46.8502,92.0,394.0
46.8552,-212.0,394.0
46.8602,-276.0,394.0
46.8665,-25.0,392.0
46.8702,241.0,392.0
46.8755,165.0,392.0
46.8803,-44.0,390.0
46.8852,-87.0,386.0
46.8902,-57.0,388.0
46.896,-69.0,384.0
46.9004,-25.0,384.0
46.9052,93.0,382.0
46.9103,121.0,384.0
46.9152,10.0,380.0
46.9203,-102.0,382.0
46.9255,-89.0,382.0
46.9303,44.0,380.0
46.9352,91.0,380.0
46.9401,-56.0,376.0
46.9452,-78.0,370.0
46.9502,113.0,370.0
46.9552,86.0,366.0
46.9604,-127.0,366.0
46.9652,-92.0,366.0
46.9702,79.0,364.0
46.9755,76.0,362.0
46.9803,-13.0,360.0
46.9852,-63.0,358.0
46.9903,-29.0,356.0
46.9953,111.0,358.0
47.0002,22.0,356.0
47.0055,-249.0,360.0
47.0103,36.0,358.0
47.0154,416.0,360.0
47.0204,-98.0,360.0
47.0253,-473.0,362.0
47.0302,135.0,362.0
47.0352,314.0,360.0
47.0404,-192.0,362.0
47.0452,7.0,358.0
47.0503,323.0,360.0
47.0554,-312.0,362.0
47.0602,-490.0,368.0
47.0652,433.0,370.0
47.0704,561.0,376.0
47.0752,-358.0,378.0
47.0803,-418.0,384.0
47.0852,236.0,384.0
47.0904,119.0,386.0
47.0952,-223.0,388.0
47.1003,118.0,388.0
47.1054,297.0,392.0
47.1102,-155.0,390.0
47.1152,-314.0,392.0
47.1202,60.0,390.0
47.1254,220.0,392.0
47.1303,28.0,390.0
47.1354,-92.0,392.0
47.1402,-73.0,392.0
47.1452,14.0,388.0
47.1504,109.0,388.0
47.1555,-4.0,382.0
47.1602,-151.0,384.0
47.1652,28.0,380.0
47.1706,164.0,380.0
47.1753,-72.0,380.0
47.1803,-143.0,376.0
47.1853,159.0,376.0
47.1902,125.0,372.0
47.1952,-281.0,370.0
47.2003,-119.0,366.0
47.206,367.0,364.0
47.2104,88.0,366.0
47.2153,-337.0,366.0
47.2203,-12.0,364.0
47.2252,179.0,366.0
47.2303,-100.0,368.0
47.2352,29.0,364.0
47.2403,210.0,366.0
47.2453,-228.0,362.0
47.2502,-293.0,364.0
47.2552,394.0,362.0
47.2602,353.0,366.0
47.2652,-461.0,366.0
47.2703,-334.0,372.0
47.2755,382.0,374.0
47.2804,174.0,374.0
47.2852,-239.0,378.0
47.2902,16.0,374.0
47.2952,127.0,376.0
47.3002,-50.0,372.0
47.3053,-38.0,372.0
47.3108,-80.0,370.0
47.3153,-28.0,368.0
47.3202,235.0,372.0
47.3256,17.0,370.0
47.3303,-340.0,374.0
47.3353,61.0,372.0
47.3407,402.0,376.0
47.3455,-106.0,376.0
47.3508,-370.0,378.0
47.3561,76.0,378.0
47.3602,169.0,378.0
47.3654,-47.0,374.0
47.3704,142.0,374.0
47.3751,85.0,370.0
47.3806,-355.0,372.0
47.3852,-138.0,372.0
47.3902,306.0,374.0
47.3952,94.0,374.0
47.4004,-92.0,374.0
47.4054,17.0,372.0
47.4106,-43.0,370.0
47.4152,-20.0,366.0
47.4202,46.0,362.0
47.4252,-137.0,362.0
47.4302,-73.0,354.0
47.4355,251.0,356.0
47.4403,197.0,350.0
47.4457,-106.0,346.0
47.4506,-271.0,342.0
47.4566,-252.0,340.0
47.4604,133.0,336.0
47.4656,557.0,338.0
47.4702,187.0,338.0
47.4756,-564.0,340.0
47.4808,-458.0,344.0
47.4854,278.0,344.0
47.4902,450.0,350.0
47.4957,34.0,346.0
47.5002,-200.0,346.0
47.5057,-106.0,346.0
47.5104,-31.0,344.0
47.5153,-54.0,342.0
47.5202,88.0,342.0
47.5254,228.0,344.0
47.5302,-65.0,344.0
47.5352,-273.0,348.0
47.5403,122.0,350.0
47.5452,226.0,352.0
47.5507,-244.0,354.0
47.5559,-167.0,356.0
47.5601,271.0,358.0
47.5655,67.0,358.0
47.5705,-134.0,360.0
47.5758,123.0,360.0
47.5808,-42.0,360.0
47.5852,-318.0,364.0
47.5902,114.0,364.0
47.5955,378.0,368.0
47.6003,-106.0,368.0
47.6055,-321.0,372.0
47.6108,106.0,372.0
47.6153,275.0,374.0
47.6202,-99.0,376.0
47.6254,-296.0,380.0
47.6309,24.0,380.0
47.6352,332.0,384.0
47.6408,97.0,384.0
47.6452,-284.0,384.0
47.6502,-172.0,386.0
47.6558,97.0,382.0
47.6606,110.0,382.0
47.6652,141.0,376.0
47.671,54.0,376.0
47.6757,-246.0,374.0
47.6808,-135.0,374.0
47.6854,198.0,376.0
47.6902,10.0,372.0
47.6956,-203.0,370.0
47.7001,165.0,366.0
47.7052,381.0,364.0
47.7102,-133.0,358.0
47.7154,-553.0,360.0
47.7202,-90.0,356.0
47.7258,470.0,360.0
47.7301,202.0,360.0
47.7357,-166.0,360.0
47.7404,-45.0,358.0
47.7454,-99.0,356.0
47.7502,-162.0,356.0
47.7559,182.0,354.0
47.7602,154.0,354.0
47.7651,-184.0,354.0
47.7704,45.0,354.0
47.7754,271.0,358.0
47.7806,-196.0,360.0
47.7852,-420.0,366.0
47.7912,163.0,366.0
47.7954,427.0,372.0
47.8002,-51.0,372.0
47.8054,-196.0,374.0
47.8108,38.0,372.0
47.8151,-140.0,374.0
47.8217,-155.0,374.0
47.8252,378.0,376.0
47.8302,283.0,380.0
47.8356,-413.0,382.0
47.8409,-306.0,384.0
47.8457,261.0,382.0
47.8503,193.0,384.0
47.8561,-36.0,380.0
47.8604,-2.0,380.0
47.8655,-94.0,378.0
47.8711,-124.0,378.0
47.8756,49.0,378.0
47.8805,84.0,376.0
47.8854,84.0,374.0
47.8904,76.0,372.0
47.8957,-168.0,368.0
47.9001,-187.0,364.0
47.9057,186.0,360.0
47.9105,136.0,358.0
47.9153,-196.0,354.0
47.9201,12.0,352.0
47.9257,178.0,352.0
47.9304,-102.0,352.0
47.9353,-52.0,352.0
47.9402,63.0,352.0
47.9453,-179.0,354.0
47.9503,30.0,352.0
47.956,399.0,358.0
47.9602,-75.0,356.0
47.9654,-495.0,364.0
47.9704,38.0,360.0
47.9754,454.0,366.0
47.9805,48.0,360.0
47.9859,-339.0,364.0
47.9901,-103.0,360.0
47.9954,220.0,362.0
48.0006,38.0,360.0
48.0054,-168.0,362.0
48.0111,154.0,362.0
48.0152,227.0,364.0
48.0203,-329.0,364.0
48.0259,-330.0,366.0
48.0302,326.0,366.0
48.0353,326.0,370.0
48.0404,-174.0,372.0
48.0459,-176.0,374.0
48.0501,40.0,374.0
48.0553,9.0,374.0
48.0604,-37.0,374.0
48.0655,66.0,372.0
48.0702,151.0,374.0
48.0754,-64.0,370.0
48.0815,-289.0,372.0
48.0854,12.0,370.0
48.0902,333.0,372.0
48.0955,82.0,370.0
48.1002,-219.0,370.0
48.1057,-155.0,364.0
48.1107,15.0,362.0
48.1151,121.0,354.0
48.1204,129.0,350.0
48.1263,27.0,346.0
48.1304,-106.0,340.0
48.1353,-188.0,342.0
48.1403,-64.0,340.0
48.1454,230.0,342.0
48.151,222.0,346.0
48.1559,-131.0,346.0
48.1601,-208.0,348.0
48.1653,22.0,346.0
48.1704,44.0,344.0
48.1755,-32.0,340.0
48.1805,116.0,340.0
48.1854,152.0,340.0
48.1902,-180.0,338.0
48.1955,-285.0,340.0
48.2004,148.0,338.0
48.2054,330.0,342.0
48.2109,-54.0,342.0
48.2151,-213.0,342.0
48.2202,-54.0,344.0
48.2253,-50.0,338.0
48.2309,124.0,340.0
48.2351,331.0,338.0
48.2402,-125.0,338.0
48.246,-469.0,340.0
48.2501,93.0,340.0
48.2554,406.0,342.0
48.2605,-120.0,344.0
48.2656,-276.0,342.0
48.2702,222.0,346.0
48.2757,274.0,346.0
48.2807,-264.0,348.0
48.2854,-388.0,350.0
48.2903,128.0,348.0
48.2962,389.0,354.0
48.3001,43.0,352.0
48.306,-189.0,352.0
48.3104,-1.0,352.0
48.3153,2.0,348.0
48.3204,-239.0,350.0
48.3259,-36.0,348.0
48.3312,413.0,354.0
48.3358,208.0,354.0
48.3412,-378.0,356.0
48.3461,-304.0,356.0
48.351,249.0,358.0
48.3552,260.0,354.0
48.3603,-152.0,354.0
48.3652,-155.0,350.0
48.3702,73.0,348.0
48.3761,25.0,344.0
48.3802,16.0,344.0
48.3852,154.0,346.0
48.3902,-88.0,344.0
48.3952,-353.0,346.0
48.4002,126.0,346.0
48.4052,472.0,350.0
48.4103,-149.0,352.0
48.4152,-453.0,356.0
48.4203,169.0,354.0
48.4252,331.0,354.0
48.4302,-183.0,354.0
48.4354,-189.0,350.0
48.4405,166.0,352.0
48.4452,83.0,350.0
48.4502,-82.0,350.0
48.4552,1.0,348.0
48.4603,-37.0,346.0
48.4652,-99.0,342.0
48.4703,84.0,340.0
48.4752,177.0,336.0
48.4803,-23.0,332.0
48.4852,-176.0,330.0
48.4902,-30.0,328.0
48.4954,152.0,330.0
48.5002,-19.0,330.0
48.5052,-216.0,332.0
48.5102,98.0,330.0
48.5152,336.0,336.0
48.5205,-87.0,336.0
48.5256,-349.0,340.0
48.5302,34.0,338.0
48.5352,214.0,340.0
48.5402,-54.0,338.0
48.5452,-81.0,336.0
48.5509,112.0,336.0
48.5552,50.0,334.0
48.5603,-86.0,334.0
48.5652,-55.0,332.0
48.5702,-19.0,332.0
48.5752,3.0,330.0
48.5802,77.0,330.0
48.5854,118.0,330.0
48.5903,-3.0,330.0
48.5952,-243.0,326.0
48.6002,-166.0,328.0
48.6052,285.0,324.0
48.6105,319.0,330.0
48.6154,-248.0,326.0
48.6202,-369.0,332.0
48.6252,214.0,330.0
48.6301,327.0,332.0
48.6352,-223.0,332.0
48.6403,-231.0,336.0
48.6452,240.0,336.0
48.6503,106.0,336.0
48.6553,-205.0,336.0
48.6645,24.0,332.0
48.6652,99.0,328.0
48.6703,-132.0,324.0
48.6751,2.0,320.0
48.6802,159.0,320.0
48.6852,-32.0,316.0
48.6902,-49.0,316.0
48.6954,17.0,318.0
48.7004,-156.0,318.0
48.7053,-20.0,318.0
48.7102,320.0,320.0
48.7152,15.0,320.0
48.7203,-355.0,322.0
48.7256,89.0,322.0
48.7304,289.0,322.0
48.7352,-303.0,326.0
48.7402,-216.0,326.0
48.7463,494.0,330.0
48.7502,194.0,334.0
48.7558,-503.0,340.0
48.7603,-181.0,340.0
48.7652,287.0,344.0
48.7704,92.0,344.0
48.7753,27.0,342.0
48.7803,47.0,342.0
48.7854,-266.0,342.0
48.7903,-107.0,340.0
48.7956,378.0,344.0
48.8001,29.0,340.0
48.8052,-423.0,348.0
48.8105,80.0,348.0
48.8154,412.0,354.0
48.8202,-91.0,354.0
48.8252,-279.0,356.0
48.8301,22.0,352.0
48.8352,31.0,348.0
48.8403,13.0,346.0
48.8457,176.0,344.0
48.8502,10.0,344.0
48.8552,-222.0,344.0
48.8603,-21.0,344.0
48.8653,164.0,344.0
48.8703,-9.0,344.0
48.8752,-112.0,340.0
48.8805,63.0,338.0
48.8852,59.0,332.0
48.8902,-159.0,334.0
48.8953,25.0,328.0
48.9003,308.0,330.0
48.9053,-75.0,328.0
48.9102,-428.0,330.0
48.9153,21.0,326.0
48.9202,402.0,328.0
48.9255,83.0,324.0
48.9302,-229.0,326.0
48.9352,-125.0,322.0
48.9402,25.0,322.0
48.9452,52.0,318.0
48.9505,134.0,322.0
48.9552,105.0,322.0
48.9602,-254.0,322.0
48.9653,-259.0,326.0
48.9702,318.0,324.0
48.9752,312.0,326.0
48.9803,-284.0,326.0
48.9853,-223.0,324.0
48.9902,183.0,322.0
48.9952,73.0,320.0
49.0002,-114.0,320.0
49.0052,-14.0,318.0
49.0105,122.0,318.0
49.0154,117.0,320.0
49.0202,-164.0,322.0
49.0252,-272.0,324.0
49.0302,193.0,326.0
49.0352,318.0,324.0
49.0414,-225.0,326.0
49.0452,-264.0,322.0
49.0502,262.0,324.0
49.0552,238.0,322.0
49.0602,-264.0,322.0
49.0652,-240.0,322.0
49.0702,239.0,322.0
49.0752,174.0,322.0
49.0802,-254.0,324.0
49.0852,-54.0,322.0
49.0903,312.0,326.0
49.0952,-23.0,326.0
49.1002,-322.0,332.0
49.1053,46.0,330.0
49.1104,223.0,332.0
49.1153,-96.0,332.0
49.1202,-86.0,332.0
49.1254,215.0,332.0
49.1302,43.0,334.0
49.1352,-324.0,336.0
49.1402,-124.0,338.0
49.1453,303.0,338.0
49.1503,204.0,340.0
49.1554,-121.0,338.0
49.1602,-127.0,338.0
49.1652,-112.0,334.0
49.1702,-108.0,336.0
49.1753,226.0,336.0
49.1802,320.0,340.0
49.1855,-144.0,340.0
49.1903,-333.0,344.0
49.1952,-51.0,344.0
49.2002,150.0,344.0
49.2052,219.0,348.0
49.2104,73.0,348.0
49.2154,-255.0,352.0
49.2202,-177.0,354.0
49.2252,155.0,354.0
49.2301,113.0,356.0
49.2352,-49.0,354.0
49.2401,22.0,350.0
49.2453,71.0,348.0
49.2502,-107.0,344.0
49.2552,-194.0,344.0
49.2603,135.0,340.0
49.2654,315.0,342.0
49.2704,-167.0,338.0
49.2753,-417.0,342.0
49.2802,197.0,342.0
49.2852,503.0,346.0
49.2903,-169.0,346.0
49.2953,-506.0,352.0
49.3004,49.0,352.0
49.3053,367.0,356.0
49.3102,127.0,356.0
49.3153,-116.0,358.0
49.3202,-241.0,358.0
49.3253,-113.0,360.0
49.3302,212.0,362.0
49.3352,153.0,364.0
49.3403,-135.0,364.0
49.3451,9.0,364.0
49.3504,180.0,362.0
49.3566,-155.0,364.0
49.3602,-351.0,364.0
49.3668,64.0,364.0
49.3702,456.0,366.0
49.3752,210.0,364.0
49.3804,-344.0,366.0
49.3854,-385.0,366.0
49.3902,91.0,364.0
49.3954,275.0,360.0
49.4003,88.0,358.0
49.4051,10.0,354.0
49.4106,-90.0,354.0
49.4154,-264.0,358.0
49.4202,-8.0,358.0
49.4259,400.0,360.0
49.4301,105.0,360.0
49.4354,-407.0,360.0
49.4404,-146.0,362.0
49.4454,270.0,360.0
49.4503,98.0,360.0
49.4552,-55.0,354.0
49.4606,17.0,352.0
49.4656,-90.0,350.0
49.4709,-106.0,352.0
49.4752,109.0,352.0
49.4815,89.0,354.0
49.4852,-85.0,352.0
49.4902,-18.0,352.0
49.4952,102.0,350.0
49.5002,13.0,350.0
49.5053,-123.0,350.0
49.5102,-87.0,350.0
49.5151,71.0,350.0
49.5204,108.0,350.0
49.5254,21.0,350.0
49.5302,8.0,348.0
49.5352,-49.0,348.0
49.5402,-168.0,346.0
49.5451,-11.0,346.0
49.5501,218.0,342.0
49.5552,104.0,344.0
49.5603,-125.0,338.0
49.5653,-166.0,340.0
49.5702,-1.0,336.0
49.5752,167.0,338.0
49.5802,25.0,338.0
49.5852,-139.0,338.0
49.5903,104.0,338.0
49.5952,124.0,338.0
49.6002,-296.0,338.0
49.6052,-90.0,336.0
49.6106,411.0,338.0
49.6152,-23.0,334.0
49.6202,-412.0,336.0
49.6252,197.0,334.0
49.6302,318.0,336.0
49.6352,-350.0,342.0
49.6404,-146.0,342.0
49.6452,442.0,348.0
49.6503,-21.0,346.0
49.6552,-444.0,352.0
49.6603,103.0,352.0
49.6652,342.0,352.0
49.6703,-148.0,352.0
49.6752,-209.0,350.0
49.6802,241.0,350.0
49.6852,161.0,348.0
49.6902,-350.0,350.0
49.6955,-232.0,350.0
49.7002,373.0,352.0
49.7052,346.0,352.0
49.7103,-239.0,352.0
49.7152,-378.0,356.0
49.7201,12.0,352.0
49.7255,266.0,356.0
49.7302,116.0,352.0
49.7352,-88.0,354.0
49.7402,-27.0,350.0
49.7451,0.0,348.0
49.7502,-175.0,348.0
49.7552,-58.0,346.0
49.7602,291.0,350.0
49.7652,162.0,350.0
49.7709,-241.0,352.0
49.7752,-192.0,350.0
49.7803,106.0,350.0
49.7853,115.0,348.0
49.7902,-37.0,344.0
49.7952,39.0,344.0
49.8002,141.0,344.0
49.8052,-168.0,344.0
49.8103,-353.0,348.0
49.8153,143.0,346.0
49.8202,446.0,348.0
49.8252,20.0,346.0
49.8302,-275.0,346.0
49.8353,-153.0,348.0
49.8404,-18.0,346.0
49.8452,149.0,344.0
49.8502,168.0,346.0
49.8551,-69.0,344.0
49.8602,-60.0,342.0
49.8654,13.0,340.0
49.8704,-189.0,340.0
49.8751,2.0,340.0
49.8802,393.0,346.0
49.8851,4.0,344.0
49.8903,-429.0,350.0
49.8954,-51.0,348.0
49.9005,263.0,350.0
49.9053,111.0,346.0
49.9102,21.0,344.0
49.9152,-106.0,338.0
49.9202,-224.0,340.0
49.9255,69.0,332.0
49.9302,210.0,332.0
49.9352,-113.0,326.0
49.9405,-83.0,328.0
49.9452,223.0,326.0
49.9502,41.0,324.0
49.9552,-248.0,326.0
49.9602,-119.0,324.0
49.9652,123.0,324.0
49.9702,187.0,324.0
49.9753,40.0,322.0
49.9801,-165.0,322.0
49.9854,-104.0,324.0
49.9903,127.0,324.0
49.9952,42.0,322.0
50.0002,-170.0,318.0
