Time_s,Raw_EMG,Envelope_EMG
0.0003,10.0,10.0
0.0005,-5.0,10.0
0.0006,-10.0,10.0
0.0007,-4.0,10.0
0.0009,5.0,10.0
0.0014,7.0,10.0
0.0016,0.0,10.0
0.0018,-5.0,10.0
0.002,-4.0,10.0
0.0022,2.0,10.0
0.0023,5.0,10.0
0.0025,-1.0,10.0
0.0027,-2.0,10.0
0.0028,5.0,10.0
0.003,0.0,10.0
0.0031,-11.0,10.0
0.0033,-2.0,10.0
0.0034,11.0,10.0
0.0036,6.0,10.0
0.0037,-5.0,10.0
0.0038,-7.0,10.0
0.0039,-3.0,10.0
0.004,5.0,10.0
0.0041,7.0,10.0
0.0042,-4.0,10.0
0.0043,-7.0,10.0
0.0044,6.0,10.0
0.0045,4.0,10.0
0.0046,-11.0,10.0
0.0047,0.0,10.0
0.0048,12.0,10.0
0.005,-1.0,10.0
0.0051,-8.0,10.0
0.0052,4.0,10.0
0.0053,1.0,10.0
0.0054,-8.0,10.0
0.0055,2.0,10.0
0.0056,10.0,10.0
0.0057,-1.0,10.0
0.0058,-8.0,10.0
0.0059,1.0,10.0
0.006,4.0,10.0
0.0061,0.0,10.0
0.0062,-1.0,10.0
0.0063,-1.0,10.0
0.0064,-1.0,10.0
0.0065,5.0,10.0
0.0066,4.0,10.0
0.0067,-7.0,10.0
0.007,-4.0,10.0
0.0073,6.0,10.0
0.0076,1.0,10.0
0.0078,-6.0,10.0
0.008,3.0,10.0
0.0081,7.0,10.0
0.0082,-2.0,10.0
0.0083,-6.0,10.0
0.0085,-1.0,10.0
0.0086,3.0,10.0
0.0087,5.0,10.0
0.0088,0.0,10.0
0.0089,-6.0,10.0
0.009,0.0,10.0
0.0091,4.0,10.0
0.0092,-5.0,10.0
0.0093,-5.0,10.0
0.0094,11.0,10.0
0.0095,11.0,10.0
0.0097,-11.0,10.0
0.0098,-13.0,10.0
0.0099,5.0,10.0
0.01,6.0,10.0
0.0101,-2.0,10.0
0.0102,4.0,10.0
0.0103,6.0,10.0
0.0104,-8.0,10.0
0.0105,-10.0,12.0
0.0106,4.0,10.0
0.0107,8.0,12.0
0.0108,1.0,10.0
0.011,-2.0,10.0
0.0111,-1.0,10.0
0.0113,0.0,10.0
0.0114,0.0,10.0
0.0116,0.0,10.0
0.0117,0.0,10.0
0.0118,1.0,10.0
0.0119,0.0,10.0
0.012,-1.0,10.0
0.0121,-3.0,10.0
0.0122,0.0,10.0
0.0123,4.0,10.0
0.0124,2.0,10.0
0.0125,-2.0,10.0
0.0126,0.0,10.0
0.0127,0.0,10.0
0.0129,-2.0,10.0
0.0131,-3.0,10.0
0.0133,2.0,10.0
0.0134,5.0,10.0
0.0136,2.0,10.0
0.0137,-2.0,10.0
0.0139,-6.0,10.0
0.0141,-3.0,10.0
0.0142,6.0,10.0
0.0143,7.0,8.0
0.0143,-3.0,8.0
0.0144,-6.0,8.0
0.0145,-1.0,8.0
0.0146,1.0,8.0
0.0147,4.0,8.0
0.0148,5.0,8.0
0.0149,-2.0,8.0
0.015,-9.0,8.0
0.0151,-1.0,8.0
0.0152,9.0,8.0
0.0152,3.0,8.0
0.0153,-7.0,8.0
0.0154,-1.0,8.0
0.0155,7.0,8.0
0.0156,0.0,8.0
0.0157,-6.0,8.0
0.0158,0.0,8.0
0.0158,4.0,8.0
0.0159,-2.0,8.0
0.016,-5.0,8.0
0.0161,1.0,8.0
0.0162,7.0,8.0
0.0163,4.0,8.0
0.0164,-4.0,8.0
0.0165,-6.0,8.0
0.0165,0.0,8.0
0.0166,1.0,8.0
0.0167,2.0,6.0
0.0168,5.0,8.0
0.0169,-1.0,8.0
0.017,-5.0,8.0
0.0171,3.0,8.0
0.0172,1.0,6.0
0.0173,-7.0,8.0
0.0174,0.0,8.0
0.0174,8.0,8.0
0.0175,-2.0,8.0
0.0176,-5.0,8.0
0.0177,4.0,8.0
0.0178,4.0,6.0
0.0179,-4.0,6.0
0.018,-6.0,6.0
0.0181,1.0,6.0
0.0181,6.0,6.0
0.0182,3.0,6.0
0.0183,-5.0,6.0
0.0184,-6.0,6.0
0.0185,3.0,6.0
0.0186,7.0,6.0
0.0186,-3.0,6.0
0.0187,-3.0,6.0
0.0188,5.0,6.0
0.0189,0.0,6.0
0.0191,-9.0,6.0
0.0193,0.0,6.0
0.0195,9.0,6.0
0.0196,1.0,6.0
0.0197,-5.0,6.0
0.0198,-3.0,6.0
0.0199,0.0,6.0
0.0201,1.0,6.0
0.0202,3.0,6.0
0.0203,2.0,6.0
0.0204,-1.0,6.0
0.0205,-3.0,6.0
0.0206,-2.0,6.0
0.0207,0.0,6.0
0.0207,1.0,6.0
0.0208,4.0,6.0
0.0209,4.0,6.0
0.021,-4.0,6.0
0.0211,-8.0,6.0
0.0212,-1.0,6.0
0.0213,3.0,6.0
0.0214,3.0,6.0
0.0215,5.0,6.0
0.0215,0.0,6.0
0.0216,-10.0,6.0
0.0218,-6.0,6.0
0.0219,9.0,6.0
0.022,12.0,6.0
0.0221,-3.0,6.0
0.0222,-13.0,6.0
0.0223,-1.0,6.0
0.0224,10.0,6.0
0.0225,3.0,6.0
0.0226,-7.0,6.0
0.0227,-1.0,6.0
0.0227,5.0,6.0
0.0228,-1.0,6.0
0.0229,-4.0,6.0
0.023,2.0,6.0
0.0231,3.0,6.0
0.0232,0.0,6.0
0.0233,0.0,6.0
0.0234,-3.0,6.0
0.0235,-4.0,6.0
0.0235,4.0,6.0
0.0236,8.0,6.0
0.0237,0.0,6.0
0.0238,-6.0,6.0
0.0239,-2.0,6.0
0.024,0.0,6.0
0.024,1.0,6.0
0.0241,4.0,6.0
0.0242,2.0,6.0
0.0243,-5.0,6.0
0.0244,-4.0,6.0
0.0245,1.0,6.0
0.0245,4.0,6.0
0.0246,5.0,6.0
0.0247,0.0,6.0
0.0248,-8.0,6.0
0.0249,-3.0,6.0
0.0251,5.0,6.0
0.0252,3.0,6.0
0.0256,-1.0,6.0
0.0257,0.0,6.0
0.0258,0.0,6.0
0.0259,-2.0,6.0
0.026,0.0,6.0
0.0261,1.0,6.0
0.0262,0.0,6.0
0.0264,0.0,6.0
0.0265,1.0,6.0
0.0265,1.0,6.0
0.0266,-2.0,6.0
0.0268,-6.0,6.0
0.0268,0.0,6.0
0.0269,10.0,6.0
0.027,1.0,6.0
0.0271,-10.0,6.0
0.0272,-2.0,6.0
0.0273,9.0,6.0
0.0274,3.0,6.0
0.0275,-5.0,6.0
0.0276,-4.0,6.0
0.0276,0.0,6.0
0.0277,2.0,6.0
0.0278,5.0,6.0
0.0279,2.0,6.0
0.028,-5.0,6.0
0.0281,-4.0,6.0
0.0282,2.0,6.0
0.0282,3.0,6.0
0.0283,0.0,6.0
0.0284,0.0,6.0
0.0285,0.0,6.0
0.0286,-1.0,6.0
0.0287,2.0,6.0
0.0287,3.0,6.0
0.0288,-1.0,6.0
0.0289,-4.0,6.0
0.029,-2.0,6.0
0.0291,2.0,6.0
0.0292,6.0,6.0
0.0293,4.0,6.0
0.0294,-4.0,6.0
0.0295,-10.0,6.0
0.0296,-2.0,6.0
0.0297,10.0,6.0
0.0297,8.0,6.0
0.0298,-4.0,6.0
0.0299,-7.0,6.0
0.03,0.0,6.0
0.0301,2.0,6.0
0.0302,3.0,6.0
0.0302,1.0,6.0
0.0303,-4.0,6.0
0.0304,-3.0,6.0
0.0305,5.0,6.0
0.0306,6.0,6.0
0.0307,-4.0,6.0
0.0308,-10.0,6.0
0.0309,0.0,6.0
0.0309,9.0,6.0
0.031,4.0,6.0
0.0311,-4.0,6.0
0.0313,-1.0,6.0
0.0314,0.0,6.0
0.0315,-4.0,6.0
0.0316,0.0,6.0
0.0318,7.0,6.0
0.0319,4.0,6.0
0.032,-3.0,6.0
0.0321,-5.0,6.0
0.0322,-3.0,6.0
0.0322,1.0,6.0
0.0323,6.0,6.0
0.0324,4.0,6.0
0.0325,-3.0,6.0
0.0326,-9.0,6.0
0.0327,-2.0,6.0
0.0328,9.0,6.0
0.0329,6.0,6.0
0.033,-5.0,6.0
0.0331,-7.0,6.0
0.0332,0.0,6.0
0.0333,6.0,6.0
0.0334,4.0,6.0
0.0334,-4.0,6.0
0.0335,-6.0,6.0
0.0336,1.0,6.0
0.0337,4.0,6.0
0.0338,-2.0,6.0
0.0339,1.0,6.0
0.034,5.0,6.0
0.0341,-5.0,6.0
0.0342,-10.0,6.0
0.0343,4.0,6.0
0.0343,11.0,6.0
0.0344,1.0,6.0
0.0345,-8.0,6.0
0.0346,-6.0,6.0
0.0347,3.0,6.0
0.0348,6.0,6.0
0.0349,0.0,6.0
0.035,-2.0,6.0
0.035,1.0,6.0
0.0351,-3.0,6.0
0.0352,-3.0,6.0
0.0353,8.0,6.0
0.0355,5.0,6.0
0.0356,-10.0,6.0
0.0357,-7.0,6.0
0.0358,10.0,6.0
0.0358,8.0,6.0
0.0359,-6.0,6.0
0.036,-7.0,6.0
0.0361,3.0,6.0
0.0362,3.0,6.0
0.0363,-2.0,6.0
0.0364,0.0,6.0
0.0364,4.0,6.0
0.0365,0.0,6.0
0.0366,-6.0,6.0
0.0367,0.0,6.0
0.0368,5.0,6.0
0.0369,0.0,6.0
0.037,-3.0,6.0
0.037,0.0,6.0
0.0371,2.0,6.0
0.0372,0.0,6.0
0.0374,-3.0,6.0
0.0375,0.0,6.0
0.0376,3.0,6.0
0.0377,0.0,6.0
0.0378,-3.0,6.0
0.0379,3.0,6.0
0.0381,4.0,6.0
0.0382,-6.0,6.0
0.0384,-7.0,6.0
0.0385,7.0,6.0
0.0386,7.0,6.0
0.0387,-3.0,6.0
0.0388,-3.0,6.0
0.0389,-3.0,6.0
0.0389,-3.0,6.0
0.039,7.0,6.0
0.0391,10.0,6.0
0.0392,-5.0,6.0
0.0393,-12.0,8.0
0.0394,-2.0,8.0
0.0395,4.0,6.0
0.0396,9.0,8.0
0.0397,4.0,8.0
0.0398,-10.0,8.0
0.0399,-5.0,8.0
0.04,11.0,8.0
0.0401,-1.0,8.0
0.0402,-19.0,8.0
0.0403,6.0,8.0
0.0404,31.0,8.0
0.0404,0.0,8.0
0.0406,-31.0,8.0
0.0407,-9.0,8.0
0.0408,13.0,8.0
0.0408,9.0,8.0
0.0409,6.0,10.0
0.041,0.0,10.0
0.0411,-11.0,10.0
0.0413,-5.0,10.0
0.0413,5.0,10.0
0.0414,0.0,10.0
0.0415,0.0,10.0
0.0416,8.0,10.0
0.0417,1.0,8.0
0.0419,-7.0,10.0
0.042,-1.0,8.0
0.0421,0.0,8.0
0.0422,-5.0,8.0
0.0422,0.0,8.0
0.0423,10.0,8.0
0.0424,5.0,8.0
0.0425,-4.0,8.0
0.0426,-7.0,10.0
0.0427,-5.0,10.0
0.0428,2.0,10.0
0.0429,9.0,10.0
0.043,4.0,10.0
0.0432,-6.0,10.0
0.0434,-7.0,10.0
0.0436,2.0,10.0
0.047,5.0,10.0
0.052,1.0,8.0
0.057,-1.0,8.0
0.062,-2.0,8.0
0.0672,-2.0,8.0
0.0721,0.0,8.0
0.077,3.0,8.0
0.0819,2.0,8.0
0.0869,0.0,8.0
0.0921,-3.0,8.0
0.0972,-2.0,8.0
0.1022,0.0,8.0
0.107,1.0,8.0
0.112,1.0,8.0
0.117,0.0,8.0
0.1221,0.0,8.0
0.1272,1.0,8.0
0.132,-1.0,8.0
0.137,-4.0,8.0
0.1421,0.0,8.0
0.147,6.0,8.0
0.1522,4.0,8.0
0.1572,-3.0,8.0
0.162,-5.0,8.0
0.167,-3.0,8.0
0.172,1.0,8.0
0.1772,5.0,8.0
0.1822,2.0,8.0
0.1872,-3.0,8.0
0.192,-1.0,8.0
0.1969,0.0,8.0
0.2023,0.0,8.0
0.2071,1.0,8.0
0.2122,1.0,8.0
0.2171,-3.0,8.0
0.2221,-1.0,8.0
0.227,4.0,8.0
0.2322,4.0,8.0
0.2371,-2.0,8.0
0.2421,-9.0,8.0
0.2471,-3.0,8.0
0.252,10.0,8.0
0.2569,9.0,8.0
0.2621,-6.0,8.0
0.267,-10.0,8.0
0.2722,2.0,8.0
0.2771,4.0,8.0
0.282,-2.0,8.0
0.287,2.0,8.0
0.2921,7.0,8.0
0.2973,-5.0,8.0
0.3021,-14.0,8.0
0.307,3.0,8.0
0.312,16.0,8.0
0.3171,-1.0,8.0
0.322,-14.0,8.0
0.327,1.0,8.0
0.3321,10.0,8.0
0.337,-3.0,8.0
0.342,-5.0,8.0
0.3472,7.0,8.0
0.352,1.0,8.0
0.3572,-9.0,8.0
0.3621,1.0,8.0
0.367,5.0,8.0
0.372,-3.0,8.0
0.3771,1.0,8.0
0.382,8.0,8.0
0.3871,-3.0,8.0
0.3921,-12.0,8.0
0.397,0.0,8.0
0.4022,10.0,8.0
0.4072,1.0,8.0
0.4121,-6.0,8.0
0.4171,0.0,8.0
0.422,4.0,8.0
0.427,-3.0,8.0
0.432,-4.0,8.0
0.437,3.0,8.0
0.442,2.0,8.0
0.447,-1.0,8.0
0.452,3.0,8.0
0.457,3.0,8.0
0.4621,-7.0,8.0
0.467,-8.0,8.0
0.473,3.0,8.0
0.4771,11.0,8.0
0.4819,6.0,8.0
0.487,-5.0,8.0
0.4921,-12.0,8.0
0.497,-3.0,8.0
0.502,10.0,8.0
0.5071,7.0,8.0
0.5119,-4.0,8.0
0.517,-5.0,8.0
0.522,0.0,8.0
0.527,1.0,8.0
0.5321,-1.0,8.0
0.5371,-2.0,8.0
0.5421,1.0,8.0
0.5475,8.0,8.0
0.552,1.0,8.0
0.5572,-12.0,8.0
0.562,-5.0,8.0
0.567,7.0,8.0
0.572,4.0,8.0
0.577,0.0,8.0
0.5821,3.0,8.0
0.5872,-5.0,8.0
0.592,-12.0,8.0
0.597,3.0,8.0
0.602,12.0,8.0
0.6072,-2.0,8.0
0.612,-3.0,8.0
0.6171,6.0,8.0
0.622,-4.0,8.0
0.627,-15.0,8.0
0.6319,2.0,8.0
0.637,17.0,8.0
0.642,4.0,8.0
0.6471,-9.0,8.0
0.652,-4.0,8.0
0.657,0.0,8.0
0.662,-2.0,8.0
0.667,3.0,8.0
0.6721,8.0,8.0
0.677,0.0,8.0
0.682,-5.0,8.0
0.687,-1.0,8.0
0.692,1.0,8.0
0.6971,0.0,8.0
0.7022,0.0,8.0
0.707,2.0,8.0
0.7119,0.0,8.0
0.7169,-5.0,8.0
0.7221,-1.0,8.0
0.7271,7.0,8.0
0.7321,2.0,8.0
0.737,-7.0,8.0
0.742,-1.0,8.0
0.7471,4.0,8.0
0.7521,0.0,8.0
0.7571,-4.0,8.0
0.7619,2.0,8.0
0.767,6.0,8.0
0.772,0.0,8.0
0.7771,-8.0,8.0
0.782,-2.0,8.0
0.7871,7.0,8.0
0.792,3.0,8.0
0.797,-3.0,8.0
0.802,0.0,8.0
0.8071,0.0,8.0
0.8121,-6.0,8.0
0.817,0.0,8.0
0.822,8.0,8.0
0.827,0.0,8.0
0.8322,-5.0,8.0
0.837,2.0,8.0
0.8422,0.0,8.0
0.848,-5.0,8.0
0.852,3.0,8.0
0.8571,8.0,8.0
0.8622,-6.0,8.0
0.8671,-11.0,8.0
0.8721,7.0,8.0
0.877,10.0,8.0
0.882,-7.0,8.0
0.8871,-6.0,8.0
0.892,9.0,8.0
0.8971,5.0,8.0
0.9022,-9.0,8.0
0.9072,-7.0,8.0
0.912,6.0,8.0
0.9171,8.0,8.0
0.9221,0.0,8.0
0.927,-4.0,8.0
0.932,-1.0,8.0
0.937,0.0,8.0
0.942,0.0,8.0
0.9471,0.0,8.0
0.952,1.0,8.0
0.957,2.0,8.0
0.962,1.0,8.0
0.967,-2.0,8.0
0.972,-4.0,8.0
0.9772,-1.0,8.0
0.9821,1.0,8.0
0.9871,6.0,8.0
0.9919,5.0,8.0
0.997,-3.0,8.0
1.0021,-11.0,8.0
1.0072,-4.0,8.0
1.0121,8.0,8.0
1.0171,8.0,8.0
1.022,0.0,8.0
1.027,-3.0,8.0
1.0321,-9.0,8.0
1.0372,-5.0,8.0
1.0421,14.0,8.0
1.0471,15.0,8.0
1.0528,-10.0,8.0
1.0577,-18.0,8.0
1.0619,1.0,8.0
1.0671,11.0,8.0
1.072,4.0,8.0
1.077,2.0,8.0
1.082,0.0,8.0
1.087,-9.0,8.0
1.092,-9.0,8.0
1.097,2.0,8.0
1.102,12.0,8.0
1.107,10.0,8.0
1.112,-3.0,8.0
1.117,-14.0,8.0
1.1222,-4.0,8.0
1.1272,8.0,8.0
1.1321,2.0,8.0
1.137,-2.0,8.0
1.142,7.0,8.0
1.1471,3.0,8.0
1.1533,-12.0,8.0
1.157,-5.0,8.0
1.162,9.0,8.0
1.167,2.0,8.0
1.172,-4.0,8.0
1.1769,4.0,8.0
1.1821,1.0,8.0
1.1871,-8.0,8.0
1.192,-1.0,8.0
1.197,6.0,8.0
1.2019,1.0,8.0
1.207,-3.0,8.0
1.2121,-1.0,8.0
1.2171,0.0,8.0
1.222,1.0,8.0
1.2271,3.0,8.0
1.2321,1.0,8.0
1.237,-6.0,8.0
1.2421,-7.0,8.0
1.2471,5.0,8.0
1.252,13.0,8.0
1.2581,0.0,8.0
1.2624,-12.0,8.0
1.267,-4.0,8.0
1.2721,7.0,8.0
1.277,4.0,8.0
1.282,0.0,8.0
1.287,0.0,8.0
1.292,-3.0,8.0
1.297,-5.0,8.0
1.3021,2.0,8.0
1.307,11.0,8.0
1.312,2.0,8.0
1.317,-12.0,8.0
1.3222,-7.0,8.0
1.3271,7.0,8.0
1.3321,8.0,8.0
1.337,1.0,8.0
1.342,-3.0,8.0
1.347,-4.0,8.0
1.352,-1.0,8.0
1.3569,2.0,8.0
1.3621,2.0,8.0
1.368,0.0,8.0
1.372,1.0,8.0
1.3771,2.0,8.0
1.3821,-1.0,8.0
1.3871,-5.0,8.0
1.392,-4.0,8.0
1.397,2.0,8.0
1.402,12.0,8.0
1.407,5.0,8.0
1.4122,-13.0,8.0
1.4171,-13.0,8.0
1.4219,7.0,8.0
1.427,12.0,10.0
1.4322,0.0,8.0
1.437,-4.0,8.0
1.4421,-1.0,8.0
1.447,-2.0,10.0
1.452,0.0,8.0
1.457,1.0,8.0
1.4628,-1.0,8.0
1.467,2.0,8.0
1.4721,6.0,8.0
1.477,-3.0,8.0
1.482,-9.0,10.0
1.4871,0.0,8.0
1.4921,6.0,10.0
1.497,1.0,8.0
1.502,1.0,8.0
1.507,-3.0,8.0
1.5119,-7.0,8.0
1.517,4.0,8.0
1.5222,9.0,8.0
1.527,-7.0,8.0
1.532,-7.0,8.0
1.5369,9.0,8.0
1.5419,6.0,8.0
1.5472,-10.0,8.0
1.5521,-4.0,8.0
1.5571,8.0,8.0
1.5625,2.0,8.0
1.567,-5.0,8.0
1.5721,-1.0,8.0
1.5771,1.0,8.0
1.5821,0.0,8.0
1.587,1.0,8.0
1.592,0.0,8.0
1.597,-3.0,8.0
1.6021,0.0,8.0
1.6072,3.0,8.0
1.612,0.0,8.0
1.6171,-2.0,8.0
1.6221,0.0,8.0
1.627,0.0,8.0
1.632,-1.0,8.0
1.637,-1.0,8.0
1.6421,1.0,8.0
1.647,4.0,8.0
1.652,-1.0,8.0
1.657,-7.0,8.0
1.6621,0.0,8.0
1.6669,7.0,8.0
1.6721,-1.0,8.0
1.677,-3.0,8.0
1.682,4.0,8.0
1.687,0.0,8.0
1.6921,-8.0,8.0
1.6971,0.0,8.0
1.7021,8.0,8.0
1.707,1.0,8.0
1.712,-6.0,8.0
1.7171,-2.0,8.0
1.7222,1.0,8.0
1.727,2.0,8.0
1.732,2.0,8.0
1.737,-2.0,8.0
1.742,-5.0,8.0
1.7471,1.0,6.0
1.7521,2.0,6.0
1.757,-4.0,6.0
1.762,2.0,6.0
1.7675,9.0,6.0
1.772,-3.0,6.0
1.7771,-11.0,6.0
1.7822,1.0,6.0
1.787,9.0,6.0
1.792,0.0,6.0
1.797,-7.0,6.0
1.802,-3.0,6.0
1.807,6.0,6.0
1.8122,7.0,6.0
1.817,-6.0,6.0
1.822,-11.0,6.0
1.827,4.0,6.0
1.832,15.0,8.0
1.8371,-1.0,8.0
1.8421,-16.0,8.0
1.847,-4.0,8.0
1.852,14.0,8.0
1.857,7.0,8.0
1.8625,-7.0,8.0
1.8671,-6.0,8.0
1.8728,1.0,8.0
1.877,5.0,8.0
1.882,1.0,8.0
1.887,-7.0,8.0
1.892,-3.0,8.0
1.897,10.0,8.0
1.9021,5.0,8.0
1.907,-6.0,8.0
1.912,-3.0,8.0
1.917,0.0,8.0
1.922,-1.0,8.0
1.9271,1.0,8.0
1.9321,5.0,8.0
1.937,0.0,8.0
1.942,-6.0,8.0
1.9471,-2.0,8.0
1.9519,4.0,8.0
1.957,4.0,8.0
1.962,-1.0,8.0
1.9669,-4.0,8.0
1.9728,-1.0,8.0
1.9772,4.0,8.0
1.982,6.0,8.0
1.987,-1.0,8.0
1.992,-10.0,8.0
1.997,-3.0,8.0
2.0021,10.0,8.0
2.007,8.0,8.0
2.012,-5.0,8.0
2.017,-9.0,8.0
2.022,0.0,8.0
2.027,5.0,8.0
2.0321,4.0,8.0
2.037,0.0,8.0
2.042,-5.0,8.0
2.047,-5.0,8.0
2.052,1.0,8.0
2.057,10.0,8.0
2.062,6.0,8.0
2.067,-10.0,8.0
2.072,-13.0,8.0
2.077,5.0,8.0
2.082,15.0,8.0
2.087,2.0,8.0
2.092,-9.0,8.0
2.0971,-5.0,8.0
2.1022,3.0,8.0
2.1071,3.0,8.0
2.112,-1.0,8.0
2.117,0.0,8.0
2.122,3.0,8.0
2.1271,0.0,8.0
2.1323,-4.0,8.0
2.137,-2.0,8.0
2.1419,4.0,8.0
2.147,3.0,8.0
2.1521,-1.0,8.0
2.1571,-3.0,8.0
2.1621,-1.0,8.0
2.1669,1.0,8.0
2.1719,2.0,8.0
2.1769,0.0,8.0
2.1821,-2.0,8.0
2.187,0.0,6.0
2.192,2.0,6.0
2.1969,3.0,6.0
2.2019,0.0,6.0
2.2071,-6.0,6.0
2.212,-3.0,6.0
2.2171,5.0,6.0
2.2221,6.0,6.0
2.227,-2.0,8.0
2.2321,-6.0,8.0
2.2369,0.0,8.0
2.242,5.0,8.0
2.247,2.0,8.0
2.252,-3.0,8.0
2.257,-4.0,8.0
2.262,3.0,8.0
2.2677,7.0,8.0
2.2721,-2.0,8.0
2.2771,-10.0,8.0
2.282,0.0,8.0
2.287,10.0,8.0
2.2924,4.0,8.0
2.2971,-4.0,8.0
2.3021,-3.0,8.0
2.3078,-3.0,8.0
2.3127,-2.0,8.0
2.3173,7.0,8.0
2.3221,9.0,8.0
2.327,-7.0,8.0
2.3321,-13.0,8.0
2.337,3.0,8.0
2.342,13.0,8.0
2.3471,0.0,8.0
2.3521,-10.0,8.0
2.357,-2.0,8.0
2.362,6.0,8.0
2.3671,2.0,8.0
2.3721,-3.0,8.0
2.3771,0.0,8.0
2.382,0.0,8.0
2.3871,0.0,8.0
2.392,1.0,8.0
2.3971,0.0,8.0
2.402,-2.0,8.0
2.4073,0.0,8.0
2.412,1.0,8.0
2.4171,0.0,8.0
2.422,0.0,8.0
2.427,0.0,8.0
2.4321,-1.0,8.0
2.4369,1.0,8.0
2.4421,0.0,8.0
2.447,-1.0,8.0
2.4519,0.0,8.0
2.4569,0.0,8.0
2.462,2.0,6.0
2.467,2.0,6.0
2.4722,-4.0,6.0
2.477,-6.0,6.0
2.4819,4.0,6.0
2.4869,6.0,6.0
2.4921,-1.0,6.0
2.497,-2.0,6.0
2.502,0.0,6.0
2.507,-2.0,6.0
2.5119,0.0,6.0
2.517,4.0,6.0
2.522,4.0,6.0
2.5273,-2.0,6.0
2.532,-6.0,6.0
2.5369,-1.0,6.0
2.5419,2.0,6.0
2.5469,1.0,6.0
2.552,5.0,6.0
2.5571,4.0,6.0
2.562,-9.0,6.0
2.5669,-9.0,6.0
2.572,6.0,6.0
2.5784,6.0,6.0
2.5822,-2.0,6.0
2.587,2.0,6.0
2.592,3.0,6.0
2.5975,-6.0,6.0
2.602,-7.0,6.0
2.6071,2.0,6.0
2.6121,6.0,6.0
2.6171,1.0,6.0
2.622,-1.0,6.0
2.6269,0.0,6.0
2.6319,-3.0,6.0
2.637,-3.0,6.0
2.642,4.0,6.0
2.647,5.0,6.0
2.652,-3.0,6.0
2.657,-4.0,6.0
2.662,2.0,6.0
2.667,3.0,6.0
2.6721,-1.0,6.0
2.6771,-3.0,6.0
2.682,-1.0,6.0
2.6871,3.0,6.0
2.6919,2.0,6.0
2.6971,-2.0,6.0
2.702,-1.0,6.0
2.707,0.0,6.0
2.7119,0.0,6.0
2.7173,2.0,6.0
2.722,0.0,6.0
2.7271,-6.0,6.0
2.732,0.0,4.0
2.737,10.0,6.0
2.7419,3.0,6.0
2.747,-10.0,6.0
2.752,-6.0,6.0
2.757,7.0,6.0
2.7621,6.0,6.0
2.7669,-4.0,6.0
2.7719,-4.0,6.0
2.777,2.0,6.0
2.782,2.0,6.0
2.787,0.0,6.0
2.792,0.0,6.0
2.7969,-3.0,6.0
2.803,0.0,6.0
2.807,6.0,6.0
2.812,3.0,6.0
2.817,-4.0,6.0
2.822,-6.0,6.0
2.827,0.0,6.0
2.8319,6.0,6.0
2.837,3.0,6.0
2.8422,-3.0,6.0
2.8471,-1.0,6.0
2.852,0.0,6.0
2.8569,0.0,6.0
2.8621,2.0,6.0
2.8669,1.0,6.0
2.872,-4.0,6.0
2.8771,-1.0,6.0
2.882,7.0,6.0
2.887,1.0,6.0
2.8922,-10.0,6.0
2.8986,-2.0,6.0
2.9021,11.0,6.0
2.907,3.0,6.0
2.9121,-9.0,6.0
2.917,0.0,6.0
2.9221,7.0,6.0
2.9272,-5.0,6.0
2.932,-11.0,6.0
2.937,5.0,6.0
2.942,15.0,6.0
2.9471,1.0,6.0
2.9521,-14.0,6.0
2.957,-7.0,6.0
2.9619,9.0,6.0
2.9669,8.0,6.0
2.9719,-5.0,6.0
2.9771,-5.0,6.0
2.982,3.0,6.0
2.987,1.0,6.0
2.9919,-1.0,6.0
2.997,1.0,6.0
3.002,-1.0,6.0
3.0076,-1.0,6.0
3.0121,2.0,6.0
3.017,0.0,6.0
3.0222,-2.0,6.0
3.0271,0.0,6.0
3.0321,-1.0,6.0
3.0375,-1.0,6.0
3.0426,5.0,6.0
3.0473,4.0,6.0
3.0521,-6.0,6.0
3.0573,-6.0,6.0
3.0623,4.0,6.0
3.0675,4.0,6.0
3.0724,-2.0,6.0
3.077,-1.0,6.0
3.0821,3.0,6.0
3.0871,0.0,6.0
3.092,-5.0,6.0
3.0986,-1.0,6.0
3.1039,3.0,6.0
3.1069,1.0,6.0
3.1119,0.0,6.0
3.1173,-1.0,6.0
3.122,-3.0,6.0
3.1275,4.0,6.0
3.1321,6.0,6.0
3.1369,-6.0,6.0
3.1422,-8.0,6.0
3.1473,5.0,6.0
3.1527,7.0,6.0
3.1575,-1.0,6.0
3.1622,-3.0,6.0
3.1671,0.0,6.0
3.1722,0.0,6.0
3.1773,-1.0,6.0
3.1826,1.0,6.0
3.1875,2.0,6.0
3.1922,1.0,6.0
3.1969,-1.0,6.0
3.2024,-3.0,6.0
3.2077,-1.0,6.0
3.2126,4.0,6.0
3.2169,5.0,6.0
3.2219,-4.0,6.0
3.2271,-9.0,6.0
3.2321,5.0,6.0
3.2379,14.0,6.0
3.2425,-6.0,6.0
3.2472,-17.0,6.0
3.2521,4.0,6.0
3.2573,15.0,6.0
3.2623,-1.0,6.0
3.2676,-8.0,6.0
3.2729,2.0,6.0
3.2774,4.0,6.0
3.2822,-4.0,6.0
3.2872,-5.0,6.0
3.2923,3.0,6.0
3.2975,8.0,6.0
3.3022,2.0,6.0
3.3071,-7.0,6.0
3.3121,-8.0,6.0
3.3172,2.0,6.0
3.3227,10.0,6.0
3.327,5.0,6.0
3.333,-7.0,8.0
3.3372,-11.0,8.0
3.3421,2.0,8.0
3.3473,10.0,8.0
3.3526,2.0,8.0
3.3577,-3.0,8.0
3.3619,0.0,8.0
3.3671,-4.0,8.0
3.3724,-5.0,8.0
3.3774,4.0,8.0
3.3828,5.0,8.0
3.3881,-1.0,8.0
3.3921,3.0,8.0
3.3971,2.0,8.0
3.4022,-10.0,8.0
3.4085,-7.0,8.0
3.4127,8.0,8.0
3.417,11.0,8.0
3.422,1.0,8.0
3.427,-8.0,8.0
3.4322,-11.0,8.0
3.4375,2.0,8.0
3.4427,15.0,8.0
3.4473,2.0,8.0
3.4521,-11.0,8.0
3.4569,-1.0,8.0
3.4622,4.0,8.0
3.4675,-1.0,8.0
3.4733,0.0,8.0
3.4769,4.0,8.0
3.4821,0.0,8.0
3.4871,-1.0,8.0
3.4923,0.0,8.0
3.4977,-4.0,8.0
3.5023,-3.0,8.0
3.5089,9.0,8.0
3.5129,9.0,8.0
3.5179,-12.0,8.0
3.5226,-15.0,8.0
3.5269,9.0,8.0
3.532,14.0,8.0
3.5371,-3.0,8.0
3.5422,-5.0,8.0
3.5473,0.0,8.0
3.5525,-4.0,8.0
3.5577,-2.0,8.0
3.5619,10.0,8.0
3.5671,4.0,8.0
3.5722,-10.0,8.0
3.5773,-4.0,8.0
3.5824,6.0,8.0
3.5874,0.0,8.0
3.5921,-3.0,8.0
3.5971,4.0,8.0
3.6021,5.0,8.0
3.6078,-6.0,8.0
3.6132,-11.0,8.0
3.6177,2.0,8.0
3.6221,16.0,8.0
3.6271,6.0,8.0
3.6322,-12.0,8.0
3.6375,-11.0,8.0
3.6425,1.0,8.0
3.6474,7.0,8.0
3.6521,8.0,8.0
3.6571,1.0,8.0
3.6621,-9.0,8.0
3.6674,-5.0,8.0
3.6726,4.0,10.0
3.6771,2.0,10.0
3.6822,1.0,8.0
3.6872,5.0,10.0
3.6924,-1.0,8.0
3.6975,-10.0,8.0
3.7025,0.0,8.0
3.7071,8.0,8.0
3.7133,0.0,8.0
3.7171,-3.0,8.0
3.7221,0.0,8.0
3.7269,-1.0,8.0
3.7321,0.0,8.0
3.7369,2.0,8.0
3.7432,0.0,8.0
3.7473,0.0,8.0
3.7526,4.0,8.0
3.7571,-4.0,8.0
3.7623,-9.0,10.0
3.7671,5.0,10.0
3.7723,13.0,10.0
3.7773,-1.0,10.0
3.7821,-11.0,10.0
3.7871,-3.0,10.0
3.7922,1.0,10.0
3.797,2.0,10.0
3.8021,7.0,10.0
3.8071,2.0,10.0
3.812,-8.0,10.0
3.8171,-5.0,10.0
3.8221,4.0,10.0
3.8271,4.0,10.0
3.8321,-1.0,10.0
3.837,-4.0,10.0
3.842,-1.0,10.0
3.847,7.0,10.0
3.852,5.0,10.0
3.857,-6.0,10.0
3.8621,-7.0,10.0
3.8681,2.0,10.0
3.872,4.0,10.0
3.877,-1.0,10.0
3.882,0.0,10.0
3.887,0.0,8.0
3.8926,-1.0,8.0
3.897,4.0,8.0
3.902,7.0,8.0
3.907,-7.0,8.0
3.9119,-16.0,8.0
3.9169,3.0,8.0
3.9224,17.0,10.0
3.9271,1.0,10.0
3.9322,-6.0,10.0
3.9372,0.0,10.0
3.9421,-5.0,10.0
3.947,-9.0,10.0
3.9527,11.0,10.0
3.9576,14.0,10.0
3.962,-12.0,10.0
3.967,-14.0,10.0
3.9722,11.0,10.0
3.9774,11.0,10.0
3.9828,-8.0,10.0
3.9882,-6.0,10.0
3.9923,4.0,10.0
3.9971,0.0,10.0
4.0022,-4.0,10.0
4.0073,3.0,10.0
4.0126,8.0,10.0
4.0175,0.0,10.0
4.0221,-11.0,10.0
4.027,-9.0,10.0
4.0321,6.0,10.0
4.037,10.0,10.0
4.042,1.0,10.0
4.0472,-1.0,10.0
4.052,-5.0,10.0
4.057,-10.0,10.0
4.0619,0.0,10.0
4.0671,14.0,10.0
4.0722,6.0,10.0
4.0772,-10.0,10.0
4.082,-8.0,10.0
4.087,3.0,10.0
4.0921,4.0,10.0
4.0971,1.0,10.0
4.1021,0.0,10.0
4.1071,-3.0,10.0
4.112,-3.0,10.0
4.1171,1.0,10.0
4.1224,3.0,10.0
4.1271,2.0,10.0
4.1322,-4.0,10.0
4.1372,-7.0,10.0
4.1422,3.0,10.0
4.1471,12.0,10.0
4.152,-1.0,10.0
4.1571,-13.0,10.0
4.1621,-1.0,10.0
4.1671,7.0,10.0
4.172,0.0,10.0
4.1771,0.0,10.0
4.1821,3.0,10.0
4.1871,-3.0,10.0
4.1922,-6.0,10.0
4.1971,2.0,10.0
4.2021,3.0,10.0
4.207,0.0,10.0
4.212,1.0,8.0
4.2171,-1.0,8.0
4.222,-5.0,8.0
4.2281,2.0,8.0
4.232,6.0,8.0
4.2371,-4.0,8.0
4.2421,-7.0,8.0
4.247,2.0,8.0
4.252,7.0,8.0
4.2571,2.0,8.0
4.262,-4.0,8.0
4.2671,-6.0,8.0
4.272,1.0,8.0
4.2771,3.0,8.0
4.282,-1.0,8.0
4.287,1.0,8.0
4.2921,4.0,8.0
4.297,-3.0,8.0
4.302,-6.0,8.0
4.3071,1.0,8.0
4.3121,5.0,8.0
4.317,1.0,8.0
4.322,0.0,8.0
4.3271,-4.0,8.0
4.3321,-1.0,8.0
4.337,8.0,8.0
4.3421,0.0,8.0
4.3472,-11.0,8.0
4.3521,0.0,8.0
4.3572,12.0,8.0
4.362,1.0,8.0
4.367,-7.0,8.0
4.3721,-2.0,8.0
4.3771,1.0,8.0
4.3822,-1.0,8.0
4.3872,2.0,8.0
4.392,5.0,8.0
4.397,-3.0,8.0
4.4021,-8.0,8.0
4.4072,3.0,8.0
4.412,7.0,8.0
4.4171,-2.0,8.0
4.4221,-4.0,8.0
4.4271,-1.0,8.0
4.432,0.0,8.0
4.4369,7.0,8.0
4.442,5.0,8.0
4.4472,-7.0,8.0
4.452,-10.0,8.0
4.4571,1.0,8.0
4.4625,7.0,8.0
4.4671,4.0,8.0
4.4722,2.0,8.0
4.477,-2.0,8.0
4.4819,-10.0,8.0
4.4871,-3.0,8.0
4.4921,10.0,8.0
4.4971,4.0,8.0
4.5022,-5.0,8.0
4.507,1.0,8.0
4.512,4.0,8.0
4.5171,-7.0,8.0
4.5221,-8.0,8.0
4.5271,9.0,8.0
4.5321,13.0,8.0
4.537,-9.0,8.0
4.542,-17.0,10.0
4.5472,8.0,10.0
4.5521,20.0,10.0
4.5571,-4.0,10.0
4.5622,-21.0,10.0
4.567,-1.0,10.0
4.5721,18.0,10.0
4.5772,6.0,10.0
4.5822,-11.0,10.0
4.5871,-6.0,10.0
4.592,3.0,10.0
4.5969,1.0,10.0
4.6019,0.0,10.0
4.6072,4.0,8.0
4.6121,1.0,8.0
4.6171,-8.0,8.0
4.6221,-7.0,8.0
4.6269,5.0,8.0
4.6319,9.0,8.0
4.6371,1.0,8.0
4.6422,-5.0,8.0
4.6471,-4.0,8.0
4.652,1.0,8.0
4.657,2.0,8.0
4.6621,-2.0,8.0
4.6669,-2.0,8.0
4.6721,5.0,8.0
4.6771,6.0,8.0
4.682,-3.0,8.0
4.6869,-7.0,8.0
4.6919,-3.0,8.0
4.697,0.0,8.0
4.702,7.0,8.0
4.707,9.0,8.0
4.7123,-5.0,8.0
4.717,-16.0,8.0
4.7223,-1.0,8.0
4.727,14.0,8.0
4.732,8.0,8.0
4.7371,-7.0,8.0
4.742,-10.0,8.0
4.7473,0.0,8.0
4.7521,7.0,8.0
4.757,2.0,8.0
4.762,-3.0,8.0
4.7669,-3.0,8.0
4.772,1.0,8.0
4.777,5.0,8.0
4.782,0.0,8.0
4.787,-9.0,8.0
4.792,-4.0,8.0
4.797,10.0,8.0
4.8019,9.0,8.0
4.8072,-4.0,8.0
4.8121,-8.0,8.0
4.817,-2.0,8.0
4.822,2.0,8.0
4.8269,5.0,8.0
4.832,2.0,8.0
4.837,-4.0,8.0
4.8423,0.0,8.0
4.847,3.0,8.0
4.8519,-3.0,8.0
4.8569,-6.0,10.0
4.8621,5.0,10.0
4.867,9.0,10.0
4.872,-4.0,10.0
4.877,-7.0,10.0
4.8819,4.0,10.0
4.8869,2.0,10.0
4.8923,-8.0,10.0
4.897,1.0,10.0
4.9022,13.0,10.0
4.907,-5.0,10.0
4.912,-16.0,10.0
4.917,7.0,10.0
4.9222,20.0,10.0
4.927,-5.0,10.0
4.9321,-21.0,10.0
4.937,0.0,10.0
4.9431,15.0,10.0
4.9469,4.0,10.0
4.952,-6.0,10.0
4.9572,-6.0,10.0
4.9621,1.0,10.0
4.967,6.0,10.0
4.972,-2.0,10.0
4.9777,-6.0,10.0
4.982,5.0,10.0
4.987,6.0,10.0
4.992,-7.0,10.0
4.997,-3.0,10.0
5.002,7.0,10.0
5.0071,0.0,10.0
5.0121,-5.0,10.0
5.0171,4.0,10.0
5.022,3.0,10.0
5.0269,-5.0,10.0
5.0321,-2.0,10.0
5.0369,3.0,10.0
5.0421,3.0,10.0
5.047,0.0,10.0
5.052,-3.0,10.0
5.057,-4.0,10.0
5.062,2.0,10.0
5.067,4.0,10.0
5.0722,-2.0,10.0
5.0771,-3.0,10.0
5.082,2.0,10.0
5.0871,0.0,10.0
5.092,-1.0,10.0
5.0971,3.0,10.0
5.1021,3.0,10.0
5.107,-8.0,10.0
5.1119,-10.0,10.0
5.117,9.0,10.0
5.1222,18.0,10.0
5.1271,-2.0,10.0
5.1321,-19.0,10.0
5.137,-4.0,10.0
5.142,10.0,10.0
5.1469,6.0,10.0
5.1533,0.0,10.0
5.1576,-1.0,10.0
5.1619,-3.0,10.0
5.1669,0.0,10.0
5.172,1.0,10.0
5.1774,-1.0,10.0
5.1821,1.0,10.0
5.187,5.0,10.0
5.1921,0.0,10.0
5.197,-4.0,10.0
5.202,-1.0,10.0
5.2072,0.0,10.0
5.2121,0.0,8.0
5.217,2.0,8.0
5.222,0.0,8.0
5.2269,0.0,8.0
5.232,3.0,8.0
5.2371,-3.0,8.0
5.2421,-8.0,8.0
5.247,4.0,8.0
5.2525,10.0,8.0
5.2569,-4.0,8.0
5.2619,-5.0,8.0
5.2669,8.0,8.0
5.272,0.0,8.0
5.277,-14.0,8.0
5.282,-2.0,8.0
5.287,14.0,8.0
5.292,6.0,8.0
5.2972,-6.0,10.0
5.3021,-8.0,10.0
5.307,-2.0,10.0
5.312,6.0,10.0
5.3169,7.0,10.0
5.3224,-5.0,10.0
5.3271,-7.0,10.0
5.3321,4.0,10.0
5.337,6.0,10.0
5.3419,-4.0,10.0
5.347,-5.0,10.0
5.352,5.0,10.0
5.357,7.0,10.0
5.362,-5.0,10.0
5.367,-10.0,10.0
5.3719,1.0,8.0
5.3773,10.0,8.0
5.3821,2.0,8.0
5.3871,-5.0,8.0
5.392,-1.0,8.0
5.397,0.0,8.0
5.4019,-2.0,8.0
5.4071,0.0,8.0
5.4122,5.0,8.0
5.417,0.0,8.0
5.422,-4.0,8.0
5.4269,-3.0,8.0
5.432,2.0,8.0
5.4373,5.0,8.0
5.4421,0.0,8.0
5.4471,-7.0,8.0
5.4519,2.0,8.0
5.4569,8.0,8.0
5.4619,-5.0,8.0
5.4671,-11.0,8.0
5.4721,5.0,8.0
5.477,13.0,8.0
5.482,0.0,8.0
5.487,-8.0,8.0
5.4924,-6.0,8.0
5.497,-1.0,8.0
5.5021,8.0,8.0
5.507,11.0,8.0
5.5119,-6.0,8.0
5.5169,-16.0,10.0
5.5222,3.0,10.0
5.5271,15.0,10.0
5.5321,-1.0,10.0
5.537,-9.0,10.0
5.5419,0.0,10.0
5.5469,2.0,10.0
5.552,0.0,8.0
5.558,2.0,8.0
5.562,0.0,8.0
5.5669,-2.0,8.0
5.5719,0.0,8.0
5.577,1.0,8.0
5.582,0.0,8.0
5.5873,-1.0,8.0
5.5921,-1.0,8.0
5.5969,4.0,8.0
5.6019,4.0,8.0
5.6071,-5.0,8.0
5.6121,-8.0,8.0
5.6171,3.0,8.0
5.6219,9.0,8.0
5.6269,2.0,8.0
5.632,-7.0,8.0
5.6372,-8.0,8.0
5.642,3.0,8.0
5.647,11.0,8.0
5.6519,0.0,8.0
5.6569,-10.0,8.0
5.6622,0.0,8.0
5.6671,7.0,8.0
5.6721,-1.0,8.0
5.677,-3.0,8.0
5.6819,4.0,8.0
5.6869,-2.0,8.0
5.6921,-8.0,8.0
5.6971,3.0,8.0
5.7021,10.0,8.0
5.707,0.0,8.0
5.7119,-8.0,8.0
5.7171,-6.0,8.0
5.7222,3.0,8.0
5.7271,8.0,8.0
5.732,2.0,8.0
5.737,-9.0,8.0
5.742,-8.0,8.0
5.7469,7.0,8.0
5.752,13.0,8.0
5.7571,-3.0,8.0
5.763,-12.0,8.0
5.7669,-1.0,8.0
5.772,6.0,8.0
5.7771,3.0,8.0
5.7821,0.0,8.0
5.787,0.0,8.0
5.792,-3.0,8.0
5.797,-1.0,8.0
5.8019,2.0,8.0
5.807,3.0,8.0
5.8121,0.0,8.0
5.8171,-4.0,8.0
5.822,-1.0,8.0
5.8269,5.0,8.0
5.8326,3.0,8.0
5.8369,-6.0,8.0
5.8421,-5.0,8.0
5.8471,4.0,8.0
5.8519,6.0,8.0
5.8569,0.0,8.0
5.8619,-5.0,8.0
5.869,-5.0,8.0
5.8719,3.0,8.0
5.877,9.0,8.0
5.8819,-1.0,8.0
5.887,-12.0,8.0
5.892,1.0,8.0
5.8971,15.0,8.0
5.902,-2.0,8.0
5.907,-15.0,8.0
5.9119,3.0,8.0
5.9171,11.0,8.0
5.9222,-6.0,8.0
5.927,-8.0,8.0
5.9319,9.0,8.0
5.9369,8.0,8.0
5.9419,-8.0,8.0
5.9469,-8.0,8.0
5.9521,5.0,8.0
5.957,6.0,8.0
5.962,-2.0,8.0
5.967,-3.0,8.0
5.9719,0.0,8.0
5.9771,0.0,8.0
5.9819,2.0,8.0
5.9871,2.0,8.0
5.9921,-1.0,8.0
5.9971,-2.0,8.0
6.0021,-2.0,8.0
6.0072,-1.0,8.0
6.0119,3.0,8.0
6.017,8.0,8.0
6.022,1.0,8.0
6.0269,-10.0,8.0
6.032,-7.0,8.0
6.0369,6.0,8.0
6.042,7.0,8.0
6.0469,-1.0,8.0
6.0519,0.0,8.0
6.0569,0.0,8.0
6.0619,-7.0,8.0
6.067,-3.0,8.0
6.0724,11.0,8.0
6.0769,8.0,8.0
6.0819,-9.0,8.0
6.087,-10.0,8.0
6.0919,5.0,8.0
6.0971,6.0,8.0
6.1021,-1.0,8.0
6.1069,0.0,8.0
6.112,-2.0,8.0
6.1169,-6.0,8.0
6.122,4.0,8.0
6.127,8.0,8.0
6.132,-4.0,8.0
6.1369,-7.0,8.0
6.1419,3.0,8.0
6.1471,2.0,8.0
6.1521,-1.0,8.0
6.1572,2.0,8.0
6.162,1.0,8.0
6.1669,-3.0,8.0
6.1729,1.0,8.0
6.1773,3.0,8.0
6.1821,-3.0,8.0
6.1871,-6.0,8.0
6.1919,0.0,8.0
6.1969,8.0,8.0
6.2021,7.0,8.0
6.2071,-3.0,8.0
6.2121,-11.0,8.0
6.2171,-3.0,8.0
6.2219,7.0,8.0
6.2269,6.0,8.0
6.232,0.0,8.0
6.237,-4.0,8.0
6.242,-1.0,8.0
6.247,4.0,8.0
6.2519,1.0,8.0
6.2569,-8.0,8.0
6.262,-2.0,8.0
6.2671,9.0,8.0
6.2721,4.0,8.0
6.277,-4.0,8.0
6.2819,-6.0,8.0
6.2871,0.0,8.0
6.2922,6.0,8.0
6.297,4.0,8.0
6.3021,-6.0,8.0
6.3069,-3.0,8.0
6.3119,8.0,8.0
6.317,2.0,8.0
6.3223,-10.0,8.0
6.327,-1.0,8.0
6.332,12.0,8.0
6.3369,2.0,8.0
6.342,-11.0,8.0
6.347,-3.0,8.0
6.3521,8.0,8.0
6.3571,4.0,8.0
6.3621,-4.0,8.0
6.3669,-3.0,8.0
6.3719,3.0,8.0
6.378,0.0,8.0
6.382,-5.0,8.0
6.3871,1.0,8.0
6.392,5.0,8.0
6.397,-1.0,8.0
6.4021,-3.0,8.0
6.407,2.0,8.0
6.412,2.0,8.0
6.417,-3.0,8.0
6.4219,-3.0,8.0
6.4269,3.0,8.0
6.4321,6.0,8.0
6.4371,-1.0,8.0
6.442,-7.0,8.0
6.447,-1.0,8.0
6.452,2.0,8.0
6.4569,2.0,8.0
6.4621,5.0,8.0
6.4671,0.0,8.0
6.4721,-8.0,8.0
6.4777,-2.0,8.0
6.4823,5.0,8.0
6.4869,2.0,8.0
6.4919,1.0,8.0
6.4971,1.0,8.0
6.5021,-3.0,8.0
6.5071,-6.0,8.0
6.5119,0.0,8.0
6.5169,7.0,8.0
6.5223,5.0,8.0
6.5272,-3.0,8.0
6.532,-7.0,8.0
6.537,-1.0,8.0
6.542,7.0,8.0
6.5469,4.0,8.0
6.5521,-8.0,8.0
6.557,-4.0,8.0
6.5619,10.0,8.0
6.5669,5.0,8.0
6.5719,-10.0,8.0
6.577,-8.0,8.0
6.582,6.0,8.0
6.587,9.0,8.0
6.592,0.0,8.0
6.5969,-5.0,8.0
6.6019,-1.0,8.0
6.6071,-1.0,8.0
6.6121,-2.0,8.0
6.617,5.0,8.0
6.6219,9.0,8.0
6.627,-2.0,8.0
6.632,-12.0,8.0
6.6371,-2.0,8.0
6.642,7.0,8.0
6.647,3.0,8.0
6.6519,3.0,8.0
6.6569,1.0,8.0
6.662,-13.0,8.0
6.667,-7.0,8.0
6.672,15.0,8.0
6.6769,10.0,8.0
6.6828,-11.0,8.0
6.687,-8.0,8.0
6.6919,4.0,8.0
6.6971,3.0,8.0
6.7022,0.0,8.0
6.7069,1.0,8.0
6.7119,-2.0,8.0
6.717,-4.0,8.0
6.7222,6.0,8.0
6.727,7.0,8.0
6.732,-6.0,8.0
6.7369,-9.0,8.0
6.7419,1.0,8.0
6.7469,5.0,8.0
6.752,2.0,8.0
6.757,1.0,8.0
6.762,1.0,8.0
6.7669,-5.0,8.0
6.772,-9.0,8.0
6.777,1.0,8.0
6.7821,11.0,8.0
6.787,4.0,8.0
6.792,-8.0,8.0
6.7969,-6.0,8.0
6.8021,2.0,8.0
6.8071,3.0,8.0
6.8119,0.0,8.0
6.817,1.0,8.0
6.8227,-2.0,8.0
6.8269,-3.0,8.0
6.832,2.0,8.0
6.8371,2.0,8.0
6.8421,-1.0,8.0
6.847,3.0,8.0
6.8519,0.0,8.0
6.857,-10.0,8.0
6.862,-3.0,8.0
6.867,11.0,8.0
6.872,6.0,8.0
6.877,-6.0,8.0
6.8819,-7.0,8.0
6.8874,-1.0,8.0
6.8919,5.0,8.0
6.897,7.0,8.0
6.902,-3.0,8.0
6.9071,-12.0,8.0
6.9121,-2.0,8.0
6.9169,15.0,8.0
6.9221,11.0,8.0
6.927,-10.0,8.0
6.9321,-18.0,8.0
6.937,0.0,8.0
6.942,15.0,8.0
6.9471,8.0,8.0
6.952,-6.0,8.0
6.9571,-8.0,8.0
6.9619,0.0,8.0
6.9669,1.0,8.0
6.9719,0.0,8.0
6.9769,5.0,8.0
6.9819,7.0,8.0
6.9869,-6.0,8.0
6.9922,-13.0,8.0
6.9969,0.0,8.0
7.0021,12.0,8.0
7.007,7.0,8.0
7.012,-4.0,8.0
7.0169,-9.0,8.0
7.0219,-4.0,8.0
7.0271,4.0,8.0
7.0321,8.0,8.0
7.0371,1.0,8.0
7.042,-6.0,10.0
7.047,-5.0,10.0
7.052,0.0,10.0
7.0569,5.0,10.0
7.0623,7.0,10.0
7.067,-2.0,10.0
7.0721,-14.0,10.0
7.0769,0.0,10.0
7.0819,18.0,10.0
7.0869,0.0,10.0
7.0929,-16.0,10.0
7.0969,2.0,10.0
7.1019,9.0,10.0
7.1069,-7.0,10.0
7.1122,-3.0,10.0
7.1169,11.0,10.0
7.122,1.0,10.0
7.1271,-9.0,10.0
7.132,1.0,10.0
7.1369,3.0,10.0
7.142,-7.0,10.0
7.147,-1.0,10.0
7.1519,9.0,10.0
7.1571,2.0,10.0
7.1621,-4.0,10.0
7.167,-2.0,10.0
7.1719,-4.0,10.0
7.1771,-2.0,10.0
7.182,9.0,10.0
7.1869,8.0,10.0
7.1919,-7.0,10.0
7.1975,-10.0,10.0
7.2019,0.0,10.0
7.2069,6.0,10.0
7.2119,4.0,10.0
7.217,1.0,10.0
7.2219,-2.0,10.0
7.2269,-5.0,10.0
7.2319,-2.0,10.0
7.2371,3.0,10.0
7.242,3.0,10.0
7.247,1.0,10.0
7.252,1.0,10.0
7.257,-3.0,10.0
7.2621,-5.0,10.0
7.267,0.0,10.0
7.272,5.0,10.0
7.277,2.0,10.0
7.2819,-1.0,10.0
7.2869,0.0,10.0
7.2921,-2.0,10.0
7.2975,-4.0,10.0
7.3021,3.0,10.0
7.3069,7.0,10.0
7.3122,-2.0,8.0
7.3169,-3.0,8.0
7.3221,1.0,8.0
7.327,-3.0,8.0
7.3321,-4.0,8.0
7.337,8.0,8.0
7.3421,9.0,8.0
7.347,-6.0,8.0
7.3521,-12.0,10.0
7.357,0.0,8.0
7.3619,9.0,10.0
7.3669,5.0,8.0
7.3719,-1.0,8.0
7.3769,-3.0,8.0
7.3819,-8.0,8.0
7.3869,-3.0,8.0
7.3919,14.0,10.0
7.3972,11.0,10.0
7.402,-15.0,10.0
7.4071,-15.0,10.0
7.4121,12.0,10.0
7.417,14.0,10.0
7.4219,-8.0,10.0
7.427,-10.0,10.0
7.432,5.0,10.0
7.437,6.0,10.0
7.4419,-5.0,10.0
7.4469,-3.0,10.0
7.4521,6.0,10.0
7.4569,3.0,10.0
7.4622,-3.0,10.0
7.4671,-3.0,10.0
7.4722,-1.0,10.0
7.4769,-1.0,10.0
7.4819,1.0,10.0
7.4869,6.0,10.0
7.492,5.0,10.0
7.497,-3.0,10.0
7.5022,-11.0,10.0
7.5072,-4.0,10.0
7.5124,8.0,10.0
7.517,8.0,10.0
7.5223,0.0,10.0
7.5269,-4.0,10.0
7.532,-2.0,10.0
7.5369,-2.0,10.0
7.5419,0.0,10.0
7.5472,6.0,10.0
7.552,1.0,10.0
7.5569,-8.0,10.0
7.562,-3.0,10.0
7.567,6.0,10.0
7.5719,1.0,10.0
7.5769,-1.0,10.0
7.582,3.0,10.0
7.5869,-2.0,8.0
7.5919,-6.0,8.0
7.5971,2.0,8.0
7.6019,4.0,8.0
7.6071,0.0,8.0
7.6119,0.0,8.0
7.6169,0.0,8.0
7.622,-4.0,8.0
7.6269,-1.0,8.0
7.6319,3.0,8.0
7.6368,5.0,8.0
7.642,2.0,8.0
7.6469,-7.0,8.0
7.6519,-8.0,8.0
7.6569,4.0,8.0
7.6619,7.0,8.0
7.6669,-1.0,8.0
7.672,-2.0,8.0
7.6769,4.0,8.0
7.6818,1.0,8.0
7.6869,-7.0,8.0
7.6921,-6.0,8.0
7.6969,5.0,8.0
7.7019,9.0,8.0
7.7069,0.0,8.0
7.7119,-8.0,8.0
7.7169,-6.0,8.0
7.7221,6.0,8.0
7.727,9.0,8.0
7.732,-3.0,8.0
7.7369,-8.0,8.0
7.7421,1.0,8.0
7.7469,6.0,8.0
7.752,-2.0,8.0
7.757,-4.0,8.0
7.7619,2.0,8.0
7.7669,3.0,8.0
7.7719,0.0,8.0
7.7771,0.0,8.0
7.782,0.0,8.0
7.787,-4.0,8.0
7.7919,-5.0,8.0
7.7969,4.0,8.0
7.8019,9.0,8.0
7.8072,0.0,8.0
7.813,-6.0,8.0
7.8169,-1.0,8.0
7.8219,0.0,8.0
7.8273,0.0,8.0
7.8319,4.0,8.0
7.8369,1.0,8.0
7.842,-5.0,8.0
7.8469,0.0,8.0
7.8518,6.0,8.0
7.8569,-1.0,8.0
7.8619,-8.0,8.0
7.8701,-2.0,8.0
7.8718,6.0,8.0
7.8769,10.0,8.0
7.8819,-2.0,8.0
7.8869,-19.0,8.0
7.8919,-1.0,8.0
7.897,26.0,8.0
7.9019,5.0,8.0
7.907,-26.0,8.0
7.9119,-8.0,8.0
7.9182,16.0,8.0
7.922,4.0,8.0
7.927,-3.0,10.0
7.9319,2.0,10.0
7.9369,-5.0,10.0
7.9419,-9.0,10.0
7.947,7.0,10.0
7.9524,12.0,10.0
7.9569,0.0,10.0
7.962,-10.0,10.0
7.967,-9.0,10.0
7.972,0.0,10.0
7.977,14.0,10.0
7.982,9.0,10.0
7.9872,-9.0,10.0
7.9921,-11.0,10.0
7.997,0.0,10.0
8.0019,6.0,10.0
8.007,3.0,10.0
8.012,-1.0,10.0
8.017,0.0,10.0
8.022,1.0,10.0
8.0272,0.0,10.0
8.032,-3.0,10.0
8.0369,-1.0,8.0
8.0419,2.0,8.0
8.047,4.0,8.0
8.0519,0.0,8.0
8.0569,-3.0,8.0
8.0623,1.0,8.0
8.0669,4.0,8.0
8.072,-3.0,8.0
8.0772,-5.0,8.0
8.0819,2.0,8.0
8.0869,6.0,8.0
8.0919,0.0,8.0
8.0969,-4.0,8.0
8.102,-3.0,8.0
8.1069,1.0,8.0
8.112,0.0,8.0
8.1169,1.0,8.0
8.1221,4.0,8.0
8.127,-1.0,8.0
8.132,-8.0,8.0
8.137,0.0,8.0
8.1419,7.0,8.0
8.1469,1.0,8.0
8.152,0.0,8.0
8.157,0.0,8.0
8.162,-7.0,8.0
8.1669,-2.0,8.0
8.1719,9.0,8.0
8.1769,6.0,8.0
8.182,-3.0,8.0
8.1869,-7.0,8.0
8.192,-6.0,8.0
8.197,2.0,8.0
8.202,11.0,8.0
8.2069,5.0,8.0
8.2119,-8.0,8.0
8.2169,-9.0,8.0
8.2219,0.0,8.0
8.227,6.0,8.0
8.2319,2.0,8.0
8.2369,0.0,8.0
8.2419,2.0,8.0
8.2469,-3.0,8.0
8.2519,-9.0,8.0
8.2569,2.0,8.0
8.2619,9.0,8.0
8.267,1.0,8.0
8.272,0.0,8.0
8.277,1.0,8.0
8.2824,-8.0,8.0
8.287,-10.0,8.0
8.2919,7.0,8.0
8.2971,17.0,8.0
8.3019,1.0,8.0
8.3069,-15.0,8.0
8.312,-8.0,8.0
8.3169,8.0,8.0
8.3224,8.0,8.0
8.3269,-4.0,8.0
8.3321,-3.0,8.0
8.3369,4.0,8.0
8.342,0.0,8.0
8.3471,-5.0,8.0
8.352,-2.0,8.0
8.3569,4.0,8.0
8.3619,3.0,8.0
8.3669,-1.0,8.0
8.3719,-3.0,8.0
8.3768,0.0,8.0
8.3819,0.0,8.0
8.387,0.0,8.0
8.3919,0.0,8.0
8.397,3.0,8.0
8.402,1.0,8.0
8.407,-1.0,8.0
8.412,-2.0,8.0
8.4171,-1.0,8.0
8.4219,-2.0,8.0
8.4269,0.0,8.0
8.4319,9.0,8.0
8.4369,10.0,8.0
8.442,-10.0,8.0
8.4469,-18.0,8.0
8.4519,5.0,8.0
8.4569,19.0,8.0
8.462,0.0,8.0
8.4673,-11.0,8.0
8.472,0.0,8.0
8.4769,3.0,8.0
8.4819,-6.0,8.0
8.487,-2.0,8.0
8.4922,12.0,10.0
8.4969,7.0,10.0
8.502,-10.0,10.0
8.507,-11.0,10.0
8.5119,1.0,10.0
8.5169,8.0,10.0
8.5221,5.0,10.0
8.527,-3.0,10.0
8.532,-6.0,10.0
8.5369,0.0,8.0
8.5419,4.0,8.0
8.5469,2.0,8.0
8.552,0.0,8.0
8.5571,-2.0,8.0
8.5619,-1.0,8.0
8.5669,1.0,8.0
8.5718,0.0,8.0
8.577,0.0,8.0
8.582,0.0,8.0
8.5871,2.0,8.0
8.5919,0.0,8.0
8.5969,-4.0,8.0
8.6022,-3.0,8.0
8.6069,3.0,8.0
8.6124,4.0,8.0
8.6174,1.0,8.0
8.622,-1.0,6.0
8.6275,-5.0,6.0
8.6319,-6.0,6.0
8.639,4.0,6.0
8.6419,9.0,6.0
8.6478,0.0,6.0
8.6526,-6.0,6.0
8.6573,-1.0,6.0
8.6621,1.0,6.0
8.6677,-2.0,8.0
8.6724,0.0,6.0
8.6772,6.0,8.0
8.6821,2.0,8.0
8.6872,-7.0,8.0
8.6919,-3.0,8.0
8.6975,4.0,8.0
8.7019,4.0,8.0
8.7078,1.0,8.0
8.7121,-3.0,8.0
8.7173,-7.0,8.0
8.7228,0.0,8.0
8.7269,8.0,8.0
8.734,4.0,8.0
8.7379,-3.0,8.0
8.7421,-3.0,8.0
8.7473,-1.0,8.0
8.7527,-4.0,8.0
8.7572,0.0,8.0
8.7621,13.0,8.0
8.7676,6.0,8.0
8.7721,-12.0,8.0
8.7772,-10.0,8.0
8.7819,3.0,8.0
8.7875,4.0,8.0
8.7921,6.0,8.0
8.7969,5.0,8.0
8.8023,-12.0,8.0
8.8077,-12.0,8.0
8.8119,11.0,8.0
8.8176,13.0,8.0
8.8221,-8.0,8.0
8.8271,-8.0,8.0
8.8319,4.0,8.0
8.8372,3.0,8.0
8.8424,-1.0,8.0
8.8468,1.0,8.0
8.8528,0.0,8.0
8.8572,-5.0,8.0
8.8622,-1.0,8.0
8.8674,6.0,8.0
8.8725,1.0,8.0
8.8782,-4.0,8.0
8.8818,2.0,8.0
8.887,3.0,8.0
8.8925,-6.0,8.0
8.8969,-6.0,8.0
8.9019,6.0,8.0
8.9071,7.0,8.0
8.9119,-3.0,8.0
8.9169,-3.0,8.0
8.922,3.0,8.0
8.9274,-1.0,8.0
8.9326,-6.0,8.0
8.9371,5.0,8.0
8.9421,9.0,8.0
8.9473,-7.0,8.0
8.9527,-9.0,8.0
8.9576,7.0,8.0
8.9619,4.0,8.0
8.9682,-8.0,8.0
8.9722,1.0,8.0
8.977,12.0,8.0
8.9825,-1.0,8.0
8.9876,-14.0,8.0
8.9921,-3.0,8.0
8.997,8.0,8.0
9.0019,3.0,8.0
9.0074,0.0,8.0
9.0122,3.0,8.0
9.0169,-3.0,8.0
9.0219,-13.0,8.0
9.027,0.0,8.0
9.0321,19.0,8.0
9.0374,6.0,8.0
9.0419,-16.0,8.0
9.0469,-9.0,8.0
9.0523,7.0,10.0
9.0571,5.0,10.0
9.0625,-1.0,10.0
9.0675,1.0,10.0
9.0722,1.0,8.0
9.0771,-5.0,8.0
9.0821,-5.0,8.0
9.0872,4.0,8.0
9.0923,8.0,8.0
9.0972,-2.0,8.0
9.102,-8.0,8.0
9.1069,1.0,8.0
9.1121,4.0,8.0
9.1171,-4.0,8.0
9.1222,0.0,8.0
9.1274,9.0,8.0
9.1325,-1.0,8.0
9.1374,-12.0,8.0
9.142,-1.0,8.0
9.1474,9.0,8.0
9.1528,2.0,8.0
9.1574,-2.0,8.0
9.162,0.0,8.0
9.1675,-3.0,8.0
9.1721,-4.0,8.0
9.1774,6.0,8.0
9.1831,8.0,8.0
9.1871,-6.0,8.0
9.1926,-8.0,8.0
9.1969,4.0,8.0
9.2022,1.0,8.0
9.2076,-1.0,8.0
9.212,8.0,8.0
9.2169,1.0,8.0
9.2221,-14.0,8.0
9.2271,-4.0,8.0
9.2321,13.0,8.0
9.2376,6.0,10.0
9.2426,-6.0,10.0
9.2469,-5.0,10.0
9.2524,-2.0,10.0
9.2571,1.0,10.0
9.2622,6.0,10.0
9.2676,3.0,10.0
9.2725,-1.0,10.0
9.2768,-2.0,8.0
9.2818,-2.0,8.0
9.2869,-1.0,8.0
9.2922,0.0,8.0
9.2969,2.0,8.0
9.302,4.0,8.0
9.307,2.0,8.0
9.3119,-4.0,8.0
9.3168,-7.0,8.0
9.322,0.0,8.0
9.3269,7.0,8.0
9.332,5.0,8.0
9.337,-2.0,8.0
9.342,-4.0,8.0
9.347,0.0,8.0
9.352,1.0,8.0
9.357,-1.0,8.0
9.3619,0.0,8.0
9.3669,1.0,8.0
9.3719,1.0,8.0
9.377,1.0,8.0
9.382,-1.0,8.0
9.387,-4.0,8.0
9.392,-1.0,8.0
9.3968,4.0,8.0
9.4022,3.0,8.0
9.4071,-3.0,8.0
9.412,-4.0,8.0
9.417,0.0,8.0
9.4223,3.0,8.0
9.4268,2.0,8.0
9.4323,0.0,8.0
9.437,-4.0,8.0
9.4419,-1.0,8.0
9.4477,5.0,8.0
9.4519,0.0,8.0
9.4571,-7.0,8.0
9.4619,0.0,8.0
9.467,9.0,8.0
9.4718,2.0,8.0
9.477,-7.0,8.0
9.4819,-2.0,8.0
9.4869,3.0,8.0
9.4918,0.0,8.0
9.4969,0.0,8.0
9.5018,2.0,8.0
9.5069,0.0,8.0
9.5119,-4.0,8.0
9.517,-1.0,8.0
9.5219,3.0,8.0
9.5269,4.0,8.0
9.5318,1.0,8.0
9.537,-3.0,8.0
9.542,-5.0,8.0
9.5469,0.0,8.0
9.5519,4.0,8.0
9.5569,4.0,8.0
9.5619,0.0,8.0
9.5669,-5.0,8.0
9.572,-3.0,8.0
9.5768,2.0,6.0
9.5819,1.0,6.0
9.5869,-2.0,6.0
9.5919,2.0,6.0
9.597,4.0,6.0
9.602,-3.0,6.0
9.6069,-7.0,6.0
9.6119,2.0,6.0
9.6169,9.0,6.0
9.622,0.0,6.0
9.627,-11.0,6.0
9.632,-1.0,6.0
9.6371,10.0,6.0
9.6419,0.0,6.0
9.6469,-6.0,6.0
9.6519,3.0,6.0
9.6569,1.0,6.0
9.6619,-5.0,6.0
9.6669,1.0,6.0
9.6719,5.0,6.0
9.6769,-3.0,6.0
9.6819,-4.0,6.0
9.6869,5.0,6.0
9.6919,3.0,6.0
9.6969,-7.0,6.0
9.7019,-4.0,6.0
9.7069,7.0,6.0
9.7119,6.0,6.0
9.7169,-5.0,6.0
9.7219,-7.0,6.0
9.7269,3.0,6.0
9.7319,9.0,6.0
9.7369,-1.0,6.0
9.7419,-8.0,6.0
9.7469,0.0,6.0
9.7518,6.0,6.0
9.7568,0.0,6.0
9.7619,-4.0,6.0
9.7669,1.0,6.0
9.7719,5.0,6.0
9.7769,-1.0,6.0
9.782,-5.0,6.0
9.7869,0.0,6.0
9.7919,3.0,6.0
9.7969,1.0,6.0
9.8019,0.0,6.0
9.8068,0.0,6.0
9.8119,-1.0,6.0
9.8169,-1.0,6.0
9.8219,1.0,6.0
9.8269,1.0,6.0
9.8319,-1.0,6.0
9.8369,0.0,6.0
9.8419,2.0,6.0
9.8469,0.0,6.0
9.8519,-2.0,6.0
9.8568,2.0,6.0
9.8619,2.0,6.0
9.871,-6.0,6.0
9.8719,-1.0,4.0
9.8769,7.0,4.0
9.8819,-3.0,4.0
9.8869,-9.0,4.0
9.8919,9.0,4.0
9.8969,16.0,6.0
9.902,-8.0,6.0
9.9069,-19.0,6.0
9.9119,-1.0,6.0
9.9169,7.0,6.0
9.9219,6.0,6.0
9.9269,10.0,6.0
9.9319,0.0,6.0
9.937,-16.0,6.0
9.942,-12.0,6.0
9.9469,7.0,6.0
9.9519,16.0,6.0
9.958,6.0,6.0
9.9619,-9.0,6.0
9.9669,-10.0,6.0
9.9719,0.0,6.0
9.9769,4.0,6.0
9.9819,1.0,6.0
9.9869,4.0,6.0
9.9919,3.0,6.0
9.9969,-6.0,6.0
10.0019,-8.0,6.0
10.0069,1.0,6.0
10.0118,7.0,6.0
10.0168,4.0,6.0
10.0219,0.0,6.0
10.0269,-5.0,6.0
10.0319,-9.0,8.0
10.037,0.0,6.0
10.0419,12.0,8.0
10.0468,6.0,8.0
10.0519,-10.0,8.0
10.0569,-7.0,8.0
10.062,5.0,8.0
10.0669,3.0,8.0
10.072,-3.0,8.0
10.0769,0.0,8.0
10.0819,2.0,8.0
10.0869,-3.0,8.0
10.0919,-2.0,8.0
10.0969,6.0,8.0
10.1019,5.0,8.0
10.1071,-6.0,8.0
10.1119,-7.0,8.0
10.1169,5.0,8.0
10.1219,6.0,8.0
10.1269,-3.0,8.0
10.1319,-2.0,8.0
10.1369,3.0,8.0
10.1419,1.0,8.0
10.147,-5.0,8.0
10.1519,-3.0,8.0
10.1569,3.0,8.0
10.1619,4.0,8.0
10.1669,2.0,8.0
10.1719,-1.0,8.0
10.1769,-6.0,8.0
10.1819,-3.0,8.0
10.1869,5.0,8.0
10.1919,6.0,8.0
10.1969,0.0,8.0
10.2019,-3.0,8.0
10.2069,-1.0,8.0
10.2119,-1.0,8.0
10.2169,0.0,8.0
10.2219,2.0,8.0
10.2269,2.0,8.0
10.2318,0.0,8.0
10.237,-5.0,8.0
10.2421,-3.0,8.0
10.247,2.0,8.0
10.252,3.0,8.0
10.2568,4.0,8.0
10.2619,2.0,8.0
10.2669,-4.0,8.0
10.2719,-8.0,8.0
10.2774,-4.0,8.0
10.2818,5.0,8.0
10.2869,10.0,8.0
10.2919,3.0,8.0
10.297,-8.0,8.0
10.3019,-10.0,8.0
10.3069,1.0,8.0
10.3119,9.0,8.0
10.3168,1.0,8.0
10.322,-5.0,8.0
10.327,0.0,8.0
10.332,3.0,8.0
10.3369,0.0,8.0
10.3419,-1.0,8.0
10.3469,0.0,8.0
10.3519,0.0,8.0
10.3569,0.0,8.0
10.3619,-1.0,8.0
10.3669,0.0,8.0
10.3718,4.0,8.0
10.3771,1.0,8.0
10.3819,-5.0,8.0
10.387,-2.0,8.0
10.3919,4.0,8.0
10.3969,0.0,8.0
10.402,-2.0,8.0
10.4069,1.0,8.0
10.4119,2.0,6.0
10.4169,-2.0,6.0
10.4219,-2.0,6.0
10.4268,2.0,6.0
10.4319,3.0,6.0
10.4369,-2.0,6.0
10.4418,-5.0,8.0
10.4469,2.0,8.0
10.4519,8.0,8.0
10.4568,0.0,8.0
10.4619,-11.0,8.0
10.4669,-3.0,8.0
10.472,12.0,8.0
10.4781,6.0,8.0
10.4823,-10.0,8.0
10.487,-7.0,8.0
10.4919,7.0,8.0
10.497,4.0,8.0
10.502,-5.0,8.0
10.5068,0.0,8.0
10.512,2.0,8.0
10.5169,-2.0,8.0
10.5221,0.0,8.0
10.5269,5.0,8.0
10.532,-3.0,8.0
10.5369,-6.0,8.0
10.5419,3.0,8.0
10.5471,4.0,8.0
10.5521,-1.0,8.0
10.557,0.0,8.0
10.5619,-2.0,8.0
10.5669,-3.0,6.0
10.5719,4.0,6.0
10.5769,4.0,6.0
10.582,-4.0,6.0
10.5869,-3.0,6.0
10.5919,2.0,6.0
10.5969,1.0,6.0
10.6019,2.0,6.0
10.6069,1.0,6.0
10.6119,-7.0,6.0
10.617,-4.0,6.0
10.6218,6.0,6.0
10.6269,7.0,6.0
10.6319,-1.0,6.0
10.6369,-6.0,6.0
10.642,-4.0,6.0
10.6469,0.0,6.0
10.6519,4.0,6.0
10.6568,3.0,6.0
10.6624,0.0,6.0
10.6669,-1.0,6.0
10.672,-4.0,6.0
10.6769,-2.0,6.0
10.6819,4.0,6.0
10.6869,3.0,6.0
10.6921,-2.0,6.0
10.697,-1.0,6.0
10.7021,0.0,6.0
10.7069,-2.0,6.0
10.7119,0.0,6.0
10.7168,5.0,6.0
10.722,1.0,6.0
10.7269,-7.0,6.0
10.7321,-2.0,6.0
10.7369,8.0,6.0
10.7419,2.0,6.0
10.747,-8.0,6.0
10.7519,0.0,6.0
10.7568,7.0,6.0
10.7619,-1.0,6.0
10.7669,-7.0,6.0
10.7719,2.0,6.0
10.7772,6.0,6.0
10.7819,-3.0,6.0
10.787,-6.0,6.0
10.7919,2.0,6.0
10.797,5.0,6.0
10.8019,-1.0,6.0
10.8069,-1.0,6.0
10.8119,1.0,6.0
10.8169,-2.0,6.0
10.8219,-2.0,6.0
10.827,2.0,6.0
10.8319,0.0,6.0
10.8373,0.0,6.0
10.8419,1.0,6.0
10.8469,-5.0,6.0
10.8519,-3.0,6.0
10.8568,10.0,6.0
10.8619,5.0,6.0
10.867,-13.0,6.0
10.8721,-7.0,6.0
10.8769,13.0,6.0
10.8819,7.0,6.0
10.8869,-12.0,6.0
10.892,-5.0,6.0
10.8969,12.0,6.0
10.9019,3.0,6.0
10.9069,-12.0,6.0
10.9119,-3.0,6.0
10.9169,10.0,6.0
10.922,3.0,6.0
10.9269,-7.0,6.0
10.9318,0.0,6.0
10.9369,6.0,6.0
10.9418,0.0,6.0
10.947,-7.0,6.0
10.952,-1.0,6.0
10.9569,5.0,6.0
10.9619,5.0,6.0
10.9669,-1.0,6.0
10.972,-7.0,6.0
10.977,-3.0,6.0
10.982,7.0,6.0
10.9869,6.0,6.0
10.992,-4.0,6.0
10.9969,-6.0,6.0
11.0019,0.0,6.0
11.007,2.0,6.0
11.0119,4.0,6.0
11.0169,3.0,6.0
11.0219,-6.0,6.0
11.0269,-7.0,6.0
11.0319,7.0,6.0
11.037,8.0,8.0
11.042,-8.0,8.0
11.0469,-7.0,8.0
11.052,6.0,8.0
11.0568,4.0,8.0
11.062,-3.0,8.0
11.0669,-2.0,8.0
11.0719,1.0,8.0
11.0769,1.0,8.0
11.0819,1.0,8.0
11.0879,-1.0,8.0
11.092,-6.0,8.0
11.0969,0.0,8.0
11.1019,10.0,8.0
11.1069,0.0,8.0
11.1121,-9.0,8.0
11.1169,0.0,8.0
11.1222,6.0,6.0
11.1269,-2.0,6.0
11.1319,-3.0,6.0
11.1368,7.0,6.0
11.1418,2.0,6.0
11.1469,-11.0,6.0
11.1524,-5.0,8.0
11.1571,10.0,8.0
11.1619,8.0,8.0
11.1669,-4.0,8.0
11.1718,-5.0,8.0
11.177,0.0,8.0
11.182,0.0,8.0
11.187,-1.0,8.0
11.1928,2.0,8.0
11.197,3.0,8.0
11.202,-3.0,8.0
11.2073,-2.0,8.0
11.212,4.0,8.0
11.2169,0.0,8.0
11.2219,-4.0,8.0
11.2271,2.0,8.0
11.2319,2.0,8.0
11.2369,-4.0,8.0
11.2421,-1.0,8.0
11.2469,3.0,8.0
11.2519,0.0,8.0
11.2568,0.0,6.0
11.2623,0.0,6.0
11.267,-2.0,6.0
11.2721,-1.0,6.0
11.2769,1.0,6.0
11.2818,-1.0,6.0
11.2869,1.0,6.0
11.2919,7.0,6.0
11.297,0.0,6.0
11.302,-10.0,6.0
11.3069,-2.0,6.0
11.3119,8.0,6.0
11.3169,3.0,6.0
11.3223,-3.0,6.0
11.327,-2.0,6.0
11.332,-1.0,6.0
11.337,0.0,6.0
11.3419,5.0,6.0
11.3469,5.0,8.0
11.352,-5.0,8.0
11.3569,-7.0,8.0
11.3619,1.0,8.0
11.3669,3.0,8.0
11.372,0.0,8.0
11.377,1.0,6.0
11.3821,-2.0,6.0
11.3871,-4.0,6.0
11.3931,3.0,6.0
11.3968,5.0,6.0
11.4018,-3.0,6.0
11.407,-7.0,6.0
11.412,1.0,6.0
11.4169,8.0,6.0
11.4218,2.0,6.0
11.4269,-5.0,6.0
11.432,-6.0,6.0
11.437,2.0,6.0
11.4421,4.0,6.0
11.447,-1.0,6.0
11.452,0.0,6.0
11.4568,4.0,6.0
11.4621,-3.0,6.0
11.467,-8.0,8.0
11.4719,5.0,8.0
11.4769,12.0,8.0
11.4818,0.0,8.0
11.487,-12.0,8.0
11.4919,-6.0,8.0
11.497,5.0,8.0
11.5019,9.0,8.0
11.5069,2.0,8.0
11.5124,-4.0,8.0
11.5169,-4.0,8.0
11.5221,-2.0,8.0
11.527,0.0,6.0
11.532,4.0,6.0
11.5369,6.0,6.0
11.5419,0.0,6.0
11.5471,-4.0,6.0
11.552,-3.0,6.0
11.557,0.0,6.0
11.562,1.0,6.0
11.5669,3.0,6.0
11.5718,3.0,6.0
11.5769,0.0,6.0
11.5819,-7.0,6.0
11.5869,-2.0,6.0
11.5918,7.0,6.0
11.5983,2.0,6.0
11.6021,-6.0,6.0
11.607,0.0,6.0
11.6119,5.0,6.0
11.6169,0.0,6.0
11.6219,-3.0,6.0
11.6269,0.0,6.0
11.6321,0.0,6.0
11.6373,0.0,6.0
11.642,0.0,6.0
11.6469,0.0,6.0
11.6519,0.0,6.0
11.6569,1.0,6.0
11.662,-1.0,6.0
11.6669,-4.0,6.0
11.6719,0.0,6.0
11.6768,5.0,6.0
11.6818,0.0,6.0
11.6869,-5.0,6.0
11.6918,-1.0,6.0
11.697,5.0,6.0
11.7027,3.0,6.0
11.7073,-2.0,6.0
11.7126,-3.0,6.0
11.7169,0.0,6.0
11.722,1.0,6.0
11.7269,2.0,6.0
11.7319,0.0,6.0
11.737,-3.0,6.0
11.7419,0.0,6.0
11.747,2.0,6.0
11.7521,0.0,6.0
11.7571,-1.0,6.0
11.7619,-1.0,4.0
11.7669,0.0,4.0
11.7719,0.0,4.0
11.7769,1.0,4.0
11.7819,2.0,4.0
11.7869,1.0,4.0
11.7919,-4.0,4.0
11.7969,-7.0,4.0
11.803,2.0,4.0
11.807,11.0,4.0
11.8119,3.0,4.0
11.8169,-9.0,4.0
11.822,-8.0,4.0
11.8269,0.0,4.0
11.832,7.0,4.0
11.837,6.0,4.0
11.8419,0.0,4.0
11.8469,-5.0,4.0
11.8519,-4.0,4.0
11.8569,0.0,4.0
11.862,3.0,4.0
11.8669,3.0,4.0
11.8721,0.0,4.0
11.8769,-3.0,4.0
11.8819,-1.0,4.0
11.8869,0.0,4.0
11.8919,-2.0,4.0
11.897,6.0,4.0
11.9019,8.0,6.0
11.9078,-8.0,6.0
11.912,-12.0,6.0
11.9169,5.0,6.0
11.9221,12.0,6.0
11.9269,0.0,6.0
11.9321,-9.0,6.0
11.9369,-4.0,6.0
11.9419,3.0,6.0
11.9476,7.0,6.0
11.9519,5.0,6.0
11.9569,-3.0,6.0
11.9619,-9.0,6.0
11.9669,-6.0,6.0
11.9718,3.0,6.0
11.977,12.0,6.0
11.9821,9.0,6.0
11.9871,-9.0,6.0
11.9919,-16.0,6.0
11.9969,0.0,6.0
12.0019,12.0,6.0
12.0076,8.0,6.0
12.012,-2.0,6.0
12.0171,-9.0,6.0
12.022,-4.0,6.0
12.0269,5.0,6.0
12.032,5.0,6.0
12.0371,-3.0,6.0
12.0421,-2.0,6.0
12.047,1.0,6.0
12.052,0.0,6.0
12.0569,0.0,6.0
12.0621,0.0,6.0
12.0669,2.0,6.0
12.0719,2.0,6.0
12.0769,-5.0,6.0
12.082,-8.0,6.0
12.087,3.0,6.0
12.092,11.0,6.0
12.0969,3.0,6.0
12.102,-4.0,6.0
12.1069,-7.0,6.0
12.1119,-6.0,6.0
12.117,1.0,6.0
12.1224,12.0,6.0
12.127,7.0,6.0
12.1319,-7.0,6.0
12.1369,-9.0,6.0
12.142,0.0,6.0
12.147,5.0,6.0
12.152,7.0,6.0
12.1569,0.0,6.0
12.162,-9.0,6.0
12.1669,-4.0,6.0
12.1719,9.0,6.0
12.1769,7.0,6.0
12.1821,-10.0,6.0
12.1871,-11.0,6.0
12.1921,10.0,8.0
12.1969,14.0,8.0
12.2019,-6.0,8.0
12.207,-15.0,8.0
12.2119,0.0,8.0
12.217,9.0,8.0
12.2219,4.0,8.0
12.2269,0.0,8.0
12.232,-1.0,8.0
12.2369,-7.0,8.0
12.2419,-5.0,8.0
12.247,6.0,8.0
12.252,9.0,8.0
12.2569,-2.0,8.0
12.2621,-6.0,8.0
12.267,0.0,8.0
12.2719,0.0,8.0
12.2769,-4.0,8.0
12.2818,4.0,8.0
12.2868,8.0,8.0
12.292,-5.0,8.0
12.2969,-7.0,8.0
12.3019,6.0,8.0
12.3069,4.0,8.0
12.3119,-8.0,8.0
12.3171,-5.0,8.0
12.3221,6.0,8.0
12.327,8.0,8.0
12.3319,1.0,8.0
12.3369,-6.0,8.0
12.3421,-9.0,8.0
12.3468,0.0,8.0
12.352,10.0,8.0
12.3569,8.0,8.0
12.3619,-4.0,8.0
12.3669,-10.0,10.0
12.3718,-3.0,10.0
12.3769,6.0,10.0
12.3819,8.0,10.0
12.3868,0.0,10.0
12.3919,-10.0,10.0
12.3971,-5.0,10.0
12.4019,9.0,10.0
12.4072,8.0,10.0
12.4119,-5.0,10.0
12.4169,-7.0,10.0
12.4219,0.0,10.0
12.427,2.0,10.0
12.4318,4.0,10.0
12.4369,5.0,10.0
12.4419,-3.0,10.0
12.447,-10.0,10.0
12.4519,-1.0,10.0
12.4569,10.0,10.0
12.4619,6.0,10.0
12.4669,-9.0,10.0
12.4723,-10.0,10.0
12.4769,8.0,10.0
12.4819,14.0,10.0
12.4869,-6.0,10.0
12.4919,-12.0,10.0
12.497,7.0,10.0
12.5019,5.0,10.0
12.5069,-12.0,10.0
12.5119,0.0,10.0
12.5169,18.0,10.0
12.522,0.0,10.0
12.5269,-17.0,12.0
12.5319,-1.0,12.0
12.5369,9.0,12.0
12.5419,-2.0,12.0
12.547,-3.0,10.0
12.552,9.0,10.0
12.557,5.0,10.0
12.5619,-9.0,10.0
12.5669,-7.0,10.0
12.5719,4.0,10.0
12.5769,2.0,10.0
12.582,0.0,10.0
12.587,6.0,10.0
12.592,0.0,10.0
12.5971,-11.0,10.0
12.6019,-4.0,10.0
12.6069,9.0,10.0
12.612,8.0,10.0
12.6169,-4.0,10.0
12.622,-11.0,10.0
12.627,0.0,10.0
12.6319,13.0,10.0
12.637,4.0,10.0
12.642,-14.0,10.0
12.6469,-8.0,10.0
12.6519,10.0,10.0
12.6569,9.0,10.0
12.6622,-4.0,10.0
12.6669,-5.0,10.0
12.6719,2.0,10.0
12.6769,0.0,10.0
12.6819,-4.0,10.0
12.6869,2.0,10.0
12.692,8.0,10.0
12.697,0.0,10.0
12.702,-11.0,12.0
12.7069,-6.0,12.0
12.7118,9.0,12.0
12.7169,11.0,12.0
12.722,0.0,12.0
12.7269,-9.0,12.0
12.732,-6.0,12.0
12.7369,0.0,12.0
12.7419,6.0,12.0
12.7469,4.0,12.0
12.7523,-4.0,12.0
12.7569,-4.0,12.0
12.7619,6.0,12.0
12.7669,4.0,12.0
12.7719,-10.0,12.0
12.777,-7.0,12.0
12.7819,10.0,12.0
12.7869,6.0,12.0
12.7918,-9.0,12.0
12.797,-2.0,12.0
12.8019,10.0,12.0
12.8069,2.0,12.0
12.812,-8.0,12.0
12.817,-3.0,12.0
12.8218,1.0,12.0
12.8268,3.0,10.0
12.8318,6.0,10.0
12.8371,0.0,10.0
12.842,-10.0,10.0
12.847,-3.0,10.0
12.8519,7.0,10.0
12.8569,2.0,10.0
12.8619,0.0,10.0
12.8669,2.0,10.0
12.872,-2.0,10.0
12.8769,-5.0,10.0
12.8819,0.0,10.0
12.8868,3.0,10.0
12.8919,3.0,10.0
12.897,1.0,10.0
12.9019,-6.0,10.0
12.9069,-5.0,10.0
12.9118,4.0,10.0
12.9169,5.0,10.0
12.922,2.0,10.0
12.9269,-1.0,10.0
12.9319,-9.0,10.0
12.9368,-5.0,10.0
12.9419,12.0,10.0
12.947,10.0,10.0
12.952,-9.0,10.0
12.9573,-11.0,10.0
12.9619,3.0,10.0
12.9669,6.0,10.0
12.9718,0.0,10.0
12.9769,0.0,10.0
12.9819,0.0,10.0
12.987,-3.0,10.0
12.9919,0.0,10.0
12.9969,3.0,10.0
13.0019,-2.0,10.0
13.007,-5.0,10.0
13.0119,1.0,10.0
13.017,6.0,10.0
13.0218,0.0,10.0
13.0271,-5.0,10.0
13.0319,-1.0,10.0
13.037,4.0,10.0
13.0419,0.0,10.0
13.0469,-6.0,10.0
13.0519,0.0,10.0
13.0569,8.0,10.0
13.0619,3.0,10.0
13.067,-4.0,10.0
13.072,-5.0,10.0
13.0769,-2.0,10.0
13.0819,0.0,10.0
13.0869,5.0,10.0
13.0919,8.0,10.0
13.0969,-2.0,10.0
13.102,-12.0,10.0
13.1069,-3.0,10.0
13.1121,10.0,10.0
13.1174,7.0,10.0
13.1221,-6.0,10.0
13.1269,-7.0,10.0
13.1318,3.0,10.0
13.1368,4.0,10.0
13.1419,-1.0,10.0
13.1469,0.0,8.0
13.152,0.0,8.0
13.157,-2.0,8.0
13.1619,-2.0,8.0
13.167,2.0,8.0
13.1719,3.0,8.0
13.177,0.0,8.0
13.1819,-2.0,8.0
13.1869,0.0,8.0
13.1919,0.0,8.0
13.1969,-5.0,8.0
13.2018,1.0,8.0
13.2068,11.0,8.0
13.2118,0.0,8.0
13.2169,-12.0,8.0
13.2218,-3.0,8.0
13.227,6.0,8.0
13.2318,4.0,8.0
13.237,1.0,8.0
13.2419,-2.0,8.0
13.247,-5.0,8.0
13.2519,0.0,8.0
13.2568,2.0,8.0
13.2619,-1.0,8.0
13.2669,4.0,8.0
13.2719,6.0,8.0
13.2769,-5.0,8.0
13.282,-10.0,8.0
13.287,0.0,8.0
13.2918,7.0,8.0
13.297,1.0,8.0
13.3021,1.0,8.0
13.307,1.0,8.0
13.3119,-6.0,8.0
13.3168,-6.0,8.0
13.322,3.0,8.0
13.3268,6.0,8.0
13.3318,1.0,8.0
13.3369,-1.0,8.0
13.342,0.0,8.0
13.3469,-1.0,8.0
13.3521,-4.0,6.0
13.357,-3.0,6.0
13.3619,5.0,6.0
13.3669,9.0,6.0
13.372,-1.0,6.0
13.377,-10.0,8.0
13.382,-3.0,6.0
13.387,4.0,6.0
13.392,2.0,6.0
13.3968,3.0,6.0
13.4018,2.0,6.0
13.4068,-8.0,6.0
13.4119,-10.0,6.0
13.4168,7.0,6.0
13.4219,17.0,8.0
13.4269,0.0,6.0
13.4318,-17.0,8.0
13.4369,-8.0,8.0
13.4418,8.0,8.0
13.4469,9.0,8.0
13.452,0.0,8.0
13.4568,-3.0,8.0
13.4621,1.0,8.0
13.4669,-1.0,8.0
13.472,-8.0,8.0
13.4768,0.0,8.0
13.482,9.0,8.0
13.4868,4.0,8.0
13.4919,-1.0,8.0
13.4969,-2.0,8.0
13.5019,-5.0,8.0
13.507,-4.0,8.0
13.5118,7.0,8.0
13.5168,10.0,8.0
13.5222,-3.0,8.0
13.5268,-9.0,8.0
13.5319,0.0,8.0
13.5369,4.0,8.0
13.5418,-1.0,8.0
13.5468,0.0,8.0
13.5519,4.0,8.0
13.5568,0.0,8.0
13.5619,-5.0,8.0
13.5668,-1.0,8.0
13.5718,3.0,8.0
13.5769,0.0,8.0
13.5819,-1.0,6.0
13.5869,4.0,6.0
13.5918,4.0,6.0
13.597,-7.0,6.0
13.6019,-10.0,6.0
13.607,4.0,6.0
13.6121,12.0,6.0
13.617,0.0,6.0
13.6219,-9.0,8.0
13.6269,-1.0,8.0
13.6318,6.0,8.0
13.6369,0.0,8.0
13.642,-4.0,8.0
13.6469,0.0,8.0
13.6518,4.0,8.0
13.6569,-2.0,8.0
13.6621,-5.0,8.0
13.6669,1.0,8.0
13.6719,3.0,8.0
13.6769,0.0,6.0
13.6819,1.0,8.0
13.6869,1.0,6.0
13.6922,-6.0,8.0
13.6969,-5.0,6.0
13.7019,5.0,8.0
13.7069,5.0,8.0
13.7119,1.0,6.0
13.7169,0.0,6.0
13.7221,-4.0,6.0
13.7269,-8.0,8.0
13.732,2.0,6.0
13.7369,9.0,8.0
13.742,0.0,6.0
13.747,-3.0,6.0
13.7519,2.0,6.0
13.757,-2.0,6.0
13.7619,-8.0,6.0
13.7669,0.0,6.0
13.7719,11.0,6.0
13.7769,4.0,6.0
13.782,-8.0,6.0
13.7869,-4.0,6.0
13.7919,1.0,6.0
13.7968,-1.0,6.0
13.8019,1.0,6.0
13.807,8.0,6.0
13.8121,-2.0,6.0
13.8171,-8.0,8.0
13.8218,2.0,8.0
13.8269,5.0,8.0
13.8318,-2.0,8.0
13.8383,-1.0,8.0
13.8419,1.0,8.0
13.847,-3.0,6.0
13.8524,-3.0,8.0
13.8571,5.0,6.0
13.8623,6.0,6.0
13.8677,-2.0,6.0
13.8738,-6.0,6.0
13.877,-3.0,6.0
13.882,3.0,6.0
13.887,3.0,6.0
13.8919,-1.0,6.0
13.8971,1.0,6.0
13.9027,6.0,8.0
13.9074,-2.0,8.0
13.9121,-13.0,8.0
13.917,-3.0,8.0
13.9226,12.0,8.0
13.9275,9.0,8.0
13.9328,-3.0,8.0
13.9376,-8.0,8.0
13.9421,-4.0,8.0
13.947,3.0,8.0
13.9537,7.0,8.0
13.9574,1.0,8.0
13.9619,-5.0,8.0
13.9676,-3.0,8.0
13.9722,1.0,8.0
13.9772,1.0,8.0
13.9824,1.0,8.0
13.9874,1.0,8.0
13.9921,-2.0,8.0
13.9969,-3.0,8.0
14.0021,1.0,8.0
14.0074,1.0,8.0
14.0118,1.0,8.0
14.0171,1.0,6.0
14.0223,-4.0,6.0
14.0271,-5.0,6.0
14.0321,2.0,6.0
14.0377,6.0,8.0
14.0424,2.0,8.0
14.047,0.0,6.0
14.0527,-4.0,6.0
14.057,-9.0,6.0
14.0618,0.0,6.0
14.0675,13.0,6.0
14.0725,4.0,6.0
14.0768,-6.0,6.0
14.082,-2.0,6.0
14.0872,-2.0,6.0
14.0923,-7.0,6.0
14.0969,4.0,6.0
14.1019,14.0,6.0
14.1069,0.0,6.0
14.112,-9.0,6.0
14.1171,-1.0,6.0
14.1226,-1.0,6.0
14.1275,-3.0,6.0
14.1321,5.0,6.0
14.1369,9.0,6.0
14.142,0.0,6.0
14.1471,-9.0,6.0
14.1524,-4.0,6.0
14.1583,4.0,6.0
14.1625,5.0,6.0
14.1668,1.0,6.0
14.1726,-2.0,6.0
14.1768,-6.0,6.0
14.182,-3.0,6.0
14.1883,8.0,6.0
14.1924,8.0,6.0
14.197,-5.0,6.0
14.2018,-7.0,6.0
14.2073,3.0,6.0
14.2119,2.0,6.0
14.2172,-3.0,6.0
14.222,0.0,6.0
14.227,5.0,6.0
14.2321,0.0,6.0
14.2375,-5.0,6.0
14.2418,0.0,6.0
14.2468,4.0,6.0
14.2522,0.0,6.0
14.2571,-5.0,6.0
14.2628,0.0,6.0
14.2684,7.0,6.0
14.2721,1.0,6.0
14.277,-6.0,6.0
14.2821,-6.0,6.0
14.2869,3.0,6.0
14.2919,10.0,6.0
14.2976,0.0,6.0
14.302,-11.0,6.0
14.3068,-1.0,6.0
14.312,9.0,6.0
14.3168,0.0,6.0
14.3225,-3.0,6.0
14.3275,3.0,6.0
14.3319,-3.0,6.0
14.3372,-6.0,6.0
14.342,9.0,6.0
14.3471,9.0,8.0
14.3525,-11.0,8.0
14.3575,-10.0,8.0
14.3623,6.0,8.0
14.3674,9.0,8.0
14.3721,0.0,8.0
14.3774,-5.0,8.0
14.3819,-7.0,8.0
14.3875,-1.0,8.0
14.3924,9.0,8.0
14.3971,7.0,8.0
14.4021,-7.0,8.0
14.4069,-10.0,8.0
14.4124,3.0,8.0
14.4175,9.0,8.0
14.422,-1.0,8.0
14.427,-5.0,8.0
14.4321,1.0,8.0
14.4376,2.0,8.0
14.4419,-2.0,8.0
14.4469,0.0,8.0
14.4523,3.0,8.0
14.4572,-5.0,8.0
14.462,-4.0,8.0
14.4676,8.0,8.0
14.4724,6.0,8.0
14.4769,-9.0,8.0
14.4821,-8.0,8.0
14.4874,5.0,8.0
14.4922,6.0,8.0
14.4981,0.0,8.0
14.5019,-2.0,8.0
14.5075,-4.0,8.0
14.512,-3.0,8.0
14.5169,7.0,8.0
14.5226,9.0,8.0
14.5269,-7.0,8.0
14.5326,-12.0,8.0
14.5377,4.0,8.0
14.542,12.0,8.0
14.5469,0.0,8.0
14.5525,-7.0,8.0
14.5575,-2.0,8.0
14.5618,0.0,8.0
14.5678,2.0,8.0
14.5728,6.0,8.0
14.5771,1.0,8.0
14.5819,-5.0,8.0
14.5876,-2.0,8.0
14.5924,1.0,8.0
14.597,0.0,8.0
14.6022,1.0,8.0
14.6074,4.0,8.0
14.6119,0.0,8.0
14.6169,-4.0,8.0
14.6218,0.0,8.0
14.627,1.0,8.0
14.6321,-3.0,8.0
14.6377,0.0,8.0
14.6418,5.0,8.0
14.6468,2.0,8.0
14.6525,-3.0,8.0
14.657,-3.0,8.0
14.6625,-2.0,8.0
14.6674,0.0,8.0
14.6726,4.0,8.0
14.6773,5.0,8.0
14.6818,0.0,8.0
14.6874,-7.0,8.0
14.6922,-5.0,8.0
14.6974,3.0,8.0
14.7018,5.0,8.0
14.7079,1.0,8.0
14.7121,0.0,8.0
14.7172,-2.0,8.0
14.7219,-5.0,8.0
14.7275,2.0,8.0
14.7318,6.0,8.0
14.7379,-3.0,8.0
14.742,-4.0,8.0
14.747,4.0,8.0
14.7525,2.0,8.0
14.7575,-3.0,8.0
14.7621,0.0,8.0
14.767,1.0,8.0
14.7724,-2.0,8.0
14.7779,0.0,8.0
14.7818,1.0,8.0
14.7876,-2.0,6.0
14.7925,-2.0,6.0
14.7971,4.0,6.0
14.802,7.0,6.0
14.807,-3.0,6.0
14.8121,-14.0,8.0
14.8175,0.0,8.0
14.8221,17.0,8.0
14.8269,3.0,8.0
14.8322,-12.0,8.0
14.8374,-4.0,8.0
14.8418,3.0,8.0
14.8474,2.0,8.0
14.8524,4.0,8.0
14.8568,1.0,8.0
14.8619,-7.0,8.0
14.8669,-3.0,8.0
14.8719,5.0,8.0
14.8773,4.0,8.0
14.8819,-4.0,8.0
14.8868,-3.0,8.0
14.8918,7.0,8.0
14.8969,2.0,8.0
14.9019,-12.0,8.0
14.9069,-1.0,8.0
14.9118,13.0,8.0
14.9169,1.0,8.0
14.922,-12.0,8.0
14.9269,-1.0,8.0
14.9319,9.0,8.0
14.9368,0.0,8.0
14.9419,-7.0,8.0
14.9469,-1.0,8.0
14.9518,3.0,8.0
14.9568,1.0,8.0
14.9618,0.0,8.0
14.9669,0.0,8.0
14.9718,-3.0,8.0
14.9771,0.0,8.0
14.9818,3.0,8.0
14.9868,-2.0,8.0
14.9919,-2.0,6.0
14.9968,5.0,6.0
15.002,0.0,6.0
15.0069,-9.0,6.0
15.0118,2.0,6.0
15.0168,12.0,6.0
15.0218,-5.0,6.0
15.0269,-17.0,8.0
15.0318,6.0,8.0
15.0371,18.0,8.0
15.0427,-4.0,8.0
15.0469,-14.0,8.0
15.0519,3.0,8.0
15.0569,8.0,8.0
15.062,-2.0,8.0
15.0669,-5.0,8.0
15.0718,1.0,8.0
15.0768,3.0,8.0
15.0818,3.0,8.0
15.087,-1.0,8.0
15.0921,-8.0,8.0
15.0969,-4.0,8.0
15.1019,9.0,8.0
15.107,11.0,8.0
15.112,-4.0,8.0
15.1169,-13.0,8.0
15.122,-3.0,8.0
15.1269,9.0,8.0
15.132,6.0,8.0
15.1369,-2.0,8.0
15.1418,-4.0,8.0
15.1468,0.0,8.0
15.1519,2.0,8.0
15.1571,-1.0,8.0
15.162,-5.0,8.0
15.1668,3.0,8.0
15.1718,8.0,8.0
15.177,-2.0,8.0
15.1819,-8.0,8.0
15.1869,-1.0,8.0
15.1919,3.0,8.0
15.1969,3.0,8.0
15.2018,0.0,8.0
15.2069,-1.0,8.0
15.2118,0.0,8.0
15.217,0.0,8.0
15.2218,-6.0,8.0
15.2271,-1.0,8.0
15.2318,14.0,8.0
15.2369,7.0,8.0
15.2419,-17.0,8.0
15.2469,-11.0,8.0
15.252,13.0,8.0
15.2568,8.0,8.0
15.2619,-11.0,8.0
15.2669,0.0,8.0
15.2719,12.0,8.0
15.2768,-5.0,8.0
15.2819,-15.0,8.0
15.2868,3.0,8.0
15.2922,12.0,8.0
15.2968,1.0,8.0
15.3019,-2.0,8.0
15.307,-2.0,8.0
15.312,-5.0,8.0
15.3168,1.0,8.0
15.322,9.0,8.0
15.3269,0.0,8.0
15.3319,-8.0,8.0
15.337,1.0,8.0
15.3419,6.0,8.0
15.3469,-1.0,8.0
15.352,-1.0,8.0
15.3568,-1.0,8.0
15.3618,-5.0,8.0
15.3669,4.0,8.0
15.3718,12.0,8.0
15.3768,-1.0,8.0
15.3819,-12.0,8.0
15.3869,-2.0,8.0
15.3918,4.0,8.0
15.3968,2.0,8.0
15.4018,5.0,8.0
15.4069,2.0,8.0
15.4119,-11.0,10.0
15.4168,-7.0,10.0
15.4219,10.0,10.0
15.4268,7.0,10.0
15.432,-6.0,10.0
15.437,-6.0,10.0
15.442,2.0,10.0
15.4469,8.0,10.0
15.4519,4.0,10.0
15.4569,-9.0,10.0
15.462,-11.0,10.0
15.467,2.0,10.0
15.472,11.0,10.0
15.4768,6.0,10.0
15.4819,-3.0,10.0
15.4869,-8.0,10.0
15.4918,-5.0,10.0
15.497,1.0,10.0
15.5019,4.0,10.0
15.5068,4.0,10.0
15.5119,1.0,10.0
15.5169,-2.0,10.0
15.5219,-3.0,10.0
15.527,-3.0,10.0
15.5321,-1.0,10.0
15.5369,6.0,10.0
15.5418,6.0,10.0
15.5469,-4.0,10.0
15.5518,-9.0,10.0
15.5569,0.0,10.0
15.5618,6.0,10.0
15.5668,6.0,10.0
15.5718,0.0,10.0
15.5768,-7.0,10.0
15.582,-3.0,10.0
15.587,3.0,10.0
15.592,0.0,10.0
15.5969,0.0,10.0
15.6023,8.0,10.0
15.6068,0.0,10.0
15.6119,-12.0,10.0
15.617,-2.0,10.0
15.6218,10.0,10.0
15.6272,4.0,10.0
15.6319,0.0,10.0
15.637,-1.0,10.0
15.6419,-10.0,10.0
15.6469,-6.0,10.0
15.6519,12.0,10.0
15.657,9.0,10.0
15.6619,-6.0,10.0
15.6668,-3.0,10.0
15.6718,2.0,10.0
15.6769,-5.0,10.0
15.6821,-3.0,10.0
15.6868,7.0,10.0
15.6919,5.0,10.0
15.6969,-4.0,10.0
15.7019,-2.0,10.0
15.7068,1.0,8.0
15.7119,-2.0,8.0
15.7171,-1.0,8.0
15.7219,6.0,8.0
15.7268,4.0,10.0
15.7319,-5.0,8.0
15.7368,-5.0,10.0
15.7419,4.0,8.0
15.7471,3.0,8.0
15.7525,-4.0,8.0
15.7569,-4.0,8.0
15.7619,5.0,8.0
15.7672,7.0,8.0
15.7719,-4.0,8.0
15.777,-9.0,8.0
15.7832,2.0,8.0
15.7871,6.0,8.0
15.7919,-2.0,8.0
15.7969,-2.0,8.0
15.8021,3.0,8.0
15.8071,0.0,8.0
15.8119,-4.0,8.0
15.8168,0.0,8.0
15.8218,3.0,8.0
15.8269,-1.0,8.0
15.8318,-2.0,8.0
15.837,1.0,8.0
15.8419,1.0,8.0
15.8469,-2.0,8.0
15.8519,-2.0,8.0
15.8569,3.0,8.0
15.8618,4.0,8.0
15.8672,-3.0,8.0
15.8739,-5.0,8.0
15.8768,4.0,8.0
15.8819,7.0,8.0
15.8868,-5.0,8.0
15.8918,-9.0,8.0
15.8969,7.0,8.0
15.9019,11.0,8.0
15.9069,-6.0,8.0
15.9118,-11.0,8.0
15.917,3.0,8.0
15.9218,8.0,8.0
15.927,-1.0,8.0
15.9319,-5.0,8.0
15.9368,3.0,8.0
15.9418,5.0,8.0
15.9469,-3.0,8.0
15.9518,-8.0,8.0
15.9569,0.0,8.0
15.9619,8.0,8.0
15.9669,1.0,8.0
15.9718,-4.0,8.0
15.9769,-1.0,8.0
15.982,-1.0,8.0
15.9869,-2.0,8.0
15.9919,7.0,8.0
15.9968,7.0,8.0
16.0019,-10.0,8.0
16.0068,-10.0,8.0
16.012,9.0,8.0
16.0169,7.0,8.0
16.0218,-4.0,8.0
16.0269,-1.0,8.0
16.0318,1.0,8.0
16.037,-4.0,8.0
16.0418,0.0,8.0
16.0469,5.0,8.0
16.0519,0.0,8.0
16.0569,-4.0,8.0
16.0619,0.0,8.0
16.0668,4.0,8.0
16.0719,0.0,8.0
16.0768,-5.0,8.0
16.0819,-3.0,8.0
16.0868,6.0,8.0
16.0918,7.0,8.0
16.0968,-4.0,8.0
16.1019,-9.0,8.0
16.1078,2.0,8.0
16.1118,7.0,8.0
16.117,-1.0,8.0
16.1219,-2.0,8.0
16.1269,5.0,8.0
16.1318,-3.0,8.0
16.1368,-11.0,8.0
16.1418,3.0,8.0
16.147,13.0,8.0
16.1519,1.0,8.0
16.1568,-7.0,8.0
16.1619,-2.0,8.0
16.1671,-1.0,8.0
16.1719,-3.0,8.0
16.1769,4.0,8.0
16.1819,10.0,8.0
16.1868,0.0,8.0
16.1918,-11.0,8.0
16.1969,-3.0,8.0
16.202,8.0,8.0
16.2068,2.0,8.0
16.2119,-5.0,8.0
16.2169,0.0,8.0
16.2218,5.0,8.0
16.227,-2.0,8.0
16.2318,-4.0,8.0
16.2369,5.0,8.0
16.2419,1.0,8.0
16.247,-8.0,8.0
16.2519,1.0,8.0
16.2568,9.0,8.0
16.2618,-2.0,8.0
16.2669,-9.0,8.0
16.2718,2.0,8.0
16.277,6.0,8.0
16.2818,-1.0,8.0
16.2868,-2.0,8.0
16.2918,0.0,8.0
16.2969,1.0,8.0
16.3019,1.0,8.0
16.3069,-1.0,8.0
16.3128,-2.0,8.0
16.3168,3.0,8.0
16.3219,1.0,8.0
16.3269,-6.0,8.0
16.3321,0.0,8.0
16.337,8.0,8.0
16.3418,0.0,8.0
16.3469,-7.0,8.0
16.3519,0.0,8.0
16.357,3.0,8.0
16.3618,0.0,8.0
16.3669,2.0,8.0
16.3719,0.0,6.0
16.3771,-5.0,6.0
16.3819,2.0,6.0
16.3869,7.0,6.0
16.392,-4.0,6.0
16.3969,-7.0,8.0
16.4018,3.0,6.0
16.407,5.0,6.0
16.4118,0.0,6.0
16.417,-1.0,6.0
16.4218,-1.0,6.0
16.4268,-2.0,6.0
16.4318,1.0,6.0
16.4369,1.0,6.0
16.4419,-3.0,6.0
16.447,2.0,6.0
16.4519,8.0,6.0
16.4568,-4.0,6.0
16.462,-14.0,6.0
16.4669,0.0,6.0
16.472,13.0,8.0
16.4769,4.0,8.0
16.4818,-6.0,8.0
16.4868,-2.0,8.0
16.4918,-2.0,8.0
16.4969,-3.0,8.0
16.5019,5.0,8.0
16.5069,7.0,8.0
16.5129,-2.0,8.0
16.5181,-3.0,8.0
16.5221,-1.0,8.0
16.5269,-4.0,8.0
16.5318,1.0,8.0
16.5368,6.0,8.0
16.5418,-1.0,6.0
16.5468,-1.0,6.0
16.5519,6.0,6.0
16.5568,-2.0,6.0
16.5619,-12.0,6.0
16.5668,0.0,6.0
16.5718,10.0,6.0
16.5769,6.0,6.0
16.582,-1.0,6.0
16.587,-6.0,6.0
16.5918,-6.0,6.0
16.5971,0.0,6.0
16.6018,6.0,6.0
16.6069,3.0,6.0
16.612,-2.0,6.0
16.617,-3.0,6.0
16.6218,1.0,6.0
16.6269,2.0,6.0
16.6318,-4.0,6.0
16.6368,-6.0,6.0
16.642,5.0,6.0
16.6468,9.0,6.0
16.6518,-4.0,6.0
16.6568,-8.0,6.0
16.6618,5.0,6.0
16.6669,4.0,6.0
16.6721,-9.0,6.0
16.6769,-4.0,6.0
16.6819,10.0,6.0
16.6868,5.0,6.0
16.6919,-6.0,8.0
16.6969,-4.0,8.0
16.7019,2.0,8.0
16.7068,-1.0,8.0
16.7119,-1.0,8.0
16.7183,8.0,8.0
16.7218,4.0,8.0
16.7268,-10.0,8.0
16.7319,-9.0,8.0
16.7368,6.0,8.0
16.7418,11.0,8.0
16.7468,0.0,8.0
16.7518,-6.0,8.0
16.7568,-1.0,8.0
16.7618,0.0,8.0
16.7668,-3.0,8.0
16.7718,0.0,8.0
16.777,8.0,8.0
16.7819,4.0,8.0
16.787,-7.0,6.0
16.7918,-5.0,8.0
16.797,4.0,6.0
16.8019,-2.0,6.0
16.807,-5.0,8.0
16.8119,10.0,8.0
16.8168,10.0,8.0
16.8224,-10.0,8.0
16.8271,-10.0,8.0
16.832,4.0,8.0
16.8368,4.0,8.0
16.8418,0.0,8.0
16.8468,3.0,8.0
16.8518,2.0,8.0
16.8568,-5.0,8.0
16.8618,-6.0,8.0
16.867,1.0,8.0
16.872,8.0,8.0
16.8769,4.0,8.0
16.8819,-4.0,8.0
16.887,-7.0,8.0
16.8919,-2.0,8.0
16.8968,3.0,8.0
16.9019,6.0,8.0
16.9069,3.0,8.0
16.912,-2.0,8.0
16.9169,-6.0,8.0
16.9229,-5.0,8.0
16.9268,3.0,8.0
16.9319,7.0,8.0
16.9369,2.0,8.0
16.9418,-1.0,8.0
16.947,-4.0,8.0
16.9519,-6.0,8.0
16.9568,3.0,8.0
16.9618,7.0,8.0
16.9668,-3.0,8.0
16.9718,-4.0,8.0
16.9772,5.0,8.0
16.9819,1.0,8.0
16.9869,-6.0,8.0
16.9918,0.0,8.0
16.9968,3.0,8.0
17.0018,0.0,8.0
17.0068,1.0,8.0
17.0118,0.0,8.0
17.0168,-4.0,8.0
17.0218,0.0,8.0
17.0268,2.0,8.0
17.0318,0.0,8.0
17.0369,1.0,8.0
17.0418,0.0,8.0
17.0468,-6.0,8.0
17.0519,0.0,8.0
17.0568,10.0,8.0
17.062,-1.0,8.0
17.0669,-15.0,8.0
17.0718,0.0,8.0
17.0768,17.0,8.0
17.0819,3.0,8.0
17.0869,-11.0,8.0
17.0925,-4.0,8.0
17.097,1.0,8.0
17.102,0.0,8.0
17.1088,6.0,8.0
17.1125,6.0,8.0
17.1176,-7.0,8.0
17.122,-10.0,8.0
17.1269,5.0,8.0
17.1319,8.0,8.0
17.1378,-6.0,8.0
17.1422,-7.0,8.0
17.147,8.0,8.0
17.1521,8.0,8.0
17.1571,-6.0,8.0
17.162,-11.0,8.0
17.1669,0.0,8.0
17.172,9.0,8.0
17.177,6.0,8.0
17.182,-3.0,8.0
17.1871,-6.0,8.0
17.1922,0.0,8.0
17.1971,1.0,8.0
17.2019,0.0,8.0
17.207,2.0,8.0
17.2119,3.0,8.0
17.2168,-3.0,8.0
17.2218,-6.0,8.0
17.227,0.0,8.0
17.2318,8.0,8.0
17.2368,5.0,8.0
17.2429,-9.0,8.0
17.2468,-8.0,8.0
17.2518,8.0,8.0
17.2568,6.0,8.0
17.2618,-7.0,8.0
17.2669,0.0,8.0
17.2719,9.0,8.0
17.2769,-2.0,8.0
17.2819,-10.0,8.0
17.2868,0.0,8.0
17.2918,4.0,8.0
17.2969,2.0,8.0
17.3018,5.0,8.0
17.307,2.0,8.0
17.3119,-7.0,8.0
17.3169,-7.0,8.0
17.3221,1.0,8.0
17.3269,5.0,8.0
17.3328,6.0,8.0
17.3368,2.0,8.0
17.3419,-8.0,8.0
17.3469,-9.0,8.0
17.352,5.0,8.0
17.3568,9.0,8.0
17.3618,-1.0,8.0
17.3669,-7.0,8.0
17.3718,-2.0,8.0
17.377,5.0,8.0
17.3821,7.0,8.0
17.3869,-2.0,8.0
17.3918,-13.0,8.0
17.3968,-3.0,8.0
17.402,15.0,8.0
17.4069,8.0,8.0
17.4119,-10.0,8.0
17.4171,-8.0,8.0
17.4218,4.0,8.0
17.4268,0.0,8.0
17.4318,0.0,8.0
17.4369,7.0,8.0
17.442,1.0,8.0
17.4468,-9.0,8.0
17.4518,-3.0,8.0
17.4568,7.0,8.0
17.4618,3.0,8.0
17.4669,-5.0,8.0
17.4719,-1.0,8.0
17.4768,2.0,8.0
17.4819,-1.0,8.0
17.4868,-1.0,8.0
17.4922,5.0,8.0
17.4969,0.0,8.0
17.5019,-6.0,8.0
17.5069,1.0,8.0
17.5118,6.0,8.0
17.5171,-1.0,8.0
17.5219,-5.0,8.0
17.5269,-1.0,8.0
17.532,2.0,8.0
17.5369,4.0,8.0
17.5427,3.0,8.0
17.547,-4.0,8.0
17.5521,-7.0,8.0
17.5569,2.0,8.0
17.5619,6.0,8.0
17.5669,0.0,8.0
17.5719,-3.0,8.0
17.577,-1.0,8.0
17.5819,-3.0,8.0
17.5868,0.0,8.0
17.5919,10.0,8.0
17.597,4.0,8.0
17.6019,-12.0,8.0
17.6069,-10.0,8.0
17.6119,5.0,8.0
17.6169,7.0,8.0
17.6218,0.0,8.0
17.6269,4.0,8.0
17.6319,0.0,8.0
17.6371,-12.0,8.0
17.6418,-5.0,8.0
17.6469,11.0,8.0
17.6523,6.0,8.0
17.6568,-6.0,8.0
17.6619,0.0,8.0
17.6669,4.0,8.0
17.6718,-6.0,8.0
17.6768,-6.0,8.0
17.6818,7.0,8.0
17.6868,7.0,10.0
17.6918,-4.0,10.0
17.6969,-2.0,8.0
17.7019,2.0,8.0
17.7068,-3.0,8.0
17.7119,-5.0,8.0
17.7169,1.0,8.0
17.7221,6.0,8.0
17.7269,7.0,8.0
17.7318,0.0,8.0
17.7369,-13.0,8.0
17.7418,-10.0,8.0
17.7468,11.0,8.0
17.752,15.0,10.0
17.7569,-3.0,10.0
17.7619,-13.0,10.0
17.7669,-3.0,10.0
17.7718,5.0,8.0
17.7768,6.0,8.0
17.7819,2.0,8.0
17.787,-2.0,8.0
17.7918,-7.0,8.0
17.7968,-4.0,8.0
17.8018,3.0,8.0
17.8068,7.0,8.0
17.8119,3.0,8.0
17.8169,-3.0,8.0
17.8219,-5.0,8.0
17.8268,-1.0,8.0
17.8319,0.0,8.0
17.8371,0.0,8.0
17.8419,3.0,8.0
17.8468,6.0,8.0
17.8523,-1.0,8.0
17.8569,-9.0,8.0
17.8619,-3.0,8.0
17.867,8.0,8.0
17.875,5.0,8.0
17.8768,-4.0,8.0
17.8818,-2.0,8.0
17.8868,0.0,8.0
17.8918,-7.0,8.0
17.897,3.0,8.0
17.9019,19.0,8.0
17.9069,1.0,8.0
17.9118,-24.0,8.0
17.917,-11.0,10.0
17.9221,14.0,10.0
17.927,15.0,10.0
17.932,0.0,10.0
17.9368,-8.0,10.0
17.9418,-8.0,10.0
17.9468,-1.0,10.0
17.9519,6.0,10.0
17.9569,5.0,10.0
17.9619,-1.0,10.0
17.9668,-5.0,10.0
17.9719,0.0,10.0
17.9768,2.0,10.0
17.9819,-1.0,10.0
17.987,-1.0,10.0
17.9919,4.0,8.0
17.9968,2.0,8.0
18.0018,-5.0,8.0
18.0068,-6.0,8.0
18.0119,0.0,8.0
18.0169,5.0,8.0
18.0221,5.0,8.0
18.0268,1.0,8.0
18.0318,-3.0,8.0
18.0372,-4.0,8.0
18.042,-3.0,8.0
18.0469,-2.0,8.0
18.0519,3.0,8.0
18.0573,9.0,8.0
18.0618,4.0,8.0
18.0668,-7.0,8.0
18.0719,-11.0,8.0
18.0768,0.0,8.0
18.0818,10.0,8.0
18.0868,5.0,8.0
18.0919,-3.0,8.0
18.0969,-1.0,8.0
18.1018,0.0,8.0
18.1068,-4.0,8.0
18.112,-5.0,8.0
18.1169,4.0,8.0
18.122,14.0,8.0
18.1268,1.0,8.0
18.1319,-20.0,8.0
18.137,-5.0,10.0
18.1419,22.0,10.0
18.147,5.0,10.0
18.1519,-19.0,10.0
18.1569,-6.0,10.0
18.162,9.0,10.0
18.167,3.0,10.0
18.172,1.0,10.0
18.1769,2.0,10.0
18.1819,-8.0,10.0
18.187,-10.0,10.0
18.192,7.0,10.0
18.197,13.0,10.0
18.202,-2.0,10.0
18.207,-12.0,10.0
18.212,-3.0,10.0
18.2169,9.0,10.0
18.222,5.0,10.0
18.227,-6.0,10.0
18.232,-5.0,10.0
18.2369,4.0,10.0
18.242,3.0,10.0
18.247,0.0,10.0
18.2519,2.0,10.0
18.257,-3.0,10.0
18.2629,-8.0,10.0
18.2669,3.0,10.0
18.272,11.0,10.0
18.2769,0.0,10.0
18.282,-8.0,10.0
18.2869,0.0,10.0
18.2919,3.0,10.0
18.297,-3.0,10.0
18.302,-3.0,10.0
18.3069,6.0,10.0
18.3119,7.0,10.0
18.3169,-2.0,10.0
18.322,-9.0,10.0
18.3269,-3.0,10.0
18.3319,6.0,10.0
18.3372,4.0,10.0
18.3419,-6.0,10.0
18.3471,0.0,10.0
18.352,10.0,10.0
18.3569,0.0,10.0
18.362,-11.0,10.0
18.367,-2.0,10.0
18.3719,8.0,10.0
18.377,0.0,10.0
18.382,-6.0,10.0
18.387,2.0,10.0
18.3919,7.0,10.0
18.397,-3.0,10.0
18.402,-9.0,10.0
18.407,0.0,10.0
18.412,8.0,10.0
18.4169,5.0,10.0
18.4221,-3.0,10.0
18.4269,-6.0,10.0
18.432,-1.0,10.0
18.437,3.0,10.0
18.4419,1.0,10.0
18.4469,0.0,10.0
18.452,1.0,10.0
18.4569,0.0,10.0
18.462,-1.0,10.0
18.4682,1.0,10.0
18.4719,-2.0,10.0
18.4771,-6.0,10.0
18.4819,5.0,10.0
18.487,13.0,10.0
18.492,-5.0,10.0
18.497,-14.0,10.0
18.5019,3.0,10.0
18.5069,12.0,10.0
18.512,-4.0,10.0
18.517,-10.0,10.0
18.5219,4.0,10.0
18.5271,10.0,10.0
18.5319,-2.0,10.0
18.537,-8.0,10.0
18.542,-1.0,10.0
18.547,4.0,10.0
18.5519,3.0,10.0
18.557,2.0,10.0
18.562,-4.0,10.0
18.5669,-9.0,8.0
18.572,2.0,8.0
18.577,12.0,10.0
18.5819,0.0,8.0
18.587,-10.0,10.0
18.5919,0.0,8.0
18.5969,3.0,8.0
18.602,-4.0,8.0
18.6069,0.0,8.0
18.6119,8.0,8.0
18.6169,0.0,8.0
18.622,-9.0,10.0
18.627,-6.0,10.0
18.632,8.0,10.0
18.637,14.0,10.0
18.6419,-3.0,10.0
18.647,-17.0,10.0
18.6519,-3.0,10.0
18.6569,11.0,10.0
18.662,7.0,10.0
18.6671,0.0,10.0
18.672,-7.0,10.0
18.6769,-13.0,10.0
18.6819,7.0,10.0
18.687,22.0,10.0
18.692,-7.0,10.0
18.697,-22.0,10.0
18.7019,6.0,10.0
18.7069,15.0,10.0
18.712,-5.0,10.0
18.7169,-6.0,10.0
18.722,2.0,10.0
18.7269,0.0,10.0
18.7319,1.0,10.0
18.737,8.0,10.0
18.742,-2.0,10.0
18.7471,-12.0,10.0
18.7519,0.0,10.0
18.757,6.0,10.0
18.762,2.0,10.0
18.7669,4.0,10.0
18.7719,3.0,10.0
18.7771,-11.0,10.0
18.782,-10.0,10.0
18.787,9.0,10.0
18.792,11.0,10.0
18.797,-5.0,10.0
18.802,-4.0,10.0
18.807,3.0,10.0
18.812,-3.0,10.0
18.817,-4.0,10.0
18.8222,6.0,10.0
18.827,3.0,10.0
18.8319,-4.0,10.0
18.8369,0.0,10.0
18.8418,2.0,10.0
18.8469,-5.0,10.0
18.8519,-4.0,10.0
18.8568,7.0,10.0
18.8619,6.0,10.0
18.8669,-4.0,10.0
18.8719,-6.0,10.0
18.8769,-1.0,10.0
18.8818,3.0,10.0
18.8869,3.0,10.0
18.8919,-1.0,10.0
18.897,-3.0,10.0
18.9019,1.0,10.0
18.9069,2.0,10.0
18.9119,-1.0,10.0
18.9168,0.0,10.0
18.9219,2.0,10.0
18.9269,-1.0,10.0
18.9319,-5.0,10.0
18.9369,0.0,10.0
18.942,10.0,10.0
18.9469,4.0,10.0
18.9519,-12.0,10.0
18.9569,-10.0,10.0
18.9619,10.0,10.0
18.9669,12.0,10.0
18.9729,-7.0,10.0
18.977,-9.0,10.0
18.9819,4.0,10.0
18.9869,4.0,10.0
18.9919,-1.0,10.0
18.9969,0.0,10.0
19.0018,0.0,10.0
19.0069,-2.0,10.0
19.012,1.0,10.0
19.0169,1.0,10.0
19.0219,-3.0,10.0
19.0269,0.0,10.0
19.0318,6.0,10.0
19.0371,-2.0,10.0
19.0419,-8.0,10.0
19.0468,2.0,10.0
19.0518,6.0,10.0
19.0569,-2.0,10.0
19.0619,-4.0,10.0
19.0669,3.0,10.0
19.0727,2.0,10.0
19.0769,-3.0,10.0
19.0818,0.0,10.0
19.0869,3.0,10.0
19.0919,-5.0,10.0
19.0969,-5.0,10.0
19.1019,5.0,10.0
19.1068,6.0,10.0
19.1118,0.0,10.0
19.1169,-5.0,10.0
19.1221,-5.0,10.0
19.127,2.0,10.0
19.1319,8.0,10.0
19.1368,0.0,10.0
19.1418,-9.0,10.0
19.1469,1.0,10.0
19.1523,7.0,10.0
19.1572,-2.0,8.0
19.1619,-6.0,8.0
19.1668,2.0,8.0
19.1719,4.0,8.0
19.1769,-1.0,8.0
19.1819,-1.0,8.0
19.1869,0.0,8.0
19.1918,-3.0,8.0
19.1968,0.0,8.0
19.2019,10.0,8.0
19.2069,3.0,8.0
19.2119,-15.0,8.0
19.2168,-8.0,8.0
19.2218,15.0,10.0
19.2269,11.0,10.0
19.2319,-9.0,10.0
19.237,-7.0,10.0
19.2418,5.0,10.0
19.2468,0.0,10.0
19.2519,-3.0,10.0
19.2568,5.0,10.0
19.2619,1.0,10.0
19.2669,-6.0,10.0
19.2719,1.0,10.0
19.2775,5.0,8.0
19.2818,-4.0,8.0
19.2869,-2.0,8.0
19.2918,5.0,8.0
19.2968,0.0,8.0
19.3019,-7.0,8.0
19.3068,-3.0,8.0
19.3118,8.0,8.0
19.3169,10.0,8.0
19.3219,-8.0,8.0
19.3268,-14.0,8.0
19.3318,7.0,8.0
19.3369,15.0,8.0
19.3418,-5.0,8.0
19.347,-12.0,8.0
19.3519,0.0,8.0
19.3568,6.0,8.0
19.3618,4.0,8.0
19.3668,3.0,8.0
19.3718,-2.0,8.0
19.3768,-11.0,8.0
19.3819,-7.0,8.0
19.387,10.0,8.0
19.3919,13.0,8.0
19.3968,0.0,8.0
19.4018,-7.0,8.0
19.4071,-4.0,8.0
19.4119,-5.0,8.0
19.4168,0.0,8.0
19.4218,10.0,8.0
19.4268,7.0,8.0
19.4318,-5.0,8.0
19.4368,-5.0,8.0
19.4419,0.0,8.0
19.4469,-3.0,8.0
19.4518,-1.0,8.0
19.4569,7.0,8.0
19.4618,8.0,8.0
19.4668,0.0,8.0
19.4719,-10.0,8.0
19.4768,-9.0,8.0
19.4822,5.0,8.0
19.4868,15.0,8.0
19.4918,0.0,8.0
19.4968,-12.0,8.0
19.5019,-2.0,8.0
19.5068,4.0,8.0
19.5118,-2.0,8.0
19.5169,1.0,8.0
19.522,10.0,8.0
19.5268,0.0,8.0
19.5318,-12.0,8.0
19.5368,-2.0,8.0
19.5418,8.0,8.0
19.5467,0.0,8.0
19.5518,-6.0,8.0
19.557,7.0,10.0
19.5619,11.0,10.0
19.5669,-9.0,10.0
19.572,-14.0,10.0
19.5768,3.0,10.0
19.5818,6.0,10.0
19.5868,1.0,10.0
19.5918,9.0,10.0
19.5968,2.0,10.0
19.6018,-18.0,10.0
19.6071,-11.0,10.0
19.6122,11.0,10.0
19.6168,10.0,10.0
19.6219,1.0,10.0
19.6268,1.0,10.0
19.6319,-4.0,10.0
19.637,-11.0,10.0
19.6418,-2.0,10.0
19.6469,7.0,10.0
19.6518,7.0,10.0
19.6568,1.0,10.0
19.6618,-3.0,10.0
19.6671,-2.0,10.0
19.6718,0.0,10.0
19.6768,-3.0,10.0
19.6818,-2.0,10.0
19.6873,6.0,10.0
19.6919,8.0,10.0
19.6969,-2.0,10.0
19.702,-10.0,10.0
19.7071,-3.0,10.0
19.7119,5.0,10.0
19.7171,4.0,10.0
19.722,0.0,10.0
19.7269,-1.0,10.0
19.7319,-4.0,10.0
19.7369,-1.0,10.0
19.7419,8.0,10.0
19.7469,2.0,10.0
19.7519,-10.0,10.0
19.7569,-4.0,10.0
19.7619,10.0,10.0
19.7668,5.0,10.0
19.7718,-5.0,10.0
19.777,-4.0,10.0
19.782,-1.0,10.0
19.7868,0.0,10.0
19.7918,5.0,10.0
19.7968,6.0,10.0
19.802,-5.0,10.0
19.8068,-12.0,10.0
19.8118,1.0,10.0
19.817,14.0,10.0
19.822,3.0,10.0
19.8268,-10.0,10.0
19.8319,-7.0,10.0
19.837,1.0,10.0
19.8418,5.0,10.0
19.847,6.0,10.0
19.8518,0.0,10.0
19.8569,-7.0,10.0
19.8632,-4.0,10.0
19.8668,6.0,10.0
19.8759,4.0,10.0
19.8768,-2.0,10.0
19.8818,-2.0,10.0
19.8868,-4.0,10.0
19.8929,-6.0,10.0
19.8968,12.0,10.0
19.9018,19.0,10.0
19.9068,-9.0,10.0
19.9118,-25.0,10.0
19.9169,-2.0,10.0
19.9218,14.0,10.0
19.9269,8.0,10.0
19.9319,2.0,10.0
19.9369,-4.0,10.0
19.9419,-9.0,10.0
19.947,-1.0,10.0
19.9523,7.0,10.0
19.9574,0.0,10.0
19.9619,-5.0,10.0
19.9668,6.0,10.0
19.9719,8.0,10.0
19.977,-7.0,10.0
19.982,-10.0,10.0
19.9872,2.0,10.0
19.9918,7.0,10.0
19.997,3.0,10.0
20.0024,-1.0,10.0
20.007,-4.0,10.0
20.0119,-3.0,10.0
20.0168,0.0,10.0
20.0219,2.0,10.0
20.0269,3.0,10.0
20.0319,2.0,10.0
20.0372,-5.0,10.0
20.0423,-5.0,10.0
20.0468,5.0,10.0
20.0518,4.0,10.0
20.057,-7.0,10.0
20.062,-1.0,10.0
20.0674,12.0,10.0
20.0718,2.0,10.0
20.0769,-12.0,10.0
20.0818,-6.0,10.0
20.0868,5.0,10.0
20.0918,3.0,10.0
20.0977,0.0,10.0
20.1022,3.0,10.0
20.1068,3.0,10.0
20.1118,-6.0,10.0
20.1172,-6.0,10.0
20.1222,4.0,10.0
20.1268,4.0,10.0
20.1318,-2.0,10.0
20.1369,-1.0,10.0
20.1418,5.0,10.0
20.1469,0.0,10.0
20.1522,-7.0,10.0
20.1568,-3.0,10.0
20.1625,7.0,10.0
20.167,4.0,10.0
20.172,-4.0,10.0
20.177,-2.0,10.0
20.1826,-1.0,10.0
20.1869,-1.0,10.0
20.1931,7.0,10.0
20.1968,4.0,10.0
20.2018,-10.0,10.0
20.2069,-4.0,10.0
20.2118,8.0,10.0
20.2169,0.0,10.0
20.2218,-2.0,10.0
20.2271,4.0,10.0
20.232,-1.0,10.0
20.237,-6.0,10.0
20.2418,2.0,8.0
20.2468,5.0,8.0
20.2519,-1.0,8.0
20.2568,-4.0,8.0
20.2619,-1.0,8.0
20.2669,2.0,8.0
20.272,6.0,8.0
20.2769,2.0,8.0
20.2818,-6.0,8.0
20.2869,-7.0,8.0
20.2918,0.0,8.0
20.2969,5.0,8.0
20.3019,7.0,8.0
20.3069,2.0,8.0
20.3119,-6.0,8.0
20.3169,-7.0,8.0
20.322,1.0,8.0
20.327,3.0,8.0
20.3319,-1.0,8.0
20.3368,0.0,8.0
20.3419,3.0,8.0
20.3471,0.0,8.0
20.3522,-3.0,8.0
20.3569,-2.0,8.0
20.3618,0.0,8.0
20.3669,1.0,8.0
20.3718,3.0,8.0
20.3768,1.0,8.0
20.3819,-4.0,8.0
20.3869,-2.0,8.0
20.3918,4.0,8.0
20.3968,2.0,8.0
20.4021,-4.0,8.0
20.4069,-5.0,8.0
20.4119,-1.0,8.0
20.4169,6.0,8.0
20.4219,13.0,8.0
20.4269,0.0,8.0
20.4319,-20.0,8.0
20.437,-9.0,8.0
20.4418,16.0,8.0
20.4469,13.0,8.0
20.4518,-4.0,8.0
20.4569,-8.0,8.0
20.4621,-4.0,8.0
20.4669,0.0,8.0
20.4719,5.0,8.0
20.4769,7.0,8.0
20.4818,-1.0,8.0
20.4868,-8.0,8.0
20.4921,-2.0,8.0
20.4968,6.0,8.0
20.5018,5.0,8.0
20.5072,-3.0,8.0
20.5118,-5.0,8.0
20.518,2.0,8.0
20.5218,2.0,8.0
20.5269,-5.0,8.0
20.5318,-3.0,8.0
20.5368,6.0,8.0
20.5419,9.0,8.0
20.547,-1.0,8.0
20.5521,-13.0,8.0
20.557,-7.0,8.0
20.5619,11.0,8.0
20.5669,11.0,8.0
20.5718,-8.0,8.0
20.577,-8.0,8.0
20.5819,7.0,8.0
20.5868,3.0,8.0
20.5918,-6.0,8.0
20.5969,-1.0,8.0
20.6019,4.0,8.0
20.607,-1.0,8.0
20.6119,0.0,8.0
20.6169,4.0,8.0
20.6219,0.0,8.0
20.6269,-4.0,8.0
20.632,3.0,8.0
20.6369,4.0,8.0
20.6419,-5.0,8.0
20.6469,-5.0,8.0
20.6518,2.0,8.0
20.6568,5.0,8.0
20.6618,6.0,8.0
20.6668,1.0,8.0
20.6718,-11.0,8.0
20.6768,-7.0,8.0
20.6818,7.0,8.0
20.6869,6.0,8.0
20.6919,-1.0,8.0
20.6969,2.0,8.0
20.7018,2.0,8.0
20.7069,-10.0,8.0
20.7119,-10.0,8.0
20.7176,12.0,8.0
20.7218,16.0,8.0
20.7269,-6.0,8.0
20.7319,-15.0,8.0
20.7368,0.0,8.0
20.7419,10.0,8.0
20.747,3.0,8.0
20.7519,-4.0,8.0
20.7569,-1.0,8.0
20.7618,3.0,8.0
20.7668,-3.0,8.0
20.7719,-4.0,8.0
20.7769,6.0,8.0
20.7819,5.0,8.0
20.7868,-7.0,8.0
20.7918,-4.0,8.0
20.7968,5.0,8.0
20.8019,4.0,8.0
20.8068,2.0,8.0
20.8119,-1.0,8.0
20.817,-12.0,8.0
20.8219,-7.0,8.0
20.8269,13.0,8.0
20.8323,13.0,8.0
20.837,-5.0,8.0
20.8419,-9.0,8.0
20.8469,-2.0,8.0
20.8518,0.0,8.0
20.8569,1.0,8.0
20.8618,2.0,8.0
20.8668,2.0,8.0
20.8718,3.0,8.0
20.8768,1.0,8.0
20.8818,-8.0,8.0
20.8869,-10.0,8.0
20.8918,3.0,8.0
20.8969,13.0,10.0
20.9019,5.0,10.0
20.9069,-6.0,10.0
20.9119,-5.0,10.0
20.9169,-2.0,10.0
20.9223,-2.0,10.0
20.9268,3.0,10.0
20.9318,10.0,10.0
20.9368,1.0,10.0
20.9419,-10.0,10.0
20.9469,-5.0,10.0
20.9519,4.0,10.0
20.9569,5.0,10.0
20.9619,0.0,10.0
20.9671,0.0,10.0
20.9719,-2.0,10.0
20.9769,-3.0,10.0
20.9819,1.0,10.0
20.9869,6.0,10.0
20.9919,1.0,10.0
20.9969,-3.0,10.0
21.0019,-4.0,10.0
21.0069,-1.0,10.0
21.012,5.0,10.0
21.017,4.0,10.0
21.0219,-5.0,10.0
21.0269,-3.0,10.0
21.0318,8.0,10.0
21.0369,0.0,10.0
21.042,-12.0,10.0
21.047,0.0,10.0
21.0519,14.0,10.0
21.0568,2.0,10.0
21.062,-12.0,10.0
21.0669,-6.0,10.0
21.072,5.0,10.0
21.0769,8.0,10.0
21.0819,2.0,10.0
21.0869,-4.0,10.0
21.0918,-7.0,10.0
21.097,-1.0,10.0
21.102,5.0,10.0
21.1069,3.0,10.0
21.1119,-1.0,10.0
21.1168,-1.0,8.0
21.1218,-1.0,8.0
21.1279,-2.0,8.0
21.1318,-1.0,8.0
21.1372,4.0,8.0
21.1418,5.0,8.0
21.147,-2.0,8.0
21.1521,-6.0,8.0
21.1569,0.0,8.0
21.1619,0.0,8.0
21.1668,0.0,8.0
21.1718,4.0,8.0
21.1768,1.0,8.0
21.1821,-4.0,8.0
21.187,-1.0,8.0
21.192,1.0,8.0
21.1968,0.0,8.0
21.2019,0.0,8.0
21.2069,1.0,8.0
21.212,3.0,8.0
21.2169,1.0,8.0
21.222,-7.0,8.0
21.2268,-7.0,8.0
21.2318,8.0,8.0
21.237,12.0,8.0
21.2421,-4.0,8.0
21.2469,-12.0,8.0
21.2519,0.0,8.0
21.2569,7.0,8.0
21.262,0.0,8.0
21.2671,-2.0,8.0
21.272,1.0,8.0
21.2769,0.0,8.0
21.2819,0.0,8.0
21.2868,0.0,8.0
21.292,-4.0,8.0
21.297,-4.0,8.0
21.3018,6.0,8.0
21.3068,6.0,8.0
21.3118,-5.0,8.0
21.3168,-3.0,8.0
21.3218,3.0,8.0
21.3269,-3.0,8.0
21.3318,-6.0,8.0
21.3368,8.0,8.0
21.3418,10.0,8.0
21.3469,-4.0,8.0
21.3518,-10.0,8.0
21.3571,-3.0,8.0
21.3619,4.0,8.0
21.3668,5.0,8.0
21.3718,3.0,8.0
21.3767,-1.0,8.0
21.382,-3.0,8.0
21.3869,-2.0,8.0
21.3918,-1.0,8.0
21.3969,-1.0,8.0
21.4018,4.0,8.0
21.4068,7.0,8.0
21.4119,0.0,8.0
21.417,-9.0,8.0
21.4219,-4.0,8.0
21.4269,6.0,8.0
21.4329,4.0,8.0
21.437,-3.0,8.0
21.442,-1.0,8.0
21.4469,4.0,8.0
21.4518,0.0,8.0
21.4569,-5.0,8.0
21.4619,0.0,6.0
21.4669,5.0,6.0
21.4721,-2.0,6.0
21.4769,-4.0,6.0
21.4818,5.0,6.0
21.4868,4.0,6.0
21.492,-7.0,6.0
21.497,-6.0,6.0
21.502,3.0,6.0
21.5069,6.0,6.0
21.5118,3.0,6.0
21.5168,-2.0,6.0
21.5221,-10.0,6.0
21.5268,-3.0,6.0
21.5319,14.0,8.0
21.5368,7.0,6.0
21.5418,-12.0,8.0
21.5468,-6.0,8.0
21.5519,8.0,8.0
21.5569,3.0,8.0
21.5619,-4.0,8.0
21.5669,1.0,8.0
21.5719,5.0,8.0
21.5768,-2.0,8.0
21.5818,-8.0,8.0
21.5869,-1.0,6.0
21.5918,9.0,8.0
21.5968,7.0,8.0
21.6019,-4.0,8.0
21.6068,-9.0,8.0
21.6119,-2.0,8.0
21.6168,5.0,8.0
21.6218,7.0,8.0
21.6268,0.0,8.0
21.6318,-6.0,8.0
21.6369,-6.0,8.0
21.6419,0.0,8.0
21.6469,8.0,8.0
21.6518,4.0,8.0
21.6568,-5.0,8.0
21.6619,-6.0,8.0
21.6668,0.0,8.0
21.6718,1.0,8.0
21.6769,4.0,8.0
21.6818,4.0,8.0
21.6868,-7.0,8.0
21.6923,-9.0,8.0
21.6971,8.0,8.0
21.702,11.0,8.0
21.7071,-9.0,8.0
21.7121,-12.0,8.0
21.7169,10.0,8.0
21.722,13.0,8.0
21.7269,-7.0,8.0
21.732,-12.0,8.0
21.7376,2.0,8.0
21.7419,6.0,8.0
21.7471,1.0,8.0
21.7521,2.0,8.0
21.757,0.0,8.0
21.762,-7.0,8.0
21.7669,-3.0,8.0
21.7719,6.0,8.0
21.7768,4.0,8.0
21.7819,-4.0,8.0
21.7869,1.0,8.0
21.7918,6.0,8.0
21.7972,-10.0,8.0
21.8021,-11.0,8.0
21.8069,15.0,8.0
21.8119,13.0,8.0
21.8169,-14.0,8.0
21.8218,-10.0,10.0
21.8268,10.0,10.0
21.832,2.0,10.0
21.837,-4.0,10.0
21.8418,4.0,10.0
21.8468,0.0,10.0
21.8518,-9.0,10.0
21.857,0.0,10.0
21.862,8.0,10.0
21.8668,2.0,10.0
21.8719,-5.0,10.0
21.8769,-2.0,10.0
21.8818,1.0,10.0
21.8868,1.0,8.0
21.8919,-2.0,8.0
21.8968,-1.0,8.0
21.9019,6.0,8.0
21.9068,5.0,8.0
21.9118,-5.0,10.0
21.9168,-5.0,10.0
21.9219,2.0,10.0
21.927,0.0,10.0
21.9319,-1.0,10.0
21.9372,5.0,10.0
21.9428,1.0,10.0
21.9469,-7.0,10.0
21.9521,0.0,8.0
21.9569,7.0,10.0
21.9619,-1.0,8.0
21.9669,-5.0,10.0
21.972,0.0,8.0
21.9771,3.0,8.0
21.9819,3.0,8.0
21.9869,0.0,8.0
21.992,-2.0,8.0
21.9969,-2.0,8.0
22.0019,-1.0,8.0
22.0068,1.0,8.0
22.0119,6.0,8.0
22.0168,4.0,8.0
22.0218,-7.0,8.0
22.0269,-11.0,8.0
22.0318,4.0,8.0
22.037,15.0,8.0
22.0419,0.0,8.0
22.0469,-12.0,8.0
22.0518,0.0,8.0
22.0569,6.0,8.0
22.062,-3.0,8.0
22.0672,-2.0,8.0
22.0718,8.0,8.0
22.0768,2.0,8.0
22.0818,-8.0,10.0
22.0869,-4.0,10.0
22.0918,2.0,10.0
22.0967,1.0,8.0
22.1019,4.0,10.0
22.1068,5.0,10.0
22.1118,-5.0,10.0
22.1168,-12.0,10.0
22.1218,0.0,10.0
22.1269,13.0,10.0
22.1319,6.0,10.0
22.1371,-7.0,10.0
22.142,-9.0,10.0
22.1471,-2.0,10.0
22.152,3.0,10.0
22.157,7.0,10.0
22.1619,5.0,10.0
22.1669,-3.0,10.0
22.1721,-10.0,10.0
22.1771,-6.0,10.0
22.1819,7.0,10.0
22.187,12.0,10.0
22.192,-1.0,10.0
22.197,-11.0,10.0
22.202,-1.0,10.0
22.2069,4.0,10.0
22.212,1.0,10.0
22.217,4.0,10.0
22.2218,1.0,10.0
22.2269,-9.0,10.0
22.232,-6.0,10.0
22.237,6.0,10.0
22.2418,8.0,10.0
22.2468,0.0,10.0
22.2518,-3.0,10.0
22.2569,-5.0,10.0
22.262,-4.0,10.0
22.2668,3.0,10.0
22.272,8.0,10.0
22.277,3.0,10.0
22.2819,-7.0,10.0
22.2869,-10.0,10.0
22.2919,0.0,10.0
22.2969,13.0,10.0
22.3019,8.0,10.0
22.307,-11.0,10.0
22.3119,-14.0,10.0
22.3169,4.0,10.0
22.3221,14.0,10.0
22.3269,1.0,10.0
22.332,-9.0,10.0
22.3368,-5.0,10.0
22.3419,2.0,10.0
22.347,4.0,10.0
22.3524,5.0,10.0
22.357,1.0,10.0
22.362,-8.0,10.0
22.3671,-7.0,10.0
22.3719,6.0,10.0
22.3769,10.0,10.0
22.382,0.0,10.0
22.3869,-8.0,10.0
22.3919,-2.0,10.0
22.3969,4.0,10.0
22.402,0.0,10.0
22.407,-3.0,10.0
22.4119,6.0,10.0
22.4169,6.0,10.0
22.4219,-7.0,10.0
22.4269,-10.0,10.0
22.432,2.0,10.0
22.4371,12.0,10.0
22.442,3.0,10.0
22.4471,-12.0,10.0
22.4519,-8.0,10.0
22.4569,7.0,10.0
22.462,8.0,8.0
22.467,0.0,8.0
22.4719,-2.0,8.0
22.4769,-3.0,8.0
22.4819,-4.0,8.0
22.4869,1.0,8.0
22.492,6.0,8.0
22.497,3.0,8.0
22.502,-2.0,8.0
22.5069,-4.0,8.0
22.5119,-5.0,8.0
22.5168,-1.0,8.0
22.5219,9.0,8.0
22.527,7.0,8.0
22.532,-8.0,10.0
22.5369,-10.0,10.0
22.5419,5.0,10.0
22.5468,8.0,10.0
22.5521,-6.0,10.0
22.557,-4.0,10.0
22.5619,8.0,10.0
22.5668,1.0,10.0
22.5718,-8.0,10.0
22.577,2.0,10.0
22.5818,8.0,10.0
22.5871,-8.0,10.0
22.5919,-7.0,10.0
22.5969,12.0,10.0
22.602,5.0,10.0
22.6074,-13.0,10.0
22.6121,-5.0,10.0
22.617,12.0,10.0
22.6218,6.0,10.0
22.6269,-9.0,10.0
22.6319,-6.0,10.0
22.637,3.0,10.0
22.642,3.0,10.0
22.6471,1.0,10.0
22.6519,2.0,10.0
22.6571,-3.0,10.0
22.6619,-9.0,10.0
22.667,1.0,10.0
22.672,12.0,10.0
22.6769,4.0,10.0
22.6819,-10.0,10.0
22.6869,-7.0,10.0
22.692,5.0,10.0
22.6973,6.0,10.0
22.702,-2.0,10.0
22.7069,-5.0,10.0
22.7117,0.0,10.0
22.7169,5.0,10.0
22.7225,1.0,10.0
22.7274,-1.0,10.0
22.7325,-1.0,10.0
22.737,-3.0,10.0
22.7421,-3.0,10.0
22.7469,5.0,10.0
22.752,10.0,10.0
22.7575,-1.0,10.0
22.7626,-12.0,10.0
22.767,-4.0,10.0
22.7718,9.0,10.0
22.777,7.0,10.0
22.7824,-4.0,10.0
22.7869,-7.0,10.0
22.7919,2.0,10.0
22.7968,6.0,10.0
22.802,-2.0,10.0
22.8071,-3.0,10.0
22.8123,2.0,10.0
22.8176,0.0,10.0
22.822,-4.0,10.0
22.827,-2.0,10.0
22.832,5.0,10.0
22.8382,8.0,10.0
22.8418,0.0,10.0
22.8472,-10.0,10.0
22.852,-8.0,10.0
22.8569,4.0,10.0
22.8619,10.0,10.0
22.8669,3.0,10.0
22.8719,-7.0,10.0
22.8771,-6.0,10.0
22.8818,3.0,10.0
22.8868,4.0,10.0
22.8921,-2.0,10.0
22.897,-2.0,10.0
22.9019,1.0,10.0
22.9069,-1.0,10.0
22.9119,-1.0,10.0
22.9168,5.0,10.0
22.9222,4.0,10.0
22.9275,-5.0,10.0
22.9324,-5.0,10.0
22.9375,1.0,10.0
22.942,0.0,10.0
22.9471,2.0,10.0
22.9525,7.0,10.0
22.9575,0.0,8.0
22.9623,-8.0,8.0
22.9669,-3.0,8.0
22.972,0.0,8.0
22.9771,3.0,8.0
22.9823,8.0,8.0
22.9873,0.0,8.0
22.992,-9.0,8.0
22.9968,-1.0,8.0
23.002,6.0,8.0
23.0073,-1.0,8.0
23.0124,-4.0,8.0
23.0172,2.0,8.0
23.0219,1.0,8.0
23.0269,-1.0,8.0
23.032,2.0,8.0
23.0369,1.0,8.0
23.0424,-2.0,8.0
23.0469,-1.0,8.0
23.052,-2.0,8.0
23.0569,-2.0,8.0
23.0621,5.0,8.0
23.0669,8.0,8.0
23.0724,-1.0,8.0
23.0777,-9.0,8.0
23.0824,-3.0,8.0
23.0869,6.0,8.0
23.0918,1.0,8.0
23.097,-4.0,8.0
23.1019,3.0,8.0
23.1072,7.0,8.0
23.1119,-3.0,8.0
23.1168,-10.0,8.0
23.122,0.0,8.0
23.1269,9.0,8.0
23.1319,1.0,8.0
23.1368,-6.0,8.0
23.1417,1.0,8.0
23.1468,7.0,8.0
23.1522,-1.0,8.0
23.157,-9.0,8.0
23.1618,-2.0,8.0
23.1668,8.0,8.0
23.1726,6.0,8.0
23.1769,-4.0,8.0
23.1819,-6.0,8.0
23.187,2.0,8.0
23.1919,3.0,8.0
23.1969,-3.0,8.0
23.2019,-2.0,8.0
23.2076,5.0,8.0
23.2119,3.0,8.0
23.2169,-5.0,8.0
23.222,-4.0,8.0
23.2269,1.0,8.0
23.2319,1.0,8.0
23.237,1.0,8.0
23.2419,2.0,8.0
23.2469,0.0,8.0
23.2519,-2.0,8.0
23.2568,-2.0,6.0
23.2619,0.0,6.0
23.2669,3.0,6.0
23.2718,2.0,6.0
23.2769,-1.0,6.0
23.2818,-1.0,6.0
23.2869,0.0,6.0
23.2919,-1.0,6.0
23.2968,1.0,6.0
23.3018,2.0,6.0
23.3069,-3.0,6.0
23.3118,-2.0,6.0
23.3169,4.0,6.0
23.3219,3.0,6.0
23.3268,-5.0,6.0
23.3318,-4.0,6.0
23.3369,6.0,6.0
23.3419,5.0,6.0
23.3469,-4.0,6.0
23.3521,0.0,6.0
23.357,1.0,6.0
23.3619,-6.0,6.0
23.3669,-1.0,6.0
23.3718,9.0,6.0
23.3769,2.0,6.0
23.3819,-6.0,6.0
23.387,0.0,6.0
23.3919,0.0,6.0
23.3969,-7.0,6.0
23.4018,2.0,6.0
23.4071,16.0,6.0
23.4119,0.0,6.0
23.4169,-19.0,6.0
23.4218,-7.0,6.0
23.4268,13.0,6.0
23.4318,8.0,6.0
23.437,-1.0,6.0
23.442,-2.0,6.0
23.4469,-7.0,6.0
23.4519,-5.0,6.0
23.4569,7.0,6.0
23.4619,9.0,6.0
23.467,-3.0,6.0
23.472,-6.0,6.0
23.4778,0.0,6.0
23.482,1.0,6.0
23.4869,4.0,6.0
23.4919,4.0,6.0
23.497,-6.0,6.0
23.5019,-8.0,6.0
23.5068,7.0,6.0
23.5118,8.0,6.0
23.5169,-6.0,6.0
23.5218,-4.0,6.0
23.5269,5.0,6.0
23.5319,0.0,6.0
23.5368,-4.0,6.0
23.5418,3.0,6.0
23.5469,4.0,6.0
23.552,-4.0,6.0
23.557,-4.0,6.0
23.5618,3.0,6.0
23.5668,5.0,6.0
23.5718,-1.0,6.0
23.577,-4.0,6.0
23.5819,2.0,6.0
23.5869,1.0,6.0
23.5919,-5.0,6.0
23.5968,-1.0,6.0
23.6017,8.0,6.0
23.6069,5.0,6.0
23.612,-6.0,6.0
23.6169,-9.0,6.0
23.6218,0.0,6.0
23.6268,7.0,6.0
23.6319,7.0,6.0
23.6369,-1.0,6.0
23.6418,-10.0,6.0
23.6468,-1.0,6.0
23.6518,10.0,8.0
23.6567,0.0,6.0
23.6619,-8.0,8.0
23.6668,4.0,8.0
23.6718,5.0,8.0
23.6768,-7.0,8.0
23.6818,-4.0,8.0
23.6868,7.0,8.0
23.6922,2.0,8.0
23.6969,-4.0,8.0
23.7019,0.0,8.0
23.7068,0.0,8.0
23.712,-4.0,8.0
23.717,3.0,8.0
23.722,9.0,8.0
23.7271,-3.0,8.0
23.732,-12.0,8.0
23.7369,1.0,8.0
23.7419,9.0,8.0
23.7472,-1.0,8.0
23.752,-4.0,8.0
23.7569,2.0,8.0
23.7619,0.0,8.0
23.7669,-3.0,8.0
23.7719,0.0,8.0
23.7771,3.0,8.0
23.7818,0.0,8.0
23.7869,-3.0,8.0
23.7919,-3.0,8.0
23.7969,2.0,6.0
23.8018,6.0,6.0
23.8069,1.0,6.0
23.8119,-4.0,6.0
23.8169,-6.0,6.0
23.8219,-1.0,6.0
23.8269,4.0,6.0
23.8319,6.0,6.0
23.837,3.0,6.0
23.8419,-5.0,6.0
23.8469,-12.0,8.0
23.8519,-3.0,8.0
23.8569,14.0,8.0
23.8621,12.0,8.0
23.8668,-8.0,8.0
23.8719,-13.0,8.0
23.8781,0.0,8.0
23.8818,6.0,8.0
23.887,4.0,8.0
23.8918,0.0,8.0
23.897,-6.0,8.0
23.9019,0.0,8.0
23.9068,12.0,8.0
23.9118,0.0,8.0
23.9168,-19.0,8.0
23.9219,-3.0,8.0
23.9268,19.0,8.0
23.9319,5.0,8.0
23.9368,-12.0,8.0
23.9418,-3.0,8.0
23.9468,4.0,8.0
23.952,0.0,8.0
23.9569,0.0,8.0
23.9619,2.0,8.0
23.9668,0.0,8.0
23.9718,-2.0,8.0
23.9771,-2.0,8.0
23.9818,0.0,8.0
23.9868,3.0,8.0
23.9918,4.0,8.0
23.9968,-2.0,8.0
24.0018,-4.0,8.0
24.0073,-1.0,8.0
24.0118,3.0,8.0
24.0169,2.0,8.0
24.0218,-1.0,8.0
24.0268,-1.0,8.0
24.0318,1.0,8.0
24.0371,1.0,8.0
24.0418,0.0,8.0
24.0469,-4.0,8.0
24.0519,-5.0,8.0
24.0568,7.0,8.0
24.0618,10.0,8.0
24.0669,-7.0,8.0
24.072,-12.0,8.0
24.077,4.0,8.0
24.0818,8.0,8.0
24.0868,-4.0,8.0
24.0927,-2.0,8.0
24.098,6.0,8.0
24.102,-1.0,8.0
24.1072,-7.0,8.0
24.112,1.0,8.0
24.1169,2.0,8.0
24.1226,0.0,8.0
24.1269,4.0,8.0
24.1321,2.0,8.0
24.137,-8.0,8.0
24.1421,-8.0,8.0
24.147,4.0,8.0
24.1521,11.0,8.0
24.1573,4.0,8.0
24.1621,-7.0,8.0
24.1669,-8.0,8.0
24.172,0.0,8.0
24.1771,1.0,8.0
24.1819,1.0,8.0
24.1869,7.0,8.0
24.1919,6.0,8.0
24.1968,-5.0,8.0
24.2032,-10.0,8.0
24.2068,-3.0,8.0
24.2119,6.0,8.0
24.2169,9.0,8.0
24.2218,0.0,8.0
24.2269,-7.0,8.0
24.2318,0.0,8.0
24.2379,1.0,8.0
24.2418,-5.0,8.0
24.2468,-1.0,8.0
24.2518,9.0,8.0
24.2568,4.0,8.0
24.2619,-5.0,8.0
24.267,-5.0,8.0
24.2722,-3.0,8.0
24.2768,1.0,8.0
24.2818,7.0,8.0
24.2868,4.0,8.0
24.292,-5.0,8.0
24.2976,-4.0,8.0
24.3019,0.0,8.0
24.3069,0.0,8.0
24.3118,0.0,8.0
24.3168,1.0,8.0
24.3218,1.0,8.0
24.3268,2.0,8.0
24.3319,-1.0,8.0
24.3369,-8.0,8.0
24.3418,-3.0,8.0
24.3469,9.0,8.0
24.3519,8.0,8.0
24.3569,-3.0,8.0
24.3619,-8.0,8.0
24.3669,-3.0,8.0
24.3719,3.0,8.0
24.377,5.0,8.0
24.3819,2.0,8.0
24.3869,-1.0,8.0
24.3918,-5.0,8.0
24.3976,-2.0,8.0
24.4018,3.0,8.0
24.4079,0.0,8.0
24.4119,-1.0,8.0
24.4169,5.0,8.0
24.4219,5.0,8.0
24.4268,-6.0,8.0
24.4318,-10.0,8.0
24.4369,-1.0,8.0
24.4419,11.0,8.0
24.4469,11.0,8.0
24.4519,-9.0,8.0
24.4569,-17.0,8.0
24.4618,6.0,8.0
24.4669,15.0,8.0
24.4719,-4.0,8.0
24.4769,-7.0,8.0
24.4819,6.0,8.0
24.4869,0.0,8.0
24.4923,-10.0,8.0
24.4969,1.0,8.0
24.5027,13.0,8.0
24.5081,3.0,8.0
24.5119,-9.0,8.0
24.5169,-8.0,8.0
24.5219,1.0,8.0
24.5268,7.0,8.0
24.5318,4.0,8.0
24.5368,-2.0,8.0
24.542,-5.0,8.0
24.5469,0.0,8.0
24.5518,3.0,8.0
24.5568,0.0,8.0
24.5618,0.0,8.0
24.5668,1.0,8.0
24.5719,-1.0,8.0
24.5768,-4.0,8.0
24.5819,0.0,8.0
24.5868,5.0,8.0
24.5918,5.0,8.0
24.5968,-2.0,8.0
24.6023,-6.0,8.0
24.6072,-3.0,8.0
24.6119,1.0,8.0
24.6169,3.0,8.0
24.6218,5.0,8.0
24.6268,3.0,8.0
24.6318,-5.0,8.0
24.6368,-8.0,8.0
24.6419,1.0,8.0
24.6469,5.0,8.0
24.6518,2.0,8.0
24.6568,1.0,8.0
24.6618,0.0,8.0
24.667,-7.0,8.0
24.6719,-1.0,8.0
24.677,7.0,8.0
24.6819,0.0,8.0
24.6869,-6.0,8.0
24.692,2.0,8.0
24.6968,8.0,8.0
24.7019,-2.0,8.0
24.7072,-11.0,8.0
24.7118,-1.0,8.0
24.7168,10.0,8.0
24.7219,2.0,8.0
24.7271,-4.0,8.0
24.7319,0.0,8.0
24.737,0.0,8.0
24.7419,-3.0,8.0
24.747,2.0,8.0
24.7519,1.0,8.0
24.757,-2.0,8.0
24.7619,5.0,8.0
24.7668,3.0,8.0
24.7718,-9.0,8.0
24.7771,-6.0,8.0
24.7821,5.0,8.0
24.7869,5.0,8.0
24.792,4.0,8.0
24.7969,3.0,8.0
24.8018,-11.0,8.0
24.8077,-13.0,8.0
24.8119,9.0,8.0
24.8169,14.0,8.0
24.8219,-1.0,8.0
24.8268,-4.0,8.0
24.8318,-1.0,8.0
24.837,-8.0,8.0
24.8418,-4.0,8.0
24.8469,12.0,8.0
24.8518,10.0,8.0
24.8568,-4.0,8.0
24.8618,-10.0,8.0
24.8669,-2.0,8.0
24.8719,2.0,8.0
24.8769,2.0,8.0
24.8819,2.0,8.0
24.8868,2.0,8.0
24.8917,0.0,8.0
24.897,-2.0,8.0
24.9021,-2.0,8.0
24.9069,-1.0,8.0
24.9118,2.0,8.0
24.9168,5.0,8.0
24.922,0.0,8.0
24.9269,-7.0,8.0
24.9319,-3.0,8.0
24.9368,8.0,8.0
24.9418,7.0,8.0
24.9468,-9.0,8.0
24.9519,-12.0,8.0
24.9569,6.0,8.0
24.962,15.0,8.0
24.9668,0.0,8.0
24.9719,-12.0,8.0
24.9768,-4.0,8.0
24.982,4.0,8.0
24.9869,2.0,8.0
24.9918,0.0,8.0
24.9968,1.0,8.0
25.0019,-1.0,8.0
25.0068,-2.0,8.0
25.0119,1.0,8.0
25.0168,0.0,8.0
25.0222,-4.0,8.0
25.0269,-2.0,8.0
25.0319,3.0,8.0
25.0369,6.0,8.0
25.0421,0.0,8.0
25.0469,-6.0,8.0
25.052,-2.0,8.0
25.0569,2.0,8.0
25.0619,0.0,8.0
25.0669,0.0,8.0
25.0719,4.0,8.0
25.0769,2.0,8.0
25.0819,-1.0,8.0
25.0869,-3.0,8.0
25.092,-4.0,8.0
25.097,-1.0,8.0
25.102,7.0,8.0
25.1069,11.0,8.0
25.1119,-2.0,8.0
25.117,-12.0,8.0
25.122,-5.0,8.0
25.1269,5.0,8.0
25.132,6.0,8.0
25.1368,3.0,8.0
25.1418,-1.0,8.0
25.1468,-6.0,8.0
25.1519,-3.0,8.0
25.1569,3.0,8.0
25.1619,3.0,8.0
25.1668,0.0,6.0
25.1718,-1.0,6.0
25.1768,-1.0,6.0
25.182,0.0,6.0
25.187,2.0,6.0
25.1919,0.0,6.0
25.1968,-3.0,6.0
25.2018,1.0,6.0
25.2068,4.0,6.0
25.212,-3.0,6.0
25.2168,-5.0,6.0
25.2218,5.0,8.0
25.2268,7.0,8.0
25.2321,-5.0,8.0
25.237,-9.0,8.0
25.242,2.0,8.0
25.2469,9.0,8.0
25.2519,0.0,8.0
25.257,-7.0,8.0
25.2619,-4.0,8.0
25.2673,3.0,8.0
25.2719,5.0,8.0
25.2769,0.0,8.0
25.2819,-2.0,8.0
25.287,0.0,8.0
25.2919,1.0,8.0
25.2969,-1.0,8.0
25.302,-3.0,8.0
25.3073,0.0,6.0
25.3119,4.0,8.0
25.3169,4.0,6.0
25.322,-1.0,6.0
25.3269,-5.0,6.0
25.332,-3.0,6.0
25.3369,1.0,6.0
25.3419,3.0,6.0
25.347,3.0,6.0
25.3519,0.0,6.0
25.357,-3.0,6.0
25.3619,-4.0,6.0
25.3669,0.0,6.0
25.3718,3.0,6.0
25.3767,2.0,6.0
25.3818,-1.0,6.0
25.387,-4.0,6.0
25.3918,-1.0,6.0
25.3968,6.0,6.0
25.4018,4.0,6.0
25.4071,-5.0,6.0
25.4119,-4.0,6.0
25.4169,1.0,6.0
25.4218,1.0,6.0
25.4268,3.0,6.0
25.4317,5.0,6.0
25.4369,-6.0,6.0
25.4419,-10.0,6.0
25.4468,7.0,6.0
25.4518,8.0,6.0
25.4568,-6.0,6.0
25.4619,-3.0,6.0
25.4669,3.0,6.0
25.4718,-2.0,6.0
25.4768,0.0,6.0
25.4818,5.0,6.0
25.4868,0.0,6.0
25.4919,-1.0,6.0
25.497,1.0,6.0
25.5019,-1.0,6.0
25.5069,-4.0,6.0
25.5118,-2.0,6.0
25.5168,2.0,6.0
25.5223,11.0,6.0
25.528,6.0,6.0
25.5318,-12.0,6.0
25.5368,-12.0,6.0
25.5417,4.0,6.0
25.5468,7.0,6.0
25.5519,3.0,6.0
25.557,3.0,6.0
25.5619,-4.0,6.0
25.5668,-8.0,6.0
25.5718,2.0,6.0
25.5769,6.0,6.0
25.582,-4.0,6.0
25.5869,-8.0,6.0
25.5918,3.0,6.0
25.5968,14.0,6.0
25.6018,4.0,6.0
25.6071,-16.0,6.0
25.6119,-13.0,6.0
25.6169,9.0,6.0
25.6219,15.0,6.0
25.6268,0.0,6.0
25.6318,-8.0,6.0
25.6373,-4.0,6.0
25.6419,2.0,6.0
25.6469,5.0,6.0
25.6517,0.0,6.0
25.6568,-6.0,6.0
25.6618,-1.0,6.0
25.6668,6.0,8.0
25.672,1.0,6.0
25.6769,-4.0,6.0
25.6818,0.0,6.0
25.6867,2.0,6.0
25.6918,0.0,6.0
25.697,-1.0,6.0
25.702,-3.0,6.0
25.7069,-2.0,6.0
25.7119,5.0,6.0
25.7169,6.0,6.0
25.7218,-3.0,8.0
25.7268,-4.0,8.0
25.7318,0.0,6.0
25.7368,-1.0,6.0
25.7417,-1.0,6.0
25.7468,4.0,6.0
25.7518,0.0,6.0
25.7569,-3.0,6.0
25.7618,5.0,6.0
25.7669,4.0,6.0
25.7719,-11.0,6.0
25.7769,-7.0,6.0
25.7819,9.0,6.0
25.7869,7.0,6.0
25.7918,0.0,6.0
25.7968,-2.0,6.0
25.8018,-6.0,6.0
25.8069,-2.0,6.0
25.8119,5.0,6.0
25.8168,2.0,6.0
25.8218,0.0,6.0
25.8268,1.0,6.0
25.8318,-3.0,6.0
25.8369,-3.0,6.0
25.8418,4.0,8.0
25.8468,1.0,6.0
25.8517,-3.0,6.0
25.8568,3.0,6.0
25.8622,1.0,6.0
25.8669,-8.0,6.0
25.8718,-1.0,6.0
25.8791,11.0,6.0
25.8817,4.0,6.0
25.8886,-6.0,6.0
25.8918,-7.0,6.0
25.8969,-8.0,6.0
25.9018,4.0,6.0
25.9069,20.0,8.0
25.9117,6.0,8.0
25.9168,-18.0,8.0
25.9218,-14.0,8.0
25.9269,3.0,8.0
25.9318,10.0,8.0
25.9369,9.0,8.0
25.9419,1.0,8.0
25.947,-10.0,8.0
25.9521,-10.0,8.0
25.9569,1.0,8.0
25.9619,8.0,8.0
25.9669,6.0,8.0
25.9719,0.0,8.0
25.9773,-8.0,8.0
25.9819,-7.0,8.0
25.9869,7.0,8.0
25.9919,11.0,8.0
25.997,-2.0,8.0
26.0019,-9.0,8.0
26.0074,0.0,8.0
26.0118,7.0,8.0
26.0168,-1.0,8.0
26.0218,-7.0,8.0
26.0268,0.0,8.0
26.0318,7.0,8.0
26.0369,4.0,8.0
26.0419,-5.0,8.0
26.0468,-5.0,8.0
26.0518,2.0,8.0
26.0567,1.0,8.0
26.0618,-2.0,8.0
26.0668,3.0,8.0
26.0719,4.0,8.0
26.0768,-6.0,8.0
26.0818,-5.0,8.0
26.0867,3.0,8.0
26.0918,3.0,8.0
26.097,0.0,8.0
26.1019,2.0,8.0
26.1068,2.0,8.0
26.1118,-8.0,8.0
26.1168,-8.0,8.0
26.1218,9.0,8.0
26.127,13.0,10.0
26.1318,-5.0,10.0
26.1368,-10.0,10.0
26.1423,2.0,10.0
26.1468,2.0,10.0
26.152,-4.0,10.0
26.1569,2.0,10.0
26.1618,7.0,10.0
26.1668,-3.0,10.0
26.1718,-8.0,10.0
26.1769,1.0,8.0
26.1819,2.0,8.0
26.1869,-1.0,8.0
26.1918,3.0,8.0
26.1968,6.0,8.0
26.2018,-5.0,8.0
26.2073,-9.0,8.0
26.2119,2.0,8.0
26.217,8.0,8.0
26.2218,1.0,8.0
26.2268,-2.0,8.0
26.2319,-1.0,8.0
26.2369,-5.0,8.0
26.2419,0.0,8.0
26.2478,11.0,8.0
26.2518,3.0,8.0
26.2569,-13.0,8.0
26.2623,-4.0,8.0
26.2684,11.0,8.0
26.2725,4.0,8.0
26.2774,-5.0,8.0
26.282,-2.0,8.0
26.287,-1.0,8.0
26.2917,-2.0,8.0
26.2972,4.0,8.0
26.3024,5.0,8.0
26.3071,-3.0,8.0
26.3119,-5.0,8.0
26.3169,2.0,8.0
26.3223,1.0,8.0
26.3273,-3.0,8.0
26.3319,3.0,8.0
26.3368,5.0,8.0
26.3421,-5.0,8.0
26.3471,-6.0,8.0
26.3522,6.0,8.0
26.3572,4.0,8.0
26.3623,-8.0,8.0
26.3669,-5.0,8.0
26.3721,9.0,8.0
26.377,9.0,8.0
26.3824,-3.0,8.0
26.3872,-12.0,10.0
26.392,-7.0,10.0
26.3969,6.0,10.0
26.402,11.0,10.0
26.4069,1.0,10.0
26.412,-6.0,10.0
26.4169,-3.0,10.0
26.4218,0.0,8.0
26.4268,0.0,8.0
26.4318,-2.0,8.0
26.4369,3.0,8.0
26.4419,10.0,8.0
26.4468,0.0,8.0
26.4523,-13.0,10.0
26.457,-5.0,10.0
26.462,10.0,10.0
26.4668,5.0,10.0
26.4718,-4.0,10.0
26.4779,0.0,10.0
26.482,1.0,10.0
26.4869,-5.0,10.0
26.4919,-2.0,10.0
26.4974,8.0,10.0
26.5029,2.0,10.0
26.5068,-10.0,10.0
26.5119,-1.0,10.0
26.5172,14.0,10.0
26.5222,2.0,10.0
26.5272,-13.0,10.0
26.533,-4.0,10.0
26.537,6.0,10.0
26.5418,2.0,10.0
26.5472,4.0,10.0
26.5522,1.0,10.0
26.5571,-12.0,8.0
26.5621,-6.0,8.0
26.5669,14.0,10.0
26.5719,8.0,10.0
26.5771,-11.0,10.0
26.5824,-5.0,10.0
26.5874,6.0,10.0
26.592,-2.0,8.0
26.5973,-1.0,8.0
26.602,10.0,8.0
26.6068,1.0,8.0
26.6122,-12.0,10.0
26.6172,-2.0,8.0
26.6219,6.0,8.0
26.6269,2.0,8.0
26.632,2.0,8.0
26.6375,1.0,8.0
26.6419,-5.0,8.0
26.6468,-6.0,8.0
26.6524,3.0,8.0
26.6569,5.0,8.0
26.6619,1.0,8.0
26.6672,-1.0,8.0
26.6725,-2.0,8.0
26.6773,-3.0,8.0
26.6819,1.0,8.0
26.6868,7.0,8.0
26.6922,0.0,8.0
26.6974,-8.0,8.0
26.7022,-3.0,8.0
26.7071,6.0,8.0
26.7119,7.0,8.0
26.717,0.0,8.0
26.7222,-7.0,8.0
26.7269,-5.0,8.0
26.7324,5.0,8.0
26.7369,4.0,8.0
26.7418,-7.0,8.0
26.7469,-1.0,8.0
26.7533,13.0,8.0
26.7568,3.0,8.0
26.7619,-15.0,8.0
26.7669,-6.0,8.0
26.7719,10.0,8.0
26.7771,5.0,8.0
26.7822,-5.0,8.0
26.7867,0.0,8.0
26.7922,4.0,8.0
26.7971,-1.0,8.0
26.8019,-3.0,8.0
26.8072,0.0,8.0
26.8122,0.0,8.0
26.8173,2.0,8.0
26.8218,5.0,8.0
26.827,-1.0,8.0
26.8319,-8.0,8.0
26.8369,-3.0,8.0
26.8423,5.0,8.0
26.8467,7.0,8.0
26.8517,1.0,8.0
26.8581,-6.0,8.0
26.8619,-7.0,8.0
26.867,0.0,8.0
26.8725,7.0,8.0
26.8769,3.0,8.0
26.8819,-1.0,8.0
26.887,-2.0,8.0
26.8922,-2.0,8.0
26.8973,0.0,8.0
26.9024,2.0,8.0
26.9072,0.0,8.0
26.9119,0.0,8.0
26.9169,0.0,8.0
26.9222,0.0,8.0
26.9272,0.0,8.0
26.9317,0.0,8.0
26.9368,1.0,8.0
26.9419,3.0,8.0
26.9468,0.0,8.0
26.9519,-5.0,8.0
26.9576,-2.0,8.0
26.9619,5.0,8.0
26.9667,6.0,8.0
26.9717,-2.0,8.0
26.9768,-7.0,8.0
26.9817,-2.0,8.0
26.9869,2.0,8.0
26.9918,3.0,8.0
26.9968,4.0,8.0
27.0021,0.0,8.0
27.007,-4.0,8.0
27.0123,-4.0,8.0
27.0172,-3.0,8.0
27.0219,2.0,8.0
27.0269,12.0,8.0
27.0321,5.0,8.0
27.0372,-13.0,8.0
27.0418,-14.0,8.0
27.0477,5.0,8.0
27.0519,13.0,8.0
27.0567,2.0,8.0
27.0624,-5.0,8.0
27.0669,-1.0,8.0
27.0718,0.0,8.0
27.0768,-3.0,8.0
27.082,-4.0,8.0
27.0869,4.0,8.0
27.0921,9.0,8.0
27.0973,0.0,8.0
27.1022,-10.0,8.0
27.1069,-4.0,8.0
27.1119,8.0,8.0
27.1171,6.0,8.0
27.1222,-9.0,8.0
27.1273,-10.0,8.0
27.1322,8.0,8.0
27.1369,13.0,8.0
27.1417,-4.0,8.0
27.1471,-10.0,8.0
27.152,0.0,8.0
27.1568,1.0,8.0
27.1621,0.0,8.0
27.1676,6.0,8.0
27.172,2.0,8.0
27.177,-8.0,8.0
27.1822,-5.0,8.0
27.1868,5.0,8.0
27.1918,5.0,8.0
27.1967,-2.0,8.0
27.2017,-4.0,8.0
27.2067,0.0,8.0
27.2123,2.0,8.0
27.2167,0.0,8.0
27.2221,0.0,8.0
27.2269,1.0,8.0
27.2323,0.0,8.0
27.237,-4.0,8.0
27.242,0.0,8.0
27.2472,7.0,8.0
27.2527,-1.0,6.0
27.2569,-9.0,8.0
27.2618,2.0,6.0
27.2668,9.0,8.0
27.2719,-2.0,8.0
27.2769,-4.0,8.0
27.2817,0.0,8.0
27.2867,-3.0,8.0
27.2917,0.0,6.0
27.2968,12.0,8.0
27.3019,4.0,8.0
27.3068,-13.0,8.0
27.3118,-10.0,8.0
27.3167,5.0,8.0
27.3218,9.0,8.0
27.3268,4.0,8.0
27.3318,-3.0,8.0
27.3368,-6.0,8.0
27.3418,0.0,8.0
27.3469,4.0,8.0
27.3522,-1.0,8.0
27.3568,-4.0,8.0
27.3618,3.0,8.0
27.3678,5.0,8.0
27.3717,-1.0,8.0
27.3769,-4.0,8.0
27.3818,-2.0,8.0
27.3868,0.0,8.0
27.3918,3.0,8.0
27.3967,3.0,8.0
27.4017,-1.0,6.0
27.4068,-2.0,6.0
27.4118,0.0,6.0
27.4169,2.0,6.0
27.4218,1.0,6.0
27.4267,-5.0,6.0
27.4317,-3.0,6.0
27.4369,9.0,6.0
27.4417,7.0,6.0
27.4469,-9.0,6.0
27.4517,-8.0,8.0
27.4568,7.0,8.0
27.4618,4.0,8.0
27.467,-6.0,8.0
27.472,0.0,8.0
27.4768,8.0,8.0
27.4817,-1.0,8.0
27.487,-8.0,8.0
27.4917,0.0,8.0
27.497,8.0,8.0
27.5019,0.0,6.0
27.5068,-7.0,8.0
27.5117,-3.0,8.0
27.5167,5.0,8.0
27.5219,7.0,8.0
27.5269,-5.0,8.0
27.5318,-9.0,8.0
27.5368,7.0,8.0
27.5417,10.0,8.0
27.5468,-11.0,8.0
27.5518,-12.0,8.0
27.5568,14.0,8.0
27.5618,14.0,8.0
27.5668,-13.0,8.0
27.5718,-13.0,8.0
27.5768,7.0,8.0
27.5819,8.0,8.0
27.5869,0.0,8.0
27.5918,0.0,8.0
27.5968,-3.0,8.0
27.6019,-3.0,8.0
27.6069,5.0,8.0
27.6119,4.0,8.0
27.6169,-8.0,8.0
27.6219,-6.0,8.0
27.6269,9.0,10.0
27.6319,8.0,10.0
27.6371,-7.0,10.0
27.6419,-9.0,10.0
27.6468,4.0,10.0
27.6519,6.0,10.0
27.6569,-3.0,10.0
27.6619,-1.0,10.0
27.6669,5.0,10.0
27.6719,-1.0,10.0
27.6769,-8.0,10.0
27.6819,1.0,8.0
27.6869,7.0,8.0
27.6925,1.0,8.0
27.6969,-3.0,8.0
27.702,-2.0,8.0
27.7068,1.0,8.0
27.7121,4.0,8.0
27.7172,-2.0,8.0
27.7219,-5.0,8.0
27.7279,1.0,8.0
27.7328,6.0,8.0
27.7379,0.0,8.0
27.742,-5.0,8.0
27.747,1.0,8.0
27.7522,4.0,8.0
27.7569,-1.0,8.0
27.7619,-6.0,8.0
27.7669,-2.0,8.0
27.7718,7.0,8.0
27.7768,9.0,8.0
27.7823,-5.0,8.0
27.7872,-12.0,8.0
27.7918,1.0,8.0
27.7968,12.0,8.0
27.8018,0.0,8.0
27.8071,-11.0,8.0
27.8119,-3.0,8.0
27.8169,9.0,8.0
27.8219,6.0,8.0
27.8268,-6.0,8.0
27.8318,-8.0,8.0
27.8371,3.0,8.0
27.8418,3.0,8.0
27.8468,0.0,8.0
27.8517,7.0,8.0
27.8567,1.0,8.0
27.8618,-16.0,8.0
27.8668,-4.0,8.0
27.8719,18.0,10.0
27.8828,5.0,10.0
27.883,-11.0,10.0
27.8868,0.0,10.0
27.8918,0.0,10.0
27.8968,-10.0,10.0
27.9018,8.0,10.0
27.9068,21.0,10.0
27.9118,-8.0,10.0
27.9168,-25.0,10.0
27.9218,0.0,10.0
27.9268,14.0,10.0
27.9318,6.0,10.0
27.9368,2.0,10.0
27.9418,-2.0,10.0
27.9468,-11.0,10.0
27.952,-5.0,10.0
27.9577,8.0,10.0
27.9618,8.0,10.0
27.9667,0.0,10.0
27.9718,-3.0,10.0
27.9768,-4.0,10.0
27.9818,-1.0,10.0
27.9872,8.0,10.0
27.9918,7.0,10.0
27.9968,-12.0,10.0
28.0018,-13.0,10.0
28.0068,11.0,10.0
28.0118,15.0,10.0
28.0169,-6.0,10.0
28.0218,-12.0,10.0
28.0268,1.0,10.0
28.0318,6.0,10.0
28.0368,1.0,10.0
28.0418,-1.0,10.0
28.0468,-1.0,10.0
28.0518,-1.0,10.0
28.0568,0.0,10.0
28.0618,3.0,10.0
28.067,2.0,10.0
28.0718,-3.0,10.0
28.0768,-5.0,10.0
28.0818,0.0,10.0
28.0878,4.0,10.0
28.0919,3.0,10.0
28.0978,0.0,10.0
28.1024,-4.0,10.0
28.1068,-2.0,10.0
28.1119,2.0,10.0
28.1168,1.0,10.0
28.122,0.0,10.0
28.1268,1.0,10.0
28.1318,2.0,10.0
28.1368,-2.0,10.0
28.1418,-6.0,10.0
28.1469,0.0,10.0
28.1518,7.0,10.0
28.1568,3.0,10.0
28.1618,-4.0,10.0
28.1668,-5.0,10.0
28.1719,-1.0,10.0
28.1768,5.0,10.0
28.1818,6.0,10.0
28.1868,-3.0,10.0
28.1918,-7.0,10.0
28.1968,0.0,10.0
28.2018,6.0,10.0
28.2068,1.0,10.0
28.2118,-5.0,8.0
28.2168,-2.0,8.0
28.2218,4.0,8.0
28.2268,5.0,8.0
28.2318,0.0,8.0
28.2368,-7.0,8.0
28.2418,-7.0,10.0
28.2468,5.0,10.0
28.2518,12.0,10.0
28.2568,-1.0,10.0
28.2618,-12.0,10.0
28.2668,0.0,10.0
28.2718,9.0,10.0
28.2768,1.0,8.0
28.2818,-8.0,8.0
28.2868,-1.0,8.0
28.2917,8.0,8.0
28.2968,3.0,8.0
28.3018,-5.0,8.0
28.3067,-4.0,8.0
28.3118,0.0,8.0
28.3167,0.0,8.0
28.3217,3.0,8.0
28.3274,5.0,8.0
28.3318,-2.0,8.0
28.3368,-8.0,8.0
28.3418,-1.0,8.0
28.3467,4.0,8.0
28.352,3.0,8.0
28.3568,2.0,8.0
28.3617,0.0,8.0
28.3668,-4.0,8.0
28.3718,-4.0,8.0
28.3768,1.0,8.0
28.3818,5.0,8.0
28.3868,3.0,8.0
28.3918,-3.0,8.0
28.3968,-6.0,8.0
28.4019,-1.0,8.0
28.4068,5.0,8.0
28.4118,3.0,8.0
28.4168,-3.0,8.0
28.4218,-1.0,8.0
28.4268,2.0,8.0
28.4318,-1.0,8.0
28.4369,-1.0,8.0
28.4419,4.0,8.0
28.4468,-1.0,8.0
28.4518,-8.0,8.0
28.4568,5.0,8.0
28.4618,12.0,8.0
28.467,-6.0,8.0
28.4719,-14.0,8.0
28.4767,5.0,8.0
28.4817,10.0,8.0
28.4868,-3.0,8.0
28.4918,-3.0,8.0
28.4968,4.0,8.0
28.5026,-2.0,8.0
28.5067,-7.0,8.0
28.5117,2.0,8.0
28.5167,6.0,8.0
28.5218,2.0,8.0
28.5269,0.0,8.0
28.5318,-3.0,8.0
28.5368,-7.0,8.0
28.5417,0.0,8.0
28.5467,8.0,8.0
28.552,4.0,8.0
28.5568,-2.0,8.0
28.5617,-1.0,8.0
28.5668,-1.0,8.0
28.5718,-4.0,8.0
28.577,-2.0,8.0
28.5818,5.0,8.0
28.5868,9.0,8.0
28.5917,1.0,8.0
28.5968,-9.0,8.0
28.6018,-8.0,8.0
28.6067,2.0,8.0
28.6119,9.0,8.0
28.6168,6.0,8.0
28.6218,-5.0,8.0
28.6268,-11.0,8.0
28.6318,0.0,8.0
28.637,13.0,8.0
28.6417,1.0,8.0
28.6468,-12.0,8.0
28.6518,-1.0,6.0
28.6568,8.0,6.0
28.6619,-2.0,6.0
28.667,-5.0,6.0
28.6718,5.0,6.0
28.6768,5.0,6.0
28.6818,-5.0,6.0
28.6867,-6.0,8.0
28.6919,3.0,8.0
28.6968,6.0,8.0
28.7018,0.0,8.0
28.7068,-3.0,8.0
28.7118,0.0,8.0
28.7168,0.0,6.0
28.7217,0.0,6.0
28.7268,0.0,6.0
28.7318,1.0,6.0
28.7367,1.0,6.0
28.7425,-1.0,6.0
28.7468,0.0,6.0
28.7518,3.0,6.0
28.7567,0.0,6.0
28.7618,-6.0,6.0
28.7667,-1.0,6.0
28.7718,8.0,8.0
28.7767,6.0,8.0
28.7818,-4.0,8.0
28.787,-8.0,8.0
28.7918,-4.0,8.0
28.7968,5.0,8.0
28.8021,12.0,8.0
28.8068,-2.0,8.0
28.8117,-17.0,8.0
28.8168,1.0,8.0
28.8218,21.0,8.0
28.8267,-2.0,8.0
28.8321,-21.0,8.0
28.8368,0.0,8.0
28.8418,12.0,8.0
28.8468,-1.0,8.0
28.8518,-1.0,8.0
28.8567,7.0,8.0
28.8618,-3.0,8.0
28.8668,-11.0,8.0
28.8717,1.0,8.0
28.8769,8.0,8.0
28.8818,0.0,8.0
28.8868,-5.0,8.0
28.8918,-1.0,8.0
28.8967,8.0,8.0
28.9017,5.0,8.0
28.9067,-12.0,8.0
28.9117,-8.0,8.0
28.9168,13.0,8.0
28.9218,6.0,8.0
28.927,-12.0,8.0
28.9317,0.0,8.0
28.9368,11.0,8.0
28.9418,-4.0,8.0
28.9469,-11.0,8.0
28.9518,3.0,8.0
28.9567,9.0,8.0
28.9618,2.0,8.0
28.9668,-2.0,8.0
28.9717,-4.0,8.0
28.9768,-5.0,8.0
28.9817,0.0,8.0
28.9868,7.0,8.0
28.9917,6.0,8.0
28.9967,0.0,8.0
29.0017,-7.0,8.0
29.0076,-7.0,8.0
29.0117,4.0,8.0
29.0168,9.0,8.0
29.0221,-2.0,8.0
29.0267,-6.0,8.0
29.0318,5.0,8.0
29.0368,5.0,8.0
29.0419,-11.0,10.0
29.0468,-6.0,10.0
29.0518,14.0,10.0
29.0568,7.0,10.0
29.0618,-13.0,10.0
29.0668,-7.0,10.0
29.0718,9.0,10.0
29.0767,7.0,10.0
29.0817,-3.0,10.0
29.0868,-7.0,10.0
29.0917,0.0,10.0
29.0967,6.0,10.0
29.1023,2.0,10.0
29.1068,-5.0,10.0
29.1118,-4.0,10.0
29.1168,4.0,10.0
29.1218,3.0,10.0
29.1267,0.0,10.0
29.1318,1.0,10.0
29.1368,-1.0,10.0
29.1418,-7.0,10.0
29.1468,0.0,10.0
29.1518,7.0,10.0
29.1568,2.0,10.0
29.1617,0.0,10.0
29.1669,0.0,10.0
29.1718,-6.0,10.0
29.1768,-5.0,10.0
29.182,4.0,10.0
29.1868,5.0,10.0
29.1918,3.0,10.0
29.1968,0.0,10.0
29.2018,-9.0,10.0
29.2069,-6.0,10.0
29.2122,8.0,10.0
29.2167,8.0,10.0
29.2218,-5.0,10.0
29.2268,-4.0,10.0
29.2318,3.0,10.0
29.2369,-1.0,10.0
29.2417,-3.0,10.0
29.2467,5.0,10.0
29.2517,5.0,10.0
29.2568,-6.0,10.0
29.2618,-5.0,10.0
29.2668,8.0,10.0
29.272,3.0,10.0
29.2768,-8.0,10.0
29.2818,0.0,10.0
29.2868,5.0,8.0
29.2918,-3.0,8.0
29.2968,-2.0,8.0
29.3019,7.0,8.0
29.3067,1.0,8.0
29.3117,-6.0,8.0
29.3168,0.0,8.0
29.3218,3.0,8.0
29.3268,0.0,8.0
29.3317,0.0,8.0
29.3367,3.0,8.0
29.3417,2.0,8.0
29.3467,-1.0,8.0
29.352,-7.0,8.0
29.3567,-6.0,8.0
29.3618,6.0,8.0
29.3668,13.0,10.0
29.3718,-1.0,10.0
29.3768,-13.0,10.0
29.3818,-2.0,10.0
29.3867,6.0,10.0
29.3918,2.0,10.0
29.3968,0.0,10.0
29.4018,0.0,10.0
29.4068,-4.0,10.0
29.4118,0.0,10.0
29.4168,4.0,10.0
29.4218,2.0,10.0
29.4269,-3.0,10.0
29.4318,-5.0,10.0
29.4369,1.0,10.0
29.4419,4.0,8.0
29.4468,0.0,8.0
29.4517,0.0,8.0
29.4567,0.0,8.0
29.4618,-7.0,8.0
29.4671,-2.0,8.0
29.4719,13.0,8.0
29.4767,4.0,8.0
29.4818,-13.0,8.0
29.4868,-4.0,8.0
29.4918,8.0,8.0
29.4969,1.0,8.0
29.5018,-3.0,8.0
29.5068,3.0,8.0
29.5117,3.0,8.0
29.5176,-6.0,8.0
29.5228,-7.0,8.0
29.5274,4.0,8.0
29.5317,9.0,8.0
29.5367,0.0,8.0
29.5418,-6.0,8.0
29.5468,-3.0,8.0
29.552,0.0,8.0
29.5568,2.0,8.0
29.5617,5.0,8.0
29.5667,0.0,8.0
29.5718,-4.0,8.0
29.5769,-2.0,8.0
29.5818,0.0,8.0
29.5868,0.0,8.0
29.5917,4.0,8.0
29.5967,4.0,8.0
29.6017,-2.0,8.0
29.6068,-4.0,8.0
29.6117,-2.0,8.0
29.6168,-1.0,8.0
29.6217,5.0,8.0
29.6267,6.0,8.0
29.6318,-2.0,8.0
29.6369,-6.0,8.0
29.6418,-1.0,8.0
29.6468,-1.0,8.0
29.6517,0.0,8.0
29.6567,8.0,8.0
29.6617,8.0,8.0
29.6667,-6.0,8.0
29.6718,-12.0,8.0
29.6767,-1.0,8.0
29.6817,8.0,8.0
29.6867,5.0,8.0
29.6917,-1.0,8.0
29.6969,-2.0,6.0
29.7018,-1.0,6.0
29.7068,-2.0,6.0
29.7117,0.0,6.0
29.7167,3.0,6.0
29.7217,0.0,6.0
29.7267,-1.0,6.0
29.7318,1.0,6.0
29.7368,-2.0,6.0
29.7418,-6.0,6.0
29.7468,7.0,6.0
29.7519,15.0,6.0
29.7568,-7.0,6.0
29.7618,-25.0,6.0
29.7671,0.0,6.0
29.7717,26.0,8.0
29.7767,5.0,8.0
29.7819,-18.0,8.0
29.7868,-3.0,8.0
29.7917,9.0,8.0
29.7968,-4.0,8.0
29.8018,-7.0,8.0
29.8067,9.0,8.0
29.8119,8.0,8.0
29.8167,-9.0,8.0
29.8217,-9.0,8.0
29.8267,6.0,8.0
29.8318,8.0,8.0
29.837,-4.0,8.0
29.8417,-7.0,8.0
29.8468,5.0,8.0
29.8518,7.0,8.0
29.8568,-4.0,8.0
29.8618,-6.0,8.0
29.8668,2.0,8.0
29.8718,4.0,8.0
29.8809,-1.0,8.0
29.8817,-1.0,8.0
29.8868,4.0,8.0
29.8917,-1.0,8.0
29.8969,-12.0,8.0
29.9017,1.0,8.0
29.9067,21.0,8.0
29.9118,4.0,8.0
29.9168,-17.0,8.0
29.9218,-9.0,8.0
29.9267,1.0,8.0
29.9317,2.0,8.0
29.9368,7.0,8.0
29.9417,10.0,8.0
29.9468,-3.0,8.0
29.9519,-14.0,8.0
29.9568,-3.0,8.0
29.9617,8.0,8.0
29.9667,2.0,8.0
29.9717,-4.0,8.0
29.9767,3.0,8.0
29.9817,6.0,10.0
29.9869,-7.0,10.0
29.9918,-7.0,10.0
29.9968,5.0,10.0
30.0018,4.0,10.0
30.0068,-5.0,8.0
30.0118,0.0,8.0
30.0167,7.0,8.0
30.0218,-2.0,8.0
30.0267,-6.0,8.0
30.0317,2.0,8.0
30.0368,0.0,8.0
30.0417,-1.0,8.0
30.0468,6.0,8.0
30.0518,3.0,8.0
30.0568,-9.0,10.0
30.0618,-6.0,10.0
30.0669,6.0,10.0
30.0718,5.0,10.0
30.0767,-1.0,10.0
30.0818,-2.0,10.0
30.0868,-1.0,10.0
30.0921,0.0,10.0
30.0968,1.0,10.0
30.1018,0.0,10.0
30.1068,-1.0,10.0
30.1118,0.0,8.0
30.1167,0.0,8.0
30.1219,1.0,8.0
30.1268,0.0,8.0
30.1317,-2.0,8.0
30.1367,1.0,8.0
30.1417,2.0,8.0
30.1467,-4.0,8.0
30.1521,-3.0,8.0
30.1567,7.0,8.0
30.1617,4.0,8.0
30.1667,-8.0,8.0
30.1718,-6.0,8.0
30.1767,6.0,8.0
30.1817,6.0,8.0
30.1868,-3.0,8.0
30.1917,-3.0,8.0
30.1967,0.0,8.0
30.2017,0.0,8.0
30.2068,2.0,8.0
30.2117,1.0,8.0
30.2167,-4.0,8.0
30.2217,-1.0,8.0
30.2268,3.0,8.0
30.2318,1.0,8.0
30.2368,-1.0,8.0
30.2418,-6.0,8.0
30.2468,-3.0,8.0
30.2517,11.0,8.0
30.2568,14.0,8.0
30.2617,-9.0,8.0
30.2668,-21.0,10.0
30.2717,-2.0,10.0
30.2768,16.0,10.0
30.2818,10.0,10.0
30.2868,-3.0,10.0
30.292,-6.0,10.0
30.2968,-5.0,10.0
30.3017,-5.0,10.0
30.3068,5.0,10.0
30.3117,14.0,10.0
30.3169,0.0,10.0
30.3219,-16.0,10.0
30.3268,-3.0,10.0
30.3317,14.0,10.0
30.3368,3.0,10.0
30.3419,-10.0,10.0
30.3468,0.0,10.0
30.3519,8.0,10.0
30.3567,-4.0,10.0
30.3618,-8.0,10.0
30.3668,5.0,10.0
30.3718,8.0,10.0
30.3768,-2.0,10.0
30.382,-7.0,10.0
30.3868,1.0,10.0
30.3918,5.0,10.0
30.3968,-2.0,10.0
30.4019,-5.0,10.0
30.4067,1.0,10.0
30.4118,7.0,10.0
30.4168,3.0,10.0
30.4218,-4.0,10.0
30.4268,-7.0,10.0
30.4319,-1.0,10.0
30.4368,4.0,10.0
30.4418,6.0,10.0
30.4468,4.0,8.0
30.4521,-5.0,8.0
30.4568,-10.0,8.0
30.4619,-1.0,8.0
30.4667,10.0,8.0
30.4717,6.0,8.0
30.4767,-6.0,8.0
30.4817,-6.0,8.0
30.4868,1.0,8.0
30.492,3.0,8.0
30.4967,1.0,8.0
30.5017,0.0,8.0
30.5067,-5.0,8.0
30.5118,-1.0,8.0
30.5168,5.0,8.0
30.5217,1.0,8.0
30.5267,-3.0,8.0
30.5318,0.0,8.0
30.5367,2.0,8.0
30.5417,0.0,8.0
30.5468,-2.0,8.0
30.5517,-2.0,8.0
30.5568,1.0,8.0
30.5617,2.0,8.0
30.5667,-2.0,8.0
30.5717,0.0,8.0
30.5767,6.0,8.0
30.5818,-3.0,8.0
30.5868,-9.0,8.0
30.5917,4.0,8.0
30.5967,9.0,8.0
30.6018,-1.0,8.0
30.6068,-6.0,8.0
30.6119,-2.0,8.0
30.6167,0.0,8.0
30.6218,4.0,8.0
30.6268,5.0,8.0
30.6318,-2.0,8.0
30.637,-7.0,8.0
30.6417,-3.0,8.0
30.6468,3.0,8.0
30.6518,8.0,8.0
30.6571,1.0,8.0
30.6618,-9.0,8.0
30.6667,-4.0,8.0
30.6717,4.0,8.0
30.6767,3.0,8.0
30.6817,0.0,8.0
30.6867,2.0,8.0
30.6918,0.0,8.0
30.6969,-6.0,8.0
30.7018,-5.0,8.0
30.7067,3.0,8.0
30.7117,9.0,8.0
30.7168,2.0,8.0
30.7219,-1.0,8.0
30.7268,-3.0,8.0
30.7321,-8.0,8.0
30.7368,-3.0,8.0
30.742,10.0,8.0
30.7472,9.0,8.0
30.7521,-4.0,8.0
30.7575,-8.0,8.0
30.7618,-2.0,8.0
30.7671,2.0,8.0
30.7718,4.0,8.0
30.7774,1.0,8.0
30.7818,-5.0,8.0
30.7868,-1.0,8.0
30.7917,6.0,8.0
30.7968,1.0,8.0
30.8018,-4.0,8.0
30.807,0.0,8.0
30.8117,0.0,8.0
30.8168,0.0,8.0
30.8217,1.0,8.0
30.8268,-1.0,8.0
30.832,0.0,8.0
30.8369,5.0,8.0
30.8417,-2.0,8.0
30.8467,-10.0,8.0
30.8517,3.0,8.0
30.8567,10.0,8.0
30.8618,-3.0,8.0
30.8667,-5.0,8.0
30.8718,4.0,8.0
30.8767,-2.0,8.0
30.8817,-5.0,8.0
30.8867,5.0,8.0
30.8919,2.0,8.0
30.8967,-3.0,8.0
30.9018,4.0,8.0
30.9067,3.0,8.0
30.9118,-10.0,8.0
30.9168,-7.0,8.0
30.9218,10.0,8.0
30.9268,10.0,8.0
30.9317,-6.0,8.0
30.9367,-8.0,8.0
30.9417,4.0,8.0
30.9467,4.0,8.0
30.9518,-4.0,8.0
30.9567,-1.0,8.0
30.9618,5.0,8.0
30.9667,1.0,8.0
30.9718,-5.0,8.0
30.9768,-3.0,8.0
30.9817,1.0,6.0
30.9867,5.0,6.0
30.9917,3.0,6.0
30.9967,-4.0,6.0
31.0018,-7.0,6.0
31.0068,0.0,6.0
31.0118,4.0,6.0
31.0167,3.0,6.0
31.0217,1.0,6.0
31.0267,-5.0,6.0
31.0318,-6.0,6.0
31.0369,2.0,6.0
31.0417,6.0,6.0
31.0467,0.0,6.0
31.0518,-4.0,6.0
31.0568,0.0,6.0
31.0618,2.0,6.0
31.0667,0.0,6.0
31.0717,0.0,6.0
31.0767,1.0,6.0
31.0818,0.0,6.0
31.0867,-3.0,6.0
31.0921,0.0,6.0
31.0968,7.0,6.0
31.1017,2.0,6.0
31.1067,-10.0,6.0
31.1118,-8.0,6.0
31.1167,8.0,6.0
31.1218,13.0,6.0
31.1267,0.0,6.0
31.1318,-11.0,6.0
31.1367,-7.0,6.0
31.1417,0.0,6.0
31.1467,6.0,6.0
31.1518,12.0,6.0
31.1569,2.0,6.0
31.1627,-16.0,6.0
31.1667,-8.0,8.0
31.1718,10.0,8.0
31.1767,4.0,8.0
31.1817,-3.0,8.0
31.1869,3.0,8.0
31.1918,1.0,8.0
31.1967,-6.0,8.0
31.2017,0.0,8.0
31.2067,5.0,8.0
31.2118,-5.0,8.0
31.2168,-5.0,8.0
31.2217,7.0,8.0
31.2267,5.0,8.0
31.2317,-3.0,8.0
31.2368,1.0,8.0
31.2418,-2.0,8.0
31.2467,-11.0,8.0
31.2517,3.0,8.0
31.2567,18.0,8.0
31.2627,0.0,8.0
31.2668,-13.0,8.0
31.2717,-4.0,8.0
31.2767,0.0,8.0
31.2817,1.0,8.0
31.2868,10.0,8.0
31.2917,5.0,8.0
31.2968,-13.0,8.0
31.3017,-8.0,8.0
31.3067,10.0,8.0
31.3117,5.0,8.0
31.3167,-7.0,8.0
31.3218,-2.0,8.0
31.3267,4.0,8.0
31.3317,2.0,8.0
31.3367,-1.0,8.0
31.3417,-3.0,8.0
31.3467,-2.0,8.0
31.3518,2.0,8.0
31.3567,3.0,8.0
31.3619,-1.0,8.0
31.3667,-1.0,8.0
31.3718,1.0,8.0
31.3768,0.0,8.0
31.3818,0.0,8.0
31.3868,0.0,8.0
31.3919,-2.0,8.0
31.3968,-2.0,8.0
31.4017,4.0,8.0
31.4069,4.0,8.0
31.4118,-5.0,8.0
31.4168,-3.0,8.0
31.4217,5.0,8.0
31.4267,2.0,8.0
31.4318,-5.0,8.0
31.437,0.0,8.0
31.4417,2.0,8.0
31.4468,-2.0,8.0
31.4517,0.0,8.0
31.4567,7.0,8.0
31.4618,-1.0,8.0
31.4668,-8.0,8.0
31.4717,3.0,8.0
31.4772,8.0,8.0
31.4818,-9.0,8.0
31.4867,-9.0,8.0
31.4921,14.0,8.0
31.4968,12.0,8.0
31.5017,-12.0,8.0
31.5068,-10.0,8.0
31.5117,10.0,8.0
31.5167,5.0,8.0
31.5219,-11.0,8.0
31.5267,-2.0,8.0
31.5317,12.0,8.0
31.5367,3.0,8.0
31.5417,-9.0,8.0
31.5467,-1.0,8.0
31.5518,5.0,8.0
31.5568,-1.0,8.0
31.5617,-2.0,8.0
31.5667,2.0,8.0
31.5717,0.0,8.0
31.5768,0.0,8.0
31.5817,3.0,8.0
31.5867,0.0,8.0
31.5918,-5.0,8.0
31.5967,0.0,8.0
31.6017,6.0,8.0
31.6068,-1.0,8.0
31.6117,-6.0,8.0
31.6168,3.0,8.0
31.6218,8.0,8.0
31.6267,0.0,8.0
31.6319,-7.0,8.0
31.6368,-4.0,8.0
31.6418,2.0,8.0
31.6468,7.0,8.0
31.6517,1.0,8.0
31.6568,-5.0,8.0
31.6618,0.0,8.0
31.6667,3.0,8.0
31.6725,-5.0,8.0
31.6767,-5.0,8.0
31.6817,9.0,8.0
31.6867,11.0,8.0
31.6917,-10.0,8.0
31.6968,-16.0,8.0
31.7017,6.0,8.0
31.7067,14.0,8.0
31.7117,-2.0,8.0
31.7168,-6.0,10.0
31.7217,2.0,10.0
31.7267,-2.0,10.0
31.7317,-7.0,10.0
31.7367,4.0,10.0
31.7417,8.0,10.0
31.7468,1.0,10.0
31.7519,-3.0,8.0
31.7567,-7.0,8.0
31.7617,-6.0,8.0
31.7667,7.0,8.0
31.7724,10.0,8.0
31.7768,-3.0,8.0
31.7818,-5.0,8.0
31.7868,2.0,8.0
31.7917,-3.0,8.0
31.7967,-6.0,8.0
31.8018,9.0,8.0
31.8068,9.0,8.0
31.8118,-9.0,8.0
31.8167,-8.0,8.0
31.8217,6.0,8.0
31.8267,3.0,8.0
31.8318,-3.0,8.0
31.8368,2.0,8.0
31.8417,1.0,8.0
31.8467,-6.0,8.0
31.8517,0.0,8.0
31.8567,7.0,8.0
31.8617,0.0,8.0
31.8668,-8.0,8.0
31.8724,-2.0,8.0
31.8767,8.0,8.0
31.8818,9.0,8.0
31.8868,-3.0,8.0
31.892,-14.0,8.0
31.8968,-8.0,8.0
31.9017,9.0,8.0
31.9068,15.0,8.0
31.9117,2.0,8.0
31.9168,-10.0,10.0
31.9219,-10.0,10.0
31.9267,-2.0,10.0
31.9318,9.0,10.0
31.9367,10.0,10.0
31.9418,-6.0,10.0
31.947,-11.0,10.0
31.952,7.0,10.0
31.9567,8.0,10.0
31.9617,-11.0,10.0
31.9667,-7.0,10.0
31.9717,13.0,10.0
31.9767,6.0,10.0
31.9818,-13.0,10.0
31.9868,-5.0,10.0
31.9918,11.0,10.0
31.9967,4.0,10.0
32.0018,-8.0,10.0
32.0069,-3.0,10.0
32.0118,6.0,10.0
32.0167,0.0,10.0
32.0217,-5.0,10.0
32.0267,2.0,10.0
32.0317,6.0,10.0
32.0368,-2.0,10.0
32.0417,-6.0,10.0
32.0467,0.0,10.0
32.0518,6.0,10.0
32.0567,2.0,10.0
32.0618,-4.0,10.0
32.0668,-2.0,10.0
32.0718,2.0,10.0
32.0773,1.0,10.0
32.0818,0.0,10.0
32.0867,0.0,10.0
32.0917,-3.0,10.0
32.0967,0.0,10.0
32.1018,5.0,10.0
32.1067,0.0,10.0
32.1118,-6.0,10.0
32.1168,1.0,10.0
32.1219,5.0,10.0
32.1268,-2.0,10.0
32.1317,-5.0,10.0
32.1367,3.0,10.0
32.1417,4.0,10.0
32.1468,-4.0,10.0
32.1518,-4.0,10.0
32.1568,6.0,10.0
32.1617,6.0,10.0
32.1667,-6.0,10.0
32.1717,-7.0,10.0
32.1768,6.0,10.0
32.1827,6.0,10.0
32.1868,-7.0,10.0
32.1917,-6.0,10.0
32.1967,8.0,10.0
32.2026,8.0,10.0
32.2069,-9.0,10.0
32.2119,-10.0,10.0
32.2168,8.0,10.0
32.2217,8.0,10.0
32.2267,-7.0,10.0
32.2319,-6.0,10.0
32.2369,3.0,10.0
32.2418,4.0,10.0
32.2468,3.0,10.0
32.2517,-4.0,10.0
32.257,-10.0,10.0
32.2617,2.0,10.0
32.2669,16.0,10.0
32.272,2.0,10.0
32.2767,-15.0,10.0
32.2817,-6.0,10.0
32.2867,6.0,10.0
32.2918,6.0,10.0
32.2968,5.0,10.0
32.3018,-1.0,10.0
32.3067,-10.0,10.0
32.3117,-1.0,10.0
32.3167,7.0,10.0
32.3219,0.0,10.0
32.3268,-1.0,10.0
32.3317,7.0,10.0
32.3367,-2.0,10.0
32.3417,-10.0,10.0
32.3467,6.0,10.0
32.3521,10.0,10.0
32.3568,-9.0,10.0
32.3617,-8.0,10.0
32.3667,8.0,10.0
32.3718,4.0,10.0
32.3767,-3.0,10.0
32.3817,4.0,10.0
32.3871,0.0,10.0
32.3918,-12.0,10.0
32.3967,-2.0,10.0
32.4017,13.0,10.0
32.4067,4.0,10.0
32.4121,-9.0,10.0
32.4168,-1.0,10.0
32.4217,5.0,10.0
32.4267,-4.0,10.0
32.4317,-2.0,10.0
32.4372,9.0,10.0
32.4423,0.0,10.0
32.4467,-12.0,10.0
32.4518,-2.0,10.0
32.4567,10.0,10.0
32.4618,6.0,10.0
32.4672,-3.0,10.0
32.4718,-7.0,10.0
32.4771,-4.0,10.0
32.4817,3.0,10.0
32.4867,5.0,10.0
32.492,1.0,10.0
32.4967,-1.0,10.0
32.5022,0.0,10.0
32.5067,-5.0,10.0
32.5118,-4.0,10.0
32.5169,6.0,10.0
32.5217,4.0,10.0
32.5271,-4.0,10.0
32.5317,3.0,10.0
32.5367,8.0,10.0
32.5418,-10.0,10.0
32.5469,-14.0,10.0
32.5524,7.0,10.0
32.5568,14.0,10.0
32.5617,0.0,10.0
32.5667,-4.0,10.0
32.5718,-2.0,10.0
32.5769,-3.0,10.0
32.5825,-2.0,10.0
32.5871,1.0,10.0
32.5918,7.0,10.0
32.5967,5.0,10.0
32.6018,-7.0,10.0
32.6076,-10.0,10.0
32.6117,3.0,10.0
32.6174,9.0,10.0
32.6217,0.0,10.0
32.6269,-3.0,10.0
32.6318,-3.0,10.0
32.6369,-1.0,8.0
32.6424,3.0,8.0
32.6466,3.0,8.0
32.6519,-1.0,8.0
32.6569,-3.0,8.0
32.6618,1.0,8.0
32.6673,3.0,8.0
32.6722,-3.0,8.0
32.6768,-4.0,8.0
32.6816,5.0,8.0
32.6869,5.0,8.0
32.693,-4.0,8.0
32.6979,-6.0,8.0
32.7019,2.0,8.0
32.7068,7.0,8.0
32.7118,0.0,8.0
32.7169,-8.0,10.0
32.7222,-2.0,10.0
32.7269,8.0,10.0
32.7317,5.0,10.0
32.7367,-6.0,10.0
32.7419,-5.0,10.0
32.7469,5.0,10.0
32.752,3.0,10.0
32.7575,-6.0,10.0
32.7619,-4.0,10.0
32.7669,8.0,10.0
32.7719,8.0,10.0
32.7768,-10.0,10.0
32.7818,-14.0,10.0
32.7868,7.0,10.0
32.7918,16.0,10.0
32.7968,-2.0,10.0
32.802,-12.0,10.0
32.807,-2.0,10.0
32.8119,5.0,10.0
32.8168,5.0,10.0
32.8219,-1.0,10.0
32.8269,-9.0,10.0
32.8329,2.0,10.0
32.8372,13.0,10.0
32.8423,-3.0,10.0
32.8478,-15.0,10.0
32.8518,3.0,10.0
32.8569,12.0,10.0
32.8619,-3.0,10.0
32.8673,-7.0,10.0
32.8723,5.0,10.0
32.8775,3.0,10.0
32.8819,-5.0,10.0
32.887,-2.0,10.0
32.892,4.0,10.0
32.8968,0.0,10.0
32.9022,-4.0,10.0
32.9073,0.0,10.0
32.9119,5.0,10.0
32.9167,-1.0,10.0
32.922,-4.0,10.0
32.9268,1.0,10.0
32.9319,1.0,10.0
32.9368,-2.0,10.0
32.9417,0.0,10.0
32.9471,5.0,8.0
32.9518,0.0,8.0
32.9572,-6.0,8.0
32.9622,-4.0,8.0
32.9669,3.0,8.0
32.9718,7.0,8.0
32.9769,0.0,8.0
32.982,-4.0,8.0
32.9868,0.0,8.0
32.9919,0.0,8.0
32.9969,-2.0,8.0
33.0025,-1.0,8.0
33.0069,2.0,8.0
33.0122,6.0,8.0
33.0172,0.0,8.0
33.0221,-10.0,8.0
33.0268,-2.0,8.0
33.0318,9.0,8.0
33.0368,3.0,8.0
33.0424,-6.0,8.0
33.0471,-3.0,8.0
33.0519,3.0,8.0
33.0568,4.0,8.0
33.062,0.0,8.0
33.0675,-5.0,8.0
33.0717,-2.0,8.0
33.0767,2.0,8.0
33.0816,3.0,8.0
33.0867,5.0,8.0
33.0918,0.0,8.0
33.0967,-12.0,8.0
33.103,-4.0,8.0
33.1067,14.0,8.0
33.1117,8.0,8.0
33.1167,-9.0,8.0
33.1222,-7.0,8.0
33.1267,1.0,8.0
33.1318,2.0,8.0
33.1368,2.0,8.0
33.1417,1.0,8.0
33.1467,-2.0,8.0
33.1518,-2.0,8.0
33.1568,2.0,8.0
33.1617,3.0,8.0
33.1667,-4.0,8.0
33.1717,-5.0,8.0
33.1769,7.0,8.0
33.1817,10.0,8.0
33.1868,-5.0,8.0
33.1917,-14.0,8.0
33.1967,0.0,8.0
33.2017,12.0,8.0
33.2067,4.0,8.0
33.2118,-6.0,8.0
33.2169,-2.0,8.0
33.2217,3.0,8.0
33.2267,0.0,8.0
33.2317,-5.0,8.0
33.2367,-4.0,8.0
33.2418,6.0,8.0
33.2468,10.0,8.0
33.2517,-3.0,8.0
33.2567,-13.0,8.0
33.2617,-3.0,8.0
33.2668,10.0,8.0
33.2717,7.0,8.0
33.2767,-4.0,8.0
33.2817,-6.0,8.0
33.2875,0.0,8.0
33.2918,3.0,8.0
33.2968,-1.0,8.0
33.3018,-5.0,8.0
33.3067,1.0,8.0
33.3117,10.0,8.0
33.3167,2.0,8.0
33.3218,-14.0,8.0
33.3268,-9.0,8.0
33.3317,12.0,8.0
33.3367,14.0,8.0
33.3417,-5.0,8.0
33.3468,-14.0,10.0
33.3518,0.0,10.0
33.3567,9.0,10.0
33.3619,2.0,10.0
33.3667,-2.0,10.0
33.3717,-4.0,8.0
33.3769,-4.0,8.0
33.3818,3.0,8.0
33.3867,9.0,8.0
33.3917,0.0,8.0
33.3968,-10.0,10.0
33.4017,-6.0,10.0
33.4067,5.0,8.0
33.4117,8.0,8.0
33.4168,2.0,8.0
33.4217,-4.0,8.0
33.4267,-5.0,8.0
33.4318,0.0,8.0
33.4368,2.0,8.0
33.4418,0.0,8.0
33.4468,1.0,8.0
33.4518,2.0,8.0
33.4569,-3.0,8.0
33.4618,-3.0,8.0
33.467,2.0,8.0
33.4718,1.0,8.0
33.4768,-3.0,8.0
33.4818,0.0,8.0
33.4867,6.0,8.0
33.4917,1.0,8.0
33.4968,-7.0,8.0
33.5018,-4.0,8.0
33.5067,4.0,8.0
33.5117,4.0,8.0
33.5167,0.0,8.0
33.5217,0.0,8.0
33.5267,-4.0,8.0
33.5317,-4.0,8.0
33.5367,3.0,8.0
33.5416,5.0,8.0
33.547,-1.0,8.0
33.5519,-2.0,8.0
33.5568,1.0,8.0
33.5618,1.0,8.0
33.5667,-3.0,8.0
33.5717,-2.0,8.0
33.5769,2.0,8.0
33.5818,2.0,8.0
33.5868,0.0,8.0
33.5918,-1.0,8.0
33.5967,-2.0,8.0
33.6016,0.0,8.0
33.6066,2.0,8.0
33.6118,1.0,8.0
33.6169,1.0,8.0
33.6217,0.0,8.0
33.6267,-6.0,8.0
33.6317,-5.0,8.0
33.6368,7.0,8.0
33.6418,9.0,8.0
33.6467,-3.0,8.0
33.6517,-7.0,8.0
33.6567,-3.0,8.0
33.6617,0.0,8.0
33.6667,6.0,8.0
33.672,9.0,8.0
33.6768,-3.0,8.0
33.6818,-12.0,8.0
33.6867,-1.0,8.0
33.6917,8.0,8.0
33.6967,2.0,8.0
33.7019,-2.0,8.0
33.7067,1.0,8.0
33.7117,-2.0,8.0
33.7166,-6.0,8.0
33.7218,3.0,8.0
33.7267,7.0,8.0
33.7317,-3.0,8.0
33.7368,-5.0,8.0
33.7416,5.0,8.0
33.7466,2.0,8.0
33.752,-7.0,8.0
33.7568,0.0,8.0
33.7621,6.0,8.0
33.7667,0.0,8.0
33.7717,-2.0,8.0
33.7767,0.0,8.0
33.7817,0.0,8.0
33.7868,0.0,8.0
33.7919,0.0,8.0
33.7967,-3.0,8.0
33.8017,1.0,8.0
33.8068,6.0,8.0
33.8118,0.0,8.0
33.8168,-5.0,8.0
33.8217,-1.0,6.0
33.8267,0.0,6.0
33.8317,-3.0,6.0
33.8367,1.0,6.0
33.8417,8.0,6.0
33.8467,2.0,6.0
33.8517,-5.0,6.0
33.8567,-4.0,6.0
33.8617,0.0,6.0
33.8668,2.0,6.0
33.8719,3.0,6.0
33.8767,0.0,6.0
33.8829,-5.0,6.0
33.8867,-2.0,6.0
33.8917,7.0,6.0
33.8967,4.0,6.0
33.9018,-8.0,6.0
33.9068,-5.0,6.0
33.9117,7.0,6.0
33.9166,6.0,6.0
33.9217,-5.0,6.0
33.9277,-6.0,6.0
33.9317,2.0,6.0
33.9367,4.0,6.0
33.9417,-1.0,6.0
33.9467,-3.0,6.0
33.9517,4.0,6.0
33.9568,3.0,6.0
33.9618,-5.0,6.0
33.9668,-3.0,6.0
33.9718,4.0,6.0
33.9768,0.0,6.0
33.9817,-3.0,6.0
33.9868,2.0,6.0
33.9919,3.0,6.0
33.9967,0.0,6.0
34.0017,-4.0,6.0
34.007,-4.0,6.0
34.0118,3.0,6.0
34.0168,8.0,6.0
34.0219,-1.0,6.0
34.0267,-6.0,6.0
34.0318,0.0,6.0
34.0367,1.0,6.0
34.0418,0.0,6.0
34.0468,0.0,6.0
34.0517,-1.0,6.0
34.0567,0.0,6.0
34.0617,2.0,4.0
34.0667,0.0,4.0
34.0718,-3.0,4.0
34.0767,-2.0,4.0
34.0817,2.0,4.0
34.0867,5.0,6.0
34.0917,1.0,6.0
34.0967,-3.0,6.0
34.1019,-3.0,6.0
34.1068,-3.0,6.0
34.1117,-1.0,6.0
34.1167,9.0,6.0
34.1219,9.0,6.0
34.1267,-8.0,6.0
34.1322,-8.0,6.0
34.1367,4.0,6.0
34.1416,0.0,6.0
34.1478,-4.0,6.0
34.1519,8.0,6.0
34.1568,8.0,6.0
34.1619,-7.0,6.0
34.1668,-8.0,6.0
34.1717,0.0,6.0
34.1767,2.0,6.0
34.1818,3.0,6.0
34.1867,4.0,6.0
34.1919,-2.0,6.0
34.1967,-4.0,6.0
34.2017,-2.0,6.0
34.2066,-2.0,6.0
34.2118,2.0,6.0
34.2168,8.0,6.0
34.2217,1.0,6.0
34.2266,-7.0,6.0
34.232,-1.0,6.0
34.2372,3.0,6.0
34.2417,0.0,6.0
34.2467,-1.0,6.0
34.2518,4.0,6.0
34.2567,2.0,6.0
34.2622,-5.0,6.0
34.2667,-2.0,6.0
34.2718,5.0,6.0
34.2768,0.0,6.0
34.2817,-9.0,6.0
34.2867,2.0,6.0
34.2917,15.0,6.0
34.2967,0.0,6.0
34.302,-15.0,6.0
34.3067,-3.0,6.0
34.3116,9.0,6.0
34.3167,2.0,6.0
34.322,-3.0,6.0
34.3266,0.0,6.0
34.3322,3.0,6.0
34.3367,1.0,6.0
34.3416,-4.0,6.0
34.3467,-7.0,6.0
34.3524,0.0,6.0
34.3567,10.0,6.0
34.3617,6.0,6.0
34.3667,-5.0,6.0
34.3717,-5.0,6.0
34.3767,0.0,6.0
34.3818,-1.0,6.0
34.3867,0.0,6.0
34.3917,8.0,6.0
34.3967,4.0,6.0
34.4017,-10.0,6.0
34.4069,-10.0,6.0
34.4117,7.0,6.0
34.4168,13.0,6.0
34.4217,0.0,6.0
34.4267,-9.0,6.0
34.433,-3.0,6.0
34.4367,2.0,6.0
34.4417,2.0,6.0
34.4468,0.0,6.0
34.4517,0.0,6.0
34.4567,0.0,6.0
34.4617,3.0,6.0
34.4675,3.0,6.0
34.4717,-5.0,6.0
34.4768,-6.0,6.0
34.4818,2.0,6.0
34.4868,4.0,6.0
34.4918,0.0,6.0
34.4968,3.0,6.0
34.5017,0.0,6.0
34.5067,-7.0,6.0
34.5116,-5.0,6.0
34.5166,4.0,6.0
34.5217,8.0,6.0
34.5267,1.0,6.0
34.5318,-6.0,6.0
34.5367,-4.0,6.0
34.5416,1.0,6.0
34.5468,0.0,6.0
34.552,0.0,6.0
34.5568,5.0,6.0
34.562,0.0,6.0
34.5667,-7.0,6.0
34.5717,0.0,6.0
34.5767,5.0,6.0
34.5818,-3.0,6.0
34.5869,-4.0,6.0
34.5918,6.0,6.0
34.5966,9.0,6.0
34.6017,-5.0,6.0
34.6069,-13.0,6.0
34.6117,0.0,6.0
34.6169,12.0,6.0
34.6217,1.0,6.0
34.6267,-9.0,6.0
34.6317,-1.0,6.0
34.6376,6.0,6.0
34.6417,3.0,6.0
34.6468,-4.0,6.0
34.6517,-8.0,6.0
34.6567,-1.0,6.0
34.6617,13.0,6.0
34.6667,8.0,8.0
34.6719,-11.0,8.0
34.6769,-11.0,8.0
34.6817,5.0,8.0
34.6867,7.0,8.0
34.6919,0.0,8.0
34.6967,0.0,8.0
34.7017,0.0,8.0
34.7068,-5.0,8.0
34.7118,-3.0,8.0
34.7166,5.0,8.0
34.7219,5.0,8.0
34.7267,-1.0,8.0
34.7318,-2.0,8.0
34.7367,0.0,8.0
34.7416,0.0,8.0
34.7467,-3.0,8.0
34.7518,-1.0,8.0
34.7567,5.0,8.0
34.7618,5.0,8.0
34.7667,-4.0,8.0
34.7717,-6.0,8.0
34.7768,2.0,8.0
34.7818,3.0,8.0
34.7868,-3.0,8.0
34.7918,0.0,8.0
34.7968,6.0,8.0
34.8017,0.0,8.0
34.8068,-7.0,8.0
34.8117,0.0,8.0
34.8167,5.0,8.0
34.8218,0.0,8.0
34.8266,-2.0,6.0
34.8317,1.0,6.0
34.837,0.0,6.0
34.8425,-2.0,6.0
34.8467,2.0,6.0
34.8517,1.0,6.0
34.8566,0.0,6.0
34.8617,1.0,6.0
34.8667,-1.0,6.0
34.8719,-4.0,6.0
34.8767,2.0,6.0
34.8817,3.0,6.0
34.8867,-1.0,6.0
34.8917,0.0,6.0
34.8968,-1.0,6.0
34.9017,-8.0,6.0
34.9068,1.0,6.0
34.9117,14.0,6.0
34.9166,2.0,6.0
34.9218,-11.0,6.0
34.9267,-5.0,6.0
34.9318,2.0,6.0
34.9367,3.0,6.0
34.9416,2.0,6.0
34.9467,0.0,6.0
34.9517,-1.0,6.0
34.9569,0.0,6.0
34.9619,0.0,6.0
34.9667,-2.0,6.0
34.9716,1.0,6.0
34.9766,6.0,6.0
34.9817,0.0,6.0
34.9867,-9.0,6.0
34.9917,-1.0,6.0
34.9968,7.0,6.0
35.0018,1.0,6.0
35.0069,-4.0,6.0
35.0118,0.0,6.0
35.0168,5.0,6.0
35.0217,2.0,6.0
35.0267,-7.0,6.0
35.0317,-6.0,6.0
35.0369,6.0,6.0
35.0417,9.0,6.0
35.0468,0.0,6.0
35.0517,-3.0,6.0
35.0567,-4.0,6.0
35.0617,-5.0,6.0
35.0667,3.0,6.0
35.0719,11.0,6.0
35.0767,0.0,6.0
35.0817,-9.0,6.0
35.0867,-1.0,6.0
35.0917,3.0,6.0
35.0967,0.0,6.0
35.1018,-1.0,6.0
35.1067,0.0,6.0
35.1117,2.0,6.0
35.1167,2.0,6.0
35.1218,-3.0,6.0
35.1269,-4.0,6.0
35.1318,1.0,6.0
35.1368,4.0,6.0
35.1417,1.0,6.0
35.1466,-2.0,6.0
35.1518,-5.0,6.0
35.1568,1.0,6.0
35.1619,6.0,6.0
35.1667,-3.0,6.0
35.1717,-3.0,6.0
35.1766,8.0,6.0
35.1817,2.0,6.0
35.1868,-12.0,6.0
35.1918,-3.0,6.0
35.1967,11.0,6.0
35.2017,3.0,6.0
35.2069,-6.0,6.0
35.2118,0.0,6.0
35.2168,3.0,6.0
35.2217,-2.0,6.0
35.2267,-1.0,6.0
35.2317,2.0,6.0
35.2367,-1.0,6.0
35.2418,-2.0,6.0
35.2469,1.0,6.0
35.2528,4.0,6.0
35.2567,1.0,6.0
35.2616,-5.0,6.0
35.2668,-6.0,6.0
35.2716,4.0,6.0
35.2768,11.0,6.0
35.2818,2.0,6.0
35.2867,-12.0,6.0
35.2921,-11.0,6.0
35.2967,8.0,6.0
35.3017,16.0,6.0
35.3068,-2.0,6.0
35.3117,-14.0,6.0
35.3166,0.0,6.0
35.3219,7.0,6.0
35.3267,-2.0,6.0
35.3318,-1.0,6.0
35.3366,9.0,6.0
35.3417,1.0,6.0
35.3469,-10.0,6.0
35.3519,-6.0,6.0
35.3569,2.0,6.0
35.3618,7.0,6.0
35.3667,5.0,6.0
35.3717,-4.0,6.0
35.3768,-5.0,6.0
35.3817,2.0,6.0
35.3868,0.0,6.0
35.3918,-2.0,6.0
35.3967,3.0,6.0
35.4017,1.0,6.0
35.4068,-6.0,6.0
35.4118,4.0,6.0
35.4168,10.0,6.0
35.4218,-7.0,6.0
35.4268,-13.0,6.0
35.4318,3.0,6.0
35.4368,10.0,6.0
35.4417,2.0,6.0
35.4467,-3.0,6.0
35.4517,-5.0,6.0
35.4573,-1.0,6.0
35.4618,5.0,6.0
35.4667,2.0,6.0
35.4718,-4.0,6.0
35.4767,-1.0,6.0
35.4817,1.0,6.0
35.4867,-1.0,6.0
35.4917,1.0,6.0
35.4967,4.0,6.0
35.5017,0.0,6.0
35.5067,-4.0,6.0
35.5117,-2.0,6.0
35.5167,1.0,6.0
35.5221,0.0,6.0
35.5268,3.0,6.0
35.5318,5.0,6.0
35.5367,-1.0,6.0
35.5418,-9.0,8.0
35.5467,-4.0,8.0
35.5518,7.0,6.0
35.5569,10.0,8.0
35.5621,-1.0,6.0
35.5667,-10.0,6.0
35.5717,-2.0,6.0
35.5767,8.0,8.0
35.5817,1.0,8.0
35.5868,-7.0,8.0
35.5918,-1.0,8.0
35.5966,6.0,8.0
35.6017,3.0,8.0
35.6067,-2.0,8.0
35.6117,-7.0,8.0
35.6167,-3.0,8.0
35.6217,6.0,8.0
35.6267,6.0,8.0
35.6317,-1.0,8.0
35.6368,-4.0,8.0
35.6418,-1.0,8.0
35.6468,0.0,8.0
35.6517,0.0,8.0
35.6567,0.0,8.0
35.6617,1.0,8.0
35.6669,0.0,8.0
35.6719,-2.0,8.0
35.6768,-3.0,6.0
35.6817,0.0,6.0
35.6867,7.0,6.0
35.6916,4.0,6.0
35.6968,-9.0,8.0
35.7019,-9.0,8.0
35.7067,8.0,8.0
35.7117,10.0,8.0
35.7166,-6.0,8.0
35.7219,-6.0,8.0
35.7266,5.0,8.0
35.7319,2.0,8.0
35.7368,-5.0,8.0
35.7417,-1.0,8.0
35.7467,5.0,8.0
35.7518,3.0,8.0
35.7569,-4.0,8.0
35.7619,-5.0,8.0
35.7667,4.0,8.0
35.7716,7.0,8.0
35.7767,-3.0,8.0
35.7817,-7.0,8.0
35.7869,1.0,8.0
35.7917,6.0,8.0
35.7967,0.0,8.0
35.8016,-4.0,8.0
35.8066,-2.0,8.0
35.8117,3.0,8.0
35.8168,5.0,8.0
35.8218,0.0,8.0
35.8267,-7.0,8.0
35.8318,-3.0,8.0
35.8367,6.0,8.0
35.8419,9.0,8.0
35.8468,-3.0,8.0
35.8517,-11.0,8.0
35.8567,1.0,8.0
35.8617,10.0,8.0
35.8671,-1.0,8.0
35.8717,-5.0,8.0
35.8769,4.0,8.0
35.8839,0.0,8.0
35.8867,-7.0,8.0
35.8916,2.0,8.0
35.8967,5.0,8.0
35.9018,-7.0,8.0
35.9067,0.0,8.0
35.9117,13.0,8.0
35.9166,-1.0,8.0
35.9217,-15.0,8.0
35.9267,1.0,8.0
35.9318,8.0,8.0
35.9368,-6.0,8.0
35.9417,0.0,8.0
35.9468,15.0,8.0
35.9523,-3.0,8.0
35.9568,-21.0,8.0
35.9618,1.0,8.0
35.9667,20.0,8.0
35.9716,1.0,8.0
35.977,-11.0,8.0
35.9818,-2.0,8.0
35.9867,1.0,8.0
35.9918,-1.0,8.0
35.9966,0.0,8.0
36.0017,7.0,8.0
36.0068,5.0,8.0
36.0119,-8.0,8.0
36.0168,-12.0,8.0
36.0217,2.0,8.0
36.0267,11.0,8.0
36.0317,2.0,8.0
36.0367,-4.0,8.0
36.0418,0.0,8.0
36.0468,0.0,8.0
36.0518,-7.0,8.0
36.0567,-2.0,8.0
36.0618,12.0,8.0
36.0666,8.0,8.0
36.0719,-11.0,8.0
36.0767,-11.0,8.0
36.0817,6.0,8.0
36.0867,12.0,8.0
36.0917,0.0,8.0
36.0967,-10.0,8.0
36.1018,-1.0,8.0
36.1067,6.0,8.0
36.1116,0.0,8.0
36.1167,-2.0,8.0
36.1218,3.0,8.0
36.1269,1.0,8.0
36.1318,-7.0,8.0
36.1367,-6.0,8.0
36.1417,7.0,8.0
36.1467,13.0,8.0
36.1518,-2.0,8.0
36.1568,-15.0,8.0
36.1618,-5.0,10.0
36.1667,11.0,10.0
36.1717,7.0,10.0
36.1767,-4.0,10.0
36.1818,-4.0,10.0
36.1869,1.0,10.0
36.1917,-2.0,10.0
36.1967,-2.0,8.0
36.2017,6.0,10.0
36.2066,5.0,8.0
36.2117,-6.0,10.0
36.2168,-6.0,8.0
36.2217,4.0,10.0
36.2267,5.0,8.0
36.2316,-1.0,8.0
36.2367,-3.0,8.0
36.2417,-1.0,8.0
36.2466,3.0,8.0
36.2517,5.0,8.0
36.2567,-5.0,8.0
36.2618,-8.0,8.0
36.2668,7.0,8.0
36.2717,7.0,10.0
36.277,-11.0,10.0
36.2817,-3.0,10.0
36.2867,14.0,10.0
36.2917,0.0,10.0
36.2969,-14.0,10.0
36.3018,3.0,10.0
36.3068,11.0,10.0
36.3116,-9.0,10.0
36.3167,-7.0,10.0
36.3218,15.0,10.0
36.3269,6.0,10.0
36.3319,-14.0,10.0
36.3367,-6.0,10.0
36.3417,8.0,10.0
36.3467,3.0,10.0
36.3519,-1.0,10.0
36.3569,0.0,10.0
36.3617,-2.0,10.0
36.3667,0.0,10.0
36.3716,2.0,10.0
36.3768,-2.0,10.0
36.3818,-2.0,10.0
36.3868,6.0,10.0
36.3917,1.0,10.0
36.3967,-10.0,10.0
36.4017,-2.0,10.0
36.4069,11.0,10.0
36.4118,3.0,10.0
36.4167,-11.0,10.0
36.4217,-6.0,10.0
36.4266,9.0,10.0
36.4317,7.0,10.0
36.4372,-7.0,10.0
36.4417,-5.0,10.0
36.4468,4.0,10.0
36.4517,1.0,10.0
36.4568,-3.0,10.0
36.4618,4.0,10.0
36.467,2.0,10.0
36.4717,-10.0,10.0
36.4768,-1.0,10.0
36.4817,13.0,10.0
36.4872,-2.0,10.0
36.4917,-13.0,10.0
36.4979,4.0,10.0
36.5018,11.0,10.0
36.5068,-5.0,10.0
36.5116,-8.0,10.0
36.5167,1.0,10.0
36.5218,5.0,10.0
36.5268,3.0,10.0
36.5318,0.0,10.0
36.5367,-6.0,10.0
36.5416,-6.0,10.0
36.5467,3.0,10.0
36.5517,11.0,10.0
36.5568,2.0,10.0
36.5618,-11.0,10.0
36.5668,-7.0,10.0
36.5717,8.0,10.0
36.5767,7.0,10.0
36.5819,-6.0,10.0
36.5868,-5.0,10.0
36.5917,5.0,10.0
36.5968,2.0,10.0
36.6017,-5.0,10.0
36.6068,1.0,10.0
36.6118,6.0,10.0
36.6169,-5.0,10.0
36.6219,-6.0,10.0
36.6267,7.0,10.0
36.6317,7.0,10.0
36.6369,-5.0,10.0
36.6417,-7.0,10.0
36.6468,0.0,10.0
36.6518,6.0,10.0
36.6567,3.0,10.0
36.6617,-5.0,10.0
36.6668,-2.0,10.0
36.6718,6.0,10.0
36.6767,0.0,10.0
36.6818,-10.0,10.0
36.6867,-3.0,10.0
36.6921,10.0,10.0
36.6967,7.0,10.0
36.7017,-5.0,10.0
36.7067,-6.0,10.0
36.7117,0.0,10.0
36.7167,0.0,10.0
36.7217,0.0,10.0
36.7268,5.0,10.0
36.7317,3.0,10.0
36.7367,-6.0,10.0
36.7417,-5.0,10.0
36.7467,1.0,10.0
36.7517,1.0,10.0
36.7568,0.0,10.0
36.7617,5.0,10.0
36.7667,1.0,10.0
36.7717,-8.0,10.0
36.7768,-6.0,10.0
36.7818,4.0,10.0
36.7878,7.0,10.0
36.7916,0.0,10.0
36.7967,-5.0,10.0
36.8017,-4.0,10.0
36.8068,0.0,10.0
36.8118,8.0,10.0
36.8169,11.0,10.0
36.8217,-6.0,10.0
36.8267,-23.0,10.0
36.8317,-3.0,10.0
36.8367,24.0,10.0
36.8419,13.0,10.0
36.8469,-13.0,10.0
36.8517,-13.0,10.0
36.8567,1.0,10.0
36.8617,4.0,10.0
36.8669,2.0,10.0
36.8718,1.0,10.0
36.8768,-2.0,10.0
36.8817,0.0,10.0
36.8866,4.0,10.0
36.8918,-5.0,10.0
36.8967,-11.0,10.0
36.9018,2.0,10.0
36.9068,13.0,10.0
36.9117,5.0,10.0
36.9167,-5.0,10.0
36.9216,-8.0,10.0
36.9267,-3.0,10.0
36.932,2.0,10.0
36.9367,4.0,10.0
36.9417,7.0,10.0
36.9467,4.0,10.0
36.9518,-12.0,10.0
36.9568,-15.0,10.0
36.9617,9.0,10.0
36.9668,16.0,10.0
36.9717,-3.0,10.0
36.9767,-7.0,10.0
36.9818,2.0,10.0
36.9868,-2.0,10.0
36.9917,-6.0,10.0
36.9967,5.0,10.0
37.0018,8.0,10.0
37.0066,-3.0,10.0
37.0119,-6.0,10.0
37.0169,2.0,10.0
37.0218,4.0,10.0
37.0266,-1.0,10.0
37.0317,-3.0,10.0
37.0367,0.0,10.0
37.0418,0.0,10.0
37.0467,-1.0,10.0
37.0517,5.0,10.0
37.0566,8.0,10.0
37.0617,-9.0,10.0
37.0668,-15.0,10.0
37.0719,7.0,10.0
37.0768,13.0,10.0
37.0817,-4.0,10.0
37.0867,-3.0,10.0
37.0918,4.0,10.0
37.0967,-7.0,10.0
37.1021,-9.0,10.0
37.1067,8.0,10.0
37.1116,9.0,10.0
37.1172,-3.0,10.0
37.1217,-1.0,10.0
37.1267,3.0,10.0
37.1317,-7.0,10.0
37.1367,-9.0,10.0
37.1416,9.0,10.0
37.1467,15.0,10.0
37.1519,-4.0,10.0
37.1569,-14.0,10.0
37.1617,0.0,10.0
37.1667,7.0,10.0
37.1717,0.0,10.0
37.1767,0.0,10.0
37.1817,0.0,10.0
37.1869,-5.0,10.0
37.1917,0.0,10.0
37.1971,7.0,10.0
37.2022,-1.0,10.0
37.2067,-6.0,10.0
37.2118,2.0,10.0
37.2167,1.0,10.0
37.2217,-4.0,10.0
37.2267,1.0,10.0
37.2317,3.0,10.0
37.2367,-1.0,10.0
37.2418,0.0,10.0
37.2468,1.0,10.0
37.2517,-1.0,10.0
37.2567,-4.0,10.0
37.2617,-2.0,10.0
37.2667,4.0,10.0
37.2718,7.0,10.0
37.2767,0.0,10.0
37.2817,-8.0,10.0
37.2867,-3.0,10.0
37.2917,7.0,10.0
37.2968,6.0,10.0
37.3017,-5.0,10.0
37.3067,-6.0,10.0
37.3117,4.0,10.0
37.3167,2.0,10.0
37.3217,-5.0,10.0
37.3269,2.0,10.0
37.3318,7.0,10.0
37.3367,-4.0,10.0
37.3416,-6.0,10.0
37.3467,3.0,10.0
37.3518,1.0,10.0
37.3568,-3.0,10.0
37.3618,4.0,10.0
37.3667,4.0,10.0
37.3717,-6.0,10.0
37.3767,-4.0,10.0
37.3817,4.0,10.0
37.3868,2.0,10.0
37.3918,-2.0,10.0
37.3967,0.0,10.0
37.4017,1.0,10.0
37.4072,-2.0,10.0
37.4117,-2.0,10.0
37.417,2.0,10.0
37.4217,3.0,10.0
37.4267,-1.0,10.0
37.4316,-4.0,10.0
37.4367,1.0,10.0
37.4416,4.0,10.0
37.4468,0.0,10.0
37.4518,-5.0,10.0
37.4566,-1.0,8.0
37.4616,3.0,8.0
37.4666,4.0,8.0
37.4718,1.0,8.0
37.4768,-3.0,8.0
37.4817,-6.0,8.0
37.4867,0.0,8.0
37.4919,6.0,8.0
37.4968,2.0,8.0
37.5019,-1.0,8.0
37.507,0.0,8.0
37.5116,-3.0,8.0
37.5168,-5.0,8.0
37.5226,2.0,8.0
37.5272,11.0,8.0
37.5321,3.0,8.0
37.5369,-12.0,8.0
37.5419,-10.0,8.0
37.547,8.0,8.0
37.5518,14.0,8.0
37.5571,0.0,8.0
37.5622,-11.0,8.0
37.5675,-5.0,8.0
37.5718,4.0,8.0
37.5769,4.0,8.0
37.5824,1.0,8.0
37.5871,0.0,8.0
37.5918,-2.0,8.0
37.5968,0.0,8.0
37.6019,0.0,8.0
37.6078,-2.0,8.0
37.6129,1.0,8.0
37.6172,6.0,8.0
37.6217,-2.0,8.0
37.6266,-8.0,8.0
37.632,3.0,8.0
37.6372,9.0,8.0
37.6422,-2.0,8.0
37.6476,-8.0,8.0
37.6519,-1.0,8.0
37.6568,4.0,8.0
37.662,2.0,8.0
37.6669,1.0,8.0
37.6723,2.0,8.0
37.6777,-3.0,8.0
37.6816,-8.0,8.0
37.687,-1.0,8.0
37.6918,9.0,8.0
37.6967,9.0,8.0
37.7022,-3.0,8.0
37.7069,-13.0,8.0
37.7123,-6.0,8.0
37.717,11.0,8.0
37.7223,14.0,8.0
37.7273,-4.0,8.0
37.7327,-15.0,8.0
37.737,-1.0,8.0
37.7418,9.0,8.0
37.7468,3.0,8.0
37.7522,-3.0,8.0
37.7569,-2.0,8.0
37.7619,0.0,8.0
37.767,0.0,8.0
37.7718,2.0,8.0
37.7769,0.0,6.0
37.7822,-4.0,6.0
37.7872,0.0,6.0
37.7921,7.0,6.0
37.7968,1.0,6.0
37.8017,-11.0,6.0
37.8069,-1.0,6.0
37.8131,14.0,6.0
37.8178,2.0,6.0
37.822,-14.0,8.0
37.8269,-2.0,8.0
37.8319,9.0,8.0
37.8371,-1.0,8.0
37.8425,-4.0,8.0
37.8466,8.0,8.0
37.8517,2.0,8.0
37.8566,-12.0,8.0
37.862,-3.0,8.0
37.8672,11.0,8.0
37.8722,3.0,8.0
37.8772,-7.0,8.0
37.8855,-1.0,8.0
37.8866,3.0,8.0
37.8919,1.0,8.0
37.8968,-4.0,8.0
37.9018,-6.0,8.0
37.9068,5.0,8.0
37.9118,16.0,8.0
37.9172,0.0,8.0
37.9219,-20.0,8.0
37.9272,-7.0,8.0
37.9323,13.0,8.0
37.938,9.0,8.0
37.9419,-4.0,8.0
37.9469,-7.0,8.0
37.952,1.0,8.0
37.9571,7.0,8.0
37.9622,-1.0,8.0
37.9669,-8.0,8.0
37.9719,-1.0,8.0
37.977,7.0,8.0
37.9818,7.0,8.0
37.9871,-1.0,8.0
37.9919,-12.0,8.0
37.9968,-7.0,8.0
38.0019,11.0,8.0
38.0069,11.0,8.0
38.0119,-5.0,8.0
38.0172,-9.0,8.0
38.0218,1.0,8.0
38.0266,4.0,8.0
38.0319,-1.0,8.0
38.0371,-3.0,8.0
38.0418,2.0,8.0
38.0472,3.0,8.0
38.0522,0.0,8.0
38.0568,0.0,8.0
38.0619,-1.0,8.0
38.0672,-5.0,8.0
38.072,-2.0,8.0
38.0772,6.0,8.0
38.0819,7.0,8.0
38.0869,0.0,8.0
38.0921,-6.0,8.0
38.0974,-6.0,8.0
38.1021,0.0,8.0
38.1066,6.0,8.0
38.1116,6.0,8.0
38.117,-1.0,8.0
38.1218,-11.0,10.0
38.1272,-2.0,10.0
38.1324,13.0,10.0
38.1368,4.0,10.0
38.1417,-12.0,10.0
38.1467,-5.0,10.0
38.1527,7.0,10.0
38.1572,3.0,10.0
38.1622,0.0,10.0
38.1668,1.0,10.0
38.1719,-5.0,10.0
38.1771,-6.0,10.0
38.1822,6.0,10.0
38.1873,9.0,10.0
38.1919,-4.0,10.0
38.1968,-8.0,10.0
38.2019,1.0,10.0
38.2072,5.0,10.0
38.2122,2.0,8.0
38.2167,0.0,8.0
38.222,-5.0,8.0
38.2268,-1.0,8.0
38.2319,5.0,10.0
38.2372,0.0,10.0
38.2424,-3.0,10.0
38.2474,3.0,10.0
38.2518,1.0,10.0
38.2569,-3.0,10.0
38.2619,0.0,10.0
38.2675,-1.0,8.0
38.2722,-1.0,8.0
38.2769,6.0,8.0
38.2818,2.0,8.0
38.2866,-7.0,8.0
38.2919,-1.0,8.0
38.2973,5.0,8.0
38.3021,-2.0,8.0
38.3076,-2.0,8.0
38.3117,6.0,8.0
38.3166,0.0,8.0
38.3223,-8.0,8.0
38.3266,0.0,8.0
38.3321,6.0,8.0
38.3377,3.0,8.0
38.3418,-2.0,8.0
38.3473,-5.0,8.0
38.3519,-2.0,8.0
38.3567,3.0,8.0
38.3622,4.0,8.0
38.3668,1.0,8.0
38.372,-1.0,8.0
38.3772,-6.0,8.0
38.3823,-5.0,8.0
38.3872,6.0,8.0
38.3918,9.0,8.0
38.397,0.0,8.0
38.4018,-8.0,8.0
38.4069,-6.0,8.0
38.4123,5.0,8.0
38.418,11.0,8.0
38.4216,-2.0,8.0
38.427,-11.0,8.0
38.4319,0.0,8.0
38.4367,4.0,8.0
38.4422,-2.0,8.0
38.448,0.0,8.0
38.4518,5.0,8.0
38.4568,-2.0,8.0
38.4619,-3.0,8.0
38.4675,3.0,8.0
38.4723,0.0,8.0
38.4772,-6.0,8.0
38.4819,0.0,8.0
38.4868,8.0,8.0
38.4919,3.0,8.0
38.4973,-7.0,8.0
38.5023,-8.0,8.0
38.5071,2.0,8.0
38.5118,11.0,8.0
38.5167,2.0,8.0
38.5225,-13.0,8.0
38.5272,-6.0,8.0
38.5317,10.0,8.0
38.5366,7.0,8.0
38.5417,-4.0,8.0
38.5467,-4.0,8.0
38.552,2.0,8.0
38.5568,0.0,8.0
38.5617,-5.0,8.0
38.5667,0.0,8.0
38.5717,8.0,8.0
38.5766,4.0,8.0
38.5818,-6.0,8.0
38.5869,-9.0,8.0
38.5917,-1.0,8.0
38.5967,6.0,8.0
38.6016,8.0,8.0
38.6066,2.0,8.0
38.6116,-6.0,8.0
38.6166,-8.0,8.0
38.6217,0.0,8.0
38.6267,4.0,8.0
38.6317,1.0,8.0
38.6367,1.0,8.0
38.6417,2.0,8.0
38.6469,-4.0,8.0
38.6516,-5.0,8.0
38.6566,3.0,8.0
38.6622,4.0,8.0
38.6669,-1.0,8.0
38.6717,-3.0,8.0
38.6767,0.0,8.0
38.6816,1.0,8.0
38.6866,1.0,8.0
38.6916,0.0,8.0
38.6968,3.0,8.0
38.7018,-1.0,8.0
38.7067,-10.0,8.0
38.7116,-2.0,8.0
38.7166,11.0,8.0
38.7217,4.0,8.0
38.7268,-5.0,8.0
38.7317,-1.0,8.0
38.7367,0.0,8.0
38.7416,-5.0,8.0
38.7468,0.0,8.0
38.7518,7.0,8.0
38.7567,4.0,8.0
38.7619,-2.0,6.0
38.7667,-5.0,8.0
38.7716,-3.0,6.0
38.7768,1.0,6.0
38.7819,5.0,6.0
38.7868,1.0,6.0
38.7916,-5.0,6.0
38.7967,0.0,6.0
38.8016,4.0,6.0
38.8067,-3.0,6.0
38.8117,-6.0,6.0
38.8167,7.0,6.0
38.8217,8.0,6.0
38.8267,-9.0,6.0
38.8316,-10.0,6.0
38.8367,7.0,6.0
38.8427,10.0,6.0
38.8466,-3.0,6.0
38.8518,-6.0,6.0
38.8567,0.0,6.0
38.8617,0.0,6.0
38.8669,0.0,6.0
38.8717,2.0,6.0
38.8768,0.0,6.0
38.8817,-1.0,6.0
38.8866,2.0,6.0
38.8917,-1.0,6.0
38.8966,-8.0,6.0
38.9018,-2.0,6.0
38.9067,12.0,8.0
38.9117,11.0,8.0
38.9166,-9.0,8.0
38.9218,-15.0,8.0
38.9267,0.0,8.0
38.9318,11.0,8.0
38.9367,6.0,8.0
38.9417,-4.0,8.0
38.9466,-8.0,8.0
38.9518,0.0,8.0
38.9567,7.0,8.0
38.9618,-1.0,8.0
38.9667,-6.0,8.0
38.9716,2.0,8.0
38.9767,5.0,8.0
38.9817,0.0,8.0
38.9867,-3.0,8.0
38.9917,-5.0,8.0
38.9967,0.0,8.0
39.0016,7.0,8.0
39.0068,2.0,8.0
39.0117,-3.0,8.0
39.0167,-4.0,8.0
39.0217,-1.0,8.0
39.0266,4.0,8.0
39.0316,4.0,8.0
39.0367,-4.0,8.0
39.0417,-5.0,8.0
39.0467,1.0,8.0
39.0516,5.0,8.0
39.0567,3.0,8.0
39.0617,-2.0,8.0
39.0669,-7.0,8.0
39.0718,0.0,8.0
39.0767,11.0,8.0
39.0817,2.0,8.0
39.0866,-11.0,8.0
39.0918,-4.0,8.0
39.0966,7.0,8.0
39.1017,2.0,8.0
39.1067,-2.0,8.0
39.1117,1.0,8.0
39.1166,0.0,8.0
39.1218,-2.0,8.0
39.1268,-1.0,8.0
39.1317,2.0,8.0
39.1367,5.0,8.0
39.1417,0.0,8.0
39.1466,-9.0,8.0
39.1518,-4.0,8.0
39.1568,8.0,8.0
39.1617,4.0,8.0
39.1667,-1.0,8.0
39.1719,1.0,6.0
39.1766,-2.0,6.0
39.1818,-9.0,6.0
39.1867,0.0,6.0
39.1917,11.0,8.0
39.1967,1.0,8.0
39.2016,-7.0,8.0
39.2068,0.0,8.0
39.2116,3.0,6.0
39.2167,-3.0,6.0
39.2217,-3.0,6.0
39.2266,3.0,6.0
39.2316,2.0,6.0
39.2366,-1.0,6.0
39.2418,0.0,6.0
39.2467,2.0,6.0
39.2517,-3.0,6.0
39.2566,-4.0,6.0
39.2617,2.0,6.0
39.2668,3.0,6.0
39.2718,-1.0,6.0
39.2768,1.0,6.0
39.2817,5.0,6.0
39.2866,-1.0,6.0
39.2916,-10.0,6.0
39.2966,-5.0,6.0
39.3017,8.0,6.0
39.3067,11.0,6.0
39.3116,0.0,6.0
39.3169,-10.0,6.0
39.3218,-2.0,8.0
39.3268,6.0,8.0
39.3318,0.0,8.0
39.3367,-8.0,8.0
39.3416,2.0,8.0
39.3466,9.0,8.0
39.3519,-1.0,8.0
39.3568,-5.0,8.0
39.3617,4.0,8.0
39.3666,0.0,6.0
39.3716,-10.0,8.0
39.3766,0.0,8.0
39.3817,13.0,8.0
39.3868,5.0,8.0
39.3917,-7.0,8.0
39.3967,-9.0,8.0
39.4016,-3.0,8.0
39.4066,8.0,8.0
39.4117,12.0,8.0
39.4168,-3.0,8.0
39.4217,-13.0,8.0
39.4268,0.0,8.0
39.4316,10.0,8.0
39.4367,-1.0,8.0
39.4418,-8.0,8.0
39.4468,0.0,8.0
39.4517,4.0,8.0
39.4567,1.0,8.0
39.4616,3.0,8.0
39.4668,-2.0,8.0
39.4719,-12.0,8.0
39.4769,0.0,8.0
39.4816,17.0,8.0
39.4866,1.0,8.0
39.4917,-15.0,8.0
39.4976,-2.0,8.0
39.5017,8.0,8.0
39.5068,0.0,8.0
39.5116,-2.0,8.0
39.5166,2.0,8.0
39.5224,0.0,8.0
39.5269,-4.0,8.0
39.5319,0.0,8.0
39.5367,4.0,8.0
39.5417,0.0,8.0
39.5468,-1.0,8.0
39.5534,-1.0,8.0
39.5577,0.0,8.0
39.5618,1.0,8.0
39.5667,0.0,8.0
39.5717,-1.0,6.0
39.5767,2.0,6.0
39.5816,0.0,6.0
39.5868,-4.0,6.0
39.5917,2.0,6.0
39.5966,5.0,6.0
39.6016,-2.0,6.0
39.6067,-7.0,6.0
39.6116,0.0,6.0
39.6167,6.0,6.0
39.6217,5.0,6.0
39.6266,-1.0,6.0
39.6316,-7.0,6.0
39.6366,-2.0,6.0
39.6417,3.0,6.0
39.6467,1.0,6.0
39.6517,0.0,6.0
39.6577,2.0,6.0
39.6616,-1.0,6.0
39.667,-4.0,6.0
39.6721,0.0,6.0
39.6767,3.0,6.0
39.6816,2.0,6.0
39.6866,0.0,6.0
39.6917,-2.0,6.0
39.6968,-2.0,6.0
39.7018,2.0,6.0
39.7067,5.0,6.0
39.7116,0.0,6.0
39.7166,-7.0,6.0
39.7216,-1.0,6.0
39.7268,8.0,6.0
39.7317,2.0,6.0
39.7366,-10.0,6.0
39.7416,-2.0,6.0
39.7466,11.0,6.0
39.7517,1.0,6.0
39.7581,-6.0,6.0
39.7616,0.0,6.0
39.7667,0.0,6.0
39.7716,-1.0,6.0
39.7766,1.0,6.0
39.7816,0.0,6.0
39.7868,-1.0,6.0
39.7916,6.0,6.0
39.7966,2.0,6.0
39.8016,-8.0,6.0
39.8067,-3.0,6.0
39.8117,3.0,6.0
39.8168,0.0,6.0
39.8217,3.0,6.0
39.8266,5.0,6.0
39.8316,-7.0,6.0
39.8366,-10.0,6.0
39.8417,4.0,6.0
39.8467,10.0,6.0
39.8516,0.0,6.0
39.8566,-5.0,6.0
39.8621,1.0,6.0
39.8666,1.0,6.0
39.8717,-7.0,6.0
39.8767,-4.0,6.0
39.8858,8.0,6.0
39.8866,11.0,6.0
39.8916,0.0,6.0
39.8967,-15.0,6.0
39.9019,-16.0,8.0
39.9067,12.0,8.0
39.9116,28.0,8.0
39.9167,-2.0,8.0
39.9217,-26.0,8.0
39.9267,-5.0,8.0
39.9318,15.0,8.0
39.9367,3.0,8.0
39.9423,-6.0,8.0
39.9466,1.0,8.0
39.9517,4.0,8.0
39.9568,0.0,8.0
39.9625,-2.0,8.0
39.9667,-3.0,8.0
39.9717,-1.0,8.0
39.9767,5.0,8.0
39.9817,5.0,8.0
39.9868,-8.0,8.0
39.9918,-11.0,8.0
39.9966,9.0,8.0
40.0017,18.0,8.0
40.0069,-5.0,8.0
40.0118,-18.0,8.0
40.0168,-2.0,8.0
40.0217,9.0,8.0
40.0266,5.0,8.0
40.0316,0.0,8.0
40.0366,0.0,8.0
40.0418,-2.0,8.0
40.0467,-4.0,8.0
40.0516,-1.0,8.0
40.0566,2.0,8.0
40.0617,3.0,8.0
40.0667,3.0,8.0
40.0717,1.0,8.0
40.0767,-6.0,8.0
40.0816,-5.0,8.0
40.0866,5.0,8.0
40.0916,5.0,8.0
40.0968,-5.0,8.0
40.1016,-4.0,8.0
40.1066,5.0,8.0
40.1116,4.0,8.0
40.1166,-1.0,8.0
40.1217,-2.0,8.0
40.1268,-5.0,8.0
40.1317,-1.0,8.0
40.1367,8.0,8.0
40.1416,5.0,8.0
40.1466,-5.0,8.0
40.1517,-7.0,8.0
40.1567,-2.0,8.0
40.1617,2.0,8.0
40.167,7.0,8.0
40.1716,1.0,8.0
40.1767,-3.0,8.0
40.182,0.0,8.0
40.1867,-2.0,8.0
40.1917,-7.0,8.0
40.1966,6.0,8.0
40.2016,13.0,8.0
40.2066,-5.0,8.0
40.2118,-12.0,8.0
40.2167,1.0,8.0
40.2217,7.0,8.0
40.2266,0.0,8.0
40.2316,-1.0,8.0
40.2366,0.0,8.0
40.2417,0.0,8.0
40.2468,-3.0,8.0
40.2517,-1.0,8.0
40.2566,3.0,8.0
40.2618,1.0,8.0
40.2667,-1.0,8.0
40.2716,1.0,8.0
40.2767,0.0,8.0
40.2816,-2.0,8.0
40.2866,-2.0,8.0
40.2916,-1.0,8.0
40.2966,3.0,8.0
40.3017,7.0,8.0
40.3066,-3.0,8.0
40.3117,-9.0,8.0
40.3166,5.0,8.0
40.3217,5.0,8.0
40.3266,-8.0,8.0
40.3316,0.0,8.0
40.3367,10.0,8.0
40.3416,-1.0,8.0
40.3466,-9.0,8.0
40.3519,2.0,8.0
40.3568,4.0,8.0
40.3617,-3.0,8.0
40.3666,1.0,8.0
40.3717,4.0,8.0
40.3768,-4.0,8.0
40.3817,-6.0,8.0
40.3869,4.0,8.0
40.3917,7.0,8.0
40.3967,-1.0,8.0
40.4016,-8.0,8.0
40.4068,-2.0,8.0
40.4118,8.0,8.0
40.4168,5.0,8.0
40.4217,-5.0,8.0
40.4267,-5.0,8.0
40.4316,2.0,8.0
40.4366,4.0,8.0
40.4417,0.0,8.0
40.4467,-5.0,8.0
40.4517,-2.0,8.0
40.4566,5.0,8.0
40.4616,3.0,8.0
40.4667,-4.0,8.0
40.4717,-3.0,8.0
40.4767,2.0,8.0
40.4816,3.0,8.0
40.4878,0.0,8.0
40.4916,-2.0,8.0
40.4966,-1.0,8.0
40.5018,1.0,8.0
40.5066,2.0,8.0
40.5116,0.0,8.0
40.5166,-2.0,8.0
40.5216,-3.0,8.0
40.5267,3.0,8.0
40.5319,7.0,8.0
40.5367,-1.0,8.0
40.5417,-11.0,8.0
40.5468,-4.0,8.0
40.5517,11.0,8.0
40.5566,11.0,8.0
40.5617,-4.0,8.0
40.5666,-13.0,8.0
40.5716,-2.0,8.0
40.5766,9.0,8.0
40.5816,4.0,8.0
40.5867,-3.0,8.0
40.5916,0.0,8.0
40.5966,0.0,8.0
40.6016,-6.0,8.0
40.6066,0.0,8.0
40.6116,9.0,8.0
40.6166,3.0,8.0
40.6217,-6.0,8.0
40.6266,-3.0,8.0
40.6316,0.0,8.0
40.6366,-1.0,8.0
40.6416,2.0,6.0
40.6466,6.0,6.0
40.6516,0.0,6.0
40.6566,-6.0,6.0
40.6616,-1.0,6.0
40.6667,0.0,6.0
40.6717,1.0,6.0
40.6767,4.0,6.0
40.6821,2.0,6.0
40.6878,-5.0,6.0
40.6924,-4.0,6.0
40.6966,2.0,6.0
40.7016,2.0,6.0
40.7066,1.0,6.0
40.7117,0.0,6.0
40.7166,-2.0,6.0
40.7216,-2.0,6.0
40.7268,0.0,6.0
40.7317,4.0,6.0
40.7367,5.0,6.0
40.7416,-2.0,6.0
40.7467,-8.0,6.0
40.752,-1.0,6.0
40.7568,6.0,6.0
40.7616,5.0,6.0
40.7667,-3.0,6.0
40.7716,-8.0,6.0
40.7766,0.0,6.0
40.7819,10.0,6.0
40.7869,4.0,6.0
40.7917,-7.0,6.0
40.7967,-7.0,6.0
40.8017,0.0,6.0
40.807,3.0,6.0
40.8116,6.0,6.0
40.8167,4.0,6.0
40.8216,-2.0,6.0
40.8266,-5.0,6.0
40.8317,-7.0,6.0
40.8366,-3.0,6.0
40.8417,10.0,6.0
40.8468,13.0,6.0
40.8517,-2.0,6.0
40.8566,-11.0,6.0
40.8617,-7.0,6.0
40.8668,0.0,6.0
40.8716,7.0,6.0
40.8767,9.0,6.0
40.8817,0.0,6.0
40.8868,-9.0,6.0
40.8917,-5.0,6.0
40.8967,4.0,6.0
40.9016,5.0,8.0
40.9066,0.0,8.0
40.9116,0.0,6.0
40.9166,1.0,8.0
40.9219,-2.0,8.0
40.9266,-2.0,8.0
40.9316,2.0,8.0
40.9367,1.0,6.0
40.9416,0.0,6.0
40.9466,1.0,6.0
40.9521,1.0,6.0
40.9567,-3.0,6.0
40.9617,-4.0,6.0
40.9667,2.0,6.0
40.9716,5.0,6.0
40.9767,-2.0,6.0
40.9818,-6.0,6.0
40.9866,2.0,6.0
40.9916,6.0,6.0
40.9966,0.0,6.0
41.0016,-5.0,6.0
41.0067,-3.0,6.0
41.0116,2.0,6.0
41.0166,6.0,6.0
41.0216,0.0,6.0
41.0267,-6.0,6.0
41.0316,0.0,6.0
41.0366,2.0,6.0
41.0418,-3.0,6.0
41.0468,0.0,6.0
41.0517,5.0,6.0
41.0566,1.0,6.0
41.0617,-4.0,6.0
41.0669,-5.0,6.0
41.0716,-1.0,6.0
41.0767,5.0,6.0
41.0816,4.0,6.0
41.0866,-1.0,6.0
41.0916,0.0,6.0
41.0966,0.0,6.0
41.1019,-6.0,6.0
41.1067,-3.0,6.0
41.1116,9.0,6.0
41.1166,8.0,6.0
41.1218,-5.0,6.0
41.1266,-9.0,6.0
41.1317,0.0,6.0
41.1367,7.0,6.0
41.1417,3.0,6.0
41.1466,-5.0,6.0
41.1517,-1.0,6.0
41.1567,5.0,6.0
41.1617,-1.0,6.0
41.1667,-6.0,6.0
41.1716,2.0,6.0
41.1766,6.0,6.0
41.1816,0.0,6.0
41.1866,-3.0,6.0
41.1916,0.0,6.0
41.1967,-3.0,6.0
41.2017,-3.0,6.0
41.2066,7.0,6.0
41.2116,7.0,6.0
41.2166,-5.0,6.0
41.2217,-10.0,6.0
41.2272,-1.0,6.0
41.2316,7.0,6.0
41.2368,10.0,6.0
41.2416,0.0,6.0
41.2467,-12.0,6.0
41.2518,-6.0,6.0
41.2566,6.0,6.0
41.2615,4.0,6.0
41.2666,1.0,6.0
41.2717,3.0,6.0
41.2767,-2.0,6.0
41.2816,-7.0,6.0
41.2866,-2.0,6.0
41.2918,1.0,6.0
41.2966,4.0,6.0
41.3016,6.0,6.0
41.3067,-2.0,6.0
41.3117,-8.0,6.0
41.3166,1.0,6.0
41.322,5.0,6.0
41.3266,-2.0,6.0
41.3316,-5.0,6.0
41.3366,2.0,6.0
41.3416,7.0,6.0
41.3467,0.0,6.0
41.3517,-5.0,6.0
41.3567,-4.0,6.0
41.3617,0.0,6.0
41.3667,6.0,6.0
41.3716,4.0,6.0
41.3766,-5.0,6.0
41.382,-6.0,8.0
41.3866,3.0,6.0
41.3916,5.0,6.0
41.3967,-2.0,6.0
41.4028,-5.0,6.0
41.4069,1.0,6.0
41.4116,5.0,6.0
41.4167,1.0,6.0
41.4216,-3.0,6.0
41.4266,-3.0,6.0
41.4316,2.0,6.0
41.4366,2.0,6.0
41.442,-4.0,6.0
41.4466,-2.0,6.0
41.4516,6.0,6.0
41.4567,2.0,6.0
41.4616,-4.0,6.0
41.4667,-2.0,6.0
41.4716,-4.0,6.0
41.4766,-1.0,6.0
41.4816,12.0,6.0
41.4866,6.0,6.0
41.4917,-14.0,6.0
41.4967,-6.0,6.0
41.5016,12.0,6.0
41.5067,1.0,6.0
41.5129,-9.0,6.0
41.5166,4.0,6.0
41.5217,5.0,6.0
41.5267,-8.0,6.0
41.5318,-2.0,6.0
41.5366,11.0,6.0
41.5416,5.0,6.0
41.5466,-9.0,6.0
41.5517,-9.0,6.0
41.5567,2.0,8.0
41.5617,9.0,8.0
41.5666,6.0,8.0
41.5716,-5.0,8.0
41.5767,-12.0,8.0
41.5816,0.0,8.0
41.5867,11.0,8.0
41.5916,5.0,8.0
41.5966,-7.0,8.0
41.6016,-3.0,8.0
41.607,6.0,8.0
41.6116,0.0,8.0
41.6169,-10.0,8.0
41.6216,2.0,8.0
41.6266,14.0,8.0
41.6315,0.0,8.0
41.6366,-10.0,8.0
41.6416,2.0,8.0
41.6466,3.0,8.0
41.6516,-9.0,8.0
41.6566,0.0,8.0
41.6616,15.0,8.0
41.6667,0.0,8.0
41.6716,-14.0,8.0
41.6766,2.0,8.0
41.6816,11.0,8.0
41.6866,-5.0,8.0
41.6918,-8.0,8.0
41.6966,7.0,8.0
41.7017,6.0,8.0
41.7066,-8.0,8.0
41.7117,-3.0,8.0
41.7167,10.0,8.0
41.7217,0.0,8.0
41.7267,-10.0,8.0
41.7326,-1.0,8.0
41.7366,6.0,10.0
41.7416,4.0,8.0
41.7466,1.0,8.0
41.7518,-4.0,8.0
41.7567,-8.0,8.0
41.7617,3.0,8.0
41.7667,11.0,8.0
41.7716,-3.0,8.0
41.7766,-9.0,8.0
41.7816,6.0,8.0
41.7868,6.0,10.0
41.7918,-7.0,10.0
41.7966,-4.0,10.0
41.8017,3.0,10.0
41.8067,0.0,10.0
41.8128,3.0,10.0
41.8167,8.0,10.0
41.8217,-6.0,10.0
41.8267,-11.0,10.0
41.8319,3.0,10.0
41.8366,4.0,10.0
41.8418,-2.0,10.0
41.8467,6.0,10.0
41.8516,8.0,10.0
41.8566,-9.0,10.0
41.8616,-10.0,10.0
41.8667,0.0,10.0
41.8717,2.0,10.0
41.8768,6.0,10.0
41.8816,8.0,10.0
41.8867,-5.0,10.0
41.8918,-11.0,10.0
41.8966,0.0,10.0
41.9017,6.0,10.0
41.9075,0.0,10.0
41.9117,0.0,10.0
41.9169,4.0,10.0
41.9217,0.0,10.0
41.927,-7.0,10.0
41.9316,-2.0,10.0
41.9367,4.0,10.0
41.9416,2.0,10.0
41.9475,0.0,10.0
41.9519,0.0,10.0
41.9567,-4.0,10.0
41.9617,-3.0,10.0
41.9667,3.0,10.0
41.9716,4.0,10.0
41.9766,1.0,10.0
41.9817,0.0,8.0
41.9867,-7.0,10.0
41.9917,-4.0,8.0
41.9966,9.0,10.0
42.0017,6.0,10.0
42.0066,-8.0,10.0
42.0117,-5.0,10.0
42.0168,7.0,10.0
42.0217,2.0,10.0
42.0267,-7.0,10.0
42.0317,-1.0,10.0
42.0369,6.0,10.0
42.0418,1.0,10.0
42.0467,-2.0,10.0
42.0516,-1.0,10.0
42.0566,-1.0,10.0
42.0616,0.0,10.0
42.0667,3.0,10.0
42.0718,-1.0,10.0
42.0767,-3.0,10.0
42.0816,2.0,10.0
42.0866,1.0,10.0
42.0916,-3.0,8.0
42.0967,3.0,10.0
42.1017,5.0,10.0
42.1067,-8.0,10.0
42.1125,-7.0,10.0
42.1166,8.0,10.0
42.1216,7.0,10.0
42.1268,-3.0,10.0
42.1317,0.0,8.0
42.1366,0.0,8.0
42.1417,-5.0,8.0
42.1466,-2.0,8.0
42.1519,4.0,8.0
42.1568,6.0,8.0
42.1616,2.0,8.0
42.1666,-6.0,8.0
42.1717,-6.0,8.0
42.1766,4.0,8.0
42.1817,3.0,8.0
42.1868,-6.0,8.0
42.1917,0.0,8.0
42.1966,12.0,8.0
42.2016,0.0,8.0
42.2067,-12.0,8.0
42.2117,-2.0,8.0
42.2179,5.0,8.0
42.2217,3.0,8.0
42.2267,3.0,8.0
42.2318,-3.0,8.0
42.2368,-7.0,8.0
42.2417,5.0,8.0
42.2468,6.0,8.0
42.2517,-8.0,8.0
42.2566,-3.0,8.0
42.2616,8.0,8.0
42.2666,1.0,8.0
42.2718,-5.0,8.0
42.2768,0.0,8.0
42.2817,0.0,8.0
42.2866,0.0,8.0
42.2917,7.0,8.0
42.2968,-1.0,8.0
42.3017,-9.0,8.0
42.3066,4.0,8.0
42.3116,9.0,8.0
42.3176,-9.0,8.0
42.3217,-8.0,8.0
42.3266,8.0,8.0
42.3318,6.0,8.0
42.3367,-4.0,8.0
42.3416,0.0,8.0
42.3467,1.0,8.0
42.3516,-5.0,8.0
42.3568,-1.0,8.0
42.3618,9.0,8.0
42.3666,3.0,8.0
42.3716,-7.0,8.0
42.3766,-3.0,8.0
42.3817,1.0,8.0
42.3867,-1.0,8.0
42.392,2.0,8.0
42.3966,7.0,8.0
42.4016,-1.0,8.0
42.4067,-10.0,8.0
42.4117,-4.0,8.0
42.4166,7.0,8.0
42.4216,9.0,8.0
42.4266,-1.0,8.0
42.4316,-9.0,8.0
42.4366,-2.0,8.0
42.4416,4.0,8.0
42.4466,0.0,8.0
42.4516,0.0,8.0
42.4566,4.0,8.0
42.4617,1.0,8.0
42.4667,-7.0,8.0
42.4716,-4.0,8.0
42.4766,5.0,8.0
42.4817,6.0,8.0
42.4866,2.0,8.0
42.4919,-4.0,8.0
42.4967,-11.0,8.0
42.5016,-2.0,8.0
42.5067,15.0,8.0
42.5116,9.0,8.0
42.5177,-9.0,8.0
42.5239,-9.0,8.0
42.5266,0.0,8.0
42.5317,0.0,8.0
42.5367,0.0,8.0
42.5419,10.0,8.0
42.5466,6.0,8.0
42.5519,-11.0,8.0
42.5569,-13.0,8.0
42.5617,5.0,8.0
42.5667,13.0,8.0
42.5724,-2.0,8.0
42.5766,-9.0,8.0
42.5816,2.0,8.0
42.5868,5.0,8.0
42.5917,-3.0,8.0
42.5966,-1.0,8.0
42.6023,3.0,8.0
42.6066,0.0,8.0
42.6117,0.0,8.0
42.6167,2.0,8.0
42.6217,-2.0,8.0
42.6266,-5.0,8.0
42.6316,2.0,8.0
42.6366,5.0,8.0
42.6417,2.0,8.0
42.6466,-1.0,8.0
42.6518,-7.0,8.0
42.6566,-5.0,8.0
42.6616,7.0,8.0
42.6668,8.0,8.0
42.6717,-5.0,8.0
42.6767,-6.0,8.0
42.6816,7.0,8.0
42.6866,4.0,8.0
42.6916,-11.0,8.0
42.6967,-4.0,8.0
42.7018,11.0,8.0
42.7066,4.0,8.0
42.7116,-7.0,8.0
42.7167,-1.0,8.0
42.7218,4.0,8.0
42.7271,-1.0,8.0
42.7316,-2.0,8.0
42.7367,0.0,8.0
42.7416,2.0,8.0
42.7466,3.0,8.0
42.7518,-1.0,8.0
42.7566,-4.0,8.0
42.7617,0.0,8.0
42.7666,1.0,8.0
42.7717,-1.0,8.0
42.7778,2.0,8.0
42.7817,3.0,8.0
42.7867,-2.0,8.0
42.7916,-1.0,8.0
42.7967,0.0,8.0
42.8022,-5.0,8.0
42.8068,0.0,8.0
42.8122,10.0,8.0
42.8167,1.0,8.0
42.8216,-10.0,8.0
42.8266,-3.0,8.0
42.8315,5.0,8.0
42.8372,0.0,8.0
42.8418,-2.0,8.0
42.8467,3.0,8.0
42.8516,4.0,8.0
42.8566,-2.0,8.0
42.8616,-7.0,8.0
42.8667,-4.0,8.0
42.8718,6.0,8.0
42.8766,10.0,8.0
42.8816,0.0,8.0
42.8866,-9.0,8.0
42.8916,-6.0,8.0
42.8967,2.0,8.0
42.9016,6.0,8.0
42.9066,3.0,8.0
42.9116,0.0,8.0
42.9168,-1.0,8.0
42.9217,-3.0,8.0
42.9267,-5.0,8.0
42.9317,-3.0,8.0
42.9366,5.0,8.0
42.9416,12.0,8.0
42.9467,1.0,8.0
42.9518,-13.0,8.0
42.9566,-6.0,8.0
42.9616,5.0,8.0
42.9667,1.0,8.0
42.9715,0.0,8.0
42.9767,5.0,8.0
42.9816,2.0,8.0
42.9867,-5.0,8.0
42.9917,-9.0,8.0
42.9972,0.0,8.0
43.0018,10.0,8.0
43.0071,4.0,8.0
43.0122,-8.0,8.0
43.0173,-1.0,8.0
43.0215,7.0,8.0
43.0268,-2.0,8.0
43.0319,-9.0,8.0
43.0372,1.0,8.0
43.0422,9.0,8.0
43.0468,3.0,8.0
43.0517,-6.0,8.0
43.0567,-4.0,8.0
43.0618,3.0,8.0
43.0673,1.0,8.0
43.0723,-4.0,8.0
43.0771,3.0,8.0
43.0817,7.0,8.0
43.0867,-3.0,8.0
43.0918,-8.0,8.0
43.0974,-2.0,8.0
43.1016,2.0,8.0
43.1066,6.0,8.0
43.1117,4.0,8.0
43.1167,-3.0,8.0
43.122,-5.0,8.0
43.1266,0.0,8.0
43.1323,0.0,8.0
43.1373,-2.0,8.0
43.1419,5.0,8.0
43.1468,9.0,8.0
43.1524,-2.0,8.0
43.1567,-9.0,8.0
43.1616,-1.0,8.0
43.1667,1.0,8.0
43.1718,-1.0,8.0
43.1768,6.0,8.0
43.1824,10.0,8.0
43.1871,-7.0,8.0
43.1919,-16.0,8.0
43.1971,3.0,8.0
43.2018,16.0,8.0
43.2069,2.0,8.0
43.2121,-10.0,8.0
43.2174,-4.0,8.0
43.2218,0.0,8.0
43.2268,0.0,8.0
43.2318,6.0,8.0
43.2371,8.0,8.0
43.2421,-6.0,8.0
43.2472,-15.0,8.0
43.2517,1.0,8.0
43.2568,13.0,8.0
43.2617,3.0,8.0
43.2671,-4.0,8.0
43.272,-4.0,8.0
43.2771,-3.0,8.0
43.2818,1.0,8.0
43.2877,3.0,8.0
43.2918,0.0,8.0
43.2974,0.0,8.0
43.3016,2.0,8.0
43.3071,-2.0,8.0
43.3119,-4.0,8.0
43.3168,2.0,8.0
43.3216,4.0,8.0
43.3267,-4.0,8.0
43.3322,-4.0,8.0
43.3371,8.0,8.0
43.3418,8.0,8.0
43.3469,-7.0,8.0
43.3518,-9.0,8.0
43.3571,0.0,8.0
43.3615,3.0,8.0
43.3666,3.0,8.0
43.3718,6.0,8.0
43.3766,0.0,8.0
43.3822,-9.0,8.0
43.3871,-5.0,8.0
43.3918,5.0,8.0
43.3968,8.0,8.0
43.4018,0.0,8.0
43.407,-9.0,8.0
43.4119,-3.0,8.0
43.4171,9.0,8.0
43.4215,5.0,8.0
43.4271,-9.0,8.0
43.4319,-8.0,8.0
43.4372,9.0,8.0
43.442,9.0,8.0
43.4472,-8.0,8.0
43.4518,-8.0,8.0
43.4571,5.0,8.0
43.4618,3.0,8.0
43.4667,-1.0,8.0
43.4725,2.0,8.0
43.4765,0.0,8.0
43.4818,-8.0,8.0
43.4871,-1.0,8.0
43.4918,8.0,8.0
43.4973,4.0,8.0
43.5016,-2.0,8.0
43.5067,-1.0,8.0
43.5117,-3.0,8.0
43.5169,-4.0,8.0
43.522,5.0,8.0
43.5273,9.0,8.0
43.5323,-2.0,8.0
43.5371,-9.0,8.0
43.5418,0.0,8.0
43.5475,6.0,8.0
43.5531,0.0,8.0
43.5565,-4.0,8.0
43.5617,-1.0,8.0
43.5667,1.0,8.0
43.5717,0.0,8.0
43.5766,0.0,8.0
43.5815,2.0,8.0
43.5873,0.0,8.0
43.5924,-5.0,8.0
43.5969,-4.0,8.0
43.6018,3.0,8.0
43.6067,8.0,8.0
43.6122,1.0,8.0
43.6171,-8.0,8.0
43.622,-4.0,8.0
43.6268,7.0,8.0
43.6317,4.0,8.0
43.637,-7.0,8.0
43.6416,-2.0,8.0
43.6471,9.0,8.0
43.6518,2.0,8.0
43.6581,-7.0,8.0
43.6626,-3.0,8.0
43.6666,1.0,8.0
43.6718,2.0,8.0
43.6766,4.0,8.0
43.6817,0.0,8.0
43.687,-3.0,8.0
43.692,-2.0,8.0
43.6975,-2.0,8.0
43.7015,0.0,8.0
43.7066,6.0,8.0
43.7118,1.0,8.0
43.7168,-6.0,8.0
43.7218,-3.0,8.0
43.7273,3.0,8.0
43.7323,3.0,8.0
43.7377,-1.0,8.0
43.7418,-3.0,8.0
43.7469,0.0,8.0
43.7516,4.0,8.0
43.7577,1.0,8.0
43.7618,-4.0,8.0
43.7671,-1.0,8.0
43.7717,2.0,8.0
43.7766,0.0,8.0
43.7821,-1.0,8.0
43.7873,5.0,8.0
43.7925,2.0,8.0
43.7969,-10.0,8.0
43.8019,-6.0,8.0
43.8065,9.0,8.0
43.8123,13.0,8.0
43.8173,-2.0,8.0
43.8218,-15.0,8.0
43.8266,-7.0,8.0
43.8318,10.0,8.0
43.8366,11.0,8.0
43.8416,-2.0,8.0
43.8472,-7.0,8.0
43.8517,0.0,8.0
43.8567,1.0,8.0
43.8616,-4.0,8.0
43.8672,-1.0,8.0
43.8721,7.0,8.0
43.877,4.0,8.0
43.8816,-5.0,8.0
43.8878,-3.0,8.0
43.8919,3.0,8.0
43.8971,0.0,8.0
43.9019,-4.0,8.0
43.9066,0.0,8.0
43.9118,6.0,8.0
43.9168,2.0,8.0
43.9219,-4.0,8.0
43.9273,-3.0,8.0
43.9321,0.0,8.0
43.937,2.0,8.0
43.9415,6.0,8.0
43.9466,1.0,8.0
43.9516,-9.0,8.0
43.9566,-6.0,8.0
43.9616,5.0,8.0
43.9666,7.0,8.0
43.9718,2.0,8.0
43.9766,-2.0,8.0
43.9817,-6.0,8.0
43.9866,-4.0,8.0
43.9918,3.0,8.0
43.9965,3.0,8.0
44.0017,0.0,8.0
44.0073,0.0,8.0
44.0116,-2.0,8.0
44.0166,-1.0,8.0
44.0216,8.0,8.0
44.0266,4.0,8.0
44.0316,-13.0,8.0
44.0366,-9.0,8.0
44.0417,13.0,8.0
44.0467,11.0,8.0
44.0516,-8.0,8.0
44.0566,-8.0,8.0
44.0616,6.0,8.0
44.0667,5.0,8.0
44.0716,-5.0,8.0
44.0767,-4.0,8.0
44.0816,0.0,8.0
44.0866,3.0,8.0
44.0915,6.0,8.0
44.0966,3.0,8.0
44.1017,-7.0,8.0
44.1066,-9.0,8.0
44.1115,2.0,8.0
44.1166,11.0,8.0
44.1216,2.0,8.0
44.1266,-8.0,8.0
44.1317,-5.0,8.0
44.1366,4.0,8.0
44.1416,7.0,8.0
44.1467,1.0,8.0
44.1517,-7.0,8.0
44.1566,-4.0,8.0
44.1635,5.0,8.0
44.1665,5.0,8.0
44.1715,-1.0,8.0
44.1767,-7.0,8.0
44.1817,-2.0,8.0
44.1866,9.0,8.0
44.1916,7.0,8.0
44.1966,-9.0,8.0
44.2017,-12.0,8.0
44.2065,5.0,8.0
44.2117,10.0,8.0
44.2166,0.0,8.0
44.2216,-1.0,8.0
44.2266,0.0,8.0
44.2316,-6.0,8.0
44.2366,-2.0,8.0
44.2416,8.0,8.0
44.2465,6.0,8.0
44.2515,-3.0,8.0
44.2565,-5.0,8.0
44.2616,0.0,8.0
44.2667,3.0,8.0
44.2717,0.0,8.0
44.2766,-4.0,8.0
44.2816,0.0,8.0
44.2865,5.0,8.0
44.2917,2.0,8.0
44.2966,-4.0,8.0
44.3016,-5.0,8.0
44.3066,2.0,8.0
44.3115,3.0,8.0
44.3166,-3.0,8.0
44.3215,0.0,8.0
44.3265,5.0,8.0
44.3317,-1.0,8.0
44.3366,-8.0,8.0
44.3415,4.0,8.0
44.3466,12.0,8.0
44.3518,-3.0,8.0
44.3566,-15.0,8.0
44.3616,0.0,8.0
44.3669,12.0,8.0
44.3715,0.0,8.0
44.3766,-8.0,8.0
44.3815,0.0,8.0
44.3865,5.0,8.0
44.3916,0.0,8.0
44.3966,-3.0,8.0
44.4016,0.0,8.0
44.4067,0.0,8.0
44.4115,0.0,8.0
44.4166,3.0,8.0
44.4215,0.0,8.0
44.4266,-7.0,8.0
44.4315,0.0,8.0
44.4366,9.0,8.0
44.4417,0.0,8.0
44.4467,-8.0,8.0
44.4515,1.0,8.0
44.4565,6.0,8.0
44.4616,-4.0,8.0
44.4667,-6.0,8.0
44.4719,5.0,8.0
44.4765,7.0,8.0
44.4818,-4.0,8.0
44.4865,-6.0,8.0
44.4916,1.0,8.0
44.4965,2.0,8.0
44.5017,-3.0,8.0
44.5066,0.0,8.0
44.5115,8.0,8.0
44.5165,5.0,8.0
44.5216,-7.0,8.0
44.5266,-11.0,8.0
44.5316,1.0,8.0
44.5366,8.0,8.0
44.5415,3.0,8.0
44.5466,1.0,8.0
44.5517,-1.0,8.0
44.5566,-8.0,8.0
44.5616,-1.0,8.0
44.5666,10.0,8.0
44.5716,2.0,8.0
44.5766,-10.0,8.0
44.5817,-3.0,8.0
44.5867,8.0,8.0
44.5916,4.0,8.0
44.5966,-2.0,8.0
44.6016,-3.0,8.0
44.6067,-3.0,8.0
44.6117,0.0,8.0
44.6167,4.0,8.0
44.6217,2.0,8.0
44.6267,-1.0,8.0
44.6317,0.0,8.0
44.6367,0.0,8.0
44.6417,-3.0,8.0
44.6467,0.0,8.0
44.6517,7.0,8.0
44.6581,5.0,8.0
44.6623,-6.0,8.0
44.6669,-10.0,8.0
44.6717,1.0,8.0
44.6767,11.0,8.0
44.6819,6.0,8.0
44.6866,-7.0,8.0
44.6919,-13.0,8.0
44.6972,-1.0,8.0
44.702,12.0,8.0
44.7069,7.0,8.0
44.7117,-5.0,8.0
44.7166,-4.0,8.0
44.7216,0.0,8.0
44.7266,-1.0,8.0
44.7316,-2.0,8.0
44.7365,1.0,8.0
44.7416,5.0,8.0
44.7467,2.0,8.0
44.7517,-3.0,8.0
44.7568,-3.0,8.0
44.7616,-2.0,8.0
44.7666,-2.0,8.0
44.7715,3.0,8.0
44.7765,8.0,8.0
44.7815,1.0,8.0
44.7866,-8.0,8.0
44.7916,-5.0,8.0
44.7966,2.0,8.0
44.8016,4.0,8.0
44.8068,3.0,8.0
44.8117,0.0,8.0
44.8167,-4.0,8.0
44.8217,-3.0,8.0
44.8266,1.0,8.0
44.8316,1.0,8.0
44.8366,2.0,6.0
44.8417,3.0,6.0
44.8467,-2.0,6.0
44.8516,-6.0,6.0
44.8566,0.0,6.0
44.8617,4.0,6.0
44.8666,0.0,6.0
44.8717,-1.0,6.0
44.8766,0.0,6.0
44.8816,-1.0,6.0
44.8866,-1.0,6.0
44.8916,3.0,6.0
44.8966,2.0,6.0
44.9017,-5.0,6.0
44.9067,-5.0,6.0
44.9117,4.0,6.0
44.9166,6.0,6.0
44.9217,0.0,6.0
44.9267,-3.0,6.0
44.9317,-2.0,6.0
44.9366,1.0,6.0
44.9416,1.0,6.0
44.9466,-2.0,6.0
44.9518,-1.0,6.0
44.9567,4.0,6.0
44.9616,2.0,6.0
44.9668,-3.0,6.0
44.9716,-2.0,6.0
44.9766,0.0,6.0
44.9824,-3.0,6.0
44.9867,2.0,6.0
44.9916,7.0,6.0
44.9967,0.0,6.0
45.0016,-6.0,6.0
45.0068,-1.0,6.0
45.0117,0.0,6.0
45.0166,0.0,6.0
45.0216,3.0,6.0
45.0266,0.0,6.0
45.0316,-3.0,6.0
45.0368,-2.0,6.0
45.0418,0.0,6.0
45.0467,4.0,6.0
45.0515,4.0,6.0
45.0566,-4.0,6.0
45.0616,-8.0,6.0
45.0667,2.0,6.0
45.0716,11.0,6.0
45.0766,3.0,6.0
45.0824,-10.0,6.0
45.0865,-9.0,6.0
45.0915,4.0,6.0
45.0966,12.0,6.0
45.1016,4.0,6.0
45.1066,-7.0,6.0
45.1116,-7.0,6.0
45.1166,1.0,6.0
45.1216,4.0,6.0
45.1266,1.0,6.0
45.1317,-1.0,6.0
45.1366,-1.0,6.0
45.1416,0.0,6.0
45.1466,2.0,6.0
45.1516,2.0,6.0
45.1566,-1.0,6.0
45.1616,-6.0,6.0
45.1667,0.0,6.0
45.1716,8.0,6.0
45.1767,1.0,6.0
45.1817,-8.0,6.0
45.1866,0.0,6.0
45.1915,5.0,6.0
45.1965,-2.0,6.0
45.2016,-4.0,6.0
45.2067,5.0,6.0
45.2117,4.0,6.0
45.2167,-4.0,6.0
45.2216,-4.0,6.0
45.2267,0.0,6.0
45.2315,1.0,6.0
45.2366,5.0,6.0
45.2417,4.0,6.0
45.2468,-6.0,6.0
45.2516,-10.0,6.0
45.2567,2.0,6.0
45.2615,13.0,6.0
45.2667,3.0,6.0
45.2717,-11.0,6.0
45.2767,-8.0,6.0
45.2815,4.0,6.0
45.2871,8.0,6.0
45.2915,2.0,6.0
45.2966,-3.0,6.0
45.3016,-4.0,6.0
45.3066,0.0,6.0
45.3116,2.0,6.0
45.3166,-3.0,6.0
45.3216,-4.0,6.0
45.3266,3.0,6.0
45.3316,7.0,6.0
45.3366,1.0,6.0
45.3418,-5.0,6.0
45.3465,-7.0,6.0
45.3516,0.0,6.0
45.3573,9.0,6.0
45.3617,3.0,6.0
45.3667,-8.0,6.0
45.3716,-6.0,6.0
45.3767,3.0,6.0
45.3815,5.0,6.0
45.3866,3.0,6.0
45.3916,0.0,6.0
45.3966,-7.0,6.0
45.4016,-4.0,6.0
45.4066,2.0,6.0
45.4117,4.0,6.0
45.4167,7.0,6.0
45.4216,0.0,6.0
45.4267,-12.0,6.0
45.4316,-7.0,6.0
45.4379,10.0,6.0
45.4415,9.0,6.0
45.4467,-7.0,6.0
45.4516,-8.0,6.0
45.4568,6.0,6.0
45.4615,9.0,6.0
45.4667,-6.0,6.0
45.4717,-12.0,6.0
45.4766,4.0,6.0
45.4816,12.0,8.0
45.4865,0.0,8.0
45.4923,-8.0,8.0
45.4967,-2.0,8.0
45.5015,2.0,8.0
45.5065,3.0,8.0
45.5116,-1.0,8.0
45.5166,-4.0,8.0
45.5216,3.0,8.0
45.5267,6.0,8.0
45.5316,-5.0,8.0
45.5366,-7.0,8.0
45.5417,3.0,8.0
45.5466,7.0,8.0
45.5518,1.0,8.0
45.5566,-4.0,8.0
45.5616,-5.0,8.0
45.5666,0.0,8.0
45.5715,5.0,8.0
45.5767,0.0,8.0
45.5816,0.0,8.0
45.5867,1.0,8.0
45.5916,-2.0,8.0
45.5966,-4.0,8.0
45.6016,3.0,8.0
45.6066,4.0,8.0
45.6116,-3.0,8.0
45.6166,-2.0,8.0
45.6216,6.0,8.0
45.6265,3.0,8.0
45.6316,-6.0,8.0
45.6367,-5.0,8.0
45.6415,4.0,8.0
45.6466,6.0,8.0
45.6515,0.0,8.0
45.6567,-6.0,8.0
45.6615,-2.0,8.0
45.6668,4.0,8.0
45.6717,3.0,8.0
45.6766,-1.0,8.0
45.6816,-3.0,8.0
45.6866,0.0,8.0
45.6916,0.0,8.0
45.6971,-2.0,8.0
45.7016,2.0,8.0
45.7066,4.0,8.0
45.7116,-3.0,8.0
45.7165,-6.0,8.0
45.7216,2.0,8.0
45.7266,6.0,8.0
45.7317,0.0,8.0
45.7366,-5.0,8.0
45.7416,0.0,8.0
45.7466,4.0,8.0
45.7518,0.0,6.0
45.7567,-4.0,8.0
45.7616,1.0,6.0
45.7665,4.0,8.0
45.7715,-3.0,8.0
45.7766,-5.0,8.0
45.7818,4.0,8.0
45.7867,6.0,8.0
45.7917,-5.0,8.0
45.7967,-6.0,8.0
45.8015,4.0,8.0
45.8066,3.0,8.0
45.8129,-5.0,8.0
45.8167,1.0,8.0
45.8216,8.0,8.0
45.8265,-2.0,8.0
45.8316,-11.0,8.0
45.8367,0.0,8.0
45.8417,12.0,8.0
45.8466,0.0,8.0
45.8516,-9.0,8.0
45.8565,1.0,8.0
45.8616,6.0,8.0
45.8667,-5.0,8.0
45.8716,-6.0,8.0
45.8765,9.0,8.0
45.8815,7.0,8.0
45.8886,-11.0,8.0
45.8916,-7.0,8.0
45.8965,12.0,8.0
45.9016,3.0,8.0
45.9067,-14.0,8.0
45.9116,2.0,8.0
45.9166,16.0,8.0
45.9216,-6.0,8.0
45.9267,-14.0,8.0
45.9317,4.0,8.0
45.9366,6.0,8.0
45.9416,0.0,8.0
45.9466,2.0,8.0
45.9518,0.0,8.0
45.9567,-5.0,8.0
45.9616,0.0,8.0
45.9666,2.0,8.0
45.9715,0.0,8.0
45.9766,3.0,8.0
45.9817,2.0,8.0
45.9866,-5.0,8.0
45.9917,-7.0,8.0
45.9967,3.0,8.0
46.0015,10.0,8.0
46.0071,3.0,8.0
46.0116,-9.0,8.0
46.0167,-12.0,8.0
46.0215,3.0,8.0
46.0266,16.0,8.0
46.0315,3.0,8.0
46.0365,-13.0,8.0
46.0417,-4.0,8.0
46.0467,4.0,8.0
46.0516,-1.0,8.0
46.0565,2.0,8.0
46.0617,9.0,8.0
46.0669,-1.0,8.0
46.0718,-11.0,8.0
46.0768,-2.0,8.0
46.0815,6.0,8.0
46.0865,4.0,8.0
46.0916,-1.0,8.0
46.0966,-2.0,8.0
46.1017,1.0,8.0
46.1071,0.0,8.0
46.1117,-6.0,8.0
46.1165,-4.0,8.0
46.1215,7.0,8.0
46.1267,10.0,8.0
46.1318,0.0,8.0
46.1366,-9.0,8.0
46.1416,-5.0,8.0
46.1466,2.0,8.0
46.1516,2.0,8.0
46.1566,-1.0,8.0
46.1616,4.0,8.0
46.1666,5.0,8.0
46.1715,-5.0,8.0
46.1766,-7.0,8.0
46.1815,2.0,8.0
46.1867,2.0,8.0
46.1917,-1.0,8.0
46.1965,2.0,8.0
46.2015,3.0,8.0
46.2065,0.0,8.0
46.2116,-3.0,8.0
46.2166,-3.0,8.0
46.2216,0.0,8.0
46.2266,2.0,8.0
46.2316,3.0,8.0
46.2365,2.0,8.0
46.2416,0.0,8.0
46.2467,-2.0,8.0
46.2516,-5.0,8.0
46.2566,-4.0,8.0
46.2616,6.0,8.0
46.2668,11.0,8.0
46.2718,-2.0,8.0
46.2768,-12.0,8.0
46.2816,-2.0,8.0
46.2866,5.0,8.0
46.2915,1.0,8.0
46.2967,0.0,8.0
46.3017,3.0,8.0
46.3066,0.0,8.0
46.3118,-6.0,8.0
46.3166,-3.0,8.0
46.3216,2.0,8.0
46.3278,3.0,8.0
46.3317,1.0,8.0
46.3367,1.0,8.0
46.3416,-1.0,8.0
46.3467,-4.0,8.0
46.3517,-1.0,8.0
46.3565,3.0,8.0
46.3616,3.0,8.0
46.3666,0.0,8.0
46.3715,-1.0,8.0
46.3767,-2.0,8.0
46.3821,-4.0,8.0
46.387,3.0,8.0
46.3917,10.0,8.0
46.3967,-2.0,8.0
46.4017,-13.0,8.0
46.4066,2.0,8.0
46.4117,11.0,8.0
46.4167,-4.0,8.0
46.4216,-7.0,8.0
46.4269,6.0,8.0
46.4316,3.0,8.0
46.4367,-3.0,8.0
46.4418,0.0,8.0
46.4467,-2.0,8.0
46.4516,-4.0,8.0
46.4566,5.0,8.0
46.4617,7.0,8.0
46.4667,-3.0,8.0
46.4717,-6.0,8.0
46.4765,1.0,8.0
46.4815,1.0,8.0
46.4865,-2.0,8.0
46.4917,0.0,8.0
46.4966,3.0,8.0
46.5018,-1.0,8.0
46.5066,-2.0,8.0
46.5116,5.0,8.0
46.5165,4.0,8.0
46.5216,-7.0,8.0
46.5266,-11.0,8.0
46.5317,3.0,8.0
46.5368,14.0,8.0
46.5417,1.0,8.0
46.5466,-10.0,8.0
46.5517,-1.0,8.0
46.5568,5.0,8.0
46.5616,-2.0,8.0
46.5667,-2.0,6.0
46.5718,2.0,6.0
46.5766,-1.0,6.0
46.5818,0.0,6.0
46.5866,5.0,6.0
46.5915,1.0,6.0
46.5965,-4.0,6.0
46.6016,-4.0,6.0
46.607,-5.0,6.0
46.6117,0.0,6.0
46.6166,13.0,8.0
46.6216,7.0,8.0
46.6266,-13.0,8.0
46.6315,-12.0,8.0
46.6367,8.0,8.0
46.6416,9.0,8.0
46.6466,-3.0,8.0
46.6515,-3.0,8.0
46.6567,1.0,8.0
46.6617,-1.0,8.0
46.6667,0.0,6.0
46.6716,4.0,6.0
46.6766,1.0,6.0
46.6816,-6.0,6.0
46.6866,-1.0,6.0
46.6915,8.0,6.0
46.6966,0.0,6.0
46.7016,-9.0,6.0
46.7065,1.0,6.0
46.7115,8.0,6.0
46.7165,-2.0,6.0
46.7215,-4.0,6.0
46.7265,4.0,6.0
46.7316,0.0,6.0
46.7366,-6.0,6.0
46.7418,-1.0,6.0
46.7466,5.0,6.0
46.7516,3.0,6.0
46.7567,-2.0,6.0
46.7616,-2.0,6.0
46.7666,2.0,6.0
46.7716,-1.0,6.0
46.7769,-7.0,6.0
46.7818,5.0,6.0
46.7866,10.0,6.0
46.7916,-9.0,6.0
46.7966,-13.0,6.0
46.8016,10.0,6.0
46.8066,16.0,8.0
46.8117,-8.0,8.0
46.8167,-18.0,8.0
46.8215,4.0,8.0
46.8266,14.0,8.0
46.8316,-2.0,8.0
46.8366,-6.0,8.0
46.8416,4.0,8.0
46.8467,0.0,8.0
46.8515,-7.0,8.0
46.8565,0.0,8.0
46.8615,6.0,8.0
46.8666,2.0,8.0
46.8716,-1.0,8.0
46.8766,-1.0,8.0
46.8815,0.0,8.0
46.8865,0.0,8.0
46.8915,-3.0,8.0
46.8966,0.0,8.0
46.9015,8.0,8.0
46.9066,0.0,8.0
46.9116,-11.0,8.0
46.9166,0.0,8.0
46.9215,9.0,8.0
46.9267,-5.0,8.0
46.9316,-3.0,8.0
46.9365,11.0,8.0
46.9418,-1.0,8.0
46.9468,-12.0,8.0
46.9518,5.0,8.0
46.9566,9.0,8.0
46.9616,-8.0,8.0
46.9666,-6.0,8.0
46.9716,9.0,8.0
46.9765,7.0,8.0
46.9817,-5.0,8.0
46.9866,-8.0,8.0
46.9915,-4.0,8.0
46.9965,3.0,8.0
47.0016,12.0,8.0
47.0068,8.0,8.0
47.0118,-11.0,8.0
47.0167,-17.0,10.0
47.0216,3.0,10.0
47.0265,17.0,10.0
47.0315,5.0,10.0
47.0365,-8.0,10.0
47.0417,-7.0,10.0
47.0475,-1.0,10.0
47.0515,2.0,10.0
47.0566,4.0,10.0
47.0616,2.0,10.0
47.0667,-2.0,8.0
47.0716,0.0,8.0
47.0766,1.0,8.0
47.0816,-5.0,8.0
47.0866,-4.0,10.0
47.0916,9.0,10.0
47.0966,8.0,10.0
47.1016,-6.0,10.0
47.1066,-8.0,10.0
47.1115,0.0,10.0
47.1165,2.0,10.0
47.1215,5.0,10.0
47.1267,5.0,10.0
47.1316,-6.0,10.0
47.1366,-10.0,10.0
47.1415,3.0,10.0
47.1466,8.0,10.0
47.1515,0.0,10.0
47.1566,-3.0,10.0
47.1616,0.0,10.0
47.1667,1.0,10.0
47.1716,0.0,10.0
47.177,-1.0,8.0
47.1818,-1.0,8.0
47.1866,0.0,8.0
47.1916,2.0,8.0
47.1966,3.0,8.0
47.2015,-2.0,8.0
47.2066,-2.0,8.0
47.2116,3.0,8.0
47.2166,-1.0,8.0
47.2215,-9.0,8.0
47.2265,0.0,8.0
47.2316,11.0,10.0
47.2365,2.0,8.0
47.2418,-6.0,10.0
47.2467,-3.0,8.0
47.2516,-1.0,10.0
47.2565,0.0,8.0
47.2616,4.0,8.0
47.2666,7.0,8.0
47.2716,1.0,8.0
47.2766,-9.0,8.0
47.2816,-11.0,8.0
47.2868,6.0,8.0
47.2916,17.0,8.0
47.2966,-1.0,8.0
47.3016,-14.0,10.0
47.3065,0.0,10.0
47.3116,4.0,10.0
47.3165,-1.0,10.0
47.3215,4.0,8.0
47.3266,7.0,10.0
47.3318,-5.0,10.0
47.3372,-11.0,10.0
47.3415,1.0,10.0
47.3465,9.0,10.0
47.3516,1.0,10.0
47.3566,-6.0,10.0
47.3615,0.0,10.0
47.3669,7.0,10.0
47.3716,-1.0,10.0
47.3766,-11.0,10.0
47.3818,-1.0,10.0
47.3866,11.0,10.0
47.3916,4.0,10.0
47.3966,-8.0,10.0
47.4016,-4.0,10.0
47.4067,4.0,10.0
47.4116,3.0,10.0
47.4165,0.0,10.0
47.4215,-3.0,10.0
47.4266,-2.0,10.0
47.4316,3.0,10.0
47.4367,1.0,8.0
47.4416,-4.0,8.0
47.4466,1.0,8.0
47.4515,5.0,8.0
47.4567,-2.0,8.0
47.4616,-6.0,8.0
47.4668,0.0,8.0
47.4715,4.0,8.0
47.4766,4.0,8.0
47.4816,-1.0,8.0
47.4866,-8.0,8.0
47.4915,-1.0,8.0
47.4965,9.0,8.0
47.5016,1.0,8.0
47.5066,-7.0,8.0
47.5116,0.0,8.0
47.5165,6.0,8.0
47.5215,-5.0,8.0
47.5266,-7.0,8.0
47.5315,8.0,8.0
47.5366,10.0,8.0
47.5418,-5.0,8.0
47.5466,-10.0,8.0
47.5516,-1.0,8.0
47.5567,7.0,8.0
47.5615,8.0,8.0
47.5666,-3.0,8.0
47.5715,-14.0,8.0
47.5766,-1.0,8.0
47.5816,15.0,10.0
47.5865,6.0,8.0
47.5916,-9.0,8.0
47.5966,-5.0,8.0
47.6016,1.0,8.0
47.6068,-3.0,8.0
47.6116,1.0,8.0
47.6166,10.0,8.0
47.6216,2.0,8.0
47.6266,-9.0,8.0
47.6318,-4.0,8.0
47.6366,1.0,8.0
47.6415,-1.0,8.0
47.6465,0.0,8.0
47.6515,7.0,8.0
47.6566,4.0,8.0
47.6615,-5.0,8.0
47.6668,-6.0,8.0
47.6715,1.0,8.0
47.6765,3.0,8.0
47.6815,-1.0,8.0
47.6865,0.0,8.0
47.6917,6.0,8.0
47.6966,-1.0,8.0
47.7016,-10.0,8.0
47.7065,-1.0,8.0
47.7115,8.0,8.0
47.7165,6.0,8.0
47.7216,1.0,8.0
47.7265,-6.0,8.0
47.7316,-11.0,8.0
47.7365,0.0,8.0
47.7415,10.0,8.0
47.7465,7.0,8.0
47.7516,0.0,8.0
47.7566,-6.0,8.0
47.7616,-8.0,8.0
47.7666,1.0,8.0
47.7715,7.0,8.0
47.7766,0.0,8.0
47.7816,-1.0,8.0
47.7867,4.0,8.0
47.7917,-1.0,8.0
47.7966,-6.0,8.0
47.8017,2.0,8.0
47.8066,4.0,8.0
47.8117,-5.0,8.0
47.8166,-1.0,8.0
47.8216,10.0,8.0
47.8265,0.0,8.0
47.8316,-12.0,8.0
47.8366,-1.0,8.0
47.8416,8.0,8.0
47.8466,1.0,8.0
47.8515,0.0,8.0
47.8565,3.0,8.0
47.8615,-2.0,8.0
47.8667,-5.0,8.0
47.8717,0.0,8.0
47.8766,1.0,8.0
47.8815,0.0,8.0
47.8898,5.0,8.0
47.8915,1.0,8.0
47.8966,-5.0,8.0
47.9016,-4.0,8.0
47.9066,-3.0,8.0
47.9115,3.0,8.0
47.9165,14.0,8.0
47.9215,5.0,8.0
47.9268,-15.0,8.0
47.9317,-14.0,8.0
47.9366,6.0,8.0
47.9415,13.0,8.0
47.9466,2.0,8.0
47.9516,-4.0,8.0
47.9567,-2.0,8.0
47.9616,-1.0,8.0
47.9666,-1.0,8.0
47.9715,0.0,8.0
47.9766,2.0,8.0
47.9816,1.0,8.0
47.9867,-1.0,8.0
47.9915,0.0,8.0
47.9966,2.0,8.0
48.0016,-2.0,8.0
48.0068,-6.0,8.0
48.0117,0.0,8.0
48.0166,5.0,8.0
48.0216,7.0,8.0
48.0265,1.0,8.0
48.0315,-9.0,8.0
48.0367,-9.0,8.0
48.0416,5.0,8.0
48.0467,13.0,8.0
48.0516,0.0,8.0
48.0566,-10.0,8.0
48.0616,-2.0,8.0
48.0668,4.0,8.0
48.0717,0.0,8.0
48.0765,0.0,8.0
48.0815,4.0,8.0
48.0866,0.0,8.0
48.0915,-8.0,8.0
48.0965,-2.0,8.0
48.1016,10.0,8.0
48.1066,3.0,8.0
48.1116,-9.0,8.0
48.1169,-3.0,8.0
48.1215,7.0,8.0
48.1267,2.0,8.0
48.1317,-4.0,8.0
48.1366,0.0,8.0
48.1417,0.0,8.0
48.1465,-1.0,8.0
48.1516,3.0,8.0
48.1565,3.0,8.0
48.1616,-3.0,8.0
48.1666,-4.0,8.0
48.1715,0.0,8.0
48.1765,4.0,8.0
48.1818,3.0,8.0
48.1866,-3.0,8.0
48.1915,-5.0,8.0
48.1965,3.0,8.0
48.2017,4.0,8.0
48.2067,-4.0,8.0
48.2116,-2.0,8.0
48.2166,5.0,8.0
48.2216,2.0,8.0
48.2269,-3.0,6.0
48.2318,-3.0,6.0
48.2366,-2.0,6.0
48.2416,4.0,6.0
48.2466,9.0,6.0
48.2515,-1.0,6.0
48.2572,-11.0,6.0
48.2615,-3.0,8.0
48.2667,7.0,6.0
48.2718,4.0,6.0
48.2767,-1.0,6.0
48.2816,-1.0,6.0
48.2866,-2.0,8.0
48.2915,-1.0,6.0
48.2966,0.0,6.0
48.3016,0.0,6.0
48.3066,0.0,6.0
48.3115,2.0,6.0
48.3165,2.0,6.0
48.3215,-1.0,6.0
48.3266,-3.0,6.0
48.3317,-4.0,6.0
48.3366,-1.0,6.0
48.3415,6.0,6.0
48.3465,6.0,6.0
48.3518,-1.0,6.0
48.3566,-3.0,6.0
48.3617,-3.0,6.0
48.3665,-5.0,6.0
48.3715,2.0,6.0
48.3767,11.0,6.0
48.3817,3.0,6.0
48.3866,-8.0,6.0
48.3916,-6.0,6.0
48.3965,0.0,6.0
48.4015,5.0,6.0
48.4065,7.0,6.0
48.4117,-2.0,6.0
48.4166,-10.0,6.0
48.4215,0.0,6.0
48.4266,9.0,6.0
48.4315,-1.0,6.0
48.4367,-6.0,6.0
48.4416,6.0,6.0
48.4466,4.0,6.0
48.4515,-9.0,6.0
48.4566,-5.0,6.0
48.4622,7.0,6.0
48.4676,5.0,6.0
48.4723,-1.0,6.0
48.4768,-3.0,6.0
48.4818,-2.0,6.0
48.4867,0.0,6.0
48.4917,1.0,6.0
48.4974,0.0,6.0
48.5016,0.0,6.0
48.5066,0.0,6.0
48.5115,0.0,6.0
48.5169,-4.0,6.0
48.5219,-3.0,6.0
48.5271,7.0,6.0
48.5316,6.0,6.0
48.5366,-8.0,6.0
48.5417,-5.0,6.0
48.5467,7.0,6.0
48.5525,2.0,6.0
48.5565,-5.0,6.0
48.562,0.0,6.0
48.5671,1.0,6.0
48.572,-2.0,6.0
48.5774,2.0,6.0
48.5816,2.0,6.0
48.5871,-4.0,6.0
48.5923,0.0,6.0
48.5971,5.0,6.0
48.6018,0.0,6.0
48.6068,-6.0,6.0
48.6125,0.0,6.0
48.6165,5.0,6.0
48.6217,1.0,6.0
48.6265,-2.0,6.0
48.6317,0.0,6.0
48.6365,0.0,6.0
48.6422,-3.0,6.0
48.6466,0.0,6.0
48.6516,6.0,6.0
48.6567,2.0,6.0
48.6619,-6.0,6.0
48.6676,-1.0,6.0
48.6721,4.0,6.0
48.677,0.0,6.0
48.6818,-4.0,6.0
48.6867,2.0,6.0
48.6919,2.0,6.0
48.6975,-3.0,6.0
48.7016,0.0,6.0
48.7071,2.0,6.0
48.7117,-4.0,6.0
48.7167,-2.0,6.0
48.7219,8.0,6.0
48.7266,3.0,6.0
48.7321,-8.0,6.0
48.7368,-5.0,6.0
48.7415,6.0,6.0
48.7468,8.0,6.0
48.7521,-3.0,6.0
48.7567,-11.0,6.0
48.762,0.0,6.0
48.7671,11.0,6.0
48.772,3.0,6.0
48.7769,-6.0,6.0
48.7822,-2.0,6.0
48.787,1.0,6.0
48.7921,0.0,6.0
48.7967,0.0,6.0
48.8017,0.0,6.0
48.8069,2.0,6.0
48.812,1.0,6.0
48.817,-3.0,6.0
48.8217,-1.0,6.0
48.827,4.0,6.0
48.8317,0.0,6.0
48.8366,-6.0,6.0
48.8417,0.0,6.0
48.8465,5.0,6.0
48.8517,2.0,6.0
48.8567,0.0,6.0
48.8617,-4.0,6.0
48.8666,-3.0,6.0
48.8733,4.0,6.0
48.8771,3.0,6.0
48.8817,-4.0,6.0
48.8865,-2.0,6.0
48.8919,2.0,6.0
48.8966,2.0,6.0
48.902,2.0,6.0
48.9067,-2.0,6.0
48.9117,-8.0,6.0
48.9171,-1.0,6.0
48.9221,11.0,6.0
48.9265,9.0,6.0
48.9321,-8.0,6.0
48.9368,-13.0,6.0
48.9418,-1.0,6.0
48.9465,10.0,6.0
48.952,10.0,6.0
48.9571,-1.0,6.0
48.9627,-14.0,6.0
48.9667,-6.0,6.0
48.9719,10.0,6.0
48.9767,9.0,6.0
48.9824,-4.0,6.0
48.9873,-5.0,6.0
48.9926,0.0,6.0
48.9966,-1.0,6.0
49.0017,0.0,6.0
49.0069,3.0,6.0
49.0119,0.0,6.0
49.0167,0.0,6.0
49.0215,4.0,6.0
49.0266,0.0,6.0
49.0318,-12.0,6.0
49.0368,-4.0,6.0
49.0422,16.0,6.0
49.0471,12.0,6.0
49.0519,-11.0,6.0
49.0566,-16.0,6.0
49.0618,2.0,6.0
49.0671,14.0,6.0
49.0719,4.0,8.0
49.0772,-8.0,8.0
49.0817,-7.0,8.0
49.0865,3.0,8.0
49.0918,9.0,8.0
49.0973,1.0,6.0
49.1015,-10.0,8.0
49.107,-6.0,8.0
49.1117,8.0,8.0
49.1167,10.0,8.0
49.1216,-4.0,8.0
49.1271,-11.0,8.0
49.1322,0.0,8.0
49.1374,9.0,8.0
49.1417,0.0,8.0
49.1468,-5.0,8.0
49.1522,1.0,8.0
49.1565,0.0,8.0
49.1621,-5.0,8.0
49.1667,3.0,8.0
49.1717,12.0,8.0
49.1768,0.0,8.0
49.1816,-14.0,8.0
49.187,-7.0,8.0
49.1918,11.0,8.0
49.1972,9.0,8.0
49.2018,-5.0,8.0
49.2068,-6.0,8.0
49.212,2.0,8.0
49.2172,1.0,8.0
49.2217,-1.0,8.0
49.2271,1.0,8.0
49.2317,2.0,8.0
49.2369,-4.0,8.0
49.2419,-4.0,8.0
49.2471,3.0,8.0
49.2517,6.0,8.0
49.2567,2.0,8.0
49.2616,-1.0,8.0
49.267,-8.0,8.0
49.2715,-9.0,8.0
49.2771,5.0,8.0
49.2828,17.0,8.0
49.2865,2.0,8.0
49.2919,-16.0,8.0
49.2969,-7.0,8.0
49.3016,8.0,8.0
49.307,2.0,8.0
49.3117,-2.0,8.0
49.3176,8.0,10.0
49.322,2.0,8.0
49.3269,-16.0,10.0
49.3322,-4.0,10.0
49.3371,17.0,10.0
49.3417,5.0,10.0
49.3467,-11.0,10.0
49.3521,-1.0,10.0
49.3567,5.0,10.0
49.3616,-4.0,10.0
49.3666,-4.0,10.0
49.3717,5.0,10.0
49.3767,5.0,10.0
49.3836,-2.0,10.0
49.3871,-3.0,10.0
49.3919,1.0,10.0
49.3969,-1.0,10.0
49.4018,-9.0,10.0
49.4069,2.0,10.0
49.4115,18.0,10.0
49.4171,3.0,10.0
49.4215,-18.0,10.0
49.4271,-7.0,10.0
49.4318,8.0,10.0
49.4372,3.0,10.0
49.4419,2.0,10.0
49.447,2.0,10.0
49.4517,-6.0,10.0
49.4568,-1.0,10.0
49.4616,7.0,10.0
49.467,-4.0,10.0
49.4716,-9.0,10.0
49.4766,9.0,10.0
49.4815,11.0,10.0
49.4873,-8.0,10.0
49.4924,-12.0,10.0
49.4966,3.0,10.0
49.5017,10.0,10.0
49.5066,0.0,10.0
49.5115,-8.0,10.0
49.5165,0.0,10.0
49.5215,7.0,10.0
49.5265,0.0,10.0
49.5317,-5.0,10.0
49.5367,-1.0,10.0
49.5416,1.0,10.0
49.5469,4.0,10.0
49.5516,3.0,10.0
49.5566,-6.0,10.0
49.5616,-5.0,10.0
49.5666,7.0,10.0
49.5716,5.0,10.0
49.5765,-7.0,10.0
49.5818,-4.0,10.0
49.5869,5.0,10.0
49.5916,5.0,10.0
49.5966,-1.0,10.0
49.6015,-6.0,10.0
49.6067,-5.0,10.0
49.6117,7.0,10.0
49.6169,10.0,10.0
49.6216,-5.0,10.0
49.6265,-8.0,10.0
49.6317,5.0,10.0
49.6365,3.0,10.0
49.6416,-6.0,10.0
49.6468,-1.0,10.0
49.6515,6.0,10.0
49.6565,1.0,10.0
49.6616,-2.0,10.0
49.6669,0.0,10.0
49.6717,-1.0,10.0
49.6766,-3.0,10.0
49.6816,1.0,10.0
49.6865,5.0,10.0
49.6916,0.0,10.0
49.6968,-5.0,10.0
49.7016,-4.0,10.0
49.7066,0.0,10.0
49.7115,6.0,10.0
49.7165,5.0,10.0
49.7216,-4.0,10.0
49.7267,-6.0,10.0
49.7317,1.0,10.0
49.7367,0.0,10.0
49.7415,-2.0,10.0
49.7465,9.0,10.0
49.7516,7.0,10.0
49.7566,-11.0,10.0
49.7616,-11.0,10.0
49.7666,3.0,10.0
49.7717,9.0,10.0
49.7766,5.0,10.0
49.7817,0.0,10.0
49.7866,-6.0,10.0
49.7917,-6.0,10.0
49.7965,-2.0,10.0
49.8016,4.0,10.0
49.8067,9.0,10.0
49.8118,3.0,10.0
49.8167,-7.0,10.0
49.8216,-8.0,10.0
49.8266,-1.0,10.0
49.8316,5.0,10.0
49.8366,8.0,10.0
49.8418,-1.0,10.0
49.8468,-8.0,10.0
49.8515,1.0,10.0
49.8565,6.0,10.0
49.8616,-4.0,10.0
49.8668,-7.0,10.0
49.8717,3.0,10.0
49.8766,9.0,10.0
49.8816,3.0,10.0
49.891,-5.0,10.0
49.8916,-6.0,10.0
49.8966,-1.0,10.0
49.9016,-1.0,10.0
49.9065,-3.0,10.0
49.9116,11.0,10.0
49.9167,19.0,10.0
49.9217,-8.0,10.0
49.9269,-27.0,10.0
49.9317,-3.0,10.0
49.9366,17.0,10.0
49.9416,8.0,10.0
49.9466,-4.0,10.0
49.9518,-4.0,10.0
49.9567,0.0,10.0
49.9616,1.0,10.0
49.9665,-1.0,10.0
49.9715,-2.0,10.0
49.9765,3.0,10.0
49.9819,6.0,10.0
49.9867,-2.0,10.0
49.9916,-9.0,10.0
49.9975,-2.0,10.0
50.0016,8.0,10.0
