Time_s,Raw_EMG,Envelope_EMG
0.0005,58.0,328.0
0.0008,163.0,328.0
0.001,-25.0,322.0
0.0012,-126.0,320.0
0.0013,29.0,316.0
0.0015,26.0,312.0
0.0016,-59.0,308.0
0.0018,78.0,304.0
0.0019,83.0,302.0
0.0021,-170.0,296.0
0.0023,-111.0,298.0
0.0024,218.0,294.0
0.0026,138.0,290.0
0.0028,-203.0,292.0
0.0029,-147.0,286.0
0.0031,183.0,286.0
0.0033,171.0,284.0
0.0034,-176.0,282.0
0.0036,-227.0,284.0
0.0038,118.0,282.0
0.0039,234.0,280.0
0.0041,-13.0,280.0
0.0044,-125.0,274.0
0.0045,-34.0,270.0
0.0047,-3.0,264.0
0.0048,-40.0,258.0
0.005,-3.0,256.0
0.0052,169.0,254.0
0.0053,155.0,254.0
0.0055,-205.0,256.0
0.0057,-266.0,260.0
0.0058,94.0,256.0
0.006,186.0,256.0
0.0061,43.0,254.0
0.0062,0.0,248.0
0.0064,-77.0,248.0
0.0066,-105.0,246.0
0.0068,24.0,242.0
0.007,63.0,242.0
0.0071,17.0,240.0
0.0073,35.0,238.0
0.0074,-4.0,236.0
0.0076,-44.0,234.0
0.0077,-11.0,232.0
0.0079,-78.0,232.0
0.008,-48.0,232.0
0.0082,209.0,234.0
0.0083,166.0,236.0
0.0085,-196.0,234.0
0.0087,-231.0,234.0
0.0088,65.0,230.0
0.009,188.0,230.0
0.0091,32.0,230.0
0.0093,-109.0,228.0
0.0094,-16.0,228.0
0.0095,86.0,226.0
0.0097,-47.0,224.0
0.0099,-132.0,226.0
0.01,35.0,220.0
0.0102,185.0,222.0
0.0105,86.0,220.0
0.011,-154.0,218.0
0.0116,-206.0,222.0
0.0119,25.0,220.0
0.0121,206.0,218.0
0.0124,98.0,220.0
0.0126,-107.0,216.0
0.0128,-124.0,218.0
0.0129,2.0,216.0
0.0131,86.0,216.0
0.0132,59.0,214.0
0.0134,-46.0,208.0
0.0135,-69.0,206.0
0.0137,-2.0,198.0
0.0139,39.0,194.0
0.014,82.0,190.0
0.0142,13.0,188.0
0.0144,-138.0,188.0
0.0145,-62.0,186.0
0.0147,93.0,188.0
0.0149,40.0,186.0
0.015,20.0,186.0
0.0151,88.0,184.0
0.0153,-81.0,184.0
0.0155,-260.0,188.0
0.0156,37.0,184.0
0.0157,372.0,190.0
0.0159,26.0,188.0
0.016,-379.0,192.0
0.0162,-32.0,192.0
0.0165,303.0,198.0
0.0167,-17.0,198.0
0.0169,-203.0,198.0
0.0171,108.0,198.0
0.0174,157.0,198.0
0.0176,-226.0,200.0
0.0178,-172.0,202.0
0.0182,304.0,206.0
0.0185,172.0,208.0
0.0187,-305.0,210.0
0.0189,-141.0,210.0
0.0191,287.0,212.0
0.0193,177.0,214.0
0.0196,-256.0,216.0
0.0198,-301.0,220.0
0.0199,101.0,220.0
0.0201,356.0,224.0
0.0203,174.0,226.0
0.0205,-195.0,226.0
0.0207,-342.0,232.0
0.0209,-79.0,230.0
0.0211,223.0,234.0
0.0212,190.0,234.0
0.0214,36.0,234.0
0.0215,-30.0,232.0
0.0217,-137.0,234.0
0.0219,-208.0,236.0
0.022,-34.0,236.0
0.0222,268.0,238.0
0.0225,303.0,244.0
0.0228,-102.0,242.0
0.0231,-390.0,248.0
0.0233,-111.0,248.0
0.0235,213.0,252.0
0.0237,173.0,254.0
0.0239,35.0,254.0
0.0242,-58.0,254.0
0.0244,-141.0,254.0
0.0247,-106.0,256.0
0.0249,97.0,254.0
0.0251,213.0,258.0
0.0253,-27.0,256.0
0.0255,-236.0,258.0
0.0257,1.0,258.0
0.0259,181.0,260.0
0.0262,-13.0,260.0
0.0264,-70.0,258.0
0.0266,55.0,258.0
0.0268,-36.0,256.0
0.0271,-134.0,254.0
0.0273,87.0,254.0
0.0275,222.0,254.0
0.0276,-89.0,254.0
0.0278,-256.0,254.0
0.0279,92.0,254.0
0.0281,205.0,254.0
0.0283,-113.0,252.0
0.0285,-114.0,252.0
0.0286,120.0,250.0
0.0288,43.0,250.0
0.029,-94.0,250.0
0.0291,-1.0,250.0
0.0292,52.0,250.0
0.0294,-39.0,250.0
0.0295,0.0,250.0
0.0297,106.0,250.0
0.0298,-84.0,248.0
0.0301,-216.0,248.0
0.0303,193.0,248.0
0.0304,360.0,252.0
0.0306,-262.0,252.0
0.0307,-478.0,260.0
0.0309,227.0,262.0
0.031,473.0,270.0
0.0312,-118.0,270.0
0.0314,-315.0,274.0
0.0315,54.0,274.0
0.0316,98.0,274.0
0.0318,-84.0,276.0
0.0319,72.0,276.0
0.0322,137.0,278.0
0.0324,-164.0,280.0
0.0329,-163.0,282.0
0.0333,164.0,284.0
0.0335,186.0,284.0
0.0337,-47.0,282.0
0.0339,-181.0,282.0
0.0342,-119.0,280.0
0.0343,93.0,280.0
0.0346,158.0,280.0
0.0348,18.0,280.0
0.0349,-1.0,278.0
0.0351,-33.0,278.0
0.0353,-190.0,280.0
0.0355,-55.0,280.0
0.0356,227.0,282.0
0.0358,142.0,282.0
0.036,-93.0,282.0
0.0362,-142.0,282.0
0.0364,-95.0,282.0
0.0366,53.0,278.0
0.0367,223.0,282.0
0.0369,63.0,280.0
0.0371,-224.0,282.0
0.0373,-110.0,282.0
0.0374,125.0,282.0
0.0376,37.0,282.0
0.0377,-58.0,282.0
0.0378,66.0,282.0
0.038,112.0,284.0
0.0382,-74.0,284.0
0.0383,-188.0,286.0
0.0385,-21.0,286.0
0.0386,137.0,286.0
0.0388,125.0,288.0
0.0389,41.0,286.0
0.0391,-163.0,288.0
0.0393,-221.0,290.0
0.0394,117.0,292.0
0.0396,292.0,296.0
0.0397,-14.0,294.0
0.0399,-226.0,296.0
0.04,-86.0,294.0
0.0402,76.0,294.0
0.0403,135.0,292.0
0.0405,54.0,292.0
0.0412,-131.0,288.0
0.0414,-98.0,288.0
0.0419,90.0,286.0
0.0422,87.0,286.0
0.0424,-27.0,284.0
0.0425,-79.0,284.0
0.0427,-24.0,282.0
0.0428,65.0,278.0
0.043,29.0,276.0
0.0431,-18.0,272.0
0.0433,-3.0,270.0
0.0435,-23.0,264.0
0.0436,7.0,262.0
0.0437,24.0,258.0
0.0439,-66.0,258.0
0.044,-16.0,254.0
0.0442,120.0,250.0
0.0443,37.0,250.0
0.0445,-98.0,246.0
0.0446,-53.0,244.0
0.0448,-5.0,240.0
0.0449,5.0,236.0
0.045,158.0,236.0
0.0452,100.0,234.0
0.0454,-320.0,236.0
0.0455,-183.0,238.0
0.0457,421.0,246.0
0.0459,167.0,246.0
0.046,-394.0,248.0
0.0462,-58.0,248.0
0.0463,260.0,248.0
0.0465,-61.0,244.0
0.0467,-120.0,246.0
0.0469,96.0,240.0
0.047,24.0,240.0
0.0472,-13.0,236.0
0.0473,60.0,234.0
0.0476,-114.0,236.0
0.0478,-151.0,236.0
0.0481,185.0,238.0
0.0483,201.0,240.0
0.0485,-192.0,240.0
0.0487,-168.0,240.0
0.0489,189.0,242.0
0.049,75.0,240.0
0.0492,-182.0,242.0
0.0494,49.0,240.0
0.0495,153.0,242.0
0.0497,-197.0,244.0
0.0498,-136.0,246.0
0.05,304.0,250.0
0.0502,133.0,250.0
0.0503,-285.0,254.0
0.0505,-77.0,252.0
0.0506,157.0,252.0
0.0508,-37.0,248.0
0.0509,-38.0,248.0
0.0511,102.0,246.0
0.0512,27.0,246.0
0.0514,-19.0,244.0
0.0515,-81.0,242.0
0.0517,-149.0,244.0
0.0518,78.0,244.0
0.052,241.0,248.0
0.0522,-7.0,248.0
0.0523,-190.0,250.0
0.0525,-18.0,250.0
0.0526,93.0,250.0
0.0532,-34.0,250.0
0.0536,-76.0,246.0
0.0537,45.0,244.0
0.0539,133.0,240.0
0.0542,81.0,238.0
0.0544,-147.0,232.0
0.0547,-291.0,234.0
0.0549,36.0,228.0
0.0551,422.0,232.0
0.0553,143.0,230.0
0.0557,-382.0,234.0
0.056,-248.0,236.0
0.0562,236.0,240.0
0.0563,197.0,242.0
0.0565,-127.0,240.0
0.0567,-44.0,238.0
0.0568,110.0,238.0
0.057,-76.0,236.0
0.0572,-120.0,236.0
0.0573,88.0,236.0
0.0574,65.0,234.0
0.0576,-41.0,234.0
0.0577,46.0,232.0
0.0579,21.0,230.0
0.0581,-126.0,232.0
0.0582,-22.0,232.0
0.0584,130.0,234.0
0.0585,0.0,232.0
0.0586,-76.0,232.0
0.059,43.0,228.0
0.0592,-15.0,226.0
0.0595,-94.0,226.0
0.0597,111.0,226.0
0.0598,156.0,226.0
0.06,-159.0,228.0
0.0602,-222.0,228.0
0.0604,149.0,230.0
0.0607,235.0,230.0
0.0608,-129.0,230.0
0.061,-167.0,232.0
0.0612,132.0,232.0
0.0613,74.0,232.0
0.0615,-136.0,234.0
0.0617,-21.0,232.0
0.0619,110.0,234.0
0.0621,14.0,230.0
0.0623,-50.0,230.0
0.0625,-29.0,230.0
0.0626,-43.0,228.0
0.0628,47.0,228.0
0.063,168.0,228.0
0.0632,-42.0,226.0
0.0634,-259.0,228.0
0.0635,13.0,224.0
0.0637,229.0,226.0
0.0638,-24.0,224.0
0.064,-100.0,224.0
0.0642,120.0,224.0
0.0643,-3.0,222.0
0.0645,-219.0,224.0
0.0646,32.0,224.0
0.0648,198.0,224.0
0.0651,-64.0,224.0
0.0653,-89.0,224.0
0.0655,144.0,226.0
0.0657,33.0,226.0
0.0659,-191.0,228.0
0.066,-65.0,228.0
0.0662,131.0,230.0
0.0663,72.0,230.0
0.0665,0.0,230.0
0.0666,23.0,230.0
0.0668,-108.0,232.0
0.0669,-164.0,234.0
0.0671,146.0,236.0
0.0673,249.0,240.0
0.0675,-125.0,240.0
0.0676,-250.0,242.0
0.0678,67.0,242.0
0.0679,184.0,244.0
0.068,0.0,244.0
0.0682,-63.0,244.0
0.0683,-41.0,244.0
0.0685,-43.0,242.0
0.0686,48.0,238.0
0.0688,54.0,236.0
0.0689,-50.0,230.0
0.069,11.0,228.0
0.0692,59.0,222.0
0.0693,-73.0,222.0
0.0695,-31.0,220.0
0.0696,126.0,220.0
0.0698,-52.0,220.0
0.07,-200.0,220.0
0.0701,126.0,222.0
0.0703,253.0,226.0
0.0704,-137.0,228.0
0.0706,-225.0,228.0
0.0707,97.0,228.0
0.0709,141.0,228.0
0.0714,-40.0,224.0
0.0716,-57.0,222.0
0.0718,-8.0,220.0
0.072,2.0,218.0
0.0722,26.0,216.0
0.0724,13.0,214.0
0.0726,-8.0,214.0
0.0728,2.0,210.0
0.073,-33.0,208.0
0.0732,-21.0,206.0
0.0734,79.0,204.0
0.0735,10.0,202.0
0.0737,-115.0,198.0
0.0739,30.0,198.0
0.074,148.0,198.0
0.0742,-72.0,198.0
0.0744,-184.0,200.0
0.0745,80.0,200.0
0.0747,193.0,202.0
0.0748,-50.0,204.0
0.075,-123.0,204.0
0.0751,26.0,202.0
0.0753,-14.0,200.0
0.0755,-59.0,198.0
0.0756,94.0,200.0
0.0758,137.0,198.0
0.0759,-10.0,198.0
0.0761,-175.0,200.0
0.0765,-169.0,202.0
0.0767,111.0,202.0
0.0769,267.0,206.0
0.0771,3.0,204.0
0.0774,-195.0,206.0
0.0777,-39.0,204.0
0.0827,40.0,200.0
0.0878,-47.0,200.0
0.0928,79.0,194.0
0.0977,187.0,196.0
0.1027,-145.0,192.0
0.1077,-304.0,192.0
0.1128,173.0,192.0
0.1178,335.0,194.0
0.1228,-176.0,194.0
0.1278,-258.0,198.0
0.133,167.0,198.0
0.1379,152.0,200.0
0.1429,-122.0,200.0
0.148,-83.0,200.0
0.1527,27.0,200.0
0.1577,9.0,198.0
0.1637,26.0,198.0
0.1679,71.0,200.0
0.1733,49.0,198.0
0.1779,-58.0,198.0
0.1834,-173.0,200.0
0.1878,-83.0,200.0
0.193,168.0,202.0
0.1979,225.0,206.0
0.2039,-1.0,204.0
0.2077,-236.0,208.0
0.2128,-182.0,208.0
0.2177,129.0,208.0
0.223,234.0,208.0
0.2277,-25.0,206.0
0.2329,-134.0,206.0
0.2378,19.0,202.0
0.2428,-7.0,200.0
0.2479,-88.0,200.0
0.2529,69.0,198.0
0.2579,122.0,198.0
0.2627,-38.0,198.0
0.2677,-48.0,198.0
0.2727,-9.0,196.0
0.2778,-88.0,198.0
0.2833,-2.0,196.0
0.2878,182.0,198.0
0.2929,60.0,200.0
0.2978,-162.0,200.0
0.3027,-81.0,200.0
0.3078,41.0,200.0
0.3132,20.0,196.0
0.3178,100.0,198.0
0.3229,75.0,194.0
0.3278,-188.0,198.0
0.3327,-114.0,198.0
0.3379,197.0,198.0
0.3437,39.0,200.0
0.3478,-155.0,198.0
0.3527,115.0,200.0
0.3577,117.0,198.0
0.3627,-224.0,200.0
0.3684,-95.0,202.0
0.373,180.0,202.0
0.3778,48.0,202.0
0.3828,-41.0,200.0
0.3878,28.0,198.0
0.3927,-49.0,198.0
0.3979,-62.0,198.0
0.4031,71.0,198.0
0.4088,18.0,198.0
0.4127,-110.0,198.0
0.4177,15.0,196.0
0.423,187.0,196.0
0.4278,45.0,194.0
0.4329,-229.0,196.0
0.4378,-141.0,194.0
0.4428,177.0,196.0
0.4477,167.0,196.0
0.4534,-70.0,196.0
0.4579,-117.0,196.0
0.4628,-24.0,196.0
0.4677,61.0,196.0
0.4727,79.0,198.0
0.478,-36.0,198.0
0.483,-88.0,198.0
0.4879,47.0,198.0
0.4928,72.0,198.0
0.4979,-81.0,198.0
0.5027,-92.0,200.0
0.5087,71.0,198.0
0.5129,164.0,200.0
0.5179,36.0,198.0
0.5228,-206.0,200.0
0.5277,-177.0,198.0
0.5327,132.0,198.0
0.5378,215.0,198.0
0.543,6.0,196.0
0.548,-114.0,196.0
0.5527,-83.0,196.0
0.5577,-16.0,196.0
0.5627,56.0,196.0
0.5677,60.0,198.0
0.5729,25.0,198.0
0.5777,-20.0,198.0
0.5827,-115.0,200.0
0.5877,-17.0,200.0
0.5942,189.0,202.0
0.5977,-2.0,202.0
0.6028,-215.0,204.0
0.6077,48.0,204.0
0.6139,160.0,206.0
0.6178,-67.0,206.0
0.6228,-33.0,204.0
0.6278,50.0,204.0
0.6327,-103.0,202.0
0.6378,-17.0,202.0
0.6428,175.0,202.0
0.6478,-23.0,200.0
0.6528,-147.0,202.0
0.6578,67.0,202.0
0.6629,46.0,202.0
0.6681,-101.0,202.0
0.6727,65.0,202.0
0.6785,114.0,202.0
0.6827,-130.0,204.0
0.6877,-95.0,202.0
0.6927,123.0,202.0
0.6977,32.0,200.0
0.7027,-60.0,198.0
0.7078,48.0,198.0
0.7128,-28.0,196.0
0.7177,-94.0,196.0
0.7227,94.0,198.0
0.7276,95.0,198.0
0.7328,-82.0,198.0
0.7378,-73.0,196.0
0.7429,0.0,194.0
0.7477,41.0,190.0
0.7527,68.0,188.0
0.7578,-11.0,184.0
0.7632,-67.0,182.0
0.7677,-12.0,178.0
0.7728,22.0,176.0
0.7777,46.0,174.0
0.7835,21.0,172.0
0.7877,-79.0,172.0
0.7928,-51.0,172.0
0.7979,54.0,174.0
0.803,49.0,174.0
0.8077,36.0,172.0
0.8127,14.0,172.0
0.8184,-96.0,174.0
0.8228,-108.0,172.0
0.8278,31.0,172.0
0.8328,138.0,170.0
0.8404,109.0,168.0
0.8426,-63.0,170.0
0.8477,-195.0,170.0
0.8527,-54.0,168.0
0.8578,159.0,168.0
0.8633,127.0,166.0
0.8677,-53.0,166.0
0.8728,-131.0,166.0
0.8777,-14.0,166.0
0.8827,88.0,168.0
0.8877,-2.0,166.0
0.8928,-41.0,166.0
0.8977,56.0,164.0
0.9027,39.0,164.0
0.9078,-71.0,166.0
0.9128,-72.0,166.0
0.9177,28.0,166.0
0.9228,94.0,166.0
0.9277,22.0,164.0
0.9327,-94.0,164.0
0.9378,-38.0,162.0
0.9427,69.0,162.0
0.9478,9.0,162.0
0.9528,-11.0,162.0
0.9578,49.0,162.0
0.963,-57.0,160.0
0.9679,-78.0,160.0
0.9729,108.0,160.0
0.9778,40.0,156.0
0.9833,-139.0,158.0
0.9877,11.0,156.0
0.9927,145.0,156.0
0.9978,-8.0,154.0
1.0027,-91.0,152.0
1.0078,-35.0,152.0
1.0126,-25.0,150.0
1.0176,64.0,150.0
1.0234,122.0,150.0
1.0279,-64.0,152.0
1.0329,-126.0,152.0
1.0377,53.0,152.0
1.0432,59.0,152.0
1.0476,-50.0,152.0
1.0527,-4.0,152.0
1.0577,54.0,152.0
1.0636,-8.0,148.0
1.0678,-42.0,148.0
1.0727,31.0,146.0
1.0777,17.0,144.0
1.0828,-120.0,142.0
1.0877,-16.0,140.0
1.0927,250.0,144.0
1.0976,43.0,142.0
1.1027,-321.0,146.0
1.1081,-62.0,146.0
1.1128,261.0,150.0
1.1177,47.0,150.0
1.1227,-93.0,150.0
1.1276,5.0,150.0
1.1327,-76.0,150.0
1.1377,-78.0,150.0
1.143,142.0,150.0
1.1478,103.0,150.0
1.1528,-70.0,150.0
1.1577,-1.0,148.0
1.163,-47.0,146.0
1.1679,-185.0,146.0
1.1727,80.0,146.0
1.1778,299.0,146.0
1.1828,-26.0,146.0
1.1878,-252.0,150.0
1.1929,-20.0,148.0
1.1992,110.0,150.0
1.2027,20.0,150.0
1.2096,11.0,148.0
1.2127,-26.0,148.0
1.2178,-55.0,148.0
1.2228,81.0,148.0
1.2285,69.0,150.0
1.2328,-134.0,148.0
1.2377,-99.0,150.0
1.2427,104.0,148.0
1.2478,92.0,148.0
1.2544,-13.0,146.0
1.2576,4.0,146.0
1.2627,-29.0,146.0
1.2679,-109.0,146.0
1.2727,-36.0,146.0
1.2777,96.0,146.0
1.2832,125.0,146.0
1.289,24.0,146.0
1.2928,-118.0,146.0
1.2977,-119.0,146.0
1.3026,26.0,146.0
1.3079,109.0,146.0
1.3139,55.0,146.0
1.3177,-40.0,144.0
1.3227,-83.0,144.0
1.3277,-14.0,142.0
1.3328,97.0,142.0
1.338,46.0,142.0
1.3435,-123.0,144.0
1.3477,-91.0,144.0
1.3526,127.0,146.0
1.3577,143.0,146.0
1.3628,-56.0,146.0
1.3688,-135.0,146.0
1.3728,-72.0,146.0
1.3776,45.0,146.0
1.3827,164.0,148.0
1.389,39.0,148.0
1.3929,-169.0,150.0
1.3978,-18.0,150.0
1.4027,151.0,152.0
1.4077,-76.0,152.0
1.4127,-163.0,154.0
1.4176,122.0,156.0
1.4229,149.0,158.0
1.4277,-78.0,158.0
1.4328,-51.0,158.0
1.4377,20.0,158.0
1.4427,-79.0,158.0
1.4479,-15.0,158.0
1.4527,134.0,160.0
1.4584,37.0,158.0
1.4628,-55.0,158.0
1.4677,-12.0,158.0
1.4732,-78.0,156.0
1.4777,-74.0,156.0
1.4832,122.0,156.0
1.4877,128.0,156.0
1.4927,-59.0,156.0
1.4976,-77.0,154.0
1.5027,10.0,152.0
1.5082,-17.0,152.0
1.5128,-34.0,150.0
1.5178,66.0,152.0
1.5227,84.0,152.0
1.5277,-64.0,152.0
1.5331,-101.0,154.0
1.5376,34.0,152.0
1.5428,51.0,152.0
1.5477,1.0,152.0
1.5527,76.0,152.0
1.5576,-8.0,152.0
1.5626,-223.0,154.0
1.5676,-7.0,154.0
1.5729,278.0,156.0
1.5784,-25.0,156.0
1.5828,-206.0,158.0
1.5878,127.0,160.0
1.5933,75.0,162.0
1.5977,-212.0,164.0
1.6028,36.0,164.0
1.6077,207.0,166.0
1.6126,-94.0,166.0
1.6177,-117.0,166.0
1.6226,99.0,166.0
1.628,-7.0,166.0
1.6327,-95.0,164.0
1.6376,107.0,166.0
1.6426,132.0,166.0
1.6477,-128.0,168.0
1.6528,-197.0,172.0
1.6578,54.0,170.0
1.6636,226.0,172.0
1.6676,70.0,172.0
1.6726,-177.0,174.0
1.6777,-172.0,176.0
1.6827,89.0,176.0
1.6878,244.0,178.0
1.6927,-28.0,180.0
1.6977,-337.0,184.0
1.7035,0.0,184.0
1.7076,430.0,190.0
1.7127,28.0,190.0
1.7188,-424.0,196.0
1.7227,-40.0,194.0
1.7276,288.0,198.0
1.7327,4.0,196.0
1.738,-97.0,196.0
1.7428,64.0,192.0
1.7477,-45.0,192.0
1.7526,-112.0,190.0
1.7588,106.0,190.0
1.7626,82.0,190.0
1.7684,-132.0,192.0
1.7728,30.0,192.0
1.7781,174.0,192.0
1.7835,-151.0,192.0
1.7879,-204.0,194.0
1.7929,205.0,196.0
1.7979,172.0,200.0
1.8036,-202.0,202.0
1.8076,-114.0,200.0
1.8128,162.0,202.0
1.8178,104.0,198.0
1.8227,-58.0,200.0
1.8277,-145.0,198.0
1.8331,-104.0,198.0
1.839,174.0,200.0
1.8428,232.0,204.0
1.8481,-166.0,206.0
1.8535,-221.0,208.0
1.8581,168.0,210.0
1.8633,84.0,210.0
1.8679,-217.0,212.0
1.8728,62.0,212.0
1.8779,252.0,214.0
1.8835,-135.0,214.0
1.8882,-171.0,216.0
1.8931,149.0,218.0
1.8978,-20.0,218.0
1.9036,-167.0,220.0
1.9081,188.0,222.0
1.9126,188.0,224.0
1.918,-223.0,226.0
1.9227,-137.0,226.0
1.9278,158.0,228.0
1.9326,0.0,226.0
1.9382,-113.0,226.0
1.9427,126.0,228.0
1.948,126.0,228.0
1.9528,-157.0,230.0
1.9579,-134.0,232.0
1.963,127.0,232.0
1.9682,99.0,234.0
1.9728,-108.0,234.0
1.9787,-72.0,234.0
1.9835,73.0,234.0
1.9878,103.0,234.0
1.9931,45.0,232.0
1.9985,-134.0,232.0
2.0027,-216.0,234.0
2.0076,66.0,234.0
2.0128,297.0,236.0
2.0178,66.0,238.0
2.023,-215.0,238.0
2.0286,-114.0,240.0
2.0327,79.0,238.0
2.0378,24.0,238.0
2.0428,-28.0,236.0
2.0478,106.0,236.0
2.0533,64.0,234.0
2.0592,-182.0,236.0
2.0632,-115.0,236.0
2.0677,182.0,236.0
2.0728,147.0,238.0
2.0781,-129.0,240.0
2.0844,-137.0,240.0
2.0881,69.0,242.0
2.0928,72.0,240.0
2.0977,-51.0,240.0
2.1038,7.0,240.0
2.1078,68.0,242.0
2.1128,-54.0,240.0
2.1187,-72.0,240.0
2.1226,68.0,240.0
2.1278,53.0,238.0
2.1328,-65.0,238.0
2.1393,-33.0,238.0
2.1432,49.0,238.0
2.1482,24.0,238.0
2.1528,-26.0,238.0
2.1578,-30.0,238.0
2.1628,7.0,236.0
2.1678,83.0,238.0
2.1727,18.0,236.0
2.1782,-201.0,238.0
2.1827,-85.0,240.0
2.1876,321.0,244.0
2.1929,206.0,246.0
2.1985,-331.0,252.0
2.2027,-306.0,252.0
2.2077,210.0,256.0
2.2128,282.0,256.0
2.2178,-63.0,256.0
2.2233,-138.0,256.0
2.2282,4.0,254.0
2.2331,-17.0,252.0
2.2379,-47.0,250.0
2.2433,104.0,250.0
2.2478,138.0,250.0
2.2536,-133.0,250.0
2.2584,-232.0,252.0
2.2627,121.0,252.0
2.2677,284.0,256.0
2.2728,-55.0,256.0
2.2779,-233.0,258.0
2.2842,-21.0,256.0
2.288,86.0,256.0
2.2929,26.0,254.0
2.2977,49.0,254.0
2.3028,50.0,250.0
2.3092,-72.0,250.0
2.3133,-111.0,250.0
2.3178,-14.0,246.0
2.3226,50.0,246.0
2.3286,87.0,244.0
2.3341,121.0,246.0
2.3388,-41.0,240.0
2.3433,-259.0,244.0
2.3483,-80.0,240.0
2.355,237.0,242.0
2.3588,131.0,238.0
2.3629,-107.0,238.0
2.3688,-37.0,234.0
2.3747,30.0,236.0
2.3789,-115.0,236.0
2.3835,-78.0,236.0
2.3877,194.0,238.0
2.3927,169.0,240.0
2.3976,-159.0,240.0
2.4027,-195.0,242.0
2.4077,64.0,240.0
2.4129,134.0,242.0
2.4185,40.0,240.0
2.4228,-37.0,238.0
2.4277,-140.0,238.0
2.4328,-31.0,234.0
2.4376,225.0,236.0
2.4426,39.0,232.0
2.4478,-271.0,236.0
2.4528,2.0,232.0
2.4578,259.0,236.0
2.4636,-63.0,236.0
2.4678,-201.0,236.0
2.4733,130.0,236.0
2.4778,131.0,236.0
2.4837,-191.0,236.0
2.4877,-87.0,234.0
2.4927,241.0,234.0
2.4976,86.0,234.0
2.5029,-249.0,236.0
2.508,-116.0,234.0
2.5127,161.0,236.0
2.518,104.0,234.0
2.5227,-14.0,232.0
2.5276,3.0,228.0
2.5326,-43.0,228.0
2.5387,-120.0,228.0
2.5426,-30.0,226.0
2.5477,105.0,226.0
2.5527,88.0,224.0
2.5577,21.0,220.0
2.5626,-7.0,218.0
2.5685,-117.0,218.0
2.5744,-154.0,220.0
2.5776,115.0,220.0
2.5828,256.0,222.0
2.5878,-69.0,222.0
2.5928,-236.0,222.0
2.5981,56.0,222.0
2.6031,147.0,222.0
2.6078,-99.0,222.0
2.6128,-66.0,222.0
2.618,147.0,222.0
2.6227,15.0,222.0
2.6278,-122.0,222.0
2.6327,26.0,222.0
2.6395,12.0,220.0
2.6428,-66.0,218.0
2.6479,109.0,218.0
2.6527,88.0,214.0
2.6583,-161.0,216.0
2.6627,-71.0,214.0
2.6677,132.0,214.0
2.6727,-2.0,212.0
2.6779,-56.0,214.0
2.6828,114.0,214.0
2.6877,-14.0,214.0
2.6931,-187.0,216.0
2.6978,39.0,214.0
2.7028,137.0,214.0
2.708,-40.0,212.0
2.7129,12.0,210.0
2.7181,73.0,208.0
2.7228,-142.0,208.0
2.7277,-129.0,210.0
2.7328,173.0,210.0
2.738,151.0,212.0
2.7432,-143.0,214.0
2.7483,-138.0,216.0
2.753,101.0,216.0
2.7577,124.0,218.0
2.7627,-52.0,216.0
2.7679,-121.0,218.0
2.7728,-3.0,216.0
2.7777,116.0,218.0
2.7826,46.0,218.0
2.7877,-106.0,220.0
2.7927,-61.0,220.0
2.7977,116.0,222.0
2.8026,48.0,222.0
2.8077,-174.0,224.0
2.8128,-14.0,224.0
2.8177,255.0,224.0
2.8227,-28.0,224.0
2.8278,-292.0,222.0
2.8327,58.0,220.0
2.8377,249.0,220.0
2.8427,-60.0,216.0
2.8476,-155.0,214.0
2.8528,37.0,210.0
2.8577,70.0,210.0
2.8636,-16.0,208.0
2.8676,-48.0,210.0
2.8729,11.0,210.0
2.8776,83.0,210.0
2.8826,5.0,208.0
2.8879,-113.0,208.0
2.8927,-45.0,206.0
2.8977,114.0,204.0
2.9026,77.0,204.0
2.9077,-138.0,202.0
2.9127,-77.0,202.0
2.9178,217.0,202.0
2.9227,54.0,202.0
2.9277,-303.0,206.0
2.9327,-35.0,206.0
2.9378,321.0,210.0
2.9427,32.0,210.0
2.9477,-243.0,212.0
2.9527,-19.0,212.0
2.9577,114.0,212.0
2.9627,-34.0,212.0
2.9688,-8.0,212.0
2.9727,105.0,212.0
2.9777,-42.0,212.0
2.9826,-131.0,210.0
2.9876,65.0,208.0
2.9927,82.0,206.0
2.9978,-92.0,206.0
3.0026,-4.0,204.0
3.0076,117.0,206.0
3.0126,-37.0,206.0
3.0178,-101.0,206.0
3.0228,43.0,204.0
3.0278,25.0,202.0
3.0327,-64.0,200.0
3.0381,57.0,200.0
3.0427,102.0,198.0
3.0482,-74.0,198.0
3.0529,-104.0,198.0
3.0576,15.0,196.0
3.0628,38.0,196.0
3.0676,64.0,196.0
3.0726,67.0,196.0
3.0782,-99.0,194.0
3.0827,-152.0,196.0
3.0878,69.0,192.0
3.0927,177.0,196.0
3.0976,-4.0,192.0
3.1026,-152.0,194.0
3.1081,-55.0,190.0
3.1128,108.0,190.0
3.1178,92.0,190.0
3.1227,-68.0,188.0
3.1277,-95.0,188.0
3.1327,41.0,184.0
3.1387,55.0,184.0
3.1427,-36.0,182.0
3.1478,23.0,180.0
3.1526,66.0,178.0
3.1576,-120.0,178.0
3.1628,-130.0,180.0
3.1676,181.0,182.0
3.1735,183.0,186.0
3.1779,-158.0,186.0
3.1827,-137.0,188.0
3.1876,95.0,188.0
3.1927,-10.0,186.0
3.198,-89.0,188.0
3.2026,131.0,190.0
3.2076,155.0,190.0
3.2127,-105.0,188.0
3.2177,-207.0,190.0
3.2227,-45.0,188.0
3.2278,167.0,188.0
3.2327,188.0,188.0
3.2376,-54.0,188.0
3.2427,-220.0,188.0
3.2477,-32.0,188.0
3.2527,153.0,190.0
3.2576,19.0,188.0
3.2628,-69.0,188.0
3.2678,61.0,188.0
3.2726,19.0,186.0
3.2778,-126.0,188.0
3.2837,1.0,188.0
3.2878,141.0,188.0
3.2927,-4.0,186.0
3.2977,-129.0,186.0
3.3026,-19.0,186.0
3.3076,116.0,186.0
3.3128,77.0,186.0
3.3177,-98.0,188.0
3.3227,-148.0,188.0
3.3277,46.0,188.0
3.3327,180.0,188.0
3.3377,49.0,188.0
3.3429,-119.0,188.0
3.3478,-129.0,190.0
3.3527,-16.0,190.0
3.3577,123.0,190.0
3.3628,129.0,190.0
3.3678,-58.0,188.0
3.3739,-130.0,188.0
3.3779,35.0,186.0
3.3826,62.0,186.0
3.3876,-84.0,184.0
3.393,-27.0,184.0
3.3987,110.0,182.0
3.4028,30.0,182.0
3.4078,-55.0,182.0
3.4126,-21.0,182.0
3.4177,-24.0,180.0
3.4226,6.0,180.0
3.4276,70.0,180.0
3.4329,-16.0,178.0
3.4376,-83.0,178.0
3.4426,46.0,178.0
3.4477,76.0,176.0
3.4529,-83.0,178.0
3.4578,-34.0,174.0
3.4627,140.0,176.0
3.4676,-29.0,172.0
3.4727,-201.0,174.0
3.4777,56.0,170.0
3.4828,204.0,174.0
3.4878,-28.0,172.0
3.4927,-108.0,172.0
3.4983,12.0,172.0
3.5027,-35.0,172.0
3.5078,-58.0,172.0
3.5126,145.0,174.0
3.5184,135.0,174.0
3.5227,-174.0,178.0
3.5276,-177.0,178.0
3.5326,119.0,180.0
3.5378,162.0,180.0
3.5433,-6.0,180.0
3.5478,-115.0,178.0
3.5531,-97.0,180.0
3.5576,62.0,176.0
3.5626,117.0,178.0
3.5677,-37.0,174.0
3.5728,-61.0,174.0
3.5778,44.0,170.0
3.5827,19.0,170.0
3.5876,-39.0,166.0
3.5931,-35.0,166.0
3.5977,-10.0,164.0
3.6033,64.0,166.0
3.6077,63.0,166.0
3.6126,-50.0,166.0
3.6176,-78.0,166.0
3.6226,3.0,164.0
3.6278,81.0,164.0
3.6326,40.0,164.0
3.6377,-94.0,164.0
3.6426,-64.0,164.0
3.6477,88.0,164.0
3.6527,53.0,164.0
3.6578,-43.0,164.0
3.6627,-2.0,162.0
3.6677,-9.0,162.0
3.6726,-64.0,162.0
3.6777,18.0,162.0
3.6828,106.0,162.0
3.6877,27.0,162.0
3.6928,-96.0,162.0
3.6977,-75.0,162.0
3.7026,41.0,162.0
3.7076,61.0,162.0
3.7127,17.0,162.0
3.7184,12.0,160.0
3.7229,-37.0,158.0
3.7277,-72.0,158.0
3.7326,20.0,156.0
3.7378,43.0,156.0
3.7428,-23.0,154.0
3.7477,75.0,154.0
3.7526,92.0,154.0
3.7577,-185.0,156.0
3.763,-208.0,158.0
3.7679,179.0,160.0
3.7728,303.0,164.0
3.7777,-57.0,164.0
3.7826,-310.0,168.0
3.7876,-76.0,168.0
3.7927,204.0,170.0
3.7978,107.0,170.0
3.8028,-30.0,168.0
3.8077,-15.0,166.0
3.8126,-101.0,166.0
3.8176,-84.0,164.0
3.8232,117.0,164.0
3.8277,56.0,162.0
3.8335,-74.0,164.0
3.8377,94.0,164.0
3.8426,106.0,164.0
3.8478,-242.0,164.0
3.8528,-250.0,168.0
3.8578,276.0,168.0
3.8627,390.0,174.0
3.8676,-194.0,174.0
3.8727,-388.0,178.0
3.8779,100.0,178.0
3.8826,224.0,178.0
3.8888,-87.0,178.0
3.8926,-11.0,176.0
3.8976,148.0,178.0
3.9026,-119.0,180.0
3.908,-196.0,182.0
3.9127,137.0,184.0
3.9178,156.0,184.0
3.9226,-104.0,186.0
3.9276,-56.0,184.0
3.9339,65.0,186.0
3.9378,-21.0,184.0
3.9426,-26.0,184.0
3.9479,52.0,182.0
3.9527,6.0,182.0
3.9577,-60.0,180.0
3.9627,-7.0,178.0
3.9677,57.0,178.0
3.9726,-33.0,176.0
3.9776,-40.0,176.0
3.9826,144.0,176.0
3.9876,22.0,176.0
3.9935,-241.0,178.0
3.9976,-15.0,176.0
4.0027,227.0,178.0
4.0076,4.0,178.0
4.0126,-111.0,178.0
4.0176,29.0,178.0
4.0228,-17.0,176.0
4.0279,-81.0,176.0
4.0328,90.0,178.0
4.0376,132.0,178.0
4.0426,-93.0,178.0
4.0476,-142.0,180.0
4.0526,45.0,180.0
4.058,83.0,182.0
4.0626,3.0,182.0
4.0676,13.0,180.0
4.0726,-9.0,180.0
4.0778,-84.0,180.0
4.0837,-17.0,180.0
4.0877,106.0,180.0
4.0929,42.0,180.0
4.0988,-115.0,182.0
4.1031,-34.0,180.0
4.1076,164.0,182.0
4.1127,-10.0,178.0
4.1176,-255.0,182.0
4.1226,46.0,180.0
4.1276,311.0,184.0
4.1327,-60.0,182.0
4.1377,-255.0,186.0
4.1428,116.0,188.0
4.1478,126.0,188.0
4.1526,-215.0,190.0
4.1576,-42.0,188.0
4.1628,236.0,190.0
4.1678,40.0,188.0
4.1728,-101.0,188.0
4.1776,-38.0,186.0
4.1827,-93.0,186.0
4.1878,-29.0,186.0
4.1927,187.0,186.0
4.1976,97.0,188.0
4.2039,-146.0,188.0
4.2076,-50.0,188.0
4.2126,75.0,188.0
4.2182,-94.0,188.0
4.2226,-62.0,190.0
4.2278,198.0,192.0
4.2328,85.0,192.0
4.2376,-179.0,196.0
4.2426,-83.0,196.0
4.2476,102.0,196.0
4.2528,69.0,196.0
4.2577,-63.0,196.0
4.2628,-107.0,198.0
4.2676,75.0,198.0
4.2738,196.0,200.0
4.2778,-75.0,200.0
4.2828,-252.0,204.0
4.2877,9.0,202.0
4.2934,196.0,204.0
4.2976,81.0,204.0
4.3027,-38.0,206.0
4.3076,-92.0,206.0
4.3126,-101.0,208.0
4.3177,-11.0,206.0
4.3227,124.0,208.0
4.3284,125.0,208.0
4.3326,-67.0,208.0
4.3385,-162.0,210.0
4.3427,19.0,210.0
4.3476,142.0,210.0
4.3526,-7.0,210.0
4.3576,-106.0,212.0
4.3634,28.0,212.0
4.3679,66.0,212.0
4.3727,-79.0,212.0
4.3776,-23.0,212.0
4.3826,129.0,214.0
4.3876,-21.0,214.0
4.3927,-126.0,214.0
4.3977,71.0,212.0
4.4026,51.0,210.0
4.4076,-144.0,208.0
4.4125,41.0,204.0
4.4183,233.0,208.0
4.4236,-68.0,204.0
4.4292,-270.0,206.0
4.4325,9.0,204.0
4.4377,203.0,206.0
4.4434,69.0,206.0
4.4488,-78.0,206.0
4.4534,-112.0,206.0
4.4577,-11.0,206.0
4.4647,121.0,206.0
4.4676,9.0,206.0
4.4726,-131.0,206.0
4.4787,77.0,206.0
4.4826,162.0,206.0
4.4877,-178.0,206.0
4.4928,-177.0,204.0
4.4982,208.0,204.0
4.5029,128.0,200.0
4.5078,-167.0,198.0
4.5128,-33.0,194.0
4.5178,118.0,194.0
4.5228,-27.0,190.0
4.528,-125.0,192.0
4.5326,-11.0,192.0
4.5376,199.0,192.0
4.5429,155.0,192.0
4.5476,-263.0,194.0
4.5527,-322.0,196.0
4.5576,200.0,198.0
4.5626,381.0,202.0
4.568,-19.0,200.0
4.5749,-261.0,204.0
4.5776,-131.0,206.0
4.5826,21.0,206.0
4.5879,129.0,206.0
4.5934,195.0,210.0
4.5977,-2.0,208.0
4.6027,-247.0,212.0
4.6076,-95.0,214.0
4.6126,128.0,214.0
4.6176,46.0,214.0
4.6235,-8.0,212.0
4.6276,72.0,214.0
4.6327,25.0,210.0
4.6376,-92.0,212.0
4.6426,-108.0,210.0
4.6477,-13.0,210.0
4.6526,112.0,210.0
4.6578,105.0,210.0
4.6627,-36.0,212.0
4.6681,-85.0,212.0
4.6726,-20.0,210.0
4.6782,12.0,208.0
4.6827,10.0,206.0
4.6889,13.0,204.0
4.6928,27.0,204.0
4.6977,20.0,204.0
4.7027,-44.0,204.0
4.7078,-35.0,204.0
4.7127,34.0,204.0
4.7178,-35.0,204.0
4.7233,-49.0,204.0
4.7277,160.0,206.0
4.7327,136.0,206.0
4.7377,-230.0,208.0
4.7427,-241.0,212.0
4.7478,168.0,212.0
4.7526,246.0,216.0
4.7576,-9.0,212.0
4.7627,-104.0,212.0
4.768,-139.0,210.0
4.7727,-93.0,210.0
4.7777,199.0,210.0
4.7826,209.0,212.0
4.7877,-172.0,212.0
4.7926,-183.0,212.0
4.7976,114.0,212.0
4.8028,71.0,210.0
4.8077,-77.0,210.0
4.8126,12.0,210.0
4.8176,56.0,210.0
4.8227,-2.0,208.0
4.8277,1.0,208.0
4.8327,-51.0,206.0
4.8376,-94.0,206.0
4.8427,54.0,204.0
4.8478,149.0,206.0
4.8529,5.0,204.0
4.8578,-122.0,204.0
4.8629,-68.0,204.0
4.8676,42.0,202.0
4.873,83.0,202.0
4.8779,35.0,200.0
4.8826,-38.0,200.0
4.8877,-75.0,200.0
4.8926,-28.0,198.0
4.8976,68.0,198.0
4.9026,69.0,198.0
4.9078,-44.0,198.0
4.9127,-87.0,196.0
4.9178,41.0,196.0
4.9228,112.0,194.0
4.9276,-61.0,194.0
4.9326,-161.0,194.0
4.9377,73.0,194.0
4.9427,198.0,196.0
4.9478,-58.0,196.0
4.9526,-162.0,196.0
4.9576,49.0,196.0
4.9627,52.0,196.0
4.9687,-73.0,194.0
4.9726,62.0,194.0
4.9776,112.0,194.0
4.9826,-112.0,196.0
4.9876,-152.0,196.0
4.9927,55.0,196.0
4.9977,174.0,198.0
5.0027,64.0,198.0
5.0076,-130.0,198.0
5.0127,-121.0,200.0
5.0176,33.0,200.0
5.0226,26.0,198.0
5.0276,24.0,198.0
5.0327,152.0,198.0
5.0376,6.0,198.0
5.0426,-251.0,200.0
5.0476,-68.0,200.0
5.0526,188.0,202.0
5.0583,88.0,200.0
5.0626,-47.0,200.0
5.0676,-63.0,196.0
5.0726,-29.0,196.0
5.0781,37.0,194.0
5.0834,-5.0,192.0
5.0876,-22.0,192.0
5.0927,106.0,192.0
5.0987,-6.0,192.0
5.1027,-214.0,194.0
5.1076,42.0,194.0
5.1127,282.0,196.0
5.1176,-47.0,196.0
5.1226,-282.0,198.0
5.1276,14.0,194.0
5.1326,240.0,196.0
5.1376,27.0,192.0
5.1426,-218.0,194.0
5.1476,-49.0,192.0
5.1526,224.0,196.0
5.1585,37.0,194.0
5.1626,-194.0,196.0
5.1679,-8.0,196.0
5.1728,91.0,196.0
5.1776,-16.0,194.0
5.1827,15.0,192.0
5.1877,33.0,188.0
5.1939,-31.0,184.0
5.1978,-19.0,180.0
5.2028,-9.0,174.0
5.2077,-27.0,174.0
5.2126,4.0,170.0
5.2177,42.0,170.0
5.2237,41.0,170.0
5.2276,19.0,168.0
5.2327,-42.0,166.0
5.2387,-99.0,166.0
5.2426,-24.0,164.0
5.2483,104.0,164.0
5.2527,102.0,164.0
5.2578,-34.0,162.0
5.2627,-151.0,166.0
5.2676,-29.0,164.0
5.2726,177.0,166.0
5.2777,34.0,166.0
5.2835,-197.0,168.0
5.2876,0.0,168.0
5.2928,219.0,168.0
5.2977,-13.0,168.0
5.3034,-237.0,170.0
5.3078,-26.0,170.0
5.3128,222.0,172.0
5.3176,69.0,174.0
5.3229,-160.0,176.0
5.3276,-44.0,176.0
5.3338,106.0,178.0
5.3386,-31.0,178.0
5.3428,-112.0,178.0
5.3477,76.0,180.0
5.3526,143.0,182.0
5.3585,-69.0,182.0
5.3629,-132.0,184.0
5.3678,78.0,182.0
5.3726,90.0,182.0
5.3779,-138.0,180.0
5.3826,-69.0,178.0
5.3876,205.0,178.0
5.393,83.0,176.0
5.3976,-226.0,178.0
5.4027,-98.0,178.0
5.4077,182.0,180.0
5.4126,75.0,178.0
5.4176,-99.0,178.0
5.4227,-32.0,174.0
5.4278,30.0,172.0
5.4328,34.0,170.0
5.4377,3.0,168.0
5.4434,-94.0,168.0
5.4478,-14.0,168.0
5.4529,156.0,170.0
5.4584,2.0,168.0
5.4626,-181.0,172.0
5.4676,24.0,172.0
5.4726,166.0,174.0
5.4776,-40.0,174.0
5.4829,-106.0,174.0
5.4883,30.0,172.0
5.4928,8.0,172.0
5.4976,-1.0,170.0
5.5025,75.0,170.0
5.5081,-39.0,170.0
5.5129,-103.0,170.0
5.5177,90.0,172.0
5.5226,106.0,172.0
5.5282,-125.0,174.0
5.5331,-129.0,174.0
5.5377,109.0,176.0
5.5428,123.0,176.0
5.5475,-80.0,176.0
5.5528,-51.0,176.0
5.5576,98.0,178.0
5.5628,-11.0,176.0
5.5687,-117.0,176.0
5.5728,2.0,174.0
5.5778,56.0,174.0
5.5827,12.0,170.0
5.5876,56.0,170.0
5.5933,50.0,170.0
5.5978,-110.0,170.0
5.6026,-146.0,172.0
5.6077,45.0,170.0
5.6126,172.0,172.0
5.6176,86.0,172.0
5.6226,-125.0,172.0
5.6277,-205.0,174.0
5.6327,69.0,174.0
5.6376,271.0,176.0
5.6426,-27.0,174.0
5.6478,-276.0,176.0
5.6528,-20.0,176.0
5.6578,227.0,178.0
5.6626,69.0,178.0
5.6677,-146.0,180.0
5.6726,-81.0,180.0
5.6775,65.0,180.0
5.6828,31.0,178.0
5.6878,-21.0,176.0
5.6927,29.0,174.0
5.6975,19.0,172.0
5.7026,-26.0,172.0
5.7076,-27.0,172.0
5.7127,-48.0,172.0
5.7178,18.0,172.0
5.7226,123.0,174.0
5.7276,-3.0,174.0
5.7335,-120.0,174.0
5.7377,27.0,174.0
5.7428,44.0,172.0
5.7477,-106.0,172.0
5.7526,14.0,168.0
5.7585,202.0,170.0
5.7627,12.0,166.0
5.7679,-244.0,170.0
5.7728,-106.0,168.0
5.7778,177.0,170.0
5.7826,186.0,170.0
5.7877,-29.0,170.0
5.793,-187.0,168.0
5.7978,-99.0,170.0
5.8027,114.0,168.0
5.8078,132.0,170.0
5.8126,-28.0,170.0
5.8176,-77.0,170.0
5.8237,-24.0,170.0
5.8278,-9.0,170.0
5.8328,40.0,170.0
5.8376,82.0,172.0
5.8426,-40.0,172.0
5.8484,-112.0,174.0
5.8529,41.0,174.0
5.8577,81.0,174.0
5.8628,-35.0,174.0
5.8676,8.0,174.0
5.8726,34.0,174.0
5.8777,-104.0,174.0
5.8828,-54.0,174.0
5.8878,119.0,174.0
5.8928,62.0,174.0
5.8976,-41.0,174.0
5.9025,-6.0,172.0
5.9079,-42.0,172.0
5.9128,-93.0,170.0
5.9176,61.0,172.0
5.9228,160.0,170.0
5.9276,-30.0,172.0
5.9333,-147.0,170.0
5.9384,12.0,170.0
5.9427,77.0,168.0
5.9477,-56.0,168.0
5.9526,-28.0,166.0
5.9584,173.0,166.0
5.9627,64.0,166.0
5.9679,-306.0,170.0
5.9728,-152.0,170.0
5.9778,345.0,174.0
5.9826,177.0,176.0
5.9876,-248.0,178.0
5.9928,-62.0,178.0
5.9978,120.0,178.0
6.0028,-133.0,178.0
6.0078,-88.0,178.0
6.0126,240.0,180.0
6.0176,119.0,180.0
6.0239,-165.0,182.0
6.0279,-88.0,180.0
6.0327,11.0,178.0
6.0378,-19.0,176.0
6.0426,55.0,174.0
6.0478,108.0,174.0
6.0528,3.0,172.0
6.0577,-94.0,172.0
6.0627,-91.0,174.0
6.0676,-14.0,174.0
6.0732,100.0,174.0
6.0778,128.0,176.0
6.0838,-23.0,176.0
6.0878,-159.0,178.0
6.0928,-55.0,176.0
6.0976,98.0,178.0
6.1026,69.0,176.0
6.1077,-6.0,176.0
6.1128,-29.0,174.0
6.1177,-55.0,174.0
6.1226,-22.0,172.0
6.1275,76.0,172.0
6.1333,57.0,174.0
6.1378,-71.0,174.0
6.1434,-61.0,174.0
6.1481,51.0,174.0
6.1533,36.0,174.0
6.1578,-23.0,172.0
6.1638,6.0,170.0
6.1679,16.0,170.0
6.1732,-52.0,168.0
6.179,-59.0,168.0
6.1837,59.0,166.0
6.1876,111.0,166.0
6.1928,-11.0,166.0
6.1984,-93.0,166.0
6.2029,-16.0,166.0
6.2086,22.0,164.0
6.2129,-36.0,166.0
6.2177,23.0,164.0
6.2227,130.0,166.0
6.2283,-27.0,166.0
6.2326,-198.0,168.0
6.2396,15.0,166.0
6.2426,205.0,168.0
6.2484,-10.0,168.0
6.253,-135.0,166.0
6.2578,34.0,166.0
6.2632,0.0,164.0
6.2677,-92.0,162.0
6.2727,136.0,164.0
6.2779,151.0,162.0
6.2831,-198.0,164.0
6.2881,-161.0,162.0
6.2938,179.0,164.0
6.2978,110.0,162.0
6.3028,-121.0,164.0
6.308,-30.0,162.0
6.3129,52.0,162.0
6.3191,-37.0,160.0
6.3232,-4.0,160.0
6.3277,64.0,162.0
6.3339,30.0,162.0
6.3388,-36.0,162.0
6.3427,-146.0,164.0
6.3476,-35.0,164.0
6.3532,281.0,168.0
6.3578,101.0,168.0
6.3629,-337.0,172.0
6.3692,-116.0,174.0
6.3738,291.0,176.0
6.3776,69.0,176.0
6.3831,-196.0,180.0
6.3884,8.0,178.0
6.3938,117.0,180.0
6.398,-65.0,178.0
6.4029,-84.0,178.0
6.4092,74.0,176.0
6.4143,80.0,176.0
6.4178,-62.0,174.0
6.4229,-61.0,172.0
6.4279,58.0,172.0
6.4327,11.0,170.0
6.4377,-78.0,168.0
6.4431,29.0,168.0
6.4476,109.0,168.0
6.4527,-29.0,168.0
6.4579,-107.0,168.0
6.4628,23.0,168.0
6.4676,39.0,168.0
6.4726,-58.0,168.0
6.4776,54.0,168.0
6.4826,96.0,168.0
6.4877,-100.0,168.0
6.4926,-61.0,168.0
6.4976,75.0,168.0
6.5026,-46.0,170.0
6.5076,-3.0,168.0
6.5127,160.0,170.0
6.5178,-79.0,170.0
6.5226,-233.0,174.0
6.5283,109.0,174.0
6.5326,262.0,176.0
6.538,-37.0,176.0
6.5429,-253.0,180.0
6.5476,-87.0,180.0
6.5526,198.0,182.0
6.5576,162.0,184.0
6.5628,-106.0,184.0
6.5677,-138.0,184.0
6.5757,29.0,184.0
6.5776,56.0,184.0
6.5826,-29.0,182.0
6.5876,-8.0,182.0
6.593,97.0,184.0
6.5976,32.0,182.0
6.6028,-165.0,182.0
6.6078,-82.0,180.0
6.6126,189.0,180.0
6.6176,114.0,176.0
6.6227,-169.0,176.0
6.6276,-124.0,174.0
6.6328,113.0,174.0
6.6377,106.0,174.0
6.6427,-45.0,174.0
6.6476,-62.0,172.0
6.6526,0.0,170.0
6.6577,29.0,168.0
6.6627,0.0,166.0
6.6677,-56.0,164.0
6.6725,25.0,164.0
6.6778,147.0,166.0
6.6829,-34.0,166.0
6.6885,-220.0,168.0
6.6926,3.0,168.0
6.6976,177.0,170.0
6.7025,20.0,168.0
6.7076,-18.0,168.0
6.7128,20.0,168.0
6.7178,-147.0,168.0
6.7227,-95.0,168.0
6.7276,226.0,170.0
6.7326,119.0,170.0
6.7379,-205.0,172.0
6.7428,-66.0,172.0
6.7477,123.0,174.0
6.7526,-3.0,174.0
6.7576,-30.0,174.0
6.7625,33.0,174.0
6.7678,-42.0,174.0
6.7727,-29.0,172.0
6.7776,96.0,174.0
6.7827,20.0,172.0
6.7876,-123.0,174.0
6.7926,20.0,174.0
6.7976,114.0,174.0
6.8027,-127.0,176.0
6.8077,-86.0,178.0
6.8126,257.0,180.0
6.8175,54.0,180.0
6.8226,-326.0,184.0
6.8277,-1.0,184.0
6.8326,303.0,188.0
6.8378,-73.0,188.0
6.8427,-224.0,190.0
6.8477,102.0,192.0
6.8526,135.0,194.0
6.8581,-41.0,194.0
6.8627,-38.0,192.0
6.8676,-41.0,192.0
6.8726,-66.0,190.0
6.8782,58.0,192.0
6.8832,124.0,190.0
6.8878,-43.0,190.0
6.8934,-95.0,190.0
6.8976,95.0,190.0
6.9026,39.0,192.0
6.9076,-205.0,194.0
6.9128,-44.0,192.0
6.9178,243.0,194.0
6.9225,79.0,192.0
6.9276,-164.0,192.0
6.9325,-36.0,190.0
6.9378,88.0,188.0
6.9426,-90.0,188.0
6.9477,-114.0,190.0
6.9527,197.0,192.0
6.9576,185.0,194.0
6.9627,-223.0,198.0
6.9679,-178.0,200.0
6.9728,208.0,202.0
6.9776,68.0,202.0
6.9826,-190.0,204.0
6.9876,44.0,204.0
6.9926,142.0,202.0
6.9977,-73.0,200.0
7.0033,-37.0,196.0
7.0076,37.0,194.0
7.0126,-84.0,192.0
7.0176,-18.0,190.0
7.0228,153.0,190.0
7.0277,51.0,190.0
7.0327,-138.0,192.0
7.0376,-102.0,192.0
7.0436,63.0,192.0
7.0477,134.0,192.0
7.0528,41.0,192.0
7.0578,-143.0,194.0
7.0627,-158.0,194.0
7.0676,125.0,196.0
7.0726,262.0,200.0
7.0776,-71.0,200.0
7.0827,-301.0,204.0
7.0878,-9.0,202.0
7.0926,263.0,206.0
7.0976,90.0,206.0
7.1026,-201.0,208.0
7.1081,-144.0,210.0
7.1126,169.0,212.0
7.1178,144.0,214.0
7.1227,-178.0,214.0
7.1276,-72.0,214.0
7.133,221.0,216.0
7.138,-22.0,216.0
7.1428,-284.0,220.0
7.1478,35.0,220.0
7.1527,327.0,222.0
7.1576,60.0,222.0
7.1629,-298.0,224.0
7.1677,-169.0,224.0
7.1728,182.0,222.0
7.1778,181.0,226.0
7.1826,-33.0,222.0
7.1875,-94.0,222.0
7.1926,-53.0,220.0
7.1977,0.0,216.0
7.2028,37.0,216.0
7.2083,18.0,214.0
7.2126,51.0,214.0
7.2177,42.0,214.0
7.2228,-163.0,216.0
7.2284,-149.0,218.0
7.2327,229.0,220.0
7.2377,275.0,224.0
7.2426,-180.0,224.0
7.2478,-353.0,228.0
7.2527,45.0,226.0
7.2578,298.0,230.0
7.2627,30.0,228.0
7.2676,-133.0,228.0
7.2726,37.0,226.0
7.2776,0.0,224.0
7.2827,-148.0,226.0
7.2877,35.0,226.0
7.2935,159.0,228.0
7.2976,-40.0,228.0
7.3039,-82.0,230.0
7.3077,77.0,230.0
7.314,25.0,230.0
7.3176,-117.0,230.0
7.3226,-25.0,230.0
7.3276,112.0,228.0
7.333,24.0,228.0
7.3379,-64.0,226.0
7.3426,20.0,226.0
7.3484,17.0,226.0
7.3526,-80.0,228.0
7.3577,-20.0,226.0
7.3629,93.0,226.0
7.3677,73.0,222.0
7.3726,-40.0,222.0
7.3783,-103.0,220.0
7.3826,-23.0,220.0
7.3876,72.0,218.0
7.3926,17.0,218.0
7.3978,-40.0,218.0
7.4028,58.0,220.0
7.4077,57.0,220.0
7.4126,-123.0,220.0
7.4176,-86.0,220.0
7.4236,120.0,222.0
7.4278,78.0,222.0
7.4333,-83.0,222.0
7.4378,-53.0,222.0
7.4425,53.0,220.0
7.4475,49.0,220.0
7.4526,-14.0,216.0
7.4576,-45.0,216.0
7.4627,-58.0,212.0
7.4677,3.0,212.0
7.4727,129.0,210.0
7.4778,63.0,208.0
7.4834,-146.0,208.0
7.4877,-66.0,208.0
7.4928,122.0,206.0
7.4977,-44.0,208.0
7.5027,-115.0,208.0
7.508,162.0,210.0
7.5127,133.0,212.0
7.5184,-123.0,212.0
7.5227,-97.0,212.0
7.5277,-55.0,212.0
7.5331,-49.0,212.0
7.5388,168.0,212.0
7.5438,199.0,214.0
7.5477,-99.0,214.0
7.5529,-206.0,216.0
7.5576,-40.0,212.0
7.5626,81.0,212.0
7.5676,108.0,212.0
7.5726,21.0,212.0
7.5776,-114.0,212.0
7.5827,-12.0,210.0
7.5876,137.0,212.0
7.5927,-38.0,208.0
7.5976,-165.0,208.0
7.6026,46.0,206.0
7.6076,127.0,204.0
7.6126,-33.0,202.0
7.6176,-19.0,202.0
7.6236,47.0,198.0
7.6278,-85.0,200.0
7.6328,-77.0,198.0
7.6378,119.0,200.0
7.6426,85.0,200.0
7.6486,-94.0,200.0
7.6528,-56.0,200.0
7.6587,82.0,202.0
7.6627,-1.0,200.0
7.6677,-120.0,200.0
7.6726,59.0,198.0
7.6776,161.0,200.0
7.6826,-95.0,200.0
7.6879,-154.0,200.0
7.6928,102.0,202.0
7.6976,122.0,202.0
7.7026,-78.0,200.0
7.7076,-124.0,200.0
7.7128,26.0,196.0
7.7177,161.0,198.0
7.7226,29.0,194.0
7.7276,-160.0,196.0
7.7326,-56.0,192.0
7.7378,60.0,192.0
7.7427,72.0,190.0
7.7478,121.0,190.0
7.7526,-124.0,190.0
7.7576,-295.0,192.0
7.7626,180.0,192.0
7.7677,364.0,196.0
7.7727,-171.0,196.0
7.7779,-305.0,200.0
7.7826,106.0,196.0
7.7876,214.0,200.0
7.7926,-46.0,196.0
7.7977,-189.0,198.0
7.8027,9.0,192.0
7.8077,190.0,194.0
7.8125,10.0,190.0
7.8177,-126.0,190.0
7.8226,1.0,190.0
7.8277,14.0,188.0
7.8326,-45.0,188.0
7.8378,67.0,188.0
7.8428,95.0,190.0
7.8476,-92.0,190.0
7.8531,-145.0,192.0
7.8577,85.0,192.0
7.8637,182.0,194.0
7.8678,-86.0,192.0
7.8727,-175.0,192.0
7.8776,119.0,190.0
7.885,144.0,188.0
7.8876,-160.0,186.0
7.8926,-134.0,186.0
7.8984,141.0,184.0
7.9025,124.0,186.0
7.9075,6.0,184.0
7.9128,-29.0,184.0
7.9177,-228.0,188.0
7.9227,-164.0,188.0
7.9276,326.0,192.0
7.9326,355.0,196.0
7.9378,-198.0,198.0
7.9428,-412.0,202.0
7.9482,-19.0,202.0
7.9527,284.0,206.0
7.9579,123.0,206.0
7.9626,-26.0,206.0
7.9684,-27.0,204.0
7.9727,-215.0,208.0
7.9777,-176.0,210.0
7.9826,296.0,214.0
7.9876,303.0,218.0
7.9926,-220.0,220.0
7.9979,-260.0,224.0
8.0028,123.0,224.0
8.0077,116.0,226.0
8.0126,-111.0,226.0
8.0184,4.0,224.0
8.0228,189.0,228.0
8.0283,-23.0,226.0
8.0328,-291.0,230.0
8.0376,-69.0,232.0
8.0426,312.0,236.0
8.0485,184.0,238.0
8.0526,-192.0,238.0
8.0579,-206.0,240.0
8.0628,-5.0,238.0
8.0676,111.0,240.0
8.0726,137.0,240.0
8.0776,27.0,240.0
8.0829,-102.0,240.0
8.088,-103.0,242.0
8.0926,-48.0,242.0
8.0976,56.0,242.0
8.1026,196.0,244.0
8.1078,86.0,246.0
8.1128,-275.0,248.0
8.1178,-242.0,250.0
8.1226,261.0,252.0
8.1276,312.0,256.0
8.1327,-160.0,256.0
8.1377,-242.0,260.0
8.1428,56.0,258.0
8.1483,102.0,258.0
8.1526,-41.0,256.0
8.1576,-39.0,256.0
8.1634,97.0,256.0
8.1678,83.0,256.0
8.1726,-121.0,256.0
8.1777,-100.0,256.0
8.1826,72.0,254.0
8.1876,8.0,252.0
8.1926,-24.0,250.0
8.1978,107.0,250.0
8.2026,30.0,250.0
8.2077,-157.0,250.0
8.2125,-18.0,250.0
8.2176,165.0,252.0
8.2226,-75.0,252.0
8.2279,-167.0,252.0
8.2328,193.0,254.0
8.2377,137.0,254.0
8.2426,-249.0,258.0
8.2477,-42.0,256.0
8.2525,242.0,260.0
8.2578,-77.0,260.0
8.2627,-194.0,262.0
8.2676,117.0,264.0
8.2734,58.0,264.0
8.2777,-40.0,262.0
8.2829,193.0,264.0
8.2877,-28.0,262.0
8.2938,-428.0,268.0
8.2976,-28.0,268.0
8.3032,449.0,274.0
8.3076,144.0,274.0
8.3126,-248.0,278.0
8.3176,-188.0,278.0
8.3226,28.0,278.0
8.3275,139.0,276.0
8.3334,51.0,276.0
8.3379,-75.0,276.0
8.3435,-61.0,276.0
8.3483,2.0,274.0
8.3533,164.0,276.0
8.3575,177.0,276.0
8.3633,-305.0,280.0
8.3682,-433.0,284.0
8.3738,231.0,286.0
8.3776,500.0,294.0
8.3833,85.0,294.0
8.3876,-184.0,294.0
8.3941,-322.0,298.0
8.3977,-300.0,298.0
8.4026,266.0,300.0
8.4077,526.0,302.0
8.4126,-104.0,300.0
8.4176,-337.0,302.0
8.4227,122.0,302.0
8.4289,-4.0,298.0
8.4335,-316.0,302.0
8.4381,158.0,302.0
8.443,454.0,310.0
8.4476,-73.0,308.0
8.4535,-407.0,314.0
8.4578,-68.0,312.0
8.4628,282.0,316.0
8.4676,162.0,320.0
8.4726,-196.0,322.0
8.4776,-221.0,324.0
8.4838,130.0,324.0
8.4876,228.0,326.0
8.4927,-12.0,324.0
8.4982,-141.0,326.0
8.5026,-154.0,326.0
8.5077,8.0,324.0
8.5129,286.0,326.0
8.5192,56.0,324.0
8.5226,-360.0,328.0
8.5276,-30.0,326.0
8.5326,450.0,330.0
8.5377,7.0,328.0
8.5428,-569.0,336.0
8.5485,-45.0,336.0
8.5527,610.0,346.0
8.5575,98.0,344.0
8.5628,-502.0,348.0
8.5679,-82.0,344.0
8.5728,309.0,344.0
8.5778,-35.0,342.0
8.5826,-168.0,338.0
8.5877,182.0,340.0
8.5937,144.0,338.0
8.5978,-267.0,340.0
8.6027,-194.0,344.0
8.6078,305.0,348.0
8.6126,283.0,348.0
8.6176,-329.0,350.0
8.6226,-375.0,352.0
8.6278,319.0,352.0
8.6326,370.0,354.0
8.6376,-329.0,356.0
8.6426,-233.0,358.0
8.648,458.0,362.0
8.6528,86.0,362.0
8.6578,-630.0,372.0
8.6626,-10.0,370.0
8.6676,638.0,378.0
8.6726,-89.0,376.0
8.6778,-453.0,382.0
8.6826,296.0,382.0
8.6877,267.0,382.0
8.6927,-487.0,388.0
8.6976,-202.0,388.0
8.7028,464.0,394.0
8.7077,152.0,396.0
8.7126,-243.0,396.0
8.7176,-6.0,396.0
8.7237,51.0,396.0
8.7276,-136.0,396.0
8.7326,-11.0,396.0
8.7378,127.0,396.0
8.7429,23.0,394.0
8.7476,5.0,392.0
8.7526,-9.0,388.0
8.7576,-141.0,388.0
8.7626,50.0,384.0
8.7679,258.0,382.0
8.7728,-192.0,384.0
8.7776,-358.0,386.0
8.7826,325.0,390.0
8.7876,347.0,394.0
8.7934,-369.0,398.0
8.7976,-161.0,400.0
8.8027,348.0,404.0
8.8076,-112.0,404.0
8.8126,-297.0,408.0
8.8184,334.0,412.0
8.8229,241.0,414.0
8.8278,-379.0,420.0
8.8328,-208.0,422.0
8.8375,186.0,424.0
8.8426,161.0,426.0
8.8475,149.0,426.0
8.8528,-33.0,426.0
8.8579,-414.0,430.0
8.8628,-115.0,430.0
8.8676,498.0,436.0
8.8726,116.0,434.0
8.8777,-483.0,440.0
8.8828,37.0,436.0
8.8877,454.0,442.0
8.8928,-153.0,442.0
8.8976,-382.0,446.0
8.9028,114.0,444.0
8.9087,234.0,446.0
8.9126,-8.0,446.0
8.9179,-98.0,446.0
8.9226,-33.0,444.0
8.9278,98.0,446.0
8.9326,2.0,438.0
8.9377,-226.0,442.0
8.9427,33.0,436.0
8.948,351.0,438.0
8.9526,-33.0,436.0
8.9576,-355.0,438.0
8.9627,21.0,438.0
8.9689,248.0,440.0
8.9727,-53.0,440.0
8.9778,-148.0,440.0
8.9826,136.0,442.0
8.9876,153.0,444.0
8.9926,-196.0,444.0
8.9978,-234.0,446.0
9.0027,146.0,444.0
9.0077,266.0,440.0
9.0126,-8.0,438.0
9.0176,-184.0,432.0
9.0226,-50.0,432.0
9.0277,83.0,430.0
9.0328,-52.0,426.0
9.0377,-105.0,422.0
9.0426,141.0,420.0
9.0477,213.0,416.0
9.0527,-44.0,414.0
9.0577,-220.0,414.0
9.0628,-143.0,414.0
9.0679,50.0,414.0
9.0726,220.0,412.0
9.0775,141.0,412.0
9.0828,-118.0,408.0
9.0889,-140.0,408.0
9.0927,-68.0,402.0
9.0975,-65.0,402.0
9.1026,216.0,402.0
9.1079,287.0,404.0
9.1128,-274.0,404.0
9.1178,-366.0,408.0
9.1226,251.0,410.0
9.1276,282.0,410.0
9.134,-190.0,412.0
9.138,-109.0,412.0
9.143,172.0,412.0
9.1477,-26.0,412.0
9.1527,-198.0,412.0
9.1575,20.0,410.0
9.1628,131.0,408.0
9.1676,77.0,408.0
9.1728,115.0,402.0
9.1777,-113.0,404.0
9.1828,-398.0,402.0
9.1875,47.0,402.0
9.1934,483.0,400.0
9.1988,10.0,398.0
9.2027,-328.0,396.0
9.2075,-2.0,394.0
9.2134,66.0,390.0
9.2178,29.0,390.0
9.2228,200.0,392.0
9.2276,-160.0,390.0
9.2327,-426.0,396.0
9.2376,268.0,396.0
9.2426,497.0,400.0
9.2476,-225.0,398.0
9.2531,-312.0,400.0
9.2576,102.0,396.0
9.2626,-18.0,390.0
9.2676,-8.0,386.0
9.2726,263.0,384.0
9.2775,-70.0,380.0
9.2832,-340.0,382.0
9.2878,154.0,376.0
9.2926,320.0,380.0
9.2977,-188.0,374.0
9.3025,-267.0,378.0
9.3079,150.0,370.0
9.3127,190.0,372.0
9.3181,-85.0,366.0
9.3226,-79.0,362.0
9.3276,59.0,358.0
9.333,-35.0,352.0
9.3382,-122.0,350.0
9.3426,79.0,344.0
9.3476,234.0,346.0
9.3526,-24.0,342.0
9.3576,-260.0,346.0
9.3626,-48.0,346.0
9.3678,130.0,346.0
9.3728,38.0,346.0
9.3789,33.0,344.0
9.3834,9.0,344.0
9.3876,-70.0,346.0
9.3927,23.0,346.0
9.3976,-19.0,344.0
9.4027,-115.0,346.0
9.4075,126.0,344.0
9.4126,107.0,342.0
9.4177,-222.0,340.0
9.4226,30.0,334.0
9.4279,349.0,336.0
9.4327,-118.0,332.0
9.4376,-441.0,336.0
9.4426,47.0,330.0
9.4484,376.0,334.0
9.4526,54.0,332.0
9.4577,-201.0,330.0
9.4626,-37.0,326.0
9.4675,81.0,322.0
9.4726,-58.0,318.0
9.4777,-56.0,316.0
9.4828,127.0,316.0
9.488,43.0,314.0
9.4929,-159.0,316.0
9.4976,-14.0,310.0
9.5026,183.0,312.0
9.5075,11.0,304.0
9.5128,-191.0,304.0
9.5178,-45.0,298.0
9.5227,185.0,300.0
9.5276,88.0,294.0
9.5326,-180.0,296.0
9.5386,-118.0,292.0
9.5428,141.0,292.0
9.5477,105.0,290.0
9.5526,-42.0,290.0
9.5576,-21.0,288.0
9.5626,-22.0,288.0
9.5677,-70.0,288.0
9.5736,-41.0,288.0
9.5776,60.0,286.0
9.5838,176.0,288.0
9.5875,57.0,284.0
9.5927,-258.0,288.0
9.5979,-176.0,284.0
9.6027,245.0,288.0
9.6077,214.0,288.0
9.6126,-175.0,290.0
9.6176,-147.0,290.0
9.6229,104.0,288.0
9.6276,-20.0,286.0
9.6327,-109.0,286.0
9.6376,208.0,286.0
9.6426,212.0,286.0
9.6476,-293.0,286.0
9.6532,-321.0,292.0
9.6576,243.0,292.0
9.6627,352.0,298.0
9.6676,-132.0,298.0
9.6726,-322.0,302.0
9.6778,20.0,300.0
9.6825,262.0,302.0
9.6876,70.0,300.0
9.6926,-168.0,302.0
9.6976,-113.0,300.0
9.7025,76.0,300.0
9.7076,94.0,300.0
9.7125,-40.0,298.0
9.7179,-16.0,296.0
9.7226,51.0,294.0
9.7277,-106.0,294.0
9.7327,-103.0,294.0
9.7386,195.0,296.0
9.7427,219.0,296.0
9.7478,-134.0,294.0
9.7527,-318.0,294.0
9.7576,-44.0,290.0
9.7625,264.0,290.0
9.7678,128.0,288.0
9.7726,-98.0,286.0
9.7777,-14.0,284.0
9.7826,-20.0,282.0
9.7882,-171.0,284.0
9.7925,51.0,282.0
9.798,303.0,286.0
9.8025,-40.0,286.0
9.8077,-381.0,290.0
9.8126,-27.0,288.0
9.8187,369.0,292.0
9.8226,143.0,288.0
9.8278,-188.0,290.0
9.8326,-176.0,286.0
9.8377,-67.0,286.0
9.8426,64.0,282.0
9.8476,193.0,286.0
9.8527,67.0,286.0
9.8583,-167.0,288.0
9.8626,-112.0,286.0
9.868,129.0,286.0
9.8726,100.0,282.0
9.8776,-136.0,278.0
9.8836,-60.0,272.0
9.8877,123.0,270.0
9.8926,-31.0,266.0
9.8976,-38.0,266.0
9.9029,182.0,268.0
9.9076,-62.0,268.0
9.9125,-327.0,270.0
9.9175,68.0,270.0
9.9226,359.0,270.0
9.9276,36.0,268.0
9.9326,-209.0,266.0
9.9376,-120.0,266.0
9.9428,-52.0,262.0
9.9476,83.0,260.0
9.9526,249.0,262.0
9.9575,6.0,260.0
9.9626,-282.0,264.0
9.9677,-25.0,264.0
9.9726,222.0,266.0
9.9776,-34.0,264.0
9.9826,-202.0,266.0
9.9875,55.0,264.0
9.9933,249.0,268.0
9.9978,28.0,264.0
10.0027,-294.0,268.0
10.0076,-135.0,268.0
10.0133,276.0,272.0
10.0175,161.0,274.0
10.0226,-205.0,276.0
10.0281,-113.0,278.0
10.0327,160.0,280.0
10.0379,82.0,280.0
10.0426,-189.0,282.0
10.0477,-140.0,282.0
10.0527,203.0,284.0
10.0576,219.0,282.0
10.0637,-100.0,284.0
10.0676,-168.0,282.0
10.0725,-24.0,280.0
10.0778,-14.0,274.0
10.0826,-1.0,272.0
10.0878,125.0,268.0
10.0927,149.0,270.0
10.0976,-2.0,266.0
10.1026,-214.0,270.0
10.1078,-265.0,272.0
10.1127,81.0,272.0
10.1182,425.0,278.0
10.1226,126.0,278.0
10.1276,-352.0,284.0
10.1326,-189.0,284.0
10.1376,161.0,286.0
10.1427,50.0,284.0
10.1477,-12.0,284.0
10.1526,176.0,284.0
10.158,-62.0,284.0
10.1628,-390.0,288.0
10.1679,72.0,288.0
10.1727,530.0,292.0
10.1777,8.0,290.0
10.183,-481.0,296.0
10.1876,-134.0,296.0
10.1932,188.0,298.0
10.1977,147.0,300.0
10.2026,169.0,304.0
10.2075,9.0,302.0
10.2126,-340.0,306.0
10.2185,-173.0,308.0
10.2226,291.0,310.0
10.2278,192.0,312.0
10.2326,-178.0,312.0
10.2376,-113.0,310.0
10.2426,84.0,308.0
10.2477,63.0,306.0
10.2526,22.0,304.0
10.2577,-55.0,302.0
10.2625,-132.0,302.0
10.2676,30.0,302.0
10.2725,147.0,302.0
10.2775,0.0,300.0
10.2829,-36.0,296.0
10.2875,26.0,292.0
10.2927,-97.0,290.0
10.2975,-99.0,286.0
10.3025,165.0,284.0
10.3076,165.0,284.0
10.3128,-173.0,282.0
10.3183,-186.0,284.0
10.3225,139.0,282.0
10.3275,150.0,284.0
10.3326,-48.0,282.0
10.3376,-81.0,282.0
10.3425,-98.0,282.0
10.3486,28.0,282.0
10.3526,239.0,284.0
10.3575,-8.0,284.0
10.3625,-296.0,288.0
10.3679,0.0,286.0
10.3726,251.0,288.0
10.3777,24.0,286.0
10.3826,-135.0,284.0
10.3876,-52.0,284.0
10.3925,1.0,278.0
10.3977,50.0,278.0
10.4025,74.0,276.0
10.4078,-22.0,274.0
10.4129,-70.0,274.0
10.4176,-2.0,274.0
10.4235,60.0,274.0
10.4276,33.0,272.0
10.4327,-111.0,272.0
10.4375,-85.0,270.0
10.4426,203.0,272.0
10.4475,156.0,268.0
10.4526,-266.0,272.0
10.4576,-216.0,270.0
10.4626,237.0,270.0
10.4676,196.0,272.0
10.4725,-155.0,270.0
10.4775,-68.0,270.0
10.4826,134.0,272.0
10.4876,-68.0,270.0
10.4926,-187.0,272.0
10.4975,87.0,270.0
10.5025,200.0,272.0
10.5075,-11.0,270.0
10.5126,-125.0,270.0
10.5175,3.0,268.0
10.5226,83.0,268.0
10.5275,-136.0,268.0
10.5326,-184.0,272.0
10.538,271.0,274.0
10.5428,333.0,278.0
10.5478,-276.0,280.0
10.5527,-355.0,282.0
10.5576,222.0,284.0
10.5626,248.0,282.0
10.568,-243.0,286.0
10.5727,-154.0,284.0
10.5777,329.0,288.0
10.5826,148.0,288.0
10.5875,-376.0,294.0
10.5925,-181.0,292.0
10.5976,321.0,298.0
10.6027,165.0,296.0
10.6077,-193.0,298.0
10.6125,-68.0,296.0
10.6176,76.0,296.0
10.6225,-61.0,294.0
10.628,-7.0,294.0
10.6328,141.0,292.0
10.6375,-47.0,292.0
10.6426,-124.0,290.0
10.6479,104.0,288.0
10.6525,42.0,286.0
10.6577,-123.0,284.0
10.6626,20.0,282.0
10.6676,74.0,282.0
10.6725,-12.0,278.0
10.6776,22.0,278.0
10.683,-41.0,276.0
10.6878,-129.0,276.0
10.6927,55.0,274.0
10.6975,202.0,272.0
10.7026,11.0,272.0
10.7075,-206.0,272.0
10.7125,-88.0,274.0
10.7177,181.0,276.0
10.7225,100.0,278.0
10.7275,-201.0,278.0
10.7325,-62.0,278.0
10.7375,263.0,282.0
10.7425,31.0,278.0
10.7477,-296.0,278.0
10.7527,-47.0,278.0
10.7576,252.0,276.0
10.7626,115.0,276.0
10.7677,-121.0,272.0
10.7725,-193.0,272.0
10.7777,-70.0,270.0
10.7825,212.0,272.0
10.7875,245.0,276.0
10.7925,-128.0,276.0
10.7975,-302.0,280.0
10.8026,-33.0,274.0
10.8075,202.0,276.0
10.8126,202.0,270.0
10.8175,-4.0,270.0
10.8227,-331.0,268.0
10.8278,-206.0,270.0
10.8329,362.0,272.0
10.8377,343.0,276.0
10.8426,-256.0,276.0
10.8476,-322.0,282.0
10.8534,110.0,278.0
10.8577,187.0,278.0
10.8626,-63.0,274.0
10.8678,-125.0,274.0
10.8725,85.0,272.0
10.878,201.0,274.0
10.8828,-63.0,274.0
10.8877,-249.0,276.0
10.8932,18.0,276.0
10.8976,141.0,278.0
10.9025,-33.0,276.0
10.9077,36.0,276.0
10.9147,92.0,276.0
10.9175,-118.0,276.0
10.9226,-100.0,278.0
10.9285,47.0,278.0
10.9325,0.0,276.0
10.9375,65.0,276.0
10.9428,160.0,276.0
10.9476,-61.0,274.0
10.9527,-242.0,276.0
10.9576,-80.0,274.0
10.9626,159.0,274.0
10.9677,217.0,276.0
10.9728,11.0,274.0
10.9776,-238.0,278.0
10.9826,-131.0,278.0
10.9876,178.0,280.0
10.9925,155.0,278.0
10.9977,-110.0,280.0
11.0027,-125.0,278.0
11.0081,22.0,278.0
11.0127,66.0,276.0
11.0177,105.0,276.0
11.0228,19.0,274.0
11.0284,-224.0,278.0
11.0331,-115.0,280.0
11.0377,280.0,282.0
11.0427,162.0,284.0
11.048,-281.0,288.0
11.0531,-129.0,288.0
11.0581,259.0,292.0
11.0628,83.0,294.0
11.0677,-207.0,296.0
11.0728,-112.0,296.0
11.0779,78.0,296.0
11.0826,179.0,296.0
11.088,114.0,294.0
11.0927,-183.0,294.0
11.0975,-264.0,294.0
11.1028,99.0,292.0
11.1079,273.0,294.0
11.1133,19.0,292.0
11.118,-114.0,292.0
11.1227,-68.0,290.0
11.1282,-126.0,292.0
11.1327,-37.0,290.0
11.138,261.0,292.0
11.143,196.0,292.0
11.1482,-209.0,296.0
11.1531,-211.0,296.0
11.1577,113.0,298.0
11.1628,66.0,298.0
11.1681,-125.0,298.0
11.173,69.0,296.0
11.1775,210.0,296.0
11.1827,-79.0,292.0
11.1877,-251.0,290.0
11.1925,-15.0,286.0
11.1979,172.0,284.0
11.2029,99.0,282.0
11.2082,-10.0,278.0
11.2127,-44.0,278.0
11.2175,-75.0,274.0
11.2229,-119.0,272.0
11.2277,-50.0,268.0
11.233,190.0,268.0
11.2378,262.0,266.0
11.2432,-70.0,266.0
11.2477,-277.0,266.0
11.253,-71.0,266.0
11.2576,25.0,266.0
11.2626,34.0,266.0
11.2683,260.0,270.0
11.2727,149.0,270.0
11.2775,-339.0,274.0
11.2834,-285.0,276.0
11.2876,193.0,278.0
11.2926,257.0,282.0
11.2978,26.0,280.0
11.3039,-97.0,280.0
11.3088,-148.0,282.0
11.3125,-82.0,284.0
11.3183,105.0,284.0
11.3227,172.0,286.0
11.3275,14.0,284.0
11.3326,-145.0,286.0
11.3379,-88.0,284.0
11.3428,61.0,286.0
11.3475,75.0,284.0
11.3527,21.0,282.0
11.3577,12.0,280.0
11.3638,-75.0,280.0
11.3676,-152.0,278.0
11.3732,81.0,278.0
11.378,270.0,278.0
11.3829,-56.0,280.0
11.3878,-299.0,280.0
11.3926,41.0,280.0
11.3975,263.0,280.0
11.403,-36.0,278.0
11.4081,-229.0,280.0
11.4128,-7.0,276.0
11.418,194.0,278.0
11.4225,95.0,276.0
11.4283,-103.0,274.0
11.4333,-147.0,274.0
11.4385,-29.0,270.0
11.4426,115.0,272.0
11.4475,130.0,270.0
11.454,-49.0,268.0
11.4581,-185.0,272.0
11.4625,-13.0,266.0
11.4681,220.0,266.0
11.4732,90.0,262.0
11.4779,-205.0,260.0
11.4833,-148.0,258.0
11.4883,126.0,256.0
11.4926,115.0,256.0
11.4975,-56.0,254.0
11.5028,-9.0,252.0
11.5085,66.0,252.0
11.5125,-79.0,252.0
11.5179,-144.0,250.0
11.5228,80.0,250.0
11.5275,234.0,250.0
11.5332,5.0,250.0
11.5378,-258.0,252.0
11.5434,-106.0,254.0
11.5505,175.0,256.0
11.5537,130.0,256.0
11.5577,-42.0,256.0
11.563,-35.0,254.0
11.5692,-21.0,254.0
11.5725,-118.0,256.0
11.5787,-33.0,254.0
11.5828,205.0,256.0
11.588,125.0,256.0
11.5928,-164.0,256.0
11.5977,-138.0,256.0
11.603,83.0,256.0
11.6081,59.0,252.0
11.6128,-58.0,254.0
11.6178,19.0,250.0
11.6228,55.0,248.0
11.6281,-46.0,246.0
11.6327,4.0,244.0
11.6382,59.0,244.0
11.6427,-74.0,242.0
11.6479,-66.0,244.0
11.6527,48.0,244.0
11.6582,20.0,242.0
11.6625,40.0,242.0
11.6678,43.0,240.0
11.6728,-51.0,238.0
11.6777,3.0,234.0
11.6834,-24.0,232.0
11.688,-183.0,230.0
11.6935,63.0,230.0
11.6977,341.0,230.0
11.7029,-18.0,230.0
11.7079,-339.0,232.0
11.7126,-43.0,230.0
11.7178,206.0,232.0
11.7227,77.0,230.0
11.7282,-38.0,230.0
11.7343,-88.0,228.0
11.7381,-108.0,226.0
11.7444,52.0,226.0
11.7484,209.0,224.0
11.7529,60.0,224.0
11.7577,-231.0,226.0
11.763,-199.0,228.0
11.7685,165.0,230.0
11.7725,263.0,232.0
11.7777,-67.0,230.0
11.7828,-219.0,230.0
11.7877,16.0,228.0
11.793,123.0,226.0
11.7979,-26.0,224.0
11.8027,-42.0,224.0
11.8075,59.0,222.0
11.8127,11.0,222.0
11.8177,-79.0,220.0
11.8229,-39.0,220.0
11.8287,68.0,216.0
11.8327,112.0,218.0
11.838,-33.0,216.0
11.8427,-211.0,218.0
11.848,-8.0,218.0
11.8528,306.0,222.0
11.8583,55.0,222.0
11.8626,-364.0,226.0
11.8677,-109.0,226.0
11.8728,351.0,228.0
11.8778,142.0,226.0
11.8831,-240.0,230.0
11.8878,-99.0,226.0
11.8929,57.0,226.0
11.8988,-36.0,226.0
11.9025,85.0,228.0
11.9075,165.0,226.0
11.9131,-129.0,226.0
11.9175,-166.0,222.0
11.9227,132.0,220.0
11.928,77.0,218.0
11.9335,-127.0,216.0
11.939,-27.0,216.0
11.943,60.0,216.0
11.9484,23.0,214.0
11.9531,66.0,214.0
11.9577,44.0,212.0
11.9627,-135.0,212.0
11.9679,-200.0,216.0
11.9739,51.0,214.0
11.978,310.0,218.0
11.9832,117.0,218.0
11.9877,-260.0,222.0
11.9928,-209.0,224.0
11.9984,99.0,226.0
12.0033,172.0,226.0
12.008,35.0,226.0
12.0129,-117.0,226.0
12.0176,-114.0,224.0
12.0227,173.0,224.0
12.0276,226.0,224.0
12.0328,-310.0,228.0
12.0376,-411.0,230.0
12.0426,344.0,236.0
12.0475,530.0,240.0
12.0525,-191.0,242.0
12.0576,-403.0,246.0
12.0634,4.0,244.0
12.0677,79.0,244.0
12.0725,43.0,242.0
12.0776,206.0,246.0
12.0826,34.0,244.0
12.0876,-311.0,246.0
12.0926,-124.0,248.0
12.0975,255.0,250.0
12.1034,165.0,252.0
12.1077,-106.0,250.0
12.1125,-141.0,250.0
12.1175,-59.0,248.0
12.1225,70.0,248.0
12.1276,154.0,248.0
12.1324,-8.0,246.0
12.1375,-159.0,248.0
12.1434,0.0,248.0
12.1475,134.0,248.0
12.1525,-26.0,248.0
12.1583,-100.0,246.0
12.1625,62.0,246.0
12.1676,40.0,244.0
12.1725,-111.0,246.0
12.1785,3.0,242.0
12.1829,140.0,242.0
12.1876,-7.0,240.0
12.1926,-97.0,238.0
12.1977,40.0,238.0
12.2027,10.0,238.0
12.2076,-152.0,240.0
12.2126,16.0,238.0
12.2178,245.0,242.0
12.2227,50.0,240.0
12.2278,-206.0,240.0
12.2331,-140.0,240.0
12.2375,79.0,240.0
12.2425,172.0,240.0
12.2475,-3.0,240.0
12.2525,-142.0,242.0
12.2577,49.0,242.0
12.2627,129.0,242.0
12.2677,-148.0,244.0
12.2727,-178.0,248.0
12.2786,175.0,250.0
12.283,208.0,252.0
12.2877,-89.0,252.0
12.2928,-112.0,252.0
12.2975,-39.0,252.0
12.3026,-112.0,254.0
12.3075,96.0,254.0
12.3133,338.0,260.0
12.3179,-7.0,260.0
12.3226,-398.0,266.0
12.3276,-167.0,264.0
12.3326,230.0,268.0
12.3377,265.0,266.0
12.3427,39.0,266.0
12.3489,-205.0,264.0
12.3535,-229.0,268.0
12.358,72.0,266.0
12.3626,263.0,268.0
12.3687,21.0,268.0
12.3726,-178.0,270.0
12.3776,-39.0,268.0
12.3828,61.0,268.0
12.3875,-13.0,266.0
12.3925,-16.0,264.0
12.3975,84.0,262.0
12.4026,82.0,260.0
12.4076,-104.0,260.0
12.4125,-173.0,258.0
12.4182,83.0,258.0
12.4232,187.0,258.0
12.4276,-92.0,260.0
12.4326,-128.0,260.0
12.4375,134.0,260.0
12.4425,61.0,262.0
12.4475,-144.0,262.0
12.4525,-2.0,262.0
12.4577,101.0,262.0
12.4625,-64.0,264.0
12.4675,-45.0,262.0
12.4725,123.0,262.0
12.4777,12.0,262.0
12.483,-133.0,262.0
12.4875,9.0,262.0
12.4925,82.0,258.0
12.4975,-36.0,258.0
12.5025,15.0,252.0
12.5076,86.0,252.0
12.5125,-122.0,248.0
12.5176,-186.0,248.0
12.5226,154.0,248.0
12.5275,298.0,250.0
12.5325,-59.0,250.0
12.5377,-325.0,256.0
12.5427,-73.0,256.0
12.5476,250.0,256.0
12.5525,123.0,256.0
12.5575,-156.0,256.0
12.5625,-71.0,256.0
12.5679,99.0,256.0
12.5733,-52.0,254.0
12.5791,-103.0,256.0
12.5825,203.0,258.0
12.5886,185.0,260.0
12.5925,-280.0,264.0
12.5975,-284.0,268.0
12.6027,213.0,268.0
12.6077,272.0,270.0
12.6127,-82.0,270.0
12.6175,-110.0,268.0
12.6225,-3.0,266.0
12.6276,-83.0,262.0
12.6326,48.0,260.0
12.6375,187.0,262.0
12.6425,-89.0,260.0
12.6477,-184.0,262.0
12.6526,94.0,262.0
12.6578,115.0,262.0
12.6627,-16.0,260.0
12.6677,-16.0,256.0
12.6727,-124.0,254.0
12.6779,-84.0,248.0
12.6838,254.0,246.0
12.6876,171.0,242.0
12.6927,-299.0,244.0
12.6976,-222.0,240.0
12.7026,246.0,244.0
12.7078,220.0,246.0
12.7126,-149.0,248.0
12.7175,-192.0,248.0
12.7225,50.0,248.0
12.7276,181.0,246.0
12.7342,69.0,246.0
12.7376,-174.0,244.0
12.7426,-213.0,244.0
12.7481,121.0,244.0
12.7527,297.0,248.0
12.7576,-35.0,246.0
12.7626,-231.0,250.0
12.7677,-3.0,246.0
12.774,56.0,248.0
12.7785,-47.0,246.0
12.7825,78.0,248.0
12.7876,116.0,246.0
12.7925,-100.0,248.0
12.7976,-94.0,248.0
12.8027,71.0,248.0
12.8077,-10.0,248.0
12.8126,-62.0,246.0
12.8175,91.0,248.0
12.8227,63.0,248.0
12.8278,-85.0,248.0
12.8326,-56.0,248.0
12.8375,35.0,248.0
12.8425,69.0,248.0
12.8475,3.0,246.0
12.8531,-113.0,248.0
12.8577,-36.0,244.0
12.8626,120.0,246.0
12.8676,59.0,244.0
12.8726,-34.0,242.0
12.8777,-27.0,240.0
12.8828,-97.0,240.0
12.8875,-45.0,240.0
12.8927,217.0,242.0
12.8977,85.0,242.0
12.9029,-343.0,246.0
12.9077,-87.0,244.0
12.9129,459.0,248.0
12.9184,104.0,248.0
12.9225,-476.0,252.0
12.9276,-124.0,252.0
12.9326,357.0,256.0
12.9376,107.0,258.0
12.9426,-164.0,258.0
12.9475,-66.0,258.0
12.9525,-13.0,252.0
12.9589,36.0,252.0
12.9637,102.0,248.0
12.9676,-19.0,246.0
12.9726,-62.0,244.0
12.9775,11.0,240.0
12.9831,-67.0,240.0
12.9875,-19.0,236.0
12.9926,182.0,236.0
12.9975,24.0,236.0
13.0026,-213.0,234.0
13.0075,0.0,234.0
13.0129,170.0,234.0
13.0175,-40.0,234.0
13.0226,-86.0,234.0
13.0275,77.0,236.0
13.0325,-7.0,236.0
13.0375,-115.0,236.0
13.0428,65.0,236.0
13.0477,157.0,236.0
13.0526,-67.0,234.0
13.0575,-165.0,236.0
13.0625,44.0,234.0
13.0676,112.0,234.0
13.0725,-31.0,232.0
13.0777,-20.0,230.0
13.0827,43.0,230.0
13.0875,-76.0,230.0
13.0925,-99.0,232.0
13.0975,148.0,232.0
13.1025,187.0,234.0
13.1077,-171.0,236.0
13.1125,-240.0,238.0
13.1177,147.0,240.0
13.1225,213.0,240.0
13.1275,-100.0,242.0
13.1325,-120.0,242.0
13.1375,59.0,244.0
13.1437,10.0,244.0
13.1476,-49.0,242.0
13.1526,54.0,242.0
13.1577,50.0,240.0
13.1625,-30.0,238.0
13.1677,-5.0,232.0
13.1727,-45.0,232.0
13.1778,-92.0,230.0
13.1825,87.0,230.0
13.1884,152.0,228.0
13.1933,-64.0,226.0
13.1978,-101.0,226.0
13.2025,28.0,226.0
13.2082,1.0,224.0
13.2127,-7.0,224.0
13.2175,25.0,222.0
13.2227,-30.0,220.0
13.2277,40.0,216.0
13.2326,99.0,214.0
13.2375,-110.0,212.0
13.2425,-144.0,210.0
13.2475,125.0,208.0
13.2528,141.0,208.0
13.2575,-96.0,208.0
13.2626,-138.0,210.0
13.2675,6.0,210.0
13.2728,120.0,210.0
13.2775,161.0,210.0
13.2826,18.0,210.0
13.2876,-290.0,210.0
13.2927,-254.0,214.0
13.2976,235.0,216.0
13.3025,370.0,220.0
13.3075,-66.0,222.0
13.314,-222.0,224.0
13.3179,-13.0,222.0
13.3225,-74.0,220.0
13.3276,-38.0,218.0
13.3325,282.0,216.0
13.3376,96.0,214.0
13.344,-290.0,216.0
13.3475,-90.0,214.0
13.3526,173.0,214.0
13.3576,78.0,212.0
13.3625,-29.0,212.0
13.3676,-80.0,210.0
13.3732,-77.0,210.0
13.3776,34.0,208.0
13.3837,48.0,206.0
13.3875,-1.0,204.0
13.3934,114.0,200.0
13.3976,120.0,202.0
13.4026,-227.0,202.0
13.4083,-327.0,208.0
13.4138,162.0,208.0
13.4175,381.0,214.0
13.4233,3.0,212.0
13.4278,-206.0,214.0
13.4327,-153.0,216.0
13.4375,-46.0,214.0
13.4425,243.0,216.0
13.4475,213.0,220.0
13.4525,-211.0,222.0
13.4576,-224.0,224.0
13.4626,11.0,224.0
13.4675,62.0,224.0
13.4727,215.0,226.0
13.4775,180.0,228.0
13.4827,-251.0,230.0
13.488,-307.0,236.0
13.4927,96.0,236.0
13.4975,237.0,238.0
13.5025,43.0,238.0
13.5075,-101.0,238.0
13.5125,-41.0,238.0
13.5176,60.0,238.0
13.5225,-6.0,238.0
13.5275,-127.0,238.0
13.5325,-98.0,236.0
13.5375,194.0,238.0
13.5427,382.0,240.0
13.5477,-160.0,240.0
13.5534,-666.0,244.0
13.5575,6.0,242.0
13.5625,754.0,246.0
13.5679,190.0,248.0
13.5728,-571.0,250.0
13.5775,-285.0,254.0
13.5825,226.0,254.0
13.5875,197.0,256.0
13.5926,53.0,256.0
13.5976,-11.0,256.0
13.6027,-110.0,256.0
13.6078,-109.0,258.0
13.6125,8.0,258.0
13.6176,94.0,258.0
13.6225,26.0,258.0
13.6275,-41.0,258.0
13.6327,138.0,258.0
13.6384,117.0,260.0
13.6425,-333.0,260.0
13.6475,-330.0,266.0
13.6526,284.0,268.0
13.6576,452.0,274.0
13.6625,0.0,272.0
13.6676,-306.0,276.0
13.6727,-232.0,280.0
13.6775,9.0,278.0
13.6828,230.0,280.0
13.6876,209.0,282.0
13.6928,-65.0,282.0
13.6975,-260.0,284.0
13.7028,-123.0,284.0
13.7075,163.0,286.0
13.7126,234.0,288.0
13.7175,6.0,288.0
13.7226,-215.0,290.0
13.7275,-133.0,292.0
13.7325,114.0,292.0
13.7375,150.0,292.0
13.7425,-4.0,290.0
13.7479,-87.0,288.0
13.7529,-125.0,286.0
13.7577,-12.0,284.0
13.7625,257.0,284.0
13.7676,120.0,284.0
13.7725,-284.0,288.0
13.7777,-165.0,290.0
13.7825,180.0,292.0
13.7875,90.0,292.0
13.7925,-57.0,292.0
13.7976,64.0,292.0
13.8025,10.0,292.0
13.8075,-213.0,296.0
13.8137,-31.0,296.0
13.8177,283.0,298.0
13.823,58.0,298.0
13.8275,-226.0,300.0
13.8325,-28.0,298.0
13.8375,75.0,298.0
13.8425,-58.0,298.0
13.8475,49.0,300.0
13.8527,113.0,302.0
13.8577,-63.0,302.0
13.8625,-51.0,302.0
13.8675,-12.0,302.0
13.8727,-94.0,302.0
13.8775,104.0,302.0
13.8832,198.0,302.0
13.8876,-166.0,302.0
13.8925,-200.0,304.0
13.8975,174.0,306.0
13.9025,147.0,306.0
13.9083,-124.0,308.0
13.9125,-97.0,306.0
13.9177,60.0,306.0
13.9225,72.0,306.0
13.9275,-22.0,302.0
13.9325,-92.0,300.0
13.9374,-17.0,296.0
13.9425,135.0,292.0
13.9477,89.0,292.0
13.9534,-112.0,290.0
13.9575,-109.0,292.0
13.9627,0.0,292.0
13.9676,-3.0,290.0
13.9725,75.0,288.0
13.9775,168.0,288.0
13.9826,-10.0,284.0
13.9876,-231.0,286.0
13.9925,-130.0,286.0
13.9975,161.0,286.0
14.0026,196.0,290.0
14.0076,-74.0,290.0
14.0125,-142.0,290.0
14.0177,61.0,290.0
14.0226,71.0,292.0
14.0275,-75.0,292.0
14.0326,-75.0,292.0
14.0376,3.0,290.0
14.0426,115.0,288.0
14.0475,147.0,286.0
14.0526,-78.0,284.0
14.0575,-245.0,282.0
14.0625,-49.0,282.0
14.0675,180.0,282.0
14.0727,167.0,282.0
14.0775,16.0,282.0
14.0826,-177.0,280.0
14.0876,-207.0,280.0
14.0925,93.0,280.0
14.0975,267.0,280.0
14.1025,-11.0,280.0
14.1075,-181.0,282.0
14.1125,4.0,278.0
14.1175,34.0,276.0
14.1225,-63.0,274.0
14.1275,70.0,270.0
14.1325,140.0,270.0
14.1377,-71.0,268.0
14.1426,-194.0,270.0
14.1476,-16.0,268.0
14.1525,195.0,270.0
14.1575,106.0,272.0
14.1625,-130.0,274.0
14.1686,-105.0,274.0
14.1726,33.0,272.0
14.1775,-4.0,270.0
14.183,0.0,264.0
14.1875,131.0,262.0
14.1932,69.0,254.0
14.1976,-155.0,256.0
14.2035,-156.0,246.0
14.2075,76.0,244.0
14.2126,141.0,238.0
14.2177,-10.0,234.0
14.2226,-32.0,230.0
14.2276,46.0,228.0
14.2328,-63.0,228.0
14.2375,-148.0,230.0
14.2425,79.0,230.0
14.2476,236.0,232.0
14.2537,-41.0,232.0
14.2581,-266.0,236.0
14.2628,0.0,234.0
14.2677,239.0,238.0
14.2727,21.0,236.0
14.2781,-189.0,238.0
14.2827,-44.0,232.0
14.2891,155.0,230.0
14.2928,85.0,226.0
14.2987,-141.0,222.0
14.3025,-99.0,224.0
14.3081,135.0,220.0
14.3126,46.0,218.0
14.3175,-167.0,220.0
14.323,20.0,218.0
14.3275,250.0,218.0
14.3326,2.0,216.0
14.3375,-306.0,218.0
14.3426,-125.0,218.0
14.3475,233.0,218.0
14.3525,234.0,218.0
14.3575,-43.0,220.0
14.3637,-221.0,220.0
14.3689,-145.0,220.0
14.3725,105.0,220.0
14.3776,229.0,220.0
14.3825,13.0,220.0
14.3875,-204.0,222.0
14.3925,-68.0,222.0
14.3976,123.0,224.0
14.4026,73.0,220.0
14.4075,-38.0,220.0
14.4127,-52.0,216.0
14.4181,-21.0,214.0
14.4234,12.0,210.0
14.4276,43.0,210.0
14.4326,24.0,210.0
14.4382,-46.0,210.0
14.4426,-22.0,210.0
14.4475,64.0,208.0
14.4526,-25.0,208.0
14.4591,-113.0,204.0
14.4625,55.0,204.0
14.4686,139.0,202.0
14.4733,0.0,202.0
14.4786,-82.0,202.0
14.4833,-92.0,204.0
14.488,-26.0,202.0
14.493,115.0,202.0
14.4975,89.0,204.0
14.5025,-35.0,202.0
14.5075,-84.0,204.0
14.5125,-93.0,204.0
14.5175,96.0,204.0
14.5225,235.0,204.0
14.5275,-187.0,204.0
14.5325,-392.0,208.0
14.5376,279.0,210.0
14.5426,511.0,216.0
14.5478,-271.0,218.0
14.5527,-479.0,224.0
14.5576,178.0,226.0
14.5626,264.0,228.0
14.5676,-99.0,230.0
14.5725,28.0,228.0
14.5797,86.0,230.0
14.5825,-240.0,232.0
14.5875,-105.0,232.0
14.5925,274.0,234.0
14.5976,83.0,234.0
14.6025,-169.0,236.0
14.6075,8.0,236.0
14.6124,60.0,236.0
14.6175,-101.0,236.0
14.6225,-34.0,236.0
14.6276,103.0,234.0
14.6326,29.0,232.0
14.6376,-17.0,230.0
14.6425,48.0,228.0
14.6474,-66.0,228.0
14.6527,-181.0,228.0
14.6575,69.0,228.0
14.6625,262.0,230.0
14.6676,5.0,230.0
14.6726,-220.0,232.0
14.6775,-76.0,234.0
14.6826,88.0,232.0
14.6875,57.0,232.0
14.6926,50.0,230.0
14.6975,45.0,228.0
14.7026,-140.0,230.0
14.7075,-140.0,228.0
14.713,166.0,228.0
14.7181,143.0,230.0
14.7225,-140.0,230.0
14.7275,-42.0,228.0
14.7325,89.0,228.0
14.7376,-94.0,224.0
14.7427,-29.0,224.0
14.7478,173.0,224.0
14.7535,-37.0,226.0
14.7575,-174.0,228.0
14.7625,91.0,228.0
14.7676,168.0,230.0
14.7733,-79.0,228.0
14.7778,-198.0,230.0
14.7825,-30.0,228.0
14.7877,215.0,232.0
14.7925,186.0,230.0
14.7975,-154.0,232.0
14.8026,-260.0,234.0
14.8075,49.0,232.0
14.8125,175.0,236.0
14.8175,-3.0,236.0
14.8227,-10.0,236.0
14.8275,55.0,234.0
14.8325,-91.0,234.0
14.8375,-116.0,234.0
14.8429,99.0,232.0
14.8475,104.0,234.0
14.8527,-68.0,232.0
14.8575,-39.0,232.0
14.8625,23.0,232.0
14.8675,-35.0,232.0
14.8725,22.0,232.0
14.8775,84.0,230.0
14.8828,-45.0,230.0
14.8876,-71.0,228.0
14.8926,45.0,228.0
14.8975,4.0,224.0
14.9029,-45.0,224.0
14.9084,43.0,222.0
14.9125,49.0,222.0
14.9176,-35.0,220.0
14.9225,-46.0,220.0
14.9275,0.0,216.0
14.9325,34.0,216.0
14.9376,21.0,214.0
14.9426,-13.0,212.0
14.9477,-23.0,210.0
14.9527,-2.0,210.0
14.9577,9.0,208.0
14.9632,-2.0,208.0
14.9675,5.0,204.0
14.9725,33.0,204.0
14.9777,-10.0,200.0
14.9825,-63.0,198.0
14.9875,22.0,196.0
14.9926,63.0,192.0
14.9975,-83.0,194.0
15.0026,-59.0,190.0
15.0077,205.0,192.0
15.0127,115.0,192.0
15.0176,-316.0,194.0
15.0226,-220.0,196.0
15.0276,298.0,198.0
15.0325,279.0,202.0
15.0375,-131.0,202.0
15.0426,-229.0,204.0
15.0476,-66.0,204.0
15.0528,88.0,204.0
15.0587,160.0,206.0
15.0625,78.0,208.0
15.0675,-120.0,210.0
15.0725,-202.0,212.0
15.0778,31.0,212.0
15.0838,247.0,216.0
15.0877,26.0,214.0
15.0925,-223.0,218.0
15.0975,-26.0,216.0
15.1025,182.0,218.0
15.1075,-3.0,216.0
15.1126,-180.0,220.0
15.1175,-8.0,218.0
15.1225,213.0,220.0
15.1275,106.0,222.0
15.1325,-207.0,222.0
15.1375,-210.0,224.0
15.1428,135.0,226.0
15.1475,207.0,228.0
15.1541,-74.0,228.0
15.1575,-99.0,228.0
15.1625,92.0,226.0
15.1676,-8.0,222.0
15.1727,-158.0,218.0
15.1774,49.0,216.0
15.183,205.0,210.0
15.1875,-36.0,206.0
15.1926,-211.0,202.0
15.1986,0.0,200.0
15.2025,190.0,198.0
15.2076,58.0,198.0
15.2135,-155.0,200.0
15.2175,-130.0,200.0
15.2226,101.0,198.0
15.2277,165.0,200.0
15.2327,-12.0,196.0
15.2375,-112.0,196.0
15.2425,-87.0,194.0
15.2485,-9.0,194.0
15.2525,134.0,196.0
15.2575,109.0,196.0
15.2625,-99.0,196.0
15.2675,-115.0,198.0
15.2725,20.0,196.0
15.2774,49.0,198.0
15.2826,47.0,198.0
15.2874,11.0,196.0
15.2925,-59.0,194.0
15.2976,-21.0,194.0
15.3026,8.0,190.0
15.3084,8.0,190.0
15.3125,54.0,188.0
15.318,-31.0,186.0
15.3226,-88.0,186.0
15.3276,100.0,188.0
15.3325,112.0,188.0
15.3376,-156.0,190.0
15.3425,-131.0,190.0
15.3477,154.0,190.0
15.3524,110.0,190.0
15.3576,-123.0,188.0
15.3626,-62.0,188.0
15.3675,89.0,188.0
15.3725,35.0,188.0
15.3776,-20.0,186.0
15.3831,6.0,186.0
15.3875,-54.0,184.0
15.3925,-110.0,186.0
15.3974,34.0,184.0
15.4031,201.0,184.0
15.4076,84.0,184.0
15.4137,-149.0,184.0
15.4179,-160.0,184.0
15.4225,-29.0,184.0
15.4276,74.0,182.0
15.4327,164.0,182.0
15.4375,110.0,180.0
15.4425,-131.0,178.0
15.4475,-215.0,182.0
15.4526,-14.0,178.0
15.4575,141.0,182.0
15.4626,123.0,182.0
15.4676,13.0,182.0
15.4727,-109.0,182.0
15.4785,-73.0,182.0
15.4825,39.0,180.0
15.4875,4.0,180.0
15.4926,-3.0,178.0
15.4975,79.0,178.0
15.5025,-17.0,178.0
15.5075,-100.0,180.0
15.5125,67.0,180.0
15.5175,78.0,180.0
15.5225,-121.0,182.0
15.5275,-31.0,182.0
15.5325,142.0,182.0
15.5375,-32.0,182.0
15.5427,-147.0,184.0
15.5477,87.0,186.0
15.5525,173.0,188.0
15.5577,-118.0,188.0
15.5637,-221.0,192.0
15.5676,118.0,194.0
15.5737,240.0,196.0
15.5776,-101.0,198.0
15.5825,-193.0,200.0
15.5875,100.0,202.0
15.5925,110.0,204.0
15.5977,-124.0,206.0
15.6025,-38.0,206.0
15.6075,146.0,208.0
15.6125,6.0,208.0
15.6175,-155.0,210.0
15.6225,-43.0,210.0
15.6275,146.0,212.0
15.6325,158.0,212.0
15.6377,-106.0,214.0
15.6425,-276.0,216.0
15.6474,37.0,214.0
15.6533,293.0,216.0
15.6576,16.0,212.0
15.6625,-187.0,212.0
15.668,24.0,208.0
15.6728,73.0,204.0
15.6778,-169.0,204.0
15.6829,-87.0,202.0
15.6875,292.0,206.0
15.6925,226.0,208.0
15.6975,-274.0,210.0
15.7029,-332.0,214.0
15.7075,161.0,214.0
15.7124,258.0,216.0
15.7176,-103.0,216.0
15.7226,-45.0,214.0
15.7275,141.0,216.0
15.7326,-125.0,214.0
15.7375,-157.0,216.0
15.7425,149.0,216.0
15.7476,43.0,216.0
15.7524,-76.0,214.0
15.7582,151.0,216.0
15.7625,3.0,214.0
15.7676,-291.0,216.0
15.7725,22.0,214.0
15.778,296.0,214.0
15.7825,-34.0,212.0
15.7874,-195.0,212.0
15.7924,90.0,212.0
15.7975,63.0,212.0
15.8025,-200.0,214.0
15.8075,37.0,214.0
15.8125,310.0,216.0
15.8177,-77.0,218.0
15.8226,-330.0,220.0
15.8275,65.0,220.0
15.8325,205.0,220.0
15.8375,-67.0,220.0
15.8427,-2.0,218.0
15.8481,142.0,218.0
15.8526,-117.0,218.0
15.8575,-229.0,220.0
15.8625,104.0,220.0
15.8675,214.0,220.0
15.8725,-66.0,222.0
15.8775,-91.0,222.0
15.8829,76.0,222.0
15.8875,-43.0,222.0
15.8925,-88.0,220.0
15.8975,107.0,220.0
15.9033,50.0,220.0
15.9077,-93.0,220.0
15.9128,17.0,220.0
15.9183,62.0,220.0
15.9225,-47.0,220.0
15.9275,-74.0,220.0
15.9329,-1.0,220.0
15.9377,137.0,222.0
15.9426,102.0,224.0
15.9478,-205.0,226.0
15.9525,-185.0,228.0
15.9575,224.0,232.0
15.9625,195.0,234.0
15.9676,-183.0,234.0
15.9738,-132.0,234.0
15.9777,120.0,234.0
15.9825,54.0,232.0
15.9875,-70.0,232.0
15.9925,-39.0,230.0
15.9975,9.0,228.0
16.0026,95.0,230.0
16.0076,90.0,230.0
16.0124,-141.0,230.0
16.0175,-190.0,234.0
16.0227,122.0,236.0
16.0276,214.0,238.0
16.0327,-79.0,238.0
16.0375,-164.0,240.0
16.0425,77.0,238.0
16.0476,132.0,238.0
16.0526,-97.0,238.0
16.0575,-152.0,238.0
16.0626,64.0,238.0
16.0675,127.0,238.0
16.0731,16.0,236.0
16.0774,-7.0,234.0
16.0826,-46.0,234.0
16.0875,-92.0,232.0
16.093,-3.0,232.0
16.0975,57.0,230.0
16.1024,44.0,228.0
16.1074,64.0,230.0
16.1125,10.0,228.0
16.1176,-127.0,228.0
16.1226,-125.0,230.0
16.1275,44.0,230.0
16.1325,170.0,234.0
16.1381,111.0,234.0
16.1425,-86.0,236.0
16.1477,-198.0,236.0
16.1527,-27.0,236.0
16.1577,166.0,238.0
16.1625,45.0,236.0
16.1679,-88.0,238.0
16.1726,26.0,236.0
16.1782,42.0,236.0
16.1825,-90.0,234.0
16.1875,-31.0,234.0
16.1925,88.0,232.0
16.1986,31.0,230.0
16.2025,-34.0,228.0
16.2075,-45.0,226.0
16.2132,-35.0,224.0
16.2177,74.0,224.0
16.2225,83.0,222.0
16.2277,-82.0,222.0
16.2327,-81.0,220.0
16.2375,52.0,220.0
16.2427,47.0,220.0
16.2474,0.0,218.0
16.2526,-19.0,218.0
16.2585,-42.0,216.0
16.2632,6.0,216.0
16.2675,35.0,214.0
16.2725,-14.0,212.0
16.2775,21.0,210.0
16.2827,57.0,206.0
16.2875,-76.0,208.0
16.2925,-108.0,204.0
16.2975,108.0,206.0
16.3038,128.0,204.0
16.308,-155.0,206.0
16.3125,-137.0,208.0
16.3175,213.0,208.0
16.3234,180.0,210.0
16.3279,-205.0,208.0
16.3325,-223.0,208.0
16.3376,100.0,206.0
16.3427,197.0,204.0
16.3476,1.0,202.0
16.3526,-113.0,200.0
16.3575,-4.0,198.0
16.3629,75.0,198.0
16.3676,-34.0,196.0
16.3727,-115.0,196.0
16.3782,-2.0,194.0
16.3835,131.0,194.0
16.3881,92.0,194.0
16.3924,-60.0,194.0
16.3977,-124.0,194.0
16.4025,-3.0,194.0
16.4075,85.0,190.0
16.4124,-44.0,190.0
16.4177,-67.0,188.0
16.4225,142.0,188.0
16.4275,136.0,188.0
16.4326,-144.0,188.0
16.4382,-241.0,192.0
16.4424,10.0,188.0
16.4475,252.0,192.0
16.4528,130.0,190.0
16.4577,-134.0,190.0
16.4625,-146.0,188.0
16.4675,9.0,186.0
16.4725,76.0,184.0
16.4775,8.0,184.0
16.4828,-46.0,184.0
16.4879,39.0,182.0
16.4925,87.0,182.0
16.4975,-57.0,180.0
16.5025,-127.0,180.0
16.5076,15.0,176.0
16.5127,96.0,176.0
16.5179,40.0,176.0
16.5225,6.0,174.0
16.5276,-49.0,176.0
16.5327,-91.0,176.0
16.5377,-12.0,174.0
16.5431,76.0,174.0
16.5477,103.0,174.0
16.5528,8.0,174.0
16.5578,-166.0,176.0
16.5627,-72.0,176.0
16.5675,192.0,178.0
16.5725,78.0,180.0
16.5808,-187.0,180.0
16.5825,-23.0,178.0
16.5877,138.0,178.0
16.5936,-122.0,176.0
16.5982,-106.0,174.0
16.6035,323.0,176.0
16.6097,177.0,176.0
16.6125,-426.0,182.0
16.6178,-292.0,184.0
16.6228,346.0,188.0
16.6286,306.0,192.0
16.6327,-175.0,194.0
16.6376,-173.0,196.0
16.6424,51.0,196.0
16.6476,-14.0,196.0
16.6527,-1.0,192.0
16.6583,156.0,192.0
16.6635,-30.0,190.0
16.6675,-231.0,192.0
16.6727,62.0,190.0
16.6777,250.0,192.0
16.6833,-54.0,192.0
16.6882,-192.0,192.0
16.6931,10.0,192.0
16.6976,71.0,190.0
16.7026,12.0,190.0
16.7077,10.0,188.0
16.7127,13.0,188.0
16.7178,29.0,188.0
16.723,-67.0,188.0
16.7279,-159.0,190.0
16.7328,83.0,190.0
16.7378,260.0,194.0
16.7432,-21.0,194.0
16.7482,-228.0,196.0
16.7533,-43.0,196.0
16.7577,88.0,196.0
16.7626,6.0,194.0
16.7681,8.0,194.0
16.7725,85.0,192.0
16.7775,36.0,190.0
16.7826,-86.0,190.0
16.7877,-131.0,190.0
16.7934,-29.0,190.0
16.7982,101.0,188.0
16.8029,105.0,190.0
16.8086,52.0,190.0
16.814,-24.0,190.0
16.8174,-156.0,190.0
16.823,-127.0,192.0
16.8291,119.0,192.0
16.8331,185.0,194.0
16.8376,-33.0,194.0
16.8438,-101.0,196.0
16.8478,15.0,196.0
16.8536,-20.0,194.0
16.8582,-85.0,194.0
16.8629,56.0,194.0
16.8682,168.0,196.0
16.8726,-1.0,194.0
16.8778,-181.0,196.0
16.8825,-43.0,196.0
16.8887,120.0,198.0
16.8926,0.0,198.0
16.8975,-56.0,198.0
16.9026,123.0,200.0
16.9077,53.0,200.0
16.9127,-245.0,204.0
16.9181,-107.0,206.0
16.9224,272.0,208.0
16.9283,155.0,210.0
16.9335,-196.0,212.0
16.9378,-142.0,212.0
16.9425,92.0,212.0
16.948,96.0,210.0
16.9527,-20.0,208.0
16.9578,-60.0,206.0
16.9627,0.0,204.0
16.968,54.0,202.0
16.973,-32.0,198.0
16.9781,-79.0,198.0
16.9827,85.0,196.0
16.9875,131.0,198.0
16.9928,-100.0,198.0
16.9986,-180.0,200.0
17.003,49.0,200.0
17.0081,174.0,202.0
17.0127,35.0,202.0
17.0178,-77.0,202.0
17.0235,-72.0,202.0
17.0282,-65.0,200.0
17.033,8.0,200.0
17.0376,144.0,200.0
17.043,96.0,202.0
17.048,-82.0,202.0
17.0528,-124.0,204.0
17.0581,-75.0,204.0
17.0625,35.0,202.0
17.0682,190.0,202.0
17.0726,91.0,202.0
17.0779,-163.0,200.0
17.0831,-142.0,202.0
17.0875,33.0,198.0
17.0931,65.0,198.0
17.0974,71.0,196.0
17.1025,66.0,196.0
17.1079,-66.0,196.0
17.1133,-123.0,198.0
17.1175,-5.0,198.0
17.1224,68.0,198.0
17.1278,38.0,198.0
17.1326,17.0,196.0
17.1377,-4.0,196.0
17.1444,-39.0,194.0
17.1476,-14.0,194.0
17.1524,-4.0,192.0
17.1575,-47.0,192.0
17.1627,43.0,194.0
17.1681,144.0,196.0
17.1726,-26.0,194.0
17.1781,-185.0,196.0
17.184,-19.0,196.0
17.1876,148.0,196.0
17.1926,47.0,198.0
17.198,-77.0,196.0
17.2025,-40.0,196.0
17.2075,15.0,192.0
17.2126,0.0,192.0
17.2174,30.0,188.0
17.2233,65.0,190.0
17.2278,-80.0,188.0
17.2329,-138.0,188.0
17.2377,131.0,190.0
17.243,203.0,188.0
17.2478,-128.0,186.0
17.2528,-230.0,184.0
17.2591,30.0,180.0
17.2625,169.0,176.0
17.2678,119.0,174.0
17.2727,-12.0,172.0
17.278,-215.0,172.0
17.2831,-154.0,174.0
17.2893,197.0,176.0
17.2925,212.0,180.0
17.2975,-105.0,178.0
17.3027,-135.0,180.0
17.3078,43.0,178.0
17.3129,14.0,176.0
17.3175,-77.0,174.0
17.3224,9.0,174.0
17.3285,162.0,172.0
17.3332,113.0,174.0
17.3378,-183.0,176.0
17.3435,-277.0,180.0
17.3484,80.0,182.0
17.3529,320.0,186.0
17.3575,83.0,188.0
17.3626,-186.0,188.0
17.369,-176.0,190.0
17.3725,-11.0,188.0
17.3775,130.0,186.0
17.3826,106.0,188.0
17.3877,-18.0,184.0
17.3926,-46.0,184.0
17.3976,-30.0,184.0
17.4024,-83.0,184.0
17.4077,-30.0,184.0
17.4128,177.0,186.0
17.4174,114.0,188.0
17.4224,-213.0,190.0
17.4279,-112.0,190.0
17.4332,260.0,192.0
17.4374,56.0,192.0
17.4427,-349.0,196.0
17.4479,-82.0,196.0
17.4541,375.0,202.0
17.4582,202.0,202.0
17.4625,-238.0,204.0
17.4692,-263.0,206.0
17.4726,49.0,204.0
17.4777,198.0,208.0
17.4833,9.0,206.0
17.4885,-129.0,208.0
17.4924,46.0,208.0
17.4976,146.0,208.0
17.5027,-76.0,210.0
17.5079,-167.0,210.0
17.5132,35.0,210.0
17.5174,97.0,208.0
17.5225,0.0,208.0
17.5275,14.0,206.0
17.5325,9.0,206.0
17.5379,-56.0,206.0
17.5425,2.0,204.0
17.5475,23.0,204.0
17.5525,-89.0,202.0
17.5574,0.0,200.0
17.5625,187.0,198.0
17.5675,21.0,196.0
17.5725,-196.0,196.0
17.5778,-40.0,194.0
17.5824,85.0,194.0
17.5874,1.0,192.0
17.5924,79.0,194.0
17.5975,87.0,194.0
17.6026,-182.0,198.0
17.6076,-152.0,198.0
17.6127,168.0,200.0
17.6176,128.0,202.0
17.6228,-104.0,202.0
17.6275,-23.0,200.0
17.6325,116.0,200.0
17.6375,-79.0,198.0
17.6424,-226.0,202.0
17.6474,98.0,200.0
17.6525,309.0,204.0
17.6577,-35.0,204.0
17.6626,-259.0,206.0
17.6676,-29.0,206.0
17.674,124.0,208.0
17.6775,35.0,206.0
17.6827,-22.0,206.0
17.6875,-4.0,204.0
17.6933,17.0,202.0
17.6974,9.0,202.0
17.7025,-69.0,202.0
17.7076,-74.0,200.0
17.7125,72.0,200.0
17.7176,114.0,200.0
17.7224,2.0,196.0
17.7275,-46.0,198.0
17.7325,-60.0,198.0
17.7376,-76.0,198.0
17.7426,28.0,196.0
17.7477,131.0,198.0
17.7525,49.0,196.0
17.7582,-93.0,198.0
17.7625,-97.0,198.0
17.7675,40.0,198.0
17.7725,104.0,200.0
17.7776,-40.0,200.0
17.7825,-100.0,202.0
17.7874,87.0,202.0
17.7925,103.0,204.0
17.7975,-124.0,206.0
17.8025,-113.0,206.0
17.8075,102.0,206.0
17.8125,111.0,206.0
17.8177,-42.0,204.0
17.8227,-88.0,206.0
17.8275,1.0,204.0
17.8324,52.0,204.0
17.8377,-15.0,202.0
17.8424,-25.0,202.0
17.8474,62.0,202.0
17.8526,24.0,204.0
17.8575,-87.0,204.0
17.8624,-49.0,204.0
17.8675,65.0,204.0
17.8725,77.0,202.0
17.8784,-21.0,202.0
17.8826,-88.0,200.0
17.8874,-20.0,198.0
17.8924,78.0,196.0
17.8977,68.0,196.0
17.9025,-41.0,194.0
17.9075,-129.0,194.0
17.9125,-22.0,194.0
17.9175,174.0,194.0
17.9224,93.0,192.0
17.9275,-177.0,192.0
17.9324,-137.0,192.0
17.9375,138.0,192.0
17.9425,135.0,192.0
17.9475,-73.0,192.0
17.9525,-78.0,192.0
17.9574,11.0,192.0
17.9626,-9.0,192.0
17.9675,17.0,190.0
17.9725,75.0,190.0
17.9774,-14.0,186.0
17.9825,-71.0,184.0
17.9874,6.0,182.0
17.9926,0.0,178.0
17.9977,-22.0,176.0
18.0025,69.0,174.0
18.0076,65.0,172.0
18.0126,-64.0,174.0
18.0179,-93.0,172.0
18.0229,-7.0,172.0
18.0278,72.0,172.0
18.0325,77.0,172.0
18.0374,-16.0,172.0
18.0424,-86.0,172.0
18.0474,-25.0,172.0
18.0525,28.0,170.0
18.0574,6.0,168.0
18.0632,32.0,166.0
18.0675,49.0,164.0
18.0726,-10.0,160.0
18.0775,-40.0,160.0
18.0845,-77.0,156.0
18.0875,-84.0,156.0
18.0924,111.0,152.0
18.0975,231.0,152.0
18.1025,-12.0,148.0
18.1075,-269.0,150.0
18.1124,-146.0,150.0
18.1175,171.0,150.0
18.1225,224.0,154.0
18.1275,-32.0,152.0
18.1324,-172.0,154.0
18.1375,-34.0,152.0
18.1437,65.0,152.0
18.1474,-1.0,150.0
18.1524,-1.0,148.0
18.1575,74.0,148.0
18.1625,7.0,148.0
18.1675,-109.0,150.0
18.1728,-48.0,150.0
18.1775,83.0,152.0
18.1826,68.0,152.0
18.188,-20.0,152.0
18.1926,-31.0,152.0
18.1977,-40.0,152.0
18.2025,-30.0,150.0
18.2075,52.0,150.0
18.2127,27.0,148.0
18.2174,3.0,146.0
18.2234,76.0,146.0
18.2275,-99.0,148.0
18.2327,-197.0,150.0
18.2375,169.0,152.0
18.2425,231.0,152.0
18.2474,-177.0,152.0
18.2526,-167.0,152.0
18.2574,143.0,152.0
18.2625,78.0,152.0
18.2675,-90.0,154.0
18.2725,-23.0,152.0
18.2775,18.0,150.0
18.2827,-19.0,148.0
18.2891,43.0,146.0
18.2926,83.0,144.0
18.2975,-49.0,144.0
18.3029,-135.0,142.0
18.3085,8.0,142.0
18.3124,133.0,142.0
18.3175,20.0,142.0
18.3225,-98.0,142.0
18.3275,-9.0,142.0
18.3326,86.0,144.0
18.3376,-15.0,144.0
18.3427,-101.0,144.0
18.3477,7.0,142.0
18.3533,89.0,144.0
18.3575,53.0,142.0
18.3625,-1.0,142.0
18.3677,-103.0,144.0
18.3733,-134.0,144.0
18.3775,56.0,144.0
18.3827,212.0,146.0
18.3879,72.0,146.0
18.3925,-161.0,148.0
18.3977,-154.0,148.0
18.4025,40.0,148.0
18.4077,127.0,150.0
18.4124,33.0,148.0
18.4174,-77.0,148.0
18.4225,-40.0,148.0
18.4278,83.0,148.0
18.4326,64.0,146.0
18.4375,-98.0,146.0
18.4425,-132.0,146.0
18.4479,29.0,146.0
18.4525,149.0,146.0
18.4583,90.0,148.0
18.4627,-49.0,146.0
18.4677,-122.0,148.0
18.4725,-67.0,148.0
18.4775,23.0,148.0
18.4827,67.0,150.0
18.4875,90.0,150.0
18.4927,32.0,150.0
18.4975,-117.0,150.0
18.5029,-114.0,152.0
18.5074,78.0,152.0
18.5135,118.0,152.0
18.5175,-36.0,152.0
18.5225,-83.0,152.0
18.5275,13.0,152.0
18.5324,58.0,152.0
18.5375,-5.0,150.0
18.5426,-50.0,152.0
18.5478,18.0,150.0
18.553,43.0,150.0
18.5577,-34.0,148.0
18.5625,-33.0,146.0
18.5676,22.0,144.0
18.5725,2.0,142.0
18.5776,4.0,140.0
18.5825,62.0,138.0
18.5875,5.0,138.0
18.5935,-121.0,138.0
18.5975,-83.0,140.0
18.6025,131.0,142.0
18.6076,182.0,144.0
18.6126,-98.0,144.0
18.6176,-219.0,148.0
18.6224,72.0,148.0
18.6284,166.0,150.0
18.6326,-83.0,152.0
18.6375,-86.0,152.0
18.6427,111.0,154.0
18.6476,39.0,152.0
18.6525,-113.0,154.0
18.6574,-24.0,152.0
18.6626,84.0,154.0
18.6676,5.0,152.0
18.6727,-73.0,152.0
18.6775,20.0,152.0
18.6827,117.0,152.0
18.6875,-15.0,152.0
18.6925,-162.0,154.0
18.6977,-28.0,156.0
18.7025,130.0,156.0
18.7076,57.0,156.0
18.7127,-30.0,158.0
18.7184,-25.0,158.0
18.7225,-55.0,156.0
18.7275,-36.0,156.0
18.7324,71.0,156.0
18.7382,51.0,152.0
18.7425,-40.0,152.0
18.7475,4.0,148.0
18.7525,15.0,146.0
18.7575,-87.0,146.0
18.7629,-16.0,142.0
18.7675,136.0,144.0
18.7725,24.0,142.0
18.7776,-121.0,142.0
18.7824,-19.0,142.0
18.7874,68.0,144.0
18.7926,2.0,144.0
18.7976,-30.0,142.0
18.8025,10.0,142.0
18.8075,19.0,142.0
18.8124,-4.0,140.0
18.8175,-5.0,140.0
18.8228,-29.0,138.0
18.8278,-27.0,138.0
18.8324,89.0,140.0
18.8374,66.0,140.0
18.8425,-144.0,142.0
18.8483,-80.0,142.0
18.8527,161.0,144.0
18.8575,61.0,146.0
18.8625,-130.0,146.0
18.8674,-26.0,144.0
18.8726,56.0,142.0
18.8775,-18.0,140.0
18.8827,20.0,138.0
18.8877,71.0,136.0
18.8926,-47.0,134.0
18.8975,-97.0,132.0
18.9024,41.0,132.0
18.9074,74.0,132.0
18.9128,-36.0,132.0
18.9181,-21.0,132.0
18.9224,8.0,132.0
18.9275,-57.0,132.0
18.9324,46.0,132.0
18.9375,153.0,134.0
18.9431,-68.0,132.0
18.9476,-197.0,136.0
18.9528,43.0,134.0
18.9575,131.0,136.0
18.9625,-40.0,134.0
18.9675,-8.0,134.0
18.9726,95.0,134.0
18.9782,-79.0,136.0
18.9831,-147.0,136.0
18.9875,121.0,138.0
18.9934,121.0,138.0
18.9977,-185.0,140.0
19.0027,-56.0,142.0
19.0077,274.0,144.0
19.0124,56.0,144.0
19.0175,-285.0,146.0
19.0227,-114.0,146.0
19.0277,175.0,146.0
19.0327,121.0,146.0
19.0374,-44.0,144.0
19.0424,-39.0,144.0
19.0475,-13.0,142.0
19.0526,-57.0,144.0
19.0576,39.0,142.0
19.0626,105.0,144.0
19.0677,-111.0,144.0
19.0726,-119.0,144.0
19.0774,198.0,146.0
19.0827,123.0,146.0
19.0876,-216.0,150.0
19.0927,-90.0,148.0
19.0975,164.0,150.0
19.1024,-3.0,148.0
19.1076,-101.0,148.0
19.1125,127.0,150.0
19.1176,62.0,150.0
19.1225,-209.0,152.0
19.1275,-61.0,152.0
19.1324,190.0,154.0
19.1377,89.0,154.0
19.1427,-84.0,154.0
19.1484,-111.0,154.0
19.1525,-18.0,152.0
19.1575,107.0,154.0
19.1624,49.0,152.0
19.1677,-94.0,154.0
19.1726,-27.0,154.0
19.1775,85.0,154.0
19.1824,-2.0,154.0
19.1881,-70.0,154.0
19.1924,37.0,154.0
19.1977,38.0,154.0
19.2024,-73.0,156.0
19.2075,3.0,156.0
19.2124,88.0,156.0
19.2178,-45.0,158.0
19.2226,-82.0,158.0
19.2276,78.0,158.0
19.2325,62.0,158.0
19.2375,-89.0,158.0
19.2424,-41.0,156.0
19.2474,65.0,154.0
19.2526,43.0,154.0
19.2579,-17.0,150.0
19.2625,-81.0,150.0
19.2674,-35.0,148.0
19.2729,114.0,150.0
19.2776,76.0,148.0
19.2827,-95.0,148.0
19.2876,-74.0,150.0
19.2926,43.0,148.0
19.298,24.0,148.0
19.3024,-25.0,148.0
19.3087,24.0,148.0
19.3136,63.0,148.0
19.3174,-15.0,148.0
19.3225,-124.0,148.0
19.3278,-44.0,148.0
19.3324,181.0,148.0
19.3375,98.0,150.0
19.3425,-228.0,150.0
19.3475,-110.0,152.0
19.3544,249.0,154.0
19.3574,84.0,156.0
19.363,-210.0,158.0
19.3687,-29.0,158.0
19.3735,96.0,158.0
19.3775,-48.0,158.0
19.3832,74.0,160.0
19.3875,141.0,162.0
19.3927,-234.0,164.0
19.3975,-226.0,166.0
19.4025,280.0,170.0
19.4075,245.0,172.0
19.4124,-190.0,176.0
19.4182,-137.0,176.0
19.4227,86.0,176.0
19.4275,-55.0,176.0
19.4326,-76.0,178.0
19.4375,206.0,180.0
19.4433,136.0,182.0
19.4475,-235.0,186.0
19.4531,-191.0,188.0
19.4577,163.0,190.0
19.4625,198.0,194.0
19.4675,-55.0,194.0
19.4728,-143.0,194.0
19.4776,-29.0,194.0
19.4826,57.0,192.0
19.4877,60.0,192.0
19.493,-19.0,190.0
19.4974,-50.0,190.0
19.5024,68.0,190.0
19.5074,45.0,190.0
19.5126,-144.0,190.0
19.5175,-65.0,192.0
19.5225,167.0,194.0
19.5274,79.0,194.0
19.5326,-125.0,196.0
19.5379,-56.0,194.0
19.5426,57.0,194.0
19.5475,3.0,194.0
19.5525,0.0,194.0
19.5575,54.0,194.0
19.5625,-22.0,194.0
19.5675,-104.0,194.0
19.5726,-9.0,194.0
19.5784,126.0,194.0
19.5824,64.0,194.0
19.5876,-82.0,192.0
19.5926,-65.0,192.0
19.5981,-13.0,190.0
19.6025,-30.0,190.0
19.6075,64.0,192.0
19.6125,158.0,192.0
19.6175,-5.0,190.0
19.6231,-198.0,192.0
19.6276,-104.0,192.0
19.6325,112.0,192.0
19.6374,154.0,190.0
19.6424,17.0,190.0
19.6474,-117.0,188.0
19.6525,-91.0,188.0
19.6582,71.0,184.0
19.6624,87.0,184.0
19.6675,-75.0,184.0
19.6725,-54.0,182.0
19.6775,100.0,182.0
19.6829,29.0,182.0
19.6877,-92.0,184.0
19.6924,1.0,184.0
19.6974,54.0,184.0
19.7025,-36.0,182.0
19.708,-17.0,180.0
19.7125,42.0,180.0
19.7175,-23.0,176.0
19.7225,-13.0,176.0
19.7274,73.0,172.0
19.7324,-13.0,172.0
19.7376,-111.0,170.0
19.7424,22.0,172.0
19.7475,125.0,172.0
19.7525,-19.0,170.0
19.7578,-108.0,170.0
19.7631,13.0,168.0
19.7675,56.0,168.0
19.7726,-22.0,164.0
19.7775,2.0,164.0
19.7834,60.0,164.0
19.7874,-15.0,162.0
19.7924,-96.0,162.0
19.798,-19.0,162.0
19.8034,60.0,162.0
19.8085,35.0,160.0
19.8124,60.0,162.0
19.8175,28.0,160.0
19.8225,-160.0,162.0
19.8279,-134.0,164.0
19.8332,131.0,166.0
19.8375,190.0,168.0
19.8424,-2.0,166.0
19.8474,-161.0,168.0
19.8534,-106.0,170.0
19.8577,101.0,170.0
19.8625,124.0,170.0
19.8675,-76.0,170.0
19.8726,-78.0,170.0
19.8774,91.0,170.0
19.8829,35.0,170.0
19.8875,-99.0,172.0
19.8925,-21.0,172.0
19.8974,56.0,172.0
19.9024,11.0,170.0
19.9076,39.0,170.0
19.9134,25.0,170.0
19.9175,-152.0,170.0
19.9224,-95.0,170.0
19.9275,210.0,172.0
19.9325,177.0,174.0
19.9375,-167.0,176.0
19.9426,-213.0,180.0
19.9475,60.0,180.0
19.9525,158.0,182.0
19.9574,31.0,182.0
19.9626,-37.0,180.0
19.9675,-58.0,180.0
19.9731,-71.0,180.0
19.9775,31.0,178.0
19.9825,105.0,176.0
19.9885,-5.0,174.0
19.9924,-60.0,172.0
19.9976,15.0,170.0
20.0025,-11.0,168.0
20.0076,-45.0,168.0
20.0124,55.0,168.0
20.0183,65.0,168.0
20.0226,-47.0,166.0
20.0275,-65.0,166.0
20.0326,0.0,162.0
20.0374,63.0,160.0
20.0424,63.0,156.0
20.0474,-61.0,154.0
20.0525,-118.0,152.0
20.0574,37.0,150.0
20.0635,133.0,152.0
20.0674,7.0,150.0
20.0724,-95.0,150.0
20.0779,-42.0,148.0
20.0826,37.0,146.0
20.0874,43.0,144.0
20.0925,-15.0,142.0
20.0974,-27.0,138.0
20.1026,33.0,136.0
20.1074,21.0,136.0
20.1124,-46.0,134.0
20.1175,-27.0,134.0
20.1228,25.0,134.0
20.1274,20.0,134.0
20.1324,10.0,132.0
20.1375,6.0,132.0
20.1425,-30.0,132.0
20.148,-37.0,132.0
20.1524,47.0,130.0
20.1574,72.0,130.0
20.1625,-99.0,130.0
20.1675,-124.0,130.0
20.1725,141.0,130.0
20.1777,183.0,132.0
20.1824,-103.0,132.0
20.1876,-198.0,136.0
20.193,11.0,136.0
20.1975,133.0,138.0
20.2025,38.0,138.0
20.2076,-25.0,136.0
20.2124,7.0,136.0
20.2175,-41.0,134.0
20.2227,-116.0,136.0
20.2275,1.0,134.0
20.2334,194.0,136.0
20.2374,130.0,138.0
20.2431,-164.0,140.0
20.2476,-255.0,144.0
20.2526,36.0,142.0
20.2576,272.0,146.0
20.2625,91.0,144.0
20.2683,-164.0,144.0
20.2724,-116.0,144.0
20.2774,24.0,142.0
20.2826,17.0,142.0
20.2876,29.0,142.0
20.2925,125.0,142.0
20.299,21.0,142.0
20.3025,-203.0,144.0
20.3076,-79.0,144.0
20.3124,190.0,146.0
20.3181,67.0,144.0
20.3225,-145.0,146.0
20.3274,-14.0,146.0
20.3325,122.0,148.0
20.3374,-10.0,146.0
20.3425,-104.0,148.0
20.3476,-9.0,148.0
20.3525,44.0,148.0
20.3587,40.0,148.0
20.3625,57.0,148.0
20.3676,-46.0,148.0
20.3725,-145.0,150.0
20.3774,23.0,148.0
20.383,172.0,152.0
20.3878,7.0,150.0
20.3926,-142.0,152.0
20.3976,-32.0,150.0
20.4025,77.0,150.0
20.4075,45.0,150.0
20.4125,9.0,150.0
20.4175,-23.0,150.0
20.4226,-94.0,152.0
20.4276,-48.0,152.0
20.4325,139.0,152.0
20.4382,130.0,154.0
20.4426,-128.0,156.0
20.4475,-165.0,158.0
20.4525,86.0,158.0
20.4576,137.0,160.0
20.4624,-47.0,158.0
20.4674,-73.0,156.0
20.4724,25.0,156.0
20.4776,25.0,152.0
20.4832,-8.0,152.0
20.4876,-30.0,150.0
20.4926,-20.0,150.0
20.4974,82.0,150.0
20.5025,59.0,148.0
20.5076,-142.0,150.0
20.5137,-106.0,150.0
20.5184,161.0,150.0
20.5226,147.0,152.0
20.5275,-119.0,152.0
20.5324,-149.0,154.0
20.5376,43.0,154.0
20.5424,99.0,156.0
20.5474,20.0,156.0
20.5526,-19.0,156.0
20.5574,-37.0,154.0
20.5625,-47.0,152.0
20.5677,-3.0,150.0
20.5726,65.0,148.0
20.5776,77.0,146.0
20.5825,-26.0,144.0
20.5874,-128.0,144.0
20.5924,-38.0,142.0
20.5979,119.0,144.0
20.6026,61.0,144.0
20.6075,-70.0,144.0
20.6124,-13.0,144.0
20.6175,36.0,144.0
20.6226,-55.0,144.0
20.6274,-33.0,144.0
20.6327,92.0,144.0
20.6374,36.0,144.0
20.6426,-127.0,146.0
20.6474,-66.0,146.0
20.6525,178.0,148.0
20.6574,160.0,150.0
20.6625,-165.0,152.0
20.6674,-269.0,154.0
20.6724,38.0,156.0
20.6779,283.0,158.0
20.6831,104.0,160.0
20.6876,-183.0,162.0
20.6927,-139.0,162.0
20.6985,70.0,162.0
20.7025,86.0,162.0
20.7074,-30.0,162.0
20.7127,-53.0,162.0
20.7177,35.0,162.0
20.7224,80.0,162.0
20.7274,-8.0,162.0
20.7326,-105.0,162.0
20.7374,-71.0,164.0
20.7424,68.0,164.0
20.7475,145.0,166.0
20.7526,15.0,166.0
20.7574,-141.0,168.0
20.7627,-81.0,168.0
20.7675,60.0,168.0
20.7727,72.0,170.0
20.7776,22.0,170.0
20.7827,11.0,170.0
20.7875,-33.0,170.0
20.7926,-100.0,170.0
20.7977,-23.0,170.0
20.8025,117.0,170.0
20.8075,75.0,170.0
20.8124,-60.0,168.0
20.8175,-61.0,166.0
20.823,10.0,164.0
20.8275,-3.0,162.0
20.8326,-31.0,162.0
20.8374,43.0,160.0
20.8424,109.0,162.0
20.848,-9.0,162.0
20.853,-162.0,164.0
20.8574,-72.0,164.0
20.8627,109.0,164.0
20.8684,131.0,166.0
20.8726,38.0,164.0
20.8774,-119.0,164.0
20.8827,-161.0,164.0
20.8877,54.0,160.0
20.8926,159.0,162.0
20.8974,-12.0,158.0
20.9028,-77.0,158.0
20.9075,49.0,156.0
20.9138,27.0,154.0
20.9175,-125.0,156.0
20.9224,-49.0,156.0
20.9276,144.0,158.0
20.9324,61.0,158.0
20.9376,-87.0,158.0
20.9426,17.0,156.0
20.9476,43.0,156.0
20.9527,-133.0,154.0
20.9576,-66.0,154.0
20.9625,165.0,154.0
20.9676,108.0,156.0
20.9726,-88.0,156.0
20.9775,-122.0,158.0
20.9824,-25.0,156.0
20.9874,114.0,158.0
20.9926,100.0,158.0
20.9975,-68.0,158.0
21.0025,-104.0,160.0
21.0076,-39.0,160.0
21.0125,48.0,158.0
21.0175,159.0,160.0
21.0227,15.0,158.0
21.0277,-208.0,160.0
21.0326,-36.0,160.0
21.0375,170.0,162.0
21.0424,15.0,160.0
21.0474,-85.0,162.0
21.0525,16.0,162.0
21.0574,1.0,160.0
21.0625,-45.0,160.0
21.0676,46.0,160.0
21.0735,71.0,158.0
21.0775,-45.0,158.0
21.0827,-81.0,156.0
21.0874,8.0,154.0
21.0942,63.0,154.0
21.0975,29.0,152.0
21.1028,-16.0,152.0
21.1075,-47.0,152.0
21.1124,-49.0,152.0
21.1184,33.0,152.0
21.1226,120.0,154.0
21.1275,22.0,154.0
21.1326,-158.0,156.0
21.1376,-80.0,156.0
21.1439,126.0,156.0
21.1474,75.0,156.0
21.1525,-59.0,156.0
21.1577,-1.0,152.0
21.1624,25.0,150.0
21.1675,-78.0,150.0
21.1725,-44.0,148.0
21.1776,107.0,150.0
21.1826,68.0,148.0
21.1876,-85.0,150.0
21.193,-45.0,150.0
21.1976,58.0,150.0
21.2025,-21.0,150.0
21.2076,-77.0,152.0
21.2127,71.0,152.0
21.2184,132.0,152.0
21.2226,-49.0,152.0
21.2275,-163.0,154.0
21.2326,-25.0,154.0
21.2375,135.0,154.0
21.2425,61.0,154.0
21.2474,-79.0,154.0
21.2524,-15.0,154.0
21.2576,48.0,154.0
21.2626,-50.0,154.0
21.2674,-51.0,154.0
21.2725,70.0,154.0
21.2783,54.0,154.0
21.2827,-55.0,152.0
21.2875,-40.0,152.0
21.2925,63.0,150.0
21.2979,33.0,148.0
21.3031,-98.0,148.0
21.3084,-49.0,144.0
21.3125,108.0,146.0
21.3176,59.0,142.0
21.3237,-73.0,142.0
21.3276,-33.0,138.0
21.3334,25.0,136.0
21.3374,-2.0,136.0
21.3425,24.0,134.0
21.3474,8.0,134.0
21.3534,-80.0,136.0
21.3574,18.0,134.0
21.3634,116.0,136.0
21.3675,-52.0,136.0
21.3724,-97.0,136.0
21.3775,80.0,136.0
21.3824,43.0,136.0
21.3881,-97.0,134.0
21.3925,-10.0,134.0
21.3975,87.0,134.0
21.4024,24.0,134.0
21.4075,-41.0,132.0
21.4124,-44.0,132.0
21.418,-15.0,132.0
21.4226,22.0,132.0
21.4276,34.0,132.0
21.4325,54.0,132.0
21.4384,5.0,132.0
21.4425,-164.0,132.0
21.4475,-98.0,132.0
21.4525,257.0,136.0
21.4574,225.0,138.0
21.4624,-254.0,142.0
21.4674,-320.0,146.0
21.4724,129.0,148.0
21.4775,291.0,152.0
21.4836,16.0,150.0
21.4877,-135.0,152.0
21.4925,-47.0,152.0
21.498,-19.0,150.0
21.5024,-34.0,150.0
21.5078,39.0,148.0
21.5126,93.0,148.0
21.5175,54.0,148.0
21.5225,-53.0,146.0
21.5276,-120.0,146.0
21.5337,-24.0,144.0
21.5375,74.0,146.0
21.5425,46.0,146.0
21.5474,45.0,146.0
21.5524,7.0,144.0
21.5578,-140.0,146.0
21.563,-78.0,146.0
21.5676,144.0,146.0
21.5724,86.0,146.0
21.5775,-78.0,146.0
21.5832,1.0,146.0
21.588,26.0,146.0
21.5926,-125.0,146.0
21.5979,-36.0,144.0
21.6024,190.0,144.0
21.6074,85.0,144.0
21.6124,-150.0,146.0
21.6174,-123.0,146.0
21.6225,36.0,146.0
21.6274,131.0,146.0
21.6325,83.0,146.0
21.6375,-106.0,146.0
21.6424,-152.0,148.0
21.6474,48.0,148.0
21.653,134.0,148.0
21.6574,7.0,146.0
21.6625,-35.0,146.0
21.6674,0.0,144.0
21.6724,-88.0,144.0
21.6774,-90.0,142.0
21.6826,153.0,146.0
21.6874,216.0,148.0
21.6927,-92.0,148.0
21.6974,-285.0,152.0
21.7024,-72.0,154.0
21.7081,222.0,156.0
21.7125,215.0,158.0
21.7174,-54.0,158.0
21.7225,-210.0,160.0
21.7274,-90.0,162.0
21.7324,85.0,162.0
21.7375,105.0,164.0
21.7424,0.0,162.0
21.7474,-25.0,162.0
21.7524,65.0,162.0
21.7577,-10.0,162.0
21.7625,-199.0,164.0
21.7677,-81.0,164.0
21.7725,229.0,166.0
21.7776,219.0,168.0
21.7824,-97.0,168.0
21.7874,-255.0,170.0
21.7924,-71.0,170.0
21.7978,164.0,172.0
21.8024,134.0,174.0
21.8075,-50.0,174.0
21.8124,-72.0,174.0
21.8177,13.0,174.0
21.8225,-38.0,172.0
21.8275,-63.0,172.0
21.8325,113.0,174.0
21.8374,146.0,174.0
21.8434,-126.0,176.0
21.8475,-207.0,178.0
21.8525,96.0,178.0
21.8577,208.0,180.0
21.8625,-56.0,180.0
21.8682,-133.0,180.0
21.8724,59.0,180.0
21.8775,39.0,178.0
21.8829,-130.0,180.0
21.8875,-25.0,178.0
21.8926,203.0,182.0
21.8977,113.0,182.0
21.9024,-176.0,184.0
21.9078,-205.0,188.0
21.9124,44.0,186.0
21.9175,188.0,188.0
21.9224,84.0,190.0
21.9274,-70.0,190.0
21.9325,-109.0,190.0
21.9377,-28.0,190.0
21.9426,49.0,190.0
21.9476,14.0,190.0
21.9525,-1.0,188.0
21.9575,73.0,188.0
21.9626,28.0,188.0
21.9682,-122.0,188.0
21.9726,-103.0,190.0
21.9774,70.0,190.0
21.9825,136.0,192.0
21.9882,23.0,192.0
21.9928,-70.0,192.0
21.9985,-55.0,194.0
22.0024,-36.0,192.0
22.008,5.0,192.0
22.0126,77.0,190.0
22.0174,37.0,190.0
22.0227,-18.0,190.0
22.0282,4.0,188.0
22.0333,-66.0,190.0
22.0378,-94.0,190.0
22.0424,89.0,190.0
22.0486,129.0,192.0
22.0535,-36.0,192.0
22.0576,-50.0,192.0
22.0624,-36.0,192.0
22.0674,-102.0,194.0
22.0725,69.0,194.0
22.0784,231.0,198.0
22.0827,-44.0,196.0
22.0876,-268.0,198.0
22.0926,-12.0,194.0
22.0975,201.0,194.0
22.1024,48.0,190.0
22.1076,-73.0,186.0
22.1125,-35.0,186.0
22.1175,-40.0,182.0
22.1224,1.0,182.0
22.1274,65.0,180.0
22.1323,-1.0,180.0
22.138,-8.0,180.0
22.1424,65.0,180.0
22.1474,-48.0,180.0
22.1527,-148.0,180.0
22.1574,43.0,180.0
22.1628,167.0,182.0
22.1681,-6.0,180.0
22.1724,-87.0,182.0
22.178,12.0,180.0
22.1828,-19.0,180.0
22.1877,-73.0,180.0
22.1924,57.0,182.0
22.1977,136.0,182.0
22.2026,0.0,180.0
22.208,-146.0,180.0
22.2126,-97.0,180.0
22.2176,91.0,180.0
22.2227,153.0,182.0
22.2282,-13.0,182.0
22.2331,-126.0,182.0
22.2376,-1.0,182.0
22.2424,65.0,180.0
22.2477,-85.0,180.0
22.2527,-69.0,178.0
22.2574,189.0,180.0
22.2624,154.0,182.0
22.268,-195.0,182.0
22.2727,-210.0,184.0
22.2777,108.0,184.0
22.2827,140.0,184.0
22.288,-46.0,184.0
22.2929,9.0,182.0
22.2976,82.0,184.0
22.3025,-103.0,184.0
22.3084,-146.0,186.0
22.3132,78.0,186.0
22.3174,123.0,188.0
22.3224,-21.0,186.0
22.3277,-15.0,182.0
22.3328,54.0,182.0
22.3379,-56.0,178.0
22.3427,-154.0,180.0
22.3486,20.0,176.0
22.3531,195.0,176.0
22.3575,44.0,176.0
22.3624,-135.0,174.0
22.3685,-21.0,174.0
22.3724,56.0,172.0
22.3774,-87.0,172.0
22.3826,-38.0,174.0
22.3876,175.0,176.0
22.3928,79.0,176.0
22.3982,-167.0,178.0
22.4025,-134.0,178.0
22.4083,69.0,178.0
22.4126,158.0,176.0
22.4177,55.0,174.0
22.4228,-113.0,174.0
22.429,-133.0,172.0
22.4324,3.0,170.0
22.4377,114.0,170.0
22.4428,116.0,170.0
22.4477,-9.0,168.0
22.4529,-172.0,170.0
22.4583,-109.0,172.0
22.463,130.0,174.0
22.4674,174.0,176.0
22.4735,-20.0,174.0
22.4774,-162.0,174.0
22.4831,-87.0,174.0
22.4876,96.0,172.0
22.4927,143.0,172.0
22.4979,-18.0,170.0
22.5032,-144.0,170.0
22.5078,-43.0,170.0
22.513,113.0,170.0
22.5174,92.0,172.0
22.5225,-67.0,170.0
22.5275,-128.0,172.0
22.5332,18.0,168.0
22.5376,135.0,170.0
22.5433,9.0,166.0
22.548,-98.0,164.0
22.5531,5.0,164.0
22.5576,40.0,162.0
22.5627,-45.0,162.0
22.5675,6.0,160.0
22.5725,66.0,160.0
22.5781,-36.0,160.0
22.5835,-61.0,160.0
22.5874,54.0,160.0
22.5924,60.0,162.0
22.5976,-43.0,160.0
22.6026,-68.0,162.0
22.6074,11.0,160.0
22.6124,69.0,160.0
22.6174,4.0,158.0
22.6226,-62.0,158.0
22.6274,4.0,156.0
22.6324,52.0,156.0
22.6376,-8.0,156.0
22.6424,-23.0,156.0
22.6474,-9.0,156.0
22.6526,-31.0,154.0
22.6576,37.0,154.0
22.6625,74.0,156.0
22.6674,-63.0,156.0
22.6725,-79.0,156.0
22.6776,78.0,156.0
22.6827,65.0,156.0
22.6875,-56.0,156.0
22.6924,-42.0,156.0
22.6974,-16.0,154.0
22.7024,0.0,154.0
22.7076,108.0,154.0
22.713,55.0,154.0
22.7175,-150.0,152.0
22.7224,-79.0,154.0
22.728,112.0,150.0
22.7324,48.0,152.0
22.7377,-36.0,148.0
22.7424,15.0,148.0
22.7474,-21.0,148.0
22.7524,-80.0,148.0
22.7573,44.0,148.0
22.7624,120.0,150.0
22.7677,-40.0,150.0
22.7725,-116.0,152.0
22.7775,44.0,152.0
22.7825,81.0,152.0
22.7875,-91.0,154.0
22.7936,-75.0,152.0
22.7977,157.0,154.0
22.8024,128.0,154.0
22.8075,-179.0,156.0
22.8124,-179.0,158.0
22.8176,139.0,160.0
22.8227,162.0,162.0
22.8276,-77.0,162.0
22.8324,-80.0,162.0
22.8373,37.0,160.0
22.8424,-14.0,160.0
22.8474,-32.0,158.0
22.8524,70.0,158.0
22.8575,55.0,158.0
22.8624,-67.0,156.0
22.8675,-85.0,158.0
22.8723,51.0,156.0
22.8776,97.0,158.0
22.8829,-82.0,158.0
22.8875,-101.0,158.0
22.8924,144.0,160.0
22.8974,122.0,158.0
22.9025,-164.0,158.0
22.9076,-154.0,158.0
22.9129,129.0,156.0
22.9175,157.0,158.0
22.9224,-97.0,156.0
22.9274,-118.0,158.0
22.9324,121.0,160.0
22.9376,73.0,160.0
22.9433,-185.0,160.0
22.9474,-53.0,160.0
22.9525,236.0,162.0
22.9576,57.0,160.0
22.9628,-228.0,164.0
22.9675,-62.0,164.0
22.9725,170.0,166.0
22.9774,45.0,166.0
22.9824,-109.0,166.0
22.9874,8.0,166.0
22.9925,94.0,164.0
22.9984,-84.0,164.0
23.0026,-146.0,164.0
23.0076,111.0,166.0
23.0124,210.0,168.0
23.0176,-25.0,168.0
23.0225,-188.0,170.0
23.0277,-112.0,170.0
23.0326,75.0,170.0
23.0374,157.0,168.0
23.0424,1.0,166.0
23.0474,-76.0,166.0
23.0526,53.0,166.0
23.0576,-14.0,164.0
23.0625,-170.0,166.0
23.0674,10.0,164.0
23.0727,211.0,166.0
23.0775,58.0,166.0
23.0828,-127.0,166.0
23.0876,-93.0,168.0
23.0924,4.0,164.0
23.0983,57.0,164.0
23.1026,53.0,162.0
23.1075,0.0,160.0
23.1125,-33.0,160.0
23.1175,-34.0,158.0
23.1228,0.0,156.0
23.1275,67.0,156.0
23.1326,0.0,154.0
23.1375,-119.0,156.0
23.1424,25.0,154.0
23.1473,152.0,156.0
23.1524,-40.0,154.0
23.1574,-126.0,156.0
23.1624,28.0,154.0
23.1673,44.0,154.0
23.1723,-9.0,152.0
23.1773,64.0,152.0
23.1823,34.0,152.0
23.1875,-148.0,154.0
23.1925,-127.0,154.0
23.1975,150.0,156.0
23.2024,204.0,160.0
23.2073,-78.0,160.0
23.2124,-151.0,162.0
23.2173,21.0,162.0
23.2224,-16.0,160.0
23.2274,-51.0,160.0
23.2324,144.0,162.0
23.2374,133.0,164.0
23.2423,-103.0,164.0
23.2474,-160.0,166.0
23.2523,-64.0,166.0
23.2573,74.0,168.0
23.2624,176.0,170.0
23.2673,47.0,170.0
23.2724,-118.0,170.0
23.2789,-69.0,172.0
23.2825,-14.0,172.0
23.2873,-28.0,172.0
23.2923,55.0,172.0
23.2974,122.0,174.0
23.3026,26.0,172.0
23.3074,-111.0,174.0
23.3123,-137.0,174.0
23.3187,25.0,174.0
23.3224,191.0,176.0
23.3274,50.0,176.0
23.3324,-171.0,178.0
23.3391,-65.0,178.0
23.3436,116.0,180.0
23.3477,36.0,178.0
23.3535,-59.0,180.0
23.3574,-7.0,176.0
23.363,-6.0,176.0
23.3724,-12.0,174.0
23.3727,86.0,174.0
23.3775,37.0,174.0
23.3829,-153.0,176.0
23.3881,-73.0,178.0
23.3926,176.0,180.0
23.3977,115.0,180.0
23.4025,-152.0,180.0
23.4075,-145.0,182.0
23.4125,89.0,182.0
23.4183,145.0,184.0
23.4224,13.0,182.0
23.4288,-103.0,182.0
23.4324,-138.0,184.0
23.4374,-3.0,182.0
23.4426,211.0,182.0
23.4475,147.0,182.0
23.4529,-172.0,182.0
23.4585,-221.0,184.0
23.4624,73.0,182.0
23.4675,171.0,184.0
23.4724,-21.0,182.0
23.4774,-82.0,184.0
23.4825,46.0,184.0
23.4876,57.0,184.0
23.4924,-76.0,184.0
23.4977,-101.0,184.0
23.5025,42.0,184.0
23.5078,138.0,186.0
23.5125,41.0,186.0
23.5175,-112.0,186.0
23.5225,-100.0,186.0
23.5275,53.0,184.0
23.5324,85.0,184.0
23.5374,-33.0,182.0
23.5424,-15.0,180.0
23.5474,63.0,178.0
23.5524,-76.0,178.0
23.5574,-114.0,178.0
23.5626,150.0,178.0
23.5675,180.0,180.0
23.5725,-157.0,180.0
23.5774,-239.0,182.0
23.5824,73.0,180.0
23.5883,222.0,184.0
23.5924,62.0,180.0
23.5975,-102.0,182.0
23.6024,-161.0,180.0
23.6074,-45.0,180.0
23.6129,177.0,180.0
23.6176,119.0,182.0
23.6226,-144.0,182.0
23.6276,-85.0,182.0
23.6334,103.0,182.0
23.6374,-13.0,182.0
23.6424,-60.0,180.0
23.6475,102.0,180.0
23.6524,9.0,178.0
23.6575,-135.0,178.0
23.6624,54.0,176.0
23.6674,125.0,178.0
23.6724,-127.0,178.0
23.6774,-123.0,178.0
23.6833,180.0,180.0
23.6874,146.0,182.0
23.6924,-181.0,184.0
23.6974,-156.0,186.0
23.7024,120.0,184.0
23.7075,104.0,186.0
23.7129,-20.0,184.0
23.7173,18.0,182.0
23.7224,-59.0,182.0
23.7275,-159.0,182.0
23.7324,71.0,184.0
23.7375,230.0,186.0
23.7424,-29.0,186.0
23.7474,-178.0,188.0
23.7523,2.0,188.0
23.7584,51.0,188.0
23.7624,-45.0,190.0
23.7674,26.0,188.0
23.7724,113.0,190.0
23.7788,0.0,188.0
23.7824,-86.0,190.0
23.7874,-37.0,188.0
23.7924,-44.0,188.0
23.7974,-3.0,186.0
23.8024,151.0,188.0
23.8074,79.0,188.0
23.8134,-153.0,190.0
23.8174,-88.0,190.0
23.8234,116.0,192.0
23.8274,27.0,190.0
23.8324,-100.0,190.0
23.8381,29.0,188.0
23.8423,57.0,186.0
23.8475,-71.0,186.0
23.8524,33.0,184.0
23.8573,139.0,186.0
23.8624,-85.0,186.0
23.8682,-205.0,188.0
23.8723,37.0,188.0
23.8776,198.0,188.0
23.8825,48.0,188.0
23.8875,-118.0,186.0
23.8925,-67.0,186.0
23.8975,43.0,186.0
23.9025,-14.0,184.0
23.9076,-49.0,184.0
23.9127,113.0,184.0
23.9175,131.0,184.0
23.9224,-105.0,186.0
23.9274,-188.0,188.0
23.9325,-21.0,188.0
23.9379,128.0,188.0
23.9426,139.0,190.0
23.9476,10.0,188.0
23.9525,-120.0,188.0
23.9574,-88.0,190.0
23.9624,-14.0,186.0
23.9676,29.0,186.0
23.9725,115.0,186.0
23.9777,90.0,186.0
23.9828,-91.0,186.0
23.9875,-140.0,186.0
23.9924,20.0,186.0
23.9974,103.0,188.0
24.0024,-14.0,188.0
24.0075,-90.0,188.0
24.0124,42.0,188.0
24.0174,143.0,190.0
24.0224,0.0,188.0
24.0275,-141.0,188.0
24.0328,-91.0,188.0
24.0374,12.0,186.0
24.0423,91.0,184.0
24.0474,117.0,184.0
24.0523,34.0,184.0
24.0574,-100.0,182.0
24.0624,-153.0,184.0
24.0674,-1.0,184.0
24.0731,161.0,184.0
24.0774,6.0,184.0
24.0826,-110.0,182.0
24.0874,120.0,182.0
24.0924,93.0,180.0
24.0976,-227.0,180.0
24.1024,-102.0,182.0
24.1074,177.0,182.0
24.1126,47.0,182.0
24.1176,-15.0,180.0
24.1224,95.0,182.0
24.1278,-92.0,182.0
24.1325,-214.0,184.0
24.1376,83.0,184.0
24.1425,204.0,186.0
24.1475,-57.0,184.0
24.1524,-116.0,186.0
24.1574,95.0,186.0
24.1624,75.0,186.0
24.1684,-143.0,186.0
24.1725,-125.0,188.0
24.1781,115.0,188.0
24.1824,184.0,192.0
24.1874,-19.0,190.0
24.1924,-161.0,192.0
24.1985,-43.0,190.0
24.2025,73.0,190.0
24.2075,9.0,188.0
24.2124,-10.0,184.0
24.2177,73.0,182.0
24.2225,18.0,182.0
24.2276,-117.0,180.0
24.2325,-67.0,180.0
24.2374,78.0,180.0
24.2424,118.0,178.0
24.2474,35.0,178.0
24.2525,-139.0,178.0
24.2577,-179.0,178.0
24.2624,93.0,178.0
24.2674,267.0,180.0
24.2724,24.0,180.0
24.2774,-219.0,182.0
24.2825,-140.0,184.0
24.2874,71.0,184.0
24.2924,155.0,186.0
24.2974,19.0,184.0
24.3027,-71.0,184.0
24.3073,33.0,184.0
24.3124,-7.0,182.0
24.3176,-145.0,182.0
24.3224,12.0,178.0
24.3275,180.0,180.0
24.3324,15.0,176.0
24.3377,-119.0,176.0
24.343,1.0,174.0
24.3474,51.0,174.0
24.3527,-66.0,174.0
24.3579,-29.0,174.0
24.3629,106.0,176.0
24.3678,7.0,172.0
24.3725,-100.0,174.0
24.3777,62.0,170.0
24.3824,112.0,172.0
24.3874,-119.0,170.0
24.3924,-158.0,174.0
24.398,86.0,174.0
24.4034,163.0,176.0
24.4076,-8.0,176.0
24.4124,-86.0,176.0
24.4174,-6.0,176.0
24.4228,0.0,174.0
24.428,-56.0,174.0
24.4329,27.0,174.0
24.4376,125.0,176.0
24.4425,-10.0,174.0
24.4475,-162.0,174.0
24.4531,-14.0,172.0
24.4577,176.0,174.0
24.4624,45.0,172.0
24.4676,-162.0,176.0
24.4734,-73.0,174.0
24.4782,111.0,176.0
24.4838,71.0,176.0
24.4876,-52.0,176.0
24.494,-41.0,176.0
24.4975,38.0,174.0
24.5027,16.0,174.0
24.5083,-74.0,172.0
24.5131,-31.0,172.0
24.5177,91.0,170.0
24.5224,80.0,170.0
24.5279,-41.0,168.0
24.5329,-117.0,170.0
24.538,-50.0,170.0
24.5429,110.0,172.0
24.5474,121.0,172.0
24.5533,-76.0,172.0
24.5574,-139.0,172.0
24.5627,46.0,170.0
24.5683,118.0,170.0
24.5727,-31.0,170.0
24.578,-70.0,170.0
24.585,27.0,168.0
24.5875,-7.0,168.0
24.5929,-36.0,166.0
24.5979,81.0,166.0
24.6029,51.0,166.0
24.608,-103.0,168.0
24.6131,-47.0,166.0
24.6184,80.0,166.0
24.6223,22.0,166.0
24.6284,-52.0,164.0
24.6337,-3.0,164.0
24.6373,40.0,162.0
24.6441,-2.0,162.0
24.6476,-45.0,162.0
24.6526,-2.0,162.0
24.6575,51.0,160.0
24.6629,29.0,160.0
24.668,-15.0,158.0
24.6726,-51.0,158.0
24.6776,-79.0,158.0
24.6831,19.0,158.0
24.6879,171.0,158.0
24.6929,60.0,158.0
24.6987,-178.0,160.0
24.7025,-111.0,160.0
24.708,114.0,162.0
24.713,84.0,160.0
24.7173,-62.0,160.0
24.7223,-27.0,160.0
24.7276,64.0,158.0
24.7326,16.0,158.0
24.7377,-73.0,156.0
24.7429,-60.0,154.0
24.7481,35.0,152.0
24.7534,90.0,152.0
24.7573,24.0,152.0
24.7626,-54.0,152.0
24.7678,-26.0,152.0
24.7727,-14.0,148.0
24.7788,-34.0,148.0
24.7825,61.0,146.0
24.7877,68.0,146.0
24.7928,-92.0,144.0
24.7981,-25.0,144.0
24.8028,134.0,144.0
24.8079,-44.0,144.0
24.8139,-170.0,144.0
24.8176,73.0,144.0
24.8224,162.0,142.0
24.828,-52.0,144.0
24.833,-105.0,142.0
24.8385,15.0,142.0
24.843,27.0,142.0
24.8476,2.0,142.0
24.8527,35.0,142.0
24.8576,8.0,140.0
24.8624,-58.0,142.0
24.8674,-27.0,140.0
24.8724,27.0,140.0
24.8776,17.0,138.0
24.8834,34.0,138.0
24.888,25.0,136.0
24.8929,-77.0,136.0
24.8978,-65.0,134.0
24.9029,78.0,134.0
24.9079,72.0,130.0
24.913,-47.0,132.0
24.9189,-50.0,128.0
24.9224,1.0,126.0
24.9274,2.0,126.0
24.933,43.0,124.0
24.9377,63.0,124.0
24.9437,-54.0,124.0
24.9476,-110.0,126.0
24.9534,25.0,126.0
24.9576,110.0,124.0
24.9625,4.0,124.0
24.9681,-82.0,124.0
24.9725,-17.0,124.0
24.9774,39.0,122.0
24.9824,52.0,122.0
24.9873,37.0,122.0
24.9923,-133.0,124.0
24.9976,-155.0,126.0
25.0024,209.0,128.0
25.0074,261.0,132.0
25.0124,-203.0,132.0
25.0175,-258.0,136.0
25.0224,123.0,136.0
25.0274,115.0,136.0
25.0326,-53.0,134.0
25.0374,69.0,134.0
25.0423,50.0,132.0
25.0474,-150.0,134.0
25.0524,-87.0,134.0
25.0575,73.0,136.0
25.0624,80.0,136.0
25.0674,76.0,138.0
25.0724,18.0,138.0
25.0774,-154.0,138.0
25.0829,-146.0,140.0
25.0874,99.0,138.0
25.0924,181.0,142.0
25.0973,2.0,138.0
25.1028,-95.0,140.0
25.1079,-20.0,138.0
25.1124,-13.0,136.0
25.1174,-59.0,136.0
25.1224,52.0,136.0
25.1274,120.0,136.0
25.1324,-43.0,136.0
25.138,-77.0,136.0
25.1424,55.0,138.0
25.1474,-17.0,136.0
25.1525,-84.0,138.0
25.1573,67.0,136.0
25.1624,65.0,136.0
25.1675,-52.0,136.0
25.1724,20.0,136.0
25.1774,22.0,134.0
25.1824,-115.0,134.0
25.1874,-12.0,134.0
25.1925,145.0,134.0
25.1975,2.0,132.0
25.2024,-108.0,134.0
25.2074,25.0,132.0
25.2124,47.0,132.0
25.2176,-38.0,132.0
25.2224,21.0,132.0
25.2275,24.0,132.0
25.2325,-103.0,132.0
25.2374,-24.0,132.0
25.2425,152.0,134.0
25.2473,53.0,132.0
25.2524,-98.0,134.0
25.2574,-41.0,132.0
25.2624,-33.0,132.0
25.2675,-63.0,134.0
25.2725,114.0,134.0
25.2774,188.0,138.0
25.2825,-78.0,138.0
25.2876,-191.0,140.0
25.2924,20.0,140.0
25.2974,44.0,140.0
25.3023,-48.0,142.0
25.3085,107.0,142.0
25.3135,130.0,144.0
25.3174,-136.0,144.0
25.3224,-148.0,146.0
25.3274,78.0,146.0
25.3327,59.0,146.0
25.3374,-46.0,144.0
25.3424,56.0,142.0
25.3475,74.0,142.0
25.353,-104.0,142.0
25.3576,-106.0,142.0
25.3623,67.0,144.0
25.3686,96.0,144.0
25.3724,0.0,144.0
25.3774,-61.0,144.0
25.3828,-50.0,144.0
25.3883,36.0,144.0
25.3924,58.0,142.0
25.3974,-27.0,142.0
25.4025,-8.0,142.0
25.4075,25.0,142.0
25.4124,-77.0,142.0
25.4174,-45.0,144.0
25.4224,138.0,144.0
25.4287,100.0,144.0
25.4326,-127.0,146.0
25.4374,-156.0,148.0
25.4424,70.0,146.0
25.4476,168.0,148.0
25.4537,-29.0,146.0
25.4574,-146.0,148.0
25.4634,4.0,144.0
25.4675,112.0,146.0
25.4731,49.0,144.0
25.4782,-47.0,146.0
25.4828,-130.0,148.0
25.4875,-69.0,148.0
25.4925,161.0,150.0
25.4975,187.0,152.0
25.5024,-84.0,154.0
25.5074,-214.0,156.0
25.5125,-57.0,156.0
25.5175,105.0,158.0
25.5224,150.0,160.0
25.5274,68.0,160.0
25.5324,-130.0,162.0
25.5376,-183.0,164.0
25.5424,39.0,162.0
25.5475,175.0,164.0
25.5524,33.0,164.0
25.5576,-84.0,164.0
25.5624,-38.0,166.0
25.5675,-2.0,166.0
25.5725,0.0,164.0
25.5776,37.0,164.0
25.5824,32.0,164.0
25.5874,-28.0,162.0
25.5926,-43.0,162.0
25.5985,0.0,160.0
25.6025,32.0,162.0
25.6074,21.0,160.0
25.6124,0.0,160.0
25.6174,-19.0,160.0
25.6226,-28.0,160.0
25.6276,9.0,160.0
25.6326,24.0,158.0
25.6374,-35.0,156.0
25.6424,-8.0,152.0
25.6474,87.0,150.0
25.6525,16.0,146.0
25.6576,-98.0,144.0
25.6626,-21.0,142.0
25.6675,38.0,142.0
25.6727,-23.0,140.0
25.6776,29.0,140.0
25.6834,105.0,142.0
25.6875,-23.0,140.0
25.6925,-146.0,140.0
25.6974,-54.0,140.0
25.7025,91.0,140.0
25.7074,119.0,140.0
25.7127,25.0,140.0
25.7176,-109.0,140.0
25.7224,-124.0,140.0
25.7281,37.0,138.0
25.7324,153.0,138.0
25.7374,32.0,138.0
25.7427,-112.0,140.0
25.7475,-54.0,140.0
25.753,51.0,140.0
25.7574,34.0,140.0
25.7647,-15.0,140.0
25.7676,-6.0,138.0
25.7724,0.0,136.0
25.7774,-16.0,136.0
25.7824,24.0,136.0
25.7874,37.0,136.0
25.7924,-57.0,136.0
25.7979,-54.0,134.0
25.8025,66.0,134.0
25.8075,57.0,136.0
25.8123,-54.0,136.0
25.8175,-34.0,136.0
25.8225,70.0,136.0
25.8275,11.0,136.0
25.8326,-127.0,134.0
25.8374,-25.0,136.0
25.8424,153.0,136.0
25.8474,51.0,136.0
25.8524,-95.0,136.0
25.8574,-28.0,136.0
25.8625,4.0,136.0
25.8674,-35.0,136.0
25.8726,55.0,136.0
25.8774,75.0,136.0
25.8826,-96.0,136.0
25.8874,-72.0,136.0
25.8925,130.0,136.0
25.8981,52.0,136.0
25.9025,-108.0,138.0
25.9074,-20.0,138.0
25.9126,-11.0,136.0
25.9175,-47.0,134.0
25.9225,168.0,134.0
25.9274,151.0,134.0
25.9325,-243.0,138.0
25.9376,-235.0,140.0
25.9428,191.0,144.0
25.9476,232.0,146.0
25.9528,-86.0,144.0
25.9576,-157.0,144.0
25.9624,29.0,142.0
25.9683,107.0,144.0
25.9725,-34.0,142.0
25.9776,-139.0,144.0
25.9823,40.0,144.0
25.9878,189.0,146.0
25.9924,-10.0,144.0
25.9981,-176.0,146.0
26.0032,-15.0,144.0
26.0075,121.0,146.0
26.0126,-2.0,146.0
26.0176,-87.0,146.0
26.0224,33.0,146.0
26.0276,71.0,146.0
26.0325,-35.0,146.0
26.0374,-38.0,146.0
26.0423,29.0,146.0
26.0477,9.0,146.0
26.0524,-40.0,146.0
26.0575,-27.0,144.0
26.0625,46.0,144.0
26.0674,55.0,142.0
26.0725,-43.0,142.0
26.0781,-34.0,140.0
26.0825,59.0,140.0
26.0875,-5.0,136.0
26.0932,-90.0,138.0
26.0976,0.0,136.0
26.1028,108.0,138.0
26.1076,47.0,136.0
26.1124,-105.0,136.0
26.1175,-86.0,138.0
26.1224,88.0,136.0
26.1275,87.0,138.0
26.1324,-69.0,136.0
26.1374,-57.0,134.0
26.1424,63.0,134.0
26.1474,22.0,130.0
26.1526,-82.0,130.0
26.1575,-32.0,130.0
26.1624,107.0,128.0
26.1674,108.0,130.0
26.1728,-99.0,130.0
26.1774,-200.0,130.0
26.1824,56.0,130.0
26.1874,230.0,130.0
26.1931,-31.0,130.0
26.1976,-188.0,132.0
26.2024,68.0,132.0
26.2074,136.0,134.0
26.2124,-142.0,136.0
26.2174,-119.0,138.0
26.2225,181.0,140.0
26.2274,117.0,142.0
26.2325,-138.0,144.0
26.2375,-77.0,144.0
26.2424,50.0,144.0
26.2474,-16.0,144.0
26.2524,-19.0,144.0
26.2575,103.0,146.0
26.2626,85.0,148.0
26.2674,-98.0,148.0
26.2727,-182.0,152.0
26.2774,4.0,150.0
26.2825,210.0,154.0
26.2883,76.0,154.0
26.2925,-152.0,156.0
26.2974,-64.0,156.0
26.3025,78.0,156.0
26.3074,2.0,156.0
26.3127,-44.0,156.0
26.3174,0.0,156.0
26.3224,13.0,154.0
26.3275,65.0,154.0
26.3331,55.0,154.0
26.3376,-104.0,154.0
26.3436,-114.0,154.0
26.3475,84.0,154.0
26.3524,86.0,154.0
26.3574,-68.0,154.0
26.3623,27.0,152.0
26.3682,112.0,154.0
26.3724,-142.0,154.0
26.3776,-188.0,156.0
26.3823,161.0,156.0
26.3874,215.0,160.0
26.3926,-73.0,160.0
26.3983,-119.0,160.0
26.4024,-37.0,162.0
26.4074,-70.0,162.0
26.4124,79.0,164.0
26.4174,228.0,166.0
26.4227,-57.0,168.0
26.4275,-267.0,170.0
26.4324,49.0,170.0
26.4373,228.0,174.0
26.4424,-87.0,174.0
26.4474,-196.0,176.0
26.4525,115.0,176.0
26.4576,192.0,180.0
26.4624,-79.0,180.0
26.4674,-188.0,182.0
26.4725,1.0,180.0
26.4774,163.0,182.0
26.4829,51.0,180.0
26.4874,-124.0,182.0
26.4924,-33.0,182.0
26.4974,96.0,182.0
26.5024,-33.0,182.0
26.5077,-107.0,184.0
26.5125,91.0,184.0
26.5175,151.0,186.0
26.5224,-97.0,186.0
26.5283,-193.0,188.0
26.5324,46.0,186.0
26.5379,179.0,188.0
26.5424,17.0,186.0
26.5474,-104.0,188.0
26.5531,-26.0,188.0
26.5576,36.0,188.0
26.5625,-28.0,186.0
26.5674,-45.0,184.0
26.5727,75.0,182.0
26.5783,119.0,180.0
26.5857,-52.0,178.0
26.5874,-187.0,176.0
26.5924,-28.0,176.0
26.5977,175.0,176.0
26.6024,103.0,178.0
26.6076,-70.0,176.0
26.6124,-111.0,178.0
26.6175,-55.0,176.0
26.6236,51.0,176.0
26.6275,123.0,176.0
26.6325,0.0,176.0
26.6374,-140.0,176.0
26.6424,9.0,176.0
26.6475,153.0,176.0
26.6524,-46.0,176.0
26.6576,-159.0,178.0
26.6624,51.0,178.0
26.6674,129.0,178.0
26.6724,-15.0,178.0
26.6775,-69.0,178.0
26.6828,-42.0,178.0
26.6874,11.0,178.0
26.6924,106.0,180.0
26.6974,33.0,180.0
26.7024,-156.0,182.0
26.7074,-71.0,182.0
26.7126,161.0,184.0
26.7177,89.0,184.0
26.7224,-106.0,186.0
26.7273,-66.0,186.0
26.7323,17.0,186.0
26.7375,17.0,186.0
26.7425,66.0,184.0
26.7476,13.0,184.0
26.7525,-134.0,184.0
26.7574,-23.0,184.0
26.7624,184.0,186.0
26.7674,43.0,184.0
26.7724,-199.0,186.0
26.7774,-82.0,188.0
26.7823,163.0,188.0
26.7873,101.0,190.0
26.7923,-95.0,190.0
26.7975,-72.0,190.0
26.8024,32.0,190.0
26.8073,24.0,188.0
26.8125,11.0,186.0
26.8175,-9.0,184.0
26.8224,-54.0,184.0
26.8283,26.0,180.0
26.8325,88.0,182.0
26.8374,-39.0,180.0
26.8423,-82.0,180.0
26.8474,43.0,178.0
26.8523,32.0,176.0
26.8576,-67.0,176.0
26.8624,15.0,172.0
26.8674,112.0,172.0
26.8723,-31.0,172.0
26.8774,-134.0,172.0
26.8828,31.0,172.0
26.8875,96.0,172.0
26.8924,-48.0,174.0
26.8974,-13.0,172.0
26.9024,84.0,172.0
26.9075,-54.0,172.0
26.9125,-96.0,170.0
26.9174,59.0,170.0
26.9224,51.0,168.0
26.9273,-6.0,168.0
26.9324,20.0,166.0
26.9374,-83.0,166.0
26.9424,-56.0,166.0
26.9474,187.0,168.0
26.9523,45.0,168.0
26.9574,-262.0,172.0
26.9625,-26.0,172.0
26.9674,250.0,176.0
26.9725,13.0,174.0
26.9775,-148.0,176.0
26.9823,17.0,174.0
26.9873,28.0,172.0
26.9923,-71.0,172.0
26.9975,37.0,172.0
27.0024,115.0,174.0
27.0076,-39.0,172.0
27.0142,-118.0,172.0
27.0177,9.0,170.0
27.0224,98.0,168.0
27.0274,36.0,166.0
27.0328,-74.0,166.0
27.0374,-83.0,164.0
27.0424,45.0,164.0
27.0474,100.0,166.0
27.0523,-4.0,164.0
27.0573,-57.0,162.0
27.0624,-35.0,162.0
27.0674,-38.0,158.0
27.0725,50.0,158.0
27.0774,120.0,156.0
27.0828,-40.0,156.0
27.0876,-105.0,154.0
27.0935,56.0,152.0
27.0974,-11.0,150.0
27.1024,-134.0,150.0
27.1074,116.0,150.0
27.1124,235.0,154.0
27.1176,-117.0,152.0
27.1224,-286.0,156.0
27.1274,48.0,156.0
27.1324,267.0,158.0
27.1374,16.0,158.0
27.1425,-209.0,160.0
27.1475,-57.0,160.0
27.1524,137.0,160.0
27.1574,75.0,160.0
27.1624,-47.0,158.0
27.1674,-59.0,156.0
27.1724,-49.0,156.0
27.1775,-5.0,154.0
27.1823,95.0,154.0
27.1875,104.0,154.0
27.1924,-36.0,156.0
27.1976,-167.0,158.0
27.2024,-83.0,158.0
27.2081,121.0,160.0
27.2124,150.0,160.0
27.2173,9.0,158.0
27.2224,-101.0,160.0
27.2274,-105.0,158.0
27.2324,-12.0,158.0
27.2377,73.0,156.0
27.2425,85.0,156.0
27.2474,54.0,156.0
27.2527,-60.0,154.0
27.2589,-155.0,156.0
27.2624,-8.0,156.0
27.2673,164.0,156.0
27.2725,30.0,156.0
27.2775,-126.0,156.0
27.2826,-4.0,156.0
27.2888,97.0,156.0
27.2924,-5.0,156.0
27.2976,-75.0,154.0
27.3024,-40.0,154.0
27.3075,17.0,152.0
27.3124,122.0,154.0
27.3174,80.0,154.0
27.3224,-178.0,156.0
27.3273,-168.0,158.0
27.3334,166.0,160.0
27.3374,190.0,162.0
27.3426,-100.0,160.0
27.3475,-133.0,162.0
27.3523,37.0,160.0
27.358,45.0,160.0
27.3624,-21.0,158.0
27.3674,-5.0,156.0
27.3724,45.0,158.0
27.3775,41.0,158.0
27.3824,-65.0,158.0
27.3873,-112.0,160.0
27.3923,41.0,158.0
27.3984,151.0,160.0
27.4023,34.0,158.0
27.4075,-112.0,158.0
27.4124,-121.0,158.0
27.4175,3.0,156.0
27.4225,155.0,156.0
27.4273,97.0,156.0
27.4324,-115.0,156.0
27.4374,-113.0,156.0
27.4424,54.0,158.0
27.4474,54.0,158.0
27.4536,-40.0,158.0
27.4573,0.0,158.0
27.4624,74.0,158.0
27.4673,-1.0,158.0
27.4738,-106.0,158.0
27.4774,-22.0,158.0
27.4826,116.0,158.0
27.4875,32.0,158.0
27.4924,-138.0,160.0
27.4974,-28.0,160.0
27.5025,194.0,162.0
27.5074,46.0,160.0
27.5128,-230.0,164.0
27.5175,-87.0,164.0
27.5225,184.0,166.0
27.5275,103.0,166.0
27.5324,-82.0,166.0
27.5376,-54.0,168.0
27.5424,16.0,166.0
27.5474,-14.0,166.0
27.5524,-32.0,164.0
27.5573,8.0,164.0
27.5624,84.0,164.0
27.5674,85.0,166.0
27.5729,-99.0,166.0
27.5776,-160.0,168.0
27.5829,60.0,168.0
27.5873,121.0,166.0
27.5926,-20.0,166.0
27.5974,-7.0,162.0
27.6025,33.0,162.0
27.6075,-74.0,160.0
27.6124,-84.0,160.0
27.6174,83.0,160.0
27.6226,109.0,162.0
27.6276,-75.0,162.0
27.6326,-81.0,162.0
27.6374,99.0,164.0
27.6424,36.0,162.0
27.6474,-127.0,164.0
27.6527,-17.0,162.0
27.6575,93.0,164.0
27.6625,11.0,162.0
27.6674,-9.0,162.0
27.6725,14.0,160.0
27.6774,-37.0,160.0
27.6824,-46.0,160.0
27.6874,8.0,158.0
27.6926,45.0,158.0
27.6973,38.0,158.0
27.7025,-15.0,158.0
27.7075,-33.0,158.0
27.7125,3.0,158.0
27.7174,-20.0,156.0
27.7224,-21.0,156.0
27.7274,74.0,156.0
27.7324,33.0,154.0
27.7374,-102.0,156.0
27.7425,3.0,154.0
27.7476,122.0,154.0
27.7524,-74.0,152.0
27.7576,-146.0,152.0
27.7625,117.0,150.0
27.7674,154.0,152.0
27.7726,-102.0,148.0
27.7776,-114.0,150.0
27.7824,46.0,148.0
27.7874,28.0,148.0
27.7924,22.0,146.0
27.7974,71.0,146.0
27.8025,-75.0,146.0
27.8076,-135.0,146.0
27.8124,80.0,148.0
27.8175,125.0,150.0
27.8225,-44.0,148.0
27.8276,-66.0,148.0
27.8326,5.0,148.0
27.8373,16.0,144.0
27.8423,24.0,144.0
27.8475,0.0,142.0
27.8524,-61.0,140.0
27.8586,0.0,140.0
27.8623,95.0,140.0
27.8673,-1.0,138.0
27.8734,-91.0,140.0
27.8774,10.0,140.0
27.8825,44.0,138.0
27.8873,-12.0,138.0
27.893,2.0,136.0
27.8973,-21.0,134.0
27.9023,-27.0,136.0
27.9073,78.0,134.0
27.9132,58.0,134.0
27.9173,-96.0,134.0
27.9224,-100.0,136.0
27.9274,58.0,134.0
27.9323,108.0,136.0
27.9375,-21.0,136.0
27.9424,-57.0,136.0
27.9476,48.0,136.0
27.9524,7.0,134.0
27.9578,-119.0,134.0
27.9624,-27.0,132.0
27.9678,159.0,132.0
27.9725,97.0,132.0
27.9774,-130.0,130.0
27.9824,-132.0,130.0
27.9873,73.0,130.0
27.9924,110.0,132.0
27.9975,-35.0,132.0
28.0025,-83.0,132.0
28.0076,14.0,132.0
28.0132,94.0,132.0
28.0176,6.0,132.0
28.0224,-145.0,134.0
28.0274,-49.0,132.0
28.0325,198.0,136.0
28.0375,158.0,136.0
28.0424,-179.0,138.0
28.0473,-309.0,140.0
28.0534,43.0,140.0
28.0575,372.0,146.0
28.0624,123.0,144.0
28.0674,-274.0,148.0
28.0725,-167.0,148.0
28.0775,140.0,148.0
28.0825,61.0,148.0
28.0875,-123.0,150.0
28.0925,52.0,150.0
28.0973,194.0,152.0
28.1023,-42.0,152.0
28.1073,-214.0,156.0
28.1124,-62.0,156.0
28.1181,129.0,156.0
28.1224,164.0,158.0
28.1274,-12.0,158.0
28.1323,-225.0,158.0
28.1374,-57.0,160.0
28.1424,245.0,160.0
28.1474,58.0,160.0
28.1526,-216.0,160.0
28.1573,0.0,158.0
28.1624,155.0,158.0
28.1674,-81.0,158.0
28.1724,-101.0,158.0
28.1774,115.0,158.0
28.1824,62.0,160.0
28.1874,-70.0,160.0
28.1925,-23.0,160.0
28.1976,-12.0,160.0
28.2023,-5.0,160.0
28.2073,73.0,158.0
28.2123,20.0,158.0
28.2174,-91.0,156.0
28.2224,-58.0,156.0
28.2274,77.0,156.0
28.2323,136.0,158.0
28.2373,-47.0,158.0
28.2423,-212.0,162.0
28.2474,16.0,160.0
28.2526,230.0,162.0
28.2582,7.0,162.0
28.2624,-166.0,162.0
28.2674,-25.0,162.0
28.2724,58.0,162.0
28.2775,44.0,160.0
28.2825,45.0,160.0
28.2874,-65.0,160.0
28.2925,-140.0,162.0
28.2984,55.0,160.0
28.3023,228.0,164.0
28.3073,22.0,164.0
28.3139,-277.0,168.0
28.3174,-136.0,170.0
28.3236,255.0,174.0
28.3274,221.0,176.0
28.333,-167.0,178.0
28.3385,-244.0,182.0
28.3432,57.0,182.0
28.3474,189.0,184.0
28.3524,17.0,186.0
28.3574,-70.0,186.0
28.3628,-21.0,186.0
28.3678,-39.0,186.0
28.3723,-23.0,186.0
28.3783,67.0,184.0
28.3824,54.0,186.0
28.3874,-27.0,184.0
28.3924,-37.0,184.0
28.3975,-8.0,182.0
28.4024,6.0,180.0
28.4075,1.0,178.0
28.4123,-5.0,176.0
28.4175,22.0,174.0
28.4224,28.0,174.0
28.4289,-30.0,174.0
28.4325,-42.0,174.0
28.4375,12.0,174.0
28.4426,52.0,172.0
28.4477,28.0,172.0
28.453,-89.0,172.0
28.4581,-77.0,170.0
28.4633,145.0,172.0
28.4679,108.0,172.0
28.4729,-169.0,176.0
28.4775,-110.0,176.0
28.4831,127.0,178.0
28.4873,85.0,180.0
28.4923,-26.0,180.0
28.4973,-28.0,180.0
28.5031,-78.0,180.0
28.5078,-63.0,180.0
28.5131,108.0,180.0
28.5174,136.0,182.0
28.5224,-37.0,182.0
28.5287,-114.0,184.0
28.533,-44.0,184.0
28.5379,19.0,184.0
28.5432,32.0,184.0
28.5482,20.0,184.0
28.5524,45.0,184.0
28.5576,43.0,182.0
28.5627,-69.0,182.0
28.5673,-110.0,184.0
28.5729,21.0,182.0
28.5779,63.0,182.0
28.5867,0.0,182.0
28.5873,59.0,182.0
28.5926,66.0,182.0
28.5975,-122.0,182.0
28.603,-158.0,184.0
28.6079,84.0,184.0
28.6123,179.0,184.0
28.6177,-42.0,184.0
28.6226,-127.0,184.0
28.6279,77.0,184.0
28.6329,82.0,184.0
28.6377,-128.0,184.0
28.643,-79.0,184.0
28.6477,101.0,186.0
28.6528,92.0,186.0
28.6582,5.0,186.0
28.6632,-106.0,186.0
28.6676,-132.0,186.0
28.6725,122.0,186.0
28.6775,249.0,186.0
28.683,-120.0,186.0
28.6879,-349.0,186.0
28.6924,60.0,186.0
28.6974,390.0,186.0
28.703,46.0,186.0
28.7083,-311.0,186.0
28.7129,-112.0,186.0
28.7173,133.0,186.0
28.7236,46.0,186.0
28.7277,3.0,184.0
28.7326,107.0,184.0
28.7377,14.0,182.0
28.7424,-199.0,184.0
28.7481,-134.0,182.0
28.7533,144.0,184.0
28.7578,194.0,184.0
28.7625,-10.0,182.0
28.7684,-117.0,184.0
28.7723,-58.0,182.0
28.7778,-9.0,180.0
28.7825,14.0,178.0
28.7875,55.0,176.0
28.7943,53.0,174.0
28.7984,-4.0,174.0
28.8023,-56.0,172.0
28.8078,-51.0,172.0
28.8126,18.0,172.0
28.8178,61.0,170.0
28.8226,0.0,170.0
28.829,-58.0,170.0
28.8328,0.0,168.0
28.8375,75.0,170.0
28.8434,11.0,170.0
28.8476,-103.0,170.0
28.8527,-28.0,170.0
28.8581,124.0,172.0
28.8632,20.0,170.0
28.868,-146.0,172.0
28.8726,31.0,170.0
28.8778,192.0,172.0
28.8825,-93.0,170.0
28.888,-261.0,174.0
28.8925,98.0,172.0
28.8974,285.0,176.0
28.9031,-21.0,174.0
28.9077,-209.0,176.0
28.9129,-54.0,176.0
28.9178,68.0,178.0
28.9225,33.0,178.0
28.9276,25.0,176.0
28.9329,54.0,176.0
28.9393,-13.0,174.0
28.9423,-93.0,172.0
28.948,-43.0,172.0
28.9529,60.0,170.0
28.9575,69.0,168.0
28.9625,-39.0,164.0
28.9677,-84.0,162.0
28.9733,67.0,162.0
28.9788,116.0,160.0
28.9823,-84.0,160.0
28.9876,-118.0,158.0
28.9931,54.0,160.0
28.998,49.0,158.0
29.0023,-31.0,158.0
29.0073,37.0,158.0
29.0125,80.0,160.0
29.0174,-46.0,160.0
29.0228,-169.0,162.0
29.0281,-48.0,162.0
29.033,196.0,164.0
29.0373,150.0,166.0
29.043,-108.0,168.0
29.0477,-147.0,170.0
29.0526,-6.0,170.0
29.0579,50.0,170.0
29.0624,33.0,170.0
29.0676,14.0,170.0
29.0724,11.0,170.0
29.0783,22.0,170.0
29.0829,-24.0,170.0
29.0876,-91.0,170.0
29.0927,-17.0,170.0
29.0976,82.0,170.0
29.1024,36.0,168.0
29.1077,20.0,166.0
29.113,17.0,164.0
29.1174,-143.0,164.0
29.123,-96.0,164.0
29.1274,219.0,166.0
29.1327,122.0,168.0
29.1377,-244.0,172.0
29.1423,-76.0,172.0
29.1479,243.0,174.0
29.1527,11.0,172.0
29.1575,-217.0,174.0
29.1629,18.0,174.0
29.1677,156.0,174.0
29.1731,-9.0,174.0
29.178,-77.0,174.0
29.1833,-12.0,174.0
29.1875,11.0,174.0
29.1924,27.0,174.0
29.1974,32.0,174.0
29.2041,-15.0,172.0
29.2084,-53.0,172.0
29.2126,-57.0,172.0
29.2174,23.0,172.0
29.223,181.0,174.0
29.2281,84.0,174.0
29.2325,-260.0,178.0
29.2376,-224.0,180.0
29.2424,215.0,180.0
29.2477,316.0,184.0
29.2528,-71.0,182.0
29.2579,-322.0,186.0
29.2623,-84.0,186.0
29.2681,252.0,188.0
29.273,177.0,190.0
29.2773,-135.0,190.0
29.283,-154.0,192.0
29.2879,39.0,190.0
29.2931,21.0,190.0
29.2976,-36.0,190.0
29.3025,125.0,190.0
29.3077,112.0,190.0
29.3132,-171.0,190.0
29.3173,-156.0,190.0
29.3224,106.0,190.0
29.3273,75.0,184.0
29.3338,-31.0,184.0
29.3378,73.0,180.0
29.3423,38.0,180.0
29.3475,-137.0,176.0
29.3523,-85.0,176.0
29.3574,61.0,174.0
29.3625,70.0,176.0
29.3674,39.0,176.0
29.3723,0.0,174.0
29.3783,-46.0,174.0
29.3829,-37.0,172.0
29.3885,-2.0,170.0
29.3926,12.0,168.0
29.3977,6.0,166.0
29.4023,14.0,166.0
29.4073,40.0,164.0
29.4125,0.0,164.0
29.4174,-70.0,164.0
29.4225,-38.0,164.0
29.4274,39.0,164.0
29.4324,74.0,164.0
29.4373,45.0,166.0
29.4423,-104.0,166.0
29.4473,-160.0,168.0
29.4523,95.0,168.0
29.4577,247.0,172.0
29.4624,-7.0,172.0
29.4674,-225.0,174.0
29.4724,-89.0,176.0
29.4773,98.0,176.0
29.4825,89.0,178.0
29.4873,9.0,176.0
29.4924,-30.0,176.0
29.4973,-24.0,174.0
29.5023,50.0,174.0
29.5073,19.0,172.0
29.5123,-160.0,174.0
29.5174,-66.0,172.0
29.5225,229.0,176.0
29.5279,113.0,172.0
29.5323,-180.0,174.0
29.5374,-71.0,170.0
29.5423,83.0,172.0
29.5477,-44.0,170.0
29.5525,-25.0,168.0
29.5575,138.0,170.0
29.5624,8.0,170.0
29.5684,-145.0,172.0
29.5723,2.0,170.0
29.5776,67.0,172.0
29.5823,-25.0,170.0
29.5874,36.0,170.0
29.5927,54.0,170.0
29.5977,-79.0,170.0
29.6024,-67.0,170.0
29.6074,22.0,170.0
29.6136,46.0,170.0
29.6175,81.0,168.0
29.6224,-9.0,168.0
29.6277,-150.0,168.0
29.6324,-9.0,168.0
29.6374,153.0,168.0
29.6424,-3.0,168.0
29.6476,-102.0,170.0
29.6525,28.0,168.0
29.6575,21.0,168.0
29.6624,-47.0,166.0
29.6673,61.0,166.0
29.6726,59.0,164.0
29.6775,-117.0,164.0
29.6826,-74.0,164.0
29.6875,123.0,164.0
29.6924,99.0,164.0
29.6974,-72.0,164.0
29.7023,-107.0,166.0
29.7075,-11.0,166.0
29.7125,63.0,166.0
29.7174,64.0,168.0
29.7225,21.0,168.0
29.7276,-41.0,166.0
29.7324,-75.0,168.0
29.738,-36.0,166.0
29.7424,63.0,168.0
29.7481,114.0,168.0
29.7526,-17.0,168.0
29.7574,-154.0,168.0
29.7624,-23.0,168.0
29.7673,136.0,166.0
29.7724,50.0,166.0
29.7773,-58.0,162.0
29.7823,-49.0,162.0
29.7874,-26.0,158.0
29.7923,14.0,158.0
29.7974,40.0,156.0
29.8024,10.0,156.0
29.8075,27.0,154.0
29.8124,34.0,154.0
29.8174,-85.0,154.0
29.8224,-125.0,156.0
29.8274,40.0,156.0
29.8325,154.0,158.0
29.8374,76.0,160.0
29.8424,-60.0,160.0
29.8474,-140.0,162.0
29.8525,-83.0,162.0
29.8576,100.0,162.0
29.8624,160.0,162.0
29.868,-16.0,162.0
29.8725,-128.0,160.0
29.8774,-42.0,156.0
29.8824,39.0,154.0
29.8874,46.0,150.0
29.8924,9.0,148.0
29.8973,-17.0,144.0
29.9023,13.0,142.0
29.9074,8.0,138.0
29.9124,-36.0,136.0
29.9174,-26.0,134.0
29.9223,1.0,132.0
29.9274,21.0,132.0
29.9324,51.0,132.0
29.9374,23.0,132.0
29.9424,-72.0,132.0
29.9473,-59.0,130.0
29.9524,79.0,130.0
29.9575,36.0,128.0
29.9624,-120.0,128.0
29.9673,26.0,128.0
29.9725,179.0,130.0
29.9773,-71.0,130.0
29.9823,-183.0,132.0
29.9873,88.0,130.0
29.9927,99.0,132.0
29.9976,-99.0,132.0
30.0023,2.0,130.0
30.0074,98.0,132.0
30.0129,-41.0,132.0
30.0173,-68.0,132.0
30.0232,25.0,132.0
30.0273,12.0,132.0
30.0327,-24.0,132.0
30.0374,59.0,134.0
30.0424,88.0,134.0
30.0473,-128.0,136.0
30.0524,-202.0,140.0
30.0574,160.0,140.0
30.0624,288.0,144.0
30.0673,-144.0,146.0
30.0726,-267.0,150.0
30.0774,109.0,150.0
30.0826,140.0,150.0
30.0874,-100.0,150.0
30.0931,14.0,148.0
30.0973,149.0,146.0
30.1025,-106.0,148.0
30.1075,-233.0,148.0
30.1133,113.0,150.0
30.1173,279.0,152.0
30.1223,-94.0,152.0
30.1274,-238.0,156.0
30.1323,125.0,156.0
30.1377,144.0,158.0
30.1425,-203.0,162.0
30.1474,-84.0,162.0
30.1524,235.0,164.0
30.1573,93.0,164.0
30.1624,-149.0,162.0
30.1674,-110.0,162.0
30.1733,4.0,160.0
30.1774,62.0,160.0
30.1828,59.0,160.0
30.1873,7.0,158.0
30.1923,1.0,158.0
30.1978,4.0,156.0
30.2024,-91.0,158.0
30.2075,-95.0,156.0
30.2123,114.0,158.0
30.2173,166.0,160.0
30.2225,-87.0,162.0
30.228,-154.0,162.0
30.2323,68.0,164.0
30.2373,72.0,162.0
30.2424,-67.0,162.0
30.2474,49.0,164.0
30.2524,65.0,164.0
30.2575,-171.0,166.0
30.2624,-62.0,166.0
30.2674,233.0,168.0
30.2724,62.0,168.0
30.2774,-180.0,168.0
30.2824,-50.0,170.0
30.2873,14.0,168.0
30.2925,-2.0,168.0
30.2979,174.0,170.0
30.3023,104.0,170.0
30.3077,-266.0,174.0
30.3131,-208.0,176.0
30.3183,198.0,178.0
30.3223,226.0,180.0
30.3281,-27.0,178.0
30.3324,-121.0,178.0
30.3373,-115.0,180.0
30.3425,-39.0,178.0
30.3476,148.0,180.0
30.3524,155.0,182.0
30.3573,-98.0,182.0
30.3624,-204.0,186.0
30.3675,34.0,186.0
30.3724,239.0,188.0
30.3773,41.0,188.0
30.3823,-273.0,192.0
30.3873,-163.0,192.0
30.3923,231.0,196.0
30.3974,275.0,198.0
30.4025,-85.0,198.0
30.4074,-272.0,200.0
30.4123,-58.0,200.0
30.4174,154.0,202.0
30.4233,76.0,202.0
30.4275,-34.0,202.0
30.4324,12.0,202.0
30.4375,-9.0,202.0
30.4424,-85.0,204.0
30.4476,9.0,202.0
30.4526,80.0,204.0
30.4587,-24.0,202.0
30.4624,-37.0,202.0
30.4675,65.0,202.0
30.4725,9.0,200.0
30.4773,-131.0,200.0
30.4831,-18.0,200.0
30.4874,212.0,200.0
30.4924,59.0,200.0
30.4974,-257.0,202.0
30.5023,-88.0,202.0
30.5073,225.0,204.0
30.5123,49.0,204.0
30.5174,-152.0,206.0
30.5224,44.0,206.0
30.5274,99.0,206.0
30.5323,-110.0,208.0
30.5375,-81.0,208.0
30.5423,96.0,210.0
30.5473,73.0,212.0
30.5524,-46.0,212.0
30.5575,-59.0,212.0
30.5624,28.0,212.0
30.5674,57.0,212.0
30.5724,-54.0,212.0
30.5774,-96.0,214.0
30.5832,71.0,214.0
30.5874,144.0,216.0
30.5929,-30.0,214.0
30.5978,-120.0,216.0
30.6024,-33.0,214.0
30.6073,16.0,214.0
30.6124,39.0,212.0
30.6173,58.0,212.0
30.6225,41.0,210.0
30.6283,-7.0,208.0
30.6323,-145.0,210.0
30.6375,-120.0,210.0
30.6427,170.0,212.0
30.6473,180.0,214.0
30.6533,-114.0,214.0
30.6574,-107.0,216.0
30.6624,85.0,216.0
30.6676,-4.0,216.0
30.6725,-126.0,218.0
30.6783,30.0,218.0
30.6826,152.0,218.0
30.6875,41.0,216.0
30.6924,-93.0,216.0
30.6974,-127.0,214.0
30.7023,1.0,210.0
30.7074,151.0,210.0
30.7126,31.0,206.0
30.7181,-122.0,206.0
30.7224,-6.0,204.0
30.7274,92.0,204.0
30.7323,-4.0,204.0
30.7374,-66.0,202.0
30.7425,-24.0,202.0
30.7474,21.0,198.0
30.7524,47.0,198.0
30.7573,34.0,194.0
30.7627,-23.0,192.0
30.7688,-54.0,190.0
30.7725,-39.0,188.0
30.7774,12.0,186.0
30.7823,117.0,184.0
30.7873,49.0,184.0
30.7923,-200.0,184.0
30.7975,-80.0,184.0
30.8025,280.0,186.0
30.8074,85.0,186.0
30.8124,-313.0,190.0
30.8176,-87.0,190.0
30.8223,259.0,194.0
30.8274,68.0,194.0
30.8323,-158.0,196.0
30.8373,-13.0,198.0
30.8424,86.0,196.0
30.8473,-44.0,196.0
30.8523,-43.0,196.0
30.8575,83.0,194.0
30.8624,-15.0,192.0
30.8674,-141.0,192.0
30.8723,65.0,192.0
30.8774,221.0,194.0
30.8834,-35.0,194.0
30.8876,-235.0,198.0
30.893,-47.0,196.0
30.8973,133.0,196.0
30.9023,86.0,196.0
30.9073,5.0,194.0
30.9124,-59.0,192.0
30.9174,-70.0,192.0
30.9223,33.0,192.0
30.928,44.0,192.0
30.9323,-54.0,192.0
30.9374,17.0,190.0
30.9425,107.0,190.0
30.9475,-61.0,186.0
30.9525,-147.0,186.0
30.9575,60.0,184.0
30.9625,135.0,182.0
30.9675,-18.0,182.0
30.9725,-63.0,182.0
30.9774,-28.0,180.0
30.9824,-23.0,180.0
30.9873,49.0,178.0
30.9925,74.0,176.0
30.9974,-45.0,176.0
31.0023,-96.0,174.0
31.0075,26.0,174.0
31.0124,137.0,172.0
31.0173,8.0,172.0
31.0226,-207.0,170.0
31.0273,-54.0,170.0
31.0326,262.0,170.0
31.0375,91.0,166.0
31.0425,-251.0,170.0
31.0473,-93.0,166.0
31.0524,175.0,168.0
31.0573,51.0,166.0
31.0623,-90.0,168.0
31.0675,3.0,166.0
31.0723,42.0,168.0
31.0774,-32.0,168.0
31.0826,-35.0,166.0
31.0878,26.0,166.0
31.0924,62.0,166.0
31.0973,0.0,166.0
31.1032,-114.0,168.0
31.1074,-27.0,166.0
31.1124,151.0,170.0
31.1174,44.0,168.0
31.1224,-123.0,170.0
31.1274,-29.0,166.0
31.1323,35.0,166.0
31.1374,-21.0,162.0
31.1425,62.0,162.0
31.1475,88.0,160.0
31.1524,-109.0,160.0
31.1576,-132.0,160.0
31.1623,82.0,162.0
31.1675,128.0,162.0
31.1725,-22.0,160.0
31.1784,-87.0,160.0
31.1824,-17.0,160.0
31.1875,52.0,158.0
31.1924,36.0,158.0
31.1977,-42.0,158.0
31.2023,-71.0,158.0
31.2082,29.0,158.0
31.2126,107.0,160.0
31.2173,10.0,158.0
31.2226,-78.0,158.0
31.2274,-32.0,156.0
31.2325,-18.0,156.0
31.2375,-12.0,154.0
31.2424,97.0,156.0
31.2473,82.0,156.0
31.2523,-97.0,158.0
31.2573,-95.0,158.0
31.2625,54.0,158.0
31.2675,38.0,158.0
31.2723,-45.0,158.0
31.2773,32.0,156.0
31.2824,83.0,154.0
31.2877,-71.0,152.0
31.2923,-89.0,152.0
31.2973,86.0,152.0
31.3024,5.0,150.0
31.3073,-108.0,152.0
31.3136,103.0,152.0
31.3173,140.0,154.0
31.3224,-130.0,154.0
31.3274,-142.0,154.0
31.3331,64.0,154.0
31.3374,101.0,154.0
31.3425,8.0,154.0
31.3477,-77.0,154.0
31.3523,-42.0,154.0
31.3574,99.0,152.0
31.3623,60.0,154.0
31.3673,-98.0,154.0
31.3725,-62.0,154.0
31.3776,12.0,154.0
31.3823,2.0,154.0
31.3874,95.0,154.0
31.3924,105.0,156.0
31.3984,-125.0,156.0
31.4024,-169.0,160.0
31.4075,71.0,160.0
31.4123,123.0,160.0
31.4174,-9.0,160.0
31.4229,-4.0,160.0
31.4273,2.0,158.0
31.4326,-96.0,156.0
31.4384,-46.0,156.0
31.4435,114.0,154.0
31.4473,89.0,154.0
31.4523,-41.0,150.0
31.4575,-73.0,150.0
31.4624,-72.0,146.0
31.4675,-14.0,146.0
31.4727,143.0,146.0
31.4784,114.0,146.0
31.4823,-139.0,148.0
31.4875,-150.0,150.0
31.4924,114.0,150.0
31.4974,134.0,152.0
31.5023,-109.0,152.0
31.5073,-147.0,152.0
31.5126,89.0,154.0
31.5185,211.0,152.0
31.5224,-31.0,152.0
31.5274,-256.0,154.0
31.5323,-12.0,152.0
31.5373,215.0,154.0
31.5424,-25.0,152.0
31.5474,-108.0,154.0
31.5524,139.0,156.0
31.5573,12.0,154.0
31.5624,-237.0,158.0
31.5674,17.0,158.0
31.5723,219.0,160.0
31.5773,0.0,160.0
31.5823,-59.0,160.0
31.5874,5.0,158.0
31.5927,-151.0,158.0
31.5976,-65.0,158.0
31.6023,273.0,160.0
31.6075,119.0,162.0
31.6123,-241.0,164.0
31.6173,-86.0,166.0
31.6224,127.0,168.0
31.6275,-22.0,168.0
31.6324,-45.0,166.0
31.6373,101.0,168.0
31.6423,45.0,166.0
31.6473,-69.0,168.0
31.6523,-93.0,166.0
31.6574,-48.0,168.0
31.6624,117.0,166.0
31.6674,157.0,168.0
31.6724,-84.0,164.0
31.6774,-172.0,166.0
31.6823,37.0,162.0
31.6874,90.0,162.0
31.6925,-28.0,160.0
31.6973,1.0,160.0
31.7024,31.0,158.0
31.7088,-45.0,160.0
31.7123,2.0,158.0
31.7174,58.0,160.0
31.7224,-49.0,160.0
31.7274,-52.0,160.0
31.7323,61.0,160.0
31.7374,15.0,160.0
31.7424,-49.0,158.0
31.7475,28.0,158.0
31.7526,42.0,158.0
31.7573,-32.0,158.0
31.7623,-14.0,156.0
31.7674,10.0,156.0
31.7724,-63.0,156.0
31.7775,-15.0,156.0
31.7823,140.0,156.0
31.7874,56.0,156.0
31.7923,-127.0,156.0
31.7976,-75.0,156.0
31.8024,18.0,154.0
31.8073,15.0,152.0
31.8125,88.0,154.0
31.8174,100.0,154.0
31.8224,-107.0,156.0
31.8298,-170.0,158.0
31.8324,68.0,158.0
31.8374,126.0,158.0
31.8424,-50.0,158.0
31.8473,-27.0,158.0
31.8523,65.0,158.0
31.8574,-18.0,158.0
31.8629,-61.0,158.0
31.8678,-10.0,158.0
31.8723,4.0,158.0
31.8773,32.0,158.0
31.8825,75.0,158.0
31.8875,12.0,156.0
31.8924,-104.0,156.0
31.8975,-80.0,156.0
31.9025,44.0,156.0
31.9075,77.0,156.0
31.9124,36.0,156.0
31.9174,20.0,156.0
31.9225,-19.0,156.0
31.9277,-118.0,156.0
31.933,-106.0,156.0
31.9375,106.0,156.0
31.9424,211.0,160.0
31.9474,-5.0,158.0
31.9526,-197.0,160.0
31.9575,-59.0,158.0
31.9624,107.0,158.0
31.9674,33.0,156.0
31.9725,-30.0,156.0
31.9775,24.0,154.0
31.9823,-7.0,154.0
31.9873,-52.0,154.0
31.9924,52.0,154.0
31.9975,64.0,154.0
32.0024,-115.0,154.0
32.0074,-101.0,154.0
32.0123,132.0,156.0
32.0175,134.0,158.0
32.0227,-77.0,158.0
32.0276,-99.0,158.0
32.0325,22.0,158.0
32.0375,15.0,156.0
32.0431,-25.0,154.0
32.0474,34.0,152.0
32.0528,49.0,152.0
32.0574,-12.0,152.0
32.0623,-40.0,152.0
32.0675,-36.0,152.0
32.0723,25.0,152.0
32.0773,64.0,152.0
32.0824,-51.0,152.0
32.0874,-71.0,150.0
32.0924,84.0,152.0
32.0974,64.0,152.0
32.1027,-74.0,152.0
32.1075,-10.0,152.0
32.1125,52.0,150.0
32.1176,-80.0,150.0
32.1224,-67.0,148.0
32.1284,117.0,148.0
32.1323,80.0,148.0
32.138,-52.0,146.0
32.1426,-22.0,144.0
32.1476,-32.0,142.0
32.1525,-79.0,142.0
32.1575,21.0,140.0
32.1624,114.0,140.0
32.1683,75.0,138.0
32.1733,-25.0,138.0
32.1775,-134.0,138.0
32.1824,-95.0,138.0
32.1883,97.0,138.0
32.1924,126.0,138.0
32.1981,-41.0,138.0
32.2023,-69.0,136.0
32.2078,42.0,136.0
32.2125,6.0,132.0
32.2173,-86.0,134.0
32.2236,27.0,134.0
32.2276,113.0,136.0
32.2325,-59.0,134.0
32.2373,-108.0,134.0
32.2423,95.0,132.0
32.2473,102.0,132.0
32.2525,-97.0,130.0
32.2576,-106.0,130.0
32.2623,38.0,128.0
32.2674,92.0,130.0
32.2724,54.0,130.0
32.2773,-53.0,128.0
32.2824,-131.0,130.0
32.2873,17.0,130.0
32.2926,173.0,130.0
32.2973,-2.0,130.0
32.3023,-192.0,130.0
32.3073,-22.0,128.0
32.3123,184.0,130.0
32.3177,76.0,128.0
32.3224,-128.0,130.0
32.3274,-112.0,130.0
32.3323,57.0,130.0
32.3382,79.0,132.0
32.3423,-49.0,132.0
32.3474,-24.0,132.0
32.3524,112.0,134.0
32.3574,32.0,134.0
32.3623,-160.0,136.0
32.3681,-94.0,136.0
32.3723,142.0,138.0
32.3788,125.0,138.0
32.3823,-106.0,140.0
32.3873,-91.0,140.0
32.3926,112.0,142.0
32.3984,42.0,142.0
32.4023,-153.0,144.0
32.4073,-22.0,144.0
32.4123,173.0,146.0
32.4173,24.0,146.0
32.4225,-131.0,146.0
32.4274,-15.0,146.0
32.4324,52.0,144.0
32.4374,-16.0,144.0
32.4423,1.0,144.0
32.4473,46.0,144.0
32.4527,-6.0,142.0
32.4574,-45.0,142.0
32.4623,-1.0,140.0
32.4675,21.0,138.0
32.4723,-12.0,136.0
32.4773,7.0,134.0
32.4824,44.0,134.0
32.4873,-37.0,134.0
32.4923,-77.0,134.0
32.4973,63.0,136.0
32.5023,114.0,136.0
32.5073,-59.0,138.0
32.5128,-162.0,140.0
32.5174,3.0,140.0
32.5224,187.0,140.0
32.5274,81.0,142.0
32.5323,-151.0,142.0
32.5385,-143.0,144.0
32.5423,65.0,144.0
32.5474,141.0,146.0
32.5523,16.0,144.0
32.5574,-71.0,146.0
32.5623,-54.0,146.0
32.5674,-17.0,144.0
32.5734,42.0,144.0
32.5773,73.0,144.0
32.5827,-14.0,140.0
32.5885,-88.0,142.0
32.5923,-3.0,138.0
32.5975,81.0,138.0
32.6024,4.0,136.0
32.6074,-56.0,138.0
32.6126,22.0,138.0
32.6175,34.0,138.0
32.6225,-86.0,138.0
32.6275,-58.0,138.0
32.6325,137.0,140.0
32.6373,110.0,140.0
32.6423,-111.0,140.0
32.6477,-97.0,140.0
32.6525,45.0,140.0
32.6573,-16.0,138.0
32.6625,-44.0,136.0
32.6674,123.0,138.0
32.6734,108.0,138.0
32.6781,-123.0,140.0
32.6824,-134.0,142.0
32.6874,41.0,142.0
32.6925,66.0,142.0
32.6973,31.0,142.0
32.7023,31.0,142.0
32.7074,-62.0,142.0
32.7125,-67.0,144.0
32.7173,68.0,144.0
32.7223,26.0,144.0
32.7273,-56.0,144.0
32.7324,27.0,142.0
32.7373,6.0,142.0
32.7424,-52.0,140.0
32.7475,63.0,142.0
32.7523,68.0,142.0
32.7573,-87.0,142.0
32.7623,-93.0,142.0
32.7674,32.0,142.0
32.7726,104.0,142.0
32.7774,49.0,142.0
32.7823,-95.0,142.0
32.7873,-85.0,144.0
32.7923,94.0,144.0
32.7976,80.0,144.0
32.8024,-102.0,144.0
32.8075,-88.0,144.0
32.8123,60.0,146.0
32.8173,106.0,144.0
32.8223,46.0,144.0
32.8273,-67.0,144.0
32.8324,-127.0,144.0
32.8374,-30.0,144.0
32.8427,108.0,144.0
32.8473,105.0,144.0
32.8524,-35.0,146.0
32.8573,-103.0,146.0
32.8624,8.0,146.0
32.8673,59.0,144.0
32.8723,-53.0,144.0
32.8782,-53.0,144.0
32.8823,95.0,144.0
32.8873,105.0,144.0
32.8924,-56.0,142.0
32.8973,-135.0,144.0
32.9024,-33.0,144.0
32.9072,73.0,144.0
32.9123,74.0,144.0
32.9174,31.0,144.0
32.9224,-31.0,142.0
32.9273,-75.0,142.0
32.9323,-27.0,140.0
32.9373,29.0,140.0
32.9424,36.0,138.0
32.9473,46.0,138.0
32.9525,14.0,136.0
32.9573,-89.0,136.0
32.9628,-89.0,136.0
32.9674,90.0,136.0
32.9724,150.0,136.0
32.9775,-67.0,136.0
32.9823,-176.0,138.0
32.9873,46.0,138.0
32.9928,167.0,140.0
32.9977,-45.0,140.0
33.0024,-140.0,140.0
33.0074,61.0,138.0
33.0132,117.0,138.0
33.0174,-64.0,138.0
33.0223,-88.0,138.0
33.0274,37.0,136.0
33.0339,13.0,134.0
33.0374,-9.0,134.0
33.0423,96.0,134.0
33.0473,13.0,134.0
33.0538,-161.0,134.0
33.0575,-19.0,134.0
33.0624,146.0,134.0
33.0675,-21.0,134.0
33.0723,-97.0,134.0
33.0773,91.0,136.0
33.0823,64.0,136.0
33.0875,-135.0,138.0
33.0925,-47.0,138.0
33.0975,138.0,140.0
33.1023,27.0,140.0
33.1073,-138.0,142.0
33.1128,-14.0,142.0
33.1175,161.0,144.0
33.1234,34.0,144.0
33.1273,-195.0,146.0
33.1323,-68.0,146.0
33.1373,222.0,150.0
33.1424,78.0,148.0
33.1473,-239.0,152.0
33.1523,-74.0,150.0
33.1574,239.0,154.0
33.1625,83.0,152.0
33.1675,-200.0,154.0
33.1726,-84.0,152.0
33.1774,131.0,152.0
33.1823,44.0,152.0
33.1873,-82.0,152.0
33.1923,16.0,152.0
33.1975,76.0,152.0
33.2025,-45.0,152.0
33.2075,-81.0,152.0
33.2123,34.0,152.0
33.2175,70.0,152.0
33.2234,-22.0,152.0
33.2275,-52.0,152.0
33.2324,21.0,152.0
33.2383,55.0,152.0
33.2423,10.0,152.0
33.2474,-86.0,152.0
33.2524,-108.0,154.0
33.2575,100.0,154.0
33.2623,218.0,156.0
33.2683,-62.0,156.0
33.2724,-238.0,158.0
33.2775,16.0,156.0
33.2823,147.0,158.0
33.2873,-36.0,156.0
33.2923,-41.0,156.0
33.2973,104.0,158.0
33.3023,16.0,158.0
33.3073,-135.0,158.0
33.3125,-55.0,156.0
33.318,90.0,156.0
33.3232,67.0,154.0
33.3273,-23.0,154.0
33.3323,-24.0,154.0
33.3373,-3.0,154.0
33.3423,0.0,154.0
33.3473,-5.0,152.0
33.3524,-41.0,152.0
33.3575,0.0,150.0
33.3623,99.0,152.0
33.3675,32.0,152.0
33.3737,-89.0,152.0
33.3774,-65.0,154.0
33.3823,-7.0,152.0
33.3873,66.0,152.0
33.3923,136.0,154.0
33.3977,-23.0,152.0
33.4023,-221.0,154.0
33.4074,-39.0,154.0
33.4123,227.0,156.0
33.4173,70.0,158.0
33.4224,-185.0,158.0
33.4275,-53.0,158.0
33.4324,144.0,158.0
33.4374,21.0,158.0
33.4423,-115.0,158.0
33.4473,-1.0,156.0
33.4523,79.0,158.0
33.4574,5.0,156.0
33.4624,-32.0,156.0
33.4673,-35.0,154.0
33.4725,3.0,152.0
33.4773,90.0,154.0
33.4841,-33.0,152.0
33.4877,-162.0,154.0
33.4925,103.0,154.0
33.4973,211.0,156.0
33.5023,-137.0,158.0
33.5074,-183.0,160.0
33.5136,118.0,162.0
33.5173,84.0,162.0
33.5223,-94.0,162.0
33.5272,0.0,160.0
33.5323,82.0,160.0
33.5375,-2.0,158.0
33.5423,-31.0,158.0
33.5475,-29.0,158.0
33.5524,-65.0,158.0
33.5574,-15.0,158.0
33.5628,112.0,158.0
33.5679,128.0,160.0
33.573,-22.0,160.0
33.5773,-167.0,162.0
33.5823,-146.0,164.0
33.5872,56.0,164.0
33.5923,240.0,166.0
33.5975,117.0,168.0
33.6023,-181.0,168.0
33.6074,-204.0,170.0
33.6123,39.0,168.0
33.6178,136.0,170.0
33.6224,64.0,168.0
33.6273,19.0,168.0
33.6331,-76.0,166.0
33.6374,-147.0,168.0
33.6423,32.0,166.0
33.6473,183.0,168.0
33.6523,11.0,166.0
33.6573,-122.0,168.0
33.6624,-22.0,166.0
33.6684,6.0,166.0
33.6723,2.0,166.0
33.6777,114.0,168.0
33.6827,27.0,166.0
33.6873,-213.0,170.0
33.6923,-69.0,168.0
33.6973,266.0,172.0
33.7023,123.0,172.0
33.7074,-247.0,174.0
33.7123,-159.0,176.0
33.7173,169.0,178.0
33.7223,147.0,178.0
33.7273,-90.0,178.0
33.7324,-102.0,178.0
33.7373,59.0,178.0
33.7424,66.0,178.0
33.7473,-63.0,176.0
33.7527,-61.0,178.0
33.7576,52.0,176.0
33.7628,67.0,176.0
33.7679,-14.0,174.0
33.7724,-50.0,174.0
33.7774,-8.0,170.0
33.7823,13.0,168.0
33.7873,0.0,166.0
33.7923,17.0,164.0
33.7975,10.0,160.0
33.8024,-26.0,160.0
33.8074,1.0,156.0
33.8124,1.0,156.0
33.8174,-60.0,154.0
33.8223,64.0,154.0
33.8275,157.0,156.0
33.8325,-146.0,158.0
33.8373,-229.0,160.0
33.8423,200.0,162.0
33.8473,218.0,164.0
33.8525,-206.0,168.0
33.8573,-139.0,168.0
33.8624,180.0,170.0
33.8674,45.0,170.0
33.874,-133.0,172.0
33.8773,33.0,172.0
33.8823,87.0,174.0
33.8873,-84.0,174.0
33.894,-83.0,174.0
33.8974,75.0,172.0
33.9025,103.0,170.0
33.9075,18.0,170.0
33.9132,-73.0,168.0
33.9177,-138.0,170.0
33.9223,-35.0,168.0
33.9277,169.0,170.0
33.9327,146.0,172.0
33.939,-75.0,170.0
33.9423,-168.0,174.0
33.9478,-46.0,172.0
33.953,95.0,172.0
33.9574,84.0,172.0
33.9626,-4.0,172.0
33.9678,-33.0,172.0
33.9741,-42.0,172.0
33.9782,-12.0,172.0
33.9823,51.0,172.0
33.9875,-31.0,174.0
33.9927,-63.0,174.0
33.9979,129.0,176.0
34.0045,91.0,176.0
34.0078,-154.0,178.0
34.0125,-97.0,178.0
34.0173,74.0,178.0
34.0225,40.0,178.0
34.0281,16.0,178.0
34.0336,41.0,176.0
34.0373,-43.0,176.0
34.0433,-38.0,174.0
34.0476,48.0,174.0
34.0527,-101.0,172.0
34.0582,-117.0,172.0
34.0629,272.0,174.0
34.0678,240.0,176.0
34.0725,-319.0,180.0
34.0786,-292.0,184.0
34.0823,228.0,186.0
34.0873,185.0,188.0
34.0932,-130.0,190.0
34.0983,10.0,190.0
34.1023,141.0,190.0
34.1077,-150.0,192.0
34.1133,-261.0,196.0
34.1183,124.0,198.0
34.1223,394.0,202.0
34.1287,57.0,202.0
34.1329,-437.0,206.0
34.1379,-273.0,208.0
34.1423,351.0,210.0
34.1479,379.0,214.0
34.1529,-174.0,214.0
34.1582,-315.0,218.0
34.1624,-6.0,216.0
34.1687,126.0,218.0
34.1723,92.0,218.0
34.1777,72.0,220.0
34.1825,-46.0,220.0
34.1873,-162.0,222.0
34.1924,-69.0,222.0
34.1976,106.0,224.0
34.2023,156.0,224.0
34.2079,17.0,222.0
34.2125,-162.0,226.0
34.2176,-111.0,224.0
34.2227,87.0,224.0
34.228,127.0,224.0
34.2328,30.0,222.0
34.2375,-63.0,220.0
34.2428,-120.0,220.0
34.2483,-48.0,216.0
34.2526,120.0,218.0
34.2575,135.0,218.0
34.2623,-43.0,218.0
34.2679,-137.0,220.0
34.2725,-29.0,218.0
34.2775,51.0,218.0
34.2835,40.0,218.0
34.2875,62.0,216.0
34.2923,-7.0,216.0
34.2975,-128.0,216.0
34.303,-14.0,216.0
34.3072,118.0,218.0
34.3134,4.0,218.0
34.3173,-65.0,216.0
34.3223,7.0,216.0
34.3293,5.0,212.0
34.3341,-3.0,212.0
34.3386,46.0,208.0
34.3422,8.0,206.0
34.3478,-75.0,204.0
34.3538,-38.0,202.0
34.3584,64.0,200.0
34.3629,57.0,200.0
34.3673,-19.0,198.0
34.3725,-22.0,196.0
34.3774,-20.0,196.0
34.3823,-64.0,196.0
34.388,18.0,196.0
34.3923,147.0,196.0
34.3988,24.0,196.0
34.4023,-165.0,198.0
34.4079,-63.0,198.0
34.4123,120.0,200.0
34.4175,55.0,200.0
34.4228,-59.0,202.0
34.4279,9.0,202.0
34.433,29.0,202.0
34.4372,-98.0,202.0
34.4425,-27.0,202.0
34.4478,147.0,206.0
34.4527,-2.0,206.0
34.4578,-143.0,206.0
34.4623,87.0,206.0
34.4674,141.0,206.0
34.4725,-172.0,206.0
34.4778,-159.0,206.0
34.4828,192.0,206.0
34.4883,148.0,204.0
34.4923,-144.0,204.0
34.4973,-77.0,202.0
34.5025,82.0,202.0
34.5086,-15.0,200.0
34.5129,-63.0,200.0
34.5173,50.0,200.0
34.5223,73.0,200.0
34.5281,4.0,198.0
34.5328,-31.0,198.0
34.5383,-72.0,198.0
34.5423,-88.0,198.0
34.5478,70.0,198.0
34.5526,191.0,200.0
34.5576,-27.0,198.0
34.5627,-193.0,200.0
34.5676,34.0,198.0
34.5724,133.0,198.0
34.578,-103.0,198.0
34.5825,-93.0,198.0
34.5902,150.0,200.0
34.5931,72.0,198.0
34.5974,-114.0,200.0
34.6022,-11.0,200.0
34.6078,44.0,200.0
34.6125,-85.0,200.0
34.6175,-27.0,200.0
34.6226,122.0,202.0
34.6279,61.0,202.0
34.6326,-44.0,202.0
34.6373,-63.0,200.0
34.6423,-72.0,200.0
34.6476,7.0,198.0
34.6527,117.0,198.0
34.6578,47.0,198.0
34.6622,-69.0,198.0
34.6673,-44.0,198.0
34.6725,-22.0,198.0
34.6776,-21.0,198.0
34.6828,95.0,200.0
34.6878,135.0,200.0
34.6938,-77.0,200.0
34.6973,-250.0,202.0
34.7024,-59.0,198.0
34.7076,273.0,200.0
34.7127,216.0,198.0
34.7187,-154.0,196.0
34.7223,-245.0,196.0
34.7278,-16.0,194.0
34.7335,115.0,194.0
34.7376,84.0,194.0
34.7423,49.0,192.0
34.7478,0.0,190.0
34.754,-116.0,188.0
34.7575,-121.0,188.0
34.7625,91.0,184.0
34.7676,137.0,184.0
34.773,-83.0,180.0
34.7784,-42.0,176.0
34.7823,170.0,172.0
34.7873,-52.0,168.0
34.7925,-319.0,170.0
34.7979,55.0,166.0
34.8023,409.0,172.0
34.8073,19.0,170.0
34.8123,-360.0,174.0
34.8176,-96.0,174.0
34.8224,217.0,178.0
34.8279,129.0,178.0
34.8328,-86.0,178.0
34.8374,-134.0,178.0
34.8437,12.0,176.0
34.8477,111.0,178.0
34.8525,22.0,174.0
34.8578,-23.0,174.0
34.863,-17.0,172.0
34.868,-114.0,172.0
34.8725,-52.0,172.0
34.8776,205.0,174.0
34.883,150.0,176.0
34.888,-182.0,178.0
34.8931,-180.0,178.0
34.8977,103.0,178.0
34.9031,106.0,178.0
34.9074,-53.0,178.0
34.9131,3.0,178.0
34.9177,20.0,176.0
34.9223,-85.0,178.0
34.9273,35.0,176.0
34.9323,128.0,178.0
34.9376,-84.0,178.0
34.9427,-130.0,180.0
34.9473,85.0,180.0
34.9522,87.0,180.0
34.9576,-66.0,180.0
34.9623,-33.0,182.0
34.9674,63.0,182.0
34.9724,15.0,182.0
34.9773,-70.0,182.0
34.9823,-22.0,182.0
34.9873,94.0,184.0
34.9923,8.0,182.0
34.9974,-164.0,184.0
35.0024,16.0,184.0
35.0074,243.0,186.0
35.0123,-4.0,186.0
35.0175,-245.0,190.0
35.0224,-33.0,190.0
35.0277,146.0,192.0
35.0326,35.0,190.0
35.0375,-13.0,190.0
35.0423,36.0,188.0
35.0473,-68.0,188.0
35.0523,-149.0,188.0
35.0572,58.0,188.0
35.0624,228.0,192.0
35.0673,16.0,192.0
35.0723,-224.0,194.0
35.0773,-94.0,194.0
35.0824,157.0,196.0
35.0873,119.0,196.0
35.0923,-91.0,198.0
35.0973,-79.0,196.0
35.1023,84.0,196.0
35.1074,9.0,194.0
35.1126,-139.0,194.0
35.1174,35.0,192.0
35.1223,199.0,192.0
35.1273,-37.0,190.0
35.1323,-206.0,190.0
35.1373,30.0,190.0
35.1435,176.0,192.0
35.1474,-45.0,192.0
35.1525,-150.0,194.0
35.1573,72.0,194.0
35.1623,134.0,194.0
35.1675,-84.0,196.0
35.1725,-113.0,198.0
35.1774,60.0,198.0
35.1823,78.0,196.0
35.1873,2.0,196.0
35.1937,-15.0,194.0
35.1976,-87.0,194.0
35.2023,-70.0,192.0
35.2078,157.0,194.0
35.2123,134.0,194.0
35.2173,-196.0,196.0
35.2224,-145.0,196.0
35.2273,199.0,198.0
35.2325,112.0,198.0
35.2373,-148.0,198.0
35.2423,-55.0,198.0
35.2473,51.0,200.0
35.2525,-9.0,198.0
35.2587,43.0,198.0
35.2622,52.0,198.0
35.2674,-85.0,198.0
35.2723,-40.0,198.0
35.2773,76.0,198.0
35.2823,-13.0,196.0
35.2873,-49.0,198.0
35.2925,44.0,196.0
35.2983,18.0,196.0
35.3023,-25.0,194.0
35.3079,40.0,194.0
35.3123,18.0,194.0
35.3173,-117.0,196.0
35.3224,-95.0,196.0
35.3273,149.0,196.0
35.3323,222.0,198.0
35.3373,-106.0,196.0
35.3424,-291.0,200.0
35.3476,47.0,196.0
35.3529,246.0,198.0
35.3572,-47.0,196.0
35.3623,-138.0,194.0
35.3685,85.0,194.0
35.3724,32.0,194.0
35.3776,-91.0,194.0
35.3826,58.0,194.0
35.3872,54.0,194.0
35.3923,-128.0,194.0
35.3976,-23.0,194.0
35.4025,149.0,194.0
35.4073,32.0,192.0
35.4123,-109.0,194.0
35.4173,-57.0,194.0
35.4224,46.0,192.0
35.4273,58.0,192.0
35.4324,-8.0,186.0
35.4374,-32.0,186.0
35.4423,14.0,180.0
35.4473,9.0,180.0
35.4523,-38.0,174.0
35.4573,-6.0,174.0
35.4624,44.0,170.0
35.4674,14.0,168.0
35.4734,-29.0,168.0
35.4774,-21.0,166.0
35.4824,27.0,166.0
35.4873,23.0,166.0
35.4923,-66.0,166.0
35.4973,-36.0,166.0
35.5023,111.0,168.0
35.5073,71.0,166.0
35.5125,-110.0,168.0
35.5174,-111.0,166.0
35.5223,52.0,164.0
35.5274,124.0,164.0
35.5323,31.0,162.0
35.5375,-103.0,162.0
35.5425,-104.0,162.0
35.5478,59.0,162.0
35.5525,128.0,164.0
35.5574,-8.0,164.0
35.5624,-79.0,164.0
35.5674,-22.0,164.0
35.5723,-18.0,162.0
35.5775,12.0,160.0
35.5822,90.0,160.0
35.5873,9.0,158.0
35.5924,-86.0,158.0
35.5974,-1.0,158.0
35.6024,42.0,158.0
35.6075,-44.0,158.0
35.6123,-28.0,158.0
35.6173,85.0,158.0
35.6224,59.0,158.0
35.6274,-73.0,158.0
35.6325,-83.0,160.0
35.6373,13.0,156.0
35.6423,49.0,158.0
35.6474,32.0,154.0
35.6523,18.0,154.0
35.6575,-14.0,150.0
35.6623,-58.0,150.0
35.6674,-39.0,150.0
35.6723,47.0,150.0
35.6773,72.0,150.0
35.6833,-12.0,150.0
35.6874,-61.0,150.0
35.6924,-4.0,148.0
35.6975,31.0,148.0
35.7026,-4.0,144.0
35.7073,-18.0,144.0
35.7133,11.0,140.0
35.7173,27.0,140.0
35.7223,9.0,138.0
35.7273,-22.0,136.0
35.7323,-50.0,134.0
35.7373,-27.0,134.0
35.7423,74.0,134.0
35.7473,86.0,136.0
35.7533,-78.0,134.0
35.7576,-91.0,136.0
35.7626,87.0,134.0
35.7673,43.0,134.0
35.7723,-71.0,132.0
35.7772,17.0,132.0
35.7822,-31.0,128.0
35.7872,-88.0,130.0
35.7923,175.0,130.0
35.7989,166.0,132.0
35.8023,-229.0,132.0
35.8074,-192.0,134.0
35.8123,161.0,136.0
35.8177,115.0,136.0
35.8226,-54.0,136.0
35.8273,27.0,136.0
35.8324,-30.0,136.0
35.8374,-130.0,138.0
35.8424,99.0,138.0
35.8473,119.0,136.0
35.8531,-182.0,138.0
35.8574,-24.0,134.0
35.8623,269.0,136.0
35.8674,-50.0,134.0
35.8726,-293.0,138.0
35.8773,53.0,136.0
35.8823,210.0,138.0
35.8873,-44.0,138.0
35.8925,-86.0,140.0
35.8972,79.0,140.0
35.9023,40.0,140.0
35.9073,-113.0,140.0
35.9123,-100.0,142.0
35.9178,67.0,142.0
35.9223,163.0,144.0
35.9274,27.0,144.0
35.9323,-126.0,144.0
35.9373,-66.0,146.0
35.9423,27.0,146.0
35.9474,20.0,144.0
35.9523,17.0,144.0
35.9573,24.0,144.0
35.9623,12.0,142.0
35.9685,18.0,140.0
35.9724,-23.0,136.0
35.9775,-110.0,136.0
35.9823,-29.0,132.0
35.9872,151.0,134.0
35.9923,71.0,132.0
35.9975,-124.0,132.0
36.0024,-37.0,132.0
36.0074,93.0,132.0
36.0123,-33.0,132.0
36.0175,-95.0,132.0
36.0235,64.0,132.0
36.0275,107.0,132.0
36.0324,-28.0,130.0
36.0374,-84.0,132.0
36.0423,-30.0,130.0
36.0479,22.0,130.0
36.0524,38.0,128.0
36.0572,19.0,128.0
36.0623,23.0,128.0
36.0673,9.0,126.0
36.0725,-98.0,128.0
36.0776,-85.0,130.0
36.0825,124.0,130.0
36.0875,130.0,132.0
36.0923,-88.0,134.0
36.0974,-98.0,136.0
36.1022,37.0,134.0
36.1073,20.0,136.0
36.1123,-28.0,136.0
36.1173,27.0,136.0
36.1223,76.0,136.0
36.1275,-2.0,136.0
36.1323,-130.0,136.0
36.1374,-63.0,136.0
36.1424,118.0,138.0
36.1474,91.0,138.0
36.1523,-44.0,136.0
36.1573,-45.0,136.0
36.1624,-12.0,134.0
36.1675,-10.0,132.0
36.1724,10.0,132.0
36.1772,6.0,132.0
36.1822,13.0,130.0
36.1873,36.0,130.0
36.1924,-28.0,128.0
36.1973,-45.0,128.0
36.2031,49.0,128.0
36.208,-2.0,128.0
36.2133,-88.0,128.0
36.2172,84.0,130.0
36.2223,119.0,130.0
36.2286,-162.0,132.0
36.2325,-113.0,134.0
36.2373,200.0,136.0
36.2424,68.0,136.0
36.2473,-181.0,138.0
36.2525,-12.0,138.0
36.2573,124.0,140.0
36.2624,-17.0,138.0
36.2673,-57.0,138.0
36.2723,8.0,136.0
36.2772,-22.0,138.0
36.2823,0.0,136.0
36.2872,130.0,138.0
36.2923,61.0,138.0
36.2973,-236.0,142.0
36.3025,-188.0,144.0
36.3073,269.0,148.0
36.3125,276.0,152.0
36.3183,-214.0,154.0
36.3225,-246.0,158.0
36.3275,131.0,158.0
36.3323,139.0,160.0
36.3372,-79.0,162.0
36.3423,-44.0,162.0
36.3473,54.0,162.0
36.3523,-3.0,162.0
36.3575,-22.0,162.0
36.3623,36.0,162.0
36.3673,-24.0,162.0
36.3723,-85.0,164.0
36.3773,45.0,164.0
36.3831,137.0,164.0
36.3873,-2.0,162.0
36.3923,-151.0,164.0
36.3973,-83.0,164.0
36.4024,108.0,164.0
36.4074,140.0,166.0
36.4132,-36.0,166.0
36.4176,-120.0,166.0
36.4222,-1.0,166.0
36.4273,48.0,166.0
36.4329,-25.0,164.0
36.4372,20.0,162.0
36.4423,74.0,158.0
36.4472,-62.0,156.0
36.4537,-85.0,156.0
36.4574,84.0,156.0
36.4623,41.0,154.0
36.4674,-102.0,156.0
36.4725,20.0,156.0
36.4774,111.0,156.0
36.4823,-35.0,154.0
36.4872,-62.0,154.0
36.4922,1.0,150.0
36.4982,-59.0,152.0
36.503,11.0,148.0
36.5073,158.0,150.0
36.5124,34.0,146.0
36.5181,-128.0,146.0
36.5223,-73.0,144.0
36.5275,-4.0,144.0
36.5322,38.0,142.0
36.5373,114.0,144.0
36.5423,34.0,144.0
36.5479,-125.0,144.0
36.5531,-60.0,142.0
36.5573,70.0,142.0
36.5623,29.0,140.0
36.5673,-27.0,140.0
36.5723,-5.0,138.0
36.5772,43.0,138.0
36.5823,51.0,138.0
36.5906,-101.0,140.0
36.5926,-167.0,142.0
36.5974,121.0,144.0
36.6024,270.0,148.0
36.6075,-56.0,148.0
36.6124,-248.0,152.0
36.6181,-11.0,150.0
36.6225,116.0,152.0
36.6275,-9.0,150.0
36.6323,-3.0,148.0
36.638,66.0,148.0
36.6423,-33.0,148.0
36.6474,-68.0,148.0
36.6522,78.0,148.0
36.6585,42.0,148.0
36.6624,-188.0,150.0
36.6674,-68.0,148.0
36.6728,300.0,152.0
36.6773,134.0,154.0
36.6823,-322.0,158.0
36.6875,-139.0,160.0
36.6923,253.0,164.0
36.6974,38.0,164.0
36.7023,-167.0,166.0
36.7073,90.0,166.0
36.7123,104.0,168.0
36.7173,-147.0,168.0
36.7223,-34.0,166.0
36.7274,122.0,166.0
36.7323,-61.0,166.0
36.7373,-79.0,166.0
36.7423,126.0,168.0
36.7474,50.0,168.0
36.7524,-108.0,168.0
36.7575,-18.0,168.0
36.7623,35.0,168.0
36.7673,-26.0,168.0
36.7722,30.0,166.0
36.7772,58.0,166.0
36.7823,-59.0,166.0
36.7873,-43.0,166.0
36.7923,70.0,166.0
36.7979,-23.0,166.0
36.8024,-93.0,166.0
36.8074,97.0,168.0
36.8125,124.0,170.0
36.8174,-113.0,172.0
36.8223,-105.0,172.0
36.8274,77.0,174.0
36.8322,2.0,174.0
36.8373,-62.0,174.0
36.8427,113.0,174.0
36.8473,103.0,176.0
36.8524,-128.0,176.0
36.8574,-136.0,178.0
36.8624,37.0,176.0
36.8674,104.0,176.0
36.8723,53.0,174.0
36.8774,-32.0,172.0
36.8822,-73.0,172.0
36.8873,-15.0,170.0
36.8924,52.0,170.0
36.8973,21.0,168.0
36.9023,-23.0,168.0
36.9072,-13.0,168.0
36.9123,-25.0,168.0
36.918,13.0,168.0
36.9225,115.0,170.0
36.9284,-9.0,168.0
36.9324,-226.0,170.0
36.9374,-23.0,166.0
36.9424,296.0,168.0
36.9473,86.0,166.0
36.9525,-274.0,166.0
36.9575,-140.0,164.0
36.9623,176.0,164.0
36.9672,142.0,164.0
36.9723,-68.0,162.0
36.9773,-89.0,162.0
36.9826,6.0,162.0
36.9873,12.0,162.0
36.9923,-6.0,162.0
36.9976,60.0,162.0
37.0024,50.0,162.0
37.0074,-119.0,164.0
37.0124,-124.0,164.0
37.0174,144.0,166.0
37.0223,201.0,166.0
37.0273,-109.0,168.0
37.0323,-214.0,170.0
37.0373,41.0,168.0
37.0424,125.0,170.0
37.0473,-10.0,166.0
37.0523,-4.0,166.0
37.0573,42.0,166.0
37.0623,-39.0,166.0
37.0679,-78.0,166.0
37.0723,-3.0,166.0
37.0773,53.0,166.0
37.0843,34.0,166.0
37.0874,11.0,166.0
37.0923,30.0,164.0
37.0974,-29.0,164.0
37.1025,-166.0,166.0
37.1074,-34.0,164.0
37.1123,266.0,168.0
37.1175,108.0,168.0
37.1223,-252.0,172.0
37.1273,-105.0,172.0
37.1324,158.0,174.0
37.1374,27.0,174.0
37.1428,-74.0,176.0
37.1473,51.0,174.0
37.1523,45.0,174.0
37.1575,-72.0,172.0
37.1623,-55.0,172.0
37.1672,34.0,172.0
37.1723,66.0,174.0
37.1774,27.0,172.0
37.1826,-53.0,172.0
37.1873,-71.0,172.0
37.1922,18.0,170.0
37.1974,57.0,170.0
37.2023,1.0,170.0
37.2083,19.0,170.0
37.2122,33.0,170.0
37.2172,-98.0,172.0
37.2224,-105.0,172.0
37.2272,103.0,172.0
37.2322,140.0,172.0
37.2375,-29.0,170.0
37.2423,-90.0,168.0
37.2475,-56.0,168.0
37.253,-9.0,164.0
37.2573,87.0,164.0
37.2623,79.0,164.0
37.2672,-62.0,166.0
37.2727,-88.0,166.0
37.2772,27.0,166.0
37.2823,84.0,166.0
37.2873,4.0,166.0
37.2923,-99.0,166.0
37.2972,-63.0,166.0
37.3023,87.0,164.0
37.3074,120.0,166.0
37.3129,-7.0,160.0
37.3173,-90.0,160.0
37.3223,-84.0,156.0
37.3272,-17.0,154.0
37.3324,118.0,152.0
37.3381,88.0,154.0
37.3424,-117.0,152.0
37.3476,-87.0,152.0
37.354,127.0,152.0
37.3573,87.0,152.0
37.3625,-122.0,154.0
37.3688,-104.0,154.0
37.3722,77.0,154.0
37.3777,62.0,154.0
37.383,-34.0,152.0
37.3875,72.0,152.0
37.3929,32.0,150.0
37.3982,-243.0,154.0
37.4029,-50.0,154.0
37.4078,380.0,160.0
37.4125,59.0,160.0
37.4174,-443.0,166.0
37.4224,-34.0,166.0
37.4274,423.0,172.0
37.4324,-35.0,172.0
37.4374,-350.0,176.0
37.4425,104.0,176.0
37.4473,266.0,180.0
37.4529,-107.0,180.0
37.4578,-166.0,180.0
37.4633,61.0,180.0
37.468,52.0,178.0
37.4725,-38.0,180.0
37.4777,21.0,178.0
37.4827,76.0,178.0
37.4885,-20.0,176.0
37.4928,-151.0,178.0
37.4979,-24.0,176.0
37.5028,209.0,178.0
37.5075,57.0,178.0
37.5131,-205.0,180.0
37.5179,-45.0,180.0
37.5224,148.0,182.0
37.5274,-8.0,182.0
37.5325,-74.0,182.0
37.5376,78.0,182.0
37.5427,23.0,182.0
37.5479,-128.0,184.0
37.5524,4.0,184.0
37.5573,127.0,186.0
37.5623,-51.0,184.0
37.5676,-91.0,186.0
37.5727,121.0,184.0
37.5781,81.0,186.0
37.5823,-154.0,182.0
37.5878,-105.0,184.0
37.5928,114.0,180.0
37.598,104.0,180.0
37.6028,-51.0,178.0
37.6078,-21.0,176.0
37.6124,58.0,176.0
37.6175,-117.0,176.0
37.6225,-151.0,178.0
37.6279,206.0,182.0
37.6328,236.0,186.0
37.6376,-186.0,188.0
37.6428,-219.0,190.0
37.6475,116.0,190.0
37.6525,126.0,190.0
37.6574,-75.0,190.0
37.6623,-48.0,186.0
37.6678,61.0,186.0
37.6724,24.0,182.0
37.6779,-46.0,184.0
37.6824,-29.0,182.0
37.6873,27.0,182.0
37.693,32.0,182.0
37.6978,-20.0,182.0
37.703,-26.0,182.0
37.7075,33.0,180.0
37.7132,14.0,182.0
37.7172,-54.0,182.0
37.7222,10.0,180.0
37.7286,68.0,182.0
37.7325,-55.0,182.0
37.7378,-86.0,182.0
37.7431,77.0,182.0
37.7479,84.0,182.0
37.7528,-36.0,178.0
37.7575,-4.0,178.0
37.7622,0.0,174.0
37.7678,-138.0,174.0
37.7722,-60.0,172.0
37.7785,216.0,176.0
37.7823,176.0,176.0
37.7872,-156.0,178.0
37.7925,-213.0,180.0
37.798,60.0,180.0
37.8029,141.0,182.0
37.8078,-72.0,182.0
37.8125,-57.0,182.0
37.8175,182.0,186.0
37.8224,50.0,184.0
37.8279,-240.0,188.0
37.8328,-92.0,188.0
37.838,153.0,190.0
37.8424,76.0,192.0
37.8478,-5.0,192.0
37.8527,33.0,192.0
37.8578,-61.0,190.0
37.8623,-147.0,192.0
37.8678,33.0,190.0
37.8725,173.0,190.0
37.878,-14.0,190.0
37.8827,-116.0,190.0
37.8873,66.0,192.0
37.8928,53.0,192.0
37.8975,-144.0,192.0
37.9024,-35.0,192.0
37.9078,179.0,194.0
37.9123,44.0,194.0
37.9189,-156.0,196.0
37.9229,-44.0,194.0
37.9281,87.0,196.0
37.9326,20.0,194.0
37.9378,23.0,194.0
37.9428,23.0,192.0
37.9486,-142.0,194.0
37.9527,-66.0,194.0
37.9575,210.0,196.0
37.9627,75.0,196.0
37.9678,-208.0,198.0
37.9725,-28.0,198.0
37.9778,176.0,198.0
37.9825,-55.0,198.0
37.9879,-154.0,198.0
37.9928,119.0,198.0
37.9977,137.0,200.0
38.0036,-125.0,200.0
38.0079,-75.0,200.0
38.0125,102.0,200.0
38.0174,-39.0,200.0
38.0226,-101.0,200.0
38.028,137.0,202.0
38.0328,98.0,202.0
38.0372,-169.0,202.0
38.0428,-30.0,200.0
38.0476,175.0,198.0
38.0525,-98.0,198.0
38.0579,-198.0,194.0
38.0623,176.0,196.0
38.0678,217.0,194.0
38.0725,-110.0,194.0
38.0778,-181.0,192.0
38.0823,-56.0,192.0
38.0873,79.0,188.0
38.0923,190.0,190.0
38.0973,43.0,188.0
38.1023,-219.0,190.0
38.1072,-118.0,192.0
38.1123,189.0,194.0
38.1173,124.0,196.0
38.1223,-161.0,196.0
38.1273,-86.0,198.0
38.1323,132.0,198.0
38.1373,24.0,198.0
38.1424,-92.0,196.0
38.1473,44.0,196.0
38.153,60.0,192.0
38.1572,-72.0,194.0
38.1626,-35.0,192.0
38.1673,24.0,192.0
38.1724,-9.0,190.0
38.1773,72.0,190.0
38.1823,75.0,192.0
38.1874,-161.0,192.0
38.1924,-121.0,194.0
38.1975,218.0,196.0
38.2023,112.0,196.0
38.2074,-242.0,198.0
38.2124,-63.0,198.0
38.2173,226.0,200.0
38.2224,6.0,198.0
38.2274,-167.0,198.0
38.2323,36.0,198.0
38.2373,105.0,198.0
38.2423,-43.0,198.0
38.248,-79.0,198.0
38.2522,7.0,198.0
38.2574,80.0,196.0
38.2623,36.0,194.0
38.2673,-75.0,192.0
38.2722,-37.0,190.0
38.2773,76.0,188.0
38.2825,14.0,184.0
38.2873,-103.0,184.0
38.2923,-24.0,184.0
38.2973,114.0,184.0
38.3027,54.0,184.0
38.3072,-71.0,184.0
38.3124,-45.0,184.0
38.3173,7.0,184.0
38.3222,0.0,184.0
38.3273,40.0,184.0
38.3322,40.0,184.0
38.3372,-74.0,184.0
38.3424,-70.0,186.0
38.348,78.0,186.0
38.3524,101.0,188.0
38.3572,-5.0,186.0
38.3626,-100.0,188.0
38.3673,-127.0,188.0
38.3724,5.0,188.0
38.3775,203.0,190.0
38.3822,156.0,192.0
38.3873,-138.0,192.0
38.3923,-255.0,196.0
38.3977,-6.0,196.0
38.4023,208.0,198.0
38.4073,94.0,198.0
38.4122,-58.0,198.0
38.4173,-46.0,196.0
38.4224,-72.0,194.0
38.4275,-88.0,192.0
38.4325,73.0,190.0
38.4375,173.0,192.0
38.4422,39.0,190.0
38.4474,-135.0,192.0
38.4523,-126.0,192.0
38.4573,47.0,190.0
38.4623,112.0,192.0
38.4673,-17.0,188.0
38.4724,-71.0,188.0
38.4782,39.0,186.0
38.4823,82.0,186.0
38.4875,-19.0,186.0
38.4924,-89.0,186.0
38.4973,-81.0,188.0
38.5022,-6.0,186.0
38.5074,195.0,188.0
38.5123,185.0,188.0
38.5173,-230.0,192.0
38.5223,-300.0,194.0
38.5276,171.0,196.0
38.5324,257.0,198.0
38.5375,-91.0,198.0
38.5429,-117.0,200.0
38.5473,62.0,198.0
38.5523,8.0,196.0
38.5572,-86.0,196.0
38.5623,20.0,196.0
38.5674,108.0,196.0
38.5722,-4.0,196.0
38.578,-78.0,196.0
38.5823,-14.0,196.0
38.5914,-7.0,194.0
38.5922,9.0,194.0
38.5974,99.0,192.0
38.6023,52.0,192.0
38.6073,-126.0,190.0
38.6129,-153.0,192.0
38.6174,58.0,190.0
38.6222,202.0,192.0
38.6285,44.0,190.0
38.6331,-147.0,192.0
38.6374,-77.0,190.0
38.6422,55.0,190.0
38.6472,12.0,188.0
38.6523,-22.0,186.0
38.6573,67.0,188.0
38.6623,47.0,186.0
38.6673,-66.0,186.0
38.6722,-60.0,184.0
38.6773,-15.0,182.0
38.6823,16.0,182.0
38.6872,88.0,180.0
38.6923,53.0,180.0
38.6974,-73.0,178.0
38.7024,-84.0,176.0
38.7074,-14.0,174.0
38.7124,64.0,172.0
38.7173,92.0,172.0
38.7223,-40.0,172.0
38.7273,-115.0,172.0
38.7323,46.0,170.0
38.7375,102.0,170.0
38.7425,-75.0,168.0
38.7473,-93.0,168.0
38.7524,92.0,166.0
38.7573,97.0,166.0
38.7623,-64.0,164.0
38.7681,-86.0,164.0
38.7722,7.0,162.0
38.7773,20.0,162.0
38.7822,12.0,160.0
38.7882,92.0,162.0
38.7928,52.0,162.0
38.7974,-175.0,164.0
38.8023,-159.0,166.0
38.8074,152.0,168.0
38.8125,202.0,170.0
38.8173,-49.0,170.0
38.8223,-136.0,170.0
38.8276,-44.0,168.0
38.8325,32.0,168.0
38.8381,71.0,166.0
38.8424,4.0,164.0
38.8473,-59.0,160.0
38.8523,19.0,160.0
38.8572,83.0,158.0
38.8623,2.0,158.0
38.8674,-148.0,158.0
38.8724,-113.0,158.0
38.8773,162.0,160.0
38.8823,214.0,162.0
38.8879,-72.0,162.0
38.8922,-193.0,164.0
38.8973,-47.0,164.0
38.9024,85.0,166.0
38.9073,115.0,166.0
38.9123,-16.0,166.0
38.9174,-152.0,166.0
38.9222,26.0,166.0
38.9272,206.0,168.0
38.9332,-40.0,168.0
38.9374,-242.0,170.0
38.9423,8.0,170.0
38.9474,196.0,172.0
38.9525,29.0,172.0
38.9573,-89.0,172.0
38.9622,-26.0,174.0
38.9672,-2.0,172.0
38.9723,-2.0,172.0
38.9779,51.0,172.0
38.9822,19.0,172.0
38.9873,-95.0,172.0
38.9923,-38.0,170.0
38.9976,138.0,172.0
39.0027,86.0,172.0
39.0073,-128.0,172.0
39.0125,-115.0,174.0
39.0174,70.0,172.0
39.0223,54.0,170.0
39.0273,-45.0,168.0
39.0322,57.0,166.0
39.0373,89.0,166.0
39.0423,-104.0,166.0
39.0473,-115.0,166.0
39.0523,44.0,166.0
39.0573,26.0,166.0
39.0627,33.0,164.0
39.0673,131.0,166.0
39.0722,-35.0,164.0
39.0773,-216.0,166.0
39.0824,-13.0,164.0
39.0873,161.0,166.0
39.0924,16.0,164.0
39.0972,-43.0,164.0
39.103,55.0,162.0
39.1073,-15.0,162.0
39.1126,-129.0,164.0
39.1186,-19.0,164.0
39.1223,112.0,164.0
39.1273,89.0,164.0
39.1322,6.0,164.0
39.1372,-124.0,164.0
39.1423,-155.0,166.0
39.1475,110.0,166.0
39.1523,260.0,166.0
39.1573,-71.0,164.0
39.1623,-302.0,164.0
39.1672,23.0,162.0
39.1733,277.0,162.0
39.1772,29.0,160.0
39.1822,-170.0,162.0
39.1873,-63.0,162.0
39.1923,20.0,162.0
39.1973,56.0,162.0
39.2024,79.0,162.0
39.2074,-29.0,162.0
39.213,-83.0,162.0
39.2173,9.0,162.0
39.223,24.0,162.0
39.2274,-23.0,162.0
39.2325,34.0,162.0
39.2389,99.0,162.0
39.2422,-32.0,162.0
39.2472,-223.0,164.0
39.2523,-50.0,162.0
39.2573,294.0,166.0
39.2623,153.0,164.0
39.2673,-246.0,168.0
39.2728,-183.0,168.0
39.2773,154.0,170.0
39.2823,148.0,170.0
39.2873,-142.0,174.0
39.2925,-151.0,176.0
39.2973,199.0,178.0
39.3023,221.0,180.0
39.3081,-222.0,182.0
39.3125,-251.0,186.0
39.3173,182.0,188.0
39.3223,168.0,190.0
39.3286,-139.0,192.0
39.3326,-51.0,190.0
39.3373,96.0,192.0
39.3423,-5.0,190.0
39.3473,5.0,190.0
39.353,38.0,190.0
39.3578,-155.0,190.0
39.3632,-127.0,192.0
39.3673,223.0,194.0
39.3723,230.0,196.0
39.3774,-126.0,196.0
39.3827,-221.0,200.0
39.3872,-47.0,198.0
39.3922,80.0,198.0
39.3975,144.0,198.0
39.4024,64.0,198.0
39.4074,-121.0,200.0
39.4123,-99.0,200.0
39.4173,91.0,202.0
39.423,54.0,202.0
39.4274,-162.0,204.0
39.4324,-53.0,204.0
39.4373,260.0,206.0
39.4422,128.0,204.0
39.4472,-225.0,206.0
39.4523,-175.0,206.0
39.4573,49.0,206.0
39.4623,99.0,204.0
39.4673,109.0,206.0
39.4723,66.0,206.0
39.4772,-108.0,206.0
39.4823,-204.0,210.0
39.4874,-55.0,210.0
39.4923,203.0,212.0
39.4972,238.0,216.0
39.5028,-69.0,216.0
39.5072,-278.0,218.0
39.5127,-39.0,218.0
39.5174,172.0,218.0
39.5223,-9.0,214.0
39.5277,-69.0,214.0
39.5324,152.0,214.0
39.5375,78.0,214.0
39.5426,-210.0,216.0
39.5473,-154.0,216.0
39.5532,113.0,218.0
39.5585,172.0,218.0
39.5628,23.0,218.0
39.5674,-93.0,216.0
39.5724,-58.0,216.0
39.5774,23.0,214.0
39.5822,0.0,214.0
39.5872,-49.0,210.0
39.593,52.0,212.0
39.5973,102.0,212.0
39.6034,-62.0,212.0
39.6074,-76.0,214.0
39.6122,63.0,214.0
39.6177,-20.0,214.0
39.6223,-82.0,214.0
39.6295,107.0,214.0
39.6323,116.0,216.0
39.6373,-126.0,216.0
39.6423,-123.0,216.0
39.6472,76.0,216.0
39.6522,55.0,214.0
39.6572,-11.0,214.0
39.6623,57.0,214.0
39.6674,-7.0,214.0
39.6723,-123.0,214.0
39.6774,-17.0,214.0
39.6823,99.0,214.0
39.6874,29.0,212.0
39.6924,-45.0,212.0
39.6972,9.0,212.0
39.7023,43.0,212.0
39.7081,-62.0,210.0
39.7125,-94.0,212.0
39.7174,56.0,210.0
39.7223,121.0,210.0
39.7273,14.0,208.0
39.7323,-62.0,210.0
39.7373,-60.0,210.0
39.7424,-35.0,210.0
39.7474,0.0,208.0
39.7523,44.0,208.0
39.7572,89.0,208.0
39.7623,79.0,208.0
39.7674,-56.0,208.0
39.7725,-192.0,210.0
39.7775,-99.0,210.0
39.7823,126.0,210.0
39.7873,183.0,210.0
39.7922,96.0,208.0
39.7983,-55.0,208.0
39.8029,-285.0,208.0
39.8083,-207.0,210.0
39.8123,293.0,210.0
39.8181,407.0,216.0
39.8223,-166.0,216.0
39.8283,-417.0,222.0
39.8328,51.0,222.0
39.8373,274.0,226.0
39.8426,-34.0,226.0
39.8472,-110.0,226.0
39.8531,88.0,226.0
39.8583,49.0,228.0
39.8623,-118.0,228.0
39.8673,-97.0,230.0
39.8723,55.0,230.0
39.8773,139.0,230.0
39.8823,60.0,232.0
39.8874,-78.0,230.0
39.8924,-108.0,230.0
39.8973,-36.0,226.0
39.9025,31.0,224.0
39.9073,68.0,222.0
39.9125,87.0,220.0
39.9178,54.0,218.0
39.9223,-116.0,218.0
39.9272,-240.0,220.0
39.9322,32.0,218.0
39.9373,328.0,220.0
39.9423,51.0,216.0
39.9474,-267.0,218.0
39.9525,-27.0,214.0
39.9573,162.0,214.0
39.9632,-94.0,212.0
39.9679,-115.0,212.0
39.9726,242.0,216.0
39.9772,122.0,216.0
39.9824,-365.0,222.0
39.9873,-129.0,224.0
39.9923,410.0,228.0
39.9974,104.0,228.0
40.0023,-315.0,232.0
40.0075,-17.0,228.0
40.0123,118.0,226.0
40.019,-137.0,226.0
40.0224,23.0,224.0
40.0282,265.0,226.0
40.0328,10.0,226.0
40.038,-242.0,226.0
40.0423,-169.0,228.0
40.0476,73.0,228.0
40.0524,299.0,230.0
40.0594,107.0,232.0
40.0623,-299.0,236.0
40.0681,-178.0,236.0
40.0725,182.0,238.0
40.0776,133.0,236.0
40.0833,-41.0,234.0
40.0881,-54.0,232.0
40.0934,-46.0,230.0
40.0975,56.0,230.0
40.1025,102.0,230.0
40.1076,-180.0,230.0
40.1131,-199.0,232.0
40.1177,303.0,236.0
40.1223,330.0,238.0
40.1285,-255.0,240.0
40.1324,-377.0,244.0
40.1377,72.0,240.0
40.1438,271.0,244.0
40.1473,26.0,240.0
40.1523,-108.0,242.0
40.1575,59.0,240.0
40.1623,37.0,240.0
40.1676,-203.0,242.0
40.1729,-77.0,240.0
40.1778,240.0,244.0
40.1822,132.0,242.0
40.1875,-159.0,242.0
40.1923,-125.0,242.0
40.1975,82.0,240.0
40.2029,66.0,242.0
40.2077,-103.0,242.0
40.2124,-3.0,240.0
40.2177,179.0,244.0
40.2223,-39.0,244.0
40.2281,-207.0,246.0
40.2328,49.0,246.0
40.2374,130.0,246.0
40.2424,-30.0,246.0
40.2481,16.0,246.0
40.2522,30.0,244.0
40.2578,-135.0,246.0
40.2628,-75.0,246.0
40.2677,138.0,248.0
40.2724,115.0,248.0
40.2775,-50.0,246.0
40.283,-95.0,246.0
40.2886,-22.0,244.0
40.2929,33.0,244.0
40.2974,25.0,244.0
40.3022,6.0,244.0
40.3077,0.0,244.0
40.3131,-18.0,242.0
40.3173,-2.0,242.0
40.3224,47.0,240.0
40.3277,-20.0,240.0
40.3328,-102.0,242.0
40.338,28.0,242.0
40.344,108.0,242.0
40.3494,-5.0,242.0
40.3524,-16.0,240.0
40.3573,-17.0,240.0
40.3624,-116.0,240.0
40.3674,22.0,240.0
40.3728,186.0,242.0
40.3782,-40.0,242.0
40.3824,-173.0,244.0
40.3882,87.0,246.0
40.3933,129.0,246.0
40.3978,-109.0,248.0
40.4028,-95.0,248.0
40.4078,47.0,248.0
40.4133,56.0,246.0
40.4174,73.0,244.0
40.4225,9.0,242.0
40.4287,-171.0,242.0
40.4333,-86.0,242.0
40.4378,181.0,244.0
40.443,146.0,242.0
40.4477,-92.0,240.0
40.4527,-170.0,238.0
40.4573,-59.0,234.0
40.463,146.0,232.0
40.4673,200.0,230.0
40.4722,-91.0,230.0
40.4778,-267.0,230.0
40.4828,40.0,230.0
40.4896,245.0,232.0
40.4932,0.0,230.0
40.4974,-167.0,232.0
40.5023,-33.0,232.0
40.5074,72.0,230.0
40.5122,53.0,230.0
40.5179,15.0,228.0
40.5222,-47.0,228.0
40.5276,-78.0,228.0
40.5329,42.0,228.0
40.5376,106.0,228.0
40.5432,-70.0,230.0
40.548,-108.0,230.0
40.5542,113.0,230.0
40.5572,94.0,232.0
40.5636,-102.0,230.0
40.5678,-40.0,228.0
40.5722,14.0,228.0
40.5778,-57.0,224.0
40.5824,86.0,224.0
40.5877,156.0,222.0
40.5926,-125.0,224.0
40.5978,-223.0,224.0
40.6022,74.0,224.0
40.6089,241.0,226.0
40.6122,47.0,224.0
40.6187,-173.0,224.0
40.6225,-179.0,220.0
40.6279,-1.0,218.0
40.633,221.0,216.0
40.6379,198.0,218.0
40.6426,-121.0,214.0
40.6474,-265.0,218.0
40.6526,-18.0,216.0
40.6578,160.0,218.0
40.6622,54.0,218.0
40.6672,-13.0,214.0
40.6725,15.0,214.0
40.6777,-41.0,210.0
40.6835,-68.0,210.0
40.6888,-12.0,208.0
40.6928,31.0,204.0
40.6974,102.0,204.0
40.7026,70.0,200.0
40.7084,-152.0,200.0
40.7141,-172.0,200.0
40.7172,138.0,200.0
40.7223,210.0,202.0
40.7278,-82.0,202.0
40.7323,-160.0,204.0
40.7373,36.0,204.0
40.7428,51.0,204.0
40.7478,-46.0,202.0
40.7529,35.0,198.0
40.7575,104.0,196.0
40.7625,-30.0,192.0
40.7673,-148.0,190.0
40.7728,-48.0,184.0
40.7772,126.0,186.0
40.7823,117.0,182.0
40.7874,-50.0,184.0
40.7928,-124.0,184.0
40.7981,-19.0,182.0
40.8023,91.0,184.0
40.8078,36.0,180.0
40.8125,-64.0,180.0
40.8175,-5.0,178.0
40.8227,49.0,176.0
40.8283,-22.0,174.0
40.833,-32.0,172.0
40.8375,15.0,172.0
40.8424,13.0,170.0
40.8474,22.0,168.0
40.8526,-8.0,170.0
40.8579,-73.0,168.0
40.8622,12.0,166.0
40.8674,112.0,166.0
40.8722,-9.0,164.0
40.8777,-85.0,164.0
40.8822,18.0,164.0
40.8877,-36.0,164.0
40.8928,-68.0,164.0
40.8978,176.0,166.0
40.9025,128.0,166.0
40.9076,-224.0,168.0
40.9129,-117.0,168.0
40.918,163.0,170.0
40.9231,10.0,168.0
40.9277,-67.0,168.0
40.9329,127.0,170.0
40.9377,10.0,170.0
40.9427,-207.0,174.0
40.9477,-11.0,174.0
40.9525,197.0,176.0
40.9574,37.0,176.0
40.9625,-122.0,178.0
40.9681,-41.0,178.0
40.9723,19.0,176.0
40.9772,4.0,176.0
40.9824,75.0,176.0
40.9874,59.0,176.0
40.9924,-121.0,178.0
40.9984,-109.0,180.0
41.0026,92.0,180.0
41.0079,89.0,180.0
41.0125,-21.0,178.0
41.0174,12.0,178.0
41.0227,-17.0,176.0
41.0273,-112.0,176.0
41.0329,2.0,174.0
41.0374,119.0,174.0
41.0422,-2.0,172.0
41.0472,-62.0,172.0
41.0522,51.0,172.0
41.0572,38.0,172.0
41.0624,-85.0,174.0
41.0675,-61.0,172.0
41.0726,43.0,170.0
41.0776,53.0,168.0
41.0824,32.0,166.0
41.0873,20.0,166.0
41.0923,-50.0,164.0
41.0973,-92.0,164.0
41.1022,-8.0,162.0
41.1072,95.0,160.0
41.1125,78.0,160.0
41.1173,-55.0,158.0
41.1223,-109.0,158.0
41.1272,14.0,154.0
41.1323,102.0,156.0
41.1373,42.0,154.0
41.1426,-61.0,154.0
41.1483,-133.0,156.0
41.1524,-18.0,156.0
41.1573,205.0,158.0
41.1624,105.0,158.0
41.1674,-198.0,160.0
41.1724,-133.0,162.0
41.1774,129.0,162.0
41.1824,67.0,162.0
41.1873,-61.0,162.0
41.1923,54.0,160.0
41.1974,36.0,160.0
41.2023,-149.0,160.0
41.2075,-46.0,160.0
41.2124,151.0,162.0
41.2174,44.0,162.0
41.2223,-66.0,162.0
41.2275,1.0,160.0
41.2324,-31.0,158.0
41.2373,-73.0,156.0
41.2423,83.0,156.0
41.2474,118.0,154.0
41.2525,-92.0,156.0
41.258,-112.0,154.0
41.2622,87.0,152.0
41.2672,86.0,154.0
41.2723,-67.0,152.0
41.2775,-65.0,150.0
41.2824,17.0,148.0
41.2873,23.0,144.0
41.2923,29.0,144.0
41.2972,50.0,142.0
41.3023,-20.0,142.0
41.3084,-106.0,144.0
41.3125,-36.0,144.0
41.3174,102.0,144.0
41.3223,93.0,146.0
41.3277,-70.0,146.0
41.3331,-149.0,148.0
41.3373,50.0,148.0
41.3423,204.0,150.0
41.3473,-28.0,148.0
41.3534,-216.0,148.0
41.3573,-10.0,146.0
41.3623,159.0,146.0
41.3673,33.0,144.0
41.3723,-71.0,144.0
41.3776,-17.0,142.0
41.3824,10.0,142.0
41.3873,-4.0,142.0
41.3922,0.0,140.0
41.3975,-19.0,140.0
41.4034,-4.0,140.0
41.4074,79.0,138.0
41.4122,55.0,138.0
41.4172,-92.0,138.0
41.4224,-122.0,138.0
41.4272,12.0,138.0
41.4322,108.0,136.0
41.4374,81.0,138.0
41.4422,-8.0,136.0
41.4479,-75.0,138.0
41.4522,-49.0,136.0
41.4572,-5.0,136.0
41.4622,-17.0,136.0
41.4674,35.0,136.0
41.4722,128.0,138.0
41.4772,22.0,138.0
41.4823,-164.0,140.0
41.4873,-66.0,142.0
41.4924,122.0,144.0
41.4972,19.0,142.0
41.5022,-70.0,144.0
41.5072,59.0,142.0
41.5125,43.0,142.0
41.5175,-55.0,142.0
41.5223,-17.0,142.0
41.5272,-63.0,142.0
41.5322,-46.0,142.0
41.5373,199.0,142.0
41.5424,143.0,144.0
41.5474,-219.0,144.0
41.5529,-176.0,144.0
41.5572,121.0,144.0
41.5623,80.0,144.0
41.5673,-18.0,144.0
41.5723,60.0,142.0
41.5774,-46.0,144.0
41.5822,-118.0,142.0
41.5873,137.0,144.0
41.5923,94.0,142.0
41.5974,-258.0,146.0
41.6024,-76.0,144.0
41.6074,306.0,148.0
41.6122,84.0,150.0
41.6173,-228.0,154.0
41.6223,-50.0,154.0
41.6275,116.0,154.0
41.6328,-23.0,152.0
41.6374,-77.0,152.0
41.6422,49.0,152.0
41.6472,85.0,152.0
41.6522,-13.0,152.0
41.6585,-48.0,152.0
41.6622,17.0,152.0
41.6673,-34.0,150.0
41.6723,-119.0,152.0
41.6772,68.0,152.0
41.6823,218.0,154.0
41.6873,-14.0,154.0
41.6929,-176.0,156.0
41.6976,-42.0,156.0
41.7022,11.0,154.0
41.7072,20.0,154.0
41.7124,125.0,156.0
41.7172,41.0,156.0
41.7222,-158.0,158.0
41.7273,-49.0,158.0
41.7322,164.0,160.0
41.7373,-3.0,158.0
41.7424,-209.0,162.0
41.7474,38.0,160.0
41.7524,238.0,162.0
41.7582,-26.0,162.0
41.7623,-189.0,164.0
41.7672,16.0,164.0
41.7725,99.0,164.0
41.7781,-41.0,164.0
41.7822,-44.0,164.0
41.7872,104.0,164.0
41.7922,54.0,164.0
41.7975,-188.0,164.0
41.8023,-104.0,164.0
41.8074,238.0,164.0
41.8122,142.0,164.0
41.8182,-205.0,166.0
41.8225,-120.0,166.0
41.8273,109.0,166.0
41.8323,36.0,166.0
41.8373,-12.0,166.0
41.8422,72.0,164.0
41.8479,-45.0,164.0
41.853,-160.0,166.0
41.8577,55.0,166.0
41.8623,194.0,168.0
41.8673,-35.0,168.0
41.8723,-173.0,170.0
41.8772,11.0,170.0
41.8824,131.0,170.0
41.8873,7.0,168.0
41.8924,-93.0,168.0
41.8973,-12.0,166.0
41.9023,49.0,166.0
41.9073,-12.0,164.0
41.9124,14.0,164.0
41.9174,57.0,164.0
41.9223,-79.0,164.0
41.9272,-87.0,166.0
41.9322,109.0,168.0
41.9372,87.0,168.0
41.9423,-87.0,168.0
41.9473,-66.0,168.0
41.9523,29.0,168.0
41.9572,47.0,168.0
41.963,28.0,166.0
41.9672,-49.0,166.0
41.9722,-65.0,164.0
41.9778,53.0,164.0
41.9822,87.0,162.0
41.9872,3.0,162.0
41.9922,-84.0,160.0
41.9975,-138.0,162.0
42.0022,18.0,160.0
42.0081,261.0,164.0
42.0122,77.0,164.0
42.0172,-287.0,168.0
42.0236,-98.0,170.0
42.0272,251.0,174.0
42.0322,25.0,174.0
42.0374,-226.0,176.0
42.0422,29.0,178.0
42.0474,196.0,178.0
42.0523,13.0,178.0
42.0575,-100.0,178.0
42.0624,-84.0,178.0
42.0673,-40.0,178.0
42.0723,88.0,178.0
42.0774,145.0,178.0
42.0824,-36.0,180.0
42.0875,-182.0,182.0
42.0924,-11.0,180.0
42.0972,167.0,182.0
42.1023,24.0,184.0
42.1072,-96.0,184.0
42.1126,12.0,182.0
42.1173,-2.0,182.0
42.1222,-90.0,180.0
42.1272,41.0,180.0
42.1322,128.0,180.0
42.1374,4.0,180.0
42.1423,-41.0,180.0
42.148,-26.0,180.0
42.1528,-128.0,180.0
42.1572,-80.0,180.0
42.1626,217.0,184.0
42.1674,241.0,186.0
42.1735,-128.0,188.0
42.1774,-280.0,190.0
42.1823,-25.0,188.0
42.1882,179.0,186.0
42.1922,77.0,186.0
42.1975,-99.0,186.0
42.2023,-29.0,184.0
42.2073,134.0,186.0
42.2122,19.0,186.0
42.2177,-193.0,188.0
42.2222,-95.0,188.0
42.2277,144.0,188.0
42.2334,146.0,188.0
42.2374,2.0,184.0
42.2429,-72.0,184.0
42.2472,-111.0,182.0
42.2527,-68.0,180.0
42.2573,87.0,178.0
42.2623,133.0,180.0
42.2674,6.0,178.0
42.2724,-84.0,180.0
42.2773,-42.0,178.0
42.2822,24.0,178.0
42.2875,-14.0,178.0
42.2922,-40.0,178.0
42.2975,83.0,178.0
42.3022,91.0,180.0
42.3073,-103.0,180.0
42.3123,-85.0,180.0
42.3173,109.0,180.0
42.3223,34.0,178.0
42.3273,-146.0,180.0
42.3322,-35.0,178.0
42.3373,178.0,180.0
42.3434,124.0,182.0
42.3475,-146.0,184.0
42.3525,-222.0,184.0
42.3572,52.0,186.0
42.3624,245.0,186.0
42.3672,35.0,186.0
42.3726,-191.0,186.0
42.3773,-71.0,188.0
42.3823,115.0,186.0
42.3872,74.0,186.0
42.3922,-41.0,184.0
42.3973,-64.0,184.0
42.4023,-51.0,182.0
42.4072,18.0,182.0
42.4131,161.0,184.0
42.4173,75.0,184.0
42.4224,-236.0,186.0
42.4276,-162.0,188.0
42.4322,226.0,190.0
42.4373,174.0,190.0
42.4422,-165.0,190.0
42.4472,-114.0,190.0
42.4522,125.0,188.0
42.4574,58.0,186.0
42.4624,-123.0,186.0
42.4674,-89.0,186.0
42.4722,110.0,188.0
42.4772,202.0,190.0
42.4822,-41.0,190.0
42.4872,-284.0,194.0
42.4922,-50.0,192.0
42.4973,232.0,194.0
42.5022,78.0,192.0
42.5072,-84.0,194.0
42.5126,11.0,192.0
42.5173,-22.0,192.0
42.5224,-157.0,192.0
42.5273,12.0,192.0
42.5322,226.0,194.0
42.5374,56.0,194.0
42.5425,-141.0,196.0
42.5473,-68.0,196.0
42.5522,-31.0,198.0
42.5575,-20.0,196.0
42.5623,141.0,198.0
42.5676,120.0,198.0
42.5726,-108.0,198.0
42.5774,-115.0,198.0
42.5822,6.0,198.0
42.5872,7.0,196.0
42.5933,33.0,196.0
42.5979,86.0,196.0
42.6022,4.0,196.0
42.6075,-82.0,198.0
42.6122,-23.0,196.0
42.6186,33.0,196.0
42.6223,-9.0,194.0
42.6273,-28.0,196.0
42.6323,21.0,194.0
42.6373,55.0,192.0
42.6422,31.0,194.0
42.6473,-45.0,190.0
42.6522,-84.0,190.0
42.6572,-1.0,186.0
42.6623,81.0,186.0
42.6672,23.0,182.0
42.6725,-57.0,182.0
42.6773,-5.0,178.0
42.6822,74.0,180.0
42.6872,0.0,176.0
42.6923,-118.0,178.0
42.6972,-40.0,176.0
42.7022,121.0,178.0
42.7074,101.0,178.0
42.7123,-52.0,178.0
42.7173,-136.0,178.0
42.7223,-47.0,178.0
42.7273,110.0,176.0
42.7323,93.0,178.0
42.7376,-46.0,176.0
42.7423,-31.0,176.0
42.7474,33.0,176.0
42.7524,-81.0,176.0
42.7576,-110.0,178.0
42.7624,133.0,178.0
42.7673,185.0,182.0
42.7725,-98.0,180.0
42.7775,-143.0,182.0
42.7822,45.0,182.0
42.7872,-8.0,182.0
42.7923,-33.0,182.0
42.7973,156.0,182.0
42.8022,53.0,180.0
42.8073,-199.0,180.0
42.8122,-49.0,178.0
42.8175,149.0,176.0
42.8231,0.0,176.0
42.8273,-81.0,174.0
42.8322,58.0,174.0
42.8372,38.0,172.0
42.8423,-85.0,174.0
42.8472,-11.0,172.0
42.8524,84.0,172.0
42.8574,-8.0,170.0
42.8623,-74.0,170.0
42.8672,4.0,168.0
42.8722,41.0,166.0
42.8772,33.0,166.0
42.8824,43.0,166.0
42.8874,-68.0,164.0
42.8925,-149.0,166.0
42.8972,46.0,166.0
42.9023,196.0,166.0
42.9072,16.0,166.0
42.9123,-150.0,168.0
42.9174,-47.0,168.0
42.9222,92.0,168.0
42.9272,30.0,170.0
42.9334,-117.0,170.0
42.9372,-38.0,170.0
42.9423,183.0,170.0
42.9473,103.0,170.0
42.9522,-168.0,172.0
42.9572,-133.0,172.0
42.9622,71.0,174.0
42.9673,54.0,172.0
42.9722,-19.0,172.0
42.9772,39.0,170.0
42.9822,78.0,168.0
42.9873,-3.0,166.0
42.9922,-149.0,166.0
42.9977,-163.0,168.0
43.0023,108.0,164.0
43.0072,299.0,168.0
43.0122,26.0,166.0
43.0173,-262.0,170.0
43.0223,-108.0,170.0
43.0285,99.0,170.0
43.0322,36.0,170.0
43.0372,4.0,168.0
43.0423,123.0,170.0
43.0472,55.0,170.0
43.0522,-209.0,172.0
43.0575,-197.0,174.0
43.0623,141.0,172.0
43.0672,274.0,174.0
43.0722,-3.0,170.0
43.0774,-247.0,170.0
43.0823,-79.0,170.0
43.0875,184.0,170.0
43.0924,65.0,170.0
43.0973,-134.0,170.0
43.1022,-8.0,170.0
43.1076,98.0,170.0
43.1131,-29.0,168.0
43.1173,-65.0,166.0
43.1222,22.0,166.0
43.1272,24.0,162.0
43.1322,34.0,162.0
43.1372,64.0,158.0
43.1437,-123.0,160.0
43.1472,-217.0,162.0
43.1524,169.0,164.0
43.1573,344.0,168.0
43.1625,-117.0,168.0
43.1673,-323.0,174.0
43.1722,29.0,170.0
43.1772,157.0,172.0
43.183,-10.0,170.0
43.1872,10.0,168.0
43.1922,69.0,170.0
43.1973,-67.0,170.0
43.2023,-120.0,170.0
43.2078,34.0,168.0
43.2124,130.0,168.0
43.2173,7.0,168.0
43.2223,-148.0,170.0
43.2284,-38.0,170.0
43.2324,177.0,172.0
43.2374,85.0,172.0
43.2423,-141.0,174.0
43.2475,-136.0,174.0
43.2524,26.0,174.0
43.2579,145.0,176.0
43.2623,68.0,178.0
43.2674,-105.0,178.0
43.2722,-51.0,180.0
43.278,68.0,180.0
43.2824,-56.0,180.0
43.2885,-86.0,180.0
43.2924,145.0,182.0
43.2973,140.0,184.0
43.3022,-141.0,184.0
43.3072,-157.0,186.0
43.3123,83.0,188.0
43.3172,105.0,188.0
43.3223,-49.0,188.0
43.3272,-39.0,188.0
43.3322,61.0,188.0
43.3372,38.0,188.0
43.3422,-67.0,188.0
43.3473,-111.0,188.0
43.3522,10.0,186.0
43.3572,190.0,188.0
43.3622,98.0,188.0
43.3674,-206.0,190.0
43.3723,-183.0,192.0
43.3774,164.0,194.0
43.3822,189.0,196.0
43.3873,-124.0,196.0
43.3923,-148.0,198.0
43.3972,119.0,198.0
43.4024,134.0,198.0
43.4074,-104.0,196.0
43.4122,-137.0,198.0
43.4181,39.0,196.0
43.4223,89.0,196.0
43.4272,35.0,196.0
43.4326,-1.0,196.0
43.4372,-54.0,194.0
43.4422,-39.0,194.0
43.4472,22.0,192.0
43.4522,-8.0,192.0
43.4573,-3.0,188.0
43.4623,94.0,190.0
43.4672,30.0,190.0
43.4725,-141.0,190.0
43.4773,-66.0,192.0
43.4825,126.0,192.0
43.4873,70.0,192.0
43.4924,-68.0,192.0
43.4972,-50.0,194.0
43.5022,-12.0,192.0
43.5071,12.0,192.0
43.5123,93.0,194.0
43.5173,54.0,194.0
43.5223,-135.0,196.0
43.5274,-138.0,196.0
43.5324,110.0,196.0
43.5373,181.0,198.0
43.5423,-35.0,196.0
43.5473,-135.0,198.0
43.5523,-41.0,196.0
43.5578,22.0,194.0
43.5622,77.0,194.0
43.5672,74.0,196.0
43.5724,-60.0,194.0
43.5774,-94.0,196.0
43.5822,23.0,192.0
43.5871,65.0,192.0
43.593,2.0,190.0
43.5973,-50.0,188.0
43.6022,-30.0,188.0
43.608,38.0,188.0
43.6125,91.0,188.0
43.6173,41.0,188.0
43.6224,-150.0,190.0
43.6282,-197.0,192.0
43.6324,120.0,192.0
43.6374,308.0,194.0
43.6435,11.0,194.0
43.6475,-247.0,192.0
43.6522,-121.0,194.0
43.6573,47.0,190.0
43.6622,94.0,190.0
43.6673,116.0,190.0
43.6729,19.0,190.0
43.6773,-143.0,192.0
43.6831,-83.0,192.0
43.6874,100.0,192.0
43.6924,46.0,190.0
43.6972,-93.0,188.0
43.7032,19.0,186.0
43.7072,123.0,184.0
43.7124,-41.0,184.0
43.7173,-104.0,182.0
43.7222,28.0,182.0
43.7272,16.0,178.0
43.733,-43.0,178.0
43.7376,34.0,178.0
43.7422,85.0,178.0
43.7479,44.0,178.0
43.7523,-70.0,178.0
43.7572,-170.0,180.0
43.7622,-31.0,180.0
43.7672,168.0,182.0
43.7723,115.0,184.0
43.7773,-13.0,182.0
43.7828,-70.0,182.0
43.7873,-134.0,180.0
43.7923,-51.0,178.0
43.7973,157.0,176.0
43.8025,111.0,176.0
43.8074,-107.0,172.0
43.8122,-68.0,172.0
43.8172,88.0,172.0
43.8222,8.0,172.0
43.8274,-96.0,174.0
43.8325,0.0,172.0
43.8375,61.0,172.0
43.8422,8.0,170.0
43.8472,19.0,170.0
43.8523,25.0,168.0
43.8581,-55.0,168.0
43.8623,-78.0,168.0
43.8673,6.0,168.0
43.8722,84.0,166.0
43.8773,46.0,166.0
43.8823,-46.0,164.0
43.888,-30.0,162.0
43.8923,31.0,162.0
43.8972,-11.0,160.0
43.9021,-67.0,160.0
43.9082,-12.0,158.0
43.9123,86.0,160.0
43.9172,96.0,160.0
43.9222,-16.0,160.0
43.9272,-148.0,160.0
43.9322,-104.0,160.0
43.9372,119.0,160.0
43.9423,165.0,160.0
43.9482,-60.0,158.0
43.953,-112.0,158.0
43.9573,34.0,158.0
43.9621,0.0,156.0
43.9681,-39.0,156.0
43.9722,93.0,156.0
43.9773,41.0,158.0
43.9825,-131.0,158.0
43.9872,-15.0,156.0
43.9922,134.0,158.0
43.9972,-22.0,156.0
44.0025,-133.0,156.0
44.0072,26.0,154.0
44.0122,132.0,152.0
44.0172,23.0,150.0
44.0223,-120.0,150.0
44.0273,-87.0,148.0
44.0331,90.0,148.0
44.0379,104.0,148.0
44.0422,-43.0,146.0
44.0472,-43.0,146.0
44.0521,7.0,144.0
44.0574,-62.0,144.0
44.0623,-17.0,142.0
44.0674,148.0,144.0
44.0722,72.0,146.0
44.0772,-180.0,148.0
44.0822,-138.0,148.0
44.0873,165.0,152.0
44.0923,193.0,154.0
44.0972,-99.0,156.0
44.1023,-220.0,158.0
44.1077,-24.0,158.0
44.1126,211.0,158.0
44.1172,189.0,160.0
44.1223,-148.0,160.0
44.1281,-323.0,164.0
44.1322,4.0,164.0
44.138,330.0,168.0
44.1423,154.0,170.0
44.1474,-193.0,174.0
44.1525,-212.0,176.0
44.1572,29.0,174.0
44.1622,170.0,176.0
44.1674,51.0,174.0
44.1722,-144.0,174.0
44.1775,-70.0,172.0
44.1823,180.0,174.0
44.1873,100.0,174.0
44.1922,-215.0,178.0
44.198,-147.0,180.0
44.2024,218.0,182.0
44.2074,186.0,184.0
44.2122,-233.0,186.0
44.2172,-235.0,188.0
44.2234,252.0,192.0
44.2272,292.0,196.0
44.2324,-195.0,198.0
44.2374,-283.0,202.0
44.2425,57.0,202.0
44.2472,166.0,204.0
44.2522,66.0,204.0
44.2572,-20.0,204.0
44.2625,-117.0,202.0
44.2672,-30.0,200.0
44.2725,136.0,200.0
44.2772,-33.0,196.0
44.2822,-160.0,198.0
44.2872,110.0,196.0
44.2923,159.0,198.0
44.2972,-107.0,198.0
44.3022,-94.0,198.0
44.3072,37.0,196.0
44.313,-12.0,196.0
44.3178,41.0,196.0
44.3223,98.0,196.0
44.3272,-89.0,196.0
44.3326,-118.0,196.0
44.3387,96.0,196.0
44.3421,89.0,198.0
44.3479,-65.0,196.0
44.3523,-67.0,196.0
44.3572,8.0,196.0
44.3622,71.0,196.0
44.3672,47.0,196.0
44.3729,-68.0,196.0
44.3774,-68.0,198.0
44.3822,51.0,196.0
44.3872,54.0,198.0
44.3922,-42.0,196.0
44.3975,-51.0,194.0
44.4023,31.0,194.0
44.4073,80.0,194.0
44.4126,8.0,192.0
44.4173,-99.0,194.0
44.4222,-70.0,194.0
44.4274,59.0,192.0
44.4323,103.0,192.0
44.4373,26.0,190.0
44.4422,-72.0,190.0
44.4474,-96.0,190.0
44.4522,-1.0,188.0
44.4574,106.0,190.0
44.4624,77.0,190.0
44.4673,-50.0,190.0
44.4722,-122.0,192.0
44.4772,-39.0,192.0
44.4822,111.0,192.0
44.4874,112.0,194.0
44.4925,-39.0,194.0
44.4981,-123.0,196.0
44.5025,-36.0,194.0
44.5072,75.0,196.0
44.5126,41.0,196.0
44.5172,-30.0,194.0
44.5229,26.0,194.0
44.5272,35.0,194.0
44.5322,-89.0,196.0
44.5374,-52.0,196.0
44.5424,90.0,196.0
44.5481,21.0,196.0
44.5522,-63.0,196.0
44.5572,46.0,196.0
44.5621,51.0,196.0
44.5672,-91.0,196.0
44.5723,-37.0,194.0
44.5773,102.0,194.0
44.5822,-6.0,192.0
44.5872,-109.0,192.0
44.5944,45.0,192.0
44.5973,119.0,192.0
44.6022,-37.0,194.0
44.6074,-111.0,194.0
44.6126,1.0,192.0
44.6174,85.0,194.0
44.6223,14.0,192.0
44.6273,-77.0,192.0
44.6324,-11.0,190.0
44.6372,112.0,192.0
44.6422,33.0,190.0
44.6473,-148.0,192.0
44.6523,-101.0,192.0
44.6573,112.0,194.0
44.6622,152.0,194.0
44.6673,-3.0,192.0
44.6722,-117.0,192.0
44.6772,-90.0,192.0
44.6831,26.0,192.0
44.6872,99.0,194.0
44.6922,14.0,194.0
44.698,-50.0,194.0
44.7021,48.0,194.0
44.7074,37.0,192.0
44.7124,-140.0,194.0
44.7175,-98.0,192.0
44.7222,158.0,192.0
44.7278,165.0,192.0
44.7328,-101.0,190.0
44.7375,-157.0,192.0
44.7422,44.0,188.0
44.7474,79.0,190.0
44.7523,-36.0,186.0
44.7571,-5.0,184.0
44.7622,64.0,182.0
44.7672,-15.0,178.0
44.7725,-101.0,180.0
44.7773,-9.0,174.0
44.7822,124.0,174.0
44.7872,43.0,172.0
44.7923,-119.0,170.0
44.7974,-67.0,170.0
44.8025,89.0,170.0
44.8073,93.0,170.0
44.8122,-39.0,168.0
44.818,-130.0,170.0
44.8225,-29.0,168.0
44.8274,155.0,168.0
44.8324,99.0,166.0
44.8374,-140.0,166.0
44.8422,-129.0,164.0
44.8471,82.0,162.0
44.8522,95.0,160.0
44.8574,-24.0,158.0
44.8622,-25.0,154.0
44.8675,28.0,150.0
44.8722,-11.0,146.0
44.8774,-102.0,144.0
44.8824,-22.0,144.0
44.8874,178.0,144.0
44.8923,83.0,144.0
44.8972,-204.0,146.0
44.9022,-110.0,146.0
44.9072,194.0,150.0
44.9125,120.0,150.0
44.9173,-155.0,152.0
44.9222,-157.0,150.0
44.9272,55.0,150.0
44.9323,182.0,150.0
44.9381,88.0,150.0
44.9435,-125.0,150.0
44.9473,-173.0,152.0
44.9522,13.0,152.0
44.9576,138.0,154.0
44.9627,52.0,154.0
44.9674,-39.0,152.0
44.9723,-35.0,152.0
44.9774,-31.0,150.0
44.9823,9.0,150.0
44.9873,61.0,150.0
44.9923,-33.0,148.0
44.9976,-85.0,150.0
45.0024,67.0,150.0
45.0074,99.0,150.0
45.0123,-73.0,150.0
45.0175,-73.0,150.0
45.0224,79.0,152.0
45.0275,32.0,150.0
45.0325,-102.0,152.0
45.0376,-24.0,152.0
45.0427,99.0,152.0
45.0473,49.0,152.0
45.0523,-43.0,152.0
45.0575,-61.0,152.0
45.0623,-15.0,152.0
45.0673,43.0,150.0
45.0735,14.0,150.0
45.0778,-24.0,150.0
45.0823,42.0,148.0
45.0872,27.0,148.0
45.0923,-82.0,150.0
45.0972,-32.0,148.0
45.1022,63.0,148.0
45.1073,12.0,148.0
45.1136,3.0,146.0
45.1172,21.0,144.0
45.1223,-75.0,144.0
45.1274,-41.0,144.0
45.1322,96.0,144.0
45.1373,30.0,142.0
45.1422,-50.0,142.0
45.1474,26.0,142.0
45.1522,5.0,142.0
45.1581,-113.0,142.0
45.1629,-35.0,144.0
45.1672,149.0,144.0
45.1724,99.0,146.0
45.1781,-77.0,146.0
45.1822,-90.0,146.0
45.1872,-31.0,146.0
45.1923,-16.0,144.0
45.1972,66.0,146.0
45.2023,136.0,146.0
45.2079,-19.0,146.0
45.2124,-178.0,148.0
45.2172,-38.0,146.0
45.2222,115.0,148.0
45.2281,50.0,148.0
45.2323,5.0,146.0
45.2373,-6.0,144.0
45.2425,-93.0,146.0
45.2472,-53.0,144.0
45.2524,96.0,146.0
45.2572,65.0,146.0
45.2623,-49.0,146.0
45.2673,0.0,146.0
45.2722,25.0,146.0
45.2772,-90.0,146.0
45.2823,-47.0,146.0
45.2874,138.0,146.0
45.2923,63.0,144.0
45.2973,-132.0,146.0
45.3022,-23.0,144.0
45.3074,103.0,144.0
45.3124,-56.0,144.0
45.3173,-75.0,144.0
45.3229,116.0,144.0
45.328,55.0,144.0
45.3331,-115.0,146.0
45.3372,-19.0,146.0
45.3422,69.0,146.0
45.3472,-59.0,146.0
45.3535,-27.0,144.0
45.3574,153.0,146.0
45.3627,8.0,142.0
45.3672,-195.0,144.0
45.3723,-3.0,142.0
45.3773,143.0,142.0
45.3821,6.0,140.0
45.3872,-14.0,140.0
45.3926,-6.0,140.0
45.3972,-118.0,142.0
45.4033,-20.0,140.0
45.4074,170.0,142.0
45.4128,78.0,142.0
45.4173,-106.0,144.0
45.4222,-125.0,144.0
45.4274,-22.0,144.0
45.4325,105.0,144.0
45.4378,113.0,144.0
45.4422,-14.0,142.0
45.4472,-102.0,144.0
45.4531,-97.0,144.0
45.4571,18.0,142.0
45.4623,183.0,144.0
45.4672,76.0,144.0
45.4722,-200.0,146.0
45.4773,-128.0,144.0
45.4822,147.0,146.0
45.4873,95.0,146.0
45.4932,-101.0,146.0
45.4972,-14.0,146.0
45.5023,120.0,146.0
45.5078,-12.0,146.0
45.5129,-145.0,148.0
45.5172,-41.0,148.0
45.5224,92.0,148.0
45.5272,90.0,148.0
45.5324,6.0,146.0
45.538,-71.0,144.0
45.5441,-49.0,144.0
45.5477,34.0,140.0
45.5528,20.0,140.0
45.5574,-26.0,138.0
45.5625,3.0,134.0
45.5692,9.0,134.0
45.5721,6.0,132.0
45.5778,49.0,130.0
45.5826,-8.0,128.0
45.5883,-99.0,128.0
45.5926,-16.0,128.0
45.5978,79.0,126.0
45.6027,29.0,126.0
45.6078,-4.0,126.0
45.6129,5.0,126.0
45.6182,-41.0,126.0
45.6224,-54.0,126.0
45.6274,10.0,126.0
45.6322,50.0,126.0
45.6379,52.0,126.0
45.6423,2.0,124.0
45.6471,-88.0,124.0
45.6526,-28.0,124.0
45.6576,91.0,124.0
45.6621,5.0,122.0
45.6678,-71.0,122.0
45.6723,17.0,122.0
45.6774,21.0,122.0
45.6822,0.0,120.0
45.6872,55.0,120.0
45.6932,-33.0,120.0
45.6972,-123.0,120.0
45.7024,22.0,122.0
45.7088,119.0,122.0
45.7129,31.0,122.0
45.7176,-33.0,122.0
45.7221,-71.0,124.0
45.7284,-61.0,124.0
45.733,74.0,124.0
45.7388,103.0,124.0
45.7421,-70.0,124.0
45.7479,-112.0,126.0
45.7521,69.0,128.0
45.7572,108.0,128.0
45.7627,-55.0,128.0
45.7683,-66.0,128.0
45.7725,36.0,128.0
45.7779,-2.0,128.0
45.7824,-40.0,128.0
45.7873,31.0,128.0
45.7925,43.0,128.0
45.7981,1.0,126.0
45.8022,-3.0,126.0
45.8072,-33.0,124.0
45.8123,-49.0,124.0
45.8174,16.0,122.0
45.8224,58.0,122.0
45.8283,9.0,122.0
45.8323,-33.0,122.0
45.8372,8.0,120.0
45.8423,61.0,120.0
45.8476,-35.0,120.0
45.8527,-185.0,120.0
45.8577,-30.0,120.0
45.8622,294.0,122.0
45.8674,216.0,126.0
45.8724,-215.0,128.0
45.8772,-385.0,134.0
45.8825,-50.0,134.0
45.8877,373.0,138.0
45.893,284.0,142.0
45.8972,-195.0,144.0
45.9024,-293.0,148.0
45.9075,27.0,148.0
45.9128,116.0,150.0
45.9171,-6.0,148.0
45.9227,47.0,148.0
45.9275,113.0,148.0
45.9323,-60.0,148.0
45.9372,-221.0,148.0
45.9427,-53.0,150.0
45.9477,221.0,152.0
45.9524,154.0,152.0
45.9583,-108.0,154.0
45.9622,-119.0,154.0
45.9674,-18.0,152.0
45.9729,-19.0,152.0
45.9777,60.0,152.0
45.9822,110.0,152.0
45.9874,-19.0,152.0
45.9924,-50.0,152.0
45.998,-17.0,150.0
46.0026,-114.0,152.0
46.0077,2.0,148.0
46.0124,259.0,152.0
46.0173,42.0,152.0
46.0233,-302.0,156.0
46.0275,-82.0,156.0
46.0327,246.0,160.0
46.0386,106.0,160.0
46.0423,-132.0,162.0
46.0472,-100.0,162.0
46.0531,10.0,160.0
46.0589,54.0,160.0
46.0629,58.0,158.0
46.0679,-2.0,158.0
46.0724,-16.0,156.0
46.0788,15.0,154.0
46.0831,-110.0,156.0
46.0883,-123.0,156.0
46.0935,194.0,158.0
46.0972,246.0,162.0
46.103,-147.0,162.0
46.1075,-260.0,164.0
46.1128,39.0,162.0
46.1172,140.0,162.0
46.1221,-11.0,160.0
46.1275,-5.0,158.0
46.1324,97.0,158.0
46.1374,6.0,158.0
46.1426,-183.0,160.0
46.1477,-151.0,162.0
46.1527,142.0,162.0
46.1572,270.0,164.0
46.1624,-14.0,164.0
46.1674,-241.0,166.0
46.1722,-47.0,166.0
46.1777,148.0,168.0
46.1823,5.0,168.0
46.1874,-101.0,168.0
46.1921,25.0,168.0
46.1975,64.0,168.0
46.2024,12.0,168.0
46.2072,29.0,170.0
46.2122,-38.0,170.0
46.2174,-129.0,172.0
46.2223,-5.0,170.0
46.2278,126.0,172.0
46.2329,37.0,172.0
46.238,-35.0,172.0
46.2424,25.0,170.0
46.2473,1.0,170.0
46.2527,-98.0,172.0
46.2578,-87.0,174.0
46.2622,28.0,172.0
46.2677,173.0,176.0
46.2724,157.0,176.0
46.2776,-150.0,178.0
46.2823,-270.0,182.0
46.2872,83.0,182.0
46.2922,219.0,186.0
46.2972,-90.0,186.0
46.3026,-116.0,188.0
46.3085,141.0,188.0
46.3124,72.0,190.0
46.3175,-117.0,190.0
46.3222,-25.0,192.0
46.3274,27.0,190.0
46.3325,-88.0,192.0
46.3378,-6.0,190.0
46.3422,148.0,192.0
46.3476,83.0,192.0
46.3524,-38.0,192.0
46.3576,-118.0,192.0
46.3624,-108.0,194.0
46.3673,51.0,192.0
46.3724,100.0,194.0
46.3785,-7.0,192.0
46.3828,24.0,192.0
46.3871,69.0,190.0
46.3927,-70.0,190.0
46.3978,-129.0,190.0
46.4021,-41.0,190.0
46.4081,55.0,190.0
46.4124,172.0,192.0
46.4174,95.0,194.0
46.4222,-170.0,196.0
46.4282,-144.0,198.0
46.4328,77.0,198.0
46.4374,43.0,198.0
46.4424,-29.0,200.0
46.4484,93.0,200.0
46.4524,60.0,200.0
46.4572,-137.0,202.0
46.4628,-97.0,202.0
46.4688,63.0,204.0
46.4722,66.0,204.0
46.4775,37.0,204.0
46.4825,19.0,204.0
46.4875,-71.0,204.0
46.493,-89.0,204.0
46.4975,39.0,204.0
46.5024,104.0,200.0
46.5073,5.0,198.0
46.5128,-72.0,194.0
46.5172,-27.0,190.0
46.5222,23.0,188.0
46.5272,12.0,184.0
46.5321,0.0,178.0
46.5377,20.0,176.0
46.5422,11.0,172.0
46.5472,-27.0,172.0
46.5522,0.0,170.0
46.5572,14.0,170.0
46.5623,-67.0,170.0
46.5675,-24.0,168.0
46.5722,146.0,170.0
46.5773,73.0,168.0
46.5822,-161.0,170.0
46.5872,-117.0,168.0
46.5954,104.0,168.0
46.5972,87.0,166.0
46.6031,-47.0,166.0
46.6076,2.0,166.0
46.6121,47.0,166.0
46.6172,-58.0,166.0
46.6222,-62.0,166.0
46.628,57.0,166.0
46.6322,39.0,166.0
46.6378,-69.0,166.0
46.6423,-30.0,166.0
46.6472,97.0,166.0
46.6528,93.0,164.0
46.6574,-41.0,164.0
46.6622,-157.0,162.0
46.6673,-126.0,162.0
46.6731,100.0,160.0
46.6773,289.0,162.0
46.6824,79.0,162.0
46.6874,-317.0,166.0
46.6924,-247.0,170.0
46.6972,221.0,172.0
46.7022,286.0,176.0
46.7072,-118.0,178.0
46.7125,-203.0,180.0
46.7178,71.0,180.0
46.7222,67.0,180.0
46.7272,-57.0,180.0
46.7322,55.0,178.0
46.7372,45.0,174.0
46.7424,-88.0,174.0
46.7472,-22.0,170.0
46.7522,-18.0,168.0
46.7575,-41.0,168.0
46.7623,189.0,170.0
46.7672,142.0,172.0
46.7732,-265.0,174.0
46.7772,-201.0,178.0
46.7822,203.0,178.0
46.7873,153.0,178.0
46.7922,-115.0,178.0
46.7972,-45.0,174.0
46.8023,96.0,176.0
46.8074,-31.0,172.0
46.8122,-118.0,174.0
46.8172,27.0,172.0
46.8223,99.0,174.0
46.8275,31.0,172.0
46.8324,-6.0,172.0
46.8373,-77.0,172.0
46.8432,-112.0,174.0
46.8473,75.0,174.0
46.8522,177.0,176.0
46.8576,-37.0,174.0
46.8623,-145.0,178.0
46.8672,-21.0,176.0
46.8722,28.0,176.0
46.8794,67.0,176.0
46.8823,109.0,178.0
46.8873,-40.0,178.0
46.8924,-165.0,178.0
46.8971,-50.0,178.0
46.9022,66.0,178.0
46.9074,106.0,178.0
46.9124,114.0,178.0
46.9174,-76.0,176.0
46.9222,-224.0,176.0
46.9272,23.0,174.0
46.9322,197.0,174.0
46.9372,-18.0,172.0
46.9422,-97.0,172.0
46.9474,46.0,172.0
46.9524,31.0,170.0
46.9572,-62.0,170.0
46.9625,-42.0,170.0
46.9673,54.0,170.0
46.9723,95.0,170.0
46.9773,-38.0,170.0
46.9822,-128.0,170.0
46.9872,41.0,170.0
46.9922,127.0,172.0
46.9971,-72.0,170.0
47.0023,-138.0,172.0
47.0074,79.0,172.0
47.0121,186.0,172.0
47.0172,10.0,172.0
47.0222,-213.0,176.0
47.0274,-184.0,178.0
47.0323,152.0,178.0
47.038,338.0,182.0
47.0427,-18.0,182.0
47.0472,-392.0,188.0
47.0522,-112.0,186.0
47.0572,336.0,190.0
47.0622,168.0,190.0
47.0673,-213.0,190.0
47.0722,-109.0,192.0
47.078,100.0,192.0
47.0822,-29.0,192.0
47.0872,-78.0,192.0
47.0922,129.0,194.0
47.0972,133.0,194.0
47.1027,-99.0,194.0
47.1072,-149.0,194.0
47.1125,-1.0,194.0
47.1172,39.0,194.0
47.1222,26.0,194.0
47.1272,123.0,194.0
47.1321,72.0,194.0
47.1372,-194.0,196.0
47.1425,-179.0,198.0
47.1483,151.0,200.0
47.1526,179.0,202.0
47.1572,-103.0,202.0
47.1621,-99.0,204.0
47.1672,127.0,206.0
47.1722,50.0,206.0
47.1774,-189.0,210.0
47.1824,-76.0,210.0
47.1873,204.0,214.0
47.1922,120.0,214.0
47.1975,-155.0,218.0
47.2023,-124.0,218.0
47.2073,107.0,220.0
47.2127,106.0,218.0
47.2181,-95.0,220.0
47.2223,-103.0,218.0
47.2274,70.0,218.0
47.2323,85.0,218.0
47.2373,-14.0,216.0
47.2432,-28.0,216.0
47.2472,-13.0,216.0
47.2528,-24.0,216.0
47.2575,-3.0,214.0
47.2623,32.0,214.0
47.2673,27.0,214.0
47.2725,-14.0,214.0
47.2772,-31.0,212.0
47.2823,-3.0,212.0
47.2874,17.0,212.0
47.2923,39.0,210.0
47.2973,14.0,210.0
47.3022,-128.0,210.0
47.3082,-75.0,208.0
47.3125,229.0,210.0
47.3173,149.0,208.0
47.3223,-244.0,210.0
47.3273,-171.0,208.0
47.3326,158.0,208.0
47.3373,103.0,206.0
47.3422,-66.0,202.0
47.3473,3.0,200.0
47.3536,44.0,198.0
47.3581,-75.0,198.0
47.3623,-60.0,198.0
47.3673,110.0,198.0
47.3724,40.0,198.0
47.3774,-150.0,200.0
47.3822,36.0,200.0
47.3873,184.0,202.0
47.3923,-133.0,204.0
47.3974,-147.0,206.0
47.4029,210.0,206.0
47.4072,27.0,204.0
47.4124,-275.0,204.0
47.4171,89.0,202.0
47.4224,330.0,204.0
47.4274,-93.0,204.0
47.4324,-321.0,206.0
47.4374,-17.0,206.0
47.4422,195.0,208.0
47.4473,122.0,208.0
47.4524,-9.0,208.0
47.4572,-120.0,208.0
47.4625,-108.0,208.0
47.4673,41.0,208.0
47.4722,98.0,210.0
47.4772,-3.0,210.0
47.4824,-3.0,208.0
47.4873,52.0,208.0
47.4924,-94.0,206.0
47.4972,-130.0,208.0
47.5022,147.0,208.0
47.5072,164.0,210.0
47.5128,-128.0,212.0
47.5172,-119.0,212.0
47.5222,54.0,210.0
47.5272,-3.0,210.0
47.5331,13.0,208.0
47.5372,152.0,210.0
47.5435,-43.0,210.0
47.5474,-254.0,212.0
47.5521,63.0,210.0
47.5572,283.0,214.0
47.5622,-87.0,212.0
47.5671,-253.0,216.0
47.5722,96.0,214.0
47.5772,183.0,216.0
47.5822,-59.0,216.0
47.5872,-92.0,216.0
47.5922,-26.0,216.0
47.5979,32.0,216.0
47.6022,135.0,218.0
47.6075,-73.0,218.0
47.6121,-248.0,220.0
47.6173,184.0,222.0
47.6222,342.0,226.0
47.6279,-234.0,228.0
47.6325,-341.0,232.0
47.6372,167.0,234.0
47.6422,209.0,234.0
47.6477,-58.0,234.0
47.6521,-44.0,232.0
47.6571,-13.0,232.0
47.6622,-12.0,230.0
47.6672,42.0,226.0
47.6732,-61.0,226.0
47.6772,-56.0,222.0
47.6824,159.0,224.0
47.6872,67.0,218.0
47.6924,-189.0,220.0
47.6972,-55.0,216.0
47.7022,158.0,214.0
47.7072,17.0,212.0
47.7127,-116.0,212.0
47.7175,17.0,210.0
47.7221,77.0,212.0
47.7272,-28.0,210.0
47.7321,-44.0,210.0
47.7386,23.0,208.0
47.7421,22.0,206.0
47.7473,-27.0,204.0
47.7523,-7.0,204.0
47.7574,57.0,204.0
47.7622,0.0,204.0
47.7675,-92.0,204.0
47.7737,-7.0,202.0
47.7772,94.0,202.0
47.7821,21.0,198.0
47.7871,-71.0,198.0
47.7922,-18.0,196.0
47.7981,68.0,194.0
47.8022,-5.0,194.0
47.8072,-97.0,192.0
47.8125,30.0,192.0
47.8172,112.0,192.0
47.8222,-31.0,190.0
47.8272,-69.0,188.0
47.8322,22.0,186.0
47.8373,-14.0,184.0
47.8427,-37.0,184.0
47.8472,75.0,182.0
47.8522,78.0,182.0
47.8574,-84.0,182.0
47.863,-124.0,182.0
47.8671,70.0,182.0
47.8728,164.0,184.0
47.8772,-65.0,184.0
47.8823,-197.0,188.0
47.8874,62.0,188.0
47.8924,229.0,192.0
47.898,-37.0,192.0
47.9022,-248.0,194.0
47.9073,-5.0,194.0
47.9124,205.0,198.0
47.9172,21.0,198.0
47.9222,-86.0,198.0
47.9272,30.0,198.0
47.9323,-15.0,198.0
47.9373,-124.0,200.0
47.9429,-6.0,198.0
47.9474,171.0,200.0
47.9523,122.0,198.0
47.9572,-119.0,198.0
47.9629,-187.0,196.0
47.9672,31.0,194.0
47.9722,131.0,194.0
47.9773,-6.0,192.0
47.9822,-20.0,192.0
47.9872,49.0,192.0
47.9921,-60.0,192.0
47.9972,-92.0,194.0
48.0024,92.0,194.0
48.0074,97.0,194.0
48.0123,-96.0,194.0
48.0172,-81.0,194.0
48.0222,94.0,194.0
48.0272,67.0,192.0
48.0322,-91.0,192.0
48.0373,-33.0,190.0
48.0422,104.0,188.0
48.0472,-32.0,188.0
48.0523,-157.0,186.0
48.0572,58.0,186.0
48.0622,197.0,184.0
48.0672,17.0,182.0
48.0723,-132.0,180.0
48.0774,-124.0,182.0
48.0823,-22.0,178.0
48.0872,143.0,180.0
48.0922,162.0,182.0
48.0972,-63.0,180.0
48.1022,-218.0,182.0
48.1073,-28.0,182.0
48.1129,193.0,184.0
48.1185,71.0,184.0
48.1228,-125.0,186.0
48.1272,-84.0,188.0
48.1322,55.0,186.0
48.1372,109.0,186.0
48.1423,-6.0,184.0
48.1472,-162.0,184.0
48.1523,-22.0,182.0
48.1571,224.0,184.0
48.1622,36.0,184.0
48.1672,-265.0,188.0
48.1722,-35.0,188.0
48.1772,256.0,190.0
48.1821,13.0,190.0
48.1872,-205.0,188.0
48.1923,30.0,188.0
48.1972,145.0,186.0
48.2023,-77.0,186.0
48.2073,-100.0,184.0
48.2122,91.0,184.0
48.2172,60.0,182.0
48.2222,-44.0,182.0
48.2273,5.0,180.0
48.2323,-19.0,180.0
48.2372,-89.0,180.0
48.2422,18.0,178.0
48.2472,126.0,180.0
48.2528,45.0,176.0
48.2572,-81.0,174.0
48.2623,-77.0,170.0
48.2673,22.0,168.0
48.2726,26.0,162.0
48.2777,-27.0,160.0
48.2824,55.0,158.0
48.2872,79.0,158.0
48.2922,-93.0,158.0
48.2972,-102.0,160.0
48.3022,73.0,162.0
48.3077,69.0,162.0
48.3123,-35.0,162.0
48.3173,0.0,160.0
48.3225,22.0,158.0
48.3272,-75.0,158.0
48.3327,-46.0,156.0
48.3372,126.0,158.0
48.3423,89.0,156.0
48.3474,-118.0,158.0
48.3522,-102.0,158.0
48.3575,64.0,158.0
48.3622,55.0,158.0
48.3683,-26.0,158.0
48.3723,17.0,158.0
48.3772,43.0,158.0
48.3822,-57.0,158.0
48.3871,-89.0,160.0
48.3928,42.0,160.0
48.3971,104.0,160.0
48.4027,-8.0,160.0
48.4074,-71.0,160.0
48.4121,1.0,160.0
48.4172,24.0,160.0
48.4225,-18.0,160.0
48.4273,6.0,158.0
48.4323,22.0,158.0
48.4372,-33.0,158.0
48.4428,-27.0,158.0
48.4471,71.0,158.0
48.4523,70.0,158.0
48.4572,-101.0,158.0
48.4622,-130.0,160.0
48.468,95.0,160.0
48.4732,146.0,162.0
48.4772,-63.0,162.0
48.4825,-99.0,164.0
48.4872,42.0,164.0
48.4922,34.0,162.0
48.4972,-48.0,162.0
48.5021,-11.0,160.0
48.5073,62.0,160.0
48.5125,54.0,158.0
48.5172,-66.0,158.0
48.5223,-123.0,158.0
48.5272,57.0,156.0
48.5327,153.0,156.0
48.5372,-40.0,156.0
48.5424,-118.0,154.0
48.5474,21.0,154.0
48.5523,56.0,152.0
48.5574,-4.0,152.0
48.5621,-24.0,150.0
48.5673,-14.0,150.0
48.5723,36.0,150.0
48.5773,27.0,150.0
48.5822,-59.0,150.0
48.5871,1.0,148.0
48.5964,85.0,146.0
48.5973,-87.0,146.0
48.6024,-134.0,146.0
48.6074,169.0,148.0
48.6122,200.0,148.0
48.6171,-163.0,150.0
48.6222,-233.0,154.0
48.6272,66.0,154.0
48.6322,196.0,156.0
48.6372,51.0,156.0
48.6425,-107.0,156.0
48.6472,-119.0,156.0
48.653,21.0,156.0
48.6573,125.0,156.0
48.6622,23.0,156.0
48.6672,-105.0,156.0
48.6722,-40.0,154.0
48.6772,80.0,156.0
48.6823,57.0,154.0
48.6873,-39.0,154.0
48.6923,-59.0,154.0
48.6971,-10.0,152.0
48.7021,12.0,150.0
48.7073,25.0,150.0
48.7123,80.0,150.0
48.7172,21.0,148.0
48.7222,-176.0,150.0
48.7282,-105.0,150.0
48.7321,216.0,150.0
48.7371,179.0,152.0
48.7423,-178.0,152.0
48.7473,-205.0,154.0
48.7523,108.0,152.0
48.7572,172.0,154.0
48.7631,-70.0,154.0
48.7674,-109.0,154.0
48.7722,72.0,154.0
48.7772,65.0,154.0
48.7822,-67.0,154.0
48.7871,-49.0,152.0
48.7921,29.0,152.0
48.7973,33.0,150.0
48.8033,13.0,150.0
48.8073,-1.0,146.0
48.8122,-34.0,146.0
48.8173,-53.0,142.0
48.8222,25.0,142.0
48.8282,128.0,142.0
48.8322,36.0,142.0
48.8372,-172.0,142.0
48.8428,-141.0,142.0
48.848,121.0,142.0
48.8523,195.0,144.0
48.8574,-9.0,144.0
48.8623,-138.0,146.0
48.8672,-54.0,146.0
48.8722,40.0,146.0
48.8772,27.0,146.0
48.8823,-3.0,146.0
48.8872,34.0,144.0
48.8923,29.0,144.0
48.8971,-82.0,144.0
48.9021,-48.0,142.0
48.9071,129.0,144.0
48.9123,28.0,144.0
48.9173,-197.0,148.0
48.9222,-11.0,146.0
48.9272,252.0,150.0
48.9331,46.0,148.0
48.9375,-220.0,150.0
48.9424,-92.0,150.0
48.9472,91.0,152.0
48.9522,76.0,152.0
48.9571,46.0,152.0
48.9622,-29.0,152.0
48.9679,-119.0,154.0
48.9722,43.0,154.0
48.9772,139.0,154.0
48.9827,-111.0,154.0
48.9871,-142.0,154.0
48.9921,143.0,154.0
48.9982,131.0,156.0
49.0022,-89.0,156.0
49.0073,-93.0,158.0
49.0121,-8.0,158.0
49.0172,28.0,158.0
49.0222,79.0,158.0
49.0285,30.0,156.0
49.0323,-93.0,158.0
49.0371,-34.0,156.0
49.0422,72.0,158.0
49.0472,-14.0,156.0
49.0522,-55.0,158.0
49.0572,61.0,158.0
49.0622,55.0,158.0
49.0672,-57.0,160.0
49.0722,-57.0,160.0
49.0771,6.0,160.0
49.0823,32.0,160.0
49.0874,43.0,158.0
49.0923,10.0,158.0
49.0971,-53.0,158.0
49.1029,-14.0,156.0
49.1079,46.0,154.0
49.1123,-45.0,152.0
49.1172,-73.0,154.0
49.1222,103.0,154.0
49.1272,125.0,154.0
49.1321,-93.0,156.0
49.1382,-134.0,156.0
49.1422,42.0,158.0
49.149,64.0,158.0
49.1521,-32.0,156.0
49.1571,26.0,156.0
49.1626,81.0,156.0
49.1674,-43.0,156.0
49.1724,-128.0,156.0
49.1774,-29.0,154.0
49.1821,116.0,154.0
49.1872,116.0,156.0
49.1921,-52.0,156.0
49.1972,-130.0,158.0
49.2023,-16.0,158.0
49.2072,65.0,158.0
49.2121,73.0,160.0
49.2171,25.0,160.0
49.2221,-147.0,160.0
49.2274,-104.0,162.0
49.2323,226.0,164.0
49.2372,165.0,166.0
49.2421,-237.0,168.0
49.2472,-167.0,168.0
49.2525,159.0,166.0
49.2572,77.0,166.0
49.2629,-55.0,162.0
49.2672,61.0,162.0
49.2723,-10.0,160.0
49.2779,-154.0,162.0
49.2828,32.0,160.0
49.2873,142.0,160.0
49.2921,-44.0,160.0
49.2974,-50.0,160.0
49.3022,81.0,160.0
49.3077,-38.0,160.0
49.3132,-141.0,162.0
49.3172,69.0,160.0
49.3222,200.0,164.0
49.3272,-49.0,164.0
49.3325,-255.0,166.0
49.3372,-15.0,166.0
49.3423,279.0,170.0
49.3472,119.0,172.0
49.3529,-216.0,174.0
49.3582,-194.0,176.0
49.3621,71.0,176.0
49.3679,150.0,176.0
49.3731,51.0,174.0
49.3773,-9.0,170.0
49.3822,-55.0,168.0
49.3879,-99.0,168.0
49.3922,-34.0,166.0
49.3971,96.0,164.0
49.4025,106.0,166.0
49.4073,-26.0,164.0
49.4122,-97.0,164.0
49.4182,-25.0,164.0
49.4222,36.0,164.0
49.4274,35.0,164.0
49.4323,12.0,162.0
49.4379,-45.0,164.0
49.4421,-41.0,164.0
49.4471,72.0,164.0
49.4521,74.0,166.0
49.4572,-82.0,166.0
49.4622,-99.0,166.0
49.4672,51.0,166.0
49.4729,69.0,166.0
49.4773,-9.0,164.0
49.4823,4.0,162.0
49.4877,-12.0,160.0
49.4925,-68.0,158.0
49.4972,34.0,158.0
49.5022,109.0,158.0
49.5071,-67.0,158.0
49.5123,-157.0,160.0
49.518,75.0,160.0
49.5222,195.0,164.0
49.5271,-21.0,164.0
49.5322,-152.0,166.0
49.5374,-53.0,164.0
49.5422,19.0,164.0
49.5473,66.0,164.0
49.5532,107.0,164.0
49.5572,1.0,162.0
49.5622,-124.0,164.0
49.568,-65.0,160.0
49.5722,45.0,160.0
49.5772,27.0,158.0
49.5822,20.0,156.0
49.5872,103.0,156.0
49.5921,-2.0,156.0
49.5971,-216.0,158.0
49.6024,-66.0,158.0
49.6072,222.0,160.0
49.6122,106.0,162.0
49.6184,-147.0,162.0
49.6222,-93.0,160.0
49.6273,91.0,160.0
49.6322,71.0,158.0
49.6372,-108.0,158.0
49.643,-79.0,158.0
49.6471,148.0,160.0
49.6522,102.0,160.0
49.6572,-136.0,162.0
49.6631,-96.0,162.0
49.6673,64.0,164.0
49.6731,25.0,162.0
49.6772,-14.0,162.0
49.6823,79.0,162.0
49.6872,59.0,162.0
49.6922,-127.0,164.0
49.6972,-154.0,166.0
49.7022,67.0,166.0
49.7071,172.0,168.0
49.7122,30.0,166.0
49.7172,-79.0,168.0
49.7222,-64.0,168.0
49.7271,-21.0,168.0
49.7321,35.0,168.0
49.7372,36.0,168.0
49.7422,-21.0,168.0
49.7473,5.0,168.0
49.7522,54.0,168.0
49.7571,-22.0,168.0
49.7622,-78.0,166.0
49.7672,-1.0,164.0
49.7721,49.0,164.0
49.7774,33.0,162.0
49.7822,15.0,162.0
49.7873,-53.0,162.0
49.7921,-79.0,162.0
49.7971,50.0,164.0
49.8022,114.0,164.0
49.8072,-25.0,164.0
49.8131,-99.0,162.0
49.8172,0.0,162.0
49.8222,39.0,162.0
49.8273,-1.0,160.0
49.8322,27.0,158.0
49.8373,35.0,158.0
49.8424,-57.0,158.0
49.8471,-79.0,158.0
49.8521,40.0,158.0
49.8575,108.0,160.0
49.8622,-13.0,158.0
49.868,-134.0,158.0
49.8731,-12.0,154.0
49.8774,167.0,154.0
49.8821,53.0,152.0
49.8872,-168.0,152.0
49.8922,-86.0,150.0
49.8972,123.0,150.0
49.9021,66.0,152.0
49.9073,-80.0,152.0
49.9137,-13.0,152.0
49.9171,61.0,150.0
49.9222,-22.0,150.0
49.9271,-42.0,148.0
49.9321,41.0,148.0
49.9372,18.0,148.0
49.9423,-49.0,148.0
49.9472,-17.0,146.0
49.9521,19.0,144.0
49.9571,56.0,144.0
49.9621,60.0,142.0
49.9672,-120.0,144.0
49.9722,-156.0,142.0
49.9773,181.0,144.0
49.9822,234.0,144.0
49.9873,-200.0,146.0
49.9922,-254.0,146.0
49.9971,173.0,146.0
50.0022,180.0,148.0
