Time_s,Raw_EMG,Envelope_EMG
0.0004,-20.0,236.0
0.0007,-259.0,240.0
0.0009,-104.0,238.0
0.0011,167.0,240.0
0.0012,173.0,242.0
0.0014,-22.0,240.0
0.0015,-130.0,240.0
0.0016,1.0,238.0
0.0018,27.0,238.0
0.0019,-116.0,240.0
0.002,77.0,240.0
0.0022,258.0,244.0
0.0023,-145.0,244.0
0.0025,-346.0,250.0
0.0026,142.0,252.0
0.0028,329.0,256.0
0.003,-61.0,254.0
0.0032,-176.0,256.0
0.0034,-62.0,254.0
0.0036,-67.0,254.0
0.0037,189.0,252.0
0.0039,286.0,256.0
0.004,-272.0,258.0
0.0042,-382.0,264.0
0.0043,265.0,266.0
0.0045,320.0,270.0
0.0046,-196.0,272.0
0.0048,-153.0,272.0
0.005,158.0,274.0
0.0052,-15.0,272.0
0.0053,-226.0,274.0
0.0055,111.0,274.0
0.0057,414.0,280.0
0.0059,-94.0,280.0
0.0061,-626.0,290.0
0.0063,-42.0,290.0
0.0064,684.0,300.0
0.0066,175.0,302.0
0.0068,-539.0,310.0
0.007,-126.0,310.0
0.0072,370.0,316.0
0.0073,-64.0,314.0
0.0075,-346.0,318.0
0.0076,163.0,320.0
0.0078,376.0,326.0
0.0079,-71.0,326.0
0.0081,-273.0,330.0
0.0083,-58.0,330.0
0.0084,48.0,330.0
0.0085,44.0,330.0
0.0087,118.0,332.0
0.0088,113.0,332.0
0.009,-100.0,332.0
0.0092,-241.0,334.0
0.0093,-45.0,332.0
0.0094,191.0,334.0
0.0096,146.0,334.0
0.0097,-26.0,334.0
0.0099,-101.0,334.0
0.01,-51.0,334.0
0.0102,-17.0,334.0
0.0103,-50.0,334.0
0.0105,68.0,334.0
0.0106,217.0,338.0
0.0107,7.0,336.0
0.0109,-280.0,340.0
0.011,-140.0,342.0
0.0112,202.0,344.0
0.0114,187.0,344.0
0.0116,-88.0,344.0
0.0118,-59.0,344.0
0.0121,93.0,342.0
0.0123,-171.0,344.0
0.0125,-275.0,346.0
0.0127,305.0,350.0
0.0128,500.0,354.0
0.0131,-187.0,356.0
0.0132,-530.0,362.0
0.0134,-130.0,362.0
0.0135,274.0,364.0
0.0137,396.0,368.0
0.0138,72.0,366.0
0.014,-413.0,370.0
0.0141,-208.0,370.0
0.0142,294.0,374.0
0.0144,66.0,372.0
0.0145,-286.0,376.0
0.0147,128.0,378.0
0.0148,373.0,382.0
0.015,-188.0,384.0
0.0151,-356.0,388.0
0.0153,157.0,388.0
0.0154,219.0,390.0
0.0156,-116.0,386.0
0.0157,-93.0,384.0
0.0158,52.0,378.0
0.016,18.0,372.0
0.0161,19.0,364.0
0.0162,46.0,358.0
0.0164,-29.0,354.0
0.0165,-71.0,348.0
0.0166,-15.0,348.0
0.0167,9.0,344.0
0.0169,3.0,342.0
0.017,42.0,342.0
0.0171,136.0,342.0
0.0173,129.0,344.0
0.0175,-270.0,348.0
0.0177,-543.0,356.0
0.018,161.0,358.0
0.0182,870.0,368.0
0.0184,198.0,372.0
0.0186,-786.0,382.0
0.0187,-510.0,390.0
0.0189,365.0,394.0
0.019,533.0,402.0
0.0192,63.0,400.0
0.0193,-329.0,402.0
0.0195,-288.0,398.0
0.0196,99.0,400.0
0.0197,319.0,396.0
0.0199,53.0,392.0
0.02,-231.0,390.0
0.0202,-123.0,386.0
0.0203,66.0,386.0
0.0204,100.0,386.0
0.0206,95.0,386.0
0.0207,-5.0,384.0
0.0208,-115.0,386.0
0.021,-33.0,382.0
0.0211,-53.0,380.0
0.0213,-110.0,380.0
0.0214,213.0,380.0
0.0216,310.0,386.0
0.0217,-142.0,386.0
0.0219,-270.0,390.0
0.022,-85.0,390.0
0.0221,-70.0,390.0
0.0223,194.0,392.0
0.0224,402.0,394.0
0.0226,-107.0,394.0
0.0227,-425.0,394.0
0.0228,36.0,392.0
0.023,181.0,390.0
0.0231,-154.0,392.0
0.0233,52.0,390.0
0.0235,383.0,394.0
0.0237,-72.0,396.0
0.0238,-516.0,400.0
0.024,-77.0,396.0
0.0242,423.0,400.0
0.0244,205.0,396.0
0.0245,-162.0,394.0
0.0247,-198.0,392.0
0.0248,-82.0,392.0
0.025,106.0,390.0
0.0251,178.0,390.0
0.0252,-40.0,392.0
0.0254,-130.0,390.0
0.0255,29.0,388.0
0.0257,26.0,382.0
0.0258,-28.0,382.0
0.026,49.0,372.0
0.0261,58.0,372.0
0.0263,-25.0,362.0
0.0265,-152.0,362.0
0.0267,-137.0,356.0
0.0268,181.0,356.0
0.027,299.0,356.0
0.0271,-8.0,354.0
0.0273,-155.0,352.0
0.0274,-192.0,352.0
0.0276,-343.0,352.0
0.0277,93.0,352.0
0.0279,753.0,360.0
0.028,248.0,362.0
0.0282,-662.0,372.0
0.0284,-391.0,378.0
0.0287,281.0,380.0
0.0289,154.0,380.0
0.0291,-118.0,380.0
0.0293,117.0,378.0
0.0295,296.0,382.0
0.0297,-62.0,380.0
0.0299,-524.0,386.0
0.0302,-275.0,390.0
0.0305,512.0,396.0
0.0306,585.0,406.0
0.0308,-235.0,408.0
0.031,-614.0,418.0
0.0311,-85.0,418.0
0.0312,393.0,420.0
0.0315,250.0,424.0
0.0316,-188.0,422.0
0.0318,-308.0,426.0
0.032,177.0,426.0
0.0321,409.0,428.0
0.0323,-273.0,432.0
0.0324,-490.0,438.0
0.0325,316.0,442.0
0.0327,363.0,444.0
0.0328,-305.0,446.0
0.033,-65.0,442.0
0.0331,301.0,438.0
0.0333,-140.0,438.0
0.0334,-224.0,432.0
0.0336,134.0,432.0
0.0337,-41.0,430.0
0.0339,-112.0,424.0
0.034,357.0,430.0
0.0342,270.0,426.0
0.0343,-402.0,430.0
0.0345,-476.0,432.0
0.0346,112.0,434.0
0.0348,453.0,436.0
0.0349,185.0,438.0
0.0351,-195.0,434.0
0.0352,-174.0,434.0
0.0354,-8.0,428.0
0.0356,-100.0,428.0
0.0358,-49.0,426.0
0.036,322.0,428.0
0.0362,268.0,430.0
0.0364,-267.0,434.0
0.0366,-365.0,440.0
0.0368,31.0,440.0
0.037,200.0,442.0
0.0372,123.0,444.0
0.0373,67.0,444.0
0.0375,-118.0,446.0
0.0376,-209.0,448.0
0.0378,82.0,450.0
0.0379,215.0,452.0
0.0381,-91.0,452.0
0.0382,-200.0,452.0
0.0383,86.0,450.0
0.0385,182.0,444.0
0.0386,-55.0,442.0
0.0388,-137.0,432.0
0.039,90.0,430.0
0.0391,115.0,420.0
0.0393,-227.0,414.0
0.0394,-194.0,412.0
0.0396,340.0,408.0
0.0397,354.0,414.0
0.0399,-269.0,412.0
0.04,-433.0,414.0
0.0402,38.0,414.0
0.0403,288.0,414.0
0.0405,123.0,414.0
0.0406,1.0,410.0
0.0407,-27.0,410.0
0.0409,-193.0,412.0
0.041,-227.0,414.0
0.0412,128.0,414.0
0.0413,329.0,418.0
0.0415,99.0,418.0
0.0417,-106.0,420.0
0.042,-254.0,422.0
0.0425,-272.0,426.0
0.0428,218.0,426.0
0.0431,492.0,428.0
0.0433,-95.0,428.0
0.0437,-395.0,430.0
0.0439,54.0,430.0
0.044,94.0,430.0
0.0443,-130.0,428.0
0.0444,134.0,424.0
0.0445,173.0,426.0
0.0447,-77.0,420.0
0.0448,0.0,420.0
0.045,-207.0,420.0
0.0451,-364.0,424.0
0.0452,423.0,428.0
0.0454,657.0,434.0
0.0456,-374.0,438.0
0.0458,-628.0,440.0
0.046,179.0,442.0
0.0461,276.0,438.0
0.0463,-95.0,438.0
0.0464,162.0,438.0
0.0466,208.0,438.0
0.0467,-434.0,442.0
0.0469,-381.0,448.0
0.047,450.0,452.0
0.0473,458.0,458.0
0.0478,-271.0,460.0
0.048,-407.0,466.0
0.0482,16.0,466.0
0.0485,252.0,470.0
0.0495,155.0,472.0
0.0498,-40.0,470.0
0.0501,-98.0,472.0
0.0503,-98.0,472.0
0.0506,-146.0,472.0
0.0513,49.0,470.0
0.0516,348.0,470.0
0.0518,135.0,472.0
0.0519,-357.0,476.0
0.0521,-314.0,476.0
0.0522,188.0,474.0
0.0524,375.0,478.0
0.0525,113.0,468.0
0.0527,-254.0,470.0
0.0528,-454.0,466.0
0.053,11.0,460.0
0.0531,625.0,466.0
0.0533,140.0,464.0
0.0534,-521.0,472.0
0.0536,-46.0,470.0
0.0537,295.0,470.0
0.054,-181.0,472.0
0.0542,-152.0,466.0
0.0544,320.0,466.0
0.0545,129.0,460.0
0.0547,-308.0,456.0
0.0549,-153.0,456.0
0.0551,205.0,448.0
0.0552,150.0,450.0
0.0554,-57.0,444.0
0.0555,-60.0,442.0
0.0557,-36.0,440.0
0.0558,-71.0,436.0
0.056,-51.0,434.0
0.0561,70.0,428.0
0.0562,234.0,428.0
0.0564,112.0,422.0
0.0565,-261.0,420.0
0.0567,-249.0,420.0
0.0568,103.0,416.0
0.057,113.0,416.0
0.0571,-32.0,412.0
0.0573,208.0,414.0
0.0574,225.0,414.0
0.0576,-410.0,418.0
0.0578,-454.0,424.0
0.058,375.0,428.0
0.0582,385.0,428.0
0.0584,-291.0,430.0
0.0585,-56.0,424.0
0.0586,317.0,422.0
0.0588,-223.0,424.0
0.059,-365.0,422.0
0.0591,313.0,424.0
0.0593,331.0,426.0
0.0594,-306.0,428.0
0.0596,-271.0,432.0
0.0598,298.0,436.0
0.06,256.0,438.0
0.0602,-243.0,438.0
0.0604,-249.0,436.0
0.0606,110.0,434.0
0.0608,183.0,432.0
0.0609,-14.0,432.0
0.0611,-90.0,430.0
0.0612,55.0,428.0
0.0614,55.0,428.0
0.0616,-141.0,428.0
0.0617,-75.0,426.0
0.0619,116.0,428.0
0.062,41.0,424.0
0.0621,12.0,424.0
0.0623,95.0,422.0
0.0624,-75.0,422.0
0.0625,-220.0,422.0
0.0627,-24.0,422.0
0.0628,181.0,422.0
0.063,124.0,422.0
0.0631,-6.0,422.0
0.0632,-31.0,418.0
0.0634,-115.0,416.0
0.0636,-185.0,414.0
0.0637,86.0,410.0
0.0638,302.0,410.0
0.0639,8.0,404.0
0.0641,-237.0,408.0
0.0642,-31.0,404.0
0.0644,109.0,402.0
0.0645,-48.0,404.0
0.0647,-60.0,404.0
0.0648,118.0,402.0
0.0649,75.0,400.0
0.0651,-99.0,400.0
0.0652,-21.0,396.0
0.0654,88.0,396.0
0.0655,-116.0,396.0
0.0657,-169.0,394.0
0.066,205.0,392.0
0.0662,225.0,394.0
0.0665,-181.0,388.0
0.0668,-133.0,388.0
0.067,103.0,384.0
0.0672,-27.0,384.0
0.0673,-40.0,382.0
0.0674,98.0,382.0
0.0676,11.0,380.0
0.0677,-54.0,378.0
0.0678,27.0,378.0
0.068,12.0,378.0
0.0681,-112.0,376.0
0.0683,-90.0,372.0
0.0684,177.0,368.0
0.0685,294.0,362.0
0.0687,-117.0,358.0
0.0694,-536.0,358.0
0.0695,-68.0,356.0
0.0697,713.0,362.0
0.0698,306.0,366.0
0.0702,-726.0,374.0
0.0704,-507.0,380.0
0.0705,537.0,380.0
0.0707,552.0,384.0
0.0708,-257.0,380.0
0.071,-397.0,380.0
0.0711,67.0,376.0
0.0713,155.0,372.0
0.0742,-13.0,372.0
0.0794,56.0,370.0
0.0848,6.0,366.0
0.0894,-211.0,370.0
0.0943,-7.0,368.0
0.0993,267.0,370.0
0.1042,49.0,370.0
0.1095,-203.0,372.0
0.1148,-130.0,368.0
0.1194,91.0,368.0
0.1251,194.0,366.0
0.1293,-15.0,360.0
0.1342,-200.0,360.0
0.1393,-1.0,354.0
0.1446,145.0,356.0
0.1493,-20.0,352.0
0.1544,-68.0,346.0
0.1592,64.0,346.0
0.1642,23.0,336.0
0.1692,-134.0,336.0
0.1743,-36.0,330.0
0.1793,195.0,332.0
0.1844,103.0,328.0
0.1893,-170.0,328.0
0.1942,-175.0,328.0
0.2003,53.0,324.0
0.2044,170.0,326.0
0.2092,80.0,322.0
0.2142,-51.0,320.0
0.2193,-184.0,320.0
0.2243,-159.0,320.0
0.2297,255.0,324.0
0.2344,426.0,328.0
0.2403,-254.0,332.0
0.2443,-629.0,340.0
0.2493,127.0,342.0
0.2545,559.0,350.0
0.2594,40.0,346.0
0.2645,-173.0,348.0
0.2692,-41.0,344.0
0.2748,-257.0,344.0
0.2792,-173.0,346.0
0.2844,413.0,350.0
0.2896,384.0,356.0
0.2942,-271.0,356.0
0.2992,-364.0,358.0
0.3042,89.0,354.0
0.3092,162.0,350.0
0.3155,-78.0,344.0
0.3194,-21.0,338.0
0.3244,166.0,336.0
0.3292,39.0,336.0
0.3343,-179.0,334.0
0.3407,-63.0,332.0
0.3444,137.0,328.0
0.3493,-30.0,324.0
0.3542,-202.0,322.0
0.3593,121.0,320.0
0.3643,386.0,320.0
0.3705,-38.0,316.0
0.3744,-518.0,320.0
0.3793,-171.0,320.0
0.3846,465.0,324.0
0.3892,306.0,326.0
0.3943,-265.0,328.0
0.3995,-250.0,332.0
0.4044,78.0,332.0
0.4094,98.0,332.0
0.4143,-29.0,332.0
0.4194,-49.0,330.0
0.4243,75.0,330.0
0.4299,215.0,332.0
0.4345,-67.0,332.0
0.4393,-476.0,340.0
0.4443,-47.0,338.0
0.4497,564.0,346.0
0.4544,111.0,344.0
0.4595,-381.0,350.0
0.4644,39.0,348.0
0.4693,159.0,348.0
0.4742,-302.0,352.0
0.4795,-116.0,354.0
0.4842,416.0,358.0
0.4894,173.0,358.0
0.4944,-288.0,362.0
0.4993,-146.0,360.0
0.5042,67.0,360.0
0.5092,37.0,358.0
0.5143,60.0,358.0
0.5193,5.0,356.0
0.5249,-75.0,356.0
0.5292,85.0,356.0
0.5343,89.0,356.0
0.5394,-180.0,358.0
0.5444,-126.0,358.0
0.5493,109.0,360.0
0.5543,64.0,360.0
0.5592,79.0,358.0
0.5654,136.0,358.0
0.5695,-186.0,358.0
0.5746,-300.0,360.0
0.5794,144.0,358.0
0.5842,254.0,360.0
0.5892,-61.0,360.0
0.5942,-44.0,360.0
0.5993,27.0,360.0
0.6046,-147.0,360.0
0.6093,-13.0,360.0
0.6144,219.0,364.0
0.6194,-38.0,364.0
0.6245,-211.0,366.0
0.6296,107.0,366.0
0.6344,175.0,368.0
0.6393,-138.0,368.0
0.6443,-109.0,364.0
0.6494,132.0,364.0
0.6543,-11.0,356.0
0.6593,-110.0,356.0
0.6645,178.0,348.0
0.6693,108.0,346.0
0.6742,-338.0,340.0
0.6792,-184.0,334.0
0.6843,394.0,332.0
0.6902,300.0,328.0
0.6943,-313.0,330.0
0.6992,-336.0,328.0
0.7051,199.0,330.0
0.7096,303.0,332.0
0.7144,-118.0,334.0
0.7194,-289.0,338.0
0.7243,14.0,338.0
0.73,239.0,338.0
0.7342,86.0,340.0
0.7393,-90.0,336.0
0.7442,-47.0,336.0
0.7493,-50.0,334.0
0.7543,-152.0,334.0
0.7597,57.0,334.0
0.7643,385.0,338.0
0.7693,53.0,338.0
0.7743,-537.0,344.0
0.7793,-194.0,346.0
0.7843,557.0,352.0
0.7892,298.0,356.0
0.7943,-433.0,362.0
0.7995,-309.0,366.0
0.8044,221.0,370.0
0.8092,216.0,370.0
0.8147,-29.0,370.0
0.8194,-89.0,370.0
0.8257,-63.0,368.0
0.8293,35.0,366.0
0.8344,76.0,364.0
0.8401,-66.0,364.0
0.8442,-106.0,364.0
0.8491,70.0,364.0
0.8552,197.0,366.0
0.8593,29.0,364.0
0.8642,-254.0,366.0
0.8693,-131.0,364.0
0.8743,184.0,360.0
0.8793,90.0,356.0
0.8843,-55.0,348.0
0.8894,69.0,346.0
0.8942,-11.0,338.0
0.8992,-221.0,342.0
0.9042,12.0,338.0
0.9092,359.0,344.0
0.9145,25.0,340.0
0.9194,-553.0,346.0
0.9244,-151.0,342.0
0.9292,705.0,346.0
0.9345,361.0,348.0
0.9392,-631.0,352.0
0.9445,-483.0,358.0
0.9495,356.0,362.0
0.9543,380.0,366.0
0.9592,-85.0,368.0
0.9642,-144.0,368.0
0.9692,-66.0,368.0
0.9745,-43.0,366.0
0.9793,122.0,366.0
0.9842,129.0,366.0
0.9892,-127.0,368.0
0.9944,-158.0,366.0
0.9995,101.0,366.0
1.0045,130.0,362.0
1.0094,-73.0,364.0
1.0142,-36.0,356.0
1.0192,70.0,354.0
1.0244,-52.0,348.0
1.0296,-72.0,344.0
1.0344,75.0,342.0
1.0394,47.0,338.0
1.0442,-53.0,338.0
1.0493,-10.0,336.0
1.0542,8.0,336.0
1.0591,-33.0,336.0
1.0654,35.0,334.0
1.0694,145.0,334.0
1.0747,-2.0,332.0
1.0793,-356.0,330.0
1.0843,-146.0,332.0
1.0894,555.0,332.0
1.0943,317.0,336.0
1.0992,-584.0,338.0
1.1042,-368.0,344.0
1.1093,414.0,348.0
1.1145,260.0,348.0
1.1194,-196.0,348.0
1.1243,-67.0,342.0
1.1292,137.0,342.0
1.1342,-87.0,340.0
1.1393,-297.0,342.0
1.1443,93.0,342.0
1.1503,533.0,350.0
1.1543,47.0,350.0
1.1597,-676.0,360.0
1.1643,-216.0,362.0
1.1706,662.0,372.0
1.1742,296.0,374.0
1.1794,-495.0,380.0
1.1843,-227.0,382.0
1.1893,272.0,384.0
1.1942,22.0,382.0
1.1994,-179.0,384.0
1.2043,189.0,386.0
1.2093,291.0,386.0
1.2143,-250.0,386.0
1.2193,-446.0,390.0
1.2244,146.0,390.0
1.2304,420.0,394.0
1.2343,1.0,394.0
1.2394,-161.0,396.0
1.2442,-122.0,396.0
1.2493,-219.0,400.0
1.2551,212.0,398.0
1.2592,547.0,406.0
1.2643,-233.0,408.0
1.2693,-643.0,416.0
1.2743,157.0,416.0
1.2794,441.0,420.0
1.2849,-75.0,420.0
1.2893,-106.0,420.0
1.295,110.0,420.0
1.2993,-94.0,420.0
1.3045,-246.0,422.0
1.3093,50.0,420.0
1.3145,326.0,420.0
1.3193,103.0,420.0
1.3243,-229.0,416.0
1.3296,-142.0,414.0
1.3342,62.0,410.0
1.3393,22.0,406.0
1.3444,-54.0,402.0
1.3503,72.0,400.0
1.3549,205.0,400.0
1.3592,-24.0,396.0
1.3643,-292.0,400.0
1.3693,-53.0,398.0
1.3744,190.0,400.0
1.3794,19.0,398.0
1.3848,39.0,398.0
1.3893,125.0,400.0
1.3948,-275.0,402.0
1.3993,-287.0,406.0
1.4044,388.0,406.0
1.4093,367.0,410.0
1.4142,-312.0,406.0
1.4193,-296.0,408.0
1.4254,102.0,402.0
1.4292,81.0,398.0
1.4344,94.0,392.0
1.4392,159.0,390.0
1.4442,-163.0,390.0
1.4492,-263.0,390.0
1.4543,99.0,390.0
1.4594,180.0,392.0
1.4651,31.0,392.0
1.4692,-19.0,392.0
1.4743,-148.0,392.0
1.4792,-82.0,392.0
1.4843,161.0,394.0
1.4894,86.0,394.0
1.4947,-31.0,392.0
1.4993,-23.0,392.0
1.5044,-201.0,390.0
1.5094,-86.0,390.0
1.5144,386.0,394.0
1.5193,228.0,396.0
1.5243,-325.0,400.0
1.5292,-283.0,402.0
1.5345,27.0,402.0
1.5393,95.0,402.0
1.5455,213.0,404.0
1.5492,273.0,402.0
1.5543,-155.0,404.0
1.5592,-509.0,404.0
1.5644,-62.0,402.0
1.5694,436.0,398.0
1.5744,112.0,394.0
1.5794,-264.0,388.0
1.5842,54.0,382.0
1.5892,251.0,380.0
1.5943,-177.0,378.0
1.6002,-343.0,382.0
1.6042,106.0,380.0
1.6093,347.0,386.0
1.6142,53.0,386.0
1.6192,-212.0,386.0
1.625,-174.0,388.0
1.6295,13.0,386.0
1.6345,223.0,386.0
1.6393,164.0,388.0
1.6442,-218.0,390.0
1.6494,-274.0,392.0
1.6545,182.0,394.0
1.6594,301.0,398.0
1.6645,-147.0,400.0
1.6693,-238.0,402.0
1.6742,173.0,404.0
1.6796,133.0,406.0
1.6853,-275.0,408.0
1.6893,-76.0,410.0
1.6944,359.0,416.0
1.6992,78.0,416.0
1.7042,-313.0,420.0
1.7092,-61.0,418.0
1.7143,160.0,422.0
1.7193,7.0,416.0
1.7244,-34.0,414.0
1.7292,12.0,406.0
1.7341,14.0,400.0
1.7392,41.0,392.0
1.7447,-50.0,388.0
1.7504,-141.0,384.0
1.7548,57.0,380.0
1.7592,204.0,380.0
1.7642,-8.0,380.0
1.7693,-182.0,380.0
1.7743,-80.0,380.0
1.7794,165.0,378.0
1.7842,209.0,380.0
1.7892,-252.0,376.0
1.7943,-393.0,380.0
1.8006,336.0,376.0
1.8042,563.0,380.0
1.8092,-235.0,374.0
1.8151,-551.0,378.0
1.8203,23.0,370.0
1.8248,302.0,372.0
1.8295,63.0,368.0
1.8343,4.0,368.0
1.8393,19.0,366.0
1.8451,-190.0,366.0
1.8492,-129.0,364.0
1.8543,270.0,364.0
1.8593,187.0,360.0
1.8651,-323.0,362.0
1.8692,-189.0,358.0
1.8741,356.0,364.0
1.8792,91.0,364.0
1.8845,-366.0,366.0
1.8895,109.0,366.0
1.8944,366.0,368.0
1.8993,-294.0,364.0
1.9042,-317.0,364.0
1.9095,336.0,360.0
1.9144,171.0,360.0
1.9192,-231.0,358.0
1.9242,41.0,356.0
1.9292,77.0,356.0
1.9342,-230.0,358.0
1.9393,0.0,356.0
1.9442,293.0,358.0
1.9492,46.0,358.0
1.9543,-175.0,354.0
1.9592,-126.0,356.0
1.9642,-58.0,352.0
1.9694,120.0,352.0
1.9752,242.0,354.0
1.9794,-5.0,354.0
1.9843,-252.0,358.0
1.9892,-134.0,358.0
1.9942,104.0,358.0
2.0001,194.0,360.0
2.0044,84.0,356.0
2.0093,-106.0,358.0
2.0143,-160.0,356.0
2.0191,-79.0,358.0
2.0255,48.0,358.0
2.0295,186.0,358.0
2.0343,120.0,356.0
2.0392,-106.0,354.0
2.0443,-142.0,350.0
2.0497,-21.0,344.0
2.0542,2.0,340.0
2.0593,-13.0,336.0
2.0645,113.0,336.0
2.0693,206.0,338.0
2.0742,-83.0,338.0
2.0792,-353.0,340.0
2.0842,-27.0,338.0
2.0894,327.0,340.0
2.0944,116.0,340.0
2.0992,-203.0,340.0
2.1042,-186.0,342.0
2.1093,104.0,344.0
2.1144,290.0,346.0
2.1193,-20.0,344.0
2.1243,-360.0,348.0
2.1292,-114.0,348.0
2.1343,229.0,352.0
2.1394,239.0,354.0
2.1444,100.0,354.0
2.1494,-229.0,356.0
2.1542,-341.0,354.0
2.1592,156.0,354.0
2.1642,285.0,352.0
2.1692,-245.0,352.0
2.1744,-107.0,354.0
2.1794,532.0,360.0
2.1842,106.0,358.0
2.1892,-775.0,366.0
2.1944,-311.0,368.0
2.1994,746.0,372.0
2.2043,503.0,380.0
2.2095,-463.0,380.0
2.2142,-512.0,386.0
2.2194,94.0,384.0
2.2242,341.0,388.0
2.2295,225.0,388.0
2.2344,-63.0,386.0
2.2395,-394.0,386.0
2.2443,-224.0,388.0
2.2494,353.0,388.0
2.2544,344.0,394.0
2.2598,-204.0,394.0
2.2645,-207.0,394.0
2.2695,139.0,396.0
2.2742,-13.0,392.0
2.2794,-186.0,392.0
2.2842,105.0,390.0
2.2894,217.0,390.0
2.2946,-80.0,388.0
2.2993,-183.0,386.0
2.3042,74.0,386.0
2.3092,187.0,384.0
2.3145,-102.0,384.0
2.3195,-304.0,386.0
2.3242,55.0,382.0
2.3292,421.0,388.0
2.3342,83.0,384.0
2.3403,-376.0,388.0
2.3442,-175.0,386.0
2.3493,196.0,388.0
2.355,134.0,388.0
2.3602,-60.0,388.0
2.3642,-35.0,388.0
2.3695,81.0,390.0
2.3742,0.0,390.0
2.3794,-226.0,392.0
2.3842,-80.0,394.0
2.3891,351.0,396.0
2.3945,202.0,398.0
2.3993,-338.0,400.0
2.4043,-216.0,404.0
2.4095,214.0,404.0
2.4143,76.0,404.0
2.4193,-64.0,402.0
2.4243,104.0,402.0
2.4295,-109.0,398.0
2.4343,-237.0,396.0
2.4394,287.0,396.0
2.4442,332.0,392.0
2.4491,-340.0,394.0
2.4542,-378.0,392.0
2.4594,212.0,394.0
2.4643,317.0,394.0
2.4692,-49.0,394.0
2.4742,-143.0,396.0
2.4791,-1.0,396.0
2.4844,-53.0,394.0
2.4894,-35.0,392.0
2.4944,164.0,390.0
2.4992,58.0,388.0
2.5044,-162.0,386.0
2.5094,-17.0,384.0
2.5144,98.0,380.0
2.5192,-72.0,380.0
2.5242,-36.0,374.0
2.5292,157.0,374.0
2.5342,1.0,368.0
2.54,-190.0,368.0
2.5443,18.0,362.0
2.5493,178.0,360.0
2.5542,-37.0,358.0
2.5598,-173.0,358.0
2.5642,42.0,358.0
2.5692,199.0,360.0
2.5754,3.0,356.0
2.5793,-165.0,358.0
2.5843,-74.0,354.0
2.5892,-39.0,354.0
2.5944,34.0,352.0
2.5994,302.0,356.0
2.6043,169.0,356.0
2.6093,-352.0,360.0
2.6143,-344.0,362.0
2.6193,141.0,364.0
2.6242,286.0,364.0
2.6293,82.0,364.0
2.6345,-65.0,364.0
2.6393,-142.0,362.0
2.6442,-87.0,362.0
2.6492,136.0,364.0
2.6542,79.0,362.0
2.6593,-205.0,364.0
2.6643,-5.0,364.0
2.6692,291.0,364.0
2.6749,-27.0,364.0
2.6792,-264.0,366.0
2.6843,6.0,364.0
2.6893,123.0,366.0
2.6942,39.0,366.0
2.6992,42.0,366.0
2.7042,-82.0,366.0
2.7092,-156.0,364.0
2.7145,109.0,366.0
2.7194,188.0,362.0
2.7244,-119.0,364.0
2.7294,-164.0,362.0
2.7343,99.0,362.0
2.7392,127.0,360.0
2.7444,-48.0,358.0
2.7493,-94.0,358.0
2.7543,11.0,354.0
2.7591,66.0,354.0
2.7642,-34.0,350.0
2.7693,-49.0,348.0
2.7743,98.0,346.0
2.7793,60.0,344.0
2.7842,-139.0,344.0
2.7891,-96.0,342.0
2.7942,127.0,338.0
2.7992,122.0,338.0
2.8044,-91.0,334.0
2.8093,-114.0,332.0
2.8142,42.0,332.0
2.8192,95.0,326.0
2.8242,29.0,324.0
2.8294,-87.0,314.0
2.8343,-110.0,310.0
2.8392,80.0,300.0
2.8442,169.0,294.0
2.8491,-37.0,288.0
2.8542,-183.0,282.0
2.8593,-53.0,282.0
2.8644,140.0,278.0
2.8692,152.0,278.0
2.8741,-62.0,278.0
2.8792,-198.0,274.0
2.8842,-2.0,272.0
2.8893,183.0,268.0
2.8943,35.0,264.0
2.8992,-122.0,262.0
2.9042,-35.0,260.0
2.9094,24.0,258.0
2.9143,-20.0,258.0
2.9194,51.0,256.0
2.9244,116.0,256.0
2.9292,-44.0,254.0
2.9342,-162.0,254.0
2.9404,-9.0,252.0
2.9448,78.0,252.0
2.9493,19.0,250.0
2.9543,95.0,250.0
2.9593,35.0,246.0
2.9655,-214.0,248.0
2.9696,-67.0,242.0
2.9747,178.0,244.0
2.9802,-25.0,238.0
2.9843,-64.0,236.0
2.9903,206.0,236.0
2.9946,41.0,234.0
2.9995,-311.0,238.0
3.0048,-144.0,240.0
3.0103,231.0,242.0
3.0145,226.0,246.0
3.0194,-40.0,244.0
3.0246,-155.0,244.0
3.0297,-86.0,240.0
3.0347,-31.0,238.0
3.0393,68.0,234.0
3.0442,182.0,234.0
3.0501,11.0,230.0
3.0546,-186.0,232.0
3.06,-18.0,230.0
3.0655,83.0,230.0
3.0703,-55.0,230.0
3.0743,0.0,226.0
3.0794,88.0,222.0
3.0847,-19.0,218.0
3.0896,-17.0,214.0
3.0943,29.0,208.0
3.0992,-51.0,206.0
3.1045,-50.0,200.0
3.1096,-3.0,200.0
3.1149,44.0,198.0
3.1198,148.0,200.0
3.1246,9.0,200.0
3.1295,-281.0,204.0
3.1344,-108.0,204.0
3.1397,333.0,208.0
3.1444,234.0,208.0
3.1499,-255.0,212.0
3.1546,-303.0,216.0
3.1592,76.0,216.0
3.1644,230.0,218.0
3.1697,68.0,218.0
3.1758,-70.0,218.0
3.1797,-71.0,216.0
3.1843,-30.0,216.0
3.1895,-62.0,214.0
3.1941,6.0,214.0
3.1997,245.0,216.0
3.2049,105.0,216.0
3.2092,-366.0,220.0
3.2144,-224.0,222.0
3.2194,352.0,226.0
3.2247,265.0,228.0
3.2298,-240.0,232.0
3.235,-198.0,234.0
3.2393,142.0,232.0
3.2442,92.0,230.0
3.2492,-115.0,226.0
3.2546,-35.0,222.0
3.2599,124.0,222.0
3.2647,17.0,218.0
3.2695,-130.0,218.0
3.2742,20.0,218.0
3.2792,135.0,218.0
3.2854,-79.0,218.0
3.2897,-150.0,218.0
3.2947,105.0,218.0
3.2994,164.0,218.0
3.3041,-73.0,218.0
3.3099,-149.0,216.0
3.3146,26.0,216.0
3.321,80.0,214.0
3.3244,-10.0,214.0
3.3293,23.0,212.0
3.3341,16.0,212.0
3.3396,-122.0,212.0
3.3457,-11.0,212.0
3.3491,216.0,212.0
3.3547,8.0,210.0
3.3591,-308.0,212.0
3.3642,-66.0,212.0
3.3706,339.0,214.0
3.3742,181.0,216.0
3.3792,-235.0,218.0
3.3843,-230.0,220.0
3.3901,23.0,220.0
3.3945,100.0,220.0
3.3998,161.0,222.0
3.405,145.0,224.0
3.4094,-213.0,226.0
3.4143,-330.0,230.0
3.4191,164.0,232.0
3.4246,347.0,234.0
3.4308,-127.0,236.0
3.4347,-225.0,238.0
3.4392,158.0,238.0
3.4444,55.0,238.0
3.4493,-237.0,238.0
3.4542,74.0,240.0
3.4592,313.0,242.0
3.4643,-98.0,244.0
3.4693,-319.0,248.0
3.4743,31.0,246.0
3.4795,225.0,248.0
3.4845,34.0,246.0
3.4897,-71.0,246.0
3.4947,-33.0,244.0
3.4994,-68.0,244.0
3.5044,-25.0,244.0
3.5094,143.0,242.0
3.5145,94.0,244.0
3.5206,-129.0,242.0
3.5251,-119.0,244.0
3.5293,51.0,242.0
3.5344,75.0,242.0
3.5394,27.0,242.0
3.5454,-7.0,240.0
3.5504,-79.0,242.0
3.5549,-41.0,242.0
3.5597,102.0,242.0
3.5651,74.0,242.0
3.5696,-63.0,242.0
3.5743,-92.0,242.0
3.5796,-28.0,242.0
3.5843,99.0,242.0
3.5892,92.0,244.0
3.5944,-133.0,244.0
3.5998,-84.0,244.0
3.6049,201.0,244.0
3.6097,64.0,244.0
3.6145,-215.0,244.0
3.6193,-71.0,246.0
3.6245,81.0,246.0
3.6299,59.0,244.0
3.6347,187.0,246.0
3.6401,29.0,242.0
3.6445,-435.0,246.0
3.6496,-159.0,244.0
3.6545,502.0,250.0
3.6592,206.0,252.0
3.6647,-401.0,256.0
3.6692,-118.0,256.0
3.6751,289.0,260.0
3.6791,0.0,260.0
3.6847,-233.0,260.0
3.6895,34.0,260.0
3.6946,173.0,260.0
3.6994,1.0,260.0
3.7043,-85.0,260.0
3.7096,-34.0,260.0
3.7148,26.0,260.0
3.7197,45.0,260.0
3.7249,-30.0,260.0
3.7295,-77.0,260.0
3.7351,56.0,260.0
3.7394,143.0,262.0
3.745,-26.0,262.0
3.7504,-197.0,264.0
3.7541,-80.0,266.0
3.7594,202.0,266.0
3.7642,205.0,270.0
3.7695,-179.0,268.0
3.7749,-264.0,270.0
3.7791,180.0,268.0
3.7841,216.0,268.0
3.7893,-216.0,266.0
3.7942,-110.0,264.0
3.8,243.0,266.0
3.8048,32.0,264.0
3.8092,-204.0,266.0
3.8144,0.0,264.0
3.8194,97.0,264.0
3.8252,-42.0,264.0
3.8297,22.0,264.0
3.8347,111.0,266.0
3.8393,-99.0,264.0
3.8445,-188.0,264.0
3.8495,133.0,262.0
3.8546,271.0,262.0
3.8604,-142.0,258.0
3.8642,-355.0,260.0
3.8693,111.0,258.0
3.8744,405.0,262.0
3.8793,-19.0,260.0
3.8847,-368.0,264.0
3.89,-74.0,264.0
3.8941,241.0,266.0
3.8991,87.0,266.0
3.9044,-106.0,268.0
3.9094,-56.0,266.0
3.9144,48.0,266.0
3.921,96.0,266.0
3.9242,-50.0,266.0
3.9292,-196.0,266.0
3.9343,36.0,266.0
3.9394,225.0,266.0
3.9442,5.0,264.0
3.9498,-128.0,264.0
3.9547,-17.0,264.0
3.9594,-12.0,264.0
3.9643,-36.0,264.0
3.9701,86.0,264.0
3.9744,129.0,266.0
3.98,-52.0,266.0
3.9843,-213.0,268.0
3.99,-64.0,266.0
3.9947,255.0,270.0
3.9994,222.0,268.0
4.0049,-221.0,272.0
4.0093,-349.0,272.0
4.0142,88.0,270.0
4.0193,350.0,272.0
4.0244,79.0,270.0
4.0294,-204.0,272.0
4.0343,-167.0,274.0
4.0393,-5.0,270.0
4.0443,108.0,270.0
4.0493,193.0,270.0
4.0545,78.0,266.0
4.0593,-298.0,268.0
4.0643,-297.0,268.0
4.0694,276.0,270.0
4.0744,400.0,272.0
4.0796,-162.0,272.0
4.0844,-312.0,276.0
4.0893,83.0,274.0
4.0946,144.0,276.0
4.0993,-94.0,272.0
4.1043,-54.0,270.0
4.1093,99.0,268.0
4.1145,40.0,268.0
4.1193,-46.0,264.0
4.1245,-10.0,264.0
4.1293,33.0,264.0
4.1345,-9.0,264.0
4.1396,-96.0,264.0
4.1443,-77.0,264.0
4.1494,89.0,264.0
4.1544,214.0,266.0
4.1594,83.0,266.0
4.1643,-216.0,266.0
4.1694,-265.0,270.0
4.1743,63.0,270.0
4.1793,259.0,274.0
4.1843,53.0,274.0
4.1893,-114.0,274.0
4.1944,-31.0,274.0
4.1993,30.0,274.0
4.2044,-4.0,272.0
4.2093,-50.0,272.0
4.2143,-37.0,272.0
4.2193,68.0,272.0
4.2244,66.0,272.0
4.2293,-50.0,270.0
4.2344,-5.0,268.0
4.2393,43.0,268.0
4.2444,-92.0,266.0
4.2503,-49.0,266.0
4.2544,159.0,266.0
4.2593,46.0,264.0
4.2645,-175.0,266.0
4.2695,-41.0,266.0
4.2758,145.0,266.0
4.2794,56.0,266.0
4.2845,-89.0,260.0
4.2895,-116.0,260.0
4.2944,14.0,252.0
4.2994,221.0,252.0
4.3056,81.0,248.0
4.3094,-298.0,250.0
4.3163,-199.0,248.0
4.3193,241.0,252.0
4.3243,306.0,254.0
4.3295,-33.0,254.0
4.3344,-342.0,256.0
4.3407,-191.0,260.0
4.3451,274.0,262.0
4.3501,267.0,266.0
4.3552,-138.0,268.0
4.3593,-161.0,270.0
4.3643,15.0,270.0
4.3693,-15.0,268.0
4.3756,38.0,268.0
4.3793,139.0,268.0
4.3843,-8.0,268.0
4.3898,-147.0,266.0
4.3944,-88.0,266.0
4.3994,38.0,264.0
4.4043,176.0,264.0
4.4093,122.0,262.0
4.4152,-156.0,262.0
4.4193,-214.0,262.0
4.4242,57.0,260.0
4.4293,182.0,258.0
4.435,-14.0,258.0
4.4395,-130.0,256.0
4.4443,48.0,256.0
4.4493,170.0,256.0
4.4555,-21.0,256.0
4.4593,-221.0,258.0
4.4643,-107.0,258.0
4.4692,134.0,260.0
4.4743,210.0,262.0
4.4793,68.0,262.0
4.4843,-211.0,262.0
4.4893,-250.0,264.0
4.4942,163.0,262.0
4.4992,344.0,266.0
4.5042,-112.0,262.0
4.5092,-346.0,264.0
4.5142,89.0,260.0
4.5194,256.0,264.0
4.5243,-116.0,260.0
4.5292,-118.0,260.0
4.5345,165.0,260.0
4.5395,-2.0,258.0
4.5443,-195.0,260.0
4.5492,76.0,260.0
4.5546,233.0,262.0
4.5593,-104.0,262.0
4.5642,-332.0,268.0
4.5706,77.0,266.0
4.577,467.0,272.0
4.5792,-9.0,268.0
4.5842,-533.0,276.0
4.5892,-29.0,276.0
4.5943,462.0,282.0
4.5992,-21.0,282.0
4.6042,-298.0,286.0
4.6093,123.0,286.0
4.6142,138.0,288.0
4.6192,-179.0,290.0
4.6243,-38.0,286.0
4.6296,132.0,288.0
4.6344,14.0,284.0
4.6392,2.0,280.0
4.6442,-49.0,278.0
4.6493,-153.0,274.0
4.6542,65.0,274.0
4.6594,209.0,272.0
4.6642,-12.0,270.0
4.6692,-111.0,270.0
4.6742,-33.0,268.0
4.6793,-44.0,268.0
4.6843,-18.0,266.0
4.6893,91.0,264.0
4.6942,110.0,266.0
4.6992,6.0,260.0
4.7043,-106.0,258.0
4.7093,-131.0,256.0
4.7145,-14.0,250.0
4.7192,173.0,250.0
4.7242,119.0,246.0
4.7292,-125.0,248.0
4.7343,-98.0,246.0
4.7395,35.0,246.0
4.7442,-35.0,246.0
4.7492,51.0,244.0
4.7542,181.0,246.0
4.7592,-113.0,248.0
4.7642,-240.0,252.0
4.7696,170.0,254.0
4.7742,200.0,256.0
4.7793,-228.0,258.0
4.7842,-130.0,260.0
4.7892,231.0,262.0
4.7942,68.0,260.0
4.7998,-146.0,260.0
4.8042,3.0,258.0
4.8092,21.0,254.0
4.8142,-82.0,254.0
4.8192,109.0,252.0
4.8249,147.0,252.0
4.8292,-230.0,254.0
4.8343,-184.0,256.0
4.8393,274.0,260.0
4.8443,148.0,264.0
4.8492,-204.0,266.0
4.8543,-17.0,266.0
4.8592,99.0,266.0
4.8642,-119.0,266.0
4.8692,-54.0,266.0
4.8742,161.0,268.0
4.8793,62.0,270.0
4.8844,-118.0,270.0
4.8892,-69.0,270.0
4.8942,61.0,268.0
4.8992,53.0,268.0
4.9042,-40.0,266.0
4.9093,-14.0,266.0
4.9155,87.0,266.0
4.9192,-11.0,264.0
4.9243,-185.0,266.0
4.9292,-51.0,264.0
4.9342,205.0,268.0
4.9392,189.0,268.0
4.9444,-53.0,266.0
4.9492,-264.0,266.0
4.9543,-155.0,266.0
4.9594,207.0,266.0
4.9643,240.0,264.0
4.9697,-127.0,266.0
4.9743,-174.0,262.0
4.9793,141.0,262.0
4.9842,80.0,260.0
4.9892,-213.0,258.0
4.9943,-83.0,258.0
4.9993,239.0,258.0
5.0042,209.0,262.0
5.0092,-171.0,264.0
5.0143,-339.0,268.0
5.0192,63.0,268.0
5.0245,318.0,272.0
5.0294,-47.0,270.0
5.0342,-175.0,272.0
5.0392,153.0,274.0
5.0443,74.0,272.0
5.0499,-225.0,274.0
5.0544,-44.0,272.0
5.0593,172.0,272.0
5.0642,-22.0,272.0
5.0692,-127.0,270.0
5.0742,113.0,272.0
5.0792,214.0,274.0
5.0844,-92.0,274.0
5.0893,-339.0,276.0
5.0942,-60.0,278.0
5.0994,331.0,278.0
5.1043,199.0,280.0
5.1093,-179.0,280.0
5.1147,-215.0,282.0
5.1193,25.0,280.0
5.1242,140.0,280.0
5.1292,12.0,276.0
5.1343,-64.0,274.0
5.1395,72.0,270.0
5.1447,55.0,268.0
5.1492,-196.0,266.0
5.1551,-117.0,266.0
5.1592,236.0,266.0
5.1644,156.0,268.0
5.1692,-137.0,268.0
5.1742,-54.0,266.0
5.1792,-15.0,266.0
5.1842,-149.0,266.0
5.1892,98.0,266.0
5.1942,280.0,266.0
5.1994,-95.0,266.0
5.2043,-238.0,264.0
5.2092,84.0,264.0
5.2141,99.0,260.0
5.2192,-108.0,260.0
5.2241,3.0,252.0
5.2298,110.0,254.0
5.2344,-25.0,246.0
5.2392,12.0,246.0
5.2449,55.0,242.0
5.2491,-235.0,244.0
5.2542,-170.0,246.0
5.2594,375.0,248.0
5.2642,290.0,252.0
5.2692,-324.0,256.0
5.275,-271.0,260.0
5.2792,203.0,262.0
5.2843,109.0,264.0
5.2892,-183.0,264.0
5.2942,46.0,264.0
5.2991,264.0,264.0
5.3043,-77.0,266.0
5.3094,-296.0,268.0
5.3143,23.0,268.0
5.3193,194.0,270.0
5.3242,9.0,270.0
5.3292,-32.0,270.0
5.3348,21.0,268.0
5.3391,-82.0,270.0
5.3446,-97.0,268.0
5.3492,93.0,268.0
5.3541,185.0,272.0
5.3597,12.0,268.0
5.365,-238.0,270.0
5.3693,-178.0,272.0
5.375,206.0,272.0
5.3792,260.0,276.0
5.3841,-112.0,278.0
5.3892,-190.0,280.0
5.3941,70.0,278.0
5.4,62.0,278.0
5.4042,-157.0,276.0
5.4092,-4.0,274.0
5.4141,322.0,276.0
5.4192,60.0,272.0
5.4242,-427.0,278.0
5.4295,-190.0,276.0
5.4342,372.0,282.0
5.4392,278.0,284.0
5.4442,-177.0,286.0
5.4492,-202.0,290.0
5.4542,-34.0,288.0
5.4592,-47.0,288.0
5.4642,119.0,286.0
5.4692,331.0,288.0
5.4744,-16.0,286.0
5.4792,-455.0,288.0
5.4848,-191.0,290.0
5.4892,315.0,292.0
5.4945,320.0,296.0
5.4992,-15.0,294.0
5.5042,-246.0,296.0
5.5093,-194.0,298.0
5.5143,70.0,298.0
5.5194,178.0,300.0
5.5242,-18.0,298.0
5.5292,-53.0,298.0
5.5342,148.0,298.0
5.5394,-7.0,298.0
5.5445,-290.0,302.0
5.5492,9.0,302.0
5.5542,308.0,306.0
5.5592,-51.0,306.0
5.5655,-256.0,306.0
5.5694,133.0,308.0
5.5743,236.0,308.0
5.5792,-159.0,308.0
5.5842,-251.0,312.0
5.5892,78.0,308.0
5.5942,221.0,310.0
5.5993,52.0,306.0
5.6043,-102.0,304.0
5.6092,-118.0,304.0
5.6143,-31.0,302.0
5.6192,85.0,302.0
5.6243,85.0,302.0
5.6296,-37.0,298.0
5.6343,-68.0,298.0
5.6392,30.0,296.0
5.6442,47.0,292.0
5.6492,-38.0,290.0
5.6544,-38.0,286.0
5.6593,33.0,286.0
5.6642,12.0,280.0
5.6693,-47.0,280.0
5.6744,48.0,278.0
5.6793,121.0,278.0
5.6847,-127.0,280.0
5.6893,-254.0,280.0
5.6944,170.0,282.0
5.6993,406.0,286.0
5.7043,-130.0,286.0
5.7093,-516.0,294.0
5.7158,-7.0,292.0
5.7192,503.0,296.0
5.7242,174.0,298.0
5.7292,-324.0,296.0
5.7342,-202.0,300.0
5.7394,75.0,296.0
5.7443,20.0,292.0
5.7493,44.0,290.0
5.7542,181.0,290.0
5.7592,25.0,290.0
5.7644,-173.0,290.0
5.7693,-107.0,292.0
5.7744,16.0,290.0
5.7792,45.0,290.0
5.7842,60.0,290.0
5.7892,93.0,290.0
5.7942,-2.0,288.0
5.7996,-160.0,286.0
5.8044,-67.0,284.0
5.8092,119.0,284.0
5.8142,60.0,284.0
5.8192,-40.0,284.0
5.8241,7.0,282.0
5.8296,-2.0,282.0
5.8343,-82.0,278.0
5.8392,-4.0,276.0
5.8442,142.0,276.0
5.8492,40.0,274.0
5.8543,-172.0,276.0
5.8596,-79.0,276.0
5.8644,158.0,278.0
5.8692,75.0,276.0
5.8742,-129.0,278.0
5.8792,-10.0,278.0
5.8842,132.0,280.0
5.8892,-45.0,276.0
5.8942,-148.0,276.0
5.8991,4.0,270.0
5.9042,84.0,268.0
5.9093,111.0,264.0
5.9146,104.0,262.0
5.9193,-177.0,262.0
5.9242,-337.0,264.0
5.9292,99.0,264.0
5.9343,462.0,270.0
5.9396,77.0,266.0
5.9442,-413.0,272.0
5.9494,-198.0,270.0
5.9543,277.0,274.0
5.9592,169.0,274.0
5.9642,-193.0,278.0
5.9695,-62.0,278.0
5.9745,196.0,280.0
5.9792,2.0,280.0
5.9842,-195.0,280.0
5.9892,-16.0,280.0
5.9944,117.0,278.0
5.9993,51.0,278.0
6.0042,12.0,276.0
6.0092,-52.0,274.0
6.0142,-95.0,272.0
6.0192,24.0,268.0
6.0242,59.0,268.0
6.0306,-46.0,264.0
6.0341,47.0,264.0
6.0392,164.0,266.0
6.0442,-86.0,266.0
6.0492,-273.0,270.0
6.0545,23.0,264.0
6.0592,247.0,268.0
6.0642,25.0,262.0
6.0692,-139.0,260.0
6.075,11.0,254.0
6.0793,109.0,252.0
6.0844,-61.0,250.0
6.0894,-192.0,250.0
6.095,41.0,250.0
6.0992,265.0,254.0
6.1047,40.0,252.0
6.1094,-224.0,250.0
6.1145,-139.0,252.0
6.1192,99.0,248.0
6.1242,244.0,248.0
6.1298,30.0,244.0
6.1344,-302.0,244.0
6.1393,-122.0,244.0
6.1443,222.0,244.0
6.1493,124.0,244.0
6.1542,-36.0,242.0
6.1592,-25.0,240.0
6.1642,-79.0,242.0
6.1693,-72.0,242.0
6.1742,56.0,240.0
6.1792,67.0,242.0
6.1842,-21.0,238.0
6.1891,-10.0,238.0
6.1942,75.0,234.0
6.1994,22.0,232.0
6.2043,-137.0,232.0
6.2092,-111.0,230.0
6.2141,90.0,228.0
6.2193,164.0,228.0
6.2251,44.0,226.0
6.2298,-96.0,226.0
6.2344,-155.0,224.0
6.2393,-58.0,224.0
6.2442,174.0,226.0
6.2492,191.0,226.0
6.2543,-115.0,228.0
6.2595,-227.0,230.0
6.2642,32.0,230.0
6.2691,199.0,232.0
6.2741,51.0,232.0
6.2793,-177.0,234.0
6.2845,-140.0,236.0
6.2894,164.0,238.0
6.2942,214.0,240.0
6.2992,-122.0,242.0
6.3042,-221.0,246.0
6.3092,56.0,246.0
6.3145,134.0,246.0
6.3194,-22.0,244.0
6.3243,8.0,244.0
6.3291,51.0,240.0
6.3342,-120.0,240.0
6.3398,-107.0,234.0
6.3444,144.0,234.0
6.35,119.0,228.0
6.3545,-118.0,230.0
6.3592,-55.0,224.0
6.3643,125.0,222.0
6.3694,-23.0,218.0
6.3743,-163.0,218.0
6.3792,30.0,216.0
6.3841,143.0,218.0
6.3891,6.0,218.0
6.3955,-20.0,216.0
6.3993,26.0,216.0
6.4043,-127.0,214.0
6.4099,-110.0,214.0
6.4142,218.0,218.0
6.4192,116.0,218.0
6.4249,-262.0,222.0
6.4294,-23.0,220.0
6.4346,278.0,226.0
6.4397,-86.0,224.0
6.4442,-237.0,226.0
6.4492,184.0,228.0
6.4544,156.0,230.0
6.4593,-286.0,234.0
6.4642,-110.0,234.0
6.4692,366.0,240.0
6.4742,115.0,240.0
6.4792,-366.0,246.0
6.4844,-119.0,246.0
6.4892,256.0,250.0
6.4941,77.0,248.0
6.4992,-53.0,248.0
6.5042,25.0,246.0
6.5094,-148.0,246.0
6.5144,-160.0,248.0
6.5194,227.0,250.0
6.5242,241.0,252.0
6.5292,-161.0,254.0
6.5342,-214.0,256.0
6.5395,41.0,256.0
6.5442,113.0,256.0
6.5493,30.0,254.0
6.5547,-9.0,254.0
6.5592,-15.0,250.0
6.5642,-61.0,246.0
6.5693,-43.0,246.0
6.5773,104.0,240.0
6.5801,56.0,240.0
6.5842,-129.0,236.0
6.5891,20.0,232.0
6.5953,143.0,230.0
6.5994,-139.0,230.0
6.6042,-144.0,230.0
6.6093,234.0,232.0
6.6142,123.0,230.0
6.6192,-282.0,236.0
6.6242,-95.0,234.0
6.6297,292.0,238.0
6.6342,92.0,238.0
6.6393,-255.0,240.0
6.6442,-116.0,242.0
6.65,174.0,244.0
6.6544,131.0,244.0
6.6593,-93.0,246.0
6.6643,-145.0,248.0
6.6691,57.0,248.0
6.6742,206.0,250.0
6.6791,-35.0,248.0
6.6843,-273.0,250.0
6.6904,-36.0,248.0
6.6942,228.0,250.0
6.6992,119.0,248.0
6.7042,-45.0,248.0
6.7092,-99.0,248.0
6.7143,-138.0,250.0
6.7195,-67.0,250.0
6.7242,171.0,252.0
6.7291,285.0,252.0
6.7342,-37.0,252.0
6.7394,-413.0,254.0
6.7447,-148.0,256.0
6.7492,389.0,260.0
6.7542,243.0,260.0
6.7592,-264.0,264.0
6.7642,-184.0,262.0
6.7694,131.0,264.0
6.7745,34.0,260.0
6.7792,-45.0,258.0
6.7842,92.0,256.0
6.7891,14.0,254.0
6.7942,-122.0,256.0
6.7993,-49.0,256.0
6.8044,50.0,256.0
6.8092,134.0,256.0
6.8141,87.0,258.0
6.8192,-183.0,260.0
6.8245,-218.0,262.0
6.8296,115.0,264.0
6.8344,253.0,266.0
6.8391,30.0,266.0
6.8442,-163.0,268.0
6.8492,-143.0,268.0
6.8541,33.0,266.0
6.8595,192.0,268.0
6.8643,22.0,268.0
6.8692,-236.0,270.0
6.8741,0.0,266.0
6.8792,292.0,270.0
6.8843,-30.0,268.0
6.8894,-293.0,270.0
6.8943,47.0,268.0
6.8992,214.0,268.0
6.905,-98.0,270.0
6.9092,-125.0,268.0
6.9146,212.0,270.0
6.9195,105.0,270.0
6.9254,-336.0,272.0
6.9292,-146.0,272.0
6.9346,383.0,276.0
6.9398,149.0,276.0
6.9445,-338.0,278.0
6.9494,-53.0,278.0
6.9542,263.0,280.0
6.9592,-56.0,280.0
6.9643,-188.0,282.0
6.9692,78.0,284.0
6.9745,73.0,282.0
6.9803,-26.0,282.0
6.9842,86.0,280.0
6.9891,-5.0,278.0
6.9942,-214.0,280.0
6.9992,-56.0,280.0
7.0045,215.0,282.0
7.0092,180.0,284.0
7.0142,-66.0,282.0
7.0192,-244.0,286.0
7.0242,-112.0,286.0
7.0294,217.0,288.0
7.0346,157.0,290.0
7.0394,-225.0,294.0
7.0441,-67.0,292.0
7.0492,331.0,296.0
7.0541,-11.0,294.0
7.0599,-410.0,298.0
7.0643,14.0,294.0
7.0692,324.0,298.0
7.0741,-21.0,294.0
7.0793,-103.0,294.0
7.0844,102.0,292.0
7.0892,-88.0,292.0
7.0942,-189.0,292.0
7.0993,138.0,290.0
7.1041,167.0,290.0
7.1094,-73.0,286.0
7.1144,-42.0,284.0
7.1193,0.0,278.0
7.1243,-50.0,278.0
7.1292,8.0,274.0
7.1341,6.0,272.0
7.1391,21.0,272.0
7.1442,134.0,274.0
7.1494,-29.0,272.0
7.1544,-221.0,274.0
7.1592,11.0,270.0
7.1642,141.0,268.0
7.1693,-52.0,266.0
7.1741,33.0,264.0
7.1793,204.0,266.0
7.1842,-140.0,266.0
7.1891,-361.0,272.0
7.1942,150.0,274.0
7.1999,372.0,280.0
7.2045,-177.0,282.0
7.2094,-252.0,284.0
7.2142,275.0,288.0
7.2191,137.0,288.0
7.2246,-368.0,292.0
7.2295,-73.0,294.0
7.2343,379.0,296.0
7.2392,14.0,294.0
7.2442,-311.0,298.0
7.2491,43.0,294.0
7.2543,175.0,296.0
7.2593,-73.0,292.0
7.2642,38.0,292.0
7.2693,118.0,288.0
7.2741,-254.0,290.0
7.2792,-230.0,290.0
7.2842,328.0,294.0
7.2893,316.0,296.0
7.2943,-242.0,298.0
7.2992,-248.0,300.0
7.3041,148.0,300.0
7.3091,92.0,300.0
7.3148,-128.0,300.0
7.3193,-20.0,300.0
7.3242,78.0,296.0
7.3292,34.0,296.0
7.3341,73.0,294.0
7.3394,12.0,292.0
7.3443,-227.0,294.0
7.3498,-154.0,296.0
7.3546,264.0,298.0
7.3591,265.0,300.0
7.3642,-192.0,302.0
7.3692,-269.0,300.0
7.3744,99.0,302.0
7.3803,200.0,298.0
7.3841,-40.0,296.0
7.3891,-105.0,292.0
7.3943,28.0,290.0
7.3991,28.0,286.0
7.4041,-48.0,284.0
7.4094,-19.0,282.0
7.4141,36.0,282.0
7.4191,49.0,282.0
7.4242,66.0,282.0
7.4292,-11.0,282.0
7.4343,-201.0,282.0
7.4392,-119.0,284.0
7.4441,229.0,286.0
7.4491,203.0,288.0
7.4541,-131.0,288.0
7.4593,-130.0,288.0
7.4643,47.0,284.0
7.4692,0.0,282.0
7.4742,-68.0,280.0
7.4792,1.0,280.0
7.4842,108.0,278.0
7.4893,152.0,278.0
7.4945,-47.0,278.0
7.4992,-309.0,280.0
7.505,-79.0,282.0
7.5092,341.0,284.0
7.5143,138.0,286.0
7.5196,-281.0,286.0
7.5242,-77.0,286.0
7.5292,237.0,286.0
7.5341,-26.0,284.0
7.5393,-239.0,286.0
7.5447,62.0,284.0
7.5495,212.0,286.0
7.5543,-16.0,282.0
7.5592,-85.0,282.0
7.5641,3.0,278.0
7.5692,-89.0,276.0
7.5744,-112.0,272.0
7.5795,174.0,272.0
7.5842,277.0,272.0
7.5892,-103.0,272.0
7.5944,-346.0,274.0
7.5996,-12.0,274.0
7.6043,265.0,274.0
7.61,8.0,274.0
7.6141,-123.0,274.0
7.6191,132.0,276.0
7.6243,52.0,276.0
7.63,-266.0,280.0
7.6342,-106.0,278.0
7.6394,236.0,280.0
7.6442,189.0,280.0
7.6491,-42.0,278.0
7.6542,-159.0,280.0
7.6598,-140.0,278.0
7.6643,23.0,276.0
7.67,168.0,276.0
7.6742,79.0,274.0
7.6794,-91.0,272.0
7.6843,-100.0,272.0
7.6892,36.0,268.0
7.6945,139.0,270.0
7.6992,-8.0,264.0
7.7041,-243.0,268.0
7.7096,-79.0,264.0
7.7144,288.0,268.0
7.7192,197.0,270.0
7.7245,-175.0,270.0
7.7291,-203.0,272.0
7.7341,4.0,270.0
7.7392,74.0,268.0
7.7444,84.0,266.0
7.7495,65.0,266.0
7.7544,-117.0,268.0
7.7592,-132.0,270.0
7.7641,183.0,272.0
7.7693,163.0,274.0
7.7743,-200.0,278.0
7.7803,-168.0,280.0
7.7842,37.0,278.0
7.7891,60.0,278.0
7.7942,199.0,278.0
7.7994,167.0,280.0
7.8045,-283.0,284.0
7.8093,-354.0,288.0
7.8143,181.0,290.0
7.8199,354.0,292.0
7.8245,-50.0,292.0
7.8295,-221.0,288.0
7.8343,-8.0,286.0
7.8395,131.0,282.0
7.8441,44.0,280.0
7.8491,-161.0,280.0
7.8549,-138.0,278.0
7.8593,216.0,278.0
7.8643,247.0,276.0
7.8693,-186.0,278.0
7.8747,-260.0,276.0
7.8791,95.0,278.0
7.8842,165.0,276.0
7.8907,-40.0,276.0
7.8945,-62.0,274.0
7.8991,61.0,274.0
7.9041,27.0,274.0
7.9091,-104.0,274.0
7.9153,-46.0,270.0
7.9195,91.0,268.0
7.9243,67.0,264.0
7.9292,6.0,258.0
7.9341,-37.0,256.0
7.9395,-135.0,254.0
7.9443,-58.0,252.0
7.9498,190.0,254.0
7.9542,157.0,254.0
7.9592,-146.0,256.0
7.9642,-177.0,258.0
7.9692,118.0,260.0
7.9753,152.0,260.0
7.9793,-171.0,262.0
7.9842,-185.0,262.0
7.9892,171.0,262.0
7.9944,223.0,262.0
7.9995,-31.0,258.0
8.0045,-107.0,256.0
8.0092,-90.0,254.0
8.0142,-143.0,254.0
8.0191,24.0,252.0
8.0242,301.0,256.0
8.0311,142.0,256.0
8.0347,-232.0,260.0
8.0396,-187.0,262.0
8.0456,49.0,262.0
8.0493,35.0,262.0
8.0552,70.0,264.0
8.0597,175.0,266.0
8.0643,-80.0,266.0
8.0698,-272.0,270.0
8.0741,61.0,268.0
8.0794,207.0,268.0
8.0848,-107.0,266.0
8.0893,-78.0,264.0
8.0947,218.0,266.0
8.0994,33.0,264.0
8.1044,-262.0,268.0
8.1096,-77.0,270.0
8.1151,155.0,270.0
8.1195,51.0,272.0
8.1247,-24.0,270.0
8.1294,82.0,268.0
8.1344,39.0,268.0
8.1397,-139.0,266.0
8.1453,-151.0,268.0
8.1496,14.0,262.0
8.1544,196.0,264.0
8.1594,151.0,262.0
8.1644,-137.0,262.0
8.1695,-193.0,262.0
8.1744,70.0,262.0
8.1797,132.0,260.0
8.1847,-63.0,260.0
8.1893,-97.0,258.0
8.1943,82.0,260.0
8.1999,125.0,260.0
8.2047,-67.0,262.0
8.2094,-118.0,262.0
8.2146,24.0,260.0
8.2192,2.0,258.0
8.2242,2.0,254.0
8.23,147.0,254.0
8.2346,-6.0,248.0
8.2393,-201.0,252.0
8.2441,21.0,248.0
8.2491,143.0,250.0
8.2544,-47.0,248.0
8.2597,-65.0,248.0
8.2646,41.0,248.0
8.2693,20.0,244.0
8.2741,5.0,242.0
8.2794,10.0,238.0
8.2845,-37.0,236.0
8.2892,-20.0,236.0
8.2949,17.0,234.0
8.2994,-14.0,232.0
8.3044,23.0,232.0
8.3095,59.0,230.0
8.3145,-30.0,230.0
8.3199,-44.0,228.0
8.3242,2.0,226.0
8.3294,-44.0,228.0
8.3345,13.0,226.0
8.3403,132.0,228.0
8.3453,25.0,224.0
8.3492,-122.0,224.0
8.3544,-119.0,222.0
8.3593,-9.0,218.0
8.3646,199.0,220.0
8.3694,183.0,218.0
8.3763,-179.0,222.0
8.3795,-271.0,224.0
8.3844,76.0,224.0
8.3892,217.0,226.0
8.3943,-6.0,226.0
8.4,-107.0,224.0
8.4048,28.0,222.0
8.4095,74.0,220.0
8.415,-59.0,218.0
8.4193,-141.0,218.0
8.4245,-7.0,218.0
8.4297,205.0,220.0
8.4341,134.0,220.0
8.4409,-181.0,220.0
8.4442,-200.0,218.0
8.4499,109.0,214.0
8.4548,164.0,214.0
8.4599,-56.0,210.0
8.4647,-83.0,210.0
8.4691,14.0,206.0
8.4744,30.0,206.0
8.4794,52.0,206.0
8.4847,-25.0,206.0
8.4897,-127.0,204.0
8.4946,51.0,204.0
8.4994,177.0,202.0
8.5042,-92.0,200.0
8.5099,-204.0,200.0
8.5153,132.0,198.0
8.5198,222.0,200.0
8.5241,-143.0,200.0
8.5295,-225.0,204.0
8.5342,127.0,204.0
8.5395,195.0,206.0
8.5451,-132.0,208.0
8.5498,-126.0,208.0
8.5552,179.0,210.0
8.5594,34.0,210.0
8.5644,-222.0,212.0
8.5696,63.0,212.0
8.5787,204.0,216.0
8.5797,-144.0,216.0
8.5848,-113.0,216.0
8.5898,206.0,216.0
8.5945,0.0,214.0
8.6004,-269.0,216.0
8.6042,65.0,214.0
8.6098,325.0,218.0
8.6144,-64.0,216.0
8.6192,-327.0,218.0
8.6245,55.0,216.0
8.6299,259.0,218.0
8.6344,-96.0,216.0
8.6391,-178.0,218.0
8.6444,170.0,220.0
8.6494,150.0,220.0
8.6546,-203.0,222.0
8.6597,-156.0,224.0
8.6647,145.0,220.0
8.6694,106.0,220.0
8.6744,-41.0,218.0
8.6794,38.0,214.0
8.6844,19.0,214.0
8.6898,-196.0,216.0
8.6943,-132.0,218.0
8.6994,249.0,220.0
8.7044,267.0,222.0
8.7092,-202.0,220.0
8.7147,-280.0,224.0
8.7197,169.0,224.0
8.7247,177.0,224.0
8.7294,-213.0,226.0
8.7353,-60.0,224.0
8.7396,272.0,228.0
8.7447,-30.0,224.0
8.7497,-293.0,228.0
8.7541,116.0,228.0
8.7591,296.0,232.0
8.7645,-172.0,234.0
8.7697,-284.0,236.0
8.7747,139.0,238.0
8.7797,197.0,240.0
8.7851,-31.0,238.0
8.7894,-26.0,238.0
8.7944,-49.0,236.0
8.7994,-122.0,234.0
8.8043,44.0,234.0
8.8093,134.0,232.0
8.8145,-12.0,232.0
8.8194,-37.0,230.0
8.8244,19.0,230.0
8.8297,-57.0,228.0
8.8359,-41.0,228.0
8.8392,101.0,228.0
8.8441,57.0,228.0
8.8495,-117.0,228.0
8.8545,-109.0,228.0
8.8592,83.0,230.0
8.8659,197.0,234.0
8.8699,48.0,232.0
8.8745,-220.0,234.0
8.8796,-199.0,234.0
8.8853,115.0,236.0
8.8899,202.0,238.0
8.8951,15.0,236.0
8.8994,-17.0,236.0
8.9044,-24.0,236.0
8.9102,-194.0,238.0
8.9147,-73.0,240.0
8.9191,253.0,244.0
8.9247,110.0,244.0
8.9296,-165.0,246.0
8.9344,-5.0,246.0
8.9394,74.0,248.0
8.9447,-128.0,250.0
8.9493,-50.0,248.0
8.9547,140.0,250.0
8.96,56.0,250.0
8.9645,-24.0,252.0
8.9706,-40.0,252.0
8.9741,-89.0,252.0
8.9798,6.0,250.0
8.9853,100.0,252.0
8.9894,-9.0,250.0
8.9946,-39.0,248.0
8.9996,79.0,250.0
9.0046,1.0,246.0
9.0092,-149.0,246.0
9.0142,-8.0,244.0
9.0192,116.0,240.0
9.0246,-23.0,240.0
9.0297,29.0,238.0
9.0344,153.0,240.0
9.0391,-150.0,240.0
9.0442,-293.0,244.0
9.0491,120.0,244.0
9.0541,272.0,248.0
9.0605,-12.0,246.0
9.0642,-75.0,248.0
9.0691,-11.0,244.0
9.0742,-118.0,244.0
9.0791,-67.0,242.0
9.0842,150.0,242.0
9.0895,151.0,242.0
9.0942,-40.0,240.0
9.0992,-176.0,242.0
9.1044,-80.0,242.0
9.1092,172.0,244.0
9.1145,102.0,246.0
9.1193,-220.0,248.0
9.1242,-54.0,248.0
9.1292,321.0,252.0
9.1342,64.0,252.0
9.1395,-356.0,254.0
9.1446,-167.0,256.0
9.1493,244.0,256.0
9.1541,252.0,258.0
9.1592,-60.0,256.0
9.1643,-221.0,258.0
9.1702,-58.0,254.0
9.1757,113.0,254.0
9.1792,57.0,252.0
9.1841,-43.0,250.0
9.1891,10.0,248.0
9.1943,58.0,248.0
9.1993,-50.0,248.0
9.2045,-74.0,244.0
9.2092,29.0,244.0
9.2141,0.0,242.0
9.2193,-19.0,240.0
9.2241,115.0,240.0
9.2295,82.0,238.0
9.2345,-145.0,240.0
9.2392,-162.0,238.0
9.2441,70.0,238.0
9.2492,164.0,236.0
9.2541,8.0,234.0
9.2593,-83.0,230.0
9.2642,-13.0,230.0
9.2691,-7.0,226.0
9.2741,-59.0,226.0
9.2791,57.0,224.0
9.2841,181.0,224.0
9.2893,-57.0,222.0
9.2943,-291.0,224.0
9.2992,6.0,222.0
9.3041,318.0,224.0
9.3093,69.0,224.0
9.3143,-277.0,228.0
9.3194,-133.0,228.0
9.3245,254.0,232.0
9.3291,175.0,232.0
9.3341,-270.0,234.0
9.3403,-175.0,234.0
9.3443,260.0,234.0
9.3492,80.0,232.0
9.3549,-216.0,230.0
9.3591,89.0,228.0
9.3641,190.0,230.0
9.3703,-210.0,230.0
9.3743,-180.0,230.0
9.3792,208.0,230.0
9.3842,130.0,232.0
9.3892,-157.0,230.0
9.3941,-29.0,228.0
9.3992,161.0,226.0
9.4043,-51.0,224.0
9.4093,-196.0,222.0
9.4141,38.0,222.0
9.4191,159.0,220.0
9.4243,66.0,222.0
9.4292,-25.0,220.0
9.4344,-185.0,224.0
9.4393,-125.0,224.0
9.4441,250.0,226.0
9.4491,202.0,228.0
9.4543,-236.0,230.0
9.4603,-185.0,234.0
9.4643,145.0,236.0
9.4693,101.0,236.0
9.4741,-4.0,236.0
9.4793,22.0,234.0
9.4842,-115.0,236.0
9.4893,-155.0,236.0
9.4943,121.0,236.0
9.4992,260.0,238.0
9.5041,14.0,236.0
9.5093,-304.0,240.0
9.5146,-190.0,240.0
9.5192,268.0,240.0
9.5243,259.0,242.0
9.5292,-156.0,242.0
9.5342,-196.0,244.0
9.5392,-1.0,244.0
9.5442,100.0,246.0
9.5495,158.0,246.0
9.5548,-51.0,244.0
9.5591,-277.0,246.0
9.5641,25.0,244.0
9.5697,313.0,246.0
9.5742,28.0,246.0
9.5793,-212.0,248.0
9.5842,-75.0,248.0
9.5892,19.0,248.0
9.5942,58.0,246.0
9.5994,134.0,248.0
9.6045,-32.0,248.0
9.6094,-194.0,250.0
9.6143,83.0,250.0
9.6191,238.0,254.0
9.6243,-171.0,254.0
9.6304,-332.0,260.0
9.6342,176.0,262.0
9.6392,414.0,266.0
9.6441,-74.0,268.0
9.6492,-373.0,272.0
9.6541,-37.0,272.0
9.6605,192.0,274.0
9.6641,51.0,274.0
9.6692,19.0,274.0
9.6741,33.0,272.0
9.6793,-140.0,272.0
9.6853,-109.0,268.0
9.6893,151.0,268.0
9.6942,104.0,266.0
9.6991,-122.0,268.0
9.7047,-76.0,268.0
9.7092,80.0,270.0
9.7144,102.0,268.0
9.7194,16.0,268.0
9.7243,-122.0,268.0
9.73,-138.0,268.0
9.7341,50.0,268.0
9.7393,163.0,268.0
9.7445,55.0,266.0
9.7491,-57.0,266.0
9.7541,-83.0,264.0
9.7592,-74.0,262.0
9.7641,37.0,262.0
9.7691,120.0,260.0
9.7754,-6.0,258.0
9.7793,-59.0,254.0
9.7845,53.0,252.0
9.7891,-34.0,248.0
9.7941,-166.0,248.0
9.7992,66.0,248.0
9.8043,264.0,248.0
9.8095,-15.0,248.0
9.8142,-247.0,250.0
9.8191,-54.0,250.0
9.8241,81.0,250.0
9.8294,66.0,250.0
9.8344,171.0,252.0
9.8404,23.0,252.0
9.8448,-376.0,256.0
9.8492,-185.0,260.0
9.8542,408.0,266.0
9.8595,289.0,270.0
9.8643,-296.0,272.0
9.8694,-232.0,276.0
9.8741,192.0,276.0
9.8793,68.0,274.0
9.8847,-183.0,276.0
9.8894,67.0,274.0
9.8943,221.0,278.0
9.8993,-115.0,278.0
9.9041,-225.0,282.0
9.9092,90.0,284.0
9.9144,157.0,284.0
9.9192,-36.0,284.0
9.9241,-27.0,282.0
9.9291,11.0,282.0
9.9341,-103.0,278.0
9.9391,-59.0,280.0
9.9441,138.0,276.0
9.9494,140.0,278.0
9.9542,-39.0,274.0
9.9591,-164.0,274.0
9.9641,-120.0,272.0
9.9694,95.0,270.0
9.9745,225.0,270.0
9.9794,-2.0,268.0
9.9842,-230.0,266.0
9.9892,-22.0,266.0
9.9942,178.0,266.0
9.9993,-34.0,264.0
10.0043,-137.0,264.0
10.0092,112.0,262.0
10.0142,143.0,262.0
10.0191,-136.0,260.0
10.0242,-165.0,262.0
10.0295,88.0,260.0
10.0343,137.0,262.0
10.0391,-9.0,260.0
10.0441,-17.0,258.0
10.0492,-19.0,256.0
10.0542,-132.0,258.0
10.0595,-33.0,256.0
10.0651,187.0,258.0
10.0704,88.0,258.0
10.0742,-114.0,258.0
10.0791,-43.0,256.0
10.0844,14.0,252.0
10.0892,-82.0,250.0
10.0943,12.0,246.0
10.0991,162.0,246.0
10.1041,6.0,244.0
10.1093,-122.0,244.0
10.1142,26.0,246.0
10.1193,67.0,246.0
10.1242,-77.0,246.0
10.1291,-103.0,244.0
10.1341,-12.0,242.0
10.1393,104.0,240.0
10.1445,219.0,244.0
10.1493,102.0,240.0
10.1542,-291.0,242.0
10.1592,-384.0,244.0
10.1641,123.0,242.0
10.1691,440.0,246.0
10.1744,68.0,244.0
10.1793,-228.0,248.0
10.1843,-48.0,246.0
10.1899,18.0,244.0
10.1942,-149.0,246.0
10.1993,-12.0,242.0
10.2044,315.0,246.0
10.2093,122.0,244.0
10.2141,-329.0,248.0
10.2191,-161.0,248.0
10.2243,253.0,250.0
10.2294,96.0,252.0
10.2345,-193.0,254.0
10.2393,-3.0,252.0
10.2442,173.0,254.0
10.2492,-57.0,252.0
10.2545,-148.0,252.0
10.2594,69.0,250.0
10.2644,97.0,248.0
10.2691,-13.0,244.0
10.2741,-27.0,242.0
10.2791,-75.0,236.0
10.2845,-65.0,236.0
10.2892,76.0,232.0
10.2942,140.0,232.0
10.2991,63.0,230.0
10.3041,-95.0,232.0
10.3104,-214.0,234.0
10.3142,-68.0,236.0
10.3191,218.0,236.0
10.3242,189.0,238.0
10.3293,-102.0,236.0
10.3342,-156.0,238.0
10.3401,44.0,236.0
10.3444,96.0,236.0
10.3501,-91.0,236.0
10.3542,-170.0,238.0
10.3592,72.0,238.0
10.3643,292.0,242.0
10.3693,108.0,242.0
10.3742,-253.0,244.0
10.3793,-279.0,246.0
10.3843,56.0,246.0
10.3891,251.0,250.0
10.3941,101.0,250.0
10.3992,-80.0,250.0
10.4043,-129.0,250.0
10.4091,-16.0,250.0
10.4141,136.0,252.0
10.4191,-67.0,252.0
10.4245,-234.0,254.0
10.4302,213.0,258.0
10.4343,373.0,260.0
10.4393,-245.0,264.0
10.4441,-421.0,266.0
10.4492,146.0,268.0
10.4542,315.0,268.0
10.4592,-48.0,268.0
10.4646,-147.0,270.0
10.4691,28.0,268.0
10.474,77.0,268.0
10.4792,-26.0,268.0
10.4844,-160.0,264.0
10.4895,-19.0,262.0
10.4948,303.0,260.0
10.4991,92.0,256.0
10.5042,-368.0,258.0
10.5092,-147.0,256.0
10.5144,273.0,258.0
10.5193,151.0,260.0
10.5243,-46.0,258.0
10.5294,-89.0,258.0
10.5345,-156.0,256.0
10.5394,3.0,254.0
10.5444,190.0,254.0
10.5493,14.0,252.0
10.5542,-80.0,252.0
10.5593,76.0,252.0
10.5644,-13.0,252.0
10.5696,-195.0,256.0
10.5744,-10.0,254.0
10.5799,232.0,256.0
10.5847,125.0,256.0
10.5893,-150.0,256.0
10.5946,-212.0,258.0
10.5999,31.0,256.0
10.6043,171.0,258.0
10.6094,-21.0,256.0
10.6153,-45.0,254.0
10.6194,132.0,256.0
10.6248,-44.0,252.0
10.6295,-217.0,256.0
10.6342,81.0,254.0
10.6393,181.0,256.0
10.6442,-133.0,256.0
10.6492,-89.0,256.0
10.6542,191.0,256.0
10.6592,34.0,256.0
10.6643,-180.0,256.0
10.6694,-41.0,254.0
10.6742,82.0,254.0
10.6791,80.0,256.0
10.6843,26.0,256.0
10.6895,-147.0,258.0
10.6944,-63.0,256.0
10.6995,261.0,260.0
10.7055,41.0,258.0
10.7093,-385.0,262.0
10.7144,-34.0,260.0
10.7192,409.0,266.0
10.7251,47.0,268.0
10.7293,-288.0,270.0
10.7342,-17.0,270.0
10.7392,127.0,270.0
10.7445,-57.0,270.0
10.7502,-55.0,270.0
10.7542,90.0,270.0
10.7594,65.0,270.0
10.7644,-16.0,270.0
10.7692,-49.0,268.0
10.7743,-125.0,270.0
10.7794,-62.0,270.0
10.7843,239.0,270.0
10.7893,243.0,272.0
10.7944,-276.0,272.0
10.7993,-413.0,272.0
10.8044,250.0,274.0
10.8092,499.0,276.0
10.8143,-201.0,278.0
10.8193,-463.0,282.0
10.8243,156.0,282.0
10.8292,326.0,288.0
10.8344,-132.0,288.0
10.8392,-146.0,290.0
10.8443,147.0,286.0
10.8492,-9.0,286.0
10.8544,-192.0,284.0
10.8595,83.0,282.0
10.8643,221.0,282.0
10.8693,-68.0,280.0
10.8744,-188.0,280.0
10.88,15.0,280.0
10.8843,72.0,280.0
10.8893,0.0,278.0
10.8943,107.0,278.0
10.8997,49.0,278.0
10.9043,-261.0,280.0
10.9093,-118.0,282.0
10.9144,312.0,286.0
10.9193,138.0,288.0
10.9243,-294.0,290.0
10.9292,-114.0,292.0
10.9342,264.0,294.0
10.9393,106.0,294.0
10.9444,-202.0,296.0
10.9494,-104.0,294.0
10.9544,79.0,294.0
10.9593,38.0,292.0
10.9644,58.0,290.0
10.9694,111.0,290.0
10.9744,-133.0,290.0
10.9794,-279.0,292.0
10.9843,105.0,292.0
10.9893,335.0,296.0
10.9942,-17.0,294.0
10.9993,-200.0,296.0
11.0044,-24.0,292.0
11.0093,-24.0,290.0
11.0143,-20.0,288.0
11.0193,158.0,286.0
11.0242,87.0,286.0
11.0294,-130.0,284.0
11.0342,-118.0,284.0
11.0392,0.0,282.0
11.0442,86.0,282.0
11.0494,125.0,284.0
11.0542,17.0,282.0
11.0594,-143.0,284.0
11.0644,-125.0,282.0
11.0694,57.0,280.0
11.0742,135.0,276.0
11.08,28.0,272.0
11.0842,-66.0,266.0
11.0893,-58.0,266.0
11.0942,24.0,260.0
11.0992,85.0,262.0
11.1042,-55.0,260.0
11.1093,-164.0,262.0
11.1144,121.0,262.0
11.1201,273.0,266.0
11.1243,-174.0,266.0
11.1292,-347.0,272.0
11.1341,197.0,270.0
11.1394,328.0,274.0
11.1442,-205.0,272.0
11.1493,-193.0,272.0
11.1543,208.0,270.0
11.1593,-17.0,268.0
11.1642,-183.0,270.0
11.1694,232.0,274.0
11.1743,133.0,272.0
11.1795,-381.0,278.0
11.1842,-121.0,278.0
11.1891,381.0,284.0
11.1944,157.0,284.0
11.2002,-186.0,286.0
11.2042,-133.0,288.0
11.2091,-90.0,286.0
11.2141,-8.0,286.0
11.2192,250.0,286.0
11.225,145.0,288.0
11.2293,-242.0,288.0
11.2344,-128.0,288.0
11.2391,220.0,290.0
11.2441,17.0,288.0
11.2492,-293.0,292.0
11.2541,17.0,292.0
11.2592,354.0,294.0
11.2642,24.0,294.0
11.2692,-284.0,296.0
11.2741,0.0,294.0
11.2792,172.0,294.0
11.2843,-114.0,294.0
11.2894,-161.0,296.0
11.2941,193.0,296.0
11.2992,223.0,298.0
11.305,-165.0,298.0
11.3098,-223.0,300.0
11.3142,96.0,300.0
11.3192,116.0,302.0
11.3243,-65.0,302.0
11.3292,16.0,300.0
11.3341,73.0,300.0
11.3393,-94.0,298.0
11.3455,-80.0,298.0
11.3492,108.0,294.0
11.3547,87.0,294.0
11.3592,-114.0,290.0
11.3641,-137.0,292.0
11.3692,146.0,290.0
11.3744,249.0,292.0
11.3792,-181.0,294.0
11.3842,-375.0,298.0
11.3893,177.0,300.0
11.3942,423.0,306.0
11.4,-139.0,308.0
11.4042,-341.0,312.0
11.4093,114.0,314.0
11.4141,181.0,314.0
11.4192,-111.0,314.0
11.4242,-13.0,312.0
11.4295,86.0,308.0
11.4343,-171.0,308.0
11.4397,-54.0,302.0
11.4441,359.0,304.0
11.4492,73.0,296.0
11.4543,-410.0,300.0
11.4593,-99.0,294.0
11.4643,237.0,296.0
11.4691,15.0,290.0
11.4746,0.0,288.0
11.4791,151.0,288.0
11.4842,-107.0,288.0
11.4892,-228.0,292.0
11.4943,100.0,290.0
11.4991,142.0,290.0
11.5041,-88.0,288.0
11.5091,24.0,288.0
11.5142,86.0,286.0
11.5192,-154.0,288.0
11.5245,-58.0,288.0
11.5292,166.0,292.0
11.5341,-9.0,290.0
11.5402,-61.0,290.0
11.5443,113.0,288.0
11.5493,-52.0,286.0
11.5541,-188.0,284.0
11.5593,71.0,284.0
11.5654,141.0,280.0
11.5694,-20.0,280.0
11.5741,13.0,276.0
11.5804,-20.0,274.0
11.5843,-153.0,274.0
11.5892,49.0,272.0
11.5942,220.0,274.0
11.5994,-106.0,276.0
11.6042,-261.0,280.0
11.6091,151.0,280.0
11.6143,271.0,282.0
11.6193,-121.0,280.0
11.6244,-171.0,280.0
11.6294,22.0,276.0
11.6342,-33.0,276.0
11.6392,100.0,274.0
11.6442,216.0,278.0
11.6492,-180.0,280.0
11.6542,-242.0,284.0
11.6592,170.0,284.0
11.6643,101.0,284.0
11.6692,-118.0,284.0
11.6741,69.0,282.0
11.6792,123.0,284.0
11.6842,-121.0,286.0
11.6891,-188.0,286.0
11.6943,39.0,286.0
11.6993,223.0,288.0
11.7043,93.0,288.0
11.7093,-173.0,288.0
11.7143,-212.0,290.0
11.7191,69.0,290.0
11.7247,290.0,294.0
11.7296,39.0,294.0
11.7343,-287.0,298.0
11.7392,-102.0,298.0
11.7442,187.0,300.0
11.7491,83.0,300.0
11.7542,-46.0,298.0
11.7592,-6.0,294.0
11.7649,-37.0,292.0
11.7693,-34.0,286.0
11.7741,31.0,284.0
11.7792,-30.0,280.0
11.7842,-6.0,276.0
11.7892,143.0,276.0
11.7942,42.0,274.0
11.7993,-162.0,276.0
11.8042,-106.0,274.0
11.8093,28.0,270.0
11.8153,86.0,270.0
11.8192,131.0,266.0
11.8242,0.0,264.0
11.8292,-143.0,260.0
11.8343,36.0,258.0
11.8398,31.0,256.0
11.8441,-277.0,258.0
11.8491,0.0,258.0
11.8541,482.0,264.0
11.8592,117.0,262.0
11.8642,-391.0,266.0
11.8693,-195.0,266.0
11.8742,90.0,266.0
11.8792,83.0,262.0
11.8841,129.0,264.0
11.8894,106.0,262.0
11.8941,-140.0,264.0
11.8992,-126.0,260.0
11.9042,75.0,260.0
11.9091,-89.0,258.0
11.9143,-110.0,260.0
11.9191,324.0,262.0
11.9241,248.0,264.0
11.9292,-375.0,268.0
11.9342,-366.0,270.0
11.9391,291.0,272.0
11.9441,375.0,274.0
11.9491,-219.0,274.0
11.9542,-257.0,276.0
11.9592,232.0,278.0
11.9641,59.0,278.0
11.9691,-305.0,284.0
11.9741,88.0,284.0
11.9791,328.0,286.0
11.9841,-80.0,286.0
11.9893,-180.0,288.0
11.9942,-12.0,286.0
11.9993,-83.0,286.0
12.0041,45.0,286.0
12.0102,232.0,286.0
12.0141,-29.0,282.0
12.0191,-176.0,282.0
12.0243,45.0,278.0
12.0292,48.0,276.0
12.0344,-58.0,270.0
12.0391,63.0,268.0
12.0441,14.0,264.0
12.0492,-170.0,264.0
12.0542,52.0,262.0
12.0591,230.0,264.0
12.0641,-112.0,266.0
12.0691,-195.0,268.0
12.0741,176.0,268.0
12.0792,138.0,270.0
12.085,-207.0,266.0
12.0897,-165.0,268.0
12.0942,140.0,264.0
12.0993,262.0,266.0
12.1047,5.0,262.0
12.1092,-311.0,268.0
12.1145,-120.0,270.0
12.1194,250.0,270.0
12.1242,141.0,272.0
12.1291,-132.0,270.0
12.1342,-122.0,270.0
12.1392,22.0,268.0
12.1448,125.0,268.0
12.1494,60.0,270.0
12.1542,-127.0,270.0
12.1591,-98.0,270.0
12.1647,91.0,270.0
12.1693,54.0,268.0
12.1742,-37.0,268.0
12.1794,58.0,268.0
12.1842,4.0,266.0
12.1891,-159.0,268.0
12.1941,38.0,266.0
12.1993,205.0,268.0
12.2044,-129.0,268.0
12.2093,-251.0,272.0
12.2151,195.0,274.0
12.2192,301.0,278.0
12.2244,-119.0,278.0
12.2294,-243.0,282.0
12.2344,-57.0,278.0
12.2394,31.0,278.0
12.2443,170.0,276.0
12.2492,214.0,278.0
12.2545,-147.0,276.0
12.2594,-385.0,280.0
12.2644,70.0,278.0
12.2696,490.0,286.0
12.2741,-27.0,284.0
12.2792,-531.0,292.0
12.2841,19.0,288.0
12.2903,429.0,292.0
12.2942,-47.0,290.0
12.2993,-198.0,290.0
12.3041,137.0,290.0
12.3103,2.0,288.0
12.3142,-220.0,290.0
12.3194,52.0,290.0
12.3244,186.0,290.0
12.3293,-31.0,288.0
12.3341,-34.0,288.0
12.3399,29.0,286.0
12.3445,-119.0,286.0
12.3493,-48.0,284.0
12.3543,177.0,284.0
12.3597,16.0,282.0
12.3642,-156.0,280.0
12.3695,98.0,282.0
12.3756,161.0,280.0
12.3794,-220.0,282.0
12.3843,-228.0,282.0
12.3891,232.0,284.0
12.3941,260.0,288.0
12.3994,-133.0,290.0
12.4045,-158.0,292.0
12.4093,56.0,292.0
12.4141,-61.0,292.0
12.4191,-128.0,294.0
12.4243,280.0,298.0
12.4295,334.0,300.0
12.4352,-373.0,306.0
12.4394,-512.0,312.0
12.4441,292.0,314.0
12.4493,481.0,322.0
12.4544,-129.0,322.0
12.4595,-238.0,324.0
12.4642,44.0,324.0
12.4691,-14.0,322.0
12.4742,-85.0,324.0
12.4791,84.0,324.0
12.4842,147.0,322.0
12.4893,0.0,322.0
12.4944,-150.0,316.0
12.4992,-65.0,316.0
12.5042,147.0,312.0
12.5096,53.0,310.0
12.5147,-191.0,312.0
12.5193,-38.0,310.0
12.5244,210.0,312.0
12.5291,27.0,310.0
12.5342,-143.0,312.0
12.5393,54.0,310.0
12.5444,43.0,310.0
12.5492,-201.0,312.0
12.5541,4.0,310.0
12.5591,271.0,308.0
12.5641,-9.0,304.0
12.5692,-146.0,302.0
12.5752,104.0,298.0
12.5804,-55.0,294.0
12.5842,-364.0,294.0
12.5891,63.0,290.0
12.5941,603.0,296.0
12.5991,166.0,296.0
12.6042,-572.0,304.0
12.6094,-355.0,304.0
12.6143,308.0,308.0
12.6191,260.0,306.0
12.6247,-69.0,306.0
12.6293,52.0,304.0
12.6342,-14.0,304.0
12.6393,-311.0,308.0
12.6441,50.0,308.0
12.6491,364.0,310.0
12.6544,-154.0,312.0
12.6597,-294.0,314.0
12.6641,247.0,318.0
12.6692,210.0,320.0
12.6748,-208.0,322.0
12.6792,-101.0,322.0
12.6844,70.0,324.0
12.6894,-46.0,322.0
12.6942,30.0,322.0
12.6993,155.0,320.0
12.7041,-25.0,318.0
12.7104,-129.0,318.0
12.7144,-34.0,316.0
12.7191,-39.0,314.0
12.7241,36.0,312.0
12.7291,250.0,312.0
12.7341,64.0,312.0
12.7394,-317.0,312.0
12.7443,-162.0,314.0
12.7497,124.0,312.0
12.7541,109.0,312.0
12.7591,186.0,310.0
12.764,78.0,310.0
12.7691,-351.0,312.0
12.7743,-222.0,314.0
12.7794,301.0,318.0
12.7842,232.0,320.0
12.7891,-130.0,322.0
12.7942,-181.0,322.0
12.7992,-95.0,322.0
12.8043,134.0,324.0
12.8094,302.0,326.0
12.8142,-109.0,328.0
12.8192,-392.0,334.0
12.8241,134.0,336.0
12.8292,353.0,338.0
12.8344,-189.0,340.0
12.8393,-231.0,342.0
12.8441,235.0,342.0
12.8491,54.0,340.0
12.8542,-296.0,342.0
12.8591,93.0,338.0
12.8643,370.0,342.0
12.8693,-86.0,340.0
12.8741,-320.0,344.0
12.8792,-57.0,344.0
12.8842,40.0,342.0
12.8902,115.0,340.0
12.8942,290.0,342.0
12.8992,37.0,338.0
12.9041,-362.0,342.0
12.9092,-231.0,338.0
12.9143,140.0,340.0
12.9193,259.0,336.0
12.9243,129.0,336.0
12.9291,-108.0,332.0
12.9341,-251.0,336.0
12.9399,-107.0,334.0
12.9448,211.0,334.0
12.9491,240.0,338.0
12.9543,-93.0,336.0
12.9599,-196.0,338.0
12.964,-16.0,336.0
12.9694,6.0,336.0
12.9741,66.0,336.0
12.9794,210.0,340.0
12.9843,-41.0,338.0
12.9899,-313.0,342.0
12.9943,-18.0,340.0
12.9995,232.0,342.0
13.0042,40.0,342.0
13.0094,-51.0,340.0
13.0143,-4.0,338.0
13.0191,-57.0,336.0
13.0242,-37.0,332.0
13.0294,22.0,330.0
13.0343,27.0,326.0
13.0394,113.0,326.0
13.0441,31.0,324.0
13.0491,-312.0,328.0
13.0545,-116.0,328.0
13.0596,505.0,334.0
13.0649,224.0,334.0
13.0694,-545.0,336.0
13.0745,-301.0,336.0
13.0795,327.0,332.0
13.0846,243.0,332.0
13.09,31.0,324.0
13.0949,-31.0,324.0
13.1002,-257.0,324.0
13.1043,-212.0,326.0
13.1095,209.0,328.0
13.1147,307.0,332.0
13.12,-45.0,332.0
13.1243,-199.0,332.0
13.1291,-2.0,332.0
13.1343,16.0,330.0
13.1394,-119.0,332.0
13.1447,71.0,330.0
13.1503,304.0,334.0
13.1546,47.0,332.0
13.1594,-389.0,338.0
13.1643,-347.0,340.0
13.1703,248.0,344.0
13.175,589.0,350.0
13.1796,101.0,350.0
13.1846,-498.0,358.0
13.1891,-467.0,362.0
13.1944,75.0,364.0
13.1995,590.0,368.0
13.2041,369.0,374.0
13.2098,-373.0,378.0
13.2151,-511.0,384.0
13.2192,3.0,382.0
13.2242,312.0,382.0
13.2299,214.0,384.0
13.2342,-52.0,376.0
13.2399,-170.0,376.0
13.2446,46.0,368.0
13.2493,23.0,362.0
13.2545,-349.0,364.0
13.2598,-24.0,360.0
13.2646,692.0,370.0
13.2694,219.0,372.0
13.2747,-746.0,384.0
13.2794,-385.0,384.0
13.2846,488.0,392.0
13.2896,326.0,390.0
13.2947,-182.0,390.0
13.2993,-123.0,388.0
13.3044,41.0,386.0
13.3093,9.0,382.0
13.3151,-41.0,380.0
13.3196,-85.0,380.0
13.3242,22.0,378.0
13.3293,234.0,382.0
13.3341,105.0,382.0
13.3396,-277.0,384.0
13.346,-241.0,388.0
13.3491,167.0,388.0
13.3541,212.0,392.0
13.3594,-18.0,390.0
13.3643,-10.0,390.0
13.3691,-50.0,388.0
13.3746,-219.0,390.0
13.3795,31.0,386.0
13.3846,364.0,388.0
13.3894,24.0,386.0
13.3944,-427.0,392.0
13.3996,-60.0,390.0
13.4057,469.0,396.0
13.4096,47.0,392.0
13.4141,-492.0,396.0
13.4191,-16.0,390.0
13.4245,389.0,394.0
13.4305,-26.0,392.0
13.4342,-94.0,390.0
13.4391,130.0,390.0
13.4443,-252.0,392.0
13.4494,-267.0,392.0
13.4541,432.0,398.0
13.4596,316.0,396.0
13.4646,-385.0,400.0
13.4693,-222.0,398.0
13.4742,240.0,398.0
13.4791,80.0,396.0
13.4853,-124.0,394.0
13.4903,-41.0,394.0
13.4946,34.0,390.0
13.4993,114.0,390.0
13.5043,82.0,386.0
13.5094,-145.0,388.0
13.5147,-185.0,384.0
13.5196,58.0,386.0
13.5244,220.0,388.0
13.5293,48.0,386.0
13.5343,-225.0,386.0
13.5392,-84.0,386.0
13.5447,211.0,384.0
13.5496,44.0,382.0
13.5543,-121.0,380.0
13.5593,57.0,378.0
13.5653,-24.0,376.0
13.5696,-188.0,378.0
13.5746,121.0,376.0
13.5802,285.0,378.0
13.5846,-85.0,376.0
13.5893,-305.0,378.0
13.595,-77.0,376.0
13.5995,237.0,378.0
13.6048,253.0,382.0
13.6096,-95.0,382.0
13.6145,-314.0,386.0
13.6193,-51.0,384.0
13.6243,251.0,388.0
13.63,120.0,384.0
13.6347,-174.0,386.0
13.6392,-102.0,384.0
13.6441,144.0,386.0
13.6493,33.0,386.0
13.6544,-124.0,388.0
13.6592,97.0,388.0
13.6649,100.0,390.0
13.6694,-267.0,394.0
13.6742,-107.0,394.0
13.6791,370.0,398.0
13.6846,122.0,400.0
13.6903,-370.0,400.0
13.6946,-95.0,400.0
13.6994,327.0,398.0
13.7043,45.0,396.0
13.7095,-272.0,390.0
13.7147,-14.0,386.0
13.7196,185.0,384.0
13.7252,-12.0,380.0
13.73,-117.0,382.0
13.7343,57.0,382.0
13.7393,156.0,380.0
13.7449,-86.0,378.0
13.7498,-255.0,380.0
13.7549,56.0,376.0
13.7593,258.0,378.0
13.7644,25.0,376.0
13.7693,-82.0,378.0
13.7748,-89.0,378.0
13.7798,-190.0,380.0
13.7845,42.0,380.0
13.7893,393.0,380.0
13.7941,103.0,382.0
13.8001,-434.0,382.0
13.8051,-228.0,380.0
13.8097,303.0,382.0
13.8146,247.0,376.0
13.8193,1.0,374.0
13.8245,-131.0,368.0
13.8299,-348.0,366.0
13.8347,-71.0,366.0
13.8394,474.0,364.0
13.8441,183.0,362.0
13.8499,-275.0,360.0
13.8543,-52.0,354.0
13.8597,-39.0,354.0
13.8642,-233.0,352.0
13.8696,202.0,352.0
13.8743,429.0,358.0
13.8793,-166.0,358.0
13.885,-384.0,364.0
13.8896,102.0,364.0
13.8943,170.0,362.0
13.8997,-183.0,364.0
13.9043,-12.0,354.0
13.9097,379.0,356.0
13.9154,19.0,344.0
13.9196,-480.0,346.0
13.9244,-32.0,340.0
13.9293,387.0,340.0
13.9343,-114.0,340.0
13.9397,-221.0,340.0
13.9446,321.0,344.0
13.9492,121.0,346.0
13.9544,-362.0,352.0
13.9593,-76.0,352.0
13.9651,194.0,354.0
13.9695,5.0,350.0
13.9745,-25.0,350.0
13.9807,63.0,346.0
13.9842,30.0,342.0
13.9892,16.0,340.0
13.9947,-88.0,338.0
13.9993,-262.0,342.0
14.0055,0.0,342.0
14.0093,438.0,348.0
14.0143,149.0,348.0
14.0193,-393.0,352.0
14.0244,-153.0,350.0
14.0295,280.0,354.0
14.0347,31.0,348.0
14.0396,-255.0,350.0
14.0451,58.0,344.0
14.0491,260.0,348.0
14.0542,-75.0,340.0
14.0593,-214.0,344.0
14.0643,90.0,340.0
14.0691,156.0,342.0
14.0741,-141.0,342.0
14.0791,-100.0,342.0
14.0845,231.0,342.0
14.0893,23.0,338.0
14.0944,-369.0,336.0
14.0992,2.0,332.0
14.1042,479.0,332.0
14.1092,84.0,330.0
14.1144,-427.0,334.0
14.1192,-176.0,336.0
14.1241,226.0,336.0
14.1292,148.0,338.0
14.1341,-38.0,338.0
14.1391,-30.0,338.0
14.1449,-35.0,336.0
14.1492,-70.0,336.0
14.1541,43.0,334.0
14.1592,124.0,334.0
14.1641,-34.0,332.0
14.1695,-131.0,332.0
14.1744,-21.0,330.0
14.1814,35.0,328.0
14.1842,97.0,326.0
14.1891,149.0,328.0
14.1945,-90.0,328.0
14.1992,-254.0,330.0
14.2044,25.0,330.0
14.2092,163.0,330.0
14.2148,-61.0,330.0
14.219,14.0,326.0
14.2243,249.0,328.0
14.2295,-98.0,324.0
14.2342,-429.0,330.0
14.2393,68.0,328.0
14.2441,433.0,330.0
14.2491,-36.0,330.0
14.2543,-262.0,328.0
14.2594,69.0,328.0
14.2644,53.0,326.0
14.2693,-145.0,326.0
14.274,36.0,324.0
14.2791,194.0,326.0
14.2842,56.0,324.0
14.2892,-162.0,326.0
14.2942,-219.0,328.0
14.2994,76.0,328.0
14.3042,276.0,330.0
14.3091,-27.0,326.0
14.3143,-182.0,328.0
14.3192,41.0,322.0
14.3241,48.0,322.0
14.3292,-44.0,316.0
14.3341,33.0,316.0
14.3393,-29.0,310.0
14.3444,-79.0,312.0
14.3492,117.0,308.0
14.3543,127.0,310.0
14.3591,-114.0,310.0
14.3655,-143.0,312.0
14.3691,23.0,310.0
14.3742,102.0,310.0
14.3792,72.0,310.0
14.3843,-83.0,310.0
14.3891,-162.0,308.0
14.3941,173.0,310.0
14.3993,296.0,310.0
14.4042,-305.0,314.0
14.4094,-438.0,320.0
14.4143,317.0,324.0
14.419,453.0,328.0
14.4242,-164.0,330.0
14.4293,-262.0,328.0
14.4343,-46.0,326.0
14.4393,-55.0,320.0
14.4441,195.0,320.0
14.4491,319.0,320.0
14.4544,-253.0,320.0
14.4595,-379.0,326.0
14.4642,282.0,328.0
14.4691,239.0,328.0
14.4742,-349.0,332.0
14.4792,-31.0,324.0
14.4842,460.0,328.0
14.4891,-83.0,326.0
14.4942,-540.0,334.0
14.4993,31.0,334.0
14.5042,460.0,338.0
14.5091,110.0,336.0
14.5143,-163.0,332.0
14.5192,-208.0,332.0
14.5241,-256.0,330.0
14.5291,229.0,332.0
14.5341,649.0,340.0
14.5392,-200.0,340.0
14.5443,-901.0,354.0
14.5494,105.0,350.0
14.5544,910.0,364.0
14.5592,35.0,356.0
14.5642,-647.0,366.0
14.5704,-101.0,362.0
14.5743,247.0,364.0
14.5812,28.0,360.0
14.5841,110.0,358.0
14.5891,114.0,358.0
14.5942,-346.0,356.0
14.5995,-235.0,360.0
14.6043,440.0,364.0
14.6093,305.0,368.0
14.6141,-376.0,374.0
14.6192,-336.0,378.0
14.6251,163.0,380.0
14.6295,313.0,384.0
14.6343,113.0,384.0
14.6394,-185.0,384.0
14.6443,-280.0,388.0
14.6491,-30.0,382.0
14.6542,195.0,382.0
14.6594,165.0,378.0
14.6644,38.0,376.0
14.6693,-82.0,374.0
14.6741,-133.0,376.0
14.6793,-44.0,372.0
14.6844,8.0,372.0
14.6894,-67.0,368.0
14.6942,106.0,368.0
14.6991,350.0,370.0
14.7042,-33.0,370.0
14.7091,-454.0,374.0
14.7142,-98.0,374.0
14.7194,251.0,376.0
14.7244,65.0,374.0
14.7292,23.0,374.0
14.7342,162.0,370.0
14.7393,-120.0,372.0
14.7444,-422.0,372.0
14.7493,55.0,372.0
14.7544,544.0,372.0
14.7592,5.0,370.0
14.7642,-473.0,374.0
14.7692,11.0,372.0
14.7751,277.0,376.0
14.7792,-58.0,376.0
14.7842,-86.0,376.0
14.7891,59.0,376.0
14.7943,-28.0,376.0
14.7991,3.0,374.0
14.8042,99.0,376.0
14.8094,-76.0,374.0
14.8142,-164.0,378.0
14.8191,95.0,378.0
14.8241,171.0,380.0
14.8293,-95.0,378.0
14.8342,-74.0,378.0
14.8392,189.0,378.0
14.8442,-25.0,378.0
14.8491,-355.0,380.0
14.8543,2.0,380.0
14.8593,422.0,386.0
14.8644,98.0,384.0
14.8693,-327.0,386.0
14.8741,-153.0,382.0
14.8792,167.0,384.0
14.8844,125.0,380.0
14.8894,-14.0,378.0
14.8944,-19.0,374.0
14.8994,-105.0,376.0
14.9041,-147.0,378.0
14.9091,157.0,378.0
14.9142,301.0,382.0
14.9194,-156.0,380.0
14.9244,-368.0,386.0
14.9292,166.0,386.0
14.9341,348.0,388.0
14.9393,-208.0,390.0
14.9443,-273.0,390.0
14.9494,241.0,394.0
14.9544,136.0,392.0
14.9591,-219.0,396.0
14.964,89.0,396.0
14.9693,156.0,398.0
14.9744,-385.0,404.0
14.9796,-131.0,404.0
14.9843,635.0,414.0
14.9891,181.0,414.0
14.9941,-676.0,422.0
14.9993,-221.0,424.0
15.0043,464.0,430.0
15.0091,143.0,432.0
15.0142,-150.0,432.0
15.019,35.0,432.0
15.0243,-78.0,432.0
15.0295,-171.0,432.0
15.0344,172.0,432.0
15.0392,162.0,430.0
15.0441,-153.0,428.0
15.0492,-19.0,420.0
15.0541,57.0,416.0
15.0594,-173.0,412.0
15.0642,40.0,410.0
15.0691,300.0,410.0
15.0741,-105.0,412.0
15.0791,-309.0,416.0
15.0842,168.0,416.0
15.0893,275.0,414.0
15.0946,-203.0,414.0
15.0993,-292.0,412.0
15.1041,144.0,410.0
15.1091,356.0,412.0
15.1145,-13.0,406.0
15.1196,-395.0,412.0
15.1242,-83.0,406.0
15.1292,375.0,412.0
15.1341,94.0,404.0
15.1392,-329.0,408.0
15.1445,-71.0,402.0
15.1493,285.0,406.0
15.1543,81.0,404.0
15.1591,-228.0,404.0
15.1641,-117.0,402.0
15.1691,162.0,402.0
15.1744,172.0,394.0
15.1794,-108.0,392.0
15.1843,-265.0,382.0
15.1891,27.0,382.0
15.1945,362.0,372.0
15.1992,138.0,374.0
15.2044,-343.0,370.0
15.2091,-333.0,374.0
15.2141,131.0,372.0
15.2191,388.0,378.0
15.2242,160.0,378.0
15.2293,-226.0,380.0
15.2344,-294.0,378.0
15.2394,-2.0,376.0
15.2442,196.0,372.0
15.249,89.0,368.0
15.2542,-32.0,362.0
15.2594,-22.0,358.0
15.2643,-46.0,356.0
15.2694,-61.0,352.0
15.2741,31.0,350.0
15.2792,70.0,348.0
15.2843,57.0,346.0
15.2893,29.0,346.0
15.2943,-184.0,346.0
15.2991,-240.0,346.0
15.3041,210.0,350.0
15.3093,420.0,354.0
15.3154,-61.0,354.0
15.3202,-363.0,358.0
15.3242,-104.0,360.0
15.3292,89.0,360.0
15.3341,105.0,360.0
15.3391,152.0,356.0
15.3444,34.0,356.0
15.3494,-189.0,352.0
15.3543,-185.0,354.0
15.3592,13.0,350.0
15.3648,285.0,354.0
15.37,311.0,358.0
15.3745,-276.0,360.0
15.3794,-597.0,368.0
15.3844,105.0,362.0
15.3897,586.0,370.0
15.3943,115.0,364.0
15.3998,-236.0,368.0
15.4042,-181.0,364.0
15.4105,-194.0,366.0
15.414,51.0,362.0
15.419,409.0,368.0
15.4242,101.0,368.0
15.43,-324.0,372.0
15.4343,-81.0,374.0
15.4392,93.0,374.0
15.4441,-86.0,374.0
15.449,109.0,376.0
15.4542,203.0,376.0
15.4595,-276.0,378.0
15.4642,-233.0,380.0
15.4694,420.0,384.0
15.4742,313.0,388.0
15.4791,-429.0,392.0
15.4845,-440.0,398.0
15.4909,244.0,396.0
15.4944,447.0,404.0
15.4998,9.0,398.0
15.5041,-248.0,400.0
15.5091,-168.0,398.0
15.5143,-93.0,396.0
15.5193,168.0,396.0
15.5242,420.0,400.0
15.5291,-57.0,402.0
15.5341,-571.0,410.0
15.5393,-50.0,410.0
15.5443,508.0,414.0
15.5492,79.0,414.0
15.5542,-337.0,414.0
15.5591,-65.0,412.0
15.564,156.0,410.0
15.5697,76.0,408.0
15.5743,8.0,402.0
15.5797,-116.0,402.0
15.5844,-148.0,400.0
15.5892,117.0,398.0
15.5942,208.0,398.0
15.6003,-30.0,396.0
15.6043,-96.0,396.0
15.6093,-70.0,394.0
15.6144,-166.0,390.0
15.6191,64.0,390.0
15.6243,378.0,386.0
15.6294,3.0,384.0
15.6344,-381.0,378.0
15.6392,16.0,376.0
15.6442,244.0,372.0
15.6491,-117.0,372.0
15.6543,-104.0,370.0
15.6593,177.0,372.0
15.6642,-14.0,372.0
15.6691,-191.0,372.0
15.6742,112.0,372.0
15.6791,244.0,372.0
15.6842,-99.0,372.0
15.6893,-317.0,376.0
15.6947,-66.0,376.0
15.6993,309.0,378.0
15.7042,240.0,382.0
15.7092,-214.0,380.0
15.7143,-244.0,382.0
15.7193,135.0,380.0
15.7241,109.0,380.0
15.7291,-143.0,376.0
15.7341,-23.0,374.0
15.739,204.0,372.0
15.7445,65.0,372.0
15.7494,-246.0,370.0
15.7543,-122.0,372.0
15.7592,264.0,370.0
15.764,96.0,370.0
15.7694,-300.0,368.0
15.7743,-70.0,368.0
15.7792,333.0,368.0
15.7842,175.0,370.0
15.7892,-263.0,370.0
15.7943,-368.0,374.0
15.7992,81.0,372.0
15.8042,464.0,378.0
15.8092,76.0,376.0
15.8142,-377.0,378.0
15.8191,-72.0,378.0
15.824,230.0,378.0
15.8293,-56.0,378.0
15.8344,-196.0,376.0
15.8393,121.0,376.0
15.8442,283.0,374.0
15.8491,10.0,370.0
15.8544,-318.0,372.0
15.8592,-242.0,370.0
15.8644,194.0,370.0
15.8695,355.0,372.0
15.8741,0.0,368.0
15.8794,-258.0,372.0
15.885,-111.0,370.0
15.8893,72.0,370.0
15.8942,93.0,372.0
15.8991,35.0,372.0
15.9041,-12.0,372.0
15.9095,-23.0,370.0
15.9144,-70.0,372.0
15.9192,-37.0,370.0
15.9243,148.0,372.0
15.929,88.0,372.0
15.9341,-191.0,374.0
15.9393,-136.0,372.0
15.944,105.0,370.0
15.9494,185.0,366.0
15.9544,125.0,368.0
15.9591,-173.0,364.0
15.9642,-344.0,368.0
15.9693,78.0,368.0
15.9743,360.0,372.0
15.9794,-4.0,370.0
15.9843,-176.0,372.0
15.9896,42.0,370.0
15.9958,-50.0,368.0
15.9991,-130.0,370.0
16.0043,207.0,368.0
16.0094,162.0,366.0
16.0142,-288.0,366.0
16.0202,-147.0,358.0
16.0242,335.0,362.0
16.0292,164.0,356.0
16.0343,-373.0,360.0
16.0393,-230.0,360.0
16.0442,375.0,362.0
16.0491,279.0,364.0
16.0544,-284.0,368.0
16.0591,-230.0,364.0
16.0642,110.0,364.0
16.0691,67.0,360.0
16.0742,51.0,360.0
16.0795,134.0,362.0
16.0845,-97.0,362.0
16.0892,-259.0,364.0
16.0942,30.0,360.0
16.0992,239.0,360.0
16.104,46.0,358.0
16.1091,-127.0,352.0
16.1143,-68.0,348.0
16.1192,19.0,342.0
16.1241,57.0,336.0
16.1292,46.0,334.0
16.1341,-35.0,328.0
16.139,-94.0,328.0
16.1444,-6.0,324.0
16.1494,138.0,324.0
16.1542,40.0,324.0
16.1591,-188.0,324.0
16.164,-3.0,318.0
16.1691,278.0,320.0
16.1743,-89.0,314.0
16.1794,-406.0,318.0
16.1842,121.0,312.0
16.189,460.0,318.0
16.1942,-41.0,314.0
16.1996,-355.0,318.0
16.2043,-28.0,316.0
16.2092,170.0,318.0
16.2141,-60.0,318.0
16.2196,-65.0,318.0
16.2243,282.0,320.0
16.2293,102.0,320.0
16.2344,-439.0,324.0
16.2394,-190.0,326.0
16.2441,367.0,330.0
16.25,175.0,332.0
16.2544,-134.0,332.0
16.2593,-7.0,330.0
16.2643,-28.0,324.0
16.2692,-177.0,328.0
16.274,6.0,322.0
16.2792,214.0,324.0
16.2843,92.0,322.0
16.2892,-116.0,322.0
16.2942,-150.0,324.0
16.299,6.0,320.0
16.3041,179.0,324.0
16.3094,71.0,322.0
16.3145,-203.0,322.0
16.3192,-140.0,320.0
16.3242,164.0,322.0
16.3291,171.0,320.0
16.3341,-51.0,320.0
16.3391,-105.0,316.0
16.3443,-46.0,314.0
16.3493,-49.0,310.0
16.3542,78.0,308.0
16.3598,201.0,310.0
16.3641,-82.0,308.0
16.3694,-250.0,310.0
16.3742,84.0,312.0
16.3792,159.0,310.0
16.3842,-71.0,310.0
16.389,-7.0,306.0
16.3941,44.0,306.0
16.3991,-78.0,302.0
16.4043,-6.0,302.0
16.4093,49.0,298.0
16.4141,-48.0,298.0
16.4192,46.0,292.0
16.4243,94.0,292.0
16.4295,-133.0,290.0
16.4347,-85.0,284.0
16.4396,168.0,286.0
16.444,8.0,280.0
16.4492,-155.0,280.0
16.4541,96.0,276.0
16.4596,114.0,276.0
16.4644,-165.0,276.0
16.4692,-58.0,276.0
16.474,183.0,276.0
16.48,28.0,274.0
16.4843,-179.0,272.0
16.4893,-75.0,274.0
16.4944,145.0,270.0
16.4992,151.0,270.0
16.5049,-15.0,266.0
16.5097,-125.0,262.0
16.5148,-202.0,266.0
16.5193,-45.0,262.0
16.5242,360.0,266.0
16.5292,238.0,270.0
16.5348,-351.0,274.0
16.5392,-313.0,278.0
16.5444,225.0,280.0
16.5493,268.0,284.0
16.5542,-68.0,284.0
16.5592,-193.0,288.0
16.5649,-97.0,286.0
16.5692,153.0,288.0
16.5743,267.0,288.0
16.5825,-147.0,288.0
16.5841,-383.0,294.0
16.5892,134.0,292.0
16.5943,349.0,296.0
16.6006,-124.0,296.0
16.6043,-161.0,292.0
16.6097,160.0,294.0
16.6142,-46.0,288.0
16.619,-211.0,292.0
16.6244,133.0,292.0
16.6293,196.0,294.0
16.6341,-83.0,294.0
16.6393,-116.0,294.0
16.6442,9.0,290.0
16.649,68.0,290.0
16.6543,-5.0,284.0
16.6594,-117.0,284.0
16.6643,39.0,280.0
16.6694,205.0,280.0
16.6745,-42.0,276.0
16.6791,-215.0,274.0
16.6843,30.0,270.0
16.689,125.0,268.0
16.6941,-65.0,264.0
16.6992,-32.0,260.0
16.7042,131.0,260.0
16.7093,25.0,260.0
16.7146,-145.0,262.0
16.7193,-93.0,262.0
16.7243,76.0,260.0
16.7292,164.0,260.0
16.7342,22.0,260.0
16.7394,-185.0,258.0
16.7441,-119.0,260.0
16.7493,139.0,260.0
16.7543,223.0,262.0
16.7591,-26.0,262.0
16.7641,-300.0,266.0
16.7695,-120.0,268.0
16.7743,278.0,270.0
16.7793,228.0,274.0
16.7844,-170.0,276.0
16.7891,-243.0,278.0
16.7941,69.0,278.0
16.7992,194.0,278.0
16.8043,-11.0,278.0
16.8094,-133.0,276.0
16.8143,-45.0,276.0
16.819,59.0,270.0
16.8242,105.0,270.0
16.8294,28.0,262.0
16.8344,-105.0,264.0
16.8392,-57.0,258.0
16.8442,43.0,260.0
16.8491,-21.0,256.0
16.854,-28.0,256.0
16.8592,102.0,256.0
16.8643,108.0,254.0
16.8693,-44.0,254.0
16.8742,-163.0,248.0
16.8792,-114.0,248.0
16.884,80.0,244.0
16.8893,202.0,244.0
16.8943,61.0,242.0
16.8992,-157.0,244.0
16.9041,-107.0,246.0
16.9092,81.0,244.0
16.9142,41.0,246.0
16.9192,-71.0,242.0
16.9242,16.0,242.0
16.9296,107.0,242.0
16.934,22.0,240.0
16.9392,-96.0,242.0
16.9445,-134.0,240.0
16.9491,-12.0,240.0
16.9543,222.0,240.0
16.959,161.0,240.0
16.9643,-195.0,240.0
16.9693,-247.0,242.0
16.9742,58.0,242.0
16.9793,229.0,244.0
16.9843,90.0,244.0
16.9891,-178.0,246.0
16.9945,-162.0,248.0
16.9991,195.0,248.0
17.0043,160.0,248.0
17.0094,-278.0,250.0
17.0142,-130.0,250.0
17.019,341.0,252.0
17.0242,78.0,254.0
17.0301,-328.0,258.0
17.034,-4.0,258.0
17.0392,237.0,260.0
17.0442,-64.0,260.0
17.0491,-100.0,262.0
17.0548,102.0,262.0
17.0596,-17.0,262.0
17.0642,-92.0,262.0
17.0693,67.0,260.0
17.0751,5.0,260.0
17.0793,-77.0,258.0
17.0842,168.0,260.0
17.0892,102.0,260.0
17.0943,-353.0,264.0
17.0992,-141.0,264.0
17.1042,456.0,268.0
17.1096,154.0,270.0
17.1142,-458.0,274.0
17.1194,-139.0,276.0
17.1242,370.0,280.0
17.1302,127.0,280.0
17.1342,-189.0,280.0
17.1394,-101.0,280.0
17.1442,-49.0,280.0
17.1493,-5.0,278.0
17.1542,202.0,278.0
17.1592,185.0,280.0
17.1642,-100.0,276.0
17.1692,-265.0,278.0
17.1743,-220.0,276.0
17.1793,108.0,272.0
17.1843,461.0,276.0
17.1891,145.0,274.0
17.1944,-406.0,280.0
17.1992,-211.0,280.0
17.2041,187.0,280.0
17.2093,32.0,278.0
17.214,-59.0,276.0
17.2191,174.0,276.0
17.2242,68.0,272.0
17.2293,-206.0,272.0
17.2342,-54.0,268.0
17.2392,125.0,268.0
17.2442,-73.0,266.0
17.25,-147.0,266.0
17.2543,182.0,268.0
17.2593,292.0,270.0
17.2651,-133.0,270.0
17.2694,-348.0,272.0
17.2742,-19.0,270.0
17.279,189.0,272.0
17.284,126.0,274.0
17.2893,61.0,274.0
17.2941,-113.0,276.0
17.2996,-197.0,276.0
17.3041,30.0,276.0
17.3091,134.0,276.0
17.3141,34.0,276.0
17.3192,43.0,272.0
17.3243,-23.0,272.0
17.3292,-200.0,274.0
17.3342,-69.0,274.0
17.3391,236.0,276.0
17.3443,178.0,278.0
17.3498,-146.0,280.0
17.3542,-204.0,280.0
17.359,17.0,280.0
17.3653,142.0,280.0
17.3693,77.0,278.0
17.3742,-73.0,280.0
17.3793,-128.0,278.0
17.3841,55.0,278.0
17.3891,142.0,278.0
17.3941,-65.0,276.0
17.3995,-129.0,278.0
17.4043,42.0,274.0
17.4091,98.0,272.0
17.4143,33.0,268.0
17.4191,-55.0,266.0
17.424,-123.0,266.0
17.4294,15.0,262.0
17.4342,215.0,264.0
17.439,16.0,262.0
17.4442,-318.0,266.0
17.4491,-71.0,266.0
17.4542,371.0,270.0
17.4594,143.0,272.0
17.4643,-299.0,274.0
17.4691,-163.0,276.0
17.474,152.0,278.0
17.4791,106.0,278.0
17.4843,-30.0,278.0
17.4893,-27.0,278.0
17.4941,-37.0,278.0
17.4991,-37.0,278.0
17.5041,43.0,276.0
17.5091,70.0,276.0
17.5141,5.0,274.0
17.5192,-57.0,274.0
17.5244,-62.0,274.0
17.5296,16.0,270.0
17.534,77.0,270.0
17.539,48.0,268.0
17.5444,-27.0,268.0
17.5493,-158.0,268.0
17.5542,-67.0,270.0
17.5592,299.0,272.0
17.5641,157.0,274.0
17.5691,-390.0,280.0
17.5743,-187.0,282.0
17.5799,364.0,286.0
17.5842,140.0,286.0
17.5891,-239.0,290.0
17.5942,-67.0,288.0
17.5992,94.0,286.0
17.6043,49.0,284.0
17.6093,39.0,280.0
17.6142,-60.0,280.0
17.6192,-145.0,280.0
17.6243,-6.0,278.0
17.6295,144.0,278.0
17.6342,135.0,278.0
17.6393,-24.0,274.0
17.6442,-187.0,274.0
17.6492,-90.0,272.0
17.6541,111.0,272.0
17.6592,110.0,268.0
17.6642,-9.0,266.0
17.6692,-96.0,264.0
17.6741,-10.0,264.0
17.6792,156.0,262.0
17.6842,-8.0,262.0
17.6893,-247.0,264.0
17.695,-59.0,262.0
17.6992,219.0,266.0
17.7041,195.0,268.0
17.7091,-31.0,268.0
17.7143,-239.0,270.0
17.7194,-159.0,272.0
17.7242,135.0,272.0
17.7292,179.0,272.0
17.7341,-29.0,268.0
17.7393,-11.0,266.0
17.7445,102.0,260.0
17.7493,-186.0,260.0
17.7543,-329.0,258.0
17.7592,247.0,260.0
17.7642,496.0,262.0
17.7694,-177.0,262.0
17.7744,-465.0,268.0
17.7794,101.0,268.0
17.7841,281.0,270.0
17.7892,-77.0,272.0
17.7943,-65.0,270.0
17.7995,73.0,268.0
17.8042,-90.0,268.0
17.8091,-50.0,264.0
17.8153,159.0,264.0
17.8192,20.0,262.0
17.8244,-147.0,258.0
17.8296,-40.0,256.0
17.8346,53.0,250.0
17.8396,101.0,248.0
17.8442,69.0,246.0
17.85,-102.0,248.0
17.8544,-108.0,248.0
17.8598,21.0,246.0
17.8642,32.0,246.0
17.8691,47.0,244.0
17.8742,49.0,244.0
17.879,-81.0,242.0
17.8844,-32.0,242.0
17.8896,165.0,242.0
17.894,-38.0,240.0
17.8993,-270.0,240.0
17.9042,61.0,238.0
17.909,234.0,236.0
17.9146,-71.0,238.0
17.9196,-38.0,234.0
17.9243,186.0,236.0
17.9293,-123.0,236.0
17.9342,-405.0,242.0
17.9393,109.0,240.0
17.9447,605.0,250.0
17.9494,23.0,248.0
17.9547,-660.0,258.0
17.9591,-112.0,258.0
17.9642,547.0,266.0
17.9697,52.0,264.0
17.9749,-386.0,268.0
17.9796,86.0,266.0
17.9846,267.0,268.0
17.9893,-146.0,268.0
17.9943,-148.0,268.0
17.9994,97.0,268.0
18.0045,15.0,266.0
18.0101,-43.0,266.0
18.0142,21.0,266.0
18.0193,44.0,264.0
18.0244,120.0,264.0
18.0297,-48.0,264.0
18.0346,-355.0,268.0
18.0395,-7.0,266.0
18.0442,486.0,272.0
18.0492,82.0,272.0
18.0543,-409.0,278.0
18.0598,-73.0,278.0
18.066,229.0,280.0
18.069,-37.0,280.0
18.074,-113.0,280.0
18.0792,164.0,282.0
18.0842,93.0,278.0
18.0896,-239.0,280.0
18.0946,-83.0,276.0
18.0992,265.0,278.0
18.1043,36.0,274.0
18.1093,-233.0,274.0
18.1147,21.0,272.0
18.1193,128.0,274.0
18.1245,-74.0,274.0
18.1292,-33.0,274.0
18.1354,93.0,274.0
18.1394,28.0,274.0
18.1449,-9.0,274.0
18.1492,-42.0,274.0
18.1542,-161.0,276.0
18.1592,-45.0,276.0
18.1643,283.0,280.0
18.1693,235.0,282.0
18.1746,-262.0,286.0
18.1792,-406.0,292.0
18.1846,140.0,294.0
18.1892,428.0,298.0
18.1944,-20.0,296.0
18.1998,-283.0,296.0
18.2047,-24.0,294.0
18.2095,70.0,290.0
18.2143,-5.0,286.0
18.219,92.0,282.0
18.2243,52.0,280.0
18.2296,-157.0,280.0
18.2342,-70.0,280.0
18.2396,139.0,280.0
18.2443,60.0,280.0
18.2493,-85.0,282.0
18.2543,-54.0,282.0
18.2593,42.0,280.0
18.2644,91.0,280.0
18.2697,0.0,278.0
18.2743,-178.0,280.0
18.2794,-92.0,280.0
18.2845,245.0,282.0
18.2896,200.0,282.0
18.2942,-263.0,286.0
18.2993,-202.0,286.0
18.3042,333.0,292.0
18.3093,115.0,292.0
18.315,-493.0,300.0
18.3204,-108.0,298.0
18.3242,565.0,308.0
18.3293,208.0,308.0
18.3343,-406.0,312.0
18.3393,-236.0,312.0
18.3457,161.0,312.0
18.3494,114.0,314.0
18.3545,-73.0,310.0
18.3593,14.0,308.0
18.3654,172.0,310.0
18.3705,-1.0,306.0
18.3755,-303.0,310.0
18.3792,-101.0,312.0
18.3841,344.0,316.0
18.3892,131.0,316.0
18.3954,-305.0,314.0
18.4005,-40.0,312.0
18.4048,244.0,308.0
18.409,-64.0,306.0
18.4155,-185.0,302.0
18.4193,78.0,300.0
18.4242,107.0,298.0
18.4296,-3.0,298.0
18.434,10.0,296.0
18.4396,-86.0,296.0
18.4443,-142.0,298.0
18.4492,141.0,298.0
18.4543,238.0,300.0
18.4591,-171.0,302.0
18.4646,-300.0,304.0
18.4694,182.0,306.0
18.4749,347.0,312.0
18.4792,-150.0,312.0
18.4843,-355.0,316.0
18.4896,75.0,316.0
18.4944,298.0,320.0
18.5,2.0,318.0
18.5041,-194.0,322.0
18.5095,-59.0,322.0
18.5145,89.0,322.0
18.5193,66.0,322.0
18.5247,-27.0,322.0
18.5292,3.0,320.0
18.5342,43.0,320.0
18.5394,-100.0,316.0
18.5448,-137.0,318.0
18.5496,112.0,316.0
18.5545,242.0,318.0
18.559,0.0,318.0
18.5643,-244.0,320.0
18.5697,-126.0,320.0
18.5746,120.0,314.0
18.5834,121.0,314.0
18.5847,3.0,306.0
18.5891,19.0,306.0
18.5942,-7.0,296.0
18.5994,-159.0,296.0
18.6046,-72.0,288.0
18.6107,193.0,290.0
18.6143,96.0,286.0
18.6193,-159.0,288.0
18.6245,-13.0,284.0
18.6296,148.0,284.0
18.6354,-62.0,282.0
18.6396,-160.0,284.0
18.6442,-1.0,282.0
18.6492,129.0,284.0
18.6544,222.0,288.0
18.6598,-26.0,288.0
18.6643,-468.0,292.0
18.6692,-95.0,294.0
18.6741,555.0,296.0
18.6793,94.0,298.0
18.6853,-436.0,296.0
18.6902,86.0,298.0
18.6942,270.0,294.0
18.6991,-265.0,298.0
18.7043,-188.0,298.0
18.7093,234.0,300.0
18.7141,126.0,300.0
18.72,-56.0,298.0
18.7247,9.0,298.0
18.729,-52.0,294.0
18.7343,-179.0,296.0
18.7394,-3.0,292.0
18.7447,267.0,296.0
18.7493,141.0,294.0
18.7542,-223.0,298.0
18.7599,-221.0,298.0
18.7641,113.0,300.0
18.7697,191.0,302.0
18.7748,-20.0,300.0
18.7792,-110.0,302.0
18.784,-31.0,302.0
18.7891,45.0,302.0
18.7943,57.0,300.0
18.7993,-11.0,300.0
18.8043,-37.0,296.0
18.8093,-17.0,292.0
18.8141,-60.0,290.0
18.8191,63.0,284.0
18.8242,206.0,286.0
18.8292,-113.0,280.0
18.8342,-306.0,286.0
18.8392,130.0,282.0
18.8441,294.0,286.0
18.849,-95.0,288.0
18.8543,-165.0,290.0
18.8592,61.0,290.0
18.8641,-23.0,288.0
18.8692,-92.0,288.0
18.8741,152.0,290.0
18.8792,164.0,290.0
18.8841,-129.0,290.0
18.8892,-169.0,292.0
18.8941,26.0,292.0
18.8992,75.0,292.0
18.904,-16.0,290.0
18.9091,2.0,290.0
18.9141,119.0,290.0
18.919,36.0,288.0
18.9242,-175.0,288.0
18.9291,-121.0,286.0
18.9341,59.0,284.0
18.9391,98.0,282.0
18.9442,180.0,280.0
18.9493,105.0,280.0
18.9542,-344.0,276.0
18.959,-377.0,282.0
18.9641,250.0,276.0
18.9691,477.0,280.0
18.9741,25.0,274.0
18.9797,-299.0,276.0
18.9843,-196.0,276.0
18.9891,24.0,274.0
18.9942,111.0,276.0
18.9994,99.0,276.0
19.0042,101.0,276.0
19.0091,-37.0,276.0
19.0143,-211.0,274.0
19.0191,-48.0,274.0
19.0255,115.0,270.0
19.0294,1.0,268.0
19.0341,68.0,264.0
19.0394,171.0,266.0
19.0441,-127.0,264.0
19.0491,-315.0,268.0
19.054,1.0,266.0
19.0594,290.0,270.0
19.0643,179.0,270.0
19.0695,-91.0,272.0
19.0742,-238.0,276.0
19.079,-166.0,276.0
19.0842,88.0,276.0
19.0891,316.0,278.0
19.0942,196.0,278.0
19.0992,-262.0,278.0
19.1041,-410.0,280.0
19.1091,48.0,278.0
19.1143,377.0,280.0
19.1197,171.0,280.0
19.1243,-102.0,276.0
19.1291,-238.0,278.0
19.1341,-209.0,276.0
19.1392,117.0,278.0
19.144,326.0,280.0
19.1492,50.0,280.0
19.1546,-197.0,282.0
19.159,-109.0,282.0
19.164,-44.0,282.0
19.1692,44.0,284.0
19.1757,261.0,286.0
19.1792,54.0,286.0
19.1842,-389.0,290.0
19.1891,-119.0,290.0
19.1942,386.0,292.0
19.1995,136.0,294.0
19.2042,-244.0,294.0
19.2092,-113.0,294.0
19.2141,35.0,294.0
19.2191,54.0,292.0
19.2242,132.0,294.0
19.2292,28.0,294.0
19.2342,-212.0,298.0
19.2401,-115.0,296.0
19.2441,203.0,298.0
19.2491,179.0,298.0
19.254,-89.0,298.0
19.2593,-140.0,298.0
19.2643,-99.0,300.0
19.2692,-80.0,298.0
19.2741,173.0,300.0
19.2792,389.0,304.0
19.2841,16.0,304.0
19.2893,-528.0,310.0
19.2942,-320.0,312.0
19.2992,370.0,318.0
19.3042,431.0,316.0
19.3091,-96.0,316.0
19.3146,-265.0,312.0
19.3192,-25.0,312.0
19.3241,23.0,304.0
19.3291,-33.0,304.0
19.3341,90.0,300.0
19.339,69.0,298.0
19.3444,-108.0,296.0
19.3493,39.0,294.0
19.3541,184.0,294.0
19.3598,-155.0,296.0
19.3648,-315.0,300.0
19.3697,120.0,302.0
19.375,328.0,304.0
19.3792,6.0,304.0
19.3847,-151.0,302.0
19.389,-53.0,302.0
19.3942,-76.0,298.0
19.4,5.0,296.0
19.4041,161.0,296.0
19.4097,-16.0,294.0
19.4145,-120.0,294.0
19.4191,143.0,296.0
19.4242,132.0,298.0
19.4296,-216.0,300.0
19.4347,-225.0,302.0
19.4391,104.0,304.0
19.4441,244.0,308.0
19.4495,71.0,308.0
19.4542,-148.0,310.0
19.4593,-138.0,310.0
19.4643,61.0,308.0
19.4692,127.0,308.0
19.4751,-41.0,304.0
19.4792,-159.0,304.0
19.4841,3.0,300.0
19.4892,199.0,302.0
19.4941,79.0,300.0
19.4992,-144.0,302.0
19.5042,-109.0,304.0
19.5096,39.0,302.0
19.515,60.0,300.0
19.5192,4.0,298.0
19.5242,-49.0,298.0
19.5292,-24.0,294.0
19.5341,169.0,298.0
19.5405,165.0,298.0
19.5444,-304.0,302.0
19.5491,-394.0,310.0
19.5541,241.0,310.0
19.5591,469.0,318.0
19.5641,-4.0,316.0
19.5692,-269.0,318.0
19.5742,-146.0,318.0
19.5801,3.0,318.0
19.5842,104.0,316.0
19.5891,70.0,316.0
19.5941,-41.0,310.0
19.599,28.0,306.0
19.6042,88.0,302.0
19.6092,-83.0,296.0
19.6148,-136.0,298.0
19.6191,-8.0,294.0
19.624,34.0,292.0
19.6294,109.0,292.0
19.6341,156.0,294.0
19.6406,-62.0,292.0
19.6442,-228.0,294.0
19.6491,-65.0,296.0
19.6544,135.0,294.0
19.6592,104.0,294.0
19.6643,-41.0,294.0
19.6693,-30.0,294.0
19.6741,53.0,294.0
19.679,-45.0,292.0
19.6842,-99.0,292.0
19.6891,52.0,288.0
19.6943,50.0,288.0
19.6992,-30.0,284.0
19.7049,114.0,284.0
19.7093,59.0,282.0
19.7143,-250.0,282.0
19.7192,-141.0,282.0
19.7241,173.0,284.0
19.7291,183.0,282.0
19.7344,134.0,280.0
19.739,-98.0,278.0
19.7445,-451.0,278.0
19.7491,-95.0,280.0
19.7541,497.0,282.0
19.7591,244.0,282.0
19.7642,-239.0,284.0
19.7693,-182.0,284.0
19.7742,-57.0,282.0
19.7791,-47.0,280.0
19.7841,143.0,278.0
19.7891,205.0,280.0
19.7941,-53.0,278.0
19.7994,-146.0,278.0
19.8042,-17.0,278.0
19.8091,4.0,278.0
19.8142,-2.0,274.0
19.8192,-3.0,272.0
19.8242,1.0,266.0
19.8296,133.0,266.0
19.8343,111.0,262.0
19.8391,-194.0,264.0
19.8441,-228.0,262.0
19.8491,119.0,262.0
19.8542,191.0,266.0
19.8592,-41.0,266.0
19.8642,-29.0,264.0
19.8694,30.0,264.0
19.8742,-76.0,262.0
19.8792,23.0,260.0
19.8842,38.0,258.0
19.8892,-197.0,258.0
19.8951,23.0,256.0
19.8992,360.0,260.0
19.9044,11.0,258.0
19.9093,-333.0,262.0
19.9143,-73.0,262.0
19.9192,138.0,258.0
19.9241,38.0,258.0
19.9291,2.0,250.0
19.9341,50.0,246.0
19.9391,51.0,240.0
19.9456,-39.0,234.0
19.9491,-170.0,236.0
19.9542,-102.0,232.0
19.9591,157.0,234.0
19.9641,223.0,238.0
19.9692,-45.0,238.0
19.9741,-207.0,240.0
19.9794,-4.0,238.0
19.9842,130.0,240.0
19.9891,-26.0,238.0
19.9941,-91.0,238.0
19.9993,49.0,236.0
20.0043,81.0,232.0
20.0092,-44.0,230.0
20.0141,-62.0,226.0
20.0192,71.0,228.0
20.0249,24.0,226.0
20.0294,-153.0,228.0
20.0343,56.0,228.0
20.0393,242.0,230.0
20.0442,-198.0,232.0
20.0491,-294.0,236.0
20.0541,343.0,240.0
20.0592,305.0,242.0
20.0642,-386.0,246.0
20.0692,-259.0,246.0
20.0748,293.0,248.0
20.0791,139.0,248.0
20.0842,-138.0,246.0
20.0891,-4.0,246.0
20.0941,24.0,244.0
20.0992,-39.0,242.0
20.1041,13.0,242.0
20.1093,-62.0,240.0
20.1141,-25.0,240.0
20.1195,222.0,240.0
20.1242,61.0,242.0
20.1292,-290.0,244.0
20.1341,-87.0,244.0
20.1394,232.0,244.0
20.1443,70.0,244.0
20.1493,-127.0,246.0
20.1542,-12.0,244.0
20.1591,51.0,246.0
20.1641,-91.0,246.0
20.1696,-63.0,246.0
20.1743,201.0,248.0
20.1793,176.0,248.0
20.1843,-224.0,246.0
20.1891,-282.0,244.0
20.1943,147.0,242.0
20.1993,237.0,240.0
20.2043,-57.0,240.0
20.2093,-31.0,236.0
20.2141,38.0,234.0
20.2191,-188.0,238.0
20.2243,-88.0,238.0
20.2292,268.0,240.0
20.2352,101.0,242.0
20.2399,-187.0,244.0
20.2441,35.0,242.0
20.2491,76.0,242.0
20.2543,-283.0,246.0
20.2602,-85.0,246.0
20.2642,453.0,252.0
20.2693,211.0,254.0
20.274,-448.0,260.0
20.2791,-307.0,262.0
20.2842,372.0,266.0
20.2891,313.0,268.0
20.2942,-325.0,272.0
20.2992,-309.0,276.0
20.3044,248.0,278.0
20.3093,297.0,282.0
20.3143,-95.0,284.0
20.32,-188.0,286.0
20.3242,-31.0,284.0
20.3292,10.0,284.0
20.3342,32.0,284.0
20.3402,88.0,284.0
20.3443,49.0,284.0
20.3492,-42.0,284.0
20.3542,-102.0,280.0
20.3591,-58.0,280.0
20.3641,88.0,278.0
20.3701,107.0,276.0
20.3743,-45.0,276.0
20.3791,-83.0,276.0
20.3841,15.0,268.0
20.389,9.0,268.0
20.3947,-12.0,260.0
20.3991,96.0,258.0
20.4041,57.0,254.0
20.4091,-177.0,254.0
20.4142,-123.0,256.0
20.4195,163.0,258.0
20.4242,123.0,256.0
20.4302,-85.0,256.0
20.4341,-31.0,254.0
20.4391,40.0,254.0
20.4441,-73.0,254.0
20.4491,-40.0,254.0
20.454,129.0,256.0
20.4593,44.0,258.0
20.4643,-118.0,258.0
20.4692,-45.0,258.0
20.4741,30.0,256.0
20.4791,41.0,254.0
20.4851,81.0,252.0
20.4891,-44.0,250.0
20.4943,-125.0,250.0
20.4991,109.0,250.0
20.5041,112.0,252.0
20.5092,-237.0,254.0
20.5149,-115.0,256.0
20.5193,325.0,260.0
20.5243,139.0,262.0
20.5291,-299.0,264.0
20.5341,-122.0,266.0
20.5392,213.0,262.0
20.5443,16.0,262.0
20.55,-186.0,260.0
20.5542,128.0,262.0
20.5591,251.0,264.0
20.5641,-195.0,266.0
20.5692,-298.0,270.0
20.5752,165.0,272.0
20.5792,204.0,274.0
20.5842,-167.0,276.0
20.5891,-20.0,274.0
20.5941,263.0,276.0
20.5994,-65.0,276.0
20.6043,-292.0,276.0
20.61,-20.0,276.0
20.6141,67.0,274.0
20.6196,127.0,276.0
20.6243,285.0,278.0
20.6293,-121.0,280.0
20.6343,-450.0,286.0
20.6391,67.0,286.0
20.6442,348.0,290.0
20.6491,-53.0,290.0
20.6541,-161.0,292.0
20.6593,57.0,290.0
20.6642,19.0,290.0
20.6693,-48.0,290.0
20.6741,74.0,290.0
20.6791,51.0,286.0
20.6843,-109.0,286.0
20.6903,-95.0,282.0
20.6942,49.0,278.0
20.6991,146.0,274.0
20.7041,60.0,270.0
20.7092,-140.0,268.0
20.7146,-100.0,266.0
20.7192,70.0,264.0
20.7242,22.0,262.0
20.7291,0.0,262.0
20.7341,90.0,264.0
20.7392,-17.0,262.0
20.7444,-121.0,264.0
20.7491,0.0,264.0
20.7541,36.0,264.0
20.7591,-10.0,260.0
20.7645,84.0,260.0
20.7693,51.0,256.0
20.7743,-148.0,258.0
20.7793,-54.0,256.0
20.7843,152.0,256.0
20.7891,8.0,254.0
20.7942,-141.0,256.0
20.7991,42.0,256.0
20.8041,118.0,256.0
20.8093,-71.0,256.0
20.8143,-67.0,254.0
20.8191,58.0,254.0
20.8241,4.0,250.0
20.8292,38.0,246.0
20.8342,51.0,244.0
20.8393,-216.0,244.0
20.8442,-120.0,244.0
20.8491,359.0,250.0
20.8542,162.0,252.0
20.8593,-371.0,254.0
20.8642,-91.0,254.0
20.8691,323.0,256.0
20.8741,-50.0,254.0
20.8791,-311.0,256.0
20.8844,120.0,258.0
20.8892,289.0,262.0
20.8942,-80.0,258.0
20.8992,-174.0,260.0
20.904,38.0,254.0
20.9091,-6.0,250.0
20.9141,-87.0,244.0
20.9196,155.0,242.0
20.9243,186.0,240.0
20.9291,-230.0,238.0
20.9341,-236.0,236.0
20.9397,255.0,236.0
20.9441,211.0,236.0
20.9492,-228.0,234.0
20.9541,-134.0,234.0
20.9594,128.0,234.0
20.9641,11.0,234.0
20.9693,-9.0,234.0
20.9743,124.0,234.0
20.9791,-46.0,234.0
20.9841,-198.0,236.0
20.989,48.0,236.0
20.9941,177.0,238.0
20.9994,-68.0,238.0
21.0051,-115.0,238.0
21.0092,136.0,238.0
21.0141,108.0,240.0
21.0191,-173.0,242.0
21.0241,-158.0,244.0
21.0291,73.0,244.0
21.0342,127.0,246.0
21.0392,94.0,246.0
21.0446,47.0,246.0
21.0491,-128.0,246.0
21.0542,-216.0,246.0
21.0593,-11.0,244.0
21.0642,221.0,246.0
21.0691,142.0,246.0
21.0741,-135.0,248.0
21.0796,-119.0,250.0
21.0844,166.0,252.0
21.0893,48.0,252.0
21.0943,-351.0,254.0
21.0991,-125.0,256.0
21.1041,473.0,262.0
21.1092,310.0,266.0
21.1143,-347.0,270.0
21.1193,-345.0,276.0
21.1243,87.0,276.0
21.1297,130.0,276.0
21.1341,67.0,276.0
21.1391,141.0,276.0
21.1442,-65.0,276.0
21.1493,-274.0,276.0
21.1541,50.0,276.0
21.1591,304.0,274.0
21.1641,-81.0,274.0
21.1691,-347.0,274.0
21.1742,49.0,274.0
21.1793,369.0,276.0
21.1841,87.0,278.0
21.1891,-261.0,278.0
21.1943,-212.0,280.0
21.1991,56.0,276.0
21.2042,216.0,276.0
21.2092,93.0,274.0
21.2142,-119.0,272.0
21.2191,-89.0,272.0
21.2241,15.0,268.0
21.2292,-60.0,270.0
21.2342,10.0,266.0
21.2391,288.0,268.0
21.2441,92.0,266.0
21.2491,-451.0,272.0
21.2548,-309.0,276.0
21.2592,384.0,280.0
21.2642,493.0,284.0
21.2692,-107.0,284.0
21.2741,-468.0,284.0
21.2791,-131.0,284.0
21.2843,249.0,284.0
21.2893,132.0,284.0
21.2943,-37.0,282.0
21.2992,44.0,282.0
21.3041,6.0,282.0
21.3092,-186.0,284.0
21.3144,-131.0,284.0
21.3192,182.0,288.0
21.3243,252.0,290.0
21.3292,-94.0,290.0
21.3345,-275.0,292.0
21.3393,36.0,292.0
21.3448,237.0,294.0
21.3492,-30.0,292.0
21.3541,-188.0,294.0
21.3591,43.0,294.0
21.3645,133.0,294.0
21.3692,-73.0,296.0
21.3745,-85.0,296.0
21.3792,134.0,298.0
21.3841,72.0,296.0
21.3891,-185.0,300.0
21.3942,-76.0,300.0
21.3991,171.0,302.0
21.4042,59.0,302.0
21.4103,-87.0,304.0
21.4141,-37.0,302.0
21.4191,-37.0,302.0
21.4242,59.0,300.0
21.4297,161.0,302.0
21.4343,-110.0,302.0
21.4392,-237.0,304.0
21.4442,123.0,304.0
21.4491,256.0,308.0
21.4543,-68.0,308.0
21.4591,-233.0,310.0
21.4641,-5.0,310.0
21.4691,176.0,312.0
21.474,25.0,312.0
21.4791,-103.0,310.0
21.4841,53.0,310.0
21.4892,83.0,304.0
21.4941,-182.0,306.0
21.4992,-193.0,302.0
21.5041,226.0,304.0
21.5097,371.0,306.0
21.5144,-103.0,306.0
21.5193,-426.0,308.0
21.5243,-103.0,308.0
21.5291,275.0,308.0
21.5341,216.0,310.0
21.5393,-44.0,308.0
21.5444,-152.0,310.0
21.5492,-103.0,310.0
21.5543,-14.0,310.0
21.5591,132.0,310.0
21.5641,172.0,310.0
21.5692,-84.0,306.0
21.5743,-255.0,308.0
21.5792,1.0,304.0
21.5841,245.0,304.0
21.5891,66.0,302.0
21.5941,-169.0,302.0
21.5994,-83.0,302.0
21.6042,94.0,302.0
21.6091,57.0,304.0
21.6141,-90.0,302.0
21.6191,-39.0,302.0
21.6244,166.0,302.0
21.6293,72.0,302.0
21.6343,-232.0,304.0
21.6395,-126.0,304.0
21.6441,197.0,306.0
21.6491,121.0,306.0
21.6542,-57.0,304.0
21.6593,-50.0,302.0
21.6643,-122.0,302.0
21.6691,-37.0,302.0
21.6741,246.0,304.0
21.6791,109.0,304.0
21.6852,-233.0,306.0
21.6893,-140.0,306.0
21.6941,105.0,304.0
21.6991,114.0,306.0
21.7041,30.0,304.0
21.7093,-67.0,302.0
21.7142,-97.0,302.0
21.7191,40.0,300.0
21.7252,80.0,300.0
21.7291,-38.0,298.0
21.734,3.0,294.0
21.7391,42.0,292.0
21.7442,-114.0,286.0
21.7491,-37.0,282.0
21.7542,185.0,280.0
21.759,8.0,274.0
21.7641,-178.0,276.0
21.7693,61.0,274.0
21.7741,117.0,276.0
21.7793,-160.0,276.0
21.7841,-43.0,276.0
21.7891,211.0,274.0
21.7941,-62.0,274.0
21.7992,-158.0,272.0
21.8042,247.0,276.0
21.8093,100.0,272.0
21.8141,-450.0,278.0
21.8191,-177.0,274.0
21.8242,500.0,280.0
21.8291,304.0,282.0
21.8343,-341.0,284.0
21.8394,-267.0,286.0
21.8452,139.0,286.0
21.8491,52.0,286.0
21.8542,-72.0,284.0
21.8599,118.0,284.0
21.8642,130.0,286.0
21.8692,-89.0,288.0
21.8741,-172.0,290.0
21.8791,-56.0,286.0
21.8841,123.0,286.0
21.8891,150.0,282.0
21.8943,-29.0,278.0
21.8991,-134.0,274.0
21.9041,-46.0,266.0
21.9093,56.0,266.0
21.9143,79.0,260.0
21.9191,29.0,258.0
21.9241,-61.0,256.0
21.9291,-87.0,254.0
21.934,17.0,254.0
21.9391,99.0,254.0
21.9454,0.0,254.0
21.9491,-85.0,254.0
21.9547,7.0,252.0
21.9591,64.0,250.0
21.964,3.0,246.0
21.9691,-23.0,244.0
21.9741,-26.0,240.0
21.9791,-35.0,240.0
21.9842,19.0,238.0
21.9891,91.0,238.0
21.9941,37.0,236.0
21.9993,-121.0,236.0
22.0043,-118.0,236.0
22.0092,90.0,236.0
22.0142,162.0,238.0
22.0191,24.0,236.0
22.0242,-123.0,238.0
22.0294,-172.0,238.0
22.0342,25.0,236.0
22.0391,256.0,238.0
22.0441,68.0,238.0
22.0491,-215.0,240.0
22.0541,-99.0,240.0
22.0593,113.0,242.0
22.0642,69.0,242.0
22.0701,-74.0,240.0
22.0741,-67.0,240.0
22.0791,100.0,238.0
22.085,163.0,238.0
22.0892,-55.0,236.0
22.0941,-275.0,238.0
22.0991,-124.0,236.0
22.1041,249.0,240.0
22.1091,309.0,242.0
22.1144,-87.0,244.0
22.1193,-355.0,248.0
22.1241,-65.0,248.0
22.1291,262.0,250.0
22.1341,144.0,250.0
22.1393,-113.0,248.0
22.1445,-168.0,248.0
22.1491,-12.0,242.0
22.1541,116.0,242.0
22.159,64.0,236.0
22.1641,-7.0,236.0
22.1692,-43.0,232.0
22.1742,-47.0,230.0
22.1792,-4.0,228.0
22.1841,-6.0,226.0
22.1891,30.0,226.0
22.1942,121.0,226.0
22.1999,-4.0,224.0
22.2043,-208.0,226.0
22.2091,-80.0,226.0
22.2141,205.0,224.0
22.2192,165.0,228.0
22.2241,-129.0,226.0
22.2294,-141.0,226.0
22.2342,78.0,224.0
22.2392,24.0,224.0
22.2442,-107.0,224.0
22.2491,28.0,224.0
22.2544,129.0,224.0
22.2592,35.0,224.0
22.2641,-42.0,222.0
22.2691,-62.0,222.0
22.2741,-84.0,220.0
22.2798,-81.0,220.0
22.2844,94.0,218.0
22.2892,303.0,220.0
22.294,62.0,220.0
22.2991,-345.0,226.0
22.3043,-263.0,228.0
22.3091,91.0,228.0
22.3141,341.0,230.0
22.3192,249.0,232.0
22.3241,-260.0,232.0
22.3291,-373.0,236.0
22.3342,127.0,236.0
22.3392,222.0,238.0
22.3443,-76.0,238.0
22.35,7.0,238.0
22.3541,117.0,238.0
22.3594,-132.0,240.0
22.3651,-133.0,240.0
22.3693,156.0,242.0
22.3746,60.0,244.0
22.3792,-168.0,246.0
22.3841,41.0,244.0
22.3892,174.0,246.0
22.3942,-132.0,246.0
22.3991,-140.0,248.0
22.4041,205.0,248.0
22.409,71.0,248.0
22.4141,-236.0,250.0
22.4191,7.0,248.0
22.4242,226.0,250.0
22.4293,-62.0,248.0
22.4342,-194.0,250.0
22.4391,43.0,248.0
22.4442,134.0,246.0
22.4491,56.0,246.0
22.4542,-14.0,238.0
22.4593,-158.0,238.0
22.4643,-132.0,232.0
22.4691,173.0,230.0
22.4747,196.0,228.0
22.4791,-133.0,226.0
22.4843,-151.0,226.0
22.4892,116.0,228.0
22.4942,108.0,228.0
22.4997,-88.0,228.0
22.5043,-122.0,228.0
22.509,-15.0,226.0
22.5142,98.0,226.0
22.5192,149.0,226.0
22.5241,37.0,226.0
22.5291,-208.0,226.0
22.5341,-203.0,228.0
22.5393,158.0,230.0
22.5442,238.0,232.0
22.5491,-86.0,232.0
22.5541,-103.0,234.0
22.559,105.0,234.0
22.564,-49.0,234.0
22.5693,-193.0,236.0
22.5742,76.0,236.0
22.5792,223.0,238.0
22.5851,-13.0,238.0
22.5891,-158.0,240.0
22.5941,-45.0,240.0
22.5991,58.0,240.0
22.604,83.0,242.0
22.6091,78.0,242.0
22.6141,-80.0,244.0
22.619,-267.0,248.0
22.6243,-13.0,248.0
22.6294,382.0,252.0
22.6342,134.0,254.0
22.6392,-317.0,256.0
22.6442,-113.0,256.0
22.6492,192.0,258.0
22.6542,-78.0,256.0
22.6593,-180.0,258.0
22.664,267.0,262.0
22.6695,241.0,262.0
22.6757,-303.0,266.0
22.6801,-179.0,266.0
22.6846,235.0,268.0
22.6895,-69.0,266.0
22.6941,-209.0,268.0
22.6998,324.0,270.0
22.7042,246.0,274.0
22.7091,-389.0,278.0
22.7148,-241.0,280.0
22.7191,291.0,284.0
22.7245,153.0,284.0
22.7295,-194.0,286.0
22.7342,-94.0,284.0
22.7394,180.0,284.0
22.745,182.0,282.0
22.7496,-185.0,282.0
22.7542,-350.0,286.0
22.7593,131.0,282.0
22.7642,400.0,286.0
22.7693,-41.0,284.0
22.7746,-255.0,286.0
22.7796,-5.0,284.0
22.7845,26.0,282.0
22.79,-18.0,282.0
22.7942,147.0,282.0
22.7997,71.0,282.0
22.8041,-223.0,286.0
22.8092,-127.0,286.0
22.8142,237.0,290.0
22.8191,208.0,292.0
22.8244,-170.0,296.0
22.8294,-283.0,300.0
22.8345,-16.0,298.0
22.8395,224.0,302.0
22.8442,194.0,300.0
22.849,-14.0,300.0
22.8542,-172.0,300.0
22.8599,-163.0,300.0
22.8645,-20.0,298.0
22.8693,150.0,298.0
22.8742,174.0,300.0
22.8793,-2.0,298.0
22.8842,-175.0,300.0
22.8891,-115.0,302.0
22.8941,81.0,300.0
22.8995,137.0,302.0
22.9043,7.0,302.0
22.9091,-138.0,302.0
22.9153,-77.0,302.0
22.919,177.0,304.0
22.9246,151.0,306.0
22.9295,-201.0,304.0
22.9341,-197.0,306.0
22.9394,156.0,302.0
22.9458,159.0,302.0
22.9491,-70.0,300.0
22.9541,-41.0,296.0
22.9594,0.0,292.0
22.9642,-98.0,290.0
22.9694,17.0,284.0
22.9747,207.0,286.0
22.9795,24.0,282.0
22.9842,-259.0,286.0
22.9892,-59.0,286.0
22.9942,249.0,288.0
22.9993,-9.0,286.0
23.005,-215.0,288.0
23.009,148.0,288.0
23.0144,201.0,290.0
23.0191,-192.0,290.0
23.0242,-176.0,292.0
23.0297,100.0,290.0
23.0345,94.0,290.0
23.0392,-46.0,288.0
23.0443,-40.0,286.0
23.0492,155.0,288.0
23.0542,160.0,286.0
23.0596,-301.0,290.0
23.0645,-417.0,294.0
23.0697,262.0,296.0
23.074,554.0,302.0
23.0793,-38.0,302.0
23.0844,-390.0,306.0
23.089,-129.0,308.0
23.0945,65.0,308.0
23.099,81.0,308.0
23.1042,142.0,308.0
23.1092,84.0,306.0
23.1145,-145.0,306.0
23.1191,-181.0,306.0
23.124,86.0,304.0
23.1307,152.0,306.0
23.1343,-114.0,306.0
23.1393,-92.0,306.0
23.1447,216.0,308.0
23.1491,99.0,308.0
23.1549,-261.0,310.0
23.1598,-162.0,312.0
23.1645,176.0,314.0
23.169,178.0,312.0
23.1745,-13.0,310.0
23.1797,-96.0,308.0
23.1846,-148.0,308.0
23.1892,-18.0,306.0
23.194,279.0,310.0
23.1995,82.0,308.0
23.2041,-343.0,314.0
23.2103,-80.0,312.0
23.214,295.0,316.0
23.2192,25.0,312.0
23.2241,-163.0,314.0
23.2301,52.0,312.0
23.2343,15.0,312.0
23.2395,-117.0,314.0
23.2443,117.0,314.0
23.2493,173.0,316.0
23.2543,-209.0,318.0
23.2597,-230.0,316.0
23.2642,222.0,320.0
23.269,237.0,318.0
23.274,-158.0,318.0
23.2796,-162.0,316.0
23.2843,54.0,314.0
23.289,59.0,312.0
23.2945,86.0,312.0
23.3,1.0,310.0
23.3043,-238.0,310.0
23.3092,1.0,306.0
23.3144,341.0,306.0
23.32,-69.0,304.0
23.3241,-366.0,306.0
23.329,159.0,308.0
23.3342,314.0,310.0
23.3391,-194.0,308.0
23.3441,-178.0,306.0
23.3506,154.0,302.0
23.354,-11.0,300.0
23.3606,-89.0,296.0
23.3642,166.0,296.0
23.369,49.0,294.0
23.3758,-152.0,294.0
23.3802,-2.0,292.0
23.384,-67.0,290.0
23.3895,-156.0,290.0
23.394,302.0,290.0
23.3998,401.0,294.0
23.4044,-300.0,292.0
23.409,-515.0,300.0
23.4141,58.0,296.0
23.4195,367.0,302.0
23.4248,193.0,304.0
23.4291,-93.0,306.0
23.434,-287.0,308.0
23.4399,-71.0,308.0
23.4442,260.0,308.0
23.449,55.0,308.0
23.4543,-232.0,308.0
23.4596,31.0,304.0
23.4646,244.0,306.0
23.4696,-43.0,302.0
23.4741,-221.0,304.0
23.4795,-38.0,302.0
23.4845,104.0,300.0
23.4892,112.0,302.0
23.4945,45.0,300.0
23.4995,-100.0,300.0
23.5042,-119.0,300.0
23.5091,35.0,298.0
23.5147,116.0,298.0
23.5191,20.0,298.0
23.5241,-113.0,298.0
23.5294,-65.0,296.0
23.534,120.0,298.0
23.5392,111.0,296.0
23.5447,-95.0,298.0
23.549,-128.0,298.0
23.5545,40.0,298.0
23.5592,97.0,296.0
23.5649,-3.0,294.0
23.569,-42.0,292.0
23.5748,41.0,288.0
23.5798,25.0,286.0
23.5842,-181.0,288.0
23.5892,-132.0,288.0
23.594,338.0,292.0
23.5999,394.0,300.0
23.6049,-338.0,302.0
23.609,-646.0,312.0
23.6141,121.0,312.0
23.6193,624.0,320.0
23.6242,134.0,318.0
23.6297,-296.0,322.0
23.6342,-213.0,322.0
23.639,-79.0,322.0
23.6441,107.0,322.0
23.6491,261.0,322.0
23.654,45.0,320.0
23.6596,-232.0,322.0
23.6643,-136.0,320.0
23.6691,117.0,320.0
23.674,99.0,320.0
23.6791,-35.0,320.0
23.6841,71.0,322.0
23.6902,57.0,320.0
23.6943,-256.0,322.0
23.6992,-191.0,320.0
23.7041,278.0,318.0
23.7101,356.0,318.0
23.7142,-94.0,312.0
23.719,-418.0,318.0
23.7241,-158.0,314.0
23.7291,309.0,316.0
23.7341,299.0,320.0
23.7392,-108.0,320.0
23.7443,-250.0,322.0
23.7491,-6.0,322.0
23.7541,95.0,320.0
23.7591,-33.0,318.0
23.7648,34.0,318.0
23.7692,110.0,316.0
23.7741,-118.0,316.0
23.7792,-131.0,318.0
23.7842,190.0,316.0
23.789,144.0,318.0
23.7941,-199.0,316.0
23.799,-166.0,316.0
23.804,93.0,316.0
23.8091,138.0,314.0
23.814,65.0,316.0
23.819,-39.0,314.0
23.8242,-164.0,314.0
23.8293,-68.0,316.0
23.8341,168.0,314.0
23.8391,105.0,314.0
23.8442,-136.0,312.0
23.8495,-83.0,312.0
23.8541,102.0,308.0
23.8591,102.0,310.0
23.864,-17.0,308.0
23.869,-158.0,308.0
23.8742,-127.0,310.0
23.8791,147.0,310.0
23.8842,229.0,312.0
23.8893,-43.0,310.0
23.8941,-201.0,310.0
23.8992,-60.0,308.0
23.9041,86.0,306.0
23.909,95.0,304.0
23.9141,-5.0,302.0
23.9192,-119.0,300.0
23.9241,24.0,300.0
23.9296,206.0,302.0
23.934,-89.0,302.0
23.939,-298.0,308.0
23.9442,103.0,304.0
23.9491,284.0,310.0
23.9541,-61.0,304.0
23.9591,-170.0,306.0
23.9641,27.0,302.0
23.9691,66.0,300.0
23.9742,-8.0,296.0
23.9792,-39.0,292.0
23.9841,-26.0,290.0
23.989,47.0,288.0
23.994,36.0,288.0
23.9992,-25.0,288.0
24.0041,75.0,286.0
24.0091,8.0,286.0
24.014,-284.0,288.0
24.019,-73.0,290.0
24.024,396.0,294.0
24.0292,164.0,294.0
24.035,-290.0,294.0
24.0392,-122.0,290.0
24.0443,103.0,286.0
24.0492,-75.0,280.0
24.0541,-46.0,280.0
24.059,271.0,278.0
24.0642,160.0,278.0
24.0691,-320.0,282.0
24.0741,-297.0,282.0
24.0791,236.0,284.0
24.0851,315.0,284.0
24.0893,-124.0,286.0
24.094,-234.0,286.0
24.0992,25.0,286.0
24.1042,149.0,284.0
24.1091,87.0,284.0
24.1142,-85.0,282.0
24.1193,-191.0,286.0
24.1242,16.0,284.0
24.1292,196.0,286.0
24.134,44.0,286.0
24.1391,-63.0,284.0
24.1443,-52.0,284.0
24.1491,-113.0,284.0
24.154,-25.0,284.0
24.159,186.0,286.0
24.164,139.0,286.0
24.1691,-114.0,288.0
24.1742,-167.0,288.0
24.1792,7.0,286.0
24.184,61.0,286.0
24.189,24.0,284.0
24.1941,79.0,284.0
24.1994,28.0,284.0
24.2042,-155.0,286.0
24.2091,-138.0,288.0
24.214,175.0,290.0
24.2199,310.0,294.0
24.2243,-162.0,294.0
24.2294,-528.0,300.0
24.2342,70.0,296.0
24.2392,668.0,300.0
24.244,92.0,296.0
24.2491,-589.0,296.0
24.2542,-178.0,296.0
24.2593,326.0,292.0
24.2648,42.0,290.0
24.2691,-121.0,288.0
24.274,219.0,288.0
24.279,160.0,288.0
24.2842,-329.0,292.0
24.2892,-316.0,294.0
24.2941,176.0,296.0
24.2992,312.0,296.0
24.304,19.0,294.0
24.309,-108.0,294.0
24.3152,-13.0,292.0
24.3191,-52.0,294.0
24.3242,-152.0,294.0
24.3292,7.0,294.0
24.334,241.0,294.0
24.3401,118.0,292.0
24.3443,-144.0,290.0
24.3504,-117.0,286.0
24.3545,-21.0,286.0
24.3601,-26.0,280.0
24.364,114.0,278.0
24.3697,154.0,276.0
24.3741,-121.0,274.0
24.3799,-147.0,274.0
24.384,95.0,272.0
24.389,23.0,272.0
24.3941,-108.0,272.0
24.399,91.0,272.0
24.4042,204.0,276.0
24.4091,-55.0,274.0
24.4141,-278.0,278.0
24.4191,-117.0,278.0
24.4249,186.0,276.0
24.4294,220.0,278.0
24.4342,-5.0,276.0
24.4392,-116.0,274.0
24.4441,-50.0,274.0
24.4491,-58.0,272.0
24.4542,-58.0,272.0
24.4592,87.0,274.0
24.4641,160.0,272.0
24.469,51.0,272.0
24.4742,-114.0,272.0
24.4791,-189.0,274.0
24.4847,-32.0,272.0
24.489,197.0,274.0
24.4942,144.0,274.0
24.4992,-101.0,274.0
24.5042,-166.0,276.0
24.5093,-17.0,274.0
24.5142,137.0,274.0
24.5191,118.0,274.0
24.5242,-84.0,272.0
24.5292,-173.0,274.0
24.5341,9.0,270.0
24.5392,135.0,272.0
24.5442,32.0,270.0
24.5491,5.0,270.0
24.554,44.0,270.0
24.5591,-168.0,270.0
24.564,-249.0,274.0
24.5691,238.0,274.0
24.5741,453.0,280.0
24.5792,-189.0,278.0
24.5866,-501.0,286.0
24.589,90.0,282.0
24.594,390.0,288.0
24.5995,-20.0,284.0
24.604,-246.0,288.0
24.609,8.0,288.0
24.614,162.0,290.0
24.619,-27.0,290.0
24.6242,-119.0,292.0
24.6294,31.0,290.0
24.634,62.0,292.0
24.639,-30.0,292.0
24.644,2.0,290.0
24.649,51.0,290.0
24.6541,-58.0,288.0
24.6593,-38.0,286.0
24.6643,135.0,282.0
24.6691,-75.0,282.0
24.6741,-230.0,280.0
24.68,240.0,282.0
24.684,260.0,284.0
24.6892,-363.0,290.0
24.6941,-174.0,292.0
24.699,427.0,294.0
24.704,79.0,292.0
24.709,-406.0,294.0
24.7142,-99.0,290.0
24.7192,248.0,290.0
24.724,174.0,288.0
24.729,-29.0,288.0
24.734,-186.0,286.0
24.7391,-90.0,288.0
24.7444,153.0,288.0
24.7492,86.0,288.0
24.7541,-126.0,288.0
24.759,-42.0,286.0
24.764,84.0,286.0
24.769,-1.0,284.0
24.7741,-31.0,284.0
24.779,18.0,282.0
24.7841,-1.0,282.0
24.789,35.0,280.0
24.794,45.0,282.0
24.7991,-127.0,280.0
24.804,-147.0,280.0
24.8096,172.0,282.0
24.814,281.0,282.0
24.8191,-160.0,286.0
24.8241,-379.0,290.0
24.8296,155.0,292.0
24.8342,400.0,298.0
24.839,-189.0,300.0
24.844,-358.0,304.0
24.8495,218.0,304.0
24.854,284.0,306.0
24.8595,-189.0,304.0
24.8641,-187.0,304.0
24.869,120.0,298.0
24.8741,96.0,298.0
24.8791,-84.0,290.0
24.8841,-87.0,290.0
24.8893,116.0,282.0
24.8941,212.0,282.0
24.8992,-138.0,280.0
24.9041,-356.0,284.0
24.9091,68.0,284.0
24.9142,285.0,284.0
24.9191,15.0,282.0
24.924,40.0,278.0
24.929,48.0,274.0
24.934,-344.0,276.0
24.9392,-225.0,274.0
24.9442,379.0,280.0
24.9492,305.0,284.0
24.954,-229.0,288.0
24.9595,-203.0,290.0
24.964,130.0,290.0
24.9692,64.0,290.0
24.9741,-134.0,288.0
24.979,-34.0,286.0
24.9841,96.0,286.0
24.9891,64.0,286.0
24.994,45.0,286.0
24.9993,-21.0,286.0
25.0042,-159.0,286.0
25.009,-96.0,286.0
25.0142,113.0,286.0
25.019,166.0,286.0
25.0242,40.0,284.0
25.0293,-102.0,286.0
25.0342,-158.0,286.0
25.0394,-56.0,286.0
25.044,169.0,286.0
25.049,193.0,288.0
25.054,-106.0,286.0
25.0592,-212.0,286.0
25.0642,32.0,284.0
25.069,110.0,282.0
25.0741,1.0,282.0
25.079,39.0,282.0
25.084,14.0,280.0
25.0892,-147.0,282.0
25.094,-40.0,282.0
25.0991,183.0,284.0
25.104,8.0,280.0
25.109,-190.0,284.0
25.114,113.0,284.0
25.119,241.0,284.0
25.1241,-247.0,288.0
25.1302,-343.0,290.0
25.1342,271.0,292.0
25.139,413.0,296.0
25.1446,-186.0,296.0
25.1492,-383.0,302.0
25.154,113.0,302.0
25.159,270.0,304.0
25.164,-120.0,306.0
25.1692,-133.0,304.0
25.174,167.0,306.0
25.1798,17.0,306.0
25.1841,-182.0,308.0
25.1891,64.0,308.0
25.1941,153.0,310.0
25.1991,-98.0,308.0
25.2041,-115.0,306.0
25.209,56.0,304.0
25.214,73.0,298.0
25.219,40.0,296.0
25.2241,-6.0,288.0
25.2296,-107.0,288.0
25.2342,-52.0,282.0
25.239,99.0,284.0
25.244,55.0,282.0
25.249,-82.0,282.0
25.2547,-34.0,280.0
25.2591,110.0,282.0
25.264,53.0,280.0
25.269,-92.0,282.0
25.274,-57.0,282.0
25.279,-50.0,282.0
25.284,-67.0,282.0
25.2891,188.0,284.0
25.2942,277.0,288.0
25.299,-145.0,290.0
25.304,-352.0,294.0
25.309,-9.0,292.0
25.3143,173.0,292.0
25.3191,44.0,288.0
25.324,91.0,286.0
25.3291,105.0,282.0
25.334,-168.0,282.0
25.339,-240.0,278.0
25.3442,28.0,278.0
25.349,180.0,274.0
25.354,109.0,274.0
25.3595,15.0,270.0
25.3647,-88.0,270.0
25.3691,-163.0,272.0
25.3747,-39.0,270.0
25.3791,172.0,270.0
25.384,131.0,270.0
25.389,-90.0,270.0
25.3941,-111.0,270.0
25.3993,8.0,270.0
25.404,30.0,268.0
25.409,14.0,270.0
25.415,20.0,268.0
25.4192,20.0,268.0
25.4241,-19.0,270.0
25.4292,-83.0,270.0
25.434,5.0,270.0
25.4392,165.0,270.0
25.444,-20.0,268.0
25.4491,-235.0,268.0
25.4542,86.0,266.0
25.4592,235.0,266.0
25.4646,-161.0,264.0
25.469,-151.0,264.0
25.474,150.0,260.0
25.479,5.0,256.0
25.4842,-65.0,252.0
25.4892,148.0,252.0
25.4942,21.0,246.0
25.4991,-210.0,248.0
25.504,-58.0,246.0
25.5092,152.0,246.0
25.5142,133.0,246.0
25.5191,-50.0,246.0
25.5245,-209.0,248.0
25.5292,-63.0,246.0
25.534,232.0,248.0
25.5392,215.0,248.0
25.5442,-121.0,244.0
25.5491,-342.0,250.0
25.554,-90.0,246.0
25.559,340.0,252.0
25.5651,242.0,254.0
25.569,-219.0,256.0
25.5742,-211.0,254.0
25.5792,79.0,252.0
25.584,0.0,246.0
25.5894,0.0,242.0
25.594,295.0,242.0
25.599,-2.0,240.0
25.6041,-528.0,246.0
25.6091,-41.0,246.0
25.614,589.0,252.0
25.619,52.0,252.0
25.6241,-515.0,260.0
25.6295,-10.0,258.0
25.6342,428.0,264.0
25.6391,-9.0,264.0
25.644,-363.0,268.0
25.6493,-20.0,266.0
25.6542,262.0,268.0
25.6592,23.0,266.0
25.6642,-126.0,268.0
25.669,43.0,266.0
25.6741,31.0,266.0
25.679,-95.0,266.0
25.6841,5.0,264.0
25.6892,43.0,260.0
25.694,-15.0,260.0
25.699,86.0,258.0
25.7051,0.0,256.0
25.7092,-193.0,258.0
25.7147,48.0,258.0
25.719,211.0,262.0
25.7242,-101.0,262.0
25.7291,-154.0,264.0
25.734,138.0,264.0
25.739,42.0,262.0
25.7441,-175.0,264.0
25.749,110.0,264.0
25.754,248.0,266.0
25.759,-216.0,266.0
25.764,-340.0,266.0
25.769,169.0,264.0
25.7741,349.0,266.0
25.779,-16.0,260.0
25.784,-202.0,260.0
25.7891,-67.0,254.0
25.7941,-17.0,252.0
25.799,9.0,248.0
25.804,162.0,250.0
25.809,75.0,248.0
25.814,-220.0,250.0
25.819,-67.0,250.0
25.8241,309.0,252.0
25.8293,20.0,252.0
25.835,-459.0,256.0
25.8392,-72.0,256.0
25.8442,498.0,262.0
25.8494,238.0,264.0
25.854,-285.0,268.0
25.8595,-363.0,274.0
25.8641,-50.0,274.0
25.8692,315.0,278.0
25.8743,237.0,280.0
25.8791,-155.0,280.0
25.8841,-165.0,282.0
25.889,46.0,282.0
25.8942,-35.0,282.0
25.8991,-47.0,282.0
25.9043,168.0,282.0
25.9091,66.0,282.0
25.9141,-183.0,284.0
25.9191,17.0,284.0
25.9242,188.0,286.0
25.9292,-180.0,286.0
25.9341,-245.0,286.0
25.9391,281.0,288.0
25.9442,265.0,286.0
25.9491,-246.0,290.0
25.9541,-155.0,290.0
25.9591,135.0,290.0
25.964,-52.0,290.0
25.9691,-73.0,290.0
25.974,227.0,290.0
25.9791,143.0,290.0
25.9841,-231.0,292.0
25.9892,-271.0,294.0
25.994,41.0,292.0
25.9991,278.0,296.0
26.0041,198.0,298.0
26.0091,-125.0,298.0
26.0141,-330.0,302.0
26.0193,-25.0,300.0
26.0242,328.0,304.0
26.0292,48.0,302.0
26.0341,-259.0,304.0
26.0392,11.0,304.0
26.0449,153.0,306.0
26.0491,-70.0,308.0
26.0542,-14.0,308.0
26.0592,122.0,310.0
26.0641,-112.0,310.0
26.0691,-170.0,312.0
26.0741,160.0,314.0
26.0791,168.0,314.0
26.0842,-139.0,316.0
26.0893,-95.0,314.0
26.0941,165.0,316.0
26.0992,0.0,312.0
26.1041,-306.0,314.0
26.1092,81.0,312.0
26.1142,498.0,318.0
26.1192,-147.0,320.0
26.1242,-614.0,330.0
26.1291,168.0,330.0
26.1347,576.0,338.0
26.1394,-137.0,336.0
26.1442,-376.0,342.0
26.1492,115.0,342.0
26.1541,56.0,340.0
26.1592,-150.0,342.0
26.1643,288.0,342.0
26.1692,210.0,346.0
26.1743,-524.0,350.0
26.1793,-240.0,350.0
26.1841,551.0,356.0
26.1891,214.0,354.0
26.1941,-392.0,360.0
26.1993,-130.0,356.0
26.2051,161.0,356.0
26.209,-2.0,352.0
26.214,11.0,348.0
26.219,133.0,350.0
26.2242,-60.0,350.0
26.2292,-166.0,352.0
26.2342,46.0,348.0
26.2392,102.0,350.0
26.244,-70.0,344.0
26.249,-76.0,344.0
26.2543,109.0,336.0
26.2593,162.0,338.0
26.2641,-77.0,332.0
26.2691,-257.0,336.0
26.274,-8.0,328.0
26.279,233.0,332.0
26.284,56.0,328.0
26.2893,-97.0,328.0
26.294,-5.0,324.0
26.2992,-42.0,324.0
26.3042,-104.0,324.0
26.309,101.0,326.0
26.3142,155.0,328.0
26.3191,-99.0,328.0
26.3241,-77.0,328.0
26.3291,114.0,330.0
26.3341,-33.0,330.0
26.3391,-154.0,330.0
26.3441,52.0,332.0
26.3491,149.0,332.0
26.3548,10.0,330.0
26.359,-69.0,328.0
26.364,-85.0,328.0
26.3699,-52.0,326.0
26.375,164.0,326.0
26.379,198.0,330.0
26.3841,-237.0,330.0
26.3892,-339.0,334.0
26.3941,222.0,334.0
26.4001,379.0,336.0
26.4042,-118.0,332.0
26.4091,-257.0,334.0
26.414,59.0,330.0
26.419,71.0,330.0
26.4242,-95.0,328.0
26.43,31.0,328.0
26.4342,92.0,330.0
26.4399,-32.0,330.0
26.4441,59.0,328.0
26.4491,43.0,328.0
26.454,-254.0,328.0
26.4596,-143.0,330.0
26.4642,283.0,328.0
26.469,230.0,332.0
26.474,-126.0,326.0
26.4791,-155.0,328.0
26.4841,1.0,320.0
26.4892,-36.0,318.0
26.4951,-58.0,314.0
26.499,145.0,310.0
26.504,202.0,312.0
26.5092,-70.0,308.0
26.514,-265.0,310.0
26.5192,-103.0,308.0
26.5241,215.0,310.0
26.529,236.0,312.0
26.5341,-130.0,314.0
26.5391,-273.0,318.0
26.5443,73.0,316.0
26.5491,240.0,318.0
26.5541,-45.0,316.0
26.5592,-180.0,318.0
26.564,41.0,316.0
26.5699,113.0,316.0
26.5741,-43.0,312.0
26.579,-54.0,308.0
26.5872,6.0,304.0
26.589,-11.0,300.0
26.594,70.0,300.0
26.599,119.0,300.0
26.6042,-98.0,300.0
26.6092,-228.0,302.0
26.614,20.0,300.0
26.619,227.0,300.0
26.6242,72.0,298.0
26.6292,-83.0,296.0
26.6342,-52.0,296.0
26.639,-88.0,292.0
26.644,-69.0,290.0
26.6492,175.0,292.0
26.6541,178.0,288.0
26.6594,-168.0,292.0
26.6642,-204.0,290.0
26.669,114.0,290.0
26.674,165.0,288.0
26.679,-51.0,290.0
26.684,-114.0,288.0
26.689,1.0,288.0
26.694,87.0,288.0
26.6991,25.0,288.0
26.704,-95.0,286.0
26.709,-21.0,284.0
26.7141,128.0,284.0
26.719,-23.0,282.0
26.7241,-182.0,282.0
26.7292,121.0,282.0
26.734,278.0,284.0
26.7391,-224.0,288.0
26.7444,-416.0,290.0
26.7491,218.0,292.0
26.754,493.0,292.0
26.7592,-79.0,290.0
26.764,-395.0,288.0
26.7691,-45.0,286.0
26.7742,197.0,280.0
26.78,52.0,278.0
26.7841,-105.0,274.0
26.789,-31.0,272.0
26.7942,210.0,276.0
26.7992,111.0,274.0
26.8042,-391.0,276.0
26.8091,-270.0,278.0
26.814,476.0,276.0
26.819,382.0,278.0
26.824,-406.0,276.0
26.8296,-353.0,278.0
26.8342,247.0,276.0
26.839,180.0,276.0
26.8441,-103.0,276.0
26.849,43.0,276.0
26.8541,15.0,276.0
26.8594,-195.0,278.0
26.8641,63.0,278.0
26.869,248.0,280.0
26.874,-174.0,282.0
26.879,-267.0,284.0
26.884,254.0,286.0
26.8891,263.0,290.0
26.8941,-222.0,292.0
26.9,-179.0,292.0
26.904,111.0,292.0
26.9099,35.0,288.0
26.914,-20.0,288.0
26.919,59.0,286.0
26.924,-58.0,286.0
26.929,-45.0,286.0
26.934,233.0,288.0
26.9391,0.0,288.0
26.9449,-481.0,294.0
26.9491,-25.0,292.0
26.954,592.0,300.0
26.959,85.0,300.0
26.964,-456.0,306.0
26.9691,-62.0,304.0
26.9742,213.0,308.0
26.9792,-49.0,306.0
26.9841,-52.0,306.0
26.989,147.0,306.0
26.994,-15.0,306.0
26.9992,-165.0,308.0
27.0042,97.0,308.0
27.0091,136.0,308.0
27.0141,-220.0,310.0
27.019,-123.0,308.0
27.0243,304.0,310.0
27.0292,131.0,306.0
27.0343,-293.0,308.0
27.0391,-122.0,304.0
27.0442,212.0,304.0
27.0493,82.0,302.0
27.054,-120.0,304.0
27.0593,-38.0,302.0
27.0642,67.0,302.0
27.069,22.0,302.0
27.0741,-74.0,302.0
27.0791,-20.0,302.0
27.0842,125.0,302.0
27.0892,4.0,302.0
27.0943,-195.0,302.0
27.0991,8.0,298.0
27.1049,266.0,298.0
27.1091,29.0,296.0
27.1142,-314.0,298.0
27.1192,-122.0,298.0
27.1242,298.0,302.0
27.1292,206.0,306.0
27.134,-205.0,308.0
27.139,-196.0,308.0
27.1442,87.0,306.0
27.1492,83.0,306.0
27.1541,-16.0,302.0
27.159,41.0,302.0
27.164,-5.0,298.0
27.1691,-112.0,296.0
27.1742,22.0,294.0
27.1792,173.0,294.0
27.184,-23.0,292.0
27.189,-272.0,294.0
27.1943,-79.0,294.0
27.1992,325.0,296.0
27.2041,308.0,300.0
27.2092,-208.0,302.0
27.214,-478.0,308.0
27.219,-27.0,308.0
27.2242,405.0,314.0
27.2291,162.0,316.0
27.2342,-185.0,318.0
27.2391,-96.0,318.0
27.244,57.0,318.0
27.249,-47.0,314.0
27.2541,-90.0,316.0
27.2592,123.0,314.0
27.2641,168.0,316.0
27.269,-111.0,316.0
27.274,-198.0,318.0
27.279,53.0,318.0
27.2841,187.0,320.0
27.289,18.0,318.0
27.294,-143.0,316.0
27.2993,-67.0,314.0
27.304,60.0,312.0
27.3091,50.0,312.0
27.3141,14.0,310.0
27.3191,16.0,308.0
27.324,-10.0,308.0
27.3291,-87.0,308.0
27.3346,-97.0,308.0
27.3394,145.0,310.0
27.3442,262.0,314.0
27.349,-180.0,316.0
27.354,-372.0,320.0
27.359,161.0,322.0
27.3641,303.0,324.0
27.3691,-109.0,324.0
27.3744,-72.0,320.0
27.3789,99.0,318.0
27.384,-146.0,314.0
27.39,-152.0,312.0
27.394,224.0,308.0
27.3991,212.0,310.0
27.4045,-194.0,308.0
27.409,-216.0,310.0
27.4141,130.0,310.0
27.4189,149.0,310.0
27.4242,-38.0,310.0
27.429,-32.0,310.0
27.4342,-66.0,308.0
27.4395,-74.0,306.0
27.4442,126.0,302.0
27.4492,97.0,300.0
27.4542,-119.0,294.0
27.4605,-28.0,288.0
27.464,88.0,284.0
27.469,-72.0,280.0
27.4744,-86.0,278.0
27.4793,158.0,276.0
27.4845,119.0,276.0
27.489,-210.0,280.0
27.494,-131.0,282.0
27.4995,229.0,282.0
27.5041,69.0,282.0
27.509,-224.0,282.0
27.5145,24.0,280.0
27.519,196.0,278.0
27.5245,-74.0,276.0
27.5295,-134.0,274.0
27.5352,52.0,270.0
27.5392,58.0,268.0
27.5453,6.0,268.0
27.5494,-14.0,266.0
27.5551,-70.0,268.0
27.5594,15.0,266.0
27.5641,137.0,268.0
27.5692,-12.0,268.0
27.5741,-184.0,266.0
27.5795,-22.0,268.0
27.5845,162.0,262.0
27.5892,41.0,262.0
27.5941,-75.0,254.0
27.5991,0.0,254.0
27.6046,-7.0,246.0
27.6095,-87.0,246.0
27.6144,25.0,244.0
27.6194,179.0,246.0
27.6249,31.0,246.0
27.6297,-218.0,246.0
27.6346,-107.0,248.0
27.6392,155.0,248.0
27.6441,88.0,248.0
27.6492,-23.0,246.0
27.6543,57.0,244.0
27.6599,-67.0,242.0
27.6643,-200.0,240.0
27.6691,66.0,240.0
27.674,204.0,238.0
27.6792,-54.0,238.0
27.6844,-107.0,236.0
27.6894,98.0,236.0
27.6945,44.0,234.0
27.7004,-138.0,236.0
27.7043,-49.0,236.0
27.7092,79.0,236.0
27.7144,50.0,236.0
27.7195,64.0,238.0
27.7243,4.0,236.0
27.7293,-186.0,238.0
27.7344,-64.0,236.0
27.7392,239.0,240.0
27.7445,49.0,236.0
27.7501,-275.0,240.0
27.754,26.0,236.0
27.7592,301.0,238.0
27.7641,-74.0,234.0
27.7694,-238.0,236.0
27.7739,50.0,232.0
27.7798,48.0,230.0
27.784,10.0,230.0
27.7892,223.0,232.0
27.794,-11.0,232.0
27.7993,-467.0,238.0
27.8051,-121.0,240.0
27.809,529.0,246.0
27.8141,300.0,250.0
27.8195,-354.0,254.0
27.8244,-345.0,258.0
27.8295,103.0,256.0
27.8342,209.0,258.0
27.839,13.0,254.0
27.844,-26.0,248.0
27.8491,40.0,246.0
27.8542,-59.0,240.0
27.8596,-123.0,242.0
27.8644,33.0,236.0
27.8691,89.0,234.0
27.8741,27.0,232.0
27.879,46.0,230.0
27.8842,-94.0,232.0
27.8895,-185.0,234.0
27.8943,179.0,236.0
27.899,289.0,238.0
27.9042,-228.0,238.0
27.9092,-334.0,242.0
27.9146,167.0,242.0
27.919,266.0,244.0
27.9246,-28.0,242.0
27.9291,-95.0,244.0
27.9346,-111.0,244.0
27.9392,-119.0,244.0
27.9447,182.0,246.0
27.9489,337.0,250.0
27.9551,-83.0,252.0
27.9595,-472.0,258.0
27.9642,-182.0,262.0
27.9692,399.0,266.0
27.9741,379.0,270.0
27.979,-166.0,270.0
27.9848,-289.0,272.0
27.9889,27.0,268.0
27.9942,29.0,264.0
27.9995,-112.0,262.0
28.004,114.0,260.0
28.0092,260.0,262.0
28.014,-59.0,262.0
28.0191,-284.0,264.0
28.0243,-76.0,264.0
28.0298,219.0,264.0
28.0345,236.0,264.0
28.0392,-161.0,264.0
28.0442,-445.0,268.0
28.0491,63.0,266.0
28.0542,588.0,272.0
28.0599,96.0,272.0
28.0643,-508.0,280.0
28.0693,-156.0,282.0
28.0741,276.0,284.0
28.0791,18.0,284.0
28.0843,-137.0,284.0
28.089,154.0,284.0
28.0947,189.0,286.0
28.1,-162.0,288.0
28.104,-290.0,292.0
28.1095,43.0,290.0
28.1143,291.0,294.0
28.1189,18.0,292.0
28.1249,-227.0,294.0
28.1297,4.0,290.0
28.1344,177.0,290.0
28.1392,20.0,288.0
28.1442,-75.0,288.0
28.1504,-113.0,286.0
28.1539,-145.0,288.0
28.1591,120.0,286.0
28.1642,364.0,292.0
28.1692,28.0,290.0
28.1747,-396.0,294.0
28.1795,-185.0,296.0
28.1844,233.0,300.0
28.189,172.0,302.0
28.1941,-64.0,302.0
28.1993,-4.0,302.0
28.205,60.0,302.0
28.2095,-137.0,304.0
28.2142,-190.0,304.0
28.2192,119.0,306.0
28.2242,281.0,306.0
28.2295,-8.0,306.0
28.2345,-237.0,308.0
28.2397,-48.0,310.0
28.2442,140.0,312.0
28.2493,48.0,312.0
28.2547,-93.0,312.0
28.2595,-93.0,310.0
28.2644,71.0,312.0
28.2704,161.0,310.0
28.2741,-24.0,310.0
28.2792,-137.0,308.0
28.2842,-12.0,308.0
28.289,25.0,308.0
28.2949,0.0,306.0
28.2991,61.0,306.0
28.3041,46.0,304.0
28.3092,-53.0,304.0
28.3145,-75.0,302.0
28.3191,-39.0,302.0
28.3242,4.0,300.0
28.3296,164.0,302.0
28.335,212.0,304.0
28.3394,-221.0,306.0
28.3445,-455.0,312.0
28.3489,132.0,312.0
28.3541,514.0,320.0
28.3594,28.0,320.0
28.3643,-351.0,324.0
28.369,-110.0,324.0
28.374,139.0,324.0
28.3791,81.0,322.0
28.3839,-14.0,322.0
28.3892,-24.0,318.0
28.3943,-42.0,318.0
28.399,-15.0,314.0
28.4044,68.0,314.0
28.4089,55.0,310.0
28.414,-56.0,310.0
28.419,-95.0,312.0
28.424,1.0,312.0
28.4291,104.0,310.0
28.434,98.0,310.0
28.439,-58.0,304.0
28.444,-223.0,306.0
28.45,-44.0,298.0
28.4541,290.0,298.0
28.4592,156.0,296.0
28.4652,-231.0,294.0
28.4699,-183.0,294.0
28.4741,88.0,292.0
28.4789,81.0,294.0
28.4841,12.0,294.0
28.4889,66.0,294.0
28.4946,4.0,294.0
28.4991,-106.0,292.0
28.504,-72.0,294.0
28.509,-42.0,292.0
28.514,51.0,294.0
28.519,307.0,298.0
28.5241,106.0,298.0
28.5302,-488.0,302.0
28.534,-285.0,304.0
28.5404,445.0,306.0
28.5442,324.0,308.0
28.5492,-220.0,306.0
28.554,-181.0,306.0
28.56,-40.0,302.0
28.5651,-58.0,302.0
28.5692,238.0,306.0
28.5741,274.0,308.0
28.5792,-350.0,312.0
28.5841,-365.0,314.0
28.5891,397.0,316.0
28.594,314.0,318.0
28.5994,-407.0,318.0
28.604,-215.0,318.0
28.6097,359.0,318.0
28.614,155.0,314.0
28.619,-233.0,316.0
28.6242,-111.0,312.0
28.6294,88.0,314.0
28.6341,35.0,314.0
28.6391,-5.0,312.0
28.644,60.0,310.0
28.6489,9.0,308.0
28.6542,-133.0,308.0
28.6591,-62.0,304.0
28.6642,162.0,306.0
28.669,88.0,304.0
28.674,-167.0,302.0
28.679,-48.0,302.0
28.684,200.0,298.0
28.689,-11.0,296.0
28.694,-290.0,292.0
28.699,26.0,290.0
28.704,378.0,288.0
28.7093,14.0,286.0
28.7141,-354.0,288.0
28.7207,-51.0,288.0
28.724,161.0,288.0
28.729,13.0,286.0
28.734,113.0,286.0
28.7389,90.0,284.0
28.7446,-308.0,284.0
28.7492,-158.0,286.0
28.754,332.0,286.0
28.759,96.0,288.0
28.7641,-234.0,288.0
28.769,74.0,290.0
28.7741,145.0,288.0
28.7791,-211.0,292.0
28.784,-121.0,292.0
28.789,179.0,294.0
28.794,61.0,292.0
28.799,-24.0,290.0
28.8042,121.0,286.0
28.8091,-63.0,288.0
28.814,-337.0,286.0
28.8189,-30.0,284.0
28.825,412.0,286.0
28.8291,236.0,288.0
28.8341,-306.0,292.0
28.8392,-386.0,298.0
28.844,129.0,298.0
28.8492,383.0,302.0
28.854,-7.0,300.0
28.8592,-257.0,302.0
28.864,1.0,298.0
28.869,101.0,298.0
28.8741,-90.0,296.0
28.8791,-9.0,296.0
28.884,168.0,296.0
28.8891,18.0,296.0
28.8942,-132.0,296.0
28.8992,-78.0,296.0
28.9039,-9.0,296.0
28.9099,97.0,294.0
28.9141,151.0,296.0
28.9191,-56.0,296.0
28.9242,-193.0,298.0
28.9291,31.0,298.0
28.934,140.0,300.0
28.9391,-76.0,300.0
28.9441,-88.0,302.0
28.9491,129.0,302.0
28.954,112.0,302.0
28.959,-99.0,304.0
28.964,-175.0,306.0
28.9691,28.0,304.0
28.9741,181.0,304.0
28.9791,-43.0,302.0
28.984,-126.0,296.0
28.989,166.0,296.0
28.994,104.0,290.0
28.9992,-289.0,294.0
29.0042,-149.0,292.0
29.0091,326.0,294.0
29.0141,171.0,294.0
29.0191,-305.0,298.0
29.0241,-82.0,300.0
29.0296,299.0,304.0
29.034,-80.0,304.0
29.039,-321.0,310.0
29.044,188.0,310.0
29.049,324.0,316.0
29.0543,-179.0,318.0
29.0592,-285.0,320.0
29.0641,110.0,322.0
29.069,230.0,324.0
29.0742,-40.0,322.0
29.079,-166.0,324.0
29.0842,-19.0,322.0
29.0891,87.0,322.0
29.0939,48.0,318.0
29.0991,-36.0,316.0
29.104,-8.0,312.0
29.1091,82.0,312.0
29.1142,-91.0,312.0
29.1193,-214.0,314.0
29.124,183.0,316.0
29.129,319.0,320.0
29.1341,-221.0,324.0
29.1392,-319.0,326.0
29.1441,230.0,330.0
29.15,266.0,332.0
29.154,-241.0,336.0
29.159,-249.0,334.0
29.164,231.0,336.0
29.169,240.0,332.0
29.1741,-181.0,332.0
29.1791,-149.0,326.0
29.1841,150.0,324.0
29.189,-18.0,320.0
29.194,-198.0,322.0
29.1992,161.0,322.0
29.2041,265.0,326.0
29.209,-220.0,326.0
29.214,-252.0,326.0
29.219,233.0,324.0
29.224,168.0,320.0
29.2292,-248.0,318.0
29.2341,-104.0,316.0
29.2391,260.0,312.0
29.2442,112.0,312.0
29.2491,-231.0,310.0
29.2542,-138.0,308.0
29.259,147.0,308.0
29.2641,57.0,306.0
29.269,-62.0,306.0
29.274,210.0,308.0
29.2789,69.0,310.0
29.2842,-551.0,318.0
29.289,-201.0,320.0
29.294,702.0,330.0
29.2991,351.0,334.0
29.304,-545.0,340.0
29.309,-353.0,344.0
29.3141,266.0,346.0
29.3191,171.0,348.0
29.324,-130.0,346.0
29.329,42.0,348.0
29.334,183.0,346.0
29.339,-134.0,348.0
29.3455,-262.0,346.0
29.349,107.0,346.0
29.354,259.0,346.0
29.3589,-68.0,346.0
29.364,-237.0,346.0
29.3697,50.0,348.0
29.3742,269.0,350.0
29.3791,2.0,348.0
29.384,-305.0,348.0
29.389,-117.0,348.0
29.3941,256.0,346.0
29.4001,224.0,348.0
29.4042,-107.0,346.0
29.409,-219.0,348.0
29.4139,-64.0,348.0
29.419,73.0,346.0
29.424,148.0,346.0
29.4291,111.0,344.0
29.434,-104.0,346.0
29.439,-193.0,348.0
29.4439,13.0,346.0
29.4492,144.0,348.0
29.4539,6.0,342.0
29.4591,-74.0,344.0
29.4641,76.0,338.0
29.469,98.0,336.0
29.474,-174.0,334.0
29.4791,-195.0,330.0
29.4841,183.0,332.0
29.4891,221.0,328.0
29.4948,-108.0,330.0
29.4991,-82.0,328.0
29.5042,65.0,328.0
29.5091,-104.0,328.0
29.5141,-121.0,330.0
29.5192,112.0,330.0
29.524,169.0,330.0
29.5291,116.0,332.0
29.534,-52.0,332.0
29.539,-335.0,336.0
29.5442,-157.0,338.0
29.5491,296.0,340.0
29.554,204.0,342.0
29.559,-93.0,342.0
29.564,-22.0,340.0
29.5689,7.0,338.0
29.575,-155.0,340.0
29.5792,-92.0,340.0
29.584,124.0,340.0
29.5889,164.0,340.0
29.5948,61.0,340.0
29.5991,-92.0,340.0
29.6041,-231.0,340.0
29.6091,-84.0,342.0
29.614,293.0,344.0
29.6189,269.0,346.0
29.6242,-259.0,348.0
29.6294,-405.0,352.0
29.6341,173.0,354.0
29.639,470.0,356.0
29.644,-49.0,354.0
29.649,-423.0,356.0
29.6543,-76.0,354.0
29.6591,267.0,354.0
29.6642,113.0,354.0
29.6691,-135.0,352.0
29.6741,-46.0,352.0
29.679,162.0,350.0
29.6842,-15.0,346.0
29.6892,-279.0,346.0
29.694,19.0,344.0
29.6991,303.0,344.0
29.704,-47.0,342.0
29.7089,-213.0,342.0
29.7141,130.0,344.0
29.7192,138.0,344.0
29.7242,-167.0,346.0
29.7291,-119.0,346.0
29.734,102.0,346.0
29.7396,86.0,348.0
29.744,-9.0,348.0
29.7492,-50.0,348.0
29.754,-50.0,346.0
29.7592,104.0,344.0
29.764,118.0,344.0
29.7691,-216.0,342.0
29.7742,-220.0,342.0
29.7792,225.0,340.0
29.7842,240.0,340.0
29.789,-111.0,338.0
29.7939,-87.0,336.0
29.8,51.0,334.0
29.8046,-121.0,332.0
29.809,-137.0,330.0
29.814,189.0,330.0
29.8192,236.0,332.0
29.825,-89.0,330.0
29.8293,-198.0,334.0
29.8341,-31.0,330.0
29.8389,78.0,330.0
29.844,65.0,326.0
29.849,-34.0,324.0
29.854,-41.0,320.0
29.8592,94.0,318.0
29.8642,-4.0,316.0
29.869,-164.0,314.0
29.8741,71.0,314.0
29.8798,180.0,312.0
29.8842,-150.0,312.0
29.8891,-159.0,312.0
29.8942,227.0,312.0
29.8993,141.0,312.0
29.904,-286.0,316.0
29.9096,-128.0,318.0
29.914,278.0,318.0
29.9192,88.0,318.0
29.9241,-184.0,312.0
29.929,-15.0,310.0
29.934,44.0,300.0
29.9391,-64.0,296.0
29.9443,96.0,288.0
29.9493,162.0,286.0
29.9542,-193.0,284.0
29.959,-273.0,286.0
29.9641,216.0,288.0
29.9691,319.0,292.0
29.9742,-209.0,292.0
29.979,-269.0,294.0
29.984,224.0,294.0
29.9889,199.0,294.0
29.994,-229.0,294.0
29.9992,-167.0,296.0
30.0041,193.0,296.0
30.0095,160.0,296.0
30.014,-140.0,294.0
30.019,-165.0,298.0
30.024,104.0,294.0
30.0291,178.0,296.0
30.034,-131.0,294.0
30.039,-197.0,292.0
30.044,247.0,296.0
30.0491,233.0,296.0
30.0543,-363.0,300.0
30.0595,-266.0,302.0
30.0642,337.0,306.0
30.069,240.0,308.0
30.074,-155.0,308.0
30.0791,-151.0,308.0
30.084,-45.0,308.0
30.0903,81.0,308.0
30.0939,127.0,310.0
30.0992,-88.0,310.0
30.1051,-49.0,310.0
30.1092,128.0,310.0
30.1142,-111.0,308.0
30.1207,-141.0,308.0
30.1239,234.0,308.0
30.1291,126.0,308.0
30.134,-240.0,310.0
30.1393,-109.0,310.0
30.1441,138.0,310.0
30.149,104.0,310.0
30.1539,3.0,310.0
30.1591,-112.0,310.0
30.164,-130.0,308.0
30.1692,116.0,308.0
30.1742,227.0,312.0
30.179,-92.0,308.0
30.184,-265.0,310.0
30.1889,45.0,306.0
30.1941,192.0,304.0
30.1992,-17.0,304.0
30.204,-33.0,304.0
30.2091,57.0,304.0
30.214,-88.0,304.0
30.2189,-137.0,304.0
30.2241,68.0,304.0
30.2292,156.0,304.0
30.2339,61.0,304.0
30.2391,-62.0,302.0
30.2442,-147.0,302.0
30.249,-72.0,302.0
30.2549,81.0,298.0
30.2593,115.0,296.0
30.264,57.0,292.0
30.269,-33.0,286.0
30.274,-116.0,286.0
30.2789,-60.0,280.0
30.2841,71.0,280.0
30.289,77.0,274.0
30.294,-19.0,274.0
30.2991,-50.0,270.0
30.304,27.0,268.0
30.309,13.0,266.0
30.3141,-100.0,268.0
30.3191,66.0,266.0
30.3241,249.0,270.0
30.3291,-168.0,268.0
30.334,-455.0,274.0
30.339,163.0,272.0
30.3441,574.0,280.0
30.349,-9.0,278.0
30.354,-444.0,282.0
30.3591,-146.0,282.0
30.364,125.0,282.0
30.3691,157.0,282.0
30.3743,148.0,284.0
30.3789,-50.0,282.0
30.3841,-213.0,286.0
30.3889,-39.0,286.0
30.394,88.0,286.0
30.3999,43.0,286.0
30.4042,107.0,286.0
30.4089,17.0,282.0
30.414,-287.0,284.0
30.419,-113.0,282.0
30.424,381.0,284.0
30.4295,196.0,286.0
30.4339,-337.0,288.0
30.439,-195.0,292.0
30.444,188.0,292.0
30.4491,104.0,292.0
30.454,-42.0,290.0
30.459,-8.0,286.0
30.464,-36.0,286.0
30.469,-13.0,282.0
30.474,73.0,282.0
30.479,-20.0,282.0
30.4841,-110.0,282.0
30.4889,21.0,282.0
30.494,111.0,284.0
30.499,59.0,282.0
30.504,-2.0,282.0
30.5089,-143.0,282.0
30.514,-184.0,284.0
30.5191,88.0,282.0
30.524,278.0,284.0
30.529,106.0,284.0
30.534,-163.0,284.0
30.5397,-257.0,284.0
30.5441,-68.0,282.0
30.5491,211.0,282.0
30.5547,223.0,282.0
30.559,-19.0,280.0
30.5642,-201.0,282.0
30.569,-157.0,284.0
30.5745,47.0,284.0
30.579,218.0,286.0
30.584,128.0,286.0
30.5891,-182.0,286.0
30.5941,-243.0,288.0
30.5994,129.0,286.0
30.6042,276.0,286.0
30.609,-96.0,282.0
30.6146,-224.0,282.0
30.619,69.0,280.0
30.6246,104.0,278.0
30.6292,-44.0,276.0
30.6342,27.0,272.0
30.6389,8.0,270.0
30.6439,-114.0,268.0
30.649,91.0,268.0
30.6541,177.0,268.0
30.6592,-239.0,270.0
30.6642,-268.0,272.0
30.669,300.0,274.0
30.674,338.0,276.0
30.679,-191.0,276.0
30.684,-271.0,278.0
30.6895,20.0,274.0
30.694,71.0,270.0
30.699,61.0,266.0
30.704,101.0,262.0
30.7091,-43.0,260.0
30.7141,-119.0,258.0
30.719,8.0,256.0
30.7251,26.0,256.0
30.729,22.0,256.0
30.734,57.0,254.0
30.7392,-87.0,254.0
30.7442,-91.0,254.0
30.7491,181.0,256.0
30.7541,137.0,256.0
30.759,-241.0,258.0
30.7641,-239.0,258.0
30.7691,207.0,260.0
30.7746,317.0,260.0
30.779,-84.0,260.0
30.7841,-245.0,262.0
30.789,2.0,260.0
30.794,29.0,260.0
30.799,-83.0,260.0
30.8041,175.0,260.0
30.809,277.0,264.0
30.814,-221.0,262.0
30.8189,-416.0,268.0
30.8241,93.0,266.0
30.8296,390.0,270.0
30.834,53.0,268.0
30.839,-230.0,272.0
30.844,-44.0,272.0
30.849,79.0,272.0
30.854,-102.0,272.0
30.8592,-41.0,272.0
30.8641,218.0,274.0
30.869,53.0,272.0
30.874,-225.0,274.0
30.879,6.0,274.0
30.8841,209.0,274.0
30.8889,-122.0,276.0
30.8942,-219.0,278.0
30.8992,181.0,278.0
30.904,152.0,280.0
30.909,-175.0,282.0
30.9141,25.0,280.0
30.9191,152.0,282.0
30.9241,-152.0,284.0
30.9291,-67.0,284.0
30.934,116.0,284.0
30.9393,-109.0,286.0
30.9442,-21.0,286.0
30.9491,248.0,290.0
30.954,-19.0,288.0
30.959,-203.0,290.0
30.964,56.0,288.0
30.9697,3.0,284.0
30.9741,-174.0,280.0
30.9791,195.0,280.0
30.9841,327.0,276.0
30.989,-275.0,282.0
30.994,-388.0,280.0
30.9992,235.0,282.0
31.0042,317.0,284.0
31.0091,-166.0,284.0
31.014,-194.0,286.0
31.0192,137.0,286.0
31.024,119.0,286.0
31.0291,-126.0,286.0
31.0342,-122.0,288.0
31.0392,82.0,288.0
31.0442,144.0,288.0
31.049,-5.0,288.0
31.0541,-120.0,286.0
31.0592,-38.0,284.0
31.0641,68.0,280.0
31.069,17.0,276.0
31.074,-65.0,272.0
31.0797,2.0,270.0
31.0841,109.0,268.0
31.0891,32.0,268.0
31.0941,-102.0,268.0
31.0992,-67.0,268.0
31.104,9.0,268.0
31.109,53.0,270.0
31.114,94.0,270.0
31.1193,-57.0,270.0
31.124,-148.0,270.0
31.1291,130.0,272.0
31.134,142.0,272.0
31.139,-186.0,274.0
31.1442,-58.0,276.0
31.1493,130.0,276.0
31.1541,-117.0,274.0
31.159,-12.0,274.0
31.164,311.0,274.0
31.1692,-50.0,272.0
31.1744,-399.0,276.0
31.179,34.0,274.0
31.184,347.0,278.0
31.189,-1.0,274.0
31.1941,-233.0,274.0
31.1992,-16.0,274.0
31.2042,134.0,274.0
31.2098,42.0,272.0
31.2139,-48.0,272.0
31.219,-81.0,270.0
31.2241,-77.0,268.0
31.2292,70.0,266.0
31.2342,210.0,266.0
31.2391,35.0,264.0
31.244,-228.0,264.0
31.2491,-154.0,264.0
31.2541,95.0,262.0
31.2593,170.0,264.0
31.2641,68.0,264.0
31.2691,-110.0,264.0
31.2746,-149.0,266.0
31.2789,93.0,268.0
31.284,156.0,268.0
31.2893,-129.0,270.0
31.2941,-130.0,268.0
31.299,131.0,268.0
31.3042,63.0,264.0
31.3092,-79.0,260.0
31.3141,34.0,256.0
31.3191,32.0,254.0
31.3249,-102.0,250.0
31.3292,-38.0,250.0
31.334,94.0,252.0
31.339,109.0,252.0
31.3442,-7.0,250.0
31.3493,-176.0,252.0
31.3541,-123.0,252.0
31.359,104.0,254.0
31.364,216.0,258.0
31.3691,143.0,258.0
31.375,-193.0,262.0
31.3802,-373.0,266.0
31.384,114.0,266.0
31.3891,377.0,268.0
31.3952,-137.0,268.0
31.3992,-226.0,268.0
31.4042,238.0,268.0
31.4097,124.0,268.0
31.414,-225.0,266.0
31.419,-97.0,266.0
31.4241,56.0,264.0
31.4292,45.0,264.0
31.4342,103.0,266.0
31.4392,56.0,264.0
31.444,-134.0,264.0
31.4491,-144.0,262.0
31.4541,74.0,260.0
31.4592,148.0,256.0
31.4641,3.0,254.0
31.469,-24.0,248.0
31.4745,-69.0,248.0
31.479,-183.0,248.0
31.484,103.0,248.0
31.4891,338.0,252.0
31.4941,-88.0,252.0
31.4992,-334.0,258.0
31.5039,54.0,254.0
31.5091,170.0,256.0
31.5142,-62.0,254.0
31.519,98.0,256.0
31.5241,122.0,254.0
31.5292,-395.0,258.0
31.534,-190.0,258.0
31.5391,619.0,264.0
31.5442,238.0,266.0
31.5491,-673.0,274.0
31.554,-256.0,278.0
31.5591,551.0,284.0
31.564,211.0,284.0
31.5692,-364.0,290.0
31.5743,-103.0,288.0
31.579,213.0,290.0
31.584,0.0,290.0
31.5892,-102.0,288.0
31.594,53.0,288.0
31.6001,7.0,286.0
31.604,-81.0,286.0
31.609,62.0,286.0
31.614,99.0,286.0
31.6189,-75.0,284.0
31.624,-79.0,280.0
31.6293,34.0,276.0
31.6341,4.0,270.0
31.6391,17.0,266.0
31.644,76.0,262.0
31.649,-34.0,260.0
31.6544,-61.0,258.0
31.6592,28.0,258.0
31.6642,-79.0,256.0
31.669,-43.0,256.0
31.674,219.0,256.0
31.679,78.0,256.0
31.6842,-201.0,258.0
31.6899,-88.0,258.0
31.6941,34.0,258.0
31.6991,42.0,258.0
31.7044,125.0,258.0
31.709,41.0,258.0
31.7149,-148.0,260.0
31.7192,-118.0,262.0
31.724,40.0,260.0
31.7292,161.0,262.0
31.7341,105.0,262.0
31.739,-150.0,264.0
31.7442,-180.0,266.0
31.749,83.0,268.0
31.754,148.0,268.0
31.7591,5.0,268.0
31.764,-74.0,266.0
31.769,-86.0,266.0
31.7743,-1.0,264.0
31.7793,128.0,262.0
31.784,111.0,264.0
31.789,-60.0,262.0
31.794,-221.0,264.0
31.799,-153.0,266.0
31.8041,208.0,264.0
31.809,390.0,270.0
31.814,-49.0,264.0
31.8191,-449.0,270.0
31.824,-113.0,266.0
31.8293,246.0,270.0
31.8345,130.0,270.0
31.8392,112.0,270.0
31.844,8.0,268.0
31.849,-416.0,274.0
31.8541,-199.0,276.0
31.8592,501.0,284.0
31.8643,327.0,288.0
31.869,-357.0,292.0
31.8742,-340.0,294.0
31.8795,112.0,296.0
31.8841,244.0,296.0
31.8892,57.0,294.0
31.8941,-73.0,294.0
31.8992,-47.0,292.0
31.9041,-82.0,292.0
31.9091,-80.0,292.0
31.914,125.0,290.0
31.9191,148.0,292.0
31.9245,-64.0,290.0
31.929,-69.0,290.0
31.9341,10.0,288.0
31.9391,-68.0,286.0
31.9444,-40.0,286.0
31.9492,161.0,288.0
31.9541,138.0,290.0
31.959,-202.0,292.0
31.964,-245.0,294.0
31.9692,204.0,296.0
31.9743,294.0,300.0
31.9792,-151.0,300.0
31.984,-232.0,304.0
31.9892,77.0,302.0
31.9942,85.0,302.0
31.999,-68.0,302.0
32.0041,38.0,298.0
32.009,124.0,298.0
32.014,-52.0,296.0
32.019,-148.0,292.0
32.024,4.0,290.0
32.029,80.0,286.0
32.0341,5.0,284.0
32.039,0.0,280.0
32.044,9.0,276.0
32.049,31.0,276.0
32.0541,40.0,272.0
32.0593,-135.0,274.0
32.0642,-146.0,274.0
32.069,172.0,276.0
32.0742,197.0,278.0
32.0795,-105.0,278.0
32.0844,-140.0,278.0
32.0892,19.0,276.0
32.0943,39.0,276.0
32.0995,35.0,274.0
32.1041,26.0,274.0
32.1092,-108.0,276.0
32.115,-70.0,276.0
32.1195,222.0,276.0
32.1253,145.0,278.0
32.1306,-298.0,276.0
32.1349,-242.0,280.0
32.1393,267.0,278.0
32.1461,309.0,282.0
32.1491,-158.0,282.0
32.1541,-313.0,286.0
32.1601,44.0,286.0
32.1643,231.0,286.0
32.1694,1.0,280.0
32.1747,-85.0,280.0
32.1792,52.0,270.0
32.1843,-37.0,268.0
32.1891,-134.0,258.0
32.1942,65.0,256.0
32.1998,144.0,250.0
32.2051,-19.0,246.0
32.2089,-90.0,242.0
32.2143,-25.0,240.0
32.219,64.0,238.0
32.2247,36.0,238.0
32.2292,-95.0,238.0
32.2345,-27.0,238.0
32.2395,133.0,240.0
32.2441,16.0,240.0
32.2493,-149.0,240.0
32.2542,-36.0,240.0
32.2595,143.0,240.0
32.2656,133.0,242.0
32.2689,-92.0,242.0
32.2754,-263.0,246.0
32.2792,-18.0,246.0
32.2843,301.0,250.0
32.2897,131.0,252.0
32.294,-213.0,254.0
32.2992,-170.0,256.0
32.3041,89.0,256.0
32.3091,124.0,258.0
32.3144,8.0,254.0
32.319,-53.0,254.0
32.324,-129.0,252.0
32.3289,-10.0,252.0
32.3343,287.0,256.0
32.3392,92.0,256.0
32.3442,-363.0,260.0
32.3496,-180.0,262.0
32.3539,246.0,264.0
32.3592,175.0,264.0
32.3644,-14.0,264.0
32.3693,-32.0,262.0
32.3749,-129.0,262.0
32.3795,-152.0,262.0
32.3845,72.0,262.0
32.3892,222.0,264.0
32.3946,116.0,262.0
32.399,-98.0,264.0
32.404,-292.0,268.0
32.4096,-157.0,268.0
32.4143,344.0,274.0
32.419,381.0,278.0
32.4245,-248.0,280.0
32.429,-432.0,286.0
32.4343,90.0,284.0
32.4397,307.0,286.0
32.4441,24.0,284.0
32.4493,-117.0,280.0
32.4539,-72.0,280.0
32.4595,-47.0,274.0
32.464,84.0,272.0
32.47,150.0,272.0
32.4744,-72.0,270.0
32.4792,-172.0,272.0
32.4843,32.0,272.0
32.4894,104.0,266.0
32.4945,37.0,264.0
32.4997,48.0,258.0
32.5048,-137.0,254.0
32.5092,-251.0,252.0
32.5151,252.0,252.0
32.519,421.0,256.0
32.5241,-318.0,258.0
32.5291,-464.0,264.0
32.5342,240.0,266.0
32.5401,326.0,270.0
32.5446,-41.0,270.0
32.5502,-45.0,270.0
32.5556,-98.0,268.0
32.5595,-216.0,270.0
32.5642,89.0,270.0
32.5693,298.0,274.0
32.5746,-37.0,274.0
32.5795,-231.0,276.0
32.5839,26.0,276.0
32.5901,153.0,276.0
32.5945,-9.0,274.0
32.5994,-99.0,272.0
32.604,-49.0,270.0
32.6112,19.0,266.0
32.6139,88.0,264.0
32.6191,76.0,262.0
32.624,-57.0,260.0
32.6295,-113.0,260.0
32.634,7.0,260.0
32.6395,63.0,260.0
32.644,-21.0,258.0
32.649,5.0,258.0
32.6543,83.0,258.0
32.6596,-18.0,256.0
32.6642,-103.0,258.0
32.669,-9.0,256.0
32.6739,60.0,256.0
32.6793,28.0,258.0
32.6842,-10.0,258.0
32.6889,-28.0,258.0
32.6956,-53.0,258.0
32.6995,-7.0,256.0
32.7043,144.0,256.0
32.7096,108.0,254.0
32.7143,-175.0,254.0
32.7193,-209.0,256.0
32.7239,82.0,254.0
32.7291,195.0,258.0
32.734,37.0,258.0
32.7391,-72.0,258.0
32.7441,-41.0,258.0
32.7492,-6.0,256.0
32.7541,-45.0,256.0
32.759,-88.0,254.0
32.764,50.0,252.0
32.769,293.0,252.0
32.7743,115.0,250.0
32.7791,-391.0,252.0
32.784,-311.0,252.0
32.7889,274.0,254.0
32.7941,329.0,254.0
32.7991,-75.0,256.0
32.8043,-155.0,254.0
32.8092,-10.0,254.0
32.814,-44.0,254.0
32.819,-75.0,254.0
32.824,125.0,256.0
32.8293,261.0,258.0
32.8341,-59.0,258.0
32.839,-403.0,262.0
32.844,-70.0,262.0
32.849,379.0,266.0
32.854,119.0,268.0
32.8592,-230.0,270.0
32.864,-32.0,270.0
32.8691,105.0,270.0
32.874,-93.0,272.0
32.8797,-56.0,270.0
32.8841,154.0,272.0
32.8889,22.0,270.0
32.8942,-150.0,272.0
32.899,30.0,270.0
32.904,124.0,270.0
32.9092,-45.0,270.0
32.9142,-86.0,266.0
32.9192,-19.0,266.0
32.924,26.0,262.0
32.929,115.0,262.0
32.934,37.0,260.0
32.9391,-169.0,260.0
32.9441,-55.0,260.0
32.9492,189.0,260.0
32.954,2.0,260.0
32.959,-227.0,262.0
32.9641,67.0,262.0
32.969,292.0,266.0
32.9745,-55.0,262.0
32.979,-319.0,266.0
32.9847,-35.0,262.0
32.9902,228.0,262.0
32.9953,78.0,260.0
32.9991,-60.0,258.0
33.0042,-7.0,258.0
33.0091,-32.0,258.0
33.0145,-66.0,256.0
33.0193,-4.0,254.0
33.0242,6.0,252.0
33.0308,59.0,250.0
33.0357,165.0,252.0
33.0392,-37.0,250.0
33.0442,-314.0,250.0
33.0492,-25.0,248.0
33.0542,348.0,248.0
33.0597,52.0,244.0
33.0648,-273.0,244.0
33.0689,-20.0,238.0
33.0747,154.0,238.0
33.079,-29.0,234.0
33.084,-58.0,234.0
33.0892,46.0,234.0
33.0942,13.0,232.0
33.0993,-25.0,232.0
33.104,-12.0,232.0
33.1089,4.0,228.0
33.1147,30.0,228.0
33.1191,-10.0,226.0
33.1241,-46.0,226.0
33.1291,27.0,224.0
33.134,65.0,224.0
33.1392,-18.0,224.0
33.1442,-78.0,224.0
33.1491,-3.0,220.0
33.154,66.0,216.0
33.159,-2.0,210.0
33.1641,-37.0,206.0
33.1695,32.0,200.0
33.1742,4.0,196.0
33.1791,-33.0,190.0
33.184,69.0,192.0
33.1889,0.0,190.0
33.194,-222.0,192.0
33.1992,-19.0,190.0
33.2041,390.0,194.0
33.209,156.0,192.0
33.214,-417.0,198.0
33.219,-317.0,200.0
33.2241,245.0,202.0
33.2292,339.0,206.0
33.2342,-16.0,206.0
33.2392,-198.0,208.0
33.244,-86.0,208.0
33.2491,35.0,208.0
33.2541,32.0,208.0
33.2592,-6.0,206.0
33.264,63.0,206.0
33.269,150.0,206.0
33.274,-64.0,208.0
33.2795,-356.0,212.0
33.2841,-61.0,212.0
33.289,454.0,220.0
33.294,208.0,222.0
33.299,-375.0,228.0
33.3042,-233.0,230.0
33.3091,210.0,232.0
33.3141,100.0,234.0
33.319,-101.0,234.0
33.3239,77.0,236.0
33.329,94.0,236.0
33.3347,-158.0,238.0
33.3401,-106.0,240.0
33.3453,112.0,240.0
33.3489,35.0,238.0
33.354,-41.0,236.0
33.3589,104.0,234.0
33.364,47.0,234.0
33.3689,-201.0,234.0
33.3742,-128.0,236.0
33.3791,176.0,236.0
33.3839,199.0,240.0
33.3896,-49.0,240.0
33.394,-174.0,242.0
33.3991,-82.0,242.0
33.4041,45.0,242.0
33.409,112.0,238.0
33.414,88.0,238.0
33.419,-11.0,232.0
33.4241,-92.0,230.0
33.4294,-100.0,226.0
33.4342,-43.0,222.0
33.439,78.0,222.0
33.4447,169.0,222.0
33.449,62.0,224.0
33.454,-153.0,224.0
33.4593,-170.0,226.0
33.4641,32.0,224.0
33.4693,167.0,224.0
33.474,76.0,224.0
33.4789,-138.0,220.0
33.4851,-135.0,220.0
33.4893,184.0,218.0
33.494,170.0,218.0
33.4992,-273.0,218.0
33.504,-175.0,222.0
33.509,288.0,224.0
33.5141,100.0,224.0
33.5192,-200.0,226.0
33.524,68.0,226.0
33.529,104.0,226.0
33.534,-235.0,228.0
33.5389,-61.0,228.0
33.5444,273.0,230.0
33.5492,5.0,230.0
33.5541,-193.0,232.0
33.5591,110.0,232.0
33.564,121.0,234.0
33.5691,-190.0,236.0
33.5743,-106.0,236.0
33.5791,134.0,236.0
33.5839,92.0,236.0
33.589,4.0,234.0
33.594,-57.0,234.0
33.599,-98.0,232.0
33.6041,46.0,232.0
33.6091,117.0,230.0
33.6139,-73.0,230.0
33.619,-108.0,226.0
33.6241,96.0,228.0
33.629,90.0,226.0
33.6341,-90.0,226.0
33.639,-51.0,226.0
33.644,81.0,226.0
33.6496,2.0,226.0
33.654,-78.0,226.0
33.6593,43.0,226.0
33.6642,50.0,228.0
33.6691,-78.0,228.0
33.674,7.0,226.0
33.6791,92.0,226.0
33.6846,-62.0,222.0
33.6892,-83.0,224.0
33.6941,102.0,220.0
33.6992,79.0,220.0
33.704,-136.0,218.0
33.7092,-112.0,220.0
33.7141,128.0,218.0
33.719,165.0,220.0
33.7246,-29.0,220.0
33.7292,-173.0,222.0
33.7339,-127.0,224.0
33.739,92.0,226.0
33.7441,226.0,228.0
33.749,27.0,228.0
33.7545,-188.0,232.0
33.759,-85.0,232.0
33.764,43.0,232.0
33.769,15.0,232.0
33.7742,99.0,232.0
33.779,153.0,234.0
33.784,-163.0,236.0
33.789,-310.0,242.0
33.794,154.0,242.0
33.7992,328.0,248.0
33.8042,-121.0,248.0
33.8092,-164.0,250.0
33.814,106.0,252.0
33.819,-70.0,254.0
33.8242,-116.0,254.0
33.829,185.0,256.0
33.8342,111.0,254.0
33.8392,-109.0,256.0
33.844,-39.0,250.0
33.849,-43.0,250.0
33.8541,-73.0,244.0
33.8589,103.0,240.0
33.8647,105.0,238.0
33.869,-37.0,234.0
33.8742,22.0,234.0
33.879,-28.0,230.0
33.8841,-223.0,234.0
33.8892,-14.0,232.0
33.8942,327.0,238.0
33.8991,107.0,238.0
33.904,-263.0,242.0
33.9091,-121.0,242.0
33.9141,139.0,242.0
33.9191,57.0,238.0
33.924,-77.0,238.0
33.9291,-45.0,232.0
33.934,34.0,230.0
33.9389,141.0,226.0
33.9441,110.0,224.0
33.949,-237.0,224.0
33.954,-314.0,228.0
33.959,227.0,230.0
33.964,416.0,234.0
33.9692,-157.0,236.0
33.9741,-375.0,240.0
33.979,116.0,240.0
33.9841,290.0,242.0
33.9893,-108.0,244.0
33.994,-246.0,246.0
33.9992,80.0,246.0
34.004,238.0,248.0
34.0092,-3.0,246.0
34.014,-213.0,248.0
34.0189,-98.0,246.0
34.024,139.0,246.0
34.0292,181.0,248.0
34.034,-25.0,244.0
34.039,-223.0,246.0
34.0439,-100.0,248.0
34.0492,213.0,250.0
34.0539,182.0,250.0
34.0596,-168.0,254.0
34.064,-178.0,254.0
34.069,135.0,256.0
34.074,114.0,256.0
34.0791,-128.0,258.0
34.084,-63.0,256.0
34.089,82.0,256.0
34.0939,41.0,254.0
34.099,72.0,252.0
34.1039,0.0,252.0
34.109,-284.0,254.0
34.114,-73.0,254.0
34.119,371.0,258.0
34.124,99.0,256.0
34.129,-244.0,258.0
34.1339,9.0,256.0
34.139,59.0,252.0
34.1443,-192.0,252.0
34.149,1.0,248.0
34.154,278.0,250.0
34.1589,43.0,248.0
34.165,-212.0,250.0
34.1689,-61.0,250.0
34.174,121.0,248.0
34.179,6.0,246.0
34.184,-96.0,244.0
34.189,75.0,246.0
34.194,90.0,244.0
34.1991,-152.0,244.0
34.2042,-55.0,244.0
34.2091,216.0,244.0
34.214,33.0,242.0
34.219,-226.0,244.0
34.2241,-50.0,244.0
34.2292,150.0,246.0
34.2342,51.0,246.0
34.2392,-39.0,244.0
34.2439,-3.0,244.0
34.2492,-22.0,242.0
34.2541,-39.0,242.0
34.2601,40.0,240.0
34.264,23.0,240.0
34.2692,-64.0,240.0
34.2741,5.0,238.0
34.2792,80.0,238.0
34.284,-2.0,238.0
34.2892,-63.0,238.0
34.2941,-3.0,236.0
34.2991,63.0,238.0
34.3039,0.0,236.0
34.309,-104.0,236.0
34.3141,-14.0,238.0
34.3202,111.0,238.0
34.324,8.0,236.0
34.329,-27.0,236.0
34.334,117.0,236.0
34.3392,-83.0,236.0
34.3442,-343.0,240.0
34.3491,114.0,240.0
34.354,493.0,244.0
34.3599,-49.0,244.0
34.364,-443.0,250.0
34.3691,-34.0,248.0
34.3754,253.0,250.0
34.3791,67.0,248.0
34.384,-85.0,246.0
34.3891,-53.0,248.0
34.394,38.0,244.0
34.399,37.0,244.0
34.4053,-86.0,244.0
34.409,-42.0,246.0
34.414,124.0,246.0
34.419,64.0,244.0
34.424,-69.0,242.0
34.4292,-94.0,240.0
34.4341,-49.0,238.0
34.4391,105.0,234.0
34.444,103.0,234.0
34.449,-81.0,232.0
34.4541,-18.0,232.0
34.4589,47.0,230.0
34.4642,-98.0,230.0
34.469,-41.0,228.0
34.4741,66.0,228.0
34.4791,25.0,226.0
34.4842,134.0,228.0
34.489,67.0,228.0
34.4941,-318.0,232.0
34.4991,-208.0,234.0
34.504,325.0,238.0
34.509,277.0,240.0
34.5142,-210.0,244.0
34.5191,-221.0,246.0
34.524,122.0,246.0
34.529,133.0,248.0
34.5339,-93.0,244.0
34.539,-110.0,244.0
34.544,37.0,240.0
34.5489,129.0,240.0
34.5539,86.0,240.0
34.5591,-101.0,240.0
34.5649,-209.0,242.0
34.5691,10.0,242.0
34.5742,229.0,244.0
34.5791,74.0,244.0
34.584,-127.0,244.0
34.591,-89.0,242.0
34.594,27.0,236.0
34.599,37.0,234.0
34.6042,-95.0,228.0
34.6091,3.0,226.0
34.614,318.0,226.0
34.6191,42.0,224.0
34.624,-475.0,228.0
34.629,-136.0,228.0
34.634,410.0,230.0
34.6391,148.0,232.0
34.644,-207.0,230.0
34.6489,-38.0,232.0
34.6539,47.0,228.0
34.6594,-80.0,228.0
34.6641,2.0,226.0
34.669,93.0,226.0
34.6746,3.0,224.0
34.679,-6.0,222.0
34.6841,-42.0,220.0
34.6892,-129.0,220.0
34.694,107.0,218.0
34.6991,261.0,220.0
34.704,-152.0,220.0
34.709,-296.0,222.0
34.7142,166.0,222.0
34.7194,204.0,224.0
34.7241,-182.0,226.0
34.7291,-97.0,226.0
34.734,166.0,228.0
34.7391,66.0,228.0
34.7441,-53.0,228.0
34.7492,-72.0,224.0
34.7541,-108.0,226.0
34.7589,64.0,220.0
34.765,196.0,222.0
34.7689,-62.0,220.0
34.7742,-151.0,222.0
34.7792,91.0,222.0
34.7851,33.0,220.0
34.789,-109.0,222.0
34.7939,63.0,218.0
34.7991,56.0,218.0
34.804,-93.0,216.0
34.8091,68.0,216.0
34.814,60.0,216.0
34.819,-202.0,218.0
34.824,7.0,218.0
34.8291,277.0,220.0
34.8341,-72.0,220.0
34.8392,-280.0,222.0
34.844,109.0,222.0
34.849,248.0,224.0
34.8541,-124.0,224.0
34.8592,-197.0,224.0
34.8642,149.0,226.0
34.8691,119.0,226.0
34.8741,-213.0,228.0
34.8789,-36.0,228.0
34.884,296.0,232.0
34.8891,-20.0,232.0
34.8941,-337.0,238.0
34.8991,72.0,238.0
34.904,301.0,242.0
34.9092,-175.0,244.0
34.914,-265.0,248.0
34.9191,308.0,252.0
34.9242,314.0,256.0
34.9291,-332.0,260.0
34.9339,-381.0,266.0
34.9391,174.0,268.0
34.9442,318.0,272.0
34.949,33.0,272.0
34.954,-133.0,274.0
34.9591,-120.0,274.0
34.964,-30.0,274.0
34.9689,62.0,274.0
34.9741,87.0,274.0
34.9791,65.0,274.0
34.9841,-60.0,270.0
34.989,-185.0,270.0
34.9939,6.0,264.0
34.9992,239.0,266.0
35.0041,14.0,260.0
35.0092,-201.0,262.0
35.0141,15.0,258.0
35.0199,103.0,258.0
35.0241,-72.0,258.0
35.029,-32.0,258.0
35.0342,110.0,260.0
35.0391,56.0,260.0
35.0439,-89.0,260.0
35.0489,-113.0,260.0
35.0539,19.0,260.0
35.0593,63.0,260.0
35.0642,11.0,258.0
35.069,96.0,258.0
35.0741,77.0,258.0
35.079,-180.0,260.0
35.0847,-221.0,262.0
35.089,64.0,262.0
35.094,263.0,266.0
35.0991,111.0,266.0
35.1041,-192.0,268.0
35.1099,-150.0,270.0
35.1142,153.0,270.0
35.119,57.0,272.0
35.1241,-203.0,272.0
35.1291,48.0,272.0
35.134,240.0,270.0
35.1389,-114.0,270.0
35.1444,-200.0,268.0
35.1491,147.0,266.0
35.154,120.0,264.0
35.1591,-149.0,262.0
35.1639,-44.0,262.0
35.169,145.0,262.0
35.1741,-3.0,260.0
35.1791,-181.0,262.0
35.184,27.0,262.0
35.1889,263.0,264.0
35.1939,-46.0,262.0
35.1991,-341.0,266.0
35.204,65.0,264.0
35.209,358.0,270.0
35.2141,-66.0,268.0
35.219,-308.0,270.0
35.2239,49.0,270.0
35.229,232.0,272.0
35.2342,-22.0,272.0
35.2392,-137.0,274.0
35.244,-17.0,272.0
35.249,-3.0,272.0
35.2547,53.0,268.0
35.2591,168.0,270.0
35.2641,-74.0,264.0
35.269,-275.0,266.0
35.274,115.0,262.0
35.279,287.0,264.0
35.2842,-185.0,264.0
35.2892,-251.0,266.0
35.294,215.0,270.0
35.2991,191.0,270.0
35.3039,-176.0,274.0
35.309,-90.0,274.0
35.3149,133.0,276.0
35.3194,-11.0,276.0
35.324,-128.0,278.0
35.329,67.0,276.0
35.334,122.0,276.0
35.3405,-117.0,274.0
35.3444,-102.0,274.0
35.349,188.0,272.0
35.354,102.0,270.0
35.3591,-216.0,270.0
35.3639,-101.0,270.0
35.3698,157.0,270.0
35.3741,50.0,268.0
35.3799,-68.0,268.0
35.3847,17.0,268.0
35.3889,2.0,266.0
35.394,-24.0,266.0
35.3991,45.0,266.0
35.4041,-22.0,262.0
35.409,-68.0,262.0
35.414,62.0,262.0
35.419,36.0,260.0
35.424,-92.0,262.0
35.429,21.0,260.0
35.4339,133.0,262.0
35.4389,-34.0,260.0
35.4444,-160.0,262.0
35.4491,0.0,260.0
35.4547,147.0,262.0
35.4591,12.0,260.0
35.464,-116.0,260.0
35.4689,43.0,258.0
35.4741,110.0,258.0
35.4789,-133.0,256.0
35.4839,-157.0,256.0
35.489,132.0,254.0
35.494,206.0,256.0
35.4989,13.0,252.0
35.504,-150.0,252.0
35.509,-164.0,254.0
35.514,1.0,250.0
35.5191,152.0,252.0
35.5239,83.0,248.0
35.529,-17.0,248.0
35.5339,-21.0,244.0
35.539,-55.0,244.0
35.544,-49.0,240.0
35.5491,25.0,238.0
35.554,-31.0,234.0
35.5591,-54.0,230.0
35.5639,192.0,228.0
35.5691,208.0,226.0
35.5742,-226.0,224.0
35.5792,-312.0,226.0
35.584,100.0,222.0
35.589,208.0,224.0
35.5946,14.0,222.0
35.5991,7.0,222.0
35.604,-8.0,220.0
35.6091,-137.0,222.0
35.6139,-59.0,222.0
35.619,112.0,222.0
35.6239,112.0,224.0
35.629,-13.0,220.0
35.6341,-151.0,222.0
35.6391,-91.0,220.0
35.6441,173.0,222.0
35.649,188.0,222.0
35.655,-128.0,224.0
35.66,-236.0,226.0
35.6639,20.0,226.0
35.6689,184.0,228.0
35.6739,57.0,228.0
35.6795,-72.0,228.0
35.6841,-37.0,226.0
35.6892,-18.0,226.0
35.694,-49.0,226.0
35.6992,71.0,226.0
35.704,143.0,228.0
35.709,-127.0,228.0
35.7139,-214.0,230.0
35.7191,188.0,230.0
35.724,241.0,230.0
35.7291,-228.0,234.0
35.734,-220.0,232.0
35.739,243.0,234.0
35.7444,180.0,234.0
35.7492,-241.0,236.0
35.754,-144.0,236.0
35.7594,208.0,238.0
35.7639,93.0,236.0
35.7691,-153.0,238.0
35.7741,-9.0,234.0
35.7791,120.0,234.0
35.784,-74.0,232.0
35.789,-133.0,232.0
35.7939,93.0,232.0
35.7991,157.0,232.0
35.804,-19.0,232.0
35.81,-140.0,232.0
35.8139,-94.0,234.0
35.819,85.0,232.0
35.8239,180.0,234.0
35.8291,-51.0,230.0
35.834,-255.0,234.0
35.839,20.0,230.0
35.8439,350.0,234.0
35.849,92.0,230.0
35.8544,-381.0,234.0
35.8593,-263.0,234.0
35.8641,246.0,236.0
35.8689,315.0,238.0
35.8739,-24.0,238.0
35.879,-154.0,238.0
35.8839,-67.0,240.0
35.8891,-72.0,240.0
35.894,-42.0,240.0
35.8991,165.0,240.0
35.9039,187.0,242.0
35.909,-128.0,240.0
35.9141,-206.0,240.0
35.9192,100.0,238.0
35.9242,119.0,236.0
35.9291,-140.0,236.0
35.9339,-45.0,232.0
35.9389,185.0,232.0
35.9442,61.0,230.0
35.949,-164.0,232.0
35.954,-144.0,232.0
35.959,93.0,234.0
35.964,214.0,234.0
35.9691,-45.0,234.0
35.974,-217.0,236.0
35.9791,61.0,234.0
35.984,176.0,236.0
35.9889,-108.0,234.0
35.9941,-159.0,236.0
35.999,115.0,234.0
36.0042,195.0,236.0
36.0091,-57.0,234.0
36.0139,-230.0,236.0
36.019,-32.0,236.0
36.0241,195.0,238.0
36.0294,82.0,240.0
36.0342,-97.0,242.0
36.0392,-47.0,242.0
36.0439,28.0,242.0
36.049,-36.0,240.0
36.0541,-38.0,240.0
36.0593,100.0,242.0
36.0642,87.0,242.0
36.0691,-135.0,244.0
36.0742,-125.0,244.0
36.0789,146.0,244.0
36.0841,128.0,244.0
36.09,-86.0,246.0
36.0942,-49.0,244.0
36.0999,-69.0,246.0
36.1039,-131.0,246.0
36.1091,222.0,248.0
36.1141,334.0,252.0
36.1192,-231.0,254.0
36.124,-420.0,258.0
36.129,88.0,256.0
36.1339,304.0,258.0
36.1398,67.0,258.0
36.144,-52.0,258.0
36.1491,-94.0,256.0
36.154,-168.0,258.0
36.1589,-3.0,256.0
36.1639,270.0,260.0
36.1691,115.0,262.0
36.1754,-312.0,266.0
36.179,-157.0,268.0
36.184,352.0,272.0
36.1889,105.0,274.0
36.194,-389.0,278.0
36.1991,4.0,278.0
36.2041,420.0,282.0
36.209,-89.0,280.0
36.2139,-420.0,282.0
36.2189,93.0,280.0
36.224,338.0,284.0
36.2292,-56.0,280.0
36.2341,-190.0,284.0
36.2391,35.0,284.0
36.2439,66.0,284.0
36.2491,-22.0,282.0
36.2541,-12.0,282.0
36.2594,-19.0,280.0
36.2639,-15.0,280.0
36.269,59.0,280.0
36.274,56.0,278.0
36.2789,-19.0,278.0
36.2839,-73.0,276.0
36.289,-79.0,274.0
36.294,13.0,272.0
36.2991,127.0,270.0
36.3041,89.0,272.0
36.309,-76.0,270.0
36.3142,-150.0,272.0
36.3191,-3.0,270.0
36.324,113.0,272.0
36.329,7.0,272.0
36.3345,30.0,272.0
36.3389,135.0,272.0
36.3441,-194.0,272.0
36.349,-363.0,276.0
36.3539,218.0,276.0
36.3589,454.0,280.0
36.3643,-86.0,278.0
36.3689,-276.0,280.0
36.3752,-18.0,276.0
36.3791,-11.0,272.0
36.3839,-6.0,270.0
36.3889,181.0,268.0
36.3939,74.0,268.0
36.3992,-200.0,268.0
36.4042,-101.0,268.0
36.409,159.0,268.0
36.4139,108.0,270.0
36.4189,-107.0,268.0
36.4242,-101.0,270.0
36.4291,71.0,268.0
36.4342,51.0,268.0
36.4396,-87.0,266.0
36.444,10.0,266.0
36.4489,128.0,266.0
36.454,-28.0,266.0
36.4604,-115.0,266.0
36.464,16.0,264.0
36.469,35.0,262.0
36.474,-25.0,260.0
36.479,31.0,260.0
36.4841,56.0,254.0
36.4891,-4.0,254.0
36.494,-55.0,248.0
36.4991,-102.0,246.0
36.5039,-6.0,242.0
36.5093,187.0,240.0
36.5139,71.0,240.0
36.5191,-162.0,242.0
36.5244,-50.0,240.0
36.529,64.0,240.0
36.5339,-52.0,240.0
36.5389,4.0,238.0
36.5443,123.0,238.0
36.549,-44.0,236.0
36.554,-84.0,234.0
36.559,143.0,234.0
36.5639,19.0,234.0
36.5689,-277.0,236.0
36.5741,-47.0,236.0
36.5792,312.0,238.0
36.5839,127.0,238.0
36.5922,-202.0,240.0
36.5939,-131.0,238.0
36.5989,54.0,238.0
36.6041,47.0,236.0
36.6091,17.0,236.0
36.6139,32.0,232.0
36.6189,-3.0,232.0
36.6241,-56.0,230.0
36.629,-28.0,228.0
36.6341,58.0,226.0
36.6392,35.0,226.0
36.644,-116.0,224.0
36.649,-48.0,224.0
36.654,244.0,224.0
36.6592,110.0,226.0
36.6641,-332.0,228.0
36.669,-202.0,230.0
36.6741,237.0,232.0
36.6789,225.0,234.0
36.6841,37.0,234.0
36.689,-83.0,236.0
36.6942,-290.0,240.0
36.6995,-164.0,240.0
36.7041,327.0,244.0
36.7091,312.0,246.0
36.7143,-195.0,248.0
36.7214,-250.0,250.0
36.7239,84.0,248.0
36.7296,86.0,248.0
36.7344,-50.0,248.0
36.7393,37.0,248.0
36.7445,5.0,246.0
36.7495,-104.0,244.0
36.7542,93.0,240.0
36.7592,175.0,240.0
36.764,-171.0,236.0
36.7692,-262.0,238.0
36.7746,156.0,236.0
36.7799,318.0,240.0
36.7839,-85.0,240.0
36.7891,-293.0,244.0
36.7939,59.0,242.0
36.7994,194.0,246.0
36.8044,-108.0,242.0
36.809,-80.0,242.0
36.8144,142.0,240.0
36.8191,9.0,238.0
36.8239,-80.0,232.0
36.8294,17.0,232.0
36.8346,-32.0,226.0
36.8394,-23.0,226.0
36.8441,78.0,220.0
36.8491,5.0,220.0
36.8542,-16.0,214.0
36.8595,42.0,212.0
36.864,-59.0,208.0
36.869,-89.0,208.0
36.8743,47.0,206.0
36.8791,77.0,208.0
36.8842,41.0,206.0
36.8892,24.0,206.0
36.8939,-104.0,208.0
36.8993,-174.0,210.0
36.9041,59.0,212.0
36.9094,242.0,214.0
36.9143,57.0,214.0
36.9189,-133.0,216.0
36.9255,-114.0,216.0
36.9295,-52.0,216.0
36.9344,52.0,216.0
36.9394,137.0,216.0
36.9447,32.0,216.0
36.9489,-104.0,216.0
36.9539,-51.0,214.0
36.9589,79.0,216.0
36.964,50.0,216.0
36.969,-74.0,216.0
36.9754,-88.0,218.0
36.9796,-12.0,216.0
36.9841,96.0,214.0
36.9891,158.0,210.0
36.9943,3.0,208.0
36.9994,-214.0,204.0
37.0044,-133.0,204.0
37.0089,135.0,202.0
37.0141,158.0,204.0
37.0193,-41.0,204.0
37.0244,-70.0,206.0
37.0293,30.0,204.0
37.0341,-51.0,202.0
37.0394,-78.0,200.0
37.0441,166.0,202.0
37.0491,126.0,202.0
37.0543,-233.0,204.0
37.06,-161.0,204.0
37.0639,190.0,206.0
37.0701,157.0,206.0
37.0741,-62.0,208.0
37.0799,-82.0,206.0
37.0842,-23.0,208.0
37.0894,12.0,206.0
37.0938,6.0,206.0
37.0997,-64.0,204.0
37.1041,27.0,204.0
37.1095,215.0,208.0
37.1145,2.0,206.0
37.119,-307.0,212.0
37.124,-53.0,212.0
37.1295,257.0,216.0
37.1353,48.0,214.0
37.1392,-138.0,216.0
37.1445,6.0,216.0
37.1489,66.0,214.0
37.154,-36.0,214.0
37.1596,-71.0,212.0
37.1641,-17.0,212.0
37.1699,103.0,212.0
37.1739,134.0,214.0
37.1808,-92.0,214.0
37.1851,-220.0,216.0
37.1888,36.0,216.0
37.1942,205.0,218.0
37.1992,5.0,216.0
37.2039,-128.0,218.0
37.2094,12.0,214.0
37.2141,70.0,214.0
37.2194,-59.0,210.0
37.2242,-52.0,208.0
37.2293,88.0,206.0
37.2346,23.0,204.0
37.2395,-102.0,206.0
37.2441,6.0,204.0
37.2491,96.0,206.0
37.2541,41.0,206.0
37.2606,16.0,206.0
37.2639,-144.0,208.0
37.2691,-252.0,212.0
37.2739,157.0,212.0
37.2793,438.0,220.0
37.2842,-39.0,218.0
37.2895,-402.0,224.0
37.2939,-83.0,222.0
37.2991,196.0,222.0
37.3041,133.0,220.0
37.3091,-1.0,216.0
37.3154,-200.0,216.0
37.3189,-120.0,214.0
37.3248,357.0,218.0
37.3299,272.0,222.0
37.3339,-463.0,224.0
37.3392,-493.0,230.0
37.3442,332.0,230.0
37.3506,612.0,234.0
37.3539,-46.0,232.0
37.3597,-486.0,236.0
37.3642,-110.0,236.0
37.3689,223.0,238.0
37.3741,11.0,238.0
37.3794,-56.0,238.0
37.3839,196.0,242.0
37.3894,48.0,240.0
37.3941,-306.0,244.0
37.3992,-83.0,242.0
37.4039,271.0,244.0
37.4094,70.0,240.0
37.4153,-181.0,242.0
37.4191,-44.0,236.0
37.4245,102.0,238.0
37.4294,55.0,234.0
37.4344,-18.0,232.0
37.4394,-77.0,230.0
37.4441,-83.0,230.0
37.4492,64.0,230.0
37.454,159.0,230.0
37.4595,-31.0,230.0
37.4646,-185.0,232.0
37.4689,27.0,232.0
37.4743,195.0,236.0
37.4791,-45.0,236.0
37.484,-185.0,238.0
37.4889,33.0,238.0
37.4939,97.0,238.0
37.4999,2.0,238.0
37.5041,59.0,238.0
37.5093,-7.0,238.0
37.5148,-177.0,240.0
37.5189,9.0,238.0
37.5244,187.0,240.0
37.5291,-87.0,242.0
37.5344,-135.0,242.0
37.5393,225.0,242.0
37.5445,87.0,242.0
37.549,-324.0,244.0
37.554,-50.0,244.0
37.5595,332.0,248.0
37.5641,0.0,246.0
37.5692,-276.0,248.0
37.5746,60.0,250.0
37.5794,205.0,250.0
37.5841,-103.0,252.0
37.589,-132.0,252.0
37.5941,100.0,252.0
37.5993,50.0,252.0
37.6039,-47.0,252.0
37.6096,28.0,252.0
37.6142,-33.0,250.0
37.6194,-64.0,252.0
37.6241,112.0,252.0
37.6297,46.0,250.0
37.6347,-171.0,252.0
37.6394,-8.0,250.0
37.6439,206.0,250.0
37.6491,-5.0,248.0
37.6543,-220.0,250.0
37.6599,-12.0,248.0
37.6645,212.0,250.0
37.6689,44.0,252.0
37.6744,-174.0,254.0
37.6791,-73.0,254.0
37.6841,83.0,252.0
37.6889,68.0,250.0
37.694,55.0,248.0
37.6994,21.0,246.0
37.7042,-165.0,246.0
37.7089,-170.0,246.0
37.7139,179.0,248.0
37.7189,231.0,250.0
37.724,-148.0,252.0
37.729,-138.0,254.0
37.7339,161.0,256.0
37.7389,-9.0,256.0
37.7452,-193.0,258.0
37.7491,111.0,256.0
37.7539,142.0,258.0
37.7589,-148.0,256.0
37.7639,44.0,256.0
37.7697,171.0,254.0
37.7742,-276.0,258.0
37.7791,-261.0,260.0
37.784,340.0,266.0
37.789,358.0,270.0
37.7952,-156.0,272.0
37.799,-290.0,276.0
37.8039,-79.0,276.0
37.8089,71.0,276.0
37.814,133.0,276.0
37.8189,70.0,276.0
37.8241,-29.0,272.0
37.8291,-21.0,272.0
37.8339,-66.0,270.0
37.8389,-90.0,272.0
37.8441,105.0,270.0
37.8492,125.0,272.0
37.854,-146.0,274.0
37.8593,-101.0,274.0
37.864,177.0,276.0
37.8689,67.0,276.0
37.8739,-136.0,278.0
37.8789,1.0,276.0
37.8839,55.0,276.0
37.8891,-119.0,278.0
37.894,-42.0,278.0
37.899,192.0,280.0
37.9039,111.0,280.0
37.9089,-134.0,278.0
37.9139,-132.0,278.0
37.9189,27.0,270.0
37.924,32.0,270.0
37.9299,-18.0,264.0
37.9338,86.0,264.0
37.9388,92.0,264.0
37.9442,-93.0,262.0
37.9497,-88.0,264.0
37.9541,19.0,262.0
37.9591,-65.0,260.0
37.9639,11.0,254.0
37.9688,260.0,254.0
37.9743,32.0,248.0
37.9791,-356.0,246.0
37.9839,-59.0,242.0
37.9889,328.0,238.0
37.9938,6.0,236.0
37.9992,-210.0,232.0
38.0039,80.0,232.0
38.0089,7.0,228.0
38.014,-154.0,230.0
38.0193,230.0,234.0
38.0239,212.0,234.0
38.0292,-368.0,238.0
38.034,-226.0,238.0
38.039,342.0,242.0
38.0439,156.0,240.0
38.0492,-251.0,242.0
38.054,-57.0,240.0
38.0591,194.0,242.0
38.0639,35.0,242.0
38.0689,-150.0,244.0
38.0739,-95.0,244.0
38.0788,70.0,244.0
38.0839,140.0,246.0
38.0891,20.0,244.0
38.094,-103.0,244.0
38.0989,-67.0,244.0
38.1039,21.0,242.0
38.1092,67.0,242.0
38.1139,56.0,240.0
38.119,-48.0,240.0
38.124,-114.0,238.0
38.129,19.0,238.0
38.1348,135.0,240.0
38.1389,12.0,240.0
38.1443,-86.0,240.0
38.1491,-31.0,240.0
38.1539,-47.0,238.0
38.1589,19.0,238.0
38.1642,205.0,238.0
38.1688,30.0,238.0
38.1741,-289.0,240.0
38.1789,-100.0,238.0
38.1839,239.0,240.0
38.1889,162.0,238.0
38.1939,-78.0,238.0
38.1989,-197.0,236.0
38.2042,-117.0,238.0
38.209,184.0,236.0
38.214,240.0,240.0
38.2189,-120.0,238.0
38.225,-207.0,240.0
38.229,94.0,240.0
38.2339,71.0,238.0
38.2389,-192.0,242.0
38.2441,5.0,240.0
38.2488,319.0,244.0
38.2543,35.0,246.0
38.2591,-309.0,248.0
38.264,-87.0,248.0
38.2689,155.0,250.0
38.2739,75.0,248.0
38.2788,8.0,248.0
38.2841,-39.0,246.0
38.289,-85.0,248.0
38.2941,35.0,244.0
38.2991,72.0,246.0
38.304,-60.0,242.0
38.3089,6.0,242.0
38.3139,81.0,240.0
38.3191,-131.0,242.0
38.3239,-96.0,242.0
38.3289,256.0,244.0
38.3339,129.0,246.0
38.3389,-308.0,250.0
38.3442,-189.0,250.0
38.3501,263.0,252.0
38.3539,276.0,254.0
38.3597,-156.0,252.0
38.3646,-375.0,256.0
38.369,16.0,254.0
38.3742,408.0,258.0
38.3788,92.0,260.0
38.384,-325.0,262.0
38.3889,-85.0,262.0
38.394,193.0,262.0
38.4,-25.0,260.0
38.4041,-99.0,260.0
38.4089,138.0,260.0
38.4147,45.0,256.0
38.4189,-181.0,256.0
38.4241,10.0,250.0
38.4291,166.0,248.0
38.4339,-101.0,246.0
38.4392,-124.0,244.0
38.445,228.0,246.0
38.4489,74.0,246.0
38.4539,-355.0,250.0
38.4594,-60.0,250.0
38.4639,423.0,256.0
38.469,110.0,258.0
38.4739,-374.0,262.0
38.4789,-181.0,264.0
38.4841,214.0,266.0
38.489,186.0,266.0
38.4941,-30.0,264.0
38.499,-85.0,264.0
38.5039,-57.0,262.0
38.5091,-78.0,262.0
38.5141,-17.0,260.0
38.5189,188.0,264.0
38.524,206.0,266.0
38.5289,-133.0,266.0
38.5339,-323.0,270.0
38.5389,-39.0,268.0
38.544,210.0,270.0
38.549,117.0,270.0
38.5539,28.0,268.0
38.559,3.0,268.0
38.5639,-118.0,268.0
38.5702,-163.0,270.0
38.5741,-18.0,270.0
38.5791,174.0,272.0
38.584,185.0,272.0
38.593,-98.0,272.0
38.5939,-215.0,276.0
38.599,99.0,276.0
38.6041,172.0,278.0
38.6091,-155.0,278.0
38.614,-188.0,280.0
38.6189,115.0,276.0
38.6239,249.0,278.0
38.6292,54.0,274.0
38.634,-234.0,278.0
38.6398,-208.0,278.0
38.6439,127.0,278.0
38.6488,215.0,282.0
38.6544,-74.0,280.0
38.6596,-122.0,280.0
38.6641,181.0,278.0
38.6689,74.0,274.0
38.6742,-353.0,276.0
38.6789,-119.0,272.0
38.6842,397.0,276.0
38.6889,168.0,274.0
38.694,-247.0,278.0
38.699,-114.0,276.0
38.705,20.0,276.0
38.7088,-37.0,274.0
38.7143,128.0,276.0
38.7192,158.0,276.0
38.724,-155.0,276.0
38.7289,-123.0,278.0
38.7339,130.0,278.0
38.7389,-60.0,278.0
38.7442,-129.0,280.0
38.749,269.0,284.0
38.7539,169.0,286.0
38.7589,-377.0,290.0
38.7644,-217.0,292.0
38.7689,328.0,296.0
38.7752,226.0,298.0
38.7792,-186.0,302.0
38.7839,-180.0,302.0
38.7889,65.0,304.0
38.7939,137.0,304.0
38.7989,-5.0,304.0
38.8041,-158.0,304.0
38.809,-35.0,304.0
38.8139,221.0,302.0
38.8188,73.0,302.0
38.8239,-262.0,302.0
38.8289,-62.0,300.0
38.8339,269.0,304.0
38.8391,-34.0,302.0
38.8439,-281.0,304.0
38.849,170.0,304.0
38.8539,295.0,304.0
38.8591,-253.0,306.0
38.8642,-262.0,308.0
38.8689,239.0,310.0
38.8739,171.0,312.0
38.8789,-152.0,310.0
38.8842,-70.0,312.0
38.8889,42.0,308.0
38.894,-24.0,308.0
38.8989,35.0,302.0
38.9039,112.0,304.0
38.9088,-65.0,302.0
38.9139,-120.0,302.0
38.919,104.0,304.0
38.9239,-15.0,304.0
38.9289,-228.0,306.0
38.934,190.0,308.0
38.9389,381.0,314.0
38.944,-244.0,316.0
38.9491,-407.0,322.0
38.9539,191.0,324.0
38.9588,257.0,326.0
38.964,-144.0,326.0
38.969,-72.0,324.0
38.974,106.0,324.0
38.9788,-25.0,320.0
38.9839,-2.0,316.0
38.9888,81.0,314.0
38.9939,-113.0,310.0
38.999,-170.0,312.0
39.004,87.0,306.0
39.0091,214.0,310.0
39.0138,69.0,304.0
39.0189,-101.0,304.0
39.0242,-150.0,302.0
39.029,-91.0,302.0
39.0339,35.0,300.0
39.0389,159.0,302.0
39.0441,146.0,302.0
39.0489,-20.0,300.0
39.0538,-170.0,302.0
39.059,-176.0,302.0
39.0639,-33.0,302.0
39.069,213.0,304.0
39.0739,275.0,306.0
39.0789,-48.0,304.0
39.0839,-306.0,306.0
39.0889,-135.0,308.0
39.0939,94.0,302.0
39.0989,150.0,304.0
39.1041,159.0,300.0
39.1099,6.0,298.0
39.1141,-236.0,296.0
39.1189,-156.0,296.0
39.1239,117.0,294.0
39.1289,125.0,294.0
39.134,2.0,294.0
39.1389,55.0,292.0
39.1439,61.0,292.0
39.1489,-152.0,294.0
39.154,-256.0,298.0
39.159,22.0,296.0
39.1639,329.0,296.0
39.1688,183.0,298.0
39.1741,-159.0,296.0
39.1791,-226.0,298.0
39.184,-77.0,296.0
39.1889,91.0,296.0
39.1939,152.0,298.0
39.1991,12.0,298.0
39.2041,-60.0,296.0
39.209,59.0,296.0
39.2139,-29.0,296.0
39.2189,-226.0,296.0
39.2244,-23.0,294.0
39.2289,290.0,296.0
39.2341,181.0,296.0
39.2389,-157.0,298.0
39.2448,-254.0,298.0
39.2489,-63.0,296.0
39.2541,103.0,296.0
39.2593,183.0,296.0
39.2641,168.0,296.0
39.2689,-149.0,296.0
39.2739,-349.0,298.0
39.2794,59.0,296.0
39.2839,356.0,300.0
39.2898,3.0,296.0
39.2939,-250.0,300.0
39.2989,-23.0,298.0
39.304,123.0,296.0
39.3088,5.0,296.0
39.3139,-38.0,290.0
39.3191,36.0,290.0
39.324,-16.0,284.0
39.3298,-74.0,282.0
39.3339,110.0,280.0
39.3388,89.0,280.0
39.345,-255.0,284.0
39.3489,-89.0,284.0
39.354,366.0,288.0
39.3589,103.0,286.0
39.3639,-363.0,290.0
39.3689,-130.0,290.0
39.3739,240.0,292.0
39.3789,123.0,294.0
39.3839,-67.0,292.0
39.3889,-31.0,288.0
39.3939,-74.0,286.0
39.3988,-134.0,284.0
39.4041,147.0,282.0
39.4089,311.0,282.0
39.414,-158.0,280.0
39.4189,-426.0,284.0
39.4239,129.0,284.0
39.4291,424.0,290.0
39.434,-118.0,288.0
39.4389,-321.0,294.0
39.4441,195.0,294.0
39.4492,222.0,298.0
39.4545,-330.0,300.0
39.4594,-219.0,302.0
39.4642,381.0,304.0
39.4689,280.0,306.0
39.4739,-264.0,306.0
39.4791,-282.0,310.0
39.4841,78.0,308.0
39.4891,171.0,308.0
39.4939,20.0,302.0
39.4991,-34.0,300.0
39.5039,-20.0,296.0
39.5097,-31.0,292.0
39.514,64.0,290.0
39.519,49.0,290.0
39.5241,-244.0,292.0
39.5289,-89.0,292.0
39.5339,455.0,300.0
39.5391,132.0,300.0
39.5443,-537.0,308.0
39.5489,-99.0,308.0
39.554,455.0,314.0
39.559,-9.0,312.0
39.5638,-291.0,316.0
39.569,107.0,314.0
39.5742,130.0,314.0
39.5791,-123.0,310.0
39.5838,-29.0,306.0
39.5888,43.0,300.0
39.5941,15.0,298.0
39.5992,101.0,296.0
39.6041,-39.0,294.0
39.609,-240.0,296.0
39.6138,-3.0,294.0
39.6189,279.0,298.0
39.624,125.0,300.0
39.6293,-179.0,302.0
39.6341,-209.0,304.0
39.6389,5.0,300.0
39.6439,138.0,302.0
39.6489,136.0,300.0
39.654,79.0,300.0
39.6591,-176.0,302.0
39.664,-289.0,304.0
39.6689,121.0,304.0
39.6739,316.0,308.0
39.6789,-48.0,306.0
39.6839,-146.0,306.0
39.6889,33.0,308.0
39.6941,-59.0,306.0
39.6991,-78.0,304.0
39.7039,132.0,306.0
39.7089,114.0,304.0
39.714,-50.0,300.0
39.7203,-66.0,300.0
39.7239,-65.0,296.0
39.7298,-75.0,296.0
39.7339,84.0,296.0
39.7391,232.0,298.0
39.7443,-13.0,294.0
39.7491,-309.0,300.0
39.7539,-38.0,296.0
39.7591,279.0,298.0
39.764,10.0,296.0
39.7702,-169.0,298.0
39.774,58.0,298.0
39.779,9.0,298.0
39.7839,-103.0,298.0
39.7888,147.0,298.0
39.7939,91.0,296.0
39.7991,-233.0,298.0
39.8041,-40.0,294.0
39.8089,226.0,294.0
39.8138,-3.0,292.0
39.8189,-160.0,292.0
39.8244,20.0,290.0
39.829,72.0,290.0
39.834,-38.0,288.0
39.839,7.0,288.0
39.8439,88.0,288.0
39.849,-37.0,288.0
39.8539,-138.0,290.0
39.859,-21.0,288.0
39.864,118.0,288.0
39.8689,143.0,286.0
39.8739,-23.0,284.0
39.8789,-250.0,286.0
39.8839,-75.0,282.0
39.8891,278.0,286.0
39.894,96.0,286.0
39.9,-226.0,286.0
39.9038,-1.0,284.0
39.9089,168.0,284.0
39.9141,-150.0,280.0
39.9189,-175.0,282.0
39.9241,235.0,280.0
39.9289,215.0,284.0
39.9342,-186.0,284.0
39.9389,-184.0,286.0
39.9444,67.0,284.0
39.9501,45.0,286.0
39.9538,0.0,284.0
39.9589,127.0,286.0
39.964,61.0,286.0
39.9689,-202.0,288.0
39.975,-194.0,290.0
39.9791,112.0,290.0
39.9839,250.0,290.0
39.9889,67.0,290.0
39.9938,-166.0,288.0
39.999,-190.0,288.0
40.004,33.0,284.0
40.0091,171.0,284.0
40.0139,25.0,280.0
40.0189,-20.0,278.0
40.024,6.0,278.0
40.0292,-194.0,280.0
40.0341,-42.0,280.0
40.0388,366.0,284.0
40.0439,18.0,282.0
40.0491,-414.0,284.0
40.0539,7.0,280.0
40.059,343.0,280.0
40.0638,35.0,278.0
40.0699,-209.0,274.0
40.074,-124.0,274.0
40.0789,76.0,272.0
40.084,185.0,270.0
40.089,3.0,268.0
40.0939,-183.0,266.0
40.0989,-13.0,262.0
40.1039,131.0,258.0
40.1089,-31.0,254.0
40.1139,-78.0,252.0
40.1189,80.0,248.0
40.1238,67.0,248.0
40.1288,-68.0,246.0
40.1339,-74.0,248.0
40.1388,1.0,246.0
40.144,41.0,246.0
40.149,30.0,246.0
40.1539,25.0,246.0
40.1589,16.0,246.0
40.1638,-62.0,242.0
40.1689,-61.0,242.0
40.1739,70.0,236.0
40.179,21.0,234.0
40.1839,-121.0,228.0
40.1888,46.0,228.0
40.1939,213.0,224.0
40.1989,-43.0,224.0
40.204,-239.0,224.0
40.2089,2.0,222.0
40.2148,161.0,222.0
40.2189,-22.0,220.0
40.2241,-67.0,222.0
40.2298,98.0,222.0
40.234,30.0,222.0
40.2393,-144.0,224.0
40.2439,-36.0,222.0
40.2499,104.0,220.0
40.2541,52.0,222.0
40.2591,-6.0,218.0
40.2639,-63.0,216.0
40.269,-84.0,214.0
40.2739,62.0,212.0
40.2788,114.0,214.0
40.2839,-52.0,212.0
40.289,-81.0,212.0
40.2939,48.0,212.0
40.299,19.0,210.0
40.3039,-59.0,206.0
40.3088,18.0,204.0
40.3148,85.0,200.0
40.3188,-6.0,200.0
40.324,-132.0,200.0
40.3288,-48.0,200.0
40.3339,182.0,202.0
40.3397,112.0,202.0
40.3441,-179.0,202.0
40.3492,-142.0,204.0
40.3539,93.0,204.0
40.3589,106.0,204.0
40.3649,23.0,204.0
40.3691,-32.0,204.0
40.3753,-109.0,204.0
40.3796,-51.0,200.0
40.384,154.0,204.0
40.39,158.0,200.0
40.3944,-144.0,202.0
40.3989,-261.0,202.0
40.4041,55.0,202.0
40.4089,258.0,204.0
40.4139,67.0,204.0
40.4189,-114.0,206.0
40.4238,-107.0,206.0
40.429,-70.0,204.0
40.4339,0.0,204.0
40.439,159.0,202.0
40.4439,170.0,204.0
40.4489,-126.0,202.0
40.4539,-259.0,206.0
40.4592,78.0,206.0
40.4642,230.0,208.0
40.4689,-87.0,208.0
40.4748,-163.0,210.0
40.4789,93.0,212.0
40.4839,103.0,212.0
40.4891,-29.0,212.0
40.4939,-33.0,210.0
40.4989,-53.0,212.0
40.504,-33.0,210.0
40.5088,75.0,208.0
40.5138,46.0,210.0
40.519,-52.0,206.0
40.5238,24.0,206.0
40.5288,29.0,202.0
40.5339,-141.0,202.0
40.5388,4.0,198.0
40.5441,226.0,202.0
40.5489,-54.0,200.0
40.5539,-245.0,202.0
40.5589,75.0,200.0
40.5639,219.0,200.0
40.569,-67.0,198.0
40.5742,-189.0,198.0
40.579,70.0,196.0
40.5839,171.0,198.0
40.5889,-71.0,198.0
40.594,-125.0,200.0
40.5989,18.0,198.0
40.6041,28.0,198.0
40.6089,70.0,196.0
40.6139,56.0,194.0
40.6189,-139.0,194.0
40.6247,-70.0,192.0
40.6293,186.0,194.0
40.6341,60.0,192.0
40.639,-227.0,192.0
40.6439,-109.0,194.0
40.6491,212.0,194.0
40.6539,187.0,196.0
40.6593,-103.0,198.0
40.6641,-180.0,200.0
40.6689,-33.0,198.0
40.6739,55.0,198.0
40.679,139.0,194.0
40.6839,115.0,196.0
40.6889,-205.0,192.0
40.6943,-241.0,196.0
40.6989,212.0,194.0
40.7039,224.0,198.0
40.709,-160.0,196.0
40.7139,-46.0,196.0
40.719,117.0,196.0
40.724,-159.0,196.0
40.7289,-112.0,198.0
40.7338,244.0,198.0
40.7398,101.0,200.0
40.7439,-217.0,200.0
40.749,-64.0,202.0
40.7538,165.0,202.0
40.7589,13.0,202.0
40.7638,-114.0,202.0
40.769,69.0,202.0
40.7742,49.0,202.0
40.7791,-177.0,204.0
40.7838,10.0,204.0
40.7893,219.0,208.0
40.7939,-37.0,208.0
40.7989,-133.0,210.0
40.804,51.0,210.0
40.809,-16.0,208.0
40.8139,-103.0,208.0
40.8198,74.0,210.0
40.8241,184.0,210.0
40.829,50.0,210.0
40.8341,-198.0,210.0
40.8391,-237.0,214.0
40.8439,90.0,212.0
40.8489,250.0,216.0
40.854,35.0,214.0
40.8594,-60.0,214.0
40.8641,-55.0,214.0
40.8689,-119.0,214.0
40.8739,1.0,214.0
40.8788,136.0,214.0
40.8841,17.0,214.0
40.8889,-59.0,212.0
40.894,3.0,212.0
40.8989,0.0,212.0
40.9039,16.0,210.0
40.9089,33.0,210.0
40.9141,-73.0,210.0
40.919,-50.0,210.0
40.924,69.0,210.0
40.9289,-13.0,208.0
40.9338,17.0,208.0
40.9389,169.0,210.0
40.9441,-86.0,210.0
40.949,-295.0,214.0
40.9539,72.0,214.0
40.959,284.0,220.0
40.9639,-29.0,218.0
40.9691,-173.0,220.0
40.9741,44.0,218.0
40.9791,64.0,216.0
40.9839,-141.0,216.0
40.9901,-11.0,214.0
40.9939,268.0,216.0
40.9991,15.0,216.0
41.0042,-342.0,220.0
41.0091,-29.0,220.0
41.014,318.0,224.0
41.0188,4.0,222.0
41.0238,-232.0,224.0
41.0292,58.0,222.0
41.0341,154.0,222.0
41.039,-107.0,220.0
41.0439,-131.0,222.0
41.0488,116.0,220.0
41.0539,157.0,220.0
41.0594,-78.0,220.0
41.064,-182.0,222.0
41.0689,-21.0,220.0
41.0739,133.0,222.0
41.0789,149.0,222.0
41.0839,6.0,220.0
41.089,-211.0,220.0
41.0949,-149.0,220.0
41.0989,157.0,220.0
41.1049,195.0,220.0
41.1102,-39.0,220.0
41.1145,-130.0,218.0
41.1191,-53.0,218.0
41.1239,26.0,216.0
41.1289,73.0,218.0
41.1339,39.0,218.0
41.1389,-10.0,216.0
41.1443,-35.0,218.0
41.1491,-109.0,218.0
41.1539,-3.0,216.0
41.1589,210.0,220.0
41.164,30.0,220.0
41.169,-233.0,222.0
41.1741,-21.0,220.0
41.1791,184.0,224.0
41.1839,-21.0,220.0
41.1889,-104.0,222.0
41.1939,77.0,218.0
41.199,14.0,218.0
41.2047,-108.0,216.0
41.209,117.0,216.0
41.2139,108.0,216.0
41.2189,-293.0,218.0
41.224,-107.0,218.0
41.229,397.0,222.0
41.234,96.0,222.0
41.2391,-331.0,228.0
41.2439,-42.0,228.0
41.2488,180.0,230.0
41.2539,-19.0,228.0
41.2593,-100.0,228.0
41.2641,18.0,228.0
41.2689,107.0,226.0
41.2738,27.0,226.0
41.2789,-115.0,224.0
41.284,-39.0,222.0
41.2891,97.0,220.0
41.2941,18.0,218.0
41.2991,-79.0,218.0
41.304,-28.0,216.0
41.309,36.0,216.0
41.3139,48.0,216.0
41.319,59.0,214.0
41.3241,-1.0,212.0
41.3289,-141.0,212.0
41.3338,-92.0,210.0
41.339,127.0,208.0
41.3441,109.0,206.0
41.349,-57.0,204.0
41.3538,-4.0,204.0
41.3588,41.0,202.0
41.3639,-98.0,202.0
41.3691,-95.0,202.0
41.374,56.0,198.0
41.3788,111.0,198.0
41.3838,97.0,196.0
41.3888,-8.0,196.0
41.3949,-200.0,196.0
41.3995,-142.0,198.0
41.4043,166.0,200.0
41.41,206.0,202.0
41.4139,-64.0,202.0
41.4192,-144.0,200.0
41.4241,-2.0,200.0
41.4296,14.0,198.0
41.4358,11.0,198.0
41.4394,122.0,198.0
41.4441,0.0,196.0
41.4493,-206.0,200.0
41.454,-9.0,198.0
41.4601,169.0,200.0
41.4644,-7.0,196.0
41.4695,-23.0,196.0
41.4741,67.0,194.0
41.4791,-104.0,192.0
41.4845,-127.0,192.0
41.4897,146.0,190.0
41.494,119.0,192.0
41.5002,-174.0,194.0
41.5038,-58.0,194.0
41.5089,269.0,196.0
41.514,26.0,196.0
41.5189,-364.0,200.0
41.5239,-62.0,202.0
41.5293,311.0,204.0
41.5344,103.0,206.0
41.5392,-80.0,208.0
41.5446,-62.0,208.0
41.5495,-184.0,210.0
41.5542,-65.0,210.0
41.5598,322.0,216.0
41.5649,216.0,218.0
41.5691,-267.0,222.0
41.5744,-286.0,226.0
41.5799,70.0,224.0
41.584,192.0,226.0
41.5894,109.0,222.0
41.5942,15.0,222.0
41.599,-126.0,220.0
41.6045,-166.0,222.0
41.6088,-6.0,218.0
41.6142,153.0,220.0
41.6191,144.0,222.0
41.6239,-44.0,220.0
41.6292,-166.0,222.0
41.6344,-5.0,218.0
41.6402,93.0,220.0
41.6438,-64.0,216.0
41.6491,-51.0,216.0
41.6541,166.0,214.0
41.6595,116.0,216.0
41.6645,-185.0,214.0
41.6688,-220.0,216.0
41.6743,108.0,216.0
41.679,250.0,218.0
41.684,-6.0,216.0
41.6896,-172.0,218.0
41.6938,-44.0,216.0
41.6993,29.0,214.0
41.704,14.0,212.0
41.7096,111.0,214.0
41.7142,74.0,212.0
41.7193,-219.0,214.0
41.7239,-167.0,216.0
41.7289,269.0,218.0
41.7341,201.0,218.0
41.7388,-237.0,220.0
41.7447,-137.0,218.0
41.7489,157.0,220.0
41.754,13.0,218.0
41.7594,-110.0,220.0
41.7641,77.0,220.0
41.7694,106.0,220.0
41.7744,-99.0,222.0
41.779,-79.0,222.0
41.7841,128.0,224.0
41.789,29.0,222.0
41.7939,-218.0,226.0
41.7994,-41.0,224.0
41.8039,274.0,228.0
41.8091,111.0,226.0
41.8141,-185.0,228.0
41.819,-122.0,228.0
41.8241,18.0,228.0
41.8288,38.0,226.0
41.8338,88.0,226.0
41.8394,47.0,226.0
41.8438,-109.0,226.0
41.8491,-73.0,226.0
41.8541,101.0,226.0
41.8594,56.0,222.0
41.8658,-93.0,222.0
41.8688,-19.0,216.0
41.8742,78.0,216.0
41.8795,-15.0,210.0
41.8842,-57.0,212.0
41.89,8.0,208.0
41.8939,19.0,208.0
41.8992,32.0,208.0
41.9041,43.0,208.0
41.9091,-40.0,206.0
41.9141,-88.0,208.0
41.9192,-10.0,206.0
41.9243,75.0,206.0
41.9293,67.0,206.0
41.9339,-41.0,206.0
41.9391,-107.0,206.0
41.9445,56.0,208.0
41.9494,164.0,210.0
41.9538,-105.0,210.0
41.9597,-229.0,212.0
41.9641,101.0,214.0
41.9692,240.0,216.0
41.9745,-1.0,214.0
41.9796,-170.0,216.0
41.9838,-128.0,216.0
41.989,48.0,216.0
41.9939,164.0,218.0
41.9989,55.0,218.0
42.0046,-54.0,218.0
42.0088,-63.0,216.0
42.0139,-112.0,218.0
42.0194,-43.0,216.0
42.0241,149.0,218.0
42.0288,145.0,220.0
42.0339,13.0,216.0
42.0398,-80.0,216.0
42.044,-178.0,216.0
42.049,-100.0,214.0
42.054,134.0,216.0
42.0598,163.0,216.0
42.0643,11.0,216.0
42.0693,-63.0,216.0
42.0751,-50.0,218.0
42.0795,-4.0,216.0
42.0841,9.0,216.0
42.0895,-32.0,212.0
42.0942,-22.0,214.0
42.1008,54.0,212.0
42.1038,82.0,212.0
42.1092,-14.0,212.0
42.1143,-119.0,214.0
42.1193,21.0,212.0
42.1246,171.0,212.0
42.1289,-112.0,212.0
42.1341,-291.0,214.0
42.1388,152.0,214.0
42.1444,384.0,220.0
42.1488,-59.0,216.0
42.1543,-295.0,220.0
42.1594,-35.0,216.0
42.164,50.0,214.0
42.1694,-14.0,210.0
42.1741,153.0,212.0
42.1796,151.0,212.0
42.1838,-213.0,214.0
42.1892,-224.0,216.0
42.1942,240.0,218.0
42.1991,208.0,216.0
42.2039,-351.0,218.0
42.2096,-198.0,218.0
42.2141,485.0,220.0
42.219,241.0,222.0
42.2243,-493.0,228.0
42.2292,-267.0,230.0
42.2345,345.0,236.0
42.2389,183.0,236.0
42.2439,-182.0,236.0
42.2488,-1.0,236.0
42.2541,155.0,236.0
42.2594,-152.0,236.0
42.2645,-243.0,240.0
42.2688,166.0,240.0
42.2744,283.0,244.0
42.279,-59.0,244.0
42.2841,-154.0,244.0
42.2896,-49.0,244.0
42.2938,-98.0,244.0
42.2995,63.0,242.0
42.3041,307.0,244.0
42.309,-8.0,242.0
42.3142,-351.0,246.0
42.3193,-20.0,242.0
42.3238,250.0,246.0
42.3304,-6.0,242.0
42.3343,-108.0,244.0
42.339,49.0,244.0
42.3439,36.0,244.0
42.3488,-73.0,244.0
42.3539,-78.0,244.0
42.3598,62.0,242.0
42.3638,155.0,242.0
42.3691,-24.0,238.0
42.3757,-158.0,236.0
42.3793,14.0,234.0
42.3839,84.0,232.0
42.3888,-52.0,230.0
42.394,-6.0,230.0
42.3992,71.0,230.0
42.405,-34.0,230.0
42.4089,-41.0,228.0
42.4138,21.0,228.0
42.4189,29.0,226.0
42.4238,72.0,226.0
42.429,-58.0,226.0
42.4348,-210.0,226.0
42.4389,61.0,226.0
42.4439,264.0,226.0
42.4489,-28.0,224.0
42.4539,-178.0,224.0
42.459,17.0,224.0
42.4639,52.0,224.0
42.4688,-25.0,224.0
42.4738,7.0,222.0
42.4788,-2.0,222.0
42.4844,-10.0,220.0
42.4888,59.0,220.0
42.494,6.0,218.0
42.4989,-90.0,218.0
42.5038,-20.0,218.0
42.5092,105.0,218.0
42.5141,99.0,220.0
42.5191,-140.0,222.0
42.5241,-279.0,224.0
42.5289,127.0,226.0
42.5339,444.0,234.0
42.539,-2.0,232.0
42.5439,-408.0,238.0
42.5489,-127.0,240.0
42.5538,169.0,242.0
42.5589,105.0,242.0
42.5638,71.0,242.0
42.5688,60.0,242.0
42.5741,-148.0,244.0
42.5792,-210.0,246.0
42.5838,80.0,246.0
42.5895,240.0,248.0
42.5949,52.0,246.0
42.5994,-177.0,246.0
42.604,-245.0,248.0
42.609,38.0,244.0
42.6139,428.0,252.0
42.6188,162.0,252.0
42.6242,-408.0,256.0
42.6289,-268.0,260.0
42.634,149.0,258.0
42.6389,129.0,260.0
42.6438,104.0,260.0
42.6489,135.0,262.0
42.6541,-124.0,262.0
42.6591,-236.0,266.0
42.6639,-24.0,264.0
42.6688,90.0,262.0
42.6738,95.0,264.0
42.6788,75.0,264.0
42.6838,-1.0,260.0
42.6888,-30.0,260.0
42.6938,-88.0,258.0
42.6994,-150.0,258.0
42.7038,31.0,258.0
42.7088,221.0,262.0
42.7139,61.0,262.0
42.7189,-81.0,262.0
42.7239,8.0,262.0
42.7288,-143.0,264.0
42.734,-248.0,268.0
42.739,289.0,272.0
42.7439,474.0,278.0
42.7489,-326.0,282.0
42.754,-532.0,290.0
42.7589,325.0,294.0
42.764,431.0,298.0
42.7689,-322.0,302.0
42.7742,-268.0,300.0
42.7789,288.0,304.0
42.7838,114.0,298.0
42.7888,-211.0,302.0
42.7939,-14.0,296.0
42.7989,128.0,298.0
42.8038,4.0,298.0
42.8089,-63.0,298.0
42.8139,-76.0,298.0
42.8188,-19.0,296.0
42.8238,144.0,294.0
42.8288,138.0,292.0
42.8338,-113.0,290.0
42.8399,-245.0,292.0
42.844,-11.0,286.0
42.8488,267.0,288.0
42.8538,133.0,282.0
42.8593,-203.0,280.0
42.864,-172.0,276.0
42.869,146.0,274.0
42.8739,143.0,270.0
42.879,-170.0,270.0
42.8841,-116.0,270.0
42.8892,251.0,274.0
42.8939,114.0,272.0
42.899,-304.0,276.0
42.9042,-77.0,272.0
42.9133,290.0,274.0
42.9145,-46.0,270.0
42.9197,-259.0,274.0
42.924,201.0,274.0
42.9289,273.0,278.0
42.9382,-259.0,280.0
42.9396,-307.0,284.0
42.9444,189.0,282.0
42.9489,278.0,286.0
42.9539,-110.0,284.0
42.9589,-176.0,286.0
42.9639,117.0,284.0
42.9689,73.0,284.0
42.9741,-158.0,286.0
42.9789,9.0,284.0
42.9838,143.0,286.0
42.9889,-125.0,288.0
42.9939,-106.0,288.0
42.999,245.0,290.0
43.004,121.0,290.0
43.0088,-251.0,294.0
43.0138,-150.0,294.0
43.0189,125.0,296.0
43.0239,103.0,296.0
43.0289,16.0,294.0
43.0339,33.0,296.0
43.039,-47.0,294.0
43.0441,-165.0,296.0
43.0489,-60.0,298.0
43.0539,149.0,300.0
43.0591,199.0,302.0
43.0639,34.0,302.0
43.0689,-209.0,304.0
43.074,-218.0,304.0
43.0788,64.0,304.0
43.084,243.0,304.0
43.089,104.0,304.0
43.094,-128.0,304.0
43.099,-180.0,306.0
43.1038,-2.0,306.0
43.109,155.0,308.0
43.1149,87.0,310.0
43.119,-69.0,310.0
43.1241,-127.0,312.0
43.1288,-28.0,312.0
43.1341,125.0,314.0
43.139,86.0,314.0
43.144,-89.0,314.0
43.1493,-77.0,314.0
43.1539,51.0,314.0
43.1588,19.0,312.0
43.165,-35.0,308.0
43.1688,52.0,306.0
43.1741,29.0,300.0
43.1791,-114.0,302.0
43.1838,4.0,296.0
43.1888,153.0,296.0
43.1939,-88.0,294.0
43.199,-160.0,296.0
43.204,189.0,298.0
43.2091,132.0,298.0
43.2138,-226.0,300.0
43.2189,-83.0,298.0
43.224,144.0,298.0
43.2292,23.0,294.0
43.234,12.0,294.0
43.2389,25.0,292.0
43.2441,-154.0,290.0
43.2489,-31.0,290.0
43.2541,251.0,288.0
43.2589,-9.0,286.0
43.264,-312.0,284.0
43.2689,55.0,280.0
43.2739,303.0,282.0
43.2789,-86.0,282.0
43.2839,-176.0,284.0
43.2891,154.0,284.0
43.294,-20.0,282.0
43.2998,-283.0,282.0
43.3038,157.0,284.0
43.3089,369.0,290.0
43.314,-181.0,290.0
43.3191,-295.0,294.0
43.3239,154.0,296.0
43.3288,101.0,298.0
43.3346,-136.0,298.0
43.3389,67.0,296.0
43.3441,99.0,298.0
43.3489,-142.0,296.0
43.3538,1.0,296.0
43.3588,174.0,298.0
43.3638,-146.0,300.0
43.3689,-227.0,300.0
43.3739,264.0,300.0
43.3789,275.0,300.0
43.3839,-291.0,298.0
43.3895,-245.0,296.0
43.3938,214.0,292.0
43.3996,122.0,288.0
43.4041,-88.0,284.0
43.4089,35.0,278.0
43.4138,-14.0,274.0
43.4189,-154.0,272.0
43.4238,62.0,272.0
43.4291,186.0,272.0
43.4341,-79.0,272.0
43.439,-132.0,272.0
43.4442,108.0,274.0
43.4496,61.0,274.0
43.4546,-157.0,276.0
43.4593,-47.0,276.0
43.464,174.0,276.0
43.4691,77.0,276.0
43.4739,-119.0,276.0
43.4793,-84.0,272.0
43.4845,9.0,272.0
43.489,29.0,270.0
43.4939,100.0,268.0
43.499,60.0,266.0
43.5045,-171.0,266.0
43.5088,-119.0,266.0
43.514,199.0,266.0
43.5189,124.0,266.0
43.524,-171.0,266.0
43.5289,-93.0,264.0
43.5339,94.0,264.0
43.5399,47.0,260.0
43.5441,-35.0,260.0
43.5489,-15.0,256.0
43.554,54.0,256.0
43.5588,2.0,252.0
43.5638,-138.0,250.0
43.5689,17.0,246.0
43.5743,228.0,246.0
43.5789,-51.0,242.0
43.5839,-281.0,244.0
43.5888,87.0,240.0
43.5939,299.0,244.0
43.599,-125.0,242.0
43.604,-290.0,246.0
43.6089,167.0,246.0
43.6138,235.0,248.0
43.6188,-191.0,250.0
43.6239,-134.0,250.0
43.6289,181.0,252.0
43.634,28.0,250.0
43.6392,-160.0,248.0
43.6438,25.0,248.0
43.649,182.0,246.0
43.6539,-9.0,244.0
43.6592,-260.0,246.0
43.6641,-46.0,246.0
43.6689,325.0,250.0
43.6739,71.0,250.0
43.6789,-297.0,254.0
43.6839,-17.0,252.0
43.689,167.0,254.0
43.694,-86.0,252.0
43.6991,-19.0,250.0
43.7038,169.0,252.0
43.709,-56.0,250.0
43.7139,-176.0,250.0
43.719,62.0,250.0
43.7247,112.0,248.0
43.7295,-63.0,246.0
43.7338,-27.0,244.0
43.739,71.0,244.0
43.744,-38.0,244.0
43.749,-50.0,242.0
43.7539,57.0,242.0
43.7591,18.0,240.0
43.7638,-16.0,240.0
43.769,-21.0,240.0
43.774,-62.0,238.0
43.7788,36.0,238.0
43.7838,114.0,238.0
43.789,-21.0,236.0
43.7948,-70.0,238.0
43.7988,14.0,236.0
43.804,-56.0,238.0
43.809,-72.0,238.0
43.8139,158.0,240.0
43.8188,150.0,240.0
43.8238,-168.0,242.0
43.8291,-165.0,242.0
43.8339,128.0,244.0
43.839,119.0,242.0
43.8439,-80.0,242.0
43.8488,-61.0,240.0
43.854,20.0,236.0
43.859,-1.0,236.0
43.864,37.0,234.0
43.8688,64.0,234.0
43.8738,-56.0,236.0
43.8788,-88.0,236.0
43.8845,32.0,234.0
43.889,35.0,234.0
43.8939,12.0,230.0
43.8988,87.0,232.0
43.9038,-73.0,228.0
43.9088,-207.0,230.0
43.9139,151.0,228.0
43.9191,235.0,230.0
43.9241,-237.0,232.0
43.9293,-171.0,232.0
43.9338,311.0,236.0
43.939,90.0,234.0
43.9442,-338.0,236.0
43.9488,-53.0,232.0
43.9538,299.0,232.0
43.9589,86.0,230.0
43.9638,-179.0,230.0
43.9688,-166.0,232.0
43.9742,-31.0,230.0
43.979,185.0,232.0
43.9838,244.0,234.0
43.989,-75.0,232.0
43.9939,-260.0,236.0
43.9989,-31.0,234.0
44.0039,40.0,232.0
44.0091,-37.0,230.0
44.0138,165.0,228.0
44.0188,223.0,228.0
44.0238,-145.0,226.0
44.0289,-317.0,226.0
44.0339,-8.0,224.0
44.0388,238.0,224.0
44.0438,83.0,224.0
44.0488,-84.0,226.0
44.0538,-9.0,226.0
44.0589,-53.0,224.0
44.064,-146.0,226.0
44.0689,183.0,226.0
44.0739,282.0,228.0
44.0789,-342.0,232.0
44.084,-355.0,236.0
44.0894,490.0,242.0
44.0941,380.0,246.0
44.0996,-539.0,254.0
44.1038,-358.0,256.0
44.109,467.0,262.0
44.1139,265.0,264.0
44.1191,-342.0,268.0
44.1241,-133.0,270.0
44.1288,220.0,274.0
44.1339,25.0,272.0
44.1388,-101.0,272.0
44.144,39.0,270.0
44.1492,9.0,270.0
44.1539,-63.0,268.0
44.1589,-14.0,266.0
44.1639,33.0,264.0
44.1688,97.0,264.0
44.1748,33.0,262.0
44.179,-122.0,264.0
44.1838,-53.0,264.0
44.1888,32.0,264.0
44.1939,-55.0,264.0
44.199,41.0,264.0
44.2039,228.0,266.0
44.2088,22.0,266.0
44.2138,-274.0,266.0
44.2188,-131.0,268.0
44.2238,116.0,266.0
44.2291,100.0,266.0
44.234,80.0,262.0
44.2388,57.0,262.0
44.2438,-138.0,258.0
44.2488,-156.0,258.0
44.2539,87.0,256.0
44.259,107.0,256.0
44.2639,-78.0,254.0
44.2688,-34.0,252.0
44.2738,147.0,254.0
44.2791,81.0,252.0
44.2839,-157.0,254.0
44.2889,-172.0,254.0
44.294,17.0,254.0
44.2989,110.0,252.0
44.3052,142.0,254.0
44.3088,112.0,250.0
44.3139,-126.0,252.0
44.3189,-268.0,250.0
44.3239,-78.0,252.0
44.3288,180.0,252.0
44.3338,297.0,256.0
44.3388,72.0,256.0
44.3449,-359.0,260.0
44.3489,-266.0,262.0
44.3538,260.0,264.0
44.3588,266.0,266.0
44.3638,-148.0,268.0
44.3689,-137.0,268.0
44.3752,161.0,270.0
44.3788,36.0,270.0
44.3838,-262.0,274.0
44.39,-10.0,272.0
44.3938,290.0,276.0
44.3988,-35.0,276.0
44.4039,-203.0,280.0
44.4088,132.0,282.0
44.4138,141.0,282.0
44.4189,-170.0,284.0
44.4239,-200.0,286.0
44.43,74.0,288.0
44.4338,299.0,290.0
44.4388,96.0,292.0
44.4448,-320.0,296.0
44.4488,-225.0,298.0
44.454,233.0,300.0
44.4593,186.0,300.0
44.464,-99.0,300.0
44.4689,58.0,298.0
44.474,33.0,296.0
44.4792,-357.0,300.0
44.4842,-68.0,300.0
44.4889,489.0,306.0
44.4938,72.0,306.0
44.4988,-400.0,314.0
44.5038,86.0,314.0
44.5089,227.0,316.0
44.5141,-330.0,320.0
44.5188,-108.0,322.0
44.5239,462.0,328.0
44.5289,46.0,328.0
44.5338,-415.0,334.0
44.5399,-23.0,334.0
44.544,257.0,336.0
44.5488,83.0,334.0
44.5538,-42.0,332.0
44.5588,-189.0,332.0
44.5651,-177.0,330.0
44.5689,206.0,332.0
44.5739,312.0,332.0
44.5791,-116.0,332.0
44.5838,-317.0,332.0
44.5893,31.0,332.0
44.5966,229.0,330.0
44.5989,-9.0,328.0
44.6038,-115.0,328.0
44.6091,22.0,326.0
44.6138,61.0,326.0
44.6189,-17.0,324.0
44.6239,-107.0,322.0
44.6288,-33.0,320.0
44.6338,184.0,320.0
44.6389,70.0,320.0
44.6438,-218.0,322.0
44.6488,-9.0,322.0
44.6538,226.0,324.0
44.6592,-113.0,322.0
44.6641,-238.0,324.0
44.6688,176.0,320.0
44.6738,227.0,324.0
44.6788,-128.0,322.0
44.6839,-158.0,324.0
44.6891,33.0,322.0
44.6939,48.0,324.0
44.6988,0.0,322.0
44.7038,11.0,320.0
44.7088,56.0,318.0
44.7148,59.0,316.0
44.7188,-110.0,312.0
44.724,-192.0,308.0
44.7288,66.0,302.0
44.7338,211.0,300.0
44.7393,24.0,292.0
44.7439,-50.0,286.0
44.749,-45.0,280.0
44.7539,-161.0,278.0
44.7588,-14.0,274.0
44.7639,250.0,276.0
44.7689,45.0,272.0
44.7749,-194.0,276.0
44.779,14.0,274.0
44.7838,112.0,276.0
44.7888,-89.0,276.0
44.7939,-78.0,276.0
44.8002,88.0,278.0
44.8039,61.0,278.0
44.8089,-28.0,278.0
44.8139,-23.0,276.0
44.8189,-21.0,276.0
44.8239,-26.0,274.0
44.829,38.0,274.0
44.8339,48.0,274.0
44.8398,-64.0,276.0
44.8438,-8.0,272.0
44.8488,140.0,274.0
44.8539,-63.0,270.0
44.8593,-238.0,272.0
44.864,95.0,272.0
44.8688,265.0,274.0
44.874,-56.0,274.0
44.8788,-149.0,276.0
44.8847,7.0,274.0
44.889,-74.0,272.0
44.894,-35.0,272.0
44.899,244.0,274.0
44.9038,136.0,274.0
44.909,-201.0,276.0
44.9141,-189.0,278.0
44.9188,-53.0,278.0
44.9239,86.0,276.0
44.9288,318.0,278.0
44.9338,108.0,280.0
44.9391,-367.0,284.0
44.9438,-173.0,284.0
44.9489,213.0,286.0
44.9539,-32.0,284.0
44.9588,-108.0,282.0
44.9638,356.0,286.0
44.969,207.0,286.0
44.9741,-498.0,290.0
44.979,-364.0,294.0
44.9838,358.0,294.0
44.9889,363.0,296.0
44.9938,-97.0,294.0
44.9988,-180.0,292.0
45.004,-69.0,290.0
45.009,-59.0,290.0
45.0138,23.0,288.0
45.0188,209.0,290.0
45.0238,184.0,288.0
45.0289,-192.0,292.0
45.0341,-345.0,292.0
45.0388,90.0,294.0
45.0449,318.0,296.0
45.0488,-68.0,294.0
45.054,-182.0,294.0
45.0591,137.0,294.0
45.0641,42.0,292.0
45.0688,-174.0,294.0
45.074,137.0,290.0
45.0788,187.0,292.0
45.084,-368.0,292.0
45.089,-282.0,294.0
45.0938,520.0,298.0
45.0988,410.0,302.0
45.1038,-477.0,308.0
45.1088,-392.0,312.0
45.1138,314.0,318.0
45.1188,202.0,314.0
45.1239,-199.0,316.0
45.1288,-27.0,310.0
45.1338,171.0,312.0
45.1389,-8.0,306.0
45.1441,-137.0,306.0
45.1488,-25.0,302.0
45.1538,65.0,298.0
45.1588,27.0,298.0
45.1638,-26.0,290.0
45.1689,5.0,290.0
45.1738,67.0,284.0
45.1788,-38.0,284.0
45.1839,-126.0,282.0
45.1888,55.0,282.0
45.1938,93.0,284.0
45.1994,-73.0,282.0
45.2039,84.0,280.0
45.2088,124.0,278.0
45.215,-342.0,278.0
45.2189,-200.0,280.0
45.2238,518.0,284.0
45.2289,220.0,286.0
45.2339,-452.0,290.0
45.2391,-61.0,290.0
45.2438,153.0,292.0
45.249,-315.0,296.0
45.2538,136.0,298.0
45.2593,747.0,308.0
45.2641,-198.0,310.0
45.2689,-967.0,324.0
45.2745,59.0,322.0
45.2788,833.0,334.0
45.284,119.0,332.0
45.2889,-404.0,340.0
45.2939,-188.0,338.0
45.299,-106.0,338.0
45.3038,57.0,336.0
45.3093,427.0,340.0
45.3146,190.0,338.0
45.319,-398.0,344.0
45.3239,-316.0,346.0
45.3288,123.0,346.0
45.3339,175.0,348.0
45.3388,146.0,352.0
45.3438,145.0,354.0
45.3488,-249.0,356.0
45.3541,-411.0,362.0
45.3588,194.0,364.0
45.3638,447.0,368.0
45.3688,-62.0,368.0
45.3739,-272.0,368.0
45.3789,-74.0,368.0
45.3838,21.0,368.0
45.389,152.0,370.0
45.3939,197.0,370.0
45.3988,-129.0,372.0
45.4041,-328.0,374.0
45.4089,10.0,374.0
45.4138,321.0,376.0
45.4188,120.0,376.0
45.4239,-140.0,378.0
45.4294,-141.0,378.0
45.4339,-136.0,378.0
45.4395,53.0,378.0
45.4438,343.0,382.0
45.4487,8.0,382.0
45.4539,-412.0,388.0
45.4591,-25.0,388.0
45.464,415.0,394.0
45.4688,125.0,396.0
45.474,-378.0,402.0
45.4788,-321.0,406.0
45.484,258.0,410.0
45.489,423.0,414.0
45.494,-126.0,414.0
45.499,-302.0,416.0
45.5038,156.0,416.0
45.5089,75.0,414.0
45.514,-368.0,418.0
45.5189,55.0,416.0
45.5247,576.0,426.0
45.5288,-50.0,426.0
45.5338,-621.0,434.0
45.5389,11.0,430.0
45.5439,500.0,436.0
45.549,20.0,434.0
45.5539,-288.0,436.0
45.559,-74.0,436.0
45.5644,67.0,436.0
45.569,141.0,432.0
45.5741,90.0,432.0
45.5791,-161.0,430.0
45.5838,-133.0,428.0
45.5887,98.0,426.0
45.5938,100.0,428.0
45.5989,36.0,426.0
45.604,-65.0,422.0
45.6094,-178.0,422.0
45.6138,18.0,414.0
45.6188,209.0,412.0
45.6237,59.0,406.0
45.6288,-64.0,402.0
45.634,-78.0,402.0
45.6389,-135.0,402.0
45.6438,-6.0,400.0
45.6488,227.0,402.0
45.654,74.0,404.0
45.6591,-209.0,404.0
45.6639,-29.0,402.0
45.669,205.0,402.0
45.6738,-31.0,396.0
45.6793,-267.0,400.0
45.689,-25.0,394.0
45.6893,283.0,398.0
45.699,120.0,398.0
45.6994,-166.0,398.0
45.7088,-59.0,398.0
45.709,37.0,396.0
45.7141,-130.0,396.0
45.7194,-43.0,394.0
45.724,226.0,392.0
45.729,108.0,388.0
45.7338,-132.0,382.0
45.7396,-49.0,376.0
45.744,-18.0,370.0
45.7488,-187.0,366.0
45.7538,38.0,362.0
45.7589,443.0,366.0
45.7638,105.0,364.0
45.7688,-503.0,372.0
45.774,-265.0,374.0
45.7788,308.0,378.0
45.7838,282.0,380.0
45.7888,10.0,380.0
45.7939,-150.0,382.0
45.7991,-270.0,386.0
45.8039,6.0,384.0
45.809,390.0,390.0
45.8138,34.0,390.0
45.8188,-428.0,396.0
45.8238,-35.0,394.0
45.8289,437.0,400.0
45.8339,117.0,402.0
45.839,-352.0,406.0
45.8439,-214.0,408.0
45.8489,125.0,408.0
45.8539,142.0,404.0
45.8591,90.0,402.0
45.864,105.0,396.0
45.8688,-48.0,394.0
45.8738,-281.0,392.0
45.8788,-243.0,394.0
45.884,190.0,394.0
45.8892,459.0,396.0
45.8939,38.0,396.0
45.8988,-399.0,390.0
45.9038,-146.0,388.0
45.9088,224.0,378.0
45.914,120.0,378.0
45.9191,-66.0,366.0
45.924,-103.0,366.0
45.9288,-167.0,362.0
45.9338,63.0,360.0
45.939,471.0,366.0
45.9438,115.0,368.0
45.9497,-611.0,370.0
45.9538,-335.0,372.0
45.9588,453.0,374.0
45.9639,354.0,374.0
45.9689,-175.0,374.0
45.9742,-105.0,374.0
45.979,60.0,372.0
45.9839,-218.0,374.0
45.9888,-188.0,372.0
45.9947,339.0,372.0
45.999,401.0,374.0
46.0041,-126.0,370.0
46.009,-460.0,376.0
46.0138,-256.0,376.0
46.0188,261.0,378.0
46.0238,505.0,386.0
46.0289,25.0,384.0
46.0339,-541.0,390.0
46.0388,-187.0,390.0
46.0446,507.0,392.0
46.0488,233.0,396.0
46.0538,-446.0,398.0
46.0599,-251.0,400.0
46.0638,285.0,402.0
46.0688,218.0,404.0
46.0738,-77.0,402.0
46.0788,-123.0,404.0
46.0838,7.0,398.0
46.0889,107.0,400.0
46.0939,-124.0,396.0
46.099,-288.0,400.0
46.1039,220.0,396.0
46.1088,544.0,404.0
46.1149,-103.0,400.0
46.119,-615.0,404.0
46.1238,-138.0,402.0
46.1287,402.0,402.0
46.1338,272.0,404.0
46.139,-62.0,400.0
46.144,-221.0,400.0
46.1489,-225.0,404.0
46.1538,89.0,398.0
46.1589,434.0,404.0
46.1638,53.0,396.0
46.1688,-570.0,404.0
46.1739,-208.0,398.0
46.1789,550.0,406.0
46.1838,317.0,404.0
46.1898,-324.0,408.0
46.1939,-262.0,408.0
46.1988,39.0,408.0
46.2038,23.0,408.0
46.209,73.0,406.0
46.2138,241.0,408.0
46.219,55.0,406.0
46.2238,-357.0,410.0
46.229,-287.0,414.0
46.234,290.0,416.0
46.2393,451.0,422.0
46.2438,-143.0,424.0
46.2489,-471.0,428.0
46.254,31.0,428.0
46.2596,369.0,432.0
46.2651,36.0,430.0
46.2689,-213.0,434.0
46.2745,-127.0,434.0
46.2794,50.0,432.0
46.2841,228.0,436.0
46.2888,83.0,434.0
46.2947,-261.0,436.0
46.2995,-162.0,436.0
46.3039,269.0,440.0
46.309,251.0,440.0
46.3141,-307.0,444.0
46.3193,-485.0,448.0
46.3237,195.0,450.0
46.3295,834.0,460.0
46.3348,239.0,462.0
46.339,-1026.0,474.0
46.3446,-802.0,486.0
46.3493,832.0,498.0
46.3541,1043.0,512.0
46.3592,-388.0,518.0
46.364,-756.0,526.0
46.369,84.0,526.0
46.374,236.0,528.0
46.3793,-90.0,528.0
46.3839,59.0,530.0
46.389,207.0,530.0
46.3941,-17.0,530.0
46.3991,-170.0,524.0
46.4046,-142.0,526.0
46.4091,-85.0,518.0
46.4141,184.0,518.0
46.4202,424.0,520.0
46.4241,-61.0,516.0
46.4293,-636.0,526.0
46.4345,-89.0,524.0
46.4393,614.0,530.0
46.4443,122.0,532.0
46.4489,-436.0,532.0
46.4542,-39.0,532.0
46.4591,256.0,530.0
46.4642,-30.0,530.0
46.4691,-142.0,526.0
46.4738,-20.0,524.0
46.4789,28.0,518.0
46.484,194.0,518.0
46.4898,149.0,518.0
46.4941,-391.0,522.0
46.4994,-338.0,526.0
46.504,473.0,532.0
46.509,400.0,538.0
46.514,-374.0,540.0
46.5207,-247.0,540.0
46.5238,197.0,540.0
46.5293,-38.0,534.0
46.534,-104.0,534.0
46.539,236.0,532.0
46.5444,107.0,530.0
46.5491,-197.0,530.0
46.5552,-70.0,530.0
46.5595,3.0,528.0
46.564,-73.0,528.0
46.569,102.0,528.0
46.574,184.0,530.0
46.5792,26.0,522.0
46.584,-91.0,522.0
46.5891,-255.0,516.0
46.5974,-175.0,514.0
46.5994,329.0,512.0
46.6039,404.0,512.0
46.6093,-169.0,512.0
46.614,-418.0,518.0
46.6193,-70.0,518.0
46.624,240.0,518.0
46.6292,228.0,518.0
46.6343,-40.0,514.0
46.6391,-305.0,512.0
46.644,-66.0,512.0
46.6489,343.0,510.0
46.654,107.0,508.0
46.6594,-329.0,508.0
46.6639,-120.0,502.0
46.6688,271.0,506.0
46.6748,101.0,500.0
46.6789,-210.0,500.0
46.6838,-67.0,492.0
46.6895,121.0,490.0
46.6937,57.0,484.0
46.7003,38.0,482.0
46.7038,-43.0,478.0
46.7091,-220.0,478.0
46.7142,-33.0,478.0
46.7192,330.0,480.0
46.7243,173.0,482.0
46.729,-344.0,486.0
46.7343,-311.0,490.0
46.739,293.0,490.0
46.7443,379.0,492.0
46.7503,-197.0,486.0
46.7537,-343.0,490.0
46.759,90.0,482.0
46.764,236.0,484.0
46.7691,-5.0,478.0
46.7744,-140.0,476.0
46.7788,-67.0,476.0
46.7838,114.0,474.0
46.7888,171.0,474.0
46.794,-129.0,474.0
46.7991,-317.0,472.0
46.8037,85.0,472.0
46.8093,437.0,470.0
46.814,50.0,468.0
46.819,-418.0,466.0
46.824,-176.0,464.0
46.8292,243.0,462.0
46.8344,177.0,460.0
46.8395,-32.0,460.0
46.8439,-73.0,462.0
46.849,-90.0,462.0
46.854,12.0,458.0
46.8594,105.0,460.0
46.8649,-108.0,456.0
46.8687,-64.0,452.0
46.874,336.0,452.0
46.879,46.0,446.0
46.8839,-552.0,452.0
46.8894,-64.0,446.0
46.8952,607.0,456.0
46.8996,34.0,450.0
46.904,-489.0,458.0
46.909,79.0,454.0
46.9141,331.0,458.0
46.9194,-151.0,460.0
46.9244,-194.0,460.0
46.9291,71.0,458.0
46.934,2.0,454.0
46.9392,67.0,454.0
46.9443,271.0,454.0
46.9493,-105.0,452.0
46.9538,-501.0,454.0
46.9593,53.0,448.0
46.964,587.0,454.0
46.969,2.0,440.0
46.9751,-561.0,446.0
46.9793,-89.0,430.0
46.984,453.0,426.0
46.9896,217.0,416.0
46.9941,-267.0,404.0
46.9997,-238.0,402.0
47.0038,123.0,392.0
47.0093,55.0,392.0
47.014,-167.0,390.0
47.0209,182.0,392.0
47.0238,319.0,396.0
47.0292,-274.0,396.0
47.0343,-365.0,402.0
47.0393,228.0,402.0
47.044,285.0,406.0
47.049,-166.0,406.0
47.054,-218.0,406.0
47.0592,132.0,402.0
47.0643,199.0,404.0
47.0687,-123.0,396.0
47.0744,-149.0,398.0
47.079,165.0,390.0
47.0839,30.0,390.0
47.0897,-278.0,386.0
47.0938,72.0,388.0
47.0988,397.0,390.0
47.1042,-47.0,390.0
47.109,-365.0,394.0
47.1141,-65.0,394.0
47.1192,129.0,396.0
47.1245,128.0,394.0
47.129,158.0,394.0
47.1341,-106.0,390.0
47.1391,-376.0,390.0
47.145,27.0,384.0
47.149,583.0,386.0
47.1543,165.0,384.0
47.1594,-783.0,392.0
47.164,-521.0,396.0
47.1694,774.0,408.0
47.174,857.0,420.0
47.1794,-458.0,424.0
47.1838,-873.0,436.0
47.1887,57.0,434.0
47.1938,511.0,440.0
47.1992,140.0,442.0
47.2038,-43.0,442.0
47.2091,-100.0,442.0
47.2138,-236.0,442.0
47.2193,18.0,442.0
47.2241,304.0,446.0
47.2292,-17.0,442.0
47.2346,-310.0,444.0
47.2391,-13.0,440.0
47.2438,296.0,438.0
47.2488,202.0,438.0
47.2538,-186.0,434.0
47.2592,-458.0,440.0
47.264,-20.0,436.0
47.2688,554.0,442.0
47.2738,193.0,444.0
47.2787,-371.0,446.0
47.2838,-197.0,448.0
47.2888,23.0,442.0
47.2939,11.0,442.0
47.299,249.0,440.0
47.3038,228.0,442.0
47.3094,-300.0,442.0
47.3142,-300.0,446.0
47.3188,225.0,446.0
47.3238,113.0,446.0
47.3295,-228.0,448.0
47.3337,163.0,450.0
47.3388,352.0,454.0
47.3438,-299.0,458.0
47.3489,-454.0,462.0
47.3538,241.0,466.0
47.3588,412.0,466.0
47.3638,-93.0,466.0
47.3688,-227.0,464.0
47.374,-26.0,458.0
47.3788,-15.0,454.0
47.3838,12.0,448.0
47.3888,183.0,448.0
47.3937,194.0,446.0
47.3989,-147.0,448.0
47.4041,-440.0,450.0
47.4088,-85.0,452.0
47.4138,426.0,456.0
47.4188,297.0,460.0
47.4238,-105.0,460.0
47.4291,-264.0,460.0
47.4338,-191.0,462.0
47.4389,66.0,458.0
47.4438,200.0,460.0
47.449,1.0,452.0
47.4538,-50.0,452.0
47.4591,177.0,450.0
47.4639,26.0,446.0
47.4688,-417.0,450.0
47.4746,-183.0,450.0
47.4787,473.0,456.0
47.484,318.0,460.0
47.4892,-320.0,464.0
47.4938,-269.0,468.0
47.4988,130.0,468.0
47.5038,122.0,468.0
47.5088,14.0,468.0
47.5148,-23.0,462.0
47.5188,-189.0,466.0
47.5237,-64.0,458.0
47.5289,404.0,462.0
47.5339,259.0,458.0
47.5398,-532.0,466.0
47.5441,-512.0,466.0
47.5489,449.0,472.0
47.5538,606.0,476.0
47.5588,-185.0,476.0
47.5638,-418.0,480.0
47.569,-87.0,480.0
47.5741,45.0,480.0
47.5788,193.0,482.0
47.5838,305.0,484.0
47.5889,-90.0,482.0
47.5938,-465.0,482.0
47.5988,-83.0,482.0
47.6039,412.0,480.0
47.6088,164.0,482.0
47.6139,-268.0,478.0
47.6189,-126.0,478.0
47.6239,136.0,474.0
47.6289,1.0,470.0
47.634,-35.0,466.0
47.6391,190.0,466.0
47.6437,-19.0,464.0
47.6489,-348.0,468.0
47.6537,19.0,466.0
47.6597,358.0,470.0
47.664,-8.0,464.0
47.669,-266.0,464.0
47.6738,4.0,458.0
47.6788,219.0,458.0
47.6838,24.0,454.0
47.6888,-279.0,456.0
47.6939,-91.0,454.0
47.7,386.0,458.0
47.7041,162.0,458.0
47.7088,-442.0,462.0
47.7141,-171.0,462.0
47.7189,413.0,466.0
47.7238,71.0,468.0
47.7288,-351.0,468.0
47.7337,78.0,468.0
47.7388,310.0,468.0
47.7441,-144.0,468.0
47.7488,-284.0,468.0
47.7539,47.0,468.0
47.7588,262.0,470.0
47.7641,181.0,470.0
47.769,-244.0,472.0
47.774,-431.0,476.0
47.779,179.0,474.0
47.7838,540.0,482.0
47.7888,-52.0,474.0
47.7939,-408.0,478.0
47.7989,-22.0,466.0
47.8039,150.0,460.0
47.8088,-40.0,448.0
47.8138,-6.0,434.0
47.8188,99.0,428.0
47.8239,40.0,416.0
47.829,97.0,416.0
47.834,-23.0,408.0
47.8391,-519.0,414.0
47.8438,-225.0,418.0
47.8488,769.0,428.0
47.8539,517.0,432.0
47.8592,-565.0,442.0
47.864,-502.0,444.0
47.8688,123.0,446.0
47.8739,146.0,444.0
47.8788,141.0,446.0
47.8839,225.0,444.0
47.889,-115.0,442.0
47.894,-351.0,446.0
47.8989,-5.0,438.0
47.9038,293.0,442.0
47.9088,76.0,436.0
47.914,-235.0,436.0
47.919,-140.0,432.0
47.924,194.0,432.0
47.9288,209.0,436.0
47.9338,-99.0,436.0
47.9389,-158.0,434.0
47.9438,0.0,432.0
47.9488,-73.0,428.0
47.9539,-38.0,424.0
47.9589,324.0,426.0
47.9638,240.0,428.0
47.9688,-369.0,430.0
47.9742,-430.0,434.0
47.979,186.0,432.0
47.9838,410.0,432.0
47.9888,29.0,426.0
47.9938,-196.0,426.0
47.999,-139.0,422.0
48.004,-43.0,420.0
48.0088,170.0,420.0
48.0138,172.0,422.0
48.0188,-173.0,424.0
48.0238,-169.0,426.0
48.0291,151.0,426.0
48.0339,98.0,424.0
48.0389,-102.0,424.0
48.0439,-36.0,418.0
48.0488,10.0,416.0
48.0552,-30.0,410.0
48.0591,107.0,408.0
48.064,160.0,408.0
48.0689,-157.0,406.0
48.074,-279.0,408.0
48.0787,92.0,408.0
48.0839,239.0,408.0
48.0889,-12.0,410.0
48.0938,-64.0,410.0
48.0989,4.0,406.0
48.1038,-66.0,408.0
48.1088,-18.0,402.0
48.1139,63.0,400.0
48.1189,2.0,392.0
48.1238,-13.0,388.0
48.1289,-38.0,382.0
48.1338,2.0,378.0
48.1388,188.0,380.0
48.144,-2.0,378.0
48.1489,-349.0,382.0
48.1538,-31.0,382.0
48.1589,375.0,386.0
48.1638,60.0,386.0
48.169,-240.0,384.0
48.1742,-42.0,380.0
48.1802,56.0,372.0
48.1837,6.0,364.0
48.1888,41.0,358.0
48.1938,-11.0,348.0
48.199,-34.0,346.0
48.2041,71.0,340.0
48.2089,22.0,340.0
48.2138,-137.0,342.0
48.2189,-60.0,340.0
48.2239,160.0,338.0
48.2291,65.0,336.0
48.234,-158.0,332.0
48.2388,46.0,332.0
48.2438,209.0,328.0
48.2488,-183.0,328.0
48.2538,-326.0,330.0
48.2592,194.0,330.0
48.264,389.0,334.0
48.2688,-105.0,336.0
48.2738,-311.0,340.0
48.2788,79.0,338.0
48.2843,184.0,342.0
48.289,-166.0,338.0
48.2939,-140.0,340.0
48.2989,278.0,338.0
48.3037,178.0,342.0
48.3089,-316.0,342.0
48.3138,-213.0,346.0
48.3188,226.0,346.0
48.3238,207.0,348.0
48.3288,-22.0,344.0
48.3338,-142.0,346.0
48.3389,-173.0,342.0
48.3438,17.0,340.0
48.3488,213.0,336.0
48.3537,94.0,334.0
48.3588,-83.0,330.0
48.3639,-110.0,330.0
48.3687,-71.0,326.0
48.3742,33.0,326.0
48.3787,98.0,322.0
48.3838,75.0,320.0
48.3888,23.0,316.0
48.3937,-162.0,318.0
48.3989,-208.0,318.0
48.4038,163.0,318.0
48.4088,360.0,320.0
48.4137,-30.0,314.0
48.4188,-360.0,316.0
48.4239,-162.0,310.0
48.429,141.0,312.0
48.4339,226.0,308.0
48.4388,142.0,310.0
48.4447,-110.0,310.0
48.4491,-242.0,312.0
48.4537,-8.0,314.0
48.4591,134.0,314.0
48.4637,0.0,312.0
48.4687,4.0,312.0
48.4739,33.0,312.0
48.4788,-83.0,304.0
48.4843,50.0,302.0
48.4889,180.0,292.0
48.4939,-166.0,288.0
48.499,-332.0,284.0
48.5038,118.0,278.0
48.5088,397.0,282.0
48.5139,85.0,282.0
48.519,-243.0,282.0
48.524,-206.0,282.0
48.5288,-10.0,280.0
48.5338,93.0,276.0
48.539,105.0,278.0
48.5438,131.0,276.0
48.5491,56.0,276.0
48.5538,-253.0,276.0
48.5589,-307.0,278.0
48.5642,230.0,278.0
48.5689,416.0,282.0
48.5741,-192.0,284.0
48.579,-356.0,286.0
48.5839,216.0,290.0
48.5888,281.0,294.0
48.5982,-219.0,296.0
48.5988,-255.0,296.0
48.604,130.0,294.0
48.6088,208.0,290.0
48.614,-23.0,284.0
48.6187,-130.0,284.0
48.624,-42.0,278.0
48.629,59.0,278.0
48.634,142.0,278.0
48.6389,62.0,276.0
48.6438,-276.0,280.0
48.6488,-296.0,282.0
48.6539,256.0,284.0
48.6589,462.0,288.0
48.6639,-9.0,286.0
48.6688,-303.0,288.0
48.6739,-204.0,290.0
48.6787,-96.0,290.0
48.6843,130.0,290.0
48.689,352.0,296.0
48.6939,139.0,298.0
48.699,-264.0,300.0
48.7038,-294.0,302.0
48.7089,44.0,300.0
48.7139,186.0,298.0
48.7188,8.0,298.0
48.7243,15.0,294.0
48.7287,115.0,296.0
48.7338,-83.0,296.0
48.7389,-211.0,300.0
48.7439,13.0,298.0
48.7491,190.0,302.0
48.7538,83.0,302.0
48.7589,-134.0,304.0
48.7638,-169.0,306.0
48.769,106.0,308.0
48.7742,251.0,310.0
48.7794,-91.0,310.0
48.7838,-313.0,314.0
48.7888,76.0,310.0
48.7938,345.0,314.0
48.8003,-63.0,310.0
48.8039,-339.0,314.0
48.8099,56.0,312.0
48.8139,271.0,316.0
48.8188,-82.0,316.0
48.8238,-180.0,318.0
48.8291,172.0,320.0
48.8339,158.0,322.0
48.8388,-280.0,326.0
48.844,-217.0,328.0
48.8495,317.0,334.0
48.8555,269.0,336.0
48.859,-289.0,338.0
48.8638,-245.0,340.0
48.8688,270.0,344.0
48.8738,153.0,344.0
48.8788,-248.0,346.0
48.8839,-35.0,344.0
48.8905,165.0,344.0
48.8938,-81.0,340.0
48.8993,-78.0,338.0
48.9041,158.0,334.0
48.9088,73.0,334.0
48.9138,-138.0,332.0
48.9189,-111.0,332.0
48.9239,16.0,328.0
48.9288,87.0,328.0
48.9344,117.0,328.0
48.9388,16.0,324.0
48.944,-164.0,324.0
48.9489,-107.0,320.0
48.9539,122.0,318.0
48.959,87.0,316.0
48.9639,-79.0,314.0
48.9689,32.0,314.0
48.9738,89.0,314.0
48.9792,-158.0,314.0
48.9838,-125.0,314.0
48.9893,205.0,314.0
48.9937,106.0,316.0
48.9989,-174.0,316.0
49.0038,9.0,314.0
49.0089,161.0,316.0
49.0138,-142.0,318.0
49.0188,-225.0,320.0
49.0238,183.0,322.0
49.0289,277.0,326.0
49.0339,-175.0,326.0
49.0388,-209.0,326.0
49.044,250.0,328.0
49.0489,67.0,322.0
49.054,-408.0,328.0
49.059,-2.0,322.0
49.064,464.0,328.0
49.0689,25.0,326.0
49.0738,-301.0,328.0
49.0788,0.0,324.0
49.0838,63.0,324.0
49.0891,-102.0,322.0
49.0938,31.0,322.0
49.0991,143.0,322.0
49.104,-2.0,322.0
49.1088,-10.0,322.0
49.1138,68.0,324.0
49.1188,-152.0,324.0
49.1238,-273.0,328.0
49.1288,108.0,326.0
49.1339,370.0,330.0
49.139,104.0,326.0
49.1439,-210.0,328.0
49.149,-213.0,324.0
49.1539,-15.0,324.0
49.1588,112.0,322.0
49.1638,79.0,320.0
49.169,52.0,320.0
49.174,-3.0,318.0
49.1791,-147.0,320.0
49.1838,-60.0,318.0
49.1888,205.0,320.0
49.1938,49.0,318.0
49.199,-291.0,318.0
49.2052,-43.0,314.0
49.209,332.0,314.0
49.2138,108.0,312.0
49.2188,-218.0,310.0
49.2238,-161.0,308.0
49.229,-7.0,304.0
49.2338,79.0,302.0
49.2388,182.0,302.0
49.2442,118.0,300.0
49.2488,-218.0,302.0
49.2539,-329.0,306.0
49.259,168.0,306.0
49.264,512.0,314.0
49.2688,-88.0,314.0
49.2739,-620.0,322.0
49.2788,-24.0,322.0
49.2838,539.0,326.0
49.2889,127.0,322.0
49.2939,-263.0,322.0
49.299,-124.0,318.0
49.3038,-24.0,318.0
49.3087,1.0,312.0
49.314,152.0,312.0
49.319,142.0,312.0
49.3241,-114.0,312.0
49.3288,-224.0,310.0
49.3339,17.0,308.0
49.3388,217.0,308.0
49.344,24.0,304.0
49.3491,-151.0,306.0
49.3538,49.0,304.0
49.3588,104.0,304.0
49.3638,-173.0,308.0
49.3688,-109.0,308.0
49.3743,205.0,310.0
49.379,84.0,308.0
49.3839,-110.0,308.0
49.3894,19.0,306.0
49.3937,24.0,304.0
49.3997,-76.0,304.0
49.4038,-62.0,302.0
49.4088,-34.0,302.0
49.4139,157.0,300.0
49.4188,195.0,302.0
49.4241,-209.0,300.0
49.4289,-218.0,302.0
49.434,220.0,300.0
49.439,105.0,300.0
49.4439,-206.0,298.0
49.4492,34.0,298.0
49.4538,133.0,296.0
49.4591,-180.0,298.0
49.4639,-46.0,296.0
49.4689,325.0,298.0
49.4738,76.0,296.0
49.4788,-357.0,298.0
49.4841,-249.0,298.0
49.4892,169.0,296.0
49.4938,383.0,298.0
49.499,118.0,296.0
49.504,-309.0,296.0
49.5088,-210.0,296.0
49.5139,109.0,294.0
49.5189,-3.0,290.0
49.5239,5.0,290.0
49.5288,281.0,292.0
49.5337,0.0,290.0
49.5389,-338.0,294.0
49.544,39.0,292.0
49.549,192.0,294.0
49.5539,-184.0,296.0
49.559,-31.0,294.0
49.5638,306.0,298.0
49.5689,-90.0,298.0
49.5741,-319.0,302.0
49.5788,211.0,306.0
49.5838,289.0,308.0
49.5888,-278.0,310.0
49.5938,-257.0,312.0
49.5989,217.0,314.0
49.604,184.0,316.0
49.6091,-82.0,316.0
49.6138,-79.0,316.0
49.6187,-8.0,314.0
49.6238,43.0,312.0
49.629,21.0,310.0
49.634,-102.0,310.0
49.639,-25.0,308.0
49.6438,146.0,310.0
49.649,53.0,308.0
49.6539,-92.0,306.0
49.6592,-40.0,304.0
49.6639,13.0,302.0
49.6688,-47.0,298.0
49.6739,-24.0,296.0
49.6788,129.0,294.0
49.684,120.0,292.0
49.6888,-137.0,294.0
49.6956,-195.0,290.0
49.6988,91.0,292.0
49.704,173.0,286.0
49.7087,-19.0,286.0
49.7139,-55.0,282.0
49.719,-44.0,284.0
49.724,-92.0,284.0
49.7287,39.0,282.0
49.7337,163.0,286.0
49.739,22.0,284.0
49.7443,-101.0,284.0
49.749,-39.0,286.0
49.7538,-24.0,284.0
49.7589,-47.0,282.0
49.7637,111.0,280.0
49.769,195.0,282.0
49.7741,-117.0,278.0
49.7789,-309.0,280.0
49.7839,58.0,278.0
49.7888,310.0,280.0
49.7938,13.0,280.0
49.7991,-197.0,282.0
49.8039,-41.0,280.0
49.8089,63.0,280.0
49.8138,22.0,282.0
49.819,17.0,280.0
49.8237,12.0,278.0
49.829,-68.0,276.0
49.834,-63.0,276.0
49.839,142.0,274.0
49.8438,144.0,276.0
49.8488,-234.0,274.0
49.854,-235.0,276.0
49.8592,273.0,278.0
49.864,279.0,278.0
49.8688,-201.0,282.0
49.8738,-217.0,284.0
49.8788,75.0,282.0
49.8839,81.0,282.0
49.8888,-5.0,278.0
49.894,-28.0,274.0
49.8989,20.0,272.0
49.9038,171.0,266.0
49.9088,-42.0,266.0
49.914,-383.0,262.0
49.919,-7.0,262.0
49.924,413.0,260.0
49.9289,84.0,258.0
49.9339,-209.0,258.0
49.9389,-58.0,256.0
49.9439,9.0,256.0
49.9489,-86.0,258.0
49.9538,-46.0,256.0
49.9588,190.0,258.0
49.9638,293.0,260.0
49.969,-125.0,258.0
49.9741,-555.0,266.0
49.9789,-72.0,264.0
49.984,670.0,274.0
49.9891,282.0,276.0
49.9938,-575.0,284.0
49.9988,-395.0,290.0
50.0039,305.0,292.0
