Time_s,Raw_EMG,Envelope_EMG
0.0004,159.0,224.0
0.0006,-19.0,224.0
0.0008,-104.0,222.0
0.001,55.0,224.0
0.0011,35.0,224.0
0.0013,-51.0,224.0
0.0014,48.0,224.0
0.0016,-18.0,224.0
0.0017,-169.0,226.0
0.0019,80.0,226.0
0.0021,285.0,228.0
0.0022,-82.0,228.0
0.0024,-330.0,228.0
0.0025,40.0,226.0
0.0028,291.0,226.0
0.0029,44.0,224.0
0.0031,-167.0,226.0
0.0033,-155.0,228.0
0.0034,-19.0,228.0
0.0036,197.0,228.0
0.0038,170.0,228.0
0.004,-137.0,226.0
0.0042,-213.0,226.0
0.0044,52.0,226.0
0.0047,195.0,224.0
0.0049,20.0,224.0
0.0052,-192.0,222.0
0.0055,-118.0,224.0
0.0057,183.0,222.0
0.006,225.0,224.0
0.0063,-125.0,222.0
0.0065,-275.0,224.0
0.0067,48.0,222.0
0.0069,221.0,224.0
0.0071,-18.0,222.0
0.0073,-84.0,224.0
0.0074,39.0,224.0
0.0076,-62.0,224.0
0.0078,-45.0,224.0
0.008,178.0,226.0
0.0081,6.0,224.0
0.0083,-277.0,226.0
0.0084,27.0,224.0
0.0086,329.0,228.0
0.0087,-25.0,226.0
0.0089,-277.0,228.0
0.0091,48.0,228.0
0.0092,159.0,226.0
0.0094,-143.0,228.0
0.0096,-104.0,224.0
0.0107,225.0,226.0
0.0111,139.0,222.0
0.0114,-186.0,224.0
0.0116,-119.0,222.0
0.0117,98.0,222.0
0.0119,-20.0,218.0
0.0122,-110.0,218.0
0.0123,84.0,218.0
0.0125,196.0,220.0
0.0127,106.0,220.0
0.0128,-185.0,222.0
0.013,-448.0,226.0
0.0132,19.0,226.0
0.0133,697.0,232.0
0.0135,173.0,234.0
0.0137,-724.0,242.0
0.0138,-235.0,244.0
0.014,567.0,250.0
0.0142,111.0,248.0
0.0144,-373.0,252.0
0.0145,99.0,250.0
0.0147,265.0,254.0
0.0148,-221.0,254.0
0.015,-218.0,256.0
0.0152,203.0,256.0
0.0153,144.0,258.0
0.0155,-164.0,258.0
0.0157,-29.0,256.0
0.0158,208.0,258.0
0.0161,-72.0,258.0
0.0164,-280.0,262.0
0.0166,132.0,262.0
0.0168,281.0,266.0
0.017,-169.0,268.0
0.0172,-210.0,272.0
0.0174,192.0,274.0
0.0176,104.0,274.0
0.0177,-172.0,276.0
0.0179,27.0,278.0
0.0181,118.0,278.0
0.0182,-138.0,280.0
0.0184,-77.0,278.0
0.0186,169.0,280.0
0.0187,44.0,280.0
0.0189,-141.0,282.0
0.0191,-11.0,280.0
0.0192,102.0,280.0
0.0193,6.0,280.0
0.0195,-77.0,278.0
0.0197,-17.0,280.0
0.0199,71.0,278.0
0.02,9.0,278.0
0.0201,-36.0,276.0
0.0203,27.0,274.0
0.0204,-54.0,272.0
0.0206,-83.0,274.0
0.0208,110.0,274.0
0.0209,112.0,274.0
0.0211,-62.0,274.0
0.0212,-75.0,272.0
0.0214,-18.0,272.0
0.0215,25.0,266.0
0.0217,42.0,266.0
0.0218,-28.0,262.0
0.022,-39.0,264.0
0.0223,63.0,262.0
0.0224,61.0,264.0
0.0226,-76.0,264.0
0.0229,-79.0,264.0
0.0231,95.0,264.0
0.0233,85.0,264.0
0.0236,-156.0,264.0
0.0237,-129.0,264.0
0.0239,201.0,268.0
0.0241,203.0,270.0
0.0243,-156.0,272.0
0.0245,-243.0,274.0
0.0246,59.0,274.0
0.0248,254.0,276.0
0.025,-41.0,276.0
0.0253,-325.0,280.0
0.0255,175.0,282.0
0.0257,514.0,290.0
0.0258,-328.0,294.0
0.026,-731.0,304.0
0.0262,252.0,308.0
0.0263,785.0,318.0
0.0265,58.0,318.0
0.0266,-588.0,322.0
0.0268,-292.0,326.0
0.027,279.0,324.0
0.0271,235.0,328.0
0.0273,-125.0,324.0
0.0275,-49.0,326.0
0.0277,194.0,326.0
0.0279,-10.0,324.0
0.0281,-272.0,328.0
0.0283,-41.0,324.0
0.0285,220.0,326.0
0.0287,46.0,324.0
0.0288,-151.0,324.0
0.029,-4.0,322.0
0.0292,165.0,322.0
0.0297,34.0,322.0
0.0299,-200.0,322.0
0.0301,-176.0,324.0
0.0302,174.0,322.0
0.0305,352.0,324.0
0.0307,-65.0,324.0
0.0308,-428.0,326.0
0.031,-97.0,328.0
0.0312,314.0,328.0
0.0313,206.0,332.0
0.0315,-74.0,332.0
0.0317,-145.0,334.0
0.0319,-118.0,334.0
0.032,-46.0,334.0
0.0322,134.0,334.0
0.0323,178.0,336.0
0.0325,0.0,332.0
0.0327,-124.0,334.0
0.0329,-169.0,330.0
0.033,-37.0,330.0
0.0332,327.0,332.0
0.0334,159.0,334.0
0.0337,-468.0,338.0
0.0342,-193.0,338.0
0.0344,513.0,346.0
0.0347,131.0,344.0
0.0349,-404.0,348.0
0.0352,50.0,346.0
0.0354,254.0,348.0
0.0356,-303.0,352.0
0.0359,-235.0,354.0
0.0361,485.0,360.0
0.0363,346.0,364.0
0.0365,-478.0,368.0
0.0367,-428.0,374.0
0.0369,297.0,376.0
0.0371,356.0,374.0
0.0372,-99.0,376.0
0.0374,-193.0,368.0
0.0375,45.0,366.0
0.0378,130.0,356.0
0.038,-112.0,354.0
0.0382,-232.0,350.0
0.0383,118.0,350.0
0.0385,318.0,348.0
0.0386,-4.0,346.0
0.0388,-209.0,346.0
0.0389,-84.0,344.0
0.0391,-1.0,340.0
0.0392,54.0,338.0
0.0394,77.0,338.0
0.0395,-13.0,334.0
0.0397,28.0,334.0
0.0398,80.0,332.0
0.04,-118.0,334.0
0.0402,-179.0,332.0
0.0406,27.0,330.0
0.0411,154.0,328.0
0.0414,187.0,328.0
0.0418,34.0,326.0
0.0423,-337.0,328.0
0.0426,-301.0,332.0
0.0428,290.0,334.0
0.043,484.0,340.0
0.0431,-66.0,340.0
0.0433,-421.0,344.0
0.0435,-161.0,346.0
0.0436,129.0,344.0
0.0438,211.0,348.0
0.044,161.0,348.0
0.0442,-114.0,350.0
0.0444,-256.0,352.0
0.0445,62.0,352.0
0.0447,177.0,354.0
0.0448,-129.0,356.0
0.045,-59.0,356.0
0.0452,238.0,360.0
0.0453,-12.0,358.0
0.0455,-307.0,364.0
0.0456,43.0,362.0
0.0458,305.0,366.0
0.0459,-76.0,366.0
0.0462,-244.0,368.0
0.0464,117.0,368.0
0.0467,157.0,370.0
0.0469,-141.0,372.0
0.0472,-110.0,374.0
0.0474,100.0,374.0
0.0476,175.0,376.0
0.0478,56.0,376.0
0.048,-299.0,380.0
0.0482,-282.0,384.0
0.0484,328.0,388.0
0.0486,412.0,392.0
0.0488,-227.0,396.0
0.0489,-350.0,400.0
0.0491,100.0,398.0
0.0494,186.0,400.0
0.0497,-17.0,396.0
0.0499,-64.0,394.0
0.0502,-54.0,392.0
0.0503,2.0,388.0
0.0506,138.0,390.0
0.0507,60.0,388.0
0.0509,-180.0,390.0
0.0511,-86.0,386.0
0.0512,175.0,386.0
0.0514,2.0,378.0
0.0515,-206.0,376.0
0.0517,113.0,366.0
0.0519,273.0,366.0
0.052,-122.0,356.0
0.0522,-264.0,360.0
0.0524,31.0,350.0
0.0526,143.0,348.0
0.0528,27.0,344.0
0.0531,-34.0,340.0
0.0534,-8.0,340.0
0.0536,62.0,340.0
0.0537,9.0,336.0
0.0539,-197.0,340.0
0.0541,-73.0,336.0
0.0542,307.0,340.0
0.0544,119.0,338.0
0.0545,-326.0,344.0
0.0547,-100.0,342.0
0.0549,284.0,346.0
0.0551,65.0,346.0
0.0552,-197.0,348.0
0.0554,-46.0,346.0
0.0555,37.0,344.0
0.0557,29.0,340.0
0.0559,151.0,338.0
0.056,-23.0,338.0
0.0562,-241.0,334.0
0.0563,78.0,334.0
0.0565,188.0,332.0
0.0567,-195.0,332.0
0.0568,-88.0,332.0
0.057,277.0,334.0
0.0571,17.0,332.0
0.0573,-236.0,336.0
0.0575,60.0,334.0
0.0576,116.0,334.0
0.0578,-196.0,336.0
0.058,-53.0,336.0
0.0581,311.0,338.0
0.0583,93.0,338.0
0.0585,-275.0,338.0
0.0587,-127.0,338.0
0.059,114.0,332.0
0.0592,72.0,330.0
0.0596,0.0,322.0
0.0598,-27.0,320.0
0.0599,11.0,314.0
0.0601,106.0,314.0
0.0603,-70.0,312.0
0.0604,-241.0,310.0
0.0606,100.0,308.0
0.0607,300.0,306.0
0.061,-102.0,302.0
0.0612,-248.0,298.0
0.0613,95.0,294.0
0.0614,129.0,290.0
0.0616,-91.0,286.0
0.0617,-4.0,286.0
0.0619,101.0,284.0
0.062,-60.0,284.0
0.0622,-97.0,284.0
0.0623,34.0,282.0
0.0625,29.0,278.0
0.0627,55.0,278.0
0.0628,93.0,274.0
0.063,-134.0,276.0
0.0632,-177.0,276.0
0.0633,126.0,276.0
0.0635,132.0,278.0
0.0636,-55.0,278.0
0.0638,30.0,278.0
0.0639,20.0,278.0
0.0641,-194.0,280.0
0.0644,-57.0,280.0
0.0646,232.0,282.0
0.0651,73.0,280.0
0.0656,-151.0,282.0
0.066,15.0,280.0
0.0663,80.0,278.0
0.0665,-154.0,280.0
0.0668,-100.0,276.0
0.067,249.0,276.0
0.0672,170.0,274.0
0.0674,-272.0,270.0
0.0676,-221.0,274.0
0.0678,210.0,270.0
0.068,239.0,272.0
0.0681,-62.0,270.0
0.0683,-217.0,270.0
0.0685,-106.0,270.0
0.0686,131.0,270.0
0.0689,174.0,268.0
0.0691,-33.0,268.0
0.0692,-104.0,266.0
0.0694,40.0,266.0
0.0695,40.0,264.0
0.0697,-145.0,264.0
0.0699,-135.0,266.0
0.07,180.0,264.0
0.0702,324.0,268.0
0.0703,-49.0,264.0
0.0706,-418.0,270.0
0.0708,-130.0,268.0
0.071,369.0,272.0
0.0712,187.0,272.0
0.0716,-300.0,274.0
0.0718,-120.0,274.0
0.072,292.0,278.0
0.0721,60.0,276.0
0.0723,-267.0,278.0
0.0725,-67.0,276.0
0.0726,125.0,272.0
0.0728,65.0,268.0
0.0729,77.0,264.0
0.073,18.0,260.0
0.0732,-187.0,258.0
0.0734,-137.0,258.0
0.0735,147.0,258.0
0.0737,177.0,260.0
0.0739,-48.0,260.0
0.0741,-123.0,260.0
0.0742,-6.0,262.0
0.0744,69.0,260.0
0.0745,-19.0,260.0
0.0747,-89.0,258.0
0.0748,109.0,258.0
0.075,185.0,258.0
0.0751,-176.0,262.0
0.0753,-314.0,262.0
0.0755,105.0,262.0
0.0756,376.0,264.0
0.0758,121.0,264.0
0.0759,-265.0,264.0
0.0761,-349.0,270.0
0.0763,29.0,268.0
0.0765,408.0,274.0
0.0767,144.0,276.0
0.077,-317.0,280.0
0.0773,-185.0,282.0
0.0776,206.0,284.0
0.0778,220.0,286.0
0.078,-102.0,286.0
0.0783,-315.0,286.0
0.0785,-59.0,284.0
0.0788,344.0,286.0
0.0791,241.0,288.0
0.0793,-202.0,286.0
0.0795,-298.0,290.0
0.0799,0.0,286.0
0.0801,185.0,288.0
0.0802,63.0,290.0
0.0805,-33.0,290.0
0.0807,51.0,288.0
0.0808,-17.0,288.0
0.081,-178.0,286.0
0.0813,-20.0,286.0
0.0829,179.0,286.0
0.0881,45.0,284.0
0.093,-84.0,284.0
0.0979,-12.0,280.0
0.1029,-23.0,280.0
0.108,-55.0,276.0
0.1131,107.0,278.0
0.1181,130.0,278.0
0.1231,-137.0,276.0
0.1289,-172.0,278.0
0.133,92.0,274.0
0.1382,147.0,276.0
0.1429,3.0,272.0
0.1481,-45.0,270.0
0.153,-74.0,270.0
0.1578,-87.0,270.0
0.163,59.0,270.0
0.1681,138.0,272.0
0.173,4.0,272.0
0.178,-34.0,272.0
0.1829,-9.0,270.0
0.1879,-157.0,268.0
0.1929,-114.0,270.0
0.1979,277.0,268.0
0.2031,313.0,272.0
0.2081,-204.0,272.0
0.213,-427.0,276.0
0.2183,-16.0,274.0
0.2231,348.0,278.0
0.2282,209.0,282.0
0.2331,-173.0,284.0
0.2381,-269.0,286.0
0.2432,52.0,286.0
0.2481,228.0,288.0
0.2534,-16.0,288.0
0.258,-129.0,290.0
0.263,38.0,288.0
0.2679,17.0,288.0
0.273,-103.0,286.0
0.2779,-6.0,284.0
0.2835,134.0,284.0
0.2881,143.0,286.0
0.293,-40.0,286.0
0.298,-303.0,290.0
0.303,-137.0,290.0
0.308,345.0,294.0
0.3131,230.0,294.0
0.318,-280.0,296.0
0.3229,-158.0,296.0
0.3279,201.0,300.0
0.3329,28.0,300.0
0.3382,-141.0,298.0
0.3433,13.0,298.0
0.348,42.0,294.0
0.353,57.0,292.0
0.3579,140.0,290.0
0.363,-137.0,290.0
0.3682,-335.0,292.0
0.3731,118.0,290.0
0.3782,394.0,294.0
0.3829,-27.0,292.0
0.3879,-256.0,294.0
0.3928,10.0,292.0
0.3981,69.0,290.0
0.4031,-132.0,292.0
0.4082,-55.0,290.0
0.4129,230.0,294.0
0.4179,224.0,296.0
0.4232,-108.0,296.0
0.4281,-354.0,300.0
0.4331,-168.0,300.0
0.4381,278.0,298.0
0.4429,320.0,302.0
0.448,-88.0,298.0
0.4532,-202.0,298.0
0.4581,-9.0,294.0
0.4631,-41.0,292.0
0.468,-40.0,286.0
0.4729,170.0,288.0
0.4779,84.0,284.0
0.4829,-109.0,286.0
0.4879,23.0,282.0
0.4931,2.0,280.0
0.4979,-213.0,282.0
0.5029,3.0,280.0
0.5081,297.0,284.0
0.5131,52.0,284.0
0.5181,-208.0,286.0
0.523,-54.0,284.0
0.5279,40.0,282.0
0.5328,-1.0,280.0
0.538,84.0,280.0
0.5431,28.0,278.0
0.548,-123.0,280.0
0.553,10.0,280.0
0.558,122.0,282.0
0.5631,-74.0,280.0
0.5682,-106.0,280.0
0.5731,145.0,280.0
0.5782,43.0,278.0
0.5831,-253.0,278.0
0.588,39.0,276.0
0.593,371.0,276.0
0.598,-58.0,274.0
0.603,-389.0,276.0
0.608,18.0,272.0
0.613,252.0,276.0
0.6179,-8.0,268.0
0.6231,-57.0,268.0
0.628,44.0,264.0
0.6331,-78.0,262.0
0.638,-40.0,260.0
0.643,155.0,258.0
0.648,-32.0,256.0
0.653,-230.0,256.0
0.6582,86.0,256.0
0.6632,281.0,256.0
0.668,-58.0,252.0
0.673,-261.0,254.0
0.6782,-1.0,248.0
0.683,193.0,252.0
0.6881,37.0,250.0
0.6931,-121.0,250.0
0.6979,-30.0,250.0
0.7029,54.0,250.0
0.7081,-62.0,250.0
0.713,-11.0,248.0
0.718,269.0,252.0
0.7231,66.0,250.0
0.7279,-448.0,256.0
0.733,-212.0,258.0
0.738,398.0,264.0
0.7435,274.0,268.0
0.7482,-175.0,270.0
0.753,-152.0,272.0
0.7579,31.0,270.0
0.7629,-7.0,268.0
0.7681,-68.0,266.0
0.773,41.0,266.0
0.7781,148.0,266.0
0.7829,18.0,266.0
0.7881,-117.0,266.0
0.7928,-41.0,266.0
0.7982,-32.0,266.0
0.8031,-5.0,264.0
0.8081,211.0,266.0
0.8129,66.0,266.0
0.818,-335.0,272.0
0.8232,-107.0,272.0
0.8282,372.0,276.0
0.834,112.0,276.0
0.838,-319.0,276.0
0.843,-43.0,272.0
0.8479,206.0,272.0
0.8532,-102.0,268.0
0.8582,-95.0,268.0
0.8629,217.0,266.0
0.8681,15.0,264.0
0.8729,-169.0,264.0
0.878,74.0,260.0
0.8829,2.0,260.0
0.8881,-211.0,260.0
0.8929,77.0,260.0
0.8979,305.0,264.0
0.9029,22.0,262.0
0.908,-226.0,266.0
0.9133,-138.0,266.0
0.9179,27.0,266.0
0.923,108.0,266.0
0.9279,92.0,266.0
0.9329,-18.0,266.0
0.9379,-69.0,262.0
0.943,55.0,260.0
0.9479,56.0,256.0
0.9529,-213.0,256.0
0.9579,-169.0,254.0
0.9629,305.0,256.0
0.9681,322.0,258.0
0.9731,-238.0,262.0
0.978,-355.0,264.0
0.9829,100.0,266.0
0.9879,220.0,268.0
0.9929,-24.0,268.0
0.9979,-19.0,266.0
1.003,41.0,266.0
1.0081,-120.0,262.0
1.0129,-78.0,262.0
1.0179,156.0,258.0
1.0232,55.0,258.0
1.0288,-116.0,256.0
1.0341,43.0,256.0
1.0381,79.0,256.0
1.0429,-145.0,256.0
1.0479,-97.0,258.0
1.0531,138.0,256.0
1.0581,108.0,254.0
1.0631,-24.0,252.0
1.0679,-35.0,248.0
1.0729,-74.0,246.0
1.078,-69.0,242.0
1.083,68.0,238.0
1.0882,95.0,238.0
1.0929,0.0,236.0
1.0979,-19.0,236.0
1.1029,-38.0,236.0
1.108,-118.0,238.0
1.113,1.0,234.0
1.1182,306.0,238.0
1.1231,109.0,238.0
1.1279,-492.0,246.0
1.133,-279.0,250.0
1.1392,513.0,254.0
1.1445,401.0,260.0
1.1479,-309.0,260.0
1.1529,-328.0,266.0
1.1584,53.0,262.0
1.1629,80.0,264.0
1.1688,90.0,264.0
1.1731,166.0,266.0
1.1785,-149.0,268.0
1.1829,-309.0,272.0
1.1886,201.0,274.0
1.1933,379.0,278.0
1.1982,-238.0,280.0
1.2032,-426.0,286.0
1.2081,202.0,288.0
1.2129,425.0,292.0
1.2179,-87.0,292.0
1.223,-328.0,294.0
1.228,-29.0,294.0
1.2331,187.0,290.0
1.238,84.0,292.0
1.244,-104.0,286.0
1.2488,-94.0,288.0
1.2531,76.0,286.0
1.258,72.0,286.0
1.2631,-38.0,286.0
1.2679,-8.0,286.0
1.273,-31.0,284.0
1.2782,-41.0,284.0
1.2832,151.0,284.0
1.288,22.0,284.0
1.293,-329.0,286.0
1.2979,12.0,284.0
1.3029,455.0,288.0
1.308,-23.0,286.0
1.3133,-401.0,290.0
1.3181,73.0,290.0
1.323,199.0,290.0
1.3279,-185.0,292.0
1.3329,-5.0,290.0
1.3382,262.0,294.0
1.3443,-88.0,296.0
1.348,-231.0,298.0
1.3529,102.0,300.0
1.3579,155.0,298.0
1.3629,-48.0,298.0
1.368,-97.0,292.0
1.373,-92.0,290.0
1.378,24.0,284.0
1.3829,242.0,284.0
1.388,66.0,282.0
1.393,-285.0,284.0
1.398,-100.0,284.0
1.4029,217.0,288.0
1.408,63.0,288.0
1.4129,-107.0,290.0
1.4179,12.0,286.0
1.4229,12.0,286.0
1.4283,-129.0,286.0
1.4328,5.0,286.0
1.438,241.0,290.0
1.4439,98.0,292.0
1.4479,-229.0,292.0
1.4531,-262.0,294.0
1.4581,53.0,290.0
1.4632,326.0,294.0
1.468,145.0,290.0
1.4731,-211.0,292.0
1.4781,-175.0,290.0
1.4835,48.0,290.0
1.4884,27.0,286.0
1.4929,-18.0,286.0
1.4979,101.0,286.0
1.5032,82.0,284.0
1.5078,-58.0,284.0
1.5135,-39.0,282.0
1.5184,-53.0,282.0
1.5232,-138.0,284.0
1.5282,35.0,280.0
1.5331,224.0,284.0
1.5382,84.0,280.0
1.5437,-78.0,280.0
1.5491,-74.0,278.0
1.5535,-116.0,278.0
1.5583,-79.0,278.0
1.5631,144.0,280.0
1.5686,146.0,280.0
1.5733,-86.0,282.0
1.5788,-66.0,282.0
1.5829,111.0,282.0
1.5881,15.0,282.0
1.5938,-164.0,280.0
1.5982,-58.0,278.0
1.6036,95.0,276.0
1.6082,50.0,272.0
1.6131,37.0,268.0
1.6181,77.0,264.0
1.6234,-45.0,262.0
1.6293,-154.0,262.0
1.6337,-53.0,262.0
1.6384,39.0,262.0
1.6431,50.0,262.0
1.6481,129.0,262.0
1.6533,111.0,264.0
1.6589,-141.0,264.0
1.6631,-258.0,266.0
1.6679,1.0,264.0
1.673,240.0,268.0
1.6782,131.0,268.0
1.6833,-68.0,268.0
1.6882,-136.0,268.0
1.6935,-139.0,268.0
1.6987,10.0,266.0
1.703,237.0,270.0
1.7081,144.0,272.0
1.7132,-176.0,274.0
1.7186,-202.0,276.0
1.7234,58.0,274.0
1.7278,156.0,276.0
1.7332,-35.0,276.0
1.7384,-130.0,278.0
1.7435,134.0,280.0
1.7488,198.0,280.0
1.7538,-241.0,284.0
1.7581,-284.0,284.0
1.7631,246.0,286.0
1.7687,288.0,284.0
1.7747,-161.0,282.0
1.7779,-195.0,276.0
1.7836,78.0,272.0
1.788,59.0,268.0
1.7931,-49.0,264.0
1.7984,62.0,264.0
1.8031,50.0,262.0
1.8079,-130.0,264.0
1.8131,-36.0,262.0
1.8179,122.0,262.0
1.8232,-17.0,256.0
1.8285,-42.0,254.0
1.8341,106.0,250.0
1.8388,-58.0,246.0
1.8433,-193.0,244.0
1.8483,109.0,242.0
1.8544,234.0,238.0
1.858,-63.0,238.0
1.8632,-194.0,236.0
1.868,-67.0,236.0
1.873,62.0,236.0
1.8781,207.0,236.0
1.8833,111.0,238.0
1.8882,-257.0,240.0
1.8935,-237.0,242.0
1.8981,167.0,244.0
1.9032,252.0,246.0
1.9081,7.0,246.0
1.9136,-162.0,248.0
1.9184,-140.0,250.0
1.9229,16.0,248.0
1.9281,148.0,250.0
1.933,119.0,248.0
1.938,-33.0,248.0
1.9435,-163.0,242.0
1.9491,-113.0,244.0
1.954,64.0,238.0
1.9592,145.0,240.0
1.9633,96.0,238.0
1.9681,-4.0,236.0
1.9729,-148.0,238.0
1.9784,-194.0,236.0
1.9831,25.0,236.0
1.988,302.0,236.0
1.9933,153.0,238.0
1.9987,-283.0,240.0
2.0036,-233.0,242.0
2.0079,184.0,244.0
2.0129,190.0,246.0
2.0181,-54.0,246.0
2.0237,-112.0,244.0
2.0285,-70.0,244.0
2.0334,80.0,240.0
2.0384,164.0,242.0
2.0431,-99.0,240.0
2.0481,-243.0,242.0
2.0531,88.0,242.0
2.0595,318.0,248.0
2.0632,29.0,248.0
2.0681,-301.0,250.0
2.0731,-187.0,254.0
2.0781,142.0,252.0
2.0835,230.0,254.0
2.0879,5.0,250.0
2.0934,-146.0,248.0
2.098,24.0,248.0
2.1031,75.0,244.0
2.1084,-162.0,244.0
2.1133,-86.0,242.0
2.1183,225.0,244.0
2.1229,93.0,244.0
2.1278,-201.0,246.0
2.1333,-41.0,246.0
2.1385,201.0,248.0
2.1429,25.0,248.0
2.1485,-200.0,250.0
2.1532,-86.0,250.0
2.158,82.0,250.0
2.163,84.0,250.0
2.1679,107.0,252.0
2.1731,78.0,248.0
2.1782,-180.0,250.0
2.1829,-279.0,254.0
2.188,39.0,252.0
2.1929,339.0,256.0
2.1989,168.0,258.0
2.2038,-239.0,260.0
2.2079,-224.0,260.0
2.2129,126.0,262.0
2.2181,98.0,262.0
2.2236,-132.0,262.0
2.2283,42.0,262.0
2.2334,222.0,264.0
2.2381,-59.0,264.0
2.243,-233.0,266.0
2.2482,-6.0,264.0
2.2534,94.0,266.0
2.2587,10.0,264.0
2.2636,60.0,264.0
2.2691,66.0,264.0
2.2729,-88.0,264.0
2.2793,-95.0,264.0
2.2831,51.0,264.0
2.2881,34.0,264.0
2.2929,-83.0,264.0
2.2981,-5.0,260.0
2.3031,125.0,258.0
2.3079,99.0,260.0
2.3132,-19.0,256.0
2.3184,-213.0,258.0
2.3229,-220.0,260.0
2.3281,185.0,262.0
2.333,381.0,266.0
2.3383,-29.0,266.0
2.344,-291.0,266.0
2.3486,-75.0,266.0
2.353,19.0,262.0
2.358,9.0,260.0
2.363,178.0,262.0
2.3693,124.0,262.0
2.3744,-174.0,264.0
2.3782,-146.0,264.0
2.383,97.0,262.0
2.388,52.0,260.0
2.3932,-123.0,258.0
2.3985,-14.0,254.0
2.403,242.0,254.0
2.4082,127.0,252.0
2.4131,-323.0,254.0
2.4183,-290.0,256.0
2.4231,305.0,260.0
2.4286,358.0,264.0
2.4335,-236.0,268.0
2.4379,-323.0,272.0
2.4431,137.0,272.0
2.4483,239.0,274.0
2.4533,-6.0,274.0
2.4589,-123.0,274.0
2.463,-113.0,276.0
2.4679,-7.0,274.0
2.4741,137.0,276.0
2.478,95.0,276.0
2.483,-18.0,274.0
2.4879,-97.0,272.0
2.4931,-173.0,272.0
2.4979,29.0,272.0
2.5028,303.0,274.0
2.5079,38.0,272.0
2.514,-318.0,276.0
2.5179,-61.0,274.0
2.5229,275.0,276.0
2.5278,58.0,274.0
2.5329,-232.0,274.0
2.5386,-46.0,272.0
2.543,181.0,270.0
2.5481,-32.0,272.0
2.5531,-116.0,270.0
2.5579,224.0,272.0
2.5629,97.0,274.0
2.5683,-415.0,278.0
2.5731,-132.0,278.0
2.578,437.0,284.0
2.5831,105.0,282.0
2.5879,-302.0,286.0
2.5932,37.0,286.0
2.5983,168.0,286.0
2.6032,-185.0,288.0
2.6081,-112.0,288.0
2.6129,224.0,290.0
2.6178,95.0,288.0
2.6232,-181.0,290.0
2.6284,-91.0,288.0
2.6329,135.0,288.0
2.6379,113.0,284.0
2.6429,-69.0,282.0
2.648,-130.0,282.0
2.6531,-83.0,280.0
2.658,76.0,280.0
2.6629,267.0,282.0
2.6679,44.0,282.0
2.6729,-349.0,286.0
2.6779,-139.0,286.0
2.6835,303.0,288.0
2.6881,135.0,288.0
2.6929,-219.0,290.0
2.698,-45.0,286.0
2.7029,187.0,288.0
2.7081,-65.0,284.0
2.713,-238.0,284.0
2.7181,119.0,284.0
2.723,319.0,286.0
2.7279,-32.0,286.0
2.733,-311.0,288.0
2.7384,-160.0,290.0
2.7431,163.0,292.0
2.748,279.0,294.0
2.7528,10.0,292.0
2.7579,-229.0,292.0
2.7629,-69.0,292.0
2.7679,113.0,292.0
2.7729,32.0,290.0
2.7779,-51.0,288.0
2.7829,-28.0,288.0
2.7879,23.0,286.0
2.7929,106.0,286.0
2.798,51.0,286.0
2.8031,-161.0,286.0
2.8082,-164.0,288.0
2.8129,94.0,288.0
2.8178,213.0,288.0
2.8229,45.0,284.0
2.8281,-140.0,286.0
2.8329,-129.0,284.0
2.8379,2.0,280.0
2.8428,106.0,278.0
2.8479,101.0,276.0
2.853,-27.0,276.0
2.8578,-143.0,276.0
2.8631,-64.0,274.0
2.8678,158.0,276.0
2.8728,158.0,276.0
2.8788,-155.0,278.0
2.8832,-220.0,276.0
2.8879,115.0,278.0
2.893,202.0,280.0
2.8981,-52.0,280.0
2.9031,-105.0,282.0
2.908,1.0,280.0
2.9132,-26.0,280.0
2.918,26.0,278.0
2.9229,174.0,280.0
2.928,-32.0,280.0
2.9332,-314.0,284.0
2.9381,20.0,284.0
2.9433,369.0,288.0
2.948,-12.0,286.0
2.953,-303.0,292.0
2.9581,20.0,288.0
2.9631,171.0,288.0
2.9681,-13.0,284.0
2.973,-57.0,280.0
2.978,-26.0,280.0
2.9838,-3.0,276.0
2.9879,80.0,276.0
2.9929,29.0,276.0
2.9985,-123.0,278.0
3.0029,-77.0,276.0
3.008,137.0,276.0
3.013,174.0,276.0
3.018,-91.0,274.0
3.023,-255.0,278.0
3.028,-16.0,276.0
3.033,234.0,278.0
3.038,111.0,280.0
3.0431,-116.0,278.0
3.048,-106.0,278.0
3.0535,-10.0,272.0
3.0579,16.0,268.0
3.063,54.0,264.0
3.0679,52.0,260.0
3.0729,-2.0,256.0
3.0778,-26.0,252.0
3.0829,-97.0,250.0
3.0879,-76.0,248.0
3.0929,190.0,252.0
3.0979,205.0,252.0
3.103,-214.0,254.0
3.1081,-272.0,258.0
3.1132,147.0,258.0
3.118,196.0,260.0
3.123,-60.0,260.0
3.1278,-12.0,260.0
3.1334,27.0,258.0
3.1381,-140.0,258.0
3.143,-47.0,254.0
3.148,172.0,256.0
3.1528,80.0,254.0
3.1581,-99.0,254.0
3.1628,-102.0,252.0
3.1679,-41.0,250.0
3.1729,79.0,248.0
3.1781,198.0,250.0
3.183,20.0,248.0
3.1879,-256.0,252.0
3.1929,-144.0,252.0
3.1989,148.0,250.0
3.2029,157.0,252.0
3.2079,8.0,246.0
3.2129,-27.0,244.0
3.2178,-54.0,238.0
3.2232,-104.0,238.0
3.228,0.0,234.0
3.2334,112.0,234.0
3.2379,39.0,232.0
3.2429,-44.0,230.0
3.2478,-45.0,230.0
3.2529,25.0,226.0
3.258,95.0,226.0
3.2629,-65.0,224.0
3.268,-207.0,226.0
3.2728,68.0,224.0
3.2778,293.0,228.0
3.2831,-4.0,226.0
3.2879,-262.0,228.0
3.2943,-49.0,228.0
3.2985,130.0,230.0
3.3028,29.0,226.0
3.3078,5.0,224.0
3.3129,42.0,220.0
3.3181,-95.0,220.0
3.3229,-88.0,216.0
3.3278,167.0,216.0
3.3328,69.0,214.0
3.3381,-237.0,218.0
3.3431,-16.0,214.0
3.3479,285.0,218.0
3.3529,-6.0,214.0
3.3578,-307.0,218.0
3.3629,-40.0,212.0
3.3679,262.0,216.0
3.3731,126.0,214.0
3.3779,-97.0,212.0
3.3829,-146.0,212.0
3.3879,-108.0,210.0
3.3928,35.0,210.0
3.398,192.0,210.0
3.403,128.0,210.0
3.4081,-124.0,210.0
3.4128,-233.0,214.0
3.4178,42.0,214.0
3.4231,261.0,218.0
3.4281,-73.0,218.0
3.4331,-240.0,220.0
3.438,198.0,222.0
3.4428,218.0,224.0
3.4479,-268.0,224.0
3.4531,-235.0,228.0
3.458,132.0,226.0
3.463,231.0,228.0
3.4678,174.0,230.0
3.4728,-91.0,228.0
3.478,-404.0,234.0
3.4829,-147.0,236.0
3.4879,344.0,240.0
3.4929,279.0,244.0
3.4981,-61.0,242.0
3.5029,-174.0,244.0
3.5086,-175.0,244.0
3.5131,-19.0,242.0
3.518,234.0,244.0
3.5228,45.0,240.0
3.528,-284.0,242.0
3.5329,124.0,242.0
3.5394,488.0,248.0
3.5429,-249.0,250.0
3.548,-679.0,262.0
3.5529,151.0,264.0
3.5579,564.0,272.0
3.5629,29.0,270.0
3.568,-152.0,272.0
3.573,-44.0,268.0
3.578,-225.0,270.0
3.583,-90.0,266.0
3.5891,335.0,272.0
3.5929,121.0,268.0
3.5981,-282.0,272.0
3.6029,54.0,270.0
3.6089,268.0,274.0
3.6129,-264.0,278.0
3.6179,-299.0,282.0
3.623,339.0,288.0
3.6279,243.0,290.0
3.633,-331.0,294.0
3.6379,-89.0,294.0
3.643,350.0,298.0
3.6479,-23.0,296.0
3.6529,-358.0,300.0
3.6579,19.0,298.0
3.6629,271.0,298.0
3.6679,31.0,298.0
3.673,-120.0,296.0
3.6779,-39.0,296.0
3.683,9.0,294.0
3.6879,-2.0,292.0
3.6939,6.0,292.0
3.698,29.0,292.0
3.703,52.0,292.0
3.7079,38.0,292.0
3.7143,-106.0,294.0
3.7179,-211.0,296.0
3.723,79.0,296.0
3.7279,376.0,302.0
3.7346,26.0,298.0
3.738,-372.0,302.0
3.7438,-109.0,300.0
3.7479,149.0,298.0
3.7529,29.0,296.0
3.758,161.0,296.0
3.763,240.0,298.0
3.768,-334.0,304.0
3.7751,-516.0,310.0
3.7779,257.0,312.0
3.783,564.0,320.0
3.788,-52.0,318.0
3.7929,-354.0,324.0
3.798,-81.0,322.0
3.8029,62.0,322.0
3.8079,52.0,322.0
3.8129,99.0,322.0
3.8179,71.0,320.0
3.8229,-51.0,322.0
3.828,-158.0,320.0
3.8329,-84.0,318.0
3.838,193.0,320.0
3.8429,141.0,320.0
3.848,-277.0,324.0
3.853,-112.0,324.0
3.858,394.0,330.0
3.8629,71.0,330.0
3.8679,-376.0,336.0
3.8729,4.0,334.0
3.878,182.0,336.0
3.8835,-155.0,338.0
3.8879,9.0,338.0
3.893,286.0,342.0
3.898,-63.0,340.0
3.903,-275.0,344.0
3.9079,33.0,342.0
3.9129,140.0,342.0
3.918,-57.0,338.0
3.9239,10.0,338.0
3.9279,207.0,338.0
3.9332,-78.0,338.0
3.9383,-391.0,342.0
3.9434,28.0,342.0
3.948,424.0,348.0
3.9529,51.0,350.0
3.958,-269.0,352.0
3.9629,-32.0,350.0
3.9679,89.0,350.0
3.9732,-73.0,350.0
3.9783,-17.0,346.0
3.9839,131.0,348.0
3.988,-8.0,344.0
3.9929,-85.0,346.0
3.998,115.0,342.0
4.0029,33.0,342.0
4.008,-245.0,342.0
4.0129,-82.0,342.0
4.0179,204.0,342.0
4.0229,150.0,342.0
4.0281,30.0,342.0
4.033,-61.0,342.0
4.0379,-216.0,342.0
4.0431,-162.0,342.0
4.0479,164.0,344.0
4.053,297.0,344.0
4.0578,26.0,344.0
4.063,-235.0,344.0
4.0679,-147.0,344.0
4.0728,92.0,342.0
4.0779,168.0,342.0
4.0828,12.0,338.0
4.0879,-208.0,338.0
4.0928,-66.0,336.0
4.0979,321.0,338.0
4.1028,73.0,336.0
4.108,-427.0,340.0
4.1135,-17.0,338.0
4.1179,443.0,340.0
4.1236,-67.0,338.0
4.1278,-388.0,338.0
4.1328,69.0,336.0
4.1379,293.0,340.0
4.143,52.0,338.0
4.1479,-132.0,336.0
4.1528,-169.0,338.0
4.159,-57.0,336.0
4.1628,161.0,338.0
4.1685,173.0,336.0
4.1729,-63.0,336.0
4.1779,-169.0,330.0
4.1834,-19.0,326.0
4.1878,88.0,318.0
4.193,21.0,316.0
4.198,-12.0,306.0
4.2029,21.0,306.0
4.2079,-20.0,304.0
4.2129,-40.0,304.0
4.2179,7.0,302.0
4.2231,28.0,300.0
4.228,75.0,296.0
4.2328,-4.0,294.0
4.2379,-201.0,292.0
4.2428,-5.0,292.0
4.2479,269.0,292.0
4.253,-51.0,288.0
4.258,-236.0,288.0
4.2629,168.0,286.0
4.2678,146.0,284.0
4.2729,-265.0,282.0
4.2789,-45.0,282.0
4.283,289.0,282.0
4.2878,-36.0,282.0
4.2929,-253.0,280.0
4.2985,80.0,280.0
4.3029,177.0,280.0
4.3087,-114.0,280.0
4.3128,-74.0,280.0
4.3179,187.0,282.0
4.3228,9.0,282.0
4.3278,-266.0,286.0
4.334,-35.0,286.0
4.3379,252.0,290.0
4.3429,79.0,290.0
4.3478,-150.0,292.0
4.353,-44.0,292.0
4.358,66.0,288.0
4.363,-31.0,288.0
4.3679,-43.0,282.0
4.3729,71.0,284.0
4.3778,35.0,278.0
4.3828,-62.0,278.0
4.3879,7.0,276.0
4.3928,33.0,276.0
4.398,-90.0,274.0
4.4032,-8.0,270.0
4.4078,162.0,268.0
4.4137,-26.0,260.0
4.4181,-167.0,260.0
4.4229,88.0,252.0
4.4281,104.0,252.0
4.4332,-160.0,250.0
4.4378,-24.0,248.0
4.4428,208.0,250.0
4.4478,-31.0,250.0
4.453,-218.0,252.0
4.4578,59.0,252.0
4.4628,170.0,254.0
4.4679,-93.0,252.0
4.4729,-7.0,252.0
4.4778,218.0,252.0
4.4829,-211.0,254.0
4.4879,-442.0,256.0
4.4929,275.0,258.0
4.498,586.0,262.0
4.5029,-133.0,262.0
4.5079,-495.0,264.0
4.5131,12.0,264.0
4.5178,255.0,266.0
4.5228,-60.0,264.0
4.5279,-68.0,264.0
4.5329,187.0,264.0
4.5378,-4.0,262.0
4.5436,-290.0,262.0
4.5479,26.0,262.0
4.5529,344.0,266.0
4.5581,-23.0,266.0
4.5629,-293.0,270.0
4.5678,20.0,266.0
4.5729,107.0,268.0
4.5778,-67.0,262.0
4.5829,100.0,264.0
4.5878,131.0,258.0
4.5929,-206.0,262.0
4.598,-120.0,258.0
4.603,198.0,262.0
4.6078,0.0,260.0
4.6128,-150.0,262.0
4.6178,157.0,264.0
4.6229,134.0,264.0
4.6279,-237.0,266.0
4.633,-137.0,268.0
4.6379,194.0,270.0
4.6428,105.0,270.0
4.6479,-121.0,268.0
4.6528,-66.0,268.0
4.6578,125.0,266.0
4.6629,103.0,266.0
4.6679,-162.0,268.0
4.6728,-195.0,270.0
4.6779,124.0,268.0
4.683,206.0,270.0
4.6879,-46.0,268.0
4.6929,-103.0,264.0
4.6979,37.0,264.0
4.7028,28.0,262.0
4.7079,-93.0,260.0
4.7129,-82.0,260.0
4.7179,83.0,260.0
4.7228,196.0,262.0
4.7278,82.0,260.0
4.7328,-220.0,262.0
4.7379,-300.0,262.0
4.7428,90.0,262.0
4.7482,363.0,262.0
4.7529,75.0,262.0
4.7579,-230.0,258.0
4.763,-111.0,260.0
4.768,70.0,254.0
4.7728,16.0,254.0
4.7779,-13.0,250.0
4.7828,90.0,250.0
4.7879,19.0,248.0
4.7928,-153.0,248.0
4.7979,2.0,248.0
4.8028,192.0,248.0
4.8079,-66.0,246.0
4.8129,-223.0,248.0
4.8178,111.0,248.0
4.823,237.0,252.0
4.8279,-94.0,252.0
4.8331,-184.0,254.0
4.8379,50.0,254.0
4.8428,51.0,254.0
4.848,-61.0,256.0
4.8541,49.0,256.0
4.8579,115.0,258.0
4.8629,-21.0,258.0
4.8679,-91.0,258.0
4.8732,-44.0,258.0
4.878,-66.0,256.0
4.883,5.0,256.0
4.888,254.0,256.0
4.8929,154.0,258.0
4.8983,-309.0,258.0
4.903,-314.0,260.0
4.9079,183.0,262.0
4.9129,326.0,262.0
4.9179,-3.0,262.0
4.9228,-173.0,260.0
4.9293,-75.0,260.0
4.9328,8.0,256.0
4.9379,54.0,256.0
4.9428,35.0,254.0
4.9479,-40.0,252.0
4.9528,20.0,252.0
4.9578,93.0,250.0
4.9628,-76.0,252.0
4.968,-202.0,250.0
4.9728,38.0,250.0
4.9779,342.0,252.0
4.9828,146.0,252.0
4.9881,-427.0,258.0
4.9929,-415.0,264.0
4.9981,346.0,268.0
5.0029,571.0,276.0
5.0079,-124.0,278.0
5.013,-479.0,284.0
5.0181,-70.0,284.0
5.0228,208.0,286.0
5.0279,125.0,288.0
5.0328,75.0,288.0
5.0379,-74.0,288.0
5.0429,-278.0,292.0
5.0478,-17.0,290.0
5.0529,378.0,296.0
5.0579,131.0,296.0
5.063,-350.0,300.0
5.0679,-224.0,302.0
5.0728,188.0,302.0
5.0779,192.0,304.0
5.0828,30.0,302.0
5.0879,15.0,302.0
5.0929,-172.0,300.0
5.0979,-291.0,304.0
5.1029,152.0,304.0
5.1078,440.0,310.0
5.1132,-26.0,310.0
5.1178,-391.0,312.0
5.1229,-77.0,310.0
5.1278,244.0,308.0
5.1329,98.0,304.0
5.1392,-119.0,298.0
5.1436,-66.0,296.0
5.1478,54.0,290.0
5.1529,26.0,290.0
5.1579,-38.0,286.0
5.1629,-17.0,286.0
5.1679,28.0,284.0
5.173,32.0,282.0
5.1778,7.0,282.0
5.1829,-21.0,278.0
5.188,-43.0,278.0
5.1928,-11.0,274.0
5.1979,30.0,274.0
5.2029,-21.0,270.0
5.2078,34.0,270.0
5.2128,174.0,270.0
5.2179,-84.0,270.0
5.2229,-354.0,274.0
5.228,42.0,274.0
5.2328,393.0,276.0
5.2378,69.0,276.0
5.2435,-251.0,276.0
5.2482,-146.0,278.0
5.2529,80.0,278.0
5.2579,149.0,278.0
5.2629,-35.0,276.0
5.2679,-141.0,274.0
5.2728,91.0,274.0
5.2778,139.0,272.0
5.2828,-142.0,274.0
5.2878,-93.0,272.0
5.2929,140.0,274.0
5.2979,-7.0,272.0
5.3029,-82.0,272.0
5.308,117.0,272.0
5.3129,-27.0,268.0
5.3178,-229.0,270.0
5.3228,154.0,270.0
5.3278,344.0,274.0
5.3328,-234.0,276.0
5.3378,-409.0,282.0
5.3429,217.0,284.0
5.3479,370.0,290.0
5.3529,-121.0,290.0
5.3579,-259.0,292.0
5.3629,-8.0,290.0
5.3678,117.0,290.0
5.3728,130.0,288.0
5.3779,57.0,284.0
5.3828,-202.0,286.0
5.3878,-216.0,284.0
5.3929,229.0,286.0
5.398,261.0,288.0
5.4028,-254.0,290.0
5.4079,-187.0,292.0
5.4129,285.0,296.0
5.4178,74.0,296.0
5.4229,-293.0,300.0
5.4279,42.0,300.0
5.4328,294.0,302.0
5.4379,-155.0,304.0
5.4428,-333.0,306.0
5.4479,198.0,308.0
5.453,382.0,312.0
5.4579,-132.0,312.0
5.4628,-350.0,314.0
5.4679,50.0,312.0
5.4729,223.0,314.0
5.4778,-62.0,314.0
5.4829,-107.0,314.0
5.488,150.0,316.0
5.4928,87.0,316.0
5.4978,-177.0,318.0
5.5028,-110.0,318.0
5.5078,50.0,318.0
5.5129,50.0,318.0
5.5179,137.0,320.0
5.5228,116.0,322.0
5.5278,-185.0,320.0
5.5329,-259.0,322.0
5.538,40.0,318.0
5.5428,240.0,316.0
5.5478,101.0,314.0
5.5528,-87.0,312.0
5.5579,-41.0,312.0
5.5629,-48.0,310.0
5.5678,-183.0,312.0
5.5728,74.0,312.0
5.5779,370.0,318.0
5.5828,-39.0,318.0
5.5879,-406.0,324.0
5.5928,47.0,324.0
5.5979,353.0,328.0
5.6029,-95.0,328.0
5.6079,-308.0,330.0
5.6129,94.0,330.0
5.6178,285.0,330.0
5.6228,6.0,328.0
5.6282,-242.0,324.0
5.6329,-170.0,320.0
5.6379,134.0,318.0
5.6429,286.0,314.0
5.6479,28.0,312.0
5.6531,-256.0,308.0
5.6579,-148.0,310.0
5.6629,127.0,308.0
5.6678,167.0,308.0
5.6729,-49.0,308.0
5.6779,-159.0,310.0
5.6829,78.0,306.0
5.6881,204.0,310.0
5.6929,-98.0,306.0
5.6978,-241.0,306.0
5.7028,2.0,302.0
5.7079,169.0,300.0
5.7129,151.0,300.0
5.7179,6.0,296.0
5.7228,-214.0,300.0
5.7279,-161.0,302.0
5.7328,133.0,302.0
5.7379,201.0,300.0
5.7429,16.0,298.0
5.7478,-148.0,294.0
5.7528,-136.0,296.0
5.7578,55.0,290.0
5.7629,161.0,292.0
5.7679,41.0,288.0
5.776,-83.0,288.0
5.7778,-68.0,288.0
5.7828,18.0,286.0
5.7878,-2.0,286.0
5.7928,-76.0,286.0
5.7979,43.0,286.0
5.8028,162.0,288.0
5.8078,36.0,288.0
5.8128,-98.0,290.0
5.8179,-104.0,292.0
5.8228,-86.0,292.0
5.8278,24.0,292.0
5.8329,203.0,294.0
5.8379,116.0,296.0
5.8428,-182.0,298.0
5.8488,-192.0,302.0
5.8529,129.0,300.0
5.8578,252.0,304.0
5.8629,-110.0,300.0
5.8678,-382.0,304.0
5.8728,57.0,300.0
5.8779,521.0,306.0
5.8828,50.0,304.0
5.8879,-569.0,310.0
5.8928,-116.0,310.0
5.8978,546.0,316.0
5.9028,93.0,318.0
5.908,-528.0,324.0
5.9131,-48.0,324.0
5.918,509.0,328.0
5.9229,12.0,326.0
5.9278,-432.0,332.0
5.933,100.0,332.0
5.9378,333.0,336.0
5.9429,-311.0,340.0
5.9479,-318.0,344.0
5.9532,448.0,350.0
5.9578,373.0,352.0
5.9628,-359.0,356.0
5.9679,-357.0,356.0
5.973,170.0,354.0
5.9779,221.0,352.0
5.9828,-121.0,350.0
5.9879,-76.0,346.0
5.9928,235.0,348.0
5.998,21.0,344.0
6.0029,-351.0,348.0
6.0078,-38.0,348.0
6.0128,345.0,352.0
6.0178,55.0,350.0
6.023,-219.0,352.0
6.0278,-5.0,348.0
6.0328,83.0,346.0
6.0379,-138.0,344.0
6.0428,-112.0,342.0
6.0479,322.0,344.0
6.0531,389.0,346.0
6.0579,-395.0,350.0
6.0629,-706.0,356.0
6.0678,257.0,360.0
6.0728,708.0,366.0
6.0778,-52.0,364.0
6.083,-343.0,366.0
6.0879,2.0,362.0
6.0928,-67.0,358.0
6.0977,-96.0,356.0
6.1027,249.0,354.0
6.108,132.0,356.0
6.113,-216.0,356.0
6.1178,-4.0,356.0
6.1228,133.0,356.0
6.1278,-182.0,356.0
6.1328,-104.0,356.0
6.1378,266.0,358.0
6.143,100.0,358.0
6.1479,-229.0,360.0
6.1528,-84.0,360.0
6.1585,164.0,362.0
6.1638,101.0,362.0
6.1682,-108.0,360.0
6.1729,-164.0,358.0
6.1778,40.0,358.0
6.1829,174.0,358.0
6.1877,-14.0,356.0
6.1928,-96.0,356.0
6.1979,89.0,356.0
6.203,70.0,358.0
6.208,-163.0,358.0
6.2127,-168.0,358.0
6.2178,102.0,354.0
6.2235,249.0,358.0
6.2281,45.0,352.0
6.2331,-210.0,354.0
6.2378,-121.0,350.0
6.2428,143.0,352.0
6.2479,80.0,348.0
6.2528,-156.0,350.0
6.2579,-19.0,344.0
6.2638,202.0,348.0
6.2677,35.0,344.0
6.2728,-186.0,344.0
6.2779,-141.0,346.0
6.283,108.0,342.0
6.2879,292.0,346.0
6.2929,-20.0,342.0
6.2978,-430.0,348.0
6.3027,-25.0,346.0
6.3079,492.0,350.0
6.3131,-34.0,350.0
6.318,-455.0,354.0
6.3229,202.0,356.0
6.3278,363.0,360.0
6.3329,-342.0,364.0
6.3379,-256.0,364.0
6.3431,321.0,368.0
6.348,120.0,368.0
6.3528,-178.0,368.0
6.3579,31.0,368.0
6.3629,65.0,366.0
6.3679,-130.0,366.0
6.373,-55.0,364.0
6.3778,142.0,364.0
6.3828,102.0,364.0
6.3877,-94.0,364.0
6.3929,-155.0,364.0
6.3979,20.0,364.0
6.4029,180.0,364.0
6.4078,39.0,364.0
6.4128,-133.0,364.0
6.4179,-20.0,364.0
6.4228,39.0,364.0
6.428,-67.0,366.0
6.4329,13.0,364.0
6.4379,94.0,366.0
6.4429,-18.0,362.0
6.4479,4.0,362.0
6.4529,21.0,362.0
6.4579,-83.0,360.0
6.4629,24.0,360.0
6.4679,5.0,360.0
6.4729,-165.0,360.0
6.4779,141.0,360.0
6.483,311.0,362.0
6.4879,-216.0,362.0
6.4929,-348.0,366.0
6.498,214.0,364.0
6.5029,275.0,368.0
6.5079,-189.0,364.0
6.5131,-172.0,366.0
6.5181,156.0,360.0
6.5229,58.0,360.0
6.528,-137.0,354.0
6.5329,102.0,354.0
6.5379,187.0,348.0
6.543,-286.0,350.0
6.5481,-310.0,348.0
6.5529,379.0,352.0
6.5579,414.0,352.0
6.5645,-305.0,356.0
6.5686,-392.0,356.0
6.5729,137.0,356.0
6.5779,241.0,354.0
6.5828,-29.0,350.0
6.5879,-71.0,346.0
6.5928,71.0,340.0
6.5979,-6.0,334.0
6.6029,-188.0,332.0
6.6078,-1.0,326.0
6.6128,244.0,328.0
6.6178,47.0,324.0
6.6241,-185.0,326.0
6.6282,-109.0,326.0
6.6328,32.0,322.0
6.6378,118.0,324.0
6.6429,121.0,320.0
6.6479,-10.0,320.0
6.6531,-135.0,318.0
6.6578,-123.0,318.0
6.6629,-21.0,316.0
6.6686,121.0,316.0
6.6729,203.0,318.0
6.6779,61.0,318.0
6.6829,-234.0,320.0
6.6878,-286.0,318.0
6.6928,85.0,314.0
6.6979,341.0,314.0
6.7028,79.0,304.0
6.7079,-171.0,302.0
6.713,-72.0,292.0
6.7179,-41.0,292.0
6.7228,-79.0,288.0
6.7277,105.0,290.0
6.7331,167.0,292.0
6.7379,-58.0,290.0
6.7428,-91.0,288.0
6.7478,45.0,286.0
6.7529,-31.0,284.0
6.7579,-64.0,284.0
6.7631,112.0,284.0
6.7685,17.0,282.0
6.7728,-218.0,284.0
6.7778,65.0,280.0
6.7828,377.0,284.0
6.7878,-67.0,282.0
6.7932,-459.0,288.0
6.7983,-10.0,286.0
6.8028,372.0,290.0
6.8078,48.0,290.0
6.8128,-199.0,290.0
6.8178,-3.0,290.0
6.8229,49.0,288.0
6.828,-26.0,288.0
6.8328,99.0,288.0
6.8379,-12.0,286.0
6.8429,-289.0,290.0
6.8478,39.0,288.0
6.853,411.0,292.0
6.8578,-23.0,290.0
6.863,-306.0,292.0
6.8678,81.0,292.0
6.8728,31.0,288.0
6.8785,-272.0,292.0
6.8829,150.0,292.0
6.8878,433.0,296.0
6.8928,-102.0,296.0
6.8978,-376.0,302.0
6.9028,-12.0,298.0
6.9079,143.0,300.0
6.9129,-9.0,298.0
6.9178,25.0,296.0
6.9228,109.0,296.0
6.9279,19.0,292.0
6.9329,-56.0,292.0
6.9379,-132.0,288.0
6.9431,-165.0,290.0
6.948,80.0,284.0
6.9528,289.0,288.0
6.9578,95.0,282.0
6.9628,-148.0,280.0
6.9679,-151.0,278.0
6.9728,-103.0,274.0
6.9778,4.0,270.0
6.9828,211.0,268.0
6.9879,165.0,268.0
6.9933,-121.0,268.0
6.9981,-149.0,270.0
7.003,-3.0,268.0
7.008,-55.0,268.0
7.0134,20.0,266.0
7.0179,271.0,268.0
7.0229,48.0,268.0
7.0283,-363.0,272.0
7.0329,-102.0,272.0
7.0378,343.0,276.0
7.0428,102.0,276.0
7.0478,-267.0,278.0
7.0528,-74.0,278.0
7.0579,183.0,280.0
7.0629,43.0,280.0
7.0679,-136.0,282.0
7.0728,-33.0,282.0
7.0779,134.0,282.0
7.0829,33.0,282.0
7.0882,-143.0,284.0
7.0939,6.0,284.0
7.0979,143.0,286.0
7.1028,-72.0,286.0
7.1081,-123.0,288.0
7.1128,93.0,288.0
7.1183,72.0,286.0
7.1229,-61.0,282.0
7.128,-15.0,278.0
7.1328,7.0,274.0
7.1378,-19.0,270.0
7.1433,55.0,268.0
7.1488,60.0,266.0
7.153,-78.0,264.0
7.1578,-102.0,262.0
7.163,17.0,262.0
7.1678,80.0,262.0
7.1734,73.0,260.0
7.1782,-12.0,258.0
7.1829,-118.0,256.0
7.1879,3.0,250.0
7.1928,134.0,246.0
7.1979,-70.0,242.0
7.2043,-150.0,240.0
7.208,110.0,234.0
7.2133,113.0,234.0
7.2179,-65.0,232.0
7.2228,27.0,232.0
7.2285,11.0,230.0
7.2333,-196.0,232.0
7.238,-40.0,234.0
7.243,253.0,234.0
7.248,109.0,236.0
7.2532,-193.0,234.0
7.2583,-86.0,236.0
7.2631,167.0,236.0
7.268,-19.0,234.0
7.273,-241.0,238.0
7.2783,54.0,236.0
7.2832,294.0,238.0
7.2885,28.0,240.0
7.2928,-221.0,240.0
7.2979,-114.0,240.0
7.3031,75.0,242.0
7.308,96.0,240.0
7.3134,10.0,238.0
7.3183,-15.0,238.0
7.323,39.0,234.0
7.3279,3.0,230.0
7.333,-135.0,230.0
7.338,-92.0,226.0
7.3433,113.0,226.0
7.3478,163.0,226.0
7.3529,26.0,226.0
7.3578,-120.0,228.0
7.3631,-139.0,228.0
7.3681,20.0,226.0
7.3728,141.0,226.0
7.3778,30.0,226.0
7.3837,-79.0,226.0
7.3878,2.0,226.0
7.3938,59.0,226.0
7.3978,-56.0,226.0
7.4034,-134.0,226.0
7.4077,48.0,226.0
7.4129,227.0,226.0
7.418,29.0,226.0
7.4233,-205.0,224.0
7.4279,-90.0,224.0
7.4333,47.0,218.0
7.4379,37.0,218.0
7.4434,110.0,214.0
7.4481,108.0,214.0
7.453,-126.0,214.0
7.4577,-205.0,216.0
7.4633,16.0,216.0
7.4679,150.0,218.0
7.473,68.0,218.0
7.4781,5.0,218.0
7.4832,-24.0,214.0
7.4881,-141.0,214.0
7.4928,-99.0,210.0
7.4978,207.0,212.0
7.5028,182.0,210.0
7.5078,-237.0,214.0
7.5135,-198.0,216.0
7.5179,227.0,216.0
7.5228,187.0,216.0
7.5277,-123.0,210.0
7.5328,-110.0,212.0
7.5382,-30.0,206.0
7.5433,-74.0,206.0
7.5477,78.0,206.0
7.5533,244.0,210.0
7.5579,10.0,210.0
7.5634,-222.0,210.0
7.5682,-66.0,212.0
7.5734,53.0,212.0
7.5778,-11.0,210.0
7.5829,43.0,208.0
7.588,79.0,208.0
7.5931,6.0,204.0
7.5982,6.0,202.0
7.6028,-52.0,200.0
7.6079,-149.0,200.0
7.6129,-10.0,198.0
7.618,182.0,202.0
7.6231,98.0,200.0
7.6284,-123.0,200.0
7.6328,-143.0,200.0
7.6379,122.0,200.0
7.6431,246.0,202.0
7.6482,-177.0,204.0
7.6533,-462.0,212.0
7.6583,108.0,210.0
7.6634,601.0,218.0
7.6677,107.0,214.0
7.673,-468.0,220.0
7.6782,-243.0,218.0
7.6831,159.0,218.0
7.6884,174.0,218.0
7.6936,53.0,218.0
7.6984,-51.0,216.0
7.7044,-48.0,216.0
7.7078,71.0,214.0
7.7134,-41.0,214.0
7.7183,-203.0,216.0
7.7228,28.0,216.0
7.7284,252.0,216.0
7.733,102.0,218.0
7.7382,-123.0,218.0
7.7434,-210.0,220.0
7.7482,-82.0,220.0
7.753,189.0,222.0
7.7581,203.0,224.0
7.763,-80.0,224.0
7.7679,-167.0,226.0
7.7733,2.0,226.0
7.778,49.0,226.0
7.7829,-18.0,226.0
7.7883,8.0,224.0
7.793,84.0,224.0
7.7984,72.0,224.0
7.8029,-104.0,226.0
7.8079,-230.0,228.0
7.8128,33.0,228.0
7.8177,323.0,232.0
7.8228,72.0,232.0
7.8281,-286.0,236.0
7.8329,-113.0,236.0
7.8378,179.0,238.0
7.8428,48.0,236.0
7.8478,-104.0,236.0
7.8529,49.0,234.0
7.8582,113.0,236.0
7.8629,-65.0,236.0
7.8679,-190.0,238.0
7.8728,-37.0,236.0
7.8778,251.0,240.0
7.8831,189.0,238.0
7.8879,-199.0,240.0
7.8929,-282.0,242.0
7.8978,53.0,242.0
7.9028,277.0,242.0
7.908,57.0,244.0
7.913,-223.0,244.0
7.9179,-84.0,244.0
7.9229,167.0,242.0
7.9277,79.0,242.0
7.9328,-97.0,240.0
7.9379,-72.0,240.0
7.943,-5.0,238.0
7.9479,46.0,238.0
7.953,136.0,240.0
7.9578,22.0,240.0
7.963,-256.0,244.0
7.9681,-109.0,246.0
7.973,302.0,248.0
7.978,146.0,248.0
7.9829,-253.0,250.0
7.9878,-96.0,250.0
7.9928,154.0,252.0
7.9978,-26.0,250.0
8.0037,-83.0,250.0
8.0078,166.0,252.0
8.0129,107.0,252.0
8.0179,-222.0,254.0
8.0231,-192.0,256.0
8.0279,147.0,258.0
8.0329,209.0,260.0
8.0379,-50.0,260.0
8.0428,-146.0,260.0
8.0479,46.0,260.0
8.0529,150.0,260.0
8.0581,-66.0,260.0
8.063,-243.0,260.0
8.0678,4.0,260.0
8.0728,250.0,262.0
8.0778,59.0,262.0
8.0831,-103.0,262.0
8.088,18.0,262.0
8.0928,-15.0,260.0
8.0978,-173.0,258.0
8.1028,-25.0,260.0
8.1078,201.0,260.0
8.113,93.0,260.0
8.1179,-48.0,260.0
8.1228,-3.0,260.0
8.1278,-97.0,260.0
8.1328,-182.0,262.0
8.1379,70.0,260.0
8.1431,231.0,260.0
8.1478,44.0,256.0
8.1528,-83.0,254.0
8.1578,-55.0,252.0
8.1629,-58.0,250.0
8.168,-35.0,248.0
8.1729,18.0,248.0
8.178,46.0,248.0
8.1828,105.0,248.0
8.1878,122.0,248.0
8.1929,-50.0,246.0
8.198,-328.0,250.0
8.2028,-228.0,250.0
8.209,331.0,256.0
8.2137,438.0,262.0
8.2178,-129.0,262.0
8.2229,-351.0,268.0
8.2281,-49.0,268.0
8.233,97.0,268.0
8.238,82.0,270.0
8.2428,69.0,270.0
8.2479,-47.0,268.0
8.253,-82.0,270.0
8.258,44.0,268.0
8.2629,25.0,266.0
8.2679,-63.0,266.0
8.2728,46.0,264.0
8.2779,59.0,262.0
8.2829,-132.0,262.0
8.288,-54.0,260.0
8.2931,201.0,256.0
8.298,104.0,256.0
8.303,-191.0,248.0
8.3081,-199.0,250.0
8.313,84.0,244.0
8.3184,254.0,244.0
8.3228,53.0,242.0
8.3279,-206.0,244.0
8.333,-132.0,244.0
8.3378,96.0,246.0
8.3431,114.0,246.0
8.348,-28.0,246.0
8.353,-8.0,244.0
8.3578,79.0,242.0
8.3628,-101.0,244.0
8.368,-189.0,244.0
8.373,92.0,242.0
8.378,187.0,244.0
8.3829,10.0,240.0
8.3878,-23.0,240.0
8.393,-62.0,238.0
8.398,-155.0,238.0
8.4029,12.0,236.0
8.409,195.0,236.0
8.4129,55.0,238.0
8.4179,-93.0,238.0
8.423,-56.0,238.0
8.428,-50.0,240.0
8.4328,-8.0,238.0
8.4379,139.0,240.0
8.4427,64.0,238.0
8.4477,-152.0,238.0
8.4528,-64.0,238.0
8.458,128.0,234.0
8.4629,32.0,234.0
8.4678,-105.0,232.0
8.4727,10.0,230.0
8.4778,102.0,228.0
8.4829,-56.0,228.0
8.488,-132.0,230.0
8.4928,70.0,230.0
8.4978,174.0,230.0
8.5027,-3.0,230.0
8.5078,-144.0,228.0
8.5134,-110.0,230.0
8.518,-5.0,226.0
8.5228,132.0,226.0
8.5278,176.0,224.0
8.5328,16.0,220.0
8.5381,-217.0,224.0
8.543,-206.0,222.0
8.5478,125.0,224.0
8.5529,255.0,224.0
8.5578,-53.0,224.0
8.5627,-182.0,224.0
8.568,113.0,224.0
8.5729,150.0,224.0
8.5779,-248.0,228.0
8.5829,-218.0,230.0
8.5878,310.0,234.0
8.5928,272.0,238.0
8.5978,-235.0,240.0
8.603,-202.0,240.0
8.6078,92.0,240.0
8.6128,38.0,236.0
8.6178,8.0,232.0
8.6229,98.0,230.0
8.6283,-29.0,230.0
8.6329,-134.0,230.0
8.6378,1.0,228.0
8.6428,88.0,228.0
8.6477,42.0,226.0
8.6529,-7.0,226.0
8.658,-69.0,222.0
8.663,-77.0,222.0
8.6678,66.0,220.0
8.6727,124.0,218.0
8.6778,-80.0,220.0
8.683,-139.0,218.0
8.688,130.0,220.0
8.6929,173.0,220.0
8.6978,-147.0,222.0
8.7028,-207.0,222.0
8.7078,109.0,222.0
8.713,184.0,222.0
8.7179,-105.0,222.0
8.7229,-154.0,224.0
8.7278,193.0,226.0
8.7328,222.0,230.0
8.738,-282.0,232.0
8.7431,-356.0,236.0
8.748,237.0,236.0
8.7528,376.0,242.0
8.7578,-79.0,242.0
8.7628,-192.0,244.0
8.7681,-36.0,244.0
8.7729,-53.0,242.0
8.7779,31.0,242.0
8.7828,154.0,240.0
8.7878,6.0,240.0
8.7929,-80.0,240.0
8.798,23.0,238.0
8.8029,0.0,238.0
8.8079,-78.0,238.0
8.8128,-48.0,240.0
8.8177,50.0,240.0
8.823,156.0,240.0
8.8283,53.0,238.0
8.833,-206.0,242.0
8.8378,-131.0,238.0
8.8428,203.0,238.0
8.8477,145.0,234.0
8.8532,-194.0,232.0
8.8579,-145.0,232.0
8.8629,152.0,228.0
8.8678,152.0,230.0
8.8728,-54.0,230.0
8.8779,-119.0,230.0
8.8829,-47.0,230.0
8.8879,34.0,230.0
8.8928,102.0,230.0
8.8978,50.0,230.0
8.9028,-123.0,232.0
8.9079,-103.0,232.0
8.913,129.0,234.0
8.9178,128.0,234.0
8.9236,-106.0,234.0
8.928,-106.0,234.0
8.9328,61.0,232.0
8.9379,18.0,230.0
8.9429,-24.0,228.0
8.9479,80.0,226.0
8.9529,13.0,226.0
8.9578,-78.0,222.0
8.963,-6.0,222.0
8.968,-44.0,220.0
8.9728,-23.0,218.0
8.978,178.0,218.0
8.983,67.0,218.0
8.9878,-234.0,222.0
8.993,-89.0,222.0
8.9978,213.0,224.0
9.003,58.0,224.0
9.008,-167.0,224.0
9.0127,4.0,222.0
9.0177,134.0,222.0
9.0228,-20.0,222.0
9.028,-101.0,222.0
9.033,-68.0,224.0
9.038,38.0,222.0
9.0429,203.0,224.0
9.0479,30.0,222.0
9.0528,-269.0,224.0
9.0577,-37.0,224.0
9.0629,235.0,226.0
9.0679,-42.0,226.0
9.0728,-187.0,230.0
9.0781,144.0,230.0
9.083,199.0,232.0
9.088,-169.0,232.0
9.0929,-221.0,234.0
9.0979,96.0,234.0
9.1028,145.0,236.0
9.1078,-7.0,234.0
9.1128,36.0,234.0
9.1179,8.0,234.0
9.123,-200.0,236.0
9.1278,-109.0,236.0
9.1327,227.0,238.0
9.1377,201.0,238.0
9.1429,-143.0,240.0
9.1479,-198.0,240.0
9.1529,62.0,240.0
9.1577,184.0,242.0
9.1627,-32.0,242.0
9.1677,-276.0,242.0
9.1728,3.0,242.0
9.1778,396.0,246.0
9.1828,39.0,242.0
9.1878,-371.0,246.0
9.1928,-30.0,244.0
9.198,189.0,246.0
9.2028,-63.0,244.0
9.2078,0.0,242.0
9.2128,157.0,242.0
9.2177,-80.0,240.0
9.223,-153.0,238.0
9.2281,64.0,234.0
9.2328,52.0,230.0
9.2378,-49.0,228.0
9.2436,62.0,226.0
9.2477,115.0,226.0
9.2529,-102.0,228.0
9.258,-227.0,230.0
9.263,35.0,230.0
9.2678,256.0,234.0
9.2727,75.0,232.0
9.2777,-141.0,234.0
9.283,-131.0,236.0
9.288,-17.0,234.0
9.2928,106.0,236.0
9.2978,87.0,236.0
9.3028,-60.0,236.0
9.3078,-72.0,236.0
9.3132,21.0,234.0
9.318,66.0,234.0
9.3229,77.0,234.0
9.3277,-68.0,232.0
9.3335,-246.0,234.0
9.3378,-10.0,232.0
9.3431,327.0,234.0
9.3479,132.0,234.0
9.3528,-187.0,234.0
9.3578,-136.0,234.0
9.3628,-49.0,232.0
9.3678,-6.0,230.0
9.373,155.0,228.0
9.3778,100.0,226.0
9.3828,-117.0,222.0
9.3877,13.0,218.0
9.3928,126.0,214.0
9.3977,-204.0,216.0
9.4028,-247.0,218.0
9.4078,261.0,222.0
9.4128,332.0,226.0
9.4178,-173.0,228.0
9.4232,-285.0,230.0
9.428,43.0,230.0
9.434,157.0,232.0
9.4378,74.0,232.0
9.4427,-30.0,232.0
9.4479,-150.0,234.0
9.4528,-36.0,234.0
9.4579,162.0,236.0
9.4628,23.0,234.0
9.4678,-97.0,234.0
9.4727,55.0,232.0
9.4779,-2.0,230.0
9.4828,-146.0,228.0
9.4878,27.0,228.0
9.4929,147.0,226.0
9.4977,41.0,224.0
9.5027,-30.0,222.0
9.5079,-92.0,222.0
9.513,-79.0,222.0
9.5179,77.0,222.0
9.5229,80.0,222.0
9.5278,-57.0,222.0
9.5327,-42.0,222.0
9.5379,48.0,222.0
9.5429,79.0,220.0
9.5478,0.0,220.0
9.5529,-180.0,220.0
9.5578,-93.0,220.0
9.5627,238.0,222.0
9.568,158.0,222.0
9.573,-202.0,224.0
9.578,-153.0,226.0
9.5828,107.0,228.0
9.5877,95.0,228.0
9.5928,-4.0,228.0
9.5979,-27.0,228.0
9.6029,-93.0,228.0
9.608,-19.0,228.0
9.6127,173.0,230.0
9.6177,39.0,228.0
9.6229,-192.0,230.0
9.6282,-24.0,228.0
9.6329,146.0,228.0
9.6378,-36.0,226.0
9.6429,-109.0,226.0
9.6479,98.0,224.0
9.653,122.0,226.0
9.658,-94.0,226.0
9.6628,-136.0,228.0
9.6678,46.0,228.0
9.6727,108.0,228.0
9.6779,-31.0,228.0
9.683,-61.0,226.0
9.688,65.0,226.0
9.6928,18.0,222.0
9.6979,-98.0,222.0
9.7027,45.0,220.0
9.7081,124.0,222.0
9.7133,-136.0,220.0
9.718,-171.0,220.0
9.7229,168.0,220.0
9.7277,201.0,220.0
9.7328,-100.0,218.0
9.7378,-163.0,220.0
9.7429,-1.0,218.0
9.7479,119.0,220.0
9.7528,85.0,220.0
9.7577,-145.0,222.0
9.763,-171.0,222.0
9.7679,204.0,224.0
9.7728,257.0,224.0
9.778,-202.0,224.0
9.7829,-289.0,226.0
9.7878,125.0,226.0
9.7927,235.0,228.0
9.7979,-46.0,226.0
9.803,-125.0,228.0
9.808,46.0,224.0
9.8128,35.0,224.0
9.8178,-124.0,220.0
9.8228,-32.0,220.0
9.828,197.0,216.0
9.8329,95.0,218.0
9.8379,-182.0,218.0
9.8438,-113.0,218.0
9.8477,70.0,220.0
9.8529,-10.0,218.0
9.8579,48.0,216.0
9.8628,247.0,218.0
9.8678,-30.0,218.0
9.8729,-404.0,224.0
9.8777,-140.0,224.0
9.8829,296.0,228.0
9.8879,266.0,230.0
9.8929,0.0,230.0
9.8978,-171.0,228.0
9.9028,-190.0,230.0
9.9079,-40.0,228.0
9.913,116.0,228.0
9.9179,130.0,228.0
9.923,101.0,228.0
9.9278,-50.0,228.0
9.9328,-286.0,230.0
9.9378,-39.0,230.0
9.943,391.0,236.0
9.9478,47.0,234.0
9.9528,-417.0,240.0
9.9578,-28.0,240.0
9.9628,328.0,244.0
9.9678,1.0,244.0
9.973,-149.0,242.0
9.9779,41.0,242.0
9.9828,-10.0,238.0
9.9878,-50.0,236.0
9.9928,110.0,234.0
9.9977,7.0,232.0
10.0029,-193.0,234.0
10.0079,0.0,234.0
10.0127,269.0,236.0
10.0177,121.0,236.0
10.023,-252.0,240.0
10.0279,-309.0,244.0
10.033,105.0,244.0
10.0378,367.0,246.0
10.0427,34.0,242.0
10.0485,-250.0,242.0
10.0528,-34.0,238.0
10.0578,118.0,236.0
10.0629,-22.0,232.0
10.0679,-70.0,234.0
10.0728,-24.0,232.0
10.0778,22.0,230.0
10.0829,164.0,232.0
10.0879,102.0,232.0
10.0928,-205.0,234.0
10.0978,-212.0,236.0
10.1027,52.0,236.0
10.108,172.0,236.0
10.113,105.0,238.0
10.1179,-38.0,238.0
10.1228,-71.0,236.0
10.1277,-4.0,236.0
10.1329,-90.0,236.0
10.1377,-110.0,236.0
10.143,178.0,240.0
10.1487,267.0,242.0
10.1527,-120.0,242.0
10.1579,-337.0,246.0
10.163,18.0,246.0
10.1679,308.0,250.0
10.1729,28.0,250.0
10.1778,-221.0,252.0
10.1828,-12.0,250.0
10.1879,97.0,252.0
10.1928,-34.0,250.0
10.1977,3.0,248.0
10.2028,57.0,246.0
10.2079,-32.0,244.0
10.2128,-12.0,240.0
10.2177,37.0,240.0
10.2228,-74.0,238.0
10.2281,-66.0,238.0
10.2329,144.0,240.0
10.2379,80.0,242.0
10.2427,-183.0,242.0
10.2479,-47.0,242.0
10.2527,185.0,244.0
10.2578,-11.0,242.0
10.2628,-147.0,242.0
10.2682,63.0,242.0
10.2727,106.0,242.0
10.278,-76.0,242.0
10.2827,-94.0,242.0
10.2879,47.0,242.0
10.2929,89.0,242.0
10.2978,-22.0,240.0
10.3027,-73.0,238.0
10.308,12.0,238.0
10.313,71.0,238.0
10.3179,28.0,238.0
10.3228,-97.0,238.0
10.3278,-84.0,238.0
10.3327,143.0,240.0
10.3378,91.0,240.0
10.3431,-207.0,244.0
10.3478,-61.0,242.0
10.3528,256.0,244.0
10.3577,52.0,242.0
10.3629,-212.0,242.0
10.3679,-60.0,240.0
10.3729,59.0,240.0
10.3779,41.0,238.0
10.3829,81.0,240.0
10.3877,-21.0,238.0
10.3928,-93.0,238.0
10.3977,89.0,238.0
10.4028,14.0,234.0
10.4079,-285.0,236.0
10.4128,25.0,232.0
10.4177,522.0,238.0
10.4229,35.0,234.0
10.4281,-633.0,242.0
10.4331,-118.0,240.0
10.4378,537.0,248.0
10.4428,91.0,246.0
10.4477,-334.0,250.0
10.4529,65.0,252.0
10.4577,191.0,252.0
10.4629,-224.0,256.0
10.4678,-137.0,254.0
10.4728,289.0,258.0
10.4777,64.0,256.0
10.483,-322.0,260.0
10.4879,85.0,260.0
10.4928,439.0,266.0
10.4978,-201.0,268.0
10.5028,-586.0,274.0
10.5077,178.0,276.0
10.5128,590.0,278.0
10.518,-81.0,278.0
10.5231,-422.0,280.0
10.5278,31.0,276.0
10.5329,250.0,280.0
10.5378,-24.0,278.0
10.543,-188.0,278.0
10.5478,-9.0,278.0
10.5528,155.0,278.0
10.5578,60.0,276.0
10.563,-44.0,276.0
10.5681,-57.0,276.0
10.5728,-93.0,274.0
10.5779,1.0,272.0
10.5828,142.0,268.0
10.5878,32.0,268.0
10.5929,-99.0,264.0
10.598,-6.0,264.0
10.6028,48.0,258.0
10.608,-43.0,260.0
10.6127,-28.0,258.0
10.6177,81.0,258.0
10.6228,31.0,258.0
10.6281,-93.0,260.0
10.633,-69.0,258.0
10.638,48.0,260.0
10.6427,139.0,258.0
10.6478,68.0,260.0
10.6529,-177.0,258.0
10.6582,-186.0,258.0
10.6628,127.0,256.0
10.669,217.0,256.0
10.6736,-17.0,254.0
10.6778,-162.0,250.0
10.6827,-74.0,252.0
10.6879,71.0,248.0
10.6928,79.0,250.0
10.6978,-4.0,248.0
10.7027,-3.0,248.0
10.7077,18.0,246.0
10.7131,-79.0,248.0
10.7179,-126.0,248.0
10.7229,88.0,248.0
10.7278,256.0,250.0
10.7327,12.0,248.0
10.7378,-272.0,248.0
10.743,-148.0,250.0
10.748,117.0,248.0
10.7529,188.0,250.0
10.7578,97.0,250.0
10.7629,-106.0,252.0
10.7679,-246.0,256.0
10.7728,-14.0,254.0
10.7779,308.0,258.0
10.7828,113.0,256.0
10.7878,-275.0,256.0
10.7931,-145.0,256.0
10.7979,133.0,254.0
10.8028,80.0,254.0
10.808,58.0,250.0
10.8128,46.0,250.0
10.8177,-188.0,250.0
10.823,-178.0,252.0
10.8279,184.0,254.0
10.8329,272.0,258.0
10.8379,-77.0,260.0
10.8427,-285.0,262.0
10.8477,-36.0,262.0
10.8529,217.0,266.0
10.8579,110.0,268.0
10.863,-116.0,268.0
10.8679,-159.0,270.0
10.8727,7.0,268.0
10.8777,181.0,268.0
10.883,101.0,268.0
10.888,-138.0,268.0
10.8928,-155.0,268.0
10.8977,28.0,268.0
10.9027,84.0,268.0
10.9077,97.0,268.0
10.9128,92.0,268.0
10.918,-185.0,270.0
10.9229,-258.0,272.0
10.9278,202.0,274.0
10.9327,315.0,278.0
10.9378,-153.0,280.0
10.943,-250.0,282.0
10.9478,86.0,284.0
10.9528,126.0,286.0
10.9577,-47.0,286.0
10.9628,-15.0,284.0
10.969,34.0,284.0
10.9729,-78.0,282.0
10.9778,-36.0,282.0
10.9827,177.0,280.0
10.9878,84.0,282.0
10.993,-206.0,280.0
10.9978,-185.0,282.0
11.0029,72.0,280.0
11.0078,243.0,284.0
11.0128,141.0,284.0
11.0178,-167.0,286.0
11.023,-234.0,288.0
11.0279,18.0,288.0
11.0329,134.0,290.0
11.0378,71.0,290.0
11.0427,16.0,290.0
11.0479,-83.0,286.0
11.0531,-32.0,286.0
11.0579,124.0,280.0
11.0629,-88.0,280.0
11.0678,-245.0,274.0
11.0728,189.0,276.0
11.0777,349.0,272.0
11.083,-164.0,274.0
11.088,-326.0,274.0
11.0929,52.0,274.0
11.0977,189.0,274.0
11.1027,47.0,270.0
11.1078,-29.0,270.0
11.1131,-97.0,266.0
11.118,-75.0,266.0
11.1228,134.0,264.0
11.1278,99.0,264.0
11.1328,-199.0,260.0
11.1377,-40.0,258.0
11.143,282.0,252.0
11.148,-62.0,250.0
11.1529,-326.0,246.0
11.1577,130.0,248.0
11.1628,268.0,246.0
11.1678,-141.0,246.0
11.1727,-127.0,244.0
11.1789,147.0,246.0
11.1835,15.0,244.0
11.1887,-188.0,246.0
11.1928,-5.0,244.0
11.198,272.0,248.0
11.203,77.0,248.0
11.2078,-347.0,252.0
11.2128,-165.0,254.0
11.2177,306.0,258.0
11.223,180.0,260.0
11.228,-124.0,260.0
11.2329,-65.0,260.0
11.2382,-70.0,262.0
11.2428,-101.0,262.0
11.248,129.0,264.0
11.2528,162.0,266.0
11.258,-71.0,266.0
11.2629,-82.0,266.0
11.2677,49.0,266.0
11.2727,1.0,264.0
11.279,-165.0,266.0
11.2834,-85.0,266.0
11.2879,375.0,270.0
11.2928,350.0,272.0
11.2984,-518.0,278.0
11.3027,-605.0,286.0
11.308,448.0,290.0
11.3132,592.0,298.0
11.3178,-249.0,300.0
11.3228,-283.0,302.0
11.3277,179.0,304.0
11.3328,-36.0,304.0
11.3378,-295.0,308.0
11.3429,92.0,310.0
11.3478,350.0,314.0
11.3529,81.0,314.0
11.3578,-165.0,316.0
11.3627,-246.0,318.0
11.368,-138.0,316.0
11.373,256.0,320.0
11.3788,335.0,322.0
11.3828,-168.0,322.0
11.3877,-330.0,324.0
11.3929,93.0,324.0
11.3978,194.0,324.0
11.4029,-72.0,324.0
11.4078,-70.0,322.0
11.4128,76.0,322.0
11.4178,37.0,318.0
11.423,-51.0,318.0
11.4278,-50.0,314.0
11.4329,-9.0,312.0
11.4379,18.0,310.0
11.4427,35.0,310.0
11.4477,53.0,308.0
11.453,48.0,308.0
11.4578,-47.0,306.0
11.4629,-186.0,306.0
11.4678,-76.0,306.0
11.4727,228.0,304.0
11.4781,185.0,306.0
11.4834,-127.0,304.0
11.4877,-135.0,306.0
11.493,0.0,302.0
11.4978,-36.0,300.0
11.5027,23.0,300.0
11.5077,143.0,300.0
11.5129,7.0,300.0
11.518,-93.0,298.0
11.5228,43.0,296.0
11.5277,56.0,296.0
11.5328,-110.0,294.0
11.538,-156.0,296.0
11.5429,-21.0,296.0
11.5479,210.0,298.0
11.5527,316.0,302.0
11.5577,-54.0,300.0
11.5627,-483.0,302.0
11.5679,-145.0,302.0
11.5729,401.0,302.0
11.5778,168.0,304.0
11.5832,-239.0,304.0
11.5877,-43.0,302.0
11.5928,162.0,302.0
11.598,-59.0,304.0
11.6029,-169.0,306.0
11.6078,19.0,306.0
11.6128,220.0,308.0
11.6177,202.0,310.0
11.6228,-240.0,312.0
11.6281,-498.0,318.0
11.6328,105.0,316.0
11.6379,602.0,322.0
11.6427,120.0,324.0
11.6479,-393.0,326.0
11.653,-203.0,326.0
11.6588,93.0,326.0
11.6632,91.0,324.0
11.668,6.0,322.0
11.6729,11.0,322.0
11.6779,121.0,322.0
11.6842,53.0,322.0
11.6877,-257.0,326.0
11.6933,-186.0,328.0
11.6979,207.0,328.0
11.7029,145.0,330.0
11.7079,-24.0,326.0
11.7133,117.0,326.0
11.7183,-64.0,320.0
11.7228,-339.0,324.0
11.7278,-31.0,318.0
11.733,280.0,322.0
11.7379,154.0,322.0
11.7432,-33.0,322.0
11.7482,-147.0,324.0
11.7532,-134.0,324.0
11.7579,64.0,324.0
11.7629,96.0,324.0
11.768,-26.0,322.0
11.7732,63.0,320.0
11.7793,36.0,320.0
11.7828,-175.0,318.0
11.7886,9.0,318.0
11.793,161.0,314.0
11.7984,-146.0,316.0
11.8032,-107.0,312.0
11.808,242.0,314.0
11.8132,82.0,314.0
11.8179,-182.0,314.0
11.8229,-42.0,314.0
11.8279,29.0,312.0
11.8338,-42.0,312.0
11.8377,72.0,310.0
11.8429,118.0,310.0
11.848,-74.0,306.0
11.8533,-134.0,306.0
11.8583,73.0,302.0
11.8627,129.0,300.0
11.868,-165.0,302.0
11.8729,-182.0,304.0
11.8781,284.0,306.0
11.883,296.0,310.0
11.8892,-286.0,312.0
11.8931,-391.0,316.0
11.898,135.0,316.0
11.9029,374.0,322.0
11.9079,46.0,322.0
11.9134,-245.0,326.0
11.9182,-121.0,324.0
11.923,138.0,326.0
11.9278,67.0,320.0
11.9327,-179.0,318.0
11.938,8.0,310.0
11.9428,298.0,304.0
11.9482,35.0,298.0
11.9528,-259.0,294.0
11.958,-191.0,292.0
11.9629,-28.0,288.0
11.968,262.0,290.0
11.9733,331.0,294.0
11.9782,-145.0,292.0
11.9829,-365.0,296.0
11.9879,-6.0,290.0
11.993,142.0,292.0
11.9978,16.0,290.0
12.003,85.0,286.0
12.0082,87.0,286.0
12.0129,-124.0,284.0
12.0179,-166.0,282.0
12.0229,-41.0,280.0
12.0284,135.0,276.0
12.0327,316.0,280.0
12.0378,20.0,278.0
12.0429,-530.0,284.0
12.0478,-235.0,286.0
12.0528,534.0,294.0
12.0586,349.0,298.0
12.0631,-376.0,304.0
12.0679,-279.0,308.0
12.0727,250.0,312.0
12.0779,136.0,314.0
12.0832,-253.0,316.0
12.0877,-87.0,318.0
12.0927,279.0,320.0
12.0978,135.0,322.0
12.1027,-164.0,322.0
12.1081,-106.0,322.0
12.1135,-67.0,320.0
12.1179,-89.0,318.0
12.124,201.0,320.0
12.1279,288.0,322.0
12.133,-128.0,324.0
12.1381,-290.0,328.0
12.1432,-12.0,328.0
12.1483,110.0,328.0
12.1527,58.0,328.0
12.1579,62.0,328.0
12.1629,-31.0,328.0
12.1679,-111.0,328.0
12.1732,60.0,328.0
12.1782,119.0,326.0
12.1829,-154.0,328.0
12.188,-197.0,328.0
12.1931,182.0,326.0
12.199,277.0,330.0
12.2032,-83.0,324.0
12.2077,-214.0,324.0
12.2128,-38.0,320.0
12.2183,15.0,316.0
12.223,68.0,314.0
12.2281,182.0,316.0
12.2328,-15.0,314.0
12.2378,-277.0,318.0
12.2429,-12.0,314.0
12.248,275.0,318.0
12.253,-44.0,316.0
12.2582,-219.0,316.0
12.2632,123.0,314.0
12.2679,105.0,308.0
12.2731,-148.0,310.0
12.2781,87.0,302.0
12.2832,141.0,302.0
12.2882,-289.0,300.0
12.2927,-146.0,298.0
12.2991,357.0,304.0
12.3031,135.0,304.0
12.308,-245.0,308.0
12.3133,-61.0,308.0
12.3178,61.0,308.0
12.3227,-52.0,308.0
12.3279,55.0,304.0
12.3327,137.0,304.0
12.3378,-59.0,302.0
12.3434,-138.0,300.0
12.3481,-4.0,300.0
12.3529,67.0,300.0
12.3579,89.0,300.0
12.363,31.0,296.0
12.3681,-181.0,298.0
12.3732,-153.0,296.0
12.3784,218.0,296.0
12.383,269.0,300.0
12.3878,-143.0,300.0
12.3931,-283.0,302.0
12.3982,24.0,302.0
12.4027,174.0,304.0
12.4079,31.0,304.0
12.4129,-45.0,304.0
12.4184,-31.0,304.0
12.423,-26.0,300.0
12.4284,17.0,300.0
12.4334,87.0,300.0
12.4378,56.0,298.0
12.4428,-188.0,300.0
12.4479,-200.0,298.0
12.4531,276.0,302.0
12.458,312.0,304.0
12.4635,-271.0,308.0
12.4679,-292.0,312.0
12.4728,188.0,314.0
12.4779,156.0,316.0
12.4831,-104.0,316.0
12.4882,-29.0,314.0
12.4927,24.0,312.0
12.498,-1.0,312.0
12.5038,109.0,312.0
12.5078,13.0,308.0
12.5144,-259.0,310.0
12.5182,-125.0,308.0
12.5229,292.0,308.0
12.5279,263.0,308.0
12.5329,-184.0,304.0
12.538,-247.0,306.0
12.5434,78.0,300.0
12.5477,85.0,302.0
12.5527,-79.0,298.0
12.5579,23.0,298.0
12.563,123.0,298.0
12.5677,26.0,296.0
12.5733,-97.0,296.0
12.5777,-171.0,298.0
12.5829,-18.0,294.0
12.5883,299.0,298.0
12.5932,157.0,296.0
12.5982,-327.0,298.0
12.6033,-207.0,300.0
12.6077,231.0,300.0
12.6137,110.0,296.0
12.6179,-80.0,296.0
12.6229,50.0,292.0
12.6283,-32.0,292.0
12.6335,-143.0,292.0
12.6377,77.0,292.0
12.6429,138.0,294.0
12.6478,-65.0,292.0
12.653,-70.0,292.0
12.6577,18.0,290.0
12.6628,-46.0,290.0
12.6678,-24.0,288.0
12.6727,190.0,286.0
12.6778,160.0,288.0
12.6828,-271.0,284.0
12.6879,-322.0,286.0
12.6927,221.0,280.0
12.6977,313.0,280.0
12.7027,-131.0,276.0
12.7088,-114.0,274.0
12.7128,152.0,272.0
12.7177,-74.0,272.0
12.7228,-280.0,272.0
12.7278,85.0,272.0
12.7327,365.0,274.0
12.7379,27.0,272.0
12.7432,-319.0,274.0
12.7478,-79.0,274.0
12.7528,202.0,276.0
12.7578,6.0,274.0
12.7629,-106.0,272.0
12.7684,88.0,270.0
12.7729,60.0,268.0
12.7779,-118.0,266.0
12.7827,-51.0,266.0
12.7877,85.0,266.0
12.7928,54.0,266.0
12.7978,-24.0,266.0
12.8031,-28.0,266.0
12.8078,-11.0,264.0
12.8127,-56.0,264.0
12.8177,-54.0,262.0
12.8228,154.0,262.0
12.828,215.0,262.0
12.8328,-160.0,262.0
12.8378,-302.0,262.0
12.8427,55.0,262.0
12.8479,172.0,262.0
12.8533,26.0,262.0
12.8578,76.0,262.0
12.8629,26.0,262.0
12.8678,-206.0,262.0
12.8728,-152.0,264.0
12.8778,107.0,262.0
12.883,201.0,264.0
12.8878,118.0,262.0
12.8929,-119.0,264.0
12.8977,-283.0,264.0
12.9027,2.0,262.0
12.9078,296.0,266.0
12.9128,14.0,264.0
12.9181,-206.0,266.0
12.9229,98.0,264.0
12.9278,120.0,262.0
12.9329,-221.0,264.0
12.9378,-90.0,260.0
12.9429,198.0,260.0
12.9479,70.0,258.0
12.9529,-37.0,256.0
12.9578,-17.0,256.0
12.9628,-89.0,256.0
12.968,-32.0,256.0
12.9727,74.0,256.0
12.9779,34.0,256.0
12.9827,7.0,254.0
12.9877,4.0,254.0
12.9929,-14.0,252.0
12.9979,-37.0,252.0
13.0029,-77.0,252.0
13.0078,15.0,250.0
13.0128,145.0,250.0
13.0177,41.0,246.0
13.0231,-82.0,244.0
13.028,-52.0,242.0
13.033,-65.0,238.0
13.0379,-19.0,238.0
13.0427,153.0,238.0
13.0478,109.0,240.0
13.0528,-88.0,240.0
13.0578,-98.0,242.0
13.0629,-73.0,242.0
13.0677,-52.0,242.0
13.0727,192.0,244.0
13.078,230.0,248.0
13.0828,-185.0,248.0
13.0879,-297.0,248.0
13.093,77.0,246.0
13.0978,220.0,244.0
13.1027,33.0,240.0
13.1078,-67.0,236.0
13.1131,-38.0,234.0
13.1179,-62.0,232.0
13.1227,-89.0,232.0
13.1277,97.0,234.0
13.1327,263.0,238.0
13.1377,-21.0,238.0
13.1431,-359.0,242.0
13.1479,-111.0,244.0
13.1527,324.0,244.0
13.1578,196.0,246.0
13.1629,-208.0,244.0
13.1679,-170.0,242.0
13.1729,112.0,242.0
13.1779,72.0,238.0
13.1829,-87.0,238.0
13.1877,11.0,238.0
13.1927,80.0,238.0
13.1979,-67.0,238.0
13.2029,-35.0,238.0
13.2079,140.0,238.0
13.2127,-19.0,238.0
13.2178,-204.0,238.0
13.2227,72.0,238.0
13.2292,198.0,238.0
13.233,-160.0,238.0
13.2378,-168.0,234.0
13.2427,239.0,236.0
13.2478,185.0,234.0
13.2528,-218.0,236.0
13.2579,-196.0,238.0
13.2628,127.0,240.0
13.2677,115.0,240.0
13.2727,-133.0,240.0
13.2777,-14.0,240.0
13.283,333.0,242.0
13.2879,45.0,242.0
13.2927,-610.0,250.0
13.2978,-199.0,254.0
13.3033,740.0,264.0
13.3076,329.0,270.0
13.3131,-584.0,276.0
13.318,-318.0,278.0
13.3229,184.0,276.0
13.3277,77.0,272.0
13.3327,252.0,274.0
13.338,367.0,274.0
13.3431,-498.0,280.0
13.3477,-742.0,290.0
13.3527,534.0,296.0
13.3577,759.0,306.0
13.3629,-566.0,310.0
13.3678,-441.0,316.0
13.3728,725.0,322.0
13.3778,70.0,322.0
13.3828,-869.0,332.0
13.3877,164.0,332.0
13.3928,802.0,342.0
13.398,-307.0,346.0
13.4031,-533.0,354.0
13.4079,440.0,358.0
13.4128,231.0,362.0
13.4178,-505.0,368.0
13.4227,-23.0,366.0
13.4278,407.0,372.0
13.433,-111.0,372.0
13.4379,-177.0,376.0
13.4427,249.0,378.0
13.4477,-54.0,380.0
13.4528,-375.0,384.0
13.4579,192.0,386.0
13.4629,404.0,390.0
13.4678,-200.0,390.0
13.4727,-300.0,392.0
13.4778,77.0,388.0
13.4827,100.0,390.0
13.4878,97.0,388.0
13.4929,135.0,390.0
13.4978,-173.0,392.0
13.5027,-304.0,396.0
13.5077,81.0,394.0
13.513,301.0,396.0
13.5179,53.0,396.0
13.5228,-148.0,394.0
13.5277,-69.0,394.0
13.5327,12.0,392.0
13.5378,32.0,388.0
13.5427,18.0,388.0
13.5478,-89.0,386.0
13.5527,-33.0,386.0
13.5577,153.0,384.0
13.5628,86.0,384.0
13.568,-57.0,384.0
13.5728,-89.0,382.0
13.5778,-126.0,382.0
13.5827,-3.0,380.0
13.5877,180.0,380.0
13.5927,65.0,382.0
13.5978,-50.0,382.0
13.603,40.0,382.0
13.6081,-96.0,382.0
13.6128,-225.0,384.0
13.6177,146.0,386.0
13.623,268.0,390.0
13.6279,-193.0,394.0
13.6328,-112.0,394.0
13.6378,338.0,400.0
13.6427,-70.0,400.0
13.6477,-484.0,406.0
13.6528,114.0,406.0
13.6579,451.0,412.0
13.6629,-61.0,412.0
13.6679,-225.0,414.0
13.6728,62.0,414.0
13.6778,-29.0,416.0
13.683,-136.0,414.0
13.6879,207.0,416.0
13.6929,195.0,418.0
13.6978,-343.0,422.0
13.7028,-219.0,424.0
13.7078,434.0,430.0
13.7129,238.0,430.0
13.7178,-394.0,434.0
13.723,-219.0,434.0
13.7278,240.0,432.0
13.7327,112.0,434.0
13.7378,-126.0,432.0
13.743,28.0,432.0
13.7479,132.0,432.0
13.7528,-80.0,434.0
13.7577,-166.0,436.0
13.7627,13.0,434.0
13.768,124.0,434.0
13.773,74.0,432.0
13.7801,-8.0,432.0
13.7827,-72.0,426.0
13.7877,-126.0,428.0
13.7929,-38.0,422.0
13.7979,203.0,422.0
13.803,185.0,422.0
13.8079,-165.0,422.0
13.8127,-258.0,424.0
13.8177,72.0,424.0
13.8228,229.0,426.0
13.8282,-80.0,428.0
13.833,-215.0,430.0
13.8377,245.0,432.0
13.8427,345.0,438.0
13.8478,-383.0,442.0
13.853,-501.0,448.0
13.8579,303.0,450.0
13.8628,399.0,456.0
13.8678,-134.0,454.0
13.8728,-43.0,452.0
13.878,127.0,452.0
13.8829,-220.0,452.0
13.8879,-225.0,452.0
13.8928,165.0,452.0
13.8978,153.0,450.0
13.9027,42.0,450.0
13.9077,174.0,450.0
13.9129,-63.0,450.0
13.9178,-477.0,456.0
13.9228,-196.0,454.0
13.9279,390.0,460.0
13.9327,430.0,458.0
13.9377,67.0,456.0
13.943,-288.0,448.0
13.9478,-456.0,450.0
13.9528,-159.0,444.0
13.9577,445.0,446.0
13.9627,528.0,450.0
13.968,-169.0,452.0
13.9729,-600.0,458.0
13.9779,-48.0,452.0
13.9829,496.0,452.0
13.988,75.0,442.0
13.9928,-417.0,440.0
13.9979,32.0,428.0
14.0029,424.0,426.0
14.008,-123.0,422.0
14.0128,-397.0,416.0
14.0178,78.0,416.0
14.0229,184.0,406.0
14.028,-16.0,404.0
14.0329,139.0,394.0
14.0378,117.0,390.0
14.0427,-286.0,386.0
14.0479,-283.0,384.0
14.0528,145.0,382.0
14.0579,256.0,378.0
14.0629,61.0,380.0
14.0677,-22.0,374.0
14.0727,-109.0,374.0
14.078,-150.0,372.0
14.0827,66.0,370.0
14.0878,105.0,370.0
14.0929,-117.0,366.0
14.0977,11.0,364.0
14.1027,235.0,362.0
14.1078,-24.0,358.0
14.1128,-251.0,358.0
14.1178,-15.0,356.0
14.1229,112.0,358.0
14.1277,-46.0,356.0
14.1329,68.0,356.0
14.1377,212.0,356.0
14.1438,-150.0,354.0
14.1478,-279.0,356.0
14.1527,124.0,354.0
14.1577,92.0,354.0
14.163,-106.0,354.0
14.1678,245.0,356.0
14.173,169.0,358.0
14.1779,-479.0,366.0
14.1828,-249.0,370.0
14.1877,461.0,376.0
14.1929,231.0,378.0
14.1979,-277.0,380.0
14.203,-96.0,380.0
14.2079,125.0,382.0
14.2128,-22.0,380.0
14.2177,-75.0,380.0
14.2229,-22.0,380.0
14.2281,1.0,378.0
14.233,184.0,380.0
14.238,200.0,382.0
14.2428,-243.0,384.0
14.248,-400.0,390.0
14.2529,93.0,388.0
14.259,361.0,390.0
14.263,89.0,388.0
14.2678,-73.0,386.0
14.2727,-96.0,386.0
14.2777,-202.0,384.0
14.2829,-48.0,384.0
14.2878,250.0,380.0
14.2928,174.0,380.0
14.2978,-114.0,376.0
14.3028,-205.0,378.0
14.3079,-9.0,374.0
14.313,172.0,376.0
14.3178,10.0,376.0
14.3229,-81.0,374.0
14.3277,79.0,372.0
14.3327,-72.0,370.0
14.3377,-202.0,368.0
14.3427,206.0,368.0
14.349,310.0,366.0
14.3529,-213.0,366.0
14.3577,-348.0,366.0
14.3627,104.0,364.0
14.3677,277.0,364.0
14.3729,-15.0,362.0
14.3779,-169.0,364.0
14.3827,14.0,364.0
14.3877,146.0,364.0
14.3927,41.0,362.0
14.3978,-175.0,362.0
14.4028,-263.0,366.0
14.4079,121.0,366.0
14.4127,482.0,374.0
14.4177,-18.0,374.0
14.4227,-485.0,380.0
14.428,26.0,378.0
14.4329,305.0,382.0
14.4379,-162.0,382.0
14.4427,-95.0,380.0
14.4489,281.0,382.0
14.4527,-104.0,380.0
14.458,-266.0,382.0
14.4629,289.0,384.0
14.4678,128.0,384.0
14.4727,-360.0,386.0
14.4776,85.0,384.0
14.4829,252.0,382.0
14.488,-364.0,382.0
14.4928,-87.0,376.0
14.4977,627.0,382.0
14.5027,26.0,376.0
14.5078,-693.0,384.0
14.5131,-50.0,384.0
14.5178,488.0,390.0
14.5228,9.0,386.0
14.5277,-180.0,386.0
14.5327,148.0,386.0
14.5378,1.0,384.0
14.5427,-290.0,386.0
14.5478,18.0,384.0
14.5533,284.0,388.0
14.5577,-18.0,380.0
14.5627,-167.0,380.0
14.5679,77.0,376.0
14.5729,50.0,370.0
14.5778,-157.0,370.0
14.5827,22.0,366.0
14.5877,208.0,362.0
14.5927,-45.0,362.0
14.5981,-208.0,358.0
14.6028,23.0,350.0
14.6078,143.0,350.0
14.6127,-9.0,340.0
14.6177,-27.0,340.0
14.6227,88.0,334.0
14.628,-72.0,334.0
14.633,-238.0,330.0
14.6378,114.0,332.0
14.6427,329.0,330.0
14.648,-143.0,330.0
14.6537,-330.0,330.0
14.6579,193.0,332.0
14.6627,337.0,334.0
14.6678,-184.0,336.0
14.6727,-373.0,340.0
14.6777,16.0,338.0
14.6829,395.0,340.0
14.6878,266.0,340.0
14.6928,-387.0,344.0
14.6978,-478.0,346.0
14.7027,317.0,350.0
14.7079,430.0,358.0
14.7129,-170.0,358.0
14.7178,-98.0,358.0
14.7229,49.0,358.0
14.7277,-308.0,360.0
14.7327,-60.0,360.0
14.7378,516.0,368.0
14.7427,127.0,366.0
14.7479,-470.0,372.0
14.7528,-131.0,370.0
14.7589,358.0,376.0
14.7627,109.0,376.0
14.768,-309.0,380.0
14.7729,-116.0,380.0
14.7779,254.0,382.0
14.7827,89.0,380.0
14.7877,-148.0,378.0
14.7928,17.0,376.0
14.7979,53.0,376.0
14.8029,-130.0,376.0
14.8077,-10.0,372.0
14.8128,188.0,374.0
14.8178,10.0,366.0
14.8227,-216.0,366.0
14.8279,-55.0,360.0
14.8329,219.0,358.0
14.8379,117.0,356.0
14.8427,-163.0,358.0
14.8477,-126.0,358.0
14.8529,71.0,358.0
14.8585,71.0,358.0
14.8629,-33.0,358.0
14.8677,-46.0,360.0
14.8727,63.0,358.0
14.8778,111.0,356.0
14.8827,-75.0,354.0
14.8879,-188.0,350.0
14.8928,23.0,348.0
14.8977,177.0,346.0
14.9027,38.0,346.0
14.908,-85.0,346.0
14.9129,-86.0,346.0
14.9178,-23.0,342.0
14.9228,175.0,344.0
14.9277,136.0,342.0
14.9327,-295.0,344.0
14.9379,-252.0,346.0
14.943,333.0,348.0
14.9479,306.0,354.0
14.9531,-268.0,354.0
14.9578,-237.0,358.0
14.9627,211.0,360.0
14.9681,108.0,360.0
14.9727,-219.0,364.0
14.9779,-24.0,360.0
14.9827,218.0,360.0
14.9877,-48.0,356.0
14.9927,-142.0,356.0
14.9977,233.0,354.0
15.0027,64.0,352.0
15.0079,-490.0,356.0
15.0127,-92.0,358.0
15.0178,588.0,364.0
15.0229,173.0,366.0
15.028,-413.0,370.0
15.033,-164.0,372.0
15.0379,124.0,372.0
15.0428,55.0,368.0
15.0478,63.0,368.0
15.0529,14.0,360.0
15.0578,-123.0,362.0
15.0627,46.0,354.0
15.0677,124.0,356.0
15.0727,-192.0,354.0
15.0778,-63.0,354.0
15.0831,341.0,358.0
15.0878,-69.0,354.0
15.0927,-421.0,358.0
15.0977,189.0,358.0
15.1027,355.0,358.0
15.1078,-233.0,360.0
15.1132,-148.0,356.0
15.1178,228.0,360.0
15.1227,-61.0,356.0
15.1277,-195.0,354.0
15.1328,129.0,354.0
15.1377,93.0,346.0
15.1429,-53.0,346.0
15.1476,69.0,336.0
15.1529,-47.0,336.0
15.1577,-183.0,332.0
15.1628,96.0,332.0
15.1686,179.0,332.0
15.1741,-105.0,332.0
15.1778,-115.0,334.0
15.1828,87.0,330.0
15.1878,96.0,332.0
15.1932,-33.0,328.0
15.1979,-161.0,330.0
15.2029,-44.0,328.0
15.2079,284.0,332.0
15.2131,128.0,332.0
15.2182,-373.0,336.0
15.2229,-191.0,338.0
15.2279,312.0,340.0
15.2328,148.0,342.0
15.2379,-111.0,340.0
15.2428,42.0,340.0
15.248,-71.0,340.0
15.2532,-265.0,344.0
15.2579,113.0,346.0
15.2629,332.0,350.0
15.2677,-44.0,348.0
15.2728,-155.0,348.0
15.2777,3.0,346.0
15.2828,-156.0,342.0
15.2879,-61.0,342.0
15.2929,364.0,342.0
15.2977,131.0,342.0
15.3027,-332.0,342.0
15.3077,-73.0,340.0
15.3129,156.0,336.0
15.318,-124.0,338.0
15.3229,-19.0,332.0
15.3279,339.0,332.0
15.3327,1.0,326.0
15.3378,-420.0,326.0
15.343,-56.0,322.0
15.3479,326.0,320.0
15.3528,87.0,318.0
15.3577,-186.0,320.0
15.3629,-74.0,320.0
15.3677,141.0,318.0
15.3729,46.0,318.0
15.378,-165.0,312.0
15.3827,37.0,310.0
15.3877,187.0,306.0
15.3928,-206.0,308.0
15.3978,-211.0,306.0
15.4029,353.0,310.0
15.4078,236.0,308.0
15.4127,-367.0,312.0
15.4178,-210.0,312.0
15.4228,254.0,314.0
15.428,115.0,314.0
15.4329,-95.0,314.0
15.4377,0.0,314.0
15.4427,-15.0,312.0
15.4477,-62.0,312.0
15.4529,24.0,310.0
15.4579,66.0,312.0
15.4629,61.0,308.0
15.4678,-62.0,308.0
15.4727,-178.0,308.0
15.478,33.0,306.0
15.4828,182.0,308.0
15.4878,34.0,306.0
15.4928,20.0,304.0
15.4977,-42.0,304.0
15.5027,-273.0,308.0
15.5077,-60.0,308.0
15.5128,324.0,312.0
15.5179,150.0,314.0
15.5228,-154.0,314.0
15.5277,-120.0,314.0
15.5327,-29.0,314.0
15.538,40.0,312.0
15.543,94.0,312.0
15.5477,-53.0,312.0
15.5529,-113.0,312.0
15.5577,178.0,314.0
15.5628,190.0,314.0
15.5679,-272.0,316.0
15.5728,-261.0,316.0
15.5778,228.0,316.0
15.5829,173.0,314.0
15.5878,-141.0,310.0
15.5927,47.0,308.0
15.5977,129.0,306.0
15.603,-193.0,306.0
15.6079,-111.0,306.0
15.6129,182.0,304.0
15.6177,-35.0,306.0
15.6228,-113.0,304.0
15.6281,247.0,306.0
15.6327,60.0,306.0
15.6379,-356.0,308.0
15.6427,-13.0,306.0
15.6477,288.0,304.0
15.6528,-57.0,302.0
15.6578,-96.0,294.0
15.6627,148.0,294.0
15.6678,-117.0,290.0
15.6727,-206.0,290.0
15.6778,281.0,294.0
15.6829,201.0,296.0
15.6879,-376.0,300.0
15.6929,-157.0,302.0
15.6977,385.0,306.0
15.7027,86.0,308.0
15.7078,-311.0,310.0
15.7128,15.0,308.0
15.7177,216.0,310.0
15.7228,-103.0,306.0
15.7278,-161.0,308.0
15.7327,107.0,302.0
15.7377,123.0,302.0
15.7429,-71.0,298.0
15.7479,-42.0,294.0
15.7528,145.0,294.0
15.7577,-35.0,292.0
15.7627,-335.0,296.0
15.7677,-1.0,292.0
15.7729,420.0,296.0
15.781,101.0,296.0
15.7827,-258.0,300.0
15.7877,-83.0,300.0
15.7926,17.0,300.0
15.7977,-74.0,298.0
15.8029,58.0,298.0
15.8079,175.0,298.0
15.8127,51.0,296.0
15.8178,-60.0,296.0
15.8228,-174.0,298.0
15.828,-177.0,298.0
15.8329,170.0,300.0
15.8378,297.0,302.0
15.8428,-109.0,304.0
15.8479,-196.0,302.0
15.8529,154.0,302.0
15.8579,33.0,298.0
15.8629,-318.0,300.0
15.8678,11.0,294.0
15.8727,429.0,300.0
15.8779,46.0,298.0
15.8836,-375.0,304.0
15.8885,-106.0,304.0
15.8928,241.0,304.0
15.8979,173.0,304.0
15.9029,-146.0,302.0
15.9081,-278.0,306.0
15.9129,76.0,304.0
15.9178,347.0,310.0
15.9237,16.0,308.0
15.9279,-282.0,310.0
15.9331,-67.0,306.0
15.9378,119.0,306.0
15.943,-11.0,300.0
15.9478,2.0,300.0
15.9529,161.0,300.0
15.9578,-44.0,298.0
15.9629,-237.0,302.0
15.9678,110.0,298.0
15.9728,224.0,302.0
15.9779,-272.0,300.0
15.9829,-230.0,302.0
15.9877,456.0,304.0
15.9928,298.0,308.0
15.9979,-520.0,312.0
16.0029,-331.0,316.0
16.008,422.0,322.0
16.0127,234.0,324.0
16.0177,-274.0,326.0
16.0229,-59.0,326.0
16.0279,212.0,326.0
16.0329,-63.0,324.0
16.0379,-271.0,326.0
16.0429,88.0,322.0
16.0477,372.0,324.0
16.0528,-57.0,318.0
16.0579,-390.0,322.0
16.0629,58.0,318.0
16.0679,277.0,320.0
16.0727,-151.0,322.0
16.0779,-130.0,324.0
16.0829,276.0,328.0
16.0878,47.0,328.0
16.0929,-311.0,332.0
16.0977,-17.0,332.0
16.1027,233.0,334.0
16.1079,-11.0,334.0
16.1129,-123.0,332.0
16.1178,46.0,332.0
16.1228,59.0,330.0
16.1277,-75.0,332.0
16.1327,-55.0,332.0
16.1379,98.0,332.0
16.1428,86.0,330.0
16.1479,-114.0,330.0
16.1528,-120.0,328.0
16.1577,102.0,326.0
16.1627,133.0,326.0
16.1677,-51.0,326.0
16.1729,-123.0,326.0
16.1779,-15.0,326.0
16.1828,115.0,326.0
16.1877,63.0,326.0
16.1927,-127.0,326.0
16.1984,-82.0,326.0
16.2033,132.0,324.0
16.2077,88.0,322.0
16.2138,-103.0,320.0
16.218,-104.0,318.0
16.2229,71.0,316.0
16.228,149.0,316.0
16.2329,-65.0,316.0
16.2378,-216.0,318.0
16.2427,66.0,316.0
16.2477,263.0,318.0
16.2529,-58.0,316.0
16.258,-255.0,320.0
16.2639,52.0,318.0
16.2677,215.0,318.0
16.2727,-51.0,318.0
16.2777,-187.0,316.0
16.2829,15.0,316.0
16.2879,147.0,312.0
16.2927,101.0,314.0
16.2977,-53.0,312.0
16.3027,-279.0,314.0
16.3078,-69.0,314.0
16.3129,423.0,318.0
16.3178,149.0,316.0
16.3229,-444.0,320.0
16.3277,-147.0,316.0
16.3327,351.0,318.0
16.3377,74.0,314.0
16.343,-231.0,316.0
16.3477,28.0,312.0
16.3527,161.0,314.0
16.3577,-125.0,312.0
16.3628,-174.0,314.0
16.3677,191.0,314.0
16.3729,254.0,316.0
16.3779,-186.0,318.0
16.3827,-332.0,322.0
16.3876,96.0,322.0
16.3927,312.0,324.0
16.3977,21.0,324.0
16.4029,-169.0,322.0
16.4079,-84.0,324.0
16.4127,-13.0,318.0
16.4176,70.0,316.0
16.4227,150.0,314.0
16.428,-16.0,314.0
16.4329,-240.0,318.0
16.4378,-30.0,316.0
16.4427,319.0,320.0
16.4476,47.0,318.0
16.4529,-368.0,324.0
16.4577,-29.0,324.0
16.4628,332.0,326.0
16.4677,-14.0,324.0
16.4727,-221.0,324.0
16.4777,51.0,320.0
16.4831,117.0,320.0
16.488,-43.0,318.0
16.4928,-70.0,316.0
16.4977,-17.0,316.0
16.5027,46.0,312.0
16.5079,92.0,314.0
16.5131,-18.0,306.0
16.5179,-171.0,308.0
16.5229,22.0,304.0
16.5277,281.0,306.0
16.5332,-60.0,304.0
16.5377,-362.0,306.0
16.5429,85.0,306.0
16.5478,287.0,306.0
16.5527,-128.0,306.0
16.5577,-95.0,302.0
16.5629,225.0,306.0
16.5678,-24.0,302.0
16.5729,-272.0,304.0
16.5779,19.0,304.0
16.5829,161.0,306.0
16.5877,-42.0,306.0
16.5927,24.0,304.0
16.5978,182.0,306.0
16.6031,-124.0,304.0
16.6077,-283.0,308.0
16.6127,120.0,306.0
16.6177,184.0,304.0
16.623,-118.0,302.0
16.6281,32.0,296.0
16.6328,161.0,294.0
16.638,-172.0,288.0
16.6427,-179.0,286.0
16.6477,170.0,282.0
16.6529,113.0,280.0
16.6578,-104.0,278.0
16.6627,-3.0,276.0
16.6677,36.0,274.0
16.6729,-80.0,274.0
16.6777,16.0,270.0
16.6833,117.0,270.0
16.6882,-14.0,264.0
16.6932,-102.0,266.0
16.6979,-74.0,260.0
16.7029,39.0,260.0
16.708,196.0,258.0
16.7134,4.0,256.0
16.7182,-265.0,258.0
16.7226,32.0,254.0
16.7277,249.0,258.0
16.7329,-115.0,256.0
16.738,-176.0,258.0
16.7436,137.0,256.0
16.7484,90.0,258.0
16.7531,-58.0,256.0
16.7578,-18.0,256.0
16.7635,-56.0,256.0
16.7687,-36.0,256.0
16.7731,137.0,256.0
16.7779,80.0,256.0
16.7836,-193.0,258.0
16.7878,-115.0,258.0
16.7929,253.0,260.0
16.7981,133.0,260.0
16.8046,-293.0,262.0
16.8086,-135.0,264.0
16.8127,255.0,266.0
16.8182,86.0,268.0
16.8229,-130.0,268.0
16.8279,72.0,268.0
16.8327,15.0,266.0
16.8377,-287.0,270.0
16.8427,-45.0,268.0
16.848,371.0,272.0
16.8532,208.0,274.0
16.8583,-229.0,276.0
16.8628,-285.0,280.0
16.8677,19.0,278.0
16.8729,127.0,278.0
16.8779,33.0,276.0
16.8829,108.0,276.0
16.8882,46.0,272.0
16.8932,-171.0,274.0
16.8978,-41.0,270.0
16.9029,56.0,272.0
16.908,-122.0,270.0
16.9132,47.0,270.0
16.9181,301.0,272.0
16.9231,-47.0,272.0
16.9278,-366.0,276.0
16.9329,15.0,274.0
16.9382,343.0,278.0
16.9432,-8.0,274.0
16.9482,-295.0,278.0
16.9532,2.0,272.0
16.9577,202.0,272.0
16.9629,-11.0,266.0
16.9679,-54.0,264.0
16.9727,102.0,260.0
16.9781,-40.0,260.0
16.9828,-265.0,260.0
16.9877,-71.0,260.0
16.9929,358.0,264.0
16.9983,404.0,268.0
17.0032,-208.0,268.0
17.009,-695.0,276.0
17.0128,-138.0,274.0
17.018,634.0,282.0
17.0232,364.0,282.0
17.0283,-293.0,286.0
17.033,-263.0,284.0
17.0381,48.0,284.0
17.0428,7.0,282.0
17.0481,-57.0,282.0
17.0527,133.0,284.0
17.0578,147.0,284.0
17.0637,-108.0,284.0
17.0678,-145.0,286.0
17.0727,3.0,282.0
17.0779,56.0,282.0
17.0832,134.0,280.0
17.088,48.0,280.0
17.0945,-295.0,278.0
17.0977,-113.0,280.0
17.1028,424.0,282.0
17.1079,103.0,284.0
17.1138,-460.0,286.0
17.1177,-43.0,286.0
17.1232,393.0,290.0
17.1279,11.0,290.0
17.1328,-243.0,294.0
17.138,-31.0,294.0
17.1432,36.0,294.0
17.1478,32.0,292.0
17.1527,195.0,296.0
17.1578,21.0,292.0
17.1629,-407.0,298.0
17.168,-58.0,296.0
17.173,588.0,304.0
17.1779,26.0,298.0
17.1827,-704.0,308.0
17.1878,15.0,304.0
17.193,647.0,312.0
17.198,-40.0,310.0
17.2032,-413.0,314.0
17.2076,89.0,314.0
17.2141,171.0,314.0
17.2183,-125.0,314.0
17.2227,-52.0,314.0
17.2291,49.0,314.0
17.2326,18.0,314.0
17.2382,118.0,312.0
17.2428,12.0,310.0
17.2479,-203.0,310.0
17.2533,-9.0,308.0
17.2582,101.0,306.0
17.2632,-94.0,306.0
17.2678,56.0,306.0
17.2728,242.0,308.0
17.2778,-79.0,306.0
17.2828,-272.0,308.0
17.288,-29.0,306.0
17.2926,122.0,306.0
17.2982,99.0,306.0
17.3029,82.0,306.0
17.3078,-19.0,306.0
17.3132,-170.0,308.0
17.3186,-150.0,310.0
17.3232,108.0,310.0
17.3282,292.0,314.0
17.3329,31.0,312.0
17.3379,-316.0,316.0
17.3433,-169.0,318.0
17.3476,187.0,318.0
17.3526,231.0,322.0
17.3583,23.0,318.0
17.3629,-171.0,320.0
17.3684,-173.0,320.0
17.3727,55.0,318.0
17.3782,184.0,318.0
17.3829,-40.0,318.0
17.3881,-115.0,318.0
17.3931,197.0,320.0
17.398,90.0,320.0
17.4031,-394.0,326.0
17.4076,-142.0,328.0
17.4133,447.0,332.0
17.4187,167.0,334.0
17.4227,-349.0,336.0
17.4282,-101.0,336.0
17.4326,216.0,336.0
17.4377,22.0,334.0
17.4429,-94.0,330.0
17.4478,-4.0,328.0
17.4529,-34.0,326.0
17.4582,-4.0,324.0
17.4633,125.0,324.0
17.4679,50.0,324.0
17.473,-116.0,326.0
17.4779,-59.0,322.0
17.483,54.0,322.0
17.4877,-42.0,316.0
17.4927,-34.0,314.0
17.4976,171.0,312.0
17.5028,81.0,310.0
17.508,-188.0,312.0
17.5134,-147.0,312.0
17.5177,76.0,314.0
17.5235,164.0,314.0
17.5285,47.0,314.0
17.533,-115.0,314.0
17.538,-63.0,314.0
17.5433,32.0,314.0
17.5477,-23.0,312.0
17.5526,56.0,312.0
17.5578,116.0,308.0
17.563,-104.0,310.0
17.5682,-148.0,306.0
17.5727,50.0,308.0
17.5783,94.0,304.0
17.5827,73.0,304.0
17.5878,25.0,300.0
17.5927,-137.0,302.0
17.5984,-128.0,300.0
17.6026,100.0,302.0
17.6081,135.0,304.0
17.6129,-59.0,302.0
17.6179,-50.0,304.0
17.6241,114.0,300.0
17.6278,-38.0,300.0
17.6334,-239.0,298.0
17.6377,44.0,292.0
17.6429,294.0,294.0
17.6482,-7.0,284.0
17.6531,-210.0,284.0
17.6578,42.0,276.0
17.6628,82.0,270.0
17.6676,-160.0,268.0
17.6726,-30.0,264.0
17.6777,255.0,268.0
17.6826,52.0,268.0
17.6879,-249.0,272.0
17.6928,-88.0,272.0
17.6977,165.0,272.0
17.7027,134.0,272.0
17.7079,-44.0,270.0
17.713,-188.0,274.0
17.7178,-110.0,274.0
17.723,206.0,276.0
17.7284,286.0,278.0
17.7331,-153.0,276.0
17.7377,-405.0,282.0
17.7428,35.0,276.0
17.7478,379.0,280.0
17.7527,87.0,274.0
17.7577,-215.0,276.0
17.7628,-134.0,272.0
17.7677,22.0,272.0
17.7728,92.0,270.0
17.7821,95.0,272.0
17.7826,-33.0,272.0
17.788,-117.0,272.0
17.7928,22.0,270.0
17.7978,93.0,270.0
17.8027,-56.0,266.0
17.8077,-54.0,266.0
17.8127,89.0,258.0
17.8177,-34.0,258.0
17.823,-100.0,248.0
17.8281,208.0,252.0
17.8328,126.0,244.0
17.8377,-377.0,248.0
17.8426,-185.0,244.0
17.8477,386.0,250.0
17.8529,208.0,250.0
17.858,-222.0,252.0
17.863,-127.0,252.0
17.8676,22.0,252.0
17.8727,-12.0,252.0
17.8777,102.0,252.0
17.8827,107.0,254.0
17.8879,-141.0,252.0
17.8929,-101.0,254.0
17.8979,132.0,254.0
17.9027,27.0,254.0
17.9081,-69.0,254.0
17.9131,72.0,250.0
17.9177,-54.0,250.0
17.9229,-201.0,250.0
17.9277,146.0,252.0
17.9331,323.0,254.0
17.9379,-100.0,254.0
17.943,-362.0,258.0
17.9477,-58.0,260.0
17.9527,319.0,262.0
17.9576,206.0,262.0
17.9626,-229.0,264.0
17.9677,-229.0,264.0
17.9729,101.0,264.0
17.9779,111.0,262.0
17.9826,7.0,258.0
17.9877,24.0,256.0
17.9929,-31.0,254.0
17.9978,-25.0,254.0
18.0028,39.0,252.0
18.0078,-87.0,250.0
18.0129,-142.0,252.0
18.0178,143.0,250.0
18.023,290.0,254.0
18.0281,-83.0,254.0
18.0329,-344.0,256.0
18.0385,9.0,254.0
18.0428,283.0,254.0
18.0477,18.0,252.0
18.0529,-181.0,248.0
18.058,-37.0,246.0
18.0627,88.0,240.0
18.0676,62.0,240.0
18.0727,-21.0,238.0
18.0777,-61.0,238.0
18.0826,-18.0,236.0
18.0879,45.0,238.0
18.0927,74.0,238.0
18.0978,-57.0,238.0
18.1029,-167.0,240.0
18.1077,79.0,240.0
18.113,214.0,242.0
18.1179,-65.0,242.0
18.1227,-116.0,242.0
18.1277,19.0,242.0
18.1327,-89.0,242.0
18.1376,20.0,240.0
18.143,274.0,244.0
18.1477,-37.0,242.0
18.1528,-367.0,244.0
18.1577,44.0,244.0
18.1627,382.0,248.0
18.1682,-74.0,248.0
18.1728,-328.0,252.0
18.1778,139.0,252.0
18.1827,223.0,256.0
18.1877,-205.0,258.0
18.1927,-104.0,260.0
18.1978,220.0,260.0
18.203,-42.0,260.0
18.2078,-182.0,260.0
18.2129,227.0,264.0
18.2178,162.0,264.0
18.2231,-347.0,268.0
18.2281,-202.0,272.0
18.2329,280.0,274.0
18.2382,224.0,274.0
18.2426,-91.0,274.0
18.2492,-158.0,276.0
18.253,-31.0,274.0
18.2577,78.0,276.0
18.2627,7.0,274.0
18.2677,-106.0,274.0
18.2727,65.0,272.0
18.2778,212.0,274.0
18.2827,-49.0,270.0
18.2879,-230.0,274.0
18.2928,-72.0,272.0
18.2979,67.0,272.0
18.3026,167.0,274.0
18.3077,179.0,274.0
18.313,-114.0,276.0
18.3179,-308.0,276.0
18.3227,-33.0,276.0
18.3277,234.0,276.0
18.3327,123.0,276.0
18.3377,-98.0,276.0
18.343,-113.0,274.0
18.3478,105.0,276.0
18.3528,110.0,274.0
18.3577,-250.0,276.0
18.3627,-175.0,276.0
18.3678,351.0,278.0
18.3729,217.0,278.0
18.3779,-310.0,276.0
18.3826,-140.0,278.0
18.3877,209.0,276.0
18.3927,-11.0,274.0
18.3979,-163.0,274.0
18.4028,116.0,274.0
18.4077,161.0,276.0
18.4128,-157.0,276.0
18.4177,-96.0,276.0
18.4228,243.0,280.0
18.4278,-52.0,278.0
18.4328,-412.0,284.0
18.4377,160.0,286.0
18.4445,509.0,294.0
18.4477,-187.0,296.0
18.4529,-407.0,300.0
18.4579,240.0,304.0
18.4628,216.0,306.0
18.4677,-317.0,306.0
18.4727,-112.0,306.0
18.4779,257.0,304.0
18.4828,78.0,304.0
18.4878,-26.0,298.0
18.4927,-1.0,294.0
18.498,-193.0,294.0
18.5037,-86.0,294.0
18.5077,241.0,296.0
18.5127,57.0,298.0
18.5177,-161.0,298.0
18.5227,91.0,298.0
18.5277,88.0,298.0
18.5327,-243.0,300.0
18.5377,-82.0,298.0
18.5429,300.0,302.0
18.5477,91.0,304.0
18.5527,-257.0,306.0
18.5577,-32.0,306.0
18.5627,201.0,306.0
18.5679,-77.0,304.0
18.5729,-185.0,302.0
18.5778,119.0,302.0
18.5827,132.0,300.0
18.5877,-63.0,300.0
18.5928,42.0,294.0
18.5978,19.0,292.0
18.6029,-251.0,292.0
18.6077,-53.0,290.0
18.6129,329.0,294.0
18.6177,88.0,292.0
18.623,-227.0,296.0
18.6279,-44.0,296.0
18.6327,31.0,296.0
18.6377,-53.0,298.0
18.6426,155.0,298.0
18.6477,140.0,300.0
18.6529,-280.0,302.0
18.6579,-216.0,302.0
18.6628,324.0,304.0
18.6677,298.0,306.0
18.6727,-262.0,306.0
18.6777,-339.0,310.0
18.6827,100.0,308.0
18.6878,261.0,312.0
18.6926,51.0,310.0
18.6977,-102.0,310.0
18.703,-89.0,310.0
18.7079,-1.0,310.0
18.7129,53.0,310.0
18.7177,-3.0,310.0
18.723,-28.0,310.0
18.7278,25.0,310.0
18.733,-6.0,308.0
18.738,19.0,308.0
18.743,126.0,306.0
18.7479,-77.0,306.0
18.7527,-301.0,308.0
18.7577,45.0,308.0
18.7628,385.0,312.0
18.7678,65.0,312.0
18.7729,-295.0,316.0
18.7779,-114.0,318.0
18.7827,126.0,316.0
18.7876,23.0,314.0
18.7927,-26.0,310.0
18.7979,110.0,310.0
18.8029,-12.0,304.0
18.8078,-137.0,306.0
18.8129,129.0,302.0
18.8176,73.0,302.0
18.8229,-340.0,304.0
18.8282,-55.0,302.0
18.833,466.0,306.0
18.8377,96.0,304.0
18.8427,-366.0,310.0
18.8479,-63.0,308.0
18.8527,159.0,308.0
18.8579,-83.0,306.0
18.8629,-58.0,302.0
18.8676,209.0,302.0
18.8727,109.0,298.0
18.8778,-182.0,298.0
18.8832,-177.0,300.0
18.8878,21.0,298.0
18.8929,121.0,298.0
18.8979,86.0,298.0
18.9026,21.0,300.0
18.9078,27.0,298.0
18.913,-39.0,298.0
18.9179,-232.0,298.0
18.9229,-153.0,300.0
18.9277,209.0,300.0
18.9327,313.0,302.0
18.9377,51.0,302.0
18.9429,-209.0,304.0
18.9478,-227.0,304.0
18.9527,-22.0,302.0
18.9577,154.0,300.0
18.963,133.0,302.0
18.9678,28.0,298.0
18.9728,-111.0,298.0
18.9778,-181.0,300.0
18.9826,72.0,298.0
18.9877,298.0,302.0
18.9929,-16.0,300.0
18.9978,-350.0,302.0
19.0028,-93.0,300.0
19.0077,248.0,300.0
19.0129,143.0,298.0
19.0177,-52.0,294.0
19.0228,-16.0,292.0
19.0281,-21.0,290.0
19.0328,-169.0,292.0
19.0376,-96.0,290.0
19.0427,205.0,292.0
19.0477,228.0,292.0
19.0527,-124.0,292.0
19.0579,-233.0,294.0
19.0629,143.0,292.0
19.0677,181.0,294.0
19.0727,-304.0,294.0
19.0778,-172.0,294.0
19.0828,422.0,292.0
19.0877,173.0,292.0
19.0929,-386.0,292.0
19.0979,-119.0,290.0
19.1027,270.0,290.0
19.1077,19.0,286.0
19.1131,-168.0,286.0
19.1176,72.0,284.0
19.1228,101.0,284.0
19.1277,-154.0,286.0
19.1331,-69.0,288.0
19.1386,265.0,288.0
19.143,81.0,288.0
19.1478,-375.0,290.0
19.1527,-125.0,292.0
19.1577,388.0,296.0
19.1627,141.0,296.0
19.1687,-284.0,298.0
19.1727,-96.0,296.0
19.1776,147.0,298.0
19.1826,33.0,294.0
19.1877,-48.0,292.0
19.1927,-12.0,288.0
19.198,-22.0,288.0
19.2028,3.0,286.0
19.2077,99.0,286.0
19.2128,88.0,284.0
19.2177,-134.0,284.0
19.2233,-240.0,286.0
19.2281,75.0,286.0
19.2328,316.0,290.0
19.2376,-7.0,290.0
19.2427,-283.0,292.0
19.2477,14.0,290.0
19.2529,227.0,290.0
19.2576,-39.0,288.0
19.2627,-166.0,288.0
19.2686,19.0,286.0
19.2735,47.0,288.0
19.2776,0.0,286.0
19.2828,103.0,286.0
19.2878,46.0,284.0
19.2927,-175.0,282.0
19.2979,-125.0,280.0
19.3026,109.0,278.0
19.3077,134.0,276.0
19.3129,17.0,272.0
19.3179,-38.0,266.0
19.3229,-78.0,266.0
19.3276,-89.0,264.0
19.3327,41.0,264.0
19.3376,162.0,264.0
19.343,-10.0,264.0
19.3478,-142.0,266.0
19.3527,86.0,266.0
19.3577,70.0,266.0
19.3636,-214.0,270.0
19.3683,-27.0,270.0
19.3729,243.0,274.0
19.3777,18.0,274.0
19.3827,-132.0,274.0
19.3877,39.0,272.0
19.3927,21.0,268.0
19.398,-139.0,270.0
19.4028,-38.0,264.0
19.4078,123.0,266.0
19.4129,105.0,262.0
19.4177,97.0,262.0
19.4228,-22.0,260.0
19.4282,-318.0,266.0
19.4329,-210.0,268.0
19.4377,261.0,270.0
19.4427,313.0,276.0
19.4476,6.0,274.0
19.4527,-109.0,272.0
19.4578,-134.0,274.0
19.4629,-187.0,272.0
19.4688,-1.0,270.0
19.4727,244.0,268.0
19.4779,160.0,268.0
19.4828,-42.0,264.0
19.4877,-127.0,264.0
19.4929,-135.0,264.0
19.4979,-10.0,262.0
19.5026,92.0,264.0
19.5078,63.0,260.0
19.5128,70.0,260.0
19.5178,5.0,258.0
19.5228,-166.0,258.0
19.5277,-97.0,258.0
19.5327,141.0,258.0
19.5379,134.0,260.0
19.5429,-40.0,260.0
19.5479,-109.0,262.0
19.5527,-79.0,262.0
19.5576,53.0,258.0
19.5627,130.0,258.0
19.5678,-24.0,256.0
19.5739,-40.0,252.0
19.5776,97.0,252.0
19.5827,-106.0,250.0
19.5877,-250.0,250.0
19.5928,128.0,252.0
19.5979,333.0,256.0
19.6028,3.0,254.0
19.6078,-241.0,256.0
19.613,-119.0,256.0
19.6177,55.0,254.0
19.6227,99.0,256.0
19.6281,42.0,252.0
19.6328,-9.0,252.0
19.6376,28.0,246.0
19.6426,-14.0,244.0
19.6476,-180.0,244.0
19.6529,-54.0,242.0
19.6577,264.0,246.0
19.6627,130.0,248.0
19.6677,-208.0,250.0
19.6737,-114.0,250.0
19.6776,75.0,250.0
19.6826,-8.0,246.0
19.6877,11.0,242.0
19.6926,146.0,244.0
19.6977,-33.0,240.0
19.7029,-222.0,242.0
19.7076,114.0,240.0
19.7128,296.0,240.0
19.7177,-283.0,242.0
19.7228,-437.0,242.0
19.7276,352.0,244.0
19.7326,520.0,246.0
19.7379,-222.0,248.0
19.7431,-381.0,250.0
19.7477,67.0,250.0
19.7527,107.0,250.0
19.7578,-46.0,250.0
19.7632,70.0,250.0
19.7679,82.0,248.0
19.7728,-95.0,248.0
19.7778,-23.0,244.0
19.7829,137.0,246.0
19.7882,-97.0,242.0
19.7928,-312.0,244.0
19.7978,107.0,240.0
19.8028,467.0,244.0
19.8078,12.0,240.0
19.8128,-395.0,246.0
19.8178,-63.0,244.0
19.8232,156.0,246.0
19.8281,-69.0,246.0
19.8328,9.0,246.0
19.8384,247.0,250.0
19.8427,-3.0,250.0
19.8476,-317.0,252.0
19.8528,-92.0,254.0
19.8579,316.0,256.0
19.8627,228.0,256.0
19.8681,-296.0,260.0
19.8727,-389.0,260.0
19.8782,188.0,264.0
19.8827,443.0,266.0
19.8877,-14.0,266.0
19.8926,-275.0,266.0
19.8977,-44.0,266.0
19.9026,33.0,264.0
19.9079,-58.0,264.0
19.9129,47.0,264.0
19.9177,138.0,268.0
19.9227,35.0,266.0
19.9279,-84.0,266.0
19.9327,-123.0,266.0
19.9378,29.0,264.0
19.9428,191.0,266.0
19.9477,-89.0,264.0
19.9527,-321.0,270.0
19.9576,142.0,272.0
19.9628,440.0,276.0
19.9677,-62.0,276.0
19.9729,-379.0,282.0
19.9785,-37.0,280.0
19.9834,171.0,282.0
19.9876,7.0,280.0
19.9927,-32.0,280.0
19.9978,88.0,280.0
20.0027,41.0,276.0
20.0077,-94.0,278.0
20.0129,-83.0,276.0
20.0176,-8.0,276.0
20.0227,86.0,274.0
20.028,131.0,276.0
20.0329,-85.0,278.0
20.0377,-197.0,278.0
20.0427,113.0,280.0
20.0478,200.0,280.0
20.0527,-143.0,280.0
20.0579,-171.0,282.0
20.063,124.0,284.0
20.0679,115.0,280.0
20.0728,-77.0,278.0
20.0778,-19.0,274.0
20.0827,108.0,272.0
20.0879,-89.0,272.0
20.0927,-284.0,276.0
20.0978,158.0,276.0
20.1026,506.0,280.0
20.1079,-151.0,284.0
20.1128,-574.0,288.0
20.1179,70.0,286.0
20.1229,388.0,292.0
20.1276,9.0,290.0
20.1327,-66.0,290.0
20.1378,-12.0,290.0
20.143,-162.0,290.0
20.1479,-38.0,290.0
20.1527,174.0,292.0
20.1576,51.0,292.0
20.1627,-34.0,290.0
20.168,-11.0,290.0
20.173,-142.0,290.0
20.1776,3.0,288.0
20.183,320.0,292.0
20.1882,-62.0,290.0
20.1926,-469.0,296.0
20.1976,123.0,298.0
20.2036,498.0,304.0
20.2077,-141.0,306.0
20.2129,-364.0,310.0
20.2177,121.0,310.0
20.2227,159.0,312.0
20.2281,-72.0,308.0
20.2328,16.0,308.0
20.2376,-6.0,302.0
20.2426,-169.0,304.0
20.2476,102.0,302.0
20.253,335.0,306.0
20.2579,-154.0,308.0
20.2628,-442.0,312.0
20.2677,124.0,314.0
20.2728,372.0,320.0
20.2777,-103.0,320.0
20.2828,-172.0,324.0
20.2876,193.0,324.0
20.2926,32.0,324.0
20.2977,-318.0,324.0
20.3026,-27.0,322.0
20.3079,316.0,324.0
20.3128,36.0,322.0
20.3177,-174.0,324.0
20.3228,50.0,326.0
20.3277,45.0,326.0
20.3327,-162.0,326.0
20.338,-31.0,326.0
20.3429,166.0,326.0
20.3477,35.0,324.0
20.3527,-63.0,320.0
20.3576,96.0,318.0
20.3626,-3.0,310.0
20.3679,-337.0,310.0
20.3728,-91.0,304.0
20.3778,471.0,308.0
20.3829,300.0,306.0
20.3901,-326.0,310.0
20.3927,-404.0,314.0
20.3978,-18.0,314.0
20.4027,254.0,318.0
20.4076,303.0,320.0
20.4127,36.0,320.0
20.4177,-341.0,324.0
20.4227,-227.0,326.0
20.428,175.0,328.0
20.4327,197.0,326.0
20.4376,10.0,324.0
20.4426,-20.0,318.0
20.4476,-98.0,318.0
20.4528,-177.0,316.0
20.4579,118.0,316.0
20.4628,339.0,318.0
20.4676,-138.0,320.0
20.4727,-424.0,326.0
20.4777,174.0,326.0
20.4828,381.0,332.0
20.4879,-212.0,330.0
20.4927,-235.0,332.0
20.4977,236.0,330.0
20.5026,79.0,328.0
20.5076,-213.0,326.0
20.5128,29.0,322.0
20.5177,132.0,320.0
20.5229,-97.0,314.0
20.5276,-26.0,316.0
20.5327,111.0,312.0
20.5376,-95.0,314.0
20.5429,-29.0,314.0
20.5478,269.0,316.0
20.5527,-112.0,318.0
20.5576,-482.0,322.0
20.5627,155.0,324.0
20.5679,593.0,332.0
20.5728,-19.0,332.0
20.578,-449.0,338.0
20.5827,-154.0,338.0
20.5877,95.0,338.0
20.5938,173.0,334.0
20.5979,236.0,336.0
20.603,-25.0,330.0
20.608,-378.0,334.0
20.6127,-180.0,332.0
20.6179,374.0,338.0
20.6227,387.0,340.0
20.6279,-317.0,346.0
20.6329,-547.0,354.0
20.6376,217.0,356.0
20.6426,537.0,364.0
20.6477,-100.0,364.0
20.6529,-315.0,366.0
20.6579,53.0,368.0
20.6628,35.0,366.0
20.6676,-93.0,366.0
20.6726,123.0,366.0
20.6778,134.0,366.0
20.6828,-153.0,366.0
20.6879,-109.0,364.0
20.6927,143.0,364.0
20.6977,50.0,364.0
20.7027,-113.0,362.0
20.7078,12.0,362.0
20.7128,43.0,360.0
20.7179,-100.0,362.0
20.7228,2.0,360.0
20.7278,179.0,362.0
20.7326,27.0,358.0
20.7379,-158.0,358.0
20.7428,-53.0,350.0
20.7478,19.0,348.0
20.7527,-26.0,340.0
20.7577,140.0,342.0
20.7628,186.0,338.0
20.7677,-208.0,342.0
20.7729,-308.0,344.0
20.7779,183.0,348.0
20.7826,327.0,350.0
20.7882,-155.0,352.0
20.7929,-289.0,354.0
20.7981,153.0,356.0
20.8028,233.0,358.0
20.8078,-149.0,360.0
20.8131,-156.0,360.0
20.8176,144.0,362.0
20.8228,91.0,360.0
20.8279,-119.0,360.0
20.8329,-71.0,354.0
20.8376,24.0,352.0
20.8426,81.0,346.0
20.8478,113.0,346.0
20.8528,-116.0,342.0
20.8578,-195.0,342.0
20.8628,198.0,344.0
20.8677,186.0,346.0
20.8728,-305.0,350.0
20.8778,-159.0,352.0
20.8828,329.0,354.0
20.8877,148.0,356.0
20.8928,-207.0,354.0
20.8977,-103.0,352.0
20.9026,18.0,346.0
20.9076,16.0,344.0
20.9128,129.0,340.0
20.9178,63.0,340.0
20.9228,-220.0,340.0
20.9278,-90.0,338.0
20.9326,287.0,342.0
20.938,55.0,338.0
20.9431,-323.0,344.0
20.9477,12.0,338.0
20.9527,311.0,344.0
20.9577,-63.0,342.0
20.9626,-274.0,344.0
20.9678,58.0,344.0
20.9729,230.0,346.0
20.9779,-22.0,346.0
20.9826,-168.0,346.0
20.9876,32.0,346.0
20.9927,104.0,346.0
20.9979,-143.0,348.0
21.0029,-128.0,350.0
21.0077,313.0,348.0
21.0127,312.0,352.0
21.0177,-380.0,350.0
21.0232,-526.0,354.0
21.0277,213.0,352.0
21.0328,507.0,354.0
21.0376,51.0,354.0
21.0426,-212.0,354.0
21.0477,-143.0,352.0
21.0527,-72.0,352.0
21.0577,29.0,348.0
21.0628,89.0,346.0
21.0676,70.0,344.0
21.0727,75.0,342.0
21.0776,-27.0,342.0
21.0829,-175.0,344.0
21.0878,-52.0,344.0
21.0928,146.0,344.0
21.0976,47.0,342.0
21.1027,-114.0,338.0
21.108,18.0,336.0
21.1128,164.0,332.0
21.1179,-51.0,330.0
21.1228,-238.0,328.0
21.1276,9.0,326.0
21.1327,226.0,326.0
21.1377,33.0,322.0
21.1428,-90.0,322.0
21.1477,37.0,320.0
21.1527,-66.0,320.0
21.1576,-182.0,320.0
21.1627,114.0,320.0
21.1678,214.0,324.0
21.1727,-84.0,324.0
21.1779,-71.0,324.0
21.1826,110.0,324.0
21.1876,-80.0,322.0
21.1927,-214.0,322.0
21.1979,86.0,316.0
21.2027,278.0,318.0
21.2085,10.0,310.0
21.2127,-224.0,312.0
21.2177,-74.0,306.0
21.2227,103.0,306.0
21.2278,42.0,306.0
21.2329,-12.0,302.0
21.2376,61.0,300.0
21.2426,-22.0,300.0
21.2476,-171.0,296.0
21.2526,38.0,294.0
21.2578,212.0,292.0
21.2627,-55.0,286.0
21.2676,-156.0,284.0
21.2726,58.0,276.0
21.2778,25.0,274.0
21.2827,-51.0,266.0
21.2879,124.0,266.0
21.2927,85.0,262.0
21.298,-181.0,264.0
21.3026,-156.0,266.0
21.3078,58.0,266.0
21.3129,138.0,266.0
21.3177,155.0,266.0
21.3226,47.0,266.0
21.3276,-243.0,268.0
21.3326,-256.0,268.0
21.3379,134.0,270.0
21.3429,273.0,272.0
21.3479,-16.0,272.0
21.3527,-82.0,274.0
21.3576,90.0,274.0
21.3626,-117.0,276.0
21.3678,-295.0,276.0
21.3729,131.0,278.0
21.3778,380.0,282.0
21.3826,14.0,282.0
21.3876,-218.0,284.0
21.3929,-126.0,286.0
21.3983,-46.0,284.0
21.4032,106.0,284.0
21.4076,198.0,284.0
21.4128,-48.0,280.0
21.4177,-184.0,280.0
21.4229,89.0,276.0
21.4278,89.0,274.0
21.4329,-267.0,274.0
21.4376,13.0,272.0
21.4428,508.0,276.0
21.4481,-78.0,276.0
21.4529,-678.0,284.0
21.4586,70.0,282.0
21.4634,667.0,292.0
21.4679,-31.0,290.0
21.4728,-478.0,296.0
21.478,46.0,296.0
21.4831,222.0,298.0
21.4881,-124.0,298.0
21.4931,-18.0,298.0
21.4987,177.0,296.0
21.5028,-86.0,296.0
21.5078,-136.0,294.0
21.5143,101.0,292.0
21.5177,24.0,290.0
21.5227,-13.0,284.0
21.5278,115.0,284.0
21.5329,-155.0,282.0
21.5379,-250.0,286.0
21.5434,302.0,290.0
21.5476,316.0,294.0
21.5527,-330.0,298.0
21.5588,-268.0,300.0
21.5629,244.0,302.0
21.568,138.0,302.0
21.5731,-116.0,300.0
21.5776,0.0,298.0
21.5828,26.0,294.0
21.5878,-89.0,294.0
21.593,-13.0,290.0
21.5983,94.0,290.0
21.6026,57.0,288.0
21.6082,13.0,286.0
21.6131,-70.0,284.0
21.6179,-177.0,286.0
21.6235,-4.0,284.0
21.6281,255.0,288.0
21.6333,84.0,288.0
21.6376,-206.0,288.0
21.6428,-65.0,288.0
21.6485,151.0,284.0
21.6529,-10.0,280.0
21.6582,-173.0,276.0
21.6634,28.0,268.0
21.6678,181.0,268.0
21.6728,39.0,260.0
21.678,-49.0,260.0
21.6831,-106.0,260.0
21.6876,-158.0,260.0
21.6931,107.0,260.0
21.6981,251.0,264.0
21.7028,-117.0,264.0
21.7082,-190.0,266.0
21.7131,208.0,268.0
21.7176,133.0,270.0
21.7227,-287.0,272.0
21.7276,-156.0,272.0
21.7329,216.0,274.0
21.7379,152.0,276.0
21.7428,-29.0,274.0
21.7481,-25.0,274.0
21.7529,-126.0,274.0
21.7581,-167.0,276.0
21.7629,179.0,274.0
21.7677,316.0,280.0
21.7734,-161.0,278.0
21.7781,-365.0,284.0
21.7839,98.0,284.0
21.7877,326.0,288.0
21.7926,14.0,288.0
21.7981,-217.0,288.0
21.8031,-147.0,288.0
21.8076,27.0,286.0
21.8129,204.0,288.0
21.8179,208.0,290.0
21.8234,-94.0,290.0
21.8279,-341.0,294.0
21.8327,-130.0,292.0
21.8382,235.0,294.0
21.8428,281.0,294.0
21.848,34.0,294.0
21.8529,-263.0,296.0
21.8577,-231.0,298.0
21.8626,209.0,300.0
21.8678,250.0,302.0
21.8731,-259.0,306.0
21.8778,-210.0,310.0
21.8828,340.0,314.0
21.8881,206.0,314.0
21.8934,-315.0,318.0
21.8984,-184.0,318.0
21.9028,181.0,320.0
21.9077,88.0,320.0
21.9132,-52.0,320.0
21.9185,42.0,320.0
21.9231,-6.0,318.0
21.9276,-143.0,320.0
21.9327,35.0,318.0
21.9384,221.0,320.0
21.9427,-52.0,318.0
21.9479,-299.0,322.0
21.9527,-1.0,320.0
21.958,332.0,322.0
21.9628,109.0,322.0
21.9679,-276.0,324.0
21.9739,-168.0,322.0
21.9784,176.0,322.0
21.9829,138.0,320.0
21.9878,-100.0,322.0
21.9929,-72.0,322.0
21.9979,61.0,322.0
22.0026,29.0,320.0
22.0077,-46.0,316.0
22.0126,-19.0,314.0
22.0176,74.0,310.0
22.0227,40.0,310.0
22.0287,-137.0,308.0
22.033,-78.0,308.0
22.0377,161.0,310.0
22.0426,77.0,310.0
22.0478,-90.0,308.0
22.0526,24.0,308.0
22.0582,-23.0,304.0
22.0633,-183.0,306.0
22.0677,85.0,306.0
22.0727,238.0,306.0
22.0781,-83.0,306.0
22.0829,-87.0,300.0
22.0881,100.0,300.0
22.0926,-146.0,292.0
22.0982,-171.0,294.0
22.1028,241.0,286.0
22.1076,187.0,290.0
22.1131,-160.0,284.0
22.1181,-49.0,284.0
22.1226,66.0,282.0
22.1278,-163.0,282.0
22.1332,-59.0,284.0
22.1377,281.0,284.0
22.1432,55.0,284.0
22.1476,-269.0,286.0
22.1532,52.0,286.0
22.1578,222.0,288.0
22.1629,-210.0,292.0
22.168,-179.0,292.0
22.1732,297.0,296.0
22.1785,108.0,292.0
22.1829,-287.0,292.0
22.1879,-29.0,288.0
22.1926,218.0,286.0
22.1979,-5.0,282.0
22.2026,-117.0,280.0
22.2081,3.0,278.0
22.2139,7.0,276.0
22.2176,-12.0,276.0
22.2229,63.0,278.0
22.2284,36.0,276.0
22.2335,-81.0,278.0
22.238,-11.0,276.0
22.2431,110.0,278.0
22.2476,-71.0,278.0
22.2534,-205.0,280.0
22.2582,96.0,278.0
22.2631,298.0,284.0
22.2678,-3.0,280.0
22.2728,-278.0,282.0
22.2778,-103.0,280.0
22.2826,155.0,282.0
22.2878,128.0,282.0
22.2932,-34.0,282.0
22.2978,-111.0,282.0
22.3028,-41.0,282.0
22.3078,117.0,280.0
22.3131,97.0,282.0
22.3182,-104.0,282.0
22.3231,-115.0,282.0
22.3281,36.0,280.0
22.3343,50.0,280.0
22.3382,17.0,276.0
22.3426,62.0,276.0
22.3482,21.0,272.0
22.3528,-129.0,272.0
22.3578,-106.0,270.0
22.3628,105.0,268.0
22.368,113.0,268.0
22.3737,-41.0,264.0
22.3783,13.0,262.0
22.3829,2.0,262.0
22.3876,-211.0,264.0
22.3928,5.0,264.0
22.398,401.0,266.0
22.4025,6.0,264.0
22.4077,-526.0,268.0
22.4126,-61.0,266.0
22.4176,479.0,268.0
22.4227,119.0,268.0
22.428,-222.0,266.0
22.4327,-45.0,266.0
22.4376,-65.0,264.0
22.4427,-179.0,264.0
22.4477,139.0,266.0
22.4532,346.0,268.0
22.4584,23.0,266.0
22.4629,-261.0,268.0
22.4676,-190.0,266.0
22.4727,-7.0,264.0
22.4776,131.0,262.0
22.4826,224.0,262.0
22.4879,138.0,264.0
22.4927,-235.0,262.0
22.4978,-375.0,266.0
22.5026,108.0,264.0
22.5076,363.0,266.0
22.5128,-36.0,262.0
22.5178,-142.0,260.0
22.5228,109.0,258.0
22.5276,-61.0,254.0
22.5327,-204.0,254.0
22.5379,110.0,252.0
22.5428,189.0,252.0
22.5477,-70.0,252.0
22.5527,-136.0,254.0
22.5576,35.0,254.0
22.5627,187.0,256.0
22.5678,32.0,254.0
22.5731,-291.0,258.0
22.5779,-179.0,258.0
22.5826,285.0,262.0
22.5878,301.0,262.0
22.5926,-147.0,264.0
22.5977,-279.0,262.0
22.6026,8.0,262.0
22.6077,137.0,258.0
22.6128,30.0,256.0
22.6176,5.0,254.0
22.623,5.0,252.0
22.6278,-62.0,252.0
22.6328,-44.0,250.0
22.6376,30.0,250.0
22.6428,66.0,252.0
22.6476,45.0,252.0
22.6527,-75.0,252.0
22.6576,-117.0,252.0
22.6627,41.0,252.0
22.6676,124.0,252.0
22.6726,23.0,252.0
22.6776,-36.0,250.0
22.6826,-36.0,248.0
22.6877,-82.0,248.0
22.6926,-37.0,248.0
22.6978,125.0,250.0
22.7026,116.0,250.0
22.7076,-50.0,248.0
22.7129,-125.0,248.0
22.7177,-73.0,248.0
22.7227,99.0,248.0
22.7276,136.0,248.0
22.7328,-128.0,248.0
22.7376,-98.0,246.0
22.7426,212.0,246.0
22.7477,2.0,244.0
22.7527,-259.0,244.0
22.758,121.0,246.0
22.7627,223.0,248.0
22.768,-242.0,250.0
22.7729,-149.0,250.0
22.7778,269.0,250.0
22.7826,68.0,250.0
22.7876,-146.0,248.0
22.7926,44.0,248.0
22.7978,-24.0,246.0
22.8028,-174.0,246.0
22.8077,107.0,244.0
22.8127,261.0,244.0
22.8176,-77.0,242.0
22.8227,-292.0,244.0
22.8279,-22.0,242.0
22.8327,283.0,244.0
22.8385,122.0,246.0
22.8426,-221.0,248.0
22.8476,-128.0,250.0
22.8526,114.0,252.0
22.8577,15.0,252.0
22.8626,-19.0,250.0
22.8677,120.0,252.0
22.8726,-17.0,250.0
22.8777,-168.0,254.0
22.8828,15.0,252.0
22.8878,100.0,252.0
22.8927,-22.0,250.0
22.8976,11.0,248.0
22.9026,35.0,244.0
22.9076,-69.0,244.0
22.9129,29.0,240.0
22.9176,85.0,240.0
22.9229,-194.0,242.0
22.9276,-191.0,242.0
22.9326,312.0,246.0
22.9378,400.0,252.0
22.9428,-233.0,254.0
22.9478,-502.0,260.0
22.9527,15.0,258.0
22.9577,349.0,262.0
22.9626,143.0,264.0
22.9678,-73.0,264.0
22.9727,-169.0,266.0
22.9778,-87.0,266.0
22.9826,168.0,268.0
22.9876,50.0,268.0
22.9928,-225.0,270.0
22.9979,75.0,270.0
23.0029,306.0,272.0
23.0077,-154.0,274.0
23.0136,-325.0,278.0
23.0176,145.0,280.0
23.0227,221.0,284.0
23.0282,-106.0,282.0
23.0329,-32.0,282.0
23.0376,116.0,278.0
23.0426,-109.0,280.0
23.0476,-194.0,274.0
23.0533,111.0,276.0
23.0577,261.0,272.0
23.0628,-18.0,270.0
23.0676,-195.0,270.0
23.0726,-30.0,270.0
23.0778,-8.0,268.0
23.0827,-47.0,266.0
23.0878,202.0,268.0
23.0927,167.0,264.0
23.0977,-282.0,268.0
23.1026,-193.0,268.0
23.1078,296.0,270.0
23.1128,128.0,272.0
23.1178,-304.0,274.0
23.1228,-67.0,272.0
23.1276,288.0,274.0
23.1326,25.0,270.0
23.1379,-255.0,268.0
23.1428,46.0,268.0
23.1478,277.0,266.0
23.153,-118.0,268.0
23.1576,-354.0,270.0
23.1632,102.0,270.0
23.1686,369.0,276.0
23.1734,1.0,272.0
23.1779,-240.0,274.0
23.1827,-78.0,272.0
23.1876,40.0,272.0
23.1928,40.0,270.0
23.1979,65.0,272.0
23.2027,50.0,270.0
23.2078,-15.0,268.0
23.2128,-67.0,266.0
23.2176,-67.0,264.0
23.2228,31.0,260.0
23.228,74.0,256.0
23.2328,-71.0,254.0
23.2376,-60.0,252.0
23.2426,171.0,254.0
23.2475,95.0,254.0
23.2529,-195.0,256.0
23.2581,-123.0,258.0
23.2626,123.0,260.0
23.2676,89.0,260.0
23.273,-53.0,260.0
23.2776,-62.0,260.0
23.2827,37.0,260.0
23.2877,121.0,262.0
23.2927,-42.0,260.0
23.2983,-197.0,262.0
23.3028,56.0,262.0
23.3076,156.0,262.0
23.3127,-118.0,264.0
23.3178,-15.0,264.0
23.3228,220.0,266.0
23.3276,-101.0,268.0
23.3326,-290.0,272.0
23.3378,129.0,272.0
23.343,273.0,274.0
23.3477,-97.0,274.0
23.3527,-191.0,276.0
23.3576,51.0,276.0
23.3627,107.0,276.0
23.3678,-33.0,274.0
23.3729,-77.0,272.0
23.3776,71.0,272.0
23.3826,124.0,270.0
23.3876,-116.0,272.0
23.3927,-195.0,272.0
23.3976,82.0,272.0
23.4029,178.0,270.0
23.4076,-10.0,266.0
23.4127,-58.0,266.0
23.4176,12.0,262.0
23.4227,-65.0,262.0
23.4279,-104.0,260.0
23.4327,128.0,262.0
23.4376,234.0,266.0
23.4426,-117.0,264.0
23.4477,-352.0,268.0
23.4528,29.0,264.0
23.4581,369.0,270.0
23.4626,69.0,266.0
23.4676,-226.0,268.0
23.4727,-79.0,266.0
23.4777,10.0,264.0
23.4829,-2.0,260.0
23.4877,136.0,260.0
23.4926,63.0,260.0
23.4977,-171.0,262.0
23.5027,-26.0,262.0
23.5076,149.0,262.0
23.5129,-81.0,264.0
23.5178,-100.0,262.0
23.5228,191.0,266.0
23.5275,7.0,264.0
23.5327,-245.0,268.0
23.5376,106.0,270.0
23.5429,212.0,272.0
23.5477,-196.0,274.0
23.5527,-130.0,276.0
23.5577,227.0,278.0
23.5626,98.0,276.0
23.5688,-152.0,276.0
23.573,-151.0,272.0
23.5777,-45.0,268.0
23.5826,205.0,266.0
23.5878,262.0,264.0
23.5926,-176.0,266.0
23.5977,-326.0,266.0
23.6028,107.0,264.0
23.6077,172.0,266.0
23.6127,-105.0,266.0
23.6176,53.0,264.0
23.6226,149.0,264.0
23.628,-154.0,266.0
23.6327,-92.0,264.0
23.6376,140.0,266.0
23.6427,-113.0,262.0
23.6476,-169.0,262.0
23.6529,313.0,262.0
23.6578,267.0,264.0
23.6628,-340.0,266.0
23.6676,-290.0,268.0
23.6726,229.0,272.0
23.6786,156.0,272.0
23.6827,-138.0,272.0
23.6878,41.0,270.0
23.6926,122.0,270.0
23.6977,-169.0,270.0
23.7026,-81.0,270.0
23.7076,203.0,270.0
23.7128,-45.0,270.0
23.7178,-219.0,274.0
23.7228,159.0,276.0
23.7276,217.0,276.0
23.7328,-179.0,276.0
23.7379,-133.0,274.0
23.743,198.0,274.0
23.7478,45.0,270.0
23.7527,-282.0,272.0
23.7577,-96.0,270.0
23.7627,310.0,272.0
23.769,218.0,272.0
23.7736,-206.0,274.0
23.7776,-231.0,274.0
23.7848,85.0,274.0
23.7879,122.0,272.0
23.7928,-63.0,272.0
23.7977,17.0,266.0
23.8027,142.0,266.0
23.8077,-127.0,264.0
23.8127,-252.0,268.0
23.8178,138.0,266.0
23.8229,281.0,268.0
23.8277,-50.0,268.0
23.8328,-178.0,270.0
23.8376,-27.0,270.0
23.8426,30.0,270.0
23.8475,14.0,270.0
23.8526,39.0,270.0
23.8578,54.0,270.0
23.8627,4.0,268.0
23.8676,-124.0,270.0
23.8726,-123.0,270.0
23.8776,174.0,272.0
23.8827,256.0,274.0
23.8877,-182.0,276.0
23.8926,-339.0,278.0
23.8977,113.0,278.0
23.9028,310.0,280.0
23.9077,17.0,278.0
23.9129,-159.0,280.0
23.9177,-117.0,282.0
23.9228,-37.0,282.0
23.9276,77.0,280.0
23.9326,149.0,282.0
23.938,103.0,280.0
23.9428,-96.0,282.0
23.9478,-292.0,284.0
23.9527,-52.0,282.0
23.9576,382.0,288.0
23.9626,160.0,288.0
23.9678,-388.0,292.0
23.9727,-176.0,290.0
23.9777,354.0,294.0
23.9826,145.0,292.0
23.9876,-277.0,294.0
23.9926,-128.0,294.0
23.9977,153.0,296.0
24.0027,145.0,296.0
24.0077,-3.0,296.0
24.0127,-172.0,296.0
24.0177,-159.0,298.0
24.0228,170.0,298.0
24.0278,323.0,302.0
24.0328,-102.0,300.0
24.0377,-406.0,306.0
24.0426,-14.0,304.0
24.0476,295.0,308.0
24.0528,81.0,308.0
24.0578,-27.0,308.0
24.0628,-13.0,308.0
24.0676,-186.0,308.0
24.0727,-115.0,308.0
24.0776,212.0,308.0
24.0827,172.0,308.0
24.0876,-124.0,306.0
24.0926,-142.0,308.0
24.0977,41.0,302.0
24.1026,84.0,302.0
24.1076,23.0,300.0
24.1127,6.0,298.0
24.1178,-86.0,300.0
24.1228,-160.0,302.0
24.1276,86.0,300.0
24.1326,322.0,304.0
24.1377,31.0,302.0
24.143,-392.0,308.0
24.1477,-203.0,310.0
24.1527,343.0,314.0
24.1576,299.0,316.0
24.1627,-242.0,318.0
24.1677,-258.0,322.0
24.1728,184.0,320.0
24.1776,126.0,320.0
24.1828,-216.0,320.0
24.1877,-13.0,318.0
24.1928,301.0,320.0
24.1976,-20.0,318.0
24.2028,-361.0,322.0
24.2076,8.0,318.0
24.2127,350.0,322.0
24.2176,10.0,322.0
24.2227,-231.0,322.0
24.2278,-35.0,318.0
24.2327,-4.0,316.0
24.2376,22.0,310.0
24.2426,229.0,312.0
24.2476,20.0,310.0
24.2527,-259.0,312.0
24.2579,41.0,312.0
24.2628,121.0,312.0
24.2676,-251.0,314.0
24.2726,-18.0,312.0
24.2778,425.0,318.0
24.2826,12.0,316.0
24.2876,-407.0,320.0
24.2926,9.0,314.0
24.2978,254.0,314.0
24.3026,-70.0,310.0
24.3077,-87.0,306.0
24.3129,103.0,304.0
24.3178,-31.0,302.0
24.3234,-113.0,302.0
24.3276,60.0,302.0
24.3326,133.0,304.0
24.3379,22.0,300.0
24.343,-106.0,302.0
24.3478,-153.0,300.0
24.3527,-19.0,300.0
24.3578,216.0,300.0
24.3626,186.0,300.0
24.3678,-174.0,300.0
24.3728,-285.0,302.0
24.3778,106.0,300.0
24.3832,286.0,302.0
24.3876,-110.0,304.0
24.3926,-232.0,302.0
24.3979,188.0,304.0
24.4026,165.0,302.0
24.4077,-264.0,302.0
24.4127,-91.0,300.0
24.4179,273.0,302.0
24.4226,-14.0,300.0
24.428,-210.0,302.0
24.4328,164.0,304.0
24.4376,119.0,304.0
24.4426,-320.0,308.0
24.4476,-63.0,306.0
24.4528,411.0,308.0
24.4578,73.0,308.0
24.4628,-382.0,310.0
24.4676,-101.0,310.0
24.4727,251.0,312.0
24.4776,76.0,312.0
24.4827,-113.0,314.0
24.4888,4.0,314.0
24.4926,31.0,314.0
24.4976,-104.0,314.0
24.5029,-8.0,314.0
24.5076,175.0,314.0
24.5127,23.0,314.0
24.5177,-143.0,312.0
24.5228,-14.0,310.0
24.5278,21.0,306.0
24.5326,-78.0,302.0
24.5378,49.0,302.0
24.5431,192.0,300.0
24.5476,9.0,300.0
24.5527,-191.0,300.0
24.5576,-95.0,300.0
24.5625,46.0,300.0
24.5676,76.0,300.0
24.5728,123.0,300.0
24.5777,17.0,298.0
24.5826,-195.0,300.0
24.5876,-55.0,296.0
24.5926,169.0,298.0
24.5975,13.0,292.0
24.6027,-112.0,292.0
24.6076,32.0,286.0
24.6126,52.0,284.0
24.6177,-43.0,278.0
24.6226,13.0,276.0
24.628,51.0,274.0
24.6328,-70.0,272.0
24.6376,-112.0,272.0
24.6425,61.0,270.0
24.6476,211.0,274.0
24.6526,70.0,272.0
24.6579,-245.0,274.0
24.6628,-246.0,274.0
24.6676,157.0,272.0
24.6726,252.0,274.0
24.6777,-53.0,268.0
24.6827,-1.0,268.0
24.6887,89.0,266.0
24.6926,-297.0,268.0
24.6978,-251.0,272.0
24.7026,392.0,278.0
24.7077,377.0,282.0
24.7129,-303.0,284.0
24.7177,-413.0,288.0
24.7227,217.0,288.0
24.7276,473.0,294.0
24.7326,-176.0,294.0
24.7377,-579.0,302.0
24.7426,95.0,302.0
24.7478,580.0,312.0
24.7528,5.0,312.0
24.7576,-415.0,316.0
24.7627,-24.0,314.0
24.7677,224.0,316.0
24.7728,-40.0,312.0
24.7779,-144.0,314.0
24.7826,96.0,310.0
24.7876,147.0,308.0
24.7927,-94.0,304.0
24.7979,-137.0,302.0
24.8027,69.0,300.0
24.8076,89.0,296.0
24.8126,-48.0,294.0
24.8176,-41.0,292.0
24.8227,0.0,290.0
24.8278,2.0,290.0
24.8327,93.0,286.0
24.8376,49.0,286.0
24.8426,-193.0,284.0
24.8476,-125.0,286.0
24.8527,251.0,284.0
24.8578,232.0,288.0
24.8628,-237.0,288.0
24.8676,-361.0,292.0
24.8726,148.0,296.0
24.8778,448.0,302.0
24.8826,-24.0,298.0
24.8878,-437.0,306.0
24.8926,-105.0,302.0
24.8981,321.0,308.0
24.903,221.0,308.0
24.9076,-106.0,306.0
24.9129,-266.0,310.0
24.9178,-157.0,306.0
24.9227,200.0,310.0
24.9276,338.0,308.0
24.9329,-82.0,310.0
24.9376,-320.0,310.0
24.9426,7.0,310.0
24.9476,126.0,310.0
24.9527,-6.0,308.0
24.9577,101.0,310.0
24.9626,34.0,308.0
24.9679,-252.0,312.0
24.9727,-30.0,310.0
24.9776,341.0,314.0
24.9825,13.0,314.0
24.9876,-415.0,318.0
24.9926,-73.0,318.0
24.9977,400.0,320.0
25.0026,198.0,322.0
25.0076,-199.0,322.0
25.0126,-243.0,320.0
25.0177,-79.0,320.0
25.0229,152.0,318.0
25.0278,208.0,320.0
25.0327,-59.0,318.0
25.0377,-133.0,316.0
25.0426,88.0,316.0
25.0477,14.0,312.0
25.0527,-184.0,312.0
25.0578,12.0,308.0
25.0628,207.0,312.0
25.0676,21.0,308.0
25.0728,-149.0,308.0
25.0776,-21.0,306.0
25.0825,144.0,304.0
25.0878,-21.0,304.0
25.0926,-247.0,300.0
25.0983,27.0,300.0
25.1026,316.0,300.0
25.1075,30.0,298.0
25.1128,-196.0,298.0
25.1178,-56.0,296.0
25.1228,-54.0,296.0
25.1276,-32.0,296.0
25.1327,218.0,300.0
25.1378,157.0,300.0
25.1439,-213.0,304.0
25.1476,-189.0,304.0
25.1526,173.0,306.0
25.1576,159.0,306.0
25.1627,-197.0,308.0
25.1687,-208.0,312.0
25.1728,194.0,314.0
25.1777,336.0,318.0
25.1826,-51.0,316.0
25.1876,-378.0,322.0
25.1926,-149.0,322.0
25.1976,249.0,324.0
25.2028,229.0,326.0
25.2086,-58.0,326.0
25.2129,-148.0,326.0
25.2186,-48.0,326.0
25.2231,-4.0,324.0
25.2277,9.0,324.0
25.2327,163.0,324.0
25.2377,146.0,326.0
25.2426,-300.0,328.0
25.2476,-328.0,332.0
25.2528,339.0,338.0
25.258,408.0,342.0
25.2629,-221.0,346.0
25.2676,-300.0,350.0
25.2726,36.0,350.0
25.2777,86.0,350.0
25.2828,52.0,350.0
25.2876,32.0,346.0
25.2927,-17.0,346.0
25.2977,23.0,342.0
25.3049,-40.0,338.0
25.3076,-128.0,338.0
25.3128,53.0,336.0
25.3178,118.0,336.0
25.3228,-57.0,338.0
25.3275,25.0,336.0
25.3327,103.0,332.0
25.3377,-171.0,332.0
25.3429,-179.0,328.0
25.3478,187.0,326.0
25.3527,238.0,324.0
25.3576,-59.0,318.0
25.3626,-256.0,320.0
25.3678,-111.0,314.0
25.3727,244.0,314.0
25.3778,214.0,310.0
25.3826,-230.0,312.0
25.3877,-225.0,306.0
25.3927,228.0,310.0
25.3978,211.0,306.0
25.4028,-200.0,308.0
25.4076,-200.0,308.0
25.4128,107.0,310.0
25.4176,140.0,310.0
25.4226,16.0,308.0
25.4279,-4.0,306.0
25.4327,-101.0,306.0
25.4376,-151.0,306.0
25.4426,134.0,308.0
25.4476,261.0,310.0
25.4526,-137.0,312.0
25.4578,-309.0,316.0
25.4628,96.0,318.0
25.4676,302.0,322.0
25.4726,1.0,320.0
25.4778,-257.0,324.0
25.4826,-98.0,322.0
25.4878,226.0,324.0
25.4928,142.0,322.0
25.4978,-244.0,322.0
25.5026,-157.0,320.0
25.508,240.0,318.0
25.5126,159.0,320.0
25.5176,-145.0,314.0
25.5228,-101.0,316.0
25.5276,31.0,310.0
25.5326,-41.0,308.0
25.5376,-20.0,304.0
25.5427,204.0,304.0
25.5477,148.0,304.0
25.5527,-263.0,304.0
25.5576,-322.0,306.0
25.5626,138.0,306.0
25.5677,370.0,306.0
25.5726,76.0,306.0
25.5779,-227.0,304.0
25.5826,-183.0,308.0
25.5875,50.0,306.0
25.5928,101.0,308.0
25.5977,-49.0,306.0
25.6027,54.0,308.0
25.6078,245.0,306.0
25.6126,-131.0,308.0
25.6176,-467.0,310.0
25.6228,101.0,312.0
25.6279,574.0,314.0
25.6327,-61.0,314.0
25.6377,-576.0,316.0
25.6426,77.0,316.0
25.6476,534.0,320.0
25.6529,-110.0,318.0
25.6579,-446.0,324.0
25.6627,99.0,324.0
25.6677,288.0,324.0
25.6727,-59.0,324.0
25.6776,-111.0,324.0
25.6826,50.0,324.0
25.6877,22.0,324.0
25.6926,-79.0,322.0
25.6977,-52.0,322.0
25.7025,86.0,320.0
25.7076,110.0,322.0
25.7138,-19.0,320.0
25.7183,-74.0,320.0
25.7225,-94.0,320.0
25.7276,-51.0,320.0
25.7327,150.0,318.0
25.7376,117.0,320.0
25.7431,-98.0,316.0
25.7476,19.0,316.0
25.7526,35.0,314.0
25.7576,-286.0,318.0
25.7626,-87.0,318.0
25.7676,430.0,324.0
25.7726,220.0,324.0
25.7776,-306.0,326.0
25.7859,-264.0,328.0
25.7877,65.0,326.0
25.7926,136.0,326.0
25.7977,33.0,324.0
25.8028,39.0,320.0
25.8076,67.0,318.0
25.8128,-90.0,316.0
25.8176,-196.0,314.0
25.8226,13.0,314.0
25.8279,200.0,312.0
25.8328,54.0,310.0
25.8376,-131.0,308.0
25.8426,-50.0,306.0
25.8476,130.0,306.0
25.8526,60.0,306.0
25.8579,-195.0,308.0
25.8628,-128.0,310.0
25.8676,174.0,312.0
25.8726,132.0,312.0
25.8776,-30.0,310.0
25.8827,30.0,306.0
25.8879,-62.0,302.0
25.8926,-228.0,300.0
25.8978,-17.0,294.0
25.9028,245.0,294.0
25.9077,150.0,292.0
25.9128,-60.0,292.0
25.9178,-160.0,292.0
25.9228,-151.0,294.0
25.9276,35.0,294.0
25.9328,246.0,298.0
25.9376,122.0,300.0
25.9431,-212.0,302.0
25.9477,-239.0,304.0
25.9526,100.0,304.0
25.9577,287.0,308.0
25.9626,37.0,308.0
25.9678,-239.0,310.0
25.9728,-130.0,310.0
25.9777,115.0,310.0
25.9826,122.0,310.0
25.9876,-24.0,306.0
25.9931,-54.0,304.0
25.9977,31.0,304.0
26.0028,17.0,300.0
26.0077,-87.0,300.0
26.0127,-27.0,296.0
26.0176,133.0,294.0
26.0229,33.0,292.0
26.028,-172.0,290.0
26.0328,-37.0,288.0
26.0376,204.0,288.0
26.0425,48.0,286.0
26.0477,-187.0,284.0
26.0527,-1.0,284.0
26.0577,120.0,282.0
26.0628,-126.0,284.0
26.0676,-67.0,286.0
26.0726,240.0,288.0
26.0776,42.0,286.0
26.0827,-254.0,288.0
26.0878,-11.0,284.0
26.0928,188.0,284.0
26.0978,-34.0,280.0
26.1026,-136.0,282.0
26.1078,62.0,278.0
26.1126,164.0,280.0
26.1177,-51.0,276.0
26.1228,-196.0,278.0
26.1275,67.0,276.0
26.1326,114.0,276.0
26.1376,-187.0,274.0
26.1427,24.0,272.0
26.1478,344.0,274.0
26.1526,-72.0,272.0
26.1577,-380.0,276.0
26.1626,26.0,276.0
26.1677,261.0,278.0
26.1727,23.0,278.0
26.1779,-94.0,280.0
26.1826,-54.0,278.0
26.1877,-9.0,276.0
26.1929,75.0,272.0
26.1981,-11.0,268.0
26.2031,-75.0,266.0
26.2081,150.0,262.0
26.2131,91.0,264.0
26.2178,-279.0,264.0
26.223,-163.0,264.0
26.2281,244.0,266.0
26.2331,192.0,268.0
26.2376,-61.0,268.0
26.2426,-82.0,268.0
26.2477,-80.0,266.0
26.253,-42.0,264.0
26.2585,86.0,258.0
26.2626,20.0,258.0
26.2676,-75.0,250.0
26.2727,91.0,250.0
26.2778,171.0,244.0
26.283,-98.0,244.0
26.2879,-316.0,240.0
26.2932,-104.0,240.0
26.2981,353.0,240.0
26.3029,389.0,244.0
26.3079,-207.0,242.0
26.3133,-512.0,250.0
26.3181,-12.0,248.0
26.3232,370.0,254.0
26.3277,108.0,254.0
26.3328,-104.0,254.0
26.3379,-7.0,254.0
26.3432,-90.0,254.0
26.3481,-172.0,256.0
26.3528,143.0,258.0
26.3588,260.0,260.0
26.3628,-116.0,260.0
26.3677,-186.0,262.0
26.3726,90.0,262.0
26.3782,1.0,260.0
26.3827,-65.0,260.0
26.3879,211.0,262.0
26.3928,-5.0,262.0
26.3979,-385.0,264.0
26.4028,91.0,264.0
26.4075,486.0,264.0
26.4133,-118.0,262.0
26.4178,-493.0,266.0
26.4227,55.0,262.0
26.4283,401.0,268.0
26.4325,68.0,266.0
26.4376,-259.0,270.0
26.4429,-199.0,272.0
26.4482,150.0,274.0
26.4529,285.0,276.0
26.4581,-90.0,276.0
26.4631,-273.0,280.0
26.4679,55.0,276.0
26.4744,158.0,278.0
26.4784,-54.0,278.0
26.4827,-20.0,276.0
26.4877,71.0,276.0
26.4928,-55.0,276.0
26.4977,-63.0,274.0
26.5027,73.0,272.0
26.5077,47.0,270.0
26.5127,-76.0,270.0
26.5177,-74.0,270.0
26.5227,80.0,272.0
26.5277,130.0,272.0
26.5332,-82.0,270.0
26.5377,-150.0,272.0
26.5428,90.0,270.0
26.5478,114.0,270.0
26.5528,-82.0,270.0
26.5577,-38.0,268.0
26.5626,28.0,266.0
26.5676,-58.0,266.0
26.5726,23.0,262.0
26.5778,126.0,262.0
26.5825,10.0,260.0
26.5884,-104.0,258.0
26.5928,-139.0,258.0
26.5978,-14.0,254.0
26.6028,264.0,258.0
26.6077,159.0,256.0
26.6126,-246.0,258.0
26.6178,-204.0,260.0
26.6227,60.0,258.0
26.6276,68.0,260.0
26.6328,122.0,260.0
26.6389,146.0,262.0
26.6427,-132.0,264.0
26.648,-225.0,266.0
26.6529,26.0,266.0
26.6592,104.0,266.0
26.6631,23.0,266.0
26.6679,78.0,264.0
26.6726,36.0,264.0
26.6776,-160.0,264.0
26.6829,-124.0,264.0
26.6883,83.0,262.0
26.6931,139.0,264.0
26.6986,82.0,264.0
26.7027,-37.0,262.0
26.7079,-194.0,264.0
26.7131,-118.0,264.0
26.719,188.0,266.0
26.7232,209.0,264.0
26.7279,-140.0,266.0
26.7328,-214.0,268.0
26.7378,130.0,268.0
26.7435,238.0,270.0
26.7488,-94.0,270.0
26.7526,-319.0,274.0
26.7582,-66.0,274.0
26.7628,313.0,276.0
26.7676,263.0,278.0
26.7726,-136.0,278.0
26.7781,-296.0,280.0
26.783,-46.0,280.0
26.7878,152.0,278.0
26.7929,66.0,278.0
26.7981,-35.0,272.0
26.8031,0.0,272.0
26.8076,100.0,270.0
26.8127,16.0,270.0
26.8178,-252.0,272.0
26.8228,-130.0,272.0
26.8282,296.0,278.0
26.8332,208.0,280.0
26.8376,-198.0,282.0
26.8426,-178.0,284.0
26.8476,77.0,282.0
26.8529,110.0,282.0
26.8582,2.0,278.0
26.8635,-72.0,278.0
26.8676,-62.0,274.0
26.8729,13.0,272.0
26.8776,51.0,272.0
26.8827,111.0,272.0
26.8881,125.0,272.0
26.8927,-192.0,274.0
26.8982,-379.0,280.0
26.9028,112.0,280.0
26.9079,471.0,288.0
26.913,36.0,286.0
26.9181,-325.0,288.0
26.9228,-72.0,288.0
26.9281,108.0,284.0
26.9328,-10.0,284.0
26.9377,13.0,278.0
26.9426,86.0,274.0
26.9482,-49.0,272.0
26.9528,-103.0,264.0
26.9581,67.0,266.0
26.9628,111.0,262.0
26.9678,-69.0,260.0
26.9732,-103.0,260.0
26.9775,55.0,262.0
26.9825,32.0,260.0
26.9877,-65.0,258.0
26.9929,63.0,258.0
26.9978,93.0,256.0
27.0031,-122.0,256.0
27.0075,-89.0,254.0
27.0131,157.0,254.0
27.0177,48.0,256.0
27.0226,-183.0,258.0
27.0282,10.0,254.0
27.0332,167.0,256.0
27.0376,-106.0,252.0
27.0428,-100.0,252.0
27.0475,230.0,248.0
27.0525,43.0,248.0
27.0582,-275.0,244.0
27.0631,-27.0,244.0
27.0677,143.0,240.0
27.0732,-19.0,238.0
27.0777,62.0,236.0
27.0826,151.0,234.0
27.0876,-120.0,234.0
27.0931,-275.0,234.0
27.098,-27.0,234.0
27.1028,271.0,234.0
27.1077,247.0,236.0
27.1127,-150.0,236.0
27.1177,-411.0,242.0
27.1231,0.0,242.0
27.1281,473.0,248.0
27.1327,118.0,248.0
27.1377,-424.0,254.0
27.1428,-167.0,256.0
27.1481,303.0,260.0
27.1526,144.0,260.0
27.1576,-180.0,262.0
27.1628,-97.0,262.0
27.1677,98.0,262.0
27.1734,76.0,262.0
27.1781,-44.0,260.0
27.1827,-84.0,260.0
27.1878,-41.0,260.0
27.1928,85.0,260.0
27.1976,188.0,262.0
27.2028,-34.0,262.0
27.2076,-339.0,266.0
27.2126,-77.0,266.0
27.2176,402.0,272.0
27.2226,175.0,274.0
27.2279,-339.0,278.0
27.2326,-169.0,278.0
27.2376,215.0,282.0
27.2426,64.0,278.0
27.2484,-113.0,278.0
27.2527,55.0,274.0
27.2581,50.0,272.0
27.2628,-176.0,274.0
27.2675,-47.0,274.0
27.2727,341.0,276.0
27.2777,171.0,278.0
27.2828,-481.0,282.0
27.2876,-380.0,286.0
27.2927,453.0,292.0
27.2976,487.0,298.0
27.3026,-257.0,302.0
27.3076,-383.0,306.0
27.3126,67.0,306.0
27.3177,160.0,306.0
27.3227,-25.0,306.0
27.3276,1.0,304.0
27.3325,93.0,304.0
27.3375,-57.0,302.0
27.3429,-127.0,304.0
27.3477,142.0,304.0
27.3526,89.0,302.0
27.3578,-318.0,304.0
27.3626,-63.0,302.0
27.3678,439.0,308.0
27.3728,89.0,306.0
27.3779,-372.0,310.0
27.3826,-108.0,308.0
27.3878,159.0,308.0
27.3927,62.0,304.0
27.3979,46.0,304.0
27.4027,33.0,300.0
27.4078,-121.0,298.0
27.4128,-113.0,296.0
27.4176,76.0,294.0
27.4228,139.0,294.0
27.4279,-29.0,292.0
27.4327,-129.0,294.0
27.4376,30.0,294.0
27.4426,119.0,296.0
27.4476,-30.0,294.0
27.4528,-131.0,296.0
27.4577,-16.0,292.0
27.4629,147.0,292.0
27.4675,92.0,290.0
27.4726,-111.0,288.0
27.4776,-104.0,286.0
27.4828,29.0,284.0
27.4878,-23.0,284.0
27.4926,1.0,282.0
27.4976,220.0,286.0
27.5026,77.0,286.0
27.5076,-298.0,290.0
27.5126,-177.0,292.0
27.5177,134.0,292.0
27.5228,161.0,294.0
27.5276,180.0,294.0
27.5325,10.0,292.0
27.5379,-419.0,292.0
27.5429,-243.0,294.0
27.5476,427.0,294.0
27.5526,366.0,298.0
27.5576,-242.0,298.0
27.5626,-254.0,300.0
27.5677,23.0,300.0
27.5729,-36.0,300.0
27.5778,101.0,300.0
27.5826,304.0,304.0
27.5876,-122.0,306.0
27.5927,-393.0,310.0
27.5978,90.0,310.0
27.6026,323.0,314.0
27.6076,-29.0,312.0
27.6127,-216.0,314.0
27.6175,-72.0,314.0
27.6226,156.0,316.0
27.6279,188.0,318.0
27.6328,-133.0,320.0
27.6376,-250.0,322.0
27.6426,106.0,322.0
27.6476,245.0,324.0
27.6528,-43.0,322.0
27.6581,-199.0,326.0
27.6627,-53.0,324.0
27.6676,106.0,324.0
27.6726,120.0,324.0
27.6776,18.0,322.0
27.6826,-81.0,322.0
27.6876,-85.0,320.0
27.6927,-54.0,320.0
27.6977,-4.0,316.0
27.7025,172.0,318.0
27.7076,255.0,320.0
27.7127,-125.0,322.0
27.7177,-501.0,328.0
27.7227,-75.0,328.0
27.7275,538.0,334.0
27.7326,217.0,332.0
27.7377,-377.0,338.0
27.7428,-153.0,336.0
27.7477,217.0,336.0
27.7526,-18.0,334.0
27.7576,-184.0,330.0
27.7626,106.0,332.0
27.7676,210.0,328.0
27.7726,-27.0,326.0
27.7778,-157.0,322.0
27.7868,-158.0,322.0
27.7875,-29.0,318.0
27.7926,285.0,320.0
27.7976,273.0,322.0
27.8027,-204.0,324.0
27.8078,-395.0,328.0
27.8126,-37.0,328.0
27.8176,283.0,332.0
27.8227,212.0,334.0
27.8277,-47.0,334.0
27.8328,-180.0,334.0
27.8376,-93.0,334.0
27.8425,23.0,332.0
27.8475,60.0,328.0
27.8525,108.0,330.0
27.8578,76.0,324.0
27.8632,-127.0,324.0
27.8676,-239.0,322.0
27.8725,11.0,320.0
27.8775,347.0,322.0
27.8827,162.0,322.0
27.8877,-325.0,326.0
27.8928,-252.0,330.0
27.8977,214.0,332.0
27.9025,202.0,332.0
27.9078,-131.0,334.0
27.9128,-97.0,330.0
27.9177,103.0,328.0
27.9226,38.0,322.0
27.9275,-44.0,316.0
27.9325,6.0,310.0
27.9379,-91.0,304.0
27.9431,-150.0,302.0
27.9477,231.0,300.0
27.9526,392.0,304.0
27.9577,-249.0,306.0
27.9627,-557.0,314.0
27.9678,110.0,316.0
27.9726,479.0,322.0
27.9776,66.0,322.0
27.9826,-209.0,324.0
27.9875,-114.0,322.0
27.9927,-35.0,322.0
27.9977,9.0,318.0
28.0028,127.0,318.0
28.0077,147.0,314.0
28.0126,-116.0,314.0
28.0176,-278.0,312.0
28.0225,63.0,312.0
28.028,334.0,314.0
28.0327,49.0,314.0
28.0375,-225.0,318.0
28.0426,-161.0,320.0
28.0476,-42.0,318.0
28.0526,132.0,318.0
28.0578,251.0,320.0
28.0626,0.0,318.0
28.0676,-205.0,322.0
28.0726,-11.0,320.0
28.0775,1.0,320.0
28.0825,-172.0,320.0
28.0876,100.0,322.0
28.0927,348.0,324.0
28.0977,-26.0,324.0
28.1026,-320.0,328.0
28.1076,-54.0,326.0
28.1126,128.0,326.0
28.1177,-4.0,326.0
28.1227,67.0,326.0
28.1276,159.0,328.0
28.1326,-180.0,330.0
28.138,-296.0,332.0
28.143,215.0,334.0
28.1477,370.0,336.0
28.1526,-181.0,336.0
28.1576,-371.0,340.0
28.1626,83.0,338.0
28.1675,276.0,340.0
28.1727,23.0,340.0
28.1777,-85.0,334.0
28.1835,-79.0,332.0
28.1876,-124.0,328.0
28.1925,97.0,322.0
28.1975,259.0,324.0
28.2027,-136.0,322.0
28.2077,-296.0,326.0
28.2127,209.0,328.0
28.2176,266.0,330.0
28.2226,-298.0,330.0
28.2278,-175.0,332.0
28.2327,405.0,332.0
28.2376,49.0,332.0
28.2426,-513.0,334.0
28.2477,27.0,334.0
28.253,542.0,340.0
28.2576,-19.0,338.0
28.2627,-433.0,342.0
28.2676,-2.0,340.0
28.2725,228.0,342.0
28.2777,-55.0,338.0
28.2827,-52.0,338.0
28.2879,190.0,336.0
28.2927,26.0,336.0
28.2977,-264.0,338.0
28.3026,-118.0,338.0
28.3084,168.0,340.0
28.3127,139.0,340.0
28.3177,-27.0,340.0
28.3226,-2.0,338.0
28.3275,74.0,338.0
28.3326,-126.0,340.0
28.3376,-302.0,344.0
28.3428,41.0,342.0
28.3477,428.0,344.0
28.3527,185.0,346.0
28.3576,-287.0,342.0
28.3626,-255.0,346.0
28.3677,70.0,338.0
28.3727,66.0,336.0
28.3776,-36.0,330.0
28.3825,128.0,330.0
28.3875,129.0,328.0
28.3926,-102.0,330.0
28.3976,-87.0,328.0
28.4028,-41.0,328.0
28.4077,-166.0,326.0
28.4128,65.0,328.0
28.4176,427.0,332.0
28.4227,75.0,330.0
28.428,-481.0,338.0
28.4327,-203.0,336.0
28.4375,352.0,338.0
28.4426,173.0,336.0
28.4476,-214.0,334.0
28.4528,-35.0,334.0
28.4578,143.0,332.0
28.4628,-113.0,330.0
28.4676,-98.0,330.0
28.4726,246.0,332.0
28.4778,51.0,332.0
28.4838,-341.0,336.0
28.4876,-4.0,336.0
28.4927,354.0,340.0
28.4976,-30.0,338.0
28.5026,-280.0,340.0
28.5078,31.0,338.0
28.5128,198.0,340.0
28.5176,30.0,336.0
28.5226,-186.0,336.0
28.5276,-134.0,332.0
28.5326,201.0,332.0
28.5378,169.0,332.0
28.5428,-185.0,332.0
28.5477,-43.0,330.0
28.5528,195.0,332.0
28.5578,-139.0,332.0
28.5626,-264.0,336.0
28.5677,152.0,336.0
28.5727,273.0,342.0
28.5777,31.0,340.0
28.5826,-111.0,340.0
28.5876,-227.0,340.0
28.5926,-163.0,336.0
28.5976,329.0,338.0
28.6028,438.0,336.0
28.6077,-336.0,338.0
28.6128,-623.0,342.0
28.6176,222.0,344.0
28.6228,604.0,350.0
28.6278,-35.0,348.0
28.6326,-351.0,354.0
28.6377,-71.0,354.0
28.6425,18.0,352.0
28.6475,50.0,352.0
28.6528,193.0,352.0
28.6579,29.0,348.0
28.6628,-193.0,350.0
28.6676,-118.0,348.0
28.6726,17.0,346.0
28.6776,156.0,346.0
28.6826,195.0,346.0
28.6878,-106.0,348.0
28.6926,-288.0,350.0
28.6977,38.0,346.0
28.7025,228.0,350.0
28.7075,-44.0,348.0
28.7126,-123.0,350.0
28.7177,101.0,350.0
28.7227,76.0,350.0
28.7277,-115.0,350.0
28.7326,-60.0,344.0
28.7376,65.0,346.0
28.7429,-16.0,340.0
28.7478,-22.0,340.0
28.7528,159.0,340.0
28.7576,37.0,342.0
28.7627,-268.0,344.0
28.7678,-93.0,344.0
28.7728,271.0,344.0
28.7777,145.0,342.0
28.7826,-174.0,342.0
28.7876,-150.0,338.0
28.7926,38.0,336.0
28.7977,82.0,332.0
28.8026,70.0,332.0
28.8076,29.0,328.0
28.8127,-114.0,328.0
28.8177,-116.0,330.0
28.8226,104.0,330.0
28.8276,126.0,330.0
28.8326,-100.0,330.0
28.8376,-90.0,328.0
28.8425,125.0,328.0
28.8476,91.0,324.0
28.8526,-114.0,322.0
28.8581,-121.0,320.0
28.8628,34.0,316.0
28.8675,66.0,314.0
28.8726,9.0,308.0
28.8777,90.0,308.0
28.8827,93.0,302.0
28.8876,-185.0,304.0
28.8926,-268.0,300.0
28.8976,104.0,302.0
28.9025,331.0,300.0
28.9076,41.0,300.0
28.9126,-234.0,300.0
28.9178,-98.0,302.0
28.9227,84.0,302.0
28.9276,43.0,300.0
28.9326,29.0,300.0
28.9376,46.0,296.0
28.9428,-104.0,296.0
28.9476,-84.0,294.0
28.9526,155.0,296.0
28.9575,30.0,296.0
28.9626,-192.0,298.0
28.9677,92.0,298.0
28.9727,231.0,300.0
28.9778,-216.0,298.0
28.9826,-260.0,302.0
28.9876,269.0,300.0
28.9927,216.0,300.0
28.9977,-259.0,300.0
29.0027,-86.0,296.0
29.0077,253.0,300.0
29.0127,-51.0,300.0
29.0176,-250.0,302.0
29.0225,126.0,302.0
29.0276,194.0,304.0
29.0327,-143.0,304.0
29.0376,-102.0,304.0
29.0428,114.0,306.0
29.0477,39.0,304.0
29.0528,-28.0,304.0
29.0578,16.0,296.0
29.0629,-78.0,296.0
29.0676,-111.0,292.0
29.0726,115.0,290.0
29.0776,182.0,288.0
29.0827,-69.0,286.0
29.0877,-162.0,284.0
29.0926,21.0,284.0
29.0978,112.0,284.0
29.1026,-10.0,282.0
29.1078,-141.0,284.0
29.1128,-35.0,280.0
29.1176,262.0,284.0
29.1228,185.0,280.0
29.1276,-390.0,286.0
29.1326,-364.0,286.0
29.1379,434.0,294.0
29.1427,429.0,296.0
29.1476,-368.0,300.0
29.1526,-336.0,302.0
29.1575,240.0,306.0
29.1625,158.0,306.0
29.1687,-123.0,306.0
29.1725,7.0,302.0
29.1776,68.0,300.0
29.1826,-97.0,300.0
29.1877,-68.0,300.0
29.1925,116.0,298.0
29.1983,48.0,298.0
29.2026,-137.0,296.0
29.2076,34.0,294.0
29.2126,232.0,292.0
29.2175,-69.0,294.0
29.2226,-339.0,298.0
29.2276,-74.0,294.0
29.2328,289.0,296.0
29.2376,283.0,296.0
29.2426,-37.0,290.0
29.2476,-312.0,290.0
29.2528,-202.0,282.0
29.2577,148.0,282.0
29.2628,208.0,276.0
29.2677,-28.0,276.0
29.2729,-53.0,270.0
29.2775,124.0,272.0
29.2826,11.0,272.0
29.2878,-304.0,276.0
29.2926,-181.0,276.0
29.2982,305.0,280.0
29.3037,361.0,282.0
29.3075,-84.0,282.0
29.3127,-351.0,286.0
29.3177,-158.0,286.0
29.3227,198.0,286.0
29.3276,276.0,290.0
29.3325,-40.0,286.0
29.3378,-277.0,290.0
29.3428,-85.0,288.0
29.3476,200.0,290.0
29.3526,170.0,290.0
29.3575,-93.0,290.0
29.3627,-170.0,292.0
29.3676,34.0,290.0
29.3728,95.0,290.0
29.3778,-67.0,290.0
29.3825,-13.0,290.0
29.3876,134.0,292.0
29.3926,-69.0,292.0
29.3977,-152.0,292.0
29.4035,207.0,292.0
29.4076,148.0,292.0
29.4126,-360.0,294.0
29.4176,-189.0,294.0
29.4227,392.0,298.0
29.4278,227.0,300.0
29.4327,-272.0,304.0
29.4376,-159.0,304.0
29.4426,135.0,306.0
29.4475,12.0,306.0
29.4526,-114.0,306.0
29.4577,74.0,304.0
29.4627,184.0,306.0
29.4676,-18.0,304.0
29.4726,-214.0,306.0
29.4776,-148.0,306.0
29.483,147.0,308.0
29.4876,341.0,310.0
29.4926,-37.0,310.0
29.4976,-471.0,316.0
29.5025,-44.0,316.0
29.5076,480.0,322.0
29.5125,74.0,322.0
29.5177,-373.0,328.0
29.5227,-74.0,328.0
29.5275,190.0,328.0
29.5326,68.0,324.0
29.5376,0.0,322.0
29.5429,-47.0,318.0
29.5476,-92.0,318.0
29.5526,45.0,316.0
29.5576,39.0,314.0
29.5628,-112.0,316.0
29.5678,87.0,316.0
29.5727,201.0,318.0
29.5778,-167.0,320.0
29.5825,-220.0,322.0
29.5875,126.0,324.0
29.5927,141.0,322.0
29.5976,0.0,322.0
29.6041,-7.0,320.0
29.6086,-98.0,320.0
29.6126,-113.0,318.0
29.6176,112.0,316.0
29.6225,165.0,314.0
29.6277,-77.0,312.0
29.6326,-149.0,310.0
29.6375,14.0,306.0
29.6425,121.0,308.0
29.6475,132.0,306.0
29.6526,-117.0,306.0
29.6579,-349.0,308.0
29.6627,100.0,308.0
29.6676,506.0,312.0
29.6727,-32.0,310.0
29.6776,-509.0,318.0
29.6827,-74.0,316.0
29.6878,354.0,322.0
29.6927,158.0,324.0
29.6976,-110.0,324.0
29.7027,-150.0,326.0
29.7076,-86.0,326.0
29.7126,55.0,324.0
29.7175,131.0,324.0
29.7227,35.0,324.0
29.7275,-55.0,322.0
29.7325,-44.0,322.0
29.7376,-68.0,322.0
29.7428,-24.0,322.0
29.7477,227.0,322.0
29.7526,122.0,324.0
29.7576,-395.0,326.0
29.7626,-219.0,326.0
29.7677,467.0,328.0
29.7726,284.0,326.0
29.7777,-376.0,326.0
29.7825,-239.0,322.0
29.7876,195.0,320.0
29.7926,58.0,316.0
29.7977,-68.0,314.0
29.8026,151.0,314.0
29.8076,63.0,312.0
29.8125,-269.0,316.0
29.8175,-151.0,318.0
29.8226,276.0,320.0
29.828,268.0,324.0
29.8328,-175.0,324.0
29.8375,-306.0,328.0
29.8425,-10.0,326.0
29.8475,174.0,328.0
29.8528,171.0,328.0
29.8579,57.0,328.0
29.8628,-196.0,326.0
29.8676,-209.0,328.0
29.8726,106.0,324.0
29.8776,186.0,322.0
29.8826,-9.0,322.0
29.8876,-43.0,318.0
29.8925,-46.0,316.0
29.8975,-157.0,316.0
29.9025,120.0,314.0
29.9076,432.0,320.0
29.9127,-203.0,324.0
29.9176,-714.0,332.0
29.9225,153.0,334.0
29.9275,770.0,342.0
29.9327,40.0,340.0
29.9376,-482.0,342.0
29.9429,-170.0,340.0
29.9476,58.0,340.0
29.9525,106.0,336.0
29.9575,193.0,336.0
29.9625,28.0,334.0
29.9676,-185.0,332.0
29.9725,-56.0,332.0
29.9776,66.0,328.0
29.9825,-36.0,328.0
29.9875,4.0,324.0
29.9926,147.0,324.0
29.9976,21.0,324.0
30.0027,-190.0,324.0
30.0077,-116.0,326.0
30.0128,119.0,326.0
30.0181,186.0,328.0
30.0225,40.0,328.0
30.0276,-127.0,328.0
30.0325,-167.0,330.0
30.0375,-20.0,328.0
30.0425,156.0,326.0
30.0475,69.0,326.0
30.0526,-42.0,320.0
30.058,106.0,318.0
30.0627,-35.0,314.0
30.0676,-406.0,316.0
30.0725,8.0,312.0
30.0776,594.0,318.0
30.0825,55.0,318.0
30.0876,-541.0,326.0
30.0926,-64.0,324.0
30.0976,337.0,330.0
30.1025,0.0,326.0
30.1077,-167.0,328.0
30.1125,75.0,326.0
30.118,108.0,326.0
30.1232,-75.0,324.0
30.1276,-96.0,320.0
30.1325,-33.0,320.0
30.1376,19.0,314.0
30.1428,187.0,316.0
30.1476,135.0,310.0
30.1526,-290.0,314.0
30.1576,-247.0,312.0
30.1626,338.0,316.0
30.1677,236.0,316.0
30.1727,-366.0,322.0
30.1776,-178.0,324.0
30.1826,328.0,328.0
30.1876,119.0,328.0
30.1927,-202.0,332.0
30.1976,5.0,330.0
30.2027,75.0,330.0
30.2076,-196.0,332.0
30.2126,0.0,328.0
30.2184,342.0,332.0
30.2226,-82.0,330.0
30.2278,-348.0,332.0
30.2335,205.0,334.0
30.2387,211.0,338.0
30.2425,-314.0,342.0
30.2475,-16.0,340.0
30.2526,344.0,344.0
30.2577,-111.0,344.0
30.2628,-276.0,346.0
30.2676,115.0,346.0
30.2726,139.0,346.0
30.2775,-70.0,348.0
30.2826,8.0,346.0
30.2876,70.0,344.0
30.2926,-123.0,344.0
30.2978,-101.0,340.0
30.3025,200.0,342.0
30.3076,105.0,336.0
30.3127,-240.0,340.0
30.3176,-97.0,332.0
30.3231,240.0,336.0
30.328,121.0,332.0
30.3327,-204.0,332.0
30.3376,-184.0,334.0
30.3427,152.0,334.0
30.3476,270.0,336.0
30.3526,-95.0,338.0
30.3577,-307.0,340.0
30.3625,43.0,340.0
30.3676,203.0,342.0
30.3725,-47.0,342.0
30.3775,6.0,342.0
30.3826,117.0,344.0
30.3877,-166.0,342.0
30.3925,-118.0,342.0
30.3975,218.0,340.0
30.4026,-40.0,336.0
30.4075,-266.0,334.0
30.4125,179.0,332.0
30.4175,355.0,332.0
30.4226,-84.0,328.0
30.429,-361.0,332.0
30.4325,-159.0,334.0
30.4375,192.0,336.0
30.4425,249.0,336.0
30.4476,37.0,336.0
30.4526,-58.0,332.0
30.4575,-112.0,332.0
30.4627,-210.0,332.0
30.4675,-16.0,328.0
30.4725,299.0,330.0
30.4775,168.0,328.0
30.4825,-203.0,330.0
30.4876,-173.0,330.0
30.4925,104.0,328.0
30.4975,61.0,330.0
30.5026,-119.0,328.0
30.5075,30.0,326.0
30.5125,192.0,326.0
30.5176,-44.0,324.0
30.5227,-199.0,328.0
30.5275,32.0,326.0
30.5325,85.0,328.0
30.5378,-73.0,326.0
30.5428,86.0,326.0
30.5476,188.0,322.0
30.5526,-190.0,322.0
30.5576,-309.0,316.0
30.5625,150.0,316.0
30.5676,318.0,308.0
30.5727,-33.0,308.0
30.5776,-161.0,304.0
30.5825,-2.0,300.0
30.5876,-46.0,300.0
30.5926,-74.0,300.0
30.5976,120.0,298.0
30.6026,137.0,300.0
30.6075,-62.0,298.0
30.6125,-135.0,300.0
30.6177,62.0,300.0
30.6226,217.0,302.0
30.6282,-146.0,304.0
30.6327,-442.0,310.0
30.6375,102.0,310.0
30.6425,590.0,316.0
30.6475,131.0,318.0
30.6526,-438.0,322.0
30.6576,-314.0,324.0
30.6625,73.0,324.0
30.6675,232.0,326.0
30.6725,206.0,326.0
30.6776,34.0,328.0
30.6827,-234.0,328.0
30.6878,-237.0,330.0
30.6927,84.0,332.0
30.6976,262.0,334.0
30.7025,132.0,336.0
30.7075,-148.0,332.0
30.7126,-340.0,336.0
30.7177,-48.0,328.0
30.7227,391.0,334.0
30.7275,185.0,328.0
30.7341,-223.0,330.0
30.7375,-73.0,326.0
30.7427,25.0,326.0
30.7478,-229.0,328.0
30.7526,16.0,326.0
30.7575,416.0,332.0
30.7625,2.0,330.0
30.7676,-331.0,334.0
30.7727,116.0,336.0
30.7778,145.0,338.0
30.7826,-361.0,340.0
30.7875,-99.0,340.0
30.7926,517.0,342.0
30.7976,222.0,342.0
30.8026,-423.0,344.0
30.8076,-345.0,346.0
30.8127,122.0,342.0
30.8177,311.0,344.0
30.8226,173.0,342.0
30.8276,-147.0,342.0
30.8327,-263.0,342.0
30.8375,27.0,344.0
30.8425,153.0,344.0
30.8475,-61.0,342.0
30.8526,0.0,342.0
30.8578,181.0,340.0
30.8627,-92.0,340.0
30.8676,-286.0,338.0
30.8727,148.0,338.0
30.8775,377.0,340.0
30.8827,-197.0,338.0
30.8877,-465.0,346.0
30.8926,169.0,344.0
30.8976,474.0,348.0
30.9026,16.0,344.0
30.9075,-311.0,348.0
30.9126,-262.0,350.0
30.9175,10.0,348.0
30.9226,338.0,354.0
30.9275,241.0,356.0
30.9326,-152.0,358.0
30.9377,-272.0,360.0
30.9428,-126.0,358.0
30.9476,93.0,358.0
30.9525,275.0,358.0
30.9576,128.0,360.0
30.9625,-237.0,360.0
30.9676,-241.0,362.0
30.9727,107.0,360.0
30.9777,213.0,360.0
30.9825,3.0,358.0
30.9876,-139.0,356.0
30.9925,-47.0,356.0
30.998,150.0,352.0
31.0026,35.0,352.0
31.0075,-264.0,354.0
31.0137,-6.0,352.0
31.0177,380.0,358.0
31.0233,-1.0,356.0
31.0283,-414.0,360.0
31.033,-52.0,360.0
31.0375,370.0,362.0
31.0425,180.0,364.0
31.0478,-275.0,364.0
31.0527,-298.0,366.0
31.0583,157.0,364.0
31.0631,286.0,366.0
31.0678,-69.0,362.0
31.0732,-154.0,362.0
31.0778,45.0,360.0
31.0828,37.0,356.0
31.088,-46.0,356.0
31.0927,-21.0,356.0
31.098,35.0,354.0
31.1027,73.0,352.0
31.1076,-48.0,352.0
31.1126,-131.0,350.0
31.118,125.0,350.0
31.1235,192.0,350.0
31.1275,-202.0,350.0
31.1328,-248.0,352.0
31.1378,182.0,354.0
31.1425,245.0,356.0
31.1481,-72.0,356.0
31.1525,-157.0,356.0
31.1581,-46.0,356.0
31.1627,45.0,354.0
31.1679,132.0,356.0
31.1729,42.0,354.0
31.1783,-172.0,356.0
31.1825,-122.0,356.0
31.1877,129.0,356.0
31.193,200.0,356.0
31.198,17.0,352.0
31.2026,-231.0,352.0
31.2076,-184.0,350.0
31.2125,195.0,352.0
31.2179,252.0,354.0
31.223,-146.0,356.0
31.2287,-194.0,358.0
31.2325,151.0,360.0
31.2375,88.0,360.0
31.2425,-211.0,360.0
31.2477,-33.0,360.0
31.2528,288.0,362.0
31.2577,60.0,362.0
31.2628,-343.0,364.0
31.2675,-100.0,364.0
31.2725,361.0,362.0
31.2777,71.0,362.0
31.2828,-346.0,358.0
31.2879,5.0,356.0
31.2928,305.0,354.0
31.2981,-66.0,350.0
31.3027,-244.0,354.0
31.3076,109.0,352.0
31.3126,190.0,350.0
31.3177,-136.0,352.0
31.3231,-169.0,352.0
31.3277,84.0,350.0
31.3327,157.0,350.0
31.3377,73.0,348.0
31.3456,-100.0,346.0
31.3475,-237.0,348.0
31.3535,-13.0,344.0
31.358,268.0,346.0
31.3628,110.0,342.0
31.3682,-173.0,342.0
31.3725,-96.0,340.0
31.378,108.0,340.0
31.3827,14.0,340.0
31.3878,-164.0,340.0
31.3928,-8.0,340.0
31.3975,238.0,336.0
31.403,91.0,338.0
31.4075,-208.0,336.0
31.4129,-121.0,336.0
31.4176,106.0,336.0
31.4228,30.0,330.0
31.4282,-35.0,330.0
31.4331,107.0,322.0
31.4374,9.0,320.0
31.4428,-242.0,316.0
31.4477,-6.0,312.0
31.4525,390.0,316.0
31.4582,65.0,312.0
31.463,-492.0,316.0
31.4679,-187.0,318.0
31.4732,434.0,320.0
31.4779,253.0,324.0
31.4829,-244.0,324.0
31.4876,-158.0,326.0
31.4931,96.0,328.0
31.498,-35.0,326.0
31.5027,-116.0,326.0
31.5077,162.0,324.0
31.5129,235.0,326.0
31.5175,-133.0,322.0
31.5226,-249.0,322.0
31.5275,18.0,316.0
31.5327,44.0,314.0
31.5377,66.0,308.0
31.5432,286.0,312.0
31.5499,-101.0,308.0
31.5525,-513.0,312.0
31.5579,132.0,314.0
31.5627,490.0,316.0
31.568,-199.0,316.0
31.573,-281.0,318.0
31.5782,293.0,318.0
31.5825,78.0,318.0
31.5877,-339.0,322.0
31.5931,9.0,316.0
31.5981,272.0,320.0
31.6025,-27.0,316.0
31.6081,-133.0,314.0
31.6131,52.0,314.0
31.6177,30.0,310.0
31.6226,-69.0,312.0
31.6278,-2.0,310.0
31.6333,50.0,310.0
31.6376,-8.0,308.0
31.643,-37.0,308.0
31.6483,50.0,304.0
31.6528,77.0,304.0
31.6582,-88.0,300.0
31.6631,-123.0,302.0
31.6678,86.0,298.0
31.6728,118.0,298.0
31.6778,-75.0,294.0
31.6828,-86.0,292.0
31.6876,73.0,288.0
31.6931,82.0,286.0
31.6982,-43.0,284.0
31.7028,-113.0,282.0
31.7077,-31.0,280.0
31.7129,126.0,280.0
31.7175,101.0,280.0
31.7225,-55.0,282.0
31.7277,-83.0,282.0
31.7327,-80.0,282.0
31.738,-42.0,282.0
31.7427,157.0,284.0
31.7479,202.0,286.0
31.7527,-87.0,286.0
31.7576,-284.0,288.0
31.7629,-67.0,286.0
31.7675,257.0,288.0
31.7735,201.0,286.0
31.7778,-183.0,286.0
31.7826,-281.0,288.0
31.7886,97.0,288.0
31.7927,321.0,290.0
31.7978,19.0,290.0
31.8025,-305.0,294.0
31.8075,-137.0,294.0
31.8131,220.0,296.0
31.8178,151.0,296.0
31.8227,-134.0,296.0
31.8276,-14.0,294.0
31.8334,140.0,294.0
31.8375,-133.0,296.0
31.8425,-223.0,296.0
31.8478,87.0,294.0
31.8527,247.0,294.0
31.8575,127.0,292.0
31.8627,-139.0,292.0
31.8676,-279.0,294.0
31.873,-9.0,292.0
31.8778,253.0,294.0
31.883,81.0,292.0
31.8884,-149.0,294.0
31.893,-52.0,290.0
31.898,69.0,290.0
31.9027,-63.0,286.0
31.9078,-27.0,286.0
31.913,207.0,282.0
31.9175,-26.0,282.0
31.9231,-268.0,280.0
31.9277,143.0,282.0
31.9326,223.0,282.0
31.938,-265.0,284.0
31.9426,-144.0,284.0
31.948,276.0,286.0
31.9525,73.0,284.0
31.9592,-179.0,284.0
31.9627,-25.0,282.0
31.9681,66.0,282.0
31.9725,9.0,280.0
31.978,40.0,280.0
31.9825,46.0,278.0
31.9877,-155.0,278.0
31.9927,-258.0,280.0
31.998,206.0,280.0
32.0027,575.0,288.0
32.0076,-109.0,286.0
32.0126,-748.0,296.0
32.0175,-57.0,296.0
32.0232,615.0,304.0
32.0277,110.0,304.0
32.0326,-310.0,308.0
32.0376,1.0,306.0
32.0425,89.0,306.0
32.0475,-120.0,304.0
32.0526,-51.0,302.0
32.0577,69.0,302.0
32.0626,92.0,304.0
32.0675,153.0,304.0
32.0727,-48.0,304.0
32.0775,-362.0,310.0
32.0825,-120.0,308.0
32.0876,362.0,314.0
32.0926,263.0,312.0
32.0975,-158.0,312.0
32.1027,-225.0,308.0
32.1075,-60.0,306.0
32.1125,55.0,300.0
32.1175,143.0,298.0
32.1226,80.0,296.0
32.1275,-94.0,296.0
32.1326,-117.0,296.0
32.1376,-21.0,296.0
32.1427,99.0,296.0
32.1475,156.0,296.0
32.1531,-41.0,292.0
32.1577,-242.0,294.0
32.1627,-61.0,290.0
32.1682,211.0,294.0
32.1725,156.0,296.0
32.1795,-84.0,296.0
32.1832,-158.0,294.0
32.1875,-36.0,292.0
32.1931,36.0,286.0
32.198,72.0,284.0
32.2025,163.0,280.0
32.2081,-34.0,276.0
32.2133,-341.0,278.0
32.2177,-39.0,274.0
32.2227,406.0,278.0
32.2281,140.0,276.0
32.2333,-316.0,280.0
32.2377,-240.0,280.0
32.2425,95.0,282.0
32.2477,264.0,284.0
32.2527,141.0,284.0
32.2581,-181.0,286.0
32.2631,-261.0,290.0
32.2685,49.0,290.0
32.2736,216.0,294.0
32.2778,43.0,294.0
32.2828,-77.0,294.0
32.2875,-47.0,294.0
32.2928,-43.0,294.0
32.2977,-14.0,292.0
32.3028,88.0,292.0
32.3075,88.0,292.0
32.3126,-66.0,292.0
32.3176,-146.0,292.0
32.3225,8.0,292.0
32.3276,176.0,292.0
32.3337,56.0,292.0
32.3377,-154.0,294.0
32.3427,-94.0,294.0
32.3475,97.0,294.0
32.353,81.0,294.0
32.3577,-84.0,294.0
32.3627,-43.0,294.0
32.3687,140.0,294.0
32.3729,38.0,294.0
32.3782,-177.0,296.0
32.3825,-83.0,294.0
32.3877,94.0,294.0
32.393,129.0,294.0
32.3979,101.0,290.0
32.4029,-121.0,292.0
32.4075,-309.0,292.0
32.4131,56.0,290.0
32.4177,436.0,294.0
32.4227,30.0,290.0
32.428,-434.0,296.0
32.4332,-105.0,292.0
32.4375,297.0,296.0
32.4427,127.0,294.0
32.4476,-87.0,294.0
32.4529,-73.0,290.0
32.4581,-80.0,290.0
32.4632,-11.0,288.0
32.4675,137.0,290.0
32.4739,40.0,288.0
32.4777,-109.0,288.0
32.4829,17.0,284.0
32.4875,94.0,284.0
32.493,-106.0,282.0
32.4981,-175.0,284.0
32.5027,109.0,282.0
32.5078,280.0,282.0
32.513,45.0,284.0
32.5177,-204.0,282.0
32.5231,-245.0,286.0
32.528,-76.0,284.0
32.5327,267.0,288.0
32.5377,297.0,290.0
32.5431,-57.0,290.0
32.5477,-220.0,294.0
32.5525,-174.0,294.0
32.5576,-82.0,294.0
32.5625,190.0,292.0
32.5678,295.0,296.0
32.5731,-10.0,292.0
32.5791,-186.0,290.0
32.5833,-115.0,290.0
32.5875,-156.0,288.0
32.5929,28.0,288.0
32.598,439.0,292.0
32.6026,167.0,294.0
32.608,-460.0,300.0
32.6127,-258.0,304.0
32.6177,278.0,308.0
32.6227,178.0,310.0
32.6282,-84.0,308.0
32.6338,-27.0,306.0
32.6374,-1.0,302.0
32.6427,-75.0,294.0
32.6476,-6.0,292.0
32.6525,63.0,282.0
32.6585,31.0,282.0
32.663,73.0,272.0
32.6677,7.0,272.0
32.6729,-254.0,270.0
32.6782,-118.0,272.0
32.6828,334.0,276.0
32.688,190.0,278.0
32.6925,-258.0,280.0
32.698,-127.0,282.0
32.7028,136.0,282.0
32.7075,-7.0,280.0
32.7126,-81.0,280.0
32.7176,71.0,276.0
32.7228,69.0,274.0
32.7275,-41.0,270.0
32.7325,-27.0,266.0
32.7376,42.0,264.0
32.7427,-13.0,262.0
32.7476,-142.0,262.0
32.7526,-19.0,262.0
32.7577,239.0,264.0
32.7626,94.0,264.0
32.7681,-218.0,266.0
32.7725,-124.0,266.0
32.7775,98.0,266.0
32.7827,83.0,266.0
32.7875,23.0,264.0
32.7925,-12.0,264.0
32.7977,-84.0,262.0
32.8027,-42.0,262.0
32.8075,81.0,260.0
32.8125,69.0,258.0
32.8175,-28.0,256.0
32.8225,-73.0,256.0
32.8278,-48.0,256.0
32.8327,50.0,256.0
32.8375,88.0,256.0
32.8425,-29.0,254.0
32.8475,-53.0,254.0
32.8525,56.0,250.0
32.8575,-7.0,250.0
32.8626,-120.0,246.0
32.8675,23.0,244.0
32.8727,132.0,240.0
32.8775,17.0,236.0
32.8826,-31.0,236.0
32.8877,-113.0,234.0
32.8925,-158.0,234.0
32.8975,291.0,236.0
32.9025,365.0,238.0
32.9078,-494.0,244.0
32.9127,-522.0,248.0
32.9177,549.0,256.0
32.9226,555.0,264.0
32.9275,-402.0,270.0
32.9333,-424.0,276.0
32.9376,204.0,278.0
32.9428,191.0,280.0
32.9476,-94.0,280.0
32.9525,26.0,280.0
32.9575,68.0,278.0
32.9627,-150.0,280.0
32.9676,-71.0,280.0
32.973,181.0,282.0
32.9777,69.0,280.0
32.9835,-152.0,280.0
32.9876,-43.0,280.0
32.9925,87.0,280.0
32.9975,-33.0,280.0
33.0027,-26.0,278.0
33.0075,142.0,278.0
33.0125,8.0,278.0
33.0177,-210.0,278.0
33.0226,-22.0,278.0
33.028,198.0,280.0
33.0325,37.0,278.0
33.0375,-156.0,278.0
33.0425,-40.0,278.0
33.0475,136.0,276.0
33.0527,49.0,274.0
33.0578,-79.0,270.0
33.0626,-60.0,270.0
33.0677,-68.0,264.0
33.0725,9.0,262.0
33.0777,218.0,262.0
33.0828,124.0,262.0
33.0877,-241.0,264.0
33.0926,-231.0,266.0
33.0977,141.0,268.0
33.1025,201.0,270.0
33.1077,-27.0,268.0
33.1126,-85.0,270.0
33.1177,-29.0,268.0
33.1228,21.0,268.0
33.1275,54.0,268.0
33.1325,-24.0,266.0
33.1378,-57.0,264.0
33.1426,22.0,262.0
33.1477,15.0,258.0
33.1525,-21.0,258.0
33.1575,32.0,256.0
33.1625,71.0,252.0
33.1675,-4.0,252.0
33.1727,-142.0,250.0
33.1777,-88.0,246.0
33.1825,152.0,248.0
33.1875,136.0,246.0
33.1925,-82.0,246.0
33.1975,-54.0,244.0
33.2036,34.0,242.0
33.2078,-89.0,240.0
33.2131,-101.0,240.0
33.2177,126.0,240.0
33.2225,219.0,242.0
33.2276,-8.0,238.0
33.2327,-247.0,242.0
33.2375,-131.0,238.0
33.2425,154.0,238.0
33.2475,161.0,232.0
33.2525,-29.0,230.0
33.2578,-68.0,226.0
33.2626,-40.0,224.0
33.2675,-82.0,224.0
33.2725,39.0,224.0
33.2775,200.0,226.0
33.2827,-27.0,226.0
33.2877,-235.0,230.0
33.2926,65.0,230.0
33.2977,211.0,232.0
33.3028,-127.0,234.0
33.3078,-158.0,236.0
33.3126,148.0,234.0
33.3176,80.0,234.0
33.3226,-136.0,230.0
33.3275,-19.0,228.0
33.3326,138.0,226.0
33.3378,63.0,224.0
33.3429,-117.0,224.0
33.3476,-229.0,228.0
33.3525,3.0,226.0
33.3576,396.0,232.0
33.3625,168.0,234.0
33.3675,-420.0,240.0
33.3726,-271.0,244.0
33.3776,285.0,248.0
33.3826,217.0,250.0
33.3875,-130.0,250.0
33.393,-62.0,250.0
33.3974,76.0,248.0
33.4027,-30.0,248.0
33.4076,-109.0,246.0
33.4127,-54.0,244.0
33.4175,163.0,246.0
33.4225,307.0,248.0
33.4279,-173.0,252.0
33.4328,-564.0,260.0
33.4375,58.0,260.0
33.4425,564.0,268.0
33.4475,147.0,268.0
33.4527,-199.0,270.0
33.458,-265.0,274.0
33.4627,-317.0,278.0
33.4675,196.0,280.0
33.4725,654.0,290.0
33.4775,-41.0,290.0
33.4827,-668.0,300.0
33.4877,-40.0,298.0
33.4926,457.0,306.0
33.4975,10.0,306.0
33.5026,-215.0,306.0
33.5075,17.0,306.0
33.5125,43.0,306.0
33.5176,87.0,306.0
33.5226,148.0,308.0
33.5275,-268.0,310.0
33.5325,-445.0,316.0
33.5376,305.0,316.0
33.543,695.0,320.0
33.5477,-130.0,314.0
33.5526,-675.0,318.0
33.5575,-80.0,310.0
33.5626,405.0,308.0
33.5677,148.0,304.0
33.573,-105.0,298.0
33.5776,-79.0,296.0
33.5825,-81.0,294.0
33.5875,-33.0,294.0
33.5926,188.0,296.0
33.5976,169.0,298.0
33.6027,-234.0,300.0
33.6075,-313.0,304.0
33.6125,135.0,302.0
33.6175,335.0,306.0
33.6226,89.0,306.0
33.6276,-136.0,308.0
33.6327,-225.0,310.0
33.6375,-136.0,310.0
33.6425,130.0,312.0
33.6475,229.0,314.0
33.6525,40.0,314.0
33.6578,-133.0,314.0
33.6626,-62.0,314.0
33.6675,70.0,312.0
33.6725,-39.0,312.0
33.6777,-134.0,312.0
33.6825,110.0,312.0
33.6875,190.0,314.0
33.6926,-130.0,314.0
33.6976,-148.0,316.0
33.7025,131.0,316.0
33.7075,65.0,316.0
33.7126,-94.0,318.0
33.7178,13.0,314.0
33.7227,49.0,314.0
33.7275,-90.0,312.0
33.7325,-95.0,310.0
33.7377,137.0,310.0
33.7428,249.0,310.0
33.7477,-108.0,312.0
33.7525,-389.0,316.0
33.7575,3.0,316.0
33.7625,391.0,322.0
33.7681,106.0,322.0
33.7726,-249.0,326.0
33.7776,-117.0,326.0
33.7826,91.0,328.0
33.7897,1.0,328.0
33.7925,-67.0,328.0
33.7975,145.0,330.0
33.8025,231.0,332.0
33.8075,-172.0,336.0
33.8125,-470.0,340.0
33.8176,25.0,340.0
33.8229,573.0,346.0
33.8275,169.0,346.0
33.8327,-425.0,352.0
33.8375,-216.0,354.0
33.8426,157.0,356.0
33.8475,64.0,356.0
33.8527,-3.0,354.0
33.8577,138.0,354.0
33.8626,23.0,352.0
33.8675,-235.0,354.0
33.8726,-66.0,352.0
33.8775,220.0,354.0
33.8824,9.0,352.0
33.8877,-157.0,352.0
33.8926,105.0,352.0
33.8976,59.0,352.0
33.9025,-171.0,354.0
33.9075,69.0,354.0
33.9126,173.0,356.0
33.9177,-168.0,356.0
33.9227,-168.0,358.0
33.9275,157.0,356.0
33.9324,155.0,358.0
33.9379,-38.0,356.0
33.9427,-78.0,354.0
33.9476,-94.0,354.0
33.9525,-61.0,352.0
33.9575,151.0,354.0
33.9625,199.0,354.0
33.9677,-128.0,356.0
33.9728,-302.0,358.0
33.9777,100.0,360.0
33.9825,386.0,364.0
33.9877,-92.0,362.0
33.9926,-429.0,368.0
33.9975,47.0,362.0
34.0025,349.0,366.0
34.0084,37.0,360.0
34.0126,-140.0,358.0
34.0176,-103.0,354.0
34.0225,-59.0,352.0
34.0275,139.0,352.0
34.0327,107.0,352.0
34.0375,-189.0,354.0
34.0426,-37.0,354.0
34.0475,252.0,356.0
34.0525,22.0,356.0
34.0578,-237.0,358.0
34.0627,-102.0,354.0
34.0676,99.0,354.0
34.0725,127.0,346.0
34.0775,32.0,346.0
34.0826,-36.0,338.0
34.0877,-16.0,336.0
34.0925,-36.0,332.0
34.0976,-100.0,330.0
34.1025,-8.0,326.0
34.1075,168.0,326.0
34.1125,108.0,316.0
34.1176,-113.0,318.0
34.1227,-124.0,310.0
34.1274,46.0,310.0
34.1327,30.0,302.0
34.1375,-133.0,304.0
34.1428,20.0,302.0
34.1476,325.0,306.0
34.1525,83.0,306.0
34.1577,-374.0,312.0
34.1626,-206.0,312.0
34.1677,194.0,312.0
34.1727,147.0,306.0
34.1777,14.0,302.0
34.1825,60.0,292.0
34.1876,-42.0,290.0
34.1926,-212.0,284.0
34.1975,-112.0,284.0
34.2027,224.0,282.0
34.2076,323.0,284.0
34.2125,-188.0,286.0
34.2184,-462.0,292.0
34.2231,182.0,292.0
34.2276,438.0,300.0
34.2333,-214.0,300.0
34.2375,-273.0,302.0
34.2425,289.0,302.0
34.2475,116.0,298.0
34.2526,-369.0,302.0
34.2578,-90.0,298.0
34.2627,346.0,302.0
34.2675,152.0,302.0
34.2725,-199.0,302.0
34.2777,-206.0,304.0
34.2829,64.0,302.0
34.2875,263.0,304.0
34.2926,-43.0,304.0
34.2979,-359.0,306.0
34.3026,70.0,306.0
34.3075,422.0,312.0
34.3126,-46.0,312.0
34.3184,-353.0,316.0
34.3225,-11.0,314.0
34.3275,173.0,314.0
34.3325,44.0,312.0
34.3375,-4.0,310.0
34.3428,-68.0,310.0
34.3478,-79.0,310.0
34.3526,111.0,310.0
34.3577,107.0,312.0
34.3625,-131.0,312.0
34.3675,-108.0,314.0
34.3726,89.0,312.0
34.3776,56.0,312.0
34.3825,-41.0,308.0
34.3876,37.0,308.0
34.3927,47.0,302.0
34.3977,-111.0,304.0
34.4026,-88.0,298.0
34.4076,137.0,300.0
34.4125,99.0,298.0
34.4175,-157.0,298.0
34.4227,-52.0,298.0
34.4278,220.0,300.0
34.4327,-9.0,300.0
34.4377,-286.0,302.0
34.4425,55.0,300.0
34.4475,266.0,300.0
34.4528,-132.0,296.0
34.4579,-170.0,298.0
34.4627,253.0,292.0
34.4675,110.0,292.0
34.4727,-329.0,290.0
34.4775,-177.0,290.0
34.4827,299.0,292.0
34.4877,334.0,296.0
34.4926,-174.0,298.0
34.4976,-419.0,302.0
34.5025,0.0,302.0
34.5075,333.0,304.0
34.5128,126.0,306.0
34.5178,-180.0,304.0
34.5225,-115.0,306.0
34.5275,128.0,306.0
34.5324,8.0,304.0
34.5375,-187.0,306.0
34.5427,62.0,304.0
34.5475,263.0,308.0
34.5526,-33.0,306.0
34.5575,-313.0,308.0
34.5625,-70.0,306.0
34.5677,341.0,308.0
34.5727,179.0,310.0
34.5776,-334.0,314.0
34.5826,-195.0,316.0
34.5875,303.0,318.0
34.5925,85.0,320.0
34.5978,-303.0,322.0
34.6027,84.0,320.0
34.6075,374.0,324.0
34.6126,-210.0,322.0
34.6176,-488.0,328.0
34.6235,207.0,326.0
34.6275,542.0,332.0
34.6325,-77.0,328.0
34.6375,-436.0,334.0
34.6425,-66.0,328.0
34.6475,185.0,332.0
34.6525,119.0,330.0
34.6578,98.0,330.0
34.6627,-61.0,330.0
34.6675,-271.0,332.0
34.6726,-70.0,332.0
34.6775,199.0,332.0
34.6829,169.0,334.0
34.6876,99.0,332.0
34.6927,-78.0,332.0
34.6977,-365.0,334.0
34.7025,-208.0,336.0
34.7075,348.0,340.0
34.7126,474.0,346.0
34.7176,-106.0,348.0
34.7225,-520.0,354.0
34.7275,-112.0,356.0
34.7325,371.0,362.0
34.7376,155.0,362.0
34.7429,-202.0,366.0
34.7476,-70.0,364.0
34.7525,107.0,364.0
34.7575,1.0,362.0
34.7626,-29.0,360.0
34.7677,-12.0,360.0
34.7729,-73.0,360.0
34.7777,53.0,360.0
34.7825,132.0,362.0
34.7875,-80.0,358.0
34.7925,-93.0,358.0
34.7976,110.0,354.0
34.8027,20.0,350.0
34.8076,-144.0,350.0
34.8127,-20.0,348.0
34.8176,115.0,350.0
34.8226,104.0,350.0
34.8275,8.0,350.0
34.8327,-203.0,350.0
34.8375,-136.0,350.0
34.8425,282.0,350.0
34.8475,182.0,348.0
34.8525,-332.0,350.0
34.8578,-190.0,346.0
34.8628,325.0,348.0
34.8675,226.0,346.0
34.8725,-236.0,346.0
34.8777,-258.0,346.0
34.8825,75.0,342.0
34.8877,209.0,344.0
34.8927,89.0,340.0
34.8977,-76.0,338.0
34.9025,-176.0,336.0
34.9076,-66.0,334.0
34.9125,201.0,334.0
34.9177,188.0,334.0
34.9225,-225.0,338.0
34.9283,-290.0,338.0
34.9328,224.0,340.0
34.9378,304.0,340.0
34.9428,-169.0,342.0
34.9477,-152.0,336.0
34.9526,134.0,338.0
34.9575,-83.0,334.0
34.9625,-180.0,336.0
34.9675,215.0,338.0
34.9727,222.0,340.0
34.9778,-186.0,342.0
34.9826,-118.0,344.0
34.9875,129.0,344.0
34.9925,-119.0,344.0
34.9977,-168.0,346.0
35.0027,296.0,348.0
35.0076,254.0,350.0
35.0127,-261.0,354.0
35.0175,-252.0,356.0
35.0228,84.0,356.0
35.0279,102.0,358.0
35.0324,52.0,358.0
35.0375,127.0,358.0
35.0426,-39.0,358.0
35.0475,-296.0,360.0
35.0525,-69.0,360.0
35.0578,313.0,362.0
35.0627,133.0,364.0
35.0675,-219.0,364.0
35.0725,-79.0,364.0
35.0775,137.0,362.0
35.0827,-34.0,362.0
35.0875,-139.0,360.0
35.0926,124.0,360.0
35.0977,191.0,360.0
35.1025,-188.0,358.0
35.1079,-210.0,360.0
35.1127,268.0,360.0
35.1176,196.0,360.0
35.1225,-326.0,360.0
35.1275,-221.0,358.0
35.1327,254.0,360.0
35.1382,265.0,358.0
35.1426,-58.0,358.0
35.1477,-216.0,356.0
35.1526,-113.0,356.0
35.1574,65.0,354.0
35.1625,153.0,354.0
35.1676,54.0,354.0
35.1726,-97.0,356.0
35.1777,-28.0,352.0
35.1825,71.0,352.0
35.1876,-93.0,350.0
35.1925,-140.0,352.0
35.1975,155.0,350.0
35.2027,209.0,352.0
35.2075,-100.0,348.0
35.2127,-149.0,348.0
35.2175,48.0,342.0
35.2225,-4.0,340.0
35.2276,-94.0,336.0
35.2327,95.0,336.0
35.2384,179.0,334.0
35.243,-52.0,334.0
35.2475,-220.0,332.0
35.2525,-11.0,328.0
35.2585,260.0,326.0
35.2626,-25.0,322.0
35.2675,-371.0,320.0
35.2726,104.0,320.0
35.2774,490.0,320.0
35.2828,-102.0,322.0
35.2876,-465.0,326.0
35.2925,44.0,324.0
35.2976,266.0,328.0
35.3025,-67.0,328.0
35.3075,-43.0,324.0
35.3126,211.0,326.0
35.3178,-68.0,324.0
35.3227,-370.0,328.0
35.3277,114.0,328.0
35.3326,448.0,334.0
35.3389,-177.0,330.0
35.3426,-459.0,334.0
35.3477,225.0,332.0
35.3526,428.0,332.0
35.3575,-188.0,332.0
35.3626,-326.0,330.0
35.3676,108.0,330.0
35.3727,159.0,326.0
35.3777,-86.0,326.0
35.3825,-25.0,322.0
35.3875,152.0,324.0
35.3925,31.0,322.0
35.3977,-249.0,326.0
35.4025,-185.0,328.0
35.4075,272.0,332.0
35.4127,378.0,338.0
35.4175,-134.0,338.0
35.4227,-449.0,344.0
35.4278,-150.0,346.0
35.4327,375.0,350.0
35.4375,468.0,356.0
35.4425,-241.0,358.0
35.4475,-717.0,368.0
35.4524,13.0,368.0
35.4578,828.0,378.0
35.4626,354.0,382.0
35.4675,-726.0,394.0
35.4727,-667.0,400.0
35.4777,410.0,406.0
35.4827,653.0,410.0
35.4877,-81.0,410.0
35.4926,-303.0,408.0
35.4977,6.0,406.0
35.5027,-82.0,402.0
35.5087,-194.0,402.0
35.5126,188.0,400.0
35.5177,345.0,402.0
35.5227,-28.0,402.0
35.5275,-236.0,402.0
35.5325,-88.0,402.0
35.5377,-9.0,400.0
35.5435,-29.0,398.0
35.5475,162.0,400.0
35.5526,242.0,400.0
35.5575,-215.0,402.0
35.5625,-298.0,402.0
35.5677,299.0,402.0
35.5729,139.0,402.0
35.5777,-439.0,404.0
35.5825,83.0,402.0
35.5874,529.0,408.0
35.5925,-208.0,408.0
35.5978,-471.0,416.0
35.6025,221.0,416.0
35.6077,309.0,418.0
35.6125,-209.0,416.0
35.6175,-218.0,418.0
35.6225,177.0,418.0
35.6275,289.0,420.0
35.6328,-38.0,420.0
35.6375,-371.0,422.0
35.6426,-145.0,420.0
35.6475,279.0,420.0
35.6532,163.0,420.0
35.6576,-88.0,416.0
35.6626,13.0,416.0
35.6675,-7.0,414.0
35.6727,-166.0,416.0
35.6774,19.0,414.0
35.6827,158.0,416.0
35.6876,-146.0,414.0
35.6926,-151.0,414.0
35.6976,463.0,418.0
35.7027,380.0,422.0
35.7077,-714.0,428.0
35.7126,-755.0,440.0
35.7176,598.0,446.0
35.7229,867.0,460.0
35.7275,-233.0,462.0
35.7325,-534.0,468.0
35.7375,18.0,464.0
35.7427,78.0,464.0
35.7475,-88.0,462.0
35.7525,92.0,458.0
35.7575,227.0,458.0
35.7625,60.0,454.0
35.7675,-219.0,454.0
35.7727,-271.0,456.0
35.7776,76.0,452.0
35.7825,304.0,456.0
35.7907,47.0,454.0
35.7924,-154.0,454.0
35.7975,-57.0,454.0
35.8025,-26.0,452.0
35.8075,-4.0,452.0
35.8125,118.0,452.0
35.8175,46.0,452.0
35.8226,-124.0,452.0
35.8276,-32.0,452.0
35.8324,104.0,450.0
35.8376,-20.0,448.0
35.8426,-114.0,448.0
35.8477,71.0,446.0
35.8526,166.0,448.0
35.8577,-75.0,448.0
35.8627,-176.0,450.0
35.8675,42.0,450.0
35.8725,63.0,450.0
35.8775,-60.0,448.0
35.8827,111.0,448.0
35.8876,157.0,448.0
35.8926,-218.0,450.0
35.8975,-236.0,450.0
35.9026,232.0,454.0
35.9076,228.0,450.0
35.9129,-212.0,452.0
35.9177,-191.0,448.0
35.9226,189.0,450.0
35.9275,165.0,444.0
35.9325,-162.0,446.0
35.9375,-99.0,444.0
35.9427,149.0,446.0
35.9475,-14.0,444.0
35.9526,-148.0,444.0
35.9575,112.0,444.0
35.9627,118.0,440.0
35.9675,-180.0,442.0
35.9725,-61.0,436.0
35.9775,239.0,436.0
35.9824,23.0,430.0
35.9875,-258.0,430.0
35.9925,-24.0,424.0
35.9975,204.0,424.0
36.0025,56.0,420.0
36.0076,-109.0,420.0
36.0125,-120.0,420.0
36.0176,8.0,418.0
36.0225,209.0,420.0
36.0277,131.0,420.0
36.0325,-251.0,424.0
36.0375,-306.0,424.0
36.0425,177.0,424.0
36.0475,402.0,426.0
36.0526,-40.0,422.0
36.0578,-344.0,424.0
36.0625,-23.0,418.0
36.0675,227.0,420.0
36.0725,-17.0,414.0
36.0775,-199.0,410.0
36.0825,8.0,406.0
36.0876,264.0,398.0
36.0925,215.0,402.0
36.0975,-253.0,394.0
36.1025,-533.0,396.0
36.1075,39.0,386.0
36.1126,580.0,384.0
36.1175,200.0,380.0
36.1225,-200.0,374.0
36.1274,-152.0,374.0
36.1325,-302.0,374.0
36.1377,-173.0,378.0
36.1426,519.0,384.0
36.1475,403.0,388.0
36.1525,-404.0,390.0
36.1582,-290.0,390.0
36.1625,232.0,392.0
36.1675,-14.0,390.0
36.1725,-235.0,392.0
36.1775,214.0,394.0
36.1825,384.0,400.0
36.1876,-190.0,400.0
36.1925,-458.0,404.0
36.1975,52.0,402.0
36.2027,315.0,402.0
36.2076,25.0,398.0
36.2127,-51.0,396.0
36.2175,9.0,390.0
36.2226,-139.0,390.0
36.2276,-70.0,384.0
36.2326,190.0,384.0
36.2374,72.0,376.0
36.2425,-178.0,376.0
36.2475,-63.0,372.0
36.2525,160.0,372.0
36.2578,134.0,370.0
36.2625,-78.0,368.0
36.2675,-233.0,368.0
36.2727,-69.0,368.0
36.2774,249.0,366.0
36.2827,178.0,366.0
36.2875,-192.0,366.0
36.2925,-188.0,366.0
36.2975,120.0,366.0
36.3025,144.0,368.0
36.3074,-45.0,370.0
36.3126,-94.0,368.0
36.3177,-12.0,368.0
36.3226,32.0,366.0
36.3275,26.0,364.0
36.3326,41.0,362.0
36.3377,-45.0,356.0
36.3434,-79.0,350.0
36.3475,165.0,342.0
36.3525,61.0,332.0
36.3579,-400.0,328.0
36.3625,-30.0,316.0
36.3675,622.0,322.0
36.3732,10.0,314.0
36.3781,-675.0,324.0
36.3825,30.0,322.0
36.3875,539.0,330.0
36.3927,-104.0,330.0
36.398,-326.0,332.0
36.4025,166.0,334.0
36.408,142.0,332.0
36.4132,-169.0,330.0
36.4176,-18.0,330.0
36.4229,145.0,328.0
36.4275,-22.0,326.0
36.4327,-135.0,326.0
36.4378,-61.0,326.0
36.4424,82.0,328.0
36.4483,236.0,330.0
36.4527,78.0,330.0
36.4593,-364.0,336.0
36.4625,-295.0,338.0
36.4675,322.0,342.0
36.4729,422.0,348.0
36.4779,-136.0,350.0
36.483,-342.0,352.0
36.4883,-17.0,352.0
36.4925,121.0,352.0
36.4981,-7.0,350.0
36.5026,3.0,348.0
36.5077,144.0,350.0
36.5129,104.0,350.0
36.518,-192.0,352.0
36.5233,-279.0,354.0
36.5276,71.0,354.0
36.5327,263.0,354.0
36.5378,72.0,352.0
36.5429,-33.0,348.0
36.5475,-67.0,346.0
36.5529,-174.0,346.0
36.5578,-61.0,342.0
36.5627,162.0,342.0
36.5704,147.0,342.0
36.5725,27.0,340.0
36.578,-101.0,340.0
36.5829,-200.0,340.0
36.5877,-26.0,342.0
36.5927,211.0,342.0
36.5978,159.0,342.0
36.6026,-93.0,342.0
36.6082,-256.0,344.0
36.6131,3.0,342.0
36.6176,312.0,344.0
36.6226,-21.0,344.0
36.6284,-346.0,346.0
36.6331,66.0,346.0
36.6377,355.0,348.0
36.6424,-55.0,348.0
36.6478,-310.0,352.0
36.6529,7.0,350.0
36.6586,223.0,354.0
36.663,19.0,350.0
36.6679,-176.0,350.0
36.6736,-32.0,348.0
36.6774,238.0,346.0
36.6826,90.0,344.0
36.6883,-353.0,344.0
36.6925,-205.0,346.0
36.6974,401.0,348.0
36.7027,301.0,352.0
36.7077,-347.0,354.0
36.7128,-302.0,358.0
36.7188,243.0,358.0
36.7232,200.0,362.0
36.728,-140.0,360.0
36.7327,-25.0,358.0
36.7377,85.0,354.0
36.7432,-185.0,348.0
36.7474,-90.0,350.0
36.7532,351.0,346.0
36.758,76.0,344.0
36.7628,-376.0,348.0
36.7675,57.0,346.0
36.7725,275.0,346.0
36.7775,-273.0,346.0
36.7825,-174.0,342.0
36.7878,411.0,342.0
36.7927,141.0,338.0
36.7974,-375.0,338.0
36.8033,-114.0,336.0
36.8075,240.0,340.0
36.8133,43.0,338.0
36.8177,-162.0,336.0
36.8228,-3.0,330.0
36.8288,207.0,330.0
36.833,110.0,326.0
36.8374,-267.0,328.0
36.8426,-307.0,328.0
36.8483,226.0,332.0
36.8527,385.0,336.0
36.8581,-138.0,338.0
36.8631,-284.0,342.0
36.8674,116.0,342.0
36.8727,141.0,342.0
36.8775,-154.0,342.0
36.8825,-62.0,340.0
36.888,186.0,342.0
36.8924,40.0,340.0
36.898,-186.0,342.0
36.9026,-44.0,342.0
36.9079,182.0,340.0
36.9127,61.0,340.0
36.9174,-226.0,340.0
36.923,-98.0,338.0
36.9277,311.0,340.0
36.9326,153.0,340.0
36.9374,-336.0,344.0
36.9433,-160.0,344.0
36.9475,255.0,346.0
36.9525,56.0,346.0
36.9588,-149.0,348.0
36.9627,85.0,350.0
36.9677,95.0,350.0
36.9732,-125.0,352.0
36.9785,-63.0,352.0
36.9824,41.0,352.0
36.9874,20.0,348.0
36.9928,57.0,348.0
36.9977,17.0,342.0
37.003,-90.0,344.0
37.0074,-12.0,334.0
37.0128,101.0,336.0
37.0176,-40.0,326.0
37.0229,-163.0,328.0
37.028,89.0,320.0
37.0331,241.0,322.0
37.0375,-82.0,320.0
37.0427,-239.0,320.0
37.0486,46.0,318.0
37.0528,147.0,318.0
37.0577,-40.0,318.0
37.063,-38.0,318.0
37.0676,54.0,318.0
37.073,-44.0,316.0
37.0785,-8.0,316.0
37.0835,145.0,316.0
37.088,-124.0,314.0
37.0924,-321.0,318.0
37.098,219.0,316.0
37.1026,520.0,320.0
37.1076,-150.0,316.0
37.1128,-567.0,320.0
37.1178,-18.0,318.0
37.1232,374.0,318.0
37.1277,101.0,320.0
37.1326,-79.0,318.0
37.1378,-25.0,318.0
37.1426,-107.0,320.0
37.148,-103.0,320.0
37.1524,105.0,320.0
37.1577,121.0,318.0
37.1626,14.0,314.0
37.1677,19.0,314.0
37.1725,-97.0,312.0
37.1781,-159.0,312.0
37.1826,38.0,312.0
37.1877,78.0,312.0
37.1924,85.0,312.0
37.1987,204.0,314.0
37.2025,-118.0,312.0
37.2075,-425.0,318.0
37.2128,49.0,318.0
37.2179,388.0,322.0
37.2227,6.0,320.0
37.2275,-164.0,322.0
37.2331,15.0,318.0
37.2374,-64.0,316.0
37.2427,-70.0,316.0
37.248,205.0,316.0
37.2528,71.0,316.0
37.2586,-295.0,316.0
37.263,-1.0,316.0
37.2675,424.0,318.0
37.2731,-21.0,316.0
37.2777,-548.0,320.0
37.2827,-104.0,320.0
37.2879,482.0,322.0
37.2925,257.0,326.0
37.2975,-210.0,326.0
37.3027,-241.0,330.0
37.3077,-18.0,328.0
37.3128,88.0,328.0
37.3178,44.0,326.0
37.3231,9.0,324.0
37.3276,-22.0,320.0
37.3327,-11.0,316.0
37.3377,158.0,312.0
37.3427,84.0,308.0
37.3476,-370.0,310.0
37.3525,-275.0,308.0
37.3575,430.0,312.0
37.3626,386.0,314.0
37.3676,-318.0,318.0
37.3728,-283.0,322.0
37.3775,211.0,324.0
37.3824,79.0,322.0
37.3879,-227.0,324.0
37.3926,38.0,318.0
37.3975,338.0,324.0
37.4026,12.0,318.0
37.4075,-416.0,324.0
37.4126,-182.0,322.0
37.4177,335.0,322.0
37.4227,338.0,326.0
37.4275,-122.0,320.0
37.4326,-359.0,324.0
37.4376,-65.0,320.0
37.4424,250.0,322.0
37.4474,125.0,320.0
37.4528,-143.0,322.0
37.4579,-103.0,320.0
37.4627,117.0,322.0
37.4675,93.0,320.0
37.4725,-126.0,320.0
37.4775,-89.0,318.0
37.4826,120.0,314.0
37.4889,13.0,312.0
37.4934,-131.0,308.0
37.4975,113.0,306.0
37.5025,197.0,306.0
37.5074,-140.0,306.0
37.5127,-275.0,308.0
37.5175,-15.0,306.0
37.5226,257.0,308.0
37.5275,244.0,310.0
37.5325,-98.0,310.0
37.5375,-361.0,314.0
37.5429,-116.0,314.0
37.5475,271.0,316.0
37.5526,224.0,318.0
37.5576,-30.0,316.0
37.5625,-125.0,316.0
37.5675,-184.0,314.0
37.5726,-83.0,312.0
37.5776,204.0,310.0
37.5825,180.0,312.0
37.5875,-41.0,308.0
37.5929,-79.0,308.0
37.5982,-125.0,308.0
37.6025,-79.0,308.0
37.6076,155.0,308.0
37.6127,107.0,308.0
37.6174,-83.0,308.0
37.6224,27.0,308.0
37.6275,53.0,308.0
37.6326,-180.0,310.0
37.6375,-137.0,312.0
37.6424,162.0,314.0
37.6476,235.0,318.0
37.6526,68.0,316.0
37.6577,-185.0,320.0
37.6626,-346.0,322.0
37.6675,-12.0,320.0
37.6725,489.0,324.0
37.6775,204.0,326.0
37.6824,-471.0,330.0
37.6877,-268.0,334.0
37.6936,377.0,338.0
37.6975,218.0,340.0
37.7025,-269.0,344.0
37.7075,-137.0,344.0
37.7124,144.0,346.0
37.7176,68.0,348.0
37.7226,-7.0,346.0
37.7275,13.0,344.0
37.7325,-84.0,340.0
37.7376,-122.0,338.0
37.7425,83.0,332.0
37.7476,214.0,332.0
37.7525,-11.0,324.0
37.7575,-209.0,326.0
37.7625,-57.0,322.0
37.7677,80.0,322.0
37.7726,47.0,320.0
37.7774,64.0,322.0
37.7824,36.0,320.0
37.7917,-72.0,320.0
37.7925,-70.0,320.0
37.7984,-64.0,318.0
37.8025,-63.0,320.0
37.8075,197.0,322.0
37.8125,322.0,326.0
37.8175,-227.0,326.0
37.8226,-536.0,334.0
37.8276,234.0,336.0
37.8327,611.0,346.0
37.8375,-292.0,346.0
37.8425,-591.0,354.0
37.8475,310.0,352.0
37.8526,513.0,360.0
37.8579,-191.0,356.0
37.8626,-344.0,362.0
37.8674,6.0,360.0
37.8724,89.0,360.0
37.8775,99.0,360.0
37.8826,136.0,362.0
37.8876,-81.0,360.0
37.8927,-237.0,362.0
37.898,1.0,358.0
37.9025,246.0,362.0
37.9078,94.0,356.0
37.9127,-221.0,360.0
37.9177,-185.0,354.0
37.9226,166.0,354.0
37.9275,227.0,350.0
37.9325,-107.0,348.0
37.9375,-197.0,348.0
37.9429,93.0,346.0
37.9476,154.0,348.0
37.9525,-114.0,348.0
37.9574,-163.0,350.0
37.9624,123.0,352.0
37.9676,197.0,354.0
37.9728,-123.0,356.0
37.9777,-192.0,358.0
37.9825,142.0,358.0
37.9875,162.0,354.0
37.9925,-143.0,352.0
37.9978,-152.0,348.0
38.0025,89.0,344.0
38.0075,166.0,342.0
38.0126,-17.0,338.0
38.0174,-193.0,338.0
38.0227,-15.0,336.0
38.0276,246.0,336.0
38.0326,-4.0,336.0
38.0376,-331.0,336.0
38.0424,61.0,336.0
38.0474,436.0,336.0
38.0527,-123.0,336.0
38.0579,-532.0,338.0
38.0627,151.0,336.0
38.0676,555.0,342.0
38.0726,-119.0,340.0
38.0774,-446.0,346.0
38.0826,46.0,342.0
38.0875,228.0,344.0
38.0924,2.0,342.0
38.0976,-5.0,340.0
38.1024,10.0,338.0
38.1075,-119.0,338.0
38.1125,-35.0,338.0
38.1176,114.0,338.0
38.1226,-32.0,336.0
38.1275,-40.0,336.0
38.1324,201.0,338.0
38.1374,-33.0,336.0
38.143,-344.0,338.0
38.1475,143.0,338.0
38.1525,396.0,340.0
38.1575,-327.0,346.0
38.1625,-422.0,348.0
38.1677,445.0,352.0
38.1726,441.0,356.0
38.1777,-355.0,356.0
38.1825,-389.0,360.0
38.1874,162.0,358.0
38.1925,285.0,360.0
38.1976,-53.0,360.0
38.2027,-223.0,362.0
38.2075,35.0,360.0
38.2125,210.0,362.0
38.2174,-11.0,358.0
38.2225,-156.0,358.0
38.2277,-46.0,358.0
38.2325,10.0,358.0
38.2374,123.0,358.0
38.2425,207.0,360.0
38.2475,-208.0,360.0
38.2525,-403.0,364.0
38.2579,266.0,368.0
38.2626,452.0,374.0
38.2675,-283.0,378.0
38.2725,-352.0,380.0
38.2775,261.0,382.0
38.2826,217.0,384.0
38.2875,-163.0,382.0
38.2926,-81.0,382.0
38.2976,3.0,380.0
38.3025,-112.0,376.0
38.3078,79.0,376.0
38.3125,328.0,374.0
38.3175,-2.0,372.0
38.3226,-436.0,370.0
38.3275,-133.0,368.0
38.3324,409.0,368.0
38.3375,194.0,368.0
38.3428,-357.0,370.0
38.3478,-186.0,370.0
38.3526,353.0,374.0
38.3575,216.0,376.0
38.3625,-335.0,382.0
38.3674,-326.0,386.0
38.3726,229.0,388.0
38.3776,423.0,394.0
38.3825,-89.0,394.0
38.3875,-379.0,396.0
38.3925,18.0,396.0
38.3974,191.0,396.0
38.4026,-31.0,396.0
38.4078,13.0,394.0
38.4125,64.0,394.0
38.4175,-138.0,396.0
38.4227,-97.0,396.0
38.4276,199.0,398.0
38.4327,180.0,400.0
38.4375,-213.0,402.0
38.4424,-291.0,406.0
38.4475,142.0,406.0
38.4526,312.0,406.0
38.4576,-2.0,402.0
38.4626,-161.0,396.0
38.4674,-123.0,394.0
38.4724,-118.0,386.0
38.4774,182.0,384.0
38.4824,403.0,382.0
38.4876,-147.0,380.0
38.4927,-545.0,380.0
38.4976,9.0,376.0
38.5024,417.0,378.0
38.5077,111.0,380.0
38.5126,-65.0,380.0
38.5176,-45.0,378.0
38.5225,-241.0,380.0
38.5275,-167.0,382.0
38.5325,297.0,382.0
38.5378,297.0,386.0
38.5428,-200.0,386.0
38.5475,-221.0,388.0
38.5526,175.0,388.0
38.5577,48.0,386.0
38.5625,-270.0,386.0
38.5677,46.0,384.0
38.5725,353.0,388.0
38.5777,-8.0,386.0
38.5825,-300.0,388.0
38.5874,-64.0,386.0
38.5925,137.0,388.0
38.5974,62.0,386.0
38.6027,-9.0,384.0
38.6074,-10.0,380.0
38.6125,10.0,380.0
38.6175,20.0,376.0
38.6224,-73.0,376.0
38.6275,-105.0,374.0
38.6325,55.0,374.0
38.6375,132.0,372.0
38.6425,69.0,372.0
38.6474,6.0,370.0
38.6527,-142.0,372.0
38.6579,-213.0,372.0
38.6626,41.0,372.0
38.6675,271.0,374.0
38.6725,132.0,376.0
38.6775,-122.0,372.0
38.6826,-200.0,374.0
38.6876,-91.0,368.0
38.6925,143.0,368.0
38.6976,196.0,364.0
38.7024,-114.0,364.0
38.7074,-132.0,356.0
38.7125,233.0,358.0
38.7175,-20.0,352.0
38.7226,-450.0,358.0
38.7275,111.0,356.0
38.7325,596.0,366.0
38.7377,-68.0,366.0
38.7426,-545.0,374.0
38.7476,-41.0,374.0
38.7526,330.0,378.0
38.7576,121.0,378.0
38.7625,-82.0,378.0
38.7676,-129.0,380.0
38.7727,-96.0,378.0
38.7776,64.0,380.0
38.7825,145.0,376.0
38.7874,14.0,374.0
38.7924,-53.0,368.0
38.7975,-45.0,364.0
38.8026,-71.0,358.0
38.8075,68.0,352.0
38.8127,122.0,348.0
38.8175,-131.0,344.0
38.8228,-123.0,340.0
38.8276,162.0,340.0
38.8325,83.0,338.0
38.8375,-120.0,338.0
38.8424,48.0,336.0
38.8474,106.0,336.0
38.8528,-198.0,336.0
38.8578,-173.0,338.0
38.8627,210.0,340.0
38.8675,215.0,342.0
38.8724,-96.0,344.0
38.8775,-170.0,344.0
38.8824,-5.0,342.0
38.8877,112.0,340.0
38.8925,49.0,334.0
38.8977,-116.0,332.0
38.9024,-95.0,326.0
38.9075,172.0,324.0
38.9125,171.0,322.0
38.9177,-229.0,322.0
38.9226,-228.0,322.0
38.9275,248.0,322.0
38.9325,239.0,326.0
38.9376,-227.0,328.0
38.9431,-228.0,330.0
38.9476,178.0,332.0
38.9526,222.0,330.0
38.9576,-146.0,332.0
38.9626,-233.0,330.0
38.9675,150.0,330.0
38.9728,243.0,328.0
38.9777,-134.0,326.0
38.9825,-186.0,324.0
38.9874,62.0,322.0
38.9926,57.0,318.0
38.9976,0.0,314.0
39.0026,34.0,308.0
39.0075,-16.0,304.0
39.0127,-12.0,300.0
39.0176,37.0,294.0
39.0227,-58.0,294.0
39.0275,-97.0,290.0
39.0325,64.0,290.0
39.0375,154.0,290.0
39.0425,1.0,290.0
39.0475,-173.0,292.0
39.053,-54.0,292.0
39.0576,189.0,292.0
39.0626,58.0,292.0
39.0675,-236.0,292.0
39.0725,-58.0,290.0
39.0775,272.0,292.0
39.0826,60.0,288.0
39.0877,-243.0,290.0
39.0926,-29.0,286.0
39.0976,153.0,288.0
39.1025,-19.0,286.0
39.1076,-44.0,284.0
39.1125,39.0,282.0
39.1176,-67.0,282.0
39.1227,-15.0,274.0
39.1274,186.0,276.0
39.133,-23.0,268.0
39.1377,-273.0,272.0
39.1428,51.0,266.0
39.1477,272.0,268.0
39.1525,-65.0,268.0
39.1574,-189.0,270.0
39.1625,55.0,268.0
39.1676,70.0,266.0
39.1724,-18.0,262.0
39.1776,39.0,258.0
39.1824,-14.0,254.0
39.1874,-96.0,252.0
39.1924,40.0,250.0
39.1976,91.0,252.0
39.2026,-80.0,248.0
39.2075,-93.0,250.0
39.2125,99.0,246.0
39.2174,161.0,248.0
39.2225,-6.0,244.0
39.2278,-230.0,246.0
39.2326,-201.0,246.0
39.2376,175.0,248.0
39.2434,380.0,254.0
39.2481,-7.0,254.0
39.2524,-395.0,260.0
39.2576,-129.0,262.0
39.2626,268.0,264.0
39.2676,122.0,266.0
39.2726,-122.0,266.0
39.2775,-1.0,264.0
39.2825,39.0,264.0
39.2877,-102.0,266.0
39.2925,-12.0,264.0
39.2976,76.0,262.0
39.3024,-37.0,262.0
39.3074,46.0,258.0
39.3126,184.0,258.0
39.3176,-101.0,258.0
39.3226,-324.0,260.0
39.3274,21.0,258.0
39.3324,259.0,260.0
39.3376,32.0,258.0
39.3426,-32.0,256.0
39.3475,51.0,256.0
39.3525,-89.0,254.0
39.3574,-124.0,254.0
39.3625,20.0,248.0
39.3677,27.0,246.0
39.3726,36.0,238.0
39.3777,131.0,240.0
39.3824,43.0,232.0
39.3875,-141.0,232.0
39.3925,-102.0,230.0
39.3976,7.0,228.0
39.4025,-17.0,226.0
39.4075,72.0,226.0
39.4126,190.0,228.0
39.4175,-10.0,226.0
39.4224,-194.0,226.0
39.4277,-63.0,228.0
39.4326,22.0,228.0
39.4389,25.0,226.0
39.4425,148.0,228.0
39.4477,68.0,228.0
39.4526,-237.0,230.0
39.4578,-125.0,230.0
39.4625,324.0,232.0
39.4674,170.0,234.0
39.4725,-402.0,238.0
39.4775,-246.0,240.0
39.4826,322.0,244.0
39.4877,240.0,246.0
39.4925,-67.0,244.0
39.4976,-33.0,242.0
39.5025,-152.0,242.0
39.5075,-254.0,242.0
39.5126,181.0,244.0
39.5177,381.0,246.0
39.5227,-101.0,248.0
39.5274,-293.0,250.0
39.5324,84.0,252.0
39.5387,152.0,252.0
39.5426,-141.0,252.0
39.5475,-67.0,252.0
39.5525,153.0,250.0
39.5574,-11.0,248.0
39.5627,-107.0,246.0
39.5677,122.0,244.0
39.5727,90.0,242.0
39.5776,-221.0,242.0
39.5825,-135.0,240.0
39.5874,248.0,240.0
39.5925,193.0,240.0
39.5976,-183.0,240.0
39.6027,-214.0,240.0
39.6076,42.0,238.0
39.6126,187.0,238.0
39.6176,131.0,238.0
39.6226,-100.0,236.0
39.6277,-244.0,240.0
39.6326,-25.0,238.0
39.6374,185.0,242.0
39.6424,88.0,242.0
39.6474,0.0,242.0
39.6526,-8.0,242.0
39.6576,-106.0,244.0
39.6627,-128.0,244.0
39.6675,34.0,244.0
39.6725,166.0,246.0
39.6774,77.0,244.0
39.6826,-96.0,246.0
39.6876,-43.0,244.0
39.6925,53.0,244.0
39.6977,-124.0,242.0
39.7025,-113.0,244.0
39.7074,231.0,244.0
39.7125,183.0,246.0
39.7176,-165.0,244.0
39.7227,-144.0,244.0
39.7274,31.0,242.0
39.7324,10.0,242.0
39.7377,23.0,240.0
39.7429,93.0,240.0
39.7474,4.0,240.0
39.7524,-84.0,240.0
39.7575,-30.0,240.0
39.7625,-7.0,240.0
39.7675,23.0,238.0
39.7727,126.0,238.0
39.7775,-2.0,234.0
39.7825,-230.0,238.0
39.7875,-25.0,234.0
39.7925,261.0,236.0
39.7975,37.0,234.0
39.8027,-207.0,236.0
39.8076,-7.0,236.0
39.8127,136.0,238.0
39.8174,-49.0,238.0
39.8224,-74.0,238.0
39.8278,116.0,238.0
39.8325,-1.0,238.0
39.8376,-215.0,240.0
39.8424,71.0,240.0
39.8474,331.0,244.0
39.8525,-70.0,244.0
39.8577,-386.0,246.0
39.8625,-6.0,246.0
39.8675,312.0,248.0
39.8724,71.0,246.0
39.8774,-128.0,246.0
39.8826,-28.0,240.0
39.8876,-71.0,240.0
39.8925,-105.0,236.0
39.8976,209.0,238.0
39.9025,223.0,236.0
39.9074,-277.0,240.0
39.9126,-268.0,242.0
39.9176,278.0,246.0
39.9227,251.0,250.0
39.9274,-205.0,250.0
39.9325,-191.0,254.0
39.9376,89.0,254.0
39.9428,121.0,254.0
39.9474,27.0,254.0
39.9525,-71.0,252.0
39.9575,-160.0,254.0
39.9624,26.0,250.0
39.9675,292.0,254.0
39.9726,36.0,250.0
39.9777,-336.0,254.0
39.9824,-80.0,256.0
39.9875,258.0,258.0
39.9924,31.0,258.0
39.9976,-154.0,258.0
40.0027,133.0,260.0
40.0075,149.0,262.0
40.0126,-309.0,266.0
40.0175,-246.0,268.0
40.0227,337.0,272.0
40.0276,305.0,276.0
40.0324,-188.0,276.0
40.0374,-186.0,280.0
40.0424,-3.0,280.0
40.0474,-68.0,278.0
40.053,99.0,278.0
40.0576,277.0,282.0
40.0625,-84.0,280.0
40.0676,-310.0,284.0
40.0727,11.0,284.0
40.0775,203.0,286.0
40.0824,62.0,286.0
40.0877,-69.0,286.0
40.0925,-99.0,284.0
40.0976,-3.0,282.0
40.1025,102.0,278.0
40.1074,0.0,274.0
40.1126,-101.0,270.0
40.1178,16.0,266.0
40.1226,105.0,264.0
40.1274,26.0,260.0
40.1325,-84.0,260.0
40.1376,-95.0,262.0
40.1429,26.0,260.0
40.1478,68.0,256.0
40.1524,15.0,254.0
40.1575,71.0,248.0
40.1634,-31.0,248.0
40.1676,-191.0,246.0
40.1726,115.0,246.0
40.1777,238.0,248.0
40.1825,-263.0,250.0
40.1874,-280.0,254.0
40.1926,315.0,256.0
40.1976,298.0,260.0
40.2027,-197.0,262.0
40.2075,-210.0,264.0
40.2126,40.0,262.0
40.2174,54.0,260.0
40.2224,28.0,258.0
40.2275,70.0,256.0
40.2327,-16.0,252.0
40.2375,-159.0,252.0
40.2425,-61.0,250.0
40.2474,227.0,252.0
40.2525,230.0,254.0
40.2577,-212.0,254.0
40.2626,-413.0,260.0
40.2674,93.0,258.0
40.2726,445.0,264.0
40.2775,7.0,260.0
40.2825,-276.0,264.0
40.2876,20.0,264.0
40.2926,48.0,264.0
40.2977,-132.0,266.0
40.3026,83.0,264.0
40.3075,188.0,266.0
40.3125,-107.0,266.0
40.3176,-141.0,266.0
40.3226,85.0,266.0
40.3274,94.0,268.0
40.3327,-10.0,266.0
40.3377,-119.0,266.0
40.3427,-139.0,268.0
40.3476,158.0,266.0
40.3524,285.0,268.0
40.3574,-149.0,268.0
40.3625,-311.0,270.0
40.3676,120.0,272.0
40.3728,212.0,274.0
40.3775,-97.0,276.0
40.3825,-63.0,276.0
40.3876,38.0,276.0
40.3924,-90.0,276.0
40.3976,72.0,276.0
40.4024,253.0,280.0
40.4075,-148.0,282.0
40.4125,-375.0,286.0
40.4174,120.0,288.0
40.4225,359.0,290.0
40.4277,-52.0,290.0
40.4326,-209.0,290.0
40.4374,28.0,290.0
40.4424,41.0,286.0
40.4475,-42.0,288.0
40.4526,55.0,286.0
40.4589,46.0,286.0
40.4624,-93.0,286.0
40.4675,-10.0,284.0
40.4724,120.0,286.0
40.4774,-44.0,284.0
40.4825,-151.0,286.0
40.4876,81.0,282.0
40.4925,149.0,282.0
40.4976,-95.0,278.0
40.5024,-95.0,280.0
40.5075,116.0,276.0
40.5125,30.0,276.0
40.5176,-153.0,276.0
40.5226,-4.0,276.0
40.5274,129.0,276.0
40.5324,-17.0,276.0
40.5376,18.0,272.0
40.5428,128.0,270.0
40.5475,-192.0,270.0
40.5525,-334.0,270.0
40.5576,225.0,270.0
40.5624,505.0,274.0
40.5675,-93.0,272.0
40.5728,-498.0,276.0
40.5776,-81.0,276.0
40.5825,298.0,280.0
40.5875,164.0,282.0
40.5924,-30.0,280.0
40.5976,-103.0,280.0
40.6026,-145.0,282.0
40.6075,-38.0,278.0
40.6126,153.0,280.0
40.6174,155.0,276.0
40.6224,-42.0,276.0
40.6276,-192.0,276.0
40.6326,-61.0,276.0
40.6374,198.0,276.0
40.6424,57.0,276.0
40.6475,-247.0,276.0
40.6526,15.0,272.0
40.6577,333.0,274.0
40.6631,-38.0,268.0
40.6674,-352.0,270.0
40.6724,-8.0,266.0
40.6775,225.0,268.0
40.6825,17.0,268.0
40.6881,-22.0,266.0
40.6924,61.0,266.0
40.6975,-90.0,264.0
40.7025,-124.0,264.0
40.7074,47.0,260.0
40.7125,82.0,260.0
40.7176,45.0,258.0
40.7226,-7.0,258.0
40.7274,-83.0,258.0
40.7324,9.0,256.0
40.7375,80.0,258.0
40.7427,-51.0,256.0
40.7476,-68.0,258.0
40.7526,24.0,256.0
40.7574,15.0,256.0
40.7624,87.0,256.0
40.7688,84.0,258.0
40.7725,-205.0,260.0
40.7775,-140.0,260.0
40.7824,286.0,264.0
40.7874,79.0,264.0
40.7925,-353.0,270.0
40.7977,37.0,268.0
40.8024,397.0,274.0
40.8076,-104.0,274.0
40.8125,-360.0,278.0
40.8176,91.0,274.0
40.8226,222.0,274.0
40.8275,-54.0,270.0
40.8326,-65.0,266.0
40.8375,36.0,262.0
40.8425,-22.0,260.0
40.8474,2.0,256.0
40.8525,77.0,258.0
40.8577,-88.0,258.0
40.8626,-188.0,260.0
40.8681,129.0,262.0
40.8726,322.0,266.0
40.8774,-36.0,264.0
40.8826,-366.0,268.0
40.8876,-127.0,268.0
40.8926,277.0,268.0
40.8975,217.0,268.0
40.9024,-139.0,264.0
40.9076,-194.0,266.0
40.9125,66.0,260.0
40.9175,140.0,262.0
40.9226,-50.0,258.0
40.9274,-97.0,260.0
40.9324,21.0,258.0
40.9375,41.0,258.0
40.9426,8.0,256.0
40.9475,12.0,254.0
40.9526,-5.0,252.0
40.9577,-30.0,250.0
40.9624,-12.0,248.0
40.9676,25.0,248.0
40.9725,13.0,248.0
40.9776,-20.0,246.0
40.9824,4.0,244.0
40.9874,6.0,242.0
40.9924,-14.0,238.0
40.9974,41.0,236.0
41.0025,-25.0,232.0
41.0075,-147.0,232.0
41.0126,129.0,230.0
41.0175,298.0,234.0
41.0227,-248.0,236.0
41.0277,-435.0,242.0
41.0326,287.0,246.0
41.0375,482.0,252.0
41.0424,-220.0,252.0
41.0474,-405.0,256.0
41.0527,131.0,252.0
41.0584,270.0,254.0
41.0631,-78.0,250.0
41.0675,-189.0,252.0
41.0728,-21.0,250.0
41.0777,177.0,252.0
41.0827,253.0,254.0
41.0879,-78.0,256.0
41.0925,-468.0,262.0
41.0976,-189.0,264.0
41.1024,416.0,270.0
41.1076,416.0,276.0
41.1129,-130.0,276.0
41.1179,-364.0,280.0
41.1229,-92.0,280.0
41.1276,109.0,280.0
41.1326,73.0,278.0
41.1377,97.0,278.0
41.1432,65.0,278.0
41.1475,-161.0,280.0
41.1524,-123.0,280.0
41.1579,193.0,282.0
41.1627,66.0,282.0
41.168,-276.0,284.0
41.1731,-12.0,284.0
41.1779,344.0,290.0
41.1834,41.0,288.0
41.1883,-313.0,290.0
41.1925,-117.0,286.0
41.1976,183.0,286.0
41.2026,150.0,280.0
41.2079,-28.0,280.0
41.2126,-94.0,274.0
41.2176,-40.0,272.0
41.2226,15.0,268.0
41.2279,-70.0,266.0
41.2329,-91.0,268.0
41.2376,337.0,272.0
41.2426,441.0,276.0
41.2476,-527.0,284.0
41.2531,-861.0,294.0
41.2577,404.0,298.0
41.263,930.0,312.0
41.2676,-97.0,310.0
41.2729,-529.0,318.0
41.2776,-41.0,316.0
41.2827,15.0,314.0
41.2894,-73.0,312.0
41.2924,224.0,316.0
41.2979,205.0,314.0
41.3027,-194.0,316.0
41.3076,-170.0,314.0
41.313,169.0,316.0
41.3185,49.0,312.0
41.3229,-287.0,318.0
41.3276,-2.0,316.0
41.3328,408.0,322.0
41.3374,44.0,322.0
41.3432,-378.0,326.0
41.3474,-70.0,326.0
41.353,231.0,328.0
41.358,17.0,328.0
41.3626,-91.0,330.0
41.3674,87.0,330.0
41.3731,35.0,330.0
41.3781,-181.0,332.0
41.3824,-53.0,332.0
41.3876,201.0,334.0
41.3928,75.0,334.0
41.3978,-104.0,336.0
41.4035,-13.0,334.0
41.4074,-48.0,334.0
41.4125,-127.0,332.0
41.4176,113.0,332.0
41.4227,210.0,330.0
41.428,-38.0,330.0
41.4331,-122.0,326.0
41.4374,-56.0,326.0
41.4427,-45.0,322.0
41.4475,44.0,320.0
41.4526,91.0,316.0
41.458,44.0,316.0
41.4624,23.0,312.0
41.4674,-90.0,312.0
41.4726,-156.0,314.0
41.4775,67.0,314.0
41.4834,209.0,318.0
41.4881,-46.0,318.0
41.4924,-185.0,320.0
41.4984,80.0,320.0
41.5024,131.0,320.0
41.5078,-151.0,320.0
41.5126,-100.0,316.0
41.5174,184.0,318.0
41.5229,79.0,314.0
41.5276,-131.0,314.0
41.5326,5.0,310.0
41.5378,31.0,306.0
41.5431,-151.0,306.0
41.5475,26.0,304.0
41.5524,250.0,308.0
41.5578,-10.0,306.0
41.5627,-214.0,308.0
41.5676,-5.0,306.0
41.5731,75.0,308.0
41.5779,-64.0,308.0
41.5824,20.0,308.0
41.5874,180.0,310.0
41.5929,28.0,310.0
41.5979,-219.0,314.0
41.6025,-186.0,316.0
41.6076,122.0,318.0
41.6126,335.0,322.0
41.6174,57.0,324.0
41.6225,-352.0,328.0
41.628,-196.0,332.0
41.6332,190.0,334.0
41.6374,172.0,336.0
41.6426,16.0,336.0
41.6481,-8.0,334.0
41.6526,-71.0,334.0
41.6581,-97.0,330.0
41.6629,-20.0,326.0
41.6679,-5.0,320.0
41.6735,47.0,316.0
41.6778,230.0,312.0
41.6827,111.0,310.0
41.6874,-356.0,310.0
41.693,-337.0,314.0
41.6979,267.0,314.0
41.7026,403.0,318.0
41.7077,-55.0,316.0
41.7127,-224.0,320.0
41.7174,-91.0,318.0
41.7224,-66.0,314.0
41.7275,107.0,316.0
41.7326,273.0,312.0
41.7379,-87.0,310.0
41.7433,-327.0,310.0
41.7474,107.0,304.0
41.7525,265.0,306.0
41.7578,-150.0,304.0
41.7627,-145.0,304.0
41.7678,185.0,306.0
41.773,48.0,304.0
41.7784,-208.0,306.0
41.7824,-24.0,306.0
41.7876,214.0,306.0
41.7936,57.0,306.0
41.7977,-197.0,306.0
41.8024,-114.0,306.0
41.8079,150.0,304.0
41.8132,182.0,308.0
41.8176,-73.0,304.0
41.8225,-246.0,306.0
41.8274,3.0,302.0
41.8329,277.0,304.0
41.8373,18.0,302.0
41.8425,-244.0,302.0
41.8476,0.0,302.0
41.8528,167.0,304.0
41.8585,-15.0,304.0
41.8636,-112.0,304.0
41.8673,-9.0,304.0
41.8727,109.0,304.0
41.8784,86.0,300.0
41.8827,-89.0,294.0
41.8879,-167.0,288.0
41.8924,-18.0,276.0
41.898,164.0,272.0
41.9026,175.0,260.0
41.9077,-76.0,260.0
41.9128,-243.0,256.0
41.9179,5.0,254.0
41.9224,153.0,258.0
41.9275,-15.0,256.0
41.9326,1.0,252.0
41.9376,65.0,250.0
41.9431,-84.0,248.0
41.9475,-97.0,248.0
41.9532,76.0,246.0
41.9579,94.0,246.0
41.9626,-51.0,244.0
41.9675,-86.0,244.0
41.9731,45.0,238.0
41.9776,103.0,240.0
41.9825,-17.0,234.0
41.9876,-115.0,234.0
41.9929,-53.0,232.0
41.9977,102.0,234.0
42.0025,127.0,234.0
42.0075,-97.0,234.0
42.0131,-172.0,236.0
42.0176,97.0,234.0
42.0227,204.0,238.0
42.0274,-37.0,234.0
42.0326,-221.0,236.0
42.0381,-79.0,236.0
42.0424,177.0,240.0
42.0479,132.0,240.0
42.0528,-87.0,240.0
42.058,-61.0,238.0
42.0631,48.0,236.0
42.0674,-25.0,236.0
42.0725,-73.0,236.0
42.0773,6.0,234.0
42.0826,63.0,234.0
42.0875,83.0,236.0
42.0924,40.0,234.0
42.0974,-128.0,236.0
42.1025,-165.0,238.0
42.1074,102.0,238.0
42.1126,181.0,238.0
42.1175,-109.0,240.0
42.1225,-48.0,238.0
42.1275,231.0,240.0
42.1326,-131.0,240.0
42.1376,-360.0,244.0
42.1426,238.0,246.0
42.1475,332.0,248.0
42.1526,-270.0,250.0
42.1575,-164.0,250.0
42.1625,282.0,254.0
42.1676,13.0,252.0
42.1728,-265.0,256.0
42.1776,21.0,256.0
42.1826,185.0,256.0
42.1873,32.0,256.0
42.1924,-67.0,254.0
42.1977,-85.0,254.0
42.2034,-32.0,252.0
42.2074,95.0,254.0
42.2126,93.0,254.0
42.2176,-93.0,254.0
42.2235,-127.0,256.0
42.2274,118.0,254.0
42.2325,144.0,256.0
42.2374,-148.0,256.0
42.2424,-136.0,254.0
42.2475,150.0,254.0
42.2525,96.0,252.0
42.2577,-136.0,252.0
42.2626,-22.0,248.0
42.2675,149.0,246.0
42.2726,-55.0,244.0
42.2774,-193.0,244.0
42.2826,76.0,246.0
42.2876,205.0,248.0
42.2925,-38.0,248.0
42.2976,-128.0,248.0
42.3039,16.0,248.0
42.3073,-4.0,248.0
42.3125,-49.0,248.0
42.3176,115.0,246.0
42.3226,92.0,246.0
42.3274,-188.0,244.0
42.3324,-122.0,240.0
42.3375,246.0,240.0
42.343,171.0,236.0
42.3475,-274.0,240.0
42.3525,-227.0,240.0
42.3574,243.0,242.0
42.3624,244.0,246.0
42.3674,-178.0,246.0
42.3728,-243.0,246.0
42.3774,100.0,246.0
42.3824,259.0,244.0
42.3874,5.0,244.0
42.3925,-237.0,242.0
42.3975,-93.0,242.0
42.4026,146.0,242.0
42.4074,73.0,240.0
42.4126,-67.0,240.0
42.4174,41.0,238.0
42.4224,85.0,238.0
42.4277,-131.0,238.0
42.4327,-182.0,240.0
42.4374,117.0,238.0
42.4425,270.0,240.0
42.4475,-43.0,240.0
42.4526,-290.0,240.0
42.4578,0.0,240.0
42.4626,219.0,240.0
42.4674,-28.0,240.0
42.4724,-78.0,236.0
42.4776,107.0,238.0
42.4826,-55.0,234.0
42.4877,-195.0,238.0
42.4924,100.0,236.0
42.4974,271.0,240.0
42.5024,-44.0,240.0
42.5084,-298.0,244.0
42.5124,-54.0,244.0
42.5174,231.0,246.0
42.5225,102.0,246.0
42.5274,-110.0,246.0
42.5324,-53.0,246.0
42.5375,45.0,244.0
42.5427,-43.0,242.0
42.5475,-87.0,242.0
42.5524,73.0,240.0
42.5576,180.0,242.0
42.5624,31.0,240.0
42.5675,-221.0,244.0
42.5728,-191.0,246.0
42.5777,167.0,248.0
42.5824,228.0,250.0
42.5876,-87.0,250.0
42.5924,-81.0,250.0
42.5975,74.0,250.0
42.6027,-105.0,250.0
42.6085,-119.0,252.0
42.6126,164.0,252.0
42.6174,147.0,254.0
42.6226,-74.0,254.0
42.6277,-154.0,256.0
42.6326,-92.0,256.0
42.6375,207.0,258.0
42.6424,293.0,260.0
42.6476,-299.0,264.0
42.6527,-496.0,268.0
42.6577,351.0,272.0
42.6626,606.0,278.0
42.6676,-338.0,284.0
42.6726,-523.0,288.0
42.6774,307.0,292.0
42.6826,292.0,294.0
42.6876,-266.0,296.0
42.6926,-73.0,296.0
42.6975,167.0,296.0
42.7024,-52.0,296.0
42.7074,-26.0,296.0
42.7134,70.0,296.0
42.7174,-72.0,298.0
42.7226,36.0,298.0
42.7274,123.0,298.0
42.7325,-170.0,300.0
42.7375,-162.0,300.0
42.7426,184.0,300.0
42.7475,150.0,302.0
42.7525,-108.0,300.0
42.7574,-67.0,300.0
42.7625,82.0,300.0
42.7675,7.0,296.0
42.7724,-133.0,296.0
42.7775,-58.0,292.0
42.7825,165.0,292.0
42.7875,185.0,288.0
42.7924,-122.0,286.0
42.7974,-285.0,288.0
42.8025,8.0,284.0
42.8074,304.0,288.0
42.8126,166.0,288.0
42.8174,-210.0,290.0
42.8226,-330.0,292.0
42.8274,-8.0,292.0
42.8326,337.0,296.0
42.8374,242.0,298.0
42.8424,-159.0,300.0
42.8475,-300.0,304.0
42.8529,-40.0,302.0
42.8576,149.0,304.0
42.8626,89.0,304.0
42.8674,35.0,302.0
42.8724,23.0,300.0
42.8774,-77.0,298.0
42.8825,-165.0,300.0
42.8875,-38.0,298.0
42.8924,199.0,300.0
42.8976,157.0,300.0
42.9024,-94.0,300.0
42.9074,-126.0,300.0
42.9127,-57.0,300.0
42.9175,-39.0,298.0
42.9224,143.0,300.0
42.9274,130.0,298.0
42.9327,-163.0,300.0
42.9374,28.0,298.0
42.9425,251.0,302.0
42.9476,-333.0,308.0
42.9525,-477.0,314.0
42.9575,463.0,320.0
42.9624,657.0,328.0
42.9676,-254.0,330.0
42.9728,-502.0,334.0
42.9774,-82.0,332.0
42.9824,50.0,330.0
42.9874,192.0,330.0
42.9924,297.0,330.0
42.9974,5.0,326.0
43.0025,-304.0,328.0
43.0075,-285.0,330.0
43.0125,128.0,328.0
43.0182,406.0,332.0
43.0225,-23.0,328.0
43.0276,-326.0,334.0
43.0325,58.0,330.0
43.0375,194.0,332.0
43.0427,-140.0,332.0
43.0476,-167.0,334.0
43.0525,153.0,336.0
43.0577,254.0,338.0
43.063,-42.0,338.0
43.0677,-329.0,340.0
43.0725,-186.0,340.0
43.0776,272.0,344.0
43.0826,450.0,346.0
43.0876,-90.0,346.0
43.0925,-595.0,352.0
43.0976,-93.0,354.0
43.1025,510.0,358.0
43.1076,125.0,360.0
43.1126,-244.0,362.0
43.1174,78.0,362.0
43.1225,8.0,360.0
43.1276,-409.0,364.0
43.1324,2.0,362.0
43.1376,592.0,368.0
43.1428,155.0,370.0
43.1475,-469.0,372.0
43.1525,-241.0,374.0
43.1576,168.0,374.0
43.1627,139.0,374.0
43.1675,93.0,374.0
43.1725,7.0,374.0
43.1776,-276.0,376.0
43.1826,-30.0,376.0
43.1875,481.0,382.0
43.1925,-19.0,382.0
43.1982,-667.0,390.0
43.2025,-11.0,390.0
43.2076,652.0,396.0
43.2124,91.0,394.0
43.2175,-411.0,398.0
43.2226,-75.0,396.0
43.2286,133.0,396.0
43.2325,-39.0,396.0
43.2375,32.0,396.0
43.2429,125.0,396.0
43.2478,-115.0,396.0
43.2529,-124.0,394.0
43.2587,194.0,396.0
43.2625,95.0,396.0
43.2676,-227.0,398.0
43.2729,-67.0,396.0
43.2777,147.0,396.0
43.2828,-8.0,392.0
43.2879,-21.0,386.0
43.2927,108.0,380.0
43.2979,-51.0,376.0
43.3027,-128.0,368.0
43.3076,107.0,366.0
43.313,56.0,358.0
43.3175,-214.0,356.0
43.3225,-11.0,352.0
43.3275,282.0,352.0
43.3325,91.0,352.0
43.3377,-147.0,352.0
43.3426,-204.0,354.0
43.3475,-139.0,356.0
43.3525,164.0,358.0
43.3575,289.0,362.0
43.3626,-4.0,360.0
43.3677,-147.0,362.0
43.3725,-66.0,360.0
43.3777,-112.0,358.0
43.3827,-13.0,356.0
43.3875,240.0,358.0
43.3926,107.0,358.0
43.3977,-179.0,360.0
43.4025,-86.0,360.0
43.4076,75.0,360.0
43.4126,-38.0,358.0
43.4175,-86.0,360.0
43.4225,140.0,358.0
43.4281,212.0,360.0
43.4325,-103.0,358.0
43.4376,-341.0,360.0
43.4425,-55.0,360.0
43.4475,374.0,362.0
43.4527,195.0,362.0
43.4576,-305.0,364.0
43.4625,-198.0,362.0
43.4676,217.0,364.0
43.4725,99.0,362.0
43.4775,-195.0,360.0
43.4826,-39.0,358.0
43.4875,214.0,358.0
43.4925,56.0,358.0
43.4976,-197.0,358.0
43.5025,-17.0,358.0
43.5075,179.0,360.0
43.5124,-141.0,362.0
43.5177,-273.0,364.0
43.5224,246.0,366.0
43.5275,441.0,372.0
43.5325,-133.0,370.0
43.5374,-493.0,376.0
43.5426,-82.0,376.0
43.5474,345.0,380.0
43.5527,164.0,380.0
43.5574,-134.0,382.0
43.5624,-51.0,380.0
43.5674,52.0,380.0
43.5724,-129.0,380.0
43.5775,-152.0,382.0
43.5824,248.0,382.0
43.5874,367.0,382.0
43.5924,-251.0,378.0
43.5975,-582.0,380.0
43.6024,127.0,372.0
43.6076,647.0,378.0
43.6125,58.0,370.0
43.6174,-481.0,378.0
43.6225,-176.0,380.0
43.6277,164.0,378.0
43.633,139.0,376.0
43.6374,106.0,378.0
43.6424,13.0,374.0
43.6475,-181.0,372.0
43.6524,-139.0,372.0
43.6577,71.0,366.0
43.6624,146.0,368.0
43.6675,77.0,364.0
43.6725,-83.0,364.0
43.6775,-146.0,364.0
43.6824,23.0,362.0
43.6875,108.0,362.0
43.6924,31.0,360.0
43.6974,13.0,356.0
43.7024,-84.0,356.0
43.7074,-164.0,354.0
43.7127,96.0,352.0
43.7174,246.0,352.0
43.7224,-58.0,346.0
43.7275,-205.0,348.0
43.7324,3.0,338.0
43.7374,79.0,338.0
43.7425,75.0,332.0
43.7477,81.0,330.0
43.7524,-185.0,330.0
43.7575,-275.0,332.0
43.7624,245.0,336.0
43.7674,446.0,338.0
43.7725,-198.0,340.0
43.7775,-485.0,338.0
43.7825,126.0,338.0
43.7874,375.0,336.0
43.7945,-133.0,334.0
43.7975,-217.0,336.0
43.8025,198.0,336.0
43.8074,104.0,336.0
43.8124,-228.0,340.0
43.8174,-38.0,336.0
43.8224,186.0,338.0
43.8277,-20.0,332.0
43.8325,-104.0,334.0
43.8375,78.0,324.0
43.8424,24.0,324.0
43.8474,-95.0,316.0
43.8526,43.0,314.0
43.8576,47.0,308.0
43.8625,-135.0,310.0
43.8674,26.0,308.0
43.8724,282.0,312.0
43.8775,-50.0,312.0
43.8824,-412.0,316.0
43.8874,-4.0,316.0
43.8925,365.0,318.0
43.8974,61.0,316.0
43.9025,-102.0,316.0
43.9074,-11.0,314.0
43.9125,-203.0,316.0
43.9175,-150.0,316.0
43.9224,356.0,322.0
43.9274,300.0,326.0
43.9325,-295.0,328.0
43.9374,-314.0,332.0
43.9425,105.0,332.0
43.9475,187.0,334.0
43.9525,63.0,334.0
43.9574,-59.0,332.0
43.9625,-109.0,332.0
43.9674,86.0,330.0
43.9724,68.0,330.0
43.9776,-241.0,330.0
43.9824,-37.0,328.0
43.9874,339.0,332.0
43.9924,30.0,330.0
43.9978,-285.0,328.0
44.0024,10.0,330.0
44.0074,165.0,330.0
44.0124,-93.0,330.0
44.0175,-90.0,330.0
44.0224,161.0,332.0
44.0274,91.0,330.0
44.0325,-179.0,330.0
44.0375,-167.0,330.0
44.0424,151.0,332.0
44.0477,302.0,334.0
44.0525,-58.0,336.0
44.0575,-372.0,340.0
44.0627,-78.0,338.0
44.0675,240.0,340.0
44.0724,120.0,340.0
44.0774,3.0,334.0
44.0825,23.0,334.0
44.0878,-109.0,330.0
44.0924,-179.0,330.0
44.0974,22.0,324.0
44.1027,121.0,324.0
44.1074,29.0,320.0
44.1124,74.0,320.0
44.1175,120.0,320.0
44.1224,-140.0,320.0
44.1274,-305.0,322.0
44.1324,-1.0,322.0
44.1375,268.0,322.0
44.1424,172.0,324.0
44.1475,-24.0,322.0
44.1524,-194.0,324.0
44.1578,-193.0,322.0
44.1624,58.0,320.0
44.1674,224.0,316.0
44.1724,116.0,316.0
44.1774,-85.0,308.0
44.1825,-216.0,312.0
44.1874,-92.0,308.0
44.1925,188.0,308.0
44.1975,134.0,308.0
44.2025,-43.0,308.0
44.2074,68.0,308.0
44.2124,-97.0,308.0
44.2174,-387.0,310.0
44.2224,82.0,308.0
44.2278,538.0,310.0
44.2325,58.0,308.0
44.2375,-406.0,306.0
44.2424,-136.0,306.0
44.2474,167.0,298.0
44.2524,90.0,298.0
44.2575,-60.0,292.0
44.2625,-93.0,290.0
44.2674,100.0,290.0
44.2724,286.0,292.0
44.2776,-100.0,292.0
44.2826,-518.0,300.0
44.2874,-48.0,298.0
44.2924,519.0,304.0
44.2974,206.0,306.0
44.3025,-272.0,308.0
44.3074,-204.0,310.0
44.3126,18.0,308.0
44.3176,80.0,308.0
44.3224,70.0,308.0
44.3273,4.0,306.0
44.3324,-39.0,306.0
44.3373,6.0,306.0
44.3424,7.0,306.0
44.3476,-56.0,304.0
44.3524,-45.0,302.0
44.3574,107.0,300.0
44.3624,155.0,302.0
44.3676,-145.0,302.0
44.3726,-282.0,306.0
44.3775,126.0,306.0
44.3824,327.0,310.0
44.3874,-26.0,310.0
44.3925,-227.0,310.0
44.3975,-61.0,306.0
44.4026,58.0,304.0
44.4074,30.0,298.0
44.4124,-3.0,294.0
44.4173,61.0,288.0
44.4227,148.0,288.0
44.4273,-45.0,282.0
44.4326,-367.0,286.0
44.4375,-100.0,284.0
44.4426,454.0,288.0
44.4474,195.0,290.0
44.4525,-368.0,292.0
44.4576,-96.0,294.0
44.4624,255.0,294.0
44.4674,-118.0,296.0
44.4724,-238.0,298.0
44.4776,262.0,300.0
44.4826,272.0,304.0
44.4876,-276.0,308.0
44.4925,-275.0,312.0
44.4974,272.0,314.0
44.5024,269.0,316.0
44.5074,-320.0,322.0
44.5125,-302.0,322.0
44.5175,327.0,326.0
44.5224,308.0,324.0
44.5274,-213.0,328.0
44.5324,-165.0,324.0
44.5374,69.0,324.0
44.5424,-123.0,324.0
44.5475,-21.0,324.0
44.5526,402.0,328.0
44.5575,73.0,326.0
44.5626,-508.0,330.0
44.5675,-155.0,328.0
44.5727,438.0,330.0
44.5775,236.0,328.0
44.5824,-283.0,330.0
44.5874,-301.0,332.0
44.5926,103.0,334.0
44.5975,265.0,336.0
44.6025,25.0,336.0
44.6075,-88.0,336.0
44.6127,6.0,334.0
44.6176,-100.0,332.0
44.6226,-199.0,334.0
44.6279,156.0,332.0
44.6325,411.0,338.0
44.6375,-82.0,334.0
44.6425,-496.0,342.0
44.6474,-4.0,340.0
44.6526,431.0,344.0
44.6576,22.0,344.0
44.6631,-302.0,346.0
44.6674,2.0,344.0
44.6724,182.0,344.0
44.6774,-14.0,342.0
44.6824,-80.0,342.0
44.6874,13.0,336.0
44.6926,5.0,336.0
44.6975,-10.0,330.0
44.7024,52.0,330.0
44.7074,-30.0,326.0
44.7126,-180.0,328.0
44.7176,98.0,328.0
44.7224,438.0,336.0
44.7274,-78.0,334.0
44.7325,-647.0,342.0
44.7375,-72.0,342.0
44.7426,564.0,350.0
44.7475,186.0,352.0
44.7525,-260.0,356.0
44.7575,-96.0,354.0
44.7625,59.0,354.0
44.7675,-94.0,350.0
44.7725,-88.0,352.0
44.7774,173.0,350.0
44.7825,157.0,350.0
44.7874,-145.0,352.0
44.7925,-100.0,350.0
44.7978,161.0,350.0
44.8024,-12.0,350.0
44.8075,-251.0,350.0
44.8124,66.0,348.0
44.8175,296.0,352.0
44.8225,-82.0,350.0
44.8275,-228.0,352.0
44.8325,124.0,352.0
44.8375,96.0,350.0
44.8424,-192.0,352.0
44.8474,26.0,352.0
44.8525,242.0,354.0
44.8576,-123.0,350.0
44.8624,-242.0,352.0
44.8674,205.0,348.0
44.8724,205.0,350.0
44.8775,-249.0,348.0
44.8825,-157.0,348.0
44.8876,187.0,348.0
44.8925,91.0,348.0
44.8974,3.0,348.0
44.9024,27.0,346.0
44.9074,-226.0,348.0
44.9125,-218.0,348.0
44.9176,312.0,350.0
44.9224,397.0,348.0
44.9275,-216.0,352.0
44.9324,-415.0,350.0
44.9375,99.0,348.0
44.9426,262.0,348.0
44.9475,-114.0,346.0
44.9525,-133.0,348.0
44.9574,200.0,350.0
44.9624,165.0,352.0
44.9676,-217.0,354.0
44.9724,-252.0,358.0
44.9775,160.0,360.0
44.9824,211.0,364.0
44.9875,-114.0,364.0
44.9925,-20.0,364.0
44.9975,113.0,364.0
45.0025,-167.0,364.0
45.0075,-121.0,364.0
45.0124,195.0,362.0
45.0175,87.0,362.0
45.0227,-66.0,358.0
45.0274,24.0,358.0
45.0324,-62.0,356.0
45.0375,-146.0,356.0
45.0424,66.0,356.0
45.048,127.0,358.0
45.0526,-17.0,358.0
45.0575,53.0,358.0
45.0624,65.0,358.0
45.0675,-167.0,360.0
45.0725,-157.0,356.0
45.0774,31.0,354.0
45.0824,78.0,348.0
45.088,196.0,348.0
45.0924,209.0,346.0
45.0974,-235.0,348.0
45.1024,-465.0,352.0
45.1074,70.0,352.0
45.1125,453.0,354.0
45.1174,64.0,352.0
45.1224,-211.0,350.0
45.1275,-18.0,346.0
45.1324,-45.0,342.0
45.1374,-99.0,340.0
45.1426,205.0,340.0
45.1474,115.0,336.0
45.1524,-320.0,336.0
45.1574,-33.0,332.0
45.1624,420.0,334.0
45.1684,-15.0,330.0
45.1724,-440.0,334.0
45.1776,-12.0,334.0
45.1825,334.0,336.0
45.1882,40.0,338.0
45.1933,-166.0,334.0
45.1974,-11.0,332.0
45.2026,39.0,326.0
45.2075,-62.0,324.0
45.2125,5.0,318.0
45.2174,157.0,316.0
45.2225,23.0,312.0
45.2275,-240.0,310.0
45.2325,-109.0,310.0
45.2375,253.0,310.0
45.2424,195.0,314.0
45.2475,-192.0,314.0
45.2525,-198.0,318.0
45.2576,143.0,318.0
45.2624,117.0,318.0
45.2674,-137.0,318.0
45.2728,-17.0,310.0
45.2774,87.0,310.0
45.2825,-103.0,304.0
45.2875,50.0,306.0
45.2924,284.0,304.0
45.2974,-145.0,306.0
45.3024,-459.0,308.0
45.3073,75.0,308.0
45.3123,478.0,314.0
45.3174,76.0,314.0
45.3224,-315.0,318.0
45.3274,-152.0,320.0
45.3324,136.0,322.0
45.3374,147.0,324.0
45.3425,-125.0,326.0
45.3475,-185.0,328.0
45.3524,305.0,330.0
45.3575,363.0,334.0
45.3625,-509.0,336.0
45.3675,-607.0,344.0
45.3725,538.0,342.0
45.3774,705.0,352.0
45.3825,-388.0,348.0
45.3874,-545.0,354.0
45.3924,235.0,354.0
45.3978,263.0,356.0
45.4025,-205.0,358.0
45.4074,-103.0,360.0
45.4125,244.0,362.0
45.4174,143.0,362.0
45.4224,-229.0,362.0
45.4277,-232.0,364.0
45.4324,161.0,364.0
45.4374,201.0,366.0
45.4426,-151.0,368.0
45.4474,-72.0,364.0
45.4524,225.0,368.0
45.4577,-43.0,364.0
45.4626,-277.0,366.0
45.4674,130.0,364.0
45.4724,244.0,366.0
45.478,-198.0,368.0
45.4824,-182.0,368.0
45.4875,201.0,370.0
45.4925,118.0,368.0
45.4975,-147.0,370.0
45.5025,-37.0,366.0
45.5075,151.0,366.0
45.5126,18.0,362.0
45.5175,-248.0,362.0
45.5224,-135.0,362.0
45.5274,325.0,364.0
45.5325,294.0,368.0
45.5375,-283.0,372.0
45.5425,-338.0,376.0
45.5474,169.0,376.0
45.5524,237.0,376.0
45.5574,-90.0,372.0
45.5625,-99.0,368.0
45.5675,89.0,366.0
45.5724,72.0,360.0
45.5785,-100.0,360.0
45.5825,-215.0,360.0
45.5874,26.0,358.0
45.5924,434.0,362.0
45.5974,156.0,362.0
45.6024,-517.0,368.0
45.6075,-345.0,370.0
45.6124,343.0,372.0
45.6173,365.0,374.0
45.6226,-61.0,372.0
45.6276,-189.0,374.0
45.6325,-68.0,374.0
45.6375,2.0,372.0
45.6424,8.0,370.0
45.6473,38.0,368.0
45.6523,57.0,366.0
45.6577,-1.0,364.0
45.6625,-10.0,364.0
45.6674,36.0,364.0
45.6724,-73.0,364.0
45.6774,-147.0,364.0
45.6824,95.0,364.0
45.6875,224.0,366.0
45.6925,-56.0,366.0
45.6974,-218.0,370.0
45.7023,-9.0,368.0
45.7074,159.0,368.0
45.7124,113.0,368.0
45.7174,-62.0,368.0
45.7225,-232.0,370.0
45.7275,-77.0,368.0
45.7325,260.0,370.0
45.7375,195.0,370.0
45.7425,-126.0,364.0
45.7475,-195.0,366.0
45.7524,-95.0,360.0
45.7574,75.0,360.0
45.7625,247.0,360.0
45.7679,69.0,362.0
45.7725,-219.0,364.0
45.7774,-136.0,364.0
45.7824,42.0,362.0
45.7874,61.0,362.0
45.7955,149.0,358.0
45.7973,132.0,360.0
45.8025,-212.0,358.0
45.8075,-305.0,362.0
45.8125,124.0,356.0
45.8174,304.0,362.0
45.8224,-18.0,356.0
45.8275,-171.0,358.0
45.8325,9.0,356.0
45.8374,80.0,358.0
45.8425,-39.0,358.0
45.8473,-89.0,358.0
45.8525,10.0,358.0
45.8575,120.0,356.0
45.8624,65.0,358.0
45.8674,-143.0,356.0
45.8725,-128.0,356.0
45.8774,187.0,356.0
45.8825,173.0,356.0
45.8876,-250.0,356.0
45.8924,-211.0,356.0
45.8974,288.0,358.0
45.9025,207.0,360.0
45.9075,-277.0,362.0
45.9127,-151.0,364.0
45.9176,200.0,366.0
45.9225,110.0,366.0
45.9274,-25.0,366.0
45.9324,-103.0,362.0
45.9374,-199.0,364.0
45.9424,61.0,358.0
45.9474,327.0,362.0
45.9525,10.0,354.0
45.9574,-296.0,358.0
45.9624,-29.0,352.0
45.9675,196.0,354.0
45.9725,-30.0,352.0
45.9776,-138.0,352.0
45.9824,116.0,352.0
45.9874,162.0,352.0
45.9924,-152.0,348.0
45.9974,-239.0,348.0
46.0026,113.0,340.0
46.0074,286.0,336.0
46.0124,-69.0,328.0
46.0173,-240.0,322.0
46.0224,94.0,316.0
46.0276,141.0,310.0
46.0325,-158.0,310.0
46.0374,-68.0,306.0
46.0424,167.0,306.0
46.0473,42.0,304.0
46.0525,-108.0,302.0
46.0577,-96.0,302.0
46.0624,37.0,298.0
46.0676,289.0,300.0
46.0724,62.0,298.0
46.0774,-549.0,304.0
46.0826,-226.0,304.0
46.0874,655.0,314.0
46.0925,348.0,316.0
46.0974,-500.0,322.0
46.1024,-283.0,322.0
46.1076,227.0,324.0
46.1125,63.0,322.0
46.1176,-29.0,318.0
46.1226,117.0,318.0
46.1274,-64.0,316.0
46.1325,-107.0,316.0
46.1373,134.0,316.0
46.1426,-67.0,316.0
46.1476,-193.0,316.0
46.1524,291.0,320.0
46.1573,205.0,320.0
46.1624,-440.0,324.0
46.1674,-180.0,322.0
46.1727,412.0,324.0
46.1775,127.0,322.0
46.1825,-201.0,320.0
46.1874,-32.0,318.0
46.1927,-45.0,314.0
46.1974,-83.0,314.0
46.2044,159.0,316.0
46.2074,143.0,316.0
46.2131,-105.0,316.0
46.2183,-107.0,318.0
46.2225,-16.0,314.0
46.2281,24.0,314.0
46.2324,72.0,308.0
46.2375,25.0,306.0
46.2423,8.0,298.0
46.2473,14.0,294.0
46.2526,-128.0,290.0
46.2575,-124.0,286.0
46.2625,117.0,286.0
46.2674,192.0,286.0
46.2726,25.0,286.0
46.2776,-133.0,288.0
46.2827,-139.0,290.0
46.2876,10.0,290.0
46.2929,115.0,290.0
46.2973,59.0,292.0
46.3025,-7.0,292.0
46.3076,-69.0,292.0
46.3129,-54.0,292.0
46.3184,90.0,290.0
46.3229,38.0,290.0
46.3282,-123.0,288.0
46.3325,-31.0,288.0
46.3377,94.0,286.0
46.3431,79.0,288.0
46.348,16.0,284.0
46.353,-112.0,284.0
46.3576,-124.0,286.0
46.3625,91.0,284.0
46.3676,148.0,284.0
46.373,-72.0,282.0
46.3782,-131.0,280.0
46.3825,90.0,280.0
46.3876,175.0,280.0
46.3924,-80.0,280.0
46.3978,-278.0,282.0
46.403,-8.0,280.0
46.4078,326.0,284.0
46.4125,116.0,282.0
46.4176,-246.0,284.0
46.4228,-155.0,286.0
46.4279,82.0,286.0
46.4326,107.0,284.0
46.438,76.0,284.0
46.4425,-9.0,280.0
46.4476,-148.0,278.0
46.4528,-73.0,278.0
46.4575,93.0,274.0
46.4632,43.0,274.0
46.4679,-4.0,272.0
46.4726,133.0,274.0
46.4776,54.0,274.0
46.4828,-314.0,278.0
46.4873,-263.0,280.0
46.4925,291.0,284.0
46.4975,407.0,290.0
46.5025,-83.0,290.0
46.5077,-296.0,292.0
46.5125,-69.0,292.0
46.518,24.0,288.0
46.523,22.0,286.0
46.5275,169.0,284.0
46.5324,112.0,284.0
46.5376,-208.0,282.0
46.543,-140.0,282.0
46.5475,216.0,280.0
46.5524,50.0,278.0
46.5574,-264.0,280.0
46.5626,46.0,278.0
46.5674,259.0,282.0
46.573,-113.0,282.0
46.5779,-151.0,282.0
46.5825,153.0,284.0
46.5875,29.0,278.0
46.5926,-142.0,280.0
46.5977,34.0,276.0
46.6032,76.0,278.0
46.608,-67.0,276.0
46.6123,9.0,274.0
46.6176,94.0,274.0
46.6226,-55.0,274.0
46.6279,-67.0,272.0
46.6325,45.0,270.0
46.638,-57.0,268.0
46.6425,-50.0,266.0
46.6473,197.0,264.0
46.6527,114.0,266.0
46.6582,-215.0,266.0
46.6631,-157.0,266.0
46.6673,103.0,266.0
46.6723,82.0,264.0
46.6776,-23.0,264.0
46.6823,58.0,262.0
46.6874,108.0,262.0
46.6926,-103.0,262.0
46.6976,-241.0,266.0
46.7025,14.0,264.0
46.708,195.0,264.0
46.7125,31.0,262.0
46.7175,19.0,254.0
46.7224,109.0,252.0
46.7276,-155.0,244.0
46.7325,-320.0,244.0
46.7375,78.0,238.0
46.7425,349.0,238.0
46.7475,31.0,236.0
46.7525,-120.0,236.0
46.7574,71.0,238.0
46.7627,-142.0,238.0
46.7675,-366.0,242.0
46.7725,172.0,244.0
46.7775,597.0,250.0
46.7824,7.0,250.0
46.7876,-565.0,256.0
46.7925,-141.0,254.0
46.7976,332.0,256.0
46.8025,91.0,250.0
46.8075,-126.0,248.0
46.8124,31.0,244.0
46.8178,83.0,242.0
46.8227,-67.0,240.0
46.8275,-126.0,242.0
46.8326,1.0,242.0
46.8375,129.0,242.0
46.8424,83.0,240.0
46.8474,-73.0,240.0
46.8525,-129.0,240.0
46.8577,16.0,238.0
46.8624,135.0,240.0
46.8675,0.0,240.0
46.8725,-121.0,240.0
46.8774,10.0,240.0
46.8826,98.0,242.0
46.8875,-25.0,242.0
46.8925,-75.0,242.0
46.8975,50.0,240.0
46.9025,49.0,238.0
46.9076,-82.0,238.0
46.9125,-4.0,236.0
46.9174,89.0,236.0
46.9226,-64.0,236.0
46.9275,-56.0,236.0
46.9324,108.0,236.0
46.9374,12.0,234.0
46.9425,-90.0,236.0
46.9474,17.0,236.0
46.9524,29.0,236.0
46.9574,-30.0,234.0
46.9625,39.0,234.0
46.9677,27.0,232.0
46.9725,-128.0,234.0
46.9774,-15.0,232.0
46.9824,262.0,236.0
46.9873,21.0,236.0
46.9924,-393.0,240.0
46.9977,-60.0,240.0
47.0024,409.0,244.0
47.0074,98.0,244.0
47.0124,-280.0,246.0
47.0174,-75.0,246.0
47.0223,103.0,246.0
47.0275,-3.0,244.0
47.0324,26.0,242.0
47.0374,70.0,240.0
47.0424,-102.0,240.0
47.0475,-103.0,238.0
47.0524,150.0,238.0
47.0575,145.0,236.0
47.0624,-171.0,236.0
47.0674,-222.0,238.0
47.0724,152.0,240.0
47.0774,320.0,244.0
47.0824,-93.0,244.0
47.0877,-400.0,248.0
47.0924,0.0,248.0
47.0974,378.0,252.0
47.1024,77.0,252.0
47.1075,-209.0,256.0
47.1124,-62.0,254.0
47.1174,-27.0,254.0
47.1224,-49.0,250.0
47.1274,178.0,248.0
47.1324,137.0,246.0
47.1374,-152.0,242.0
47.1425,-78.0,242.0
47.1476,24.0,238.0
47.1524,-82.0,238.0
47.1574,47.0,238.0
47.1623,159.0,240.0
47.1674,-35.0,238.0
47.1728,-84.0,238.0
47.1773,54.0,236.0
47.1824,29.0,234.0
47.1874,-135.0,232.0
47.1924,-132.0,234.0
47.1974,174.0,232.0
47.2025,282.0,236.0
47.2074,-125.0,234.0
47.2126,-280.0,236.0
47.2174,50.0,234.0
47.2224,88.0,234.0
47.2276,-23.0,234.0
47.2324,187.0,234.0
47.2373,74.0,236.0
47.2425,-410.0,240.0
47.2474,-187.0,242.0
47.2524,468.0,250.0
47.258,269.0,252.0
47.2625,-348.0,256.0
47.2675,-202.0,258.0
47.2726,175.0,260.0
47.2775,-8.0,260.0
47.2826,-101.0,260.0
47.2876,198.0,260.0
47.2925,141.0,262.0
47.2975,-226.0,262.0
47.3024,-190.0,262.0
47.3076,125.0,262.0
47.3124,179.0,264.0
47.3175,-7.0,264.0
47.3225,-163.0,266.0
47.3275,-83.0,264.0
47.3325,191.0,266.0
47.3374,160.0,264.0
47.3426,-204.0,268.0
47.3474,-201.0,268.0
47.3525,133.0,270.0
47.3574,153.0,272.0
47.3624,-33.0,270.0
47.3674,-37.0,268.0
47.3724,2.0,264.0
47.3774,-33.0,264.0
47.3824,-36.0,258.0
47.3874,-17.0,258.0
47.3924,52.0,256.0
47.3975,139.0,258.0
47.4024,-29.0,256.0
47.4076,-205.0,254.0
47.4124,30.0,252.0
47.4175,176.0,244.0
47.4224,-94.0,246.0
47.4274,-160.0,240.0
47.4324,155.0,240.0
47.4374,242.0,238.0
47.4424,-112.0,240.0
47.4475,-326.0,242.0
47.4524,-24.0,242.0
47.4575,271.0,244.0
47.4625,133.0,246.0
47.4675,-83.0,246.0
47.4724,-127.0,248.0
47.4774,-114.0,248.0
47.4824,8.0,246.0
47.4875,211.0,248.0
47.4924,183.0,248.0
47.4974,-146.0,250.0
47.5024,-327.0,254.0
47.5074,-32.0,254.0
47.5128,284.0,256.0
47.5174,140.0,258.0
47.5226,-91.0,258.0
47.5274,-71.0,260.0
47.5325,-54.0,260.0
47.5375,-75.0,260.0
47.5425,25.0,260.0
47.5475,126.0,260.0
47.5525,102.0,262.0
47.5574,-15.0,260.0
47.5624,-156.0,262.0
47.5677,-145.0,264.0
47.5725,82.0,262.0
47.5775,195.0,266.0
47.5825,-7.0,264.0
47.5874,-127.0,266.0
47.5924,53.0,266.0
47.5975,78.0,268.0
47.6024,-186.0,270.0
47.6074,-104.0,270.0
47.6125,268.0,272.0
47.6174,109.0,274.0
47.6224,-236.0,274.0
47.6275,-15.0,274.0
47.6325,153.0,270.0
47.6374,-104.0,270.0
47.6424,-73.0,266.0
47.6474,113.0,266.0
47.6524,-40.0,262.0
47.6575,-12.0,262.0
47.6626,218.0,262.0
47.6674,-38.0,264.0
47.6725,-378.0,268.0
47.6774,-23.0,268.0
47.6825,425.0,274.0
47.6874,73.0,272.0
47.6924,-381.0,276.0
47.6974,-30.0,274.0
47.7024,311.0,276.0
47.7074,-52.0,274.0
47.7124,-232.0,276.0
47.7176,112.0,272.0
47.7224,150.0,272.0
47.7274,-160.0,270.0
47.7324,-100.0,270.0
47.7374,201.0,268.0
47.7424,86.0,268.0
47.7477,-173.0,268.0
47.7524,-7.0,266.0
47.7574,73.0,268.0
47.7625,-212.0,270.0
47.7675,-35.0,268.0
47.7725,436.0,272.0
47.7774,126.0,272.0
47.7825,-466.0,278.0
47.7874,-232.0,282.0
47.7925,322.0,286.0
47.7975,240.0,288.0
47.8027,-156.0,288.0
47.8075,-163.0,290.0
47.8124,19.0,290.0
47.8174,59.0,290.0
47.8224,116.0,290.0
47.8279,60.0,290.0
47.8326,-217.0,290.0
47.8375,-195.0,290.0
47.8424,194.0,290.0
47.8474,298.0,292.0
47.8524,-41.0,288.0
47.8577,-290.0,292.0
47.8624,-115.0,292.0
47.8674,155.0,294.0
47.8724,128.0,294.0
47.8774,2.0,292.0
47.8823,3.0,286.0
47.8874,-65.0,284.0
47.8925,-134.0,280.0
47.8974,49.0,276.0
47.9024,154.0,272.0
47.9074,-57.0,270.0
47.9128,-91.0,270.0
47.9174,144.0,272.0
47.9224,41.0,270.0
47.9274,-273.0,272.0
47.9328,-41.0,270.0
47.9374,358.0,272.0
47.9426,58.0,270.0
47.9474,-332.0,274.0
47.9524,-72.0,272.0
47.9574,209.0,274.0
47.9624,101.0,274.0
47.9674,-57.0,274.0
47.9725,-114.0,272.0
47.9775,-24.0,270.0
47.9824,63.0,268.0
47.9874,-22.0,266.0
47.9924,21.0,264.0
47.9974,133.0,262.0
48.0024,-69.0,264.0
48.0075,-173.0,266.0
48.0124,83.0,266.0
48.0174,103.0,268.0
48.0225,-120.0,270.0
48.0274,-10.0,270.0
48.0324,199.0,272.0
48.0374,-11.0,270.0
48.0425,-260.0,274.0
48.0473,-51.0,270.0
48.0524,211.0,274.0
48.0576,124.0,272.0
48.0624,-33.0,272.0
48.0674,-127.0,272.0
48.0724,-152.0,272.0
48.0774,92.0,268.0
48.0824,243.0,270.0
48.0875,-84.0,268.0
48.0924,-245.0,270.0
48.0974,60.0,268.0
48.1024,150.0,268.0
48.1073,2.0,266.0
48.1124,41.0,264.0
48.1174,-18.0,264.0
48.1224,-197.0,266.0
48.1274,-32.0,264.0
48.1324,199.0,264.0
48.1374,54.0,262.0
48.1425,-131.0,260.0
48.148,-19.0,260.0
48.1524,127.0,256.0
48.1574,-13.0,254.0
48.1624,-177.0,256.0
48.1675,40.0,256.0
48.1727,214.0,258.0
48.1774,-61.0,258.0
48.1824,-237.0,262.0
48.1874,29.0,260.0
48.1924,230.0,262.0
48.1975,37.0,262.0
48.2024,-162.0,262.0
48.2075,-50.0,260.0
48.2124,62.0,260.0
48.2174,-15.0,258.0
48.2223,-6.0,258.0
48.2274,98.0,256.0
48.2326,13.0,256.0
48.2375,-138.0,258.0
48.2429,-9.0,254.0
48.2474,169.0,256.0
48.2525,-62.0,252.0
48.2574,-246.0,254.0
48.2625,148.0,254.0
48.2673,310.0,258.0
48.2724,-195.0,258.0
48.2775,-254.0,260.0
48.2823,225.0,264.0
48.2876,115.0,264.0
48.2924,-216.0,266.0
48.2974,-31.0,266.0
48.3025,79.0,264.0
48.3075,19.0,264.0
48.3127,163.0,260.0
48.3175,37.0,260.0
48.3224,-317.0,258.0
48.3274,-165.0,260.0
48.3324,234.0,258.0
48.3374,220.0,260.0
48.3429,-25.0,256.0
48.3475,-110.0,258.0
48.3524,-89.0,256.0
48.3574,-58.0,254.0
48.3624,65.0,254.0
48.3674,132.0,252.0
48.3726,-22.0,252.0
48.3776,-90.0,250.0
48.3823,48.0,250.0
48.3874,9.0,246.0
48.3924,-125.0,248.0
48.3973,53.0,248.0
48.4024,188.0,248.0
48.4075,-66.0,248.0
48.4124,-193.0,244.0
48.4174,24.0,242.0
48.4224,139.0,238.0
48.4275,22.0,234.0
48.4326,-72.0,230.0
48.4375,-31.0,228.0
48.4424,49.0,226.0
48.4474,51.0,224.0
48.4524,-62.0,224.0
48.4576,-146.0,226.0
48.4626,26.0,224.0
48.4674,274.0,228.0
48.4724,96.0,226.0
48.4773,-316.0,228.0
48.4826,-216.0,228.0
48.4875,209.0,226.0
48.4925,205.0,230.0
48.4974,-17.0,224.0
48.5023,-55.0,224.0
48.5075,-117.0,224.0
48.5125,-101.0,222.0
48.5175,132.0,226.0
48.5224,125.0,226.0
48.5274,-91.0,228.0
48.5324,-25.0,226.0
48.5376,66.0,226.0
48.5426,-86.0,224.0
48.5475,-57.0,224.0
48.5524,135.0,226.0
48.5573,51.0,224.0
48.5623,-115.0,226.0
48.5675,-32.0,222.0
48.5726,40.0,222.0
48.5775,-31.0,216.0
48.5825,27.0,216.0
48.5873,126.0,212.0
48.5924,-17.0,212.0
48.5976,-164.0,212.0
48.6025,-52.0,210.0
48.6075,84.0,210.0
48.6123,90.0,210.0
48.6173,45.0,210.0
48.6225,-77.0,210.0
48.628,-92.0,212.0
48.6324,86.0,214.0
48.6375,30.0,212.0
48.6424,-126.0,212.0
48.6473,71.0,210.0
48.6526,115.0,212.0
48.6576,-171.0,212.0
48.6626,-27.0,210.0
48.6675,247.0,214.0
48.6725,-77.0,212.0
48.6776,-241.0,216.0
48.6825,167.0,214.0
48.6875,151.0,216.0
48.6925,-236.0,216.0
48.6974,-71.0,216.0
48.7024,233.0,218.0
48.7073,55.0,218.0
48.7125,-129.0,218.0
48.7176,-17.0,216.0
48.7225,-10.0,212.0
48.7274,-109.0,214.0
48.7323,97.0,210.0
48.7375,247.0,214.0
48.7424,-128.0,214.0
48.7476,-289.0,218.0
48.7524,149.0,220.0
48.7573,224.0,222.0
48.7624,-192.0,222.0
48.7674,-107.0,224.0
48.7727,243.0,224.0
48.7774,17.0,224.0
48.7825,-243.0,226.0
48.7874,14.0,226.0
48.7924,176.0,226.0
48.7976,-37.0,226.0
48.8024,-156.0,226.0
48.8074,94.0,228.0
48.8124,297.0,228.0
48.8174,-124.0,230.0
48.8224,-503.0,234.0
48.8275,45.0,234.0
48.8325,555.0,240.0
48.8374,86.0,240.0
48.8425,-386.0,244.0
48.8474,-131.0,244.0
48.8526,143.0,246.0
48.8574,58.0,246.0
48.8626,12.0,246.0
48.8674,49.0,246.0
48.8725,-54.0,246.0
48.8774,-133.0,246.0
48.8824,62.0,248.0
48.8874,193.0,248.0
48.8925,-107.0,248.0
48.8974,-255.0,248.0
48.9024,200.0,250.0
48.9075,331.0,250.0
48.9124,-270.0,250.0
48.9175,-376.0,252.0
48.9225,222.0,252.0
48.9274,290.0,256.0
48.9324,-70.0,254.0
48.9375,-59.0,254.0
48.9424,-63.0,254.0
48.9475,-186.0,256.0
48.9525,92.0,254.0
48.9578,288.0,258.0
48.9623,-40.0,254.0
48.9674,-202.0,254.0
48.9726,-13.0,252.0
48.9775,-3.0,248.0
48.9824,9.0,248.0
48.9873,215.0,250.0
48.9924,65.0,250.0
48.9974,-301.0,252.0
49.0025,-181.0,254.0
49.0075,188.0,256.0
49.0124,257.0,260.0
49.0174,47.0,258.0
49.0224,-212.0,262.0
49.0278,-214.0,264.0
49.0325,71.0,264.0
49.0376,195.0,266.0
49.0423,39.0,264.0
49.0473,-60.0,264.0
49.0524,-52.0,262.0
49.0577,-28.0,262.0
49.0625,39.0,260.0
49.0676,-6.0,260.0
49.0724,-137.0,260.0
49.0773,76.0,262.0
49.0824,354.0,266.0
49.0876,-26.0,266.0
49.0926,-495.0,272.0
49.0976,-144.0,272.0
49.1023,377.0,278.0
49.1075,232.0,278.0
49.1126,-114.0,278.0
49.1176,-95.0,274.0
49.1224,-6.0,270.0
49.1274,-132.0,270.0
49.1324,-103.0,268.0
49.1375,221.0,270.0
49.1425,272.0,274.0
49.1476,-158.0,274.0
49.1526,-314.0,278.0
49.1573,133.0,278.0
49.1624,235.0,280.0
49.1674,-252.0,282.0
49.1727,-185.0,286.0
49.1775,401.0,290.0
49.1824,235.0,292.0
49.1874,-413.0,298.0
49.1923,-274.0,300.0
49.1974,288.0,304.0
49.2025,192.0,306.0
49.2076,-163.0,308.0
49.2124,-44.0,308.0
49.2174,129.0,308.0
49.2224,-16.0,308.0
49.2274,-130.0,308.0
49.2325,-45.0,310.0
49.2374,68.0,308.0
49.2423,79.0,308.0
49.2473,58.0,308.0
49.2524,33.0,306.0
49.2577,-140.0,308.0
49.2625,-194.0,310.0
49.2675,105.0,310.0
49.2724,217.0,312.0
49.2773,-43.0,312.0
49.2826,-90.0,312.0
49.2875,87.0,312.0
49.2925,-18.0,310.0
49.2976,-204.0,312.0
49.3023,2.0,310.0
49.3074,257.0,312.0
49.3123,49.0,310.0
49.3176,-190.0,310.0
49.3225,-15.0,308.0
49.3274,68.0,306.0
49.3324,-94.0,304.0
49.3373,-1.0,302.0
49.3427,179.0,302.0
49.3476,38.0,302.0
49.3527,-163.0,302.0
49.3575,-106.0,304.0
49.3625,80.0,304.0
49.3675,113.0,304.0
49.3733,-39.0,304.0
49.3774,-74.0,302.0
49.3824,80.0,300.0
49.3873,47.0,296.0
49.3924,-123.0,296.0
49.3978,-24.0,294.0
49.4024,105.0,292.0
49.4075,-18.0,290.0
49.4124,-37.0,288.0
49.4173,37.0,288.0
49.4224,-62.0,284.0
49.4274,18.0,284.0
49.4326,194.0,286.0
49.4374,-117.0,286.0
49.4425,-321.0,288.0
49.4473,176.0,290.0
49.4526,368.0,292.0
49.4574,-137.0,292.0
49.4626,-279.0,288.0
49.4674,21.0,288.0
49.4723,90.0,280.0
49.4773,92.0,280.0
49.4824,90.0,276.0
49.4876,-140.0,276.0
49.4925,-173.0,276.0
49.4975,112.0,278.0
49.5024,154.0,280.0
49.5074,-38.0,280.0
49.5126,-85.0,280.0
49.5175,-32.0,278.0
49.5226,22.0,278.0
49.5274,68.0,276.0
49.5324,1.0,274.0
49.5374,-72.0,272.0
49.5426,21.0,268.0
49.5476,78.0,264.0
49.5524,-63.0,262.0
49.5574,-120.0,258.0
49.5624,64.0,254.0
49.5674,169.0,252.0
49.5726,-2.0,252.0
49.5776,-115.0,252.0
49.5824,-40.0,252.0
49.5874,-71.0,250.0
49.5924,-22.0,250.0
49.5976,243.0,248.0
49.6025,125.0,250.0
49.6075,-276.0,252.0
49.6124,-138.0,254.0
49.6173,218.0,256.0
49.6223,70.0,258.0
49.6274,-155.0,256.0
49.6325,-23.0,256.0
49.6375,92.0,252.0
49.6424,19.0,250.0
49.6473,-31.0,248.0
49.6525,11.0,244.0
49.6576,55.0,244.0
49.6624,-58.0,242.0
49.6675,-186.0,240.0
49.6724,-6.0,240.0
49.6778,282.0,242.0
49.6825,222.0,244.0
49.6876,-193.0,246.0
49.6926,-417.0,252.0
49.6975,-29.0,252.0
49.7023,402.0,258.0
49.7073,180.0,260.0
49.7123,-202.0,262.0
49.7175,-138.0,262.0
49.7224,4.0,256.0
49.7273,-3.0,256.0
49.7323,107.0,250.0
49.7373,91.0,250.0
49.7426,-200.0,246.0
49.7476,-104.0,244.0
49.7525,272.0,248.0
49.7573,82.0,248.0
49.7624,-251.0,250.0
49.7674,-9.0,248.0
49.7726,179.0,250.0
49.7775,-86.0,248.0
49.7824,-141.0,246.0
49.7873,83.0,244.0
49.7923,96.0,242.0
49.7974,84.0,240.0
49.8025,47.0,238.0
49.8076,-298.0,238.0
49.8124,-248.0,240.0
49.8173,367.0,238.0
49.8223,339.0,240.0
49.8274,-249.0,238.0
49.8325,-222.0,238.0
49.8375,77.0,234.0
49.8427,-23.0,232.0
49.8474,31.0,230.0
49.8525,253.0,232.0
49.8575,-80.0,232.0
49.8624,-396.0,238.0
49.8676,120.0,238.0
49.8723,464.0,244.0
49.8774,-140.0,246.0
49.8823,-471.0,252.0
49.8875,84.0,252.0
49.8924,392.0,258.0
49.8975,21.0,256.0
49.9024,-244.0,256.0
49.9074,-60.0,256.0
49.9126,117.0,254.0
49.9173,3.0,254.0
49.9226,-67.0,252.0
49.9274,63.0,252.0
49.9323,37.0,252.0
49.9374,-72.0,250.0
49.9423,55.0,252.0
49.9475,37.0,248.0
49.9526,-208.0,250.0
49.9573,0.0,248.0
49.9623,338.0,252.0
49.9675,-28.0,252.0
49.9727,-366.0,256.0
49.9774,57.0,258.0
49.9825,265.0,258.0
49.9874,-89.0,260.0
49.9923,-65.0,258.0
49.9975,128.0,258.0
50.0025,-156.0,260.0
