Time_s,Raw_EMG,Envelope_EMG
0.0004,-26.0,242.0
0.0007,-161.0,244.0
0.0011,-95.0,244.0
0.0012,193.0,246.0
0.0015,184.0,246.0
0.0017,-204.0,248.0
0.0019,-184.0,250.0
0.0022,225.0,252.0
0.0024,157.0,250.0
0.0026,-275.0,254.0
0.0029,-189.0,256.0
0.0031,286.0,258.0
0.0034,266.0,260.0
0.0036,-168.0,262.0
0.0039,-292.0,264.0
0.0041,-64.0,266.0
0.0043,207.0,266.0
0.0046,263.0,270.0
0.0049,-37.0,270.0
0.0052,-258.0,272.0
0.0054,-99.0,272.0
0.0055,27.0,272.0
0.0057,74.0,270.0
0.0058,217.0,274.0
0.0062,77.0,272.0
0.0065,-281.0,274.0
0.0067,-198.0,276.0
0.0069,223.0,274.0
0.0071,225.0,276.0
0.0073,-161.0,276.0
0.0075,-165.0,274.0
0.0076,96.0,274.0
0.0078,-1.0,268.0
0.0082,-55.0,268.0
0.0085,200.0,270.0
0.0087,100.0,270.0
0.009,-270.0,274.0
0.0096,-168.0,274.0
0.0099,179.0,276.0
0.0102,139.0,272.0
0.0106,-90.0,274.0
0.0108,-57.0,270.0
0.0109,141.0,270.0
0.0111,76.0,268.0
0.0114,-231.0,270.0
0.0117,-182.0,272.0
0.0119,195.0,276.0
0.0121,162.0,276.0
0.0124,-114.0,276.0
0.0126,28.0,272.0
0.0128,197.0,274.0
0.0131,-129.0,270.0
0.0134,-382.0,276.0
0.0136,-35.0,270.0
0.0138,386.0,276.0
0.014,270.0,278.0
0.0144,-148.0,278.0
0.0147,-298.0,282.0
0.0151,-73.0,280.0
0.0154,134.0,282.0
0.0157,89.0,280.0
0.0158,5.0,280.0
0.016,27.0,280.0
0.0162,-19.0,280.0
0.0165,-157.0,282.0
0.0168,-41.0,282.0
0.0169,253.0,284.0
0.0171,95.0,286.0
0.0173,-280.0,288.0
0.0175,-76.0,288.0
0.0178,227.0,292.0
0.018,-23.0,290.0
0.0181,-136.0,292.0
0.0183,134.0,292.0
0.0185,62.0,294.0
0.0186,-181.0,294.0
0.0188,-8.0,294.0
0.0189,178.0,296.0
0.0191,-58.0,296.0
0.0193,-236.0,296.0
0.0194,98.0,298.0
0.0196,381.0,298.0
0.0197,-18.0,298.0
0.0199,-445.0,302.0
0.0201,-134.0,304.0
0.0204,304.0,308.0
0.0207,182.0,310.0
0.0211,-82.0,308.0
0.0214,-78.0,306.0
0.0217,-28.0,304.0
0.0221,-8.0,300.0
0.0222,20.0,300.0
0.0224,-91.0,298.0
0.0226,-32.0,298.0
0.0228,317.0,300.0
0.0229,131.0,300.0
0.0231,-451.0,304.0
0.0233,-208.0,306.0
0.0234,387.0,308.0
0.0236,159.0,310.0
0.0238,-199.0,308.0
0.0241,-5.0,308.0
0.0243,24.0,304.0
0.0245,-153.0,306.0
0.0248,14.0,306.0
0.025,188.0,310.0
0.0252,78.0,306.0
0.0254,-36.0,306.0
0.0257,-134.0,304.0
0.026,-169.0,306.0
0.0264,39.0,306.0
0.0266,232.0,308.0
0.0269,100.0,306.0
0.0273,-124.0,306.0
0.0275,-126.0,304.0
0.0278,-3.0,304.0
0.028,40.0,302.0
0.0282,30.0,298.0
0.0284,33.0,298.0
0.0286,19.0,292.0
0.0288,-25.0,290.0
0.0291,-68.0,286.0
0.0293,-25.0,284.0
0.0295,84.0,282.0
0.0297,59.0,282.0
0.0299,-79.0,282.0
0.0301,-54.0,282.0
0.0303,68.0,282.0
0.0304,6.0,280.0
0.0307,-62.0,280.0
0.0308,88.0,280.0
0.0311,85.0,278.0
0.0313,-211.0,278.0
0.0315,-164.0,278.0
0.0316,283.0,278.0
0.0318,260.0,280.0
0.032,-233.0,280.0
0.0325,-270.0,280.0
0.0329,102.0,280.0
0.0331,163.0,278.0
0.0334,-11.0,274.0
0.0337,-41.0,272.0
0.034,18.0,268.0
0.0342,7.0,266.0
0.0345,-100.0,264.0
0.0348,-65.0,262.0
0.0351,181.0,264.0
0.0354,153.0,262.0
0.0357,-183.0,264.0
0.0365,-185.0,266.0
0.0367,98.0,266.0
0.0369,112.0,264.0
0.0372,-11.0,264.0
0.0374,23.0,260.0
0.0376,-5.0,256.0
0.0379,-121.0,254.0
0.0381,-34.0,252.0
0.0384,119.0,252.0
0.0388,60.0,250.0
0.0391,-40.0,248.0
0.0393,-20.0,250.0
0.0396,-38.0,248.0
0.0398,-55.0,246.0
0.04,63.0,246.0
0.0402,98.0,244.0
0.0404,-29.0,242.0
0.0405,-64.0,240.0
0.0407,-49.0,238.0
0.0408,-47.0,238.0
0.0411,115.0,238.0
0.0413,177.0,238.0
0.0414,-89.0,238.0
0.0417,-198.0,238.0
0.0419,20.0,236.0
0.0421,48.0,234.0
0.0423,-57.0,232.0
0.0426,139.0,232.0
0.0428,217.0,236.0
0.0431,-168.0,234.0
0.0434,-334.0,238.0
0.0435,40.0,232.0
0.0437,286.0,236.0
0.0438,91.0,232.0
0.044,-134.0,230.0
0.0442,-136.0,230.0
0.0443,17.0,226.0
0.0445,92.0,226.0
0.0447,-18.0,224.0
0.0449,10.0,222.0
0.0451,100.0,224.0
0.0452,-104.0,226.0
0.0454,-145.0,228.0
0.0456,119.0,226.0
0.0457,66.0,226.0
0.0459,-58.0,224.0
0.046,97.0,224.0
0.0462,11.0,220.0
0.0463,-212.0,222.0
0.0465,-48.0,220.0
0.0467,193.0,222.0
0.0468,132.0,222.0
0.047,-68.0,220.0
0.0472,-156.0,222.0
0.0473,-72.0,220.0
0.0475,57.0,222.0
0.0476,148.0,220.0
0.0478,104.0,222.0
0.048,-120.0,220.0
0.0481,-201.0,222.0
0.0483,30.0,216.0
0.0484,192.0,218.0
0.0486,16.0,212.0
0.0488,-173.0,212.0
0.0489,5.0,208.0
0.049,198.0,208.0
0.0492,-18.0,206.0
0.0494,-154.0,208.0
0.0495,0.0,208.0
0.0496,-38.0,208.0
0.0498,-7.0,208.0
0.0499,223.0,210.0
0.0501,37.0,210.0
0.0502,-179.0,208.0
0.0504,0.0,206.0
0.0505,-62.0,200.0
0.0507,-141.0,198.0
0.0509,225.0,196.0
0.0511,260.0,198.0
0.0513,-152.0,198.0
0.0515,-202.0,200.0
0.0517,-16.0,200.0
0.0519,-8.0,198.0
0.0521,92.0,198.0
0.0523,181.0,198.0
0.0525,-70.0,198.0
0.0527,-178.0,200.0
0.0528,42.0,200.0
0.053,24.0,198.0
0.0531,-51.0,198.0
0.0533,158.0,196.0
0.0534,91.0,196.0
0.0536,-238.0,198.0
0.0538,-114.0,198.0
0.0539,172.0,200.0
0.0541,47.0,200.0
0.0542,-41.0,200.0
0.0543,81.0,202.0
0.0545,-76.0,202.0
0.0547,-161.0,204.0
0.0548,189.0,206.0
0.055,155.0,208.0
0.0552,-281.0,212.0
0.0553,-117.0,212.0
0.0555,282.0,216.0
0.0556,68.0,216.0
0.0558,-184.0,218.0
0.0559,1.0,218.0
0.0561,59.0,218.0
0.0562,-69.0,218.0
0.0564,37.0,216.0
0.0565,92.0,214.0
0.0568,-105.0,214.0
0.057,-68.0,210.0
0.0573,155.0,208.0
0.0575,34.0,206.0
0.058,-184.0,204.0
0.0583,-11.0,202.0
0.0585,178.0,202.0
0.0588,-6.0,202.0
0.059,-140.0,204.0
0.0593,30.0,204.0
0.0595,102.0,206.0
0.0597,-65.0,206.0
0.0599,-91.0,206.0
0.0601,91.0,204.0
0.0603,94.0,204.0
0.0605,-94.0,202.0
0.0606,-77.0,200.0
0.0608,87.0,200.0
0.0611,41.0,200.0
0.0613,-82.0,200.0
0.0615,-16.0,200.0
0.0616,66.0,202.0
0.0617,9.0,200.0
0.0619,-8.0,200.0
0.062,0.0,198.0
0.0622,-108.0,198.0
0.0623,-45.0,198.0
0.0625,217.0,202.0
0.0629,113.0,202.0
0.0631,-198.0,204.0
0.0634,-125.0,206.0
0.0636,38.0,204.0
0.0638,28.0,204.0
0.0639,113.0,206.0
0.0641,110.0,206.0
0.0643,-137.0,208.0
0.0645,-153.0,208.0
0.0646,94.0,206.0
0.0648,54.0,206.0
0.065,-114.0,206.0
0.0651,78.0,206.0
0.0653,192.0,208.0
0.0655,-107.0,208.0
0.0657,-200.0,210.0
0.0658,51.0,208.0
0.066,94.0,206.0
0.0662,-25.0,202.0
0.0663,22.0,202.0
0.0664,49.0,198.0
0.0666,-64.0,196.0
0.0668,-51.0,196.0
0.0669,72.0,194.0
0.0671,-10.0,194.0
0.0672,-127.0,196.0
0.0674,85.0,196.0
0.0675,218.0,200.0
0.0677,-87.0,200.0
0.0679,-244.0,202.0
0.068,12.0,200.0
0.0681,154.0,200.0
0.0683,60.0,200.0
0.0686,-18.0,200.0
0.0689,-91.0,200.0
0.0694,-78.0,200.0
0.0698,101.0,198.0
0.0701,140.0,200.0
0.0703,-96.0,198.0
0.0705,-202.0,200.0
0.0706,61.0,200.0
0.0708,236.0,200.0
0.0709,-13.0,200.0
0.0711,-181.0,202.0
0.0712,-1.0,200.0
0.0714,55.0,198.0
0.0717,-36.0,198.0
0.0719,40.0,194.0
0.0721,97.0,196.0
0.0722,-37.0,194.0
0.0724,-124.0,194.0
0.0726,-31.0,192.0
0.0727,95.0,194.0
0.0728,93.0,192.0
0.073,-31.0,192.0
0.0732,-115.0,192.0
0.0733,-26.0,192.0
0.0735,105.0,194.0
0.0736,58.0,194.0
0.0738,-61.0,192.0
0.0739,-71.0,192.0
0.0741,-10.0,190.0
0.0742,56.0,190.0
0.0744,50.0,190.0
0.0745,-22.0,188.0
0.0747,-19.0,186.0
0.0749,17.0,182.0
0.0751,-22.0,180.0
0.0753,-46.0,178.0
0.0754,7.0,176.0
0.0756,31.0,178.0
0.0758,24.0,176.0
0.076,76.0,174.0
0.0761,2.0,174.0
0.0763,-213.0,174.0
0.0765,-93.0,174.0
0.0766,267.0,178.0
0.0768,192.0,180.0
0.077,-202.0,182.0
0.0772,-233.0,184.0
0.0773,78.0,182.0
0.0775,185.0,182.0
0.0776,13.0,180.0
0.0778,-72.0,180.0
0.078,-35.0,180.0
0.0781,-28.0,180.0
0.0782,30.0,178.0
0.0784,54.0,176.0
0.0785,-64.0,174.0
0.0787,-21.0,172.0
0.0788,129.0,170.0
0.079,6.0,168.0
0.0791,-143.0,166.0
0.0793,-21.0,166.0
0.0794,55.0,164.0
0.0795,-8.0,164.0
0.0797,55.0,164.0
0.0798,91.0,164.0
0.08,-69.0,164.0
0.0801,-119.0,166.0
0.0803,-4.0,164.0
0.0804,0.0,162.0
0.0805,28.0,160.0
0.0807,196.0,164.0
0.0809,70.0,162.0
0.0811,-293.0,166.0
0.0813,-189.0,166.0
0.0817,212.0,170.0
0.0819,180.0,170.0
0.0825,-58.0,170.0
0.0827,-17.0,168.0
0.0829,-38.0,168.0
0.0831,-215.0,170.0
0.0832,33.0,170.0
0.0834,415.0,174.0
0.0836,66.0,174.0
0.0838,-480.0,180.0
0.0841,-203.0,182.0
0.0843,361.0,188.0
0.0846,258.0,190.0
0.0847,-141.0,192.0
0.0849,-170.0,194.0
0.0851,-10.0,194.0
0.0855,36.0,194.0
0.0856,6.0,194.0
0.0858,-10.0,192.0
0.0865,80.0,194.0
0.0867,141.0,192.0
0.0869,-104.0,192.0
0.0871,-317.0,194.0
0.0873,8.0,192.0
0.0875,383.0,198.0
0.0914,126.0,198.0
0.0962,-292.0,202.0
0.1012,-186.0,202.0
0.1066,122.0,202.0
0.1116,137.0,202.0
0.1163,9.0,200.0
0.1214,-37.0,200.0
0.1264,-48.0,200.0
0.1313,-50.0,200.0
0.1363,-3.0,196.0
0.1415,99.0,196.0
0.1465,114.0,194.0
0.1513,-80.0,196.0
0.1567,-206.0,196.0
0.1615,-9.0,196.0
0.1663,195.0,200.0
0.1724,98.0,200.0
0.1763,-116.0,200.0
0.1813,-125.0,202.0
0.1863,116.0,202.0
0.1914,116.0,204.0
0.1966,-240.0,206.0
0.2016,-120.0,206.0
0.2065,336.0,208.0
0.2116,114.0,208.0
0.2163,-280.0,210.0
0.2215,-49.0,210.0
0.2268,137.0,210.0
0.2315,-60.0,210.0
0.2364,-35.0,210.0
0.2414,145.0,210.0
0.2464,26.0,210.0
0.2514,-173.0,212.0
0.2564,-87.0,210.0
0.2614,146.0,212.0
0.2663,153.0,210.0
0.2713,-88.0,210.0
0.2765,-152.0,210.0
0.2817,46.0,210.0
0.2865,85.0,208.0
0.2913,-53.0,210.0
0.2972,-10.0,208.0
0.3013,85.0,210.0
0.3068,-40.0,210.0
0.3116,-100.0,210.0
0.3163,85.0,210.0
0.3214,77.0,210.0
0.3263,-137.0,212.0
0.3317,-37.0,210.0
0.3364,173.0,212.0
0.3413,11.0,212.0
0.3465,-162.0,212.0
0.3521,-11.0,212.0
0.3563,97.0,212.0
0.3622,13.0,210.0
0.3668,-15.0,210.0
0.3714,2.0,210.0
0.3765,-13.0,210.0
0.3815,1.0,208.0
0.3864,-32.0,208.0
0.3917,-71.0,208.0
0.3964,63.0,210.0
0.4013,161.0,212.0
0.4063,-1.0,212.0
0.4114,-174.0,214.0
0.4163,-90.0,214.0
0.4213,94.0,216.0
0.4263,108.0,216.0
0.4313,14.0,216.0
0.4364,-60.0,216.0
0.4412,-96.0,216.0
0.4464,44.0,214.0
0.4514,156.0,212.0
0.4564,-100.0,212.0
0.4615,-216.0,212.0
0.4663,156.0,210.0
0.4713,247.0,212.0
0.4763,-145.0,212.0
0.4824,-197.0,216.0
0.4866,99.0,216.0
0.4913,75.0,216.0
0.4963,-82.0,216.0
0.5013,43.0,218.0
0.5062,99.0,218.0
0.512,-81.0,218.0
0.5164,-104.0,220.0
0.5215,30.0,218.0
0.5263,53.0,218.0
0.5313,34.0,216.0
0.5365,32.0,218.0
0.5414,-40.0,216.0
0.5463,-81.0,218.0
0.5514,-7.0,218.0
0.5564,36.0,216.0
0.5614,46.0,216.0
0.5665,59.0,216.0
0.5713,-43.0,216.0
0.5765,-114.0,218.0
0.5814,37.0,218.0
0.5863,111.0,216.0
0.5913,-72.0,216.0
0.5963,-129.0,214.0
0.6013,106.0,212.0
0.6063,199.0,212.0
0.6113,-65.0,210.0
0.6162,-247.0,214.0
0.6212,-38.0,214.0
0.6263,199.0,216.0
0.6314,119.0,214.0
0.6362,-89.0,216.0
0.6413,-132.0,212.0
0.6462,0.0,210.0
0.6514,100.0,204.0
0.6565,45.0,202.0
0.6613,-44.0,196.0
0.6663,-53.0,194.0
0.6719,-27.0,192.0
0.6764,23.0,190.0
0.6813,100.0,190.0
0.6863,39.0,190.0
0.6915,-151.0,194.0
0.6963,-106.0,194.0
0.7013,151.0,196.0
0.7063,124.0,196.0
0.7115,-114.0,196.0
0.7171,-65.0,192.0
0.7213,99.0,194.0
0.7263,0.0,188.0
0.7319,-104.0,186.0
0.7363,1.0,182.0
0.7413,49.0,180.0
0.7464,18.0,178.0
0.7517,58.0,178.0
0.7563,12.0,178.0
0.762,-107.0,178.0
0.7663,-50.0,178.0
0.7713,42.0,178.0
0.7765,14.0,178.0
0.7813,59.0,178.0
0.7862,80.0,178.0
0.7913,-98.0,178.0
0.7969,-145.0,176.0
0.8012,46.0,178.0
0.8064,125.0,176.0
0.8112,34.0,176.0
0.8163,-39.0,174.0
0.8214,-67.0,174.0
0.8264,-31.0,172.0
0.8315,52.0,170.0
0.8364,33.0,168.0
0.8412,-45.0,166.0
0.8462,1.0,162.0
0.8513,66.0,160.0
0.8564,-7.0,156.0
0.8615,-71.0,156.0
0.8663,-26.0,154.0
0.8716,19.0,154.0
0.8763,57.0,154.0
0.8814,80.0,154.0
0.8863,-45.0,154.0
0.8915,-182.0,154.0
0.8963,-26.0,152.0
0.9013,213.0,154.0
0.9068,128.0,154.0
0.9112,-124.0,154.0
0.9163,-169.0,154.0
0.9214,-30.0,154.0
0.9265,109.0,154.0
0.9312,151.0,156.0
0.9364,-28.0,156.0
0.9413,-206.0,158.0
0.9462,8.0,158.0
0.9514,213.0,160.0
0.9562,-31.0,158.0
0.9614,-168.0,160.0
0.9662,64.0,158.0
0.9713,65.0,160.0
0.9763,-124.0,158.0
0.9812,52.0,160.0
0.9862,211.0,160.0
0.9913,-112.0,162.0
0.9966,-251.0,164.0
1.0014,101.0,166.0
1.0062,185.0,168.0
1.0112,-79.0,170.0
1.0162,-62.0,170.0
1.0212,98.0,172.0
1.0262,-4.0,172.0
1.0312,-146.0,172.0
1.0362,-48.0,172.0
1.0412,169.0,172.0
1.0462,166.0,174.0
1.0513,-114.0,174.0
1.0563,-224.0,176.0
1.0614,26.0,174.0
1.0662,182.0,176.0
1.0712,-27.0,176.0
1.0764,-152.0,178.0
1.0812,129.0,178.0
1.0863,235.0,182.0
1.0914,-173.0,182.0
1.0963,-334.0,184.0
1.1021,71.0,182.0
1.1064,282.0,184.0
1.1114,49.0,182.0
1.1164,-107.0,182.0
1.1213,-58.0,178.0
1.1263,-10.0,178.0
1.1317,14.0,176.0
1.1363,13.0,176.0
1.1415,-29.0,176.0
1.1468,-3.0,174.0
1.1513,78.0,174.0
1.1563,51.0,172.0
1.1618,-84.0,174.0
1.1663,-125.0,174.0
1.1717,32.0,174.0
1.1764,166.0,176.0
1.1813,50.0,178.0
1.1863,-130.0,178.0
1.1914,-111.0,180.0
1.1963,30.0,180.0
1.2013,100.0,180.0
1.2063,48.0,180.0
1.2113,-30.0,180.0
1.2164,-52.0,178.0
1.2213,-41.0,178.0
1.2263,4.0,178.0
1.2313,84.0,178.0
1.2364,69.0,176.0
1.2414,-106.0,176.0
1.2464,-162.0,176.0
1.2514,111.0,176.0
1.2566,221.0,176.0
1.2614,-96.0,178.0
1.2664,-175.0,176.0
1.2714,88.0,176.0
1.2764,50.0,176.0
1.2813,-116.0,176.0
1.2863,45.0,176.0
1.2914,145.0,176.0
1.2963,-70.0,178.0
1.3013,-120.0,178.0
1.3071,89.0,178.0
1.3119,51.0,180.0
1.3163,-149.0,182.0
1.3212,12.0,180.0
1.3262,193.0,182.0
1.3312,-52.0,180.0
1.3369,-154.0,182.0
1.3414,72.0,180.0
1.3464,61.0,180.0
1.3513,-46.0,178.0
1.3562,10.0,178.0
1.362,-35.0,176.0
1.3664,-47.0,178.0
1.3714,108.0,178.0
1.3764,77.0,178.0
1.3813,-95.0,180.0
1.3863,-93.0,180.0
1.3913,-3.0,180.0
1.3962,69.0,180.0
1.4012,120.0,180.0
1.4063,-27.0,180.0
1.4112,-191.0,182.0
1.4171,24.0,182.0
1.4212,193.0,184.0
1.4262,-87.0,184.0
1.4313,-142.0,186.0
1.4362,203.0,186.0
1.4412,78.0,186.0
1.4462,-326.0,190.0
1.4513,-50.0,190.0
1.4562,385.0,196.0
1.4613,64.0,196.0
1.4664,-333.0,200.0
1.4712,-31.0,200.0
1.4767,220.0,202.0
1.4815,-130.0,204.0
1.4864,-170.0,206.0
1.4913,327.0,210.0
1.4962,249.0,214.0
1.5013,-342.0,220.0
1.5064,-354.0,224.0
1.5113,121.0,226.0
1.5164,305.0,230.0
1.5214,136.0,230.0
1.5262,-42.0,230.0
1.5312,-188.0,230.0
1.5364,-275.0,234.0
1.5414,-34.0,232.0
1.5464,379.0,236.0
1.5514,361.0,240.0
1.5564,-179.0,240.0
1.5612,-528.0,248.0
1.5667,-119.0,248.0
1.5714,419.0,252.0
1.5762,259.0,256.0
1.5813,-141.0,254.0
1.5862,-186.0,256.0
1.5916,-129.0,256.0
1.5974,21.0,256.0
1.6012,270.0,258.0
1.6066,112.0,258.0
1.6117,-275.0,262.0
1.6164,-163.0,262.0
1.6215,232.0,264.0
1.6264,117.0,264.0
1.6314,-231.0,264.0
1.6364,-15.0,262.0
1.6412,264.0,264.0
1.6467,-61.0,262.0
1.6512,-254.0,264.0
1.6562,81.0,264.0
1.6613,152.0,266.0
1.6662,-84.0,266.0
1.6712,36.0,266.0
1.6762,118.0,266.0
1.6821,-267.0,268.0
1.6864,-189.0,268.0
1.6913,422.0,272.0
1.6963,256.0,274.0
1.7012,-388.0,280.0
1.7063,-237.0,280.0
1.7113,214.0,282.0
1.7162,98.0,282.0
1.7224,-64.0,282.0
1.7262,60.0,278.0
1.7312,7.0,276.0
1.7362,-115.0,272.0
1.7414,25.0,272.0
1.7465,57.0,268.0
1.7519,-97.0,268.0
1.7563,30.0,268.0
1.7612,184.0,270.0
1.7665,-75.0,270.0
1.7712,-222.0,274.0
1.7762,59.0,274.0
1.7812,179.0,276.0
1.7862,-16.0,278.0
1.7912,-78.0,278.0
1.7962,0.0,276.0
1.8013,-27.0,276.0
1.8063,-30.0,274.0
1.8113,79.0,274.0
1.8162,77.0,274.0
1.8212,-52.0,274.0
1.8263,-80.0,272.0
1.8315,-8.0,270.0
1.8363,24.0,270.0
1.8412,31.0,270.0
1.8462,35.0,270.0
1.8512,-6.0,270.0
1.8564,-43.0,270.0
1.8614,-16.0,268.0
1.8662,9.0,268.0
1.8712,4.0,268.0
1.8761,22.0,266.0
1.8814,6.0,266.0
1.8865,-40.0,264.0
1.8914,35.0,262.0
1.8968,80.0,260.0
1.9013,-99.0,260.0
1.9062,-147.0,260.0
1.9114,98.0,260.0
1.9169,169.0,262.0
1.9214,-28.0,260.0
1.9262,-95.0,260.0
1.9312,-23.0,260.0
1.9362,-20.0,258.0
1.9414,16.0,256.0
1.9463,97.0,256.0
1.9512,17.0,256.0
1.9562,-109.0,256.0
1.9613,-44.0,256.0
1.9664,63.0,254.0
1.9714,48.0,254.0
1.9763,5.0,252.0
1.9812,-23.0,250.0
1.9862,-27.0,250.0
1.9913,14.0,250.0
1.9964,-11.0,250.0
2.0013,-60.0,250.0
2.0063,45.0,250.0
2.0115,114.0,250.0
2.0167,-38.0,250.0
2.0213,-103.0,250.0
2.0264,30.0,248.0
2.0315,40.0,250.0
2.0363,-49.0,250.0
2.0412,1.0,248.0
2.0465,59.0,248.0
2.0514,10.0,244.0
2.0565,-28.0,246.0
2.062,-53.0,242.0
2.0664,-14.0,242.0
2.0712,81.0,240.0
2.0762,18.0,238.0
2.0814,-79.0,238.0
2.0863,26.0,234.0
2.0912,67.0,234.0
2.0962,-79.0,228.0
2.1012,-64.0,228.0
2.1062,91.0,224.0
2.1112,62.0,226.0
2.1164,-52.0,222.0
2.1216,-47.0,222.0
2.1267,0.0,218.0
2.1312,25.0,214.0
2.1362,25.0,210.0
2.1414,-7.0,206.0
2.1464,-19.0,200.0
2.1519,-10.0,198.0
2.1562,3.0,194.0
2.1618,37.0,192.0
2.1663,13.0,192.0
2.1717,-66.0,190.0
2.1764,-29.0,186.0
2.1812,75.0,186.0
2.1862,11.0,180.0
2.1913,-51.0,176.0
2.1962,86.0,174.0
2.2014,25.0,166.0
2.2063,-242.0,168.0
2.2113,-39.0,162.0
2.2162,340.0,164.0
2.2212,88.0,164.0
2.2263,-288.0,164.0
2.2313,-100.0,164.0
2.2364,129.0,166.0
2.2412,34.0,162.0
2.2462,18.0,160.0
2.2511,53.0,158.0
2.2562,-90.0,156.0
2.2614,-58.0,154.0
2.2663,111.0,154.0
2.2713,-46.0,150.0
2.2765,-127.0,152.0
2.2814,178.0,150.0
2.2863,133.0,152.0
2.2913,-248.0,152.0
2.2962,-101.0,152.0
2.3013,241.0,154.0
2.3064,43.0,152.0
2.3112,-183.0,156.0
2.3163,12.0,154.0
2.3214,110.0,152.0
2.3262,-51.0,148.0
2.3312,-69.0,144.0
2.3362,77.0,140.0
2.3412,79.0,136.0
2.3464,-94.0,134.0
2.3513,-106.0,132.0
2.3562,90.0,132.0
2.3612,95.0,132.0
2.3665,-59.0,132.0
2.3714,-33.0,132.0
2.3762,21.0,132.0
2.3812,-47.0,132.0
2.3866,-15.0,130.0
2.3913,103.0,130.0
2.3962,59.0,132.0
2.4013,-112.0,130.0
2.4062,-126.0,132.0
2.4112,75.0,128.0
2.4163,161.0,130.0
2.4213,-22.0,128.0
2.4263,-128.0,130.0
2.4314,2.0,128.0
2.4368,46.0,130.0
2.4413,-51.0,130.0
2.4462,9.0,130.0
2.4512,146.0,130.0
2.4562,32.0,130.0
2.4613,-223.0,132.0
2.4662,-166.0,134.0
2.4712,225.0,136.0
2.4764,309.0,142.0
2.4833,-121.0,142.0
2.4862,-360.0,148.0
2.4916,-46.0,148.0
2.4962,292.0,152.0
2.5017,138.0,154.0
2.5063,-198.0,158.0
2.5112,-66.0,158.0
2.5162,223.0,162.0
2.5213,-50.0,162.0
2.5263,-356.0,168.0
2.5312,44.0,168.0
2.5362,428.0,172.0
2.5413,43.0,172.0
2.5464,-374.0,176.0
2.5515,-71.0,174.0
2.5569,278.0,176.0
2.5612,39.0,176.0
2.5662,-195.0,178.0
2.5713,-19.0,178.0
2.5764,110.0,180.0
2.5812,21.0,180.0
2.5862,5.0,178.0
2.5912,-1.0,178.0
2.5963,-126.0,178.0
2.6017,-67.0,178.0
2.6063,161.0,180.0
2.6112,127.0,182.0
2.6163,-73.0,182.0
2.6214,-77.0,184.0
2.6265,-34.0,184.0
2.6313,-70.0,184.0
2.6363,51.0,184.0
2.6412,203.0,188.0
2.6464,5.0,186.0
2.6512,-251.0,188.0
2.6564,-51.0,188.0
2.6614,222.0,190.0
2.6668,45.0,190.0
2.6716,-152.0,192.0
2.6762,-4.0,192.0
2.6812,80.0,194.0
2.6864,-37.0,192.0
2.6912,-39.0,194.0
2.6962,53.0,194.0
2.7012,45.0,194.0
2.7062,-42.0,194.0
2.7112,-61.0,194.0
2.7164,42.0,194.0
2.7212,40.0,194.0
2.7262,-92.0,194.0
2.7319,-4.0,194.0
2.7363,169.0,194.0
2.7413,8.0,194.0
2.7464,-216.0,196.0
2.7513,-86.0,196.0
2.7562,211.0,198.0
2.7612,253.0,202.0
2.7663,-124.0,204.0
2.7714,-420.0,210.0
2.7764,-58.0,210.0
2.7813,413.0,218.0
2.7865,212.0,220.0
2.7912,-207.0,224.0
2.7962,-182.0,226.0
2.8013,4.0,226.0
2.8063,21.0,226.0
2.8112,38.0,226.0
2.8162,82.0,226.0
2.8215,16.0,226.0
2.8264,-67.0,226.0
2.8312,-44.0,226.0
2.8362,13.0,224.0
2.8412,52.0,226.0
2.8461,37.0,222.0
2.8513,-87.0,222.0
2.8563,-119.0,220.0
2.8612,87.0,220.0
2.8662,207.0,218.0
2.8712,9.0,216.0
2.8762,-210.0,218.0
2.8819,-119.0,220.0
2.8863,98.0,220.0
2.8913,112.0,222.0
2.8962,40.0,220.0
2.9012,7.0,220.0
2.9062,-102.0,220.0
2.9112,-90.0,220.0
2.9169,80.0,220.0
2.9213,18.0,218.0
2.9263,-49.0,216.0
2.9312,133.0,214.0
2.9362,71.0,214.0
2.9415,-179.0,212.0
2.9463,-105.0,214.0
2.9512,55.0,212.0
2.9562,76.0,212.0
2.9612,114.0,212.0
2.9663,6.0,212.0
2.9714,-199.0,214.0
2.9764,-83.0,214.0
2.9812,199.0,216.0
2.9862,133.0,216.0
2.9913,-163.0,218.0
2.9964,-145.0,218.0
3.0014,103.0,218.0
3.0064,98.0,218.0
3.0112,-52.0,220.0
3.0162,-11.0,220.0
3.0212,75.0,220.0
3.0265,-46.0,220.0
3.0313,-169.0,220.0
3.0363,28.0,220.0
3.0412,249.0,222.0
3.0462,47.0,222.0
3.0515,-232.0,224.0
3.0564,-121.0,224.0
3.0613,126.0,224.0
3.0662,145.0,226.0
3.0712,-12.0,226.0
3.0762,-112.0,226.0
3.0812,-48.0,226.0
3.087,33.0,226.0
3.0913,33.0,224.0
3.0962,37.0,224.0
3.1012,61.0,222.0
3.1063,0.0,220.0
3.1114,-154.0,218.0
3.1162,-137.0,216.0
3.1212,144.0,216.0
3.1264,217.0,214.0
3.1314,-74.0,214.0
3.1365,-167.0,212.0
3.1413,53.0,212.0
3.1469,114.0,210.0
3.1513,-89.0,210.0
3.1562,-183.0,210.0
3.1613,100.0,210.0
3.1662,313.0,210.0
3.1713,-55.0,210.0
3.1764,-348.0,208.0
3.1812,27.0,208.0
3.1862,259.0,206.0
3.1911,-84.0,206.0
3.1964,-179.0,206.0
3.2015,166.0,208.0
3.2064,200.0,208.0
3.2117,-163.0,210.0
3.2164,-258.0,212.0
3.2213,75.0,212.0
3.2264,247.0,216.0
3.2314,7.0,216.0
3.2368,-160.0,218.0
3.2412,-27.0,216.0
3.2467,65.0,216.0
3.2513,-8.0,214.0
3.2563,-54.0,212.0
3.2613,72.0,212.0
3.2663,195.0,216.0
3.2712,-70.0,216.0
3.2764,-397.0,220.0
3.2813,-80.0,218.0
3.2862,431.0,226.0
3.2913,246.0,226.0
3.2962,-216.0,228.0
3.3012,-196.0,228.0
3.3068,-25.0,228.0
3.3122,-46.0,226.0
3.3163,35.0,226.0
3.3213,212.0,228.0
3.3262,153.0,230.0
3.3316,-139.0,232.0
3.3366,-295.0,236.0
3.3416,-45.0,236.0
3.3462,267.0,238.0
3.3512,111.0,240.0
3.3564,-176.0,242.0
3.3612,24.0,242.0
3.3663,183.0,242.0
3.3712,-216.0,246.0
3.3763,-318.0,248.0
3.3813,235.0,252.0
3.3863,435.0,256.0
3.3912,-42.0,254.0
3.3962,-380.0,258.0
3.4022,-166.0,256.0
3.4061,193.0,258.0
3.4111,242.0,254.0
3.4162,-46.0,254.0
3.4215,-234.0,252.0
3.4265,-5.0,248.0
3.4313,206.0,248.0
3.4362,26.0,246.0
3.4413,-134.0,248.0
3.4462,-42.0,248.0
3.4513,22.0,248.0
3.4563,54.0,248.0
3.4613,68.0,248.0
3.4662,-96.0,248.0
3.4713,-126.0,250.0
3.4762,164.0,252.0
3.4812,164.0,254.0
3.4864,-199.0,256.0
3.4914,-162.0,258.0
3.4962,168.0,258.0
3.5013,106.0,258.0
3.507,-84.0,256.0
3.5112,-16.0,258.0
3.5163,-1.0,254.0
3.5213,-76.0,254.0
3.5263,11.0,252.0
3.5312,119.0,252.0
3.5362,75.0,252.0
3.5414,-61.0,254.0
3.5462,-172.0,254.0
3.5512,-64.0,254.0
3.5562,174.0,256.0
3.5613,161.0,258.0
3.5664,-45.0,258.0
3.5712,-166.0,258.0
3.5761,-158.0,260.0
3.5811,52.0,258.0
3.5862,280.0,260.0
3.5915,190.0,262.0
3.5962,-157.0,264.0
3.6013,-437.0,268.0
3.6066,-175.0,272.0
3.6115,464.0,276.0
3.6168,432.0,280.0
3.6218,-246.0,282.0
3.6264,-348.0,284.0
3.6314,22.0,282.0
3.6366,-36.0,282.0
3.6413,-21.0,280.0
3.6463,383.0,284.0
3.6521,208.0,286.0
3.6566,-346.0,292.0
3.6626,-286.0,296.0
3.6661,-14.0,294.0
3.6714,59.0,292.0
3.6761,278.0,296.0
3.6818,267.0,298.0
3.6872,-227.0,300.0
3.6912,-360.0,302.0
3.6963,67.0,302.0
3.7012,183.0,302.0
3.7065,-34.0,300.0
3.7115,13.0,300.0
3.7169,84.0,300.0
3.7222,-11.0,300.0
3.7267,-20.0,300.0
3.7313,-143.0,300.0
3.7365,-179.0,304.0
3.7418,263.0,306.0
3.7462,313.0,312.0
3.7512,-298.0,314.0
3.7564,-248.0,316.0
3.7615,330.0,318.0
3.767,93.0,316.0
3.7719,-343.0,320.0
3.7767,15.0,318.0
3.7813,270.0,322.0
3.7863,-88.0,320.0
3.794,-156.0,322.0
3.7961,137.0,322.0
3.8017,88.0,320.0
3.8067,-117.0,318.0
3.8111,-64.0,318.0
3.8164,37.0,314.0
3.8215,33.0,314.0
3.8269,25.0,310.0
3.8318,19.0,308.0
3.8373,-15.0,306.0
3.8411,-60.0,304.0
3.8472,-16.0,302.0
3.8513,51.0,300.0
3.8569,-14.0,296.0
3.8622,-18.0,296.0
3.8662,87.0,292.0
3.8712,20.0,292.0
3.8763,-84.0,292.0
3.8816,-44.0,292.0
3.8863,-35.0,292.0
3.8916,18.0,292.0
3.8963,159.0,294.0
3.9014,50.0,292.0
3.9064,-178.0,292.0
3.9119,-69.0,292.0
3.9165,122.0,288.0
3.9215,1.0,288.0
3.9264,-108.0,282.0
3.9314,95.0,280.0
3.9364,185.0,280.0
3.942,-130.0,278.0
3.9468,-260.0,282.0
3.9512,91.0,282.0
3.9562,221.0,286.0
3.9617,-57.0,282.0
3.9663,-131.0,282.0
3.9718,60.0,282.0
3.9766,123.0,278.0
3.9813,-24.0,278.0
3.9864,-160.0,276.0
3.9913,-73.0,276.0
3.9967,109.0,276.0
4.0018,121.0,276.0
4.0066,1.0,274.0
4.0113,-76.0,272.0
4.0172,-12.0,266.0
4.0215,60.0,264.0
4.0268,-87.0,258.0
4.0312,-150.0,260.0
4.0362,130.0,256.0
4.0413,232.0,258.0
4.0463,-47.0,256.0
4.0515,-179.0,254.0
4.0562,-41.0,254.0
4.0612,34.0,250.0
4.0674,32.0,252.0
4.0711,65.0,250.0
4.0763,37.0,250.0
4.0814,-53.0,248.0
4.0863,-81.0,248.0
4.0918,-30.0,248.0
4.0965,64.0,248.0
4.1017,100.0,250.0
4.1063,-18.0,248.0
4.1117,-110.0,248.0
4.1164,-3.0,246.0
4.1217,91.0,244.0
4.1267,-6.0,242.0
4.1313,-86.0,240.0
4.1365,9.0,238.0
4.1418,89.0,238.0
4.147,6.0,236.0
4.1511,-81.0,238.0
4.1563,-17.0,238.0
4.1611,70.0,238.0
4.1664,9.0,238.0
4.1712,-61.0,236.0
4.1767,8.0,236.0
4.1813,49.0,236.0
4.1863,-21.0,232.0
4.1918,-35.0,232.0
4.1963,17.0,230.0
4.2017,21.0,228.0
4.2061,8.0,228.0
4.2113,2.0,224.0
4.2162,-40.0,222.0
4.2215,-38.0,222.0
4.2269,44.0,218.0
4.2316,61.0,216.0
4.2363,-19.0,214.0
4.2413,-51.0,208.0
4.2463,-2.0,206.0
4.2515,35.0,200.0
4.2568,9.0,192.0
4.2612,-41.0,190.0
4.2662,-21.0,184.0
4.2713,55.0,184.0
4.2763,49.0,184.0
4.2814,-49.0,186.0
4.2867,-74.0,180.0
4.2917,14.0,178.0
4.2961,60.0,174.0
4.3016,33.0,170.0
4.3063,-1.0,168.0
4.3116,-62.0,168.0
4.3163,-68.0,166.0
4.3216,44.0,162.0
4.3263,102.0,160.0
4.3313,14.0,154.0
4.3364,-78.0,156.0
4.3413,-70.0,154.0
4.3471,19.0,154.0
4.3511,68.0,154.0
4.357,17.0,152.0
4.3613,-9.0,152.0
4.3663,6.0,152.0
4.3713,-48.0,152.0
4.3767,-66.0,150.0
4.3813,48.0,146.0
4.389,101.0,142.0
4.3916,-9.0,138.0
4.3962,-88.0,136.0
4.4011,-3.0,130.0
4.4063,72.0,130.0
4.4111,-48.0,126.0
4.4161,-109.0,128.0
4.4213,118.0,124.0
4.4264,181.0,126.0
4.4314,-135.0,126.0
4.4362,-216.0,128.0
4.4412,104.0,128.0
4.4461,184.0,128.0
4.4512,-82.0,128.0
4.4562,-130.0,130.0
4.4617,94.0,132.0
4.4663,117.0,132.0
4.4712,-101.0,134.0
4.4765,-142.0,136.0
4.4843,59.0,136.0
4.4876,130.0,138.0
4.4914,-2.0,136.0
4.4963,-51.0,138.0
4.5013,6.0,138.0
4.5065,-20.0,136.0
4.5119,-68.0,136.0
4.5175,24.0,136.0
4.5221,107.0,136.0
4.5265,27.0,136.0
4.5317,-88.0,138.0
4.5366,-120.0,138.0
4.5417,21.0,136.0
4.5466,230.0,138.0
4.5513,83.0,138.0
4.5563,-269.0,140.0
4.5613,-155.0,142.0
4.5663,192.0,144.0
4.5712,110.0,144.0
4.5762,-81.0,142.0
4.5813,15.0,140.0
4.5866,15.0,136.0
4.5911,-109.0,138.0
4.5964,25.0,134.0
4.6013,123.0,136.0
4.6063,-64.0,134.0
4.6111,-107.0,134.0
4.6163,71.0,134.0
4.6215,104.0,136.0
4.6262,-22.0,134.0
4.6313,-94.0,134.0
4.6363,-45.0,132.0
4.6412,51.0,132.0
4.6462,76.0,132.0
4.6514,0.0,132.0
4.6565,-46.0,132.0
4.6612,-3.0,130.0
4.6662,-14.0,130.0
4.6724,-62.0,128.0
4.6762,52.0,128.0
4.6812,146.0,126.0
4.687,-59.0,126.0
4.6912,-181.0,126.0
4.6962,79.0,126.0
4.7017,176.0,128.0
4.7066,-103.0,130.0
4.7112,-164.0,132.0
4.7162,82.0,132.0
4.7212,125.0,134.0
4.7263,-32.0,132.0
4.7321,-54.0,132.0
4.7363,4.0,132.0
4.7413,1.0,130.0
4.7463,4.0,130.0
4.7512,-7.0,128.0
4.7561,-35.0,130.0
4.7611,30.0,128.0
4.7662,79.0,130.0
4.7712,3.0,128.0
4.7763,-64.0,128.0
4.7815,-76.0,128.0
4.7861,-37.0,130.0
4.7914,82.0,130.0
4.7963,154.0,132.0
4.8013,22.0,130.0
4.8064,-191.0,134.0
4.8112,-144.0,134.0
4.8162,155.0,138.0
4.8213,170.0,138.0
4.8264,-137.0,140.0
4.8317,-106.0,142.0
4.8363,163.0,144.0
4.8412,35.0,144.0
4.8468,-171.0,146.0
4.8512,3.0,146.0
4.8564,121.0,148.0
4.8612,-24.0,148.0
4.8665,-28.0,148.0
4.8712,16.0,146.0
4.8763,-85.0,148.0
4.8812,7.0,148.0
4.8863,172.0,150.0
4.8912,40.0,150.0
4.8962,-123.0,152.0
4.9012,-152.0,154.0
4.9062,-81.0,154.0
4.9112,168.0,156.0
4.9162,264.0,160.0
4.9213,-22.0,160.0
4.9262,-271.0,162.0
4.9312,-162.0,164.0
4.9362,154.0,166.0
4.9412,262.0,170.0
4.9464,-43.0,170.0
4.9514,-276.0,174.0
4.9562,-27.0,174.0
4.9613,275.0,176.0
4.9662,119.0,176.0
4.9714,-288.0,182.0
4.9764,-239.0,184.0
4.9813,255.0,186.0
4.9862,277.0,190.0
4.9913,-158.0,192.0
4.9963,-163.0,194.0
5.0014,74.0,196.0
5.0064,-7.0,196.0
5.0112,-48.0,196.0
5.0162,112.0,196.0
5.0211,40.0,196.0
5.0265,-137.0,196.0
5.0314,-4.0,196.0
5.0364,126.0,196.0
5.0412,-60.0,198.0
5.0462,-93.0,198.0
5.0513,118.0,200.0
5.0563,32.0,198.0
5.0613,-152.0,198.0
5.0661,46.0,196.0
5.0712,158.0,196.0
5.0763,-135.0,196.0
5.0814,-90.0,196.0
5.0862,260.0,196.0
5.0913,-47.0,196.0
5.0967,-394.0,200.0
5.1012,139.0,200.0
5.1061,422.0,206.0
5.1114,-134.0,206.0
5.1162,-290.0,208.0
5.1214,125.0,210.0
5.1263,120.0,210.0
5.1312,-163.0,212.0
5.1368,-62.0,212.0
5.1414,168.0,214.0
5.1463,101.0,216.0
5.1511,-75.0,216.0
5.1562,-106.0,218.0
5.1611,-49.0,216.0
5.1663,27.0,216.0
5.1712,119.0,216.0
5.1762,64.0,216.0
5.1812,-116.0,218.0
5.1863,-97.0,216.0
5.1913,51.0,214.0
5.1963,36.0,212.0
5.2013,39.0,210.0
5.2062,110.0,208.0
5.2111,-66.0,208.0
5.2164,-250.0,210.0
5.2213,-18.0,210.0
5.2264,269.0,214.0
5.2313,159.0,214.0
5.2369,-180.0,218.0
5.2412,-302.0,220.0
5.2461,99.0,220.0
5.2513,447.0,226.0
5.2563,-82.0,226.0
5.2613,-553.0,234.0
5.2662,117.0,234.0
5.2713,556.0,242.0
5.2762,-182.0,244.0
5.2812,-452.0,250.0
5.2863,212.0,252.0
5.2912,266.0,256.0
5.2962,-163.0,258.0
5.3012,-40.0,258.0
5.3061,90.0,260.0
5.3113,-133.0,262.0
5.3162,-71.0,262.0
5.3211,179.0,262.0
5.3262,104.0,262.0
5.3312,-106.0,262.0
5.3363,-118.0,262.0
5.3411,4.0,260.0
5.3464,62.0,258.0
5.3512,35.0,256.0
5.3564,22.0,256.0
5.3611,11.0,254.0
5.3662,-62.0,254.0
5.3712,-118.0,256.0
5.3765,39.0,256.0
5.3812,228.0,260.0
5.3869,48.0,260.0
5.3917,-215.0,264.0
5.3964,-201.0,266.0
5.4014,-45.0,266.0
5.4061,291.0,270.0
5.4114,502.0,278.0
5.4162,-146.0,278.0
5.4221,-867.0,292.0
5.4263,-162.0,294.0
5.4312,868.0,306.0
5.4362,306.0,308.0
5.4412,-542.0,316.0
5.4463,-130.0,314.0
5.4513,142.0,314.0
5.4565,-132.0,314.0
5.4612,158.0,314.0
5.4662,247.0,316.0
5.4713,-302.0,320.0
5.4762,-255.0,320.0
5.4813,221.0,324.0
5.4865,197.0,324.0
5.4912,85.0,326.0
5.4962,21.0,324.0
5.5012,-410.0,330.0
5.5062,-349.0,334.0
5.5118,483.0,342.0
5.5163,540.0,350.0
5.5212,-241.0,352.0
5.5262,-475.0,358.0
5.5312,-177.0,360.0
5.5362,314.0,362.0
5.5414,629.0,370.0
5.5463,-215.0,372.0
5.5514,-983.0,384.0
5.5562,167.0,384.0
5.5613,1069.0,400.0
5.5662,-189.0,398.0
5.5714,-858.0,410.0
5.5764,304.0,412.0
5.5812,518.0,416.0
5.5862,-301.0,420.0
5.5913,-174.0,418.0
5.5962,-29.0,418.0
5.6012,-114.0,416.0
5.6063,566.0,422.0
5.6117,282.0,422.0
5.6162,-1033.0,434.0
5.6212,-403.0,438.0
5.6264,1209.0,452.0
5.6314,556.0,458.0
5.6368,-928.0,470.0
5.6413,-543.0,478.0
5.6465,300.0,482.0
5.6514,224.0,484.0
5.6564,214.0,486.0
5.6614,96.0,488.0
5.6662,-348.0,490.0
5.6712,-116.0,492.0
5.6762,374.0,496.0
5.6813,34.0,496.0
5.6865,-547.0,502.0
5.6915,-176.0,504.0
5.6963,635.0,514.0
5.7012,389.0,516.0
5.7064,-436.0,522.0
5.7122,-357.0,526.0
5.7161,153.0,526.0
5.7215,228.0,528.0
5.7261,93.0,526.0
5.7316,-265.0,530.0
5.7364,-412.0,530.0
5.7412,276.0,532.0
5.7464,659.0,536.0
5.7512,-76.0,534.0
5.7562,-503.0,538.0
5.7612,-20.0,536.0
5.7662,34.0,534.0
5.7718,-296.0,536.0
5.7762,250.0,540.0
5.7812,809.0,550.0
5.7862,-103.0,550.0
5.7912,-1047.0,564.0
5.7964,-201.0,566.0
5.8013,783.0,578.0
5.8064,197.0,580.0
5.812,-203.0,582.0
5.8162,290.0,586.0
5.8215,-252.0,588.0
5.8265,-851.0,600.0
5.8312,296.0,604.0
5.8362,866.0,616.0
5.8412,-93.0,616.0
5.8462,-285.0,620.0
5.8512,7.0,618.0
5.8564,-345.0,620.0
5.8614,-164.0,622.0
5.8663,607.0,628.0
5.8712,443.0,632.0
5.8761,-528.0,638.0
5.8819,-685.0,644.0
5.8861,327.0,648.0
5.8913,776.0,652.0
5.8962,-161.0,654.0
5.9018,-665.0,656.0
5.9062,77.0,654.0
5.9113,388.0,652.0
5.9163,-71.0,650.0
5.9214,-50.0,644.0
5.9262,147.0,644.0
5.9311,-210.0,642.0
5.9364,-293.0,644.0
5.9414,313.0,648.0
5.9463,445.0,654.0
5.9518,-263.0,656.0
5.9568,-493.0,662.0
5.9611,115.0,662.0
5.9661,356.0,666.0
5.9717,6.0,664.0
5.9762,-115.0,664.0
5.9812,18.0,664.0
5.9863,-28.0,664.0
5.9913,-120.0,666.0
5.9963,15.0,664.0
6.0014,105.0,666.0
6.0064,-4.0,666.0
6.0112,73.0,664.0
6.0162,133.0,666.0
6.0212,-243.0,666.0
6.027,-313.0,670.0
6.0312,202.0,670.0
6.0362,310.0,672.0
6.0411,45.0,672.0
6.0462,-28.0,668.0
6.0514,-270.0,664.0
6.0563,-330.0,668.0
6.0611,266.0,658.0
6.0662,459.0,662.0
6.0711,-87.0,650.0
6.0764,-308.0,650.0
6.0816,-66.0,642.0
6.0864,82.0,642.0
6.0913,113.0,642.0
6.0962,67.0,640.0
6.1012,-123.0,640.0
6.1062,-158.0,638.0
6.1115,171.0,636.0
6.1162,220.0,636.0
6.1213,-270.0,636.0
6.1262,-260.0,638.0
6.1312,392.0,642.0
6.1362,295.0,646.0
6.1415,-457.0,648.0
6.1462,-302.0,646.0
6.1512,397.0,646.0
6.1562,224.0,640.0
6.1616,-256.0,640.0
6.1668,-88.0,634.0
6.1713,145.0,634.0
6.1763,-15.0,630.0
6.1813,-107.0,622.0
6.1862,86.0,620.0
6.1911,111.0,606.0
6.1962,-193.0,606.0
6.2014,-134.0,592.0
6.2063,324.0,594.0
6.2112,154.0,582.0
6.2162,-384.0,584.0
6.2213,-137.0,578.0
6.2264,306.0,578.0
6.2313,96.0,576.0
6.2362,-128.0,578.0
6.2411,-79.0,578.0
6.2462,-16.0,570.0
6.2514,108.0,566.0
6.2562,36.0,552.0
6.2612,-172.0,548.0
6.2661,8.0,528.0
6.2718,225.0,524.0
6.2762,-23.0,510.0
6.2814,-216.0,504.0
6.2862,24.0,500.0
6.2912,144.0,498.0
6.2962,-71.0,496.0
6.3011,-62.0,496.0
6.3067,146.0,492.0
6.3113,-20.0,492.0
6.3165,-211.0,488.0
6.3213,106.0,490.0
6.3263,249.0,486.0
6.3316,-149.0,484.0
6.3364,-184.0,478.0
6.3413,149.0,474.0
6.3463,-14.0,468.0
6.3513,-186.0,464.0
6.3562,191.0,466.0
6.3618,310.0,466.0
6.3662,-170.0,468.0
6.3712,-446.0,470.0
6.3762,-19.0,464.0
6.3812,443.0,468.0
6.3862,183.0,460.0
6.3916,-230.0,462.0
6.3963,-162.0,456.0
6.4012,-55.0,458.0
6.4063,-23.0,458.0
6.4112,177.0,456.0
6.4164,188.0,454.0
6.4213,-82.0,442.0
6.4263,-185.0,444.0
6.4312,-65.0,428.0
6.4363,64.0,426.0
6.4412,163.0,418.0
6.4463,24.0,414.0
6.4513,-258.0,416.0
6.4562,-54.0,412.0
6.4612,339.0,412.0
6.4663,92.0,402.0
6.4712,-287.0,400.0
6.4762,-127.0,390.0
6.4813,102.0,390.0
6.4863,105.0,386.0
6.4912,38.0,388.0
6.4962,-77.0,382.0
6.5019,-33.0,380.0
6.5067,105.0,374.0
6.5117,-38.0,366.0
6.5163,-118.0,360.0
6.5212,90.0,352.0
6.5262,42.0,346.0
6.5314,-128.0,336.0
6.5371,56.0,334.0
6.5415,142.0,326.0
6.5463,-76.0,326.0
6.5512,-92.0,322.0
6.5562,29.0,322.0
6.5612,-5.0,320.0
6.5664,-3.0,318.0
6.5712,67.0,316.0
6.5761,28.0,312.0
6.5812,-32.0,308.0
6.5862,-58.0,302.0
6.5912,-89.0,298.0
6.5968,55.0,292.0
6.602,238.0,294.0
6.6061,-21.0,288.0
6.6111,-331.0,294.0
6.6166,-48.0,292.0
6.6211,319.0,298.0
6.6263,142.0,300.0
6.6312,-219.0,300.0
6.6362,-191.0,304.0
6.6411,73.0,304.0
6.6461,116.0,304.0
6.6513,58.0,304.0
6.6562,59.0,304.0
6.6612,-111.0,302.0
6.6662,-205.0,300.0
6.6718,68.0,298.0
6.6764,207.0,296.0
6.6811,12.0,296.0
6.6863,-79.0,296.0
6.6911,-34.0,292.0
6.6962,-45.0,288.0
6.7012,-23.0,284.0
6.7062,37.0,278.0
6.7113,62.0,278.0
6.7161,76.0,274.0
6.7216,15.0,272.0
6.7266,-125.0,274.0
6.7318,-133.0,274.0
6.7367,38.0,274.0
6.7413,147.0,274.0
6.7461,64.0,272.0
6.7512,-54.0,270.0
6.7562,-71.0,268.0
6.7613,-18.0,264.0
6.7669,17.0,260.0
6.7713,1.0,254.0
6.7763,1.0,250.0
6.7812,52.0,244.0
6.7862,24.0,240.0
6.7913,-70.0,234.0
6.7961,-22.0,230.0
6.8021,71.0,228.0
6.8064,-26.0,226.0
6.8112,-104.0,226.0
6.8162,47.0,226.0
6.8212,129.0,228.0
6.8264,-8.0,226.0
6.8314,-81.0,226.0
6.8368,-22.0,222.0
6.8413,-3.0,220.0
6.8461,-4.0,216.0
6.8512,35.0,214.0
6.8562,43.0,208.0
6.8611,7.0,206.0
6.8662,-31.0,202.0
6.8711,-53.0,202.0
6.8761,-20.0,200.0
6.8813,37.0,200.0
6.8861,46.0,200.0
6.8913,27.0,198.0
6.8962,-9.0,198.0
6.9011,-68.0,196.0
6.9061,-50.0,196.0
6.9112,44.0,194.0
6.9163,68.0,194.0
6.9212,23.0,192.0
6.9262,-27.0,192.0
6.9313,-86.0,190.0
6.9365,-20.0,190.0
6.9412,135.0,192.0
6.9463,37.0,190.0
6.9514,-177.0,192.0
6.9561,-44.0,190.0
6.9611,179.0,190.0
6.9662,55.0,188.0
6.9714,-118.0,188.0
6.9763,-43.0,184.0
6.9813,38.0,184.0
6.9861,0.0,182.0
6.9914,4.0,180.0
6.997,38.0,178.0
7.0011,-5.0,172.0
7.0066,-46.0,172.0
7.0112,-5.0,164.0
7.0162,32.0,164.0
7.0215,10.0,158.0
7.0263,-9.0,154.0
7.032,-9.0,152.0
7.0363,-13.0,150.0
7.0412,6.0,148.0
7.0462,32.0,148.0
7.0513,-6.0,146.0
7.0562,-42.0,144.0
7.0613,6.0,142.0
7.0662,42.0,140.0
7.0711,0.0,140.0
7.0761,-37.0,138.0
7.0811,-17.0,136.0
7.0864,44.0,136.0
7.0912,44.0,134.0
7.0962,-59.0,134.0
7.1012,-71.0,130.0
7.1065,62.0,128.0
7.1112,76.0,126.0
7.1165,-46.0,124.0
7.1212,-53.0,124.0
7.1262,29.0,122.0
7.1321,22.0,122.0
7.1361,-24.0,122.0
7.1414,-7.0,120.0
7.1462,11.0,120.0
7.1512,8.0,118.0
7.1561,49.0,118.0
7.1611,6.0,116.0
7.1671,-151.0,118.0
7.1713,-72.0,118.0
7.1764,220.0,120.0
7.1812,177.0,120.0
7.1862,-176.0,122.0
7.1912,-242.0,124.0
7.1971,34.0,124.0
7.2013,183.0,128.0
7.2062,83.0,128.0
7.2121,-38.0,128.0
7.2167,-85.0,128.0
7.2211,-74.0,130.0
7.2263,12.0,128.0
7.2313,94.0,128.0
7.2363,41.0,128.0
7.2413,-60.0,126.0
7.2462,-38.0,126.0
7.2514,30.0,122.0
7.2565,4.0,120.0
7.2615,-26.0,116.0
7.2662,20.0,114.0
7.2711,27.0,112.0
7.2762,-26.0,108.0
7.2811,-12.0,108.0
7.2862,27.0,106.0
7.2913,-6.0,106.0
7.2962,-32.0,106.0
7.3011,9.0,104.0
7.3061,40.0,100.0
7.3116,12.0,100.0
7.3163,-44.0,98.0
7.3212,-36.0,98.0
7.3261,38.0,98.0
7.3311,33.0,98.0
7.3361,-21.0,96.0
7.3414,6.0,96.0
7.3462,-4.0,96.0
7.3512,-72.0,96.0
7.3562,24.0,96.0
7.3612,128.0,98.0
7.3671,-23.0,96.0
7.3713,-133.0,96.0
7.3762,14.0,96.0
7.3811,89.0,94.0
7.3861,-17.0,94.0
7.3912,-36.0,94.0
7.3962,18.0,92.0
7.4012,9.0,92.0
7.4061,3.0,92.0
7.4111,-10.0,92.0
7.4172,-36.0,92.0
7.4214,21.0,92.0
7.4261,48.0,92.0
7.4311,-43.0,92.0
7.4369,-35.0,92.0
7.4411,80.0,92.0
7.4461,25.0,92.0
7.4514,-102.0,92.0
7.4562,-35.0,92.0
7.4612,57.0,92.0
7.4669,27.0,92.0
7.4711,44.0,90.0
7.4761,41.0,92.0
7.4813,-103.0,92.0
7.4863,-143.0,94.0
7.4912,52.0,96.0
7.4965,190.0,98.0
7.5011,48.0,98.0
7.5063,-143.0,100.0
7.512,-95.0,100.0
7.5162,62.0,102.0
7.5213,68.0,102.0
7.5264,-43.0,102.0
7.5311,-32.0,102.0
7.5365,126.0,104.0
7.5414,52.0,104.0
7.5462,-258.0,106.0
7.5512,-126.0,108.0
7.5562,321.0,112.0
7.5614,176.0,114.0
7.5666,-253.0,118.0
7.5713,-117.0,118.0
7.5763,127.0,120.0
7.5813,-28.0,118.0
7.5861,-54.0,118.0
7.5912,151.0,118.0
7.5962,44.0,118.0
7.6014,-178.0,118.0
7.6062,-30.0,118.0
7.6111,147.0,118.0
7.6161,-18.0,118.0
7.6214,-108.0,118.0
7.6264,56.0,120.0
7.6312,69.0,120.0
7.6361,-58.0,120.0
7.6411,-38.0,122.0
7.6462,38.0,122.0
7.6511,41.0,122.0
7.6561,-14.0,122.0
7.6613,-79.0,122.0
7.6661,4.0,122.0
7.6711,125.0,124.0
7.6763,-28.0,124.0
7.6814,-130.0,126.0
7.6861,74.0,128.0
7.6916,65.0,128.0
7.6962,-113.0,130.0
7.7011,26.0,130.0
7.7066,120.0,130.0
7.7118,-83.0,132.0
7.7162,-77.0,132.0
7.7212,93.0,134.0
7.7261,-18.0,134.0
7.7312,-97.0,134.0
7.7363,136.0,136.0
7.7415,122.0,136.0
7.7461,-191.0,138.0
7.7512,-136.0,140.0
7.7561,128.0,140.0
7.7617,87.0,142.0
7.7666,-10.0,140.0
7.7712,2.0,140.0
7.7771,-55.0,142.0
7.7812,-52.0,142.0
7.7861,47.0,142.0
7.7912,23.0,142.0
7.7962,-18.0,142.0
7.8013,40.0,142.0
7.8062,3.0,140.0
7.8116,-77.0,140.0
7.8162,-1.0,136.0
7.8211,52.0,134.0
7.8263,1.0,132.0
7.8313,47.0,130.0
7.8362,-1.0,128.0
7.8412,-215.0,130.0
7.8461,9.0,128.0
7.8512,378.0,134.0
7.8565,-28.0,132.0
7.8612,-424.0,138.0
7.8661,36.0,138.0
7.8711,337.0,142.0
7.8764,-20.0,142.0
7.8812,-206.0,144.0
7.8862,20.0,144.0
7.8913,121.0,146.0
7.8962,-77.0,146.0
7.9011,-121.0,148.0
7.9062,127.0,150.0
7.9112,159.0,152.0
7.9164,-102.0,152.0
7.9212,-166.0,156.0
7.9261,-4.0,154.0
7.9311,148.0,156.0
7.9364,169.0,160.0
7.9415,-125.0,160.0
7.9462,-291.0,164.0
7.9512,53.0,166.0
7.9562,203.0,168.0
7.9615,87.0,168.0
7.9663,124.0,170.0
7.9714,-207.0,172.0
7.9764,-477.0,180.0
7.9813,180.0,182.0
7.9861,598.0,192.0
7.9916,-22.0,192.0
7.9963,-423.0,198.0
8.0013,-95.0,196.0
8.008,135.0,198.0
8.0115,38.0,198.0
8.0163,5.0,198.0
8.0214,136.0,198.0
8.0262,92.0,198.0
8.0311,-233.0,202.0
8.0362,-270.0,206.0
8.0411,142.0,208.0
8.0461,318.0,212.0
8.0513,44.0,214.0
8.0563,-220.0,216.0
8.0614,-193.0,220.0
8.0662,115.0,220.0
8.0718,290.0,224.0
8.0762,-101.0,224.0
8.0814,-408.0,230.0
8.0862,153.0,232.0
8.0913,584.0,240.0
8.0967,-173.0,242.0
8.1014,-728.0,252.0
8.1069,99.0,254.0
8.1115,688.0,264.0
8.116,12.0,264.0
8.1212,-451.0,268.0
8.1261,-57.0,268.0
8.1312,178.0,270.0
8.1366,17.0,266.0
8.1411,-41.0,266.0
8.1468,15.0,264.0
8.1519,92.0,264.0
8.1561,55.0,264.0
8.1611,-223.0,266.0
8.1661,-217.0,270.0
8.1717,237.0,272.0
8.1766,303.0,276.0
8.1812,-103.0,276.0
8.1861,-209.0,276.0
8.1915,-21.0,274.0
8.1962,54.0,270.0
8.2011,36.0,268.0
8.2062,-33.0,264.0
8.2111,31.0,262.0
8.2161,212.0,264.0
8.2211,-80.0,264.0
8.2264,-450.0,270.0
8.231,0.0,268.0
8.2362,470.0,276.0
8.2411,161.0,274.0
8.2462,-162.0,276.0
8.2511,-204.0,278.0
8.2564,-222.0,280.0
8.2611,27.0,280.0
8.2661,329.0,284.0
8.2711,239.0,286.0
8.2765,-102.0,288.0
8.2814,-377.0,292.0
8.2862,-190.0,294.0
8.2912,285.0,298.0
8.2962,296.0,304.0
8.3011,-48.0,302.0
8.3062,-198.0,306.0
8.3116,-142.0,306.0
8.3163,8.0,306.0
8.3212,172.0,306.0
8.3261,185.0,308.0
8.3311,-55.0,308.0
8.3363,-334.0,312.0
8.3414,-130.0,314.0
8.3462,383.0,318.0
8.3511,238.0,320.0
8.3561,-290.0,322.0
8.3613,-105.0,324.0
8.3664,171.0,326.0
8.3713,-186.0,326.0
8.3762,-219.0,328.0
8.3811,273.0,330.0
8.3861,413.0,334.0
8.3911,52.0,332.0
8.3963,-454.0,338.0
8.4012,-490.0,344.0
8.4061,173.0,346.0
8.4111,568.0,356.0
8.4163,130.0,356.0
8.4213,-288.0,360.0
8.4265,-91.0,360.0
8.4314,118.0,362.0
8.4362,-171.0,364.0
8.4411,-318.0,370.0
8.4461,314.0,374.0
8.4516,640.0,382.0
8.4561,-261.0,386.0
8.4615,-722.0,398.0
8.4661,153.0,400.0
8.4712,504.0,406.0
8.4762,-59.0,408.0
8.4812,-209.0,408.0
8.4868,-94.0,410.0
8.4912,90.0,404.0
8.4961,403.0,410.0
8.5012,-204.0,406.0
8.5068,-805.0,418.0
8.5111,438.0,420.0
8.5164,1091.0,438.0
8.5212,-650.0,444.0
8.5262,-1078.0,460.0
8.5313,747.0,470.0
8.5361,701.0,480.0
8.5415,-779.0,490.0
8.5463,-70.0,490.0
8.5513,889.0,502.0
8.5563,-507.0,508.0
8.5612,-1028.0,520.0
8.5664,721.0,532.0
8.5713,951.0,544.0
8.5764,-556.0,550.0
8.5812,-555.0,558.0
8.5862,288.0,558.0
8.5915,40.0,558.0
8.5964,-170.0,556.0
8.6011,298.0,560.0
8.6062,214.0,562.0
8.6112,-331.0,564.0
8.6162,-261.0,560.0
8.6213,145.0,560.0
8.6263,208.0,554.0
8.6312,79.0,554.0
8.637,-91.0,548.0
8.6413,-187.0,550.0
8.6461,-6.0,548.0
8.6511,118.0,550.0
8.6562,27.0,550.0
8.6613,43.0,548.0
8.6662,25.0,548.0
8.6714,-179.0,546.0
8.6762,-92.0,544.0
8.6813,304.0,546.0
8.6862,165.0,544.0
8.6912,-444.0,550.0
8.6962,-265.0,550.0
8.7012,469.0,556.0
8.7062,319.0,558.0
8.7123,-268.0,558.0
8.7161,-222.0,560.0
8.7211,-62.0,554.0
8.7262,-15.0,552.0
8.7312,311.0,548.0
8.7367,278.0,550.0
8.7412,-349.0,544.0
8.7463,-425.0,548.0
8.7511,199.0,542.0
8.7561,340.0,546.0
8.7617,71.0,540.0
8.7663,-12.0,540.0
8.7711,-336.0,542.0
8.7762,-385.0,548.0
8.7811,395.0,554.0
8.7862,587.0,562.0
8.7916,-200.0,564.0
8.7961,-485.0,570.0
8.8013,-68.0,568.0
8.8063,221.0,568.0
8.8113,243.0,568.0
8.8161,-9.0,564.0
8.8216,-325.0,568.0
8.8267,-55.0,566.0
8.8312,364.0,570.0
8.8362,25.0,570.0
8.8412,-320.0,574.0
8.8461,32.0,574.0
8.8511,131.0,576.0
8.8563,-128.0,574.0
8.8612,160.0,576.0
8.8662,256.0,572.0
8.8711,-400.0,580.0
8.8765,-290.0,576.0
8.8814,479.0,582.0
8.8863,107.0,580.0
8.8912,-464.0,584.0
8.8962,182.0,584.0
8.9012,449.0,590.0
8.9069,-343.0,590.0
8.9115,-407.0,594.0
8.9163,301.0,596.0
8.9212,305.0,596.0
8.927,-164.0,594.0
8.9311,-204.0,594.0
8.9366,11.0,590.0
8.9413,160.0,590.0
8.9463,114.0,590.0
8.9513,-142.0,590.0
8.9561,-114.0,592.0
8.9612,125.0,590.0
8.9663,-53.0,588.0
8.9713,-139.0,590.0
8.9763,250.0,588.0
8.9812,208.0,590.0
8.9862,-312.0,588.0
8.9912,-310.0,590.0
8.9963,205.0,588.0
9.0013,378.0,592.0
9.0061,-7.0,590.0
9.0112,-311.0,592.0
9.0161,-135.0,590.0
9.0213,113.0,588.0
9.0264,94.0,584.0
9.0313,51.0,584.0
9.0362,117.0,578.0
9.0412,-51.0,572.0
9.0461,-346.0,574.0
9.0511,-85.0,566.0
9.057,409.0,570.0
9.0611,265.0,570.0
9.0662,-245.0,572.0
9.0711,-403.0,578.0
9.0762,-38.0,576.0
9.0813,417.0,576.0
9.0863,256.0,576.0
9.0913,-306.0,570.0
9.0962,-271.0,570.0
9.1011,200.0,562.0
9.1062,98.0,562.0
9.1118,-207.0,556.0
9.1167,88.0,558.0
9.1213,288.0,558.0
9.1269,-122.0,560.0
9.1317,-329.0,562.0
9.1361,-12.0,556.0
9.1412,261.0,558.0
9.1463,201.0,548.0
9.1516,-92.0,542.0
9.1562,-311.0,530.0
9.1611,-83.0,522.0
9.1663,306.0,510.0
9.1713,138.0,500.0
9.1764,-261.0,494.0
9.1812,-50.0,482.0
9.1861,252.0,484.0
9.1913,-54.0,472.0
9.1962,-251.0,468.0
9.2011,72.0,452.0
9.2061,211.0,444.0
9.2111,-29.0,430.0
9.2167,-160.0,424.0
9.2213,-13.0,416.0
9.2263,142.0,414.0
9.2311,20.0,414.0
9.2364,-154.0,412.0
9.2412,31.0,408.0
9.2461,182.0,408.0
9.2513,-119.0,404.0
9.2565,-196.0,404.0
9.2613,168.0,404.0
9.2662,145.0,404.0
9.2712,-136.0,404.0
9.2761,-22.0,404.0
9.2811,32.0,400.0
9.2863,-133.0,402.0
9.2912,83.0,402.0
9.2962,272.0,406.0
9.3013,-120.0,408.0
9.3063,-331.0,412.0
9.3115,46.0,410.0
9.3162,297.0,414.0
9.3212,99.0,410.0
9.3261,-199.0,410.0
9.3311,-226.0,406.0
9.3361,63.0,404.0
9.3412,212.0,400.0
9.3463,28.0,396.0
9.3513,-60.0,392.0
9.3562,7.0,388.0
9.3613,-64.0,388.0
9.3663,-102.0,390.0
9.3712,74.0,386.0
9.3762,115.0,384.0
9.3814,-89.0,380.0
9.3863,-71.0,374.0
9.3912,186.0,374.0
9.3963,96.0,370.0
9.4012,-253.0,372.0
9.4063,-177.0,376.0
9.4112,217.0,374.0
9.4162,211.0,370.0
9.4213,-156.0,368.0
9.4264,-190.0,362.0
9.4316,125.0,360.0
9.4362,154.0,354.0
9.4412,-98.0,356.0
9.4461,-103.0,354.0
9.4511,63.0,350.0
9.4562,45.0,352.0
9.4611,-31.0,346.0
9.4668,-11.0,346.0
9.471,2.0,340.0
9.4765,12.0,340.0
9.481,23.0,336.0
9.4863,-65.0,336.0
9.4911,-58.0,334.0
9.4962,227.0,336.0
9.5011,137.0,336.0
9.5062,-465.0,340.0
9.5112,-282.0,338.0
9.5162,583.0,342.0
9.5212,397.0,340.0
9.5262,-453.0,346.0
9.5311,-345.0,344.0
9.5362,201.0,344.0
9.5415,130.0,340.0
9.5463,-38.0,334.0
9.5511,83.0,330.0
9.5562,17.0,326.0
9.5612,-160.0,322.0
9.5662,-47.0,322.0
9.5714,120.0,320.0
9.5763,41.0,320.0
9.5812,-74.0,318.0
9.5862,-7.0,318.0
9.5915,81.0,316.0
9.5961,-5.0,314.0
9.6012,-104.0,314.0
9.6064,-7.0,314.0
9.6112,95.0,312.0
9.6162,18.0,310.0
9.6212,-64.0,306.0
9.6263,-18.0,302.0
9.6311,33.0,298.0
9.6361,15.0,296.0
9.6412,21.0,290.0
9.6461,1.0,290.0
9.6513,-120.0,286.0
9.6564,-47.0,286.0
9.6611,196.0,286.0
9.6661,93.0,286.0
9.6712,-184.0,288.0
9.6762,-95.0,288.0
9.6813,116.0,290.0
9.6862,54.0,284.0
9.6918,-54.0,284.0
9.6965,-12.0,278.0
9.7011,16.0,274.0
9.7063,-15.0,270.0
9.7112,0.0,264.0
9.7162,36.0,264.0
9.7212,6.0,258.0
9.7262,-44.0,254.0
9.7313,-15.0,250.0
9.7361,46.0,246.0
9.7411,4.0,244.0
9.7461,-64.0,242.0
9.7512,18.0,240.0
9.7561,96.0,240.0
9.7612,-24.0,236.0
9.7662,-104.0,236.0
9.7715,10.0,230.0
9.7761,67.0,232.0
9.7811,2.0,228.0
9.7861,-11.0,224.0
9.7912,-4.0,222.0
9.7961,-23.0,218.0
9.8018,12.0,218.0
9.8061,24.0,212.0
9.8116,-31.0,212.0
9.8162,-5.0,208.0
9.8212,41.0,208.0
9.8262,-2.0,204.0
9.8312,-23.0,202.0
9.8361,-16.0,198.0
9.8411,-17.0,198.0
9.8462,41.0,196.0
9.8513,60.0,196.0
9.8562,-33.0,194.0
9.8613,-71.0,194.0
9.8663,-8.0,192.0
9.8711,26.0,192.0
9.8761,55.0,192.0
9.8815,70.0,192.0
9.8861,-69.0,190.0
9.8912,-168.0,190.0
9.8961,35.0,188.0
9.9011,200.0,188.0
9.9061,7.0,186.0
9.912,-148.0,186.0
9.9167,-10.0,186.0
9.921,64.0,188.0
9.9261,-29.0,186.0
9.9316,5.0,184.0
9.9361,89.0,182.0
9.9413,-47.0,180.0
9.9469,-155.0,178.0
9.951,19.0,178.0
9.9561,226.0,176.0
9.9611,116.0,176.0
9.9667,-270.0,178.0
9.9715,-289.0,178.0
9.9762,225.0,182.0
9.9812,343.0,184.0
9.9861,-105.0,184.0
9.9911,-223.0,186.0
9.9961,18.0,186.0
10.0012,58.0,186.0
10.0062,-19.0,186.0
10.0111,-15.0,184.0
10.0161,31.0,184.0
10.0211,103.0,184.0
10.0266,34.0,184.0
10.0311,-169.0,182.0
10.0361,-141.0,184.0
10.0411,96.0,180.0
10.0461,185.0,182.0
10.0511,33.0,178.0
10.0561,-139.0,178.0
10.0613,-65.0,176.0
10.0661,67.0,174.0
10.0713,-28.0,172.0
10.076,-35.0,170.0
10.0811,153.0,172.0
10.086,46.0,170.0
10.0911,-214.0,172.0
10.0961,-58.0,172.0
10.1011,181.0,176.0
10.1068,42.0,176.0
10.1111,-86.0,178.0
10.1161,-4.0,176.0
10.1211,-23.0,176.0
10.1264,-35.0,176.0
10.1311,147.0,178.0
10.1361,73.0,176.0
10.1413,-276.0,178.0
10.1462,-98.0,172.0
10.1511,338.0,172.0
10.156,69.0,164.0
10.1611,-299.0,164.0
10.1661,42.0,156.0
10.171,245.0,156.0
10.1762,-162.0,154.0
10.1811,-251.0,156.0
10.186,155.0,158.0
10.1911,270.0,162.0
10.196,-13.0,162.0
10.2011,-228.0,162.0
10.2061,-128.0,164.0
10.2111,139.0,164.0
10.2161,149.0,166.0
10.2211,-92.0,166.0
10.2261,-76.0,166.0
10.2311,148.0,168.0
10.2361,18.0,168.0
10.2411,-256.0,170.0
10.2462,-27.0,170.0
10.2511,286.0,174.0
10.2561,67.0,174.0
10.2614,-184.0,176.0
10.2661,-69.0,178.0
10.2711,-29.0,178.0
10.2761,-37.0,178.0
10.2811,343.0,182.0
10.2861,312.0,188.0
10.2911,-602.0,194.0
10.2961,-667.0,204.0
10.3012,530.0,210.0
10.3061,837.0,222.0
10.3113,-137.0,220.0
10.3163,-661.0,230.0
10.3211,-197.0,230.0
10.3261,268.0,234.0
10.3313,161.0,236.0
10.3361,88.0,238.0
10.3413,167.0,240.0
10.3461,-235.0,242.0
10.3511,-440.0,250.0
10.3561,161.0,252.0
10.361,388.0,258.0
10.3668,-4.0,258.0
10.3711,-53.0,258.0
10.3761,-65.0,258.0
10.3812,-285.0,262.0
10.3863,-7.0,262.0
10.391,365.0,266.0
10.3961,136.0,268.0
10.4011,-121.0,268.0
10.4062,-177.0,270.0
10.4111,-256.0,274.0
10.4171,52.0,274.0
10.4214,426.0,280.0
10.4263,159.0,282.0
10.4312,-192.0,286.0
10.4362,-244.0,290.0
10.4413,-232.0,292.0
10.4464,93.0,294.0
10.4511,457.0,300.0
10.4561,117.0,302.0
10.4611,-384.0,308.0
10.4661,-157.0,310.0
10.4711,236.0,314.0
10.476,45.0,314.0
10.4813,-171.0,316.0
10.4873,43.0,316.0
10.4912,132.0,318.0
10.4966,-17.0,316.0
10.5011,-35.0,316.0
10.5061,-64.0,318.0
10.5113,-123.0,318.0
10.5161,16.0,318.0
10.5211,278.0,322.0
10.5264,304.0,324.0
10.5318,-241.0,326.0
10.5367,-693.0,336.0
10.5412,-85.0,334.0
10.5465,708.0,346.0
10.5512,393.0,350.0
10.5572,-295.0,354.0
10.5611,-309.0,358.0
10.566,-96.0,358.0
10.5711,-68.0,360.0
10.5761,145.0,360.0
10.5812,354.0,366.0
10.5861,-31.0,364.0
10.5911,-418.0,370.0
10.5962,82.0,368.0
10.6011,453.0,372.0
10.6061,-278.0,372.0
10.6111,-562.0,378.0
10.616,298.0,378.0
10.621,529.0,382.0
10.6261,-6.0,380.0
10.632,-142.0,378.0
10.6361,-324.0,384.0
10.6411,-426.0,388.0
10.6462,328.0,394.0
10.6511,731.0,404.0
10.6563,49.0,406.0
10.6611,-470.0,410.0
10.6661,-442.0,418.0
10.6716,-176.0,418.0
10.6761,398.0,422.0
10.6811,674.0,430.0
10.6862,63.0,428.0
10.6912,-699.0,438.0
10.6969,-486.0,444.0
10.701,404.0,450.0
10.706,564.0,458.0
10.711,-116.0,458.0
10.7161,-403.0,464.0
10.7211,-21.0,462.0
10.7261,286.0,466.0
10.7316,47.0,464.0
10.736,-382.0,468.0
10.7413,9.0,466.0
10.7463,626.0,476.0
10.7511,-135.0,476.0
10.7561,-810.0,488.0
10.7614,240.0,492.0
10.7662,759.0,504.0
10.7712,-277.0,506.0
10.7761,-456.0,512.0
10.7811,337.0,512.0
10.7861,78.0,512.0
10.791,-451.0,514.0
10.7965,145.0,514.0
10.8011,456.0,518.0
10.8063,-183.0,520.0
10.8118,-202.0,518.0
10.8161,237.0,520.0
10.8211,-162.0,518.0
10.8269,-400.0,522.0
10.8312,314.0,524.0
10.8361,463.0,530.0
10.8411,-148.0,528.0
10.8461,-234.0,530.0
10.8511,-97.0,530.0
10.8561,-146.0,530.0
10.8613,144.0,530.0
10.8662,368.0,536.0
10.871,13.0,534.0
10.8761,-294.0,538.0
10.881,-140.0,536.0
10.886,63.0,536.0
10.8912,81.0,532.0
10.896,97.0,534.0
10.901,57.0,532.0
10.9061,-108.0,532.0
10.9116,-80.0,532.0
10.916,65.0,534.0
10.9211,-47.0,528.0
10.9261,-77.0,524.0
10.9311,191.0,518.0
10.9363,159.0,510.0
10.9412,-241.0,506.0
10.9461,-237.0,496.0
10.9514,208.0,498.0
10.9563,227.0,492.0
10.9613,-166.0,490.0
10.9663,-128.0,488.0
10.9713,151.0,488.0
10.9763,35.0,488.0
10.9814,-123.0,486.0
10.9861,-22.0,484.0
10.9918,29.0,476.0
10.9962,59.0,476.0
11.0013,113.0,472.0
11.0062,-78.0,472.0
11.0113,-252.0,476.0
11.0162,4.0,474.0
11.0215,369.0,476.0
11.0263,163.0,478.0
11.0312,-436.0,480.0
11.0372,-268.0,482.0
11.0413,407.0,486.0
11.0461,144.0,486.0
11.0511,-325.0,486.0
11.0563,125.0,488.0
11.0612,289.0,486.0
11.0664,-307.0,488.0
11.0712,-301.0,490.0
11.0761,334.0,490.0
11.0811,282.0,492.0
11.0863,-320.0,496.0
11.092,-224.0,492.0
11.0961,318.0,494.0
11.1011,202.0,492.0
11.1063,-258.0,494.0
11.1114,-222.0,494.0
11.1163,100.0,494.0
11.1217,167.0,494.0
11.1263,109.0,494.0
11.1311,42.0,494.0
11.1365,-250.0,498.0
11.1414,-305.0,502.0
11.1462,210.0,504.0
11.1511,419.0,508.0
11.1563,-28.0,508.0
11.1614,-288.0,508.0
11.1661,-109.0,506.0
11.172,28.0,502.0
11.176,77.0,492.0
11.1814,142.0,494.0
11.1862,58.0,484.0
11.1913,-121.0,480.0
11.1963,-103.0,476.0
11.2011,-1.0,472.0
11.2062,-42.0,470.0
11.2111,76.0,470.0
11.2161,271.0,472.0
11.2211,-69.0,468.0
11.2263,-416.0,474.0
11.2311,50.0,468.0
11.2361,415.0,474.0
11.2412,-47.0,468.0
11.2461,-296.0,468.0
11.2512,48.0,460.0
11.2563,126.0,456.0
11.2611,-32.0,448.0
11.2661,13.0,450.0
11.2716,-21.0,448.0
11.276,-63.0,444.0
11.2812,113.0,438.0
11.2863,19.0,434.0
11.2913,-214.0,426.0
11.2961,48.0,426.0
11.3011,279.0,422.0
11.3064,-35.0,416.0
11.3111,-257.0,418.0
11.3162,-68.0,412.0
11.3212,124.0,404.0
11.3261,144.0,404.0
11.3311,98.0,396.0
11.3361,-86.0,390.0
11.3416,-309.0,388.0
11.3463,-76.0,380.0
11.3513,360.0,384.0
11.3561,226.0,382.0
11.3622,-243.0,384.0
11.3662,-292.0,384.0
11.3713,99.0,386.0
11.3762,286.0,384.0
11.3811,-14.0,384.0
11.3872,-226.0,378.0
11.3911,-12.0,376.0
11.3964,133.0,366.0
11.4012,-4.0,362.0
11.4062,-51.0,350.0
11.4119,32.0,346.0
11.416,8.0,340.0
11.4211,-18.0,334.0
11.4264,0.0,334.0
11.4313,-56.0,328.0
11.4361,6.0,326.0
11.4411,150.0,320.0
11.446,24.0,318.0
11.451,-165.0,318.0
11.456,-109.0,316.0
11.461,48.0,314.0
11.4661,174.0,310.0
11.4718,122.0,306.0
11.4762,-129.0,302.0
11.4813,-216.0,302.0
11.4862,-10.0,300.0
11.4911,200.0,300.0
11.4963,146.0,300.0
11.5018,-127.0,300.0
11.5063,-200.0,298.0
11.5121,48.0,298.0
11.516,150.0,296.0
11.5211,3.0,294.0
11.5261,0.0,294.0
11.531,0.0,292.0
11.5361,-205.0,294.0
11.5413,-75.0,294.0
11.5463,347.0,298.0
11.552,201.0,300.0
11.5571,-300.0,304.0
11.5614,-284.0,306.0
11.5662,79.0,306.0
11.5712,284.0,308.0
11.5766,168.0,308.0
11.5811,-236.0,308.0
11.5863,-317.0,310.0
11.5914,114.0,308.0
11.596,292.0,310.0
11.6018,62.0,308.0
11.6062,-86.0,306.0
11.611,-85.0,306.0
11.6168,-133.0,308.0
11.6213,-149.0,308.0
11.6261,150.0,310.0
11.6311,419.0,316.0
11.6368,11.0,316.0
11.6411,-507.0,322.0
11.6464,-162.0,322.0
11.6519,427.0,326.0
11.6563,224.0,328.0
11.6611,-216.0,326.0
11.6666,-192.0,326.0
11.6719,-82.0,322.0
11.6772,45.0,318.0
11.6811,275.0,316.0
11.6873,131.0,316.0
11.6911,-229.0,314.0
11.697,-197.0,316.0
11.701,63.0,312.0
11.7062,164.0,310.0
11.7111,36.0,306.0
11.7161,-183.0,302.0
11.7211,-16.0,298.0
11.726,326.0,298.0
11.731,-54.0,296.0
11.7361,-508.0,300.0
11.7413,75.0,298.0
11.7462,582.0,302.0
11.751,-38.0,300.0
11.7567,-482.0,306.0
11.761,20.0,304.0
11.7672,259.0,306.0
11.7711,-82.0,306.0
11.7766,-35.0,302.0
11.7811,223.0,302.0
11.7862,-71.0,300.0
11.7916,-342.0,298.0
11.7961,58.0,298.0
11.8013,312.0,298.0
11.8062,-61.0,298.0
11.811,-156.0,300.0
11.8172,164.0,302.0
11.821,50.0,300.0
11.8262,-250.0,304.0
11.8311,-56.0,302.0
11.8361,191.0,304.0
11.8411,65.0,304.0
11.846,-43.0,304.0
11.8511,-1.0,304.0
11.8562,-50.0,300.0
11.8611,-86.0,300.0
11.866,27.0,294.0
11.871,115.0,296.0
11.8761,54.0,290.0
11.8812,-63.0,290.0
11.8861,-92.0,286.0
11.8913,-7.0,286.0
11.8961,58.0,284.0
11.9013,32.0,284.0
11.9063,-3.0,284.0
11.9113,-11.0,284.0
11.9163,-41.0,284.0
11.9211,-38.0,282.0
11.926,111.0,284.0
11.931,115.0,282.0
11.9361,-205.0,286.0
11.9412,-203.0,284.0
11.9462,228.0,288.0
11.9516,247.0,286.0
11.9561,-126.0,288.0
11.9611,-199.0,290.0
11.966,-8.0,286.0
11.9717,78.0,286.0
11.9761,53.0,286.0
11.9818,29.0,282.0
11.986,0.0,280.0
11.9917,-50.0,276.0
11.9965,-65.0,274.0
12.0012,-13.0,270.0
12.006,65.0,266.0
12.011,94.0,266.0
12.0165,-3.0,262.0
12.0211,-125.0,264.0
12.0263,-63.0,260.0
12.0312,106.0,262.0
12.0361,97.0,262.0
12.041,-74.0,262.0
12.046,-99.0,264.0
12.0524,47.0,264.0
12.0569,76.0,264.0
12.0612,-21.0,264.0
12.0661,-34.0,266.0
12.0711,4.0,264.0
12.076,-1.0,264.0
12.0812,-4.0,262.0
12.0861,4.0,262.0
12.0912,4.0,260.0
12.0983,7.0,258.0
12.1011,13.0,258.0
12.1068,22.0,254.0
12.111,-17.0,254.0
12.1165,-92.0,252.0
12.1211,-30.0,250.0
12.126,133.0,252.0
12.131,84.0,250.0
12.136,-120.0,250.0
12.1411,-86.0,248.0
12.1461,93.0,248.0
12.151,44.0,248.0
12.156,-85.0,246.0
12.161,-18.0,246.0
12.1661,102.0,248.0
12.1714,36.0,248.0
12.1762,-120.0,248.0
12.1811,-71.0,246.0
12.1861,96.0,244.0
12.1912,57.0,240.0
12.1961,-25.0,236.0
12.201,32.0,232.0
12.206,-36.0,232.0
12.211,-138.0,230.0
12.2162,34.0,228.0
12.2211,160.0,226.0
12.2262,17.0,222.0
12.2316,-38.0,220.0
12.2361,-46.0,216.0
12.241,-165.0,218.0
12.246,0.0,216.0
12.251,289.0,220.0
12.2563,100.0,220.0
12.2618,-238.0,220.0
12.2662,-174.0,222.0
12.271,88.0,216.0
12.276,173.0,218.0
12.2813,36.0,212.0
12.2863,-111.0,210.0
12.2912,-85.0,206.0
12.296,37.0,202.0
12.301,81.0,200.0
12.3061,14.0,198.0
12.3113,-54.0,196.0
12.3161,-35.0,196.0
12.3222,18.0,192.0
12.326,37.0,192.0
12.331,27.0,188.0
12.3363,-23.0,186.0
12.3416,-87.0,186.0
12.3462,-20.0,184.0
12.3512,168.0,186.0
12.3566,96.0,184.0
12.361,-248.0,188.0
12.3661,-173.0,186.0
12.3719,262.0,188.0
12.3761,195.0,184.0
12.3811,-194.0,186.0
12.3861,-126.0,178.0
12.391,114.0,180.0
12.3961,2.0,172.0
12.4012,-102.0,174.0
12.4061,95.0,170.0
12.4111,160.0,172.0
12.4161,-107.0,174.0
12.4212,-212.0,174.0
12.4263,53.0,172.0
12.4311,191.0,170.0
12.4392,-13.0,170.0
12.4411,-112.0,166.0
12.4472,31.0,166.0
12.451,46.0,164.0
12.456,-61.0,162.0
12.461,-30.0,162.0
12.466,26.0,160.0
12.471,32.0,158.0
12.476,79.0,156.0
12.4811,-12.0,156.0
12.4882,-179.0,158.0
12.491,-29.0,158.0
12.496,214.0,162.0
12.501,71.0,162.0
12.506,-181.0,164.0
12.5119,-106.0,164.0
12.5161,103.0,164.0
12.5222,92.0,164.0
12.5264,-48.0,164.0
12.531,66.0,164.0
12.5362,142.0,166.0
12.5413,-312.0,170.0
12.5462,-394.0,176.0
12.5512,351.0,182.0
12.556,582.0,190.0
12.5611,-27.0,190.0
12.5662,-450.0,196.0
12.5712,-381.0,200.0
12.5761,16.0,196.0
12.581,500.0,202.0
12.5872,396.0,204.0
12.591,-301.0,204.0
12.596,-499.0,210.0
12.6011,62.0,208.0
12.6061,340.0,214.0
12.611,0.0,212.0
12.6161,-169.0,214.0
12.6211,95.0,216.0
12.6265,125.0,218.0
12.6312,-184.0,220.0
12.6361,-131.0,220.0
12.6411,152.0,222.0
12.646,38.0,222.0
12.6513,-50.0,222.0
12.6562,163.0,224.0
12.6612,4.0,222.0
12.666,-299.0,226.0
12.6711,-55.0,224.0
12.676,212.0,226.0
12.681,138.0,228.0
12.6865,72.0,228.0
12.691,-125.0,228.0
12.697,-364.0,232.0
12.7011,-53.0,234.0
12.7061,433.0,240.0
12.7112,216.0,244.0
12.7161,-296.0,248.0
12.7211,-120.0,250.0
12.7269,232.0,254.0
12.7311,-147.0,256.0
12.736,-322.0,260.0
12.7413,298.0,264.0
12.7463,350.0,270.0
12.751,-268.0,274.0
12.7563,-227.0,276.0
12.761,214.0,278.0
12.766,122.0,278.0
12.7711,-188.0,280.0
12.7762,-138.0,280.0
12.781,98.0,280.0
12.7861,177.0,282.0
12.7917,55.0,282.0
12.7963,-158.0,284.0
12.8011,-171.0,286.0
12.8071,124.0,286.0
12.8111,175.0,288.0
12.816,-158.0,288.0
12.822,-25.0,288.0
12.8275,320.0,292.0
12.8311,-192.0,294.0
12.8362,-527.0,302.0
12.8411,268.0,306.0
12.8461,547.0,314.0
12.8512,-160.0,314.0
12.8561,-281.0,318.0
12.8611,95.0,316.0
12.8662,-58.0,316.0
12.8712,-241.0,320.0
12.876,178.0,322.0
12.882,422.0,326.0
12.8874,-55.0,328.0
12.8915,-363.0,328.0
12.896,-78.0,328.0
12.901,78.0,326.0
12.9059,52.0,324.0
12.9113,185.0,324.0
12.916,64.0,324.0
12.9211,-262.0,326.0
12.926,-140.0,328.0
12.932,139.0,328.0
12.9362,180.0,330.0
12.9411,164.0,332.0
12.9462,-174.0,334.0
12.9513,-573.0,342.0
12.9561,-41.0,342.0
12.9611,856.0,356.0
12.9661,512.0,362.0
12.971,-803.0,374.0
12.9762,-965.0,390.0
12.9811,486.0,396.0
12.986,1087.0,412.0
12.9911,-195.0,414.0
12.9962,-850.0,424.0
13.001,117.0,422.0
13.0061,413.0,426.0
13.0111,-256.0,426.0
13.0173,88.0,424.0
13.0211,553.0,430.0
13.0262,-502.0,436.0
13.0311,-824.0,448.0
13.0361,646.0,458.0
13.041,792.0,468.0
13.046,-523.0,474.0
13.0511,-417.0,478.0
13.0563,324.0,482.0
13.0611,-1.0,478.0
13.0663,-231.0,482.0
13.072,122.0,480.0
13.076,295.0,486.0
13.0812,156.0,486.0
13.0861,-344.0,490.0
13.0913,-615.0,500.0
13.0967,103.0,500.0
13.1015,911.0,514.0
13.106,411.0,520.0
13.1113,-848.0,532.0
13.1162,-813.0,544.0
13.1211,511.0,552.0
13.126,763.0,562.0
13.1318,-231.0,564.0
13.1361,-322.0,566.0
13.1421,289.0,570.0
13.1469,-115.0,568.0
13.1522,-581.0,576.0
13.1561,201.0,578.0
13.1611,710.0,586.0
13.1662,32.0,586.0
13.1712,-482.0,594.0
13.1763,-278.0,596.0
13.1811,166.0,594.0
13.1862,352.0,592.0
13.1911,-123.0,588.0
13.1961,-291.0,584.0
13.2013,364.0,590.0
13.2062,174.0,586.0
13.2111,-597.0,588.0
13.2162,-36.0,588.0
13.221,588.0,590.0
13.2264,-129.0,586.0
13.231,-382.0,588.0
13.2362,292.0,584.0
13.241,213.0,586.0
13.246,-372.0,586.0
13.2511,-220.0,590.0
13.2562,378.0,594.0
13.2612,345.0,598.0
13.266,-400.0,602.0
13.271,-476.0,606.0
13.2761,419.0,610.0
13.2816,505.0,616.0
13.2863,-348.0,622.0
13.2912,-323.0,626.0
13.2961,244.0,626.0
13.301,-11.0,626.0
13.306,-245.0,626.0
13.3121,198.0,628.0
13.3162,326.0,630.0
13.3211,-14.0,628.0
13.326,-302.0,632.0
13.3311,-335.0,636.0
13.3371,74.0,630.0
13.3413,412.0,636.0
13.3461,226.0,632.0
13.351,-81.0,630.0
13.3561,-358.0,632.0
13.3619,-326.0,634.0
13.3661,205.0,634.0
13.371,404.0,638.0
13.3761,93.0,636.0
13.381,-120.0,632.0
13.3862,-265.0,630.0
13.391,-218.0,630.0
13.3959,202.0,630.0
13.4012,371.0,632.0
13.4063,-27.0,630.0
13.411,-356.0,634.0
13.4161,-87.0,632.0
13.421,301.0,636.0
13.4271,72.0,634.0
13.4311,-318.0,638.0
13.4361,50.0,636.0
13.4412,444.0,640.0
13.4462,-160.0,642.0
13.4512,-566.0,648.0
13.4574,146.0,648.0
13.461,497.0,654.0
13.4661,-73.0,650.0
13.4713,-225.0,652.0
13.476,84.0,644.0
13.481,-52.0,640.0
13.4861,-188.0,636.0
13.4912,175.0,636.0
13.4966,319.0,636.0
13.501,-148.0,638.0
13.5068,-422.0,642.0
13.5119,58.0,640.0
13.5161,412.0,644.0
13.5211,-11.0,638.0
13.5266,-265.0,640.0
13.5311,58.0,636.0
13.5361,109.0,636.0
13.5422,-126.0,636.0
13.546,-76.0,638.0
13.5512,89.0,636.0
13.556,186.0,638.0
13.5611,79.0,634.0
13.5669,-348.0,638.0
13.5712,-264.0,640.0
13.576,394.0,644.0
13.5811,275.0,646.0
13.5861,-275.0,646.0
13.5911,-22.0,638.0
13.5961,143.0,640.0
13.601,-385.0,632.0
13.6061,-174.0,626.0
13.611,758.0,626.0
13.616,398.0,618.0
13.621,-912.0,624.0
13.6261,-674.0,618.0
13.6311,736.0,626.0
13.6368,796.0,626.0
13.6411,-343.0,628.0
13.6462,-702.0,634.0
13.652,7.0,630.0
13.6562,536.0,636.0
13.6611,120.0,630.0
13.6661,-470.0,630.0
13.6716,-118.0,618.0
13.676,518.0,616.0
13.681,112.0,606.0
13.6862,-590.0,606.0
13.692,-163.0,602.0
13.6961,591.0,606.0
13.7011,256.0,610.0
13.7061,-432.0,614.0
13.7111,-284.0,616.0
13.7173,131.0,614.0
13.721,168.0,614.0
13.7262,143.0,610.0
13.731,-2.0,602.0
13.736,-260.0,604.0
13.7413,-62.0,590.0
13.7461,243.0,588.0
13.7511,26.0,574.0
13.7561,-200.0,566.0
13.7611,-15.0,558.0
13.7661,169.0,548.0
13.7721,89.0,546.0
13.7761,-91.0,542.0
13.7811,-136.0,540.0
13.786,-26.0,538.0
13.791,77.0,530.0
13.7959,88.0,530.0
13.8013,-32.0,518.0
13.8062,-93.0,520.0
13.811,102.0,514.0
13.8169,105.0,510.0
13.8212,-198.0,512.0
13.8264,-142.0,508.0
13.8311,204.0,510.0
13.836,241.0,508.0
13.8411,-81.0,504.0
13.846,-410.0,508.0
13.8513,-163.0,502.0
13.8562,497.0,508.0
13.8611,430.0,506.0
13.866,-367.0,510.0
13.871,-536.0,512.0
13.876,98.0,508.0
13.8812,384.0,512.0
13.8862,117.0,508.0
13.891,-94.0,506.0
13.896,-155.0,502.0
13.901,-102.0,498.0
13.906,82.0,494.0
13.9111,111.0,488.0
13.9162,-57.0,482.0
13.9213,-66.0,476.0
13.926,110.0,472.0
13.931,135.0,468.0
13.936,-119.0,466.0
13.9413,-297.0,470.0
13.9462,26.0,468.0
13.9511,393.0,470.0
13.9571,74.0,466.0
13.9611,-350.0,472.0
13.966,-82.0,468.0
13.9716,242.0,466.0
13.9768,24.0,466.0
13.9811,-150.0,462.0
13.986,4.0,458.0
13.991,67.0,458.0
13.996,15.0,454.0
14.0012,32.0,448.0
14.0068,-30.0,446.0
14.0111,-113.0,442.0
14.0162,19.0,440.0
14.0211,120.0,440.0
14.0261,-18.0,436.0
14.0317,-67.0,434.0
14.0361,48.0,432.0
14.041,55.0,426.0
14.046,-66.0,428.0
14.0511,-178.0,424.0
14.0563,12.0,424.0
14.0618,376.0,424.0
14.0662,108.0,424.0
14.0711,-459.0,428.0
14.0765,-206.0,430.0
14.0812,347.0,428.0
14.0872,186.0,428.0
14.0919,-160.0,422.0
14.0963,-64.0,420.0
14.101,48.0,414.0
14.106,-51.0,414.0
14.1119,-37.0,410.0
14.116,96.0,410.0
14.1219,67.0,410.0
14.1263,-80.0,410.0
14.1316,-89.0,408.0
14.1361,25.0,404.0
14.1413,108.0,402.0
14.1466,63.0,398.0
14.1522,-121.0,398.0
14.156,-154.0,394.0
14.1611,94.0,396.0
14.1666,177.0,394.0
14.1711,-36.0,394.0
14.1767,-113.0,394.0
14.1811,4.0,392.0
14.1861,28.0,390.0
14.191,-14.0,390.0
14.1959,4.0,386.0
14.201,31.0,386.0
14.2062,12.0,380.0
14.2114,-38.0,378.0
14.2162,-27.0,372.0
14.221,47.0,368.0
14.2261,19.0,364.0
14.2311,-68.0,364.0
14.236,1.0,362.0
14.2411,86.0,358.0
14.246,-24.0,356.0
14.2511,-89.0,346.0
14.256,40.0,340.0
14.2611,77.0,326.0
14.2668,-44.0,316.0
14.271,-65.0,306.0
14.276,51.0,294.0
14.2813,76.0,290.0
14.2861,-62.0,280.0
14.2911,-107.0,282.0
14.296,49.0,274.0
14.301,114.0,274.0
14.306,-13.0,268.0
14.3111,-74.0,266.0
14.3162,-9.0,258.0
14.321,22.0,258.0
14.326,2.0,248.0
14.331,3.0,246.0
14.3361,15.0,236.0
14.3414,2.0,232.0
14.3469,-19.0,226.0
14.3512,-28.0,222.0
14.356,-10.0,220.0
14.361,51.0,218.0
14.366,68.0,218.0
14.3711,-52.0,218.0
14.3762,-100.0,216.0
14.3811,34.0,214.0
14.386,62.0,212.0
14.3911,-28.0,212.0
14.3962,19.0,210.0
14.4011,50.0,210.0
14.4061,-77.0,208.0
14.4111,-68.0,208.0
14.4162,82.0,208.0
14.421,47.0,206.0
14.4262,-58.0,208.0
14.431,0.0,206.0
14.4361,27.0,204.0
14.4411,-53.0,206.0
14.446,12.0,204.0
14.4511,107.0,204.0
14.456,-61.0,204.0
14.4611,-144.0,202.0
14.466,92.0,202.0
14.4711,140.0,200.0
14.4761,-85.0,198.0
14.482,-92.0,198.0
14.4892,47.0,192.0
14.4911,27.0,190.0
14.496,-2.0,182.0
14.5017,8.0,176.0
14.506,-33.0,172.0
14.5118,19.0,164.0
14.5162,53.0,162.0
14.5211,-106.0,158.0
14.526,-70.0,158.0
14.531,184.0,158.0
14.5361,85.0,158.0
14.5416,-184.0,158.0
14.5462,-83.0,158.0
14.5512,112.0,158.0
14.5561,60.0,158.0
14.561,-20.0,158.0
14.5666,-28.0,156.0
14.5712,-34.0,156.0
14.576,-5.0,154.0
14.581,9.0,150.0
14.586,21.0,148.0
14.5921,91.0,144.0
14.5964,21.0,144.0
14.6011,-177.0,140.0
14.6065,-105.0,142.0
14.611,159.0,140.0
14.616,142.0,142.0
14.6211,-59.0,140.0
14.6263,-84.0,142.0
14.6311,-29.0,140.0
14.636,-17.0,140.0
14.6411,54.0,142.0
14.646,78.0,142.0
14.651,-25.0,140.0
14.6564,-55.0,142.0
14.661,-8.0,140.0
14.6662,-13.0,140.0
14.671,13.0,138.0
14.676,29.0,138.0
14.6813,-32.0,138.0
14.6876,68.0,138.0
14.691,129.0,138.0
14.6968,-205.0,140.0
14.701,-259.0,138.0
14.7062,243.0,140.0
14.712,303.0,138.0
14.7161,-161.0,138.0
14.7211,-207.0,136.0
14.7269,73.0,134.0
14.731,36.0,132.0
14.7362,-62.0,132.0
14.7412,136.0,132.0
14.7468,110.0,134.0
14.751,-268.0,138.0
14.7564,-159.0,138.0
14.761,302.0,142.0
14.767,160.0,144.0
14.7713,-217.0,146.0
14.7761,-91.0,146.0
14.7811,88.0,146.0
14.786,-37.0,146.0
14.7924,-19.0,144.0
14.796,207.0,144.0
14.8012,62.0,144.0
14.8061,-356.0,146.0
14.811,-180.0,150.0
14.8171,367.0,154.0
14.821,262.0,158.0
14.8262,-217.0,160.0
14.8311,-213.0,164.0
14.836,53.0,164.0
14.8411,45.0,164.0
14.846,-32.0,164.0
14.851,136.0,166.0
14.8563,146.0,168.0
14.8611,-236.0,170.0
14.8661,-273.0,174.0
14.8711,246.0,178.0
14.8768,307.0,182.0
14.8816,-201.0,184.0
14.8861,-197.0,186.0
14.891,138.0,188.0
14.8963,-47.0,188.0
14.9016,-109.0,188.0
14.906,304.0,192.0
14.9116,149.0,194.0
14.9161,-412.0,200.0
14.9211,-204.0,202.0
14.926,355.0,206.0
14.931,191.0,208.0
14.9366,-262.0,210.0
14.9415,-109.0,210.0
14.9462,182.0,214.0
14.9512,-11.0,212.0
14.956,-16.0,212.0
14.961,199.0,216.0
14.9668,-228.0,218.0
14.9711,-436.0,226.0
14.9761,340.0,230.0
14.981,569.0,240.0
14.9861,-216.0,242.0
14.9911,-486.0,250.0
14.9961,20.0,250.0
15.0011,265.0,254.0
15.007,34.0,252.0
15.011,-65.0,252.0
15.0164,75.0,252.0
15.0211,-15.0,252.0
15.0264,-193.0,254.0
15.0316,-8.0,254.0
15.0362,159.0,256.0
15.041,40.0,256.0
15.046,44.0,256.0
15.0511,26.0,254.0
15.0562,-252.0,258.0
15.0622,-197.0,260.0
15.0661,260.0,262.0
15.0716,363.0,268.0
15.076,-46.0,268.0
15.0817,-377.0,274.0
15.087,-173.0,276.0
15.091,193.0,278.0
15.0973,179.0,280.0
15.101,10.0,278.0
15.106,8.0,276.0
15.111,-3.0,274.0
15.1169,-160.0,276.0
15.1216,-199.0,276.0
15.1261,88.0,278.0
15.131,346.0,282.0
15.136,144.0,284.0
15.1413,-251.0,288.0
15.1464,-288.0,292.0
15.1511,8.0,292.0
15.156,199.0,294.0
15.1611,152.0,296.0
15.1661,15.0,294.0
15.1711,-116.0,294.0
15.1761,-179.0,294.0
15.1811,-68.0,292.0
15.186,266.0,296.0
15.191,297.0,298.0
15.196,-321.0,302.0
15.2011,-459.0,310.0
15.2061,303.0,314.0
15.2111,450.0,320.0
15.2173,-186.0,324.0
15.2213,-251.0,328.0
15.2262,76.0,328.0
15.2319,-5.0,326.0
15.2361,-82.0,328.0
15.2412,157.0,328.0
15.246,186.0,328.0
15.2511,-171.0,328.0
15.2562,-295.0,332.0
15.2611,140.0,332.0
15.2661,344.0,336.0
15.2713,-131.0,338.0
15.2761,-306.0,342.0
15.2812,147.0,344.0
15.2862,172.0,346.0
15.291,-232.0,348.0
15.2967,51.0,348.0
15.301,429.0,356.0
15.306,-261.0,360.0
15.3111,-630.0,368.0
15.3161,292.0,372.0
15.321,628.0,382.0
15.3267,-156.0,384.0
15.331,-372.0,388.0
15.3362,47.0,384.0
15.3413,59.0,382.0
15.346,-53.0,378.0
15.351,56.0,374.0
15.356,27.0,372.0
15.361,96.0,372.0
15.3661,178.0,372.0
15.371,-312.0,376.0
15.3761,-457.0,384.0
15.381,336.0,386.0
15.386,563.0,394.0
15.391,-189.0,392.0
15.3968,-426.0,396.0
15.4011,80.0,392.0
15.4062,167.0,392.0
15.411,-111.0,392.0
15.416,62.0,390.0
15.4213,229.0,394.0
15.4262,-163.0,394.0
15.4311,-338.0,400.0
15.4363,130.0,398.0
15.4422,368.0,404.0
15.4461,-41.0,398.0
15.4511,-324.0,400.0
15.4562,-37.0,396.0
15.461,264.0,396.0
15.466,117.0,394.0
15.4711,-197.0,394.0
15.4769,-177.0,396.0
15.481,76.0,396.0
15.4862,119.0,398.0
15.4911,85.0,396.0
15.496,95.0,396.0
15.5011,-173.0,396.0
15.506,-339.0,396.0
15.511,76.0,394.0
15.5166,408.0,396.0
15.5211,170.0,394.0
15.5261,-214.0,394.0
15.5311,-370.0,398.0
15.5361,-116.0,400.0
15.5414,369.0,404.0
15.5463,335.0,404.0
15.5512,-252.0,406.0
15.5561,-319.0,404.0
15.5611,198.0,404.0
15.5659,160.0,402.0
15.5711,-239.0,402.0
15.5763,-16.0,398.0
15.581,263.0,400.0
15.5861,-114.0,400.0
15.5919,-198.0,402.0
15.5961,397.0,408.0
15.6011,195.0,408.0
15.6061,-760.0,416.0
15.6111,-397.0,416.0
15.616,767.0,422.0
15.6211,515.0,422.0
15.6263,-236.0,422.0
15.6313,-139.0,416.0
15.6362,-370.0,422.0
15.641,-547.0,426.0
15.646,514.0,434.0
15.6512,877.0,446.0
15.6563,-242.0,450.0
15.6611,-523.0,458.0
15.666,25.0,454.0
15.671,-90.0,456.0
15.676,-116.0,456.0
15.681,317.0,460.0
15.6867,272.0,464.0
15.6912,-75.0,464.0
15.6969,-192.0,462.0
15.701,-158.0,462.0
15.7061,-29.0,458.0
15.7111,68.0,454.0
15.7162,93.0,454.0
15.7211,170.0,452.0
15.726,85.0,450.0
15.7312,-279.0,452.0
15.7362,-341.0,454.0
15.7412,261.0,458.0
15.7462,518.0,466.0
15.751,-257.0,470.0
15.7563,-626.0,478.0
15.761,248.0,478.0
15.7662,692.0,488.0
15.7711,-137.0,484.0
15.7761,-640.0,492.0
15.7811,-19.0,488.0
15.786,437.0,490.0
15.7909,76.0,492.0
15.796,-190.0,492.0
15.8011,-35.0,490.0
15.8062,-27.0,490.0
15.811,71.0,490.0
15.8163,273.0,490.0
15.8212,-224.0,494.0
15.8262,-541.0,498.0
15.8311,297.0,498.0
15.8362,653.0,502.0
15.8411,-194.0,498.0
15.846,-465.0,502.0
15.8512,78.0,496.0
15.8563,92.0,494.0
15.8611,-106.0,492.0
15.8661,185.0,494.0
15.8711,230.0,496.0
15.8769,-238.0,500.0
15.8812,-310.0,502.0
15.8862,190.0,502.0
15.8916,321.0,504.0
15.8961,-178.0,502.0
15.901,-304.0,504.0
15.906,204.0,502.0
15.9112,251.0,504.0
15.9161,-235.0,504.0
15.9211,-145.0,504.0
15.9261,217.0,504.0
15.931,12.0,500.0
15.9363,-91.0,502.0
15.9413,113.0,496.0
15.9461,-134.0,494.0
15.951,-221.0,488.0
15.956,343.0,488.0
15.961,312.0,484.0
15.9661,-382.0,488.0
15.971,-326.0,486.0
15.9761,233.0,490.0
15.9811,207.0,492.0
15.986,-48.0,492.0
15.991,-38.0,492.0
15.996,-27.0,492.0
16.0012,-31.0,490.0
16.0062,-25.0,488.0
16.011,-44.0,484.0
16.016,153.0,478.0
16.0211,206.0,476.0
16.0262,-263.0,472.0
16.0312,-340.0,474.0
16.0374,276.0,472.0
16.0417,328.0,476.0
16.046,-214.0,476.0
16.051,-161.0,478.0
16.0565,196.0,480.0
16.061,-30.0,476.0
16.0661,-264.0,478.0
16.071,115.0,474.0
16.0759,304.0,478.0
16.0812,-106.0,474.0
16.0863,-216.0,476.0
16.091,108.0,472.0
16.0959,87.0,474.0
16.101,-147.0,472.0
16.1064,-48.0,470.0
16.111,154.0,470.0
16.1161,91.0,468.0
16.1211,-96.0,468.0
16.1261,-134.0,470.0
16.131,3.0,468.0
16.136,139.0,468.0
16.1411,78.0,468.0
16.146,-98.0,464.0
16.151,-91.0,464.0
16.1569,27.0,458.0
16.1612,18.0,456.0
16.1659,60.0,452.0
16.171,80.0,448.0
16.1761,-162.0,448.0
16.1811,-150.0,446.0
16.186,221.0,444.0
16.1911,179.0,442.0
16.1968,-159.0,440.0
16.2012,-132.0,440.0
16.2062,25.0,436.0
16.2109,-2.0,434.0
16.216,39.0,434.0
16.2211,130.0,432.0
16.2263,8.0,430.0
16.2313,-145.0,430.0
16.2361,-75.0,424.0
16.2411,55.0,422.0
16.246,79.0,412.0
16.251,89.0,406.0
16.2561,2.0,394.0
16.261,-238.0,390.0
16.2662,-145.0,388.0
16.2711,274.0,390.0
16.276,237.0,388.0
16.281,-109.0,382.0
16.2866,-156.0,376.0
16.2911,-142.0,364.0
16.296,-72.0,362.0
16.3009,268.0,358.0
16.306,301.0,362.0
16.311,-202.0,364.0
16.3162,-401.0,368.0
16.3218,52.0,364.0
16.326,338.0,366.0
16.3312,69.0,366.0
16.3362,-155.0,364.0
16.3412,-107.0,364.0
16.3463,-68.0,364.0
16.3511,33.0,364.0
16.3562,236.0,366.0
16.361,95.0,366.0
16.366,-282.0,368.0
16.3713,-122.0,366.0
16.3761,268.0,364.0
16.381,-17.0,360.0
16.386,-293.0,358.0
16.391,199.0,356.0
16.3961,324.0,352.0
16.4011,-310.0,352.0
16.4061,-309.0,346.0
16.411,311.0,350.0
16.416,327.0,344.0
16.4211,-174.0,346.0
16.426,-435.0,346.0
16.431,-50.0,346.0
16.4361,511.0,352.0
16.4414,214.0,354.0
16.4461,-378.0,360.0
16.4513,-203.0,362.0
16.4565,65.0,358.0
16.4628,55.0,356.0
16.4665,198.0,350.0
16.471,74.0,348.0
16.476,-253.0,340.0
16.4811,-57.0,338.0
16.4901,143.0,334.0
16.491,-105.0,334.0
16.496,-7.0,332.0
16.5011,296.0,336.0
16.506,-63.0,334.0
16.5122,-378.0,336.0
16.516,68.0,334.0
16.5211,299.0,334.0
16.5261,-65.0,332.0
16.531,-151.0,328.0
16.5363,94.0,328.0
16.5415,108.0,324.0
16.5462,-99.0,322.0
16.5511,-211.0,322.0
16.556,-1.0,318.0
16.5613,287.0,320.0
16.567,153.0,320.0
16.5712,-230.0,324.0
16.576,-229.0,326.0
16.581,132.0,326.0
16.5864,206.0,326.0
16.591,-68.0,324.0
16.5963,-143.0,322.0
16.6012,17.0,316.0
16.6061,73.0,312.0
16.611,36.0,308.0
16.6162,0.0,304.0
16.6209,-80.0,302.0
16.6264,-54.0,302.0
16.6312,108.0,302.0
16.636,54.0,304.0
16.6411,-120.0,304.0
16.646,-2.0,304.0
16.651,108.0,306.0
16.6562,-49.0,304.0
16.6611,-60.0,302.0
16.6661,76.0,298.0
16.671,-14.0,294.0
16.676,-99.0,290.0
16.6812,66.0,286.0
16.6861,118.0,284.0
16.6912,-53.0,284.0
16.696,-94.0,282.0
16.701,1.0,282.0
16.7063,17.0,278.0
16.7119,15.0,276.0
16.7161,50.0,272.0
16.721,32.0,270.0
16.7269,-38.0,268.0
16.731,-79.0,268.0
16.736,-40.0,266.0
16.7411,55.0,266.0
16.7461,91.0,266.0
16.7511,6.0,264.0
16.7562,-76.0,264.0
16.7616,-13.0,262.0
16.7661,71.0,262.0
16.7711,-24.0,262.0
16.7762,-119.0,262.0
16.781,16.0,260.0
16.786,145.0,260.0
16.7909,37.0,260.0
16.7961,-89.0,262.0
16.801,-49.0,262.0
16.806,6.0,260.0
16.8112,-6.0,260.0
16.8161,19.0,258.0
16.821,54.0,256.0
16.826,16.0,252.0
16.831,0.0,250.0
16.836,-37.0,248.0
16.8413,-145.0,248.0
16.846,-19.0,248.0
16.8511,239.0,252.0
16.8563,104.0,252.0
16.8611,-184.0,254.0
16.866,-111.0,256.0
16.871,56.0,254.0
16.8762,31.0,254.0
16.881,2.0,252.0
16.886,18.0,252.0
16.8911,19.0,250.0
16.896,37.0,250.0
16.9016,-23.0,248.0
16.906,-114.0,246.0
16.911,-17.0,242.0
16.916,105.0,240.0
16.9216,31.0,240.0
16.926,-26.0,238.0
16.9309,9.0,236.0
16.9359,-42.0,236.0
16.9414,-28.0,232.0
16.9461,90.0,228.0
16.9512,-11.0,224.0
16.9562,-144.0,220.0
16.9611,39.0,220.0
16.9662,172.0,218.0
16.9712,-1.0,218.0
16.9761,-123.0,216.0
16.9812,-58.0,216.0
16.9865,10.0,214.0
16.9909,80.0,216.0
16.9961,101.0,214.0
17.001,-42.0,212.0
17.0062,-149.0,210.0
17.0119,-19.0,210.0
17.0169,120.0,206.0
17.0209,45.0,208.0
17.027,-62.0,204.0
17.031,-15.0,200.0
17.0361,45.0,196.0
17.041,-31.0,192.0
17.046,-92.0,188.0
17.0512,46.0,184.0
17.0565,155.0,182.0
17.0612,-15.0,180.0
17.0661,-165.0,176.0
17.071,-21.0,174.0
17.0761,117.0,168.0
17.0819,24.0,166.0
17.086,-72.0,160.0
17.091,-11.0,158.0
17.096,80.0,158.0
17.101,39.0,158.0
17.1061,-129.0,156.0
17.1111,-131.0,158.0
17.116,157.0,156.0
17.1219,235.0,158.0
17.126,-116.0,158.0
17.131,-260.0,160.0
17.1361,30.0,162.0
17.1412,171.0,160.0
17.1465,19.0,158.0
17.1515,-46.0,154.0
17.1562,18.0,152.0
17.1611,6.0,148.0
17.1661,-86.0,148.0
17.1722,-82.0,148.0
17.176,65.0,146.0
17.181,169.0,148.0
17.186,55.0,146.0
17.191,-146.0,146.0
17.1967,-152.0,148.0
17.2011,32.0,144.0
17.2062,139.0,144.0
17.2117,59.0,142.0
17.2161,-81.0,140.0
17.221,-96.0,138.0
17.2261,62.0,136.0
17.2312,121.0,138.0
17.236,-58.0,136.0
17.241,-118.0,138.0
17.246,37.0,136.0
17.2511,38.0,136.0
17.2562,-37.0,138.0
17.2612,53.0,138.0
17.2661,58.0,138.0
17.2717,-32.0,136.0
17.2761,-9.0,136.0
17.2812,-89.0,134.0
17.2862,-139.0,136.0
17.2911,150.0,138.0
17.296,257.0,140.0
17.3014,-80.0,142.0
17.3063,-204.0,144.0
17.3111,0.0,142.0
17.3161,31.0,142.0
17.321,-26.0,142.0
17.3265,74.0,140.0
17.331,102.0,142.0
17.336,-31.0,140.0
17.3413,-103.0,142.0
17.346,-59.0,142.0
17.3511,8.0,142.0
17.3561,86.0,142.0
17.361,86.0,144.0
17.366,-54.0,144.0
17.3712,-105.0,144.0
17.3761,27.0,144.0
17.381,59.0,144.0
17.386,-39.0,144.0
17.3911,21.0,144.0
17.3966,89.0,144.0
17.4014,-122.0,146.0
17.4062,-159.0,148.0
17.411,193.0,150.0
17.416,206.0,152.0
17.421,-180.0,154.0
17.4261,-171.0,154.0
17.4311,91.0,154.0
17.436,45.0,154.0
17.441,30.0,154.0
17.446,97.0,156.0
17.4511,-159.0,158.0
17.4581,-167.0,160.0
17.4619,236.0,162.0
17.467,125.0,164.0
17.471,-215.0,168.0
17.476,-7.0,168.0
17.4812,141.0,168.0
17.486,-93.0,168.0
17.491,-75.0,166.0
17.496,111.0,166.0
17.501,13.0,164.0
17.5061,-64.0,162.0
17.5118,48.0,162.0
17.516,3.0,162.0
17.521,-71.0,164.0
17.526,75.0,164.0
17.531,44.0,164.0
17.5362,-198.0,166.0
17.5412,-54.0,168.0
17.5461,303.0,170.0
17.5511,171.0,172.0
17.556,-272.0,176.0
17.561,-323.0,180.0
17.5666,88.0,180.0
17.5712,368.0,186.0
17.576,93.0,188.0
17.581,-294.0,192.0
17.5863,-125.0,192.0
17.5912,219.0,196.0
17.5959,54.0,194.0
17.601,-195.0,196.0
17.6061,-8.0,194.0
17.6109,164.0,196.0
17.6163,10.0,194.0
17.6209,-93.0,196.0
17.626,-27.0,196.0
17.631,34.0,194.0
17.6361,78.0,194.0
17.6415,-33.0,194.0
17.646,-192.0,194.0
17.6509,74.0,196.0
17.6559,310.0,198.0
17.661,-108.0,200.0
17.6661,-333.0,204.0
17.671,120.0,206.0
17.6761,252.0,208.0
17.681,-114.0,210.0
17.6861,-135.0,210.0
17.6919,94.0,212.0
17.696,7.0,210.0
17.7015,-77.0,210.0
17.706,141.0,210.0
17.7111,93.0,210.0
17.7161,-243.0,212.0
17.7211,-108.0,214.0
17.726,173.0,216.0
17.7309,-22.0,216.0
17.7362,81.0,216.0
17.742,385.0,222.0
17.7461,-304.0,224.0
17.751,-773.0,234.0
17.756,250.0,236.0
17.761,790.0,244.0
17.7659,21.0,242.0
17.7711,-320.0,244.0
17.776,-182.0,246.0
17.7811,-272.0,248.0
17.786,63.0,248.0
17.791,547.0,256.0
17.7967,135.0,258.0
17.8012,-452.0,264.0
17.8062,-153.0,266.0
17.811,231.0,268.0
17.816,-18.0,268.0
17.8209,-88.0,266.0
17.826,223.0,268.0
17.8312,75.0,268.0
17.836,-302.0,270.0
17.8416,-134.0,272.0
17.8459,166.0,272.0
17.851,162.0,274.0
17.8559,107.0,274.0
17.861,-71.0,274.0
17.8662,-261.0,276.0
17.871,-113.0,276.0
17.8759,127.0,278.0
17.881,202.0,280.0
17.8868,111.0,280.0
17.8911,-79.0,280.0
17.8961,-128.0,282.0
17.901,-83.0,282.0
17.9059,-85.0,284.0
17.911,76.0,284.0
17.9173,230.0,288.0
17.921,48.0,286.0
17.926,-105.0,286.0
17.931,-48.0,284.0
17.9371,-139.0,282.0
17.9413,-196.0,284.0
17.946,186.0,284.0
17.951,455.0,292.0
17.9572,16.0,292.0
17.961,-412.0,298.0
17.9663,-197.0,300.0
17.971,71.0,298.0
17.976,170.0,300.0
17.981,302.0,304.0
17.986,-28.0,304.0
17.9911,-472.0,310.0
17.9961,-103.0,312.0
18.001,308.0,314.0
18.0061,183.0,316.0
18.0109,189.0,318.0
18.0161,-129.0,320.0
18.0211,-775.0,330.0
18.0259,-105.0,332.0
18.031,1085.0,348.0
18.0361,367.0,352.0
18.041,-1019.0,366.0
18.0467,-503.0,372.0
18.051,788.0,382.0
18.0567,530.0,386.0
18.061,-564.0,392.0
18.066,-512.0,398.0
18.071,255.0,400.0
18.076,436.0,406.0
18.0811,304.0,410.0
18.086,-180.0,412.0
18.091,-921.0,424.0
18.096,-279.0,426.0
18.1011,1091.0,438.0
18.1062,613.0,446.0
18.112,-683.0,454.0
18.116,-487.0,462.0
18.1219,139.0,462.0
18.1261,89.0,462.0
18.1315,142.0,462.0
18.1362,107.0,462.0
18.1417,-200.0,466.0
18.1461,-4.0,464.0
18.151,213.0,466.0
18.1562,-101.0,468.0
18.161,-173.0,470.0
18.1659,55.0,470.0
18.171,-11.0,470.0
18.1762,-56.0,466.0
18.181,306.0,470.0
18.1861,297.0,470.0
18.191,-506.0,476.0
18.1968,-622.0,482.0
18.2011,423.0,484.0
18.2064,680.0,492.0
18.2114,-177.0,490.0
18.216,-360.0,494.0
18.221,107.0,490.0
18.2259,-49.0,490.0
18.231,-346.0,492.0
18.236,108.0,492.0
18.241,647.0,500.0
18.2459,329.0,504.0
18.2511,-620.0,512.0
18.256,-835.0,524.0
18.2609,201.0,526.0
18.2661,821.0,538.0
18.271,204.0,542.0
18.277,-345.0,546.0
18.281,-265.0,548.0
18.2859,81.0,548.0
18.2911,206.0,550.0
18.296,-324.0,550.0
18.3012,-396.0,554.0
18.3064,579.0,558.0
18.311,683.0,566.0
18.3162,-399.0,568.0
18.321,-626.0,576.0
18.326,-6.0,574.0
18.3312,183.0,576.0
18.336,271.0,580.0
18.3413,276.0,584.0
18.3461,-343.0,586.0
18.3511,-459.0,592.0
18.3559,347.0,594.0
18.361,376.0,598.0
18.3659,-411.0,602.0
18.3712,-274.0,606.0
18.376,603.0,614.0
18.381,404.0,614.0
18.3859,-793.0,622.0
18.3909,-682.0,620.0
18.3962,758.0,628.0
18.4012,725.0,628.0
18.406,-567.0,636.0
18.4112,-341.0,636.0
18.4159,526.0,642.0
18.4209,-187.0,640.0
18.426,-705.0,650.0
18.4312,462.0,648.0
18.436,787.0,660.0
18.441,-460.0,660.0
18.4461,-442.0,664.0
18.4519,539.0,668.0
18.4562,-162.0,670.0
18.461,-887.0,684.0
18.466,429.0,686.0
18.4711,1196.0,704.0
18.476,-105.0,700.0
18.4812,-1047.0,716.0
18.486,-432.0,720.0
18.4912,406.0,724.0
18.4962,753.0,734.0
18.501,385.0,738.0
18.506,-752.0,746.0
18.5118,-877.0,758.0
18.5166,495.0,764.0
18.5211,744.0,772.0
18.5261,-119.0,772.0
18.5316,-3.0,770.0
18.536,-104.0,770.0
18.5412,-859.0,782.0
18.546,-4.0,782.0
18.551,1196.0,798.0
18.5559,164.0,798.0
18.561,-977.0,812.0
18.5659,19.0,812.0
18.5721,908.0,824.0
18.576,-267.0,826.0
18.581,-1326.0,844.0
18.5861,-53.0,842.0
18.591,1655.0,860.0
18.5961,857.0,874.0
18.601,-1381.0,890.0
18.6062,-1478.0,910.0
18.6127,736.0,920.0
18.616,1665.0,942.0
18.621,-77.0,940.0
18.6263,-1554.0,964.0
18.6312,-522.0,964.0
18.6361,1090.0,980.0
18.6409,853.0,988.0
18.6459,-335.0,990.0
18.6515,-660.0,998.0
18.6562,-202.0,998.0
18.6619,126.0,988.0
18.6659,95.0,988.0
18.6709,305.0,976.0
18.6759,501.0,978.0
18.6811,-384.0,968.0
18.6862,-1009.0,976.0
18.6911,151.0,966.0
18.696,959.0,974.0
18.7011,110.0,966.0
18.7062,-429.0,964.0
18.711,-104.0,962.0
18.716,-77.0,956.0
18.7211,-151.0,954.0
18.7269,161.0,954.0
18.731,293.0,944.0
18.7367,167.0,942.0
18.741,-20.0,926.0
18.7467,-533.0,924.0
18.7511,-484.0,922.0
18.7569,561.0,922.0
18.7625,690.0,932.0
18.7659,-314.0,934.0
18.7709,-345.0,938.0
18.7761,190.0,940.0
18.781,-203.0,940.0
18.7861,-316.0,944.0
18.7909,452.0,948.0
18.7959,394.0,952.0
18.801,-398.0,956.0
18.8062,-230.0,958.0
18.811,431.0,966.0
18.816,63.0,966.0
18.8211,-636.0,970.0
18.8263,-160.0,968.0
18.831,654.0,970.0
18.8362,431.0,968.0
18.841,-269.0,966.0
18.846,-616.0,964.0
18.851,-269.0,966.0
18.8577,614.0,970.0
18.861,580.0,978.0
18.866,-516.0,984.0
18.871,-537.0,988.0
18.8759,427.0,992.0
18.8818,294.0,986.0
18.886,-358.0,988.0
18.8909,-58.0,978.0
18.896,278.0,970.0
18.901,-68.0,968.0
18.9067,-192.0,958.0
18.9109,94.0,956.0
18.9159,145.0,954.0
18.921,-99.0,950.0
18.926,-181.0,952.0
18.9314,127.0,950.0
18.9361,272.0,950.0
18.9413,-96.0,946.0
18.9461,-292.0,940.0
18.9512,-72.0,932.0
18.956,133.0,928.0
18.9609,265.0,922.0
18.9659,160.0,924.0
18.9711,-261.0,926.0
18.9761,-386.0,926.0
18.981,39.0,924.0
18.986,358.0,924.0
18.9909,148.0,918.0
18.9959,-81.0,914.0
19.0012,-55.0,910.0
19.0061,-246.0,906.0
19.0109,-286.0,908.0
19.0161,332.0,902.0
19.0209,535.0,904.0
19.0271,-18.0,892.0
19.031,-339.0,888.0
19.036,-468.0,882.0
19.0411,-247.0,876.0
19.0467,671.0,878.0
19.051,694.0,882.0
19.0561,-474.0,882.0
19.0612,-496.0,886.0
19.0661,294.0,880.0
19.071,-197.0,876.0
19.076,-471.0,872.0
19.0809,677.0,874.0
19.0859,732.0,878.0
19.091,-532.0,878.0
19.0968,-562.0,886.0
19.101,91.0,872.0
19.1059,-60.0,866.0
19.1111,128.0,850.0
19.116,640.0,858.0
19.1225,-78.0,844.0
19.1271,-814.0,850.0
19.1312,34.0,844.0
19.136,693.0,842.0
19.1411,-85.0,838.0
19.1481,-542.0,834.0
19.1517,52.0,822.0
19.1563,405.0,820.0
19.1611,152.0,812.0
19.166,-186.0,812.0
19.173,-360.0,818.0
19.1761,-67.0,818.0
19.1821,388.0,810.0
19.1861,221.0,814.0
19.1912,-272.0,798.0
19.1971,-265.0,800.0
19.2023,153.0,788.0
19.2067,280.0,792.0
19.2109,-63.0,778.0
19.2163,-287.0,778.0
19.2211,-41.0,758.0
19.2273,246.0,762.0
19.2309,176.0,738.0
19.236,-156.0,728.0
19.241,-345.0,712.0
19.2459,38.0,688.0
19.251,556.0,686.0
19.2567,105.0,662.0
19.2611,-720.0,672.0
19.2665,-199.0,650.0
19.2714,687.0,654.0
19.2762,93.0,638.0
19.2815,-495.0,632.0
19.2865,203.0,630.0
19.2913,357.0,626.0
19.2964,-454.0,630.0
19.3011,-328.0,632.0
19.3061,507.0,638.0
19.3113,271.0,638.0
19.3164,-447.0,638.0
19.3221,-125.0,634.0
19.3261,368.0,624.0
19.3311,-44.0,622.0
19.3361,-247.0,610.0
19.3412,198.0,612.0
19.346,98.0,606.0
19.3512,-292.0,610.0
19.3561,2.0,608.0
19.3611,234.0,610.0
19.3662,-87.0,608.0
19.3714,-94.0,606.0
19.3759,201.0,606.0
19.381,140.0,608.0
19.3872,-180.0,602.0
19.3912,-386.0,600.0
19.3972,-102.0,594.0
19.4014,481.0,590.0
19.4067,405.0,592.0
19.4112,-263.0,590.0
19.4161,-403.0,594.0
19.4216,-36.0,592.0
19.4263,104.0,588.0
19.4309,223.0,584.0
19.436,251.0,582.0
19.4412,-307.0,580.0
19.4459,-472.0,584.0
19.4516,295.0,582.0
19.456,473.0,588.0
19.4609,-188.0,582.0
19.466,-273.0,584.0
19.4712,85.0,574.0
19.476,13.0,568.0
19.4814,-60.0,564.0
19.4865,144.0,558.0
19.4909,81.0,554.0
19.4959,-153.0,548.0
19.5009,-83.0,540.0
19.5059,87.0,532.0
19.5109,56.0,526.0
19.5159,-25.0,520.0
19.5216,-30.0,514.0
19.526,-21.0,510.0
19.5315,26.0,510.0
19.5359,74.0,506.0
19.5415,-33.0,506.0
19.5461,-125.0,504.0
19.551,26.0,504.0
19.5561,135.0,504.0
19.5611,-6.0,502.0
19.5664,-96.0,500.0
19.5717,-16.0,498.0
19.5764,38.0,494.0
19.5814,34.0,494.0
19.5863,12.0,490.0
19.591,-42.0,490.0
19.5969,-46.0,488.0
19.6014,35.0,484.0
19.6069,68.0,482.0
19.6111,-33.0,480.0
19.6162,-102.0,474.0
19.6211,71.0,476.0
19.6268,174.0,472.0
19.6309,-136.0,472.0
19.6359,-255.0,474.0
19.6418,148.0,476.0
19.6459,269.0,476.0
19.6518,-76.0,474.0
19.657,-172.0,470.0
19.6609,4.0,462.0
19.6659,28.0,462.0
19.6709,-9.0,458.0
19.6759,53.0,452.0
19.6816,65.0,448.0
19.6859,-35.0,438.0
19.6913,-108.0,430.0
19.696,-28.0,422.0
19.7011,122.0,416.0
19.7061,73.0,412.0
19.7113,-118.0,412.0
19.7167,-75.0,406.0
19.7209,99.0,396.0
19.726,39.0,386.0
19.7315,-73.0,378.0
19.7359,11.0,370.0
19.7416,48.0,370.0
19.7462,-47.0,370.0
19.7509,-37.0,368.0
19.756,52.0,358.0
19.7611,44.0,358.0
19.7672,-23.0,346.0
19.7715,-49.0,346.0
19.7759,-14.0,336.0
19.7811,37.0,334.0
19.7859,32.0,326.0
19.7909,-35.0,326.0
19.7961,-42.0,320.0
19.8015,92.0,320.0
19.8071,87.0,318.0
19.8109,-177.0,316.0
19.8161,-183.0,316.0
19.8211,180.0,314.0
19.8276,294.0,314.0
19.832,-51.0,312.0
19.8371,-350.0,312.0
19.8411,-119.0,312.0
19.8469,291.0,312.0
19.8512,191.0,314.0
19.8562,-154.0,312.0
19.8612,-122.0,314.0
19.8667,52.0,310.0
19.8718,0.0,308.0
19.8763,-39.0,306.0
19.8819,48.0,302.0
19.8874,66.0,302.0
19.8916,36.0,294.0
19.896,-52.0,292.0
19.901,-204.0,284.0
19.9061,-31.0,282.0
19.9112,311.0,276.0
19.916,132.0,276.0
19.921,-275.0,274.0
19.9259,-158.0,272.0
19.9311,157.0,270.0
19.937,96.0,264.0
19.941,-65.0,260.0
19.9483,-13.0,252.0
19.9512,25.0,248.0
19.956,-22.0,242.0
19.9611,1.0,240.0
19.9659,-2.0,234.0
19.9717,-75.0,234.0
19.9759,37.0,232.0
19.981,217.0,232.0
19.9864,8.0,230.0
19.9912,-334.0,230.0
19.9962,-132.0,232.0
20.0009,292.0,234.0
20.0064,194.0,236.0
20.0119,-109.0,236.0
20.0162,-103.0,234.0
20.0213,-54.0,232.0
20.0264,-49.0,230.0
20.031,95.0,226.0
20.0359,131.0,226.0
20.0415,-56.0,220.0
20.0462,-121.0,216.0
20.0512,14.0,212.0
20.057,88.0,206.0
20.0609,9.0,206.0
20.0665,-65.0,206.0
20.0715,-4.0,202.0
20.0762,58.0,200.0
20.0814,-54.0,196.0
20.0865,-105.0,190.0
20.0918,116.0,186.0
20.0964,210.0,182.0
20.1009,-87.0,182.0
20.1061,-265.0,180.0
20.1115,-21.0,180.0
20.116,184.0,182.0
20.1209,81.0,182.0
20.1262,-34.0,182.0
20.1311,-42.0,180.0
20.1359,-49.0,178.0
20.141,36.0,178.0
20.1461,54.0,178.0
20.1512,-198.0,180.0
20.1563,-104.0,182.0
20.161,416.0,188.0
20.1663,259.0,190.0
20.171,-432.0,198.0
20.1766,-369.0,202.0
20.181,201.0,204.0
20.186,274.0,206.0
20.1909,46.0,208.0
20.1959,-44.0,206.0
20.2018,-115.0,208.0
20.2066,-83.0,208.0
20.2109,30.0,208.0
20.216,-20.0,208.0
20.221,42.0,208.0
20.226,229.0,210.0
20.2316,-20.0,210.0
20.236,-339.0,214.0
20.2409,7.0,214.0
20.2459,338.0,218.0
20.2509,-91.0,220.0
20.2562,-360.0,224.0
20.2611,156.0,224.0
20.2661,387.0,228.0
20.271,-103.0,228.0
20.276,-263.0,228.0
20.281,41.0,226.0
20.286,0.0,222.0
20.2916,-116.0,222.0
20.2966,163.0,222.0
20.301,296.0,228.0
20.3059,-51.0,228.0
20.311,-398.0,234.0
20.3163,-213.0,236.0
20.321,296.0,240.0
20.3259,351.0,244.0
20.3309,-93.0,244.0
20.336,-249.0,248.0
20.3412,-18.0,246.0
20.3459,48.0,246.0
20.3509,0.0,244.0
20.3559,80.0,244.0
20.3609,64.0,244.0
20.366,-102.0,244.0
20.3709,-121.0,246.0
20.376,75.0,246.0
20.381,183.0,248.0
20.3859,-32.0,248.0
20.391,-230.0,252.0
20.396,-16.0,250.0
20.4019,202.0,252.0
20.4061,37.0,254.0
20.411,-78.0,254.0
20.4163,0.0,254.0
20.421,-75.0,254.0
20.426,-78.0,254.0
20.4311,148.0,256.0
20.436,145.0,258.0
20.4422,-88.0,258.0
20.446,-174.0,260.0
20.4509,-50.0,258.0
20.4567,156.0,258.0
20.461,158.0,256.0
20.4661,-91.0,254.0
20.4711,-147.0,256.0
20.476,25.0,250.0
20.481,43.0,248.0
20.4861,-41.0,244.0
20.4938,12.0,242.0
20.4965,147.0,242.0
20.5034,63.0,242.0
20.5073,-232.0,244.0
20.5119,-168.0,246.0
20.5182,200.0,248.0
20.5216,138.0,250.0
20.5263,-70.0,250.0
20.5316,9.0,250.0
20.5359,-108.0,250.0
20.5412,-77.0,248.0
20.546,329.0,254.0
20.5518,-23.0,250.0
20.556,-532.0,256.0
20.5611,138.0,254.0
20.566,581.0,260.0
20.571,-140.0,260.0
20.576,-413.0,264.0
20.581,102.0,266.0
20.5861,148.0,268.0
20.5911,-107.0,268.0
20.5959,44.0,268.0
20.601,108.0,270.0
20.6061,-173.0,274.0
20.6109,-39.0,272.0
20.617,383.0,278.0
20.621,-16.0,274.0
20.626,-639.0,284.0
20.631,-63.0,280.0
20.636,680.0,290.0
20.6415,182.0,288.0
20.647,-425.0,290.0
20.6511,-139.0,292.0
20.6561,120.0,292.0
20.661,-56.0,292.0
20.6659,13.0,292.0
20.6711,199.0,292.0
20.6765,-15.0,290.0
20.6812,-153.0,292.0
20.6859,51.0,292.0
20.6911,24.0,292.0
20.6964,-191.0,294.0
20.7017,-26.0,294.0
20.7059,318.0,298.0
20.7109,240.0,302.0
20.7161,-260.0,304.0
20.7209,-474.0,310.0
20.7259,3.0,310.0
20.7309,430.0,314.0
20.7359,218.0,314.0
20.7411,-78.0,314.0
20.7461,-169.0,312.0
20.7511,-244.0,316.0
20.7565,-108.0,314.0
20.761,198.0,316.0
20.767,390.0,322.0
20.771,198.0,324.0
20.776,-483.0,332.0
20.781,-618.0,340.0
20.7859,298.0,344.0
20.791,726.0,352.0
20.7959,46.0,352.0
20.8011,-431.0,352.0
20.8062,-239.0,352.0
20.8109,-27.0,346.0
20.8161,107.0,342.0
20.8209,289.0,342.0
20.8262,120.0,340.0
20.831,-265.0,344.0
20.836,-106.0,344.0
20.8411,220.0,346.0
20.846,-128.0,346.0
20.8509,-360.0,352.0
20.8559,271.0,356.0
20.8611,535.0,364.0
20.8659,-218.0,364.0
20.871,-473.0,370.0
20.876,187.0,368.0
20.8809,188.0,372.0
20.8859,-286.0,370.0
20.8916,88.0,370.0
20.896,369.0,370.0
20.9011,-242.0,372.0
20.9062,-381.0,372.0
20.9119,325.0,376.0
20.916,439.0,378.0
20.921,-336.0,382.0
20.926,-535.0,390.0
20.9309,166.0,392.0
20.936,425.0,396.0
20.9414,131.0,394.0
20.9461,-24.0,392.0
20.9514,-244.0,390.0
20.956,-277.0,392.0
20.961,86.0,388.0
20.9659,134.0,384.0
20.9719,15.0,384.0
20.9759,140.0,382.0
20.9809,17.0,382.0
20.9859,-42.0,382.0
20.9909,188.0,384.0
20.9959,-275.0,388.0
21.0011,-686.0,398.0
21.0062,285.0,400.0
21.011,954.0,414.0
21.0163,58.0,412.0
21.0211,-671.0,420.0
21.026,-384.0,426.0
21.031,121.0,424.0
21.036,495.0,432.0
21.0409,265.0,432.0
21.0459,-407.0,438.0
21.0513,-315.0,442.0
21.0562,108.0,444.0
21.0611,6.0,442.0
21.066,313.0,446.0
21.0716,579.0,454.0
21.0759,-546.0,460.0
21.0815,-1084.0,476.0
21.086,346.0,478.0
21.0917,1013.0,492.0
21.0959,99.0,492.0
21.1018,-298.0,494.0
21.1059,-394.0,498.0
21.1109,-548.0,506.0
21.116,431.0,512.0
21.1217,996.0,526.0
21.1261,-306.0,530.0
21.1321,-892.0,544.0
21.1362,91.0,544.0
21.1416,321.0,548.0
21.1472,-30.0,544.0
21.151,447.0,548.0
21.1561,395.0,552.0
21.161,-945.0,564.0
21.1671,-982.0,578.0
21.1709,888.0,592.0
21.1761,1211.0,610.0
21.1815,-553.0,616.0
21.186,-762.0,624.0
21.1909,438.0,630.0
21.196,-61.0,622.0
21.201,-589.0,630.0
21.2061,721.0,632.0
21.211,617.0,640.0
21.2162,-1027.0,650.0
21.221,-355.0,652.0
21.2261,1082.0,668.0
21.2311,87.0,668.0
21.2361,-869.0,680.0
21.241,-23.0,678.0
21.246,341.0,682.0
21.2512,-65.0,682.0
21.2572,237.0,680.0
21.2609,405.0,686.0
21.2671,-463.0,682.0
21.2717,-815.0,694.0
21.2759,279.0,688.0
21.2812,1020.0,702.0
21.2861,4.0,694.0
21.2912,-1016.0,708.0
21.296,-55.0,708.0
21.301,981.0,722.0
21.3062,-196.0,724.0
21.311,-1070.0,738.0
21.3161,510.0,746.0
21.3224,1274.0,764.0
21.326,-597.0,772.0
21.331,-1391.0,794.0
21.3359,463.0,798.0
21.3414,1252.0,818.0
21.3461,-342.0,818.0
21.351,-936.0,828.0
21.356,249.0,828.0
21.3615,539.0,830.0
21.366,28.0,830.0
21.3711,36.0,824.0
21.3761,-401.0,826.0
21.381,-747.0,836.0
21.3859,446.0,842.0
21.391,1170.0,856.0
21.3961,-40.0,854.0
21.4022,-933.0,866.0
21.4061,-383.0,866.0
21.411,176.0,866.0
21.4166,303.0,862.0
21.4209,581.0,862.0
21.4261,319.0,862.0
21.431,-880.0,864.0
21.436,-1008.0,880.0
21.441,625.0,882.0
21.4463,1234.0,898.0
21.451,-138.0,900.0
21.4577,-885.0,912.0
21.461,-114.0,910.0
21.4659,261.0,912.0
21.471,-104.0,910.0
21.476,258.0,912.0
21.4809,716.0,920.0
21.4862,-379.0,924.0
21.4911,-1319.0,938.0
21.497,7.0,934.0
21.501,1370.0,948.0
21.506,507.0,952.0
21.5112,-766.0,956.0
21.516,-631.0,964.0
21.5222,34.0,960.0
21.526,309.0,962.0
21.531,289.0,964.0
21.536,21.0,958.0
21.5416,-238.0,958.0
21.5459,-98.0,954.0
21.5509,242.0,954.0
21.556,172.0,948.0
21.561,-476.0,952.0
21.5659,-530.0,952.0
21.571,679.0,960.0
21.5761,1015.0,968.0
21.5811,-676.0,976.0
21.586,-1305.0,996.0
21.591,608.0,1002.0
21.5969,1368.0,1020.0
21.6022,-572.0,1028.0
21.6061,-1303.0,1046.0
21.6121,416.0,1052.0
21.6161,996.0,1066.0
21.6218,-41.0,1066.0
21.626,-313.0,1070.0
21.6311,-335.0,1072.0
21.6361,-492.0,1076.0
21.641,414.0,1072.0
21.6459,906.0,1080.0
21.6509,-139.0,1068.0
21.6563,-635.0,1078.0
21.661,-229.0,1070.0
21.666,-107.0,1066.0
21.6709,297.0,1068.0
21.6761,697.0,1072.0
21.6811,23.0,1068.0
21.686,-648.0,1072.0
21.691,-323.0,1072.0
21.6971,108.0,1072.0
21.7014,181.0,1074.0
21.7059,412.0,1076.0
21.7109,342.0,1072.0
21.716,-591.0,1074.0
21.721,-811.0,1068.0
21.7261,440.0,1070.0
21.731,851.0,1068.0
21.736,-241.0,1070.0
21.7413,-511.0,1074.0
21.746,269.0,1072.0
21.7509,147.0,1066.0
21.756,-490.0,1066.0
21.761,10.0,1050.0
21.7659,634.0,1056.0
21.7718,51.0,1042.0
21.7767,-485.0,1048.0
21.7815,-247.0,1048.0
21.786,130.0,1050.0
21.7909,375.0,1048.0
21.7966,73.0,1044.0
21.8009,-287.0,1032.0
21.8061,91.0,1018.0
21.8109,70.0,1006.0
21.816,-502.0,996.0
21.8209,49.0,988.0
21.826,915.0,990.0
21.831,71.0,984.0
21.8372,-1095.0,1000.0
21.8414,-342.0,996.0
21.8459,904.0,998.0
21.8511,485.0,996.0
21.8561,-464.0,988.0
21.8609,-333.0,988.0
21.866,71.0,972.0
21.8717,77.0,972.0
21.8759,151.0,960.0
21.881,-21.0,960.0
21.8859,-315.0,960.0
21.8909,138.0,962.0
21.8959,459.0,964.0
21.9009,-189.0,962.0
21.9059,-473.0,962.0
21.9119,120.0,950.0
21.9159,343.0,952.0
21.921,-87.0,938.0
21.9259,-256.0,942.0
21.9314,172.0,928.0
21.9359,384.0,932.0
21.9412,-197.0,920.0
21.9475,-616.0,928.0
21.951,-61.0,912.0
21.956,693.0,914.0
21.9616,476.0,902.0
21.966,-545.0,902.0
21.9709,-665.0,890.0
21.976,305.0,888.0
21.9809,468.0,876.0
21.986,-113.0,872.0
21.9909,-104.0,858.0
21.9959,1.0,854.0
22.001,-123.0,848.0
22.006,94.0,850.0
22.0109,133.0,850.0
22.016,-183.0,848.0
22.0209,-51.0,836.0
22.0262,161.0,832.0
22.031,-51.0,814.0
22.036,-23.0,814.0
22.041,255.0,804.0
22.0461,-32.0,798.0
22.051,-531.0,804.0
22.0561,-118.0,800.0
22.061,623.0,802.0
22.066,304.0,802.0
22.0709,-395.0,794.0
22.076,-269.0,782.0
22.081,40.0,772.0
22.0862,2.0,754.0
22.0909,193.0,754.0
22.0964,240.0,744.0
22.1009,-260.0,746.0
22.1065,-221.0,746.0
22.111,259.0,748.0
22.116,-15.0,744.0
22.121,-197.0,736.0
22.1268,256.0,734.0
22.1309,11.0,714.0
22.1359,-395.0,720.0
22.1412,220.0,702.0
22.1466,403.0,700.0
22.1517,-355.0,694.0
22.1561,-243.0,688.0
22.1609,387.0,694.0
22.166,29.0,690.0
22.1715,-353.0,690.0
22.176,16.0,690.0
22.1815,188.0,690.0
22.1865,128.0,690.0
22.1914,129.0,688.0
22.196,-282.0,690.0
22.201,-461.0,690.0
22.2059,324.0,686.0
22.2109,636.0,686.0
22.2162,-255.0,674.0
22.2211,-569.0,672.0
22.2259,112.0,654.0
22.231,269.0,648.0
22.2359,-5.0,628.0
22.2409,124.0,620.0
22.2459,51.0,600.0
22.2511,-336.0,600.0
22.256,-132.0,586.0
22.2609,217.0,588.0
22.2661,-5.0,584.0
22.2709,19.0,578.0
22.276,320.0,576.0
22.2809,-92.0,570.0
22.2869,-454.0,564.0
22.2911,48.0,562.0
22.296,239.0,556.0
22.3009,-73.0,554.0
22.3059,82.0,554.0
22.3109,127.0,550.0
22.316,-236.0,544.0
22.3209,-88.0,544.0
22.327,197.0,538.0
22.331,-5.0,532.0
22.3359,-37.0,532.0
22.341,55.0,530.0
22.3461,-206.0,526.0
22.3517,-76.0,522.0
22.3561,452.0,520.0
22.3611,137.0,510.0
22.366,-506.0,510.0
22.3709,-206.0,500.0
22.3759,260.0,500.0
22.3817,134.0,494.0
22.3867,114.0,492.0
22.3915,139.0,492.0
22.396,-322.0,490.0
22.401,-456.0,496.0
22.4059,248.0,490.0
22.4109,534.0,498.0
22.4159,-38.0,492.0
22.4209,-216.0,490.0
22.4259,-41.0,490.0
22.431,-288.0,488.0
22.436,-121.0,488.0
22.4409,538.0,492.0
22.4459,314.0,496.0
22.4509,-384.0,500.0
22.4563,-268.0,498.0
22.4609,135.0,498.0
22.466,30.0,484.0
22.471,-87.0,486.0
22.4759,125.0,470.0
22.481,188.0,468.0
22.486,-47.0,454.0
22.4931,-231.0,450.0
22.4961,-168.0,446.0
22.5009,135.0,442.0
22.5059,308.0,446.0
22.512,54.0,446.0
22.5161,-206.0,446.0
22.521,-223.0,450.0
22.526,-106.0,446.0
22.531,260.0,448.0
22.5359,412.0,448.0
22.5414,-188.0,448.0
22.546,-537.0,448.0
22.5509,123.0,448.0
22.5561,517.0,452.0
22.561,-122.0,452.0
22.5662,-487.0,456.0
22.5709,139.0,456.0
22.5765,499.0,456.0
22.5809,-82.0,456.0
22.5859,-496.0,454.0
22.5909,-98.0,454.0
22.5959,456.0,450.0
22.6009,349.0,448.0
22.6061,-408.0,446.0
22.611,-546.0,444.0
22.6168,320.0,444.0
22.6213,591.0,446.0
22.6269,-135.0,446.0
22.6342,-461.0,452.0
22.6359,-86.0,454.0
22.6411,212.0,454.0
22.646,208.0,456.0
22.6509,31.0,456.0
22.6565,-169.0,454.0
22.6612,-149.0,456.0
22.6664,54.0,454.0
22.671,119.0,456.0
22.6763,16.0,456.0
22.681,-32.0,452.0
22.686,3.0,452.0
22.6917,-12.0,444.0
22.696,-68.0,442.0
22.7009,-5.0,434.0
22.706,110.0,430.0
22.7109,38.0,424.0
22.7168,-108.0,422.0
22.721,-50.0,422.0
22.7259,76.0,424.0
22.7312,44.0,422.0
22.7364,-35.0,418.0
22.7413,-23.0,414.0
22.746,4.0,410.0
22.7516,-4.0,406.0
22.7558,7.0,406.0
22.761,26.0,404.0
22.766,2.0,400.0
22.7711,-22.0,400.0
22.7759,-9.0,394.0
22.781,-12.0,390.0
22.7861,-50.0,386.0
22.791,13.0,380.0
22.796,164.0,378.0
22.801,78.0,374.0
22.806,-203.0,376.0
22.8116,-180.0,374.0
22.8159,105.0,376.0
22.821,160.0,374.0
22.826,12.0,374.0
22.8311,-33.0,372.0
22.836,-43.0,368.0
22.8417,-79.0,362.0
22.8459,31.0,358.0
22.851,119.0,350.0
22.8561,-60.0,346.0
22.8612,-129.0,340.0
22.8661,105.0,340.0
22.8709,137.0,338.0
22.8759,-98.0,338.0
22.881,-116.0,338.0
22.886,45.0,338.0
22.8911,51.0,334.0
22.896,-3.0,332.0
22.9009,23.0,328.0
22.9059,-26.0,330.0
22.9118,-85.0,330.0
22.9159,91.0,326.0
22.921,169.0,328.0
22.926,-168.0,324.0
22.9309,-273.0,326.0
22.936,164.0,326.0
22.9413,302.0,330.0
22.946,-76.0,330.0
22.9509,-195.0,330.0
22.9561,10.0,326.0
22.9609,30.0,326.0
22.9661,-21.0,324.0
22.9713,92.0,324.0
22.9759,58.0,324.0
22.981,-157.0,326.0
22.986,-77.0,324.0
22.9908,183.0,326.0
22.996,89.0,320.0
23.0013,-147.0,320.0
23.0059,-107.0,314.0
23.0116,26.0,312.0
23.0159,156.0,310.0
23.0211,149.0,310.0
23.026,-241.0,312.0
23.0309,-304.0,314.0
23.0359,287.0,314.0
23.0409,342.0,312.0
23.0464,-254.0,312.0
23.0517,-210.0,308.0
23.0559,223.0,310.0
23.0609,-13.0,308.0
23.0659,-249.0,310.0
23.0709,183.0,308.0
23.0758,293.0,312.0
23.0811,-235.0,306.0
23.0859,-339.0,308.0
23.0911,170.0,304.0
23.0959,371.0,306.0
23.1009,-11.0,304.0
23.1066,-307.0,308.0
23.1109,-131.0,308.0
23.116,135.0,308.0
23.1209,135.0,308.0
23.1259,12.0,308.0
23.1309,-18.0,304.0
23.1359,-30.0,302.0
23.1411,-97.0,302.0
23.1465,-46.0,298.0
23.151,130.0,298.0
23.156,116.0,296.0
23.161,-87.0,294.0
23.1659,-110.0,294.0
23.1711,35.0,292.0
23.1759,13.0,284.0
23.1814,-55.0,282.0
23.1872,95.0,276.0
23.191,152.0,276.0
23.196,-95.0,270.0
23.2009,-191.0,270.0
23.2061,-3.0,264.0
23.2109,72.0,262.0
23.2159,45.0,256.0
23.2208,94.0,256.0
23.2259,38.0,248.0
23.2309,-126.0,248.0
23.236,-132.0,244.0
23.2409,17.0,238.0
23.2459,119.0,234.0
23.2509,75.0,226.0
23.2562,-51.0,222.0
23.2614,-53.0,214.0
23.2668,48.0,212.0
23.2713,-16.0,206.0
23.2772,-100.0,206.0
23.2809,38.0,204.0
23.2859,117.0,202.0
23.2909,19.0,202.0
23.296,-77.0,200.0
23.301,-128.0,200.0
23.3059,12.0,200.0
23.3109,222.0,200.0
23.316,58.0,202.0
23.3209,-234.0,204.0
23.3259,-108.0,206.0
23.3309,154.0,208.0
23.336,101.0,208.0
23.3412,-27.0,210.0
23.3461,-48.0,208.0
23.3511,-127.0,210.0
23.3559,-46.0,208.0
23.3612,268.0,212.0
23.3659,193.0,214.0
23.3709,-280.0,218.0
23.376,-295.0,222.0
23.3809,135.0,224.0
23.3859,230.0,226.0
23.3908,-3.0,226.0
23.396,-59.0,228.0
23.401,58.0,228.0
23.4061,-27.0,228.0
23.411,-245.0,232.0
23.4168,-40.0,232.0
23.4212,345.0,238.0
23.4259,147.0,240.0
23.4311,-256.0,244.0
23.4363,-149.0,242.0
23.4415,88.0,244.0
23.4458,39.0,240.0
23.4508,37.0,238.0
23.456,81.0,238.0
23.4611,-134.0,238.0
23.466,-169.0,240.0
23.471,210.0,242.0
23.4759,235.0,246.0
23.4811,-196.0,248.0
23.4859,-232.0,250.0
23.4912,92.0,250.0
23.4961,121.0,252.0
23.501,-13.0,250.0
23.506,24.0,248.0
23.5114,25.0,246.0
23.5159,-78.0,246.0
23.5209,-58.0,246.0
23.5259,23.0,244.0
23.5309,6.0,244.0
23.536,17.0,244.0
23.5414,100.0,246.0
23.5459,27.0,246.0
23.5509,-140.0,246.0
23.5565,-81.0,246.0
23.561,75.0,244.0
23.5658,53.0,244.0
23.5708,25.0,240.0
23.5768,31.0,238.0
23.5809,-90.0,234.0
23.5867,-98.0,234.0
23.5909,86.0,232.0
23.596,115.0,234.0
23.601,-31.0,234.0
23.6061,-84.0,236.0
23.6109,-22.0,234.0
23.6159,27.0,234.0
23.6208,32.0,232.0
23.626,16.0,230.0
23.6309,0.0,228.0
23.636,-4.0,226.0
23.6409,-29.0,224.0
23.6458,-73.0,224.0
23.651,21.0,224.0
23.6561,173.0,224.0
23.6609,-4.0,222.0
23.6659,-247.0,222.0
23.6709,23.0,218.0
23.6771,269.0,218.0
23.6818,-76.0,214.0
23.6876,-221.0,212.0
23.6927,144.0,212.0
23.696,123.0,210.0
23.7022,-204.0,214.0
23.7062,-48.0,210.0
23.711,206.0,210.0
23.7163,38.0,206.0
23.7219,-128.0,204.0
23.7264,-52.0,200.0
23.731,46.0,198.0
23.7358,34.0,192.0
23.7411,-78.0,194.0
23.7458,2.0,190.0
23.7514,209.0,190.0
23.757,-22.0,188.0
23.7609,-297.0,192.0
23.766,17.0,192.0
23.7721,267.0,196.0
23.7759,48.0,196.0
23.7809,-124.0,196.0
23.7859,-177.0,198.0
23.791,-141.0,198.0
23.7961,178.0,200.0
23.801,470.0,206.0
23.8059,121.0,206.0
23.8114,-619.0,214.0
23.816,-521.0,222.0
23.8214,408.0,228.0
23.826,605.0,236.0
23.831,-28.0,234.0
23.836,-285.0,236.0
23.841,-156.0,236.0
23.8459,-84.0,238.0
23.8508,61.0,238.0
23.8559,175.0,240.0
23.8611,86.0,240.0
23.8661,-41.0,240.0
23.871,-95.0,238.0
23.8768,-78.0,238.0
23.8817,18.0,238.0
23.8859,123.0,238.0
23.8908,47.0,238.0
23.8959,-169.0,240.0
23.9009,-101.0,240.0
23.906,207.0,242.0
23.911,132.0,244.0
23.916,-192.0,246.0
23.921,-109.0,248.0
23.9259,158.0,248.0
23.9314,22.0,248.0
23.9361,-201.0,250.0
23.9411,142.0,250.0
23.946,396.0,256.0
23.9512,-307.0,258.0
23.9562,-640.0,266.0
23.9614,298.0,268.0
23.966,668.0,276.0
23.9711,-142.0,276.0
23.976,-393.0,280.0
23.9817,71.0,282.0
23.986,35.0,280.0
23.991,-167.0,282.0
23.9959,161.0,284.0
24.0011,294.0,284.0
24.006,-161.0,284.0
24.0112,-322.0,284.0
24.0159,74.0,280.0
24.021,182.0,282.0
24.0265,-56.0,278.0
24.0309,140.0,280.0
24.036,229.0,284.0
24.0409,-465.0,290.0
24.0465,-494.0,296.0
24.0512,480.0,300.0
24.0561,524.0,308.0
24.0611,-120.0,304.0
24.0662,-113.0,304.0
24.0709,-289.0,304.0
24.0759,-506.0,310.0
24.0817,377.0,314.0
24.086,835.0,328.0
24.091,-157.0,330.0
24.096,-612.0,338.0
24.1009,-12.0,336.0
24.106,101.0,334.0
24.111,-91.0,332.0
24.1159,223.0,332.0
24.121,300.0,334.0
24.126,-195.0,334.0
24.1313,-358.0,338.0
24.136,28.0,336.0
24.141,245.0,340.0
24.147,40.0,340.0
24.151,-126.0,342.0
24.156,29.0,340.0
24.161,113.0,342.0
24.1665,-162.0,344.0
24.1711,-170.0,346.0
24.1759,302.0,350.0
24.181,206.0,352.0
24.186,-412.0,358.0
24.1917,-225.0,360.0
24.1959,404.0,364.0
24.2011,241.0,368.0
24.2059,-256.0,370.0
24.2109,-208.0,374.0
24.216,108.0,374.0
24.2209,158.0,376.0
24.2259,-73.0,376.0
24.231,-194.0,378.0
24.236,128.0,378.0
24.2409,337.0,382.0
24.2459,-185.0,384.0
24.2509,-487.0,390.0
24.2561,146.0,392.0
24.2609,462.0,400.0
24.2659,-61.0,400.0
24.271,-203.0,404.0
24.276,95.0,404.0
24.281,-59.0,406.0
24.2865,-286.0,408.0
24.291,42.0,408.0
24.2959,522.0,414.0
24.3014,242.0,418.0
24.3059,-701.0,426.0
24.3109,-459.0,432.0
24.316,819.0,440.0
24.3209,353.0,444.0
24.3259,-994.0,456.0
24.3309,-144.0,456.0
24.3359,1268.0,474.0
24.341,243.0,476.0
24.3459,-1378.0,496.0
24.3514,-684.0,504.0
24.3559,949.0,518.0
24.3609,1081.0,532.0
24.3658,-63.0,532.0
24.3709,-1079.0,550.0
24.3759,-587.0,558.0
24.3809,780.0,568.0
24.3859,507.0,576.0
24.3909,-583.0,582.0
24.3959,-37.0,582.0
24.4022,619.0,588.0
24.406,-267.0,592.0
24.4109,-690.0,598.0
24.4159,393.0,604.0
24.4217,681.0,612.0
24.4259,-592.0,618.0
24.4311,-589.0,626.0
24.4359,836.0,636.0
24.4411,365.0,634.0
24.4459,-861.0,646.0
24.4509,34.0,636.0
24.4567,565.0,638.0
24.4609,-540.0,640.0
24.4662,-291.0,634.0
24.4708,813.0,646.0
24.4759,393.0,648.0
24.4809,-451.0,654.0
24.486,-611.0,662.0
24.494,-396.0,666.0
24.4958,384.0,670.0
24.5016,1065.0,686.0
24.506,340.0,690.0
24.5112,-1086.0,706.0
24.516,-1015.0,720.0
24.521,586.0,728.0
24.5265,1113.0,744.0
24.5309,-148.0,746.0
24.5359,-727.0,754.0
24.5412,246.0,758.0
24.546,504.0,762.0
24.5512,-668.0,770.0
24.556,-806.0,780.0
24.5614,841.0,792.0
24.566,1261.0,808.0
24.571,-625.0,818.0
24.576,-1366.0,836.0
24.5809,297.0,838.0
24.5861,1078.0,848.0
24.5909,-97.0,846.0
24.596,-681.0,846.0
24.6011,121.0,844.0
24.606,396.0,840.0
24.611,-348.0,842.0
24.6159,-194.0,840.0
24.621,720.0,850.0
24.6259,41.0,850.0
24.6311,-1138.0,864.0
24.636,-155.0,864.0
24.641,1359.0,882.0
24.6462,672.0,890.0
24.651,-1101.0,902.0
24.6561,-1228.0,920.0
24.661,402.0,924.0
24.6659,1239.0,942.0
24.6709,247.0,944.0
24.6759,-615.0,950.0
24.681,-340.0,948.0
24.686,-108.0,942.0
24.6909,-131.0,936.0
24.6959,451.0,934.0
24.7019,730.0,944.0
24.7067,-424.0,950.0
24.7116,-1061.0,962.0
24.7161,180.0,956.0
24.7214,1054.0,966.0
24.7259,209.0,956.0
24.7309,-809.0,966.0
24.7359,-493.0,966.0
24.7412,479.0,972.0
24.7461,362.0,976.0
24.7515,-285.0,980.0
24.7564,31.0,976.0
24.761,280.0,976.0
24.7662,-251.0,978.0
24.7712,-241.0,976.0
24.7759,195.0,978.0
24.7809,-34.0,974.0
24.786,-196.0,978.0
24.792,447.0,982.0
24.7961,586.0,990.0
24.801,-640.0,998.0
24.8061,-1201.0,1016.0
24.8119,412.0,1018.0
24.8159,1474.0,1038.0
24.8208,-68.0,1036.0
24.8262,-1123.0,1046.0
24.831,31.0,1044.0
24.8359,471.0,1044.0
24.8409,-257.0,1044.0
24.8464,-13.0,1040.0
24.851,343.0,1042.0
24.856,-94.0,1042.0
24.8609,-114.0,1042.0
24.8659,46.0,1042.0
24.8709,-112.0,1040.0
24.8763,20.0,1038.0
24.8809,-5.0,1034.0
24.886,-174.0,1034.0
24.8911,315.0,1030.0
24.8963,369.0,1034.0
24.9009,-451.0,1034.0
24.9059,-382.0,1038.0
24.911,350.0,1042.0
24.916,175.0,1042.0
24.921,-170.0,1044.0
24.9264,61.0,1040.0
24.9309,24.0,1040.0
24.9359,-185.0,1036.0
24.9409,53.0,1032.0
24.947,165.0,1024.0
24.9509,-101.0,1018.0
24.956,-19.0,1006.0
24.9609,178.0,1002.0
24.9659,-158.0,990.0
24.971,-252.0,992.0
24.9759,272.0,976.0
24.9819,255.0,976.0
24.9859,-351.0,960.0
24.9908,-250.0,954.0
24.996,495.0,946.0
25.001,385.0,936.0
25.006,-644.0,944.0
25.0109,-663.0,938.0
25.0159,553.0,938.0
25.0213,867.0,938.0
25.0263,-159.0,934.0
25.0311,-813.0,936.0
25.0359,-247.0,940.0
25.0409,542.0,938.0
25.0459,353.0,940.0
25.0509,-231.0,934.0
25.057,-100.0,928.0
25.0609,31.0,918.0
25.0661,-308.0,914.0
25.0708,-6.0,904.0
25.0759,552.0,900.0
25.0812,75.0,896.0
25.0859,-470.0,890.0
25.091,-68.0,890.0
25.0959,219.0,884.0
25.1009,-70.0,878.0
25.1065,-73.0,874.0
25.1108,230.0,866.0
25.1159,118.0,860.0
25.121,-319.0,858.0
25.1262,-239.0,852.0
25.1308,319.0,852.0
25.1359,317.0,850.0
25.141,-204.0,838.0
25.1462,-287.0,836.0
25.151,5.0,820.0
25.1561,138.0,806.0
25.1609,121.0,798.0
25.166,58.0,782.0
25.171,-70.0,780.0
25.1759,-198.0,772.0
25.1809,-71.0,770.0
25.1859,210.0,766.0
25.1909,149.0,758.0
25.196,-112.0,746.0
25.2009,-100.0,734.0
25.206,14.0,716.0
25.2111,-50.0,706.0
25.216,-19.0,686.0
25.2211,257.0,684.0
25.2259,140.0,670.0
25.231,-444.0,676.0
25.2359,-305.0,670.0
25.2417,477.0,674.0
25.2459,398.0,674.0
25.2509,-308.0,674.0
25.2562,-330.0,676.0
25.2609,78.0,666.0
25.2659,134.0,668.0
25.2716,35.0,650.0
25.2764,36.0,648.0
25.2809,-39.0,628.0
25.286,-81.0,618.0
25.291,102.0,604.0
25.2964,92.0,586.0
25.3009,-281.0,584.0
25.3061,-194.0,568.0
25.3111,435.0,570.0
25.3159,323.0,566.0
25.3218,-461.0,568.0
25.3265,-339.0,572.0
25.3309,395.0,576.0
25.336,279.0,572.0
25.3411,-275.0,566.0
25.3461,-263.0,564.0
25.3509,93.0,548.0
25.3561,258.0,550.0
25.361,104.0,534.0
25.3674,-160.0,534.0
25.3709,-185.0,524.0
25.376,36.0,516.0
25.3819,82.0,510.0
25.3864,-45.0,506.0
25.3908,89.0,502.0
25.3958,191.0,504.0
25.4011,-183.0,504.0
25.4061,-313.0,504.0
25.4109,176.0,504.0
25.4159,310.0,506.0
25.4215,-115.0,506.0
25.4259,-222.0,506.0
25.4316,3.0,500.0
25.4359,89.0,492.0
25.441,132.0,484.0
25.4459,112.0,468.0
25.4512,-194.0,464.0
25.4562,-348.0,446.0
25.461,127.0,448.0
25.4659,467.0,436.0
25.4709,0.0,436.0
25.4759,-355.0,434.0
25.4809,-88.0,432.0
25.486,55.0,432.0
25.4911,45.0,428.0
25.4967,225.0,430.0
25.5009,181.0,432.0
25.5061,-254.0,434.0
25.5109,-473.0,440.0
25.5159,14.0,440.0
25.5231,561.0,448.0
25.5265,213.0,450.0
25.5309,-366.0,450.0
25.5359,-125.0,446.0
25.541,136.0,442.0
25.5458,-225.0,438.0
25.5508,-105.0,434.0
25.556,469.0,440.0
25.5626,201.0,440.0
25.5658,-382.0,444.0
25.5712,-209.0,448.0
25.576,107.0,446.0
25.581,66.0,446.0
25.5859,89.0,446.0
25.5909,127.0,446.0
25.596,-120.0,448.0
25.6016,-253.0,448.0
25.6061,94.0,448.0
25.6109,249.0,448.0
25.6159,-147.0,446.0
25.621,-139.0,444.0
25.6259,280.0,442.0
25.631,0.0,440.0
25.636,-366.0,436.0
25.6409,128.0,432.0
25.6459,331.0,428.0
25.6509,-228.0,422.0
25.6567,-210.0,416.0
25.6608,285.0,406.0
25.6664,60.0,406.0
25.6715,-314.0,398.0
25.6761,66.0,394.0
25.6809,342.0,392.0
25.6859,-123.0,388.0
25.6915,-352.0,390.0
25.696,70.0,390.0
25.7009,291.0,394.0
25.7062,128.0,390.0
25.711,-100.0,392.0
25.7159,-374.0,390.0
25.7209,-175.0,390.0
25.7262,417.0,390.0
25.7309,325.0,394.0
25.7364,-204.0,394.0
25.741,-191.0,396.0
25.7468,16.0,394.0
25.751,-83.0,392.0
25.7563,-57.0,392.0
25.761,218.0,390.0
25.7659,168.0,388.0
25.7716,-141.0,386.0
25.7779,-116.0,382.0
25.781,23.0,380.0
25.7865,-80.0,376.0
25.7913,0.0,376.0
25.7968,225.0,378.0
25.8014,7.0,376.0
25.8061,-218.0,378.0
25.8109,61.0,378.0
25.8159,140.0,378.0
25.8217,-170.0,380.0
25.8261,-90.0,378.0
25.8309,195.0,378.0
25.8359,60.0,378.0
25.8409,-109.0,378.0
25.8458,-3.0,378.0
25.8508,8.0,376.0
25.8561,-64.0,378.0
25.8614,30.0,374.0
25.8661,80.0,372.0
25.8709,-36.0,366.0
25.8758,-37.0,362.0
25.881,83.0,356.0
25.8859,8.0,350.0
25.891,-159.0,348.0
25.8959,-43.0,344.0
25.9009,172.0,344.0
25.9058,88.0,344.0
25.9111,-97.0,346.0
25.9159,-73.0,346.0
25.921,10.0,346.0
25.9259,9.0,344.0
25.9309,20.0,342.0
25.936,38.0,342.0
25.9412,-9.0,338.0
25.946,-42.0,336.0
25.951,8.0,328.0
25.9559,32.0,324.0
25.9608,-22.0,318.0
25.9662,-39.0,312.0
25.971,9.0,306.0
25.9759,46.0,302.0
25.981,30.0,300.0
25.9866,-29.0,296.0
25.9909,-38.0,294.0
25.996,-1.0,290.0
26.0009,-19.0,290.0
26.006,16.0,286.0
26.0114,115.0,286.0
26.0162,0.0,286.0
26.0209,-191.0,286.0
26.0263,-44.0,286.0
26.0309,215.0,288.0
26.0359,80.0,288.0
26.041,-208.0,288.0
26.0459,-76.0,284.0
26.0509,191.0,284.0
26.0566,39.0,280.0
26.0609,-149.0,280.0
26.0659,14.0,278.0
26.0709,71.0,278.0
26.0759,-81.0,278.0
26.0808,7.0,276.0
26.0859,140.0,276.0
26.0909,-33.0,274.0
26.0959,-145.0,270.0
26.1012,-1.0,268.0
26.1063,87.0,262.0
26.112,56.0,264.0
26.1159,-9.0,258.0
26.1209,-90.0,258.0
26.1259,-41.0,258.0
26.1308,91.0,258.0
26.1358,53.0,256.0
26.1413,-70.0,254.0
26.1463,-43.0,252.0
26.1514,36.0,244.0
26.1559,34.0,244.0
26.1609,4.0,236.0
26.167,-33.0,234.0
26.171,-40.0,228.0
26.1762,33.0,226.0
26.1808,65.0,226.0
26.1858,-19.0,222.0
26.1913,-84.0,222.0
26.1966,-10.0,214.0
26.2008,93.0,214.0
26.2059,40.0,208.0
26.2109,-79.0,206.0
26.2159,-50.0,204.0
26.222,40.0,204.0
26.226,26.0,204.0
26.231,-1.0,202.0
26.2359,30.0,200.0
26.2409,0.0,196.0
26.2458,-98.0,196.0
26.2509,-66.0,194.0
26.256,125.0,194.0
26.261,159.0,194.0
26.2661,-73.0,190.0
26.271,-176.0,192.0
26.2759,-10.0,188.0
26.2809,78.0,186.0
26.2869,33.0,182.0
26.2908,62.0,180.0
26.2959,52.0,176.0
26.302,-141.0,174.0
26.3068,-219.0,178.0
26.3109,102.0,174.0
26.3159,349.0,178.0
26.3209,26.0,174.0
26.3259,-324.0,176.0
26.3308,-134.0,172.0
26.3359,160.0,174.0
26.3411,130.0,172.0
26.346,5.0,170.0
26.3512,-39.0,168.0
26.3566,-79.0,164.0
26.3609,-34.0,162.0
26.3658,72.0,156.0
26.3709,22.0,152.0
26.376,-48.0,150.0
26.3809,49.0,148.0
26.386,44.0,148.0
26.3908,-83.0,148.0
26.3958,-29.0,148.0
26.4009,40.0,144.0
26.406,-28.0,142.0
26.4108,12.0,140.0
26.4158,94.0,140.0
26.421,-20.0,140.0
26.4259,-118.0,140.0
26.431,11.0,140.0
26.4359,118.0,140.0
26.4409,-17.0,140.0
26.4459,-133.0,138.0
26.451,28.0,138.0
26.456,159.0,138.0
26.4609,-46.0,136.0
26.466,-180.0,138.0
26.4708,71.0,136.0
26.4765,193.0,138.0
26.4808,-70.0,136.0
26.486,-167.0,140.0
26.4951,23.0,140.0
26.4969,76.0,140.0
26.5008,26.0,140.0
26.5066,30.0,138.0
26.5118,-35.0,138.0
26.5164,-72.0,140.0
26.522,25.0,138.0
26.5277,41.0,140.0
26.5309,-37.0,138.0
26.5359,-12.0,136.0
26.541,69.0,136.0
26.5458,36.0,134.0
26.5508,-77.0,134.0
26.5562,-78.0,134.0
26.5609,39.0,134.0
26.5658,77.0,136.0
26.5711,11.0,136.0
26.5759,-27.0,136.0
26.581,-27.0,136.0
26.586,-20.0,136.0
26.5909,12.0,136.0
26.5959,39.0,136.0
26.6009,-6.0,136.0
26.606,-52.0,136.0
26.6109,19.0,136.0
26.6159,87.0,136.0
26.6212,-13.0,136.0
26.6259,-115.0,138.0
26.6309,-37.0,138.0
26.6358,70.0,138.0
26.6409,93.0,140.0
26.6469,42.0,140.0
26.6508,-84.0,140.0
26.6559,-89.0,140.0
26.6609,29.0,138.0
26.6659,-14.0,138.0
26.6708,-31.0,134.0
26.6758,136.0,136.0
26.6809,129.0,134.0
26.6858,-66.0,134.0
26.6915,-217.0,134.0
26.696,-204.0,138.0
26.7008,161.0,138.0
26.7061,428.0,144.0
26.7108,9.0,142.0
26.716,-397.0,148.0
26.7216,-125.0,150.0
26.7259,172.0,150.0
26.7309,89.0,152.0
26.7358,33.0,150.0
26.7418,20.0,150.0
26.7463,-136.0,150.0
26.7523,-93.0,150.0
26.7558,195.0,154.0
26.7611,113.0,154.0
26.7658,-255.0,158.0
26.7714,-99.0,158.0
26.7758,299.0,162.0
26.7809,66.0,162.0
26.7859,-337.0,166.0
26.791,-75.0,166.0
26.7969,379.0,172.0
26.8026,165.0,174.0
26.8063,-382.0,180.0
26.8112,-263.0,184.0
26.816,299.0,188.0
26.8208,266.0,190.0
26.8265,-163.0,194.0
26.8319,-169.0,194.0
26.8376,58.0,196.0
26.8408,62.0,194.0
26.8473,-17.0,194.0
26.8553,-16.0,194.0
26.856,6.0,192.0
26.8609,8.0,192.0
26.8662,15.0,192.0
26.8711,33.0,192.0
26.876,-39.0,192.0
26.8811,-145.0,194.0
26.8865,4.0,194.0
26.8911,264.0,196.0
26.8963,108.0,196.0
26.9012,-281.0,198.0
26.9062,-188.0,200.0
26.9115,175.0,200.0
26.9172,104.0,202.0
26.9216,-52.0,200.0
26.926,108.0,202.0
26.9311,58.0,202.0
26.936,-265.0,206.0
26.9416,-222.0,206.0
26.9463,211.0,206.0
26.9515,389.0,212.0
26.9561,21.0,206.0
26.961,-381.0,212.0
26.9661,-221.0,210.0
26.9718,221.0,212.0
26.9762,216.0,212.0
26.9811,-50.0,210.0
26.9863,-19.0,212.0
26.991,-68.0,212.0
26.9961,-235.0,214.0
27.0017,141.0,216.0
27.0064,407.0,220.0
27.0113,-167.0,224.0
27.0161,-390.0,228.0
27.021,168.0,230.0
27.0258,148.0,232.0
27.031,-201.0,234.0
27.0359,225.0,236.0
27.0409,290.0,240.0
27.0461,-536.0,248.0
27.051,-372.0,254.0
27.0567,614.0,262.0
27.0611,338.0,268.0
27.0668,-483.0,274.0
27.0726,-148.0,276.0
27.076,336.0,278.0
27.0812,-71.0,280.0
27.0863,-310.0,282.0
27.0913,122.0,284.0
27.096,333.0,286.0
27.1014,17.0,286.0
27.106,-254.0,288.0
27.1115,-159.0,288.0
27.1158,50.0,286.0
27.1214,158.0,288.0
27.1258,135.0,288.0
27.1313,-59.0,288.0
27.1359,-170.0,290.0
27.1414,-2.0,288.0
27.1465,60.0,290.0
27.1516,-86.0,290.0
27.156,56.0,290.0
27.161,316.0,294.0
27.1665,-46.0,294.0
27.1715,-512.0,302.0
27.1758,-73.0,302.0
27.1814,477.0,310.0
27.1863,138.0,310.0
27.191,-238.0,314.0
27.196,-3.0,312.0
27.201,75.0,312.0
27.2068,-228.0,316.0
27.2113,-166.0,318.0
27.2161,251.0,322.0
27.2214,302.0,326.0
27.2261,15.0,326.0
27.2314,-188.0,328.0
27.2364,-259.0,332.0
27.241,-144.0,334.0
27.246,144.0,336.0
27.2511,441.0,342.0
27.2568,291.0,344.0
27.2613,-519.0,352.0
27.2665,-641.0,360.0
27.2716,417.0,366.0
27.2758,565.0,374.0
27.2814,-301.0,378.0
27.2865,-130.0,380.0
27.2913,224.0,382.0
27.2961,-385.0,386.0
27.3015,-71.0,386.0
27.306,781.0,398.0
27.3116,-212.0,402.0
27.3158,-913.0,414.0
27.3212,494.0,420.0
27.326,683.0,428.0
27.3319,-640.0,436.0
27.336,-167.0,436.0
27.3417,686.0,444.0
27.3459,-332.0,442.0
27.351,-759.0,454.0
27.3561,427.0,454.0
27.3608,843.0,466.0
27.3659,-19.0,462.0
27.3711,-709.0,472.0
27.3762,-472.0,480.0
27.3811,249.0,482.0
27.3865,563.0,490.0
27.391,193.0,492.0
27.3969,-327.0,494.0
27.4008,-213.0,494.0
27.4064,228.0,494.0
27.411,-70.0,494.0
27.416,-424.0,496.0
27.4215,199.0,498.0
27.4265,583.0,502.0
27.4313,31.0,502.0
27.4359,-333.0,500.0
27.441,-374.0,504.0
27.4459,-301.0,502.0
27.4509,378.0,504.0
27.4565,884.0,514.0
27.4609,91.0,510.0
27.4665,-940.0,522.0
27.4717,-626.0,530.0
27.4765,433.0,536.0
27.4811,745.0,546.0
27.4864,168.0,548.0
27.4913,-345.0,554.0
27.496,-323.0,558.0
27.5011,-233.0,562.0
27.506,-63.0,564.0
27.5115,432.0,570.0
27.517,543.0,578.0
27.5208,-56.0,576.0
27.526,-594.0,584.0
27.5319,-428.0,588.0
27.5359,161.0,588.0
27.5414,429.0,590.0
27.5459,330.0,592.0
27.5508,115.0,592.0
27.5558,-446.0,598.0
27.5613,-720.0,608.0
27.5662,121.0,608.0
27.5711,812.0,620.0
27.576,231.0,620.0
27.5809,-248.0,620.0
27.5858,-51.0,618.0
27.5908,-433.0,618.0
27.5959,-657.0,628.0
27.6008,525.0,630.0
27.6059,1154.0,644.0
27.611,-129.0,644.0
27.6165,-858.0,654.0
27.621,122.0,654.0
27.626,174.0,656.0
27.6311,-814.0,668.0
27.636,102.0,666.0
27.6409,1405.0,686.0
27.6461,110.0,682.0
27.6516,-1143.0,696.0
27.6569,-264.0,694.0
27.6608,268.0,696.0
27.6661,48.0,694.0
27.6719,458.0,698.0
27.6765,329.0,700.0
27.6811,-664.0,706.0
27.6863,-611.0,708.0
27.6923,553.0,710.0
27.6958,920.0,714.0
27.7011,-298.0,714.0
27.706,-1319.0,728.0
27.7117,-112.0,726.0
27.7158,1377.0,744.0
27.7209,377.0,748.0
27.7259,-779.0,756.0
27.731,-35.0,754.0
27.736,-34.0,750.0
27.7415,-772.0,760.0
27.7463,385.0,762.0
27.751,1312.0,782.0
27.756,-183.0,784.0
27.7612,-1096.0,798.0
27.766,-110.0,798.0
27.771,364.0,802.0
27.7758,119.0,802.0
27.7808,219.0,804.0
27.7858,95.0,806.0
27.7908,-214.0,808.0
27.7961,-185.0,810.0
27.8009,-132.0,806.0
27.8059,13.0,806.0
27.8108,313.0,802.0
27.8158,170.0,804.0
27.8208,-299.0,802.0
27.8259,-181.0,802.0
27.831,314.0,804.0
27.8358,82.0,804.0
27.8413,-330.0,808.0
27.8458,41.0,806.0
27.8509,178.0,806.0
27.856,-188.0,804.0
27.8609,220.0,804.0
27.8659,434.0,810.0
27.8709,-655.0,818.0
27.876,-814.0,826.0
27.8809,657.0,834.0
27.8858,1133.0,850.0
27.8909,-62.0,844.0
27.8959,-1070.0,856.0
27.9008,-667.0,858.0
27.9058,516.0,856.0
27.911,925.0,864.0
27.916,275.0,860.0
27.9209,-586.0,864.0
27.9258,-911.0,876.0
27.9308,56.0,874.0
27.9358,1266.0,888.0
27.941,289.0,890.0
27.9459,-1416.0,900.0
27.9514,-472.0,904.0
27.9559,1251.0,910.0
27.9609,541.0,910.0
27.9659,-765.0,912.0
27.9709,-436.0,908.0
27.9759,388.0,912.0
27.9809,339.0,906.0
27.9868,-384.0,908.0
27.9909,-536.0,904.0
27.9958,367.0,904.0
28.0009,934.0,904.0
28.006,29.0,904.0
28.011,-1143.0,912.0
28.0158,-476.0,912.0
28.0217,1046.0,924.0
28.0258,440.0,922.0
28.0309,-951.0,934.0
28.0359,24.0,930.0
28.0409,1067.0,942.0
28.0459,-441.0,946.0
28.051,-1143.0,962.0
28.056,534.0,964.0
28.061,843.0,974.0
28.0659,-348.0,970.0
28.0712,-170.0,974.0
28.0759,78.0,970.0
28.081,-562.0,972.0
28.086,31.0,968.0
28.0909,961.0,976.0
28.0958,68.0,964.0
28.1009,-851.0,976.0
28.1066,-62.0,962.0
28.111,508.0,960.0
28.1171,-268.0,958.0
28.1211,-339.0,952.0
28.1259,650.0,960.0
28.1308,333.0,958.0
28.1367,-784.0,966.0
28.1416,-171.0,966.0
28.1466,814.0,976.0
28.1518,-162.0,972.0
28.156,-965.0,980.0
28.161,303.0,984.0
28.1661,1126.0,992.0
28.1711,-82.0,986.0
28.1759,-1027.0,1000.0
28.1819,-254.0,996.0
28.1863,584.0,1000.0
28.191,463.0,1006.0
28.1963,65.0,1000.0
28.2025,-482.0,996.0
28.2062,-671.0,1006.0
28.2122,265.0,996.0
28.2161,955.0,1008.0
28.2215,118.0,1006.0
28.2265,-759.0,1016.0
28.2309,-367.0,1016.0
28.2365,244.0,1010.0
28.2415,257.0,1006.0
28.2464,175.0,990.0
28.251,51.0,988.0
28.2563,-263.0,980.0
28.2609,-222.0,982.0
28.2671,209.0,982.0
28.2712,182.0,972.0
28.2759,-277.0,974.0
28.281,-151.0,954.0
28.2867,389.0,960.0
28.2914,228.0,944.0
28.296,-278.0,946.0
28.3009,-236.0,944.0
28.306,-69.0,944.0
28.311,3.0,938.0
28.3163,383.0,938.0
28.3215,390.0,934.0
28.3259,-442.0,932.0
28.331,-680.0,934.0
28.336,292.0,924.0
28.3409,669.0,930.0
28.3465,-145.0,912.0
28.3511,-437.0,916.0
28.3562,150.0,898.0
28.3614,268.0,896.0
28.3659,-222.0,886.0
28.3717,-354.0,892.0
28.3761,152.0,894.0
28.3811,574.0,890.0
28.3858,93.0,886.0
28.391,-651.0,876.0
28.396,-260.0,876.0
28.4014,520.0,868.0
28.4065,133.0,868.0
28.411,-392.0,868.0
28.4158,154.0,870.0
28.4214,428.0,872.0
28.4265,-307.0,876.0
28.4308,-507.0,880.0
28.4361,229.0,882.0
28.441,438.0,886.0
28.446,-90.0,888.0
28.4518,-234.0,886.0
28.4563,92.0,884.0
28.4613,41.0,880.0
28.4659,-254.0,882.0
28.4716,110.0,878.0
28.4763,452.0,884.0
28.4808,-286.0,884.0
28.4863,-561.0,892.0
28.491,414.0,896.0
28.496,465.0,900.0
28.5013,-314.0,902.0
28.506,-52.0,896.0
28.5109,56.0,886.0
28.5162,-551.0,882.0
28.5208,49.0,872.0
28.526,958.0,870.0
28.531,65.0,870.0
28.5371,-934.0,868.0
28.541,-175.0,860.0
28.5458,630.0,862.0
28.5508,187.0,850.0
28.5558,-311.0,850.0
28.5608,-227.0,846.0
28.566,70.0,832.0
28.5709,284.0,836.0
28.5758,92.0,818.0
28.5813,-216.0,816.0
28.5859,-105.0,796.0
28.5909,105.0,790.0
28.5965,-35.0,770.0
28.6009,-172.0,764.0
28.6058,115.0,754.0
28.611,346.0,754.0
28.6158,48.0,748.0
28.6211,-295.0,748.0
28.6261,-307.0,746.0
28.6311,-104.0,740.0
28.636,303.0,738.0
28.6411,577.0,732.0
28.646,57.0,734.0
28.651,-744.0,728.0
28.6565,-436.0,726.0
28.6608,520.0,718.0
28.6663,484.0,718.0
28.6708,-184.0,706.0
28.6765,-252.0,710.0
28.681,11.0,694.0
28.6868,33.0,688.0
28.6918,59.0,670.0
28.696,46.0,664.0
28.7016,-228.0,654.0
28.7062,-68.0,650.0
28.7116,507.0,654.0
28.7168,120.0,656.0
28.7211,-748.0,658.0
28.7262,-229.0,662.0
28.7316,776.0,658.0
28.7362,341.0,662.0
28.7422,-502.0,656.0
28.7467,-320.0,660.0
28.7519,65.0,654.0
28.7558,94.0,652.0
28.7613,222.0,650.0
28.7663,213.0,642.0
28.7711,-160.0,640.0
28.7758,-383.0,634.0
28.781,-142.0,634.0
28.786,298.0,626.0
28.7915,370.0,628.0
28.796,-39.0,614.0
28.8009,-314.0,614.0
28.8059,-195.0,600.0
28.8109,50.0,600.0
28.816,266.0,588.0
28.8213,185.0,586.0
28.8262,-192.0,580.0
28.8312,-242.0,576.0
28.8362,95.0,578.0
28.841,157.0,572.0
28.846,-55.0,562.0
28.851,-42.0,558.0
28.856,63.0,544.0
28.8612,-39.0,544.0
28.8658,-65.0,532.0
28.8715,56.0,528.0
28.8759,19.0,524.0
28.8808,-39.0,522.0
28.8858,60.0,520.0
28.8908,60.0,520.0
28.8965,-98.0,516.0
28.9008,-111.0,516.0
28.9058,68.0,512.0
28.9115,116.0,512.0
28.9159,-45.0,508.0
28.9208,-40.0,506.0
28.9258,88.0,502.0
28.9309,-81.0,500.0
28.9358,-177.0,498.0
28.941,166.0,496.0
28.9461,221.0,500.0
28.9517,-145.0,502.0
28.9559,-141.0,498.0
28.961,65.0,492.0
28.966,-5.0,486.0
28.971,-16.0,476.0
28.9758,90.0,472.0
28.9808,1.0,462.0
28.986,-82.0,460.0
28.9908,27.0,454.0
28.9958,45.0,452.0
29.0009,-77.0,450.0
29.006,-35.0,446.0
29.0109,115.0,444.0
29.0165,51.0,442.0
29.0208,-106.0,434.0
29.0259,-61.0,434.0
29.0309,59.0,424.0
29.0358,46.0,422.0
29.0408,-5.0,414.0
29.0458,-17.0,412.0
29.0508,-37.0,406.0
29.0559,-6.0,404.0
29.0609,75.0,398.0
29.0659,7.0,394.0
29.0709,-113.0,388.0
29.0768,8.0,384.0
29.0808,130.0,378.0
29.0858,-20.0,378.0
29.091,-86.0,376.0
29.0958,36.0,374.0
29.1008,-7.0,374.0
29.1067,-78.0,372.0
29.1113,57.0,370.0
29.1174,111.0,366.0
29.1208,14.0,360.0
29.1262,-57.0,352.0
29.131,-146.0,348.0
29.1364,-76.0,342.0
29.1411,192.0,340.0
29.1458,174.0,342.0
29.1517,-116.0,344.0
29.1567,-144.0,338.0
29.1608,25.0,336.0
29.1658,28.0,322.0
29.1708,-5.0,322.0
29.1758,42.0,308.0
29.1808,11.0,304.0
29.1867,-10.0,296.0
29.1908,37.0,292.0
29.196,-58.0,288.0
29.2008,-133.0,288.0
29.2062,76.0,288.0
29.2117,179.0,286.0
29.2158,-49.0,286.0
29.2209,-136.0,284.0
29.2262,36.0,282.0
29.2308,66.0,282.0
29.2358,-26.0,282.0
29.2408,-33.0,280.0
29.2458,-28.0,278.0
29.2509,13.0,274.0
29.2562,104.0,274.0
29.261,40.0,270.0
29.2659,-121.0,268.0
29.2708,-93.0,268.0
29.2759,69.0,264.0
29.281,80.0,256.0
29.2861,-25.0,256.0
29.2909,-6.0,244.0
29.2962,59.0,238.0
29.3017,-65.0,230.0
29.3058,-135.0,226.0
29.3116,131.0,224.0
29.3159,171.0,224.0
29.321,-234.0,226.0
29.3261,-159.0,228.0
29.331,335.0,232.0
29.3361,134.0,234.0
29.341,-331.0,236.0
29.346,-73.0,236.0
29.351,227.0,232.0
29.3559,-36.0,230.0
29.3609,-117.0,220.0
29.3658,122.0,218.0
29.372,48.0,208.0
29.3765,-99.0,204.0
29.3808,11.0,196.0
29.3859,-18.0,192.0
29.3908,-84.0,192.0
29.3958,121.0,192.0
29.4009,138.0,190.0
29.4061,-141.0,190.0
29.4109,-127.0,190.0
29.416,123.0,184.0
29.4208,49.0,184.0
29.4259,-143.0,182.0
29.4321,72.0,176.0
29.4361,200.0,178.0
29.442,-205.0,178.0
29.4458,-247.0,178.0
29.451,276.0,182.0
29.4569,232.0,182.0
29.4609,-237.0,182.0
29.4659,-126.0,180.0
29.4708,151.0,180.0
29.4759,-43.0,178.0
29.4811,-101.0,178.0
29.4869,211.0,180.0
29.4907,84.0,180.0
29.496,-322.0,184.0
29.5008,-42.0,184.0
29.5058,328.0,190.0
29.5117,-49.0,188.0
29.5159,-232.0,192.0
29.521,161.0,194.0
29.526,106.0,194.0
29.5325,-241.0,198.0
29.5359,-31.0,196.0
29.5412,252.0,198.0
29.5459,21.0,198.0
29.551,-183.0,200.0
29.5559,-32.0,198.0
29.5609,70.0,200.0
29.5658,12.0,198.0
29.5708,11.0,198.0
29.5758,23.0,194.0
29.5817,-9.0,192.0
29.5857,18.0,190.0
29.5908,-39.0,188.0
29.5959,-185.0,188.0
29.6009,35.0,188.0
29.6059,351.0,194.0
29.6116,41.0,194.0
29.617,-357.0,198.0
29.6208,-93.0,200.0
29.6258,228.0,202.0
29.631,48.0,202.0
29.6359,-120.0,202.0
29.6409,44.0,202.0
29.6463,135.0,204.0
29.6515,-78.0,204.0
29.6568,-248.0,206.0
29.6608,-19.0,206.0
29.6658,318.0,210.0
29.6713,195.0,212.0
29.6765,-220.0,214.0
29.6811,-267.0,218.0
29.6871,26.0,218.0
29.6908,147.0,220.0
29.6958,69.0,220.0
29.7008,24.0,220.0
29.7059,-33.0,220.0
29.7114,-59.0,220.0
29.7158,27.0,220.0
29.7209,-13.0,218.0
29.7259,-131.0,220.0
29.7309,11.0,218.0
29.7358,225.0,222.0
29.7413,121.0,224.0
29.7461,-175.0,224.0
29.7509,-243.0,228.0
29.7566,31.0,226.0
29.7608,231.0,230.0
29.7658,72.0,230.0
29.7713,-121.0,230.0
29.7758,-83.0,230.0
29.7808,20.0,228.0
29.7858,43.0,226.0
29.7909,4.0,224.0
29.796,-25.0,222.0
29.8011,23.0,222.0
29.806,36.0,222.0
29.8111,-71.0,222.0
29.8158,4.0,222.0
29.8208,161.0,224.0
29.826,-109.0,226.0
29.831,-298.0,230.0
29.8359,153.0,232.0
29.8419,373.0,236.0
29.8458,-68.0,236.0
29.8508,-293.0,236.0
29.8562,-50.0,236.0
29.861,110.0,236.0
29.8658,97.0,238.0
29.8708,51.0,238.0
29.8758,-74.0,238.0
29.8809,-120.0,240.0
29.8857,53.0,240.0
29.891,117.0,242.0
29.896,-72.0,240.0
29.9009,-104.0,242.0
29.9058,97.0,242.0
29.9108,74.0,242.0
29.9165,-101.0,242.0
29.9208,61.0,242.0
29.9259,137.0,244.0
29.9308,-303.0,248.0
29.9358,-265.0,252.0
29.9417,466.0,258.0
29.9468,421.0,262.0
29.9509,-400.0,266.0
29.956,-445.0,270.0
29.961,208.0,270.0
29.9659,300.0,272.0
29.971,-85.0,268.0
29.9759,-116.0,268.0
29.9808,69.0,264.0
29.9858,21.0,262.0
29.9908,-102.0,262.0
29.9962,-63.0,262.0
30.0009,197.0,262.0
30.006,246.0,264.0
30.0109,-340.0,270.0
30.0158,-491.0,276.0
30.0208,370.0,280.0
30.026,593.0,290.0
30.0308,-214.0,292.0
30.036,-420.0,296.0
30.0408,42.0,296.0
30.0459,106.0,294.0
30.0511,-5.0,292.0
30.0561,109.0,292.0
30.0609,62.0,292.0
30.0668,-177.0,294.0
30.0708,-151.0,294.0
30.0767,230.0,294.0
30.0808,293.0,296.0
30.0858,-310.0,298.0
30.0908,-437.0,300.0
30.0958,311.0,300.0
30.1008,433.0,304.0
30.1058,-233.0,306.0
30.111,-221.0,306.0
30.1158,205.0,310.0
30.1213,-61.0,308.0
30.126,-273.0,310.0
30.1308,224.0,312.0
30.1363,363.0,312.0
30.1409,-205.0,316.0
30.1459,-392.0,316.0
30.1509,107.0,316.0
30.1564,322.0,318.0
30.1608,-58.0,316.0
30.1659,-155.0,318.0
30.1711,104.0,316.0
30.1759,-52.0,316.0
30.1809,-226.0,316.0
30.1858,142.0,318.0
30.1908,280.0,318.0
30.196,30.0,318.0
30.201,-59.0,318.0
30.2061,-333.0,324.0
30.2109,-392.0,330.0
30.2159,437.0,336.0
30.2208,714.0,346.0
30.2259,-252.0,350.0
30.231,-637.0,360.0
30.2359,10.0,358.0
30.2409,264.0,360.0
30.2465,64.0,356.0
30.2509,98.0,358.0
30.2559,44.0,352.0
30.2609,-243.0,354.0
30.2659,-215.0,354.0
30.2708,158.0,356.0
30.2759,307.0,360.0
30.2818,39.0,360.0
30.2859,-255.0,360.0
30.2913,-197.0,362.0
30.2962,138.0,362.0
30.3008,205.0,364.0
30.3058,-95.0,360.0
30.3108,-71.0,358.0
30.3159,143.0,358.0
30.3216,-117.0,354.0
30.3262,-179.0,358.0
30.3308,296.0,360.0
30.3358,153.0,362.0
30.3408,-404.0,366.0
30.3459,-101.0,368.0
30.3508,378.0,372.0
30.3558,53.0,374.0
30.3611,-228.0,376.0
30.3659,15.0,374.0
30.3708,10.0,374.0
30.3759,-177.0,374.0
30.3817,230.0,376.0
30.3858,489.0,380.0
30.3908,-379.0,382.0
30.3958,-809.0,396.0
30.4008,277.0,396.0
30.406,822.0,408.0
30.4111,-28.0,406.0
30.4158,-477.0,412.0
30.4213,-74.0,414.0
30.4259,178.0,416.0
30.4314,44.0,416.0
30.4358,-214.0,418.0
30.4409,-131.0,420.0
30.4458,344.0,426.0
30.4508,314.0,430.0
30.4561,-276.0,434.0
30.4614,-335.0,436.0
30.466,125.0,436.0
30.4716,87.0,432.0
30.4758,-174.0,434.0
30.4808,298.0,432.0
30.486,488.0,438.0
30.491,-573.0,444.0
30.497,-806.0,454.0
30.5008,539.0,462.0
30.5059,772.0,472.0
30.5117,-238.0,476.0
30.5161,-311.0,478.0
30.5208,-76.0,478.0
30.5258,-265.0,482.0
30.5315,199.0,482.0
30.5358,545.0,490.0
30.5409,-118.0,490.0
30.546,-363.0,494.0
30.5515,-7.0,494.0
30.5559,-71.0,492.0
30.5609,59.0,492.0
30.5663,408.0,498.0
30.5711,-94.0,494.0
30.576,-494.0,498.0
30.5808,203.0,494.0
30.5859,426.0,494.0
30.5916,-360.0,492.0
30.5966,-389.0,492.0
30.6008,466.0,496.0
30.6058,465.0,498.0
30.6108,-423.0,504.0
30.6158,-529.0,510.0
30.6208,233.0,512.0
30.6266,381.0,518.0
30.6308,-73.0,518.0
30.6361,-18.0,518.0
30.6411,126.0,516.0
30.6458,-257.0,516.0
30.651,-348.0,516.0
30.6561,116.0,510.0
30.6615,528.0,514.0
30.6659,402.0,510.0
30.6718,-509.0,514.0
30.6758,-846.0,522.0
30.681,309.0,526.0
30.6859,765.0,536.0
30.6917,-123.0,538.0
30.6958,-184.0,538.0
30.7008,170.0,540.0
30.7058,-397.0,544.0
30.7115,-448.0,548.0
30.7166,465.0,552.0
30.7208,729.0,560.0
30.726,31.0,554.0
30.7308,-733.0,560.0
30.736,-631.0,564.0
30.7409,342.0,562.0
30.7458,774.0,572.0
30.7511,203.0,572.0
30.7559,-334.0,574.0
30.7611,-451.0,580.0
30.766,-267.0,580.0
30.7717,195.0,578.0
30.7759,549.0,582.0
30.7808,330.0,584.0
30.7859,-369.0,584.0
30.7908,-736.0,592.0
30.7958,-128.0,590.0
30.801,825.0,602.0
30.806,668.0,610.0
30.8109,-664.0,618.0
30.8159,-1007.0,634.0
30.8211,421.0,636.0
30.8259,1089.0,652.0
30.832,-192.0,650.0
30.8359,-970.0,664.0
30.8418,-23.0,664.0
30.8458,655.0,670.0
30.8507,118.0,664.0
30.856,-188.0,662.0
30.8609,160.0,652.0
30.8665,-137.0,650.0
30.871,-733.0,652.0
30.8759,-20.0,652.0
30.8808,993.0,664.0
30.8858,498.0,670.0
30.8909,-549.0,678.0
30.8958,-735.0,688.0
30.9008,-233.0,688.0
30.9058,572.0,694.0
30.9114,807.0,704.0
30.916,-368.0,704.0
30.9209,-1070.0,720.0
30.9259,346.0,722.0
30.9308,1124.0,736.0
30.9359,-309.0,740.0
30.9412,-839.0,750.0
30.9461,142.0,750.0
30.9509,85.0,750.0
30.9558,-194.0,752.0
30.9609,751.0,762.0
30.9658,735.0,770.0
30.9711,-989.0,780.0
30.9759,-1369.0,800.0
30.9809,421.0,800.0
30.9858,1489.0,822.0
30.9908,445.0,822.0
30.9961,-1000.0,838.0
31.001,-941.0,848.0
31.006,301.0,852.0
31.0108,793.0,866.0
31.0159,102.0,864.0
31.021,-181.0,864.0
31.027,109.0,858.0
31.0309,-382.0,858.0
31.0361,-717.0,856.0
31.0408,383.0,858.0
31.0457,970.0,860.0
31.0508,139.0,862.0
31.0561,-382.0,860.0
31.0608,-549.0,868.0
31.066,-662.0,876.0
31.0714,306.0,880.0
31.0758,1359.0,898.0
31.0813,441.0,902.0
31.0859,-1282.0,916.0
31.0911,-1061.0,928.0
31.0958,584.0,934.0
31.1018,1035.0,944.0
31.1062,217.0,946.0
31.1118,-284.0,948.0
31.1158,-488.0,954.0
31.1208,-690.0,960.0
31.1258,-17.0,952.0
31.1308,1104.0,960.0
31.1358,787.0,960.0
31.141,-713.0,962.0
31.1458,-1138.0,968.0
31.1507,-27.0,966.0
31.1558,982.0,976.0
31.1612,658.0,984.0
31.1659,-617.0,990.0
31.1709,-1055.0,1004.0
31.1765,148.0,998.0
31.1809,1208.0,1014.0
31.1868,429.0,1016.0
31.1917,-1055.0,1032.0
31.196,-935.0,1046.0
31.2009,527.0,1052.0
31.2059,1114.0,1064.0
31.2108,291.0,1066.0
31.2158,-827.0,1072.0
31.2214,-1011.0,1084.0
31.2258,158.0,1080.0
31.231,1149.0,1092.0
31.236,479.0,1094.0
31.2409,-667.0,1098.0
31.2458,-600.0,1100.0
31.2514,38.0,1094.0
31.2561,116.0,1088.0
31.2608,310.0,1088.0
31.2661,645.0,1092.0
31.2708,-296.0,1096.0
31.2759,-1234.0,1114.0
31.2808,49.0,1114.0
31.2859,1346.0,1130.0
31.2909,154.0,1128.0
31.2959,-1064.0,1142.0
31.3008,-55.0,1136.0
31.3059,776.0,1142.0
31.311,-255.0,1138.0
31.3159,-712.0,1134.0
31.3209,416.0,1136.0
31.3258,728.0,1136.0
31.3309,-219.0,1138.0
31.3358,-545.0,1144.0
31.3409,-199.0,1144.0
31.3459,25.0,1138.0
31.3508,546.0,1140.0
31.3558,749.0,1144.0
31.3609,-539.0,1140.0
31.3661,-1399.0,1162.0
31.371,149.0,1154.0
31.376,1429.0,1166.0
31.3808,204.0,1164.0
31.3858,-814.0,1164.0
31.3909,-99.0,1162.0
31.3958,151.0,1160.0
31.4009,-307.0,1158.0
31.4058,45.0,1154.0
31.4108,546.0,1160.0
31.416,130.0,1152.0
31.4214,-445.0,1154.0
31.4258,-320.0,1154.0
31.4309,136.0,1144.0
31.4358,421.0,1148.0
31.4411,244.0,1140.0
31.4465,-491.0,1138.0
31.4508,-624.0,1136.0
31.4559,368.0,1126.0
31.4613,867.0,1134.0
31.4659,193.0,1120.0
31.4708,-722.0,1128.0
31.4758,-962.0,1128.0
31.4808,102.0,1128.0
31.486,1248.0,1138.0
31.4918,529.0,1144.0
31.4959,-767.0,1154.0
31.501,-499.0,1158.0
31.506,101.0,1158.0
31.5111,-193.0,1150.0
31.5166,31.0,1150.0
31.5208,766.0,1146.0
31.5263,287.0,1144.0
31.5308,-660.0,1144.0
31.5358,-415.0,1140.0
31.541,212.0,1140.0
31.546,76.0,1132.0
31.5521,-102.0,1120.0
31.5559,416.0,1122.0
31.5609,515.0,1112.0
31.5658,-626.0,1118.0
31.5708,-1025.0,1116.0
31.5758,419.0,1118.0
31.5809,1102.0,1122.0
31.5862,-51.0,1120.0
31.5913,-663.0,1130.0
31.5959,-134.0,1128.0
31.6008,127.0,1118.0
31.6059,82.0,1108.0
31.6109,41.0,1094.0
31.6158,-32.0,1072.0
31.6223,173.0,1068.0
31.626,184.0,1048.0
31.6309,-385.0,1048.0
31.6358,-410.0,1038.0
31.6409,341.0,1028.0
31.6459,433.0,1030.0
31.651,-183.0,1022.0
31.6563,-201.0,1022.0
31.661,143.0,1022.0
31.6658,-80.0,1022.0
31.6709,-228.0,1020.0
31.6758,197.0,1012.0
31.681,286.0,1010.0
31.6871,-86.0,996.0
31.6908,-214.0,998.0
31.6959,-162.0,994.0
31.7014,-4.0,986.0
31.706,345.0,980.0
31.7108,360.0,982.0
31.7159,-256.0,964.0
31.7216,-720.0,968.0
31.7258,-78.0,950.0
31.7308,814.0,946.0
31.7358,337.0,942.0
31.7409,-520.0,934.0
31.7458,-252.0,934.0
31.7509,44.0,930.0
31.7558,-47.0,924.0
31.7608,297.0,918.0
31.7658,233.0,920.0
31.7711,-374.0,910.0
31.776,-154.0,900.0
31.7808,303.0,894.0
31.7864,-71.0,876.0
31.7908,-292.0,880.0
31.7958,209.0,868.0
31.801,405.0,864.0
31.806,-161.0,858.0
31.8116,-511.0,848.0
31.8159,119.0,848.0
31.8208,521.0,838.0
31.8258,-288.0,836.0
31.8309,-530.0,828.0
31.836,529.0,820.0
31.8408,633.0,822.0
31.8458,-553.0,814.0
31.8508,-746.0,820.0
31.8565,376.0,814.0
31.8608,726.0,810.0
31.866,-274.0,812.0
31.871,-614.0,802.0
31.8761,344.0,800.0
31.8808,550.0,798.0
31.886,-386.0,796.0
31.891,-490.0,802.0
31.8958,242.0,804.0
31.9008,275.0,804.0
31.9058,-21.0,794.0
31.9108,21.0,790.0
31.9159,-141.0,774.0
31.9209,-145.0,774.0
31.926,274.0,758.0
31.9308,25.0,756.0
31.9358,-401.0,746.0
31.941,185.0,748.0
31.946,430.0,742.0
31.9508,-346.0,744.0
31.9559,-345.0,738.0
31.9608,396.0,738.0
31.966,252.0,730.0
31.9708,-273.0,730.0
31.9758,-182.0,726.0
31.9809,-11.0,722.0
31.9859,45.0,722.0
31.9908,290.0,718.0
31.9958,178.0,710.0
32.001,-399.0,708.0
32.0073,-353.0,692.0
32.0108,360.0,694.0
32.0158,368.0,678.0
32.0209,-327.0,680.0
32.0259,-285.0,672.0
32.031,339.0,676.0
32.0368,219.0,676.0
32.0408,-241.0,676.0
32.0458,-134.0,676.0
32.0508,-43.0,668.0
32.0559,-74.0,668.0
32.0608,302.0,666.0
32.0659,348.0,666.0
32.0713,-255.0,668.0
32.0758,-436.0,668.0
32.0807,-55.0,666.0
32.0857,178.0,660.0
32.0909,252.0,654.0
32.0958,215.0,652.0
32.1008,-134.0,640.0
32.1058,-406.0,644.0
32.1114,-77.0,634.0
32.1158,385.0,624.0
32.1218,160.0,626.0
32.1264,-373.0,612.0
32.1313,-158.0,606.0
32.1364,419.0,600.0
32.1409,166.0,596.0
32.1459,-425.0,600.0
32.151,-148.0,600.0
32.1558,349.0,606.0
32.1607,21.0,594.0
32.1658,-241.0,592.0
32.171,175.0,586.0
32.1759,172.0,582.0
32.1809,-322.0,582.0
32.1858,-161.0,584.0
32.1909,346.0,588.0
32.1962,172.0,584.0
32.2018,-287.0,580.0
32.2059,-173.0,574.0
32.2118,279.0,562.0
32.2164,222.0,558.0
32.2209,-366.0,548.0
32.2259,-356.0,552.0
32.2312,394.0,548.0
32.2358,458.0,554.0
32.2409,-265.0,556.0
32.2459,-380.0,560.0
32.2509,124.0,562.0
32.2569,176.0,564.0
32.2608,-115.0,562.0
32.2659,-11.0,560.0
32.2708,157.0,556.0
32.2759,-76.0,552.0
32.2808,-128.0,548.0
32.2858,172.0,544.0
32.2909,76.0,542.0
32.2958,-272.0,544.0
32.301,-59.0,542.0
32.3057,312.0,546.0
32.3108,18.0,542.0
32.3159,-306.0,544.0
32.3208,75.0,540.0
32.3258,281.0,544.0
32.3308,-172.0,542.0
32.3361,-186.0,544.0
32.3409,235.0,546.0
32.3458,-2.0,542.0
32.3508,-239.0,540.0
32.3557,216.0,540.0
32.3608,178.0,530.0
32.3662,-382.0,536.0
32.3708,-126.0,524.0
32.3759,445.0,526.0
32.3808,159.0,520.0
32.3858,-332.0,522.0
32.3908,-215.0,524.0
32.3958,101.0,526.0
32.401,202.0,524.0
32.4058,65.0,522.0
32.4108,-150.0,518.0
32.4159,-98.0,516.0
32.4208,100.0,514.0
32.426,79.0,514.0
32.431,-40.0,510.0
32.4368,-49.0,508.0
32.4408,5.0,502.0
32.4458,-7.0,498.0
32.4508,-67.0,492.0
32.4558,69.0,492.0
32.462,207.0,486.0
32.4659,-67.0,482.0
32.4709,-285.0,478.0
32.4758,-29.0,472.0
32.4807,163.0,464.0
32.4863,122.0,456.0
32.4907,107.0,446.0
32.4981,-69.0,442.0
32.5008,-285.0,436.0
32.506,-82.0,432.0
32.5107,227.0,426.0
32.5158,157.0,424.0
32.5211,-39.0,416.0
32.5258,-96.0,410.0
32.5308,-115.0,404.0
32.5358,-39.0,402.0
32.5409,177.0,400.0
32.546,182.0,402.0
32.5508,-145.0,404.0
32.5559,-262.0,406.0
32.5609,60.0,406.0
32.5658,232.0,404.0
32.5707,1.0,404.0
32.5758,-129.0,400.0
32.5807,-2.0,398.0
32.5858,50.0,392.0
32.5907,-8.0,386.0
32.5968,-65.0,382.0
32.6021,-53.0,376.0
32.6058,140.0,374.0
32.6108,191.0,374.0
32.6164,-163.0,372.0
32.6208,-279.0,376.0
32.6259,98.0,378.0
32.6308,224.0,376.0
32.6358,-29.0,374.0
32.6409,-82.0,370.0
32.6459,12.0,364.0
32.651,-38.0,360.0
32.656,-9.0,354.0
32.6608,109.0,350.0
32.6665,-19.0,346.0
32.6707,-149.0,344.0
32.6758,46.0,340.0
32.6809,150.0,338.0
32.6861,-44.0,338.0
32.6909,-98.0,338.0
32.6958,30.0,338.0
32.7008,23.0,334.0
32.7058,-29.0,328.0
32.7107,29.0,324.0
32.7158,34.0,318.0
32.7208,-44.0,318.0
32.7258,-34.0,316.0
32.7308,30.0,312.0
32.7358,36.0,310.0
32.741,11.0,308.0
32.7458,-42.0,302.0
32.7508,-68.0,302.0
32.7565,37.0,296.0
32.761,103.0,296.0
32.7658,-21.0,290.0
32.7708,-99.0,290.0
32.7758,10.0,282.0
32.7808,72.0,282.0
32.7858,-14.0,276.0
32.7907,-58.0,274.0
32.7957,26.0,268.0
32.8008,94.0,270.0
32.8058,-10.0,266.0
32.8108,-157.0,266.0
32.8158,-38.0,264.0
32.8207,166.0,262.0
32.8263,49.0,260.0
32.8308,-107.0,256.0
32.8367,27.0,254.0
32.8409,58.0,250.0
32.8458,-139.0,250.0
32.8508,-74.0,246.0
32.8561,202.0,246.0
32.861,150.0,242.0
32.8665,-192.0,240.0
32.8713,-234.0,238.0
32.8757,135.0,232.0
32.8809,242.0,232.0
32.8859,-72.0,228.0
32.8908,-142.0,228.0
32.8958,57.0,226.0
32.9008,-1.0,224.0
32.9057,-104.0,226.0
32.9108,86.0,224.0
32.9166,168.0,226.0
32.9208,-46.0,224.0
32.9258,-195.0,224.0
32.9308,-114.0,226.0
32.9358,142.0,224.0
32.9409,295.0,228.0
32.9459,1.0,222.0
32.9508,-335.0,228.0
32.9559,-137.0,224.0
32.9609,198.0,226.0
32.9668,129.0,224.0
32.9707,-36.0,222.0
32.9757,-3.0,220.0
32.9808,-22.0,216.0
32.9858,-81.0,216.0
32.9907,56.0,214.0
32.9958,57.0,212.0
33.0009,-206.0,212.0
33.0059,-37.0,206.0
33.0114,401.0,210.0
33.0158,103.0,206.0
33.0208,-412.0,210.0
33.026,-151.0,206.0
33.0309,196.0,206.0
33.036,61.0,206.0
33.0407,26.0,204.0
33.0457,94.0,204.0
33.0508,-65.0,202.0
33.056,-134.0,202.0
33.0608,-35.0,202.0
33.0658,-6.0,200.0
33.071,97.0,202.0
33.0758,195.0,204.0
33.0807,-36.0,204.0
33.0859,-246.0,208.0
33.0909,-50.0,208.0
33.0958,140.0,208.0
33.1008,48.0,206.0
33.1058,-18.0,206.0
33.1118,12.0,202.0
33.1158,-29.0,202.0
33.1209,-32.0,200.0
33.1258,50.0,198.0
33.1317,26.0,196.0
33.1358,-109.0,198.0
33.141,-99.0,194.0
33.1468,177.0,196.0
33.1507,249.0,196.0
33.1561,-177.0,196.0
33.161,-331.0,202.0
33.1658,95.0,202.0
33.171,243.0,204.0
33.1758,-21.0,202.0
33.1809,-47.0,200.0
33.1858,48.0,198.0
33.1908,-84.0,198.0
33.1958,-160.0,196.0
33.2018,46.0,196.0
33.2058,223.0,196.0
33.2107,69.0,198.0
33.2158,-109.0,196.0
33.2208,-57.0,198.0
33.2258,-116.0,198.0
33.2308,-117.0,200.0
33.236,249.0,204.0
33.2408,239.0,206.0
33.2458,-226.0,208.0
33.2508,-156.0,206.0
33.256,169.0,206.0
33.2608,-28.0,204.0
33.2659,-154.0,204.0
33.2708,149.0,202.0
33.2758,157.0,204.0
33.2809,-190.0,206.0
33.2859,-203.0,210.0
33.2909,222.0,212.0
33.2957,349.0,218.0
33.3008,-233.0,220.0
33.3058,-507.0,228.0
33.3107,143.0,228.0
33.3158,476.0,234.0
33.3208,6.0,232.0
33.3258,-204.0,234.0
33.3308,-65.0,234.0
33.3359,-112.0,234.0
33.3409,-14.0,234.0
33.346,247.0,238.0
33.3509,119.0,240.0
33.3561,-183.0,242.0
33.3609,-140.0,244.0
33.3659,64.0,244.0
33.371,90.0,244.0
33.3759,19.0,244.0
33.3814,-29.0,244.0
33.3865,-72.0,246.0
33.3908,-23.0,244.0
33.3959,98.0,246.0
33.402,50.0,244.0
33.4057,-71.0,246.0
33.4108,-14.0,244.0
33.4159,13.0,244.0
33.4209,-62.0,244.0
33.4258,22.0,244.0
33.4323,109.0,244.0
33.4357,-54.0,246.0
33.4407,-132.0,246.0
33.4458,142.0,248.0
33.4508,213.0,248.0
33.4563,-256.0,252.0
33.4608,-347.0,256.0
33.466,284.0,258.0
33.471,406.0,264.0
33.4758,-168.0,266.0
33.4808,-303.0,270.0
33.486,-15.0,268.0
33.4909,90.0,268.0
33.4958,141.0,266.0
33.5008,88.0,266.0
33.5058,-179.0,266.0
33.5115,-128.0,264.0
33.5159,201.0,266.0
33.5209,59.0,262.0
33.5259,-251.0,264.0
33.5308,-39.0,264.0
33.5359,294.0,268.0
33.5409,178.0,270.0
33.546,-242.0,272.0
33.551,-375.0,276.0
33.5559,-12.0,274.0
33.5608,376.0,280.0
33.5659,456.0,284.0
33.5708,-35.0,282.0
33.5758,-817.0,292.0
33.5808,-462.0,296.0
33.5858,771.0,308.0
33.5912,688.0,312.0
33.5957,-356.0,316.0
33.601,-414.0,320.0
33.6059,-31.0,318.0
33.6108,-87.0,318.0
33.6169,74.0,320.0
33.6218,291.0,324.0
33.6257,166.0,326.0
33.6308,60.0,326.0
33.6358,-343.0,330.0
33.6408,-646.0,336.0
33.6459,225.0,340.0
33.6508,871.0,348.0
33.6559,-35.0,346.0
33.6622,-563.0,348.0
33.6657,146.0,348.0
33.671,158.0,348.0
33.6765,-490.0,354.0
33.6809,-76.0,356.0
33.686,648.0,364.0
33.6908,252.0,366.0
33.6959,-420.0,372.0
33.7023,-331.0,376.0
33.7068,-29.0,376.0
33.7109,73.0,376.0
33.7159,436.0,380.0
33.7207,445.0,386.0
33.7258,-612.0,392.0
33.7308,-874.0,404.0
33.7367,517.0,410.0
33.7409,884.0,424.0
33.7459,-329.0,428.0
33.7508,-582.0,438.0
33.7558,177.0,440.0
33.7608,405.0,446.0
33.7663,69.0,446.0
33.771,-498.0,454.0
33.7758,-393.0,458.0
33.7809,629.0,466.0
33.7859,491.0,470.0
33.7909,-643.0,476.0
33.796,-264.0,478.0
33.801,569.0,482.0
33.807,-73.0,482.0
33.8108,-474.0,486.0
33.8158,280.0,490.0
33.8216,402.0,494.0
33.8258,-297.0,498.0
33.8308,-400.0,504.0
33.8359,285.0,506.0
33.8408,559.0,514.0
33.8465,-330.0,516.0
33.8508,-832.0,528.0
33.8558,291.0,530.0
33.8609,867.0,542.0
33.8659,-216.0,544.0
33.8708,-405.0,548.0
33.8758,424.0,552.0
33.8808,-210.0,552.0
33.8861,-908.0,562.0
33.8908,377.0,566.0
33.8961,1117.0,580.0
33.9018,-96.0,582.0
33.9059,-646.0,588.0
33.9111,-14.0,586.0
33.9159,-89.0,586.0
33.9208,-331.0,588.0
33.926,298.0,590.0
33.9308,713.0,598.0
33.9359,139.0,594.0
33.9411,-670.0,600.0
33.946,-591.0,602.0
33.9509,276.0,604.0
33.9558,504.0,604.0
33.9608,-25.0,604.0
33.9658,62.0,602.0
33.9709,314.0,606.0
33.976,-550.0,614.0
33.9808,-918.0,628.0
33.986,458.0,630.0
33.9908,1093.0,646.0
33.9959,98.0,644.0
34.0008,-402.0,648.0
34.0059,-453.0,654.0
34.0108,-660.0,664.0
34.0158,139.0,666.0
34.021,1103.0,682.0
34.0258,521.0,690.0
34.031,-515.0,696.0
34.036,-758.0,708.0
34.0413,-500.0,714.0
34.0457,184.0,716.0
34.0508,1048.0,732.0
34.0561,898.0,746.0
34.0614,-704.0,756.0
34.0661,-1719.0,782.0
34.071,-259.0,784.0
34.0758,1576.0,808.0
34.081,1065.0,824.0
34.0859,-554.0,830.0
34.091,-1107.0,844.0
34.096,-485.0,848.0
34.1013,500.0,850.0
34.1061,750.0,856.0
34.1115,167.0,854.0
34.1161,-69.0,852.0
34.1215,-352.0,852.0
34.1258,-1003.0,868.0
34.1308,0.0,866.0
34.136,1612.0,890.0
34.141,374.0,894.0
34.1468,-1499.0,914.0
34.1508,-386.0,918.0
34.1559,1157.0,934.0
34.1609,235.0,936.0
34.1658,-990.0,948.0
34.1708,-127.0,950.0
34.1759,980.0,960.0
34.1815,7.0,958.0
34.1858,-1046.0,970.0
34.1908,24.0,964.0
34.1964,1105.0,982.0
34.2008,202.0,978.0
34.206,-933.0,986.0
34.2108,-517.0,994.0
34.216,391.0,986.0
34.2213,628.0,990.0
34.2259,312.0,982.0
34.231,-498.0,980.0
34.2358,-815.0,986.0
34.2408,241.0,984.0
34.2458,830.0,996.0
34.2509,-69.0,996.0
34.2558,-362.0,1000.0
34.2614,216.0,1000.0
34.2658,-98.0,998.0
34.2707,-514.0,1006.0
34.2763,119.0,1002.0
34.2808,494.0,1000.0
34.2859,-8.0,996.0
34.291,-122.0,984.0
34.296,280.0,988.0
34.3009,-110.0,982.0
34.3066,-799.0,992.0
34.311,-121.0,990.0
34.3159,939.0,998.0
34.3209,475.0,1004.0
34.3258,-397.0,1000.0
34.3308,-337.0,1002.0
34.3358,-370.0,1000.0
34.341,-319.0,1000.0
34.346,649.0,1010.0
34.3514,806.0,1022.0
34.3559,-318.0,1020.0
34.3617,-583.0,1022.0
34.3657,-67.0,1014.0
34.3709,-85.0,1002.0
34.3758,92.0,994.0
34.381,551.0,990.0
34.3857,19.0,984.0
34.3908,-674.0,986.0
34.3957,49.0,984.0
34.4008,875.0,992.0
34.4059,-107.0,992.0
34.4108,-1284.0,1004.0
34.4158,-108.0,1000.0
34.4208,1474.0,1012.0
34.4258,369.0,1010.0
34.431,-1175.0,1020.0
34.4358,-372.0,1020.0
34.4408,602.0,1022.0
34.4459,209.0,1024.0
34.4508,-45.0,1016.0
34.4559,-145.0,1014.0
34.461,-445.0,1016.0
34.4664,256.0,1014.0
34.4708,986.0,1024.0
34.4764,-299.0,1024.0
34.481,-1459.0,1038.0
34.4868,-17.0,1034.0
34.491,1375.0,1042.0
34.4992,511.0,1046.0
34.5011,-581.0,1040.0
34.5059,-639.0,1048.0
34.5121,-210.0,1044.0
34.5161,323.0,1042.0
34.5208,262.0,1044.0
34.5258,-166.0,1032.0
34.5307,178.0,1028.0
34.5358,551.0,1020.0
34.541,-318.0,1024.0
34.546,-952.0,1028.0
34.5513,24.0,1028.0
34.5561,690.0,1038.0
34.5608,88.0,1034.0
34.5661,-30.0,1030.0
34.5709,250.0,1022.0
34.5759,-288.0,1026.0
34.5823,-562.0,1024.0
34.5857,158.0,1016.0
34.5908,461.0,1020.0
34.5959,47.0,1012.0
34.6008,-161.0,1014.0
34.6058,-218.0,1016.0
34.6113,32.0,1012.0
34.6161,511.0,1012.0
34.6209,-103.0,1000.0
34.6265,-931.0,1006.0
34.6308,121.0,992.0
34.6359,1197.0,1008.0
34.6408,21.0,1002.0
34.6459,-1052.0,1012.0
34.6509,-140.0,1004.0
34.656,572.0,1010.0
34.6608,108.0,994.0
34.6659,-45.0,988.0
34.6708,-25.0,980.0
34.6758,-329.0,974.0
34.681,-49.0,966.0
34.6862,468.0,970.0
34.6909,201.0,958.0
34.6958,-279.0,948.0
34.7008,-363.0,942.0
34.7059,-175.0,918.0
34.7118,265.0,918.0
34.7159,525.0,902.0
34.7208,120.0,888.0
34.7258,-433.0,886.0
34.7308,-442.0,874.0
34.7369,29.0,868.0
34.7407,429.0,866.0
34.7458,262.0,858.0
34.751,-195.0,860.0
34.7558,-209.0,862.0
34.7607,11.0,856.0
34.7658,-75.0,842.0
34.771,-44.0,842.0
34.7758,281.0,822.0
34.7812,275.0,820.0
34.786,-131.0,798.0
34.7907,-467.0,800.0
34.7959,-325.0,788.0
34.8009,357.0,788.0
34.8067,669.0,784.0
34.8108,-17.0,782.0
34.8163,-516.0,774.0
34.8208,-183.0,778.0
34.8259,-33.0,762.0
34.8308,15.0,762.0
34.8357,486.0,752.0
34.8408,354.0,754.0
34.8458,-528.0,748.0
34.851,-584.0,750.0
34.856,381.0,748.0
34.8608,566.0,748.0
34.8658,-409.0,750.0
34.8707,-493.0,750.0
34.8758,579.0,746.0
34.8809,514.0,750.0
34.8859,-590.0,746.0
34.8909,-512.0,754.0
34.8965,346.0,752.0
34.9008,299.0,754.0
34.9057,-70.0,754.0
34.9109,68.0,746.0
34.916,-26.0,746.0
34.9208,-327.0,742.0
34.9258,-4.0,742.0
34.931,321.0,746.0
34.9358,29.0,742.0
34.9408,-142.0,742.0
34.9458,-64.0,730.0
34.9513,-26.0,730.0
34.9562,222.0,718.0
34.9608,116.0,712.0
34.9659,-504.0,714.0
34.9713,-157.0,712.0
34.9758,724.0,718.0
34.9808,139.0,714.0
34.9858,-703.0,716.0
34.9916,-7.0,702.0
34.9959,493.0,706.0
35.0008,-218.0,700.0
35.0059,-277.0,702.0
35.0108,396.0,708.0
35.0159,118.0,708.0
35.0209,-400.0,706.0
35.0259,35.0,706.0
35.0307,257.0,700.0
35.0363,-182.0,702.0
35.0411,-77.0,690.0
35.0459,215.0,690.0
35.0512,-117.0,672.0
35.0561,-68.0,672.0
35.0614,383.0,654.0
35.0664,-118.0,650.0
35.0712,-630.0,642.0
35.0759,140.0,638.0
35.0811,612.0,640.0
35.0865,-33.0,636.0
35.0914,-279.0,640.0
35.0957,-11.0,638.0
35.102,-73.0,632.0
35.1063,-27.0,628.0
35.1117,127.0,616.0
35.1158,-22.0,610.0
35.1208,119.0,590.0
35.1258,279.0,594.0
35.1316,-353.0,578.0
35.1358,-575.0,578.0
35.1413,253.0,574.0
35.1469,563.0,572.0
35.1518,158.0,572.0
35.1559,-88.0,568.0
35.1608,-507.0,572.0
35.166,-542.0,578.0
35.1711,448.0,582.0
35.176,790.0,586.0
35.181,-46.0,582.0
35.1872,-450.0,574.0
35.1913,-334.0,578.0
35.1964,-116.0,570.0
35.2007,439.0,574.0
35.2066,414.0,580.0
35.2113,-324.0,582.0
35.216,-287.0,582.0
35.221,202.0,576.0
35.2262,-50.0,574.0
35.2309,-200.0,570.0
35.236,282.0,574.0
35.2409,263.0,576.0
35.2459,-255.0,576.0
35.2509,-269.0,580.0
35.2566,34.0,572.0
35.2615,170.0,574.0
35.2657,208.0,562.0
35.271,-15.0,560.0
35.2758,-341.0,548.0
35.2813,-124.0,550.0
35.2865,316.0,538.0
35.2916,186.0,538.0
35.2958,-183.0,532.0
35.3009,-123.0,532.0
35.3059,97.0,534.0
35.3111,-35.0,534.0
35.3158,-205.0,532.0
35.3212,124.0,532.0
35.3261,445.0,532.0
35.3309,-10.0,530.0
35.3359,-578.0,534.0
35.3408,-207.0,532.0
35.3461,465.0,536.0
35.3518,292.0,536.0
35.356,-210.0,532.0
35.361,-132.0,532.0
35.3657,6.0,526.0
35.3709,-158.0,520.0
35.3757,81.0,522.0
35.3807,352.0,520.0
35.386,-148.0,518.0
35.3909,-342.0,520.0
35.396,283.0,522.0
35.4015,233.0,526.0
35.4065,-409.0,530.0
35.4107,-145.0,532.0
35.4159,382.0,534.0
35.4213,63.0,530.0
35.4261,-211.0,532.0
35.4313,52.0,526.0
35.4357,45.0,520.0
35.4408,-131.0,518.0
35.4458,49.0,508.0
35.4509,90.0,508.0
35.4565,-151.0,504.0
35.4607,8.0,500.0
35.4667,285.0,504.0
35.4716,-1.0,504.0
35.4759,-324.0,502.0
35.4811,-124.0,498.0
35.4861,171.0,492.0
35.4913,196.0,486.0
35.4957,66.0,482.0
35.5009,-117.0,474.0
35.5057,-185.0,470.0
35.5114,19.0,464.0
35.5157,126.0,456.0
35.5215,-57.0,450.0
35.5259,-24.0,440.0
35.5308,173.0,436.0
35.5358,4.0,430.0
35.5409,-194.0,428.0
35.5457,-29.0,428.0
35.5515,90.0,428.0
35.5567,4.0,428.0
35.5607,16.0,422.0
35.5661,61.0,424.0
35.5714,-29.0,420.0
35.5759,-106.0,420.0
35.5812,-43.0,418.0
35.5872,124.0,420.0
35.5907,141.0,422.0
35.5958,-142.0,420.0
35.6007,-204.0,422.0
35.6057,144.0,416.0
35.6108,199.0,416.0
35.6157,-110.0,406.0
35.6207,-129.0,406.0
35.6259,59.0,396.0
35.6308,42.0,398.0
35.6358,-19.0,390.0
35.6407,19.0,386.0
35.6462,0.0,382.0
35.6511,-42.0,376.0
35.6559,0.0,376.0
35.6612,32.0,370.0
35.6657,7.0,368.0
35.6711,-10.0,366.0
35.676,-12.0,362.0
35.6809,-10.0,362.0
35.6863,11.0,358.0
35.6914,30.0,356.0
35.6957,1.0,356.0
35.7015,-36.0,350.0
35.7059,-25.0,348.0
35.7118,15.0,340.0
35.7159,57.0,338.0
35.7212,6.0,328.0
35.7258,-107.0,330.0
35.7307,1.0,326.0
35.7359,162.0,328.0
35.7407,-20.0,326.0
35.7457,-179.0,330.0
35.7508,21.0,328.0
35.7557,129.0,330.0
35.761,-16.0,328.0
35.7661,-49.0,324.0
35.7712,20.0,318.0
35.7767,14.0,310.0
35.7807,-26.0,306.0
35.786,-56.0,298.0
35.7909,15.0,296.0
35.7961,120.0,296.0
35.8014,11.0,290.0
35.8067,-126.0,282.0
35.8107,-25.0,276.0
35.816,65.0,264.0
35.8207,15.0,264.0
35.8264,18.0,258.0
35.8309,-21.0,252.0
35.8368,-106.0,252.0
35.8409,65.0,246.0
35.8459,182.0,242.0
35.8508,-99.0,240.0
35.8559,-200.0,238.0
35.8609,89.0,236.0
35.8663,139.0,238.0
35.8709,-58.0,236.0
35.8765,-19.0,232.0
35.8807,54.0,228.0
35.8868,-131.0,226.0
35.8916,-119.0,224.0
35.8957,236.0,226.0
35.9009,224.0,228.0
35.9057,-201.0,228.0
35.9109,-251.0,232.0
35.9162,66.0,228.0
35.9207,136.0,228.0
35.9258,17.0,222.0
35.9309,26.0,220.0
35.9359,16.0,218.0
35.9413,-85.0,216.0
35.9457,-100.0,216.0
35.951,-11.0,216.0
35.9557,136.0,216.0
35.9612,156.0,216.0
35.9661,-84.0,210.0
35.9715,-193.0,214.0
35.9757,0.0,204.0
35.9809,100.0,202.0
35.9857,64.0,196.0
35.9908,1.0,192.0
35.9965,-141.0,190.0
36.0014,-47.0,190.0
36.0063,245.0,194.0
36.0111,85.0,192.0
36.0157,-286.0,196.0
36.0209,-125.0,192.0
36.0262,204.0,192.0
36.0308,108.0,188.0
36.0358,-86.0,186.0
36.0408,-40.0,182.0
36.0457,55.0,178.0
36.0507,15.0,176.0
36.0559,-130.0,172.0
36.0608,-94.0,172.0
36.0658,207.0,172.0
36.0707,223.0,174.0
36.0758,-180.0,176.0
36.0808,-266.0,178.0
36.0864,70.0,178.0
36.0907,144.0,180.0
36.0961,12.0,178.0
36.1007,75.0,178.0
36.1062,-19.0,174.0
36.111,-245.0,178.0
36.1157,16.0,174.0
36.1207,262.0,176.0
36.1257,-86.0,174.0
36.1308,-169.0,174.0
36.1357,210.0,176.0
36.1409,89.0,176.0
36.1457,-271.0,176.0
36.1507,-72.0,178.0
36.1558,203.0,178.0
36.1608,88.0,180.0
36.166,-59.0,180.0
36.171,-112.0,180.0
36.1759,-65.0,180.0
36.1807,140.0,180.0
36.1857,122.0,180.0
36.1908,-157.0,182.0
36.1959,-106.0,184.0
36.2008,153.0,186.0
36.2057,29.0,184.0
36.2107,-157.0,186.0
36.2159,91.0,186.0
36.2207,220.0,190.0
36.2265,-213.0,190.0
36.2308,-357.0,194.0
36.2359,242.0,196.0
36.2407,468.0,200.0
36.2457,-125.0,200.0
36.2507,-414.0,202.0
36.256,-31.0,202.0
36.2609,189.0,202.0
36.2658,78.0,202.0
36.2707,28.0,202.0
36.2758,-5.0,202.0
36.2808,-72.0,204.0
36.286,-39.0,204.0
36.291,-61.0,204.0
36.2958,-64.0,206.0
36.3007,237.0,208.0
36.3058,268.0,212.0
36.3117,-313.0,218.0
36.3157,-395.0,224.0
36.3209,265.0,228.0
36.3263,350.0,232.0
36.3307,-183.0,234.0
36.3359,-217.0,238.0
36.3409,136.0,240.0
36.3459,123.0,242.0
36.351,-95.0,242.0
36.3557,-70.0,242.0
36.3608,33.0,244.0
36.3658,-2.0,242.0
36.371,6.0,242.0
36.3757,88.0,240.0
36.3808,21.0,240.0
36.3858,-132.0,240.0
36.3913,-95.0,240.0
36.3959,155.0,242.0
36.4009,165.0,244.0
36.406,-219.0,246.0
36.4107,-218.0,250.0
36.4158,269.0,254.0
36.4211,243.0,256.0
36.4258,-218.0,260.0
36.4313,-165.0,262.0
36.4359,137.0,262.0
36.4407,-32.0,262.0
36.4464,-154.0,262.0
36.4509,179.0,266.0
36.4558,237.0,268.0
36.4607,-113.0,270.0
36.4658,-243.0,272.0
36.4708,-95.0,274.0
36.4758,136.0,274.0
36.481,240.0,278.0
36.4865,-26.0,274.0
36.4909,-205.0,276.0
36.4999,56.0,274.0
36.5006,79.0,274.0
36.5057,-238.0,276.0
36.5115,-54.0,276.0
36.5158,417.0,282.0
36.5208,178.0,284.0
36.5258,-429.0,288.0
36.5307,-293.0,292.0
36.5357,267.0,292.0
36.5409,231.0,292.0
36.5458,-102.0,290.0
36.5509,-2.0,286.0
36.5557,137.0,288.0
36.5609,-200.0,288.0
36.5657,-362.0,294.0
36.5711,186.0,296.0
36.5758,519.0,304.0
36.5807,9.0,302.0
36.5859,-408.0,308.0
36.5919,-148.0,310.0
36.5958,124.0,310.0
36.6008,44.0,308.0
36.6057,85.0,308.0
36.6107,243.0,308.0
36.6157,-76.0,310.0
36.6207,-463.0,316.0
36.6257,-89.0,316.0
36.6308,416.0,322.0
36.6358,213.0,324.0
36.6412,-177.0,326.0
36.6458,-165.0,324.0
36.6507,-11.0,324.0
36.6573,20.0,320.0
36.6607,32.0,318.0
36.6666,58.0,316.0
36.6707,22.0,314.0
36.6758,-28.0,314.0
36.6814,-21.0,312.0
36.6857,-14.0,312.0
36.6909,-58.0,312.0
36.6957,-13.0,310.0
36.7015,124.0,312.0
36.7057,74.0,310.0
36.711,-109.0,308.0
36.7157,-68.0,306.0
36.7208,78.0,302.0
36.7257,-25.0,302.0
36.7313,-138.0,302.0
36.7363,86.0,304.0
36.7409,265.0,306.0
36.7456,13.0,306.0
36.7509,-292.0,306.0
36.7558,-192.0,310.0
36.7611,121.0,308.0
36.7657,219.0,310.0
36.7709,118.0,308.0
36.7758,-25.0,306.0
36.7808,-226.0,308.0
36.7865,-197.0,306.0
36.7909,164.0,308.0
36.796,254.0,308.0
36.8009,-54.0,308.0
36.806,-155.0,310.0
36.8108,-11.0,308.0
36.8159,37.0,308.0
36.8208,43.0,306.0
36.8259,-24.0,304.0
36.8308,-87.0,304.0
36.8359,150.0,304.0
36.8407,191.0,306.0
36.8458,-297.0,310.0
36.8507,-331.0,312.0
36.8558,292.0,316.0
36.8619,361.0,318.0
36.866,-162.0,316.0
36.8707,-211.0,314.0
36.8758,105.0,312.0
36.8817,82.0,306.0
36.8858,-198.0,308.0
36.8908,-227.0,304.0
36.8958,334.0,310.0
36.9008,598.0,316.0
36.9057,-381.0,320.0
36.9108,-874.0,334.0
36.9159,302.0,338.0
36.9208,813.0,350.0
36.9257,-184.0,352.0
36.9308,-482.0,358.0
36.9357,119.0,360.0
36.9407,131.0,358.0
36.9459,-63.0,354.0
36.9509,60.0,350.0
36.9557,-64.0,346.0
36.9608,-74.0,342.0
36.9657,233.0,340.0
36.9709,-4.0,338.0
36.9757,-344.0,340.0
36.9807,62.0,338.0
36.9858,357.0,342.0
36.9908,-25.0,342.0
36.9957,-283.0,344.0
37.0007,-97.0,346.0
37.0058,118.0,348.0
37.0107,247.0,350.0
37.0157,121.0,352.0
37.0207,-350.0,356.0
37.0258,-348.0,360.0
37.0307,322.0,364.0
37.0357,395.0,368.0
37.0407,-145.0,368.0
37.0457,-143.0,366.0
37.0509,-16.0,362.0
37.0559,-260.0,362.0
37.0607,-20.0,360.0
37.0657,449.0,362.0
37.0712,153.0,362.0
37.0774,-288.0,364.0
37.0809,-133.0,366.0
37.0857,33.0,364.0
37.0907,-35.0,362.0
37.0957,33.0,360.0
37.1008,163.0,360.0
37.1068,129.0,358.0
37.1118,-155.0,360.0
37.117,-383.0,362.0
37.1207,67.0,360.0
37.1257,497.0,368.0
37.1314,-58.0,366.0
37.1357,-337.0,370.0
37.1408,245.0,372.0
37.1468,31.0,368.0
37.1507,-519.0,376.0
37.1557,164.0,372.0
37.1608,620.0,380.0
37.166,-162.0,376.0
37.171,-433.0,378.0
37.1757,106.0,374.0
37.1818,127.0,374.0
37.1857,-162.0,374.0
37.1907,-28.0,374.0
37.1957,336.0,378.0
37.201,348.0,380.0
37.2058,-399.0,380.0
37.2108,-925.0,392.0
37.2164,61.0,384.0
37.2209,1267.0,404.0
37.2258,599.0,408.0
37.2308,-1031.0,422.0
37.2358,-1057.0,436.0
37.2413,364.0,440.0
37.2462,868.0,454.0
37.2507,289.0,454.0
37.2561,-114.0,454.0
37.2607,-596.0,456.0
37.2657,-711.0,466.0
37.2707,529.0,468.0
37.2757,1137.0,482.0
37.2807,-232.0,484.0
37.286,-1005.0,496.0
37.2908,-139.0,498.0
37.2957,504.0,506.0
37.3008,385.0,512.0
37.3057,-97.0,512.0
37.3109,-428.0,518.0
37.3157,175.0,520.0
37.3207,519.0,528.0
37.3258,-625.0,538.0
37.3307,-876.0,550.0
37.3358,973.0,566.0
37.3408,1256.0,584.0
37.3457,-980.0,598.0
37.3511,-1164.0,614.0
37.3565,817.0,626.0
37.3609,472.0,632.0
37.3657,-675.0,642.0
37.3709,378.0,646.0
37.3757,550.0,654.0
37.3808,-838.0,662.0
37.3857,-394.0,668.0
37.3908,758.0,676.0
37.3957,179.0,676.0
37.4008,-442.0,680.0
37.4057,29.0,678.0
37.4107,273.0,680.0
37.4158,-43.0,680.0
37.4218,-279.0,680.0
37.4259,-175.0,680.0
37.4307,213.0,682.0
37.4358,373.0,682.0
37.4422,-48.0,682.0
37.4458,-347.0,686.0
37.4508,80.0,686.0
37.4559,236.0,690.0
37.4608,-416.0,696.0
37.4658,-212.0,698.0
37.4708,729.0,708.0
37.4757,157.0,708.0
37.4808,-690.0,716.0
37.4868,40.0,712.0
37.4907,265.0,712.0
37.4958,-231.0,710.0
37.5008,381.0,712.0
37.5058,307.0,714.0
37.5108,-928.0,724.0
37.5158,-373.0,728.0
37.5207,954.0,742.0
37.5257,406.0,746.0
37.5307,-431.0,748.0
37.5357,-219.0,748.0
37.5409,-132.0,740.0
37.5471,-50.0,734.0
37.5509,366.0,726.0
37.5557,30.0,722.0
37.5607,-403.0,716.0
37.5658,183.0,716.0
37.5709,359.0,714.0
37.576,-186.0,716.0
37.5809,-103.0,714.0
37.5861,75.0,714.0
37.5907,-234.0,718.0
37.5969,-270.0,720.0
37.6008,204.0,722.0
37.6059,701.0,730.0
37.6107,244.0,734.0
37.6158,-955.0,744.0
37.6209,-571.0,752.0
37.6259,928.0,760.0
37.6308,372.0,766.0
37.6358,-777.0,774.0
37.6407,141.0,774.0
37.6457,551.0,780.0
37.6507,-571.0,786.0
37.656,-274.0,788.0
37.6608,815.0,796.0
37.6657,69.0,792.0
37.6707,-940.0,800.0
37.6757,48.0,796.0
37.6816,975.0,808.0
37.6857,-132.0,808.0
37.6907,-912.0,822.0
37.6959,67.0,820.0
37.7011,679.0,830.0
37.7059,210.0,826.0
37.7109,-160.0,826.0
37.7158,-425.0,828.0
37.7209,-539.0,834.0
37.7262,251.0,838.0
37.7307,1004.0,852.0
37.7358,236.0,856.0
37.741,-920.0,868.0
37.7459,-651.0,876.0
37.7509,436.0,880.0
37.7558,711.0,886.0
37.7607,26.0,884.0
37.7659,-444.0,884.0
37.7708,-194.0,886.0
37.7758,19.0,882.0
37.7807,30.0,878.0
37.7857,427.0,884.0
37.7913,412.0,882.0
37.7957,-691.0,890.0
37.8008,-925.0,896.0
37.8058,502.0,900.0
37.8107,1051.0,910.0
37.8157,86.0,910.0
37.8208,-488.0,916.0
37.8259,-573.0,922.0
37.8309,-475.0,930.0
37.8358,502.0,932.0
37.8408,1198.0,946.0
37.8456,71.0,940.0
37.8507,-1197.0,944.0
37.8566,-639.0,954.0
37.8607,519.0,942.0
37.8657,690.0,942.0
37.8707,182.0,930.0
37.8757,-251.0,918.0
37.881,-250.0,916.0
37.8861,-131.0,904.0
37.8908,-230.0,902.0
37.8957,73.0,902.0
37.9007,610.0,902.0
37.9057,264.0,896.0
37.9108,-490.0,894.0
37.9159,-483.0,884.0
37.9207,67.0,882.0
37.9257,401.0,872.0
37.9309,213.0,874.0
37.9357,-123.0,868.0
37.9415,-135.0,864.0
37.9458,-158.0,864.0
37.9507,-185.0,862.0
37.9557,284.0,862.0
37.9607,486.0,862.0
37.9657,-188.0,856.0
37.9712,-523.0,850.0
37.9757,-45.0,836.0
37.9807,232.0,820.0
37.9866,247.0,808.0
37.9907,187.0,792.0
37.996,-336.0,786.0
38.0008,-463.0,786.0
38.0058,341.0,780.0
38.0107,508.0,782.0
38.0158,-266.0,778.0
38.0208,-421.0,770.0
38.0257,61.0,766.0
38.0308,255.0,758.0
38.0358,241.0,758.0
38.0407,53.0,752.0
38.0457,-449.0,760.0
38.0507,-465.0,762.0
38.056,380.0,768.0
38.0607,749.0,774.0
38.0659,-105.0,774.0
38.071,-726.0,782.0
38.0762,-142.0,778.0
38.0807,439.0,784.0
38.0868,227.0,782.0
38.0907,-69.0,782.0
38.0957,-158.0,782.0
38.1011,-203.0,778.0
38.1058,26.0,774.0
38.1107,300.0,768.0
38.1158,49.0,766.0
38.1209,-283.0,760.0
38.1257,-20.0,760.0
38.1307,273.0,760.0
38.1366,-27.0,756.0
38.1417,-313.0,756.0
38.1457,-16.0,752.0
38.1507,337.0,742.0
38.1557,138.0,738.0
38.1617,-304.0,728.0
38.1659,-230.0,726.0
38.1709,272.0,722.0
38.1758,227.0,722.0
38.1807,-299.0,726.0
38.1857,-162.0,728.0
38.1907,356.0,728.0
38.1957,136.0,728.0
38.2009,-345.0,728.0
38.2059,-195.0,728.0
38.2107,210.0,726.0
38.2158,280.0,728.0
38.2207,-4.0,726.0
38.2257,-320.0,730.0
38.231,-169.0,728.0
38.2359,283.0,728.0
38.2408,242.0,730.0
38.2458,-171.0,720.0
38.251,-212.0,720.0
38.2561,37.0,706.0
38.2621,187.0,700.0
38.2657,74.0,686.0
38.2716,-287.0,686.0
38.2758,-187.0,676.0
38.2808,453.0,682.0
38.286,289.0,678.0
38.2909,-513.0,676.0
38.2957,-276.0,676.0
38.3007,430.0,670.0
38.3061,99.0,670.0
38.3109,-323.0,660.0
38.3157,93.0,662.0
38.3208,260.0,650.0
38.3257,-79.0,650.0
38.3307,-164.0,638.0
38.3357,-146.0,640.0
38.3409,-50.0,630.0
38.3459,322.0,632.0
38.3507,279.0,632.0
38.3557,-256.0,630.0
38.3607,-297.0,626.0
38.3657,79.0,624.0
38.371,69.0,610.0
38.3757,-30.0,606.0
38.3807,151.0,594.0
38.3857,129.0,586.0
38.3907,-106.0,580.0
38.396,-179.0,572.0
38.4009,-154.0,574.0
38.4057,57.0,568.0
38.4107,340.0,570.0
38.416,121.0,572.0
38.4218,-270.0,576.0
38.4266,-154.0,572.0
38.4307,38.0,566.0
38.4357,-4.0,556.0
38.4408,128.0,542.0
38.4458,221.0,538.0
38.4507,-97.0,524.0
38.4569,-326.0,528.0
38.4607,-86.0,520.0
38.4659,239.0,516.0
38.4706,251.0,512.0
38.4757,-29.0,504.0
38.481,-272.0,490.0
38.486,-140.0,492.0
38.4907,182.0,476.0
38.4964,184.0,468.0
38.5008,-90.0,462.0
38.5061,-146.0,454.0
38.5108,43.0,452.0
38.5159,102.0,448.0
38.5207,-25.0,446.0
38.5263,-71.0,444.0
38.5306,3.0,440.0
38.5356,12.0,440.0
38.5409,27.0,430.0
38.5458,90.0,428.0
38.5509,-27.0,420.0
38.5559,-168.0,416.0
38.5607,-13.0,414.0
38.5657,144.0,410.0
38.5711,29.0,408.0
38.5761,-21.0,406.0
38.5807,41.0,404.0
38.5857,-125.0,404.0
38.5907,-167.0,404.0
38.5957,210.0,402.0
38.6009,250.0,400.0
38.6059,-200.0,400.0
38.6111,-216.0,394.0
38.6158,146.0,396.0
38.6207,103.0,394.0
38.6257,-107.0,392.0
38.6307,-7.0,390.0
38.6357,83.0,386.0
38.6407,-6.0,378.0
38.6457,-26.0,374.0
38.6507,-56.0,366.0
38.6566,-97.0,364.0
38.6607,119.0,358.0
38.6664,237.0,362.0
38.6714,-89.0,358.0
38.6759,-266.0,360.0
38.6807,-3.0,358.0
38.6865,138.0,354.0
38.6911,45.0,348.0
38.6961,22.0,342.0
38.7006,-19.0,330.0
38.7065,-84.0,330.0
38.7113,12.0,318.0
38.7158,60.0,318.0
38.7208,-63.0,312.0
38.7257,-38.0,308.0
38.7307,112.0,310.0
38.7357,46.0,308.0
38.7409,-95.0,306.0
38.7459,-62.0,306.0
38.7507,23.0,302.0
38.7562,68.0,302.0
38.7607,28.0,298.0
38.7659,-83.0,300.0
38.7718,-23.0,296.0
38.7757,120.0,296.0
38.7807,3.0,292.0
38.7857,-142.0,294.0
38.7907,2.0,288.0
38.7959,104.0,288.0
38.8008,-30.0,284.0
38.8059,-14.0,280.0
38.8115,102.0,278.0
38.8157,-71.0,276.0
38.8207,-178.0,274.0
38.8258,91.0,272.0
38.8307,206.0,270.0
38.8359,-44.0,268.0
38.8407,-177.0,266.0
38.8457,-15.0,264.0
38.8508,119.0,262.0
38.8557,46.0,258.0
38.8607,-65.0,260.0
38.8658,-49.0,254.0
38.8708,43.0,252.0
38.8757,39.0,250.0
38.8809,-74.0,246.0
38.887,-52.0,244.0
38.8908,128.0,244.0
38.8957,137.0,244.0
38.9008,-119.0,244.0
38.9057,-270.0,246.0
38.9112,8.0,242.0
38.9157,330.0,244.0
38.9209,125.0,240.0
38.9258,-253.0,240.0
38.9307,-166.0,234.0
38.9365,121.0,232.0
38.9409,88.0,226.0
38.9459,-48.0,226.0
38.9507,55.0,220.0
38.9559,72.0,220.0
38.9607,-179.0,220.0
38.9666,-159.0,220.0
38.9709,185.0,220.0
38.9758,225.0,222.0
38.9808,-38.0,222.0
38.9857,-179.0,220.0
38.9907,-151.0,218.0
38.9958,28.0,214.0
39.0008,220.0,212.0
39.0066,91.0,214.0
39.0107,-141.0,214.0
39.0165,-71.0,214.0
39.0206,45.0,214.0
39.0267,-28.0,212.0
39.0307,-19.0,210.0
39.0364,88.0,208.0
39.0409,43.0,208.0
39.0457,-78.0,208.0
39.0507,-92.0,204.0
39.0564,32.0,202.0
39.0608,151.0,200.0
39.0666,25.0,198.0
39.0707,-173.0,200.0
39.0758,-77.0,202.0
39.0814,118.0,202.0
39.0859,120.0,200.0
39.0907,0.0,198.0
39.096,-170.0,196.0
39.1008,-138.0,196.0
39.1057,208.0,196.0
39.111,244.0,196.0
39.1159,-181.0,198.0
39.1208,-261.0,198.0
39.1258,114.0,198.0
39.1314,189.0,198.0
39.1357,-94.0,196.0
39.1409,-127.0,198.0
39.1465,95.0,196.0
39.1509,157.0,198.0
39.1557,6.0,196.0
39.1607,-216.0,200.0
39.1658,-208.0,202.0
39.1707,190.0,204.0
39.1757,348.0,210.0
39.1812,-112.0,212.0
39.1866,-332.0,216.0
39.1914,147.0,216.0
39.1957,263.0,218.0
39.2019,-336.0,224.0
39.2067,-280.0,226.0
39.211,474.0,232.0
39.2168,335.0,238.0
39.2207,-376.0,242.0
39.226,-243.0,244.0
39.2308,138.0,244.0
39.2357,-29.0,242.0
39.2407,6.0,238.0
39.2457,250.0,238.0
39.2508,14.0,236.0
39.2559,-211.0,236.0
39.2608,-72.0,236.0
39.2658,-1.0,234.0
39.2707,43.0,234.0
39.2759,122.0,236.0
39.2807,33.0,236.0
39.286,-6.0,236.0
39.2907,-23.0,234.0
39.2959,-242.0,236.0
39.3007,-121.0,238.0
39.3056,384.0,240.0
39.3114,288.0,242.0
39.3168,-299.0,242.0
39.3215,-304.0,248.0
39.3257,104.0,248.0
39.3307,135.0,248.0
39.3367,11.0,248.0
39.3409,85.0,250.0
39.3462,22.0,248.0
39.3508,-217.0,252.0
39.3557,-138.0,252.0
39.3608,195.0,254.0
39.3657,194.0,258.0
39.3708,-4.0,256.0
39.3759,-85.0,256.0
39.3807,-282.0,260.0
39.3857,-120.0,260.0
39.3908,493.0,268.0
39.3959,231.0,270.0
39.4007,-506.0,278.0
39.4059,-144.0,278.0
39.4121,386.0,284.0
39.4162,-52.0,284.0
39.4207,-285.0,288.0
39.4261,164.0,288.0
39.4308,245.0,292.0
39.4359,-88.0,292.0
39.4411,-147.0,294.0
39.4457,-100.0,294.0
39.4516,-127.0,294.0
39.456,287.0,298.0
39.4607,528.0,304.0
39.4657,-421.0,308.0
39.4707,-876.0,320.0
39.4758,436.0,326.0
39.4808,988.0,338.0
39.4858,-317.0,342.0
39.4907,-771.0,354.0
39.4957,223.0,356.0
39.5006,339.0,360.0
39.5056,-291.0,364.0
39.5112,5.0,364.0
39.5157,378.0,368.0
39.5207,-115.0,370.0
39.5257,-246.0,372.0
39.5307,148.0,372.0
39.5357,-31.0,370.0
39.541,-227.0,372.0
39.5458,136.0,370.0
39.5508,193.0,374.0
39.5557,12.0,368.0
39.5607,77.0,368.0
39.5656,-104.0,366.0
39.571,-366.0,368.0
39.5757,-123.0,368.0
39.5817,354.0,372.0
39.5858,521.0,380.0
39.5912,-37.0,380.0
39.5959,-696.0,390.0
39.6007,-287.0,392.0
39.6058,493.0,396.0
39.6107,304.0,398.0
39.6159,-225.0,398.0
39.6207,35.0,398.0
39.6257,335.0,400.0
39.6307,-397.0,404.0
39.6357,-748.0,416.0
39.6407,386.0,418.0
39.6457,854.0,430.0
39.6507,-69.0,430.0
39.6564,-307.0,432.0
39.6607,-107.0,434.0
39.6657,-442.0,440.0
39.6707,-43.0,440.0
39.6757,642.0,450.0
39.6816,202.0,452.0
39.6867,-66.0,452.0
39.6907,54.0,452.0
39.6963,-722.0,462.0
39.7007,-683.0,470.0
39.7058,912.0,484.0
39.7116,1051.0,498.0
39.7157,-367.0,502.0
39.7207,-648.0,510.0
39.7258,-214.0,512.0
39.7307,-187.0,514.0
39.7362,236.0,516.0
39.7407,695.0,524.0
39.7459,117.0,524.0
39.7507,-578.0,528.0
39.7559,-259.0,530.0
39.7607,142.0,528.0
39.7657,-76.0,528.0
39.771,183.0,528.0
39.7757,614.0,536.0
39.7808,-220.0,536.0
39.7857,-934.0,550.0
39.7907,0.0,548.0
39.796,906.0,562.0
39.8007,396.0,564.0
39.8058,-616.0,570.0
39.811,-773.0,580.0
39.8158,130.0,576.0
39.8209,810.0,588.0
39.8259,369.0,588.0
39.8308,-418.0,592.0
39.8359,-563.0,596.0
39.8407,-40.0,592.0
39.8457,350.0,594.0
39.8507,100.0,588.0
39.8559,31.0,582.0
39.861,361.0,582.0
39.8656,-197.0,582.0
39.8714,-965.0,594.0
39.8761,-76.0,596.0
39.8807,1080.0,612.0
39.8868,521.0,616.0
39.8907,-493.0,624.0
39.8957,-579.0,630.0
39.9008,-258.0,632.0
39.9058,112.0,634.0
39.9109,458.0,640.0
39.9159,328.0,644.0
39.9208,-11.0,644.0
39.9265,-153.0,646.0
39.9307,-482.0,652.0
39.9359,-473.0,656.0
39.9407,483.0,662.0
39.9458,827.0,670.0
39.9507,-149.0,666.0
39.9565,-608.0,672.0
39.9607,-22.0,668.0
39.9658,254.0,670.0
39.9708,-61.0,668.0
39.9757,-209.0,672.0
39.9807,77.0,672.0
39.9857,361.0,676.0
39.9917,134.0,676.0
39.9958,-348.0,678.0
40.0008,-343.0,682.0
40.0059,68.0,680.0
40.0108,286.0,684.0
40.0158,274.0,686.0
40.0209,7.0,682.0
40.0265,-458.0,688.0
40.0307,-300.0,684.0
40.0356,433.0,688.0
40.0406,406.0,686.0
40.0457,-266.0,688.0
40.0509,-290.0,686.0
40.0557,32.0,686.0
40.0607,-23.0,682.0
40.0657,159.0,682.0
40.0707,473.0,686.0
40.0761,-137.0,686.0
40.0807,-820.0,696.0
40.0861,-143.0,698.0
40.0913,790.0,708.0
40.0957,404.0,710.0
40.1015,-485.0,710.0
40.1067,-294.0,708.0
40.1111,358.0,698.0
40.1157,-83.0,694.0
40.1207,-610.0,688.0
40.1261,228.0,686.0
40.1307,898.0,688.0
40.1369,66.0,686.0
40.1408,-804.0,692.0
40.1462,-479.0,696.0
40.1507,329.0,700.0
40.1557,577.0,704.0
40.1607,105.0,704.0
40.1659,-221.0,704.0
40.171,-16.0,702.0
40.1771,-293.0,706.0
40.1807,-625.0,712.0
40.1857,540.0,718.0
40.1916,1284.0,736.0
40.1958,-451.0,742.0
40.2008,-1435.0,764.0
40.2057,253.0,766.0
40.2112,1051.0,776.0
40.2157,-157.0,776.0
40.2207,-563.0,780.0
40.2267,253.0,776.0
40.2308,516.0,784.0
40.2358,-362.0,778.0
40.2407,-988.0,790.0
40.2464,243.0,786.0
40.2507,1392.0,802.0
40.2557,-78.0,800.0
40.2608,-1202.0,818.0
40.2657,284.0,818.0
40.2707,578.0,820.0
40.2758,-908.0,822.0
40.2809,-57.0,818.0
40.2859,1570.0,828.0
40.2908,-58.0,828.0
40.2961,-1838.0,852.0
40.3007,-140.0,852.0
40.3059,1531.0,870.0
40.3116,296.0,874.0
40.3161,-875.0,878.0
40.3209,-125.0,876.0
40.326,340.0,880.0
40.3309,-221.0,884.0
40.3365,-157.0,874.0
40.3407,338.0,870.0
40.3471,148.0,858.0
40.3509,-108.0,842.0
40.3566,-58.0,838.0
40.3631,-203.0,830.0
40.3657,-130.0,830.0
40.371,377.0,832.0
40.3778,299.0,834.0
40.3808,-469.0,830.0
40.3857,-506.0,836.0
40.3913,552.0,836.0
40.3957,969.0,846.0
40.4008,-393.0,850.0
40.4058,-1511.0,872.0
40.4118,-209.0,874.0
40.4158,1457.0,886.0
40.4209,828.0,896.0
40.4258,-602.0,890.0
40.4308,-845.0,904.0
40.4358,-382.0,896.0
40.4413,391.0,896.0
40.4462,900.0,900.0
40.4509,-86.0,890.0
40.4561,-1049.0,904.0
40.4608,178.0,894.0
40.4662,1173.0,906.0
40.4707,-429.0,906.0
40.4758,-1364.0,920.0
40.4813,547.0,926.0
40.4858,1481.0,944.0
40.4913,-485.0,950.0
40.4958,-1442.0,972.0
40.5019,388.0,974.0
40.5057,1371.0,992.0
40.5118,-272.0,980.0
40.5165,-1352.0,1000.0
40.5214,-30.0,984.0
40.5262,1209.0,994.0
40.5308,508.0,996.0
40.5358,-759.0,998.0
40.5417,-809.0,1006.0
40.5457,116.0,1006.0
40.5508,591.0,1008.0
40.5559,415.0,1010.0
40.5609,135.0,1012.0
40.5657,-540.0,1018.0
40.5712,-917.0,1024.0
40.5764,133.0,1020.0
40.5809,1104.0,1030.0
40.5857,486.0,1024.0
40.5907,-495.0,1030.0
40.596,-736.0,1032.0
40.6007,-356.0,1036.0
40.6057,491.0,1040.0
40.6107,808.0,1052.0
40.6158,-184.0,1052.0
40.6208,-784.0,1062.0
40.6256,83.0,1058.0
40.6307,551.0,1064.0
40.6368,-83.0,1060.0
40.6416,-327.0,1060.0
40.6457,149.0,1062.0
40.6509,249.0,1062.0
40.6559,-353.0,1062.0
40.661,-290.0,1066.0
40.6657,637.0,1070.0
40.6707,283.0,1070.0
40.6758,-878.0,1076.0
40.6808,-209.0,1074.0
40.6859,924.0,1084.0
40.6908,124.0,1080.0
40.6958,-691.0,1092.0
40.7009,46.0,1092.0
40.7057,324.0,1094.0
40.7111,-384.0,1092.0
40.7158,-80.0,1092.0
40.7209,870.0,1092.0
40.7258,119.0,1092.0
40.7308,-1310.0,1100.0
40.7359,-319.0,1098.0
40.741,1440.0,1114.0
40.7457,320.0,1114.0
40.7509,-1293.0,1128.0
40.7567,-37.0,1128.0
40.7616,1117.0,1136.0
40.7658,-215.0,1136.0
40.7709,-941.0,1136.0
40.7758,161.0,1138.0
40.7808,571.0,1134.0
40.786,171.0,1130.0
40.7907,74.0,1126.0
40.7957,-530.0,1124.0
40.8009,-773.0,1136.0
40.8067,697.0,1142.0
40.8115,1169.0,1160.0
40.8157,-679.0,1166.0
40.8208,-1153.0,1176.0
40.826,483.0,1174.0
40.832,872.0,1168.0
40.8358,36.0,1162.0
40.8407,-314.0,1144.0
40.8457,-670.0,1150.0
40.8509,-561.0,1142.0
40.856,747.0,1152.0
40.8608,1278.0,1162.0
40.8658,-104.0,1160.0
40.8717,-1234.0,1172.0
40.8758,-530.0,1174.0
40.8813,587.0,1168.0
40.8858,563.0,1174.0
40.8908,-14.0,1152.0
40.8962,-240.0,1154.0
40.9008,-236.0,1140.0
40.9058,111.0,1136.0
40.9107,500.0,1136.0
40.916,-235.0,1124.0
40.9208,-979.0,1140.0
40.9258,268.0,1118.0
40.9307,1360.0,1140.0
40.9358,-102.0,1112.0
40.9411,-1297.0,1130.0
40.9458,-9.0,1106.0
40.9508,884.0,1116.0
40.9565,-126.0,1104.0
40.9608,-486.0,1110.0
40.9657,436.0,1110.0
40.9708,325.0,1112.0
40.9759,-722.0,1122.0
40.9808,-329.0,1122.0
40.9857,885.0,1132.0
40.9908,344.0,1136.0
40.996,-951.0,1150.0
41.001,-339.0,1152.0
41.0062,941.0,1166.0
41.0116,342.0,1164.0
41.0158,-818.0,1172.0
41.0207,-339.0,1170.0
41.0257,545.0,1172.0
41.0307,259.0,1166.0
41.0359,-201.0,1154.0
41.0408,-56.0,1150.0
41.0457,-17.0,1126.0
41.0519,-169.0,1126.0
41.0556,5.0,1102.0
41.0607,243.0,1094.0
41.0662,125.0,1086.0
41.0709,-115.0,1074.0
41.0757,-163.0,1072.0
41.0807,-53.0,1066.0
41.0858,3.0,1052.0
41.0906,24.0,1052.0
41.0957,194.0,1038.0
41.1007,210.0,1038.0
41.1057,-177.0,1022.0
41.1113,-358.0,1022.0
41.1157,4.0,1000.0
41.1207,206.0,996.0
41.1257,6.0,972.0
41.1307,38.0,964.0
41.1371,183.0,946.0
41.1408,-50.0,940.0
41.1457,-189.0,922.0
41.1508,-92.0,918.0
41.1558,-199.0,900.0
41.1615,22.0,900.0
41.1666,608.0,892.0
41.1707,289.0,888.0
41.1764,-583.0,886.0
41.1808,-446.0,880.0
41.1856,222.0,882.0
41.1908,200.0,874.0
41.1957,11.0,868.0
41.2007,209.0,870.0
41.2058,171.0,864.0
41.2109,-332.0,854.0
41.2157,-613.0,862.0
41.2206,-9.0,846.0
41.2258,844.0,850.0
41.2307,495.0,850.0
41.2359,-630.0,850.0
41.2407,-600.0,854.0
41.2457,294.0,850.0
41.2507,214.0,840.0
41.2559,-254.0,842.0
41.2607,217.0,832.0
41.2657,453.0,838.0
41.2708,-297.0,834.0
41.2768,-535.0,842.0
41.2815,119.0,838.0
41.2859,382.0,842.0
41.2907,14.0,838.0
41.2958,-177.0,836.0
41.3012,1.0,832.0
41.3056,60.0,822.0
41.3109,-100.0,820.0
41.3158,-33.0,806.0
41.3209,205.0,806.0
41.3265,54.0,792.0
41.3307,-252.0,794.0
41.3364,-76.0,784.0
41.3408,213.0,788.0
41.3459,70.0,784.0
41.3508,-103.0,780.0
41.3557,-6.0,778.0
41.3621,1.0,764.0
41.366,-133.0,764.0
41.3721,-47.0,744.0
41.3756,255.0,744.0
41.3807,247.0,726.0
41.3864,-231.0,724.0
41.3916,-400.0,710.0
41.3957,118.0,712.0
41.4009,353.0,700.0
41.4059,-113.0,698.0
41.4107,-223.0,686.0
41.4157,263.0,688.0
41.4215,212.0,682.0
41.4259,-398.0,686.0
41.4308,-321.0,690.0
41.4359,391.0,688.0
41.4407,395.0,682.0
41.4457,-340.0,676.0
41.4507,-406.0,664.0
41.4559,309.0,658.0
41.4609,438.0,648.0
41.4658,-160.0,642.0
41.4708,-421.0,636.0
41.4758,-157.0,638.0
41.4808,227.0,636.0
41.4857,433.0,632.0
41.4908,20.0,624.0
41.4958,-495.0,620.0
41.5007,-64.0,600.0
41.5057,411.0,606.0
41.5107,-145.0,588.0
41.517,-324.0,586.0
41.5214,439.0,582.0
41.5258,293.0,578.0
41.5307,-634.0,588.0
41.5357,-296.0,590.0
41.5409,639.0,596.0
41.5457,301.0,598.0
41.5507,-449.0,598.0
41.5565,-270.0,598.0
41.5607,170.0,586.0
41.5658,167.0,584.0
41.5709,16.0,564.0
41.5757,-54.0,562.0
41.5814,-37.0,542.0
41.5857,53.0,544.0
41.5907,19.0,530.0
41.5958,-147.0,530.0
41.6009,-79.0,524.0
41.6058,173.0,520.0
41.6107,140.0,516.0
41.616,-71.0,506.0
41.6207,-51.0,502.0
41.6256,-6.0,488.0
41.6307,-175.0,486.0
41.6361,-88.0,472.0
41.6406,334.0,472.0
41.6456,273.0,462.0
41.6518,-271.0,460.0
41.6559,-331.0,454.0
41.6608,85.0,450.0
41.6657,195.0,444.0
41.6708,22.0,440.0
41.6758,-5.0,436.0
41.6807,-27.0,436.0
41.6857,-102.0,438.0
41.6906,101.0,436.0
41.6957,171.0,440.0
41.7017,-337.0,440.0
41.7058,-321.0,444.0
41.7107,528.0,450.0
41.7157,499.0,456.0
41.7207,-439.0,462.0
41.7266,-490.0,470.0
41.7307,166.0,472.0
41.7359,236.0,472.0
41.7406,4.0,468.0
41.7458,34.0,466.0
41.7506,16.0,462.0
41.7559,-65.0,462.0
41.7607,-81.0,460.0
41.7658,-137.0,462.0
41.7709,41.0,462.0
41.7757,330.0,464.0
41.7807,75.0,466.0
41.7856,-324.0,468.0
41.7907,-132.0,468.0
41.7957,172.0,468.0
41.8007,68.0,468.0
41.8057,-39.0,460.0
41.8106,34.0,456.0
41.8156,0.0,446.0
41.8206,-76.0,440.0
41.8258,-9.0,436.0
41.8307,51.0,434.0
41.8358,14.0,434.0
41.8406,-17.0,432.0
41.8457,-9.0,430.0
41.8506,-2.0,424.0
41.8562,5.0,414.0
41.8607,38.0,414.0
41.8662,4.0,402.0
41.8714,-101.0,396.0
41.8757,-24.0,386.0
41.8807,146.0,380.0
41.8858,30.0,376.0
41.8909,-129.0,374.0
41.8964,15.0,370.0
41.9008,80.0,368.0
41.9057,-99.0,362.0
41.9108,-58.0,358.0
41.9157,141.0,352.0
41.9207,56.0,352.0
41.9256,-94.0,346.0
41.9307,-22.0,348.0
41.9357,13.0,344.0
41.9407,-42.0,346.0
41.9467,28.0,344.0
41.9507,84.0,344.0
41.9557,-35.0,344.0
41.9606,-73.0,342.0
41.9657,46.0,342.0
41.9709,41.0,338.0
41.9758,-56.0,338.0
41.9807,-27.0,336.0
41.9857,34.0,336.0
41.9909,26.0,334.0
41.9959,15.0,334.0
42.0008,-14.0,334.0
42.0058,-47.0,332.0
42.0106,0.0,332.0
42.0157,16.0,328.0
42.0207,-37.0,326.0
42.0258,46.0,322.0
42.0307,143.0,318.0
42.0358,-48.0,318.0
42.0406,-221.0,316.0
42.0457,-19.0,314.0
42.0507,176.0,312.0
42.0558,49.0,310.0
42.0617,-52.0,308.0
42.0656,15.0,302.0
42.0707,-32.0,296.0
42.0757,-79.0,292.0
42.0807,47.0,286.0
42.0859,29.0,282.0
42.0907,-82.0,276.0
42.0957,99.0,274.0
42.1014,205.0,270.0
42.1063,-170.0,270.0
42.1107,-312.0,268.0
42.1163,123.0,268.0
42.1207,241.0,268.0
42.1256,-44.0,262.0
42.1306,-13.0,262.0
42.1356,34.0,254.0
42.1408,-178.0,256.0
42.1457,-51.0,250.0
42.1507,231.0,252.0
42.1562,-20.0,246.0
42.1618,-232.0,244.0
42.1656,175.0,242.0
42.171,277.0,236.0
42.1759,-272.0,236.0
42.1807,-334.0,232.0
42.1863,228.0,230.0
42.1912,341.0,228.0
42.1957,-115.0,226.0
42.2007,-300.0,228.0
42.2057,71.0,226.0
42.2112,267.0,230.0
42.2157,-144.0,232.0
42.2206,-309.0,236.0
42.2258,234.0,238.0
42.2307,413.0,244.0
42.2363,-211.0,246.0
42.2406,-434.0,252.0
42.2456,88.0,250.0
42.2506,285.0,252.0
42.2557,-23.0,252.0
42.2606,-115.0,252.0
42.2658,72.0,254.0
42.2716,102.0,252.0
42.2757,-102.0,252.0
42.2817,-209.0,250.0
42.2856,1.0,246.0
42.2908,291.0,246.0
42.2957,218.0,246.0
42.3008,-261.0,248.0
42.3058,-480.0,252.0
42.3111,79.0,254.0
42.3168,611.0,262.0
42.3207,178.0,266.0
42.3257,-458.0,270.0
42.3307,-293.0,274.0
42.3365,136.0,274.0
42.3406,158.0,270.0
42.3457,50.0,266.0
42.3512,4.0,258.0
42.3558,11.0,250.0
42.3608,91.0,244.0
42.3657,-123.0,240.0
42.3716,-395.0,242.0
42.3757,67.0,240.0
42.3807,553.0,248.0
42.3857,102.0,250.0
42.3908,-343.0,254.0
42.3957,-159.0,256.0
42.4007,-86.0,256.0
42.4058,46.0,254.0
42.4107,436.0,262.0
42.4156,90.0,258.0
42.4206,-554.0,264.0
42.4256,-145.0,262.0
42.4307,469.0,268.0
42.4358,109.0,266.0
42.4407,-297.0,270.0
42.4457,6.0,270.0
42.4509,180.0,272.0
42.4557,-144.0,274.0
42.4617,-212.0,276.0
42.4656,201.0,278.0
42.4706,366.0,284.0
42.4757,-134.0,286.0
42.4809,-497.0,294.0
42.4859,24.0,294.0
42.4908,473.0,300.0
42.4957,-30.0,302.0
42.5034,-343.0,306.0
42.5065,196.0,310.0
42.5117,278.0,312.0
42.5167,-371.0,318.0
42.5206,-324.0,320.0
42.5256,431.0,326.0
42.5307,396.0,330.0
42.5368,-376.0,336.0
42.5414,-471.0,342.0
42.5457,167.0,344.0
42.5506,575.0,352.0
42.5556,238.0,352.0
42.5607,-628.0,362.0
42.5658,-657.0,370.0
42.571,493.0,378.0
42.5758,769.0,390.0
42.5807,-216.0,392.0
42.5856,-486.0,400.0
42.5912,16.0,398.0
42.5957,111.0,400.0
42.6008,9.0,398.0
42.6057,-14.0,398.0
42.6107,-39.0,398.0
42.6157,163.0,400.0
42.6206,223.0,402.0
42.6257,-209.0,406.0
42.6307,-396.0,412.0
42.6356,56.0,412.0
42.6408,271.0,416.0
42.6456,-22.0,416.0
42.6516,152.0,418.0
42.6556,380.0,424.0
42.6606,-526.0,432.0
42.6658,-943.0,446.0
42.6719,507.0,452.0
42.6768,1228.0,470.0
42.6806,-167.0,468.0
42.6866,-974.0,484.0
42.6915,-134.0,482.0
42.6957,348.0,488.0
42.7007,235.0,490.0
42.7057,307.0,496.0
42.7107,-230.0,498.0
42.7167,-735.0,508.0
42.721,196.0,510.0
42.7259,787.0,522.0
42.7314,-190.0,524.0
42.7366,-481.0,530.0
42.7417,311.0,532.0
42.7481,88.0,530.0
42.752,-527.0,534.0
42.7564,61.0,534.0
42.7606,641.0,540.0
42.7658,105.0,540.0
42.7714,-467.0,548.0
42.7757,-306.0,552.0
42.7816,18.0,550.0
42.7859,193.0,552.0
42.7909,399.0,554.0
42.7958,222.0,558.0
42.8015,-449.0,560.0
42.8059,-545.0,566.0
42.8108,160.0,564.0
42.8157,449.0,568.0
42.8207,129.0,564.0
42.8263,-27.0,560.0
42.8319,-197.0,558.0
42.8362,-390.0,562.0
42.8407,108.0,560.0
42.8459,609.0,568.0
42.8508,-12.0,564.0
42.856,-696.0,572.0
42.8606,-68.0,570.0
42.8662,834.0,578.0
42.871,253.0,576.0
42.8761,-1001.0,588.0
42.8811,-610.0,592.0
42.8867,827.0,602.0
42.891,918.0,612.0
42.8958,-68.0,614.0
42.9008,-763.0,624.0
42.9058,-841.0,636.0
42.9108,81.0,636.0
42.9158,1083.0,650.0
42.9208,500.0,654.0
42.9257,-456.0,662.0
42.9309,-294.0,662.0
42.9358,-266.0,662.0
42.9413,-513.0,666.0
42.9462,271.0,664.0
42.9519,1082.0,680.0
42.9558,324.0,674.0
42.9606,-916.0,686.0
42.9658,-782.0,692.0
42.9712,246.0,690.0
42.9757,660.0,698.0
42.9806,316.0,702.0
42.9865,-117.0,702.0
42.9908,-300.0,706.0
42.996,-354.0,712.0
43.0013,-256.0,714.0
43.0062,317.0,718.0
43.0106,851.0,726.0
43.0159,217.0,728.0
43.0206,-974.0,734.0
43.0263,-751.0,744.0
43.0306,545.0,748.0
43.0361,770.0,756.0
43.0407,21.0,756.0
43.0458,-268.0,760.0
43.0508,-238.0,756.0
43.0563,-271.0,758.0
43.0606,74.0,752.0
43.066,426.0,756.0
43.0715,94.0,750.0
43.0761,-236.0,752.0
43.081,-77.0,748.0
43.086,-31.0,748.0
43.0912,105.0,748.0
43.0963,351.0,750.0
43.1009,-307.0,752.0
43.1066,-781.0,762.0
43.1116,409.0,762.0
43.1157,1073.0,776.0
43.1226,-266.0,774.0
43.1258,-952.0,788.0
43.131,144.0,782.0
43.1359,598.0,792.0
43.1408,-203.0,790.0
43.1464,-350.0,792.0
43.1511,213.0,790.0
43.1558,129.0,786.0
43.1609,-25.0,782.0
43.1658,377.0,782.0
43.1714,-32.0,776.0
43.176,-984.0,786.0
43.181,-322.0,782.0
43.1866,1048.0,796.0
43.1908,699.0,798.0
43.1962,-445.0,802.0
43.2006,-552.0,800.0
43.2063,-96.0,792.0
43.2107,76.0,786.0
43.2158,-30.0,774.0
43.2206,23.0,770.0
43.2261,567.0,772.0
43.2308,520.0,780.0
43.2357,-826.0,792.0
43.2412,-1210.0,810.0
43.2458,523.0,818.0
43.251,1377.0,838.0
43.2562,8.0,836.0
43.2606,-918.0,848.0
43.2659,-334.0,850.0
43.2712,307.0,848.0
43.2758,423.0,854.0
43.2807,77.0,850.0
43.2857,-463.0,858.0
43.2911,-319.0,860.0
43.2962,410.0,860.0
43.3012,597.0,862.0
43.3059,-138.0,848.0
43.3108,-831.0,854.0
43.3165,-149.0,838.0
43.3206,906.0,848.0
43.3258,102.0,836.0
43.3306,-941.0,848.0
43.3363,276.0,846.0
43.3406,1039.0,860.0
43.3464,-690.0,866.0
43.3508,-996.0,878.0
43.3558,989.0,882.0
43.3608,657.0,888.0
43.3657,-1250.0,896.0
43.371,-341.0,898.0
43.3759,1405.0,912.0
43.3806,375.0,914.0
43.3859,-1099.0,930.0
43.3908,-464.0,928.0
43.396,298.0,932.0
43.402,109.0,924.0
43.4063,326.0,926.0
43.4108,527.0,928.0
43.4162,-216.0,926.0
43.4213,-768.0,938.0
43.4259,-269.0,940.0
43.4307,306.0,938.0
43.4359,362.0,940.0
43.4406,469.0,940.0
43.4458,164.0,934.0
43.4508,-930.0,946.0
43.4562,-793.0,952.0
43.4606,776.0,962.0
43.4664,831.0,974.0
43.4712,-266.0,976.0
43.4758,-141.0,972.0
43.4806,-43.0,970.0
43.4864,-749.0,972.0
43.4917,-162.0,976.0
43.4956,1225.0,984.0
43.5008,671.0,992.0
43.5058,-1096.0,998.0
43.5108,-977.0,1008.0
43.5164,590.0,1002.0
43.5207,765.0,1004.0
43.5262,-159.0,994.0
43.5308,-243.0,984.0
43.5358,188.0,986.0
43.5406,-17.0,974.0
43.5473,-591.0,970.0
43.5509,-301.0,974.0
43.5558,906.0,970.0
43.5608,955.0,978.0
43.566,-816.0,984.0
43.5714,-1416.0,1000.0
43.5756,435.0,1004.0
43.5823,1370.0,1016.0
43.5862,-115.0,1014.0
43.5908,-987.0,1012.0
43.596,10.0,1008.0
43.6016,565.0,1002.0
43.6063,-100.0,992.0
43.6106,-191.0,990.0
43.6159,498.0,988.0
43.6206,-30.0,984.0
43.6277,-1163.0,1000.0
43.6316,-42.0,996.0
43.6359,1587.0,1016.0
43.6408,246.0,1016.0
43.6461,-1380.0,1032.0
43.6511,-325.0,1024.0
43.6558,738.0,1032.0
43.6608,341.0,1022.0
43.6667,-34.0,1010.0
43.6706,-464.0,1010.0
43.6759,-601.0,1006.0
43.6808,635.0,1016.0
43.6858,1135.0,1030.0
43.6907,-624.0,1036.0
43.6962,-1357.0,1052.0
43.7007,330.0,1056.0
43.7057,1020.0,1066.0
43.7111,-26.0,1066.0
43.7158,-319.0,1066.0
43.7207,104.0,1066.0
43.7262,-78.0,1068.0
43.731,-470.0,1074.0
43.7356,-207.0,1072.0
43.7411,609.0,1076.0
43.7461,803.0,1076.0
43.7507,-306.0,1074.0
43.756,-1072.0,1074.0
43.7606,-152.0,1072.0
43.7656,729.0,1070.0
43.7706,429.0,1074.0
43.7756,79.0,1066.0
43.7807,-383.0,1068.0
43.7858,-913.0,1078.0
43.7906,27.0,1074.0
43.7957,1215.0,1092.0
43.8007,440.0,1098.0
43.8056,-723.0,1104.0
43.8114,-655.0,1112.0
43.8157,-172.0,1100.0
43.8206,377.0,1102.0
43.8256,721.0,1096.0
43.8312,133.0,1088.0
43.8359,-620.0,1090.0
43.8411,-357.0,1086.0
43.8457,286.0,1090.0
43.8517,189.0,1092.0
43.8557,-173.0,1094.0
43.8607,13.0,1094.0
43.8657,266.0,1088.0
43.8706,39.0,1082.0
43.8757,-302.0,1074.0
43.8811,-280.0,1058.0
43.8859,180.0,1054.0
43.8907,433.0,1038.0
43.8957,-78.0,1040.0
43.9007,-407.0,1032.0
43.9057,161.0,1028.0
43.9106,360.0,1030.0
43.9169,-327.0,1028.0
43.9207,-356.0,1032.0
43.9257,358.0,1030.0
43.9307,285.0,1030.0
43.9357,-169.0,1026.0
43.9407,-80.0,1018.0
43.9457,-165.0,1020.0
43.9507,-192.0,1010.0
43.956,495.0,1014.0
43.961,413.0,1006.0
43.9657,-677.0,1016.0
43.9707,-484.0,1008.0
43.9758,625.0,1014.0
43.9807,334.0,1004.0
43.9856,-393.0,998.0
43.9906,44.0,984.0
43.9956,197.0,972.0
44.0006,-440.0,968.0
44.0058,-193.0,952.0
44.0107,510.0,954.0
44.0168,241.0,936.0
44.0207,-205.0,934.0
44.0258,-87.0,918.0
44.0307,-90.0,912.0
44.0359,-237.0,910.0
44.0406,43.0,910.0
44.0457,430.0,910.0
44.0508,207.0,906.0
44.0558,-333.0,908.0
44.0611,-321.0,900.0
44.0656,121.0,898.0
44.0708,226.0,898.0
44.0757,-22.0,892.0
44.0809,-121.0,886.0
44.0858,44.0,884.0
44.0906,134.0,872.0
44.0956,-81.0,862.0
44.1007,-178.0,852.0
44.1056,139.0,840.0
44.111,146.0,840.0
44.1157,-284.0,842.0
44.1216,-81.0,842.0
44.1266,465.0,838.0
44.1312,71.0,836.0
44.1357,-528.0,826.0
44.1406,-99.0,816.0
44.1462,389.0,806.0
44.1506,56.0,790.0
44.1559,-162.0,784.0
44.1607,104.0,774.0
44.1657,64.0,772.0
44.1709,-276.0,772.0
44.1756,-166.0,772.0
44.1807,313.0,778.0
44.1856,297.0,772.0
44.1912,-192.0,770.0
44.1959,-205.0,760.0
44.2006,36.0,746.0
44.2057,-170.0,736.0
44.2106,22.0,714.0
44.2156,584.0,716.0
44.2205,5.0,694.0
44.2261,-756.0,704.0
44.2307,-33.0,690.0
44.2357,708.0,700.0
44.2406,40.0,692.0
44.2457,-642.0,700.0
44.2506,-94.0,700.0
44.2556,586.0,700.0
44.2614,208.0,704.0
44.2656,-422.0,692.0
44.2707,-252.0,696.0
44.2757,184.0,674.0
44.2807,118.0,672.0
44.2857,-70.0,650.0
44.2906,114.0,648.0
44.2957,139.0,638.0
44.3007,-303.0,638.0
44.3056,-259.0,642.0
44.3117,370.0,640.0
44.3156,296.0,634.0
44.3208,-297.0,630.0
44.3256,-181.0,614.0
44.3306,150.0,608.0
44.3361,-57.0,586.0
44.3406,-24.0,582.0
44.3458,261.0,570.0
44.3507,-64.0,570.0
44.3559,-289.0,570.0
44.3607,149.0,572.0
44.3657,178.0,572.0
44.3709,-212.0,568.0
44.3757,-47.0,566.0
44.3807,204.0,560.0
44.3857,-47.0,548.0
44.3906,-92.0,544.0
44.3958,131.0,530.0
44.4009,-103.0,530.0
44.4057,-248.0,522.0
44.4107,264.0,520.0
44.4166,367.0,524.0
44.4206,-274.0,522.0
44.4261,-387.0,514.0
44.4306,174.0,516.0
44.4356,280.0,502.0
44.4406,-97.0,496.0
44.4456,-156.0,488.0
44.4505,81.0,478.0
44.456,106.0,478.0
44.4607,-58.0,472.0
44.4657,-90.0,462.0
44.4707,0.0,460.0
44.4757,45.0,452.0
44.4807,59.0,446.0
44.4856,21.0,442.0
44.4907,-103.0,442.0
44.4957,-65.0,440.0
44.5042,155.0,442.0
44.5056,78.0,438.0
44.5106,-209.0,442.0
44.5157,-76.0,438.0
44.5207,215.0,436.0
44.5256,57.0,434.0
44.5307,-164.0,430.0
44.5357,-19.0,430.0
44.5406,95.0,424.0
44.5458,-15.0,422.0
44.5508,-45.0,418.0
44.5556,23.0,412.0
44.5607,19.0,408.0
44.5656,6.0,402.0
44.5709,-21.0,398.0
44.5756,-77.0,396.0
44.5806,36.0,396.0
44.5857,168.0,396.0
44.5906,-22.0,394.0
44.5956,-206.0,388.0
44.6008,-25.0,382.0
44.6058,155.0,374.0
44.6106,51.0,368.0
44.6156,-70.0,360.0
44.6206,-36.0,354.0
44.6259,25.0,348.0
44.6307,13.0,348.0
44.6358,-18.0,346.0
44.6408,-1.0,338.0
44.6456,14.0,336.0
44.6514,-19.0,328.0
44.6556,-10.0,324.0
44.6606,50.0,322.0
44.6656,18.0,322.0
44.6707,-53.0,320.0
44.6767,-19.0,318.0
44.6807,24.0,316.0
44.6857,-5.0,310.0
44.6907,-2.0,306.0
44.6957,45.0,302.0
44.7007,16.0,298.0
44.7056,-71.0,296.0
44.7113,-49.0,294.0
44.7158,81.0,294.0
44.7214,62.0,294.0
44.7262,-113.0,296.0
44.7306,-57.0,294.0
44.7361,166.0,296.0
44.7407,67.0,294.0
44.7458,-180.0,294.0
44.7508,-84.0,294.0
44.7557,124.0,290.0
44.7606,65.0,290.0
44.7658,-58.0,284.0
44.7707,-9.0,284.0
44.7757,58.0,276.0
44.7807,-48.0,274.0
44.7856,-144.0,272.0
44.791,68.0,272.0
44.7957,253.0,272.0
44.8008,-34.0,272.0
44.8057,-275.0,274.0
44.8106,-9.0,270.0
44.8159,148.0,270.0
44.8206,-6.0,266.0
44.8257,97.0,262.0
44.8307,101.0,262.0
44.8365,-374.0,264.0
44.8407,-213.0,266.0
44.8463,564.0,272.0
44.8507,250.0,276.0
44.8556,-608.0,276.0
44.8607,-180.0,280.0
44.8658,548.0,276.0
44.8707,72.0,276.0
44.8757,-445.0,272.0
44.8807,-10.0,272.0
44.8858,376.0,268.0
44.8907,42.0,268.0
44.8957,-398.0,264.0
44.9008,-191.0,264.0
44.9056,420.0,264.0
44.9106,375.0,266.0
44.9156,-293.0,268.0
44.9209,-407.0,272.0
44.9256,78.0,272.0
44.9306,215.0,274.0
44.9356,25.0,272.0
44.9407,43.0,268.0
44.9456,43.0,264.0
44.9506,-171.0,262.0
44.9557,-157.0,260.0
44.9616,117.0,256.0
44.9656,175.0,256.0
44.9706,28.0,254.0
44.9756,-79.0,254.0
44.9807,-157.0,256.0
44.9857,-55.0,254.0
44.9906,199.0,256.0
44.9958,140.0,254.0
45.001,-146.0,254.0
45.0056,-132.0,252.0
45.0106,66.0,250.0
45.0158,54.0,250.0
45.0206,-52.0,248.0
45.0258,40.0,248.0
45.0307,123.0,248.0
45.0357,-128.0,248.0
45.0407,-222.0,250.0
45.0456,186.0,250.0
45.0514,284.0,250.0
45.0557,-166.0,246.0
45.0606,-246.0,246.0
45.0656,70.0,242.0
45.0706,82.0,240.0
45.0756,11.0,236.0
45.0806,145.0,236.0
45.0865,8.0,234.0
45.0907,-317.0,238.0
45.096,-103.0,238.0
45.1006,348.0,242.0
45.1057,155.0,244.0
45.1108,-248.0,248.0
45.1169,-102.0,248.0
45.1212,81.0,248.0
45.1265,10.0,248.0
45.1306,65.0,248.0
45.1357,-4.0,246.0
45.1415,-140.0,246.0
45.1456,151.0,248.0
45.1506,172.0,246.0
45.1556,-376.0,252.0
45.1606,-223.0,252.0
45.1657,494.0,258.0
45.1707,284.0,260.0
45.1757,-378.0,266.0
45.1807,-296.0,270.0
45.1856,88.0,270.0
45.1906,318.0,274.0
45.1961,254.0,278.0
45.201,-438.0,284.0
45.2058,-578.0,294.0
45.2107,547.0,302.0
45.2157,754.0,312.0
45.2206,-510.0,320.0
45.2256,-651.0,328.0
45.2308,397.0,334.0
45.2358,358.0,336.0
45.2406,-306.0,340.0
45.2457,-100.0,340.0
45.2507,199.0,342.0
45.2556,-24.0,340.0
45.2608,-20.0,340.0
45.2662,69.0,342.0
45.2706,-174.0,344.0
45.2756,-99.0,344.0
45.2814,249.0,348.0
45.2859,87.0,350.0
45.2908,-145.0,352.0
45.2956,47.0,352.0
45.3018,-24.0,352.0
45.3056,-276.0,356.0
45.3107,83.0,356.0
45.3157,451.0,364.0
45.3206,3.0,364.0
45.3256,-465.0,370.0
45.3306,-110.0,372.0
45.3356,356.0,376.0
45.3407,118.0,378.0
45.3465,-262.0,382.0
45.3506,-59.0,382.0
45.3556,281.0,384.0
45.3605,73.0,384.0
45.3658,-333.0,388.0
45.371,-196.0,390.0
45.3757,259.0,392.0
45.3806,284.0,396.0
45.3856,-95.0,394.0
45.3913,-273.0,396.0
45.3958,58.0,396.0
45.4009,303.0,400.0
45.4057,-191.0,402.0
45.4107,-433.0,408.0
45.4157,292.0,412.0
45.4215,488.0,418.0
45.4256,-234.0,420.0
45.4307,-339.0,424.0
45.4356,113.0,422.0
45.4406,110.0,424.0
45.4456,-69.0,420.0
45.4506,-50.0,420.0
45.4556,98.0,420.0
45.4617,268.0,424.0
45.4657,-36.0,424.0
45.4706,-556.0,430.0
45.4756,-237.0,428.0
45.4806,554.0,434.0
45.4856,550.0,434.0
45.4909,-154.0,432.0
45.4957,-588.0,432.0
45.5007,-351.0,434.0
45.5057,297.0,430.0
45.5116,597.0,438.0
45.5164,66.0,432.0
45.5206,-482.0,440.0
45.5256,-230.0,438.0
45.5306,201.0,440.0
45.5356,150.0,436.0
45.5406,0.0,434.0
45.5458,22.0,428.0
45.551,-105.0,422.0
45.556,-256.0,422.0
45.5606,217.0,420.0
45.5656,712.0,430.0
45.5714,-200.0,428.0
45.5756,-1263.0,448.0
45.5814,-157.0,450.0
45.5858,1377.0,470.0
45.5906,594.0,478.0
45.5958,-859.0,488.0
45.6007,-650.0,496.0
45.6057,134.0,496.0
45.6107,392.0,502.0
45.616,404.0,506.0
45.6207,-181.0,508.0
45.6256,-683.0,518.0
45.6307,60.0,514.0
45.6357,631.0,522.0
45.6408,85.0,522.0
45.6463,-185.0,522.0
45.6514,-122.0,524.0
45.6557,-398.0,528.0
45.6611,-138.0,530.0
45.6656,670.0,540.0
45.6706,553.0,546.0
45.6756,-413.0,552.0
45.6806,-718.0,558.0
45.6862,-176.0,558.0
45.6906,437.0,562.0
45.6957,650.0,568.0
45.7015,27.0,566.0
45.7057,-658.0,574.0
45.7106,-230.0,576.0
45.7156,280.0,580.0
45.7207,23.0,580.0
45.726,70.0,580.0
45.7306,321.0,580.0
45.7356,-132.0,580.0
45.7407,-480.0,582.0
45.7456,13.0,580.0
45.7506,380.0,582.0
45.7558,22.0,582.0
45.7607,-121.0,582.0
45.7656,211.0,584.0
45.771,-75.0,586.0
45.7757,-605.0,594.0
45.7807,1.0,592.0
45.7856,731.0,602.0
45.7906,159.0,602.0
45.7958,-375.0,602.0
45.8008,29.0,598.0
45.8057,-98.0,592.0
45.8107,-564.0,596.0
45.8157,239.0,594.0
45.8217,955.0,604.0
45.8258,-93.0,604.0
45.8308,-924.0,614.0
45.8358,-11.0,610.0
45.8407,653.0,614.0
45.8456,-52.0,606.0
45.8507,-324.0,602.0
45.8557,250.0,594.0
45.8609,-55.0,586.0
45.8656,-582.0,586.0
45.8707,332.0,584.0
45.8756,935.0,594.0
45.8824,-261.0,594.0
45.8859,-979.0,606.0
45.8909,-109.0,606.0
45.8958,475.0,612.0
45.9013,443.0,620.0
45.9056,363.0,624.0
45.9108,-478.0,628.0
45.9158,-985.0,642.0
45.9207,243.0,642.0
45.9257,959.0,656.0
45.9306,-5.0,654.0
45.9358,-380.0,658.0
45.9407,8.0,658.0
45.9467,-217.0,658.0
45.9508,-250.0,660.0
45.9556,368.0,658.0
45.9606,535.0,668.0
45.9664,-10.0,660.0
45.9712,-584.0,668.0
45.9757,-550.0,670.0
45.9807,181.0,672.0
45.9857,887.0,682.0
45.9906,545.0,688.0
45.9958,-738.0,696.0
46.0008,-1078.0,712.0
46.0058,196.0,710.0
46.0106,959.0,722.0
46.0158,279.0,722.0
46.0206,-284.0,722.0
46.0257,-257.0,724.0
46.0307,-344.0,726.0
46.0357,-147.0,726.0
46.0406,479.0,730.0
46.0456,428.0,734.0
46.0508,-310.0,732.0
46.0556,-386.0,732.0
46.0606,305.0,730.0
46.0658,333.0,732.0
46.0706,-507.0,734.0
46.0756,-528.0,740.0
46.0821,544.0,748.0
46.0857,783.0,758.0
46.0909,-252.0,762.0
46.0964,-781.0,772.0
46.1006,-108.0,770.0
46.1056,514.0,778.0
46.1106,281.0,774.0
46.1156,-177.0,772.0
46.1207,-282.0,768.0
46.1258,-111.0,762.0
46.1308,254.0,762.0
46.1357,366.0,760.0
46.1407,-226.0,758.0
46.1456,-557.0,762.0
46.1506,123.0,754.0
46.1556,539.0,762.0
46.1605,37.0,754.0
46.1662,-220.0,754.0
46.1709,-166.0,754.0
46.1756,-309.0,756.0
46.1806,239.0,760.0
46.1856,896.0,774.0
46.1906,-228.0,776.0
46.1965,-1345.0,792.0
46.2007,74.0,790.0
46.2057,1413.0,802.0
46.2106,88.0,800.0
46.2157,-1067.0,796.0
46.2206,-53.0,794.0
46.2258,581.0,782.0
46.2306,-114.0,774.0
46.2357,-204.0,764.0
46.2406,273.0,758.0
46.246,40.0,758.0
46.2506,-426.0,758.0
46.2558,-122.0,754.0
46.2606,455.0,758.0
46.2658,230.0,750.0
46.2706,-231.0,754.0
46.2756,23.0,744.0
46.2806,8.0,742.0
46.2857,-612.0,750.0
46.2907,-125.0,750.0
46.2956,1000.0,758.0
46.3006,489.0,764.0
46.3056,-816.0,766.0
46.3107,-682.0,768.0
46.3157,304.0,766.0
46.3206,432.0,762.0
46.3262,-36.0,760.0
46.3306,141.0,756.0
46.3357,309.0,750.0
46.3406,-596.0,758.0
46.3456,-869.0,762.0
46.3507,513.0,766.0
46.3562,1222.0,782.0
46.3611,94.0,782.0
46.3657,-1073.0,798.0
46.3707,-720.0,804.0
46.3756,516.0,810.0
46.3806,847.0,816.0
46.3856,-22.0,816.0
46.3912,-600.0,820.0
46.3957,-35.0,820.0
46.4014,629.0,828.0
46.4056,-92.0,826.0
46.4107,-1118.0,842.0
46.4156,-30.0,834.0
46.4206,1474.0,856.0
46.4257,242.0,848.0
46.4308,-1311.0,866.0
46.4357,-147.0,864.0
46.4407,963.0,878.0
46.4456,-121.0,878.0
46.4506,-796.0,882.0
46.4556,93.0,880.0
46.4606,737.0,876.0
46.4656,384.0,880.0
46.4707,-515.0,874.0
46.4756,-951.0,888.0
46.4811,62.0,880.0
46.4858,1125.0,896.0
46.4906,340.0,896.0
46.4956,-828.0,906.0
46.5006,-363.0,910.0
46.5058,366.0,908.0
46.5111,-16.0,902.0
46.5156,-8.0,888.0
46.5207,586.0,892.0
46.5256,-124.0,880.0
46.5306,-1053.0,894.0
46.5355,68.0,888.0
46.5407,1218.0,900.0
46.5458,-50.0,896.0
46.5508,-1163.0,906.0
46.5563,160.0,892.0
46.5668,1041.0,906.0
46.5672,-269.0,894.0
46.5717,-882.0,908.0
46.5757,360.0,908.0
46.5811,808.0,920.0
46.5858,-437.0,924.0
46.5909,-934.0,934.0
46.5957,329.0,934.0
46.6008,1045.0,942.0
46.6057,-10.0,942.0
46.6108,-907.0,946.0
46.6162,-257.0,942.0
46.6207,730.0,950.0
46.6263,393.0,944.0
46.6312,-752.0,946.0
46.6359,-574.0,944.0
46.6407,723.0,938.0
46.6457,665.0,946.0
46.6522,-472.0,938.0
46.6559,-289.0,938.0
46.6627,414.0,940.0
46.6663,-382.0,942.0
46.6712,-827.0,950.0
46.6756,714.0,958.0
46.6807,1212.0,970.0
46.6856,-581.0,972.0
46.6906,-949.0,982.0
46.6957,520.0,984.0
46.7008,207.0,984.0
46.7056,-873.0,992.0
46.7107,262.0,988.0
46.7157,1333.0,1000.0
46.7207,-53.0,992.0
46.7263,-1374.0,1002.0
46.7306,-513.0,1006.0
46.7356,864.0,1008.0
46.7407,821.0,1018.0
46.7457,-234.0,1014.0
46.7511,-643.0,1020.0
46.7557,-35.0,1018.0
46.7606,304.0,1018.0
46.7658,-59.0,1016.0
46.7712,-143.0,1016.0
46.7757,191.0,1012.0
46.7807,124.0,1010.0
46.7856,-90.0,1004.0
46.7906,31.0,1002.0
46.7956,-193.0,996.0
46.8018,-483.0,1004.0
46.8066,234.0,1004.0
46.8107,1008.0,1018.0
46.8158,270.0,1016.0
46.8206,-1117.0,1030.0
46.8258,-954.0,1032.0
46.8308,591.0,1036.0
46.8357,1098.0,1032.0
46.8418,147.0,1034.0
46.8456,-516.0,1020.0
46.8507,-440.0,1026.0
46.8558,-181.0,1012.0
46.8608,168.0,1014.0
46.8667,376.0,1010.0
46.8707,207.0,1012.0
46.8757,-147.0,1010.0
46.8814,-317.0,1012.0
46.8857,-28.0,1012.0
46.8908,257.0,1008.0
46.8957,-42.0,1008.0
46.9013,-272.0,1004.0
46.9056,193.0,1004.0
46.9107,382.0,1006.0
46.9158,-239.0,1010.0
46.9207,-496.0,1018.0
46.9256,99.0,1010.0
46.9307,598.0,1016.0
46.9365,228.0,1004.0
46.9416,-631.0,1006.0
46.946,-608.0,1004.0
46.9508,446.0,1000.0
46.9559,819.0,1008.0
46.9606,-55.0,1002.0
46.9656,-765.0,1014.0
46.9708,-245.0,1016.0
46.9756,540.0,1018.0
46.9807,213.0,1012.0
46.9856,-285.0,1004.0
46.9906,101.0,998.0
46.9955,99.0,980.0
47.0012,-482.0,986.0
47.0056,-26.0,970.0
47.0106,740.0,970.0
47.0158,36.0,962.0
47.0208,-811.0,962.0
47.0257,-65.0,962.0
47.0307,713.0,964.0
47.0355,65.0,964.0
47.0406,-489.0,962.0
47.0457,28.0,962.0
47.0508,226.0,948.0
47.0559,-248.0,950.0
47.0608,-46.0,928.0
47.0658,474.0,932.0
47.0706,9.0,912.0
47.0756,-544.0,918.0
47.0819,-54.0,904.0
47.0857,470.0,910.0
47.0906,85.0,898.0
47.0964,-361.0,902.0
47.1006,-82.0,892.0
47.1056,223.0,890.0
47.1106,29.0,882.0
47.1157,20.0,868.0
47.1207,162.0,868.0
47.1261,-305.0,856.0
47.1316,-469.0,858.0
47.1358,415.0,852.0
47.1407,659.0,856.0
47.1456,-291.0,856.0
47.1506,-561.0,864.0
47.1564,132.0,866.0
47.1606,274.0,860.0
47.1659,-115.0,860.0
47.1715,-39.0,844.0
47.1755,168.0,846.0
47.1806,-45.0,828.0
47.1856,-139.0,830.0
47.1906,82.0,812.0
47.1957,57.0,810.0
47.2006,-123.0,796.0
47.2056,-23.0,792.0
47.2106,116.0,780.0
47.2155,10.0,776.0
47.2205,-68.0,764.0
47.2257,60.0,758.0
47.2308,41.0,744.0
47.2357,-193.0,742.0
47.2408,-61.0,726.0
47.2456,298.0,730.0
47.2507,90.0,718.0
47.2558,-263.0,718.0
47.2606,-24.0,708.0
47.2656,105.0,702.0
47.2706,-188.0,694.0
47.2755,16.0,686.0
47.2806,405.0,680.0
47.2859,-6.0,670.0
47.2908,-396.0,668.0
47.2956,-29.0,664.0
47.3006,142.0,660.0
47.3055,-54.0,656.0
47.3113,115.0,644.0
47.3156,210.0,636.0
47.3206,-173.0,620.0
47.326,-238.0,614.0
47.3309,104.0,602.0
47.3355,71.0,594.0
47.3408,-94.0,592.0
47.347,132.0,582.0
47.3506,170.0,580.0
47.3557,-189.0,562.0
47.3608,-177.0,564.0
47.3656,111.0,544.0
47.3708,17.0,536.0
47.3756,-79.0,524.0
47.3806,177.0,514.0
47.3856,173.0,512.0
47.3906,-200.0,506.0
47.3956,-255.0,510.0
47.4006,36.0,506.0
47.4056,188.0,508.0
47.4106,146.0,508.0
47.4156,-3.0,504.0
47.4209,-194.0,506.0
47.4258,-175.0,506.0
47.4307,82.0,508.0
47.4358,236.0,508.0
47.4406,80.0,502.0
47.4455,-153.0,500.0
47.4507,-154.0,488.0
47.4556,17.0,484.0
47.461,105.0,468.0
47.4656,49.0,454.0
47.4707,-30.0,444.0
47.4756,-19.0,428.0
47.4805,17.0,426.0
47.4856,-37.0,418.0
47.4906,-50.0,412.0
47.4956,65.0,410.0
47.5006,63.0,408.0
47.5056,-57.0,404.0
47.5106,-3.0,400.0
47.5156,32.0,398.0
47.5208,-133.0,396.0
47.5256,-11.0,396.0
47.5313,270.0,396.0
47.5356,6.0,396.0
47.541,-313.0,396.0
47.5457,-8.0,394.0
47.5513,244.0,390.0
47.556,-2.0,388.0
47.5606,-122.0,382.0
47.5657,28.0,380.0
47.5707,20.0,372.0
47.5756,-50.0,368.0
47.5806,25.0,358.0
47.5856,47.0,350.0
47.5906,-21.0,344.0
47.5956,-17.0,330.0
47.6006,-5.0,330.0
47.6064,-22.0,318.0
47.6107,28.0,316.0
47.6156,51.0,308.0
47.6207,-39.0,304.0
47.6256,-51.0,302.0
47.6317,52.0,300.0
47.6361,33.0,300.0
47.6406,-68.0,292.0
47.6462,-21.0,292.0
47.6514,58.0,282.0
47.6557,24.0,282.0
47.661,-10.0,270.0
47.6656,-20.0,268.0
47.6706,-41.0,258.0
47.6756,-1.0,258.0
47.6807,54.0,250.0
47.6861,23.0,250.0
47.6905,-25.0,248.0
47.6956,-19.0,244.0
47.7006,-5.0,244.0
47.7055,-9.0,236.0
47.7113,9.0,236.0
47.7156,40.0,228.0
47.7206,11.0,228.0
47.7256,-53.0,220.0
47.7306,-30.0,220.0
47.7356,41.0,214.0
47.7407,24.0,214.0
47.7456,-17.0,210.0
47.7505,10.0,210.0
47.7556,9.0,210.0
47.7606,-48.0,208.0
47.7658,-30.0,204.0
47.7707,55.0,198.0
47.7756,59.0,192.0
47.7806,-30.0,182.0
47.7856,-67.0,178.0
47.7906,4.0,170.0
47.7955,63.0,170.0
47.8007,7.0,164.0
47.8058,-78.0,164.0
47.8107,-28.0,164.0
47.8156,112.0,164.0
47.8206,64.0,164.0
47.8256,-121.0,164.0
47.8319,-88.0,164.0
47.8356,79.0,164.0
47.8405,65.0,162.0
47.8457,-18.0,162.0
47.8514,-14.0,162.0
47.8556,-19.0,162.0
47.8606,-28.0,160.0
47.8672,34.0,160.0
47.8706,60.0,160.0
47.8756,-29.0,158.0
47.8806,-85.0,158.0
47.8858,-8.0,154.0
47.8906,53.0,154.0
47.8964,61.0,150.0
47.9007,54.0,150.0
47.9056,-75.0,150.0
47.9108,-152.0,150.0
47.9158,30.0,150.0
47.9206,137.0,146.0
47.9256,25.0,146.0
47.9308,-11.0,140.0
47.9355,-25.0,140.0
47.9409,-131.0,140.0
47.9457,-47.0,140.0
47.9507,199.0,140.0
47.9557,148.0,140.0
47.9607,-164.0,140.0
47.9656,-200.0,140.0
47.9718,62.0,138.0
47.9757,160.0,140.0
47.9806,53.0,140.0
47.9857,-57.0,138.0
47.9906,-154.0,138.0
47.9958,-46.0,136.0
48.0008,216.0,136.0
48.0061,116.0,136.0
48.0113,-220.0,140.0
48.0166,-139.0,140.0
48.0205,179.0,140.0
48.0266,120.0,140.0
48.0314,-121.0,138.0
48.0356,-88.0,136.0
48.0406,55.0,136.0
48.0456,56.0,134.0
48.0506,9.0,132.0
48.0556,-13.0,132.0
48.0607,-45.0,130.0
48.0657,-36.0,128.0
48.0705,39.0,126.0
48.0757,59.0,124.0
48.0817,-27.0,124.0
48.0858,-38.0,122.0
48.0906,58.0,120.0
48.0955,8.0,120.0
48.1006,-134.0,120.0
48.1055,-9.0,120.0
48.1106,208.0,122.0
48.1157,25.0,122.0
48.1206,-242.0,126.0
48.1262,21.0,126.0
48.1306,251.0,128.0
48.1356,-156.0,130.0
48.1408,-270.0,134.0
48.1457,258.0,136.0
48.1515,269.0,140.0
48.1556,-210.0,144.0
48.1607,-183.0,144.0
48.1656,70.0,146.0
48.1708,0.0,142.0
48.1763,0.0,140.0
48.1807,220.0,140.0
48.1856,75.0,140.0
48.1906,-361.0,142.0
48.1957,-215.0,146.0
48.2007,320.0,148.0
48.2055,275.0,152.0
48.2113,-119.0,154.0
48.2158,-195.0,156.0
48.2206,-98.0,158.0
48.2256,22.0,158.0
48.2308,199.0,160.0
48.2356,154.0,162.0
48.2406,-148.0,164.0
48.2456,-247.0,168.0
48.2505,-1.0,168.0
48.2556,218.0,170.0
48.2608,177.0,172.0
48.2658,-92.0,172.0
48.2707,-325.0,178.0
48.2755,-68.0,178.0
48.2808,378.0,182.0
48.2859,216.0,186.0
48.2906,-259.0,188.0
48.2962,-308.0,194.0
48.3007,-26.0,194.0
48.3055,273.0,198.0
48.3107,298.0,202.0
48.3156,-110.0,204.0
48.3206,-316.0,208.0
48.3255,-12.0,208.0
48.3305,44.0,208.0
48.3356,-108.0,208.0
48.3406,317.0,214.0
48.3456,471.0,220.0
48.3516,-544.0,230.0
48.3561,-824.0,242.0
48.3606,531.0,250.0
48.3656,878.0,262.0
48.3708,-358.0,268.0
48.3757,-601.0,276.0
48.3806,185.0,278.0
48.3856,230.0,282.0
48.3906,-29.0,282.0
48.3956,30.0,282.0
48.4009,-196.0,286.0
48.4056,-197.0,288.0
48.4106,487.0,294.0
48.4155,377.0,300.0
48.4209,-694.0,310.0
48.4256,-561.0,318.0
48.4305,634.0,328.0
48.4356,591.0,336.0
48.4406,-322.0,340.0
48.4456,-363.0,344.0
48.4505,-19.0,344.0
48.4563,-2.0,344.0
48.4606,224.0,346.0
48.4656,246.0,348.0
48.4707,-306.0,350.0
48.4757,-181.0,352.0
48.4806,413.0,358.0
48.4858,-91.0,360.0
48.4908,-614.0,368.0
48.496,241.0,372.0
48.5009,716.0,382.0
48.5066,-144.0,384.0
48.5106,-505.0,392.0
48.5156,39.0,392.0
48.5207,109.0,392.0
48.5256,-123.0,394.0
48.5306,116.0,394.0
48.5355,270.0,398.0
48.5407,-28.0,398.0
48.5458,-244.0,400.0
48.5508,-188.0,400.0
48.5559,-8.0,400.0
48.5609,279.0,402.0
48.5655,344.0,408.0
48.571,-160.0,410.0
48.5756,-519.0,418.0
48.5806,-53.0,416.0
48.5856,368.0,422.0
48.5907,170.0,422.0
48.5955,8.0,418.0
48.6017,-111.0,418.0
48.6056,-316.0,420.0
48.6106,-27.0,420.0
48.6156,338.0,422.0
48.6205,53.0,422.0
48.6257,-114.0,422.0
48.6317,116.0,422.0
48.6358,-130.0,424.0
48.6406,-349.0,426.0
48.6456,205.0,428.0
48.6507,458.0,430.0
48.6564,-102.0,430.0
48.661,-382.0,434.0
48.6658,-19.0,432.0
48.6705,184.0,432.0
48.6757,14.0,432.0
48.6814,-30.0,432.0
48.6857,18.0,430.0
48.6906,88.0,432.0
48.6966,213.0,436.0
48.7016,-288.0,438.0
48.7062,-789.0,450.0
48.7105,369.0,456.0
48.7157,1367.0,476.0
48.7206,-244.0,480.0
48.7256,-1538.0,504.0
48.7306,37.0,502.0
48.7356,1201.0,522.0
48.7406,104.0,520.0
48.7461,-591.0,530.0
48.7506,-114.0,528.0
48.7556,98.0,530.0
48.7606,38.0,526.0
48.7656,58.0,528.0
48.7707,26.0,524.0
48.7757,0.0,522.0
48.7806,-84.0,518.0
48.7857,-63.0,516.0
48.7906,214.0,514.0
48.7957,107.0,512.0
48.8008,-354.0,516.0
48.8056,-185.0,518.0
48.8108,349.0,522.0
48.8158,192.0,526.0
48.8206,-246.0,526.0
48.8257,-16.0,526.0
48.8308,250.0,524.0
48.8365,-172.0,522.0
48.8406,-356.0,524.0
48.8456,126.0,520.0
48.8508,345.0,524.0
48.8556,72.0,522.0
48.8608,-152.0,524.0
48.8659,-138.0,526.0
48.8706,-45.0,522.0
48.8765,25.0,520.0
48.8808,132.0,520.0
48.8859,94.0,518.0
48.8907,-226.0,522.0
48.8956,-207.0,522.0
48.9008,398.0,524.0
48.9056,404.0,530.0
48.9106,-387.0,530.0
48.9157,-457.0,536.0
48.9215,37.0,532.0
48.9256,51.0,528.0
48.9306,234.0,528.0
48.9357,533.0,532.0
48.9406,-64.0,532.0
48.9457,-671.0,538.0
48.9507,-190.0,538.0
48.9556,287.0,540.0
48.9606,15.0,536.0
48.9657,117.0,536.0
48.9708,481.0,544.0
48.9757,-256.0,546.0
48.9807,-860.0,554.0
48.9856,327.0,552.0
48.9905,1019.0,560.0
48.9957,-501.0,554.0
49.0008,-1096.0,564.0
49.0058,613.0,560.0
49.0106,1032.0,570.0
49.0167,-515.0,568.0
49.0209,-648.0,576.0
49.0255,332.0,578.0
49.0306,-10.0,578.0
49.0358,-223.0,580.0
49.0409,697.0,588.0
49.0456,284.0,590.0
49.0505,-1082.0,598.0
49.0558,-570.0,602.0
49.0607,822.0,604.0
49.0656,866.0,608.0
49.0707,54.0,600.0
49.0756,-757.0,602.0
49.0806,-913.0,612.0
49.0856,197.0,608.0
49.0907,1041.0,624.0
49.0956,221.0,628.0
49.1006,-419.0,630.0
49.106,128.0,630.0
49.1106,-180.0,628.0
49.1156,-1060.0,640.0
49.1206,1.0,634.0
49.1256,1674.0,660.0
49.1307,790.0,662.0
49.1356,-1425.0,680.0
49.1415,-1281.0,690.0
49.1455,741.0,698.0
49.1507,918.0,706.0
49.1555,-440.0,712.0
49.1605,-66.0,710.0
49.1656,724.0,720.0
49.1709,-582.0,728.0
49.1756,-996.0,738.0
49.1806,804.0,750.0
49.1857,727.0,758.0
49.1906,-922.0,770.0
49.1956,-232.0,774.0
49.2007,1177.0,788.0
49.2057,192.0,784.0
49.2106,-1279.0,802.0
49.2156,-681.0,804.0
49.2206,799.0,816.0
49.2258,1146.0,828.0
49.2308,133.0,828.0
49.2361,-1183.0,846.0
49.2406,-883.0,858.0
49.2456,988.0,870.0
49.2506,1095.0,886.0
49.2558,-935.0,896.0
49.2613,-1043.0,910.0
49.2657,968.0,924.0
49.2705,979.0,938.0
49.2756,-849.0,948.0
49.2806,-733.0,954.0
49.2858,726.0,962.0
49.2907,316.0,960.0
49.2956,-825.0,972.0
49.3014,-224.0,970.0
49.3055,888.0,982.0
49.3107,722.0,992.0
49.3161,-505.0,1000.0
49.3206,-1346.0,1020.0
49.3256,-147.0,1022.0
49.3306,1508.0,1044.0
49.3358,434.0,1048.0
49.3407,-1257.0,1062.0
49.3458,-139.0,1052.0
49.3509,1005.0,1062.0
49.3556,-341.0,1046.0
49.3606,-834.0,1056.0
49.3657,657.0,1042.0
49.3706,638.0,1050.0
49.3758,-793.0,1044.0
49.3806,-551.0,1052.0
49.3857,818.0,1056.0
49.3906,726.0,1064.0
49.3956,-721.0,1074.0
49.4008,-1034.0,1090.0
49.4058,515.0,1098.0
49.4106,1215.0,1116.0
49.4156,-266.0,1120.0
49.421,-1145.0,1136.0
49.4255,1.0,1136.0
49.4306,877.0,1146.0
49.4357,278.0,1148.0
49.4406,-461.0,1150.0
49.4459,-459.0,1154.0
49.4506,-121.0,1150.0
49.4555,383.0,1154.0
49.4606,787.0,1162.0
49.4658,-30.0,1162.0
49.4706,-1251.0,1178.0
49.4756,-377.0,1182.0
49.4808,1256.0,1196.0
49.4859,476.0,1200.0
49.4907,-945.0,1210.0
49.4956,-152.0,1212.0
49.5006,746.0,1220.0
49.5056,-270.0,1222.0
49.5106,-825.0,1236.0
49.5156,401.0,1240.0
49.5207,988.0,1254.0
49.5256,-170.0,1256.0
49.5306,-961.0,1268.0
49.5356,-164.0,1266.0
49.5415,617.0,1270.0
49.5457,240.0,1268.0
49.5506,-191.0,1264.0
49.5556,11.0,1258.0
49.5607,60.0,1258.0
49.5658,-271.0,1260.0
49.571,-208.0,1260.0
49.5756,248.0,1256.0
49.5806,292.0,1260.0
49.5857,10.0,1250.0
49.5906,-121.0,1248.0
49.5959,-293.0,1248.0
49.6011,-199.0,1252.0
49.6058,453.0,1256.0
49.6106,455.0,1256.0
49.6156,-478.0,1260.0
49.6206,-497.0,1254.0
49.6256,453.0,1256.0
49.6307,294.0,1244.0
49.6356,-498.0,1244.0
49.6406,93.0,1228.0
49.6456,709.0,1230.0
49.6506,-470.0,1222.0
49.6557,-1021.0,1230.0
49.6617,554.0,1228.0
49.6656,1160.0,1240.0
49.6716,-318.0,1246.0
49.6756,-890.0,1256.0
49.6811,115.0,1248.0
49.6874,322.0,1248.0
49.6906,-252.0,1234.0
49.6957,134.0,1228.0
49.7007,600.0,1224.0
49.7059,-237.0,1214.0
49.7107,-869.0,1228.0
49.7157,124.0,1218.0
49.7207,1072.0,1220.0
49.7267,92.0,1218.0
49.7307,-1293.0,1222.0
49.7357,-493.0,1226.0
49.7407,1296.0,1240.0
49.747,950.0,1252.0
49.7513,-903.0,1264.0
49.7556,-1100.0,1264.0
49.7606,439.0,1272.0
49.7655,879.0,1260.0
49.7707,-299.0,1252.0
49.7758,-575.0,1238.0
49.7806,388.0,1224.0
49.7856,351.0,1218.0
49.7906,-396.0,1210.0
49.7959,-146.0,1206.0
49.8009,240.0,1208.0
49.8056,-69.0,1198.0
49.8106,15.0,1190.0
49.8157,270.0,1178.0
49.8206,-292.0,1170.0
49.8257,-459.0,1166.0
49.8307,459.0,1158.0
49.8358,591.0,1164.0
49.8406,-412.0,1152.0
49.8457,-585.0,1158.0
49.8507,166.0,1140.0
49.8557,430.0,1136.0
49.8607,187.0,1128.0
49.8658,-158.0,1112.0
49.8707,-495.0,1118.0
49.8756,-189.0,1102.0
49.8806,548.0,1096.0
49.8858,450.0,1088.0
49.8907,-298.0,1076.0
49.8957,-429.0,1068.0
49.9006,-9.0,1052.0
49.906,194.0,1040.0
49.9105,163.0,1028.0
49.9156,-45.0,1014.0
49.9206,-276.0,1008.0
49.9258,110.0,998.0
49.9306,553.0,1002.0
49.9356,-223.0,992.0
49.9406,-959.0,1004.0
49.9457,192.0,992.0
49.9508,1279.0,1002.0
49.9556,-14.0,994.0
49.9606,-1318.0,994.0
49.9665,-170.0,994.0
49.9706,1025.0,986.0
49.9758,200.0,982.0
49.9808,-574.0,972.0
49.9858,-48.0,970.0
49.9906,258.0,958.0
49.9955,-146.0,956.0
50.0008,-244.0,946.0
